ts,token,sembol,pair,dex,pair_olusma,fiyat,liq,fdv,mcap,vol_m5,vol_h1,vol_h6,vol_h24,al_m5,sat_m5,al_h1,sat_h1,al_h6,sat_h6,al_h24,sat_h24,deg_m5,deg_h1,deg_h6,deg_h24,boost,n_web,n_sosyal,n_pair,etiket,gt_ts,alici_m5,satici_m5,alici_h1,satici_h1,alici_h6,satici_h6,alici_h24,satici_h24,kilitli_liq
1791075703,u24BzZQ7QSQDC3HMUE7dig9fWSUqkZbQuvLsw811Hue,OMEN,6pvBaeq7eR9e56V63aYqJPLup5YnjrSDEnUYTWPZPqoX,raydium,1789152670,0.00003047,15626.25,30479,30479,88.75,170.15,1003.22,1708.7,0,2,0,6,7,21,14,31,-2.25,-4.21,-8.03,-15.19,0,2,2,1,CPMM,,,,,,,,,,
1791075697,G1jonmoSEbMJSwEg1AmgDAJq2utmuBSZct8oqttBf9rT,GRAMS,FxeRAf7vpaHjH2pzPQhR5bdh85gMLni11k7izjwaJMAa,raydium,1789149132,0.0003376,70562.59,337676,337676,0,14.66,1579.76,9803.77,0,0,0,1,6,10,40,30,,0.92,-5.46,-10.87,0,3,2,1,CPMM,,,,,,,,,,
1791075678,4t58A221u1fMfxy3KgeZ8oRhQKQjTghUYFWZZ9rZpump,FATMUSIC,Ea56cDwWjp2L5YXbor5Hd4FjRQcXwS4UGPyh3pg2XdgZ,pumpswap,1789188175,0.00001727,10534.61,16602,16602,0,86.71,148.62,605.26,0,0,0,1,2,4,12,8,,-1.7,-2.76,2.61,0,0,2,1,,,,,,,,,,,
1791075678,4tkupXEGfbYPCVN37CagviJd3tgWnudT9avKZvouT3Dm,HEV,Bkkau4CqFzUjyqLb5mfTXkpwBCknbMQYLBbwuQWNNJHU,raydium,1789153968,0.0001109,37280.34,110997,110997,0,13.17,499.46,1570.39,0,0,2,3,12,16,46,43,,-0.02,-1.02,-9.03,0,1,1,1,CLMM,,,,,,,,,,
1791075691,CdAoD87kYKHbtRFawiSqQJMX1pbKisoG7Ha1oJ47kB26,DKNG,6zCSdnTE8c3KXWuosxSnBt4wWsN9zTA73umKijP2p6au,raydium,1789157181,0.00001951,11869.19,19511,19511,0,43.72,798.09,3077.58,0,0,2,0,9,3,28,19,,0.54,-14.16,-3.39,0,1,2,1,CPMM,,,,,,,,,,
1791075675,2fRDA5f353VXLs2PeLJNqqHqTMhrjJunAXmWWpLkpump,Duplicate,DtbMVnPihodk3ch6T1yZKPPLXYoQX3MAc6zRUWTCmEwr,pumpswap,1789157984,0.000004140,4310.83,4105,4105,0,0,12.25,38.19,0,0,0,0,8,7,20,27,,,1.01,0.27,0,1,1,1,,,,,,,,,,,
1791075693,DqBXBtPeMoP77D7jhCTqpBvjvHTGWDJATeo5qnvxpump,LCMM,EqdAAxivyf6v5cqP4WdLQcvw2d3y4fF5w7KSQ1ytJBT8,pumpswap,1788992683,0.0002096,40203.66,202388,202388,0,0,41.93,46.62,0,0,0,0,0,1,1,1,,,-1.17,-1.17,0,1,1,1,,,,,,,,,,,
1791075677,4MMQY9bwkxxTtsK3W227Q5ABT6yFY8Pmn9Ze7wmAXKY8,ALLINU,4iVHkn5WhmGwrKb2fYFNPnTkqhwYTEEezvsju9YEBY76,meteora,1789160200,0.006185,275814.32,6185964,6185964,14330.91,39546.45,318990.55,772048.4,7,33,40,104,477,441,1522,1382,-2.78,6.52,6.07,5.77,0,1,1,1,DLMM,,,,,,,,,,
1791075702,Tqwy8EU5zZ3cmYjMDE9SF46Bz5e5eFuihBhe7nH9iyY,CASINU,12Mn4w8EmBaV5kdansvrvSnqCHuRBJVVAXzKMcJCD3As,raydium,1789160380,0.000005709,5934.77,5709,5709,0,0,154.66,3382.27,0,0,0,0,1,1,38,32,,,13.44,7.96,0,0,1,1,CPMM,,,,,,,,,,
1791075674,2QRqp5k3uefWisqCXSpSRWmMPu5pWFfEP9JXXbSA6ALL,ALLDOG,6QA6nMogzms87YjRGVQNZA2PEDyobw1ppfxEXEEC5WPc,pumpswap,1789160767,0.000003132,3104.27,3000,3000,0,0,0,1.41,0,0,0,0,0,0,0,4,,,,0.54,0,1,0,1,,,,,,,,,,,
1791075685,8d3bQS9vNy3BfqK9dX95JRoaTbWoiuL2hzmSFLDopump,AILE,PibATxvKbXFdzrugGGZSz8CLrX35h9v6EZ9bo99TK4z,pumpswap,1789155426,0.0002925,51939.05,276334,276334,262.15,2019.63,20410.35,34287.67,2,1,8,3,72,96,144,171,-1.79,-12.06,34.12,68.47,0,2,1,1,,,,,,,,,,,
1791075679,5NpqLcNaKSHMvmdo23pukuRAhKrQzqqBuXvrSt2yjsMZ,STONK,BZDqUoSdwbW4v2NoPYbqwFUYrgpGVafbaNwYt13hz3gQ,raydium,1789163584,0.000003892,6564.18,3893,3893,0,0,143.04,143.04,0,0,0,0,0,2,0,2,,,-4.24,-4.24,0,1,2,1,CPMM,,,,,,,,,,
1791075693,Dqdshp9irA9fhXkBpi5GaMUk3HEf3aTevVim94S3Hj2m,GODFATHER,Gnr7umvnRD8Df1v86skMcuFgauuAWob45skD4akQ1tuV,raydium,1789159588,0.00003440,15479.53,33398,33398,0,0,4.98,317.89,0,0,0,0,1,1,9,5,,,-0.01,-1.73,0,1,2,1,CPMM,,,,,,,,,,
1791075697,FgJReZeYfmKZeWrCaGYL8gLnUixwBhjdHuRknC6ypump,Doggo,DBqbqUehE6kr9c4oGvoESs9JJWJJRoVLgCcSPEePD5qT,pumpswap,1788799323,0.00001337,11361.22,12951,12951,251.36,251.36,1303.39,3175.77,0,1,0,1,32,15,69,30,-3.31,-3.31,-8.86,4.09,0,1,3,1,,,,,,,,,,,
1791075689,Aw6fiDPWLUnjSsJQtsyEMSaoPaKAUUrStAsYPiPwpump,Anonymouse,CBfWfU1DBUbTJ2Y475idxxidxwUDnPNzFEVnMFbo4Ge9,pumpswap,1788771624,0.00001058,9336.77,10081,10081,0.14,629.35,729.93,1889.16,1,0,16,4,24,10,57,27,0.08,-13.12,-15.21,-34.22,0,1,1,1,,,,,,,,,,,
1791075698,GWTP6M5bxhaJ1k2Kxvf8hhYaHE6jZMhh4cKzFuCpnc83,USEFUL,FZuTAARDYJapX7HqniQEzzDboNY8RT4FXCrakVFJap2R,raydium,1788621660,0.0004381,86349.39,438110,438110,0,4581.5,111122.78,194907,0,0,15,21,341,290,731,607,,18.81,-4.81,-6.9,0,1,2,1,CLMM,,,,,,,,,,
1791075699,Gt9brNVXP7gdGtUqZLcJAhbZTjLEcKrA53F18fRSEeAp,ㅤ,H2KJ699rzrbiH8D8E1gQ6J86wLZTTVkrpB9RhXaWnZ54,raydium,1789169582,0.00005567,27778.28,55673,55673,0.74,354.47,3403.24,14579.79,1,0,6,2,52,28,155,92,0.07,2.88,-22.44,-44.2,0,1,0,1,CPMM,,,,,,,,,,
1791075691,CdixZU5dNFGXZ2jojQjree5EyynrsJ4GjDdXvZEVSLyX,POLYFLY,FJ1zwfRxSHXp6HJN9AJ4U6V64Gzs3Zfs2pwkyLX5gFyQ,raydium,1789166107,0.000004364,6268.57,4365,4365,0,0,0,2,0,0,0,0,0,0,0,3,,,,,0,1,1,1,CPMM,,,,,,,,,,
1791075676,3URpNcV9wAPjwMAyuBsPjwwkGN9wFJuwcRs3RMbdpair,PAIRZ,8XXnvNEMU3UoMRPWY2KJBW5z1T2KKj6vH9WYJfcGDqYQ,pumpswap,1788582799,0.000004159,4180.81,4003,4003,0,0,5.09,12.29,0,0,0,0,12,5,20,13,,,-1.31,0.79,0,1,1,1,,,,,,,,,,,
1791075695,Ey98zzqZ67xVWUqss6iErHTGzZCXpKuzsqaQDNzm2Yoe,SCAT,xsVtV8h1xmB8SskSFjDJH3TujnCW6uLznsnMHjza14m,raydium,1789171390,0.000006014,8681,6015,6015,0,0,101.7,592.41,0,0,0,0,0,1,3,6,,,-3.96,-6.22,0,1,1,1,CPMM,,,,,,,,,,
1791075702,dgRAuQe8Pw11wdYZzQST8goZgY34LPdCs3kxaYAQPJx,TENDIES,AcvisuNxub12XHXaQPmsTV1uQAGLEfvKZAqBDUoPK8s2,raydium,1789120548,0.000003030,4773.35,3030,3030,0,0,0,34.97,0,0,0,0,0,0,1,2,,,,-0.96,0,1,1,1,CPMM,,,,,,,,,,
1791075684,8LstZpZuR9Dy7JCZC3YwPEWtbYhuDVFAYV37r6ZAcuHz,OS,5dYsxy1hJ8DxejsfHJR9wyRsuLHw6wCLKk7idc1kszUn,raydium,1789167205,0.00001410,14341.23,14106,14106,0,0,0.25,5,0,0,0,0,0,1,1,4,,,-3.57,-6.49,0,1,2,1,CLMM,,,,,,,,,,
1791075698,G4vqe8KAcRGTb7Kc55n9sz43aR4ugTPdSeUnAXZhpump,PUMPCAT,4jsZwYyPcFcw1c1nDnvmdTq4Yds4CTQsusUYn1Bzhuku,pumpswap,1788985978,0.0002733,78028.93,268758,268758,0,260.95,3817.66,24196.96,0,0,0,2,27,23,143,119,,-3.88,-6.87,10.72,0,2,1,1,,,,,,,,,,,
1791075683,7wCM5K4ziHmrbjGe5QFhBqBME2fH82dn4Wfx8vhKSTNK,BUTTPLUG,Hf41uzMphPjeYmxw16S4Tk8pg27BrNCoaEDeJ8e22SKX,raydium,1789006174,0.00001868,13416.22,18685,18685,0,0,665.83,1264.68,0,0,0,0,3,4,17,12,,,5.1,1.84,0,1,1,1,CPMM,,,,,,,,,,
1791075684,8PBCyTAd61JuVvUdzT3CgYmyc7v8c3dP9xoP7p9m2gGL,WAGMI,AyrtFCtDsvJa5MTdoCr3rHCpAANYoQhqm9N7HQktHxZ2,raydium,1789172305,0.000003356,4261.7,3357,3357,0,0,42.14,126.14,0,0,0,0,0,1,0,2,,,-7.36,-7.36,0,1,0,1,CPMM,,,,,,,,,,
1791075701,J1U1BWkVUDtujjkew4fCGwvUteeaJwDirEkuPcYCgALL,ALLCAT,5ZaeDM3kecqCgJBx8LWGapmgW3ncv6Ldvmcmbhqy9ZUc,pumpswap,1789159703,0.000005884,5856.16,5706,5706,0,13,13.33,178.44,0,0,1,0,1,2,9,7,,1.68,1.47,5.09,0,1,1,1,,,,,,,,,,,
1791075678,4nCmpwne7hCoWTSpAd54uENmCgHJrHTyn4DMPCEMpump,SDICE,B88u4SDr4GdM6nnfeWdDqGE4VaU3naxtYPnSunECZpGE,pumpswap,1788856153,0.0001205,31096.3,116239,116239,0,2.44,755.38,3528.03,0,0,2,6,4,11,33,26,,-1.11,-8.46,1.7,0,1,1,1,,,,,,,,,,,
1791075680,5oYikwfp6WBso6faBoYRvLuzSQc5cpDcg3xFm7XbVTdD,HaWG,8L9G8QBjeApa9FpYEFc2z7KkmVkoquiEfdJ21HaYTBPp,pumpswap,1789077985,0.0001513,35589.27,142210,142210,0,28.62,332.14,5332.15,0,0,0,2,10,10,46,24,,0.04,0.47,-21.08,0,1,2,1,,,,,,,,,,,
1791075696,F8ZreugBAokXk8wU5FUe2EbLhCHxDKMTx82pfZryHStT,STABLE,3omYN1QDue8eJuRdX91xeNY5ACmLTB1pR7z6joTiPbD8,raydium,1789179067,0.00002980,17255.87,29803,29803,0,32.59,1133.26,6221.05,0,0,3,1,29,9,90,40,,0.65,20.87,29.15,0,1,2,1,CPMM,,,,,,,,,,
1791075692,DBDqhnAi5MjaHsk1JyUonAtUUrmRBJPjJi3GdiBLpump,OGCALLERS,EvWn2BHHo1431m3sUGvcBv7QU1L5PLDdParJJtfjs3rE,pumpswap,1788640178,0.00003209,14418.94,30512,30512,0,26.41,76.77,3397.96,0,0,1,1,4,5,47,46,,0.5,1.88,25.76,0,1,1,1,,,,,,,,,,,
1791075691,CNTcaYTBBrSjYQXrWSL3T126eCjYnmvAhSwYBXBScLLM,​,Bg9DC5rDRBqtCZM9YTWxnisehoUooZ19SenaxEzDYfiV,raydium,1789233310,0.00002430,15598.92,24301,24301,0,21.43,690.94,3005.47,0,0,0,1,8,7,38,32,,-1.05,11.97,6.1,0,1,1,1,CPMM,,,,,,,,,,
1791075675,3BzHwZCLoaKMK3co1PDCAgFfeLKexTVJb2dWFX18BmKs,KUROMI,8PKmJbCoxcRNjgBjTkuUnHF6F9YK72EvrBRuybLBJSFg,raydium,1789245589,0.00002681,16177.91,26816,26816,0,1134.37,2281.2,2803.65,0,0,2,3,4,7,6,18,,23.74,0.9,-11.99,0,0,0,1,CPMM,,,,,,,,,,
1791075688,AVAwh5NJArC4aa6fGx6zrkpLChNEcGRxMjZS9P97k5Um,STONKSZN,5AMysRqX6btQ4ezxuEQYqkk29apAuxDCK4fFWdQYaxhN,raydium,1789062088,0.000009132,9191.04,9133,9133,0,0,0,0.98,0,0,0,0,0,0,1,0,,,,,0,0,2,1,CPMM,,,,,,,,,,
1791075690,BmhfH3W7JdEe7UGkw47m1EH8F6ov3M5jDc222ffK9Eeh,DCAT,4vCEftSpSWt5kc4DkQ9Ehhj3mxdnEkFutkDS8wjx6c6M,raydium,1789247041,0.000001050,1670.98,1050,1050,0,0,3.33,5.04,0,0,0,0,1,0,3,4,,,15.24,-12.78,0,1,1,1,CPMM,,,,,,,,,,
1791075678,4wmm49P3dgjmRhUx7hUS7fePTn3csSQzVXGxt6DKG113,CLCTV,96TnRrGCreVhwgaDRL2AnA1PfdAR18fyy7qRijhnpfU8,pumpswap,1789013902,0.000007416,6019.81,7148,7148,0,0,47.73,273.44,0,0,0,0,5,2,12,6,,,-21.5,-24.47,0,2,2,1,,,,,,,,,,,
1791075698,GAVNZKxbEt1sL5YHnR5gX9v1rNswJVTHH4ycYuoXpump,PUMPCHAN,7hx3FcNkUaBoG5VDxhFuzmeefrYPuyhUBbwRF7ASozgN,pumpswap,1789250905,0.000005380,5508.99,5162,5162,0,0,4.72,4.72,0,0,0,0,1,1,1,1,,,-3.47,-3.47,0,0,1,1,,,,,,,,,,,
1791075677,3uEVodfTeqLsBssjQ5VPEwwdsTwWCJGCd3FVyx7RUNVB,ISG,5NVx3SjDrTHaGD3XPFWTtkLFvmVBwW8nFv3Ut1cHBqpo,raydium,1789092123,0.00004907,18708.62,49077,49077,19.76,368.15,2268.48,10857.82,0,1,9,2,38,16,106,40,-0.46,-2.59,-24.03,-18.23,0,1,2,1,CPMM,,,,,,,,,,
1791075687,9eciHjJopku15zkke5GGdpPdfsDTqsfhQA9EibrApump,ZFBRAIN,Fw3eBy9DmEhtTt9X3pg7T5P3zoi5Dogo3bhRRDgzqP6T,pumpswap,1789254671,0.000003687,3755.93,3488,3488,0,0,0,4.44,0,0,0,0,0,0,1,2,,,,0.51,0,1,1,1,,,,,,,,,,,
1791075685,93oiJqw78EUpL4JAxKSb1rdnsZw69HQjgQQ9DVpPpump,PUMPDOG,7xNGzt2v3W9qBC6xBdQHqmgmEhFf6B8VMS5D3VReUrPN,pumpswap,1789254047,0.000002704,2792.54,2636,2636,0,0,4.78,27.02,0,0,0,0,7,4,16,15,,,-1.31,-0.04,0,1,2,1,,,,,,,,,,,
1791075678,4uFipPwF5cjUe2RxH71UwHA9YodLzR2ULX4cTBpTpump,JEWCAT,6a5o8uTN8Q4AmhtcQjAX6RJwVrLaFxd7PBtQKs7pE4sQ,pumpswap,1789256277,0.000005833,6105.99,5538,5538,0,0,1.19,1.19,0,0,0,0,0,1,0,1,,,,,0,0,1,1,,,,,,,,,,,
1791075691,CeMP2cLUhQWEXioy33vWk9nCsXv1qvgrZ87PtDaypump,THUNKER,4bhYg9N3CDYacfT8WwBPFkgJxDvMGHHABixpY2BzAb4d,pumpswap,1789250164,0.00001521,10917.72,14767,14767,0,0,268.41,1161.87,0,0,0,0,21,1,31,11,,,-8.33,-16.84,0,0,1,1,,,,,,,,,,,
1791075700,HHDuCwdk67cfJJKmohQ5ziw4JML9xFmB5u8r3kLXSAke,STONKBULL,EoZcwMsopX7nU8qmMZN4dhGpSqsPLDV6RtWXCRHjyAMt,raydium,1789254474,0.000002308,3623.72,2308,2308,0,0,0.34,0.52,0,0,0,0,0,1,0,2,,,-2.1,-2.1,0,1,1,1,CPMM,,,,,,,,,,
1791075682,6zoe9bgB1yQUe3NpeKxuZcGsYsiGdAxWEN4vyQD2rx9f,CAPY,8L4XSPHdTNXkLvgEwGTa2187DE98ruKWQeqFmCj7ddfE,raydium,1789238592,0.000005491,8235.97,5492,5492,0,0,23.04,25.48,0,0,0,0,0,1,0,2,,,-1.44,-1.44,0,0,1,1,CPMM,,,,,,,,,,
1791075695,EUTipzFepgT9614RaCQaKcqL2NnJFDmvpTcZTrXYpump,MPAIR,ETLDzT8HQBseCR6m6CDwmhWkg7CjbNHdPCmMVkchGDdg,pumpswap,1789258584,0.000004180,4615.52,4061,4061,0,0,46.96,53.03,0,0,0,0,2,1,2,4,,,1.67,2.18,0,1,1,1,,,,,,,,,,,
1791075692,DEbvZt2QRA8yqNj2Lvsn8JdWjTmZS4yajwpzYL4ypump,CATFLIGHT,29Mb1iF9Whpm2G1SXQkiZut9zs5NDBsgcf9bz9TzuFhC,pumpswap,1789256335,0.000003096,3500.25,3023,3023,0,1.9,33.64,104.46,0,0,5,1,39,22,86,66,,0.36,0.55,1.69,0,1,1,1,,,,,,,,,,,
1791075691,CRnmkD9UwUdMGNftBmE4DrFqKZ5NVi5ACDA4hQjwpump,Stable,kqTeFJ7E2YQESbHjWPJjNEZgWfGadWFh4KJv8A2cCsE,pumpswap,1789258644,0.000006626,6928.04,6553,6553,0,0,3.89,22.66,0,0,0,0,1,1,2,3,,,0.03,-0.29,0,0,0,1,,,,,,,,,,,
1791075692,D21NoqVeYvyrjnZ5to43pHF5xoKUwY7BSjcgsM6Uoebw,STONKNOTS,21VvvXiUsJ9ex2dVQk6pSC5VeYhkVE8j3hXhSJHC3F7x,raydium,1789259683,0.0000005953,598.05,595,595,0,0,2.54,2.87,0,0,0,0,0,2,2,2,,,-17.51,-21.43,0,0,0,1,CPMM,,,,,,,,,,
1791075692,DDoDYLQnxo8ppZBiZM5X981aUFmdM2Vi8RP3dSm4pump,HOBBES,4RirToptMYQSKVN6rgX7pZ3pugqqvHgdcFhDb97Bu2nv,pumpswap,1789260967,0.00001407,10242.44,13937,13937,0,0.09,141.35,162.6,0,0,0,1,4,2,8,8,,-4.03,8.08,9.15,0,0,1,1,,,,,,,,,,,
1791075692,Cp6AVzuSJ8pDCkYGBxAX3p9Dk77pHSsd35yHh19GJC3i,INCOGINU,7pVRredXKdvRXZCtjXLohTrutqsSnJUpvGfQry12zpAs,raydium,1788922164,0.00005001,23954.14,50017,50017,0,1.98,2449.57,8128.35,0,0,1,0,30,10,105,76,,-0.07,-22.61,-17.29,0,0,1,1,CPMM,,,,,,,,,,
1791075683,7tFbGa9wt4Q4yxNAdaDcTKahv4WPrJtXh6ty7gjWyKx3,JubJub,8myc52qh4zCDWXBnW9UxbJMs1cu6aNMcsa4VCK5Hw9R3,raydium,1789260719,0.0001698,45900.1,169831,169831,63.98,150.1,1231.93,6826.33,1,1,4,3,21,12,76,55,0.09,1.58,2.26,-11.95,0,1,2,1,CPMM,,,,,,,,,,
1791075699,GpTEmPGmgx9HDThCR44xMyJoXZkDYtzTkPs5zAY7YDcY,AMC,4e8nUMuLrD4y4YbrS4nVtFkbp9fnb5Y2Y4wtXCH1kQ2D,raydium,1789329221,0.000006871,8215.28,6871,6871,0,0,258.08,1181.28,0,0,0,0,6,8,20,29,,,-10.71,-25.17,0,1,2,1,CPMM,,,,,,,,,,
1791075686,9JKxJ57PDn4mfo4KPkVUiLQvt7bFFr9JostHLRpkckej,MARINE,EmcQyL137VPZs4czpgjTMtPcr4SVNWAJENQLKQGgyvUN,raydium,1789329116,0.000003148,5210.26,3149,3149,0,0,0,1.97,0,0,0,0,0,0,0,1,,,,,0,1,1,1,CPMM,,,,,,,,,,
1791075693,DSgjVUFC6NA59YuxiEDSxgs6zP4jjwSuoYJ3uS7WboeH,SATS,7YsZhszqm3pnzzabss3PDEbjHmR6BS4CxV4udt3wJFGR,raydium,1789334779,0.000006778,8373.26,6779,6779,0,0,249.87,728.07,0,0,0,0,1,2,1,8,,,-11.01,-27.8,0,1,2,1,CPMM,,,,,,,,,,
1791075681,6ssGtD5KUhzrENtn5BiEdTt4tcb6sfn7wPHRJyBYsp7N,PVE,Gs2SpB6kbpbB9s3MEJKn8TaDfjKiK3bnX4Z9cn67xr6C,pumpswap,1789335665,0.000004343,5052.48,4247,4247,0,0,4.13,9.18,0,0,0,0,1,1,2,3,,,-1.14,0.41,0,1,0,1,,,,,,,,,,,
1791075698,GBLYwo4vvqGDPkVJqwWfrvtPavEWb5zALmPphxQbJaLG,AGI,J1hNX1YwsDeYXpsGAozPz1wpBBkxdN8LhBeS1wCCUjAS,raydium,1789339416,0.000008442,8846.7,8442,8442,0,12.91,652.51,4313.76,0,0,0,2,3,9,28,41,,-0.62,-4.97,-27.18,0,1,2,1,CPMM,,,,,,,,,,
1791075678,55VWo7QQpqfYwratKUZHhSSnSghyTVCJx54yNoWVpump,PVE,8n4kibN1cfeA5rZA1ZgrGAhgR3nheYH2Zz6967psX6Tj,pumpswap,1789338154,0.000005402,6204.2,5191,5191,0,0,30.7,31.75,0,0,0,0,0,2,0,3,,,-0.17,-0.17,0,1,1,1,,,,,,,,,,,
1791075685,8rwjpb75Y3r22va4rsYQB13rqqqUhhuPZZhiX29Gk5aH,PVE,26tLTbnpHE1hi4GsadtbgaG8fdbJYJHwwrLnow4oZChm,raydium,1789338276,0.000006878,9152.34,6878,6878,0,0,14.33,239.87,0,0,0,0,0,1,6,3,,,-0.35,,0,1,1,1,CPMM,,,,,,,,,,
1791075693,DvdmEnztCmXwBnAbedD48XVGZJSxq31zNvnyftXdpump,pill,Bof2XL9zAbLZ15kzAXcXy39wDeZFgKwyvb3UVkv3FhsX,pumpswap,1789342309,0.002212,228833.65,2137389,2137389,0,3769.98,69030.52,227098.27,0,0,42,5,248,102,672,551,,-4.3,-7.45,-3.49,0,1,1,1,,,,,,,,,,,
1791075691,CYSx8M2ZRKoRcfswcJnDjHYz139erQwwCpHRd7Zbpump,HACHIMI,7QeLBqzME2dfmrsExCQvu2TMJzWqDDsbadVxsoeRBmTS,pumpswap,1789342905,0.000003479,3421.78,3375,3375,0,1.99,9.8,31.56,0,0,2,0,6,6,9,18,,1.67,2.09,1.17,0,1,2,1,,,,,,,,,,,
1791075676,3RTC33FgYgtbhEzXdRgNb2oaVuGPTSyUMkwWPJLx7NBX,LEVERSTONK,3qL6BWyTPitB6FqUYmSt7PZ2fbUZGdHAyxQNYtv2Diq2,meteora,1789255595,0.000007227,6244.16,7100,7100,0,315.92,818.58,1980.63,0,0,2,2,8,7,26,19,,-20.36,-14.95,-1.04,0,1,0,1,DYN2,,,,,,,,,,
1791075695,EeKgKFUdCRK4qyhVQRwjC2gWaT8UvyFrFfFtCA3gpQS9,BabyCate,CM4Z54q2EzhUBcGQMiPkk8wYWGx81f8qyz2fsEtAiSJA,raydium,1789377574,0.000003065,4762.43,3066,3066,0,0,0.88,0.94,0,0,0,0,0,1,0,2,,,0.64,0.64,0,0,1,1,CPMM,,,,,,,,,,
1791075702,RtD743YX86ixJ5iaVCWG5cp4LuySDKxpbMj9yLupump,LOL,CnPb9RkQJFGC2exx19yXnVC7eWJY91gepC2uf9z9Cbjz,pumpswap,1789393142,0.000004226,4482.68,4115,4115,0,75.41,75.41,75.41,0,0,0,1,0,1,0,1,,,,,0,1,1,1,,,,,,,,,,,
1791075680,5rFuCavg36FRLjvE4yzSrf36ArDjQELaqVWsrny61SaC,SEC,HPZiB2pr9wppQuaSu3ZSLAemwteVPrRZNwSFX7Dsf5LY,raydium,1789059197,0.000005212,7097.12,5213,5213,0,0.34,18.2,64.07,0,0,1,0,7,0,9,2,,-3,-8.34,-11.81,0,1,1,1,CPMM,,,,,,,,,,
1791075683,7Vv1veMsBcBWAiSP1JTkRKvNeWmwf5Z7KbQuuKH1pump,PS500,FttBL57hVwM9DvRwRUrtBM1wWs8HMuTF8JxKj5g5rXb2,pumpswap,1789415891,0.000005405,5582.44,5233,5233,0,0,0,0.28,0,0,0,0,0,0,0,1,,,,,0,1,1,1,,,,,,,,,,,
1791075702,PTNzAfFAB4LvoUQEUUGrFMyUoRLExMYjH6CcfyQfsVP,PTN,9gDcEZCzYMPyDWBgSoGaTEdcVHuznPfGeBrMjpTpefMQ,raydium,1789415699,8.62,24796.79,,118874,0.12,222.35,2416.1,25884.16,1,0,2,1,19,40,303,258,,-0.34,-1.13,-3.71,0,0,0,1,CLMM,,,,,,,,,,
1791075699,H1q6vF9X2ewo7XxqJ2qb2uTdwkjDLAWF1Y3SefRAUTGZ,WET,8dAEnVvvbHPoh5fAGrGcMqH75r5wwN1qbHn2FRRcJzqQ,raydium,1789416368,0.00001804,11409.73,18048,18048,0,0,104.81,3163.54,0,0,0,0,3,3,47,31,,,-0.07,2.3,0,1,1,1,CPMM,,,,,,,,,,
1791075683,7TRk8xVyE2gg6nf9osbct8g6uVsHdc1mYzzhwdPzo6da,STANKS,74DzZV6ad1ii8h3vsTWvGX8eRS7hM9Kibgev4tT9ZamN,raydium,1789421819,0.000008467,8252.57,8467,8467,0,0,0,147.38,0,0,0,0,0,0,1,5,,,,-0.19,0,0,0,1,CLMM,,,,,,,,,,
1791075694,E9nmbyzLqnBQbAJL7dMta9aR3HYy5W1ewPRf221zpump,AdamSandr,6iUjPerRaSssvFBAzxeJhNCj3YzgPeF9UZfKG6HizZ61,pumpswap,1789348836,0.000006964,6249.22,6468,6468,0,0,0.98,5.74,0,0,0,0,0,1,1,2,,,-0.85,0.32,0,0,2,1,,,,,,,,,,,
1791075686,9LuwgFQemAoV9rgVBBtwbRSxBmamcRRbysEK8yL2pump,BRAIN,5biT6a2sP9BFKXQCuwACAtAAaR6WMQqz8zPJdM2TUarj,pumpswap,1789422803,0.00001404,12287.82,13752,13752,0,0,12.3,402.25,0,0,0,0,1,4,9,19,,,-0.48,-1.13,0,1,2,1,,,,,,,,,,,
1791075675,2s9ycNwMgVCB4SWtXmTu14w1ospd88MVYZdHLVEHLdVC,SKYNET,FVGTd1d9B14Pru6siQvPaHtAp1qmDKjthZgK6aBoU5r9,raydium,1788967719,0.00004518,21684.79,45186,45186,0,547.11,4688.16,7143.98,0,0,3,1,28,21,62,37,,-8.83,4.44,24.7,0,1,1,1,CPMM,,,,,,,,,,
1791075698,GPrTuSgAXVVJ67bAU4xe3UFD5aDDmVj7bZy73vTQpump,clarity,3r2KgCZW15vhvwq9LU9drMjC8dX2jryiXgyYtUeBhV9k,pumpswap,1789425291,0.000003218,3250.32,3124,3124,0,0.33,2.39,15.34,0,0,2,1,11,6,19,16,,0.34,0.19,2.03,0,1,2,1,,,,,,,,,,,
1791075675,2qEubd7GwtZbCqDu1uQwNC4kNaJLBdRUcWKpckTypump,KRYPTO,5KA82pef8tpzZ29rRf3oJCdwjJ5NUTciLHpZQLdfPJga,pumpswap,1789442443,0.00001079,7626.38,10087,10087,0,0,33.33,108.43,0,0,0,0,1,3,8,6,,,-0.63,-0.39,0,1,4,1,,,,,,,,,,,
1791075693,DYQTJL5XVRyv4ghRRt4CDGnYF5XhKiHHG2WqoKfzkgYN,BASKET,4ebUKdxqjVWcNa1vzJP3JPiR7G1y9BFHhdtJCWDk2FYV,raydium,1789423680,0.00001582,11824.97,15656,15656,0,0,2.66,2.66,0,0,0,0,0,1,0,1,,,,,0,1,2,1,CPMM,,,,,,,,,,
1791075698,GE2j19bLPf4hKHWhFP4VXS5x86aHt5pnkdWmudrvdoom,DOOM,4RJp5TtPXEDtL2R6XRdmkJYK41nnptouTvE9WvLSF8RW,pumpswap,1789498190,0.000004767,5338.13,4675,4675,0,0,0.56,96.55,0,0,0,0,0,1,2,10,,,0.17,-5.37,0,1,1,1,,,,,,,,,,,
1791075696,F8Sc8HoZvJcMrTY6vBsetTqGPv6XQmM2XgVAZo1sSTNK,MARINE,BnkYfw796XXq9UQ9kMYoX9iqSgXnjw7sFCsCVWVDiCUa,raydium,1789328900,0.0001005,31017.05,100534,100534,0,118.76,5223.49,24594.26,0,0,3,3,35,27,166,145,,1.64,-23.37,-29.53,0,2,1,1,CPMM,,,,,,,,,,
1791075685,98kfF7rmsg1QDUEoCqNE7g7M1FdrTt92TEp2CLzypump,PAID,6e3jZLtf4tQbWZm3f7A66jF8tfZn6MRQVrbDFgcNWarA,pumpswap,1789500144,0.006938,582728.78,6376600,6531339,608.33,13874.76,215282.74,1760120.54,0,2,39,62,656,497,5142,4386,-0.9,2.61,-6.45,-15.85,0,1,1,1,,,,,,,,,,,
1791075679,5auB5jWUuZAWvMyWD3uP51LbdNCfcbGe2qrc3sZSpump,NUT,5fSV8adyMaZG7P9KsVd2PahNiXATLi4JmQ7w8PiQsqxw,pumpswap,1789489945,0.000004601,4611.25,4447,4447,0,0,369.28,1251.54,0,0,0,0,2,2,5,9,,,0.47,-30.24,0,0,1,1,,,,,,,,,,,
1791075689,BRVaZKg6J9iF2BEsdpsxJ9NyvN9PPxPZuoQUX2v8qqkk,BROS,CzteSPPFo7eSk6kCaZSnvpLQT2kAhxSuZfJEnyTxTpsX,raydium,1790404080,37.75,52090.46,,,0,0.46,514.24,5228.45,0,0,0,2,1,17,5,111,,,0.37,-0.36,0,0,0,1,CLMM,,,,,,,,,,
1791075687,9tgSydUxn1KDwoHyBLnCMN6MTPqYnbeorZdz88N33koC,Democrat,9onPcyXXQtYQqgf9AEdVeZ64QUMaEu5egq9J3dj1XvRK,pumpswap,1789501286,0.000002933,3173.89,2857,2857,0,0,0,12.07,0,0,0,0,0,0,2,2,,,,-0.49,0,0,0,1,,,,,,,,,,,
1791075676,3bNtq6ZYQ11PNXq5ZKeWBrfmTWUEcotJtSN5eyL5DFfX,DOLLO,78KfKhK9hUQkXgb9BhAN3Zd254YTSwtZk21G9iBfK2sG,raydium,1789503643,0.000005762,5808.36,5762,5762,0,0,346,1353.95,0,0,0,0,2,5,9,31,,,-7.21,-16.15,0,0,1,1,CPMM,,,,,,,,,,
1791075690,BsogQYJki12Nj7kB4S3T3XGhCHjpVpFaio8Zap3r7u2F,BROS,Bd8XHh8uQxhoGP2HNrE55fiYWpS6dPfcdGbufZr4bpyq,raydium,1789502501,0.000003878,3729.52,3878,3878,0,0,0,23.94,0,0,0,0,0,0,2,1,,,,1.65,0,1,1,1,CPMM,,,,,,,,,,
1791075698,GY9mZfyPpxXxBXBxS2hB2XjhP3kfUsywTvgveozxpump,ELON,6tuhHpYSinf41V39KW3JmpVUaxehcabCbHZqqFnwR6xf,pumpswap,1789500364,0.0006059,120345.19,562382,562382,716.82,7755.24,37050.01,168983.44,10,2,65,22,193,127,846,575,0.32,-6.05,-17.34,-20.85,0,0,1,1,,,,,,,,,,,
1791075685,933HLc6SPfxkFwiPXwCksmcSHvVBDzeC4A1SafRVpaid,BOT,HTaCLiSzmgpQXcAPEQcFrMJtqxQa2gWdYJRwg731SaDp,pumpswap,1789510639,0.000004478,4352.29,4363,4363,0,0,4.71,64.63,0,0,0,0,0,1,0,3,,,-1.45,-3.28,0,0,1,1,,,,,,,,,,,
1791075700,Hk8Uiq8CeNdmZzu1aPaT7MhvujtJifFS9kKhfpXmpaid,BOAR,Bu2w4qTu9nYKJYodaUf2kXnAznUxp9k8GWSDAaw46HPz,pumpswap,1789507758,0.00002447,18043.2,23037,23037,0,0,850.19,9240.32,0,0,0,0,9,4,41,53,,,-3.01,-8.92,0,1,1,1,,,,,,,,,,,
1791075683,7xwPE6M7h19FT5U7pd6HejjNmrh3rDSMFCoAwibVCRwT,PAIDCAT,EhjoDnxpZEzaU1hFSAG22tog4Z8x36feVAxTyfNAkTZg,pumpswap,1789510526,0.00001014,9181.3,10002,10002,0,0,126.93,1556.25,0,0,0,0,3,4,17,21,,,-0.08,-10.75,0,1,1,1,,,,,,,,,,,
1791075680,67rVP2rxtgJR5kgHCmm1UwJNPuuemyhcng86J4WMyGXU,SHIRLEY,C1zDi5aF8VbT1rKGd6zdhfEofchhhjxjtGyeYYVW2CEG,pumpswap,1789511799,0.000008045,6885.04,7842,7842,0,0,82.26,548.84,0,0,0,0,1,3,8,10,,,-1.47,3.54,0,1,1,1,,,,,,,,,,,
1791075702,SPqTn8KkooByR41x3SsaNxGxXDqPFFRXR2Kkt8TJhSK,ANSEM,AjobmNq3maGBLWronsoCcoBBe7GBSFFShhnRUG8GRua6,pumpswap,1789514069,0.00001884,13145.9,18100,18100,0,153.55,2089.43,8875.57,0,0,2,5,9,20,85,74,,-3.48,-22.07,-8.73,0,1,1,1,,,,,,,,,,,
1791075677,46ztSzomfonEwzwHkZehAbrMb43vRPYw3ApkQcz3pump,TETRA,28kuCiPsbrnr162VrcXz11qRsZN5BL8GeF9SVoGnzh4V,pumpswap,1789037897,0.000002985,2920.44,2868,2868,0,0,32.46,41.46,0,0,0,0,0,1,0,2,,,-1.13,-1.13,0,1,2,1,,,,,,,,,,,
1791075695,EZdoYwMPiSFVUf68t4RnndQuPnCNtUCkZZNGnSLgwZCB,BOLDCOIN,5oKFXChXQ1qvxbSTo8z92kCaBg3W5Sgzx6pGRFYMDh8s,pumpswap,1789509397,0.000006919,6572.23,6541,6541,0,0,114.85,329.07,0,0,0,0,1,1,5,3,,,-2.26,-2.71,0,1,1,1,,,,,,,,,,,
1791075697,FZrn97qRKda2SEvWVw1EKkeku6LUs3NJxDPz7xyg2cra,FLIPPY,HC8wszYEj3NvyK9E2pQs9U5zB4FBnqHHcJiGTUQBNgEi,pumpswap,1789516248,0.000003268,3404.97,3162,3162,0,0,0,12.68,0,0,0,0,0,0,1,2,,,,0.07,0,1,1,1,,,,,,,,,,,
1791075695,Eot6ur5sHBHva2QAhCTdv6Svsta5cx8YfxUb7Ho3BW5k,BILLYM2K,A9bntRtQ5LtkhyDTBnp1LUuG5MzwZVeAXKrujx5Gd5JZ,pumpswap,1789521148,0.000004903,4423.7,4738,4738,0,0,130.18,181.61,0,0,0,0,0,2,1,4,,,-3.68,-5.22,0,1,1,1,,,,,,,,,,,
1791075693,DWZqne4tLESk3oijs5WDrLwdcoB26Gz5vTfL2nkWpaid,DOG,4nBuvPXns3FofHt8G1nApNegcMtC1C4BdWDEYbc3dQzy,pumpswap,1789511108,0.000008650,7726.51,8294,8294,0,0,101.74,366.5,0,0,0,0,3,3,8,11,,,-4.49,-1.28,0,1,2,1,,,,,,,,,,,
1791075690,C9ybLz9i1nLm1S6ztrCRS8vGdetbpwTYeq7vCAxBps3B,GREG,CmAxVujEMXASoqenP5nAY9U72s1ZZWWQZuDE172GtqgU,pumpswap,1789520473,0.00001226,9493.13,11835,11835,0,75.75,279.48,1104.49,0,0,2,0,5,1,18,15,,2.25,-2.7,-9.83,0,0,1,1,,,,,,,,,,,
1791075702,TW16nqvVUg9j29pY7pan4EjpJ9dHZKDHgJ88AvXdum1,x-0,A6FTU7ak4F3B7TqG4KdpiR9Q847xmAzSP3aHRsyXVr87,pumpswap,1789566437,0.000002650,2776.86,2558,2558,0,0,1.37,1.37,0,0,0,0,0,1,0,1,,,,,0,1,1,1,,,,,,,,,,,
1791075692,DFNnZi7mLegSKFhipUa964Z1DdLRKmggTr1vUhtwH6Bi,STONKLANA,31M8q9PWTaFqE32kwLVfGTKR1nQrtyfEWJBL9jHXsqfW,raydium,1789584368,0.000006938,7798.35,6939,6939,0,61.9,88.23,630.87,0,0,0,2,1,5,12,24,,-5.11,-16.16,-29.98,0,0,0,1,CPMM,,,,,,,,,,
1791075703,wsosWQDzBHibcjJefnfjd7VHQcReZQhhUNTxxgmEhar,WSOS,8QeQV1itLufgZtkhnCFiJMX7zoDa5Mpc7SN73LVzQJ2e,meteora,1789583337,0.002895,83357.05,2895165,2895165,81,1431.14,11782.42,71541.96,5,2,54,15,307,93,1455,378,-0.05,-0.03,2.15,2.28,0,1,0,1,DYN2,,,,,,,,,,
1791075697,FkDqBb1Vz6iZH9aSD5RBV5ctPQGrF2Ye6NVJ4sXncYMF,INUTILITY,H8pALboEEjGUZCZeNS8j4G9aRVTM22WkmaDGc6TQspAs,raydium,1789586179,0.00005171,21612.66,51717,51717,3.76,2693.86,19145.49,30495.57,0,1,11,12,76,77,127,113,-0.12,24.47,28.66,158,0,0,1,1,CPMM,,,,,,,,,,
1791075697,G2KDX81e31T6pZbkrJLPKAXqKcd8VoE3UEp83rRtpump,HYPED,2AFmeNoK5zrwnUWFstzg2YyvARD6nddYDe6stZDGfZYn,pumpswap,1789586561,0.000004870,5797.87,4781,4781,0,26.87,46.67,111.53,0,0,1,3,2,4,3,11,,-1.6,-1.22,-3.45,0,0,0,1,,,,,,,,,,,
1791075686,9HB7uiNQeWTGG1tkuGaMQLhdt9Lg6vmJ4vtLJc1Wpump,DONO,5giBZ4FZ89ToVRN3LEjcKPHcV1w53zLdiMCmrjNbAFpm,pumpswap,1789588430,0.000005307,6251,5220,5220,0,0,0.51,14.77,0,0,0,0,0,1,1,8,,,0.04,-1.4,0,1,1,1,,,,,,,,,,,
1791075693,DVdVsMUC8RyZcWtd6jn7BnyTd7dHEh7k4C5zsM9PCMtd,AROS,DS3M7NqPD2Rvh97yA3yuLCH7UmTCmngxz7FAnhz7gdd5,meteora,1789586671,0.000009500,8270.58,9500,9500,0,0,6.18,513.16,0,0,0,0,0,1,5,6,,,-0.15,-1.5,0,1,0,1,DYN2,,,,,,,,,,
1791075683,7Q5vqMfVjx8kkWE19zfbG7M9NuoWUAKeWXMFXVqenwbQ,SALAMI,2m1i2pSJ9uddDJvpESMWRFy9ckNVZ41HhWjLweFp2dqo,raydium,1789589206,0.00001199,11314.74,11990,11990,0,0,27.28,815.22,0,0,0,0,1,3,6,11,,,-0.64,-4.44,0,0,0,1,CPMM,,,,,,,,,,
1791075697,FhFvXUevhR7qohajBW43oaDVqN4KmAcxgMBqtPZJUZDx,PSYOP,vMHfRWUtvaFTeFw3wqRf5fZacUUAWMjyx6VtuGXv6FW,raydium,1789591435,0.000005590,7165.19,5590,5590,0,0,7.52,15.11,0,0,0,0,0,3,0,4,,,0.94,0.94,0,0,1,1,CPMM,,,,,,,,,,
1791075701,HuDwEgKxqBLNKHBSFiVh8o5tdfzSBmhKochDqRFYCzVf,ZINU,782nRjbSR76jqKq7KYNFqyMmn4hbAM4eqydEQ6hzd3P5,raydium,1789592039,0.000007146,8088.58,7147,7147,0,10.23,71.69,327.45,0,0,1,1,2,4,8,11,,0.77,-2.01,-8.15,0,1,0,1,CPMM,,,,,,,,,,
1791075703,pgtgG6UCiyA49ShyETG2wpcMAvtLSvNp22UaJ1FWp3P,xp,6dojtVXb3rDqqvTgAUihQ9UpVgkLgkRYgbhQu9aYgvW7,raydium,1789592490,0.00002860,23193.73,28608,28608,0,3.83,127.48,1451.43,0,0,0,1,2,8,19,37,,0.53,0.73,-2.77,0,1,1,1,CPMM,,,,,,,,,,
1791075680,6LaVMJTguCzq93zpyF51hDunMWtW5n4ViCRrq96VognV,REVINU,7qRxj58eUv1EZZyEZdbYWwqQFzdNrbAqRBWWHGBkERJQ,raydium,1789161803,0.000008829,9400.37,8826,8826,0,0,0.34,15400.63,0,0,0,0,1,0,160,135,,,-9.47,32.92,0,1,1,1,CPMM,,,,,,,,,,
1791075692,DDCimetG22tCrpsPHxoUFuzewU9EvtDp8RMAyCCoBTgj,SPACEBALLS,9WM4YD2sznFTdAfZe5mvFpBN3if2FFgrh2cbkW2cgn14,raydium,1789596068,0.000003036,4985.64,3037,3037,0,0,13.01,71.35,0,0,0,0,1,3,1,4,,,-0.37,-0.37,0,1,1,1,CPMM,,,,,,,,,,
1791075678,51mZoUpp9sZ5vHTW5SzvpLLNr3QfpTtk7D3vgWDuzxY1,ROOM,FUXbQY31jLjCyn9QCEUXsjqMDa9g4Zrh7xZujn1go2zJ,raydium,1789595525,0.000004301,6137.84,4302,4302,0,102.16,194.48,623.47,0,0,1,0,1,6,1,23,,7.69,2.15,-23.16,0,0,1,1,CPMM,,,,,,,,,,
1791075697,FZ37MVb7kXLPWv6qn8QoCZaWLSbD3fXqDjj9wZbAkT77,AFK,ER3BmntkKcWSvjMAzwwqesuFPgR6CjRibKn4nNBQpzDb,raydium,1789595602,0.000003630,5435.67,3630,3630,0,0,10.22,46.95,0,0,0,0,0,1,0,3,,,-0.69,-0.75,0,0,1,1,CPMM,,,,,,,,,,
1791075678,4hMvdY7KbsCzHnRE7Js6kNFyTdkqKMeTv9GPYD5ppump,ZEREBLAST,AvXQDZzThzxemZju1jDKYsUPqnUrMVXdmtPesnLgu3pj,pumpswap,1789600766,0.000004690,5348.61,4498,4498,0,5.76,5.76,277.64,0,0,1,1,1,1,1,3,,-6.39,-6.39,-13.01,0,1,1,1,,,,,,,,,,,
1791075690,BjHCvuKDisEXg7DnaKztVs3YGEszfd9PqQK4Q7VWpump,CrowBrain,3WXqxH3616aZWp9cnFRFgD9NVUYsyrCd6zAefaFDsZMf,pumpswap,1789600094,0.000003618,3659.55,3519,3519,0,0,0,4.82,0,0,0,0,0,0,1,1,,,,-1.31,0,1,1,1,,,,,,,,,,,
1791075697,FvhorDts9M8uJekzs3pBcYUPUjWtCTrGLhdv3ADHyeRY,LinkedInu,CMcEKRDMpLPtijKpt57zYAba6f57oB65xDXPa3W7zMBF,raydium,1789598638,0.0002458,54030.87,245849,245849,0,3428.73,8088.25,21820.09,0,0,7,7,24,42,81,106,,21.83,1.47,-24.93,0,1,1,1,CPMM,,,,,,,,,,
1791075689,BXrbjRfUH35Y9fDxmHw9GambqVHZ6McmgfRXGqkzUjQr,BALLS,kuasvHwyBm31UjcgCQKLGQYJ5xZnsjpxWfSYZLHgduH,raydium,1789604407,0.00001195,9472.32,11959,11959,49.5,49.5,681.74,1528.11,0,1,0,1,4,12,21,40,-6.63,-6.63,-17.96,-15.82,0,1,1,1,CPMM,,,,,,,,,,
1791075699,Gwf3HKCCZfdNjcL6Q4ewcBRmHcD3KLtegc1uVZsNEaUa,QUALITY,DKb5YgJKgJbNVNGrLn5F82RXmdfwQNdkFa1qaqUbBaiB,pumpswap,1789604250,0.000005397,5849.04,5282,5282,0,0.17,1477.23,1535.81,0,0,1,0,13,11,23,20,,0.31,-0.04,10.75,0,1,1,1,,,,,,,,,,,
1791075683,7fod2HBBZPw7aP1VgWEY4CbcLpA5jnyCAuYrDprYrZZs,MOOSE,2UTEdAvmvtcqYCbivCPgrGnHpEAdRkCpaJUG2fMffv9E,raydium,1789602604,0.000004145,5846.77,4146,4146,0,0.95,11.94,17.96,0,0,1,0,5,8,11,15,,-0.43,0.35,2.88,0,1,2,1,CPMM,,,,,,,,,,
1791075674,2GrwXsCxRP5SBqKczB8QDdK88iAfxRJ2cST93fXcpump,ONLYX,G3MaLFFqNh9z9P731uftzHEMYNN2CKMNseSyaTgEEBTN,pumpswap,1789606102,0.000003086,3419.05,3036,3036,0.24,14.64,74.34,150.82,1,2,15,11,72,52,136,119,1.37,0.95,2.6,0.49,0,1,1,1,,,,,,,,,,,
1791075698,GZik7vJSnDAao9tbbcLrMGKfxLu7VCjoAtkDhsv8A3iE,KEVIN,GiGnJziraB1L5iYQbqtowL13TUrTXw5UgDYaWHWCJayg,pumpswap,1789608045,0.000007094,7569.97,6798,6798,0,0,7.46,78.13,0,0,0,0,0,1,0,4,,,-1.34,-2.6,0,1,1,1,,,,,,,,,,,
1791075674,2TFioVNNgnWiPmBVK83h3NSdffQVdJb3P97poyTgpump,LAIKA,5vMcE32XqP9N53D4x7v3LLaYCZ7BfkFXbbMZk5krk68x,pumpswap,1789598935,0.000002776,2822.59,2717,2717,0.24,3.52,34.44,90.33,1,0,5,3,54,34,113,93,0.17,0.52,2.29,1.6,0,1,1,1,,,,,,,,,,,
1791075689,BLGM7XgLpm5uUGJXHTGGQvNYk5jeKSr9kfCdqyq3GR8c,ZMINER,CE68Ef6GNbepdEssHCLEVkZsWDFugnwsaUhX2gVGqhnM,raydium,1789024598,0.000007105,7768.22,7105,7105,0,9.94,31.26,85.26,0,0,1,0,1,2,1,3,,1.64,-0.48,-0.48,0,0,1,1,CPMM,,,,,,,,,,
1791075680,6Akj7Z4Pfyz5vG5Q5NEGANuBBTjH1Zd6yKu2Va7apump,PumpCard,7oYPAmx1gaGctZNexZm7wmhDBUsVjRVNrBP2vnttC8pi,pumpswap,1789666550,0.000003106,3307.22,2793,2793,0,0,0.4,0.4,0,0,0,0,0,1,0,1,,,,,0,1,1,1,,,,,,,,,,,
1791075686,9U1f18idDeySFnYrurxqT1f5n5nE4g4Uk5LLzP69bh1,SOLCAT,9Hr6NXw5WSffxNQnqxwZyhRw81uz3PpB7RF9J3i9nMt1,pumpswap,1789672541,0.0001142,42846.95,111440,111440,21.48,258.14,3231.27,21332.4,0,1,3,6,28,34,167,156,,-2.63,-10.52,-19.35,0,1,2,1,,,,,,,,,,,
1791075675,34u7fWVYYh2HFFcPQpu9Zk7NYYfbahrUNEMwNZuJTCaY,ADOG,DqPjpTHe7bWyCYmTzmUCZviUsi5sxSPb1FwfL6mJXX6T,raydium,1789670554,0.000006541,7775.41,6542,6542,0,0,155.03,164.4,0,0,0,0,0,2,2,3,,,-7.01,-7.08,0,1,1,1,CPMM,,,,,,,,,,
1791075679,5bCrnEgVDx4DRjdpgBY5eLFdiS72FpjVmGhSxBDhpump,XCHAN,2wvQRSdrYDcWBhTHHncG7rxLVUraQKZZ4tn9mjTBQ9vf,pumpswap,1789671308,0.000003758,4192.7,3711,3711,0.47,4.9,27.41,64.2,1,0,3,4,30,29,64,58,1.35,0.67,0.07,1.66,0,1,1,1,,,,,,,,,,,
1791075693,DwgyLHfRbNr1zh4c5o4ER7dG5KVPYJ7HCtQPp5swpump,Nap,8X8vMTWRm5bFYRNy7q2ZrPoRHA27AmurmzGBKudJkZib,pumpswap,1789569783,0.000003778,3713.8,3624,3624,0,0,28.84,29.57,0,0,0,0,0,2,0,3,,,-1.39,-1.39,0,0,2,1,,,,,,,,,,,
1791075702,VSoFhXns5HYy97KcZH99stUGD6B5UT9QJvAHKd3Xvr4,VSOF,AbMtEzkd8WSZRRT3TaEBi92x64JKKaKTtQaeuN6hyF3N,meteora,1789664028,0.0001152,14008.93,115224,115224,0,0,251.45,1338.47,0,0,0,0,8,4,24,14,,,-3.35,13.96,0,1,1,1,DYN2,,,,,,,,,,
1791075685,8gMWXHfSwBRSLc2wKtLv24JYboCAsKaEqfC5cXLeZJXL,ZILLIONS,82BhSZXxSXBKsAmyHJ5NxkCd6JrSUBrmPsxYgu7Byvns,raydium,1789676194,0.000008133,7717,8133,8133,0,24.3,347.51,461.4,0,0,0,1,1,3,2,8,,-1.1,-14.94,-18.46,0,1,1,1,CPMM,,,,,,,,,,
1791075693,DsqWokHaPHi6p9TtkEFryf6qBQFxYkUiGss2sFnBpump,juicelee,D5Van4Ljtfkiysa5mMeRu6Xxd5aYTxzvrhMKRXgSZ1Aq,pumpswap,1789675813,0.00004050,17221.64,39135,39135,4.74,6.12,772.96,1623.51,1,0,2,1,15,14,43,33,1.53,0.79,17,16.1,0,1,2,1,,,,,,,,,,,
1791075675,2roJPefsSF4zucVFUmD5XcpSHhXuQHN7ySC8CcqeFKD2,EGOD,CmPuV2rvTvAVJoZok29TSjwaduWJe12aF6Xys8DQCJZM,raydium,1789677035,0.000009299,8775.26,9299,9299,0,0,0,70.47,0,0,0,0,0,0,0,3,,,,-0.17,0,1,1,1,CPMM,,,,,,,,,,
1791075681,6dAo1eJMfaktGsi4s3wte8SJAYGLm2rRfJLntyLTSRNN,BLVINU,HsyidEyMzgMQEEk1Xsx8xoBdNg9Pfy32kC5pGNTEQXF9,raydium,1789637468,0.000003865,5400.21,3865,3865,0,0,0,5.39,0,0,0,0,0,0,1,1,,,,-0.21,0,1,1,1,CPMM,,,,,,,,,,
1791075673,241aTYhVXZ4WBVSFpfY37RqoCGBQ73KiRFAKvTtnmoon,MCAT,EcFsXQJjVCjCYWHsuhXUnZH4XB2MzF7iZ3dJu48wmoa9,meteora,1789678316,0.00004293,27315.08,42926,42926,0,46.2,1469.62,10672.72,0,0,8,2,18,14,121,99,,0.32,-8.48,-3.16,0,0,1,1,DYN2,,,,,,,,,,
1791075694,ECt8tGM5x2aCJSUVTrUW1VboCZSnUahS5Qswp2BeiomR,404INU,5keAkYLvKsTGaPXQUJzWRkDHUccBpS5LofVi6nPcTHNL,raydium,1789677373,0.000003798,5489.85,3799,3799,0,0,0,9.57,0,0,0,0,0,0,0,1,,,,,0,1,0,1,CPMM,,,,,,,,,,
1791075683,7qVyANei9jYf173z4FBKcmKp3nXDDBKiXAWh7aT2perk,PERK,Bt3X28mcx4EAYwiRNdepCdUg42LF7fa1SQMrgkPVivMu,pumpswap,1789679654,0.00001128,9679.09,10891,10891,0,0.54,70.43,390.38,0,0,2,0,16,10,28,26,,-0.04,3.21,-5.79,0,1,2,1,,,,,,,,,,,
1791075696,FKaJuPmxjYm9u4iDHxdYvA947vbjBQjpevQsBBVLns8z,TIGRINO,6boRKYHraYY4JYb3XFJjfdW7eC93hmxxbLzyTEe2iwoc,pumpswap,1789659021,0.000004164,4455.25,4039,4039,0,0,0,50.03,0,0,0,0,0,0,0,5,,,,-2.53,0,1,1,1,,,,,,,,,,,
1791075697,FkZL1HP8EqZStvyx5myGw7SW2SiCyWbWQVhMNrhjAh8E,ROMANSTORM,2r3KqkhiRjAxWYiiM2ToaDv32fBNThPtXQUM2PpqhL6Z,pumpswap,1789681197,0.000002905,3034.44,2739,2739,0,0,0,0.77,0,0,0,0,0,0,0,1,,,,,0,0,1,1,,,,,,,,,,,
1791075696,F6StsGd3TaUdsLSvuKmAsK9fX4CgtPGegvrZPBfapump,SOLYA,H817A1D2hStachnUBDftsz8X9GtXw5wdsbkMUoJE3uzf,pumpswap,1789681344,0.000003079,3527.61,3042,3042,0,3.12,43.45,142.26,0,0,5,8,60,42,141,123,,-1.09,-1.12,-1.88,0,1,2,1,,,,,,,,,,,
1791075702,SkA82maVyUBgt4HUvMTLRDGyXX1yJpAsMNPhxEeSTNK,SHOEDOG,Cki4EosmaLdYDW2nrHaKz47LbK3ohw9dNHVBP9VgTYJG,raydium,1789566922,0.0002185,46229.97,218523,218523,2239.15,12127.36,50463.56,170571.06,9,10,41,49,229,200,768,623,-14.87,27.79,108,443,0,0,1,1,CPMM,,,,,,,,,,
1791075676,3W3K5i4T2vARM1UzJHh48dw4uNhjtg3Wk8GS2inmNUZV,TRENDS,HBHCoPE5qM7JjVppXsdRejZtqg8YDw1PMZRypiQgJkY7,meteora,1789681602,0.0001671,38040.17,166916,166916,0,864.86,5861.93,8992.82,0,0,14,2,35,26,60,56,,-2.8,23.01,32.57,0,1,1,1,DYN2,,,,,,,,,,
1791075680,6BkJT2Dq8FwqwZmwzSLnADoaKaFKjBad25795nGBpump,niggacat,2smWBvdQhevyeYBG2A9uabGSgG5TVPsZKKAtfmTdZ8ec,pumpswap,1789681444,0.000004279,4091.82,4179,4179,0,1.4,5.65,21.97,0,0,3,3,10,8,23,22,,1.63,1.48,2.14,0,1,2,1,,,,,,,,,,,
1791075693,DuUbpUi4yJuam1a8LhG3qDxnfRDppeMRTayZyEdQpump,PIMSY,7yobpLCP2w1n7gbYMWgqBboeoscH5eKRucmoiRYvMkYe,pumpswap,1789674836,0.000003332,3593.24,3010,3010,0.2,0.2,13.27,30.82,0,1,0,1,14,13,32,32,0.25,0.25,-1.71,-0.43,0,1,1,1,,,,,,,,,,,
1791075700,HhRCWrgTZnTtHqop5wRLyD2ps1UNgKhnG8WhVQNMSTNK,XCAT,6Bd8n8bWtqYtEGQdHCL5hgqGpF2xTQSR6DsGTkv9hmQM,raydium,1789670166,0.000006483,8030.18,6483,6483,0,0,1.76,38.72,0,0,0,0,0,1,3,3,,,0.61,2.74,0,0,1,1,CPMM,,,,,,,,,,
1791075684,8BBNS7hURKU4whJ9L7BpjnAR8n9bKFiPA4ZKcYs76qHu,PCAT,GVjvA5pTgSpHLYk3H6dGjV5uxSK8GZKqccpUatqq3ZJ5,pumpswap,1789685150,0.000003594,3614.69,3487,3487,0,7.08,16.99,347.73,0,0,3,2,9,5,22,18,,1.58,0.67,2.38,0,1,1,1,,,,,,,,,,,
1791075691,CYxv8mm44tqjYu6fvTMiZSrAWaM7QKwTSto179xuK7tS,RIM,BKMyB8P88wbDLUmWkaSnBcbm2kbZKQSJHHhK65vACUJj,raydium,1789683733,0.000007561,9808.91,7562,7562,0,0,106.54,136.11,0,0,0,0,0,3,0,14,,,-3.79,-5.71,0,1,1,1,CPMM,,,,,,,,,,
1791075698,GXL9wD1F5TzVXfZ33fKkBxeuNi7wKMUR25SDEBGEZ9mN,NIU,2p9TwpERb2tht36ut5QUgQnwoLnopXL3tGweMJLqq9Lj,raydium,1789682334,0.000004762,6577.23,4763,4763,0,0,0,4.8,0,0,0,0,0,0,0,2,,,,-0.07,0,1,1,1,CPMM,,,,,,,,,,
1791075687,9w6XCPQDKpiiuQY6MFBfuawUEpxpbNvsVyLq1RJgjupx,Uranus,11UR6BRh3TMCMrvk9qM2DSvC1PGEfGn9mnhJDkwhjTM,meteora,1789681893,0.000006677,10950.2,6677,6677,0,0,0,35.71,0,0,0,0,0,0,1,4,,,,3.71,0,0,1,1,DYN2,,,,,,,,,,
1791075686,9Gf5csKmAiSbvoCPAdMxXonDo1V5fq9RQeY8MZEBb3zt,PAWSINU,6chL4n3b7R4nbRBJHiq19eoXkDWyRUBkne4eS72L6Lbg,raydium,1789678339,0.000008086,7843.27,8086,8086,0,0,0,239.21,0,0,0,0,0,1,2,3,,,0.83,5.26,0,0,1,1,CPMM,,,,,,,,,,
1791075682,73nBoTeEAJAWaNP8ayTDUZbx6ag3JcHm4CPxGi8Tpump,MOONSHOT,8rLmob9fFkTb3UDDieVqPpvdUdWJ5JpL52nQd6yBjeEk,pumpswap,1789685291,0.000003013,3270.17,2959,2959,0,5.45,67.85,171.33,0,0,5,5,59,59,153,151,,0.5,-0.94,-1.38,0,1,2,1,,,,,,,,,,,
1791075692,ChGkEmqxUuggy9NG9X3PEnv1q2bHFNgFhZmxJUowQtco,COLOSSEUM,4y8MN48PDjxWe354LNWnYQsPLsEG1uEAJKWbbBGnfuGh,pumpswap,1789689968,0.000005468,5802.1,5418,5418,0,0,8.2,522.12,0,0,0,0,0,1,4,12,,,0.03,-0.12,0,2,1,1,,,,,,,,,,,
1791075692,CpcgnprGb6jMV5SY8oRuyALRByr9rNkYsdw8AVMCvdoN,OPENINU,3QaMeLw9VWaDqJW8r7kfhakUGA6fSs3BbMeBJtbGW1Mx,raydium,1789688329,0.000005482,7582.15,5482,5482,0,0,35.56,47.79,0,0,0,0,0,2,0,6,,,-2.84,-3.13,0,0,2,1,CPMM,,,,,,,,,,
1791075689,Aw4i79Ju3zmPCMTxnqThykTZUXxPhjjUQJQzrWk3pump,HODL,3PTjUkycrAXVs4W1dqZbK6wjSUHCfDTvnyFyhWC2bEXe,pumpswap,1789692441,0.000002979,3228.79,2927,2927,0,0,0,9.79,0,0,0,0,0,0,0,1,,,,,0,1,1,1,,,,,,,,,,,
1791075691,CHsC7xqDLrTy8NMizomPUx3sNKxJzXGDaswc9Zs9DeLn,BUNNY,9tkeoJW4TdWSh5yYh1tDECB2zbVd3AyrBSBTMquJvvMh,raydium,1789666968,0.0001560,32754.91,156058,156058,358.43,2341.93,7575.65,10358.4,3,0,10,4,22,23,33,26,4.5,-4.81,-7.17,-5.71,0,1,2,1,CPMM,,,,,,,,,,
1791075677,48U4GvCPESZHkzqwDGjsPtygG6cuWyCzRLtTGmqLbkMv,PAIR,4cMitNw7RxfC5um7qdPYi47Vp2Wku8pv9TNQ8okMwxc6,raydium,1789696644,0.000003808,6625.96,3808,3808,0,0,0,26.14,0,0,0,0,0,0,0,2,,,,-2.93,0,0,1,1,CPMM,,,,,,,,,,
1791075697,FzEh8uAxjUWRgGhzb4TGGBBsKUzsZn8zoSoZGmEppump,DEX,F2TAJwEFSGjq1XSdfpLsCuoSeni84kSPCtpQ5oWpVcdf,pumpswap,1789704123,0.000003114,2718.07,3046,3046,0,99.74,236.69,348.18,0,0,0,1,4,2,10,9,,2.55,-6.74,-7.74,0,1,0,1,,,,,,,,,,,
1791075673,25Lrwta8CGeMt3pmxy7DivhJzRzBp5Ne76bdaxbPpump,$Gatto,8WptpTnYqkjgZuxRhoPaR4Z323RaUaoagRrarUUMJYmn,pumpswap,1789703432,0.00002621,12829.57,24981,24981,0,14.08,57.33,751.39,0,0,0,2,3,4,16,13,,-1.14,-0.88,-11.38,0,2,1,1,,,,,,,,,,,
1791075699,GsN18GJ2zWoMh32QENu3rwH3iPYzF3SmJxaAnaAopump,SXM,69BGzG97DpenQoXNr9dfUYcAtfteUnsh5KGgawwGS6uz,pumpswap,1789696742,0.000005377,4705.78,5145,5145,0,0,51.08,62.57,0,0,0,0,0,2,0,3,,,-1.53,-1.53,0,0,0,1,,,,,,,,,,,
1791075678,4zv9pgsqM3Ey1pputaKj8mXw1kgzR2QJkZRhgmmspump,MINIONS,5ztv8FTUZFor2BPzYyMSQ9mGDa3TFG73i4RPCQjGsnni,pumpswap,1789688193,0.000004729,5205.28,4595,4595,0,0,0.66,46.65,0,0,0,0,0,1,0,3,,,0.41,-1.02,0,1,1,1,,,,,,,,,,,
1791075698,G5im68AmQ8c6C56Kdapufyu8dZddYkMBGoLbqtb98j7,JASON COIN,FFhxgRnmW2cXRhiTRRt7JRx1eoxrUSudka8X3kBywT2h,pumpswap,1789508259,0.00001470,12638.59,13540,13540,9.82,17.27,263.74,2146.61,0,1,0,2,6,7,33,35,-0.05,-0.25,2.73,-11.82,0,0,0,1,,,,,,,,,,,
1791075674,2SYCNJMchpmLC4pWmakBTwdVn4ZqK4au2d4jHh5H8uNW,QEPE,Y3hYL7tYhc8NhcFvkVJb5KX6ozcZALEKy6Jcj2MPwv4,raydium,1789709302,0.000005415,6844.67,5415,5415,0,0,0,80.61,0,0,0,0,0,0,1,8,,,,-1.96,0,2,1,1,CPMM,,,,,,,,,,
1791075694,ER2XobjesPV6xTXBRjzyo1aCj7nfs2N55LBeiWSmpump,Startpup,49zxt4LDCHPZZXJRPCUvYFtawWQnY7G8j3p3MdPuwGyV,pumpswap,1789713852,0.000003412,3616.33,3318,3318,0,0,4.27,4.27,0,0,0,0,0,1,0,1,,,,,0,1,1,1,,,,,,,,,,,
1791075683,7gnye7MymAa2iN8iZsZvH6ybjxeUiaxSoavxgeqG8kkh,microsoft,FVhapwDcMEPmZQV5mC9vC1QLHqMCWj5VVSoPHnUfZSwB,raydium,1789760235,0.000004472,6877.26,4473,4473,0,0,21.36,95.94,0,0,0,0,0,1,1,7,,,-1.27,-3.86,0,1,1,1,CPMM,,,,,,,,,,
1791075686,9NR6u9J7KvfyZdi2n9VnEjv5JgV3BRE4WLvXWQiRJ4dk,MONEKO,38jN4Ss4S6GPArRBPy8YG3i91xXqV8Zfso2taBiYbpQg,raydium,1789753719,0.000004471,6187.82,4472,4472,0,0,21.37,99.81,0,0,0,0,0,1,1,6,,,-0.98,-1.61,0,1,1,1,CPMM,,,,,,,,,,
1791075683,7vD6CsCqfx9Av9hPW5W1PBMEkZbY4FnUQcuDTbxjhYrX,PURPLECOW,8aKt2iG6vGHtfoFpan4Cfnts5xY3hQoY2N2NFvMjyAjB,raydium,1789759966,0.000009891,8836.25,9891,9891,0,0,0,49.94,0,0,0,0,0,0,1,0,,,,,0,1,2,1,CPMM,,,,,,,,,,
1791075697,FYZcYCHSp8FzNba1UtDZydKKGosmxVNpFBiVuia38AhT,MONARK,GhCGq9qTCBWZvpBY4fzfvxvENWe1syryLuGACgj3Lhvg,pumpswap,1789324540,0.0001294,32537.3,123376,120543,0,13.3,834.86,5085.72,0,0,1,1,4,7,39,40,,-0.02,5.65,-13.55,0,1,1,1,,,,,,,,,,,
1791075683,7nTAA8U8kAD7t8Z1W9g6DXNTfMf4YYg2PzV9PiNRWaas,ROW,8h2WCve1CfgYCohLa7t8DtmC7YsacL1Gqdp7ewNeUFcf,raydium,1789764079,0.000002431,2450.52,2431,2431,0,0,7.68,228.12,0,0,0,0,0,9,7,23,,,6.54,-33.95,0,0,1,1,CPMM,,,,,,,,,,
1791075692,D1sm1V3pHGTv32ugeXoer4a91xqfuh4jJBYQwePSKVez,KMS,ECUmeKBNdHa7UE8KMh5YbHwR9jFtyidL5dSC951ippo8,pumpswap,1789764434,0.00004798,22368.18,47235,47235,0,0,4389.96,6995.84,0,0,0,0,26,22,60,40,,,51.78,78.01,0,1,1,1,,,,,,,,,,,
1791075680,6Ax9mQt3oxsrxDjAF5p1Ljc7NPPHmXWsSsPgnhRJfN8A,SDOG,B4eW1YxZMA7CrnKfAoW88dPZJEj4tP73PiMU6aRdSEkQ,raydium,1789751607,0.000008660,9214.74,8661,8661,0,4.66,4.66,484,0,0,1,0,1,0,6,12,,0.18,0.18,-14.84,0,0,1,1,CPMM,,,,,,,,,,
1791075683,7asAszo3GcjvJuzdaArBGZXTNPWsyj9H8oDgMqVwo81g,worth,49V7t4rtuMinGU4gth6jYKbsEzwxZoR8yw34MMytBUnd,raydium,1789766804,0.000006769,8432.45,6770,6770,0,0,8.59,184.13,0,0,0,0,0,1,2,4,,,0.56,0.23,0,1,1,1,CPMM,,,,,,,,,,
1791075682,72TgBXGDNKyNkx4bPd6BLmLAjqTQpE1xUYGStEHfiNku,BEANS,4RZCbuqsJAEpD8uuLRcZ6iynK2XGKUoArXHsZNiuBhGX,raydium,1789763577,0.000005139,6772.3,5139,5139,0,0.07,0.19,1427.37,0,0,0,3,0,6,3,39,,-0.55,0.67,-39.43,0,0,1,1,CPMM,,,,,,,,,,
1791075676,3T1h8HUain7m5TywjQUZapcd4iJBMsEA2Tx2zrNypump,pogg,Dp5Z52ArkeTKxzNLmW7Hv3QHBsTNjnA13S6mGb2MS64v,pumpswap,1789765991,0.000002548,2650.08,2478,2478,0,0.91,12.97,28.34,0,0,2,1,17,10,37,24,,0.29,1.1,0.62,0,1,2,1,,,,,,,,,,,
1791075695,Ea9TZ2XC7AkgfKrFV5MnTKig5YWJoZH7xt4d4BnYpump,CROSSR,8gdC17FnHJDsYrsF3n89rdyNuhs1rHACkEt35sytKs7u,pumpswap,1789767060,0.000004688,5121.92,4613,4613,0,0,4.73,12.1,0,0,0,0,1,1,1,3,,,0.09,-0.11,0,2,2,1,,,,,,,,,,,
1791075702,PEPEqnuuCDbBC89p1u9vpnP1KQ2oj1xTcQBsjt9X55m,PEPE,HDojZeCdUee8nczxsc9MeiMKVF961HqEFeKEvHw74xVR,meteora,1789769424,0.000004311,182338.25,630135,630135,1839.52,57865.95,409393.39,4425036.04,1,6,38,132,627,1019,6608,11105,0.11,-0.34,0.25,0.86,0,0,0,1,DLMM,,,,,,,,,,
1791075700,HgcxVs6kJhPAaGqnPNGaa7zYgNT49hJrLufiqcNMuYZT,FEELSGOOD,8V79sJMPkRuX2EmzBS8uKmfDrCLAbszboC4eJ5Kowvc5,raydium,1789767410,0.0008571,102036.09,857129,857129,0,2144.61,26556.08,168545.68,0,0,4,8,101,98,639,506,,-4.04,1.44,-33.77,0,1,1,1,CPMM,,,,,,,,,,
1791075678,4rkGWJNSUPBcMicXMRAzohEyeJLFG8gUjwiWaz7Pddr3,CRACKER,71JH7ZFZdSkYP9oyXtCnk2U4dGD8S6fg8tGMowsaPWs8,raydium,1789653761,0.0001671,27219.64,108617,108617,0,138.69,1493.02,8232.31,0,0,0,1,5,41,92,83,,-10.28,40.15,-13.58,0,1,0,1,CPMM,,,,,,,,,,
1791075699,GyrdGn9yrZDeAwXfaGqe3QRuFAd3duYQ5jAdHrPvpump,Internet,7T5cgVfW4JXsaeVtMgENeSnrcJywSj73asJu21E7WfcS,pumpswap,1789769840,0.000003094,3318.68,3052,3052,0,3.2,15.66,29.76,0,0,4,1,16,14,30,25,,1.64,0.66,2.08,0,1,1,1,,,,,,,,,,,
1791075685,8hbfVUpsZ9ttdixBzB2PXwYNUJHySaXT9pFoyAEjrTKW,Pokeballs,HCNLrjsWhtCtHKJhivCMf9PzUN1EWzXqYjWjhbkm4MCi,raydium,1789770283,0.00001319,13935.79,13193,13193,0,22,222.46,1594.95,0,0,0,2,0,8,4,33,,0.08,-4.24,-36.34,0,0,1,1,CPMM,,,,,,,,,,
1791075680,5zNmPYCm724a7HLE8FXB2d6R3BbsuPSjzNAxBmkHpump,Prism,CjLTexDv7TZWUXrfabMXXuKXETiE91zMrSj4T5GEJaQW,pumpswap,1789770202,0.000004332,4909.7,4096,4096,0,0,0,233.8,0,0,0,0,0,0,3,7,,,,-8.53,0,1,1,1,,,,,,,,,,,
1791075695,F3rg3LvwU2gVxBEywzweoQcyxJD8mV67fTdJLe37jJ3q,YEE,7D7ZkbjnZFCSUGMGGCNDxFkMERME7H4TUhi3XwMeyStz,raydium,1789772559,0.000004401,6534.3,4401,4401,0,0,0,4.35,0,0,0,0,0,0,0,3,,,,0.44,0,1,0,1,CPMM,,,,,,,,,,
1791075686,9WZriUAVGezWRY5VJYqN7co2CfSyQm5hQgucTkN8pump,bullworld,3sW4Kc55jbVVAQ3TUJLdXrhiC5UNKJdCtWJrkCGF4xDC,pumpswap,1789772663,0.00001059,7565.69,7618,7618,0,0,28.05,440.32,0,0,0,0,1,1,6,5,,,-1.54,-5.38,0,0,1,1,,,,,,,,,,,
1791075685,8pCYnTGuzeLEs5PQkB9pofFrKetSgxySYffCXDwQy8hf,Apu,GkuMtEyn3XzYAB2KDiD3iSmTLvn1HcvkqEeiJVHZ5FjV,raydium,1789766255,0.000009679,10026.22,9679,9679,0,0,311.47,2462.08,0,0,0,0,1,2,20,11,,,3.94,1.07,0,0,1,1,CPMM,,,,,,,,,,
1791075693,DQfVqyCBweL181f4t52iiqHZrWjBc7sL1BKKDM6w13Dy,PINU,3AycAmXwoq8daRkzqinb3LSTZpPibnfnQ4Mbu9nKZcUK,meteora,1789775493,0.000004649,7009.49,4577,4577,0,0,0,187.16,0,0,0,0,0,0,4,2,,,,2.95,0,1,1,1,DYN2,,,,,,,,,,
1791075692,D8BNpRy9FSNXjXRMxX2qV5KJcdg9rVsirHj2bfUyPGoq,DNUT,FwojvrKLG8MAMaDA3CUANuFSYXyro3iFmxsMPCbisnxn,pumpswap,1789755310,0.000004979,5088.2,4845,4845,0,0,16.56,32.84,0,0,0,0,4,8,13,19,,,3.16,2.83,0,0,1,1,,,,,,,,,,,
1791075700,HkJiit2pbesCzSPyEmmf5jnvHpE3RXdB8KmzAWtsmFS6,WRY,5PoRdKH4MCg6Y4vbPNgE9z1TDwiDpiRS57cD44AKFrnn,orca,1789679024,0.3590,23373.58,27058,27058,0,0.01,1.73,998.51,0,1,0,6,0,17,23,86,-0.39,-0.27,-1.26,-5.67,0,0,0,1,wp,,,,,,,,,,
1791075691,CJmk2CGKuzT2sJtnkhs7BVYwTb6dDXveFPSfYriVpump,upcoin,GcEEWQQ91hpjcguppNNdmwVMFzserPXR4LcGRdjbPoy4,pumpswap,1789782598,0.000003215,3192.62,3102,3102,0.75,9.05,48.54,116.39,1,0,6,2,46,34,96,90,0.19,2.01,2.53,2.29,0,0,1,1,,,,,,,,,,,
1791075678,4o5Mxityk8Tet4Gbih2EvPYZmxGxDVuB5eFm4njKte85,NBTINU,2kQQNvr2acMhZ1fBT4SuPNFKP61o2C8uQR3xrVfsosxH,raydium,1789777666,0.000009077,8121.36,9078,9078,0,0,71.46,189.05,0,0,0,0,1,4,5,11,,,-5.01,-2.65,0,0,0,1,CPMM,,,,,,,,,,
1791075697,FzqGY3vUF5Zph5Mv4nxZGHxzc18feBvuoF9fNxsHtWGG,PRISMCAT,Be8puBcbn71yjxwW3wLBji3KcPZeKxqWQiTgnG6FmtVV,pumpswap,1789774767,0.000004146,4273.7,3458,3458,0,0,0,8.36,0,0,0,0,0,0,0,2,,,,0.21,0,2,1,1,,,,,,,,,,,
1791075703,kkfhrRkYhft8fJArWZ2Q3Gm9DE435DpLH9CRxjuRXtv,COLLECTR,z3KT36uYYec3MvGhCiCf2E77kjZnz1xQ6dfBQKjZJYB,pumpswap,1789845937,0.00002039,15346.36,19222,19222,0,0,0.66,206.12,0,0,0,0,0,1,17,7,,,0.37,-12.88,0,1,2,1,,,,,,,,,,,
1791075680,5j7SzcK7419k7jsqE8VN1bjxpeRm7iXWW4umBraeXzoM,PIKAMOON,CcuakjguSG1qTTzDwBnFDkcbgqr7ssEYVCZSxKx2EF7z,raydium,1789845499,0.00001287,13971.21,12872,12872,0,0,23.48,430.89,0,0,0,0,2,5,9,31,,,3.41,-12.72,0,1,2,1,CPMM,,,,,,,,,,
1791075699,H1MWu5RjbFVXiFNcAjFMufcwxzhaKXfVdvGVB9oZLnbA,EMERALD,CZntxmXr2G8jBJr9tuTRLwuvjWrLDjuQkEBGTJmmPdPn,raydium,1789844336,0.000002763,4626.3,2764,2764,0,0,0,26.88,0,0,0,0,0,0,0,2,,,,-0.71,0,0,1,1,CPMM,,,,,,,,,,
1791075698,GEnkAoR4BNaP3br8rf8eo5mj7jMm5c5VpUuttwASpump,Rick,8TUVfVbmjgm4nCie5J96JPSxx3wkoEzVsm5ZT9pgYnx4,pumpswap,1789843129,0.00001115,8268.89,10644,10644,0,3.32,18.15,19.14,0,0,1,0,3,0,3,1,,1.32,3.34,3.34,0,1,1,1,,,,,,,,,,,
1791075694,EPeReW6ScEqdeC7eVDceLuJDLrW7m1ggnaenSeQoP9b2,UMADBRO,Cd8pTuwmwbf3rBRJ2VeXJJXX92kXKzraY6Nx6B7sut2Q,raydium,1789844091,0.00001241,10392.58,12411,12411,0,0,2.96,262.85,0,0,0,0,1,1,3,5,,,-1.17,-6.23,0,0,0,1,CPMM,,,,,,,,,,
1791075698,GTBxUiw6wJdmmkCGZgRHLyYxqu1vG4KtRpeox6yDpump,JEANPHIL,4R8CiMnJWDNoes3fQi1ccPFJygPXazaHaWpHrN3rZeNj,pumpswap,1789844819,0.004523,322182.86,4385530,4385530,9071.87,49379.74,692558.42,1888308.41,24,33,195,190,2401,2210,5992,5824,-3.75,-2.2,10.73,151,0,0,3,1,,,,,,,,,,,
1791075690,BtFegYSVBRxyiKj3pDotZm4eASjoD51x6vp1VuryB12K,KEK,G5SG3RkWycHm2eGozAJSUTuYLMbRJcD63kShB8Ki9VCV,raydium,1789844406,0.000007181,8077.24,7182,7182,0,0,0,194.13,0,0,0,0,0,0,1,5,,,,-5.31,0,1,1,1,CPMM,,,,,,,,,,
1791075684,8QfGp7PrMjrQuZEUCWn4SbrXuKy7xsrkNjjQGCVZrz2G,FEELSBAD,AgwrAB8u4sZerV2v3bcobydXNZFK3DhrSXP71yaUVPJt,raydium,1789838537,0.000003583,5789.66,3583,3583,0,14.01,14.01,14.01,0,0,0,2,0,2,0,2,,0.24,0.24,0.24,0,0,2,1,CPMM,,,,,,,,,,
1791075688,At541hRZhK9LWKj9w2dqN2wCdpFyZgRa1Un2yG7xa43m,VBUCKS,7YoDHgiziucUwikCxXM5pfjG8EoYaDvx28FJgBMkh24i,raydium,1789786206,0.000004872,3977.03,4872,4872,0,17.44,369.63,956.89,0,0,1,2,8,19,30,55,,0.62,4.54,-30.81,0,1,4,1,CPMM,,,,,,,,,,
1791075700,Hdky1Lz84WL7cPWVk7StFWrXVXvdXwPrAcfjJoUrpump,ROBUX,DuLCsBF5i6FWEhmjk43RpXydLV7SYf4BYccLs7Z8bixF,raydium,1789790538,0.00001417,11745.09,14180,14180,0,0,106.68,1430.47,0,0,0,0,5,1,10,8,,,4.07,2.66,0,1,1,1,CPMM,,,,,,,,,,
1791075698,GH8d1NUnv2YRb6xUxn1LRm8B5p2uTqQFeyV1VWs8pump,ZCASHCAT,BS1ECCM3nLCbP9yZNUdxcpV7dQpPq9fpAXYE4vZjkveV,pumpswap,1789932996,0.000003403,3268.46,3292,3292,0.38,8.42,294.73,434.1,0,1,10,5,75,63,177,151,0.03,0.6,-0.55,-1.31,0,0,2,1,,,,,,,,,,,
1791075692,D3hQ5hbTjVz1ram6J9TJYYuFXb8jmvrkpRXRg18cfrFg,AURAFARM,DoBPRJ1j2E8nM6aUMPHTFgTcvDDkqDUbsqo6vStrLcBZ,raydium,1789852518,0.000002618,3837.96,2619,2619,0,0,0,8.39,0,0,0,0,0,0,0,1,,,,,0,0,0,1,CPMM,,,,,,,,,,
1791075701,JAtFQn9yiSxCPBRnECvhaF8Vz3YtNq8Sk8nbCZ9ra54k,BURN,6DNBQmyRPZHQ7vnvAJoqp7huZ4z5djPxxecHSijXy4kR,raydium,1789849086,0.00004299,20476.25,42996,42996,0,76.15,252.06,3056.74,0,1,1,4,6,11,31,48,-0.83,-1.45,-2,6.08,0,1,2,1,CPMM,,,,,,,,,,
1791075678,4yFji5xXra5ew3iiHmajR7jgzt12ivqTMwnwRuG4MRW9,chinese,DzbBELoejP7XFTpmbW86E1J8mR4kKQznaZE37uKx78Zm,raydium,1789853437,0.000005266,5620.64,5267,5267,0,0,48.95,957.42,0,0,0,0,1,0,8,4,,,3.63,50.82,0,0,2,1,CPMM,,,,,,,,,,
1791075687,9gaMApmv31oRKEqBmdyooYi5wpzAahi9h85VeHVFUW2Y,MEMEMAN,CYXdxbm3Qhir7iKiRn6rQyPzJ8qSWNNYJh3WwyNpz1Mg,raydium,1789850528,0.000003349,5101.91,3350,3350,0,0,0,0.91,0,0,0,0,0,0,0,4,,,,3.27,0,1,1,1,CPMM,,,,,,,,,,
1791075678,58rUgmCEJYj1rax9QFjXuHwj3gkwJN1LhdKedyUwoZa6,DICK,EXjLdn7QAfn63urYwiinsXyZkFqkBq9ck4i7BY5oZdVX,raydium,1789851506,0.00001391,10626.61,13914,13914,0,1342.04,1563.84,2765.61,0,0,1,4,1,7,17,14,,-10.96,-28.93,-11.99,0,0,1,1,CPMM,,,,,,,,,,
1791075681,6wrGbTGsnG5WL9RDRgPRpaSnWpy63FR8tJL8fjPvv6DR,KITTY,Ek4LYGqMNypNaRpLhadsZ4VsK7NcLHmREAFgaotFbGgx,raydium,1789845015,0.000003147,5196.08,3148,3148,0,5.05,48.41,48.41,0,0,0,1,1,1,1,1,,-0.4,-0.4,-0.4,0,1,2,1,CPMM,,,,,,,,,,
1791075695,F1BQXs8RTr3pugsCddw3dGVWhfTAPhyLJpuWYpzgRZtU,Bogdanoff,8d3fXyUxozZR7jjwmCUZ3axA6yMp7Rs5Hfu9MC4FbB7h,pumpswap,1789851868,0.00001027,9350.18,9913,9913,0,0,129.46,1215.65,0,0,0,0,1,0,6,6,,,11.32,7.52,0,0,1,1,,,,,,,,,,,
1791075679,5TPNaSi63HSfEHwVSBL2STi7yTPwgtedeXCowjnYHVG5,LEEROY,DzeAVk5P2sy5vpNYSrLMNcTsgxVXeTyZyghyHuBih3Zg,raydium,1789837872,0.00004019,10250.04,40197,40197,9.78,35.52,1436.02,2128.91,1,0,1,3,36,15,44,25,0.53,35.75,239,121,0,0,1,1,CPMM,,,,,,,,,,
1791075689,BP4Wic5LNKsqpmiREW6uNVEC16juvFCSd4WzVBatpump,fomopay,5jYdJBnSrtFTmE6C2nVHmPxKjgSdGTAWw4LodTHUbE74,pumpswap,1789855151,0.00001963,16177.62,18823,18823,0,48.07,221.03,1996.07,0,0,5,4,21,25,58,66,,2.11,-2.97,-10.12,0,1,1,1,,,,,,,,,,,
1791075674,2RSnd9sEt7kyLBtDr262xBNwBsgegz5qcSFtDeSkFLEX,JEV,FaR2sfLo3Vyoe31QwCxKEc27c8P1Pp4d7LCZMpTzEFPd,pumpswap,1789855371,0.000008203,6766.85,8145,8145,0,0,0,229.37,0,0,0,0,0,0,5,2,,,,7.84,0,1,1,1,,,,,,,,,,,
1791075694,EQVpYktJWKEVvERy43e1AGmi5pTGwXNDtB6mTSvwRkdJ,GINGER,H5ETfzhxQ8AC1MwZDzYwCpdK5dDsZz8wCT76QXGexg5g,raydium,1789858864,0.000003385,5771.51,3386,3386,0,0,0,276.82,0,0,0,0,0,0,1,7,,,,-15.34,0,0,1,1,CPMM,,,,,,,,,,
1791075693,DUe1qheefigxhjboRqKkGWjSTeYivjLo6yq763redsRC,WOJAK,BWh4RGBiantA3RZBrw8pZnMstkDCb2thJQ4v8p5x9SyC,raydium,1789801114,0.00003053,19007.64,30530,30530,0,0,1640.97,17216.49,0,0,0,0,26,8,92,78,,,23.32,-7.36,0,1,1,1,CPMM,,,,,,,,,,
1791075678,4htjusK8sBXXpGmcnbTmQHCRTFoh4fSwQryWEnTmpump,Claimr,3BgcWHyE17S1CUo1yzZUkUVhJCDTrPpV8yuTHo7D9gNL,pumpswap,1789858930,0.000004353,4886.51,4072,4072,0,0,0.53,3.32,0,0,0,0,0,1,1,2,,,-1.14,0.47,0,1,1,1,,,,,,,,,,,
1791075682,7GSVfYo715E5FnTyT29XnBzCjyXkdjAQyeubYyK3STNK,COMPUTER,4PJnWDBFigdYMVkFi5QW5YB8cUTQeiJAbbNxjA3LQjLB,raydium,1789508583,0.00002121,13778.4,21215,21215,4032.8,4032.8,4274.58,6100.77,31,16,31,16,35,23,58,37,88.2,88.2,74.72,59.45,0,1,2,1,CPMM,,,,,,,,,,
1791075693,DfcCdx79bbMnSuBp72kMKaEhmbFvGtx88tnP36pra2Rz,HORDE,4wkfY6j4zbvdECUM85AVTvQZCbjS7DX3ngPWYUPqz5zK,raydium,1789852790,0.00002661,6205.87,26610,26610,0,0,1011.46,1123.67,0,0,0,0,9,5,13,8,,,120,95.42,0,0,1,1,CPMM,,,,,,,,,,
1791075692,D1BneqMRzRTmyJtR6Xnpjn5Ec1L76c9tsGGiofNPpump,SPOOKYCAT,ErcndMmvJMc1BL25ViaDW4vDN2sVQDvk6xeZq1DsF4mA,pumpswap,1789864601,0.000004232,3897.33,4040,4040,0,0,12.51,13.82,0,0,0,0,1,2,2,3,,,-1.57,-0.04,0,1,2,1,,,,,,,,,,,
1791075687,AAVTz2XNbHjbihsnjJnZWNAByrz3gnDTWn9HnPY6gdXa,NEETCAT,A9d4mjGsYayV8ocpjR4FCdLhmTwUJr5cWkB238fGFuBB,raydium,1789864887,0.00004515,23277.46,45156,45156,0,0.8,767.74,3122.43,0,0,0,1,9,4,30,27,,-1.89,7.87,27.46,0,1,1,1,CPMM,,,,,,,,,,
1791075676,3QgAJyTGGKfp1QPHBV6tV5P1kq2KwvPBfdG4jjxvZobF,PONDER,GznJ5NLBEB5tKJxTce7yubH5YP29Nq1mvR3YSP86ZLhp,raydium,1789868387,0.000003600,4926.21,3601,3601,0,0,5.22,48.45,0,0,0,0,0,12,0,37,,,-0.64,-9.28,0,0,1,1,CPMM,,,,,,,,,,
1791075678,4ec7Lf7JuCYQVQnUJCzpW5YvaPMNEAeqDRwGcU5n9GGJ,SATOSHI,91gJFA4mgVQS5Kcr6uGh9ToqCrJK3jiSpTPNHKzDQhnx,raydium,1789923833,0.00004835,20380.18,48360,48360,0,0,423.91,1966.43,0,0,0,0,7,2,36,10,,,6.16,0.43,0,0,0,1,CPMM,,,,,,,,,,
1791075693,DVska6Y1PohdNJD2Gt6DwQD1EypfEvcmrFfdttCiRkbf,ZENO,4fjgm81y2aTkHs5ZbwwUKzGehcPGH4Xbw6g7GsMNe6qe,meteora,1789930826,0.00009877,30346.79,96298,96298,0,509.45,16246.29,39967.02,0,0,2,20,121,106,327,282,,3.29,-8.54,-23.45,0,1,2,1,DYN2,,,,,,,,,,
1791075680,6EcQtGwWrecB5CexGgo9EtmrosFx6tRF1YgFy7ECinsc,anon,BCKLuNwLHWkkVcEBPH1iF1ZWqG8dyDbTLfUNNnMvqAEz,pumpswap,1789932053,0.000005305,5121.03,5092,5092,0,0,0,12.87,0,0,0,0,0,0,0,1,,,,,0,1,0,1,,,,,,,,,,,
1791075685,8rq59Z7rjezyuJpEYBCCWG7iEdEuL6EevpUfMoqbcBQ5,STX,464iJip1fGczMYgCjVGZ7D5dYEbUApgdzkzN6bt5jwWt,raydium,1789933494,0.000001897,1852.91,1898,1898,0,0,0,10.22,0,0,0,0,0,0,2,3,,,,-2.31,0,0,1,1,CPMM,,,,,,,,,,
1791075695,EzfgjvkSwthhgHaceR3LnKXUoRkP6NUhfghdaHAj1tUv,FTX Token,DDCSwpNd5jgmHw4tYvEMeKPhEQpXsohzs2wyGZhGZtPU,raydium,1790198087,0.2671,26649.37,63886,63886,0,0,0,2478.08,0,0,0,0,0,0,1,4,,,,7.74,0,0,0,1,CLMM,,,,,,,,,,
1791075693,DsjPNCjFrQDXGZ96UzohaMm9PQJJUxWFQ6Gy6do9CSLT,BINGUS,F9yYscWarHyAusNr5x8SVZ8yCD8HtSxGhSaWRWsavovk,pumpswap,1790017307,0.000003313,3181.95,3136,3136,0.77,4.61,61.82,195.59,0,2,7,7,86,54,199,146,-1.19,-0.71,-0.93,0.35,0,0,2,1,,,,,,,,,,,
1791075693,DbVQ9vYSaxwNuoVopPL3v2KeHtY3hCfS9z3oHQTYWXWx,HWG,5oE1nZHwCZeCgWbTqtZHAdCxMvNwvNz28mqfcnuEq4zy,raydium,1789925186,0.00006429,20637.99,64286,64286,0,14.19,509.08,540.39,0,0,1,0,4,0,7,0,,0.23,10.66,11.23,0,1,2,1,CPMM,,,,,,,,,,
1791075693,DifgEZC24HbYZwDq2og89hUJTjFixsyYZtV7Hrzepump,ZEPE,CJ4YEU7zDigfh6qwDU45fF4QxwUvgSatXTWNQDtJwpcB,pumpswap,1789955189,0.000005846,5398.82,5638,5638,0,7.04,7.04,7.41,0,0,0,1,0,1,0,2,,1.15,1.15,1.15,0,1,1,1,,,,,,,,,,,
1791075697,FSJfPYF6VjuDuUxMFdUrCEkVr96bhC5oXKhv4o6JJxiK,Mentor,9skwAP585Et2bs6TS9KJ6SrAzXgSjxPgs8xDLes2uWHS,pumpswap,1789936262,0.000003498,3701.35,3415,3415,0,4.25,4.41,2924,0,0,1,1,1,2,22,22,,0.03,-4.45,-6.18,0,0,0,1,,,,,,,,,,,
1791075700,HYT5Eh6o5GvrbuTwVGUZHSBdhmRndRXbopW6jfDFpump,JEAN,4JmrLPuxBTYg2nArbcjkgSKKC69DgaNYM3dRHdPAa5Y2,pumpswap,1789936122,0.000002739,2996.83,2716,2716,0,4.42,51.01,130.9,0,0,4,3,48,38,108,94,,1.6,0.17,-0.98,0,1,1,1,,,,,,,,,,,
1791075680,5pnDvUUCfbDkks8s6ZAEmh81FVLeEuKGVZUMf2hopump,Simple,72FThEJLKZtc7HB92U64ARkEYaUAfJVPobKJrWAraTGF,pumpswap,1789939079,0.000003219,3110.84,2921,2921,0.85,7.93,47.56,177.38,1,0,9,9,62,51,154,154,0.14,0.5,1.62,-0.42,0,0,1,1,,,,,,,,,,,
1791075684,7zMVHz2KnzuAot5p45CnSRqLJFckm3Y4egHJvMCqrYcN,Terminator,HafkqbV3J9KQBJF66A5G8GzMJp8fBAFLVPb282s3Ln3d,raydium,1789937213,0.000004868,6424.68,4868,4868,0,4.11,4.11,431.83,0,0,0,1,0,1,4,3,,-0.6,-0.6,19.75,0,0,3,1,CPMM,,,,,,,,,,
1791075684,8Qub8dy1TDEaujeC2jvrWJj5ZcdH9tGSyGhXJxM8PKN5,ZKSTR,DZzarxVsfciNX8nQxPVGSCxAQg64WUKm365Qq8v3LUnq,pumpswap,1789937331,0.000004088,3860.93,3947,3947,0,0,81.76,740.35,0,0,0,0,0,2,10,8,,,-5.41,-18.53,0,1,1,1,,,,,,,,,,,
1791075703,uNskMvAu6DCQQmPqwUiFm6TyxyaqviubSUkbmJgpump,worldwar,GdDLiDMfLjjtyaSTQdrDSHKb99oJipWKVDYVPaCr1imy,pumpswap,1789939165,0.000006252,5208.74,5945,5945,0,0,0,108.68,0,0,0,0,0,0,1,5,,,,-4.05,0,0,1,1,,,,,,,,,,,
1791075674,26d5rwV5emnGJSzr5CKpgq66LmYqqddk33ybUMioYLTU,BASKET,ConxgwZdqkiiFtbni9EaPd61DUQLd9cVWbZBQ9TB9AQ5,meteora,1789927750,0.0001119,29146.09,111912,111912,0,41.17,5858.08,43036.39,0,0,1,3,11,21,217,135,,-0.4,3.01,-36.51,0,1,1,1,DYN2,,,,,,,,,,
1791075693,DftSHHaC4NV1Aew9WbAmtmYeFLdcjf8mfiDm2vNr3iZb,RSI,9zmrxMHyndgaYjerR2tuFQdswKbC46NgPwZuuYoSEA4t,raydium,1789938805,0.000009185,8796.14,9185,9185,0,0,287.81,515.5,0,0,0,0,2,5,8,13,,,13.14,16.69,0,2,1,1,CPMM,,,,,,,,,,
1791075703,wrRVeGUAh9GHVPQFAFHueL8SAXLbtvS46pFmjJsqRwY,RATE,AZnkLMDHMV2xLLeV4Xu1mYnX6yaP8hKLnSNck3S6bbYY,raydium,1789941704,0.000008128,6632.14,8129,8129,0,0,0,362.43,0,0,0,0,0,0,0,25,,,,-13.17,0,1,2,1,CPMM,,,,,,,,,,
1791075676,3NZRsipTAuusbz9PdTEHX6faw8Lzr9D9jzFEoYsXJ1j1,BURP,2uZeWgA2ypYE3k9XTfxGigvhBxTxgMEcCz4ZdKNHbQvy,raydium,1789940637,0.000003479,5303.19,3479,3479,0,0.61,0.61,21.35,0,1,0,2,0,2,1,4,-0.01,0.01,0.01,1.46,0,0,1,1,CPMM,,,,,,,,,,
1791075686,9VBh7iBb4XsMtFt6A5MmC13WpAf9qRwtVR82v9pUpump,$Tapout,G6U3DjbgbVXAV7bh7CJeoUeh95iRHE577KNpsBSjKijo,pumpswap,1789939803,0.000003772,3553.79,3581,3581,0.56,6.64,38.79,107.95,1,0,7,4,37,30,82,79,0.14,1.97,0.18,-1.19,0,3,4,1,,,,,,,,,,,
1791075689,BJ9mPPkCqnMisMiv7JQW7MJ2fgDyjm9udmwHZuJ2YcTf,DOGE,CKdWdZ7bAWw84h5WKEpKkQmFFoqXQgn5YCP56vPhTiXq,pumpswap,1789939159,0.000003783,4033.77,3703,3703,0,52.31,56.74,60.27,0,0,1,2,2,3,2,5,,-3.03,-3.18,-2.79,0,1,1,1,,,,,,,,,,,
1791075676,3Vx7yJSMWwBzYZtPtiBtfjAS6TxYttvLBCNzLRaJqGyW,SCAT,FPpjNRw94TZZ5MkisGHnwt5v53ozjJMSiWTXyievfFR3,pumpswap,1789939128,0.000004044,4199.25,3824,3824,0,0,0.17,39.76,0,0,0,0,0,1,0,4,,,0.17,-0.32,0,0,1,1,,,,,,,,,,,
1791075675,36jkatzXHNjJGaE8qCbygu22Vatkf7L34bPvwf1txuv4,DIABLO,2FE4H49WPjkxYrma4obZR5FepHj3uxPbq7F782U9Ebm2,raydium,1789939860,0.00001216,9892.2,12164,12164,0,49.02,94.83,1294.58,0,0,1,0,2,10,18,23,,1.98,1.29,-8.48,0,1,1,1,CPMM,,,,,,,,,,
1791075695,EqFG72Z35r8cAV8mKu3UK2L8NUTR1ZNyMr88E4BnwN8Q,ZEBRA,8WormohZAE1UHyEX65Y5njDzwgEiCPXskr5QhJRdk68d,pumpswap,1789939278,0.00001054,9687.09,10213,10213,0,42.18,1017.87,1392.59,0,0,0,1,3,6,15,25,,-2.65,-27.17,-24.71,0,1,1,1,,,,,,,,,,,
1791075693,DkrUw74m1nC7QWXcHC81QpZSYBiUgWwde9LzPFGBQmv3,ALLIANCE,5WvxJ7B9dR4GXAv4VbE6By4pfnygQGzrfm6ubEDSai44,raydium,1789856511,0.00001469,4652.37,14699,14699,0,0,604.04,681.37,0,0,0,0,7,1,11,2,,,103,111,0,1,0,1,CPMM,,,,,,,,,,
1791075702,YuZU1EYaovxEHN2sA7oSy3SDNEZovEuUce9edtmSTNK,KURUMI,HP6iQsFkRu6NR88aQR9ZAgjRfjqAN8GDm7sPbqm5pjGj,raydium,1789939062,0.00001222,10254.69,12220,12220,0,630.86,3780.1,45080.55,0,0,3,3,34,36,285,273,,9.46,-38.28,-19.55,0,0,2,1,CPMM,,,,,,,,,,
1791075679,5HZHzdeCtPUdzxz31W255uB6Umugu9kfe3bxbrya4DP2,ZCAT,9wCYQZBUL1CmXF1iHoBT2X82iTs47uR5obFmkekwBYDT,pumpswap,1789939564,0.000004053,4028.73,3655,3655,0,0,2.47,19.72,0,0,0,0,0,1,3,5,,,-0.08,-0.77,0,1,1,1,,,,,,,,,,,
1791075702,Wb33GwzjQLvvVhV2XB3YonQZQFM9zhXiU7AZB931Uts,INU,9BsfHGVT28SqDdj5KgQscV7kciu7992x9fFQQqRu5oWF,pumpswap,1789945332,0.000004626,4999.5,4486,4486,0,0,102.07,148.22,0,0,0,0,2,1,4,7,,,6.79,6.3,0,0,0,1,,,,,,,,,,,
1791075685,8jiYr3g4TqbXnv9kAcuwHtkJbBK7thpaFyd6RUajeR1f,JACKJACK,2JNVFi4UvxjTJ6ghquWgUFCszoj4ntqQVEuFK62DmY4U,pumpswap,1789948705,0.000003327,3538.78,3253,3253,0,0,0,18.15,0,0,0,0,0,0,2,4,,,,0.65,0,0,1,1,,,,,,,,,,,
1791075698,GYU4DrNqnBam2MPBuxxp86eqvY4wXdxKoPcXwN2X7AF2,🔺,5DcwsSAVcWdzAmE5EVNsZcWHLMssBymoCmw5KUM9ciuw,raydium,1789953255,0.000009459,9645.96,9460,9460,0,6.8,433.04,1303.95,0,0,1,0,2,5,12,12,,0.27,-9.49,-5.3,0,0,1,1,CPMM,,,,,,,,,,
1791075689,B8WvjPmz1wJ9xPRKEkyWHFzPZoaqkKWCytgtFjhTpump,ZIRON,BEw6orDmhs55ySpyR7Rzn73qRUaMYkp1sXL7uNBqzgUJ,pumpswap,1789962192,0.000004473,4561.7,4326,4326,0,0,3.67,3.96,0,0,0,0,0,2,0,3,,,-0.05,-0.05,0,1,1,1,,,,,,,,,,,
1791075674,2Ecj4UJjegEcjCEPFMuXJprFUD8HMVphqTg2Qtm5pump,EZO,7Gu4CPCbiGwaqYFyYGhCtkvAd67abRm2ouD3kfYYW627,pumpswap,1789966725,0.00002307,12119.32,21951,21951,112.55,16606.13,42755.21,46078.9,1,3,159,138,430,349,463,377,0.93,64.99,166,189,0,1,1,1,,,,,,,,,,,
1791075692,Cnfyns5wz7PJpnSr6x3Znmvpq7c9T5N9i5RshzppW3zT,STONKTOOLS,5BMtPuNzuuHLGVBuZS8Q4JHDu5Q63GhFbnGEenw8jCta,raydium,1789971536,0.000001589,2736.69,1590,1590,0,0.19,0.95,25.62,0,0,0,1,0,3,0,5,,-0.47,-14.96,-12.51,0,1,2,1,CPMM,,,,,,,,,,
1791075675,2c1weSacxYkxF5xAFSzdYQXoFp3XcjimXyaGSioTnpRs,POPEYE,5AVBevqXHqAfXCpy29dQGgAVCSxojG3pqw4juFqUAPb9,pumpswap,1789970802,0.00004651,19073.36,44853,44853,0,1.15,209.18,1142.61,0,0,0,1,2,6,4,25,,-1.42,-3.95,-18.01,0,0,1,1,,,,,,,,,,,
1791075682,7DtK5nPsQEMyENpdhADW4dxz9rkh3pKf46p8SMn6pump,JEANGRINO,2aL9pz69xof7hXfDyk65xCfKzpnbaie9YeqBdwivS4tH,pumpswap,1789972243,0.000002438,2678.36,2398,2398,0,0,0,0,0,0,0,0,0,0,0,2,,,,-0.29,0,1,1,1,,,,,,,,,,,
1791075696,FQVeKbsDekWZZCadPsoySud4dDeFsyt9fXKMXrbyvdDD,GO,6vNQyAEoT1aK6j9Tzr3HBPLj7vTyLyLwRcfHgvxXim61,raydium,1790019163,0.000008684,12269.87,8685,8685,0,0,13.2,595.9,0,0,0,1,2,13,4,28,,-0.08,2.15,-6.02,0,1,1,1,CPMM,,,,,,,,,,
1791075680,6HU4CmRb15C2nQDx8Ld2f2W2wTdmog6aZiiXdrT5Pzi8,GROK,3NAxQ3UgevvpTLSTjT4e6PuzLrk8YoW6BsLhTYcU9XeG,raydium,1790016873,0.0001995,57445.09,199510,199510,0,3609.36,30108.76,118860.68,0,0,24,17,221,126,733,572,,6.88,-4.58,-17.45,0,1,1,1,CPMM,,,,,,,,,,
1791075702,TqUWvYLQMTddRfkQQBjSzM1LTQQGHUnnmNNacGLSTNK,COPPERINU,CEj3iSTG1DhMjsbv6iBQ31KpjF42pvP6NQBHseQmvNBe,raydium,1790021096,0.00001024,9912.85,10247,10247,0,0,8.03,119.71,0,0,0,0,2,0,4,5,,,0.28,-3.64,0,0,1,1,CPMM,,,,,,,,,,
1791075675,2jjbtFBnsZNqgNR3N3LVbDtVCLKHK23w3MZzr4a5PooH,PENNY,GvBAfYih9cAw1vaJMmaWJtuFVs6W7ayHr3nK5cF3GhBk,raydium,1790020492,0.000005614,6754.47,5615,5615,57.74,57.74,58.01,129.9,1,0,1,0,1,1,2,6,3.3,3.3,3.28,5.66,0,0,1,1,CPMM,,,,,,,,,,
1791075699,H1L5hW33MEbfNu13991ZREJSZrPzor2KXPFQwtMZpump,RAGEBAIT,9FN3RTt7zfhd4yKhet4iixq24P3XFNx948fGkNfzjMnY,pumpswap,1790018501,0.00003049,15204.13,29718,29718,0,0,148.56,264.52,0,0,0,0,1,2,3,6,,,-2.6,-2.9,0,1,1,1,,,,,,,,,,,
1791075700,Hkg5ffPaEthdtTqucQxMDaS3B8ZJ9rag4GnV9SWJe43g,TARD,GG1nhmhY2qDKLP1abjjfLQuRssTYaEJmRCRjuxMG76nC,raydium,1789781240,0.00003521,21287.73,35219,35219,0,197.09,208.22,1446.2,0,0,0,1,3,1,12,14,,-3.63,-4.21,-16.88,0,1,2,1,CPMM,,,,,,,,,,
1791075692,CzLTZppPdZtTjyq3WGpHLstoc3GLhu7zH5Zg6xUa6Gv5,COPX,51AhFzj1wHv8Em7dNpfarA1fKP9u4iBY5YNkFS1r2kRK,meteora,1790021425,85.35,44466.13,298730,298730,57.94,174.48,5338.47,14763.54,1,0,4,24,75,148,206,227,0.21,-0.01,0.42,-0.3,0,0,0,1,DLMM,,,,,,,,,,
1791075691,CbouD8khLcz1Y1QngvRtQufUimSRKpHkvGn6y1n8pump,UTILITY,9dyeuZaENy1TfKwkR4rV8mGZcAWWw4pkubyHBkUG85oZ,pumpswap,1790022917,0.00001097,8536.93,10750,10750,0,0.22,264.66,892.5,0,0,1,1,5,14,25,55,,1.37,-7.34,-14.45,0,1,1,1,,,,,,,,,,,
1791075699,GvFe6EjSXAP31EbkSAYpHgX9mcgTUZWHkTuDjRUUncWL,UNC,6viWAMHocDwDAbkvXUUCH1AgbKQh3rzQje55TBihjgUK,raydium,1790016002,0.000005161,6049.07,5161,5161,0,0,187.42,268.94,0,0,0,0,2,2,6,5,,,-12.33,-12.13,0,1,1,1,CPMM,,,,,,,,,,
1791075700,HhcfXbZ2rukoKx8oAH8rfkmzXbwvfdh6MMLZjneg4rWk,COPCAT,FDy48HT3x8xV27vwemC5VZjJwX2WBnCgKMJYuAnmoBdZ,raydium,1790021024,0.00007514,28134.86,75145,75145,0,278.29,3728.06,10173.63,0,0,3,13,30,41,79,136,,-1.79,15.4,-19.21,0,0,1,1,CPMM,,,,,,,,,,
1791075684,8QE5Euj5gUVnLL5MZx3AAZxS512mtbbhtqHkB7jfj9Xq,NASIR,F2Vy73Teue6X3gGph8mjFzPpDGSqmj6wEuJ7qWZ2f9Wk,raydium,1790020868,0.000003807,5806.43,3808,3808,0,0,5.48,98.88,0,0,0,0,1,1,4,3,,,-0.62,-0.55,0,0,2,1,CPMM,,,,,,,,,,
1791075698,GSdBJ6kgZyTqKSeW2SmLYMMDDC7WJEkL7xiY91N4STNK,INUPCS,GqAhgkriAdUCDLnpGiJ3M69PkAp3sjKGrz3b5BfVX8Pp,raydium,1789684934,0.00003080,15443.05,30803,30803,0,112.25,15771.78,20776.3,0,0,0,5,51,56,72,88,,-2.38,23.04,47.99,0,2,1,1,CPMM,,,,,,,,,,
1791075680,5tYcEEKvN63RrzpomgF2jWMxJMHmr4Zo19RX1mXipump,LOOONGCAT,ATqdMJZ6epcdY76mWqR5fek1KifruRsWEJc4DtRYFNVV,pumpswap,1790025913,0.000003791,4493.16,3754,3754,0,0.97,28.77,88.17,0,0,2,1,12,7,18,18,,-1.04,1.52,-0.06,0,1,1,1,,,,,,,,,,,
1791075700,HUcEu35oz1yku1yLBSYRL1UyAnAh59ZCkAYPRe2xpump,ORACLE,AFZR4CSCkPug5iu2X94VU3HWDercXzFo88DPyeCFUvvU,pumpswap,1790024708,0.000003475,3771.95,3372,3372,0,0,6.35,23.92,0,0,0,0,5,6,13,22,,,-0.33,0.02,0,1,1,1,,,,,,,,,,,
1791075701,HzaCANKGkhNcQGb1VWL8f4tHJYrCmaXrPWk9eHR7GYYX,SATOSHINU,9MRKwU9aqc8UZxEwW18xBdkJH2sX75Y5VNnCPgiGEMD7,raydium,1790028055,0.0001860,45405.02,186055,186055,36.12,766.41,7752.05,40388.88,0,1,5,9,71,47,198,158,-0.32,-3.66,-11.35,-17.49,0,0,1,1,CPMM,,,,,,,,,,
1791075690,BtisfPT2fYPVpUuPkVwNCBdUbSX6jcm4ML8D4bRNXWqf,CUMMIES,5rZWwdX1gg641JCDwD75E8PX4i6ZBnHzn2QGByVP8TtE,raydium,1790028187,0.000003171,5555.19,3172,3172,0,0,1.34,11.17,0,0,0,0,0,1,1,3,,,-0.09,-0.66,0,1,1,1,CPMM,,,,,,,,,,
1791075701,HsryXB2BdWJuRXAY29hDcw2g4BPH57Q5nL1qu8kQpump,TRUTHS,Gja6S5zY1rywKXNRWsVWjDDT1wD4ECdXNEhUhqzfR631,pumpswap,1790028940,0.000004390,4203.22,4145,4145,0,1.85,1.89,9.69,0,0,0,1,1,1,2,2,,0.71,-7.23,-8.11,0,1,1,1,,,,,,,,,,,
1791075695,EgrQxdckmSBEzKXzMD6PxjYdwsMcBpJjW8dx3RBWx4By,UAP,97iQDCZgrEyCjxynLmd6yKaBBg5UitdEzuY5rR2EpkCP,pumpswap,1790031416,0.00001874,11319.83,17885,17885,0,143.56,197.48,1441,0,0,0,1,1,3,19,12,,-2.14,-4.76,24.03,0,1,1,1,,,,,,,,,,,
1791075684,8TSUhXRhpEFtUVfDFAQdYCwgp2mEbs2jQk7tAYc1pump,HUSKY,3sAKhjvVFFMWFNhhLhgZztk6RomyR4EXMRMAPYULEpKJ,pumpswap,1790031623,0.000006198,5634.23,5974,5974,0,5.76,18.35,274.49,0,0,1,1,4,2,9,6,,-1.14,-0.7,-0.21,0,0,1,1,,,,,,,,,,,
1791075689,BVdbH7PLTSQxBssqvWTxVDoA8qfsztdVtMsZQSS9CScZ,GHOSTCAT,9kf9wUh4Z8r49TD1utiat8obz9iWs12m38KeK1g5ADju,raydium,1790032204,0.00001375,13242.17,13754,13754,0,39.11,813.44,2024.87,0,0,0,2,13,9,30,32,,-0.73,1.76,8.06,0,0,1,1,CPMM,,,,,,,,,,
1791075675,2UxzjvPXQ6CeJhAhk95yHicD3FavprqkukXz1DJAKsRs,XCAT,YKvv57J4f2pxQdggSvnnWMp9wLdgA76pnyETNTEjiMr,raydium,1790026131,0.00001322,11432.52,13229,13229,0,0,10.04,779.53,0,0,0,0,0,3,9,12,,,-0.34,-14.83,0,1,2,1,CPMM,,,,,,,,,,
1791075695,EkEq6teGMFEwrs2pWNbCEgSqEoV4q8WLBg9k6SKcgvh,kirkinu,7r69UthQa8nZdiZMHCkSBFm6D9HLGMadLHmKk8zWqX5A,pumpswap,1790031028,0.000009487,7748.17,9152,9152,0,0,193.98,3533.23,0,0,0,0,0,2,37,34,,,-5.99,-10.2,0,0,1,1,,,,,,,,,,,
1791075693,DfbhY8XtNc317jpSEJDQejLD83QUMHtBzyn9EjgSTWGW,BITCOINU,5DzXJzmTsrvmPZBEBjyeR2qJtH2tTrCiT7o55M5Uuzci,raydium,1790034852,0.000006953,8030.89,6953,6953,0,27.16,933,1471.11,0,0,2,0,13,14,18,20,,103,-2.34,2,0,1,1,1,CPMM,,,,,,,,,,
1791075686,9Vkx8JzfdARs59TFJvJbHALjgxSzvttja3kdCTb82HAX,JOLLYBOT,BHVajyjoMBkDY5d5rMJmAk7LYjbxtmxxsM8KSH4pBDVQ,raydium,1790032548,0.000006011,7664.82,6011,6011,0,0,0,1119.87,0,0,0,0,0,0,7,7,,,,-6.26,0,0,0,1,CPMM,,,,,,,,,,
1791075694,E28eQFoCPndfLUPnxYgEWHhbnEVqSpyNPgAacoAEpump,inu,FVc7EaaSg9a5BYz2y3nuemmjvfq2BRWXopjjocA1G593,pumpswap,1790037054,0.00005963,25193.74,57945,57945,0,1025,10788.44,20856.49,0,0,7,5,67,58,142,118,,13.17,-22.84,-15.37,0,1,1,1,,,,,,,,,,,
1791075688,AVXPQqxd32ABAP5F7shHKNeWBpos9miktdH3uKqgXYJZ,suit,FrCvbU6p7CmvRxxuGca9t14Bu3LGk9wKFzJyZQHVjLrC,raydium,1790035877,0.0001165,31091.01,116596,116596,7.83,1124.38,28037.44,78634.05,0,1,16,20,185,130,486,383,0.4,-4.29,-21.4,-39.45,0,1,1,1,CPMM,,,,,,,,,,
1791075680,65d9zPGzAGDz5ia2V1iHTbtAFHQYd3WjSxmeVGp3UKqa,F-35,4328JUM9dukgcGittLVP6q31WUCzc33o1nXfRYrmU65x,raydium,1790017627,0.0002165,43011.7,216523,216523,46.15,395.94,3797.47,16493.71,1,1,11,13,111,116,430,443,0.02,0.01,-0.45,12.79,0,1,1,1,CPMM,,,,,,,,,,
1791075683,7ypCq2CJ4fnbtS3z2B1W1UT2he5E3u7Md6Gy1ri7uGrQ,ANT,3b2ys5YveWJ7D6SusGTESpUnmAUzNitHMNNftsmAmxST,raydium,1790045166,0.0003173,47258.43,317338,317338,19.9,1797.91,15221.81,49169.65,1,0,16,14,105,79,319,230,0.15,-3.84,-22.4,-21.76,0,1,1,1,CPMM,,,,,,,,,,
1791075676,3ULoD6ffRdG3B5Dndm1cQh7VNATqoitqQ1EVoAwWQZWk,USDC,3qkKyoqTMN4tj17HGfTxRRppsZ8PxRxynGsguCG85kYp,pumpswap,1790051776,0.000003523,3571.36,3372,3372,0,0,0,0.3,0,0,0,0,0,0,0,1,,,,,0,1,1,1,,,,,,,,,,,
1791075682,7PDAotcRRWUNUubyweQbUFaJ1hZb9iEbcpxPxN3dpump,KITTY ,7qRBf6Y64H87rPAz5knDQdVtJAvir891vXsuJxA9b4Tu,pumpswap,1790056148,0.000003051,3342.63,2945,2945,0,6.82,23.13,61.56,0,0,4,3,21,15,51,40,,0.58,0.86,-0.27,0,1,1,1,,,,,,,,,,,
1791075697,FmsfyLgCPkdxe7HkgbgWJrrknfsCawua9thgV9B8pump,ZLOOONG,BjNigikGjc1wZs9XHzaFnsTStFYXZjwgHpG6aH5tMJEg,pumpswap,1790058413,0.000002653,3008.89,2618,2618,0,0,0,10.03,0,0,0,0,0,0,1,2,,,,1.87,0,1,1,1,,,,,,,,,,,
1791075682,7BLkYWuwrSv9rW1eFqpmjhUHWbzY5sscszE3ahkkpump,CATANA,5xz7LDeLscmXqn7wrBb54gmggv37G2JP3MrVtArBVafw,pumpswap,1790094811,0.000002943,3043.18,2872,2872,0,0,27.23,27.23,0,0,0,0,0,1,0,1,,,,,0,1,1,1,,,,,,,,,,,
1791075681,6TDZqZG39ELJasXLzPbZr97gz39gsyUUkRxZUSSKwkac,FLY,CvoBdBrHy6gtzfabCcjUvUPyxqCf5y7zh2ABYd2VtFNw,meteora,1790103202,0.00001147,11902.94,11472,11472,0,0,116.78,559.73,0,0,0,0,0,1,5,2,,,0.18,3.27,0,2,1,1,DYN2,,,,,,,,,,
1791075688,AbbMu7BKCuYgXuYErQ6TqBdmnzjKnhr6pyJAeucupump,WHT ,AEPCU7DvKkcdEtMBndV3y2rLEuy93iHJZNzyJa6Mtv3a,pumpswap,1790103519,0.000003381,3808.13,3274,3274,0,0,11.32,115.04,0,0,0,0,2,2,4,3,,,0.3,2.58,0,1,1,1,,,,,,,,,,,
1791075696,FFaArmXLDhPxr6HboqLz1MxH9G47XKmc664RkHv9jjTZ,SEPTIM,W987YJNrGMHdbWV2Ga6MJmwwJeHc4eExkKrRdm6YCsD,raydium,1790096990,0.00001165,9564.72,11657,11657,0,19.59,138.94,1278.94,0,0,0,1,0,2,8,15,,-0.84,-5.62,-5.09,0,1,2,1,CPMM,,,,,,,,,,
1791075683,7XiFJgX4nkER8gTH1LXUX1VEBJrLRSZfFXuzDy8ccWGT,APECAT,6ndy4jRzFEpd7xDW9NGzXc8nt6tUTYwukiJUj8AWZgmY,raydium,1790104565,0.0004436,66897.32,443690,443690,0,1676.04,3663.88,14797.16,0,0,5,4,16,16,70,125,,-10.44,-2.43,-14.94,0,1,1,1,CPMM,,,,,,,,,,
1791075687,ARMbSB1MBRQrY6PNMao1HdQ431VafC6JRJCsGZ2Yv3iJ,ARM,H8v6Tm46g7AShbL3h1RsD3mUAiPuCizfABGAJTfQG2kR,raydium,1790107878,303.22,51735.89,280480,280480,0,120.98,2108.42,28465.67,0,0,1,0,7,3,323,50,,0.14,0.37,1.02,0,0,0,1,CLMM,,,,,,,,,,
1791075692,DEuwDKst8JDNRcuRjth6Vhpk98FSZwenv1TZZvz1a8ua,SOL,74AUwSRphK5AzEiSDjqhgVAKPwz2zqgHYWqwjYAEubSB,raydium,1790100802,0.000008756,12848.91,8756,8756,0,0,135.72,144.16,0,0,0,0,2,2,3,6,,,1.43,2.21,0,1,1,1,CPMM,,,,,,,,,,
1791075696,FDaJxBqw1fDhwPQTn8XU3bKH8sXXRe8o5kzC3CdUAv7X,SWEEP,EzN9f2oGkMzkEJxdJtySURqvBd6Y8Ah2EoEXsbgutbc1,pumpswap,1790108522,0.000006972,6949.7,6750,6750,0,5.88,320.4,895.95,0,0,0,1,3,5,13,23,,-0.35,-8.58,6.6,0,1,1,1,,,,,,,,,,,
1791075677,3qKBLkTtxbzSovHiq7yKGqJJFifiNMRpEug17E7nETEW,UNIPCS,DW1Pccn2Xmabgnw9JEuJhagQuMEiwLJLJ1Fo7vz3mop3,raydium,1790108535,0.0001145,25741.47,114590,114590,0,0.03,238.53,676.66,0,0,0,1,1,3,2,3,,0.23,4.32,4.32,0,0,1,1,CPMM,,,,,,,,,,
1791075675,2v6aBgHf3DxkDNk3uMXjq4rZxUqXxQ9yz78xzTq3pump,PROZAC,FAj3rx732GmVynkfF138KJL6PowZVZ4hyEfVur52NwoK,pumpswap,1790111066,0.000001454,1714.83,1414,1414,0,0,0,0,0,0,0,0,0,0,0,2,,,,6.27,0,1,1,1,,,,,,,,,,,
1791075683,7jjTerm7hjga8Q1VgHzEkbNGUy7qTZca3i3tBGcEpump,Uptober,9Uwr9TpdtZUHNCAdP2SLy43KVmecmgV45Zji5KgPUmr1,pumpswap,1790113158,0.000003566,3411.36,3077,3077,1.42,11.77,75.68,206.16,2,1,16,8,84,56,172,146,-1.11,-0.36,0.87,1.25,0,0,2,1,,,,,,,,,,,
1791075698,GL9yitmUAbREY5MmFftvhpmF3ogU2RMkUPxRmBQ8pump,4D,GCEobvxHZ8Nk8q5dHjqeKk2LLuUKJHaYt4JPtxrZYunq,pumpswap,1790129030,0.000007710,5967.86,7227,7227,0,0,1544.09,1544.09,0,0,0,0,30,15,30,15,,,12.6,12.6,0,2,2,1,,,,,,,,,,,
1791075675,3B72iCu6FXMqN1fk5EKrkDxT4Er6cDomoo6Ym23Ypump,BFC,BChHmBF3PwxecJddjk2DQcTc1eM8phUr324ntfyb9UnD,pumpswap,1790113096,0.00002952,14087.51,29101,29101,0,0,390.73,871.16,0,0,0,0,0,1,6,7,,,-4.82,2.05,0,1,1,1,,,,,,,,,,,
1791075694,EG4dCBXrQVcWQStLtkXbr5cecoPjqaLAeCBNG1ybfEXT,BADGER,EC7t9MuzhzA3Z4aFhVqHud9K4QvEB5srsjTr6DvLEtMP,raydium,1790050130,0.000004343,6201.87,4342,4342,0,0,0,17.34,0,0,0,0,0,0,0,5,,,,-1.02,0,0,1,1,CPMM,,,,,,,,,,
1791075674,26j97ZBGjaEZNzqZ3eSqKqPLZwS45aYp5BobLRQVpump,MORE,5WSRXJYpEQkqdpAg9fsU4e1gVxNiGy11EnLp6pSeB2wY,pumpswap,1790102254,0.000004884,4952.6,4682,4682,0,0,0.1,234.27,0,0,0,0,0,1,5,4,,,2.24,-5.19,0,1,1,1,,,,,,,,,,,
1791075681,6i9FXZMb4u84Wisa81RKiDtJP5ToQ1jkxr3Evqzr1yhv,EMPLOYIM,J3nY7b6ZDM8hvrxj33fLEGQXP3mNZgKya3vJjquoD1DK,raydium,1790118624,0.0002453,48140.9,245311,245311,0,977.83,4111.33,18735.52,0,0,5,6,29,30,89,101,,4.35,-9.92,-0.75,0,1,1,1,CPMM,,,,,,,,,,
1791075698,GCUvCs5nGtdmDrEaCuJPMH2Mf7Dv11YotTd4HNdaFF1t,SRI,2HyXNkqahx7AYrRoVyEWF276NbmS3y1UNrXU9h5f3C8L,raydium,1790119814,0.000006126,8149.21,6126,6126,0,15.03,152.98,1193.06,0,0,0,1,2,4,14,18,,-0.64,4.51,-8.35,0,1,1,1,CPMM,,,,,,,,,,
1791075691,CUQScgAnRkE1pk1jHopaxaZy5k5ougCQ7bnKZojGVhV4,CHUNK,CErYuoyuNrxQPvFtidVmQJf6mEEWfkRKZSGY5wq4vLDV,pumpswap,1790200643,0.000002775,2886.82,2698,2698,0,0,1.18,8.03,0,0,0,0,1,0,1,2,,,1.54,1.35,0,2,1,1,,,,,,,,,,,
1791075674,2Huhr8rHzgsiVF9zB9dBjECKwF4Le9TzBCoye4qGpump,ShinyHunters,EKUhZ1vYttKxrQtXpJgKjAzthwSQtvdYJhudW1qZD7ZT,pumpswap,1790140642,0.000003060,3282.4,2984,2984,0,0,9.87,955.94,0,0,0,0,1,0,7,7,,,-0.6,2.46,0,1,1,1,,,,,,,,,,,
1791075703,zYiF3rA8aWYUuDek3Z3po9NF4V5UDky5nji7Wr6pump,BillSmith,6PcxDv7eMhKehgvWPii8vRS1VTE9bJaBrgBYsc2c4baM,pumpswap,1790119358,0.00002300,12524.61,22182,22182,0.04,71.15,7571.17,77583,1,0,4,8,87,91,673,579,1.09,-1.39,-45.03,110,0,0,2,1,,,,,,,,,,,
1791075689,BW7V3nwT6Wpm3X7vMyWCTUKkz1Hj1FsTwUg1CCHPz5mU,Chachamaru,A2P6vXuWEhfTmG4xJfNT8QLvg58aHVuTg6x3koYyZKqR,raydium,1790118299,0.000002389,4499.83,2390,2390,0,0,0,2.32,0,0,0,0,0,0,0,5,,,,-0.49,0,0,1,1,CPMM,,,,,,,,,,
1791075681,6Wr7KF4F1NZ3cMxCQzaSr3kEha2uLnCYKbEC3MD5pump,Archi,ARkwuoSLhDkkWMgx2LAvPvMtwysD5Y833LGWZ7oDtkEo,pumpswap,1790120623,0.000003666,3830.27,3579,3579,0,0,1.18,123.83,0,0,0,0,1,0,3,4,,,3.08,8.23,0,0,2,1,,,,,,,,,,,
1791075700,HqyTxEqk7qmLu2Gnx46eEZwQhzCf2yVqRompLaKYpump,STORMIE,GaK5yYzBuUdGF4jZeULounvLHLD65GLNu1G4cYSkE5e1,pumpswap,1790121580,0.00001367,9286.62,13053,13053,0,1.91,151.67,563.32,0,0,1,0,2,1,19,1,,4.32,5.76,23.32,0,1,1,1,,,,,,,,,,,
1791075701,L2pnNX8eBbNLYYH2Sr3riBksJJSpauQueazTJ8epump,HACKA,7xtpGvFTzKLKtVvV1kVgTL2ZyvGyxa3gRtXh6uZojGit,pumpswap,1790123910,0.000003664,3883.4,3455,3455,0,15.72,15.72,15.72,0,0,0,1,0,1,0,2,,0.02,0.02,0.02,0,1,1,1,,,,,,,,,,,
1791075702,c4AtfqMRbC9FuHtVEHDhCm453tytU9E34MXXrp6bLuf,BLUF,BJ6pFMwat4EG3UE6eSXY2Qtt8t74JAwioDE2T4WE233Y,pumpswap,1790178656,0.000009335,8390.47,8930,8930,0.91,19.64,141.2,318.78,1,0,6,0,15,12,42,27,0.14,1.16,5.13,5.85,0,1,1,1,,,,,,,,,,,
1791075697,G2KB6Yvhs2ojSVtQ8AmCLAMR6wLxzAscS8nNERcYtUVD,LOOMI,8SrzuBHchAuBmfyWyi9wA38jSSCyJE5jfq7EckXaR3ah,raydium,1790118039,0.00002420,15557.48,24204,24204,43.04,460.66,3133.25,22592.54,0,1,3,9,25,25,139,126,-1.08,1,-10.57,-35.63,0,0,1,1,CPMM,,,,,,,,,,
1791075678,4wYd4vPhzaUQs5vqUrEJ7CPtKg1qzXHhauERuh4MiNMB,based,FDfmFmtyvRhLsD1gFDZzFSnouSXZyDSki8GJtJvLER5y,pumpswap,1790125537,0.000004813,5442.85,4683,4683,0.3,5.31,35.81,61.09,1,0,5,2,19,8,38,31,0.13,0.43,1.2,1.9,0,1,1,1,,,,,,,,,,,
1791075693,DSadxxnHcSNGxceK42tzqjPsVzvfcwZrW4p1F7Levsmb,EARNY,CRkNCGdMpEcCxhnwbKPb8Bd1kSZmjp98ZgDi2HAei73T,raydium,1790116560,0.000003299,5263.35,3300,3300,0,0,0.06,61.01,0,0,0,0,0,1,0,2,,,-0.01,-0.01,0,0,1,1,CPMM,,,,,,,,,,
1791075685,9Asc7gVQo7uc6QVeqnXzR44X1wUQdHmLCPiSX4CVpump,FRUFO,561ipawww5Es3hd2hjEM3AuyBx8M6yDWkb8uv2kA88Bm,pumpswap,1790132406,0.000002857,3356.78,2783,2783,0,0,0,0.26,0,0,0,0,0,0,0,2,,,,-6.43,0,0,0,1,,,,,,,,,,,
1791075688,AisM5uhzVWD5nLWT5Tg93UxWcHHXCv91N14fSj332ttj,FIRE,4Eb9qkowfLEP4eGcUvyMW9UYQf1d3qTrdW2dkJEFtbVD,raydium,1790177348,0.0000005518,826.3,552,552,0,0,6.24,25.09,0,0,0,0,0,3,0,6,,,-16.92,-15.22,0,1,1,1,CPMM,,,,,,,,,,
1791075692,DF9oBsUXmzpLHD39Z2ep8A3FoajL9QhNL4ETfqz9pump,fomocard,CNFHMW6cr6LgzBnc9CmMX5JdiKYcWq2pd2zhRtxG3zuF,pumpswap,1790212292,0.000003039,3166.63,2928,2928,0,0,5.58,16.27,0,0,0,0,0,1,0,3,,,0.18,-0.07,0,1,1,1,,,,,,,,,,,
1791075702,UpBBfyC75u3kxDGWmmmW2yauk9YY3CqZhdt1KUDkids,SHARTCOIN,82BHvVSeHgcGNtiH8fGTaYRsKbbjF53beAZp8LCATXsc,raydium,1790213669,0.0002597,233067.42,259753,259753,267.74,2956.55,8303.2,24907.05,1,2,6,9,36,38,118,133,-0.35,-3.94,-3.41,-13.49,0,1,2,1,CPMM,,,,,,,,,,
1791075688,AgdKBzjAnJsKeXZir8XZgqcRDALRw7jyTCDLFypK7X1Y,SSM6900,9snXwjzutswVE1eEyFjadX9h7nzinZtef3WTZtb5Q4K5,raydium,1790213745,0.000001509,2700.09,1510,1510,0,0.04,0.04,10.74,0,0,0,1,0,1,0,5,,-13.74,-13.74,-10.42,0,0,1,1,CPMM,,,,,,,,,,
1791075676,3NuTHBjsuHRrphECkkCiyws7qT8hfVHd2BFdrMqYCMrp,CP,HHtHFMeUD4G8iuskypVWqpE87s8wr7hhD1hvuhG7Lfn9,raydium,1790050874,0.000004936,6386.12,4937,4937,0,0,45.7,339.02,0,0,0,0,1,3,1,9,,,-2.86,-17.46,0,0,1,1,CPMM,,,,,,,,,,
1791075698,GaJH2YnEL9Tez7WjWVus68yBm9pgibmaFB7jzp8FbFrU,MUSEINU,7jpH6Ljr1g5x3XUgvGYDZo4WnBg41riVwxNzyTAzcsjH,raydium,1790212713,0.000002402,4525.86,2403,2403,0,0,63.79,79,0,0,0,0,0,4,1,11,,,-5.42,-6.37,0,0,1,1,CPMM,,,,,,,,,,
1791075689,AxZYPsQc2tFUWCvWCUd6sR2FWSJ8huqJbEuexmqXvGXo,LYSIOS,BfMWpbqDue7VTSShxb6BjmNzap4Ma3CShwEgLXssnwDm,pumpswap,1790252797,0.000002353,2368.62,2275,2275,0,0,6.71,7.49,0,0,0,0,0,1,0,3,,,-0.47,-0.01,0,2,1,1,,,,,,,,,,,
1791075696,FPiSWxP6he8Q4WWAgqNaW62rvxfxQzwmDBGwdkrsSTNK,FATPIKACHU,4dPWMNCL2Zqn8cwnti8ydsjbFTfUSnapGkSPz9bQUBfZ,raydium,1790209660,0.000005909,8771.63,5910,5910,0,0,313.08,1445.15,0,0,0,0,0,5,7,11,,,-9.91,-26.1,0,0,1,1,CPMM,,,,,,,,,,
1791075692,DCborDQ2RjUJrCSNPNq5wjv7F1xMX8idwMntK1K4KBnM,zen,zgd9RR1SoFK4z6s15xdmmjJdu3xEjydrcMCoaWYsoms,pumpswap,1790215446,0.000005677,5074.66,5437,5437,0,0,15.83,1016.17,0,0,0,0,0,3,12,13,,,-0.42,1.41,0,1,1,1,,,,,,,,,,,
1791075680,5v4kteCUTdGhw8yUWEBmq7SrFoyGbPQk1FS3qWawpump,Fomoguy,3m64gKXEeZQ5vbSuhiDHUEhfJtTiFMHPVUZ1TjgiDwcV,pumpswap,1790225150,0.000003142,3051.7,3028,3028,0,0,4.55,4.55,0,0,0,0,1,1,1,1,,,-1.3,-1.3,0,0,1,1,,,,,,,,,,,
1791075682,7GUnr7krtQhJwd6ASY2VUprd9t4c64zcgCsjdmZepump,NPC,BRjMA8UALNp3diTKHfdeAn5riQrYPoaYez7KhYWD4oEs,pumpswap,1790216955,0.0001263,43015.41,111766,111815,34.48,1069.43,10215.45,49655.63,1,0,15,7,106,72,399,397,0.53,1.19,-12.23,-20.32,0,1,1,1,,,,,,,,,,,
1791075676,3FLbu39b1Az9WbFVND2vRZg5Ew8YV6E362AunaVKKPCw,LILY,5t9iGAXAUmEoowS8UYc22biM2zbBecLUxL8TngDrvZ79,raydium,1790213079,0.000004375,6386.99,4376,4376,0,0,0,200.32,0,0,0,0,0,0,1,4,,,,3.8,0,0,1,1,CPMM,,,,,,,,,,
1791075681,6TcFqnzyxFE6bZPqNL7MimUsvggheDQrjwKUhGUKJFXY,Rufo,Bzun9z1nwRr4pcDA51MGkA3YqzhB5TDonprxRBG7ALpe,pumpswap,1790218653,0.000008686,7516.17,8060,8060,0,0,247.84,832.89,0,0,0,0,6,8,7,15,,,2.26,-15.73,0,0,0,1,,,,,,,,,,,
1791075684,82ezhRLKdKwkSC9jkM3js1yf93VbmvLXNMPkBmompump,SI,3odkxoFB7KvujaRFoLbCQbbZv93R9njJr9KQTH5cKDKT,pumpswap,1790222862,0.00001638,12108.92,15993,15993,23.72,178.8,788.82,5252.1,0,1,10,2,25,23,75,88,-0.41,3.82,-6.7,-34.69,0,1,1,1,,,,,,,,,,,
1791075698,GAdFNQFpwfrvPfMYP8CPGi3AS1g6XNsqZE99w8CWeAmq,WAGE,EzHmrXzyBahyvyNE77W3ycjCMsUWkpNtJGjnPWNE8HLw,raydium,1790218760,0.000004816,5450.07,4736,4736,0,0,240.29,479.54,0,0,0,0,2,3,5,14,,,1.06,-5.78,0,1,2,1,CPMM,,,,,,,,,,
1791075676,3EDzSJKb4aAYYPt3nUHj8SELUMtMBWB8Lvnw2eb8pump,Double,6vRo11Ao6LssoLkJzu56Y4VeXDXY4F59WmH6fRyKhjYD,pumpswap,1790225138,0.000005625,5586.78,5486,5486,0,0,0,224.76,0,0,0,0,0,0,1,3,,,,1.77,0,1,1,1,,,,,,,,,,,
1791075697,FdCQhzKRrADd5Ffmu1TPxzbUz9t89HpHm1U7YuTMpump,BROOD,DaJBMxAUfZbAuc7Z3fJmfvEYzrBUo5ocaNUtcB7C9aTX,pumpswap,1790225561,0.000004503,4411.82,3569,3569,0,0,44.71,45.45,0,0,0,0,0,1,0,2,,,-1.17,-1.17,0,1,1,1,,,,,,,,,,,
1791075689,BDKC1AV3saXrN8jKnWB2TTQmDD6z8CFdY55ku7eAfunk,FUNKOS,Hhe2TY1dGPr7SdMJC2hTACq7dTxfr5f6BF3n2nWwkoce,pumpswap,1790225555,0.000005227,5491.6,5037,5037,0,10.61,46.32,3159.87,0,0,2,0,5,3,23,20,,1.84,-0.8,1.78,0,1,1,1,,,,,,,,,,,
1791075688,AirBM2cu9ECXxZFPMaT1KTad8GnZPYYnuuNon5udpump,MrPedo,796uXjsGQ8yNBkB3KvZxM5hMx4Du24nsNv1BLoPeSzZf,pumpswap,1790223786,0.000002677,2846.85,2613,2613,0,0,12.93,17.13,0,0,0,0,0,1,1,2,,,0.01,-1.28,0,0,0,1,,,,,,,,,,,
1791075676,3MPMS79faRVnM99tdHJFEwit6pRMeQQrWfmX32dmpump,POLAR,8TqyBEPyFRNg3khB2Gr2uvDdUp6FGRYevwe66Z5QE47R,pumpswap,1790227038,0.000005275,4666.18,5045,5045,0,0.1,149.59,1490.54,0,0,0,1,9,12,49,47,,-0.07,-3.33,-1.29,0,0,1,1,,,,,,,,,,,
1791075675,2r1QzuF3qG3Xq5NTNYG5XkPTsbUF3zWrdTs2JvGHpump,OTC,C3UvH3qX9x54cTgb95YNBt2gksX3t8jBF69MGD4tXGSs,pumpswap,1790232241,0.000003294,3431.53,3184,3184,0,2.26,2.26,223.82,0,0,0,1,0,1,3,6,,-0.02,-0.02,15.81,0,0,2,1,,,,,,,,,,,
1791075677,3uJhcxrYEAzf7epifwYwaGDH32F27nzKyRH4kHixpump,DESKS,EtvhcPGLMndbFVPpx31hb8sPV2bG8AmVHwNwWjs339HR,pumpswap,1790235974,0.000002906,3007.58,2793,2793,0,0,0,0.87,0,0,0,0,0,0,0,1,,,,,0,1,1,1,,,,,,,,,,,
1791075689,B4pLeAps53ZmSJbCrRAaafxv4iRnDGNjQwZKLXYJX1zK,CUMINU,FFq2ccHvtYsCFwKKvGyuU653umGye6qxabw39LJxnpJ8,pumpswap,1790234630,0.000007702,6575.95,7499,7499,0,0,13.04,790.96,0,0,0,0,0,4,6,18,,,-0.69,-15.32,0,0,1,1,,,,,,,,,,,
1791075687,9ni8ZTUidhLWyRF1Uch8BAEEVETMZxtcdupSGim4Mcrj,AH,FRAWy57fh5Wj8FLT3Y44112KY4CjpfDV6Etx6oLKC7D8,raydium,1790077244,0.000002030,1785.16,2031,2031,0,0,16.99,158.36,0,0,0,0,2,2,3,5,,,7.31,-7.12,0,4,1,1,CPMM,,,,,,,,,,
1791075703,yFcTuQJCMsd1Asya15GZ7h4KGdxsujRLcUiTWWXpump,SDOG,CBnBZf7o1hZ2eAiqyCSVKTXrbNF8BLkuNeX65mPpd41C,pumpswap,1790239191,0.0001770,46455.22,168829,168829,16.8,3763.48,71250.38,307843.72,0,2,23,59,531,441,1658,1875,-0.15,12.38,-20.44,-31.07,0,0,2,1,,,,,,,,,,,
1791075680,5kdbTqWKajFMwTc2Mg1EiAeFzndWN7bX79BykGhNpump,NERD,AyjfBXeEaoJ9kdp7J1ANDuuAYNSZMY71czLerbCZZ2Ra,pumpswap,1790239712,0.000003767,5071.72,3642,3642,0,0,0,4.69,0,0,0,0,0,0,1,2,,,,-1.51,0,1,1,1,,,,,,,,,,,
1791075688,Ab9YZoVwwiMXi3GkPcNfgTir33ZPBdsr1FQmQUDBiShi,IshiGo,2WrUcBmKthFHUAR1cmnaa7XHowpZMbwU37rmmfnixUQr,pumpswap,1790241691,0.000005213,5090.6,5054,5054,0,0,7.14,906.41,0,0,0,0,0,1,8,14,,,-0.61,-25.88,0,1,1,1,,,,,,,,,,,
1791075700,HQfciZiVsxbqW8DV6BaaDDyg1WU9k7V37KvFj5qTpump,miao,2yfGA7xgXGTDtW4TuQauk1fE1eJ2mXiZw6xNHzpn6UVh,pumpswap,1790240252,0.000002826,3050.72,2708,2708,0,1.93,41.88,84.85,0,0,7,3,53,26,86,62,,0.48,1.23,0.87,0,1,1,1,,,,,,,,,,,
1791075673,1gWWhs7qrd9sBHwppQdMU2h2fTnnyoCYCSuVjFBpump,DOGY,9jAaCVm6wcnGmqFNhmYEdzL9YCsJB6psK1iFNT68xziq,pumpswap,1790273862,0.000003691,3583.63,3528,3528,0,0,5.28,562.78,0,0,0,0,1,0,6,5,,,1.38,5.74,0,0,2,1,,,,,,,,,,,
1791075698,G59zeXWwXMw2bb6UJD1ceELXRhNkLXHkYrtBYBV5agnt,.agent,Ac9V1XvCdyF7oreiHhQjZDwT1zy8kGKnhAcwk2U3kAvC,pumpswap,1790244859,0.000004444,4543.87,4221,4221,0,0,0,26.77,0,0,0,0,0,0,0,4,,,,-1.36,0,1,1,1,,,,,,,,,,,
1791075700,HMD6LV9hj6SdSKF4oTd7dYTVUhVL8MzYvPZYgb7BQSrW,JIRACHI,BQkWYToxDKqjhesAM1R2gAUMQ7HRunHBKnJor4rQNQe4,raydium,1790247702,0.00002164,19207.29,21641,21641,0,0,474.85,17956.2,0,0,0,0,4,4,96,81,,,7.86,-23.27,0,0,1,1,CPMM,,,,,,,,,,
1791075694,EFW3VwqYPzoc58reVMy2GxEjv78xQ765pQy1JMdBVoB9,PROM,GCdb9dLYKoAzzTWkzDqvaTcevEgAz4AuivvRBD7FbnhE,pumpswap,1790252269,0.000003928,4270.02,3844,3844,0,0,0.01,37.49,0,0,0,0,0,1,1,7,,,0.26,-2.59,0,1,1,1,,,,,,,,,,,
1791075690,BszGuLK9RLJ7YHgia55kwcWAuTodx1AwGFLGUcDoxRCK,ape,9TMq92WdTNsJ8oa3ZyiYBsehN41n6b4NadCg3vgrwZ5r,raydium,1790250999,0.000002618,4942.64,2619,2619,0,0,0,3.03,0,0,0,0,0,0,0,1,,,,,0,1,1,1,CPMM,,,,,,,,,,
1791075692,DAJBSmnopkFMQe4NDgwxPkZxu9z1Wf2GTU3GZS7kYPVE,PVE,8iyx1FSFESaqXYsgeEW13G3rn4RPdW3xnHge666coJwY,pumpswap,1790256056,0.000002412,2491.73,2343,2343,0,0,5.21,5.21,0,0,0,0,1,1,1,1,,,-1.33,-1.33,0,1,1,1,,,,,,,,,,,
1791075692,CjuFLo6UcVko34FkwJNH1RAY9QP9yKWevzAoFkDrpump,PCAT,Gq9dsEegyCV4tLgUegjoptBUox65cBjBn7ZZhMfrpDsw,pumpswap,1790254508,0.000003048,3257.55,2936,2936,0,4.52,55.76,164.05,0,0,6,4,61,44,135,116,,1.73,1.68,-1.11,0,1,2,1,,,,,,,,,,,
1791075702,dxqSq2hQipTN249zjv78zujvaeEgYyHyYq88pNXpump,ONBOARD,FZAjdc1kStK4MrTdZ4wMaJhSbqs3U4LoCFejWj9a4uGC,pumpswap,1790257150,0.000003445,3905.61,3371,3371,0,0,0.3,21,0,0,0,0,0,2,2,8,,,-0.12,0.17,0,1,1,1,,,,,,,,,,,
1791075681,6MPGA9ccfsQfdUDNhWmiWp3CkCYsJnbN6UutMY4icPjo,ROBUX,7EZo4smD2egU1KbFbFxSNG4Utuqmccc4x51QQXPfGGob,raydium,1790249051,0.000001361,1650.54,1361,1361,1.71,1.71,10.74,69.03,0,1,0,1,3,2,8,10,-0.42,-0.42,10.98,7.74,0,1,2,1,CPMM,,,,,,,,,,
1791075700,HExJd47752Q2Nqm1EpMDrvfPKWdeVtZ3ATh1TukU1tYn,WIRE,4zqq2kbuL6b98Gx2DjGzkZ2MPUq559nkWrvwJMi3Tkxd,raydium,1790258787,0.000001675,3043.01,1642,1642,0,0,0,5.35,0,0,0,0,0,0,0,1,,,,,0,1,1,1,CPMM,,,,,,,,,,
1791075677,41RgtUg6VDvAm37UeHEhopzuJYJFJmf4BCtHsf5ppump,CTNT,EXdDpxugUUjJYSw59yNwKEUqbJoDiKfFSC9t3JceXqWr,pumpswap,1790260354,0.000003423,3618.1,3359,3359,0,0,0.01,2.63,0,0,0,0,0,1,0,3,,,0.1,-0.01,0,1,1,1,,,,,,,,,,,
1791075677,4GNxP8SdJP3ejirb45tvFscARQubPWseC3PELxAUpump,CI,9ZrkghbzAcrqHqTvjf9EDNpHdYrDdVmYnQhe5e259UCa,pumpswap,1790260699,0.000002653,2919.59,2630,2630,0.06,0.49,13.48,44.9,1,0,1,2,18,17,54,44,1.36,0.38,1.44,2.34,0,1,1,1,,,,,,,,,,,
1791075694,E2147bEN9tw5suWR581Ghm5JkRWustovMAYPwWzFpump,SHILL,2hsZsUdT429LQTQpZH3Y35LWNcySqVEHrDV1wtDsbqvT,pumpswap,1790263452,0.000002468,2509.01,2371,2371,0,0,0.24,0.72,0,0,0,0,0,1,0,3,,,0.07,0.31,0,1,1,1,,,,,,,,,,,
1791075681,6sSUwszKeT4WJJwEFCFMsuvwo1oGKkJHXioj56aZ4iJC,CHUDDY,BirGibUerRpD4ZXXYmBBjoU1nTLN92L19y3vRAB6UayW,raydium,1790262336,0.0002655,47424.02,265591,265591,7.82,1016.37,3119.57,17199.85,1,0,10,0,27,6,102,48,-0.11,8.78,-8.43,27.24,0,1,1,1,CPMM,,,,,,,,,,
1791075684,82UhuxNXFpCEgiMARwcRD6EeXDzMqZ7tSywnxGDwEVRe,ALCHEMY,C1HnF9v5JwuYg3J6YWfEcAMEfYan61v8yMCYpfg5Xar9,raydium,1790261560,0.00001010,3460.49,10105,10105,0,55.07,2579.16,4026.16,0,0,2,5,26,25,53,41,,-10.14,106,19.54,0,1,1,1,CPMM,,,,,,,,,,
1791075687,AB6GPhv1N39418hYjCqAqnffT7Je4mrXRDjBXtu6pump,BOARDCAT,3TzFDYQXukxhyQbCHHTr74SRpGSNXa22B6bTV9J4FpET,pumpswap,1790263398,0.000003015,3373.78,2972,2972,0.25,3.99,49.78,155.39,1,1,15,4,76,44,174,133,-1.16,-0.59,0.86,1.51,0,1,1,1,,,,,,,,,,,
1791075692,D3EZngMsHrHY6aUZyoRW7feeAFHKhLHc5SVYq47hQbga,OHMINU,GzEWPTFCYwpDEYyXD3Ziv7uLYXt42279Wmy4hh78nASN,pumpswap,1790350499,0.000002778,2735.77,2645,2645,0.91,6.72,22.21,49.54,1,1,7,4,27,17,56,41,-1.14,-0.84,-1.02,0.91,0,0,2,1,,,,,,,,,,,
1791075681,6YqakuvZZ26Svz5SGtCV4yWymwyp1NM4M1DgBX7svRpC,MACCA,7xzqbtmk6HK1yAsjemfo7PyvfEqXsUn5wwXemr2G984f,raydium,1790262334,0.0001035,32730.47,103552,103552,0,0,450.36,4298.67,0,0,0,0,6,5,57,29,,,4.15,30.44,0,1,1,1,CPMM,,,,,,,,,,
1791075681,6XhzSy3VTTkwqMUSQsStM3ncGy6ozcPnzLVmv4HZ64cC,STONKINU,98T82C2aQXYBG72NfpWbtssV21J1VvxTE2fM7ixyyNmf,raydium,1790235988,0.0004845,50412.33,484549,484549,2.76,1846.24,25544.54,73727.24,0,1,14,20,108,105,336,377,0.68,-2.95,-21.49,-17.19,0,0,1,1,CPMM,,,,,,,,,,
1791075687,A8nBnsmsAu545yQEEh9CmStmNXa51xA7Zwmu4urmXokN,YCAT,DPNk4oGMs6sJTjCdfMY5QUNiM741HqzoekmyZauZegSp,raydium,1790265108,0.000002595,4828.65,2595,2595,0,0,50.71,270.48,0,0,0,0,1,3,4,10,,,-3.74,-17.39,0,1,1,1,CPMM,,,,,,,,,,
1791075676,3SCi94ePA14dVj8XvM3jAFWPmCWs3p9zEsXRgdELPXfY,WEED,3ap1faXAkBzHZYVbG4u5MNWWHvXTxgRj5z713gEgLB3T,raydium,1790234775,0.000006281,3095.48,6281,6281,0,2.2,68.39,253.7,0,0,0,1,6,1,9,6,,-11.37,51.14,-30.71,0,0,1,1,CPMM,,,,,,,,,,
1791075690,BewoWqr56gfPQXzWiMUSCVY4fJbthPZrdj17L3qCXEmg,HI,Dd6qGG7ZHSk2npp1B8XGNQCUT8Wi11yPN2CH3MpKaxkc,pumpswap,1790265948,0.000002754,2825.96,2677,2677,0,0,232.63,332.91,0,0,0,0,1,1,1,5,,,1.03,-3.02,0,0,1,1,,,,,,,,,,,
1791075687,A4nT9WTd3jJkDhCKJU7E4TF75dFohE81mMYDEP38YfoF,Museify,3kiaoztZVb6NBQRvUpQWsA5xu4cu2ftMa7SHtsofKVY9,raydium,1790218556,0.000004714,6721.07,4715,4715,0,0,0.5,22,0,0,0,0,0,1,0,6,,,-0.03,-1.31,0,1,1,1,CPMM,,,,,,,,,,
1791075686,9GgNC3RY89AD6GA2b2CPgNGtp7vP8ejyLEjqWB6VL6Qh,STRAY,CAhHJsDDfwv5knojg51AmCSzQG2V9hefWJMj5r6M11yu,raydium,1790264414,0.000001275,1223.31,1276,1276,0,0,10.35,68.55,0,0,0,0,1,0,3,7,,,71.61,4.62,0,1,1,1,CPMM,,,,,,,,,,
1791075674,2DznHsR5j6XHARnTVGubwAXxfmF9aQ8Pwwu3TN7ppump,AROS,2d77EYAt6WeCNwsjEior7N91mw1uj7tayXtVMub7mXcQ,pumpswap,1790254944,0.000007216,5745.09,7216,7216,0,0,0,216.95,0,0,0,0,0,0,0,1,,,,,0,0,0,1,,,,,,,,,,,
1791075692,D9U424Wi8QQJukgppJqJ8FybbgJnvzaS1GzTH2BHWGLT,HYPE,toCKvFnJJYs1h8ranYMJSTApr3oyWcpwHwfzR5Qziar,raydium,1790029238,93.37,1960494829.87,1960776040,1960776040,0,13.18,43.42,143.72,0,0,2,2,7,7,23,23,,,,,0,0,0,1,CLMM,,,,,,,,,,
1791075698,GfCV4VcL9F8GAHttQmzXKK7J9HEdjgHZhj5dEfZVpump,LONGFORD,51zC1se4m5wfyb5netQgEvFic12KJ2kDWV7kTskBAEfQ,pumpswap,1790266482,0.00001252,8234.33,11857,11857,24.93,392.99,995.18,2409.88,1,4,15,5,30,17,46,39,-1.91,12.53,9.04,0.4,0,0,2,1,,,,,,,,,,,
1791075685,8zoLaVjCS51Q61WdBPAehdAT7Km7vQqL5vL6wAu5pump,GRAMR,GUzu7HK7t5Tu4StkNbhpUcwBAXxkdbdmJW4hUCiBJT2p,pumpswap,1790294373,0.000005556,4811.63,5121,5121,0,0,14.93,14.93,0,0,0,0,0,2,0,2,,,-0.28,-0.28,0,1,1,1,,,,,,,,,,,
1791075680,5pSEZw1iytqYznD7crsGyKNek7q5JkjBqj2KmfqxUVZd,CHONK,Dqta7KfZNJeBgd12jECpXKHBiNQM1pKB7vKwbpLXVfYH,pumpswap,1790268762,0.000004696,4827.36,4552,4552,0,4.69,2384.18,3116.03,0,0,0,1,26,31,36,51,,-0.13,-12.44,2.31,0,0,1,1,,,,,,,,,,,
1791075683,7dyQxUL6VaT1V1dbw1erkknW8MJHEaKdeEo3SMmFpump,BUFFDUCK,8dNFuhvcq7LACw4x6JiL54z779iSjeJKUU3qnBMmzLmg,pumpswap,1790270364,0.000002888,2935.65,2825,2825,0,0,0,9.52,0,0,0,0,0,0,0,3,,,,-0.45,0,1,2,1,,,,,,,,,,,
1791075703,spwn3Mwjuig2wWfuG2LwzHPZTeZU3J3KtrPdkf11bpk,SPAWN,FvMA1Y38Er6idQwqamubrANu69KtkW8RzECD8prp7iUv,pumpswap,1790270335,0.000002651,2692.45,2535,2535,0,0,0,0.99,0,0,0,0,0,0,0,1,,,,,0,1,1,1,,,,,,,,,,,
1791075681,6TQBFXT7GKY2BZVATXHMFA5QfAUS7SxtdF1aEGnYNSV6,JOLLY,5yv6NiqRuUUHpRSC1GD8sCp6sq4UN6uPyytX714aRQPF,raydium,1790273258,0.000002722,4905.9,2722,2722,0,0,0.16,0.43,0,0,0,0,0,2,0,3,,,-0.04,-0.04,0,0,1,1,CPMM,,,,,,,,,,
1791075688,AouqdqhCsKb1x5Ngw5PktSonaWnxb9UiBF3QzBdvtMH,JOLLY,62DYAL8KNLrRTpvjYhL9Ykm1mHd5Diwx7ZKuXUQo9DGN,raydium,1790204868,0.000006334,7987.4,6334,6334,0,1.2,155.85,688.34,0,0,1,0,1,6,7,25,,0.12,-7.24,-3.71,0,1,1,1,CPMM,,,,,,,,,,
1791075686,9NnvxfavSswySguwuQ4Pa2wVZxM58x24rCXMb8rKpump,SuperBowl,7LgDUm7jmZ2TQc7GBzVuGSBPscWGtph4sQXrKZZ22ztg,pumpswap,1790275414,0.00002194,11815.12,21106,21106,0,0,4160.93,11874.79,0,0,0,0,20,16,47,39,,,-34.7,-63,0,1,1,1,,,,,,,,,,,
1791075679,5WpdKV43mFmVQgy6KhgqmU1N4xtLE4rAFtnsTf8rApwd,ZOP,DUV3nWn9ykL72GV1B7uV38bpGiCoeAJvL8RmExBQ1tCv,raydium,1790275243,0.000005435,7699.41,5435,5435,0,18.87,992.7,1145.07,0,0,0,1,7,10,10,18,,-0.81,-11.12,-15.65,0,1,1,1,CPMM,,,,,,,,,,
1791075703,qe5iaQ3GkKa1T11XvFirmyZZ7vy7uYZX994UhwVpump,JEANINU,C3sJPraWPRGcY6nRKsNn5Wpy8YSBiwjVurMrhCBcpZ5x,pumpswap,1790271614,0.000003841,3804.36,3763,3763,0,0,13.33,51.99,0,0,0,1,10,11,22,19,,0.22,-1.57,1.84,0,1,1,1,,,,,,,,,,,
1791075701,JAra3zTcKBhDnM4jQwEcUj3rtsYaA6YCqRdaW7zApump,MARS,jhAogLCUgJyeDqN246MDEyVZbDDoUczThtiPFhhiqVL,pumpswap,1790276677,0.000003060,2974.73,2908,2908,0,0.11,2.93,22.97,0,0,0,1,9,4,25,15,,-0.99,-1.1,-0.08,0,0,1,1,,,,,,,,,,,
1791075681,6dPweBFhc13AjGQ5MBYJUs9EYDJ3zXfGPi61zDAVEwDb,SAGASU,2AjPHG6oX7cKdE1BcpQQ1mbcS2b7CBHwrdRXAELnPuL6,raydium,1790276982,0.00003282,15756.94,32822,32822,0,145.23,566.19,1272.09,0,0,2,1,6,6,22,15,,7.64,-1.78,8.39,0,2,1,1,CPMM,,,,,,,,,,
1791075684,8LHgAXXPbMVqd3wmAQbTu4NxuRRe3qowgUSLiKmFpump,dap,AatUCcoFPRovvTrSLUzN8yfjuvnQHfVoThKQiyfsHvEr,pumpswap,1790280704,0.000003547,3924.71,3396,3396,0,0,0.19,61.94,0,0,0,0,0,1,2,6,,,0.5,-1.21,0,2,2,1,,,,,,,,,,,
1791075682,74QqbxgSWRTM6TvxpggsosuEwN21tmjZRSegyfFANAf9,AI,8iXGs3rSqshaWD9iCZEXu5XLvD5CUhuu7DSA7kd3Cg92,pumpswap,1790279430,0.00002059,16180.49,20155,20155,0,0,395.57,1807.77,0,0,0,0,5,5,37,27,,,1.85,25.35,0,0,1,1,,,,,,,,,,,
1791075674,2Ngvnnkwrwq5u4RYV5WYKJ2wiQoEkKaVCc4LuuhYSTNK,STONKBLEND,CKEsUxqASEAEMwJE2Yn9SV5HPyFgcQhPcM5bF5vaJPP7,raydium,1790278499,0.000005574,6009.12,5574,5574,0,3.98,82.8,294.19,0,0,1,3,8,11,13,44,,-2.07,-10.62,-10.4,0,1,1,1,CPMM,,,,,,,,,,
1791075692,D4NvkcZ7U8TSkMnGGfgB24Dv2J6ZQX48ki3odCjQpump,Pumpies,3tbsUxhToRF8E3C7wUN7aVbQDRV6nQcwK2KmW2K7iCTC,pumpswap,1790282682,0.000002645,2836.77,2582,2582,0,0,0.51,107.12,0,0,0,0,0,1,0,5,,,0.14,-7.71,0,1,1,1,,,,,,,,,,,
1791075678,4TkGMGg69mQZUstapM1r7Cbs476xX5gmQPiysaS8JnDg,Hackinu,2tetmsqmZsjYFNhBdL7rGuvKoJbMuEw2MaU5Gu4mbYp8,raydium,1790281988,0.000002676,4853.75,2676,2676,0,0,0,0.2,0,0,0,0,0,0,0,1,,,,,0,1,1,1,CPMM,,,,,,,,,,
1791075698,G4yf5QXFEmCEuJGc69Gvwru8JoNtovw6jMptQMEvpump,Holdmas,9eo4b3j4sE3uM99pnaXUpd9n5UEc3wUUkm1sEsACrFoa,pumpswap,1790283090,0.000007440,5827.73,7016,7016,0,0,11.84,141.5,0,0,0,0,0,1,5,3,,,-1.69,6.47,0,0,2,1,,,,,,,,,,,
1791075682,7Kojo2kSr5zAY8cKdV6dAsxxeckCkLy7D5FGPvt86veA,Claude,5Fb8iAbBL5aBtUqqc1G1ZnoihPvHDxNHiDu1ifbNk5Wb,raydium,1790275993,0.000003034,5419.06,3035,3035,0,0,39.63,69.3,0,0,0,0,0,3,1,5,,,-10.73,-6.02,0,0,1,1,CPMM,,,,,,,,,,
1791075694,E5J8mxEGe8Xt15bo8giZ1uQVabf9sD79V1Wnajfperp,perppad,6dsND88mXMEaSf3UXwTmxV8U7p7UebiZN7gQA9UKMAat,pumpswap,1790325260,0.000002526,2535.08,2442,2442,0,0,0,5.07,0,0,0,0,0,0,1,1,,,,-1.33,0,1,1,1,,,,,,,,,,,
1791075675,2sztT8K9Xu3cfp6WTEEB44Hdibmj3Pv6G2pWGM1vqzXP,ELONCOIN,5RJ8YZvQsFETZgaj4HBpoDeWzFyx4ccJ44iFoswc5VBN,raydium,1790282348,0.000003062,4091.19,3063,3063,0,0,18.59,62.65,0,0,0,0,3,3,5,15,,,-8,-11.23,0,1,0,1,CPMM,,,,,,,,,,
1791075687,9uX2e2kY83GhA1kCZPbns6gD6d4NMk7uEGkNESmTP6NE,KEK,HJMin3hvXWdZ8wm3iYi3Xi75nLRH5CMNEunx9wvvBHiF,raydium,1790219184,0.000007072,3129.29,7072,7072,0,0,65.65,222.78,0,0,0,0,1,3,1,6,,,36.13,1.3,0,0,1,1,CPMM,,,,,,,,,,
1791075684,8QHk5rbo74uiGxu3qmS5jMtRD3QB4vzyhQJNPssvrb1h,STONKED,GXwKBixHSL9sD79TFSmssB1r4o9yaDpgNYkUQMyhaRze,raydium,1790284480,0.000003393,5754.79,3394,3394,0,0,0,8.64,0,0,0,0,0,0,0,2,,,,-0.12,0,1,1,1,CPMM,,,,,,,,,,
1791075695,EyWrMXBb5DXppWs5uNa6repSEDoDSachbjeixU9KREVS,REVS,3ioDsTFU18uxoGgMMjud6TztkVw72uQapDdBJES42PPK,meteora,1790285629,0.001050,124017.01,590665,590665,0,632.2,15563.97,63731.9,0,0,12,15,219,146,441,999,,-0.75,-25.93,16.91,0,1,1,1,DYN2,,,,,,,,,,
1791075700,HiiRvVQmdETji3hRJArjJr6QxLKryYHKkREXrDEwNa4E,LIQUINU,4urS7v33AaAcxWJuc5JcPkkc1NzHPg9FDQxEmZvDrgTe,raydium,1790271305,0.00006332,21269.56,63323,63323,0,0,464.04,13973.86,0,0,0,0,6,5,42,56,,,0.67,-19.53,0,1,1,1,CPMM,,,,,,,,,,
1791075678,4dtNo5GHzbQTU39fykpy55NuLaWyVSpB3HQ8UdUbCwxn,UI,F6DMJtuSqWP6nx8NA4Xat8obzPTFFYyBwuE6CF4PFZLA,raydium,1790286040,0.00004383,20047.64,43833,43833,0,0,12.98,295.47,0,0,0,0,0,4,11,26,,,3.42,6.22,0,1,1,1,CPMM,,,,,,,,,,
1791075689,B2JBQ98ZARAABHvDmhjrkviz1XzoQrXr75G7RTFQpump,LASTDITCH,CagyRzTfkTkZ2VQ6fNqKdbWqk5Cj6fEfpSgraKNf8ayT,pumpswap,1790288303,0.000003318,3188.27,3122,3122,0,0,0,56.82,0,0,0,0,0,0,0,1,,,,,0,0,2,1,,,,,,,,,,,
1791075683,7c67PJmH6xVEQtnPRBhD4qVkzdKqn6j1xPfgokchjpo7,Xi,5cUdDWFPB2xLQg4nbW2sZsvJ4VBujeeuMPRsBQbVh6oR,pumpswap,1790287611,0.000002671,2806.19,2593,2593,0,0,4.06,4.06,0,0,0,0,0,1,0,1,,,,,0,0,0,1,,,,,,,,,,,
1791075673,26GZYEWdhxiP8wEzVyj9reBo59tL6wTkoYPJ2c4Cpump,RICO,CwQRYv4iyze3zFxsF8YrF3pPZ5wiVfNPoSzieRU569eL,pumpswap,1790288555,0.000003716,3822.24,3563,3563,0,0,2.46,135.34,0,0,0,0,0,1,5,6,,,-1.14,0.42,0,0,2,1,,,,,,,,,,,
1791075690,Bg75GaeTN7uVqtUEsquh61hwENeaA8TD5K8HwX4Lfomo,FomoFantasy,EJXEbdsXFJ9AFEu1EqNHycfAEoBN7BFtfLVWx4DsEWUG,pumpswap,1790291202,0.000003514,3737.32,3435,3435,0,0,1.01,1.18,0,0,0,1,0,3,0,5,,-0.15,-0.09,0.24,0,1,1,1,,,,,,,,,,,
1791075677,4G5YDqDvwgwSS3nLPDGDpGuetbG7rZYzNSBb1U4Tqbzi,ARENA,RbHYPnS9j1WYBsSsvorm9NXt8hLvsDV3YECZwGMV68T,raydium,1790289911,0.000007499,8538.98,7438,7438,0,4.52,116.47,169.48,0,0,1,3,8,12,25,24,,0.25,4.93,7.29,0,1,2,1,CPMM,,,,,,,,,,
1791075695,EqUq25VWh84UvNh4nYaAPQRQpszejHbmL8DZSmsriC7V,COIN,AVdEVW1yZ14fFdJkmEnqMYa7KME824C2oBRB99AkgFFP,raydium,1790279417,0.00001883,12742.33,18838,18838,0,11.52,768.12,4659.7,0,0,1,2,5,14,44,39,,,-19.31,1.64,0,1,1,1,CPMM,,,,,,,,,,
1791075673,13n8p7LcgLFY93t9GRo3QNWXCsyxjRJx6fqjNgeVEASY,FATCAT,FH7UiiLE6zufRXANhNLZPBUay9Gio39JHXqoB43o6DCB,meteora,1790310101,0.00002369,14104.79,23697,23697,0,0,98.01,322.59,0,0,0,0,1,0,1,3,,,1.54,-4.39,0,2,2,1,DYN2,,,,,,,,,,
1791075683,7vZ66L4fMSbkbK9M8rXhsfANNgJCPRZCkh9Kzsp9pump,Holdsgiving,FPe1d5Aea7r1MoqnDedyzQHFTxwczbG9boicaKxjwazd,pumpswap,1790297674,0.000007445,5831.9,7060,7060,0,9.79,154.62,476.19,0,0,0,1,5,5,19,10,,-0.81,1.92,13.45,0,0,1,1,,,,,,,,,,,
1791075675,36FbaZEe2P1dA82QQw6psmLKvTRGfRzrbAEKMmeg7rdR,Wumpus,kvYdKkPpv7V3tQMCrX5xYbZApfXwnt62yC8th5kCFpn,pumpswap,1790292774,0.000003062,3198.37,2978,2978,0,9.49,710.7,1198.49,0,0,2,0,9,7,11,9,,1.69,4.56,-19.37,0,1,1,1,,,,,,,,,,,
1791075677,3znS89gifim2Hhhu8wjb2PfSgaCDdma187D5NMkDpump,BRAIN,HnFhnuZP8WT3U2MFG5gWS8Hbkvd45rKcwoHn1i9BjYtk,pumpswap,1790294651,0.000006738,6796.56,6603,6603,0,0.2,269.78,9950.87,0,0,1,1,2,11,95,87,,1.54,-10.94,-8.83,0,1,1,1,,,,,,,,,,,
1791075691,CcY1oA55vGEZBwVwfichY67nRyfhAdDj1tNniDeNk8WW,HAROLD,EunkC2XDe3HH6b434LCYVMKA3VEja1bbrFHp9GHaLB2C,raydium,1790286855,0.000005433,7476.91,5434,5434,0,80.42,226.31,1279.24,0,0,2,0,4,1,13,15,,4.52,12.23,-0.53,0,0,2,1,CPMM,,,,,,,,,,
1791075692,D5qLnkRpzvuizsp4BfcrEWgUHiwrLoxVNZHoCx3Rpump,OG,6wGu5MNnJ1Tjzr9arV6LYULrybZpNfpgD93t7EioZHrQ,pumpswap,1790297279,0.000002872,3089.89,2826,2826,0.73,6.04,52.86,173.93,0,2,9,9,70,54,160,138,-1.19,-0.61,-0.55,-0.84,0,1,1,1,,,,,,,,,,,
1791075680,5iqjhP5ig6JWdXQf6hYAwojZeMf11pTCvH87gCQtpump,TTP,359UV3H3g2ZVff14AnZTWGeKaykLGdd7Ze3Kar68n6xR,pumpswap,1790296706,0.00008167,29707.35,79720,79720,3884.09,4063.5,12268.6,65871.71,24,4,29,11,102,48,539,396,-6.19,-8.78,-5.47,-38.79,0,4,3,1,,,,,,,,,,,
1791075703,nDZknLvfFRp5rgUHdzTrQsmSY5NKzoavqdLjSHVpump,COLLECT,99C6TUp7WgTvnwQVVhAbD8HbxPdo5LJCXr7VFCvTmJf1,pumpswap,1790297927,0.0003669,88422.55,363108,363108,0,2265.64,13339.17,71740.87,0,0,11,5,115,69,621,326,,0.29,-4.77,-23.36,0,1,1,1,,,,,,,,,,,
1791075687,AJptdzQJESribvtb8mNuc4ArfUz66TUxQgoenKZrpump,cummin,GWPKguhcMmwuN2kmWUD1DC4XbEjvGBAGkw47zHpotd5i,pumpswap,1790299103,0.000003787,3858.82,3673,3673,0,0,0.68,35.83,0,0,0,0,2,0,2,2,,,1.07,,0,0,1,1,,,,,,,,,,,
1791075690,ByaJJyfRWLpRxv7Poop5NDMh1EakKDaWdfngwYB73PSJ,BINGO,FNVzMpSb6DieVzbg8MqDyM6SZ248qsR5GXCWhJcNYdn3,meteora,1790299989,0.000002893,4842.96,2803,2803,0,0,0.06,0.83,0,0,0,0,0,1,9,4,,,0.11,0.26,0,1,1,1,DYN2,,,,,,,,,,
1791075681,6WgVQG1yjXA7cjJQYt8VpJGX7aVjbyXz6Aaq1UPapump,RIP,HT6Lkwg7QVNLkq6WPt8gCa2nfYfu8AGAfe81wUAxeu1k,pumpswap,1790302929,0.000002642,2645.72,2541,2541,0,0,4.27,13.42,0,0,0,0,1,1,3,3,,,0.46,-0.89,0,1,1,1,,,,,,,,,,,
1791075702,Qb7fGETNkskcgJPNVqfbYz8H8SpNrNKnH1B6faomXJG,Jandi,2FChrCNqxVR9Wiv9XJepwivGVTPS9x6EUDnBnerfSuc1,raydium,1790301840,0.000003645,7054.15,3646,3646,0,279.7,283.37,285.56,0,0,0,2,1,2,1,3,,-13.72,-14.51,-14.51,0,0,1,1,CPMM,,,,,,,,,,
1791075675,2q5g2nx9gJdpxCK6JtnKvq9rPAa6fQLkRCQMFvm1STNK,afk,DvfKmzPu5VWFeq3VVxH8eCnCpwb8Z2V5mt5xv7ERKsMY,raydium,1790302713,0.00001760,16459.98,17603,17603,0,3.33,873.52,8066.69,0,0,0,1,13,5,93,53,,-0.25,7.42,15.68,0,0,1,1,CPMM,,,,,,,,,,
1791075677,3qm8LhrCbpaHbcQexV37JgDGTrrjNfxDPEdf9yuLXLYs,CHIPS,G5KBo4iHfad1Y9J3AE8dgLK85fRxksct66Jbo8MmqV2j,raydium,1790300736,0.000003533,5788.42,3534,3534,0,137.23,157.66,176.78,0,0,0,1,0,3,3,5,,-9.14,-10.46,-9.62,0,1,1,1,CPMM,,,,,,,,,,
1791075698,GaSqnZJnuwFfxhTHJnLDCevHKMfgo5KuqzxuFqSWqoYN,WEED,Eq3cFGAkquVzPKSY96xrKvodDwvTXGXJbpQfXYYZgYUY,raydium,1790302518,0.000004754,8111.48,4755,4755,0,1.58,11.92,35.94,0,0,2,2,8,6,12,15,,0.79,1.14,-0.13,0,1,1,1,CPMM,,,,,,,,,,
1791075674,2SE4qjAbNtq9kTLktRA9aZzGpYhRwran2TVwuZ2VJgan,星链,HDHT1pXjeaXG7J44CUTjcsWeq85uJatkDCEe1KZqnsFq,meteora,1790304210,0.00001956,9675.59,19568,19568,0,14.63,92.02,5917.71,0,0,0,2,1,8,302,121,,-0.28,-3.87,24.06,0,0,0,1,DYN2,,,,,,,,,,
1791075690,C61oA922BKGFkQMEE27QYkAd15NsRh9T6H462LYHk4DU,POKESTRTGY,2JcCoETAWYmEvpM8ixSDoQZpRbYXzXk4XPdLHkCjGgVi,pumpswap,1790303869,0.000006188,5564.9,6067,6067,0,53.34,7043.73,7048.5,0,0,0,1,37,35,37,38,,-1.22,-1.75,-1.76,0,1,0,1,,,,,,,,,,,
1791075677,3xVhF6rpdFsJFcpURDVg3bZvXwuAWEFwgP5yKp4HrvtA,GO10,8HciLRxKk5TL2qGCRqVLGyYYK4DPS2DwxQH5mUZLB3yq,meteora,1790298948,0.000003882,5611.98,3882,3882,0,0,58.76,59.78,0,0,0,0,0,1,1,1,,,-1.48,-1.48,0,2,1,1,DYN2,,,,,,,,,,
1791075695,EXXR9Wt3mjxbjmzhPVj7EcA3zfxZd9uk1WhMioeipump,Shurikane,CDZMG8hza43irMPes1mXnKdCByt13hdcHZMbztXaRP9j,pumpswap,1790303015,0.000003807,4345.45,3696,3696,0,0,14.07,44.08,0,0,0,0,10,16,24,38,,,0.06,0.07,0,1,1,1,,,,,,,,,,,
1791075698,GavQxkBXLg9Qwvxgni8SLJAnxLL592j55jVS2fnFpump,SRUN,7wJSkAxZbKUEGcZPRUxBiQzwkPdmsepRvsvcJuyBWGwU,pumpswap,1790307923,0.00003327,17212.14,32453,32453,0,67.39,1038.29,7340.76,0,0,0,2,5,13,115,100,,-1.25,-2.36,-19.92,0,1,1,1,,,,,,,,,,,
1791075686,9dAbCu7Phmgss31haeCHtTXSf6TjzG3GdGgFvqK5pump,ONBOARD,diySJbyQoqUmeX79jkA7vosLpgPbMfzAsWZdtANVH7t,pumpswap,1790309765,0.000004467,4635.88,4118,4118,0,0,0,7.14,0,0,0,0,0,0,0,2,,,,-1.41,0,1,1,1,,,,,,,,,,,
1791075685,8jpcHKbGtcwyYvo2FrkjStGpwXXpEJtrB91aWaRBpump,MBUM,5NQt4hYTM9U6mG5uQbegDdHgVyAT8bLFB9typTcR6mdm,pumpswap,1790211863,0.00001261,8493.74,12050,12050,0,297.42,1135.51,3252.52,0,0,3,2,14,13,56,39,,6.14,14.31,5.98,0,1,2,1,,,,,,,,,,,
1791075691,CUh9nnRSojHHdLWzVQQ2rZBmnq66zLg8TfcuQUyy6BLr,cow,GYtBXBQhBQ2xvb9RY2TRgNV3QhiCzR8rdNJdqgvwroEw,pumpswap,1790309964,0.000003093,3080.07,2977,2977,0,0,0,45.79,0,0,0,0,0,0,0,2,,,,-1.37,0,0,0,1,,,,,,,,,,,
1791075675,2YwsYMzUhZkFjZ1QM2Q7NkAHTNcyW5F49zoLNjJptoZZ,wiler,GB5obRFdcgee67krFHKXKHuNmDhyGAu7nBA7t9uRMW9h,raydium,1790311212,0.000002556,4817.42,2505,2505,0,0,0,8.84,0,0,0,0,0,0,1,2,,,,-0.48,0,1,1,1,CPMM,,,,,,,,,,
1791075683,7R9diEUR5aCk6Xf7WRmJhMFp9TiTexeXnXwKRkZWpump,shibabrain,5jevZ5WwbBoDqcGaQRDa7oZfyZh9KMmxrpFD6kVghVHr,pumpswap,1790313187,0.000004386,4429.55,4164,4164,0,0,34.82,85.46,0,0,0,0,0,2,1,4,,,-1.56,-0.96,0,1,1,1,,,,,,,,,,,
1791075685,8t5C4AWDg4CroMChxdo7rG2e8nJM31QG2GG7Czx9X7x2,SNDK,DtrBpr4MYiD2S8wRYcKgiDTQGU5R5UaW89CBY9vv5Be8,meteora,1790432982,0.004862,122961.81,4862812,4862812,0,8047.65,49558.05,181882.68,0,0,3,23,98,80,255,208,,-12.87,-7.53,-24.6,0,1,0,1,DLMM,,,,,,,,,,
1791075681,6sEf597zqUxoJeW1znjtx8MUPsXFFF7zjjH2KSG8zF9y,company,GCQW4cgDHGV3cgEzxesC9MazExYC8P2NBQU27BmH1XE,pumpswap,1790313390,0.000004091,4313.14,3941,3941,0,0,0,16.18,0,0,0,0,0,0,2,8,,,,0.68,0,1,1,1,,,,,,,,,,,
1791075676,3aom1gqjVhPEgxH2voXXTFCG2hzgM3XLk4iEy5vRpump,F2G,8FnzVGdCaV5Fk2hr9hKNZvXrKAbQnPfUwi1vXrTV65yi,pumpswap,1790315533,0.000003282,4077.78,3165,3165,0,0,6.12,6.12,0,0,0,0,1,2,1,2,,,-1.38,-1.38,0,1,1,1,,,,,,,,,,,
1791075690,Bqy9DSJGRbun7s8dr7mkN8fm3hPa44p64hhy3MQWpump,Desk,3diQYBCJf2Fr5mHpJXia5Rr4mHGsTxJLMyztLzc2vLho,pumpswap,1790321231,0.000002852,3015.38,2763,2763,0,0,0,0.46,0,0,0,0,0,0,0,1,,,,,0,1,1,1,,,,,,,,,,,
1791075701,L1NDYkXzdVm5VYNC58SUuZJWKkGfg3RQGaAfxSQQar6,LINDY,pdRbDxjbxCfpdXknK7iSTosB4JgXZyxtyTiPdmFNh1S,meteora,1790302878,0.0002947,46682.15,294736,294736,0,14.59,23070.81,31387.82,0,0,0,2,113,77,135,91,,0.34,1.64,7.4,0,1,1,1,DYN2,,,,,,,,,,
1791075695,EvKf2GtfbDMyZQzZ8VN7uFFoK9FxzsXJmqACaS8H5LX2,PYRO,B4a9HEiLD6BZNGr7daf57f8UsC9tvvFHTvdDgvhGNenm,meteora,1790318476,0.00002442,13271.16,24428,24428,0,97.71,2356.42,7604.02,0,0,0,1,16,16,84,47,,-1.7,8.69,-3.15,0,1,1,1,DYN2,,,,,,,,,,
1791075699,GtfphC17t2jpMGjPcsTeYbcZiuGhowVgB2SRAg9KMtiB,NFT,Hrew3qtCwiCGmLrZu7YdUTHwrEjG9CGK6vH1yJvBzpuu,pumpswap,1790320225,0.000002574,2578,2395,2395,0,0,0,34.55,0,0,0,0,0,0,2,3,,,,-2.14,0,0,1,1,,,,,,,,,,,
1791075689,BQrawv7f3Uf7k5FJHJStjy2WwTJg1G8H2YXVVwmpump,DORNIGGER,97Gvbh2AGZK7Ke9fSJ2ViYGLag83QffqgUWgq62xR8Gx,pumpswap,1790332497,0.000003602,3769.73,3498,3498,0,0,44.38,44.7,0,0,0,0,0,5,0,8,,,-2.3,-2.07,0,0,1,1,,,,,,,,,,,
1791075682,7PKmtemc81Yq719QsCcGqAW9WY6qqVkWbUAZNdHepump,FNPC,C5d7Qy2fWYiHWRLqxmtPGzSQtdP2HYkmdqwPaTByWVWn,pumpswap,1790320793,0.000002350,2500.19,2291,2291,0,0,0,0,0,0,0,0,0,1,0,3,,,0.76,0.52,0,0,0,1,,,,,,,,,,,
1791075695,Ekfbe93ybDm7JnS3xFbTVrfiov2xtx7bgJkbQc74SLWo,RPG,HMwfxasodv8rG5j6tyKBGf5WwS4fkB5RQqYDhL98TkcE,raydium,1790321273,0.00001676,11055.75,16767,16767,0,0,400.34,4666.06,0,0,0,0,8,2,21,25,,,0.6,-34.07,0,1,1,1,CPMM,,,,,,,,,,
1791075697,G4i1oQ9QHpZt8jVwomeroySgUpk8gHv7SuyjJBr2QNQj,Adora,14n4N6eMjhFJPoPY76cB5zA2FDJud4D88UtaFPy47Xdq,pumpswap,1790322749,0.000002571,2611.21,2470,2470,0,0,0,92.66,0,0,0,0,0,0,4,7,,,,-0.9,0,0,1,1,,,,,,,,,,,
1791075680,5g9PWcRUHpmqm5uKycpShKXJB18sGLeCEzgB3qrRpump,SWARM,Ftjga524YrS7RPzGCcezMuQnFDYa8PcvWDY5mFmZk5dy,pumpswap,1790326034,0.000008693,8213.9,7591,7591,0,15.07,485.03,1318.65,0,0,0,4,10,21,36,74,,-1.52,-15.32,-27.59,0,1,1,1,,,,,,,,,,,
1791075680,6Cw4kWUaZHmh71E3YRiHFRvLA28EiYp4Px2GkUrXfvWM,Shillpad,HsLx3s5UmRTkN5AHYARqGaz2JfphuCY7cVycLAGmafBE,pumpswap,1790325220,0.000002928,3072.61,2841,2841,0,0,0,41.89,0,0,0,0,0,0,0,2,,,,-1.91,0,0,0,1,,,,,,,,,,,
1791075683,7TtMjXiY1Pb8sDarHfppGpJ2HNjb8ypvhHsQ6WWzNY2Z,TAOTAO,GnmYjV6vfusyyzsCtdksHHBmNofy76Ndif1fvjXk9NdC,raydium,1790327865,0.000002767,4903.13,2768,2768,0,13.2,13.2,24.66,0,0,0,2,0,2,0,7,,-2.97,-2.97,-2,0,0,2,1,CPMM,,,,,,,,,,
1791075690,BxgPQ6Ke6B8TBJrACrith5bw1aBg4QnebjS4QgeWGRcw,MAXING,6ChGa26Jpx6qWFGtWeQitHounWVwvJ9QmBCeUakAGm97,raydium,1790326841,0.00004432,6727.47,44325,44325,0,28.21,898.26,2847.63,0,0,6,0,15,11,34,30,,-17.78,29.33,-5.13,0,1,2,1,CPMM,,,,,,,,,,
1791075674,2Hs8q193CSrugMY8iC892g449yyVhfwTe1grpSYzgGBD,COMOPAIR,2JPSvtNHrZXFWn6RxZT845J1aGyCLR25tiDH2EG9vAHU,meteora,1790332014,0.000002437,4073.72,2409,2409,0,0,0,23.09,0,0,0,0,0,0,0,1,,,,,0,1,1,1,DYN2,,,,,,,,,,
1791075687,9iFE4WcWuVAeiHobsPWbjB1FvA9bvkaSPHnYmnYkmQ9,OSCAR,C2wLRHP2PrFzPDmmn6BmoifdEoSzomzxZ2gBseC4XAAx,orca,1790165151,0.000004174,3899.49,4175,4175,0,0,0,176.28,0,0,0,0,0,0,4,10,,,,-7.57,0,0,1,1,wp,,,,,,,,,,
1791075701,J141JCiXKGcrhDCgWUTCL9qz7h943iCibNiLNfqZpump,0xquit,8R4DDi9X3RBLr876hhRJCv4Gvsy8d9SkABgb8YiHapo9,pumpswap,1790333122,0.000005095,5313.17,4924,4924,0,0,10.15,572.08,0,0,0,0,1,1,2,13,,,1.34,-19.99,0,0,1,1,,,,,,,,,,,
1791075696,F9PvspnWkP3hSLaYxQb2LvFRBgyrLVhdUJ5q39tZZPbC,BRICK,DFTbcYRFZRkm5hVp9SLkSDrhZSn4aftLqZABXes1rzt7,raydium,1790336879,0.00001709,13091.33,17100,17100,0,0.56,685.53,6367.85,0,0,0,1,10,17,65,98,,-3.64,-16.94,-6.54,0,1,1,1,CPMM,,,,,,,,,,
1791075702,gBKgRzx2JZ3gSanVAN7aWDKNDbSTxSx4WTWNvywpump,UNPEG,AL8E3nwfLdMXpPrha9bhDgpRsTA9pymikjwp1BughfyK,pumpswap,1790328593,0.000004723,4656.16,4564,4564,0,0,0,1.22,0,0,0,0,0,0,0,4,,,,0.05,0,1,1,1,,,,,,,,,,,
1791075688,ATqKVVa4h5WqjAMqJdG3mjtWXsW5SshyyUY7dXdvSvRs,BackCat,HvmzLuap3tGV2dQA8NH6Po1NCf6G2WLymZr3xUxgSW6b,raydium,1790339606,0.00001274,12793.27,12743,12743,0,5.17,1093.95,3871.97,0,0,3,0,18,21,69,83,,-3.73,-12.42,-5.36,0,0,0,1,CPMM,,,,,,,,,,
1791075700,HWyMjL72dikK2bSU2JqS2FjyBG2GLo8mq3Q5EBzTVeN8,BANDS,6T66r7rvwv3WcFbXFmMQpEXfk1RqW5qxhjv32g9iDFvb,meteora,1790339039,0.000004373,7089.74,4369,4369,0.22,2.49,25.43,56.27,0,1,3,3,21,21,42,44,0.23,0.42,0.9,1.85,0,1,1,1,DYN2,,,,,,,,,,
1791075697,Fvto3QgSLbcWdq331BoR66RDkT7dZYgTS9JzbntMf7rD,OPENGAP,65m5eb4WW7w18HJQ9CbzHR1gqUMor8RrmH1dKP2S8wLn,pumpswap,1790338815,0.000008158,6533.91,7872,7872,0,0,194.14,766.86,0,0,0,0,4,2,9,11,,,-2.16,-19.14,0,3,3,1,,,,,,,,,,,
1791075703,ubfPpHwsXUtxNnm1VoksjhPy9ZfdnX7WEWhPZpfu7NS,MLSSTR,4XFYzJJhFMAmmhRRh5kAKtoSuXio16p8UBNUCAinG1rT,pumpswap,1790342341,0.000004807,4574.63,4717,4717,0,0,0,671.28,0,0,0,0,0,0,0,6,,,,-28.71,0,0,0,1,,,,,,,,,,,
1791075680,6BZY2BgeqVKEYCTgU9Q9oUwx6bDqv32djy6WGaXTci1i,WODL,Bgu3DH5p46JU3Jp67vkzLA9dbhBNcq1L9wUSyqmH3vC7,raydium,1790340601,0.00004238,18933.11,42385,42385,0,0,166.16,4156.04,0,0,0,0,1,4,7,24,,,-3,-50.08,0,1,1,1,CPMM,,,,,,,,,,
1791075679,5NhN6zzDkzwXFGPFqtpTopV4ttBeZ6CWy1oRL9Rkpump,Bagwork,3yXXas5wQqC6LzV9x22GEqVr9Dgg1VC6yynkVGhRWJWM,pumpswap,1790345694,0.000009262,8945.94,8984,8984,0,58.3,477.67,1579.43,0,0,1,1,8,10,24,44,,0.21,-1.52,-15.04,0,1,1,1,,,,,,,,,,,
1791075700,HdFjuK2KPLDXHEvD46FU9GEbujiYJJG3SGKDJttCpump,NUVEX,G3ES4o6JmGUuRqjkjK56fWiGLCwLY3DyoGoG9k87wWHb,pumpswap,1790345098,0.000002784,2813.35,2663,2663,0,0,2.07,2.33,0,0,0,0,0,1,0,2,,,0.06,0.06,0,1,1,1,,,,,,,,,,,
1791075703,jLz71QZfjnZZMLjUaCBw7KmUyftkkNq8NkWi2u9dyap,YAP,Ax9GpoBxTKb19NMj4eJhNsy163xuUGmFKrLpELeQK7LX,pumpswap,1790345473,0.00002244,16058.8,20412,20412,0,94.51,464.27,1599.16,0,0,0,4,5,24,37,119,,-1.78,-4.43,-14.42,0,1,1,1,,,,,,,,,,,
1791075693,DYM6DRb9W7dQa58Jn717dDSVKP5KwDSevdptfwwcpump,BackInu,EnzLEU9coGXhz5ggtVQ6y5vRJbaZ43vpriWqZcszxPfP,pumpswap,1790344647,0.000002834,3014.18,2795,2795,0,6.49,57.8,207.17,0,0,5,5,64,53,167,148,,-1.15,-0.41,1.13,0,1,2,1,,,,,,,,,,,
1791075692,CmTFnmtW19nCEz5QGmV7ojqhVKaXJVsPwR6t4QvCGiBd,Poocoin,DtN6LWpZy4dsiyMEN1on3xUrUr2pbEm9ELsX71r8qz3y,raydium,1790344630,0.000002324,4328.8,2324,2324,0,1.19,6.2,6960.59,0,0,1,2,4,8,48,55,,0.09,-0.07,3.84,0,1,1,1,CPMM,,,,,,,,,,
1791075702,SQQQAa3gUxgnqcEsdjPA4RQNQBgB97TnG2hJhk2WaGE,SQQQ,7F5TkjYFn6tb1bdxLsnzjQEo5HthVRUE4iLjA82a1zxt,raydium,1790347388,32.73,50130.91,386277,386277,0,0,7.38,1142.45,0,0,0,0,0,2,1,8,,,-0.01,-0.89,0,0,0,1,CLMM,,,,,,,,,,
1791075681,6LyJuaZ6FuRbjqa8QpEAQu6jC2zg8y9JKRuEksdL11DU,BOBO,7mXKRfyPgVq3oL86i2g82dCAt4Ym6iVSgmxUBEVx9Mp1,raydium,1790347529,0.000002890,5023.63,2890,2890,0,0,7.88,105.02,0,0,0,0,0,2,0,7,,,-1.51,-8.8,0,0,0,1,CPMM,,,,,,,,,,
1791075680,64wuQuVGJycPj3RhkjDP3iwKVUvMn4hpdLxrcZvopump,FOMOJEAN,eXf31hgC1CtSQUbdtkyFQLL2eia5gGPM95hvxJdoDhH,pumpswap,1790347321,0.000002730,3155.85,2646,2646,0,0,0,0.01,0,0,0,0,0,0,0,3,,,,14.69,0,0,0,1,,,,,,,,,,,
1791075684,8FMbrNAfcUC7WZVJ7AVdtTayP5NvCDXJbKDTZfL1nHjE,SI,DjH8aVL3gBDcvuGa5gkhZasmEJoBqLJwhP6tChUh3LR5,raydium,1790349231,0.000002798,5224.2,2799,2799,0,0,0,70.34,0,0,0,0,0,0,2,3,,,,,0,1,1,1,CPMM,,,,,,,,,,
1791075703,n5Vu8DPpmJLthvkRH33N5uLHz9ZxkdErE8MfTFBpump,BACKPACA,EF44a8bR16zbmkNvkBR4PgyAwcvdLVVXKZoxMkpgPGuU,pumpswap,1790347872,0.000002896,3307.73,2873,2873,3.14,8.13,57,143.36,0,2,7,14,59,52,133,122,-1.32,-1.05,1.19,1.19,0,1,1,1,,,,,,,,,,,
1791075673,12rgUrX6g3nd2G6oXMz657mys5DFfyoLWm8YTL57pump,ZPAD,4JfV6QHCFTWUdQJ6MFj72r1JmJybJowHNYWDs6MUovsX,pumpswap,1790348926,0.000002418,2466.18,2334,2334,0,5.99,10.13,18.93,0,0,1,1,2,2,3,3,,-0.05,0.12,-1.18,0,1,1,1,,,,,,,,,,,
1791075682,7Da5hXJsQgmPsmFyRRmXrVKJUyNh5i79sqDFLUak6v8n,Income,8kGyw2YvPe1MTKBzT86pAyfsQ2WdA92qDPsAT85GQxse,pumpswap,1790350616,0.000004287,4145.13,4076,4076,0,0,0.24,91.65,0,0,0,0,0,1,0,2,,,-11.6,-11.6,0,0,1,1,,,,,,,,,,,
1791075675,2yyQGySj9G17M8G8maRTmahcnf6MxkdJYe5SdyRapump,GROKBOOK,8uPCocPSLejVtwaesEWq3TzQRtsL4kwp3RhtxsEmfcn2,pumpswap,1790352310,0.000005325,5428.88,5188,5188,0,0,6.61,666.19,0,0,0,0,5,3,19,19,,,-2.39,-27.29,0,1,1,1,,,,,,,,,,,
1791075676,3V43dHnk3kkU3w8RnxEsmbJcHQppGjTJ3Mni3owDpump,SHIBA,FqHxeafzP5dJPQJjV1GeTMaDGu7bcTKpirgci3TTCfxz,pumpswap,1790352567,0.000002937,3618.42,2911,2911,0,0,0,0.4,0,0,0,0,0,0,0,3,,,,0.25,0,1,1,1,,,,,,,,,,,
1791075697,FpNQoEmY39RBVr7i2PHxmmhY3KCTEPveJ5mmyyVZHKiY,PUMPS,DYNAdTwd9kXuYNiD5Wm98xjsxBYXjwt6EawUQ28deqxR,pumpswap,1790353141,0.000002829,2910.33,2763,2763,0,0,0.22,2.01,0,0,0,0,0,2,0,4,,,0.34,0.37,0,0,1,1,,,,,,,,,,,
1791075685,9BRb3SLwev2VrLD7nXY5A6yRuXFt6kw6BnGGTeDG6Bpm,Alpenglow,2SEPnBkhqwwCfJqZj1QTRCVv3mLibf8sa3MbBS4RDQLU,raydium,1790250149,0.000004536,6444.65,4537,4537,0,146.75,155.34,165.85,0,0,0,1,0,3,1,6,,-8.55,-9.16,-8.94,0,1,1,1,CPMM,,,,,,,,,,
1791075689,AyrwVqp7F44MQdqJHbjkuELfVPXpqW3xWzk7CGTKdyqG,RUPEE,ARwaD118z9gbotUaMAaU9PRuw3gJGaeV5wngjc7nXPwB,raydium,1790272678,0.000004022,6042.32,4022,4022,0,0,155.01,302.52,0,0,0,0,0,4,0,6,,,-8.75,-15.74,0,1,1,1,CPMM,,,,,,,,,,
1791075703,k1jnShqQ15xBupKaQGKz6CHkcWc8zCi3g9ReBeWpump,SCAN,FXmnXunTmFRLBkKCnGomwybPm8gvAmE5yZYnJhMfDAsk,pumpswap,1790342665,0.000002833,2842.14,2651,2651,0,0,8.53,35.5,0,0,0,0,3,6,11,20,,,-1.52,-2.57,0,1,1,1,,,,,,,,,,,
1791075686,9EwEYhqzRHmE87ypWKUU1zZKP8uMeGdunmJ4etTmpump,JEANWORK,6BP57xemygynet3rh9zJLQ6Fig7hRMtNBGkUJDdPsCKx,pumpswap,1790354276,0.000002853,3366.89,2816,2816,0.34,0.71,15.39,55.99,0,1,3,4,24,25,54,61,-0.05,-0.92,-1.38,-1.17,0,1,1,1,,,,,,,,,,,
1791075698,GgsSaetRZNCuP9HEWjbojtVWByRWFxpr93S1wtGFpump,BLUEPRINT,9Zach1KuwrxLELAXTciZPuA4hozmzwNYpZr2XyS2LVKj,pumpswap,1790356507,0.00004231,20764.52,40561,40561,93.5,96.62,2684.76,10148.9,1,0,4,2,33,18,99,123,0.93,2.02,-20.54,-28.98,0,1,2,1,,,,,,,,,,,
1791075685,93Q1FohrzWzsvJXJujLW7PrZLZtpCPmviKyWKEX3pump,SOLRISING,D3LVgrHZ53NkpnsNcN68FfMhtYgL9rCFD5Qa5FrGwdqt,pumpswap,1790355631,0.000003329,4259.56,3285,3285,0,0,0,0.6,0,0,0,0,0,0,0,2,,,,0.05,0,1,1,1,,,,,,,,,,,
1791075692,CyKDftwgNsifHhno7o2Ypz35238LYK4wrJruWq3Npump,DOGRILLA,6EL3NruPyUSMqFBSFdqLQ1rDTHok4FKaSt1PX39Vuyef,pumpswap,1790354834,0.000008139,6276.21,7907,7907,0,0,12.43,27.27,0,0,0,0,2,6,7,16,,,-1.7,-0.52,0,1,1,1,,,,,,,,,,,
1791075696,FBpXztpzVJ8TUpGKqnd3CWbRrAYwsU7mKW73rD5tpump,CLARABELLE,Doq96cEAQwreo1JkSreLaJJdqBjzNEDR5fdNkQGgeEJs,pumpswap,1790355483,0.000003126,3037.76,2854,2854,0,115.8,779.72,781.74,0,0,0,1,10,7,10,8,,-4.91,5,5,0,0,3,1,,,,,,,,,,,
1791075686,9XfSJK2VPRmYuBCPbcpJiw7svNPEFrzGAeHDbUz7pump,Terrence,BsEJv51uA1osRFvQpNHWL1SEeLaKsGLBabGQYW5xG7bL,pumpfun,1790172398,0.000004771,,4771.78,4771.78,0,0,0,976.84,0,0,0,0,0,0,3,10,,,,-27.23,0,0,2,1,,,,,,,,,,,
1791075699,GqUi4QApDfK8LvVAHvUwKpRQ5CMZqFuE7mht9cGLnviK,GENIE,EVCspdPjAjfrNBbi21ozJbHue93w812knFbCVZ8mX2c8,raydium,1790227400,0.00001620,4219.61,16210,16210,0,25.61,806.08,2051.05,0,0,3,1,67,10,104,15,,-8.85,29.98,76.92,0,1,0,1,CPMM,,,,,,,,,,
1791075681,6eLWCTf9vd2FbdrTiAb9npTMd7VEtsjtTsmVJdPuKCot,DEEPDIVE,7bJBediHnZoaCVKxCZEwkLkCbweny2Nkm5TLSNU5LZda,raydium,1790355452,0.0001263,34538.21,126348,126348,0,788.15,2987.78,6406.74,0,0,0,2,15,13,37,25,,-8.59,2.28,20.68,0,1,2,1,CPMM,,,,,,,,,,
1791075683,7tPks6AbTE2Kz4KkxxVYN9sBETMtzSL5Kqj2jbrXpump,OnlyJeans,CWsbPMbpURCwcHsexnhF65m38mkmWksmpMsrXoe9TCEe,pumpswap,1790356123,0.000002847,3128.89,2797,2797,0,11.83,58.27,146.28,0,0,9,6,59,46,134,118,,-0.46,-1.8,-0.62,0,1,1,1,,,,,,,,,,,
1791075702,TXtWMznUZ4SqBp6YhED13ikG3ASesV5Kyz6FcfTpump,7,DQe3c3WnStCFssJ8GeDSzsNLmFgCxk9qA4PRAyfHV2nK,pumpswap,1790358289,0.000002636,2642.44,2535,2535,0,0,0,2,0,0,0,0,0,0,0,1,,,,,0,0,0,1,,,,,,,,,,,
1791075702,cbLTC4T5NpzSUtQ7ekgEMZGaUPVJY1ko6BUikqa4gGf,cbLTC,5CjfHvX8LhU3Phmu4fQWo91cHPtKGemFTC2xm7Us4Koc,raydium,1790359891,69.81,111695.04,314157,314157,0,6418.26,14438.2,54185.32,0,0,54,0,97,35,155,321,,0.51,0.82,-0.87,0,0,0,1,CLMM,,,,,,,,,,
1791075686,9N9tAT19ncQvxtjpQNevrGP3zmWRNrAZZtonTygMpump,ETCH,55qFD26HZ8QT6RxBtnwRWmXKEbX24tmeuJkkiaWJusts,pumpswap,1790359277,0.000003773,4031.35,3288,3288,0,0,5.3,12.17,0,0,0,0,2,2,7,10,,,-0.04,0.64,0,1,1,1,,,,,,,,,,,
1791075698,GLiphm9DxdyCDy8fjgP2B1B3R46puVUA6rfKUaYtNVb3,LESTER,DoZH9kPTvdw9cYFHsQK1MF6gyxHSKsuoxATxKJAvUsSc,raydium,1790357822,0.000004113,6085.49,4113,4113,0,0.83,20.81,152.67,0,0,0,1,0,3,5,8,,0.61,-0.72,-5.81,0,0,0,1,CPMM,,,,,,,,,,
1791075703,qikeUfbJaWPHy7sTTYfQuBuafzmUBZAH7SjCbjZCyFA,LITECAT,B5tA18o8ZMum36RZfPt8ysx6ru3q7S4hJjBssn8V8U19,raydium,1790357887,0.000004549,6157.91,4550,4550,0,0,7.27,305.09,0,0,0,0,0,1,1,7,,,-0.46,-2.07,0,1,1,1,CPMM,,,,,,,,,,
1791075698,GZHVA9LL2WUbWnnT88KGCqtEpYeTTLzX59WvLtGpump,GGS,6FBLNQTYv3eEXB2BQrqJcAR3wQi2p3RsRCCHBxTnY39E,pumpswap,1790362029,0.000003067,3077.55,2973,2973,0.88,6.82,67.31,178.92,0,2,8,9,72,66,187,163,-0.07,-3.36,-4.03,-6.29,0,0,2,1,,,,,,,,,,,
1791075673,148fJTrVybPyQqzTxNzfLQq5sxVkMfmV2cLpAyVnNCX3,ZAZA,AkMXsY6bLNkt3dQKkmRfA4u5RnL8hxCb48jGCpWFTZXd,raydium,1790232731,0.0001358,41278.84,135868,135868,0,0,2122.43,5722.66,0,0,0,0,5,7,35,26,,,11.44,6.07,0,1,3,1,CPMM,,,,,,,,,,
1791075697,FmXj6NU98jz4pVmfGZyN9DaXWCvM7DqPoQpXbn8LxCs1,MAXWELL,6bEzgb8yFX515NE5FsnFU3RfQtyYtEEezAzbAosuTZ3u,pumpswap,1790454757,0.000002646,2620.23,2533,2533,0,0,5.19,15.45,0,0,0,0,1,3,1,8,,,0.05,-0.86,0,0,2,1,,,,,,,,,,,
1791075693,DtdaEPfBRzqmsByGVAXVWNLEj48WWrj1fr4hGRJnAw8T,CHIKUN,E2tqKJtNMQK1begLYPVt2zZPKWYWaTwJfcr8HaJnr1Ao,raydium,1790359126,0.00001493,11301.25,14937,14937,100.11,200.75,226.5,895.42,0,1,0,2,2,3,11,15,-3.09,-6.04,-5.65,-8.79,0,1,2,1,CPMM,,,,,,,,,,
1791075697,Fh9wRZe64RfyriT9ooqhniV88dFFo4khwGFAqKmoXEDL,LESTER,8b6B4PZoLXTyp5jJBuXLHVsuvmrtrqF8Z8Cynii3ikdm,raydium,1790358973,0.00005828,22829.29,58281,58281,0,1916.34,2567.33,7116.56,0,0,5,6,18,14,64,54,,28.73,17.91,11.5,0,1,1,1,CPMM,,,,,,,,,,
1791075703,pwfAeX3kpWpkuumA6iodJxtVcGAen6BkRPToR2VqLp9,AMERICA,G8RsvZ14jPy64U599NRVhzKZA1tdKaGNqDuaLAko6zxe,pumpswap,1790362563,0.00003643,21357.58,35640,35640,104.34,467.44,1841,6934.46,0,3,8,12,63,27,160,111,-3.1,-1.18,18.12,43.61,0,0,0,1,,,,,,,,,,,
1791075696,FDfxBRSc3MraBGcGmkHgfkvwHTUDMEA2hRV2cRNbpeg,UNPEG,5hd5o7cWeBQWq7SxTKTYbf9N5a9AbAe8jH1xbq31Aedk,meteora,1790364046,0.00005976,23145.57,59757,59757,357.95,753.96,1618.91,16001.97,0,1,5,3,19,11,88,94,-2.77,3.58,17.65,-15.07,0,1,1,1,DYN2,,,,,,,,,,
1791075692,D3NEdubh9ma4qXyhrA8LenGjNVnFkkeBEopr1Vunpump,GUYLI,CJaAtUiLMYgm79N9wtqGG4JNvEaByckgG4AErZdMNuUy,pumpswap,1790360566,0.000002973,2906.25,2848,2848,0,0,5.98,67.37,0,0,0,0,0,1,1252,3,,,-1.92,-5.59,0,0,2,1,,,,,,,,,,,
1791075686,9NPmnDgL39NmoivaE1XfiFWm7o61repcfkVyvyv9pump,merci,2RyKJCowXHSxxuSjAwVtKHgABaSDM5shyBgjKPnZU2YB,pumpswap,1790367949,0.000003950,4167.6,3807,3807,0,0,5.15,39.7,0,0,0,0,0,2,0,8,,,-0.28,-2.13,0,1,1,1,,,,,,,,,,,
1791075694,EGRv76STtVdNNwKdyMkQLQquYggcMuToXy92qS9pump,GHOSTGUY,EcPhfKmJkQ7GTbtvcrnbuEwN331f9aAhoxyts6HhUCgt,pumpswap,1790369282,0.000003589,3626.92,3445,3445,0,0,16.17,331.93,0,0,0,0,13,11,40,29,,,-1.23,-1.63,0,0,1,1,,,,,,,,,,,
1791075696,FF6t1UqgUXufL7FRgsnRk21fxQcRgVsUx7axMHXvDXLz,PATCH,AFBA87aTPLTBZxu6gM37H6p27J5PCM9iFVSqoEFCwYKN,pumpswap,1790373214,0.000002834,2909.6,2752,2752,0,0,8.18,8.57,0,0,0,0,1,1,1,2,,,0.05,0.05,0,1,1,1,,,,,,,,,,,
1791075678,4z74i8Jo5zTWkFyyrx5zuusLasgKu6JtREVKgKVSpump,JEANTRUMP,44obhZbyu91musQgph9NkxrugqBcULP3rWK2SD4uXgGz,pumpswap,1790372149,0.000003117,3160.88,3017,3017,0.3,5.44,79.83,209.16,0,1,12,6,90,74,206,168,-1.27,-0.98,-1.85,-1.27,0,0,1,1,,,,,,,,,,,
1791075697,FaWBF7djnFysJVHptwUAHLN7ZqM1BUis3QMnbsM1pump,PHISH,7WCdC6XnUajKQe1UBQ7LFGmn1P2HmBGLeQJ8q72mzsnY,pumpswap,1790369298,0.000003454,3712.68,3363,3363,0,0,0,5.29,0,0,0,0,0,0,2,1,,,,2.59,0,1,1,1,,,,,,,,,,,
1791075703,v82dUYzPdhBmSKJx1cyd3FWtJ3eU4aHbyxYAmmRSTNK,SI,28nsc8weq8yeYbr5VrvMoQFkUHnhMtKmdZbZ8Y8Z4WYk,raydium,1790230018,0.000004966,6740.21,4966,4966,0,0,24.95,988.31,0,0,0,0,0,2,7,8,,,-1.27,-2.8,0,0,1,1,CPMM,,,,,,,,,,
1791075691,CbcyNo7m1amFWqEQm2m4PLv1UNvpcL3C1Ujm6AkzpKoU,e/acc,4JAnKFddd5fFTk5PxDj3PpTWJuTEfSWQEjZJcgKQ9KwW,pumpswap,1790370915,0.01378,673438.69,13554439,13554439,2764.95,89370.19,713684.79,2442790.26,8,13,197,265,2181,1492,6274,6143,-1.44,6.37,-15.25,-2.68,0,1,1,1,,,,,,,,,,,
1791075692,DFx7Rww2Njg4P4Bv3SUHaN5pkFbB4zR23nGthjSBpump,PAPOI,475tov4a5SxcmU97GX9ZKmHoXKKfLxk4tPd1zkcHN1R1,pumpswap,1790369829,0.000003403,3415.28,3241,3241,0,0,3.54,18.68,0,0,0,0,1,1,1,4,,,0.37,-0.92,0,0,2,1,,,,,,,,,,,
1791075702,bGpXrniA1kzqubTCCexxR4Zh4Hrx8eoYY1Sqtt3pump,SJP,GVndqmxuj9MPE8pBCzZxkkogEgt5zPSsjEFiZ8A8pVzx,pumpswap,1790374247,0.000002707,3075.74,2668,2668,0,0.11,21.29,32.21,0,0,2,1,10,14,23,26,,1.43,-1.2,-0.93,0,1,1,1,,,,,,,,,,,
1791075702,arpmqKuWcVQ4Q9M4LPLaMPmvP55NdnLxdjecSPfRgv6,Arena,5jkov4tz6JraFiUf7dzk49Td2yUWpFrq39LBj5wQtnSf,pumpswap,1790375454,0.000002975,3164.78,2891,2891,0,0,20.92,25.01,0,0,0,0,1,3,2,6,,,-0.71,-0.34,0,0,0,1,,,,,,,,,,,
1791075683,7pax2o5X7aWSCYm3xfAeMvhB7aXdzdWzuA6yycuAoeoZ,MINT,3X4WMQ5AHGWJrydVjNjsPEEAZjGkcyxwstrEc698nt9Q,pumpswap,1790377046,0.000005279,4937.42,4786,4786,0,1.43,11.23,159.62,0,0,0,1,9,8,32,24,,-1.05,-0.2,1.18,0,1,1,1,,,,,,,,,,,
1791075695,Erw6ZdK8pRpUWrvTo8maRLuDesHiqJgxnHxHLKjupump,STAN,ARf2wkJ2c3s7R4HVxHrVEMGWDuBuTFGETV8pXR9eN1yH,pumpswap,1790375697,0.000003426,3588.94,3293,3293,0.3,2.42,62.07,144.22,1,0,4,3,55,36,122,87,1.28,0.28,1.54,2.54,0,1,1,1,,,,,,,,,,,
1791075692,DCn6wwTDbEC6A5vEoTuKQsHZUaDrRFzBYCYj3nd2pump,UBI,D7Ziw3bMkqBDoLZ5KkDFTJttetjMtKdE7mZLg5tznJiE,pumpswap,1790376995,0.000008321,6667.68,8021,8021,0,164.46,1087.96,4019.64,0,0,0,2,2,10,17,34,,-8.5,-24.18,-55.13,0,1,1,1,,,,,,,,,,,
1791075673,21eQoKn34u9iTBznWkbT746Fg8aGF4i3kg4fvyegpump,DLDO,HFc7MVGCSBgY6HQq8ms7ZiieJaUirvaZSRWzcCoXKnMD,pumpswap,1790378485,0.000002560,2564.77,2460,2460,0,0,4.18,70.43,0,0,0,0,0,1,0,3,,,-2.85,-5.62,0,0,3,1,,,,,,,,,,,
1791075677,3mK2nkpohvxfXEhWeKETjoeFfhFKFVqm51Swu6miChPe,BLACKCAT,CWzcfUE2sqd2JrjmAZpKiKb4AZ6hB8gaavoDqyw2SPXa,raydium,1790378109,0.000003876,5608.75,3876,3876,0,0,214.41,798.79,0,0,0,0,5,16,16,43,,,-0.15,-4.44,0,1,1,1,CPMM,,,,,,,,,,
1791075693,DVbyFeAZCaLjg1SrjyF4M6nPj1B3MvVH4Ue8Gmwbpump,MuseXT,DCNfRPuiuRhs1rTRUmcH94yc1xx6XxeoQPnXveDxeCzB,pumpswap,1790379246,0.000007432,7222.06,7326,7326,0,47.77,56.73,467.58,0,0,1,2,1,5,6,19,,-0.97,-1.81,-17.72,0,1,1,1,,,,,,,,,,,
1791075687,AQJ7hZRjtGLZ2H1pvPZCVxK1nKwtffLeeaUTzt7Kpump,E/ACC,EFc6GPHBdhNatkFoYYS8CpjDHy8GQD11N5S87H3pkPrp,pumpswap,1790371010,0.000006783,6054.22,5837,5837,0,0.32,0.32,8.08,0,0,1,0,1,0,5,2,,-0.05,-0.05,1.86,0,1,1,1,,,,,,,,,,,
1791075691,CMuvWQ6qQbSt7NUQdPGcVKCoDgETieuqS68qu6BaeVgR,Cream,CPRoWXCgq3ELsnqsGDMLmAVRnNSmyN4k1ddc6efGdd91,pumpswap,1790381948,0.00001580,12585.3,15512,15512,0,6.68,109.98,866.99,0,0,1,1,4,4,13,24,,0.37,1.78,-6.91,0,0,1,1,,,,,,,,,,,
1791075693,Do4VN39zVA66MFEKUTfE2TDjAMuZ4yNHmyJHWwYhVvi9,Cream,6hnyXBi8mymwwMB5nsAd3MLERnQA34mPS66Qz1YsBzvJ,pumpswap,1790382093,0.000004161,4461.62,4088,4088,0,0,0,0.3,0,0,0,0,0,0,0,2,,,,-0.2,0,1,0,1,,,,,,,,,,,
1791075695,EkRK2ZVFaULuPEHyGGiUtK3kTLcMpJBRMocsJ46LCAUk,gas,9kxVVs2pHVKCG8fSZD2Pd9TAwsPCfaX47fThrB3sdET,pumpswap,1790380913,0.000003493,3728.58,3370,3370,0,0,0,5.53,0,0,0,0,0,0,1,2,,,,-0.88,0,0,0,1,,,,,,,,,,,
1791075690,BdzaE3T7uU59pBVDBHZVZh3yWrrpo4oPrXdv4nPDpump,JIANCO,DGvB8KyD79wFBJ7Kr7mW54qSfi7Yk3UrhJkcnTSd6frb,pumpswap,1790381214,0.00008566,60411.66,71682,71682,0.47,888.33,9877.46,36644.36,1,0,30,5,99,67,885,384,0.06,2.32,-14.68,3.18,0,2,2,1,,,,,,,,,,,
1791075684,8LnBUZVAPs8ZND5sR45catu4RasuovpJX6UiSGhJtpQC,TIMMY,FHXLStncegNQKcqr5wdg9vVzH6doVv9HgUq7vCM5dZTa,raydium,1790284472,0.000003594,5576.63,3595,3595,0,0,0,186.48,0,0,0,0,0,0,0,4,,,,-1.76,0,1,1,1,CPMM,,,,,,,,,,
1791075693,DmB3oUjBpsXscdqcx4eYPaMaJRhRJ1oovwvjgzj7BoNA,roon,2h1jcgrpYZtaU9HCZvDhUqfzz4vQqNmJ56rNmrqZL2XC,pumpswap,1790384489,0.000004674,5017.6,4599,4599,0.47,597.92,5734.45,5815.58,0,1,6,6,36,24,38,32,0.04,-0.87,0.42,-2.05,0,1,1,1,,,,,,,,,,,
1791075680,6L51y4dqBXyUSjB5jac1V5nuJws5LJSX96VuwscKjtZo,EPM,FCU95AW4Zo547C6vfqNNPgrjY6AmWnw7N5traqvUUh6z,meteora,1790387774,0.000004276,7303.54,4273,4273,0,0,141.74,374.82,0,0,0,0,2,4,3,7,,,-6.39,-11.15,0,1,1,1,DYN2,,,,,,,,,,
1791075698,GXo4tjMfYxijNBoQZFkUXcMv8as8S7qDytVGxYVKpump,HI,EUNo9M2WPsmZ7LaPH7gGpFyAL9x9TXL6NUnRJ2ZudaD5,pumpswap,1790383833,0.000002676,2664.62,2522,2522,0,0,0,68.29,0,0,0,0,0,0,1,2,,,,-3.86,0,0,1,1,,,,,,,,,,,
1791075683,7Xgc5RacHtGzfhw2HukUBk5V986yBbvshr7rrCoopump,DRMR,4wbt5gf46kCt9dhzNFVtAEn5PnFr56U5HTpw27TVytvV,pumpswap,1790247790,0.0005235,71695.82,491960,491960,643.42,8344.87,191895.29,613305.68,18,5,72,153,984,1197,3130,3580,2.84,-5.54,6.52,47.39,0,0,4,1,,,,,,,,,,,
1791075686,9WsnqeW3pCVbATd6xx4r3f8CJaXxsXXvY9t29Z4CY1UN,nyancat,8RKoxyMocBuw4tJgP7sCcDdJr215xYYz7F1hyceVRaEe,pumpswap,1790384747,0.000003187,3207.05,3075,3075,0,0,0,51.22,0,0,0,0,0,0,0,1,,,,,0,0,0,1,,,,,,,,,,,
1791075683,7XomEJBtb1EiF4Z8ZVzspCKFW2UuaRkaiq3AJJCFpump,e/cat,Eoakoye4ne6tPp6ou5TZo46qCafPvQpUPpKcqubV38TK,pumpswap,1790386020,0.000002959,3117.06,2922,2922,0,0,16.37,92.66,0,0,0,0,8,10,19,22,,,0.48,-5.22,0,1,1,1,,,,,,,,,,,
1791075686,9NyBpUhofRBe9VDCLDDEYhPDYBPcEiYfQDaGnUFrjDwt,GROKPOD,Bh8XPiJpZXs8e6XzHY11VcPwyjBZwZg1t1K3SogyNnfa,pumpswap,1790386201,0.000006352,5734.76,5981,5981,0,13.12,144.75,297.98,0,0,1,1,1,4,2,8,,0.45,-6.3,-9.15,0,1,1,1,,,,,,,,,,,
1791075689,B1wx2DwNV3CLBRrzG2Nz4hDmeXg1B3Riu648WDh7paid,BANKS,H9JXyzQmgcGi7FhRmEQ6BEFJyVTaNF3MPWZ6tZvTdw1W,pumpswap,1790387068,0.000003377,3292.85,3248,3248,0,0,0,133.38,0,0,0,0,0,0,3,1,,,,7.27,0,0,0,1,,,,,,,,,,,
1791075703,zpTj1yA68UauZqdz5276qrpTV7ALkeoLp9LLa7Bpump,DDOS,EuDAiu3ZeWQ6tZomufzVeK7TsLnmyDra3VrU4syhpgHh,pumpswap,1790387138,0.000003381,3581.52,3297,3297,0,0,0.39,0.92,0,0,0,0,0,2,0,4,,,0.27,0.56,0,0,1,1,,,,,,,,,,,
1791075696,FHZjVnetL5QyenPh8x9Z8k8zik1BinnbuYhpu2s7vDJD,E/CAT,FboJRB4jgqUrXZcMGMLcpnEs7eGUwNyMCAY5S5o23Ma1,pumpswap,1790387937,0.00001457,10113.57,14184,14184,0,371.04,3381.96,15001.6,0,0,6,2,29,32,134,134,,5.32,-25.62,-25.29,0,0,1,1,,,,,,,,,,,
1791075687,AEUbt2MMUQZvrwnn4kSPfGXRZC4BBY1Az2hqPj7Fpump,Theranos,FqhJKXK46i1wGKCS86XBMNDr9yy4Ko57YcjtdseVynk1,pumpswap,1790386100,0.000005473,5086.52,5404,5404,0,33.6,101.29,1424.83,0,0,0,1,1,6,7,13,,-0.85,-4.29,-12.7,0,1,1,1,,,,,,,,,,,
1791075696,FBqoqLotXBypGPJ3ccCV27pUb9tjhMzFM4dTDyqeRmua,MEMELORD,9rUxoWTU5pjVn3kAezsyhJVhuVwM1LGEetxmQY75TZoc,pumpswap,1790388498,0.000003395,3306.6,3188,3188,0,0,0,0.33,0,0,0,0,0,0,0,1,,,,,0,1,1,1,,,,,,,,,,,
1791075689,AzMaYSmHBqoLPmRRg5AqBr2zsw1MiXmTNaYtkj3wtqNg,MAX,EyYRGbuYLqPuVMLNvV652e9U5sr5X6x6xarsrKqsmGgU,pumpswap,1790390406,0.00001023,8272.6,9937,9937,0,31.64,434.66,2784.59,0,0,2,1,7,11,43,49,,1.02,-6,-28.98,0,0,1,1,,,,,,,,,,,
1791075679,5cQReyzgJQbtbGLvkm1vN9GDGFBWzcAC6TDprBwzVVjL,ai/maxxi,Gz78SWMcFFYEdcUaTXuQam13z5ohiWT11v7UojYzfssG,pumpswap,1790391351,0.00001164,8906.42,11246,11246,0,0,1997.36,3939.56,0,0,0,0,18,20,52,57,,,-7.64,0.24,0,1,1,1,,,,,,,,,,,
1791075677,4RqBcUAWhWNSeRxM5Az8NyvBuakRqZUwe1AVRe7PuVFV,GILL,FwYzcBob7HBJSNKJndvd3nxoZY6jahfFgZmdEuUEHmXJ,pumpswap,1790392068,0.000003705,3953.46,3640,3640,0,0,10.75,116.94,0,0,0,0,0,2,1,7,,,-0.85,-6.99,0,0,0,1,,,,,,,,,,,
1791075683,7S1pH2coVoBgzr23gnMpU2nirjCJbrnJGR3g6zmZhzZc,boobies,Apxyd8rVyQBrDa9SPJBbXzszzKxwsHAMede5LD51u4H2,pumpswap,1790392080,0.000005041,4764,4837,4837,0,4.05,9.36,237.77,0,0,1,1,1,2,9,18,,0.18,-0.08,-2.81,0,1,1,1,,,,,,,,,,,
1791075697,G4PZQ4tTMjeNQfrSyMUMXN919NTeKA8hXUEzjRmr9btr,PIGGYBANK,BjdtEjiPvvcWyBGE2RhHyTkF9qgPnGDZVBhkmvyWoiMM,raydium,1790136127,0.00006093,24951.86,60938,60938,0,1367.29,6523.5,15839.83,0,0,5,7,32,22,77,73,,-12.64,-4.84,-20.01,0,2,1,1,CPMM,,,,,,,,,,
1791075687,ABNbjwfaiDLfomrLH21RzscZ8rnNkrDEHKfSC9vY7XZ6,MEME,DLkg3Ma5QFnKaxdP7APtNfhCca44jG7t9jMN4rLGTDWr,pumpswap,1790394423,0.000003702,3812.84,3619,3619,0,0,2.35,9.86,0,0,0,0,0,1,0,2,,,0.24,0.24,0,0,0,1,,,,,,,,,,,
1791075693,DMZtsWeDaPRGU4ziXxcEMuPbXh1BmDm5iR9LirT8ZoHG,BEEPLE,A2ZBmfRQbkLH9KaGSfauCEhWMhmYADQYEST4hzjRcPZr,pumpswap,1790395582,0.000009117,7622.87,8882,8882,0,128.59,344.33,1009.98,0,0,0,2,0,7,6,18,,-4.44,-12.45,-16.23,0,1,1,1,,,,,,,,,,,
1791075677,4LBPTZUaJdBNHEEBbzFeMXaaZzD5cggtsorwYaPtzbiZ,x/acc,5kZLBoyQnpoiCkwMjv971MrkhuJBPW8cBfyz6G4uYkxU,pumpswap,1790393512,0.000009585,7850.71,9256,9256,0,87.82,1258.22,8662.99,0,0,1,3,10,18,112,113,,-2.63,-26.52,-27.33,0,0,1,1,,,,,,,,,,,
1791075700,HSnCtWsw5YmfAkJo9S3eetWtGHPMrc2pAxvCu24AnQEa,DDOS,FEGPrAa4aFNeYaXycKh45GBKVYAJMFuDEyronAceRLgV,pumpswap,1790397348,0.00001286,10918.89,12623,12623,0,21.91,167.01,1972.13,0,0,2,1,5,11,39,45,,1.37,-0.67,-15.02,0,0,1,1,,,,,,,,,,,
1791075697,FdqkwEGXhyvZ8huTDDHLQE2ZnTEfTQQ964vEqQhDrWAQ,D/ACC,3gcFdPjJF2ZS6udTywbVhaSx2yaH1HpWqU7LzgKKVAUx,pumpswap,1790388212,0.000007306,5952.12,7031,7031,0,1.38,432.46,3880.94,0,0,0,2,16,21,58,59,,0.22,-17.23,-20.56,0,0,1,1,,,,,,,,,,,
1791075695,F1Zx9ye3wRxUmCVcbxgrW6raDh4F64zH25jQyW7Y1L1N,ANTI,GVixLXFp7dcNvwi9c4D2ca4hC9t2qEhaj6ApeuhXtZXM,pumpswap,1790397070,0.000002842,2973.37,2788,2788,0,0,0.02,3.19,0,0,0,0,0,1,0,2,,,0.08,0.08,0,0,0,1,,,,,,,,,,,
1791075697,Fj886GvHFyxQhunb4pw7WLRPRASNh25LT8Zpv8qqr3Ab,MUTANT,3ZQgaXJ178jvp8pCmNhgdwiHoaFn7FYVwnADfRGJVyF6,pumpswap,1790390873,0.0002447,57469.86,237554,237554,0,2020.49,17627.53,50448.77,0,0,2,7,64,59,246,200,,7.6,17.71,-5.04,0,1,1,1,,,,,,,,,,,
1791075694,EHJbGf1dPexKsy2GvahP88qeofnWErm5Cy4y5dWRpump,AGENTC,DpBRbN8AXrBLxkPkAhreTAZg4BaKtW4phksq8s414TYa,pumpswap,1790381930,0.000002764,2785.86,2620,2620,0,0,67.2,70.28,0,0,0,0,0,2,0,3,,,-3.1,-3.1,0,1,1,1,,,,,,,,,,,
1791075697,FgzsaQEoWMhEqx5vSQAFXDeHbY7oFFW3LmmEo9MBAfuX,p(doom),4wQQQqiRrQpoM6PG7BhdSUyAS5vqPAnynFAmHAg2R2Xz,pumpswap,1790399419,0.000002501,2551.36,2393,2393,0,0,0,59.29,0,0,0,0,0,0,1,4,,,,-4.2,0,0,0,1,,,,,,,,,,,
1791075694,EFv1JzU84iHk8j6EkdBmd9ACgoV77GUhh2xJqNdFpump,MEMECARDS,3kSeomZ3FTSnqNEgWyMpzFHWcVMR4Y6n8nSh5vKc6cV1,pumpswap,1790404649,0.000005624,5646.78,5424,5424,0,0.85,6.68,64.69,0,0,1,0,5,10,19,31,,1.79,4.48,-4.75,0,1,1,1,,,,,,,,,,,
1791075677,3pVv9iav75CfaVb2YFLtX1ijYDXSEPLmweWxUYp8q8nG,STEVEWILLDOIT,6VjSkPCGpTE5RYXgJv5Hs5FD9c2Lk9B9QHSaVjw8kqbE,pumpswap,1790389345,0.00001011,8873.52,9918,9918,0,14.37,1238.17,8326.04,0,0,1,1,15,13,107,100,,-1.06,5.98,-5.86,0,1,1,1,,,,,,,,,,,
1791075675,35MmkVyoE3PHieNwxjV1wvmHHQqvc4fgkAXWtawtpump,SHOGGOTH,FkYRV3CJhGDFfw3sSgWhPqjDKtRcAopnXDorUEfW56JU,pumpswap,1790404378,0.00001205,8218.76,11472,11472,240.64,240.64,760.16,9216.87,0,1,0,1,5,9,94,100,-6.03,-6.03,-12.13,-15.67,0,1,1,1,,,,,,,,,,,
1791075683,7haJedyf6kQbiDNqzg31pyKQULm1qdeKAYd5VfAhpump,e/pump,8abQxKgRtW2og1oEL4aDeXa546kDWEDhE77t1PrtWdzQ,pumpswap,1790426701,0.000003166,3148.03,2831,2831,0,0,0,9.28,0,0,0,0,0,0,1,3,,,,1.17,0,1,1,1,,,,,,,,,,,
1791075684,8TP6xYfjHZPeBAuVtkQXonUjnXjdJuEktHFR2sGcpump,pwease,8NGPQhWc2TQ45zePffVZkexRvQM77cdF8L4tnBTck9ub,pumpswap,1790404692,0.000002850,2933.84,2752,2752,0,0,1.93,1.93,0,0,0,0,0,2,0,2,,,-0.09,-0.09,0,1,1,1,,,,,,,,,,,
1791075683,7iRw29LLSFG6wgCtv9tKumP7GSBKu1yupmXR7VwUpump,SHIBOB,7oqFAKRy1EDoz3urJYRjArUMcsRt29KvWpCwCBqp1rfg,pumpswap,1790404590,0.000002484,2729.67,2404,2404,0,0,0,2.72,0,0,0,0,0,0,0,1,,,,,0,1,1,1,,,,,,,,,,,
1791075674,2KjgagqiBaR564BrJXE5KjHaxEPTW5pSgLHVn9k8VHwZ,FLUFFS,7jFEmns8yjNZVMiuUj4dADx7nLn6EpQszJepaS2zMbbr,raydium,1790346481,0.00005210,6950.24,52104,52104,206.86,441.04,3041.64,9153.65,1,9,19,9,54,40,146,85,-6.85,-14.93,118,-72.77,0,5,1,1,CPMM,,,,,,,,,,
1791075674,2QsjpbHbDLXPMRRHsLata4p5a81Cod1MWpRELVDWpump,h/acc,GeFzcJNWnu5QsTu6Aj6h6krWdubzz6vAmk1G9gWRWXio,pumpswap,1790405647,0.000003082,3588.02,2983,2983,0,0,0.26,4.81,0,0,0,0,0,1,1,3,,,0.16,-1,0,0,0,1,,,,,,,,,,,
1791075700,HGLzDFzFLS7iNxw2jPYDFGGFP3SR6LEAnTM4jzzvpump,m/acc,79CuRHX5zAcgWZj7jibexUMjgw8FNrx24tJzw7bb8Eta,pumpswap,1790406372,0.000003135,3129.36,3026,3026,0,0,0,1071.76,0,0,0,0,0,0,8,18,,,,-20.13,0,0,0,1,,,,,,,,,,,
1791075677,3vz2nmiCkwoiMF97k2oyKEJTPab6dvuqvD1f7PfUgkAL,CATDOG,GMU1ZVUNQWaQbWyNJgL8GP4wPGbWsmRUTHaxPPgU3rGC,raydium,1790399896,0.000002348,4239.18,2348,2348,0,0,0,3.57,0,0,0,0,0,0,0,4,,,,5.62,0,1,1,1,CPMM,,,,,,,,,,
1791075680,5wW9mhbwq1HTFh341iimpmrqBB4mfxdXiYhdYBL7hUnp,KARDASHEV,3QaH1ifhQgUXHQdX3DHi9oMrWzTQfKLcomoCyeRRLMh6,pumpswap,1790407564,0.0001875,53308.51,184703,184703,9.03,3151.09,26051.94,80681.26,0,1,37,19,164,121,558,505,-0.08,-3.8,-20.27,-1.16,0,1,1,1,,,,,,,,,,,
1791075682,79FCJqG2DrYzH2G3eCQedRoWRbjri7MSgMkyGeZ7cLrm,TETSUOAI,6k4pXniPnwjnzfuhubkJeLatyysr8oJc6B5o1kUHjmmY,pumpswap,1790408251,0.000004678,4475.02,4558,4558,0,0,9.67,21.47,0,0,0,0,1,0,1,5,,,1.55,1.24,0,0,0,1,,,,,,,,,,,
1791075678,55Vr2VpSwxsDkB6uGGHAvRv86K6zax2Zb4TT8ivwDEzW,slopcannon,BNG5962Zkbd6ZFmfAKjtCF6Z2mJbA7qn97oMsQShspLP,pumpswap,1790409726,0.00001583,10291.73,15269,15269,0,3.99,4614.26,45906.54,0,0,0,1,49,42,401,368,,-0.1,7.11,10.84,0,1,1,1,,,,,,,,,,,
1791075675,3BLSsAu7aNkF24xHN2hju95QpHJKPpfmyD5AHXnUwikM,NEWGUY,8aZwEzC634J7rUEZSBG5Zen2UR9Ma7FZEom7puvwjCc7,pumpswap,1790410756,0.000002643,2668.26,2551,2551,0,0,0,124.99,0,0,0,0,0,0,2,8,,,,-8.65,0,0,2,1,,,,,,,,,,,
1791075675,2VbTPXqtHLmB7keTjbS6UxqWtdZB8qXXv4GFCERUhEUR,bio/acc,G6uL7w3rgboRtAVEe1FvErLSWTmVPyRTatiiTzBY6gGs,pumpswap,1790412231,0.000002676,2663.87,2561,2561,0,0,0,35.48,0,0,0,0,0,0,0,3,,,,-2.08,0,1,1,1,,,,,,,,,,,
1791075678,4v2JrrXUD9adB2uZcQ4HnFHVHah4US5JvQQpf69kWhb8,PEACHY,EFZVJys8bueYzTfU1gHcdEeVE8N4rDdSPaizGozGVh9K,pumpswap,1790401826,0.000003029,3294.8,2920,2920,0,0,0,0.77,0,0,0,0,0,0,0,2,,,,0.08,0,0,1,1,,,,,,,,,,,
1791075681,6aHoh5Q5Bw41DH8c5X3aYZufnGHoytUsFXiNChv8pump,P(DOOM),G5Qd4HB2Y793xakWTUwyFGfcoFvgNZaTVG9bjwAgYySC,pumpswap,1790413014,0.000002747,2866.14,2631,2631,0,0,0,9.81,0,0,0,0,0,0,2,4,,,,0.35,0,1,1,1,,,,,,,,,,,
1791075687,ARPwPPWbaj3FYBf6k1Lt2jqRkv9JJUg3Hxav5aHKTEem,P(DOOM),AKKjxxmVZyrWGKrWyDL3HxVEMk6bp4LpfXWge4uoDob,pumpswap,1790412550,0.000008105,7778.05,7951,7951,0,202.04,715.15,2055.7,0,0,0,6,4,9,17,39,,-6.82,-13.37,-28.3,0,1,1,1,,,,,,,,,,,
1791075689,BVNvrQzUKNsgZtuKg2G4NPVrsbZGbxancDqYkVCdQsn3,GLANCE,DMLyYmUYU81PWHawfnezn7YZyE6Efa57HAZG3B3fKEaJ,pumpswap,1790414360,0.000003820,3617.37,3671,3671,0,0,0,44.12,0,0,0,0,0,0,1,3,,,,-0.65,0,1,1,1,,,,,,,,,,,
1791075698,GKaWJkSUgraALkF5GaCNpomH9ed3Vz6xnKR62WFkpump,T/ACC,iZCdZPhN6bxeZ5JuMTyzXa5me6ZEkCmZgStnYhcFpm8,pumpswap,1790431766,0.000004033,3734.38,3854,3854,0,0,161.35,656.67,0,0,0,0,0,3,8,15,,,-8.51,-2.89,0,1,1,1,,,,,,,,,,,
1791075675,2nJpGnrkX6pDPstr4JELcWnGsjiN57vajfR89iZkpump,MUNKIEAI,ENCjfNPwv94kmzc483qmA6GQwMDrQrCbhpSknGgWD9Zt,pumpswap,1790414827,0.0002351,47361.81,232783,232783,0,0.21,466.28,3903.39,0,0,0,1,7,2,23,13,,-1.12,4.34,10.13,0,1,1,1,,,,,,,,,,,
1791075695,EcwFm5TJ3zuBXnsT6DngXMAMfsfELhwGc9JFgeVWpump,woj/acc,DdJqRCiWKL7E7LjbAXTicxoWsEufZ6tyzjSK26QbetYm,pumpswap,1790417252,0.000003126,3741.69,3016,3016,0,0,4.07,4.07,0,0,0,0,1,1,1,2,,,1.51,1.51,0,0,0,1,,,,,,,,,,,
1791075676,3dMEcjM8s9PPPVsw9YxprmZnhYsnqKmhqghfaM1etA9q,House,G943i6c4uTQDxCPqazKifE8rUH1sxxBsGV6PL2QA3hm9,pumpswap,1790418682,0.000003696,4218.64,3557,3557,0,0,46.06,198.12,0,0,0,0,0,6,5,10,,,-6.97,-10.65,0,0,1,1,,,,,,,,,,,
1791075683,7oL12fS1f7p5RDsbqfxxe2WpHBdcEue8ezaGu1KY8fDz,D/ACC,HHibqAermywztHuSgWyr4MahgLfV688o1oKUTquJaK6J,pumpswap,1790420523,0.000003891,3749.15,3729,3729,0,0,0,3.02,0,0,0,0,0,0,0,1,,,,,0,0,1,1,,,,,,,,,,,
1791075685,924hu8kGVQLAJLEZ4Y7xjVEWKi6nYvrQTdQLJnjyohoZ,Unicoin,8WLUsj3X4fRVWEKgRucMAUFCH5jTveNfiBRrdCrzzqsR,pumpswap,1790420536,0.000003483,3641.65,3318,3318,0,0,0,2.25,0,0,0,0,0,0,0,2,,,,0.12,0,1,1,1,,,,,,,,,,,
1791075695,F3C2t4hXyeGXsUSVQ2zJ5fbD2tFrjQygZosCS1cHRC5J,TOE,5YtqenEWMTv8uBwW7YYyw1cmKR9t1oTAyK2yyzrpEdSB,pumpswap,1790422593,0.000003311,3441.46,3214,3214,0,0,0.89,31.16,0,0,0,0,0,1,0,5,,,-0.55,-1.56,0,1,1,1,,,,,,,,,,,
1791075697,FZJwdib252gTYPQruogmJKAgYCC1dxtpWiKEsQTpump,OJI,H85C6aREySPPigD1R6geQDG3psJGBhYzH8gCM1rrUjuV,raydium,1790413541,0.004743,4366.96,47440,47440,0,29.55,63.54,207.78,0,0,0,1,1,2,2,3,,-1.2,2.05,-1.45,0,1,3,1,,,,,,,,,,,
1791075697,FYM6PhwAS3QwTBwvgLj8JYeMgpNfKsWtW3hGxPM9eFkt,DEBT,EP88Ktqm6491WEm1ZJsEryXYYjuoLh5cEyz5exyxr1Cb,pumpswap,1790424156,0.000006350,7094.06,6277,6277,0,9.65,36.66,358.94,0,0,0,1,1,8,6,24,,-0.44,-2,-8.53,0,1,1,1,,,,,,,,,,,
1791075693,DW79CfEpK5MLabxWUUAEqFff99hkkkiyQFhGPRZxpump,CateBrain,2hzLncp1rXrBNaoKEYkEK8b87jhMLNRrUj6dKCwUDZsP,pumpswap,1790415893,0.000002683,2751.22,2565,2565,0,0,2.73,70.38,0,0,0,0,0,1,0,3,,,0.12,-2.69,0,1,1,1,,,,,,,,,,,
1791075700,HL8LrvYgmmHoLH9TvqqSv8Sy6yBGjXjZmpv2RpitpvUX,YAPCAT,H7Y2prMahqQUrWB7cgPMmbvuc33CN96AVYkTQxAeBxfG,pumpswap,1790356187,0.000003731,3758.28,3568,3568,0,0,15.15,57.65,0,0,0,0,0,2,4,9,,,-0.76,0.8,0,1,1,1,,,,,,,,,,,
1791075693,DWdC7Z5Sw8Uz1y1T222vH9r2fRfiorG9wXxNJYTSpump,SKY,2aTdzDH4LDLs2nJi1hqWoFgQ3azBT33LshmaxocnQicq,pumpswap,1790424974,0.00002312,11960.97,22106,22106,0,0.69,109.26,4796.01,0,0,0,1,3286,2472,9637,7969,,0.11,-1.85,-38.56,0,2,3,1,,,,,,,,,,,
1791075703,tZNEqT2wBbWVJyCTkHvMMduGQt9KeQMXrNfP4adiD1G,DEBT,3UuJzcGwSuKEFGUM7EKLqt6eq34Ti5fgrh94KK1Jm7vp,pumpswap,1790426626,0.000003794,3997.78,3705,3705,0,0,0,2106.73,0,0,0,0,0,0,13,19,,,,-1.54,0,1,1,1,,,,,,,,,,,
1791075702,bh6GbasUGwX7t6oS5J61F41UGTtujYnzsKoy6Y1d8Cb,MICHAEL,3HnGsakVrjzcoYHHkdArRguXpVnKuv66p55pkLJUzKAq,pumpswap,1790423774,0.000003708,3684.02,3494,3494,0,0,11.91,223.84,0,0,0,0,0,2,3,12,,,-1.78,-4.98,0,1,1,1,,,,,,,,,,,
1791075680,5kcJz9yt7y2xdYccwnkU2mDS3x8zBNQiYtPk6DPWBiZr,Franklin,7vcrajjy2n5Dry3XH8D2X6Gjyymdwjp2Mc3bokgSVb8z,pumpswap,1790428388,0.00002041,12747.61,19368,19368,0,240.54,2315.01,20919.59,0,0,3,3,32,41,297,259,,-3.89,-21.65,-47.69,0,1,1,1,,,,,,,,,,,
1791075694,ECHojp2dAmRkLLT5KZ5TpfJ2mpkHTfHnwyn4DS842NCf,ECHO,DmHEhCk6QoxsR73CRYLRgay5nbx2oXsZKgu3DV2wWeHi,meteora,1790015003,0.003764,148281.47,3764960,3764960,313.01,1418.51,5680.09,24831.38,2,1,6,4,48,32,236,149,-0.05,0.02,0.31,0.39,0,1,2,1,DYN2,,,,,,,,,,
1791075690,BiGStZtwjJEh3tFCLh8gTcSAVr7uSKBHKAEYHufqs3jP,STAN,CWFRNE3GcoqgyWhdYiLTW2QA34vbg4KrDYoXhDzE8gPQ,pumpswap,1790428018,0.000002692,2834.6,2620,2620,0,0,0,24.35,0,0,0,0,0,0,0,4,,,,-0.15,0,0,0,1,,,,,,,,,,,
1791075678,4icdbBzauPKdHMwR32KH3NN3y21owLRRCo58q5AChKhT,LORIA,6aRi2p2cNJirTu5eXbWX9bnomfUyEb6Vz2gZKdyVCXHV,pumpswap,1790428468,0.000003133,3073.76,3054,3054,0,0,0,21.04,0,0,0,0,0,0,0,1,,,,,0,0,0,1,,,,,,,,,,,
1791075673,231eFPGosPmSiEMsYxQNVhAAWj3B1DvGtfwaj9ztidea,STARTUP,5KD6fvmig4bfbeL6soS35eAZN9tqXjXZ6Y46zAAfpy7Y,pumpswap,1790432432,0.000003083,3223.06,2990,2990,0,0,0.03,5.92,0,0,0,0,0,1,1,4,,,-0.08,0.36,0,1,1,1,,,,,,,,,,,
1791075681,6hzyHMwR1S2wAbPfDjTcQtM5fTq4XZBWFTRSdTsvZ2DH,tinycat,4TcaXZVY5o6DE31v9GBgw9qneFg1Ud7nRsJUF1kRPyaQ,pumpswap,1790429062,0.000005581,5160.27,5439,5439,0,0,155.68,3231.52,0,0,0,0,0,18,57,73,,,-8.38,-18.39,0,1,2,1,,,,,,,,,,,
1791075685,92hjfSi5HrUgUpPWvgKtVrz2MQn2zJrAPQSRzdjmpump,>_,3Tr5pyx3r6EmWyB3N78Y2vnv18QxqYWqR2S42mGPPheM,pumpswap,1790427742,0.000002682,2793.58,2566,2566,0,0,0.2,0.2,0,0,0,0,0,1,0,1,,,,,0,2,0,1,,,,,,,,,,,
1791075681,6VMTDo5TyNZ7reerj2uDpDmX7mbVopysG9n19GZZCEnj,Jonesy,28NAJuVX7jwmPUa8nvsh4d6TTvJJ8VKdxcgnwTFk9ewp,pumpswap,1790430076,0.000002530,2568.51,2341,2341,0,0,0,0.55,0,0,0,0,0,0,0,1,,,,,0,0,0,1,,,,,,,,,,,
1791075692,DBFcomeF97mTgRoKvHj2YtdFdvFcrLP4pFTBEPpKpump,LILVADER,6BSARLZhc1YEhCfdwwudDsMXK3TMMcWCEAK74TPrmAHy,pumpswap,1790381508,0.00001307,8836.22,12462,12462,0,0,47.85,2725.06,0,0,0,0,1,4,33,39,,,-1.01,-14.56,0,3,1,1,,,,,,,,,,,
1791075696,FPVy8zJvHsf3ZdLoNokQVzYLrkcoQ6LMTZ7riJNWpump,s/acc,FfjGMDK2X5mzcCVGh8bizkPfxbeJx26p5StCz1T6DNV6,pumpswap,1790434964,0.000005589,4774.56,5161,5161,0.3,0.91,9.76,138.92,0,1,1,2,9,6,10,16,-1.19,-0.88,0.08,-6.74,0,0,1,1,,,,,,,,,,,
1791075703,p6zDRmZU1iwe5bhEv7gCfp7bRZeqhyHvp3HfUVSpump,ZVM,Zmvh28SnH784Kgjg7kqcU44J8YwQ46UJt8YYeC3dF9f,pumpswap,1790433807,0.000003496,3386.31,2829,2829,0,0,0.96,23.32,0,0,0,0,0,1,0,2,,,-0.33,-0.33,0,1,1,1,,,,,,,,,,,
1791075680,5mKz8MdcxsVwSAASRMM8qUKryknSVMNmRL4T5Zvm4hZA,CHILLHOUSE,Fbi2vgJgCEPezCD6NMtJZBbAiNVdUcQ974RwyQiiQQjv,pumpswap,1790433154,0.000004797,4679.21,4607,4607,0,0,341.73,1082.19,0,0,0,0,3,6,16,16,,,-1.7,0.13,0,1,1,1,,,,,,,,,,,
1791075676,3WcZUVcto1FUE9Q14BxMU1Z5F3Kye6xrSeTFLbRGpump,QUACC,nrdaBDZ9jMW7BWYVbgh5bP7CJKmyLkshACKTpjFEG81,pumpswap,1790433380,0.000002615,2939.72,2588,2588,0,0,7.52,36.84,0,0,0,0,8,8,38,34,,,-0.38,-1.94,0,1,1,1,,,,,,,,,,,
1791075697,FfKYgnKnfPpshYsgZ14FHJr5cB3B2ys9tVvDkdNT7WYr,𝕏/ACC,AUZtEW2w9LhgzA4BdULjY2k6E5qTASwRyzZjrnBAQuVU,pumpswap,1790436366,0.000003690,3493.56,3497,3497,0,83.38,83.41,289.79,0,0,2,0,2,1,5,8,,7.4,7.14,-4.68,0,1,1,1,,,,,,,,,,,
1791075700,HXYQJ3xXXCHtMDgA3FzrzpXMKkR3CVrfpMsusuAxLBPh,PRIVACY,9LeVx1BRBS4WXzug5wWDrD3N675Ar7uu5wjjmNdZ5bPm,pumpswap,1790435201,0.000003287,3260.75,3152,3152,0,342.56,440.22,8279.05,0,0,2,3,3,10,74,72,,-6.74,-19.79,-6.91,0,0,0,1,,,,,,,,,,,
1791075687,9fgGFfdHUfeMeDUd9DjJaRjpJ7oz38j4ikwf3uxrayPS,FROGE,4RtXmksfJYaQoBJvGaP4e6ByDdvyXvf9BrVjxFBDHh9q,raydium,1790436855,0.000004197,7902.14,4198,4198,0,0,44.88,50.87,0,0,0,0,0,1,1,3,,,-2.48,-2.64,0,0,1,1,CPMM,,,,,,,,,,
1791075697,G4PF5viRAdYCA3QLf3g81J7NoWyMWoyZxMLJ52f4xon7,froges,5DUpy9CDCrgpECg5ZzL9B6Ae75euUvq64sKVCDZDfLdr,raydium,1790436712,0.00001208,14659.09,12084,12084,0,0,46.69,536.67,0,0,0,0,2,3,3,14,,,-1.28,-13.76,0,1,1,1,CPMM,,,,,,,,,,
1791075686,9M374yVvrcinzMNiACjzoEaZ7e1dFMniy5n9Zcnzpump,FIRM,FggyYbQ4ghrHPwLtvJ3ZdJE9Ahiy5QEfQBu7BjnCJaNv,pumpswap,1790437042,0.000002724,2966.66,2642,2642,0,0,0,2.46,0,0,0,0,0,0,0,3,,,,10.22,0,1,1,1,,,,,,,,,,,
1791075677,4RQUffJw21gc53u6Somr9ZXSmPzTYY81dLC7E3BWu4hJ,Faker,AaG8HbrpnBghadp8XxBTYvxRe5xKvs7nSxBzxodmV3M3,raydium,1790435097,0.000002973,4880.39,2973,2973,0,0,0,1.18,0,0,0,0,0,0,1,0,,,,,0,0,1,1,CPMM,,,,,,,,,,
1791075695,EgHU78SQ7Q9ESYQFo7q8zf8euHtzLZGABZ2Gi8Tppump,Jerry,59z4HKSwS3nE6bBx8i7My4NUfb2j7GVCnzs8yiN1aExd,pumpfun,1790378341,0.000005053,,5053.07,5053.07,0,0,0,29.15,0,0,0,0,0,0,0,12,,,,-1.25,0,0,1,1,,,,,,,,,,,
1791075701,J6rYa7tX5UeFs3dSKiSLjgq4RE7ywaorkSSjpykqSiSL,RELOOT,CgWe8h6wW7j8ijhQeLe6i5a4mV4i5kdyXL3nijTEEBe2,pumpswap,1790438118,0.000003342,3445.44,3192,3192,0,0,3.39,3.43,0,0,0,0,0,3,0,4,,,-0.26,-0.26,0,2,2,1,,,,,,,,,,,
1791075692,DH1nPfpA9mBVeS4X7Roz9NN97GtuuM8zyEKaGW2a7P6,STARLINK,HBE6JpFPMFMShtkzGyJqpLZvWZq6M18rsu41KE8uLGnB,pumpswap,1790438798,0.000004321,3978.36,4145,4145,0,10.84,92.63,159.38,0,0,0,2,4,6,8,22,,-0.3,-2.49,-3.68,0,0,2,1,,,,,,,,,,,
1791075691,CDbZLeUgK5P82xXU7FG52c2mmWfpucmXabDwMGWKTAGG,TAGG,73N22tNPwZfLuAVjzXawWWrmQ8B1PJwKoWzWPbmYjABS,pumpswap,1790440340,0.000002944,3025.14,2854,2854,0,0,506.81,509.81,0,0,0,0,1,2,1,5,,,6.27,6.02,0,1,1,1,,,,,,,,,,,
1791075692,Cuu9rNw8L56JHDwu6QxkCgCSKHcestyD4u2atX6Qx2oD,/ACC,DQs2T6gDADhNjUniRRxzhNGnSp7xnNfxSc2VrSfuimR3,pumpswap,1790410061,0.000003975,3740.46,3794,3794,0,0,3.73,140.74,0,0,0,0,0,1,2,4,,,-1.05,8.3,0,0,1,1,,,,,,,,,,,
1791075702,VH8jXt2XqqyEtnSfmBwSmt4U8ZXhGxrj3dYDRCG2vbC,gork,tacKdqzxYJEFTGBZXVWpvqxZYPPehoueP3i5KonfYTK,pumpswap,1790442636,0.000002600,2633.11,2496,2496,0,0,0,28.45,0,0,0,0,0,0,0,3,,,,-1.9,0,1,1,1,,,,,,,,,,,
1791075690,BkuopU9ufiJoEHScHDF8MS14J3McWSPjHk5GkghhKbhj,SC,CdWRdNHYwVPLop4nJ8aLeSH4DsfXghVQJ3SDBFz9xHSK,raydium,1790441853,0.00007817,44529.59,78171,78171,421.05,581.12,7026.46,30433.06,3,0,8,4,61,54,298,277,6.46,15.15,-8.75,-16.22,0,0,1,1,CPMM,,,,,,,,,,
1791075698,GDT8UZGGuaa9YAevWxh7yBcNvj4otQUv4xf6j4RsForK,FORK,2J3vgXB69wrU4524c5Jeqc2qWUkMvGk6ngGW33sSWZsh,pumpswap,1790446616,0.000006481,6340.1,6315,6315,0,0,11.6,31.37,0,0,0,0,1,5,2,13,,,-0.51,-0.54,0,1,1,1,,,,,,,,,,,
1791075682,777XNvfVmvumMEc6M9yxJQJQnQtjbUYJyx53cqrwo777,7,FPXKc5Bc6ZVvCwrysTbQvPvcRvzhRNLih8fey1Jw72LG,raydium,1790445570,0.00002516,34796.4,25168,25168,0,0,222.46,1157.17,0,0,0,0,2,8,15,37,,,-1.69,-8.56,0,1,1,1,CLMM,,,,,,,,,,
1791075696,FBdrdZaGSfum5Wymyb7ztUK2t9T9oFS8Kji8aHVs14Gf,FREEDOM,BPVVR2NYprXGPfWqESFaSPxzr4diCUzMakt7Dwujr4M4,raydium,1790367001,0.00001072,9052.14,10724,10724,0,0,361.68,1151.31,0,0,0,0,9,6,21,28,,,12.52,14.08,0,0,1,1,CPMM,,,,,,,,,,
1791075678,4TQiE8UY2pbpsguBDjm2hEkxCExzU9Z2CzbkAE4Sw3nw,SIDELINED,EzQ2KkJn9dbyxqAi8dGLbUCa7nMJHyThwFDz1W8hSb9y,raydium,1790446080,0.00001947,10945.74,19479,19479,0,51.43,1120.04,3543.74,0,0,0,1,8,8,42,25,,0.6,-5.85,-5.03,0,1,2,1,CPMM,,,,,,,,,,
1791075701,J77QVaVJwY3Tww67NG1PYEW1EhbNfGvCMTWA8Taypump,Randomcoin,6Y1AF3xM2NnwAoT2b3QTsrLAvY2Hv3HXFPsKtqhgdmW6,pumpswap,1790441256,0.000004073,4032.24,3924,3924,0,0,0,192.34,0,0,0,0,0,0,0,2,,,,-5.93,0,0,0,1,,,,,,,,,,,
1791075698,Ghvn5nKzvtmrT96YpwEq8dQq9eUaw9upjvDF5ZBypump,e/Z,EXswV9vPSFMvRoknQuvn1pLqkpN9Wd55ggv56PBvoQod,pumpswap,1790446641,0.000002553,2824.1,2459,2459,0,0.08,0.08,0.08,0,0,0,1,0,1,0,2,,1.51,1.51,1.51,0,1,1,1,,,,,,,,,,,
1791075701,JAccgVwonRw28jZ3fHdgwtyAfKJRPd5qMqaVP2xipump,FLETCHER,CmcL1kMybybZV5tKAwz34xnsRMpxpDfuWAMPSU53bJAq,pumpswap,1790447880,0.000004693,4325.07,4508,4508,0,0,0.49,75.12,0,0,0,0,0,2,1,4,,,1.48,5.51,0,0,2,1,,,,,,,,,,,
1791075677,4Kz2FwUJVEb2P2dFBbj4AHFM7Li6rn5mJdFsUU2nWNkC,SPAM,VVUmmg2f2HaUshgbRkQKHokTgJ2fNeHNeGUhbaSKymq,raydium,1790445736,0.000002959,5149.72,2960,2960,0,0,0.2,0.2,0,0,0,0,0,2,0,2,,,0.09,0.09,0,0,1,1,CPMM,,,,,,,,,,
1791075702,SaPFjDCz4bcrqVkU6JWjskJftp9jENNxP5T9Ur1pump,TIFFANY,8Xa7oP25VtGznGNU7rtMHtb3MYk2Qzd5NHxdV4nKskMD,pumpswap,1790437692,0.000004546,4722.65,4345,4345,0,0.45,11.55,51.58,0,0,2,0,8,9,20,25,,1.56,0.02,0.4,0,1,1,1,,,,,,,,,,,
1791075702,ZrQdfsbm4XVBXMBr8V9Qxvy4Jkt36b5K9iEZmR9pump,TROLLOWEEN,2Uzgmpwp45rw2eNUzBgXvYjmLLe3tFX7qRM64ELu9bM9,pumpswap,1790448726,0.000003372,3405.28,3259,3259,0,0,15.1,27.55,0,0,0,0,2,4,3,5,,,-0.23,-1.55,0,0,1,1,,,,,,,,,,,
1791075693,DU5L11pfQ1EyDWvBhM5sp2piGeHEYDy9sdTvDkfcKrNs,ASH,CMFHoNSG2f4MD6zkhmtKMV2XLmxaE6unvCE1X1gmkhgg,raydium,1790445428,0.000002141,16168.4,21411,21411,0,0,303.72,468.33,0,0,0,0,11,2,28,7,,,-3.72,-1.97,0,1,2,1,CPMM,,,,,,,,,,
1791075683,7rk2Kf2MxJB2h73UTg7p6MwdZk1x5PEtDtAjkyFY48Fr,BILLIONS,HQJucdd8kLNULM9nQ4H6seBx9bxiwMS924xQjaDqSAah,raydium,1790450098,0.000002477,4675.9,2477,2477,0,0,0.27,1.62,0,0,0,0,0,1,0,2,,,-0.04,-0.04,0,0,0,1,CPMM,,,,,,,,,,
1791075699,H6cWLaPi1ZdoSofgLSR3ZUXAXDRcM7gexkrvzPmrpump,WINTER,HjtfZuK5aoqRPB58ki7yUSfKUcRLyR3qxpcDdxstArbx,pumpswap,1790451972,0.000003088,3060.47,2998,2998,0,0,10.92,15.38,0,0,0,0,2,2,2,3,,,1.56,1.56,0,0,2,1,,,,,,,,,,,
1791075693,DRKGYsGALqr5p2aTcGLK9zqiPB5wk7JV78bJv4mPpump,SPLIT,6BZF1A29Pkke5bjkW2SM64HnaYYRWVFAHKNRK3emoCwe,pumpswap,1790451061,0.00001051,9235.92,10146,10146,0.77,73.3,363.64,663.73,0,1,4,2,11,22,18,52,-1.14,2.59,-2.58,-8.46,0,1,1,1,,,,,,,,,,,
1791075687,ADfTFJzD4bUTkTPubb9srfeQtBVgxdUv3eTaR9fJMRXn,NIPPLE,JB93b1KzMR22RdiAib4VJPKfM9qKjnApkd7HJzyUv3mi,raydium,1790436050,0.000003745,5798.52,3746,3746,0,0,0,77.08,0,0,0,0,0,0,0,1,,,,,0,0,1,1,CPMM,,,,,,,,,,
1791075675,2bX5CKZ7SHvacmMQFq7nBjQMmpPFbCZkpA7367du9Wa2,o,JCkhLmbn7116hzixaDs1uR7ckiJ1c4sm1hNNwpBQTYVe,raydium,1790450973,0.000008404,12005.41,8405,8405,0,4.86,40.4,281.88,0,0,1,1,5,7,17,21,,-0.2,-1.86,2.62,0,0,1,1,CPMM,,,,,,,,,,
1791075689,B8A4bitd8bfsLYZQ67qbuwQxAZAY7D1UCXjJoYd2pump,LOTTO,5hiEDaJaVzGFfktmPLLCnPYznEwECS6TnKYoWTC9eFxF,pumpswap,1790452717,0.000003114,3246.38,3032,3032,0,0,6.03,15.37,0,0,0,0,1,2,1,3,,,,,0,1,1,1,,,,,,,,,,,
1791075695,EwtxFx9QtsxtzdGF35RgFLpdmzqwadk65iVyNQkaBAGS,BAGSPAYBOT,64rXssNSnkQ2Kqv7Vew3oWpikZTT8h5tYHtPoNawUZto,meteora,1790453910,0.00001207,9681.87,12063,12063,12.96,166.72,2152.42,5166.39,1,1,9,13,48,42,126,118,0.54,5.29,-20.32,-15.86,0,0,1,1,DYN2,,,,,,,,,,
1791075685,8XeLRRhjgjjLAwTfUCAS7UyHQ2AQmPWV87jNV33Lpump,Normie,39B7BPHgH4n8LEpmqnQsSfaWDSVpRABfGkeV6XimXy6B,pumpswap,1790455975,0.000002724,2905.71,2654,2654,0,0,0.08,12.38,0,0,0,0,0,1,0,4,,,0.17,-0.34,0,1,1,1,,,,,,,,,,,
1791075696,FCQQb2byrn57qU9kbDabAqLsjHKbyZYNpQNLHwyuyug8,WIKIPEDIA,APs6JBUcjhxk3fzKh5pRB7znHycb7p3TzZMKvy2FDQv2,pumpswap,1790457336,0.000003346,3420.87,3248,3248,0,0,0.78,0.82,0,0,0,0,0,1,0,2,,,0.18,0.18,0,0,0,1,,,,,,,,,,,
1791075701,JCiVQ82KfnJoWteXRhEaUjn62S8tT82yimpMF9xqXXVv,PAIDBOT,12zWjrVWD82DCKaW16Rx2WaMijq8K5cVngjx2UsECFVJ,pumpswap,1790458569,0.000002464,2656.46,2403,2403,0,0,0.06,0.44,0,0,0,0,0,1,0,3,,,-0.12,0.39,0,0,0,1,,,,,,,,,,,
1791075683,7amYuaF1XF2mMvRrsnGrbanQgUT2wJxSgrBuTmt1pump,CopiumCat,8iFiCyv6stFFKMeXJnZdSf9QMaz48PwPZu3tmU7Wge7U,pumpswap,1790460165,0.00002501,12568.78,24358,24358,68.11,312.5,2255.51,38367.29,0,1,6,5,35,28,701,407,-2.05,-2.47,1.52,-32.04,0,1,1,1,,,,,,,,,,,
1791075698,G6vNKu5xhB2RN7tK6HXRPTG5pYgy5nc6CEnWqPuG2edn,WOOLLY,8DY32U41qDx6rGj1zDkPzwL2FZi34j6wQANc27N75mKb,pumpswap,1790459555,0.000006496,5603.06,6191,6191,0,8,37.18,65.32,0,0,0,1,0,4,3,8,,-0.31,-1.77,-2.54,0,1,1,1,,,,,,,,,,,
1791075685,99WxCfiVSpFKpALnFhhT7uh1YKjjsQztLkRvGrDUPeng,PCAT,CdzePwJzsrKEShtVeDq8xMvfUK6j1Gsw35WjDp2XNhFX,pumpswap,1790531862,0.000003867,3607.78,3657,3657,1.25,14.58,59.06,188.6,2,0,14,6,54,49,129,128,0.15,0.99,1.47,-0.09,0,0,2,1,,,,,,,,,,,
1791075673,14kH2osUyEJnqBZ7yFK4pLKJGuPZU4pr1enhi2ZLEmRw,DRU,4X3wyYcGk6GzVR8nmsfXeZcGniAehAE7yPiTALoUfRAy,pumpswap,1790455242,0.000004796,4384.01,4686,4686,0,0,41.11,222.97,0,0,0,0,0,6,3,11,,,-2.39,-12.43,0,1,1,1,,,,,,,,,,,
1791075678,4ecSqqdPi5DZ5wpajg5kVUGDU13rjr19weBHLz2Kpump,RELOAD,AZvuEGCYsqAmezK9MxryDME5oVVu28Zqa6PUkLdt42P8,pumpswap,1790459710,0.000003111,3354.57,2901,2901,0,0,0,22.65,0,0,0,0,0,0,1,9,,,,-0.72,0,0,0,1,,,,,,,,,,,
1791075684,8DwNVMzpcc3mq7Tk4gyWeTkvmFhnXcnDDCLayFFhXvex,HEISENBERG,55y7dKFPXNqzHevBxUKZJFD11JYG1yoNoSEskJnBCh1W,pumpswap,1790461110,0.000004363,4762.98,4213,4213,0,0.09,55.8,132.85,0,0,0,1,2,6,3,18,,0.31,-3.57,-5.85,0,0,0,1,,,,,,,,,,,
1791075679,5XMwocwvoh2bhNaK5iCXHV2UyjnLYWGZb4AgxfT4gmzi,shitcoin,4kCVarhvDkvZZ7X1rBxm9pqtCaoCJra47uao7KN5CDYE,pumpswap,1790464193,0.000002366,2415.17,2281,2281,0,0,5.21,5.21,0,0,0,0,0,1,0,1,,,,,0,1,1,1,,,,,,,,,,,
1791075683,7qR5HquYQRuxPD3R4wezTUBWBwrm82oJcgQ8jYeapump,Jack,3AgaFum7MFVEqA6AmBaaZostjrgTSqGXKNAaoo1sNaRh,pumpswap,1790463224,0.000002751,2868.06,2658,2658,0,0,5.09,15.43,0,0,0,0,1,1,2,5,,,0.83,1,0,0,1,1,,,,,,,,,,,
1791075678,5677jqYHSWFdmaoue1J8KGV7WCjQv3Zrq76Bsy8y1a3S,Charlie,EMyZjvbmZLAjx3apVcSMADBaH7XsoakmhciBS36dAkpx,pumpswap,1790461560,0.000004707,4798.41,4561,4561,0,0,0,49.94,0,0,0,0,0,0,1,4,,,,-1.92,0,0,0,1,,,,,,,,,,,
1791075683,7RCLLLq1767W4eo8md6Y6WLFU6XB8pdQdN5q5cqerNea,xdog,4DMq5nQKv1okhMrtct7L5CS5kTv9XiU82yS2xZSCnuhX,pumpswap,1790449513,0.000002820,2830.7,2733,2733,0,0,12.35,18.11,0,0,0,0,0,1,1,2,,,-0.4,-1.66,0,1,1,1,,,,,,,,,,,
1791075683,7jvc4ksnZFCguYLEpUywX7NpZ8rpW4W1thxdcC4iAufJ,ANYWHERE,FqRtMr65yuueikwgoNDb2YAzPp3mQnwphyguqZUzo6vE,pumpswap,1790464785,0.000003070,3318.52,2973,2973,0,0,4.68,27.85,0,0,0,0,1,1,2,6,,,-0.03,-0.39,0,0,0,1,,,,,,,,,,,
1791075698,GH1n1DhAYZ3EH9rPJTJDeR8c1L1zKAFTQ7DZcr4dpump,BRANDRISK,Cbw1XVqyHAQZJVgDzm1a4UQkd5ptX9qSHnK4u7iVZnGe,pumpswap,1790462454,0.00001034,7686.26,9910,9910,0,94.77,1456.43,5443.69,0,0,1,1,17,28,79,70,,0.2,-3.44,26.87,0,0,0,1,,,,,,,,,,,
1791075688,AciM27Z9vURTsPo2ZCm14WnsYNjANs8SvC1Zp72Epump,Jon,3ntM7FzFh54cgbRPptV33uCgkcy9qZrJ7QSTXg8psvhD,pumpswap,1790468741,0.000002397,2453.41,2314,2314,0,0,0,4.78,0,0,0,0,0,0,1,3,,,,0.64,0,0,1,1,,,,,,,,,,,
1791075700,Hd6U8SfLWCZCREYrT5XfwK2Nzat5QB3B8pbBvST4Tg5X,mog,EB8MDKHHdwZbfHcQQeXVUyGh35zr9mJorTaSi1YKa8PR,pumpswap,1790468590,0.00004082,18921.26,39818,39818,378.14,612.4,11417.71,61531.02,5,0,9,12,143,111,609,444,8.26,7.54,-31.29,36.98,0,0,1,1,,,,,,,,,,,
1791075680,6J1QJqN2RHxAYK7k4viMXgy7wM7bN1UqE7kxYAX8pump,100x,FmoQ1kjRz6fX7f8Zh3yM3dByR2DHxNSzT4TfwVDnYF7u,pumpswap,1790470206,0.000002481,2480.1,2419,2419,0,0,0,0.12,0,0,0,0,0,0,0,1,,,,,0,0,2,1,,,,,,,,,,,
1791075693,DpEueYM4RTCRq62edqVGFBkSQbd1iL9cGsFSJC9Xgram,TPAD,34NLqXLpt1iibgLNWqoLFM1tHqNxFbqsYEuCAS2dwVrh,pumpswap,1790471149,0.000002789,2813.32,2625,2625,0,0,0,5.52,0,0,0,0,0,0,1,3,,,,-0.29,0,2,2,1,,,,,,,,,,,
1791075692,DAemPFNc3RtibBDKkUA4eL2Ns11q9VRdbpptmqm8DGqN,CAKE,7rZ5eyRfGRavGTFG9jSoG77MNnVkQRr6DNeGpxiFk2ca,pumpswap,1790468726,0.0001033,38933.53,96449,96449,223.03,2103.49,30239.58,117565.51,2,4,17,27,413,232,1234,1214,-0.94,-1.02,-32.78,-47.98,0,1,1,1,,,,,,,,,,,
1791075700,HY1cvPN8xka3odEg3MfymsFu1zXJaHwR75niPAFApump,pumptober,8zSaho3M6CkegL3Nu4bhECQsfCn6fMPnJo43mKn2Efj4,pumpswap,1790473559,0.000003212,3143.52,3099,3099,0,0,14.06,27.11,0,0,0,0,0,1,1,2,,,-0.51,-1.78,0,1,1,1,,,,,,,,,,,
1791075701,J1yxV53EmVRmt9RUj6PPufMfdAYUbtgwXCuNYTBTsYzJ,JACK,AQB9ihwudzy364jisT8jcCURSE8wCSYg7wu7gLZ6nGQn,pumpswap,1790469369,0.0001063,40918.57,102347,102347,0,1951.11,8338.26,45863.98,0,0,19,15,79,83,433,473,,4.4,-7.16,-12.21,0,0,2,1,,,,,,,,,,,
1791075687,9zriPbmELWGzEqEJH29qQY4TZ4xVMQLVLXV3RtSDpump,XPAY,emMYEjmFXZeXXusixRJaQKPUhgPshVeNUpRtjoP2KLV,pumpswap,1790472470,0.000002911,3051.07,2839,2839,0.47,9.28,56.61,157.34,1,0,10,4,72,48,164,145,0.14,0.76,2.15,1.97,0,1,2,1,,,,,,,,,,,
1791075688,AUPjK2nh4JraxDxNk2kNsSQoq9s5CFqFcjt9KJSUa1gy,Wumpus,FwpPSH7bBynbk91YFH17PHQTGzryXpwkXoELanKG2feG,pumpswap,1790474266,0.000004753,4429.03,4500,4500,0,0,268.76,1180.1,0,0,0,0,3,3,8,12,,,-4.26,-36.45,0,1,1,1,,,,,,,,,,,
1791075701,J9PVhNvGA1hXhHwmUUYQgHpPRxZch3cmCRzTnD6Dpump,CASHED,8F2sjPRazCpSL9JsUNYasvDTQALZ5TDAx4B93jPNEe4Z,pumpswap,1790471870,0.000002948,3159.75,2901,2901,0.7,4.79,44.7,155.11,1,1,7,6,51,37,155,117,1.36,0.52,-0.95,2.22,0,1,1,1,,,,,,,,,,,
1791075686,9ZdLqWeyvgrHWVXW3wQGXg62RSxAp9RxbnWtC3gfpump,𒐪,FFXwZMCRQy7jLr14KN1MqZTyX3ef3enTKD11a6psaZg7,pumpswap,1790473369,0.00001017,8177.52,9974,9974,0,1137,2005.32,7133.73,0,0,13,11,28,27,93,87,,-7.72,-8.77,-1.5,0,0,0,1,,,,,,,,,,,
1791075692,Cjr8n5eCY2HsZ7iyfyiLxcPA3yYTegGFqzRdp2xPpump,pls,J25nLoj9inJz4tyPqxKxnzwG5joVVCxuzoHcLxrcARW5,pumpswap,1790474437,0.000002621,2637.05,2508,2508,0,0.1,0.1,0.26,0,0,0,1,0,1,0,2,,0.36,0.36,0.36,0,1,1,1,,,,,,,,,,,
1791075680,5u21uHjzfqcG9LYK9HNxZCthLHnzkCjqc14GPjSeVnid,MITSUNAKA,2BHD13ySqiFQnr63zcHg4kCR9JJbB3VPjjLja1ek1yWw,pumpswap,1790474944,0.00001620,9685.19,15148,15148,72.84,121.3,1882.99,3421.87,4,0,5,0,26,13,32,36,3.46,4.91,26.43,-18.2,0,1,1,1,,,,,,,,,,,
1791075689,B6833pbooyxuTH5ZBriapPrngkt6hiGNviKqkjncv88D,BUCK,C3s6VhHqiVsVpCpr6sH72NTWEvZhdhYcHzxV3Ti9jZ4q,pumpswap,1790474548,0.000003105,3020.63,2908,2908,0,0,0.27,10.18,0,0,0,0,0,2,0,5,,,-0.17,-0.29,0,1,1,1,,,,,,,,,,,
1791075697,FvYjAkbhhzpp3Rk3BoSLVKjYpi2zJ4baAS26R9hupump,XLife,6qhovtHjjSvgRibL33jAyZbfTugghoym72vDX3GHLR7A,pumpswap,1790476478,0.000002753,2942.81,2719,2719,3.72,11.09,76.74,172.68,1,2,8,11,60,67,164,157,0.2,-0.7,-2.52,-2.34,0,1,1,1,,,,,,,,,,,
1791075691,CTyCxPQSEH3UhJJH7PnWWeXNjqKtTaHeB4qHD6oC9Pz5,ALIVE,2FmKrU1zG9pFVaPSxAQdxNosT2YwvT2yreueWDAWjYx8,pumpswap,1790497988,0.000003505,3343.09,3296,3296,0,0,0,46.87,0,0,0,0,0,0,1,3,,,,-1.72,0,1,1,1,,,,,,,,,,,
1791075699,H7kfBWQqs5asqvzynqRaS6h9jLFc9g1tDQYPnbDSpump,DKILL,9dufQSfLH84Eqan4TCmEPdW3wb1uh4qf3LrczzDfQPYP,pumpswap,1790477080,0.000002632,2716.47,2548,2548,1.81,7.87,7.87,7.87,0,1,0,2,0,2,0,2,-0.22,-0.22,-0.22,-0.22,0,0,1,1,,,,,,,,,,,
1791075687,AJaHwyub647xPacnAL8ysByhcf6Xc3HEywChsCBzpump,CYBERPAID,5XXfJ7XZU14WB511CiVf79NaeCcLRYjBGYVoEjJ4tUwu,pumpswap,1790476167,0.000003429,4080.36,3330,3330,0,0,4.95,4.96,0,0,0,0,0,1,0,3,,,-0.1,1.18,0,1,1,1,,,,,,,,,,,
1791075689,BJDfhK6xJhj9Ln7PXCFZL6ZofEXfuDAo9cAmKCFvpump,CAKECAT,7aEKLSNcJgjNGvnnYsULYCTxZeUwevbS8qCb9gnKFW7t,pumpswap,1790476744,0.000002907,3113.68,2870,2870,0.23,12.48,69.73,194.28,1,0,14,8,83,64,207,160,0.17,1.2,1.45,2.44,0,1,2,1,,,,,,,,,,,
1791075681,6XBj4xjqJeF7R4aqfrSdyyx6TUHgKEjUkCttmoECpump,GENO,4XiNWjXoXdHabB213aSDWkygeDLy96y14SA1MTe7iyC1,pumpswap,1790477053,0.000003950,4979.85,3816,3816,0,0,0,0.16,0,0,0,0,0,0,0,2,,,,0.52,0,1,1,1,,,,,,,,,,,
1791075683,7VwUXYsVJ9i2Dwmq2XLTGqcFyBcnYdS8GsTezGcPf94a,Tinkerbelle,3N5yP57g3RpvbjX2GBMpo24kXQKZGct8kdButPW6VHtW,pumpswap,1790477665,0.000002957,2980.83,2776,2776,0,0,0,3.31,0,0,0,0,0,0,0,1,,,,,0,1,1,1,,,,,,,,,,,
1791075685,8eXxNU1Tmfhy4Wk47UMoap9z92KgjW7hJuUdxWNgpump,Tuition,3zHDsYttqWAMnjWwiWRfSSuzEk2dVuJjEY7MQsSKS99S,pumpswap,1790477406,0.000003027,3243.96,2917,2917,0,0,0,13.8,0,0,0,0,0,0,1,8,,,,0.27,0,0,0,1,,,,,,,,,,,
1791075674,2PiCu43DNW5Yk1tozwvh67PxtFqu4CU91LSMYKzppump,GROKTOWN,GKdeygbDczSvJq36PxHVLQAjMywRjrvxjguZ3soXLGc2,pumpswap,1790467981,0.000003796,4031.06,3697,3697,0,0,0.19,1,0,0,0,0,0,1,0,2,,,-0.12,-0.12,0,1,1,1,,,,,,,,,,,
1791075691,CU7xTSri6a2RwSooegUVMz6nsX21DwjwQWXN4UHZpump,GOONACC,Arxp8qS48cVYBVF8KsNUAbSEcccPmB9vsk5nWZ2KuM7y,pumpswap,1790479588,0.000003175,3845.4,3083,3083,0,0,0,0.03,0,0,0,0,0,0,0,2,,,,-0.72,0,1,1,1,,,,,,,,,,,
1791075678,4uPwkvg3BmL9LapxugKLyGas2PNpNeWzdxgnUtj6pump,TWJ,EBzVDGCzyiXBiutqqvLxQXv3wvpMPyEpECFCNVduNHpm,pumpswap,1790480854,0.000002547,2719.93,2446,2446,0,0,0,19.31,0,0,0,0,0,0,2,4,,,,-0.27,0,1,1,1,,,,,,,,,,,
1791075680,5sNJcSVdsLpaqqMANjUEDs5RFqXgbMshUwPqH9g4NQ4D,BUNDLO,9wabcnQjY3KKXv2WBpwX1Yi4RUnAw7VU2bBSAM1ZC5qy,pumpswap,1790479873,0.000008997,6754.45,8655,8655,0,17.24,203.36,4692.62,0,0,0,3,5,6,66,72,,-1.34,5.34,-8.52,0,1,2,1,,,,,,,,,,,
1791075675,2dfWu1S1oiToSsnLoZFbMcHgMuy9W665YWzCvdof58zi,AAF,88vff5Cqwes7TbQZYV3TkwgoJSbgz3utngu579CT5qgv,pumpswap,1790481643,0.000004837,4588.83,4711,4711,0,0,71.11,1172.97,0,0,0,0,2,4,11,23,,,-2.15,-29.97,0,1,1,1,,,,,,,,,,,
1791075699,GmBgaMaafiwmVeNo3m5YMDqkBidnxmdFLJ8VTA6xYwow,WOW,GWoFVRsuiQxPsTYYcVuwjqtSGKWn35zZftfBCTMSpZ9v,pumpswap,1790484568,0.000004158,3968.62,4050,4050,0,0,0,69.15,0,0,0,0,0,0,0,3,,,,-2.56,0,1,1,1,,,,,,,,,,,
1791075684,82CfUnavgMwUzY1UkUnWpqKMRPqoBuSb15VnEjn1yx9a,MONEKO,4XBhhZm2T8KxYGqVmT4WL7RFpqVi3qejBz7roQ55VPYj,raydium,1790480807,0.000006960,7865.52,6960,6960,0,0,23.93,275.15,0,0,0,0,1,2,2,9,,,0.12,-8.36,0,0,1,1,CPMM,,,,,,,,,,
1791075697,Fu2oZoGxFtCDp29NKA4A89xcn255khq9xbxG7Mmtpump,PFP,5uCTEpMTa46DW1behkuCWRuxVioXN8peBWpyiHWr3LrT,pumpfun,1790245414,0.00005182,,51829.57,51829.57,0,0,89.6,590.88,0,0,0,0,3,0,10,3,,,10.44,7.19,0,1,2,1,,,,,,,,,,,
1791075702,aqhpFfoGp9vpKEd1u7b3GSFXt9bbPfUyLBdzs6fpump,Telepaid ,FY72WueoMxGatdsRPZ8faVSCMCzJQkJFwPA1Ax1BVAfS,pumpswap,1790484393,0.000002576,2561.26,2462,2462,0,0,4.42,5.02,0,0,0,0,1,1,1,3,,,0.03,0.64,0,1,1,1,,,,,,,,,,,
1791075700,HHKUrC1GhmxR9GT9NwYubrXGvrgW7TjWzhXFhKRRNbPJ,DIC,CZaSaas5ZREPvy8jqGmxMNuEbDPUBimvobEujg2Zam3f,pumpswap,1790483140,0.000002614,2827.3,2546,2546,0,0,0,0.08,0,0,0,0,0,0,0,2,,,,0.49,0,0,0,1,,,,,,,,,,,
1791075678,4kL41egpnLvEBFq5GnTa74oLMwMhjnK4C1rqXf8qpump,COW,BqUhxPhJFTNd89uVWsYJBsQ34mo5wXPhqmuqp2ZKM2W5,pumpswap,1790485951,0.000003970,3860.5,3884,3884,0,0,0.97,141.75,0,0,0,0,0,1,2,3,,,0.16,-1.33,0,0,0,1,,,,,,,,,,,
1791075684,87pa2UbBB2dhD4b7CHDPHzzKjrdrUtEcBHueXnVz6CJp,JIZZCOIN,BZq5dv5SD9R8UyFHFXtJLt6q3qHjAVVMHh4VFAQf1qa1,raydium,1790116937,0.000004390,6455.17,4391,4391,0,0,0,109.21,0,0,0,0,0,0,0,4,,,,-5.98,0,1,1,1,CPMM,,,,,,,,,,
1791075688,Ab6CVmhqD3x1bvMZBnjJBJqeTLMm7tAapcZwSU6apump,MPAID,5DKFn27xzpiWQBoauSkWsw115SyMFFkbDNVHDGSXNHJ5,pumpswap,1790486873,0.000004843,6946.93,4732,4732,0,0,0,68.24,0,0,0,0,0,0,1,8,,,,-1.17,0,1,1,1,,,,,,,,,,,
1791075681,6p92UuCmdyd6MXRpsVVbSdrJoLkMYRPFGc7uREpGw47e,MarioNawfal,H7GHN1okkrFC9dQmxD4M8u7Wa6jJ29FZdmCbge9xi4fB,pumpswap,1790489945,0.000003192,3282.42,3056,3056,0,0,5.39,18,0,0,0,0,0,2,0,7,,,-0.47,-0.38,0,1,1,1,,,,,,,,,,,
1791075692,D3aMqZmgUAAJSgmDqvTc8Pkdr5QxahHtBo7gbFHHpump,Marscoin,AwVUgT5XPKt8xmiYEUFLMHUsBUnuAv9ecPUt2xD6ZjMS,pumpswap,1790488901,0.000003510,3535.38,3422,3422,0,0,0,88.96,0,0,0,0,0,0,0,6,,,,-5.85,0,1,1,1,,,,,,,,,,,
1791075702,hxy2Ls6SV2gMVHjWGSHgHAhyZZ2fGUTiZVgYcGXStox,STOX,4ctfwFF9PBeRQ61ycWeEE3RT6tQy8gPr6rTio5FGXT2a,pumpswap,1790490604,0.000003361,3372.78,3243,3243,0,0,1.64,5.31,0,0,0,0,0,1,0,3,,,-0.23,,0,1,1,1,,,,,,,,,,,
1791075689,BPHarSVwpav5SpxMoqb9cePBnCM1PAznBS1Srqohpump,MarioNawfal,DV44oa7KWMYnTgaLH9UJtXWaHbKWT8MhtCXGNecP9cu5,pumpswap,1790490331,0.000002888,2854.65,2732,2732,0,0,3.68,31.75,0,0,0,0,0,1,1,4,,,-1.28,-0.87,0,1,1,1,,,,,,,,,,,
1791075678,5Az92KHhqxtudSbqZ2yrQ3LWfkS3ktKkER3FVVLzpump,Luna,ED82b4y5xcBTeD1HJRPdDg9d1oGMbZ6CbWt1EA9HWHNs,pumpswap,1790492800,0.000003042,3234.69,2924,2924,0,0,0,4.2,0,0,0,0,0,0,0,3,,,,-0.21,0,1,1,1,,,,,,,,,,,
1791075682,7BN68PVzqWV6EjK8J8Y6Q1h5C8FFD5ZRZVscXyJDpump,20xx,GvdfErkq5mvvphEriajrjArakyqqUXXiyBWdzMoxS3Tk,pumpswap,1790492418,0.0002103,45677.84,203022,203022,0,648.28,10554.35,74209.02,0,0,12,8,140,127,729,558,,0.42,-6.93,3.83,0,0,1,1,,,,,,,,,,,
1791075681,6UTgBWACzB1zX2GA2uEvVn6325XE99wNvkVTXv5qpump,Dougherty,qNadZjDebjUwHS5ZRcLTLtoGk4wAU15kydQLFSJGUUe,pumpswap,1790493124,0.000003278,3581.65,3177,3177,0,0,5.08,147.98,0,0,0,0,0,2,2,11,,,-0.26,-9.82,0,0,1,1,,,,,,,,,,,
1791075700,HgoScXAo4zFv5kDb6axGrwuz95FaVEcLskyDVZfo297z,MARTIANS,FdL11Uu5YRNCybePTpa3T2vqjUqi4Qo1uzj4pvKUqj4d,pumpswap,1790491919,0.00006049,26284.59,58951,58951,52.48,536.35,5944.84,21835.47,0,1,2,6,32,29,207,139,-0.28,-4.46,-24.89,3.58,0,0,1,1,,,,,,,,,,,
1791075700,Hk2No4cHkAV1Sz6Q1imbmFpUy1cMJr1vMpGugTGzpump,LOOT,3TQ5TEMsqB8T8jHBCHo7AC96D3cMpPD7gKCHgtgQ9Ymp,pumpswap,1790494907,0.000002457,2487.15,2359,2359,0,0,0,9.86,0,0,0,0,0,0,2,2,,,,-1.29,0,1,1,1,,,,,,,,,,,
1791075692,D9QYds4z8vSyxM4t6GvjeKFkkLLLWS5m3LdJEThxKyzB,RELAY,2vZ8xpjSgvF3wy9Vd11GirEEP7o4J6gArVs6nBzocjDK,pumpswap,1790501465,0.000002974,3207.86,2848,2848,0,0,4.13,6.87,0,0,0,0,1,1,1,4,,,-0.05,0.16,0,1,1,1,,,,,,,,,,,
1791075686,9LbKkVVhrFRqAKCRDnSVAeWHgoBgNgej25J1ZHEPeURe,⋈,5U9HrFpoThz4kanVaLKWnfBVfNBXkpm6wUNW5SVvLNAd,raydium,1790499225,0.000003222,5274.64,3222,3222,0,0,152.88,235.06,0,0,0,0,0,3,1,7,,,-7.05,-5.59,0,0,1,1,CPMM,,,,,,,,,,
1791075677,3jg5Zvqbg37afKLPGui2YevW1scuf5ra1Y8f3ejPDHiM,BUX,BYPHHA23PbqALgFjLDx29JCsQqaZWGFkUqK6rsK45ccU,raydium,1790499838,0.000003457,5779.12,3457,3457,0,0,652.37,657.29,0,0,0,0,2,1,2,4,,,0.34,-0.26,0,1,1,1,CPMM,,,,,,,,,,
1791075679,5UwDB5oy5muNkLW7W8i9cnmedxysygs4J2xybMAjpump,d/acc,7vi9mhKvbTiyTEvRU8ZjGFFrHdQrGDodzR8Y5kU7WWY5,pumpswap,1790501115,0.000003895,4895.94,3765,3765,0,0,0,302.49,0,0,0,0,0,0,1,4,,,,-4.21,0,1,1,1,,,,,,,,,,,
1791075699,GyxJsDe9T9KBjMZgAKofsi3cKv31u6th1TANoqQbpump,SMcD,J55MHjuXgxTj4HnnZDdHHX5Ypo9nQfU94HMaBLeWo2yu,pumpswap,1790500918,0.000003045,3818.83,2971,2971,0,0,0,0.17,0,0,0,0,0,0,0,2,,,,1.19,0,1,1,1,,,,,,,,,,,
1791075702,XZCXQ7R97MTA5VSqDsfjpRS3JMtE7VpbgbAZEyZpaid,REPLIGATE,2yddqh43Qu3dK38JC5pHdDu6o5UUbrPmKG2u8WbjwyWc,pumpswap,1790503765,0.000002962,3002.56,2847,2847,0,0,13.47,13.6,0,0,0,0,0,1,0,2,,,-0.48,-0.48,0,1,1,1,,,,,,,,,,,
1791075698,GW5xNXBtW9usH62Uimis4L5T1Fi5ceeMa9dupjTVpxaD,lemon,HcvoKF2XajWwCzcLAvkeKNCUfSMTpu4jf65Um2bvgJPF,pumpswap,1790505906,0.000003085,3361.57,2989,2989,0,0,0,83.55,0,0,0,0,0,0,1,6,,,,0.38,0,0,1,1,,,,,,,,,,,
1791075687,9fno96crbJq887w3DuDFFaurYE7sHA8GrtZutzSa72j2,UNICEF,6ESQ9LFmXPXhWo68u46zQ9VW2KbtuTxXzj7PFeyGT2bt,pumpswap,1790498496,0.000005644,4879.17,5432,5432,0,0.59,0.59,66.62,0,0,0,1,0,1,2,8,,-0.07,-0.07,-1.26,0,0,0,1,,,,,,,,,,,
1791075681,6uPEdkU2xPg1iyfLzV1ssUwvve8nndA2sd6nBFrb1n58,NEARPAD,8N2XJYyVBMrd4B5LUTd5pFe3uWwp5h4cWib9AxTxbHxv,pumpswap,1790511060,0.00001271,10352.93,11815,11815,0,80.88,245.62,2698.78,0,0,1,2,4,12,32,60,,-0.45,-4.28,0.94,0,1,1,1,,,,,,,,,,,
1791075696,FGoHcBuWfy6XGGkXwTLe9AuXAQEUmDR5g1LkxK98d1vJ,NAMI,25sJDienuMMmZKMFNn5p69Zc8ktiXrC9MUQXunuVBwUq,raydium,1790508922,0.000004508,6014.28,4508,4508,0,0,1.07,2.06,0,0,0,1,0,3,0,5,,-6.28,-8.19,-9.11,0,0,1,1,CPMM,,,,,,,,,,
1791075695,F1z5FQdToNDLQYJ72grqePaWJrcrf39HR4gaKA57ySUQ,Q4,5Gf7NqZ2ACpiCaGHUn7uaVEJNjVQnGGgAYRHynoHNHDT,pumpswap,1790509917,0.000004087,4146.95,3974,3974,0,0.17,17.25,132.26,0,0,1,1,9,12,21,28,,0.28,-0.16,4.05,0,1,2,1,,,,,,,,,,,
1791075688,AuqagzhTqC6uBLraRb3rx2fwCCBAXCmfRm4btemyPXJb,Backpacknami,9y2Qvwh9oTJXEtiY1hTSc1R768fV5VdUjrPgbssSyjpA,raydium,1790508888,0.000006721,7673.5,6722,6722,0,0,6.73,668.22,0,0,0,0,1,1,7,18,,,0.46,-13.89,0,0,1,1,CPMM,,,,,,,,,,
1791075675,2c7AzoxqEF8o9wuTJwdGrhhbqEa32FtdRybEWaxEpump,SHAREPAY,FhR1xuGJ7DguHY34KxXeUQpveb85UrF68EB4THBYhJci,pumpswap,1790514853,0.000003281,3160.05,2959,2959,0.7,0.81,14.26,24.03,1,0,1,1,6,12,18,22,1.5,0.43,-0.53,-0.23,0,1,1,1,,,,,,,,,,,
1791075696,FGZScHYURa8qMezk5gpZj5C2ExazybAwBp5TbNE4M3A8,WOW,4mXNeLX1qt1TZbWBEWuJbPz95BNB6KTAoKpR59Qq3QNm,pumpswap,1790514671,0.000005572,5320.16,5468,5468,0,0,22.63,173.11,0,0,0,0,0,1,2,11,,,-0.73,-4.04,0,0,1,1,,,,,,,,,,,
1791075681,6Rhs8iuUiepGYpiP6ZEhNF9jRemVV8xYdD3hVuqtKTAR,NEARCAT,A9csKWAsi6J4UDkzLrg5gUgAs9XXn2i44PAceSXGdoZH,pumpswap,1790518834,0.000002800,2894.66,2713,2713,0,0,0,84.18,0,0,0,0,0,0,0,8,,,,-6.09,0,1,1,1,,,,,,,,,,,
1791075685,92BVgXufGjaMUyANA97dvg8LqNb5VMg2wgRfve9tPdCG,DELREY,GZwsYYmc2a54HhX9ZGYTzo7LBChq1SSRDiV6RvvCBXzx,pumpswap,1790515531,0.00005640,22382.27,53988,53988,0,1619.21,7038.15,15867.13,0,0,11,7,58,64,128,167,,0.24,7.03,-7.07,0,0,2,1,,,,,,,,,,,
1791075687,9n8LcQVsryuRm2GM1tYsxFCxTUjvy86jAwuciX8xpump,CINEMAPAD,BfUeoP5FUPEL3ykp2L9Xr3KdAt1xC63xupRwCyaNXMqm,pumpswap,1790518340,0.000002554,2582.83,2468,2468,0,0,2.79,7.76,0,0,0,0,0,1,1,4,,,-0.01,0.29,0,1,1,1,,,,,,,,,,,
1791075699,GtAUoL7YiDQoRtoZEvBKkUXEftsouJkxoGXqLERa9Thg,DOOMSCROLLER,FSseV1hZGX7Am1tNGdeP2Fq2AtGfUkEWw9xywzbXFmx2,pumpswap,1790517781,0.00001667,9956.85,15962,15962,0,0,9872.92,18887.29,0,0,0,0,110,65,170,145,,,24.6,-35.43,0,0,1,1,,,,,,,,,,,
1791075680,6Fzn6PtAiVFvweUibxAiqQrofo138k9YZtJ1HK9EVShp,Excatlibur,6J6TPVj8ZkcV6ymCv7tNQvAJWSyR3GF8SK8USRPxFqu5,pumpswap,1790522062,0.000007587,6383.08,7244,7244,0,610.81,1017.9,5312.73,0,0,5,4,16,12,78,62,,-8.68,1.44,23.95,0,1,1,1,,,,,,,,,,,
1791075698,G5sES1o7BR1qj3RHhPKUkwDQidPdbbZc1aC1ufHE645h,Jerry,EnaEiodQDrPrwHZqLnfZqgviVBdNxLwwibKBJ3zDR6MM,pumpfun,1790434249,0.000008098,,8098.84,8098.84,0,0,12.36,618.43,0,0,0,0,0,1,0,4,,,-0.35,-9.73,0,0,2,1,,,,,,,,,,,
1791075681,6nSM2HxvaetyDrUYjjAUKwgWGi8CGjmboLee7wcHeKN4,ZSHIB ,GUiuqUy3kekuEwkKtvAQqCWjZP3HNHd64vdRiSrVMF3B,raydium,1790523015,0.00008054,23222,78923,78923,388.89,4139.6,32701.75,74851.35,1,2,68,41,295,244,721,657,-3.19,-26.68,-56.03,-29.28,0,1,2,1,CPMM,,,,,,,,,,
1791075684,87wamMPCTf1399DZWxBD5YYz6YcE3cPyk5iBjUSeWAra,CURECANCER,9c5RkY1mj7mKMZ7QfE1o4gCCbLtZqexVaeM1xzBap6Xz,pumpswap,1790524103,0.000003634,3951.56,3561,3561,0,0.38,3.46,15.18,0,0,0,1,0,2,0,8,,-0.08,,-0.01,0,1,1,1,,,,,,,,,,,
1791075684,8HnLRKJ6XkeGq1tpmKPqn3yB5ruqbSR5LR5nVCNAshop,REGULARS,6UNreUfUuNwX9EorTRcLgmJ29nH6gCVuQsJogsq569eN,pumpswap,1790513572,0.000007323,7032.07,7019,7019,0,0,90.33,3007.59,0,0,0,0,4,5,29,47,,,0.66,-16.8,0,1,1,1,,,,,,,,,,,
1791075690,CC5D6puFmcsnGaJh7kNXeAcRpL2SZzQfoQezvx45uKjt,WORLD,FGXMnchTt8tQc8mEHgWiWhrUHHUHcMAzCvgaYuaCmghz,pumpswap,1790485934,0.00005193,23586.33,49972,49972,0,348.98,5039.23,31548.78,0,0,11,5,48,41,262,237,,-0.11,-25.55,-21.75,0,0,1,1,,,,,,,,,,,
1791075684,8C45BmADgZjG3KPCNHCW37XxJujj96A1U8rJb13HWbag,SOCIALBAGS,FhAJpZh2BYH2oafdA6p3BRFqMwRYX9P469sXnLES454F,pumpswap,1790525985,0.000002732,2707.75,2585,2585,0,0,1.7,14.36,0,0,0,0,0,1,0,3,,,-0.17,-0.77,0,2,1,1,,,,,,,,,,,
1791075700,HH5btUAy7FCFCJYfDB9FV5x1Zk5SLJtymoPW32U9bJ9m,Em-8ER,CKKp4gZ4UYobGQm5R1CDVs4PeBFt1cLfnbkjcNMGCGTf,pumpswap,1790539879,0.000002836,2930.65,2719,2719,5.02,5.02,10.7,19.54,0,1,0,1,0,2,0,5,0.06,0.06,-0.62,-0.76,0,1,1,1,,,,,,,,,,,
1791075683,7fHxQvcWdvNeVx2Ni33t2BEDc1zfnZ8LCRdwX8STtrcH,PRE,GYAVCbcU9xrPNgrpiX2DViA3ituRsmRfFLUBc7LoLLJL,raydium,1790387135,0.00001908,11048.55,19088,19088,0,0,0,803.82,0,0,0,0,0,0,0,13,,,,-22.35,0,1,1,1,CPMM,,,,,,,,,,
1791075686,9UtaRjir5Q4HRG8d8Z8F7jRgHGLBBwp7PR4rgBnoyr3z,MG,J41n3LDS2WYDXNq4RRvG2svir1svEduzH32g5Dt9SEvg,raydium,1790521985,0.00001024,9686.95,10248,10248,0,248.09,4755.71,20304.69,0,0,3,6,44,64,315,162,,-9.14,-52.55,-24.41,0,1,1,1,CPMM,,,,,,,,,,
1791075681,6Mpx5UYXStScSzFJ5SWw9E551NZDq42DJFL8kcQppump,BEARN,4mpLekGXcGVn9Zh9GQ9ZQ5gmwD51CAu1amUK23mPHoZS,pumpswap,1790526882,0.000002454,2472.1,2338,2338,0,0,0,0.2,0,0,0,0,0,0,0,1,,,,,0,1,1,1,,,,,,,,,,,
1791075697,FcxpVmkFNsmwyEDKyu9RWsqEa1TsopPF2DinqzZGpump,GTA 6 Coin,56FTzAvsBcVtvQ2y78jNuJUM1B82NQoXtejEH3MAEJbs,pumpswap,1790519125,0.000004097,3934.89,4006,4006,0,0,3.6,78.78,0,0,0,0,0,1,0,3,,,-0.41,-2.71,0,0,0,1,,,,,,,,,,,
1791075694,ECAGLpyRvNrqj7eDcyLboSsqATLGwkw3g6Rhvestpump,dfp,GFYCeirnYXt7rTJjKRsF6gxPB2htSDfj1Qqs46dSetaZ,pumpswap,1790529240,0.000002530,2860.18,2477,2477,0,0,0,0.14,0,0,0,0,0,0,0,2,,,,,0,1,1,1,,,,,,,,,,,
1791075700,HNazMWySREpLBoyEdsXPPzvvc4eZ6avQDwqBko3vpump,MIGR,HzDFmnkKpBXwoQJkPAuhEg3GLATstxFs2rprWSSp7hqJ,pumpswap,1790505716,0.000006799,5803.84,6542,6542,0,4.3,326.95,820.61,0,0,1,2,14,27,37,60,,-0.84,-14.04,-21.08,0,2,1,1,,,,,,,,,,,
1791075695,F4K2SbLNgyz9gzNqT8bPeLpRkxy4oMA9twaffUDdZtB6,POD,4759SGgn3ypWtPHoBq65wCWa1t1tbdA5cwsKjoHuX39d,orca,1790527521,0.0004071,102766.33,407113,407113,2297.25,15849.7,63356.36,313037.87,3,2,46,29,288,154,1223,892,-5.15,-15.03,-17.14,23.45,0,1,1,1,wp,,,,,,,,,,
1791075689,B2kipu1WYBPBDQrCX5yv9p7dhjhG1FwwnxBjUDhSkbdG,RAMP,GN5bbAjNeQUpQQiebWmuMwxFarg11UaajHHNc4eoQqXH,pumpswap,1790529919,0.000006072,5929.77,5920,5920,0,0,11.15,8803.48,0,0,0,0,0,7,71,75,,,-0.42,-24.52,0,1,1,1,,,,,,,,,,,
1791075694,Dxz3LSztqekB38wLNZSJuASLDXouphBnUkZnrrj6t7it,TITCOIN,Ai7VCpXLCSuQPiNuaPhSqjwSzELKH1G8b1GbrwsRAeve,pumpswap,1790531859,0.000002507,2502.52,2350,2350,1.23,1.23,1.23,27.56,0,1,0,1,0,1,0,4,-0.54,-0.54,-0.54,-1.67,0,1,1,1,,,,,,,,,,,
1791075682,76R3Mbb3w66VQg7u7tQHoCMqq6QofD59bncoZKnpump,NTDA,3rEMJwD6wgpgQyubwhGDj5sBhLBzeJRbCsjBbczwM4Aq,pumpswap,1790526052,0.000003786,3600.93,3785,3785,0,0,0,259.97,0,0,0,0,0,0,2,3,,,,-12.84,0,0,0,1,,,,,,,,,,,
1791075694,E5PMiZKfEe1NQhw32izNihZFT2FEERT9WRyKGiq9ZK3u,kidney,atAs6rpdxKt1RzX25YRvvKu6LRUg5nHUtYuJ5ExWowU,pumpswap,1790532709,0.000002643,2641.86,2484,2484,0,0,0.18,0.5,0,0,0,0,0,1,0,3,,,0.42,0.48,0,1,1,1,,,,,,,,,,,
1791075690,BgLULABxd8THAz1AMmJw6HbqFKkKzwqG1Ecs9BT28koS,nLAUNCH,5gJisonjgV7NEiX77V2LR21VEShcVYZMPSJwW7N9it2q,pumpswap,1790532395,0.000003057,3068.12,2791,2791,0,0,0,2.46,0,0,0,0,0,0,1,0,,,,,0,1,1,1,,,,,,,,,,,
1791075697,FpZBwwRzh7yohba5vutPfQRHTsEGBtGAtXG7YkZd2SZM,LAND,9SzTE7cJ6taDiNurRi9YwogYSKP7TVi3ZDiVQZrjqc7J,raydium,1790532656,0.000002780,4884.29,2780,2780,0,0.11,6.78,19.41,0,0,1,0,9,4,16,12,,0.01,0.03,-0.57,0,1,1,1,CPMM,,,,,,,,,,
1791075680,64tUZQBCDKhkxPYNey9PXdV8Hz36ra28FuDhMMULpump,WARP,FQjKR5ANojed3skqDFpvM5PcHGQHvBsexhwd9qHcUowe,pumpswap,1790529503,0.000004100,4023.14,3963,3963,0,136.51,231.03,647.02,0,0,0,2,5,9,6,23,,-7,-5.82,-26.12,0,1,1,1,,,,,,,,,,,
1791075692,Cmrq8EkYn8qhjtq6iYfqrfzet3q4aC5F38tLQGUvearn,EARN,DBKNh5amypLurhDGSwUgni8JeoMPpe1QS2cUs4Z9dZDj,pumpswap,1790534914,0.000003300,3576.34,3208,3208,0,0,42.48,60.91,0,0,0,0,0,3,1,13,,,-3.17,-2.72,0,2,1,1,,,,,,,,,,,
1791075692,Cgi54CNpHaYn4smqLH5tW8X5QxssMvi592My3tRoiHfX,BARSTOOL,6n1vyc7sRiqMsc1YAGAz3rQyyjK6muABPnxB8eGwysaS,pumpswap,1790536889,0.000008096,6981.41,7889,7889,0,5.41,214.15,875.57,0,0,0,1,0,5,9,39,,0.1,-8.78,-16.89,0,1,1,1,,,,,,,,,,,
1791075685,9B7pAcfPDL72RG6rCbrbQAMkk8iqqNKXoQ2W35fmpump,PUMPAMOL,2x5BwfFU7rPkKmhdWETaj9L89xeYGDCKosbsRhaUXuCx,pumpswap,1790537804,0.000002651,2892.03,2582,2582,0,0,0,212.13,0,0,0,0,0,0,2,2,,,,2.46,0,1,1,1,,,,,,,,,,,
1791075679,5HiQSA6gHtzDQX8no9iLvUAXmX9ncWRseUjbDqCjM8Zq,Charlie,HNzV3NPuDiHnJbVy6pU3W6fK4zMoP7LgwJQTpLgJ98Vn,pumpswap,1790537462,0.000006001,5091.31,5673,5673,0,0,0.17,8.26,0,0,0,0,0,1,0,3,,,0.1,0.2,0,1,1,1,,,,,,,,,,,
1791075696,FFPSq1ByV2XdPTj2UkSPRe14NoQydUkarBLeNfXd1gdj,FLESH,B1fNSrNTLtgUxe7Yzsd47cwFhStXtWvoJafnUPGaBsB5,pumpswap,1790533923,0.00004999,19637.71,47649,47649,0,103.62,370.4,4483.03,0,0,8,1,11,7,67,47,,-1.77,0.09,7.52,0,0,2,1,,,,,,,,,,,
1791075683,7tEsDuij7aj4b2jLUAS5oXcp6B3zWratYVmviS5zpump,VAULT,DqXXV4vcBjSf39TYCnC9uFUsohzhgScewXwoX4Q7XUzH,pumpswap,1790539588,0.000006922,6919.63,6866,6866,0,0.02,118.59,1458.32,0,0,0,1,3,7,16,36,,-0.09,-4.1,-20.77,0,1,1,1,,,,,,,,,,,
1791075690,BxpWDdkV7wbfU5ipCPURJgmYR5Nn4N2vGK9A8Qdrpump,CLAUDEPUTER,5z9k9GhqKs9iF8MWnSNPC1nJQw2GmTz8D1ArTj5xHmaY,pumpswap,1790540466,0.000002498,2551.27,2396,2396,0,0,0,7.6,0,0,0,0,0,0,0,3,,,,-0.08,0,1,1,1,,,,,,,,,,,
1791075690,C5YjyjnbJhPmW41mXZWiFJF3FSHtUu5Z8sefqhmGpump,Tabless,4jMQ6JYVSdp15C98AdyBAVuWf9e2QZzz5MXHPUqqzUu5,pumpswap,1790527577,0.000002615,2673.26,2523,2523,0,5.31,5.72,6.41,0,0,0,1,0,2,0,4,,-0.12,0.03,0.05,0,1,1,1,,,,,,,,,,,
1791075682,7ESoDXqwqKUQBWdeqygNCFZroAtemHxyK8EPcjgPV777,LUCKY,Aavh7YD6RRMVSn8Heb38rH38bk1vqcb5ZDX6PJyVu3XQ,raydium,1790541551,0.000008648,12326.35,8649,8649,0,0,46.25,166.15,0,0,0,0,1,2,4,8,,,-1.14,-2.14,0,0,1,1,CLMM,,,,,,,,,,
1791075700,HTwigtUK8W3FWke5mD66np7Hnh5XF9i6WDC5GcdMcYkV,Grokler,9ZLRQPNps1XkgWotaqexP3pVxsHHNNRWp1V95fiMZQze,pumpswap,1790541470,0.000002595,2725.86,2534,2534,0,0,11.98,12,0,0,0,0,0,2,0,3,,,-0.72,-0.72,0,1,1,1,,,,,,,,,,,
1791075680,6Apwsn3iB12bWaN9XeipPGVPRFeSLpnTTQZ7EgW6pump,100x,61eHK4aq89abydAzqk9PF8JkcJK7obwVa7GpPxcHLQZK,pumpswap,1790541539,0.000002578,2575.59,2461,2461,0,2.74,11.49,11.63,0,0,0,1,0,2,0,3,,-0.48,-0.53,-0.53,0,0,2,1,,,,,,,,,,,
1791075689,B7UMjAxXVTiX4uWCxjDDg7apyVg58yfEv7bbo9QFpump,Vampify,H4R4rofWjxpoPR2nrxhST8TN68FTTQ6U7V6RLCQGpT2p,pumpswap,1790566625,0.000003053,2971.24,2814,2814,0,0,0,30.52,0,0,0,0,0,0,0,2,,,,-1.08,0,1,1,1,,,,,,,,,,,
1791075676,3FfCcJoAJhbXyd4LaiLw4QvLqxnMKhTKfZkUgPRsRRT2,CHOOSERICH,AmSM42aE8bCbREKG8gyadhgzyLrNBuZNsEe1UeRMx8xH,pumpswap,1790544900,0.000002519,2681.49,2428,2428,0,0,3233.13,3233.13,0,0,0,0,15,15,15,15,,,-5.45,-5.45,0,0,1,1,,,,,,,,,,,
1791075692,CsVd8MzVuN4K99qJYxRzDBA1F31hQH6MH9EqeMz7pump,ABUSHALAB,34WUWMV6F7CNcKTV7Cz2Xt52cdJzpDetTqoQA1h8HBxb,pumpswap,1790543049,0.000003209,3128.04,3123,3123,0,5.01,13.75,404.06,0,0,0,1,0,2,4,12,,-0.52,-0.77,-5.72,0,1,2,1,,,,,,,,,,,
1791075683,7RfaMFbYSLvZQmRWjLECCKbuCNTKhQoPUQTfXcmMropx,AGI,Ht2JR1ht1nwZ6KmU2TzhCzKyWdfGeDWu53wQ68qUSuoj,raydium,1790543112,0.000002450,4426.51,2450,2450,0,0,1.23,15.63,0,0,0,0,0,3,0,7,,,3.04,2.33,0,0,2,1,CPMM,,,,,,,,,,
1791075684,8DXqVUopcdviLvujTcpwEqkKzB43Arp6E1axzsEE5Btq,moin,CbR2UL7ktBr8MUUTj3FYcURZerp28GA2p1vPuMeKy1Je,pumpswap,1790542136,0.00005869,26040.3,57012,57012,0,1509.22,10935.11,27116.01,0,0,19,10,108,68,280,231,,6.38,2.22,1.6,10,1,2,1,,,,,,,,,,,
1791075696,FCEjmz9E9yqrGvGu4voUARtv11fwmyYm4JKuSoG2X5Gb,GACHA,7GnzUW1FRcchgHmdsKEQbFiMzsdVdNHK1WCi21ZBobMy,pumpswap,1790543163,0.000005393,4973.68,5287,5287,0,31.03,48.61,82.95,0,0,0,1,0,2,0,6,,-1.34,-2.08,-3.58,0,0,0,1,,,,,,,,,,,
1791075688,AbfLN7d1BdbV13NQv8kP5tHiZr1qKAEs7xMN1U2BvA3U,PKMN5000,6CLFzoqjeP8SMWhX2AeJwQGot4cwfs86NCYnuVKzYXtk,pumpswap,1790543770,0.000005238,4574.14,4737,4737,0,0,0.04,19.74,0,0,0,0,0,1,0,2,,,-0.38,-0.38,0,0,0,1,,,,,,,,,,,
1791075680,6KqbfB3zL5SockYzfNAFHrTQ9429RZaRPPmQif68U2Hq,VBUCKS,ChvAn5p472Ugr9Bnq3158SX68zaikXcXPE8VmpfqkfJR,pumpswap,1790546490,0.000003868,3998.59,3812,3812,0,0,3527.85,3585.2,0,0,0,0,1,4,1,9,,,-0.17,-1.79,0,1,1,1,,,,,,,,,,,
1791075696,FJGWEmtCEtvyviC8w86twWNiTcXwn7YiAoHmJgxWpump,wiffomo,EWgX3RebidhrzcMattsrNuqnMqzynTr6J3jxshU1YUgu,pumpswap,1790546183,0.000003376,4362.32,3259,3259,0,0,0,0.6,0,0,0,0,0,0,0,3,,,,0.2,0,1,1,1,,,,,,,,,,,
1791075676,3RNy7erxjwGRRYvM6KzVKVtuFnNSpkQFwwiHhUH26xoa,PKMN50,8X65G996GZAiUeuH6A9hJxJWaSzoAcez5aX98wD1NqFT,pumpswap,1790544931,0.000005836,5302.47,5692,5692,0,0,191.37,725.58,0,0,0,0,1,6,8,22,,,-7.21,-22.41,0,1,1,1,,,,,,,,,,,
1791075690,BvnqdYwuFrvi9ds63EtwQLYME89ikJkULnJPAd83pump,CATSTR,NVKEDqnYC4LEXR8y9jNbmHSsjRm36ixgwnLsXHEDVam,pumpswap,1790547723,0.000002445,2705.27,2405,2405,0,0,5.63,22.18,0,0,0,0,5,8,12,15,,,-0.09,1.16,0,1,1,1,,,,,,,,,,,
1791075681,6vCHQ5ANYorBQbkNmbA3x9vgsFqrR1bjKfVp6HHtpump,ORBIOTITS,BPnaPqDBZJeHV8dhWeSyj2dY62ZgmYEmUMgxwLHHqZXW,pumpswap,1790548140,0.000003240,4214.46,3150,3150,0,0,0.13,0.99,0,0,0,0,0,1,0,5,,,0.13,13.41,0,1,1,1,,,,,,,,,,,
1791075689,BVZVLTUSV6ftqHPqDEggag8crXJgJ6Cz5BCWmVvqpump,こゆき,Bg7uAadFLW9a23JAv1usHeJt1LxwdmksYr9LUVoerQ4P,pumpswap,1790548807,0.000002912,3162.66,2851,2851,0,6.92,7.27,7.36,0,0,0,1,0,3,0,6,,,0.13,0.69,0,0,1,1,,,,,,,,,,,
1791075692,Cxsg5L8SpnesZQZjtjKieyCHLBEXpLPNzFX9aoj9pump,X VAULT,2uKB8fuEgJaASTGLWmS15B3dcKLcGSSPpYJkFxkE6fwd,pumpswap,1790548524,0.000002704,3087.31,2667,2667,0,0.94,9.52,45.31,0,0,2,1,11,8,21,27,,-0.87,-1.08,-1.22,0,1,1,1,,,,,,,,,,,
1791075681,6UhUkSBc9RBB9gVJcjCWtcQv4t771rQF7bdn2qK7pump,INSTA,Drj5Z8kC33nTjqqf2Q2UoQ6qad26Wzc9aREFhAq4R6Qz,pumpswap,1790550255,0.000008664,7466.38,8282,8282,0,3.11,38.5,285.92,0,0,3,3,14,15,33,44,,1.49,-1.09,-5.85,0,1,1,1,,,,,,,,,,,
1791075681,6jxsWweGpNkWcCQQupMoqVMf4WpPtKbjuvxdJem395hk,SWIFTFI,83nF7PdXDhKeJwJpAXWkQHgyFf8h56BzKZ52kWzSq9e1,raydium,1790540300,0.00001689,12937.42,16895,16895,0,70.44,153.47,448.32,0,0,1,0,3,0,8,3,,1.19,0.91,4.3,0,1,2,1,CPMM,,,,,,,,,,
1791075676,3gzcjJR1RAwTLg7dno3UgjYE2TfAJPve7hpDJfNmEAMh,DUMP,CJuZXTCZX9yrs7erj39feN9hYZsmLx6Q6gUgpHWczZeC,raydium,1790541244,0.000003547,5523.31,3547,3547,0,0,80.68,125.08,0,0,0,0,0,2,1,4,,,-5.63,-5.4,0,1,1,1,CPMM,,,,,,,,,,
1791075687,ABTVosEHPtaVdGo31Xe33oiQS2wvMAafo5wmPvGfpump,MUSK,GoCisnSFf8KSnfQHmHiKGyvP3BQc4RLsodcoAgC9zeSg,pumpswap,1790552436,0.00001111,7702.23,10573,10573,0,1.97,216.46,426.62,0,0,1,0,12,4,18,11,,0.34,4.42,7.15,0,0,1,1,,,,,,,,,,,
1791075692,DBorvZYRJMBHqrYGaVaLMhiRkQWe6BwP1Rth7SGysk6Q,zmr,AqHSMvPwgL7HjrhsievPnEHFGFhHo76darpkdFVXwVLq,pumpswap,1790553556,0.000005825,6096.41,5778,5778,0,0,67.03,484.36,0,0,0,0,1,8,6,21,,,-4.14,-16.9,0,1,1,1,,,,,,,,,,,
1791075694,E4vwseNWpkBxzNxyv3msVLCzYHU5SXrj1QWXEycypump,BOB,CehXCosbGS31heNL6VotLqaSnFHZy8XmNWEyWEeXikrZ,pumpswap,1790555075,0.000007167,7350.53,6987,6987,0,14.36,69.74,1384.15,0,0,1,2,5,11,27,61,,-0.44,-2.44,-17.81,0,1,1,1,,,,,,,,,,,
1791075688,AmaM7N43JBicpcHDbVKyGeuTjtnNhJ2yZTdWqoZpCX8b,KARDASHEV,zxdzbJo51KApX6UijLQgS5rJ5ziBAZDe1RHxqZVczYX,pumpswap,1790555032,0.000008892,7345.29,8508,8508,0,51.12,327.32,1178.43,0,0,0,1,2,5,15,19,,-0.78,-7.02,6.49,0,0,0,1,,,,,,,,,,,
1791075703,rsE4qbZ6Decdu1stnoHnC7QrNtqjuzuAuD9xnNGpump,OMNINU,HnSiwJKhNNEZkm4HmVbXFVcviKF8ynCKc94hfy9MrGsB,pumpswap,1790554360,0.00001991,14183.36,18484,18484,0,883.79,1798.62,6649.76,0,0,4,11,10,22,55,70,,-20.66,-51.39,-46.12,0,1,2,1,,,,,,,,,,,
1791075690,C5zyCRUo23yLHDfcYWWTZNVh4yxWgQ8PFr1zx1Zrpump,x/acc,23R426YhJqy1FMQiBcC9AHgaDYARYaPemJrYzRUx2LsP,pumpswap,1790557011,0.000002718,2872.12,2678,2678,0.8,3.21,35.46,148.06,1,2,6,5,59,32,155,122,0.12,0.57,1.09,0.38,0,1,1,1,,,,,,,,,,,
1791075675,2gNrU5MMpcWpWQMfBxTRAP47EwdFfNNWkFyR1eLNpump,INSPAID,CVJyKNyiZY2ZJg6iNK3Z8p5gAyuwY9N32QNYKLcDoia3,pumpswap,1790564628,0.000007405,5815.52,7028,7028,0,2.57,141.65,1632.43,0,0,0,1,1,4,17,17,,0.22,-5.44,-15.67,0,2,3,1,,,,,,,,,,,
1791075678,4fYxyMNHxzxf4jvB5jCQiJxZGFrPymhnUTY6pEm1pump,RISK,A2AuDmXSm1EjSvepjn9FGaS1qBeivVEegAVY5djHPrVR,pumpswap,1790558322,0.000002384,2418.27,2279,2279,0,0,0,54.14,0,0,0,0,0,0,0,1,,,,,0,0,1,1,,,,,,,,,,,
1791075693,DPpdvQyNE7aZfpDG7LoAG5nMzeQMmLrWF81cNmEuTcHT,CLAIMED,545MDGVwz7cZVGGvQ6R3Lm16RBi5sBc9LAbVz28xuJEp,pumpswap,1790558552,0.000003083,3187.28,2976,2976,0,0,7.05,12.59,0,0,0,0,1,1,1,3,,,0.4,0.31,0,1,1,1,,,,,,,,,,,
1791075697,FW1FhMWeGwyLQLt8HaZ7Zjkoecf7FZNSw8ZC3fMApump,BEE,6qRN8SHz6RSaeZAAGR5VXv76E9qPShzFe6tJDkyRCApr,pumpswap,1790558535,0.000003907,3670.36,3598,3598,35.58,35.58,36.54,671.22,1,0,1,0,1,1,8,16,2.98,2.98,2.56,-28.62,0,2,1,1,,,,,,,,,,,
1791075697,FbKRne8ZDbDyoeD3b22k8EYLWxp8ksCd8a8mMkx6zsXQ,all/in,5HouNLrptmjJDQs4aqTTEFtskLJQcx23KLyog1WpWG3Y,pumpswap,1790559578,0.000004317,4475.49,4254,4254,0,0,37.65,92.6,0,0,0,0,3,4,4,10,,,-0.02,-1.5,0,0,0,1,,,,,,,,,,,
1791075696,FFzTy32bZbPA8zRLbbiWoNzW2emGv86tUxaoqhz1pump,XPAD,tv16dBftigYeN75Y8z9PSGDUs1mfZvkwnwrQDLkMk8M,pumpswap,1790559685,0.000004536,5238.41,4503,4503,0.14,0.14,26.57,923.89,0,1,0,1,11,6,22,15,-0.53,-0.53,-0.57,-35.29,0,1,2,1,,,,,,,,,,,
1791075693,Dc71BqUvJJoWo3KukxyABjVoMjAJATQ6y9SvNBHpump,DOGHOUSE,G3VADcMfdEDKqFY8USH7jQJRFehaRDyvbLkncCN3evWv,pumpswap,1790564864,0.000002500,2485.96,2323,2323,0,0,0.28,0.43,0,0,0,0,0,1,0,2,,,-0.11,-0.11,0,1,1,1,,,,,,,,,,,
1791075693,DJ92CL7Z2dvVSE8reTUXTaKCax8jbYzfU3C66ziQpump,foom,axd1iRwfborKAmpRx52kENNtdZAStwfKnNSbab26Cnf,pumpswap,1790563287,0.000003995,4074.67,3867,3867,0,0,0.91,2.22,0,0,0,0,0,2,7,6,,,-0.31,0.22,0,0,1,1,,,,,,,,,,,
1791075686,9VXMEkhYKcj9s4dvzz3GF4ZfHGc5oAURiSY7ftPpump,peptober,5duvGDEt9YPVmGPhs3xPoEajzvjUinNXC2HCmpeHs96u,pumpswap,1790562128,0.000003876,4802.94,3709,3709,0,25.02,29.87,41.45,0,0,0,2,0,3,1,7,,-1.34,-1.38,-2.57,0,1,1,1,,,,,,,,,,,
1791075685,8xzeMhd2Uy2AWQeTGaMonjvsmfWGnkiuYkzcuuzSpump,DIAMOND,F4ak38g4nZWP9izfbfgeZxkgJUyb5BmhaReyCuYXGEtE,pumpswap,1790568751,0.000002797,2753.6,2584,2584,0,0,5.9,6.21,0,0,0,0,1,2,1,3,,,-0.09,-0.09,0,1,1,1,,,,,,,,,,,
1791075678,4UMfNn34DQVnhh6TphH4dGYYuJWuVskq5mKNZ4ZMpump,two,GQxeZf5KKpMfeuNtwaSMmcFyt4qcUFR7mkZDMC4zXgia,pumpswap,1790565231,0.000003273,3474.66,3190,3190,0,0,13.74,57.52,0,0,0,0,0,2,0,6,,,-0.26,-1.49,0,1,1,1,,,,,,,,,,,
1791075689,BC9ebK4rdQThDof6tnv6vZ7fp8P3jiaRt8Qrfh6dDexX,STAN,HateBof7jRH7eAp75AYa9i8H9HKM428coxjGfKETvEY9,raydium,1790566503,0.000002465,4677.5,2465,2465,0,0,4.39,4.39,0,0,0,0,0,1,0,1,,,,,0,0,0,1,CPMM,,,,,,,,,,
1791075692,CyovMnzMaKGApYsnm55d8rNWhEkskPSidKswnhgzMkGm,BYTE,EaBZLEBQXbbzUyPxpE4Uev7sh6xQTz2NdmJdQ4NqaXx3,raydium,1790568510,0.000007354,9114.91,7354,7354,0,6.61,841.78,9479.06,0,0,1,2,11,13,66,67,,-0.23,-19.77,-25.51,0,1,1,1,CPMM,,,,,,,,,,
1791075691,CGfVJX4D35wE8kviKKE1XyKU9EHRXe4Zsw3R55ABpump,hippo/acc,GCCQkq5YiqxqBrdQaBi83rrHSHEEex5YAaTF3rsCp6xE,pumpswap,1790566804,0.000006086,7589.69,5859,5859,0,0,0,37.53,0,0,0,0,0,0,1,5,,,,-1.69,0,1,1,1,,,,,,,,,,,
1791075688,AjxqTiS6TnK75xG6pWAMJgNQuhkip3LzN36uy2wBbwmH,CLAUDECHAN,7ckTVPGFmFW7kmV814GLcVDZj5wVwnnGfb6tEBvgLgDz,raydium,1790549647,0.00001357,12010.68,13576,13576,0,52.37,364.29,4472.21,0,0,1,2,6,9,56,48,,-6.21,-0.07,-13.9,0,0,1,1,CPMM,,,,,,,,,,
1791075702,XrR9rqzFCBEcYoeyKrHV2uYFmEkwPCh6cxB3KuPCGd5,KOKOS,7RngyNPVmrZjCm34HksS5t7v2Uuq1APm5ELxNAJPQbng,pumpswap,1790554764,0.000003673,3645.23,3569,3569,0,5.37,5.84,57.23,0,0,0,1,0,2,0,7,,-0.18,-1.23,-3.51,0,1,2,1,,,,,,,,,,,
1791075677,4RLhqc1jfpMLhtALMeUeVeJ5vySyL6eQca4cBjgCpump,BEZEL,FQJtTnQysivBCHr6uNTnuftbUdvTsppDY3dVT7K3RFvA,pumpswap,1790565430,0.000006378,6412.04,6200,6200,2.12,7.73,36.17,57.74,0,1,1,2,2,2,5,8,-0.82,-3.9,0.85,-8.85,0,1,1,1,,,,,,,,,,,
1791075687,A2Kz4oAJvg9yuQR9znDicg8QvFDgrxaHp68ih3HCpump,GRAYMATTER,FrwmBmCoJ3EjA8gP4GKejP87pikZ1oFiBk5iq133G3rK,pumpswap,1790570802,0.000003260,3634.78,3097,3097,0,0,41.26,43.43,0,0,0,0,0,2,2,7,,,-1.56,-1.6,0,1,1,1,,,,,,,,,,,
1791075698,GEXjq9Tb7perRs6fwBmuNZL5QAEsS2AWrGeZNBYBpump,GRAYCAT,4NxPoidGXJAmGcYEczHKS1qxurgCedzsAFxZWWZA9rS3,pumpswap,1790572207,0.000002837,3104.29,2781,2781,0.75,4.99,87.49,189.96,0,1,9,4,75,60,187,159,-1.19,0.52,-0.34,-0.86,0,1,2,1,,,,,,,,,,,
1791075695,F3qyW7fB1K6yTpbQVCK4CqYrgHjnXYZ8ou3gQP6Kw8cN,FIM,6DXMnRJaoNh5WJs64MQQPXPe8G1XfSEkN5fntiXjSRhM,pumpswap,1790572274,0.000006419,6405.97,6234,6234,0,0,95.86,250.53,0,0,0,0,0,1,3,7,,,-2.93,8.99,0,0,1,1,,,,,,,,,,,
1791075687,9xQGJ2EfZRBEw9ZcTxCUEfTyuCErwamwNLbjHx7Mpump,NEWSOM,H6f2gZTSi1A29rGxuRyTn8H1HYeQSHUW72prkgTV4Etr,pumpswap,1790572805,0.000002827,2844.8,2608,2608,0,0,5.02,6.94,0,0,0,0,0,1,0,2,,,0.32,0.32,0,0,0,1,,,,,,,,,,,
1791075702,TTwA29nT5v7Vti9xdvYrhMnHxo7mXNbx8aLcFLjpump,SOLFROG,HorQ9UxP2stN2CivuPoZmyrEkZiXHzJ7EXJVV1xQJWMX,pumpswap,1790572029,0.000005528,8261.77,5291,5291,0,0,176.7,180.85,0,0,0,0,1,3,1,5,,,1.95,1.84,0,1,1,1,,,,,,,,,,,
1791075690,BdDnt2UWuv9hbUzPPAdzqp8zUkez5QHy1Ypexnejpump,UNDRGROUND,85oFh9Jhon3L8gtYQRGgLGY6fikgUN4GSsJFzTrCbvhf,pumpfun,1790539714,0.00001938,,19389.4,19389.4,0,0,263.95,269.87,0,0,0,0,3,3,5,6,,,-3.06,-3.33,0,1,2,1,,,,,,,,,,,
1791075695,Ees9nBcWavLJiE4P1inKwhXpNQSzL64zntyqWjpec6Dc,CROCS,EmnjqdjYrR3C9KhbNsBryE7B9EdjAkZe2Xk7FFF1eHzF,pumpswap,1790576506,0.000004549,4499.4,4375,4375,0,0,0.13,0.44,0,0,0,0,0,1,0,3,,,0.19,-0.05,0,0,2,1,,,,,,,,,,,
1791075689,BM2k8mJUbMthHoioykyUm2NjMrXvLBYhoXruwYLpump,LEVERAGE,51iLLzeznQMpJAJMNn4RiDRn3qybdYPD2vU7MbnrUwxM,pumpswap,1790575751,0.000008061,7417.95,7514,7514,0,0,3.71,313.77,0,0,0,0,1,1,10,27,,,-0.09,-5.85,0,1,1,1,,,,,,,,,,,
1791075697,FbrMGVE2548HfpMVhYsybmYyUQVHMefMiUSkckyipump,TOBEY,5kJMCjNZaV5AHAniiqYNNM3LxZEUh76MhRJ6Gs1x5den,pumpswap,1790570553,0.000003479,3880.43,3369,3369,0,71.33,81.07,104.13,0,0,3,2,23,11,47,24,,-4.27,-4.25,-2.73,0,1,3,1,,,,,,,,,,,
1791075674,29BXYJnEa4BksBQLEtXnj51gpCidZiPCpGqXCSwGpump,ABUNUTTY,DYG4zXD9AkHQ9ujbctr2xTh4H5L559WtiyuayY3xJGSt,pumpswap,1790568818,0.000003970,3702.93,3764,3764,0,0,380.79,4908.76,0,0,0,0,2,4,33,48,,,-18,-56.12,0,2,3,1,,,,,,,,,,,
1791075682,7GD3mq4vnrrTQfcZhm6fuC9S3LA9kiFUCZySEEsFpump,topless,9oE7HuPmEAUaNinDXy6QhqMZfhjW2x1PtkTWKGdJcTpn,pumpswap,1790579473,0.000002767,2744.19,2629,2629,0,0,0.14,0.14,0,0,0,0,0,1,0,2,,,-0.1,-0.1,0,0,1,1,,,,,,,,,,,
1791075687,9p3NuCz29u7KUsjfrZcBPNGB2pryDpACggjSjYWbkpds,cum,6C8heAzKjQU9m5rSy2A8FG61bgMFd2rwwvM3GGA9TufY,pumpswap,1790581287,0.000004590,4217.9,4266,4266,0,0,24.72,59,0,0,0,0,0,3,1,7,,,-1.3,-2.18,0,0,1,1,,,,,,,,,,,
1791075700,HPmrRWHrbwWVzJiQfnxgPSRDDkD6ShMLnEN6VuEzvyEV,AXIOM,ENY6mbPK9mK4jGQppjYSFjkaFNAqnRedcqbsVfYgzvjz,pumpswap,1790581582,0.000003571,3616.8,3356,3356,0,0,0,3.8,0,0,0,0,0,0,0,5,,,,0.37,0,0,1,1,,,,,,,,,,,
1791075694,ELP7DpZvv41KzWewe513ZPBwTESsuxgzCJzh9zXn8WGd,1000X,7iNfGK8YqCEi3NNCvy8rGyvWrGb4iFgTuTqFkdDmpf9g,pumpswap,1790582906,0.000002657,2731.27,2567,2567,0,0,14.03,76.37,0,0,0,0,0,2,0,5,,,-1.35,-3.93,0,0,1,1,,,,,,,,,,,
1791075696,FQUrgVHNvNc4GpRk7LohobvfXNEsPf2Khw71Z5h7pump,SPACEPAID,4v9U5YykSfc1LNZuDprgmx3SWqWWVrHHR2wvWBARjY9b,pumpswap,1790583741,0.000002414,2625.12,2340,2340,0,0,0,0,0,0,0,0,0,0,0,2,,,,-0.29,0,0,0,1,,,,,,,,,,,
1791075677,3wkvhVS8gmT3dSwVYpEwPaJcDjL839gYv9sAD4C2SbVQ,CORGI,2LMStZZJttyTA4k6SDFVXR6EvFRtFS5G8oo5eLsH7yDE,pumpswap,1790583854,0.000002947,2991.95,2830,2830,0,0,0,4.34,0,0,0,0,0,0,0,4,,,,0.11,0,1,1,1,,,,,,,,,,,
1791075689,BH2PVkGqyQDUUpAB1pdk75Q2zLh4dyfbfUsXUDvBX2FL,SHORK,BSgh1UmymJYMByDJKxjZarZ9XyTDTtHWawqAuZSAktpW,pumpswap,1790588499,0.000002979,3048.39,2814,2814,0,0,7.76,7.76,0,0,0,0,0,1,0,1,,,,,0,1,1,1,,,,,,,,,,,
1791075696,FPT65CmLh8gDJq6nZnpFMSQN7dkGBTchzypfeA4FPrFA,o,Le9ZR9xofNiyw4xV2n3sZzdenr68qgMnbHawKU8KAk7,raydium,1790588054,0.000004285,7760.17,4285,4285,0,0,1.12,27.82,0,0,0,0,0,10,0,25,,,-0.63,-1.96,0,1,1,1,CPMM,,,,,,,,,,
1791075682,76fFhcA142kf9gdg11ahYTmEiZnPXokxJkcF1axupump,KOG,C4E4jTqFXTsCYD2UvRTXmSDDjrMuLZtwrnxNJo9XYUJr,pumpswap,1790591701,0.0002432,44582.6,231766,231766,161.75,2897.96,12834.22,61240.22,1,0,13,7,47,62,346,312,2.13,7.03,73.47,18.65,0,2,2,1,,,,,,,,,,,
1791075692,DHQ4caNLYrTQK46VCtRoYEr7DEDCTk3GfshyLM4V5TH5,ass,G6B1ooNpB7ssfior8kNFvhhENLwfQ9vCN3h4AE3v39fX,pumpswap,1790592679,0.000002569,2550.92,2363,2363,0,0,0,69.53,0,0,0,0,0,0,1,2,,,,1.43,0,0,0,1,,,,,,,,,,,
1791075694,EQfxT91QExKEG7j1yEip15v9P1ybmWEAdqUn2Gqqpump,MM,DUqmnEMRw1dcKsenjPohRfSoqtc71kwafxazYCJH7eJz,pumpswap,1790587807,0.000003312,3548.23,3212,3212,0,0,2.86,21.11,0,0,0,0,2,0,4,6,,,1.53,1.69,0,1,1,1,,,,,,,,,,,
1791075675,2nkmqh65eHHj61P2FpvpAoHsMBvxAmSvM9LaRrgopump,NPCPEPE,AWPBGZNkm6MYqi2u4bh1sk1NWTpZBHe6yqvWQPGHaAMZ,pumpswap,1790593649,0.000002910,3543.74,2818,2818,0,0,0,3.31,0,0,0,0,0,0,0,2,,,,0.7,0,0,0,1,,,,,,,,,,,
1791075699,GsyqitN9rXtrYCnL9B1J2FqdJvsPvrzkUVGjuiznY2PY,SOVEYX,B9eH4qCBHNtwjbHRW9ZJmT9kXmYzGvreE5Jg9DGfw1H3,pumpswap,1790528615,0.000004408,4025.78,4242,4242,0,185.78,204.77,210.12,0,0,0,1,1,1,3,3,,-6.74,-5.49,-5.38,0,0,2,1,,,,,,,,,,,
1791075703,zVbJ3eRjhRbvKWAxP8xrXZAeAcSqk3vtTjCzzVAAphi,PHI,4PUBJe4CNmBXkoodR7Fc4EgbzbiS1ReYe1d5RDFc5eZz,pumpswap,1790595039,0.000004281,4541.55,4118,4118,0,0,16.03,321.29,0,0,0,0,1,2,8,15,,,0.13,-13.82,0,1,1,1,,,,,,,,,,,
1791075695,EkFRff9a2jKztJHML1LG9FRmEkPJDR6XAYp3uCPdpump,SLOPCORE,3UMUTZeeVSLywQjeZ6sjngu3jc6oQSxpy2ApNH3xL8sf,pumpswap,1790553920,0.0007615,89809.75,742398,742398,860.88,30930.83,1677094.52,1865619.16,7,17,297,240,6591,4928,7856,5946,-0.45,-11.21,87.29,397,0,1,2,1,,,,,,,,,,,
1791075701,JVNThAXvkB1f7PLb3Fq7KjsJYCLTCvZYXMmrSQKpump,MAMESUKE,8ZEyRXckEvedaMB2Dx3mkRdBkYMAv5pV1XbKE7DxbAdz,pumpswap,1790592842,0.000002740,2914.74,2655,2655,0,0,0,39.76,0,0,0,0,0,0,0,3,,,,-2.84,0,0,1,1,,,,,,,,,,,
1791075702,byeJsNk4FnKKm3QXD74yhFNDtDjRLnfn7nJ3rg5j8qS,BYE,4rXhQF73ZWPpMYcCj78J9cqBcGmkxnXhghL9p2EMQGNH,meteora,1790596887,0.0002902,15588.99,37738,37738,0,19.94,694.68,1691.09,0,0,0,1,13,3,128,14,,-7.69,-13.42,-17.92,0,1,2,1,DYN2,,,,,,,,,,
1791075698,GAiNsyzxypevTDHxdf42wU55GeVbGuwDEeb3Ca8mpump,r/acc,2bVD3uKTZ57HQedm4RCU7NDYcyBZyhQtUf2XZC2NhAS5,pumpswap,1790568569,0.000004473,4113.21,4303,4303,0,0.32,8.13,331.66,0,0,1,0,4,1,12,6,,0.25,-0.28,-9.78,0,1,1,1,,,,,,,,,,,
1791075680,5tCju6YNxHq5zrA6tGndr6F7TK42mpUFmeE31cSFpump,swordcat,8ewuF2o8ACro7fqWepZ3tKhkbBjndZU4Ldk9scRPw83d,pumpswap,1790586789,0.002856,200891.12,2742250,2742250,23529.66,299994.58,1159782.07,3905751.08,101,69,1150,974,5118,4894,19116,17874,-7.03,14.41,26.65,114,0,1,1,1,,,,,,,,,,,
1791075696,FAAg5VLNJpTqawCbVxg5BqSVUAku5xrBebqU6vSGCm3n,FLIGHT14,9tL6pVmQ3cvbLrUWNT43rbKmFcBZXzLxvu7nt46ZSYDs,raydium,1790598072,0.000002409,4597.66,2410,2410,0,0,0,0.71,0,0,0,0,0,0,0,2,,,,-0.04,0,0,1,1,CPMM,,,,,,,,,,
1791075689,B5HJCUbAztsKaQW38rUcQp2he9s75kGvT68Eh1mMBNY3,ZARVIS,GJBYJLf1vobAfow2HugmWfnTLNcKUXDqAV2xmNSEvgcp,raydium,1790598714,0.00001035,9535.95,10350,10350,0,0.02,0.02,377.02,0,0,0,1,0,1,12,24,,1.41,1.41,-15,0,0,1,1,CPMM,,,,,,,,,,
1791075684,8N46U2sYMJRh5dLuwCGdyYY4EsPEsGvtprXqB7pehDPE,ZARVIS,DCKHXKdRAHict7tosTwCcbwsVoCTcv7rUHX3n2gbHkSX,pumpswap,1790598837,0.000006471,5709.92,6260,6260,0,0,29.9,31.16,0,0,0,0,0,1,0,2,,,-1.5,-1.5,0,0,1,1,,,,,,,,,,,
1791075677,4C9pNCqvt3hZxbx5XtjqVTiUzqJc1MHPq2qn51oDpump,SURVIVORS,Cuho2eTbNUwN3DJujFQwEhXthmc8q6H9kjBwj4cQv1jF,pumpswap,1790601206,0.000002524,2511.04,2320,2320,0,0,0,3.83,0,0,0,0,0,0,0,1,,,,,0,1,1,1,,,,,,,,,,,
1791075686,9VkvLUSeid3aoVUU2KD3chvMQF3QgXWgYhFiLqQcode,OPCAT,7zSKYTnHfV8wChuheWWSeWqX7xeR6kNCs4rzVGJhsn7v,meteora,1790574990,0.000008087,8113.65,8088,8088,11.42,138.81,204.76,3572.36,0,1,0,5,0,11,42,56,-0.24,-6.27,-11.77,-22.22,0,1,1,1,DYN2,,,,,,,,,,
1791075695,EXEKyL7jUr9ok1xv18BWj7VU3fe4oJGpUAoz3qw8pump,phil,DPVLtKCXZtsGHPqoLe4eaCUmyTy7ZQVdqn6Nrm81gw1Z,pumpswap,1790601225,0.000002461,2564.48,2384,2384,0,0,0,1.02,0,0,0,0,0,0,0,1,,,,,0,1,1,1,,,,,,,,,,,
1791075685,9BSBzdxfaC4BTPFmCLMxjaTwMMz8LXiVZoMyNMPWhcvu,CMC,89iJxkmq9iSr9ivpfqn8sEn7SW1nMk1YqhNQaKikWXzw,pumpswap,1790600993,0.000005523,5133.48,5112,5112,0,0,12.34,275.21,0,0,0,0,1,9,10,20,,,-1.69,-1.66,0,2,1,1,,,,,,,,,,,
1791075703,r5r3EVBTXkBxJDJPNKGqprty2NGjP63MoS61JFipump,CMC,9c87hhh7G8At65JGxU3ndXreurCEtv4G4B9Q74gQPz3s,pumpswap,1790601056,0.000002676,2725.54,2560,2560,0,0,0.28,13.77,0,0,0,0,0,1,3,6,,,-0.17,-0.42,0,1,1,1,,,,,,,,,,,
1791075689,BHdfzHB5NHU4wfF7P46cJkA4PogmHYfnp51ijLSgpHa4,ZSHIB,CaREMnjWjZ1Pb4Rf1W8Y4XZbi7S6iMP526yZvteTeCUv,raydium,1790602135,0.0009418,95519.35,941848,941848,1861.19,6999.33,70228.17,272382.96,0,5,13,24,207,228,924,791,-7.41,-15.91,-10.57,47.2,0,1,1,1,CPMM,,,,,,,,,,
1791075689,BKpPmVjnHmnRWUxVDgsFM8qfMDSG9fKPEDA9YRh1KMEs,Viscacha,eC6Q71YELnV1kNvNeRRWrmMqZsUJQYsh81trti5iRp6,pumpswap,1790601943,0.000004261,4060.58,4058,4058,0,61.13,66.15,128.3,0,0,0,1,1,3,2,6,,-1.83,-0.76,2.21,0,0,2,1,,,,,,,,,,,
1791075693,DS6ePhDssKU2aW4Wyw424CRC7fYDHygmNu4cyMCc5vq4,Gentoo,3G8tvCiP7JnTWBr78WrgDFyTAS17VAcw9kDYDv7vmbrL,pumpswap,1790603769,0.00001028,8309.68,9784,9784,112.08,651.6,1641.66,3290.43,1,1,15,5,32,18,46,60,-4.02,-2.79,5.82,-25.99,0,1,1,1,,,,,,,,,,,
1791075681,6qBR7sk15ZVdt1vx6j1JgtkuurK8WrapugFptWQCyzL6,Pygoscelis,5fPMykyh2Gc3HC3Rpj2TJQR2LnNuEm2tEEN6Nz9HMBv,pumpswap,1790603435,0.00001473,11042.97,14228,14228,5.07,11.49,1080.8,8497.85,1,0,1,1,10,20,93,114,1.37,1.9,-8.34,-24.01,0,3,1,1,,,,,,,,,,,
1791075702,N7Q5fYX7YRnDQksfdBKnoUb3awm92n7QNAD35X3Rq1X,NOK,7BRs41whky17xEGvADRgHngEiHVKnQ4CGnP2J1z2TpgT,raydium,1790604565,10.44,56380.02,409840,409840,0,11.35,1916.21,23454.25,0,0,1,1,3,8,206,144,,,-0.14,-0.78,0,0,0,1,CLMM,,,,,,,,,,
1791075686,9LXx7xQaaDazM37oekF2HFNFJ3VLW8T3sUUh3eWFpump,Mamesuke,57tmRkZRenPSMWepVV4aqVWihRH4Js3zQ6XBqxhzz5R1,pumpswap,1790606937,0.000003164,3205.02,3028,3028,0,0,0,0.55,0,0,0,0,0,0,0,1,,,,,0,0,0,1,,,,,,,,,,,
1791075677,4NynHc4PchhnVFjERb5THm9JwY5kzmLtEF7ZwKvcpump,PACIFINU,4VJG8gMPKe4nMBJegeA24pryRn6z61JdSAqsHyLPnMf9,pumpswap,1790605056,0.000002782,3005.24,2754,2754,0.3,6.54,55.78,149.22,1,0,7,7,55,51,128,128,1.36,0.66,0.19,-0.02,0,1,1,1,,,,,,,,,,,
1791075691,CZWyKU9MghRchXXw6x34aPN7MGeQR8QJKwymX6cpump,AZZ,EZQ2RnWp2GvCZMJvV1VqMvfAH613gFiNkHzTbdZqREpT,pumpswap,1790610178,0.000005005,4656.96,4879,4879,0,4,80.79,619.96,0,0,0,1,4,3,12,17,,-1.38,-6.77,-36.75,0,0,1,1,,,,,,,,,,,
1791075687,9pMXEbTjQ5HHiYifGbNBwkMkrQxGyhuSmB8ndKNXpump,SICAT,B4kJcppu2bxh7srJmEJq8NVM9SrpZVLum5YVjGq6VChH,pumpswap,1790608872,0.00001377,11039.59,13318,13318,0,367.62,685.19,3477.54,0,0,17,2,32,9,80,78,,11.69,21.38,-16.09,0,1,2,1,,,,,,,,,,,
1791075676,3ErG8UG3VBgHtNUWcUJK74KxEKCPSCviDgx453ytW4bW,PNN,69PSVWLb6qXdx8RJN8oTTchfBB8VCDYprKQxi5RWiJ58,pumpswap,1790610360,0.000003927,3700.24,3716,3716,0,0,1.12,1995.17,0,0,0,0,0,1,16,17,,,-0.49,27.72,0,1,1,1,,,,,,,,,,,
1791075674,2GyjqZhMUWxpuiVgypqV6KZ1agbzgitEVUU16mSnpump,BAYPAY,5AMiVtueS8hLsSd5hF9tYEQ8fUtZxrpRcTuSPjgkPxoT,pumpswap,1790612904,0.000002559,2588.61,2478,2478,0,0,0,3.21,0,0,0,0,0,0,0,3,,,,0.18,0,1,1,1,,,,,,,,,,,
1791075675,2yu92oYzBWLAdVpu8BoaLzmM1oxPsHoboay2BXmeDDZr,FROINK,5L6SiELCoXrV9CtcfwUGKJf5EzCRTyDDmkbth1yEKp9f,pumpswap,1790608143,0.00003475,20376.96,33413,33413,0,25.94,1509.02,13383.02,0,0,2,5,18,20,200,177,,-4.7,2.13,-19.76,0,1,2,1,,,,,,,,,,,
1791075689,BW1HeTnP1ZpSyvoExMKCW86vdEAShjwBV6dUfgZwpump,SUBS,whjdPho1efdTJQ6N3kqeSRiM9dab8DkYHFDprGekoqs,pumpswap,1790609333,0.00001595,10029.97,15549,15549,0,0,142.76,1064.64,0,0,0,0,0,3,10,20,,,-3.63,-5.9,0,1,3,1,,,,,,,,,,,
1791075683,7qLn9eW3CHiCMJWokv4Kxmgs4daSnnRE4hxAzqqFpump,STILL,CgKUPJruYqA517biEm4kpF3tUqf3ecKDyzyAVxtMLCYH,pumpswap,1790612412,0.000003318,3458.6,3243,3243,0,0,0,0.95,0,0,0,0,0,0,0,4,,,,0.27,0,0,0,1,,,,,,,,,,,
1791075694,Dz732sy9sP94UQyg33p4MuTUpe4GwRibHkLmm9mxpump,HOODRICH,DFAaH7URajSeAjLkW8TXZ4QywLapXZCPYMEjHfKNmqEH,pumpswap,1790612463,0.000002653,3032.29,2593,2593,0,0,0,0.2,0,0,0,0,0,0,0,1,,,,,0,1,1,1,,,,,,,,,,,
1791075696,F9SAHZVQ7U1mgx8V9Xk1a1EgPtrEVsxQJZa9CUw8uQSp,LOOT,Bh4SPn8PhZNouGA5HbU4ZHKx5dppfsosxUVw8fBMLB8G,raydium,1790437420,0.00001475,15790.3,14758,14758,0,0,347.76,5477.91,0,0,0,0,1,2,42,28,,,-8.83,16.04,0,1,2,1,CPMM,,,,,,,,,,
1791075674,2SWXLespX4sC3rzMnbS4pXyUt6aVqSaZK8X7fg8ppump,ITCH,8dpF2FsAGpWHzXeZSYg9rDXSXVmt5P5Yvq9gDaCvJrB,pumpswap,1790614246,0.000002969,2908.85,2727,2727,0,0,0,9.12,0,0,0,0,0,0,0,7,,,,-0.23,0,1,1,1,,,,,,,,,,,
1791075674,2EUKLvNQ63YCmjSDyJ14Tzj7ASeHGXgseYWrKAa2mine,MINEPAD,6iYoSjHFnBYLAoXAk9okj1GLDWhTtsCMUzr6WCDU7Lgm,pumpswap,1790606100,0.0002284,47413.54,212675,212675,603.1,4526.18,39641.4,484275.29,2,1,35,60,319,349,3320,3256,3.79,10.71,-8.58,5.36,0,2,1,1,,,,,,,,,,,
1791075683,7n7dS5Dk7YjaKKDzb5e9gPK3Md6mziTLsBA3mJYu6gnV,BotBook,EtA2zgPex4oFFj5shWRWsr9BoCpmErQFrLN2c8Yt4Zab,pumpswap,1790617966,0.000002320,2393.55,2252,2252,0,0,1.88,1.88,0,0,0,0,0,1,0,1,,,,,0,0,0,1,,,,,,,,,,,
1791075677,4Exc9SfSRRButkzTT456SPa6sTzQCb8pnfqcUECGpump,JEANPAID,EJDa4ai1wS8uiMeFupvmzyAamLUYp8GvLtvWVLqcicGv,pumpswap,1790616858,0.000005665,4935.14,5505,5505,0,0.87,1.26,70.71,0,0,0,1,1,1,7,8,,-1.37,-1.34,-3.27,0,0,0,1,,,,,,,,,,,
1791075697,Fr4a6ZvEh6En6enWPjhDNeittzeN7J94HDpTdja2pump,SP,H1PRqDadyz1L1i26oHCDUDipb6tmX1a7YpAZv3LZJ9Qa,pumpswap,1790619892,0.000004824,4768.83,4433,4433,0,0.99,19.38,26.4,0,0,2,0,12,11,21,23,,0.17,0.85,11,0,0,1,1,,,,,,,,,,,
1791075687,9hvub8ZabGxr2AiJprc65tP92fe2cx6mhwyUemrYpump,PSYCHO,DturxZvx5BYJBNYWzmeUUzDgmDs3NvL54BcpAR17y2cJ,pumpswap,1790617328,0.000002500,2501.38,2373,2373,0,0,0,92.76,0,0,0,0,0,0,0,3,,,,-3.77,0,1,1,1,,,,,,,,,,,
1791075679,5HpB4gU9M7xtHC2fLK1FXP7UuDQUvJTRD6guwPKPJUGi,BLUB,3x7tLbTjGFakK6MiTEeyUiRhqLejsDJoaUz1kYvrnj45,raydium,1790448559,0.00001632,12543.96,16325,16325,0,621.24,1476.97,10513.35,0,0,0,4,16,22,84,69,,-17.57,-27.9,-16.91,0,1,1,1,CPMM,,,,,,,,,,
1791075694,E81zpDGE1e2RhmLqGXfZL5TMje1nm6Sd9r5KGrsepump,DSWAMP,GBxzcecgtW5S4Qb95DTDYCUbZ5EqW2SCWPLm4PFj6Bx3,pumpswap,1790616387,0.000002723,3084.48,2649,2649,0,0,19.54,43.07,0,0,0,0,0,1,1,2,,,-1.38,-2.39,0,1,1,1,,,,,,,,,,,
1791075690,CCU9jkaWPRjdsKuTRJa7gJZ22Qf1gXSZQiDV69JNG5W3,STUPIDINU,FtjiLNx6fzXPDWaQ1sreHsqcKqU2eadmpaNv7at2ZTas,raydium,1790616279,0.000008799,12314.02,8800,8800,0,78.75,135.25,2745.97,0,0,0,1,2,9,22,38,,1.74,0.09,-17.31,0,0,0,1,CPMM,,,,,,,,,,
1791075690,BgdmnYfBc5xj8akTewzX28DPNfBqgkkKSaAE6KxqfTYu,CANARY,6jsP1zXvBMKAux5aceJ635S1BwctHvTFDSaG9NcutCvV,raydium,1790615230,0.000003673,5663.22,3673,3673,0,0,27.54,212.74,0,0,0,0,0,1,4,8,,,-1.87,-0.75,0,0,1,1,CPMM,,,,,,,,,,
1791075682,6z92xw4oCWRxo9ynBEfpu5ksxEHVMuYN5VK6Wj7Lpump,anoncoin,AU5yNsssb7ww2XVLLD74fXvHVN6Ho79ZZhjM9H9ZDCDP,pumpswap,1790624876,0.000002438,2440.55,2349,2349,0,0,0.08,36.55,0,0,0,0,0,1,1,4,,,-0.11,-2.09,0,0,1,1,,,,,,,,,,,
1791075702,braiZ1pbCMTvXJ2edndcDsE6dogezr7jihPSrwKH1yy,BRAIN,GozNUt1xhhCE9xh1FdqRaYHnxvL2mc2BSZiZw8yNEiyv,pumpswap,1790619121,0.000002784,2834.86,2645,2645,0,0,11.82,24.92,0,0,0,0,1,2,1,5,,,-0.36,-0.42,0,1,1,1,,,,,,,,,,,
1791075702,Xf3nPbRGub2NrnQ8WiSBgswP66DMGmttJYmuHYgpump,POUNCELOT,FJW4WoiBUMTowTjMu7D8pXdfPRTg3viFnp897xron4z6,pumpswap,1790617245,0.000002820,3101.8,2787,2787,0.03,2.12,42.91,152.74,1,0,8,4,46,41,138,137,0.11,1.61,1.27,2.54,0,1,1,1,,,,,,,,,,,
1791075702,cbADAmv9issuPfhFwyQG3xac4DGPd1LDSt1oz7vwJsg,cbADA,5FbJG2CmQVSmbfopTtYzMr4YX7Pjhyz4XroRWmxYVKjd,raydium,1790618938,0.2446,95053.32,,,0,15.81,2435.47,18937.51,0,0,0,3,6,23,121,141,,,0.03,-0.19,0,0,0,1,CLMM,,,,,,,,,,
1791075688,AfVUPhruMtJuFVtPj4u8kvpNbNEuy7VQ3ME5eAHq9999,STOXES,AGubQRJ5T5snYFmUHqbxq4zobCHBhkw2jnC79mHaPqtc,meteora,1790618704,0.0001814,40558.53,147880,147880,0,326.02,7005.13,34057.92,0,0,2,3,33,36,194,223,,1.89,0.4,-1.88,0,2,2,1,DYN2,,,,,,,,,,
1791075689,BBwH6xYy2LTmbjYX3e9uS5UKgNqmrx7PVSsfpwgsXcNL,HUGEKINSON,J3i3si9daeYrCXaNmmsdhjf6y9fT5oPQPX8UCsiMaCLy,raydium,1790619765,0.000005389,6714.22,5390,5390,0,0,2547.95,2797.27,0,0,0,0,16,25,18,29,,,34.71,23.51,0,1,0,1,CPMM,,,,,,,,,,
1791075676,3YWbeb3gozGGQFNSv384BeZqTexPMmNns5vvjb7Kpump,Joe,EgqpnnVwb6aFZcWgaF932jbTtzc3kmGpZWphM9MgwQeA,pumpswap,1790620820,0.000003169,3484.84,3113,3113,0,0,0.41,6.4,0,0,0,0,0,2,1,8,,,-0.25,0.29,0,1,1,1,,,,,,,,,,,
1791075683,7mP77b3RoMo69FJAh8xARRynAttK4DKzBKst2tqy2tiZ,PERSONA,FTPV5fM4HowUbVtJxC4LbC8JRbeCaeq5z5Su7VEDFsHp,pumpswap,1790619684,0.000003552,3592.12,3444,3444,0,0,0,13.44,0,0,0,0,0,0,2,4,,,,-1.44,0,0,0,1,,,,,,,,,,,
1791075684,8VxaJHWP9NGYVDeYexGXXbmpmoiVXNvspjqtkbZUpump,FROINKCAT,7VzEdZJ4cQW6ymXk6MNv3mijtokia6FC3aRLw5ZsGj6o,pumpswap,1790622581,0.000002761,2901.41,2714,2714,0.59,8.79,53.81,177.41,1,2,8,11,59,60,156,147,-1.11,-0.73,-0.64,0.16,0,1,2,1,,,,,,,,,,,
1791075678,53gTSW4WFgrRHgQCtf5CyXgrEBNyNWHobYBAhqQJpump,SARP,DfSPxKSfu54iWjHDyGb4QeskRdewizhAwcZj97XKp5qj,pumpswap,1790622081,0.0003520,52858.23,347075,347075,0,3170.69,18400.86,44388.95,0,0,13,13,131,100,409,319,,0.26,12.24,6.02,0,1,0,1,,,,,,,,,,,
1791075693,Dk1NXoFkQdPtSpg2L7JsCNzZvxcyF8KHjNUEKkxDpump,E/NYANCAT,FAyBhWgtJK5K5NB9dCtZmX6452W8CWc5MZNA8pwUtWKS,pumpswap,1790622030,0.000003428,4330.86,3330,3330,0,4.3,4.3,8.41,0,0,1,1,1,1,2,3,,0.18,0.18,-0.64,0,1,1,1,,,,,,,,,,,
1791075693,Dqo1RV2KGFnfyYkYE7sW7cs2o6GiBt2kcZEf5vvXpump,OMO,CuJMQVd1PRcaDfvpdkNCdVixE7sqZNXTap5cGrdWvy9x,pumpswap,1790622036,0.000003057,3123.2,2900,2900,0,0,1.2,1.3,0,0,0,0,0,1,0,2,,,-0.04,-0.04,0,1,1,1,,,,,,,,,,,
1791075699,GuW7v9moS4MECUKwosj1DA5nb1Zvu4ju7cnWNY25pump,BRAD,9gwVRvf9QcxJbYc6kULZTCPCa9jpaysYg62rxDhHsiwt,pumpswap,1790622521,0.000005376,5010.11,5111,5111,7.83,7.83,19.07,599.97,0,1,0,1,0,3,2,10,-1.81,-1.81,-10.41,-26.54,0,0,1,1,,,,,,,,,,,
1791075677,4KPFYgMQg8Su7ZaqDduSYEZXPmh8fyUgot4yooZtpump,e/acc67,DW3bYLJfTPDX2TQNFFXK4Wok3UM6oBZdGPfWzAR1Td2F,pumpswap,1790622977,0.000002712,3046.5,2630,2630,0,0,0,1.06,0,0,0,0,0,0,0,1,,,,,0,1,1,1,,,,,,,,,,,
1791075688,AsyGtT6pataB2NYWkK1tKUQwadpBWbFEcREhLMgJpump,Nimb,CaEj2FhWSyRNessdfjwqZaaBfxPfvcLMhofxwrqpfyh9,pumpfun,1790621624,0.000004951,,4951.21,4951.21,0,381.57,1117.5,7605.25,0,0,0,4,7,7,50,68,,-15.19,-5.9,-44.68,0,1,1,1,,,,,,,,,,,
1791075698,GBTkSzep7xDoBGWK154TvaJWWzsb8rw5GWChNcoLcYM8,p/xmr,4Xm1kWa4xTNL4ingsckGELLBHq54LttLJLVE4AdFYLmJ,pumpswap,1790624098,0.000002918,3199.84,2865,2865,0,0,0.21,21.65,0,0,0,1,0,2,2,7,,0.12,-0.08,-0.13,0,1,1,1,,,,,,,,,,,
1791075676,3SzFBGJCS2752BnPcByUMFuYFN7KgSpn354FDNvCwtLH,GOIF,HBSHKk5asbkeKvHQY6mtWP9optSGtESUR9ZcSaFndnDf,meteora,1790615139,0.002642,51301.53,2642347,2642347,93.28,3542.13,10017.3,37464.5,1,1,11,13,62,61,217,215,0.16,0.3,3.79,5.61,0,1,0,1,DYN2,,,,,,,,,,
1791075675,2gSgbNue3spuFGoiMSCvFo3G9yArciFeSdyCi65pvo7P,UFO,EMT9ahTjtKH1PZ7VXrR1o53cytA5evuiUpqkF4URszB7,raydium,1790623709,0.000004402,6675.86,4402,4402,0,0,40.95,62.37,0,0,0,0,1,2,2,9,,,-1.2,-2.29,0,0,1,1,CPMM,,,,,,,,,,
1791075678,4akevTN2EaqUKDT2jhcRH4oRk5cppwRdaE5MGoT8pump,CLONES,3hAJsk3dyaGApDYz2UHLRoRAXmVmqaw4xunBoDDoCWnn,pumpswap,1790624758,0.000002912,3203.76,2838,2838,0,0,10.8,43.76,0,0,0,0,0,1,2,9,,,-1.29,-0.74,0,1,1,1,,,,,,,,,,,
1791075683,7wBt7aNt1DBzE3WPbPQruhvo4x7Y95PBHnBMVaBLpump,smolpp,B1tr6mCUL7SpTRwPviYGJqUAtnUUwLUh2C4Do4g8czPr,pumpswap,1790623340,0.000003462,3662.95,3341,3341,0,0,44.26,56.75,0,0,0,0,0,4,4,6,,,3.75,7.83,0,0,1,1,,,,,,,,,,,
1791075679,5BjfgmtfqvNpAWx1CnZynoWLWNMnrwHLhTFzQ81vkEc8,ClapCat,4eR3ddyPzgrLgwbgfEA2MP1XUsQpYCvMT2zGgwY5XaQt,pumpswap,1790622415,0.0002207,43281.39,210323,210323,2.37,7319.3,46816.18,159308.89,1,0,27,42,356,207,1065,969,1.17,-1.08,-13.3,-10.22,0,0,2,1,,,,,,,,,,,
1791075700,HGN8K3x5ZLfYNjvE8b1hCqqu7RwupuKU6EkEhemzpump,SNOWBALL,AvF6mHTXDcSLuq7NUWyTffaRopRkM9Sjh7ruFPNGnZqs,pumpswap,1790626465,0.00003484,17762.84,26708,26708,0,131.97,2047.77,21931.29,0,0,2,2,49,49,347,334,,3.55,22.22,-19.06,0,1,2,1,,,,,,,,,,,
1791075690,C1mBfBoDkwWfd6uTFZp62ARHLjeVp3bDpCDMfMZtPngE,HOOKED,C7r9jXWiVYmBYR2Jj5YSLiEitUGJPjQXWeg7HPU8NwUk,meteora,1790625916,0.01112,343695.32,10670419,10684649,6137.38,166142.11,754944.89,1235752.57,8,3,245,240,1509,1537,2398,2242,-5.1,5.74,7.68,-12.07,0,1,1,1,DYN2,,,,,,,,,,
1791075697,FjKd8GR4uwYQymh87VhknT7w5iS8qz1DM8ZHPCWZpump,HAUNTED,DR9mPT44EBnhzw19UDi2FeGxBXKFfxqKBmnY8qY2aiZM,pumpswap,1790624265,0.000002749,2897.57,2672,2672,0.44,0.64,61.91,100.29,0,2,1,3,21,22,60,53,0.08,0.38,-3.38,-3.81,0,1,1,1,,,,,,,,,,,
1791075693,DKxXdaMC1so182urvrrnhs6V6fGTrttPS8br6JuEpump,AI6,A8mMNioRKoRXcb8nVVRy9KV7ZSPyfTTm13ye4bSgHw7F,pumpswap,1790628334,0.000005437,5455.95,5390,5390,0,30.82,63.93,90.52,0,0,0,2,1,6,3,8,,-1.19,-1.75,-2.35,0,1,1,1,,,,,,,,,,,
1791075693,Dvx47FCHEa77thmxtgzfyx35vq3cPvy2D7mZfpCzVwUP,1%,42v7DBnWH16M8ARkDcg815hmsuwKQxWR8waEUtct7ZjK,meteoradbc,1790627663,0.00006906,,65585.1,65585.1,0,3037.69,14805.15,75877.11,0,0,11,5,79,48,348,252,,11.18,11.82,-11.37,0,0,1,1,,,,,,,,,,,
1791075689,B5R7Xt9pXBHDAs2jkJ67nM2Wwch1napBsdzMxk56qpJk,p/xmr,G5sqxttkSJv5wcj47Y4CPRDuqsPCZy7jCLuBQ7MyXhJ9,pumpswap,1790624360,0.000002534,2580.1,2427,2427,0,0,0.87,3.23,0,0,0,0,0,1,0,3,,,0.24,0.09,0,1,1,1,,,,,,,,,,,
1791075684,8LmvqLQhC53pqTyChaGLUCYJgMrcAGiKN8FGEm8Gpump,Catemas,5c7zAA6SASDNEZKqZWQpBXqxDjvFSLndig9yWaSv5R8L,pumpswap,1790626080,0.000002520,2559.71,2427,2427,0,0,0,0.33,0,0,0,0,0,0,0,2,,,,0.01,0,0,2,1,,,,,,,,,,,
1791075701,LmQqKehqhiz2wcVMSYx4ufDew4p87Lb6x46AcLrHmzF,Collectinu,CucaxtHxUk19D4Vi3TfMAYfshg21TS49MbWJMZUKTd6t,raydium,1790628261,0.000002513,4788.6,2514,2514,0,127.4,127.55,132.73,0,0,0,1,0,2,1,8,,-9.9,-7.29,-15.49,0,0,1,1,CPMM,,,,,,,,,,
1791075687,9k7NgXqiJ7tvLtiB6HXdJHnKZZynFz46AB6Eg4Uwpump,INUINK,E2549WVzvMXBSknhM4nEbMVW1QoqEULoLWKwWGngg8sj,pumpswap,1790626616,0.000003254,3965.29,3224,3224,0.04,0.04,7.26,12.53,1,0,1,0,5,3,8,10,0.43,0.43,0.09,1.89,0,1,1,1,,,,,,,,,,,
1791075702,WNnpLo7Mjx3mGw5Vu41EyXUd4CCyJyVHoXVkGdMxpLU,SUPERTAKE,C8q259EgqS1wzRuBymaD672iT5ezopYgD2HsiPRcGcrm,pumpswap,1790629466,0.000003840,3743.55,3728,3728,0,0,7135.22,8050.14,0,0,0,0,33,35,46,54,,,-4.5,-26.64,0,1,1,1,,,,,,,,,,,
1791075685,8n1Qyjo7LrQMFaZsTJ3K1qPkNRMxDmS6R4eDjkvjpump,HOOKEDCAT,CSNs4q1tN3gUDEKgXKUZPAFZdZncUJvPffh2ZzydH5g5,pumpswap,1790629083,0.000003499,4009.01,3436,3436,0,57.95,66.66,2178.41,0,0,1,1,14,9,46,49,,2.91,3.86,-0.29,0,1,1,1,,,,,,,,,,,
1791075695,Ew2gmuMt4W5tjqoc4bUdWrcPBgBp6MYXUBFiD1TTpump,BUTTERS,E9vC5WedxRCmZMpAbRJCdqJUkC3xNEehqi9BuZL1inGA,pumpswap,1790629952,0.000004365,4149.55,4252,4252,0,0,0,783.7,0,0,0,0,0,0,7,10,,,,-10.39,0,0,0,1,,,,,,,,,,,
1791075687,9nwLzYqpTHnA64UL9a2m74qLYbNagXDeua1iBmorpump,BINU,FNzh197AcF5LsjaULSdz6SM7Wxfo8pK9T89VfRvaY5ZL,pumpswap,1790629089,0.000003346,4158.04,3252,3252,0,0,0.17,7.64,0,0,0,0,0,2,1,5,,,0.07,0.16,0,1,1,1,,,,,,,,,,,
1791075703,pvzyoU9GDf3KK8Z9maAzx2GUFu9mwAh7WDokewg5inu,INU,84zMgihJq6T733N4v7edtR9mGQYub75eHdRXUFGdBN83,pumpswap,1790631434,0.000003029,3103.06,2932,2932,0,0,0,151.9,0,0,0,0,0,0,1,5,,,,-8.62,0,1,1,1,,,,,,,,,,,
1791075692,CqUZ8nFCzqrfNmU7GK9BZroCFWnhRpygdUoiYJxmrpad,xmrpad,6BHjuEAwRfHZvrkhdjRapZa6HzyNHWQu6yysfq9LTvXt,pumpswap,1790635445,0.000003246,3213.98,3117,3117,0,0,7.03,8.18,0,0,0,0,1,0,1,1,,,1.76,1.76,0,1,1,1,,,,,,,,,,,
1791075683,7dbey6My9ksrNqcRbfwEkMBT98L1PYqke3FhQcv9pump,Coinlator,H2nyraVU5zwYnRVv6jnkLu5UXtDeugUUanU6iSqpezLs,pumpswap,1790633126,0.000002904,3157.87,2840,2840,0,0,10.03,10.98,0,0,0,0,1,1,1,3,,,1.61,1.8,0,0,0,1,,,,,,,,,,,
1791075677,4JUv66RqP9ed78ajpNpuTbC1rGGgQwBwei4agQtGanTb,Loomer,EfYLFXSxuWQHidNBYvVR6thkgYENeDpRy8P9JGYHfBPX,pumpswap,1790632327,0.000005622,5515.57,5400,5400,0,9.67,20.39,735.64,0,0,0,1,0,8,11,20,,-0.32,-1.02,6.7,0,0,1,1,,,,,,,,,,,
1791075687,9fc7ApwQJtVt3kjLQQ1GzRh6zD2a2wb4qzPLz8wZRqzp,nipples,Bez7gAvU8SJfPejASyoCZCnvsLAdW79fr42MAnyeYpu,raydium,1790634952,0.000003918,6958.32,3919,3919,0,0,0,32.4,0,0,0,0,0,0,2,3,,,,-1.34,0,1,1,1,CPMM,,,,,,,,,,
1791075695,EdYKmD6gwazdMQBeadHpSuSeTpjtnbxkpfXCax3Lpump,Loomer,BZBT6eogfdBrnMScMJ18TzTzzjA6FpBwwuSXTXaF4ht1,pumpswap,1790637600,0.00001173,8523.18,11280,11280,0,182.43,3450.48,42596.61,0,0,0,2,32,34,437,437,,-3.82,-19.54,-21.23,0,0,1,1,,,,,,,,,,,
1791075692,CyeorQCHgyGYLqupizxAwqkpA9zJnZ8PFUmWadF5pump,KP,5q3JUKNfdh4jF4vNrcoNzq9gTemavSpffdV5ubCpvQ9r,pumpswap,1790633818,0.00005347,22213.48,53257,53257,0,0,2309.97,3485.8,0,0,0,0,0,6,6,8,,,-29.33,-3.93,0,1,0,1,,,,,,,,,,,
1791075692,CzdNEEHHjFZJ5dq7jjDViqWP1AxtStN9B2A12Qn3UmH,LEFTCURVE,14UCLEyKhFtcmXePkiRn8WAqKGLKTYm4uhNg6qNSSw7M,pumpswap,1790622052,0.000003355,3419.74,3200,3200,0,0,0.01,451.26,0,0,0,0,0,1,5,8,,,-3.47,-2.41,0,0,1,1,,,,,,,,,,,
1791075690,BvSX16gMqPaRPcBzkmBnNfV7B6VM5BpGPs7oCpdppump,SHALAB,CgnNGZJvLoYLixZqQaDPK7n6hHThpLXLSoDLYjujMkSH,pumpswap,1790633280,0.000003042,3091.38,3003,3003,0,0,0,85.77,0,0,0,0,0,0,0,6,,,,-3.8,0,0,2,1,,,,,,,,,,,
1791075680,5hDpcLVE1YGJH1Z3yof4WdAVnrnVKmV7v4LdE4T3mBPd,Loomer,HnVZghAHkJnpLLZagxHHEaMZPPZqXaN8r6prT6cJ2ajT,raydium,1790632429,0.000003498,5927.48,3499,3499,0,0,0,1.52,0,0,0,0,0,0,0,2,,,,,0,0,1,1,CPMM,,,,,,,,,,
1791075676,3PjwCqfGMR8CXZbcPEbGTSPQGduizdoVz4N1RQmJd8Uv,Carla,3LJ5CnSij5rpx6QP6AsYHY1W8bdpzjBMd4fM3W2mbjVo,pumpswap,1790636126,0.000002619,2663.94,2472,2472,0,0,69.6,247.63,0,0,0,0,0,2,1,8,,,-5.43,-16.65,0,1,1,1,,,,,,,,,,,
1791075690,BgwfQ2nezfeeCdSkuhJzVa1o4LontBRnhEuwiiskpump,Zubit,4oN4yhp29WoRrRPsT6AbvbscsimaJtNYYhvfYcaDsooU,pumpswap,1790634881,0.000003545,3727.92,3468,3468,0,0,2802.61,2802.61,0,0,0,0,14,17,14,17,,,-2.23,-2.23,0,0,1,1,,,,,,,,,,,
1791075675,2d79yirWWZmzf249y7B4DMvgaSb7jgrCxrwTcweFpump,STOCK,9UqFNPpyCzjhJKWnEXBUxFSsgA6g9HLa8yU19mAmcUnE,pumpswap,1790638001,0.000005641,5459.24,5469,5469,10.85,11.59,186.61,4157.3,0,1,0,2,9,13,62,51,-0.07,-0.25,-9.87,-17.34,0,1,1,1,,,,,,,,,,,
1791075699,H8WTvo3ZXSYHJAcYqzCforbG8coR1FDAX2kHFfqHBAGS,BAGSPAY,DxSBgaYreFNFxGu9TEC17n4Usq5jjy4Zf9djT7RBLrGf,meteora,1790638863,0.0003044,77687,304400,304400,51.72,3442.05,14410.59,176350.65,6,2,39,33,124,157,1525,2694,0.26,13.53,40.78,-17.31,0,0,1,1,DYN2,,,,,,,,,,
1791075678,4tvcXSyhPfb1vQQWunMmMzmVNCJGMYrXgtv3bEbSpump,SITRUMP,HhnhZTbXzzEmYLNNzyQSBXWD5s4AEQptqJkBC8N5SGCZ,pumpswap,1790639788,0.000006212,5622.99,6101,6101,0,0.6,6.51,15.49,0,0,1,1,11,11,22,18,,-0.91,-1.03,-0.74,0,1,1,1,,,,,,,,,,,
1791075689,BRjDgir4zcRnazA3JUzRz66Tr39uM2qAZZ2r3UpFpump,HOTNUTS,4xAPpYPdrc5z5Vjpw3c5r6sK71RcrL9QPWdQvYAtapQQ,pumpswap,1790640268,0.000002976,2924.31,2773,2773,0,0,0,0.6,0,0,0,0,0,0,0,2,,,,-0.14,0,1,1,1,,,,,,,,,,,
1791075684,8CeF2mccj1DsBM7zgB2zMRGk2JsaeFCwzFVxU7xm1QWm,stillwet,C1qTQgqh5Xfs4DfS7Zxv1SnQwU8YqvFC5kLu3T2SZY5n,pumpswap,1790642461,0.000003244,3146.89,3090,3090,0,0,36.02,36.02,0,0,0,0,0,1,0,1,,,,,0,1,1,1,,,,,,,,,,,
1791075702,T4zBzW6R2o5izt1CBBwSWUuBEgkJA5Mu5ZDNiYSpump,FOMOWEEN,2UpeSpYySumVkEci64bdPjqtNJpSWCEFTpPzLouiSCqN,pumpswap,1790643304,0.000002879,2864.56,2751,2751,0,0,0,282.06,0,0,0,0,0,0,1,3,,,,-1.77,0,1,1,1,,,,,,,,,,,
1791075700,HjY29mPUx2eazudtp6VYGP9PnbmfwiFa5kydqLfJpump,BUN67,FcTH57vQxczD3uwe9XxPoNqmn5F1aN45v3QATm7ZYpUW,pumpswap,1790642856,0.000002844,3402.38,2772,2772,0,0,4.07,21.4,0,0,0,0,1,1,4,4,,,0.45,-0.61,0,1,2,1,,,,,,,,,,,
1791075699,GrXMbn56JtFngA2FgoXenJG5HeD1GhvFnjyFPWbfpump,CANDACE,BujrCFCvPo9wAJz58KAATWYeporERSp7b2ymgeSPHF7p,pumpswap,1790638967,0.000002790,2815.23,2695,2695,0,0,0,2220.55,0,0,0,0,0,0,5,12,,,,-3.2,0,0,0,1,,,,,,,,,,,
1791075678,4kgo11KazbCNd2DosYSLGpgSZhEtda1gGu4rbWJLGCJV,Murphy,7CCRs48eJfvTuiZKLZvTKCdJS3XU4mTUozKw2xhyRevT,pumpswap,1790640443,0.000006420,6042.02,6168,6168,0,164.24,327.31,483.91,0,0,0,3,3,4,4,10,,-10.53,-0.82,-1.27,0,0,1,1,,,,,,,,,,,
1791075703,tYLAYuNEJbuvDzuERBHSHAeVFZTgkkSLPwrRwHzpump,USDF,2C8y5L54WKjRoTAFqhw96pWmwTD5qdf5fpMWArLpHMpo,pumpswap,1790644682,0.01371,341372.57,13710763,13710763,673.16,8074.34,51387.92,216852.03,14,8,156,108,979,676,4124,2754,0.14,0.55,2.19,17.17,0,0,0,1,,,,,,,,,,,
1791075677,3kmygWKZBkCYrgZHKfiuB9UFKTcDLTFFsKo3BWpmpump,PARASITE,4zLRGHwKdXyaTovP8UkV66CskWgo9E7kAaGYcw1vFh7E,pumpswap,1790644646,0.0003218,69014.43,308434,308435,137.18,6136.23,36796.56,428291.67,3,1,40,69,356,315,3099,2755,2.07,8.91,5.7,-33.59,0,1,1,1,,,,,,,,,,,
1791075700,HMXe89qJWYDCH3VmN85JwvdDsW6v6GkJc7pobG4AnZct,JONKEY,6KR1iYuVYqRYWPYtLVs3WgPtQWZrMZtZN4aKuDXTsVmV,pumpswap,1790646516,0.000002725,2736.57,2619,2619,0,0,9.79,40.66,0,0,0,0,1,0,2,5,,,1.48,0.74,0,1,1,1,,,,,,,,,,,
1791075685,94mo6yYt5z9t31TjS257coYsRX7b7KPTKWVRzAnuLECr,JEET,5U5CLq5r21ytNivjPe9ahardJ3ef7nDDzuAFsRe4TwF6,pumpswap,1790647174,0.000003016,3026.94,2883,2883,0,0,0.82,1.7,0,0,0,0,0,1,0,2,,,0.12,0.12,0,1,1,1,,,,,,,,,,,
1791075675,2sDeSDUigrzYKRhZBjjs8AJDyMYroRyVAsUzzq9D4sqr,Adventures,6bGK5L3CMcv34Jk3gcHW3RwBkGv1QQxcbKaL4SrygryC,pumpswap,1790644356,0.000007925,6966.31,7691,7691,0,0,243.17,2867.7,0,0,0,0,4,6,25,28,,,-7.39,-27.52,0,0,1,1,,,,,,,,,,,
1791075691,CLsGDf5QSp62QsxSGYuZetaA4WEGmKuq7XvKwkFcpump,GITFEES,AQsQp6n4pdNAVR2TbHPaCawX4Z8SGH8BrcRNvKAQ6U5v,pumpswap,1790639241,0.000009618,7386.01,9129,9129,0,4.57,3147.16,6384.53,0,0,1,1,70,57,124,115,,-0.72,90.86,-6.65,0,1,1,1,,,,,,,,,,,
1791075675,367vwbRPVi2vgEZqdEwEoMYNo5ESdypuznPT3isdpump,CASHED,6huJftiwUiC9xubhBWEFEdjrs5TcWqsA7Tvcjuke2tow,pumpswap,1790648206,0.000003236,3301.62,2923,2923,0,0.16,13.55,51.85,0,0,0,1,0,2,0,5,,-0.39,-0.45,-2.9,0,1,1,1,,,,,,,,,,,
1791075676,3NLfcS6P3RpVQ4i4he7xYp9amQScvTvoLMi5iY7cpump,LAP,B426apUrQMYC1ocQRkyfKDpyGV9dNQZ6TbgXugAUUgzd,pumpswap,1790649236,0.000003494,3579.68,3350,3350,0,0,0,150.97,0,0,0,0,0,0,2,5,,,,-5.84,0,1,1,1,,,,,,,,,,,
1791075692,DHT1Ko1NcGu3wxmV3J8Vh5zbqWKxq5ustAgC2AWrpump,WOJAK,6TeiEwAHFuPCEgzAMvFTgpV7nfxpU8NB3Xh4d5wFGaXm,pumpswap,1790651707,0.000008675,6664.14,7759,7759,0,2.84,39.57,1777.66,0,0,0,1,16,9,36,51,,-0.89,-1.76,-30.46,0,1,2,1,,,,,,,,,,,
1791075678,4aDtkCadyWomBewuynPi7Y8NR41dKXAmUMFYMLBxpump,DUEL,2LVxwXzWGxeDHHZp1vB8iZQfqzwYRj3NcnY251Bd47Ut,pumpswap,1790650652,0.000004814,4594.47,3896,3896,0,0,0,8.59,0,0,0,0,0,0,1,4,,,,0.03,0,1,1,1,,,,,,,,,,,
1791075684,8SKkVUSKctHnzzpKstKdNoLgeeLtbp8oNy8Nbx5tpump,done.fun,CFkzDkpKhyPxo7uwT87HVtszxkMuawWCNEfUxeJQHzB,pumpswap,1790651813,0.000002386,2405.1,2276,2276,0,0,0,4.55,0,0,0,0,0,0,1,1,,,,-1.31,0,0,0,1,,,,,,,,,,,
1791075698,GguztAZZv3GsSjzFs3qp18X2jqeAr2YmbbkmY2AZpump,Academics,8uR87GQT1RChyDRSVM1FuJq8PBEHCuWhPbJpyZ1x5v5u,pumpswap,1790650589,0.00002134,11554.74,20333,20333,44.78,55.54,4653.4,7647.71,3,1,3,4,65,41,139,94,0.82,-3.3,54.87,75.17,0,1,2,1,,,,,,,,,,,
1791075687,ARTogbghxtR7v8wVjnChmxZoAQ5FWazuTp43sM8Zpump,SWORDGUY,A3wVyaSGM8DYDHCjFZBGhWZ9zuXJwaFDq3HWb4dw1mz1,pumpswap,1790652165,0.000002537,2794.62,2490,2490,0,0,5.33,33.15,0,0,0,0,2,0,3,4,,,1.29,2.25,0,1,1,1,,,,,,,,,,,
1791075678,4kYsZeMw45RXoeJg8BjyeZVtwoTQ2LAEoZckwK1kpump,PCAT,ATqCNEuM5EP7Ki8NEQGaCSKbrceYYquBi2D7EpyccKdr,pumpswap,1790650493,0.000005891,5056.72,5708,5708,0,0,87.49,4329.17,0,0,0,0,1,3,53,53,,,-4.91,-12.86,0,1,1,1,,,,,,,,,,,
1791075678,4TKsdzn7TzK1KuzLS8taqW6okLsyMaWvxwtqyH3iLdRX,BEAR,31D6F92x3aG9w8o3MVEsdZwuxdxrYrwjCEaPvcSK8i1R,pumpswap,1790653233,0.000003253,3474.31,3197,3197,0,0,0,4.25,0,0,0,0,0,0,1,4,,,,0.4,0,1,1,1,,,,,,,,,,,
1791075677,3sJLXbRoBgVgeDnCCfmdSZuJQRtuyPRsJmMTCZumWH9Y,ber,btpnkVs4vbJvpvyUV259oPikLuUkVo2CeJ2Q36rdesJ,pumpswap,1790653549,0.000003077,3364.97,2986,2986,0,0,0.02,0.33,0,0,0,0,0,1,0,2,,,0.39,0.39,0,1,1,1,,,,,,,,,,,
1791075684,7zJDJdbiPk7EzpPK8GX6QqHF3zWXFdauNJFiBMYnSTNK,BTCBIRD,5oCdCBHmSiCzQ6Feo9214ihrQncHsEbrt9yteggMLYmQ,raydium,1790654903,0.000002626,4820.62,2627,2627,0,0,1.19,2.9,0,0,0,0,0,1,0,5,,,-0.3,-0.23,0,0,1,1,CPMM,,,,,,,,,,
1791075675,2uPFpHPaQUyrrsRfYeziTjzNoju449gruMQFRie2pump,Virus,7mZmfuz1DtBxSYsAaxEpkkThLLZv9sFyDdiktG83fE62,pumpswap,1790656541,0.000002644,2709.86,2560,2560,0,0,0.15,65.51,0,0,0,0,0,2,0,5,,,0.37,-2.16,0,1,0,1,,,,,,,,,,,
1791075701,J9gXX3PtUX2WrhnWokWwibnvvfMbHSqCh6aebaKrpump,LUNA,Csgf7HXufnk8sSmkv49wPspCCPjGRpJ9y4vddan7x6Jz,pumpswap,1790654376,0.000004599,4149.45,4410,4410,0,0,27.16,306.73,0,0,0,0,0,3,9,13,,,-1.54,3.95,0,1,3,1,,,,,,,,,,,
1791075683,7ioeSgzfSKHMnpgfPpgRFsekMBGiu9oi6t6GeqYtNbbh,CURVE,7Pu2ytSzMwg5qhMxXV4qb4ie7gCGhy3kYjbgwFdfmMPB,raydium,1790658485,0.0004010,316562.48,400216,400216,5.31,1110.8,15075.31,72424.03,0,1,16,12,52,61,260,252,0.1,0.98,-0.49,13.14,0,2,1,1,CPMM,,,,,,,,,,
1791075682,7MYpDaZ1Uorg1QtkjWK25X2K4UoNk88854jfopAXxNKs,DOTS,4UZFVgHqgzDxvfeE1eu4cVv6boonSKsjpGT4JiScGPRt,raydium,1790623089,0.00004082,24475.6,40821,40821,0,146.11,600.43,19672.88,0,0,2,0,12,17,138,123,,2.64,3.46,14.06,0,0,1,1,CPMM,,,,,,,,,,
1791075695,EdjdQeRGiWEYzjLSFMUjNC5tpc1GNPbMsNXNZTxYpump,Leak,gZQ6Pwvtzi8kDnko45ExLviU8KKB9KVHv5Sb1fG3eHh,pumpswap,1790660640,0.000002728,2727.6,2577,2577,0,0,0,9.35,0,0,0,0,0,0,2,2,,,,-0.9,0,0,0,1,,,,,,,,,,,
1791075682,7KRkpz1dWtvofPY6m9hbHNdb1mP7tPoNb2NnYYzGYcAL,MI,81Fqik7YgRXnw5YLGB64KLhAMMuqBRZYyCQEapNA2TWX,raydium,1790658732,0.00001040,17800.57,10402,10402,0,9.51,601.89,789.03,0,0,0,4,1,16,2,53,,-0.2,-11.95,-15.09,0,1,1,1,CPMM,,,,,,,,,,
1791075697,FeTi15LB5PCLhjioeBcJR8p4Xj6izdMztfw3J8nfEZUD,SNEK,GDPx8n8A4vUVDdfYuiN8mFhFTvugJxFqENxfeM59wvwe,raydium,1790662391,0.000002588,4711.23,2589,2589,0,0,27.81,44.34,0,0,0,0,0,2,0,5,,,-2.3,-4.32,0,0,1,1,CPMM,,,,,,,,,,
1791075685,8q1MCDyUHDUtKQ8ybwDAjPLK2jQBYMiyze9Sgufcpump,sworddog,Gi7XaoxNEnabMkjJEadzvHzmaTMR4foG8cNHWLHoZa28,pumpswap,1790664265,0.000003259,3485.15,3158,3158,0,0,0,251.47,0,0,0,0,0,0,4,1,,,,11.24,0,0,0,1,,,,,,,,,,,
1791075701,JCqaX2xkY4MSWj2Fd3VQPLy2V9ZzTEoqTZ6VdQhyi1Go,CARDANO,CtqhtCBJdWQPqaCXmLT1bLp5fX3ufxsc8Ye3sZnKEttW,raydium,1790661981,0.000003659,5793.92,3660,3660,0,0,0,60.39,0,0,0,0,0,0,0,4,,,,-1.62,0,1,1,1,CPMM,,,,,,,,,,
1791075675,36RKUDQu5sJggjnRcWnAomH8dSmv1gq5zgVQ73DrBear,GFB,GvGUCGaKLMDqjRbrPBHV2UY9eyaAdWGCfk5Krv9HUiMo,pumpswap,1790664962,0.000002751,2809.45,2621,2621,0,0,0,0.7,0,0,0,0,0,0,0,3,,,,0.47,0,0,2,1,,,,,,,,,,,
1791075683,7nRWuyJygdXypZCdVHjDCBRrpf4Xof4mdH3mQtjipump,cat/acc,GnUronrRDa9ZS8WqZpQ7T3DeR8cbyojeSu5N7kF3yTf1,pumpswap,1790668119,0.000002986,2929.11,2847,2847,0,0,0,47.43,0,0,0,0,0,0,0,1,,,,,0,0,0,1,,,,,,,,,,,
1791075676,3JBcBwcZ5psDu4Qy58YBqbMn2Nk4QKzDiqii4gpAwqei,K/acc,ExsQ6RDXiSWVGVeyvL2QAwNmxT5SHPbPW9yWjD9TmKqG,pumpswap,1790668225,0.000004938,4673.72,4723,4723,0,93.2,344.4,2764.82,0,0,0,1,0,6,52,71,,-5.49,-17.76,-37.46,0,1,1,1,,,,,,,,,,,
1791075695,EdfUDQxVihNgHf7KDjhxC3ZSdXtNr33tojuKq3rgUCfv,BOPE,79CW1Udnkce4cgnszHri1aTR97cFKaZ9yU9pooCMwJes,pumpswap,1790663962,0.000003190,3196.93,2812,2812,0,0,0,10.73,0,0,0,0,0,0,0,4,,,,-0.56,0,0,1,1,,,,,,,,,,,
1791075689,B2N8d8SgQY5JZ34g1g3QrkcgJF7hmFYAqwEv3L9MrRt4,GFB,FLr3SynHFCw9pjS9uoJ3nrWmSP9yVbopMvdHdwNMN1VS,raydium,1790668621,0.000002614,4830.21,2614,2614,0,0,0,114.67,0,0,0,0,0,0,1,2,,,,-8.09,0,1,2,1,CPMM,,,,,,,,,,
1791075700,HJnaT5oeSH4L8TGJPLLBYQ1zzmpLbYuMAbTbpiBkpump,PROPANA,EWVKsAS9AC5bQvbBgUu6QkD7hknqxiNPnLRiw7MBDMu5,pumpswap,1790678077,0.000003050,2972.9,2879,2879,0,0,0.26,1.04,0,0,0,0,0,1,0,2,,,0.36,0.36,0,1,1,1,,,,,,,,,,,
1791075679,5Y6eKGzrLr36wWd5XB4XkRrPfqgkcswudvJ9mv9Bpump,TEAPARTY,AsAYgWc6WfE4K8m5YnftgoDnHhcGxuYYhQxvC2qqyZ4Z,pumpswap,1790664409,0.000004328,4444.77,4084,4084,0,0,91.39,418.11,0,0,0,0,1,2,1,13,,,-3.22,-20.66,0,1,1,1,,,,,,,,,,,
1791075687,A1y5NQWAmtqQahPHP9Jm7sqezAzjgK5Atz3fM6aBc3zV,アル,ArzhwpqAyV6P63fLbvak6KJQt3db4Nefa6KhnsyMJBiZ,pumpswap,1790671089,0.000002795,2779.8,2658,2658,0,0,1.13,31.21,0,0,0,0,0,1,1,5,,,-1.2,-1.41,0,1,1,1,,,,,,,,,,,
1791075697,FTBq3qcxyehLD5VzDG5EfKhWBB5vXZtq7g6qepUAoVpx,K/ACC,7JsJoN7Zj9HqR1J7Cg5HusyoNhKM6uRzJacxLQXaoAoG,pumpfun,1790409310,0.000005124,,5124.74,5124.74,0,0,7.56,13.47,0,0,0,0,0,1,1,3,,,-0.37,-0.23,0,0,0,1,,,,,,,,,,,
1791075690,BzX5mofDT6fKSK9zMrrj1eKbEL57kt8d8Fwwdx6Apump,p/acc,AY74fazXqkerpyT8Sq4sUKsSZKNK64o1dQA4mUTfZ69R,pumpswap,1790670932,0.000002670,3061.58,2579,2579,0,0,0,0.15,0,0,0,0,0,0,0,2,,,,1.58,0,0,0,1,,,,,,,,,,,
1791075691,CeiwP43gua1eqMSd4W6dUAC5LzYW257Jp48NzCNrgRga,DOTS,7d1FStCR2ASY3VaKnBWFiJgo2KXpZjtVEBX8i6G1ThwQ,raydium,1790659355,0.000002767,4793.43,2767,2767,0,0,0,7.13,0,0,0,0,0,0,0,1,,,,,0,0,1,1,CPMM,,,,,,,,,,
1791075695,EjYBeZYZ91SawroceU2ijNyv5NskbDsejKeNWTrJpump,SJ,79jfDpZakdZPRUXwy1hAUE3kDDmJ8mZB3NoBdv8si2FZ,pumpswap,1790672133,0.000002825,3038.45,2558,2558,0,0,0,0.42,0,0,0,0,0,0,0,4,,,,1.5,0,0,0,1,,,,,,,,,,,
1791075695,F1AUYwCAmrH1JRVjyeZLT3cnGDKtEfTc9MwgWSbmuUn9,Carl,5nT7ZRtPzdqKzgFtZj1czRY9XC8oj731nft47nErWcUh,pumpswap,1790674015,0.000003574,3390.67,3341,3341,0,0,0,35.79,0,0,0,0,0,0,1,2,,,,2.85,0,0,1,1,,,,,,,,,,,
1791075679,5SxXkvoY2J4aRLHWpV6VP1gUSVmXrbUE7MYvWaucpump,O,C1GEXb4yfL62w3noSE6xrMZfLiViuGoTvJX15RLB6W7F,pumpswap,1790677207,0.000002512,2603.3,2431,2431,0,0,0.45,59.81,0,0,0,0,0,1,0,4,,,-0.87,-4.24,0,1,1,1,,,,,,,,,,,
1791075685,8ggKQ4J1CZCEieP6pKTx6MosipWK8c5qkRQQx5DFpump,STRAIGHT,61uf9wDvk45yqFhW9dud2pm4a5iTrYPmqYn3bFfxX9qi,pumpswap,1790675641,0.000003010,3615.02,2907,2907,0,0,0,0.14,0,0,0,0,0,0,0,1,,,,,0,0,0,1,,,,,,,,,,,
1791075684,84D3VopU3g5qo7jUwzQK4P4BnVPQWr2MzeaRCFkHpump,POND,9Laz2p55TfBxoiDRWZQNU8SKzr9534ZKHW9hmZPDXZ7E,pumpswap,1790676981,0.000006326,6444.46,6239,6239,0.27,11.29,109.17,1342.1,0,1,1,1,17,10,37,63,-0.58,0.89,3.09,-12.91,0,1,1,1,,,,,,,,,,,
1791075695,EThAHDXisQrhvv9MPrv5DgZuRHkjUzNcTwnLzVjCpump,PAYDAY,FSPhtif5wPhewj9kgkUSWEUrQxSAC7sGGioRkFZP82Eg,pumpswap,1790676501,0.000005543,5167.79,5247,5247,0,6.04,402.01,797.2,0,0,0,2,6,6,14,29,,-0.58,-0.47,-10.96,0,1,1,1,,,,,,,,,,,
1791075695,Eyvmi7QVpSXWbB7WLqf5ksfbRugaiFudubeLtpEDsnkh,SEECAT,FHJkEmXYDTEGgRsQsy7rAkfPrCyL9UNdpB1cqxKNqo4r,raydium,1790606334,0.0001053,27561.78,105397,105397,18.67,278.8,3115.21,8890.7,1,0,6,3,35,32,117,94,0.27,-2.57,-1.71,17.41,0,1,2,1,CPMM,,,,,,,,,,
1791075703,uEMVScZfPPfSGeoKkPCQ82oRedJn6u1dQvDEo8qpump,UDR,GYLp6WgUAxShVSKu1gRe8da9yAd5DJjtCksM4ozFVE7G,pumpswap,1790656157,0.000003909,3697.24,3910,3910,0,0,0,5.4,0,0,0,0,0,0,1,1,,,,-1.47,0,0,0,1,,,,,,,,,,,
1791075695,EtV9vmJXhV4gTgxzgzn7xpbjRX2ne2Vb8T58mwabpump,BLINGBOY,7qvv2vkJLVx49N2ow8p3Scncx2FNeFpZP63ZQdKHZf5i,pumpswap,1790682809,0.000003087,3223.75,2968,2968,0,0,0.05,123.33,0,0,0,0,0,1,1,10,,,0.17,-5.82,0,0,2,1,,,,,,,,,,,
1791075702,fSK8y3f3Hz1mTeSYap6FeqhZ8ResekAAuhZYddnpump,NTDA,5c4jXRKJQgw1gJahpRW3WvDNLkTUrzwK8omoZovszj3p,pumpswap,1790684662,0.01679,377309.9,16790681,16790681,624.91,10309.86,54052.25,212130.46,12,8,177,114,1016,676,4117,2743,0.11,1.41,4.46,13.55,0,0,0,1,,,,,,,,,,,
1791075678,4XDan44KkAtC97S7b6KdExWR1zh24zka4iwLfuuYZoqn,LLMA,CMwwXFSqGWHNpHxiTKaVxMUAiBZsV9vADeWoQ5BbuMgv,raydium,1790685695,0.000004931,6982.65,4932,4932,0,0,330.79,1322.97,0,0,0,0,6,5,13,40,,,1.09,-23.21,0,1,1,1,CPMM,,,,,,,,,,
1791075701,HrXtCbUQJB4Z8P2Y9yrzNk2xgp2V9yTKM1qsmKifLXR2,inu,92RqWvHW4dmmyTkuTWoYghCjTzf5LLN2DDy2Gujg2cFL,raydium,1790682324,0.000006033,6993.66,6034,6034,0,33.67,3318.73,10643.53,0,0,0,1,39,40,132,114,,-0.48,-19.83,-10.18,0,0,1,1,CPMM,,,,,,,,,,
1791075687,AFuPDJBiRy7MC2U3dTEZB7rReUAosWGv7aj57Lqppump,YOINK,WDWNj2W1K5gPsrmCEcjSD9mEZ3VZh2BJLxUahtmwr26,pumpfun,1790387869,0.00001526,,15263.12,15263.12,0,136.21,335.41,349.43,0,0,2,0,6,0,7,1,,2.3,9.43,22.15,0,1,1,1,,,,,,,,,,,
1791075683,7qt6ZK9kA9rdYSvospoZAcGJu6rYS6ngZrSkAr5iwWc1,ZECBOX,BMnWwgLmmdMFTQD5cntFAiuhngZkjrwEWeDp7E4oA2sX,pumpswap,1790687952,0.000002892,2899.62,2799,2799,0,0,422.27,2866.2,0,0,0,0,1,10,33,42,,,-19.74,-25.85,0,0,0,1,,,,,,,,,,,
1791075688,ArV7g2VBDHTUvfJTwCPYzzPJRozHbdS94QigVPuFpump,SBC,H5Ltoe8coVa9h4pSutERe8N7QS9qiSa7rg5zJDgF8fMx,pumpswap,1790644726,0.000004689,4283.14,4487,4487,104.49,128.24,190.21,5293.58,0,1,0,3,4,6,64,68,-3.71,-5.14,-4.4,-1.01,0,1,1,1,,,,,,,,,,,
1791075695,EasZMcawMGdDhAHVhNr5fC8gtMSiFf1tTWrazLMzpump,HONG,Gv8P6HB9FqHkCaqVrLRKrHgKKisjYz1sg4ZjAGuR8S4X,pumpswap,1790689772,0.000002608,2586.27,2397,2397,0,0,4.41,4.79,0,0,0,0,0,1,0,2,,,0.16,0.16,0,1,1,1,,,,,,,,,,,
1791075699,H4KUxsEgCp2yDpFvyDuGM5k6XevSKKrrKUxZ3Zr6nyJc,COCKROACH,5d1MwACzebHE96bX8ZN3jQGjwPuBjQF7vcbmmhr5Gskb,pumpswap,1790689191,0.001355,158721.14,1331751,1331751,1934.82,13825.65,186613.09,567926.29,10,6,197,41,896,446,2191,1931,-4.2,1.25,-17.75,21.6,0,0,1,1,,,,,,,,,,,
1791075684,8CMH8UTpXVSKSBA5sNtscfzxD9yQUC7VYP415p6Ezpad,ZPAD,6v5dr3ppBUgCFVWxKURCgZeSC5TA7fqhTmeS6e2Tnet7,pumpswap,1790691644,0.000003216,3224.26,2916,2916,0,0,0,111.76,0,0,0,0,0,0,0,4,,,,-5.99,0,1,1,1,,,,,,,,,,,
1791075688,AToRAsGvaSXdDw9jne9ZQz34vjhfg7nocktQyHR5VDJC,67OHIO,8rwyMMyp6DReswrrPDvZquXVWKNsxKkZoqRSroUBqoet,raydium,1790690561,0.000002331,4465.33,2331,2331,0,0,22.95,22.97,0,0,0,0,1,1,1,2,,,0.03,0.03,0,1,1,1,CPMM,,,,,,,,,,
1791075702,ZrueWB1YvjruJpTGiJSYYfyuL71FZeeSUwJY1ZPeyes,EYES,BkYnXoVkNXQxSBKF3R7nRADoiTPZaWotUp1NhWRm15j7,meteoradbc,1790167729,0.00004828,,44557.88,44557.88,0,24.63,309.06,6998.16,0,0,0,1,3,1,16,18,,0.16,1.45,-25.36,0,3,1,1,,,,,,,,,,,
1791075680,5x7HwzMt2dc4Mwpm1KDZRacUN9FaYRDwgHEQ89eUpump,RERO,6qweZqjmc7ACE84Pr4DmY1iCLBtW4qDaxuh6d22KDiug,pumpfun,1790187275,0.000009340,,9340.84,9340.84,0,0,3248.44,3497.96,0,0,0,0,12,18,12,23,,,-35.9,-39.85,0,1,2,1,,,,,,,,,,,
1791075678,4zfwqBtYpDjdiocYL91bc4h2qoeuD13MwgbiZWbECPTE,ZCOIN,2Jdmn6jB1XUG1ztkDDmbKNXmLaLGY5uxhxttcogZ2rZp,raydium,1790689010,0.0002276,43635.07,227600,227600,178.13,16209.3,21901.82,49931.23,1,2,43,27,77,58,171,156,-1.94,-27.13,-26.3,-30.1,0,0,0,1,CPMM,,,,,,,,,,
1791075698,Giu97rCtAwoti32GyrBjK91nbjJDfsf5RBX5YjCvpump,Sub,HqiX9cRihtd5rCyNV6wBnzBhLvhL6x4KJQHY7p2QkQ7R,pumpswap,1790693237,0.000002543,2548.48,2428,2428,0,0,0.95,1.18,0,0,0,0,0,2,0,3,,,0.03,0.03,0,0,0,1,,,,,,,,,,,
1791075695,EU5WWxWBjDzfs3pvb6N7yuc6gBfo5Ltao6qfdXDiH2U3,SLATE,A5GaMKj9qwKZevC76D1ZNUVKH8ayqArozAFBCN3GDgQT,meteora,1790605084,0.02946,19268.74,29465,29465,0,4.16,273.21,3281.56,0,0,1,1,5,4,27,32,,0.03,0.03,-22.88,0,1,2,1,DYN2,,,,,,,,,,
1791075678,4yqVrQt7Uvie3Dmtji3p7CDwqkBqjTfknzsFkHF7u5i9,AMERICA,CbtUukKm1yE9PLM586vAaAu2iwSxUG5mWo2modqgHaix,raydium,1790690314,0.000003109,5513.83,3110,3110,0,0.01,0.01,0.34,0,0,0,1,0,1,0,4,,0.01,0.01,-0.03,0,1,1,1,CPMM,,,,,,,,,,
1791075677,3qhCS4Qp24BCXaBsMnGDEh7Lw5SURqcSUTpUgGBApump,swordinu,DR538pGAshWv56uihJck7o6GD4yiDPayD5tP2buX3aVF,pumpswap,1790701151,0.000005424,4667.2,5132,5132,0,3.02,536.61,15666.2,0,0,0,1,5,12,147,136,,-0.56,1.02,16.73,0,1,2,1,,,,,,,,,,,
1791075702,RKLBnAXGqv31iZomqsuAWkQm1aqC7JwwvbCfzGdqAhz,RKLB,GoT9JVkBRq2t9u4ECjtZSwSDz4eCnR9WRirEVH3odpyU,raydium,1790694832,73.74,52592.02,409290,409290,0,2.04,1639.46,7123.34,0,0,0,1,1,5,17,28,,,-0.25,0.41,0,0,0,1,CLMM,,,,,,,,,,
1791075700,HSrM9XhJtRQPiGp2Yh4ZofbieZPgZsCcd6cMJnpRpump,PACKS,6PdhMyjR1Ujuo3sQwSnpYC1KRdEQEEvfycSf8CT2y2io,pumpswap,1790694698,0.000002859,2940.92,2729,2729,0,0,0.28,0.75,0,0,0,0,0,2,0,4,,,-0.06,0.34,0,0,0,1,,,,,,,,,,,
1791075702,WDUv4yF8QAdb2hFHKPzhswnts5kviUQhqHoTQP3pump,SBI,93eq9TrYKSpQmYwBHdzWwVLEAaiAxFt2ftKr7VDt4RTh,pumpswap,1790699686,0.000002546,2571.04,2443,2443,0,0,0,8.01,0,0,0,0,0,0,0,2,,,,-0.34,0,0,1,1,,,,,,,,,,,
1791075693,DR9923tzvCfKMpa7XxVPaUps9Fx8YfpcVHQHMfgDpump,STUPID,DVkTbWua4ukz1rRxq44NA4xhKX6j7Ero9w1doWySK89K,pumpswap,1790696267,0.000003279,3234.7,3201,3201,0,4.42,48.96,137.98,0,0,7,6,45,45,136,125,,0.67,0.95,1.93,0,0,1,1,,,,,,,,,,,
1791075677,4JYBzbPL9ACRhdhesGfqkodKCuLkx3rm3Pg97Kdppump,FOOT,6AsngN7q8AmDBdGcmWvPDdGQzwULhKxrNvRUTwXCXxjH,pumpswap,1790696407,0.000002568,2605.57,2480,2480,0,9.68,10.09,13.74,0,0,1,0,1,1,1,6,,2.03,1.99,2.08,0,0,0,1,,,,,,,,,,,
1791075678,4ioYUvNC89Ygp5gd2xu3WYbwPhczFQKwz8bjtwTXpons,BETA,GNzAZtCK44MKk3Z6cFRyPRTjEP8Y8e2BVcQMipz37EpS,pumpswap,1790690948,0.000007246,5968.92,6864,6864,0,0,145.25,1200.91,0,0,0,0,0,6,16,25,,,-7.87,-4.97,0,1,1,1,,,,,,,,,,,
1791075695,EVxVeEy86fPq1WE5B6h5ZCKR49UEC3ziTc8HJ68hhxu8,MUTATE,J53bL3pmf64EoNgv8LhC87iWiw6Wg4c9vX4BMc8LdvBa,pumpswap,1790699844,0.000002748,2712.14,2501,2501,0,0,0,8.24,0,0,0,0,0,0,0,1,,,,,0,1,1,1,,,,,,,,,,,
1791075677,49aM4HrGABwG9F8iAn385zzcsS6mxHEFY8YN3H7y1Cd9,MARTIN,89KzBPsRxM2JiHMzrUqTaqSS8nAeqpft9mX4ZaH7uSKi,pumpswap,1790697895,0.000002433,2456.73,2334,2334,0,0,0,4.96,0,0,0,0,0,0,1,3,,,,-1.59,0,0,2,1,,,,,,,,,,,
1791075687,A71Uf3jwg57fNedSao9eFwm9eKSLYFbVJ85T4fuXpump,cNFTs,H2UTFeuwA6yQP2L3DegdvtA4wCCwLJjKwq2zXepzU1ae,pumpswap,1790698801,0.000005504,5802.28,5408,5408,0,2.02,24.63,289.04,0,0,0,1,0,6,3,31,,-0.03,-2.6,-12.3,0,1,1,1,,,,,,,,,,,
1791075692,Cy5TzDyJ4mo6MBAbpwUcAgdfNiXYKrYUPrvhPGVU6XMR,XMR20,B1w58REDpWVGjP5GmTymitxq4KHL11ytVkHBF2NLBnUw,raydium,1790695755,0.0002562,47293.92,256209,256209,24.05,365.85,16459.4,86050.7,1,1,16,6,188,104,809,886,0.21,1.4,-29.66,-0.85,30,2,1,1,CPMM,,,,,,,,,,
1791075678,4arisZWtGpHEjKfLZwUDnzop8oMMAN5proKUQFZ7qLPf,EV,9rKUpxDEwSCd8zReKZRaDfS7QoaCHtnDndot5hRd6SGm,raydium,1790700020,0.000006261,8542.22,6262,6262,0,0,22.43,1082.39,0,0,0,0,1,3,7,42,,,-0.05,-22.21,0,1,1,1,CPMM,,,,,,,,,,
1791075673,26QZsh7sjrCTin8WkSZtx28mkZ3fzzXxgDE87wzipump,Fiverr,6RXwMiLq8Qrsn3HWh6715T8iMtvmh9a7s4rqTkx2C3Jf,pumpswap,1790700249,0.000003114,3025.6,2743,2743,0,0,0,0.38,0,0,0,0,0,0,0,1,,,,,0,0,1,1,,,,,,,,,,,
1791075677,3vYBWj2Eggys9rNeCNznB3hyQqm1Yecx3NF4RtrApump,SCAPE,7LPcTgCqSHzTnmpoPXdKGKF2UonbxxW6NbkaGhVjYFEv,pumpswap,1790753237,0.00002694,14232.94,24591,24591,0,306.41,4196.15,13259.99,0,0,0,2,51,22,112,66,,-9.33,0.82,49.2,0,2,2,1,,,,,,,,,,,
1791075690,C2YdnuDjX1GF79j6Wyaaz4gZ6DXDELwQwbpocrfApump,SWARM,ESxMiAEtwAVuuw9kkZejfakBcRS7JcdkEct2MMe7gm7x,pumpswap,1790702292,0.000003133,3172.03,2965,2965,0,0,6.33,41.29,0,0,0,0,0,1,0,5,,,-0.16,-1.08,0,1,1,1,,,,,,,,,,,
1791075673,12qmDF3Jh5CxA1KczHsbmfqr7Hdjntfn93oKvkEfpump,REPOKEN,3MCjLN7mUAh9GLwvARKmMcQPHpkyDnjEdGLuvhND5eyP,pumpswap,1790699684,0.000002839,2821.07,2644,2644,0,0,0,17.89,0,0,0,0,0,0,2,10,,,,-0.37,0,2,1,1,,,,,,,,,,,
1791075683,7UfcTJD2RSRg9AJ4k2V2rs71Ew8Zy2avaU5roc8bpump,Liza,FZtCX2NjQKfaEDqCEyD5t1PNt5ssJuJr1e7LPZPEefko,pumpswap,1790693876,0.00001178,8505.91,11453,11453,0,35.29,960.47,8803.9,0,0,1,0,19,15,101,112,,1.64,13.82,-19.81,0,1,1,1,,,,,,,,,,,
1791075683,7jyGbzZje84AMYDoXeGzcv7j3x5bTck2EcrSsCzpump,Holdoween,9wQKvNYfC6HXALXotB7jHZgcsZQeDBDrpjJtfh3QMimK,pumpswap,1790293951,0.000002159,2260.41,2156,2156,0,0,0,10.43,0,0,0,1,0,1,3,4,,-17,-17,-17.6,0,0,0,1,,,,,,,,,,,
1791075673,26QftJYy746GCx6wnV8vMkJRErCtyhChM8hBxY6Hpump,NYAN,79KbbTrCHft9rm81J6fQa53q7GwkiJ3rCk7rsz4oXnHF,pumpswap,1790783455,0.000002904,2843.47,2640,2640,0,0,2.33,7.64,0,0,0,0,0,1,3,4,,,-0.1,0.03,0,0,2,1,,,,,,,,,,,
1791075677,4NDRfDPk8pUsY4BATSi7RkCv9D6s3oecF6zyz24Upump,Float,EkAMz5J2LxjYRQjku32fpJheP61EtbdSBGw8zZPV9m72,pumpswap,1790703830,0.000002773,2920.52,2694,2694,0,0,3.31,24.89,0,0,0,0,0,1,1,5,,,-0.22,-0.66,0,0,0,1,,,,,,,,,,,
1791075676,3ZSai4T7MGJYdSgAA3ro1bGnVLQGbtdjBu9o23zCojvu,HUMAN,FZE2M3irUmELtWBCi694S1XCX5HGcEZjXELMWmp4XsFv,pumpswap,1790706107,0.000004314,4108.09,4195,4195,0,117.91,1316.62,1450.05,0,0,1,0,10,6,12,13,,7.01,475,11.75,0,0,1,1,,,,,,,,,,,
1791075675,32jwCBFDWivWkr4vWNRBRDt9PwMBidzAwvatCzqLpump,RSI,4LKe4JE8B1Kkwva4gPGtz1Y7VF7snd9ifb5A66J5TnNK,pumpswap,1790705253,0.000003744,3820.17,3649,3649,0,0,6.38,89.1,0,0,0,0,1,1,1,7,,,0.11,-5.06,0,1,1,1,,,,,,,,,,,
1791075697,Fum18VwshM78gQAhJWxr822PBGFdkJaEGivwr59Z1FiL,BELIEVE,9RHHKcNR34mFf6eXNMF4NPHAU3HfW5ynjg5sqYBLgrR9,pumpswap,1790705613,0.000002574,2640.12,2470,2470,0,0,0,106.8,0,0,0,0,0,0,0,7,,,,-8.36,0,0,2,1,,,,,,,,,,,
1791075694,ERv3fy6BgLG9MootmyQKg39fXraqYw6F3UucKgDLpump,PUMPTOBER,BEiJ2bdt99d4Pa9LkmLUhHTLDhpVzUf1VGf6dg5Tzw6f,pumpswap,1790703517,0.000003018,3250.33,2905,2905,0,0,21.29,88.02,0,0,0,0,1,0,4,2,,,3.08,5.83,0,1,2,1,,,,,,,,,,,
1791075694,ESEdbgAw2mgkVTPhCz1pbBbKdAmFAFgqu9i1gpsNpump,NPC,GaKQ4tPVxvZqTVnuApwnK4exggB3e3dJHGnw4b9bM8ft,pumpswap,1790703637,0.000002497,2674.38,2453,2453,0,0.3,10.95,28.73,0,0,1,0,8,6,17,19,,0.14,1.12,,0,1,1,1,,,,,,,,,,,
1791075695,EgD4T9kQEhgw9bDzNPShDQwutjcXTJ9h1JBxri6Qpump,Penisguy,4McnPFxtaTMJgJRvTm2njGEGbjnzQxhZ2FiAhKJJuCzs,pumpswap,1790713077,0.000002703,2673.95,2479,2479,0,0,0,12.14,0,0,0,0,0,0,2,4,,,,0.64,0,1,1,1,,,,,,,,,,,
1791075680,6JNJxKtB1X7rYs1GbVfhE6UXXRw38HrMJCH6kTY83GDX,HI,pYXcN85J6vpMn3cmb5onGhwJ3UUtU6XZLhF6NHNyyDN,pumpswap,1790706318,0.000002544,2565.52,2440,2440,0,0,0.19,0.48,0,0,0,0,0,1,0,3,,,0.13,0.55,0,0,1,1,,,,,,,,,,,
1791075682,7GYk6spb1x9V3YS5F4qcARfhp242Nd64Dq1rhHCAmtb3,SI,82TFFee2RcuD64bvSma4A7gvaWt2GvZKPbf9csE2uHT7,pumpswap,1790707459,0.000003668,3844.39,3549,3549,0,0.79,12.9,62.37,0,0,0,1,0,3,1,9,,-0.27,-1.12,-3.34,0,1,1,1,,,,,,,,,,,
1791075676,3VPoXaRcXxju8qgkVRN87UuXZxbdBD7zyaXPDqqmpump,SI,GnpvosiacUQbkxPPTFo2C79CX2qTuKgXAwHekyLJoDbe,pumpswap,1790709032,0.00009829,31953.58,92094,92094,576.96,4761.73,20961.26,145310.86,1,5,37,30,152,161,706,821,-4.47,26.95,19.05,-34.61,0,0,1,1,,,,,,,,,,,
1791075688,AgGT99SABcEBW2asxcTAaY4gxzwLNPAoi8de9fzJQA43,mutate,DYDAx56KS9yMHUpYkkddmsAUW53pyN16CW4LPfKE7Hpu,pumpswap,1790708751,0.000002453,2472.57,2348,2348,0,0,0.02,19.64,0,0,0,0,0,1,0,2,,,-0.6,-0.6,0,1,1,1,,,,,,,,,,,
1791075690,Bg2KS6PYNbyFebC9x7CSHfA9JECUiVaCXhRPz371W6tk,DOT,3Waan21DqF85xVG2rGdGcA6ezzTvA7DppS3iReZwEa1j,pumpswap,1790708762,0.000003153,3280.61,3112,3112,0,0,0,8.56,0,0,0,0,0,0,0,4,,,,-0.28,0,1,1,1,,,,,,,,,,,
1791075681,6Vuz122BbhCoBSXLH94JdMamHAJhRGBKGJJ1i2TWpump,CROCS,GLAwM3VfovjbECk7k1Ujq1z6bvxZFb319VVeN3baHZ2b,pumpswap,1790705786,0.00001734,10830.06,17138,17138,0,12.23,631.71,3462.32,0,0,2,0,18,24,82,112,,1.68,5.65,-31.65,0,0,2,1,,,,,,,,,,,
1791075700,HkzbDgdJcds5oZs4zMgmsJ5qGNCoKGuyjJi6YAgaFceB,SI,X1cZHHwZvF9yLiibvhJFEypss5W5P9ctmhL2zgcy9NZ,raydium,1790709635,0.000007063,8703.18,7064,7064,0,71.84,121.67,2302.97,0,0,0,2,1,4,14,26,,-8.29,-5.67,-20.58,0,1,1,1,CPMM,,,,,,,,,,
1791075679,5DzdcJUwovmAUXMfrWgbhKmJ3RWmEtXwf7EEtuHRpump,PFSOL,GRsr6cpqjdBPFD4CvHwTkMhDkxcwvRxHdA9DuCC9MTmk,pumpswap,1790709709,0.000002949,3561.25,2861,2861,0,0,0,5.7,0,0,0,0,0,0,0,2,,,,-1.41,0,1,1,1,,,,,,,,,,,
1791075697,FuEXRwEWRuQVx81qEjA6YDUVZaa6qDbAqQuH72BZ6PsC,Quine,2d1afJkTms5CL9LcWPQGXeJrRQxzRiAU4JXvwWeiqfnL,pumpswap,1790741544,0.000004594,4470.33,4317,4317,0,0,10.94,269.07,0,0,0,0,0,1,4,6,,,-1.61,6.77,0,1,1,1,,,,,,,,,,,
1791075690,BnAiH6Qu9cdL7gRvue8qbbE92CQRSqKox8UAtpispump,BabySI,EnnS1ZvUkowA96xbdFY8k5gzEs36CMnvqUPHKXTFzkmr,pumpswap,1790709835,0.000008105,6533.49,7786,7786,0,8.3,636.5,4267.87,0,0,0,1,18,19,53,69,,-0.65,-0.28,-23.64,0,0,1,1,,,,,,,,,,,
1791075681,6d9fD5SxvN4DAG4SHQD8pebm8TM6XeSbYezPDjdapump,PINO,BHKyty1uDDxSwAkhkefn8ZwNQZjfQrmC672D2UW874dD,pumpswap,1790712208,0.000006597,5385.22,6100,6100,38.79,225.51,922.69,7641.49,2,1,8,4,33,28,135,130,2.51,11.43,-13.45,-26.86,0,1,3,1,,,,,,,,,,,
1791075685,97SkmPTaFH5zT4QD2KjSsmxaPmKG3PL9kxb3KMtsJwfs,SI,p9zx8yKoe4jFDmwhJ9LtpdorJmEMsSWvUmC6W7Zivng,pumpswap,1790712345,0.000006531,6050.66,6385,6385,38.88,78.51,230.5,427.59,0,1,1,2,3,7,8,19,-0.85,0.18,-0.41,0.46,0,0,1,1,,,,,,,,,,,
1791075685,8mnDxKCJUS59RzvesoYEk2ivtVhn5mBS2tmKj32ppump,XSI,Bs9YRoC3FPeKRv6odW24o2amyN4nPydV9tFbbXTBwPbB,pumpswap,1790712256,0.000003104,3282.67,3049,3049,0,0,0,18.91,0,0,0,0,0,0,0,1,,,,,0,1,2,1,,,,,,,,,,,
1791075692,D1qPV7yMjZ8qP5GqUEWz8udSnuP8sXec7BNqEDe1pump,NERO,GSJpq28AufoyToyrgtYccSdyCxxSsRFFNXJUeDbcFxcJ,pumpswap,1790712920,0.000003588,3651.7,3451,3451,0,0,0,32.12,0,0,0,0,0,0,1,0,,,,,0,1,1,1,,,,,,,,,,,
1791075678,4WPn1oGVE7rza6PjFJwYpEXZn6qtjwxEKkCV9EtAxhUU,BOT,B7nYoGHqCGoFRiPB4AoT1NqbqrFWJDfiEkD3WNXxSCnt,raydium,1790702662,0.0002275,56021.8,227547,227547,219.28,2681.56,23762.03,135172.94,1,0,7,18,146,124,741,599,1.57,-5.76,-5.53,-34.4,0,0,0,1,CPMM,,,,,,,,,,
1791075703,zbU56xCdDXNW1ijTVLJB3DSaA4BEzppojrGB4wPsunc,UNCLAIMED,91FoUhZi1t4fcNHyN8ko13EyfszSowoPdMQKGtYGS8U7,pumpswap,1790718013,0.000002668,2645.56,2558,2558,0,0,4.5,69.88,0,0,0,0,0,3,2,8,,,-0.56,37.01,0,2,1,1,,,,,,,,,,,
1791075701,J6YzMjZrDKmB41mrhESoQFsnpo2JURKnwkPqSjaUpump,BPSTR,8smxgrLnbVkZrKMxip8cYDHZvpLePi9ncsAsmT7bm8db,pumpswap,1790713266,0.000003551,3585.79,3423,3423,0,0,89.61,89.61,0,0,0,0,0,3,0,3,,,-4.8,-4.8,0,1,1,1,,,,,,,,,,,
1791075690,BoQwp5yVMUDsV4eAUZo4ZPdDNAztypvBnpYzFxd1pump,Pepemas,37k7x53mfeXUYqgPvH2QumqXCLieg8cEA5nXstqXz7XT,pumpswap,1790717306,0.000002434,2428.89,2350,2350,0,0,1.9,1.9,0,0,0,0,0,1,0,1,,,,,0,0,2,1,,,,,,,,,,,
1791075685,8y2h8RDbF1FVKhcHNqaZFg4yJ5azXUyUeoByEAvJpump,NI,AZunHXFqFRyA2pEFxXA4XB3dH33DPcxSuXqt1tFFiCse,pumpswap,1790716406,0.000002691,2735.23,2611,2611,0,0,7.61,37.08,0,0,0,0,10,7,24,29,,,-1.37,0.08,0,1,2,1,,,,,,,,,,,
1791075674,2DNYbF75QgWGRJLmakc2onykkpHJTiaYPRPHhh9hwq8A,SI,7kGfyU4bMxjNqqYkryUFCTEiB3m1LUuuMrr8TmzWzNiv,raydium,1790715706,0.000002648,4792.52,2649,2649,0,0,0,74.99,0,0,0,0,0,0,0,8,,,,8.96,0,0,1,1,CPMM,,,,,,,,,,
1791075696,FKfhzmbMtgbf1YwwyNMxtFU43MdATe5S8Pq2bsQ7uAHn,SI,54ZiExNDWV1GHiaCk7zVpygYN4QF583ARHSC147b1Dks,raydium,1790709669,0.000003344,4811.98,3345,3345,0,0,64.81,345.2,0,0,0,0,0,1,3,8,,,-2.26,-2.55,0,1,0,1,CPMM,,,,,,,,,,
1791075678,4o1Y8cxUaiaji4rowfm8x2FkyvMreN81ZjNWXQZxVSFC,CHILL,C4Nw9eSaZ16TEfC8GGSiGUqSxhuAbgWoREj4mPrGZ32T,raydium,1790712555,0.000007357,8182.21,7357,7357,0,31.7,98.83,5104.5,0,0,1,2,3,8,40,54,,-1.4,-4.02,-31.33,0,0,1,1,CPMM,,,,,,,,,,
1791075691,CQQfPtJqa1raBiRCFhuh8iPSL6TkfyfZn3norCssdBux,SI,GnF8ZAqycwRevMjHytAbMwUYHfaFWHiJTzQa1Tku8BaU,raydium,1790714486,0.000002112,3910.52,2113,2113,0,0,177.88,177.88,0,0,0,0,0,4,0,4,,,-5.28,-5.28,0,0,0,1,CPMM,,,,,,,,,,
1791075693,DhVcpV6UdtMKATyQm8E6CvpJmy91HdPibe9s7uzkwYuN,SIF,HcQz4snRZv1UKJK8B4ZQEMCdDDtjU1oaBNXPZoudvhPA,raydium,1790716264,0.00001078,11111.5,10788,10788,0,23.64,451.64,1617.06,0,0,1,1,7,17,25,53,,0.57,-9.68,-9.8,0,1,0,1,CPMM,,,,,,,,,,
1791075690,BojxwXWYiLTGZn4E4PaNurkzqsH4TfinNk6nskkGUinu,INU,7Jo6YrNXQcFffECQf58YP3TF7tXRhAhXRdFfdCRZCNG,pumpswap,1790718377,0.000002658,2771.23,2609,2609,0,0,0,0.38,0,0,0,0,0,0,0,3,,,,0.54,0,1,1,1,,,,,,,,,,,
1791075680,6HoK71VWJKpnkNoqtWAhCQuRMFcmAtet3w4vvZC4mL3i,UNI,7b3j2SY8i1H43wDomBg6oDrRdshiPE1PFmxV3ZypBrk6,pumpswap,1790717907,0.000002836,2964.66,2766,2766,0,0,0,10.23,0,0,0,0,0,0,1,4,,,,0.14,0,1,1,1,,,,,,,,,,,
1791075678,4nfSLgZsLp3waeRyeXrW6uHu1RbhSqEb86JTV747gMo6,SIF,7VdUdmqyGfxki3QJAKw3zknQNhrJHs4HwUrwBvLPRUtV,raydium,1790717785,0.000002998,4537.97,2999,2999,0,0,19.94,23.35,0,0,0,0,0,3,0,6,,,-14.39,-14.06,0,1,1,1,CPMM,,,,,,,,,,
1791075681,6M8CWurfztGraRKK7y6Nz7pavLabYC2LwNsUzaEwpump,STAR,3XXAAECxqczrq9HD43zda7qVhRva1e3yiETbiv7Vn6iL,pumpswap,1790717957,0.000002811,2817.44,2735,2735,0,3.28,3.28,13.35,0,0,0,1,0,1,0,3,,-0.63,-0.63,-0.94,0,1,1,1,,,,,,,,,,,
1791075681,6jsmaNyp2g8cyBrW3y4WaTQuG5Zm9Qxj4ys4oViYP8Vo,INUINUINUINU,9Ut5J89iu6hoSemAKnCugB9LFgvcX9jTPRC1ZSwWBs4t,pumpswap,1790717795,0.000002700,2698.66,2511,2511,0,0,0,93.37,0,0,0,0,0,0,0,4,,,,-6.59,0,0,1,1,,,,,,,,,,,
1791075703,pdXfXZJgFnwNivUFyAKCw1DjH2X8eiJsdzM8QLcpump,ECLIPSE,2VNyys4JvNXLgQqozFEiTXdBbFJJLQzwNWjaAevnu1Jx,pumpswap,1790737299,0.00004281,16956.51,39911,39911,34.25,972.08,5674.69,37880.9,2,0,7,7,62,45,347,274,1.87,-3.26,-8.73,11.27,0,1,1,1,,,,,,,,,,,
1791075674,2KfbhUBYFMUoJgocJ8Wh2SEuuizuw1Bi7SK4Q5FER47H,SI,GzZaRugVALE4Ue6cqV9fs9XqNYPaN13qpu67dBWWkoxP,raydium,1790718702,0.00001701,13082.35,17011,17011,92.24,337.66,973.84,7663.09,1,0,3,4,8,24,140,157,2.87,13.13,-0.95,17.03,0,0,1,1,CPMM,,,,,,,,,,
1791075683,7Wh6rxVWUBFCNCWCz7nLaV7z3SDr2M6rFTjjWP6aE8p1,SI,DyVrHutNGpuGFgJzDxZVfpAUbUjo1XJdaN9aDLrfRj6P,pumpswap,1790718791,0.000007137,7401.85,6773,6773,0,2.35,30.27,420.42,0,0,1,0,3,12,10,52,,1.49,0.65,-11.2,0,1,1,1,,,,,,,,,,,
1791075680,69LUE1aKyP9DeKkRjZbmefXmj2VBJiorLGSw9oL83WCp,SI,4ovnzJLjNDch8YRzzbfzGWAxNEQbaLYEVLG3jnx46ctZ,pumpswap,1790719423,0.000003583,3820.74,3370,3370,0,0,6.15,15.05,0,0,0,0,1,1,1,3,,,0.65,0.38,0,1,1,1,,,,,,,,,,,
1791075680,5g8nL1JNuZdPWR9a5WyBjT4Xpt1KM1xbzd51tXUfZH3L,TIDE,3jUCQr3D5wxPgJtNB1tVkcKpqcnorntmh3jYbukW1tYY,meteora,1790720614,0.000002172,4271.36,2172,2172,0,0,0,541.82,0,0,0,0,0,0,5,5,,,,0.16,0,0,0,1,DYN2,,,,,,,,,,
1791075678,52KK9TGWqpSfanxb4rnBHWKtt9PTQ9MPncDkwgkP98Fr,P(DOOM),9KvmPGorUTovT7MxqusXYd6g2ChMz78ksEEUUJbMKbVa,pumpswap,1790719370,0.00001014,7662.58,9528,9528,0,111.73,1106.76,5117.64,0,0,1,1,10,16,48,63,,3.93,1,-18.15,0,2,0,1,,,,,,,,,,,
1791075689,BGKX2Vk5RMCrnmAn9kCnF6EKCVVFziX4GybEM2jhCV7P,BUTTHOLE,CT1kdk4eSX22QLVSfce7b7a6CxdNGMCA9QpjKHXmw5qP,pumpswap,1790721558,0.000002867,2899.89,2751,2751,0,0,0,0.85,0,0,0,0,0,0,0,1,,,,,0,1,1,1,,,,,,,,,,,
1791075674,2RFUG2WSvR3v4pGSGj5yNKiFrNM1EhyQWr4XvvHBpump,dotbook,2aYPEYk6Mxguhqfv6frMkFpNhiPZZYVunLspuX7GRqBu,pumpswap,1790721759,0.000004010,3814.25,3777,3777,0,7.02,7.21,83.91,0,0,0,1,0,2,2,8,,,-0.75,-2.43,0,1,1,1,,,,,,,,,,,
1791075693,DZ6RSpHaBaKBowHgaRvBCVeY7aEDBTRqVd23HUTbpump,FINGER,6Y79SAWtVQYbwDm46KSmWPHL1583yNmVNXD95xaa6pW1,pumpswap,1790721168,0.000002408,2533.65,2330,2330,0,0,0,2.41,0,0,0,0,0,0,0,2,,,,0.61,0,1,1,1,,,,,,,,,,,
1791075686,9SSe89entupJKK7bZ8WbaX1YY5b78CGUaUNzfGonst9d,S23,7tNGTSCr74J8ppxgNpz4nz5hFX2sjBm84p4ykibWgcje,meteora,1790886466,30.53,32126.42,167918705,167918705,0,0,0,26.87,0,0,0,0,0,0,2,3,,,,-0.01,0,2,1,1,DYN2,,,,,,,,,,
1791075686,9aqmJjCnnMQv42TXLk921ceUkN35nea2QP969n1caqjj,SI,7Nj7mBE7iVmjvnBHNvjgaz6G3ZktTHFNbf7aQDfZ7iNR,pumpswap,1790721877,0.0009350,127715.71,907951,907951,2184.78,67183.78,235724.45,1141531.96,262,92,1277,597,2462,1680,8567,6556,4.15,-0.73,12.96,-33.1,0,1,1,1,,,,,,,,,,,
1791075693,DtFkKBC3Cmi9j3SxBGRUd8gvBLw7nAasrvUJFB69yubM,SI,FFwYzQCxhGGeARtyDr77nsCHbXqSnKd3neUWKLaanwdc,pumpswap,1790721534,0.000007266,7070.54,7143,7143,0,0,3.31,107.88,0,0,0,0,0,3,5,17,,,-3.09,-3.47,0,1,1,1,,,,,,,,,,,
1791075690,CD6HVRQTtKarnXBsSYFageG8v2p6bpYigG5XHP7NCULT,CULT,DaEtdwaKktJwGEViMM8BHY2HpXAbkQhJ4LT75QXmyNA5,pumpswap,1790723870,0.000002809,2790.69,2570,2570,0,0,4,40.02,0,0,0,0,4,8,24,19,,,-0.39,-2.03,0,1,1,1,,,,,,,,,,,
1791075703,resideK2Ejv9apu1op2VBv89poumxCDCs8nzBxQ5q1y,RESI,Atwk3wi3U2u87n6c7gNdmipHKQgwJRM2c1qLXR3Z8Dbj,raydium,1790722960,0.00001595,13525.1,15956,15956,0.76,167.87,334.71,1461.75,1,1,3,4,9,28,63,98,0.11,2.47,-2.17,-3.92,0,1,2,1,CPMM,,,,,,,,,,
1791075678,4wvieob8DCAnNcDZFdRQ2aQrXuFRMvzSeKQ1Re6Qf5d6,ELONMUSK,AGstHMvPYL6dyNPgYdHBAK3kDGqr8pYA5YfBELczWw8m,pumpswap,1790722977,0.000002691,2666.94,2496,2496,0,0,0,1.5,0,0,0,0,0,0,0,2,,,,0.29,0,1,1,1,,,,,,,,,,,
1791075681,6iAj2oywQMiD9NeyTcW1S7UtG7e3jSK7Ud5ZJDqJpump,HI,FdFVc4hkRieRp9kBKNJpq1FxJYZbqrSi8PRy21MQvR27,pumpswap,1790721331,0.0005374,74890.76,524008,524008,6044.09,45995.49,176355.6,1444250.32,80,66,813,485,3526,2251,19475,13782,-4.68,18.49,28.69,24.31,300,1,2,1,,,,,,,,,,,
1791075689,BYaxkgDfkUApMgsXu4SiJ5yc6DTSfLxp6an3PvVVpump,SS,2dZavaJxjNCYKXDDFN7kqus1qAiiQhuMYefUvjGgpSLx,pumpswap,1790721326,0.000002612,2968.51,2575,2575,0,0.65,8.03,149.52,0,0,1,1,16,17,32,37,,-0.94,-1.2,-10.33,0,1,1,1,,,,,,,,,,,
1791075690,C1C3YwhdXxcpeKchuth6sNjmvgQXSqnoRN9UXucipump,SURV,3q4cbvFTtdE411dTRXxSBCqz3pDziPSCzFSHArXXCP22,pumpswap,1790712833,0.00004826,18241.93,45670,45670,0,64.25,2590.93,5537.16,0,0,1,0,20,16,124,36,,0.67,-11.76,-15.08,0,1,2,1,,,,,,,,,,,
1791075688,AptNRGC5JrCgqRCFY8My2XvKPaEUCwDN53qjHcdxJXbv,ABUNDANCE,4KDAHN6TzL1ejUFPrwYk7pmkWLVfDTEjhcZyfJXJM85y,raydium,1790724202,0.000009583,8546.78,9584,9584,0,23.65,789.25,7415.23,0,0,0,2,1,13,69,64,,2.01,-24.68,-30.3,0,0,2,1,CPMM,,,,,,,,,,
1791075695,ExiD1rNtp1GpxrXULjuVYJP7Diqfmdw1KWX6C4Vmpump,Bird,2tkPDQMJLCzE8dswjCMStZLKXZ4H2uRMfzQ7mJZZnypw,pumpswap,1790725389,0.000003374,3229.44,2853,2853,0,0,4.14,4.14,0,0,0,0,1,1,1,1,,,-1.29,-1.29,0,1,1,1,,,,,,,,,,,
1791075701,J47Jmw8ndwu6Vt6ZubD9C9VUVHi6uWsBE2XPsEjmpump,FKCANCER,GmidegQQZSu1GqxQKLmANEzEbHGCri86M2iQhY2ipidV,pumpswap,1790727007,0.000004040,3920.44,3919,3919,0.23,2.26,7.27,36.43,0,1,3,3,6,10,25,34,-1.17,-0.82,-1.05,-0.99,0,2,2,1,,,,,,,,,,,
1791075681,6e8LLHkqCTa4mzGuL1PoUxSfeHmDeceJ3DaJSSUNg937,ARTHUR,Ftejc2f8dKL9q9RmrtTen6aXPhNdbr8dvNvDbEx56p3H,raydium,1790725047,0.0005965,72611.09,596511,596511,129.99,8792.37,99057.91,417730.45,6,1,69,30,517,446,2233,2017,0.76,-15.27,-10.07,-13.36,10,1,2,1,CPMM,,,,,,,,,,
1791075689,Azjiz2uzEDUzUCgkVfoY2e3dwmCvkVLs3UymURppump,XSCAPE,4W7q2pZXS4wgqZrx4cC8Zf2L8ibj3UBxGeU375rZeRFw,pumpswap,1790728093,0.000004055,3767.59,2965,2965,0,0,4.41,8.3,0,0,0,0,1,1,2,2,,,0.37,-0.91,0,1,1,1,,,,,,,,,,,
1791075702,NFLX7qV57zuVxCoHy3s1jiGZyALraLNwttbxdvmYJLJ,NFLX,62sHycti7wLRMT16xA3cSpaiEiJCMBtjkLW2tNXUVmGL,raydium,1790712987,67.014,42628.59,380974,380974,0.95,452.45,13520.08,49933.6,0,1,5,10,84,79,277,209,,0.03,0.25,0.1,0,0,0,1,CLMM,,,,,,,,,,
1791075682,77k9bRPNj8yiGd36cgHkWmA6zbSveGJFpR4bcfDMpump,WORLD,3VYS32Xnz8JVPJgbLLd1gwEjBsL5ahaRmeNkaGe6vk2W,pumpswap,1790727935,0.000002452,2479.81,2361,2361,0,0,0,142.39,0,0,0,0,0,0,0,3,,,,-11.03,0,0,1,1,,,,,,,,,,,
1791075697,FpugGX9Ymtn4ShUHMYFiw5apNx2FFJ59GPFBWUT3qqsW,SI,HJZCF2y2H6Ut8riwYqDEjPmtRteLzqkiZUW2XMv3aiP4,raydium,1790724242,0.000002404,4040.9,2404,2404,0,0,11.19,37.21,0,0,0,0,0,3,0,10,,,-3.63,2.67,0,0,1,1,CPMM,,,,,,,,,,
1791075699,HBfgHb4h5BTg2hgZaP4j7VXHMxGQUgnr4oDXESKXpump,Comando,ApJcvYTXyyR9pMuAFL9atFqFKSbhswd5Ua3ATySha3K,pumpswap,1790729292,0.00001018,7610.91,9872,9872,15.77,238.72,3290.4,20472.36,1,2,8,9,42,55,194,202,0.83,-3.23,-43.02,-45.53,0,0,1,1,,,,,,,,,,,
1791075703,tZb9aZdDRS95vVqoKgphYZQnGScFV1gdggctvsJPSob,SCAT,9hMG87VapAn6ViTZJrRJNPLV6gbD4UnLT6cPVcxTno9W,pumpswap,1790729481,0.000002993,3012.21,2887,2887,0,2.22,20.11,58.12,0,0,0,3,14,14,37,34,,-1.2,-0.98,-1.22,0,1,1,1,,,,,,,,,,,
1791075701,HweDNAX8tt1UJt3stdsDeErLjZu6J5L9j2JzH54HbYBZ,DAD,6DvpJ6ZMGnve3xmrNhZLvSrUCWsVs5uJU5v7YnEE6gh8,raydium,1790729988,0.0001261,33085.21,126193,126193,0,0.09,401.39,8423.26,0,0,1,0,1,4,43,35,,-0.03,-5.09,-24.85,0,0,1,1,CPMM,,,,,,,,,,
1791075692,CmkQiFLz5Rirwvw9MXvWJz74UiVvvHTnRifCwqb6pump,Anonymous,CjrE8E814JyV5pHY9m7MkRppyEbGKMHSUogkDh7U7kD8,pumpswap,1790730129,0.000002661,2872.8,2589,2589,0,0.4,4.92,408.18,0,0,0,2,1,4,6,15,,0.3,-0.11,0.56,0,1,1,1,,,,,,,,,,,
1791075688,Agr56DXmmYX7wHcqvSGJweXFrSwGv3d6wbjmVqkxpump,TRENCHDOTS,BHoWTvcnb28VXMig6UX4Skzi4Anh745rhF9NDGkdfNen,pumpswap,1790735280,0.000006728,6170.16,6530,6530,0,0,339.74,756.28,0,0,0,0,3,12,10,30,,,-12.85,-24.66,0,1,1,1,,,,,,,,,,,
1791075683,7QNx9Me4nVvJrpcqFfvLs6ArNtPGCBwW7vAEiu9Spump,SUN,FgWrp3PkLWLF2doYX4xHPTP3iLJXgsBt92aAdGNx4tE2,pumpswap,1790732999,0.000002771,2834.02,2661,2661,0,0.23,4.54,9.43,0,0,0,1,1,3,1,12,,0.12,0.29,0.25,0,1,1,1,,,,,,,,,,,
1791075675,32jbu7pyiNeKcddMAc46fHhyoGm3Qa425fDwuupjP2Rg,NUTFLEX,2vtbPb1FPaTCCCC7VHsPRnu3fEzVv6NP6gnrMLZJaJ7E,raydium,1790727805,0.000005692,7719.82,5693,5693,0,17.54,28.48,574.03,0,0,0,4,0,10,8,27,,-0.91,-1.47,-24.07,0,0,1,1,CPMM,,,,,,,,,,
1791075687,AA1hANzAbftBU32KQCYfbsYnyMqA3uGCBeek1ZE5pump,cum,5jhXPqPvGQKtspx6J3axURScWQucPn7rzYj2XLLghKdU,pumpswap,1790733583,0.00001800,10386.69,17510,17510,0,0,313.18,2283.73,0,0,0,0,4,5,13,10,,,4.08,-20.89,0,1,1,1,,,,,,,,,,,
1791075681,6xCiwkREkYzLdnDcCV9uS3hBZidXuwkc9L9c67dQSTNK,supercycle,EGsGQN6dMCLd13Hpcj8pDCQH7a4NBPn3Mc4FuPbBnRMo,raydium,1790731754,0.00003059,16862.2,30599,30599,0,363.97,1472.47,25157.79,0,0,7,9,27,42,262,279,,5.06,-12.13,-4.92,0,1,1,1,CPMM,,,,,,,,,,
1791075692,CkwHHiPoEHteDTiYUuxGyqGW7tnkhAx7x8AxnwTEJeUw,NUTFLEX,4bi3erwDwwJJyspyqUpY9kncKxhdikDk5GKmD96ZAS7h,raydium,1790732263,0.000002427,4359.19,2427,2427,0,0,0,1.34,0,0,0,0,0,0,0,3,,,,-0.08,0,1,2,1,CPMM,,,,,,,,,,
1791075682,7PnnmFGcWzwWs5tLaRfTjLSw1s4AJGdXbu3kyUkApump,LionDad,6KrMGwFTAnKvMwZBQFNwcn2Z6W3CdqHT9ewSZGLNodrp,pumpswap,1790736623,0.000002871,2859.07,2766,2766,0.36,6.36,64.53,169.44,1,1,9,6,76,54,178,129,-1.08,0.51,0.52,1.79,0,0,3,1,,,,,,,,,,,
1791075702,UgmBQd9KArVb6q1uwhB8TT5t8Jgx5xVpxHZjU6jLUCK,LUCK,4X8M8T6FbTiCfd9yyX67ESV9RBfeCno3RJsfym4Y8F7F,pumpswap,1790733762,0.000004689,4329.71,4577,4577,0,0,0,2.46,0,0,0,0,0,0,0,3,,,,0.11,0,0,0,1,,,,,,,,,,,
1791075687,ADh5bGPJ3vEL7Vds69sec8CzyxUPWguMfhmuH9Rmpump,Chudlon,6VZgPjmxyMmceMM33dwNEf9kV5Avv2ByJQGk6HDnFvvi,pumpswap,1790734285,0.000003359,3411.59,3182,3182,0,0,3.12,35.57,0,0,0,0,0,4,0,8,,,-0.1,-0.95,0,0,0,1,,,,,,,,,,,
1791075702,Uh722GCeChAY7EgbGFMhK9TX1SMsUuYnMpw42Bnpump,PUP,6AQrtVqCtWTdKiZ8N2pT2mnpgFmUSngxajGZhFzo17G7,pumpswap,1790737298,0.000002555,2554.05,2397,2397,0,0,3.76,6.49,0,0,0,0,0,2,0,5,,,-0.23,-0.34,0,0,1,1,,,,,,,,,,,
1791075678,4UWwX3MknFzvdsy4YxjzE5y3WZVQpn7aHU6qxUqaSTNK,AI,9R9dKVv5VVLx8PFQywwx51Z3ux6bxD3r5QW3bHJW3cTR,raydium,1790734238,0.000002619,5050.94,2620,2620,0,0,1.22,1.22,0,0,0,0,0,3,0,4,,,-1.51,-1.51,0,0,1,1,CPMM,,,,,,,,,,
1791075697,FutN7pjfoJjEsfRG8BMtam2jtWdbg2up9HMa7dYwpump,Mitch ,5DSATobDv9idz7YQCenTUZeC3rwxTSc8LTttYr47zGfF,pumpswap,1790735885,0.000002955,3671.76,2877,2877,0,0,0,1.07,0,0,0,0,0,0,0,1,,,,,0,1,1,1,,,,,,,,,,,
1791075680,6FGnCoQQWmZUQuEgLV4Wtdhw9mLRwi6g5Q4rLS2ipump,HI,3J5QRMtKXuh4aETtiwHzJxPwYhN8qMu8KPCa1LxLEgNS,pumpswap,1790735434,0.000003812,3721.51,3688,3688,0,234.91,265.04,295.28,0,0,1,1,16,25,17,27,,3.78,4.35,4.94,0,0,1,1,,,,,,,,,,,
1791075702,WApCdQftZcRUNHN9S2XvmrqeRtRASE3EZxnwuNJpump,HALLOWINU,6oFYqfsSqApyhS1XN4VBB9uA5GpdAMp7RjiPMszXbUJi,pumpswap,1790641667,0.00003415,15442.05,32429,32429,45.5,870.54,4582.81,30908.06,1,1,17,13,111,72,522,416,-0.71,3.25,17.1,12.33,0,1,4,1,,,,,,,,,,,
1791075676,3b5fTE5NyvCtMgKcDkvt4vUW2KDc7mgUSW8a8XYVpump,sendor,AfGTgT5ukB1u2AZ7RRPRvvwNCKzSA43Lpk4iBcXhg1Dd,pumpswap,1790738085,0.000004013,4142.09,3469,3469,0,0.04,5.51,9.28,0,0,0,1,0,3,1,8,,-0.01,-0.25,0.16,0,1,1,1,,,,,,,,,,,
1791075689,B4eEfy7nX3hcAcH7dCYtahCVFiPXgpNSroZFhJZTpump,dotbook,D8KFQfjiMB8BoPNvSdHtmegQsXwCqdN6kRYokFD6VB7Y,pumpswap,1790735784,0.000003069,3140.53,2972,2972,0,0,3.86,3.86,0,0,0,0,0,1,0,1,,,,,0,1,1,1,,,,,,,,,,,
1791075681,6ZG6fMHaE7NpubJr16G8nFLBg91rH5kU5SVpqUmQpump,AIRPAD,4ApFQYGn4X18tCFwXV6PVWYmfvvJPm2jTs5yhdYvdSeM,pumpswap,1790737717,0.000004367,5529.32,4339,4339,0,0.04,141.69,261.31,0,0,0,1,15,10,32,32,,-1.28,-4.97,-1.39,0,1,2,1,,,,,,,,,,,
1791075686,9a2vQG6eQGmdJqvrVuAtXpvMQMokhLf7FHW1QJGHFvWi,NUTFLEX,Bz5Y8vjQ2jwriNmFZYkb7wMdzfova8SQfcF1Dp5yqFB7,raydium,1790731242,0.000003773,6031.77,3773,3773,0,1.03,116.39,203.86,0,0,0,2,1,6,3,15,,-0.07,-6.8,-1.77,0,0,1,1,CPMM,,,,,,,,,,
1791075687,AFBH55QbRV4u6ipkxHPJZqZdUwnr7UTX232ZYhFCpump,PRIME,4ZCxAsQAvtuCSsWKq3Yjhu6d9wfxBcGLsW7uJ6nqUbgP,pumpswap,1790739942,0.000002803,2767.94,2640,2640,0,11.38,11.38,36.61,0,0,1,1,1,1,1,2,,-0.69,-0.69,-0.69,0,2,1,1,,,,,,,,,,,
1791075681,6f2RHqHu2bAcbEtMYtH3ZMcVfSaZPJsiPigrd4yRshyb,ETHFI,EdUXP9wMp2gjArnRAFEC54A9dbpwntUM5wwL7mZZZQc1,raydium,1790742034,0.7703,770055578.15,770368000,770368000,0,13.18,43.42,158.73,0,0,2,2,7,7,25,25,,,,,0,0,0,1,CLMM,,,,,,,,,,
1791075692,CkEhC9Knh61GTBMi7KMFa5Na4Na86VnZVi82qZyopump,KAEDE,7MQHHN3iv7S41WYk44frReNsjM7sRnFXXxPkqdmq89kH,pumpswap,1790741842,0.000002536,2605.06,2443,2443,0,0,0,1.51,0,0,0,0,0,0,0,4,,,,0.29,0,0,0,1,,,,,,,,,,,
1791075695,ETneXyW9cy26bqTQ2Y38Nj6JUfKmzM4pwwqi2VeDpump,VeilPay,HRgttKGffKurPHEoRDguCeis4piS9gXkqe5sxZVcXshh,pumpswap,1790755322,0.000004085,3769.01,3863,3863,0.27,2.97,6.41,325.07,0,1,2,2,6,7,22,25,-1.05,-0.76,-0.78,14.78,0,1,2,1,,,,,,,,,,,
1791075697,Fba1XgGz8t44FAGeqrXFMkPVfjsWXG6eLnrAJECnSTNK,SLOP,7HzYi61Zrb8VXUr3o6dMB3ySqNif2exQtxpky3c9BaqQ,raydium,1790742843,0.000003375,5357.63,3376,3376,0,0,0,86.97,0,0,0,0,0,0,1,0,,,,,0,0,1,1,CPMM,,,,,,,,,,
1791075694,EDETAdjB1N8AARfoWWTwxeUJiNFjGAEhBv1JBePnagoh,POTUS,BoEM6zfdAKAXGMF2abSqYvJLk5jbC8RwV1Kr4ViBehr7,raydium,1790739633,0.00003864,22398.79,38644,38644,0,1104.07,11663.39,61631.13,0,0,7,8,90,79,456,405,,-10.64,-24.62,-38.91,0,2,1,1,CPMM,,,,,,,,,,
1791075692,CrJMt64s4P84ofhz6cGek9985fb8vQv7UhKRTVr9aK8r,enu,FQMwjPus2jSjpfvaddrTsz35x17ftUZ7rKhT22xgwXBC,pumpswap,1790741412,0.000002986,2971.83,2818,2818,0,0,0,23.85,0,0,0,0,0,0,2,3,,,,-1.27,0,0,1,1,,,,,,,,,,,
1791075693,DnC4X2axdTNZLofsap7r6EwR6YGEehxfw5t5RcR8qGnH,iPet,8KUWuSnGP4FKhKZXmGLT1DL9gYKBX3dZa7uaHNTTvwWd,raydium,1790743306,0.000006896,8139.14,6897,6897,0,0,0,476,0,0,0,0,0,0,2,8,,,,-17.93,0,0,2,1,CPMM,,,,,,,,,,
1791075696,FMjzvhNVHtyEZnC5W2CgwTy7vpeWor1ZGmrsx7HkCGWs,3310,6zdhaYg7yz64vxssnTpuZ9h412mmb6GARguSrjd2FkWW,raydium,1790604738,0.00001825,13569.44,18257,18257,0,19.65,491.59,4195.04,0,0,2,0,8,6,43,36,,0.58,11.26,-11.18,0,1,1,1,CPMM,,,,,,,,,,
1791075677,486U4LyqMsHUvCwNrxXDgZ94BZNuCJ5rPDEkssC2hJi9,BMI,3XpVuSzNjACcmWi8mA9s77ZaJYpJVVbQDdjPxSfr2C58,pumpswap,1790746712,0.000003158,3307.9,3062,3062,0,1.86,9.73,11.41,0,0,0,1,0,3,0,9,,-0.1,-0.63,-0.01,0,0,1,1,,,,,,,,,,,
1791075700,HdV17YZbXy8isu3VyvrPWdoUwB8MXDkDHrrr3SfHpump,pen,HYZeqDaHdeaxEMfRLXBpMTExQTKCJCnB4jep56pvF9SY,pumpswap,1790751054,0.000002441,2466.58,2352,2352,0,0,0,0.99,0,0,0,0,0,0,0,2,,,,0.24,0,1,1,1,,,,,,,,,,,
1791075683,7tBaEPen3FXpt4DEkXrnEbPKeDZRK8f5fHSBWYqqpump,FZ1073,CSQ4yvMpgdL9n5HBNFac45Qk6tkFMdPPCyYhL1MpDPCn,pumpswap,1790749171,0.000004167,4357,4010,4010,0,2.18,38.35,625.97,0,0,0,1,0,6,8,28,,0.01,42.41,-10.07,0,1,1,1,,,,,,,,,,,
1791075702,bsVFNjW9znB9LnWDXf7rQW9Bv7SXV1gqDRneZ2kpump,SI,AvU4CXfounqvXqyzBJP4VAbDeq1iyP5yojvRiGBnqyJE,pumpswap,1790751350,0.000002774,2785.38,2680,2680,0,0,4.5,86.49,0,0,0,0,1,0,1,2,,,1.78,-1.77,0,0,1,1,,,,,,,,,,,
1791075677,3sL58KKh2QdNSfN9VRz8bHGGU5zStdfManVHCTkhpump,PI,HEs7k4Q6pFKWx5ExpFvxfowoe4YaAfg7ZApeJdbGtPKD,pumpswap,1790749673,0.00007473,29514.82,72124,72124,33.47,214.3,15082.22,47577.5,0,1,7,6,104,66,440,345,-0.16,0.3,-13.15,-31.01,0,0,2,1,,,,,,,,,,,
1791075677,3pZt8USPo3VUzzS7AkpM3QrFqdss7R8dX4QpurPtgrcy,FI,CGRfumVijG2y4a9e9V3c8GgUmCzHSkAJz742v3XJ3GjZ,pumpswap,1790753691,0.000002456,2454.65,2326,2326,0,0,0,12.81,0,0,0,0,0,1,0,3,,,0.3,-0.18,0,0,2,1,,,,,,,,,,,
1791075689,B4KsyCAcB1hgXkswX8tmMJk4JX8aH2z5vWzZYSPgpump,GOCARDS,34Ah2TsHnspXNYq1GVXU5YkYhAP1JqqoQpTgNQhp1kou,pumpswap,1790752920,0.000006444,5933.97,6172,6172,0,0,17.78,127.62,0,0,0,0,2,1,7,16,,,3.71,-7.3,0,1,1,1,,,,,,,,,,,
1791075698,GJNoDukcP1cwMNgx84c8ibaTAkgnXxQDwAf2U3zjA3C3,Neko,EAbygutpwRG7r2Lu7xrwf7ykmQVmva1Y6f3jT5aW9sPU,pumpswap,1790751582,0.000004849,4467.06,4703,4703,0,5.13,7.73,3245.25,0,0,1,2,1,3,42,42,,-0.03,-1.45,34.33,0,1,1,1,,,,,,,,,,,
1791075689,Av6wmbqNiowHpmHx7J2j9mnuUcoey4fdkTkFwgVzpump,swarmdots,8azt6UrS4Pxb9ow4EZYQJSGxC1SU895vPGxLkcaqdaQf,pumpswap,1790751856,0.000003919,3982.23,3760,3760,0,2.38,2.78,64.77,0,0,0,1,0,3,1,9,,-0.14,-1.52,-3.29,0,1,1,1,,,,,,,,,,,
1791075678,4p4bAN4P6pdPW4o5BcdDWWRuJGyvEWDY8uSsHX23czv7,APE,TMerfsWqurc2DoZJaE24Mkc46eYBSZVszKaWzX9NRw9,raydium,1790755415,0.000004504,6732.38,4505,4505,0,42.37,91.55,628.52,0,0,0,1,3,6,7,20,,-2.57,-4.13,-5.2,0,1,1,1,CPMM,,,,,,,,,,
1791075679,5FQZRyHR2jcn7Z1HZd9F8iyBWFPFKi6pxicXoHRNpump,Inufication,CojwEcmhd4c5p99ZkGispiZ9755EBv66MpuME2vmSeP2,pumpswap,1790756094,0.000002907,2848.96,2504,2504,0,0,0,20.26,0,0,0,0,0,0,0,2,,,,-0.82,0,1,1,1,,,,,,,,,,,
1791075694,E7Eb6WreLwessrefQ4ooXcqgwKQredJq3KBHbt8bYpYH,Watermelinu,8PkSCGCEgzPNqYFiXSo48ZQu4Ykcqgt4PY9uQSD8T6q8,raydium,1790753962,0.000004426,6766.86,4427,4427,0,0,19.21,835.64,0,0,0,0,2,4,4,26,,,0.17,-25.8,0,1,1,1,CPMM,,,,,,,,,,
1791075690,BuXkyz4FJRpdh3jTmLYYAZUffqXt6w3J2LgfbRJzpump,Grail,7zto6sEiUSGQbGXhAXSGT5987qbHqC6hU4a2RcUuGaEB,pumpswap,1790757846,0.000002579,2627.17,2480,2480,0,0,0,15.76,0,0,0,0,0,0,0,9,,,,-0.87,0,0,0,1,,,,,,,,,,,
1791075673,26RJptVLvch6Zu2pm1Ftv6UYhbS1gLFUc7M7VP2Gpump,INUCYCLE,6fmEKZFSZcVS1CdQReCsrtRzVMXvXsbaantdH3f6mo9v,pumpswap,1790761207,0.000003409,3296.37,3278,3278,0,30.72,450.04,1935.09,0,0,0,2,3,13,21,43,,-1.01,-13.61,-32.97,0,1,1,1,,,,,,,,,,,
1791075684,85FZWfPr3s8VErzHdaaC4EdTedSXmhBDgzoJBGLDpump,Yaniv,2UGFR3svjFgFa3h6kHPSi7EBhvCzGkLxeytRny3PpmHM,pumpswap,1790760032,0.000003781,3567.98,3575,3575,0,0,43.69,3347.91,0,0,0,0,1,5,51,53,,,-3.6,10.56,0,0,1,1,,,,,,,,,,,
1791075694,ELXWi2EhoYbk1MuunPP1K4Fjov9AgQh6t1MQcptApump,TAIL,6Kqu3Cwipb56wZoxXaXijuctwqkyaZjpnzsrGeQBLsds,pumpswap,1790758327,0.000003208,3132.06,2845,2845,0,0,0.2,11.61,0,0,0,0,0,1,0,4,,,0.23,-0.32,0,1,1,1,,,,,,,,,,,
1791075681,6N5Rxp8pybYNyQhHexPanAmS3hx2XrSYpTtcu4vrpump,BI,7vdCDKHfozWJ8YNrQ4zhjSusr1t5dBUtFrAnPxwjHi7F,pumpswap,1790759721,0.000002485,2661.57,2402,2402,0,0,0,10.45,0,0,0,0,0,0,2,3,,,,-1.28,0,0,0,1,,,,,,,,,,,
1791075675,2mmdUJEdSyC4PUAvnHZA2G6vKtJ2x5J7AMXxcDcppump,enu,Fwh2ME95TL3avBfXTzdKzhCWCPpJjtSvmnhY6Xu5zx78,pumpswap,1790764078,0.000003681,3470.78,3258,3258,0,0,0,554.91,0,0,0,0,0,0,12,10,,,,-4.39,0,0,1,1,,,,,,,,,,,
1791075695,EbJJKtnawGPhfgthRrwsyDgrCc1smGUUYbK5WNAK5E1N,Gingitsune,EvXgqzUT6sGd4iz7mE8nYH32WZK1aDEr9hWXhoGkXfmZ,pumpswap,1790762968,0.000008234,6631.6,7892,7892,0,0.25,1109.7,13091.83,0,0,0,1,40,33,278,234,,-0.43,-4.09,18.14,0,1,1,1,,,,,,,,,,,
1791075674,28A9yL6RB6QKPy3hLonSbGKt2gWHucgCHbEByPp1Mf95,TI,3utUuvoyebJEoiJET7ydJ8ohwQ5MFZ1fA4Hh3bZvTyDM,pumpswap,1790762527,0.000002572,2646.85,2486,2486,0,0,0,10.62,0,0,0,0,0,0,0,6,,,,-0.22,0,1,1,1,,,,,,,,,,,
1791075702,aD2P7HNY4F5Pqp6QcBWEDAkEgcT1QqPUsafajS1AAea,QRCAT,4X16MYgMBAf9uW6X4isJzTumBXhmF7WSuRJf5S7M1viA,pumpswap,1790763094,0.000003340,3424.65,3134,3134,0,0,2.32,84.45,0,0,0,0,0,1,2,11,,,-0.03,0.17,0,0,1,1,,,,,,,,,,,
1791075673,218icBZfvE7YGiW8trMjea5MGyWZKrjFtBCQsTmQgvPy,daraxonrasib,VhQqNjynKicaEU1M5PiKYt7kyEkZ6DnVPA262H1k7ce,pumpswap,1790767365,0.000002512,2533.52,2421,2421,0,0,0,288.05,0,0,0,0,0,0,6,6,,,,-1.64,0,1,1,1,,,,,,,,,,,
1791075687,9twiuSdTVkwtAC9XQDG57dFRhF4iqPih461HJfMZKci9,Saw,ATrJhrc46UkY4gTmJry2SUZvtaLJX3LydBufPnkWHTC3,pumpswap,1790766389,0.00001308,11062.03,12859,12859,0,107.15,2690.3,12594.03,0,0,0,5,17,33,134,161,,-2.55,-15.78,-22.75,0,1,1,1,,,,,,,,,,,
1791075699,H3vfXFZfFQnba2NV2seTMBdY92yLK2VJHsppUzYv6ua,GENNYWEALTH,HnFFnT64a5YYSUgNYt4Kr6qvVFr4FxbYLMngTU7kjWLH,pumpswap,1790767464,0.000002508,2581.75,2446,2446,0,1.14,10.13,29.27,0,0,1,1,14,11,35,34,,1.53,0.19,1.25,0,1,2,1,,,,,,,,,,,
1791075686,9EPCWPC4eqhYXKeL8qgAUgSzrkvvk1D4ygayeVnw1vsS,fudcoin,DJeDBGYfPwu12BPHyjQoayt1o5Eh27dkvLRdxVaWB8eX,raydium,1790768590,0.000002674,4726.54,2675,2675,0,0,0,72.84,0,0,0,0,0,0,0,9,,,,-3.02,0,0,1,1,CPMM,,,,,,,,,,
1791075684,82MP84Vjfxd21VHup3jjfJFcsr8SAji9MHy7VHCeSTNK,CROOK,4xBbEPDybPz2Pn5wUyte271C6rt1vvLosHWvQW3QzHxh,raydium,1790771243,0.00001666,13678.47,16669,16669,0,96.58,9843.1,18197.83,0,0,2,2,69,55,142,149,,-2.29,7.21,-10.47,0,1,1,1,CPMM,,,,,,,,,,
1791075685,96u17tapbFpuob6QzF3hUwseJ92PZfheachP51Vxpump,ㅤㅤㅤㅤ,oGHDtWqyp7vhLTJkKKN5Wa2BMq7dFgVpLC3XqUHkDRo,pumpswap,1790770499,0.000002519,2557.24,2411,2411,0,0,2.56,4.19,0,0,0,0,0,1,1,4,,,-0.32,0.38,0,1,1,1,,,,,,,,,,,
1791075697,FUuH1aufXBQQwUJGQPErV9Pa7d1dvv4iuRhrf1A3fvR3,terrafying,56cvMnUZnZzVDa4c4bWctU1sMDiKApdFuDLXS1r5Q3Jv,pumpswap,1790765922,0.000004389,4793.68,4264,4264,0,496.09,3556,12607.97,0,0,5,6,29,29,117,116,,1.46,-3.91,-1.97,0,1,0,1,,,,,,,,,,,
1791075675,2e7TzGXZfJ72jxviM6kxqWVbH3dndh2TrHzwg3cZpump,Pain,GeHprCgwQrbWS97e4JZQZwBBHWy7zJtqx6ijKoeCorkQ,pumpswap,1790769450,0.000002979,2937.72,2814,2814,0,0,17.85,505.89,0,0,0,0,1,1,6,6,,,-1.35,2.13,0,0,1,1,,,,,,,,,,,
1791075691,CFvZVEqFDbtM7uVbfHtNr2AFgrKfsDJmC6domGmmpump,SU,5kwtYFTJ9NX2HChkBwnhe94pemyesh79HxCN11wdHi4D,pumpswap,1790778198,0.000002888,2834.19,2680,2680,0,9.92,53.19,77.7,0,0,7,3,21,16,29,29,,-0.53,-1.94,-2.74,0,0,1,1,,,,,,,,,,,
1791075703,r4i2PJiJBABUXQNmh8UxbdLBAwTsRTZs4t4V3Gfpump,COMANDO,7N6kV54HiBbAvNUYuoc3DXhWxDzJSFZUrKN2o51Sawy6,pumpswap,1790770749,0.000002594,2715.53,2506,2506,0,0,6.45,11.33,0,0,0,0,4,5,12,13,,,-0.44,-1.47,0,1,2,1,,,,,,,,,,,
1791075690,BorF4sub6GwbzTTuMDMjUn6qCMLx33Rz5oUKyzbnpump,daopad,GosRPstAgr64rtsNRcKY4KkyMiRvr6UjJ23t1izrWFVx,pumpswap,1790773064,0.000002585,2618.57,2470,2470,0,0,5.06,5.06,0,0,0,0,1,1,1,1,,,-1.33,-1.33,0,1,1,1,,,,,,,,,,,
1791075698,GAcNBm6iE2MZdqGhyu7Wb1wTDm8esU2BMQk2bX1ipump,inustable,3KFGr22GoKWBNt2QoCCsopQCChvnbJukHCAWHn1JvN6Y,pumpfun,1790772949,0.000007495,,7495.03,7495.03,0,5.13,1976,7533.56,0,0,0,2,15,15,66,73,,0.03,35.39,10.99,0,1,2,1,,,,,,,,,,,
1791075679,5Sg1vv51KGCSDF2gBHgbNATCEXFjYtVhWgztNUwtgJYD,HERZOGIAN,HvZwXKakSprc6EA3qiDqjy89DPYNuuXFPFZQ6GE8mBoy,pumpswap,1790776412,0.000002414,2444.44,2330,2330,0,0,0,0.33,0,0,0,0,0,0,0,2,,,,,0,0,1,1,,,,,,,,,,,
1791075684,8XJgoo3yrkEBh84sx1dtysmznWG4V9Q5PBVVbs2tT18J,PIKAPOT,HvyKKmaZ3TDEMQXPwmcABCHCN6Mx3jo1RnWGZTCL3QWu,meteora,1790776701,0.000004698,8028.85,4698,4698,0,3.13,136.93,864.31,0,0,0,1,0,5,11,21,,-2.76,-6.94,-7.04,0,1,1,1,DYN2,,,,,,,,,,
1791075691,Cb2pMbsRRvaeZoxpRqnTP6k6hLziSUf5pnqW9Jx5T3Wz,SGI,H2zaAYAEcyCK2h2NdyrzzToo8yhEjYJLdNo4A9Vz2RkJ,raydium,1790775436,0.00001950,14771.02,19502,19502,0,279.63,3432.87,20149.08,0,0,6,1,36,37,277,211,,-1.63,-32.98,-43.15,0,0,1,1,CPMM,,,,,,,,,,
1791075698,G9Q51Jf7SYer6xv83UCa1myUCTcivMqAEVvUhA8ppump,BAG,6Epj2rWCAfqzhMKWHJE5RQjJ6gKrjUZF3kVVPfqWqRxH,pumpswap,1790793837,0.000002628,2604.26,2409,2409,0,0,0,27.45,0,0,0,0,0,0,0,3,,,,-1.06,0,1,1,1,,,,,,,,,,,
1791075702,RuDKzjxqfv3Tq3X6dqSX1JrphXxXV3xntwPNdFrdDvE,HERO,642EHMvBRtryZZs11kC2RkbR6nF7BrYEm5EuszsGy3Go,pumpswap,1790775144,0.000005040,4450.94,4758,4758,0,0,136.78,1252.65,0,0,0,0,3,4,22,35,,,-1.86,-23.37,0,0,2,1,,,,,,,,,,,
1791075697,FSCgxyQNdw3KfZpN2nLNzoWepDqU6GrFLGVQBmYNpump,NEWPR,BYZfHs4M6grXDSfi5bxXay8Mj7LTnA3XsPSRkWws5Z2b,pumpfun,1790721053,0.00002110,,21108.04,21108.04,0,0,0,16.01,0,0,0,0,0,0,0,2,,,,0.74,0,0,0,1,,,,,,,,,,,
1791075682,7BEWiqDzUKMcTRD8nKMbHcUivHmzkWv2J9St5HBEpump,EVEN,6ucxuwb2gzBK3PjWPSWiSLySFDPbpFX59a8aDrD5EBso,pumpswap,1790778348,0.000002488,2493.6,2319,2319,0,0,0,0.39,0,0,0,0,0,0,0,2,,,,0.13,0,1,1,1,,,,,,,,,,,
1791075681,6hatGWdZbBFuLuicNXGRDStqkGN9mAyfZBTkusUrjLoM,DOTS,TvqCrL7NPCW5sK2qWGLtSNaciB3E7gDtZijfVNZMVxi,raydium,1790776725,0.000006656,7416.4,6657,6657,0,0,721.99,973.82,0,0,0,0,3,1,10,8,,,-21.72,-24.7,0,1,1,1,CPMM,,,,,,,,,,
1791075674,2PuJ8eLNWeHLhG5YR5SD4mNwkQGduBiW2CWPuYq3vUPy,FLOYDEX,3phDmoE4yJF5abDCHawnPQSpGex7MeQe812fAXqV2bG4,pumpswap,1790794690,0.000003113,3018.51,2846,2846,0,0,2.03,273.64,0,0,0,0,0,2,2,13,,,-0.64,-8.56,0,3,2,1,,,,,,,,,,,
1791075697,FU36e3gRF3oJUgef7Xn18JPUQRuN548S8PhL65rECaYV,SARKA,ALxHEmdDGZayJJVMqiL8ecm8rkRNH1wvJvoSj9kT8Tve,pumpswap,1790777589,0.00009040,27828.71,85913,85913,4242.45,5695.32,94717.57,242820.68,22,6,32,23,523,606,1615,1511,-15.15,-14.45,-14.17,-70.62,0,0,1,1,,,,,,,,,,,
1791075685,8acLTgfVBH5zExB2ez3kE3B7xH2xevsRusii7d8UfdPc,mINE,Bhvo33uf2RH7tFufWYsgCMYz6MZkbsRP3qmmdz5vPFeD,pumpswap,1790779282,0.000002801,2762,2612,2612,0,0,0,11.15,0,0,0,0,0,0,0,7,,,,0.17,0,1,1,1,,,,,,,,,,,
1791075689,BRJmyGPcHmNxLvFrTquYRTigUHuhirs3WQSh4bpLtS8H,ENERGY,4aRbBUVsAHyurhK4YeCHG3JpWStgHuJko3jtAkMd1eFm,raydium,1790780554,0.000004354,6071.52,4355,4355,0,0,2.12,750,0,0,0,0,0,1,14,12,,,-0.1,-5.91,0,0,1,1,CPMM,,,,,,,,,,
1791075685,9ADdpSfz2kbsCndjCoLFWq8fRx3Tt21iRnZPTwghpump,DRAW,7fDzQw3fMXbYeSGTdb4ZXUjghmGzu4ztK2485nDU687P,pumpswap,1790781538,0.000002520,2625.82,2454,2454,0,0,0,5.22,0,0,0,0,0,0,1,5,,,,0.32,0,1,1,1,,,,,,,,,,,
1791075680,5dw5MXrnW4wbqerxhUr4jAg92BeRjnux7Nf5RKHhpump,REV,4FgGgugQJXpxY3ZN1cjXLJajYECakM86W6BDcwC2mXV9,pumpswap,1790843817,0.00001280,8344.35,12254,12254,0,11.41,16927.33,31158.89,0,0,2,5,141,126,304,257,,-1.14,-4.42,115,0,3,1,1,,,,,,,,,,,
1791075677,4BZ8LdoevaanYBxEZivsSiHv9Jx1zjABijKPzwDWupLA,JADOODOO,Gc8C4nst9kmY5CncCBq89TLE6PuuXDVAMibeF9hjb2rg,pumpswap,1790782975,0.000005852,5015.7,5498,5498,0,1061.74,3081.82,12460.03,0,0,13,15,33,40,112,116,,-11.68,-19.42,-23.16,0,1,1,1,,,,,,,,,,,
1791075685,8zWcEgUZvQKcHgtUoYTnaC6AHX7FmtWVV9WeM4kPuXMR,COVERT,HqAcDG5dGaWX7PRLobb8zRMVnAE2KH5Co2Tg62jBirr7,raydium,1790719987,0.00001229,9549.18,12290,12290,0,49.05,1288.78,4537.27,0,0,1,0,20,17,77,82,,1.68,-20.22,-6.87,0,1,1,1,CPMM,,,,,,,,,,
1791075703,wTv7FZouuPtAab3i5sYH8xwaZrvxahG6zrirwW8dare,DARECAT,6Mm1b4gwWQKAG31b3zwcfM4anr8eJp7ABVk4qRTQJL1A,raydium,1790779952,0.000008359,9712.5,8360,8360,0,0,1572.78,2619.44,0,0,0,0,2,27,17,81,,,-32.89,-19.18,0,1,0,1,CPMM,,,,,,,,,,
1791075688,AnDrZSSzsFHJVGM3p32Jn5KXoqiXbbiA365WGfuxpump,FLARE,nxxeXqz1VPzW9GVrrbytX6Nv4yuFVobxHrp4DNQRhto,pumpswap,1790783472,0.000002405,2468.52,2317,2317,0,0,0,2.25,0,0,0,0,0,0,0,1,,,,,0,1,1,1,,,,,,,,,,,
1791075680,6BLbav5mMbuETvk4dBdm4BE7NL7yZeZdbd2krNmtpump,GLOBE,B8y9pzCC9hBAzoPaj9EDh3TtZk3Dy8AMLqB3PBtw1jEk,pumpswap,1790785614,0.000003018,2943.73,2609,2609,0,0,12.81,36.04,0,0,0,0,1,2,2,6,,,-0.37,-1.03,0,1,1,1,,,,,,,,,,,
1791075699,Gu2bpydt5bHVHtko5vvsWH5KQUT3Wxvt6hzYvKdND6ur,si16z,Vptu7kbcUHWNHKSCw1Qn1MhgP9fqKmQnTAzTqETCAs5,pumpswap,1790784420,0.000003267,3403.78,3171,3171,0,0,0,102.23,0,0,0,0,0,0,0,11,,,,-5.94,0,1,1,1,,,,,,,,,,,
1791075677,3oARogngXJLFnSMSooDq3V3DLgthusQWeNXD7RE2pump,GrokSaw,ASCNoNrXxdr2xNVa47CG5BsMbkhRDN3hUf2gDwtPdttn,pumpswap,1790783933,0.000002499,2499.92,2376,2376,0,0,0.07,1.32,0,0,0,0,0,1,0,3,,,0.28,0.17,0,1,1,1,,,,,,,,,,,
1791075691,CJS2EN7zGiZhVAYXsHqdXQJvNk8niiH2ZR9oWcrNpump,Arthur,9MPbUqaHVN3QMEkDQS5PgsuKcbsUkygq4cVkE1jM7zjQ,pumpswap,1790783228,0.000004133,4351.6,4050,4050,0,1.22,37.66,1202.87,0,0,2,1,6,6,42,43,,0.43,1.04,7.86,0,1,1,1,,,,,,,,,,,
1791075674,2Q8GA37vB3LfTJ4KwLFbPDCvJWTSohsQz6XLKSTSDyhg,SLPY,8ri7XZPaKZjwE5SwVM74ycUszNi8kizLqa9oSkkyZjTx,raydium,1790786119,0.000002518,4637.89,2518,2518,0,0,0,0.31,0,0,0,0,0,0,0,1,,,,,0,1,1,1,CPMM,,,,,,,,,,
1791075703,mXrsF4j1M4SoLvUzq9MiPN2xpGE21kDR2bTSdZipump,BSI,AQcFvbNB8b3hBtxdz6sM7FPPswPwrm25rFLDF1zetpkE,pumpswap,1790786591,0.000003577,3429.3,3284,3284,0,0.78,1.9,2310.41,0,0,0,1,4,7,54,54,,-1.32,-0.19,0.46,0,0,1,1,,,,,,,,,,,
1791075691,CdDrjtJTC9JELJPZNdzo68r1ixGZfndMo1r9hFZFPdEn,LONG,CncNKe4cvaFFX2AX1hRcqiExNekr9RzQn71kahM53S2Q,pumpswap,1790785458,0.000004084,4296.49,3994,3994,0,0,0,0.14,0,0,0,0,0,0,0,3,,,,10.55,0,0,1,1,,,,,,,,,,,
1791075693,DtNL8UUfTHsgzLV1mH171p8hH6mgzq7W66eXMYCekHZG,SI,732i71A4H76vpajPaJm6VvfCufBCBXoSDovrrwDhfRij,raydium,1790785167,0.000003837,5725.91,3837,3837,0,53.36,93.63,278.68,0,0,0,1,1,2,5,6,,-3.52,-5.78,-8.99,0,0,0,1,CPMM,,,,,,,,,,
1791075690,Bd9thw3PAeyHeBGSi4R1ARBuptpG5rM4fhB8BRWJkq1e,glungus,7brshHG5ijCodns6PUiA4qWMjqDLowtQE7x1ghwrDZag,pumpswap,1790671701,0.00009852,28009.64,93831,93831,183.31,2300.58,35442.03,165849.07,3,1,41,26,357,243,1368,1033,3.09,-0.92,-25.04,-21.95,0,3,4,1,,,,,,,,,,,
1791075680,67pyUBgbBKjMumTz4ZnQp9GaX3ag1JNVAMoLeyMipump,SIC,Eg3QubsCgMz6nCAqSn1YSGns2b9eeveg2jiuWb9RfWcB,pumpswap,1790786732,0.000002361,2532.34,2324,2324,0,0,0,20.16,0,0,0,0,0,0,0,2,,,,-0.75,0,1,2,1,,,,,,,,,,,
1791075673,12AjaFcA1HAMR6SDctsooijm4ixTasYwvoWiKRptd33p,D33P,7DqVkLUnJYtfAEerLV3xJNwY8TEEdx2gVJJ31V38R3iL,meteora,1790788261,0.000003488,6609.94,3488,3488,0,0,107.23,289.28,0,0,0,0,1,1,3,5,,,-6.33,-13.18,0,1,1,1,DYN2,,,,,,,,,,
1791075677,4JqE6KecmNzSSYfHiWQ5g1rGqCACqYDsxHtcaqMfpump,SB,BcPkC9aaxPVZ21GLN33WiuuzuiPSzJ3iPja1BEMS7KZD,pumpswap,1790788857,0.000002350,2378.74,2268,2268,0,0,0,16.84,0,0,0,0,0,0,0,1,,,,,0,0,1,1,,,,,,,,,,,
1791075694,EH9vKKVJJoxULovwZZ5seSot3ofdpeMTxWjE9tCSpump,ZI,8e56Qs85AJMfSmQGwTnfxC4V4swV54rmzSRUndqSGYps,pumpswap,1790791766,0.000002652,2624.45,2529,2529,0,0,14.14,63.62,0,0,0,0,1,1,5,3,,,-0.54,-0.99,0,0,3,1,,,,,,,,,,,
1791075697,FWQf2kYPxWbggMj5w84H42gSdPcbgDwjt9uwUyYnpump,BI,3Qniv1KQjeredfait1yrbNwxn5hDYAYThMzhqoPYNZuB,pumpswap,1790785740,0.000007519,6107.83,7266,7266,0,27.39,394.63,2015.79,0,0,2,2,16,12,37,46,,-0.51,2.96,-23.79,0,1,1,1,,,,,,,,,,,
1791075687,ALdiS7dN9HaRVbFmFaQw4a1evUxUD3r3M8vTc1HngW2u,BI,4WdgSAnovHp7fiZXNAbZXhzZMVxBkp4bVZWRMGwdABkE,pumpswap,1790788427,0.000005768,5587.65,5665,5665,0,47.7,337.45,15653.08,0,0,0,3,5,13,163,177,,-2.77,-6.12,-20,0,0,0,1,,,,,,,,,,,
1791075681,6ZEaWsvHJ5qeXgaDodZGvPZj3Nxs9ErCt2NkYYt1LFPv,PeaqX,C2qfTYrZ8C8wtQkACigdoEpuzbBwWU1xzEbVbrYkDYTo,raydium,1790734558,0.0001252,33015.15,121402,121402,0,2400.14,17243.17,41230.42,0,0,11,9,75,65,211,197,,-8.34,-34.59,-18.81,0,1,2,1,CPMM,,,,,,,,,,
1791075699,H4r1pbLaDK7bsJLinP32fYqFBBP6CKJPDdEN9kWJk2MV,Private,92yWnKKTzE2Ku8e3ehnSo5Lu6aufXE7dpHpicEWNToyy,pumpswap,1790790931,0.000006075,5559.2,5704,5704,0,0,2.34,1259.92,0,0,0,0,0,1,9,12,,,-1.75,-15.17,0,0,2,1,,,,,,,,,,,
1791075696,FACvJMFBWQ1GYm9dgZ7XHvs85V1EcK2SqHf534kspump,ZYROX,DA5uVLo9YU7wrS8ehuu61ujQkRzGGXSQ2oGdZRn861yg,pumpswap,1790788686,0.000003489,3510.31,3443,3443,0,0,9.94,35.27,0,0,0,0,1,4,3,13,,,-0.39,-2.36,0,0,2,1,,,,,,,,,,,
1791075695,EbHLDHnVB8cUTitL6X6eRVZM2E2kYAz6Wy7qRHu4pump,SC,9uaMyC8LYrNjEDUV9hfWxDcM45wvf9NpiX4V5tfYet7,pumpswap,1790871154,0.000002915,2852.47,2775,2775,0,9.14,9.33,97.1,0,0,1,1,1,2,5,11,,0.51,0.13,0.13,0,0,2,1,,,,,,,,,,,
1791075691,Ca5RnSFTTCrJ4khNnPAWVvozytYhHUg8PXnzdsnxoP95,zilli,EUqKY6xx9EFexL8mpZEQbxXCnFd6D8mXhgkMhvukwvKm,raydium,1790770303,0.000003611,5514.07,3611,3611,0,0,3.66,265.04,0,0,0,0,1,0,6,7,,,2.39,15.43,0,1,1,1,CPMM,,,,,,,,,,
1791075690,BrLhG5DpphFZHE5hhhjY2iZ4HFAfu7e2dXB2h1Czuvba,gs,81vrem5VTEKFDKrYFS9Z54EBXjJvQbgAibz6RZigohWi,pumpswap,1790789368,0.000007849,6496.75,7688,7688,0.94,6024.26,7271.57,11998.84,0,1,63,47,75,60,115,111,-0.04,22.38,32.53,10.01,0,0,1,1,,,,,,,,,,,
1791075690,C5LjFTBeszZEZsQfgwawF4rzdupygG48ATcaj5zcvom7,UI,DzfnubcByqUwVQmVdxeZtdVwN6PNcacoKZVbyobUmRpg,pumpswap,1790792596,0.000002994,2924.84,2645,2645,0,0,0.9,4.07,0,0,0,0,0,1,0,4,,,0.16,0.03,0,1,1,1,,,,,,,,,,,
1791075679,5TBCibHHUqAgwsYNACGKrjAH2FQxEzFCiXyBaWpHpump,fam,AWKJYHcS5xTCq871s8YKmea4tDswkMSRzGcXpNQGXc37,pumpswap,1790792487,0.000002505,2524.5,2382,2382,0,0,0.03,0.57,0,0,0,0,0,1,0,3,,,0.25,0.73,0,1,1,1,,,,,,,,,,,
1791075689,BHFHzyjNrkf3brSktJSv5nqfS3CLVTueZSqGf8mbpump,CA,FqegzzBsTiUr93vSD5BdoJGuSmrR469FWuKzS8ftjcPT,pumpswap,1790791994,0.000003359,3548.7,3286,3286,0,7.92,1705.68,2083.46,0,0,0,1,35,33,40,43,,-0.13,-36.67,-32.12,0,1,1,1,,,,,,,,,,,
1791075702,VSoFduVq3HP7iYZ9H1EruWpdwfGpTcURPwgGwyCS48f,VSOF,ASw2apjb4EvS7zxq1BGtX9wXBBMYqUr5PHEfooq4EfcE,meteora,1790781290,0.008000,149677.4,8000132,8000132,39.47,2704.47,11779.34,31926.6,2,0,13,5,65,23,288,107,0.11,0.19,0.66,8.53,0,1,1,1,DYN2,,,,,,,,,,
1791075681,6XNdGz7yPugz4ZcWyBssFMkBZ91KmyDeqtjapUJ2pump,art,DUBqksNtrzKiyAQ3rH5MnMkAFz6n9rxFZSt663QMZ9U6,pumpswap,1790790523,0.000002646,2620.22,2505,2505,0,0,0,23.59,0,0,0,0,0,0,1,3,,,,-0.17,0,2,1,1,,,,,,,,,,,
1791075695,EsT61WMFMja6vJYPnXJHv4s9SeEic3bUABrbADPGMRUN,UHI,DEh1SgW6UZoZQXSDxxkSFeSyJqZBdE6EuGwFpPX6xYiU,pumpswap,1790790533,0.000004242,4230.12,4126,4126,0,0,500.88,1840.31,0,0,0,0,2,10,18,34,,,-17.35,-31.1,0,1,1,1,,,,,,,,,,,
1791075680,6LZ4RXi7N6tRxrYrDZw8HxAvDQVgPmh9LWAP7ettpump,SUPERFONE,BVLDDschEmYXjrEx1YVo4zSwdQCC8LcxFGV6ZYmEu6wF,pumpswap,1790791697,0.000002609,2899.26,2519,2519,0,4.68,4.71,93.36,0,0,1,0,1,1,1,2,,1.46,-1.55,-1.55,0,0,0,1,,,,,,,,,,,
1791075690,BizeLNXEQjrTjmtQbNA6Qi22h5HKQe9Gjwys3ZkT1Nc9,ELON,Bq6qtrFcr1GdVhmZYCNKBBi9oeN1MTvET26J66zf9giT,pumpswap,1790789710,0.00002853,17323.3,27507,27507,27.22,974.23,4420.1,59459.1,0,2,13,12,75,61,473,393,-1.79,9.69,-15.1,-74.74,0,2,2,1,,,,,,,,,,,
1791075701,JCX5nDG99k1CWB9AttJ3U57NmjSgnCoagFaZhqfEf7Ah,BANDIT,6L2q7ZrUQCzUBm7RHV2w336ZCVVrVGqA6z5oNmQmUidP,pumpswap,1790793667,0.00005807,27061.74,57772,57772,290.72,1179.32,16606.53,114176.44,4,4,16,18,191,178,1062,884,2.1,3.87,-44.08,-58.89,0,1,1,1,,,,,,,,,,,
1791075689,BLekeyrGWfyBk1YSuwvoSULeh5wVS1EEUfgg2aNbSTNK,AI,7kcbMGRyt8SnGVqFx93JzckV3MPXT1MhJAYJgpzW5w8h,raydium,1790793309,0.000005344,7298.16,5344,5344,0,0.17,0.17,199.65,0,0,0,2,0,2,4,14,,,,1.78,0,0,1,1,CPMM,,,,,,,,,,
1791075696,FEYNnky1Jp7xfrTnR5U93qBM79RxYkQibzTaR31fdxqS,FEYN,DP7hdCfAt6Ny94b96RjNYSgUSRdfrT9wiDCtVjn6T3bP,pumpswap,1790792629,0.0001086,30477.07,105756,105756,0.98,1242.43,32602.2,65307.76,0,1,15,16,226,154,562,410,0.08,-0.08,26.16,-4.63,0,2,2,1,,,,,,,,,,,
1791075687,9rJsqPD1UqeXo1dgPybwTKm7Luga8bXVQ5A3EiYFhfeA,SI,7ecRqpsoJ3A7YsQEyp4HgnjXA4g8AzESfi9rhBNGiWcW,pumpswap,1790795908,0.00001165,9534.48,11288,11288,0,211.9,1077.68,8650.08,0,0,5,3,26,36,96,149,,3.02,8.01,-45.7,0,0,0,1,,,,,,,,,,,
1791075676,3MPnePgPguPF2cNjtGdHeNofSkg9Kn7Pn2vt6kr6pump,LAB,D9U53oJwBRpVEe5aFLp47wKPvsYYCKjwsE8K4ENzszMJ,pumpswap,1790796855,0.000003598,3761.12,3371,3371,0,0.18,0.18,22.99,0,0,0,1,0,1,0,5,,10.3,10.3,11.02,0,1,1,1,,,,,,,,,,,
1791075681,6YifLyqFUBeGbfscoUpFCabELFuRBejHXFMobKRppump,PAYOUTS,EmZd2ZYunPQ3W9Mtu1iCR7uKKJUhjfbZRGqCU92tSZCE,pumpswap,1790796692,0.000002455,2544.76,2371,2371,0,0,0,0.25,0,0,0,0,0,0,0,1,,,,,0,1,1,1,,,,,,,,,,,
1791075703,qntUzPUsJ51abNP7VYNxkmsQ4RnvEZAhavUxsCxpxH4,QNT,Lo5TQRbpUAA74P9p4WkcMyx6sEBKwT6oxXCcfhtp7PA,raydium,1790797562,263.51,82292.9,506782,506782,0,3222.7,24981.09,97754.68,0,0,81,1,199,276,890,1106,,2.38,3.38,4.23,0,0,0,1,CLMM,,,,,,,,,,
1791075691,CE9u77YGea7MsWK2cXMEcSE8Gpp3dbkWWd8iG4eMpump,inuvestor,EEENNP8xw1W29tfJB2YCjXW1ZS2pjTdqfM7KccixK4Jt,pumpswap,1790799607,0.000002420,2460.41,2324,2324,0,0,0,23.25,0,0,0,0,0,0,1,1,,,,-1.27,0,0,1,1,,,,,,,,,,,
1791075697,FTa2QkKrc1oSkLciZCMS1o6zpRB1L8TZVkiPy56VQX4u,TEXTR,57sTxsma1pbg85XfjZiqpUrbnVbiBoRBsSMrybSpsc4u,pumpswap,1790799059,0.000003008,2970.68,2877,2877,0,0,0,6.07,0,0,0,0,0,0,1,3,,,,0.06,0,1,1,1,,,,,,,,,,,
1791075681,6weQ1xmYGVDnCe2R3CdRDX5BvXPDg4G2TJhABa8Vpump,DRUG,9ZDCPk4UifwASL8siGtXPmRhhCih8PrF1brDpttnLv3n,pumpswap,1790798383,0.000003100,3047.65,2786,2786,0,0,2.59,53.69,0,0,0,0,1,1,5,9,,,,2.89,0,1,1,1,,,,,,,,,,,
1791075678,4Xfph5jWxEj3zzPTsDNPJtJbf24LizaqPQGohodJZ1PV,Quamfy,He5LqnjT4HMgdj4gxMCbCJAhfUZkU2zf9aPkKWgjTb3g,raydium,1790797811,0.00005384,21664.24,53849,53849,51.36,735.06,5572.25,23142.86,1,0,5,4,48,43,208,175,2.17,17.46,48.44,17.73,0,0,0,1,CPMM,,,,,,,,,,
1791075698,GjrhXcr8YzUZBbu5rifdqM5CPBS4LFJveq3ZiY2u3g5G,Meridian,6xLfdSfHgxHSLgFt58BTv9z35qsGbmpqLdMU2FwsG2Tf,pumpswap,1790799213,0.0001168,34340.73,112449,112449,42.63,1998.11,17285.29,83413.32,2,2,16,16,152,116,721,701,1.17,-8.82,38.43,-8.47,0,1,1,1,,,,,,,,,,,
1791075675,39eBixffUCh2GqF8sEE9fZ1rqoeP2HxNsstN5X5ppump,AHOY,6X2DJ4sAq6fYkUwz2Q5PWEJ4KfSUqzcUD5WRhmTV9zD4,pumpswap,1790799673,0.00004655,20255.99,44124,44124,0,38.04,360.29,1674.67,0,0,1,0,11,18,35,55,,3.73,6.89,18.78,0,1,2,1,,,,,,,,,,,
1791075685,8nSQRjqWKuLYfLgdvYaYm63hBoiKSZvGqN7yVaHMfc8q,Qubit,4pw33MzUncQx9EejM7veokeXayx5RNb7nzBE71FUnMyQ,raydium,1790800727,0.000006789,7410.95,6789,6789,0,78.95,129.02,916.55,0,0,0,2,5,2,22,21,,-2.62,1.41,11.04,0,1,1,1,CPMM,,,,,,,,,,
1791075689,B7yfFFkX4NtxtQwGdegi2DuaVssitc3FGpqF2pxUH1zM,PUMPKINU,5YzMhNDv7X6NCyxoF2HvRGw55cs7x2cjNoRpoHFn9S5o,pumpswap,1790798075,0.000003550,3660.67,3500,3500,0,3.92,18.72,156.23,0,0,3,1,6,6,21,30,,-0.81,-0.5,-1.5,0,1,1,1,,,,,,,,,,,
1791075677,3v4FdwQVLWKGepzX7MstykeJZkCfMaS6W6ASRjiKpump,HOTSHIBA,CYNZatWZDtcxBSZsgxbX3KVd5pKYb6FRHyPWcpx7rZ6T,pumpswap,1790800867,0.000002912,3332.87,2828,2828,0,0,7.52,16.65,0,0,0,0,2,2,4,5,,,-0.01,-0.81,0,1,1,1,,,,,,,,,,,
1791075675,2dTGg7tybAVYi81qg1ETfbGXKKGA77of3d8rBjKcE4N2,SI,z6yuzgMZNEAdjkG3zyDNPNm7BzXAkTRzXH5pT8PkuN7,pumpswap,1790801106,0.00002553,13104.43,25141,25141,0,0,0.16,1135.6,0,0,0,0,0,1,8,19,,,0.11,-17.09,0,0,1,1,,,,,,,,,,,
1791075695,Eq8yd78WXjHKRksRpqzXUSDDdzwcV9mdjCBqThkqyY3q,INUINUINUINUINUINUINUINUINUINUINUINUINUI,6XP93srUjoeR3fyubi6ehRkNBoLDVUdnj2n1uNfFkgsG,raydium,1790800152,0.000003455,5735.29,3456,3456,0,56.5,68.55,157.89,0,0,0,2,0,5,1,10,,-3.71,-4.38,-1.53,0,0,0,1,CPMM,,,,,,,,,,
1791075673,253ru1evxbU7zfKZwGAh458Np3ADtNMuWDqPhvwY8Cj8,Rocket,bKcJn28u6QvBC6MpzJqdj7bCQYMAZMU26ueNb4tWZcS,pumpswap,1790802175,0.000003108,3432.31,3055,3055,0,0,4.14,8.42,0,0,0,0,1,1,1,8,,,-0.11,0.18,0,1,1,1,,,,,,,,,,,
1791075676,3cy7hHiJK5AzzhAp9bTNppUDMLRV5SzGnbTA7agSwr8x,Inuween,89yZQ49MzCBP2u3Lr7aA54qD8Gwhne9MPA4XVRjmtyv2,pumpswap,1790803925,0.000003848,3599.73,3174,3174,0,0,6.68,501.1,0,0,0,0,0,1,6,6,,,-1.05,9.73,0,0,1,1,,,,,,,,,,,
1791075678,59PXVfJ28HLYpdYLz8rt8ziE9EWbK4mS8xvq38NUQ1Be,REPOING,FHw49kTEEjzBhRuMff9F1Xw1bLcBpwvsaSboaAWpAcaT,meteora,1790628834,0.00006722,24304.82,67217,67217,0,7.27,12994.74,30175.54,0,0,2,0,81,61,231,196,,0.16,-9.94,25.13,0,2,1,1,DYN2,,,,,,,,,,
1791075688,AgwKsgtTAML6dkJvnjoStx6Gk7FpCuqLrg3pMr9HvdnY,Yuri,2SakVDQw1HW3iZB5phnb34XR3gaaPnF1VMcMy57bdmH4,pumpswap,1790802521,0.000002595,2720.78,2456,2456,0,0.29,1.85,7.19,0,0,0,1,0,2,0,7,,-0.12,0.26,0.02,0,0,0,1,,,,,,,,,,,
1791075700,HmYAF9xYtZUMCnbAdL6pu2ZS6qsXVUGEvLETut5Zpump,S/ACC,GVDVNAR539LDLhuC4JJb5b65jRZrxXNwwNhePexa4xa5,pumpswap,1790802950,0.000002423,2510.53,2353,2353,0,0,0.3,14.52,0,0,0,0,0,1,3,6,,,0.35,-1.15,0,0,0,1,,,,,,,,,,,
1791075698,GVeQ82oyUZzHhULUWtE73wwGdiiypyDVpMspxBFVpump,SI,7Vnsr9gVMfTYKKgfDC3g2dWkFuHeFBDFswUrvQfqbKjH,pumpswap,1790803920,0.000002408,2621.04,2367,2367,0,0,0,12.98,0,0,0,0,0,0,1,2,,,,1.52,0,1,1,1,,,,,,,,,,,
1791075694,EAEDRr9Cagu1RtkU91k7bq2SusF4ZWuuhMFXeH5Mpump,Pochita,GqcXePaMi4WCrcHthSdjDpxftJh9HNxc1yi6rTA7SuyY,pumpswap,1790805172,0.000002451,2452.95,2351,2351,0,0,0,0.35,0,0,0,0,0,0,0,2,,,,-0.18,0,0,2,1,,,,,,,,,,,
1791075700,HpyRH91gxwDKmjcN7UjPpSFLBXA86yGodgaJYrRK3HT,QUANT,EXe7eEuHnKTiR5rC4XdnZt1bVuMVgVx9TaC5j3WPxb7f,raydium,1790803122,0.000002709,4596.58,2709,2709,0,0,27.28,85.49,0,0,0,0,0,3,3,7,,,1.84,0.35,0,0,1,1,CPMM,,,,,,,,,,
1791075701,J1mQHsCGiFhoMmzMj59rYnXtkdoCW59HBNV2Jzt4r4S9,PEDRO,2qChtcq4nokZC1q3tfrnArxc9KnnhZQvi2dEroyyvJJm,pumpswap,1790803417,0.000002751,2901.39,2656,2656,0,3.04,3.2,14.13,0,0,0,2,0,3,1,11,,0.07,0.06,-1.36,0,0,2,1,,,,,,,,,,,
1791075698,GXLPgdSKCxRwiD2xALcCjmfwaVsq4wi3ENx5tB9Bpump,boobs,2KdEpT3Wo2k2kpEDBFCvZrugnMZeXJN1wV1XA5ZrtPAK,pumpswap,1790804804,0.000002701,2767.68,2614,2614,0,7.77,7.77,21.56,0,0,0,1,0,1,1,4,,-0.57,-0.57,-0.82,0,0,1,1,,,,,,,,,,,
1791075676,3euDZvSc2aB3pJeFzF8vQBrt5Y8wNmhzn92Yb2RavugK,.si,6TMYeSTF7mCPXoWMWuXQWJs6wyiP8oNNK6yuWF962Gem,pumpswap,1790806165,0.000002526,2666.82,2434,2434,0,0.01,8.69,28.98,0,0,0,1,0,2,1,10,,-0.53,-0.92,-1.61,0,0,1,1,,,,,,,,,,,
1791075687,9jAVyE3sTnVoWXLK4eorcU7uV6zhh5Q9WapdcstAYtas,GENESIS,GntVxwXdqX35325f8M95SxxZMF7vzgt9wFMrH8SmdMrr,pumpswap,1790805945,0.00003067,14108.02,29557,29557,0,0,58.58,3619.53,0,0,0,0,1,0,23,20,,,0.84,-8.07,0,1,1,1,,,,,,,,,,,
1791075700,HiKS1Czq9x16ALXL7bHMirHBzT2MwkeuNojZHoikUqwu,アイヌ,HgQdjZhuMdCL6D7D9diitoAyDSvwHxVBk21FwAgfAtPr,pumpswap,1790806038,0.000007180,5868.32,6927,6927,0,172.96,4123.11,9411.96,0,0,3,6,58,32,134,107,,-3.27,13.68,-19.04,0,0,1,1,,,,,,,,,,,
1791075695,EiARYxXzxwS8ZyYhXx3WDtB9K1XPpc8628g4hy3rbkVH,JINJI,CLS2JA1oSQr42Zqc2hbmuVMSjF7re9Xv4AX4kkVBdoV7,raydium,1790801521,0.000003708,5739.75,3709,3709,0,0,77.61,132.89,0,0,0,0,0,2,0,4,,,-6.53,-7.57,0,1,1,1,CPMM,,,,,,,,,,
1791075674,2QHXWq5TK64JbMptwMBP1BsfhrxZRRv9JsLa17X7pump,SAW,B7XU9FYpuKgjEhM5HwyR9qAHXL3Juyz3CcgPuuiAbKki,pumpswap,1790787841,0.0005967,75809.52,576631,576631,928.97,16851.86,263609.74,647671,1,3,45,143,823,1230,2790,2877,-3.3,19.55,120,785,0,1,1,1,,,,,,,,,,,
1791075695,EmLPFwLkzaPdT548oKXT9CMh9bSB9Ez93fBgmmoapump,.si,2bnXboTryEGBAH8C9FNERm4bfD5RKnJLtMZzJFn23uRe,pumpswap,1790805275,0.000008648,7658.74,8395,8395,0,0.67,134.62,2100.94,0,0,0,1,1,16,28,102,,0.05,-5.45,-42.69,0,1,1,1,,,,,,,,,,,
1791075698,GacgmKkuqxLfL7qox6YMeP7SWHdC1ayMsLUJcuKB5huf,KARDASHEV,ADUJ4UgHrMqMhsGEE8bSHaEomGAHuKpDFtzmhcxrpHX7,pumpswap,1790433659,0.00002740,13314.45,26894,26894,322.18,436.68,2272.71,4294.03,0,1,0,2,19,17,41,30,0.84,-2.38,-43.98,-33.75,0,1,1,1,,,,,,,,,,,
1791075698,GPuN3s5PZTPcQV7cykNaTyX9cVesPSyz7111nsNKu4cv,CSFUN,8ZUTVDzf85jCqArY1CNuryok21daNe1xE6X4Anp6paLN,meteora,1790806714,0.000004606,6656.27,4586,4586,0,0,883.43,2360.93,0,0,0,0,8,16,44,61,,,1.3,-33.42,0,1,1,1,DYN2,,,,,,,,,,
1791075683,7SG8ap8SqDB1dVmJ9RZhXd3VBkbgwPitxt9Jhj4Spump,FORGE,E57PhrFybNQG6QZLwxAeu1t4Dzf59tLTbNhnJtLYzjhB,pumpswap,1790804855,0.0001573,35153.66,154868,154868,0.2,175.38,2078.54,38653.26,0,1,3,5,12,15,199,158,0.12,-2.79,-11.93,-8.33,0,1,2,1,,,,,,,,,,,
1791075679,5CM4i8KJVew1tJJEEz1iFyCdUGh1WCLXJHsZFhEKf6H2,SI,5MguXvYfBqEWAnB2kQgCwxjQSjoaVp6MsRM3hzvx2TRh,pumpswap,1790805813,0.000003269,3153.69,2781,2781,0,0,9.1,980.35,0,0,0,0,0,3,5,20,,,-0.02,-35.31,0,0,2,1,,,,,,,,,,,
1791075695,EWhwKSyEAYcFZoY3CED9qyvTsA8pzGJrFCCZxb5jpump,SFAI,Hmqh9W75WpnsYhYGnkeZMY9M2fhMzPvdUixLoGjxgz52,pumpswap,1790808018,0.000002731,2704.74,2471,2471,0,0,2.53,15.35,0,0,0,0,0,1,0,2,,,-0.14,-0.14,0,2,2,1,,,,,,,,,,,
1791075694,EMdFVxBzhkYGENzqTmnuAStJoLp8R42R6VupnRGApump,GNUT,7F9hPnDxZAgpSqNZk91wtoGSRXiRG1meAYyzNNULtCKz,pumpswap,1790808408,0.000002653,2655.87,2477,2477,0,12.52,12.71,25.06,0,0,0,1,0,3,0,5,,-0.28,0.13,-0.63,0,0,1,1,,,,,,,,,,,
1791075676,3L27XJ8Yv5MH7xJCrKNgU7EJSaKQtG4whUqHsJZQpump,20FOMO,H7WCgbBnvDvvY6txZtps3FxfTbmRNAeQLw6wut5Ukt2y,pumpswap,1790808247,0.000002024,2152.18,1965,1965,0,0,0,0.08,0,0,0,0,0,0,0,2,,,,-14.5,0,0,0,1,,,,,,,,,,,
1791075697,FgnP3f328UvwmbQBG2vABSwZJQRS7ypkqtYGAHVRpump,tail,65MfAJyt8UKNJc345eEV1BpTqhHnTaw9hTFrJkLdzPY9,pumpswap,1790808461,0.000002380,2456.66,2300,2300,0,0,4.54,11.89,0,0,0,0,0,2,0,5,,,-0.47,-0.15,0,0,1,1,,,,,,,,,,,
1791075693,DvNcJZTiSMD1RBCtZ2J31mh7s42CVCwrzGapv1Lypump,MICRO,mnnen34cBuJJ7Pvfdb2PN7WHgRvCMzcTej4bAgUiXob,pumpswap,1790810211,0.0003295,65379.95,314610,314610,203.58,8140.91,83551.1,285241.77,7,7,76,77,560,595,1946,2463,1.02,-11.09,0.12,44.7,20,1,1,1,,,,,,,,,,,
1791075674,2F3VSnTdEJAKjWmSahfRG43RZFdkCDzSPySNdpz8pump,Picomatch,5y5qfgLmWa9TS6R1dqDsVhAzirdgmswpNMU6d3MPwLNe,pumpswap,1790808814,0.00001106,8264.41,10607,10607,0,1.03,436.12,4312.53,0,0,0,1,11,11,68,57,,-0.83,-10.32,-15.22,0,1,1,1,,,,,,,,,,,
1791075703,qX75G4BLzhPtGWtH4THcG2F6weoHveAMoqfDB2pcmkp,P3jca,DWAG4R3hAmgBqFTxhsZNra9WU3oA8S54PXWQsYTnos8c,pumpswap,1790809487,0.000002817,2970.77,2676,2676,0,0.34,0.99,5.52,0,0,0,1,1,2,4,9,,0.16,0.04,-0.73,0,1,1,1,,,,,,,,,,,
1791075685,8iX67wnJuJkDk2Hvsdd4nBdwNQC2hc6TNiHK2gE5svCF,PROJECT 6,48wgbxsfc5kb6csMcjaQPMC9d5QuE5GFKnme4PyAZufZ,pumpswap,1790809860,0.00004254,17171.84,41166,41166,107.31,241.25,3517.16,20645.34,0,1,1,3,30,31,230,187,-1.06,-1.67,-25.82,-30.37,0,1,1,1,,,,,,,,,,,
1791075693,DfLA2AoZqey8TArzSE8Eq962qpwRkQhZ74Vf2L6tpump,SJ,7SEZ1T9ceSFnYmcndScLYVQERmdfm4CsTd9CHfh74BxM,pumpswap,1790811760,0.000002738,2718.93,2637,2637,0,0,4.61,4.66,0,0,0,0,1,1,1,2,,,-0.06,-0.06,0,1,1,1,,,,,,,,,,,
1791075677,3xgJh5hwn6SMZ2XgsxYRLtos3AEKEgPyBepx529Tpump,Vale,59Jizk2sb43BqdEFFEwrJuuVyrdioTuJkcfUnz39S2y6,pumpswap,1790810948,0.000002722,2739.34,2565,2565,0,0.11,9,34.39,0,0,0,1,0,2,0,8,,-0.51,-0.78,-2.29,0,1,1,1,,,,,,,,,,,
1791075686,9Hi75Cp5PcfJfCdaxrheyP9oZ2TG6fnGt1Cgq2Jrce62,HALL,BRAP3bfVcHpckgzGUBaNiHg43gTNbRQWFL4bxVZWYBcf,pumpswap,1790810602,0.00005080,22375.36,49043,49043,50.8,314.27,4957.67,34723.53,0,1,6,6,53,48,358,355,-1.34,-2.79,-4.28,-30.43,0,1,0,1,,,,,,,,,,,
1791075699,Gx92ZFATEPN1fr6Sr3weHnx2VfFNuA7QyNEe1JV8pump,ia,6HWrcpupxmdDztZs78eGAY3k5CNre641JsbxxomTiFVb,pumpswap,1790813404,0.000002512,2549.39,2416,2416,0,0.19,7.63,21.93,0,0,0,1,1,3,1,5,,-0.33,0.16,-0.48,0,0,1,1,,,,,,,,,,,
1791075688,AcgB3riCTGBzQ626TRmEm1f6ikeFvxi4mL36piDXV6ug,PRLS,GwvAt96oPP1fd1gMX9bPhERFKkvV5qBBVc7P1MHGPJk3,meteora,1790811206,0.000005355,6712.31,5355,5355,0,57.4,129.1,582.55,0,0,0,4,5,12,12,39,,-2.24,0.36,-10.88,0,0,1,1,DYN2,,,,,,,,,,
1791075700,HpTHwN4Bqu9BCqJdGybKtSxSnRtsoLL8yZqZE6Q3pump,SW,8ZGU9Db4o9QKhGVvGrX6EwfqLJHxKWEDigmqnaa2AjiK,pumpswap,1790813475,0.000002707,3080.17,2638,2638,0,0,4.51,4.51,0,0,0,0,1,1,1,1,,,-1.3,-1.3,0,1,1,1,,,,,,,,,,,
1791075689,BZERM5ET7txBTK4mM8pA3fph64marhkvTGEXiwM3pump,CLM,GPB1BYWPJShRr6V8my1DFYRZAPzrdGBCLmHVH7SH8P8w,pumpswap,1790813803,0.00001101,7769.82,10374,10374,0,5.6,2064.46,3858.29,0,0,0,1,53,30,84,72,,-1.53,24.65,31.73,0,1,1,1,,,,,,,,,,,
1791075685,8kVuY7Yir9NLaai9V73ZejscWdJ9q7aczidLtr38oL4r,Collateral,84EGAwMQhs4Jnz3dEdxvVuk3fPD3g5qA8zyskPTZkRMZ,pumpswap,1790813443,0.000005466,5565.63,5380,5380,0,2.11,11.34,291.52,0,0,0,1,2,2,4,17,,0.1,0.26,-3.35,0,1,1,1,,,,,,,,,,,
1791075681,6mF3wKGm377EFN8Jxm1mPUk46rnirNu3jASSvp3sBg6u,Chunkee,54xnep45xfFBkaPweHLi3kpg348cNR4UWmD3Ax7Ric5z,raydium,1790262291,0.00002463,14907.28,24639,24639,0,36.2,36.2,1185.65,0,0,0,1,0,1,6,10,,-0.89,-0.89,-19.11,0,0,1,1,CPMM,,,,,,,,,,
1791075689,B72oHBu5JuJ7Gh9RJdseLYNGZCEkuvLhp5Nk7dC5pump,IN,DLhSZkFfvtCbNhx3bf9HREczVJ6mGGFc2vNM5gqFzAhV,pumpswap,1790813972,0.000002469,2696.94,2408,2408,0,0,0.06,0.37,0,0,0,0,0,1,0,4,,,0.44,22.02,0,0,0,1,,,,,,,,,,,
1791075680,5sD8hmitvDkDxbAjZF4CrX1NX8eA5Cwn8kK67tp9DevH,Pongpong,GQADs9oy7uVQTNJ7DEew2y8YvcfusRVbspx4ve1vnBpq,pumpswap,1790814255,0.000006192,5906.28,6083,6083,0,17.34,184.09,1550.05,0,0,3,5,5,17,35,82,,0.86,-8.38,-29.11,0,0,1,1,,,,,,,,,,,
1791075700,HVUFFsRbWFV2kRS467iRJGLdJ9o93yQJqmSWa9fkpump,Trump,GZjhB454hC23JQThwkYv2k6tqBTKtMatgS3kdvit2RrV,pumpswap,1790813964,0.000002708,2817.17,2664,2664,0.32,9.88,72.21,148.75,0,1,9,7,69,45,148,104,-1.17,-0.52,-0.04,1.1,0,1,2,1,,,,,,,,,,,
1791075676,3ch8XtucboUNvcJ66eJzsZmhj7ebJiNKJ6hrD7Tipump,Cognition,G1RkBTEJfFMpJMmxXU21snW17EWa4gSxGaWAiJpvWuvf,pumpswap,1790815615,0.000004184,3833.63,3933,3933,0,0,0,0.15,0,0,0,0,0,0,0,1,,,,,0,0,1,1,,,,,,,,,,,
1791075682,79rbaxRXKm7mbNRiBzroyZAvX4Yv1KyR57eiUvEgFaQe,Kuma,HrpoUHLSWNYRa9zKR72fGH5RzwQ2wvtkBZL6pRJtFmot,pumpswap,1790815716,0.000002625,2609.92,2425,2425,0,1.22,1.48,148.53,0,0,0,1,0,2,0,9,,-0.09,-0.21,-9.78,0,1,1,1,,,,,,,,,,,
1791075700,Hp2GZbNAwj9HBvog8yoowtHimHyDTe7Bfb6BkTkaws8C,HIKU,6Bf7wgnPcT9PJsbV5CEgtCMAQTc6usPpxit6SkwTugti,meteora,1790815141,0.000002386,4480.46,2386,2386,0,3.1,3.1,6.11,0,0,0,1,0,1,0,2,,0.29,0.29,0.29,0,1,1,1,DYN2,,,,,,,,,,
1791075700,HMcC3e4yePVNZUQwxNHFacRwBpQaPyo7dB2MzR2dpump,SIWH,Cu2YKwN1LqHB17ngm845qJNsULgZ69vKp8R9fwTwyvRk,pumpswap,1790815793,0.000002428,2575.53,2349,2349,0,0,0,7.28,0,0,0,0,0,0,0,3,,,,0.27,0,0,0,1,,,,,,,,,,,
1791075681,6qf9kEhwGzHbX14P98C1QAPW8HcnxSPADkSXeyBMpump,.si,5wDkASbrAHrR1aEqZSYBqBmsn6ixixuBqYTJhSmakKhz,pumpswap,1790815890,0.000002736,2750.06,2463,2463,0,0,4.56,19.87,0,0,0,0,0,2,1,3,,,-0.63,-1.91,0,0,0,1,,,,,,,,,,,
1791075693,DNsBHDTtw69dKCoMmiuDFndocnRn9q7m2nJPTL4qpump,SC,3u1BUwQmw8WZhw7Fo28HEVvAif1ZBAaWZDRjAEkcEFgJ,pumpswap,1790816522,0.000002277,2401.87,2239,2239,0,0,0,0.13,0,0,0,0,0,0,0,1,,,,,0,1,2,1,,,,,,,,,,,
1791075680,5mmu1g6HDSTtvsZW4YtHXmUWcdXCfTgzVYtcEDuAf2N3,XSEED,2qjCvgWf8b9VKAR1S48rZWWcqfuC3CcyzAJKnFL29kn5,meteora,1790817126,0.000002493,4665.81,2493,2493,0,0,0,1.08,0,0,0,0,0,0,0,1,,,,,0,1,1,1,DYN2,,,,,,,,,,
1791075693,DkQYd9q2p7VSruiKhj54wu4F9CbyqruCRKFewg3dpump,AGI,5Mp4Z17NNdanseQa2yqg2eEE5xVSognN3ffDgksWeCm1,pumpswap,1790812557,0.00001042,8401.18,9825,9825,0,107.92,1129.37,5859,0,0,3,5,22,33,98,122,,-3.05,1.88,24.98,0,1,1,1,,,,,,,,,,,
1791075700,HhjNowJGHi3wsg2u9ZNEWXo7CQCEgkELFbPcQLX7pump,BRICK,C7EAi8aELckf7sfcQu7CZrRuBvRTX6sBLPi7yZS7gsh2,pumpswap,1790819212,0.000002875,2854.1,2743,2743,0,0,2.77,5.95,0,0,0,0,0,1,0,5,,,0.18,0.29,0,1,1,1,,,,,,,,,,,
1791075692,D3Rna5XrQWaW3Ydzxt5PicEbQnMbSv8qX97x14qEsVd,AI,BGWXhL7pus7jNZ4pXrdkwincYFxvi4rKdRkyqXXemW4w,raydium,1790818620,0.000007263,9074.64,7264,7264,0,133.33,151.79,867.47,0,0,0,4,0,13,19,41,,-5.85,-6.53,-15.26,0,0,0,1,CPMM,,,,,,,,,,
1791075679,5Xxd4jTPp1jwmYBEFvQ6xNsHxsSMT73KDWDwHxDFpump,SENSEI,57VzFpFEVkCDCfhj8ebNw2xXZ1CRmbQzjYF3eWySpyW4,pumpswap,1790818296,0.000002670,3051.1,2592,2592,0,0,0,4.66,0,0,0,0,0,0,1,1,,,,-1.31,0,0,0,1,,,,,,,,,,,
1791075689,AzDHbuhbJfUaX7tzcHXFjgk8EvSdUmWMEsr588fVpump,FI,6ryFML9TK2Gf9y1DD536VE6nSG6wBn1xoiX8mbNU5EM6,pumpswap,1790819541,0.000003689,3583.01,3557,3557,0,7.45,88.25,263.41,0,0,7,3,87,55,185,139,,1.53,0.75,1.58,0,0,1,1,,,,,,,,,,,
1791075676,3MQLR69vhsFi86MJ5Lf4jsUT2SdcTpdrPixTqGeFhvE6,elephant,7UFq7aLYp7yLQ6oPbz3UWKMG32NC4Pwm91vtWHcu4gxq,pumpswap,1790820219,0.000003052,3093.35,2979,2979,0,8.01,13.92,278.93,0,0,0,1,1,3,3,8,,-0.42,-0.37,-5.33,0,0,1,1,,,,,,,,,,,
1791075677,4ByRNjKEQbtexsJie54vCdPnSuSWibWHn49dAXmcpump,GND,HMbMsCJ1JBjhmqdbSbQvopXm3WkCpsAvJZNycrgEy8mf,pumpswap,1790819890,0.000006483,5451.02,5982,5982,0,99.87,2102.09,20924.62,0,0,1,3,21,29,210,185,,-4.54,-36.66,0.28,0,0,2,1,,,,,,,,,,,
1791075678,4vEX32B4LLr2hL4tzdgz724rSYXGccAGT8MRSUaNpump,DEGEN,8vyH9f4CyuK1kEZoRnTwKiFh1zDubrGMBNhSUSnmLQQa,pumpswap,1790820459,0.000003264,3505.88,3226,3226,1.62,5.53,38.37,244.08,1,0,4,3,9,16,28,41,0.19,1.97,0.07,2.48,0,1,3,1,,,,,,,,,,,
1791075679,5b7xUtsR6SEqwszsSBg5wu9f3o1V6JwUDLkoAxMkpump,SRI,DfwKe9tgR2q7fnz2ME3FYfVUohx4NZFZi2tAX95GrAoY,pumpswap,1790822919,0.000002644,2700.74,2559,2559,0,0,59.01,65.05,0,0,0,0,1,3,2,5,,,-2.19,-3.05,0,1,1,1,,,,,,,,,,,
1791075688,AV9TkfXb8LcAgjKuVBpp7qhaL6wHuAdEtBsgsduQpump,Quest,HYU7woAVxao45T4Q5TuGRgowpimG7b3RGT1Ln1e13WwZ,pumpswap,1790822365,0.00001086,8456.17,10587,10587,7.2,16.71,1484.67,6654.41,0,1,1,3,16,30,92,135,-0.04,0.02,-28.81,-40.4,0,1,1,1,,,,,,,,,,,
1791075674,26uqr1EAd5o9czpp3CxWGRPBgzya2733WC7faQX4mqNA,TRUMPTY,3wEUjhLesDjHasbWWQng4rSqLHjAGvMLAcA7REspuWvy,raydium,1790822912,0.00009373,28438.6,93736,93736,0,0,103.12,17809.55,0,0,0,0,2,2,53,55,,,-0.27,-7.67,0,1,4,1,CPMM,,,,,,,,,,
1791075697,Fht8WJMoC66wrmLA5pzhtXc5JxLsWudJK6i3cPfvpump,WOJAKVRAX,EgXwTAdeXWDNfqam7fAp1CrVXeDLNLSzwYcPs1qSMjvv,pumpswap,1790821965,0.000002601,2942.46,2530,2530,0,0,0,9.67,0,0,0,0,0,0,2,4,,,,21.41,0,0,0,1,,,,,,,,,,,
1791075699,H9qKeikv2EuifXaMCWSFQSUvNHUu2dre9R3Gmz62mvjw,Ajax,EGRWwHLfME2U2rahMu6BMqonMNeG5ND2CdVFPX1CcAE9,pumpswap,1790821407,0.0001118,35490.42,110271,110271,258.64,1588.09,22899.36,94888.8,4,5,20,23,186,187,840,883,0.74,-4.33,-12.17,-39.07,0,1,1,1,,,,,,,,,,,
1791075694,EEBNzEpr3132u3QAeWxfVzsDSaMURwFeejwMD1zvpump,human,DiqJa9wy6shELZxeuNYVu5g2Thr9e3saGwQBrV7dang8,pumpswap,1790822770,0.000002404,2415.47,2274,2274,0,0,0,0.84,0,0,0,0,0,0,0,3,,,,0.81,0,0,0,1,,,,,,,,,,,
1791075689,BFdFhgZWKpHEvtCRA3R7fQwJfj51kZCk9WR9q3LLpump,SII,FnmwumGkfxFgwQ9ERk2vUsuJ2kXNx6Xf5oU2UyE41ars,pumpswap,1790823152,0.000002504,2738.39,2468,2468,0,2.87,12.54,28.69,0,0,4,1,18,9,30,24,,0.52,0.84,1.69,0,1,1,1,,,,,,,,,,,
1791075677,43GH9ktJt58erbuGyqRzCwYsMirKYeiobtTP4cGepump,SK,Du4DYfP4vUDgsRZfqqAqjgBL1g3fDszaxf8XzNz47dZL,pumpswap,1790822830,0.000002779,3246.27,2715,2715,0,0,0,5.19,0,0,0,0,0,0,1,4,,,,1.81,0,1,1,1,,,,,,,,,,,
1791075694,EQoTL7T8VFigYKqtfDxL6bqs7ZpqXRKrMbK49WvEpump,SOLDOG,EefrnDNYsagH8njqWMcTRoRRQogjjwijHNiYfr8vDGew,pumpswap,1790823103,0.000003179,4109.05,3114,3114,0,0,0,22.04,0,0,0,0,0,0,2,6,,,,1.41,0,0,0,1,,,,,,,,,,,
1791075697,FvzXxSZ437prKXkBwwodNKJNUmFEkZMm9fdtBkPc5hAL,Blob,9VYHbNPN1AngeX1AqHbKS5To2yrymwAoMae7HR4xAx2,pumpswap,1790824450,0.000002441,2473.1,2350,2350,0,0,0,5.83,0,0,0,0,0,0,1,2,,,,-1.45,0,0,0,1,,,,,,,,,,,
1791075694,EEGtwsf5wLWDG4THEu4TdFKTTRpsEoxArWZsetWZpump,NUVI,8MxvegL1C14ddbBczqpfMLdBvnmDDPGqqTJWqJAYKuhP,pumpswap,1790826457,0.000003916,4026.1,3776,3776,21.11,30.85,61.43,247.08,0,1,10,1,18,5,29,26,-14.08,-13.25,-12.96,-7.33,0,1,1,1,,,,,,,,,,,
1791075693,DcJsfF4F2Gj2JHw7SwjbLyn8PfTCXSjCZrPwMWdMQLL7,DeStrat,3wepMydWUGt8gzgwEA1sjBgbqhfN8JHYAehMMypnXZDM,meteora,1790825638,0.000001969,3845.81,1970,1970,0,0,0,0.65,0,0,0,0,0,0,0,1,,,,,0,1,1,1,DYN2,,,,,,,,,,
1791075685,92z4XTZppdYRZZsnXJdUPca9h5mFjGWWgGxAVT8jpump,Fuel,HGscLw722fa5LWgQ4Ez2b45KTZVts4khepXA5xHSfxY8,pumpswap,1790825883,0.000002596,2628.66,2478,2478,0,0,0.02,9.35,0,0,0,0,0,1,2,3,,,-0.27,-1.24,0,1,1,1,,,,,,,,,,,
1791075683,7sa2NMs1kT2kCXHgnzbCpq4Y6wU3fF5bCtMPtASqpump,agi,2dXAnAshLR7h9Tor5UTzdFWKWq6QqKMYG5J6qQCRnKdm,pumpswap,1790826123,0.000002465,2491.54,2360,2360,0,0,4.11,27.53,0,0,0,0,1,2,2,7,,,0.16,-2.59,0,0,0,1,,,,,,,,,,,
1791075685,9CpRDFevggadw6DYknRUspwTCtqNvCQs8RmWVWLupump,SZCAT,81Zp9M6ie3nuCd9NBDHhC4Eyx9WbgVPyuwW3JJ7RwR3d,pumpswap,1790825607,0.000002537,2747.54,2429,2429,0,0,0,0.25,0,0,0,0,0,0,0,5,,,,1.37,0,0,0,1,,,,,,,,,,,
1791075689,B71rHv4mjQsn76RhEDmyNDTRdNAQq6swsvYuLKjKpump,Apple,Bni9Ez8zctkxrNbBuxmGMnLUw7RzKJ6MLsWtmbJUexVR,pumpswap,1790825088,0.000002179,2215.37,2169,2169,0,0,0,1.2,0,0,0,0,0,0,0,1,,,,,0,0,0,1,,,,,,,,,,,
1791075686,9GW1GMaVeV41yiYYzfgQdnEf8ocGFenX8AsgvhWEARLY,EARLY,Em9Ru5DrybRSZL161CtKVSCF7tEwUyJ5GaWpgTFGiBPS,pumpswap,1790827778,0.000004548,4158.08,4307,4307,0,35.58,184.6,1529.29,0,0,1,0,1,8,12,38,,2.38,-8.56,-39.52,0,1,1,1,,,,,,,,,,,
1791075700,HpsfKJnkBu53mxLGUCdr4PiTodXouZiVvZD5AoRWdHkY,snowball,FivAjNRmjWeDdepuTJbqjgwfsDsg1LZSj7q3soLbW2gv,pumpswap,1790827656,0.000004347,4026.48,3966,3966,0,0,0,172.24,0,0,0,0,0,0,1,7,,,,-9.55,0,0,1,1,,,,,,,,,,,
1791075697,Fq7wzJ9S6TRm7NrPGEwWKmQPqdF8K1g5uTp9DGFcpump,FORREST,ErgojZ4yKHxJkVgQqWEbPAbt7NHctL5a3oLyP1iTin8Y,pumpswap,1790827477,0.00001101,7697.44,10492,10492,83.37,88.41,871.23,8190.56,0,1,1,2,18,13,128,115,-1.65,-1.29,-8.19,-19.47,0,0,1,1,,,,,,,,,,,
1791075689,B14c2LGWBmkUo3gPsKqPYqGheK6GkZEda98th9Hhpump,TFM,G3iHAfW3jqPqtTzJZ6nuaPfUPj932joN3SdBmq31uGEM,pumpswap,1790827949,0.000002774,2955.4,2518,2518,0,0,0,5.36,0,0,0,0,0,0,1,3,,,,-2.07,0,0,0,1,,,,,,,,,,,
1791075676,3P9KW7fa5LnYpBecLrZV92WmA4rsCErQPP7YdM6Jpump,BREAST,JjiK9JSzbobKdjRgxuqSTPwCe693pe5QBdJniBBan7N,pumpswap,1790829717,0.000002959,2984.01,2819,2819,0,0,2.34,850.38,0,0,0,0,0,2,13,16,,,-2.12,-4.01,0,0,0,1,,,,,,,,,,,
1791075692,CuP5Ng85HiCdHiKnc9pKe9MVEVkJDHmMsyEvbXHopump,REV,5Hiw6ED2r26LPrK7X4v9AKUMaAuVE1hQN5imrCvuWgk3,pumpswap,1790828506,0.000005667,5400.57,5590,5590,0,39.33,329.8,1106.14,0,0,2,1,14,14,53,83,,2.47,1.96,9.98,0,1,2,1,,,,,,,,,,,
1791075701,HzmypKm9MVq7N5qZqKq5AuzWX4Qt7b4YY67P6KDWwZnu,ENA,7k8SnhpmDt85pztjv8dR8RozowwhkQqdxWhuQLKu1wQ3,raydium,1790830157,0.2730,272745059.39,273015783,273015783,0,13.18,46057.57,279525.97,0,0,2,2,9,9,33,34,,,,,0,0,0,1,CLMM,,,,,,,,,,
1791075687,ANzrdoVonAtNJk3ZG28CXCjNjfPkc8qVWXW7MQe7vSqz,@bot,EPTGJ5RUwNr82vJimGFNoRGZFBXiKgLrxz3EZpqAAaGq,raydium,1790830738,0.000005376,7254.79,5377,5377,0,0,3.98,2134.68,0,0,0,0,0,1,12,30,,,-0.22,-24.11,0,0,1,1,CPMM,,,,,,,,,,
1791075685,8yVpaQ7vpRdmqepBoktmb3fMWh6zHhDTiSw95tUvZ3Zk,ONIT!,Cws7Xfdd1EntpNf3VKUfs53Z145UYH6iuWiKpkUtZZSi,raydium,1790831040,0.000003755,5943.62,3756,3756,0,2.89,9.29,658.04,0,0,0,2,0,5,8,16,,-0.2,-0.62,3.59,0,0,1,1,CPMM,,,,,,,,,,
1791075697,Fs4p664NY13ZXARqXPheBYVnopBjX3398Pz3tk5npump,Jackass,G14K8wGzv8m3nAhhrrwsxkT4dDi6PAYtrxFsGKzFKNF4,pumpswap,1790829726,0.000004189,4202.08,3844,3844,0,45.8,125.23,836.93,0,0,0,1,2,7,20,36,,-1.42,-8.23,-12.56,0,0,1,1,,,,,,,,,,,
1791075691,CfxZ9ZYrj8h3dU86NmKafjDF6tppczzpjd8rKnvypump,Luna,9Ahfqtsg3S98DY1dVDbEGXaSGdvPq7ZzmmAAYstoAGjH,pumpswap,1790833449,0.000002478,2483.38,2372,2372,0,0,0,7.01,0,0,0,0,0,0,1,4,,,,-0.04,0,0,3,1,,,,,,,,,,,
1791075680,5gok7WzHvMFmFfcvnHuuBqRh9GTcQckHXBBwZywkpump,NOXBANK,6WA4dP11xjrJCEkB2Uaw3ZehShyjkGTww1SsriS5K8qY,pumpswap,1790879871,0.000003629,3428.73,3405,3405,0,0.21,20.29,175.19,0,0,1,0,8,7,22,29,,1.19,-0.9,-5.49,0,1,1,1,,,,,,,,,,,
1791075699,H5Kugtkfc5vrm3oSdX6FDkxuutRK1S3GW7Rr7UgnoDhP,PUTIN,EjHSLEKLautwaTSXDH5mTg6SVq2iGwo5eLeXr5CaeGdc,pumpswap,1790833808,0.00002412,13776.88,23531,23531,658.14,1504.6,8082.24,47571.5,1,2,6,13,127,78,721,599,-14.23,-22.61,14.09,42.88,0,2,1,1,,,,,,,,,,,
1791075682,7MuvW6G2pDTGSjzpjqeDYigUsXqqd6TmEzLgvRRopump,USDF,Aqp9EKhgp1U35UsBDaYgLpgnVZUyeZLsHFXfzKw3cYE9,pumpswap,1790731802,0.0009168,86445.95,867147,867147,54.69,1639.47,29171.24,73217.92,1,1,20,16,196,146,492,373,0.02,-0.53,3.43,11.97,0,0,0,1,,,,,,,,,,,
1791075683,7pVEFrJMainpMkF1MqPoDSojoiSyE8pmy7wYJCyrpump,SuperBonk,6jDcBPQpBfpLmTPcNSqBxiuFu1pikUEYz7T8wKkNqPwk,pumpswap,1790835528,0.000002131,2162.67,2123,2123,0,0,1.17,1.17,0,0,0,0,0,1,0,1,,,,,0,0,0,1,,,,,,,,,,,
1791075696,FCAT9HHQ3SgHS3XBcVywkstqEsdPhRxFbMadiJQwpump,STARBUCKS,Ep6tAYD1Ek4KgJguHoyQUxwyk6HvU1ikyMHEaiDNZhhU,pumpswap,1790835343,0.000002132,2170.65,2122,2122,0,0,0,1.17,0,0,0,0,0,0,0,1,,,,,0,0,0,1,,,,,,,,,,,
1791075686,9WktionM1G1Pz6TY8BXn9qcMjpahxQTDbGMMJKAXKray,WHEN,8PnUx3iDxEBYxYtJzN8nkoR4fYVeaYMWCT911WiSN4i3,raydium,1790789636,0.000002112,2272.25,2113,2113,0,0,0,133.32,0,0,0,0,0,0,3,4,,,,-1.06,0,1,2,1,CPMM,,,,,,,,,,
1791075692,Ckbi3ZcnctfTGGPk1oLWmRYp6mKcuWxJ274PTf2hpump,Penguin,68WSv1nzUPskB3ajrB1niAVystKrYg1RBHRo2Q8trFYY,pumpswap,1790839637,0.000004351,4017.34,4037,4037,0,12.53,86.9,5416.25,0,0,2,0,6,3,48,88,,1.1,3.51,-51.21,0,1,1,1,,,,,,,,,,,
1791075682,7CZkz6G5DDjyaanDLe6ipU1xRQdyZVW3xWRc7AgbEDv4,Accelerate,8ej78LSnMDWaEMJrPJsv2Ng75hNgdSKRzNbf5QxNLRyW,raydium,1790839065,0.000003278,5343.25,3278,3278,0,0,0.71,5.73,0,0,0,0,0,1,0,2,,,1.1,1.1,0,0,1,1,CPMM,,,,,,,,,,
1791075678,4ewtv8cLUULfNj9wsRytsXkgERG5mx1MZ3LZGMTfVVmm,RO,EAMCdU5qK2ZfcrW8JGjjHNJ5r5Gth5tePbK6nU4maxxR,raydium,1790829385,0.0001773,40469.58,177321,177321,0,0,2420.29,3305.11,0,0,0,0,4,13,15,37,,,-0.92,-2.59,0,0,1,1,CPMM,,,,,,,,,,
1791075699,GvZ9UXZm8U14uZNi7hBN5cY2iUta7stArZE486yHe2nA,PERKOS,8rfM1PxAfqZiZhH142wYdAtPqajTTU2a8xFGdAav7Y8P,pumpswap,1790727859,0.00002932,13667.7,27134,27134,0,495.46,4253.39,37673.93,0,0,2,2,24,26,284,221,,-3.43,-6.78,79.02,0,1,2,1,,,,,,,,,,,
1791075678,4mNoVhb9ATKYoJg5Bzzpewe4qeM4vgxQR3zKMe6MWJwP,YPAID,72DSTTTFoERypVwLeegAA9RoC6DyAG85Qbiu7uXGfB8Z,pumpswap,1790840241,0.000006385,5468.03,6150,6150,0,0,142.28,2522.69,0,0,0,0,4,10,36,63,,,-5.28,-25.89,0,3,1,1,,,,,,,,,,,
1791075703,si1u9ctHoUjQvQXVhUeTGdLptDvp2aRxFcD5jWYFuEh,dotsi,7eL5bkbTQGXScQyJ6fqEm4BJAo4T6v52irKUWVAT4NiY,pumpswap,1790842297,0.000004332,4034.75,4131,4131,0,74.17,82.49,509.03,0,0,0,2,1,6,5,25,,-2.37,-2.91,-19.65,0,1,1,1,,,,,,,,,,,
1791075695,F458Huat36hKjLPc7dmL4uEixBAgX7fUjxWwnUEkpump,MASHUP,5mfeK1Pygz1rK6sbKXZUrdYdE24NgsMee56N8HKabVZY,pumpswap,1790846727,0.00009962,29741.48,94601,94601,471.15,4685.85,36628.67,154837.8,10,2,37,28,217,313,819,880,5.17,45.07,49.74,-10.14,0,1,1,1,,,,,,,,,,,
1791075688,ArStPxnjmUCKXtBoiwNnH57vw82k99JAQ1KnyaAopump,McDonald's,8AW9At5x9FCixTLvUgRgd9f7RqjJtHHHibk5J5HADKxe,pumpswap,1790841485,0.000002123,2153.63,2113,2113,0,0,0,1.17,0,0,0,0,0,0,0,1,,,,,0,0,0,1,,,,,,,,,,,
1791075693,DV8WPt5mPkhtH1CC9Qe6NgYMsyw16sMBUTx3YTTogift,SPLURGE,53ptwYPjqaRncHPAQaQXR9jTUh71aZ3w2AeFNc1K6wE2,pumpswap,1790845358,0.000002853,2802.43,2637,2637,0,0,5.01,59.28,0,0,0,0,0,2,0,5,,,-0.71,-4.52,0,1,1,1,,,,,,,,,,,
1791075692,CoDrovyDiKJLCBSLzbf4s5fa1JLdiK2TVJExTFtGi8AK,ZI,HT4v5CrDgyTAAYjAQgzSzHaNpMR7RmwskypnRFG2Hxf5,raydium,1790780974,0.000007796,7859.73,7797,7797,0,0.55,88.83,5576.26,0,0,1,0,4,4,59,59,,0.83,0.1,-57.5,0,1,2,1,CPMM,,,,,,,,,,
1791075695,EeSLii2CYwTcXX6qWGmsJCrWM8JDujbKi2Zar6d8pump,Google AI,FNzUdaqKhdCvczYqhxJ5zaJJKgRjD9C5gz7yy5bxaBsZ,pumpswap,1790844347,0.000002131,2164.21,2119,2119,0,0,0,1.17,0,0,0,0,0,0,0,1,,,,,0,0,0,1,,,,,,,,,,,
1791075690,BhaQEvju9852hiJiFs9Y2ecGRb37oUfE9dAA8pLSBAGS,SHL0MS,CPtHUREDE6HYt1UfexGFBXw2wFQj34FwdLeyzJKRAjQb,meteora,1790843179,0.000004988,6556.07,4987,4987,0,176.59,544.97,6393.48,0,0,2,2,10,8,267,78,,-9.71,-24.18,-7.89,0,0,0,1,DYN2,,,,,,,,,,
1791075674,2GU6JT1zpigtYAk3vAVwdrvHuzbPkUSxrUkHHGpGpump,assless,2utMoByVsBZ64ZKbYxLu61MM7EUYxNCCRTbmzJ6dXzCm,pumpswap,1790846435,0.000003759,3536.58,3558,3558,0,0,124.9,692.23,0,0,0,0,0,2,3,22,,,-6.58,-22.66,0,0,1,1,,,,,,,,,,,
1791075690,BsaissLqJmMMrXXmuhaRVjDa49Qf5QYzDpE8nZvc1vWJ,Mars3D,3Cpb9kojdQHLR2Rtf22azTD3Ld2mTXmkcfauNR1sQvif,pumpswap,1790846363,0.000002836,2809.99,2712,2712,0,0,0,3.47,0,0,0,0,0,0,0,4,,,,0.08,0,1,1,1,,,,,,,,,,,
1791075698,G6autZruJLEzYKRh84qTsbVhrTvLEbjBYdHnBQH1zitp,backpack,JAgorsZ4Y6V2EevnpQME2fEckch5uCbGSvqRw7TimW4f,raydium,1790730792,0.0001395,42063.79,139554,139554,6.81,6580.57,68718.62,196541.68,0,1,53,39,374,250,1018,903,-0.06,-9.93,-38.68,-49.52,0,0,1,1,CPMM,,,,,,,,,,
1791075674,2B2jRuauv1W3f3g1wRgjoZ9eZWfeiCcBfNZZ97Twpump,Hachiko,A2pQUkGJsuxSySb5uRLTTwJ3ygNDwxKXucKpMu6iUirF,pumpswap,1790849612,0.000002798,2757.12,2607,2607,0,0,94.82,250.3,0,0,0,0,0,2,0,8,,,-7.04,-16.16,0,1,1,1,,,,,,,,,,,
1791075674,2SVkGBPF3f7zfp7v7SiSf6PSnN6DEKbCDbSo7QNkpump,Mosquito,3Mneri3xJb4d8tA3AvAz8CMaT3B67bQT8w4mRVRUbWKQ,pumpswap,1790848043,0.000003471,3384.33,3379,3379,0,1.79,58.76,487.26,0,0,0,1,2,7,17,19,,-0.39,-3.85,5.52,0,1,1,1,,,,,,,,,,,
1791075678,4pZ9PdgmGHJyiJoBrS5sn12YznDGYPbr1vGB6tgkSykb,Leo,Drh7JkbBRvw5DsDaLw3p6x7BKdsCbNFHkSZhpBjdYdcp,raydium,1790849746,0.00001169,11614.01,11700,11700,0,0,248.46,2584.69,0,0,0,0,1,6,17,34,,,-6.1,-42.02,0,0,2,1,CPMM,,,,,,,,,,
1791075677,43WhJUaUbdVNSZG6H2khBjTWGs4heEEvhgX68kAvpump,BOOBA,Gps9W2toXuBjbsxkjtou3efm9jS8nwNgGvvocxL6rsso,pumpswap,1790849157,0.000002713,2722.5,2615,2615,0,0,0,27.61,0,0,0,0,0,0,2,2,,,,-0.55,0,1,1,1,,,,,,,,,,,
1791075699,GkDxVeeXvcX6CHz7AYrduhaL4tuschcA19JNWRCjpump,STATS,8aRfzYAwVMFtnR15mD3BpS1zux2yEsGZBTRG8bHF1JY9,pumpswap,1790858096,0.000002322,2326.51,2233,2233,0,0,0,0.69,0,0,0,0,0,0,0,2,,,,0.01,0,1,1,1,,,,,,,,,,,
1791075700,HFNSKQh7bHzEKzt5m6pe79FmGiZ14PJjJScBshts8Yd8,かのくん,nLeBNhqVgStTozsf5m9jkx8tfgg9zJJTRHbb5QJFyW3,pumpswap,1790850160,0.000004209,3910.85,4048,4048,0,268.77,2039.92,13060.07,0,0,3,5,35,34,248,241,,-9.39,-20.82,-70.08,0,1,1,1,,,,,,,,,,,
1791075687,9kLnq1AKtsx6WAxTbUyYvQySEpJj4J6pCzQqHHKcpump,MNM,FvhoSArU7vysQmbJT5PBnEvjErXTjie7FTw12zwFZ8qi,pumpswap,1790849558,0.000002422,2590.38,2349,2349,0,0,0,0.45,0,0,0,0,0,0,0,3,,,,-0.05,0,0,0,1,,,,,,,,,,,
1791075699,GxdZqQtSDChqoVDeJ2YNV1uBc6iF4PXhyk21p34Qatip,TIPSY,7TH7ktDwTuKDFisCKnZXS3hWF9g3P17SYSE9csFD8mAj,pumpswap,1790888883,0.000003485,3321.05,3307,3307,0,0.38,33.61,939.44,0,0,0,1,2,4,14,32,,-0.27,-1.36,-24.04,0,2,2,1,,,,,,,,,,,
1791075695,EqZwBqyN483N1yJocyfNEVSWTDvp93UnywAEjNgJUKCx,OpenSI,9qagZm5NMtKkPAd54ZmLGoy581ztV9x2bkPSMgxagxTC,pumpswap,1790853509,0.000002897,2856.13,2771,2771,0,0,0,259.1,0,0,0,0,0,0,2,6,,,,-2.96,0,1,1,1,,,,,,,,,,,
1791075685,8edcNEC4r3m6BcrNLWZYMhQ9DQqdr5cuTKhyCjvPpump,backpack,2R944TdpgZVavMVqLYfnKxyqehYeUkqAWZYD6pC8YsWJ,pumpswap,1790853100,0.000003164,3114.55,3040,3040,4.3,5.37,95.31,230.53,0,1,0,2,0,5,5,13,-0.08,-1.54,-8.37,-12.94,0,1,1,1,,,,,,,,,,,
1791075692,Cj9Ch1JiHcSjrsk1sDcFNgQzb6sonhbJj4hunYAHqYfm,Partyhat,ErPX8GRnXTCNeYxwHT6Tah2mM2jiAKWrJSEDBBD9vFqE,pumpswap,1790850938,0.000002609,2671.67,2508,2508,0,0,0,13.43,0,0,0,0,0,0,0,2,,,,-0.31,0,1,1,1,,,,,,,,,,,
1791075694,E5A2cdJxPm75FMeUeTSdCwwYFgJ486A6n5MpPM8tpump,CHRISTA,Fgm8pFFWkoZJ1DwEaJGptEJtBMVPyvWFxhj8kXq2fCwY,pumpswap,1790826074,0.000005741,4890.04,5201,5201,0,0,451.83,4193.9,0,0,0,0,7,4,57,74,,,6.85,-52.68,0,1,1,1,,,,,,,,,,,
1791075683,7r1v5rZcGnyzVs1jei7FeMEiZVf4GhQgLYXjZHmMUDGQ,HOURS,9coDbwAB3nkGTs36HjiZGy3CeKB8w77MdRAiRjik4i2e,meteora,1790854744,0.0001210,33977.37,120785,120785,612.19,28143.4,52636.03,167158.04,2,2,145,143,423,323,1265,1017,-5.19,77.74,71.66,80.62,0,1,1,1,DYN2,,,,,,,,,,
1791075683,7smQ2rhwG73tPtaiKyoWoeywQBXYG2MUNEofvApRpump,AI,DjriNCwhHC5ikYBuoC4BLekB1qDYTNtmmzEr8WCLviiD,pumpswap,1790855187,0.000002364,2461.15,2295,2295,0,0,0,7.57,0,0,0,0,0,0,1,3,,,,0.13,0,0,0,1,,,,,,,,,,,
1791075681,6hjaMcRPvB4DEGpHqgHxmgipb2vrGQWMewZBAVSLpump,STATE?,5WBYceMmszMxy2CxLTtcHLGefL3Y3kfvAqMasdTLFNv8,pumpswap,1790605787,0.00002117,11433.7,20415,20415,2.37,689.65,3619.46,17781.73,1,0,4,3,38,39,211,167,0.12,-16.28,-14.95,34.39,0,0,2,1,,,,,,,,,,,
1791075683,7mEhH5gsuwPeBC9n9C2XQJdXinWhKGfNhrt4r8db47Cn,Snoopy,5bYtv8P5197JM6oKwAt1hZBo1xJ8m7VTco1NArmqMv6B,pumpswap,1790857169,0.000006531,5625.19,6294,6294,0,370.69,2227.21,14733.8,0,0,6,3,30,40,199,220,,13.05,-30.15,-51.29,0,0,2,1,,,,,,,,,,,
1791075684,82wr8yv9QK44JrjbS2kU8V7TdmdvwkBHLDDtfKdupump,BAGWORK,FYgPCgpTsjNJPRAq4koq6FdMf8mhnVrEhCy5oh9RZCgn,pumpswap,1790856521,0.000003089,3132.83,2997,2997,0,0,17.45,24.27,0,0,0,0,0,3,1,7,,,-1.3,-1.01,0,1,1,1,,,,,,,,,,,
1791075681,6tdakNZRvYskxXorh2wmyKhxRe2G9dQ2m9m8xtQNpump,Bagroom,HW4nRzRRtvzEMcnzbJ6opmhTMWpCjKZnUU6SihxeseRn,pumpswap,1790857893,0.000002342,2345.16,2243,2243,0,0,0,9.93,0,0,0,0,0,0,2,2,,,,0.34,0,0,0,1,,,,,,,,,,,
1791075679,5M9a7uQ4urDdwdFNitssdfjMBLeAqdCVUc2Wd9Bpump,Athletes,8mDv8GxGfemitAyamp6LLCAnnV3uL6YzD7DHzninAawr,pumpswap,1790857641,0.000002563,2817.28,2471,2471,0,0,0,1.66,0,0,0,0,0,0,0,2,,,,-0.03,0,0,0,1,,,,,,,,,,,
1791075680,5xRgf67CKfo6A96ZskqVUcRutENpcBTpjrKYGDQu6eqw,KATANO,6BUyGDf8buMKHRDz9ZhQr7cQeJTkgPoFZCYmd3eyC3ma,raydium,1790857924,0.000004376,6089.72,4377,4377,0,1.2,55.28,1612.99,0,0,0,1,2,3,30,35,,-0.08,-2.79,-8.93,0,1,1,1,CPMM,,,,,,,,,,
1791075694,E5UqwtQsWMk2zdDdkehGrChAWMdq9Cbd5RUBwtTgJ4gA,FSC,7SNwGdXse6rhvhCCHJy6iYnmTiTNYBojGpzwx7gSYB5G,pumpswap,1790855760,0.000002653,2675.45,2538,2538,0,9.13,11.9,53.52,0,0,0,1,0,3,1,15,,-0.54,-0.34,-2.99,0,1,1,1,,,,,,,,,,,
1791075682,75DjurpbbaF1fcRmo6zdipE8drirJxU8mvDzw7nckKiY,Boy,95vTvDpjAJE33wVuFLoVkba4D8MAhWjFccL9AjD1H3c6,pumpswap,1790859784,0.000002599,2609.06,2511,2511,0,0,9.02,266.03,0,0,0,0,0,1,2,9,,,-0.63,-1.84,0,0,0,1,,,,,,,,,,,
1791075682,7KNHqGSHowuHVu2mKFHr8wyZeWbwXfeE226egqLJpump,ROLEX,AqnW1JmZCLAjXh6Fi7DutcXSEEnhADRHkR1rvDA7Mb4Z,pumpswap,1790858440,0.000002135,2161.69,2127,2127,0,0,0,1.18,0,0,0,0,0,0,0,1,,,,,0,0,0,1,,,,,,,,,,,
1791075695,EteLE6zPKPPXtkU1NDqi5Hw2QePE3pWsYMaxnY9Dpump,HOURS,C4NjdYdQKbHsu5Sx2RnTcawYSFaAd3WrRtT8jeAzy4iq,pumpswap,1790857965,0.000002278,2392.86,2239,2239,0,0.04,0.04,19.58,0,0,0,1,0,1,0,2,,-0.81,-0.81,-0.81,0,0,0,1,,,,,,,,,,,
1791075703,nL4ky1BFjvEs4LcZhk5ZqtcTSpyPxDNGtbGJuLuthaw,THAW,AFysGrvNFcvHGjtsxmjmj5WHCsbBAG5zTF5T1ic3okQr,meteora,1790862880,0.000003339,5446.07,3337,3337,0,0,1.03,54.12,0,0,0,0,0,1,1,6,,,-0.19,-1.38,0,1,1,1,DYN2,,,,,,,,,,
1791075699,GkgcCZ5zw61noBYRZdTHv2HwHuepi8jqwQsJj9DBEMMA,EMMA,GefYch6nVaqAM7d9HnFvNicKESmXWdv5BA2pJ7thWfGV,pumpswap,1790860860,0.000003291,3171.07,3107,3107,0,0.46,0.46,265.98,0,0,0,1,0,1,29,5,,-0.02,-0.02,-2.47,0,0,1,1,,,,,,,,,,,
1791075700,HdKspZFn94xXWn36YZSfW6sV9rkBoboWJ7dUzpeUpump,SHIT,DvBPY1KrCZwHEgJLWoqGyb2b45yPbrivrxvWFzgcRJx6,pumpswap,1790858293,0.000002959,2977.84,2875,2875,0,47.55,47.55,269.58,0,0,1,1,1,1,3,8,,-0.41,-0.41,2.13,0,1,1,1,,,,,,,,,,,
1791075687,9pJWJdpPebyANys45eetpemLJo8yTz4n5B9zbpYw9ZMr,Jane,31eCTC8W3VcX7BiFwK2o5Ax41FPi2UyHcehcy2Gd3H5h,pumpswap,1790860719,0.0001041,36920.74,102069,102069,877.73,8751.9,102125.26,251619.85,2,3,33,49,535,646,1777,1862,-4.88,-4.13,-1.88,-11.68,0,0,0,1,,,,,,,,,,,
1791075698,Gd28K8mXV6AsDyjpHnREdC6zetL3XVrLY2yk1urZpump,CATANA,9xVi3514hnzQa8VCq3VfLeRqsyqd3havAu1efdnLxNoB,pumpswap,1790887562,0.00001700,10254.81,16442,16442,105.92,3881.94,16127.02,97628.75,1,2,50,51,174,158,1126,949,-0.86,-22.97,-28.27,33.28,0,0,2,1,,,,,,,,,,,
1791075679,5Heq1xjFjuNBuAEAEhbUChgM2Q6AaTTNmVEDVqEpump,PUSH,37CjrMg4BhTnP8rBs4bTEphrUn4da2EK8q3RSYJvC3ZB,pumpswap,1790862223,0.000002587,2730.84,2525,2525,0,0,0,16.97,0,0,0,0,0,0,2,4,,,,0.21,0,1,1,1,,,,,,,,,,,
1791075687,9wc2gqjJXp3wEi2gQQu22i5BYy3fetgvaLCEN2CJWB3h,wifween,CvxAM9FfK7fKB1kQfMqYqu1yreW4DN6qg3mjwif6Lv3c,pumpswap,1790861151,0.000002664,2653.86,2573,2573,0.76,5.55,67.57,167.75,0,1,9,4,75,47,182,106,-1.15,0.69,0.45,4.83,0,1,1,1,,,,,,,,,,,
1791075696,FEVYjz1uqrGxF5gUfbAb7hHUTGFv7hycLWywsanJtLhm,Jane,BZXt8t6r99tQDjHMEfcGaWA5hxD4b3D53S1eehonGS5g,pumpswap,1790860957,0.000003152,3401.46,3054,3054,0,0,0,951.09,0,0,0,0,0,0,11,19,,,,-3.61,0,1,1,1,,,,,,,,,,,
1791075676,3gpxyeGkJfpeRsZ8cpeCy2YRLe4WsHxL72xkQi3Xpump,e/sol,AMkNuhEFZf26et1Dn9ihxS5YnvDrjXMAWXpwSEDZVfU,pumpswap,1790862164,0.000002484,2712.4,2414,2414,0,0.3,0.3,8.58,0,0,0,1,0,1,0,7,,0.51,0.51,0.44,0,0,0,1,,,,,,,,,,,
1791075681,6YpaCBKZNTMbM1HRMby9ACsc9xq7muXxfzWdKiqApump,P2P,HB6Pf5MSVBY3Kms2TgMpussutgnfsUdcYPLPU9XKVWmZ,pumpswap,1790861091,0.000002578,2788.8,2444,2444,0,0,0.37,8.19,0,0,0,0,0,1,1,4,,,0.42,0.3,0,0,0,1,,,,,,,,,,,
1791075679,5DasfQV93VnQJ2tC8q9nwknUppWVjL1kDvuFG4rnKXKc,B,A4M3N3XLN1EMS95ZA9p8HxWg1zfpMcKACxn2GQ8FDAND,raydium,1790864093,0.00001427,11493.85,14280,14280,0,2.27,524.19,3974.81,0,0,1,0,10,7,34,42,,0.11,2.64,-15.13,0,0,2,1,CPMM,,,,,,,,,,
1791075680,6H75PU1Z6Yt6gt9ow8aLpqSubJy6nyfW2jtHffVwDnCt,b,AiucNByHhwgjbR6sSPX13L4sDVMS3mtwJCSpaiccBmtX,raydium,1790863417,0.000005311,7154.3,5312,5312,0,6.96,18.08,1600.44,0,0,0,3,1,12,21,44,,-0.39,-0.72,9.66,0,0,2,1,CPMM,,,,,,,,,,
1791075685,8ypYfW5cjafrfAZij8TZj5SFHAbPNpiRio96LMzypDkn,BTC,MtD7C3bpRPP2LNim3DUfnoVTuRSQHBuCWhu9fKYKJqh,pumpswap,1790862752,0.000005209,4924.53,5006,5006,0,0.25,178.03,2085.91,0,0,0,2,4,10,27,65,,-0.71,-3.84,-18.36,0,0,1,1,,,,,,,,,,,
1791075698,GULoSAoTe6VMN89iQy7seGsRwUehtLz9uVVW569tpump,UNITES,3TeP2BWpqW1YyKhoGhVf8KxEoYTCKjH6MPYT4mbrMyYk,pumpswap,1790861889,0.000003698,3684.55,3500,3500,0,0,0,63.67,0,0,0,0,0,0,1,4,,,,-1.23,0,0,1,1,,,,,,,,,,,
1791075687,ACLjA8MJypDUutwSnjPoWy8bG4hj73gDCAebuoqDpump,SEEDLESS,BPTK8C1Z5jcd9KTm5auoaG2UgvXBMpVymTRu9ZS9tc5k,pumpswap,1790864575,0.000002914,2865.27,2689,2689,0,0,0,4.17,0,0,0,0,0,0,1,3,,,,0.85,0,1,1,1,,,,,,,,,,,
1791075693,DpGNFJ4pk4dBwDXR5R4sU9S8qUkfH6pS5nVH4gUWpump,SuperPaid,BuhGf8UjXhx9P7Nqd6DZ14j522rzhHwVDbnj9GR6qerc,pumpswap,1790864243,0.000002490,2577.06,2337,2337,0,0,0,0.05,0,0,0,0,0,0,0,2,,,,0.95,0,0,0,1,,,,,,,,,,,
1791075697,Fn9yPE7piEUxFn78HuBrSL2yk5goD4mu6dtwz6k2pump,Jane,7i3L1qwprTTCsVqj8tdXDFpQbWXqC91g1TfmDFjhWvys,pumpswap,1790863761,0.000002513,2671.79,2428,2428,0,0,1.87,1.87,0,0,0,0,1,0,1,0,,,,,0,0,2,1,,,,,,,,,,,
1791075697,FfGSQY26D11rfWaGaz3NaFbmW7kr1FwKiBpVC35WuGRW,LUCY,99ZtvQTNvyAbsGpD31HxNM76FLsLh42uF4GRHgKtvzji,pumpswap,1790865372,0.000003641,3526.43,3528,3528,0,3.69,229.56,921.13,0,0,0,1,3,4,9,16,,-2.04,7.03,-6.25,0,0,1,1,,,,,,,,,,,
1791075674,28eCFQNPGY1WrrDNhWjqpgf9DVZqaJc6pZaCbRmjpump,XENOPHON,5oN4iGRbBegQ5a1U35BpyPxEoLpwm788oUkSPkvKrqUy,pumpswap,1790866307,0.000002413,2407.73,2284,2284,0,0,0,2.26,0,0,0,0,0,0,0,1,,,,,0,1,1,1,,,,,,,,,,,
1791075687,AR5iMfe5BspvxCHuo5om9PSyJRZaTTWWYyr8jLWSpump,unc/acc,8qCcTgV7Ed7oeaZDsDQsDzvWZ3oakTPnfLzCeGwf6xoH,pumpswap,1790866026,0.000001188,1665.25,1148,1148,0,0,0,0.33,0,0,0,0,1,1,1,5,,,-56.61,-55.87,0,0,0,1,,,,,,,,,,,
1791075698,GEc2dfNsWyypzZ1ajjySJkLKiZwRzDQN4iW8qy7sHMfh,Mr Beast,FFMPwgRdstLo8bnNRNFtXhtKa4CKDejsVpL117nNokTG,pumpswap,1790864762,0.000002136,2154.72,2126,2126,0,0,0,207.77,0,0,0,0,0,0,0,2,,,,-8.5,0,0,0,1,,,,,,,,,,,
1791075677,3qJLoMQcLWVFUQ9YnGTntP3CWSA3pdZ5FzqGVKitpump,hotbox,C8mE1rqjZnERCTyqDL36haPzxj1AwqP2As3KdpLxJMqZ,pumpswap,1790865746,0.000002885,2898.9,2777,2777,0,5.37,6.24,179.56,0,0,0,1,0,2,0,4,,-0.1,-3.39,-9.7,0,0,0,1,,,,,,,,,,,
1791075690,BgqWABcwUij6paZ5g2YT79HcuMwjD5EX1qNVBsHipump,Gemini,3AkjXJrkvTozudMwvk3AEYfPAxBB4Qis9m7Tp9NfVNzw,pumpswap,1790864761,0.000002143,2186.41,2134,2134,0,0,0,1.17,0,0,0,0,0,0,0,1,,,,,0,0,0,1,,,,,,,,,,,
1791075687,9mHq2j35t9sm4hj3bBQsZE2PNAJVHxgbkXK4r9R8pump,Grok,5FYKA2mhjmeJo7YMFg3Cfo3za94ZV7f8qijZkyVsDxkG,pumpswap,1790865312,0.000002160,2188.55,2151,2151,0,0,0,233.21,0,0,0,0,0,0,0,2,,,,-9.85,0,0,0,1,,,,,,,,,,,
1791075681,6vWkRRyPY9sGnCvFgLCwn7mJuCheMbTcuj5nZGox28sK,FDC,iVgjHtLo5DUBvxRx8EHvN1YM1MXoECwkzXBTaHLMfFu,pumpswap,1790866429,0.000003033,3052.32,2938,2938,0,0,4.58,112.8,0,0,0,0,0,1,2,14,,,-0.44,-7.15,0,1,1,1,,,,,,,,,,,
1791075699,GtV6g1ey2NERrcbvL5bdzrxRJQDfxpMaLU9oLtRipump,CROW,G4yk7zDAiQkCS7ch22vpi9Ey6fhDhkpHFEYyz2gJ6q2t,pumpswap,1790863293,0.0001225,31165.32,120089,120089,40.09,1914.91,14383.42,34315.29,2,3,39,20,318,122,1205,421,-0.15,15.87,-30.59,-47.48,0,1,2,1,,,,,,,,,,,
1791075683,7bFSPC7HXV9wxikGRphE55kHTiGnX8bmMiZDeYUnuwN3,VLO,CXwsWHQvnZpfhiRtZhw9VE9MiCKLTrUQrY7rovrrAbdz,meteoradbc,1790865537,0.00008986,,89866.49,89866.49,0,0,41.77,123.69,0,0,0,0,3,4,6,10,,,-0.1,-0.21,0,0,0,1,,,,,,,,,,,
1791075688,AYRTq6bfnNzWMY5ACWTRUtMCwV8PAhux3wm84q5mpump,lowkjelly,7Gb1hnYFcPEvePn1dskrXijxT5FFntPGSgUAxsLNyiEf,pumpswap,1790867045,0.000009361,7311.16,9057,9057,0,483.64,2567.67,19319.52,0,0,16,4,57,47,252,259,,-8.2,-38.02,-59.07,0,0,2,1,,,,,,,,,,,
1791075695,EdBGYHVib6iXkBxUdB5uzUKHwXYruKKEkwt69BU6pump,CODE,7PxVThJvYsH1nbsVvRajp2N9aej6iwHCQYA2RKWwVsx4,pumpswap,1790869323,0.000002596,2591.26,2411,2411,0,0.6,0.6,11.06,0,0,0,1,0,1,4,3,,-0.54,-0.54,-1.94,0,1,1,1,,,,,,,,,,,
1791075676,3FcmxeuaDPNX5JsRD1VS769ijvCE1QWRXyqsioMNpump,JANE,3Z2hA6bWTLd8uBATbFPV4QgbvWeBhG9NQFjZznj7eKgw,pumpswap,1790867125,0.000002603,2817.78,2564,2564,0.76,7.13,69.95,137.06,0,1,6,4,57,35,134,77,-1.27,0.58,0.6,4.21,0,1,1,1,,,,,,,,,,,
1791075678,5188hYRf2saZt9PhLD6exKL4MCQquRmw9SGaBak6pump,1,2DpuypEtKm7pFg2gcD3Govw4QLPVsNUkj7K9A4HdcUyj,pumpswap,1790868898,0.000006492,5818.75,6193,6193,0,0,33.02,566.43,0,0,0,0,1,2,5,8,,,-0.27,8.89,0,0,0,1,,,,,,,,,,,
1791075678,4ZjwdUJTNt5Mbjw95cG4TtoaVPZE64xdDaQ9zdyJNMnS,BLAST,CeJarR1mZJcWGRTgSizuNKaMXgWtYPy9QNLTXW7UiMiw,pumpswap,1790868324,0.000003189,3200.96,2884,2884,0,0,0,0.17,0,0,0,0,0,0,0,1,,,,,0,1,1,1,,,,,,,,,,,
1791075677,3s7HNAvfm7sHCnrLQczFP8UBbgM8mpPoyKCWHvvRcJFG,NEEGY,EtXMLufEhTSE3z6g9Pj42px61rdsNjX8EvMAwoSoNyH8,raydium,1790869767,0.000002517,4624.98,2517,2517,0,0,3.71,29.67,0,0,0,0,0,4,0,7,,,-0.26,-2.26,0,0,0,1,CPMM,,,,,,,,,,
1791075697,FbGfMBy1MwpQMZfVPrMPcSw3gu5spumtSsisS8M1FSKu,PISSCOIN,65kdjTaqravAgXWXe79NdfZ13Y71z4AFhyc3WU5o7Qey,raydium,1790869671,0.00001754,12945.61,17542,17542,0,1230.15,13367.99,26499.31,0,0,12,9,96,67,187,193,,10.16,35.99,-33.13,0,0,1,1,CPMM,,,,,,,,,,
1791075689,BWbxfHtvfufeXvZ1DBTR7nhQh3zcJxLwKA99rwT9pump,SOI,7m7SQ7v4JCby9mGepXPiCnjbefynhro1Asp5UAz6TfeU,pumpswap,1790869489,0.000002465,2631.13,2394,2394,0,0,0,0.19,0,0,0,0,0,0,0,2,,,,1.31,0,0,0,1,,,,,,,,,,,
1791075700,HmMDsu7WFPxJVhXEZdkMFgQHgschqA73DnuSTheYpump,Janes,8ybijrpQm5yG6pkPC2k2DaGkv2m52Zz3VCJMgNTyk99y,pumpswap,1790870670,0.000002516,2795.36,2477,2477,0,0.59,9.21,27,0,0,1,1,12,11,34,28,,0.42,0.42,0.6,0,1,1,1,,,,,,,,,,,
1791075700,HXJJiAwtJuwCgqPveEaf8sDG4myXGopSzrZzCnhtpump,POTS,GATjH5XKTfHNLvCzg7M9M8o2UmPhKyvuF9M6RMWZEJxy,pumpswap,1790871495,0.000003260,3199.95,3066,3066,0,0,0,32.78,0,0,0,0,0,0,0,7,,,,-1.86,0,1,1,1,,,,,,,,,,,
1791075675,2qizXDtpK92YziSqmt6Kry3Zc6CNuZxjbQodqcEsZXMR,XCAT,GdA9zjFBz6S7ML4MRYjNmxgW87m3Br7qtbdHdvj6wCjy,raydium,1790862404,0.000007792,7482.48,7793,7793,0,0,315.01,2647.45,0,0,0,0,0,10,26,75,,,-14.37,14.89,0,0,0,1,CPMM,,,,,,,,,,
1791075690,C7WsYzixPHZSG39ei9W4rdH2TcfWxtDSvBBACNLc3yJN,HARDHAT,4gwtAwmwNMPadM8CEEkdPeXNoajeaEJeyPZnguapyVUr,raydium,1790870499,0.000003046,5081.35,3046,3046,0,0,0,3.6,0,0,0,0,0,0,0,5,,,,-0.58,0,1,1,1,CPMM,,,,,,,,,,
1791075697,Fcr5Ps2Rn6R6QjNSJCScWMhrGWvaU1t23R7UNv1iGDhk,GG,EmUgaiZJDsZqqpf59XActiu6XMvYNGXHzdCic5DMA9AS,raydium,1790869935,0.00003525,18800.8,35255,35255,1.36,2136.73,9570.76,125807.28,4,0,129,15,291,118,1686,947,0.03,16.88,1.95,10.21,0,1,1,1,CPMM,,,,,,,,,,
1791075695,F1JSxxu5NjNV7D5j3SuqhtQ7VJJN7brSwwVFp95pump,T5K,GR3seHB11eGJDLk5zDd3yxKTBZfC3CAphz68eCe3Ttmk,pumpswap,1790871617,0.04821,637943.12,48209755,48209755,632.28,8629.76,52269.36,210955.7,12,8,162,114,1014,680,4110,2752,0.63,0.58,1.8,8.42,0,0,0,1,,,,,,,,,,,
1791075678,4k6izeEjsmsB2HGem2MMqjMxMMgDg1JZgkC1GaSVpump,SA,8tD5Vd7aP76SCZdgSH1cPcDUcEW6qBgFUnd7k3Em5UM,pumpswap,1790870893,0.000002543,2842.97,2479,2479,0,0,0.16,2.3,0,0,0,0,0,1,0,3,,,0.47,1.13,0,0,0,1,,,,,,,,,,,
1791075691,CRLB1RYRwBdgFDp1ywiGDF7E1DPPJAikPeBoR2BujFcQ,DUEL,7u2y5DzCttwBbasySo3c6xJuks87sCYTL3ugtsQdzQgy,raydium,1790871402,0.000002892,4953.73,2892,2892,0,28.49,4950.06,6997.61,0,0,2,0,11,67,27,100,,2.32,-85.07,-86.66,0,1,1,1,CPMM,,,,,,,,,,
1791075700,Hp5YcxSm7X7Mw3miBGeN4HtSwFAAGbzhPgXVWQf7y95g,KAI,51HcWvXpTYLqQ6wfoc1gfpwuNuLotJoChvaV1PeePtkD,raydium,1790871489,0.0001151,23003.38,115141,115141,0,0,0,2.38,0,0,0,0,0,0,1,1,,,,0.09,0,0,0,1,CPMM,,,,,,,,,,
1791075676,3DrmQ144kzEx5ntNWbjGfH3D8NhGw2KeCNUCeUGUHM9C,MOVR,2Vb9CCytb76gdBoqfZBXvLR43hVhbhNEw4SZRFam2b9n,raydium,1790873238,3.20,3200026621.01,3200294368,3200294368,0,13.18,46066.82,339905.64,0,0,2,2,9,11,37,37,,,,,0,0,0,1,CLMM,,,,,,,,,,
1791075696,FFrRBPP9yWtSqnKjXXM9C77MBdLztfdgSnRE858zpump,MEME,ECN4kZK2V53YfvCk9mgbozRmRUcxrLfMbDVv2hmJ3FL5,pumpswap,1790871366,0.000009877,8352.32,9623,9623,0,0,2898.43,7962.56,0,0,0,0,54,30,188,181,,,17.9,-24.43,0,0,0,1,,,,,,,,,,,
1791075685,8oMvxgcBJtDGNSc8kogCEEFxSvvi7x6jHRfSWaiWpump,DOMAIN,dH12Ke1gyoxqcujh9oYkNMwJkNNNuGvBszZnBrmVpWh,pumpswap,1790805946,0.00001766,12906.31,16899,16899,0,29.32,3072.52,55537.82,0,0,1,3,38,37,619,600,,-0.51,2.07,-65.33,0,0,0,1,,,,,,,,,,,
1791075694,DxgJTLsgNVMaZBpgPzKBBBLBSdSAZzxyAeAfboUApump,TRUMP,2cYkH5MLLaUh9K1776DAjQisXo6iAJRdeJJKWqi3A7US,pumpswap,1790874603,0.000002812,2875.24,2700,2700,0,1.48,4.24,114.42,0,0,0,1,7,7,13,20,,-1.06,0.27,-5.18,0,1,1,1,,,,,,,,,,,
1791075684,8V2jTnUbfTDkzznAD2BwhCRR1jJrin3Exj5zPoU2AmJA,FOMO,6tdNjDNFzDdEuKyyvtKtke4Zuarp3MyZwCiERwTsq5Xg,meteoradbc,1790871402,0.0005949,,594928.55,594928.55,31235.21,317488.45,586802.08,1242608.67,80,32,608,299,1401,783,3256,2121,-28.13,39.2,-13.47,-34.88,0,1,1,1,,,,,,,,,,,
1791075688,ASN6XAyWyn1psSbGKNQ7D81byp1CRTYd8Q9aA2DW9M3n,pumpfolio,BQ3gvDP8cbMZXPKtqGdzxjAWujBVLDQySJzRDgEr6C2Y,pumpswap,1790874374,0.00001418,10050.22,13807,13807,0,84.77,4259.32,23524.66,0,0,3,3,63,44,318,362,,-0.25,46.75,-40.09,0,1,1,1,,,,,,,,,,,
1791075682,74wf8kZrSXrcXDytmDK4eXaePoKm92fBWtauuJdQpump,SuperCali,5Q7FCGXCbZhTtsLm5aTz5MdFfTHL3UfvQ2gCm5oGWUpr,pumpswap,1790873640,0.000002614,2870.04,2574,2574,0,1.91,497.55,561.73,0,0,1,2,52,33,121,73,,1.52,-28.09,-25.86,0,1,1,1,,,,,,,,,,,
1791075680,5p4D7P3qWVbTkuJugAZsVs1F4S6E2BDnuyKP9dtKhLu2,POKEGENTS,FPWtHaFRf2bT99Mt8jfidvxvSYR6wPzwj5eUBixekJ2J,raydium,1790873912,0.000003162,6115.89,3163,3163,0,0,4.36,10.5,0,0,0,0,1,3,2,6,,,-2.24,-2.31,0,1,1,1,CPMM,,,,,,,,,,
1791075700,HXxJdaQbrYRvwTAM8M8mUPyoRPvmyuUbPFBRkiAAMASS,Ansemmas,6qirp44Q2T8B1CfbGmnqeXCLdQhFqmNCfAFfpKG4N156,pumpswap,1790873795,0.0001995,46980.22,190271,190271,6376.71,16619.99,81877.54,260703.57,29,19,124,123,648,598,2534,2247,-6.18,-16.89,-6.37,14.24,0,1,2,1,,,,,,,,,,,
1791075699,H3NJL31MZyELu2NyxtoJA4ej8ESEHtQfxZGDVwdjpump,FLINT,3TC3rRAenGqSStn6mPx3MJGpjYmMUzUxYVuo3nqwkdcd,pumpswap,1790866046,0.000003991,3951.96,3852,3852,0,0,422.42,1523.6,0,0,0,0,3,9,14,33,,,-13.14,-34.3,0,0,1,1,,,,,,,,,,,
1791075693,DQUAnBuahNy6H2kfpogiQuxXEc5YTcsvU2rhmL5Npump,MICROPEPE,33KbeG4cSNEfMPraXbycaw8xUZHyCQbgc6yu4JugcKsP,pumpswap,1790873275,0.000002333,2429.91,2253,2253,0,0,0,1.54,0,0,0,0,0,0,0,1,,,,,0,1,1,1,,,,,,,,,,,
1791075692,DESwuRnMHpsUfLWPrF8s6Ph9LTAVyCrMUzwhcN8kSTNK,FUSE,7zBzrNNbdQJo1ShWYtZniRJ3WyRF5YmYr4LVd8HKuXMr,raydium,1790875961,0.00002525,14503.87,25255,25255,0,755.23,8975.94,59607.77,0,0,19,10,130,87,615,474,,-7.9,-48.09,-77.97,0,1,1,1,CPMM,,,,,,,,,,
1791075701,JD3d8mxEJ91LHZSuwVLquFAKdo5PbEeLCUevjjDsPdRe,TERRA,8KYv6Ed2Ewxf1u14ggofQXTD4FVsNKFknKBfZAhDFKE6,pumpswap,1790777131,0.00002233,12082.76,21269,21269,11.29,23.92,1623.05,13055.11,0,1,1,2,8,16,83,117,-1.14,-1.59,-15.08,-11.24,0,1,1,1,,,,,,,,,,,
1791075677,3kaPZWNgvtudaHeZoPEhkL4SX3PBvGnY725ZDRMCmKvW,LUCKY,5pTGCESF6fT53wfuvC3UVcWmdWRRWWtqird4SA37MFDG,raydium,1790869847,0.000003153,5438.47,3153,3153,0,6.45,41.55,2805.03,0,0,1,7,13,21,41,103,,-0.48,0.28,-35.9,0,0,1,1,CPMM,,,,,,,,,,
1791075696,FFivn1EnbiycRD3c4nAQvuD7zPyqjRqocWD8FtHcF2Sw,NYSE,7YqeLBCmR8WLok5V1rpvhbhCm4EWm9rSRznah37poBnj,meteora,1790876289,0.000004764,7143.85,4764,4764,0,34.33,51.26,1758.16,0,0,1,0,4,2,14,21,,0.81,-0.14,-19.22,0,0,0,1,DYN2,,,,,,,,,,
1791075689,Azff3fCQMpu1Z6zLRKDfdihnoPgZi5p7w4rJxaXsgxJ1,HOOKER,EcKHCwwph8QwG8BrH3P9mvbwF7Tvpc5YKpVWaTDLgJz6,meteora,1790876576,0.000006055,7538.42,6056,6056,0,70.39,864.57,10024.77,0,0,2,0,9,21,114,125,,2.29,-23.52,-66.13,0,0,0,1,DYN2,,,,,,,,,,
1791075699,GzahJ2WwEtyVvUAetrmK2zvvfhD887WtuH8hFFuh5nwn,GRIFFIN,GdwvZhNuEpv2mWARrgXtKFMLCDYZQ2aFVtRUFzXmDBHG,raydium,1790875416,0.00001503,12990.91,15035,15035,0,212.18,2607.79,12781.53,0,0,6,2,17,35,100,138,,5.9,-32.46,-27.42,0,1,1,1,CPMM,,,,,,,,,,
1791075688,AaQ6XhjqrTnTWt17VHbTMdJPdWHB9Kx5UCPAZnNNpump,RINSE,97WA9HpK3j4N4y1qz37trWcdLYjH9x2KcSLRKobwkrT4,pumpswap,1790878911,0.000003336,3432.77,3209,3209,0,0,0,104.75,0,0,0,0,0,0,15,12,,,,-0.51,0,1,1,1,,,,,,,,,,,
1791075702,bn6RCR2xHdASpU3cHPxs3Vz3ve9qj8PaXiKKz6oTUof,𝕏/ACC,DH9jbFEXPGgaMvUAg9xshjoLnRizYNV8tpUMw3R7c2tU,pumpswap,1790877972,0.00001451,9247.36,13636,13636,9.67,309.81,2120,21275.64,1,0,11,6,48,32,163,139,0.43,5.78,16.93,8.52,0,0,1,1,,,,,,,,,,,
1791075698,GTz5rfocFdbD3eWKMu4kzTjRVjkjzZwEaS95uD3Rpump,AMD,GALE4iPEpVfjYgzGTo7BoUhujawWKuCAU6bGkX7huWUu,pumpswap,1790877025,0.000002639,2903.69,2598,2598,0.21,2.4,36.42,81.79,2,0,7,6,61,40,119,76,1.4,0.5,0.43,0.72,0,1,2,1,,,,,,,,,,,
1791075692,D9LAwbz4GZT9YhR2HzevcfNbnU2VfjGXQ1iYqYA4pump,SU,4Xri3d5WA2i1RsEvjjFuKunW1HxsiGdnViG4U5fSpwRb,pumpswap,1790876820,0.000002801,3301.39,2695,2695,0,0,0,2.29,0,0,0,0,0,0,0,2,,,,-1.04,0,1,1,1,,,,,,,,,,,
1791075679,5GcDVVysp81MhtR4Xfgv6qjoZRPFqgZVM9s22kUApump,Trump.exe,9EzT1KrRRvh7VSFS1MSU3KRa4qkwpMtgEfJyrmu8RxMC,pumpswap,1790879148,0.000002414,2605.24,2341,2341,0,0,0,0.53,0,0,0,0,0,0,0,3,,,,-0.02,0,0,0,1,,,,,,,,,,,
1791075679,5CpQs2YaLY7z3XKLqNRcSLn38q9GQ7S1yteqcpTipump,𝕏/ACC,HjutGtwLCe3j6ZvfWScJRTwgx5tSiT5E1HzimPKwkWJJ,pumpswap,1790878100,0.000002618,2888.94,2548,2548,0,0,0.1,1.55,0,0,0,0,0,1,0,3,,,0.25,0.38,0,0,0,1,,,,,,,,,,,
1791075694,ELEnRRcKCuuPJBJPeTTGCRocjkBCwbd3R3f8nyg8pump,silent,2bzfurGrmWhEXHpLggzGoJmt4hjHu7EQubtByVrdvBYS,pumpswap,1790880054,0.000002536,2698.67,2496,2496,0,1.01,3.95,60.7,0,0,0,1,1,3,2,12,,0.28,0.11,-5.29,0,1,1,1,,,,,,,,,,,
1791075673,242mDa6NfwdpiZi7cBcHf7Rwn6BQ8LA44fwgEptupump,Ringo,82UwwQvrvKbWQ46TjikbcBkAQXFhq68dcWSdJ5i4EUFK,pumpswap,1790881920,0.000002347,2343.19,2249,2249,0,0,11.37,12.33,0,0,0,0,1,1,1,4,,,0.25,0.2,0,1,2,1,,,,,,,,,,,
1791075677,3oKUDGkNqbfKKrYNALjCX3kPsvDTjawnsf9v4dkneUC7,SEC,CctYvZM6eZdx6UwDsdMgpun1dRHC6WGutSSMumBRV2Zq,raydium,1790875613,0.002116,143968.41,2116335,2116102,80.77,18445.07,114174.98,534218.15,3,1,43,46,488,263,2316,1200,-0.11,-9.08,-20.37,24.51,0,1,1,1,CPMM,,,,,,,,,,
1791075679,5EvrB7f6RPGVeKY54Fy4a1jjGKCZ1cWv3tUafcG3pump,ETF,J6y6kSjY43AjTuu2UJXMktybWGuMLbvpkWTHUuKKtReH,pumpswap,1790879160,0.000002880,2839.04,2541,2541,0,0,0.59,90.88,0,0,0,0,0,3,0,8,,,-0.25,-5.27,0,1,1,1,,,,,,,,,,,
1791075690,BnkrBHH1HEryHCw4KWKiL13MyukD6uNPGEoJtDCsphn8,Chatgpt 6,F7q9k7cRpwY83iHq3XwoQvUAjDEKetbpLbrDCnrkySF9,pumpswap,1790880040,0.000002144,2168.06,2130,2130,0,0,1.18,1.18,0,0,0,0,0,1,0,1,,,,,0,0,0,1,,,,,,,,,,,
1791075687,AFdP6pnJwj2mwfeji6rR2bA9pz1AVV96u1R194dLJwKK,PUMPE,2xf3W6SaPeBhwkT1ShHXkbhGGJohtdWuBDCjdZ6Xva8B,pumpswap,1790882186,0.000002673,2842.69,2583,2583,0,1.83,14.12,44.35,0,0,3,1,18,16,34,35,,1.71,1.58,-0.26,0,1,2,1,,,,,,,,,,,
1791075694,ELrh9rMDKTyzEs2wiyriwZr6v1ctXVbMZvtLb5NZpump,ANSEMWEEN,ApCE8T21XxoV9juL92YY4w5AymFzFScKueVYdYoRDNAH,pumpswap,1790884192,0.000003622,3451.91,3460,3460,0,0,218.03,1156.58,0,0,0,0,2,4,10,31,,,-2.35,-19.75,0,0,1,1,,,,,,,,,,,
1791075687,9fSncMMvKNcr8T4VBGsk8rBQrKqkRGCFBNWgTTiCpump,PumpBlox,EqxkDxX7i8t1cadgTLQnRJsMLcPphPvmUKZ36MQuqRWR,pumpswap,1790880911,0.0004896,70971.96,486342,486342,395.04,3026.71,10577.56,36518.01,1,0,12,6,66,53,170,124,1.41,19.5,16.62,4.2,0,1,2,1,,,,,,,,,,,
1791075674,26XdE2iBEiTnjgKHTcY3afaqnUtWfAj8HHrciQBBpump,Mymo,A7WoBBJTZpb9jE3GYPhP6NcqjQiBGumJCdpgcqTVajg8,pumpswap,1790882446,0.000002902,2870.16,2790,2790,1.4,8.95,153.59,253.31,1,1,7,2,63,40,124,89,0.18,2.28,-4.13,-1.37,0,0,3,1,,,,,,,,,,,
1791075685,8svf3G1X4mnAX3Xm71jFXgiHydbvc5XKQKicbnokRUky,COMMIE,Cmcfrs6r6dsCyXvhooFbwvbvNDqe3vDHeXcKmfWGAzrr,raydium,1790880518,0.00001719,13635.39,17200,17200,0,208.72,8896.19,53772.16,0,0,9,9,77,105,558,572,,0.04,-23.08,-79.59,0,0,0,1,CPMM,,,,,,,,,,
1791075684,8QHCUwkKLSeuBfz9BVxSd4oXCJ3wMCYkRaSNXPnpump,BSI,5h127wbrPtdCJLSqg4BPRYRSXYexBHpdwYquYZ4nuKFc,pumpswap,1790880540,0.000002283,2307.72,2275,2275,0,0,0,16.93,0,0,0,0,0,0,0,3,,,,-0.39,0,1,0,1,,,,,,,,,,,
1791075677,4K8V9yH6kKRLS46BTG68Te1QHLkb7an8J5YcWQ3ppump,SACC,7eQjxhGFZcjioSBX2GS72poE4XrqYYsyUBDryb36s6Ed,pumpswap,1790878013,0.000002685,3110.56,2661,2661,0,0.33,5.63,26.95,0,0,0,2,10,11,25,21,,-1.06,-1.01,-0.97,0,1,1,1,,,,,,,,,,,
1791075682,7KEPApdbBMByrmqihz3bht2uMhFQcatjfSFQCKq66kH3,DARK,Cprsvqk2riV3WmTewKK9m6cm62zaAqLDArAbBmN3pe4f,raydium,1790876181,0.001419,118928.32,1419747,1419747,1347.77,24498.61,352476.93,1703085.1,5,9,128,171,1249,1368,6153,6191,-0.13,8.6,-22.4,-15.17,0,2,1,1,CPMM,,,,,,,,,,
1791075698,GTrkaukkkKMJa9zjf6TApVMAFvZQ2NKCgqdBwLvfpump,pepeween,AiS726Fe1iC1nq3nL7vLhAj8MASfcpqGaqqb8siqKANq,pumpswap,1790882403,0.000002332,2475.03,2265,2265,0,0,0.04,2.78,0,0,0,0,0,2,0,5,,,-1.24,-0.22,0,0,0,1,,,,,,,,,,,
1791075685,9AcEjJ8bboinTcMcysVmfX7jMxjGq3PjPW5d9H14pump,NASA,7zVfcGCXLNv49457ScoW8LCJgUYSyP5BtiUrujuNnCT2,pumpswap,1790882407,0.000002117,2135.31,2108,2108,0,0,0,0.68,0,0,0,0,0,0,0,1,,,,,0,0,0,1,,,,,,,,,,,
1791075674,2T17YbR6DTMBCzvpJYWFvTLDTrWGMTbba4GP9punpump,VraxWifHat,J1R9NZJEEiqSsz4Hu2zeBDiHAAExNTtgM1kVYUVFMEm5,pumpswap,1790881896,0.000002548,2768.32,2461,2461,0,0,4.1,4.1,0,0,0,0,1,2,1,3,,,0.39,0.39,0,1,1,1,,,,,,,,,,,
1791075691,CE8HkJ6BY8iEuTuUBNQTVSXxZn7KTXc21dnBmbkppump,UPTOBER,6bPEKpBxaLB2DDm8nmLPuFRteT4YmqwXvaiqS6LZCaeA,pumpswap,1790883084,0.00002026,11068.36,19662,19662,0,0,0,144.49,0,0,0,0,0,0,0,4,,,,-3.52,0,0,1,1,,,,,,,,,,,
1791075694,E5BSMSUDeAV4QVNTKaBJsk3dXz5x46usjZCkEC7ZLf7M,UPINU,2FETgq6jJbTeaKuAPH9irM8ADCB8gx6VCqTf4Jfnca8v,pumpswap,1790936022,0.000003799,3554.82,3447,3447,0,1.93,25.3,127.97,0,0,5,2,38,23,100,57,,0.38,0.24,1.53,0,0,2,1,,,,,,,,,,,
1791075677,48QwQmAa6J3iBuUGUwVA9Fy1vkwx4wisSrd2gVSDpump,MUSE,2jC1sHurtsRNpaPaYwjCtN9z8EkK7aD7h6HzF4BtosTm,pumpswap,1790883706,0.000002758,2739.06,2621,2621,0,0,5.87,151.5,0,0,0,0,0,1,1,8,,,-0.06,-5.04,0,1,1,1,,,,,,,,,,,
1791075684,8CFG8NK17jJ81VhY4D9WFE1MHKomVb5ao7Eqv6Tg3iiZ,VBUCKS,87hMAezpCey9426J88dp3hazzWoRXwtu9cANxHn3SXCj,raydium,1790871915,0.00009596,28352.66,95963,95963,0,107.38,2984.63,14187.54,0,0,9,5,52,26,147,130,,0.56,32.52,29.88,0,1,2,1,CPMM,,,,,,,,,,
1791075675,37t1792p1eFWxmEroYRXe26FStK5UQzWz2zfN77q1Tjv,Sid,F2nS3wgQabjYR5zDYfXUSmkyDcxrCQdfHF1wmLRgb4Tn,pumpswap,1790882893,0.000005765,5229.13,5613,5613,0,46.12,384.14,3961.93,0,0,0,1,3,13,41,74,,-1.06,-4.48,-13.1,0,0,1,1,,,,,,,,,,,
1791075681,6S3G64EU4fXpwWWk1qHNUnWMtrLYtC6FwqXMsJU1pump,GIRLS,Fy546cLFXpyQsWsHGt7YhQfq95xn4r6wKNqVkcnzDVLu,pumpswap,1790883960,0.000002471,2464.46,2283,2283,0,0,7.92,7.92,0,0,0,0,0,1,0,1,,,,,0,0,0,1,,,,,,,,,,,
1791075687,9fJAWKQpkY93hfuZxrHfh5wEh2AV9vjkWNQfzfbziHd2,PUMPE,G7iLGa5Y8CERJaW2asC4bMV5SWjijQ1y2SWU5sBdZxr2,raydium,1790881120,0.003300,180836.63,3300067,3300067,1340.82,42549.56,326404.46,4600766.15,1,4,78,105,686,633,9053,8496,-2.67,-3.83,2.1,251,0,0,1,1,CPMM,,,,,,,,,,
1791075679,5Mv6c7taXXkKn4byivDALNJJZ5NGu3aB9WJVXgSVFt3p,STONKR,Fv4G5XJ3WLF73UNAsPLABnCzFF16DuPMp9oehY6otpte,raydium,1790885460,0.0001371,32065.33,137135,137135,23.15,5863.33,22386.74,122105.56,1,0,53,35,143,148,720,612,0.97,10,-22.88,-26.02,0,1,1,1,CPMM,,,,,,,,,,
1791075701,JAqGStn3hvZxb1wmJRigtD2sEPode3KvuGLcEmP4pump,HUNT,2b4RoajTGM8GLv1qbnbw1L8cU4sYpUxF2Ek36gB7dHii,pumpswap,1790885652,0.000004833,4898.98,4610,4610,0,0,7.15,91.39,0,0,0,0,0,3,1,10,,,3.5,-7.52,0,1,1,1,,,,,,,,,,,
1791075684,8HJY9GTiEGgPoUAs3YSRiwLUukZKhKcH1ngqLB8qcBxx,PUNCH,3o2QaESTB6epYfkLzWndPXhhDZYJsrh5LRsv2ETGPDHa,pumpswap,1790883419,0.00003826,16795.62,37169,37169,62.21,200.04,10710.83,56776.22,0,2,2,14,110,99,500,390,-1.03,-4.45,-39.18,-52.42,0,1,2,1,,,,,,,,,,,
1791075703,icgvvPx9b76BoJ5CscGzYL8zzAHZNXzgY2NpqnUuhdG,PUMPOWEEN,Dx4s2TDm3p3xGfX9VSTnK4x3jTzLKMYQWCdmnmjxUxit,pumpswap,1790886511,0.00005040,20860.85,48498,48498,0,251.02,1771.1,2787.05,0,0,2,3,23,18,44,35,,-2.9,-15.25,0.48,0,1,1,1,,,,,,,,,,,
1791075702,S8RVrnzKkRpbDffxa8wDBGw9y2Wk8XSC4XFegwkq2Em,QUANT,2nBFtcWnWJBcqbMoXaUz9AimxcrYGd3dD5n3bWLXr1fa,meteora,1790884428,0.000002414,4599.66,2376,2376,0,0,0,115.78,0,0,0,0,0,0,0,1,,,,,0,1,1,1,DYN2,,,,,,,,,,
1791075690,BzhEC3LdcMPbzkWfJs4YJ1TTjM2MZKR7DMJfR3Hbpump,Ghost,B7hjMXYsbc1hrsJMmAWN7SXXT2jVXFUeWR9J7RHVEH6F,pumpfun,1790883893,0.00002117,,21172.11,21172.11,0,781.24,4384.32,97313.15,0,0,12,4,79,71,1202,757,,10.4,-17.86,93.43,0,0,1,1,,,,,,,,,,,
1791075684,8RvkVCzoQ4i1Dc7LKfQV2UopCKtLjxFGhe3vFDzVbTP5,Hutter,FJzw3uikntaw3WZk3YqDi1emoz4973uDTR8bLUJeJY1o,pumpswap,1790885729,0.000003212,3442.35,3166,3166,0,0,8120.76,8208.13,0,0,0,0,59,57,60,71,,,-0.79,-5.78,0,0,0,1,,,,,,,,,,,
1791075682,7FXUnLBeMGonXs6qx4z3Vyba3VHX6hxwnkCLsYwmpump,Pabu,8jP1Kn5gAU7KBJsRvvfpSwRDZxVnjgXmxgaFLpVCexJ1,pumpswap,1790885170,0.000005056,4560.82,4905,4905,0,0,109.4,299.54,0,0,0,0,0,4,4,20,,,-6.86,-11.92,0,0,1,1,,,,,,,,,,,
1791075676,3Cs9yQ4sojDi2SPSYjVR42zSXmc5TkS4tsP9fvkqJRi8,WINU,BAaQbztPRvqeJZ5bQhZTBDkjx44wPKS5DDuWdzMeAuUT,raydium,1790883596,0.000005135,6615.67,5135,5135,0,0,0,85.11,0,0,0,0,0,0,1,6,,,,1.13,0,0,1,1,CPMM,,,,,,,,,,
1791075674,2Pj812u3RsfRT3mirFNNdGXZBMSFFnMjw6EjF7iwc1Ev,PPAD,5DYh7LiF8TD753jJsvb3PyHJnFXzM77Wt85MgScpEUmy,pumpswap,1790887340,0.000003131,3114.43,3092,3092,0,0,0,0.18,0,0,0,0,0,0,0,2,,,,0.3,0,1,1,1,,,,,,,,,,,
1791075701,J8UMqzWn4gVXmc8EJMbmQ5s6s5r3bXARYYT8j6RTpump,PTP,HpWG6L4g7pTC4gPy3pdyNSWFbT2AxmBeW2XsvWdbBbis,pumpswap,1790888711,0.000002439,2476.2,2360,2360,0,0,4.96,5.65,0,0,0,0,1,1,1,3,,,0.29,0.22,0,1,1,1,,,,,,,,,,,
1791075699,GoADAwux19tGxb3W4ykPzZz8p5JCSYaxBRpuW7s9pump,OCTO,3uXWc5dnrU6rz7t23PpJirZQnwfw9huq8LnNhorLXTK5,pumpswap,1790886327,0.002307,165508.01,2155139,2155139,43.59,24759.8,150668.47,823094.28,2,2,146,36,414,331,2422,1635,0.1,-1.68,-21.49,-44.61,0,1,1,1,,,,,,,,,,,
1791075675,2pa1wG5eV8GZeUreS1kau7Hxjupm2miVKW9TieYkEPum,PULL,2oj7tESB1SUf3eRo7xEEp1B3W74wTTh1CtwPVheZ5acH,pumpswap,1790887325,0.000003090,3050.89,2938,2938,0,0,0,3.05,0,0,0,0,0,0,0,4,,,,-0.13,0,1,1,1,,,,,,,,,,,
1791075695,EZM9ZBioM6fw2XiSakaLuWUfNWonCtv9xVthLY6Dpump,ANON,m4RJZgNUaGLJ6Z9gTh2SezE7vsyh2EdCVBaWXwuLvu1,pumpswap,1790886936,0.000002477,2535.24,2410,2410,0,0,0,20.95,0,0,0,0,0,0,0,3,,,,-0.36,0,1,1,1,,,,,,,,,,,
1791075677,458eEcXufhsLoS1NWa6donw9Yh9USfWMCtBmyFTypump,WIRED,5fyKn3vV2FG6zjKNtUhZCAS5Kym23zeEFaEJowoCreMa,pumpswap,1790886822,0.000006611,6749.14,6492,6492,0,2.97,292.52,1257.88,0,0,0,1,10,22,28,103,,0.15,-0.2,-7.42,0,1,1,1,,,,,,,,,,,
1791075687,9qUTeFNXFh35YmdtayeniRUr8o31rXYzMK3Jv5Zypump,limit,25TKBUsN1SXen5kiWaDn11q7Dr1dZhusZ5WiENMqdbi2,pumpswap,1790888477,0.000005700,4956.54,5570,5570,0,17.84,124.92,933.51,0,0,0,2,4,8,20,27,,-0.66,-4.93,10.31,0,1,1,1,,,,,,,,,,,
1791075679,5RPouA3vYSHhnEmrtwvhBsLctZ1K8nHnPosuMXSCpump,POC,C7ZVdL83SrYi5tuUKrjnbz1iY2sJ4SuND1vKHz8m9CNq,pumpswap,1790888940,0.000006951,6179.13,6594,6594,0,0,202.46,1348.14,0,0,0,0,4,9,13,50,,,-6.63,-25.73,0,1,1,1,,,,,,,,,,,
1791075689,BLobz8TAGGpT7JrH8TtPhsEuvHftZzMhyipitoMPsp2u,blob,5BdELMx3ZrmR57uFq1eXyk4pNm6Y2HJGmypXbSZBfk49,pumpswap,1790888039,0.000002746,2738,2566,2566,0,0,38.71,47.08,0,0,0,0,0,4,0,7,,,-3.51,-3.39,0,1,1,1,,,,,,,,,,,
1791075681,6S52SsUWA6gwXMVx36weTFwZdNdMEu3pCthR2EWUpump,BLELON,7tReNz7wEATFWeVTn5wFSkDoPDeKu3trmGCmYWBJy9K6,pumpswap,1790887562,0.000002273,2650.33,2229,2229,0,0,0,39.36,0,0,0,0,0,1,2,4,,,-16.55,-17.81,0,1,1,1,,,,,,,,,,,
1791075675,2Wtxyc24kMMLeTdW7XsDsfsaUgQASHUsYUzm8qPWpump,RipGo,GKTk2dF86YEZCAQijJsGTF9eCLUtU88Dz5X5BXv2hmV1,pumpswap,1790887814,0.00001051,8620.07,10125,10125,0,0,3.43,408.13,0,0,0,0,0,1,2,8,,,1.74,-16.23,0,1,1,1,,,,,,,,,,,
1791075691,CZdNwvFCdKM5KoVLNFj1uc5anCYteHXCJP5Aq5Kkpump,GDEX,2xMj4Nhu3NnUkfRebZ9dV5oppERBdzwsnYcBcG91FghG,pumpswap,1790907561,0.000005033,4447.91,4898,4898,0,0.16,237.65,17569.89,0,0,2,1,18,11,153,104,,-0.95,-3.16,-94.74,0,1,1,1,,,,,,,,,,,
1791075703,mNg27UTWqp7UyL8npd1wNCZNf7C6G24sxnM5FM5qpad,pad,67KdbFJ7iSKYJsZZC1YnMA6f6L7KxFcT9p7NqYEArG39,pumpswap,1790891125,0.000003497,3405.68,3348,3348,3.6,3.6,7.52,8.06,0,1,0,1,1,1,1,3,-1.12,-1.12,0.57,0.71,0,1,1,1,,,,,,,,,,,
1791075688,AeQkfC7oca87YVHNdyMGHPWcief3NFqMYRGfYjWzpump,cabypara,4aB2BRxQe6cqV91wMDT2eh1g2TSULkypn6EUbNDPHugW,pumpswap,1790890789,0.000002723,2811.82,2622,2622,0,16.41,62.2,1310.67,0,0,0,1,1,8,11,40,,-0.51,-5.17,-33,0,1,1,1,,,,,,,,,,,
1791075697,FvqbvdfaZrfRNhwnXCNHdkmNvh9RjjenaQdTzPwGPcLE,DelveTown,EM9yWzTXbUh9coKKo9E83FmstkZCXZ2xLjTxme4JSxCw,pumpswap,1790890819,0.000004570,4116.71,4331,4331,0,0,54.14,1516.69,0,0,0,0,0,2,2,35,,,-2.39,-49.71,0,1,1,1,,,,,,,,,,,
1791075699,Gx5Sqm4Sc2pWVDbUquCug8brxAXoHMSR8yyYW5MUxpay,XPay,4aaGpLziqhvyM9P9uZ9paSsm6RjSYgaUgPU7dpPQuYhW,pumpswap,1790891273,0.000003857,3593.84,2909,2909,0,0,0,22.39,0,0,0,0,0,0,0,2,,,,-0.56,0,1,1,1,,,,,,,,,,,
1791075697,FXQPeVeEx9n2J1Qb7tmtPWxAbbKm36r2xoKve6RShKZh,CHONKS,2zo45v6uWbPwq1YAMWAfCgoo4rBGG5jgJtYrdxnqzzfZ,raydium,1790891175,0.00001730,11250.51,17306,17306,0,12.04,1213.68,11215.41,0,0,1,1,7,20,94,99,,-2.6,-18.61,17.97,0,1,1,1,CPMM,,,,,,,,,,
1791075692,CoN8oLvyWTjtSBFTEjUWLz25BXJmGjTvNcYh81D3pump,MAMESUKE,5rcqUcL7XGaoLAymqfwZK7mqnhsPcf2rN4y5tqQ1iqiF,pumpswap,1790880399,0.0002136,41165.65,207849,207849,0,117.85,5635.11,31722.01,0,0,4,7,48,62,369,219,,-0.53,-8.06,96.51,0,1,2,1,,,,,,,,,,,
1791075699,GnsjGzaJAGH2kwpwdh7S7DQzne22937Xi58ZHsYEN4uK,BORN,4xKtoPrp7gEjw7sM3goagSL5j5CvyjRhCjVX4Qusz49Q,meteora,1790882204,0.00005503,18602.28,55038,55038,219.87,2097.65,19491.34,103532.1,1,0,5,8,114,75,649,479,7.84,-15.4,25.37,28.57,0,1,2,1,DYN2,,,,,,,,,,
1791075680,66hK2GEsF5djkH6JWYCVKytuhz5Hc6bvsDQzRgqrpump,BULLISHCAT,827V45MWcBaZaq1Wjfw4N2CDEsWR8sU4jr6Pboxb7bq2,pumpswap,1790890888,0.000002330,2500.86,2294,2294,0,0,4.37,4.37,0,0,0,0,0,1,0,1,,,,,0,1,1,1,,,,,,,,,,,
1791075695,Ectubm5UU5i3vgU46tLVdTxLQbn2Ce8fKSXVxhnFpump,BIOME,HETVJdQVM8W79JPoiPJ2n4KHa47H2hYL4qMqF4BjHeVG,pumpswap,1790892265,0.000002706,2680.26,2437,2437,0,11.22,11.22,11.22,0,0,0,1,0,1,0,1,,,,,0,1,1,1,,,,,,,,,,,
1791075680,5jG2PihdS26vw1n7xwkT69DSzAvwy3YTe2SyJoJHpump,MASKJAK,E2dGLhYRb6XW8fuj4ZTNQNLjq2vE4T5VRcqrg77y32zC,pumpswap,1790891652,0.000003127,3524.69,2843,2843,0,0,2.43,2.43,0,0,0,0,0,1,0,3,,,1.29,0.47,0,1,1,1,,,,,,,,,,,
1791075681,6bQ4MCnJ5rab9pDGR43hbTCf1GabYEVmCP2oLyexSmvC,FIX6900,4qbokk9tDkinqANgHGMw1vHD73MuwCuSLeJfGjjHpLgw,pumpswap,1790892426,0.000008648,8444.62,8507,8507,0,0.52,456.02,5321.35,0,0,0,2,8,28,49,141,,0.48,-10.6,-26.54,0,0,1,1,,,,,,,,,,,
1791075673,11mwXYNHsK5orsvHokxsYgRbpo145k6SbXTYYkYpump,AMC,Ar2LBpMRpwJE8uqgBpytWVrhiyXAQFkxFmrewxZzh96u,pumpswap,1790890433,0.000002561,2827.72,2524,2524,0,2.14,32.23,82.95,0,0,4,5,43,22,93,44,,-1.03,-0.49,1.67,0,1,1,1,,,,,,,,,,,
1791075678,4s1TcfJCvXUCgFojjAkAzaVKD4tq8RmeMV5Hrmgmpump,FIX6900,B5kEtZW3FSXKZWBHAo1Akgk83opUhzZeiCHUsfH47GVE,pumpswap,1790892750,0.000002292,2414.62,2250,2250,0,0,0,5.81,0,0,0,0,0,0,1,2,,,,-1.12,0,0,0,1,,,,,,,,,,,
1791075681,6iGkDwTZKgG7f4pEyhnE7xU293rjpxGejSQkMWYjpump,STONKTOK,BCSe3Sed87cjNYezchkkAM5XXAtqMTv4wETeh1ZriQo4,pumpswap,1790892937,0.000002437,2572.82,2368,2368,0,4.21,4.43,13.78,0,0,1,1,1,3,1,4,,0.09,0.16,0.16,0,0,0,1,,,,,,,,,,,
1791075693,DRG67aZrzfeSjTa2YfFZvcioYEALwBFt4rgQckiPui8T,Play,8JTFWsXE34YY57fh7YdoEpGXC6CGKM3zDonvrJd2uAxK,pumpswap,1790896722,0.00002190,11558,20865,20865,0,1703.96,16751.6,56696.33,0,0,15,18,159,118,468,365,,-24.99,-49.05,-22.04,0,0,2,1,,,,,,,,,,,
1791075683,7VertkgF9KLhxxJXHX6uaWuoYZTP9LdGj2bWmVXVpump,Agency,CyJwKnLiiY4fmiwqMCSWFSHxo7T9Ubshgs2uRAuJCrk5,pumpswap,1790894555,0.01220,462101.41,11758249,11758249,19947.46,373622.85,5927551.03,16373163.47,65,60,1344,1392,15367,15438,45391,45840,-1.99,-12.17,-0.74,355,0,1,1,1,,,,,,,,,,,
1791075685,8r5faMhtYbc7gp411LQt9oqzQybRfy6LG2FJauTsfnKg,ORBIT,57sSkdadcLBdbgn5gZr4LAgctgyzAh3B6yDf9Zdappai,meteora,1790966306,0.0002357,47327.99,223436,223436,1017.87,17920.33,74063.73,513452.56,1,3,33,37,332,288,3219,2572,-7.42,27.57,109,624,0,1,1,1,DYN2,,,,,,,,,,
1791075690,BvJUuGCj13QTpF3DwoPtYcpyKFNk8chLnb2rzbpNWXyk,FIX6900,HdMxM2iSnCJ2uLjnyuP9WSq4Z1JyKtdH3JjbBc1oC1tx,pumpswap,1790893303,0.000002874,3091.31,2810,2810,0,0,17.94,174.07,0,0,0,0,0,2,3,11,,,-2.14,-1.06,0,1,0,1,,,,,,,,,,,
1791075703,quNxJesoKwZjMdRjCWKikDYJ24xLwuS5bupiH3yWCjV,FIX6900,6kz453j5hsyVojKW1s9LFQ5dDSqnzFwWQnGMeTNnNqdR,pumpswap,1790893050,0.000003441,3670.45,3331,3331,0,0,0,7.54,0,0,0,0,0,0,0,6,,,,10.61,0,1,1,1,,,,,,,,,,,
1791075689,BJyrtwU1hnK4Q2tgfmNvuDJgZu31MaK6t6xy8BHtWRha,Jane,FWGMbPUG8z3bBuVtaJaahusZD2dCCoLdSJ33qSoNvKXR,pumpswap,1790894494,0.000002621,2740.96,2526,2526,0,0,2988.75,5368.41,0,0,0,0,15,19,31,38,,,-2,-12.75,0,0,0,1,,,,,,,,,,,
1791075678,4uTHA7hUfZD1PKWQBVtuCEWnBjgB6xaL7GfJrPRDpump,SIX6900,AfotF3mZxTYW5DPNAP7vuJkznEbN7fpgFTfQuQNMJGqR,pumpswap,1790895048,0.000002540,2894.44,2506,2506,0,0,0.21,0.21,0,0,0,0,0,1,0,1,,,,,0,1,1,1,,,,,,,,,,,
1791075700,HkHsPkvv6Ccv5t5y295cG5QAYSuazEaFS4YSyUFZpump,BROKE,2MowcSAPsumAC5u6cbo17SwVzrTvCcuvvkRRsTibE1zt,pumpswap,1790895724,0.000002834,2868.09,2707,2707,0,0.86,6.8,24824.31,0,0,1,0,4,3,803,827,,1.67,1.39,-97.02,0,1,2,1,,,,,,,,,,,
1791075699,GxPPN2V3bLdQJn3vDuqCfJQ9PjqqRdKVUxBTx5Cepump,MICRO,87vrzRCHU336KiD2ft46YeiV8CCFoc7Zs1zpY5VBAmNE,pumpswap,1790895289,0.000003135,3703.94,3060,3060,0,5.81,5.81,27.17,0,0,1,1,1,2,4,9,,0.01,-0.15,-0.09,0,1,1,1,,,,,,,,,,,
1791075694,ERxLYPjqeFfLsnChuPnvS6f3y5Me8BjgJi9oWaTJpump,e/acc,ADd8YiSXcRn6kL6t8LsSyiCQTWyWJtLFy5R7gzANZoqK,pumpswap,1790894548,0.000002747,3095.75,2700,2700,0,236.7,78702.77,520204.82,0,0,9,766,2231,10674,10659,18285,,-5.57,-98.56,-99.63,0,1,1,1,,,,,,,,,,,
1791075677,3m1yuqZMf136CEAFnnBxEekS4oVAXztxPEGuB3xbAEea,SAFE,2zQuXgBCMVuVWHHfoEUp3E2gMWSu7SwFxGcpo3aj8GVy,meteora,1790894887,0.000002777,4677.91,2777,2777,0,0,2,44.87,0,0,0,0,1,2,4,9,,,-0.43,-1.51,0,1,1,1,DYN2,,,,,,,,,,
1791075674,2GU7xJt4M5djAC7az3jzpFr5ApBTJK2e3LWXKrNypump,MICROCHIMPS,3RbHzMCHM1bSxddHKMMmZfG3VJrhBFYFNvDmsQCULMcR,pumpswap,1790895121,0.00001005,7190.92,9568,9568,0,143.75,320.57,1496.62,0,0,3,1,6,6,13,33,,-4.1,-11.94,-36.69,0,1,1,1,,,,,,,,,,,
1791075702,MoLDKgucJ1XycHQwNYBsp9WzMufUwqVZAWEQ34zNKcC,mold,6Q1aP4sG9mnwiLoinABgu2bfk3kXKVeSrAeoFxkQMX5m,pumpswap,1790896650,0.000003149,3057.81,2594,2594,0,0,2.46,10.93,0,0,0,0,0,1,0,5,,,0.46,0.14,0,1,1,1,,,,,,,,,,,
1791075690,Bo5pkAg2GtHZRcQZJde7bJpbsjUw2tkJPUgEbipSpump,MIC,EZBY1Rh8hFaVTDgTT4E29YN6XdpRnfXkRb9xNmFG2unw,pumpswap,1790896005,0.000002548,2811.66,2469,2469,0,0,0.3,12.32,0,0,0,0,0,3,2,8,,,0.16,-0.98,0,0,0,1,,,,,,,,,,,
1791075690,CAtkUo5hhw4PusDnG4b7RurGfxyuAGnDfZg6RTgupump,AI,3npyPsPGWx4B9j95mzHj9zQt1Rqyp3qQxYP232iK843C,pumpswap,1790896497,0.000002836,2837.16,2526,2526,0,0,0,0.3,0,0,0,0,0,0,0,3,,,,0.71,0,0,0,1,,,,,,,,,,,
1791075686,9FkQvYALykxVPh66vy2j6PAJdrPDgby1STFPgGx6pump,Nike,BJzGWBwxccfb1bV2nK1hAsNDhy6jeUcLGoHKSbxTfYvh,pumpswap,1790893900,0.000002160,2197.02,2151,2151,0,0,1.19,1.19,0,0,0,0,0,1,0,1,,,,,0,0,0,1,,,,,,,,,,,
1791075679,5Bm2okRjxDDa6rjSAtPT32MLaVaeKgypKqYY58tkpump,BOUNTY ,FNaro2GC5aJwY6Zws7zgyqnANtwonbZunBbkUE8Xmuzu,pumpswap,1790900324,0.000004138,4112.43,3957,3957,0,0,0,62.36,0,0,0,0,0,0,0,2,,,,-6.29,0,1,2,1,,,,,,,,,,,
1791075693,Dh4EMF5SdYBXX6NGY6q4ByYBHE5odCZ5YxC6Ej9fpump,Funded,7mgc85MRhLCpbM2UdCURaN7ZZ9rh7uXGXrF4HmZo1LvH,pumpswap,1790898520,0.000002621,2621.66,2391,2391,0,0,4.86,30.25,0,0,0,0,0,3,1,9,,,-1.08,-1.91,0,1,1,1,,,,,,,,,,,
1791075676,3TtCNtvNLPTe21RnA8WbC2QRUYCABDZEqdLRPeErpump,WANT,rntGzi9ph9Sd2LbpjQ5RCEvbb7nsXp13kS8jfWSHwoW,pumpswap,1790897715,0.000003083,3085.78,2977,2977,0,3.24,20.6,354.02,0,0,2,2,27,12,10558,10192,,-0.78,-0.16,1.24,0,0,1,1,,,,,,,,,,,
1791075681,6d82cCtC1LktWWgjUz5h3vMenFj5EDHLMBFvcpmvrRi,shoggoth,8RdbS9dStwL1HK4tVzkgwG84TmREU947BRBXf6fQRJus,pumpswap,1790895893,0.0002819,54307.92,236407,236407,117.46,12157.12,264326.77,1219994.19,2,6,126,195,1443,1606,6260,5713,2.02,8.11,13.18,-14.46,0,1,1,1,,,,,,,,,,,
1791075686,9Y4afMW81vqd26i1c9vX3SEbaYMbtPifFRCYHqVUpump,LUCAS,2mFrDNHUqpqdj5Ndrp4gU92pquBZWUJH8R81YLLg2q4S,pumpswap,1790901969,0.000002847,2824.08,2729,2729,0,6.25,91.14,217.02,0,0,11,4,44,22,103,58,,0.71,-4.11,-4.75,0,0,2,1,,,,,,,,,,,
1791075680,5zxzU6duesnfLdtAQ4kJPrcPkiFHz3PcbkmZ5QQm5QgN,RAMCAT,69Fypsx4NbpNRQppMpGAKQZ8tSjhwjRZ1BMrWXAuiZjo,raydium,1790897450,0.00001121,11159.39,11216,11216,0,83.56,1211.55,16423.16,0,0,1,6,30,44,246,267,,-2.76,1.85,-37.5,0,0,1,1,CPMM,,,,,,,,,,
1791075694,EFtMJryTCBdDcc7MS1wnsW41wD6edXcvLkUvH3v1pump,SIP,4BkiAwwFf5Qqjm3ALL9dkLVsoWZsB1i8RamL6eJaiG91,pumpswap,1790900341,0.000005650,5258.14,5521,5521,10.51,178.34,940.98,4062.08,1,0,1,1,14,7,101,105,-2.84,-3.03,23.62,75.59,0,1,1,1,,,,,,,,,,,
1791075702,fqT5Ta7LN1s1ghcJVyuhxXp8PXYyjup1jX2AWCHpump,aduse,5q9JUEockjpPNzdw7CwdzRUSdWYAkMmbCBKoDWgTFLNC,pumpswap,1790900631,0.000002826,2881.51,2713,2713,0,0,26.17,115.59,0,0,0,0,0,3,0,7,,,-1.81,-6.84,0,1,1,1,,,,,,,,,,,
1791075703,uPnLjPVtyJ359VMyEC6Kp1suDix79KSh1JzZvPhpump,SLABS,5Mfcy6h2ex3zivnD4fb7faLqMmvg2T4GE8nxBSJhXsgq,pumpswap,1790898399,0.000005119,5300.45,4987,4987,0,6.55,40.19,299.57,0,0,0,2,0,6,0,18,,-1.17,1.08,-16.45,0,1,1,1,,,,,,,,,,,
1791075701,MN8iFkQt7Y93wmoxcrPdXkQRbWqXYjAYCXKRCmiNDEx,PUMP100,6gsEeFRaz6bDqfbm8Ct1vMcihGvG3YZwJLP2NsU2DGcw,pumpswap,1790900056,0.000003002,3124.13,2945,2945,0,0,0.47,14.81,0,0,0,0,0,1,0,8,,,-0.18,-0.59,0,1,0,1,,,,,,,,,,,
1791075675,2bN51Rmq9bxXoafZMP6m26HfiEB8uqxdD4SpuyPCCASH,CASH,HiNZvNqK9LKvCfFpJyg1sVEFKN2FiQsQrNsohdseQpnY,pumpswap,1790899759,0.000002740,2869.31,2676,2676,0,0.51,15.68,93.75,0,0,0,1,3,7,4,28,,-1.33,-1.01,-5.96,0,1,1,1,,,,,,,,,,,
1791075680,6D7KHzQWUueMYUo7ERRo6M2y1ni4DEdar39r9jQj5nkk,RAM,BBSUrbytsQJYq6i3Vivk2sszqGxsJfo9ZEpHmPSzrVRL,raydium,1790898939,0.000002546,4447.72,2547,2547,0,0,130.5,783.32,0,0,0,0,0,3,4,15,,,-10.71,-40.48,0,0,1,1,CPMM,,,,,,,,,,
1791075702,f9t9ZtbmonrKiJP1GECP2HZoFM3sQrpPzs2pAqfpump,TRUMP,G4U559n8t9FnR7dRT2Mn2z1BbhnsJ3Hre6dCeaXc6nf4,pumpswap,1790889206,0.000007901,6824.33,7803,7803,0,123.86,937.41,6112.43,0,0,3,3,13,30,81,164,,4.65,-18.47,-40.11,0,0,1,1,,,,,,,,,,,
1791075689,BZFYNPeQAEW3HWQ4DNsTVahC1n4ZjTgn6jB2nnBbB96W,SAPLING,6ejg4aYJM3Mk1t2zBKjbJ43df3s7rBMpC9mgo526K51G,pumpswap,1790372353,0.0009377,134931.96,754454,754454,82.82,4990.33,86691.93,874916.75,0,1,13,20,269,187,2343,1808,-2.54,-1.84,-13.82,-58.78,0,1,2,1,,,,,,,,,,,
1791075695,Eqj36zHPTboNDYfX24sXvWf9e1wqY7kr823hbSY1pump,CUH,ADAta1RwnJaojRtsSVmN8CF8UFU23fmNdzbsxR1rzBoi,pumpswap,1790981197,0.00001677,10501.99,15944,15944,4.18,180.74,1976.62,17497.48,0,2,3,2,31,35,194,158,-0.57,5.07,2.58,-63.02,0,1,1,1,,,,,,,,,,,
1791075683,7eXuoiuEo3Tx8Yhq7hguZyyiQYKTzASSyHUe6TExpump,PUMPMAS,Epvwwzecg2XtnGXCbYcY4Jocz8YvK9ycytvvMDANGTdc,pumpswap,1790907526,0.000002518,2504.63,2394,2394,0,0.88,0.88,0.95,0,0,0,1,0,1,0,2,,0.56,0.56,0.56,0,0,1,1,,,,,,,,,,,
1791075699,GyTy9NX22wdrSeWUvSrZTKGntNLSrFDrXLb2Hxaw7Gqc,INU,LqEhQYvbSjhqnu4UTp1rYSQV4he2zkoWzGRnBKS23WE,pumpswap,1790901811,0.000004249,4270.37,4075,4075,0,22.08,182.12,1742.4,0,0,0,1,0,5,24,39,,-2.1,-9.04,-23.69,0,0,0,1,,,,,,,,,,,
1791075696,FKGdipWTsvD5z8GqRn9uhMAskN7seAp2yR3Ra7Knpump,FIX6900,Ek7kfc3nEcQMFr1ozkY82pmuMJJfPzCBAd7jHT3Fr2xP,pumpswap,1790902223,0.000004376,4332,4245,4245,0,17.86,17.86,382.2,0,0,0,2,0,2,1,13,,13.24,13.24,-12.11,0,1,1,1,,,,,,,,,,,
1791075683,7cSPCV6Sadhcuk8zBa7o7mu2ny4ccmXB8XU6HcqPcSqY,PI,FsyQ9Zj14C4RScWDYpHGCidhRZo3PVcNqR5bmunGxWnb,pumpswap,1790903973,0.000003812,3838.31,3719,3719,0,28.32,159.97,1396.42,0,0,0,2,0,9,7,32,,-6.3,-16.8,-46.8,0,0,1,1,,,,,,,,,,,
1791075700,HiXtMgXnMxUneKbgo9qnZ8GAfPetBo8FreHuy5uvpump,CPU,CeoSswnQXAHiBb81c7EaAheYn9rzc3HqPvdzy9dqSyi4,pumpswap,1790902637,0.000002686,3106.77,2642,2642,0,0,73.18,73.2,0,0,0,0,0,1,0,2,,,-1.99,-1.99,0,1,1,1,,,,,,,,,,,
1791075688,AZ9NHodnyb6wPYian1Fd9HF1mfvPNkJEecExVT1Sevjg,SHINU,7JMq5DC6G3LrBFWSwe8nDvWALPrz7bn2VZUD7owLZXwU,pumpswap,1790902472,0.00005576,23965.56,52960,52960,6.56,284.84,5795.18,111049.05,2,0,9,7,63,85,971,842,2.24,0.69,-24.62,-54.19,0,1,1,1,,,,,,,,,,,
1791075686,9NHLQy5gSKYejNxQ4waZJrxSFTKz9n97nGggyNMCpump,blofomo,D3depcMHKRyi47q4as6YTbbWtSppaSwBnsEWbFXRXgXa,pumpswap,1790903562,0.000003106,3805.29,3029,3029,0,0,0,12.8,0,0,0,0,0,0,1,8,,,,-0.27,0,1,1,1,,,,,,,,,,,
1791075675,2ZfU7Kv3mE86vUDQ1usf9bfDgyqjwP7JzqgvLmudpump,GO,6oD1kBVy7crVpav7nbXTiVxRFowWdPbg9XykJUE8tRi,pumpswap,1790905374,0.000002717,2728.06,2646,2646,0,0,0,3.95,0,0,0,0,0,1,1,2,,,0.62,-0.66,0,1,1,1,,,,,,,,,,,
1791075692,DBn1mFRGcnKoSCkgh7w7BFM64dZvpbtZQWeXnyBJanon,anon,5B94srvYnVNY71GW5vKpKSWdBH2KW5PcDXNwrgRBwsB7,pumpswap,1790907247,0.000002816,2846.29,2734,2734,0,0,2.77,96.44,0,0,0,0,0,2,1,12,,,-2.87,-6.41,0,2,1,1,,,,,,,,,,,
1791075686,9Vke8MJboctWv8N922NJXhcoZpC4xy5TSH5SQEopxR8x,BREAD,3XcumiHFARp6EBvd4rZNvyErViFTweBjysh2xFVPiXyB,meteoradbc,1790903631,0.00009347,,90494.06,90494.06,1459.31,5816.96,55614.64,109078.78,4,6,18,31,201,166,424,363,0.54,-34.25,-72.64,-82.31,0,0,0,1,,,,,,,,,,,
1791075685,8jjRE5D2pUnEF6U2dYkL2n1Nw4Lwn6sQY7QpZkqUjhXX,JUBJUB,8SCfVT1p5MzC352e68t5CUgybYwKtat2jjKidNtjahxM,pumpswap,1790903969,0.000006065,5239.87,5697,5697,0,0,273.21,2232.2,0,0,0,0,0,7,20,52,,,-15.42,-36.03,0,0,0,1,,,,,,,,,,,
1791075701,J98BvxSNtzCKsPaporUaAVmEB3wkpnKWeYo7EtmHpump,Cateoween,71gc5XdBJUGNHtijM5otMWnn3vi2FMfan6g55FoJku1T,pumpswap,1790909433,0.000003247,3144.79,3114,3114,0,0,59.28,653.54,0,0,0,0,1,2,13,15,,,-10.13,-7.18,0,1,1,1,,,,,,,,,,,
1791075701,J9SjRyY24ZNPgbQUQYQSv43i2QgVrNYek4scbFgSpump,MEME500,8TKphAhrgz9EMG29Vepk1rAkDJfW69UFe4Yb1xadBhnR,pumpswap,1790904879,0.000002789,2847.81,2710,2710,0,17.65,21.75,50.13,0,0,0,1,1,5,6,12,,-0.7,-0.95,0.16,0,1,1,1,,,,,,,,,,,
1791075686,9auxxjpRQFcKyteHhAESosvvqwyPJPCQJwbAddkfpump,mote,DWpn2uNs1NwMujAASPpw5eP4ZQLmc8gjZYFSz5FCH9Sn,pumpswap,1790905261,0.000003383,3325.94,3063,3063,0,3.83,4.2,77.38,0,0,0,2,1,3,6,16,,0.05,-0.18,-1.47,0,1,1,1,,,,,,,,,,,
1791075700,HQvv6EZvnq2nq59rVTHoY5gj8cXQrk1cjEyiYGDapump,DICKBUTT,FRMezVL2UHwiMBTuDGaKNV68Dk1bYU2ZXMokowRY3Kkh,pumpswap,1790905534,0.000002915,2870.1,2572,2572,0,0,0,10.41,0,0,0,0,0,0,0,6,,,,-0.39,0,0,0,1,,,,,,,,,,,
1791075683,7cYaQc21w9dzKkGP6LgkqtmL5yzoK5UJE1GeamTRHwny,test,DZrcUWZy7WfKx1ktcJpaSNRWLgUFB8T5Hk7quj8coDNV,pumpswap,1790905861,0.00001258,9903.08,11784,11784,0,352.49,694.39,7462.67,0,0,1,2,9,27,110,211,,-9.44,-16.29,-28.37,0,1,1,1,,,,,,,,,,,
1791075685,91gwzoFp3nxwsPw5KJfvAxnYtzJZvEzxNLVnJcxNpump,www,4NGAS8vGEkytheqdMfLHbwHYJiwSkVmFJDn4MDCBtxKu,pumpswap,1790907709,0.000002496,2501.78,2381,2381,0,233.36,297.52,299.29,0,0,1,1,1,2,1,5,,2.52,-0.36,-0.01,0,0,0,1,,,,,,,,,,,
1791075691,CRwv4LBK1gX1NeeGWjtuN7X9RTPk3MaAiKk6gYnggWej,kimchi,DvNE6wWTQD9GnjvqKFRD12dktn9ywJXb9PneKVX5NNpq,pumpswap,1790907582,0.000003859,3724.85,3731,3731,0,0,117.58,1219.44,0,0,0,0,2,3,10,24,,,-6.99,-36.25,0,1,1,1,,,,,,,,,,,
1791075697,FgssigTgpp1EAZaAvmFJDQ8mXEatZZ6CNvmGg7Sppump,Jesus,EbAuPetBjCk3oXQhrDM89WvijUeRjPrrTpmQMphGh51p,pumpswap,1790908973,0.00001198,8008.88,11444,11444,407.05,597.59,5684.03,26928.76,5,0,8,4,70,49,332,291,18.95,13.67,22.47,2.11,0,0,1,1,,,,,,,,,,,
1791075689,AxrtKHZhxAvX3znTsi23ZxDc3HR4KyyVJGCze4pwpump,CATWIFSAP,DW4YhbhUkLbc8sZ98VYjnoAuLrjSX8jk9i6invGNGQ5W,pumpswap,1790908015,0.000002277,2394.13,2238,2238,0,0,0,1.16,0,0,0,0,0,0,0,1,,,,,0,1,1,1,,,,,,,,,,,
1791075684,8K7h7pENULB68kNMYtE7SxKeFx79nZPqHKAWteUfpump,SHIT,D5RBmBQ4AzJP9DXZbwSe1u3TVTBKNakzA3yn4LGAqPK9,pumpswap,1790907189,0.000004259,4126.94,4100,4100,0,0,261.93,438.93,0,0,0,0,3,4,4,11,,,-3.25,-11.65,0,0,1,1,,,,,,,,,,,
1791075689,B2YmeEq3kUKffKi2UntSrouq6pKpyXzGVAmCahYpump,VORF,741pxtzVVMPF6hBP9XsFCypwFWQQC6dB1Myt9tBN96y2,pumpswap,1790909175,0.004666,197616.78,4662635,4662635,652.53,8567.37,52495.53,213300.42,12,9,165,115,1024,690,4092,2761,-0.76,1.2,4.49,28.41,0,0,0,1,,,,,,,,,,,
1791075689,BGnqFdgHEd6RZyerULVqyj2is1uXRMoV3pyr5ecvmNGr,7,FoKHJCJQ4WLvEXWPcaGVSMUA39Hb39P2FaDWoLLRMA6f,pumpswap,1790909196,0.000003915,3671.62,3267,3267,0,191.69,22493.84,23956.51,0,0,0,3,139,137,148,155,,-12.65,5.36,-6.27,0,0,0,1,,,,,,,,,,,
1791075692,CnbDp3n7CoqXZ5hci1JDd9gy2bz5BWfnC1WHAR7eQtXa,LUCY,D7rGSYc4j12ZFDqUQon9uMs8ZN2LFQ85Nb6k8Wx9pT5q,pumpswap,1790908606,0.000004638,4967.66,4593,4593,0.94,112.77,2718.32,6503.97,0,1,0,6,26,31,60,90,-0.27,-6.28,0.35,-8.39,0,1,1,1,,,,,,,,,,,
1791075692,DFBXVQ1SodqhNKmmw1BYfyhTVMiZCMzLmksKvwk6pump,SUPERMICRO,97rrxB5gZhzPFwsVaVJRiAx8ifetUDMJ1dboTk66HzTy,pumpswap,1790909022,0.000002369,2509.84,2308,2308,0,0,0,0.24,0,0,0,0,0,1,0,6,,,0.07,-0.42,0,0,0,1,,,,,,,,,,,
1791075687,AS5mTg4AaXukaPtGUopY9u4mbnLEm8L2azbGafp1pump,Pickle,88hFPVsc1zwtGLdkZbGy7SKScfmMPLJtK53JrpWXmG4Z,pumpswap,1790911018,0.000003280,3293.59,3166,3166,0,1.43,1.43,878.23,0,0,0,1,0,1,7,23,,0.04,0.04,-32.07,0,1,1,1,,,,,,,,,,,
1791075694,EMggcycbSGJt1NncfchSWCTrtE7tCnrnka52c8X5pump,MSI,9JE8rpzsYVNXTK4GKBf4vCBhp6rj2kmqY8azr3gUURcY,pumpswap,1790910067,0.000003070,3130.02,3055,3055,0,0,29.68,224.07,0,0,0,0,2,4,7,14,,,-0.66,-10.46,0,1,1,1,,,,,,,,,,,
1791075698,GM91Lx9NT6WWVhyUprhx8mxt9Kq6PEQ1VeFkKCa4pump,Rapecoin,5gb5agNsg4FiWNe5Ns2bA65yoxzUCd6YBFkB9xSpxCGN,pumpswap,1790909923,0.000002930,2930.79,2749,2749,0,2.86,2.86,110.69,0,0,0,1,0,1,1,9,,0.1,0.1,-7.42,0,0,1,1,,,,,,,,,,,
1791075681,6qs8xGPpmyHnW7LpySq9iCs36kT7utFBt8mwM1ATpump,BlackHoles,GEShq9LZ2yyatWVmZvRD1jQYFMhQSfhVyCFztqA8m5ie,pumpswap,1790908409,0.000003400,3995.67,3296,3296,0,3.58,20.81,451.44,0,0,4,0,18,9,44,60,,1.82,2.11,-13.51,0,1,1,1,,,,,,,,,,,
1791075688,Aaan4fxwhKtUUPg2GSKq6natLV9oj9QQNf5xT4UE2gXr,BOT,CyivxGzjZGormKXFvzKKe8CL3DbfM8a6Uso6sBHz8Z5L,pumpswap,1790912617,0.000005294,4968.65,5120,5120,0,99.78,149.57,4587.57,0,0,1,2,1,6,34,61,,-4.1,-6.89,14.94,0,1,1,1,,,,,,,,,,,
1791075694,DyrjPqqqTdcqg6NCuRDpMtoE9knDdPbRtXhghgPXnPw8,MODEL,48VCc7v35W4knRvMRa7HPtEtX6wsBN5Q7JPyBfgCXHaM,pumpswap,1790907131,0.00006336,21445.35,62367,62367,0,0,2364.55,18070.21,0,0,0,0,28,17,111,158,,,12.33,30.37,0,1,1,1,,,,,,,,,,,
1791075698,GAwhcphCqCv5bKHmCiN4VDdNWfbXJL4npmkc8L3Q9S9H,www,Cr469Kh7oCPtQk5YADEmjVpBWx1DiXXLiooPFJn23jsg,pumpswap,1790911442,0.0005594,97372.21,555216,555216,5627.32,155682.66,723889.57,2933938.81,35,20,873,589,3424,2901,14923,13015,-3.96,-25.49,-44.73,-55.17,0,1,1,1,,,,,,,,,,,
1791075681,6RufsEXSv9Nd4YUmUGah8MeMXZT2rxn3kriGiBcSpump,MIX6900,Ep4PkMyu5BkVaP8RXEJvdu8QFomBjdEsK6g8hUNFH55X,pumpswap,1790913361,0.000002453,2716.35,2416,2416,0,0,0,0.11,0,0,0,0,0,0,0,1,,,,,0,1,1,1,,,,,,,,,,,
1791075700,HFmqDN4HYT2Z1fA4ZCpa8JQbPqbwexZdkk6a8Y9gcKnW,https,2PbGERvZC1CRHTd7GfRKVHRGAYQ1eLzXSgFoko1CUbmK,pumpswap,1790914245,0.000003984,3918.96,3792,3792,0,84.54,724.65,8725.38,0,0,1,1,11,13,111,148,,-2.34,-1.71,-46.1,0,1,0,1,,,,,,,,,,,
1791075684,8BJu7kgjRtPKsreF6n5yrSttU2pufYAPJSWmaY8Jdare,DARE,DwA5aMK41HjjRpYS8AXpTqdCewdpWLsjijsuDn4Ks7X3,raydium,1790913391,0.0001747,43732.03,174733,174733,368.05,12442.19,68638.94,210590.34,4,6,97,88,454,487,1669,1908,-0.64,-17.74,-43.2,-43.08,0,1,1,1,CPMM,,,,,,,,,,
1791075691,CNohWHNTurS7PpB55czspwUJfpk9yy92uf1wXdweEGg9,CATGPT,3hSL3G9q4ZYZWLgyQVX2TCVM6hS2izKcDuweHTPzZgfV,pumpswap,1790914072,0.00004693,23782.42,45653,45653,244.83,4048.05,40771.07,314549.36,3,4,44,41,384,350,3080,2583,-2.54,-13.52,-38.4,-78.79,0,1,1,1,,,,,,,,,,,
1791075681,6tpfCENhKozjtambBEecWoV1V6trzqNgi1AQHkTqpump,KEN,GhLLUkrj13WU8yPiA8argBUb6xk2ucBoRCRoVDfeuPr5,pumpswap,1790910654,0.000003696,3628.44,3554,3554,0,0.58,60.58,4094.76,0,0,0,1,2,7,38,81,,0.11,-3.64,-54.14,0,0,2,1,,,,,,,,,,,
1791075690,BdnAEgWU7kgLQRjdBchmbBCdjEXSFap4JieYhyE4pump,BOT,YmUZVaZRmHRi1cjjgJZopRwuenWMmyjnpP5AhaNpJ2E,pumpswap,1790914879,0.000002433,2424.15,2260,2260,0,0,0,4.25,0,0,0,0,0,0,1,1,,,,-1.29,0,0,1,1,,,,,,,,,,,
1791075677,4AT4FHoc8LE5EMXCX7mgcTSvGM9NFKZW8RsiA6oxvkjv,SYMBIENT,2p63ooyr1XVyXREhvg4tE6aSQWutijPD5V5vmiA52tQA,pumpswap,1790915044,0.000003820,3690.31,3690,3690,0,133.65,330.03,3787.3,0,0,0,3,9,12,52,71,,-8.29,-1.66,-8.27,0,0,1,1,,,,,,,,,,,
1791075677,4LjJL18pN6oMxr6Z6bMUxXy7K5CbbZTjrQ5UsSjjpiNn,www,WXNCv7a7qxZ1Thd6Jrg2Ap62AFmGJsFNbmZyrB4MijW,pumpswap,1790915608,0.000004286,3956.36,3994,3994,0,85.73,322.28,5891.82,0,0,0,1,2,6,66,94,,-3.9,-2.64,-25.95,0,1,1,1,,,,,,,,,,,
1791075684,8LmWjjAh6ujYTcXeMFh6FkT7nn6CDeEwYucMdaxgYn6s,BLACKCAT,C26dqPnGSFQNhuRJ6u768KvDyenkRk7wmAzRNGtF6pLs,pumpswap,1790904690,0.00001194,8281.33,11512,11512,32.12,352.89,2577.47,21718.62,1,1,11,5,33,26,193,224,4.28,19.36,3.76,-46.41,0,1,1,1,,,,,,,,,,,
1791075695,Ep9Txm6USzzdkDZX9fr2GrA7ZWZpR7xJFxMW1YGKGJWP,Robinhood,6MmfeiZ9ciuM33bvcFMvvfkkR7qzPPcQd5MD4Q5NTKAL,pumpswap,1790916502,0.000002182,2205.45,2167,2167,0,0,0,9.53,0,0,0,0,0,0,1,0,,,,,0,0,0,1,,,,,,,,,,,
1791075677,4E5SUG74yBb6DR94Ain8ifsKbDtvcJo6bshAHxNMRBQq,DINO,Ft7ZnShaVKnbmCpNEiUzMkUrHFgamP1bA3as4XLBcKKv,pumpswap,1790916516,0.000003375,3249.16,3005,3005,0,97.73,231,865.51,0,0,0,1,1,3,9,18,,-3.49,0.27,0.37,0,1,0,1,,,,,,,,,,,
1791075696,FJSQerYdgSEy9yAK9hD39YevvSKYJbryrABGCA9ppump,OpenAI,4dXrpbZxCfGYjNNu9wf8Z1BbhnbqbAVtScZUGdg6eMKF,pumpswap,1790914891,0.000002132,2169.24,2123,2123,0,0,0,4.41,0,0,0,0,0,0,1,1,,,,-1.3,0,0,0,1,,,,,,,,,,,
1791075677,46doJPsSjEVMsNZm4b32UbbvbUXjFTM3TDPBWMM3pump,Cadence,4TjiqZQoCtTNtmDqqmEV2SPoeGZipueRFyRamnFXV9su,pumpswap,1790649631,0.00005312,19753.5,51301,51301,0,647.33,6395.45,46457.61,0,0,3,4,39,36,401,332,,-7.6,24.87,-7.63,0,2,1,1,,,,,,,,,,,
1791075682,7PNrcZtvLn46Un9XDw3Um2UDqqpgdnnqYKd2BA7bpump,WWWCAT,BeB41rod18WKctzqWwPs6HMLLPtXrB99QxowfvdACDtM,pumpswap,1790918625,0.000002313,2413.16,2252,2252,0,0,0,7.06,0,0,0,0,0,0,1,4,,,,0.46,0,1,2,1,,,,,,,,,,,
1791075692,CjUVYWLHdn66zE1KNCcHEUBrApD2vi3WrgdLE2sAkP3f,SYMBIENT,GV18eR5J92RX28CPShN8kYwRFLbJ1LPBh2MwvUbnpC6Q,pumpswap,1790920048,0.000002856,2834.19,2717,2717,0,0,0.05,142.97,0,0,0,0,0,1,1,18,,,-0.04,-10.62,0,0,0,1,,,,,,,,,,,
1791075685,8nnaeWCw8mUypcGAgbmSuzAT85uWx4UN12adDrMhXrGF,HOTBOT,GLL3CzybpSCLZdoACf8QUM5YrKVwyA65kQ2RcTsJxxzV,pumpswap,1790920030,0.0006348,86296.36,611286,611286,405.17,22918.02,203015.47,1385307.76,6,5,160,178,1378,1278,8630,9005,-0.26,-5.09,-35.8,-60.13,0,1,1,1,,,,,,,,,,,
1791075703,qTyZGgDKVH1fZNhBAnGcUgtyVbVrWZ3uNeuCgJ4pump,GOIF,ANcPJyoPyos5hoGioj6UvkzA4RpU5FRNTb626xSMX6dB,pumpswap,1790851267,0.000006286,5305.57,6286,6286,0,0,0,1105.94,0,0,0,0,0,0,4,5,,,,25.25,0,0,0,1,,,,,,,,,,,
1791075673,1Atst4LcMEYfAXACbCaBpdk166CU8eopNkjyD8jpump,AROS,ffBBc3WzZNJNJu1ZCm85qA4nLibfS4pL7iAgxbACu6K,pumpswap,1790834817,0.000003441,3320.81,3441,3441,0,0,113.68,205,0,0,0,0,1,1,1,4,,,3.62,0.61,0,0,0,1,,,,,,,,,,,
1791075698,GhAP9Tb8RADFhxpAbyz96VFG8vGUzhMaPLMa38DvQFn2,Giko,BuKG2ytP83oWiSdHF1YjKmHWZEHWXLbxyQjPHRTiUwyP,pumpswap,1790918950,0.000004617,4504.08,4469,4469,0,5.69,511.38,9117.04,0,0,0,2,4,20,125,235,,-2.93,-14.44,-60.69,0,0,0,1,,,,,,,,,,,
1791075680,5hpck3FaHXqhQnL4RwwdaNQFeBka6CpoVBxT1dWupump,IRL3,EKF533bniHb623Ki8wRftvzjHzFisSNHvFGAi5vcShaM,pumpswap,1790922051,0.00002413,12533.3,21312,21312,41.15,269.33,4453.21,56634.3,0,1,7,4,52,49,724,579,-1.69,-3.26,-13.45,16.98,0,1,2,1,,,,,,,,,,,
1791075683,7iWG1K47CGCykTNUU4XXkYctnv1X7Qd8RAq6KnDMpump,SS,DtBmpRSAjL3bRbDbVwBuHGiUNyqQvjY8Y1jxgudFuUFQ,pumpswap,1790919986,0.000002759,2971.15,2661,2661,1.13,10.02,60.7,110.36,1,0,9,1,63,26,114,46,0.12,0.94,4.16,6.34,0,1,1,1,,,,,,,,,,,
1791075687,A72fsJX64cS5KxeuCcj3w2xoSa2hSYLzGg3wSw1epump,MOMO,B3p81rEhALWSen2kpGhPiFb676YsxeCSk7GvzhkXMuJH,pumpswap,1790925240,0.000005675,4825.14,5315,5315,23.48,151.2,2630.95,9573.69,1,0,1,2,21,24,104,100,0.14,-9.48,-37.9,-19.37,0,1,1,1,,,,,,,,,,,
1791075693,DSmp1qi6fAGn9Xj4cztBi8B1UJUBoiADn7QPhfEnsFq6,Anon,891v3RKdbE5yj5XDbtvxW71PSm6gFfC2aa8fbGb4XPLa,pumpswap,1790921757,0.00001406,10061.95,13731,13731,432.03,994.23,4638.68,25055,0,1,1,9,33,47,300,375,-7.01,-21.65,-28.03,-56.17,0,0,1,1,,,,,,,,,,,
1791075677,3xas9JZy5GP16YSVbq79txxnxDFZznA3TCurrJmGpump,ARX,DAoJ2HK2yspUsP2e2iLneRv9hPJ2T2PAMQuqLDGfrpNy,pumpswap,1790924357,0.000002376,2377.28,2275,2275,0,0,0,0.53,0,0,0,0,0,0,0,2,,,,0.5,0,1,1,1,,,,,,,,,,,
1791075698,G6VTWhrErdU59EaGFpiy3vugSG1UUjrDuaYZ33Kjpump,HER,82ciFLVwfzFzuqbwgVqH9qntUL4QPzNtdC9iRHLvgMdQ,pumpswap,1790923233,0.000006784,6273.88,6489,6489,0,126.42,476.1,5481.26,0,0,0,4,9,21,150,245,,-5.13,-4.93,-12.69,0,1,1,1,,,,,,,,,,,
1791075685,8XeBzEqjBpgZWCdY5WqNiN8j3qbx5WyojSAGTFHTvfui,DIT,F22ZrHKGjkkhq3ZrA6Gz3g1rKVqbfos9tPTeBh54yukF,pumpswap,1790926340,0.000003684,3612.13,3552,3552,0,0.3,232.13,3032.46,0,0,0,1,3,8,30,48,,0.31,0.87,-14.15,0,1,1,1,,,,,,,,,,,
1791075679,5YwP7f8VZLD5nX6EDwZTcjkTrnWsQ2yMQRCQmJUCpump,XP,BM3ByNefTixT82z89U4M5rbjj1bzpFrvWABnPtgCA7QX,pumpswap,1790925562,0.000002300,2481.67,2285,2285,0,0,0,5.6,0,0,0,0,0,0,1,2,,,,0.7,0,1,2,1,,,,,,,,,,,
1791075698,GRxEFq8W3G9BfeYDnvAGdQctm1nrhvMhNWB8qeNtpump,ROACHY,9gbhwpVjazeRRWktCRttQaJyZd6p31JG4XN86BX7cyXb,pumpswap,1790925556,0.000002357,2494.09,2288,2288,0,0,0.02,0.16,0,0,0,0,0,2,0,5,,,0.07,0.24,0,0,0,1,,,,,,,,,,,
1791075693,DWW2fZ5cBYXJ5qnSf2n2W7GdN5jSuxZ2g6eMj964pump,home,CRCgvWrhrfDQ3bMbRCs9yBJzSDPqhftH79KFBxjxJVrn,pumpswap,1790925933,0.000002582,2590.25,2479,2479,0,0,4.89,28.21,0,0,0,0,1,2,4,14,,,-1.5,-1.4,0,1,1,1,,,,,,,,,,,
1791075684,85QAKMntNJmM8aKxBBHiwczs1jyHFBHnF4WjZBrDhc42,brainrot,8dq9ShXaRwgwrDP7NRyZLjr8nDEg7DzEghwXWtMCU1o4,pumpswap,1790927912,0.000002428,2456.44,2350,2350,0,0,1.6,99.58,0,0,0,0,0,2,1,13,,,0.1,-7.11,0,1,1,1,,,,,,,,,,,
1791075686,9F4BvHppzdwXS1j6JgUQrfu8c5F9K7CQixtqRUk4pump,UPFILL,3frV9zVqf3Gas7gGneQ37M11XQXaLj1xDqazPKMuhht8,pumpswap,1790927092,0.000002479,2493.97,2342,2342,0,0,0,53.39,0,0,0,0,0,0,2,16,,,,-2.15,0,0,0,1,,,,,,,,,,,
1791075700,HRhf8umQ5rqxCSD7QrQeeTdoNrLg987wQDTDArj8pump,fkaAI,5f4vR2YC2dAfnadZBrnEp5yCvcV2YjK5tHXvWohdSqfh,pumpswap,1790931323,0.000003282,3211.86,3172,3172,0,0,11.43,802.95,0,0,0,0,0,8,8,71,,,-5.02,-35.25,0,0,1,1,,,,,,,,,,,
1791075701,JERpqiXG9wLuWcbSi51uaqjYzTDd6Tj9VGgpAgik6EW,Netizen,4LykWqvVpE1LmSSYN585EFewvkgFPePnWGojopWsUXPp,pumpswap,1790920802,0.000002979,2936.34,2855,2855,0,0,0.58,796.27,0,0,0,0,0,3,8,33,,,-0.2,-6.78,0,2,1,1,,,,,,,,,,,
1791075688,Aq1CMBoKpYaZEigG3AzWoxNnUa4356uhXosYd9enpump,GVF,F4cGKvbHXR356xCMDsydGA52EK7JXNDPbFBegcJUeMVa,pumpfun,1790922734,0.000005897,,5897.23,5897.23,0,0,561.9,18767.82,0,0,0,0,7,11,204,238,,,-6.12,-66.4,0,1,2,1,,,,,,,,,,,
1791075688,AukhJT5TuGPH9qKL515cVb31vNgmzjnXcQntjtXXpump,DIT,CMoFYkTV1W3VgEv4BZsMVBFDjp29AsM1PRL8Xprj65Gb,pumpswap,1790929427,0.000002476,2710,2403,2403,0,0,0,22.51,0,0,0,0,0,0,0,4,,,,-0.55,0,0,1,1,,,,,,,,,,,
1791075694,ERu7vbTVrsevpuMoYmSk2zqBPrhHxU9itTc7FrKftTwr,AGI,Br9htS6a8u5YGxkeE8oc41ZbH89mVMHWgx69XfCWsR3F,pumpswap,1790928823,0.000003739,3706.29,3607,3607,0,0.49,0.59,1973.77,0,0,1,0,1,2,14,26,,1.57,1.29,-10.01,0,0,0,1,,,,,,,,,,,
1791075687,9p9Dzwcsv1P3jMeMPqZTC3ywqgL45qL2R2VkCrfHMsby,SGI,8a96pMnpVyKF5NSyDvbeu2RBSpspSVu4ozfygVAwzWfp,pumpswap,1790928175,0.000003579,3651.72,3487,3487,0,0,7.91,1710.23,0,0,0,0,0,3,19,45,,,-0.68,-7.56,0,0,0,1,,,,,,,,,,,
1791075685,8tPHPus7JpBFcNoAsK2dawE32Ad7WWuJT6cVDV5ReDuF,RSI,C3EnP7Lwo3tE4UmG8ettzysgY3QcsN8fVgC37EehLxXk,pumpswap,1790934244,0.000002646,2624.1,2518,2518,0,0,1.63,93.8,0,0,0,0,0,1,1,7,,,-0.1,7.86,0,0,1,1,,,,,,,,,,,
1791075702,c17N1z7KdUGeUSYyAzxXPYvBT97B29Jm55xfc4N3YaW,JENNYNARRA,7cd4ggjDxn9c81jA5Ba79ChbgCvqvLchg3uGZEi6Q83P,pumpswap,1790932155,0.000005360,4696.72,5169,5169,23.5,187.74,1095.47,20827.8,1,0,2,3,15,13,231,220,1.9,-11.63,-38.47,-49.56,0,1,1,1,,,,,,,,,,,
1791075680,68RUKJSkhT7Z9itn2tUhCzR7t2pbBahqjgG8qbkB5Dux,SGI,Dj5LNTFFCFPEHyA5sFEJgQ8Lrs3z2pHc4ZwLmVYDZD3D,pumpswap,1790929727,0.00002651,15643.45,25843,25843,16.46,2288.56,53592.08,347724.84,1,1,19,27,427,412,2414,2280,-0.56,-24.51,-35.14,-84.75,0,0,0,1,,,,,,,,,,,
1791075678,4ghFqXZdLnakD591oFKhA2tD9q7pSfhBWfkVRs125GGL,SATOSHI,HTGSKCLTjV5HcfMTLKy9xWoKyBkfJV4vTXW7Po9HUrUv,pumpswap,1790930170,0.000003000,3005.1,2875,2875,0,120.72,719.33,996.73,0,0,3,2,7,8,8,28,,3.81,6.31,-13.22,0,0,0,1,,,,,,,,,,,
1791075691,CQN2XwiCQh82Ghvp7MBdrpizE81i3WGjrNkdPJgBUEQw,Clanker,ESPD3VaB3pjTrYSQuisjWoFjwCCwFe878Hd4GfEmrewg,pumpswap,1790932670,0.000003015,2957.64,2832,2832,0,0,179.84,1744.12,0,0,0,0,2,5,22,38,,,2.26,-11.48,0,0,1,1,,,,,,,,,,,
1791075695,F1xCLUZhi9qH7m3iPvqzUAwFSmindzZwkQrxDSdFiZSS,GTAVI,H51jQhaAhHhi3qBXZZrTSvhQo55gdmA6wZ6jPnkfccRd,pumpswap,1790931614,0.000002670,2657.53,2508,2508,0,0,0.02,2.03,0,0,0,0,0,1,0,7,,,-0.24,0.05,0,1,1,1,,,,,,,,,,,
1791075681,6VvwKp2wDd7ZfWubTXdXAhr3Z9ME2ta9Y2wPpwghpump,WWM,D8vGXgrx3kn27UhZfBQ4QMRXJh7WoZHSauiN1XctWxvV,pumpswap,1790932836,0.000003058,3029.55,2576,2576,0,0,0,6.13,0,0,0,0,0,0,0,3,,,,0.03,0,0,0,1,,,,,,,,,,,
1791075691,CM69VvR611vNwDVCQ7VhUXAv9kTNak9RxCSvYHSiCyBh,Ouroboros,9mXmePZqTsBi1L4fR6KGyAPtUgmS6XdJy7LRFtFKENoL,pumpswap,1790933567,0.000005720,4862.79,5323,5323,0,30.44,482.09,10777.49,0,0,0,2,2,11,108,129,,-1.5,-21.97,6.43,0,0,1,1,,,,,,,,,,,
1791075684,8MDW62Jb1zS58QfW2MrWv3dGUZJrgzJMJGBt5iRUpump,win,5BeiMTJE84Uk3yJAsm8GZta1Yc64VLYcdXogKNKBJQPf,pumpfun,1790934497,0.00006705,,67056.1,67056.1,0,0,0,1.25,0,0,0,0,0,0,2,0,,,,-0.17,0,0,0,1,,,,,,,,,,,
1791075694,ERHB4UysYrY9f7sS1JfKtjZ6q6gZsrxHy4GKpYZ5pump,PUBG,3ErBdH7zcyVteWrcUMvEwAtnnbRrALX2dYVv7PYHnupL,pumpswap,1790934182,0.000002208,2258.61,2199,2199,0,0,28.4,28.4,0,0,0,0,1,0,1,0,,,,,0,0,0,1,,,,,,,,,,,
1791075677,3kCar7DQx1jkknzcszvhEKT1LvEDC171ChFniGYNZBNE,TRUMAN,5wuoato3e9LR2fHbSPjvN9178A3QqbKbKsbdwLuDwGQk,pumpswap,1790936384,0.000002588,2576.01,2446,2446,0,0,0,69.9,0,0,0,0,0,0,0,7,,,,-4.93,0,1,1,1,,,,,,,,,,,
1791075675,2shsT2KMGVsF3LURpkgzf3GucFizCwsmkF9DUeWgpump,RAPE,HswiXqTeriop4NjQehufHVe5vfUEakpzccS76DJAvn2Y,pumpswap,1790934445,0.0001459,37561.78,139969,139969,0,0,135.81,7017.63,0,0,0,0,3,5,64,49,,,4.89,86.62,0,1,0,1,,,,,,,,,,,
1791075685,8tyaSHgK5HEi42qHvUwpWKE9t4NCyGxutLV8hACameta,AUTONOM,68u1a7fh9hdy2d3MmujMGrkSdZx3Vqq19Q5M4qRMXCU7,pumpswap,1790934861,0.000008408,6710.64,7967,7967,805.86,805.86,1636.28,7032.55,8,3,8,3,17,19,88,119,29.88,29.88,38.98,8.17,0,1,0,1,,,,,,,,,,,
1791075695,EpzFGJXtXtabZnVzM8WFeXvgRFrWSQwGZvpgVJH1EuAZ,Library,CAzLDRhe6v8taMbrqCrqgtdPhbrjHdoWrCE1hpoWRHrQ,pumpswap,1790934833,0.00001235,8633.81,11957,11957,1.18,54.23,6810.68,34782.09,1,0,2,4,57,57,422,422,1.08,-1.58,-22.69,-50.58,0,1,1,1,,,,,,,,,,,
1791075694,EFvdLptvhf8nG9rzzgtuVMguHvSKjLH5Gmt1bZp77kVA,SAM,GKfxKpbDJiCWyxfZoJbzgUrsisc7g5Krv9SxpfEWPMTv,pumpswap,1790935266,0.000003875,4001.71,3754,3754,0,56.16,429.03,10746.41,0,0,0,2,3,13,101,168,,-3.37,-5.76,-56.64,0,0,0,1,,,,,,,,,,,
1791075675,2impoKAog7wGw2frpzDdFFCeq7XkKHtUUvLi9ygwpump,Vortex,6Gd9ayiyjo3eJEHnQFCbY3TYrkmS12WQBUXE46miruYX,pumpswap,1790936249,0.000002164,2208.68,2153,2153,0,0,1.37,1.37,0,0,0,0,0,1,0,1,,,,,0,0,0,1,,,,,,,,,,,
1791075682,7NELwkCyL2crujChTgtdKpR1jn2UHTe115v25rUSpump,OnionWeb,F5jQWstPUV7tfHDZPrHjg81ynev62VMV8qWMfgsnbDS2,pumpswap,1790937829,0.000004314,4266.06,3861,3861,0,2.45,738.43,2566.37,0,0,0,2,4,29,30,136,,-1.52,-30.35,-34.43,0,1,1,1,,,,,,,,,,,
1791075695,EwSwuiA5JJ788WV66h7kLed2M1uKK6dbn67cSbeQpump,UPAI,5cZ925n6ckfUma76kqeu4pweAMHaHqfDi4QgvLizSXTP,pumpswap,1790937912,0.000002137,2174.68,2127,2127,0,0,0,0.01,0,0,0,0,0,0,0,2,,,,0.52,0,0,0,1,,,,,,,,,,,
1791075684,89PNM5oG8RkTSbnRKySNX9HSXXKtVSBDyF9X2Rf5pump,wwg,21Q2MZcKAxCvYqYdMNYv7BF5tAq8Vxh2NHXfgFLmAyqV,pumpswap,1790936706,0.000002318,2438.22,2304,2304,0,0,0,95.68,0,0,0,0,0,0,0,2,,,,-4.14,0,1,1,1,,,,,,,,,,,
1791075679,5R7EZqAQxm3AzxSVgCMcBLxPdkQbsX5MEJBybGvCQocf,SISTERS,5f6FYEkyGvBMEcrbbvcETAR87n84fkg1AXaWVsuQqMoN,pumpswap,1790946274,0.00001786,10233.35,17180,17180,1.44,935.58,3986.76,35841.02,1,0,4,11,45,35,337,312,0.25,-16.84,4.07,2.65,0,1,1,1,,,,,,,,,,,
1791075680,5cvUXei9SCWo5vjKnTarVWbQMAFhKMSZcRje54izpump,LANK,8CV5MLyQ8wYGVBuos93xWhwNvYJ7BnXCzj529CGY49kZ,pumpswap,1790873967,0.00004114,16587.37,39868,39868,0,27.87,5776.99,24341.03,0,0,0,2,74,54,238,152,,-0.97,-18.3,70.83,0,2,3,1,,,,,,,,,,,
1791075689,B9mjRdHKf3rr7FDBjDpYCgUJdnLj8CcukNNYe5hUpump,Vortex,BmHwyb5T91Zv4ZKsXVa4LRVEBQddntsamEoznKikqd19,pumpswap,1790939726,0.000002203,2262.9,2193,2193,0,0,0,23.43,0,0,0,0,0,0,1,0,,,,,0,0,0,1,,,,,,,,,,,
1791075673,23Qh7W7ZdXXVJarqprTjuVKBQH1vpqfU6R3gXY4Zpump,SATCHI,HHPasf43Qyng5ivS3oAAxSksPnrxvLVhuyAvxiQzEZcC,pumpfun,1790940755,0.000005773,,5773.08,5773.08,0,0,0,19.2,0,0,0,0,0,0,0,3,,,,0.32,0,1,1,1,,,,,,,,,,,
1791075692,D4KmLi3zAUawZFQUWQQodwiWTudtUBDu9FdoCSxBpump,Mammoth,G3oJpybwGyzpyifaQsXpx5JzXXUZDjfoQj8Kvv5tVHgh,pumpswap,1790941721,0.000003555,3367.51,2726,2726,0,0,0,1.97,0,0,0,0,0,0,0,1,,,,,0,1,1,1,,,,,,,,,,,
1791075675,2y4XLBAdpD1bnf38KXLdBQvCUp7E6GWaf3ooSMMJf5Cw,MEOW,7ZFqw3eomCjXpAYVFv4amhwaCPGDkwuCZjwk3XqE41Eb,pumpswap,1790941605,0.000003507,3474.02,3409,3409,0,9.81,10.26,780.08,0,0,1,2,1,5,11,39,,0.05,-0.16,-18.6,0,1,1,1,,,,,,,,,,,
1791075696,FFtp6pxteF52PX3gryHrhQdxWze23Qzh7vC3kKzVpump,PUMPFOLIO,EGVugw6Fu1nHCxUkx4urwz5gfXzZyzHbmMdZ3PYhDd74,pumpswap,1790950201,0.000004115,3799.56,3922,3922,0,2.75,153.5,1726.59,0,0,1,1,16,16,47,48,,-0.75,-1.58,7.03,0,1,1,1,,,,,,,,,,,
1791075701,JCsKWhELRJ8MhEZjUDdCL49mntw8fx27bKAgCMgSGhcQ,SAM,FSX1VaQ8kWRmrY8S5SpCxU94Q6WKUWRP1yJkUS9GYwpK,pumpswap,1790944284,0.0003213,54327.88,285275,285275,1918.19,43329.1,273699.97,1111998.44,6,27,210,284,1588,1554,6004,5209,-9.54,36.09,50.91,278,0,1,1,1,,,,,,,,,,,
1791075696,FESndbiwyTH1i1itf3FxV9HCKFNy5U9RnFp8ER8nwPgC,CATGPT,Gp2ZMrbfbQBDYuwLdGV2rmdqUW1xs8ogudtnSMi6Ede2,pumpswap,1790916727,0.00005406,20622.66,45834,45834,142.4,12579.98,106323.99,481698.92,1,2,124,73,860,690,3163,2443,-0.1,-14.83,12.44,117,0,1,0,1,,,,,,,,,,,
1791075702,XLBLxbY1Mr7aadnqAbmqSBXLEyUdjvUXtXCnz8Mpump,SOCKET,BA2YYZ4YUKsMCMDGpqrV5FQiotGnyKrc571pFhc66Gje,pumpswap,1790942605,0.0002672,55710.93,260796,260796,1328.29,17376.88,589719.67,2319677.11,7,16,150,220,3106,2834,10392,11153,0.74,-16.24,-78.48,-67.51,0,1,1,1,,,,,,,,,,,
1791075687,AJPertGGMDmM75fb6jiB8MPfFu61ouLDtW6UBvf3pump,BRUME,H7pt7KK8pB8xHwpF9DHrgdZsZb6yBjZHhGiUkigyaXwZ,pumpswap,1790942221,0.000006813,5981.01,6659,6659,0,40.31,1157.07,17623.98,0,0,0,4,8,29,255,300,,-2.43,-26.17,-6.35,0,1,1,1,,,,,,,,,,,
1791075703,jSC3hfcrTcxQzRQ3DhbhQvjB86z8ubFY5N6BsGw38pu,TED,9o8T7xsGspSEirqinPiiDhX5dB57pTV7kmevxPzWsPdZ,pumpswap,1790943519,0.000005102,4484.06,4856,4856,0,8,286.07,11684.36,0,0,0,1,3,12,134,154,,-0.23,-5.81,-42.62,0,1,1,1,,,,,,,,,,,
1791075698,G7k8YPnJL6jKmA1H5Pt9sPLXhcd6YXjexHgmRQ4zpump,TOKEN2049,8E1Zcg4VqnNetv4Pp6fVyYRFbDqUj3RueCcSyJM8sSSX,pumpswap,1790943935,0.002937,162912.56,2887510,2887510,4368.5,58841.07,352141.49,1277550.21,89,61,1236,812,7404,4876,32734,16932,-0.32,3.07,15.46,175,0,0,0,1,,,,,,,,,,,
1791075677,4QqY2xeyStveGr2sAgTPUYH6Jf7xEjZjf5ygkieKpump,DIEWORK,G1ruGEadUBHVNDUqh3HSbKRMPz1ZEPgucLajS95yxHyp,pumpswap,1790943726,0.000002480,2525.63,2407,2407,0,0,0,10.03,0,0,0,0,0,0,1,12,,,,-0.15,0,0,0,1,,,,,,,,,,,
1791075677,3nm1s5FJxGBgNnF9hppdnNphKwVD15Acvg8ptHqupump,Minecraft,FwT6eGYwA2h6AkCGrLq2BZEQvMVA1oMmWaNMjonoukgS,pumpswap,1790942886,0.000002163,2202.74,2150,2150,0,0,0,1.87,0,0,0,0,0,0,1,0,,,,,0,0,0,1,,,,,,,,,,,
1791075679,5Uu3LJg9zDmFL6y13fXHUzAwP4U2Rz3eXbp8R46Xpump,Google,4eYjvH1XTTYjmW8bgPG4PM6XSp6UXnKNkxqHK4XnzYt3,pumpswap,1790944742,0.000002148,2171.57,2138,2138,0,0,0,1.52,0,0,0,0,0,0,1,0,,,,,0,0,0,1,,,,,,,,,,,
1791075697,FtPgCJkZhb7RLVpU5ysH2UPTFwtRYb3EriABP1EHpump,Morrow,8wxUZ8MfPkg6d48Y5nB3nAvpUi9H3MCvSKCHQJGN1yK5,pumpswap,1790946357,0.000004595,4208.14,4431,4431,47.61,189.24,261.47,4588.77,0,1,0,3,0,6,70,93,-2.2,-9.68,-15.91,-32.33,0,1,2,1,,,,,,,,,,,
1791075700,HjtrhQgF6MZWmuok2U7Y7N397bVCueEd5mi9cceMpump,CLIPPED,Gw5uBeP1UNn2pnv7Y5wS8429Bk1f91dhiXin3jk56eUz,pumpswap,1790947952,0.000002359,2354.92,2259,2259,0,0,0,27.38,0,0,0,0,0,0,2,2,,,,-0.77,0,1,1,1,,,,,,,,,,,
1791075692,DDGPxc1kb2EFV5zmwznRQGkRdmmSuuHffths1NsEASY,CNDT,9CoLVPU5AtQagVnk3hp3Fr6KVNVYWVYhKBRThKeHEXQE,meteora,1790944850,0.00001859,12533.97,18590,18590,185.92,327.74,4742.75,28342.06,1,1,11,8,59,33,314,219,6.02,3.5,-1.29,46.45,0,1,1,1,DYN2,,,,,,,,,,
1791075702,aimWi843dwsu8FpqoU8gWHcdNLBao3UDpiCpvTnpump,DOTF,ddLTDEafD1JS3VCya6Cgzx1pbQaQY17EJKxWj1cwVtb,pumpswap,1790947300,0.000002638,2642.99,2639,2639,0,48.77,48.77,1238379.75,0,0,1,0,1,1,13486,1156,,4.41,3.39,-100,0,0,0,1,,,,,,,,,,,
1791075685,8ke6hMvsqxoZWGcDWxuEQyUTC5Zc4mXhDsbBAsAaKUDJ,SITE,HiNyEgRxdWMuGwWmNEZKR6ivAhqk9uXgJacMN6VudAT9,raydium,1790947358,0.000002502,4742.5,2503,2503,0,0,6.43,151.4,0,0,0,0,0,3,5,19,,,-0.24,-9.71,0,0,0,1,CPMM,,,,,,,,,,
1791075680,62xXDGjFd1nzZkuAXS3hwMy7wpNkJg24BjByRpQ7pump,Pepecoin,2XHCTZnkE8iCL25meqyvEcJfwBUo5VpmfkTdvYWo8Rjy,pumpswap,1790947299,0.000002860,2814.31,2434,2434,0,0,0,0.41,0,0,0,0,0,1,0,5,,,0.18,-0.37,0,0,0,1,,,,,,,,,,,
1791075677,3x2NqY94bxePELsKqF3yn94iRSk8NvPd7MndeV1ypump,HUMAN,GcWjNuxysNJGb3kgZ46UmsjVSwuPNF6PwkEJNi81AL22,pumpswap,1790945949,0.000004511,4480.18,4373,4373,0,4.38,1790.59,5448.09,0,0,1,2,18,28,76,186,,0.28,-3.38,-17.67,0,0,2,1,,,,,,,,,,,
1791075676,3bJng4B4gBHe94UmQo84RhwYDbdXeDNwTDDdRz1MdPjz,Robinhood,2sgyvYx1za7bw3eNxtUvgazTzqbfJAQ4aVbyZNGWY9kH,pumpswap,1790946747,0.000002143,2159.92,2132,2132,0,0,0,3.28,0,0,0,0,0,0,1,0,,,,,0,0,0,1,,,,,,,,,,,
1791075676,3QVhc5zfYrGNxc1NYwjvJnXxehxtnrwRMqDvxPN9pump,FOMOAPI,PQUKmvMJW2nqc63gohEUguiaw5YwYqoY36GeynP2dGg,pumpswap,1790947940,0.000002637,2613.17,2420,2420,0,0,0,22.27,0,0,0,0,0,0,0,3,,,,-1.4,0,2,1,1,,,,,,,,,,,
1791075675,2pki9gZ4BGjYjD8eLeyrw8Y6ZxJtsKo8XoXbUovkn1Js,DOG,8wrqNam5rYkwh2DY8x6TqKPkVYV1jXLaMDZ821AGgc7y,pumpswap,1790947939,0.00001266,8298.78,11122,11122,0,38.42,9405.91,48177.02,0,0,1,1,82,93,466,449,,0.07,15.98,-17.8,0,1,1,1,,,,,,,,,,,
1791075693,DNSnAA99jrVUCg4GvL6LEVfFHBnGpnWA2k3CkRvZpump,WISP,Eba8gxzeDrXpo6ZtMK18sSpTuwF9KUWxPy6EXFB7ERAq,pumpswap,1790947339,0.000002780,3101.12,2692,2692,0,0,4.05,44.69,0,0,0,0,1,2,9,25,,,-0.04,-0.51,0,1,1,1,,,,,,,,,,,
1791075691,CDyNcxpSMMoWrXQgW3FHNzvHNww8aKyqzBRtb31Rpump,AIc,ABRYNCib5uQ1aTVdd8SyxnbjLaiioJkszdpTgag2HaV7,pumpswap,1790948978,0.000002740,2752.62,2400,2400,0,0,0,0.04,0,0,0,0,0,1,0,5,,,0.18,-0.71,0,0,0,1,,,,,,,,,,,
1791075702,ae86F9URKdFdj937YjFE6vUJByo54Q9mMkfMqdTpump,APEING,BecPfbup2c8vzLwQek6TbTypSanZADyUaz9jtwA9juYh,pumpswap,1790948462,0.000002148,2161.52,2135,2135,0,0,0,4.62,0,0,0,0,0,0,2,0,,,,0.22,0,0,0,1,,,,,,,,,,,
1791075686,9JTmrmD2CAtFknRvQR3td3UYSpcSRL21xngjtLnNpump,GIGACHAD,3DdEqdhu1va8yydqbUyKYoVVmn4dznnMZPpa65Gxq7fT,pumpswap,1790951090,0.000002932,2960.77,2776,2776,0,0,0.9,398.78,0,0,0,0,0,2,2,29,,,-0.22,-3.18,0,0,1,1,,,,,,,,,,,
1791075700,HN1KjpxdrWKt3rzwAQ6dthvKcUoUtSk58AZb61Xipump,SUPPERINU,5jBRk6XtWk3zmeU2TajcvXsko2EpdNtqNPNUvpc5NYwd,pumpswap,1790950513,0.000002695,3020.31,2666,2666,0,56.23,59.76,74.03,0,0,5,0,6,1,10,3,,5.48,4.57,7.41,0,1,1,1,,,,,,,,,,,
1791075679,5ERm91cZU23D9Ymb539AhtBgbkojRaza89Dm23h3pump,SPARE,65pnVZp3SXbMS3JT8qQSGK2MxopUmcgtDTpoxQzEziB,pumpswap,1790951800,0.000002478,2476.34,2353,2353,0,0,0,29.05,0,0,0,0,0,0,1,6,,,,1.4,0,1,1,1,,,,,,,,,,,
1791075682,7CTRbkV1tVuq1f59pRxT1Pb2W5AHG4gM9FMH4rGzKiXv,si.gov,AZuZuTjHimKR4ouHwrZr4Aeq7acALBmopkvpCxyBJNRc,raydium,1790949949,0.0002050,44425.53,205014,205014,69.18,2686.36,63381.98,197806.3,0,4,13,28,462,278,1516,1169,0.44,2.41,46.66,13.69,0,0,1,1,CPMM,,,,,,,,,,
1791075677,3st8R9eftjF5GnuhaeeMNGSKMFQbBxFpKg1ZrKh9tBaV,MIND,5rRthU5Ns2eR92ocvCKnpwG6P36c8RM9KEnL8d1gcVwT,pumpswap,1790944149,0.00002044,11316.64,19645,19645,0,4484.55,78019.07,273065.73,0,0,58,52,807,585,2200,1761,,-14.91,-64.2,7.06,0,1,1,1,,,,,,,,,,,
1791075701,HvRdz7YWW1ksGU9gAH4TzfHccjAoajXg2Rp4GXhsdMCS,AI,HMA4mobg9tRvT1tQvgkv2EGXRBFCkx1Huje4DPhN6pGQ,pumpswap,1790951795,0.000006636,5925.33,6510,6510,0,19.85,1189.14,12669.41,0,0,1,1,13,23,188,169,,0.91,-14.49,-1.34,0,1,1,1,,,,,,,,,,,
1791075688,Am6SB1xhuwyv6hENfR2uHj2fvKeo87KN8vVw28RcrmEa,Cassie,CeRmxAsiigonctygud7ict1dunHKrd3ztXfmTdQX9ZTz,pumpswap,1790954777,0.000008590,7409.23,8401,8401,0.09,16.38,1800.32,30082.81,0,1,1,5,23,45,334,448,,-1.36,-19.05,-50.57,0,1,1,1,,,,,,,,,,,
1791075683,7oNqxLCwfggUUEfjHqg6KDwwnqYjfDC8L4emV6iMgHej,WIN,DXw6RTBzck1NG1CxHh3rpeYwHhaS3dJ8Yy1rD22h22N6,pumpswap,1790954213,0.000003089,3194.05,2994,2994,0.53,10.35,31.78,857.44,0,1,1,2,2,9,18,71,-0.01,0.37,-0.87,-27.61,0,0,2,1,,,,,,,,,,,
1791075688,AsoVfPHWY5YHCpc4aMzUcMENVRaC9Rjje94BpkxcW2VE,BLOBBY,EEUaf7rxYuUa8L2BNV2k4T5ahLYHKxefkB17W73okjFW,pumpswap,1790953326,0.000005896,5492.91,5527,5527,0,0,0,83.53,0,0,0,0,0,0,0,8,,,,-2.62,0,1,1,1,,,,,,,,,,,
1791075683,7jL7HbPLV26jdwdhqmtxByUb6Ykshehq5GjjtmYtpump,SHILLR,4dREtLqXqb1jzEcsKkV8SapDGx6WJg4EveFKJwMyRD2S,pumpswap,1790953747,0.000002449,2450.91,2329,2329,0,4.13,4.16,10.08,0,0,1,1,1,2,1,5,,0.17,0.31,-0.18,0,1,1,1,,,,,,,,,,,
1791075696,FBtPrfHU7qZJjgtG5Ljj4gdxKxx4JiEKwAgHtM1py2eG,INUINDEX,BAvjCjU6GBuwYy4rtrj6u3qS7onCTfyubHUdPfpEc715,raydium,1790947769,0.00001899,11782.35,18992,18992,5.98,80.71,14218.06,28582.89,1,0,3,0,108,96,241,251,0.2,3.1,217,187,0,1,1,1,CPMM,,,,,,,,,,
1791075677,42UmhgRdQfuG5uFCjyvCpssNf5urVsT5UJqkgwaYgr1W,PULL,8ty8nNBc7wcw5YooP487rnirBzVGTLJkygRj52YFBXuL,meteora,1790953511,0.00001322,10444.11,13195,13195,0,209.65,3595.97,89087.49,0,0,2,2,34,34,655,501,,-5.34,-6.17,98,0,1,1,1,DYN2,,,,,,,,,,
1791075692,CiAszaNZULwaVAb1FdSWtKSvjVcHu9KcNCaBdt9cpump,ARTCOIN,HQdvkZCmYGqjYRizXt7TC1Zc4BA2hLWoEorkEDzM4CyF,pumpswap,1790952982,0.000009684,6921.8,9244,9244,0,0,1488.27,16081.34,0,0,0,0,12,11,102,117,,,26.4,4.3,0,0,1,1,,,,,,,,,,,
1791075675,2ajCoACqG6y5onCVcL8chbHWNSymSFQvDLqxT7Hzpump,LOOMER,EzhAK1VXmNzdpA9bs5Cci1D6fP8h8miYidEjkN8My2fa,pumpswap,1790954395,0.000002308,2315.4,2216,2216,0,0,0,0.46,0,0,0,0,0,0,0,1,,,,,0,0,0,1,,,,,,,,,,,
1791075680,5tckuF9AczEH59JtQA1DX72ATzSR6k7k8Nt2jhHtpump,PERRO,3LQHsRutvPtck79jLJt8QxKbSqB6ADesPGXJQcbsWs9h,pumpswap,1790954148,0.000002559,2853.78,2475,2475,0,0,0,4.91,0,0,0,0,0,0,0,5,,,,-0.07,0,1,1,1,,,,,,,,,,,
1791075678,4jdKhCf5TifzDEZN39gXzcoDMEpTARy99WPSGNGopump,TOILETDOG,4kbs4bLpKuRsHhqo4stEvsAeun7fMrL9inQw9q8neH1F,pumpswap,1790954500,0.000002938,3467.9,2821,2821,0,11.38,11.38,11.93,0,0,0,1,0,2,0,7,,1.05,1.22,0.31,0,1,1,1,,,,,,,,,,,
1791075674,2AKrTTVNsxhHV2FLNBWUBv6W6Vq35VJMuiAhjsKjpump,ANON,FYKNaNKGfqR5RYSKcX56ijvYKADGekefnD9p5x97wFZ,pumpswap,1790952843,0.000003476,4265.77,3454,3454,0,0.01,175.41,1033037.31,0,0,1,0,11,10,20476,13756,,1.6,-8.32,-99.68,0,1,1,1,,,,,,,,,,,
1791075695,EXpcefxiFG9FomELkRpWWz8x1ux7H5FeCVrfySR1pump,EVILFOMO,BHLfQgCmVmytNMD78jXQtd7xbVTEXWtezQqdziEk9nbL,pumpswap,1790954376,0.000002427,2578.1,2342,2342,0,0,0,3,0,0,0,0,0,1,0,5,,,1.11,0.75,0,1,1,1,,,,,,,,,,,
1791075695,F1xMp7RdfGRfmBWtwB9P1airCGQDAtLCuMo1e5d2f1hv,BLAST,9P5RGHagCMvyugeweimABfjiuEXGpyB2Qta2Agok5Ejk,pumpswap,1790955714,0.000002983,3092.92,2898,2898,0,15,1270.46,4371.47,0,0,1,2,12,19,56,84,,-0.56,-12.09,-61.17,0,0,0,1,,,,,,,,,,,
1791075679,5YpxZx5vVVTSEQ9qHhjeTXgoXW2SGxQSczSrDtkHpump,PACT,8qMScky4rzEw4cc8wtbLCs2AEiVRAFaZKKeLxRpAzTKm,pumpswap,1790956474,0.000002427,2420.15,2273,2273,0,0.54,0.54,4.77,0,0,0,1,0,1,1,2,,0.57,0.57,-0.73,0,0,0,1,,,,,,,,,,,
1791075689,BAhHTyR2oGXZyCweHp3cfd2BC5p4nTX7XuQNtCB6RKHf,SpaceX,EPX71kVLpJMkkkvr6bz93cVbQJpfDEYtKTK8shEG1n8S,pumpswap,1790954049,0.000002165,2197.84,2153,2153,0,0,0,1.2,0,0,0,0,0,0,1,1,,,,1.34,0,0,0,1,,,,,,,,,,,
1791075681,6ujCFTQY3mzrtt5wmprFrgfA3nYyPGid3SNvmiiGt7x6,BULLWINKLE,GFW9GjQWFqRaQqUV7vKqkipSDUXhygSNyh832zTjJjwZ,pumpswap,1790957404,0.000008156,6490.09,7621,7621,0,542.55,8740.97,32509.43,0,0,6,6,106,104,507,501,,-20.74,-22.03,-72.73,0,0,1,1,,,,,,,,,,,
1791075681,6WqaLfa39S2tEpvxquYudUofMzAqNy5ZYr9DzkHdpump,WWWCAT,GpF4fB74X9Tzy2f7nKtUZoU9vzdDNKppB2Brex9DKnPa,pumpswap,1790957054,0.000002373,2519.6,2331,2331,0,0,6.93,66.21,0,0,0,0,0,1,2,6,,,-0.27,-0.21,0,1,2,1,,,,,,,,,,,
1791075680,5krNQZMsiM7qT9KhzettHKEamQDUxaPEP8jCpjdQpump,pumpcat,TSq71CzLbZmqBPdjKtwoNJtoUgbbZqUHUaydzhSGrxf,pumpswap,1790956509,0.000002388,2587.62,2352,2352,0,0,0,4.06,0,0,0,0,0,0,1,2,,,,1.39,0,1,1,1,,,,,,,,,,,
1791075681,6fK5ohw22QHti86MQbcbty7rsW7xKTBjjjx7XZ7oe23V,Met100,7ZFtpHH2ByHTQHybumG4E3exKJ58sJ9mLTnZSoUqmjox,meteora,1790956763,0.000002628,4616.8,2628,2628,0,1.53,7.52,549.11,0,0,0,1,1,4,10,30,,-0.29,-0.33,-21.77,0,1,1,1,DYN2,,,,,,,,,,
1791075702,TEX8ns7HJ697ZXsXxP9uX7jv1VChGxmg7daZtzjUSpa,CORTEX,4N1ZPAmFAmwdP8kiThydSjVTW1dT6kU9HnSLaQTS5C9J,pumpswap,1790957025,0.000003131,3060.96,2988,2988,0,0,56.25,191.38,0,0,0,0,0,3,2,25,,,-6.56,-14.04,0,1,1,1,,,,,,,,,,,
1791075683,7keARBfdz79MdMTf3fZrswyvLgAs3Qi8JiRmy3u2pump,SR,AAh3sFjQVobLzSEReScwdAk3ahTucKUafQhgWsqGQBqq,pumpswap,1790956454,0.000002781,3149.46,2731,2731,0,13.11,40.83,94.47,0,0,9,3,44,17,87,48,,1.25,2.38,5.46,0,1,1,1,,,,,,,,,,,
1791075692,CxjdQW3ssu23fPwtJqMr7biVH1j7xwzUwb3vPTMhpump,GRANDPA,AiKu21Rg1aDzVsevCkZh7knuMparYKWGdCoRiygSew3k,pumpswap,1790970995,0.000007285,5740.97,6922,6922,0,2.93,2152,39995.16,0,0,1,0,20,29,516,525,,0.98,7.66,-56.18,0,0,2,1,,,,,,,,,,,
1791075702,ViUYyaji4grdaJh9X8gnKq5tpd1RDynPu7kmkDPpump,Steam,Bi8tvF1fAbXrhxu5a9mRrojHHkuq3zh4T1oavdMLhWVY,pumpswap,1790957973,0.000002376,2388.06,2231,2231,0,0,0,0.12,0,0,0,0,0,0,0,1,,,,,0,0,0,1,,,,,,,,,,,
1791075681,6jZ7huKG82w1TrAkGAudCwBKz7LiWL4asVwBgyjCnTxh,Moose,BCk6C6pccmUSmzfopzkWRZ8CnY4cGFasutxaXcKKSUER,pumpswap,1790957224,0.000004208,4438.89,4092,4092,0,0.12,7987.63,9411.89,0,0,0,2,21,31,59,177,,0.14,-1.83,-17.71,0,0,1,1,,,,,,,,,,,
1791075702,gGZwv7j9mEJTq4rKVkp7X9Er9iR68bPViauY5q4pump,Skydance,CS32dTdo7Dvh1waM21Lv5sn3qSxiSQsmezsnPfKkJT4y,pumpswap,1790956533,0.000002231,2247.1,2214,2214,0,0,0,55.73,0,0,0,0,0,0,3,2,,,,3.36,0,0,0,1,,,,,,,,,,,
1791075698,GZw7LxHtQKSQ1YsGnpNH7SovnBF8X6poYgavHwrmRekp,MASKCAT,G7QKTr9Lr3pF44Kp6ALkW8sExiGDXbG2JaJtzRtUKK15,raydium,1790519021,0.0006033,96760.99,603367,603367,551.78,17850.08,38600.95,270105.71,3,1,60,20,173,111,1289,925,2.2,-2.46,-7.95,-1.3,0,1,1,1,CPMM,,,,,,,,,,
1791075689,B5bKnQXYr2NtkSY7PBVT5LnSx2fLgdrtPWYvjZKJAPAY,PAYPER,G5heXEUXLPXGZyNG7P6uyFz6upTZk3PRoQwrb73iSc3A,raydium,1790956848,0.00003426,29678.05,34268,34268,0,505.94,2574.99,14549.88,0,0,2,6,15,27,83,152,,-5.89,-8.3,-27,0,1,1,1,CPMM,,,,,,,,,,
1791075702,cSn8JKyeeoqLuyif6MFMiwhnjaDKoaYttr2Pox699RA,CONVICTION,3YE3hncPDJm8dyLXSLaPKqwtD7iqwu7y4sZNpHNoHqKF,raydium,1790956335,0.00001524,10169.54,15248,15248,0,3.01,1134.35,4473.38,0,0,0,1,7,13,12,44,,-9.45,-17.01,-63.22,0,0,1,1,CPMM,,,,,,,,,,
1791075698,G8L93Qtyyid9nBwhnXcFwLHSyBa3iVGrTJ35JFkLpump,Anthropig,4WE67R3Epn2Jz2Z1UrvJcuuzuGJQTbWwE6kc686XJZUS,pumpswap,1790956458,0.000002270,2410.06,2249,2249,0,0,1.44,28.66,0,0,0,0,0,1,0,3,,,-0.95,-1.83,0,1,1,1,,,,,,,,,,,
1791075685,8hqPzBRtRW7m9wqTDRzF4vfQpuLNk69rkh8DEzhrKwo4,BELL,G33iM8rJB7CEoea4SrV1cEnJiTViKWRWamY2KPsaQPor,meteora,1790954372,0.0001775,38633.85,170191,170191,158.03,2516.6,134883.36,147353.05,0,4,10,11,328,282,421,336,-2.07,3.01,113,305,0,1,1,1,DYN2,,,,,,,,,,
1791075698,G9p7h8bRUMFjZBDZ9Q8Sv3mQmDLJFiYPTLKrNzzFGn6B,MAZK,3c2L6XtjMuAFfT9qirHiYJg75VdqKaDyoE39pFRcETUG,raydium,1790956759,0.00002301,13885.44,23010,23010,0,0.13,1291.29,12799.62,0,0,0,1,9,14,70,104,,-1.01,-12.23,-4.72,0,0,0,1,CPMM,,,,,,,,,,
1791075701,JC7mHcekQi78MyAE6YttG6J9QDMcmNuWbCqwcch3XsKW,Codync,Cw3U3Wjen4JkayTo23ozYkXuoEBQ5rRkEjYC5pN8J5aP,pumpswap,1790958387,0.000003071,3001.61,2893,2893,0,0,46.58,9968.36,0,0,0,0,3,4,108,121,,,0.13,-10.84,0,1,1,1,,,,,,,,,,,
1791075692,ChnjqZabVCTWYxU7YF6BbJxzZek2NKgmDNkGXSqKpump,$XALL,J68Se8nQB6dwWr8A4cyvhkHQUuVpmDHyYJuspN7qtKDP,pumpswap,1790959059,0.000002478,2634.24,2449,2449,0,0,2.73,174.64,0,0,0,0,0,1,3,13,,,-0.28,-6.5,0,0,1,1,,,,,,,,,,,
1791075685,8dBnKHwNYH3hz2fFTJczVwzBTpJFAMtc53k3uA4zpump,FILLED,A8JMWc6ijm7dUUBFTgRcPG9hqGsN9gipKj39q1hbhQZk,pumpswap,1790958086,0.0003985,77623.11,386511,386511,410.26,29099.6,178310.78,1295244.47,8,7,169,110,888,805,5740,5624,2.03,-14.44,-39.74,-43.53,0,2,1,1,,,,,,,,,,,
1791075675,2bs4mEZsUuNGkYeFsGuQ2YP8rTyNkqnwR3MerHZEGRSE,callinu,7RgF5HdMJydAV8s3FiCBVPEjkX9E3eaJbM2fuYFNx41Q,raydium,1790955960,0.00002227,14238.34,22274,22274,0.16,764.27,9830.06,65023.61,0,1,3,8,70,82,484,493,,-2.87,3.98,-29.77,0,0,1,1,CPMM,,,,,,,,,,
1791075685,95WF7wLb9gcET9kGYp3wSXekSdrYceLmJHSXonetpump,CATFLIX,44qvqXhiGiQifTKkENRRLyDPEDkYNC92cyepMzHwBhMU,pumpswap,1790959562,0.000002395,2587.65,2354,2354,0,0,0,1.12,0,0,0,0,0,0,1,3,,,,27.33,0,1,1,1,,,,,,,,,,,
1791075687,APxxh2tWCh95tbHitFJchcdbMsctSBgRS2Zzju9Bpump,JUGS,G4ac6W2sJgqojixx27b9ioDa6hW6tGm9ZVRXHSZNjWzm,pumpswap,1790979223,0.00006288,20962.45,60343,60343,0,2.21,4246.71,11987.39,0,0,0,1,14,17,81,99,,0.53,19.37,21.36,0,1,2,1,,,,,,,,,,,
1791075696,FHdxi5H9gvfA5Dp56M8nWC9jruDtcPKT3sg7wmongHPo,Bili,7nV7yWsHieTvSzLH1WKVk8FLc8PB72vaijQ6Ud8foggZ,pumpswap,1790961751,0.000003061,3123.3,2959,2959,0,8.4,59.72,1267.62,0,0,0,1,0,9,26,69,,-0.31,-4.26,-17.38,0,1,1,1,,,,,,,,,,,
1791075686,9cbDbgUNQbBjWDoVSL4SdV9LFBjNQ6ZriEfYUGUqpump,Pico,HZCfBpAS9okgnXPfzRdK4J4BMvFVhJnxN7r3ifYja8GT,pumpswap,1790961495,0.000002795,2840.77,2685,2685,0,0.37,7.05,901.96,0,0,0,1,1,8,8,50,,0.15,-0.03,-15.34,0,0,2,1,,,,,,,,,,,
1791075673,25PcSP8DwTBtgtzGK9rcUKsEqcN95VmtPwzARKpjpump,FELON,G4pcesaXEnzAc77RZ68chZ6AtQMJZDB14hjKZZUHfGMw,pumpswap,1790959964,0.000006712,6014.74,6415,6415,2.85,6.37,958.17,14032.08,1,0,1,1,9,23,171,138,0.74,-8.51,-56.4,45.59,0,0,1,1,,,,,,,,,,,
1791075681,6jmJbuPy6m5ZqvwbvGp21iT3b7ebG6AEhsy4jER2LYFm,FISH,GL6RAWLzUY2hzoekbUtJbuVeGiuCCPnsLv1yq8kAt1A4,meteoradbc,1790961263,0.00004831,,48314.89,48314.89,25.61,862.33,4157.12,49218.69,1,4,24,69,38,513,377,2208,0.24,2.91,-17.88,-57.32,0,1,1,1,,,,,,,,,,,
1791075687,9jUKtKNSHXhiSb97FnwPMCxN6M5Wcvg7LKksmb43jP1M,BURNING,2fLKmJNcqApZm98WpM8akAiJd1PR6jm1NtXK8CtNvnaY,pumpswap,1790963149,0.000003200,3095.64,2830,2830,0,0,1534.55,1824.68,0,0,0,0,11,16,12,27,,,-30.69,-40.21,0,0,0,1,,,,,,,,,,,
1791075680,6DrVZ746mG3ccccVLpX4ZdCjnVZt5LNzrZJ4GeAhpump,pumpjak,Dxd1sTnuoYA9m1Yhmuctk8zrR4NGHAugNMgruoaRAeJR,pumpswap,1790964388,0.000002961,3423.58,2884,2884,0,5.76,14.67,272.1,0,0,1,1,2,8,4,22,,0.05,-0.42,-1.25,0,1,1,1,,,,,,,,,,,
1791075685,96mZLgQjGXtLj3oKWr2CV2dnfSmabLA23LjE8iVUR3WG,Lemon,CLx9DANVKhsr1j87o2gPqr5ynzTsqSs7MG9dLPn6sY2t,raydium,1790964974,0.000002959,5208.83,2959,2959,0,91.53,306.54,1185.73,0,0,1,2,4,7,12,33,,-6.49,-8.35,-23.93,0,0,2,1,CPMM,,,,,,,,,,
1791075689,BJzk9dSj5iQFTrSJT93tVztHFMzP714NoYeHFfPzb1Bi,PUMPKINCAT,CBXgR3suNnAadba8nSrm53GA4w4PSsQBsavST7AyZBzM,pumpswap,1791055469,0.000003161,3059.31,2986,2986,0.12,50.13,26199.96,26199.96,0,1,1,4,289,409,289,409,0.06,-3.22,-93.48,-93.48,0,0,2,1,,,,,,,,,,,
1791075679,5R1XNfbLqGDe7vzrNLKMqM7zyWmd2Savrt3QfGyGpump,NIVI,5MSZjg9EhMGBWp5crjAjVauDCE5ZNSz88y7GvjGFMuTi,pumpswap,1790964116,0.000002507,2714.39,2469,2469,0,5.72,33.83,158.21,0,0,8,1,45,16,82,37,,0.69,2,0.52,0,1,2,1,,,,,,,,,,,
1791075685,8hr5NVzUbRWaywAPgiQgaarzUq9j5uCroZ3rLft1pump,GROKCAT,73HZef2stkkqdMjUMgefneZGtam5aAr1d59A3W9Equmo,pumpswap,1790962773,0.000004389,4245.19,4316,4316,0.2,2.63,322.96,20663.52,1,0,2,2,15,20,239,420,-0.02,1.22,3.07,-94.36,0,1,1,1,,,,,,,,,,,
1791075690,Bif1tMoPbLnwjAkLjdRMLF6jTG5dHG1PfM49i5Tpump,memeagency,AtUE8UpNycbtZhYsoqS9LKpguRcx13FYaiiLeHSLi2fh,pumpswap,1790963976,0.000002305,2370.84,2234,2234,0,0,0,0.94,0,0,0,0,0,0,0,5,,,,-1.07,0,1,1,1,,,,,,,,,,,
1791075690,C2bj2HbEsnv7bSqQe2bQ7uGrf7MHXNN4cSmEVRMQpump,Apu ,9GV1Etzq1h76FXtBdC9nApYbYXmEv3NTtwDeuTuLQqGz,pumpswap,1790963493,0.000003615,3736.24,3522,3522,0,5.18,47.58,20366.48,0,0,0,4,0,16,266,457,,-0.04,-4.07,-91.88,0,0,2,1,,,,,,,,,,,
1791075698,GT5PzaVt2wQvDnowmkNNPGRGL5gEcLb7dovzFwwACgxz,Cashout,6NyWV6kvii8BV4U41HpWS8wJffnhnVLv7EsouegQvAgu,pumpswap,1790967004,0.000003253,3197.13,2926,2926,0,0.13,9.13,54.07,0,0,0,1,0,5,0,26,,0.33,-0.95,-3.54,0,1,1,1,,,,,,,,,,,
1791075690,BpiHPgU64gzmZwdwfr6e1xBVXNqiqxUpBQHwkxEVpump,XingXing,9LAyUvxKYTh1GvU7AhTqte2mGgumiTJb7oABvhC2cUDi,pumpswap,1790967986,0.000002499,2527.68,2410,2410,0,0.44,116.93,278.06,0,0,0,1,0,5,1,38,,-0.04,-9.53,-19.78,0,0,3,1,,,,,,,,,,,
1791075676,3NGW414d3hh36tbwbgWeipV2K7VEqnqjvDxj69KKpump,CASINU,4gvR826fJJCkyrArJGekySvAP7aLCVvj4HMcd48W1Kh9,pumpswap,1790964335,0.000003806,3769.96,3714,3714,0,5.53,146.88,19454.79,0,0,2,1,15,11,216,357,,0.58,-6.2,-96,0,0,2,1,,,,,,,,,,,
1791075695,EVCx8yhknFxZ7MnYRK1LEmL4ycxBKHxSSZ8Gyyaopump,>_,8EX6tgzBVkY66ybkoXN1Ta1JwDMn2dp9ALBigGXPckg3,pumpswap,1790965545,0.000003475,3620.45,3397,3397,0,0,11.28,376.88,0,0,0,0,0,13,10,90,,,-0.96,-0.92,0,1,0,1,,,,,,,,,,,
1791075703,yDp9dCy1UrRTuwv4urMgkSUHNpw76UvyZHXLmPrpump,BTC,BWaXC9ExvjZ1rjLaCtWNYKRys1gvmC9QAkwKkUyxe8mQ,pumpswap,1790965770,0.000002382,2561.96,2346,2346,0,0,0,1.28,0,0,0,0,0,0,3,0,,,,0.4,0,1,1,1,,,,,,,,,,,
1791075693,DQxG8fJbgAdX8h2D56Cu9cLHPc7G5xSTj84vZNH6pump,FIX6900,6R4xp15uZUZg7FghFC9SXRppBSWTKAQT11Vx2XnFGSM7,pumpswap,1790964145,0.000005954,5907.57,5896,5896,0,0,5881.53,7162.07,0,0,0,0,19,23,38,98,,,4.62,-28.62,0,1,1,1,,,,,,,,,,,
1791075697,G3Zv4MTBbEEWXJeXXAza73Q385bKWAFQ499J5VL8Tovu,UNKNOWN,4afw8ndymLUTVw79FwTEzeVge62nRaFeENBRrkC5cRMB,meteora,1790889624,1.024,14197.97,10255,10255,90.3,180.42,229.77,2148.07,1,0,3,0,3,1,15,23,,0.15,,0.1,0,1,0,1,DLMM,,,,,,,,,,
1791075679,5GDX5fJTQns4arM1J94wjxdA8KXFsV5qW46MLFpHpump,OMNI,QVCymnis5qQJEJRZPgbEJnNKrQdNkhJtTFk7v1xqu9D,pumpswap,1790967612,0.0003433,61343.4,330848,330848,6018.24,23813.4,189898.74,836395.17,30,8,188,101,1177,806,4669,3081,-4.4,-24.98,-0.99,-27.69,50,1,1,1,,,,,,,,,,,
1791075687,9kpHmcAjabZksyon8KVA2FQPyp9kMtLiTRaFGRTkmqd,clout,42xESpMXsCppsS4gbtaCT87sBTjKxdtLVqcTSaSmzbv4,pumpswap,1790968247,0.000003263,3347.24,3190,3190,0,2.82,21.76,410.8,0,0,0,2,1,11,19,72,,0.06,-0.12,2.47,0,1,1,1,,,,,,,,,,,
1791075678,4zWD7Lo2AE8wjdXeANYoLoiLNnRiEjkadHyiHcpJ8Nfw,RONNIE,2fcZqmSBrbQDToJUkLEkf5csK2kdev1tveheaD86Wunm,raydium,1790968509,0.000003052,5138.02,3052,3052,0,3.86,235.8,2754.57,0,0,1,1,9,7,36,89,,0.5,4.22,-37.74,0,1,1,1,CPMM,,,,,,,,,,
1791075693,DN5uhGU1Dfx1zJXveBuYk2Rn8eGuMKF7xJZmcZuLpump,RIPIT,5z7X3cwcUFSWtRJoEr9b6gL9iMdr2oxNHjchs5acTRbV,pumpswap,1790976040,0.000003341,3202.96,2688,2688,0,0,11619.5,11892.3,0,0,0,0,37,40,38,59,,,-0.33,-16.45,0,1,1,1,,,,,,,,,,,
1791075682,7Jv7D7qpT8GpKUywkbQv9WgF5yDWr6Yf7SZXZj1Gpump,www,HQbKVr5GiHTjPsv27v9TGvK6rgVZpvcQ7Eg5WGsYUwp8,pumpswap,1790967090,0.000002665,3002.97,2625,2625,0.04,3.65,46.3,791428.12,1,0,4,1,12,9,22399,23159,0.18,0.68,-0.86,-98.93,0,1,1,1,,,,,,,,,,,
1791075685,8yQcTVBPh84bUkQVoMFStmZGFB1k4Hm2YUwZ4XNApump,HalloCate,Bbqe9oJcxHD8z35PS64TxoUu5ct7xts8rQCG78TiAaW,pumpswap,1790966190,0.000002459,2494.81,2378,2378,0,0,16.02,18.05,0,0,0,0,4,4,4,7,,,0.12,0.63,0,0,0,1,,,,,,,,,,,
1791075688,AUUeDvfh9YqkkevoF6JTXeR2FpdtGvHQaCBJ9fB8pump,PUMPEPE,3LXjhey3gKt6BfR98ajhoQUr6YwCajzSLS7qHZSMXs8z,pumpswap,1790967100,0.000002952,3566.35,2895,2895,0,0,13.15,75.04,0,0,0,0,3,5,6,21,,,-0.02,-0.1,0,1,1,1,,,,,,,,,,,
1791075688,AbMG6MaBJhaAFnJtiPzxBcz2AEW3m3wrcyeCnEXWpump,HEIST,HYYwsvta5RBRBKDcQoGLNatyjGBhhjQrp9ZKkY7xmrnV,pumpswap,1790967062,0.000005288,4665.93,5170,5170,0,0.01,109.07,25727.91,0,0,0,1,0,19,182,261,,-0.23,-6.87,-93.43,0,1,2,1,,,,,,,,,,,
1791075703,yM9CztffVYLtf6uiv6b79bhpsni4nVKzka7CK2tpump,mane,H1vhy8vSs6sQcAu8pqWYVaitcCXB9qNhFyYFxR7anPeq,pumpswap,1790968606,0.000003021,3078.11,2824,2824,0,0,0.05,88.4,0,0,0,0,0,1,0,12,,,-0.48,-7.43,0,1,1,1,,,,,,,,,,,
1791075680,5jF68KLDhPsTKwQAGiCHV6DiPtogPDgamgShSjkupump,Pumpkinu,28qipSLv8akNzodEqYVzykZhWWtY4h5h7FLupaw8xzFB,pumpswap,1790970830,0.000003639,3437.04,3340,3340,0,0,38.67,1565.31,0,0,0,0,0,2,27,24,,,-3.86,28.96,0,0,1,1,,,,,,,,,,,
1791075703,tViT1RV5HE9FTQ4padRdnadasKjNX1QASuHe7XXuant,QUANTS,6mMwR1MBzQbMTe594APGgEzMiwzpThUZiDMFa9BaHC2C,meteora,1790970242,0.000002107,4208.47,2107,2107,0,0,1.17,1.17,0,0,0,0,1,0,1,0,,,,,0,1,1,1,DYN2,,,,,,,,,,
1791075680,5q96w5CcRWZYzrzXHwwx6r1KBf77devYsoH5cougd5Po,UNKNOWN,EhLkcyvUQExQiQG43zihg589tj765MCXRLckefmK3AnP,meteora,1790963183,0.00002222,14307.1,21265,21265,0,78.14,1332.31,11654.23,0,0,1,0,9,11,73,58,,0.27,6.12,-18.96,0,2,2,1,DYN2,,,,,,,,,,
1791075702,fHF5ZPCmY1NHN4K4aD6dTyoFG9wE8TJU5qp6zPGpump,artcoin,7dPEacEp8YBGb8VhjNxes8KGNYG4pGDMpKD7BAG7TofJ,pumpswap,1790968930,0.000003850,3710.53,3634,3634,0,0,0.72,1210.65,0,0,0,0,1,4,12,60,,,-0.47,-38.7,0,1,1,1,,,,,,,,,,,
1791075691,CJZaHX5RQbvKrRyMoUU9D3jyvXj8Yy7QLLmcKvoopump,Pumpkinu,2SBgHnfs9YPCs7hPPaWt1rHGxpV1WEWp2YNsGBDsyuJW,pumpswap,1790969340,0.000006130,7495.73,5952,5952,0,7.75,235.95,3865.06,0,0,1,2,6,23,88,115,,0.18,-2.25,3.51,0,0,1,1,,,,,,,,,,,
1791075700,HZ4qZQJ7yf6WR1D24GLRLJ3cKUfgtJEF3B7SdLMLvCPZ,9e9,3JcpTVkjabeM2fucmS6AFTSZ2o4sqht3j4wzkPow1roT,pumpswap,1790969104,0.000004690,4747.35,4559,4559,0,13.37,285.29,6526.67,0,0,0,3,2,15,106,221,,-0.5,-13.76,-44.09,0,1,1,1,,,,,,,,,,,
1791075703,wdysfTqUsJ8qAVB1796BXgGisThoBzu1keQmdgswdyt,WDYT,Bu65yUfdrxgwSnXXvrKxeNzmcjaSCsAEn5JtPMWYZVQG,meteora,1790968878,0.0007920,97329.03,789451,789451,106.54,13908.22,150088.19,471085.14,2,2,48,36,526,383,1634,1176,-0.15,-23.5,-42.96,-48.4,0,1,1,1,DYN2,,,,,,,,,,
1791075674,297QBEbtTiW1aowND56EJHjfaG26ekK4Wi1BFxgP5S2P,Jax,Hmc9sYhzPx4BfaxxPBtBh4rG6XN54HvWGJCdgkqjaM2X,meteora,1790970469,0.0000000006388,1.1,1,1,0,0,0,0.03,0,0,0,0,0,0,0,2,,,,-6.38,0,0,0,1,DYN2,,,,,,,,,,
1791075700,HUzsazhQoEBooLPQktSoYTVcKKVSZ9AyhZPs3x93pump,WIFWWW,FbmT4jXZwrmMWSDvqGGTjuqwcWwVJJYkNZ27UYejtLCE,pumpswap,1790969578,0.000003889,5276.07,3805,3805,0,1.08,6.22,1043.15,0,0,0,1,1,4,15,53,,0.63,-0.29,-21.74,0,1,1,1,,,,,,,,,,,
1791075702,WwzTBN3tP8h2hkLfoWhpQdpcbsYtehP2rNqTfo6pump,Kraken,6yjaN5mVCoWw7DYgVNciBDSXsLxmhtSdmx1RLCH8SWUZ,pumpswap,1790969762,0.000002194,2245.75,2184,2184,0,14,14,14,0,0,1,1,1,1,1,1,,-1.27,-1.27,-1.27,0,0,0,1,,,,,,,,,,,
1791075703,ixdhaSTPLod6MGDmUdomz1cqp1ztJTUesWbLKB4NGBa,Charlie,6LjoPHY17TGnppnSVbLcwDzmwMbafJETRKy5WFVeXDsf,pumpswap,1790970538,0.000002557,2573.64,2421,2421,0,0.1,2.97,55.71,0,0,0,1,0,5,1,21,,-0.15,-0.43,-3.8,0,0,0,1,,,,,,,,,,,
1791075680,5gJjJYGu25aQevcpsBgBFvLcCRfSPcvczcxvnqHDpump,bag,BrBGnm4VaXXqDySKDqnH4VZ46p3x4mqC4R2dA4EGGWPY,pumpswap,1790971880,0.000006319,5767.33,5830,5830,2.55,3.82,753.25,19878.24,0,1,0,3,7,34,304,392,0.11,-0.28,-28.51,-69.51,0,0,1,1,,,,,,,,,,,
1791075702,cdS3jkAX1N8s1jiejhribCiZ8T6eMAeJEkbVEhPeM1v,clout,HRsmzztcrq7e5cqeXeJUyYCJcH1ntGRWANESueWeREP6,pumpswap,1790972202,0.000002409,2421.57,2296,2296,0,0,7.24,50.77,0,0,0,0,1,2,3,14,,,-0.32,-2.71,0,1,1,1,,,,,,,,,,,
1791075686,9ZUwZjiMP8Un9qcBYNfKmVmRRj97YWLB1DRWPhhnpump,HOOKEDINU,FmtX7rDgSe4ctMT5wpHtgeoE71cRx7MNrdereUMSnhJr,pumpswap,1790967978,0.000002564,2868.68,2542,2542,0,0.27,13.45,880855.94,0,0,2,0,6,3,14192,16870,,1.24,0.96,-99.78,0,1,1,1,,,,,,,,,,,
1791075681,6irHJ66p7HKYHkfPnNaJHJdVfpfJ3AtM3Gse68K2PRLD,BlackCock,DQCWSiW15qugyw2GHED7PfhQ1FqVaSMG7PchVmFa5RzE,raydium,1790971091,0.00001956,12075.58,19566,19566,0,1.16,9476.6,38380.7,0,0,0,1,79,94,473,554,,-0.03,15.66,9.38,0,0,1,1,CPMM,,,,,,,,,,
1791075680,5yQYLno5ABBZ2ELVvLXEU323CbHhr2jwR1NKFDh4pump,BOO,7x9P564ydsAxDMRKUyHzRKua2x2gsWMqUuxgv4SLDGcS,pumpswap,1790970918,0.000004363,4246.45,4223,4223,0,4.91,389.25,4266.12,0,0,2,4,25,33,157,230,,-1.02,2.97,-36,0,1,1,1,,,,,,,,,,,
1791075682,6ygHGHDunESzifPU2ZKt399XY199QxFJnHozwFYfpump,SIC,HiRzSypb1LhYbk8A7hwAKJbA2Ha1wv3bx2y614E6Tksg,pumpswap,1790970370,0.000004162,4049.26,4129,4129,0,0,796.25,30060.18,0,0,0,0,8,108,9354,9492,,,-16.33,-66.83,0,1,2,1,,,,,,,,,,,
1791075689,BLKKYfF41c6xRPrtX1rdYbxLE1xxEdZUnxQsB5hcZ8Nf,BLK,HaAD3GAenBAgzJchhLyShmreAUMAfzoQnd5iR9reEXz3,meteora,1790973584,1057.37,2915.62,417662,417662,25.17,3369.05,54256.67,304699.45,4,0,31,20,576,509,2757,2361,0.2,-0.5,0.2,0.46,0,0,0,1,DLMM,,,,,,,,,,
1791075687,9xgGWhKBhpnZpaGfoEBBEr3PwmM8Ybg54ijH7FpJxC8J,GTA 7 VII,ETArfBxDPxhwXeudsfLBuER6kZHJXZBfoPYR1QmTBVTQ,pumpswap,1790971291,0.000002198,2278.25,2187,2187,0,0,0,9.96,0,0,0,0,0,0,0,1,,,,,0,0,0,1,,,,,,,,,,,
1791075688,AYkTxWJHAgp95Xu1SDkmqzTpvpKmG7wLiUpUgzKVpump,SV,7i8rWKDT6qYFksVDSuvhmu3Ycq9mboPfD7qadYYkec5L,pumpswap,1790974221,0.000002874,2861.73,2626,2626,0,4.05,4.96,90.11,0,0,0,1,0,2,1,23,,0.01,0.16,-7.24,0,1,1,1,,,,,,,,,,,
1791075697,FbpAkY1wJXFktY7i4xhp5SP9p2xTkgdLEa52BErDpump,CleanMusk,HL2GBEn3oEcsY6gHz4QnCLwF7KDaxb4sRXyrmQUUiJHw,pumpswap,1790973570,0.000002445,2526.39,2353,2353,0,0,67.73,73.28,0,0,0,0,2,2,3,11,,,1.28,1.51,0,1,1,1,,,,,,,,,,,
1791075680,5tzjoTepg3tEupgKBjedF2SapniNaDrt1cVqdU4UfkjG,BLACKROCK,2jEsgfX9zxGeNWTkQ8S9fY94LW19Js8CfvSM5GiuQg8E,raydium,1790971444,0.00007402,26332.9,74027,74027,27.03,5010.07,42542.87,297728.05,3,2,60,35,368,343,2736,2037,0.38,-29.22,-34.33,156,0,0,1,1,CPMM,,,,,,,,,,
1791075673,13uAEB5kTR2kLyTZTdQZ49mGurdU4xznbyBp3J9opump,Nest,6EMkjma2duRyLKRKo8LinUtRSCLjyU5rdhPHahQyQknZ,pumpswap,1790973388,0.000002328,2340.58,2231,2231,0,0,0,17.26,0,0,0,0,0,0,0,6,,,,-1.37,0,1,1,1,,,,,,,,,,,
1791075687,ADH4cDsEYKFVv4NsNN4ep5pwpMwGUCmzWrGPHZoupump,FOMOMICRO,BvUSvo3uNy1y4xBPTJTSyd8uKr9WB7TKG1v8KPSHmCdh,pumpswap,1790972421,0.000002828,3327.99,2757,2757,0,0,0,32.23,0,0,0,0,0,1,4,26,,,0.45,-0.93,0,1,1,1,,,,,,,,,,,
1791075675,2bHz7Uq8arFttDotBgGFsVKXxN2n7hM39Cktna69pump,HIM,HaGMjHTjfy7f3DN54RHix2RCWvaMZbRKszkFGXPmu9c2,pumpswap,1790973057,0.00002376,13200.91,23269,23269,313.05,4108.28,51738.04,225775.11,1,3,30,51,386,338,1678,1473,-2.51,7.92,-62.85,-21.61,0,1,1,1,,,,,,,,,,,
1791075688,Aa2D1LydKNBv4yhPPLYCna3xcFskxpJn5GbUtaqUs5ru,NPC,Ck34bLoZRB9uCYitp1vgqaKhc8KXWVafZt9GPhu48x5J,pumpswap,1790972531,0.000003093,3012.89,2707,2707,0,0,1.77,39.13,0,0,0,0,0,2,2,13,,,-0.17,-1.58,0,1,1,1,,,,,,,,,,,
1791075693,DioisRY2M15WKza2te7pCvEAe7B1EVp4N1ZrM6tn52Sp,HAMSTER,9yS6kearLBYAKeXoPr8adHirSa2mwUT86PkPgRrMkDqN,meteoradbc,1790970523,0.001592,,1592554.36,1592554.36,5162.67,104090.03,759789.53,2719562.5,5,14,122,165,1471,1119,6438,4580,-8.48,16.16,21.46,-16.34,0,0,1,1,,,,,,,,,,,
1791075690,BvGaSNVZdn52Gp6q7WY527eE1svJus8xHx4jxCQ6pump,.si,5Madst3fKHm148b2gfizPb6Lfkitu8bbZMtYPN8Pb1w1,pumpswap,1790974303,0.000002871,2816.64,2484,2484,0,0,0,25.58,0,0,0,0,0,0,3,6,,,,-0.05,0,0,0,1,,,,,,,,,,,
1791075694,EA7ktecGm37YZs1rngs8hQwF1YLNUAR1pzPTtw8hpump,PEBBLE,9PdnnzU445qN6EEN1FXT4jfV6VTaETAWFiefdWsXtzRH,pumpswap,1790974259,0.000002896,2838.44,2464,2464,0,0.14,0.14,2.07,0,0,0,1,0,1,0,4,,0.47,0.47,0.73,0,0,0,1,,,,,,,,,,,
1791075678,4XoNCZgEpGFb3JZt94e9FVqVm3BQaBWuEFTuYyjAKYc6,FRANK,DH4W8MKUKXenRofYYApwtr8DztygFR8xij9aC65kaDN3,pumpswap,1790976209,0.000003319,3195.42,2914,2914,0,0,33.27,3349.4,0,0,0,0,4,8,48,76,,,-1.17,-21.21,0,0,2,1,,,,,,,,,,,
1791075690,BzLRJmKYYvDaKW5ewyaJADiMV4eRCFV8scCEENbUpump,VTubePro,2RcvEzx6fbeaQoNBYjqpDvaKs9ovK7qeRHMh91mdXcoD,pumpswap,1791014784,0.00003495,15601.47,32780,32780,2006.8,4824.27,59936.63,584041.2,26,9,66,54,493,383,4508,3466,-7.92,-19.53,-51.68,-28.99,0,1,1,1,,,,,,,,,,,
1791075699,GrGKeeA53885t46YxxgjCw63S9tsubHHVzuKwaWQMBbD,ALADDIN,Gk3maciSYw9SFbnARiDkCgqtw8Mjgkq6EEurdzA7a1DR,raydium,1790973528,0.000005201,6777.38,5201,5201,0,285.39,504.1,20569.55,0,0,1,3,8,13,207,213,,-14.98,-22.43,-55.5,0,1,1,1,CPMM,,,,,,,,,,
1791075701,Hrf2YpUE8PBRVfPzCXntrsCLiGJ9L8hcNSXRdr7Dpump,Ban,H6zV8vBtGwpQwV3P4z8oycTHFyteYQdWKFWp3njE44Q8,pumpswap,1790974474,0.000002477,2623.57,2401,2401,0,0,4.5,13.81,0,0,0,0,1,1,1,10,,,-0.28,-0.66,0,1,1,1,,,,,,,,,,,
1791075690,C31VDb574hdxuQm2LWs3G2UCdsxnUw1ff9mKE6xCpump,NEST,CqnUuYYX1LqZYZVLx3naJoSfEWiokQjKqnXT6h16WuVB,pumpswap,1790975865,0.000002528,2515.78,2403,2403,0,0,77.67,183.82,0,0,0,0,0,2,0,16,,,-3.23,-11.19,0,1,1,1,,,,,,,,,,,
1791075675,36MGGQQDEjUQrFZTZBYqPiSd4CFfUQY1DpdT9pZJcXMv,Comet,AM5PTnHMsyhBGhM4jCdk17TTyJRoFmbNXaYb7a6d3wFS,pumpfun,1790974181,0.000007860,,7860.05,7860.05,0,730.03,3304.68,51900.67,0,0,8,5,26,40,544,509,,10.97,-7.59,-11.28,0,0,2,1,,,,,,,,,,,
1791075702,PFCy4bbBV65EkEbxWyqHjq5Sx6XCGG9AThczD8Dpump,ARMY,5URuhBmWRyW3R58brtuy8tdVXF95dY6ADq84RUstjkba,pumpswap,1790974312,0.000005631,5733.89,5491,5491,0,0,456.04,8622.11,0,0,0,0,16,29,159,310,,,2.39,-27.58,0,2,1,1,,,,,,,,,,,
1791075690,CBXJms2q57a9cBwzyzhkNQQJiLzRWxhJvPcJg2XjGi6K,HOOMIES,389B7EiaSiTRJodKtDRBFRnFKNRGHxW91qmYGvXxw3ET,meteoradbc,1790975980,0.000005419,,5419.72,5419.72,0,0,6.03,572.92,0,0,0,0,1,1,2,13,,,-0.22,-11.07,0,0,0,1,,,,,,,,,,,
1791075702,aisasT6FV3KUxExeVVZncv5LCgSfHsX7cX7aKgKpump,MRG,AktUzWaBPypdKRSGhRk7sQ52nczizXzDT32nDBxNVab2,pumpswap,1790974746,0.000002149,2166.98,2139,2139,0,0,0,4342.78,0,0,0,0,0,0,3,1,,,,-66.78,0,0,0,1,,,,,,,,,,,
1791075683,7gbJ4SMomkft4EpovfvyFuLWqmsULEfFxQubuyEvpump,PUMPGO,5P1MZ56nzCYUP1uFtQkJv5iqGiH2pDNb6Rh6ggBJiQbg,pumpswap,1790974813,0.000002293,2452.39,2280,2280,0,0,0,0.48,0,0,0,0,0,0,1,1,,,,1.39,0,1,2,1,,,,,,,,,,,
1791075701,JfyaeBaLuXVRQgjKe7fes5Et44m3ywmpbLnWB86DmWn,STATEMENTS,CFKSruNUTALTLg4bmFj8rFQ2feUG7qNsLbVgaLjD9xT8,pumpswap,1790977254,0.000003781,3792.31,3691,3691,0,1.17,138.73,20208.41,0,0,0,1,6,9,261,386,,0.15,6.54,-80.95,0,1,1,1,,,,,,,,,,,
1791075699,H3vAMRcvEFuNtG9eE3sSMLpqtxhSUMh4kDzC7Ci4UAeC,CHIP,CLyg31Cra1fHhY51Bj4HA2rNXyTvfDV3m7hpYnxBxqsp,meteora,1790976344,0.000003972,5918.84,3971,3971,0,0,27.03,701.8,0,0,0,0,1,2,6,19,,,2.78,-3.81,0,1,1,1,DYN2,,,,,,,,,,
1791075701,J6nQhwg8CpKjSpo6X3hMNHbcpYtMA2L41AYB5zzPpump,fimble ,AnV8bwFx6UVs2B3h88xgG7MY7qW5CMjSqfwvn5vCMhwW,pumpswap,1790977618,0.000003043,2969.52,2814,2814,0,13.55,44.86,3003.61,0,0,1,0,2,9,32,68,,2,-2.54,-20.97,0,1,1,1,,,,,,,,,,,
1791075676,3YJSqXQkN5gXoZkHrHFnAMKwqyGv7B7WmRdyYVFAXnmh,USDC,8vkx9CJBpfqDe8DZiRcyrKQfD9Xsa1PK3M98nbNbwhtd,meteoradbc,1790873342,0.00002570,,25704.02,25704.02,0,2562.01,9973.24,64167,0,0,12,9,49,49,342,332,,22.26,5.09,-26.18,0,0,1,1,,,,,,,,,,,
1791075675,37PbQspU3ewcqY5ymJbzDiKLQS7fLgjBbph1fUbmpump,FNC,HBt4YRA1S9n7vWqKBK9289ZJEABcGcAkpAt29ng4pP93,pumpswap,1790975693,0.000002374,2422.06,2291,2291,0,0,5.44,17.78,0,0,0,0,1,1,3,7,,,0.23,0.06,0,0,1,1,,,,,,,,,,,
1791075687,AJy3jEbDAZX1vekxyqo7xiUByBGKSurnteatkeDYpump,SIA,94VWKhPurWbVPRqJv8rxyACuTjiEhHsb2UEJr9Q3xsFV,pumpswap,1790977408,0.000002456,2626.65,2386,2386,0,0,4.63,111.56,0,0,0,0,0,2,3,14,,,-0.28,-9.07,0,0,0,1,,,,,,,,,,,
1791075682,75G8SScna7D3GMqRXpicEMxwZ79kVV91GJNUDrhSpump,STONKS,ANtv15beziR2Jtbr9FHkhqMZMXRDhdRJzC2W8tRyziAB,pumpswap,1790976818,0.000002904,3205.66,2674,2674,0,5.82,23.98,71.78,0,0,1,1,2,5,4,30,,1.02,,-3.9,0,1,1,1,,,,,,,,,,,
1791075685,8sgDqaTGjdpU4fwUusYYXNYdRgPyTx2itSdFWbPXdcxP,Robinhood,7fYUiWa83bxbLuDFL7ZXJ4ZZR2bjp83GrBRZDsRiH3Du,pumpswap,1790977095,0.000002150,2164.93,2140,2140,0,0,0,3.56,0,0,0,0,0,0,1,1,,,,1.79,0,0,0,1,,,,,,,,,,,
1791075686,9ZbsDUURtB16hMWY7cGbjZM2wSwjHEDLv14znyPqpump,wwp,7eLNHBtYd2sCc53AT2YnrDmy9pXBM9Qod8t2XasHDhC5,pumpswap,1790977358,0.000002348,2416.01,2263,2263,0,0,28.13,28.75,0,0,0,0,1,1,1,6,,,0.71,1.09,0,1,1,1,,,,,,,,,,,
1791075697,Fo8QZyEzLPSECptkYNvFUg3ZrabAiHx81qbvxviQpump,VITALY,7BbnMyefgfqsG91zE3HvSFDMXBvfDWdCVxN5W49iFdWS,pumpfun,1790979340,0.000005053,,5053.77,5053.77,0,0,174.04,13675.78,0,0,0,0,0,9,148,184,,,-7.86,-22.92,0,0,2,1,,,,,,,,,,,
1791075676,3aMCV21MnEtpaxRRpNb9qPXEEtaMbfqM87iGh4rupump,2BORN2B,A5rx8nGU3HzqRWHkwfM6AxUYGQrZwakZNosSFAdwodZW,pumpswap,1790978923,0.000002288,2389.39,2252,2252,0,0.05,0.7,2.31,0,0,0,1,0,3,0,9,,0.16,0.06,1.69,0,1,1,1,,,,,,,,,,,
1791075690,Bt4npH7BNNGLBohhbcrybbkUn6RUJJzJbvnd4hznnMYJ,RFX,4UaR4ZewzMFaXbKGD57uxS7hKiKuuATJyJ6XSGGun9So,meteora,1790975392,0.00009687,31502.14,96871,96871,0,3319.6,74279.54,336310.24,0,0,24,11,430,370,1538,1194,,-6.37,34.08,19.85,0,2,1,1,DYN2,,,,,,,,,,
1791075683,7gLU4wTY2gi5C1L4tWMxVSUy3RRhJoZkJxGTdCsxgEWW,PUSS,CQYYfnRziiLdYnHM2x4odFDQRNVserU4AiB3gHZbKsoR,raydium,1790968041,0.00003067,15959.21,30671,30671,0,1227.39,4411.7,30394.31,0,0,68,9,255,103,1270,838,,-11.99,-30.47,-37.44,0,1,1,1,CPMM,,,,,,,,,,
1791075687,AA5mQhibz8v2EUugKSkaPqckEn19S3zhXvoZy9mKyrux,lever,6q4VFYcPgfWHB5PKKBPFrrZVFGSG3EPWpV5uPQqRPy7V,meteora,1790979529,0.0000000006717,1.13,1,1,0,0,0,0.01,0,0,0,0,0,0,0,2,,,,-2.36,0,0,0,1,DYN2,,,,,,,,,,
1791075675,2VApW1K3tjpe6dJ8n8WDYPUz8PbfHvakrY9c88SJeGys,ARMY,FEf2F6f4gXoaoqE5pPszmahJ2g4xhqzc9pVP7HRFejsN,meteora,1790979636,0.0000000004645,0.83,,,0,0,0,0,0,0,0,0,0,0,0,2,,,,-1.92,0,0,0,1,DYN2,,,,,,,,,,
1791075675,31PRDcuLQw9bWb4YZeuMZjD6sstsW7hTv9TYSR7vh6wn,VITALY,FCQDhd6xPWsdDSpz4MDjk96aoji3JdDv2ReNLdv1sjCF,meteora,1790979728,0.0000000006313,1.09,1,1,0,0,0,0.01,0,0,0,0,0,0,0,2,,,,-2.09,0,0,0,1,DYN2,,,,,,,,,,
1791075680,5tV3Lfx8WNE63ZfCUWnBoFBwe8v6idUhuqg9ipDsDJyy,POOPYBOT,7BPpheNFaSfNHaPnXqVuHCMxEyijZ7LmuAhPbkwyjFTB,pumpswap,1790976698,0.00001258,10135.31,12246,12246,9.87,223.4,3960.68,574284.52,1,0,9,13,121,147,6015,5072,1.56,0.26,-3.49,-95.96,0,0,1,1,,,,,,,,,,,
1791075703,pjYNVkYthberD6LxuteShLTPTbx3icG6q96FhYmpump,Red Bull,4tNvmX7zreV2UB2DXMfy8VQ716XYTZKNazGBaXDx2M2o,pumpswap,1790978710,0.000002132,2149.62,2118,2118,0,0.26,0.54,0.54,0,0,0,1,1,1,1,1,,-1.05,-1.05,-1.05,0,0,0,1,,,,,,,,,,,
1791075697,FUXq4w5D3rdtXVXK7pgLHy1xWpPTPhVoEwwNKTeApump,SGROK,4bz7MRviyRaxCe5ekiGotj5kWwDEDutxpa6uuhkpPDHY,pumpswap,1790978945,0.000002538,2845.77,2473,2473,0,0,6.42,44.51,0,0,0,0,0,4,2,12,,,-0.6,-1.91,0,1,1,1,,,,,,,,,,,
1791075696,FLXmqULjxa5neWG8thsPZcAGX93VFCB4ZbniCy9Tpump,PAYROLL,4ZAEW8sJ9sXwCCVZdnhpyrhANM4sBcqsXwsV14mszDfQ,pumpswap,1790979275,0.000002453,2512.56,2355,2355,0,0,11.19,307.57,0,0,0,0,1,4,7,37,,,-1.52,-17.33,0,0,0,1,,,,,,,,,,,
1791075674,29REVVLFoM2ERuSTt2p86zsn9q7CxTNuzHPw29dnpump,ARMY,ETQ52D2podCHczQHvFrNAQw3XWggJJjdzmAb2zCGBCz5,pumpswap,1790976694,0.000002638,2834.9,2510,2510,0,0,3.95,280.1,0,0,0,0,0,6,27,30,,,-0.47,1.87,0,0,1,1,,,,,,,,,,,
1791075681,6k1E2jVp6EaZYeurvJrXe4mdBoTjfgUKoLkh8CaWpump,memeyin,H1ajCveHK3hUVY41zXxqHXf9b3E17hNNJgd3CzQbTfS,pumpswap,1790979663,0.000003254,3706.7,3060,3060,0,0,1.24,172.05,0,0,0,0,0,2,28,41,,,-0.24,6.82,0,1,1,1,,,,,,,,,,,
1791075678,4dFpLyo4FDeXdSoCokFgYSk1XNuQoNwwWVGz2jnFpump,DL,4cqCsTHwZMVjVpa3vuuizvxkyWxejup1unXcF9DC6ASi,pumpswap,1790980217,0.000002405,2534.85,2350,2350,0,0,2.31,3.17,0,0,0,0,0,2,0,6,,,-0.95,0.32,0,1,1,1,,,,,,,,,,,
1791075687,9zu66qTLKCEzsfifm7woEoVJzw82Recitu5S4i2Npump,MOON,6dpTqzK9BhgRfGZu31N5tYZCY5f9uq86ccpGECCbxKd4,pumpswap,1790978408,0.000002615,2945.1,2542,2542,0,0.35,0.35,593219.2,0,0,1,0,1,0,5747,10311,,1.18,1.18,-99.37,0,1,1,1,,,,,,,,,,,
1791075698,GcuTsrnz8TAhaM3v515iXBZtri1PbbZmwa92Et9nCW8W,FIAT,4fXgcRpX2sXVkeMhC2zM89FJ1kBH69pzvahWFqy5tzpD,meteora,1790979536,0.000002669,4698.16,2669,2669,0,0,14.16,30.23,0,0,0,0,1,1,2,6,,,0.6,-0.67,0,1,1,1,DYN2,,,,,,,,,,
1791075693,DcsjML99TfewNHnarcWX37drBZerR4jSzorzeSwLpump,TRMPL,69eKSuZY2Cu6p6NBALyiAnBvy2FxiXw6UufcCSPbnXgm,pumpswap,1790981167,0.000002453,2656.36,2385,2385,0,0,0,0.59,0,0,0,0,0,0,0,3,,,,21.21,0,0,0,1,,,,,,,,,,,
1791075701,J5X6Hox4Mj2wrstbSW2j364eWyx8taMZBf2AwKhP4DJG,Chi-Chi,2Pe1vhukE7gr6GCg4cdAeNLe9GPVnZChTyNk1rm4KjaL,meteora,1790981198,0.0000000006295,1.09,1,1,0,0,0,0.01,0,0,0,0,0,0,0,2,,,,-2.42,0,0,0,1,DYN2,,,,,,,,,,
1791075690,BpFoHiEnGCw1mvqNxMS1nyX5kXwEuNLJXG4aQX1N7kUW,STUPIDINU,J1mzYbgKv7R7N9TBxmzBJzPYvcxKjpT1DmFm8wywpWDF,meteora,1790981172,0.0000000004613,0.84,,,0,0,0,0,0,0,0,0,0,0,0,2,,,,-2.04,0,0,0,1,DYN2,,,,,,,,,,
1791075690,Bn7hQUaY1EZ6bTdbtB3r93eG8a7nwLWBvtsKLxTcpump,dogs,4RPrGzTjFRp6Jtgi5SY5tMNNHXQitZvXpJFvRtRmHNy7,pumpswap,1790981558,0.000002291,2298.48,2198,2198,0,0,0,0.17,0,0,0,0,0,0,0,1,,,,,0,0,0,1,,,,,,,,,,,
1791075681,6hTLdzZaaCjmqtn7RtaEMQsCbXT5Pg8q76tRViEGpump,ABU,2qWF4dn1JnqhCpAYJQnKVaKezzuUiG4xdnbnCSK1Pgcw,pumpswap,1790981217,0.0004117,61536.62,397712,397712,4450.27,124591.85,453013.14,935621.61,18,21,669,782,8499,3820,15360,9319,-5.94,-2.43,147,176,0,0,3,1,,,,,,,,,,,
1791075690,Bj8KxXcNAfvWKH64rLjVBLByr1jUUFGcfKnXzHUJpump,HOOKRASCII,8rqqsquXHxZfWvbRaxx3M4EnRgEDPzrNi4bXbsA4zRa,pumpswap,1790980874,0.000002555,2860.44,2495,2495,0,0,0.38,15.38,0,0,0,0,0,1,0,15,,,0.1,-0.44,0,0,0,1,,,,,,,,,,,
1791075687,9kQTJMnzuPS1FSSs5YgNecYQC5Pqia3b2aMckqDAkpsd,PONS,9nXfme6Q8Z5wR48fssjBfwrKS2kZjeYVwpPJhxhgoFWk,pumpswap,1790981037,0.000002124,2147.3,2109,2109,0,0,0,3.77,0,0,0,0,0,0,2,1,,,,-1.31,0,0,0,1,,,,,,,,,,,
1791075688,AYuNTGHHYzmH6LgwveNVc9TZFmPVZKUsM4k5tPqEpump,ROOT,Dw3spFXApoDNFpnh9AN4AvbBt4R6BnQKPiocDEcxRwqb,pumpswap,1790988154,0.000005132,4771.89,5043,5043,0,4.62,1046.39,185397.24,0,0,0,1,21,33,2350,2149,,-0.19,-2.4,-95.14,0,1,1,1,,,,,,,,,,,
1791075698,GPuaTh7duwmbifV7nQkTACqbN4qkdo7KbjmK8uGLrhH7,HOOKER,BAyJ8NbAHpatpnhqmqt3V43UAnbnHqhcTKPRgToyB8iG,meteoradbc,1790981322,0.000007531,,7531.97,7531.97,0,0,96.57,7678.22,0,0,0,0,0,3,45,64,,,-6.08,1.33,0,0,1,1,,,,,,,,,,,
1791075681,6T4NrctGAuD4z9BRAdgHfpD8g67du8E46X6Fp2DJpump,Supercate,J6yw89zqkgwgQnsZeUytp3G5n848X88Hkb6M4rWUJw58,pumpswap,1790984310,0.000002793,2755.02,2687,2687,0,0,22.3,427.56,0,0,0,0,1,3,10,42,,,-0.43,-17.23,0,0,1,1,,,,,,,,,,,
1791075694,E81BGCpweocddeyupAi1ugbjhgdD9cdYjRA7RNpHpump,BLOCKCHAIN,9gTu5hRSuyKgrGGBdUG7ApRoyT8DyC7za6e13jJQHHV8,pumpswap,1790983170,0.00002307,11887.97,22338,22338,0,52.43,4765.24,14585.85,0,0,0,2,28,32,93,138,,-0.71,-23.63,-42.79,0,2,1,1,,,,,,,,,,,
1791075681,6fsiFuTnLN78VX5MVy2KZo3gCt3f8M1iSrmJzje6Jk3k,Don,3tUPUq8ZPqmowz5vx9G1pAuThJ38mGbMYuyBbkLQ7iXV,pumpswap,1790648383,0.000009239,7078.44,9062,9062,0,272.76,4282.55,24506.72,0,0,5,4,40,45,276,266,,4.52,-35.68,-67.64,0,3,1,1,,,,,,,,,,,
1791075701,Hrxj7cWQf11UMUGnRanr5QkTdoL5egL16MEgyvpUGnCb,OVER,HC9gadR3zuBK3T2MMikdy3wP3k3TgUqthvNBuzhdeFGr,meteora,1790983034,0.0000000004403,0.78,,,0,0,0,0.01,0,0,0,0,0,0,0,3,,,,-3.79,0,0,0,1,DYN2,,,,,,,,,,
1791075685,8azBUCY1eLLFcc3G16x6mfMyx7Yx5nE6GG64Hb6iDugg,ICO,Hx2sSDSSMecR698amR6pGmksX4q8MhCiG4WnhcHfb8RE,meteora,1790983045,0.0000000006248,1.09,1,1,0,0,0,0.01,0,0,0,0,0,0,0,2,,,,-3.06,0,0,0,1,DYN2,,,,,,,,,,
1791075692,CnnzckzNCkidJyW4PVzz6h1c4BcXWwcCmt7MHZwVtEzm,POOPYBOT,8BsJizh1D3gCxeTbXYcuTwX2ZryJbgsai42SSKbKKcUb,meteora,1790983034,0.0000000006519,1.11,1,1,0,0,0,0.01,0,0,0,0,0,0,0,3,,,,-3.87,0,0,0,1,DYN2,,,,,,,,,,
1791075702,MktBuHr1H4emrqAhbnChkCW2X2EP4BbeZG1LzTV5cMQ,MirrorPad,H9rYMiR9mZ1S9nPdp5FZTpoGDZGiWRdu2VnitxZMrVsK,pumpswap,1790982742,0.000002502,2547.53,2432,2432,0,0,12.89,66.89,0,0,0,0,2,6,5,34,,,-0.09,-3.09,0,0,0,1,,,,,,,,,,,
1791075674,2RKkd7aG13o926CTUNHjE3T43NwS9QyLMyf5pHa9pump,PUMPMASK,8qbRgJK371zn6DfpTHsX4FN6FBDZkWs5AN4Cf1ugYJms,pumpswap,1790982395,0.000002757,3173.19,2691,2691,0,0.94,51.06,291.53,0,0,0,1,1,4,5,29,,0.06,-3.62,-8.03,0,1,1,1,,,,,,,,,,,
1791075679,5FKPLjhNrez3iu2oSKfFjy6kNxRVf2jL1jc8dAwCbu9E,STUPIDINU,EvEV7ie5Dwd7r25YR5UyshFqSJdy32nztwT5AZytPRSE,raydium,1790980002,0.0005430,77478.26,543068,543068,889.05,18417,273417.65,1296956.91,11,3,83,93,1164,875,5714,4340,-2.85,-21.66,-32.05,157,0,1,1,1,CPMM,,,,,,,,,,
1791075693,DbRL5KRAun9g4CWs2MVZsitxee61CapEBgx17WzQjpYG,Dan,77YWbYygECpCe5ubkmQnRG7snhkhC2W9B9mZSqFBLCpp,pumpswap,1790984280,0.00001148,7761.98,10929,10929,380.63,1766.02,11860.11,71435.54,2,1,27,19,110,106,723,620,-9.35,-8.43,-56,-52.32,0,0,2,1,,,,,,,,,,,
1791075698,GUC1rkyDzhjJjRRda5PQoM6onvHuXsbFE51UwF8Tpump,SlabPay,9woLbvAqgGmETPv1VhLNVEm4YFk4XddM8HX3DRZjWuFy,pumpswap,1791002234,0.000005900,5298.7,5582,5582,0,15.9,106.04,34339.01,0,0,0,2,7,14,475,424,,-1.15,-4.35,-90.76,0,1,1,1,,,,,,,,,,,
1791075673,13gLL713ccbsQjYpctDqbYDBQZN1jxFcguYpRhCCpump,ZMASK,HEaZuHV3Lk2te7ZRD2N6PpkxPCEkxLoRwnu9boJBFzLE,pumpswap,1791000149,0.000003241,3253.09,3110,3110,0,20.9,352.57,82368.53,0,0,0,3,4,26,760,749,,-0.22,-17.13,-94.02,0,1,1,1,,,,,,,,,,,
1791075697,FtCot9E8ynW9cG116aGrHmFGFwwENKzrST5R6SoHpump,MINDS,7heuFSN5bL5QyERbJjVPzziK45Jrqx1VRMHmpno2okeZ,pumpswap,1790983722,0.000002933,2878.93,2694,2694,0,0.32,162.25,1016.17,0,0,0,1,0,9,11,91,,-2.53,-12.07,-45.97,0,1,1,1,,,,,,,,,,,
1791075700,HWMgoYa2XSBsmnNJ5CbzDiEorQpuucTntDjyJsaP1Tyw,casinu,EEh8JGatt9fXtsZhNGD1BEgdXq69CczkJVqXg1DZg8iw,raydium,1790983432,0.000004555,7084.7,4555,4555,0,38.67,616.67,129671.14,0,0,0,5,25,41,1512,1429,,-2.04,-3.64,-97.29,0,0,1,1,CPMM,,,,,,,,,,
1791075691,CSkqNn6sYmqKxyg8Enh7pkmwDq4emHV4J767GjYBn8EJ,LUCKY,AD7ESpWuTqSnne3qTWFb42S5NzgEARjhGqmA7myR3sDc,raydium,1790983023,0.000006718,7837.96,6718,6718,7.43,529.22,4391.35,56175.72,0,1,5,11,41,42,407,398,-0.38,-12.2,-2.74,-39.45,0,1,1,1,CPMM,,,,,,,,,,
1791075681,6gakzfHSfQWVV3X1Ltj9NoPjWq1q1x5CdWvsPeBhmg3m,SUPG,8Rhd9FL4XB4JejWHMnCibzMVzQMd5YFRMAVTbovAGKVP,meteora,1790984651,0.0000000004329,0.77,,,0,0,0,0.01,0,0,0,0,0,0,0,3,,,,-6.06,0,0,0,1,DYN2,,,,,,,,,,
1791075677,4QGRjuLwh27GaNhovpTXptCi5er6tdvWA7fDwyvGLp2r,m/acc,AJChhg1zDNq8hn6V2dQUQdKRCV7wVStYvxifpbNUcFsJ,meteora,1790984681,0.0000000006418,1.1,1,1,0,0,0,0.01,0,0,0,0,0,0,0,3,,,,-4.94,0,0,0,1,DYN2,,,,,,,,,,
1791075696,FKEAHwHKaZHSdYqLa2XLKDHK6mpqCKpVjk4LVByogtwD,m/acc,CsA9ffuwL7xpDzpPTGEEVdhQsGHJ5F4RU4yNagxsjiqr,meteora,1790984691,0.0000000006348,1.09,1,1,0,0,0,0.02,0,0,0,0,0,0,0,3,,,,-5.01,0,0,0,1,DYN2,,,,,,,,,,
1791075679,5DLtqzwmAm18dAgWyJk1fuTCnnuNbgCUFofhryz6iUwC,m/acc,GkJSwy2cU5ySPQJjk7e7XDhvEJCWP8BSD1vn1VeNRTnu,meteora,1790984610,0.0000000006599,1.11,1,1,0,0,0,0.08,0,0,0,0,0,0,1,3,,,,-20.76,0,0,0,1,DYN2,,,,,,,,,,
1791075678,55z3Uv95ALDrV99pSy5RxgNRvbBNPAH7ECg8YFCApump,SUPG,A1PfPb6Nup6EhwQbRDfq4aykXcr27mrRdAts1K9VxzXA,pumpswap,1790984321,0.000002451,2647.51,2400,2400,0,0,0.9,32.6,0,0,0,0,0,3,2,14,,,0.19,-1.47,0,0,0,1,,,,,,,,,,,
1791075700,HPcL5AHbrhPp4y5ewZWMTZRA3AQT32NuAuXBgAjvpump,m/acc,Ws5pbN3yJN1F2XD2vyhTzP9BnW54KipboeQWB1ozxkT,pumpswap,1790984519,0.000006971,6211.68,6706,6706,0,100.95,2533.75,462111.7,0,0,1,14,52,117,4569,3821,,-1.14,-26.41,-88.19,0,0,1,1,,,,,,,,,,,
1791075674,2DS3bZrBzc4WhZs1cwMLxaEVnyTwNvWYV9Cm5YVW4Acs,STONKERS,9xHbtrjvEAWALCk2FaANkq61y8oqqpKtwBKLwwyx2Fd,raydium,1790986452,0.000002706,4573.3,2707,2707,0,0,106.92,1123.89,0,0,0,0,0,6,9,67,,,-18.26,-36.11,0,1,1,1,CPMM,,,,,,,,,,
1791075685,8f5m7Y8po64WviteV1LKnN43M8Z8gUvDnNWRkDK1aSXo,LLAMA,C4BrFAV9S7kVitugS42Xv2YZFWzMb3xRuUr9NZd5qoiw,raydium,1790922039,0.0005469,68997.6,546921,546921,0,0,4149.96,25609.4,0,0,0,0,9,19,178,166,,,-8.17,10.41,0,1,1,1,CPMM,,,,,,,,,,
1791075702,gjaDS6RBeS2577qvTRP7BuavKkAKFEV82tkr8JCpump,PAPI,A6UGzvsCS1UFcsTJrhyafZvBKXrHkg6WK2nyWdHQEaC1,pumpswap,1790984817,0.0001681,35823.47,162426,162426,0,465.07,10009.04,64580.35,0,0,0,3,19,23,220,234,,-4.55,-44.05,-20.09,0,1,1,1,,,,,,,,,,,
1791075677,3vwAgtTjv6VvuaXtC4BFHeAzHF6Z7CaUaHCQE2PYpump,EMBASSY,5N6EJeK15sNq8Z4akaJTuSwainkgQ133BvqEiScKa187,pumpswap,1790989298,0.000002745,2725.48,2579,2579,0,31.65,51.95,83935.6,0,0,0,1,0,2,917,1019,,-1.81,-2.92,-94.59,0,1,1,1,,,,,,,,,,,
1791075681,6VdcGF1YDx3cLNo2mX5knivBHdBvMhMFhmon6xQ5Eray,PPPLABS,3U5kUYSNxAr7MhjZutaKqC2cW7hAwPNyH4yt94JDdv9X,raydium,1790947652,0.00006079,30437.63,60800,60800,0,0,79.45,1055.21,0,0,0,0,2,1,20,20,,,0.36,4.15,0,3,2,1,CPMM,,,,,,,,,,
1791075673,23ah8DM7mAsrtWwsjytJbd4euL7PYoaF8zaGoRNzjYY4,FABLE,5xVjQGXBghNneCJSQLuRWaQ5geuQH6LKTFxnEAsYfoaH,meteora,1790987172,0.0000000007882,1.35,1,1,0,0,0,0.08,0,0,0,0,0,0,0,5,,,,-19.54,0,0,0,1,DYN2,,,,,,,,,,
1791075693,DXM1w8BuVrKy4oDeU6RbjDZ4cQtNTQnwDdDz2M6h4oQL,ANON,Ey5qyi1GBBPaLTdpJKhpvheT6BdM7J2VLGKFBHhh9Na6,meteora,1790987114,0.0000000004379,0.77,,,0,0,0,0.09,0,0,0,0,0,0,1,5,,,,-31.55,0,0,0,1,DYN2,,,,,,,,,,
1791075689,B6SD2xpKsfc1GFB6zxJgJVNqdsUkvcFsjFr2xm13rJfK,TOP,Fsa9DUeb3NKwTJcW6icxekbpKEr2ZHUAASxSFk5xvUkC,meteora,1790987157,0.0000000006572,1.11,1,1,0,0,0,0.07,0,0,0,0,0,0,0,3,,,,-22.4,0,0,0,1,DYN2,,,,,,,,,,
1791075702,Z27RcZxbueMBDo4ksqRmZTwx8R97t8DtJ1TCPG8pump,Solaween,J5db2h86ztJ73Fqorwd7rfHmMJXYeE3E2uPJ5na6yZtz,pumpswap,1790991219,0.000002720,2696.08,2626,2626,0,0,7.95,60515.8,0,0,0,0,1,2,790,3203,,,-0.78,-94.46,0,1,1,1,,,,,,,,,,,
1791075690,Bd4f5FrKaPzWww3r2ojdqXnf2wfT8VsnZeTg46T1uPQv,BOOK,EUyUd878qguFwgTcRRqyh6GEeqcbT3t6mhfeNgxcKEVx,meteora,1790987145,0.000002350,4461.91,2351,2351,0,0,0,9260.55,0,0,0,0,0,0,58,89,,,,-83.81,0,1,1,1,DYN2,,,,,,,,,,
1791075675,2Zp29FcxqTpt3JfQ68Fn94DzWCMiBiCVjXkuAG5W64UJ,AMD,vn21aX1djHCMbH14w8ENCWbZ9vKvGUQSb19uTwf6i8s,raydium,1790988538,0.000009448,9361.19,9448,9448,17.01,658.11,15357.5,519449.05,4,6,42,30,387,239,5299,4011,-0.59,-4.51,-48.87,-76.03,0,1,1,1,CPMM,,,,,,,,,,
1791075700,HJfWZ4Ns6ydxYUebrH8mh9yqNqvYAuiTMLjYDjJwpump,KING,CyJXGDLmRsqjbhe3mSDYtCUdYtA4hNfMLHg2aveyNZve,pumpswap,1790996441,0.000005037,4413.53,3679,3679,0,0,0.16,18161.31,0,0,0,0,0,1,151,311,,,0.17,-89.71,0,1,1,1,,,,,,,,,,,
1791075675,39LWc8nAPSZn2kj2kG53pd7EeLFAkUuewKUpKjqNMHxv,STONKR,5SpgEbsqzMNaJi4yWGdVnDBo9GbG1qXQVKdGWjxuDrbd,meteora,1790988724,0.0000000004440,0.78,,,0,0,0,0.04,0,0,0,0,0,0,0,3,,,,-16.63,0,0,0,1,DYN2,,,,,,,,,,
1791075689,B8CAYESHdiwjMixhqa7f1udU7wSrBXfyiBuwxSupump,OpenAI,AA6KDHyaYq19yrshdtdpqsczbrE4QQVGTw6qza2CMXmy,pumpswap,1790988322,0.000002147,2179.41,2148,2148,0,0,0,57567.6,0,0,0,0,0,0,5386,5540,,,,-99.68,0,0,0,1,,,,,,,,,,,
1791075700,HhE45T4qZsBiwcQXhBMJYNYzzMkXaj8EcMYVp5pedESD,Joker,2RvK6qZEAw3nYwJqGSbiLeGokPgFWw8dHByT6vqcs2bi,pumpswap,1790987436,0.000002157,2196.33,2146,2146,0,0,0,54073.34,0,0,0,0,0,0,4763,3501,,,,-99.75,0,0,0,1,,,,,,,,,,,
1791075695,EunyTpEd6YkNq4fcr5UGHfCrtkUNN9CqAAzcffeApump,Tesla,9h8XLLrYrHyqF6ykd6yPkaqyxBTBfeHUM2ZAnTVtuYoi,pumpswap,1790988486,0.000002124,2149.11,2115,2115,0,0,0.4,82258.51,0,0,0,0,0,1,7481,9079,,,0.31,-99.72,0,0,0,1,,,,,,,,,,,
1791075675,3A75w27ssueStCEEp6KGxKJ3EtP57P9FxT6YxHmDnt7a,Tesla,7xZSFrmsrZ2NqLN76wzQicVtdV877PsCLUAnHvXMGsdW,pumpswap,1790987028,0.000002272,2426.33,2263,2263,0,0,0,116071.73,0,0,0,0,0,0,15614,9297,,,,-99.82,0,0,0,1,,,,,,,,,,,
1791075690,C5CjDhwpVZULajo4kqPKa8pHysd2KxezwmQ4J6iqjHd9,MIMIC,3rbWfefnahK385Wr1d5xeizpD12qoKcJRPzREDgPdrPe,pumpswap,1790985823,0.000006785,5487.5,6340,6340,0,146.73,6217.95,70527.19,0,0,3,7,63,61,839,758,,-6.76,0.56,-70.24,0,2,2,1,,,,,,,,,,,
1791075685,8dEKKu3ggjm6UFFzD7cdFKu99oy2ndggE8aSTEbGpump,VAMPINU,BTEwpa1bSCXHhCgJz5MyJMFdre2JxY5Q34hiQqqiURFv,pumpswap,1790991923,0.000004123,3888.35,3902,3902,0,24.62,251.61,334409.73,0,0,5,1,11,11,3403,2575,,1.27,-8.19,-91.63,0,0,1,1,,,,,,,,,,,
1791075684,8WRuTwhnn2VjWD4ZzL5qsxwDMif2f6gcS5BAHdrHorbj,PRESSURE,E5952YKjsJVnrBozAEmj5mftpStw1mKZSyuMboCT7mti,raydium,1790988882,0.00003137,17366.78,31374,31374,0,1729,12469.8,1023712.31,0,0,8,30,118,163,7309,5723,,-22.21,60.61,-95.01,0,1,1,1,CPMM,,,,,,,,,,
1791075676,3DhraZsrxQoKZYxKvCHTkMzUxgVRMQiw58qWqzboGxhF,mowro,68GKSsZxcBHDDvvo9Kzp6jZwxR82girMnv8tNGSfT2sB,meteoradbc,1790990177,0.00003790,,37905.57,37905.57,0,0,0,4807.07,0,0,0,0,0,0,193,177,,,,158,0,0,0,1,,,,,,,,,,,
1791075694,DzwKghirrYij3fZVYMKPjS3Y3sq92Ksp2v6abicXpJ3t,SI,C3BeDYNMFXerMQyMcA5r7X9aYDCXxNoaNBRVt8g8PN7f,meteoradbc,1790990222,0.00005859,,58595.2,58595.2,0,0,0,3101.07,0,0,0,0,0,0,106,94,,,,32.97,0,0,0,1,,,,,,,,,,,
1791075677,3ssLFcVvMgvEQdCkEkN5J7cs11eNz58iFxr21o3Wpump,mowro,AWWw4UbCQHXsFk2RsYXKUJ6zFknXsKDYFy2QcyMmTPja,pumpswap,1790990076,0.000002501,2703.55,2449,2449,0,0,0.11,912419.56,0,0,0,0,0,2,4431,3741,,,0.09,-94.96,0,1,1,1,,,,,,,,,,,
1791075698,GWGUDFY1dDxQoAMsWfg6zfhvYNF1toKPHMVT3DFBwMJq,POOPYBOT,MTvmphUn6T7FUSY743PAct75RSNqVRZYRdf5GM2ieiY,pumpswap,1790985384,0.00001405,9740.59,11206,11206,161.65,705.02,22838.53,2062678.1,0,3,6,36,290,415,16931,12117,-3.86,-13.27,-41.93,-85.62,10,0,1,1,,,,,,,,,,,
1791075677,46YzZrL66v9Ddo4zxFxwTXCe3i34gGjWNyiHSdE6swap,SWAP,CxTkCAHdt4TsCoXmj9rwwTYi5jYJrpSoySVejqvLrvE3,meteoradbc,1790991365,0.00006379,,63792.56,63792.56,0,0,0,21633.34,0,0,0,0,0,0,158,63,,,,1759,50,1,1,1,,,,,,,,,,,
1791075681,6o3xN14C1KShv3sowiPwQWgVbnYGy6MyFU4kEzgjpump,TYDAL,CM4ixhZ2TpRzmswy1aKcmNWeXjMWiSHbmQNt3Cnb6W1C,pumpswap,1791011753,0.000002848,2838.81,2730,2730,0,11.38,30.68,184214.11,0,0,0,2,2,6,1625,1405,,-0.58,-0.08,-94.11,0,1,1,1,,,,,,,,,,,
1791075685,9CQS8ex8FW2Jutq4TDRH99FeLyXa3AacdsMzkK3sR2WF,casinu,BWi9pmnLomGDcYHTywKZ446t2XsQKTi8Vrk6kuufVcDd,meteoradbc,1790991962,0.00005581,,55818.64,55818.64,0,0,0,1311.32,0,0,0,0,0,0,4,0,,,,27.52,0,0,0,1,,,,,,,,,,,
1791075679,5FPzEpgVjUxoc4dGKA8z4wCTwhzEwDeGuswJC6SzMcLV,casinu,Gb7B55JGX7gCauRXvJjthKw1akyfkPt8MwipEhXSCnj2,meteoradbc,1790991880,0.00005582,,55828.46,55828.46,0,0,0,1311.54,0,0,0,0,0,0,4,0,,,,27.52,0,0,0,1,,,,,,,,,,,
1791075703,wvukYrkDbBqRgXvSkxtvUrgKxt7tz4iuJBAiS4856AU,HOLDCAT,EYGpSE8eMenURoXE5ER3LWJygszc5rzMAARfTSkKK56a,meteoradbc,1790991902,0.00005865,,58659.37,58659.37,0,0,0,12744.24,0,0,0,0,0,0,277,347,,,,222,0,0,0,1,,,,,,,,,,,
1791075699,GwQJo1Sro6YRvjPQB61TdS9KEaSBF2mbH6MRxsRtEoV3,SIGF,7osTjQwnppwnqToAysWmDkCotc4uzEu1W4sP1buErFmX,meteoradbc,1790991881,0.00003425,,34250.17,34250.17,0,0,0,12626.1,0,0,0,0,0,0,262,338,,,,119,0,0,0,1,,,,,,,,,,,
1791075685,92SsBDJprvpmdmd6pPkczZoqwQRzUywb6bRipGuj51qf,HUDDLE,3bEs5zZwmZiFzYjw7DqCrUiUxtRETvgvqQe2YsyaA8Ry,meteoradbc,1790991989,0.00005396,,53966.05,53966.05,0,0,0,4129.92,0,0,0,0,0,0,86,112,,,,160,0,0,0,1,,,,,,,,,,,
1791075690,CB3M9kSoCUF6ePufAFyYmYmeFWxDrTvNoyqB4tkMBts2,POOPYBOT,GciqWESf4jc7dYhDgV1vJso27iJiZhToyxLF4gWqSqqG,meteoradbc,1790991799,0.00003350,,33501.83,33501.83,0,0,0,10387.96,0,0,0,0,0,0,370,387,,,,86.51,0,0,0,1,,,,,,,,,,,
1791075680,64DfkRCAM1HdjXv8dANXm334iUkwv5QWjtCcRFFuPaEb,ELON,AqRLrdcQXPZxbDe27ZT945n4wrJ4RF74dzehuYkQWZVX,pumpswap,1790991397,0.000002146,2166.19,2147,2147,0,0,0,93993.35,0,0,0,0,0,0,9764,9612,,,,-95.67,0,0,0,1,,,,,,,,,,,
1791075695,EhahRJosPNpYAprufrsHT7DQiHotVaBTt7DHVaRzpump,SpaceX,6WZrLxN6LCqRpseCk5bArSYFjY2q6bDUFbXEe1M3ydt2,pumpswap,1790989503,0.000002153,2182.33,2143,2143,0,0,0,169810.68,0,0,0,0,0,0,11452,17795,,,,-95.64,0,0,0,1,,,,,,,,,,,
1791075695,F6N15mekKrDvjYkdwxvRy32d3V7PaPpZiqiTcnHfr1NM,PIECE,F4V49RjbXabeB3actkFLfnwtWgA95CnXUUuvumUjMg1q,meteoradbc,1790991522,0.00004763,,47633.35,47633.35,0,0,0,15771.82,0,0,0,0,0,0,474,534,,,,180,0,0,0,1,,,,,,,,,,,
1791075691,CYhrq39zMEV8GGuqE9hf5VUZzavA9DYFvtSYYwaZpump,FROGYO,G8k1qiqy614o2sfyVd1GcV3ENbb9HjYPa3eh4mMM9cfd,pumpswap,1790993945,0.000002566,2551.54,2342,2342,0,0,23.2,108842.14,0,0,0,0,0,3,1596,1720,,,-2.19,-94.76,0,1,1,1,,,,,,,,,,,
1791075701,JCsosnu7oSHEjo3vHc4XJnyfDAKpzv9qRJtJCMzSJeGk,enu,GPwbbEtjA6dRTDiyMU7AyRAFbYnehQdEnXd3NGJwgnWB,pumpswap,1790993244,0.000003481,3643.69,3380,3380,0,988.35,1134.69,983583.23,0,0,5,6,8,15,11203,9746,,2.08,-1.5,-92.8,0,0,1,1,,,,,,,,,,,
1791075699,H49xNgg1hMV6LqXK6if2g8CYnrvp7CxQ5SJTnDRwPoS,POS,6suKoFim8x2wMNGdjbZnwrvRTqSZMdaPx4LNiSRdgcZ7,pumpswap,1790992519,0.000009108,6675.71,8386,8386,0,0,3390.02,140089.27,0,0,0,0,18,36,1172,1094,,,-46.11,-81.54,10,1,1,1,,,,,,,,,,,
1791075702,difL81fA3eHQf1aU1MRH5NeP8er86JdEjpeNigkpump,DOTPAD,HsErZjYq5GwpvwRBCz7jsCzTMcouW84Ea8bTj7iK5h9z,pumpswap,1790993134,0.000004257,3942.35,4116,4116,0,184.97,207.12,147892.29,0,0,3,2,4,5,1332,1428,,4.67,3.89,-91.33,0,1,1,1,,,,,,,,,,,
1791075702,Semi19QNnfZyQnQVddwNJT8TD6NwR7CN9Zn8uVnVKfh,SEMI,6RkYwQm5pTK3w4BrzbdLWuPEY7t9owHJ6uXw3chsGfSj,meteora,1790987464,0.000001973,3740.5,1973,1973,0,0,0,76541.27,0,0,0,0,1,0,356,155,,,,-99.45,0,1,1,1,DYN2,,,,,,,,,,
1791075675,2V4myPR8Mu8aKhXCJ9MA8SoYE6ySvxuZ23H8LcuZCpxK,‮UJIF,EWtRtABcMUTbaYApXHz1wpNSJwByU5vpGm9oKtVuu8JR,meteoradbc,1790993741,0.00005954,,59541.26,59541.26,0,0,0,1463.18,0,0,0,0,0,0,132,36,,,,17.51,0,0,0,1,,,,,,,,,,,
1791075702,eyydA9bbqVpmRqTqfe36aQiVzxCDHwATLdWhDrYpump,ATFS,Efh8cwNx3aE62NY4ui3sZ1zPHeauAxzPYRYW1bLoBZoU,pumpswap,1790994039,0.5154,2089175.62,515488435,515488435,783.67,10854.73,65016.94,1254987.16,210,4,2754,56,15051,351,62966,1381,0.22,2.04,10.2,1040469,0,0,0,1,,,,,,,,,,,
1791075693,DsjkTTjAHNr9RZtDRnG1WwAdjuUuJHGHhuyTKGTQYoBZ,CREZA,Bb58qci1qsoHH73HQVVSLE2NhWzuaMriJYkKrR3t7KrQ,meteoradbc,1790993992,0.00005729,,57293.33,57293.33,0,0,0,3689.57,0,0,0,0,0,0,60,68,,,,215,0,0,0,1,,,,,,,,,,,
1791075695,EYPQgqqJ4DTPd22jWyvaHvN3tmjXCZrfv3djLimzTUot,Gemini,GRrqmfH4ejga2AQfsYkagdghfH6Sm6q4Y3xrgFJrcMx3,pumpswap,1790993581,0.000002126,2145.55,2114,2114,0,0,0,90141.61,0,0,0,0,0,0,10987,10564,,,,-95.7,0,0,0,1,,,,,,,,,,,
1791075685,8tg1ZDKuTsrohBbdW7ix3NJsmAmfk79Wj6AfHQdxpump,ZKEY,FRWi27sfaTvo5qpV7NKGfJF7acLKhejW8GxtP9FW3SoJ,pumpswap,1790993729,0.000002840,2799.84,2521,2521,0,0,1.6,100704,0,0,0,0,0,2,1401,1273,,,0.17,-94.22,0,0,0,1,,,,,,,,,,,
1791075677,432Dtes4TzhxLhfyZtyVhWLcv18HZ3bMZL3F2eeepump,FOMOSEASON,BVjeB2bw5md6EZcYeXGu4x7fyjm4x98tJXid2eNZQRT,pumpswap,1790999872,0.000002608,2597.64,2516,2516,0,3.65,9.26,67107.24,0,0,0,1,0,4,1030,3973,,-0.43,-0.79,-94.71,0,1,1,1,,,,,,,,,,,
1791075688,AXC2XcQiVx6UfCgLHjpRBU4nupF4WdsptydKQCvxsRuU,AI,hbXdZafYL5u1KCyXhwgPe3hwU1dJxcP31jwgmTkk4n7,pumpswap,1790995343,0.0003383,57543.13,312243,312243,2105.04,19184.06,180976.21,2763709.8,12,11,139,113,1341,1212,25348,18836,13.12,6.85,-7.05,601,0,0,1,1,,,,,,,,,,,
1791075677,4MHsG8YKtqUskMruk7o53ETHjrfHkMz6rnRtDW9vpump,LATINU,FVaFW1td8uyBTAyMrTb1Dn8r9FY19aQXMYFJYoSr6fxw,pumpswap,1790993937,0.00001657,9796.68,16092,16092,0,174.81,914.23,122516.45,0,0,0,1,9,6,470,457,,-4.76,5.57,-66.54,0,1,1,1,,,,,,,,,,,
1791075702,cGyrGVj2CUZUXCGh9q9XXVwCMj5uLocbKy6WdMspump,TIPTOE,Di7sEKgCz2q3Zp3Y2U5eGEHzmf1jUP2JQzZRpsDhPR3u,pumpswap,1790992026,0.000005261,4588.52,5035,5035,0,6.72,1880.56,113354.49,0,0,1,2,20,22,1272,1233,,-0.6,-22.25,-89.29,0,0,1,1,,,,,,,,,,,
1791075675,2yDAyrrzefmZeMtkQ2e6wH4o1tsUoL7wDbs3nbmJpump,ket,7452UAiuDhELm63KEMJaL8AgzJrC129JfRvxQ4eBr11a,pumpswap,1790994646,0.000003580,3619.74,3427,3427,0,31.19,117.97,191018.75,0,0,0,2,0,8,2059,1636,,-1.43,-6.6,-94.46,0,0,1,1,,,,,,,,,,,
1791075682,7CE1oV8Xey7pgmoKPou8Xrqa3t5VF5KLviTjxdWVXNwi,STOCK,24cH5X5cdBkAaUG2875Av71wNPzCUbB451mAHGvK8iPU,meteoradbc,1790996010,0.00004535,,45356.05,45356.05,0,0,0,14757.92,0,0,0,0,0,0,395,419,,,,177,0,0,0,1,,,,,,,,,,,
1791075687,9nrtbvBZwjgYcGfYbnCf5URrRKHZPX91yCaCCQKrjuW2,DOTPAD,AARsw72HaLdwNVfVJ9nBf4Aejm7T33hTKjW766jbppW3,meteoradbc,1790996002,0.00005797,,57977.32,57977.32,0,0,0,6251.09,0,0,0,0,0,0,238,206,,,,32.25,0,0,0,1,,,,,,,,,,,
1791075690,BnprRe5GCWriYqs22xkPgCezEjfu7zx6JvpUGqGmpump,IAVD,FYx7HjVSzLsNYKSyoVbgmkg7SZreLGKh5SWqaefMC13C,pumpswap,1790995800,0.000002139,2171.83,2127,2127,0,0,0,182284.17,0,0,0,0,0,0,21803,20806,,,,-95.68,0,0,0,1,,,,,,,,,,,
1791075675,2bQBNJfkGLsCkKEHJUgdFnPoQvDqpW6SYoJ6Zfrtpump,REP,4cftQSYQhW2RcASwQR3hW3J4UVGc4u2YCvY4PmZ4B86j,pumpswap,1790996261,0.00001770,10661.41,16310,16310,263.75,1752.51,12865.87,758246.54,4,8,28,31,210,216,8301,6302,-3.17,-13.42,-6.28,-63.25,0,0,1,1,,,,,,,,,,,
1791075691,CSEYLJr7gQ6Z5hbt4ikWLfuwhzmeonsnSYGbkRPQXKxN,SWAP,BGt56QxLrRXECg2nqasjNPtBaRoQNVpf8pw2ED3RoaHg,meteoradbc,1790995882,0.00004548,,45482.91,45482.91,0,0,0,17087.18,0,0,0,0,0,0,334,395,,,,192,0,0,0,1,,,,,,,,,,,
1791075692,CtZa9wbnAJXVNA3xVs4M5LDKRcNc6VW1xcN3Q6954GDe,Speed,8RURdemGzi1dDW7G9sM6TaupFnMGYUPectvYumyfdNGV,pumpswap,1790995819,0.000002120,2138.49,2112,2112,0,0,0,74090.81,0,0,0,0,0,0,3530,3775,,,,-95.71,0,0,0,1,,,,,,,,,,,
1791075698,GK5xmYzh6axzYKRwWH56pbXvaUDVNdJBFJ2pD7Papump,PENIS,5TN2PjsbMQ965W3scNTbkBGEKGxhqwqchhR38jbFxgUf,pumpswap,1790996986,0.00002738,15327.61,26929,26929,0,1266.84,3492.15,285881.74,0,0,6,2,18,21,1312,1292,,23.81,-0.07,-55.25,0,0,0,1,,,,,,,,,,,
1791075702,gL9Q3xjXM1BdopmHn1R7Kb3Eim5NAQ1eWGNaTj3pump,TIPTOE,BL7ban83XxQ5uxXUXFqKEti3Qgdx1QCpT7k4tpW9Ag6Z,pumpswap,1790997315,0.0003027,51233.2,292575,292575,2160.21,30155.7,428302.62,1120402.72,18,10,239,172,2118,1801,7283,5650,-7.13,-20.04,39.6,529,0,0,2,1,,,,,,,,,,,
1791075677,4RbsHw9H3EayjgfWXq2KaLvbREFua8wkER3gdLViLK3T,BAG,86uTMS774PnKXVjXdzaJ1qEKjpwkk9vcCFpWEVW8UX3J,raydium,1790983311,0.0001630,37634.18,163023,163023,114.17,2528.72,15753.36,217949.79,2,0,33,22,146,127,1311,927,0.44,-5.28,-11.6,-22.99,0,0,0,1,CPMM,,,,,,,,,,
1791075682,7MxLJtA8pfx7UwQLzPUCj3vpcg3hoQrEsX9eVnSBpump,CLICK,CiGP87mp4ngviYDQPSybT3g1Y7JXGLXvjHVXM39i4xb6,pumpswap,1790997941,0.000002532,2548.21,2413,2413,0,2.7,11.35,158611.12,0,0,0,1,0,6,2099,2020,,-0.19,-0.92,-94.74,0,1,1,1,,,,,,,,,,,
1791075681,6w5s8REWoQH6k4UmLzoDTVNy9YVtRvkjPFG7Lrxvpump,CATBOT,J5DTQBcCm46CorpHjyj7UbiKoaaXonQDRBtToMCnU2c,pumpswap,1790996136,0.000002531,2785.58,2459,2459,0,0,0,983996.76,0,0,0,0,0,0,20708,12177,,,,-96.48,0,1,2,1,,,,,,,,,,,
1791075686,9ZfC2qaXFYxwuh1c27K8bce1jHb4oReQgAvrjwWdpump,BOXY,92knjGRwJaehxfdTJxrbqa2Yum9X1EhWnUJ35YG7nevX,pumpswap,1790995161,0.000002855,3256.99,2764,2764,0,3,29.86,2148102.84,0,0,3,1,20,9,12376,8864,,0.21,0.07,-94.19,100,1,1,1,,,,,,,,,,,
1791075701,JDiA5P8SdMuiuzzwSXAgf91b6NhqTLXiMq85mMMPcefL,Ember,7iW3bjnaHc8BSmTLw4Te7fM9MJHLjdg7kzEtjDUc3kpk,meteoradbc,1790997850,0.00005605,,56052.93,56052.93,0,0,0,4056.68,0,0,0,0,0,0,90,114,,,,171,0,0,0,1,,,,,,,,,,,
1791075696,F94bbEHfPkHGBKNBAQqbGksvUrxXcCYdNF4BFTMupump,CHAD,5NqJBeBn6HXkJTctA2JsbHwKQ7isKjqc1YiXLXrn2aY,pumpswap,1790997931,0.000002410,2613.98,2380,2380,0,0,0.48,813545.35,0,0,0,0,0,1,13761,10545,,,,-97.33,0,1,1,1,,,,,,,,,,,
1791075690,Buu6e6aADkCEjU2e5UPgrDm19AnQpiJzkhRXFgyXRWRC,NEAR,BGZtwqcRTEicPx6wRZzE79oGW4VHxYiZ4RV2NANFanA4,meteoradbc,1790997941,0.00003235,,32352.96,32352.96,0,0,0,7865.66,0,0,0,0,0,0,240,279,,,,74.56,0,0,0,1,,,,,,,,,,,
1791075678,4iym8dXgf8YGFziAKbibahoYJBkPSVwUDnd8RksFyWr9,X,FcmEzTe8LMqVAhwaVdRPDd5LXzDmR4GNPSKC2mY3dcKv,pumpswap,1790996771,0.000002109,2129.88,2102,2102,0,0,0,98625.58,0,0,0,0,0,0,7610,5674,,,,-95.74,0,0,0,1,,,,,,,,,,,
1791075703,neJzh2HnhHHoK2SLn5N9NoZ8n4zvxtryzPkEzWCpump,USWR,iNRNyzq8SX4s5L9q8N1nxdGVbQQxXgbsKMrjppSEkyo,pumpswap,1790997631,0.02435,452529.78,24350620,24350620,851.73,10778.9,63581.88,428280.91,16,11,201,138,1218,812,5845,3002,0.6,1.27,5.87,49104,0,0,0,1,,,,,,,,,,,
1791075680,66AWe32EsYLbTa6kYz4D6EXRHsS1KH5tU8FDU6H5ToLX,Vampcoin,CKYWfZjQddRWrDNVEmTHia9CGR9HSbteLR7MtKmi4bLY,meteoradbc,1790999713,0.00004706,,47064.14,47064.14,0,0,0,17770.93,0,0,0,0,0,0,621,722,,,,220,0,0,0,1,,,,,,,,,,,
1791075674,2PjmFBVbrKF8v4cPyksynLZNHViiqbTqXdoKHvXvGoH5,SI,FyJukzPj7xYwBgg3hhZGK5VfjQc82hdiR2ybfbFmeVSN,meteoradbc,1790999570,0.00003991,,39910.24,39910.24,0,0,0,9686.31,0,0,0,0,0,0,332,366,,,,151,0,0,0,1,,,,,,,,,,,
1791075676,3Yn3spj2Q6D6FgKXHMPgdiC27Rgv4k7d7PPXgZSuRTJ5,GTA 6 Coin,BQxhWHza9E7Fy2arDLZUsMq7P5NB2YHBdk3eniF7qBZ5,pumpswap,1790999265,0.000002455,2472.37,2443,2443,0,0,0,90437.42,0,0,0,0,0,0,5890,6745,,,,-95.05,0,0,0,1,,,,,,,,,,,
1791075687,AH65Hay9GUiM87aWeRdfu7psq5xEcZW5K1FrmKR6pump,Hermès,2KfXDqcma9Ao3pQU8gXCDw4ZH5cegtpWsZ5KQzKqT4Vn,pumpswap,1790999204,0.000002120,2143.42,2111,2111,0,0,0,121204.09,0,0,0,0,0,0,11262,12814,,,,-95.72,0,0,0,1,,,,,,,,,,,
1791075692,Ci33EnAm5UWo7jc5JtHFzgprgyEC3drg4pBZjLQCUbjc,TikTok,Hh2GKa2dNHLyjqFVx2yQryn4b8tQnHXqUBbSRZCnmFdX,pumpswap,1790999366,0.000002115,2132.66,2115,2115,0,0,0,92982.86,0,0,0,0,0,0,8745,8362,,,,-95.73,0,0,0,1,,,,,,,,,,,
1791075676,3S6nzrjkCr7qCPMzcBbgkH1ycuLvEE4UQmaVcBtXGiwr,OMNI,5JKmUuwzexzUvctTdfNscinkh5sdSU3zjLTa1fuenyqY,meteoradbc,1790999195,0.00005874,,58740.42,58740.42,0,0,0,4212.58,0,0,0,0,0,0,153,142,,,,33.78,0,0,0,1,,,,,,,,,,,
1791075702,YbYhD93eSsgyCbMEUBWHpUc5wNjUbWe7VWQTvdPpump,GENIUS,8weKxS6ksge7okrCQZoam4PRKb5aJ34ZadrLQTpSa4yt,pumpswap,1790999494,0.000002313,2355.43,2228,2228,0,0,2.25,133567.41,0,0,0,0,0,1,3273,2462,,,0.02,-95.28,0,1,1,1,,,,,,,,,,,
1791075673,26VsYcDJ4Vv8C1TbbCg8K9ZQau8xre6CK1CD2hdEpump,ミズラ,Gko2ceqFsNjPbwdt9vVzNKUBHC5vjjviWAYbHzgsCi81,pumpswap,1790998356,0.000007455,6207.83,7233,7233,15.68,1017.38,10695.56,805237.11,0,3,9,27,187,211,9845,7010,-0.42,-27.31,-39.32,-84.86,10,0,1,1,,,,,,,,,,,
1791075684,8HQgEcbhR5Xoh735zvndAocCLd7wdAYJfWHV55J8pump,PUDU,95WhUbKGxbWEjj9UgZtcEAMXoBmTSmHRAFiAxPLFf1FJ,pumpswap,1791000628,0.000003660,3761.99,3569,3569,7.33,7.63,294.72,1078860.58,0,1,0,2,8,23,10586,8417,-0.05,-1,-6.3,-92.54,0,0,1,1,,,,,,,,,,,
1791075695,EvXBS8fWqKAdZ8VAeNyt7uLtMZGVEHZxiod3QXg2BAGS,BOOTY,AUZe5W5opTkAbd6rfKGup7MtNSXt1S1Jb8LK2iWcKPXA,bags,1791001298,0.00006664,,66647.83,66647.83,0,0,0,2.33,0,0,0,0,0,0,1,1,,,,-0.05,0,0,0,1,,,,,,,,,,,
1791075702,fKC3eHWWXzJxfqHe9KvJ8ESdSdtvSLKJJVDWbzD7ZVr,KIRKOWEEN,G4y1jTbhhk9G4cLFpErw3r2W1B6q3UvRGbJVU6L3Cj83,meteoradbc,1791001163,0.00004681,,46815.4,46815.4,0,0,0,9200.12,0,0,0,0,0,0,271,306,,,,176,0,0,0,1,,,,,,,,,,,
1791075702,Mwc1bNU42s3ZasviwwSZr6vHLQ56CjnCsDuQ3cEBAGS,DOUBLE T,7k5sePuPT92HVVo5Qpc5je5N561S93w92XTuKy1vHMav,bags,1791001277,0.00006664,,66647.83,66647.83,0,0,0,2.33,0,0,0,0,0,0,1,1,,,,-0.05,0,0,0,1,,,,,,,,,,,
1791075680,6CRFuxnxcYzPrTxJDNai1vwzyZExKaiGLL15P3Pd3DTj,Pumpoween,Asr57hzt9nWYZjWGqXrtTkygB5V3jktyGATjjtYK4Vgs,meteoradbc,1791001299,0.00005805,,58057.19,58057.19,0,0,0,7750.94,0,0,0,0,0,0,290,272,,,,32.43,0,0,0,1,,,,,,,,,,,
1791075693,Dpf5AYhQwKx5SF2LFiQvBaG2zbqKKimcMWyZWPQHBAGS,SPACEX,2YZnKvfbFKiAQ8wMteopMMwHvv85dEoeELm836pg9rN1,bags,1791001287,0.00006664,,66647.83,66647.83,0,0,0,2.33,0,0,0,0,0,0,1,1,,,,-0.05,0,0,0,1,,,,,,,,,,,
1791075681,6hGhEQzgoiZMyVPX3VceQ9uH5CfiAHk4QCHxFWfrZZn4,Gustavo,33n9UJNkwvKFv7iAPippAXMs5xQQwbEy5DuF9cFycLMr,pumpswap,1791001113,0.000003041,2975.88,2689,2689,0,0,2.6,142837.14,0,0,0,0,0,1,1522,1423,,,-0.31,-93.68,0,0,0,1,,,,,,,,,,,
1791075680,5ndxUPCiE6UBq8TSiuUT7M2eph7QmhLRbG9HSh3KJnb5,SAND,3KucCcgUJN7jPU4PkZzr71NCgPFWv6zLeQAhV6Uwz79U,raydium,1790956083,0.06231,62048125.83,62317078,62317078,0,13.18,46057.57,299522.99,0,0,2,2,9,9,34,34,,,,-0.01,0,0,0,1,CLMM,,,,,,,,,,
1791075681,6REnZgtxhwdSAHczAp4J5PRsGQYQt7T3x4kEDyfs9U7y,HOLD,FJtWKJjJj18ySYBATorRXJNyM3YHXiob1aifGNyoVP53,pumpswap,1791001585,0.000003588,3660.44,3331,3331,0,22.36,135.68,1250736.66,0,0,1,3,7,16,6914,5649,,-1.74,-4.95,-92.69,0,1,1,1,,,,,,,,,,,
1791075677,45tPsmYeExLfo7FTDtenPNR5tkFBTza5XERis4Z1pump,t1t2,A9tyH2nNGxgqKGjacFFZgFrX1MdFDpz1BGGDz9Evqx1F,pumpswap,1791006461,0.000003293,3185.34,3120,3120,0,0.28,3.45,152008.86,0,0,0,2,0,4,1654,1559,,0.08,-0.32,-93.37,0,1,1,1,,,,,,,,,,,
1791075688,Aop4kuTaViTjb7Vps6BAtiLAQxGYohmBvyoqkLiRJkB8,TripleS,Feiwa9vbpWgqMutpa1eaDpZpd4b1rCvDsPXvmnm2bTuh,meteoradbc,1791002567,0.00004148,,41482.48,41482.48,0,0,0,21142.58,0,0,0,0,0,0,799,904,,,,162,0,0,0,1,,,,,,,,,,,
1791075692,D2z8q3e7oKN6nNt2tvSLTBmvEGAFWvvMH6CR9thQ2d3T,SI,9ei6gQpXxo1uc1QZECusaisSnoGy6pMHfpPFXtv9v5Sq,meteoradbc,1791002818,0.00008808,,88087.74,88087.74,0,0,0,11853.87,0,0,0,0,0,0,155,232,,,,679,0,0,0,1,,,,,,,,,,,
1791075699,HB3uK2YrPePhpWA9x6rTVGn94AQVAcc5BXRwJ2XwBAGS,SI,6QYFhTUGeq9SL9sqbmBGsjFNdkJHdPvXioHXtrivYMsa,bags,1791002805,0.00006682,,66827.04,66827.04,0,0,0,2.33,0,0,0,0,0,0,1,1,,,,0.16,0,0,0,1,,,,,,,,,,,
1791075680,64gy29xTYWiGgvFZu1UD6FRRdViZPDQrPWV99DQ2BAGS,BREAST,5q56h2pw8jNmerxKapRvStBxSLh7Fg8czCekZpykv46Q,bags,1791002794,0.00006682,,66827.04,66827.04,0,0,0,7.92,0,0,0,0,0,0,2,2,,,,0.16,0,0,0,1,,,,,,,,,,,
1791075677,4CTEUjTESy4JJqg3Yo6yi7oGi5ggRwyaFdL6oc89BAGS,SCAREDY,8quJRPyjHhZwEvMXvCyhcCjrNE2rfsZnqDsC59m8jXAX,bags,1791002815,0.00006682,,66827.04,66827.04,0,0,0,2.33,0,0,0,0,0,0,1,1,,,,0.16,0,0,0,1,,,,,,,,,,,
1791075674,2HeAe1PUn5ksYn9HM1VSBvJHoDsvoJGUHQBHrVGt8Mj5,$ALIEN,6jX11tJHFhDqdR9RnLYa2a2vv6bs6tE5kyTm3VEjthDi,meteoradbc,1791002703,0.00005871,,58714.06,58714.06,0,0,0,7229.27,0,0,0,0,0,0,200,238,,,,223,0,0,0,1,,,,,,,,,,,
1791075700,HM6nLhcM4mrL71ztEucrTxgT7ZpVkBiw5HLLQvhsroT2,Apple,8FSgje8FjhBXreQZVT7dJSBoGEZtEs7LXQJ2iqHHoD2n,pumpswap,1791002673,0.000002187,2233.54,2188,2188,0,0,0,70334.37,0,0,0,0,0,0,5312,3941,,,,-95.58,0,0,0,1,,,,,,,,,,,
1791075692,CkKU1sNSJ3sjTzmgHzoXaopQtGAD6JvrpmM5yQsWpump,Google,9UyCHSSohX7qNuAqyq5hZwFcdFUVwKbfsBnTZLoqyQKg,pumpswap,1791002632,0.000002127,2153.84,2118,2118,0,0,0,138025.7,0,0,0,0,0,0,8257,13305,,,,-95.7,0,0,0,1,,,,,,,,,,,
1791075674,29bBfiw1uE7rTgoY8NPY3uaUhn1PMLb9dCrNF1eCYEN1,SOCKET,BcztupDZ1BwomcUtGHcfqpu6QbyK61uMZqJ5v5TeFwam,meteoradbc,1791002208,0.00004306,,43062,43062,0,0,0,15994.25,0,0,0,0,0,0,407,477,,,,188,0,0,0,1,,,,,,,,,,,
1791075686,9Xax6YJkh3MqE1BTtJ99K16xMFbeJ45mEeBZYG9Lpump,BREAST,DzNSq5jnNZdP2L7cbptbPsbX4DF2Hobsd8ya3HADp3s3,pumpswap,1791002922,0.000003846,3922.79,3753,3753,1.32,77.29,601.89,920290.47,0,1,1,6,10,36,11808,9197,-0.12,-0.79,-28.1,-91.93,0,0,2,1,,,,,,,,,,,
1791075675,2x2Q2JH81iMqvFCSQAJVKhHcSBHko7TqYPXyM4eypump,PHROG,6bfjhUYVgXXenfLzDTBD6rr3434yqWuAvbZJJxa5QDn7,pumpswap,1791005973,0.000003613,3473.94,3479,3479,0,0.35,571.73,246286.22,0,0,1,0,13,13,2763,2256,,0.83,-7.05,-92.53,0,0,1,1,,,,,,,,,,,
1791075682,75M5KnxSSsDSo2x8HtZMauJx8YG9WUp1K6ALxZJKYjXe,‮LABTAC,9fCgsWsxepa2Dp8tLJaudMoZVvdHQ4u4QxnJULj5zvrF,meteoradbc,1791005069,0.00005965,,59653.5,59653.5,0,0,0,389.36,0,0,0,0,0,0,61,24,,,,17.48,0,0,0,1,,,,,,,,,,,
1791075688,AnvZ4StCe91xbn8nCyW2dSooPRKyp9iH1ZZTBy5Hpump,Yukimi,6NknUQgM1u1FCcsdo2vLWhW6DXqqFMZrD3XJXKHidALq,pumpswap,1791005112,0.000002330,2343.85,2230,2230,0,0,2.62,93584.67,0,0,0,0,0,1,1293,1066,,,0.25,-95.29,0,0,0,1,,,,,,,,,,,
1791075696,FKQCt17wdmUokbMwNnn2Bs55TYvSWgikKcRCFEAFpump,ESCRO,9KTHkYoPBc8a3y259Cg7gyg5BgVfJkdAMA7gubocPgTt,pumpswap,1791003824,0.000005321,4938.63,4975,4975,9.75,33.9,660.79,813219.5,1,0,3,4,21,44,7356,10510,1.65,3.18,-7.03,-89.25,0,1,1,1,,,,,,,,,,,
1791075683,7WpjEm1xkfnHtdigUdmXnXmrYMLGHJWip4toSa7pucEG,Mr Beast,9mvnceo6bkp4DSioHbRKtnKHCJSAfGD6ox16GsDq7GXS,pumpswap,1791004610,0.000002186,2201.76,2165,2165,0,0,0.72,74597.68,0,0,0,0,1,0,5163,6276,,,1.62,-95.59,0,0,0,1,,,,,,,,,,,
1791075697,FWwnHcbPSrnuhQ5kFQEBu7fWsMemWskvLK9zqX4Fnjh5,🍟,98ybGp4VDhLDLUcAbjnu7QukMWBwzMcj4BEY7SY9Ws7c,raydium,1791006299,0.00004264,20137.42,42643,42643,33.3,6809.88,43609.55,641210.17,1,1,113,53,601,333,8153,5460,-0.4,-8.63,3.38,-15.62,0,0,1,1,CPMM,1791075799,1,1,51,60,250,299,2615,2875,99.999999989389
1791075678,53c62brTyYpWn9v9mWYHRQtBBZY6PHBEcXweEbEmtLtM,Dexter,DWKzC78t5EriXNyxCZXFAHzwM3m7GZnkyWtDYAd8G1gv,pumpswap,1791002228,0.00002764,13340.73,26337,26337,85.77,4867.31,36588.49,335020.66,0,3,42,41,304,290,2662,2372,-2.3,24.74,62.23,-43.73,0,0,2,1,,1791075799,0,4,28,30,149,144,980,938,100.0
1791075682,7MChGzGQC2TkHBk5Uby8kUD9qGshxfTViqkfzNyYNDYx,PRINTR,ARyJYJVX2pg73vmRnePPUHWeyyUBUb46MjEhTzqdvv2V,meteoradbc,1791006423,0.00003208,,32087.89,32087.89,0,0,0,8469.5,0,0,0,0,0,0,242,294,,,,74.89,0,0,0,1,,1791075799,0,0,0,0,0,0,157,181,
1791075697,Fq71MxvPQGHUwxU4kDs3gPdU54KigbGEreP1ky1N3i4N,PRINTRCAT,CTSvdHNfRoV1iya3Tg7LQjAeokL7gQoP3CWGLAUzswXT,meteoradbc,1791006525,0.00003666,,36661.77,36661.77,0,0,0,1385.13,0,0,0,0,0,0,12,6,,,,149,0,0,0,1,,1791075799,0,0,0,0,0,0,11,6,
1791075675,2dZt7TphVCUU8Q7PpU3paBgjBLTDfxGky8wa2EGfjsPg,PRINTRCAT,AfyJVn99iUoddRtJ7XLHqeu26Cuuf5C2K7pvcVZsz42o,meteoradbc,1791006469,0.00003640,,36406.57,36406.57,0,0,0,1769.96,0,0,0,0,0,0,34,28,,,,147,0,0,0,1,,1791075799,0,0,0,0,0,0,26,28,
1791075685,8Y6pHi3cMhxhtHuzgGAsWgAJMyw3zaQLeFFf3qvRpump,PRINTR,BoiL8W7CfhoGfjr3VHFH34GfKdkmGm7y1YyXbweLfcX7,pumpswap,1791005331,0.00008316,27545.22,78200,78200,47.23,8645.78,78971.3,3025137.93,2,7,95,83,978,713,24231,18824,-0.18,-5.72,-21.33,68.65,0,1,1,1,,1791075799,3,6,62,61,410,436,7153,6387,100.0
1791075695,EXinrnaBsgKnq66xs8bTXDQhq54GJs8pgMAHCZdVpump,Meta,B6opnyz3BqpEbRYX3r4QA8Kn4oppzvTEu4FAs4uqCTqG,pumpswap,1791006052,0.000002156,2174.41,2156,2156,0,0,0,89614.6,0,0,0,0,0,0,7232,8960,,,,-95.66,0,0,0,1,,1791075799,0,0,0,0,0,0,374,2075,100.0
1791075674,2G7QmhQxiJxiUptX7WNBnbVSgE2WJoHPvTmUTNKSQ798,Haaland,3zwkqCCS9CpxQKZq5TFjhEWveqRBUiu3pzEChUEN35rP,pumpswap,1791006356,0.000002131,2146.85,2132,2132,0,0,0,74108.38,0,0,0,0,0,0,4329,5133,,,,-95.71,0,0,0,1,,,,,,,,,,,
1791075683,7e7uiE9nhhnRtqzStoPTnVPbXdUsfpgyoSjY2skzpump,KFC,F3NG9miSRRhwvruZ22sfghZ3JANDWHg95jamNGwBDUaj,pumpswap,1791005317,0.000002184,2215.16,2175,2175,0,0,12.48,170400.22,0,0,0,0,2,2,11229,17376,,,-0.45,-95.6,0,0,0,1,,,,,,,,,,,
1791075675,2zXY3fGVBqGK6Bqk4p9U1iC3gstsM2riHFik1Gb33HuV,PRINTRCAT,B2ac8k8h1osFXiCUPDjrsN2XrPGJTZDEdjWuVXvVZRR,raydium,1791006103,0.000004206,6145.27,4206,4206,0.38,5.57,1596.7,181941.46,0,1,0,10,86,117,3435,2892,-0.03,-0.02,-22.51,-91.41,0,1,1,1,CPMM,,,,,,,,,,
1791075697,FqaXSmG2xhKgQTPvp6h9QNZ4nUowfYXRJnt3tDWgpump,ONE PIECE,8d55TRqcgUEjbLUBdLRm1NLa9ZQT6w697raCHBLZvbX4,pumpswap,1791006250,0.000002124,2151.06,2115,2115,0,0,0,143807.18,0,0,0,0,0,0,13040,14349,,,,-95.72,0,0,0,1,,,,,,,,,,,
1791075684,86jZpHmDXpUwHP21N7r83hrNaDvNjtXtnJJbhhYupump,PrivacyPad,EFuUULgTy3P7DmeJ7BCSEDeEoGTBi6eaWVAv4PTDKx4Q,pumpfun,1791008197,0.000004326,,4326.35,4326.35,4.56,4.56,560.08,184579.11,0,1,0,1,1,8,2185,1995,0.08,0.08,-20.9,-61.04,0,0,0,1,,1791075799,0,1,0,1,1,8,950,911,100.0
1791075698,Gf8y2bdg2mQZEnHgiCNGSiNMPnbFceWUYAn3HY5Rpump,FeeFlow,34MS9mCs6D9Y5RcZyc3LSJqKD1hW8dwaPuGyytyLE7Dd,pumpswap,1791008760,0.000003068,2995.86,2713,2713,0,9.62,16.16,73748.31,0,0,0,2,0,4,1153,1069,,-0.93,-0.97,-93.66,0,1,1,1,,1791075799,0,0,0,2,0,4,545,657,100.0
1791075702,fJ5tNJQzyaGbx9oiz2MTdpP6ZRRgcaTM9AesKReCZWC,PONK,HToym65Q2pD5LxGYjAkn42TMe8xdLubs9WTMW92HCmb1,raydium,1790960821,0.00002928,26948.52,29284,29284,1.09,446.47,148342.19,2052236.73,2,0,9,11,43,75,371,450,0.13,6.42,-9.37,-18.85,0,1,1,1,CPMM,1791075799,1,0,6,9,28,36,170,209,100.0
1791075680,6DCPs3QyhcVFhV8J2mPLX2QvvjqR8R5Rxv987FAmpump,ENSNetwork,9UpZ77qjXa3Mi6WhrkAfXGdDBUCy1oS7AmaBUSjwbNd1,pumpswap,1791006166,0.000002398,2537.15,2323,2323,0,0,11.14,484634.21,0,0,0,0,1,1,5221,6744,,,-0.04,-95.8,0,1,1,1,,1791075799,0,0,0,0,1,3,2679,2577,100.0
1791075690,BcxwcKsSrNDFPuHPNNpcCxibn9QmP6ieXGqixjhEgtjW,PHROG,ARwF526f5FQB7VpLw1bPVEKPbTV1gcZaceUnaJkw7HAf,meteoradbc,1791008769,0.00008074,,80746.89,80746.89,0,0,0,1881.81,0,0,0,0,0,0,28,22,,,,430,0,0,0,1,,1791075799,0,0,0,0,0,0,27,19,
1791075679,5PfzcD34FVT819jhHKfAyKbzD9BZkQbVbK6uQTjRdzNp,FeeFlow,99AmUmPAZTBWAss7RYsgDpHVHdkddLVnvqA6pSweeBHA,meteoradbc,1791008781,0.00004073,,40730.37,40730.37,0,0,0,8358.25,0,0,0,0,0,0,288,280,,,,150,0,0,0,1,,1791075799,0,0,0,0,0,0,163,159,
1791075697,FZ7TuWUNmRS32Wt34uejNUcqA6DkwxHuxmUFbwbsBAGS,DOCK,F4MAmkCPQxhkuKDV8J91omYF9mV6cV7mptMY8aEF1FXT,bags,1791008778,0.00006694,,66944.64,66944.64,0,0,0,2.34,0,0,0,0,0,0,1,1,,,,-0.08,0,0,0,1,,1791075799,0,0,0,0,0,0,1,1,
1791075694,EKcccTt9rYR5asHggTeCmmxdSPiyypRwN1ujPwJpump,Apple,R7hFzJzNmFEreSQAC1Tyx9pymcLHPT7c7EBmN5BTZpz,pumpswap,1791007018,0.000002126,2159.97,2118,2118,0,0,0,176124.18,0,0,0,0,0,0,15028,15989,,,,-95.72,0,0,0,1,,1791075799,0,0,0,0,0,0,470,2255,100.0
1791075695,Eo5niboDG16WunKLMigPvTkpHkCpStTibXNgJGNxCcdj,ELON,vQ2j5WuNAMuaSoJcwkz9ho5yJPY6jnYq3JrQ4s4MSgH,pumpswap,1791008558,0.000002121,2141.66,2115,2115,0,0,0,88161.09,0,0,0,0,0,0,3689,3896,,,,-95.73,0,0,0,1,,1791075799,0,0,0,0,0,0,507,935,100.0
1791075679,5F1Se9J2L16YcK1fpk18NhSvnPjtyjQSaczKGLDoV1Uy,犬神,H3xDA1qcBodiESGUQhp6GQqnm6wKDFWwvP2CGMM2M1Ru,pumpswap,1791007552,0.000003432,3347.54,3301,3301,0,20.95,75.71,227004.22,0,0,0,2,4,13,3391,2737,,-1.39,-0.03,-93.06,0,0,0,1,,1791075799,0,0,0,2,4,13,1299,1326,100.0
1791075693,DRuUTQwk5wA51MVLF8u8VfMDsB463rAKJ6JmUr4S9Bf7,Y/NO,HthswCavhSd395KoNkt8XdUkLxANvAz4956iaXWHemWZ,meteoradbc,1791008749,0.00005737,,57374.91,57374.91,0,0,0,8452.92,0,0,0,0,0,0,392,417,,,,30.04,0,0,0,1,,1791075799,0,0,0,0,0,0,177,164,
1791075681,6R1F4sNySF4NKGdhW3UhESWuYYRu4Cehk5rn3mGP375R,FROGE,DHXZ4PwqAbtngJPBQRuGrxMJuCxGnV3hVVFPw3R2Xe5J,pumpswap,1791009160,0.00003455,16430.34,33318,33318,2.97,488.04,68151.04,1402331.16,0,1,1,18,476,483,12129,10421,-0.02,-9.67,98.78,-26.63,0,1,1,1,,1791075799,0,1,1,13,252,262,3522,3246,100.0
1791075690,Bg2Du2Hbz4hTC2UTUvfduP6WvCzGJsWkphoED3tgpump,Mymo,7dZN724n3F7VPMwDXU9dNJHPzKEapoDJ1ktZ37KwckpT,pumpswap,1791012669,0.000002558,2552.04,2457,2457,0,0,32.54,66994.74,0,0,0,0,0,3,785,881,,,-2.07,-94.81,0,0,3,1,,1791075799,0,0,0,0,0,5,441,582,100.0
1791075699,HAcEqEVru6dRbe1grLFTPBxjxGgjn1tVpR7bLgYXdust,DUST,9KBF3KqYErfs1NXRK35gb4J8wnAD2i9ePZAzcwn7yhFT,pumpswap,1791011965,0.0001130,33561.5,109887,109887,241.89,13364.03,124072.86,3377436.16,5,8,175,176,1458,1398,29943,23788,1.51,-22.06,2.72,129,0,1,1,1,,1791075799,2,6,115,122,642,769,9032,8292,100.0
1791075690,BarLDxDMQLTQfV1b4kes2AxUkK1pFNZtGCKQqtjrKXQD,VOYAGERS,BGDp8Z8rbVLrRhQAmBs4f9QXeQYL15ERq8byC1zAoYda,meteoradbc,1790986729,0.000006824,,6824.79,6824.79,0,559.85,2228.84,13927.56,0,0,0,4,0,11,121,30,,-18.91,-46.57,28.45,0,1,1,1,,1791075799,0,0,0,4,0,11,27,22,
1791075700,HZxurfDsZb7DCQuKZbGCt7pZJziGxkXiQHuP1ysKpump,ITR,8y5JGTmacx3rVVReWsfyWFUdD2aNifqZx6xwtTg6z6VS,pumpswap,1791009272,0.000003505,3496.21,3361,3361,0,0,13.1,579904.94,0,0,0,0,1,5,6660,5364,,,-1.28,-92.77,0,1,1,1,,1791075799,0,0,0,0,1,5,2105,2080,
1791075703,pFftuUXhSNjVa1qZ8c9Ew6CQ7WNaoafWeh8SokvnXMx,LAL,HsjmtG3HZmUDp7BgBBs7z1Wx2d7iLTWB1LpBUBikUBmA,pumpswap,1790946834,0.00004935,19435.47,47207,47207,9.22,1274.19,11763.04,162939.08,0,2,14,13,148,136,1388,1185,-1.3,10.92,-14.24,129,0,3,2,1,,1791075799,0,2,18,10,83,86,555,556,100.0
1791075687,9pX26H1nrGDun26gf5Zmt64f3Ki4NscvQv1ocbFHbiMz,ITR,E2hbSDRBgej63LegnMoBTX5J5MYi8jizZcyA1KEvWwDa,meteoradbc,1791010879,0.00004793,,47937.97,47937.97,0,0,0,13833.73,0,0,0,0,0,0,289,345,,,,207,0,0,0,1,,1791075799,0,0,0,0,0,0,121,120,
1791075693,DYUUbfuUjfzsec9TW9Tp6dgrrFEwjwkNKfGwq1kPvxzi,Mr Beast,AC4pnaGYoFMUNCSSKq9A1WHwxisNNfQRvRUz74m1Uw62,pumpswap,1791010342,0.000002188,2212,2148,2148,0,0,0,127247.44,0,0,0,0,0,0,11479,10825,,,,-95.59,0,0,0,1,,1791075799,0,0,0,0,0,0,401,944,100.0
1791075675,3CGdtbTBtKnoFjCCRJdEofAkFFsgzyHeNPNzsGXZM5gQ,BARRON,7nzq15nUphVePU3hHZVNGMoiPHp1uosGfnsBeAJPt4EQ,pumpswap,1791010696,0.000002122,2150.32,2115,2115,0,0,0,132772.89,0,0,0,0,0,0,7846,5843,,,,-95.72,0,0,0,1,,1791075799,0,0,0,0,0,0,469,910,100.0
1791075678,4zWNzT8Luxfk7PgyWysqMfmPxpQFyZ7xmzgfKAYGpump,SpaceX,Gmv25XDYeCfVTbsx5qxnhQv7uboyEKE9kEvj6zJEPR3R,pumpswap,1791010446,0.000002135,2175.44,2125,2125,0,0,0,241486.21,0,0,0,0,0,0,15457,22716,,,,-95.7,0,0,0,1,,1791075799,0,0,0,0,0,0,505,1708,100.0
1791075683,7z1eopfUnB6GMKwfXAssf9JVepjBrt3dHPeowCtHDdJQ,Haaland,4TSKqeEddJTBT9H6DMT8bvb8MP1nmmbHiR9j6yzQ8fYM,pumpswap,1791010501,0.000002170,2188.2,2171,2171,0,0,0,77800.66,0,0,0,0,0,0,5871,6262,,,,-95.63,0,0,0,1,,1791075799,0,0,0,0,0,0,168,428,100.0
1791075701,J7YGsbHef15JpHWYTXbdtYq79s811BgVbpoTSoQbpump,NUMANCAT,BAZLf542gjUpDgQVaLcjvqW6PGfCka8sH9oJeD13JmHu,pumpswap,1791010816,0.000002436,2496.26,2369,2369,0,0,55.86,229029.69,0,0,0,0,409,134,12240,4248,,,-0.07,-95.04,0,0,1,1,,1791075786,0,0,0,0,775,288,2271,1953,100.0
1791075680,63jSvd6gNwE4ueTcfHwK5cvXFP3RcDLfw3j5tAefpump,ZECPAD,Ejc47s4szxqGJVnNVgHJBWVtZG56QM6XXwxGYMn8WYuC,pumpswap,1791011593,0.000002343,2388.2,2261,2261,0,0,1.26,141469.06,0,0,0,0,0,1,1640,1609,,,-0.05,-95.3,0,1,1,1,,1791075786,0,0,0,0,0,1,443,478,100.0
1791075685,92ub6sPSU17SVe8fPFjUD5mJ4VnohM5Wndw4Cwdrpump,WATER,C5ifEbuQWG2DJgGXT4AGv3MHTd3GuWcY6Z5YBWLRUPuW,pumpswap,1791011449,0.000002946,2898.72,2800,2800,0,0,5.07,152690.4,0,0,0,0,1,3,2418,2116,,,-0.61,-93.9,0,0,1,1,,1791075786,0,0,0,0,1,3,997,1096,100.0
1791075689,Ban1QaquJCpWkZXMneVBqVBkqeBTFYQqZRkco2CYpump,Botizens,GjAseiM3ZW9exTi3vdQBy9EmW7GULiEhnpJgqzu6tj2D,pumpfun,1790931118,0.00002589,,25895.23,25895.23,0,377.37,8960.75,72759.04,0,0,4,6,100,79,693,529,,-5.37,-6.05,72.96,0,1,1,1,,1791075786,0,1,4,7,67,63,310,280,100.0
1791075693,DxT1KcDPoehCBecScEtr4FT5UGhEnPM2PCQJknTBYRqd,WATER,AiCE9jcozXED3ih849wbX6DUPxXxaTboeA1NBqHXTxqC,meteoradbc,1791011979,0.00004489,,44897.7,44897.7,0,0,0,10002.15,0,0,0,0,0,0,219,244,,,,187,0,0,0,1,,1791075786,0,0,0,0,0,0,110,113,
1791075683,7qLk4xhyY6XheAP5vWmj1uP8u1h7eehH8SwpcEzrpump,Odyssey,8hJ71PgbdDca1qiUrn9gZvKuqRm3eyJmRetNJKLFzYeC,pumpswap,1791012027,0.000002116,2135.23,2107,2107,0,0,0,93039.37,0,0,0,0,0,0,4496,6044,,,,-95.74,0,0,0,1,,1791075786,0,0,0,0,0,0,465,2156,100.0
1791075679,5Mx2FyWUZY44akK1U47Lvm4orRkgnshZxi9xwu9w7Jc4,bamba,2ZUdr65CcKcv7qHCwWwje7T7FTvfDMyAmbig4ig9PX5w,meteoradbc,1791011933,0.00009028,,90282.91,90282.91,0,0,0,2151.36,0,0,0,0,0,0,8,0,,,,18.26,0,0,0,1,,1791075786,0,0,0,0,0,0,8,0,
1791075689,BKmrjcrmsyuXBRy683w8nGwLpSe8HDApQ397n4y3pump,GameStop,H375MRsyQiMUNmkeecccrykkx8FtFzV9gvaPkYGTJ3cS,pumpswap,1791009799,0.000002167,2204.84,2155,2155,0,0,0,247352.53,0,0,0,0,0,0,29729,30135,,,,-95.64,0,0,0,1,,1791075799,0,0,0,0,0,0,446,1248,100.0
1791075688,AXnZXfeUu33KEqB1HaonW9iTWd2dnN1oAsnXL5zS6gu,KIN,46mSyHUuT4phC8N29cVEwo4bu1sty9WmMqyg3CRgcnVW,meteoradbc,1791013651,0.00003977,,39775.99,39775.99,0,0,0,4163.27,0,0,0,0,0,0,97,117,,,,156,0,0,0,1,,1791075786,0,0,0,0,0,0,91,93,
1791075699,H44S3BaXEHSCEfgKYJeV6AFGjYnN1Sxy6Fh8TafEpump,airtime,FRUi4kfMU2nCpBh2guZHD2sCiSVuSX9kTVUGB2VvyQPJ,pumpswap,1791013708,0.000004236,3947.81,4091,4091,0,229.77,899.68,264453.83,0,0,2,4,5,19,3338,5509,,-18.07,-33.17,-91.4,0,1,1,1,,1791075786,0,0,2,4,5,18,1220,1302,100.0
1791075701,L2YCdhFYuMEXNz2X9nNjSKjqCBLZbRF8kDodZqbBbEp,GTA 7 VII,A8K8AMEtcqxudi1P719qrKB3rBvYbNKxJAKXPvsne9MH,pumpswap,1791013096,0.000002456,2477.73,2443,2443,0,0,0,236227.34,0,0,0,0,0,0,24736,20345,,,,-95.05,0,0,0,1,,1791075786,0,0,0,0,0,0,441,971,100.0
1791075685,8oiqV7E5wNEPYuBkBaTQoDYh6CZgGRfKLQrCuEY7pump,KIN,CqiPXZyiCewkQQjLDMM498wKo8pk2SqkK3wC1m3TAGVg,pumpswap,1791013273,0.000003669,3734.46,3559,3559,0.01,13.02,297.46,749072.45,0,1,0,5,6,25,9004,7628,,-0.77,-7,-92.56,0,1,1,1,,1791075786,0,0,0,5,5,23,2917,2825,100.0
1791075695,Eqs3QLzusg5GP6PjADVssdPykbPpHYgfnUXU1FdUMSUR,Van Cleef,GqTe8WHhtjwAvhoy4v1bADqiZQDwW6MTPur4gzPWkxCr,pumpswap,1791013586,0.000002126,2149.56,2116,2116,0,0,0,116478.63,0,0,0,0,0,0,11967,11195,,,,-95.71,0,0,0,1,,1791075786,0,0,0,0,0,0,390,932,100.0
1791075674,2NYx446BXeufvniFpvuWeH5X3hjCHbLNJngzWC6GFNJ3,airtime,CEBmtEhWtRhqAXFoaKErXiGJrsWd2i49kyKvwrzNwcyy,meteoradbc,1791013476,0.00004521,,45210.63,45210.63,0,0,0,14199.51,0,0,0,0,0,0,334,376,,,,176,0,0,0,1,,1791075786,0,0,0,0,0,0,171,179,
1791075694,ETbqN5nKYWSjin1BDqbLYQJNdmcEghAKnjQCiCPSpump,CLTR,5gW3wH27sbdoPyip8qcY6gvH6sDxDAshbm4dErYMt1Dv,pumpswap,1791029285,0.000003793,3663.16,3661,3661,0,61.99,2067.59,352310.84,0,0,0,5,30,77,4221,3641,,-5.58,-52.1,-92.29,0,1,1,1,,1791075786,0,0,0,5,18,71,1622,1694,100.0
1791075689,B3ZpkVmvQ3EAWk5SN7hsEHzkYxQBBZsCSuAHpt1Dpump,LP,9x795G8oyNsucB1PhsAtocTmQdMTQzTcbaQCfMn4V1AQ,pumpfun,1791013979,0.00004905,,49050.87,49050.87,0,0,0,10147.93,0,0,0,0,0,0,5,0,,,,403,0,1,1,1,,1791075786,0,0,0,0,0,0,5,0,
1791075685,98vY5Kkq6QUNAMhYCsUQodGWrzxiSCgv6bZk7Sic3dH2,higgsfield,Cr6sNBQQwXjH84PfixVo5a7AAoG8xSAV984mX9wNcM9Q,meteoradbc,1791015489,0.00004256,,42567.02,42567.02,0,0,0,14335.65,0,0,0,0,0,0,499,546,,,,168,0,0,0,1,,1791075786,0,0,0,0,0,0,134,120,
1791075684,82CEW3KxKUKQTLoeq6nyJC1kdccpfg9qvphxATKFV9PG,CLTR,EvS2PEq85hebBJCtoLu5QuFQiDXNdUHpqFwD1qGzvW3a,meteoradbc,1791015621,0.00004578,,45780.7,45780.7,0,0,0,10505.21,0,0,0,0,0,0,370,336,,,,182,0,0,0,1,,1791075786,0,0,0,0,0,0,182,170,
1791075674,2Ldu5beCZNF7CwUY3qaBpaGrPbjXZw8LpfKaCcYrpump,Send,3WnAw3tFFDPwtbidFG1JFpkmEj7vKUxHpbpVT1VBFXfe,pumpswap,1791016442,0.000002914,3128.29,2817,2817,0,0,3.13,1088957.48,0,0,0,0,0,3,6231,7018,,,-0.32,-94.15,0,1,2,1,,1791075786,0,0,0,0,0,3,708,720,100.0
1791075688,AtpkxURHiJyDQuv1JU7rvPyni95twBWgjcGsJZK7y7mL,PROXIFY,2k8u5FDX2RMY6cMpjasDxXTjKTwnjzNR3cfEVFoaQbsi,meteoradbc,1791015419,0.0001280,,128052.04,128052.04,0,0,0,7361.15,0,0,0,0,0,0,176,220,,,,1031,0,0,0,1,,1791075786,0,0,0,0,0,0,127,131,
1791075678,56tGhg321cAn9y8JFNSeTnsUaVqB6zX9HSio3KKipump,VRAXWEEN,osNpJb5Pyxp1mHU9BkzHYfxsysJoU3w7NGvJzvVZyxU,pumpfun,1791015470,0.00004905,,49050.87,49050.87,0,0,0,10147.93,0,0,0,0,0,0,6,0,,,,1365,0,1,1,1,,1791075786,0,0,0,0,0,0,6,0,
1791075701,J1iLSWqYdaLXtQHkRAYhqg4SWwNmV4cZuciqHhiHpump,Tesla,DqJHw6c7cAqpUAh1T2dTUFxVobzRRRGhsjyRyVvpPMoo,pumpswap,1791014218,0.000002142,2186.18,2133,2133,0,0,0,249981.74,0,0,0,0,0,0,24872,26205,,,,-95.68,0,0,0,1,,1791075786,0,0,0,0,0,0,547,1755,100.0
1791075689,Ay9V3r9JSNXrmGPJxYGeVG1Vm6vb1edrmQabEoScpump,SUKI,5yFCN6Gy6DGuek33DiSdt2AHHrdeqVk7eppaovJWywf7,pumpswap,1791014929,0.000002222,2330.45,2208,2208,0,0,0,723606.86,0,0,0,0,0,0,9603,7025,,,,-98.12,0,1,1,1,,1791075786,0,0,0,0,0,0,3270,3264,100.0
1791075703,ppAkjUeC7Gh4FWMiN7HSgF1M5qe7gtv2A5nBJmwX8VV,KIN,5q9r1pNdhyDTZKQZQ4q76nxbNCZ2TXkxdsmBCNXPvDBa,meteoradbc,1791015165,0.00003786,,37869.69,37869.69,0,0,0,13099.73,0,0,0,0,0,0,410,411,,,,133,0,0,0,1,,1791075786,0,0,0,0,0,0,189,181,
1791075688,ASr6b7avDCN5eftxCm5qfcPxwhmbyag5jTsLfgdwZ5qe,POKEMON,GrF6LTz64TjHFPgJAL79HMbfhDDsGUT86gySrTKzhJyy,pumpswap,1791015009,0.000002132,2158.55,2119,2119,0,0,0,142884.84,0,0,0,0,0,0,28642,23031,,,,-95.7,0,0,0,1,,1791075786,0,0,0,0,0,0,235,409,100.0
1791075691,CXM5FPcMC5kHPSEtxAAcFWQjQR86B2AHHfduthtRpump,HULKINU,EKPEGGFnYbvz4RKcbRRDzFznQ9hvyoG8vvvEy2Qcenbx,pumpfun,1791015527,0.00004905,,49050.87,49050.87,0,0,0,10147.93,0,0,0,0,0,0,8,0,,,,1363,0,0,0,1,,1791075786,0,0,0,0,0,0,8,0,
1791075674,2CPYYsnvWA5cjbds8Ng3kYrFv7sRujeG37Xp5YcsNcMJ,KIN,CuHQvPJjaEE6mNMd49EyHg38hdhEFjMbRNPxGKLa4nkh,meteoradbc,1791015302,0.00004720,,47206.06,47206.06,0,0,0,14573.66,0,0,0,0,0,0,442,454,,,,191,0,0,0,1,,1791075786,0,0,0,0,0,0,195,185,
1791075700,HQxmYKcbr5F6w8b8UQEk8e5SeSxjDeeh8foF3U5DHhFj,Ghosti,HTjuM1m38JY9N86ipVRFA8qvHvrS35EAXxD1bQC3hX7k,pumpswap,1791017206,0.000006945,5592.66,6725,6725,0,0,4012.25,109508.07,0,0,0,0,17,43,869,795,,,-32.56,-85.92,0,0,1,1,,1791075774,0,0,0,0,16,44,417,414,100.0
1791075680,5dyyu2XWGhWHua52JjfhoNSbDLni654DD5yR6DcYe3zV,PCAT,DuJRqJTcyHNB56xomwF6eqaQdQYp3RJmryEf5vr1ZJyq,pumpswap,1791016951,0.000005019,4750.31,4889,4889,109.89,768.82,2918.83,924318.58,3,1,13,10,31,59,12086,9628,6.89,32.43,-6.54,-89.59,0,0,1,1,,1791075774,3,1,12,10,26,55,3427,3300,100.0
1791075677,4JUWkv3DrfxaZCHDSwagmJACGX1iVcFkg1bmYrR2f87K,Ezo,14aqy3ieZTx12D3XTVhS9wFTJRqNz92b5DapBSjhWLNd,pumpfun,1791016901,0.000004931,,4931.04,4931.04,0,525.19,14723.45,240332.39,0,0,6,7,144,167,2879,2752,,-2.69,-52.89,30.14,0,0,0,1,,1791075774,0,0,5,7,88,112,1146,1101,100.0
1791075685,8aursyKkbyqL7T6cWKsosG8ES1oBGVfS8sJ4UmPApoT3,BOT GO,FJX9FcszSCJ9Bfg3keX7teDBchXpauAuvugoxVqoKCZi,pumpfun,1791014375,0.000004041,,4041.62,4041.62,0,315.98,505.14,163460.39,0,0,4,4,7,13,2015,1874,,-11.82,-14.57,-7.67,0,0,0,1,,1791075774,0,0,4,4,6,11,830,782,100.0
1791075678,4j4c1nDr9Q3skLFeFxZW1unSyNrySw5HugLLofizjRP2,MSAI,6eDbatxwhtitM9hJ5mW16aGFsCawhT2FEnbRwhPxizCt,meteoradbc,1791017357,0.00004211,,42119.3,42119.3,0,0,0,17913.82,0,0,0,0,0,0,617,728,,,,165,0,0,0,1,,1791075774,0,0,0,0,0,0,209,210,
1791075677,4C2i9Nwz9z3wWLYwUy6mdt84N9gwtGafXqyxyVSRzvai,Send,8KifZiN1QcPDx8zFHBaPb8PSKotvzfn714xU1f8jWEf2,meteoradbc,1791017331,0.00008182,,81828.39,81828.39,0,0,0,2339.24,0,0,0,0,0,0,50,44,,,,439,0,0,0,1,,1791075774,0,0,0,0,0,0,47,40,
1791075692,DCM699G1LZ4sughhkpQ89uuvSfE6Zwq3jMpT5xdxGVQX,PCAT,5wbmmZ82X82TdiY4M5BkGfEipAVji2jDXEEUtGtgTV4t,meteoradbc,1791017434,0.00004081,,40815.32,40815.32,0,0,0,1375.29,0,0,0,0,0,0,14,1,,,,149,0,0,0,1,,1791075774,0,0,0,0,0,0,13,1,
1791075683,7XpooMj5vCpAsEYm3va2soPKB8XWr7X23Kr12AimeoLF,Ezo,AwR8j9YvJxVwFWvuA6ojdZgnHpXk3YrEWhhR4t7uQjz4,meteoradbc,1791017436,0.00004611,,46116.2,46116.2,0,0,0,4250.53,0,0,0,0,0,0,101,107,,,,172,0,0,0,1,,1791075774,0,0,0,0,0,0,84,79,
1791075700,HNjB6ivNmcfwPZLHzoXogPTdE2pY8G4umaYSfDA4pump,MOOON,76mSx9h6HwkWmqZZHSR67wFdxSnQYHnMa9fcnR7wgoNj,pumpfun,1791017153,0.00004896,,48964.59,48964.59,0,0,0,10130.08,0,0,0,0,0,0,8,0,,,,1363,0,0,0,1,,1791075786,0,0,0,0,0,0,8,0,
1791075675,36ZYk5qbF18cg1cnsH7Pxhzpc856tgrkUdLaQHPQAvtP,Van Cleef,715o74i6hvetisnu7JVe9Zzn3KFZZLn9sy45RCepFUhR,pumpswap,1791016636,0.000002120,2133.93,2109,2109,0,0,0,93986.39,0,0,0,0,0,0,8425,8628,,,,-95.72,0,0,0,1,,1791075786,0,0,0,0,0,0,392,931,100.0
1791075689,BXcVVYNa3eojfTuJfmqEtzxHmqLJD5obUDbZiYrGpump,MSAI,UiWzhZDLxwEnfui6QfuKMDh3Zrjms98fAk4NB9wUYdG,pumpswap,1791017055,0.000002131,2162.16,2120,2120,0,0,0,174738.4,0,0,0,0,0,0,19193,20149,,,,-95.7,0,0,0,1,,1791075786,0,0,0,0,0,0,514,2217,100.0
1791075700,HUgsWdKLVgsFbuwu7TBKaZxPLquG4Uabj6pmVyMGpump,higgsfield,2Ahxme4Do8ukBXKLptD41zsG3tJ5DjmWxNkeZoq3kkgj,pumpswap,1791014852,0.000002134,2174.57,2125,2125,0,0,0,218522.6,0,0,0,0,0,0,12578,13199,,,,-95.7,0,0,0,1,,1791075786,0,0,0,0,0,0,474,2252,100.0
1791075682,72SZVRcj9VidyYRXiv97RkjTgoCYhoXPBcWeGpmpump,KOPI,HFoL8GtfUvFYW4XNtZE5fUrymJ8GoCzk7A1UhVZTTSZc,pumpfun,1791017299,0.00003555,,35558.11,35558.11,19.47,225.88,4439.84,38032.45,1,1,20,14,160,86,497,220,,1.97,12.82,953,0,1,2,1,,1791075774,0,0,18,11,122,75,404,164,100.0
1791075678,4jxHBQ5YcUeu582x4h4firETkz1MTFAfmzys68xQpump,PumpFlare,CC2fHvC583SNAUFz3qbpXFW89BnV7FEy9W6YCysrJqTd,pumpswap,1791031849,0.00001017,7174.15,9572,9572,11.69,289.08,6113.36,73366.03,1,0,12,4,106,68,1247,966,1.35,9.69,-18.06,-79.37,0,2,2,1,,1791075774,1,0,9,3,57,52,486,592,100.0
1791075683,7v9BBKkuRVRPbQhThpVsXoK466Pc8n2ckB9dieAVpump,XBusiness,3cB5XyQGc7mcUeyBE6ZkZogC5XFggEHQZ6eAHk5xWhrf,pumpswap,1791019261,0.000002126,2159.02,2118,2118,0,0,0,168868.61,0,0,0,0,0,0,14402,15467,,,,-95.71,0,0,0,1,,1791075774,0,0,0,0,0,0,441,2229,100.0
1791075695,EwMj6saeRS2LPc8x4nbNX9cnteLGVr8jiX2Y6KTdktS7,ROBOT,8USHT9LMeuJeLKw87gopp3MRjE2B8v2GG8prtzhaeE8E,pumpfun,1791019247,0.00003901,,39019.55,39019.55,0,0,0,12917.51,0,0,0,0,0,0,123,80,,,,929,0,0,0,1,,1791075774,0,0,0,0,0,0,15,15,100.0
1791075683,7Yaz7LHYfXSBaPrbskTXDEPTQTbbAhqg6bB69YxFpump,plug,GteZFaHzsnBEjjdg27VvZ8CFnG7t9s2hgAVNStzS1pza,pumpfun,1791019185,0.00002030,,20301.16,20301.16,0,0,0,603.38,0,0,0,0,0,0,14,6,,,,505,0,0,0,1,,1791075774,0,0,0,0,0,0,4,4,100.0
1791075680,6FhVPctYg363pQbs4iSvqyHe2cJzfsvFD96gePy6pump,EXFIL,2zPfdGd48k7B2U9yqZ4hJSPAPtoVU9uiEbFQYXEoeXkv,pumpswap,1791018416,0.0001334,33152.18,129854,129854,665.95,8740.38,179304.08,873403.85,9,4,63,77,941,978,6230,4980,0.01,-8.29,-41.45,171,0,0,1,1,,1791075774,2,0,46,47,397,415,2011,1843,100.0
1791075692,CkKGSFGZy9aJVBzkLH4huNo8P2YxsYXVYwFyZTSYpump,MONAWEEN,9s4E1iEmbmPiuURK5SbnajnKfmpMxMp8Gp3CekiT4j8c,pumpfun,1791018845,0.00004906,,49067.31,49067.31,0,0,0,10151.33,0,0,0,0,0,0,5,0,,,,397,0,1,1,1,,1791075774,0,0,0,0,0,0,5,0,
1791075687,AHuUZHDxRvjzWEddq6wGvk6rkJboi56zoFmuXTHLpump,Kim,BWJbWkWg1bcrhdkAiXJEFnaL3aoz8Z4ZXmE7N1RjE7hL,pumpswap,1791020489,0.000003542,3627.46,3426,3426,0,48.79,373.83,207931.3,0,0,0,3,4,15,2684,2352,,-3.19,-15.02,-94.07,0,1,1,1,,1791075774,,,,,,,,,100.0
1791075689,BGn3AF2mLUvsZFVNGsj8YWUoPc1sPMLquadxwZxapump,Send ,4upvHpqnL1VeoWRbzHW7RA5ZLhbMsjHwnTpo6BZBTf8E,pumpswap,1791021173,0.000002715,2686.92,2560,2560,0,5.86,237.91,50424.73,0,0,1,1,6,5,616,696,,0.05,5.21,-94.28,0,1,2,1,,1791075774,0,0,1,1,3,5,339,451,100.0
1791075698,GFkfaUEJApu9Jf2AmAN2hgk5SteXRXJ19opJoL5bZwKw,JUF,AxsATeRkuWjW9eP8HB6uGu6teumn1hoah8rJHZbz4KUP,meteora,1790712022,0.0004856,65502.48,438840,438840,1365.19,26439.97,564261.14,1692850.71,5,11,165,111,2880,2351,8839,7169,-3.32,-15.82,-37.15,2368,0,1,1,1,DYN2,1791075774,5,6,107,72,1323,1160,3443,2599,67.4012283890662
1791075675,2zBws6yXC8ZbRnHENvAFkiTmzqwg6YSLhFzpcydVdNRv,MONAWEEN,2EDMs32Cb9psPuvRhR8MHrzWtAary4QjqiRpK3S8KAnF,meteoradbc,1791020809,0.00004743,,47431.38,47431.38,0,0,0,20995.61,0,0,0,0,0,0,426,515,,,,204,0,0,0,1,,1791075774,0,0,0,0,0,0,194,192,
1791075695,EpYA4FL8MCiQg7FCaHBhsr8RzC7sXTNTM4ok97B7hY3J,Kim,HQEXkG8qRrjZ9YERSnqrDkSbq6511RvBC7FzazXaRtAq,meteoradbc,1791020674,0.00004088,,40886.8,40886.8,0,0,0,12674.38,0,0,0,0,0,0,361,429,,,,141,0,0,0,1,,1791075774,0,0,0,0,0,0,146,127,
1791075697,FXT7q3ijJgzDnUTiYq9CLSmLB96uNWsFCUyrMJxQBAGS,TROJAN,EupAm4Tjn2Yk3d24SS4aWYyFRYN1WRtPWKtdpGXfra7M,bags,1791020779,0.00006684,,66849.44,66849.44,0,0,0,2.33,0,0,0,0,0,0,1,1,,,,0.03,0,0,0,1,,1791075774,0,0,0,0,0,0,1,1,
1791075681,6NSxBUByyZsBs4JTYKTbvz9dPgiXRk4Yya4E7TQ6Ny6W,PumpFlare,F9sRrT1NX7shZG34J4WJ3aHw4Sj3hBKRhC81nL9eQ1sb,meteoradbc,1791020790,0.00009562,,95627.28,95627.28,0,0,0,2267.41,0,0,0,0,0,0,7,0,,,,20,0,0,0,1,,1791075774,0,0,0,0,0,0,7,0,
1791075683,7ZSn24zfJPzGiBAbSbvjfTGq4sNaumT8bWfVuEnGTRui,HERMES,4JynNNa1DDmH6jAeY4N8tA4Rw18ceL9927hQKReaMusf,pumpswap,1791019994,0.000002143,2163.75,2144,2144,0,0,0,93592.93,0,0,0,0,0,0,7539,7668,,,,-95.67,0,0,0,1,,1791075774,0,0,0,0,0,0,466,934,100.0
1791075700,HYTq4TwzJ72xDWBAs55wczeb1qQJiZpibLezM3QGWPWS,Van Cleef,5Poa71uSFDiXHbpHMvvacVjiiA1pLpujYKSrzVSnDie4,pumpswap,1791019914,0.000002149,2164.92,2149,2149,0,0,0,119453.3,0,0,0,0,0,0,10890,9825,,,,-95.66,0,0,0,1,,1791075774,0,0,0,0,0,0,385,926,100.0
1791075700,HdMhWiBCiDpyHGNW9n81q5b2BAMm5bn1e3hAueGxpump,OpenAI,EGZidbGMRqxsaaa1xNtz7iVLfJoHDrHrVpa37sTonG7W,pumpswap,1791019947,0.000002149,2166.62,2139,2139,0,0,0,79074.83,0,0,0,0,0,0,3709,5538,,,,-95.66,0,0,0,1,,1791075774,0,0,0,0,0,0,467,2147,100.0
1791075689,AznQHuzyocZYUHWqszxs6cJtS8WwEuhzPzJoqYXTpump,SARP,ESJ3iN8crzjThmSPGydnPWcHQMmspUQ4LBsfiTK8uYef,pumpswap,1790963541,0.000002541,2769.11,2491,2491,0,0,16.87,1032866.04,0,0,0,0,1,2,31348,16257,,,0.18,-99.57,0,1,0,1,,1791075761,0,0,0,0,1,3,2168,2107,100.0
1791075690,Bf9i7oG8We16XBtgeAnNB9rDBnmCZPW37P7b6a9Hpump,KIN,CbzKGHsTui4uwb5gwKUHZ53VwA1VdwWoXjZbUzk7MgvQ,pumpswap,1791026779,0.00007809,25180.19,76074,76074,198.08,3736.17,69365.57,933522.96,1,1,33,39,476,428,7660,6831,0.93,-10.76,9.49,58.36,0,1,1,1,,1791075761,0,1,24,32,258,275,2808,2606,100.0
1791075692,CvExf3iCFYw6xDX4ogf2xhWCsSWtGf8NK9kp3HLNvABg,pumptom,26yHAWmPQwrrbgymgybsJWkW5cz9cz7uVQT93Qpqif9g,meteoradbc,1791022686,0.00003994,,39941.95,39941.95,0,0,0,14486.87,0,0,0,0,0,0,511,644,,,,172,0,0,0,1,,1791075761,0,0,0,0,0,0,201,199,
1791075695,EzLXxEDKofRL3neXMsPwfepyk6Jg6madEaHuz2yJ7FoF,pumptom,HqePKfnJnd4GM76P2UmA1cxVjadtimUDR2hUYQJxBRV8,meteoradbc,1791022679,0.00004392,,43926.71,43926.71,0,0,0,6239.34,0,0,0,0,0,0,142,160,,,,181,0,0,0,1,,1791075761,0,0,0,0,0,0,118,108,
1791075678,4YF8sCgHpA29xE3piWQ1wq9FjFuMAh8ezHCfUaJXZy7J,‮DNIM,9gH4PmGYGWrYkDzJhnTupWWd1eJeqRcDd2TKEPsuFdBU,meteoradbc,1791022688,0.001109,,1109095.54,1109095.54,0,0,0,597.6,0,0,0,0,0,0,10,1,,,,9.29,0,0,0,1,,1791075761,0,0,0,0,0,0,8,1,
1791075691,CbhMM1aBUPtUkbZofcDkhx5bHSUZASKE8WCJE88zpump,VORTUNE,v4sPoj469YDyEeDQoGJj2M5UFxjJwgSaVriarTAM7dB,pumpfun,1791022210,0.00004904,,49042.66,49042.66,0,0,0,10146.23,0,0,0,0,0,0,9,0,,,,1361,0,1,2,1,,1791075774,0,0,0,0,0,0,9,0,
1791075686,9Qmz39S4LvrtsBg9MuUPgdZKfXoYYcggZKjAsFQ7pump,pumptom,4fZAQ5y8CNFbLqpAJuGwHCGdJDHuUYoej3PhCRsbUnyd,pumpfun,1791022135,0.00004904,,49042.66,49042.66,0,0,0,10146.23,0,0,0,0,0,0,5,0,,,,399,0,1,1,1,,1791075774,0,0,0,0,0,0,3,0,
1791075677,4McBPgtoNxYmzcn1jspdXnnHmmqeg1dgmiEQ8BtFpump,Meta,EbCucTvhEX6Ynn4sEa2Ud1aLRXRio1gWVAAUxxS8bGUy,pumpswap,1791021119,0.000002169,2208.98,2157,2157,0,0,0,231767.45,0,0,0,0,0,0,23732,24120,,,,-95.63,0,0,0,1,,1791075774,0,0,0,0,0,0,511,1873,100.0
1791075691,CctuvmqscoqdkZPfaJDxVt7Q6juaGuS3WCUdC7egNbdW,제로,3qkp7DJ9vRDT1QxTj8rMiEM7KUw1PrYRFQvK5cDmFNdh,pumpswap,1791021269,0.0000008276,0,828,828,0,0,0,20533623.4,0,0,0,0,0,0,14950,9095,,,,-98.77,0,0,0,1,,1791075774,0,0,0,0,0,0,5885,42,0.000000000430274465855585
1791075686,9Mi8yQkw15sVhGfSuDLMquTeFzpfuEz1zJph3aCUpump,DOT,DBKPc6r7CJo2Pi8GApYJZQWyXyn8bWHid3CfJU8UggGB,pumpswap,1791021601,0.000005567,5066.17,5418,5418,0,369.77,1755.57,758262.34,0,0,3,13,28,44,8857,7001,,-15.93,23.2,-88.47,0,1,1,1,,1791075774,0,1,3,12,20,34,3089,2851,100.0
1791075684,8LijnJ5ReyjVpNhwqMPxuAPpKBQkmCmibXDV5th7seVU,calico,Eb1zZvS7wpbZ4u7SusW6mDYw6wozP2d8fUWbVzM4jPuL,pumpswap,1791023967,0.00001869,11443.68,18208,18208,194.42,3810.56,17774.93,1332504.25,4,0,31,35,370,249,15190,11453,7.33,-30.7,23.63,-61.33,0,0,1,1,,1791075761,3,1,20,29,136,175,4535,4220,100.0
1791075696,FNityhaE6eKUAEZtwJMhwuWLEkDdW2SVUHJepLceon9j,Dug,yxPFujpKhQEcpFE5JBeeQixFDDMB4GqKL96xwvrFF2M,meteoradbc,1791025201,0.00004709,,47095.43,47095.43,0,0,0,16619.4,0,0,0,0,0,0,396,512,,,,220,0,0,0,1,,1791075761,0,0,0,0,0,0,166,156,
1791075693,DU1cDyferBdWDtGcWTfFNF1668R7nWAWQUKDCLDbFobe,Louis Vitn,J7LrzD4crLVzMVaFGYwx1fSKhzXBEJi1zp4cFDYGnkSv,pumpswap,1791022861,0.000002125,2156.02,2115,2115,0,0,0,232437.61,0,0,0,0,0,0,23724,19539,,,,-95.72,0,0,0,1,,1791075761,0,0,0,0,0,0,339,883,100.0
1791075683,7iFwYTjRYB1BFUCDoL1vsroH1Zp6vQawQmLxU6tppump,Odyssey,G6SBTAvdMn5gSU29Dh7XTyRJWWg4V7md6za3Hh1awhBY,pumpswap,1791023388,0.000002135,2166.27,2125,2125,0,0,0,168945.63,0,0,0,0,0,0,16104,17739,,,,-95.7,0,0,0,1,,1791075761,0,0,0,0,0,0,516,2202,100.0
1791075688,AnhG3PBWtJJLYFszBap311Gn1U19tjfxZRHz2DKn2wYm,Speed,DAM9uE3CgTQMR8S9SM3ritKEurexyE7eg9BWTqb3KqiE,pumpswap,1791024941,0.000002164,2187.18,2155,2155,0,0,0,92527.48,0,0,0,0,0,0,5527,6031,,,,-95.64,0,0,0,1,,1791075761,0,0,0,0,0,0,501,922,
1791075688,AZkvK2dqa38WNgpvsYZCDZc64fJPqCrvczEB4QAPNfWd,SS,4vCxWtumDyDt16xzijLXeheEcR9GVixjtxscgVPMc1fE,meteoradbc,1791025241,0.00004413,,44130.52,44130.52,0,0,0,14222.56,0,0,0,0,0,0,365,375,,,,169,0,0,0,1,,1791075761,0,0,0,0,0,0,177,184,
1791075702,fCUBpdeRn76xfRaa4UPHDauGeRG3EvMB3MjuRgdpump,DARKPOOL,3zooxCy7DwgP5oPsCmmmHoP6eJc1Ed2QeorbnEai7pgk,pumpswap,1791023441,0.00002173,12634.74,19018,19018,320.19,5138.09,149025.22,1720945.64,7,3,88,79,1295,1028,13066,10400,3.98,-28.6,-73.78,-55.88,100,1,1,1,,1791075761,7,4,50,60,419,506,4235,3878,100.0
1791075687,A3MNEUT56HhQdbuaacaPjw4cihGNaW1cSjfEaJpepump,CROW,EUxgHL1XeoqmhFcdh1czSm4ZAcCYdxgHK5zwcrpeR5rn,pumpswap,1790893006,0.000002142,2170.61,2141,2141,0,0,0,290308.44,0,0,0,0,0,1,7706,4752,,,-0.06,-99.98,0,0,0,1,,1791075761,0,0,0,0,0,1,1640,2256,100.0
1791075692,Ct5Truec2Bz49zPDh3uK4KsDuH6hY1DTYzMZamti7YEy,DFV,GJGYo4wr2zu6vkZqiLkUaRRGomSsemnLPrRFaUeopDgE,raydium,1791030187,0.00005782,21786.64,57821,57821,0,0,337.61,21316.12,0,0,0,0,4,3,172,185,,,-2.19,12.77,0,0,1,1,CPMM,1791075749,0,0,0,0,4,2,102,88,100.0
1791075675,35vYccynUHcoZUzT7iUTDuJXPY36zcPKLFhA31e9yv5Y,CAK-47,AqqNYBaP42KZSdc7rWbC1fbEh2zuSQedTyidWjpa1AfR,pumpfun,1791034298,0.000005757,,5757.74,5757.74,0,15.48,2112.18,182477.17,0,0,0,2,31,36,2878,2132,,-0.66,4.71,-23.35,0,0,0,1,,1791075749,0,0,0,2,21,32,1283,1212,100.0
1791075679,5U2xu35J4LmURGsxCPZi1ZWSBRkKExcNKkmv5Zr8pump,PUMP,8sTsyYnAquujP6MLcdLZLa2F1D6Q5jFhPMgNHixNdP4t,pumpswap,1791006124,0.00001891,10523.56,18280,18280,0,0,112.7,11729.75,0,0,0,0,0,1,88,95,,,-2.13,-61.67,30,2,3,1,,1791075749,0,0,0,0,0,1,74,82,100.0
1791075685,8oEzj8zg9bnXfcCEwqfstwJe8AoEtJdWZaCDww6Dpump,HATCH,GuwoKCn33WVKy2ptj92frc4wjQDDQzUCGJrLRnv8NDRT,pumpswap,1791035777,0.000002875,2846.36,2772,2772,0,0,18.33,100266.11,0,0,0,0,1,9,990,1278,,,-0.79,-94.05,0,1,1,1,,1791075749,0,0,0,0,1,10,567,638,100.0
1791075696,FGVQvsQktc1GyZAYRjknwQmo8pN5SvvaY59WucWEpump,SCAT,DDhr1nr1kpsGRrUJDukhrJXsQWqh2v1ivoWCQNwMK6sn,pumpswap,1791033767,0.000003416,3736.48,3314,3314,0,0,209.08,2178612.46,0,0,0,0,4,12,14517,10541,,,-6.35,-93.15,0,1,1,1,,1791075749,0,0,0,0,5,16,1743,1390,100.0
1791075683,7y9gmcqpwuvN6hFPF9m6j6qU74GLA1urLgrKXEYTpump,Ponzi,6Xwhdbc45NZ1cE6vbECVe4pMK6WVnXB4hqtSAk9aR6vM,pumpswap,1791031980,0.000005348,4826.29,4980,4980,10,95.49,8440.14,658635.37,0,2,1,8,67,159,7510,5892,-0.79,-4.75,-79.59,-89.14,0,1,1,1,,1791075749,0,2,1,9,42,139,2477,2460,100.0
1791075698,GgzPugrpK6A2LmQtq4vD3oLRJ8FFxvYdexxTbHvdpump,GAKU,Dodxevz4KpapUwFMeKLvgj4zJ8bPnUFey6Gr2UpGtVUf,pumpswap,1791033380,0.000004547,4227.92,4409,4409,0.75,78.48,4045.25,481214.04,0,1,2,8,60,116,6190,5216,-1.28,-4.29,-62.59,-90.6,0,0,1,1,,1791075761,0,1,2,8,30,106,2401,2427,100.0
1791075702,ggzv9wBJju7zyyqzo1rEe3Mk1YBCxixzo39uah9pump,HIRE,7zfdDsBSG3hH9fJE3Gyti1pFs9Sv1i5GR9JDnsoVhwgA,pumpfun,1791032096,0.00002476,,24763.13,24763.13,14056.79,16647.28,36645.49,262651.66,120,68,158,100,383,319,3187,3035,138,128,60.99,628,0,1,1,1,,1791075761,27,49,100,100,215,238,1373,1248,100.0
1791075696,FPUDkQBAMYVzbg7Rmfr83bVTUKoZ7yoGHLQZLvMvfsC7,Milly,AV7VUkUh3yBDRSwJ2SndgaSQNZw1Ac5cMfEdhxGkPqJn,pumpswap,1791031591,0.00001171,8606.29,11163,11163,0.14,641.89,23376.88,1323391.5,0,1,24,35,394,481,16973,12576,-0.06,-4.82,-70.46,-75.75,0,0,2,1,,1791075761,0,3,18,36,205,348,5266,4724,100.0
1791075692,DEFgyC6HPXdq9Qb1YUe6uekCGWbN9Fqre4EgUap3Mhe,HCAT,3PJYNChFMGydukQvkjmpCSQnwBkG6R5irk5ErFcFjfpo,meteoradbc,1790626106,0.00001764,,17564.86,17564.86,0,1517.82,5447.23,50378.53,0,0,9,7,42,47,370,354,,-0.78,-9.15,-59.87,0,0,1,1,,1791075761,0,1,5,4,19,26,112,127,
1791075674,2BcRevrDhP4MgCw2KyqByFZ4S7mpsi1vY8ZypXwepump,CAREBOND,6MCvg9asw4ziB85nfoJSbbx2oyCZjGeucVP96RbSb2hV,pumpswap,1791019309,0.000004980,4534.22,4767,4767,0,338.96,6754.91,487166.25,0,0,2,6,77,113,4945,3835,,-15.31,-64.2,-89.9,0,1,1,1,,1791075761,0,1,1,7,50,89,1587,1567,100.0
1791075686,9MoE3MqCTgv3ybHJbqKWjLhYWUNBaYWNb7N2BmUBcLWB,Jumpman,GFmJNZHTKk9iLBTgyzuRXn37YnFC2TM4REh6NYmgnUUY,meteoradbc,1791035244,0.00005367,,53677.34,53677.34,0,0,0,2671.04,0,0,0,0,0,0,56,32,,,,6.03,0,0,0,1,,1791075761,0,0,0,0,0,0,52,27,
1791075698,GFo9bgFxNe1WFPnNNsTwFx2UJi3d8U3MTDkiG7SVpump,MGOAT,GhEqEpCFkwMBhUTZJZUE5j4AXc8uW7r8E9sgXfa2TPJu,pumpfun,1791035243,0.00001293,,12935.46,12935.46,0,0,0,8176.39,0,0,0,0,0,0,31,23,,,,221,0,0,0,1,,1791075761,0,0,0,0,0,0,2,2,
1791075689,BYB1bNypDAoFW6y3Xn2kyR5ugAoLLfbNeFJKwqybZUWz,Quants,8fQ5yaLpd6fkfYCPHo2kWkoGgg9RoTHATKhyvrPexoPi,pumpswap,1791035312,0.0002946,0,294674,294674,0,0,0,2567675.78,0,0,0,0,0,0,6444,4366,,,,2761,0,0,0,1,,1791075761,0,0,0,0,0,0,2201,193,0.00000000110662955432026
1791075702,NGugGKL45B7myPDtYmxYrpz8EY957nssfDga7CkVeck,GAKU,E7ADEYMd22RVqSrNHVXMbZiRJA4TiCCV6pg1F23HooMP,pumpswap,1791035319,0.000001407,0,140713,140713,0,0,0,6977146.37,0,0,0,0,0,0,7012,4625,,,,186,0,0,0,1,,1791075761,0,0,0,0,0,0,2018,33,0.0000000000505303272972986
1791075680,5ge43mj1EYivQ8PajSyW1qKJRi9V9u51H8cYsgzY8Zxt,CAK-47,JDhBKbUX7qvvxY1xCKf9DBZgxKnEx56DZmXTbm6heccB,meteoradbc,1791035291,0.001191,,1191732.05,1191732.05,0,0,0,1341.03,0,0,0,0,0,0,144,31,,,,17.39,0,0,0,1,,1791075761,0,0,0,0,0,0,9,5,
1791075701,J9d68or9ZrCLAw6eYFo56KgykEnHkPkqnvZQnTLQfKUm,Encyclopedia,AdmHAhSKJRGhvbn7C94sMhaAEM3YRUMVHh43uJU2RETL,pumpswap,1791036988,0.00005039,20921.15,48824,48824,7295.55,17292.72,97785.03,2562181.26,64,26,188,126,1121,1037,24153,19346,-22.98,-40.29,-66.55,2.31,0,0,0,1,,1791075761,13,14,122,108,489,614,7382,6519,100.0
1791075699,H5t7UVKdb3pd9ybMRg6g3paPrcfbsww9kcDxC4zcpump,MAC,8PjZAUHGf72hXkTFqCcnv7ReiY3UzPLmJLGJfjFAoMWZ,pumpfun,1790999536,0.000004273,,4273.01,4273.01,0,0.22,865.17,71996.99,0,0,1,0,9,22,735,724,,0.3,-26.23,25.4,0,0,0,1,,1791075761,0,0,1,0,8,20,408,373,100.0
1791075675,2kyjAwwC2jA9pVwnexVjD6N7uupfeYY8GVJk8jCspump,ㅤㅤ,CuvqUwTsXjbCq66y7aVPv7MmxJAXndmbFCe4iuza9PnM,pumpfun,1791025735,0.00001421,,14211.92,14211.92,22.65,1282.58,9899.43,225820.54,0,2,22,8,150,125,3009,2541,-0.5,27.77,-1.5,214,0,0,1,1,,1791075761,0,1,16,7,95,87,1290,1198,100.0
1791075700,HaVJoTvJ3TPLcAwVjZZjko2VftMTd7mneJY9sMRCtLvr,PEXRA,AaDMJiJeUp5cmYQjG5KJfYrKhg1pgrRLL2ik3g6oG4Lu,pumpswap,1791032071,0.00001440,0,14408,14408,0,0,0,12635699.6,0,0,0,0,0,0,11054,6897,,,,26.59,0,0,0,1,,1791075761,0,0,0,0,0,0,1511,35,0.00000000109562771694567
1791075698,GQfRiDzh3wW7Ev1eFnhSFtFkdQMHH1he8fDQADuBHSa1,图力克,8jWbidrnrnpgygzeeHvCZLe5owZ36QKEyM7yNsv3f28L,meteora,1791034939,0.00004837,18.64,48378,48378,0,0,0,1727313.34,0,0,0,0,0,0,5052,2977,,,,350,0,0,0,1,DYN2,1791075761,0,0,0,0,0,0,2085,80,0.0
1791075680,6L2Xu8VbbN9bzXnzxuJTDTR3z7kTeyh8KMJY6Hrbpump,OpenAI,DMf22KZjQWwbeWaLZXN8iyi5rbZmPG2HfDF32bSvNsGB,pumpswap,1791035074,0.000002158,2187.56,2149,2149,0,0,1.19,163369.88,0,0,0,0,1,1,15666,16673,,,-2.61,-95.65,0,0,0,1,,1791075761,0,0,0,0,1,1,535,2226,100.0
1791075697,G1oxRzhFSWCUFsHoWoGr46PK9cttcqwt9mcuwACSgre2,ひめる,2PdqQ7cjPd9A1qX9qB4Qoa43SiHoiSgAnNHDf8uWv2GB,meteora,1791035158,0.00002969,16.15,29694,29694,0,0,0,550286.79,0,0,0,0,0,0,2328,1474,,,,193,0,0,0,1,DYN2,1791075761,0,0,0,0,0,0,1199,123,
1791075701,J9YnEDijKzrDy3MMPj19idRRbesJf7vPcujbUh8ipump,STEER,4BXupfoS1eLoHeqa4hzJa1GgUpuoT1YUZujdNS29EPMo,pumpswap,1791051502,0.000003307,3185.34,2962,2962,0,0,12.43,78490.37,0,0,0,0,0,8,598,725,,,-0.98,-93.19,0,1,1,1,,1791075736,0,0,0,0,160,198,345,423,100.0
1791075681,6fm4qZKbybAF5ckAytGgijKnM5PU9EkvoDPKfd2spump,POCKET,GsciUN841DrzRdQYi9WdBwkGfJEhLoHrm9MRNHpN7b3w,pumpswap,1791052624,0.000003764,3570.5,3554,3554,0,49.23,8954.57,123532.47,0,0,2,2,151,237,1780,1969,,0.36,-67.09,-92.36,0,1,1,1,,1791075736,0,1,2,3,72,167,937,1138,100.0
1791075696,FRgxtZsC3J3uePkMME9WkDUbQkQeZXpgdDGqhzRx3V31,LLM,EMXt43JcPwz4oyss9h2yWZ4ygZdfA7Btb2NhgakACFTR,pumpswap,1791050926,0.00003846,16803.78,35254,35254,1946.88,26701.95,355592.25,916608.77,13,12,196,166,2890,2500,6659,5631,-9.22,-62.76,-79.41,-20.72,0,0,1,1,,1791075749,11,8,102,115,1055,1242,2744,2462,100.0
1791075675,2hcPKT2h46AypRTx5UfFAB4RSUUrdumc5tJoGtqUpump,swordwhale,AQ7QgNPGCcN47vHfjzbk4x2vsrP2XPWiLEQBMCHWTot8,pumpfun,1791051143,0.00004930,,49309.73,49309.73,0,0,0,10201.49,0,0,0,0,0,0,6,0,,,,1360,0,1,1,1,,1791075749,0,0,0,0,0,0,6,0,
1791075698,GQ2QgEa2EbM76mNkSNZUqdhLXWb5J13kgCYJtV6U32f6,TripleT,HbKbinKThgHX6aDUtmSdKLZrLXkFpyMSdFBVNWmxoQqn,pumpswap,1791051183,0.00001565,9531.9,14243,14243,11.63,1256.58,122647.2,322218.09,1,0,13,14,916,878,2870,2596,0.89,-11.92,-22.16,-68.23,0,0,1,1,,1791075749,3,1,11,14,390,389,1236,1234,
1791075691,CPqq6ceui3H6Ye2J41dmZFkD6iJWKARqKquJjsrvTmku,Clanker,95GeFCubb6B1GcG1sEhpDYEKprnnTtXPyceQQ7PNLbzX,pumpswap,1791050832,0.00002538,13147.43,23419,23419,463.69,3584.76,108114.85,786784.05,6,4,29,34,1051,1000,6747,5883,-6.05,-23,-19.68,-48.56,0,0,1,1,,1791075749,3,4,21,32,451,541,2692,2464,100.0
1791075676,3Dgwn5E7H5a8k6iGrz3qirkaJqUaJrKHEZ2xPcLRpump,knightcat,DreMAMRc83uJtbvWuWrDqDaQUGHDbFGopmbTYbM3tJFW,pumpswap,1791050734,0.001193,106010.43,1167530,1167530,89164.42,221663.75,1362087.68,2730985.22,199,223,769,788,6925,5943,13434,11353,51.66,131,87.46,2294,0,0,2,1,,1791075749,186,156,478,448,2587,2538,4892,4111,100.0
1791075679,5bYUihkPWGph9BLyG4uUbNV634UTwjf3Ly5JEsnokbDs,OCTOPUS,2guNCTutvXyBQiAiPcBnJ9JCk4TD8yb6kyesgdRk7pFx,pumpswap,1791049702,0.00001871,11231.06,18133,18133,593.78,4279.07,119355.45,1010143.42,2,5,47,53,1356,1197,11041,9700,-3.96,22.24,-78.64,-62.26,0,1,1,1,,1791075749,1,1,37,46,544,750,4031,3764,100.0
1791075697,FUSE3in85PPWaA7BdRucpRyemH69nLQHdCU6NfwfWXqL,FUSE3,Cy197KxWvdyjeXS8k6jWoN2xKnTRku2afXAe3PebbEfH,meteoradbc,1791039878,0.00007113,,71137.57,71137.57,0,0,0,12143.02,0,0,0,0,0,0,98,13,,,,843,10,1,2,1,,1791075749,0,0,0,0,0,0,56,13,
1791075686,9S2uxYgTDM1eM1Ryyc7D4dVKEFrb2F9m8NAygyQspump,catius,F9uqdTE7VVxEXnDREYfCpMeBUE2bL1yj74J78jXaM8C2,pumpswap,1791046834,0.0007884,83311.48,768279,768279,3811.61,153243.24,629544.43,1221444.75,73,39,1231,705,13994,7253,29543,11100,0.19,34.53,69.33,992,100,1,1,1,,1791075749,19,9,522,295,3551,1995,11485,3293,100.0
1791075694,ERRZd9jeNwXxktskexuUAouvGL7wFVBgfTc2QQXmJMRk,Ouhhh,A1D4qCdPNSAvYW8Y7y5PK8bhdFxbFH11curCTeJPgsoe,pumpfun,1790905990,0.000007690,,7690.2,7690.2,0,429.54,3547.82,11057.16,0,0,0,3,6,30,69,86,,-13.77,-62.41,-54.47,10,0,2,1,,1791075749,0,0,0,3,6,28,41,58,100.0
1791075695,F4635H9HFAzYjpyM3coGMtW8pMmEYRtwrgz5mgfHpump,WHIPCAT,8DcTcUgENxjLiUr2YkR2BJHcpWj1epd16dtsWm2wJNkg,pumpswap,1791043014,0.0001043,28131.8,101368,101368,1205.19,20338.28,141329.62,259980.21,33,10,374,150,5645,1101,10850,2327,-4.03,-8.26,19.04,89.36,100,1,1,1,,1791075749,13,6,349,144,5515,992,10451,2047,100.0
1791075698,GgdAua8qfnwFKZxKEnDqTcJz5jQ81NURPWBK1qDzpump,PURRSWORD,6LPvVdHuSFBfgC5Dtx6QKUgzo6d9brJhqNhCBpQZqkn7,pumpswap,1791037264,0.0005718,74526.44,566637,566637,10537.36,140478.67,1670513.45,3370421.08,496,182,7146,2507,45952,15301,72027,23510,5.65,0.23,-20.14,766,500,1,1,1,,1791075749,32,35,274,278,7210,3420,15337,5373,100.0
1791075674,2AVjqmGbMqg7rSyHVv2deVdggsBgBtu1Bi69BUvE5WRv,SPEC,6V4y6MoSGgaF8d5Hew49RxQ8qE1XLVXBtxfee24w8VWq,meteoradbc,1791051867,0.00006938,,69383.61,69383.61,0,0,0,53481.44,0,0,0,0,0,0,339,194,,,,1243,0,1,1,1,,1791075749,0,0,0,0,27,8,223,128,
1791075679,5LwLcxRocMPrgoUNneXKkzYnwbrMKxAnhAYSPrSRVoY4,knightcat,BcW4ox4JzD9udoWtQPcWRSXx67jhxfK9LbGBYTCBBLwX,meteoradbc,1791052323,0.00005384,,53841.81,53841.81,0,0,0,8604.48,0,0,0,0,0,0,332,380,,,,6.82,0,0,0,1,,1791075749,0,0,0,0,140,125,140,125,
1791075682,6yUASnefo4k27B1g4gZ78Xb1HgPcnjSLKNXdEuwedZxm,Z,BF9uswx2iwVWctqPKoZ4zXM4A8Epo5xC7Ykfdh4nT7aw,meteora,1791052352,0.00002531,7.36,25310,25310,0,0,0,360399.09,0,0,0,0,0,0,1353,830,,,,149,0,0,0,1,DYN2,1791075749,0,0,0,0,694,55,694,55,0.0
1791075688,AUqUAQVUiJg3SjGUm7G18Xk4GhoDWeVj6Z4KRY4Cpump,PAINTSI,91EaEdwi8Hyz3HJETjv2dfgdR7xBynYRMFFdnLppHzcL,pumpswap,1791052301,0.000002485,2478.68,2310,2310,0,0,31.81,50379.66,0,0,0,0,0,12,460,514,,,-2.93,-94.96,0,0,0,1,,1791075749,0,0,0,0,269,368,269,368,100.0
1791075694,EErcs4SUJzujaB35e9UoKmdd3Q7rzCSG4bRUihbT2Vc1,ELONCO,AsfCBuFijK5F4TRBpK6Tqw45x5eAf7iRKChvqWqZd98b,pumpswap,1791052386,0.000004654,4206.16,4219,4219,0,0,4962.72,208578.42,0,0,0,0,47,78,2163,2130,,,-7.48,-90.38,0,0,0,1,,1791075749,0,0,0,0,37,65,1149,1141,100.0
1791075690,BmTC188hbhNGzfBm9UZyyjkAFKDYYrvLJGQyLKfgQ4XT,PAINTSI,7ihRbLSZzciSo68cyBjvsVBcDBWHCw4MQcuYajBxAkff,meteora,1791052365,0.00001637,6.5,16375,16375,0,0,0,314213.54,0,0,0,0,0,0,2090,1273,,,,57.21,0,0,0,1,DYN2,1791075749,0,0,0,0,1030,46,1030,46,
1791075686,9dSMwFfPezQ8WPcW1uZV7ns4rcviEj2LssSAg75WBLXd,Aiden,5VbavvxS1NLmyNJLS3QbDoRFsUHKn6rBzmfVQdWWSniq,pumpswap,1791047968,0.0004512,71083.6,418368,418368,8457.48,123979.29,1790610.23,5574745.87,70,52,969,771,11528,9544,40588,34849,10.91,-25.36,13.55,815,0,1,1,1,,1791075749,28,32,493,500,4510,4451,13193,11018,100.0
1791075680,5t9rie78rVLPPQmFxumMbdEyFqS1LgUo9yM3oNcRprG6,ALON,74C3BCcSmU93LHeXNtVnUnAZ9wgTU1eHg2HwspYukywE,pumpswap,1791051891,0.00003565,15882.96,32181,32181,0,3093.65,198774.61,644001.83,0,0,43,50,1673,1455,6723,5566,,-14,49.92,-27.63,0,1,1,1,,1791075749,0,0,36,43,734,777,2646,2475,100.0
1791075699,H7TuvDxEKygh27zGfGcjKG8JGWgrbyKpPtvJEpGosfas,CLAUDIA,C2agfYkMTrQp9G34KXcX5J44eLuUseqySZmkQUQ2fXK7,pumpswap,1791041690,0.001061,110922.41,1008976,1008976,10399.33,134147.99,2233254.22,8746060.64,59,38,807,662,10946,9893,49381,44062,-5.85,-20.85,-21.09,2099,0,0,1,1,,1791075749,36,32,398,413,3476,3827,12893,11621,100.0
1791075701,LcHkWib9GxqfhkuJgDXwrohJBLYX2gADowm26pDMugX,CLAUDIA,5p7uS9mMCKSyFowjT8ibC4dSvFMXNadzgzZR1vUi1DKY,pumpswap,1791045800,0.0003074,0,307476,307476,0,0,8535553.33,37831967.45,0,0,0,0,7470,4907,31451,21912,,,16.05,210,0,0,0,1,,1791075749,0,0,0,0,4393,51,4964,56,0.000000000357303370874951
1791075689,B2bEcw2eFAs8wopgWFtbzvx7zA8K9bnWJ3bbuTXmo5g,CLAUDIA,5WpwKqKhjC56MvDN55wgQSsxN5J1pYqeYvjgH5ZS2soX,pumpswap,1791046820,0.000002171,0,217163,217163,0,0,14528547.78,37759210.56,0,0,0,0,10952,9609,31517,23863,,,0.89,162,0,0,0,1,,1791075749,0,0,0,0,724,51,5003,62,0.0000000000387549919120266
1791075678,4nGjcXDUW1NTxsCjrL8xWzVxUmw3Hxc3Rb9DV4dppump,RIFF,14swCvDdzFFq6RaxRMjgs5QGyZ5nxV6XDoN5HioPuHCQ,pumpswap,1791052229,0.000002323,2323.35,2220,2220,0,0,10.33,37886.18,0,0,0,0,1,2,1325,620,,,-1.05,-95.3,0,0,0,1,,1791075749,0,0,0,0,1235,548,1235,548,100.0
1791075689,BXnLLGaBpvCRiS1mksB8DWanJj3qVhxgTuoc6Afjpump,GTA6 Coin,BvsiyNP1WpQ9ShvccmLV2gXE88cxWm8qkjRaVX8h8zqn,pumpswap,1791047967,0.000002163,2210.36,2154,2154,0,0,12.63,275101.27,0,0,0,0,2,1,29556,30059,,,0.42,-95.66,0,0,0,1,,1791075749,0,0,0,0,394,1944,507,2070,100.0
1791075694,EMZGhHQWyu3GF1NnJSVdKzMVGYmtceiH8QZqFw3Gpump,LAGOSLIFE,HRbRh9h6gx9utkejdYbFjcsSFCcKp4cyKgLYr3CTPCFA,pumpswap,1791073927,0.00002704,13057.54,27049,27049,2618.63,101780.16,101780.16,101780.16,26,42,1324,1155,1324,1155,1324,1155,-23.18,-45.23,-45.23,-45.23,0,0,0,1,,1791075736,11,22,747,679,747,679,747,679,100.0
1791075698,GDeKVeV3cs6UCTRDmHqZHugBmUbLLRW7hi9P91XXeLNT,USEFUL,DWYLZAoxfAbDn9VYwYBNizJCqa6MUarLgewRLJMURwmU,raydium,1791074333,0.00003251,16489.41,32515,32515,1145.51,39106.96,39106.96,39106.96,11,7,291,206,291,206,291,206,3.01,-38.2,-38.2,-38.2,30,0,2,1,CPMM,1791075736,7,3,126,164,126,164,126,164,99.9999999965853
1791075696,F6oVSkuXnKQZZutsuxr6tK3XJWkSUu6XgKzjEi3Jpump,BASILISK,4pSRz93n5U1c63dcKjueVuhMEA7UmEVvtgoxEZcgYEfx,pumpswap,1791073973,0.00008977,26003.05,89770,89770,21597.14,301759.87,301759.87,301759.87,637,356,5648,2271,5648,2271,5648,2271,-3.95,24,24,24,30,1,2,1,,1791075736,118,67,3540,1570,3540,1570,3540,1570,100.0
1791075694,EKJQb4Te8jk7BX4fj7P7nNzAyk3LXAQDUy5m6NkvbsH6,GS,GLqfzN7cBg9iCQQRd1RNt6M2cgvkDyVsvC5UH8ScafBi,pumpswap,1791073318,0.00002577,13092.18,25776,25776,7611.2,523332.15,523332.15,523332.15,93,112,4766,4066,4766,4066,4766,4066,-15.27,-46.91,-46.91,-46.91,0,1,1,1,,1791075736,26,58,1901,1719,1901,1719,1901,1719,100.0
1791075702,V9zCeRU67pBUXYwKz6A7aL1pXCJBXRVhC3NAWhLpump,PHONE,5rmq31AAYiZqsVfWdD7AQ5DnvKEp1HgC468EMeUajuc7,pumpswap,1791072660,0.00008261,24655.22,80530,80530,3889.01,181192.7,181192.7,181192.7,24,13,1142,1104,1142,1104,1142,1104,44.11,67.05,67.05,67.05,0,1,1,1,,1791075736,9,9,710,662,710,662,710,662,
1791075686,9c855tPx7LgWyVS8CgHgnMEw35yr1zUqj3x1ioiXpump,Offbook,EtoEzUsSJ3qv4QVemFnZqn4wuZ6xUdkMWCzejtpxLMdr,pumpswap,1791071366,0.00002542,12549.89,24081,24081,58.54,3493.13,24846.78,24846.78,0,1,32,41,235,257,235,257,-1.27,-2.56,-47.6,-47.6,0,2,1,1,,1791075736,0,1,26,43,159,177,159,177,100.0
1791075688,AVKpeeWaCku3Mni5THbY4bkBnMrPzAEnnQKtP3wPpump,CARNAGE,BTKS1a21rbBqcX9cM5xYrAwsSp2UTu8YE8b2AzpH7WBK,pumpswap,1791070439,0.00005706,29082.65,37451,37451,3298.39,73551.66,97820.32,97820.32,58,18,1652,902,1912,1135,1912,1135,5.8,16.34,19.36,19.36,30,2,2,1,,1791075736,27,12,1497,837,1773,1040,1773,1040,100.0
1791075698,Geb69EBttATHG9jHZqsZRPJTfoNZRRYNdVciE9KEDD9A,ROKO,28fztJSj3puBnFWMaodTUu5Bo5im6dxLeNihg3Mrmhti,pumpswap,1791072114,0.00004226,17140.2,39599,39599,15313.31,310868.2,318850.34,318850.34,158,83,2630,2075,2675,2138,2675,2138,-42.5,70.31,-14.41,-14.41,0,1,0,1,,1791075736,39,31,1024,854,1238,996,1238,996,100.0
1791075691,CZJfrAmMs5Cz4H22PWzfqTJu5FkP7Q2Vvx1oPVL9pump,AGENTCAT,HyLTPacbYR4V8yQw5bbWwAETZkjcsRw9xzCbayMnU45o,pumpswap,1791067977,0.0005508,68097.35,546764,546764,1561.37,40837.51,722475.74,722475.74,14,3,468,114,2624,1299,2624,1299,-2.44,15.84,535,535,0,1,1,1,,1791075736,2,3,334,58,1207,332,1207,332,100.0
1791075682,6zzzG49KX5nksnqfogs31dwoMYSHaJXkropKbv1QZVga,Malfoid,6wXTJaLNN3GCUJajJ9Vj2te51zsNgPVXV37EbFGRAjLz,pumpswap,1790853358,0.0001387,32910.53,131973,131973,0,2931.36,57811.93,125434.47,0,0,28,14,399,297,881,686,,15.63,35.88,97.99,30,0,1,1,,1791075736,1,0,19,12,166,136,323,298,100.0
1791075685,98S3A9sgLHhdUHUdpviZQrbEGsXFMf4ZXfNRBpeMpump,SOLMAS,7jz7yfAEG6YNgRUBP3Qubx9h33ZVKmijTFqtFJgwnwEA,pumpswap,1791059712,0.0001666,36708.59,158728,158728,634.7,22125.51,549074.96,549074.96,83,64,1357,4584,10507,39411,10507,39411,-0.48,-5.18,237,237,100,1,2,1,,1791075736,25,30,837,860,5394,4637,5394,4637,100.0
1791075697,FTQZZ7qFcvAx5Nkk8nN19Z3GrxxJmCtKpnLUSSQHpump,PYRA,6EyvUVF6fuLuHMnqWuHRgG3FuPXWm7MNQy8X5NZkiiSS,pumpfun,1791028635,0.00002324,,23247.73,23247.73,25.95,2006.68,16553.07,74247.37,0,1,39,27,235,159,1215,1158,-0.44,8.68,70.27,574,10,1,1,1,,1791075736,0,2,38,26,147,97,532,410,100.0
1791075685,9C6yF9yAXeAjTFDoT7csVxtcnhakcfFM4hGxyybi9Dte,Tvis,DREJ3ikHXv9HbXvMA4RTdfaJ6GWco1AhZej2xZvDgK82,raydium,1791055654,0.00001109,11343.25,11097,11097,161.65,682.32,18799.64,18799.64,0,1,2,12,187,129,187,129,-5.39,-15.39,82.62,82.62,10,0,1,1,CPMM,1791075736,0,1,2,10,119,82,119,82,99.5024875601232
1791075675,2znyr6uk79b92wDS4x2idar6ASamEmr3GaBJ7Sievg6d,FOMOINU,AGoBJMrzUdMipYErDTuiHMuR5jQemY9kiVYhQgNsSvvN,pumpfun,1791061415,0.00002935,,29353.7,29353.7,27.74,602.33,45214.42,45214.42,1,3,18,15,546,235,546,235,-0.12,2.68,676,676,100,0,2,1,,1791075736,1,3,14,15,212,96,212,96,100.0
1791075700,HmkiLg8BQnXMexzKJYFsMjbq82sFcqFXXfJ78CYypump,PAYR,BeS6PZpnnfuQruN7vdiy7T6HNtKBHp8rXoBojLfe7c4U,pumpswap,1791059028,0.0005117,69825.99,503488,503488,17590.92,284498.48,2509532.49,2509532.49,340,227,5794,3075,68700,49379,68700,49379,2.85,11.39,554,554,500,1,1,1,,1791075736,49,57,1866,1370,9295,8070,9295,8070,100.0
1791075701,J6yUJLiLywR9CugELcdkpPjG6eZN3FVjHUjMP5jXpump,SA,Be2tZihvmDLs9DHps9wEWmxC5tXGHGhJMhZtry7SVnTw,pumpswap,1791056663,0.0006200,73841.69,608070,608070,8138.67,123091.27,1230619.44,1230619.44,229,22,2967,326,27281,4069,27281,4069,-3.52,-22.98,921,921,100,1,1,1,,1791075736,66,11,2123,235,11940,1866,11940,1866,100.0
1791075687,A5ffnvMhrXCoN6y5iDdj3LdScSGfwofvDym7v3hNYb97,TRADIE,2owmkibn5fX7Z5GojaP8deFTv37oY5gXJJ5Xy5q4aSe7,meteora,1791057128,0.0009548,46760.49,1021619,1021619,1026.95,13821.74,75703.47,75703.47,59,19,875,304,3511,1226,3511,1226,0.31,-8.22,36.2,36.2,50,1,2,1,DYN2,1791075736,25,9,684,266,1694,793,1694,793,100.0
1791075690,BmSgTAafbBedu9ccUahU9Hjd42fyWpLxBNr8qUnRsSjT,FUND,52qbZwi4sHDd7yR9fP2dUxpac8SFESS5YUxqSLy5SXtd,pumpswap,1791075507,0.00003919,16110.41,39199,39199,59515.18,59515.18,59515.18,59515.18,896,683,896,683,896,683,896,683,-20.63,-20.63,-20.63,-20.63,0,0,0,1,,1791075736,278,216,580,524,580,524,580,524,
1791075696,FK5iG2RWDn1W8sPmhKdomnYgVtdRrWkBWkarENgepump,ARROW,497jDKPRmTR1QhjGsdJ5UnCrUJd4GjtFixEqFLRbzAvD,pumpfun,1791075519,0.00002292,,22922.08,22922.08,25655.58,25655.58,25655.58,25655.58,282,131,282,131,282,131,282,131,447,447,447,447,0,0,0,1,,1791075736,72,68,245,137,245,137,245,137,100.0
1791075689,BXoHJddsWJLHtAopeiSbKUSELsu8hSFMs8baGMDkpump,CRAWL,2B8tftZ5ww8TREMr3pgkgERLNjJyJxEAPWMENViGMsL4,pumpswap,1791065290,0.001806,143935.3,1769670,1769670,160073.32,922256.61,7063185.39,7063185.39,542,457,4291,3869,39314,34741,39314,34741,21.21,150,3553,3553,0,1,1,1,,1791075736,248,231,1870,1841,11069,9154,11069,9154,100.0
1791075679,5buBKbJ2re9Qfu3gsiT7r38PUDr1amG6AFEfdtkHpump,CLAUDEMON,HTpg3z22ckPqhNM4FwFNKFnqGe2wXej43ggKfxV4LweE,pumpswap,1791075289,0.0001052,28358.69,105247,105247,226455.59,291840.63,291840.63,291840.63,1132,979,1525,1257,1525,1257,1525,1257,64.46,107,107,107,0,0,0,1,,1791075736,328,264,782,538,782,538,782,538,
1791075683,7bC8ugu1ZJn21MhA4ht483nX8brLNesa8R7XLimpFyhq,SPLICE,61Xw4Vm2AHZiQ2bQPtHZynuHoDzpJ2TKnYNjHN4Sjpmm,pumpswap,1791068285,0.0007329,84045.88,709802,709802,57466.22,2230701.53,2706091.19,2706091.19,477,404,14095,10563,19875,15104,19875,15104,7.37,422,1387,1387,0,1,1,1,,1791075736,132,120,4826,3349,6561,4859,6561,4859,
1791075685,8hL7ZVMKvkXpk4qxPx5tRpP7SFSQib5etuAkoqq4tvH,Agency,7tTFLApejQXRvuCTY9CYsTyZTBfKpP41rKCn11iCCYe2,pumpswap,1791074360,0.000001324,209514.5,132477,132477,725385.13,2387950.36,2387950.36,2387950.36,701,445,2534,1600,2534,1600,2534,1600,4.43,66.52,66.52,66.52,0,0,0,1,,1791075736,144,49,739,56,739,56,739,56,0.0000000000396392499872547
1791075691,CWLPYv7CJLn37Fp5LQcz3q9NdNbbDJAzAVCoqpX98GTa,BUTTHOLE,DkFe1ChuzS89WWNMRxY6Lqr5Pb9wekRH4hKv4QcnPr98,meteora,1791075181,0.0001221,70687.03,122196,122196,496864.54,740254.24,740254.24,740254.24,1916,898,3347,1751,3347,1751,3347,1751,369,1097,1097,1097,0,0,0,1,DYN2,1791075736,530,113,1985,125,1985,125,1985,125,
1791075686,9aJnnQYxmFJuDmS5HwgBkXCDbJJeJ8JqQkK21urFpump,IBM,14HqJbJTs54kVbdwPwHG6EGdsNfpF3B7XQCFprEpG8A8,pumpswap,1791074241,0.0009198,86204.7,919835,919835,6210.44,51755.59,51755.59,51755.59,1306,1180,6492,6104,6492,6104,6492,6104,13.15,1745,1745,1745,0,0,0,1,,1791075736,235,213,437,420,437,420,437,420,100.0
1791075697,FuYDerPp6k3eQMj6odzKzxGyh1jbtpPpFBZeRNXBFG2G,Haaland,8DinVg8UAoBTNma1rJSKytXBrvycTxc9SFQaWJKV12pC,pumpswap,1791075330,0.0001061,27900.6,106101,106101,22130.54,41075.92,41075.92,41075.92,2012,1487,2792,2064,2792,2064,2792,2064,-74.22,113,113,113,0,0,0,1,,1791075736,120,117,146,130,146,130,146,130,100.0
1791075696,FM6ZwSJBCrw42tJDGMpt9q5tw9VR4t4hcDJiLnYReKvU,TikTok,B4Rm4BREnsBAKoYhdpXTPxZ8dHd7oiLKZFeEDU6EA99y,pumpswap,1791075480,0.0004058,56500.91,405892,405892,18188.25,18188.25,18188.25,18188.25,1582,1174,1582,1174,1582,1174,1582,1174,713,713,713,713,0,0,0,1,,1791075736,280,258,314,294,314,294,314,294,100.0
1791075700,HFMVAdQxHfniRdTqRUNXjRdLiJPyJ73PGcgGgN7dpump,SpaceX,27pz4WNECRzzSbXSd5AExo54Ervb1KALU58MeLbHvJKU,pumpswap,1791074450,0.0008095,80750.76,809574,809574,7898.48,54812.19,54812.19,54812.19,1482,1409,6425,6130,6425,6130,6425,6130,17.71,1523,1523,1523,0,0,0,1,,1791075736,237,226,441,416,441,416,441,416,100.0
