ts,token,sembol,pair,dex,pair_olusma,fiyat,liq,fdv,mcap,vol_m5,vol_h1,vol_h6,vol_h24,al_m5,sat_m5,al_h1,sat_h1,al_h6,sat_h6,al_h24,sat_h24,deg_m5,deg_h1,deg_h6,deg_h24,boost,n_web,n_sosyal,n_pair,etiket,gt_ts,alici_m5,satici_m5,alici_h1,satici_h1,alici_h6,satici_h6,alici_h24,satici_h24,kilitli_liq
1791086564,3ATzi7o1pfpJE2g7zBMJhT3g3UunJQmEZvMrpMp7YnYr,SANDICK,56yTwbs5HYUgVYYMNjYGzndtv6LDb2rB1Tyn3ei5nf6X,raydium,1788710203,0.000008979,8621.57,8979,8979,0,0,0,11.7,0,0,0,0,0,0,1,1,,,,-0.38,0,1,1,1,CPMM,,,,,,,,,,
1791086564,2bDQvnvwd7rNbm4o3JNdN6z9c7MVzp4yqHJPNXPiSTNK,BITCAT,4A8GQDDuye6feH17QqKK1bxK4czznVhcD9oUhyXt5f7H,raydium,1789018057,0.00002192,15667.07,21921,21921,0,0,457.35,2685.61,0,0,0,0,6,8,36,19,,,-6.03,-9.94,0,1,2,1,CPMM,,,,,,,,,,
1791086569,8iYPW781jBDu8zkC6PFY8WpvtbHxSVMgBX8aPnNmRY3z,EMBERCAT,EiZvARbXzfx9XbMTJygS8LU8rBjwhV2Bw9ZG82cXcEku,meteora,1789024501,0.00003437,21594.57,34371,34371,4.83,561.51,848.82,7670.3,1,0,7,2,8,9,56,67,0.38,-6.73,-5.79,-10.83,0,0,0,1,DYN2,,,,,,,,,,
1791086571,AY9mRp4v2SoSDr2c8n1AesFohntEu2nw2oLZTS4E7oLv,M3M3,38wcUgK7BpGmeg8LFEcAGXyuXVk2UfZ9D4jMwKfz5s7m,meteora,1788999675,0.000005502,8246.54,5503,5503,0,0,0,105.54,0,0,0,0,0,0,3,3,,,,-2.37,0,0,1,1,DYN2,,,,,,,,,,
1791086564,2fWzx35rQMAATQGhJzVTvzeXHcenCQLqCog9Jkg5pump,LAMA,CXKwgui737V9EDZKLtU5AeHQnWX4kNTnn3gGQT9Tf6wK,pumpswap,1789181945,0.000009685,8690.25,9412,9412,289.59,361.7,5426.57,23759.64,4,2,7,10,51,41,269,189,-0.04,0.74,-39.84,101,10,1,1,1,,,,,,,,,,,
1791086577,J8X5ygWHY5uHFch7m3MisSC7eDAWpAkgi1pyqfT5pump,revolve ,zf7uTK56DM7en5KXNvtPD9AT66BamJb6DfZuqBhVgBr,pumpswap,1789191319,0.000004080,4471.79,3614,3614,0,0,0.71,0.8,0,0,0,0,0,2,0,3,,,0.55,0.55,0,1,1,1,,,,,,,,,,,
1791086571,AqoPZcUumKUBHrnfBsNtoNuneYEjoimaiWYq8GH8gpX9,STONK10,nEnhtdXrHocxDQnmfTWgaLodJP8jxFbY6958iv28GzV,raydium,1789264359,0.0001283,42446.51,128347,128347,0,593.37,3461.43,19337.81,0,0,4,6,39,27,212,141,,5.73,2.94,-31.12,0,1,1,1,CPMM,,,,,,,,,,
1791086573,DAWSx42bkWESmss99qtQdrBggRKCaB5bFVt3q2vcPzVo,DAWS,DnnsZDYJXtUR1LUAmQDZTjQMpWoRFhaKjmUy4Q9i6k27,meteora,1789266853,0.01531,61434.09,5763853,5763853,0,39.6,1273.9,2806.07,0,0,0,1,16,6,44,14,,-0.41,1.21,3.29,0,1,1,1,DYN2,,,,,,,,,,
1791086577,Hy1LfQLL4zLQihmiQKZm7DQzXm5K8aVSfKtdHFYXbKMm,AMBA,6c77ogPMSVy3QYbDuFuSGCiQAytqwRGLN8qTfrWbTCxg,raydium,1789037713,0.0003180,59141.58,318014,318014,0,1074.29,5864.58,30991.63,0,0,6,0,18,15,166,119,,7.68,17.28,10.3,0,2,3,1,CPMM,,,,,,,,,,
1791086567,6A33arqkS7JJMb5ZNQsWE9Brm4t1nc6ZybNvCx8K8L17,ARMY,4ZJxcSTVYGKQDKY2WtBY7WAcmizA5rAL6QALjz9rqEpY,raydium,1788690832,0.00001530,12261.42,15303,15303,0,0,114.58,919.97,0,0,0,0,0,2,5,13,,,-3.79,10.31,0,0,1,1,CPMM,,,,,,,,,,
1791086564,3937Rsye62a53Y5o3UVG6gDPk8whAnKq1sxCV3Xu8YLP,DRUGS,G7k3VPqq9e1wPQ89x2fJnmAtTsndQi24VjKtoLhpm8WQ,raydium,1789265921,0.0003094,53844.42,309498,309498,0,340.23,10308.57,10409.96,0,0,1,0,14,35,14,39,,2.79,2.45,-0.36,0,1,2,1,CPMM,,,,,,,,,,
1791086575,GXrRDTMJ8w3h8xh4cftQunC3yAafhHRPF5enUegSiKDw,GHOSTKITTY,7SBS4seXD2dzMsDVTSJiTdBGTq59R42XYGUBX4UeXPrP,raydium,1789276085,0.000004785,6218.45,4786,4786,0,0,0,10.39,0,0,0,0,0,0,0,4,,,,0.18,0,0,0,1,CPMM,,,,,,,,,,
1791086569,8WXiWXTMNPxmzpZdEmGBYNc3j7B5n3VEqgD6LjXAx2Xp,LOTTO,8j8B5k7q6wHEyozNdez6e6pjNAV9YfjiuYJAjbDy8Yg1,meteora,1789207392,0.00001358,1385.17,13097,13097,0,0,89.43,372.43,0,0,0,0,3,3,5,25,,,3.66,72620,0,1,1,1,DLMM,,,,,,,,,,
1791086574,Du12R6ZESJrfC6VDcqVwQjLyw6AbA39VW9NZhjTzSTNK,NINJACAT,9yz1xDFtJJz9uhrHw5tvh1HPT8isZUywccK7osPm5UfD,raydium,1789347778,0.000004584,6323.84,4585,4585,0,0,0,105.28,0,0,0,0,0,0,0,2,,,,-2.43,0,1,1,1,CPMM,,,,,,,,,,
1791086572,Cf35k1qwZ9dMpxujKwoRizfpZEBb45azg3oa2aSmtcbY,ZELDA,4vEtdqjxaEt6hJ2gMKX1zibmxwpsgmMCvNSrXdup8xzE,raydium,1789330762,0.00001855,14303.08,18555,18555,0,10.23,15.51,620.81,0,0,0,1,1,2,5,6,,-0.68,1.09,-0.64,0,0,2,1,CPMM,,,,,,,,,,
1791086565,3UXV8g2fqQ1NN75KqP3tYMngencsH7j5i9g4i3pVccNb,POORGOAT,Gy21pSwf28P5URvxbzhd1GjwLuTn4vsnHMWNQcdg5Pqb,raydium,1789351203,0.000005793,6876.36,5793,5793,0,8.75,429.26,1252.67,0,0,0,1,2,4,11,9,,-0.53,-18.45,-6.7,0,0,1,1,CPMM,,,,,,,,,,
1791086568,7ghKoBZBAjGSgbxix5K5kFhQzu9mxVmbdPxRT8j27eEo,ETAC,Dj3LKxwR5NEajJBG9qcZgi5MeXnigVBAcJinYY6AuvKw,raydium,1789354413,0.0001297,35200.95,129771,129771,0,0,936.86,10417.44,0,0,0,0,23,14,67,61,,,11.42,11.21,0,1,2,1,CPMM,,,,,,,,,,
1791086573,DhM9xy8gQzZmjoCyyCNPn57nMPPBGgXxj6rXtJnpump,ETAC,K5H1yw3yKqxshy6Q9zP32Tym69k5UZSPJvps3uxiXNg,pumpswap,1789355919,0.00001717,13542.74,16651,16651,0,129.37,129.37,322.32,0,0,0,1,0,1,2,2,,-8.62,-8.62,4.89,0,0,2,1,,,,,,,,,,,
1791086566,4sgjzB5Nc49SUB4xnb3MC2H5dVkKvimfFN5AsJuVs5U7,CINNA,EMvX5Fr3V96wW3nVJtaZqJxEBCB2BHcrt6i83on9XkWR,raydium,1789250134,0.00002662,15811.87,26623,26623,0,98.86,124.49,591.99,0,0,1,0,3,2,5,12,,4.27,0.27,-8.38,0,1,1,1,CPMM,,,,,,,,,,
1791086565,3RXvQuQn4RMg4GUJK6gmDM47dN5vH5vjWShugWzYpump,國語助理,9EuJwMT4dFt4ZHkLdj7wNdAjfx7BjybWRt4iKF6Jynzu,pumpswap,1789435628,0.000003324,3508.74,3187,3187,0,0,0,6.31,0,0,0,0,0,0,0,2,,,,-0.02,0,1,1,1,,,,,,,,,,,
1791086571,BaxP2dCmFRJfFTnY5jVcGdL9uRPJDrgD8yUikGHH7RYS,BULLGATES,DeT64arBQVdZRae2ayGN3wYLGwAM4xqVZpsJPsHAUdeS,raydium,1789437896,0.000008717,8600.15,8718,8718,0,241.18,285.72,290.49,0,0,1,0,3,0,3,3,,12.23,14.74,14.66,0,0,1,1,CPMM,,,,,,,,,,
1791086571,A9AHYeqb7nQk7LZUraw7rBCzYRjy2DRvE6NqWfFHKRdH,HUHCAT,BNpwtuYGve7G1v2NFaRQVCFvcU4CzjvwAmdUxEVQYvrd,pumpswap,1789438375,0.00003594,22294.91,34500,34500,0,0,907.24,6698.09,0,0,0,0,9,8,73,60,,,-10.72,17.51,0,1,0,1,,,,,,,,,,,
1791086578,gxPoy3LioMo8FxrXHuqzFwg2R2JafQRe5tAsgPQpump,LELD,4CbBs29aUPeEAatSu1eLrHoX6KEQnefGyLUjdFv5B3eU,pumpswap,1789441988,0.000003580,4131.01,3316,3316,0,0.07,10.07,37.22,0,0,1,0,7,9,33,29,,0.02,0.45,0.98,0,1,1,1,,,,,,,,,,,
1791086571,AL44bCBjmdXQzdzSacvsaMRNM8kkdA9hmymjb7eGSCeW,TRUMP,AGM7sDWzbyC934xqrDjySghD6VLEUgPworsxF9cvuzNY,pumpswap,1789521634,0.00001035,9362.15,9901,9901,15.57,82.56,2971.27,3669.21,0,2,1,4,38,34,51,56,-1.5,-2.33,-7.56,-20.15,0,1,1,1,,,,,,,,,,,
1791086572,BxftAowY2dVa2h9KMqDTPk4oMxzU9k6uVbZuoorXpump,Holdoween,Apy5FShcDSLdyYSH4HWgY8zSFj4At8FbKeHZF3D72e9k,pumpswap,1789520236,0.0003996,65874.14,388825,388825,2.47,3529.11,23412.76,105898.61,0,1,34,39,200,2801,972,23531,-1.34,-5.12,-0.61,-37.35,0,1,2,1,,,,,,,,,,,
1791086565,4R2vepDVY7Gdcm2VKuAy6EbBfWsYSEsDJou1QGKuMfnf,POT,DAbSqjHryfMDqN6Vj4YF28SSmZftHBYzueM8ykTyQPHZ,pumpswap,1789522856,0.00002554,18945.97,24460,24460,22.2,1211.8,1681.15,2729.93,0,1,3,3,5,6,18,25,-0.97,0.48,0.26,-3.24,0,1,1,1,,,,,,,,,,,
1791086566,4ZYonK7RhCaQ24YmGDwJpz1g8WbjyrLZQ8AcXf28WYPt,POOL,J4pcSXKUu6cfURvCrrrujPp73BxUyUr4mDLFxhjwAsi2,raydium,1789326308,0.0004877,68459.65,487707,487707,0,1833.34,15673.04,53749.98,0,0,13,2,140,40,335,159,,11.49,-25.92,-47.48,0,1,2,1,CPMM,,,,,,,,,,
1791086575,Ffbq7n4yHbGABdRTdNsuBKVSz4f2mV7HoVG4UwRGgYvn,UNIPCS,HPusbiiRMDC2TRe6uiVeGjwNFn48cpSh3jxarA5ik6Ta,pumpswap,1789528600,0.000009466,8049.69,9354,9354,0,0,15.87,596.92,0,0,0,0,3,2,6,8,,,-0.89,-15.62,0,0,0,1,,,,,,,,,,,
1791086573,DRMnFyekQiCTMrajtgsTycqp4ie6r1tZnh6qpAGjpump,USDF,Azyy8ibM2bbPAb4BS9JkDm5MbcCHohBCJZCNPyaCVdCj,pumpswap,1789361482,0.0001804,39565.3,173542,173542,0,368.36,5261.88,18804.03,0,0,5,8,63,37,182,106,,-1.32,18.74,77.98,0,1,0,1,,,,,,,,,,,
1791086578,mMHUFPJma7sGuFxYteoHJkfzb5iW6oLxsvVnUYfSTNK,LinkedInu,5mM3i5gZ8KGjJc4MRMsvdUWRWaiW5i1rfUSfvkpXQXg8,raydium,1789598251,0.000002519,4526.59,2520,2520,0,4.84,4.84,4.84,0,0,1,1,1,1,1,1,,-0.26,-0.26,-0.26,0,0,0,1,CPMM,,,,,,,,,,
1791086567,6JrR1iqPdinYTNvNPWTR2P7e2wSJ1rwdsrKGyhnzjUVr,wifout,6YxMPqMWHVq6NNdfH2cgJFWjK6fwa5KUbixgszauenbP,raydium,1789482058,0.0003459,65667.43,345977,345977,0,155.36,5045.76,31064.67,0,0,1,2,19,38,135,167,,-1.21,11.34,-3.15,0,0,0,1,CPMM,,,,,,,,,,
1791086575,GgePjaaXRYgU5foqPjbZANbVHGqJY7gTCoeYq7vjpump,ERROL,5XPbhhXrPQMjm6aYNp47RH1WHDRGLZkhaRWwZcHspAoM,pumpswap,1789611112,0.000004543,4802.42,4433,4433,0,0,6.56,155.16,0,0,0,0,0,1,1,5,,,0.09,-8.51,0,1,1,1,,,,,,,,,,,
1791086566,4kHRNYgRxtvHwpD2nAUFsZr8hSvFNPqthHHfKy8X1enE,NOFACE,At6nUHZbRZa9PkqBfEqDmmULLJedzQJHUap4T3QDVRCR,raydium,1789609497,0.000002823,4603.85,2824,2824,0,0,110.04,252.09,0,0,0,0,0,3,4,6,,,-9.6,-0.4,0,2,1,1,CPMM,,,,,,,,,,
1791086572,CMMtMtYqsELs4PNvGRM76eVuKFEsDCXzUNQuLEH97ebL,wCat,BvcHLM4SEK94d2xwqiJ2btgSSWWzAwDdiJ1KdUXszgJ5,raydium,1789693307,0.000006059,8004.9,6059,6059,0,0,0.16,172.31,0,0,0,0,0,1,3,8,,,-0.95,-4.85,0,1,1,1,CPMM,,,,,,,,,,
1791086566,541vHPysHQJnxW1sH728mnxqPsRW3JukWaUtbWEMaDj,PLAT,6khf2Fs6KtHRUfJyELoJhnc1bsB2eCfRCKjJxQ8Zt6KP,raydium,1789691557,0.000002906,3204.32,2906,2906,0,1.26,116.89,472.39,0,0,0,1,6,1,15,11,,1.16,32.11,-35.33,0,1,1,1,CPMM,,,,,,,,,,
1791086567,5pTy48gtfzaR8NPUVZTbybVUGpQvFT4JsNHzwQE8pump,SNGLRTY,Bt3hVFAdbP9BFEpNQzvnZ4v6jdD6dPaDWeZq96u1jbsr,pumpswap,1790474108,0.000009611,6912.97,9200,9200,0,0,1124,4071.69,0,0,0,0,6,9,23,21,,,-1.26,-14.71,0,2,2,1,,,,,,,,,,,
1791086565,3c7mmVSyEH8jfZXgxvpLsETtko1Y16DyRJ5XYB4snhGt,SANTA,GSdTwSpxKyrBhsEYUMpCNfDGTEzrKX5L1tNhpHenbcNj,raydium,1789676363,0.0003985,36924.3,398515,398515,0,215.98,6177.85,20324.16,0,0,4,4,117,80,258,166,,-3.02,16.21,-16.33,0,1,1,1,CPMM,,,,,,,,,,
1791086574,FBXFv5NuuudwsDh3Q4MRGwD8EeoC2tKToAMErdqx7p3U,TAZ,Ho4wHyYjmGEgmg7c4tigmX6e8KRHwzGQuGqC9HeJkGGV,raydium,1789680482,0.000002829,4569.75,2830,2830,0,0,0,45.08,0,0,0,0,0,0,0,2,,,,-3.42,0,1,1,1,CPMM,,,,,,,,,,
1791086578,y2sCF2KcPxZ5o4bmwJ3M9P82k2h5excdet64z62Ffav,ZATOSHI,7rRPTQiLgV7noftwMCuCD4wWUrJkhuVRE8DDhEEabnu2,raydium,1789699758,0.000004565,5741.27,4566,4566,0,0,6.31,60.24,0,0,0,0,1,3,1,14,,,0.39,-4.89,0,0,1,1,CPMM,,,,,,,,,,
1791086572,C4proDKqPKSdvTjhi8AGEWtLuea1kKT4k8RCvM9riYPw,INU,EPc3cZ4gZFiRZcapVuhdyeztTwBgNY7TUkchcGke61Sd,raydium,1789712075,0.000005306,6421.91,5307,5307,0,0,57.52,57.52,0,0,0,0,5,1,5,1,,,2.41,2.41,0,0,1,1,CPMM,,,,,,,,,,
1791086565,3w1T8HXSZ2axXv3YPXFGWdLRMYRVNBGcntuJRM7vC7Da,NOOB,E62RcXkwpax2GiYRKRZoGhYpfNociaMVL61mcMWrBMPp,raydium,1789710220,0.000004388,3153.8,4388,4388,0,0,37.21,181.31,0,0,0,0,5,1,14,8,,,21.1,4.22,0,0,1,1,CPMM,,,,,,,,,,
1791086566,53rZTtfGghxqdd6qTeDdfS8MBqg2CTyQeLW1LHCRpump,Pigeon,EyTL6ovdNrrnfyuvfsEkFDAmGk8nbt2dkxG6AdubaXC4,pumpswap,1789783333,0.00001402,11015.47,13384,13384,0,139.2,2722.28,5143.31,0,0,0,1,15,14,57,51,,-5.55,-0.38,-3.59,0,1,1,1,,,,,,,,,,,
1791086567,5oYh831YeK7cJ3YFLF1bAyCTDqPLzxETdQev5exy8TGA,HOODCAT,CB3ofejJiuXP5DgfvPVJm9Sw9WzWgMZCqZLSsjejHCx5,raydium,1789775602,0.000006665,7477.53,6665,6665,0,301.16,361.96,574.01,0,0,0,3,1,6,4,9,,-14.57,-16.97,-16.05,0,0,1,1,CPMM,,,,,,,,,,
1791086575,G2DPFQW1gdjrYGXmr4q1eZjJUAAU1byv99TtUUm4pump,hoverfly,G4aZ3dTNY5sFPY9rQbv2p1pY5XXcdmTFYFx4tUR2uCgJ,pumpswap,1789782957,0.000002642,2934.44,2573,2573,0,2.09,4.47,26.18,0,0,0,1,1,5,24,20,,-0.7,-0.53,1.02,0,1,1,1,,,,,,,,,,,
1791086565,4GdoeUFWMp5JMrtFd4TKHRAGdfBAySeF6rSHjpuDDkzK,ANONYMOUS,4Fe4XKrVnEJ5gxfcTozHCJqbkpB9FiqXDKNVkZfdREyR,raydium,1789783484,0.00005313,19865.97,53132,53132,0,322.79,638.86,12352.03,0,0,3,0,10,4,89,54,,6.46,3.83,47.21,0,0,1,1,CPMM,,,,,,,,,,
1791086577,TVvnJTedD3WgAPede2xUmRjweJqNdhCEgyjtKv3rCq4,SHEEPLE,AkM2Ua4ZJwkcjQ3dKiV2wMeiK1b1a9TaUXoWjf3c94Wr,raydium,1789729309,0.0001757,36479.95,175785,175785,19.04,378.88,3612.59,19155.63,1,1,12,2,43,26,234,152,-0.6,3.61,3.85,-2.05,0,1,5,1,CPMM,,,,,,,,,,
1791086578,fvHLJUwsynVHJrssbZ8MLNyku9jt2izUspbBD4Spump,FLEX,8qwgwpdfbBMNhdG76bDmtvLeSqtG9cEwuGGy6wGKhTB9,pumpswap,1789784302,0.00009189,34132.27,87944,87944,0,13.05,3922.57,16846.06,0,0,0,2,27,25,102,104,,-0.22,-20.63,-35.2,0,1,1,1,,,,,,,,,,,
1791086578,biddm3N7RjyjfcnzmjgrQJ24QKooBGUy1RYP1aEgtzW,BIDDY,5jg5hzfX8SHJ65EnbM1BHkjirv4nfRk5aQkKhUWhfvU5,pumpswap,1789777823,0.000005085,5623.99,5014,5014,0,0,18.81,82.94,0,0,0,0,1,4,6,11,,,-0.54,-0.47,0,1,1,1,,,,,,,,,,,
1791086573,DTSnWMjHedLzcc2oVMpRzk1uankCF16v68PUmC65pump,DICKINU,6MWrTvnzghdFR4yZkJ5PGewgCp9Rmoi6rJs4Hu2iaRPL,pumpswap,1789791156,0.000003667,3754.99,3453,3453,0,0,0,24.12,0,0,0,0,0,0,2,5,,,,-1.83,0,1,1,1,,,,,,,,,,,
1791086571,BetHXx7ymnuca1bf8XUzVSwvxdBMen9nEWhScYeJEFX3,GOLDINU,FZVH93iu7jcbwpzW2u2nEXV1vZqcxULDvQkzthDapsxD,raydium,1789771576,0.000002632,4539.18,2632,2632,0,0,0,395.8,0,0,0,0,0,0,3,4,,,,10.99,0,0,1,1,CPMM,,,,,,,,,,
1791086573,DFQHUegJWE29Xu3BUxPezqi77uyHURRyxJpdtyvLpump,PUMPCAT,6HLorrkY3vqPsyTZDFvTGTnwnZsLM343Jxw6XvEPTKRt,pumpswap,1789792168,0.000009673,10133.48,9333,9333,0,0,57.2,1052.23,0,0,0,0,1,3,36,30,,,-1.65,-17.16,0,1,2,1,,,,,,,,,,,
1791086563,27MR5EYbig1ihc4BoYURSRqEbWdfP9oyA3V7F5LmdUwu,WYNN,5GkHNuKQXdchkjQJeYDdP2Ezf4NZVVWVCZ9ToTA3i6YT,meteora,1789793652,0.000002726,4502.85,2726,2726,0.29,0.55,21.83,44.17,0,1,2,1,9,9,22,26,-0.07,0.41,2.27,2.58,0,0,1,1,DYN2,,,,,,,,,,
1791086574,EbkoPUqqDvScXC9Zt62FWhJNzSGjaWMZKhYnqZQafYeJ,CONTRA,3UKp5zpzCZsEyDRxBPSTcBihJ9PcEU7xh3yicvgmeVcQ,raydium,1789765805,0.000004293,5645.8,4294,4294,0,0,17.46,282.15,0,0,0,0,1,1,1,5,,,-0.21,-11.58,0,1,1,1,CPMM,,,,,,,,,,
1791086566,5Gp6mKmqJ5ssGKtL8NEUXCSnDynTx3yvod287yiPpump,SCAPE,CLQLEiuFFUjyGerfXkGjfvGDHWQ4UHMQ12Jgfk6Zh6rU,raydium,1789871407,0.000001095,1782.8,1096,1096,0,0,0,20.36,0,0,0,0,0,0,0,8,,,,-31.44,0,2,1,1,CPMM,,,,,,,,,,
1791086578,wXbiXbyVLX5tpcPvWvowYFHjDi4ikkGiG5RsLcXGgPf,UNCINU,EkYTFw676md46Dya2qJMQKdwZPi6KcuNWD2WHPjQ6kDu,raydium,1789789499,0.000005009,7374.29,5009,5009,0,0,6.04,27.36,0,0,0,0,1,3,1,4,,,4.7,4.7,0,0,1,1,CPMM,,,,,,,,,,
1791086570,9CQXMafrzB77Q8kphj4Mb7VxaaBXi2e7uYFYcHDoWAaA,XTZ,FLrv35hhFZEzgZsHnZYVDozSoWdLjaeY5ciB4ktsqrBw,raydium,1789875825,0.3431,71751273.25,72057256,72057256,0,0,91034.91,303612.48,0,0,0,0,8,8,30,30,,,,,0,0,0,1,CLMM,,,,,,,,,,
1791086574,EcSgxsBGoqZNxHgKhon3jSmqjYW57fSgLFrrF8SgTVGR,GL1TTR,7s6ptW2R6WG7opaCUNiKTBjyetfEPJQcM31p6zasHs9T,raydium,1789875519,0.01105,22108.18,11055412,11055412,0,0,0,145.66,0,0,0,0,0,0,100,100,,,,-0.18,0,1,1,1,CPMM,,,,,,,,,,
1791086572,CBLgLg4rjkqqwXuZjR1WAqWet2vR68Vne32J2bFLpump,DONATED,851G7eJBavuNfn3QcU951tDZkQZK17XPLE2jCzuqtEEs,pumpswap,1789877215,0.000005107,5144.46,4893,4893,0,0,1.18,6.77,0,0,0,0,1,0,1,3,,,1.4,1.59,0,1,1,1,,,,,,,,,,,
1791086563,24G6fv23pPg3UTKAAA4dnC7UBe9SgEoj8HXscHJRpump,SENDING ,E7TcBeZ8JYt2hNfMANwtKzvuYoKo1iKokHbFVUe3cxqR,pumpswap,1789873873,0.000004113,4200.73,3998,3998,0,0,0,48.24,0,0,0,0,0,0,0,1,,,,,0,0,1,1,,,,,,,,,,,
1791086575,GKHfDWbDZFLHKmNVVW6fVhx7LkFYXXZjMBAEodt8CTB9,FATGF,DsqEQvVk9uegYsjMHBK7SR2JNYYDE5f5KGpXbeef4Vbr,raydium,1789876068,0.000003960,5242.65,3960,3960,0,0,63.67,67.98,0,0,0,0,0,8,1,8,,,-5.88,-5.88,0,0,1,1,CPMM,,,,,,,,,,
1791086564,2wFHMmHeS5HRhPKUsp4jukK4PjvmsSHNcDA6ccHb7omN,MCPEPE,HnF8wevhHctEgjdG5nXUJmhagHaGnTQk9mdbnbqu2Pqb,raydium,1789873940,0.0001716,36846.86,171603,171603,0,0,11.96,444.14,0,0,0,0,1,0,12,8,,,-0.07,4.55,0,1,2,1,CPMM,,,,,,,,,,
1791086571,B1Y2WMUsSBP7mNzViMvAzerhiXHZ7VF62AynJhkbpump,SOLDI,3Ukn7wBVtRTEqChK7X2FAteJfxxi3YgW2uRmgsxihviz,pumpswap,1789874531,0.000002575,2576.94,2484,2484,0,4.17,47.58,117.11,0,0,7,5,41,32,100,86,,-0.65,-0.66,0.54,0,0,1,1,,,,,,,,,,,
1791086567,5X7o39wuSuwqtLPWCbsjgvzYP8Fu5BqgLEcPeq4upump,PSYXPHIL,BwS2jqqQ5sz25jFPYGb7NKTFktdeZZYWqjfjS19CcqvR,pumpswap,1789941533,0.000002627,2987.54,2561,2561,0,0,4.13,4.13,0,0,0,0,1,1,1,1,,,-1.29,-1.29,0,1,1,1,,,,,,,,,,,
1791086566,4xjvmiKa5vzkQtaNrTV17v8PFU5mP69Hf1Kq5A9wpump,ZLONG,2u7HGTjgy2nZsgLu92PCqUNhxxRyfpM4DtQ9tVTkMpiH,pumpswap,1789954767,0.000002938,3064.05,2752,2752,0,0,0.02,16.5,0,0,0,0,0,1,0,3,,,0.04,-0.18,0,1,1,1,,,,,,,,,,,
1791086568,7uvLyn87LSxW2GdwdEeiwmSJwQLVrcVyo7SRVcLbbtGc,ACAT,6xMjbBiVhcZVpoj9AA2W9bBEsLimYeqe8DV22E6BZar3,raydium,1789952447,0.00002400,14432.3,24004,24004,0.57,0.57,541.44,2139.99,0,1,0,1,4,6,20,21,-0.01,-0.01,-0.61,-10.85,0,0,0,1,CPMM,,,,,,,,,,
1791086577,HqCa6XCRrzauqsxLGX7tbnU2MTNEZBGSD1p6zUYukknK,DCAT,P3VZ7JyjAtwE32d74HUuEQRzGNEYVYfsMH5XHdsu6UF,raydium,1789956333,0.000004235,5951.2,4235,4235,0,0,4.74,10.91,0,0,0,0,0,2,0,4,,,-0.32,-1.72,0,1,0,1,CPMM,,,,,,,,,,
1791086574,ERgezJ3dtnivUSsi5c5b85ie53YyQBebqGNngibktiBT,DEGODS,Bj54miKtexz1NkcNxGQwh8kivN7ULqFsdbhMZXSTR6rW,pumpswap,1789956053,0.000005230,4786.74,5016,5016,0,0,147.78,216.57,0,0,0,0,0,1,0,5,,,-4.03,-7.08,0,1,1,1,,,,,,,,,,,
1791086574,FPPGF5RNgCvNzqrRqWrkgkL4YQhzqKMNVtD1kWk1ooqg,+++++,CD2Kmeqr7oQwzixmF1AjUEVb8sEW2X2CtT2s2Gkf63ZV,raydium,1789958616,0.00003706,21987.82,37069,37069,157.24,708.33,3783.04,11977.18,3,3,4,7,21,28,89,103,0.92,-8.54,-16.79,-26.99,0,0,1,1,CPMM,,,,,,,,,,
1791086564,2tGtqQ7Jvjgvh3S3r7miHFpvVyDxwbLoGWqtXfoh1AFJ,xD,HzhXoGxXT3ny5Hrhp38RYpHc4xFNjVWv3mFPpNSw6Btv,raydium,1789958012,0.000002362,3633.48,2362,2362,0,0,24.53,40.01,0,0,0,0,0,1,1,3,,,-2.67,-1.57,0,0,0,1,CPMM,,,,,,,,,,
1791086570,9TNvg1W6zQqFVC2ugZySzSmCQKtPbC1w9yoynx9Ppump,HIDE,7jVQoQ3JJNNkUPb4DxDr8n7ToYkTQoCviYdwFMnonL1o,pumpswap,1789960538,0.000004663,4737.55,4402,4402,0,0,0.06,217.24,0,0,0,0,0,1,0,3,,,-6.74,-11.35,0,1,1,1,,,,,,,,,,,
1791086570,9oqTMkjixS4kRgMtFU648YBm74gCdVaAiVebEZ2cRjQS,XMRB,FYdQM4hC6Hg3za6F8g5muhjAk7UDYV7oWdtEdxuZU7Fg,pumpswap,1789958909,0.000004506,4262.39,4315,4315,0,0,0,90.02,0,0,0,0,0,0,0,2,,,,-2.5,0,1,1,1,,,,,,,,,,,
1791086563,1mPMPjAdyonab99YqPs2QoN9nRsosNe6hnQovK5P3xz,WIZARDCAT,GWPPWkCuR41ooRnBVQenzKpcVG4htUuhFt5RNDSFYhhD,raydium,1789960617,0.000005599,7653.24,5600,5600,0,0,64.44,65.16,0,0,0,0,0,3,0,6,,,-2.04,-2.01,0,0,1,1,CPMM,,,,,,,,,,
1791086577,HfHsU5Nmf2ei2YzzBAgNH1VhPwBreau8zPZauvgMmoon,UNITY,GMT9s3JTAw4PRKuQ7i1eHuxDj5KBsFWJEE6K5W8Fi7pt,meteoradbc,1789694976,0.000005571,,5571.32,5571.32,0,0,0,1.49,0,0,0,0,0,0,0,1,,,,,0,1,1,1,,,,,,,,,,,
1791086563,2Hm8qcnud7LEes2inqHcohQKcD7sqAqX8wb9W2uxwB7g,LEAN,C9QXaGp2kVa6zNzKYYACC3r3YXkfxwKBip2wNKucb7dY,raydium,1789974859,0.00001838,12030.78,18383,18383,0,0,281.69,20726.01,0,0,0,0,2,4,157,124,,,-2.45,32.7,0,1,1,1,CPMM,,,,,,,,,,
1791086566,4hN45GtgCo39FZx3EUK5GiPNkkzUvEYCrAoffPuhpump,cashless,5xQqvk73tzLJWqVUJw3JKojj9AaW9hLoLk73vqizA8aV,pumpswap,1789973250,0.000002760,2887.35,2667,2667,0,2.78,23.04,89.48,0,0,2,5,19,30,80,93,,0.28,0.02,-0.23,0,1,1,1,,,,,,,,,,,
1791086578,qJVGvTUE6vETn9Fng3yb8uvg6mUXVrJpX1ym9qH5ryS,PURGY,EVoLf6P7pz7b6oRK5xBsAMtwrNZePQw68Skri1eyVqUr,raydium,1789835031,0.0002284,46657.03,228489,228489,0,14.74,428.97,7423.65,0,0,1,0,13,4,53,33,,0.38,1.41,13.48,0,1,2,1,CPMM,,,,,,,,,,
1791086575,FgU8hVMmCss3biVXvmsgBiDNdYLaDHtEcXXMcCSVpump,$,2devq3jXzJ4zfWeNgV6W78r9Na86ZQfwSUJWzn3WRLKs,pumpswap,1790027827,0.000002558,2647.18,2427,2427,0,0,0.14,0.14,0,0,0,0,0,1,0,1,,,,,0,0,1,1,,,,,,,,,,,
1791086563,2Gc5qzR1AaSxHweku54sP1ovZ1jThKNDDdescJ8nFLEX,KOLCAT,Cm4wCK5Lk4XQurTRgqZEZphwsJ9mMvZsGJY7j3KjhswT,raydium,1790039749,0.000006368,8045.47,6369,6369,0,0,0,109.01,0,0,0,0,0,0,1,4,,,,-2.77,0,1,1,1,CPMM,,,,,,,,,,
1791086572,BjJyQFGTzu6JQfpdXEZ1mmFzhWgFYgEscRz472Zkpump,CASHTAG,5KiorPssHsHpgwJhz9CDbFiARgCitGTHmhnfHcMn6rY4,pumpswap,1790043174,0.000005581,5564.78,5438,5438,0,283.85,359.94,774.45,0,0,2,1,3,2,11,19,,6.38,10.19,9.05,0,1,1,1,,,,,,,,,,,
1791086567,6QxMcEpYULAUs4Qa28ui2GJ55daY2KqFLRJXHEosNPAu,PICKAXE,FqpWecjYyc2VUqMoTswxn11Bu9Ni1UZBX3WWwZgw19fk,raydium,1790040430,0.000004204,3477.61,4204,4204,0,0,22.26,70.05,0,0,0,0,2,0,5,5,,,59.05,17.02,0,1,1,1,CPMM,,,,,,,,,,
1791086577,Hgtpj3Rg2BWWeopkAiVy71KT8L8nQWMxxxFdChq2pump,2030,3Y7zyAT227Vcw7u2HhKWqzhiPbzGLgmBUkNt44dEWab7,pumpswap,1790045015,0.000004240,3884.39,4000,4000,0.29,0.29,3.61,7.39,1,0,1,0,4,6,8,14,1.8,1.8,2.07,2.32,0,1,0,1,,,,,,,,,,,
1791086576,H7buF7zFb23WLL5DMrdKRKcEkb4BpHZRGvv1n6NE67XT,RAFFLE,3Dmf6oXMP3Kf3xHtKgRGUYBzz2aSwHrnsxrRrt79amBT,raydium,1790047558,0.000006278,8940.86,6278,6278,0,0,4.72,15.99,0,0,0,0,0,2,1,4,,,-5.21,-7.51,0,1,1,1,CPMM,,,,,,,,,,
1791086574,EtSVEVHfw75944qMeJs8JZKy3TpgU69pTXY78JvduBY1,USDC,6MiUBKiiJZ8EMTgwNtp56Fnh5UpCrKpUh17bPXN8hDBJ,raydium,1790047683,0.000004987,7242.77,4988,4988,0,0,0,37.53,0,0,0,0,0,0,2,7,,,,-0.82,0,1,1,1,CPMM,,,,,,,,,,
1791086571,BLSuVTxKYDL4vm4XmG3oEJfsSGfJZF3cgy98ri68pump,CATEWALK,HdiUXnAwQkLBwdFpSh3gUKM1cM5QAC1G39nM1RGVwGrn,pumpswap,1790046050,0.000003684,4409.64,3660,3660,0,0,6.8,25.12,0,0,0,0,1,5,6,24,,,-1.29,-0.79,0,1,1,1,,,,,,,,,,,
1791086574,DrK9ci66pPJxi9ig327XcVRs8cDzs7frXXoHWwwKvsN5,Chiiba,HSHCtiHwuL7qGQA9AFdU2Vp3GTvYMsMcvJy4teWdiWb2,pumpswap,1790050246,0.000003278,3508.8,3166,3166,0,0.76,0.76,24.87,0,0,0,1,0,1,0,9,,0.69,0.69,-0.96,0,0,1,1,,,,,,,,,,,
1791086573,Cxj4U5ofSx7xjYExKf4LwwsgYA9LQtBgqFJdbXPZpump,Pygoscelis ,AngoNacNjhMqVhCLJ5oHyipZj3gkyopfnczyAW5cyJQq,pumpswap,1790055694,0.000004608,4267.33,4347,4347,0,0,0,97.56,0,0,0,0,0,0,2,5,,,,2.16,0,1,1,1,,,,,,,,,,,
1791086565,3J1MYQPC2VFPfwzshXLiKYwyUF5xo9xxzH1dNjpd62kF,KEK,B6UWTbQjWXQCHK7wWmMSoK3tLPap42RYUNY4pSo3R2Ce,raydium,1790054730,0.0001845,36333.95,184535,184535,0,418.46,2407.53,16733.36,0,0,3,0,7,7,43,57,,4.38,-7.14,9.55,0,1,1,1,CPMM,,,,,,,,,,
1791086568,6iQNZnEKzKHnVfFczHhD39EjGN3uH7zDtKumErpq8qFJ,GPU,9CKMrqwYhgvsajXXQ5STmLRgdoSdVu9yPUrRHqYe5Eyw,raydium,1789582199,0.000005020,6268.67,5020,5020,0,0,0,13.98,0,0,0,0,0,0,0,1,,,,,0,0,1,1,CPMM,,,,,,,,,,
1791086574,DupFBba8HP6DpYX9XpLn6uhdYnnEXXUUiAhWitGQc8qN,BM,814NBFxcmVjcP1vjfFm2EnmAPaT5H8j5GUbcp6TdjF8c,raydium,1790053037,0.00001390,6029.29,13907,13907,0,40.52,289.86,1157.12,0,0,0,2,43,4,80,22,,-10.41,15.28,2.54,0,1,1,1,CPMM,,,,,,,,,,
1791086574,Et2uyA1repr77VjXLZELaCCsEbUENaqYncwaciUupump,BITCOINU,2uEwdZkQr5PCGgn4GUYrZdfLbakK16MeZa5QMu3vMMz3,pumpswap,1790104517,0.000002839,3391.15,2797,2797,0,10.6,10.6,10.6,0,0,0,1,0,1,0,1,,,,,0,1,1,1,,,,,,,,,,,
1791086571,BeUAXnAoF1ip3kMLCpgdJ8WRQFTzntDkgfyVYyMwpump,Archi,EhTtok6JCcNauGLr1Rwgi4ZZm7u8k1hRNYmyCDxHWpvw,pumpswap,1790104775,0.000003434,3635.29,3322,3322,0,0.02,0.05,0.05,0,0,0,1,0,2,0,2,,0.48,0.48,0.48,0,0,1,1,,,,,,,,,,,
1791086569,8P1XmDhzU8qR3oiXHd2YfmBpB92Rn4hwunMsMGdghvCn,SOLTAO,H56x9EzRFiMgfvXYwyE927qjJuG4QnFGh45tDN7UrFXo,raydium,1790127553,0.00001160,10587.61,11598,11598,0,114.91,114.91,750.18,0,0,0,1,0,1,9,3,,-1.65,-1.65,12.26,0,1,1,1,CPMM,,,,,,,,,,
1791086571,AD7cjPhebfrtXSNmBRs6rxnawF87zCeUE2Mxc4ZmWmrH,TYGR,23xAFZzbCer38XYT6VEZE7QLcNwjetT34VowF4Fd8gVh,raydium,1790127358,0.00002190,13991.78,21908,21908,0,24.33,540.12,2787.45,0,0,1,0,8,2,20,37,,0.69,7.59,-26.65,0,1,2,1,CPMM,,,,,,,,,,
1791086574,DpHfXmbiPiqcA8agUnzEttFQg968xxhYBsvUivQbmoyp,CI,BpiURyGawT9onANR99qrm4An6E7SABwqxoZQYh5M3Ahh,raydium,1790128125,0.000005044,6706.62,5045,5045,0,0,53.73,590.77,0,0,0,0,0,2,1,8,,,-3.07,-27.79,0,0,1,1,CPMM,,,,,,,,,,
1791086572,CfEKLtLG6BDXZeY2YwL9EETK1PRTdpUhqJsy9X7CkzbQ,₽,HGuWbSNsj44HmedYrfat22noKyFUxxhhguNjPtYCE4R9,raydium,1790129402,0.00002692,18559.21,26921,26921,0,866.1,1949.69,5956.57,0,0,0,3,4,5,40,45,,-17.47,-2.18,-20.58,0,1,0,1,CPMM,,,,,,,,,,
1791086571,BQtbEDcZRciafnXk5t5pFFaAiDkBAGufsRV3Ms9GJbiU,BASEDCAT,FmPbnsKeb1e2iVYbCiz7ZxmNhD5jnzzDCn5exdZmiAAG,pumpswap,1790128632,0.000003996,3938.15,3709,3709,0,0,8.44,356.33,0,0,0,0,1,4,21,20,,,-1.37,20.13,0,1,1,1,,,,,,,,,,,
1791086564,2pWXsELtCwtcKUyvNC6igngswUSQjVpJdY4hA4cTdjaL,PHAT,259dyTrR1KgguVwekv71ehmKfSfkC5fDPfBaxMmr3Fsx,raydium,1789618983,0.000008351,7771.89,8351,8351,0,0,103.73,3505.74,0,0,0,0,3,3,19,26,,,61.71,0.68,0,1,0,1,CPMM,,,,,,,,,,
1791086568,7xm3vqykDZVuYqiC2HcTf3VerfmhAieCPZmeJX8qpump,BTRD,59GuPXEBHGwzkeMasS6UZCjaXFKwhV3cZJfYCbjisGi4,pumpswap,1790187315,0.000003867,3669.21,3727,3727,0,0,44.35,51.18,0,0,0,0,0,1,1,3,,,-1.6,-1.38,0,0,3,1,,,,,,,,,,,
1791086574,DxeBjZk1G43XTbGq7rEMHATUgtvYaNiDDweqbqhbnetW,JIMOTHY,7S95zn3ymcxhvQVMUvZSZgPL9Vj7SprgzNzvBuprUuEf,raydium,1790131062,0.000001212,1536.59,1212,1212,0,0,33.63,67.28,0,0,0,0,0,1,0,3,,,6.56,-6.75,0,0,1,1,CPMM,,,,,,,,,,
1791086569,8gdYSwpdhgGLfskC4P7A2xvjHSBjjBVx5Exw7yCYBVy3,SWBR,2Y5U6yFA7gQDmWNdbyVfPcsZD4eUDMN8x8zDJLNDeT13,pumpswap,1790134919,0.000003249,3551.79,3113,3113,0,0,10.88,10.88,0,0,0,0,2,3,2,3,,,-1.25,-1.25,0,0,1,1,,,,,,,,,,,
1791086565,44J1LiJu17k25UDCjoJ3H2EMbbne5dmqn576J4ZNyBYT,MINECOIN,BfkrMJEnfAVW8TeLNPKT7Be7d3KLdQx6Eti2yKjSPywx,raydium,1790132076,0.00002170,15889.57,21703,21703,0,37.13,296.79,1651.43,0,0,4,1,14,8,63,32,,0.81,1.44,-3.56,0,1,3,1,CPMM,,,,,,,,,,
1791086573,CmjfLEwNw614ZxHmrj9BUbwG4fJNoV3tXvMwQY1cN1G7,ACCUMULATE,pzZmrLo5MLtinsSk5mpum68YhKpD9hBU4oEHEL7cVSJ,raydium,1790125954,0.000004208,2996.73,4208,4208,0,0,0,154.49,0,0,0,0,0,0,5,7,,,,-35.67,0,1,1,1,CPMM,,,,,,,,,,
1791086571,AN49E6FiToLMANJtmUiooirLdFFRumtpB8jZDm6PusU2,VC,DxPoyCU6gT8eSdfXz6rrSVcrkFB2uxUbDhvEFqVhNvLG,raydium,1790135481,0.000002822,4993.9,2823,2823,0,0,0.62,0.89,0,0,0,0,0,2,0,3,,,-0.02,-0.02,0,1,1,1,CPMM,,,,,,,,,,
1791086569,8MPLzMvudX7ehD8VjKSDDWCS9bAu1N6KK3Ubg5xypump,MOUSE,B973QMT3E6AFKJY8SSSsYib5MJzCBWa6xSNQs4zPAzgy,pumpswap,1790147539,0.000003049,3687.46,2997,2997,0,0,0,9.54,0,0,0,0,0,0,1,1,,,,-1.28,0,1,2,1,,,,,,,,,,,
1791086566,4avvsHkpZAfAMmTDRiEHRsuhU4c2oWVgpazYKCykgeHz,MrLeast,6ij8Ne4tiwHdSHzZAwSDkkd89q3b5vj2hAh98eNTj5Zs,pumpswap,1790224608,0.000002568,2629.09,2472,2472,0,0.05,0.08,0.08,0,0,0,1,0,2,0,2,,0.92,0.92,0.92,0,1,1,1,,,,,,,,,,,
1791086577,J3YKxkHpsj5MoxmBzHAHmbVK5U668QsFEamD5kdSpump,mine/acc,7zApJFMczu5NMQJtyHGyQ7eutr19bPYWm77heSZA9cXY,pumpswap,1790458746,0.000002854,3378.36,2782,2782,0,0,0.97,0.97,0,0,0,0,0,1,0,1,,,,,0,1,1,1,,,,,,,,,,,
1791086571,APLwmQEyK1oYptMboQ2iFbAiqhomaz9H2vQQF8J2pump,Fo,3XkT4MRE5Rs2dcAGUCRnzVEmWS4hd9BHcMbN2xuK3sRC,pumpswap,1790623152,0.000002494,2511.42,2397,2397,0,0,0.29,0.29,0,0,0,0,0,1,0,1,,,,,0,0,0,1,,,,,,,,,,,
1791086575,GfdtRzvRG6YSXxTiW4eukTdxeBuQViPzHwUX9YLXpump,BUJC,7jo1NaWhJqBbKPE6AaktGGo5qd2qnea6iB3qnbkLcEJj,pumpswap,1790638802,0.000002650,2981.96,2578,2578,0,13.43,13.43,13.43,0,0,1,1,1,1,1,1,,-1.28,-1.28,-1.28,0,0,0,1,,,,,,,,,,,
1791086574,FJFZysCbtXXVCWYi1a6M7jcpURi2ytiFAeioBjYTpump,BACKED,CSM8zz2eDPUUsoUVmedexf9Xf5HvZSZhToRvvsBjhUF7,pumpswap,1790646398,0.000002477,2474.84,2376,2376,0,0,0.23,0.23,0,0,0,0,0,1,0,1,,,,,0,1,1,1,,,,,,,,,,,
1791086571,BhNmfTQuSdkdgVPhZ5fCJnxa1xYTPqkdjMn7LhLYhype,XLiquid,uvfLdQVyhhVKracMj2NyzT9L3tohpFnhAJreLdThqPV,pumpswap,1790647512,0.000002740,2938.89,2657,2657,0,0,159.93,159.93,0,0,0,0,0,2,0,2,,,-5.97,-5.97,0,1,1,1,,,,,,,,,,,
1791086572,CZhiyUF927C4NbSRDwytc44yRtTgr2tPRDrDPf9bsimp,SIMPS,5WVnTankvT59L4EigBPV8TpSzd6ikdy2F3UGuquWVmbJ,pumpswap,1790661224,0.000002670,2658.68,2513,2513,0,0,1.44,1.44,0,0,0,0,0,1,0,1,,,,,0,1,1,1,,,,,,,,,,,
1791086577,ViLRh6pY18yu81qQ8wFf7EMpZFXqJYpt6i4n7uCduRv,McPerk,2orwVWzHjocYyYPA4pfqS1sAUcWBREHJ8NmYygevbskx,raydium,1790711192,0.000002609,4718.61,2543,2543,0,0,1.64,1.64,0,0,0,0,0,1,0,1,,,,,0,0,1,1,CPMM,,,,,,,,,,
1791086565,3hoQAjDaosQWqKR9jTWu53t5AjWaQuuKdbvmoEzL8u3d,BOB,4qTe4GfpiFHMwyuZnDFEbipfuhhZYcPGdZHTHjHzMEGq,pumpswap,1790850368,0.000003581,3394.58,2779,2779,0,0,1.72,1.72,0,0,0,0,0,1,0,1,,,,,0,0,1,1,,,,,,,,,,,
1791086567,5YRJuTzb3bmY4tpsEuN19pRxKHviKBdz57hnHRfeP7xE,Speed,ALfnFvthn741Xk6oSqT28kjzREkpThDERPtEsP7Gp95x,pumpswap,1790907497,0.000002143,2165.85,2129,2129,0,0,1.18,1.18,0,0,0,0,0,1,0,1,,,,,0,0,0,1,,,,,,,,,,,
1791086576,HFmqDN4HYT2Z1fA4ZCpa8JQbPqbwexZdkk6a8Y9gcKnW,https,2PbGERvZC1CRHTd7GfRKVHRGAYQ1eLzXSgFoko1CUbmK,pumpswap,1790914245,0.000003735,3730.21,3556,3556,0,44.02,548.53,6415.53,0,0,0,1,10,11,74,111,,-3.79,-4.08,-53.63,0,1,0,1,,,,,,,,,,,
1791086568,8BJu7kgjRtPKsreF6n5yrSttU2pufYAPJSWmaY8Jdare,DARE,DwA5aMK41HjjRpYS8AXpTqdCewdpWLsjijsuDn4Ks7X3,raydium,1790913391,0.0001705,43256.09,170539,170539,462.73,6265.86,61963.04,196967.44,5,7,67,68,470,483,1633,1853,-0.61,7.92,-37.73,-59.73,0,1,1,1,CPMM,,,,,,,,,,
1791086572,CNohWHNTurS7PpB55czspwUJfpk9yy92uf1wXdweEGg9,CATGPT,3hSL3G9q4ZYZWLgyQVX2TCVM6hS2izKcDuweHTPzZgfV,pumpswap,1790914072,0.00004399,23007.26,42791,42791,3.03,2082.56,22540.48,260034.87,1,2,35,26,312,231,2706,2159,-0.1,-5.03,-22.93,-73.87,0,1,1,1,,,,,,,,,,,
1791086568,6tpfCENhKozjtambBEecWoV1V6trzqNgi1AQHkTqpump,KEN,GhLLUkrj13WU8yPiA8argBUb6xk2ucBoRCRoVDfeuPr5,pumpswap,1790910654,0.000003904,3794.23,3754,3754,118.66,125.28,128.98,1802.37,1,0,1,1,2,4,19,47,5.14,5.62,4.54,-37.14,0,0,2,1,,,,,,,,,,,
1791086571,BdnAEgWU7kgLQRjdBchmbBCdjEXSFap4JieYhyE4pump,BOT,YmUZVaZRmHRi1cjjgJZopRwuenWMmyjnpP5AhaNpJ2E,pumpswap,1790914879,0.000002433,2424.15,2260,2260,0,0,0,4.25,0,0,0,0,0,0,1,1,,,,-1.29,0,0,1,1,,,,,,,,,,,
1791086565,4AT4FHoc8LE5EMXCX7mgcTSvGM9NFKZW8RsiA6oxvkjv,SYMBIENT,2p63ooyr1XVyXREhvg4tE6aSQWutijPD5V5vmiA52tQA,pumpswap,1790915044,0.000003818,3691.41,3688,3688,0,0.06,202.94,2277.09,0,0,0,1,4,12,33,64,,0.25,-8.28,-36.89,0,0,1,1,,,,,,,,,,,
1791086565,4LjJL18pN6oMxr6Z6bMUxXy7K5CbbZTjrQ5UsSjjpiNn,www,WXNCv7a7qxZ1Thd6Jrg2Ap62AFmGJsFNbmZyrB4MijW,pumpswap,1790915608,0.000003814,3616.8,3555,3555,7.36,7.36,391.91,4813.17,0,1,0,1,2,7,44,76,-3.85,-3.85,-9.7,-46.49,0,1,1,1,,,,,,,,,,,
1791086568,8LmWjjAh6ujYTcXeMFh6FkT7nn6CDeEwYucMdaxgYn6s,BLACKCAT,C26dqPnGSFQNhuRJ6u768KvDyenkRk7wmAzRNGtF6pLs,pumpswap,1790904690,0.00001225,8399.36,11809,11809,0,55.25,1784.87,19374.27,0,0,3,0,32,22,182,181,,5.5,20.84,-44.38,0,1,1,1,,,,,,,,,,,
1791086574,Ep9Txm6USzzdkDZX9fr2GrA7ZWZpR7xJFxMW1YGKGJWP,Robinhood,6MmfeiZ9ciuM33bvcFMvvfkkR7qzPPcQd5MD4Q5NTKAL,pumpswap,1790916502,0.000002182,2205.45,2167,2167,0,0,0,9.53,0,0,0,0,0,0,1,0,,,,,0,0,0,1,,,,,,,,,,,
1791086565,4E5SUG74yBb6DR94Ain8ifsKbDtvcJo6bshAHxNMRBQq,DINO,Ft7ZnShaVKnbmCpNEiUzMkUrHFgamP1bA3as4XLBcKKv,pumpswap,1790916516,0.000003208,3114.9,2856,2856,0,40.76,138.49,906.27,0,0,0,1,0,2,9,19,,-4.96,-8.27,-4.61,0,1,0,1,,,,,,,,,,,
1791086565,46doJPsSjEVMsNZm4b32UbbvbUXjFTM3TDPBWMM3pump,Cadence,4TjiqZQoCtTNtmDqqmEV2SPoeGZipueRFyRamnFXV9su,pumpswap,1790649631,0.00006084,21356.64,58761,58761,3.28,490.41,8679.97,46614.52,2,0,5,2,51,47,390,329,1.37,5.26,5.05,26.87,0,2,1,1,,,,,,,,,,,
1791086568,7PNrcZtvLn46Un9XDw3Um2UDqqpgdnnqYKd2BA7bpump,WWWCAT,BeB41rod18WKctzqWwPs6HMLLPtXrB99QxowfvdACDtM,pumpswap,1790918625,0.000002313,2413.16,2252,2252,0,0,0,6.94,0,0,0,0,0,0,1,3,,,,0.25,0,1,2,1,,,,,,,,,,,
1791086573,CjUVYWLHdn66zE1KNCcHEUBrApD2vi3WrgdLE2sAkP3f,SYMBIENT,GV18eR5J92RX28CPShN8kYwRFLbJ1LPBh2MwvUbnpC6Q,pumpswap,1790920048,0.000002856,2834.19,2717,2717,0,0,0,136.06,0,0,0,0,0,0,0,12,,,,-7.95,0,0,0,1,,,,,,,,,,,
1791086569,8nnaeWCw8mUypcGAgbmSuzAT85uWx4UN12adDrMhXrGF,HOTBOT,GLL3CzybpSCLZdoACf8QUM5YrKVwyA65kQ2RcTsJxxzV,pumpswap,1790920030,0.0006406,87008.72,616889,616889,2218.85,15799.36,174546.53,970393.63,23,16,122,117,1138,1070,6008,6679,0.22,-14.68,-33.98,-32.18,0,1,1,1,,,,,,,,,,,
1791086578,qTyZGgDKVH1fZNhBAnGcUgtyVbVrWZ3uNeuCgJ4pump,GOIF,ANcPJyoPyos5hoGioj6UvkzA4RpU5FRNTb626xSMX6dB,pumpswap,1790851267,0.000006286,5305.57,6286,6286,0,0,0,1084.15,0,0,0,0,0,0,3,3,,,,33.29,0,0,0,1,,,,,,,,,,,
1791086563,1Atst4LcMEYfAXACbCaBpdk166CU8eopNkjyD8jpump,AROS,ffBBc3WzZNJNJu1ZCm85qA4nLibfS4pL7iAgxbACu6K,pumpswap,1790834817,0.000003441,3320.81,3441,3441,0,0,94.13,113.68,0,0,0,0,1,0,1,3,,,4.06,5.01,0,0,0,1,,,,,,,,,,,
1791086575,GhAP9Tb8RADFhxpAbyz96VFG8vGUzhMaPLMa38DvQFn2,Giko,BuKG2ytP83oWiSdHF1YjKmHWZEHWXLbxyQjPHRTiUwyP,pumpswap,1790918950,0.000004501,4427.95,4357,4357,0.55,61.17,413.45,6400.68,0,1,2,3,4,15,93,187,-1.19,-2.38,-13.84,-64.35,0,0,0,1,,,,,,,,,,,
1791086567,5hpck3FaHXqhQnL4RwwdaNQFeBka6CpoVBxT1dWupump,IRL3,EKF533bniHb623Ki8wRftvzjHzFisSNHvFGAi5vcShaM,pumpswap,1790922051,0.00004326,17539.1,38202,38202,1903.93,5271.3,8633.31,59537.58,8,3,40,40,92,75,739,558,37.71,57.71,114,230,0,1,2,1,,,,,,,,,,,
1791086568,7iWG1K47CGCykTNUU4XXkYctnv1X7Qd8RAq6KnDMpump,SS,DtBmpRSAjL3bRbDbVwBuHGiUNyqQvjY8Y1jxgudFuUFQ,pumpswap,1790919986,0.000002775,2988.91,2677,2677,0,2.48,45.52,111.76,0,0,8,4,42,23,132,61,,1.76,3.33,6.08,0,1,1,1,,,,,,,,,,,
1791086571,A72fsJX64cS5KxeuCcj3w2xoSa2hSYLzGg3wSw1epump,MOMO,B3p81rEhALWSen2kpGhPiFb676YsxeCSk7GvzhkXMuJH,pumpswap,1790925240,0.000004738,4233.38,4437,4437,0,97.13,1008.86,9393.56,0,0,2,1,4,15,94,95,,7.18,-34.69,-45,0,1,1,1,,,,,,,,,,,
1791086573,DSmp1qi6fAGn9Xj4cztBi8B1UJUBoiADn7QPhfEnsFq6,Anon,891v3RKdbE5yj5XDbtvxW71PSm6gFfC2aa8fbGb4XPLa,pumpswap,1790921757,0.00001454,10280.57,14198,14198,18.19,31.39,2048.25,18340.22,0,1,0,5,24,25,227,294,-0.14,-1.24,-4.56,-29.11,0,0,1,1,,,,,,,,,,,
1791086565,3xas9JZy5GP16YSVbq79txxnxDFZznA3TCurrJmGpump,ARX,DAoJ2HK2yspUsP2e2iLneRv9hPJ2T2PAMQuqLDGfrpNy,pumpswap,1790924357,0.000002376,2377.28,2275,2275,0,0,0,0.53,0,0,0,0,0,0,0,2,,,,0.5,0,1,1,1,,,,,,,,,,,
1791086575,G6VTWhrErdU59EaGFpiy3vugSG1UUjrDuaYZ33Kjpump,HER,82ciFLVwfzFzuqbwgVqH9qntUL4QPzNtdC9iRHLvgMdQ,pumpswap,1790923233,0.000006321,5994.07,6047,6047,4.22,63.56,443.54,4912.99,0,1,1,4,2,20,138,195,-0.68,-1.69,-15.79,-15.1,0,1,1,1,,,,,,,,,,,
1791086569,8XeBzEqjBpgZWCdY5WqNiN8j3qbx5WyojSAGTFHTvfui,DIT,F22ZrHKGjkkhq3ZrA6Gz3g1rKVqbfos9tPTeBh54yukF,pumpswap,1790926340,0.000003685,3613.14,3553,3553,0,0,1.68,2411.54,0,0,0,0,0,2,19,37,,,0.32,-5.95,0,1,1,1,,,,,,,,,,,
1791086567,5YwP7f8VZLD5nX6EDwZTcjkTrnWsQ2yMQRCQmJUCpump,XP,BM3ByNefTixT82z89U4M5rbjj1bzpFrvWABnPtgCA7QX,pumpswap,1790925562,0.000002300,2481.67,2285,2285,0,0,0,5.6,0,0,0,0,0,0,1,2,,,,0.7,0,1,2,1,,,,,,,,,,,
1791086575,GRxEFq8W3G9BfeYDnvAGdQctm1nrhvMhNWB8qeNtpump,ROACHY,9gbhwpVjazeRRWktCRttQaJyZd6p31JG4XN86BX7cyXb,pumpswap,1790925556,0.000002357,2494.09,2288,2288,0,0,0,0.16,0,0,0,0,0,0,0,5,,,,0.24,0,0,0,1,,,,,,,,,,,
1791086573,DWW2fZ5cBYXJ5qnSf2n2W7GdN5jSuxZ2g6eMj964pump,home,CRCgvWrhrfDQ3bMbRCs9yBJzSDPqhftH79KFBxjxJVrn,pumpswap,1790925933,0.000002594,2602.37,2490,2490,0,1.8,1.92,17.59,0,0,0,3,1,3,5,13,,-1.2,0.45,-0.37,0,1,1,1,,,,,,,,,,,
1791086568,85QAKMntNJmM8aKxBBHiwczs1jyHFBHnF4WjZBrDhc42,brainrot,8dq9ShXaRwgwrDP7NRyZLjr8nDEg7DzEghwXWtMCU1o4,pumpswap,1790927912,0.000002428,2456.44,2350,2350,0,0,0,84.98,0,0,0,0,0,0,1,10,,,,-5.44,0,1,1,1,,,,,,,,,,,
1791086570,9F4BvHppzdwXS1j6JgUQrfu8c5F9K7CQixtqRUk4pump,UPFILL,3frV9zVqf3Gas7gGneQ37M11XQXaLj1xDqazPKMuhht8,pumpswap,1790927092,0.000002482,2497.51,2345,2345,0,0,0.27,43.99,0,0,0,0,0,2,1,14,,,0.14,-1.97,0,0,0,1,,,,,,,,,,,
1791086576,HRhf8umQ5rqxCSD7QrQeeTdoNrLg987wQDTDArj8pump,fkaAI,5f4vR2YC2dAfnadZBrnEp5yCvcV2YjK5tHXvWohdSqfh,pumpswap,1790931323,0.000003331,3255.42,3219,3219,0,1.84,18.12,733.99,0,0,1,0,1,7,7,60,,1.44,0.85,-32.09,0,0,1,1,,,,,,,,,,,
1791086577,JERpqiXG9wLuWcbSi51uaqjYzTDd6Tj9VGgpAgik6EW,Netizen,4LykWqvVpE1LmSSYN585EFewvkgFPePnWGojopWsUXPp,pumpswap,1790920802,0.000003005,2962.79,2881,2881,0,1.36,5.72,662.73,0,0,0,1,1,4,8,30,,0.5,0.95,-11.22,0,2,1,1,,,,,,,,,,,
1791086571,Aq1CMBoKpYaZEigG3AzWoxNnUa4356uhXosYd9enpump,GVF,F4cGKvbHXR356xCMDsydGA52EK7JXNDPbFBegcJUeMVa,pumpfun,1790922734,0.000005889,,5889.77,5889.77,0,26.47,226.87,16214.34,0,0,0,3,7,9,170,196,,-0.72,-1.26,-69.34,0,1,2,1,,,,,,,,,,,
1791086571,AukhJT5TuGPH9qKL515cVb31vNgmzjnXcQntjtXXpump,DIT,CMoFYkTV1W3VgEv4BZsMVBFDjp29AsM1PRL8Xprj65Gb,pumpswap,1790929427,0.000002476,2710,2403,2403,0,0,0,22.46,0,0,0,0,0,0,0,3,,,,-0.82,0,0,1,1,,,,,,,,,,,
1791086574,ERu7vbTVrsevpuMoYmSk2zqBPrhHxU9itTc7FrKftTwr,AGI,Br9htS6a8u5YGxkeE8oc41ZbH89mVMHWgx69XfCWsR3F,pumpswap,1790928823,0.000002862,2981.73,2761,2761,0,177.93,2823.57,3358.79,0,0,0,7,27,31,34,48,,-12.6,-22.25,-26.79,0,0,0,1,,,,,,,,,,,
1791086570,9p9Dzwcsv1P3jMeMPqZTC3ywqgL45qL2R2VkCrfHMsby,SGI,8a96pMnpVyKF5NSyDvbeu2RBSpspSVu4ozfygVAwzWfp,pumpswap,1790928175,0.000003276,3404.34,3192,3192,0,0,137.68,1770.57,0,0,0,0,0,4,19,44,,,-8.67,-14.11,0,0,0,1,,,,,,,,,,,
1791086570,8tPHPus7JpBFcNoAsK2dawE32Ad7WWuJT6cVDV5ReDuF,RSI,C3EnP7Lwo3tE4UmG8ettzysgY3QcsN8fVgC37EehLxXk,pumpswap,1790934244,0.000002646,2624.1,2518,2518,0,0,1.63,91.4,0,0,0,0,0,1,1,2,,,-0.1,2.51,0,0,1,1,,,,,,,,,,,
1791086578,c17N1z7KdUGeUSYyAzxXPYvBT97B29Jm55xfc4N3YaW,JENNYNARRA,7cd4ggjDxn9c81jA5Ba79ChbgCvqvLchg3uGZEi6Q83P,pumpswap,1790932155,0.000006028,5109.41,5813,5813,0,1.72,1155.77,7896.35,0,0,0,1,10,15,123,129,,-1.68,-18.1,-56.74,0,1,1,1,,,,,,,,,,,
1791086567,68RUKJSkhT7Z9itn2tUhCzR7t2pbBahqjgG8qbkB5Dux,SGI,Dj5LNTFFCFPEHyA5sFEJgQ8Lrs3z2pHc4ZwLmVYDZD3D,pumpswap,1790929727,0.00002913,16534.31,28397,28397,111.53,2111.1,16444.48,282133.96,1,2,6,22,172,161,2058,1862,-5.5,-29.73,7.06,-83.21,0,0,0,1,,,,,,,,,,,
1791086566,4ghFqXZdLnakD591oFKhA2tD9q7pSfhBWfkVRs125GGL,SATOSHI,HTGSKCLTjV5HcfMTLKy9xWoKyBkfJV4vTXW7Po9HUrUv,pumpswap,1790930170,0.000002840,2867.68,2722,2722,0,0,797.21,1009.34,0,0,0,0,8,11,9,25,,,0.58,-14.91,0,0,0,1,,,,,,,,,,,
1791086572,CQN2XwiCQh82Ghvp7MBdrpizE81i3WGjrNkdPJgBUEQw,Clanker,ESPD3VaB3pjTrYSQuisjWoFjwCCwFe878Hd4GfEmrewg,pumpswap,1790932670,0.000003015,2957.64,2832,2832,0,0,99.4,1440.8,0,0,0,0,1,2,18,32,,,7.08,-6.68,0,0,1,1,,,,,,,,,,,
1791086574,F1xCLUZhi9qH7m3iPvqzUAwFSmindzZwkQrxDSdFiZSS,GTAVI,H51jQhaAhHhi3qBXZZrTSvhQo55gdmA6wZ6jPnkfccRd,pumpswap,1790931614,0.000002670,2657.53,2508,2508,0,0,0,1.04,0,0,0,0,0,0,0,5,,,,,0,1,1,1,,,,,,,,,,,
1791086567,6VvwKp2wDd7ZfWubTXdXAhr3Z9ME2ta9Y2wPpwghpump,WWM,D8vGXgrx3kn27UhZfBQ4QMRXJh7WoZHSauiN1XctWxvV,pumpswap,1790932836,0.000003058,3029.55,2576,2576,0,0,0,6.13,0,0,0,0,0,0,0,3,,,,0.03,0,0,0,1,,,,,,,,,,,
1791086572,CM69VvR611vNwDVCQ7VhUXAv9kTNak9RxCSvYHSiCyBh,Ouroboros,9mXmePZqTsBi1L4fR6KGyAPtUgmS6XdJy7LRFtFKENoL,pumpswap,1790933567,0.000005720,4862.79,5323,5323,0,0,127.02,10457.3,0,0,0,0,0,4,105,120,,,-8.58,21.72,0,0,1,1,,,,,,,,,,,
1791086568,8MDW62Jb1zS58QfW2MrWv3dGUZJrgzJMJGBt5iRUpump,win,5BeiMTJE84Uk3yJAsm8GZta1Yc64VLYcdXogKNKBJQPf,pumpfun,1790934497,0.00006739,,67395.41,67395.41,0,0,0.43,1.69,0,0,0,0,0,1,2,1,,,0.51,0.33,0,0,0,1,,,,,,,,,,,
1791086574,ERHB4UysYrY9f7sS1JfKtjZ6q6gZsrxHy4GKpYZ5pump,PUBG,3ErBdH7zcyVteWrcUMvEwAtnnbRrALX2dYVv7PYHnupL,pumpswap,1790934182,0.000002208,2258.61,2199,2199,0,0,0,28.4,0,0,0,0,0,0,1,0,,,,,0,0,0,1,,,,,,,,,,,
1791086565,3kCar7DQx1jkknzcszvhEKT1LvEDC171ChFniGYNZBNE,TRUMAN,5wuoato3e9LR2fHbSPjvN9178A3QqbKbKsbdwLuDwGQk,pumpswap,1790936384,0.000002588,2576.01,2446,2446,0,0,0,69.49,0,0,0,0,0,0,0,6,,,,-5.1,0,1,1,1,,,,,,,,,,,
1791086564,2shsT2KMGVsF3LURpkgzf3GucFizCwsmkF9DUeWgpump,RAPE,HswiXqTeriop4NjQehufHVe5vfUEakpzccS76DJAvn2Y,pumpswap,1790934445,0.0001305,35614.68,125187,125187,0,39.03,439.92,6897.45,0,0,0,1,0,2,60,49,,-7.51,-10.56,53.82,0,1,0,1,,,,,,,,,,,
1791086570,8tyaSHgK5HEi42qHvUwpWKE9t4NCyGxutLV8hACameta,AUTONOM,68u1a7fh9hdy2d3MmujMGrkSdZx3Vqq19Q5M4qRMXCU7,pumpswap,1790934861,0.000007745,6358.34,7339,7339,0,124.59,2124.99,6793.77,0,0,0,1,19,18,83,105,,-2.99,28.41,30.11,0,1,0,1,,,,,,,,,,,
1791086574,EpzFGJXtXtabZnVzM8WFeXvgRFrWSQwGZvpgVJH1EuAZ,Library,CAzLDRhe6v8taMbrqCrqgtdPhbrjHdoWrCE1hpoWRHrQ,pumpswap,1790934833,0.000008781,6961,8498,8498,15.01,625.56,6442.18,30005.77,1,1,3,15,44,52,368,365,0.06,-19.57,-47.62,-39.08,0,1,1,1,,,,,,,,,,,
1791086574,EFvdLptvhf8nG9rzzgtuVMguHvSKjLH5Gmt1bZp77kVA,SAM,GKfxKpbDJiCWyxfZoJbzgUrsisc7g5Krv9SxpfEWPMTv,pumpswap,1790935266,0.000003804,3946.26,3686,3686,0,0,193.69,5943.32,0,0,0,0,2,6,65,124,,,-1.07,-54.76,0,0,0,1,,,,,,,,,,,
1791086564,2impoKAog7wGw2frpzDdFFCeq7XkKHtUUvLi9ygwpump,Vortex,6Gd9ayiyjo3eJEHnQFCbY3TYrkmS12WQBUXE46miruYX,pumpswap,1790936249,0.000002164,2208.68,2153,2153,0,0,0,1.37,0,0,0,0,0,0,0,1,,,,,0,0,0,1,,,,,,,,,,,
1791086568,7NELwkCyL2crujChTgtdKpR1jn2UHTe115v25rUSpump,OnionWeb,F5jQWstPUV7tfHDZPrHjg81ynev62VMV8qWMfgsnbDS2,pumpswap,1790937829,0.000004536,4437.13,4060,4060,0,5.97,598.64,2367.09,0,0,0,1,3,23,25,115,,-0.05,-23.35,-29.44,0,1,1,1,,,,,,,,,,,
1791086574,EwSwuiA5JJ788WV66h7kLed2M1uKK6dbn67cSbeQpump,UPAI,5cZ925n6ckfUma76kqeu4pweAMHaHqfDi4QgvLizSXTP,pumpswap,1790937912,0.000002137,2174.68,2127,2127,0,0,0,0.01,0,0,0,0,0,0,0,2,,,,0.52,0,0,0,1,,,,,,,,,,,
1791086568,89PNM5oG8RkTSbnRKySNX9HSXXKtVSBDyF9X2Rf5pump,wwg,21Q2MZcKAxCvYqYdMNYv7BF5tAq8Vxh2NHXfgFLmAyqV,pumpswap,1790936706,0.000002240,2361.73,2225,2225,0,0,1.26,1.26,0,0,0,0,0,1,0,1,,,,,0,1,1,1,,,,,,,,,,,
1791086566,5R7EZqAQxm3AzxSVgCMcBLxPdkQbsX5MEJBybGvCQocf,SISTERS,5f6FYEkyGvBMEcrbbvcETAR87n84fkg1AXaWVsuQqMoN,pumpswap,1790946274,0.00001696,9948.27,16314,16314,0,126.53,2306.34,34796.32,0,0,3,2,28,29,317,284,,-0.2,-10.82,3.1,0,1,1,1,,,,,,,,,,,
1791086567,5cvUXei9SCWo5vjKnTarVWbQMAFhKMSZcRje54izpump,LANK,8CV5MLyQ8wYGVBuos93xWhwNvYJ7BnXCzj529CGY49kZ,pumpswap,1790873967,0.00003807,15915.49,36891,36891,0,38.97,4031.95,23617.33,0,0,2,2,30,32,232,147,,-2.5,-12.64,83.24,0,2,3,1,,,,,,,,,,,
1791086571,B9mjRdHKf3rr7FDBjDpYCgUJdnLj8CcukNNYe5hUpump,Vortex,BmHwyb5T91Zv4ZKsXVa4LRVEBQddntsamEoznKikqd19,pumpswap,1790939726,0.000002193,2253.65,2183,2183,0,0,23.32,23.32,0,0,0,0,0,1,0,1,,,,,0,0,0,1,,,,,,,,,,,
1791086563,23Qh7W7ZdXXVJarqprTjuVKBQH1vpqfU6R3gXY4Zpump,SATCHI,HHPasf43Qyng5ivS3oAAxSksPnrxvLVhuyAvxiQzEZcC,pumpfun,1790940755,0.000005629,,5630,5630,0,61.42,61.42,80.63,0,0,0,1,0,1,0,4,,-2.48,-2.48,-2.17,0,1,1,1,,,,,,,,,,,
1791086573,D4KmLi3zAUawZFQUWQQodwiWTudtUBDu9FdoCSxBpump,Mammoth,G3oJpybwGyzpyifaQsXpx5JzXXUZDjfoQj8Kvv5tVHgh,pumpswap,1790941721,0.000003555,3367.51,2726,2726,0,0,0,1.97,0,0,0,0,0,0,0,1,,,,,0,1,1,1,,,,,,,,,,,
1791086564,2y4XLBAdpD1bnf38KXLdBQvCUp7E6GWaf3ooSMMJf5Cw,MEOW,7ZFqw3eomCjXpAYVFv4amhwaCPGDkwuCZjwk3XqE41Eb,pumpswap,1790941605,0.000003517,3485.83,3419,3419,0,1.26,11.57,608.83,0,0,0,2,1,7,5,32,,0.21,0.32,-15.83,0,1,1,1,,,,,,,,,,,
1791086574,FFtp6pxteF52PX3gryHrhQdxWze23Qzh7vC3kKzVpump,PUMPFOLIO,EGVugw6Fu1nHCxUkx4urwz5gfXzZyzHbmMdZ3PYhDd74,pumpswap,1790950201,0.000004216,3878.61,4018,4018,0,14.52,116.69,1736.52,0,0,1,0,6,5,47,45,,2.43,1.79,10.06,0,1,1,1,,,,,,,,,,,
1791086577,JCsKWhELRJ8MhEZjUDdCL49mntw8fx27bKAgCMgSGhcQ,SAM,FSX1VaQ8kWRmrY8S5SpCxU94Q6WKUWRP1yJkUS9GYwpK,pumpswap,1790944284,0.0004458,64808.85,395787,395787,1800.17,41887.72,288681.95,1211201.79,12,10,255,219,1576,1559,6414,5741,3,49.79,48.29,788,0,1,1,1,,,,,,,,,,,
1791086574,FESndbiwyTH1i1itf3FxV9HCKFNy5U9RnFp8ER8nwPgC,CATGPT,Gp2ZMrbfbQBDYuwLdGV2rmdqUW1xs8ogudtnSMi6Ede2,pumpswap,1790916727,0.00006613,23123.66,56015,56015,613.89,5681.8,78819.49,507257.5,5,3,45,42,565,489,3303,2611,-5.42,-10.44,-27.86,232,0,1,0,1,,,,,,,,,,,
1791086577,XLBLxbY1Mr7aadnqAbmqSBXLEyUdjvUXtXCnz8Mpump,SOCKET,BA2YYZ4YUKsMCMDGpqrV5FQiotGnyKrc571pFhc66Gje,pumpswap,1790942605,0.0002013,48311.79,196523,196523,884.42,7790.76,171352.97,2115150.13,7,9,79,154,1091,1450,9680,10504,2.49,-7.18,-48.62,-76.57,0,1,1,1,,,,,,,,,,,
1791086571,AJPertGGMDmM75fb6jiB8MPfFu61ouLDtW6UBvf3pump,BRUME,H7pt7KK8pB8xHwpF9DHrgdZsZb6yBjZHhGiUkigyaXwZ,pumpswap,1790942221,0.000008782,7094.09,8584,8584,0,494.99,2009.65,15795.03,0,0,10,7,35,30,256,265,,1.81,31.6,30.27,0,1,1,1,,,,,,,,,,,
1791086578,jSC3hfcrTcxQzRQ3DhbhQvjB86z8ubFY5N6BsGw38pu,TED,9o8T7xsGspSEirqinPiiDhX5dB57pTV7kmevxPzWsPdZ,pumpswap,1790943519,0.000005201,4557.22,4951,4951,0,3.69,138.81,9758.96,0,0,1,0,3,5,109,128,,1.94,4.89,-34.97,0,1,1,1,,,,,,,,,,,
1791086575,G7k8YPnJL6jKmA1H5Pt9sPLXhcd6YXjexHgmRQ4zpump,TOKEN2049,8E1Zcg4VqnNetv4Pp6fVyYRFbDqUj3RueCcSyJM8sSSX,pumpswap,1790943935,0.000002422,2644.9,2381,2381,19.49,39.19,376898.88,1374290.11,0,1,1,2,6170,6116,32404,19717,-0.97,0.83,-99.91,-99.83,0,0,0,1,,,,,,,,,,,
1791086565,4QqY2xeyStveGr2sAgTPUYH6Jf7xEjZjf5ygkieKpump,DIEWORK,G1ruGEadUBHVNDUqh3HSbKRMPz1ZEPgucLajS95yxHyp,pumpswap,1790943726,0.000002498,2544.01,2425,2425,0,0,9.6,17.01,0,0,0,0,1,2,2,10,,,0.74,0.71,0,0,0,1,,,,,,,,,,,
1791086566,5Uu3LJg9zDmFL6y13fXHUzAwP4U2Rz3eXbp8R46Xpump,Google,4eYjvH1XTTYjmW8bgPG4PM6XSp6UXnKNkxqHK4XnzYt3,pumpswap,1790944742,0.000002148,2171.57,2138,2138,0,0,0,1.52,0,0,0,0,0,0,1,0,,,,,0,0,0,1,,,,,,,,,,,
1791086575,FtPgCJkZhb7RLVpU5ysH2UPTFwtRYb3EriABP1EHpump,Morrow,8wxUZ8MfPkg6d48Y5nB3nAvpUi9H3MCvSKCHQJGN1yK5,pumpswap,1790946357,0.000004504,4151.71,4343,4343,0,8.55,230.63,3283.15,0,0,0,1,0,8,43,64,,0.38,-13.82,-35.05,0,1,2,1,,,,,,,,,,,
1791086577,HjtrhQgF6MZWmuok2U7Y7N397bVCueEd5mi9cceMpump,CLIPPED,Gw5uBeP1UNn2pnv7Y5wS8429Bk1f91dhiXin3jk56eUz,pumpswap,1790947952,0.000002359,2354.92,2259,2259,0,0,0,23.42,0,0,0,0,0,0,1,1,,,,-1.32,0,1,1,1,,,,,,,,,,,
1791086573,DDGPxc1kb2EFV5zmwznRQGkRdmmSuuHffths1NsEASY,CNDT,9CoLVPU5AtQagVnk3hp3Fr6KVNVYWVYhKBRThKeHEXQE,meteora,1790944850,0.00001652,11849.82,16526,16526,0,62.09,2697.08,27895.35,0,0,1,1,35,29,302,221,,-0.48,36.25,12.39,0,1,1,1,DYN2,,,,,,,,,,
1791086578,aimWi843dwsu8FpqoU8gWHcdNLBao3UDpiCpvTnpump,DOTF,ddLTDEafD1JS3VCya6Cgzx1pbQaQY17EJKxWj1cwVtb,pumpswap,1790947300,0.000002655,2657.96,2655,2655,0,0,48.77,1094866.42,0,0,0,0,1,1,2741,977,,,5.07,-100,0,0,0,1,,,,,,,,,,,
1791086569,8ke6hMvsqxoZWGcDWxuEQyUTC5Zc4mXhDsbBAsAaKUDJ,SITE,HiNyEgRxdWMuGwWmNEZKR6ivAhqk9uXgJacMN6VudAT9,raydium,1790947358,0.000002502,4742.5,2503,2503,0,0,0.54,111.93,0,0,0,0,0,1,4,16,,,-0.23,-7.8,0,0,0,1,CPMM,,,,,,,,,,
1791086567,62xXDGjFd1nzZkuAXS3hwMy7wpNkJg24BjByRpQ7pump,Pepecoin,2XHCTZnkE8iCL25meqyvEcJfwBUo5VpmfkTdvYWo8Rjy,pumpswap,1790947299,0.000002860,2814.31,2434,2434,0,0,0,0,0,0,0,0,0,0,0,3,,,,0.28,0,0,0,1,,,,,,,,,,,
1791086565,3x2NqY94bxePELsKqF3yn94iRSk8NvPd7MndeV1ypump,HUMAN,GcWjNuxysNJGb3kgZ46UmsjVSwuPNF6PwkEJNi81AL22,pumpswap,1790945949,0.000004502,4480.04,4364,4364,0,3.78,196.51,5021.31,0,0,0,2,2,12,69,156,,0.2,-4.69,-8.06,0,0,2,1,,,,,,,,,,,
1791086565,3bJng4B4gBHe94UmQo84RhwYDbdXeDNwTDDdRz1MdPjz,Robinhood,2sgyvYx1za7bw3eNxtUvgazTzqbfJAQ4aVbyZNGWY9kH,pumpswap,1790946747,0.000002143,2159.92,2132,2132,0,0,0,3.28,0,0,0,0,0,0,1,0,,,,,0,0,0,1,,,,,,,,,,,
1791086565,3QVhc5zfYrGNxc1NYwjvJnXxehxtnrwRMqDvxPN9pump,FOMOAPI,PQUKmvMJW2nqc63gohEUguiaw5YwYqoY36GeynP2dGg,pumpswap,1790947940,0.000002644,2621.36,2426,2426,0,0,2.47,24.74,0,0,0,0,0,1,0,4,,,0.27,-1.13,0,2,1,1,,,,,,,,,,,
1791086564,2pki9gZ4BGjYjD8eLeyrw8Y6ZxJtsKo8XoXbUovkn1Js,DOG,8wrqNam5rYkwh2DY8x6TqKPkVYV1jXLaMDZ821AGgc7y,pumpswap,1790947939,0.00001258,8277.27,11040,11040,0,580.67,6996.2,52953.18,0,0,8,6,42,52,494,462,,1.1,-27.51,10.03,0,1,1,1,,,,,,,,,,,
1791086573,DNSnAA99jrVUCg4GvL6LEVfFHBnGpnWA2k3CkRvZpump,WISP,Eba8gxzeDrXpo6ZtMK18sSpTuwF9KUWxPy6EXFB7ERAq,pumpswap,1790947339,0.000002785,3106.76,2697,2697,0,0,0.04,35.61,0,0,0,0,0,1,6,20,,,0.18,-0.54,0,1,1,1,,,,,,,,,,,
1791086572,CDyNcxpSMMoWrXQgW3FHNzvHNww8aKyqzBRtb31Rpump,AIc,ABRYNCib5uQ1aTVdd8SyxnbjLaiioJkszdpTgag2HaV7,pumpswap,1790948978,0.000002740,2752.62,2400,2400,0,0,0,0,0,0,0,0,0,0,0,3,,,,0.28,0,0,0,1,,,,,,,,,,,
1791086578,ae86F9URKdFdj937YjFE6vUJByo54Q9mMkfMqdTpump,APEING,BecPfbup2c8vzLwQek6TbTypSanZADyUaz9jtwA9juYh,pumpswap,1790948462,0.000002174,2187.79,2161,2161,0,0.27,0.27,4.89,0,0,1,0,1,0,3,0,,1.22,1.22,1.44,0,0,0,1,,,,,,,,,,,
1791086570,9JTmrmD2CAtFknRvQR3td3UYSpcSRL21xngjtLnNpump,GIGACHAD,3DdEqdhu1va8yydqbUyKYoVVmn4dznnMZPpa65Gxq7fT,pumpswap,1790951090,0.000002932,2960.77,2776,2776,0,0,0.11,394.4,0,0,0,0,0,1,2,23,,,0.1,-3.11,0,0,1,1,,,,,,,,,,,
1791086576,HN1KjpxdrWKt3rzwAQ6dthvKcUoUtSk58AZb61Xipump,SUPPERINU,5jBRk6XtWk3zmeU2TajcvXsko2EpdNtqNPNUvpc5NYwd,pumpswap,1790950513,0.000002679,3006.95,2651,2651,0,1.22,66.67,67.83,0,0,0,1,7,3,9,4,,0.04,3.96,5.32,0,1,1,1,,,,,,,,,,,
1791086566,5ERm91cZU23D9Ymb539AhtBgbkojRaza89Dm23h3pump,SPARE,65pnVZp3SXbMS3JT8qQSGK2MxopUmcgtDTpoxQzEziB,pumpswap,1790951800,0.000002478,2476.34,2353,2353,0,0,0,26.91,0,0,0,0,0,0,1,5,,,,1.48,0,1,1,1,,,,,,,,,,,
1791086568,7CTRbkV1tVuq1f59pRxT1Pb2W5AHG4gM9FMH4rGzKiXv,si.gov,AZuZuTjHimKR4ouHwrZr4Aeq7acALBmopkvpCxyBJNRc,raydium,1790949949,0.0001685,37332.51,168565,168565,83.11,2992.11,20066.45,170815.36,5,0,24,15,152,129,1331,1011,-3.91,4.53,-22.62,5.15,0,0,1,1,CPMM,,,,,,,,,,
1791086565,3st8R9eftjF5GnuhaeeMNGSKMFQbBxFpKg1ZrKh9tBaV,MIND,5rRthU5Ns2eR92ocvCKnpwG6P36c8RM9KEnL8d1gcVwT,pumpswap,1790944149,0.00001887,10818.69,18137,18137,299.45,3251.38,45943.52,284484.85,6,2,56,28,531,418,2326,1880,-1.24,-22.11,-69.69,67.48,0,1,1,1,,,,,,,,,,,
1791086577,HvRdz7YWW1ksGU9gAH4TzfHccjAoajXg2Rp4GXhsdMCS,AI,HMA4mobg9tRvT1tQvgkv2EGXRBFCkx1Huje4DPhN6pGQ,pumpswap,1790951795,0.000005865,5451.65,5754,5754,0,3.97,632.46,12689.28,0,0,1,3,5,16,181,165,,0.21,-22.93,-11.62,0,1,1,1,,,,,,,,,,,
1791086571,Am6SB1xhuwyv6hENfR2uHj2fvKeo87KN8vVw28RcrmEa,Cassie,CeRmxAsiigonctygud7ict1dunHKrd3ztXfmTdQX9ZTz,pumpswap,1790954777,0.000007882,7023.19,7708,7708,0,279.28,398.44,20280.94,0,0,1,4,5,25,228,329,,-8.34,-10.11,-68.55,0,1,1,1,,,,,,,,,,,
1791086568,7oNqxLCwfggUUEfjHqg6KDwwnqYjfDC8L4emV6iMgHej,WIN,DXw6RTBzck1NG1CxHh3rpeYwHhaS3dJ8Yy1rD22h22N6,pumpswap,1790954213,0.000003055,3167.49,2961,2961,1.2,11.32,34.1,802.98,0,1,1,3,2,9,18,61,-0.43,0.35,-1.55,-27.11,0,0,2,1,,,,,,,,,,,
1791086571,AsoVfPHWY5YHCpc4aMzUcMENVRaC9Rjje94BpkxcW2VE,BLOBBY,EEUaf7rxYuUa8L2BNV2k4T5ahLYHKxefkB17W73okjFW,pumpswap,1790953326,0.000005797,5424.5,5434,5434,0,0,4.07,87.1,0,0,0,0,1,1,1,7,,,-1.69,-4.1,0,1,1,1,,,,,,,,,,,
1791086568,7jL7HbPLV26jdwdhqmtxByUb6Ykshehq5GjjtmYtpump,SHILLR,4dREtLqXqb1jzEcsKkV8SapDGx6WJg4EveFKJwMyRD2S,pumpswap,1790953747,0.000002449,2450.91,2329,2329,0,0,4.13,10.08,0,0,0,0,1,1,1,5,,,0.17,-0.18,0,1,1,1,,,,,,,,,,,
1791086574,FBtPrfHU7qZJjgtG5Ljj4gdxKxx4JiEKwAgHtM1py2eG,INUINDEX,BAvjCjU6GBuwYy4rtrj6u3qS7onCTfyubHUdPfpEc715,raydium,1790947769,0.000009013,7915.94,9013,9013,181.74,611.96,6825.04,31637.5,0,2,9,9,63,62,265,268,-8.79,-24.4,-57.46,39.52,0,1,1,1,CPMM,,,,,,,,,,
1791086565,42UmhgRdQfuG5uFCjyvCpssNf5urVsT5UJqkgwaYgr1W,PULL,8ty8nNBc7wcw5YooP487rnirBzVGTLJkygRj52YFBXuL,meteora,1790953511,0.00001207,9979.52,12047,12047,0,29.53,1285.7,88583.97,0,0,3,2,16,17,645,503,,-2.34,-4.3,24.35,0,1,1,1,DYN2,,,,,,,,,,
1791086573,CiAszaNZULwaVAb1FdSWtKSvjVcHu9KcNCaBdt9cpump,ARTCOIN,HQdvkZCmYGqjYRizXt7TC1Zc4BA2hLWoEorkEDzM4CyF,pumpswap,1790952982,0.00001150,7697.15,10982,10982,0,378.7,755.75,10450.27,0,0,10,12,14,20,80,95,,19.15,8.51,-21.38,0,0,1,1,,,,,,,,,,,
1791086564,2ajCoACqG6y5onCVcL8chbHWNSymSFQvDLqxT7Hzpump,LOOMER,EzhAK1VXmNzdpA9bs5Cci1D6fP8h8miYidEjkN8My2fa,pumpswap,1790954395,0.000002322,2329.2,2229,2229,0,0,0.46,0.93,0,0,0,0,0,1,0,2,,,0.59,0.59,0,0,0,1,,,,,,,,,,,
1791086567,5tckuF9AczEH59JtQA1DX72ATzSR6k7k8Nt2jhHtpump,PERRO,3LQHsRutvPtck79jLJt8QxKbSqB6ADesPGXJQcbsWs9h,pumpswap,1790954148,0.000002559,2853.78,2475,2475,0,0,0,4.16,0,0,0,0,0,0,0,2,,,,-0.19,0,1,1,1,,,,,,,,,,,
1791086566,4jdKhCf5TifzDEZN39gXzcoDMEpTARy99WPSGNGopump,TOILETDOG,4kbs4bLpKuRsHhqo4stEvsAeun7fMrL9inQw9q8neH1F,pumpswap,1790954500,0.000002938,3467.9,2821,2821,0,0,11.38,11.42,0,0,0,0,0,1,0,5,,,1.05,0.03,0,1,1,1,,,,,,,,,,,
1791086563,2AKrTTVNsxhHV2FLNBWUBv6W6Vq35VJMuiAhjsKjpump,ANON,FYKNaNKGfqR5RYSKcX56ijvYKADGekefnD9p5x97wFZ,pumpswap,1790952843,0.000003496,4292.42,3474,3474,0,4.93,23.62,480189.18,0,0,3,2,8,7,7777,5691,,0.58,-3.16,-99.69,0,1,1,1,,,,,,,,,,,
1791086574,EXpcefxiFG9FomELkRpWWz8x1ux7H5FeCVrfySR1pump,EVILFOMO,BHLfQgCmVmytNMD78jXQtd7xbVTEXWtezQqdziEk9nbL,pumpswap,1790954376,0.000002427,2578.1,2342,2342,0,0,0,3,0,0,0,0,0,0,0,4,,,,0.71,0,1,1,1,,,,,,,,,,,
1791086574,F1xMp7RdfGRfmBWtwB9P1airCGQDAtLCuMo1e5d2f1hv,BLAST,9P5RGHagCMvyugeweimABfjiuEXGpyB2Qta2Agok5Ejk,pumpswap,1790955714,0.000003000,3111.28,2915,2915,0,0.96,1248.91,3347.6,0,0,0,2,12,16,54,66,,0.58,-10.2,-32.37,0,0,0,1,,,,,,,,,,,
1791086567,5YpxZx5vVVTSEQ9qHhjeTXgoXW2SGxQSczSrDtkHpump,PACT,8qMScky4rzEw4cc8wtbLCs2AEiVRAFaZKKeLxRpAzTKm,pumpswap,1790956474,0.000002427,2420.15,2273,2273,0,0,0.54,4.77,0,0,0,0,0,1,1,2,,,0.57,-0.73,0,0,0,1,,,,,,,,,,,
1791086571,BAhHTyR2oGXZyCweHp3cfd2BC5p4nTX7XuQNtCB6RKHf,SpaceX,EPX71kVLpJMkkkvr6bz93cVbQJpfDEYtKTK8shEG1n8S,pumpswap,1790954049,0.000002165,2197.84,2153,2153,0,0,0,1.2,0,0,0,0,0,0,1,1,,,,1.34,0,0,0,1,,,,,,,,,,,
1791086568,6ujCFTQY3mzrtt5wmprFrgfA3nYyPGid3SNvmiiGt7x6,BULLWINKLE,GFW9GjQWFqRaQqUV7vKqkipSDUXhygSNyh832zTjJjwZ,pumpswap,1790957404,0.000007044,5892.87,6582,6582,4.84,130.94,1806.8,26799.19,1,0,2,4,30,34,403,425,1.23,-4.17,-34.43,-64.81,0,0,1,1,,,,,,,,,,,
1791086567,6WqaLfa39S2tEpvxquYudUofMzAqNy5ZYr9DzkHdpump,WWWCAT,GpF4fB74X9Tzy2f7nKtUZoU9vzdDNKppB2Brex9DKnPa,pumpswap,1790957054,0.000002373,2519.6,2331,2331,0,0,0,52.5,0,0,0,0,0,0,2,4,,,,-1.26,0,1,2,1,,,,,,,,,,,
1791086567,5krNQZMsiM7qT9KhzettHKEamQDUxaPEP8jCpjdQpump,pumpcat,TSq71CzLbZmqBPdjKtwoNJtoUgbbZqUHUaydzhSGrxf,pumpswap,1790956509,0.000002388,2587.62,2352,2352,0,0,0,4.06,0,0,0,0,0,0,1,1,,,,0.97,0,1,1,1,,,,,,,,,,,
1791086568,6fK5ohw22QHti86MQbcbty7rsW7xKTBjjjx7XZ7oe23V,Met100,7ZFtpHH2ByHTQHybumG4E3exKJ58sJ9mLTnZSoUqmjox,meteora,1790956763,0.000002638,4640.7,2638,2638,0,4.63,11.57,312.98,0,0,0,1,1,3,10,24,,0.38,0.14,-4.4,0,1,1,1,DYN2,,,,,,,,,,
1791086577,TEX8ns7HJ697ZXsXxP9uX7jv1VChGxmg7daZtzjUSpa,CORTEX,4N1ZPAmFAmwdP8kiThydSjVTW1dT6kU9HnSLaQTS5C9J,pumpswap,1790957025,0.000003133,3064.31,2989,2989,0,0,7.31,187.1,0,0,0,0,0,2,2,24,,,-0.66,-13.61,0,1,1,1,,,,,,,,,,,
1791086568,7keARBfdz79MdMTf3fZrswyvLgAs3Qi8JiRmy3u2pump,SR,AAh3sFjQVobLzSEReScwdAk3ahTucKUafQhgWsqGQBqq,pumpswap,1790956454,0.000002807,3177.31,2757,2757,0.37,2.24,26.15,95.24,2,0,13,3,39,14,104,49,-0.03,0.52,3.87,6.31,0,1,1,1,,,,,,,,,,,
1791086573,CxjdQW3ssu23fPwtJqMr7biVH1j7xwzUwb3vPTMhpump,GRANDPA,AiKu21Rg1aDzVsevCkZh7knuMparYKWGdCoRiygSew3k,pumpswap,1790970995,0.000007278,5740.48,6916,6916,0,0,1018.7,34705.76,0,0,0,0,9,9,450,445,,,29.54,-34.74,0,0,2,1,,,,,,,,,,,
1791086577,ViUYyaji4grdaJh9X8gnKq5tpd1RDynPu7kmkDPpump,Steam,Bi8tvF1fAbXrhxu5a9mRrojHHkuq3zh4T1oavdMLhWVY,pumpswap,1790957973,0.000002376,2388.06,2231,2231,0,0,0,0.12,0,0,0,0,0,0,0,1,,,,,0,0,0,1,,,,,,,,,,,
1791086568,6jZ7huKG82w1TrAkGAudCwBKz7LiWL4asVwBgyjCnTxh,Moose,BCk6C6pccmUSmzfopzkWRZ8CnY4cGFasutxaXcKKSUER,pumpswap,1790957224,0.000004097,4359.81,3984,3984,0,12.14,132.55,9232.22,0,0,0,1,2,10,52,148,,-0.22,1.94,-10.67,0,0,1,1,,,,,,,,,,,
1791086578,gGZwv7j9mEJTq4rKVkp7X9Er9iR68bPViauY5q4pump,Skydance,CS32dTdo7Dvh1waM21Lv5sn3qSxiSQsmezsnPfKkJT4y,pumpswap,1790956533,0.000002231,2247.1,2214,2214,0,0,0,55.73,0,0,0,0,0,0,3,2,,,,3.36,0,0,0,1,,,,,,,,,,,
1791086575,GZw7LxHtQKSQ1YsGnpNH7SovnBF8X6poYgavHwrmRekp,MASKCAT,G7QKTr9Lr3pF44Kp6ALkW8sExiGDXbG2JaJtzRtUKK15,raydium,1790519021,0.0004979,88781.75,497985,497985,0,2583.54,32954.67,249574.77,0,0,5,12,149,89,1196,860,,-8.66,-24.35,-16.28,0,1,1,1,CPMM,,,,,,,,,,
1791086571,B5bKnQXYr2NtkSY7PBVT5LnSx2fLgdrtPWYvjZKJAPAY,PAYPER,G5heXEUXLPXGZyNG7P6uyFz6upTZk3PRoQwrb73iSc3A,raydium,1790956848,0.00003327,29246.77,33272,33272,0,0,1067.49,14046.76,0,0,0,0,8,18,79,143,,,-8.68,-24.54,0,1,1,1,CPMM,,,,,,,,,,
1791086578,cSn8JKyeeoqLuyif6MFMiwhnjaDKoaYttr2Pox699RA,CONVICTION,3YE3hncPDJm8dyLXSLaPKqwtD7iqwu7y4sZNpHNoHqKF,raydium,1790956335,0.00001524,10169.54,15248,15248,0,0,3.01,4286.71,0,0,0,0,0,1,12,41,,,-9.45,-63.93,0,0,1,1,CPMM,,,,,,,,,,
1791086575,G8L93Qtyyid9nBwhnXcFwLHSyBa3iVGrTJ35JFkLpump,Anthropig,4WE67R3Epn2Jz2Z1UrvJcuuzuGJQTbWwE6kc686XJZUS,pumpswap,1790956458,0.000002270,2410.06,2249,2249,0,0,1.44,28.66,0,0,0,0,0,1,0,3,,,-0.95,-1.83,0,1,1,1,,,,,,,,,,,
1791086569,8hqPzBRtRW7m9wqTDRzF4vfQpuLNk69rkh8DEzhrKwo4,BELL,G33iM8rJB7CEoea4SrV1cEnJiTViKWRWamY2KPsaQPor,meteora,1790954372,0.0001646,37200.42,157796,157796,93,178.43,61574.9,149726.74,2,0,4,5,154,164,444,358,0.77,1.2,-49.89,281,0,1,1,1,DYN2,,,,,,,,,,
1791086575,G9p7h8bRUMFjZBDZ9Q8Sv3mQmDLJFiYPTLKrNzzFGn6B,MAZK,3c2L6XtjMuAFfT9qirHiYJg75VdqKaDyoE39pFRcETUG,raydium,1790956759,0.00002325,14534.59,23257,23257,0,134.97,812.62,11355.66,0,0,0,4,4,14,60,97,,-3.02,-25.13,-14.83,0,0,0,1,CPMM,,,,,,,,,,
1791086577,JC7mHcekQi78MyAE6YttG6J9QDMcmNuWbCqwcch3XsKW,Codync,Cw3U3Wjen4JkayTo23ozYkXuoEBQ5rRkEjYC5pN8J5aP,pumpswap,1790958387,0.000003146,3068.6,2963,2963,0,2.98,2.98,9959.49,0,0,1,0,1,0,109,117,,2.44,2.44,-7.94,0,1,1,1,,,,,,,,,,,
1791086573,ChnjqZabVCTWYxU7YF6BbJxzZek2NKgmDNkGXSqKpump,$XALL,J68Se8nQB6dwWr8A4cyvhkHQUuVpmDHyYJuspN7qtKDP,pumpswap,1790959059,0.000002478,2634.24,2449,2449,0,0,0,99.9,0,0,0,0,0,0,3,9,,,,-3.45,0,0,1,1,,,,,,,,,,,
1791086569,8dBnKHwNYH3hz2fFTJczVwzBTpJFAMtc53k3uA4zpump,FILLED,A8JMWc6ijm7dUUBFTgRcPG9hqGsN9gipKj39q1hbhQZk,pumpswap,1790958086,0.0003843,76265.75,372717,372717,631.23,56864.75,146470.43,935124.44,10,8,232,194,834,657,4278,4097,4.35,5.56,-28.91,-54.43,0,2,1,1,,,,,,,,,,,
1791086564,2bs4mEZsUuNGkYeFsGuQ2YP8rTyNkqnwR3MerHZEGRSE,callinu,7RgF5HdMJydAV8s3FiCBVPEjkX9E3eaJbM2fuYFNx41Q,raydium,1790955960,0.00002023,13574.98,20235,20235,10.76,118.95,5022.17,58822.41,1,0,3,9,41,49,425,445,0.32,-2,20.82,-36.66,0,0,1,1,CPMM,,,,,,,,,,
1791086570,95WF7wLb9gcET9kGYp3wSXekSdrYceLmJHSXonetpump,CATFLIX,44qvqXhiGiQifTKkENRRLyDPEDkYNC92cyepMzHwBhMU,pumpswap,1790959562,0.000002395,2587.65,2354,2354,0,0,0,1.12,0,0,0,0,0,0,1,2,,,,1.52,0,1,1,1,,,,,,,,,,,
1791086571,APxxh2tWCh95tbHitFJchcdbMsctSBgRS2Zzju9Bpump,JUGS,G4ac6W2sJgqojixx27b9ioDa6hW6tGm9ZVRXHSZNjWzm,pumpswap,1790979223,0.00007327,22862.4,70319,70319,0,740.47,2843.45,10736.77,0,0,20,1,37,12,84,84,,12.54,61.98,26.75,0,1,2,1,,,,,,,,,,,
1791086574,FHdxi5H9gvfA5Dp56M8nWC9jruDtcPKT3sg7wmongHPo,Bili,7nV7yWsHieTvSzLH1WKVk8FLc8PB72vaijQ6Ud8foggZ,pumpswap,1790961751,0.000003134,3187.75,3030,3030,0,24.5,44.35,1279.19,0,0,1,0,1,4,25,60,,2.38,1.21,-15.32,0,1,1,1,,,,,,,,,,,
1791086570,9cbDbgUNQbBjWDoVSL4SdV9LFBjNQ6ZriEfYUGUqpump,Pico,HZCfBpAS9okgnXPfzRdK4J4BMvFVhJnxN7r3ifYja8GT,pumpswap,1790961495,0.000002796,2842.18,2686,2686,0,0,7.41,826.16,0,0,0,0,1,6,8,46,,,0.28,-10.34,0,0,2,1,,,,,,,,,,,
1791086563,25PcSP8DwTBtgtzGK9rcUKsEqcN95VmtPwzARKpjpump,FELON,G4pcesaXEnzAc77RZ68chZ6AtQMJZDB14hjKZZUHfGMw,pumpswap,1790959964,0.000007285,6382.69,6962,6962,0,0,40.7,14023.9,0,0,0,0,4,7,168,132,,,-7.25,69.94,0,0,1,1,,,,,,,,,,,
1791086568,6jmJbuPy6m5ZqvwbvGp21iT3b7ebG6AEhsy4jER2LYFm,FISH,GL6RAWLzUY2hzoekbUtJbuVeGiuCCPnsLv1yq8kAt1A4,meteoradbc,1790961263,0.00004904,,49042.32,49042.32,6.3,334.88,1901.01,40978.21,0,1,11,4,47,267,332,1808,-0.11,1.55,0.78,-52.2,0,1,1,1,,,,,,,,,,,
1791086570,9jUKtKNSHXhiSb97FnwPMCxN6M5Wcvg7LKksmb43jP1M,BURNING,2fLKmJNcqApZm98WpM8akAiJd1PR6jm1NtXK8CtNvnaY,pumpswap,1790963149,0.000003200,3095.64,2830,2830,0,0,0,1593.3,0,0,0,0,0,0,11,22,,,,-32.15,0,0,0,1,,,,,,,,,,,
1791086567,6DrVZ746mG3ccccVLpX4ZdCjnVZt5LNzrZJ4GeAhpump,pumpjak,Dxd1sTnuoYA9m1Yhmuctk8zrR4NGHAugNMgruoaRAeJR,pumpswap,1790964388,0.000002961,3423.58,2884,2884,0,0,9.76,264.13,0,0,0,0,1,3,3,20,,,-0.3,-6.14,0,1,1,1,,,,,,,,,,,
1791086570,96mZLgQjGXtLj3oKWr2CV2dnfSmabLA23LjE8iVUR3WG,Lemon,CLx9DANVKhsr1j87o2gPqr5ynzTsqSs7MG9dLPn6sY2t,raydium,1790964974,0.000002927,5176.6,2927,2927,0,0,197.78,1109.27,0,0,0,0,4,3,11,30,,,-0.49,-20.01,0,0,2,1,CPMM,,,,,,,,,,
1791086571,BJzk9dSj5iQFTrSJT93tVztHFMzP714NoYeHFfPzb1Bi,PUMPKINCAT,CBXgR3suNnAadba8nSrm53GA4w4PSsQBsavST7AyZBzM,pumpswap,1791055469,0.000003123,3029.95,2949,2949,0,6.22,130.29,26224.54,0,0,1,1,3,21,290,415,,0.4,-7.03,-93.56,0,0,2,1,,,,,,,,,,,
1791086566,5R1XNfbLqGDe7vzrNLKMqM7zyWmd2Savrt3QfGyGpump,NIVI,5MSZjg9EhMGBWp5crjAjVauDCE5ZNSz88y7GvjGFMuTi,pumpswap,1790964116,0.000002537,2745.29,2498,2498,0,2.8,28.55,107.18,0,0,6,4,31,13,94,41,,0.59,2.74,5.5,0,1,2,1,,,,,,,,,,,
1791086569,8hr5NVzUbRWaywAPgiQgaarzUq9j5uCroZ3rLft1pump,GROKCAT,73HZef2stkkqdMjUMgefneZGtam5aAr1d59A3W9Equmo,pumpswap,1790962773,0.000004010,3967.88,3943,3943,0,2.75,179.46,1569.64,0,0,2,1,9,16,68,107,,0.26,-7.97,-14.1,0,1,1,1,,,,,,,,,,,
1791086572,Bif1tMoPbLnwjAkLjdRMLF6jTG5dHG1PfM49i5Tpump,memeagency,AtUE8UpNycbtZhYsoqS9LKpguRcx13FYaiiLeHSLi2fh,pumpswap,1790963976,0.000002305,2370.84,2234,2234,0,0,0,0.34,0,0,0,0,0,0,0,4,,,,-0.18,0,1,1,1,,,,,,,,,,,
1791086572,C2bj2HbEsnv7bSqQe2bQ7uGrf7MHXNN4cSmEVRMQpump,Apu ,9GV1Etzq1h76FXtBdC9nApYbYXmEv3NTtwDeuTuLQqGz,pumpswap,1790963493,0.000003621,3743.42,3528,3528,0,1.04,10.78,4869.34,0,0,0,1,0,9,78,230,,0.21,-0.47,-73.19,0,0,2,1,,,,,,,,,,,
1791086575,GT5PzaVt2wQvDnowmkNNPGRGL5gEcLb7dovzFwwACgxz,Cashout,6NyWV6kvii8BV4U41HpWS8wJffnhnVLv7EsouegQvAgu,pumpswap,1790967004,0.000003253,3197.13,2926,2926,0,0,0.13,53.48,0,0,0,0,0,1,0,23,,,0.33,-3.32,0,1,1,1,,,,,,,,,,,
1791086572,BpiHPgU64gzmZwdwfr6e1xBVXNqiqxUpBQHwkxEVpump,XingXing,9LAyUvxKYTh1GvU7AhTqte2mGgumiTJb7oABvhC2cUDi,pumpswap,1790967986,0.000002506,2535.1,2417,2417,0,0,6.97,267.96,0,0,0,0,0,4,1,35,,,-4.79,-19.03,0,0,3,1,,,,,,,,,,,
1791086565,3NGW414d3hh36tbwbgWeipV2K7VEqnqjvDxj69KKpump,CASINU,4gvR826fJJCkyrArJGekySvAP7aLCVvj4HMcd48W1Kh9,pumpswap,1790964335,0.000003609,3620.88,3523,3523,0,17.87,127.01,16080.19,0,0,2,2,7,9,135,227,,-0.59,-3.92,-96.12,0,0,2,1,,,,,,,,,,,
1791086574,EVCx8yhknFxZ7MnYRK1LEmL4ycxBKHxSSZ8Gyyaopump,>_,8EX6tgzBVkY66ybkoXN1Ta1JwDMn2dp9ALBigGXPckg3,pumpswap,1790965545,0.000003489,3636.59,3411,3411,0,0.06,3.88,178.24,0,0,0,1,0,6,6,71,,0.23,0.35,-9.95,0,1,0,1,,,,,,,,,,,
1791086578,yDp9dCy1UrRTuwv4urMgkSUHNpw76UvyZHXLmPrpump,BTC,BWaXC9ExvjZ1rjLaCtWNYKRys1gvmC9QAkwKkUyxe8mQ,pumpswap,1790965770,0.000002382,2561.96,2346,2346,0,0,0,0.19,0,0,0,0,0,0,2,0,,,,0.2,0,1,1,1,,,,,,,,,,,
1791086573,DQxG8fJbgAdX8h2D56Cu9cLHPc7G5xSTj84vZNH6pump,FIX6900,6R4xp15uZUZg7FghFC9SXRppBSWTKAQT11Vx2XnFGSM7,pumpswap,1790964145,0.000005836,5844.58,5780,5780,0,0,22.12,6960.52,0,0,0,0,2,4,28,79,,,-0.51,-23.6,0,1,1,1,,,,,,,,,,,
1791086575,G3Zv4MTBbEEWXJeXXAza73Q385bKWAFQ499J5VL8Tovu,UNKNOWN,2RzSSq5kbDgL8uVEWMYE3hgzLJFSiHDj1uMxSnxQiLiP,meteora,1790889624,1.020,6177.69,10217,10217,0,383.44,722.75,2435.39,0,0,0,5,0,10,12,22,,-0.1,-0.29,-0.31,0,1,0,1,DLMM,,,,,,,,,,
1791086566,5GDX5fJTQns4arM1J94wjxdA8KXFsV5qW46MLFpHpump,OMNI,QVCymnis5qQJEJRZPgbEJnNKrQdNkhJtTFk7v1xqu9D,pumpswap,1790967612,0.0003976,66107.58,383147,383147,6.64,8519.42,192353.43,719657.33,1,0,54,53,1069,743,3858,2578,0.13,-6.29,78.67,-13.19,50,1,1,1,,,,,,,,,,,
1791086570,9kpHmcAjabZksyon8KVA2FQPyp9kMtLiTRaFGRTkmqd,clout,42xESpMXsCppsS4gbtaCT87sBTjKxdtLVqcTSaSmzbv4,pumpswap,1790968247,0.000003231,3320.72,3158,3158,0,0,18.32,354.92,0,0,0,0,0,10,14,65,,,-0.92,-1.4,0,1,1,1,,,,,,,,,,,
1791086566,4zWD7Lo2AE8wjdXeANYoLoiLNnRiEjkadHyiHcpJ8Nfw,RONNIE,2fcZqmSBrbQDToJUkLEkf5csK2kdev1tveheaD86Wunm,raydium,1790968509,0.000002867,4968.19,2867,2867,0,0,108.69,2502.16,0,0,0,0,1,6,35,77,,,-7.52,-28.77,0,1,1,1,CPMM,,,,,,,,,,
1791086573,DN5uhGU1Dfx1zJXveBuYk2Rn8eGuMKF7xJZmcZuLpump,RIPIT,5z7X3cwcUFSWtRJoEr9b6gL9iMdr2oxNHjchs5acTRbV,pumpswap,1790976040,0.000003341,3202.96,2688,2688,0,0,3.39,11892.25,0,0,0,0,0,1,38,58,,,-0.22,-18.23,0,1,1,1,,,,,,,,,,,
1791086568,7Jv7D7qpT8GpKUywkbQv9WgF5yDWr6Yf7SZXZj1Gpump,www,HQbKVr5GiHTjPsv27v9TGvK6rgVZpvcQ7Eg5WGsYUwp8,pumpswap,1790967090,0.000002644,2984.27,2603,2603,0,0.74,13.09,576493.45,0,0,3,2,14,7,13910,21123,,0.64,0.11,-98.86,0,1,1,1,,,,,,,,,,,
1791086570,8yQcTVBPh84bUkQVoMFStmZGFB1k4Hm2YUwZ4XNApump,HalloCate,Bbqe9oJcxHD8z35PS64TxoUu5ct7xts8rQCG78TiAaW,pumpswap,1790966190,0.000002459,2494.81,2378,2378,0,0,0,16.59,0,0,0,0,0,0,4,6,,,,0.52,0,0,0,1,,,,,,,,,,,
1791086571,AUUeDvfh9YqkkevoF6JTXeR2FpdtGvHQaCBJ9fB8pump,PUMPEPE,3LXjhey3gKt6BfR98ajhoQUr6YwCajzSLS7qHZSMXs8z,pumpswap,1790967100,0.000002912,3530.77,2855,2855,0,0,52.83,94.89,0,0,0,0,1,3,6,16,,,-2.46,-0.34,0,1,1,1,,,,,,,,,,,
1791086571,AbMG6MaBJhaAFnJtiPzxBcz2AEW3m3wrcyeCnEXWpump,HEIST,HYYwsvta5RBRBKDcQoGLNatyjGBhhjQrp9ZKkY7xmrnV,pumpswap,1790967062,0.000005294,4675.29,5175,5175,0,10.85,17.72,21456.73,0,0,0,1,1,5,141,215,,-0.18,-0.11,-91.78,0,1,2,1,,,,,,,,,,,
1791086578,yM9CztffVYLtf6uiv6b79bhpsni4nVKzka7CK2tpump,mane,H1vhy8vSs6sQcAu8pqWYVaitcCXB9qNhFyYFxR7anPeq,pumpswap,1790968606,0.000003021,3078.11,2824,2824,0,0,0.05,80.05,0,0,0,0,0,1,0,7,,,-0.48,-6.66,0,1,1,1,,,,,,,,,,,
1791086567,5jF68KLDhPsTKwQAGiCHV6DiPtogPDgamgShSjkupump,Pumpkinu,28qipSLv8akNzodEqYVzykZhWWtY4h5h7FLupaw8xzFB,pumpswap,1790970830,0.000003639,3437.04,3340,3340,0,0,0,1507.14,0,0,0,0,0,0,26,24,,,,27.42,0,0,1,1,,,,,,,,,,,
1791086578,tViT1RV5HE9FTQ4padRdnadasKjNX1QASuHe7XXuant,QUANTS,6mMwR1MBzQbMTe594APGgEzMiwzpThUZiDMFa9BaHC2C,meteora,1790970242,0.000002126,4244.53,2126,2126,1.26,1.26,1.85,3.02,0,1,0,1,0,2,1,2,0.48,0.48,0.91,0.91,0,1,1,1,DYN2,,,,,,,,,,
1791086567,5q96w5CcRWZYzrzXHwwx6r1KBf77devYsoH5cougd5Po,UNKNOWN,EhLkcyvUQExQiQG43zihg589tj765MCXRLckefmK3AnP,meteora,1790963183,0.00002240,14402.37,21440,21440,51.73,51.73,202.3,10889.73,0,2,0,2,1,3,64,54,0.83,0.83,0.12,-22.65,0,2,2,1,DYN2,,,,,,,,,,
1791086578,fHF5ZPCmY1NHN4K4aD6dTyoFG9wE8TJU5qp6zPGpump,artcoin,7dPEacEp8YBGb8VhjNxes8KGNYG4pGDMpKD7BAG7TofJ,pumpswap,1790968930,0.000003850,3710.53,3634,3634,0,0,0.23,906.82,0,0,0,0,1,1,9,46,,,-0.23,-29.48,0,1,1,1,,,,,,,,,,,
1791086572,CJZaHX5RQbvKrRyMoUU9D3jyvXj8Yy7QLLmcKvoopump,Pumpkinu,2SBgHnfs9YPCs7hPPaWt1rHGxpV1WEWp2YNsGBDsyuJW,pumpswap,1790969340,0.000006227,7594.15,6046,6046,0,6.02,76.53,3246.09,0,0,1,1,6,14,84,104,,2.19,2.38,-5.86,0,0,1,1,,,,,,,,,,,
1791086577,HZ4qZQJ7yf6WR1D24GLRLJ3cKUfgtJEF3B7SdLMLvCPZ,9e9,3JcpTVkjabeM2fucmS6AFTSZ2o4sqht3j4wzkPow1roT,pumpswap,1790969104,0.000004617,4704.77,4488,4488,0,0.47,71.4,5790.74,0,0,0,1,1,10,88,172,,0.64,-3.33,-34.29,0,1,1,1,,,,,,,,,,,
1791086578,wdysfTqUsJ8qAVB1796BXgGisThoBzu1keQmdgswdyt,WDYT,Bu65yUfdrxgwSnXXvrKxeNzmcjaSCsAEn5JtPMWYZVQG,meteora,1790968878,0.0006301,86899.99,625962,625962,4895.4,14756.18,119972.65,379578.7,19,4,92,40,542,326,1549,1052,-6.87,-14.52,-29.81,-43.96,0,1,1,1,DYN2,,,,,,,,,,
1791086577,HUzsazhQoEBooLPQktSoYTVcKKVSZ9AyhZPs3x93pump,WIFWWW,FbmT4jXZwrmMWSDvqGGTjuqwcWwVJJYkNZ27UYejtLCE,pumpswap,1790969578,0.000003912,5307.11,3827,3827,0,0.02,1.11,799.94,0,0,0,1,0,2,13,41,,0.58,1.22,-20.99,0,1,1,1,,,,,,,,,,,
1791086577,WwzTBN3tP8h2hkLfoWhpQdpcbsYtehP2rNqTfo6pump,Kraken,6yjaN5mVCoWw7DYgVNciBDSXsLxmhtSdmx1RLCH8SWUZ,pumpswap,1790969762,0.000002194,2245.75,2184,2184,0,0,14,14,0,0,0,0,1,1,1,1,,,-1.27,-1.27,0,0,0,1,,,,,,,,,,,
1791086578,ixdhaSTPLod6MGDmUdomz1cqp1ztJTUesWbLKB4NGBa,Charlie,6LjoPHY17TGnppnSVbLcwDzmwMbafJETRKy5WFVeXDsf,pumpswap,1790970538,0.000002565,2581.34,2428,2428,0,0,2.97,47.38,0,0,0,0,0,4,1,21,,,0.14,-2.74,0,0,0,1,,,,,,,,,,,
1791086567,5gJjJYGu25aQevcpsBgBFvLcCRfSPcvczcxvnqHDpump,bag,BrBGnm4VaXXqDySKDqnH4VZ46p3x4mqC4R2dA4EGGWPY,pumpswap,1790971880,0.000005380,5167.07,4964,4964,0,74.78,684.11,15477.59,0,0,0,1,8,23,256,322,,-1.61,-26.89,-56.85,0,0,1,1,,,,,,,,,,,
1791086578,cdS3jkAX1N8s1jiejhribCiZ8T6eMAeJEkbVEhPeM1v,clout,HRsmzztcrq7e5cqeXeJUyYCJcH1ntGRWANESueWeREP6,pumpswap,1790972202,0.000002409,2421.57,2296,2296,0,0,4.22,45.33,0,0,0,0,1,1,3,11,,,-0.13,-2.27,0,1,1,1,,,,,,,,,,,
1791086570,9ZUwZjiMP8Un9qcBYNfKmVmRRj97YWLB1DRWPhhnpump,HOOKEDINU,FmtX7rDgSe4ctMT5wpHtgeoE71cRx7MNrdereUMSnhJr,pumpswap,1790967978,0.000002530,2836.22,2509,2509,0,0,10.4,369118.07,0,0,0,0,3,2,6781,15254,,,-2.04,-99.79,0,1,1,1,,,,,,,,,,,
1791086568,6irHJ66p7HKYHkfPnNaJHJdVfpfJ3AtM3Gse68K2PRLD,BlackCock,DQCWSiW15qugyw2GHED7PfhQ1FqVaSMG7PchVmFa5RzE,raydium,1790971091,0.00001297,9871.07,12976,12976,0.28,586.73,2646.88,35063.41,0,1,1,11,19,52,418,510,-0.05,-20.08,-37.75,-1.72,0,0,1,1,CPMM,,,,,,,,,,
1791086567,5yQYLno5ABBZ2ELVvLXEU323CbHhr2jwR1NKFDh4pump,BOO,7x9P564ydsAxDMRKUyHzRKua2x2gsWMqUuxgv4SLDGcS,pumpswap,1790970918,0.000004193,4129.27,4059,4059,0,2,110.21,3363.45,0,0,0,1,8,24,138,185,,0.61,-5.92,-20.08,0,1,1,1,,,,,,,,,,,
1791086568,6ygHGHDunESzifPU2ZKt399XY199QxFJnHozwFYfpump,SIC,HiRzSypb1LhYbk8A7hwAKJbA2Ha1wv3bx2y614E6Tksg,pumpswap,1790970370,0.000003927,3874.53,3895,3895,0,0,637.39,28448.89,0,0,0,0,6,99,9343,9454,,,-17.79,-43.09,0,1,2,1,,,,,,,,,,,
1791086567,68AVALX2Pp1zJndGBSax79ah15j4MimmswrCTbmQM54v,QUANTS,5Xpz7uAci3ZAPjuNEUx45tqGz5BemGiiGkaCSUVsxhqa,meteora,1790972412,0.000002228,4452.16,2228,2228,2.39,2.39,3.56,3.56,0,1,0,1,0,2,0,2,0.4,0.4,0.4,0.4,0,0,0,1,DYN2,,,,,,,,,,
1791086571,BLKKYfF41c6xRPrtX1rdYbxLE1xxEdZUnxQsB5hcZ8Nf,BLK,HaAD3GAenBAgzJchhLyShmreAUMAfzoQnd5iR9reEXz3,meteora,1790973584,1064.75,2931.01,420577,420577,29.75,2902.83,28686.04,239414.97,1,0,45,25,296,289,2285,1935,-0.28,0.7,0.3,1,0,0,0,1,DLMM,,,,,,,,,,
1791086570,9xgGWhKBhpnZpaGfoEBBEr3PwmM8Ybg54ijH7FpJxC8J,GTA 7 VII,ETArfBxDPxhwXeudsfLBuER6kZHJXZBfoPYR1QmTBVTQ,pumpswap,1790971291,0.000002198,2278.25,2187,2187,0,0,0,9.96,0,0,0,0,0,0,0,1,,,,,0,0,0,1,,,,,,,,,,,
1791086571,AYkTxWJHAgp95Xu1SDkmqzTpvpKmG7wLiUpUgzKVpump,SV,7i8rWKDT6qYFksVDSuvhmu3Ycq9mboPfD7qadYYkec5L,pumpswap,1790974221,0.000002869,2857.28,2621,2621,0,0,6.63,39.47,0,0,0,0,0,3,0,21,,,-0.19,-2.24,0,1,1,1,,,,,,,,,,,
1791086575,FbpAkY1wJXFktY7i4xhp5SP9p2xTkgdLEa52BErDpump,CleanMusk,HL2GBEn3oEcsY6gHz4QnCLwF7KDaxb4sRXyrmQUUiJHw,pumpswap,1790973570,0.000002445,2526.39,2353,2353,0,0,67.51,72.74,0,0,0,0,2,1,3,7,,,1.5,1.45,0,1,1,1,,,,,,,,,,,
1791086567,5tzjoTepg3tEupgKBjedF2SapniNaDrt1cVqdU4UfkjG,BLACKROCK,2jEsgfX9zxGeNWTkQ8S9fY94LW19Js8CfvSM5GiuQg8E,raydium,1790971444,0.00006882,25484.72,68824,68824,160,8166.76,45069.32,248620.8,5,4,90,46,343,281,2063,1676,-0.89,-11.62,-15.78,11.93,0,0,1,1,CPMM,,,,,,,,,,
1791086563,13uAEB5kTR2kLyTZTdQZ49mGurdU4xznbyBp3J9opump,Nest,6EMkjma2duRyLKRKo8LinUtRSCLjyU5rdhPHahQyQknZ,pumpswap,1790973388,0.000002343,2354.84,2245,2245,0,0,8.32,25.43,0,0,0,0,2,2,2,6,,,0.61,-0.27,0,1,1,1,,,,,,,,,,,
1791086571,ADH4cDsEYKFVv4NsNN4ep5pwpMwGUCmzWrGPHZoupump,FOMOMICRO,BvUSvo3uNy1y4xBPTJTSyd8uKr9WB7TKG1v8KPSHmCdh,pumpswap,1790972421,0.000002828,3327.99,2757,2757,0,0,0,16.43,0,0,0,0,0,0,4,17,,,,-0.18,0,1,1,1,,,,,,,,,,,
1791086564,2bHz7Uq8arFttDotBgGFsVKXxN2n7hM39Cktna69pump,HIM,HaGMjHTjfy7f3DN54RHix2RCWvaMZbRKszkFGXPmu9c2,pumpswap,1790973057,0.00006857,23986.69,67150,67150,913.23,9899.19,56694.28,241073.4,2,13,75,70,406,390,1760,1489,-11.11,11.5,88.27,187,0,1,1,1,,,,,,,,,,,
1791086571,Aa2D1LydKNBv4yhPPLYCna3xcFskxpJn5GbUtaqUs5ru,NPC,Ck34bLoZRB9uCYitp1vgqaKhc8KXWVafZt9GPhu48x5J,pumpswap,1790972531,0.000003121,3040.1,2732,2732,0.72,0.72,0.72,34.92,0,1,0,1,0,1,2,12,0.9,0.9,0.9,-0.79,0,1,1,1,,,,,,,,,,,
1791086573,DioisRY2M15WKza2te7pCvEAe7B1EVp4N1ZrM6tn52Sp,HAMSTER,9yS6kearLBYAKeXoPr8adHirSa2mwUT86PkPgRrMkDqN,meteoradbc,1790970523,0.001937,,1937882.3,1937882.3,2303.41,35794.3,727512.99,2645622.76,4,4,102,93,1356,1241,5897,4462,-1.48,-10.41,53.67,25.66,0,0,1,1,,,,,,,,,,,
1791086572,BvGaSNVZdn52Gp6q7WY527eE1svJus8xHx4jxCQ6pump,.si,5Madst3fKHm148b2gfizPb6Lfkitu8bbZMtYPN8Pb1w1,pumpswap,1790974303,0.000002871,2816.64,2484,2484,0,0,0,21.24,0,0,0,0,0,0,3,4,,,,-1.34,0,0,0,1,,,,,,,,,,,
1791086574,EA7ktecGm37YZs1rngs8hQwF1YLNUAR1pzPTtw8hpump,PEBBLE,9PdnnzU445qN6EEN1FXT4jfV6VTaETAWFiefdWsXtzRH,pumpswap,1790974259,0.000002896,2838.44,2464,2464,0,0,0.14,0.82,0,0,0,0,0,1,0,3,,,0.47,0.5,0,0,0,1,,,,,,,,,,,
1791086566,4XoNCZgEpGFb3JZt94e9FVqVm3BQaBWuEFTuYyjAKYc6,FRANK,DH4W8MKUKXenRofYYApwtr8DztygFR8xij9aC65kaDN3,pumpswap,1790976209,0.000003319,3195.42,2914,2914,0,0,15.08,3171.15,0,0,0,0,2,2,37,59,,,-0.11,-21.08,0,0,2,1,,,,,,,,,,,
1791086572,BzLRJmKYYvDaKW5ewyaJADiMV4eRCFV8scCEENbUpump,VTubePro,2RcvEzx6fbeaQoNBYjqpDvaKs9ovK7qeRHMh91mdXcoD,pumpswap,1791014784,0.00003724,16206.49,34925,34925,98.7,2932.53,37500.28,595249.82,1,0,29,38,404,317,4657,3607,2.33,-20.2,-41.05,-24.34,0,1,1,1,,,,,,,,,,,
1791086576,GrGKeeA53885t46YxxgjCw63S9tsubHHVzuKwaWQMBbD,ALADDIN,Gk3maciSYw9SFbnARiDkCgqtw8Mjgkq6EEurdzA7a1DR,raydium,1790973528,0.000005829,7202.33,5830,5830,0.3,145,675.72,18677.57,0,1,2,1,11,11,181,183,-0.22,8.82,-6.88,-62.36,0,1,1,1,CPMM,,,,,,,,,,
1791086577,Hrf2YpUE8PBRVfPzCXntrsCLiGJ9L8hcNSXRdr7Dpump,Ban,H6zV8vBtGwpQwV3P4z8oycTHFyteYQdWKFWp3njE44Q8,pumpswap,1790974474,0.000002477,2623.57,2401,2401,0,0,0,13.18,0,0,0,0,0,0,1,7,,,,0.76,0,1,1,1,,,,,,,,,,,
1791086572,C31VDb574hdxuQm2LWs3G2UCdsxnUw1ff9mKE6xCpump,NEST,CqnUuYYX1LqZYZVLx3naJoSfEWiokQjKqnXT6h16WuVB,pumpswap,1790975865,0.000002528,2515.78,2403,2403,0,0,76.79,183.17,0,0,0,0,0,1,0,14,,,-3.2,-8.23,0,1,1,1,,,,,,,,,,,
1791086564,36MGGQQDEjUQrFZTZBYqPiSd4CFfUQY1DpdT9pZJcXMv,Comet,AM5PTnHMsyhBGhM4jCdk17TTyJRoFmbNXaYb7a6d3wFS,pumpfun,1790974181,0.000007192,,7192.82,7192.82,0,0,2148.3,29850.29,0,0,0,0,17,27,289,322,,,-0.07,-17.78,0,0,2,1,,,,,,,,,,,
1791086577,PFCy4bbBV65EkEbxWyqHjq5Sx6XCGG9AThczD8Dpump,ARMY,5URuhBmWRyW3R58brtuy8tdVXF95dY6ADq84RUstjkba,pumpswap,1790974312,0.000005886,5919.85,5740,5740,0,0.37,204.11,6734.07,0,0,0,1,6,17,119,239,,-0.96,2.93,-26.02,0,2,1,1,,,,,,,,,,,
1791086572,CBXJms2q57a9cBwzyzhkNQQJiLzRWxhJvPcJg2XjGi6K,HOOMIES,389B7EiaSiTRJodKtDRBFRnFKNRGHxW91qmYGvXxw3ET,meteoradbc,1790975980,0.000005419,,5419.72,5419.72,0,0,0,563.81,0,0,0,0,0,0,2,11,,,,-10.8,0,0,0,1,,,,,,,,,,,
1791086578,aisasT6FV3KUxExeVVZncv5LCgSfHsX7cX7aKgKpump,MRG,AktUzWaBPypdKRSGhRk7sQ52nczizXzDT32nDBxNVab2,pumpswap,1790974746,0.000002149,2166.98,2139,2139,0,0,0,1.44,0,0,0,0,0,0,2,0,,,,0.07,0,0,0,1,,,,,,,,,,,
1791086568,7gbJ4SMomkft4EpovfvyFuLWqmsULEfFxQubuyEvpump,PUMPGO,5P1MZ56nzCYUP1uFtQkJv5iqGiH2pDNb6Rh6ggBJiQbg,pumpswap,1790974813,0.000002293,2452.39,2280,2280,0,0,0,0.48,0,0,0,0,0,0,1,1,,,,1.39,0,1,2,1,,,,,,,,,,,
1791086577,JfyaeBaLuXVRQgjKe7fes5Et44m3ywmpbLnWB86DmWn,STATEMENTS,CFKSruNUTALTLg4bmFj8rFQ2feUG7qNsLbVgaLjD9xT8,pumpswap,1790977254,0.000003740,3765.44,3651,3651,0,61.5,121.04,8942.11,0,0,0,4,1,9,114,233,,-3.66,-1.4,-73.87,0,1,1,1,,,,,,,,,,,
1791086576,H3vAMRcvEFuNtG9eE3sSMLpqtxhSUMh4kDzC7Ci4UAeC,CHIP,CLyg31Cra1fHhY51Bj4HA2rNXyTvfDV3m7hpYnxBxqsp,meteora,1790976344,0.000004044,5997.88,4043,4043,0.88,0.88,1.29,600.96,0,1,0,1,0,2,6,15,0.52,0.52,1.81,4.14,0,1,1,1,DYN2,,,,,,,,,,
1791086577,J6nQhwg8CpKjSpo6X3hMNHbcpYtMA2L41AYB5zzPpump,fimble ,AnV8bwFx6UVs2B3h88xgG7MY7qW5CMjSqfwvn5vCMhwW,pumpswap,1790977618,0.000003020,2950.79,2793,2793,0,0,35.08,2889.33,0,0,0,0,1,5,30,58,,,-0.44,-16.31,0,1,1,1,,,,,,,,,,,
1791086565,3YJSqXQkN5gXoZkHrHFnAMKwqyGv7B7WmRdyYVFAXnmh,USDC,8vkx9CJBpfqDe8DZiRcyrKQfD9Xsa1PK3M98nbNbwhtd,meteoradbc,1790873342,0.00002085,,20859.77,20859.77,0,1028.53,8016.69,40976.18,0,0,3,2,29,36,205,217,,-12.84,-9.34,-34.22,0,0,1,1,,,,,,,,,,,
1791086564,37PbQspU3ewcqY5ymJbzDiKLQS7fLgjBbph1fUbmpump,FNC,HBt4YRA1S9n7vWqKBK9289ZJEABcGcAkpAt29ng4pP93,pumpswap,1790975693,0.000002374,2422.06,2291,2291,0,0,0,17.76,0,0,0,0,0,0,3,6,,,,-0.38,0,0,1,1,,,,,,,,,,,
1791086571,AJy3jEbDAZX1vekxyqo7xiUByBGKSurnteatkeDYpump,SIA,94VWKhPurWbVPRqJv8rxyACuTjiEhHsb2UEJr9Q3xsFV,pumpswap,1790977408,0.000002476,2648.49,2405,2405,0,0.73,4.81,8.79,0,0,0,1,0,3,2,13,,0.59,0.48,-0.56,0,0,0,1,,,,,,,,,,,
1791086568,75G8SScna7D3GMqRXpicEMxwZ79kVV91GJNUDrhSpump,STONKS,ANtv15beziR2Jtbr9FHkhqMZMXRDhdRJzC2W8tRyziAB,pumpswap,1790976818,0.000002904,3205.66,2674,2674,0,0,5.82,60.77,0,0,0,0,1,2,2,24,,,0.51,-2.19,0,1,1,1,,,,,,,,,,,
1791086570,8sgDqaTGjdpU4fwUusYYXNYdRgPyTx2itSdFWbPXdcxP,Robinhood,7fYUiWa83bxbLuDFL7ZXJ4ZZR2bjp83GrBRZDsRiH3Du,pumpswap,1790977095,0.000002150,2164.93,2140,2140,0,0,0,3.56,0,0,0,0,0,0,1,1,,,,1.79,0,0,0,1,,,,,,,,,,,
1791086570,9ZbsDUURtB16hMWY7cGbjZM2wSwjHEDLv14znyPqpump,wwp,7eLNHBtYd2sCc53AT2YnrDmy9pXBM9Qod8t2XasHDhC5,pumpswap,1790977358,0.000002348,2416.01,2263,2263,0,0,13.98,28.56,0,0,0,0,0,1,1,5,,,-1.15,2.2,0,1,1,1,,,,,,,,,,,
1791086575,Fo8QZyEzLPSECptkYNvFUg3ZrabAiHx81qbvxviQpump,VITALY,7BbnMyefgfqsG91zE3HvSFDMXBvfDWdCVxN5W49iFdWS,pumpfun,1790979340,0.000006258,,6258.06,6258.06,14.66,508.97,514.28,11225.39,0,1,9,4,9,6,118,139,-0.72,23.83,23.41,-5.47,0,0,2,1,,,,,,,,,,,
1791086565,3aMCV21MnEtpaxRRpNb9qPXEEtaMbfqM87iGh4rupump,2BORN2B,A5rx8nGU3HzqRWHkwfM6AxUYGQrZwakZNosSFAdwodZW,pumpswap,1790978923,0.000002288,2389.39,2252,2252,0,0,0.61,2.31,0,0,0,0,0,2,0,9,,,-0.02,1.69,0,1,1,1,,,,,,,,,,,
1791086572,Bt4npH7BNNGLBohhbcrybbkUn6RUJJzJbvnd4hznnMYJ,RFX,4UaR4ZewzMFaXbKGD57uxS7hKiKuuATJyJ6XSGGun9So,meteora,1790975392,0.0001067,33388.88,106791,106791,104.85,3785.18,70001.5,373000.49,1,2,5,26,299,325,1661,1345,0.37,-23.29,23.08,46.37,0,2,1,1,DYN2,,,,,,,,,,
1791086568,7gLU4wTY2gi5C1L4tWMxVSUy3RRhJoZkJxGTdCsxgEWW,PUSS,CQYYfnRziiLdYnHM2x4odFDQRNVserU4AiB3gHZbKsoR,raydium,1790968041,0.00002384,13106.92,23846,23846,38.93,475.11,2455.85,27042.67,21,0,41,5,144,33,1159,806,-0.78,-14.08,-38.69,-33.9,0,1,1,1,CPMM,,,,,,,,,,
1791086567,5tV3Lfx8WNE63ZfCUWnBoFBwe8v6idUhuqg9ipDsDJyy,POOPYBOT,7BPpheNFaSfNHaPnXqVuHCMxEyijZ7LmuAhPbkwyjFTB,pumpswap,1790976698,0.00001328,10493.05,12928,12928,0,179.13,3963.92,119826.98,0,0,5,13,76,96,1850,1837,,-2.5,7.53,-73.08,0,0,1,1,,,,,,,,,,,
1791086578,pjYNVkYthberD6LxuteShLTPTbx3icG6q96FhYmpump,Red Bull,4tNvmX7zreV2UB2DXMfy8VQ716XYTZKNazGBaXDx2M2o,pumpswap,1790978710,0.000002132,2149.62,2118,2118,0,0,0.54,0.54,0,0,0,0,1,1,1,1,,,-1.05,-1.05,0,0,0,1,,,,,,,,,,,
1791086574,FUXq4w5D3rdtXVXK7pgLHy1xWpPTPhVoEwwNKTeApump,SGROK,4bz7MRviyRaxCe5ekiGotj5kWwDEDutxpa6uuhkpPDHY,pumpswap,1790978945,0.000002538,2845.77,2473,2473,0,0,0.66,9.75,0,0,0,0,0,2,1,11,,,-0.09,18.45,0,1,1,1,,,,,,,,,,,
1791086574,FLXmqULjxa5neWG8thsPZcAGX93VFCB4ZbniCy9Tpump,PAYROLL,4ZAEW8sJ9sXwCCVZdnhpyrhANM4sBcqsXwsV14mszDfQ,pumpswap,1790979275,0.000002455,2515.82,2358,2358,0,0,6.97,141.92,0,0,0,0,1,2,5,23,,,0.26,-8.96,0,0,0,1,,,,,,,,,,,
1791086563,29REVVLFoM2ERuSTt2p86zsn9q7CxTNuzHPw29dnpump,ARMY,ETQ52D2podCHczQHvFrNAQw3XWggJJjdzmAb2zCGBCz5,pumpswap,1790976694,0.000002653,2850.07,2524,2524,0,0,3.41,264.43,0,0,0,0,1,3,22,25,,,0.52,0.6,0,0,1,1,,,,,,,,,,,
1791086568,6k1E2jVp6EaZYeurvJrXe4mdBoTjfgUKoLkh8CaWpump,memeyin,H1ajCveHK3hUVY41zXxqHXf9b3E17hNNJgd3CzQbTfS,pumpswap,1790979663,0.000003148,3616.06,2961,2961,0,108.16,109.41,215.22,0,0,0,1,0,2,24,35,,-3.25,-2.73,-0.45,0,1,1,1,,,,,,,,,,,
1791086566,4dFpLyo4FDeXdSoCokFgYSk1XNuQoNwwWVGz2jnFpump,DL,4cqCsTHwZMVjVpa3vuuizvxkyWxejup1unXcF9DC6ASi,pumpswap,1790980217,0.000002405,2534.85,2350,2350,0,0,0,3.17,0,0,0,0,0,0,0,5,,,,0.28,0,1,1,1,,,,,,,,,,,
1791086571,9zu66qTLKCEzsfifm7woEoVJzw82Recitu5S4i2Npump,MOON,6dpTqzK9BhgRfGZu31N5tYZCY5f9uq86ccpGECCbxKd4,pumpswap,1790978408,0.000002585,2916.64,2512,2512,0,0,0.69,7.71,0,0,0,0,1,1,4,8,,,0.02,0.22,0,1,1,1,,,,,,,,,,,
1791086575,GcuTsrnz8TAhaM3v515iXBZtri1PbbZmwa92Et9nCW8W,FIAT,4fXgcRpX2sXVkeMhC2zM89FJ1kBH69pzvahWFqy5tzpD,meteora,1790979536,0.000002669,4698.16,2669,2669,0,0,0,29.91,0,0,0,0,0,0,2,4,,,,-0.04,0,1,1,1,DYN2,,,,,,,,,,
1791086573,DcsjML99TfewNHnarcWX37drBZerR4jSzorzeSwLpump,TRMPL,69eKSuZY2Cu6p6NBALyiAnBvy2FxiXw6UufcCSPbnXgm,pumpswap,1790981167,0.000002453,2656.36,2385,2385,0,0,0,0.59,0,0,0,0,0,0,0,3,,,,21.21,0,0,0,1,,,,,,,,,,,
1791086572,Bn7hQUaY1EZ6bTdbtB3r93eG8a7nwLWBvtsKLxTcpump,dogs,4RPrGzTjFRp6Jtgi5SY5tMNNHXQitZvXpJFvRtRmHNy7,pumpswap,1790981558,0.000002291,2298.48,2198,2198,0,0,0,0.17,0,0,0,0,0,0,0,1,,,,,0,0,0,1,,,,,,,,,,,
1791086568,6hTLdzZaaCjmqtn7RtaEMQsCbXT5Pg8q76tRViEGpump,ABU,2qWF4dn1JnqhCpAYJQnKVaKezzuUiG4xdnbnCSK1Pgcw,pumpswap,1790981217,0.0004107,61856.16,396805,396805,2463.66,47568.27,490236.07,960856.12,8,10,244,259,3263,2775,12615,8230,-0.29,-8.71,105,290,10,0,3,1,,,,,,,,,,,
1791086572,Bj8KxXcNAfvWKH64rLjVBLByr1jUUFGcfKnXzHUJpump,HOOKRASCII,8rqqsquXHxZfWvbRaxx3M4EnRgEDPzrNi4bXbsA4zRa,pumpswap,1790980874,0.000002563,2869.85,2503,2503,0,0,0.61,14.42,0,0,0,0,0,2,0,10,,,0.43,-0.06,0,0,0,1,,,,,,,,,,,
1791086571,AYuNTGHHYzmH6LgwveNVc9TZFmPVZKUsM4k5tPqEpump,ROOT,Dw3spFXApoDNFpnh9AN4AvbBt4R6BnQKPiocDEcxRwqb,pumpswap,1790988154,0.000005201,4826.04,5110,5110,0,3.88,121.98,11707.34,0,0,2,0,5,21,217,311,,1.54,0.13,-43.72,0,1,1,1,,,,,,,,,,,
1791086575,GPuaTh7duwmbifV7nQkTACqbN4qkdo7KbjmK8uGLrhH7,HOOKER,BAyJ8NbAHpatpnhqmqt3V43UAnbnHqhcTKPRgToyB8iG,meteoradbc,1790981322,0.000007531,,7531.97,7531.97,0,0,0,6906.79,0,0,0,0,0,0,42,46,,,,7.31,0,0,1,1,,,,,,,,,,,
1791086567,6T4NrctGAuD4z9BRAdgHfpD8g67du8E46X6Fp2DJpump,Supercate,J6yw89zqkgwgQnsZeUytp3G5n848X88Hkb6M4rWUJw58,pumpswap,1790984310,0.000002802,2763.06,2694,2694,0,0,0.22,294,0,0,0,0,0,2,5,28,,,-0.27,-18.8,0,0,1,1,,,,,,,,,,,
1791086574,E81BGCpweocddeyupAi1ugbjhgdD9cdYjRA7RNpHpump,BLOCKCHAIN,9gTu5hRSuyKgrGGBdUG7ApRoyT8DyC7za6e13jJQHHV8,pumpswap,1790983170,0.00002275,11798.08,22033,22033,0,0,98.92,13678.36,0,0,0,0,0,7,86,109,,,-2.46,-32.42,0,2,1,1,,,,,,,,,,,
1791086568,6fsiFuTnLN78VX5MVy2KZo3gCt3f8M1iSrmJzje6Jk3k,Don,3tUPUq8ZPqmowz5vx9G1pAuThJ38mGbMYuyBbkLQ7iXV,pumpswap,1790648383,0.000008433,6672.77,8271,8271,0,0,631.71,10982.09,0,0,0,0,6,10,139,149,,,-5.33,-58.73,0,3,1,1,,,,,,,,,,,
1791086577,MktBuHr1H4emrqAhbnChkCW2X2EP4BbeZG1LzTV5cMQ,MirrorPad,H9rYMiR9mZ1S9nPdp5FZTpoGDZGiWRdu2VnitxZMrVsK,pumpswap,1790982742,0.000002543,2586.84,2471,2471,0.22,0.22,21.19,58.28,0,1,0,1,3,4,6,22,-0.47,-0.47,1.59,-1.31,0,0,0,1,,,,,,,,,,,
1791086564,2RKkd7aG13o926CTUNHjE3T43NwS9QyLMyf5pHa9pump,PUMPMASK,8qbRgJK371zn6DfpTHsX4FN6FBDZkWs5AN4Cf1ugYJms,pumpswap,1790982395,0.000002733,3154.42,2668,2668,0,0.36,26.83,125.17,0,0,0,1,0,4,4,22,,-0.05,-0.91,-6.95,0,1,1,1,,,,,,,,,,,
1791086566,5FKPLjhNrez3iu2oSKfFjy6kNxRVf2jL1jc8dAwCbu9E,STUPIDINU,EvEV7ie5Dwd7r25YR5UyshFqSJdy32nztwT5AZytPRSE,raydium,1790980002,0.0004528,71051.46,452893,452893,720.14,6230.37,108262.8,1230278.41,8,2,64,47,604,461,5391,4069,2.54,-1.94,3.23,34.06,0,1,1,1,CPMM,,,,,,,,,,
1791086573,DbRL5KRAun9g4CWs2MVZsitxee61CapEBgx17WzQjpYG,Dan,77YWbYygECpCe5ubkmQnRG7snhkhC2W9B9mZSqFBLCpp,pumpswap,1790984280,0.000007854,6054.44,7473,7473,0,89.22,9960.81,68281.2,0,0,0,3,88,105,678,583,,-5.19,-66.73,-70.35,0,0,2,1,,,,,,,,,,,
1791086575,GUC1rkyDzhjJjRRda5PQoM6onvHuXsbFE51UwF8Tpump,SlabPay,9woLbvAqgGmETPv1VhLNVEm4YFk4XddM8HX3DRZjWuFy,pumpswap,1791002234,0.000005881,5254.22,5564,5564,0,1.17,38.54,34357.54,0,0,3,1,5,7,479,427,,2.5,-3.78,-90.79,0,1,1,1,,,,,,,,,,,
1791086563,13gLL713ccbsQjYpctDqbYDBQZN1jxFcguYpRhCCpump,ZMASK,HEaZuHV3Lk2te7ZRD2N6PpkxPCEkxLoRwnu9boJBFzLE,pumpswap,1791000149,0.000003236,3245.85,3105,3105,0,9.64,205.36,80172.42,0,0,2,3,5,14,750,746,,1,-9.07,-93.28,0,1,1,1,,,,,,,,,,,
1791086575,FtCot9E8ynW9cG116aGrHmFGFwwENKzrST5R6SoHpump,MINDS,7heuFSN5bL5QyERbJjVPzziK45Jrqx1VRMHmpno2okeZ,pumpswap,1790983722,0.000002934,2880.41,2695,2695,0,0,153.93,390.69,0,0,0,0,0,5,3,42,,,-11.24,-24.22,0,1,1,1,,,,,,,,,,,
1791086577,HWMgoYa2XSBsmnNJ5CbzDiEorQpuucTntDjyJsaP1Tyw,casinu,EEh8JGatt9fXtsZhNGD1BEgdXq69CczkJVqXg1DZg8iw,raydium,1790983432,0.000003956,6651.34,3956,3956,0,113.73,428.44,11373.31,0,0,0,4,6,39,186,361,,-5.83,-16.77,-74.6,0,0,1,1,CPMM,,,,,,,,,,
1791086572,CSkqNn6sYmqKxyg8Enh7pkmwDq4emHV4J767GjYBn8EJ,LUCKY,AD7ESpWuTqSnne3qTWFb42S5NzgEARjhGqmA7myR3sDc,raydium,1790983023,0.000007289,8167.51,7290,7290,0,0.11,4058.63,10353.45,0,0,0,1,38,38,94,130,,0.01,9.94,-50.48,0,1,1,1,CPMM,,,,,,,,,,
1791086566,55z3Uv95ALDrV99pSy5RxgNRvbBNPAH7ECg8YFCApump,SUPG,A1PfPb6Nup6EhwQbRDfq4aykXcr27mrRdAts1K9VxzXA,pumpswap,1790984321,0.000002460,2657.23,2409,2409,0,0,0.12,6.83,0,0,0,0,0,1,1,10,,,0.36,0.52,0,0,0,1,,,,,,,,,,,
1791086576,HPcL5AHbrhPp4y5ewZWMTZRA3AQT32NuAuXBgAjvpump,m/acc,Ws5pbN3yJN1F2XD2vyhTzP9BnW54KipboeQWB1ozxkT,pumpswap,1790984519,0.00001105,8388.73,10633,10633,0,206.66,3095.13,149791.07,0,0,5,6,41,92,1579,1559,,1.59,4.92,-87.95,0,0,1,1,,,,,,,,,,,
1791086563,2DS3bZrBzc4WhZs1cwMLxaEVnyTwNvWYV9Cm5YVW4Acs,STONKERS,9xHbtrjvEAWALCk2FaANkq61y8oqqpKtwBKLwwyx2Fd,raydium,1790986452,0.000002706,4573.3,2707,2707,0,0,99.86,731.39,0,0,0,0,0,5,2,34,,,-15.85,-41.84,0,1,1,1,CPMM,,,,,,,,,,
1791086569,8f5m7Y8po64WviteV1LKnN43M8Z8gUvDnNWRkDK1aSXo,LLAMA,C4BrFAV9S7kVitugS42Xv2YZFWzMb3xRuUr9NZd5qoiw,raydium,1790922039,0.0003621,56155.78,362117,362117,0,1252.27,8788.14,29978.64,0,0,6,4,18,30,146,155,,-2.16,-35.07,-19.92,0,1,1,1,CPMM,,,,,,,,,,
1791086578,gjaDS6RBeS2577qvTRP7BuavKkAKFEV82tkr8JCpump,PAPI,A6UGzvsCS1UFcsTJrhyafZvBKXrHkg6WK2nyWdHQEaC1,pumpswap,1790984817,0.0001754,36813.95,169442,169442,0,23.69,3473,39598.2,0,0,1,0,14,7,142,159,,0.79,-5.88,94.45,0,1,1,1,,,,,,,,,,,
1791086565,3vwAgtTjv6VvuaXtC4BFHeAzHF6Z7CaUaHCQE2PYpump,EMBASSY,5N6EJeK15sNq8Z4akaJTuSwainkgQ133BvqEiScKa187,pumpswap,1790989298,0.000002708,2693.25,2545,2545,0,0,32.86,255.03,0,0,0,0,0,3,3,16,,,-3.13,-13,0,1,1,1,,,,,,,,,,,
1791086567,6VdcGF1YDx3cLNo2mX5knivBHdBvMhMFhmon6xQ5Eray,PPPLABS,3U5kUYSNxAr7MhjZutaKqC2cW7hAwPNyH4yt94JDdv9X,raydium,1790947652,0.00005948,30165.18,59490,59490,0,0,272.93,1034.91,0,0,0,0,2,2,11,13,,,-1.8,2.84,0,3,2,1,CPMM,,,,,,,,,,
1791086573,DXM1w8BuVrKy4oDeU6RbjDZ4cQtNTQnwDdDz2M6h4oQL,ANON,Ey5qyi1GBBPaLTdpJKhpvheT6BdM7J2VLGKFBHhh9Na6,meteora,1790987114,0.0000000004379,0.77,,,0,0,0,0,0,0,0,0,0,0,1,1,,,,1.17,0,0,0,1,DYN2,,,,,,,,,,
1791086578,Z27RcZxbueMBDo4ksqRmZTwx8R97t8DtJ1TCPG8pump,Solaween,J5db2h86ztJ73Fqorwd7rfHmMJXYeE3E2uPJ5na6yZtz,pumpswap,1790991219,0.000002721,2698.04,2627,2627,0,0,6.53,200.02,0,0,0,0,0,2,4,27,,,-0.27,-12.43,0,1,1,1,,,,,,,,,,,
1791086571,Bd4f5FrKaPzWww3r2ojdqXnf2wfT8VsnZeTg46T1uPQv,BOOK,EUyUd878qguFwgTcRRqyh6GEeqcbT3t6mhfeNgxcKEVx,meteora,1790987145,0.000002340,4466.6,2341,2341,0.67,0.67,1,7420.44,0,1,0,1,0,2,43,82,0.52,0.52,-0.41,-84.23,0,1,1,1,DYN2,,,,,,,,,,
1791086564,2Zp29FcxqTpt3JfQ68Fn94DzWCMiBiCVjXkuAG5W64UJ,AMD,vn21aX1djHCMbH14w8ENCWbZ9vKvGUQSb19uTwf6i8s,raydium,1790988538,0.000006025,7475.93,6025,6025,0,1386.94,6045.55,207718.16,0,2,15,34,256,176,2374,1865,-0.2,-38.76,-55.53,-89.92,0,1,1,1,CPMM,,,,,,,,,,
1791086576,HJfWZ4Ns6ydxYUebrH8mh9yqNqvYAuiTMLjYDjJwpump,KING,CyJXGDLmRsqjbhe3mSDYtCUdYtA4hNfMLHg2aveyNZve,pumpswap,1790996441,0.000005008,4396.04,3658,3658,0,0,21.39,654.22,0,0,0,0,0,2,8,38,,,-0.57,-16.14,0,1,1,1,,,,,,,,,,,
1791086574,EunyTpEd6YkNq4fcr5UGHfCrtkUNN9CqAAzcffeApump,Tesla,9h8XLLrYrHyqF6ykd6yPkaqyxBTBfeHUM2ZAnTVtuYoi,pumpswap,1790988486,0.000002124,2149.11,2115,2115,0,0,0.4,0.4,0,0,0,0,0,1,0,1,,,,,0,0,0,1,,,,,,,,,,,
1791086572,C5CjDhwpVZULajo4kqPKa8pHysd2KxezwmQ4J6iqjHd9,MIMIC,3rbWfefnahK385Wr1d5xeizpD12qoKcJRPzREDgPdrPe,pumpswap,1790985823,0.000007179,5716.13,6708,6708,0,130.95,5975.47,26853.97,0,0,8,1,66,53,358,332,,8.77,11.13,-38.34,0,2,2,1,,,,,,,,,,,
1791086569,8dEKKu3ggjm6UFFzD7cdFKu99oy2ndggE8aSTEbGpump,VAMPINU,BTEwpa1bSCXHhCgJz5MyJMFdre2JxY5Q34hiQqqiURFv,pumpswap,1790991923,0.000004303,4023.72,4072,4072,59.05,211.74,331.73,140128.62,8,0,13,4,31,8,1412,1199,4.64,2.11,8.65,-97.73,0,0,1,1,,,,,,,,,,,
1791086569,8WRuTwhnn2VjWD4ZzL5qsxwDMif2f6gcS5BAHdrHorbj,PRESSURE,E5952YKjsJVnrBozAEmj5mftpStw1mKZSyuMboCT7mti,raydium,1790988882,0.00001826,13181.3,18267,18267,2.21,74.84,11719.98,119927.88,0,2,0,10,88,138,966,1013,-0.11,-2.08,-15.12,-86.21,0,0,1,1,CPMM,,,,,,,,,,
1791086565,3ssLFcVvMgvEQdCkEkN5J7cs11eNz58iFxr21o3Wpump,mowro,AWWw4UbCQHXsFk2RsYXKUJ6zFknXsKDYFy2QcyMmTPja,pumpswap,1790990076,0.000002501,2703.55,2449,2449,0,0,0.01,182.27,0,0,0,0,0,1,4,16,,,-0.06,-13.22,0,1,1,1,,,,,,,,,,,
1791086575,GWGUDFY1dDxQoAMsWfg6zfhvYNF1toKPHMVT3DFBwMJq,POOPYBOT,MTvmphUn6T7FUSY743PAct75RSNqVRZYRdf5GM2ieiY,pumpswap,1790985384,0.00001252,9092.11,9985,9985,13,233.49,5887.58,770818.88,0,3,5,25,96,206,6156,5071,-1.61,-1.59,-18.92,-96.6,10,0,1,1,,,,,,,,,,,
1791086565,46YzZrL66v9Ddo4zxFxwTXCe3i34gGjWNyiHSdE6swap,SWAP,2E8c2vnAKQ3WaSHjezHwQ6GozuXRx96JX7GoNoBeqBug,meteora,1790991421,0.0002856,43531.27,285601,285601,432.95,8534.09,160882.64,919959.83,2,2,50,54,667,581,5298,4475,-0.23,-10.18,37.89,70.42,0,1,1,1,DYN2,,,,,,,,,,
1791086568,6o3xN14C1KShv3sowiPwQWgVbnYGy6MyFU4kEzgjpump,TYDAL,CM4ixhZ2TpRzmswy1aKcmNWeXjMWiSHbmQNt3Cnb6W1C,pumpswap,1791011753,0.000002848,2838.81,2730,2730,0,0,11.38,184214.11,0,0,0,0,0,2,1625,1405,,,-0.58,-94.11,0,1,1,1,,,,,,,,,,,
1791086570,9CQS8ex8FW2Jutq4TDRH99FeLyXa3AacdsMzkK3sR2WF,casinu,3jmRCT98bsLxvZS2A7AnkEWxq2he8cMB9vJmitVtoCeC,meteora,1790991995,0.0000000004541,0.79,,,0,0,0,0.03,0,0,0,0,0,0,0,3,,,,-8.91,0,0,0,1,DYN2,,,,,,,,,,
1791086566,5FPzEpgVjUxoc4dGKA8z4wCTwhzEwDeGuswJC6SzMcLV,casinu,FQbDK6aHZoWcCRmTbiEoARErysZgVqgFzGQH2JkaZ7Ux,meteora,1790991930,0.0000000004345,0.77,,,0,0,0,0.01,0,0,0,0,0,0,0,3,,,,-4.61,0,0,0,1,DYN2,,,,,,,,,,
1791086578,wvukYrkDbBqRgXvSkxtvUrgKxt7tz4iuJBAiS4856AU,HOLDCAT,CzwChTBoGceGNvizQnPVvDKZh37q9UjtQwpnos5kP6pB,meteora,1790991998,0.0000000006395,1.11,1,1,0,0,0,0.01,0,0,0,0,0,0,0,3,,,,-3.11,0,0,0,1,DYN2,,,,,,,,,,
1791086570,92SsBDJprvpmdmd6pPkczZoqwQRzUywb6bRipGuj51qf,HUDDLE,FFNvgm5krTZZpv6Q1aiFFvFbSWyzT6BGBCtLVvwJ37Tz,meteora,1790992033,0.0000000007603,1.33,1,1,0,0,0,0.07,0,0,0,0,0,0,0,3,,,,-18.91,0,0,0,1,DYN2,,,,,,,,,,
1791086572,CB3M9kSoCUF6ePufAFyYmYmeFWxDrTvNoyqB4tkMBts2,POOPYBOT,3pL7u1UQETT9MVhZK2xK4fvjQ15Qs4XtVs7kYRxzocGa,meteora,1790991947,0.0000000007502,1.31,1,1,0,0,0,0.01,0,0,0,0,0,0,0,3,,,,-1.94,0,0,0,1,DYN2,,,,,,,,,,
1791086574,F6N15mekKrDvjYkdwxvRy32d3V7PaPpZiqiTcnHfr1NM,PIECE,42q22BPf4Cue8Kctcoiu6Mck9i7cCSNbFW9SLjiX7k17,meteora,1790991691,0.0000000006427,1.1,1,1,0,0,0,0.02,0,0,0,0,0,0,0,3,,,,-3.65,0,0,0,1,DYN2,,,,,,,,,,
1791086572,CYhrq39zMEV8GGuqE9hf5VUZzavA9DYFvtSYYwaZpump,FROGYO,G8k1qiqy614o2sfyVd1GcV3ENbb9HjYPa3eh4mMM9cfd,pumpswap,1790993945,0.000002579,2565.3,2355,2355,0,0.2,0.74,51.75,0,0,0,1,0,2,0,23,,0.53,-0.4,-3.62,0,1,1,1,,,,,,,,,,,
1791086577,JCsosnu7oSHEjo3vHc4XJnyfDAKpzv9qRJtJCMzSJeGk,enu,GPwbbEtjA6dRTDiyMU7AyRAFbYnehQdEnXd3NGJwgnWB,pumpswap,1790993244,0.000003412,3589.34,3314,3314,0,5.29,1016.41,32046.15,0,0,0,2,7,11,327,530,,-1.98,0.3,-91.47,0,0,1,1,,,,,,,,,,,
1791086576,H49xNgg1hMV6LqXK6if2g8CYnrvp7CxQ5SJTnDRwPoS,POS,6suKoFim8x2wMNGdjbZnwrvRTqSZMdaPx4LNiSRdgcZ7,pumpswap,1790992519,0.000008833,6563.09,8133,8133,0,303.75,3916.97,32946.36,0,0,2,2,21,34,345,284,,-5.69,-38.84,-14.57,10,1,1,1,,,,,,,,,,,
1791086578,difL81fA3eHQf1aU1MRH5NeP8er86JdEjpeNigkpump,DOTPAD,HsErZjYq5GwpvwRBCz7jsCzTMcouW84Ea8bTj7iK5h9z,pumpswap,1790993134,0.000004171,3881.83,4033,4033,0,0,249.86,1417.6,0,0,0,0,4,5,22,40,,,2.43,0.21,0,1,1,1,,,,,,,,,,,
1791086577,Semi19QNnfZyQnQVddwNJT8TD6NwR7CN9Zn8uVnVKfh,SEMI,6RkYwQm5pTK3w4BrzbdLWuPEY7t9owHJ6uXw3chsGfSj,meteora,1790987464,0.000001973,3740.5,1973,1973,0,0,0,229.14,0,0,0,0,0,0,7,5,,,,-0.04,0,1,1,1,DYN2,,,,,,,,,,
1791086578,eyydA9bbqVpmRqTqfe36aQiVzxCDHwATLdWhDrYpump,ATFS,Efh8cwNx3aE62NY4ui3sZ1zPHeauAxzPYRYW1bLoBZoU,pumpswap,1790994039,0.000002265,2293.26,2266,2266,0,1064946.96,1122417.43,1740446.51,0,0,679,2031,14688,2329,64252,3406,,-100,-100,-100,0,0,0,1,,,,,,,,,,,
1791086574,DsjkTTjAHNr9RZtDRnG1WwAdjuUuJHGHhuyTKGTQYoBZ,CREZA,3EdCTiK6Vfjdzmd2W625EgLPC3U4b53p4oZXS6p2PqpH,meteora,1790994030,0.0000000006948,1.16,1,1,0,0,0,0.08,0,0,0,0,0,0,1,3,,,,-21.64,0,0,0,1,DYN2,,,,,,,,,,
1791086574,EYPQgqqJ4DTPd22jWyvaHvN3tmjXCZrfv3djLimzTUot,Gemini,GRrqmfH4ejga2AQfsYkagdghfH6Sm6q4Y3xrgFJrcMx3,pumpswap,1790993581,0.000002126,2145.55,2114,2114,0,0,0,0.16,0,0,0,0,0,0,0,1,,,,,0,0,0,1,,,,,,,,,,,
1791086570,8tg1ZDKuTsrohBbdW7ix3NJsmAmfk79Wj6AfHQdxpump,ZKEY,FRWi27sfaTvo5qpV7NKGfJF7acLKhejW8GxtP9FW3SoJ,pumpswap,1790993729,0.000002773,2743.67,2462,2462,0,0.24,34.91,653.44,0,0,0,1,0,4,4,48,,-0.7,-2.45,-34.13,0,0,0,1,,,,,,,,,,,
1791086565,432Dtes4TzhxLhfyZtyVhWLcv18HZ3bMZL3F2eeepump,FOMOSEASON,BVjeB2bw5md6EZcYeXGu4x7fyjm4x98tJXid2eNZQRT,pumpswap,1790999872,0.000002629,2619.3,2537,2537,0,4.32,11.28,53961.52,0,0,1,1,1,4,772,3244,,0.82,0.09,-95.87,0,1,1,1,,,,,,,,,,,
1791086571,AXC2XcQiVx6UfCgLHjpRBU4nupF4WdsptydKQCvxsRuU,AI,hbXdZafYL5u1KCyXhwgPe3hwU1dJxcP31jwgmTkk4n7,pumpswap,1790995343,0.0002748,51927.28,253640,253640,1039.53,11038.77,171738.96,1831441.86,4,3,106,86,1131,986,14768,10989,3.49,2.31,-34.8,56.46,0,0,1,1,,,,,,,,,,,
1791086565,4MHsG8YKtqUskMruk7o53ETHjrfHkMz6rnRtDW9vpump,LATINU,FVaFW1td8uyBTAyMrTb1Dn8r9FY19aQXMYFJYoSr6fxw,pumpswap,1790993937,0.00001610,9631.7,15633,15633,0,0,853.96,9744.77,0,0,0,0,7,4,75,105,,,4.19,-54.58,0,1,1,1,,,,,,,,,,,
1791086578,cGyrGVj2CUZUXCGh9q9XXVwCMj5uLocbKy6WdMspump,TIPTOE,Di7sEKgCz2q3Zp3Y2U5eGEHzmf1jUP2JQzZRpsDhPR3u,pumpswap,1790992026,0.000005188,4549.38,4965,4965,0,10.48,519.57,17277.15,0,0,2,1,5,10,224,266,,1.56,-25.9,-48.75,0,0,1,1,,,,,,,,,,,
1791086564,2yDAyrrzefmZeMtkQ2e6wH4o1tsUoL7wDbs3nbmJpump,ket,7452UAiuDhELm63KEMJaL8AgzJrC129JfRvxQ4eBr11a,pumpswap,1790994646,0.000003634,3667.67,3479,3479,0,37.34,99.93,4050.13,0,0,2,1,2,6,42,134,,1.53,-2.13,-70.48,0,0,1,1,,,,,,,,,,,
1791086568,7CE1oV8Xey7pgmoKPou8Xrqa3t5VF5KLviTjxdWVXNwi,STOCK,5NLWu6ntKvtFNSx9Sc5nKdsthxNf1WFmdRtj7Dj6gZPN,meteora,1790996104,0.0000000006265,1.09,1,1,0,0,0,0.08,0,0,0,0,0,0,0,4,,,,-24.31,0,0,0,1,DYN2,,,,,,,,,,
1791086570,9nrtbvBZwjgYcGfYbnCf5URrRKHZPX91yCaCCQKrjuW2,DOTPAD,2sVJh1rmY5XjbMpMrNd3WWW25Chq9xmXrALH4387B1Ko,meteora,1790996113,0.0000000004346,0.77,,,0,0,0,0.08,0,0,0,0,0,0,0,4,,,,-31.99,0,0,0,1,DYN2,,,,,,,,,,
1791086572,BnprRe5GCWriYqs22xkPgCezEjfu7zx6JvpUGqGmpump,IAVD,FYx7HjVSzLsNYKSyoVbgmkg7SZreLGKh5SWqaefMC13C,pumpswap,1790995800,0.000002139,2171.83,2127,2127,0,0,0,0.15,0,0,0,0,0,0,0,3,,,,0.17,0,0,0,1,,,,,,,,,,,
1791086564,2bQBNJfkGLsCkKEHJUgdFnPoQvDqpW6SYoJ6Zfrtpump,REP,4cftQSYQhW2RcASwQR3hW3J4UVGc4u2YCvY4PmZ4B86j,pumpswap,1790996261,0.00001124,8081.35,10358,10358,253.43,1839.8,9875.22,311366.22,3,2,40,27,173,178,3435,2714,-9.09,-9.32,-43.08,-86.36,0,0,1,1,,,,,,,,,,,
1791086572,CSEYLJr7gQ6Z5hbt4ikWLfuwhzmeonsnSYGbkRPQXKxN,SWAP,5reM2Drvc77ngrMoNFuxXM5r2dZkUky2p7o7RYvM3Kad,meteora,1790995977,0.0000000006160,1.06,1,1,0,0,0,0.09,0,0,0,0,0,0,0,5,,,,-21.33,0,0,0,1,DYN2,,,,,,,,,,
1791086573,CtZa9wbnAJXVNA3xVs4M5LDKRcNc6VW1xcN3Q6954GDe,Speed,8RURdemGzi1dDW7G9sM6TaupFnMGYUPectvYumyfdNGV,pumpswap,1790995819,0.000002120,2138.49,2112,2112,0,0,0,0.43,0,0,0,0,0,0,0,1,,,,,0,0,0,1,,,,,,,,,,,
1791086575,GK5xmYzh6axzYKRwWH56pbXvaUDVNdJBFJ2pD7Papump,PENIS,5TN2PjsbMQ965W3scNTbkBGEKGxhqwqchhR38jbFxgUf,pumpswap,1790996986,0.00002058,13010.52,20246,20246,0,42.13,2658.32,65453.12,0,0,13,2,21,14,273,253,,0.32,-1.61,-85.4,0,0,0,1,,,,,,,,,,,
1791086578,gL9Q3xjXM1BdopmHn1R7Kb3Eim5NAQ1eWGNaTj3pump,TIPTOE,BL7ban83XxQ5uxXUXFqKEti3Qgdx1QCpT7k4tpW9Ag6Z,pumpswap,1790997315,0.0003875,58606.64,374504,374504,174.23,38592.07,226586.78,1090672.15,6,12,230,217,1394,1248,6395,5027,-1.53,-27.1,16.17,417,0,0,2,1,,,,,,,,,,,
1791086565,4RbsHw9H3EayjgfWXq2KaLvbREFua8wkER3gdLViLK3T,BAG,86uTMS774PnKXVjXdzaJ1qEKjpwkk9vcCFpWEVW8UX3J,raydium,1790983311,0.0001495,35423.74,149522,149522,9.18,293.61,11017.29,113390.3,1,0,14,7,123,109,795,602,0.16,0.15,-26.46,-65.11,0,0,0,1,CPMM,,,,,,,,,,
1791086568,7MxLJtA8pfx7UwQLzPUCj3vpcg3hoQrEsX9eVnSBpump,CLICK,CiGP87mp4ngviYDQPSybT3g1Y7JXGLXvjHVXM39i4xb6,pumpswap,1790997941,0.000002532,2548.21,2413,2413,0,0,5.22,294.19,0,0,0,0,0,4,0,67,,,-0.66,-20.68,0,1,1,1,,,,,,,,,,,
1791086568,6w5s8REWoQH6k4UmLzoDTVNy9YVtRvkjPFG7Lrxvpump,CATBOT,J5DTQBcCm46CorpHjyj7UbiKoaaXonQDRBtToMCnU2c,pumpswap,1790996136,0.000002531,2785.58,2459,2459,0,0,0,499720.19,0,0,0,0,0,0,12472,7638,,,,-98.28,0,1,2,1,,,,,,,,,,,
1791086570,9ZfC2qaXFYxwuh1c27K8bce1jHb4oReQgAvrjwWdpump,BOXY,92knjGRwJaehxfdTJxrbqa2Yum9X1EhWnUJ35YG7nevX,pumpswap,1790995161,0.000002923,3325.15,2829,2829,0.02,3.37,24.6,1292215.79,1,0,4,2,12,9,5406,3052,1.22,0.57,0.79,-99.51,0,1,1,1,,,,,,,,,,,
1791086577,JDiA5P8SdMuiuzzwSXAgf91b6NhqTLXiMq85mMMPcefL,Ember,21tQ7YKDpr4yJ9dJFpNRbKZ2PY9T13zLKzUfgqpTRiia,meteora,1790997893,0.0000000007674,1.33,1,1,0,0,0,0.09,0,0,0,0,0,0,0,4,,,,-21.5,0,0,0,1,DYN2,,,,,,,,,,
1791086574,F94bbEHfPkHGBKNBAQqbGksvUrxXcCYdNF4BFTMupump,CHAD,5NqJBeBn6HXkJTctA2JsbHwKQ7isKjqc1YiXLXrn2aY,pumpswap,1790997931,0.000002410,2613.98,2380,2380,0,0,0.48,475086.78,0,0,0,0,0,1,7787,9774,,,,-98.26,0,1,1,1,,,,,,,,,,,
1791086572,Buu6e6aADkCEjU2e5UPgrDm19AnQpiJzkhRXFgyXRWRC,NEAR,HB5XJuuRWyUfQWivxPefVitpH4DfZDNirCc9EfqZouQL,meteora,1790998028,0.0000000008508,1.4,1,1,0,0,0,0.08,0,0,0,0,0,0,0,2,,,,-10.74,0,0,0,1,DYN2,,,,,,,,,,
1791086566,4iym8dXgf8YGFziAKbibahoYJBkPSVwUDnd8RksFyWr9,X,FcmEzTe8LMqVAhwaVdRPDd5LXzDmR4GNPSKC2mY3dcKv,pumpswap,1790996771,0.000002136,2157.69,2129,2129,0.01,0.01,0.01,0.04,0,1,0,1,0,1,0,2,1.31,1.31,1.31,1.31,0,0,0,1,,,,,,,,,,,
1791086578,neJzh2HnhHHoK2SLn5N9NoZ8n4zvxtryzPkEzWCpump,USWR,iNRNyzq8SX4s5L9q8N1nxdGVbQQxXgbsKMrjppSEkyo,pumpswap,1790997631,0.000002463,2479.75,2463,2463,0,233162.81,287588.33,481391.06,0,0,116,269,1152,962,4892,3435,,-99.99,-99.99,-99.99,0,0,0,1,,,,,,,,,,,
1791086567,66AWe32EsYLbTa6kYz4D6EXRHsS1KH5tU8FDU6H5ToLX,Vampcoin,2QYMv8XzJ7Q7MFjxZHvqfpfTzCUDFNcT7LMjM1QLP5tG,meteora,1790999905,0.0000000006217,1.08,1,1,0,0,0,0.08,0,0,0,0,0,0,0,4,,,,-24.73,0,0,0,1,DYN2,,,,,,,,,,
1791086564,2PjmFBVbrKF8v4cPyksynLZNHViiqbTqXdoKHvXvGoH5,SI,7nab2CVAPv3AA99vw9cJfzg4xqem8UCpghcpMCNs6ajz,meteora,1790999685,0.0000000006558,1.11,1,1,0,0,0,0.07,0,0,0,0,0,0,0,3,,,,-22.24,0,0,0,1,DYN2,,,,,,,,,,
1791086565,3Yn3spj2Q6D6FgKXHMPgdiC27Rgv4k7d7PPXgZSuRTJ5,GTA 6 Coin,BQxhWHza9E7Fy2arDLZUsMq7P5NB2YHBdk3eniF7qBZ5,pumpswap,1790999265,0.000002455,2472.37,2443,2443,0,0,0,4.45,0,0,0,0,0,0,2,2,,,,16.06,0,0,0,1,,,,,,,,,,,
1791086571,AH65Hay9GUiM87aWeRdfu7psq5xEcZW5K1FrmKR6pump,Hermès,2KfXDqcma9Ao3pQU8gXCDw4ZH5cegtpWsZ5KQzKqT4Vn,pumpswap,1790999204,0.000002120,2143.42,2111,2111,0,0,0,73544.4,0,0,0,0,0,0,6215,7767,,,,-99.68,0,0,0,1,,,,,,,,,,,
1791086573,Ci33EnAm5UWo7jc5JtHFzgprgyEC3drg4pBZjLQCUbjc,TikTok,Hh2GKa2dNHLyjqFVx2yQryn4b8tQnHXqUBbSRZCnmFdX,pumpswap,1790999366,0.000002115,2132.66,2115,2115,0,0,0,53373.11,0,0,0,0,0,0,1954,3411,,,,-99.69,0,0,0,1,,,,,,,,,,,
1791086565,3S6nzrjkCr7qCPMzcBbgkH1ycuLvEE4UQmaVcBtXGiwr,OMNI,CqwVMbfvEQZKhke8sTtEHsXprhsFMZYwTYePgHCR94q,meteora,1790999241,0.0000000004165,0.75,,,0,0,0,0.08,0,0,0,0,0,0,0,4,,,,-33.64,0,0,0,1,DYN2,,,,,,,,,,
1791086578,YbYhD93eSsgyCbMEUBWHpUc5wNjUbWe7VWQTvdPpump,GENIUS,8weKxS6ksge7okrCQZoam4PRKb5aJ34ZadrLQTpSa4yt,pumpswap,1790999494,0.000002313,2355.43,2228,2228,0,0,2.25,111699.13,0,0,0,0,0,1,600,362,,,0.02,-96.13,0,1,1,1,,,,,,,,,,,
1791086563,26VsYcDJ4Vv8C1TbbCg8K9ZQau8xre6CK1CD2hdEpump,ミズラ,Gko2ceqFsNjPbwdt9vVzNKUBHC5vjjviWAYbHzgsCi81,pumpswap,1790998356,0.000006212,5490.46,6027,6027,88.08,325.09,6747.92,567350.11,8,2,19,13,125,135,6519,4557,4.97,13.35,-46.85,-89.27,10,0,1,1,,,,,,,,,,,
1791086568,8HQgEcbhR5Xoh735zvndAocCLd7wdAYJfWHV55J8pump,PUDU,95WhUbKGxbWEjj9UgZtcEAMXoBmTSmHRAFiAxPLFf1FJ,pumpswap,1791000628,0.000003667,3767.34,3575,3575,0,4.15,147.98,1078875.19,0,0,1,0,8,18,10588,8423,,1.4,2.71,-92.53,0,0,1,1,,,,,,,,,,,
1791086574,EvXBS8fWqKAdZ8VAeNyt7uLtMZGVEHZxiod3QXg2BAGS,BOOTY,AUZe5W5opTkAbd6rfKGup7MtNSXt1S1Jb8LK2iWcKPXA,bags,1791001298,0.00006664,,66647.83,66647.83,0,0,0,2.33,0,0,0,0,0,0,1,1,,,,-0.05,0,0,0,1,,,,,,,,,,,
1791086578,fKC3eHWWXzJxfqHe9KvJ8ESdSdtvSLKJJVDWbzD7ZVr,KIRKOWEEN,G4y1jTbhhk9G4cLFpErw3r2W1B6q3UvRGbJVU6L3Cj83,meteoradbc,1791001163,0.00004681,,46815.4,46815.4,0,0,0,9200.12,0,0,0,0,0,0,271,306,,,,176,0,0,0,1,,,,,,,,,,,
1791086577,Mwc1bNU42s3ZasviwwSZr6vHLQ56CjnCsDuQ3cEBAGS,DOUBLE T,7k5sePuPT92HVVo5Qpc5je5N561S93w92XTuKy1vHMav,bags,1791001277,0.00006664,,66647.83,66647.83,0,0,0,2.33,0,0,0,0,0,0,1,1,,,,-0.05,0,0,0,1,,,,,,,,,,,
1791086567,6CRFuxnxcYzPrTxJDNai1vwzyZExKaiGLL15P3Pd3DTj,Pumpoween,Asr57hzt9nWYZjWGqXrtTkygB5V3jktyGATjjtYK4Vgs,meteoradbc,1791001299,0.00005805,,58057.19,58057.19,0,0,0,7750.94,0,0,0,0,0,0,290,272,,,,32.43,0,0,0,1,,,,,,,,,,,
1791086574,Dpf5AYhQwKx5SF2LFiQvBaG2zbqKKimcMWyZWPQHBAGS,SPACEX,2YZnKvfbFKiAQ8wMteopMMwHvv85dEoeELm836pg9rN1,bags,1791001287,0.00006664,,66647.83,66647.83,0,0,0,2.33,0,0,0,0,0,0,1,1,,,,-0.05,0,0,0,1,,,,,,,,,,,
1791086568,6hGhEQzgoiZMyVPX3VceQ9uH5CfiAHk4QCHxFWfrZZn4,Gustavo,33n9UJNkwvKFv7iAPippAXMs5xQQwbEy5DuF9cFycLMr,pumpswap,1791001113,0.000003041,2975.88,2689,2689,0,0,0,142837.14,0,0,0,0,0,0,1522,1423,,,,-93.68,0,0,0,1,,,,,,,,,,,
1791086567,5ndxUPCiE6UBq8TSiuUT7M2eph7QmhLRbG9HSh3KJnb5,SAND,3KucCcgUJN7jPU4PkZzr71NCgPFWv6zLeQAhV6Uwz79U,raydium,1790956083,0.06231,62048130.35,62317078,62317078,0,13.18,91064.6,291330.32,0,0,2,2,11,11,35,36,,,,-0.01,0,0,0,1,CLMM,,,,,,,,,,
1791086567,6REnZgtxhwdSAHczAp4J5PRsGQYQt7T3x4kEDyfs9U7y,HOLD,FJtWKJjJj18ySYBATorRXJNyM3YHXiob1aifGNyoVP53,pumpswap,1791001585,0.000003871,3888.53,3594,3594,0,4.51,143.1,1250851.47,0,0,0,1,6,7,6916,5651,,2.01,7.7,-92.11,0,1,1,1,,,,,,,,,,,
1791086565,45tPsmYeExLfo7FTDtenPNR5tkFBTza5XERis4Z1pump,t1t2,A9tyH2nNGxgqKGjacFFZgFrX1MdFDpz1BGGDz9Evqx1F,pumpswap,1791006461,0.000003309,3200.58,3135,3135,0,0.3,0.59,152009.16,0,0,0,1,0,3,1654,1560,,0.48,0.56,-93.34,0,1,1,1,,,,,,,,,,,
1791086571,Aop4kuTaViTjb7Vps6BAtiLAQxGYohmBvyoqkLiRJkB8,TripleS,Feiwa9vbpWgqMutpa1eaDpZpd4b1rCvDsPXvmnm2bTuh,meteoradbc,1791002567,0.00004148,,41482.48,41482.48,0,0,0,21142.58,0,0,0,0,0,0,799,904,,,,162,0,0,0,1,,,,,,,,,,,
1791086573,D2z8q3e7oKN6nNt2tvSLTBmvEGAFWvvMH6CR9thQ2d3T,SI,9ei6gQpXxo1uc1QZECusaisSnoGy6pMHfpPFXtv9v5Sq,meteoradbc,1791002818,0.00008808,,88087.74,88087.74,0,0,0,11853.87,0,0,0,0,0,0,155,232,,,,679,0,0,0,1,,,,,,,,,,,
1791086576,HB3uK2YrPePhpWA9x6rTVGn94AQVAcc5BXRwJ2XwBAGS,SI,6QYFhTUGeq9SL9sqbmBGsjFNdkJHdPvXioHXtrivYMsa,bags,1791002805,0.00006682,,66827.04,66827.04,0,0,0,2.33,0,0,0,0,0,0,1,1,,,,0.16,0,0,0,1,,,,,,,,,,,
1791086567,64gy29xTYWiGgvFZu1UD6FRRdViZPDQrPWV99DQ2BAGS,BREAST,5q56h2pw8jNmerxKapRvStBxSLh7Fg8czCekZpykv46Q,bags,1791002794,0.00006682,,66827.04,66827.04,0,0,0,7.92,0,0,0,0,0,0,2,2,,,,0.16,0,0,0,1,,,,,,,,,,,
1791086565,4CTEUjTESy4JJqg3Yo6yi7oGi5ggRwyaFdL6oc89BAGS,SCAREDY,8quJRPyjHhZwEvMXvCyhcCjrNE2rfsZnqDsC59m8jXAX,bags,1791002815,0.00006682,,66827.04,66827.04,0,0,0,2.33,0,0,0,0,0,0,1,1,,,,0.16,0,0,0,1,,,,,,,,,,,
1791086563,2HeAe1PUn5ksYn9HM1VSBvJHoDsvoJGUHQBHrVGt8Mj5,$ALIEN,6jX11tJHFhDqdR9RnLYa2a2vv6bs6tE5kyTm3VEjthDi,meteoradbc,1791002703,0.00005871,,58714.06,58714.06,0,0,0,7229.27,0,0,0,0,0,0,200,238,,,,223,0,0,0,1,,,,,,,,,,,
1791086576,HM6nLhcM4mrL71ztEucrTxgT7ZpVkBiw5HLLQvhsroT2,Apple,8FSgje8FjhBXreQZVT7dJSBoGEZtEs7LXQJ2iqHHoD2n,pumpswap,1791002673,0.000002187,2233.54,2188,2188,0,0,0,70334.37,0,0,0,0,0,0,5312,3941,,,,-95.58,0,0,0,1,,,,,,,,,,,
1791086573,CkKU1sNSJ3sjTzmgHzoXaopQtGAD6JvrpmM5yQsWpump,Google,9UyCHSSohX7qNuAqyq5hZwFcdFUVwKbfsBnTZLoqyQKg,pumpswap,1791002632,0.000002127,2153.84,2118,2118,0,0,0,138025.7,0,0,0,0,0,0,8257,13305,,,,-95.7,0,0,0,1,,,,,,,,,,,
1791086563,29bBfiw1uE7rTgoY8NPY3uaUhn1PMLb9dCrNF1eCYEN1,SOCKET,BcztupDZ1BwomcUtGHcfqpu6QbyK61uMZqJ5v5TeFwam,meteoradbc,1791002208,0.00004306,,43062,43062,0,0,0,15994.25,0,0,0,0,0,0,407,477,,,,188,0,0,0,1,,,,,,,,,,,
1791086570,9Xax6YJkh3MqE1BTtJ99K16xMFbeJ45mEeBZYG9Lpump,BREAST,DzNSq5jnNZdP2L7cbptbPsbX4DF2Hobsd8ya3HADp3s3,pumpswap,1791002922,0.000003784,3878.4,3693,3693,0.13,26.99,254.55,920386.98,0,1,2,5,6,31,11811,9216,-0.11,0.69,-6.2,-92.06,0,0,2,1,,,,,,,,,,,
1791086564,2x2Q2JH81iMqvFCSQAJVKhHcSBHko7TqYPXyM4eypump,PHROG,6bfjhUYVgXXenfLzDTBD6rr3434yqWuAvbZJJxa5QDn7,pumpswap,1791005973,0.000003059,3032.72,2944,2944,0,1.36,349.87,246503.8,0,0,0,2,2,13,2763,2264,,-0.09,-21.87,-93.68,0,0,1,1,,,,,,,,,,,
1791086568,75M5KnxSSsDSo2x8HtZMauJx8YG9WUp1K6ALxZJKYjXe,‮LABTAC,9fCgsWsxepa2Dp8tLJaudMoZVvdHQ4u4QxnJULj5zvrF,meteoradbc,1791005069,0.00005965,,59653.5,59653.5,0,0,0,389.36,0,0,0,0,0,0,61,24,,,,17.48,0,0,0,1,,,,,,,,,,,
1791086571,AnvZ4StCe91xbn8nCyW2dSooPRKyp9iH1ZZTBy5Hpump,Yukimi,6NknUQgM1u1FCcsdo2vLWhW6DXqqFMZrD3XJXKHidALq,pumpswap,1791005112,0.000002340,2353.55,2239,2239,0,5.54,8.16,93590.22,0,0,1,1,1,2,1294,1067,,0.41,0.66,-95.27,0,0,0,1,,,,,,,,,,,
1791086574,FKQCt17wdmUokbMwNnn2Bs55TYvSWgikKcRCFEAFpump,ESCRO,9KTHkYoPBc8a3y259Cg7gyg5BgVfJkdAMA7gubocPgTt,pumpswap,1791003824,0.000005213,4873.67,4874,4874,0,10.81,346.07,813398.3,0,0,2,1,11,28,7363,10521,,1.82,-6.04,-89.47,0,1,1,1,,,,,,,,,,,
1791086568,7WpjEm1xkfnHtdigUdmXnXmrYMLGHJWip4toSa7pucEG,Mr Beast,9mvnceo6bkp4DSioHbRKtnKHCJSAfGD6ox16GsDq7GXS,pumpswap,1791004610,0.000002186,2201.76,2165,2165,0,0,0.72,74597.68,0,0,0,0,1,0,5163,6276,,,1.62,-95.59,0,0,0,1,,,,,,,,,,,
1791086575,FWwnHcbPSrnuhQ5kFQEBu7fWsMemWskvLK9zqX4Fnjh5,🍟,98ybGp4VDhLDLUcAbjnu7QukMWBwzMcj4BEY7SY9Ws7c,raydium,1791006299,0.00004107,19804.29,41075,41075,478.17,4059.06,26415.66,651052.33,1,5,55,39,439,221,8293,5556,-0.39,3.33,22.36,-18.72,0,0,1,1,CPMM,,,,,,,,,,
1791086566,53c62brTyYpWn9v9mWYHRQtBBZY6PHBEcXweEbEmtLtM,Dexter,DWKzC78t5EriXNyxCZXFAHzwM3m7GZnkyWtDYAd8G1gv,pumpswap,1791002228,0.00001572,9568.24,14982,14982,0,5360,20949.78,343219.34,0,0,36,45,178,180,2721,2445,,-39.46,-54.33,-67.99,0,0,2,1,,,,,,,,,,,
1791086568,7MChGzGQC2TkHBk5Uby8kUD9qGshxfTViqkfzNyYNDYx,PRINTR,ARyJYJVX2pg73vmRnePPUHWeyyUBUb46MjEhTzqdvv2V,meteoradbc,1791006423,0.00003208,,32087.89,32087.89,0,0,0,8469.5,0,0,0,0,0,0,242,294,,,,74.89,0,0,0,1,,,,,,,,,,,
1791086575,Fq71MxvPQGHUwxU4kDs3gPdU54KigbGEreP1ky1N3i4N,PRINTRCAT,CTSvdHNfRoV1iya3Tg7LQjAeokL7gQoP3CWGLAUzswXT,meteoradbc,1791006525,0.00003666,,36661.77,36661.77,0,0,0,1385.13,0,0,0,0,0,0,12,6,,,,149,0,0,0,1,,,,,,,,,,,
1791086564,2dZt7TphVCUU8Q7PpU3paBgjBLTDfxGky8wa2EGfjsPg,PRINTRCAT,AfyJVn99iUoddRtJ7XLHqeu26Cuuf5C2K7pvcVZsz42o,meteoradbc,1791006469,0.00003640,,36406.57,36406.57,0,0,0,1769.96,0,0,0,0,0,0,34,28,,,,147,0,0,0,1,,,,,,,,,,,
1791086569,8Y6pHi3cMhxhtHuzgGAsWgAJMyw3zaQLeFFf3qvRpump,PRINTR,BoiL8W7CfhoGfjr3VHFH34GfKdkmGm7y1YyXbweLfcX7,pumpswap,1791005331,0.00006102,23432.52,56968,56968,522.68,9073.13,78616.64,3078449.79,10,10,145,131,886,658,24817,19247,-0.83,2.85,-24.81,23.75,0,1,1,1,,,,,,,,,,,
1791086574,EXinrnaBsgKnq66xs8bTXDQhq54GJs8pgMAHCZdVpump,Meta,B6opnyz3BqpEbRYX3r4QA8Kn4oppzvTEu4FAs4uqCTqG,pumpswap,1791006052,0.000002156,2174.41,2156,2156,0,0,0,89614.6,0,0,0,0,0,0,7232,8960,,,,-95.66,0,0,0,1,,,,,,,,,,,
1791086563,2G7QmhQxiJxiUptX7WNBnbVSgE2WJoHPvTmUTNKSQ798,Haaland,3zwkqCCS9CpxQKZq5TFjhEWveqRBUiu3pzEChUEN35rP,pumpswap,1791006356,0.000002131,2146.85,2132,2132,0,0,0,74108.38,0,0,0,0,0,0,4329,5133,,,,-95.71,0,0,0,1,,,,,,,,,,,
1791086568,7e7uiE9nhhnRtqzStoPTnVPbXdUsfpgyoSjY2skzpump,KFC,F3NG9miSRRhwvruZ22sfghZ3JANDWHg95jamNGwBDUaj,pumpswap,1791005317,0.000002184,2215.16,2175,2175,0,0,3.7,170400.22,0,0,0,0,1,1,11229,17376,,,-1.01,-95.6,0,0,0,1,,,,,,,,,,,
1791086564,2zXY3fGVBqGK6Bqk4p9U1iC3gstsM2riHFik1Gb33HuV,PRINTRCAT,B2ac8k8h1osFXiCUPDjrsN2XrPGJTZDEdjWuVXvVZRR,raydium,1791006103,0.000004286,6219.09,4287,4287,0.27,19.99,975.25,182851.8,0,1,4,6,24,59,3455,2920,-0.07,-0.03,-1.7,-91.25,0,1,1,1,CPMM,,,,,,,,,,
1791086575,FqaXSmG2xhKgQTPvp6h9QNZ4nUowfYXRJnt3tDWgpump,ONE PIECE,8d55TRqcgUEjbLUBdLRm1NLa9ZQT6w697raCHBLZvbX4,pumpswap,1791006250,0.000002124,2151.06,2115,2115,0,0,0,143807.18,0,0,0,0,0,0,13040,14349,,,,-95.72,0,0,0,1,,,,,,,,,,,
1791086568,86jZpHmDXpUwHP21N7r83hrNaDvNjtXtnJJbhhYupump,PrivacyPad,EFuUULgTy3P7DmeJ7BCSEDeEoGTBi6eaWVAv4PTDKx4Q,pumpfun,1791008197,0.000004319,,4319.04,4319.04,0,0,530.83,184580.69,0,0,0,0,1,4,2185,1996,,,-20.08,-61.11,0,0,0,1,,1791086664,0,0,0,0,1,4,950,912,100.0
1791086575,Gf8y2bdg2mQZEnHgiCNGSiNMPnbFceWUYAn3HY5Rpump,FeeFlow,34MS9mCs6D9Y5RcZyc3LSJqKD1hW8dwaPuGyytyLE7Dd,pumpswap,1791008760,0.000003072,2999.76,2716,2716,0,0,9.76,73748.44,0,0,0,0,0,3,1153,1070,,,-0.8,-93.66,0,1,1,1,,1791086664,0,0,0,0,0,3,545,658,100.0
1791086578,fJ5tNJQzyaGbx9oiz2MTdpP6ZRRgcaTM9AesKReCZWC,PONK,HToym65Q2pD5LxGYjAkn42TMe8xdLubs9WTMW92HCmb1,raydium,1790960821,0.00002247,25352.26,22473,22473,0,819.8,1129444.98,3032889.63,0,0,8,21,33,69,353,446,,-19.07,-25.19,-43.85,0,1,1,1,CPMM,1791086664,1,1,7,15,22,31,166,205,100.0
1791086567,6DCPs3QyhcVFhV8J2mPLX2QvvjqR8R5Rxv987FAmpump,ENSNetwork,9UpZ77qjXa3Mi6WhrkAfXGdDBUCy1oS7AmaBUSjwbNd1,pumpswap,1791006166,0.000002398,2537.15,2323,2323,0,0,0,484634.21,0,0,0,0,0,0,5221,6744,,,,-95.8,0,1,1,1,,1791086664,0,0,0,0,0,0,2679,2577,100.0
1791086571,BcxwcKsSrNDFPuHPNNpcCxibn9QmP6ieXGqixjhEgtjW,PHROG,ARwF526f5FQB7VpLw1bPVEKPbTV1gcZaceUnaJkw7HAf,meteoradbc,1791008769,0.00008074,,80746.89,80746.89,0,0,0,1881.81,0,0,0,0,0,0,28,22,,,,430,0,0,0,1,,1791086664,0,0,0,0,0,0,27,19,
1791086566,5PfzcD34FVT819jhHKfAyKbzD9BZkQbVbK6uQTjRdzNp,FeeFlow,99AmUmPAZTBWAss7RYsgDpHVHdkddLVnvqA6pSweeBHA,meteoradbc,1791008781,0.00004073,,40730.37,40730.37,0,0,0,8358.25,0,0,0,0,0,0,288,280,,,,150,0,0,0,1,,1791086664,0,0,0,0,0,0,163,159,
1791086575,FZ7TuWUNmRS32Wt34uejNUcqA6DkwxHuxmUFbwbsBAGS,DOCK,F4MAmkCPQxhkuKDV8J91omYF9mV6cV7mptMY8aEF1FXT,bags,1791008778,0.00006694,,66944.64,66944.64,0,0,0,2.34,0,0,0,0,0,0,1,1,,,,-0.08,0,0,0,1,,,,,,,,,,,
1791086574,EKcccTt9rYR5asHggTeCmmxdSPiyypRwN1ujPwJpump,Apple,R7hFzJzNmFEreSQAC1Tyx9pymcLHPT7c7EBmN5BTZpz,pumpswap,1791007018,0.000002126,2159.97,2118,2118,0,0,0,176124.18,0,0,0,0,0,0,15028,15989,,,,-95.72,0,0,0,1,,,,,,,,,,,
1791086574,Eo5niboDG16WunKLMigPvTkpHkCpStTibXNgJGNxCcdj,ELON,vQ2j5WuNAMuaSoJcwkz9ho5yJPY6jnYq3JrQ4s4MSgH,pumpswap,1791008558,0.000002121,2141.66,2115,2115,0,0,0,88161.09,0,0,0,0,0,0,3689,3896,,,,-95.73,0,0,0,1,,,,,,,,,,,
1791086566,5F1Se9J2L16YcK1fpk18NhSvnPjtyjQSaczKGLDoV1Uy,犬神,H3xDA1qcBodiESGUQhp6GQqnm6wKDFWwvP2CGMM2M1Ru,pumpswap,1791007552,0.000003404,3326.24,3274,3274,0,0,56.35,227008.9,0,0,0,0,1,9,3391,2740,,,-0.77,-93.12,0,0,0,1,,,,,,,,,,,
1791086573,DRuUTQwk5wA51MVLF8u8VfMDsB463rAKJ6JmUr4S9Bf7,Y/NO,HthswCavhSd395KoNkt8XdUkLxANvAz4956iaXWHemWZ,meteoradbc,1791008749,0.00005737,,57374.91,57374.91,0,0,0,8452.92,0,0,0,0,0,0,392,417,,,,30.04,0,0,0,1,,,,,,,,,,,
1791086567,6R1F4sNySF4NKGdhW3UhESWuYYRu4Cehk5rn3mGP375R,FROGE,DHXZ4PwqAbtngJPBQRuGrxMJuCxGnV3hVVFPw3R2Xe5J,pumpswap,1791009160,0.00002281,12979.5,21998,21998,16.59,1259.14,6768.72,1404776.1,0,1,7,18,65,118,12154,10481,-0.33,-20.65,-19.46,-51.56,0,1,1,1,,1791086664,0,1,6,17,44,95,3525,3278,100.0
1791086571,Bg2Du2Hbz4hTC2UTUvfduP6WvCzGJsWkphoED3tgpump,Mymo,7dZN724n3F7VPMwDXU9dNJHPzKEapoDJ1ktZ37KwckpT,pumpswap,1791012669,0.000002545,2540.83,2444,2444,0,0,0.51,66995.26,0,0,0,0,0,2,785,883,,,-0.51,-94.84,0,0,3,1,,1791086664,0,0,0,0,0,2,441,584,100.0
1791086576,HAcEqEVru6dRbe1grLFTPBxjxGgjn1tVpR7bLgYXdust,DUST,9KBF3KqYErfs1NXRK35gb4J8wnAD2i9ePZAzcwn7yhFT,pumpswap,1791011965,0.0001494,39099.3,145213,145213,1899.25,15726.59,93794.41,3426997.65,10,14,124,166,1017,1079,30421,24322,10.3,10.17,37.87,203,0,1,1,1,,1791086664,7,8,91,99,531,565,9127,8421,100.0
1791086571,BarLDxDMQLTQfV1b4kes2AxUkK1pFNZtGCKQqtjrKXQD,VOYAGERS,BGDp8Z8rbVLrRhQAmBs4f9QXeQYL15ERq8byC1zAoYda,meteoradbc,1790986729,0.000006824,,6824.79,6824.79,0,0,1270.59,11435.2,0,0,0,0,0,7,84,27,,,-34.23,-34.62,0,1,1,1,,1791086664,0,0,0,0,0,7,11,20,
1791086577,HZxurfDsZb7DCQuKZbGCt7pZJziGxkXiQHuP1ysKpump,ITR,8y5JGTmacx3rVVReWsfyWFUdD2aNifqZx6xwtTg6z6VS,pumpswap,1791009272,0.000003498,3492.55,3354,3354,0,0,12.85,579916.12,0,0,0,0,0,2,6660,5365,,,-0.43,-92.79,0,1,1,1,,1791086664,0,0,0,0,0,2,2105,2080,
1791086578,pFftuUXhSNjVa1qZ8c9Ew6CQ7WNaoafWeh8SokvnXMx,LAL,HsjmtG3HZmUDp7BgBBs7z1Wx2d7iLTWB1LpBUBikUBmA,pumpswap,1790946834,0.00003850,16956.19,36835,36835,202.21,1440.46,9006.81,159606.8,1,2,19,18,107,127,1336,1121,0.68,-10.13,-19.74,56.14,0,3,2,1,,1791086664,1,4,19,17,61,86,540,547,100.0
1791086570,9pX26H1nrGDun26gf5Zmt64f3Ki4NscvQv1ocbFHbiMz,ITR,E2hbSDRBgej63LegnMoBTX5J5MYi8jizZcyA1KEvWwDa,meteoradbc,1791010879,0.00004793,,47937.97,47937.97,0,0,0,13833.73,0,0,0,0,0,0,289,345,,,,207,0,0,0,1,,1791086664,0,0,0,0,0,0,121,120,
1791086573,DYUUbfuUjfzsec9TW9Tp6dgrrFEwjwkNKfGwq1kPvxzi,Mr Beast,AC4pnaGYoFMUNCSSKq9A1WHwxisNNfQRvRUz74m1Uw62,pumpswap,1791010342,0.000002188,2212,2148,2148,0,0,0,127247.44,0,0,0,0,0,0,11479,10825,,,,-95.59,0,0,0,1,,1791086664,0,0,0,0,0,0,401,944,100.0
1791086564,3CGdtbTBtKnoFjCCRJdEofAkFFsgzyHeNPNzsGXZM5gQ,BARRON,7nzq15nUphVePU3hHZVNGMoiPHp1uosGfnsBeAJPt4EQ,pumpswap,1791010696,0.000002122,2150.32,2115,2115,0,0,0,132772.89,0,0,0,0,0,0,7846,5843,,,,-95.72,0,0,0,1,,1791086664,0,0,0,0,0,0,469,910,100.0
1791086566,4zWNzT8Luxfk7PgyWysqMfmPxpQFyZ7xmzgfKAYGpump,SpaceX,Gmv25XDYeCfVTbsx5qxnhQv7uboyEKE9kEvj6zJEPR3R,pumpswap,1791010446,0.000002135,2175.44,2125,2125,0,0,0,241486.21,0,0,0,0,0,0,15457,22716,,,,-95.7,0,0,0,1,,1791086664,0,0,0,0,0,0,505,1708,100.0
1791086568,7z1eopfUnB6GMKwfXAssf9JVepjBrt3dHPeowCtHDdJQ,Haaland,4TSKqeEddJTBT9H6DMT8bvb8MP1nmmbHiR9j6yzQ8fYM,pumpswap,1791010501,0.000002170,2188.2,2171,2171,0,0,0,77800.66,0,0,0,0,0,0,5871,6262,,,,-95.63,0,0,0,1,,1791086664,0,0,0,0,0,0,168,428,100.0
1791086577,J7YGsbHef15JpHWYTXbdtYq79s811BgVbpoTSoQbpump,NUMANCAT,BAZLf542gjUpDgQVaLcjvqW6PGfCka8sH9oJeD13JmHu,pumpswap,1791010816,0.000002446,2506.01,2378,2378,0,0.08,0.08,229029.78,0,0,0,1,0,1,12240,4249,,0.39,0.39,-95.02,0,0,1,1,,1791086664,0,0,0,1,0,1,2271,1954,100.0
1791086567,63jSvd6gNwE4ueTcfHwK5cvXFP3RcDLfw3j5tAefpump,ZECPAD,Ejc47s4szxqGJVnNVgHJBWVtZG56QM6XXwxGYMn8WYuC,pumpswap,1791011593,0.000002343,2388.2,2261,2261,0,0,1.26,141469.06,0,0,0,0,0,1,1640,1609,,,-0.05,-95.3,0,1,1,1,,1791086664,0,0,0,0,0,1,443,478,100.0
1791086570,92ub6sPSU17SVe8fPFjUD5mJ4VnohM5Wndw4Cwdrpump,WATER,C5ifEbuQWG2DJgGXT4AGv3MHTd3GuWcY6Z5YBWLRUPuW,pumpswap,1791011449,0.000002946,2898.72,2800,2800,0,0,1.47,152690.4,0,0,0,0,0,1,2418,2116,,,-1.22,-93.9,0,0,1,1,,1791086664,0,0,0,0,0,1,997,1096,100.0
1791086571,Ban1QaquJCpWkZXMneVBqVBkqeBTFYQqZRkco2CYpump,Botizens,GjAseiM3ZW9exTi3vdQBy9EmW7GULiEhnpJgqzu6tj2D,pumpfun,1790931118,0.00002308,,23084.9,23084.9,30.98,1279.08,4948.25,68257.39,0,3,17,7,59,54,652,507,-0.7,-3.81,-14.33,42.24,0,1,1,1,,1791086664,1,3,16,7,47,47,294,270,100.0
1791086574,DxT1KcDPoehCBecScEtr4FT5UGhEnPM2PCQJknTBYRqd,WATER,AiCE9jcozXED3ih849wbX6DUPxXxaTboeA1NBqHXTxqC,meteoradbc,1791011979,0.00004489,,44897.7,44897.7,0,0,0,10002.15,0,0,0,0,0,0,219,244,,,,187,0,0,0,1,,1791086664,0,0,0,0,0,0,110,113,
1791086568,7qLk4xhyY6XheAP5vWmj1uP8u1h7eehH8SwpcEzrpump,Odyssey,8hJ71PgbdDca1qiUrn9gZvKuqRm3eyJmRetNJKLFzYeC,pumpswap,1791012027,0.000002116,2135.23,2107,2107,0,0,0,93039.37,0,0,0,0,0,0,4496,6044,,,,-95.74,0,0,0,1,,1791086664,0,0,0,0,0,0,465,2156,100.0
1791086566,5Mx2FyWUZY44akK1U47Lvm4orRkgnshZxi9xwu9w7Jc4,bamba,2ZUdr65CcKcv7qHCwWwje7T7FTvfDMyAmbig4ig9PX5w,meteoradbc,1791011933,0.00009028,,90282.91,90282.91,0,0,0,2151.36,0,0,0,0,0,0,8,0,,,,18.26,0,0,0,1,,1791086664,0,0,0,0,0,0,8,0,
1791086571,BKmrjcrmsyuXBRy683w8nGwLpSe8HDApQ397n4y3pump,GameStop,H375MRsyQiMUNmkeecccrykkx8FtFzV9gvaPkYGTJ3cS,pumpswap,1791009799,0.000002167,2204.84,2155,2155,0,0,0,247352.53,0,0,0,0,0,0,29729,30135,,,,-95.64,0,0,0,1,,1791086664,0,0,0,0,0,0,446,1248,100.0
1791086571,AXnZXfeUu33KEqB1HaonW9iTWd2dnN1oAsnXL5zS6gu,KIN,46mSyHUuT4phC8N29cVEwo4bu1sty9WmMqyg3CRgcnVW,meteoradbc,1791013651,0.00003977,,39775.99,39775.99,0,0,0,4163.27,0,0,0,0,0,0,97,117,,,,156,0,0,0,1,,1791086652,0,0,0,0,0,0,91,93,
1791086576,H44S3BaXEHSCEfgKYJeV6AFGjYnN1Sxy6Fh8TafEpump,airtime,FRUi4kfMU2nCpBh2guZHD2sCiSVuSX9kTVUGB2VvyQPJ,pumpswap,1791013708,0.000003443,3351.43,3325,3325,0,94.81,887.3,264768.62,0,0,0,2,4,16,3339,5515,,-6.02,-43.77,-93.01,0,1,1,1,,1791086664,0,0,0,2,4,16,1220,1307,100.0
1791086577,L2YCdhFYuMEXNz2X9nNjSKjqCBLZbRF8kDodZqbBbEp,GTA 7 VII,A8K8AMEtcqxudi1P719qrKB3rBvYbNKxJAKXPvsne9MH,pumpswap,1791013096,0.000002456,2477.73,2443,2443,0,0,0,236227.34,0,0,0,0,0,0,24736,20345,,,,-95.05,0,0,0,1,,1791086664,0,0,0,0,0,0,441,971,100.0
1791086570,8oiqV7E5wNEPYuBkBaTQoDYh6CZgGRfKLQrCuEY7pump,KIN,CqiPXZyiCewkQQjLDMM498wKo8pk2SqkK3wC1m3TAGVg,pumpswap,1791013273,0.000003715,3773.02,3604,3604,0,25.29,325.99,749304.12,0,0,0,1,7,13,9008,7631,,-3.56,4.87,-92.47,0,1,1,1,,1791086664,0,0,0,1,6,13,2918,2828,100.0
1791086574,Eqs3QLzusg5GP6PjADVssdPykbPpHYgfnUXU1FdUMSUR,Van Cleef,GqTe8WHhtjwAvhoy4v1bADqiZQDwW6MTPur4gzPWkxCr,pumpswap,1791013586,0.000002126,2149.56,2116,2116,0,0,0,116478.63,0,0,0,0,0,0,11967,11195,,,,-95.71,0,0,0,1,,1791086664,0,0,0,0,0,0,390,932,100.0
1791086564,2NYx446BXeufvniFpvuWeH5X3hjCHbLNJngzWC6GFNJ3,airtime,CEBmtEhWtRhqAXFoaKErXiGJrsWd2i49kyKvwrzNwcyy,meteoradbc,1791013476,0.00004521,,45210.63,45210.63,0,0,0,14199.51,0,0,0,0,0,0,334,376,,,,176,0,0,0,1,,1791086664,0,0,0,0,0,0,171,179,
1791086574,ETbqN5nKYWSjin1BDqbLYQJNdmcEghAKnjQCiCPSpump,CLTR,5gW3wH27sbdoPyip8qcY6gvH6sDxDAshbm4dErYMt1Dv,pumpswap,1791029285,0.000004293,4037.21,4143,4143,14.33,125.19,1020.74,352864.86,1,1,8,4,17,40,4236,3655,0.23,7.47,-16.38,-91.27,0,1,1,1,,1791086652,1,1,7,4,15,36,1627,1701,100.0
1791086571,B3ZpkVmvQ3EAWk5SN7hsEHzkYxQBBZsCSuAHpt1Dpump,LP,9x795G8oyNsucB1PhsAtocTmQdMTQzTcbaQCfMn4V1AQ,pumpfun,1791013979,0.00004905,,49050.87,49050.87,0,0,0,10147.93,0,0,0,0,0,0,5,0,,,,403,0,1,1,1,,1791086652,0,0,0,0,0,0,5,0,
1791086570,98vY5Kkq6QUNAMhYCsUQodGWrzxiSCgv6bZk7Sic3dH2,higgsfield,Cr6sNBQQwXjH84PfixVo5a7AAoG8xSAV984mX9wNcM9Q,meteoradbc,1791015489,0.00004256,,42567.02,42567.02,0,0,0,14335.65,0,0,0,0,0,0,499,546,,,,168,0,0,0,1,,1791086652,0,0,0,0,0,0,134,120,
1791086568,82CEW3KxKUKQTLoeq6nyJC1kdccpfg9qvphxATKFV9PG,CLTR,EvS2PEq85hebBJCtoLu5QuFQiDXNdUHpqFwD1qGzvW3a,meteoradbc,1791015621,0.00004578,,45780.7,45780.7,0,0,0,10505.21,0,0,0,0,0,0,370,336,,,,182,0,0,0,1,,1791086652,0,0,0,0,0,0,182,170,
1791086564,2Ldu5beCZNF7CwUY3qaBpaGrPbjXZw8LpfKaCcYrpump,Send,3WnAw3tFFDPwtbidFG1JFpkmEj7vKUxHpbpVT1VBFXfe,pumpswap,1791016442,0.000002934,3151.57,2837,2837,0,0.34,18.89,1088973.61,0,0,0,1,23,25,6254,7042,,0.55,0.59,-94.11,0,1,2,1,,1791086652,0,0,0,1,3,5,708,721,100.0
1791086571,AtpkxURHiJyDQuv1JU7rvPyni95twBWgjcGsJZK7y7mL,PROXIFY,2k8u5FDX2RMY6cMpjasDxXTjKTwnjzNR3cfEVFoaQbsi,meteoradbc,1791015419,0.0001280,,128052.04,128052.04,0,0,0,7361.15,0,0,0,0,0,0,176,220,,,,1031,0,0,0,1,,1791086652,0,0,0,0,0,0,127,131,
1791086566,56tGhg321cAn9y8JFNSeTnsUaVqB6zX9HSio3KKipump,VRAXWEEN,osNpJb5Pyxp1mHU9BkzHYfxsysJoU3w7NGvJzvVZyxU,pumpfun,1791015470,0.00004905,,49050.87,49050.87,0,0,0,10147.93,0,0,0,0,0,0,6,0,,,,1365,0,1,1,1,,1791086652,0,0,0,0,0,0,6,0,
1791086577,J1iLSWqYdaLXtQHkRAYhqg4SWwNmV4cZuciqHhiHpump,Tesla,DqJHw6c7cAqpUAh1T2dTUFxVobzRRRGhsjyRyVvpPMoo,pumpswap,1791014218,0.000002154,2198.01,2145,2145,0,0,0.02,249981.77,0,0,0,0,0,1,24872,26206,,,0.54,-95.66,0,0,0,1,,1791086652,0,0,0,0,0,1,547,1755,100.0
1791086571,Ay9V3r9JSNXrmGPJxYGeVG1Vm6vb1edrmQabEoScpump,SUKI,5yFCN6Gy6DGuek33DiSdt2AHHrdeqVk7eppaovJWywf7,pumpswap,1791014929,0.000002222,2330.45,2208,2208,0,0,0,723606.86,0,0,0,0,0,0,9603,7025,,,,-98.12,0,1,1,1,,1791086652,0,0,0,0,0,0,3270,3264,100.0
1791086578,ppAkjUeC7Gh4FWMiN7HSgF1M5qe7gtv2A5nBJmwX8VV,KIN,5q9r1pNdhyDTZKQZQ4q76nxbNCZ2TXkxdsmBCNXPvDBa,meteoradbc,1791015165,0.00003786,,37869.69,37869.69,0,0,0,13099.73,0,0,0,0,0,0,410,411,,,,133,0,0,0,1,,1791086652,0,0,0,0,0,0,189,181,
1791086571,ASr6b7avDCN5eftxCm5qfcPxwhmbyag5jTsLfgdwZ5qe,POKEMON,GrF6LTz64TjHFPgJAL79HMbfhDDsGUT86gySrTKzhJyy,pumpswap,1791015009,0.000002132,2158.55,2119,2119,0,0,0,142884.84,0,0,0,0,0,0,28642,23031,,,,-95.7,0,0,0,1,,1791086652,0,0,0,0,0,0,235,409,100.0
1791086572,CXM5FPcMC5kHPSEtxAAcFWQjQR86B2AHHfduthtRpump,HULKINU,EKPEGGFnYbvz4RKcbRRDzFznQ9hvyoG8vvvEy2Qcenbx,pumpfun,1791015527,0.00004905,,49050.87,49050.87,0,0,0,10147.93,0,0,0,0,0,0,8,0,,,,1363,0,0,0,1,,1791086652,0,0,0,0,0,0,8,0,
1791086563,2CPYYsnvWA5cjbds8Ng3kYrFv7sRujeG37Xp5YcsNcMJ,KIN,CuHQvPJjaEE6mNMd49EyHg38hdhEFjMbRNPxGKLa4nkh,meteoradbc,1791015302,0.00004720,,47206.06,47206.06,0,0,0,14573.66,0,0,0,0,0,0,442,454,,,,191,0,0,0,1,,1791086652,0,0,0,0,0,0,195,185,
1791086576,HQxmYKcbr5F6w8b8UQEk8e5SeSxjDeeh8foF3U5DHhFj,Ghosti,HTjuM1m38JY9N86ipVRFA8qvHvrS35EAXxD1bQC3hX7k,pumpswap,1791017206,0.000006945,5592.66,6725,6725,0,0,0,109508.07,0,0,0,0,0,0,869,795,,,,-85.92,0,0,1,1,,1791086652,0,1,0,1,0,1,417,415,100.0
1791086567,5dyyu2XWGhWHua52JjfhoNSbDLni654DD5yR6DcYe3zV,PCAT,DuJRqJTcyHNB56xomwF6eqaQdQYp3RJmryEf5vr1ZJyq,pumpswap,1791016951,0.000004085,4085.06,3978,3978,0,30.9,1525.2,924709.95,0,0,1,2,17,42,12089,9643,,2.48,-17.44,-91.53,0,0,1,1,,1791086652,0,0,1,2,16,41,3428,3308,100.0
1791086565,4JUWkv3DrfxaZCHDSwagmJACGX1iVcFkg1bmYrR2f87K,Ezo,14aqy3ieZTx12D3XTVhS9wFTJRqNz92b5DapBSjhWLNd,pumpfun,1791016901,0.000004519,,4519.91,4519.91,0,49.59,3336.69,240565.1,0,0,1,2,37,48,2880,2759,,-0.17,-16.65,19.29,0,0,0,1,,1791086652,0,1,1,2,25,38,1147,1105,100.0
1791086566,4j4c1nDr9Q3skLFeFxZW1unSyNrySw5HugLLofizjRP2,MSAI,6eDbatxwhtitM9hJ5mW16aGFsCawhT2FEnbRwhPxizCt,meteoradbc,1791017357,0.00004211,,42119.3,42119.3,0,0,0,17913.82,0,0,0,0,0,0,617,728,,,,165,0,0,0,1,,1791086652,0,0,0,0,0,0,209,210,
1791086565,4C2i9Nwz9z3wWLYwUy6mdt84N9gwtGafXqyxyVSRzvai,Send,8KifZiN1QcPDx8zFHBaPb8PSKotvzfn714xU1f8jWEf2,meteoradbc,1791017331,0.00008182,,81828.39,81828.39,0,0,0,2339.24,0,0,0,0,0,0,50,44,,,,439,0,0,0,1,,1791086652,0,0,0,0,0,0,47,40,
1791086573,DCM699G1LZ4sughhkpQ89uuvSfE6Zwq3jMpT5xdxGVQX,PCAT,5wbmmZ82X82TdiY4M5BkGfEipAVji2jDXEEUtGtgTV4t,meteoradbc,1791017434,0.00004081,,40815.32,40815.32,0,0,0,1375.29,0,0,0,0,0,0,14,1,,,,149,0,0,0,1,,1791086652,0,0,0,0,0,0,13,1,
1791086568,7XpooMj5vCpAsEYm3va2soPKB8XWr7X23Kr12AimeoLF,Ezo,AwR8j9YvJxVwFWvuA6ojdZgnHpXk3YrEWhhR4t7uQjz4,meteoradbc,1791017436,0.00004611,,46116.2,46116.2,0,0,0,4250.53,0,0,0,0,0,0,101,107,,,,172,0,0,0,1,,1791086652,0,0,0,0,0,0,84,79,
1791086576,HNjB6ivNmcfwPZLHzoXogPTdE2pY8G4umaYSfDA4pump,MOOON,76mSx9h6HwkWmqZZHSR67wFdxSnQYHnMa9fcnR7wgoNj,pumpfun,1791017153,0.00004896,,48964.59,48964.59,0,0,0,10130.08,0,0,0,0,0,0,8,0,,,,1363,0,0,0,1,,1791086652,0,0,0,0,0,0,8,0,
1791086564,36ZYk5qbF18cg1cnsH7Pxhzpc856tgrkUdLaQHPQAvtP,Van Cleef,715o74i6hvetisnu7JVe9Zzn3KFZZLn9sy45RCepFUhR,pumpswap,1791016636,0.000002120,2133.93,2109,2109,0,0,0,93986.39,0,0,0,0,0,0,8425,8628,,,,-95.72,0,0,0,1,,1791086652,0,0,0,0,0,0,392,931,100.0
1791086571,BXcVVYNa3eojfTuJfmqEtzxHmqLJD5obUDbZiYrGpump,MSAI,UiWzhZDLxwEnfui6QfuKMDh3Zrjms98fAk4NB9wUYdG,pumpswap,1791017055,0.000002131,2162.16,2120,2120,0,0,0,174738.4,0,0,0,0,0,0,19193,20149,,,,-95.7,0,0,0,1,,1791086652,0,0,0,0,0,0,514,2217,100.0
1791086577,HUgsWdKLVgsFbuwu7TBKaZxPLquG4Uabj6pmVyMGpump,higgsfield,2Ahxme4Do8ukBXKLptD41zsG3tJ5DjmWxNkeZoq3kkgj,pumpswap,1791014852,0.000002134,2174.57,2125,2125,0,0,0,218522.6,0,0,0,0,0,0,12578,13199,,,,-95.7,0,0,0,1,,1791086652,0,0,0,0,0,0,474,2252,100.0
1791086568,72SZVRcj9VidyYRXiv97RkjTgoCYhoXPBcWeGpmpump,KOPI,HFoL8GtfUvFYW4XNtZE5fUrymJ8GoCzk7A1UhVZTTSZc,pumpfun,1791017299,0.00003886,,38868.21,38868.21,142.17,400.26,4064.33,38932.04,3,0,24,13,151,81,565,253,2.3,3.47,12.57,1050,0,1,2,1,,1791086639,1,0,23,11,118,68,456,192,100.0
1791086566,4jxHBQ5YcUeu582x4h4firETkz1MTFAfmzys68xQpump,PumpFlare,CC2fHvC583SNAUFz3qbpXFW89BnV7FEy9W6YCysrJqTd,pumpswap,1791031849,0.000007028,5614.82,6611,6611,0,34.79,2624.05,74949.38,0,0,1,6,43,72,1267,1014,,-2.35,-27.51,-85.75,0,2,2,1,,1791086639,0,1,1,6,25,44,491,613,100.0
1791086568,7v9BBKkuRVRPbQhThpVsXoK466Pc8n2ckB9dieAVpump,XBusiness,3cB5XyQGc7mcUeyBE6ZkZogC5XFggEHQZ6eAHk5xWhrf,pumpswap,1791019261,0.000002126,2159.02,2118,2118,0,0,0,168868.61,0,0,0,0,0,0,14402,15467,,,,-95.71,0,0,0,1,,1791086652,0,0,0,0,0,0,441,2229,100.0
1791086574,EwMj6saeRS2LPc8x4nbNX9cnteLGVr8jiX2Y6KTdktS7,ROBOT,8USHT9LMeuJeLKw87gopp3MRjE2B8v2GG8prtzhaeE8E,pumpfun,1791019247,0.00003901,,39019.55,39019.55,0,0,0,12917.51,0,0,0,0,0,0,123,80,,,,929,0,0,0,1,,1791086652,0,0,0,0,0,0,15,15,100.0
1791086568,7Yaz7LHYfXSBaPrbskTXDEPTQTbbAhqg6bB69YxFpump,plug,GteZFaHzsnBEjjdg27VvZ8CFnG7t9s2hgAVNStzS1pza,pumpfun,1791019185,0.00002030,,20301.16,20301.16,0,0,0,603.38,0,0,0,0,0,0,14,6,,,,505,0,0,0,1,,1791086652,0,0,0,0,0,0,4,4,100.0
1791086567,6FhVPctYg363pQbs4iSvqyHe2cJzfsvFD96gePy6pump,EXFIL,2zPfdGd48k7B2U9yqZ4hJSPAPtoVU9uiEbFQYXEoeXkv,pumpswap,1791018416,0.00009136,27177.38,88878,88878,460.49,7458.3,99390.22,902734.27,7,2,71,64,740,642,6532,5171,4.4,-10.17,-66.15,85.32,0,0,1,1,,1791086652,5,4,46,54,291,280,2057,1898,100.0
1791086573,CkKGSFGZy9aJVBzkLH4huNo8P2YxsYXVYwFyZTSYpump,MONAWEEN,9s4E1iEmbmPiuURK5SbnajnKfmpMxMp8Gp3CekiT4j8c,pumpfun,1791018845,0.00004906,,49067.31,49067.31,0,0,0,10151.33,0,0,0,0,0,0,5,0,,,,397,0,1,1,1,,1791086652,0,0,0,0,0,0,5,0,
1791086571,AHuUZHDxRvjzWEddq6wGvk6rkJboi56zoFmuXTHLpump,Kim,BWJbWkWg1bcrhdkAiXJEFnaL3aoz8Z4ZXmE7N1RjE7hL,pumpswap,1791020489,0.000003520,3608.35,3405,3405,0,0,52.04,207933.16,0,0,0,0,0,5,2684,2353,,,-5.53,-94.1,0,1,1,1,,1791086639,,,,,,,,,100.0
1791086571,BGn3AF2mLUvsZFVNGsj8YWUoPc1sPMLquadxwZxapump,Send ,4upvHpqnL1VeoWRbzHW7RA5ZLhbMsjHwnTpo6BZBTf8E,pumpswap,1791021173,0.000002719,2691.06,2564,2564,0,0,7.26,50425.99,0,0,0,0,1,3,616,697,,,-0.96,-94.27,0,1,2,1,,1791086639,0,0,0,0,1,3,339,452,100.0
1791086575,GFkfaUEJApu9Jf2AmAN2hgk5SteXRXJ19opJoL5bZwKw,JUF,AxsATeRkuWjW9eP8HB6uGu6teumn1hoah8rJHZbz4KUP,meteora,1790712022,0.0004206,60494.51,380147,380147,135.85,11665.01,127894.52,1728166.29,4,1,128,65,672,700,9068,7377,0.87,-13,-17.38,1725,0,1,1,1,DYN2,1791086639,7,5,74,53,348,456,3503,2689,69.5771500446644
1791086564,2zBws6yXC8ZbRnHENvAFkiTmzqwg6YSLhFzpcydVdNRv,MONAWEEN,2EDMs32Cb9psPuvRhR8MHrzWtAary4QjqiRpK3S8KAnF,meteoradbc,1791020809,0.00004743,,47431.38,47431.38,0,0,0,20995.61,0,0,0,0,0,0,426,515,,,,204,0,0,0,1,,1791086639,0,0,0,0,0,0,194,192,
1791086574,EpYA4FL8MCiQg7FCaHBhsr8RzC7sXTNTM4ok97B7hY3J,Kim,HQEXkG8qRrjZ9YERSnqrDkSbq6511RvBC7FzazXaRtAq,meteoradbc,1791020674,0.00004088,,40886.8,40886.8,0,0,0,12674.38,0,0,0,0,0,0,361,429,,,,141,0,0,0,1,,1791086639,0,0,0,0,0,0,146,127,
1791086575,FXT7q3ijJgzDnUTiYq9CLSmLB96uNWsFCUyrMJxQBAGS,TROJAN,EupAm4Tjn2Yk3d24SS4aWYyFRYN1WRtPWKtdpGXfra7M,bags,1791020779,0.00006684,,66849.44,66849.44,0,0,0,2.33,0,0,0,0,0,0,1,1,,,,0.03,0,0,0,1,,1791086639,0,0,0,0,0,0,1,1,
1791086567,6NSxBUByyZsBs4JTYKTbvz9dPgiXRk4Yya4E7TQ6Ny6W,PumpFlare,F9sRrT1NX7shZG34J4WJ3aHw4Sj3hBKRhC81nL9eQ1sb,meteoradbc,1791020790,0.00009562,,95627.28,95627.28,0,0,0,2267.41,0,0,0,0,0,0,7,0,,,,20,0,0,0,1,,1791086639,0,0,0,0,0,0,7,0,
1791086568,7ZSn24zfJPzGiBAbSbvjfTGq4sNaumT8bWfVuEnGTRui,HERMES,4JynNNa1DDmH6jAeY4N8tA4Rw18ceL9927hQKReaMusf,pumpswap,1791019994,0.000002143,2163.75,2144,2144,0,0,0,93592.93,0,0,0,0,0,0,7539,7668,,,,-95.67,0,0,0,1,,1791086639,0,0,0,0,0,0,466,934,100.0
1791086577,HYTq4TwzJ72xDWBAs55wczeb1qQJiZpibLezM3QGWPWS,Van Cleef,5Poa71uSFDiXHbpHMvvacVjiiA1pLpujYKSrzVSnDie4,pumpswap,1791019914,0.000002149,2164.92,2149,2149,0,0,0,119453.3,0,0,0,0,0,0,10890,9825,,,,-95.66,0,0,0,1,,1791086639,0,0,0,0,0,0,385,926,100.0
1791086577,HdMhWiBCiDpyHGNW9n81q5b2BAMm5bn1e3hAueGxpump,OpenAI,EGZidbGMRqxsaaa1xNtz7iVLfJoHDrHrVpa37sTonG7W,pumpswap,1791019947,0.000002149,2166.62,2139,2139,0,0,0,79074.83,0,0,0,0,0,0,3709,5538,,,,-95.66,0,0,0,1,,1791086639,0,0,0,0,0,0,467,2147,100.0
1791086571,AznQHuzyocZYUHWqszxs6cJtS8WwEuhzPzJoqYXTpump,SARP,ESJ3iN8crzjThmSPGydnPWcHQMmspUQ4LBsfiTK8uYef,pumpswap,1790963541,0.000002681,2904.62,2629,2629,0,100.56,100.56,847947.78,0,0,1,0,1,0,22147,13343,,5.52,5.52,-99.55,0,1,0,1,,1791086639,0,0,1,0,1,0,2154,2087,100.0
1791086571,Bf9i7oG8We16XBtgeAnNB9rDBnmCZPW37P7b6a9Hpump,KIN,CbzKGHsTui4uwb5gwKUHZ53VwA1VdwWoXjZbUzk7MgvQ,pumpswap,1791026779,0.0001153,31193.55,112344,112344,433.99,27532.04,55799.23,966728.3,8,3,175,149,382,360,7895,7041,2.48,47.55,27.6,134,0,1,1,1,,1791086639,3,1,114,98,225,243,2890,2684,100.0
1791086573,CvExf3iCFYw6xDX4ogf2xhWCsSWtGf8NK9kp3HLNvABg,pumptom,26yHAWmPQwrrbgymgybsJWkW5cz9cz7uVQT93Qpqif9g,meteoradbc,1791022686,0.00003994,,39941.95,39941.95,0,0,0,14486.87,0,0,0,0,0,0,511,644,,,,172,0,0,0,1,,1791086639,0,0,0,0,0,0,201,199,
1791086574,EzLXxEDKofRL3neXMsPwfepyk6Jg6madEaHuz2yJ7FoF,pumptom,HqePKfnJnd4GM76P2UmA1cxVjadtimUDR2hUYQJxBRV8,meteoradbc,1791022679,0.00004392,,43926.71,43926.71,0,0,0,6239.34,0,0,0,0,0,0,142,160,,,,181,0,0,0,1,,1791086639,0,0,0,0,0,0,118,108,
1791086566,4YF8sCgHpA29xE3piWQ1wq9FjFuMAh8ezHCfUaJXZy7J,‮DNIM,9gH4PmGYGWrYkDzJhnTupWWd1eJeqRcDd2TKEPsuFdBU,meteoradbc,1791022688,0.001109,,1109095.54,1109095.54,0,0,0,597.6,0,0,0,0,0,0,10,1,,,,9.29,0,0,0,1,,1791086639,0,0,0,0,0,0,8,1,
1791086572,CbhMM1aBUPtUkbZofcDkhx5bHSUZASKE8WCJE88zpump,VORTUNE,v4sPoj469YDyEeDQoGJj2M5UFxjJwgSaVriarTAM7dB,pumpfun,1791022210,0.00004904,,49042.66,49042.66,0,0,0,10146.23,0,0,0,0,0,0,9,0,,,,1361,0,1,2,1,,1791086639,0,0,0,0,0,0,9,0,
1791086570,9Qmz39S4LvrtsBg9MuUPgdZKfXoYYcggZKjAsFQ7pump,pumptom,4fZAQ5y8CNFbLqpAJuGwHCGdJDHuUYoej3PhCRsbUnyd,pumpfun,1791022135,0.00004904,,49042.66,49042.66,0,0,0,10146.23,0,0,0,0,0,0,5,0,,,,399,0,1,1,1,,1791086639,0,0,0,0,0,0,3,0,
1791086565,4McBPgtoNxYmzcn1jspdXnnHmmqeg1dgmiEQ8BtFpump,Meta,EbCucTvhEX6Ynn4sEa2Ud1aLRXRio1gWVAAUxxS8bGUy,pumpswap,1791021119,0.000002157,2198.07,2146,2146,0,0,2.15,231769.6,0,0,0,0,0,1,23732,24121,,,-0.53,-95.65,0,0,0,1,,1791086639,0,0,0,1,0,1,511,1873,100.0
1791086570,9Mi8yQkw15sVhGfSuDLMquTeFzpfuEz1zJph3aCUpump,DOT,DBKPc6r7CJo2Pi8GApYJZQWyXyn8bWHid3CfJU8UggGB,pumpswap,1791021601,0.000006066,5389.24,5903,5903,0,151.33,2003.58,758719.06,0,0,9,5,45,46,8876,7020,,7.79,45.45,-87.44,0,1,1,1,,1791086639,4,1,8,7,29,39,3095,2862,100.0
1791086568,8LijnJ5ReyjVpNhwqMPxuAPpKBQkmCmibXDV5th7seVU,calico,Eb1zZvS7wpbZ4u7SusW6mDYw6wozP2d8fUWbVzM4jPuL,pumpswap,1791023967,0.00001967,11817.6,19162,19162,0,625.95,14104.19,1337527.83,0,0,4,11,174,187,15252,11538,,-12.2,20.97,-59.3,0,0,1,1,,1791086639,1,2,4,12,92,126,4553,4255,100.0
1791086574,FNityhaE6eKUAEZtwJMhwuWLEkDdW2SVUHJepLceon9j,Dug,yxPFujpKhQEcpFE5JBeeQixFDDMB4GqKL96xwvrFF2M,meteoradbc,1791025201,0.00004709,,47095.43,47095.43,0,0,0,16619.4,0,0,0,0,0,0,396,512,,,,220,0,0,0,1,,1791086639,0,0,0,0,0,0,166,156,
1791086573,DU1cDyferBdWDtGcWTfFNF1668R7nWAWQUKDCLDbFobe,Louis Vitn,J7LrzD4crLVzMVaFGYwx1fSKhzXBEJi1zp4cFDYGnkSv,pumpswap,1791022861,0.000002125,2156.02,2115,2115,0,0,0,232437.61,0,0,0,0,0,0,23724,19539,,,,-95.72,0,0,0,1,,1791086639,0,0,0,0,0,0,339,883,100.0
1791086568,7iFwYTjRYB1BFUCDoL1vsroH1Zp6vQawQmLxU6tppump,Odyssey,G6SBTAvdMn5gSU29Dh7XTyRJWWg4V7md6za3Hh1awhBY,pumpswap,1791023388,0.000002135,2166.27,2125,2125,0,0,0,168945.63,0,0,0,0,0,0,16104,17739,,,,-95.7,0,0,0,1,,1791086639,0,0,0,0,0,0,516,2202,100.0
1791086571,AnhG3PBWtJJLYFszBap311Gn1U19tjfxZRHz2DKn2wYm,Speed,DAM9uE3CgTQMR8S9SM3ritKEurexyE7eg9BWTqb3KqiE,pumpswap,1791024941,0.000002164,2187.18,2155,2155,0,0,0,92527.48,0,0,0,0,0,0,5527,6031,,,,-95.64,0,0,0,1,,1791086639,0,0,0,0,0,0,501,922,
1791086571,AZkvK2dqa38WNgpvsYZCDZc64fJPqCrvczEB4QAPNfWd,SS,4vCxWtumDyDt16xzijLXeheEcR9GVixjtxscgVPMc1fE,meteoradbc,1791025241,0.00004413,,44130.52,44130.52,0,0,0,14222.56,0,0,0,0,0,0,365,375,,,,169,0,0,0,1,,1791086639,0,0,0,0,0,0,177,184,
1791086578,fCUBpdeRn76xfRaa4UPHDauGeRG3EvMB3MjuRgdpump,DARKPOOL,3zooxCy7DwgP5oPsCmmmHoP6eJc1Ed2QeorbnEai7pgk,pumpswap,1791023441,0.00002922,15017.29,25542,25542,36.98,4159.6,70211.83,1733378.43,8,0,99,76,744,589,13263,10600,1.26,6.94,-73.93,-40.7,100,1,1,1,,1791086639,6,0,57,47,292,291,4277,3923,100.0
1791086571,A3MNEUT56HhQdbuaacaPjw4cihGNaW1cSjfEaJpepump,CROW,EUxgHL1XeoqmhFcdh1czSm4ZAcCYdxgHK5zwcrpeR5rn,pumpswap,1790893006,0.000002142,2170.61,2141,2141,0,0,0,270927.55,0,0,0,0,0,0,6073,4218,,,,-99.98,0,0,0,1,,1791086639,0,0,0,0,0,0,1611,2252,100.0
1791086573,Ct5Truec2Bz49zPDh3uK4KsDuH6hY1DTYzMZamti7YEy,DFV,GJGYo4wr2zu6vkZqiLkUaRRGomSsemnLPrRFaUeopDgE,raydium,1791030187,0.00005729,21685.24,57294,57294,0,138.85,179.51,21493.06,0,0,1,4,2,7,174,191,,-0.23,-2.24,11.74,0,0,1,1,CPMM,1791086627,0,0,4,1,7,2,105,90,100.0
1791086564,35vYccynUHcoZUzT7iUTDuJXPY36zcPKLFhA31e9yv5Y,CAK-47,AqqNYBaP42KZSdc7rWbC1fbEh2zuSQedTyidWjpa1AfR,pumpfun,1791034298,0.000005440,,5440.06,5440.06,127.53,388.94,1121.81,183164.28,0,3,14,4,26,31,2894,2150,-5.14,5.75,1.75,-27.58,0,0,0,1,,1791086627,0,2,4,4,13,24,1285,1222,100.0
1791086566,5U2xu35J4LmURGsxCPZi1ZWSBRkKExcNKkmv5Zr8pump,PUMP,8sTsyYnAquujP6MLcdLZLa2F1D6Q5jFhPMgNHixNdP4t,pumpswap,1791006124,0.00001859,10429.41,17967,17967,0,0,113.89,11730.95,0,0,0,0,0,2,88,96,,,-3.8,-62.32,0,2,3,1,,1791086627,0,0,0,0,0,2,74,83,100.0
1791086569,8oEzj8zg9bnXfcCEwqfstwJe8AoEtJdWZaCDww6Dpump,HATCH,GuwoKCn33WVKy2ptj92frc4wjQDDQzUCGJrLRnv8NDRT,pumpswap,1791035777,0.000002813,2795.29,2711,2711,0,46.24,58.83,100312.35,0,0,3,5,3,8,993,1283,,-2.17,-2.61,-94.18,0,1,1,1,,1791086627,0,0,3,5,3,8,567,642,100.0
1791086574,FGVQvsQktc1GyZAYRjknwQmo8pN5SvvaY59WucWEpump,SCAT,DDhr1nr1kpsGRrUJDukhrJXsQWqh2v1ivoWCQNwMK6sn,pumpswap,1791033767,0.000003258,3605.55,3161,3161,0,27.21,243.74,2178688.81,0,0,1,1,2,9,14519,10547,,0.1,-10.11,-93.47,0,1,1,1,,1791086627,1,0,1,1,2,9,1743,1394,100.0
1791086568,7y9gmcqpwuvN6hFPF9m6j6qU74GLA1urLgrKXEYTpump,Ponzi,6Xwhdbc45NZ1cE6vbECVe4pMK6WVnXB4hqtSAk9aR6vM,pumpswap,1791031980,0.000004744,4430.32,4417,4417,0,11.89,1808.36,659239.94,0,0,2,3,15,58,7519,5912,,0.28,-45.43,-90.37,0,1,1,1,,1791086627,0,0,2,5,13,56,2479,2472,100.0
1791086575,GgzPugrpK6A2LmQtq4vD3oLRJ8FFxvYdexxTbHvdpump,GAKU,Dodxevz4KpapUwFMeKLvgj4zJ8bPnUFey6Gr2UpGtVUf,pumpswap,1791033380,0.000004909,4481.77,4760,4760,0,226.93,1111.23,481520.05,0,0,4,6,29,48,6203,5237,,3.91,-19.93,-89.85,0,0,1,1,,1791086627,0,0,3,7,16,50,2403,2443,100.0
1791086578,ggzv9wBJju7zyyqzo1rEe3Mk1YBCxixzo39uah9pump,HIRE,7zfdDsBSG3hH9fJE3Gyti1pFs9Sv1i5GR9JDnsoVhwgA,pumpfun,1791032096,0.000009446,,9446.84,9446.84,25.99,320.42,39191.02,274477.14,0,6,2,14,354,308,3293,3160,-0.9,-7.9,-28.85,178,0,1,1,1,,1791086627,0,8,2,14,193,191,1393,1269,100.0
1791086574,FPUDkQBAMYVzbg7Rmfr83bVTUKoZ7yoGHLQZLvMvfsC7,Milly,AV7VUkUh3yBDRSwJ2SndgaSQNZw1Ac5cMfEdhxGkPqJn,pumpswap,1791031591,0.00001226,8876.55,11687,11687,122.25,4143.79,19289.41,1337023.66,0,6,59,75,330,324,17204,12752,-4.6,-48.76,-7.58,-74.61,0,0,2,1,,1791086627,0,1,39,62,166,224,5319,4787,100.0
1791086573,DEFgyC6HPXdq9Qb1YUe6uekCGWbN9Fqre4EgUap3Mhe,HCAT,3PJYNChFMGydukQvkjmpCSQnwBkG6R5irk5ErFcFjfpo,meteoradbc,1790626106,0.00001723,,17160.43,17160.43,0,369.59,2880.98,41497.92,0,0,3,1,21,22,308,289,,1.63,0.13,-33.88,0,0,1,1,,1791086627,0,0,3,1,11,13,102,114,
1791086563,2BcRevrDhP4MgCw2KyqByFZ4S7mpsi1vY8ZypXwepump,CAREBOND,6MCvg9asw4ziB85nfoJSbbx2oyCZjGeucVP96RbSb2hV,pumpswap,1791019309,0.000004631,4305.16,4434,4434,0,49.11,1128.29,487274.35,0,0,2,5,11,34,4948,3848,,-0.84,-37.19,-90.61,0,1,1,1,,1791086627,0,0,2,5,8,31,1587,1572,100.0
1791086570,9MoE3MqCTgv3ybHJbqKWjLhYWUNBaYWNb7N2BmUBcLWB,Jumpman,GFmJNZHTKk9iLBTgyzuRXn37YnFC2TM4REh6NYmgnUUY,meteoradbc,1791035244,0.00005367,,53677.34,53677.34,0,0,0,2671.04,0,0,0,0,0,0,56,32,,,,6.03,0,0,0,1,,1791086627,0,0,0,0,0,0,52,27,
1791086575,GFo9bgFxNe1WFPnNNsTwFx2UJi3d8U3MTDkiG7SVpump,MGOAT,GhEqEpCFkwMBhUTZJZUE5j4AXc8uW7r8E9sgXfa2TPJu,pumpfun,1791035243,0.00001293,,12935.46,12935.46,0,0,0,8176.39,0,0,0,0,0,0,31,23,,,,221,0,0,0,1,,1791086627,0,0,0,0,0,0,2,2,
1791086567,5ge43mj1EYivQ8PajSyW1qKJRi9V9u51H8cYsgzY8Zxt,CAK-47,JDhBKbUX7qvvxY1xCKf9DBZgxKnEx56DZmXTbm6heccB,meteoradbc,1791035291,0.001191,,1191732.05,1191732.05,0,0,0,1341.03,0,0,0,0,0,0,144,31,,,,17.39,0,0,0,1,,1791086627,0,0,0,0,0,0,9,5,
1791086577,J9d68or9ZrCLAw6eYFo56KgykEnHkPkqnvZQnTLQfKUm,Encyclopedia,AdmHAhSKJRGhvbn7C94sMhaAEM3YRUMVHh43uJU2RETL,pumpswap,1791036988,0.00004347,19328.27,42125,42125,390.19,10356.39,62005.74,2592750.56,4,6,125,121,768,679,24521,19694,0.22,-5.67,-46.32,-11.73,0,0,0,1,,1791086627,3,5,84,89,351,423,7435,6606,100.0
1791086576,H5t7UVKdb3pd9ybMRg6g3paPrcfbsww9kcDxC4zcpump,MAC,8PjZAUHGf72hXkTFqCcnv7ReiY3UzPLmJLGJfjFAoMWZ,pumpfun,1790999536,0.000004029,,4029.15,4029.15,0,7.02,682.85,71936.92,0,0,0,2,2,14,732,725,,0.25,-26.65,11.8,0,0,0,1,,1791086627,0,1,0,2,2,13,406,375,100.0
1791086564,2kyjAwwC2jA9pVwnexVjD6N7uupfeYY8GVJk8jCspump,ㅤㅤ,CuvqUwTsXjbCq66y7aVPv7MmxJAXndmbFCe4iuza9PnM,pumpfun,1791025735,0.00001466,,14664.36,14664.36,119.82,1677.15,7553.84,229654.45,0,1,17,17,112,89,3057,2585,-3.15,-5.51,38.91,224,0,0,1,1,,1791086627,0,2,14,14,65,55,1299,1206,100.0
1791086567,6L2Xu8VbbN9bzXnzxuJTDTR3z7kTeyh8KMJY6Hrbpump,OpenAI,DMf22KZjQWwbeWaLZXN8iyi5rbZmPG2HfDF32bSvNsGB,pumpswap,1791035074,0.000002158,2187.56,2149,2149,0,0,1.19,163369.88,0,0,0,0,1,1,15666,16673,,,-2.61,-95.65,0,0,0,1,,1791086639,0,0,0,0,1,1,535,2226,100.0
1791086577,J9YnEDijKzrDy3MMPj19idRRbesJf7vPcujbUh8ipump,STEER,4BXupfoS1eLoHeqa4hzJa1GgUpuoT1YUZujdNS29EPMo,pumpswap,1791051502,0.000003306,3186.83,2961,2961,0,4.59,16.89,78499.65,0,0,0,4,1,8,599,730,,-0.3,-0.45,-93.19,0,1,1,1,,1791086614,0,0,0,4,1,8,345,428,100.0
1791086568,6fm4qZKbybAF5ckAytGgijKnM5PU9EkvoDPKfd2spump,POCKET,GsciUN841DrzRdQYi9WdBwkGfJEhLoHrm9MRNHpN7b3w,pumpswap,1791052624,0.000003739,3555.96,3531,3531,0,14.28,344.77,123553.9,0,0,0,2,3,24,1780,1975,,0.03,-17.74,-92.41,0,1,1,1,,1791086614,0,0,0,2,3,23,937,1142,100.0
1791086574,FRgxtZsC3J3uePkMME9WkDUbQkQeZXpgdDGqhzRx3V31,LLM,EMXt43JcPwz4oyss9h2yWZ4ygZdfA7Btb2NhgakACFTR,pumpswap,1791050926,0.00003799,16748.26,34399,34399,1844.26,14566.6,160821.35,968397.34,16,11,133,99,1155,978,7082,6011,-9.06,6.72,-68.88,-21.69,0,0,1,1,,1791086614,4,6,91,72,461,482,2817,2557,100.0
1791086564,2hcPKT2h46AypRTx5UfFAB4RSUUrdumc5tJoGtqUpump,swordwhale,AQ7QgNPGCcN47vHfjzbk4x2vsrP2XPWiLEQBMCHWTot8,pumpfun,1791051143,0.00004930,,49309.73,49309.73,0,0,0,10201.49,0,0,0,0,0,0,6,0,,,,1360,0,1,1,1,,1791086614,0,0,0,0,0,0,6,0,
1791086575,GQ2QgEa2EbM76mNkSNZUqdhLXWb5J13kgCYJtV6U32f6,TripleT,HbKbinKThgHX6aDUtmSdKLZrLXkFpyMSdFBVNWmxoQqn,pumpswap,1791051183,0.00002664,13104.71,24177,24177,9.17,1629.62,34936.59,331390.48,0,1,11,17,275,241,2954,2661,-1.08,-14.72,-34.98,-45.94,0,0,1,1,,1791086614,0,1,10,13,132,140,1256,1255,
1791086572,CPqq6ceui3H6Ye2J41dmZFkD6iJWKARqKquJjsrvTmku,Clanker,95GeFCubb6B1GcG1sEhpDYEKprnnTtXPyceQQ7PNLbzX,pumpswap,1791050832,0.00002888,14195.94,26643,26643,530,2255.82,31275.48,798095.66,5,4,25,13,273,300,6845,5971,2.52,26.2,-46.76,-41.46,0,0,1,1,,1791086614,3,4,21,13,149,210,2712,2495,100.0
1791086565,3Dgwn5E7H5a8k6iGrz3qirkaJqUaJrKHEZ2xPcLRpump,knightcat,DreMAMRc83uJtbvWuWrDqDaQUGHDbFGopmbTYbM3tJFW,pumpswap,1791050734,0.002470,161767.95,2416563,2416563,34980.54,417906.27,3912696.28,6228516.85,107,114,1870,3273,16660,14280,28157,23878,20.91,49,1124,4855,0,0,2,1,,1791086614,62,65,693,764,4786,4142,8288,7030,100.0
1791086567,5bYUihkPWGph9BLyG4uUbNV634UTwjf3Ly5JEsnokbDs,OCTOPUS,2guNCTutvXyBQiAiPcBnJ9JCk4TD8yb6kyesgdRk7pFx,pumpswap,1791049702,0.00005864,21594.91,56718,56718,221.86,2609.48,57591.48,1052018.77,3,3,34,55,665,554,11436,10036,0.35,-3.48,129,18.28,0,1,1,1,,1791086614,1,0,31,41,286,314,4139,3860,100.0
1791086574,FUSE3in85PPWaA7BdRucpRyemH69nLQHdCU6NfwfWXqL,FUSE3,Cy197KxWvdyjeXS8k6jWoN2xKnTRku2afXAe3PebbEfH,meteoradbc,1791039878,0.00007113,,71137.57,71137.57,0,0,0,12143.02,0,0,0,0,0,0,98,13,,,,843,10,1,2,1,,1791086614,0,0,0,0,0,0,56,13,
1791086570,9S2uxYgTDM1eM1Ryyc7D4dVKEFrb2F9m8NAygyQspump,catius,F9uqdTE7VVxEXnDREYfCpMeBUE2bL1yj74J78jXaM8C2,pumpswap,1791046834,0.0007806,83491.1,760679,760679,4848.29,63717.25,553340.46,1430610.83,81,62,1102,851,8357,4909,32952,13471,-9.25,15.82,11.36,981,100,1,1,1,,1791086614,25,13,546,301,2889,1661,11879,3792,100.0
1791086574,ERRZd9jeNwXxktskexuUAouvGL7wFVBgfTc2QQXmJMRk,Ouhhh,A1D4qCdPNSAvYW8Y7y5PK8bhdFxbFH11curCTeJPgsoe,pumpfun,1790905990,0.000004912,,4912.41,4912.41,0,223.27,3749.46,8339.65,0,0,0,2,3,34,49,74,,-14.89,-71.46,-73.29,10,0,2,1,,1791086614,0,0,0,2,3,32,35,56,100.0
1791086574,F4635H9HFAzYjpyM3coGMtW8pMmEYRtwrgz5mgfHpump,WHIPCAT,8DcTcUgENxjLiUr2YkR2BJHcpWj1epd16dtsWm2wJNkg,pumpswap,1791043014,0.0001031,28159.68,100230,100230,1489.08,20848.05,136981.34,328643.16,26,11,373,140,5550,943,11954,2764,-1.39,1.54,13.23,87.23,100,1,1,1,,1791086614,12,7,355,132,5469,859,11519,2442,100.0
1791086575,GgdAua8qfnwFKZxKEnDqTcJz5jQ81NURPWBK1qDzpump,PURRSWORD,6LPvVdHuSFBfgC5Dtx6QKUgzo6d9brJhqNhCBpQZqkn7,pumpswap,1791037264,0.0003598,60297.08,356559,356559,10491.34,143778.51,1614097.78,4236668.05,611,361,6882,2615,50879,16649,96216,31427,-3.8,4.34,-37.94,445,500,1,1,1,,1791086614,181,117,1658,1190,5762,3654,16729,6199,99.9524667436793
1791086563,2AVjqmGbMqg7rSyHVv2deVdggsBgBtu1Bi69BUvE5WRv,SPEC,6V4y6MoSGgaF8d5Hew49RxQ8qE1XLVXBtxfee24w8VWq,meteoradbc,1791051867,0.00006938,,69383.59,69383.59,0,0,0,53481.44,0,0,0,0,0,0,339,194,,,,1243,0,1,1,1,,1791086627,0,0,0,0,0,0,223,128,
1791086566,5LwLcxRocMPrgoUNneXKkzYnwbrMKxAnhAYSPrSRVoY4,knightcat,BcW4ox4JzD9udoWtQPcWRSXx67jhxfK9LbGBYTCBBLwX,meteoradbc,1791052323,0.00005384,,53841.81,53841.81,0,0,0,8604.48,0,0,0,0,0,0,332,380,,,,6.82,0,0,0,1,,1791086627,0,0,0,0,0,0,140,125,
1791086568,6yUASnefo4k27B1g4gZ78Xb1HgPcnjSLKNXdEuwedZxm,Z,BF9uswx2iwVWctqPKoZ4zXM4A8Epo5xC7Ykfdh4nT7aw,meteora,1791052352,0.00002531,7.36,25310,25310,0,0,0,360399.09,0,0,0,0,0,0,1353,830,,,,149,0,0,0,1,DYN2,1791086627,0,0,0,0,0,0,694,55,0.0
1791086571,AUqUAQVUiJg3SjGUm7G18Xk4GhoDWeVj6Z4KRY4Cpump,PAINTSI,91EaEdwi8Hyz3HJETjv2dfgdR7xBynYRMFFdnLppHzcL,pumpswap,1791052301,0.000002485,2478.68,2310,2310,0,0,0.51,50379.66,0,0,0,0,0,1,460,514,,,-0.05,-94.96,0,0,0,1,,1791086627,0,0,0,0,0,1,269,368,100.0
1791086574,EErcs4SUJzujaB35e9UoKmdd3Q7rzCSG4bRUihbT2Vc1,ELONCO,AsfCBuFijK5F4TRBpK6Tqw45x5eAf7iRKChvqWqZd98b,pumpswap,1791052386,0.000004456,4074.23,4040,4040,0,0,104.11,208632.29,0,0,0,0,2,4,2163,2132,,,-7.69,-90.79,0,0,0,1,,1791086627,0,0,0,0,3,7,1149,1143,100.0
1791086572,BmTC188hbhNGzfBm9UZyyjkAFKDYYrvLJGQyLKfgQ4XT,PAINTSI,7ihRbLSZzciSo68cyBjvsVBcDBWHCw4MQcuYajBxAkff,meteora,1791052365,0.00001637,6.5,16375,16375,0,0,0,314213.54,0,0,0,0,0,0,2090,1273,,,,57.21,0,0,0,1,DYN2,1791086627,0,0,0,0,0,0,1030,46,
1791086570,9dSMwFfPezQ8WPcW1uZV7ns4rcviEj2LssSAg75WBLXd,Aiden,5VbavvxS1NLmyNJLS3QbDoRFsUHKn6rBzmfVQdWWSniq,pumpswap,1791047968,0.001036,110449.53,955477,955477,117446.9,342091.56,1021323.69,6108533.77,479,471,1877,1436,6524,5530,43617,37512,26.35,136,38.56,2002,0,1,1,1,,1791086627,307,278,1158,871,2911,2854,14255,11911,100.0
1791086567,5t9rie78rVLPPQmFxumMbdEyFqS1LgUo9yM3oNcRprG6,ALON,74C3BCcSmU93LHeXNtVnUnAZ9wgTU1eHg2HwspYukywE,pumpswap,1791051891,0.00006291,21942.64,56459,56459,403.76,15772.31,108055.04,706122.62,2,3,112,111,797,762,7154,5980,-0.06,3.38,122,27.69,0,1,1,1,,1791086627,1,3,74,66,363,383,2791,2621,100.0
1791086576,H7TuvDxEKygh27zGfGcjKG8JGWgrbyKpPtvJEpGosfas,CLAUDIA,C2agfYkMTrQp9G34KXcX5J44eLuUseqySZmkQUQ2fXK7,pumpswap,1791041690,0.001613,138904.56,1532529,1532529,3809.59,126580.79,1228864.33,9370482.66,29,36,546,622,5958,5359,52157,46771,2.31,11.21,-16.41,3243,0,0,1,1,,1791086627,14,14,306,382,2095,2495,13423,12351,100.0
1791086577,LcHkWib9GxqfhkuJgDXwrohJBLYX2gADowm26pDMugX,CLAUDIA,5p7uS9mMCKSyFowjT8ibC4dSvFMXNadzgzZR1vUi1DKY,pumpswap,1791045800,0.0003074,0,307476,307476,0,0,0,37831967.45,0,0,0,0,0,0,31451,21912,,,,210,0,0,0,1,,1791086627,0,0,0,0,0,0,4964,56,0.000000000357303370874951
1791086571,B2bEcw2eFAs8wopgWFtbzvx7zA8K9bnWJ3bbuTXmo5g,CLAUDIA,5WpwKqKhjC56MvDN55wgQSsxN5J1pYqeYvjgH5ZS2soX,pumpswap,1791046820,0.000002171,0,217163,217163,0,0,0,37759210.56,0,0,0,0,0,0,31517,23863,,,,162,0,0,0,1,,1791086627,0,0,0,0,0,0,5003,62,0.0000000000387549919120266
1791086566,4nGjcXDUW1NTxsCjrL8xWzVxUmw3Hxc3Rb9DV4dppump,RIFF,14swCvDdzFFq6RaxRMjgs5QGyZ5nxV6XDoN5HioPuHCQ,pumpswap,1791052229,0.000002360,2359.36,2256,2256,0,1.2,7.19,37887.38,0,0,1,1,1,2,1326,621,,1.61,1.27,-95.23,0,0,0,1,,1791086627,0,0,1,1,1,2,1236,549,100.0
1791086571,BXnLLGaBpvCRiS1mksB8DWanJj3qVhxgTuoc6Afjpump,GTA6 Coin,BvsiyNP1WpQ9ShvccmLV2gXE88cxWm8qkjRaVX8h8zqn,pumpswap,1791047967,0.000002161,2208.05,2151,2151,0,0,2.66,275103.93,0,0,0,0,0,1,29556,30060,,,-0.11,-95.66,0,0,0,1,,1791086627,0,0,0,0,0,1,507,2070,100.0
1791086574,EMZGhHQWyu3GF1NnJSVdKzMVGYmtceiH8QZqFw3Gpump,LAGOSLIFE,HRbRh9h6gx9utkejdYbFjcsSFCcKp4cyKgLYr3CTPCFA,pumpswap,1791073927,0.00002326,11986.05,22103,22103,579.68,5485.04,145795.26,145795.26,8,6,67,70,1842,1653,1842,1653,-1.93,-13.42,-52.89,-52.89,0,0,0,1,,1791086602,7,4,40,45,940,904,940,904,100.0
1791086575,GDeKVeV3cs6UCTRDmHqZHugBmUbLLRW7hi9P91XXeLNT,USEFUL,DWYLZAoxfAbDn9VYwYBNizJCqa6MUarLgewRLJMURwmU,raydium,1791074333,0.00002949,15801.82,29497,29497,105.62,4140.81,65271.82,65271.82,23,25,354,358,1186,1100,1186,1100,-0.81,6.56,-43.94,-43.94,30,0,2,1,CPMM,1791086602,7,7,124,173,462,590,462,590,99.9999999965853
1791086574,F6oVSkuXnKQZZutsuxr6tK3XJWkSUu6XgKzjEi3Jpump,BASILISK,4pSRz93n5U1c63dcKjueVuhMEA7UmEVvtgoxEZcgYEfx,pumpswap,1791073973,0.000002494,2752.38,2444,2444,0,0,920349.46,920349.46,0,0,0,1,15752,10311,15752,10311,,-1.25,-96.55,-96.55,30,1,2,1,,1791086602,0,0,0,1,5967,5938,5967,5938,100.0
1791086574,EKJQb4Te8jk7BX4fj7P7nNzAyk3LXAQDUy5m6NkvbsH6,GS,GLqfzN7cBg9iCQQRd1RNt6M2cgvkDyVsvC5UH8ScafBi,pumpswap,1791073318,0.00002347,12423.78,21286,21286,50.9,4552.34,577335.42,577335.42,2,1,62,64,5403,4719,5403,4719,0.8,-27.83,-51.65,-51.65,0,1,1,1,,1791086602,0,1,43,59,2063,1991,2063,1991,100.0
1791086577,V9zCeRU67pBUXYwKz6A7aL1pXCJBXRVhC3NAWhLpump,PHONE,5rmq31AAYiZqsVfWdD7AQ5DnvKEp1HgC468EMeUajuc7,pumpswap,1791072660,0.0003973,57301.33,387338,387338,9750.97,100907.75,362964.96,362964.96,45,44,465,367,2297,2047,2297,2047,1.3,170,703,703,0,1,1,1,,1791086602,20,15,264,206,1168,1052,1168,1052,
1791086570,9c855tPx7LgWyVS8CgHgnMEw35yr1zUqj3x1ioiXpump,Offbook,EtoEzUsSJ3qv4QVemFnZqn4wuZ6xUdkMWCzejtpxLMdr,pumpswap,1791071366,0.00002226,11637.79,21089,21089,0,48.9,25330.49,25330.49,0,0,0,2,239,271,239,271,,-1.79,-54.12,-54.12,0,2,1,1,,1791086602,0,0,0,2,161,186,161,186,100.0
1791086571,AVKpeeWaCku3Mni5THbY4bkBnMrPzAEnnQKtP3wPpump,CARNAGE,BTKS1a21rbBqcX9cM5xYrAwsSp2UTu8YE8b2AzpH7WBK,pumpswap,1791070439,0.00006867,32280.6,45075,45075,246.14,2450.29,134832,134832,4,5,84,43,3382,1662,3382,1662,-2.1,7.3,43.66,43.66,30,2,2,1,,1791086602,2,2,58,36,3129,1522,3129,1522,100.0
1791086575,Geb69EBttATHG9jHZqsZRPJTfoNZRRYNdVciE9KEDD9A,ROKO,28fztJSj3puBnFWMaodTUu5Bo5im6dxLeNihg3Mrmhti,pumpswap,1791072114,0.00004721,18396.22,43747,43747,1569.31,17079.22,469318.89,469318.89,10,7,151,146,3912,3292,3912,3292,-10.26,-25.69,-4.38,-4.38,0,1,0,1,,1791086602,8,7,81,65,1578,1375,1578,1375,100.0
1791086572,CZJfrAmMs5Cz4H22PWzfqTJu5FkP7Q2Vvx1oPVL9pump,AGENTCAT,HyLTPacbYR4V8yQw5bbWwAETZkjcsRw9xzCbayMnU45o,pumpswap,1791067977,0.001681,122427.57,1668808,1668808,6230.34,164801.21,1364636.02,1364636.02,36,9,943,352,5884,2816,5884,2816,-1.39,28.43,1837,1837,0,1,1,1,,1791086602,14,3,663,145,2797,1000,2797,1000,100.0
1791086568,6zzzG49KX5nksnqfogs31dwoMYSHaJXkropKbv1QZVga,Malfoid,6wXTJaLNN3GCUJajJ9Vj2te51zsNgPVXV37EbFGRAjLz,pumpswap,1790853358,0.0001423,33466.2,135374,135374,264.16,638.9,22883.73,124795.98,0,3,7,8,182,125,865,669,-4.21,-4.61,53.98,57.97,30,0,1,1,,1791086602,0,2,4,6,101,81,320,312,100.0
1791086570,98S3A9sgLHhdUHUdpviZQrbEGsXFMf4ZXfNRBpeMpump,SOLMAS,7jz7yfAEG6YNgRUBP3Qubx9h33ZVKmijTFqtFJgwnwEA,pumpswap,1791059712,0.0001168,30512.1,111244,111244,1442.97,11251.39,161691.21,581956.32,101,255,1251,3202,8699,30604,14232,48553,-13.41,-19.2,-16.35,136,100,1,2,1,,1791086602,34,34,808,812,5330,5224,7711,6993,100.0
1791086574,FTQZZ7qFcvAx5Nkk8nN19Z3GrxxJmCtKpnLUSSQHpump,PYRA,6EyvUVF6fuLuHMnqWuHRgG3FuPXWm7MNQy8X5NZkiiSS,pumpfun,1791028635,0.00002424,,24240.75,24240.75,0,472.68,13666.1,78464.83,0,0,16,5,204,153,1296,1228,,6.29,23.21,603,10,1,1,1,,1791086614,0,0,17,6,132,95,565,438,100.0
1791086570,9C6yF9yAXeAjTFDoT7csVxtcnhakcfFM4hGxyybi9Dte,Tvis,DREJ3ikHXv9HbXvMA4RTdfaJ6GWco1AhZej2xZvDgK82,raydium,1791055654,0.00001090,11305.72,10908,10908,14.4,1127.67,8500.96,23090.55,0,1,9,19,94,80,232,168,-0.55,-21.58,-0.56,79.51,10,0,1,1,CPMM,1791086614,0,1,9,16,63,53,147,103,99.5024875601232
1791086564,2znyr6uk79b92wDS4x2idar6ASamEmr3GaBJ7Sievg6d,FOMOINU,AGoBJMrzUdMipYErDTuiHMuR5jQemY9kiVYhQgNsSvvN,pumpfun,1791061415,0.00002786,,27863.46,27863.46,48.82,1471.06,8838.2,47710.9,4,0,14,11,396,106,580,263,0.74,-5.12,9.31,636,100,0,2,1,,1791086614,4,0,11,9,110,73,235,118,100.0
1791086577,HmkiLg8BQnXMexzKJYFsMjbq82sFcqFXXfJ78CYypump,PAYR,BeS6PZpnnfuQruN7vdiy7T6HNtKBHp8rXoBojLfe7c4U,pumpswap,1791059028,0.0005979,76586.34,588301,588301,16450.58,134920.53,1777962.31,2862223.94,293,239,4059,2997,37967,23729,80627,57901,2.1,20.79,60.28,665,500,1,1,1,,1791086614,72,73,1266,1268,7338,6796,9831,8855,100.0
1791086577,J6yUJLiLywR9CugELcdkpPjG6eZN3FVjHUjMP5jXpump,SA,Be2tZihvmDLs9DHps9wEWmxC5tXGHGhJMhZtry7SVnTw,pumpswap,1791056663,0.0008960,90286.11,878679,878679,8312.24,153727.35,912048.68,1617372.39,32,20,2647,5239,21212,7926,35788,9944,-4,39.5,190,1375,100,1,1,1,,1791086614,10,8,1612,5125,11194,6247,16248,7207,100.0
1791086571,A5ffnvMhrXCoN6y5iDdj3LdScSGfwofvDym7v3hNYb97,TRADIE,2owmkibn5fX7Z5GojaP8deFTv37oY5gXJJ5Xy5q4aSe7,meteora,1791057128,0.0009014,45517.88,964514,964514,6.18,474.14,63509.8,96007.93,53,15,792,210,5156,1648,6050,1999,-0.03,3.58,-9.58,28.59,50,1,2,1,DYN2,1791086614,28,9,638,185,1883,1068,1980,1159,100.0
1791086572,BmSgTAafbBedu9ccUahU9Hjd42fyWpLxBNr8qUnRsSjT,FUND,52qbZwi4sHDd7yR9fP2dUxpac8SFESS5YUxqSLy5SXtd,pumpswap,1791075507,0.00001600,9667.09,15188,15188,161.37,10745.69,315078.81,315078.81,4,7,117,120,4916,3654,4916,3654,-3.87,52.5,-67.6,-67.6,0,1,1,1,,1791086614,3,3,74,84,1728,1747,1728,1747,
1791086574,FK5iG2RWDn1W8sPmhKdomnYgVtdRrWkBWkarENgepump,ARROW,497jDKPRmTR1QhjGsdJ5UnCrUJd4GjtFixEqFLRbzAvD,pumpfun,1791075519,0.000004205,,4205.51,4205.51,0,0,34211.3,34211.3,0,0,0,0,320,284,320,284,,,0.33,0.33,0,0,0,1,,1791086614,0,0,0,0,249,243,249,243,100.0
1791086571,BXoHJddsWJLHtAopeiSbKUSELsu8hSFMs8baGMDkpump,CRAWL,2B8tftZ5ww8TREMr3pgkgERLNjJyJxEAPWMENViGMsL4,pumpswap,1791065290,0.003740,215986.54,3648342,3648342,42761.55,719344.04,10022335.13,10022335.13,231,183,3597,3081,53023,46380,53023,46380,7.01,43.79,7466,7466,0,1,1,1,,1791086614,71,70,1668,1572,14245,12073,14245,12073,100.0
1791086567,5buBKbJ2re9Qfu3gsiT7r38PUDr1amG6AFEfdtkHpump,CLAUDEMON,HTpg3z22ckPqhNM4FwFNKFnqGe2wXej43ggKfxV4LweE,pumpswap,1791075289,0.000002848,3337.12,2766,2766,0,6.13,2426681.06,2426681.06,0,0,0,1,7745,7802,7745,7802,,-0.58,-94.39,-94.39,0,1,1,1,,1791086614,0,0,0,1,2252,2207,2252,2207,
1791086568,7bC8ugu1ZJn21MhA4ht483nX8brLNesa8R7XLimpFyhq,SPLICE,61Xw4Vm2AHZiQ2bQPtHZynuHoDzpJ2TKnYNjHN4Sjpmm,pumpswap,1791068285,0.001535,128345.61,1486046,1486046,23561.38,770842.3,5095126.7,5095126.7,139,125,2941,3016,31458,25630,31458,25630,-2.61,56.82,3015,3015,0,1,1,1,,1791086614,67,69,1188,1246,8965,7464,8965,7464,
1791086569,8hL7ZVMKvkXpk4qxPx5tRpP7SFSQib5etuAkoqq4tvH,Agency,7tTFLApejQXRvuCTY9CYsTyZTBfKpP41rKCn11iCCYe2,pumpswap,1791074360,0.000002078,0,207832,207832,0,0,18419325.65,18419325.65,0,0,0,0,17359,11174,17359,11174,,,161,161,0,0,0,1,,1791086614,0,0,0,0,5014,59,5014,59,0.0000000000396392499872547
1791086572,CWLPYv7CJLn37Fp5LQcz3q9NdNbbDJAzAVCoqpX98GTa,BUTTHOLE,DkFe1ChuzS89WWNMRxY6Lqr5Pb9wekRH4hKv4QcnPr98,meteora,1791075181,0.0001176,65.85,117686,117686,0,0,1145051.56,1145051.56,0,0,0,0,4570,2623,4570,2623,,,1053,1053,0,0,0,1,DYN2,1791086614,0,0,0,0,2125,125,2125,125,
1791086570,9aJnnQYxmFJuDmS5HwgBkXCDbJJeJ8JqQkK21urFpump,IBM,14HqJbJTs54kVbdwPwHG6EGdsNfpF3B7XQCFprEpG8A8,pumpswap,1791074241,0.000002137,2166.01,2127,2127,0,0,156006.36,156006.36,0,0,0,0,15938,17080,15938,17080,,,-95.71,-95.71,0,0,0,1,,1791086614,0,0,0,0,461,2246,461,2246,100.0
1791086575,FuYDerPp6k3eQMj6odzKzxGyh1jbtpPpFBZeRNXBFG2G,Haaland,8DinVg8UAoBTNma1rJSKytXBrvycTxc9SFQaWJKV12pC,pumpswap,1791075330,0.000002169,2183.39,2169,2169,0,0,63783.17,63783.17,0,0,0,0,3968,5402,3968,5402,,,-95.65,-95.65,0,0,0,1,,1791086614,0,0,0,0,147,749,147,749,100.0
1791086574,FM6ZwSJBCrw42tJDGMpt9q5tw9VR4t4hcDJiLnYReKvU,TikTok,B4Rm4BREnsBAKoYhdpXTPxZ8dHd7oiLKZFeEDU6EA99y,pumpswap,1791075480,0.000002166,2175.46,2166,2166,0,0,58750.85,58750.85,0,0,0,0,3638,5175,3638,5175,,,-95.66,-95.66,0,0,0,1,,1791086614,0,0,0,0,340,887,340,887,100.0
1791086576,HFMVAdQxHfniRdTqRUNXjRdLiJPyJ73PGcgGgN7dpump,SpaceX,27pz4WNECRzzSbXSd5AExo54Ervb1KALU58MeLbHvJKU,pumpswap,1791074450,0.000002146,2177.27,2137,2137,0,0,168920.04,168920.04,0,0,0,0,15072,16262,15072,16262,,,-95.7,-95.7,0,0,0,1,,1791086614,0,0,0,0,487,2373,487,2373,100.0
1791086571,AtbUhKwvrGbq9bc6iQ6z1JzuBjs2Crq3xhRfwYrnpump,Apollo,FrKX9WaRnAypMLTsnxtUuLJFCyQLWYGwKkxCxr22us3C,pumpswap,1791085294,0.00002166,11519.44,21662,21662,4909.55,139486.73,139486.73,139486.73,78,68,2077,1988,2077,1988,2077,1988,-28.48,-56.47,-56.47,-56.47,0,1,1,1,,1791086602,26,19,990,1042,990,1042,990,1042,100.0
1791086564,2gafU5vS2nVKN4poA9zeQTDM5MXbwWJfcayeJBw5pump,Crawler,3VF1KNPWuQijvKkGHrqfh4kyxM15e5E6MhjfuWcgdEnN,pumpswap,1791065981,0.0003039,50168.83,284734,284734,14082.47,206613.61,696791.32,696791.32,58,45,1268,842,5099,3627,5099,3627,-12.77,-21.32,514,514,0,1,1,1,,1791086602,28,13,542,386,1610,1311,1610,1311,100.0
1791086574,ERHreMRMyGaZPaVcUiBrveb5f1Bc8dbuDuFyLPgMpump,Prime,5HSKJpMZQQ5eDYELf8f6fj1LVfoy7tkKZzy18ehGwhBN,pumpswap,1791084611,0.00009207,26675.84,92073,92073,39039.68,441874.08,441874.08,441874.08,331,241,4829,3903,4829,3903,4829,3903,14.79,85.8,85.8,85.8,0,1,1,1,,1791086602,111,95,1915,1721,1915,1721,1915,1721,100.0
1791086577,J922v56nTmbxtQ5EHDqfxctBUVZZEWgHmigxWnh3pump,UPTOBER,GZFU2cDWexUzHaKYHCsnH1tfPUtfyW5QAAMDjZJ4q3AX,pumpswap,1791085133,0.00007253,22826.36,72540,72540,5444.76,85792.18,85792.18,85792.18,111,64,912,783,912,783,912,783,8.38,63.88,63.88,63.88,50,0,1,1,,1791086602,26,29,503,406,503,406,503,406,100.0
1791086565,3XBKc5N6ecPdxSBxPRSobzZ4wWiEqtVxVMjYqPeNTrDb,SLEUTHY,2DmW3RhBeSyXBQypBcfvyAcySEw8AZh4Vhvu1PWgLLoV,pumpswap,1791079671,0.00009904,28093.54,91712,91712,1933.4,113529.61,712209.88,712209.88,24,14,873,720,4879,3970,4879,3970,5.63,-3.34,103,103,50,1,1,1,,1791086602,7,8,443,414,1891,1579,1891,1579,100.0
1791086576,HSwoWQT92ZXrKJpV57ses55xnzWSzSZgTQzPnvveMfta,CAPSULE,37JRBYSStCXQgnaWJf4MnmR53BMhpGnRxkhyGVBU2s83,meteoradbc,1791081849,0.00005970,,59704.51,59704.51,0,0,25885.7,25885.7,0,0,0,0,261,90,261,90,,,1080,1080,0,1,1,1,,1791086602,0,0,0,0,135,44,135,44,
1791086571,B32ocrADBEo1XHsGVnxqP81SaK2NiZkQmmAoTnmT8Ybu,BANKROLL,9YaWadPw6k78iLFF78KotaNiGERCi75ySDvvXGt8jWyT,raydium,1791072171,0.0002452,45066.52,245298,245298,420.79,8571.58,93420.2,93420.2,2,0,32,16,402,271,402,271,3.79,-28.25,384,384,0,1,2,1,CPMM,1791086602,3,0,19,15,196,152,196,152,99.9999999930002
1791086577,J8fqfTxh6pANxy6ezchns8e3ZeEcF3xCFASetWnpump,PUMPKINGUY,CABFDkXdciZpQNHBpDSsPYVsv4dPET21iVMmy2N8aWFa,pumpswap,1791082298,0.00007882,24109.3,75664,75664,3960.33,141763.41,178457.45,178457.45,1552,604,15095,9205,18560,11345,18560,11345,-15.98,21.75,59.4,59.4,100,0,1,1,,1791086602,24,29,1047,738,1446,962,1446,962,100.0
1791086575,G2kUGN3AVnTT4Md1mcHxMni41dc8GNKs7VSHMMdwpump,SI,5XXtA4Qq1k32Eqe7NiuBaV4wfymfLgpkWPt35JxZhKVp,pumpfun,1791076857,0.00002252,,22524.97,22524.97,0,723.18,44470.18,44470.18,0,0,11,7,395,331,395,331,,7.78,395,395,30,1,1,1,,1791086602,0,0,10,7,239,168,239,168,100.0
1791086570,8zYPhpgPPbS3KbMGoET6VQ8DchDCraQc92cX33icpump,CAIN,4RzTUehsv9JhMWgGFP5NVvXesDhHBrbShSiVXD23YEg1,pumpswap,1791044682,0.0001862,39980.4,180568,180568,253.03,272.47,7235.07,81165.17,16,0,19,1,92,59,599,339,2.8,2.7,21.88,219,0,1,2,1,,1791086602,12,0,18,1,70,43,330,196,100.0
1791086578,keWGKtCfh6nWmCG334rDZszfozhaRgioM8LNK4uYhYk,FRANK,FGgsVagh5GbK2D1nAQYWRSSNjZ3uwfVzwC2qT3wWGca8,meteoradbc,1791086356,0.00003645,,36456.57,36456.57,3009.86,3009.86,3009.86,3009.86,73,84,73,84,73,84,73,84,145,145,145,145,0,0,0,1,,1791086602,63,77,63,77,63,77,63,77,
1791086568,6vSxbc1btRLZ24kBcdhJTTHfg8U1EeLkqL7oapw41pad,PAD,6FC2bg9n4rNseinXZq1uJuym7AzzWMdEdoDxxoGqgB8h,pumpfun,1791086434,0.00002357,,23571.8,23571.8,18119.73,18119.73,18119.73,18119.73,195,157,195,157,195,157,195,157,566,566,566,566,0,0,0,1,,1791086602,160,68,160,68,160,68,160,68,100.0
1791086571,Baxr579yqJLcSWNo85naJ3j66wj9S6nQS22AC6PPhMan,Minds,G2bHx92aoY5HemZejsWiJxcXv1BvQGcyCgHzVFPNm3bi,meteoradbc,1791086288,0.00004304,,43048.18,43048.18,10362.59,10362.59,10362.59,10362.59,328,347,328,347,328,347,328,347,168,168,168,168,0,0,0,1,,1791086602,151,138,151,138,151,138,151,138,
1791086564,2WDYyiChrfXFZUmoPU4H9LnVR9owfcawQ2pPcDC2sfw5,Aiden,56pHVeWu8RGPELF5FFbmuPncS9cuqNdd2ePMMKyv31y,meteoradbc,1791086431,0.00005900,,59008.09,59008.09,2305.12,2305.12,2305.12,2305.12,70,44,70,44,70,44,70,44,32.69,32.69,32.69,32.69,0,0,0,1,,1791086602,58,36,58,36,58,36,58,36,
1791086568,86PvZw3iGbfbnCnMbJqDBUaci7uEF23qFHo7t6jBGqxQ,STIMMY,BQJmK4nTokCgMHHcjMfSaLpcWdv4YuQ2CpHUspp3RtyS,pumpswap,1791085701,0.00005026,18794.07,50251,50251,50437.53,177527.17,177527.17,177527.17,634,508,2206,1750,2206,1750,2206,1750,-45.91,1.06,1.06,1.06,0,0,0,1,,1791086602,217,240,1102,834,1102,834,1102,834,100.0
1791086566,56NYeFKq75ojJwnxhPrzS9afZ5VYvqDT1mLtNxGUVe6,Agency,A3XTX6pvh1oFp5krBD4fwPswZNkSvRWWecG13yniSYkT,pumpswap,1791081616,0.000001946,286173.73,194659,194659,865550.18,11414415.14,14240323.72,14240323.72,806,514,10568,6843,13748,8682,13748,8682,-3.59,39.68,144,144,0,0,0,1,,1791086602,176,49,3015,50,4171,57,4171,57,0.0000000000396392499872547
1791086574,EruiXzXFq9QwezdM6aBT7kvACSeGAzjs2wFe3APCpump,DOTS,3nUaZJ1EANiWLXWW4PTJV6U2nVaxnR9gJA8xCDHfr7bh,pumpswap,1791084927,0.001158,97238.28,1158750,1158750,8119.82,58951.82,58951.82,58951.82,2077,1977,11367,11246,11367,11246,11367,11246,18.67,2214,2214,2214,0,0,0,1,,1791086602,263,238,454,426,454,426,454,426,100.0
1791086575,GKfsQSnBnWNCmCb1zpErJbCnicptsjAqCjECYWGk6HES,Speed,3PWGsvQawvtJ4dyM6s7bQhBR9jiwFnEun7wAHKJnSGQu,pumpswap,1791086142,0.0006286,71002.12,628591,628591,3642.62,26372.93,26372.93,26372.93,1846,924,2861,1401,2861,1401,2861,1401,17.09,1152,1152,1152,0,0,0,1,,1791086602,289,226,347,324,347,324,347,324,100.0
1791086568,7dHHvEwV4S5rg7KNspcK8HCuBxyKm1iY7bpvjKkspump,Grok Bot,GGgusbRhunxTNAvWQGk5m1yB2skyrnYPmcAkYNTDFBrp,pumpswap,1791085594,0.0008278,81851.1,827843,827843,9583.1,50077.27,50077.27,50077.27,1551,1372,4842,4503,4842,4503,4842,4503,26.05,1546,1546,1546,0,0,0,1,,1791086602,264,228,463,430,463,430,463,430,100.0
