ts,token,sembol,pair,dex,pair_olusma,fiyat,liq,fdv,mcap,vol_m5,vol_h1,vol_h6,vol_h24,al_m5,sat_m5,al_h1,sat_h1,al_h6,sat_h6,al_h24,sat_h24,deg_m5,deg_h1,deg_h6,deg_h24,boost,n_web,n_sosyal,n_pair,etiket,gt_ts,alici_m5,satici_m5,alici_h1,satici_h1,alici_h6,satici_h6,alici_h24,satici_h24,kilitli_liq
1791093501,2bRoY87nsBq84TTKJKFD5gYxVLPhrTPKK9MaheSLCCLg,UNC,4UzewNYxrvNzATKiSDXjynL9krknGX4vzUxbnj7WtCBw,raydium,1789104206,0.000005113,7192.67,5113,5113,0,0,12.27,38.03,0,0,0,0,1,1,5,3,,,3.12,2.09,0,0,1,1,CPMM,,,,,,,,,,
1791093501,3XQZDtpn5QisVxcvB4sAReoknWnooU7yM4YCQtj45nqp,FARTCAT,85aGuq5zEUUU6n16FbRLHBA8Y2GpN1rXnr5RZLgnsZmq,raydium,1788949208,0.00001886,13501.1,18868,18868,0,102.91,470.71,982.44,0,0,3,1,5,3,19,10,,-2.12,-10.59,-10.91,0,1,1,1,CPMM,,,,,,,,,,
1791093501,2YhZUBBVxoDAEtXMhkRjHvAHvkDibyxN3ABHQ9Sspump,CAT,AnL7ZGja9PQQJCUSPAPY32W3VaRmWkTeZquUZF2KYsW8,pumpswap,1788931045,0.000003511,3350.62,3393,3393,0,0,7.07,23.9,0,0,0,0,3,7,26,20,,,0.56,1.26,0,1,1,1,,,,,,,,,,,
1791093506,AbqBVEVebBazAydzVAUGYkS5MEGCEpvVkKNujnJrpump,GGEZ,6Wo6EgP7X7kXdphrUuyBNaPL4ucvPh1gJ35K1Wwggiph,pumpswap,1789189362,0.000007678,6825.49,7444,7444,0,127.45,127.45,1258.91,0,0,1,2,1,2,15,13,,-2.73,-2.73,16.62,0,0,1,1,,,,,,,,,,,
1791093508,FGgLQX5Ns5vVvZqATHi5QAYAw1N39WMiCHvccQ6zY6wx,Gascoin,2H72HZd8xkckwNMqTvR5KE6eWqqFFbUxwTAQPnBrUebW,raydium,1789047396,0.000004768,6616.69,4769,4769,0,0,220.31,565.32,0,0,0,0,0,2,0,5,,,-13.03,-20.86,0,0,0,1,CPMM,,,,,,,,,,
1791093510,HoCeDUrd5BqfYmaRk2eiUpzshEvpwfYpgrJ4YKFCpump,APU,3CrSfcLW2b8d5LwR8sq8C6eHUL2V5DnrQHZZYHRHq9YX,pumpswap,1789274585,0.00001758,13864.45,16880,16880,0,54.12,721.95,4824.71,0,0,0,2,8,2,31,26,,-4.09,14.31,-0.13,0,1,1,1,,,,,,,,,,,
1791093503,6UtY9iTZMQQ5QZVrbzFnNaJntV7oySm9k97mvwnuZcxr,NEARKAT,G19cwhvY4teiUm3jgjrDX5RfzfCnSXe1s5upRXVmTQki,raydium,1788752871,0.003582,297156.53,3582741,3582741,315.81,9676.68,38009.96,146252.02,15,0,153,15,234,83,564,331,0.34,7.8,-8.13,15.97,0,1,1,1,CPMM,,,,,,,,,,
1791093507,DKyxHEbjGqzp7Fn6uMXCNmyYnrKz6nSnURRdvWwRpump,HOUSECAT,EM5LP3to172AxfCppbFFKu2r6QWWJCnVwVzauo7Ur6Fc,pumpswap,1789270757,0.000002431,2543.75,2329,2329,0,0,0,4.22,0,0,0,0,0,0,4,1,,,,-2.5,0,0,1,1,,,,,,,,,,,
1791093507,E6xuoa8gUidJYt8J5UmMiKrwF6vzgyVuJC5NSjU1s9kn,BTRUMP,5ELop6yg1oEBD3T4hP2Csbu1PNUfHnSfrSsARUGh9x1X,raydium,1789267458,0.000002418,4343.71,2418,2418,0,1.92,230.74,230.84,0,0,0,2,2,6,2,8,,0.32,-1,-1.1,0,0,0,1,CPMM,,,,,,,,,,
1791093504,8jkhbnbZJjajwdNxNrfQSqjMUH5wJXY8tDXWgtDJgrF1,BONERO,xPe157Q8iKKsuWkKDydox87JrA6yuKxd6iNd7oGAXsx,raydium,1789278067,0.00005679,22157.09,56799,56799,0,0,165.75,722.8,0,0,0,0,7,3,13,12,,,-1.91,-5.07,0,1,1,1,CPMM,,,,,,,,,,
1791093504,8thd7APG9E1bwQgQ8DxHAA7GvM8cDQVpn6V42pqQpump,VALTH,UPcGrFPi9MY6kskURJUTAbvVGwWFkAwE81faPAWv5mR,pumpswap,1788962839,0.00002384,12624.02,22234,22234,0,97.18,244.27,523.55,0,0,0,1,1,6,10,21,,-1.32,-5.5,-7.89,0,1,1,1,,,,,,,,,,,
1791093504,8StnEDgfxfvxpCUUMH9ChXaqAkGGtxvnfxCAYHYnPXja,FLOPPY,8jvjNdWNKoFj9V3TKUYrpPTdQzNxuJ5LjNhLCPm8hRAA,raydium,1789285399,0.00007955,26270.47,79557,79557,0,71.58,1702.38,13625.98,0,0,3,0,12,7,116,61,,1.19,-13.3,-22.87,0,1,1,1,CPMM,,,,,,,,,,
1791093503,65rFgEsjPWPmyLRFU2CQRRtnCcjnYwr2KNrqtKsdKfAu,UCAT,CNNDJaLZvDoHHV2bWq5MRtKUvHKD48e43JFSq4rghStw,raydium,1789281826,0.000004357,6518.43,4357,4357,0,0,0,40.41,0,0,0,0,0,0,0,2,,,,1.22,0,0,1,1,CPMM,,,,,,,,,,
1791093508,FMKwCXdY82JnfnJ3r4CqFgkEWPTL7rZTkfLZKg4xpump,DIVIDEND,DwUyjbdT9Z7rntPUDmWM5Bf5QMU2ahn1YxEp1Wru8c84,pumpswap,1789366435,0.000004992,4997.02,4765,4765,0,0.46,35.23,146.82,0,0,2,1,30,39,132,133,,0.74,2.21,17.53,0,0,1,1,,,,,,,,,,,
1791093508,FbYYdLRX2sL5xzLGjdhfaWNhtpxqXBSoqvUY8o8W8eNF,TOEROGAN,6xRJbNNwpZxQ7kSgufpiJbKFvR2j3pGbRcHkKjnWphAC,raydium,1789355026,0.00004450,22287.16,44509,44509,0,96.73,2130.41,5977.11,0,0,2,3,18,13,53,51,,-0.87,3.39,-8.19,0,1,1,1,CPMM,,,,,,,,,,
1791093503,6jmxfS3MYf7yuD62ja2Yv4LbTPm4cnnKpkkp73WToXz1,EPYH,H5rKwEiGhfpayMuXicSQ4hQ3mS14NJdTgZCNic6AbYnc,raydium,1789358100,0.000003825,5801.34,3825,3825,0,0,40.84,273.15,0,0,0,0,1,2,3,7,,,-2.52,-4.83,0,1,0,1,CPMM,,,,,,,,,,
1791093501,3nkVw4JwdDLGM23Wzqpy2ptAPV5YgMnokEBgijDBpump,bikecate,3WbMNEXoXSGWpgXbAwWpGANVXGZSN5bQr1LNu76aFzSZ,pumpswap,1789359809,0.000003218,4100.21,3200,3200,0,0,4.39,21.32,0,0,0,0,3,5,10,13,,,0.12,1.56,0,1,2,1,,,,,,,,,,,
1791093500,28nL48UNhtT3CaqzbsNJEeqrai5qYFG1uFkbmVabQvXm,BATMAN,Ce2oVJBNs5SEXjtUBTsXJ2w1DTbgtxHu6zB2s8z2i9NY,raydium,1789360701,0.00001314,14419.7,13146,13146,0,17.4,833.25,4607.13,0,0,0,1,7,3,18,44,,0.63,-10.75,-46.3,0,0,1,1,CPMM,,,,,,,,,,
1791093509,GogsSnkXwke5FEUxyV6FmR4eczFK1KJDVsaJNaNspump,MEMEBACK,AFXfvrQaHLcHuCBuATi7WwtPg11abgb2PGKsry9JFFs5,pumpswap,1789359213,0.000003182,3700.12,3133,3133,0,0,22.89,104.1,0,0,0,0,13,17,93,80,,,0.5,2.02,0,1,2,1,,,,,,,,,,,
1791093510,R1LPJwRqxHm6BpAh2UQeskyktkSNZ4b25fEcRerSTNK,MEMEFI,HtT2SN1iWC3hbs2JT7vPp8p5KdsoC1egNKn9gUG4dXuo,raydium,1789181874,0.000004174,4745,4174,4174,0,0,59.88,388.84,0,0,0,0,0,4,8,13,,,-8.49,-26.54,0,0,1,1,CPMM,,,,,,,,,,
1791093505,9F3CB3jZ3EFQdGDgpQWzGec2ZeWk9KLfVjw7F7hdSTNK,KNOB,AfnMjdJp5NAhYLDvq2CyiafLJEfVfXQ2yYrvvsQ9ykQr,raydium,1789362986,0.000007897,10093.17,7897,7897,0,0,15736,15827.48,0,0,0,0,1,7,4,17,,,-16.97,-15.55,0,0,1,1,CPMM,,,,,,,,,,
1791093505,9h5AzEQzYu9CV5K6uLtFRMD1KcbxZSFNxZEgBTNfw5Na,STONKCATS,C1CNCihCBJ2Jztbv7vfrXKrw9fKrma5fa3hhSjqyw9GH,raydium,1789445346,0.0004350,59510.31,435042,435042,0,318.51,9144.21,51985.67,0,0,0,10,67,60,293,236,,1.56,-3.38,-28.86,0,1,1,1,CPMM,,,,,,,,,,
1791093509,H7uLK4Dd6bJuJkaxtFCbkoJgtF3RpumM8VTYB3whZc7t,TICKET,4ZnqNTaxFXTSn5ZtFEr32THEtAPG3NoqvqQC4YBnkb8k,raydium,1789439240,0.000003795,5712.55,3795,3795,0,0,222.62,915.61,0,0,0,0,1,5,6,18,,,-14.12,-37.08,0,1,1,1,CPMM,,,,,,,,,,
1791093504,8UPqksuCy4e6aaJLMLzXA4WPGB3QMgdPJqB8qFUpV3mG,XMR,5z1azqgTLi5g4MwiaYpPNm1visNmF1E8RBnbeiAnJAi3,raydium,1789449568,513.26,1539629514.69,1539784763,1539784763,0,0.3,80.3,80.88,0,0,1,1,2,2,4,4,,,,,0,0,0,1,CLMM,,,,,,,,,,
1791093504,7Gh4XxuvvMLxxmryEFLAPkeuzrSTEB71eF9jx9FXQi3S,4STONK,3n3MCJ5fVhgt63rLKjz7ZigqhhahRFCCM2U2ZjyJ5v2E,raydium,1789473154,0.00001334,11557.06,13343,13343,0,0,92.78,3131.98,0,0,0,0,3,1,13,17,,,-9.67,-47.69,0,1,2,1,CLMM,,,,,,,,,,
1791093507,ER5Mk4jK2gpLSTneD14hHczodi3rsVU4mEGFaa9rQMjw,MUSEBOOK,GGo2Qm4THB5yCttrSwu57hzE1XKKYThDJmT2idZ2vhGW,pumpswap,1789536834,0.000006414,5808.36,6275,6275,0,0,5.24,36.56,0,0,0,0,1,1,2,1,,,-0.13,-0.13,0,0,1,1,,,,,,,,,,,
1791093502,4qpraJNwVi8yXn2hx6xxVnsifin1PEhJ8Nv61sab5a3U,WISH,EqhjvdrGEe9q2jeCGpEMTeYj1R9yp9uneFvKzuEcKfZd,pumpswap,1789618389,0.00001121,9437.47,10731,10731,0,7.82,323.14,1604.72,0,0,0,2,2,10,20,21,,-1.03,-10.41,-7.76,0,1,1,1,,,,,,,,,,,
1791093502,4fBiGYVbKJGZybXutS8Q8C1YhtjkbeZ8DsBxWjETpaid,PAID,89Gh6PssFKhsvA9Epg69JmvHa5rtUYXySmiQ3LQDr3WY,pumpswap,1789618472,0.000003203,3152.54,3087,3087,4.89,4.89,123.57,138.08,1,0,1,0,2,0,3,3,5.45,5.45,12.22,12.4,0,1,1,1,,,,,,,,,,,
1791093507,DLEdharFALn6K65DxtKq29AzFERPvg45dY5rue9Wpump,FAPMAX,8WkXnimY96oAGSVDeC8HdrLC7gESFthTVkomizrDgbw4,pumpswap,1789618276,0.000002784,2927.82,2704,2704,0,0,30.13,107.03,0,0,0,0,21,19,88,83,,,2.29,1,0,1,1,1,,,,,,,,,,,
1791093503,6JKFLiQckuQP755USQg38fwoHS7bpPkbKYyK7stwpaid,CASHDOG,Ayveu3rVFbKbaax6GUnM7XjwMkb9wWnP3s7P2LCCBvEC,pumpswap,1789616646,0.000005015,4659.43,4786,4786,0,0,35.39,94.84,0,0,0,0,1,0,3,4,,,1.91,-1.31,0,1,1,1,,,,,,,,,,,
1791093507,DVLjrteHZ818dhAdq4x1fuGC1nZbthu97keBe447pump,RC,AJCcN97k3N56iJEZDat3urPY9JJxX24CGo6zy5LnFbxv,pumpswap,1789620071,0.000003707,3583.63,3580,3580,0,2.48,2.48,6.08,0,0,0,1,0,1,1,2,,-0.29,-0.29,1.08,0,1,1,1,,,,,,,,,,,
1791093505,9Ds15qCLz7isbbHQ51ERgcesVVK1ZASU4s5v7UsJpump,LCF,2UXZiebhD2Tc2w9AceNEmLH5sbmm6ybmDvajQQsDdvzz,pumpswap,1789621413,0.000004202,3932.21,4042,4042,0,0,0,71.71,0,0,0,0,0,0,0,2,,,,-2.29,0,0,1,1,,,,,,,,,,,
1791093501,3SBttFHFBkf6RN8PqtNx5EkCtBxT7V2v7AWTRJh66ASB,JACOB,83j5P4DMmSitcxUB57vhrRSK8DKe2iYmcAoxgRjkowdN,pumpswap,1789622419,0.000004609,4271.14,4514,4514,0,0,463.28,1172.87,0,0,0,0,0,4,6,11,,,-21.9,-8.81,0,1,1,1,,,,,,,,,,,
1791093511,hb7QGttC8sXSQVAymn7aRdtbN3kdDwbQyihtHiipump,BLEND,8PLwf3wSu6uyxbZYxAA378MTGxSanMdCSjyLMFF4do6d,pumpswap,1789622944,0.000003300,3630.32,3241,3241,0,0,0,4.85,0,0,0,0,0,0,2,1,,,,-1.04,0,1,1,1,,,,,,,,,,,
1791093506,B2udE872WK8pz92Dky83v2WrhFrSrB2GtoN4LFa3pump,BabyCorn,AWJQnkxDDAdX8PdiQKgosRmMzKXeRFuHToWBctCqh6o4,pumpswap,1789730311,0.000002953,3303.64,2922,2922,0,0,20.64,159.7,0,0,0,0,18,38,150,146,,,-1.48,0.1,0,1,2,1,,,,,,,,,,,
1791093501,4PYVWqC358kpvKYDrwbniVAeUXUq6dULa27Z2TCVpump,Norman,FYKkMngiuWhFqpErhdXNg6yVdQQg4dKRxmqmrwTEMKnK,pumpswap,1789730498,0.000003273,3730.09,3213,3213,0,0.63,43.63,134.42,0,0,0,2,35,32,122,119,,-0.98,0.26,0.17,0,1,2,1,,,,,,,,,,,
1791093505,AE5t5QbSvn73DmQDskNKucoreHNbeKX8rVdbzA6w5En9,HCAT,FSX2ZNrKRjG2o7kYMVs1g8B2Q8vBgA1oHFgdvfaoEBco,raydium,1789729928,0.000004174,5892.4,4175,4175,0,0,2.34,2.34,0,0,0,0,1,1,1,1,,,-0.04,-0.04,0,1,1,1,CPMM,,,,,,,,,,
1791093504,7P48QkgheGNX4X5yZM8JCi4bzEyxQf8xE6juCdDau9rw,KNOB,C9H81fePsagCjHMuaMFMaW5M4ZmDZhYwU2QChdN2psQi,raydium,1789731318,0.000005372,8051.91,5373,5373,0,0,0,1983.97,0,0,0,0,0,0,0,8,,,,3.72,0,0,1,1,CPMM,,,,,,,,,,
1791093507,DnJeAP7hWjVNTTk1NUaDJ5Aps9qDroSsEMcKBCpSTNK,PSA10,7Ts6yxxA1YVe6fUeqCgnPD7GfoXZd975wp4DAxw7iEaT,raydium,1789802921,0.00003308,21664.16,33089,33089,0,1.21,277.67,6576.67,0,0,1,1,26,15,111,92,,-4.33,-4.17,-33.81,0,1,1,1,CPMM,,,,,,,,,,
1791093501,4UHmZGe6X4DZ5dxYGiGXMhi3Sp34uPWtHB7qDMyvRbYB,QUEEF,AZ82R741qr3k6xA2xciK2AQecqpGQWU3TBg7wjcde4Kk,raydium,1789880018,0.0001663,42979.22,166374,166374,384.56,574.45,1943.12,10478.58,1,0,1,6,11,32,85,139,4.04,2.77,-0.63,-21.1,0,0,0,1,CPMM,,,,,,,,,,
1791093501,2g23GpSneyx7Uqb25YKA6i66m8f1VDYwpGCVGXhdwK8h,BINKY,3TyDhMqhQdroh9zBo7CpnZ31GbY96jptiPfgX6ktRozH,raydium,1789879126,0.0002398,47965.65,239884,239884,0,1370.3,8986.85,71870.64,0,0,3,4,31,34,243,242,,-8.7,-26.52,-2.5,0,1,2,1,CPMM,,,,,,,,,,
1791093510,Hqa3scJGHpXQ8wgcEsugqqzrvwTcugRptHL1LgBCpump,HOLT ,PQeDKZTyXek1zcX8JNRixR6a3oDqaRtE9C4sRAuWoCr,pumpswap,1789889027,0.000003855,4000.54,3678,3678,0,1.96,1.96,5.43,0,0,0,1,0,1,0,3,,0.67,0.67,0.86,0,1,2,1,,,,,,,,,,,
1791093501,4KxtNWc5XTL3cuyc8PJMchqB6RYggvEFeMub727GBAGS,SALVOR,4WzfxBthxkz3YdFrJV9VUwN3pPXGRnCojLCUrMeyLcjR,meteora,1789885968,0.0001431,37376.26,143160,143160,0,7.25,75.77,2753.44,0,0,0,1,2,6,41,46,,0.32,0.13,-9.03,0,2,1,1,DYN2,,,,,,,,,,
1791093503,6oeiky8G8ZnuvadARQPRMkV6FRz8ALKd579ZuXhKSTNK,MCAT,HixDX348FLzFZCwef9EeCsdCYVz7HP4hp1zkC14DCftd,raydium,1789886537,0.000008199,8959.53,8200,8200,0,8.65,102.66,650.82,0,0,0,1,1,3,3,19,,0.02,-5.01,-16.29,0,0,1,1,CPMM,,,,,,,,,,
1791093507,E3JFezVAdg6119NyTmukBBYPiP3PaJu533KwXs619Ae7,HALO,FMQx4qfUWtaCZETC6zVbetbBgp6u27WT3GSYi7GfQsm2,raydium,1789957992,0.000004915,6433.16,4916,4916,0,0,0,5.22,0,0,0,0,0,0,0,1,,,,,0,1,1,1,CPMM,,,,,,,,,,
1791093508,EeYmbbHJ3EXjLhXATJZpES3DYaZTeM7NNwUZGzTSTNK,PCAT,2miEa3cFQX5hbVbfpWggZkyYVHsJxWoB3ToaUA1qz8qF,raydium,1789967146,0.000004372,6728.08,4373,4373,0,0,0,19.98,0,0,0,0,0,0,1,0,,,,,0,0,1,1,CPMM,,,,,,,,,,
1791093507,D7uneejj16Wehftz7uUK9uqeWisWgaYwsscu2EF8a7EN,CWD,FLfqVZzNqqxF8gXLYewRcgeLdByZx9RTJkfXifAGnXHs,meteora,1789873247,0.003137,156190.53,3137659,3137659,0,1206.82,45485.36,142209.46,0,0,5,5,75,91,309,342,,-0.79,-2.84,15.78,0,2,1,1,DYN2,,,,,,,,,,
1791093503,6Eh9LZcH7BAfavGX6DL3Mx7KLVW3zpEkCZeS1eVzvye1,ASMON,36yRn7uAdCcksjaqsKZhiqsQ5xkatEg3Dtd1G6QtPbwF,raydium,1789826895,0.000009731,8748.44,9731,9731,0,0,344.38,1235.39,0,0,0,0,5,0,11,7,,,17.56,6.91,0,1,2,1,CPMM,,,,,,,,,,
1791093507,CdhZy8wrRxNxoV8HtoByXKN7mvS46avtuZ1b39tKfx7,X7,DM7mLVfNUJTbWzwep9BWMVDDhwR1PQU3t2wQ66WTvgqo,meteora,1790049638,0.0001764,78081.89,145218,145218,0,151.4,6751.63,83537.99,0,0,2,3,41,31,250,266,,-0.5,-8.81,-14.93,0,1,1,1,DYN2,,,,,,,,,,
1791093501,2k1g1NKB85swTVLYijWkutRFMS9MjXfJnqzzqfSypump,CashFrog,FAKr6zhYTLAqpUowErobB1mvJr2xmtaANxYNLszGHhrg,pumpswap,1790054009,0.000003536,3618.31,3432,3432,0,0.29,24.1,131.44,0,0,0,1,22,26,110,109,,-1.19,-0.58,1.02,0,1,1,1,,,,,,,,,,,
1791093509,H133TpJVPTKeA7AWtvgQ15zKegPBDgGPaGdX94UgJ8sq,STONKY,8ob21mMfvX9GY2qcW5NR9bjxuxnUhZ2z96HhiHjbQRtV,raydium,1790072309,0.000001813,3100.22,1814,1814,0,0,5.12,104.7,0,0,0,0,1,3,2,12,,,-3.5,-21.71,0,1,1,1,CPMM,,,,,,,,,,
1791093507,Cf5oefTR54C986wvG49wRYwKkoCaRHDnhuZpd96dpump,MSC,Cju7t5AndhKGKAi4T59drhAtHMEaBWSQkQpjfrHYQUmt,pumpswap,1790078532,0.000006135,5910.84,5122,5122,0,0,0,30.94,0,0,0,0,0,0,1,6,,,,-0.9,0,1,1,1,,,,,,,,,,,
1791093502,4wzLxapFN8VCKVDXENHU9y9rMwNRjTtuqKXb5TZod7uF,BTC,4Hd1HPaJCMjhpNMF1W1BhBhHVKszqaxoinzL74VhgYXK,raydium,1789506601,0.00002123,12813.6,21236,21236,0,0,99.28,162.55,0,0,0,0,0,2,2,4,,,-2.74,-2.75,0,1,1,1,CPMM,,,,,,,,,,
1791093506,Atf7KaBLF257KQosBM2rCxhhdRfDtRNnpwmUH4bkrMMV,BOB,GUzGgimx7FFFbWZEw9dn3DEmKmsmncGqVJVDGaM9mPBZ,raydium,1789699872,0.000009962,4924.49,9963,9963,0,6.64,65.89,455.19,0,0,0,3,5,9,31,29,,-0.59,-21.7,2.3,0,2,1,1,CPMM,,,,,,,,,,
1791093501,33WNZtzEKKRAcAg9uxPxiPjdnd16TrtqtbdL4Uqzpump,PWNED,AXv5iMmtGH9oG3pabX3hhWsKQbTP2PMQ6TKoxN49C4RN,pumpswap,1790139109,0.000003085,3788.48,3015,3015,0,0,0.29,0.29,0,0,0,0,0,1,0,1,,,,,0,1,1,1,,,,,,,,,,,
1791093504,8HuqgVyrcaBSKb6WNwhcLPqNTuVqYfWQcSPiTVF7pump,PEPCAT,4agqDiwsfPMvkES4hrCPnTiz1cvsrcYnU6Ge1BgVTW1Q,pumpswap,1790183032,0.000003540,3378.31,3397,3397,0,0,0,29.58,0,0,0,0,0,0,0,1,,,,,0,1,2,1,,,,,,,,,,,
1791093504,77xuWiXF7PKZRW2jDD4Tkyw3M3qQkZADYNnG7h3xrndj,XCAT,7bsKU8gNH4L2r2HwcXjxJcWgKip1n7fham7ZPMGsTBAK,raydium,1789995316,0.00008298,31566.42,82987,82987,0,135.26,1335.74,10201.82,0,0,1,1,6,11,47,53,,0.13,-11.54,2.76,0,1,2,1,CPMM,,,,,,,,,,
1791093502,4c1XZRqFV6y8pAckHru5oiGPYUFw1eQ3kFotPLHrpump,KEEPHOST,4Cv4WeAdsMB4YiamJkyuCe1mqa5RGKL31JUL4bW2nDLV,pumpswap,1790216453,0.000003472,3324.66,3298,3298,0,18.32,18.32,395.46,0,0,0,1,0,1,5,9,,-1.48,-1.48,-15.57,0,1,1,1,,,,,,,,,,,
1791093508,ExjkD5rvPB8Bp18PLCvBJFBGuKjDA1FTCyzRMsNQgaGc,HODL,FqkYry3jpRJ21HuJdZ5A8ergQ6qxpaEc3dFcr6kSAxUS,raydium,1790010274,0.00002097,13365.2,20971,20971,0,18.35,22.81,4918.03,0,0,1,0,2,1,29,25,,0.63,0.62,-40.78,0,1,2,1,CPMM,,,,,,,,,,
1791093502,5MYP5twDbjocd3tQ7xmLgDQ6BnxsxFwLmoLabYp1zQH2,TOSV,DQtVxwBsWHQMCX7TfUjxRugehA4vFeLxAKCWAgC8YTuL,pumpswap,1790393966,0.000003877,3645.11,3689,3689,0,4.78,4.78,4.78,0,0,0,1,0,1,0,1,,,,,0,0,0,1,,,,,,,,,,,
1791093507,CeVVQMZx8QcVNZ5PJ4YgF8Sz4FqfudCKABMAYN3RGxmr,XMRPAD,68GoLLT1TZ4NrfYKa5X8TAdoGDfWNMTSy1cjudvq7okn,pumpswap,1790549980,0.000003506,3771.52,3374,3374,0,0.17,0.17,0.17,0,0,0,1,0,1,0,1,,,,,0,2,1,1,,,,,,,,,,,
1791093509,HcPYnMt65E1yqERVUqtsbtyY8d2boCy7FmvJ8RfrECQr,CORIUM,9xfKyaGV5LYiGeE2zXHwLVsrwisRasc4cTvp2faMhVWo,meteora,1790561817,0.000002215,4260.23,2216,2216,0,0.11,0.11,0.11,0,0,0,1,0,1,0,1,,,,,0,0,0,1,DYN2,,,,,,,,,,
1791093501,3nrUZUeHMYioNDPG9MXxGChKRSAiVecHUxJHgtMat8B5,ELON,3rvJot9FjgvDPn1PGwnFW3kAhn2p1qoqN3mJ2cAtLP46,pumpswap,1790917602,0.000002185,2207.1,2174,2174,0,1.19,1.19,1.19,0,0,0,1,0,1,0,1,,,,,0,0,0,1,,,,,,,,,,,
1791093502,5hpck3FaHXqhQnL4RwwdaNQFeBka6CpoVBxT1dWupump,IRL3,EKF533bniHb623Ki8wRftvzjHzFisSNHvFGAi5vcShaM,pumpswap,1790922051,0.00007991,24653.54,70570,70570,239.84,8187.75,30665.64,80281.02,2,5,43,39,219,176,844,631,-2.26,-1.58,211,416,0,1,2,1,,,,,,,,,,,
1791093504,7iWG1K47CGCykTNUU4XXkYctnv1X7Qd8RAq6KnDMpump,SS,DtBmpRSAjL3bRbDbVwBuHGiUNyqQvjY8Y1jxgudFuUFQ,pumpswap,1790919986,0.000002776,2989.43,2677,2677,0,0.22,21.64,110.38,0,0,1,0,34,19,131,61,,0.02,1.57,7.32,0,1,1,1,,,,,,,,,,,
1791093505,A72fsJX64cS5KxeuCcj3w2xoSa2hSYLzGg3wSw1epump,MOMO,B3p81rEhALWSen2kpGhPiFb676YsxeCSk7GvzhkXMuJH,pumpswap,1790925240,0.000004567,4118.06,4277,4277,0,12.59,687.92,6142.71,0,0,0,2,3,12,61,66,,-1.54,-27.16,-50.91,0,1,1,1,,,,,,,,,,,
1791093507,DSmp1qi6fAGn9Xj4cztBi8B1UJUBoiADn7QPhfEnsFq6,Anon,891v3RKdbE5yj5XDbtvxW71PSm6gFfC2aa8fbGb4XPLa,pumpswap,1790921757,0.00001394,10027.22,13613,13613,116.6,768.98,2145.24,16993.25,0,2,7,10,19,31,202,257,-3.2,-5.34,-22.33,-33.68,0,0,1,1,,,,,,,,,,,
1791093501,3xas9JZy5GP16YSVbq79txxnxDFZznA3TCurrJmGpump,ARX,DAoJ2HK2yspUsP2e2iLneRv9hPJ2T2PAMQuqLDGfrpNy,pumpswap,1790924357,0.000002376,2377.28,2275,2275,0,0,0,0.53,0,0,0,0,0,0,0,2,,,,0.5,0,1,1,1,,,,,,,,,,,
1791093509,G6VTWhrErdU59EaGFpiy3vugSG1UUjrDuaYZ33Kjpump,HER,82ciFLVwfzFzuqbwgVqH9qntUL4QPzNtdC9iRHLvgMdQ,pumpswap,1790923233,0.000006181,5901.46,5912,5912,0,5.87,328.56,3905.03,0,0,0,2,1,26,97,179,,-0.48,-13.56,-29.07,0,1,1,1,,,,,,,,,,,
1791093504,8XeBzEqjBpgZWCdY5WqNiN8j3qbx5WyojSAGTFHTvfui,DIT,F22ZrHKGjkkhq3ZrA6Gz3g1rKVqbfos9tPTeBh54yukF,pumpswap,1790926340,0.000003653,3592.51,3523,3523,0,5.67,22.87,2392.11,0,0,0,1,0,4,19,35,,-0.64,-0.52,-4.97,0,1,1,1,,,,,,,,,,,
1791093502,5YwP7f8VZLD5nX6EDwZTcjkTrnWsQ2yMQRCQmJUCpump,XP,BM3ByNefTixT82z89U4M5rbjj1bzpFrvWABnPtgCA7QX,pumpswap,1790925562,0.000002300,2481.67,2285,2285,0,0,0,5.6,0,0,0,0,0,0,1,2,,,,0.7,0,1,2,1,,,,,,,,,,,
1791093509,GRxEFq8W3G9BfeYDnvAGdQctm1nrhvMhNWB8qeNtpump,ROACHY,9gbhwpVjazeRRWktCRttQaJyZd6p31JG4XN86BX7cyXb,pumpswap,1790925556,0.000002357,2494.09,2288,2288,0,0,0,0.16,0,0,0,0,0,0,0,4,,,,-0.76,0,0,0,1,,,,,,,,,,,
1791093507,DWW2fZ5cBYXJ5qnSf2n2W7GdN5jSuxZ2g6eMj964pump,home,CRCgvWrhrfDQ3bMbRCs9yBJzSDPqhftH79KFBxjxJVrn,pumpswap,1790925933,0.000002594,2602.37,2490,2490,0,0,1.92,15.38,0,0,0,0,1,3,5,11,,,0.45,-0.12,0,1,1,1,,,,,,,,,,,
1791093504,85QAKMntNJmM8aKxBBHiwczs1jyHFBHnF4WjZBrDhc42,brainrot,8dq9ShXaRwgwrDP7NRyZLjr8nDEg7DzEghwXWtMCU1o4,pumpswap,1790927912,0.000002428,2456.44,2350,2350,0,0,0,63.75,0,0,0,0,0,0,1,8,,,,-4.63,0,1,1,1,,,,,,,,,,,
1791093505,9F4BvHppzdwXS1j6JgUQrfu8c5F9K7CQixtqRUk4pump,UPFILL,3frV9zVqf3Gas7gGneQ37M11XQXaLj1xDqazPKMuhht8,pumpswap,1790927092,0.000002482,2497.51,2345,2345,0,0,0.27,34.71,0,0,0,0,0,2,1,11,,,0.14,-1.24,0,0,0,1,,,,,,,,,,,
1791093509,HRhf8umQ5rqxCSD7QrQeeTdoNrLg987wQDTDArj8pump,fkaAI,5f4vR2YC2dAfnadZBrnEp5yCvcV2YjK5tHXvWohdSqfh,pumpswap,1790931323,0.000003064,3037.12,2961,2961,0,100.45,110.01,729.04,0,0,0,3,1,6,5,57,,-8.02,-6.83,-38.02,0,0,1,1,,,,,,,,,,,
1791093510,JERpqiXG9wLuWcbSi51uaqjYzTDd6Tj9VGgpAgik6EW,Netizen,4LykWqvVpE1LmSSYN585EFewvkgFPePnWGojopWsUXPp,pumpswap,1790920802,0.000002993,2951.87,2869,2869,0,3.74,9.34,665.08,0,0,0,2,1,4,8,30,,-0.41,0.47,-13.36,0,2,1,1,,,,,,,,,,,
1791093506,Aq1CMBoKpYaZEigG3AzWoxNnUa4356uhXosYd9enpump,GVF,F4cGKvbHXR356xCMDsydGA52EK7JXNDPbFBegcJUeMVa,pumpfun,1790922734,0.000005934,,5934.18,5934.18,0,245.34,397.77,15496.7,0,0,3,3,8,9,150,182,,0.75,0.63,-64.04,0,1,2,1,,,,,,,,,,,
1791093506,AukhJT5TuGPH9qKL515cVb31vNgmzjnXcQntjtXXpump,DIT,CMoFYkTV1W3VgEv4BZsMVBFDjp29AsM1PRL8Xprj65Gb,pumpswap,1790929427,0.000002472,2708.42,2400,2400,0,0,0.04,22.5,0,0,0,0,0,1,0,4,,,-0.14,-0.96,0,0,1,1,,,,,,,,,,,
1791093507,ERu7vbTVrsevpuMoYmSk2zqBPrhHxU9itTc7FrKftTwr,AGI,Br9htS6a8u5YGxkeE8oc41ZbH89mVMHWgx69XfCWsR3F,pumpswap,1790928823,0.000002854,2974.66,2754,2754,0,0.81,2824.39,3267.18,0,0,0,1,27,32,34,46,,-0.27,-22.46,-24.39,0,0,0,1,,,,,,,,,,,
1791093505,9p9Dzwcsv1P3jMeMPqZTC3ywqgL45qL2R2VkCrfHMsby,SGI,8a96pMnpVyKF5NSyDvbeu2RBSpspSVu4ozfygVAwzWfp,pumpswap,1790928175,0.000003276,3404.34,3192,3192,0,0,137.39,1361.34,0,0,0,0,0,3,14,40,,,-8.44,-23.13,0,0,0,1,,,,,,,,,,,
1791093504,8tPHPus7JpBFcNoAsK2dawE32Ad7WWuJT6cVDV5ReDuF,RSI,C3EnP7Lwo3tE4UmG8ettzysgY3QcsN8fVgC37EehLxXk,pumpswap,1790934244,0.000002646,2624.1,2518,2518,0,0,0,91.4,0,0,0,0,0,0,1,2,,,,2.51,0,0,1,1,,,,,,,,,,,
1791093510,c17N1z7KdUGeUSYyAzxXPYvBT97B29Jm55xfc4N3YaW,JENNYNARRA,7cd4ggjDxn9c81jA5Ba79ChbgCvqvLchg3uGZEi6Q83P,pumpswap,1790932155,0.000005827,4991.84,5620,5620,0,0,744.2,6397.75,0,0,0,0,8,14,102,106,,,-3.92,-46.56,0,1,1,1,,,,,,,,,,,
1791093503,68RUKJSkhT7Z9itn2tUhCzR7t2pbBahqjgG8qbkB5Dux,SGI,Dj5LNTFFCFPEHyA5sFEJgQ8Lrs3z2pHc4ZwLmVYDZD3D,pumpswap,1790929727,0.00002994,16801.25,29187,29187,37.24,1795.47,12586.3,268569.27,0,2,17,21,135,126,1964,1786,-1.64,-17.77,-14.74,-80.35,0,0,0,1,,,,,,,,,,,
1791093502,4ghFqXZdLnakD591oFKhA2tD9q7pSfhBWfkVRs125GGL,SATOSHI,HTGSKCLTjV5HcfMTLKy9xWoKyBkfJV4vTXW7Po9HUrUv,pumpswap,1790930170,0.000002840,2868.67,2722,2722,0,0.4,199.11,885.08,0,0,0,1,4,7,8,22,,-0.02,-1.73,-5.89,0,0,0,1,,,,,,,,,,,
1791093507,CQN2XwiCQh82Ghvp7MBdrpizE81i3WGjrNkdPJgBUEQw,Clanker,ESPD3VaB3pjTrYSQuisjWoFjwCCwFe878Hd4GfEmrewg,pumpswap,1790932670,0.000003040,2982.91,2855,2855,0,5.92,5.92,1434.41,0,0,0,1,0,1,17,31,,0.81,0.81,-5.63,0,0,1,1,,,,,,,,,,,
1791093508,F1xCLUZhi9qH7m3iPvqzUAwFSmindzZwkQrxDSdFiZSS,GTAVI,H51jQhaAhHhi3qBXZZrTSvhQo55gdmA6wZ6jPnkfccRd,pumpswap,1790931614,0.000002662,2651.94,2500,2500,0,0,25.69,26.74,0,0,0,0,0,1,0,6,,,-0.32,-0.32,0,1,1,1,,,,,,,,,,,
1791093503,6VvwKp2wDd7ZfWubTXdXAhr3Z9ME2ta9Y2wPpwghpump,WWM,D8vGXgrx3kn27UhZfBQ4QMRXJh7WoZHSauiN1XctWxvV,pumpswap,1790932836,0.000003058,3029.55,2576,2576,0,0,0,6.13,0,0,0,0,0,0,0,3,,,,0.03,0,0,0,1,,,,,,,,,,,
1791093507,CM69VvR611vNwDVCQ7VhUXAv9kTNak9RxCSvYHSiCyBh,Ouroboros,9mXmePZqTsBi1L4fR6KGyAPtUgmS6XdJy7LRFtFKENoL,pumpswap,1790933567,0.000005720,4862.79,5323,5323,0,0,30.44,9275.91,0,0,0,0,0,2,93,108,,,-1.5,-5.46,0,0,1,1,,,,,,,,,,,
1791093504,8MDW62Jb1zS58QfW2MrWv3dGUZJrgzJMJGBt5iRUpump,win,5BeiMTJE84Uk3yJAsm8GZta1Yc64VLYcdXogKNKBJQPf,pumpfun,1790934497,0.00006739,,67395.41,67395.41,0,0,0.43,1.69,0,0,0,0,0,1,2,1,,,0.51,0.33,0,0,0,1,,,,,,,,,,,
1791093507,ERHB4UysYrY9f7sS1JfKtjZ6q6gZsrxHy4GKpYZ5pump,PUBG,3ErBdH7zcyVteWrcUMvEwAtnnbRrALX2dYVv7PYHnupL,pumpswap,1790934182,0.000002208,2258.61,2199,2199,0,0,0,28.4,0,0,0,0,0,0,1,0,,,,,0,0,0,1,,,,,,,,,,,
1791093501,3kCar7DQx1jkknzcszvhEKT1LvEDC171ChFniGYNZBNE,TRUMAN,5wuoato3e9LR2fHbSPjvN9178A3QqbKbKsbdwLuDwGQk,pumpswap,1790936384,0.000002588,2576.01,2446,2446,0,0,0,64.57,0,0,0,0,0,0,0,3,,,,-3.28,0,1,1,1,,,,,,,,,,,
1791093501,2shsT2KMGVsF3LURpkgzf3GucFizCwsmkF9DUeWgpump,RAPE,HswiXqTeriop4NjQehufHVe5vfUEakpzccS76DJAvn2Y,pumpswap,1790934445,0.0001300,35711.83,124717,124717,0,121.11,561.04,6933.6,0,0,0,2,0,4,59,47,,-0.38,-10.9,51.68,0,1,0,1,,,,,,,,,,,
1791093504,8tyaSHgK5HEi42qHvUwpWKE9t4NCyGxutLV8hACameta,AUTONOM,68u1a7fh9hdy2d3MmujMGrkSdZx3Vqq19Q5M4qRMXCU7,pumpswap,1790934861,0.000008747,6901.2,8289,8289,0,2738.11,4529.57,9382.48,0,0,34,19,52,31,117,113,,13.25,35.11,48.24,0,1,0,1,,,,,,,,,,,
1791093508,EpzFGJXtXtabZnVzM8WFeXvgRFrWSQwGZvpgVJH1EuAZ,Library,CAzLDRhe6v8taMbrqCrqgtdPhbrjHdoWrCE1hpoWRHrQ,pumpswap,1790934833,0.000009207,7181.76,8909,8909,0,999,2210.43,28877.49,0,0,13,5,31,29,340,323,,1.07,-26.66,-46.73,0,1,1,1,,,,,,,,,,,
1791093507,EFvdLptvhf8nG9rzzgtuVMguHvSKjLH5Gmt1bZp77kVA,SAM,GKfxKpbDJiCWyxfZoJbzgUrsisc7g5Krv9SxpfEWPMTv,pumpswap,1790935266,0.000004797,4699.06,4647,4647,0,894.91,959.36,5218.23,0,0,10,7,11,10,59,113,,23.63,19.63,-28.55,0,0,0,1,,,,,,,,,,,
1791093501,2impoKAog7wGw2frpzDdFFCeq7XkKHtUUvLi9ygwpump,Vortex,6Gd9ayiyjo3eJEHnQFCbY3TYrkmS12WQBUXE46miruYX,pumpswap,1790936249,0.000002164,2208.68,2153,2153,0,0,0,1.37,0,0,0,0,0,0,0,1,,,,,0,0,0,1,,,,,,,,,,,
1791093504,7NELwkCyL2crujChTgtdKpR1jn2UHTe115v25rUSpump,OnionWeb,F5jQWstPUV7tfHDZPrHjg81ynev62VMV8qWMfgsnbDS2,pumpswap,1790937829,0.000004569,4460.64,4090,4090,0,0.28,157.73,2024.95,0,0,0,2,3,10,24,104,,0.1,4.31,-14.58,0,1,1,1,,,,,,,,,,,
1791093504,89PNM5oG8RkTSbnRKySNX9HSXXKtVSBDyF9X2Rf5pump,wwg,21Q2MZcKAxCvYqYdMNYv7BF5tAq8Vxh2NHXfgFLmAyqV,pumpswap,1790936706,0.000002240,2361.73,2225,2225,0,0,1.26,1.26,0,0,0,0,0,1,0,1,,,,,0,1,1,1,,,,,,,,,,,
1791093502,5R7EZqAQxm3AzxSVgCMcBLxPdkQbsX5MEJBybGvCQocf,SISTERS,5f6FYEkyGvBMEcrbbvcETAR87n84fkg1AXaWVsuQqMoN,pumpswap,1790946274,0.00001843,10453.36,17730,17730,0,373.01,1717.64,34846.57,0,0,3,1,14,20,315,273,,9.36,-14.18,9.35,0,1,1,1,,,,,,,,,,,
1791093502,5cvUXei9SCWo5vjKnTarVWbQMAFhKMSZcRje54izpump,LANK,8CV5MLyQ8wYGVBuos93xWhwNvYJ7BnXCzj529CGY49kZ,pumpswap,1790873967,0.00003909,16160.31,37879,37879,0.98,70.12,1284.69,23826.62,1,0,2,1,12,11,233,147,0.66,1.88,-5.92,81.7,0,2,3,1,,,,,,,,,,,
1791093506,B9mjRdHKf3rr7FDBjDpYCgUJdnLj8CcukNNYe5hUpump,Vortex,BmHwyb5T91Zv4ZKsXVa4LRVEBQddntsamEoznKikqd19,pumpswap,1790939726,0.000002193,2253.65,2183,2183,0,0,23.32,23.32,0,0,0,0,0,1,0,1,,,,,0,0,0,1,,,,,,,,,,,
1791093500,23Qh7W7ZdXXVJarqprTjuVKBQH1vpqfU6R3gXY4Zpump,SATCHI,HHPasf43Qyng5ivS3oAAxSksPnrxvLVhuyAvxiQzEZcC,pumpfun,1790940755,0.000005629,,5630,5630,0,0,61.42,61.67,0,0,0,0,0,1,0,3,,,-2.48,-2.22,0,1,1,1,,,,,,,,,,,
1791093507,D4KmLi3zAUawZFQUWQQodwiWTudtUBDu9FdoCSxBpump,Mammoth,G3oJpybwGyzpyifaQsXpx5JzXXUZDjfoQj8Kvv5tVHgh,pumpswap,1790941721,0.000003555,3367.51,2726,2726,0,0,0,1.97,0,0,0,0,0,0,0,1,,,,,0,1,1,1,,,,,,,,,,,
1791093501,2y4XLBAdpD1bnf38KXLdBQvCUp7E6GWaf3ooSMMJf5Cw,MEOW,7ZFqw3eomCjXpAYVFv4amhwaCPGDkwuCZjwk3XqE41Eb,pumpswap,1790941605,0.000003517,3485.83,3419,3419,0,0,11.23,258.78,0,0,0,0,1,5,3,26,,,0.34,-13.39,0,1,1,1,,,,,,,,,,,
1791093508,FFtp6pxteF52PX3gryHrhQdxWze23Qzh7vC3kKzVpump,PUMPFOLIO,EGVugw6Fu1nHCxUkx4urwz5gfXzZyzHbmMdZ3PYhDd74,pumpswap,1790950201,0.000004236,3889.88,4037,4037,0,0,29.89,1737.33,0,0,0,0,4,2,47,45,,,2.15,11.42,0,1,1,1,,,,,,,,,,,
1791093510,JCsKWhELRJ8MhEZjUDdCL49mntw8fx27bKAgCMgSGhcQ,SAM,FSX1VaQ8kWRmrY8S5SpCxU94Q6WKUWRP1yJkUS9GYwpK,pumpswap,1790944284,0.0007274,84947.85,645821,645821,15616.17,241701.54,958599.28,1983870.86,53,72,1175,951,4499,3965,9835,8563,7.47,-17.2,206,1908,0,1,1,1,,,,,,,,,,,
1791093508,FESndbiwyTH1i1itf3FxV9HCKFNy5U9RnFp8ER8nwPgC,CATGPT,Gp2ZMrbfbQBDYuwLdGV2rmdqUW1xs8ogudtnSMi6Ede2,pumpswap,1790916727,0.00009595,28402.25,81201,81201,1075.82,13464.39,87297.87,552023.23,9,3,80,73,599,526,3560,2817,3.55,6.06,45.92,488,0,1,0,1,,,,,,,,,,,
1791093510,XLBLxbY1Mr7aadnqAbmqSBXLEyUdjvUXtXCnz8Mpump,SOCKET,BA2YYZ4YUKsMCMDGpqrV5FQiotGnyKrc571pFhc66Gje,pumpswap,1790942605,0.0001626,43261.16,158680,158680,1735.81,12732.96,106828.41,2044054.66,8,8,113,122,796,1165,9437,10165,-6.63,-24.12,-49.03,-76.07,0,1,1,1,,,,,,,,,,,
1791093505,AJPertGGMDmM75fb6jiB8MPfFu61ouLDtW6UBvf3pump,BRUME,H7pt7KK8pB8xHwpF9DHrgdZsZb6yBjZHhGiUkigyaXwZ,pumpswap,1790942221,0.000009334,7376.16,9123,9123,0,337.51,2024.23,15843.34,0,0,11,1,39,29,257,249,,10.91,33.67,36.91,0,1,1,1,,,,,,,,,,,
1791093511,jSC3hfcrTcxQzRQ3DhbhQvjB86z8ubFY5N6BsGw38pu,TED,9o8T7xsGspSEirqinPiiDhX5dB57pTV7kmevxPzWsPdZ,pumpswap,1790943519,0.000005313,4627.73,5058,5058,0,11.81,76.39,9202.1,0,0,1,1,3,3,109,124,,0.95,3.91,-13.37,0,1,1,1,,,,,,,,,,,
1791093509,G7k8YPnJL6jKmA1H5Pt9sPLXhcd6YXjexHgmRQ4zpump,TOKEN2049,8E1Zcg4VqnNetv4Pp6fVyYRFbDqUj3RueCcSyJM8sSSX,pumpswap,1790943935,0.000002399,2622.48,2359,2359,0,0,265090.18,1306439.48,0,0,0,0,3818,4542,30549,19141,,,-99.92,-99.85,0,0,0,1,,,,,,,,,,,
1791093501,4QqY2xeyStveGr2sAgTPUYH6Jf7xEjZjf5ygkieKpump,DIEWORK,G1ruGEadUBHVNDUqh3HSbKRMPz1ZEPgucLajS95yxHyp,pumpswap,1790943726,0.000002498,2544.01,2425,2425,0,0,9.6,17.01,0,0,0,0,1,2,2,10,,,0.74,0.71,0,0,0,1,,,,,,,,,,,
1791093502,5Uu3LJg9zDmFL6y13fXHUzAwP4U2Rz3eXbp8R46Xpump,Google,4eYjvH1XTTYjmW8bgPG4PM6XSp6UXnKNkxqHK4XnzYt3,pumpswap,1790944742,0.000002148,2171.57,2138,2138,0,0,0,1.52,0,0,0,0,0,0,1,0,,,,,0,0,0,1,,,,,,,,,,,
1791093509,FtPgCJkZhb7RLVpU5ysH2UPTFwtRYb3EriABP1EHpump,Morrow,8wxUZ8MfPkg6d48Y5nB3nAvpUi9H3MCvSKCHQJGN1yK5,pumpswap,1790946357,0.000004504,4151.71,4343,4343,0,0,221.68,2707.2,0,0,0,0,0,7,33,55,,,-12.09,-33.69,0,1,2,1,,,,,,,,,,,
1791093509,HjtrhQgF6MZWmuok2U7Y7N397bVCueEd5mi9cceMpump,CLIPPED,Gw5uBeP1UNn2pnv7Y5wS8429Bk1f91dhiXin3jk56eUz,pumpswap,1790947952,0.000002359,2354.92,2259,2259,0,0,0,23.42,0,0,0,0,0,0,1,1,,,,-1.32,0,1,1,1,,,,,,,,,,,
1791093507,DDGPxc1kb2EFV5zmwznRQGkRdmmSuuHffths1NsEASY,CNDT,9CoLVPU5AtQagVnk3hp3Fr6KVNVYWVYhKBRThKeHEXQE,meteora,1790944850,0.00001479,11214.34,14795,14795,23.02,23.02,1119.63,27924.73,0,1,0,1,15,24,297,222,-2.12,-2.12,-17.63,8.7,0,1,1,1,DYN2,,,,,,,,,,
1791093510,aimWi843dwsu8FpqoU8gWHcdNLBao3UDpiCpvTnpump,DOTF,ddLTDEafD1JS3VCya6Cgzx1pbQaQY17EJKxWj1cwVtb,pumpswap,1790947300,0.000002655,2657.96,2655,2655,0,0,48.77,73.56,0,0,0,0,1,1,6,6,,,5.07,5.87,0,0,0,1,,,,,,,,,,,
1791093504,8ke6hMvsqxoZWGcDWxuEQyUTC5Zc4mXhDsbBAsAaKUDJ,SITE,HiNyEgRxdWMuGwWmNEZKR6ivAhqk9uXgJacMN6VudAT9,raydium,1790947358,0.000002512,4771.26,2513,2513,0,1.96,4.83,111.77,0,0,0,2,0,3,3,16,,-0.2,0.4,-7.97,0,0,0,1,CPMM,,,,,,,,,,
1791093503,62xXDGjFd1nzZkuAXS3hwMy7wpNkJg24BjByRpQ7pump,Pepecoin,2XHCTZnkE8iCL25meqyvEcJfwBUo5VpmfkTdvYWo8Rjy,pumpswap,1790947299,0.000002860,2814.31,2434,2434,0,0,0,0,0,0,0,0,0,0,0,3,,,,0.28,0,0,0,1,,,,,,,,,,,
1791093501,3x2NqY94bxePELsKqF3yn94iRSk8NvPd7MndeV1ypump,HUMAN,GcWjNuxysNJGb3kgZ46UmsjVSwuPNF6PwkEJNi81AL22,pumpswap,1790945949,0.000004498,4476.71,4360,4360,0,0.66,18.72,4742.23,0,0,0,1,1,9,60,131,,0.14,-0.02,-18.44,0,0,2,1,,,,,,,,,,,
1791093501,3QVhc5zfYrGNxc1NYwjvJnXxehxtnrwRMqDvxPN9pump,FOMOAPI,PQUKmvMJW2nqc63gohEUguiaw5YwYqoY36GeynP2dGg,pumpswap,1790947940,0.000002644,2621.36,2426,2426,0,0,2.47,10.54,0,0,0,0,0,1,0,2,,,0.27,0.27,0,2,1,1,,,,,,,,,,,
1791093501,2pki9gZ4BGjYjD8eLeyrw8Y6ZxJtsKo8XoXbUovkn1Js,DOG,8wrqNam5rYkwh2DY8x6TqKPkVYV1jXLaMDZ821AGgc7y,pumpswap,1790947939,0.00001297,8448.34,11378,11378,2.96,90.67,7825.18,54517.12,1,0,4,4,66,58,512,471,0.17,1.34,2.48,4.72,0,1,1,1,,,,,,,,,,,
1791093507,DNSnAA99jrVUCg4GvL6LEVfFHBnGpnWA2k3CkRvZpump,WISP,Eba8gxzeDrXpo6ZtMK18sSpTuwF9KUWxPy6EXFB7ERAq,pumpswap,1790947339,0.000002785,3106.76,2697,2697,0,0,0.04,32.31,0,0,0,0,0,1,6,17,,,0.18,-0.19,0,1,1,1,,,,,,,,,,,
1791093506,CDyNcxpSMMoWrXQgW3FHNzvHNww8aKyqzBRtb31Rpump,AIc,ABRYNCib5uQ1aTVdd8SyxnbjLaiioJkszdpTgag2HaV7,pumpswap,1790948978,0.000002740,2752.62,2400,2400,0,0,0,0,0,0,0,0,0,0,0,3,,,,0.28,0,0,0,1,,,,,,,,,,,
1791093510,ae86F9URKdFdj937YjFE6vUJByo54Q9mMkfMqdTpump,APEING,BecPfbup2c8vzLwQek6TbTypSanZADyUaz9jtwA9juYh,pumpswap,1790948462,0.000002174,2187.79,2161,2161,0,0,0.27,4.89,0,0,0,0,1,0,3,0,,,1.22,1.44,0,0,0,1,,,,,,,,,,,
1791093505,9JTmrmD2CAtFknRvQR3td3UYSpcSRL21xngjtLnNpump,GIGACHAD,3DdEqdhu1va8yydqbUyKYoVVmn4dznnMZPpa65Gxq7fT,pumpswap,1790951090,0.000002947,2977.63,2790,2790,0,8.67,8.77,403.14,0,0,0,1,0,2,2,24,,-0.11,0.52,-2.67,0,0,1,1,,,,,,,,,,,
1791093509,HN1KjpxdrWKt3rzwAQ6dthvKcUoUtSk58AZb61Xipump,SUPPERINU,5jBRk6XtWk3zmeU2TajcvXsko2EpdNtqNPNUvpc5NYwd,pumpswap,1790950513,0.000002683,3012.04,2655,2655,0,0.17,63.31,67.93,0,0,0,1,6,3,9,4,,0.16,5.03,4.24,0,1,1,1,,,,,,,,,,,
1791093502,5ERm91cZU23D9Ymb539AhtBgbkojRaza89Dm23h3pump,SPARE,65pnVZp3SXbMS3JT8qQSGK2MxopUmcgtDTpoxQzEziB,pumpswap,1790951800,0.000002478,2476.34,2353,2353,0,0,0,26.91,0,0,0,0,0,0,1,5,,,,1.48,0,1,1,1,,,,,,,,,,,
1791093504,7CTRbkV1tVuq1f59pRxT1Pb2W5AHG4gM9FMH4rGzKiXv,si.gov,AZuZuTjHimKR4ouHwrZr4Aeq7acALBmopkvpCxyBJNRc,raydium,1790949949,0.0002381,45580.18,238119,238119,159.72,6481.72,22226.83,170479.69,1,1,68,44,176,145,1328,1000,-1.35,2.06,22.86,50.07,0,0,1,1,CPMM,,,,,,,,,,
1791093501,3st8R9eftjF5GnuhaeeMNGSKMFQbBxFpKg1ZrKh9tBaV,MIND,5rRthU5Ns2eR92ocvCKnpwG6P36c8RM9KEnL8d1gcVwT,pumpswap,1790944149,0.00003124,14543.41,30019,30019,0,8108.42,46395.9,307454.35,0,0,99,66,491,426,2538,2034,,-15.48,33.59,211,0,1,1,1,,,,,,,,,,,
1791093510,HvRdz7YWW1ksGU9gAH4TzfHccjAoajXg2Rp4GXhsdMCS,AI,HMA4mobg9tRvT1tQvgkv2EGXRBFCkx1Huje4DPhN6pGQ,pumpswap,1790951795,0.000005726,5366.47,5617,5617,0,0,377.02,12521.68,0,0,0,0,4,11,181,154,,,-12.93,-3.97,0,1,1,1,,,,,,,,,,,
1791093506,Am6SB1xhuwyv6hENfR2uHj2fvKeo87KN8vVw28RcrmEa,Cassie,CeRmxAsiigonctygud7ict1dunHKrd3ztXfmTdQX9ZTz,pumpswap,1790954777,0.000007071,6542.27,6915,6915,0,74.64,686.23,18764.53,0,0,1,4,5,26,200,284,,1.42,-18.8,-62.25,0,1,1,1,,,,,,,,,,,
1791093504,7oNqxLCwfggUUEfjHqg6KDwwnqYjfDC8L4emV6iMgHej,WIN,DXw6RTBzck1NG1CxHh3rpeYwHhaS3dJ8Yy1rD22h22N6,pumpswap,1790954213,0.000003048,3162.22,2955,2955,7.64,21.77,45.46,702.2,0,1,1,2,3,8,18,53,-0.45,-0.22,-0.94,-20.07,0,0,2,1,,,,,,,,,,,
1791093506,AsoVfPHWY5YHCpc4aMzUcMENVRaC9Rjje94BpkxcW2VE,BLOBBY,EEUaf7rxYuUa8L2BNV2k4T5ahLYHKxefkB17W73okjFW,pumpswap,1790953326,0.000005797,5424.5,5434,5434,0,0,4.07,69.17,0,0,0,0,1,1,1,5,,,-1.69,-3.45,0,1,1,1,,,,,,,,,,,
1791093504,7jL7HbPLV26jdwdhqmtxByUb6Ykshehq5GjjtmYtpump,SHILLR,4dREtLqXqb1jzEcsKkV8SapDGx6WJg4EveFKJwMyRD2S,pumpswap,1790953747,0.000002449,2450.91,2329,2329,0,0,4.13,10.08,0,0,0,0,1,1,1,5,,,0.17,-0.18,0,1,1,1,,,,,,,,,,,
1791093508,FBtPrfHU7qZJjgtG5Ljj4gdxKxx4JiEKwAgHtM1py2eG,INUINDEX,BAvjCjU6GBuwYy4rtrj6u3qS7onCTfyubHUdPfpEc715,raydium,1790947769,0.00001019,8494.85,10200,10200,21.01,436.85,4064.1,28551.71,2,2,38,10,85,47,292,255,-1.1,12.49,-44.63,2.35,0,1,1,1,CPMM,,,,,,,,,,
1791093501,42UmhgRdQfuG5uFCjyvCpssNf5urVsT5UJqkgwaYgr1W,PULL,8ty8nNBc7wcw5YooP487rnirBzVGTLJkygRj52YFBXuL,meteora,1790953511,0.00001120,9610.08,11171,11171,0,488.38,998.43,88081.08,0,0,2,2,7,11,639,504,,-7.08,-19.86,36.48,0,1,1,1,DYN2,,,,,,,,,,
1791093507,CiAszaNZULwaVAb1FdSWtKSvjVcHu9KcNCaBdt9cpump,ARTCOIN,HQdvkZCmYGqjYRizXt7TC1Zc4BA2hLWoEorkEDzM4CyF,pumpswap,1790952982,0.00001190,7890.78,11367,11367,0,703.94,1343.14,11320.64,0,0,6,5,19,25,84,103,,11.26,22.96,-17.87,0,0,1,1,,,,,,,,,,,
1791093501,2ajCoACqG6y5onCVcL8chbHWNSymSFQvDLqxT7Hzpump,LOOMER,EzhAK1VXmNzdpA9bs5Cci1D6fP8h8miYidEjkN8My2fa,pumpswap,1790954395,0.000002322,2329.2,2229,2229,0,0,0.46,0.93,0,0,0,0,0,1,0,2,,,0.59,0.59,0,0,0,1,,,,,,,,,,,
1791093503,5tckuF9AczEH59JtQA1DX72ATzSR6k7k8Nt2jhHtpump,PERRO,3LQHsRutvPtck79jLJt8QxKbSqB6ADesPGXJQcbsWs9h,pumpswap,1790954148,0.000002583,2881.94,2499,2499,0,0.51,0.51,4.67,0,0,0,1,0,1,0,3,,0.95,0.95,0.76,0,1,1,1,,,,,,,,,,,
1791093502,4jdKhCf5TifzDEZN39gXzcoDMEpTARy99WPSGNGopump,TOILETDOG,4kbs4bLpKuRsHhqo4stEvsAeun7fMrL9inQw9q8neH1F,pumpswap,1790954500,0.000002938,3467.9,2821,2821,0,0,11.38,11.42,0,0,0,0,0,1,0,5,,,1.05,0.03,0,1,1,1,,,,,,,,,,,
1791093500,2AKrTTVNsxhHV2FLNBWUBv6W6Vq35VJMuiAhjsKjpump,ANON,FYKNaNKGfqR5RYSKcX56ijvYKADGekefnD9p5x97wFZ,pumpswap,1790952843,0.000003337,4142.12,3316,3316,0,0,58.54,2094.95,0,0,0,0,8,10,66,70,,,-2.45,-24.28,0,1,1,1,,,,,,,,,,,
1791093508,EXpcefxiFG9FomELkRpWWz8x1ux7H5FeCVrfySR1pump,EVILFOMO,BHLfQgCmVmytNMD78jXQtd7xbVTEXWtezQqdziEk9nbL,pumpswap,1790954376,0.000002427,2578.1,2342,2342,0,0,0,3,0,0,0,0,0,0,0,4,,,,0.71,0,1,1,1,,,,,,,,,,,
1791093508,F1xMp7RdfGRfmBWtwB9P1airCGQDAtLCuMo1e5d2f1hv,BLAST,9P5RGHagCMvyugeweimABfjiuEXGpyB2Qta2Agok5Ejk,pumpswap,1790955714,0.000003000,3111.28,2915,2915,0,0,15.96,3300.78,0,0,0,0,1,4,52,61,,,0.02,-32.82,0,0,0,1,,,,,,,,,,,
1791093502,5YpxZx5vVVTSEQ9qHhjeTXgoXW2SGxQSczSrDtkHpump,PACT,8qMScky4rzEw4cc8wtbLCs2AEiVRAFaZKKeLxRpAzTKm,pumpswap,1790956474,0.000002427,2420.15,2273,2273,0,0,0.54,4.77,0,0,0,0,0,1,1,2,,,0.57,-0.73,0,0,0,1,,,,,,,,,,,
1791093506,BAhHTyR2oGXZyCweHp3cfd2BC5p4nTX7XuQNtCB6RKHf,SpaceX,EPX71kVLpJMkkkvr6bz93cVbQJpfDEYtKTK8shEG1n8S,pumpswap,1790954049,0.000002165,2197.84,2153,2153,0,0,0,1.2,0,0,0,0,0,0,1,1,,,,1.34,0,0,0,1,,,,,,,,,,,
1791093503,6ujCFTQY3mzrtt5wmprFrgfA3nYyPGid3SNvmiiGt7x6,BULLWINKLE,GFW9GjQWFqRaQqUV7vKqkipSDUXhygSNyh832zTjJjwZ,pumpswap,1790957404,0.000006804,5758.22,6358,6358,0,116.06,1532.53,23659.01,0,0,3,0,26,27,336,363,,6.47,-33.87,-70.64,0,0,1,1,,,,,,,,,,,
1791093503,6WqaLfa39S2tEpvxquYudUofMzAqNy5ZYr9DzkHdpump,WWWCAT,GpF4fB74X9Tzy2f7nKtUZoU9vzdDNKppB2Brex9DKnPa,pumpswap,1790957054,0.000002373,2519.6,2331,2331,0,0,0,14.19,0,0,0,0,0,0,1,2,,,,-1.17,0,1,2,1,,,,,,,,,,,
1791093502,5krNQZMsiM7qT9KhzettHKEamQDUxaPEP8jCpjdQpump,pumpcat,TSq71CzLbZmqBPdjKtwoNJtoUgbbZqUHUaydzhSGrxf,pumpswap,1790956509,0.000002388,2587.62,2352,2352,0,0,0,4.06,0,0,0,0,0,0,1,1,,,,0.97,0,1,1,1,,,,,,,,,,,
1791093503,6fK5ohw22QHti86MQbcbty7rsW7xKTBjjjx7XZ7oe23V,Met100,7ZFtpHH2ByHTQHybumG4E3exKJ58sJ9mLTnZSoUqmjox,meteora,1790956763,0.000002638,4640.7,2638,2638,0,0,6.16,311.68,0,0,0,0,0,2,10,23,,,0.1,-4.8,0,1,1,1,DYN2,,,,,,,,,,
1791093510,TEX8ns7HJ697ZXsXxP9uX7jv1VChGxmg7daZtzjUSpa,CORTEX,4N1ZPAmFAmwdP8kiThydSjVTW1dT6kU9HnSLaQTS5C9J,pumpswap,1790957025,0.000003139,3070.85,2995,2995,0,0,2.61,150.24,0,0,0,0,0,2,2,21,,,0.26,-11.42,0,1,1,1,,,,,,,,,,,
1791093504,7keARBfdz79MdMTf3fZrswyvLgAs3Qi8JiRmy3u2pump,SR,AAh3sFjQVobLzSEReScwdAk3ahTucKUafQhgWsqGQBqq,pumpswap,1790956454,0.000002806,3175.91,2756,2756,0,0,21.98,96.13,0,0,0,0,34,12,105,49,,,2.24,6.27,0,1,1,1,,,,,,,,,,,
1791093507,CxjdQW3ssu23fPwtJqMr7biVH1j7xwzUwb3vPTMhpump,GRANDPA,AiKu21Rg1aDzVsevCkZh7knuMparYKWGdCoRiygSew3k,pumpswap,1790970995,0.000005717,4854.39,5432,5432,0,385.05,497.38,32949.6,0,0,0,3,3,5,400,415,,-19.7,-20.76,-60.87,0,0,2,1,,,,,,,,,,,
1791093510,ViUYyaji4grdaJh9X8gnKq5tpd1RDynPu7kmkDPpump,Steam,Bi8tvF1fAbXrhxu5a9mRrojHHkuq3zh4T1oavdMLhWVY,pumpswap,1790957973,0.000002376,2388.06,2231,2231,0,0,0,0.12,0,0,0,0,0,0,0,1,,,,,0,0,0,1,,,,,,,,,,,
1791093503,6jZ7huKG82w1TrAkGAudCwBKz7LiWL4asVwBgyjCnTxh,Moose,BCk6C6pccmUSmzfopzkWRZ8CnY4cGFasutxaXcKKSUER,pumpswap,1790957224,0.000004086,4351.67,3973,3973,0.38,4.55,70.16,9081.02,0,1,0,2,2,11,45,130,-0.11,-1.17,-2.77,-1.99,0,0,1,1,,,,,,,,,,,
1791093510,gGZwv7j9mEJTq4rKVkp7X9Er9iR68bPViauY5q4pump,Skydance,CS32dTdo7Dvh1waM21Lv5sn3qSxiSQsmezsnPfKkJT4y,pumpswap,1790956533,0.000002231,2247.1,2214,2214,0,0,0,55.73,0,0,0,0,0,0,3,2,,,,3.36,0,0,0,1,,,,,,,,,,,
1791093509,GZw7LxHtQKSQ1YsGnpNH7SovnBF8X6poYgavHwrmRekp,MASKCAT,G7QKTr9Lr3pF44Kp6ALkW8sExiGDXbG2JaJtzRtUKK15,raydium,1790519021,0.0006024,98866.97,602420,602420,98.24,2587.18,32950.26,246855.11,2,1,13,9,151,85,1209,845,0.61,9.74,-2.62,-1.5,0,1,1,1,CPMM,,,,,,,,,,
1791093506,B5bKnQXYr2NtkSY7PBVT5LnSx2fLgdrtPWYvjZKJAPAY,PAYPER,G5heXEUXLPXGZyNG7P6uyFz6upTZk3PRoQwrb73iSc3A,raydium,1790956848,0.00003243,28873.99,32436,32436,0,7.65,954.06,12934.87,0,0,0,2,4,16,70,132,,-0.12,-10.92,-27.67,0,1,1,1,CPMM,,,,,,,,,,
1791093510,cSn8JKyeeoqLuyif6MFMiwhnjaDKoaYttr2Pox699RA,CONVICTION,3YE3hncPDJm8dyLXSLaPKqwtD7iqwu7y4sZNpHNoHqKF,raydium,1790956335,0.00001460,9796.32,14601,14601,0,29.03,32.05,4313.87,0,0,0,3,0,4,12,43,,-4.25,-13.3,-66.04,0,0,1,1,CPMM,,,,,,,,,,
1791093509,G8L93Qtyyid9nBwhnXcFwLHSyBa3iVGrTJ35JFkLpump,Anthropig,4WE67R3Epn2Jz2Z1UrvJcuuzuGJQTbWwE6kc686XJZUS,pumpswap,1790956458,0.000002270,2410.06,2249,2249,0,0,0,24.89,0,0,0,0,0,0,0,2,,,,-0.95,0,1,1,1,,,,,,,,,,,
1791093504,8hqPzBRtRW7m9wqTDRzF4vfQpuLNk69rkh8DEzhrKwo4,BELL,G33iM8rJB7CEoea4SrV1cEnJiTViKWRWamY2KPsaQPor,meteora,1790954372,0.0001791,38803.26,170609,170609,81.77,1117.8,8261.72,150995.83,2,1,6,4,50,49,447,363,0.89,11.07,3.34,291,0,1,1,1,DYN2,,,,,,,,,,
1791093509,G9p7h8bRUMFjZBDZ9Q8Sv3mQmDLJFiYPTLKrNzzFGn6B,MAZK,3c2L6XtjMuAFfT9qirHiYJg75VdqKaDyoE39pFRcETUG,raydium,1790956759,0.00002384,14898.55,23843,23843,14.96,31.18,529.45,11012.33,0,1,1,1,4,10,56,95,0.05,2.52,-3.81,-22.09,0,0,0,1,CPMM,,,,,,,,,,
1791093510,JC7mHcekQi78MyAE6YttG6J9QDMcmNuWbCqwcch3XsKW,Codync,Cw3U3Wjen4JkayTo23ozYkXuoEBQ5rRkEjYC5pN8J5aP,pumpswap,1790958387,0.000003097,3027.04,2918,2918,0,0,3.21,9949.93,0,0,0,0,1,1,109,116,,,0.87,-10.62,0,1,1,1,,,,,,,,,,,
1791093507,ChnjqZabVCTWYxU7YF6BbJxzZek2NKgmDNkGXSqKpump,$XALL,J68Se8nQB6dwWr8A4cyvhkHQUuVpmDHyYJuspN7qtKDP,pumpswap,1790959059,0.000002478,2634.24,2449,2449,0,0,0,99.9,0,0,0,0,0,0,3,9,,,,-3.45,0,0,1,1,,,,,,,,,,,
1791093504,8dBnKHwNYH3hz2fFTJczVwzBTpJFAMtc53k3uA4zpump,FILLED,A8JMWc6ijm7dUUBFTgRcPG9hqGsN9gipKj39q1hbhQZk,pumpswap,1790958086,0.0004266,78917.65,413787,413787,5549.62,20113.74,159848.74,775273.44,8,17,73,70,829,627,3728,3476,11.82,2.93,-9.74,-56.71,0,2,1,1,,,,,,,,,,,
1791093501,2bs4mEZsUuNGkYeFsGuQ2YP8rTyNkqnwR3MerHZEGRSE,callinu,7RgF5HdMJydAV8s3FiCBVPEjkX9E3eaJbM2fuYFNx41Q,raydium,1790955960,0.00002042,13635.66,20425,20425,0,31.84,1673.78,53036.6,0,0,0,2,14,38,382,425,,-0.94,-10.93,-41.58,0,0,1,1,CPMM,,,,,,,,,,
1791093505,95WF7wLb9gcET9kGYp3wSXekSdrYceLmJHSXonetpump,CATFLIX,44qvqXhiGiQifTKkENRRLyDPEDkYNC92cyepMzHwBhMU,pumpswap,1790959562,0.000002395,2587.65,2354,2354,0,0,0,1.08,0,0,0,0,0,0,1,1,,,,1.38,0,1,1,1,,,,,,,,,,,
1791093506,APxxh2tWCh95tbHitFJchcdbMsctSBgRS2Zzju9Bpump,JUGS,G4ac6W2sJgqojixx27b9ioDa6hW6tGm9ZVRXHSZNjWzm,pumpswap,1790979223,0.00008553,24922.31,82076,82076,495.32,23146.14,24328.71,30812.87,2,1,724,698,758,718,787,768,6.08,17.82,36.73,45.26,0,1,2,1,,,,,,,,,,,
1791093508,FHdxi5H9gvfA5Dp56M8nWC9jruDtcPKT3sg7wmongHPo,Bili,7nV7yWsHieTvSzLH1WKVk8FLc8PB72vaijQ6Ud8foggZ,pumpswap,1790961751,0.000003134,3187.75,3030,3030,0,0,32.9,953.5,0,0,0,0,1,1,19,56,,,2.07,-13.76,0,1,1,1,,,,,,,,,,,
1791093505,9cbDbgUNQbBjWDoVSL4SdV9LFBjNQ6ZriEfYUGUqpump,Pico,HZCfBpAS9okgnXPfzRdK4J4BMvFVhJnxN7r3ifYja8GT,pumpswap,1790961495,0.000002809,2855.91,2699,2699,0,0,4.1,99.9,0,0,0,0,0,4,1,35,,,0.66,-6.06,0,0,2,1,,,,,,,,,,,
1791093500,25PcSP8DwTBtgtzGK9rcUKsEqcN95VmtPwzARKpjpump,FELON,G4pcesaXEnzAc77RZ68chZ6AtQMJZDB14hjKZZUHfGMw,pumpswap,1790959964,0.000007855,6780.88,7507,7507,0,5.09,42.6,13889.43,0,0,0,1,6,5,163,132,,5.89,7.06,51.55,0,0,1,1,,,,,,,,,,,
1791093503,6jmJbuPy6m5ZqvwbvGp21iT3b7ebG6AEhsy4jER2LYFm,FISH,GL6RAWLzUY2hzoekbUtJbuVeGiuCCPnsLv1yq8kAt1A4,meteoradbc,1790961263,0.00004901,,49011.58,49011.58,0,114.73,1552.88,36805.09,0,0,5,7,47,133,319,1675,,0.19,4.39,-43.07,0,1,1,1,,,,,,,,,,,
1791093505,9jUKtKNSHXhiSb97FnwPMCxN6M5Wcvg7LKksmb43jP1M,BURNING,2fLKmJNcqApZm98WpM8akAiJd1PR6jm1NtXK8CtNvnaY,pumpswap,1790963149,0.000003189,3092.13,2820,2820,0,29.18,33.04,1624.32,0,0,0,1,0,2,11,22,,-1.18,-0.34,-31.91,0,0,0,1,,,,,,,,,,,
1791093503,6DrVZ746mG3ccccVLpX4ZdCjnVZt5LNzrZJ4GeAhpump,pumpjak,Dxd1sTnuoYA9m1Yhmuctk8zrR4NGHAugNMgruoaRAeJR,pumpswap,1790964388,0.000002961,3423.58,2884,2884,0,0,5.76,30.31,0,0,0,0,1,1,2,18,,,0.05,-1.42,0,1,1,1,,,,,,,,,,,
1791093505,96mZLgQjGXtLj3oKWr2CV2dnfSmabLA23LjE8iVUR3WG,Lemon,CLx9DANVKhsr1j87o2gPqr5ynzTsqSs7MG9dLPn6sY2t,raydium,1790964974,0.000002934,5186.1,2935,2935,0,88.76,284.72,1280.69,0,0,0,1,2,4,11,26,,-6.69,-7.28,-19.26,0,0,2,1,CPMM,,,,,,,,,,
1791093506,BJzk9dSj5iQFTrSJT93tVztHFMzP714NoYeHFfPzb1Bi,PUMPKINCAT,CBXgR3suNnAadba8nSrm53GA4w4PSsQBsavST7AyZBzM,pumpswap,1791055469,0.000003115,3023.41,2942,2942,0,0.09,74.8,26224.64,0,0,0,1,2,11,290,416,,-0.25,-4.64,-93.58,0,0,2,1,,,,,,,,,,,
1791093502,5R1XNfbLqGDe7vzrNLKMqM7zyWmd2Savrt3QfGyGpump,NIVI,5MSZjg9EhMGBWp5crjAjVauDCE5ZNSz88y7GvjGFMuTi,pumpswap,1790964116,0.000002502,2710.48,2463,2463,0,0.12,16.99,88.96,0,0,0,1,30,11,96,40,,-1.28,0.47,3.34,0,1,2,1,,,,,,,,,,,
1791093504,8hr5NVzUbRWaywAPgiQgaarzUq9j5uCroZ3rLft1pump,GROKCAT,73HZef2stkkqdMjUMgefneZGtam5aAr1d59A3W9Equmo,pumpswap,1790962773,0.000004011,3970.47,3944,3944,0,3.34,143.11,1150.13,0,0,0,2,7,9,47,83,,0.03,-7.5,-17,0,1,1,1,,,,,,,,,,,
1791093506,Bif1tMoPbLnwjAkLjdRMLF6jTG5dHG1PfM49i5Tpump,memeagency,AtUE8UpNycbtZhYsoqS9LKpguRcx13FYaiiLeHSLi2fh,pumpswap,1790963976,0.000002305,2370.84,2234,2234,0,0,0,0.34,0,0,0,0,0,0,0,3,,,,-1.03,0,1,1,1,,,,,,,,,,,
1791093506,C2bj2HbEsnv7bSqQe2bQ7uGrf7MHXNN4cSmEVRMQpump,Apu ,9GV1Etzq1h76FXtBdC9nApYbYXmEv3NTtwDeuTuLQqGz,pumpswap,1790963493,0.000003627,3751.71,3534,3534,0.25,0.64,9.53,1973.72,0,1,0,2,0,14,18,156,0.06,0.14,0.3,-58.93,0,0,2,1,,,,,,,,,,,
1791093509,GT5PzaVt2wQvDnowmkNNPGRGL5gEcLb7dovzFwwACgxz,Cashout,6NyWV6kvii8BV4U41HpWS8wJffnhnVLv7EsouegQvAgu,pumpswap,1790967004,0.000003253,3197.13,2926,2926,0,0,0.13,38.49,0,0,0,0,0,1,0,22,,,0.33,-3.07,0,1,1,1,,,,,,,,,,,
1791093506,BpiHPgU64gzmZwdwfr6e1xBVXNqiqxUpBQHwkxEVpump,XingXing,9LAyUvxKYTh1GvU7AhTqte2mGgumiTJb7oABvhC2cUDi,pumpswap,1790967986,0.000002506,2535.1,2417,2417,0,0,0.44,246.5,0,0,0,0,0,2,1,29,,,0.25,-17.93,0,0,3,1,,,,,,,,,,,
1791093501,3NGW414d3hh36tbwbgWeipV2K7VEqnqjvDxj69KKpump,CASINU,4gvR826fJJCkyrArJGekySvAP7aLCVvj4HMcd48W1Kh9,pumpswap,1790964335,0.000003608,3618.7,3522,3522,0,0,136.98,13279.57,0,0,0,0,7,8,105,163,,,-4.64,-95.32,0,0,2,1,,,,,,,,,,,
1791093508,EVCx8yhknFxZ7MnYRK1LEmL4ycxBKHxSSZ8Gyyaopump,>_,8EX6tgzBVkY66ybkoXN1Ta1JwDMn2dp9ALBigGXPckg3,pumpswap,1790965545,0.000003495,3642.96,3417,3417,0,0,1.81,140.03,0,0,0,0,0,4,5,60,,,0.6,-8.16,0,1,0,1,,,,,,,,,,,
1791093511,yDp9dCy1UrRTuwv4urMgkSUHNpw76UvyZHXLmPrpump,BTC,BWaXC9ExvjZ1rjLaCtWNYKRys1gvmC9QAkwKkUyxe8mQ,pumpswap,1790965770,0.000002382,2561.96,2346,2346,0,0,0,0.19,0,0,0,0,0,0,2,0,,,,0.2,0,1,1,1,,,,,,,,,,,
1791093507,DQxG8fJbgAdX8h2D56Cu9cLHPc7G5xSTj84vZNH6pump,FIX6900,6R4xp15uZUZg7FghFC9SXRppBSWTKAQT11Vx2XnFGSM7,pumpswap,1790964145,0.000005911,5921.58,5854,5854,0,0.13,4.39,6599.41,0,0,0,1,0,3,28,67,,1.21,-0.72,-7.69,0,1,1,1,,,,,,,,,,,
1791093509,G3Zv4MTBbEEWXJeXXAza73Q385bKWAFQ499J5VL8Tovu,UNKNOWN,2RzSSq5kbDgL8uVEWMYE3hgzLJFSiHDj1uMxSnxQiLiP,meteora,1790889624,1.025,6203.06,10263,10263,0,70.05,792.8,2269.25,0,0,0,2,0,12,11,22,,0.45,0.16,0.08,0,1,0,1,DLMM,,,,,,,,,,
1791093502,5GDX5fJTQns4arM1J94wjxdA8KXFsV5qW46MLFpHpump,OMNI,QVCymnis5qQJEJRZPgbEJnNKrQdNkhJtTFk7v1xqu9D,pumpswap,1790967612,0.0003219,59767.12,310278,310278,203.04,6881.75,97471.66,673453.9,6,2,39,47,575,453,3694,2483,0.91,-6.66,-24.27,-49.52,50,1,1,1,,,,,,,,,,,
1791093505,9kpHmcAjabZksyon8KVA2FQPyp9kMtLiTRaFGRTkmqd,clout,42xESpMXsCppsS4gbtaCT87sBTjKxdtLVqcTSaSmzbv4,pumpswap,1790968247,0.000003242,3333.1,3169,3169,0,0,18.21,329.24,0,0,0,0,0,8,13,56,,,-0.58,0.3,0,1,1,1,,,,,,,,,,,
1791093502,4zWD7Lo2AE8wjdXeANYoLoiLNnRiEjkadHyiHcpJ8Nfw,RONNIE,2fcZqmSBrbQDToJUkLEkf5csK2kdev1tveheaD86Wunm,raydium,1790968509,0.000002843,4960.44,2844,2844,0,16.49,92.58,2175.5,0,0,0,1,1,5,28,65,,-0.83,-6.38,-30.06,0,1,1,1,CPMM,,,,,,,,,,
1791093507,DN5uhGU1Dfx1zJXveBuYk2Rn8eGuMKF7xJZmcZuLpump,RIPIT,5z7X3cwcUFSWtRJoEr9b6gL9iMdr2oxNHjchs5acTRbV,pumpswap,1790976040,0.000003341,3202.96,2688,2688,0,0,0,11892.25,0,0,0,0,0,0,38,58,,,,-18.23,0,1,1,1,,,,,,,,,,,
1791093504,7Jv7D7qpT8GpKUywkbQv9WgF5yDWr6Yf7SZXZj1Gpump,www,HQbKVr5GiHTjPsv27v9TGvK6rgVZpvcQ7Eg5WGsYUwp8,pumpswap,1790967090,0.000002664,3004.74,2624,2624,0,14.7,25.08,487965.36,0,0,1,1,13,7,11907,19859,,1.01,0.65,-98.85,0,1,1,1,,,,,,,,,,,
1791093504,8yQcTVBPh84bUkQVoMFStmZGFB1k4Hm2YUwZ4XNApump,HalloCate,Bbqe9oJcxHD8z35PS64TxoUu5ct7xts8rQCG78TiAaW,pumpswap,1790966190,0.000002459,2494.81,2378,2378,0,0,0,16.53,0,0,0,0,0,0,4,5,,,,0.12,0,0,0,1,,,,,,,,,,,
1791093506,AUUeDvfh9YqkkevoF6JTXeR2FpdtGvHQaCBJ9fB8pump,PUMPEPE,3LXjhey3gKt6BfR98ajhoQUr6YwCajzSLS7qHZSMXs8z,pumpswap,1790967100,0.000002912,3530.77,2855,2855,0,0,48.56,94.72,0,0,0,0,0,1,6,15,,,-1.36,-0.46,0,1,1,1,,,,,,,,,,,
1791093506,AbMG6MaBJhaAFnJtiPzxBcz2AEW3m3wrcyeCnEXWpump,HEIST,HYYwsvta5RBRBKDcQoGLNatyjGBhhjQrp9ZKkY7xmrnV,pumpswap,1790967062,0.000005294,4675.29,5175,5175,0,0,13.5,20117.79,0,0,0,0,1,4,127,198,,,-0.13,-92.32,0,1,2,1,,,,,,,,,,,
1791093511,yM9CztffVYLtf6uiv6b79bhpsni4nVKzka7CK2tpump,mane,H1vhy8vSs6sQcAu8pqWYVaitcCXB9qNhFyYFxR7anPeq,pumpswap,1790968606,0.000003021,3078.11,2824,2824,0,0,0,77.2,0,0,0,0,0,0,0,5,,,,-4.93,0,1,1,1,,,,,,,,,,,
1791093502,5jF68KLDhPsTKwQAGiCHV6DiPtogPDgamgShSjkupump,Pumpkinu,28qipSLv8akNzodEqYVzykZhWWtY4h5h7FLupaw8xzFB,pumpswap,1790970830,0.000003638,3441.47,3338,3338,0,19.04,19.04,1526.12,0,0,0,1,0,1,26,24,,-0.04,-0.04,27.44,0,0,1,1,,,,,,,,,,,
1791093511,tViT1RV5HE9FTQ4padRdnadasKjNX1QASuHe7XXuant,QUANTS,6mMwR1MBzQbMTe594APGgEzMiwzpThUZiDMFa9BaHC2C,meteora,1790970242,0.000002126,4244.53,2126,2126,0,0,1.85,3.02,0,0,0,0,0,2,1,2,,,0.91,0.91,0,1,1,1,DYN2,,,,,,,,,,
1791093502,5q96w5CcRWZYzrzXHwwx6r1KBf77devYsoH5cougd5Po,UNKNOWN,EhLkcyvUQExQiQG43zihg589tj765MCXRLckefmK3AnP,meteora,1790963183,0.00002244,14419.35,21480,21480,0,57.35,187.22,10386.82,0,0,1,0,2,2,52,53,,0.19,1.29,-31.89,0,2,2,1,DYN2,,,,,,,,,,
1791093510,fHF5ZPCmY1NHN4K4aD6dTyoFG9wE8TJU5qp6zPGpump,artcoin,7dPEacEp8YBGb8VhjNxes8KGNYG4pGDMpKD7BAG7TofJ,pumpswap,1790968930,0.000003850,3710.53,3634,3634,0,0,0,481.73,0,0,0,0,0,0,3,32,,,,-25.25,0,1,1,1,,,,,,,,,,,
1791093506,CJZaHX5RQbvKrRyMoUU9D3jyvXj8Yy7QLLmcKvoopump,Pumpkinu,2SBgHnfs9YPCs7hPPaWt1rHGxpV1WEWp2YNsGBDsyuJW,pumpswap,1790969340,0.000006137,7517.81,5959,5959,0,9.18,65.7,1561.36,0,0,1,2,8,13,57,77,,-1.22,0.28,4.7,0,0,1,1,,,,,,,,,,,
1791093509,HZ4qZQJ7yf6WR1D24GLRLJ3cKUfgtJEF3B7SdLMLvCPZ,9e9,3JcpTVkjabeM2fucmS6AFTSZ2o4sqht3j4wzkPow1roT,pumpswap,1790969104,0.000004596,4685.03,4466,4466,0,0,1823.74,4505.16,0,0,0,0,38,46,70,166,,,-2.52,-48,0,1,1,1,,,,,,,,,,,
1791093511,wdysfTqUsJ8qAVB1796BXgGisThoBzu1keQmdgswdyt,WDYT,Bu65yUfdrxgwSnXXvrKxeNzmcjaSCsAEn5JtPMWYZVQG,meteora,1790968878,0.0008840,102994.87,878281,878281,305.16,11013.28,63750.11,373383.16,1,2,26,32,343,194,1525,1023,-0.43,30.09,-15.12,-22.07,0,1,1,1,DYN2,,,,,,,,,,
1791093509,HUzsazhQoEBooLPQktSoYTVcKKVSZ9AyhZPs3x93pump,WIFWWW,FbmT4jXZwrmMWSDvqGGTjuqwcWwVJJYkNZ27UYejtLCE,pumpswap,1790969578,0.000003899,5300.43,3815,3815,0,0.2,6.24,797.13,0,0,0,2,1,5,13,37,,-1.92,0.89,-15.38,0,1,1,1,,,,,,,,,,,
1791093510,WwzTBN3tP8h2hkLfoWhpQdpcbsYtehP2rNqTfo6pump,Kraken,6yjaN5mVCoWw7DYgVNciBDSXsLxmhtSdmx1RLCH8SWUZ,pumpswap,1790969762,0.000002194,2245.75,2184,2184,0,0,14,14,0,0,0,0,1,1,1,1,,,-1.27,-1.27,0,0,0,1,,,,,,,,,,,
1791093511,ixdhaSTPLod6MGDmUdomz1cqp1ztJTUesWbLKB4NGBa,Charlie,6LjoPHY17TGnppnSVbLcwDzmwMbafJETRKy5WFVeXDsf,pumpswap,1790970538,0.000002569,2586.19,2432,2432,0,0,6.97,21.06,0,0,0,0,0,4,1,19,,,0.31,-0.17,0,0,0,1,,,,,,,,,,,
1791093502,5gJjJYGu25aQevcpsBgBFvLcCRfSPcvczcxvnqHDpump,bag,BrBGnm4VaXXqDySKDqnH4VZ46p3x4mqC4R2dA4EGGWPY,pumpswap,1790971880,0.000005252,5077.72,4845,4845,0,3.93,365.05,14325.8,0,0,1,1,5,12,233,291,,0.03,-17.12,-56.21,0,0,1,1,,,,,,,,,,,
1791093510,cdS3jkAX1N8s1jiejhribCiZ8T6eMAeJEkbVEhPeM1v,clout,HRsmzztcrq7e5cqeXeJUyYCJcH1ntGRWANESueWeREP6,pumpswap,1790972202,0.000002409,2421.57,2296,2296,0,0,0,18.87,0,0,0,0,0,0,3,7,,,,-0.46,0,1,1,1,,,,,,,,,,,
1791093505,9ZUwZjiMP8Un9qcBYNfKmVmRRj97YWLB1DRWPhhnpump,HOOKEDINU,FmtX7rDgSe4ctMT5wpHtgeoE71cRx7MNrdereUMSnhJr,pumpswap,1790967978,0.000002530,2836.22,2509,2509,0,0,0.61,119640.56,0,0,0,0,3,1,2468,14408,,,-0.08,-98.98,0,1,1,1,,,,,,,,,,,
1791093503,6irHJ66p7HKYHkfPnNaJHJdVfpfJ3AtM3Gse68K2PRLD,BlackCock,DQCWSiW15qugyw2GHED7PfhQ1FqVaSMG7PchVmFa5RzE,raydium,1790971091,0.00001455,10459.59,14551,14551,2.84,433.24,1800.71,34323.94,1,2,7,4,14,44,401,483,-0.15,9.31,-25.66,25.84,0,0,1,1,CPMM,,,,,,,,,,
1791093503,5yQYLno5ABBZ2ELVvLXEU323CbHhr2jwR1NKFDh4pump,BOO,7x9P564ydsAxDMRKUyHzRKua2x2gsWMqUuxgv4SLDGcS,pumpswap,1790970918,0.000003924,3924.38,3798,3798,0,99.55,182.65,2951.23,0,0,0,2,5,20,119,162,,-6.01,-9.89,-27.13,0,1,1,1,,,,,,,,,,,
1791093503,6ygHGHDunESzifPU2ZKt399XY199QxFJnHozwFYfpump,SIC,HiRzSypb1LhYbk8A7hwAKJbA2Ha1wv3bx2y614E6Tksg,pumpswap,1790970370,0.000004033,3961.65,4001,4001,4.23,27.14,386.62,28076.17,1,1,3,1,8,4,9345,9445,-0.99,0.82,-3.11,-29.22,0,1,2,1,,,,,,,,,,,
1791093503,68AVALX2Pp1zJndGBSax79ah15j4MimmswrCTbmQM54v,QUANTS,5Xpz7uAci3ZAPjuNEUx45tqGz5BemGiiGkaCSUVsxhqa,meteora,1790972412,0.000002228,4452.16,2228,2228,0,0,3.56,3.56,0,0,0,0,0,2,0,2,,,0.4,0.4,0,0,0,1,DYN2,,,,,,,,,,
1791093506,BLKKYfF41c6xRPrtX1rdYbxLE1xxEdZUnxQsB5hcZ8Nf,BLK,HaAD3GAenBAgzJchhLyShmreAUMAfzoQnd5iR9reEXz3,meteora,1790973584,1062.61,4331.76,419734,419734,118.08,1063.03,14598.62,229346.13,0,1,8,24,149,145,2156,1872,-0.1,-0.1,-0.1,0.69,0,0,0,1,DLMM,,,,,,,,,,
1791093505,9xgGWhKBhpnZpaGfoEBBEr3PwmM8Ybg54ijH7FpJxC8J,GTA 7 VII,ETArfBxDPxhwXeudsfLBuER6kZHJXZBfoPYR1QmTBVTQ,pumpswap,1790971291,0.000002198,2278.25,2187,2187,0,0,0,9.96,0,0,0,0,0,0,0,1,,,,,0,0,0,1,,,,,,,,,,,
1791093506,AYkTxWJHAgp95Xu1SDkmqzTpvpKmG7wLiUpUgzKVpump,SV,7i8rWKDT6qYFksVDSuvhmu3Ycq9mboPfD7qadYYkec5L,pumpswap,1790974221,0.000002869,2857.28,2621,2621,0,0,6.63,37.65,0,0,0,0,0,3,0,17,,,-0.19,-2.36,0,1,1,1,,,,,,,,,,,
1791093509,FbpAkY1wJXFktY7i4xhp5SP9p2xTkgdLEa52BErDpump,CleanMusk,HL2GBEn3oEcsY6gHz4QnCLwF7KDaxb4sRXyrmQUUiJHw,pumpswap,1790973570,0.000002445,2526.39,2353,2353,0,0,0,72.74,0,0,0,0,0,0,3,7,,,,1.45,0,1,1,1,,,,,,,,,,,
1791093503,5tzjoTepg3tEupgKBjedF2SapniNaDrt1cVqdU4UfkjG,BLACKROCK,2jEsgfX9zxGeNWTkQ8S9fY94LW19Js8CfvSM5GiuQg8E,raydium,1790971444,0.00006173,24160.3,61738,61738,123.32,743.95,34849.02,238214.06,1,1,12,18,286,210,1954,1604,-1.93,-0.88,-41.65,24.6,0,0,1,1,CPMM,,,,,,,,,,
1791093500,13uAEB5kTR2kLyTZTdQZ49mGurdU4xznbyBp3J9opump,Nest,6EMkjma2duRyLKRKo8LinUtRSCLjyU5rdhPHahQyQknZ,pumpswap,1790973388,0.000002343,2354.84,2245,2245,0,0,8.32,25.43,0,0,0,0,2,2,2,6,,,0.61,-0.27,0,1,1,1,,,,,,,,,,,
1791093505,ADH4cDsEYKFVv4NsNN4ep5pwpMwGUCmzWrGPHZoupump,FOMOMICRO,BvUSvo3uNy1y4xBPTJTSyd8uKr9WB7TKG1v8KPSHmCdh,pumpswap,1790972421,0.000002825,3330.89,2754,2754,0,0,0,12.11,0,0,0,1,0,1,3,13,,-0.1,-0.1,0.62,0,1,1,1,,,,,,,,,,,
1791093501,2bHz7Uq8arFttDotBgGFsVKXxN2n7hM39Cktna69pump,HIM,HaGMjHTjfy7f3DN54RHix2RCWvaMZbRKszkFGXPmu9c2,pumpswap,1790973057,0.00005858,22027.61,57372,57372,39.14,2315.83,32554.2,242356.19,2,0,8,19,242,254,1760,1506,1.92,-6.14,166,136,0,1,1,1,,,,,,,,,,,
1791093506,Aa2D1LydKNBv4yhPPLYCna3xcFskxpJn5GbUtaqUs5ru,NPC,Ck34bLoZRB9uCYitp1vgqaKhc8KXWVafZt9GPhu48x5J,pumpswap,1790972531,0.000003121,3040.1,2732,2732,0,0,0.72,25.37,0,0,0,0,0,1,1,9,,,0.9,-2.14,0,1,1,1,,,,,,,,,,,
1791093507,DioisRY2M15WKza2te7pCvEAe7B1EVp4N1ZrM6tn52Sp,HAMSTER,9yS6kearLBYAKeXoPr8adHirSa2mwUT86PkPgRrMkDqN,meteoradbc,1790970523,0.001518,,1518314.26,1518314.26,97.56,37058.58,753063.85,2496847.95,1,3,105,92,1406,1270,5346,4147,0.24,-2.25,16.16,1.01,0,0,1,1,,,,,,,,,,,
1791093506,BvGaSNVZdn52Gp6q7WY527eE1svJus8xHx4jxCQ6pump,.si,5Madst3fKHm148b2gfizPb6Lfkitu8bbZMtYPN8Pb1w1,pumpswap,1790974303,0.000002871,2816.64,2484,2484,0,0,0,17.02,0,0,0,0,0,0,2,3,,,,-1.45,0,0,0,1,,,,,,,,,,,
1791093507,EA7ktecGm37YZs1rngs8hQwF1YLNUAR1pzPTtw8hpump,PEBBLE,9PdnnzU445qN6EEN1FXT4jfV6VTaETAWFiefdWsXtzRH,pumpswap,1790974259,0.000002896,2838.44,2464,2464,0,0,0.14,0.82,0,0,0,0,0,1,0,3,,,0.47,0.5,0,0,0,1,,,,,,,,,,,
1791093501,4XoNCZgEpGFb3JZt94e9FVqVm3BQaBWuEFTuYyjAKYc6,FRANK,DH4W8MKUKXenRofYYApwtr8DztygFR8xij9aC65kaDN3,pumpswap,1790976209,0.000003319,3195.42,2914,2914,0,0,5.16,3160.07,0,0,0,0,0,1,37,56,,,-1.63,-20.64,0,0,2,1,,,,,,,,,,,
1791093506,BzLRJmKYYvDaKW5ewyaJADiMV4eRCFV8scCEENbUpump,VTubePro,2RcvEzx6fbeaQoNBYjqpDvaKs9ovK7qeRHMh91mdXcoD,pumpswap,1791014784,0.00003728,16225.76,34965,34965,132.51,2716.2,21393.27,600440.73,8,0,40,21,266,240,4706,3649,3.05,-1.4,-14.56,-24.26,0,1,1,1,,,,,,,,,,,
1791093509,GrGKeeA53885t46YxxgjCw63S9tsubHHVzuKwaWQMBbD,ALADDIN,Gk3maciSYw9SFbnARiDkCgqtw8Mjgkq6EEurdzA7a1DR,raydium,1790973528,0.000006421,7565.01,6421,6421,159.31,184.45,1481.64,16209.97,0,3,1,6,15,19,159,176,-7.72,-8.62,4.96,-69.36,0,1,1,1,CPMM,,,,,,,,,,
1791093510,Hrf2YpUE8PBRVfPzCXntrsCLiGJ9L8hcNSXRdr7Dpump,Ban,H6zV8vBtGwpQwV3P4z8oycTHFyteYQdWKFWp3njE44Q8,pumpswap,1790974474,0.000002477,2623.57,2401,2401,0,0,0,13.18,0,0,0,0,0,0,1,7,,,,0.76,0,1,1,1,,,,,,,,,,,
1791093506,C31VDb574hdxuQm2LWs3G2UCdsxnUw1ff9mKE6xCpump,NEST,CqnUuYYX1LqZYZVLx3naJoSfEWiokQjKqnXT6h16WuVB,pumpswap,1790975865,0.000002528,2515.78,2403,2403,0,0,0,102.67,0,0,0,0,0,0,0,10,,,,-4.65,0,1,1,1,,,,,,,,,,,
1791093501,36MGGQQDEjUQrFZTZBYqPiSd4CFfUQY1DpdT9pZJcXMv,Comet,AM5PTnHMsyhBGhM4jCdk17TTyJRoFmbNXaYb7a6d3wFS,pumpfun,1790974181,0.000007132,,7132.7,7132.7,0,21.37,1042.66,27077.32,0,0,0,1,9,13,259,281,,-0.61,0.7,-5.82,0,0,2,1,,,,,,,,,,,
1791093510,PFCy4bbBV65EkEbxWyqHjq5Sx6XCGG9AThczD8Dpump,ARMY,5URuhBmWRyW3R58brtuy8tdVXF95dY6ADq84RUstjkba,pumpswap,1790974312,0.000005908,5942.08,5761,5761,0,0.07,132.18,4096.13,0,0,0,2,3,7,76,189,,-1.22,4.63,-48.06,0,2,1,1,,,,,,,,,,,
1791093506,CBXJms2q57a9cBwzyzhkNQQJiLzRWxhJvPcJg2XjGi6K,HOOMIES,389B7EiaSiTRJodKtDRBFRnFKNRGHxW91qmYGvXxw3ET,meteoradbc,1790975980,0.000005419,,5419.72,5419.72,0,0,0,511.03,0,0,0,0,0,0,2,9,,,,-9.63,0,0,0,1,,,,,,,,,,,
1791093510,aisasT6FV3KUxExeVVZncv5LCgSfHsX7cX7aKgKpump,MRG,AktUzWaBPypdKRSGhRk7sQ52nczizXzDT32nDBxNVab2,pumpswap,1790974746,0.000002149,2166.98,2139,2139,0,0,0,1.44,0,0,0,0,0,0,2,0,,,,0.07,0,0,0,1,,,,,,,,,,,
1791093510,JfyaeBaLuXVRQgjKe7fes5Et44m3ywmpbLnWB86DmWn,STATEMENTS,CFKSruNUTALTLg4bmFj8rFQ2feUG7qNsLbVgaLjD9xT8,pumpswap,1790977254,0.000003740,3765.44,3651,3651,0,0,115.43,6219.01,0,0,0,0,1,7,83,174,,,-0.93,-61.26,0,1,1,1,,,,,,,,,,,
1791093509,H3vAMRcvEFuNtG9eE3sSMLpqtxhSUMh4kDzC7Ci4UAeC,CHIP,CLyg31Cra1fHhY51Bj4HA2rNXyTvfDV3m7hpYnxBxqsp,meteora,1790976344,0.000004038,5990.52,4036,4036,0,1.01,2.31,578.35,0,0,0,1,0,3,5,15,,-0.15,1.65,3.7,0,1,1,1,DYN2,,,,,,,,,,
1791093510,J6nQhwg8CpKjSpo6X3hMNHbcpYtMA2L41AYB5zzPpump,fimble ,AnV8bwFx6UVs2B3h88xgG7MY7qW5CMjSqfwvn5vCMhwW,pumpswap,1790977618,0.000003020,2950.79,2793,2793,0,0,14.24,2848.85,0,0,0,0,1,2,30,55,,,1.24,-16.18,0,1,1,1,,,,,,,,,,,
1791093501,3YJSqXQkN5gXoZkHrHFnAMKwqyGv7B7WmRdyYVFAXnmh,USDC,8vkx9CJBpfqDe8DZiRcyrKQfD9Xsa1PK3M98nbNbwhtd,meteoradbc,1790873342,0.00001795,,17957.29,17957.29,139.64,211.85,6691.48,40015.8,0,2,0,4,23,27,195,205,-2.33,-9.14,-14.59,-35.11,0,0,1,1,,,,,,,,,,,
1791093501,37PbQspU3ewcqY5ymJbzDiKLQS7fLgjBbph1fUbmpump,FNC,HBt4YRA1S9n7vWqKBK9289ZJEABcGcAkpAt29ng4pP93,pumpswap,1790975693,0.000002374,2422.06,2291,2291,0,0,0,17.76,0,0,0,0,0,0,3,6,,,,-0.38,0,0,1,1,,,,,,,,,,,
1791093506,AJy3jEbDAZX1vekxyqo7xiUByBGKSurnteatkeDYpump,SIA,94VWKhPurWbVPRqJv8rxyACuTjiEhHsb2UEJr9Q3xsFV,pumpswap,1790977408,0.000002476,2648.49,2405,2405,0,0,0.79,7.77,0,0,0,0,0,2,1,12,,,0.81,0.76,0,0,0,1,,,,,,,,,,,
1791093503,75G8SScna7D3GMqRXpicEMxwZ79kVV91GJNUDrhSpump,STONKS,ANtv15beziR2Jtbr9FHkhqMZMXRDhdRJzC2W8tRyziAB,pumpswap,1790976818,0.000002897,3204.19,2667,2667,0,0,5.82,24.6,0,0,0,1,1,2,2,21,,-0.25,0.77,1.05,0,1,1,1,,,,,,,,,,,
1791093504,8sgDqaTGjdpU4fwUusYYXNYdRgPyTx2itSdFWbPXdcxP,Robinhood,7fYUiWa83bxbLuDFL7ZXJ4ZZR2bjp83GrBRZDsRiH3Du,pumpswap,1790977095,0.000002150,2164.93,2140,2140,0,0,0,3.52,0,0,0,0,0,0,1,0,,,,,0,0,0,1,,,,,,,,,,,
1791093505,9ZbsDUURtB16hMWY7cGbjZM2wSwjHEDLv14znyPqpump,wwp,7eLNHBtYd2sCc53AT2YnrDmy9pXBM9Qod8t2XasHDhC5,pumpswap,1790977358,0.000002348,2416.01,2263,2263,0,0,0,28.56,0,0,0,0,0,0,1,4,,,,1.96,0,1,1,1,,,,,,,,,,,
1791093509,Fo8QZyEzLPSECptkYNvFUg3ZrabAiHx81qbvxviQpump,VITALY,7BbnMyefgfqsG91zE3HvSFDMXBvfDWdCVxN5W49iFdWS,pumpfun,1790979340,0.000005347,,5347.38,5347.38,0,433.6,943.59,10548.17,0,0,2,4,11,9,96,122,,-14.38,5.81,-22.59,0,0,2,1,,,,,,,,,,,
1791093501,3aMCV21MnEtpaxRRpNb9qPXEEtaMbfqM87iGh4rupump,2BORN2B,A5rx8nGU3HzqRWHkwfM6AxUYGQrZwakZNosSFAdwodZW,pumpswap,1790978923,0.000002288,2389.39,2252,2252,0,0,0.05,2.31,0,0,0,0,0,1,0,8,,,0.16,0.33,0,1,1,1,,,,,,,,,,,
1791093506,Bt4npH7BNNGLBohhbcrybbkUn6RUJJzJbvnd4hznnMYJ,RFX,4UaR4ZewzMFaXbKGD57uxS7hKiKuuATJyJ6XSGGun9So,meteora,1790975392,0.00008984,30634.74,89840,89840,207.05,4653.45,57243.06,378856.71,1,2,26,11,233,234,1685,1353,-2.58,-23.43,-13.58,43.69,0,2,1,1,DYN2,,,,,,,,,,
1791093504,7gLU4wTY2gi5C1L4tWMxVSUy3RRhJoZkJxGTdCsxgEWW,PUSS,CQYYfnRziiLdYnHM2x4odFDQRNVserU4AiB3gHZbKsoR,raydium,1790968041,0.00002664,14227.83,26644,26644,194.62,390.78,2684.59,27079.17,1,1,20,2,173,25,1081,776,-1.84,5.43,-23.54,-27.39,0,1,1,1,CPMM,,,,,,,,,,
1791093503,5tV3Lfx8WNE63ZfCUWnBoFBwe8v6idUhuqg9ipDsDJyy,POOPYBOT,7BPpheNFaSfNHaPnXqVuHCMxEyijZ7LmuAhPbkwyjFTB,pumpswap,1790976698,0.00001464,11126.2,14248,14248,0,368.76,3181.79,92833.84,0,0,6,15,54,89,1425,1500,,2.89,15.86,-62.55,0,0,1,1,,,,,,,,,,,
1791093511,pjYNVkYthberD6LxuteShLTPTbx3icG6q96FhYmpump,Red Bull,4tNvmX7zreV2UB2DXMfy8VQ716XYTZKNazGBaXDx2M2o,pumpswap,1790978710,0.000002132,2149.62,2118,2118,0,0,0.26,0.54,0,0,0,0,0,1,1,1,,,-1.05,-1.05,0,0,0,1,,,,,,,,,,,
1791093508,FUXq4w5D3rdtXVXK7pgLHy1xWpPTPhVoEwwNKTeApump,SGROK,4bz7MRviyRaxCe5ekiGotj5kWwDEDutxpa6uuhkpPDHY,pumpswap,1790978945,0.000002538,2845.77,2473,2473,0,0,0,9.72,0,0,0,0,0,0,1,9,,,,18.13,0,1,1,1,,,,,,,,,,,
1791093508,FLXmqULjxa5neWG8thsPZcAGX93VFCB4ZbniCy9Tpump,PAYROLL,4ZAEW8sJ9sXwCCVZdnhpyrhANM4sBcqsXwsV14mszDfQ,pumpswap,1790979275,0.000002455,2515.82,2358,2358,0,0,1.96,140.17,0,0,0,0,0,1,5,21,,,0.11,-8.86,0,0,0,1,,,,,,,,,,,
1791093500,29REVVLFoM2ERuSTt2p86zsn9q7CxTNuzHPw29dnpump,ARMY,ETQ52D2podCHczQHvFrNAQw3XWggJJjdzmAb2zCGBCz5,pumpswap,1790976694,0.000002659,2857.67,2530,2530,0,4.78,18.63,226.8,0,0,0,1,2,3,19,24,,-1.2,0.79,0.06,0,0,1,1,,,,,,,,,,,
1791093503,6k1E2jVp6EaZYeurvJrXe4mdBoTjfgUKoLkh8CaWpump,memeyin,H1ajCveHK3hUVY41zXxqHXf9b3E17hNNJgd3CzQbTfS,pumpswap,1790979663,0.000003018,3498.42,2839,2839,0,0,108.19,199.8,0,0,0,1,0,3,23,34,,-0.63,-7.24,-3.45,0,1,1,1,,,,,,,,,,,
1791093502,4dFpLyo4FDeXdSoCokFgYSk1XNuQoNwwWVGz2jnFpump,DL,4cqCsTHwZMVjVpa3vuuizvxkyWxejup1unXcF9DC6ASi,pumpswap,1790980217,0.000002405,2534.85,2350,2350,0,0,0,3.17,0,0,0,0,0,0,0,5,,,,0.28,0,1,1,1,,,,,,,,,,,
1791093505,9zu66qTLKCEzsfifm7woEoVJzw82Recitu5S4i2Npump,MOON,6dpTqzK9BhgRfGZu31N5tYZCY5f9uq86ccpGECCbxKd4,pumpswap,1790978408,0.000002585,2916.64,2512,2512,0,0,0.69,7.7,0,0,0,0,1,1,4,7,,,0.02,0.22,0,1,1,1,,,,,,,,,,,
1791093509,GcuTsrnz8TAhaM3v515iXBZtri1PbbZmwa92Et9nCW8W,FIAT,4fXgcRpX2sXVkeMhC2zM89FJ1kBH69pzvahWFqy5tzpD,meteora,1790979536,0.000002669,4698.16,2669,2669,0,0,0,15.71,0,0,0,0,0,0,2,3,,,,0.54,0,1,1,1,DYN2,,,,,,,,,,
1791093507,DcsjML99TfewNHnarcWX37drBZerR4jSzorzeSwLpump,TRMPL,69eKSuZY2Cu6p6NBALyiAnBvy2FxiXw6UufcCSPbnXgm,pumpswap,1790981167,0.000002453,2656.36,2385,2385,0,0,0,0.59,0,0,0,0,0,0,0,2,,,,20.89,0,0,0,1,,,,,,,,,,,
1791093503,6hTLdzZaaCjmqtn7RtaEMQsCbXT5Pg8q76tRViEGpump,ABU,2qWF4dn1JnqhCpAYJQnKVaKezzuUiG4xdnbnCSK1Pgcw,pumpswap,1790981217,0.0003749,59126.84,362188,362188,1102.07,19810.73,304171.45,961635.81,7,18,138,217,1736,1951,12448,8295,5.06,-11.72,-17.33,121,10,0,3,1,,,,,,,,,,,
1791093506,Bj8KxXcNAfvWKH64rLjVBLByr1jUUFGcfKnXzHUJpump,HOOKRASCII,8rqqsquXHxZfWvbRaxx3M4EnRgEDPzrNi4bXbsA4zRa,pumpswap,1790980874,0.000002571,2878.81,2511,2511,0,0,0.34,14.54,0,0,0,0,0,2,0,11,,,0.64,0.25,0,0,0,1,,,,,,,,,,,
1791093500,14V7ak8AJ2smgEoeiHokPwh8bq6TLq6kVdfcZojtpump,ClawdOS,9sCWC1YvPATgzRfoLSMEc1r3cJQL4LQNrLfvyjDZfFw4,pumpswap,1790980816,0.000002262,2307.32,2207,2207,0,0.58,0.58,0.58,0,0,0,1,0,1,0,1,,,,,0,0,0,1,,,,,,,,,,,
1791093506,AYuNTGHHYzmH6LgwveNVc9TZFmPVZKUsM4k5tPqEpump,ROOT,Dw3spFXApoDNFpnh9AN4AvbBt4R6BnQKPiocDEcxRwqb,pumpswap,1790988154,0.000005867,5263.57,5764,5764,0.24,462.53,523.45,10151.69,1,0,12,6,15,18,207,263,1.09,14,14.1,22.7,0,1,1,1,,,,,,,,,,,
1791093509,GPuaTh7duwmbifV7nQkTACqbN4qkdo7KbjmK8uGLrhH7,HOOKER,BAyJ8NbAHpatpnhqmqt3V43UAnbnHqhcTKPRgToyB8iG,meteoradbc,1790981322,0.000007667,,7667.79,7667.79,0,59.7,59.7,6708.35,0,0,1,0,1,0,42,43,,1.8,1.8,4.44,0,0,1,1,,,,,,,,,,,
1791093503,6T4NrctGAuD4z9BRAdgHfpD8g67du8E46X6Fp2DJpump,Supercate,J6yw89zqkgwgQnsZeUytp3G5n848X88Hkb6M4rWUJw58,pumpswap,1790984310,0.000002802,2763.06,2694,2694,0,0,0.03,216.79,0,0,0,0,0,1,4,22,,,0.29,-13.19,0,0,1,1,,,,,,,,,,,
1791093507,E81BGCpweocddeyupAi1ugbjhgdD9cdYjRA7RNpHpump,BLOCKCHAIN,9gTu5hRSuyKgrGGBdUG7ApRoyT8DyC7za6e13jJQHHV8,pumpswap,1790983170,0.00002850,13489.12,27592,27592,0,166.97,1575.73,12721.25,0,0,2,3,18,11,89,99,,-3.48,22.65,-30.88,0,2,1,1,,,,,,,,,,,
1791093503,6fsiFuTnLN78VX5MVy2KZo3gCt3f8M1iSrmJzje6Jk3k,Don,3tUPUq8ZPqmowz5vx9G1pAuThJ38mGbMYuyBbkLQ7iXV,pumpswap,1790648383,0.000007719,6305.37,7571,7571,0,498.51,1114.46,10144.38,0,0,3,3,9,9,119,137,,-8.46,-12.67,-54.43,0,3,1,1,,,,,,,,,,,
1791093510,MktBuHr1H4emrqAhbnChkCW2X2EP4BbeZG1LzTV5cMQ,MirrorPad,H9rYMiR9mZ1S9nPdp5FZTpoGDZGiWRdu2VnitxZMrVsK,pumpswap,1790982742,0.000002543,2586.84,2471,2471,0,0,9.9,54.68,0,0,0,0,1,1,5,19,,,1.62,0.31,0,0,0,1,,,,,,,,,,,
1791093501,2RKkd7aG13o926CTUNHjE3T43NwS9QyLMyf5pHa9pump,PUMPMASK,8qbRgJK371zn6DfpTHsX4FN6FBDZkWs5AN4Cf1ugYJms,pumpswap,1790982395,0.000002733,3154.42,2668,2668,0,0,21.91,104.66,0,0,0,0,0,3,2,18,,,-0.8,-4.77,0,1,1,1,,,,,,,,,,,
1791093502,5FKPLjhNrez3iu2oSKfFjy6kNxRVf2jL1jc8dAwCbu9E,STUPIDINU,EvEV7ie5Dwd7r25YR5UyshFqSJdy32nztwT5AZytPRSE,raydium,1790980002,0.0004124,67664.84,412428,412428,116.24,14391.91,87495.02,1128584.77,1,1,70,64,501,407,4799,3682,0.6,-22.08,-36.68,19.17,0,1,1,1,CPMM,,,,,,,,,,
1791093507,DbRL5KRAun9g4CWs2MVZsitxee61CapEBgx17WzQjpYG,Dan,77YWbYygECpCe5ubkmQnRG7snhkhC2W9B9mZSqFBLCpp,pumpswap,1790984280,0.000007820,6047.31,7441,7441,0,49.21,3245.86,65572.85,0,0,1,1,39,50,651,562,,-0.44,-37.66,-74.93,0,0,2,1,,,,,,,,,,,
1791093509,GUC1rkyDzhjJjRRda5PQoM6onvHuXsbFE51UwF8Tpump,SlabPay,9woLbvAqgGmETPv1VhLNVEm4YFk4XddM8HX3DRZjWuFy,pumpswap,1791002234,0.000005513,4977.07,5216,5216,0,22.42,56.86,4350.68,0,0,0,2,4,7,91,113,,-6.26,-7.64,-24.36,0,1,1,1,,,,,,,,,,,
1791093500,13gLL713ccbsQjYpctDqbYDBQZN1jxFcguYpRhCCpump,ZMASK,HEaZuHV3Lk2te7ZRD2N6PpkxPCEkxLoRwnu9boJBFzLE,pumpswap,1791000149,0.000003244,3256.04,3113,3113,0,2.41,58.3,39198.84,0,0,0,1,3,9,300,421,,0.27,0.91,-95.54,0,1,1,1,,,,,,,,,,,
1791093509,FtCot9E8ynW9cG116aGrHmFGFwwENKzrST5R6SoHpump,MINDS,7heuFSN5bL5QyERbJjVPzziK45Jrqx1VRMHmpno2okeZ,pumpswap,1790983722,0.000002947,2892.67,2706,2706,0,0,0.52,339.84,0,0,0,0,0,3,2,36,,,-2.07,-20.12,0,1,1,1,,,,,,,,,,,
1791093509,HWMgoYa2XSBsmnNJ5CbzDiEorQpuucTntDjyJsaP1Tyw,casinu,EEh8JGatt9fXtsZhNGD1BEgdXq69CczkJVqXg1DZg8iw,raydium,1790983432,0.000003950,6655.7,3950,3950,0,2.63,271.85,8792.77,0,0,0,3,0,27,141,293,,0.02,-15.04,-58.43,0,0,1,1,CPMM,,,,,,,,,,
1791093507,CSkqNn6sYmqKxyg8Enh7pkmwDq4emHV4J767GjYBn8EJ,LUCKY,AD7ESpWuTqSnne3qTWFb42S5NzgEARjhGqmA7myR3sDc,raydium,1790983023,0.000007287,8163.48,7287,7287,0,120.13,984.62,8782.95,0,0,0,2,8,18,85,115,,-0.04,-4.76,-40.73,0,1,1,1,CPMM,,,,,,,,,,
1791093502,55z3Uv95ALDrV99pSy5RxgNRvbBNPAH7ECg8YFCApump,SUPG,A1PfPb6Nup6EhwQbRDfq4aykXcr27mrRdAts1K9VxzXA,pumpswap,1790984321,0.000002460,2657.23,2409,2409,0,0,0.12,2.38,0,0,0,0,0,1,1,8,,,0.36,1.57,0,0,0,1,,,,,,,,,,,
1791093509,HPcL5AHbrhPp4y5ewZWMTZRA3AQT32NuAuXBgAjvpump,m/acc,Ws5pbN3yJN1F2XD2vyhTzP9BnW54KipboeQWB1ozxkT,pumpswap,1790984519,0.000009245,7496.01,8893,8893,340.62,367.36,2844.37,94348.9,0,1,0,4,38,72,1113,1170,-7.22,-7.79,17.34,-85.09,0,0,1,1,,,,,,,,,,,
1791093500,2DS3bZrBzc4WhZs1cwMLxaEVnyTwNvWYV9Cm5YVW4Acs,STONKERS,9xHbtrjvEAWALCk2FaANkq61y8oqqpKtwBKLwwyx2Fd,raydium,1790986452,0.000002706,4573.3,2707,2707,0,0,0,731.39,0,0,0,0,0,0,2,34,,,,-41.84,0,1,1,1,CPMM,,,,,,,,,,
1791093504,8f5m7Y8po64WviteV1LKnN43M8Z8gUvDnNWRkDK1aSXo,LLAMA,C4BrFAV9S7kVitugS42Xv2YZFWzMb3xRuUr9NZd5qoiw,raydium,1790922039,0.0003593,55939.32,359301,359301,0,24.93,8590.32,29604.01,0,0,1,1,19,32,138,151,,-0.13,-34.3,-20.92,0,1,1,1,CPMM,,,,,,,,,,
1791093511,gjaDS6RBeS2577qvTRP7BuavKkAKFEV82tkr8JCpump,PAPI,A6UGzvsCS1UFcsTJrhyafZvBKXrHkg6WK2nyWdHQEaC1,pumpswap,1790984817,0.0001751,36738.61,169148,169148,0,0,715.27,27520.87,0,0,0,0,6,6,94,95,,,-0.6,-35.73,0,1,1,1,,,,,,,,,,,
1791093501,3vwAgtTjv6VvuaXtC4BFHeAzHF6Z7CaUaHCQE2PYpump,EMBASSY,5N6EJeK15sNq8Z4akaJTuSwainkgQ133BvqEiScKa187,pumpswap,1790989298,0.000002708,2693.25,2545,2545,0,0,32.86,193.36,0,0,0,0,0,3,2,14,,,-3.13,-12.68,0,1,1,1,,,,,,,,,,,
1791093503,6VdcGF1YDx3cLNo2mX5knivBHdBvMhMFhmon6xQ5Eray,PPPLABS,3U5kUYSNxAr7MhjZutaKqC2cW7hAwPNyH4yt94JDdv9X,raydium,1790947652,0.00005977,30310.99,59778,59778,0,17.92,212.63,932.5,0,0,1,1,2,2,11,13,,0.48,-1.71,1.06,0,3,2,1,CPMM,,,,,,,,,,
1791093510,Z27RcZxbueMBDo4ksqRmZTwx8R97t8DtJ1TCPG8pump,Solaween,J5db2h86ztJ73Fqorwd7rfHmMJXYeE3E2uPJ5na6yZtz,pumpswap,1790991219,0.000002732,2708.84,2637,2637,0,4.21,8.45,77.06,0,0,1,1,1,2,5,20,,0.39,0.43,-5,0,1,1,1,,,,,,,,,,,
1791093506,Bd4f5FrKaPzWww3r2ojdqXnf2wfT8VsnZeTg46T1uPQv,BOOK,EUyUd878qguFwgTcRRqyh6GEeqcbT3t6mhfeNgxcKEVx,meteora,1790987145,0.000002340,4466.6,2341,2341,0,0,1,6984.08,0,0,0,0,0,2,40,76,,,-0.41,-83.91,0,1,1,1,DYN2,,,,,,,,,,
1791093501,2Zp29FcxqTpt3JfQ68Fn94DzWCMiBiCVjXkuAG5W64UJ,AMD,vn21aX1djHCMbH14w8ENCWbZ9vKvGUQSb19uTwf6i8s,raydium,1790988538,0.000005353,7047.45,5354,5354,0,239.55,3112.59,144342.98,0,0,3,17,119,132,1710,1408,,-7.69,-44.96,-91.45,0,1,1,1,CPMM,,,,,,,,,,
1791093509,HJfWZ4Ns6ydxYUebrH8mh9yqNqvYAuiTMLjYDjJwpump,KING,CyJXGDLmRsqjbhe3mSDYtCUdYtA4hNfMLHg2aveyNZve,pumpswap,1790996441,0.000004995,4392.51,3648,3648,0,0.13,22.58,283.2,0,0,0,1,0,4,5,25,,-0.01,-0.84,-11.62,0,1,1,1,,,,,,,,,,,
1791093508,EunyTpEd6YkNq4fcr5UGHfCrtkUNN9CqAAzcffeApump,Tesla,9h8XLLrYrHyqF6ykd6yPkaqyxBTBfeHUM2ZAnTVtuYoi,pumpswap,1790988486,0.000002124,2149.11,2115,2115,0,0,0,0.4,0,0,0,0,0,0,0,1,,,,,0,0,0,1,,,,,,,,,,,
1791093506,C5CjDhwpVZULajo4kqPKa8pHysd2KxezwmQ4J6iqjHd9,MIMIC,3rbWfefnahK385Wr1d5xeizpD12qoKcJRPzREDgPdrPe,pumpswap,1790985823,0.000006847,5534,6398,6398,13.03,112.92,1383.29,24036.14,2,0,2,4,32,28,324,299,0.07,-3.39,-13.81,-46.13,0,2,2,1,,,,,,,,,,,
1791093504,8dEKKu3ggjm6UFFzD7cdFKu99oy2ndggE8aSTEbGpump,VAMPINU,BTEwpa1bSCXHhCgJz5MyJMFdre2JxY5Q34hiQqqiURFv,pumpswap,1790991923,0.000004321,4036.9,4090,4090,0,19.45,347.24,33842.12,0,0,1,1,32,9,548,459,,-1.17,6.13,-35.62,0,0,1,1,,,,,,,,,,,
1791093504,8WRuTwhnn2VjWD4ZzL5qsxwDMif2f6gcS5BAHdrHorbj,PRESSURE,E5952YKjsJVnrBozAEmj5mftpStw1mKZSyuMboCT7mti,raydium,1790988882,0.00001491,12020.86,14920,14920,0.57,866.04,5065.37,99312.71,1,2,3,15,28,108,762,879,0.09,-21.69,-64.7,-86.16,0,0,1,1,CPMM,,,,,,,,,,
1791093501,3ssLFcVvMgvEQdCkEkN5J7cs11eNz58iFxr21o3Wpump,mowro,AWWw4UbCQHXsFk2RsYXKUJ6zFknXsKDYFy2QcyMmTPja,pumpswap,1790990076,0.000002501,2703.55,2449,2449,0,0,0,177.98,0,0,0,0,0,0,3,14,,,,-13.75,0,1,1,1,,,,,,,,,,,
1791093509,GWGUDFY1dDxQoAMsWfg6zfhvYNF1toKPHMVT3DFBwMJq,POOPYBOT,MTvmphUn6T7FUSY743PAct75RSNqVRZYRdf5GM2ieiY,pumpswap,1790985384,0.00001214,8928.54,9687,9687,0,163.83,1875.18,551481.28,0,0,6,10,42,140,4452,3863,,-2.97,-26.32,-97.05,10,0,1,1,,,,,,,,,,,
1791093501,46YzZrL66v9Ddo4zxFxwTXCe3i34gGjWNyiHSdE6swap,SWAP,2E8c2vnAKQ3WaSHjezHwQ6GozuXRx96JX7GoNoBeqBug,meteora,1790991421,0.0002658,41509.1,265894,265894,239.39,7067.68,81818.5,808888.68,2,1,59,40,452,356,4514,3759,2.21,-4.06,3.29,-16.08,0,1,1,1,DYN2,,,,,,,,,,
1791093503,6o3xN14C1KShv3sowiPwQWgVbnYGy6MyFU4kEzgjpump,TYDAL,CM4ixhZ2TpRzmswy1aKcmNWeXjMWiSHbmQNt3Cnb6W1C,pumpswap,1791011753,0.000002848,2838.81,2730,2730,0,0,11.38,184214.11,0,0,0,0,0,2,1625,1405,,,-0.58,-94.11,0,1,1,1,,,,,,,,,,,
1791093505,9CQS8ex8FW2Jutq4TDRH99FeLyXa3AacdsMzkK3sR2WF,casinu,3jmRCT98bsLxvZS2A7AnkEWxq2he8cMB9vJmitVtoCeC,meteora,1790991995,0.0000000004541,0.79,,,0,0,0,0.02,0,0,0,0,0,0,0,2,,,,-6.76,0,0,0,1,DYN2,,,,,,,,,,
1791093502,5FPzEpgVjUxoc4dGKA8z4wCTwhzEwDeGuswJC6SzMcLV,casinu,FQbDK6aHZoWcCRmTbiEoARErysZgVqgFzGQH2JkaZ7Ux,meteora,1790991930,0.0000000004345,0.77,,,0,0,0,0.01,0,0,0,0,0,0,0,2,,,,-2.35,0,0,0,1,DYN2,,,,,,,,,,
1791093511,wvukYrkDbBqRgXvSkxtvUrgKxt7tz4iuJBAiS4856AU,HOLDCAT,CzwChTBoGceGNvizQnPVvDKZh37q9UjtQwpnos5kP6pB,meteora,1790991998,0.0000000006395,1.11,1,1,0,0,0,0.01,0,0,0,0,0,0,0,2,,,,-1.54,0,0,0,1,DYN2,,,,,,,,,,
1791093506,CB3M9kSoCUF6ePufAFyYmYmeFWxDrTvNoyqB4tkMBts2,POOPYBOT,3pL7u1UQETT9MVhZK2xK4fvjQ15Qs4XtVs7kYRxzocGa,meteora,1790991947,0.0000000007502,1.31,1,1,0,0,0,0.01,0,0,0,0,0,0,0,2,,,,-1.47,0,0,0,1,DYN2,,,,,,,,,,
1791093508,F6N15mekKrDvjYkdwxvRy32d3V7PaPpZiqiTcnHfr1NM,PIECE,42q22BPf4Cue8Kctcoiu6Mck9i7cCSNbFW9SLjiX7k17,meteora,1790991691,0.0000000006427,1.1,1,1,0,0,0,0.01,0,0,0,0,0,0,0,2,,,,-1.74,0,0,0,1,DYN2,,,,,,,,,,
1791093507,CYhrq39zMEV8GGuqE9hf5VUZzavA9DYFvtSYYwaZpump,FROGYO,G8k1qiqy614o2sfyVd1GcV3ENbb9HjYPa3eh4mMM9cfd,pumpswap,1790993945,0.000002579,2565.3,2355,2355,0,0,0.2,46.39,0,0,0,0,0,1,0,15,,,0.53,-3.11,0,1,1,1,,,,,,,,,,,
1791093510,JCsosnu7oSHEjo3vHc4XJnyfDAKpzv9qRJtJCMzSJeGk,enu,GPwbbEtjA6dRTDiyMU7AyRAFbYnehQdEnXd3NGJwgnWB,pumpswap,1790993244,0.000003403,3582.97,3305,3305,0,9.89,1003.54,8570.77,0,0,0,1,5,9,94,246,,-0.25,-0.18,-79.89,0,0,1,1,,,,,,,,,,,
1791093509,H49xNgg1hMV6LqXK6if2g8CYnrvp7CxQ5SJTnDRwPoS,POS,6suKoFim8x2wMNGdjbZnwrvRTqSZMdaPx4LNiSRdgcZ7,pumpswap,1790992519,0.000008833,6563.09,8133,8133,0,0,1659.82,32389.88,0,0,0,0,12,12,329,274,,,-3.02,-14.74,0,1,1,1,,,,,,,,,,,
1791093510,difL81fA3eHQf1aU1MRH5NeP8er86JdEjpeNigkpump,DOTPAD,HsErZjYq5GwpvwRBCz7jsCzTMcouW84Ea8bTj7iK5h9z,pumpswap,1790993134,0.000004171,3881.83,4033,4033,0,0,240.13,1373.82,0,0,0,0,3,4,19,33,,,2.56,2.33,0,1,1,1,,,,,,,,,,,
1791093510,Semi19QNnfZyQnQVddwNJT8TD6NwR7CN9Zn8uVnVKfh,SEMI,6RkYwQm5pTK3w4BrzbdLWuPEY7t9owHJ6uXw3chsGfSj,meteora,1790987464,0.000001973,3740.5,1973,1973,0,0,0,229,0,0,0,0,0,0,7,3,,,,-0.01,0,1,1,1,DYN2,,,,,,,,,,
1791093510,eyydA9bbqVpmRqTqfe36aQiVzxCDHwATLdWhDrYpump,ATFS,Efh8cwNx3aE62NY4ui3sZ1zPHeauAxzPYRYW1bLoBZoU,pumpswap,1790994039,0.000002416,2437.91,2417,2417,0,0,1100995.27,1716779.26,0,0,0,0,9406,2212,58614,3284,,,-100,-100,0,0,0,1,,,,,,,,,,,
1791093504,8tg1ZDKuTsrohBbdW7ix3NJsmAmfk79Wj6AfHQdxpump,ZKEY,FRWi27sfaTvo5qpV7NKGfJF7acLKhejW8GxtP9FW3SoJ,pumpswap,1790993729,0.000002773,2743.67,2462,2462,0,0,33.6,585.54,0,0,0,0,0,3,3,36,,,-2.34,-31.79,0,0,0,1,,,,,,,,,,,
1791093501,432Dtes4TzhxLhfyZtyVhWLcv18HZ3bMZL3F2eeepump,FOMOSEASON,BVjeB2bw5md6EZcYeXGu4x7fyjm4x98tJXid2eNZQRT,pumpswap,1790999872,0.000002629,2619.3,2537,2537,0,0,7.97,201.04,0,0,0,0,1,2,4,35,,,0.39,-13.31,0,1,1,1,,,,,,,,,,,
1791093506,AXC2XcQiVx6UfCgLHjpRBU4nupF4WdsptydKQCvxsRuU,AI,hbXdZafYL5u1KCyXhwgPe3hwU1dJxcP31jwgmTkk4n7,pumpswap,1790995343,0.0003179,56161.75,293440,293440,1003.51,28699.11,150559.14,1589620.52,8,5,221,145,1003,794,12236,9218,2.89,-1.44,0.06,63.69,0,0,1,1,,,,,,,,,,,
1791093501,4MHsG8YKtqUskMruk7o53ETHjrfHkMz6rnRtDW9vpump,LATINU,FVaFW1td8uyBTAyMrTb1Dn8r9FY19aQXMYFJYoSr6fxw,pumpswap,1790993937,0.00001614,9671,15672,15672,0,3.14,204.21,7294.92,0,0,0,1,1,4,51,81,,0.11,-7.24,-48.59,0,1,1,1,,,,,,,,,,,
1791093510,cGyrGVj2CUZUXCGh9q9XXVwCMj5uLocbKy6WdMspump,TIPTOE,Di7sEKgCz2q3Zp3Y2U5eGEHzmf1jUP2JQzZRpsDhPR3u,pumpswap,1790992026,0.000005011,4434.79,4796,4796,0,5.23,110.15,15189.37,0,0,0,1,3,11,190,222,,-0.26,-5.33,-37.11,0,0,1,1,,,,,,,,,,,
1791093501,2yDAyrrzefmZeMtkQ2e6wH4o1tsUoL7wDbs3nbmJpump,ket,7452UAiuDhELm63KEMJaL8AgzJrC129JfRvxQ4eBr11a,pumpswap,1790994646,0.000003639,3671.42,3484,3484,0,0,77.43,1353.99,0,0,0,0,2,5,14,67,,,-0.6,-42.87,0,0,1,1,,,,,,,,,,,
1791093504,7CE1oV8Xey7pgmoKPou8Xrqa3t5VF5KLviTjxdWVXNwi,STOCK,5NLWu6ntKvtFNSx9Sc5nKdsthxNf1WFmdRtj7Dj6gZPN,meteora,1790996104,0.0000000006265,1.09,1,1,0,0,0,0.01,0,0,0,0,0,0,0,2,,,,-2.29,0,0,0,1,DYN2,,,,,,,,,,
1791093505,9nrtbvBZwjgYcGfYbnCf5URrRKHZPX91yCaCCQKrjuW2,DOTPAD,2sVJh1rmY5XjbMpMrNd3WWW25Chq9xmXrALH4387B1Ko,meteora,1790996113,0.0000000004346,0.77,,,0,0,0,0,0,0,0,0,0,0,0,2,,,,-2.52,0,0,0,1,DYN2,,,,,,,,,,
1791093501,2bQBNJfkGLsCkKEHJUgdFnPoQvDqpW6SYoJ6Zfrtpump,REP,4cftQSYQhW2RcASwQR3hW3J4UVGc4u2YCvY4PmZ4B86j,pumpswap,1790996261,0.000009223,7123.02,8496,8496,0,318.26,6760.76,168277.36,0,0,7,17,122,153,1863,1615,,-4.89,-54.22,-90.43,0,0,1,1,,,,,,,,,,,
1791093507,CSEYLJr7gQ6Z5hbt4ikWLfuwhzmeonsnSYGbkRPQXKxN,SWAP,5reM2Drvc77ngrMoNFuxXM5r2dZkUky2p7o7RYvM3Kad,meteora,1790995977,0.0000000006160,1.06,1,1,0,0,0,0.01,0,0,0,0,0,0,0,2,,,,-2.28,0,0,0,1,DYN2,,,,,,,,,,
1791093509,GK5xmYzh6axzYKRwWH56pbXvaUDVNdJBFJ2pD7Papump,PENIS,5TN2PjsbMQ965W3scNTbkBGEKGxhqwqchhR38jbFxgUf,pumpswap,1790996986,0.00002040,12906.5,20066,20066,0,0,2425.73,23270.45,0,0,0,0,19,15,123,134,,,-7.74,-63.11,0,0,0,1,,,,,,,,,,,
1791093510,gL9Q3xjXM1BdopmHn1R7Kb3Eim5NAQ1eWGNaTj3pump,TIPTOE,BL7ban83XxQ5uxXUXFqKEti3Qgdx1QCpT7k4tpW9Ag6Z,pumpswap,1790997315,0.0003988,59637.51,385444,385444,296.65,21154.06,198441.98,1091064.84,6,6,127,183,1297,1169,6275,4956,0.21,17.24,9.09,780,0,0,2,1,,,,,,,,,,,
1791093501,4RbsHw9H3EayjgfWXq2KaLvbREFua8wkER3gdLViLK3T,BAG,86uTMS774PnKXVjXdzaJ1qEKjpwkk9vcCFpWEVW8UX3J,raydium,1790983311,0.0001753,41336.94,175334,175334,0,1574.85,9935.82,93337.59,0,0,23,11,130,85,744,568,,30.17,4.22,-51.9,0,0,0,1,CPMM,,,,,,,,,,
1791093504,7MxLJtA8pfx7UwQLzPUCj3vpcg3hoQrEsX9eVnSBpump,CLICK,CiGP87mp4ngviYDQPSybT3g1Y7JXGLXvjHVXM39i4xb6,pumpswap,1790997941,0.000002532,2548.21,2413,2413,0,0,2.7,66.44,0,0,0,0,0,1,0,25,,,-0.19,-5.27,0,1,1,1,,,,,,,,,,,
1791093503,6w5s8REWoQH6k4UmLzoDTVNy9YVtRvkjPFG7Lrxvpump,CATBOT,J5DTQBcCm46CorpHjyj7UbiKoaaXonQDRBtToMCnU2c,pumpswap,1790996136,0.000002531,2785.58,2459,2459,0,0,0,38.25,0,0,0,0,0,0,3,7,,,,-1.7,0,1,2,1,,,,,,,,,,,
1791093505,9ZfC2qaXFYxwuh1c27K8bce1jHb4oReQgAvrjwWdpump,BOXY,92knjGRwJaehxfdTJxrbqa2Yum9X1EhWnUJ35YG7nevX,pumpswap,1790995161,0.000002875,3281.25,2783,2783,0,12.6,20.67,179950.61,0,0,1,2,11,9,771,714,,-1.64,0.91,-96.77,0,1,1,1,,,,,,,,,,,
1791093510,JDiA5P8SdMuiuzzwSXAgf91b6NhqTLXiMq85mMMPcefL,Ember,21tQ7YKDpr4yJ9dJFpNRbKZ2PY9T13zLKzUfgqpTRiia,meteora,1790997893,0.0000000007674,1.33,1,1,0,0,0,0.01,0,0,0,0,0,0,0,2,,,,-1.76,0,0,0,1,DYN2,,,,,,,,,,
1791093508,F94bbEHfPkHGBKNBAQqbGksvUrxXcCYdNF4BFTMupump,CHAD,5NqJBeBn6HXkJTctA2JsbHwKQ7isKjqc1YiXLXrn2aY,pumpswap,1790997931,0.000002410,2613.98,2380,2380,0,0,0,24.25,0,0,0,0,0,0,2,3,,,,-1.51,0,1,1,1,,,,,,,,,,,
1791093511,neJzh2HnhHHoK2SLn5N9NoZ8n4zvxtryzPkEzWCpump,USWR,iNRNyzq8SX4s5L9q8N1nxdGVbQQxXgbsKMrjppSEkyo,pumpswap,1790997631,0.000002463,2479.75,2463,2463,0,0,266999.11,460353.32,0,0,0,0,756,697,4479,3163,,,-99.99,-99.99,0,0,0,1,,,,,,,,,,,
1791093503,66AWe32EsYLbTa6kYz4D6EXRHsS1KH5tU8FDU6H5ToLX,Vampcoin,2QYMv8XzJ7Q7MFjxZHvqfpfTzCUDFNcT7LMjM1QLP5tG,meteora,1790999905,0.0000000006217,1.08,1,1,0,0,0,0.08,0,0,0,0,0,0,0,4,,,,-24.73,0,0,0,1,DYN2,,,,,,,,,,
1791093501,3Yn3spj2Q6D6FgKXHMPgdiC27Rgv4k7d7PPXgZSuRTJ5,GTA 6 Coin,BQxhWHza9E7Fy2arDLZUsMq7P5NB2YHBdk3eniF7qBZ5,pumpswap,1790999265,0.000002455,2472.37,2443,2443,0,0,0,4.45,0,0,0,0,0,0,2,1,,,,14.26,0,0,0,1,,,,,,,,,,,
1791093505,AH65Hay9GUiM87aWeRdfu7psq5xEcZW5K1FrmKR6pump,Hermès,2KfXDqcma9Ao3pQU8gXCDw4ZH5cegtpWsZ5KQzKqT4Vn,pumpswap,1790999204,0.000002120,2143.42,2111,2111,0,0,0,2.89,0,0,0,0,0,0,1,2,,,,-1.51,0,0,0,1,,,,,,,,,,,
1791093501,3S6nzrjkCr7qCPMzcBbgkH1ycuLvEE4UQmaVcBtXGiwr,OMNI,CqwVMbfvEQZKhke8sTtEHsXprhsFMZYwTYePgHCR94q,meteora,1790999241,0.0000000004165,0.75,,,0,0,0,0.01,0,0,0,0,0,0,0,2,,,,-3.74,0,0,0,1,DYN2,,,,,,,,,,
1791093510,YbYhD93eSsgyCbMEUBWHpUc5wNjUbWe7VWQTvdPpump,GENIUS,8weKxS6ksge7okrCQZoam4PRKb5aJ34ZadrLQTpSa4yt,pumpswap,1790999494,0.000002313,2355.43,2228,2228,0,0,0,2.49,0,0,0,0,0,0,0,2,,,,0.02,0,1,1,1,,,,,,,,,,,
1791093500,26VsYcDJ4Vv8C1TbbCg8K9ZQau8xre6CK1CD2hdEpump,ミズラ,Gko2ceqFsNjPbwdt9vVzNKUBHC5vjjviWAYbHzgsCi81,pumpswap,1790998356,0.000005971,5342.97,5793,5793,0,163.76,3998.56,260817.32,0,0,4,8,90,90,3213,2332,,-6.82,-42.13,-89.99,0,0,1,1,,,,,,,,,,,
1791093504,8HQgEcbhR5Xoh735zvndAocCLd7wdAYJfWHV55J8pump,PUDU,95WhUbKGxbWEjj9UgZtcEAMXoBmTSmHRAFiAxPLFf1FJ,pumpswap,1791000628,0.000003626,3737.02,3535,3535,0,0.06,29.51,17625.59,0,0,0,1,3,12,307,456,,,-0.65,-80.3,0,0,1,1,,,,,,,,,,,
1791093510,fKC3eHWWXzJxfqHe9KvJ8ESdSdtvSLKJJVDWbzD7ZVr,KIRKOWEEN,AyoayrgRcYJqJUHtHThcv4wSguk6QE68CcDUgcnj81uM,meteora,1791001268,0.0000000006218,1.08,1,1,0,0,0,0.09,0,0,0,0,0,0,0,4,,,,-24.95,0,0,0,1,DYN2,,,,,,,,,,
1791093503,6CRFuxnxcYzPrTxJDNai1vwzyZExKaiGLL15P3Pd3DTj,Pumpoween,8nNX41YPNELzd8PkDUvF5RGrJeoGHAXShTdtN5XwhF3j,meteora,1791001395,0.0000000004368,0.77,,,0,0,0,0.08,0,0,0,0,0,0,0,4,,,,-31.59,0,0,0,1,DYN2,,,,,,,,,,
1791093503,6hGhEQzgoiZMyVPX3VceQ9uH5CfiAHk4QCHxFWfrZZn4,Gustavo,33n9UJNkwvKFv7iAPippAXMs5xQQwbEy5DuF9cFycLMr,pumpswap,1791001113,0.000003029,2968.84,2679,2679,0,0,25.96,199.23,0,0,0,0,0,1,1,19,,,-0.4,-12.32,0,0,0,1,,,,,,,,,,,
1791093502,5ndxUPCiE6UBq8TSiuUT7M2eph7QmhLRbG9HSh3KJnb5,SAND,3KucCcgUJN7jPU4PkZzr71NCgPFWv6zLeQAhV6Uwz79U,raydium,1790956083,0.06231,62048134.85,62317078,62317078,0,44815.17,89852.43,326128.55,0,0,3,3,10,10,36,36,,,,,0,0,0,1,CLMM,,,,,,,,,,
1791093503,6REnZgtxhwdSAHczAp4J5PRsGQYQt7T3x4kEDyfs9U7y,HOLD,FJtWKJjJj18ySYBATorRXJNyM3YHXiob1aifGNyoVP53,pumpswap,1791001585,0.000003871,3888.53,3594,3594,0,0,137.16,392505.79,0,0,0,0,3,5,2068,1922,,,6.01,-99.37,0,1,1,1,,,,,,,,,,,
1791093501,45tPsmYeExLfo7FTDtenPNR5tkFBTza5XERis4Z1pump,t1t2,A9tyH2nNGxgqKGjacFFZgFrX1MdFDpz1BGGDz9Evqx1F,pumpswap,1791006461,0.000003317,3208.92,3143,3143,0,1.18,1.77,95315.76,0,0,0,1,0,4,1024,1022,,0.25,0.81,-92.43,0,1,1,1,,,,,,,,,,,
1791093506,Aop4kuTaViTjb7Vps6BAtiLAQxGYohmBvyoqkLiRJkB8,TripleS,HRRWpAxLr18fM9oAMt9upcPCNSUvJCFtEBTujBvMWqtW,meteora,1791002824,0.0000000006659,1.12,1,1,0,0,0,0.08,0,0,0,0,0,0,0,3,,,,-23.11,0,0,0,1,DYN2,,,,,,,,,,
1791093507,D2z8q3e7oKN6nNt2tvSLTBmvEGAFWvvMH6CR9thQ2d3T,SI,6ZHtA8edAkXMrKsU76XaPTw1rY1gsAiqD1oAiVG4aQ7r,meteora,1791002888,0.0000000002477,0.39,,,0,0,0,0.01,0,0,0,0,0,0,0,3,,,,-11.34,0,0,0,1,DYN2,,,,,,,,,,
1791093500,2HeAe1PUn5ksYn9HM1VSBvJHoDsvoJGUHQBHrVGt8Mj5,$ALIEN,4VWrQ4kQFbtG6EUJDJiahNCcD27MmW53NZJ3Q1M6d3dX,meteora,1791002792,0.0000000006338,1.1,1,1,0,0,0,0.03,0,0,0,0,0,0,0,4,,,,-11.88,0,0,0,1,DYN2,,,,,,,,,,
1791093507,CkKU1sNSJ3sjTzmgHzoXaopQtGAD6JvrpmM5yQsWpump,Google,9UyCHSSohX7qNuAqyq5hZwFcdFUVwKbfsBnTZLoqyQKg,pumpswap,1791002632,0.000002127,2153.84,2118,2118,0,0,0,6.55,0,0,0,0,0,0,1,1,,,,-1.4,0,0,0,1,,,,,,,,,,,
1791093500,29bBfiw1uE7rTgoY8NPY3uaUhn1PMLb9dCrNF1eCYEN1,SOCKET,DhJ4cV8n6qKhX7o5j72N2g6MNY4u9NeMCJ3mMuDnsTsF,meteora,1791002349,0.0000000006095,1.04,1,1,0,0,0,0.08,0,0,0,0,0,0,0,4,,,,-25.95,0,0,0,1,DYN2,,,,,,,,,,
1791093505,9Xax6YJkh3MqE1BTtJ99K16xMFbeJ45mEeBZYG9Lpump,BREAST,DzNSq5jnNZdP2L7cbptbPsbX4DF2Hobsd8ya3HADp3s3,pumpswap,1791002922,0.000003722,3828.8,3632,3632,0,146.27,386.49,32199.92,0,0,2,2,7,33,554,671,,1.49,-3.98,-81.14,0,0,2,1,,,,,,,,,,,
1791093501,2x2Q2JH81iMqvFCSQAJVKhHcSBHko7TqYPXyM4eypump,PHROG,6bfjhUYVgXXenfLzDTBD6rr3434yqWuAvbZJJxa5QDn7,pumpswap,1791005973,0.000003097,3064.77,2980,2980,0,1.28,220.57,122121.64,0,0,2,1,3,10,1430,1228,,1.59,-13.58,-94.99,0,0,1,1,,,,,,,,,,,
1791093506,AnvZ4StCe91xbn8nCyW2dSooPRKyp9iH1ZZTBy5Hpump,Yukimi,6NknUQgM1u1FCcsdo2vLWhW6DXqqFMZrD3XJXKHidALq,pumpswap,1791005112,0.000002340,2353.55,2239,2239,0,0,5.54,16.47,0,0,0,0,1,1,2,7,,,0.41,0.2,0,0,0,1,,,,,,,,,,,
1791093508,FKQCt17wdmUokbMwNnn2Bs55TYvSWgikKcRCFEAFpump,ESCRO,9KTHkYoPBc8a3y259Cg7gyg5BgVfJkdAMA7gubocPgTt,pumpswap,1791003824,0.000004992,4725.08,4667,4667,0,118.46,338.07,308794.13,0,0,2,7,13,24,2767,3145,,-2.82,-3.2,-94.45,0,1,1,1,,,,,,,,,,,
1791093504,7WpjEm1xkfnHtdigUdmXnXmrYMLGHJWip4toSa7pucEG,Mr Beast,9mvnceo6bkp4DSioHbRKtnKHCJSAfGD6ox16GsDq7GXS,pumpswap,1791004610,0.000002186,2201.76,2165,2165,0,0,0,0.72,0,0,0,0,0,0,1,0,,,,,0,0,0,1,,,,,,,,,,,
1791093508,FWwnHcbPSrnuhQ5kFQEBu7fWsMemWskvLK9zqX4Fnjh5,🍟,98ybGp4VDhLDLUcAbjnu7QukMWBwzMcj4BEY7SY9Ws7c,raydium,1791006299,0.00006256,24458.81,62566,62566,223.09,2945.79,27329.81,434001.99,3,2,75,51,484,249,6038,3993,0.95,1.83,37.82,-40.74,0,0,1,1,CPMM,,,,,,,,,,
1791093502,53c62brTyYpWn9v9mWYHRQtBBZY6PHBEcXweEbEmtLtM,Dexter,DWKzC78t5EriXNyxCZXFAHzwM3m7GZnkyWtDYAd8G1gv,pumpswap,1791002228,0.00001976,10980.5,18827,18827,190.04,631.56,17352.57,208018.38,4,0,8,11,152,156,1712,1552,6.29,0.32,-4.18,-75.82,0,0,2,1,,,,,,,,,,,
1791093504,7MChGzGQC2TkHBk5Uby8kUD9qGshxfTViqkfzNyYNDYx,PRINTR,FSoheWg5gGYLYHwyfgUTPufxZXaZWQs9rLwBTzJLE5f,meteora,1791006517,0.0000000008688,1.41,1,1,0,0,0,0.04,0,0,0,0,0,0,0,2,,,,-6.49,0,0,0,1,DYN2,,,,,,,,,,
1791093501,2dZt7TphVCUU8Q7PpU3paBgjBLTDfxGky8wa2EGfjsPg,PRINTRCAT,E9s5YexnSuHX9FHzL9GH26RLuHUK93cE89Vm9g5Mtehs,meteora,1791006515,0.0000000006671,1.12,1,1,0,0,0,0.08,0,0,0,0,0,0,0,3,,,,-22.77,0,0,0,1,DYN2,,,,,,,,,,
1791093504,8Y6pHi3cMhxhtHuzgGAsWgAJMyw3zaQLeFFf3qvRpump,PRINTR,BoiL8W7CfhoGfjr3VHFH34GfKdkmGm7y1YyXbweLfcX7,pumpswap,1791005331,0.00004813,20597.9,44936,44936,208.77,4254.97,79421.17,1542583.08,3,5,77,72,906,702,14906,11076,-0.26,-0.27,-43.55,-90.48,0,1,1,1,,,,,,,,,,,
1791093508,EXinrnaBsgKnq66xs8bTXDQhq54GJs8pgMAHCZdVpump,Meta,B6opnyz3BqpEbRYX3r4QA8Kn4oppzvTEu4FAs4uqCTqG,pumpswap,1791006052,0.000002156,2174.41,2156,2156,0,0,0,41581.74,0,0,0,0,0,0,1111,3027,,,,-99.64,0,0,0,1,,,,,,,,,,,
1791093504,7e7uiE9nhhnRtqzStoPTnVPbXdUsfpgyoSjY2skzpump,KFC,F3NG9miSRRhwvruZ22sfghZ3JANDWHg95jamNGwBDUaj,pumpswap,1791005317,0.000002184,2215.16,2175,2175,0,0,0,99511.22,0,0,0,0,0,0,4281,7905,,,,-99.8,0,0,0,1,,,,,,,,,,,
1791093501,2zXY3fGVBqGK6Bqk4p9U1iC3gstsM2riHFik1Gb33HuV,PRINTRCAT,B2ac8k8h1osFXiCUPDjrsN2XrPGJTZDEdjWuVXvVZRR,raydium,1791006103,0.000004406,6312.56,4407,4407,0,125.51,1101.33,73974.96,0,0,4,3,25,43,1526,1295,,6.86,4.48,-68.62,0,1,1,1,CPMM,,,,,,,,,,
1791093509,FqaXSmG2xhKgQTPvp6h9QNZ4nUowfYXRJnt3tDWgpump,ONE PIECE,8d55TRqcgUEjbLUBdLRm1NLa9ZQT6w697raCHBLZvbX4,pumpswap,1791006250,0.000002124,2151.06,2115,2115,0,0,0,89353.86,0,0,0,0,0,0,8737,10244,,,,-99.71,0,0,0,1,,,,,,,,,,,
1791093509,Gf8y2bdg2mQZEnHgiCNGSiNMPnbFceWUYAn3HY5Rpump,FeeFlow,34MS9mCs6D9Y5RcZyc3LSJqKD1hW8dwaPuGyytyLE7Dd,pumpswap,1791008760,0.000003072,2999.76,2716,2716,0,0,9.76,73748.44,0,0,0,0,0,3,1153,1070,,,-0.8,-93.66,0,1,1,1,,,,,,,,,,,
1791093510,fJ5tNJQzyaGbx9oiz2MTdpP6ZRRgcaTM9AesKReCZWC,PONK,HToym65Q2pD5LxGYjAkn42TMe8xdLubs9WTMW92HCmb1,raydium,1790960821,0.00002266,25573.42,22665,22665,0,27.93,982736.15,3032406.79,0,1,3,7,29,58,341,424,-0.03,1.01,-17.63,-42.07,0,1,1,1,CPMM,,,,,,,,,,
1791093503,6DCPs3QyhcVFhV8J2mPLX2QvvjqR8R5Rxv987FAmpump,ENSNetwork,9UpZ77qjXa3Mi6WhrkAfXGdDBUCy1oS7AmaBUSjwbNd1,pumpswap,1791006166,0.000002398,2537.15,2323,2323,0,0,0,388082.47,0,0,0,0,0,0,4826,6072,,,,-95.84,0,1,1,1,,,,,,,,,,,
1791093506,BcxwcKsSrNDFPuHPNNpcCxibn9QmP6ieXGqixjhEgtjW,PHROG,ARwF526f5FQB7VpLw1bPVEKPbTV1gcZaceUnaJkw7HAf,meteoradbc,1791008769,0.00008074,,80746.89,80746.89,0,0,0,1881.81,0,0,0,0,0,0,28,22,,,,430,0,0,0,1,,,,,,,,,,,
1791093502,5PfzcD34FVT819jhHKfAyKbzD9BZkQbVbK6uQTjRdzNp,FeeFlow,99AmUmPAZTBWAss7RYsgDpHVHdkddLVnvqA6pSweeBHA,meteoradbc,1791008781,0.00004073,,40730.37,40730.37,0,0,0,8358.25,0,0,0,0,0,0,288,280,,,,150,0,0,0,1,,,,,,,,,,,
1791093508,FZ7TuWUNmRS32Wt34uejNUcqA6DkwxHuxmUFbwbsBAGS,DOCK,F4MAmkCPQxhkuKDV8J91omYF9mV6cV7mptMY8aEF1FXT,bags,1791008778,0.00006694,,66944.64,66944.64,0,0,0,2.34,0,0,0,0,0,0,1,1,,,,-0.08,0,0,0,1,,,,,,,,,,,
1791093507,EKcccTt9rYR5asHggTeCmmxdSPiyypRwN1ujPwJpump,Apple,R7hFzJzNmFEreSQAC1Tyx9pymcLHPT7c7EBmN5BTZpz,pumpswap,1791007018,0.000002126,2159.97,2118,2118,0,0,0,153870.14,0,0,0,0,0,0,14682,15715,,,,-99.57,0,0,0,1,,,,,,,,,,,
1791093508,Eo5niboDG16WunKLMigPvTkpHkCpStTibXNgJGNxCcdj,ELON,vQ2j5WuNAMuaSoJcwkz9ho5yJPY6jnYq3JrQ4s4MSgH,pumpswap,1791008558,0.000002121,2141.66,2115,2115,0,0,0,88161.09,0,0,0,0,0,0,3689,3896,,,,-95.73,0,0,0,1,,,,,,,,,,,
1791093502,5F1Se9J2L16YcK1fpk18NhSvnPjtyjQSaczKGLDoV1Uy,犬神,H3xDA1qcBodiESGUQhp6GQqnm6wKDFWwvP2CGMM2M1Ru,pumpswap,1791007552,0.000003265,3216.79,3140,3140,0,63.03,88.86,227072.13,0,0,0,4,0,10,3391,2745,,-4.36,-6.19,-93.4,0,0,0,1,,,,,,,,,,,
1791093507,DRuUTQwk5wA51MVLF8u8VfMDsB463rAKJ6JmUr4S9Bf7,Y/NO,HthswCavhSd395KoNkt8XdUkLxANvAz4956iaXWHemWZ,meteoradbc,1791008749,0.00005737,,57374.91,57374.91,0,0,0,8452.92,0,0,0,0,0,0,392,417,,,,30.04,0,0,0,1,,,,,,,,,,,
1791093503,6R1F4sNySF4NKGdhW3UhESWuYYRu4Cehk5rn3mGP375R,FROGE,DHXZ4PwqAbtngJPBQRuGrxMJuCxGnV3hVVFPw3R2Xe5J,pumpswap,1791009160,0.00002015,12077.85,19432,19432,0,1089.31,6648.89,1407882.61,0,1,25,17,82,121,12204,10521,-1.25,-12.28,-42.38,-57.21,0,1,1,1,,1791093596,1,1,23,18,55,98,3533,3298,100.0
1791093506,Bg2Du2Hbz4hTC2UTUvfduP6WvCzGJsWkphoED3tgpump,Mymo,7dZN724n3F7VPMwDXU9dNJHPzKEapoDJ1ktZ37KwckpT,pumpswap,1791012669,0.000002545,2540.83,2444,2444,0,0,0.51,66995.26,0,0,0,0,0,2,785,883,,,-0.51,-94.84,0,0,3,1,,1791093596,0,0,0,0,0,2,441,584,100.0
1791093509,HAcEqEVru6dRbe1grLFTPBxjxGgjn1tVpR7bLgYXdust,DUST,9KBF3KqYErfs1NXRK35gb4J8wnAD2i9ePZAzcwn7yhFT,pumpswap,1791011965,0.0001026,32155.46,99777,99777,1187.58,14840.42,106415.1,3469849.09,15,9,211,153,1166,1059,30922,24663,10.95,26.2,-27.28,108,0,1,1,1,,1791093596,14,6,118,129,568,603,9194,8524,100.0
1791093506,BarLDxDMQLTQfV1b4kes2AxUkK1pFNZtGCKQqtjrKXQD,VOYAGERS,BGDp8Z8rbVLrRhQAmBs4f9QXeQYL15ERq8byC1zAoYda,meteoradbc,1790986729,0.000006824,,6824.79,6824.79,0,0,559.85,10430.31,0,0,0,0,0,4,81,25,,,-18.91,-48.78,0,1,1,1,,,,,,,,,,,
1791093509,HZxurfDsZb7DCQuKZbGCt7pZJziGxkXiQHuP1ysKpump,ITR,8y5JGTmacx3rVVReWsfyWFUdD2aNifqZx6xwtTg6z6VS,pumpswap,1791009272,0.000003504,3501.6,3360,3360,0,0.07,11.24,579916.19,0,0,0,1,0,2,6660,5366,,0.18,-0.02,-92.77,0,1,1,1,,,,,,,,,,,
1791093511,pFftuUXhSNjVa1qZ8c9Ew6CQ7WNaoafWeh8SokvnXMx,LAL,HsjmtG3HZmUDp7BgBBs7z1Wx2d7iLTWB1LpBUBikUBmA,pumpswap,1790946834,0.00003220,15330.76,30801,30801,1769.06,3114.1,9953.74,161255.27,28,8,56,25,139,116,1372,1113,-8.6,-21.36,-22.68,13.6,0,3,2,1,,,,,,,,,,,
1791093505,9pX26H1nrGDun26gf5Zmt64f3Ki4NscvQv1ocbFHbiMz,ITR,E2hbSDRBgej63LegnMoBTX5J5MYi8jizZcyA1KEvWwDa,meteoradbc,1791010879,0.00004793,,47937.97,47937.97,0,0,0,13833.73,0,0,0,0,0,0,289,345,,,,207,0,0,0,1,,,,,,,,,,,
1791093507,DYUUbfuUjfzsec9TW9Tp6dgrrFEwjwkNKfGwq1kPvxzi,Mr Beast,AC4pnaGYoFMUNCSSKq9A1WHwxisNNfQRvRUz74m1Uw62,pumpswap,1791010342,0.000002188,2212,2148,2148,0,0,0,127247.44,0,0,0,0,0,0,11479,10825,,,,-95.59,0,0,0,1,,,,,,,,,,,
1791093501,3CGdtbTBtKnoFjCCRJdEofAkFFsgzyHeNPNzsGXZM5gQ,BARRON,7nzq15nUphVePU3hHZVNGMoiPHp1uosGfnsBeAJPt4EQ,pumpswap,1791010696,0.000002122,2150.32,2115,2115,0,0,0,132772.89,0,0,0,0,0,0,7846,5843,,,,-95.72,0,0,0,1,,,,,,,,,,,
1791093502,4zWNzT8Luxfk7PgyWysqMfmPxpQFyZ7xmzgfKAYGpump,SpaceX,Gmv25XDYeCfVTbsx5qxnhQv7uboyEKE9kEvj6zJEPR3R,pumpswap,1791010446,0.000002135,2175.44,2125,2125,0,0,0,241486.21,0,0,0,0,0,0,15457,22716,,,,-95.7,0,0,0,1,,,,,,,,,,,
1791093504,7z1eopfUnB6GMKwfXAssf9JVepjBrt3dHPeowCtHDdJQ,Haaland,4TSKqeEddJTBT9H6DMT8bvb8MP1nmmbHiR9j6yzQ8fYM,pumpswap,1791010501,0.000002170,2188.2,2171,2171,0,0,0,77800.66,0,0,0,0,0,0,5871,6262,,,,-95.63,0,0,0,1,,,,,,,,,,,
1791093510,J7YGsbHef15JpHWYTXbdtYq79s811BgVbpoTSoQbpump,NUMANCAT,BAZLf542gjUpDgQVaLcjvqW6PGfCka8sH9oJeD13JmHu,pumpswap,1791010816,0.000002446,2506.01,2378,2378,0,0,0.08,229029.78,0,0,0,0,0,1,12240,4249,,,0.39,-95.02,0,0,1,1,,1791093596,0,0,0,0,0,1,2271,1954,100.0
1791093503,63jSvd6gNwE4ueTcfHwK5cvXFP3RcDLfw3j5tAefpump,ZECPAD,Ejc47s4szxqGJVnNVgHJBWVtZG56QM6XXwxGYMn8WYuC,pumpswap,1791011593,0.000002343,2388.2,2261,2261,0,0,0,141469.06,0,0,0,0,0,0,1640,1609,,,,-95.3,0,1,1,1,,1791093596,0,1,0,1,0,1,443,479,100.0
1791093505,92ub6sPSU17SVe8fPFjUD5mJ4VnohM5Wndw4Cwdrpump,WATER,C5ifEbuQWG2DJgGXT4AGv3MHTd3GuWcY6Z5YBWLRUPuW,pumpswap,1791011449,0.000002946,2898.72,2800,2800,0,0,0,152690.4,0,0,0,0,0,0,2418,2116,,,,-93.9,0,0,1,1,,1791093596,0,0,0,0,0,1,997,1096,100.0
1791093506,Ban1QaquJCpWkZXMneVBqVBkqeBTFYQqZRkco2CYpump,Botizens,GjAseiM3ZW9exTi3vdQBy9EmW7GULiEhnpJgqzu6tj2D,pumpfun,1790931118,0.00002168,,21683.83,21683.83,0,1667.33,5435.74,63675.98,0,0,16,10,51,50,614,474,,-0.21,-20.76,-12.06,0,1,1,1,,1791093596,0,0,16,9,42,40,275,259,100.0
1791093507,DxT1KcDPoehCBecScEtr4FT5UGhEnPM2PCQJknTBYRqd,WATER,AiCE9jcozXED3ih849wbX6DUPxXxaTboeA1NBqHXTxqC,meteoradbc,1791011979,0.00004489,,44897.7,44897.7,0,0,0,10002.15,0,0,0,0,0,0,219,244,,,,187,0,0,0,1,,1791093596,0,0,0,0,0,0,110,113,
1791093504,7qLk4xhyY6XheAP5vWmj1uP8u1h7eehH8SwpcEzrpump,Odyssey,8hJ71PgbdDca1qiUrn9gZvKuqRm3eyJmRetNJKLFzYeC,pumpswap,1791012027,0.000002116,2135.23,2107,2107,0,0,0,93039.37,0,0,0,0,0,0,4496,6044,,,,-95.74,0,0,0,1,,1791093596,0,0,0,0,0,0,465,2156,100.0
1791093502,5Mx2FyWUZY44akK1U47Lvm4orRkgnshZxi9xwu9w7Jc4,bamba,2ZUdr65CcKcv7qHCwWwje7T7FTvfDMyAmbig4ig9PX5w,meteoradbc,1791011933,0.00009028,,90282.91,90282.91,0,0,0,2151.36,0,0,0,0,0,0,8,0,,,,18.26,0,0,0,1,,1791093596,0,0,0,0,0,0,8,0,
1791093506,BKmrjcrmsyuXBRy683w8nGwLpSe8HDApQ397n4y3pump,GameStop,H375MRsyQiMUNmkeecccrykkx8FtFzV9gvaPkYGTJ3cS,pumpswap,1791009799,0.000002167,2204.84,2155,2155,0,0,0,247352.53,0,0,0,0,0,0,29729,30135,,,,-95.64,0,0,0,1,,1791093596,0,0,0,0,0,0,446,1248,100.0
1791093506,AXnZXfeUu33KEqB1HaonW9iTWd2dnN1oAsnXL5zS6gu,KIN,46mSyHUuT4phC8N29cVEwo4bu1sty9WmMqyg3CRgcnVW,meteoradbc,1791013651,0.00003977,,39775.99,39775.99,0,0,0,4163.27,0,0,0,0,0,0,97,117,,,,156,0,0,0,1,,1791093596,0,0,0,0,0,0,91,93,
1791093509,H44S3BaXEHSCEfgKYJeV6AFGjYnN1Sxy6Fh8TafEpump,airtime,FRUi4kfMU2nCpBh2guZHD2sCiSVuSX9kTVUGB2VvyQPJ,pumpswap,1791013708,0.000003498,3398.62,3378,3378,0,293.47,943.7,265167.76,0,0,5,4,8,15,3344,5520,,6.09,-32.35,-92.9,0,1,1,1,,1791093596,0,0,5,4,8,15,1221,1311,100.0
1791093510,L2YCdhFYuMEXNz2X9nNjSKjqCBLZbRF8kDodZqbBbEp,GTA 7 VII,A8K8AMEtcqxudi1P719qrKB3rBvYbNKxJAKXPvsne9MH,pumpswap,1791013096,0.000002456,2477.73,2443,2443,0,0,0,236227.34,0,0,0,0,0,0,24736,20345,,,,-95.05,0,0,0,1,,1791093596,0,0,0,0,0,0,441,971,100.0
1791093504,8oiqV7E5wNEPYuBkBaTQoDYh6CZgGRfKLQrCuEY7pump,KIN,CqiPXZyiCewkQQjLDMM498wKo8pk2SqkK3wC1m3TAGVg,pumpswap,1791013273,0.000003853,3883.3,3737,3737,0,64.6,309.3,749368.73,0,0,2,1,6,9,9010,7632,,3.71,4.2,-92.19,0,1,1,1,,1791093596,0,0,2,1,5,9,2918,2829,100.0
1791093508,Eqs3QLzusg5GP6PjADVssdPykbPpHYgfnUXU1FdUMSUR,Van Cleef,GqTe8WHhtjwAvhoy4v1bADqiZQDwW6MTPur4gzPWkxCr,pumpswap,1791013586,0.000002126,2149.56,2116,2116,0,0,0,116478.63,0,0,0,0,0,0,11967,11195,,,,-95.71,0,0,0,1,,1791093596,0,0,0,0,0,0,390,932,100.0
1791093500,2NYx446BXeufvniFpvuWeH5X3hjCHbLNJngzWC6GFNJ3,airtime,CEBmtEhWtRhqAXFoaKErXiGJrsWd2i49kyKvwrzNwcyy,meteoradbc,1791013476,0.00004521,,45210.63,45210.63,0,0,0,14199.51,0,0,0,0,0,0,334,376,,,,176,0,0,0,1,,1791093596,0,0,0,0,0,0,171,179,
1791093508,ETbqN5nKYWSjin1BDqbLYQJNdmcEghAKnjQCiCPSpump,CLTR,5gW3wH27sbdoPyip8qcY6gvH6sDxDAshbm4dErYMt1Dv,pumpswap,1791029285,0.000004009,3830.9,3869,3869,6.43,70.11,738.79,352987.64,1,1,3,4,19,28,4240,3664,-0.25,-2.74,-0.21,-91.85,0,1,1,1,,1791093596,1,1,3,4,16,25,1628,1706,100.0
1791093506,B3ZpkVmvQ3EAWk5SN7hsEHzkYxQBBZsCSuAHpt1Dpump,LP,9x795G8oyNsucB1PhsAtocTmQdMTQzTcbaQCfMn4V1AQ,pumpfun,1791013979,0.00004905,,49050.87,49050.87,0,0,0,10147.93,0,0,0,0,0,0,5,0,,,,403,0,1,1,1,,1791093596,0,0,0,0,0,0,5,0,
1791093505,98vY5Kkq6QUNAMhYCsUQodGWrzxiSCgv6bZk7Sic3dH2,higgsfield,Cr6sNBQQwXjH84PfixVo5a7AAoG8xSAV984mX9wNcM9Q,meteoradbc,1791015489,0.00004256,,42567.02,42567.02,0,0,0,14335.65,0,0,0,0,0,0,499,546,,,,168,0,0,0,1,,1791093596,0,0,0,0,0,0,134,120,
1791093504,82CEW3KxKUKQTLoeq6nyJC1kdccpfg9qvphxATKFV9PG,CLTR,EvS2PEq85hebBJCtoLu5QuFQiDXNdUHpqFwD1qGzvW3a,meteoradbc,1791015621,0.00004578,,45780.7,45780.7,0,0,0,10505.21,0,0,0,0,0,0,370,336,,,,182,0,0,0,1,,1791093596,0,0,0,0,0,0,182,170,
1791093500,2Ldu5beCZNF7CwUY3qaBpaGrPbjXZw8LpfKaCcYrpump,Send,3WnAw3tFFDPwtbidFG1JFpkmEj7vKUxHpbpVT1VBFXfe,pumpswap,1791016442,0.000002935,3152.43,2838,2838,0,9.57,35.17,1088992.66,0,0,20,21,63,65,6294,7083,,0.17,0.73,-94.11,0,1,2,1,,1791093596,0,0,2,3,3,5,708,722,100.0
1791093506,AtpkxURHiJyDQuv1JU7rvPyni95twBWgjcGsJZK7y7mL,PROXIFY,2k8u5FDX2RMY6cMpjasDxXTjKTwnjzNR3cfEVFoaQbsi,meteoradbc,1791015419,0.0001280,,128052.04,128052.04,0,0,0,7361.15,0,0,0,0,0,0,176,220,,,,1031,0,0,0,1,,1791093596,0,0,0,0,0,0,127,131,
1791093502,56tGhg321cAn9y8JFNSeTnsUaVqB6zX9HSio3KKipump,VRAXWEEN,osNpJb5Pyxp1mHU9BkzHYfxsysJoU3w7NGvJzvVZyxU,pumpfun,1791015470,0.00004905,,49050.87,49050.87,0,0,0,10147.93,0,0,0,0,0,0,6,0,,,,1365,0,1,1,1,,1791093596,0,0,0,0,0,0,6,0,
1791093510,J1iLSWqYdaLXtQHkRAYhqg4SWwNmV4cZuciqHhiHpump,Tesla,DqJHw6c7cAqpUAh1T2dTUFxVobzRRRGhsjyRyVvpPMoo,pumpswap,1791014218,0.000002154,2198.01,2145,2145,0,0,0.02,249981.77,0,0,0,0,0,1,24872,26206,,,0.54,-95.66,0,0,0,1,,1791093596,0,0,0,0,0,1,547,1755,100.0
1791093506,Ay9V3r9JSNXrmGPJxYGeVG1Vm6vb1edrmQabEoScpump,SUKI,5yFCN6Gy6DGuek33DiSdt2AHHrdeqVk7eppaovJWywf7,pumpswap,1791014929,0.000002222,2330.45,2208,2208,0,0,0,723606.86,0,0,0,0,0,0,9603,7025,,,,-98.12,0,1,1,1,,1791093596,0,0,0,0,0,0,3270,3264,100.0
1791093511,ppAkjUeC7Gh4FWMiN7HSgF1M5qe7gtv2A5nBJmwX8VV,KIN,5q9r1pNdhyDTZKQZQ4q76nxbNCZ2TXkxdsmBCNXPvDBa,meteoradbc,1791015165,0.00003786,,37869.69,37869.69,0,0,0,13099.73,0,0,0,0,0,0,410,411,,,,133,0,0,0,1,,1791093596,0,0,0,0,0,0,189,181,
1791093506,ASr6b7avDCN5eftxCm5qfcPxwhmbyag5jTsLfgdwZ5qe,POKEMON,GrF6LTz64TjHFPgJAL79HMbfhDDsGUT86gySrTKzhJyy,pumpswap,1791015009,0.000002132,2158.55,2119,2119,0,0,0,142884.84,0,0,0,0,0,0,28642,23031,,,,-95.7,0,0,0,1,,1791093596,0,0,0,0,0,0,235,409,100.0
1791093507,CXM5FPcMC5kHPSEtxAAcFWQjQR86B2AHHfduthtRpump,HULKINU,EKPEGGFnYbvz4RKcbRRDzFznQ9hvyoG8vvvEy2Qcenbx,pumpfun,1791015527,0.00004905,,49050.87,49050.87,0,0,0,10147.93,0,0,0,0,0,0,8,0,,,,1363,0,0,0,1,,1791093596,0,0,0,0,0,0,8,0,
1791093500,2CPYYsnvWA5cjbds8Ng3kYrFv7sRujeG37Xp5YcsNcMJ,KIN,CuHQvPJjaEE6mNMd49EyHg38hdhEFjMbRNPxGKLa4nkh,meteoradbc,1791015302,0.00004720,,47206.06,47206.06,0,0,0,14573.66,0,0,0,0,0,0,442,454,,,,191,0,0,0,1,,1791093596,0,0,0,0,0,0,195,185,
1791093509,HQxmYKcbr5F6w8b8UQEk8e5SeSxjDeeh8foF3U5DHhFj,Ghosti,HTjuM1m38JY9N86ipVRFA8qvHvrS35EAXxD1bQC3hX7k,pumpswap,1791017206,0.000006998,5638.33,6777,6777,0,0,4.37,109512.44,0,0,0,0,0,1,869,796,,,0.76,-85.81,0,0,1,1,,1791093583,0,0,0,0,0,1,417,415,100.0
1791093502,5dyyu2XWGhWHua52JjfhoNSbDLni654DD5yR6DcYe3zV,PCAT,DuJRqJTcyHNB56xomwF6eqaQdQYp3RJmryEf5vr1ZJyq,pumpswap,1791016951,0.000003911,3950.08,3809,3809,0,13.8,1177.06,924726.83,0,0,0,2,16,30,12089,9648,,-0.9,3.2,-91.89,0,0,1,1,,1791093583,0,0,0,3,15,29,3428,3311,100.0
1791093502,4j4c1nDr9Q3skLFeFxZW1unSyNrySw5HugLLofizjRP2,MSAI,6eDbatxwhtitM9hJ5mW16aGFsCawhT2FEnbRwhPxizCt,meteoradbc,1791017357,0.00004211,,42119.3,42119.3,0,0,0,17913.82,0,0,0,0,0,0,617,728,,,,165,0,0,0,1,,1791093583,0,0,0,0,0,0,209,210,
1791093501,4C2i9Nwz9z3wWLYwUy6mdt84N9gwtGafXqyxyVSRzvai,Send,8KifZiN1QcPDx8zFHBaPb8PSKotvzfn714xU1f8jWEf2,meteoradbc,1791017331,0.00008182,,81828.39,81828.39,0,0,0,2339.24,0,0,0,0,0,0,50,44,,,,439,0,0,0,1,,1791093583,0,0,0,0,0,0,47,40,
1791093507,DCM699G1LZ4sughhkpQ89uuvSfE6Zwq3jMpT5xdxGVQX,PCAT,5wbmmZ82X82TdiY4M5BkGfEipAVji2jDXEEUtGtgTV4t,meteoradbc,1791017434,0.00004081,,40815.32,40815.32,0,0,0,1375.29,0,0,0,0,0,0,14,1,,,,149,0,0,0,1,,1791093583,0,0,0,0,0,0,13,1,
1791093504,7XpooMj5vCpAsEYm3va2soPKB8XWr7X23Kr12AimeoLF,Ezo,AwR8j9YvJxVwFWvuA6ojdZgnHpXk3YrEWhhR4t7uQjz4,meteoradbc,1791017436,0.00004611,,46116.2,46116.2,0,0,0,4250.53,0,0,0,0,0,0,101,107,,,,172,0,0,0,1,,1791093583,0,0,0,0,0,0,84,79,
1791093509,HNjB6ivNmcfwPZLHzoXogPTdE2pY8G4umaYSfDA4pump,MOOON,76mSx9h6HwkWmqZZHSR67wFdxSnQYHnMa9fcnR7wgoNj,pumpfun,1791017153,0.00004896,,48964.59,48964.59,0,0,0,10130.08,0,0,0,0,0,0,8,0,,,,1363,0,0,0,1,,1791093583,0,0,0,0,0,0,8,0,
1791093501,36ZYk5qbF18cg1cnsH7Pxhzpc856tgrkUdLaQHPQAvtP,Van Cleef,715o74i6hvetisnu7JVe9Zzn3KFZZLn9sy45RCepFUhR,pumpswap,1791016636,0.000002120,2133.93,2109,2109,0,0,0,93986.39,0,0,0,0,0,0,8425,8628,,,,-95.72,0,0,0,1,,1791093583,0,0,0,0,0,0,392,931,100.0
1791093506,BXcVVYNa3eojfTuJfmqEtzxHmqLJD5obUDbZiYrGpump,MSAI,UiWzhZDLxwEnfui6QfuKMDh3Zrjms98fAk4NB9wUYdG,pumpswap,1791017055,0.000002131,2162.16,2120,2120,0,0,0,174738.4,0,0,0,0,0,0,19193,20149,,,,-95.7,0,0,0,1,,1791093583,0,0,0,0,0,0,514,2217,100.0
1791093509,HUgsWdKLVgsFbuwu7TBKaZxPLquG4Uabj6pmVyMGpump,higgsfield,2Ahxme4Do8ukBXKLptD41zsG3tJ5DjmWxNkeZoq3kkgj,pumpswap,1791014852,0.000002134,2174.57,2125,2125,0,0,0,218522.6,0,0,0,0,0,0,12578,13199,,,,-95.7,0,0,0,1,,1791093583,0,0,0,0,0,0,474,2252,100.0
1791093503,72SZVRcj9VidyYRXiv97RkjTgoCYhoXPBcWeGpmpump,KOPI,HFoL8GtfUvFYW4XNtZE5fUrymJ8GoCzk7A1UhVZTTSZc,pumpfun,1791017299,0.00004231,,42313.35,42313.35,35.03,1123.3,2657.86,40464.44,3,1,69,26,173,81,650,287,0.37,10.66,21.34,1152,0,1,2,1,,1791093583,3,2,58,26,139,74,513,224,100.0
1791093502,4jxHBQ5YcUeu582x4h4firETkz1MTFAfmzys68xQpump,PumpFlare,CC2fHvC583SNAUFz3qbpXFW89BnV7FEy9W6YCysrJqTd,pumpswap,1791031849,0.000005014,4413.13,4716,4716,133.69,733.95,2633.3,75710.25,3,1,10,10,43,65,1278,1027,-5.19,-28.34,-45.95,-89.84,0,2,2,1,,1791093583,1,3,4,10,22,44,491,623,100.0
1791093504,7v9BBKkuRVRPbQhThpVsXoK466Pc8n2ckB9dieAVpump,XBusiness,3cB5XyQGc7mcUeyBE6ZkZogC5XFggEHQZ6eAHk5xWhrf,pumpswap,1791019261,0.000002126,2159.02,2118,2118,0,0,0,168868.61,0,0,0,0,0,0,14402,15467,,,,-95.71,0,0,0,1,,1791093583,0,0,0,0,0,0,441,2229,100.0
1791093508,EwMj6saeRS2LPc8x4nbNX9cnteLGVr8jiX2Y6KTdktS7,ROBOT,8USHT9LMeuJeLKw87gopp3MRjE2B8v2GG8prtzhaeE8E,pumpfun,1791019247,0.00003901,,39019.55,39019.55,0,0,0,12917.51,0,0,0,0,0,0,123,80,,,,929,0,0,0,1,,1791093583,0,0,0,0,0,0,15,15,100.0
1791093504,7Yaz7LHYfXSBaPrbskTXDEPTQTbbAhqg6bB69YxFpump,plug,GteZFaHzsnBEjjdg27VvZ8CFnG7t9s2hgAVNStzS1pza,pumpfun,1791019185,0.00002030,,20301.16,20301.16,0,0,0,603.38,0,0,0,0,0,0,14,6,,,,505,0,0,0,1,,1791093583,0,0,0,0,0,0,4,4,100.0
1791093503,6FhVPctYg363pQbs4iSvqyHe2cJzfsvFD96gePy6pump,EXFIL,2zPfdGd48k7B2U9yqZ4hJSPAPtoVU9uiEbFQYXEoeXkv,pumpswap,1791018416,0.0001026,28975.67,99891,99891,193.67,3880.04,49129.7,913710.85,4,4,41,30,451,381,6618,5280,-0.29,1.97,-30.93,108,0,0,1,1,,1791093583,2,3,27,27,206,200,2067,1916,100.0
1791093507,CkKGSFGZy9aJVBzkLH4huNo8P2YxsYXVYwFyZTSYpump,MONAWEEN,9s4E1iEmbmPiuURK5SbnajnKfmpMxMp8Gp3CekiT4j8c,pumpfun,1791018845,0.00004906,,49067.31,49067.31,0,0,0,10151.33,0,0,0,0,0,0,5,0,,,,397,0,1,1,1,,1791093583,0,0,0,0,0,0,5,0,
1791093505,AHuUZHDxRvjzWEddq6wGvk6rkJboi56zoFmuXTHLpump,Kim,BWJbWkWg1bcrhdkAiXJEFnaL3aoz8Z4ZXmE7N1RjE7hL,pumpswap,1791020489,0.000003499,3588.76,3385,3385,0,2.71,57.72,207940.22,0,0,0,1,0,6,2684,2355,,-0.25,-4.37,-94.14,0,1,1,1,,1791093583,,,,,,,,,100.0
1791093506,BGn3AF2mLUvsZFVNGsj8YWUoPc1sPMLquadxwZxapump,Send ,4upvHpqnL1VeoWRbzHW7RA5ZLhbMsjHwnTpo6BZBTf8E,pumpswap,1791021173,0.000002719,2691.06,2564,2564,0,0,7.12,50425.99,0,0,0,0,1,2,616,697,,,0.19,-94.27,0,1,2,1,,1791093583,0,0,0,0,1,3,339,452,100.0
1791093509,GFkfaUEJApu9Jf2AmAN2hgk5SteXRXJ19opJoL5bZwKw,JUF,AxsATeRkuWjW9eP8HB6uGu6teumn1hoah8rJHZbz4KUP,meteora,1790712022,0.0003880,58096.34,340689,340689,117.14,15899.14,92249.38,1756376.37,1,0,104,58,614,452,9235,7476,-0.5,-13.75,-32.88,1614,0,1,1,1,DYN2,1791093583,1,0,64,48,298,305,3544,2740,69.5771500446644
1791093501,2zBws6yXC8ZbRnHENvAFkiTmzqwg6YSLhFzpcydVdNRv,MONAWEEN,2EDMs32Cb9psPuvRhR8MHrzWtAary4QjqiRpK3S8KAnF,meteoradbc,1791020809,0.00004743,,47431.38,47431.38,0,0,0,20995.61,0,0,0,0,0,0,426,515,,,,204,0,0,0,1,,1791093583,0,0,0,0,0,0,194,192,
1791093508,EpYA4FL8MCiQg7FCaHBhsr8RzC7sXTNTM4ok97B7hY3J,Kim,HQEXkG8qRrjZ9YERSnqrDkSbq6511RvBC7FzazXaRtAq,meteoradbc,1791020674,0.00004088,,40886.8,40886.8,0,0,0,12674.38,0,0,0,0,0,0,361,429,,,,141,0,0,0,1,,1791093583,0,0,0,0,0,0,146,127,
1791093508,FXT7q3ijJgzDnUTiYq9CLSmLB96uNWsFCUyrMJxQBAGS,TROJAN,EupAm4Tjn2Yk3d24SS4aWYyFRYN1WRtPWKtdpGXfra7M,bags,1791020779,0.00006684,,66849.44,66849.44,0,0,0,2.33,0,0,0,0,0,0,1,1,,,,0.03,0,0,0,1,,1791093583,0,0,0,0,0,0,1,1,
1791093503,6NSxBUByyZsBs4JTYKTbvz9dPgiXRk4Yya4E7TQ6Ny6W,PumpFlare,F9sRrT1NX7shZG34J4WJ3aHw4Sj3hBKRhC81nL9eQ1sb,meteoradbc,1791020790,0.00009562,,95627.28,95627.28,0,0,0,2267.41,0,0,0,0,0,0,7,0,,,,20,0,0,0,1,,1791093583,0,0,0,0,0,0,7,0,
1791093504,7ZSn24zfJPzGiBAbSbvjfTGq4sNaumT8bWfVuEnGTRui,HERMES,4JynNNa1DDmH6jAeY4N8tA4Rw18ceL9927hQKReaMusf,pumpswap,1791019994,0.000002143,2163.75,2144,2144,0,0,0,93592.93,0,0,0,0,0,0,7539,7668,,,,-95.67,0,0,0,1,,1791093583,0,0,0,0,0,0,466,934,100.0
1791093509,HYTq4TwzJ72xDWBAs55wczeb1qQJiZpibLezM3QGWPWS,Van Cleef,5Poa71uSFDiXHbpHMvvacVjiiA1pLpujYKSrzVSnDie4,pumpswap,1791019914,0.000002149,2164.92,2149,2149,0,0,0,119453.3,0,0,0,0,0,0,10890,9825,,,,-95.66,0,0,0,1,,1791093583,0,0,0,0,0,0,385,926,100.0
1791093509,HdMhWiBCiDpyHGNW9n81q5b2BAMm5bn1e3hAueGxpump,OpenAI,EGZidbGMRqxsaaa1xNtz7iVLfJoHDrHrVpa37sTonG7W,pumpswap,1791019947,0.000002149,2166.62,2139,2139,0,0,0,79074.83,0,0,0,0,0,0,3709,5538,,,,-95.66,0,0,0,1,,1791093583,0,0,0,0,0,0,467,2147,100.0
1791093506,AznQHuzyocZYUHWqszxs6cJtS8WwEuhzPzJoqYXTpump,SARP,ESJ3iN8crzjThmSPGydnPWcHQMmspUQ4LBsfiTK8uYef,pumpswap,1790963541,0.000002681,2904.62,2629,2629,0,0,100.56,730915.64,0,0,0,0,1,0,16283,11474,,,5.52,-99.53,0,1,0,1,,1791093571,0,0,0,0,1,0,2110,2069,100.0
1791093506,Bf9i7oG8We16XBtgeAnNB9rDBnmCZPW37P7b6a9Hpump,KIN,CbzKGHsTui4uwb5gwKUHZ53VwA1VdwWoXjZbUzk7MgvQ,pumpswap,1791026779,0.0001192,31795.1,116156,116156,12.22,4758.98,48676.51,978421.01,1,2,35,31,358,345,7983,7137,1.21,-7.37,38.57,142,0,1,1,1,,1791093571,1,2,27,26,211,235,2911,2726,100.0
1791093507,CvExf3iCFYw6xDX4ogf2xhWCsSWtGf8NK9kp3HLNvABg,pumptom,26yHAWmPQwrrbgymgybsJWkW5cz9cz7uVQT93Qpqif9g,meteoradbc,1791022686,0.00003994,,39941.95,39941.95,0,0,0,14486.87,0,0,0,0,0,0,511,644,,,,172,0,0,0,1,,1791093571,0,0,0,0,0,0,201,199,
1791093508,EzLXxEDKofRL3neXMsPwfepyk6Jg6madEaHuz2yJ7FoF,pumptom,HqePKfnJnd4GM76P2UmA1cxVjadtimUDR2hUYQJxBRV8,meteoradbc,1791022679,0.00004392,,43926.71,43926.71,0,0,0,6239.34,0,0,0,0,0,0,142,160,,,,181,0,0,0,1,,1791093571,0,0,0,0,0,0,118,108,
1791093502,4YF8sCgHpA29xE3piWQ1wq9FjFuMAh8ezHCfUaJXZy7J,‮DNIM,9gH4PmGYGWrYkDzJhnTupWWd1eJeqRcDd2TKEPsuFdBU,meteoradbc,1791022688,0.001109,,1109095.54,1109095.54,0,0,0,597.6,0,0,0,0,0,0,10,1,,,,9.29,0,0,0,1,,1791093571,0,0,0,0,0,0,8,1,
1791093507,CbhMM1aBUPtUkbZofcDkhx5bHSUZASKE8WCJE88zpump,VORTUNE,v4sPoj469YDyEeDQoGJj2M5UFxjJwgSaVriarTAM7dB,pumpfun,1791022210,0.00004904,,49042.66,49042.66,0,0,0,10146.23,0,0,0,0,0,0,9,0,,,,1361,0,1,2,1,,1791093571,0,0,0,0,0,0,9,0,
1791093505,9Qmz39S4LvrtsBg9MuUPgdZKfXoYYcggZKjAsFQ7pump,pumptom,4fZAQ5y8CNFbLqpAJuGwHCGdJDHuUYoej3PhCRsbUnyd,pumpfun,1791022135,0.00004904,,49042.66,49042.66,0,0,0,10146.23,0,0,0,0,0,0,5,0,,,,399,0,1,1,1,,1791093583,0,0,0,0,0,0,3,0,
1791093501,4McBPgtoNxYmzcn1jspdXnnHmmqeg1dgmiEQ8BtFpump,Meta,EbCucTvhEX6Ynn4sEa2Ud1aLRXRio1gWVAAUxxS8bGUy,pumpswap,1791021119,0.000002157,2198.07,2146,2146,0,0,2.15,231769.6,0,0,0,0,0,1,23732,24121,,,-0.53,-95.65,0,0,0,1,,1791093583,0,0,0,0,0,1,511,1873,100.0
1791093505,9Mi8yQkw15sVhGfSuDLMquTeFzpfuEz1zJph3aCUpump,DOT,DBKPc6r7CJo2Pi8GApYJZQWyXyn8bWHid3CfJU8UggGB,pumpswap,1791021601,0.000005980,5338.54,5819,5819,0,19.39,880.81,758773.38,0,0,2,1,26,37,8880,7025,,-0.02,-9.69,-87.62,0,1,1,1,,1791093583,0,0,2,1,20,31,3096,2863,100.0
1791093504,8LijnJ5ReyjVpNhwqMPxuAPpKBQkmCmibXDV5th7seVU,calico,Eb1zZvS7wpbZ4u7SusW6mDYw6wozP2d8fUWbVzM4jPuL,pumpswap,1791023967,0.00001760,11069,17144,17144,69.93,934.09,11377.98,1340071.66,0,2,10,15,114,146,15273,11564,-1.93,-8.4,-34.75,-63.59,0,0,1,1,,1791093571,0,2,9,14,61,106,4558,4268,100.0
1791093508,FNityhaE6eKUAEZtwJMhwuWLEkDdW2SVUHJepLceon9j,Dug,yxPFujpKhQEcpFE5JBeeQixFDDMB4GqKL96xwvrFF2M,meteoradbc,1791025201,0.00004709,,47095.43,47095.43,0,0,0,16619.4,0,0,0,0,0,0,396,512,,,,220,0,0,0,1,,1791093571,0,0,0,0,0,0,166,156,
1791093507,DU1cDyferBdWDtGcWTfFNF1668R7nWAWQUKDCLDbFobe,Louis Vitn,J7LrzD4crLVzMVaFGYwx1fSKhzXBEJi1zp4cFDYGnkSv,pumpswap,1791022861,0.000002125,2156.02,2115,2115,0,0,0,232437.61,0,0,0,0,0,0,23724,19539,,,,-95.72,0,0,0,1,,1791093571,0,0,0,0,0,0,339,883,100.0
1791093504,7iFwYTjRYB1BFUCDoL1vsroH1Zp6vQawQmLxU6tppump,Odyssey,G6SBTAvdMn5gSU29Dh7XTyRJWWg4V7md6za3Hh1awhBY,pumpswap,1791023388,0.000002135,2166.27,2125,2125,0,0,0,168945.63,0,0,0,0,0,0,16104,17739,,,,-95.7,0,0,0,1,,1791093571,0,0,0,0,0,0,516,2202,100.0
1791093506,AnhG3PBWtJJLYFszBap311Gn1U19tjfxZRHz2DKn2wYm,Speed,DAM9uE3CgTQMR8S9SM3ritKEurexyE7eg9BWTqb3KqiE,pumpswap,1791024941,0.000002164,2187.18,2155,2155,0,0,0,92527.48,0,0,0,0,0,0,5527,6031,,,,-95.64,0,0,0,1,,1791093571,0,0,0,0,0,0,501,922,
1791093506,AZkvK2dqa38WNgpvsYZCDZc64fJPqCrvczEB4QAPNfWd,SS,4vCxWtumDyDt16xzijLXeheEcR9GVixjtxscgVPMc1fE,meteoradbc,1791025241,0.00004413,,44130.52,44130.52,0,0,0,14222.56,0,0,0,0,0,0,365,375,,,,169,0,0,0,1,,1791093571,0,0,0,0,0,0,177,184,
1791093510,fCUBpdeRn76xfRaa4UPHDauGeRG3EvMB3MjuRgdpump,DARKPOOL,3zooxCy7DwgP5oPsCmmmHoP6eJc1Ed2QeorbnEai7pgk,pumpswap,1791023441,0.00004333,18760.29,37864,37864,85.37,8666.67,27883.71,1743335.53,2,3,107,68,431,382,13399,10695,0.78,61.1,51.4,-12.06,100,1,1,1,,1791093571,2,4,80,54,197,200,4309,3950,100.0
1791093505,A3MNEUT56HhQdbuaacaPjw4cihGNaW1cSjfEaJpepump,CROW,EUxgHL1XeoqmhFcdh1czSm4ZAcCYdxgHK5zwcrpeR5rn,pumpswap,1790893006,0.000002187,2214.73,2185,2185,0,0.68,0.68,258009.96,0,0,1,0,1,0,5022,3878,,2.06,2.06,-99.98,0,0,0,1,,1791093571,0,0,1,0,1,0,1593,2251,100.0
1791093507,Ct5Truec2Bz49zPDh3uK4KsDuH6hY1DTYzMZamti7YEy,DFV,GJGYo4wr2zu6vkZqiLkUaRRGomSsemnLPrRFaUeopDgE,raydium,1791030187,0.00006054,22435.91,60547,60547,0,30.38,412.54,21728.67,0,0,1,0,5,6,177,191,,0.54,4.71,18.09,0,0,1,1,CPMM,1791093559,0,0,0,3,6,5,105,92,100.0
1791093501,35vYccynUHcoZUzT7iUTDuJXPY36zcPKLFhA31e9yv5Y,CAK-47,AqqNYBaP42KZSdc7rWbC1fbEh2zuSQedTyidWjpa1AfR,pumpfun,1791034298,0.000005458,,5458.05,5458.05,0,0.65,851.85,183313.54,0,0,0,1,19,23,2897,2153,,-0.05,-5.83,-27.34,0,0,0,1,,1791093571,0,0,0,1,6,21,1285,1224,100.0
1791093502,5U2xu35J4LmURGsxCPZi1ZWSBRkKExcNKkmv5Zr8pump,PUMP,8sTsyYnAquujP6MLcdLZLa2F1D6Q5jFhPMgNHixNdP4t,pumpswap,1791006124,0.00001859,10429.41,17967,17967,0,0,1.19,6082.71,0,0,0,0,0,1,44,50,,,-1.71,-40.86,0,2,3,1,,1791093571,0,0,0,0,0,1,74,83,100.0
1791093504,8oEzj8zg9bnXfcCEwqfstwJe8AoEtJdWZaCDww6Dpump,HATCH,GuwoKCn33WVKy2ptj92frc4wjQDDQzUCGJrLRnv8NDRT,pumpswap,1791035777,0.000002803,2785.54,2702,2702,0,0,46.36,100312.48,0,0,0,0,3,6,993,1284,,,-2.52,-94.2,0,1,1,1,,1791093571,0,0,0,0,3,6,567,643,100.0
1791093508,FGVQvsQktc1GyZAYRjknwQmo8pN5SvvaY59WucWEpump,SCAT,DDhr1nr1kpsGRrUJDukhrJXsQWqh2v1ivoWCQNwMK6sn,pumpswap,1791033767,0.000003269,3613.99,3171,3171,0,17.19,93.54,2178706.01,0,0,2,1,4,7,14521,10548,,0.32,-4.31,-93.45,0,1,1,1,,1791093571,0,0,2,1,3,7,1743,1395,100.0
1791093504,7y9gmcqpwuvN6hFPF9m6j6qU74GLA1urLgrKXEYTpump,Ponzi,6Xwhdbc45NZ1cE6vbECVe4pMK6WVnXB4hqtSAk9aR6vM,pumpswap,1791031980,0.000005004,4606.27,4659,4659,80.67,428.73,1343.54,659777.6,0,3,5,8,17,43,7526,5926,-4.43,-1.09,-13.61,-89.84,0,1,1,1,,1791093571,0,3,5,8,13,36,2480,2478,100.0
1791093509,GgzPugrpK6A2LmQtq4vD3oLRJ8FFxvYdexxTbHvdpump,GAKU,Dodxevz4KpapUwFMeKLvgj4zJ8bPnUFey6Gr2UpGtVUf,pumpswap,1791033380,0.000005172,4656.36,5015,5015,0,182.96,717.88,481853.44,0,0,2,2,23,33,6211,5241,,-3.24,8.86,-89.31,0,0,1,1,,1791093571,0,0,2,2,16,30,2405,2444,100.0
1791093510,ggzv9wBJju7zyyqzo1rEe3Mk1YBCxixzo39uah9pump,HIRE,7zfdDsBSG3hH9fJE3Gyti1pFs9Sv1i5GR9JDnsoVhwgA,pumpfun,1791032096,0.000009384,,9384.12,9384.12,0,380.83,31222.14,277182.34,0,0,3,16,315,268,3344,3201,,-10.65,-14.89,176,0,1,1,1,,1791093571,0,0,3,14,167,169,1404,1287,100.0
1791093508,FPUDkQBAMYVzbg7Rmfr83bVTUKoZ7yoGHLQZLvMvfsC7,Milly,AV7VUkUh3yBDRSwJ2SndgaSQNZw1Ac5cMfEdhxGkPqJn,pumpswap,1791031591,0.00001461,9890.03,13928,13928,19.41,560.65,16952.54,1339699.62,0,1,13,23,300,269,17249,12809,-1.3,2.93,17.46,-69.74,0,0,2,1,,1791093571,0,2,13,24,152,188,5325,4807,100.0
1791093507,DEFgyC6HPXdq9Qb1YUe6uekCGWbN9Fqre4EgUap3Mhe,HCAT,3PJYNChFMGydukQvkjmpCSQnwBkG6R5irk5ErFcFjfpo,meteoradbc,1790626106,0.00001504,,14982.27,14982.27,56.89,516.44,3033.71,39904.99,0,2,0,7,15,25,284,282,-0.87,-11.13,-15.37,-45.37,0,0,1,1,,1791093571,0,1,0,4,9,13,95,111,
1791093500,2BcRevrDhP4MgCw2KyqByFZ4S7mpsi1vY8ZypXwepump,CAREBOND,6MCvg9asw4ziB85nfoJSbbx2oyCZjGeucVP96RbSb2hV,pumpswap,1791019309,0.000004524,4230.09,4331,4331,0,13.15,476.45,487300.39,0,0,0,1,6,24,4948,3853,,-0.18,-23.62,-90.83,0,1,1,1,,1791093571,0,0,0,1,5,22,1587,1575,100.0
1791093505,9MoE3MqCTgv3ybHJbqKWjLhYWUNBaYWNb7N2BmUBcLWB,Jumpman,GFmJNZHTKk9iLBTgyzuRXn37YnFC2TM4REh6NYmgnUUY,meteoradbc,1791035244,0.00005367,,53677.34,53677.34,0,0,0,2671.04,0,0,0,0,0,0,56,32,,,,6.03,0,0,0,1,,1791093571,0,0,0,0,0,0,52,27,
1791093509,GFo9bgFxNe1WFPnNNsTwFx2UJi3d8U3MTDkiG7SVpump,MGOAT,GhEqEpCFkwMBhUTZJZUE5j4AXc8uW7r8E9sgXfa2TPJu,pumpfun,1791035243,0.00001293,,12935.46,12935.46,0,0,0,8176.39,0,0,0,0,0,0,31,23,,,,221,0,0,0,1,,1791093571,0,0,0,0,0,0,2,2,
1791093502,5ge43mj1EYivQ8PajSyW1qKJRi9V9u51H8cYsgzY8Zxt,CAK-47,JDhBKbUX7qvvxY1xCKf9DBZgxKnEx56DZmXTbm6heccB,meteoradbc,1791035291,0.001191,,1191732.05,1191732.05,0,0,0,1341.03,0,0,0,0,0,0,144,31,,,,17.39,0,0,0,1,,1791093571,0,0,0,0,0,0,9,5,
1791093510,J9d68or9ZrCLAw6eYFo56KgykEnHkPkqnvZQnTLQfKUm,Encyclopedia,AdmHAhSKJRGhvbn7C94sMhaAEM3YRUMVHh43uJU2RETL,pumpswap,1791036988,0.00003815,17981.94,36966,36966,224.75,2032.14,54394.92,2599148.29,2,5,36,62,635,602,24600,19818,-4.19,-10.27,-55.28,-22.53,0,0,0,1,,1791093571,2,1,27,49,312,386,7448,6647,100.0
1791093501,2kyjAwwC2jA9pVwnexVjD6N7uupfeYY8GVJk8jCspump,ㅤㅤ,CuvqUwTsXjbCq66y7aVPv7MmxJAXndmbFCe4iuza9PnM,pumpfun,1791025735,0.00001686,,16867.3,16867.3,32.15,751.7,7394.31,231932.27,0,1,7,8,99,76,3086,2609,-0.82,2.88,51.65,273,0,0,1,1,,1791093571,0,1,5,7,55,50,1303,1213,100.0
1791093503,6L2Xu8VbbN9bzXnzxuJTDTR3z7kTeyh8KMJY6Hrbpump,OpenAI,DMf22KZjQWwbeWaLZXN8iyi5rbZmPG2HfDF32bSvNsGB,pumpswap,1791035074,0.000002158,2187.56,2149,2149,0,0,0,163369.88,0,0,0,0,0,0,15666,16673,,,,-95.65,0,0,0,1,,1791093571,0,0,0,0,0,0,535,2226,100.0
1791093510,J9YnEDijKzrDy3MMPj19idRRbesJf7vPcujbUh8ipump,STEER,4BXupfoS1eLoHeqa4hzJa1GgUpuoT1YUZujdNS29EPMo,pumpswap,1791051502,0.000003617,3432.92,3239,3239,0,815.51,824.79,79315.17,0,0,8,3,9,8,607,733,,9.39,9.36,-92.56,0,1,1,1,,1791093559,0,0,8,3,9,8,350,430,100.0
1791093503,6fm4qZKbybAF5ckAytGgijKnM5PU9EkvoDPKfd2spump,POCKET,GsciUN841DrzRdQYi9WdBwkGfJEhLoHrm9MRNHpN7b3w,pumpswap,1791052624,0.000003650,3487.9,3446,3446,0,0.68,98.9,123582.15,0,0,1,1,3,12,1781,1979,,-0.07,-2.68,-92.59,0,1,1,1,,1791093559,0,0,1,1,3,12,938,1145,100.0
1791093508,FRgxtZsC3J3uePkMME9WkDUbQkQeZXpgdDGqhzRx3V31,LLM,EMXt43JcPwz4oyss9h2yWZ4ygZdfA7Btb2NhgakACFTR,pumpswap,1791050926,0.00007197,23935.6,64738,64738,1496.38,8709.64,125578.8,1015039.21,12,9,68,77,884,800,7344,6261,12.6,-6.45,-31.36,48.35,0,0,1,1,,1791093559,9,8,48,62,336,384,2869,2621,100.0
1791093501,2hcPKT2h46AypRTx5UfFAB4RSUUrdumc5tJoGtqUpump,swordwhale,AQ7QgNPGCcN47vHfjzbk4x2vsrP2XPWiLEQBMCHWTot8,pumpfun,1791051143,0.00004930,,49309.73,49309.73,0,0,0,10201.49,0,0,0,0,0,0,6,0,,,,1360,0,1,1,1,,1791093559,0,0,0,0,0,0,6,0,
1791093509,GQ2QgEa2EbM76mNkSNZUqdhLXWb5J13kgCYJtV6U32f6,TripleT,HbKbinKThgHX6aDUtmSdKLZrLXkFpyMSdFBVNWmxoQqn,pumpswap,1791051183,0.00004998,18749.95,45331,45331,124.56,15358.49,34292.85,355249.46,2,0,92,69,234,182,3090,2764,3.55,24.44,184,1.42,0,0,1,1,,1791093559,1,0,54,45,101,94,1290,1285,
1791093507,CPqq6ceui3H6Ye2J41dmZFkD6iJWKARqKquJjsrvTmku,Clanker,95GeFCubb6B1GcG1sEhpDYEKprnnTtXPyceQQ7PNLbzX,pumpswap,1791050832,0.00004381,17985.42,40410,40410,2464.82,4623.35,26574.64,809694.61,20,12,44,39,239,226,6956,6075,32.16,38.72,35.83,-11.21,0,0,1,1,,1791093559,15,13,29,34,114,142,2736,2529,100.0
1791093501,3Dgwn5E7H5a8k6iGrz3qirkaJqUaJrKHEZ2xPcLRpump,knightcat,DreMAMRc83uJtbvWuWrDqDaQUGHDbFGopmbTYbM3tJFW,pumpswap,1791050734,0.003811,205478.65,3728144,3728144,22137.01,807123.4,5613797.82,8120012.05,109,101,3060,2519,22106,18750,34748,29298,1.62,21.71,719,7544,0,0,2,1,,1791093559,68,74,1430,1237,6207,5316,9953,8399,100.0
1791093502,5bYUihkPWGph9BLyG4uUbNV634UTwjf3Ly5JEsnokbDs,OCTOPUS,2guNCTutvXyBQiAiPcBnJ9JCk4TD8yb6kyesgdRk7pFx,pumpswap,1791049702,0.00003956,17372.74,38152,38152,45.24,2885.51,55528.5,1061387,0,1,34,24,520,477,11514,10123,-1.16,1.27,158,-20.21,0,1,1,1,,1791093559,0,1,30,21,248,261,4159,3903,100.0
1791093508,FUSE3in85PPWaA7BdRucpRyemH69nLQHdCU6NfwfWXqL,FUSE3,Cy197KxWvdyjeXS8k6jWoN2xKnTRku2afXAe3PebbEfH,meteoradbc,1791039878,0.00007113,,71137.57,71137.57,0,0,0,12143.02,0,0,0,0,0,0,98,13,,,,843,10,1,2,1,,1791093559,0,0,0,0,0,0,56,13,
1791093505,9S2uxYgTDM1eM1Ryyc7D4dVKEFrb2F9m8NAygyQspump,catius,F9uqdTE7VVxEXnDREYfCpMeBUE2bL1yj74J78jXaM8C2,pumpswap,1791046834,0.0002093,42473.49,203962,203962,25469.67,64645.28,513210.71,1578746.82,181,100,1288,808,7111,4701,35370,15078,-12.82,-18.11,-63.49,190,100,1,1,1,,1791093559,111,87,603,521,2658,1918,12168,4317,99.9290833952198
1791093507,ERRZd9jeNwXxktskexuUAouvGL7wFVBgfTc2QQXmJMRk,Ouhhh,A1D4qCdPNSAvYW8Y7y5PK8bhdFxbFH11curCTeJPgsoe,pumpfun,1790905990,0.000003963,,3963.85,3963.85,0,441.97,2525.26,6067.41,0,0,0,5,3,23,23,62,,-19.31,-59.41,-80.18,0,0,2,1,,1791093559,0,0,0,5,3,23,20,53,100.0
1791093508,F4635H9HFAzYjpyM3coGMtW8pMmEYRtwrgz5mgfHpump,WHIPCAT,8DcTcUgENxjLiUr2YkR2BJHcpWj1epd16dtsWm2wJNkg,pumpswap,1791043014,0.0001074,28887.71,104359,104359,2599.58,26259.17,136301.31,375660.29,26,12,347,153,2187,867,12644,3043,6.14,4.6,-3.71,94.95,100,1,1,1,,1791093559,23,10,339,149,2140,821,12196,2702,100.0
1791093509,GgdAua8qfnwFKZxKEnDqTcJz5jQ81NURPWBK1qDzpump,PURRSWORD,6LPvVdHuSFBfgC5Dtx6QKUgzo6d9brJhqNhCBpQZqkn7,pumpswap,1791037264,0.001068,107198.47,1058615,1058615,92914.32,496683.32,1651436.57,4872665.57,237,1050,6716,8265,46085,23535,110491,44392,19.36,142,86.08,1518,500,1,1,1,,1791093559,100,216,2409,1944,5517,4219,16827,6608,99.9524667436793
1791093500,2AVjqmGbMqg7rSyHVv2deVdggsBgBtu1Bi69BUvE5WRv,SPEC,6V4y6MoSGgaF8d5Hew49RxQ8qE1XLVXBtxfee24w8VWq,meteoradbc,1791051867,0.00006938,,69383.59,69383.59,0,0,0,53481.44,0,0,0,0,0,0,339,194,,,,1243,0,1,1,1,,1791093559,0,0,0,0,0,0,223,128,
1791093502,5LwLcxRocMPrgoUNneXKkzYnwbrMKxAnhAYSPrSRVoY4,knightcat,BcW4ox4JzD9udoWtQPcWRSXx67jhxfK9LbGBYTCBBLwX,meteoradbc,1791052323,0.00005384,,53841.81,53841.81,0,0,0,8604.48,0,0,0,0,0,0,332,380,,,,6.82,0,0,0,1,,1791093559,0,0,0,0,0,0,140,125,
1791093506,AUqUAQVUiJg3SjGUm7G18Xk4GhoDWeVj6Z4KRY4Cpump,PAINTSI,91EaEdwi8Hyz3HJETjv2dfgdR7xBynYRMFFdnLppHzcL,pumpswap,1791052301,0.000002502,2495.52,2325,2325,0,0,1.46,50381.13,0,0,0,0,0,1,460,515,,,0.67,-94.92,0,0,0,1,,1791093559,0,0,0,0,0,1,269,369,100.0
1791093507,EErcs4SUJzujaB35e9UoKmdd3Q7rzCSG4bRUihbT2Vc1,ELONCO,AsfCBuFijK5F4TRBpK6Tqw45x5eAf7iRKChvqWqZd98b,pumpswap,1791052386,0.000004456,4074.23,4040,4040,0,0,53.86,208632.29,0,0,0,0,0,2,2163,2132,,,-4.24,-90.79,0,0,0,1,,1791093559,0,0,0,0,2,3,1149,1143,100.0
1791093505,9dSMwFfPezQ8WPcW1uZV7ns4rcviEj2LssSAg75WBLXd,Aiden,5VbavvxS1NLmyNJLS3QbDoRFsUHKn6rBzmfVQdWWSniq,pumpswap,1791047968,0.001412,132799.03,1299455,1299455,9711.71,431317.35,2397477.79,7844937.88,60,77,2199,1919,12824,11319,52410,45371,-7.25,-13.05,152,2765,0,1,1,1,,1791093559,34,44,1201,1188,5003,4839,16528,14237,100.0
1791093503,5t9rie78rVLPPQmFxumMbdEyFqS1LgUo9yM3oNcRprG6,ALON,74C3BCcSmU93LHeXNtVnUnAZ9wgTU1eHg2HwspYukywE,pumpswap,1791051891,0.00004566,18424.3,40874,40874,24.95,9704.27,93318.44,734223.77,0,3,94,69,734,643,7414,6158,-0.49,-33.28,10.08,-7.33,0,1,1,1,,1791093559,0,3,68,48,336,325,2869,2675,100.0
1791093509,H7TuvDxEKygh27zGfGcjKG8JGWgrbyKpPtvJEpGosfas,CLAUDIA,C2agfYkMTrQp9G34KXcX5J44eLuUseqySZmkQUQ2fXK7,pumpswap,1791041690,0.001289,124766.39,1224839,1224839,9267.91,123324.06,1168951.15,9776104.15,54,37,611,644,5607,5265,54127,48654,4.77,-15.83,-8.86,2572,0,0,1,1,,1791093559,36,13,360,444,2108,2449,13898,12866,100.0
1791093502,4nGjcXDUW1NTxsCjrL8xWzVxUmw3Hxc3Rb9DV4dppump,RIFF,14swCvDdzFFq6RaxRMjgs5QGyZ5nxV6XDoN5HioPuHCQ,pumpswap,1791052229,0.000002360,2359.36,2256,2256,0,0,1.2,37887.38,0,0,0,0,1,1,1326,621,,,1.61,-95.23,0,0,0,1,,1791093559,0,0,0,0,1,1,1236,549,100.0
1791093506,BXnLLGaBpvCRiS1mksB8DWanJj3qVhxgTuoc6Afjpump,GTA6 Coin,BvsiyNP1WpQ9ShvccmLV2gXE88cxWm8qkjRaVX8h8zqn,pumpswap,1791047967,0.000002161,2208.05,2151,2151,0,0,2.66,275103.93,0,0,0,0,0,1,29556,30060,,,-0.11,-95.66,0,0,0,1,,1791093559,0,0,0,0,0,1,507,2070,100.0
1791093507,EMZGhHQWyu3GF1NnJSVdKzMVGYmtceiH8QZqFw3Gpump,LAGOSLIFE,HRbRh9h6gx9utkejdYbFjcsSFCcKp4cyKgLYr3CTPCFA,pumpswap,1791073927,0.00002725,13153.53,25890,25890,487.53,3207.22,151038.84,151038.84,6,4,34,42,1906,1725,1906,1725,4.07,2.35,-44.81,-44.81,0,0,0,1,,1791093546,5,4,25,36,964,945,964,945,100.0
1791093509,GDeKVeV3cs6UCTRDmHqZHugBmUbLLRW7hi9P91XXeLNT,USEFUL,DWYLZAoxfAbDn9VYwYBNizJCqa6MUarLgewRLJMURwmU,raydium,1791074333,0.00003688,17635.17,36881,36881,34.25,1958.25,69273.44,69273.44,17,24,338,346,1834,1784,1834,1784,0.51,21.11,-29.9,-29.9,30,0,2,1,CPMM,1791093546,13,14,116,175,688,915,688,915,99.9999999965853
1791093508,F6oVSkuXnKQZZutsuxr6tK3XJWkSUu6XgKzjEi3Jpump,BASILISK,4pSRz93n5U1c63dcKjueVuhMEA7UmEVvtgoxEZcgYEfx,pumpswap,1791073973,0.000002534,2791.66,2483,2483,0,0,920384.19,920384.19,0,0,0,0,15754,10313,15754,10313,,,-96.5,-96.5,30,1,2,1,,1791093546,0,0,0,0,5968,5940,5968,5940,100.0
1791093507,EKJQb4Te8jk7BX4fj7P7nNzAyk3LXAQDUy5m6NkvbsH6,GS,GLqfzN7cBg9iCQQRd1RNt6M2cgvkDyVsvC5UH8ScafBi,pumpswap,1791073318,0.00002908,14079.04,26331,26331,531.97,5376.85,598866.39,598866.39,0,11,42,51,5581,4871,5581,4871,-10.88,-6.52,-40.09,-40.09,0,1,1,1,,1791093546,0,9,27,42,2097,2034,2097,2034,100.0
1791093510,V9zCeRU67pBUXYwKz6A7aL1pXCJBXRVhC3NAWhLpump,PHONE,5rmq31AAYiZqsVfWdD7AQ5DnvKEp1HgC468EMeUajuc7,pumpswap,1791072660,0.0001906,40156.51,185812,185812,10044.1,334563.72,1254821.69,1254821.69,56,46,2198,1816,7012,5791,7012,5791,-1.15,-55.95,286,286,0,1,1,1,,1791093546,40,37,1138,949,3036,2389,3036,2389,
1791093505,9c855tPx7LgWyVS8CgHgnMEw35yr1zUqj3x1ioiXpump,Offbook,EtoEzUsSJ3qv4QVemFnZqn4wuZ6xUdkMWCzejtpxLMdr,pumpswap,1791071366,0.00002077,11172.97,19682,19682,0,300.97,5644.38,25679.08,0,0,1,4,41,80,241,275,,-8.36,-42.73,-57.18,0,2,1,1,,1791093546,0,0,1,4,30,56,161,187,100.0
1791093506,AVKpeeWaCku3Mni5THbY4bkBnMrPzAEnnQKtP3wPpump,CARNAGE,BTKS1a21rbBqcX9cM5xYrAwsSp2UTu8YE8b2AzpH7WBK,pumpswap,1791070439,0.00007543,34022.83,49510,49510,5885.76,23952.96,138076,162296.45,587,574,2453,2011,5639,3472,5897,3704,0.75,6.3,52.07,57.79,30,2,2,1,,1791093546,471,478,2473,2050,5487,3405,5633,3569,100.0
1791093509,Geb69EBttATHG9jHZqsZRPJTfoNZRRYNdVciE9KEDD9A,ROKO,28fztJSj3puBnFWMaodTUu5Bo5im6dxLeNihg3Mrmhti,pumpswap,1791072114,0.00004373,17698.95,40489,40489,419.71,14373.48,532856.43,532856.43,7,2,162,122,4395,3667,4395,3667,6.06,-0.54,-11.43,-11.43,0,1,0,1,,1791093546,6,0,101,81,1692,1463,1692,1463,100.0
1791093507,CZJfrAmMs5Cz4H22PWzfqTJu5FkP7Q2Vvx1oPVL9pump,AGENTCAT,HyLTPacbYR4V8yQw5bbWwAETZkjcsRw9xzCbayMnU45o,pumpswap,1791067977,0.001705,123682.57,1693423,1693423,3340.21,52109.46,819643.61,1501169.81,8,15,200,184,4359,1933,6511,3118,-3.7,11.71,261,1866,0,1,1,1,,1791093546,3,6,87,111,2615,901,3028,1146,100.0
1791093503,6zzzG49KX5nksnqfogs31dwoMYSHaJXkropKbv1QZVga,Malfoid,6wXTJaLNN3GCUJajJ9Vj2te51zsNgPVXV37EbFGRAjLz,pumpswap,1790853358,0.0001769,37610.33,168322,168322,552.55,11711.28,25148.69,136863.84,4,0,39,31,155,104,911,690,7.24,24.54,47.47,101,30,0,1,1,,1791093546,3,0,18,27,74,72,321,320,100.0
1791093505,98S3A9sgLHhdUHUdpviZQrbEGsXFMf4ZXfNRBpeMpump,SOLMAS,7jz7yfAEG6YNgRUBP3Qubx9h33ZVKmijTFqtFJgwnwEA,pumpswap,1791059712,0.00001054,7695.37,10042,10042,33.81,853.19,91307.81,617720.21,1,4,35,51,6205,15926,15289,50050,0.58,6.73,-93.98,-78.69,100,1,2,1,,1791093546,1,4,24,49,3881,4054,8213,7622,100.0
1791093508,FTQZZ7qFcvAx5Nkk8nN19Z3GrxxJmCtKpnLUSSQHpump,PYRA,6EyvUVF6fuLuHMnqWuHRgG3FuPXWm7MNQy8X5NZkiiSS,pumpfun,1791028635,0.00001944,,19446.82,19446.82,0,963.1,11522.41,83732.82,0,0,14,15,180,148,1354,1279,,-1.78,-8.54,464,10,1,1,1,,1791093546,1,2,13,13,112,90,587,458,100.0
1791093505,9C6yF9yAXeAjTFDoT7csVxtcnhakcfFM4hGxyybi9Dte,Tvis,DREJ3ikHXv9HbXvMA4RTdfaJ6GWco1AhZej2xZvDgK82,raydium,1791055654,0.00001101,11369.41,11014,11014,2.98,112.53,5211.84,23329.17,0,2,4,15,67,73,252,190,-0.14,-1.3,-16.02,81.26,10,0,1,1,CPMM,1791093546,0,2,4,12,47,44,157,114,99.5024875601232
1791093501,2znyr6uk79b92wDS4x2idar6ASamEmr3GaBJ7Sievg6d,FOMOINU,AGoBJMrzUdMipYErDTuiHMuR5jQemY9kiVYhQgNsSvvN,pumpfun,1791061415,0.00002506,,25066.38,25066.38,7.82,363.46,4092.4,48647.24,2,0,3,6,65,54,591,274,0.11,-6.1,-11.4,562,100,0,2,1,,1791093546,2,0,3,6,46,47,242,126,100.0
1791093510,HmkiLg8BQnXMexzKJYFsMjbq82sFcqFXXfJ78CYypump,PAYR,BeS6PZpnnfuQruN7vdiy7T6HNtKBHp8rXoBojLfe7c4U,pumpswap,1791059028,0.0005548,74238.91,545866,545866,8134.76,104407.85,899105.25,3106850.6,277,194,4124,2606,26255,17017,88798,63155,6.17,13.19,24.58,609,500,1,1,1,,1791093546,88,84,1259,1079,5412,4972,10372,9374,100.0
1791093510,J6yUJLiLywR9CugELcdkpPjG6eZN3FVjHUjMP5jXpump,SA,Be2tZihvmDLs9DHps9wEWmxC5tXGHGhJMhZtry7SVnTw,pumpswap,1791056663,0.0006817,78954.19,668608,668608,13853.42,114973.84,739689.11,1838948.95,128,40,1663,361,14436,11343,38673,15062,-6.63,-5.45,-22.23,1023,100,1,1,1,,1791093546,51,20,786,229,7751,10499,16615,11999,100.0
1791093505,A5ffnvMhrXCoN6y5iDdj3LdScSGfwofvDym7v3hNYb97,TRADIE,2owmkibn5fX7Z5GojaP8deFTv37oY5gXJJ5Xy5q4aSe7,meteora,1791057128,0.0009052,45639.44,968549,968549,5.83,506.31,35791.12,96892.94,53,11,840,217,5037,1509,7628,2415,-0.03,2.99,-14.24,29.13,50,1,2,1,DYN2,1791093546,38,8,662,204,1851,1042,2039,1317,100.0
1791093506,BmSgTAafbBedu9ccUahU9Hjd42fyWpLxBNr8qUnRsSjT,FUND,52qbZwi4sHDd7yR9fP2dUxpac8SFESS5YUxqSLy5SXtd,pumpswap,1791075507,0.000009659,7041.66,9167,9167,0,3083.1,321598.58,321598.58,0,0,32,29,4987,3736,4987,3736,,-0.16,-80.44,-80.44,0,1,1,1,,1791093546,0,0,20,23,1740,1775,1740,1775,
1791093508,FK5iG2RWDn1W8sPmhKdomnYgVtdRrWkBWkarENgepump,ARROW,497jDKPRmTR1QhjGsdJ5UnCrUJd4GjtFixEqFLRbzAvD,pumpfun,1791075519,0.000004205,,4205.51,4205.51,0,0,34211.3,34211.3,0,0,0,0,320,284,320,284,,,0.33,0.33,0,0,0,1,,1791093546,0,0,0,0,249,243,249,243,100.0
1791093506,BXoHJddsWJLHtAopeiSbKUSELsu8hSFMs8baGMDkpump,CRAWL,2B8tftZ5ww8TREMr3pgkgERLNjJyJxEAPWMENViGMsL4,pumpswap,1791065290,0.002181,165925.39,2127149,2127149,10247.11,278622.22,4749436.07,10772986.05,52,46,1099,941,21950,18628,56418,48945,-0.92,-26.86,155,4313,0,1,1,1,,1791093546,34,26,520,609,6903,6673,14784,12714,100.0
1791093502,5buBKbJ2re9Qfu3gsiT7r38PUDr1amG6AFEfdtkHpump,CLAUDEMON,HTpg3z22ckPqhNM4FwFNKFnqGe2wXej43ggKfxV4LweE,pumpswap,1791075289,0.000002845,3336.19,2764,2764,0,0.51,2426683.41,2426683.41,0,0,0,3,7745,7807,7745,7807,,0.02,-94.39,-94.39,0,1,1,1,,1791093546,0,0,0,3,2252,2209,2252,2209,
1791093504,7bC8ugu1ZJn21MhA4ht483nX8brLNesa8R7XLimpFyhq,SPLICE,61Xw4Vm2AHZiQ2bQPtHZynuHoDzpJ2TKnYNjHN4Sjpmm,pumpswap,1791068285,0.0009083,99096.49,878833,878833,50593.39,208105.75,5115403.66,5564464.88,221,134,1035,857,28121,23287,33693,27641,-8.68,-31.46,1317,1743,0,1,1,1,,1791093559,118,73,481,485,7845,6624,9353,7961,
1791093504,8hL7ZVMKvkXpk4qxPx5tRpP7SFSQib5etuAkoqq4tvH,Agency,7tTFLApejQXRvuCTY9CYsTyZTBfKpP41rKCn11iCCYe2,pumpswap,1791074360,0.000002078,0,207832,207832,0,0,18419325.65,18419325.65,0,0,0,0,17359,11174,17359,11174,,,161,161,0,0,0,1,,1791093559,0,0,0,0,5014,59,5014,59,0.0000000000396392499872547
1791093507,CWLPYv7CJLn37Fp5LQcz3q9NdNbbDJAzAVCoqpX98GTa,BUTTHOLE,DkFe1ChuzS89WWNMRxY6Lqr5Pb9wekRH4hKv4QcnPr98,meteora,1791075181,0.0001176,65.85,117686,117686,0,0,1145051.56,1145051.56,0,0,0,0,4570,2623,4570,2623,,,1053,1053,0,0,0,1,DYN2,1791093559,0,0,0,0,2125,125,2125,125,
1791093505,9aJnnQYxmFJuDmS5HwgBkXCDbJJeJ8JqQkK21urFpump,IBM,14HqJbJTs54kVbdwPwHG6EGdsNfpF3B7XQCFprEpG8A8,pumpswap,1791074241,0.000002137,2166.01,2127,2127,0,0,156006.36,156006.36,0,0,0,0,15938,17080,15938,17080,,,-95.71,-95.71,0,0,0,1,,1791093559,0,0,0,0,461,2246,461,2246,100.0
1791093509,FuYDerPp6k3eQMj6odzKzxGyh1jbtpPpFBZeRNXBFG2G,Haaland,8DinVg8UAoBTNma1rJSKytXBrvycTxc9SFQaWJKV12pC,pumpswap,1791075330,0.000002169,2183.39,2169,2169,0,0,63783.17,63783.17,0,0,0,0,3968,5402,3968,5402,,,-95.65,-95.65,0,0,0,1,,1791093559,0,0,0,0,147,749,147,749,100.0
1791093508,FM6ZwSJBCrw42tJDGMpt9q5tw9VR4t4hcDJiLnYReKvU,TikTok,B4Rm4BREnsBAKoYhdpXTPxZ8dHd7oiLKZFeEDU6EA99y,pumpswap,1791075480,0.000002166,2175.46,2166,2166,0,0,58750.85,58750.85,0,0,0,0,3638,5175,3638,5175,,,-95.66,-95.66,0,0,0,1,,1791093559,0,0,0,0,340,887,340,887,100.0
1791093509,HFMVAdQxHfniRdTqRUNXjRdLiJPyJ73PGcgGgN7dpump,SpaceX,27pz4WNECRzzSbXSd5AExo54Ervb1KALU58MeLbHvJKU,pumpswap,1791074450,0.000002146,2177.27,2137,2137,0,0,168920.04,168920.04,0,0,0,0,15072,16262,15072,16262,,,-95.7,-95.7,0,0,0,1,,1791093559,0,0,0,0,487,2373,487,2373,100.0
1791093506,AtbUhKwvrGbq9bc6iQ6z1JzuBjs2Crq3xhRfwYrnpump,Apollo,FrKX9WaRnAypMLTsnxtUuLJFCyQLWYGwKkxCxr22us3C,pumpswap,1791085294,0.000005108,4506.6,4756,4756,35.06,2561.87,168779.38,168779.38,1,2,28,83,2566,2502,2566,2502,1.42,-45.4,-89.74,-89.74,0,1,1,1,,1791093534,0,2,20,62,1122,1258,1122,1258,100.0
1791093501,2gafU5vS2nVKN4poA9zeQTDM5MXbwWJfcayeJBw5pump,Crawler,3VF1KNPWuQijvKkGHrqfh4kyxM15e5E6MhjfuWcgdEnN,pumpswap,1791065981,0.0001530,35301.9,143371,143371,7905.24,46671.98,688617.92,858158.14,46,24,384,287,4794,3126,6281,4406,-18.65,-6.04,1250,209,0,1,1,1,,1791093534,37,19,214,189,1365,1014,1860,1535,100.0
1791093507,ERHreMRMyGaZPaVcUiBrveb5f1Bc8dbuDuFyLPgMpump,Prime,5HSKJpMZQQ5eDYELf8f6fj1LVfoy7tkKZzy18ehGwhBN,pumpswap,1791084611,0.000003562,3549.7,3458,3458,0,445.91,513358.5,513358.5,0,0,4,40,5796,4912,5796,4912,,-19.77,-92.81,-92.81,0,1,1,1,,1791093534,0,3,4,42,2069,2082,2069,2082,100.0
1791093510,J922v56nTmbxtQ5EHDqfxctBUVZZEWgHmigxWnh3pump,UPTOBER,GZFU2cDWexUzHaKYHCsnH1tfPUtfyW5QAAMDjZJ4q3AX,pumpswap,1791085133,0.00003878,16212.82,36938,36938,236.15,18496.9,158393.05,158393.05,2,12,210,208,1878,1502,1878,1502,-4.78,-38.66,-12.37,-12.37,50,0,1,1,,1791093534,1,11,131,149,804,686,804,686,100.0
1791093501,3XBKc5N6ecPdxSBxPRSobzZ4wWiEqtVxVMjYqPeNTrDb,SLEUTHY,2DmW3RhBeSyXBQypBcfvyAcySEw8AZh4Vhvu1PWgLLoV,pumpswap,1791079671,0.0002369,45126.36,218855,218855,3427.42,126596.67,935039.49,935039.49,18,17,636,537,6041,4952,6041,4952,7.05,10.66,386,386,50,1,1,1,,1791093534,12,17,370,314,2283,1912,2283,1912,100.0
1791093509,HSwoWQT92ZXrKJpV57ses55xnzWSzSZgTQzPnvveMfta,CAPSULE,37JRBYSStCXQgnaWJf4MnmR53BMhpGnRxkhyGVBU2s83,meteoradbc,1791081849,0.00005970,,59704.51,59704.51,0,0,25885.7,25885.7,0,0,0,0,261,90,261,90,,,1080,1080,0,1,1,1,,1791093534,0,0,0,0,135,44,135,44,
1791093506,B32ocrADBEo1XHsGVnxqP81SaK2NiZkQmmAoTnmT8Ybu,BANKROLL,9YaWadPw6k78iLFF78KotaNiGERCi75ySDvvXGt8jWyT,raydium,1791072171,0.0002125,41969.37,212544,212544,1014.84,1832.14,95962.63,95962.63,1,3,8,11,419,287,419,287,-8.92,-14.43,319,319,0,1,2,1,CPMM,1791093534,1,2,1,10,196,161,196,161,99.9999999930002
1791093510,J8fqfTxh6pANxy6ezchns8e3ZeEcF3xCFASetWnpump,PUMPKINGUY,CABFDkXdciZpQNHBpDSsPYVsv4dPET21iVMmy2N8aWFa,pumpswap,1791082298,0.000007403,6034.35,7107,7107,9.93,152254.86,424722.72,424722.72,1,5,1716,5228,36313,25723,36313,25723,-1.68,-96.53,-85.03,-85.03,200,0,1,1,,1791093534,1,2,687,761,2178,1733,2178,1733,100.0
1791093509,G2kUGN3AVnTT4Md1mcHxMni41dc8GNKs7VSHMMdwpump,SI,5XXtA4Qq1k32Eqe7NiuBaV4wfymfLgpkWPt35JxZhKVp,pumpfun,1791076857,0.00002257,,22574.42,22574.42,0,1100.68,46053.67,46053.67,0,0,25,27,425,368,425,368,,6.39,396,396,30,1,1,1,,1791093534,0,0,22,14,252,182,252,182,100.0
1791093504,8zYPhpgPPbS3KbMGoET6VQ8DchDCraQc92cX33icpump,CAIN,4RzTUehsv9JhMWgGFP5NVvXesDhHBrbShSiVXD23YEg1,pumpswap,1791044682,0.0001530,36024.21,148426,148426,28.27,204.49,6352.46,83981.6,0,3,2,9,62,54,607,357,-0.65,-1.05,-18.96,162,0,1,2,1,,1791093534,0,3,2,9,56,38,335,201,100.0
1791093511,keWGKtCfh6nWmCG334rDZszfozhaRgioM8LNK4uYhYk,FRANK,FGgsVagh5GbK2D1nAQYWRSSNjZ3uwfVzwC2qT3wWGca8,meteoradbc,1791086356,0.00003645,,36456.57,36456.57,0,0,3009.86,3009.86,0,0,0,0,73,84,73,84,,,145,145,0,0,0,1,,1791093546,0,0,0,0,63,77,63,77,
1791093503,6vSxbc1btRLZ24kBcdhJTTHfg8U1EeLkqL7oapw41pad,PAD,6FC2bg9n4rNseinXZq1uJuym7AzzWMdEdoDxxoGqgB8h,pumpfun,1791086434,0.00003374,,33747.36,33747.36,3647.94,34559.22,148958.06,148958.06,53,41,442,404,1903,2066,1903,2066,-17.08,69.72,854,854,0,1,1,1,,1791093546,27,16,186,153,880,707,880,707,100.0
1791093506,Baxr579yqJLcSWNo85naJ3j66wj9S6nQS22AC6PPhMan,Minds,G2bHx92aoY5HemZejsWiJxcXv1BvQGcyCgHzVFPNm3bi,meteoradbc,1791086288,0.00004304,,43048.18,43048.18,0,0,10362.59,10362.59,0,0,0,0,328,347,328,347,,,168,168,0,0,0,1,,1791093546,0,0,0,0,151,138,151,138,
1791093501,2WDYyiChrfXFZUmoPU4H9LnVR9owfcawQ2pPcDC2sfw5,Aiden,56pHVeWu8RGPELF5FFbmuPncS9cuqNdd2ePMMKyv31y,meteoradbc,1791086431,0.00005900,,59008.09,59008.09,0,0,2305.12,2305.12,0,0,0,0,70,44,70,44,,,32.69,32.69,0,0,0,1,,1791093546,0,0,0,0,58,36,58,36,
1791093504,86PvZw3iGbfbnCnMbJqDBUaci7uEF23qFHo7t6jBGqxQ,STIMMY,BQJmK4nTokCgMHHcjMfSaLpcWdv4YuQ2CpHUspp3RtyS,pumpswap,1791085701,0.000006714,5529.53,6426,6426,241.88,5177.7,269187.86,269187.86,2,8,62,107,3428,2911,3428,2911,-10.38,-54.18,-86.5,-86.5,0,0,0,1,,1791093546,1,6,40,85,1418,1337,1418,1337,100.0
1791093502,56NYeFKq75ojJwnxhPrzS9afZ5VYvqDT1mLtNxGUVe6,Agency,A3XTX6pvh1oFp5krBD4fwPswZNkSvRWWecG13yniSYkT,pumpswap,1791081616,0.000002033,0,203324,203324,0,0,15291344.43,15291344.43,0,0,0,0,14702,9309,14702,9309,,,155,155,0,0,0,1,,1791093546,0,0,0,0,4448,58,4448,58,0.0000000000396392499872547
1791093508,EruiXzXFq9QwezdM6aBT7kvACSeGAzjs2wFe3APCpump,DOTS,3nUaZJ1EANiWLXWW4PTJV6U2nVaxnR9gJA8xCDHfr7bh,pumpswap,1791084927,0.000002176,2210.09,2166,2166,0,0,175756.16,175756.16,0,0,0,0,19056,20370,19056,20370,,,-95.65,-95.65,0,0,0,1,,1791093546,0,0,0,0,469,2169,469,2169,100.0
1791093509,GKfsQSnBnWNCmCb1zpErJbCnicptsjAqCjECYWGk6HES,Speed,3PWGsvQawvtJ4dyM6s7bQhBR9jiwFnEun7wAHKJnSGQu,pumpswap,1791086142,0.000002137,2154.74,2137,2137,0,0,77291.67,77291.67,0,0,0,0,6166,5636,6166,5636,,,-95.74,-95.74,0,0,0,1,,1791093546,0,0,0,0,395,958,395,958,100.0
1791093504,7dHHvEwV4S5rg7KNspcK8HCuBxyKm1iY7bpvjKkspump,Grok Bot,GGgusbRhunxTNAvWQGk5m1yB2skyrnYPmcAkYNTDFBrp,pumpswap,1791085594,0.000002138,2157.67,2138,2138,0,0,92297.32,92297.32,0,0,0,0,5103,6819,5103,6819,,,-95.75,-95.75,0,0,0,1,,1791093546,0,0,0,0,464,2352,464,2352,100.0
1791093504,8jpx2fiYMFcYtDtWzPNvYKX4VqFGYSLF6S75dNLopump,catcoin,Bd5ozXsh8bAJ8Mv9GRLjyNdzUMgQDeDf6AbxEXshjFNz,pumpfun,1791089880,0.00004956,,49560.37,49560.37,0,10253.34,10253.34,10253.34,0,0,7,0,7,0,7,0,,1369,1369,1369,0,1,1,1,,1791093534,0,0,7,0,7,0,7,0,
1791093509,GpixWJ8XKkUts8Hg43nkvYkBrGGJK3gJJFNKXmcn7iQt,Mentor,6mWdXRxqRCk96V5eELEeP5zQ2mLkv9VAfZ8eusCYzTNu,pumpswap,1791086673,0.0001687,37647.83,160856,160856,4074.89,119046.52,980462.57,980462.57,43,40,1387,1042,9672,6426,9672,6426,-5.82,-18.66,239,239,0,1,1,1,,1791093534,21,21,655,662,3296,2499,3296,2499,100.0
1791093504,88oNFQZTqo7yBxu4HT22uiuaEErbgJxA8iKpT7SmF5Ek,AGENT,98teaiicd6YiTVWaLHTyriW7GYqJoxw4342QJkFfveWF,pumpswap,1791090067,0.00002365,12191.98,22610,22610,1675.14,196355.48,196355.48,196355.48,29,40,2232,1742,2232,1742,2232,1742,-10.74,-51.54,-51.54,-51.54,0,1,1,1,,1791093534,11,24,975,870,975,870,975,870,100.0
1791093509,GWDAwqnTrrcLnxf49Mc1DHB7oEY7gQw2tbiRrqqee4N1,AI,Akwr1Ms4UTj6JAeBfceaXqQSyCX4pQGrxresqB3ynV61,pumpswap,1790916611,0.00004222,17367.91,37283,37283,50.83,7530.1,33498.6,233608.9,0,2,78,71,322,250,1602,1307,-1.52,-22.31,37.57,156,0,1,0,1,,1791093534,0,2,52,54,188,152,530,492,100.0
1791093509,GZnAMJ7DSCa3k4FoNNMCrA4ZZdDDE9DZAEvcef5Ypump,$REALM,GxodNdWwPFdZAqwN7WoDSayHVSDttrpSLYCnCkAH2Wbr,pumpswap,1791066451,0.00002075,11555.09,20234,20234,14.15,2192.27,47908.62,587629.93,0,1,40,22,415,386,4462,3981,-0.29,-2.84,-32.33,-58.3,10,4,3,1,,1791093534,0,1,33,17,195,214,1605,1553,100.0
1791093509,Fq4xB1jBGThgoNzvzxQJ4VzDuwNejwAxgPJPzQtzQVwL,Mentor,3hUCHB2RusPKmWrQbW5RdRDCM96AqTez6AqD4CW12JBW,meteoradbc,1791093197,0.00006013,,60133.83,60133.83,5782.34,6775.8,6775.8,6775.8,258,239,260,239,260,239,260,239,11.42,35.09,35.09,35.09,0,0,0,1,,1791093534,18,18,150,129,150,129,150,129,
1791093509,GDoNgX5Rb8kcv6VMwfWZPoXWmuY9KkRK5HGfWisKxz5c,TP,wpQturRyMjVSmb1w3jWVFibEQsE6PEiESip1PnZYV1w,raydium,1791093299,0.9999,499950.33,999901,999901,9.92,9.92,9.92,9.92,1,0,1,0,1,0,1,0,,,,,0,0,0,1,CLMM,1791093534,1,0,1,0,1,0,1,0,
1791093503,6cBDpHKZNhiYo4von4AWH83P4RKXeStFB4N5QJQoiKxe,IBVM,2TacT3zUMcjqpTvZTjLBdP68FZAdZvLejxgpDCGDYejy,pumpswap,1791093342,0.00002794,34590.93,27947,27947,282817.69,282817.69,282817.69,282817.69,346,176,346,176,346,176,346,176,143,143,143,143,0,0,0,1,,1791093534,162,29,162,29,162,29,162,29,
1791093505,9ZmkKpVR3NdUcCmG5NByMHBzvjuqGnYpCPYu4zSSBtJv,TERMINAL,7jk1E9izLtLyR6BsyaAdCAPzoWTnq49sxyA5wzZbjRET,pumpswap,1791090822,0.0004319,65259.34,431979,431979,121196.52,2737196.82,2737196.82,2737196.82,1000,746,20131,16685,20131,16685,20131,16685,0.7,756,756,756,0,0,0,1,,1791093534,543,421,6482,4625,6482,4625,6482,4625,
1791093504,839vH4BFQ2CKkF29i5KzhtcfdgabuMiRaM1qc8yGnUw,SPLICE,3Tq4oZFKCfNaNZadq37NX7Y8rPLFwi76oN7PJseDb1GB,pumpswap,1791087740,0.0002109,319501.88,210984,210984,868608.29,5520596.39,8744299.23,8744299.23,718,493,4604,3124,8841,5261,8841,5261,2.86,16.55,96.88,96.88,0,0,0,1,,1791093534,218,49,1473,49,3583,54,3583,54,0.000000000344613971883472
1791093507,Da6ptrSSQWxGtyQwYpZSgMEZbm5Z9jc1ACjife9kpump,SSI,8hPEGeDiQRZazBNswiXcnMYee8LJwyAxPRhDQuKSuS98,pumpswap,1791090131,0.002506,144245.68,2494296,2494296,6899.96,110448.99,110448.99,110448.99,1870,1698,23915,22999,23915,22999,23915,22999,13.21,4900,4900,4900,0,0,0,1,,1791093534,289,238,496,476,496,476,496,476,100.0
1791093502,4XtmWefQpm4drzHCcCTbwchUdive3KtJPZYtk1cZpump,LV,AfrLFu5YL2ydBTGh23ss11C1W1J1BuNnVZgRbueqWXGo,pumpswap,1791091544,0.001124,95827.2,1124341,1124341,7170.35,68297.75,68297.75,68297.75,1454,1439,10876,10705,10876,10705,10876,10705,14.4,2140,2140,2140,0,0,0,1,,1791093534,279,259,485,463,485,463,485,463,100.0
1791093508,FH7amm9iP2Wq3CW5FKrmGrcmMyG9Zj6uAvKXg62yFXGn,ZUCKAI,5WYvdUTneWhxAk6GGtRdCNntRmDTG8f7WhokLaydxpk4,pumpswap,1791092300,0.001255,101341.44,1255327,1255327,10829.98,62056.35,62056.35,62056.35,1618,804,7616,3774,7616,3774,7616,3774,22.4,2400,2400,2400,0,0,0,1,,1791093534,305,241,367,349,367,349,367,349,100.0
1791093508,EtfekZLHwW34nrCTbnauTD7qcc6friR7f2wTRLX9FpZ,Aiden,8FRWbvvZvzMQgd2Vjk3XdfV7ghLcBWJwtn6jbnqBfLNq,pumpswap,1791092645,0.0001941,306692.57,194100,194100,731166.86,1940910.36,1940910.36,1940910.36,667,435,1993,1190,1993,1190,1993,1190,11.61,61.47,61.47,61.47,0,0,0,1,,1791093534,200,30,803,36,803,36,803,36,0.00000000032448620619561
1791093511,qS5R5YfAqtHv9yPZJ2j9JWaZqxAzpZ9Nun1Zd6uCv8s,XDP,67Qv75adC57wsfaTKZPrSPsqCVmWATLMmK4epR5KNj19,pumpswap,1791090445,0.00007327,76637.32,73274,73274,540770.26,7182012.25,7182012.25,7182012.25,556,296,7541,3993,7541,3993,7541,3993,1.97,537,537,537,0,0,0,1,,1791093534,179,20,1954,30,1954,30,1954,30,0.00000000109556325877729
1791093510,JEoMiDgWtBfviy3wcBTZEg8xiYrzWy37je9PuSxGPYN,TERMINAL,67Ra8Pq7LMWfE9bzG3qs164FWGnQPBX2ugX2juuVbdkH,pumpswap,1791092068,0.0000009779,147636.12,97798,97798,543341.93,2553195.52,2553195.52,2553195.52,646,373,3375,1845,3375,1845,3375,1845,2.26,87.58,87.58,87.58,0,0,0,1,,1791093534,193,20,1307,28,1307,28,1307,28,0.0000000000493125500955469
1791093502,4jNApcaXtcGgMYaYUvBbaUewJERJbDZQUrsUAMgMNQVj,ELON,5Zqt3Bz6jLahqKtYsWNAGc9oYEfEV4qJbyGJNXjWevqP,pumpswap,1791092030,0.0008097,80949.51,809729,809729,3947.63,42720.44,42720.44,42720.44,1903,1410,11294,8326,11294,8326,11294,8326,10.5,1514,1514,1514,0,0,0,1,,1791093534,298,286,355,342,355,342,355,342,100.0
1791093511,uDKKLxsVxYZnjrGkNAggwq7YyesK2fwhqDju7CFsPHR,AItonomy,9bMdedfimtih8pGiYYxjCKWeyV5NunvH6eYw3GHcVUk6,meteoradbc,1791092768,0.00004672,,46720.61,46720.61,0,31482.93,31482.93,31482.93,0,0,743,859,743,859,743,859,,181,181,181,0,0,0,1,,1791093534,0,0,213,217,213,217,213,217,
1791093503,5tCZsxQR2xpZozGoPqfBNEb1dgwaRzMgvMVbsneW86FJ,PUTER,6DAAkrVjCkmKqwEGwEn4Z1rURE54GbjeFXFBxW4ebYHD,pumpswap,1791083723,0.00007269,24269.73,67515,67515,1840.64,110098.88,1098294.96,1098294.96,38,13,1025,845,10492,8602,10492,8602,28.67,-56.4,46.71,46.71,0,1,1,1,,1791093534,23,8,514,527,3364,3074,3364,3074,100.0
1791093508,Fa1As1BjL8EzhwxjNSi1ynt2kVGiYfpkXxbPVw42pump,X-D,5rkhD72n79PdsAxE2jz3AHt3WZAJxnHm7J2FQnj92XRR,pumpswap,1791074455,0.00003313,15576.65,32120,32120,724.83,8145.49,985158.77,985158.77,9,7,102,101,9409,7646,9409,7646,4.95,13.35,-32.94,-32.94,0,1,1,1,,1791093534,2,7,60,69,3161,2804,3161,2804,100.0
