ts,token,sembol,pair,dex,pair_olusma,fiyat,liq,fdv,mcap,vol_m5,vol_h1,vol_h6,vol_h24,al_m5,sat_m5,al_h1,sat_h1,al_h6,sat_h6,al_h24,sat_h24,deg_m5,deg_h1,deg_h6,deg_h24,boost,n_web,n_sosyal,n_pair,etiket,gt_ts,alici_m5,satici_m5,alici_h1,satici_h1,alici_h6,satici_h6,alici_h24,satici_h24,kilitli_liq
1790216452,AY9mRp4v2SoSDr2c8n1AesFohntEu2nw2oLZTS4E7oLv,M3M3,38wcUgK7BpGmeg8LFEcAGXyuXVk2UfZ9D4jMwKfz5s7m,meteora,1788999675,0.00001574,15153.95,15741,15741,0,62.03,76.35,4284.81,0,0,0,1,0,3,38,27,,-0.37,-3.63,19.14,0,0,1,1,DYN2,,,,,,,,,,
1790216455,GgmYZQQPgZJrtPR8yCH4MDn6ggkksuRhSew5Jxo8xVnK,BET,7AadNrhFJkYmbrh41L8nFh1RKwfy3WZ8FW2m5uSLninW,raydium,1788742653,0.000005265,6664.95,5265,5265,0,0,1.42,125.72,0,0,0,0,0,2,1,8,,,-1.08,-4.08,0,1,1,1,CPMM,,,,,,,,,,
1790216451,5LSSXszD2U1mwDcgGRjGqC7B7Zr2k3Ssb1aXM1ZLpump,wojakgpt,EMNFtnhsvNS6dfdyarcThibgGL8NkgQkmkUgJApy3vmc,pumpswap,1789186216,0.000002335,2438.02,2267,2267,0,0,0,0,0,0,0,0,0,0,0,4,,,,-4.17,0,0,0,1,,,,,,,,,,,
1790216453,AqoPZcUumKUBHrnfBsNtoNuneYEjoimaiWYq8GH8gpX9,STONK10,nEnhtdXrHocxDQnmfTWgaLodJP8jxFbY6958iv28GzV,raydium,1789264359,0.0008166,102204.27,816662,816662,157.68,4112.05,54431.13,385764.74,0,3,20,21,298,256,2066,1853,-0.62,-1.41,2.36,-36.21,0,1,1,1,CPMM,,,,,,,,,,
1790216453,DAWSx42bkWESmss99qtQdrBggRKCaB5bFVt3q2vcPzVo,DAWS,DnnsZDYJXtUR1LUAmQDZTjQMpWoRFhaKjmUy4Q9i6k27,meteora,1789266853,0.01409,58945.15,5306283,5306283,0,9.5,399.92,712.49,0,0,1,0,7,1,17,6,,-0.46,0.72,1.28,0,1,1,1,DYN2,,,,,,,,,,
1790216450,3UXV8g2fqQ1NN75KqP3tYMngencsH7j5i9g4i3pVccNb,POORGOAT,Gy21pSwf28P5URvxbzhd1GjwLuTn4vsnHMWNQcdg5Pqb,raydium,1789351203,0.00003200,18615.13,32009,32009,0,189.09,2392.51,6355.44,0,0,3,5,28,28,85,90,,2.52,-9.57,-16.66,0,0,1,1,CPMM,,,,,,,,,,
1790216453,CY9Jrp9Tz5FPN9QJ5oN7HSJdQNxQFA9mVS2jKBh4pump,Slop,9V6fsUtC9MfRSRa8cZ6BiM9zZ92gybduyVtMBU66D4Ns,pumpswap,1789352421,0.000006814,6900.04,6190,6190,0,0,0.01,524.62,0,0,0,0,0,1,0,5,,,0.36,-23.14,0,0,1,1,,,,,,,,,,,
1790216451,72yxYmhLgDGwdyi2b9GjDynBB6VuG3kDxNKqDbzXh5bi,WOW,LeZ2DH1y7bqzAghYbXqKB6fNxoBKqPSPihv3EmkLBRv,raydium,1789379956,0.001464,117235.16,1464377,1464377,79.32,7448.62,133934.4,414352.95,0,2,33,34,528,462,1526,1341,-0.27,8.43,92.22,62.2,0,1,1,1,CPMM,,,,,,,,,,
1790216450,3qnQ5Vw3HUtWX7zTWA26iAqESsPCf36TWtPDywjL1U1C,TEEN,2twDC8A8jn6Rr49x35Jbvu8xtdPQzcgDjxPgnMMpeviZ,raydium,1789371888,0.00003301,19862.49,33012,33012,0,0,1330.58,7711.88,0,0,0,0,15,12,82,88,,,-11.18,-10.31,0,3,1,1,CPMM,,,,,,,,,,
1790216451,5KGs4UpLsbEfHCXEDGWNcYb3WsLUvcBJSGzoTTvkpump,SAILOR,6U9HJU24RZxixDsWR2aUAYUiZM757r6xvYNUGNodSs9v,pumpswap,1789392608,0.000002676,2847.76,2651,2651,0,4.89,22.89,62.01,0,0,12,3,31,20,77,74,,-0.77,-0.36,-2.06,0,1,1,1,,,,,,,,,,,
1790216451,6eKhUqSm6RjvA6vbk9gEXBGnMRGfyPWUJmg2VQVWpump,LMEOW,9Bc2upK6uNE8kPrAAnTBNzPdv7R97VLDXuamsFCE3zn8,pumpswap,1789398711,0.000003546,3658.22,3450,3450,0,0,0.08,2.09,0,0,0,0,0,1,0,2,,,2.06,2.06,0,0,1,1,,,,,,,,,,,
1790216452,949GyLDTUZkbEGmoYz72HN5LodDB6UTmgpJ3N73CQ9Fg,OK,GtheZoNGFWEKuNSZCSrYW1duZFmReCcEvq6B8xQ2EMeP,raydium,1789399928,0.000003620,5339.07,3620,3620,0,0,0.74,3.97,0,0,0,0,0,2,0,4,,,-0.89,-0.94,0,0,1,1,CPMM,,,,,,,,,,
1790216453,BtztXcvPVArvPAeGV6D3fQDZYdXj5qZHBnsjwJm3pump,YENA,9r64D9kE61XwpsxF2mwoZuRALmUs15pbyogNQwekRv3Y,pumpswap,1788989141,0.00002245,11518.34,21427,21427,0,15.2,652.02,918.15,0,0,0,1,7,4,9,8,,-2.23,1.47,-5.75,0,0,1,1,,,,,,,,,,,
1790216455,H1q6vF9X2ewo7XxqJ2qb2uTdwkjDLAWF1Y3SefRAUTGZ,WET,8dAEnVvvbHPoh5fAGrGcMqH75r5wwN1qbHn2FRRcJzqQ,raydium,1789416368,0.00004535,19296.6,45357,45357,106.31,711.4,6468.63,17890.02,0,1,1,4,40,35,171,148,-2.25,-13.69,-19.04,-33.34,0,1,1,1,CPMM,,,,,,,,,,
1790216453,Av4dAuiTHKsqiMrfx1KLjrMVefKCJrFPggwMjRz4pump,Clarity,7WcYWFkQGhDMHL6G41a4YadxXv1CcBiDHwH8C4G2BYsJ,pumpswap,1789418436,0.000002713,2685.24,2544,2544,0,0,0,1.95,0,0,0,0,0,0,0,1,,,,,0,0,1,1,,,,,,,,,,,
1790216453,B2p7GHu65GJ5QsV7KqCd2g2CaJ3qM7tmHnS8f9zcVEGn,EMBER,GhY9sLfF7UqHiFZpyn1v8fzcNRjV6zuYk4d5J68cm1sW,meteora,1789438636,0.000003902,6559.42,3901,3901,0,0,0.6,688.52,0,0,0,0,0,1,3,4,,,-10.92,-13.37,0,1,1,1,DYN2,,,,,,,,,,
1790216453,AptWzTF91iN3p7ryYn2VYLods6rJx7YhDv8iNsm8pump,PFA,FmdPRGcrcBigESofwDbQ3RTEaTEjbr5CMdfg7SnhYHNo,pumpswap,1789487415,0.00003689,15259.78,35723,35723,0,0,4.87,994,0,0,0,0,0,1,0,6,,,-0.35,-21.25,0,1,3,1,,,,,,,,,,,
1790216450,536Y2Cf53iJ64N8JsQHnVPkCTPoXLhAHx5dCRX7XW7fM,SME,95yx64LVVBaahpwa14N9jVYyTRKXGGMSYA3Ve5zuastP,meteora,1789486161,0.00006003,26172.33,59925,59925,0,157.99,1447.46,14593.47,0,0,3,0,14,28,111,100,,1.38,-8.92,33.66,0,1,1,1,DYN2,,,,,,,,,,
1790216453,CvegBNDMn69RfvXgM6rEVKbuoeWP7pGHjUD6bsGDSwPd,WILL,6hDF7a9VigajdYDe4eqX8CZcZKLBZcLQWxCfAtHCHUbY,raydium,1789484841,0.000008219,7129.49,8220,8220,0,223.08,316.06,1362.74,0,0,1,0,2,7,7,28,,13.93,11.44,-8.54,0,0,0,1,CPMM,,,,,,,,,,
1790216450,3bNtq6ZYQ11PNXq5ZKeWBrfmTWUEcotJtSN5eyL5DFfX,DOLLO,78KfKhK9hUQkXgb9BhAN3Zd254YTSwtZk21G9iBfK2sG,raydium,1789503643,0.00001056,9791.56,10560,10560,0,0,469.2,5487.5,0,0,0,0,5,12,64,154,,,6.06,-30.7,0,0,1,1,CPMM,,,,,,,,,,
1790216453,BsogQYJki12Nj7kB4S3T3XGhCHjpVpFaio8Zap3r7u2F,BROS,Bd8XHh8uQxhoGP2HNrE55fiYWpS6dPfcdGbufZr4bpyq,raydium,1789502501,0.00001248,6754.42,12486,12486,0,14.75,121.77,285.35,0,0,0,1,2,5,2,21,,-0.89,3.8,-6.09,0,1,1,1,CPMM,,,,,,,,,,
1790216450,3WNcBGoe7UiF235PmbTwcd88Q9N2eEzMyNVYnje4pump,Grokpad,GZARpZUYHWoP2GPCaNmkNkr6AGCcrrAJr1adgMDNqeFn,pumpswap,1789526267,0.000002541,2618.88,2427,2427,0,0,0,20.63,0,0,0,0,0,0,2,2,,,,-1.34,0,0,0,1,,,,,,,,,,,
1790216453,CggSwX5JbMtzon5AnEeNHGnBpeHzy5ZuY5Bjpanxpump,RichTrump,3zRxC9ya2j2ynN5eg1FWbp81eSuJWTgKEbT18nFgpuUU,pumpswap,1789526295,0.000002278,2401.38,2195,2195,0,0,0,0,0,0,0,0,0,0,0,10,,,,-4.17,0,0,0,1,,,,,,,,,,,
1790216455,GKbZ2WH6sbrVLkqbqBeFdjvK4wSFrK7TqNY1LBuTpump,Bullcoin,2AWNFApcXQ2TQqWZPBQAJiVBcvQ6CUsaU7r2XkQVCYfr,pumpswap,1789544926,0.000002709,2891.14,2620,2620,0,0,0.1,0.1,0,0,0,0,0,1,0,5,,,1.05,-3,0,1,1,1,,,,,,,,,,,
1790216453,C2WtD354XEvS9gzpJDLqzqkADq7wUtmJg1UzUdmL5a21,MCCAT,D24mkQB9kgvKzjPwqre9dTAppQUEYKvRZdHk7WbBWqRZ,raydium,1789340735,0.00006527,24653.78,65272,65272,0,1514.77,2875.96,5761.36,0,0,11,6,50,24,93,63,,-11.42,-4.41,1.2,0,2,2,1,CPMM,,,,,,,,,,
1790216453,AgB5SxiP1DFZbW9uDAH7s8Mhv1HF21nJv67tnAAYpump,Drake,8Tjtfy5jy41KvDjCcU4Kjx878VxjWaHF2hNPvfS6vqFE,pumpswap,1789567132,0.000002449,2448.62,2292,2292,0,0,5.44,260.19,0,0,0,0,0,1,2,6,,,0.07,-19.79,0,0,1,1,,,,,,,,,,,
1790216450,4HUVobGSUsUr7eVhpb6gzyj39wTMvXfuebHRXr9epump,Arc,DTHKsLHxGfSKy8ZMdQFzkkF6y5fcXWw3jAne1yakh6mM,pumpswap,1789503641,0.000007642,5858.94,7358,7358,0,0,430.01,931.31,0,0,0,0,2,5,7,7,,,-17.2,-30.75,0,0,0,1,,,,,,,,,,,
1790216452,9HB7uiNQeWTGG1tkuGaMQLhdt9Lg6vmJ4vtLJc1Wpump,DONO,5giBZ4FZ89ToVRN3LEjcKPHcV1w53zLdiMCmrjNbAFpm,pumpswap,1789588430,0.000008678,8455.57,8539,8539,0,0,10.8,513.69,0,0,0,0,2,6,13,24,,,1.08,2.4,0,1,1,1,,,,,,,,,,,
1790216454,DVdVsMUC8RyZcWtd6jn7BnyTd7dHEh7k4C5zsM9PCMtd,AROS,DS3M7NqPD2Rvh97yA3yuLCH7UmTCmngxz7FAnhz7gdd5,meteora,1789586671,0.002814,142511.98,2814624,2814624,146.56,3316.14,34299.43,109943.71,4,0,77,12,567,105,1595,340,0.48,1.37,2.92,9.25,0,1,0,1,DYN2,,,,,,,,,,
1790216451,7Q5vqMfVjx8kkWE19zfbG7M9NuoWUAKeWXMFXVqenwbQ,SALAMI,2m1i2pSJ9uddDJvpESMWRFy9ckNVZ41HhWjLweFp2dqo,raydium,1789589206,0.00001399,12096.12,13996,13996,0,1.14,543.8,6912.86,0,0,1,0,3,6,77,72,,0.04,-10.43,-30.65,0,0,0,1,CPMM,,,,,,,,,,
1790216455,H9VaZj5QQHwzyTNJNQZ41WPePuCetnwKN7y6k3hNNcDy,SEND,6VU36EuyB4XiD5bKnR197d3Sg1oj4LxteKTXn2WQEijf,raydium,1789630511,0.000003881,5136.63,3881,3881,0,0,377.73,682.81,0,0,0,0,4,1,4,11,,,29.19,7.51,0,0,0,1,CPMM,,,,,,,,,,
1790216454,DSQkZq7xuhXERKMCppRGHcXX8PV6FwRuNqbDibYdMd9v,AUTO,d4q8RN2MkDDNiZczFTsNrJDMcvmoEc3jxKA3PXfh27c,raydium,1789150328,0.00001213,10832.11,12135,12135,0,397.34,965.9,1857.06,0,0,2,0,5,7,15,21,,21.45,15.41,11.69,0,1,1,1,CPMM,,,,,,,,,,
1790216456,gqZNgVc8VEaaU6ngAeEEDA7wbmnXTrE98bws4NVidex,SI,8kkoKWMezR9dVSVrq8FSRNK8vShBysuUZqedNVHAayHn,raydium,1789633957,0.000007160,9593.23,7160,7160,0,0,61.54,449.57,0,0,0,0,0,4,4,17,,,9.26,3.41,0,1,1,1,CPMM,,,,,,,,,,
1790216454,F6Z7G4WHKgMuWfXbzzs4UjoTSddc2nQsr5iHvqHwpump,Schrödinger,FEFEWejR2heiTs42trjnAFFJYHbbQtgmHDj68NAmUoRY,pumpswap,1789631977,0.000002537,2720.32,2508,2508,1.21,12.51,31.67,96.69,1,0,8,4,24,24,81,85,-0.4,-0.67,1.28,-1.53,0,1,2,1,,,,,,,,,,,
1790216456,ZTaLTJs3oz4U8Rb4Njz2kjTNbC8tE2mdqVbg77npump,VYBE,3KjrvuewBEfHWXnie4L6A2wdyoX7emVRDRzg4NqTYM6Z,pumpswap,1789634693,0.000002563,2686.82,2449,2449,0,0,0,28.26,0,0,0,0,0,0,0,3,,,,-5.19,0,0,0,1,,,,,,,,,,,
1790216451,6R44MgLEvsB6yskz1Ugfsx7fZpjpSKXM4fnrkfYUpump,inu,DqnGt7n4sc9gTExwyDfCGDXwg2nksgy7V1PDENqNQKkz,pumpswap,1789675060,0.000003104,3140.95,2947,2947,0,0,7.99,399.92,0,0,0,0,0,4,0,12,,,0.28,-26.22,0,1,1,1,,,,,,,,,,,
1790216455,G1yYYWk9ZL4MWi3NPj68Zdazy5dSQ5UdjifwTp7mva3q,RENT,E3axmSD6dMMC4HKYdaqN1KZ59pjiromXxyPHoGyamB11,raydium,1789674621,0.000002735,4572.07,2736,2736,0.17,0.17,0.17,18.5,0,1,0,1,0,1,0,9,-0.02,-0.02,-0.02,-1.19,0,0,1,1,CPMM,,,,,,,,,,
1790216452,8gMWXHfSwBRSLc2wKtLv24JYboCAsKaEqfC5cXLeZJXL,ZILLIONS,82BhSZXxSXBKsAmyHJ5NxkCd6JrSUBrmPsxYgu7Byvns,raydium,1789676194,0.00003232,16268.67,32327,32327,0,9.73,2380.36,6088.69,0,0,1,0,16,15,70,85,,-0.89,14.01,55.4,0,1,1,1,CPMM,,,,,,,,,,
1790216452,97xZHKJ93SbHHbskjmcGKu8ZjxRnJjvpxmhZhBKMHapm,PMARCA,BR26aRFEkL119GvQF5Jw4Aqxu4cCSSGN56GyARNyhH7H,pumpswap,1789676216,0.000002617,2614.2,2493,2493,0,0,0,93.76,0,0,0,0,0,0,0,1,,,,,0,0,0,1,,,,,,,,,,,
1790216454,DsqWokHaPHi6p9TtkEFryf6qBQFxYkUiGss2sFnBpump,juicelee,D5Van4Ljtfkiysa5mMeRu6Xxd5aYTxzvrhMKRXgSZ1Aq,pumpswap,1789675813,0.00004296,17313.69,41516,41516,45.9,64.44,2016.67,10867.22,1,0,1,6,32,33,166,157,2.19,-0.28,-2.95,-11.13,0,1,2,1,,,,,,,,,,,
1790216450,2roJPefsSF4zucVFUmD5XcpSHhXuQHN7ySC8CcqeFKD2,EGOD,CmPuV2rvTvAVJoZok29TSjwaduWJe12aF6Xys8DQCJZM,raydium,1789677035,0.00005033,20324.01,50339,50339,0,57.34,919.02,10221.54,0,0,1,4,12,14,86,110,,-1.04,-11.99,-29.72,0,1,1,1,CPMM,,,,,,,,,,
1790216451,6dAo1eJMfaktGsi4s3wte8SJAYGLm2rRfJLntyLTSRNN,BLVINU,HsyidEyMzgMQEEk1Xsx8xoBdNg9Pfy32kC5pGNTEQXF9,raydium,1789637468,0.00001203,9490.63,12039,12039,0,0,713.02,3111.45,0,0,0,0,6,5,28,53,,,29.21,-3.12,0,1,1,1,CPMM,,,,,,,,,,
1790216454,ESBLfHdCKvMGpC3JkxMeQ7qdHQ9TB1ECoi53WMS7pump,BLUE,6ePYtPZyknxeGfdomqTH63LNzpH7x61S1fh3zTmfypfn,pumpswap,1789698415,0.000002564,2583.18,2369,2369,0,0,4.75,454.53,0,0,0,0,1,1,4,5,,,-2.22,-1.86,0,0,1,1,,,,,,,,,,,
1790216454,EBopF36wbLBRdY9QEtSFRgptnEo4hfAesNDQbpwuMf7,CATE,6ggW1NTRVBrbJjCNCfzJEPj3o8yWyE4SJvMewLnDu5Js,raydium,1789680672,0.00001098,9219.37,10981,10981,0,0,130.33,2030.48,0,0,0,0,2,2,35,27,,,3.08,0.94,0,0,2,1,CPMM,,,,,,,,,,
1790216453,BKawvNKi18tiiq8zfzZTA4ge6sZ68BoK3qUTdtWQvQ1r,INUVITABLE,2PETCy9To36pVoHNpREu9xB1kXGwatQRQMypTVkx5M2R,raydium,1789740945,0.000002498,4380.85,2498,2498,0,0,0,11.61,0,0,0,0,0,0,0,3,,,,-0.25,0,0,1,1,CPMM,,,,,,,,,,
1790216455,GJSfEpiK9RnmRt9AnZi3FL1b2K6AApcW1SzTs2FeHGis,BRRR,6EFvd189kCKoxftbWYWdx7YqT38ES8jEHoyM3jjA7HWP,raydium,1789732212,0.0002837,49615.18,283769,283769,112.27,4871.79,40901.85,186707.12,2,0,23,21,223,136,737,498,0.88,-9.54,-27.37,-55.3,0,1,1,1,CPMM,,,,,,,,,,
1790216450,4ssDxLh4BpzVVC6WsZHfoSYAVDhR8hpWzekyoGzYpump,Meepcat,57i44FQtgroKaR1qbtmKW1vnNYhSfkZwVj5PaRWCPr9Q,pumpswap,1789738481,0.000003442,4004.34,3424,3424,0.02,0.12,0.34,13.54,0,1,1,1,2,2,11,16,-1.83,-0.43,0.15,-2.67,0,1,2,1,,,,,,,,,,,
1790216452,A9jLtg9Fyu4FoEkWGpX88zMLcYARx6JXYJ1zcryDbonk,INUTILITY,FgWs1egswjyyWMgpbDEeHF6roaQy9xsJPDt9rNreh3z7,raydium,1789731645,0.000009985,9284.14,9986,9986,40.32,40.32,106.99,1571.86,0,1,0,1,2,1,11,53,-3.02,-3.02,0.51,-58.54,0,1,1,1,CPMM,,,,,,,,,,
1790216456,USNv3NkKA27Dh4nsHJDPhW4VoEcTQmjoZyJt2dqdwFu,USO,GjkPpgKRki76BraFQJev5pWh7JE6cpRtnRUv8msL3vkH,raydium,1789739831,147.62,20126.51,284185,284185,794.4,3474.77,27700.98,114818.95,0,4,11,17,152,169,581,678,-0.28,0.07,-0.93,1.37,0,0,0,1,CLMM,,,,,,,,,,
1790216452,91ryaCo5yGpYZM3bs6GUPs97VWJQj7RozBmqPULgpump,TIGRINO,2fwy38cJcChCVySA9cd5SAFaEPtZQWN2ssFip43hnsHU,pumpswap,1789729613,0.0001584,48773.18,154656,154656,290.68,2177.08,27043.2,240449.2,6,0,30,25,234,175,1569,1306,2.88,0.44,-4.7,-44.88,0,2,3,1,,,,,,,,,,,
1790216454,Dz5jFaFpEQUjL59teqvxuZ8aigepvoj9w2tZvjampump,ZPAID,CmeA6c5q7v24PZM2sAbhgS9MvU1urYzjdUTr5rbnG4p9,pumpswap,1789739219,0.000003012,3410.01,2736,2736,0,0,0,0.81,0,0,0,0,0,1,0,8,,,1.17,-3.3,0,0,0,1,,,,,,,,,,,
1790216451,65eAVaiM8XZKqY6NsEY5cx4XcGWDGZadbHaGVL5QxikW,NASDOG,FEMHMyNvZsDoXJVU1HgkSDsYyuEt4tKhKyKsd9L5L5hw,raydium,1789748023,0.000008721,9754.2,8722,8722,0,521.62,2779.96,6668.5,0,0,5,6,33,33,113,127,,-0.23,-7.99,-37.24,0,1,1,1,CPMM,,,,,,,,,,
1790216456,hxKNWVwEE4HpJuhByYqtcW71yMSLHz7iBCsWeethtgi,WEN,8nasaPoWxE1rCM8SkBj6hDR1vwtwiEqdZiKwQAvQUxCo,raydium,1789747139,0.000003716,5720.21,3716,3716,0,0,0,532.04,0,0,0,0,0,0,1,9,,,,-14.96,0,1,1,1,CPMM,,,,,,,,,,
1790216453,D9fL3bqUnKq5ZAoVKFpTnNydW92uSJqq1vpK7udQLA9a,HYNU,Bhx6h4JwtQpf8w7V7J2czrxa8jDqkntLRq25k3T2rQtF,raydium,1789747033,0.000002843,4777.65,2843,2843,0,0,0,530.34,0,0,0,0,0,0,13,21,,,,-45.4,0,1,1,1,CPMM,,,,,,,,,,
1790216453,BeUcez6cqhZbjPrNirkLsYADwfHUTzv7YSY3ATaWZqPC,HLOOP,7NkZiiWE6HPPsMDrHnggg5s7TCUpudLZzqpiDEL1Wr56,meteora,1789555296,0.00001139,10270.04,11377,11377,0,1.53,32.39,311.76,0,0,1,0,14,4,26,37,,-1.09,-4.66,-10.6,0,1,2,1,DYN2,,,,,,,,,,
1790216450,4XFNDAghSHqfU9YxDfBeVgc2Uzg7UWzV77q1pzQfobYa,NIU,BMfo3hzW92tfWG1joCJaiWzhcoSK7PkUcNAfweaJy1ap,raydium,1789748178,0.000005381,6478.76,5381,5381,0,0,38.76,412.18,0,0,0,0,0,3,0,25,,,-2.04,-27.08,0,0,0,1,CPMM,,,,,,,,,,
1790216451,6HqnRCkEUwm7ZsoeiwjYry5zYNYji2mk4kAtMzcDgZVz,WEN,5EYt9v2GzCy5Rfkics9ZQqo81sq3th2qr8pG7D3sUBfs,pumpswap,1789748114,0.000003440,3431.09,3308,3308,0,0,13.78,28.4,0,0,0,0,1,1,3,6,,,1.04,-3.41,0,0,0,1,,,,,,,,,,,
1790216450,2ThD6YT58UUYG4u8Zj7kKECY1ArKdsiFhRCwR6UK5ryU,CDOG,6St5RuWpcVKvgZEtAmg4PfTzSpxcJ5kaDJ8chwk2TNJP,raydium,1789748029,0.0001746,39231.45,174618,174618,119.39,2821.3,30659.19,113949.76,0,2,23,13,171,153,583,588,-1.29,3.62,-17.59,-39.84,0,1,1,1,CPMM,,,,,,,,,,
1790216454,ERrhAUgUecYPW99gjw1QsVRf8AUvf7HNYHuMEBGMpump,WBUCK,F3FjDscqUssB66ZhuokcXaX1SVXr38zzkCpXwqMwPFSL,pumpswap,1789748175,0.000001939,2033.91,1858,1858,0,0,0,0,0,0,0,0,0,0,0,4,,,,-4.41,0,0,0,1,,,,,,,,,,,
1790216453,CYPHuMmCL1GxJWa2tsPhLKykC7GrHJTCHwbXD4g5uawK,CYPH,C7esEMj5yvs5njfsYWii7d8hD11ftgcQ7RGruUS4H13u,raydium,1789748780,3.57,58057.01,,,1033.76,9265.14,140401.99,734126.4,8,1,29,39,267,458,2186,2333,0.11,-0.14,-2.42,-11.26,0,0,0,1,CLMM,,,,,,,,,,
1790216452,7nTAA8U8kAD7t8Z1W9g6DXNTfMf4YYg2PzV9PiNRWaas,ROW,8h2WCve1CfgYCohLa7t8DtmC7YsacL1Gqdp7ewNeUFcf,raydium,1789764079,0.0001269,56049.55,126927,126927,0.11,829.18,9728.29,83077.39,0,1,15,12,92,93,661,654,15.29,14.72,-1.64,-8.46,0,0,1,1,CPMM,,,,,,,,,,
1790216451,5oYh831YeK7cJ3YFLF1bAyCTDqPLzxETdQev5exy8TGA,HOODCAT,CB3ofejJiuXP5DgfvPVJm9Sw9WzWgMZCqZLSsjejHCx5,raydium,1789775602,0.00006794,24514.51,67941,67941,0,142.82,13037.69,33290.42,0,0,2,4,62,60,179,177,,-2.18,11.25,-27.1,0,0,1,1,CPMM,,,,,,,,,,
1790216455,G2DPFQW1gdjrYGXmr4q1eZjJUAAU1byv99TtUUm4pump,hoverfly,G4aZ3dTNY5sFPY9rQbv2p1pY5XXcdmTFYFx4tUR2uCgJ,pumpswap,1789782957,0.000002471,2750.42,2407,2407,0,0,4.14,8.53,0,0,0,0,0,2,2,6,,,-0.04,-3.14,0,1,1,1,,,,,,,,,,,
1790216452,8d56tCrMcyLFvpw5aeGNz5xRAAdVBiCtDw6QiVYrs9s1,DONALD,3pMBXbd3LyrrSGNz4TzzzF98h1YotJKMY1ksTmFHHfGL,pumpswap,1789401715,0.00001568,11339.61,15150,15150,0,53.22,440.09,8799.34,0,0,1,4,12,20,116,104,,-1.59,-2.53,-32.82,0,0,1,1,,,,,,,,,,,
1790216450,3pYQu1juncwo5o6yGwiv4rzB1myb8ZgfA2oK86A6pump,TIGRINOWIF,BoymZBEKLkgPck8RPM1EwsfRGE37UixV5dkMCStfyHUe,pumpswap,1789785163,0.000002213,2298.84,2157,2157,0,0,0,17.92,0,0,0,0,0,0,1,10,,,,-4.96,0,0,0,1,,,,,,,,,,,
1790216454,DTSnWMjHedLzcc2oVMpRzk1uankCF16v68PUmC65pump,DICKINU,6MWrTvnzghdFR4yZkJ5PGewgCp9Rmoi6rJs4Hu2iaRPL,pumpswap,1789791156,0.000006019,5324.44,5668,5668,0,2.81,331.15,706.36,0,0,1,0,10,6,16,19,,-0.63,-4.99,-20.67,0,1,1,1,,,,,,,,,,,
1790216453,BetHXx7ymnuca1bf8XUzVSwvxdBMen9nEWhScYeJEFX3,GOLDINU,FZVH93iu7jcbwpzW2u2nEXV1vZqcxULDvQkzthDapsxD,raydium,1789771576,0.000004767,6175.81,4767,4767,0,104.27,364.13,4726.44,0,0,0,2,9,5,74,53,,-6.68,-10.25,57.44,0,0,1,1,CPMM,,,,,,,,,,
1790216455,GkLYMocWN9peHrJn7KBQchf5Wx7CMRNDZLMtN7REpump,MCBOMB,Axd9mLtftaQynHX9ZVbuRva4VNK4pyGFj4P8GXkNKMrb,pumpswap,1789791091,0.000002316,2528.05,2256,2256,0,0,0,0,0,0,0,0,0,0,0,5,,,,-4.33,0,1,1,1,,,,,,,,,,,
1790216456,HkSwZWCEK5hNL1h2sM61RzZbXKGG9SqQxxP3PX7QGVEi,DEAGLE,Dv47zDppJ2VYKpj436SHnGbEd2gz8sEYtjNeQ6xxaUWA,pumpswap,1789834742,0.000002367,2381.68,2267,2267,0,0,0,0.71,0,0,0,0,0,0,0,1,,,,,0,1,1,1,,,,,,,,,,,
1790216451,67buYJjYX5usoVtefwS5vXJvELK2ijxD334igCjXsNh4,SI,DaQiKrJE2cokUz3VDa1L6zCqfHaRvqLUjLTaHEEiJF8j,raydium,1789831994,0.00001108,10920.08,11081,11081,0,215.33,2629.93,9737.49,0,0,0,4,24,19,97,116,,-7.62,40.52,-16.26,0,0,0,1,CPMM,,,,,,,,,,
1790216452,98rAFRoTjWVS6au9zRHcLuc3NdfaXQzvR6wJLKu2pump,CC,CMhv5RKL7axdiMoaesxqJLvAb7rJiSbR7RnH6eMPvqtS,pumpswap,1789832675,0.00001047,7952.29,10107,10107,0,1.02,427.14,2516.12,0,0,0,1,3,12,33,48,,-0.5,-3.65,10.88,0,1,1,1,,,,,,,,,,,
1790216453,BsA6TtvXcG8P6shTqDGhJDsRrsJqrVRx76QKmacPDHqH,JEVDESK,DzNVzmwgwyM1s3X6gqhMo3ypQR3hewdZTR8nY3ti4t5E,pumpswap,1789916508,0.00001009,7530.1,9024,9024,0,0,53.73,970.69,0,0,0,0,2,2,8,16,,,-3.49,-24.29,0,1,1,1,,,,,,,,,,,
1790216453,Bc3qHg2vppBvuW8gbamt1NDJxhc1EZs92Mpnn4jhDh2W,DIESEL,3rRbVDkjQpjFYH1MPTGBFLjQuqNShu6Ewk8Etw95FXya,raydium,1789739886,0.000008886,7939.04,8887,8887,0,9.35,2849.9,14346.03,0,0,0,1,22,27,135,143,,-0.47,-27.12,-62.07,0,0,1,1,CPMM,,,,,,,,,,
1790216456,RnhAUX9A4xr1FPdHbfqu3LxitvFRhpfnr54qsvwpump,FOUR,2EAwigHr3zjaKiQqN5yCqDXRYRT7Ci5VTD6FJySdTFjq,pumpswap,1790063081,0.000004526,4038.3,4324,4324,0,0,48.62,1476.05,0,0,0,0,0,5,14,59,,,-2.25,-48.72,0,2,1,1,,,,,,,,,,,
1790216454,EBsK6LyH8ZCF6aq2uD4fTkFHuPzA1DLUE7fLjMyJpump,Annoyed,BNq95e7uvYYyER4VzhSD3yGPgTr3vQG27fmXqQHFjUhU,pumpswap,1789811272,0.00001202,8873.34,11501,11501,0,41.35,4802.08,10090.13,0,0,1,3,45,35,129,125,,-1.41,5.17,-15.59,0,0,2,1,,,,,,,,,,,
1790216453,BtFegYSVBRxyiKj3pDotZm4eASjoD51x6vp1VuryB12K,KEK,G5SG3RkWycHm2eGozAJSUTuYLMbRJcD63kShB8Ki9VCV,raydium,1789844406,0.00001444,11229.87,14448,14448,38.22,627.53,1916.58,29353.92,1,0,5,3,17,30,229,287,-3.56,0.84,-6.71,-62.12,0,1,1,1,CPMM,,,,,,,,,,
1790216450,268THL65f1X8c82Cz2SLmQeAkzsTtYCqZU4vNYBwpump,QR,B69TycoNBtT66jCT9mewpY1d8Jed5VZmAwPZr9CjSQtf,pumpswap,1789850038,0.000002410,2396.51,2223,2223,0,0,0,2.09,0,0,0,0,0,0,1,2,,,,-2.64,0,1,1,1,,,,,,,,,,,
1790216452,8QfGp7PrMjrQuZEUCWn4SbrXuKy7xsrkNjjQGCVZrz2G,FEELSBAD,AgwrAB8u4sZerV2v3bcobydXNZFK3DhrSXP71yaUVPJt,raydium,1789838537,0.000005063,6750.8,5064,5064,0,11.68,53.46,1083.42,0,0,0,1,1,4,11,55,,-4.94,-0.56,-30.44,0,0,2,1,CPMM,,,,,,,,,,
1790216453,At541hRZhK9LWKj9w2dqN2wCdpFyZgRa1Un2yG7xa43m,VBUCKS,7YoDHgiziucUwikCxXM5pfjG8EoYaDvx28FJgBMkh24i,raydium,1789786206,0.001164,118923.52,1164621,1164621,722.86,12885.59,222754.24,459947.24,7,0,45,52,735,576,1701,1578,2.52,-5.32,-4.74,120,0,1,4,1,CPMM,,,,,,,,,,
1790216452,8XPDPyPAz4H64aqCHkSjuUYtyjfiG7dPi328WSkrpump,Pencil,7iHcnMxCpeLLKH6cngddmP8BpMd9abKhsJJ4ngVaMi2p,pumpswap,1789867776,0.000002159,2221.65,2122,2122,0,0.58,0.58,314.49,0,0,1,1,1,1,1,11,,-4.87,-4.87,-25.35,0,1,1,1,,,,,,,,,,,
1790216451,72VYCTpMtNZ9krwLTMYJqADzxFsFZ6iDkpWYw1Wpump,xPad,2UUudyvCRnSW1exaynbTCjaVCTqHuHxAB9Q5DHK1AEEJ,pumpswap,1789871319,0.000002446,2473.68,2273,2273,0,0.11,0.29,4.21,0,0,0,1,0,2,0,5,,-0.48,0.15,-2.08,0,0,0,1,,,,,,,,,,,
1790216452,8L6adARUTBMTnmPcUFZoA8WgE1VD5FefzyohDHJiVPay,PAY,5h8mbF1EFsrxa6N6par17rTaN251bvSv6bJ9wBweZo4f,pumpswap,1789872454,0.000002579,2550.28,2400,2400,0,0,5.24,5.24,0,0,0,0,1,2,1,2,,,-0.37,-0.37,0,1,1,1,,,,,,,,,,,
1790216451,7ThSyvACQk1QQjCR5ApGT4bTm5cEvtMJCVFK65k7pump,SOLBUX,81QNBEUzb35A2HyqQushcnZa5MHA38ohRToxX4hHA4bT,pumpswap,1789876800,0.000002502,2487.12,2347,2347,0,0,0.24,2.32,0,0,0,0,0,1,0,3,,,0.8,0.11,0,1,1,1,,,,,,,,,,,
1790216453,BQkGdvVHVNjArFSJCP2Xfw3priqwGiEK8grrWBXTGUrK,TBC,GJuUNiTaSHVtJ8s8YoMbY7jrofsDLHNLLkiH8v5WeHaW,pumpswap,1789877619,0.000005643,5276.17,5351,5351,0,0,5.91,70.67,0,0,0,0,0,1,3,7,,,5.47,0.98,0,0,1,1,,,,,,,,,,,
1790216454,DYrnfjRGrYwxZsPDv3em5KA5nUfNPvZWvu6eG2UApump,BChad,GYu1QAtkthDYASA4HKA3hBSrDWFLr4LHp9FWtzLchpnZ,pumpswap,1789876777,0.000002407,2659.18,2320,2320,0,0,0,0.12,0,0,0,0,0,1,0,9,,,0.47,-3.87,0,1,1,1,,,,,,,,,,,
1790216454,EcSgxsBGoqZNxHgKhon3jSmqjYW57fSgLFrrF8SgTVGR,GL1TTR,7s6ptW2R6WG7opaCUNiKTBjyetfEPJQcM31p6zasHs9T,raydium,1789875519,0.01061,21231.75,10618367,10618367,0,0.02,29.67,74.01,0,0,0,2,69,76,169,198,,-0.02,0.5,-2.82,0,2,1,1,CPMM,,,,,,,,,,
1790216453,CBLgLg4rjkqqwXuZjR1WAqWet2vR68Vne32J2bFLpump,DONATED,851G7eJBavuNfn3QcU951tDZkQZK17XPLE2jCzuqtEEs,pumpswap,1789877215,0.000005327,5238.68,5104,5104,0,5.32,75.27,500.82,0,0,0,1,3,9,18,53,,-0.03,-1.36,-15.24,0,1,1,1,,,,,,,,,,,
1790216450,24G6fv23pPg3UTKAAA4dnC7UBe9SgEoj8HXscHJRpump,SENDING ,E7TcBeZ8JYt2hNfMANwtKzvuYoKo1iKokHbFVUe3cxqR,pumpswap,1789873873,0.000005091,4862.28,4949,4949,0,0.08,13.17,36.24,0,0,0,1,0,4,2,16,,0.18,-0.32,-4.29,0,0,1,1,,,,,,,,,,,
1790216455,GKHfDWbDZFLHKmNVVW6fVhx7LkFYXXZjMBAEodt8CTB9,FATGF,DsqEQvVk9uegYsjMHBK7SR2JNYYDE5f5KGpXbeef4Vbr,raydium,1789876068,0.000003700,4554.95,3701,3701,0,0.02,315.79,1603.04,0,0,0,3,2,17,21,86,,-6.46,-24.02,-33.67,0,0,1,1,CPMM,,,,,,,,,,
1790216450,2wFHMmHeS5HRhPKUsp4jukK4PjvmsSHNcDA6ccHb7omN,MCPEPE,HnF8wevhHctEgjdG5nXUJmhagHaGnTQk9mdbnbqu2Pqb,raydium,1789873940,0.0002071,40392.66,207162,207162,0,0,0,925.57,0,0,0,0,0,1,8,18,,,-0.1,0.9,0,1,2,1,CPMM,,,,,,,,,,
1790216450,3WUztmmgYpJQATczBBaqwNxdFoUQXkoTraoPGaxBpump,TWEK,9LcXFgzyj5pFMj8deQbatum5bEaGuiUkQaeG5hokt4Um,pumpswap,1789915329,0.000003177,3091.17,2606,2606,0,0,0.34,53.28,0,0,0,0,0,1,4,6,,,-1.26,-6.29,0,1,2,1,,,,,,,,,,,
1790216452,8fChf5inzm4KmE1kWtcGUPkhu7MZe2xYaTyTtjiU2sj,STONKED,DhHET2Q5Abwe3QgKhpYfUZfz9DBK4aQ8XSVSXmsy1cdB,raydium,1789919366,0.000003618,5656.24,3619,3619,0,0,1.17,21.86,0,0,0,0,0,1,1,13,,,1.05,-3.55,0,0,2,1,CPMM,,,,,,,,,,
1790216456,sdyKwWzC8EnriZWBBwm8YX25nKGmtQdZAHBEGLUpump,INU,EkFd3k5DYdwqf4zmoqeUxgB1sG8jqVyT4DmAAyuMhKjU,pumpswap,1789898860,0.000005180,4859.09,4756,4756,0,0.48,127.2,244.05,0,0,1,1,8,12,17,46,,-0.19,-0.9,-8.9,0,1,1,1,,,,,,,,,,,
1790216454,DsjPNCjFrQDXGZ96UzohaMm9PQJJUxWFQ6Gy6do9CSLT,BINGUS,F9yYscWarHyAusNr5x8SVZ8yCD8HtSxGhSaWRWsavovk,pumpswap,1790017307,0.000003077,2968.43,2913,2913,0.67,2.5,34.5,120.75,1,0,5,0,36,20,100,60,0.1,-0.19,1.36,-1.64,0,0,2,1,,,,,,,,,,,
1790216453,CcvNpYQ36arU3C5Peg8fBmdKZFTrFPgenmE3sbPhSLLM,SoLLM,CpsMRU4yyZgc5FSwceMkp4cDfMaptjVEhmA32habYkHh,pumpswap,1789936880,0.000002332,2333.22,2218,2218,0,0,0.19,24.88,0,0,0,0,0,1,2,5,,,0.92,-4.79,0,2,1,1,,,,,,,,,,,
1790216452,8fogMoMGVZUwtoCB2ZrMkBhq76BzBNw4o2syZCYEvCZG,WAT,Fpiwj7PmH5QcLqaKkqQ9izC9pgZKtKfA6894e5jc7xyX,raydium,1789936431,0.000002425,4569.97,2425,2425,5.81,5.86,16.47,33.97,0,1,0,3,1,4,1,7,-0.36,-1,-15.62,-7.44,0,0,1,1,CPMM,,,,,,,,,,
1790216454,DbVQ9vYSaxwNuoVopPL3v2KeHtY3hCfS9z3oHQTYWXWx,HWG,5oE1nZHwCZeCgWbTqtZHAdCxMvNwvNz28mqfcnuEq4zy,raydium,1789925186,0.00003707,15789.82,37065,37065,0,276.41,565.16,7652.61,0,0,0,2,3,2,30,26,,-6.66,-0.26,-0.41,0,1,2,1,CPMM,,,,,,,,,,
1790216454,DifgEZC24HbYZwDq2og89hUJTjFixsyYZtV7Hrzepump,ZEPE,CJ4YEU7zDigfh6qwDU45fF4QxwUvgSatXTWNQDtJwpcB,pumpswap,1789955189,0.000005177,5016.67,4993,4993,0,10.35,32.64,837.21,0,0,2,1,3,3,19,25,,-3.71,-1.82,-19.08,0,1,1,1,,,,,,,,,,,
1790216455,GVZgBj6XgZ5gzA7qmDQmmAiFtGGc2AyMCSrVfbeLpump,uoaoa,3dVtyyxK6a3r7xjmwDCY7uY4zdsGPnA6LaGjxoApZeC8,pumpswap,1789935199,0.000002614,2973.46,2551,2551,0,0,0,14.55,0,0,0,0,0,1,0,12,,,-1.05,-5.45,0,1,1,1,,,,,,,,,,,
1790216455,FSJfPYF6VjuDuUxMFdUrCEkVr96bhC5oXKhv4o6JJxiK,Mentor,9skwAP585Et2bs6TS9KJ6SrAzXgSjxPgs8xDLes2uWHS,pumpswap,1789936262,0.000003778,3877.83,3688,3688,0,0,2.94,175.8,0,0,0,0,0,4,9,19,,,0.49,-6.41,0,0,0,1,,,,,,,,,,,
1790216454,FPPGF5RNgCvNzqrRqWrkgkL4YQhzqKMNVtD1kWk1ooqg,+++++,CD2Kmeqr7oQwzixmF1AjUEVb8sEW2X2CtT2s2Gkf63ZV,raydium,1789958616,0.0001437,40872.92,143797,143797,740.43,6364.02,32226.15,192893.68,2,6,40,35,291,186,1124,854,4.49,-10.59,-28.63,-49.23,0,0,1,1,CPMM,,,,,,,,,,
1790216452,993DZM9ZbcHhFKDs32A7PMo44TBZKgLCM6uC7D74avDe,WOLFI,GYbzZGzbyX9izhGX6GNi3TFtiYX4ZVUh33EdBBnkWzPK,raydium,1789953274,0.000002814,4473.96,2814,2814,0,0,1.27,144.38,0,0,0,0,0,1,1,6,,,-1.89,-17.98,0,1,1,1,CPMM,,,,,,,,,,
1790216451,6YpMNNWNqYUSLZ5NzBJ1y79cAYw3tisUgwSuzmqURzZc,JUBJUB,GCYnjWTkbuRR1ZYTCJivuuKcr9Gf5BW7ba45RDrbWxR8,pumpfun,1789956916,0.000005681,,5681.62,5681.62,0,0,0,31.14,0,0,0,0,0,0,2,5,,,,-5.78,0,0,0,1,,,,,,,,,,,
1790216450,2tGtqQ7Jvjgvh3S3r7miHFpvVyDxwbLoGWqtXfoh1AFJ,xD,HzhXoGxXT3ny5Hrhp38RYpHc4xFNjVWv3mFPpNSw6Btv,raydium,1789958012,0.00001112,9895.89,11125,11125,0,3.81,451.91,5822.97,0,0,0,2,5,9,54,65,,-1.46,-8.14,-48.68,0,0,0,1,CPMM,,,,,,,,,,
1790216452,7ZdvLz8WAbTWGqSfiFmr9VWggoZok7T9316ERWjgpump,STAMPCAT,1MJhpTMojPNnUaJtYhmByesrpFoj4PmTzJnUVTxj2sC,pumpswap,1789958668,0.0006139,68882.16,613733,613733,1282.77,63089.26,69393.36,417227.79,45,8,884,256,1129,303,3296,1168,4.87,-65.24,-58.99,-98.56,0,0,0,1,,,,,,,,,,,
1790216450,2Hm8qcnud7LEes2inqHcohQKcD7sqAqX8wb9W2uxwB7g,LEAN,C9QXaGp2kVa6zNzKYYACC3r3YXkfxwKBip2wNKucb7dY,raydium,1789974859,0.00006028,23122.82,60285,60285,222.53,567.72,11138.81,42243.91,5,4,63,5,348,63,841,310,-3.71,0.79,-1.49,-21.23,0,1,1,1,CPMM,,,,,,,,,,
1790216451,5TEXBNqSxfod4n15zqrCk1kt6nQc9KfEuqqkR2x2pump,BABYJEAN,G9k8BmHYoEQiWeahqfi8cezqWYXnom8qLuHCoSdQ3SXE,pumpswap,1789977043,0.000002827,3101.27,2777,2777,0,0,8.3,111.17,0,0,0,0,1,6,5,31,,,0.78,-1.71,0,1,1,1,,,,,,,,,,,
1790216450,4hN45GtgCo39FZx3EUK5GiPNkkzUvEYCrAoffPuhpump,cashless,5xQqvk73tzLJWqVUJw3JKojj9AaW9hLoLk73vqizA8aV,pumpswap,1789973250,0.000002367,2506.77,2287,2287,0,0,14.5,27.85,0,0,0,0,7,6,36,28,,,0.33,-2.33,0,1,1,1,,,,,,,,,,,
1790216453,BjxTsq8fS1DmXnh3yTTdqwjwrAu9XwHbn1ruHCgA8vvV,ECAT,F2TRFvKde44GgNaYer4G2KnY6yF4jx9ndzonh772vnPp,raydium,1789976347,0.000003344,5026.67,3345,3345,0,0,23.15,292.47,0,0,0,0,0,1,8,24,,,-1.91,-16.09,0,1,1,1,CPMM,,,,,,,,,,
1790216452,8XTZqRC7VhMboMmrHqX5P5cQxciC8amKA2Dj825Npump,padtard,3FmM3ewaxsrjKcN4tyhLGRg9KiYnoJWdVmaczXqwL5Qt,pumpswap,1790007384,0.000002453,2543.52,2353,2353,0,0,0,14.36,0,0,0,0,0,0,1,2,,,,-2.04,0,0,1,1,,,,,,,,,,,
1790216451,7LKa9bcNeKBEYzyVf3Pxe2P1Tq4gdE331VvvSN4yU26f,FBEAR,EC7BRaZAhCVYsVMiPicNZNSsQyh8GWtBsKpT4XoJRGYS,pumpswap,1790007684,0.000002270,2282.34,2182,2182,0,0,0.43,1.49,0,0,0,0,0,1,0,2,,,0.21,0.21,0,1,1,1,,,,,,,,,,,
1790216450,4UnNG97k5V5ViBk51uUfev5XvK9nW55W4B2BrXwLh9r5,SHART,FPZiHgmHeZMuxta9CaittuUYUCV22uGRqrkibj2AYv5Z,raydium,1790007439,0.000007755,8236.91,7756,7756,169.27,1775.58,2011.15,47856.65,3,0,24,16,28,20,580,461,9.58,34.36,37.44,-0.03,0,0,1,1,CPMM,,,,,,,,,,
1790216454,DbQBKqMuH85CEYpqZvk8cowrWX6n9vRDBXqXiFRKuLiS,WEIRFI,BuAzPfVmARoM3hy9BQqUyiBGre2MwPoD99VPtkqu7M9g,meteora,1790006894,0.00001452,11202.64,14525,14525,0,5639.47,13080.69,45355.95,0,0,73,42,136,87,390,274,,-58.94,-60.23,-67.81,0,1,1,1,DYN2,,,,,,,,,,
1790216456,He5XcCaLrygisurxfDYH7vumKW5yopVZcA9DKPvpH4Lz,SCAT,7aQ3uqa5stLSpGtah9rjUj4DEyZ6ToQrXc3RwAFJYoHb,raydium,1789942489,0.000009288,9560.97,9289,9289,275.72,791,2004.07,17237.48,2,0,4,2,32,37,187,185,13.56,14.78,4.61,-54.43,0,0,1,1,CPMM,,,,,,,,,,
1790216456,kBMfZTeuKHfi2n7Bqv1BeiYLz2LhzAC8JTYwXp6tnox,NOXUS,AHqiNALm4rWBnW1gbSTeBFFatVafGgVv2rDgw6AzkHLV,pumpswap,1790007212,0.000002442,2440,2336,2336,0,0,0,9.51,0,0,0,0,0,0,2,3,,,,-4.85,0,1,2,1,,,,,,,,,,,
1790216455,FqmGHG75Jd8GNo9EUdMH1nMLVk8EYX5DTuqdei8zpump,1000X,3jh6CytUSuUHzsgzPKzhmLiDANZ3P87nQSEZGJUBKJZX,pumpfun,1789902866,0.0001831,,183159.1,183159.1,0,0,11.33,12,0,0,0,0,1,1,2,1,,,-1.96,-1.96,0,0,2,1,,,,,,,,,,,
1790216456,HfMQwoPjouopqsDysy7PnBhdm4hoLCxm32NLk67Mimns,SWC,G9f1DP1h4CEsgbCFkcs4C6wDYWiDYfStS8es2JHrCAcG,raydium,1790007406,0.000002925,4978.86,2926,2926,0,0,1.58,127.56,0,0,0,0,0,3,7,12,,,0.68,-0.35,0,1,2,1,CPMM,,,,,,,,,,
1790216453,CbouD8khLcz1Y1QngvRtQufUimSRKpHkvGn6y1n8pump,UTILITY,9dyeuZaENy1TfKwkR4rV8mGZcAWWw4pkubyHBkUG85oZ,pumpswap,1790022917,0.0002184,41803.56,213987,213987,1369.11,11304.6,89077.26,295471.14,15,497,117,6409,972,38899,10225,56068,5.29,6.15,1.22,50.3,10,1,1,1,,,,,,,,,,,
1790216456,HYCE7xeDpMc3Qef7w1jDiuJE3UZiG4Y8ZPqXB4WFSTNK,doge,C9oDvqsEpxNRReSQ7V2HTCEoNAXM3Z6vjSW1AsDkHj8g,raydium,1790023045,0.000002325,4468.19,2326,2326,0,0,0,0.11,0,0,0,0,0,0,0,2,,,,0.2,0,1,1,1,CPMM,,,,,,,,,,
1790216455,FTyieGbq7KsXrpZEiYCC68upLek7cKZep3paQdUSpump,MEDIA,FPAgamaN3AVf2rCAq9ARoudaB3AY7g7eumH8Zn5N6fQN,pumpswap,1790023467,0.000006598,5320.29,5973,5973,0,0,2342.62,2349.87,0,0,0,0,12,10,12,12,,,62.78,60.12,0,1,1,1,,,,,,,,,,,
1790216453,BX7r6jFdMEUMRyx1whei583iz5pBjrfApbPj7Q1YpPZP,L2Cat,GYQBhwL4AmT3svpdPLBsnfUEeY5FcuX5PqJFb91Q2Q4r,raydium,1790023088,0.000003114,5041.13,3114,3114,0,0,0,1634.34,0,0,0,0,0,0,21,18,,,,-15.33,0,0,1,1,CPMM,,,,,,,,,,
1790216452,7as86KvTJLWetHAvL18ijNw1Wf9DxW7bcMMuh294UFrw,BIRDDOG,2FZbhZ3L6wX8pPfGkz3mRQ6B4457NKsYz9vD2tHncTzs,raydium,1790022814,0.00001150,9327.19,11500,11500,0,5.53,2524.72,9590,0,0,1,0,8,21,32,69,,5.02,-55.64,-61.56,0,1,1,1,CPMM,,,,,,,,,,
1790216452,A2YYjpUbWMGwYbrfqnWBfxL4RtVoszTMuNff3MDTpump,Higher,HGYuKUx86WJvPMnMob5Cx4SLqMF4yCgcoaLm7WLvFUmu,pumpswap,1790022403,0.000002443,2453.01,2335,2335,0,0,5.91,24.35,0,0,0,0,0,1,1,12,,,-0.27,-4.55,0,0,1,1,,,,,,,,,,,
1790216455,GvFe6EjSXAP31EbkSAYpHgX9mcgTUZWHkTuDjRUUncWL,UNC,6viWAMHocDwDAbkvXUUCH1AgbKQh3rzQje55TBihjgUK,raydium,1790016002,0.000003311,4303.22,3312,3312,0,41.48,557.02,9016.61,0,0,1,2,3,19,91,173,,-5.46,-26.25,-84.5,0,1,1,1,CPMM,,,,,,,,,,
1790216456,HhcfXbZ2rukoKx8oAH8rfkmzXbwvfdh6MMLZjneg4rWk,COPCAT,FDy48HT3x8xV27vwemC5VZjJwX2WBnCgKMJYuAnmoBdZ,raydium,1790021024,0.0001769,42222.83,176939,176939,19.82,8763.18,65520.66,278042.24,1,1,42,40,354,293,1471,1353,0.26,-19.04,-41.18,-39.26,0,0,1,1,CPMM,,,,,,,,,,
1790216455,FkfQ9CQnLyyYMUZ2FEi2RviwsQe1qHF8VVQnCwTaEBhv,GROKBOT,nRfBj5ZrKWUAJPXcbQfVDRr4FjwMWKV9XcgV2QoVrKC,pumpswap,1790043023,0.000004700,4267.21,4568,4568,0,0,3857.36,9338.94,0,0,0,0,35,28,111,110,,,-5.83,-50.69,0,0,1,1,,,,,,,,,,,
1790216450,485mKRd6w6XkcGuezKLaMHSKJ1MGYw5SgxoY7JgxhY7X,DROIDAI,g7P7FDdvETYp7fm6BNTur6FEnPRh9MfGe5JDaZ7EUDu,raydium,1790041591,0.000002298,4470.04,2299,2299,0,0,2.84,78.55,0,0,0,0,1,1,1,24,,,-0.06,-8.14,0,0,1,1,CPMM,,,,,,,,,,
1790216456,Hgtpj3Rg2BWWeopkAiVy71KT8L8nQWMxxxFdChq2pump,2030,3Y7zyAT227Vcw7u2HhKWqzhiPbzGLgmBUkNt44dEWab7,pumpswap,1790045015,0.000003860,3570.49,3642,3642,0,1.05,6.97,6545.69,0,0,0,2,13,4,48,52,,-1.48,-0.65,-89.18,0,1,0,1,,,,,,,,,,,
1790216450,2qnrcxARuBTWpB2UerBCc3YmKEV5X2wgLNzK9LxQvkt6,UIN,3pypYZVJHT3jEcWZbi9JRpSQJ4P2ZEirsneRuiLGGHWW,raydium,1790044584,0.000002040,3822.31,2041,2041,0,0,10,10.57,0,0,0,0,0,1,0,9,,,2.94,-0.73,0,0,0,1,CPMM,,,,,,,,,,
1790216451,5PHUX9T2dgeUktJyu6KKdcqtTF98T78spNyBFcotpump,fomodog,7aqNfqCoTCAkk9tyZ6ahFsXyaBq7LZ21GRfvM1BLYfSH,pumpswap,1790044624,0.000002593,2928.14,2525,2525,0,0,4.58,10.77,0,0,0,0,1,2,2,17,,,0.73,-4.59,0,1,1,1,,,,,,,,,,,
1790216450,3ULoD6ffRdG3B5Dndm1cQh7VNATqoitqQ1EVoAwWQZWk,USDC,3qkKyoqTMN4tj17HGfTxRRppsZ8PxRxynGsguCG85kYp,pumpswap,1790051776,0.000003661,3689.98,3506,3506,0,1.1,2.38,65.8,0,0,0,1,0,5,3,22,,-0.04,-0.15,-2.7,0,1,1,1,,,,,,,,,,,
1790216454,E6MCyEnju61ZSQy1CBRu31hXFQRtKiUMnG4A1N7yRoLu,Aether,GBTnRPyXFtM2SziRK41PzZNvJBimqxqfSNFEeV8cWmrx,raydium,1790050865,0.000004645,6243.46,4646,4646,0,0,57.22,1369.49,0,0,0,0,1,2,17,31,,,4.26,-12.75,0,1,1,1,CPMM,,,,,,,,,,
1790216453,CdhZy8wrRxNxoV8HtoByXKN7mvS46avtuZ1b39tKfx7,X7,DM7mLVfNUJTbWzwep9BWMVDDhwR1PQU3t2wQ66WTvgqo,meteora,1790049638,0.0005511,138234.99,506648,506648,0,11605.26,105887.73,518820.37,0,0,21,22,355,245,1612,1432,,1.67,-5.38,-60.68,0,1,1,1,DYN2,,,,,,,,,,
1790216450,4f8di1oKa98VSEN8n4xkPwCLMsc5E7f68AuGj7k4pump,TANK,3PspaZ4WZvWwMTzm9qyuciZNfRhS2tLJancRzPVsQJLF,pumpswap,1790052239,0.000004335,4060.99,4222,4222,0.52,0.52,6.46,4264.07,0,1,0,1,0,2,40,55,-0.74,-0.74,-0.1,8.82,0,0,0,1,,,,,,,,,,,
1790216453,BkJxJ1wk9i1aPE4MSTm4ozg1qBYKw7h1asxzmEu1pump,STUNKER,38XyuRw8EVevzFXr2x3fVjPY5hoSUWtsdjqE97Jetmru,pumpswap,1790057411,0.000002511,2908.37,2449,2449,0,0,6.03,13.65,0,0,0,0,0,5,1,20,,,-3.89,-8.45,0,1,1,1,,,,,,,,,,,
1790216453,AxpiTsZTUYKiayfZoWeTruUHZaEoNVBgZaw9BN3tpump,Bengal,BkEC327JzpyUNrhVXXFCA9ei8YkWLixScio3pxZ7EawE,pumpswap,1790058252,0.000002503,2598.66,2400,2400,0,0.86,1.05,139.72,0,0,0,2,0,3,17,28,,-0.1,-0.15,-4.23,0,0,1,1,,,,,,,,,,,
1790216454,FMinJE1XKP4WoF7TuRhJK9JgRy6gwsrkifSHYW6Mpump,STONKPOT,C6x94vbFn4d8SCjMH5xLkFVZPVgSNiBFbmVG4pgqDBDu,pumpswap,1790058343,0.000002777,2766.91,2586,2586,0,0,1.38,634.07,0,0,0,0,0,3,10,26,,,0.59,-6.12,0,1,1,1,,,,,,,,,,,
1790216450,2k1g1NKB85swTVLYijWkutRFMS9MjXfJnqzzqfSypump,CashFrog,FAKr6zhYTLAqpUowErobB1mvJr2xmtaANxYNLszGHhrg,pumpswap,1790054009,0.000002742,2908.78,2662,2662,0,5.46,30.82,77.35,0,0,2,3,20,16,65,41,,0.12,1.93,-1.07,0,1,1,1,,,,,,,,,,,
1790216451,7LjWXpx5fUKG29JbjqufXnHp4F2sLMfhYe3FXNkTh1rc,SENDIT,EM3tUxuoeHe7bpPMQ3Zwa27hbjgrHKHCTh1DwVYsBAx7,raydium,1790061638,0.00004885,19797.42,48856,48856,0,0,120.99,175.62,0,0,0,0,1,1,6,11,,,-2.63,-6.1,0,1,2,1,CPMM,,,,,,,,,,
1790216453,BWTZ5QSqaoDBTTF6ntjn3euinB54ZBga9qmDfgQtpxTV,NEARCHAN,FLsUy91LM9RT2L2wbTQgzWYZsceFCNC8NYcMDA82wEWA,raydium,1789691355,0.00002933,18502.08,29339,29339,868.99,901.02,3376.72,21964.95,4,0,5,2,29,22,230,230,30.67,30.58,13.38,-16.27,0,2,1,1,CPMM,,,,,,,,,,
1790216454,EV9qfjb2bGMXByQiS6vZ4n53HHCAcWdGzrbGXE8Wpump,JEANBEAN,EPrHqn1TUhqCeYb4EqCnyrCXYVoto2ZtDKWdgNuFbrBJ,pumpswap,1790064634,0.000002632,3095.26,2587,2587,0,0,4.9,10.17,0,0,0,0,1,5,1,46,,,1.27,-2.47,0,1,1,1,,,,,,,,,,,
1790216451,5gNhoFFz6UuyWugjiMc1fiuixrH8NvibMFbDKYGKr1Mc,FIBONACCI,6SXbUNMzNx2PjjEdeTs3jmmrKNWSGJ4HQgyxaQVQoUh5,pumpswap,1790065554,0.000006229,5771.77,5491,5491,4.86,33.82,452.59,21480.64,1,0,1,6,5,41,452,569,0.82,-1.06,-18.63,-68.5,0,1,1,1,,,,,,,,,,,
1790216455,H133TpJVPTKeA7AWtvgQ15zKegPBDgGPaGdX94UgJ8sq,STONKY,8ob21mMfvX9GY2qcW5NR9bjxuxnUhZ2z96HhiHjbQRtV,raydium,1790072309,0.00001052,9893.46,10521,10521,19.44,60.38,1265.48,25598.41,1,1,2,6,39,34,409,520,0.79,-1.72,40.81,-71.35,0,1,1,1,CPMM,,,,,,,,,,
1790216455,GywZePx2X4V129RjR1J3MgnFSWHV4F2Hj1P3Dcwpump,quiet,H9ii44KVCkJtiT9GUSoHTDMma8Cm5ev7PNw8vgDYPfYd,pumpswap,1790071881,0.000002584,2557.88,2445,2445,0,0,0.65,11.89,0,0,0,0,0,1,1,6,,,0.98,-3.53,0,1,1,1,,,,,,,,,,,
1790216453,Cf5oefTR54C986wvG49wRYwKkoCaRHDnhuZpd96dpump,MSC,Cju7t5AndhKGKAi4T59drhAtHMEaBWSQkQpjfrHYQUmt,pumpswap,1790078532,0.00004167,20145.01,34797,34797,14.6,1415.66,5925.9,66865.61,1,0,5,14,52,63,483,402,2.3,-15.94,-23.91,28.32,0,1,1,1,,,,,,,,,,,
1790216450,4wzLxapFN8VCKVDXENHU9y9rMwNRjTtuqKXb5TZod7uF,BTC,4Hd1HPaJCMjhpNMF1W1BhBhHVKszqaxoinzL74VhgYXK,raydium,1789506601,0.00002528,13891.69,25286,25286,0,6.69,299.13,1720.53,0,0,0,1,5,6,25,19,,-0.44,-2.2,-6.92,0,1,1,1,CPMM,,,,,,,,,,
1790216456,uRjcWjr52UF43zqtLyU4Sqoxwa9qUkaHWVZJahJQMHN,Memo,26UHN1rVZ74R6BJ73BMvbQXnnVaXEyaXXxBXVmTtivNY,pumpswap,1790071944,0.000002542,2614.09,2474,2474,0,0,17.94,212.71,0,0,0,0,0,2,0,17,,,-1.6,-18.29,0,1,1,1,,,,,,,,,,,
1790216450,26Ckbym8TgPHmZidytRoUiC8Qu6eLpbpgWCsqCuzpump,Abu,E2vyLpRdwcuCAfb5WighaL9AXX3H7netTBQRcM5HvrSH,pumpswap,1790079190,0.000003683,3440.91,3266,3266,0,5.69,185.72,1371.49,0,0,0,1,2,2,9,26,,-0.93,13.43,-15.48,0,1,2,1,,,,,,,,,,,
1790216450,2NCvMsFYBdvGoWgmbKZfNPvYUzpDEMUPCtcUqVk2hyHW,GHOLDENGO,CtREcJuGs4MktpMD4jXf6PrMMmY75MbhiwSQUzRojtZQ,raydium,1790076246,0.000006090,7034.96,6091,6091,0,119.56,956.77,4017.83,0,0,0,3,4,10,37,53,,-6.43,-20.22,0.03,0,1,1,1,CPMM,,,,,,,,,,
1790216450,2y42ZAm8Zg2m1rMszPpKxaCYxnFQzZJ9sDev58KN2vrk,ANONCOIN,GjkuRFGp2e8PAuyuoNRuzwUKTH8hL3uk2bgtC7vc8sSz,raydium,1790060337,0.000004249,6192.32,4249,4249,0,116.19,268.62,6857.4,0,0,1,2,1,12,58,182,,7.21,-4.6,-54.01,0,0,1,1,CPMM,,,,,,,,,,
1790216456,LtWgiTGByaEakniBTvmwKt7EBnPHqWgphyafb6fzfpo,GROK,BraB6Zfqxw94sWv1R7RQonWgVduWgZ1erXdAN8SshNCR,pumpswap,1790086675,0.000006129,5106.43,5875,5875,0,696.39,10629.79,26614.1,0,0,4,5,60,76,207,214,,-14.45,-63.16,-0.95,0,0,1,1,,,,,,,,,,,
1790216454,EoCvLdAnZKbuqEq8zgTi2X2PmYmuhKLLngeJp5w8hK8P,BITCOINU,EqgeAGkSU9uaCFks8ar18Q7TTQr8yi5BoAyRcTiWP6hw,pumpswap,1790169483,0.000003904,3600.62,3726,3726,0,1.1,256.08,21805.22,0,0,0,1,6,17,271,368,,-0.39,-13.34,-91.91,0,0,2,1,,,,,,,,,,,
1790216453,D8wpNjbBWoPbcHCfGBDERinKfTPBrVhRDt4R9jeavv1h,GROK,8aesqMkEoV2masacizaiWFqhqhnZBRU4Cb7QkfcZw54C,pumpswap,1790086481,0.000003759,3560.62,3656,3656,0,0,2.41,224.93,0,0,0,0,0,4,3,29,,,-0.6,-10.5,0,1,1,1,,,,,,,,,,,
1790216453,Bjygd7p7aTRpTobQgdSK5eq7bahFxvtj86Si6diPNvZp,AIRCAT,HQF6B4p3D2KQJcnWk5nPpwcsR6paLVnFB9xDkQBjEv8A,raydium,1790084508,0.000002597,4535.28,2598,2598,0,0,2.2,597.81,0,0,0,0,0,2,9,52,,,-1.77,-27.42,0,0,1,1,CPMM,,,,,,,,,,
1790216451,7VRFR2qqwyHqfTZGqYyUr5kZvomd5RB3LMmx4Aq3pump,BONEPHIL,HGXJbsXHwE83YREWg39GLgnBovJd4GpAnUPDrxjiATh3,pumpswap,1790085964,0.000002251,2515.08,2184,2184,0,0,0.64,1.12,0,0,0,0,0,4,0,18,,,1.17,-3.01,0,0,0,1,,,,,,,,,,,
1790216453,CASs9vMniGPtsnnKrV9uziBHA7JU5dS9MQY15WsRqVfx,DUEL,3Nd4agisJL44bvDnzabHB347d8A1W3XVS6e2ZFdJXKuD,raydium,1790092673,0.001674,180398.88,1674188,1674188,0,22167.98,254233.97,895540.5,0,0,161,59,642,714,2232,3744,,-8.58,-28.39,252,0,1,1,1,CPMM,,,,,,,,,,
1790216456,Pei2zjr4gvb7sPTYRMYbZXYzTE3826k28ehTXCg45EC,SI,8e3aQjP34B9VEsvVzpww3E2NQkK9zcgyZfHSKhdDghse,raydium,1790091977,0.000002578,4687.81,2579,2579,0,0,0,10.43,0,0,0,0,0,1,0,8,,,-0.03,-2.17,0,0,0,1,CPMM,,,,,,,,,,
1790216453,DCgPcq6DpS3MwjCpBzVY7DvaqPqhZ3eUudVezNTgEpF7,QI,7HJEiNPB7HeEEEyjq4srWzFSipEqkPv8HYbzVdqtii1j,raydium,1790091166,0.000009286,9053.74,9287,9287,0,2.4,1538.54,51160.55,0,0,0,2,31,26,450,411,,-0.21,-20.42,-58.36,0,0,1,1,CPMM,,,,,,,,,,
1790216450,51R8zB5zPiy4VHC5t83dEpCs2pQExktyC5MHJftChvRP,POKEDEX,BPXj19sw3BydWUHptzrCMFbzExBxikdF6QdyhoabJbfk,pumpswap,1790092678,0.000003640,3631.44,3186,3186,0,0,0.19,61.06,0,0,0,0,0,1,1,13,,,-0.93,-5.58,0,1,1,1,,,,,,,,,,,
1790216451,5Cw3aUR8NMrQ1xpka537zR4WDpBfqQfKEZdyXwAdB7na,Project,2iUGkVrpsw3b39pNWRPLhyjzMp4vG9PCj8pKyUnoXpgA,pumpswap,1790092843,0.00001100,10032.08,10888,10888,0.09,47.82,1293.62,17201.76,0,1,3,3,31,66,388,447,-0.68,0.69,-1.92,-53,0,0,1,1,,,,,,,,,,,
1790216450,4jcEvtDhFC6Jw7iaJpm6dtJjQi5nFS94MCHkxkLipump,sPL.001,B62sPEpxD3RSHYNt7cdemdDdjJvBpRAGPpKufRjG98Hk,pumpswap,1790101678,0.00001240,8712.59,11926,11926,0,320.92,5153.23,14463.62,0,0,4,2,47,25,115,119,,0.21,50.56,28.8,0,0,1,1,,,,,,,,,,,
1790216452,AKyGUS7ueqtm4oUVBRxCNoyK7BV39HcfrXk4d6Gxpump,PUMO,rH1SEQi833Z9WzWrMNbStwacLN7CVFZFvVJkeuG3g3S,pumpswap,1790103324,0.00003823,15915.01,37181,37181,24.45,666.65,3844.27,101214.2,0,1,3,11,67,39,1116,623,-0.94,-7.11,39.1,-18.01,0,0,0,1,,,,,,,,,,,
1790216455,GuAyLSJKDaD6NWoJEyn774HobZnhQaqiskSfNvmLpump,BET,2jQyVRTYEdL8BgQb45aFgAoSngp1aUHAqvMwRAsQSCCS,pumpswap,1790102890,0.000004896,4634.89,4725,4725,4.54,29.6,339.05,19082.85,1,1,2,6,4,31,243,325,0.05,-0.16,-9.95,-76.58,0,2,1,1,,,,,,,,,,,
1790216456,u1v7fmFXSATrjm7d8vw1zCQvaeMD46Q5UoVvLNtiPit,TIP,C2K4yjvnp4Pkj9XNNur98tpwCiJgX4WXzrgzAwWA1H9A,meteora,1790102567,0.000002456,4623.12,2443,2443,0,0,9.28,78.94,0,0,0,0,1,2,3,8,,,0.71,-7.91,0,1,1,1,DYN2,,,,,,,,,,
1790216456,Hwt6RPBRYSven1aZcomG45n7inXrEKbMcab2v4dPrNMP,NEETBUX,GtMyn4wpPJ7EbcyyezauAEFfzeDeJWEdn9rKsRiXa4E8,raydium,1790095229,0.00006144,25863.8,61441,61441,232.91,1309.5,5680.57,23601.1,1,0,5,5,24,23,134,123,3.97,18.1,25.3,64.06,0,1,1,1,CPMM,,,,,,,,,,
1790216454,DXLzxcDbEwmVhoK5m8UcJM44TRcE9TCBPxNr4FkLEC2a,WCAT,GDzDGm9dg3RLFmfsUJPNaZRTJbbZiQ8JTZ54rczx9WRh,raydium,1790093059,0.00001146,10326.85,11463,11463,29.69,312.31,3141.88,71971.66,0,1,1,5,23,48,453,496,-1.25,-11.14,-56.91,-84.32,0,1,1,1,CPMM,,,,,,,,,,
1790216454,DVCRKjTXxcjjxPthvnwKvvEQ3auMBiY93jRffPMEpump,2028,13QGQu2suhG1nag9qoyFi4424XcKwEYpSsgDtNtsydqZ,pumpswap,1790102689,0.000002378,2418.41,2315,2315,0,0,0,7.04,0,0,0,0,0,0,0,2,,,,-0.18,0,0,0,1,,,,,,,,,,,
1790216454,FQAsjNv1CxAmTMu4JH8dDKXYrrj6w3adWz1CeVL1pump,SOL,HHAsjDLvoom3DntF1ppRCMmFoX3GHfQg9GmruvjTvGgd,pumpswap,1790102233,0.000002297,2417.07,2267,2267,0,0,0,9.33,0,0,0,0,0,0,0,3,,,,-4.32,0,1,1,1,,,,,,,,,,,
1790216455,FTWJB7TAftrdL7DpxSLEiReA6tBh6WLRiwuahrUtpump,GROMP,FFzVB6C5JS9VWzTbbMCcvDcppvBSFitbWSakAtTVL16K,pumpswap,1790102325,0.000002297,2341,2193,2193,0,0,0,208.37,0,0,0,1,0,3,0,32,,0.4,0.81,-19.07,0,0,0,1,,,,,,,,,,,
1790216454,DEuwDKst8JDNRcuRjth6Vhpk98FSZwenv1TZZvz1a8ua,SOL,74AUwSRphK5AzEiSDjqhgVAKPwz2zqgHYWqwjYAEubSB,raydium,1790100802,0.00001864,14358.19,18643,18643,31.43,70.87,14321.2,115448.68,0,1,3,3,98,118,1039,918,-1.31,-1.67,29.86,-64.82,0,1,1,1,CPMM,,,,,,,,,,
1790216454,FDaJxBqw1fDhwPQTn8XU3bKH8sXXRe8o5kzC3CdUAv7X,SWEEP,EzN9f2oGkMzkEJxdJtySURqvBd6Y8Ah2EoEXsbgutbc1,pumpswap,1790108522,0.00005342,22471.13,51736,51736,67.9,1751.65,63871.86,673782.83,4,6,36,81,717,711,6181,5489,-0.85,-3.88,-58.13,-70.51,0,1,1,1,,,,,,,,,,,
1790216451,6gPfmDMs4gXE77M5rpsPkj29mgrvDypkaYcRsSzVf4GD,ACAT,BgsFBcHRxPMgLQdyfhDTrLkg7cozRbsMZVqFvb1QwcvA,raydium,1790108644,0.000002964,4877.94,2964,2964,0.19,118.05,172.34,2490.58,0,1,0,6,0,20,31,139,-0.35,-9.63,-13.62,-46.45,0,0,1,1,CPMM,,,,,,,,,,
1790216453,AvciVw95QA2nrPrwFYCLsp3n425MPCuF8iFU5BZrpump,GTACAT,8as8cBuvW3exppt6yV6KqivuaYexSz3kSH2R7Nc6PeS8,pumpswap,1790110541,0.000002679,2641.48,2550,2550,0,0,43.68,546.76,0,0,0,0,0,3,8,30,,,-3.91,-25.22,0,0,1,1,,,,,,,,,,,
1790216456,mjkuULEWcvMVdA2PkKnHkvn1eJ6zPK1of1hpAtAAv3S,STAX,7a4n3dNAyUqutoWr3x5oE7QuayjT3fRbZJicRavabTW9,meteora,1790117336,0.000001969,3792.42,1910,1910,0,0,0,27.33,0,0,0,0,0,0,2,5,,,,-5.62,0,1,1,1,DYN2,,,,,,,,,,
1790216455,Fg47LEKtiHTSxGjSmZdudfGsv9VHEHQ8KUSdFYTLe9z2,pfp,BNRNe8VVGTLghXYpB5eMcCjkAZ5erKU7onaBg2Qvu5PJ,pumpfun,1790113168,0.000004939,,4939.17,4939.17,0,0.45,3.32,3166.22,0,0,0,1,0,3,23,58,,-1.25,-1.81,-27.62,0,0,0,1,,,,,,,,,,,
1790216450,26j97ZBGjaEZNzqZ3eSqKqPLZwS45aYp5BobLRQVpump,MORE,5WSRXJYpEQkqdpAg9fsU4e1gVxNiGy11EnLp6pSeB2wY,pumpswap,1790102254,0.00001405,10956.27,13475,13475,0,762.4,6341.87,41061.66,0,0,6,7,56,46,404,367,,10.89,-30.32,-72.98,0,1,1,1,,,,,,,,,,,
1790216450,42oZyfUViDXhfgE814YPyfX4knaNMg9ntmTeZyirpump,1000x,BMdWAzXUj7SSUFARcWWB9xq5YBdttUo91J76q4kWBt8t,pumpswap,1790116811,0.000005374,4602.92,5141,5141,0,11.53,1005.31,1288.09,0,0,0,3,5,19,17,79,,-1.06,80.66,47.65,0,0,2,1,,,,,,,,,,,
1790216455,GmXUcQygAP6kfuDJCHhxRoYY4nV1LRiCMhL49XXgpump,INU,AxhqwQbdBCGaG7Exa1Nxufyst6XKunggD8kuDdPwtAET,pumpswap,1790120143,0.000002424,2418.29,2342,2342,0,6.86,11.3,110.33,0,0,1,1,1,3,8,12,,0.08,-0.11,2.03,0,0,1,1,,,,,,,,,,,
1790216455,GbPUgVXQFuFoRs4iWJV7M8tvf5JAuhqCpu7sDCuVQCT,EARNY,FbViU153PUNPJ4WhdzEuyWoMHB639FAymZdny9HiUD1H,meteora,1790116927,0.00000009054,12.95,91,91,0,0,0,28.57,0,0,0,0,0,0,6,7,,,,322,0,0,0,1,DYN2,,,,,,,,,,
1790216455,GBsnL6AYw1EJJxcPtM8C94RL7puskkFugh82Fwgfpump,Mercedes,3Ed5BDutracDtqqtdWKiNELWBG89RkbrWQKWEo24cQyF,pumpswap,1790113082,0.000002110,2131.77,2100,2100,0,0,0,5.69,0,0,0,0,0,0,1,1,,,,-1.27,0,0,0,1,,,,,,,,,,,
1790216456,HqyTxEqk7qmLu2Gnx46eEZwQhzCf2yVqRompLaKYpump,STORMIE,GaK5yYzBuUdGF4jZeULounvLHLD65GLNu1G4cYSkE5e1,pumpswap,1790121580,0.000009204,7282.51,8784,8784,0,237.57,9300.72,21951.31,0,0,3,0,47,34,231,146,,9.35,-2.48,-35.31,0,1,1,1,,,,,,,,,,,
1790216450,2MWQZaDa8DKKq5c6Lkr7n1KJJKwQ1QaH3r3kZjexpump,APEBRAIN,3vfEHXLD6rdRxcHdUBUJRhwS2wWd4cUB2bWcwSi6kzEF,pumpswap,1790124151,0.000002640,2606.64,2451,2451,0,0,907.46,1226.57,0,0,0,0,5,8,10,23,,,-1.74,-7.66,0,1,1,1,,,,,,,,,,,
1790216456,L2pnNX8eBbNLYYH2Sr3riBksJJSpauQueazTJ8epump,HACKA,7xtpGvFTzKLKtVvV1kVgTL2ZyvGyxa3gRtXh6uZojGit,pumpswap,1790123910,0.00001782,10906.89,16811,16811,12.49,1858.4,227442.02,1341286.91,1,2,33,28,1744,1462,7372,5889,-0.18,-3.92,-93.68,-28.26,0,1,1,1,,,,,,,,,,,
1790216456,c4AtfqMRbC9FuHtVEHDhCm453tytU9E34MXXrp6bLuf,BLUF,BJ6pFMwat4EG3UE6eSXY2Qtt8t74JAwioDE2T4WE233Y,pumpswap,1790178656,0.0002199,46684.87,212109,212109,3426.07,38721.96,416778.54,5181434.64,31,21,396,289,2789,2584,31967,29387,-4.02,-31.52,-44.32,368,100,1,1,1,,,,,,,,,,,
1790216450,3mTqyvxZiEB7stf4NpAh8BcZifTEEyzzxd4F7dCap929,TEHC,83miXHemgsgutu74NHUbtmxLJr1jRAypeD1pTgAjYQvF,pumpswap,1790124137,0.000004228,3878.63,4070,4070,0,49.31,428.71,25634.47,0,0,0,2,2,11,189,261,,-3.93,-12.91,-72.29,0,0,1,1,,,,,,,,,,,
1790216455,G2KB6Yvhs2ojSVtQ8AmCLAMR6wLxzAscS8nNERcYtUVD,LOOMI,8SrzuBHchAuBmfyWyi9wA38jSSCyJE5jfq7EckXaR3ah,raydium,1790118039,0.00006307,23005.78,63074,63074,38,4792.62,53875.89,164047.4,0,3,29,18,272,189,796,679,-0.35,18.07,62.13,121,0,0,1,1,CPMM,,,,,,,,,,
1790216450,3i43bRLKSomUXyin1jgGsd3y9MgBW1cdX3nh43YD3W4R,SHIELD,BKfCLvEgu526TexE4HuQRBgs3Xggbj91WbJF2ARxLJHj,pumpswap,1790123283,0.000004979,4708.63,4821,4821,0,136.86,507.67,40284.67,0,0,1,8,12,33,491,594,,-7.75,-18.03,-78.38,0,1,1,1,,,,,,,,,,,
1790216452,9S628WVSfFXHtMW9HyyKc7J3YgnUbeB2kDHj7m1PYRHP,SHIELD,AmGtk17M3qkpmTapMCgy1Ri5ZaxxX8uSWQGBmaTDL35C,meteora,1790124471,0.0000000004641,0.78,,,0,0,0,0,0,0,0,0,0,0,0,2,,,,-4.08,0,0,0,1,DYN2,,,,,,,,,,
1790216455,GbSY7ECGPwj44tAeTFzEcK4ZhDnLutAW67bMRmwb9UAN,SHIELD,8sBskoobfqW7XNcipWdPWFqKC4JFrRLKsCjqowWsvWwZ,meteora,1790124582,0.0000000004831,0.8,,,0,0,0,0.01,0,0,0,0,0,0,0,2,,,,-6.04,0,0,0,1,DYN2,,,,,,,,,,
1790216456,jdaiCmVtdmeJZpTS5zjXKHcZuALvji3p4hp2WnFpump,HERMES,7ViZ5bmu2qB3sY7HmZgqxcTDJs2fJhhCcERnwq3vaaZK,pumpswap,1790124444,0.000002083,2097.37,2072,2072,0,0,0,5.9,0,0,0,0,0,0,1,1,,,,-1.28,0,0,0,1,,,,,,,,,,,
1790216452,8f3qWxccdFKN6HpFRxFSCbxZWMNRnz62U5esjhmvpump,WISP,BpQFw3qPVivz17fb8iMKkTZJ2gtho5gz7TEBL4sD8HbZ,pumpswap,1790124124,0.000002336,2473.39,2273,2273,0,1,24.72,76.41,0,0,0,1,0,10,1,37,,6.54,-2.6,-1.38,0,0,0,1,,,,,,,,,,,
1790216456,HZvu6ZdgnHrwWfBX3ni7C4h9MUvHbTqU5uqZ2ULupump,401k,ENXkfutenWUZpUsPHB2WM9W9yvRTTAWv1cVrh1bDuZ52,pumpswap,1790130929,0.000002348,2344.4,2261,2261,0,0,24.06,45745.91,0,0,0,0,0,2,434,796,,,-3.13,-95.22,0,0,1,1,,,,,,,,,,,
1790216452,7qgre5rs6mJQE3LmyXhpWuKYFKwDQabFKr2ELXnBG1Qq,Tehc,D2fgz3SegszrU1ueAQWBw1k1HPZkAJF2DLt2neAYLCD9,pumpswap,1790131232,0.000002794,2744.13,2540,2540,0,0,85.69,144504.13,0,0,0,0,1,6,1904,2006,,,2.86,-94.16,0,1,1,1,,,,,,,,,,,
1790216450,2pWXsELtCwtcKUyvNC6igngswUSQjVpJdY4hA4cTdjaL,PHAT,259dyTrR1KgguVwekv71ehmKfSfkC5fDPfBaxMmr3Fsx,raydium,1789618983,0.00005087,47797.41,50871,50871,30.88,546.58,15272.65,193215.2,1,0,4,7,68,66,912,626,1.11,2.55,-25.84,-52.38,0,1,0,1,CPMM,,,,,,,,,,
1790216452,7xm3vqykDZVuYqiC2HcTf3VerfmhAieCPZmeJX8qpump,BTRD,59GuPXEBHGwzkeMasS6UZCjaXFKwhV3cZJfYCbjisGi4,pumpswap,1790187315,0.00002734,12993.83,26355,26355,121.99,2164.41,55936.88,178142.75,7,3,35,32,637,551,2115,1757,-1.16,7.06,-68.34,-40.9,0,0,3,1,,,,,,,,,,,
1790216454,DxeBjZk1G43XTbGq7rEMHATUgtvYaNiDDweqbqhbnetW,JIMOTHY,7S95zn3ymcxhvQVMUvZSZgPL9Vj7SprgzNzvBuprUuEf,raydium,1790131062,0.00001892,15469.71,18921,18921,644.54,2975.78,11886.05,94067.67,1,6,33,14,90,69,695,560,-4.6,56.96,-8.93,-63.76,0,0,1,1,CPMM,,,,,,,,,,
1790216452,9ekRaDZHa5VTFiR37CakbnnN7HoqwqC83SaMmAc8pump,PUMPPO,8hb4EZhSMt6sbjt7VJdi4e9njfnvjTSBrpwtX5Rrg4bJ,pumpswap,1790127293,0.00008693,24782.94,83815,83815,0.5,1000.23,1846.62,150996.64,2,1,7,9,38,50,5281,2413,1.78,-11.7,-13.17,41.69,0,1,2,1,,,,,,,,,,,
1790216456,HnTsLWbcms4w1e83M1eJbiAZhyWQSay7XW2GQmqnSFfD,busted,9ug1yrqqHSaHtzXGoVJztwYhNUrRpY8XNCBX1CWr5CD3,meteoradbc,1790131505,0.00008946,,89467.09,89467.09,0,0,0,1893.6,0,0,0,0,0,0,4,0,,,,54.03,0,0,0,1,,,,,,,,,,,
1790216450,57j6fqwfDp7ZugfTYyHDmcqzUisZiSK7GKp51dgqNXso,JIMOTHY,7J9sDnYcSJHEfX4Uqf7z1PYHnHbqs7LWsYXz3esTDHDJ,fluxbeam,1790131477,0.001491,1476255.85,1491411,1491411,0,0,0,10507.35,0,0,0,0,0,0,300,0,,,,908,0,0,0,1,,,,,,,,,,,
1790216454,F1kzi8tQaQdXhaJSyAX23gXGTRJqee4bfT8YEP3upump,niketyson,J91pxZHvHCwY3mWZ7jaevgzFUYsaCoq8xXL1ZY9u7g3s,pumpswap,1790135456,0.000002311,2538.82,2270,2270,0,0,0,1206453.98,0,0,0,0,0,0,26911,13918,,,,-97.33,0,1,1,1,,,,,,,,,,,
1790216452,AN49E6FiToLMANJtmUiooirLdFFRumtpB8jZDm6PusU2,VC,DxPoyCU6gT8eSdfXz6rrSVcrkFB2uxUbDhvEFqVhNvLG,raydium,1790135481,0.000005543,7010.64,5543,5543,0,79.99,2071.04,213371.25,0,0,2,10,22,45,2577,1955,,-4.51,-20.58,-88.83,0,1,1,1,CPMM,,,,,,,,,,
1790216456,HZvc7ygoRHFjS4y23vcbaxhVxg54DVS2U8UbYPkvrmmF,UglyKids,3SXmg93ZyARDVYYAUhVAyUZmB3r1BxJxWjRi59np1da2,meteoradbc,1790136858,0.00005856,,58567.75,58567.75,0,0,0,16298.35,0,0,0,0,0,0,605,694,,,,308,0,0,0,1,,,,,,,,,,,
1790216456,SQvJrgFDeGqHJqknFcZNiFvPFbkSvvLJqoNzcZLVdC2,KEYHORSE,7eKu1ZbTMJH6tKbbtkt67WuSqZBLnnQSMYDJRDykF23B,meteoradbc,1790136954,0.00003858,,38583.88,38583.88,0,0,0,7443.63,0,0,0,0,0,0,128,186,,,,85.14,0,0,0,1,,,,,,,,,,,
1790216450,3951PErc1GqtKQD5CLAV9wReYdUQdu2XDE1SXqw3Gbhw,biketyson,4QybeQBrmomuT238m3MwPMUafCPa3vSbVXP9GuTtAU22,meteoradbc,1790136750,0.00005922,,59224.18,59224.18,0,0,0,7871.61,0,0,0,0,0,0,517,522,,,,34.53,0,0,0,1,,,,,,,,,,,
1790216450,2tCfVs86RWXJWL3HED6QyftPVhD2reF4XRtPns6RKtDi,Artie,86MACa1UAZdQBF6RTghxLhjEEeLW2cJWZxHz4WXFYXvK,meteoradbc,1790136905,0.00009314,,93142.77,93142.77,0,0,0,9629.08,0,0,0,0,0,0,385,413,,,,61.17,0,0,0,1,,,,,,,,,,,
1790216452,A4aiq9dhkR5Zt9VrjhmmXfkNhLQJWGcLyqX2Hq6rpump,suitalon,2ni6QBmeyCm3CKrZvtP3x2KvShbnCKr1HBL46pAz6cHX,pumpfun,1790136635,0.00004882,,48820.78,48820.78,0,0,0,10100.33,0,0,0,0,0,0,6,0,,,,1366,0,0,0,1,,,,,,,,,,,
1790216453,Atf7KaBLF257KQosBM2rCxhhdRfDtRNnpwmUH4bkrMMV,BOB,GUzGgimx7FFFbWZEw9dn3DEmKmsmncGqVJVDGaM9mPBZ,raydium,1789699872,0.0004265,93289.91,426551,426551,503.02,12740.55,52975.35,142351.02,1,3,138,26,287,137,700,634,0.02,65.72,24.21,-5.51,0,1,1,1,CPMM,,,,,,,,,,
1790216451,7K1nVAgFHq1Z27DFZFoDWhvCCRC6EPctw5x7JARLTvGX,GP,GTRLSvnbJWVdcThcsfMiheuBhd3dF5NDSoXHuRxxqYvV,meteoradbc,1790138595,0.00003800,,38007.95,38007.95,0,0,0,13882.7,0,0,0,0,0,0,288,330,,,,143,0,0,0,1,,,,,,,,,,,
1790216450,4BD3CNT4KnPYsR59bFg5wjXWYnrhEFtQVX74QQYh4Wnp,fomopay,8F73CPV3ysKYxSMr1wJiGCEC3FYVbK5qESCU7LprcYhv,meteoradbc,1790138527,0.00005625,,56254.19,56254.19,0,0,0,13297.36,0,0,0,0,0,0,297,411,,,,281,0,0,0,1,,,,,,,,,,,
1790216450,2Ui6z7UZ8CgZRCaY43xFEZkz8bBcobQZNBFBVKwDFKd8,fomocat,m3Tkb7ftSbbzHhTNMHqzXYjgGY8w3YvrQw3pS1RRMbf,meteoradbc,1790138517,0.00005304,,53041.36,53041.36,0,0,0,14715.33,0,0,0,0,0,0,370,443,,,,269,0,0,0,1,,,,,,,,,,,
1790216456,a3hycPkLp4jjAVE7cf4JkqChYsTUnCytQuENa97pump,suitelon,Gpi932NBXEwBBV5LcQx4rAfVeKmH1rJYYpDnZxXkv42V,pumpfun,1790138693,0.00004905,,49050.87,49050.87,0,0,0,10147.93,0,0,0,0,0,0,7,0,,,,1366,0,0,0,1,,,,,,,,,,,
1790216452,81jw322aQMzBFdEUctmNuk8DR4gCJ4M9SFntNVBXpump,GROK,6iPRmqrsi6xbMVpprzdzUgx27jscabxGBbGQijSHmBAF,pumpswap,1790137618,0.000001821,1845.4,1821,1821,0,0,0,121967.55,0,0,0,0,0,0,6816,8529,,,,-96.33,0,0,0,1,,,,,,,,,,,
1790216456,KWNzocuWw7BCKSrGCHFSc8f3KpRLSefXobJVFaopump,GTA 6 Coin,5cajZABGmJ4Hxr3Y4GnVgUb5rXL6gVJUsD4PDcVhnkqJ,pumpswap,1790137498,0.000002010,2034.6,2005,2005,0,0,0,132773.28,0,0,0,0,0,0,8021,9474,,,,-95.95,0,0,0,1,,,,,,,,,,,
1790216452,9G5vJSw3Zp2x9Cmj9gEsw1GeJqWX2iYMsfsC6uR41jT4,MAU,DMYCTeMRFCs8i4m1aDbNaEoeBxQwLkH2oqUVsiJdHvfg,raydium,1790143738,0.000009195,8780.64,9196,9196,0.02,1594.33,8982.4,197416.77,0,1,6,12,35,56,2055,1762,,-21.66,-65.83,-81.58,0,0,1,1,CPMM,,,,,,,,,,
1790216456,J5fdWrcXeYgbxZi38GXhg211WWyp41nKwQ3LF3Nas3Nm,GP,2W4iQveUrdeDrG16aLYndTNtXH76QfXW2vrNXmpYc1or,meteoradbc,1790144593,0.00004066,,40669.79,40669.79,0,0,0,6999.06,0,0,0,0,0,0,149,200,,,,158,0,0,0,1,,,,,,,,,,,
1790216453,ByNxmztXbsjKd5W5PXKnwdwWgJVCGHiQvbgt8Q7im8cQ,Punchcat,Hu8gFYQye7FaSL7cNesDHXRVFm6TgmCsRpXRihuQ5mSx,meteoradbc,1790144593,0.00005818,,58182.17,58182.17,0,0,0,4163.3,0,0,0,0,0,0,94,139,,,,29.2,0,0,0,1,,,,,,,,,,,
1790216454,EPqNifPbpVbprUob1MWbhemQWxuvEWYVGaKCy2htHrvP,-- . -- .,EydoYoufq3Cya6MMMuczGjgpkGo63LjKxLYn2xMRo6Qm,meteoradbc,1790144625,0.00004478,,44786.71,44786.71,0,0,0,6244.8,0,0,0,0,0,0,586,640,,,,184,0,0,0,1,,,,,,,,,,,
1790216455,GKnCNohXvpw4iP2UHCZLyGYsBxn9w3KPxxs683ZnzdQd,P F I,4wWUsaP17waRF9jNVk1bpdF6a4DPENTMdkioAhnBDEEN,meteoradbc,1790144615,0.00005778,,57789.65,57789.65,0,0,0,6194.08,0,0,0,0,0,0,172,197,,,,321,0,0,0,1,,,,,,,,,,,
1790216452,8NDKUAtPmvjpMi9QmToukBc6EiNYqXF3boxfCL3Gedod,NABU,2evbUq1WyUF1DkBnCmfzc5UKpuee8FcsHEKXx9XY92qu,meteoradbc,1790144673,0.00009854,,98540.63,98540.63,0,0,0,12223.09,0,0,0,0,0,0,374,420,,,,69.86,0,0,0,1,,,,,,,,,,,
1790216450,224wFuUYY7kZMHSLSCGNJKU1kDde51NcmwjtMVeqpump,runner,2S8U1EKQTA9bEyidT8DhRf5Kys7yqFibHgy2scWuUu71,pumpfun,1790144321,0.00004878,,48787.91,48787.91,0,0,0,10093.53,0,0,0,0,0,0,10,0,,,,1367,0,0,0,1,,,,,,,,,,,
1790216455,GT2p1Lt6ZAJ4A4dKAymK5ny68gWTmaQcFMGBDeCYpump,DIOR,FhGUaNigdTyhuyZYDEZEr18Em8VU5Y7xPrmWg8VLNNMR,pumpswap,1790143010,0.000002089,2125.13,2078,2078,0,0,0,212299.77,0,0,0,0,0,0,17128,15865,,,,-95.76,0,0,0,1,,,,,,,,,,,
1790216451,6GH3fLq5W1wHGTE6m2jmUMqBgHtB7sUeeLzRKt7opump,SHINYHUNTERS,8nwBe7qr2Tvdtk5NZ7tn3hWPBSYxvR2hFP1qsTDJbYtd,pumpswap,1790146009,0.000002175,2197.49,2112,2112,0,0,3.35,86276.71,0,0,0,0,0,1,812,779,,,-1.01,-95.58,0,0,1,1,,,,,,,,,,,
1790216452,7uNUAogctSAby1pZUAt2QmBpe2bradWeep78adZmpump,todd,GUK8N22XBkFEguoHbb3unVLM5PYYbCydAHdysjtetA15,pumpswap,1790144392,0.00003488,14922.29,33636,33636,127.58,4591.17,10863.2,171224.04,3,5,52,28,133,125,2155,1675,-0.43,-38.16,-40.23,-28.7,0,2,5,1,,,,,,,,,,,
1790216453,AanWkmy6KZb3GZ1ted8Sn3jQ4DW8Ez1MwwoQpGSFh18e,APE,6iJeLcshm1fSSDx4Hs9aMSFsxrihyqDKKj8smMBRPs9s,meteoradbc,1790146025,0.00003226,,32262.55,32262.55,0,0,0,12996.82,0,0,0,0,0,0,214,259,,,,104,0,0,0,1,,,,,,,,,,,
1790216450,4H9HfNMjjgCDKZbXJpgAutMoTkkbauKaxcmNmYQwk8EN,fayble,9SQqbvgDsNEZqj9dpAMcZJNwRypwevgc5DRNFUYj5MXb,meteoradbc,1790146146,0.00009480,,94802.78,94802.78,0,0,0,11387.95,0,0,0,0,0,0,425,445,,,,59.03,0,0,0,1,,,,,,,,,,,
1790216453,Btoe9CyjrvggqLseuZ41hHZVaw17q8kibmKPunqZVAem,FONE,H3s4NG7fEzobo2MzxpDBZTPSo6jkZPwZWdQhSVgPDLtQ,meteoradbc,1790146015,0.00005891,,58918.17,58918.17,0,0,0,8818.42,0,0,0,0,0,0,247,301,,,,328,0,0,0,1,,,,,,,,,,,
1790216451,6mVe3r8tBQRP7iVzvU8SoLLnLzS1r9vPCrrjV4A5vAhw,Dug,EBjFv1fTgJKAvna28AeRPMg51aH7x78wcdzR3HMXd4qE,meteoradbc,1790145899,0.00003258,,32585.51,32585.51,0,0,0,36304.11,0,0,0,0,0,0,992,1211,,,,106,0,0,0,1,,,,,,,,,,,
1790216455,G4xzkpoZUze5opBJPRWAb7aRmD9RJ9hnxamefu4V8TCH,SABLE,2tctJvdaDEgqk3NfHsGeM8CGKmQLhrMcjG47rR4T5CWS,meteoradbc,1790146145,0.00004570,,45700.58,45700.58,0,0,0,21084.94,0,0,0,0,0,0,321,417,,,,189,0,0,0,1,,,,,,,,,,,
1790216451,5rmtzMA9HpfstYfv544XhppMqcc9v9gL2e3CzCEppump,JOTC,HAj8k9yRxvygkYxkRr8q6vYqUrGgx1m7bx2pFhTxypTG,pumpfun,1790146132,0.00004900,,49001.57,49001.57,0,0,0,10137.73,0,0,0,0,0,0,9,0,,,,1366,0,0,0,1,,,,,,,,,,,
1790216455,GujcBYULrt9dNxgmk9brAUxuFQ2aRX36B1hKtXgwPGnf,TOOKER,BbnxurwPGYU3yYA6HWmSEzmJj8gUX7HzYrNi8NfNHBRE,meteoradbc,1790146177,0.00005740,,57405.36,57405.36,0,0,0,4122.24,0,0,0,0,0,0,81,100,,,,318,0,0,0,1,,,,,,,,,,,
1790216450,4sEXKWMhwUyMAKtK4naKbj9KP9Ye5W2jmkH75kfkList,LISTED,8Va4mu2i433UTAnECFqoGvNgpG1e12kPcp6Azjbq25MR,pumpswap,1790145631,0.000002486,2492.85,2369,2369,0,3.66,40.05,214426.32,0,0,0,1,0,10,3506,2997,,-0.98,-3.4,-94.91,0,0,0,1,,,,,,,,,,,
1790216455,GkBZGFgNy9Q6jHjBuYeTqsvugfEMhniACF9ieV8H3TtC,BLEE,8JYxsCzn5ejiLVcqPfRbb2jduBjAM7m8NcUwZsUrcwdU,raydium,1790146216,0.00007779,27334.32,77792,77792,70.94,5342.82,81211.92,1854245.48,3,2,71,49,674,562,12469,9522,-0.22,-1.11,-5.86,60.39,0,1,1,1,CPMM,1790216527,0,2,50,39,374,383,4344,3698,100.0
1790216451,6tstGNZjFwowUP15a1teR98ixXCPH9cVurC4sYXTLdXH,1111111,GeJdDiUyCXeGQbEoT2bAhUrCgzeUhR1EbfjjQyAwisdR,raydium,1790150876,0.000003304,5356.19,3304,3304,0,13.67,52.87,219359.05,0,0,0,5,0,16,2671,2781,,-1.35,-4.74,-93.31,0,0,1,1,CPMM,1790216527,0,0,5,0,16,0,1229,1230,100.0
1790216453,DBKByfTTYMuxY9juMKgfToptB6YJf6kkV3ddgyAeBu6,OH,Frv4iE1xeSmeNkKtLndhBQRyHaRRvDtJPLxzEG6tbv1B,pumpswap,1790165171,0.00001584,9300.57,15048,15048,28.06,1620.78,3643.64,44510.66,1,0,21,11,32,27,406,389,1.87,33.41,48.34,-67.12,0,1,1,1,,1790216527,1,0,20,9,24,19,231,265,100.0
1790216454,DkXdPGctXuEXQRkUct2TpTjkuFPshwQhmNHnQBdxY9QK,AGI,Gf424emRARf5FSerzzKyrzT3S28QiY2tePzdnaKHDw4R,meteoradbc,1790151440,0.00005486,,54861.25,54861.25,0,0,0,9712.01,0,0,0,0,0,0,444,482,,,,390,0,0,0,1,,1790216527,0,0,0,0,0,0,187,190,
1790216452,9MGNHYiYX2HrqaY7E8YRcgFMdbz6nS8bcAPLaQH8KdYt,PUNY,79rvZxZpoVpTxVXk2kGB2wexKySRP4RmDX93Uh4tpy4R,meteoradbc,1790151497,0.0007160,,716062.93,716062.93,0,0,0,82.64,0,0,0,0,0,0,4,0,,,,39.61,0,0,0,1,,1790216527,0,0,0,0,0,0,1,0,
1790216451,7WLjWbMB4793eN9ShShb23VNumCQDmCHG1QUYfJSqKMt,CRACKER,5BBLh6EeL2YnmdUKvtPm8YT6VLKqyN4VsX6pm5wsGXpH,meteoradbc,1790151340,0.0001099,,109920.79,109920.79,0,0,0,17805.5,0,0,0,0,0,0,569,645,,,,305,0,0,0,1,,1790216527,0,0,0,0,0,0,204,187,
1790216452,7o2tDg6CNcm3qGjPayWhS4TTSpTzzHdJfW1iXagtTJ9Y,CHICKEN,BSrgt2iNaroDd5pxjr7NV5qkbKhYSjH7YXtQ5QUR5ztj,pumpfun,1790151541,0.000005909,,5909.6,5909.6,0,45.04,7149.45,276466.56,0,0,6,3,133,95,3173,2994,,-0.73,-16.43,55.48,0,1,1,1,,1790216527,0,0,6,3,96,73,1344,1235,100.0
1790216452,84G3CN3jXHHuTUPgDepVAb176g2636MsQVC44nkMjxjq,UNSOLVED,37UKsMAH2SC5mUs8cJfUbrjdscjwFAnxhrAEUDaX3bSr,meteoradbc,1790151499,0.00005869,,58691.76,58691.76,0,0,0,6758.87,0,0,0,0,0,0,127,191,,,,214,0,0,0,1,,1790216527,0,0,0,0,0,0,110,136,
1790216453,ApWpswzqggufERPXJDiacJLW4oTLstgLextGKWXf9xHc,Wily,GAv8mZ8tvmawe33wqQLQtdUJAVZgNWGgphJpmoY3rmUh,meteoradbc,1790151537,0.00004387,,43877.18,43877.18,0,0,0,9601.14,0,0,0,0,0,0,146,223,,,,112,0,0,0,1,,1790216527,0,0,0,0,0,0,109,137,
1790216455,FqXDZc8Gd2FPA452xv3TgLpi6xdftJtEaavn7qAwZdgh,.25SΤ0NK,HoUaCHm7fDh5wLp51xXPE9pF1KZCjVscMGC1rwcDfEzc,orca,1790151555,0.0003001,1050665.97,3001902,3001902,0,0,0,2009.89,0,0,0,0,0,0,4,1,,,,-0.02,0,0,0,1,wp,1790216527,0,0,0,0,0,0,2,1,
1790216454,Ev3zcP6Y27dMtq2rGxbWpNiC2dWv4EUpyVaUvtBeqB1F,aped.fun,93393fmndFbzPdX99DTGZh1Thrztx8RhxhxNnuH8ompk,meteoradbc,1790151368,0.00005607,,56075.27,56075.27,0,0,0,22047.02,0,0,0,0,0,0,564,701,,,,294,0,0,0,1,,1790216527,0,0,0,0,0,0,185,185,
1790216450,3oKYRbTP73idyQwnf5iYqbpiYojhgqNmHEbaq5uKLq5K,STOCKCAT,AVYiWpzaUpnJ7eA9zhrzRjTjDx1RBWwxmbDBjurBVQAe,meteoradbc,1790151161,0.0005894,,589441.81,589441.81,0,0,0,2701.24,0,0,0,0,0,0,89,31,,,,17.59,0,0,0,1,,,,,,,,,,,
1790216450,2ySjQh2LL8msX5ppfE1ZFenQVWK5QAmmznukQWbNpump,musejak,5g28XJtuzx7MrQX9uS1FsVRu1LuhhWvDQ3czXnVHZrtk,pumpfun,1790150795,0.00004847,,48471.53,48471.53,0,0,0,10028.08,0,0,0,0,0,0,7,0,,,,1365,0,1,1,1,,,,,,,,,,,
1790216453,C6LUr6vekw1pE4sCZFZVoELXbbkNKHW7LZPhgsEwpump,OpenAI,674qZczjtL8crPZNPJmfuewwoEW3t1sxf6ZAtTqbQGhz,pumpswap,1790151446,0.000002026,2039.59,2016,2016,0,0,0,60278.46,0,0,0,0,0,0,4064,4120,,,,-95.87,0,0,0,1,,,,,,,,,,,
1790216450,4Qow3ZCXcZiwA9a92p9cT3QVCfbScNW1RWaY3XUqpump,Hermès,JAy2LCmMTAoLCGifDEQ77FZR2f5iLRfqs39STKEqMW8L,pumpswap,1790150304,0.000002106,2137.73,2095,2095,0,0,0,189517.19,0,0,0,0,0,0,12037,11142,,,,-95.7,0,0,0,1,,,,,,,,,,,
1790216450,2jcvq8QcJ8TzEYJKYMCjR61kXVSzib4mEkz89tQxpump,GIGACAT,72tZoSAHAutvD7dP2fNC56aASLxbPXro9jBPohZ8aAvY,pumpswap,1790152341,0.00009455,28696.85,91743,91743,997.52,15700.88,158085.12,2323398.8,6,9,167,162,2480,1278,25148,17053,-11.27,5.64,-42.3,93.8,0,0,1,1,,1790216527,3,3,108,108,685,677,6652,6050,100.0
1790216451,74pJVk3h3yK4cphgR5KaKp57LBWtrWyVYoUGwwojBb6c,SINU,8K1tXFRUZLu6mmVnvjD6c1SrRJgX3QZSwJ5kk41RXbd,meteoradbc,1790153097,0.00004316,,43168.7,43168.7,0,0,0,5650.05,0,0,0,0,0,0,85,150,,,,109,0,0,0,1,,1790216527,0,0,0,0,0,0,73,111,
1790216456,J8YvongBwt8d9XzeqrrmsouwvLWYcG5iYkBoxuV8pump,Hsin-Ju,8Euj7T4jpJfSftx1ov58rTy4RRSd1D1arr8B8kYsgERs,pumpswap,1790160586,0.000004012,3718.38,3858,3858,0,121.25,4841.11,174436.68,0,0,0,5,69,62,2071,1914,,-8.34,-19.34,-91.71,0,0,1,1,,1790216527,0,0,0,5,44,55,976,1025,100.0
1790216450,58TYyM2LTcex8juCuM4mDGcrAYY6bxumqUgJvbPepump,MONKINU,F5tPfay73T95E95iPCfHEVAVPT9eQ5CmNjehGDNFUibM,pumpswap,1790158582,0.000002582,2706.89,2541,2541,0,0,0,792429.21,0,0,0,0,0,0,1294,1013,,,,-94.68,0,1,0,1,,1790216527,0,0,0,0,0,0,551,515,100.0
1790216450,4zTjMcyNxcogz2gbgsk1LqCPJ2ovdtecWPG41eTQs2fb,Ref,ERzqqf81GKdHmVycQf1Tvjcinc854pnh2x3qwdaB13JV,pumpswap,1790158547,0.000003775,3749.01,3547,3547,1.56,1.56,229.31,227175.99,0,1,0,1,0,18,3181,2477,0.23,0.23,-14.15,-93.56,0,0,1,1,,1790216527,,,,,,,,,100.0
1790216455,FiyPnPU7nPgx73A94pntqUPhyfBPhMM54u25DWMzTwkH,APED,9fLwvhBYLcbQvDtitpoX9jApQXGVBGdAdigHsmpnJ67h,raydium,1790097534,0.00002253,15039.64,22531,22531,37.38,304.88,4693.88,90603.37,0,2,6,7,86,89,1355,941,-0.77,-4.93,-32.71,-79.42,0,0,1,1,CPMM,1790216527,1,1,6,3,74,62,596,638,100.0
1790216454,Er7oLLZXRqV85nagKAywn91JxNU7nD5Fx4axrDdRYSH4,WALTER,7xaDPZJtnEFXGwAGxbTCQfX6LWBSkAqMc7VfnuogXMck,meteoradbc,1790160247,0.00005788,,57888.53,57888.53,0,0,0,8593.74,0,0,0,0,0,0,184,242,,,,30.08,0,0,0,1,,1790216527,0,0,0,0,0,0,151,140,
1790216453,AYfUBBTQUzxivKSWue9BDJ5s5CVTm88yTRK7v3Uzr7pr,CHOP,nFtztjkPADHfxFyrtgrowUbRH99qUKpwB4KE742EKJ2,meteoradbc,1790160247,0.00005792,,57925.57,57925.57,0,0,0,15490.12,0,0,0,0,0,0,323,461,,,,309,0,0,0,1,,1790216527,0,0,0,0,0,0,159,161,
1790216453,Cc65RbrySg6e7FhfHu44iZVMBoEAq8oMb8QKNG339xP9,inu,4TUhDTNJ3qjibmJwGh7XG8bnybZEKAhChXhHJsVwV55S,meteoradbc,1790160118,0.0001265,,126597.13,126597.13,0,0,0,14966.43,0,0,0,0,0,0,364,470,,,,1490,0,0,0,1,,1790216527,0,0,0,0,0,0,172,198,100.0
1790216454,EMtMbHJ3bCaPgZ6PdpNzLfg11JKt5NREKUW2X2pBj3k4,VEDA,F3dQVG5bEodccUTVe3mYURuySFVdLoRE255kErdk4FX5,meteoradbc,1790160251,0.00005855,,58559.66,58559.66,0,0,0,6989.45,0,0,0,0,0,0,300,284,,,,35.4,0,0,0,1,,1790216527,0,0,0,0,0,0,158,147,100.0
1790216455,GRU5xDHUtbRRLrDiwdmy7vC9e43fgWQ9RoKs1dJNvZz7,steppy,BUHkzWa9xFJfgFUfdQ64fyvNSgTu5kaafZrnw7WkQqQ1,meteoradbc,1790160062,0.00005023,,50233.56,50233.56,0,0,0,14025.02,0,0,0,0,0,0,489,532,,,,255,0,0,0,1,,1790216527,0,0,0,0,0,0,169,165,
1790216453,AdABhpoJRtVsyjUfKasmtfZFfvoEbYjuBF5JvtWYyHKa,Hsin-Ju,FENxaNkPpSxGDfHb7MiyBhY4wx2ccQdWwxqEQzmmKBQB,meteoradbc,1790160258,0.00003463,,34636.3,34636.3,0,0,0,10704.79,0,0,0,0,0,0,1292,1340,,,,122,0,0,0,1,,1790216527,0,0,0,0,0,0,206,203,
1790216455,FdWgweu4TULjE6Vx9UDt44FZfpeVV3ixVFpthwtmWCWg,Bear,4kvXTSTqMNZRFBeen5NvF3wEGHYxG91ZXdB65avsXkCb,pumpswap,1790165779,0.000003745,3543.65,3621,3621,0,0,1295.72,272275.47,0,0,0,0,21,30,4055,3920,,,1.6,-92.25,0,0,1,1,,1790216527,0,0,0,0,19,32,1602,1730,100.0
1790216452,9LYpEqkpgCoZ99NsrPuoobDZsShteajdqtCtpKscStq7,EMBER5,4isa4qXav8juubpkUduS93hbr72Pm76dLcYTWRCqnAJQ,meteoradbc,1790160456,0.00003056,,30564.12,30564.12,0,0,0,28816.3,0,0,0,0,0,0,248,120,,,,521,0,1,1,1,,1790216527,0,0,0,0,0,0,170,87,
1790216454,EowHsRnpRPRDkim5YD25YNy96qEyzs14XqDqHHsEZSTw,Bun,CrsfjWFyqHSoqGoSNtprGmyn8ccfnGhhzpkzpsvpACcg,meteoradbc,1790166093,0.00004540,,45404.63,45404.63,0,0,0,10025,0,0,0,0,0,0,106,120,,,,193,0,0,0,1,,1790216527,0,0,0,0,0,0,100,102,
1790216451,5LkMZqW6LjHr2kGaX7HtZgZQLPssDN3ZiaftZwpJpump,JPEPE,6JrZBhP2DEaV7h8Qmd4sWp5zmX2AqH6KN8ucxVDdeyVD,pumpswap,1790166201,0.000002066,2133.68,1901,1901,0,0,0.41,162852.35,0,0,0,2,0,8,851,957,,-0.41,0.62,-95.72,0,0,0,1,,1790216527,0,0,0,0,0,1,380,397,100.0
1790216456,xiZq8KCJQz2bsC5YtKZcMLYYhf4drP6YF6ECmXEwcPe,Bun,8kfqkz5NPpKUGNunzJmbwyadbtkAC6dK1DeqHi1ZsrVV,meteoradbc,1790166184,0.00003502,,35028.38,35028.38,0,0,0,15111.42,0,0,0,0,0,0,437,505,,,,149,0,0,0,1,,1790216527,0,0,0,0,0,0,151,153,
1790216454,F6n9Z6amRkcYf3RdAYKPZjw4gfH86C9rYHPZkCbwpump,IA,DEF5pbadK526U9ErNS32x6ETrrVk6vPfuk7nbhWnKhQJ,pumpswap,1790165976,0.000002567,2834.88,2486,2486,0,0,0.17,873450.58,0,0,0,0,0,1,9234,6152,,,-0.78,-94.69,0,0,0,1,,1790216527,0,1,0,1,0,2,1170,691,
1790216456,HaYRgD7rjwj1AwoWjafokj4196sufYm4vKFamLZVpump,ARCHIBROWN,4giAj2vcyNSuEeVPcrv8hu4QMLm8mXzBpSrx2ExHAuVz,pumpswap,1790153612,0.0002687,48596.58,239514,239514,260.83,8999.82,140898.08,2683654.18,4,7,99,140,1091,1189,17819,14131,-1.48,-13.43,-34.92,453,0,1,2,1,,1790216527,1,3,65,79,540,569,5974,4746,99.9977327828986
1790216454,DJZF7e7MtR5XLFBJy9oaPQqLJwh1MVrVxFfB7hgvpump,ALLAN,Fbvf7aSUHK7QjPgde5U4vjPXzKsTeQn9ERBpUVFEwmMA,pumpfun,1790171137,0.000004725,,4725.63,4725.63,0,76.45,3508.14,246943.52,0,0,1,1,28,148,2399,3007,,-3.88,-61.99,16.69,0,1,1,1,,1790216515,0,0,1,1,23,122,793,721,100.0
1790216453,AbKaeNaS8FeyykruJ7sAT9pYyeAHSE4bni9RxirrZxMT,BAGEL,AUZai5GeUZuoR4J2SMH5CyMcnmfKnRCguyWJkUwouRb3,meteora,1790112265,0.0002104,14713.58,210462,210462,0,0,0,1920.47,0,0,0,0,0,0,108,285,,,,-7.82,0,1,1,1,DLMM,1790216515,0,0,0,0,0,0,70,30,
1790216454,F6GFf3Vw1uiXZxAVtYbP8XD7dMKBHMsfCAY3r5kzpump,GIGAJEAN,4FP3dnd48JthMkd22tAtme24eiA6zeypUYDiPkDsXEDX,pumpswap,1790168467,0.000002156,2276.67,2138,2138,0,0,0,628858.01,0,0,0,0,0,0,6967,4051,,,,-96.76,0,1,1,1,,1790216515,0,0,0,0,0,0,3403,3372,100.0
1790216455,G9tP63sMuWx3HmWgVfk1ZfVDeUbAZqt4cu4VSTyYvXnL,BURRITO,FYas3btBCr8GH8TRPoHenzgqwdEvSB5hKGbXA7zU79Ju,raydium,1790171108,0.00001276,10598.77,12767,12767,151.2,659.95,5526.28,685705.35,2,0,5,3,50,79,7629,6053,6.34,26.27,-21.52,-73.7,0,1,1,1,CPMM,1790216515,0,2,4,5,70,30,2686,2871,99.999999971726
1790216455,GUpj4DMVdL1B31XaBQUGWvCoViUEyc9CXqmkcYHJpump,Dogecoin,DbyYLysC41nxmtg74QQ8CMQgEWpG6bUmhZJiw6Dmw4X7,pumpswap,1790170933,0.000002481,2687.02,2401,2401,0,0,53.94,798777.27,0,0,0,0,0,2,10362,3928,,,-3.93,-94.85,0,0,1,1,,1790216515,0,0,0,0,0,3,1360,1315,100.0
1790216453,B3m3Mqp5WJoaBbqCKTm2akrnsLz2ASxiqHFESqHw3mzX,LAYOFF,GyjUqvQGtWkNFXuBGc5inUaRsKUR5n9cabcdxyjrEHos,raydium,1790172125,0.000004364,6381.49,4365,4365,1.57,1553.1,5708.58,163175.76,0,1,12,16,29,91,1764,1392,-0.03,-5.81,-69.96,-91.04,0,0,0,1,CPMM,1790216515,0,1,10,16,27,73,864,787,99.9999999986469
1790216451,733huGmyge4BDy93yYboDXmHsfdB9FnPmpAnn1dzMPKG,咕咕嘎嘎,85TRZWMWqYJd1gy6NhcTaNNV14cwB1XvBLFitLURoHv8,meteoradbc,1790172009,0.00005813,,58138.46,58138.46,0,0,0,15193.94,0,0,0,0,0,0,510,669,,,,32.62,0,0,0,1,,1790216515,0,0,0,0,0,0,202,188,
1790216453,BTzHfjKZnPpNaojtNs38eKReNssZM5LEbRrdK5ZrVyN7,SGO,6qf9kEvtgoKgAjN6EW9tAidJWj8JXjaTDyNHZWDM6sWS,raydium,1790180335,0.0001194,33175.43,119464,119464,70.85,5155.32,157284.03,942678.65,3,0,56,45,1020,904,8105,6716,1.37,10.8,5.4,158,0,1,2,1,CPMM,1790216515,0,1,36,29,448,455,3251,2817,99.9999999976154
1790216452,AEVjdvYXXDRBSkt4V7HJ8oL8qVSG3quWCTHvQ7LApump,BUBL,48iVS1iRT3zkFceU43eRyvxd12qVNXvNf3u4AYC4mzTo,pumpswap,1790180148,0.000002888,2855.92,2748,2748,0,0,151.25,247730.11,0,0,0,0,3,25,2026,1963,,,-6.92,-93.77,0,1,1,1,,1790216515,0,0,0,0,4,38,909,927,100.0
1790216453,D5Sd6RGFcsyCg4UgKMTax22ZYjBrivQXAAGAVAaQpump,APEZCAT,CZ6cVMaSxiQiySYNDwqmZwCZPRaacyjAYzmhtfsoooQx,pumpswap,1790179776,0.000003465,4416.6,3325,3325,0,4.25,18.89,3461652.46,0,0,1,1,4,4,22383,14963,,-1.11,0.58,-92.74,0,1,1,1,,1790216515,0,0,0,1,4,4,1431,1292,
1790216452,84TgGLh8Pgm9R9YYnmjD5Z18cy2gDUkjTr7B8Zjfpump,JEANDICK,HfzpxoYCmDmkkuEYrEpyXA9XfPD7zy3vcmkwvWp6WFeR,pumpswap,1790179362,0.000002422,2791.63,2386,2386,0,1.14,5.1,1574989.98,0,0,0,3,0,27,4486,4448,,-0.41,-1.18,-94.81,0,1,1,1,,1790216515,0,0,0,3,0,24,1629,1636,100.0
1790216452,ARTEvs8XSpVJRYPVHuTZz4bEJwfpNVVzgKbrfyWMtXuB,AURACAT,4PmRK4TYca6fmrrZyNg4cm5uMoeUV5Fh5Yb1saq135A1,pumpswap,1790178242,0.000004329,4310.21,4180,4180,0,34.45,1607.46,617353.78,0,0,0,7,25,92,8228,6692,,-1.96,-35.79,-92.17,0,0,1,1,,1790216515,,,,,,,,,100.0
1790216455,FjapQEucYhJj4DS91AW3nLTNgrEpwozLVdbcjxQ9rZCn,SCAR,622SbdD9Tm6Q8fkpcmiDRFSxHJLRr18mxjiRNskwbXNq,raydium,1790179603,0.00002679,15022.62,26797,26797,145.41,2127.32,52269.35,176125.56,4,0,19,16,359,254,1178,833,3.97,25.84,-32.26,-46.55,0,2,1,1,CPMM,1790216515,4,0,12,15,196,167,551,488,99.9999999860049
1790216454,FB6gcsYM4oK5X8TBi3A8xx9Pd5Y4ndRsW21Rk93Rpump,COWF,3EuNitsRnCFrRrxY2VFavgkK9AXp45LRUzzizp5f75kD,pumpswap,1790177352,0.000002179,2272.61,2154,2154,0,0,0,469923.43,0,0,0,0,0,0,10741,7646,,,,-97.61,0,1,1,1,,1790216515,0,0,0,0,0,0,6933,6918,100.0
1790216450,3SwgyMaD84JgikpYyFCxD7xgSPMCPr1P6LcV6hEwpump,musetrump,6CLanrWTwa6iDZigSGz93zVkGeMg4ktZDYJ6QAtrt9FD,pumpfun,1790179270,0.00004686,,46869.1,46869.1,0,0,0,9696.56,0,0,0,0,0,0,6,0,,,,1360,0,0,0,1,,1790216515,0,0,0,0,0,0,6,0,
1790216456,pWvwS1bXP8ptFG7WxoCxFrKUWDJR8kJbSTkoJ3HHth1,DOGE,ToYctbJ3hb4EpTbzxRFGP2gu1NZKAcAwP9fHhp5P9ni,meteoradbc,1790179238,0.00006627,,66276.38,66276.38,0,0,0,1584.04,0,0,0,0,0,0,68,10,,,,36.05,0,0,0,1,,1790216515,0,0,0,0,0,0,58,10,
1790216454,F2WB6jXdirYd6g8PWdV1gqk5vg9hnYt6fqUmyxWaLSej,BLUF,6NcGifW9rrR6f1hv9N1iD6oZnzmZKfFLV4dp3hEPTvPR,meteoradbc,1790179103,0.00004492,,44928.45,44928.45,0,0,0,13223.44,0,0,0,0,0,0,322,380,,,,186,0,0,0,1,,1790216515,0,0,0,0,0,0,176,187,
1790216451,5ZCj8oeku8NL4fPk6L5WFbR6A2mWJAkScXw1MMrB828g,KDHC,5NNYEiQYP6EvHHcFFMxHo4VyymLJ47sSyDQMzXTofDHa,orca,1790179204,0.9998,253722.04,99989996,99989996,0,0,0,10.89,0,0,0,0,0,0,2,1,,,,-0.02,0,0,0,1,wp,1790216515,0,0,0,0,0,0,2,1,
1790216455,GtmQ6DAJsyx37Nb46jmooYGGa9RVcVeyAftbEgZ2pump,MUSESTREAM,BAP67oZyJuPvATVoV5Cq4aEnGFcdQGBJieedCBhxikAj,pumpswap,1790189891,0.000002633,2689.06,2535,2535,0,11.72,643.7,309702.19,0,0,1,2,8,38,2100,1973,,-0.4,-25.21,-94.4,0,1,1,1,,1790216515,0,1,1,3,7,32,1080,659,100.0
1790216451,7Qy2cXpdj4Fu2DUPVWdN3oogM3JSwLUV2LZaKVgVcPZh,HYPERCAT,EWQKo1GFY9pEyUcwuPwbyLHnnZh5Q7WbuNw1BibQjkwM,raydium,1790185191,0.0006508,73950.89,650881,650881,23263.66,83217.3,507446.97,2588966.85,79,67,299,244,1949,1422,9799,7774,-25.1,-53.26,-70.64,1200,30,1,1,1,CPMM,1790216515,3,6,119,120,602,776,3301,2952,100.0
1790216453,CjkD1qwNPVP9VKshVn2BzqxiPtmdSnwA8SNV9HJBpump,FXFUN,3kYRNXZVPa5euQ68BvwZoSaWz2QgCmHboZAUsQvJeVZq,pumpswap,1790189011,0.00004550,17532.66,42081,42081,0,6251.03,246151.07,437137.76,0,0,36,31,1444,1180,3437,2990,,-5.73,208,-1.17,0,1,1,1,,1790216515,0,0,29,29,681,596,1509,1407,100.0
1790216455,G8vXA8zj9kd99ZLjSqyFLKzB3MLxUp5GNR7nMMMuzpad,zpad,8BZzbbJFwSHFxKa4MPV87zns1W1acPhbCksceUYRG7qz,pumpswap,1790188262,0.000003943,3821.37,3816,3816,46.02,618.58,3037.87,618861.82,2,0,7,12,79,115,6678,6563,3.04,-5.97,-39.6,-91.62,0,2,1,1,,1790216515,1,0,6,12,34,94,2759,2523,100.0
1790216450,563JVQQrNwonELv9svhGLQV8nDFoZLYyfmrcEVkiZLFt,MULTIPLEX,32GNLvApTzMrwbuNWiB7CjVpBUPGvmCwGS8QbNhPjviZ,pumpswap,1790188096,0.000003646,3489.7,3496,3496,0,157.94,1912.35,318582.73,0,0,2,3,18,43,3033,2518,,5.76,-16.21,-92.12,0,1,1,1,,1790216515,0,0,2,2,12,35,1270,1275,100.0
1790216452,87MGdKoaYui4eRbbnE6Uuu2ZByRT4N9HqoSbipqQ2hbc,LEVERAPE,Hec2j8aVBXsJBdhds2qUj9xqfR2ihzXJg9K1T277kmVy,raydium,1790186822,0.00001277,10150.16,12772,12772,255.57,259.57,4751.66,129424.37,2,0,2,1,36,26,480,426,9.12,13.43,31.64,-73.5,0,0,1,1,CPMM,1790216515,0,2,2,2,19,27,266,275,100.0
1790216451,6gxc6ZWCMA2XzwWFGD9CKFHe8UMBmPxdKDHC1w3HfzDw,BLUE,A9eyX7dDHbR1C7AZADm7mD4bz5eN5QNBRHLrfKmcgHLu,raydium,1790134180,0.0005324,34849.47,532436,532436,9692.91,52704.62,96170.8,697430.76,68,32,530,267,893,496,4596,2980,1.75,78.91,37.02,1016,0,1,0,1,CPMM,1790216515,2,5,204,348,328,488,1281,2044,
1790216454,DDgVG9dqayVvYwCqetK4N75KEAj4YT19VodKbrXpump,Robinhood,Bxu6gSLMiVvzfrKD4YwZ9WMWDwv1e8j2FQuvLv8dGqQe,pumpswap,1790188873,0.000002057,2069.86,2047,2047,0,0,0,52068.07,0,0,0,0,0,0,1811,1878,,,,-95.66,0,0,0,1,,1790216515,0,0,0,0,0,0,162,1219,100.0
1790216456,HeBMWXLdaJhiyaZuV7BhRr2HFRxBcMK7XzSgnVJBRGHY,SALLY,BzV6cUmzrSHzTicKp6fXZrsY7RkvEVguuiBWG6r4EmuD,meteoradbc,1790188795,0.00005546,,55467.79,55467.79,0,0,0,12010.93,0,0,0,0,0,0,738,757,,,,231,0,0,0,1,,1790216515,0,0,0,0,0,0,204,199,
1790216450,3WF32A9CwRvCyAbmLgf77ZNgBiSgHmUsYNAwaUztUqQ2,swappy,CdcrjUSFSW7pt3dE5hNeo3K4926Ng6q4tGPMG7oLVSXx,meteoradbc,1790188795,0.00005677,,56779.37,56779.37,0,0,0,10158.85,0,0,0,0,0,0,405,409,,,,35.11,0,0,0,1,,1790216515,0,0,0,0,0,0,182,169,
1790216454,EUxjDnKHfMYqmfRt8HNFwuh6NeJdmBWhhqvE3QRZpump,TRUMP2,Eh5eThpg3Nb6cimraYYg3G1c32ZFcWeZ5MHb9d2h7Jba,pumpswap,1790187547,0.000002058,2084.92,2059,2059,0,0,0,149884.57,0,0,0,0,0,0,11591,12366,,,,-95.66,0,0,0,1,,1790216515,0,0,0,0,0,0,3003,3094,100.0
1790216452,8fX5dLhfTao12RTr7iFvQQX1AGiACe2Au92U3gdspump,Hermès,DBnBgHqaK1pNTXS99iiRQXpuzhnsbHigQDsumd2wysxn,pumpswap,1790185549,0.000002042,2078.28,2033,2033,0,0,0,242001.31,0,0,0,0,0,0,30174,29274,,,,-95.7,0,0,0,1,,1790216515,0,0,0,0,0,0,2479,1844,100.0
1790216450,48n3WfUWrzQ6mNzwqNDFNVVvFLQBWn3bCHuTEsXPpump,Cateoween,AnuGZ5gQoLfqRHVjTj9FKGeuT6vJTRCTVrxcR27SMbFX,pumpswap,1790195139,0.000003275,3132.79,3059,3059,0,0,31646.97,31646.97,0,0,0,0,471,624,471,624,,,-93.04,-93.04,0,0,2,1,,1790216502,0,0,0,0,291,389,291,389,100.0
1790216455,FVsZHrjBWRJA7nBk6XNJ2Jg9M8v4MPsVdprpg3EAgMHr,CMC,7McrNmv2mZ4u9XpdqSuPtm1iiTWhYjsUA7APZx6ZivuL,pumpswap,1790188414,0.000009965,7387.32,9448,9448,19.11,1465.21,302865.52,794787.76,0,1,24,28,2508,2035,7431,5778,-0.78,-21.54,-89.94,-78.8,10,0,1,1,,1790216502,0,1,25,26,958,997,2612,2382,100.0
1790216455,Gcku9A4XsNEv42WjHFrpyNJt5u5nwZDDh1BFyrqGpump,FUD,FzEffYDrAekMdcgBqp92bzqGcee8VQN1nXgZKJLsB2pr,pumpswap,1790189205,0.0002263,41327.66,223969,223969,0.49,238.18,32818.87,340930.56,0,1,3,8,125,95,1098,899,-0.19,-1.65,-22.45,333,0,4,3,1,,1790216502,0,1,3,9,88,78,517,449,100.0
1790216450,2z1s9nrjhTdr26kpNYJrM29h3tyjAp6aKNofbkV9pump,Titcoin,DqmLHwB52rqAM6cEAxiPDMreYe4Rhe6vDy6t5NbNxLYg,pumpswap,1789684151,0.0003269,58602.51,325834,325834,0,0,497.28,3694.98,0,0,0,0,11,3,28,20,,,5.41,4.27,0,1,2,1,,1790216502,0,0,0,0,7,2,11,14,100.0
1790216450,31SMHAggNR2aNj9jDRnveG3n2rB2pLmPYkMrq3v15kcL,Crypt,GbauL8MwLkM5ni58mWLNogkrzwW2qLAMB9KCGW8WPCPi,meteoradbc,1790194782,0.00004242,,42428.92,42428.92,0,0,4360.51,5802.03,0,0,0,0,378,358,441,409,,,18.89,184,0,0,0,1,,1790216502,0,0,0,0,188,162,188,162,
1790216451,5nQhjm5FuveEQuKsQtewTBZPSVXqbWhw1A6HEojf6JCi,Crypt,3wxoJjHk3iLk3rWizL2YhfZEZRYzPpkEKs7Cc7AbTQ3L,raydium,1790194732,0.00001193,10024.94,11931,11931,61.91,471.91,150009.45,321851.94,0,1,0,9,1133,986,2208,2152,-2.61,-17.87,-56.41,-74.54,0,0,1,1,CPMM,1790216502,0,1,0,7,707,819,1070,1059,99.9999999970507
1790216455,GQ3WYJChZENNQixjihaa2mMQXzWQYzFJH1oHX6NNpump,Xclusive,8K94LjccAbQRY4Pqh3PM5JWNYfHthnZ8eCNrstuAhS3m,pumpswap,1790194743,0.000002476,2496.69,2342,2342,4.92,5.26,198342.4,228956.89,1,1,1,2,1123,1073,1330,1213,0.1,-0.38,-93.13,-94.78,0,2,1,1,,1790216502,1,1,1,2,509,472,562,490,100.0
1790216450,4AdFwKHbivTpGjBjenyYxbdtrUdZ6uVGwjhofmh2KN3x,hyENA,DbyLi54EjxaVBWaJxichPnQhMaWePVa1uckhNJ3qdnxk,raydium,1790193679,0.00003193,16975.72,31935,31935,189.48,5731.76,446754.41,1295268.07,0,8,56,50,3958,3411,10359,8803,-4.22,39.09,-90.57,-33.67,0,0,1,1,CPMM,1790216502,0,2,36,40,1248,1702,4099,3558,99.9999999998967
1790216454,FNV7tM5GbbUPvXUaLXDBt9Udd9v4yranCWmNkWcSrj38,KORILA,hxkaYJUAzXkYgfcT19rZPmGoN5ARy76LFW654MMRY1w,raydium,1790193821,0.00002081,12662.84,20819,20819,22.06,3785.92,134369.2,167658.96,0,1,38,35,983,704,1308,945,-1.69,-27.89,-47.63,-54.04,0,1,0,1,CPMM,1790216502,1,0,32,29,356,348,476,484,99.9999999880605
1790216450,2YPWT4QK1Why57mxBZGwBAFckBC4nLwEAL2t6CcCQtvw,FCAT,13L9ZwrkeBXcZL8y1yhxnAkEDaMgyMZRmgvhs6hgLdMh,raydium,1790195440,0.00001987,12900.36,19878,19878,4.96,719.24,373829.21,373829.21,0,1,9,15,2489,1818,2489,1818,0.17,-3.58,-59.06,-59.06,0,0,0,1,CPMM,1790216502,1,0,14,7,798,893,798,893,99.9999999998323
1790216450,3oCn1NL6FEAsiSGsiKdFvCdrgMSomnZya3tExgAjpump,TOWN,3XTtfFmDyAbpaXwqAinxi35tt4xFk3hP2VMSGGcUoanb,pumpswap,1790089754,0.00002073,11443.68,20077,20077,0.73,154.27,199738.55,244105.77,0,1,2,5,659,662,917,877,-0.59,-2.55,-78.61,-16.91,0,1,1,1,,1790216502,0,1,2,4,326,347,431,450,100.0
1790216452,9GJQgnwKZL6oqsPcLmSohBb61w6cdj629b1RFhWvUe7j,RICH,8NqiynvTiprF3DZR5XvUAWKkdX5DjgJP9SPBHdeWMJ5A,raydium,1790195442,0.00001548,11344.83,15488,15488,461.24,4819.3,128264.31,128264.31,2,1,37,20,1703,992,1703,992,8.17,48.53,-67.36,-67.36,0,0,1,1,CPMM,1790216502,2,1,27,15,601,596,601,596,99.9999999806897
1790216452,9yyxC9AtYxuijVrVfZjoYY2m3fRDuyYYF1VmKzRp9joC,BOB,6pL1AMUdVzd8Ecgz1XJEbxVoTsE4KFwKMo3yGTzFbW5j,pumpswap,1790195693,0.000003834,3598.79,3706,3706,4.06,18.53,134356.9,134356.9,1,1,1,3,1790,1672,1790,1672,0.09,-1.43,-91.84,-91.84,0,1,1,1,,1790216502,1,1,1,3,980,931,980,931,100.0
1790216456,f1ippXecgRpYmsZt6uVRwJJKiBKjN579sVRHsAg2RR3,FLIP,6gHUvXHYaWRgwLZQbB7MQJk2qEkcnEvZTG9RWTiSWCGH,pumpswap,1790194915,0.000005995,5314.53,5714,5714,398.79,841.77,942200.31,942200.31,3,2,10,17,10867,8568,10867,8568,-14.92,-21.67,-87.31,-87.31,0,1,1,1,,1790216502,3,3,8,17,3419,3250,3419,3250,100.0
1790216455,FYayBW6PMhzuNUVTJSr4ruk66p1nVhJ3bSmYueMr1ZMS,NightTrader,FnP4qt7ap1JYpMGWDbUULhA9mzsnveMHigu4sG27hMU6,raydium,1790194593,0.000003597,5612.86,3598,3598,0,201.29,278722.93,553827.87,0,0,2,8,2747,2262,5318,4494,,-13,-96.81,-92,0,0,1,1,CPMM,1790216502,0,0,2,7,829,1035,1962,1801,99.9999999806906
1790216456,HkjCexiXUFRyo7KiaTT3VxzrWpoJhTWA9DkwnBVtpump,MOMMY,97SR2Q1vv6yszr22auKswJMRcXHZmakUscgR5B38P69j,pumpswap,1790193651,0.00001347,9012.47,13109,13109,179.97,1479.61,1313548.35,1500506.95,0,7,13,73,5321,6004,5746,6503,-4.36,-25,-91.71,-71.53,0,0,1,1,,1790216502,2,9,13,70,2328,2047,2513,2170,100.0
1790216456,HacjFPCKPdAGkWqKcFNjRzdhKP43obHdfaqr7vCjkFp8,SWINUMETAINTE,4oQaAkAyMc8mXP4sLGf9oJzPHN4c2PzzEYPwwAog78uL,pumpfun,1790196249,0.00002171,,21718.82,21718.82,0,0,8353.7,8353.7,0,0,0,0,29,20,29,20,,,536,536,0,0,0,1,,1790216502,0,0,0,0,4,4,4,4,100.0
1790216455,FvcA3eCmUErS3XiKsJawpejBYCYHWMZk7pwUCg6w6DLW,nighthem,8Gwx4CR28dgj5XEjZ5KGAHNSkaDozfp6mnpvebeMkU9Z,pumpfun,1790196269,0.00003072,,30722.43,30722.43,0,0,13001.46,13001.46,0,0,0,0,47,76,47,76,,,440,440,0,0,0,1,,1790216502,0,0,0,0,5,5,5,5,100.0
1790216450,4xsiNDT1mbuFx589VLhBh6Sc7dZvinKEPvtzwHtm4xQW,TikTok,5AL1eFH2UHJpKF4D6D2S3DMcdkq5vZXCouZbGxUFiGss,meteoradbc,1790196177,0.00005605,,56053.28,56053.28,0,0,6338.51,6338.51,0,0,0,0,199,269,199,269,,,30.78,30.78,0,0,0,1,,1790216502,0,0,0,0,153,154,153,154,
1790216452,97RHGYD1jaq2knhNWYGYNB3L8SoruK2DpaJBBqnGpump,Gemini,92HrUz3YrjJ9AJXfGYRZTMVNXfQbK41VY6B3LY9j7D76,pumpswap,1790193979,0.000002078,2118.92,2069,2069,0,0,192957.22,224658.08,0,0,0,0,10475,11001,14139,13233,,,-99.69,-95.63,0,0,0,1,,1790216502,0,0,0,0,424,2109,1313,2126,100.0
1790216454,EtGtzV2BPtt9mcQwinh1mGJSgm9eWTT4wMGrZmbXpump,Muse AI,GqjMdVEefjUuv9jtx5aMpV4gHEc6dH721Mn6PWCx2SQq,pumpswap,1790194332,0.000002041,2069.14,2032,2032,0,0,122481.73,144380.8,0,0,0,0,11657,12683,14469,13553,,,-99.61,-95.7,0,0,0,1,,1790216502,0,0,0,0,417,2114,2443,2139,100.0
1790216453,CaCu3hzyokAEN2LhfMt4TZARpwdPjxtXZSAWeuzHn3v2,STOCKED,Ed9QzYgi4ST86tr9Qq95ndHBKSCsKuqQXRZcRjgmRP23,raydium,1790198046,0.000006004,7909.78,6004,6004,18.14,277.75,1044696.32,1044696.32,1,4,4,21,9149,7720,9149,7720,-1.45,-6.17,-87.41,-87.41,0,1,1,1,CPMM,1790216490,4,1,19,5,3150,3451,3150,3451,100.0
1790216454,DtYzXe9cR6b6ExReMCn5yHzvbS4nUQZ1GkBQDqQoSTNK,C𝕏,6aFzvG1KorW8inko2JvdK7A8W6HF59VXYeM4yxy3AN9L,raydium,1790197231,0.00001359,10819.53,13596,13596,447.22,3318.07,809967.34,809967.34,0,5,23,34,5828,5164,5828,5164,-14.78,-16.34,-70.86,-70.86,0,1,1,1,CPMM,1790216490,0,0,0,0,2175,2488,2175,2488,
1790216453,AdZd56X3ZMshpb4ejsE1AKkxgBrqKLV3HmhGpMjxpump,WUF,GRopJwAV6FmmdP3Jd5cLhJeY5qTudVatHgUYW1yqVsf2,pumpswap,1790204621,0.000003602,3452.08,3473,3473,2.55,74.47,219279.82,219279.82,0,2,1,15,2252,13079,2252,13079,0.4,-5.73,-92.25,-92.25,10,0,1,1,,1790216490,0,3,1,15,925,862,925,862,100.0
1790216455,H2jAV8NJR9eRLQLysiLqfrC1aHW9cYV3n7A49vj9pump,BUTT,2snjr3GE8v4BKAbRrTGB8vh46kM3wtzuDDLsEarwssSv,pumpswap,1790197018,0.000005047,4796.28,4940,4940,1.68,232.76,1000206.1,1000206.1,0,1,7,26,12082,9583,12082,9583,-0.53,-10.76,-89.24,-89.24,0,1,1,1,,1790216502,0,1,6,25,3997,3694,3997,3694,100.0
1790216454,F1MnscjppvKhPyW7WQAyTZMffMQp64ZmcrUnrVvHqQe,KETTLE,HyexB98Cj5TMrco9SW4Gbee9aQjvtYiVyfMGk2tof6Sn,meteoradbc,1790195335,0.00003972,,39729.7,39729.7,0,0,8371.61,8371.61,0,0,0,0,214,13,214,13,,,596,596,0,1,1,1,,1790216502,0,0,0,0,130,13,130,13,
1790216451,6c4VQMACcKm4QjB1XyGBa5jP9RAhHumYHYkWniMLSE5o,HYPEHOUSE,FDRCnVeeqJQ9D1cxvkz6S23KuzUrRNn7AHq3HjDG2YvC,raydium,1790189940,0.00002149,13102.79,21498,21498,373.34,3224.32,43417.18,136863.73,7,0,32,30,522,358,1504,1120,11.24,-26.62,-25.3,-56.16,0,1,1,1,CPMM,1790216502,11,0,26,29,210,219,549,594,99.9999999883305
1790216451,71xsgdaBNuj6xUW88nmgFD7NgPi5PLwRyaxQ9pT45WRs,dayhem,ApaaYtrBFkQfy69rPE1aoUQFazQVoPSinqmLXM86hNKQ,pumpfun,1790198330,0.00005837,,58377.28,58377.28,0,0,17865.71,17865.71,0,0,0,0,106,113,106,113,,,927,927,0,0,0,1,,1790216502,0,0,0,0,16,16,16,16,100.0
1790216450,2otXowjd8jfSM3BZmMUrMR28FnTQTGn4JVju5Ft1pump,Claimlane,7r3vkvrUKqu9KDeYnuCsQcENhe2bS4xZVhyLcr8c3E6Q,pumpswap,1790198336,0.000002186,2187.26,2097,2097,0,2.01,13734.64,13734.64,0,0,0,1,81,123,81,123,,0.98,-95.4,-95.4,0,0,0,1,,1790216502,0,0,0,1,79,113,79,113,100.0
1790216450,26F32z5cUtqk6mLnEdvWJfiPHzDeRp1J31R7gerQBT4P,CLIP,B2ncVzyajV5BTs7vpiMiMgumzbJRSVkGGBq8RoAQkpoJ,meteoradbc,1790198293,0.00005673,,56739.18,56739.18,0,0,9425.75,9425.75,0,0,0,0,384,392,384,392,,,34.86,34.86,0,0,0,1,,1790216502,0,0,0,0,179,174,179,174,
1790216451,7PgjouMwPLAS8BbZXFoeErfQybQCdRsCndct9x2mCBD3,Hope,CxLJo711fvuRzPkFvsx7db116hH29Mb3SCm5yNDBtjAh,meteoradbc,1790198205,0.00005593,,55936.68,55936.68,0,0,8016.86,8016.86,0,0,0,0,213,258,213,258,,,30.54,30.54,0,0,0,1,,1790216502,0,0,0,0,163,171,163,171,
1790216455,GHgenaJdjXJPQhzTd6Zd5mXTBtvwDfya2YSBLWYvpump,Gemini,DC88uNH3hJQkhAMrTYondnWRY1DsuHWFpFGakVFv8BE5,pumpswap,1790198193,0.000002080,2091.46,2080,2080,0,0,46906.07,46906.07,0,0,0,0,2423,2704,2423,2704,,,-95.62,-95.62,0,0,0,1,,1790216502,0,0,0,0,2057,2037,2057,2037,100.0
1790216456,XK1MyxjeNo7rr3JgUM3h8doWPhPaVFCdBFE6pnu1yth,KICKS,95fTaACH7cQdTQPcSTV6MwCYPrfa9hmi5NSQb7uJUKsX,meteoradbc,1790186882,0.001155,,1155273.52,1155273.52,0,0,0,5.85,0,0,0,0,0,0,1,0,,,,,0,0,0,1,,1790216502,0,0,0,0,0,0,1,0,
1790216456,rGejF4pz1XW6DftreGqtMqhi1R2uYiSJe9sewTTQTnu,clausius,6nVYnzBBz5vNshi7u23hgjZLj5RmYXFLagsewU8cB6JV,pumpswap,1790200349,0.000003507,3431.95,3399,3399,1.33,11.88,398140.41,398140.41,0,1,0,3,4514,3832,4514,3832,-0.62,-1.43,-92.44,-92.44,0,1,1,1,,1790216490,0,1,0,3,1831,1756,1831,1756,100.0
1790216456,euwCqqdorT6VCYgQjVg9jeT3dpXvjuv86EGQtBVpump,SCATE,BCM8BEJ6CJHPEi9B79xXrDrchb3g3FbmBNHYz4j5G8JD,pumpswap,1790199567,0.000002316,2329.04,2225,2225,0,7.14,77698.43,77698.43,0,0,1,2,1191,1032,1191,1032,,-0.97,-95.11,-95.11,0,1,1,1,,1790216490,0,0,1,2,532,527,532,527,100.0
1790216451,64FityyBGWXC1Rc89kBRT8dNEwrXCskGBCnfGy3Mpump,FomoGame,Rhbp3sZaphiA5TrzZWwV5igLT6TbwWYkwRCxe7b5rCD,pumpswap,1790198777,0.000002792,3235.62,2741,2741,0,4.46,2499026.67,2499026.67,0,1,0,4,6252,5735,6252,5735,0.43,0.1,-94.08,-94.08,0,1,1,1,,1790216490,0,1,0,4,2233,1964,2233,1964,100.0
1790216451,7P1UwwN2HmMrBuXgiN1VPruLY7rsWmK6QHZ9bAoSpump,FOMO,6PszrXnmZyngc6jV7HkuaoD5Z5XkcKzRDtU7byuBcEDq,pumpfun,1790198863,0.00004692,,46922.52,46922.52,0,0,9707.61,9707.61,0,0,0,0,6,0,6,0,,,1359,1359,0,1,1,1,,1790216490,0,0,0,0,6,0,6,0,
1790216451,5eHt529GrUQg5e3sUA76xG5VkEMAD15eEUhBwHfTxziX,Dug,3wwoiJ2yP4WaKDRQJKgZgDgkCf6J3en8UptC7A9et3Mv,meteoradbc,1790199788,0.00004653,,46539.04,46539.04,0,0,6841.71,6841.71,0,0,0,0,175,219,175,219,,,237,237,0,0,0,1,,1790216490,0,0,0,0,109,133,109,133,
1790216451,6kT2fcBDadJp8rQnTU7LCiWdN1jE1H5ZbNhkCuJfsvvC,X,FZwTbTWNZTvbrJPPNs5qfJfmCvBVuBRdHReuNy6nVhDT,meteoradbc,1790199797,0.00005574,,55746.86,55746.86,0,0,8234.83,8234.83,0,0,0,0,239,279,239,279,,,29.86,29.86,0,0,0,1,,1790216490,0,0,0,0,165,173,165,173,
1790216453,DAgJaj186hndc38xUZvPWsf6jTytWxVSQYXfcHBApump,TRUMPCAT,6w9Ahce8FzPzu5tJp5etVkrDphQagwipW5aucYofdvdM,pumpfun,1790199759,0.00004709,,47095.08,47095.08,0,0,9743.31,9743.31,0,0,0,0,9,0,9,0,,,1365,1365,0,0,0,1,,1790216490,0,0,0,0,9,0,9,0,
1790216451,6s4w7JLAM5e2kqPpf7pVtJvbnPU9MwyvNtKZrc2jpump,callout,2me4HpyunHaxt1ogcu2Y614Lu4xmyHBfbcKv1qzxsZjP,pumpswap,1790199874,0.000002327,2481.24,2283,2283,0.07,0.07,545826.88,545826.88,0,1,0,1,3299,2746,3299,2746,-0.47,-0.47,-95.09,-95.09,0,0,0,1,,1790216490,0,1,0,1,2039,1284,2039,1284,
1790216453,Cev8TwVpiytWykrZvFcb1jgLHjJ2KyD2L8AxkgAbpump,jev,519inv4WjHQS3iH9KJaijUhwW9qBqvb9DNvBkSBLKLm,pumpswap,1790198312,0.000002064,2084.87,2054,2054,0,0,106315.32,106315.32,0,0,0,0,8779,10482,8779,10482,,,-95.66,-95.66,0,0,0,1,,1790216490,0,0,0,0,2320,2482,2320,2482,100.0
1790216452,ADfib8qwJJfj7e3nqdr1Mfvrfw4hUfoWQeJQ6Qjxpump,GUCCI,bkVpUsEzoj7Kb5Sf8mRe1Q8WBHNDiUSdfZuzFa5vn6W,pumpswap,1790197238,0.000002063,2105.64,2054,2054,0,0,239778.5,239778.5,0,0,0,0,29123,27553,29123,27553,,,-95.65,-95.65,0,0,0,1,,1790216490,0,0,0,0,2480,2222,2480,2222,100.0
1790216453,Bf6NdK15im7f3o4zd6uWu6YRLrZyEnJ8Fq2uo2dbpump,meme,HdFiTE4oaZT4zF134QRricXfUp9BdveUiEBEsCNCRWbR,pumpswap,1790201875,0.000002802,2767.28,2554,2554,0,59.26,148453.01,148453.01,0,0,0,7,1860,1729,1860,1729,,-7.43,-93.92,-93.92,0,1,1,1,,1790216490,0,0,0,7,910,979,910,979,100.0
1790216455,G8TTWtBR6AqxzMC8nSwdVt7NCUDGvqjUEWRr5SXdpump,SCANNY,HDtqwX8psdRRcDiD6aGv9GCbJ4bUucFjFunCKvMbrSQC,pumpswap,1790201643,0.00001531,9734.36,14915,14915,98.21,3772.15,950974.83,950974.83,2,3,55,65,8874,7440,8874,7440,-1.12,-5.76,-67.73,-67.73,20,1,1,1,,1790216490,5,5,43,59,3008,2812,3008,2812,100.0
1790216453,Cid1om9uBjknK8sBmpbYyft7B9GrNK5HmSL4yC6Upump,fomotemple,2HVUUuFjVnjbFR8ypBEDXiVDdcixQwuHzH4wPESzXWE8,pumpfun,1790201012,0.00004715,,47156.72,47156.72,0,0,9756.06,9756.06,0,0,0,0,6,0,6,0,,,1356,1356,0,1,1,1,,1790216490,0,0,0,0,6,0,6,0,
1790216450,27XVtvjVVwBgZKDfBQfQ3L8TvWvBWCDYL7vBnFtjbdLc,PURRP,25PvsPm2Tm9DrgE9FqJn3yZT9RtYCrPYBsKaCsDPy2RA,raydium,1790196712,0.0006972,77066.84,697289,697289,28690.41,145965,1102282.81,1102282.81,57,25,312,333,4530,3910,4530,3910,43.87,100,1292,1292,10,0,1,1,CPMM,1790216490,8,1,162,168,1197,1654,1197,1654,99.9999999882122
1790216450,4mS5JinFf5f1GCr5K2MRLgQiu95ifd4X763Uhj2Ypump,UDR,E3fvyZyvr3pbhvgHTNXxbnu7Uvr9KG3wUY9TWijSv1kN,pumpswap,1790194019,0.001303,100756.65,1300720,1300720,38.99,683.14,55531.29,95733.88,2,1,31,9,465,176,511,202,-0.58,-0.8,15.86,2639,0,0,0,1,,1790216490,3,1,17,8,202,58,238,80,100.0
1790216456,Zdtf2W7jDRXDfMMtq1ujL6ahBm61iRCRVcxNTYgpump,HUSH,C4DzKjefNUKZbbDxNsT5sreaWxRaEoxsCGzpAitVGRRz,pumpswap,1790201134,0.000003479,3474.12,3370,3370,0,4.34,124224.36,124224.36,0,0,2,1,1301,2244,1301,2244,,0.18,-94.37,-94.37,0,1,1,1,,1790216490,,,,,,,,,100.0
1790216455,HSUMi4rMgjrx7zRUabw3ogGu1pa5hmF2eVcXj9Apump,goon,9PYormkWiWYAALGWkNNBjSEqKk79HPoRaLgQhMfY4fuv,pumpswap,1790202863,0.0004623,71415.2,451846,451846,12758.63,117717.78,2681881.03,2681881.03,114,60,1079,695,22391,16970,22391,16970,26.67,51.88,673,673,0,1,1,1,,1790216490,26,5,602,447,5325,5022,5325,5022,100.0
1790216456,XQvVFz2jrrqFvhdG4NRd2o9xCQci9Xn9nGYVumBpump,$GULL,6iT9bJYQRCi6Hu4xAqFm9iuKqG6tAiNn74BVHhauWahU,pumpswap,1790196721,0.000002307,2379.51,2227,2227,0,1.8,727052.33,727052.33,0,0,1,2,12086,7611,12086,7611,,-5.62,-95.14,-95.14,0,0,1,1,,1790216490,0,0,1,1,2068,2177,2068,2177,100.0
1790216450,53UCxsWgXsVZJM32bQiXoMet6zVmcYMLBM64DjdCsmY1,ROBIN,BmPehWtiQbz1PxifJGzekpnxwjp6KhUCpcCFrPLgEvjs,meteoradbc,1790201745,0.00005744,,57443.27,57443.27,0,0,13298.34,13298.34,0,0,0,0,542,541,542,541,,,35.29,35.29,0,0,0,1,,1790216490,0,0,0,0,196,188,196,188,
1790216450,55hFAKUAJW6NaZEGuPGSPVBmY4SZ6hv7XiD341FZ5F3b,SCANNY,AxLLLhChvUFaC6CgRK9ABz1m3uooQ14GFgedhepEUGvi,meteoradbc,1790201745,0.00005640,,56407.48,56407.48,0,0,4878.3,4878.3,0,0,0,0,188,172,188,172,,,32.85,32.85,0,0,0,1,,1790216490,0,0,0,0,127,109,127,109,
1790216450,4UoiqXLhx1yBknBG6iRUCtQoHMHEoo5eZDXktEriCx4y,swappy,6FMYP55R5XZoRbauuwRCUm4Rp1LiTpfytmzXycPfFmQV,meteoradbc,1790201277,0.00005699,,56999.77,56999.77,0,0,9738.37,9738.37,0,0,0,0,414,392,414,392,,,34.62,34.62,0,0,0,1,,1790216490,0,0,0,0,187,173,187,173,
1790216453,AyYcWNth3J17nQy611iHNvQ4Ue9VyDswveBn5ou4pump,Agripepe,46pT2FDUFuEZKijwtnj6cTXqnefsv1finQZg71hb2yei,pumpswap,1790202303,0.000002755,3399.99,2689,2689,0,0,2987010.7,2987010.7,0,0,0,2,11034,9867,11034,9867,,-12.01,-94.19,-94.19,0,0,2,1,,1790216490,0,0,0,2,2869,2540,2869,2540,100.0
1790216451,7HiuKQ7zGZ8uUDYRX1YRiC5ocMcNs2oQ5x3Mjv51pump,FOMOPEPE,8YnnSXqacjmbqNA6ingpMy85MFmQ2yxoKGdSjMupCowr,pumpfun,1790202517,0.00004721,,47214.24,47214.24,0,0,9767.96,9767.96,0,0,0,0,6,0,6,0,,,1358,1358,0,1,1,1,,1790216490,0,0,0,0,6,0,6,0,
1790216456,J2q68X3PC3uZFY6ydDGuB1ztDsoawikkqe3yFX3Cpump,MMKT,24c3yDbFxMZGN8vDMRE8iyTZX2cwgZWaQSDzC1HwQfG2,pumpswap,1790194221,0.00003166,13956.01,30050,30050,0,81.66,6939.57,34280.68,0,0,4,4,126,142,476,531,,-0.38,-21.35,-30.76,30,0,0,1,,1790216490,0,0,1,4,77,88,347,301,100.0
1790216455,Fn9cGz6iLubpjZSJF6wiBD2zbdqANubuQ64UKSDXpump,LOOKUP,2zd8zQNaYdE4ZJarKVHFE12pAAdshc9siFBUKrDnDJfA,pumpswap,1790204741,0.00004127,16319.53,39717,39717,29.6,2422.45,74643.51,74643.51,0,2,23,35,822,1213,822,1213,-0.45,-8.04,-11.29,-11.29,0,0,3,1,,1790216490,0,4,23,35,483,459,483,459,100.0
1790216451,6Tsnca5xooHtgNQp5wqfYnUcmmDSMXYkkcCusmuEiEmn,Agripepe,3HrBhr4JdbWaZ3kZnXz1huMsEVj7WCC2nfF8sSn9JWCt,meteoradbc,1790202743,0.00005493,,54932.63,54932.63,0,0,8218.6,8218.6,0,0,0,0,327,414,327,414,,,27.9,27.9,0,0,0,1,,1790216490,0,0,0,0,172,176,172,176,
1790216450,4thKHXQTtKD3iQDpWaQB6M8pCGo14XdtDknG5SYFpump,HYPURR,GBbTHtc2LRTnny8HQNKKjZf3VxjmjCjzyeKpHeHjEUAJ,pumpswap,1790204474,0.000002275,2420.95,2220,2220,0,9.1,502746.53,502746.53,0,0,1,3,19876,8697,19876,8697,,-0.76,-96.59,-96.59,0,1,2,1,,1790216478,0,0,1,3,6950,6939,6950,6939,100.0
1790216450,4JsLM7iY8R87kjdgHADjxRJYG8HgoNHa2VrVxCDvpump,AMZN,Erx5by5Wowh4SRdBJSUz1jXCvF6Uo9P8eg5MAG9MdC5U,pumpswap,1790204388,0.0003318,52017.55,325985,325985,8771.36,119390.89,829484.29,829484.29,255,168,3406,2165,19113,6039,19113,6039,-1.83,-6.39,312,312,0,1,1,1,,1790216478,41,44,258,214,7398,1267,7398,1267,100.0
1790216451,6LYWeAHk3iXreuKBN1PqyeFay9eAmnBwZiuVeCVbpump,CASHCATE,HhkFiFx7G6Q9bH11Ajmv9LEcybbZh3iVkdMA4PuDBdRg,pumpswap,1790204809,0.000002257,2264.87,2170,2170,0,5.06,42628.59,42628.59,0,0,1,1,594,665,594,665,,-0.34,-95.27,-95.27,0,1,1,1,,1790216478,0,0,1,1,309,366,309,366,100.0
1790216452,9ozog1uC6rMQtirX6N11c3PfNRW6ZNTFTcTn9YDpvXVk,jorkin,BfmLKAH4oYdP2cxTYyDL3gwDStxUTywCh3zUHknCzmoZ,pumpswap,1790206026,0.000006148,5556.86,5965,5965,1.8,1549.58,303142.97,303142.97,0,1,15,23,3608,3132,3608,3132,-1.48,-11.45,-89.29,-89.29,0,1,1,1,,1790216478,,,,,,,,,100.0
1790216456,HpWGRTs5x2pmWrGKpD5cXpZhja1uuXbPBqf7kYo2mz86,GAYMF,5U2gnwP1SrkZaBnGrJjtiJz6iBLAH9CSxXVaJwJ51Prc,raydium,1790204223,0.000003985,5982.83,3985,3985,0,185.89,373070.79,373070.79,0,0,2,11,2801,2133,2801,2133,,-11.36,-91.52,-91.52,0,1,1,1,CPMM,1790216478,0,1,2,11,1234,1190,1234,1190,99.9999999860524
1790216453,Chw1b4U1QNSDdATX3JynYYQBBR4Ai3ACjY77suWaV2SE,AMZN,Gj6E5MBbPtgbLRhfEo66Li173AQ9QrWjmbiJWJTKTFTN,meteoradbc,1790205292,0.00005748,,57480.04,57480.04,0,0,5841.83,5841.83,0,0,0,0,247,220,247,220,,,35.67,35.67,0,0,0,1,,1790216478,0,0,0,0,140,131,140,131,
1790216452,A4sWrCKytYkE7aoHkT6MNFhofxKG56qMDWHAmsPVpump,Muse,4MMVNWnP2cqvULqMFUpq4vK2UBXU57HsNQb8KB8h2Wmr,pumpswap,1790203588,0.000002061,2090.88,2052,2052,0,0,152099.03,152099.03,0,0,0,0,8928,11252,8928,11252,,,-95.68,-95.68,0,0,0,1,,1790216490,0,0,0,0,2476,2195,2476,2195,100.0
1790216450,4n9fZ9zC1HBgeKEQD7nDKTk5GYatjuCV56WLocTdpump,NYXEN,37X8gHr2RfeoeWt8sqDqFgRHAgH4dmgu7yumUeXc8JQv,pumpswap,1790205867,0.000002181,2570.04,2126,2126,0,0,1606667.45,1606667.45,0,0,0,2,5523,4977,5523,4977,,-14.18,-95.4,-95.4,0,1,2,1,,1790216478,0,0,0,1,1356,1303,1356,1303,100.0
1790216452,8quxcffZcXr7T8oWp7XH6Lc5Q3HmL2gvJMDULyL2pump,PHILCATE,HEqPrKaAhe3pmYv14GBq1pHsjSfrPLoo8iLmvV8zFMdA,pumpswap,1790206612,0.000002328,2342.55,2246,2246,0,9.24,74423.88,74423.88,0,0,1,2,1213,905,1213,905,,-0.72,-95.07,-95.07,0,1,1,1,,1790216478,0,0,1,2,539,524,539,524,100.0
1790216450,2swMhovXTJQN5nw3ZnxVmPqdtRhhWwsFaaXMzgeNpump,BEEV,4G3Et5fjXsDxJ4ndyqKaxLkwnP6PJJVk7e4TzJkYnuyH,pumpswap,1790201265,0.000005114,4487.34,4908,4908,5.11,7246.23,190834.53,190834.53,0,2,44,107,1792,1595,1792,1595,-0.19,-68.56,-89.3,-89.3,0,0,1,1,,1790216478,0,3,38,88,799,768,799,768,100.0
1790216453,CQUHVJixpaoxRNz8v3ocs8JvT4to4uHoUj275abYpump,musewifhat,34UJF8uKLxi7n4ToPFJkGPqdvHbj1n7fwSgJqSLzbXBU,pumpfun,1790205709,0.00004723,,47238.89,47238.89,0,0,9773.06,9773.06,0,0,0,0,6,0,6,0,,,1357,1357,0,1,1,1,,1790216478,0,0,0,0,6,0,6,0,
1790216450,2PENPmfgJfq6CG3k4byj4oWwHf8SerqakmYHMkUupump,familiars,ENiVH49XwRM3Cu9n4Tp6CGynCFXf3Mz6CE3GRmVk1LH4,pumpswap,1790205774,0.002299,152631.41,2185802,2185802,73321.83,854602.38,6163702.88,6163702.88,269,303,3968,3461,30592,26992,30592,26992,27.9,49.83,4744,4744,0,1,1,1,,1790216478,228,238,1792,1667,8782,7146,8782,7146,100.0
1790216450,2H8UM3VbwFQGtHSgyyfp3E62cNWTUj5F1sKYZARDhpFk,familiars,A6EDzUE9fE5p7hEC3nx1vibuGS92YGex8pgq9iS8uTUa,meteoradbc,1790206893,0.00005605,,56053.89,56053.89,0,0,9773.25,9773.25,0,0,0,0,314,347,314,347,,,30.36,30.36,0,0,0,1,,1790216478,0,0,0,0,176,177,176,177,
1790216456,HiX2Qrwmym8L4yt1SYxp3ehSr5QMtUJ4geqeJUdcpump,Business,31NmB7qKbmiVvRHyAw1wsi5XEEyDoBVUBKhNLuqwSTPc,pumpswap,1790206938,0.000002869,2807.87,2409,2409,0,0,91900.6,91900.6,0,0,0,0,877,721,877,721,,,-93.95,-93.95,0,0,0,1,,1790216478,0,0,0,1,693,519,693,519,100.0
1790216451,5Yuw8pQAdiNxa7KBhRHvJ1Cn9jbx5t5fNfw8PMaMppBh,UDR,7siXZmKdwYRW5gXUHanyHtb42ha11HgMQCkoq4TwYy1r,meteoradbc,1790206513,0.00005727,,57274.26,57274.26,0,0,2121.95,2121.95,0,0,0,0,73,38,73,38,,,17.29,17.29,0,0,0,1,,1790216478,0,0,0,0,4,2,4,2,
1790216450,4PmAcUb8eCWRpZukypfMePcTqtm7pPXWcW45Udw39u4A,goon,7f7WN5uTVgm7wGjTAoRerfy99zZwvEV2Y2cnpkXyAvge,raydium,1790203916,0.000008806,8963.65,8807,8807,12.27,1005.61,981856.32,981856.32,0,2,22,22,6224,5430,6224,5430,-0.34,-4.75,-81.87,-81.87,0,0,0,1,CPMM,1790216478,0,2,11,21,2615,2395,2615,2395,99.9999999622009
1790216453,B2J1abkD18a5VrP2yc8XbJQ5BGDXwsRu9vWAjM1piEv8,Computer,8Z67KtuJXMiWjSyubve83mqhAVT5Q5XRi7Fn7BJMwSbr,pumpswap,1790209280,0.00003271,14957.21,31917,31917,2214.68,29828.71,774419.12,774419.12,19,17,328,252,6977,5855,6977,5855,-7.33,265,-29.95,-29.95,0,1,1,1,,1790216478,18,19,174,162,2384,2189,2384,2189,100.0
1790216456,Hc7zFXMbe6RVhHhoUe82kap1iCjVHPXHxAYfs5frpump,poopepe,3xhauU19rewJq2j35psthQoZruENN2NJsLkxCD33DPD2,pumpswap,1790208918,0.000003064,3504.68,2997,2997,0,272.62,2060079.08,2060079.08,0,0,3,8,5798,5299,5798,5299,,1.06,-93.59,-93.59,0,1,1,1,,1790216478,0,0,3,8,1644,1435,1644,1435,100.0
1790216451,7T3XGNziCNwgiETftmQPW1Qj47KfVQyvZj7YQjrgE4K7,GETF,1GosW12AMzqoenq6FmaQdF8X8TCLgRAq19TBY34krNd,raydium,1790208542,0.00007564,23482.18,75645,75645,115.43,12105.87,115346.36,115346.36,0,3,95,65,778,545,778,545,1.43,-17.65,91.84,91.84,0,1,1,1,CPMM,1790216478,1,3,56,61,465,357,465,357,
1790216455,H3MfB5wk9zks9CV8GTLDALCG3DWGX2CTyMrPeURgAz4z,GF,7iiehNdT1Rp8yjufDNiVrkzrdJutbKWZx9sEUGaDxTmZ,raydium,1790208211,0.00007727,24185.82,77273,77273,4689.81,7128.74,34444.88,34444.88,40,29,92,79,318,351,318,351,69,122,56.95,56.95,0,0,1,1,CPMM,1790216478,22,24,65,57,163,125,163,125,
1790216452,8mqcd11jFaXegrWYQSMQkBMNjo8aXBseKrdQENPGpump,PUMPY,2C22q8wkAqb1Uh5bTmBi7utxh5F7Xgup2iBa2e5K1u14,pumpswap,1790210313,0.000004994,4350.5,4501,4501,500.13,15252.42,157005.56,157005.56,1,8,174,245,2041,1783,2041,1783,-13.88,-67.27,-89.45,-89.45,0,2,1,1,,1790216478,1,13,103,175,869,929,869,929,100.0
1790216453,CvUX4G2tzq7J3ECmNvWZLayZYV6KpgQp6SJ5K8Uvsu5g,parafactual,8VHKSU5pij3V5DVKFQv1WceEzwKeZQpSZiCh9rja2G6N,pumpswap,1790207810,0.0002963,50777.85,279277,279277,6563.44,281957.21,1739164.02,1739164.02,37,49,1891,1595,12177,10679,12177,10679,1.92,4.57,542,542,0,1,1,1,,1790216478,42,44,923,858,4248,3686,4248,3686,100.0
1790216456,J1GRFyyw7AkGMDEqn3YF6A4LE3BQrmzMM1XpnKkTymLC,ELVARG,E18oGSyQRuM37Z6UQDNjA9ntFbjwBU9eqebLKteEAEKs,raydium,1789767445,0.00001376,14173.27,13770,13770,0,279.73,6580.4,39061.25,0,0,2,4,34,33,271,269,,-8.88,-24.56,-62.21,0,1,1,1,CPMM,1790216478,0,0,3,2,22,20,144,125,
1790216450,3tzkdxJ1qVCaPAuWmd8FjRFKUbwMYpLUAq5gg4Vopump,UNTXD,B1zosT5SqjsEGRSU1cGbSVJrkVYL9zzFXDa9cmZWRhZt,pumpswap,1790207523,0.0001463,35399.49,143211,143211,3401.64,71572.24,1568703.76,1568703.76,29,15,799,492,14202,11885,14202,11885,6.45,15.95,207,207,0,1,1,1,,1790216478,32,15,394,321,4664,4034,4664,4034,100.0
1790216450,4mu1jmEsRHwjAESR1D81H9yYFwbBqvs5XfpSqSi1mtC8,poopepe,Cz4ofWNfFb1PLxpTwbT17r1R5AoCH9YDGygPyQ7PMYSE,meteoradbc,1790209461,0.00005292,,52920.31,52920.31,0,0,3011.48,3011.48,0,0,0,0,83,90,83,90,,,22.59,22.59,0,0,0,1,,1790216478,0,0,0,0,67,68,67,68,
1790216456,J6QTngAJdsRnVy9h3t9BqUxT7Q4EcRv3JjCwb6Cmpump,CHROME,5YwU5AiPcgspZq8tx9oJpmDysszTwmBGnukbQ38m5PTU,pumpswap,1790209046,0.000002260,2439.71,2228,2228,0,0.19,721185.57,721185.57,0,0,0,1,10753,6897,10753,6897,,0.17,-97.28,-97.28,0,1,2,1,,1790216478,0,0,0,4,5236,5228,5236,5228,100.0
1790216456,axMyMagH81BMfeDGaii1yZbt2N2QVgSKkZaZ8NCydZH,SOLBROKER,2GozbeCqiV7oqgD5FwcjHCGwhj2v81QBNdz5uDUAkN7R,raydium,1790210950,0.00002030,12977.7,20303,20303,358.46,15302.61,114999.93,114999.93,3,1,132,118,936,816,936,816,9.07,-48.5,-56.31,-56.31,0,0,0,1,CPMM,1790216478,3,1,89,102,575,509,575,509,99.9999999976154
1790216456,JCWZJNhsZfZYef7UmX86n3m4GYzCy4cmjuvJxPe2pump,ROBIN,8DSXoPZCum4MTDY7qkeBQsjrHVaTycWzkDuqmNyqLX51,pumpswap,1790210946,0.000002054,2086.6,2046,2046,0,90072.79,166507.21,166507.21,0,0,1406,3130,14259,13430,14259,13430,,-99.92,-95.7,-95.7,0,0,0,1,,1790216478,0,0,432,2136,2509,2235,2509,2235,100.0
1790216454,E2rTYWpcD8MS6Bg36VYuE2CNsRP4ugYQchLxFvY39Cws,Trader,7pZusSzceyWSnCwxRc3Bf4TZvTCfPjAaRcgiPKm2kxjt,pumpswap,1790209917,0.0001176,30192.43,109612,109612,11400.73,134646.51,712115.13,712115.13,94,68,1174,859,6158,4636,6158,4636,7.24,236,148,148,0,1,1,1,,1790216478,62,69,615,539,2420,2050,2420,2050,100.0
1790216455,H84WaLY2dkqpc5ujpLHdmwLQzPPz4bsdGsgsK6pxeQBL,FAMCAT,k27Z643KMQUigyqwerY4z9QDnhXzwrpAmuowK4qjjEy,pumpswap,1790213452,0.00004094,16312.52,39298,39298,3990.34,177000.27,177000.27,177000.27,60,27,2309,1825,2309,1825,2309,1825,35.25,-12.08,-12.08,-12.08,0,0,0,1,,1790216465,49,29,1086,938,1086,938,1086,938,100.0
1790216456,J1b2GWs5HENy9LyDNgm7mAYoFCxZeLFnBUHYX1KJeNT2,WIGGA,2rt3AqiCQUUr9kmhRVSHpYpQzSJTNk3y9Uv3UrhfbJGM,raydium,1790208087,0.0001898,39393.33,189858,189858,7.73,12930.33,171483,171483,0,1,24,65,523,711,523,711,-0.08,-35.68,276,276,0,1,2,1,CPMM,1790216465,0,1,21,40,263,199,263,199,100.0
1790216453,AisM5uhzVWD5nLWT5Tg93UxWcHHXCv91N14fSj332ttj,FIRE,4Eb9qkowfLEP4eGcUvyMW9UYQf1d3qTrdW2dkJEFtbVD,raydium,1790177348,0.00006591,27671.57,65915,65915,601.26,6014.56,53838.51,273043.7,4,1,62,22,399,246,1802,1421,1.1,-22.16,-53.98,40.51,0,1,1,1,CPMM,1790216465,5,1,54,20,190,132,858,679,
1790216450,2jyKFuThV7NEVGgijhnBhk7EzCgaeUd6Sj3uBhxCn42Z,INTERVIEWSKI,HphAgLqcR85VCNF1XQER7yLc12jHpFt4jtxuPSXjpmCq,pumpswap,1790213837,0.00002759,12916.65,27599,27599,1236.29,41996.27,41996.27,41996.27,17,9,591,458,591,458,591,458,10.45,-40.59,-40.59,-40.59,0,1,1,1,,1790216465,19,10,368,305,368,305,368,305,100.0
1790216450,2ehUrYoFpForVNHnsMzdtPKiSBJV8YVSCqXbyL3Bboxq,DotFomo,FQLuhyeLeLQNZLPvcwN3RABYUB9W44sPwjqpHMRWmCd6,pumpswap,1790209649,0.00002512,12386.07,17178,17178,1918.91,44763.17,283602.22,283602.22,17,13,496,493,3164,2635,3164,2635,8.49,-59.74,-47.07,-47.07,0,1,1,1,,1790216465,16,14,256,369,1275,1127,1275,1127,100.0
1790216454,DF9oBsUXmzpLHD39Z2ep8A3FoajL9QhNL4ETfqz9pump,fomocard,CNFHMW6cr6LgzBnc9CmMX5JdiKYcWq2pd2zhRtxG3zuF,pumpswap,1790212292,0.00002429,12066.49,23409,23409,141.38,69845.57,89797.28,89797.28,1,7,464,622,782,1019,782,1019,-3.34,-63.03,-49.58,-49.58,0,1,1,1,,1790216465,1,8,332,357,542,530,542,530,100.0
1790216451,7WrA2qXv5p6WAT7JBWGm74UjGv7u3v41stJwP4KUpump,TICKER,9kCt3MtNZCE12UyFcH2CXKBWsL8pd6ZmLkwVn8f3gFqj,pumpswap,1790211244,0.000002956,3011.93,2896,2896,0.3,13404.8,498326.85,498326.85,0,2,152,356,4920,4498,4920,4498,0.23,-89.74,-93.6,-93.6,0,1,1,1,,1790216465,1,3,102,294,2234,2001,2234,2001,100.0
1790216452,A8dyAYXULHXBbHanGeGLuro8f2uhabp7WhrwmaNpEYW2,Sydney,BPGiixCKeDfqi39i3pXwhhhSCkJaCw3PB2D9ZFHr4T6A,meteoradbc,1790212560,0.00004463,,44637.51,44637.51,0,0,7735.84,7735.84,0,0,0,0,122,199,122,199,,,121,121,0,0,0,1,,1790216465,0,0,94,129,94,129,94,129,
1790216455,GksHpLErGFHm48LtztrTpo97ASQAWLgvomv1Rvxnpump,ROBINJEAN,6eNKdCFSQWDcXxL9FekzstX3DJZJNDGfSL3ScojY9KvG,pumpfun,1790212557,0.00004737,,47378.59,47378.59,0,0,9801.96,9801.96,0,0,0,0,6,0,6,0,,,1360,1360,0,0,0,1,,1790216465,0,0,6,0,6,0,6,0,
1790216450,48DZQAwX1LgwWqH5nCN7xsN3Psz2uQLF3X8GbZ8726sT,RASMR,FA7N6WxdWh3UwXC4kar5P1hc1bfPBRGirfn9oUxMqPMW,fluxbeam,1790212602,0.001442,1427366.06,1442020,1442020,0,9235.06,10227.64,10227.64,0,0,279,1,309,1,309,1,,443,900,900,0,0,0,1,,1790216465,0,0,21,1,21,1,21,1,0.0
1790216453,AzuSnkWn3iruycsPQRLhSVkK6SpZtYJgLtxN2Hm7rKuW,BNBS,Cyd2afQLNJEHoZVJkb3ZHFyedkVduAMMeSgwcPXkTbzh,pumpswap,1790212551,0.00002260,31679.02,22601,22601,71756.38,618255.04,662626.46,662626.46,135,139,3189,1777,3760,1919,3760,1919,22.79,61.17,127,127,0,0,0,1,,1790216465,45,48,1711,54,2060,56,2060,56,0.00000000109556325877729
1790216454,EJC5FTS7ZPacZwbDer4G2BmEK1bVFV5ptK8UqKMRpump,sigfun,2ewmgmXXKw2UCPn4meA9mKtqdZj3yK1UnPvJwtLBD7YF,pumpswap,1790212470,0.000002428,2449.42,2429,2429,0,21.01,126348.85,126348.85,0,0,1,11,631,709,631,709,,-1.92,-94.87,-94.87,0,0,0,1,,1790216465,0,0,262,298,304,302,304,302,100.0
1790216453,BZ7jCBES3SqbZuTwYpRCZYoYWtYRmRzvEJQpmvKJiMjk,familiars,FRuaidYRDJzirzEypdSNrexMD17snKfwjcp5SRjqnNdB,pumpswap,1790212340,0.00009463,0,94631,94631,0,1988136.98,3600568.66,3600568.66,0,0,1251,1015,2270,1845,2270,1845,,11.74,46.7,46.7,0,0,0,1,,1790216478,0,0,394,36,462,41,462,41,0.000000000430665446822985
1790216456,HXc5XKie1d2dBzK2wkPnp8pEDqArxVGW3fuxQK4GNqxX,RASMR,5d97Wkzk9xr597MLHjCkNTNPnyN5rstDPZVnGAFoabEK,meteora,1790212074,0.00003398,54.06,33987,33987,0,99428.98,2087859.48,2087859.48,0,0,215,156,5709,5086,5709,5086,,-6.13,247,247,0,0,0,1,DYN2,1790216478,0,0,1035,72,2076,77,2076,77,0.0
1790216456,UpBBfyC75u3kxDGWmmmW2yauk9YY3CqZhdt1KUDkids,SHARTCOIN,82BHvVSeHgcGNtiH8fGTaYRsKbbjF53beAZp8LCATXsc,raydium,1790213669,0.002028,639626.22,2028532,2028532,125633.43,2748215.43,2748215.43,2748215.43,309,220,7249,4949,7249,4949,7249,4949,-3.25,667,667,667,0,1,1,1,CPMM,1790216465,239,154,3059,1962,3059,1962,3059,1962,99.9999999995115
1790216453,AgdKBzjAnJsKeXZir8XZgqcRDALRw7jyTCDLFypK7X1Y,SSM6900,9snXwjzutswVE1eEyFjadX9h7nzinZtef3WTZtb5Q4K5,raydium,1790213745,0.00003099,15804.43,30995,30995,1909.69,161373.07,161373.07,161373.07,37,10,1339,1176,1339,1176,1339,1176,-6.67,-29.42,-29.42,-29.42,0,1,1,1,CPMM,1790216465,15,31,589,702,589,702,589,702,99.9999999998661
1790216453,AitkCAt1CKd89oFEKC9wFDjopy9x4hGXhu6dsT6ypump,TradeTeeth,BbD9t86Q3emdHaLkVWHuP9UBHBBwSqwjd64PzYVznos6,pumpswap,1790213184,0.000002803,3265.22,2738,2738,9.22,2419915.64,2419915.64,2419915.64,1,1,6459,5942,6459,5942,6459,5942,0.68,-94.13,-94.13,-94.13,0,1,1,1,,1790216465,1,1,1949,1686,1949,1686,1949,1686,100.0
1790216450,3NuTHBjsuHRrphECkkCiyws7qT8hfVHd2BFdrMqYCMrp,CP,HHtHFMeUD4G8iuskypVWqpE87s8wr7hhD1hvuhG7Lfn9,raydium,1790050874,0.00004357,19042.82,43572,43572,470.29,4367.78,14460.05,41035.2,4,0,29,25,111,91,289,327,10.62,23.5,-20.16,-25.94,0,0,1,1,CPMM,1790216465,2,0,23,21,72,61,136,148,100.0
1790216455,GaJH2YnEL9Tez7WjWVus68yBm9pgibmaFB7jzp8FbFrU,MUSEINU,7jpH6Ljr1g5x3XUgvGYDZo4WnBg41riVwxNzyTAzcsjH,raydium,1790212713,0.00001697,12083.02,16973,16973,1015.68,245317.42,319271.16,319271.16,9,10,2491,2464,3247,3104,3247,3104,3.56,-66.67,-64.56,-64.56,0,0,1,1,CPMM,1790216465,10,9,1246,1356,1462,1404,1462,1404,
1790216450,2E7oLA2vejYi8VFXgxbRrr1YaAur94MpQbfswnLuLgeV,CZBUILDER,CK8PtUtY47t8xd8jdxfPGC4eJHjSryS9w5zLcwTupNNT,meteoradbc,1790214223,0.00005662,,56629.21,56629.21,0,5553.97,5553.97,5553.97,0,0,227,197,227,197,227,197,,33.98,33.98,33.98,0,0,0,1,,1790216465,0,0,143,126,143,126,143,126,
1790216454,FBtFhV1oydVyzPPq6EvW6n4HpN7tnmZu9VjenN8UEkjL,JOPLIN,C7Pech81bhyoTUefcryCnwReh3bPQysHyHqMEvhsNbS8,pumpswap,1790214242,0.00002202,0.01,22028,22028,0,2241858.07,2241858.07,2241858.07,0,0,4944,2902,4944,2902,4944,2902,,59.44,59.44,59.44,0,0,0,1,,1790216465,0,0,2132,119,2132,119,2132,119,100.0
1790216453,BWBSiJv8NLKFbCsbjwtUgXc9AXPa8jDoS6HK2hLJ5y25,BANDS,A6e15a8wg7Gaj8HoZ8rvAaAGi8VfVzGXW3BT5PXazgfJ,meteoradbc,1790214318,0.00005549,,55493.26,55493.26,0,16302.55,16302.55,16302.55,0,0,331,436,331,436,331,436,,217,217,217,0,0,0,1,,1790216465,0,0,109,105,109,105,109,105,
1790216454,EGq4doWpfCEcHtjuHRAfb2fDqvQoy2ySn43uVq2rVYbc,ARGUS,ADtoZWJL1Hu8LX9ETp6z4pnxnjSEdMZ3TgzomZJ4ThLe,pumpswap,1790214253,0.00005426,0,54261,54261,0,761360.45,761360.45,761360.45,0,0,2659,776,2659,776,2659,776,,345,345,345,0,0,0,1,,1790216465,0,0,2061,53,2061,53,2061,53,0.000000000985706013177204
1790216451,6eiD6gTU8nwDN49kYGYSUnrRD9sF9WNZ3UQN53g1pump,SOLCLONE,HfAKKzJSdncpze367Zq3uc3v6dp6oamotKxXK3FH7gBW,pumpfun,1790213534,0.00004723,,47230.68,47230.68,0,9771.36,9771.36,9771.36,0,0,6,0,6,0,6,0,,1360,1360,1360,0,1,2,1,,1790216465,0,0,5,0,5,0,5,0,
1790216456,J8xTWu6rqCbxpnGjX6GuzSCJ1Su9hPxi5wiGisjtP22K,up,BE4FMb7bodXjbLUFjxDFwEdAPeLRD7411GUAqkRRrgwD,pumpswap,1790214056,0.0001766,41877.31,176423,176423,49652.99,1193833.52,1193833.52,1193833.52,466,409,8598,7127,8598,7127,8598,7127,-31.64,193,193,193,0,1,0,1,,1790216465,389,381,3587,2934,3587,2934,3587,2934,100.0
1790216452,A47VHVMpaSAC2A5kCAu2pefzc1VvBr2dmzWEPBxgpump,GHOST,5gvp3PcXhV7bRczyk76LSfKJ1uthBGq9NFu3cG6em53G,pumpfun,1790212211,0.00002470,,24704.3,24704.3,3737.86,30510.81,47531.09,47531.09,100,50,730,381,924,548,924,548,24.43,369,554,554,0,1,1,1,,1790216465,55,30,268,170,373,258,373,258,100.0
1790216453,AxZYPsQc2tFUWCvWCUd6sR2FWSJ8huqJbEuexmqXvGXo,LYSIOS,9Qsq4HM1xnqtUH5xfCqUnKtDZX1VAvAPi9NV1PS7iedL,pumpfun,1790211670,0.00002885,,28853.97,28853.97,1424.16,28584.87,68746.37,68746.37,19,5,279,217,649,449,649,449,14.78,24.73,693,693,0,2,1,1,,1790216465,17,5,179,159,385,282,385,282,100.0
1790216451,6CJ92jwMXTJsjmXdh5TZgPbbMwyWdSG44hRUQ7kwpump,MINESTOCK,BVtyndDfDGdmB1WKJnAfwKg2JDabmmfHeSh5LK6Xy9zC,pumpfun,1790215472,0.00003264,,32645.04,32645.04,7111.02,42244.04,42244.04,42244.04,104,62,464,326,464,326,464,326,24.59,862,862,862,0,1,1,1,,1790216465,96,61,355,230,355,230,355,230,100.0
1790216454,FPiSWxP6he8Q4WWAgqNaW62rvxfxQzwmDBGwdkrsSTNK,FATPIKACHU,4dPWMNCL2Zqn8cwnti8ydsjbFTfUSnapGkSPz9bQUBfZ,raydium,1790209660,0.00002137,12947.6,21378,21378,445.06,18429.21,68174.34,68174.34,2,8,127,92,468,376,468,376,-12.24,-26.66,-54.61,-54.61,0,0,1,1,CPMM,1790216465,8,8,67,74,245,263,245,263,99.9999999970489
1790216455,FeNTYptNcic6CuFiPxjrd8NnaAmguhDwdhs6ZbHvh3re,Zen,2fs8WCBqx5SbRckBDUJQtEfamNN8nb3fKyFXdjmKbWEW,meteoradbc,1790215643,0.00004223,,42237.59,42237.59,0,11527.57,11527.57,11527.57,0,0,228,284,228,284,228,284,,142,142,142,0,0,0,1,,1790216465,0,0,102,107,102,107,102,107,
1790216453,C5WrBK9HvzEJ4CRagT7RYhtH6FdszB6Z6FQwrf3JgZzG,zen,8EGehnUUv3A9TMKcmceEwmVqbpXdEnwuczurpD6ztddY,pumpswap,1790215714,0.0001116,71013.73,111649,111649,526848.19,1436713.97,1436713.97,1436713.97,1390,647,4113,1868,4113,1868,4113,1868,138,712,712,712,0,0,0,1,,1790216465,891,98,2133,118,2133,118,2133,118,
1790216453,DCborDQ2RjUJrCSNPNq5wjv7F1xMX8idwMntK1K4KBnM,zen,zgd9RR1SoFK4z6s15xdmmjJdu3xEjydrcMCoaWYsoms,pumpswap,1790215446,0.00005685,19869.77,56851,56851,88726.29,320768.89,320768.89,320768.89,1430,1315,4747,3605,4747,3605,4747,3605,-36.76,22.28,22.28,22.28,0,0,0,1,,1790216465,871,805,1924,1522,1924,1522,1924,1522,100.0
