ts,token,sembol,pair,dex,pair_olusma,fiyat,liq,fdv,mcap,vol_m5,vol_h1,vol_h6,vol_h24,al_m5,sat_m5,al_h1,sat_h1,al_h6,sat_h6,al_h24,sat_h24,deg_m5,deg_h1,deg_h6,deg_h24,boost,n_web,n_sosyal,n_pair,etiket,gt_ts,alici_m5,satici_m5,alici_h1,satici_h1,alici_h6,satici_h6,alici_h24,satici_h24,kilitli_liq
1790274258,91JFHKvHDKaKj75UomZRdUuqRyjHZVRMEhdsL6SwAdjG,CUM,DeBtFGfKfCYA7kD2HgbSHmv4Ck8WrRku6uRv1vdtgPvM,raydium,1789022118,0.000006354,6930.91,6354,6354,0,0,129.57,4561.33,0,0,0,0,5,3,62,45,,,-2.18,37.48,0,1,0,1,CPMM,,,,,,,,,,
1790274260,FLk6FKAN26m1FT4ucguwy3uHBMzLKcEu8KMTYD2Zpump,Stunk,8Tfvhwk6swWCjo7DNKrp89wWqrTdj6o9HBoDhfXT2dy6,pumpswap,1789150357,0.000004705,6405.32,4676,4676,0.13,1.79,56.88,68.73,1,0,2,4,5,6,12,23,0.46,-0.1,7.3,6.41,0,1,2,1,,,,,,,,,,,
1790274260,DrHDDvxdmLEpb4d1DiCgiAnLNATiw2MC7EEuiyqfHGpg,minecat,6AYjEjwzu2AvHVjQRvYXdm7c1RReSdtSicBCQHAPFAjH,raydium,1789146234,0.000008870,10161.87,8871,8871,0.86,0.86,299.73,1710.62,2,0,2,0,20,4,48,21,-0.16,-0.16,3.81,-34.35,0,1,1,1,CPMM,,,,,,,,,,
1790274260,GJnF3R7QXZdquYEeCFUE5YJuSkR9wdL9B3ojE5bNpump,Cupsey,8KeSrh4fKnDsDzRExi2BH3cBQSWPLU6Kd52or6xgSscq,pumpswap,1788985996,0.00001962,12545.99,19059,19059,0,0,698.39,977.13,0,0,0,0,1,2,4,5,,,6.76,10.15,0,0,1,1,,,,,,,,,,,
1790274260,GJRxYW8MiEPhJztdh41EXsuZvNQj7sJZRnuKSrTBpump,aicate,FxKhr8JP5Dd9BKbKmG3dVc7f3QDC5BeUFzZghFTygcHj,pumpswap,1789323870,0.000002612,2698.61,2548,2548,0.07,1.3,62.03,82.77,1,0,3,4,11,8,14,17,1.71,-0.24,-0.84,-1.88,0,1,2,1,,,,,,,,,,,
1790274256,4775QEyTS7ECpvhbeEg1a5XUjpK6CtEJwRpw6vvwpump,ニーナ,F7Ec4mc9RcRGYFEyHB1gFxJXeGsCo87dELpXNDKa4JZA,pumpswap,1789318876,0.00002433,14212.88,23652,23652,0,215.09,4316.86,16000.85,0,0,1,6,51,44,222,142,,-5.44,-21.62,18.89,0,1,4,1,,,,,,,,,,,
1790274260,FsEQGePjwwnH3iJzRLekPNMqMdYZLi5L2oCLsKGppump,Catez,aKBt61bhKkHNYUBwrvcWmj3iJJNujLkTqcknHEhFFnw,pumpswap,1789410723,0.000008779,8733.37,8495,8495,2.11,4.21,6.17,46.63,1,1,2,2,4,3,7,13,-1.22,-0.48,-3.47,2.99,0,1,2,1,,,,,,,,,,,
1790274255,2CFiKwy5ATZZQkjrVtrvXPFaa5WZddv2uJ25Acs8uz6J,AIRDROP,6MPGodFxvn2NrtXZyyVt7stm7yyNmz3aJZLLjM1AabPA,pumpswap,1789412586,0.000003217,1853.16,3112,3112,16.92,54.03,153.74,848.14,1,0,3,0,6,9,17,34,2.19,14.52,9.65,-45.41,0,0,2,1,,,,,,,,,,,
1790274259,DYQTJL5XVRyv4ghRRt4CDGnYF5XhKiHHG2WqoKfzkgYN,BASKET,4ebUKdxqjVWcNa1vzJP3JPiR7G1y9BFHhdtJCWDk2FYV,raydium,1789423680,0.00001757,12273.03,17388,17388,0,75.29,90.53,110.26,0,0,0,1,2,2,2,4,,-1.05,-1.52,-1.79,0,1,2,1,CPMM,,,,,,,,,,
1790274261,vetrcJ3GV7aL4hne2zVjtZqZAmZppwv6tD8KWp1pump,biketrump,EB3ngRRiAJwWgaamiAPy2qsh1qNcSth4HqWZtzAQKxNS,pumpswap,1789452745,0.000002287,2413.3,2183,2183,0,0,0,0,0,0,0,0,0,0,0,11,,,,-1.11,0,1,1,1,,,,,,,,,,,
1790274255,14B28DLfB4S9J7yvyBdhaBoAhqZp3ikxcJKES8Nab6Ni,titcoin,5nGHouF4RZG5cNB6ZoqHB4dvxaGPHsimR5FobNjpjT1J,pumpswap,1789448583,0.000003623,3745.54,3459,3459,0,20.41,21.92,43.54,0,0,0,1,0,2,2,6,,1.96,0.27,0.13,0,0,0,1,,,,,,,,,,,
1790274260,E8fsmahzoa4WGZ1dCnGBTzgXRxz9T7nC17KWGkzGxray,LYNKS,EaYU5egBW8SEvQNEuxDy2tLkENXBpZ96Hm6JhNLdZXGZ,raydium,1789480981,0.0002604,54059.54,260447,260447,340.51,8018.25,58667.81,262436,3,2,40,37,297,236,1143,1016,-1.42,-7.73,-13.84,2.73,0,1,1,1,CPMM,,,,,,,,,,
1790274256,49VZNZqvkcsGajJ8k9xrEzDZTLRDV5rZn9YYthg53czn,EGGU,H8S3Xm93y6ufMjHJue7XQHh6sAQ8SzQvJGwwNYdRpeCq,raydium,1789450079,0.00005467,21471.38,54674,54674,20.3,437.01,1338.74,3727.5,0,3,26,29,91,111,188,231,-1.37,0.92,0.43,0.05,0,1,2,1,CPMM,,,,,,,,,,
1790274259,DiPGXNtHxipNrixTfrQPBA51GFLtHdQvBJ8Moj8m6aNP,TOELY,47ibtpsJiCXjj2uyENj3wJUomaoDS8Y4Tdj2x6e3nMea,raydium,1789443831,0.000002813,4834.69,2813,2813,0,0,2.98,3.11,0,0,0,0,0,1,0,3,,,-1.93,-0.93,0,0,1,1,CPMM,,,,,,,,,,
1790274256,58NKqgGPUgEPNq5ergdiiUBw9rGPcnX37wUTLYe2nKut,feg,FA8KKkhiyVKBvofjWpfHQqbPFtvSymCPVwBzFY8YMxry,pumpswap,1789479876,0.000003082,3228.57,2994,2994,0,0,3.13,16.92,0,0,0,0,3,2,8,12,,,3.18,2.42,0,1,2,1,,,,,,,,,,,
1790274261,H7Y3TzFyyfPBnn5Dpwa5m79NdgDQnFS8TcAtQe2Tpump,ALLCAT,FRbbs4H1UkpQHEYJUt3Lwqg1rx8wQxYan12SgFxVj5Rr,pumpswap,1789496538,0.000002424,2682.33,2387,2387,0,4.15,10.61,20.05,0,0,2,4,6,6,27,29,,-1.69,3.3,2.64,0,1,1,1,,,,,,,,,,,
1790274258,9CacTHqLYfQf6TD1z86A13RdgEfoiDDfKRAbjwMHGNAU,MUL,4DiRPZaRAN5bYBbsgUNFcYRAKftaA1kjgnRdZch64js2,raydium,1789496022,0.000004033,6080.77,4033,4033,0,0,7.03,7.03,0,0,0,0,0,1,0,1,,,,,0,1,0,1,CPMM,,,,,,,,,,
1790274258,9MBetPjhp7uZ4odThXNm44GTVaffoYBcmGpdda9rpump,TOELY,EErk5N1XarTuQxacRxE48Ljcs5WKzZrF1vHvRgSsk1sp,pumpswap,1789495984,0.000002416,2729.96,2406,2406,0,1.52,2.06,8.19,0,0,1,2,1,4,9,10,,-0.33,1.36,1.5,0,1,2,1,,,,,,,,,,,
1790274255,2pPPGoFjQtkFjGkwDDUfVofdgEUrFZEiU6D8SuedZupM,BACKD,76dgJVMiCnvZKaKSDxWJPgzZ9NxxZHk1Qc9LhQq6XCJ3,meteora,1789496266,0.0001794,40309.91,179249,179249,66.14,1636.21,26967.69,86527.06,0,1,11,5,147,93,486,385,-0.53,10.84,30.56,76.82,0,1,2,1,DYN2,,,,,,,,,,
1790274256,69fmNNTkyAfWSTG5Fs86cULWC3bBxLxkY4mM88Ptpump,CCOIN,6jCUxXKebHqHxFxJ2g3sTkEe4695PmT5n7VPCnQoKbdu,pumpswap,1789498042,0.000002767,2868.14,2639,2639,0,0,0,4.8,0,0,0,0,0,0,1,1,,,,-1.33,0,1,1,1,,,,,,,,,,,
1790274256,5ibhibvF2VHnyizcrrcZp3PM2zrttosvibomMtex8tSK,PMARCA,7CC5fP8gasN5UXvv6MD4ZvJVRVNwigbi8TCCqgckpdBn,pumpswap,1789519779,0.000002867,2926.82,2753,2753,0,0,0,4.15,0,0,0,0,0,0,1,1,,,,-1.3,0,0,0,1,,,,,,,,,,,
1790274261,bveCUi7gPHCKQWjc1ZgUf4rRSfkqsiUQeu5UuYoLooT,LOOT,713wkRbUeKcoV72yqSvVStjWoPtQanFT1a9ckzGfvQTi,raydium,1789534763,0.000003775,6071.52,3776,3776,0,0,7.89,7.89,0,0,0,0,0,2,0,2,,,2.03,2.03,0,2,1,1,CPMM,,,,,,,,,,
1790274260,ETrdKNbVXetLddQKAEn3W84aHQySF7N2Lk1tkx3Ypump,launchcat,21vYoEU41wsjUxBamzWP7yPfhuSgPKnPLnH8TcGYhsMC,pumpswap,1789558660,0.000002574,2548.14,2453,2453,0,0,0,9.57,0,0,0,0,0,0,1,5,,,,-0.02,0,0,1,1,,,,,,,,,,,
1790274257,7GPGqsfVK1gG88GuVEetrsVyDiikABTsj9B9aHEHpump,lockinu,F8sLh2baV3McR7VQorzdpcMzVAvE3sJovEeESe3oVGMH,pumpswap,1789560446,0.00002332,14971.17,22573,22573,0,94.84,243.67,3021.27,0,0,1,7,9,20,57,69,,-2.12,0.21,2.75,0,1,1,1,,,,,,,,,,,
1790274256,5NCATQ7HrMUnMa5cCzSkRtW6wu3oonsPftaWziafjTY6,BLUE,4pqUTykEaba56AxvppstvEHgKZwa1UMcmQ8B3KEDC8Mg,raydium,1789583510,0.000002617,4414.66,2618,2618,0,0,0,55.8,0,0,0,0,0,0,0,2,,,,-0.26,0,0,1,1,CPMM,,,,,,,,,,
1790274255,2eMoMqs194VxPHSWtCCzkBGqwCUbD4ZcqhecoGuh4tTp,casinu,CgV97a8rm9sKLFcZDbM2avuUA6NQE64pnBzDv7tLUPSA,pumpswap,1789582867,0.000004396,4405.12,4226,4226,0.19,2.78,7.94,20.71,0,2,1,5,3,9,11,24,-0.96,-1.52,2.9,1.73,0,1,2,1,,,,,,,,,,,
1790274256,52qkNpgTHcjuDYhKVcg6rJS4uYYtJHpDRcJoSdKqpump,PAIDDOGE,Bs7Ad8EhZb4NjfcsnewodG2yULXrvdNpLU4wgKJJ2sqj,pumpswap,1789583060,0.000003041,3763.85,3028,3028,0,0.13,12.65,16.63,0,0,2,1,6,4,18,16,,0.63,4.73,4.03,0,1,2,1,,,,,,,,,,,
1790274259,BXrbjRfUH35Y9fDxmHw9GambqVHZ6McmgfRXGqkzUjQr,BALLS,kuasvHwyBm31UjcgCQKLGQYJ5xZnsjpxWfSYZLHgduH,raydium,1789604407,0.0001304,35745.77,130456,130456,0,1145.11,14577.03,57533.05,0,0,11,8,115,92,425,320,,-1.31,40.66,-28.28,0,1,1,1,CPMM,,,,,,,,,,
1790274258,9QAiNWyJTZQBfgCXw63xMwZmPYerQpiC9myE2iZi2wgc,pumpball,FvYJkdxysRLNJTrUYz8SieGgetCnR1X25L84kHMfw8RH,pumpswap,1789607457,0.000004847,4406.17,3771,3771,0,0,40.72,61.73,0,0,0,0,1,2,2,5,,,-4.24,-1.54,0,1,1,1,,,,,,,,,,,
1790274261,Gwf3HKCCZfdNjcL6Q4ewcBRmHcD3KLtegc1uVZsNEaUa,QUALITY,DKb5YgJKgJbNVNGrLn5F82RXmdfwQNdkFa1qaqUbBaiB,pumpswap,1789604250,0.000003917,4107.67,3834,3834,0.9,1.38,41.2,126.83,0,1,1,2,4,6,24,22,0.89,0.3,-0.12,-7.21,0,1,1,1,,,,,,,,,,,
1790274256,3wrwK9CctFXYedMVBGYD6sWSTfXgbh2DGQAL3z2epump,fomocoin,2HfEvBEBALUyLbA7eaQcMGpBmBcMwNn6KJWjiCLy7oSr,pumpswap,1789625727,0.000002938,2944.72,2846,2846,0.19,7.89,12.72,67,1,0,5,5,11,10,52,55,0.17,1.59,3.71,4.11,0,0,1,1,,,,,,,,,,,
1790274261,GwGd8qHUppLbALrY3naxZv3TkJ3hSTZqMb3DXm8UfiKS,wif,EYDevwLR1wbMc76SnLpwKZ8qzAHtXwizwMiPe4PQhing,raydium,1789626212,0.000004193,6289.65,4194,4194,0,134.94,136.91,181.55,0,0,2,1,2,2,3,7,,7.82,9.65,11.39,0,0,1,1,CPMM,,,,,,,,,,
1790274256,4Cn3SW6zi7xF2he5zQa2toKCWt4ukW6Q8AvYFxpkpump,PAIDCOIN,EvtQqaAzz1e4eJyknvU2FoYa23eFYdGi34caP8hdTqRp,pumpswap,1789626129,0.000002425,2693.18,2348,2348,0,0,0,0.82,0,0,0,1,0,1,0,15,,2.99,2.99,1.36,0,0,0,1,,,,,,,,,,,
1790274258,8k4sBtEeK4pf26noKqApv8NBTnuSJcbdwpKYknk5PbAA,CALI,2i2iULr7UwK1SDRB17T5FUtiMnFQL7fyy7rh69brZihc,pumpswap,1789647179,0.002405,168208.73,2382695,2382695,5743.39,57081.52,439335.41,1190778.09,23,31,424,291,2323,2047,5845,5459,1.13,-14.67,26.75,127,0,0,2,1,,,,,,,,,,,
1790274258,9HHi8UsBb72e6xaoXwpsZDJ2jiC2h1oG8zE5ZQ5Spump,SADD,6qxUk4dHvc313RoQVNv3Q1bMV7hnnjHXQABRgtDCTKAH,pumpswap,1789645440,0.000002874,3477.59,2768,2768,0,0,0,2.19,0,0,0,0,0,0,1,4,,,,-1.25,0,1,2,1,,,,,,,,,,,
1790274259,CWxd4ydu9SB3QqWKX3brqtsA6YNFgA8SbgW3BF4dXwk3,Meme,AUw3G7HpQpy6aZkwHUVe4XGjM9hRTffyx9NxHLaYtpwr,pumpswap,1789645595,0.000002304,2343.55,2201,2201,0,0,0,0.22,0,0,0,0,0,0,0,1,,,,,0,1,1,1,,,,,,,,,,,
1790274260,EqNjNpgZkzm3p7zL1gXAVGboUX1kRcKZZJon1qxHpump,DeFlock,2eEqoKWxYUNKiDhPrwTBcXtoi9LgwCU1177oHcBfXDuX,pumpswap,1789670344,0.000004050,3807.36,3880,3880,0,0,0.15,1.47,0,0,0,0,0,1,0,2,,,1,1,0,1,1,1,,,,,,,,,,,
1790274258,9n8rBV1L917EUSVDa9KTX2uMxvPfKZxLLtwKnYs8pump,PAIDCAT,83X1pyFkuh2QEaKzeYeaKW5nhJiSkFfVqVUTgeQE2iAd,pumpswap,1789666818,0.000007457,6573.89,7359,7359,1.42,6.04,29.49,231.06,1,1,3,5,5,8,16,37,1.82,0.04,3.42,-4.37,0,1,1,1,,,,,,,,,,,
1790274261,Gx5B5XYscRpLo1dL8ukawRGGnAGSujN9mdLU6LNTp89x,CHAMELEON,GUxvpsdgDPJ4sqNrkuvzadr8UprZ6ms3e1T8mkbMS64F,raydium,1789666287,0.000006231,7382.83,6231,6231,0,2.97,41.14,6437.55,0,0,1,0,2,2,51,61,,-0.44,1.08,-54.68,0,1,1,1,CPMM,,,,,,,,,,
1790274260,F7CTvENFnkDJysMhaFFicDT2FwnbW2oasFZGG6WJnar7,STONK5,Yu7b2bVsMtvuJQTFihKmrxLeexFNo9LP8FzUo9psckr,raydium,1789668324,0.0002138,44468.18,211757,211757,242.71,2181.4,15934.89,97802.79,3,1,24,13,211,84,627,381,0.97,-4.19,-9.83,-24.07,0,1,2,1,CPMM,,,,,,,,,,
1790274256,3tsWePSJbNZj8UkwobCpdxqfQ6M8vRBaXVhnvjsgt8nn,UCAT,8nHykgEmYq8ahU8HCuRbHrsEb4aBcaP6aw4aqSoSBPKv,raydium,1789691669,0.000002888,4980.35,2889,2889,0,0,0,7.25,0,0,0,0,0,0,0,5,,,,-0.44,0,0,2,1,CPMM,,,,,,,,,,
1790274259,CswXhYT1neLg5au3APYyva64gr8krh5i1MSy6c9Vpump,NUTS,5Y2skKE5tT4TVyTBQbKrngvpy2bDKnksUALgabJvMGSj,pumpswap,1789691873,0.000002614,2614.16,2488,2488,0,0,0,10.09,0,0,0,0,0,0,0,3,,,,-0.33,0,1,1,1,,,,,,,,,,,
1790274259,CpcgnprGb6jMV5SY8oRuyALRByr9rNkYsdw8AVMCvdoN,OPENINU,3QaMeLw9VWaDqJW8r7kfhakUGA6fSs3BbMeBJtbGW1Mx,raydium,1789688329,0.000007971,8892.29,7972,7972,0,0,44.71,181.55,0,0,0,0,1,5,8,22,,,-1.94,1.65,0,0,2,1,CPMM,,,,,,,,,,
1790274258,Aw4i79Ju3zmPCMTxnqThykTZUXxPhjjUQJQzrWk3pump,HODL,3PTjUkycrAXVs4W1dqZbK6wjSUHCfDTvnyFyhWC2bEXe,pumpswap,1789692441,0.000003115,3334.93,3061,3061,0,38.73,39.76,87.05,0,0,0,1,0,2,0,9,,0.41,0.89,-2.29,0,1,1,1,,,,,,,,,,,
1790274256,3SWAsu3M9gMLfPW8BV6obPCZR872rkRGv91BAkWwbonk,INU,AC2tZhrszyaQiVAEFXPnYdLawZeEwwK7aCzJsLYixAh,raydium,1789733355,0.000003626,5443.67,3627,3627,0,0,1.85,76.86,0,0,0,0,0,1,1,6,,,2.86,2.68,0,0,2,1,CPMM,,,,,,,,,,
1790274255,2Af4nXVxiejEXFPbapcfwtXV7iVcjfk7Lg3DHvxEuQhp,BONKCAT,FpJTqPiuLkFXqgKQV8HkBaPoneEt6hoqtnwtWEfSBTHk,raydium,1789732129,0.00002137,15060.96,21373,21373,0,85.48,1802.82,11462.27,0,0,1,5,19,52,91,174,,-0.83,10.62,14.6,0,0,1,1,CPMM,,,,,,,,,,
1790274256,5ac6AKBMAiy1QZ4Y9uchbM1XgjuafgVWMNWB62pMsnbA,PACE,D6Ydb1T5mWYczky3V5YC9yKnx2kUE7EcRwctfDjCuZhC,pumpswap,1789756831,0.000002366,2439.52,2282,2282,0,0,0,0.17,0,0,0,0,0,0,0,1,,,,,0,0,0,1,,,,,,,,,,,
1790274256,3KM7dvpUk2Wm8qdXtZpBJHgic4bAaz1MTDHvUEjKpump,TIT,95XExVtMNeEW5NFajZwaL22Q1gPSzMoin864akzRCo7,pumpswap,1789807829,0.000009926,7379.98,9481,9481,0,113.03,782.6,1856.67,0,0,2,0,4,4,16,15,,2.36,1.49,4.04,0,0,1,1,,,,,,,,,,,
1790274259,CAKJYWCH5A8KhXnxojiYCNcYF6oUYuYHQm2ctixipump,MOO,2vKSmEnLyBYf1zNKUq5oXeCdmeGCJNt6PirN3zfEfYEm,pumpswap,1789806160,0.000003876,4064.89,3762,3762,0,0,18.32,26.64,0,0,0,0,1,4,5,9,,,0.56,0.31,0,1,1,1,,,,,,,,,,,
1790274257,7YBdUegeSkgrQ5wwqmqLRaNvV68nFTQcYCBcnn25pump,PAIDCLOUD,HzLMFNyczdMnJtJcucHfRhStrwssWvsGTDjG6SSBJE98,pumpswap,1789805935,0.000002278,2297.38,2145,2145,0,0,0,1.89,0,0,0,0,0,0,0,4,,,,-0.15,0,0,0,1,,,,,,,,,,,
1790274256,5qhC7FNXHzukSqREDE6tiu1S4uXnDSBQ7xuM6DoZKpde,DEXCAT,2ZXoP5fwXWX7xF39YM2VFQWsDJn2MtKRbBptG7SaaAYf,pumpswap,1789843350,0.000002306,2307.46,2210,2210,0,0,0,0.07,0,0,0,0,0,0,0,2,,,,-0.47,0,1,1,1,,,,,,,,,,,
1790274257,7RR3FJJ72tvkUB8Farh42to6mBwqYS1ts7RnVQR9zrSE,MCAT,Edz6htprLP6Q6kuUtup27dbUTyf6LKjYhiC4pqZ6pqmq,raydium,1789840815,0.000002995,4848.84,2995,2995,0,0,0,180.3,0,0,0,0,0,0,0,4,,,,-12.98,0,0,2,1,CPMM,,,,,,,,,,
1790274259,BT845WxZtv9qmmEiGXB9rueBi1LT1ViHr6gbYx142FFP,TOPCAT,4my19rfJCT6AAL56ai4ZGRtjFocF1nYts5kXmSFLfhvH,raydium,1789773111,0.0002776,53083.75,277609,277609,38.49,300.3,27801.47,68800.32,1,2,7,11,155,110,344,328,-0.18,-1.17,39.12,111,0,1,1,1,CPMM,,,,,,,,,,
1790274256,4cBCbqh7Ra22cLSZU1baMpHw4tLfu5Zz7isyx2fupump,PAIDCATE,8r76XGVKMyMoBfJ7pE1syhf7xvaeXtZ3Tt4vKBrm4Fx,pumpswap,1789839826,0.000003630,3672.47,3578,3578,0,3.47,35.66,99.24,0,0,3,2,5,5,13,20,,0.36,0.84,-4.09,0,1,1,1,,,,,,,,,,,
1790274259,BmnGRH8N1ZXoXQGsE8dgSege1b4PaAhD6bAnoWcSdpHk,KERMIT,2Wxh5hWsGnxdaM2eKFB8cDKwKA9nGtujMN2ntXRpuwUN,raydium,1789841840,0.00003291,16735.79,32917,32917,0,109.37,2010.17,5631.58,0,0,0,1,17,16,56,42,,-3.42,-8.61,20.78,0,1,2,1,CPMM,,,,,,,,,,
1790274261,tDaipedqjB6y4pzV2Mrgv44X1nd1pQGvVoHTZZB1aC4,BOLD,2UC5VpUMKU1ViqvQYEVjvwKoTRE9ZD7NGVLT89fShAHe,raydium,1789834620,0.000005776,6558.85,5776,5776,0,4.43,216.7,2013.43,0,0,0,2,6,12,27,45,,-1.47,-10.7,-10.23,0,0,1,1,CPMM,,,,,,,,,,
1790274261,HXRsjvuqkEwoAMjmjmwvnC2SDTV8Rs6jYwUGBorapump,PAIDHUB,57gMVFWMiaBoYxzrwCbXEGjd9k7Ub9XFa2tM4dm9VSpA,pumpswap,1789843441,0.000002448,2702.24,2380,2380,0,0,0,0,0,0,0,0,0,1,0,3,,,-0.41,0.28,0,0,0,1,,,,,,,,,,,
1790274257,77UzfKkqtgpf9MM9hEWkpT3bbZ64GdL9MToVAQ3ptWTh,XSA,9BvTYUy4SvcPazvcw8BbVmJcgRoRL76T545fprCzc4jp,raydium,1789843374,0.000007529,7996.08,7529,7529,0,9.75,927.18,1031.29,0,0,1,0,5,12,6,16,,0.38,-29.23,-31.42,0,2,2,1,CPMM,,,,,,,,,,
1790274259,DF3ofZo6P8hhx2p3cuY7Hzi9j4ctkbEDZLq9Q6uJDcnp,DERPCAT,2EDW3WsHcMjLV4HVPrcYu39RgXsWxwn8QTPRJ8k9E3JN,raydium,1789863416,0.000002982,5069.2,2983,2983,0,0,5.78,13.76,0,0,0,0,1,2,7,6,,,-0.28,-1.94,0,0,2,1,CPMM,,,,,,,,,,
1790274260,G9Cy1GrAj1NRsi9xYMGfgNQFZyYyEZZr66FNYGLnpump,paymo,JABTc3NfxiTWakuPxVBWRoRNksnL2uhZmamNGSbJpBZc,pumpswap,1789863531,0.000003449,3486.76,3290,3290,0,0,0.85,1.4,0,0,0,0,0,1,0,2,,,2.6,2.6,0,1,1,1,,,,,,,,,,,
1790274255,2A9iZvY8Cv4uWuUhxWYDgD4X3h4qCvXc1oNpfxUupump,NASH,7GvDaiwy2DJktfcETbySeWArQDADx2qTQbt1NZEh2ZwM,pumpswap,1789684364,0.000004131,3795.74,3894,3894,0,0,4.33,188.26,0,0,0,0,0,1,0,9,,,3.11,-9.38,0,0,4,1,,,,,,,,,,,
1790274259,DgAEy7sL4FWyqguDvYA5a3YzE2VnhTeL5iEjCi79pump,JEANTRUMP,C6EnKYSBVN22gXF6kmiZoJtLYr8mD3vQ53A5aYPR8Np3,pumpswap,1789861828,0.000002578,2904.69,2546,2546,0.31,10.35,29.61,68.23,0,2,7,5,14,15,53,41,-0.06,-1.22,1.63,3.01,0,1,2,1,,,,,,,,,,,
1790274260,E5AotUXMGAwrpZtpb6DhEVLhWUGPR9wnvwThNitFpump,Streamy,AaDQvYkg4H6BTanmyZiv4Y3XEZPfTLPxTh4ZqQiAsWm9,pumpswap,1789876419,0.000003926,3616.92,3644,3644,0,0,0,38.07,0,0,0,0,0,0,1,4,,,,-1.89,0,1,1,1,,,,,,,,,,,
1790274260,FKkDMWqFUTZcW6zacy9ikP5cdTb4dbXCtz3WkSyqpump,PumpPay,7SPYcUUC3JiQmg7pkptTuvt2er6r1PRbM91xZrRY8gxm,pumpswap,1789862007,0.000003103,3173.29,2968,2968,0,0,1.08,14.73,0,0,0,0,0,1,0,6,,,0.82,-0.27,0,1,1,1,,,,,,,,,,,
1790274259,C3b3fpyRWsJf3bo6vay2vo1bQ7CezwumZwTrP82Lpump,Tokens,Cc1EFpiwYod6rnj198HhVQn9vnMN73m1vxEHY8ab3994,pumpswap,1789849487,0.0001022,33763.1,92396,92396,87.14,833.98,19690.17,109767.61,4,0,24,11,316,172,1206,981,2.46,7.27,0.45,-53.18,0,1,1,1,,,,,,,,,,,
1790274259,D2yBVc2S2945vsZ8qrzx5DamFKgMY8qfmmnDMBB9tBn3,CURTIS,GiZ1rUBjJBTK3qcYhS8LMQfJbSwvHcbo3SSprpSe9LVF,pumpswap,1789892169,0.000002264,2450.99,2199,2199,0,0,0,0.16,0,0,0,0,0,0,0,14,,,,-0.8,0,0,0,1,,,,,,,,,,,
1790274258,8iiwv8kdi6LuVXM1WJSruorA1c1e1FybfuHuRn6Upump,JEANKITTY,6dNVLKASWvMSVR2dPWem5m4rfkBCE6nyo7CEpgzkH5Dx,pumpswap,1789891895,0.000002185,2257.2,2117,2117,0,0,0,0,0,0,0,0,0,0,0,12,,,,-0.88,0,0,0,1,,,,,,,,,,,
1790274260,EKtmPPLaCbEEKiwoHHtV7TsRsmPXs5CMGtQtZFSiinsc,Stamp,Bgf45Fjqeobgd5viMX8P8AfhiydRewEFKPd7nmcFNQRb,pumpswap,1789929849,0.0004016,84069.65,397821,397824,1413.2,7980.08,14619.65,109530.54,1,3,35,12,72,37,522,317,-0.85,-10.8,-6.84,-13.61,0,1,1,1,,,,,,,,,,,
1790274256,4gBUMKWQgGtDS3HgwYLZCytvzzNxr8JCE5gVRhj8pump,CATESHI,GDdKchK5DVPTYnGNhuQwLMEW4CVkw8Ndb9Vpyd7qeX8A,pumpswap,1789927941,0.000007271,6052.95,7117,7117,0,1.83,231.42,1394.37,0,0,3,5,10,15,49,54,,-1.9,1.31,9.04,0,1,1,1,,,,,,,,,,,
1790274258,Ak2dUwvkPPkXsH91J1i667nvxeKuzMBc4xGmFJGipump,BABYJEAN,FKsbbbeAfrLDrRExnRGMEfzbesGsMARxX6X7Gvdni8gb,pumpswap,1789929550,0.00001420,8733.66,13621,13621,0,0,84.73,121.72,0,0,0,0,2,1,2,3,,,-0.73,-1.05,0,1,1,1,,,,,,,,,,,
1790274258,94jwPm2zZUoMmz7gciMyqGubfsmub9Z4MUzs6WuFpump,bullcoin,96WopUR8tPBR8xqZdTKBvjU6hkU5UF6beRC6TKyMu6hW,pumpswap,1789929746,0.000003435,3361.66,3312,3312,0,0.09,5.27,54.22,0,0,1,1,4,3,14,20,,1.21,5.13,3.74,0,0,1,1,,,,,,,,,,,
1790274259,CfazX2UkF6LTDEPKtnHGHJJcLsL3ePRxAtq1SFoBpump,Toxinjak,D1dUYPTv3Hnm3uH2JGR4rEodeeekvQqm7ALBQQAFp2BK,pumpswap,1789950984,0.000002367,2533.13,2293,2293,0,0,0.36,0.39,0,0,0,0,0,2,0,17,,,3.02,2.11,0,1,2,1,,,,,,,,,,,
1790274258,8jiYr3g4TqbXnv9kAcuwHtkJbBK7thpaFyd6RUajeR1f,JACKJACK,2JNVFi4UvxjTJ6ghquWgUFCszoj4ntqQVEuFK62DmY4U,pumpswap,1789948705,0.000004091,4126.32,4000,4000,0,0.13,55.14,75.77,0,0,0,1,1,3,2,7,,-0.76,1.22,1.48,0,0,1,1,,,,,,,,,,,
1790274255,2bZcHQh55uKt48xosQUV1phqUfqAVzW2ku7a5e7Spump,WojakPhil,581yiHyBSDHNmWSWdSYRfNKZ2ZA52rzMHckHSTPe1DJ5,pumpswap,1789951136,0.000002395,2618.96,2338,2338,0,0,3.07,3.07,0,0,0,0,0,1,0,4,,,6.96,6.41,0,0,0,1,,,,,,,,,,,
1790274256,4PHwxC2YCQqgK67oX786PDVwVmP4oVFnaS8ukhxBriZx,Douchebag,AY6ciAg1SCPpGckfj9udPzQkR3gHhCt4G2T2ike9sRQC,pumpswap,1789972123,0.000002561,2538.21,2414,2414,0,0,5.28,24.96,0,0,0,0,1,1,1,4,,,1.2,-1.2,0,0,1,1,,,,,,,,,,,
1790274259,Cnfyns5wz7PJpnSr6x3Znmvpq7c9T5N9i5RshzppW3zT,STONKTOOLS,5BMtPuNzuuHLGVBuZS8Q4JHDu5Q63GhFbnGEenw8jCta,raydium,1789971536,0.000007204,7791.58,7205,7205,0,16.39,1564.63,5598.53,0,0,1,6,17,23,56,88,,-4.65,32.94,-36.06,0,1,2,1,CPMM,,,,,,,,,,
1790274255,2c1weSacxYkxF5xAFSzdYQXoFp3XcjimXyaGSioTnpRs,POPEYE,5AVBevqXHqAfXCpy29dQGgAVCSxojG3pqw4juFqUAPb9,pumpswap,1789970802,0.00003443,15896.51,33197,33197,62.51,1619.82,11848.56,46456.11,3,2,16,35,160,144,589,564,2.1,9.29,-46.22,-30.2,0,0,1,1,,,,,,,,,,,
1790274261,upM3w9ABWH1NpLZPRpKderwidng2eS5AwzqjpSRpump,JeanMusk,G9pFn6sWVf3MLcH6wxhR1TifTrLQHyuDf6jbL262PeVQ,pumpswap,1789971518,0.000002356,2504.69,2274,2274,0,0,0.45,2.52,0,0,0,0,0,1,0,4,,,1.07,0.35,0,0,0,1,,,,,,,,,,,
1790274258,AP5YnCZRFHayveJ1zSSWeGpB1Hps4v8pLJ6ASmXLMD6M,SUICAT,6YpUxTGXuNfqmkbJugPw14yT7oNahTv5udhGpXB4MguW,raydium,1789989184,0.00003607,20208.15,36079,36079,34.99,129.62,3482.57,15614.54,0,1,2,4,35,49,181,213,-0.88,-0.84,0.27,-10.33,0,0,0,1,CPMM,,,,,,,,,,
1790274260,FvMLDEUDKUr9C34e8Nynz5Aqfdk34a2RBKQxygLpfomo,FAMILY,FdYPSUq2Zrw9vJXkA8uZFVNhNcCvUUuAcSWWVk6MZZhU,pumpswap,1789994213,0.00002081,13517.09,20008,20008,0,297.58,4720.8,24281.05,0,0,3,12,107,103,492,443,,-0.77,-29.81,-59.8,0,1,1,1,,,,,,,,,,,
1790274260,EQFmAhV8Z8TQvY7rCvYmU6yJJF7KqryaxRWYhbT8VzL2,그록,Cm8WBjy7dYHkXarBqnAdAGbv97aopUZsZTvuSEbHeP5q,pumpswap,1789999021,0.000006153,5431.98,5949,5949,0,292.81,3948.45,12428.53,0,0,1,5,26,44,106,126,,-3.58,-42.28,-43.47,0,0,0,1,,,,,,,,,,,
1790274256,5wZDE8f5uKHbVaHAyz84Lgz7xefAkCpvcwoWYaRCrfn,AWARDED,4epsz7eNAG9qrrENc2dsEJYiYBEQdgWL2Sn3TwZf2q6k,pumpswap,1789999173,0.000004809,4907.56,4735,4735,0,0.18,52.8,265.8,0,0,0,2,1,8,4,34,,-1.08,-4.04,-11.49,0,1,1,1,,,,,,,,,,,
1790274259,CSRvuL45tXnqYKqk9RXBksuaFQzsamp3ACT5pgEQTVzn,QUANGO,7Er4xQXyVSKLfUBLsn7i62BsCiy7SH3DrKTtX6fdYw9r,raydium,1789997783,0.0001330,34918.52,133027,133027,11.8,47.34,2252.43,5508.93,1,0,1,2,15,12,50,32,0.13,-0.35,14.6,16,0,1,2,1,CPMM,,,,,,,,,,
1790274260,FZixBtMMBxfbr8XqtWxARcDmqsEvQM3dYeAy4WwEjpPq,bub,2WgfGhU2AqsQL96uWozDVLnpSNQhrA3mnu272LUEbz7b,pumpswap,1789998032,0.000002523,2664.83,2451,2451,0.06,2.34,49.08,74.94,1,0,4,2,7,6,21,19,0.44,0.15,1.33,-1.44,0,1,2,1,,,,,,,,,,,
1790274258,8f9E3iCyYff8QVienqkc8CsAzPuAPP7AWyxGVu6cy91n,BOND,8fbAaFcbUDBzJh9qEr9Qubgxgk2jnqsB5a6JkuzyyARm,raydium,1789938736,0.0001368,47681.9,135865,135865,0,3469.02,12965.07,61783.36,0,0,14,8,62,85,372,346,,-8.15,-11.07,29.19,0,1,0,1,CPMM,,,,,,,,,,
1790274256,4sELcy2vtPDccNkAfA1MXp9UcdA3xyf2QYYKH8gfcVwb,AVAXCHAN,Dqrok6Yu6ZrE87V92xHAuMdwXhwCGk5usDcng1EUKMWu,raydium,1789990537,0.00003184,15832.07,31842,31842,1.88,617.47,4821.98,14413.76,1,0,1,7,34,42,152,173,2.07,-14.42,30.75,25.56,0,0,1,1,CPMM,,,,,,,,,,
1790274258,9DdHxVe1BSPaTy3iGEwvWsooRchNLK61XFAvzot59FwD,CLIP,7LkLGUUwAASDy85V3YEogtkwdzDKEYFhADp41MXr6wZ,pumpswap,1789999762,0.00007468,31047.68,71133,71133,681.5,3961.15,42729.85,269805.67,17,4,104,36,679,500,2538,2496,-3.37,-9.4,-30.07,-69.93,0,1,1,1,,,,,,,,,,,
1790274259,BWAUxygWFy5KHJA8xeEoCdkTUimD1RjC92ke5VFSpump,TIPPED,ETQKgtbPkYpM9MwvSWy5ide4St9CHAw8hbcn9PdTNxtT,pumpswap,1790016158,0.000002387,2430.32,2299,2299,0,0,0,1.41,0,0,0,0,0,0,0,2,,,,-0.96,0,1,1,1,,,,,,,,,,,
1790274259,D33RQSz5JQa9bpnDFm5r1adLNyxwtm12R3eDyUabpump,mtokens,31bJh15Smfch9hdvAnaJkEP6S5B3oqhYkHy8hfYkeSi8,pumpswap,1790015594,0.000002380,2376.03,2259,2259,0,0,0.28,2.22,0,0,0,0,0,2,0,3,,,0.54,0.54,0,1,1,1,,,,,,,,,,,
1790274258,8erE7RkkoiGYJtCyQdfwMpnNA8cAkY14Xe6RYjjHAdKP,CAT,7sY6BrhDBkJdcYFrDd1M49hinSXrqk2bzS3rT6Juanch,raydium,1790006001,0.0002168,40659.62,216855,216855,11.18,454.04,9139.92,43377.5,4,1,11,7,63,26,264,173,0.11,2.76,-11.56,-33.2,0,1,2,1,CPMM,,,,,,,,,,
1790274260,EYMBTNraihZkLhjVQhDivPhjAWFgRF1By2zVd8rcNcGz,INURANUS,8AbfaMZNF82LLPiSKka9947dzs9umnZiVmJ7LYs25JJT,raydium,1790002733,0.00005017,22423.74,50177,50177,0,2013.89,6462.6,29187.44,0,0,21,8,51,39,264,209,,-7.72,-21.3,-19.15,0,0,1,1,CPMM,,,,,,,,,,
1790274260,E28eQFoCPndfLUPnxYgEWHhbnEVqSpyNPgAacoAEpump,inu,FVc7EaaSg9a5BYz2y3nuemmjvfq2BRWXopjjocA1G593,pumpswap,1790037054,0.0001186,33979.28,115257,115257,161.1,8999.13,79037.65,303091.34,0,18,133,71,578,541,2051,1963,-1.9,-13.38,-27.01,-47.89,0,1,1,1,,,,,,,,,,,
1790274258,AjA6oo3WGyDYccjE6dis8WKbtq64DTQGCq9cpCwjRhVV,◎,6mL19navi55pM9UyXWZqMMnRu47a52gmkRzSaY63uUn,raydium,1790037923,0.000002525,4358.32,2526,2526,0,0,68.6,267.06,0,0,0,0,0,3,0,9,,,-5.73,-19.71,0,0,1,1,CPMM,,,,,,,,,,
1790274258,AVXPQqxd32ABAP5F7shHKNeWBpos9miktdH3uKqgXYJZ,suit,FrCvbU6p7CmvRxxuGca9t14Bu3LGk9wKFzJyZQHVjLrC,raydium,1790035877,0.001357,129438.77,1357413,1357413,7316.3,36904.15,240079.88,851033.15,10,19,102,104,767,696,2984,2695,-1.29,31.51,33.39,121,0,1,1,1,CPMM,,,,,,,,,,
1790274261,p5raruXYdDtwibfWkAgNdeYHQGe1nUdAGKB7EwWpump,BULLCATE,5cWSxNyaowpBjyHzzLTVJP9pyuu9av2PrQbke2jk3Lg4,pumpswap,1790037451,0.000002891,2837.52,2785,2785,0,0,0,9.28,0,0,0,0,0,0,0,2,,,,-1.34,0,1,1,1,,,,,,,,,,,
1790274256,65d9zPGzAGDz5ia2V1iHTbtAFHQYd3WjSxmeVGp3UKqa,F-35,4328JUM9dukgcGittLVP6q31WUCzc33o1nXfRYrmU65x,raydium,1790017627,0.0002240,43858.29,224010,224010,22.2,822.4,7153.5,43824.27,1,1,30,37,182,197,775,837,0.04,-2.85,-8.59,19.14,0,1,1,1,CPMM,,,,,,,,,,
1790274256,55b1a7R8jkci1rkDkNxfWMq3nojaqWfdGXVN7zsYSx5c,OXIDIZE,9UCdTD9AxDepchGW7T78ceqks7v8Pww2M1rBnuqRJFwU,raydium,1790038109,0.000003218,5138.67,3219,3219,0,0,0,635.56,0,0,0,0,0,0,0,11,,,,-31.95,0,0,0,1,CPMM,,,,,,,,,,
1790274256,4YsNiA65FnBNaQ7pbWhWekaBWueX9cjxHX95zygszQ6N,SNOWBALL,5veQjswnfjVCG1HvLKZkthwmopTEJ1YdBPjZTERNperj,meteora,1790038464,0.000002804,4881.34,2458,2458,0,0,0,8.42,0,0,0,0,0,0,0,1,,,,,0,1,1,1,DYN2,,,,,,,,,,
1790274257,7LjWXpx5fUKG29JbjqufXnHp4F2sLMfhYe3FXNkTh1rc,SENDIT,EM3tUxuoeHe7bpPMQ3Zwa27hbjgrHKHCTh1DwVYsBAx7,raydium,1790061638,0.00004852,19416.67,48526,48526,0,0,0,246.99,0,0,0,0,0,0,4,1,,,,1.71,0,1,2,1,CPMM,,,,,,,,,,
1790274259,BWTZ5QSqaoDBTTF6ntjn3euinB54ZBga9qmDfgQtpxTV,NEARCHAN,FLsUy91LM9RT2L2wbTQgzWYZsceFCNC8NYcMDA82wEWA,raydium,1789691355,0.00003641,21204.66,36419,36419,0.81,51.97,5806.52,16541.84,1,0,1,3,34,50,124,135,0.42,-1.74,-1.5,43.13,0,2,1,1,CPMM,,,,,,,,,,
1790274260,EV9qfjb2bGMXByQiS6vZ4n53HHCAcWdGzrbGXE8Wpump,JEANBEAN,EPrHqn1TUhqCeYb4EqCnyrCXYVoto2ZtDKWdgNuFbrBJ,pumpswap,1790064634,0.000002668,3137.88,2622,2622,0,0,0,5.44,0,0,0,1,0,3,2,23,,0.74,3.36,2.9,0,1,1,1,,,,,,,,,,,
1790274261,LtWgiTGByaEakniBTvmwKt7EBnPHqWgphyafb6fzfpo,GROK,BraB6Zfqxw94sWv1R7RQonWgVduWgZ1erXdAN8SshNCR,pumpswap,1790086675,0.000006124,5122.18,5871,5871,0,0,902.79,21265.59,0,0,0,0,8,8,166,138,,,6.16,53.86,0,0,1,1,,,,,,,,,,,
1790274260,EoCvLdAnZKbuqEq8zgTi2X2PmYmuhKLLngeJp5w8hK8P,BITCOINU,EqgeAGkSU9uaCFks8ar18Q7TTQr8yi5BoAyRcTiWP6hw,pumpswap,1790169483,0.000003182,3062.71,3036,3036,0,1.26,10.79,776.39,0,0,0,1,1,4,12,47,,0.31,1.85,-21.75,0,0,2,1,,,,,,,,,,,
1790274259,D8wpNjbBWoPbcHCfGBDERinKfTPBrVhRDt4R9jeavv1h,GROK,8aesqMkEoV2masacizaiWFqhqhnZBRU4Cb7QkfcZw54C,pumpswap,1790086481,0.000003443,3325.09,3348,3348,0,0,671.48,805.71,0,0,0,0,3,7,5,15,,,-0.34,-7.97,0,1,1,1,,,,,,,,,,,
1790274259,Bjygd7p7aTRpTobQgdSK5eq7bahFxvtj86Si6diPNvZp,AIRCAT,HQF6B4p3D2KQJcnWk5nPpwcsR6paLVnFB9xDkQBjEv8A,raydium,1790084508,0.000002234,4145.86,2234,2234,0,0,1.1,17854.44,0,0,0,0,0,2,0,12,,,2.2,-14.32,0,0,1,1,CPMM,,,,,,,,,,
1790274257,7VRFR2qqwyHqfTZGqYyUr5kZvomd5RB3LMmx4Aq3pump,BONEPHIL,HGXJbsXHwE83YREWg39GLgnBovJd4GpAnUPDrxjiATh3,pumpswap,1790085964,0.000002265,2530.98,2198,2198,0,0,0,0.64,0,0,0,0,0,1,0,6,,,9.35,-6.82,0,0,0,1,,,,,,,,,,,
1790274256,4jcEvtDhFC6Jw7iaJpm6dtJjQi5nFS94MCHkxkLipump,sPL.001,B62sPEpxD3RSHYNt7cdemdDdjJvBpRAGPpKufRjG98Hk,pumpswap,1790101678,0.00001303,8980.87,12533,12533,17.56,1177.35,3286.14,16422.99,3,0,10,1,15,21,104,92,2.86,26.79,16.77,92.58,0,0,1,1,,,,,,,,,,,
1790274258,AKyGUS7ueqtm4oUVBRxCNoyK7BV39HcfrXk4d6Gxpump,PUMO,rH1SEQi833Z9WzWrMNbStwacLN7CVFZFvVJkeuG3g3S,pumpswap,1790103324,0.00002559,12738.22,24890,24890,0,246.96,5717.48,17736.59,0,0,3,5,54,39,225,183,,-0.88,96.14,-16.07,0,0,0,1,,,,,,,,,,,
1790274261,GuAyLSJKDaD6NWoJEyn774HobZnhQaqiskSfNvmLpump,BET,2jQyVRTYEdL8BgQb45aFgAoSngp1aUHAqvMwRAsQSCCS,pumpswap,1790102890,0.000004339,4268.47,4187,4187,0,5.56,38.35,1292.2,0,0,0,3,0,16,16,87,,-1.35,0.2,-38.6,0,2,1,1,,,,,,,,,,,
1790274261,u1v7fmFXSATrjm7d8vw1zCQvaeMD46Q5UoVvLNtiPit,TIP,C2K4yjvnp4Pkj9XNNur98tpwCiJgX4WXzrgzAwWA1H9A,meteora,1790102567,0.000002440,4598.31,2428,2428,0,0,0,11.89,0,0,0,0,0,0,3,4,,,,0.24,0,1,1,1,DYN2,,,,,,,,,,
1790274261,Hwt6RPBRYSven1aZcomG45n7inXrEKbMcab2v4dPrNMP,NEETBUX,GtMyn4wpPJ7EbcyyezauAEFfzeDeJWEdn9rKsRiXa4E8,raydium,1790095229,0.00003657,19766.8,36576,36576,0,348.71,2164.02,13160.67,0,0,6,4,14,26,81,71,,3.5,-7.14,26.21,0,1,1,1,CPMM,,,,,,,,,,
1790274259,DXLzxcDbEwmVhoK5m8UcJM44TRcE9TCBPxNr4FkLEC2a,WCAT,GDzDGm9dg3RLFmfsUJPNaZRTJbbZiQ8JTZ54rczx9WRh,raydium,1790093059,0.00001491,12051.43,14918,14918,0,303.36,2776.16,18878.33,0,0,4,0,30,30,155,186,,9.33,-0.29,-56.52,0,1,1,1,CPMM,,,,,,,,,,
1790274259,DVCRKjTXxcjjxPthvnwKvvEQ3auMBiY93jRffPMEpump,2028,13QGQu2suhG1nag9qoyFi4424XcKwEYpSsgDtNtsydqZ,pumpswap,1790102689,0.000002425,2466.88,2361,2361,0,4.46,4.46,9.23,0,0,1,1,1,1,1,4,,1.9,1.9,1.99,0,0,0,1,,,,,,,,,,,
1790274260,FTWJB7TAftrdL7DpxSLEiReA6tBh6WLRiwuahrUtpump,GROMP,FFzVB6C5JS9VWzTbbMCcvDcppvBSFitbWSakAtTVL16K,pumpswap,1790102325,0.000002351,2394.84,2245,2245,0,0,2.19,46.29,0,0,0,0,0,2,1,9,,,2.13,3.2,0,0,0,1,,,,,,,,,,,
1790274259,DEuwDKst8JDNRcuRjth6Vhpk98FSZwenv1TZZvz1a8ua,SOL,74AUwSRphK5AzEiSDjqhgVAKPwz2zqgHYWqwjYAEubSB,raydium,1790100802,0.00001744,13935.8,17441,17441,0,338.99,3909.76,26680.99,0,0,5,2,39,33,228,255,,7.87,-5.41,-9.68,0,1,1,1,CPMM,,,,,,,,,,
1790274260,FDaJxBqw1fDhwPQTn8XU3bKH8sXXRe8o5kzC3CdUAv7X,SWEEP,EzN9f2oGkMzkEJxdJtySURqvBd6Y8Ah2EoEXsbgutbc1,pumpswap,1790108522,0.00001361,10446.18,13188,13188,567.46,1249.44,15714.21,175781.95,1,3,19,26,285,223,2109,1830,-15.06,-22.67,-71.6,-90.98,0,1,1,1,,,,,,,,,,,
1790274257,6gPfmDMs4gXE77M5rpsPkj29mgrvDypkaYcRsSzVf4GD,ACAT,BgsFBcHRxPMgLQdyfhDTrLkg7cozRbsMZVqFvb1QwcvA,raydium,1790108644,0.000002742,4594.34,2743,2743,0,1.3,36.71,374.51,0,0,0,1,1,5,1,48,,1.7,-3.19,-27.32,0,0,1,1,CPMM,,,,,,,,,,
1790274258,AvciVw95QA2nrPrwFYCLsp3n425MPCuF8iFU5BZrpump,GTACAT,8as8cBuvW3exppt6yV6KqivuaYexSz3kSH2R7Nc6PeS8,pumpswap,1790110541,0.000002680,2650.38,2552,2552,0,55.4,79.3,324.66,0,0,0,4,1,6,8,19,,-5.2,-2.01,-11.63,0,0,1,1,,,,,,,,,,,
1790274261,mjkuULEWcvMVdA2PkKnHkvn1eJ6zPK1of1hpAtAAv3S,STAX,7a4n3dNAyUqutoWr3x5oE7QuayjT3fRbZJicRavabTW9,meteora,1790117336,0.000001969,3832.69,1910,1910,0,0,0,2.17,0,0,0,0,0,0,2,0,,,,0.11,0,1,1,1,DYN2,,,,,,,,,,
1790274255,26j97ZBGjaEZNzqZ3eSqKqPLZwS45aYp5BobLRQVpump,MORE,5WSRXJYpEQkqdpAg9fsU4e1gVxNiGy11EnLp6pSeB2wY,pumpswap,1790102254,0.00001476,11360.92,14153,14153,0,0.63,979.51,15945.6,0,0,2,0,34,9,148,120,,6.78,-3.14,-36.69,0,1,1,1,,,,,,,,,,,
1790274256,42oZyfUViDXhfgE814YPyfX4knaNMg9ntmTeZyirpump,1000x,BMdWAzXUj7SSUFARcWWB9xq5YBdttUo91J76q4kWBt8t,pumpswap,1790116811,0.000005279,4574.12,5050,5050,0,33.79,44.5,1120.3,0,0,1,3,2,7,15,39,,-1.68,0.35,75.71,0,0,2,1,,,,,,,,,,,
1790274261,GmXUcQygAP6kfuDJCHhxRoYY4nV1LRiCMhL49XXgpump,INU,AxhqwQbdBCGaG7Exa1Nxufyst6XKunggD8kuDdPwtAET,pumpswap,1790120143,0.000002623,2602.46,2535,2535,0,0.13,6.15,117.02,0,0,0,1,0,2,3,7,,-0.21,1.88,8.37,0,0,1,1,,,,,,,,,,,
1790274261,HqyTxEqk7qmLu2Gnx46eEZwQhzCf2yVqRompLaKYpump,STORMIE,GaK5yYzBuUdGF4jZeULounvLHLD65GLNu1G4cYSkE5e1,pumpswap,1790121580,0.000008174,6855.73,7801,7801,0,0,270.03,10937.34,0,0,0,0,1,7,63,54,,,-9.2,-21.14,0,1,1,1,,,,,,,,,,,
1790274255,2MWQZaDa8DKKq5c6Lkr7n1KJJKwQ1QaH3r3kZjexpump,APEBRAIN,3vfEHXLD6rdRxcHdUBUJRhwS2wWd4cUB2bWcwSi6kzEF,pumpswap,1790124151,0.000002668,2636.11,2476,2476,0,0,0.66,941.81,0,0,0,0,0,3,5,14,,,1.65,-0.71,0,1,1,1,,,,,,,,,,,
1790274261,L2pnNX8eBbNLYYH2Sr3riBksJJSpauQueazTJ8epump,HACKA,7xtpGvFTzKLKtVvV1kVgTL2ZyvGyxa3gRtXh6uZojGit,pumpswap,1790123910,0.000005129,4944.38,4837,4837,0.17,179.17,3120.5,949176.32,0,1,0,9,29,76,4975,4245,0.03,-9.63,-43.53,-93.77,0,1,1,1,,,,,,,,,,,
1790274261,c4AtfqMRbC9FuHtVEHDhCm453tytU9E34MXXrp6bLuf,BLUF,BJ6pFMwat4EG3UE6eSXY2Qtt8t74JAwioDE2T4WE233Y,pumpswap,1790178656,0.0001801,43045.5,173718,173718,92.86,12203.78,74532.79,1047238.13,3,2,119,175,818,881,8654,8092,0.47,27.12,-11.8,-56.62,100,1,1,1,,,,,,,,,,,
1790274256,3mTqyvxZiEB7stf4NpAh8BcZifTEEyzzxd4F7dCap929,TEHC,83miXHemgsgutu74NHUbtmxLJr1jRAypeD1pTgAjYQvF,pumpswap,1790124137,0.000004749,4252.31,4570,4570,0,26.89,66.63,2400.07,0,0,0,1,0,6,21,45,,0.64,-0.45,-11.47,0,0,1,1,,,,,,,,,,,
1790274260,G2KB6Yvhs2ojSVtQ8AmCLAMR6wLxzAscS8nNERcYtUVD,LOOMI,8SrzuBHchAuBmfyWyi9wA38jSSCyJE5jfq7EckXaR3ah,raydium,1790118039,0.0001558,36735.47,155835,155835,143.81,5957.96,100646.19,226351.28,4,0,53,31,548,318,1166,772,1.71,-12.89,20,214,0,0,1,1,CPMM,,,,,,,,,,
1790274256,3i43bRLKSomUXyin1jgGsd3y9MgBW1cdX3nh43YD3W4R,SHIELD,BKfCLvEgu526TexE4HuQRBgs3Xggbj91WbJF2ARxLJHj,pumpswap,1790123283,0.000004015,4041.55,3887,3887,0,0.04,278.9,1117.1,0,0,0,1,0,12,18,73,,-0.35,-13.86,-29.3,0,1,1,1,,,,,,,,,,,
1790274261,jdaiCmVtdmeJZpTS5zjXKHcZuALvji3p4hp2WnFpump,HERMES,7ViZ5bmu2qB3sY7HmZgqxcTDJs2fJhhCcERnwq3vaaZK,pumpswap,1790124444,0.000002066,2080.32,2056,2056,0,0,0,70.54,0,0,0,0,0,0,1,1,,,,-1.65,0,0,0,1,,,,,,,,,,,
1790274258,8f3qWxccdFKN6HpFRxFSCbxZWMNRnz62U5esjhmvpump,WISP,BpQFw3qPVivz17fb8iMKkTZJ2gtho5gz7TEBL4sD8HbZ,pumpswap,1790124124,0.000001974,2130.43,1921,1921,0,0,0,48.13,0,0,0,0,0,1,0,13,,,0.56,-17.69,0,0,0,1,,,,,,,,,,,
1790274261,HZvu6ZdgnHrwWfBX3ni7C4h9MUvHbTqU5uqZ2ULupump,401k,ENXkfutenWUZpUsPHB2WM9W9yvRTTAWv1cVrh1bDuZ52,pumpswap,1790130929,0.000002347,2344.37,2260,2260,0,0,0,24.36,0,0,0,0,0,0,0,3,,,,-0.75,0,0,1,1,,,,,,,,,,,
1790274257,7qgre5rs6mJQE3LmyXhpWuKYFKwDQabFKr2ELXnBG1Qq,Tehc,D2fgz3SegszrU1ueAQWBw1k1HPZkAJF2DLt2neAYLCD9,pumpswap,1790131232,0.000002664,2636.04,2422,2422,0,0,4.67,2828.99,0,0,0,0,1,2,18,33,,,1.25,-1.94,0,1,1,1,,,,,,,,,,,
1790274255,2pWXsELtCwtcKUyvNC6igngswUSQjVpJdY4hA4cTdjaL,PHAT,259dyTrR1KgguVwekv71ehmKfSfkC5fDPfBaxMmr3Fsx,raydium,1789618983,0.00004871,46760.86,48715,48715,0,2185.87,10913.96,41228.88,0,0,1,10,43,43,203,168,,-19.64,-9.69,0.68,0,1,0,1,CPMM,,,,,,,,,,
1790274257,7xm3vqykDZVuYqiC2HcTf3VerfmhAieCPZmeJX8qpump,BTRD,59GuPXEBHGwzkeMasS6UZCjaXFKwhV3cZJfYCbjisGi4,pumpswap,1790187315,0.00001530,9293.36,14751,14751,2.2,1134.44,12771.2,176926.53,1,0,16,16,154,169,2268,1966,0.41,23.74,-40.13,-72.49,0,0,3,1,,,,,,,,,,,
1790274260,DxeBjZk1G43XTbGq7rEMHATUgtvYaNiDDweqbqhbnetW,JIMOTHY,7S95zn3ymcxhvQVMUvZSZgPL9Vj7SprgzNzvBuprUuEf,raydium,1790131062,0.00001021,11042.97,10215,10215,0,575.04,3393.01,28698.54,0,0,9,5,40,37,228,202,,-15.25,-32.42,-60.82,0,0,1,1,CPMM,,,,,,,,,,
1790274258,9ekRaDZHa5VTFiR37CakbnnN7HoqwqC83SaMmAc8pump,PUMPPO,8hb4EZhSMt6sbjt7VJdi4e9njfnvjTSBrpwtX5Rrg4bJ,pumpswap,1790127293,0.000002581,2607.11,2489,2489,0,111.3,11127.63,14252.57,0,0,1,1,557,288,637,383,,9.34,-96.77,-97.41,0,1,2,1,,,,,,,,,,,
1790274260,F1kzi8tQaQdXhaJSyAX23gXGTRJqee4bfT8YEP3upump,niketyson,J91pxZHvHCwY3mWZ7jaevgzFUYsaCoq8xXL1ZY9u7g3s,pumpswap,1790135456,0.000002371,2604.98,2329,2329,0,0,1.26,1.26,0,0,0,0,0,1,0,2,,,3.35,3.35,0,1,1,1,,,,,,,,,,,
1790274258,AN49E6FiToLMANJtmUiooirLdFFRumtpB8jZDm6PusU2,VC,DxPoyCU6gT8eSdfXz6rrSVcrkFB2uxUbDhvEFqVhNvLG,raydium,1790135481,0.000005890,7245.5,5891,5891,0,117.7,1165.84,11897.83,0,0,0,2,9,21,141,153,,-6.26,-16.01,-27.43,0,1,1,1,CPMM,,,,,,,,,,
1790274258,A4aiq9dhkR5Zt9VrjhmmXfkNhLQJWGcLyqX2Hq6rpump,suitalon,8dQAJktJzgxa2nf652UqFWFv1iF7dJL2EhXsSETCdDY1,pumpswap,1790136635,0.000002335,2528.55,2267,2267,0,0,0,0.15,0,0,0,0,0,1,0,9,,,0.56,0.98,0,0,0,1,,,,,,,,,,,
1790274258,Atf7KaBLF257KQosBM2rCxhhdRfDtRNnpwmUH4bkrMMV,BOB,GUzGgimx7FFFbWZEw9dn3DEmKmsmncGqVJVDGaM9mPBZ,raydium,1789699872,0.0005264,100873.48,526441,526441,604.34,2733.38,17115.36,150615.92,6,4,27,25,139,134,868,643,-3.4,-2.64,16.81,60.54,0,1,1,1,CPMM,,,,,,,,,,
1790274261,a3hycPkLp4jjAVE7cf4JkqChYsTUnCytQuENa97pump,suitelon,5P9ZimskePgSxZiyRg9oqo5uf7Dx1AfMuTyqkKMMBS37,pumpswap,1790138693,0.000002300,2405.16,2214,2214,0,0,0,0,0,0,0,0,0,1,0,6,,,1.15,1.81,0,0,0,1,,,,,,,,,,,
1790274258,9G5vJSw3Zp2x9Cmj9gEsw1GeJqWX2iYMsfsC6uR41jT4,MAU,DMYCTeMRFCs8i4m1aDbNaEoeBxQwLkH2oqUVsiJdHvfg,raydium,1790143738,0.000006675,7475.75,6675,6675,0,172.44,871.52,17196.45,0,0,14,4,17,14,161,136,,1.56,-22.6,-65.26,0,0,1,1,CPMM,,,,,,,,,,
1790274255,224wFuUYY7kZMHSLSCGNJKU1kDde51NcmwjtMVeqpump,runner,BRh96u7h3AkvBsZ7m891ddkwxgX1mQmR3s3cMkPZqQqg,pumpswap,1790144321,0.000002374,2524.94,2312,2312,0,0,0,8.57,0,0,0,1,0,2,0,21,,0.67,1.62,0.93,0,0,0,1,,,,,,,,,,,
1790274256,6GH3fLq5W1wHGTE6m2jmUMqBgHtB7sUeeLzRKt7opump,SHINYHUNTERS,8nwBe7qr2Tvdtk5NZ7tn3hWPBSYxvR2hFP1qsTDJbYtd,pumpswap,1790146009,0.000002175,2197.49,2112,2112,0,0,0,24.85,0,0,0,0,0,0,0,2,,,,-1.01,0,0,1,1,,,,,,,,,,,
1790274257,7uNUAogctSAby1pZUAt2QmBpe2bradWeep78adZmpump,todd,GUK8N22XBkFEguoHbb3unVLM5PYYbCydAHdysjtetA15,pumpswap,1790144392,0.00002984,13775.28,28779,28779,35.83,279.79,10361.09,41869.88,0,2,6,8,130,139,506,522,-0.71,-0.89,11.86,-34.09,10,2,5,1,,,,,,,,,,,
1790274256,5rmtzMA9HpfstYfv544XhppMqcc9v9gL2e3CzCEppump,JOTC,6VdenfDna1Z5mrvxUozH8dxz22Jr1W8ZnaxZdfuSojiw,pumpswap,1790146132,0.000002467,2703.02,2413,2413,0,0,0,61.5,0,0,0,1,0,6,3,50,,0.67,1.65,1.07,0,0,0,1,,,,,,,,,,,
1790274256,4sEXKWMhwUyMAKtK4naKbj9KP9Ye5W2jmkH75kfkList,LISTED,8Va4mu2i433UTAnECFqoGvNgpG1e12kPcp6Azjbq25MR,pumpswap,1790145631,0.000002424,2438.28,2310,2310,0,0,15.56,99.24,0,0,0,0,0,2,0,25,,,-1.68,-6.8,0,0,0,1,,,,,,,,,,,
1790274261,GkBZGFgNy9Q6jHjBuYeTqsvugfEMhniACF9ieV8H3TtC,BLEE,8JYxsCzn5ejiLVcqPfRbb2jduBjAM7m8NcUwZsUrcwdU,raydium,1790146216,0.00005729,23799.16,57294,57294,35.56,3407.25,28243.74,180138.23,0,2,43,33,206,213,1531,1388,-0.25,-16.41,-28.69,-45.19,0,1,1,1,CPMM,,,,,,,,,,
1790274257,6tstGNZjFwowUP15a1teR98ixXCPH9cVurC4sYXTLdXH,1111111,GeJdDiUyCXeGQbEoT2bAhUrCgzeUhR1EbfjjQyAwisdR,raydium,1790150876,0.000003028,5167.34,3028,3028,0,0,2.3,239.55,0,0,0,0,0,3,2,42,,,0.67,-18.2,0,0,1,1,CPMM,,,,,,,,,,
1790274259,DBKByfTTYMuxY9juMKgfToptB6YJf6kkV3ddgyAeBu6,OH,Frv4iE1xeSmeNkKtLndhBQRyHaRRvDtJPLxzEG6tbv1B,pumpswap,1790165171,0.00001215,7946.85,11545,11545,0,114.87,1926.66,20563.18,0,0,1,1,9,19,179,181,,-1.73,-34.17,-3.46,0,1,1,1,,,,,,,,,,,
1790274257,7o2tDg6CNcm3qGjPayWhS4TTSpTzzHdJfW1iXagtTJ9Y,CHICKEN,BSrgt2iNaroDd5pxjr7NV5qkbKhYSjH7YXtQ5QUR5ztj,pumpfun,1790151541,0.000005382,,5382.14,5382.14,5.52,212.21,1709.85,23144.58,0,1,2,7,14,22,314,272,0.38,-7.13,-18.38,-14.17,0,1,1,1,,,,,,,,,,,
1790274255,2ySjQh2LL8msX5ppfE1ZFenQVWK5QAmmznukQWbNpump,musejak,6vRm6t32yRGrYnA82vSqfN8Ud5nv6iaDtafm4Ndda8VZ,pumpswap,1790150795,0.000002811,3376.49,2722,2722,0,0,0.29,10.46,0,0,0,0,0,2,0,12,,,2.1,0.78,0,1,1,1,,,,,,,,,,,
1790274255,2jcvq8QcJ8TzEYJKYMCjR61kXVSzib4mEkz89tQxpump,GIGACAT,72tZoSAHAutvD7dP2fNC56aASLxbPXro9jBPohZ8aAvY,pumpswap,1790152341,0.00009784,29968.62,94938,94938,1670.89,8387.24,84838.09,491931.99,16,17,105,70,996,742,6144,4349,-3.75,-3.65,-4.64,-45.7,0,0,1,1,,,,,,,,,,,
1790274261,J8YvongBwt8d9XzeqrrmsouwvLWYcG5iYkBoxuV8pump,Hsin-Ju,8Euj7T4jpJfSftx1ov58rTy4RRSd1D1arr8B8kYsgERs,pumpswap,1790160586,0.000003158,3081.42,3036,3036,0,1.14,20.72,5657.79,0,0,0,1,0,5,80,93,,0.71,1.34,-29.89,0,0,1,1,,,,,,,,,,,
1790274256,58TYyM2LTcex8juCuM4mDGcrAYY6bxumqUgJvbPepump,MONKINU,F5tPfay73T95E95iPCfHEVAVPT9eQ5CmNjehGDNFUibM,pumpswap,1790158582,0.000002558,2682.13,2517,2517,0,0,445.46,446.87,0,0,0,0,3,5,3,8,,,0.3,-0.72,0,1,0,1,,,,,,,,,,,
1790274256,4zTjMcyNxcogz2gbgsk1LqCPJ2ovdtecWPG41eTQs2fb,Ref,ERzqqf81GKdHmVycQf1Tvjcinc854pnh2x3qwdaB13JV,pumpswap,1790158547,0.000003025,3108.62,2842,2842,0,0.13,203.56,1287,0,0,0,1,2,7,9,51,,0.45,-3.05,-32.03,0,0,1,1,,,,,,,,,,,
1790274260,FiyPnPU7nPgx73A94pntqUPhyfBPhMM54u25DWMzTwkH,APED,9fLwvhBYLcbQvDtitpoX9jApQXGVBGdAdigHsmpnJ67h,raydium,1790097534,0.00002019,14520.56,20194,20194,0,170.91,5681.02,17421.31,0,0,5,13,112,106,439,382,,1.07,7.68,-35.39,0,0,1,1,CPMM,,,,,,,,,,
1790274260,FdWgweu4TULjE6Vx9UDt44FZfpeVV3ixVFpthwtmWCWg,Bear,4kvXTSTqMNZRFBeen5NvF3wEGHYxG91ZXdB65avsXkCb,pumpswap,1790165779,0.000002613,2631.12,2526,2526,2.66,266.3,362.22,2796.2,0,1,0,7,2,18,36,102,-3.37,-20.55,-22.48,-36.85,0,0,1,1,,,,,,,,,,,
1790274258,9LYpEqkpgCoZ99NsrPuoobDZsShteajdqtCtpKscStq7,EMBER5,FMx8Pvo2LxLDRGHr5wf3PYxovpvbf12tqypqfBfHmrEQ,meteora,1790161210,0.0001014,29549.64,101410,101410,844.98,6370.82,32019.28,138679.87,1,4,56,37,214,177,1036,791,-3.19,-4.41,1.56,-7.73,0,1,1,1,DYN2,,,,,,,,,,
1790274256,5LkMZqW6LjHr2kGaX7HtZgZQLPssDN3ZiaftZwpJpump,JPEPE,6JrZBhP2DEaV7h8Qmd4sWp5zmX2AqH6KN8ucxVDdeyVD,pumpswap,1790166201,0.000002071,2139.07,1906,1906,0,0,0,0.41,0,0,0,0,0,0,0,11,,,,0.88,0,0,0,1,,,,,,,,,,,
1790274260,F6n9Z6amRkcYf3RdAYKPZjw4gfH86C9rYHPZkCbwpump,IA,DEF5pbadK526U9ErNS32x6ETrrVk6vPfuk7nbhWnKhQJ,pumpswap,1790165976,0.000002601,2876.68,2519,2519,0,0,17.69,2389.05,0,0,0,0,0,3,6,13,,,1.68,-30.87,0,0,0,1,,,,,,,,,,,
1790274261,HaYRgD7rjwj1AwoWjafokj4196sufYm4vKFamLZVpump,ARCHIBROWN,4giAj2vcyNSuEeVPcrv8hu4QMLm8mXzBpSrx2ExHAuVz,pumpswap,1790153612,0.0001762,39818.38,157026,157026,1003.58,10466.68,106088.04,481880.02,7,10,89,107,772,766,3795,3676,-5.89,-12.12,-2,-45.36,0,1,2,1,,,,,,,,,,,
1790274258,AbKaeNaS8FeyykruJ7sAT9pYyeAHSE4bni9RxirrZxMT,BAGEL,C2U19LDRdMyV4PXro9shK4JNLmbmjeUmFFqtgtgoq7A3,meteora,1790111439,0.00005787,29318.52,57690,57690,0,66.72,1072.9,5812.71,0,1,10,4,63,25,187,60,0.11,0.36,-0.2,-24.6,0,1,1,1,DYN2,,,,,,,,,,
1790274260,G9tP63sMuWx3HmWgVfk1ZfVDeUbAZqt4cu4VSTyYvXnL,BURRITO,FYas3btBCr8GH8TRPoHenzgqwdEvSB5hKGbXA7zU79Ju,raydium,1790171108,0.00002179,14251.44,21795,21795,0,1309.81,20214.68,70180.96,0,0,11,2,154,129,510,507,,35.54,38.01,20.23,0,1,1,1,CPMM,,,,,,,,,,
1790274260,GUpj4DMVdL1B31XaBQUGWvCoViUEyc9CXqmkcYHJpump,Dogecoin,DbyYLysC41nxmtg74QQ8CMQgEWpG6bUmhZJiw6Dmw4X7,pumpswap,1790170933,0.000002462,2667.72,2383,2383,0,0,6.94,84.44,0,0,0,0,2,2,2,12,,,1.77,-5.42,0,0,1,1,,,,,,,,,,,
1790274258,B3m3Mqp5WJoaBbqCKTm2akrnsLz2ASxiqHFESqHw3mzX,LAYOFF,GyjUqvQGtWkNFXuBGc5inUaRsKUR5n9cabcdxyjrEHos,raydium,1790172125,0.000003562,5710.38,3562,3562,21.05,158.29,1104.51,15254.72,1,0,3,3,10,17,131,222,1.38,-2.36,-0.66,-76.42,0,0,0,1,CPMM,,,,,,,,,,
1790274259,BTzHfjKZnPpNaojtNs38eKReNssZM5LEbRrdK5ZrVyN7,SGO,6qf9kEvtgoKgAjN6EW9tAidJWj8JXjaTDyNHZWDM6sWS,raydium,1790180335,0.00007565,26894.53,75655,75655,580.79,6795.02,48697.43,391667.86,2,4,43,44,284,294,2830,2427,-5.01,-14.49,-27.39,-33.73,0,1,2,1,CPMM,,,,,,,,,,
1790274258,AEVjdvYXXDRBSkt4V7HJ8oL8qVSG3quWCTHvQ7LApump,BUBL,48iVS1iRT3zkFceU43eRyvxd12qVNXvNf3u4AYC4mzTo,pumpswap,1790180148,0.000003040,2993.49,2892,2892,0,0,14346.43,30266.5,0,0,0,0,90,85,258,349,,,9.92,-91.05,0,1,1,1,,,,,,,,,,,
1790274259,D5Sd6RGFcsyCg4UgKMTax22ZYjBrivQXAAGAVAaQpump,APEZCAT,CZ6cVMaSxiQiySYNDwqmZwCZPRaacyjAYzmhtfsoooQx,pumpswap,1790179776,0.000003480,4447.37,3337,3337,0,0.35,6.43,62.05,0,0,0,1,1,3,9,23,,-0.38,2.41,1.03,0,1,1,1,,,,,,,,,,,
1790274257,84TgGLh8Pgm9R9YYnmjD5Z18cy2gDUkjTr7B8Zjfpump,JEANDICK,HfzpxoYCmDmkkuEYrEpyXA9XfPD7zy3vcmkwvWp6WFeR,pumpswap,1790179362,0.000002466,2842.1,2428,2428,0,0,4.61,15.33,0,0,0,2,0,13,1,71,,0.61,2.11,1.96,0,1,1,1,,,,,,,,,,,
1790274258,ARTEvs8XSpVJRYPVHuTZz4bEJwfpNVVzgKbrfyWMtXuB,AURACAT,4PmRK4TYca6fmrrZyNg4cm5uMoeUV5Fh5Yb1saq135A1,pumpswap,1790178242,0.000003274,3442.59,3162,3162,0,8.64,22.51,10176.96,0,0,0,4,1,16,130,289,,-0.75,0.27,-77.01,0,0,1,1,,,,,,,,,,,
1790274260,FjapQEucYhJj4DS91AW3nLTNgrEpwozLVdbcjxQ9rZCn,SCAR,622SbdD9Tm6Q8fkpcmiDRFSxHJLRr18mxjiRNskwbXNq,raydium,1790179603,0.00003585,17442.58,35852,35852,2154.32,4661.16,25684.56,166233.74,17,5,45,19,249,159,1176,849,25.82,19.8,-44.11,106,0,2,1,1,CPMM,,,,,,,,,,
1790274260,FB6gcsYM4oK5X8TBi3A8xx9Pd5Y4ndRsW21Rk93Rpump,COWF,3EuNitsRnCFrRrxY2VFavgkK9AXp45LRUzzizp5f75kD,pumpswap,1790177352,0.000002175,2270.08,2150,2150,0,0,0,22.4,0,0,0,0,0,0,0,1,,,,,0,1,1,1,,,,,,,,,,,
1790274256,3SwgyMaD84JgikpYyFCxD7xgSPMCPr1P6LcV6hEwpump,musetrump,5hVhWT3okZrp4F361nQxwmMN2EDd1rqBjNL9ghArwmsZ,pumpswap,1790179271,0.000002767,2716.87,2349,2349,0,0,0,2.77,0,0,0,0,0,0,0,1,,,,,0,0,0,1,,,,,,,,,,,
1790274256,5ZCj8oeku8NL4fPk6L5WFbR6A2mWJAkScXw1MMrB828g,KDHC,5NNYEiQYP6EvHHcFFMxHo4VyymLJ47sSyDQMzXTofDHa,orca,1790179204,1.00011,253774.35,100011030,100011030,0,0,0,516.22,0,0,0,0,0,0,1,0,,,,,0,0,0,1,wp,,,,,,,,,,
1790274261,GtmQ6DAJsyx37Nb46jmooYGGa9RVcVeyAftbEgZ2pump,MUSESTREAM,BAP67oZyJuPvATVoV5Cq4aEnGFcdQGBJieedCBhxikAj,pumpswap,1790189891,0.000002604,2669.75,2507,2507,0,0.33,8.52,309741.53,0,0,1,1,2,6,2103,1991,,-1.83,2.49,-94.47,0,1,1,1,,,,,,,,,,,
1790274257,7Qy2cXpdj4Fu2DUPVWdN3oogM3JSwLUV2LZaKVgVcPZh,HYPERCAT,EWQKo1GFY9pEyUcwuPwbyLHnnZh5Q7WbuNw1BibQjkwM,raydium,1790185191,0.001967,130040.18,1967042,1967042,326.32,5883.19,201790.3,1665956.59,11,2,104,50,671,404,5825,4474,0.93,-1.26,25.5,-4.29,0,1,1,1,CPMM,,,,,,,,,,
1790274259,CjkD1qwNPVP9VKshVn2BzqxiPtmdSnwA8SNV9HJBpump,FXFUN,3kYRNXZVPa5euQ68BvwZoSaWz2QgCmHboZAUsQvJeVZq,pumpswap,1790189011,0.00005201,19267.65,48095,48095,291.63,7486.73,90481.55,572641.97,1,3,33,54,728,632,4589,4000,-5.69,-30.9,-6.3,12.95,0,1,1,1,,,,,,,,,,,
1790274260,G8vXA8zj9kd99ZLjSqyFLKzB3MLxUp5GNR7nMMMuzpad,zpad,8BZzbbJFwSHFxKa4MPV87zns1W1acPhbCksceUYRG7qz,pumpswap,1790188262,0.000003483,3484.44,3371,3371,0,0.4,48.67,619638.36,0,0,0,1,2,11,6692,6607,,-0.66,0.04,-92.6,0,2,1,1,,,,,,,,,,,
1790274256,563JVQQrNwonELv9svhGLQV8nDFoZLYyfmrcEVkiZLFt,MULTIPLEX,32GNLvApTzMrwbuNWiB7CjVpBUPGvmCwGS8QbNhPjviZ,pumpswap,1790188096,0.000002955,2950.19,2832,2832,0,0,56.89,319263.32,0,0,0,0,0,10,3038,2545,,,-1.27,-93.61,0,1,1,1,,,,,,,,,,,
1790274257,87MGdKoaYui4eRbbnE6Uuu2ZByRT4N9HqoSbipqQ2hbc,LEVERAPE,Hec2j8aVBXsJBdhds2qUj9xqfR2ihzXJg9K1T277kmVy,raydium,1790186822,0.000002128,4084.58,2128,2128,0,120.66,2202.73,46704.43,0,0,0,9,1,22,159,184,,-11.55,-76.18,-99.29,0,0,1,1,CPMM,,,,,,,,,,
1790274257,6gxc6ZWCMA2XzwWFGD9CKFHe8UMBmPxdKDHC1w3HfzDw,BLUE,A9eyX7dDHbR1C7AZADm7mD4bz5eN5QNBRHLrfKmcgHLu,raydium,1790134180,0.0003150,25948.06,315006,315006,0,2169.1,37323.1,226027.18,0,0,16,22,364,234,1876,1258,,-19.09,2.51,-6,0,1,0,1,CPMM,,,,,,,,,,
1790274259,DDgVG9dqayVvYwCqetK4N75KEAj4YT19VodKbrXpump,Robinhood,Bxu6gSLMiVvzfrKD4YwZ9WMWDwv1e8j2FQuvLv8dGqQe,pumpswap,1790188873,0.000002057,2069.86,2047,2047,0,0,0,52068.07,0,0,0,0,0,0,1811,1878,,,,-95.66,0,0,0,1,,,,,,,,,,,
1790274261,HeBMWXLdaJhiyaZuV7BhRr2HFRxBcMK7XzSgnVJBRGHY,SALLY,BzV6cUmzrSHzTicKp6fXZrsY7RkvEVguuiBWG6r4EmuD,meteoradbc,1790188795,0.00005546,,55467.79,55467.79,0,0,0,12010.93,0,0,0,0,0,0,738,757,,,,231,0,0,0,1,,,,,,,,,,,
1790274256,3WF32A9CwRvCyAbmLgf77ZNgBiSgHmUsYNAwaUztUqQ2,swappy,CdcrjUSFSW7pt3dE5hNeo3K4926Ng6q4tGPMG7oLVSXx,meteoradbc,1790188795,0.00005677,,56779.37,56779.37,0,0,0,10158.85,0,0,0,0,0,0,405,409,,,,35.11,0,0,0,1,,,,,,,,,,,
1790274260,EUxjDnKHfMYqmfRt8HNFwuh6NeJdmBWhhqvE3QRZpump,TRUMP2,Eh5eThpg3Nb6cimraYYg3G1c32ZFcWeZ5MHb9d2h7Jba,pumpswap,1790187547,0.000002058,2084.92,2059,2059,0,0,0,120771.97,0,0,0,0,0,0,9771,10938,,,,-99.69,0,0,0,1,,,,,,,,,,,
1790274258,8fX5dLhfTao12RTr7iFvQQX1AGiACe2Au92U3gdspump,Hermès,DBnBgHqaK1pNTXS99iiRQXpuzhnsbHigQDsumd2wysxn,pumpswap,1790185549,0.000002064,2101.33,2055,2055,0,0,0,169619.13,0,0,0,0,0,0,16069,17159,,,,-99.78,0,0,0,1,,,,,,,,,,,
1790274256,48n3WfUWrzQ6mNzwqNDFNVVvFLQBWn3bCHuTEsXPpump,Cateoween,AnuGZ5gQoLfqRHVjTj9FKGeuT6vJTRCTVrxcR27SMbFX,pumpswap,1790195139,0.000003315,3171.22,3096,3096,0,257.97,258.08,32174.63,0,0,2,0,3,0,476,638,,21.11,26.51,-92.95,0,0,2,1,,,,,,,,,,,
1790274260,FVsZHrjBWRJA7nBk6XNJ2Jg9M8v4MPsVdprpg3EAgMHr,CMC,7McrNmv2mZ4u9XpdqSuPtm1iiTWhYjsUA7APZx6ZivuL,pumpswap,1790188414,0.000009756,7346.11,9248,9248,27.34,459.04,17787.3,832238.19,1,1,14,14,160,189,7856,6268,0.89,5.56,-44.74,-79.25,0,0,1,1,,,,,,,,,,,
1790274261,Gcku9A4XsNEv42WjHFrpyNJt5u5nwZDDh1BFyrqGpump,FUD,FzEffYDrAekMdcgBqp92bzqGcee8VQN1nXgZKJLsB2pr,pumpswap,1790189205,0.0002060,39663.51,203912,203912,0,2417.16,5658.93,348476.55,0,0,5,3,19,23,1133,951,,12.67,-2.41,294,0,4,3,1,,,,,,,,,,,
1790274255,2z1s9nrjhTdr26kpNYJrM29h3tyjAp6aKNofbkV9pump,Titcoin,DqmLHwB52rqAM6cEAxiPDMreYe4Rhe6vDy6t5NbNxLYg,pumpswap,1789684151,0.0003201,57925.89,319061,319061,0,32.01,853.35,2673.02,0,0,0,1,14,9,40,21,,-3.27,-0.8,9.2,0,1,2,1,,,,,,,,,,,
1790274256,31SMHAggNR2aNj9jDRnveG3n2rB2pLmPYkMrq3v15kcL,Crypt,GbauL8MwLkM5ni58mWLNogkrzwW2qLAMB9KCGW8WPCPi,meteoradbc,1790194782,0.00004242,,42428.92,42428.92,0,0,0,5802.03,0,0,0,0,0,0,441,409,,,,184,0,0,0,1,,,,,,,,,,,
1790274256,5nQhjm5FuveEQuKsQtewTBZPSVXqbWhw1A6HEojf6JCi,Crypt,3wxoJjHk3iLk3rWizL2YhfZEZRYzPpkEKs7Cc7AbTQ3L,raydium,1790194732,0.00001559,11331.39,15596,15596,742.8,67741.43,70572.43,400824.5,3,9,411,386,427,408,2700,2624,-10.6,54.69,41.41,-66.72,0,0,1,1,CPMM,,,,,,,,,,
1790274260,GQ3WYJChZENNQixjihaa2mMQXzWQYzFJH1oHX6NNpump,Xclusive,8K94LjccAbQRY4Pqh3PM5JWNYfHthnZ8eCNrstuAhS3m,pumpswap,1790194743,0.000002463,2485.42,2331,2331,0,0,0,228961.66,0,0,0,0,0,0,1330,1216,,,,-94.81,0,2,1,1,,,,,,,,,,,
1790274256,4AdFwKHbivTpGjBjenyYxbdtrUdZ6uVGwjhofmh2KN3x,hyENA,DbyLi54EjxaVBWaJxichPnQhMaWePVa1uckhNJ3qdnxk,raydium,1790193679,0.0001202,34574.72,120214,120214,259.48,7155.55,223391.03,1567532.27,6,2,75,38,1108,908,11949,10109,2.54,-3.02,76.73,150,0,0,1,1,CPMM,,,,,,,,,,
1790274260,FNV7tM5GbbUPvXUaLXDBt9Udd9v4yranCWmNkWcSrj38,KORILA,hxkaYJUAzXkYgfcT19rZPmGoN5ARy76LFW654MMRY1w,raydium,1790193821,0.00003034,15465.28,30348,30348,1284.94,4258.75,22534.46,211233.61,8,2,32,23,207,148,1741,1277,15.06,15.58,58.16,-33,0,1,0,1,CPMM,,,,,,,,,,
1790274255,2YPWT4QK1Why57mxBZGwBAFckBC4nLwEAL2t6CcCQtvw,FCAT,13L9ZwrkeBXcZL8y1yhxnAkEDaMgyMZRmgvhs6hgLdMh,raydium,1790195440,0.00007576,25601.5,75769,75769,581.93,13680.83,129405.13,531829.31,4,3,61,65,750,665,3468,2699,-0.42,-35.13,596,56.05,0,0,1,1,CPMM,,,,,,,,,,
1790274256,3oCn1NL6FEAsiSGsiKdFvCdrgMSomnZya3tExgAjpump,TOWN,3XTtfFmDyAbpaXwqAinxi35tt4xFk3hP2VMSGGcUoanb,pumpswap,1790089754,0.00002224,12002.6,21534,21534,0,77.66,14913.79,242299.96,0,0,2,1,108,103,869,850,,0.25,19.38,-28.94,0,1,1,1,,,,,,,,,,,
1790274258,9GJQgnwKZL6oqsPcLmSohBb61w6cdj629b1RFhWvUe7j,RICH,8NqiynvTiprF3DZR5XvUAWKkdX5DjgJP9SPBHdeWMJ5A,raydium,1790195442,0.000006260,7242.59,6260,6260,0,1459.72,7836.97,159249.34,0,0,7,15,48,69,1907,1200,,-35.55,-60.44,-86.81,0,0,1,1,CPMM,,,,,,,,,,
1790274258,9yyxC9AtYxuijVrVfZjoYY2m3fRDuyYYF1VmKzRp9joC,BOB,6pL1AMUdVzd8Ecgz1XJEbxVoTsE4KFwKMo3yGTzFbW5j,pumpswap,1790195693,0.000003893,3659.44,3763,3763,0,0,8.29,134373.23,0,0,0,0,1,3,1792,1684,,,3.13,-91.71,0,1,1,1,,,,,,,,,,,
1790274261,f1ippXecgRpYmsZt6uVRwJJKiBKjN579sVRHsAg2RR3,FLIP,6gHUvXHYaWRgwLZQbB7MQJk2qEkcnEvZTG9RWTiSWCGH,pumpswap,1790194915,0.000004178,4120.9,3983,3983,0,19.3,374.54,943413.7,0,0,1,1,5,27,10890,8672,,1.36,-9.65,-91.15,0,1,1,1,,,,,,,,,,,
1790274260,FYayBW6PMhzuNUVTJSr4ruk66p1nVhJ3bSmYueMr1ZMS,NightTrader,FnP4qt7ap1JYpMGWDbUULhA9mzsnveMHigu4sG27hMU6,raydium,1790194593,0.000003463,5508.52,3464,3464,0,35.41,58.84,556006.02,0,0,2,2,2,8,5380,4555,,2.61,1.09,-92.3,0,0,1,1,CPMM,,,,,,,,,,
1790274261,HkjCexiXUFRyo7KiaTT3VxzrWpoJhTWA9DkwnBVtpump,MOMMY,97SR2Q1vv6yszr22auKswJMRcXHZmakUscgR5B38P69j,pumpswap,1790193651,0.000004104,4085.41,3992,3992,0,32.86,509.93,1504573.52,0,0,3,3,10,22,5795,6835,,0.4,-4.93,-91.33,0,0,1,1,,,,,,,,,,,
1790274261,HacjFPCKPdAGkWqKcFNjRzdhKP43obHdfaqr7vCjkFp8,SWINUMETAINTE,4oQaAkAyMc8mXP4sLGf9oJzPHN4c2PzzEYPwwAog78uL,pumpfun,1790196249,0.00002171,,21718.82,21718.82,0,0,0,8353.7,0,0,0,0,0,0,29,20,,,,536,0,0,0,1,,,,,,,,,,,
1790274260,FvcA3eCmUErS3XiKsJawpejBYCYHWMZk7pwUCg6w6DLW,nighthem,8Gwx4CR28dgj5XEjZ5KGAHNSkaDozfp6mnpvebeMkU9Z,pumpfun,1790196269,0.00003072,,30722.43,30722.43,0,0,0,13001.46,0,0,0,0,0,0,47,76,,,,440,0,0,0,1,,,,,,,,,,,
1790274256,4xsiNDT1mbuFx589VLhBh6Sc7dZvinKEPvtzwHtm4xQW,TikTok,5AL1eFH2UHJpKF4D6D2S3DMcdkq5vZXCouZbGxUFiGss,meteoradbc,1790196177,0.00005605,,56053.28,56053.28,0,0,0,6338.51,0,0,0,0,0,0,199,269,,,,30.78,0,0,0,1,,,,,,,,,,,
1790274258,97RHGYD1jaq2knhNWYGYNB3L8SoruK2DpaJBBqnGpump,Gemini,92HrUz3YrjJ9AJXfGYRZTMVNXfQbK41VY6B3LY9j7D76,pumpswap,1790193979,0.000002078,2118.92,2069,2069,0,0,0,224658.08,0,0,0,0,0,0,14139,13233,,,,-95.63,0,0,0,1,,,,,,,,,,,
1790274260,EtGtzV2BPtt9mcQwinh1mGJSgm9eWTT4wMGrZmbXpump,Muse AI,GqjMdVEefjUuv9jtx5aMpV4gHEc6dH721Mn6PWCx2SQq,pumpswap,1790194332,0.000002096,2124.97,2086,2086,0,0,0.02,144380.82,0,0,0,0,0,1,14469,13554,,,2.7,-95.59,0,0,0,1,,,,,,,,,,,
1790274258,AyYcWNth3J17nQy611iHNvQ4Ue9VyDswveBn5ou4pump,Agripepe,46pT2FDUFuEZKijwtnj6cTXqnefsv1finQZg71hb2yei,pumpswap,1790202303,0.000002689,3350.62,2624,2624,0,1.98,31.12,2987294.27,0,0,1,3,2,13,11040,9907,,-0.01,3.39,-94.32,0,0,1,1,,,,,,,,,,,
1790274257,7HiuKQ7zGZ8uUDYRX1YRiC5ocMcNs2oQ5x3Mjv51pump,FOMOPEPE,8YnnSXqacjmbqNA6ingpMy85MFmQ2yxoKGdSjMupCowr,pumpfun,1790202517,0.00004721,,47214.24,47214.24,0,0,0,9767.96,0,0,0,0,0,0,6,0,,,,1358,0,1,1,1,,,,,,,,,,,
1790274261,J2q68X3PC3uZFY6ydDGuB1ztDsoawikkqe3yFX3Cpump,MMKT,24c3yDbFxMZGN8vDMRE8iyTZX2cwgZWaQSDzC1HwQfG2,pumpswap,1790194221,0.00003277,14367.82,31112,31112,0,20.38,412.47,35443.19,0,0,0,2,13,10,498,554,,-1.76,2.62,-28.32,0,0,0,1,,,,,,,,,,,
1790274260,Fn9cGz6iLubpjZSJF6wiBD2zbdqANubuQ64UKSDXpump,LOOKUP,2zd8zQNaYdE4ZJarKVHFE12pAAdshc9siFBUKrDnDJfA,pumpswap,1790204741,0.000003018,2952.09,2904,2904,5.38,23.78,179.45,105560.95,1,1,2,5,7,24,1624,1980,0.24,-1.21,0.59,-93.51,0,0,3,1,,,,,,,,,,,
1790274256,6Tsnca5xooHtgNQp5wqfYnUcmmDSMXYkkcCusmuEiEmn,Agripepe,3HrBhr4JdbWaZ3kZnXz1huMsEVj7WCC2nfF8sSn9JWCt,meteoradbc,1790202743,0.00005493,,54932.63,54932.63,0,0,0,8218.6,0,0,0,0,0,0,327,414,,,,27.9,0,0,0,1,,,,,,,,,,,
1790274258,B2J1abkD18a5VrP2yc8XbJQ5BGDXwsRu9vWAjM1piEv8,Computer,8Z67KtuJXMiWjSyubve83mqhAVT5Q5XRi7Fn7BJMwSbr,pumpswap,1790209280,0.000006068,5327.87,5920,5920,3.42,608.12,3920.74,800061.65,1,0,5,10,64,58,7288,6205,1.45,-24.8,9.73,-87.01,0,1,1,1,,,,,,,,,,,
1790274261,Hc7zFXMbe6RVhHhoUe82kap1iCjVHPXHxAYfs5frpump,poopepe,3xhauU19rewJq2j35psthQoZruENN2NJsLkxCD33DPD2,pumpswap,1790208918,0.000002851,3322.41,2789,2789,0,0,26.48,2060271.23,0,0,0,1,0,11,5808,5333,,-1.59,0.16,-94.03,0,1,1,1,,,,,,,,,,,
1790274257,7T3XGNziCNwgiETftmQPW1Qj47KfVQyvZj7YQjrgE4K7,GETF,1GosW12AMzqoenq6FmaQdF8X8TCLgRAq19TBY34krNd,raydium,1790208542,0.0001561,33137.98,156153,156153,807.33,25574.38,76008.69,258378.48,2,4,100,97,362,273,1485,1030,-4.07,98.2,61.35,296,0,1,1,1,CPMM,,,,,,,,,,
1790274261,H3MfB5wk9zks9CV8GTLDALCG3DWGX2CTyMrPeURgAz4z,GF,7iiehNdT1Rp8yjufDNiVrkzrdJutbKWZx9sEUGaDxTmZ,raydium,1790208211,0.00007617,24164.28,76178,76178,223.11,4828.7,21141.67,82758.11,4,5,46,51,252,295,1030,1130,2.55,13.73,72.86,54.72,0,0,1,1,CPMM,,,,,,,,,,
1790274258,8mqcd11jFaXegrWYQSMQkBMNjo8aXBseKrdQENPGpump,PUMPY,2C22q8wkAqb1Uh5bTmBi7utxh5F7Xgup2iBa2e5K1u14,pumpswap,1790210313,0.000003553,3365.75,3199,3199,0,50.35,1271.28,162533.95,0,0,0,3,10,28,2099,1905,,-2.13,8.96,-92.49,0,2,1,1,,,,,,,,,,,
1790274259,CvUX4G2tzq7J3ECmNvWZLayZYV6KpgQp6SJ5K8Uvsu5g,parafactual,8VHKSU5pij3V5DVKFQv1WceEzwKeZQpSZiCh9rja2G6N,pumpswap,1790207810,0.0003466,57312.15,326676,326676,5884.58,105716.48,442585.2,2444055.8,89,33,735,658,2594,2337,16670,14947,-2.14,-41.54,286,651,0,1,1,1,,,,,,,,,,,
1790274261,J1GRFyyw7AkGMDEqn3YF6A4LE3BQrmzMM1XpnKkTymLC,ELVARG,E18oGSyQRuM37Z6UQDNjA9ntFbjwBU9eqebLKteEAEKs,raydium,1789767445,0.00001783,16791.54,17831,17831,0,102.21,1169.71,14619.52,0,0,1,3,17,19,111,80,,-6.43,-0.21,27.08,0,1,1,1,CPMM,,,,,,,,,,
1790274256,3tzkdxJ1qVCaPAuWmd8FjRFKUbwMYpLUAq5gg4Vopump,UNTXD,B1zosT5SqjsEGRSU1cGbSVJrkVYL9zzFXDa9cmZWRhZt,pumpswap,1790207523,0.00003701,17157.1,36218,36218,225.31,2214.4,30018.81,1755115.85,1,2,25,32,532,544,16727,13992,-2.15,-8.65,6.25,-22.39,0,1,1,1,,,,,,,,,,,
1790274256,4mu1jmEsRHwjAESR1D81H9yYFwbBqvs5XfpSqSi1mtC8,poopepe,Cz4ofWNfFb1PLxpTwbT17r1R5AoCH9YDGygPyQ7PMYSE,meteoradbc,1790209461,0.00005292,,52920.31,52920.31,0,0,0,3011.48,0,0,0,0,0,0,83,90,,,,22.59,0,0,0,1,,,,,,,,,,,
1790274261,J6QTngAJdsRnVy9h3t9BqUxT7Q4EcRv3JjCwb6Cmpump,CHROME,5YwU5AiPcgspZq8tx9oJpmDysszTwmBGnukbQ38m5PTU,pumpswap,1790209046,0.000002246,2423.82,2213,2213,0,0,0.04,721185.93,0,0,0,0,0,1,10753,6899,,,1.26,-97.3,0,1,2,1,,,,,,,,,,,
1790274261,axMyMagH81BMfeDGaii1yZbt2N2QVgSKkZaZ8NCydZH,SOLBROKER,2GozbeCqiV7oqgD5FwcjHCGwhj2v81QBNdz5uDUAkN7R,raydium,1790210950,0.00002066,13259.78,20665,20665,30.46,103.79,2115.86,136302.27,3,0,7,3,46,56,1202,1121,1.43,-0.59,-12.73,-55.53,0,0,0,1,CPMM,,,,,,,,,,
1790274261,JCWZJNhsZfZYef7UmX86n3m4GYzCy4cmjuvJxPe2pump,ROBIN,8DSXoPZCum4MTDY7qkeBQsjrHVaTycWzkDuqmNyqLX51,pumpswap,1790210946,0.000002054,2086.6,2046,2046,0,0,0,166507.21,0,0,0,0,0,0,14259,13430,,,,-95.7,0,0,0,1,,,,,,,,,,,
1790274260,E2rTYWpcD8MS6Bg36VYuE2CNsRP4ugYQchLxFvY39Cws,Trader,7pZusSzceyWSnCwxRc3Bf4TZvTCfPjAaRcgiPKm2kxjt,pumpswap,1790209917,0.00008265,25868.78,77011,77011,544.39,35946.27,142760.97,1050724.99,0,16,323,251,1338,1041,9439,7235,-7.53,-12.72,1.83,74.32,0,1,1,1,,,,,,,,,,,
1790274257,7CEBEYQVe3RvapwgS4QttVehqN9C2Hh859ZGbRWduRDm,OAT,9mmbtyUSNyaa34D1gNf58Mw96ZBdBqK1e5HfnPazPvnJ,raydium,1790215884,0.00001206,10087.02,12066,12066,39.69,2338.98,8909.22,161193.66,3,1,23,15,71,67,1243,1177,0.72,53.99,53.67,-75.03,0,0,1,1,CPMM,,,,,,,,,,
1790274256,5v4kteCUTdGhw8yUWEBmq7SrFoyGbPQk1FS3qWawpump,Fomoguy,3m64gKXEeZQ5vbSuhiDHUEhfJtTiFMHPVUZ1TjgiDwcV,pumpswap,1790225150,0.000003986,3684.09,3843,3843,0,8.66,73.24,64753.71,0,0,2,2,4,12,860,7555,,1.84,2.18,-91.64,0,0,1,1,,,,,,,,,,,
1790274258,Arjt82Pre54RwdUMfsd9mwpE64Thf1bf3euRinA6pump,ACTSMUSE,AbcPPxWTDwBvWYF4tMyjdawThztikcPzshtZEjeFWMRg,pumpswap,1790217505,0.000002234,2244.08,2157,2157,0,0,0,53019.64,0,0,0,0,0,0,382,331,,,,-95.32,0,1,1,1,,,,,,,,,,,
1790274258,9rb2he5QW4ukwGnE6HMCGDxuyfUdkRoWok5VuK4weeun,GrokAI,8NociZX1facrbEVbe35eQShJvzj8myhEqv79U2W6PwwZ,pumpswap,1790217571,0.000003246,3154.47,3054,3054,0,0,91.66,207616.46,0,0,0,0,4,17,3229,2988,,,1.38,-93.03,0,1,1,1,,,,,,,,,,,
1790274257,7GUnr7krtQhJwd6ASY2VUprd9t4c64zcgCsjdmZepump,NPC,BRjMA8UALNp3diTKHfdeAn5riQrYPoaYez7KhYWD4oEs,pumpswap,1790216955,0.0005535,75575.24,523933,523933,7094.94,177981.14,538836.43,3944379.86,62,58,1221,920,3881,3173,33713,24620,8.2,-8.58,253,1096,0,1,1,1,,,,,,,,,,,
1790274256,5fNyHmXGWZcMWC6na47aaDrETrhQgsaXnH6Q8LHMp9pq,NPC,Dsu8BJZJqT2W7CAKhiQuDYC4fMYSEmJwNkJp7gyHnar5,meteoradbc,1790217029,0.00004529,,45294,45294,0,0,0,8683.76,0,0,0,0,0,0,164,158,,,,187,0,0,0,1,,,,,,,,,,,
1790274258,9XAVXfByEvTjohx5F3zUe6c7jBVpRDE51JyyBPgHXpf5,‮SMSU,4iRUyJ9RcKAgxLTPLG2V7o9ahuBygSJvCgQGwSVafw1Z,meteoradbc,1790216681,0.0001718,,171885.07,171885.07,0,0,0,2281.7,0,0,0,0,0,0,82,31,,,,17.35,0,0,0,1,,,,,,,,,,,
1790274256,4zjNyKUcapcj5hVAbMJXB9NFYbgUZvqNXEnZA7q2atzN,IMP,77BKfQH9DVa2hdvQELohTghiP4vh26zXtbNiGVDrwQqo,meteoradbc,1790217166,0.00003400,,34007.48,34007.48,0,0,0,6565.8,0,0,0,0,0,0,128,177,,,,94.21,0,0,0,1,,,,,,,,,,,
1790274260,GKPYQDJ2TMsiC7q4L7L8EZ9DUuVi9Vr6UmYCDfCwjB73,MINESTOCK,AnJEy283eXp9pc5st6hG8dq61cDCQiha6pqXqTDGL23E,meteoradbc,1790217117,0.00005714,,57144.75,57144.75,0,0,0,4104.79,0,0,0,0,0,0,101,118,,,,31.35,0,0,0,1,,,,,,,,,,,
1790274258,AHG5JmpeXhbKss3bDzhzA9C7iTkq7CxgeXuYGNtXpump,USDF,EQ48FRqtg8sanJX6E2Xm4bPhrJEswSTzTa2nQxg6aWgG,pumpswap,1790203052,0.000002137,2169.05,2138,2138,0,0,1325024.18,3163762.36,0,0,0,0,1176,2403,44515,8251,,,-100,-95.52,0,0,0,1,,,,,,,,,,,
1790274260,Ej6LSbXbuYfaGKF2aZtbxEkr3eWjYu7BrDsHGkEKpump,METHANE,EwPK6YbfLZEp8wJ5iUvgw4SZ1hAd5vYxwZhHgFi58xza,pumpfun,1790220982,0.000005796,,5796.42,5796.42,0,48.88,1652.27,203564.47,0,0,2,4,13,36,2144,1468,,-3.29,-15.01,2.95,0,0,0,1,,,,,,,,,,,
1790274257,82ezhRLKdKwkSC9jkM3js1yf93VbmvLXNMPkBmompump,SI,3odkxoFB7KvujaRFoLbCQbbZv93R9njJr9KQTH5cKDKT,pumpswap,1790222862,0.0002245,46150.34,219211,219211,3023.57,51616.12,519663.32,3126264.72,47,30,566,570,4103,3687,26832,20631,-1.33,-28.3,-57.24,376,0,0,1,1,,,,,,,,,,,
1790274258,B4cqDdBWDf6hgy1rma8u4JpoTnoycDQyg33aR48mfFvE,RUNE,5kCLMA7J61yW48EF1MAp54deaQdMWNTSSzbUf1BEge6G,raydium,1790221874,0.0001355,33205.53,135518,135518,295.91,18330.33,140409.71,742964.24,3,3,101,57,384,477,3592,2304,-6.64,-35.23,-64.33,167,10,1,2,1,CPMM,,,,,,,,,,
1790274260,GAdFNQFpwfrvPfMYP8CPGi3AS1g6XNsqZE99w8CWeAmq,WAGE,EzHmrXzyBahyvyNE77W3ycjCMsUWkpNtJGjnPWNE8HLw,raydium,1790218760,0.00006739,26977.99,66269,66269,0,27.89,498.52,10624.61,0,0,2,3,33,18,176,110,,-0.18,7.85,5.22,0,1,2,1,CPMM,,,,,,,,,,
1790274261,h35vn1cWSuEztxLA3Gkasnoaeay5DBNzvSkaaj3pump,SHIBA,4ZrX14t9gBPMvUwUJi4xfn3K2y5zyBo6m7h32VpTEUwm,pumpfun,1790220702,0.000003585,,3585.49,3585.49,0,4.35,12790.47,50353.09,0,0,3,2,165,327,1459,558,,-0.49,-87.51,10.58,0,1,2,1,,,,,,,,,,,
1790274258,9aUQJCY8dHrW2cdLdnmitHYxGDivw7tEQNSKiVHSEG2s,SI,C12T3kN8ynidmGrN3yxy7tUyMX2DPfdK8JYoMLMA9GSf,meteoradbc,1790223513,0.00004197,,41978.79,41978.79,0,0,0,5624.44,0,0,0,0,0,0,586,634,,,,166,0,0,0,1,,,,,,,,,,,
1790274260,FUeN2SdvCxYhgJFQeXuKR9bXNRbXqvGGBkZ3WgekCHqQ,JOSHUA,BBrYAFjFrX4M71ZEjLgu426zyiQmRAqYzBKKfE2dWBQr,pumpswap,1790222893,0.000007225,6801.06,6829,6829,0,32.8,914.16,239912.59,0,0,1,5,16,31,1939,1799,,-0.87,-22.75,-91.92,0,0,0,1,,,,,,,,,,,
1790274260,GPARbQxQCWMkfBDUGxdaXMksJ6av9Mmp6sdwizEpe2dd,PENIS,5YqsZxMehS3UUWJ2kULdxUDj922rmwiS2LPwaNw5re67,meteoradbc,1790223554,0.00005694,,56943.02,56943.02,0,0,0,6436.33,0,0,0,0,0,0,152,194,,,,31.28,0,0,0,1,,,,,,,,,,,
1790274258,8xkvAYMZGLR8HDXCzCoafo3SLSQaiBd6RGhyE5qUpump,Muse,9HDAP4kCsFEb4Hcq4TLp8RdQqFvUcsWRR5D6zXfwce7g,pumpswap,1790220981,0.000002049,2079.56,2039,2039,0,0,0,160783.13,0,0,0,0,0,1,15699,15111,,,-0.89,-95.7,0,0,0,1,,,,,,,,,,,
1790274255,2vb88JnCNRqWi48z5zgDNVzz5mWndnDUjtURipxbRtRY,nocapy,DccxK6BKk2GzRJrAKLtKrFfhYbuANZYJvCNmurjz14MC,pumpfun,1790224568,0.00001355,,13550.85,13550.85,0,49.58,1853.64,82150.6,0,0,0,5,23,47,549,818,,-1.39,-17.6,295,0,1,1,1,,,,,,,,,,,
1790274256,3EDzSJKb4aAYYPt3nUHj8SELUMtMBWB8Lvnw2eb8pump,Double,6vRo11Ao6LssoLkJzu56Y4VeXDXY4F59WmH6fRyKhjYD,pumpswap,1790225138,0.00003969,16978.91,38709,38709,1801.56,3932.42,32728.25,142693.52,1,7,15,33,218,158,925,697,-25.8,-40.53,17.02,-28.74,0,1,1,1,,,,,,,,,,,
1790274256,4avvsHkpZAfAMmTDRiEHRsuhU4c2oWVgpazYKCykgeHz,MrLeast,6ij8Ne4tiwHdSHzZAwSDkkd89q3b5vj2hAh98eNTj5Zs,pumpswap,1790224608,0.000003084,3067.04,2971,2971,0,11.18,278.28,286273.48,0,0,1,2,5,25,4841,3786,,,-11.59,-93.47,0,1,1,1,,,,,,,,,,,
1790274260,FdCQhzKRrADd5Ffmu1TPxzbUz9t89HpHm1U7YuTMpump,BROOD,DaJBMxAUfZbAuc7Z3fJmfvEYzrBUo5ocaNUtcB7C9aTX,pumpswap,1790225561,0.000006473,5666.82,5141,5141,7.31,1554.1,8140.78,1071462.05,1,2,6,25,110,218,9433,7972,-0.24,-44.16,-77.1,-86.31,0,1,1,1,,,,,,,,,,,
1790274261,pH484pvVHtVuDnJRpdU8GM3ymfEPZUJfNkhJjFhpump,Beast,5Fp6QTGj2BxYH36531zDri3NoefuDMAr3QrAm7ygDEUr,pumpswap,1790225110,0.000002042,2068.51,2033,2033,0,0,0,161150.99,0,0,0,0,0,0,22359,10583,,,,-95.72,0,0,0,1,,,,,,,,,,,
1790274261,QJEtbXB6eVGfqJWyPWHciqw5LFd7pqXGPKgCvWxpump,UDR,5KQeepGMtWFzcCJCP6AAU9VcyfqCyocPXq3rqRJDvdaa,pumpswap,1790225121,0.000002040,2055.49,2040,2040,0,0,0,224265.42,0,0,0,0,0,0,1631,618,,,,-95.72,0,0,0,1,,,,,,,,,,,
1790274261,z4bzzjcX6yCJH17Xj71brWmakLyQChedL1Pvoa3BrK4,INUPCS,6eYsnTdU9wTwVFisKxz1uGqEAQeVHifjWZeR6F5K2N9K,meteoradbc,1790225109,0.00005112,,51126.97,51126.97,0,0,0,6969.8,0,0,0,0,0,0,153,189,,,,269,0,0,0,1,,,,,,,,,,,
1790274258,BDKC1AV3saXrN8jKnWB2TTQmDD6z8CFdY55ku7eAfunk,FUNKOS,Hhe2TY1dGPr7SdMJC2hTACq7dTxfr5f6BF3n2nWwkoce,pumpswap,1790225555,0.00008047,27121.96,77576,77576,706.4,9879.54,140111.39,2946654.88,36,6,186,205,1757,1675,23346,20449,4.8,-5.26,-41.87,67.5,0,1,1,1,,,,,,,,,,,
1790274258,AirBM2cu9ECXxZFPMaT1KTad8GnZPYYnuuNon5udpump,MrPedo,796uXjsGQ8yNBkB3KvZxM5hMx4Du24nsNv1BLoPeSzZf,pumpswap,1790223786,0.000005481,4947.95,5351,5351,5.92,416.57,2851.11,786893.65,0,1,9,16,53,88,10306,9658,-0.07,-14.98,-27.63,-88.07,0,0,0,1,,,,,,,,,,,
1790274261,Q8FQ3nNzL2uFKVaJFJTJYBFWqb2Fi31p9VWrrutpump,BMW,7Tc7ezBUNFbtPpJSR9UfGtVjz9vnqZ6UrCkejk1atB1u,pumpswap,1790224806,0.000002083,2106.58,2070,2070,0,0,0,113815.14,0,0,0,0,0,0,8756,4879,,,,-95.64,0,0,0,1,,,,,,,,,,,
1790274260,FKhivsstimUPv5JADynbb8PiNYHVgst5dS8CWqdhpump,CATO,BWRAnxVKvm9Hke3U2CxpEHsHoYmqy4RLsaidf8P1ar2P,pumpswap,1790227978,0.000002207,2252.67,2127,2127,0,0,0,184815.09,0,0,0,0,0,0,6514,4847,,,,-95.45,0,1,1,1,,,,,,,,,,,
1790274259,DUVvyz6wAis45G6YMfK1LcFbE5e4R7wkR4siJZ6fSvDH,Orang,8dKHdHsTJM3XrVkuni9hf5XNF27rq5vZZyTNm1TghWFM,pumpswap,1790230503,0.000003547,3526.73,3413,3413,0,0.2,709.48,173764.19,0,0,0,1,30,35,2088,1794,,-0.41,0.85,-93.43,0,0,1,1,,,,,,,,,,,
1790274260,Ga2mC8UReqPTJdyGUAMeHxkKuQxQx4D29HENNVhm6qAz,SIDELINED,G7nqxTtt2ioQn73UtP7LiZSaWdBgjkoA4ePV7UR2W818,raydium,1790230004,0.000006592,7472.44,6593,6593,8.51,207.73,23782.11,241588.29,0,1,8,12,228,214,2597,2203,-0.47,-6.52,-88.36,-86.17,0,0,1,1,CPMM,,,,,,,,,,
1790274257,7PHFykj3zD4Cy1gerCdU9L44m12jUV6Dc57aCaeApump,GOODS,FuoAdKjc1B2XeL6uKkXfeiyGTKuRgjtA4NtAkzhgnqu6,pumpswap,1790230942,0.00001417,9221.24,13648,13648,301.97,2841.96,30920.11,780621.5,7,6,51,42,446,436,9267,7792,-5.2,-25.81,-40.13,-70.05,0,1,1,1,,,,,,,,,,,
1790274258,AvEygAtPanVzKjXAfkZvmArkKmDoGvuWyLZ31zTfpump,Gemini,8BMKVtMA9ntbsJWWiYE6ABCGvuFnNrhmeBg5p3JgorHh,pumpswap,1790230879,0.000002096,2123.3,2097,2097,0,0,0,44866.29,0,0,0,0,0,0,2195,536,,,,-95.62,0,0,0,1,,,,,,,,,,,
1790274258,A8otEGnvKPsx4BNx9CXqPvTyxfTnE74f3ET1A6jdodED,NPC,8VNxfMxWTQssJqZE3HS41FddeU3CWPojSnguTCd6QXKa,meteoradbc,1790230425,0.00005683,,56837.64,56837.64,0,0,0,34845.64,0,0,0,0,0,0,1446,1461,,,,33.71,0,0,0,1,,,,,,,,,,,
1790274256,3ADALvHeDsVSmSGVjy7cGj4zYAh37r59wMpGvnQuC5YM,BROOD,bCnfgfx2SG8vNeKvqK9vT62AoE5aMvANb2FJ6fy7rCu,meteoradbc,1790230898,0.00005515,,55159.72,55159.72,0,0,0,4113.36,0,0,0,0,0,0,97,120,,,,282,0,0,0,1,,,,,,,,,,,
1790274256,3Wym8kq2LCg4HuS5Squ7iEFzJGm5H4xibBPU6d23cuJk,SI,6XNJ3B7qnyy3dtkZvxzEipdvyH2YWrDMmUCabZ3ADYPU,meteoradbc,1790230838,0.00004447,,44474.22,44474.22,0,0,0,12106.12,0,0,0,0,0,0,212,238,,,,181,0,0,0,1,,,,,,,,,,,
1790274257,8HmK2961xc821UuHd8oZy6dHHUxxK4Kavo8V9cQf68z6,SLOP,GTKdDojHmYoebS31prwgSXRT84JLjQS8E5kAxnahp9Fg,meteoradbc,1790230908,0.00005147,,51473.76,51473.76,0,0,0,13003.71,0,0,0,0,0,0,179,279,,,,278,0,0,0,1,,,,,,,,,,,
1790274257,7szKRHvGoGAJkGEXA6SQ2sxqfhy6i7zHLVPwNtA7Hswu,pBTC,ELg4YbKcXG2Qqiquvx1PQkC4n3m7rXJnmu2Gy1N6k4HY,meteoradbc,1790230938,0.00004655,,46553.39,46553.39,0,0,0,4711.1,0,0,0,0,0,0,79,126,,,,131,0,0,0,1,,,,,,,,,,,
1790274256,3MvWUZoP4XWPPYmFykSm5e73iXvFkXJuTRFvuzpQpump,QUANTA,9rm1CCukwaG86NyqpqjYK8Xmora1TmWXUqKgzk5iok3a,pumpswap,1790230308,0.000002069,2092.12,2070,2070,0,0,0,110773.84,0,0,0,0,0,0,6650,8374,,,,-95.67,0,0,0,1,,,,,,,,,,,
1790274255,2r1QzuF3qG3Xq5NTNYG5XkPTsbUF3zWrdTs2JvGHpump,OTC,C3UvH3qX9x54cTgb95YNBt2gksX3t8jBF69MGD4tXGSs,pumpswap,1790232241,0.000007459,6179.06,7211,7211,8.34,1252.33,12519.69,821595.06,1,1,21,19,204,242,9378,7340,-1,9.09,-59.34,-84.36,0,0,2,1,,1790274341,1,1,12,19,100,196,3262,3089,100.0
1790274260,GCdiWuRagkHuD3edSkc6GPzg3q42ojU2wZBQSbtoZHPq,helmet,CRayVNuqCzeM3rGN5zEgmadUxMDQF1QB2D7D2nBbqA32,pumpswap,1790231812,0.000003324,3225.58,3184,3184,0,2.19,638.47,223785.2,0,0,0,1,9,33,3068,2863,,-0.13,-8.17,-93.04,0,0,1,1,,1790274341,0,0,0,1,7,33,1334,1440,100.0
1790274257,7GCXWPCKksGRbtqGXXQP6hzmsivUwa6DYgrxWayn6pWE,MOONCATS,ACkzsk4vtN5Wtw21o3RYLAMghqP2icnakivxz8uTavv6,meteoradbc,1790232500,0.00008957,,89575.8,89575.8,0,0,0,5648.43,0,0,0,0,0,0,109,137,,,,52.98,0,0,0,1,,1790274341,0,0,0,0,0,0,76,81,
1790274260,GLsKZtqBcRHRP9yec59x5e6u3c3b6BeS7d6MiR53skR2,helmet,A4DJWuTQNtnG58EAWu2mEkGj9fbU1ivpKQecUiWoWMQV,meteoradbc,1790232366,0.00005710,,57105.45,57105.45,0,0,0,7784.77,0,0,0,0,0,0,334,291,,,,34.92,0,0,0,1,,1790274341,0,0,0,0,0,0,162,145,
1790274259,Dfg7P2skxX17dEAsQCJ24Pjj3Bk8jd2NFLHiMNcC2HUV,helmet,gLHHLmBKTXoLCAp56jeTxWMUNMzSY1AkteoNH1Bji7B,meteoradbc,1790232512,0.00005682,,56823.84,56823.84,0,0,0,6652.3,0,0,0,0,0,0,265,236,,,,34.38,0,0,0,1,,1790274341,0,0,0,0,0,0,143,130,
1790274261,GmRb3K45bfzzd1VgfMTxHr1TZwcVS8tEnBAe1aaEFYJB,PENIS42069,BeLw8RoSEMnTRLSuG3n1wCq5SAVgwx6xVAfUucyBRrQx,meteoradbc,1790232513,0.00003597,,35976.64,35976.64,0,0,0,15153.33,0,0,0,0,0,0,315,384,,,,140,0,0,0,1,,1790274341,0,0,0,0,0,0,170,178,
1790274258,9rHbsB8jefY8SHWSAXCLU5VUYBxHZ6QKSiSyvAHCW8CH,XBUBU,2MGMunKUmasbST3hzF5vH1ZJSqJ3tqYGj11vpfiiC5qD,meteoradbc,1790232493,0.00005547,,55479.67,55479.67,0,0,0,14315.69,0,0,0,0,0,0,356,419,,,,301,0,0,0,1,,1790274341,0,0,0,0,0,0,157,145,
1790274259,DmvjByc1BaV849U3Yv7GQPk7h4kKWsFzFi3ACKnQpump,VWA,ET36WCS8XNEjQkUHdRFhKVe33REX8g133G2xoX9jaWHB,pumpswap,1790232540,0.02348,438703.35,23477610,23477610,796.5,13484.67,91452.12,332116.78,28,7,442,116,7188,782,22145,1480,0.7,2.63,30.57,49110,0,0,0,1,,1790274341,20,9,22,20,24,21,60,51,100.0
1790274258,A5bAUNKij8u7f3Dg3PuNyuMYcBRXELUm67G7qsrMpump,SI,Bcx1RbVNGuCtRE7b6M8gLe6dE7mxDRFW4BAW4AumqC1,pumpswap,1790232064,0.000002061,2083.43,2061,2061,0,0,0,114474.9,0,0,0,0,0,0,6320,8050,,,,-95.69,0,0,0,1,,1790274341,0,0,0,0,0,0,2705,3092,100.0
1790274257,6kZDug8bEaMz23GJUxfsgHdKAbTa4zEDqSLKdgFPpump,NVIDIA,Cdhg2JrMW3VTNmYFbcjwDP62U2u8S7o1GGMKCBCjMRtw,pumpswap,1790231072,0.000002037,2061.3,2028,2028,0,0,0,124434.06,0,0,0,0,0,0,11367,15457,,,,-95.74,0,0,0,1,,1790274341,0,0,0,0,0,0,2447,2234,100.0
1790274261,Ufwjn7mtvgUfRG4nMSxRS84ewXHzdHLJRGzMDBMpump,USDF,6vaH23uiJfqzxGFQYT5hcEE1mSyog8Y4CoLVUNnBjR17,pumpswap,1790232045,1.74,3800640.84,1744757768,1744757768,3379.13,47997.67,288226.17,4375912.38,246,6,3470,64,21141,403,72689,3420,0.25,3.42,25.41,3652071,0,0,0,1,,1790274341,292,4,2280,10,3053,48,3275,211,100.0
1790274260,GDsVukNDGukURCAo2pnqXtJwkRyGaHZHEtuk1N1pump,ACRE,CTcakS3g1B16gY46hW9rfswtcguQhguEoC85MgMjQ4bF,pumpswap,1790243338,0.000002866,2808.75,2731,2731,0,0,86.13,59683.86,0,0,0,0,2,14,287,515,,,5.74,-93.91,0,1,1,1,,1790274341,0,0,0,0,1,16,211,291,100.0
1790274258,9ni8ZTUidhLWyRF1Uch8BAEEVETMZxtcdupSGim4Mcrj,AH,FRAWy57fh5Wj8FLT3Y44112KY4CjpfDV6Etx6oLKC7D8,raydium,1790077244,0.00002908,13869.25,29085,29085,1.25,155.46,6187.92,26959.26,1,0,7,2,70,56,235,198,1.55,-13.15,-21.89,246,0,4,1,1,CPMM,1790274341,0,1,2,4,37,30,104,99,
1790274257,7jMAxNVduVyvhh3rvunfGAhH6u46Z2qopqH9vB4hpump,INFUSION,9v7mg2pqnxW2g7vvWFkadjjuEE5zrYeo1eyxNMLMz3Sd,pumpswap,1790236944,0.00001656,9930.27,16026,16026,1.82,562.6,13976.25,398176.61,0,1,2,22,163,216,5194,4381,-1.01,-10.99,32.33,-64.62,0,1,1,1,,1790274341,0,1,2,20,115,167,2186,2140,100.0
1790274261,HwzAVWkB3oTuRBjkV2LTuHAZY8oFjc377qdfxKHcpump,miao,2xRm77JSzuncvYSimJU91WSRXg97fkK5AaWVqrj9Jbjv,pumpswap,1790238067,0.000002126,2129.06,2055,2055,0,0,0,16986.42,0,0,0,0,0,0,125,255,,,,-95.83,0,0,0,1,,1790274341,0,0,0,0,0,1,75,104,100.0
1790274257,7fSd7XTvSbAFKjGVNPMYF3Tovq3mww9HPqsrpStKy7Tp,Elephant,6dTzKUwpap7MEjZEkTPC6kmdDm3aToZZvhYXwGMunomT,meteoradbc,1790237984,0.00005127,,51274.09,51274.09,0,0,0,11037.35,0,0,0,0,0,0,405,406,,,,270,0,0,0,1,,1790274341,0,0,0,0,0,0,168,156,
1790274260,EQc2VgWRCXqR7YGcYHFfSVp2iY1QBitriuBicdjDTaNd,Tesla AI,GujAWg8NYpL3g4JY6TMW4KzkywRaHr1vccKQJmddp4EU,meteoradbc,1790237977,0.00004270,,42702.78,42702.78,0,0,0,11706.21,0,0,0,0,0,0,204,201,,,,170,0,0,0,1,,1790274341,0,0,0,0,0,0,119,114,100.0
1790274260,Fdo3aHX8M4e5xEQt8kbrTUEDAkLgpn7cL9H3FGPvDLKC,DESKS,7963eVRFAdar2ShfXcBFJt1LEPNCZwnHHck1js71LQuf,meteoradbc,1790238007,0.00005188,,51889.87,51889.87,0,0,0,11839.87,0,0,0,0,0,0,279,364,,,,256,0,0,0,1,,1790274341,0,0,0,0,0,0,162,158,
1790274256,3o4VtGUBx6DzZaj7xUqgvwaNATBjb1dAxMwM7ZGBPt6K,Tesla AI,3nZ3pmjHcjd7g7qyQyBSVCg1wMJok89sdGSvPD1xaRB8,meteoradbc,1790237833,0.00003312,,33125.47,33125.47,0,0,0,21263.48,0,0,0,0,0,0,362,385,,,,109,0,0,0,1,,1790274341,0,0,0,0,0,0,145,144,
1790274260,FMKsTgmQxYhpmF21XRbXk3sk5XaATuyEkHtzp3vwpump,GTA IV,AfizRutUXw9SdepfDLaXx8Thxek5Vh77LmRTQSw4iA3q,pumpswap,1790237693,0.000002038,2068.51,2033,2033,0,0,6.47,150686.05,0,0,0,0,3,2,9452,10607,,,-0.32,-95.75,0,0,0,1,,1790274341,0,0,0,0,1,2,2967,3098,100.0
1790274257,7v8wLGseutfAeYdT56LXjZskF5Ah64sgvCYN9ugDpump,Hermès,Ez4f84q6jX6S47x9ZbRdhzL7uff1yMEfZUN9LsupxSsL,pumpswap,1790237731,0.000002310,2346.38,2301,2301,0,0,6.95,225386.07,0,0,0,0,2,1,19063,17381,,,6.82,-95.18,0,0,0,1,,1790274341,0,0,0,0,1,1,1956,2221,100.0
1790274257,7uMUGDr8Kwj8hb68cDFMkmpCvMVejA3VtWDKJJ9Vpump,TikTok,BjE5MRNsYsfYrvG4BNQwd8zBtJ4yizX1ud6qcDxQWV1u,pumpswap,1790237248,0.000002037,2060.52,2027,2027,0,0,19.49,110828.74,0,0,0,0,0,1,9426,9123,,,-1.8,-95.76,0,0,0,1,,1790274341,0,0,0,0,1,1,2365,2145,100.0
1790274258,A6i4GPVneLUKV5b35QGLPetYfdzWKJ1MYtRGmYyspump,Muse AI,GEoH65VN61opsgeEhM2c2STuiXbhAStAa3ds2Nx7NtMF,pumpswap,1790237376,0.000002150,2179.7,2140,2140,0,9.76,20.72,162090.51,0,0,1,0,2,0,14271,19085,,1.46,5.87,-95.52,0,0,0,1,,1790274341,0,0,1,0,2,0,2443,2180,100.0
1790274258,Az9eyxEaiZD9AX4j5nP19Cm79eyfNriTuddMSQmLNEBm,CADD,3AfrTUBKBytUYnWNCvuoZ58U1EF1mzuVneLfGJaWNneA,orca,1790174281,0.7110,87086.53,56172,56172,0,0,0,87.74,0,0,0,0,0,0,2,4,,,,,0,0,0,1,wp,1790274341,0,0,0,0,1,0,2,4,0.0
1790274261,yFcTuQJCMsd1Asya15GZ7h4KGdxsujRLcUiTWWXpump,SDOG,CBnBZf7o1hZ2eAiqyCSVKTXrbNF8BLkuNeX65mPpd41C,pumpswap,1790239191,0.0001286,31731.41,122703,122703,390.98,13337.64,218614.84,646993.51,5,43,191,193,2061,2031,6629,5816,-5.11,11.7,-29.41,174,0,0,2,1,,1790274341,6,51,162,157,1131,1170,2830,2615,100.0
1790274260,E6asf2mRk7xbQSH816d1m1MAph7ZYFxn5jYCMtcKpump,SIDEHOE,GdWPzVtNJwvcATsQyF8e9TXHFRZe9LU1y2KmZRkhjCPD,pumpswap,1790238314,0.000003298,3235.83,3197,3197,76.39,95.56,3451.04,271493.33,1,1,1,6,56,93,5491,2879,-3.56,-5.52,-30.31,-93.08,0,0,1,1,,1790274341,1,1,1,6,45,81,1391,1387,100.0
1790274258,Ag6Wj8ZWdAc8DjLvN7Wefo1AAVYZUVRMBB1izzbbouEQ,MONADSPIK,AjZ3vmHvTRrVqgPb8S364E8vqLJw4hfSsf8B7stAuzBL,meteoradbc,1790239114,0.00005613,,56130.7,56130.7,0,0,0,5491.43,0,0,0,0,0,0,114,147,,,,222,0,0,0,1,,1790274341,0,0,0,0,0,0,96,113,
1790274261,H65RGwGrruzzpzBNgkrkynzMBFCkaKdPxRAA5Qxdpump,Nike,C6K9HTw2huxk9Y8CxXwij1xWL7c5FdhxW2rRxkE3ZLsb,pumpswap,1790238378,0.000002008,2029.6,2001,2001,0,0,0.14,127350.02,0,0,0,0,0,1,8864,10083,,,-1.76,-95.79,0,0,0,1,,1790274341,0,0,0,0,0,1,2921,3102,100.0
1790274258,9sX2oUuspK3wHV3m4hAFPMCsegZy2jimYpLPXVCcFuZv,PINF,Giv4xZAmsnpSBxrJzCDtgKVFAnAu7TUz9oYKHiuQHqL1,meteoradbc,1790246753,0.00005206,,52061.03,52061.03,0,0,0,11724.44,0,0,0,0,0,0,257,346,,,,260,0,0,0,1,,1790274329,0,0,0,0,0,0,145,142,
1790274259,D1UEDuLUj2WuR5Yv27U7Hx5EFVZ2gMQVhpaqu9YWpump,MIRROR,B7iuhT5x5eU7JJjpDBzG2wZJEyJ5XUXWZ6ACSJTW6Z7P,pumpswap,1790246714,0.000002514,2781.31,2436,2436,0,0.4,0.46,742703.08,0,0,0,1,0,4,5976,4883,,0.21,2.68,-94.69,0,0,0,1,,1790274329,0,0,0,1,0,4,566,552,100.0
1790274256,68hmMLubTJsZfhBaBMMajPrU84xpxViGoY2eG87Vpump,Spider-Man,DWL2buRGsr5LXQ4hb5h3TWJzwqTjhYvMbHopz9cGNtdN,pumpswap,1790246765,0.000002053,2068.5,2053,2053,0,0,0,74160.55,0,0,0,0,0,0,3178,5516,,,,-95.64,0,0,0,1,,1790274341,0,0,0,0,0,0,2261,3097,100.0
1790274260,EfFWNg8vhConQ4nH6Up1ZpvVCUBAyLpRABVJxVjwdgkX,AURABYTES,4KdXAZukkHYqSRNe1AunP7RupP6sG1gvzWmqcG8YLVKB,meteoradbc,1790246708,0.00003161,,31610.81,31610.81,0,0,0,6322.08,0,0,0,0,0,0,159,197,,,,82.79,0,0,0,1,,1790274341,0,0,0,0,0,0,116,125,
1790274260,FFDCa6WS6VMFa81HSD7cVmLo1hziwZKffPRDBjuapump,FUND,5LQZE8UUQGZbb1UjMMfctuhf9a9EBYS5ZAhzTa7eYCcx,pumpswap,1790252547,0.000002502,2486.22,2325,2325,0,2.16,39175.8,61268.59,0,0,0,1,605,581,905,793,,-0.52,-92.11,-94.69,0,1,1,1,,1790274329,0,0,0,1,444,509,444,509,100.0
1790274260,EFW3VwqYPzoc58reVMy2GxEjv78xQ765pQy1JMdBVoB9,PROM,GCdb9dLYKoAzzTWkzDqvaTcevEgAz4AuivvRBD7FbnhE,pumpswap,1790252269,0.00008953,27889.08,87665,87665,308.83,13448.27,1494528.02,1780344.63,6,9,264,245,15764,12735,18737,15664,1.12,1.63,-41.99,91.84,10,1,1,1,,1790274329,7,10,213,213,5057,4870,5909,5335,100.0
1790274259,BszGuLK9RLJ7YHgia55kwcWAuTodx1AwGFLGUcDoxRCK,ape,9TMq92WdTNsJ8oa3ZyiYBsehN41n6b4NadCg3vgrwZ5r,raydium,1790250999,0.000003215,5348.96,3216,3216,0,51.15,19270.29,123642.6,0,0,1,4,225,272,1724,1336,,-1.41,-76.03,-93.1,0,1,1,1,CPMM,1790274329,0,0,4,1,227,152,845,726,
1790274260,FpHva8LfsHsCMhcyXXUPTyoiUZmSPpscypM11W7vquh7,CAMPFIRE,ABoaQ5LNzP4w2vVg6c1xthhfe4LsLgKaxy27hH9JHmsV,meteoradbc,1790252502,0.00003175,,31758.37,31758.37,0,0,0,8074.25,0,0,0,0,0,0,210,278,,,,132,0,0,0,1,,1790274329,0,0,0,0,131,154,131,154,
1790274257,6d3kzA7LJ9kxYNWGkaqxKD93B77FTEebTUcMZhEbbtnx,PROM,AqJgJTz7p25CEPPaSmC6abCZ4VjZJ5RJydGqizm2MSAh,meteoradbc,1790252568,0.00003331,,33315.76,33315.76,0,0,4535.95,9858.02,0,0,0,0,143,164,289,346,,,46.38,121,0,0,0,1,,1790274329,0,0,0,0,166,177,166,177,
1790274256,3cFqm75R9izaaaDHL3qARSTW9E3b2xYniQ1AZ2ampump,C@T,Fq843hXGsSwWJkNGYiuDaBYoAdKnBP5HpfVmmnt1Aj1X,pumpswap,1790252283,0.000002161,2252.46,2131,2131,0,0,195376.85,348203.03,0,0,0,0,3582,3824,5526,4131,,,-98.42,-97.37,0,1,2,1,,1790274329,0,0,0,0,3647,3636,3647,3636,100.0
1790274258,9bvapF8f5bn4xPAdkPATEm72vcQr47r5QiyKvCLcpump,COMPUTER,B6D52zrPiDhZUnhYu5AWv4vB8iWMRYuJTNZWTHi2BB7E,pumpswap,1790252335,0.000002019,2035.98,2015,2015,0,0,49212.3,87218.45,0,0,0,0,729,3578,2645,5084,,,-99.8,-95.72,0,0,0,1,,1790274329,0,0,0,0,2111,3091,2111,3091,100.0
1790274259,C8B4hzngbAb2kyM36M4F865tjQUsC57CHV4cHTXLpump,Meta,5kmJkieZgN5fqb6yQbneFwHSqZDJ12AYQeGFyU8AeGGD,pumpswap,1790252526,0.000002172,2198.06,2173,2173,0,0,28399.26,46936.81,0,0,0,0,16,37,2154,333,,,-99.49,-95.4,0,0,0,1,,1790274329,0,0,0,0,2050,326,2050,326,100.0
1790274257,6cppjeGo2dn9Cb88urywPmQrdgtRQsCwCv85p8nYVDLp,NAZA,5xpdcSh9TWT4mnWwHvWW1zvio5qw796TUA2qeLGZq1fB,pumpfun,1790253784,0.000005320,,5320.77,5320.77,0,0,48177.52,48177.52,0,0,0,0,700,688,700,688,,,23.3,23.3,0,1,1,1,,1790274329,0,4,0,4,403,385,403,385,100.0
1790274258,9dZDiEh3DQy2adYqwnoG6Hap3YNWgLWW7hqJxUPuZ6HS,AI,arkLvtTrDCiVpGbBMn9PXfA2yNaUwKhBTy7unqEKyRg,pumpswap,1790250805,0.000008567,6551.58,8178,8178,285.38,3450.61,201726.17,435944.34,3,7,53,63,2584,2162,5668,4532,-10.76,-43.03,-75.24,-81.71,0,1,1,1,,1790274329,3,7,36,54,1090,1185,2185,2113,100.0
1790274259,CQPTg6MJHXt2KtL5hfPtETkTicbUqz1cCJdZB9tFgGyK,SHARTCOIN,9Ew9Dz8JLLfZxcj7oz4DuUb3Ji2ZivvAA6UUVifKfkQT,meteoradbc,1790254151,0.00005640,,56405.69,56405.69,0,0,12638.42,12638.42,0,0,0,0,537,532,537,532,,,34.95,34.95,0,0,0,1,,1790274329,0,0,0,0,188,181,188,181,100.0
1790274255,2RDV1zyUpJ9RG9Q4aqoB5gSHrT6goM149b95ktCTpump,POOPCOIN,93dK3eBpg6js54MwDUcsj3HtDgHuUerb1dYxSesYkz1g,pumpswap,1790254114,0.000002164,2233.14,2126,2126,0,0,235511.6,235511.6,0,0,0,0,2572,2133,2572,2133,,,-97.25,-97.25,0,0,0,1,,1790274329,0,0,0,0,1876,1903,1876,1903,100.0
1790274258,8dQViH5ABGsgHBmR3qB3yYG7rLX6n7pMohyoiz1Upump,LEGO,AFZsNNq7tKCZa4EXPnZ8jU8doqU3M7ZT4VgRJC3VWWbv,pumpswap,1790253262,0.000002112,2134.73,2106,2106,0,0,103676.92,103676.92,0,0,0,0,5510,7439,5510,7439,,,-95.52,-95.52,0,0,0,1,,1790274329,0,0,0,0,2664,3100,2664,3100,100.0
1790274261,Uafc76M55dC6ZF7Aez76acunWfDLkLRpiMfDQtupump,₽,G5a7FKJbuEwLAqJAgrfy5iQyPzBPdxfxKifukppAN8Br,pumpswap,1790250375,0.001779,121892.76,1730545,1730545,264.18,3133.08,269985.79,605172.12,21,11,282,143,17381,14017,20711,15724,-0.84,0.63,237,3685,0,0,0,1,,1790274329,25,13,100,99,1334,381,1663,477,100.0
1790274257,86ZdrdVsXPdQ3mMfoEUYhukshxJvgtttuiczfn2ipump,CUMINU,FXU7xwCHdQTxLiDkzWrUcLqn7qbhDBUc4zRgxS8gfQPy,pumpswap,1790253592,0.000002298,2432.96,2243,2243,0,0,504691.26,504691.26,0,0,0,0,24543,13298,24543,13298,,,-96.5,-96.5,0,1,2,1,,1790274329,0,0,0,0,6798,6783,6798,6783,100.0
1790274259,DAJBSmnopkFMQe4NDgwxPkZxu9z1Wf2GTU3GZS7kYPVE,PVE,8iyx1FSFESaqXYsgeEW13G3rn4RPdW3xnHge666coJwY,pumpswap,1790256056,0.000002478,2549.02,2408,2408,0,0.04,285276.7,285276.7,0,0,0,1,4264,3982,4264,3982,,0.13,-94.65,-94.65,0,1,1,1,,1790274329,0,0,0,1,1808,1901,1808,1901,100.0
1790274261,GgHueWh3L2niSL4TcoW8RN7JaQYxXHh1xuamAedU97ct,USELESSCAT,7hyrftNxu32zQp3pbon57W55CxMZYw6ETQRk4joG2tNQ,raydium,1790255392,0.000006653,7470.4,6654,6654,34.28,349.03,41557.32,41557.32,0,1,1,12,540,369,540,369,-2,-18.37,-86.19,-86.19,0,0,1,1,CPMM,1790274329,1,0,12,1,270,259,270,259,100.0
1790274259,CjuFLo6UcVko34FkwJNH1RAY9QP9yKWevzAoFkDrpump,PCAT,Gq9dsEegyCV4tLgUegjoptBUox65cBjBn7ZZhMfrpDsw,pumpswap,1790254508,0.000002494,2736.83,2402,2402,0,0,1027376.71,1027376.71,0,0,0,0,16217,9936,16217,9936,,,-96.96,-96.96,30,1,2,1,,1790274329,0,0,0,0,6548,6495,6548,6495,100.0
1790274261,hycYxx4mSKC1df6EJq18migjZ5sfBY3a2xHYjmhpump,SANDCAT,BrYbNvS89AddtkmeQmGpLYdXEUPDWWQPNr1sLaiSnhC6,pumpswap,1790254758,0.00003237,14674.85,30969,30969,646.53,9570,465178.2,465178.2,51,8,145,75,5526,5508,5526,5508,-3.14,37.3,-30.74,-30.74,0,0,1,1,,1790274329,51,8,109,61,2164,2029,2164,2029,100.0
1790274261,PUMSjTiXUQ6fRQzBaESNtT63NozibUNWNFpxLZTpump,Animoca,2c4SDHKN6j28Wn3qG4WSZ7bYxv682bEfMCtSKudHRNyf,pumpswap,1790256150,0.000002544,2522.2,2300,2300,0,0.03,34862.27,34862.27,0,0,0,1,1619,746,1619,746,,0.89,-94.61,-94.61,0,0,0,1,,1790274329,0,0,0,1,1444,615,1444,615,100.0
1790274259,C5mMrNonVYQFzNtzGDgR6un4GRmTBPN8vmVHGU5HXX1d,ROBIN,3V7YASwd4jLNxtP1TQ1BASLKiqurwjKxQZcMZxyLPL3K,meteoradbc,1790255895,0.00005713,,57139.08,57139.08,0,0,9044.68,9044.68,0,0,0,0,388,397,388,397,,,35.68,35.68,0,0,0,1,,1790274329,0,0,0,0,182,179,182,179,
1790274260,FX2cAxKzhAo9MvmFejLqh9J6sJhjY3WbKyUHUDcg9NiA,Alpenglow,GkxfmJMUVmyN4XAYy1ncyjUTtcP7CgEz5go4eCanwfZF,meteoradbc,1790255964,0.00004231,,42319.72,42319.72,0,0,4853.86,4853.86,0,0,0,0,121,144,121,144,,,179,179,0,0,0,1,,1790274329,0,0,0,0,103,111,103,111,
1790274256,4yoC1hAuz81Ceinj1nU6DYYpNjAoCYHhDbD67rkupump,adidas,DqXbFmGcPZk1hhS4Y1xPtNbuxTXgpUeRzis6LPN3Uofk,pumpswap,1790254446,0.000002079,2099.58,2071,2071,0,0,160378.28,160378.28,0,0,0,0,30624,18172,30624,18172,,,-95.59,-95.59,0,0,0,1,,1790274329,0,0,0,0,2355,1074,2355,1074,100.0
1790274257,8CGFMH3XceSqK7apieWHTG63zbPYtvuwCHcDoatfpump,familiars,BQuxbVf5YCLSsy1E95cjpMtz1yCFTkNGPvMxpgynsgwp,pumpswap,1790255856,0.000002048,2066.67,2041,2041,0,0,91295.05,91295.05,0,0,0,0,4935,6915,4935,6915,,,-95.68,-95.68,0,0,0,1,,1790274329,0,0,0,0,2579,3107,2579,3107,100.0
1790274256,3zYtpRtK49edJjbtscYzBpy5D9AAFzni7Zm7ZGQipump,GTA 6,C83QKi5bbtSEgbQRQeytVYmAWDK763pXGUKLgjXCsKPy,pumpswap,1790255195,0.000002031,2046.1,2031,2031,0,0,73929.48,73929.48,0,0,0,0,5558,8414,5558,8414,,,-95.71,-95.71,0,0,0,1,,1790274329,0,0,0,0,2439,2404,2439,2404,100.0
1790274259,BavFM6fj8Sr9YcmidNNMphANwmpeG9gKTdhb1JdV7GX5,GURU,Ax5M3im36VFCKuphqPk8pB29kmLwXCEiSXsjRMLNfBPK,fluxbeam,1790246801,0.001419,1404879.15,1419306,1419306,0,0,0,10058.63,0,0,0,0,0,0,300,0,,,,902,0,0,0,1,,1790274329,0,0,0,0,0,0,20,0,0.0
1790274256,4AsQBfzrwCQmk6Msra66CX9p7agrwsCTbHRoCego1sEV,JEANPHIL,2B8hdw8s93UopKVp89QHSghahvtgGqRQpkCN581GPLAA,fluxbeam,1790187823,0.001431,1416291.01,1430835,1430835,0,0,0,10033.72,0,0,0,0,0,0,297,0,,,,824,0,0,0,1,,1790274329,0,0,0,0,0,0,20,0,0.0
1790274261,dxqSq2hQipTN249zjv78zujvaeEgYyHyYq88pNXpump,ONBOARD,FZAjdc1kStK4MrTdZ4wMaJhSbqs3U4LoCFejWj9a4uGC,pumpswap,1790257150,0.000007528,6728.12,7372,7372,123.07,1688.12,2736753.33,2736753.33,2,2,36,88,20186,17920,20186,17920,-2.96,-31.01,-83.64,-83.64,0,1,1,1,,1790274316,1,3,27,84,6908,6185,6908,6185,
1790274255,23d5EtiLeT1t6seccoNNADa82yUeKrch8g6ei9tVpump,MCNAP,DmxhPcjybBcBDBzc39KPN4FoqzsntVdLJBAcvttnsZeS,pumpfun,1790256041,0.00004695,,46955.39,46955.39,0,0,9714.41,9714.41,0,0,0,0,8,0,8,0,,,1365,1365,0,1,2,1,,1790274316,0,0,0,0,8,0,8,0,
1790274258,8K5tbzsAJx1JYj9yvZdtJbFqbf1A3uKGejpw59wNpump,PELON,2RuHs3BdjH3JWUHpny19ekrUvjAGryNQUYApFgmZBWnL,pumpswap,1790255744,0.000002412,2682.8,2361,2361,0,24315.55,1559962.56,1559962.56,0,0,1282,7697,27380,19416,27380,19416,,-96.97,-96.96,-96.96,0,0,1,1,,1790274316,0,0,503,7671,9367,9340,9367,9340,100.0
1790274256,6MPGA9ccfsQfdUDNhWmiWp3CkCYsJnbN6UutMY4icPjo,ROBUX,7EZo4smD2egU1KbFbFxSNG4Utuqmccc4x51QQXPfGGob,raydium,1790249051,0.0002201,42016.57,220124,220124,2453.35,15453.96,105689.53,179509.71,7,11,82,79,884,662,1567,1063,2.3,49.37,29.84,354,0,1,2,1,CPMM,1790274316,10,8,48,60,361,474,550,788,99.9999999631347
1790274260,FnBS4V6kyWXKWfgH3tT6Xu162WubcgtqjVTHcU5Zpump,ST,9atKbKNbc6fbs8jJFWjgFKdDfCZmKQT4zMhdVwDDRMjW,pumpswap,1790255653,0.000004609,4146.41,4467,4467,414.98,508.9,120356.9,120356.9,18,6,20,11,1303,1380,1303,1380,-22.27,-24.8,-90.28,-90.28,0,1,1,1,,1790274316,1,7,2,12,673,746,673,746,100.0
1790274261,a3QiJP8BJ3sTsP85fYAAtsLrdH9W3AvSFfRcx8Spump,$BITFOOTS,AhvXJNE7s9j6f3UzL7wuZYWLAKfQzjmHnEe7WooLiHhv,pumpswap,1790256965,0.000002351,2397.54,2215,2215,0,0,237613.77,237613.77,0,0,0,0,1362,980,1362,980,,,-95.03,-95.03,0,0,0,1,,1790274316,0,0,0,0,1039,906,1039,906,100.0
1790274256,3TveHteT1i1CWQSPTs2Jaah9ARNZxkw5aks6vppMXF1g,ROBIN,GF7K5bMq8D2Asy2EATVMmrYC5rgrgi6yAT42kKU6L4yu,meteoradbc,1790256967,0.00005714,,57146.47,57146.47,0,0,11016.56,11016.56,0,0,0,0,483,479,483,479,,,35.07,35.07,0,0,0,1,,1790274316,0,0,0,0,192,189,192,189,
1790274260,EiSEvgWV1a9NRrmh4LdGGZ3Hr6zbZPMqEFvsWzHopump,Muse,WR3CiMXRyzjvX56o1SApzgV7sdg2SMJdMFt3FWTt8rR,pumpswap,1790256659,0.000002071,2087.28,2061,2061,0,0,126246.82,126246.82,0,0,0,0,10767,12203,10767,12203,,,-95.65,-95.65,0,0,0,1,,1790274329,0,0,0,0,425,2337,425,2337,100.0
1790274261,HNxwU4tZ7urNGnjbjUc7f1jXUfqwhNC3VaAUJhpPpump,TICTOC,2BWdNPLxs1g8wewMAD6on7xUseCwMVQ8VWvNEgVVpzS5,pumpswap,1790257497,0.000002313,2496.29,2285,2285,0,0,817142.22,817142.22,0,0,0,0,13696,9742,13696,9742,,,-97.3,-97.3,0,1,1,1,,1790274316,0,0,0,0,7599,7584,7599,7584,100.0
1790274261,HExJd47752Q2Nqm1EpMDrvfPKWdeVtZ3ATh1TukU1tYn,WIRE,4zqq2kbuL6b98Gx2DjGzkZ2MPUq559nkWrvwJMi3Tkxd,raydium,1790258787,0.000004960,6619.84,4862,4862,4.93,62.58,265446.97,265446.97,0,2,0,11,3219,2342,3219,2342,-0.12,-3.69,-89.41,-89.41,0,1,1,1,CPMM,1790274316,1,0,11,0,1353,1417,1353,1417,
1790274260,EpLL2ztX1koD6qjjpxCWpdYKCre1Pn4DeMkYbGeip3AG,$1,BHxjSKmt5pM1ChnTzqFexAwqMGZQiJaUSKxbd6pH7Jf9,meteoradbc,1790259549,0.00005545,,55455.6,55455.6,0,0,1267.93,1267.93,0,0,0,0,5,2,5,2,,,28.26,28.26,0,0,0,1,,1790274316,0,0,0,0,5,2,5,2,
1790274259,CLeHYCiRZBbemFGhe19E9miXnGc3LuervrU7TYmVpump,TBR,3JRbixScAM3st3pTRLA66tRi7xFvfBq3jtuockJ8Jtzz,pumpswap,1790259409,0.000002590,2721.32,2490,2490,0,80.13,494939.93,494939.93,0,0,0,4,4859,3292,4859,3292,,-4.34,-94.53,-94.53,0,0,0,1,,1790274316,0,0,0,4,950,581,950,581,100.0
1790274255,2GFXAKzmjwE21vT7Q9Mw6Vw9TxMLfs3ypsHQY546pump,adidas,HpXRKCaZQjtje5bGoddSeMW7TZ4dS6Tc9GCGTaGzFP4g,pumpswap,1790257959,0.000002063,2113.2,2054,2054,0,0,349268.49,349268.49,0,0,0,0,28660,23706,28660,23706,,,-95.68,-95.68,0,0,0,1,,1790274316,0,0,0,0,2529,1629,2529,1629,100.0
1790274256,4dT5tffW1QepwQn2Tmvx9DRHW51vvPsi7hHvxbXupump,Gemini,Hq64KmQAjrJDHs3fkVSVqFPy98T2rEoS5WcHNjUmk3KN,pumpswap,1790258874,0.000002122,2137.53,2112,2112,0,0,110769.74,110769.74,0,0,0,0,6724,11645,6724,11645,,,-95.55,-95.55,0,0,0,1,,1790274316,0,0,0,0,438,2423,438,2423,100.0
1790274261,chudAJvqw6f1TcyctTqMGqMwrVncA2RZscj4p5fA3fG,CHUD,EWwY33hQQSGMAmH5SeFdtEizTo6oiPpGZt2eNmUDsUE8,raydium,1790261235,0.000002809,4867.97,2810,2810,0.67,1.8,80783.3,80783.3,0,1,0,3,1212,1054,1212,1054,-0.15,-0.22,-94.21,-94.21,0,1,1,1,CPMM,1790274316,0,1,0,3,637,738,637,738,99.9999999625786
1790274261,H61eoVSK7XmGmAA3NTt5d3Rg4WDxvqMfqpWSeZSJk1aG,NP,7NXLUG8NVYzrzbJLZ1BgkhoDmvyKs4qWVG1t9ue19Rhk,raydium,1790259805,0.00002478,13437.02,24782,24782,5.84,1996.14,36099.03,36099.03,1,0,18,15,293,266,293,266,0.27,-23.47,-47.36,-47.36,0,1,1,1,CPMM,1790274316,1,0,18,14,173,148,173,148,99.9999999852748
1790274256,41RgtUg6VDvAm37UeHEhopzuJYJFJmf4BCtHsf5ppump,CTNT,EXdDpxugUUjJYSw59yNwKEUqbJoDiKfFSC9t3JceXqWr,pumpswap,1790260354,0.000009591,7413.97,9417,9417,18.9,1335.14,1354108.53,1354108.53,0,2,46,43,12731,10725,12731,10725,-0.79,21.74,-79.85,-79.85,10,1,1,1,,1790274316,0,5,33,43,4410,4046,4410,4046,100.0
1790274260,FxsM1Z7WKSYgzASyzkTdPuAgcLYttvgwgNhexZcBrCvw,$1,3UbJraHWi2FAgRHnm9yif6GLTk4ycAQkQ8vsd4EakRGD,meteoradbc,1790260381,0.00005785,,57856.84,57856.84,0,0,16619.82,16619.82,0,0,0,0,642,820,642,820,,,32.53,32.53,0,0,0,1,,1790274316,0,0,0,0,199,195,199,195,
1790274261,xDx25JCqqTNd5eCXdohRGi1M2EyKe3kZKqgQCbzpump,UTSUBO,mSHm3SucuXZankLCXXhricYYfrNhVAxG5suGb7vXqQc,pumpswap,1790261469,0.000002551,2525.94,2325,2325,0,0,14966.45,14966.45,0,0,0,0,118,124,118,124,,,-94.63,-94.63,0,0,0,1,,1790274316,0,0,0,0,107,111,107,111,100.0
1790274256,51uhRWkdPLXmFfaumLvhcu8Xae8jRe3LXQuKyhPXpump,FUNKOS,BJGRT8WDpneEizsYjVE7zA4Ax5xAE2kbKV2LHo6wTNpT,pumpswap,1790260296,0.000002119,2172.71,2114,2114,0,2.88,260397.07,260397.07,0,0,2,0,16596,17394,16596,17394,,2.06,-95.59,-95.59,0,0,0,1,,1790274316,0,0,2,0,2640,2651,2640,2651,100.0
1790274256,4GNxP8SdJP3ejirb45tvFscARQubPWseC3PELxAUpump,CI,9ZrkghbzAcrqHqTvjf9EDNpHdYrDdVmYnQhe5e259UCa,pumpswap,1790260699,0.0002515,45775.7,249387,249387,16291.04,257482.02,1347796.12,1347796.12,603,74,6428,1037,24146,4397,24146,4397,15.72,-55.95,319,319,100,1,1,1,,1790274316,357,54,2682,608,9451,1701,9451,1701,100.0
1790274260,E2147bEN9tw5suWR581Ghm5JkRWustovMAYPwWzFpump,SHILL,2hsZsUdT429LQTQpZH3Y35LWNcySqVEHrDV1wtDsbqvT,pumpswap,1790263452,0.000002829,2826.22,2719,2719,51.21,290.42,215999.67,215999.67,3,3,11,16,2961,2737,2961,2737,-3.69,-0.31,-94.04,-94.04,0,1,1,1,,1790274316,1,3,5,16,1371,1487,1371,1487,
1790274257,6sSUwszKeT4WJJwEFCFMsuvwo1oGKkJHXioj56aZ4iJC,CHUDDY,BirGibUerRpD4ZXXYmBBjoU1nTLN92L19y3vRAB6UayW,raydium,1790262336,0.0001962,41663.53,196249,196249,214.51,16775.04,381118.87,381118.87,3,4,109,73,1822,1516,1822,1516,-1.52,-7.16,281,281,0,1,1,1,CPMM,1790274316,2,5,65,54,949,748,949,748,
1790274258,8ouaSxj5XZ8i5rn7XWSntEgC3g7TQqsutk6VVM4ppump,Index,FRjWZSeiHj7StcRKMaRFQp749RQkXs7R2N9KPWdu71h7,pumpswap,1790262657,0.000003704,3695.89,3572,3572,8.89,35.38,785098.82,785098.82,0,1,0,13,6564,5567,6564,5567,-0.39,-2.06,-91.97,-91.97,0,1,1,1,,1790274316,0,2,0,13,2820,2399,2820,2399,100.0
1790274257,82UhuxNXFpCEgiMARwcRD6EeXDzMqZ7tSywnxGDwEVRe,ALCHEMY,C1HnF9v5JwuYg3J6YWfEcAMEfYan61v8yMCYpfg5Xar9,raydium,1790261560,0.0001956,37431.77,195681,195681,2866.21,82030.01,291478.65,291478.65,8,12,321,251,1634,1284,1634,1284,-15.98,55.16,324,324,0,1,1,1,CPMM,1790274316,7,9,159,141,823,569,823,569,
1790274258,8ZuDNzCea1UXi7kdS7JppTwE6MSQk14METNCANJaMSii,QUANTA,81xbmHLEMyheZCdaQ6co79MQ49uLh9VELkWM2f2AhEra,meteoradbc,1790262123,0.00005678,,56787.92,56787.92,0,0,14529.56,14529.56,0,0,0,0,615,623,615,623,,,34.33,34.33,0,0,0,1,,1790274316,0,0,0,0,198,199,198,199,
1790274258,9yng7bdLVuAbWtLMbVzzoHuNuhh7jkiaXG29Vndpc4jH,PAIR,Ebv8csBtqr5TiCXMNx79fkjBZDMPDJ89FVKirmVmeB9b,meteoradbc,1790262280,0.00005655,,56553.78,56553.78,0,0,2940.43,2940.43,0,0,0,0,73,82,73,82,,,33.7,33.7,0,0,0,1,,1790274316,0,0,0,0,68,56,68,56,
1790274260,E8upw3VsnSiy52uakNZKvQfBCDzzJLFWejxfgFysc52A,和平熊猫,4CY2ZmCf1rUwKdDDD7SYnGqM3NK95z1KcRurhLCHtFuk,meteoradbc,1790262301,0.00005714,,57145.48,57145.48,0,0,15108.8,15108.8,0,0,0,0,625,784,625,784,,,32.66,32.66,0,0,0,1,,1790274316,0,0,0,0,198,183,198,183,
1790274258,9zZqdMyT3uyy9a4BjJVFx7VbGjGwktgjBXW5Kbqppump,fomocoin,DhyZvXTA8ucPiNysrT4jGKLKhhE1UuKF8WJpSnmtGw1i,pumpswap,1790260564,0.000002087,2129.22,2077,2077,0,0,266657.61,266657.61,0,0,0,1,15803,15071,15803,15071,,0.87,-95.68,-95.68,0,0,0,1,,1790274316,0,0,0,1,2515,2204,2515,2204,100.0
1790274260,EC2nJfHCEwWK5wEnGoM26mkGx7WzpuvY9uUJDTqjpump,SpaceX,2S8BmVEpgJymJQPeSnRqfqd3BbUyfq4QA2SWWe5auQ22,pumpswap,1790261825,0.000002129,2151.41,2118,2118,0,0,260043.98,260043.98,0,0,0,1,13795,15035,13795,15035,,-0.41,-95.54,-95.54,0,0,0,1,,1790274316,0,0,0,1,511,2405,511,2405,100.0
1790274259,BUFtBSEE9LMmaNjPvqUnUQD4QZM6WqGzLyG77jXof6t5,MOONIMALS,1dsCMsWdhg1KkZUyXwQu3GErFZxttAZofm8NEGHf2SW,pumpfun,1790263525,0.00001443,,14438.21,14438.21,637.96,12194.66,130946.05,130946.05,8,3,106,77,1224,1014,1224,1014,15.64,33.34,248,248,0,1,1,1,,1790274304,8,2,55,50,594,533,594,533,100.0
1790274258,AB6GPhv1N39418hYjCqAqnffT7Je4mrXRDjBXtu6pump,BOARDCAT,3TzFDYQXukxhyQbCHHTr74SRpGSNXa22B6bTV9J4FpET,pumpswap,1790263398,0.000002832,3189.13,2792,2792,0,54806.91,1773390.06,1773390.06,0,0,1420,4846,25323,14303,25323,14303,,-96.46,-96.61,-96.61,30,1,2,1,,1790274304,0,0,1037,4926,7833,7790,7833,7790,100.0
1790274260,GM9XGgaQMKDRV3YDGed6VhhUAfDE4oGFgcVMZZMKnhci,SEND,Ar1pXnztYs6gb4AUa9wBuUoYknbDPom71QGgG494LPFC,pumpswap,1790263991,0.000007601,5880.61,7115,7115,1.3,3389.52,132543.86,132543.86,0,1,15,15,1088,882,1088,882,-1.7,20.05,-84.19,-84.19,0,0,1,1,,1790274304,0,1,14,14,646,588,646,588,100.0
1790274257,7vj29b4sM8EGX9VDuY95NjgskWC8FML2zu5np2bR9xB6,HTTPS,Dj4kD5dd51Y6qvFCkRwRUVxALMCG3mFoRpy6WjGN581f,raydium,1790262623,0.000003240,5013.48,3240,3240,16.26,178.13,130175.59,130175.59,0,2,4,9,1425,1204,1425,1204,-1.34,-3.05,-92.57,-92.57,30,1,1,1,CPMM,1790274304,1,0,9,3,752,747,752,747,99.9999999999299
1790274259,D3EZngMsHrHY6aUZyoRW7feeAFHKhLHc5SVYq47hQbga,OHMINU,ADJ419bDTy2NXWPwydH2sDR3axWsPvgW86J45ecL88ow,pumpfun,1790262169,0.00002594,,25945.55,25945.55,192.63,4183.18,51845.23,51845.23,2,2,65,58,725,349,725,349,-0.1,-4.73,663,663,50,0,2,1,,1790274304,2,4,20,29,262,139,262,139,100.0
1790274258,AAkZAvAqddCWg284KWY9c5iY415RgCWNqw9vKXHiLeaf,Leaf,5UbWH4bWrPNW9xjbVRCFZ1X3uyYDBStD3ZAJQ1i14xDG,pumpswap,1790264236,0.000003333,3245.1,3204,3204,0,90.55,222165.72,222165.72,0,0,1,12,3117,3104,3117,3104,,-3.38,-93.07,-93.07,0,1,1,1,,1790274304,0,0,1,11,1546,1612,1546,1612,100.0
1790274257,6YqakuvZZ26Svz5SGtCV4yWymwyp1NM4M1DgBX7svRpC,MACCA,7xzqbtmk6HK1yAsjemfo7PyvfEqXsUn5wwXemr2G984f,raydium,1790262334,0.0002228,46318,222851,222851,4881.86,48843.96,1770137.05,1770137.05,17,13,247,223,8980,7935,8980,7935,-10.79,19.83,345,345,0,1,1,1,CPMM,1790274304,11,18,174,170,2817,3599,2817,3599,99.9999998983357
1790274257,6gtKNF38rosqNRGZsEqxPYXd9itc23cbKcjszZofpump,$SILENT,8YmfMWMCXA5tizeR3nxLbF7NbmpKJLAqUNcDZ14mbRaV,pumpswap,1790263098,0.000002812,2971.92,2720,2720,0,3.73,722826.05,722826.05,0,0,1,1,8855,3217,8855,3217,,1.03,-94.09,-94.09,0,0,1,1,,1790274304,0,0,1,1,1295,1229,1295,1229,100.0
1790274260,EesmPuFnHdurCgd2hZJgncqkwCgP6YGpazZrWdrfEFTE,1Clawai,Hk5QVo24jZk5JRidTse3pRh93DG8HjW3vgKXrbWsnu7o,meteoradbc,1790264526,0.00004294,,42947.71,42947.71,0,0,11918.8,11918.8,0,0,0,0,647,678,647,678,,,183,183,0,0,0,1,,1790274304,0,0,0,0,200,191,200,191,
1790274256,5xFg6fyhDWbtQTh6KhNnUUm2g99KhLzegEKb1cBEejBk,‮猫熊,4LnHJZ9FNL3kaYoPN6jgvQ4zn9hrN2bf4YZeKw8aA3JJ,meteoradbc,1790264697,0.0005794,,579468.42,579468.42,0,0,2263.77,2263.77,0,0,0,0,122,39,122,39,,,17.43,17.43,0,0,0,1,,1790274304,0,0,0,0,3,1,3,1,
1790274259,Bjs6UhQ6BUcC2JxwwcCWdYEvSKirjiZthLNGYauc4Gaj,CALI,7sdqxhFCXsTVz7s1VcGHyhVc94A2aKe7KeiDpiobTejV,meteoradbc,1790264722,0.00004513,,45131.59,45131.59,0,0,8665.96,8665.96,0,0,0,0,185,260,185,260,,,222,222,0,0,0,1,,1790274304,0,0,0,0,118,162,118,162,
1790274256,5wZ7hv8tBRrCGUftffeMNRcP3YwBJQMCTZizALdbDBKN,MACCA,Di8rb4zey4uc6MPvfTgFerNzzK6pXMB1knhQsyg7fE8t,meteoradbc,1790264395,0.00005744,,57444.46,57444.46,0,0,5835.87,5835.87,0,0,0,0,254,265,254,265,,,287,287,0,0,0,1,,1790274304,0,0,0,0,165,118,165,118,
1790274258,9vLbhk9yZcAkjtF951jc1WMrdCT8yduLqDprjXXxhhAL,ROBIN,5Ve8f2gxgZpkfxu5WzP56MSgXZNB1dghrmubcYpg28K,meteoradbc,1790264689,0.00005801,,58010.81,58010.81,0,0,13807.38,13807.38,0,0,0,0,604,588,604,588,,,35.71,35.71,0,0,0,1,,1790274304,0,0,0,0,194,184,194,184,
1790274261,HwuySBbQ5uLdDfqJJoGVCXFaoyfJYWMMkhxkaNNjuBXU,ROBIN,5yf3DjVyQRby6X2cYjBXGYvrE4vJd7XB8Txuetw37eKi,meteoradbc,1790264619,0.00005768,,57689,57689,0,0,4296.51,4296.51,0,0,0,0,161,162,161,162,,,34.96,34.96,0,0,0,1,,1790274304,0,0,0,0,118,117,118,117,
1790274258,AtWmT6b7dAKg9skZ44sNjMSTRod9Mi8MAeCmEjxzpump,TRUMP,BV7Cab47q8ayDP22NvEeuTt6u1nQ5JTKBYjCKRhuEjGP,pumpswap,1790263362,0.000002063,2081.27,2055,2055,0,0,134418.25,134418.25,0,0,0,0,21995,14957,21995,14957,,,-95.69,-95.69,0,0,0,1,,1790274304,0,0,0,0,2540,2443,2540,2443,100.0
1790274261,HfwWuW8kn8hJq58f8HnEYZxThEK6BwCbYSh2WmMQpump,ShinyHunters,7xapv2JwLi6gti1qicQvUHHYqGZSPSzMc48w2YftmoQ5,pumpswap,1790264561,0.000002115,2182.43,2109,2109,0,0,314389.26,314389.26,0,0,0,0,9924,9500,9924,9500,,,-95.62,-95.62,0,0,0,1,,1790274304,0,0,0,0,2633,2682,2633,2682,100.0
1790274260,EPsW9gCvDLFcdHyWsHeoyrEFouoV5v1GNCcovi6Zpump,Meta,J5ViY2T37RqCfdHnJE16vooJJE4Pq2D8vdJPa565GNmt,pumpswap,1790263347,0.000002057,2072.94,2058,2058,0,0,114682.8,114682.8,0,0,0,0,7840,13182,7840,13182,,,-95.7,-95.7,0,0,0,1,,1790274316,0,0,0,0,486,2449,486,2449,100.0
1790274259,DY468VySeu6zgnjSEMLLQfrrFShtgHUA9NrrJ59zcUE1,SPEED,CjdRXnpWXYkXWzWLFRBmhJqK8i1t83sYj6hLkkCy2RxP,raydium,1790263687,0.0004654,92619.2,465476,465476,0,0,2159.22,2159.22,0,0,0,0,35,20,35,20,,,2.39,2.39,0,0,0,1,CPMM,1790274291,0,0,0,0,23,19,23,19,0.00000000159515806805699
1790274258,9kp2SNP17fuiAFdP7aEnFNH5LnrVR8yy4outinyypump,CELEDUO,9fqqZQeAiVQYJHHARm8m1pdVX6zxcDwpixKW9fevn12Y,pumpfun,1790266246,0.00004773,,47731.95,47731.95,0,0,9875.07,9875.07,0,0,0,0,6,0,6,0,,,1358,1358,0,1,1,1,,1790274291,0,0,0,0,6,0,6,0,
1790274256,4aN426Gw1h2Kn5GFnJ62Fr43MjNY9TD8JH5dj96Wpump,OFFBOARD,9jxxiMJMhKvFw7EHMphcumXafubhbBy92e6j4uq19yE5,pumpswap,1790265299,0.000002438,2538.75,2407,2407,0,82.37,410431.74,410431.74,0,0,2,1,7819,6779,7819,6779,,5.79,-97.1,-97.1,0,1,1,1,,1790274291,1,0,2,2,6341,6316,6341,6316,100.0
1790274257,6XhzSy3VTTkwqMUSQsStM3ncGy6ozcPnzLVmv4HZ64cC,STONKINU,98T82C2aQXYBG72NfpWbtssV21J1VvxTE2fM7ixyyNmf,raydium,1790235988,0.0003498,52944.78,349833,349833,220.9,4985.52,105979,330407.22,1,4,14,20,370,275,1083,860,-1.46,-6.56,113,634,0,0,1,1,CPMM,1790274291,3,1,19,11,164,198,310,535,99.9999999998622
1790274257,6f1zVLoGUwWn4Yj6a9MqNkeQC6DaGiGii3rNnnUApump,CYBER,HbA3dyjYy4cNogbyTAYpgHRmxgAkRWGesuuBAduNNZa8,pumpfun,1790264918,0.00001340,,13402.62,13402.62,1390.49,11568.49,153312.95,153312.95,18,6,122,102,2008,1532,2008,1532,-10.84,-6.8,287,287,0,1,1,1,,1790274291,14,7,94,88,1029,888,1029,888,100.0
1790274258,A8nBnsmsAu545yQEEh9CmStmNXa51xA7Zwmu4urmXokN,YCAT,DPNk4oGMs6sJTjCdfMY5QUNiM741HqzoekmyZauZegSp,raydium,1790265108,0.000004080,5933.97,4081,4081,92.2,2008.01,244813.25,244813.25,1,2,45,53,2644,2392,2644,2392,1.57,14.01,-91.47,-91.47,0,1,1,1,CPMM,1790274291,1,0,45,30,1332,1277,1332,1277,
1790274256,3SCi94ePA14dVj8XvM3jAFWPmCWs3p9zEsXRgdELPXfY,WEED,3ap1faXAkBzHZYVbG4u5MNWWHvXTxgRj5z713gEgLB3T,raydium,1790234775,0.0001776,42990.84,177681,177681,585.88,9946.56,42585.23,53471.12,8,4,76,55,367,204,526,303,-2.29,23.21,238,195,0,0,1,1,CPMM,1790274291,6,4,49,40,164,107,236,159,
1790274259,BewoWqr56gfPQXzWiMUSCVY4fJbthPZrdj17L3qCXEmg,HI,Dd6qGG7ZHSk2npp1B8XGNQCUT8Wi11yPN2CH3MpKaxkc,pumpswap,1790265948,0.00001591,9646.54,15471,15471,300.7,5538.18,371096.36,371096.36,14,10,129,91,5017,4141,5017,4141,3.77,68.67,-66.75,-66.75,0,0,1,1,,1790274304,5,9,67,71,2023,1947,2023,1947,100.0
1790274258,A4nT9WTd3jJkDhCKJU7E4TF75dFohE81mMYDEP38YfoF,Museify,3kiaoztZVb6NBQRvUpQWsA5xu4cu2ftMa7SHtsofKVY9,raydium,1790218556,0.00009300,29179.61,93000,93000,4634.17,25842.33,187581.41,483447.93,31,26,164,121,1011,828,3423,2669,-8.98,-25.94,268,85.97,0,0,1,1,CPMM,1790274304,25,9,94,82,468,403,1413,1274,100.0
1790274258,9GgNC3RY89AD6GA2b2CPgNGtp7vP8ejyLEjqWB6VL6Qh,STRAY,CAhHJsDDfwv5knojg51AmCSzQG2V9hefWJMj5r6M11yu,raydium,1790264414,0.00007674,23372.26,76740,76740,130.9,13369.89,108862.68,108862.68,2,4,85,67,749,580,749,580,-3.38,-6.16,49.97,49.97,0,1,1,1,CPMM,1790274304,4,5,59,53,437,336,437,336,
1790274255,2PT3ZosbbwwtfzrbawaXoUmG642axAiVCL4yeN5Fpump,pmiliars,A5N2aowUzTKHL1mVwZvA2ga7HbhtDVEdT1CEg9CyrgWb,pumpfun,1790264870,0.00004773,,47731.95,47731.95,0,0,9875.07,9875.07,0,0,0,0,6,0,6,0,,,1360,1360,0,1,0,1,,1790274304,0,0,0,0,6,0,6,0,
1790274258,8tZaAmMpBVoaZpCqSSTj5TejgoB3hehudk5dGBa5gVvT,Infinity,HxPoWLSLrDD2Shpc4zzPjqTQjTXY4RcsG6whj8k4ENNT,meteoradbc,1790261843,0.00001090,,10908.09,10908.09,305.99,5518.46,48142.41,48142.41,4,10,280,77,565,289,565,289,-8.66,-26.45,211,211,0,1,1,1,,1790274304,5,10,208,66,428,217,428,217,
1790274257,7HhhNkqQkG4vj4tdVNTFUtqHBFZeLJWugaxtwccMxSwd,PUPTOBER,7NyczcJGeA2xW88jzjQMYER2ipkKEybgSM7bVHa5vbaJ,meteoradbc,1790266801,0.00004631,,46318.33,46318.33,0,0,15492.2,15492.2,0,0,0,0,390,484,390,484,,,188,188,0,0,0,1,,1790274304,0,0,0,0,148,128,148,128,
1790274259,BcAVkaWKrqVEfyYKy9ohNMGFc3Zw7RuCm9GBBNeRa4N1,MASO,4ZaEYxQa2bLkxWtu8cdJxDcLknaTAPtrQMdBWF6cF43p,meteoradbc,1790266701,0.00004387,,43876.39,43876.39,0,0,5087.39,5087.39,0,0,0,0,185,214,185,214,,,186,186,0,0,0,1,,1790274304,0,0,0,0,121,120,121,120,
1790274256,4pBpAeNKP3pwYjNbFDCC3QypG1WB6pM9s6ByHzYFAgwY,Goomba,3kQvHeMpZHw49DJafRqK5A9gcXA5wCR462W12Tjdt641,pumpswap,1790267313,0.000004973,4390.63,4714,4714,12.19,3568.18,201724.9,201724.9,0,2,73,92,2653,2601,2653,2601,-1.1,-44.54,-89.71,-89.71,0,0,0,1,,1790274304,0,1,32,81,1321,1559,1321,1559,100.0
1790274260,FyUKNr9aUFW9ZReKtqLAZNkdrsJScpFi5CPvhm4d333C,PRD,91ERiNyXkzWRJ6bk757e3a4KNSVMemWFb5sWRH2MXeNQ,meteoradbc,1790266801,0.00004667,,46679.39,46679.39,0,0,12527.83,12527.83,0,0,0,0,424,436,424,436,,,200,200,0,0,0,1,,1790274304,0,0,0,0,186,178,186,178,
1790274255,2DznHsR5j6XHARnTVGubwAXxfmF9aQ8Pwwu3TN7ppump,AROS,2d77EYAt6WeCNwsjEior7N91mw1uj7tayXtVMub7mXcQ,pumpswap,1790254944,0.2996,1570926.84,299631604,299631604,1822.29,22627.9,797561.22,797561.22,117,24,1437,306,8543,2476,8543,2476,0.87,3.89,633606,633606,0,0,0,1,,1790274304,114,24,1056,222,2654,1145,2654,1145,100.0
1790274260,EeGLNoEApbPmuyzbgMVifs4WYAKB9WLa5f5ar67Npump,TRUMP,9AbZ9CSysJfF9wERoNyiseGmED7LVZ4421WRyXwizd7q,pumpswap,1790266231,0.000002080,2111.74,2072,2072,0,0,293075.57,293075.57,0,0,0,0,46591,26279,46591,26279,,,-95.69,-95.69,0,0,0,1,,1790274304,0,0,0,0,2561,2551,2561,2551,100.0
1790274257,6ke5nJemzDtHqSY4hE1jhhp5qcKr9vbJJF6Zpi8Fpump,ROOM,EaPmVHtFQ4VMNbvaiE6wsK9vvXnGzHfAxZaCs34FHv7B,pumpswap,1790264851,0.000002086,2108.93,2076,2076,0,0.01,224419.69,224419.69,0,0,0,1,15950,17018,15950,17018,,-1.45,-95.68,-95.68,0,0,0,1,,1790274304,0,0,0,1,483,2380,483,2380,100.0
1790274259,CoVq2NkiG1WWydA35cnvdoqge9FLBm9Stf5GUb7zpump,Nike,FrDpoiiR9GYptza169x1EsgJiourqXNoSH5Uo1G7Z3c7,pumpswap,1790265519,0.000002072,2091.65,2063,2063,0,0.14,151980.76,151980.76,0,0,0,1,12213,19722,12213,19722,,-0.07,-95.71,-95.71,0,0,0,1,,1790274304,0,0,0,1,408,2399,408,2399,100.0
1790274259,D9U424Wi8QQJukgppJqJ8FybbgJnvzaS1GzTH2BHWGLT,HYPE,toCKvFnJJYs1h8ranYMJSTApr3oyWcpwHwfzR5Qziar,raydium,1790029238,93.37,1960497402.02,1960778610,1960778610,0,0.55,29200.83,178908.07,0,0,2,2,10,10,40,40,,,,,0,0,0,1,CLMM,1790274304,0,0,2,2,5,5,6,6,0.0
1790274261,GfCV4VcL9F8GAHttQmzXKK7J9HEdjgHZhj5dEfZVpump,LONGFORD,51zC1se4m5wfyb5netQgEvFic12KJ2kDWV7kTskBAEfQ,pumpswap,1790266482,0.00001256,8130.6,11893,11893,668.57,11002.38,95689.56,95689.56,2,11,113,131,1278,1145,1278,1145,-19.02,-53.74,-73.16,-73.16,0,0,2,1,,1790274291,5,12,64,96,696,700,696,700,100.0
1790274260,E7zdKGtyzXQsncnFTthoBct7h8yDJ45uJYKpHDKGpump,MARMOT,34AW1cJhEq5YSisDwdSAHbFsk7DHnhTPcTjD78UWctYK,pumpfun,1790267220,0.000004375,,4375.87,4375.87,3.13,1547.15,86207.59,86207.59,0,1,10,37,952,711,952,711,0.28,-5.52,7.58,7.58,0,0,1,1,,1790274291,0,1,10,32,484,455,484,455,100.0
1790274260,F4rJVZAgLwuKGieSsPojDGn8yVUEfDE3hp7e23fNe5zc,Socials,4RcAcoyemPFYgTsYvweLXStQNbqnmEdFMco5WptqEBPM,pumpswap,1790266525,0.000003116,3064.78,2755,2755,1.19,89.68,219774.01,219774.01,0,1,2,9,2245,2126,2245,2126,-0.07,3.6,-93.53,-93.53,0,1,1,1,,1790274291,0,1,2,8,1198,1167,1198,1167,
1790274256,49bQM45JU5ifZ2rsNAFpiio922sDJ2ZH8XYxP4gikoqN,BOGLE,ETb5U6bHFKkWDWohCspcTTY6UWxjpHKrutSCwiK4LFf4,raydium,1790265329,0.00003907,18257.08,37107,37107,2896.12,35002.72,260071.65,260071.65,22,17,276,199,1590,1323,1590,1323,-9.74,-51.86,-20.93,-20.93,0,1,2,1,CPMM,1790274291,19,15,162,157,899,768,899,768,99.9999999804887
1790274256,4KDomjMwZGo9Q5pWkrdygrGFzJH2u8vTvr3FoRTcFpDk,ROBIN,6tvRGWz2GMpMMs9deaRBhXxDkzwF6bi9Ffwc3Ywg9F2r,meteoradbc,1790268352,0.00005864,,58645.01,58645.01,0,0,10889.7,10889.7,0,0,0,0,474,458,474,458,,,35.95,35.95,0,0,0,1,,1790274291,0,0,0,0,186,177,186,177,
1790274259,Dhu5rWqynFiYgnLYmKRczM3NgeAeVP1u3zf3Fyc2EaE6,ROBIN,DoEYUGLJqjs2BiCeWHHh4cDHHzjx5bVTFxQ5E5GPnAUJ,meteoradbc,1790268304,0.00005733,,57331.85,57331.85,0,0,2717.97,2717.97,0,0,0,0,92,85,92,85,,,32.91,32.91,0,0,0,1,,1790274291,0,0,0,0,72,67,72,67,
1790274256,5TTw5FNW4vexW8EzHATLKiREq5Lk2GpNSpA4TzZgpump,pulymarket,EhpZ1P3YZeR7iFs6EV5dzcVughRt6qHj3ocEDycCZ9T,pumpswap,1790266865,0.000002107,2163.04,2107,2107,0,0,371285.88,371285.88,0,0,0,0,17646,14039,17646,14039,,,-95.67,-95.67,0,0,0,1,,1790274291,0,0,0,0,3552,3547,3552,3547,100.0
1790274257,74HJ2XX2wYXDpe2rRv7VNUUzcGLybNVXeM7uknTUpump,Gemini,224fsJn1ZigWdYWereZwYQAYHpB3WUSkHzB9Wx4pDZcv,pumpswap,1790266176,0.000002089,2112.67,2079,2079,0,27.37,250180.75,250180.75,0,0,0,2,27222,29000,27222,29000,,-3.17,-95.67,-95.67,0,0,0,1,,1790274291,0,0,0,2,464,2434,464,2434,100.0
1790274258,Aw6mrrqNv5tcziyLKAUTdV2Y1uQEeLW6pbtX4QaSpump,COOK,3pszYYd8u6CFdjyLoXsPWBAQXkTvwfPnqPS2vgRSZ4sB,pumpfun,1790270136,0.000003430,,3430.07,3430.07,0,16840.23,88899.57,88899.57,0,0,141,207,576,617,576,617,,-73.88,-20.03,-20.03,0,2,1,1,,1790274279,0,0,144,244,447,407,447,407,100.0
1790274258,8zoLaVjCS51Q61WdBPAehdAT7Km7vQqL5vL6wAu5pump,GRAMR,24zRXHepXZEy4CE15mRDfnWwYGGtfBhZFedYdQXjz3UV,pumpfun,1790265747,0.00002752,,27520.64,27520.64,563.1,4806.08,26362.14,26362.14,7,2,41,30,276,205,276,205,11.28,15.22,693,693,0,1,1,1,,1790274291,8,2,30,22,160,112,160,112,100.0
1790274260,F4sL4ycjbHFDhHr2xvgQjPY6LEmhK8cnR3SBJUGtpump,FOMOS,CUCzuXtaFSDGaKxS2Qc8aA32dUsiahsoSsdKAHdt64iH,pumpfun,1790269397,0.00004814,,48142.83,48142.83,0,0,9960.07,9960.07,0,0,0,0,6,0,6,0,,,1360,1360,0,1,1,1,,1790274291,0,0,0,0,6,0,6,0,
1790274259,CfM3DnMEK7hdH9LyX6ZUhM4RuWMnN22o1nmkkPW5s717,CHONKS,3XggM2oWgXdpwjMWq8dkF9UwCoym1fWREbC49sB4gZNz,raydium,1790269403,0.000004021,5926.58,4022,4022,206.99,60778.83,287431.79,287431.79,5,5,524,533,2909,2685,2909,2685,-9.85,-91.73,-91.71,-91.71,0,1,1,1,CPMM,1790274291,5,3,325,234,1256,1229,1256,1229,99.9999999998667
1790274256,3Wca2xEDCPotjNKM7he7gnz9sNJqUw9QYwmL3ruzGr2C,KYC,GzCFctbWxiSYDrV1pW5uwtqbGNkRDpeGburuXuoadZiQ,pumpfun,1790269090,0.000003915,,3915.94,3915.94,129.98,41781.69,137199.35,137199.35,1,10,413,484,1544,1283,1544,1283,-6.18,-86.2,6.29,6.29,0,1,1,1,,1790274291,0,7,201,324,848,793,848,793,100.0
1790274255,27V1cuVVQGpbb8e7bhgLkk1StGnPximyVNcpxdPh6Ptm,PUDGY INU,CaN8ut6xgdVTFwkAA8TGBaU3pJTpqkoPF1vD2mBpFyjT,raydium,1790266544,0.00001758,12198.65,17585,17585,1448.14,17056.77,124272.33,124272.33,18,14,171,172,1365,1062,1365,1062,-21.31,-56.96,-63.73,-63.73,0,0,1,1,CPMM,1790274291,12,12,95,105,623,611,623,611,
1790274256,51FhQRWXKvjPq5FRQBqA97AULubg4istt1YSwx8tpump,MUSESWAP,EqG8SHx2ye8CHCsAv4LVk6pX6cUZQvBJNSFTXVs3kKy6,pumpswap,1790257534,0.000002417,2409.09,2328,2328,0.07,10857.74,21413.4,21413.4,0,2,54,146,295,257,295,257,-0.05,-96.42,-94.87,-94.87,0,1,2,1,,1790274291,0,2,45,136,221,217,221,217,100.0
1790274256,5pSEZw1iytqYznD7crsGyKNek7q5JkjBqj2KmfqxUVZd,CHONK,Dqta7KfZNJeBgd12jECpXKHBiNQM1pKB7vKwbpLXVfYH,pumpswap,1790268762,0.0002335,44974.44,226409,226409,13931.28,546483.83,1259081.3,1259081.3,209,156,5900,4503,13823,11028,13823,11028,14.84,83.12,403,403,0,0,1,1,,1790274291,147,102,2225,2029,4656,3993,4656,3993,100.0
1790274261,HvNpHNq3KuYsfh2FT1X6fBiQJ2tJc3Ah6YuFptkJpump,Holdoween,Bt6FaNRorxmerHKWzGger2djFsQPWhXXN6zXPmWjKvCB,pumpswap,1790270237,0.000002106,2126.2,2106,2106,0,28605.6,86218.27,86218.27,0,0,916,3273,3190,5430,3190,5430,,-98.93,-95.68,-95.68,0,0,0,1,,1790274291,0,0,1406,2431,1612,2441,1612,2441,
1790274257,7LQZj2MirqNTYZKcRo3xfE381cntrsisAVGvraKWyZQH,MAME,EVvPyiMhJ4b5HpSLy4kUTVm9scw6kQPv6CbEBw1GMqaB,pumpswap,1790270227,0.00001756,0,17567,17567,0,0,48096.65,48096.65,0,0,0,0,598,80,598,80,,,75.72,75.72,0,0,0,1,,1790274291,0,0,0,0,557,36,557,36,
1790274257,7nC2cydcCBFiQS8UdUeeN3mAJrVoPyC3jpfUTxCmeBzb,DEGENDA,A316e7bpybAfeveS69uwwWUoF7QBqfchVFdduamJL528,raydium,1790270204,0.0005754,22032.35,575424,575424,0,13.1,4105.27,4105.27,0,0,4,6,9,8,9,8,,-0.11,143,143,0,0,0,1,CPMM,1790274291,0,0,4,6,7,7,7,7,
1790274261,avUTvvaVjRqciCUygL4pcQdjBHf7s2kTGyG8cKypump,ket ,5Sw5M9toKQrshDR7283K47VyGp95e4WPwgkyLNJXCNiT,pumpfun,1790270204,0.00003245,,32452.58,32452.58,0,0,2343.06,2343.06,0,0,0,0,36,19,36,19,,,827,827,0,0,0,1,,1790274291,0,0,0,0,3,3,3,3,
1790274255,27PD9QPjjZGkkrpU9EiAgJwjkgUdApXkB78eyDrP7YxF,SBA,5LLqWhqwjJefsDWwn3nDu8e1LvFgxTMczEdLeSWUjit4,meteoradbc,1790270226,0.00004088,,40880.29,40880.29,0,0,5660.82,5660.82,0,0,0,0,246,269,246,269,,,167,167,0,0,0,1,,1790274291,0,0,0,0,141,133,141,133,
1790274258,9n5AhnhUxgrfohkEZL1C3z43McJN6X8nBGBSJgDbpump,Meta,7m22boMhoo4uAUwQuS4jeVu59tnKe4BKEfyJQeQ55kg2,pumpswap,1790269308,0.000002464,2481.51,2465,2465,0,94932.26,166280.16,166280.16,0,0,3066,6134,9557,15147,9557,15147,,-99.79,-94.93,-94.93,0,0,0,1,,1790274291,0,0,274,2277,460,2431,460,2431,100.0
1790274261,J7TPzBwQG7JmEdJ6gUA6Em2dU5Vvqxes6pibDLfupump,Robinhood,DBovfKWtr7E7dPzjtU11iR7ZbKpKmPRHm3EySdZePDE8,pumpswap,1790269743,0.000002098,2123.56,2089,2089,0,68058.1,149958.8,149958.8,0,0,675,2593,7207,7338,7207,7338,,-99.78,-95.68,-95.68,0,0,0,1,,1790274291,0,0,430,2132,2471,2193,2471,2193,100.0
1790274258,9tgePuPCgfsKnCcXCLqmvj31tfTP3p8BeaCzrJqpump,McDonald's,BzvkVLnrWCBkSZ9xWVhibp7gxQbm3MjS6GU2zmJz7pQq,pumpswap,1790268759,0.000002141,2176.79,2117,2117,0,61805.52,164216.42,164216.42,0,0,7024,5868,16339,13341,16339,13341,,-98.66,-95.61,-95.61,0,0,0,1,,1790274291,0,0,223,302,377,397,377,397,100.0
1790274257,6jqjCQg8F4WEiTk4MiEiTm9zNmsYhh4ryaXVdSQZhe6K,GEM,AnPxzzeRfYWfpUepYzD6dA4nvwLhx4EerxwnakofdsRr,raydium,1790270695,0.00004294,18808.95,42945,42945,852.78,59499.71,59499.71,59499.71,3,14,463,408,463,408,463,408,-13.38,-10.83,-10.83,-10.83,0,0,0,1,CPMM,1790274279,1,13,283,259,284,260,284,260,99.9999999861064
1790274257,7dyQxUL6VaT1V1dbw1erkknW8MJHEaKdeEo3SMmFpump,BUFFDUCK,8dNFuhvcq7LACw4x6JiL54z779iSjeJKUU3qnBMmzLmg,pumpswap,1790270364,0.000004738,4326.82,4636,4636,7.67,135390.21,250499.68,250499.68,1,3,1578,913,1795,1063,1795,1063,-1.31,-95.84,-90.49,-90.49,30,1,2,1,,1790274279,1,3,990,578,1155,658,1155,658,100.0
1790274256,3hg9cWm29zpMpJdFqu5KtZCziYLJSB4ieKo5jRafpump,HYPEERA,2ZX3qSUeEgpGjXKuRtBtPc2WNhq1AdR6upc7mmSppfqc,pumpfun,1790271057,0.00004800,,48007.24,48007.24,0,9932.02,9932.02,9932.02,0,0,6,0,6,0,6,0,,1360,1360,1360,0,1,1,1,,1790274279,0,0,6,0,6,0,6,0,
1790274261,spwn3Mwjuig2wWfuG2LwzHPZTeZU3J3KtrPdkf11bpk,SPAWN,FvMA1Y38Er6idQwqamubrANu69KtkW8RzECD8prp7iUv,pumpswap,1790270335,0.000006491,5368.14,6208,6208,755.51,191382.02,383679.65,383679.65,18,15,2968,2447,5785,4283,5785,4283,-8.84,-87.82,-86.66,-86.66,0,1,1,1,,1790274279,14,14,1327,1459,2451,2336,2451,2336,100.0
1790274261,HzPc2VskKYEx2N2xYmcxUekTerb2FobrokDbPaZaYnKB,goon,BWjiatGGQ5Y5yohrrfXcxh96hXE6oomDMrnzRJf7RZJx,meteoradbc,1790271701,0.00005795,,57952.58,57952.58,0,13709.6,13709.6,13709.6,0,0,588,582,588,582,588,582,,34.77,34.77,34.77,0,0,0,1,,1790274279,0,0,205,198,205,198,205,198,
1790274261,HNnMeQ4ji2nKk12mG9qnSDuJVZVfbfmodzxdaZPmpump,claudechain,CnhZG3PfBfEBAdF5M2hfT7w8tgeosjq9nmbthsCteVLu,pumpswap,1790271854,0.000003786,3595.9,3786,3786,113.24,300667.75,300667.75,300667.75,0,9,3351,2743,3351,2743,3351,2743,-7.47,-91.94,-91.94,-91.94,0,0,0,1,,1790274279,0,9,1417,1382,1417,1382,1417,1382,100.0
1790274256,67fridDVkVTJhzyAJ7HQUc4pCDxjR1wMc5LRzvvwpump,Claude,3gnXb65oQmMbQnDyRCdPhS4ewjZkgUKSR81SyzmBA3nH,pumpswap,1790271804,0.004136,183296.29,4136941,4136941,24520.26,181038.75,181038.75,181038.75,2765,2608,19808,19022,19808,19022,19808,19022,51.69,8416,8416,8416,0,0,0,1,,1790274279,344,301,474,451,474,451,474,451,100.0
1790274261,LNUvg3M7QX45Wjjz98t2QKSfamGPAdVVrMxPyJijKiS,sBadger,DjxJqu79p7SK5PC9TSEPWGNG18LXiDdCRkYgzJ9fYTKs,pumpswap,1790271841,0.00001276,0,12762,12762,0,149639.93,149639.93,149639.93,0,0,1098,516,1098,516,1098,516,,25.15,25.15,25.15,0,0,0,1,,1790274279,0,0,815,92,815,92,815,92,0.00000000109556325877729
1790274257,7uP1iaDFuTcUv6vshKGSuDD3R5iXJPk4tJ488sgTM6XK,MIX,AczeMNd5HSkmzDyMNR2VagqAkh68jJMnMqLHQR4mvyyA,meteoradbc,1790271662,0.00005843,,58435.59,58435.59,0,17001.78,17001.78,17001.78,0,0,664,819,664,819,664,819,,33.32,33.32,33.32,0,0,0,1,,1790274279,0,0,172,152,172,152,172,152,
1790274261,HYpuMdF4MXnvbKZDxYpNz1sgGg6njpxWuidfjULTAL7,SEND,29ng75H666ZRXH1NogYKnf7DLPYn25zQkRhJVJzxfATT,pumpswap,1790270589,0.000001670,246138.78,167090,167090,767081.53,10323179.95,10386134.27,10386134.27,675,458,9551,6303,9638,6357,9638,6357,0.76,73.53,126,126,0,0,0,1,,1790274279,266,49,3114,58,3134,61,3134,61,0.0000000000409182630015459
1790274259,Btkju1ZhDNnpk21ggWZ6uzQuXHtxLWeBeC82o3ohYeQ,NPC,AeWJv5xh8X7Luqm1sUQietPATFem1dVwzJuAJnJVv5mT,pumpswap,1790271030,0.000001523,215123.13,152308,152308,775448.25,9645539.99,9645539.99,9645539.99,673,454,8541,5791,8541,5791,8541,5791,1.93,155,155,155,0,0,0,1,,1790274279,267,50,2641,56,2641,56,2641,56,0.0000000000451956987048292
1790274258,9UJswd6e5kzay9SWdRYU5zVtqpfcuFHJJaNC8jMyQ1hA,sBadger,9UgsBpqMzcrTs2HwBZnDJjXXZWXW9AKAQcxL837Emhbw,raydium,1790271541,0.000003641,5586.83,3642,3642,53.59,157531.28,157531.28,157531.28,0,2,1597,1568,1597,1568,1597,1568,-3.89,-92.51,-92.51,-92.51,0,0,0,1,CPMM,1790274279,0,3,780,867,780,867,780,867,99.9999997964709
1790274257,7szm4wYyY3nGw833E31Cr1YF5BuEAKDwMowNUJwPpump,GROK,GGyAKdGwGFvDZuGdmMrfLCHGjVvsikQFQMTvtLgzsoHp,pumpswap,1790271701,0.000002089,2109.37,2089,2089,0,100706.39,100706.39,100706.39,0,0,8575,9760,8575,9760,8575,9760,,-95.7,-95.7,-95.7,0,0,0,1,,1790274279,0,0,2509,2670,2509,2670,2509,2670,100.0
1790274261,GrKrHqPbU6aeifTozdSfpFZRRYLgtshMDPbBAK4djtNi,SXCASH,BnDnru9p8dgZiSfaSUkUP2amfVBufBk99sJzrb1W9VC9,pumpswap,1790268403,0.000002101,2128.06,2090,2090,0,132415.69,209541.91,209541.91,0,0,10250,6321,19371,10197,19371,10197,,-99.84,-95.7,-95.7,0,0,0,1,,1790274279,0,0,151,2035,244,2107,244,2107,100.0
1790274256,6TQBFXT7GKY2BZVATXHMFA5QfAUS7SxtdF1aEGnYNSV6,JOLLY,5yv6NiqRuUUHpRSC1GD8sCp6sq4UN6uPyytX714aRQPF,raydium,1790273258,0.00003308,17674.66,33087,33087,105059.51,921710.46,921710.46,921710.46,960,1032,7422,7712,7422,7712,7422,7712,-73.03,-32.3,-32.3,-32.3,0,0,1,1,CPMM,1790274279,438,750,3116,2773,3116,2773,3116,2773,99.9999999804976
1790274258,AouqdqhCsKb1x5Ngw5PktSonaWnxb9UiBF3QzBdvtMH,JOLLY,62DYAL8KNLrRTpvjYhL9Ykm1mHd5Diwx7ZKuXUQo9DGN,raydium,1790204868,0.0004661,66659.91,466162,466162,283740.43,705983.25,708758.11,740959.84,1741,1689,4357,3954,4373,3970,4529,4212,129,18789,22537,891,0,0,1,1,CPMM,1790274279,958,682,2312,1343,2324,1350,2433,1472,100.0
1790274258,8zQmQL6TtSPB3xJSy4cM24rebupNaxEipmr7T8vwpump,trolls,DAesNooBRuaqxKB5MdRLN7XjLQDncdfrMXMP7B2NnXfA,pumpfun,1790273275,0.00004788,,47888.08,47888.08,0,9907.37,9907.37,9907.37,0,0,6,0,6,0,6,0,,1360,1360,1360,0,1,1,1,,1790274279,0,0,6,0,6,0,6,0,
1790274257,7F8EHMBLttDXbx3kWqzCMTxeyP8ExMxWj5DUJUyTpump,MOON,3dSVAxFyCnGV3cN4p4P8aWDabCAJHFBYg9jPQKw8uSqc,pumpfun,1790272031,0.00003547,,35479.07,35479.07,2735.51,121249.02,121249.02,121249.02,70,81,771,719,771,719,771,719,5.57,966,966,966,0,0,1,1,,1790274279,47,10,263,155,263,155,263,155,100.0
1790274256,6TfTBpkgRX5kzb1qbtijV1nZVTfzfbmbXE1hPsFrpump,Agrippa,8aDqCgNAmrpJRB7ZdGM8a2SkCEKJJGf9wrA7aodszn7a,pumpswap,1790271240,0.0001322,31604.87,128837,128837,22621.42,283887.21,283887.21,283887.21,910,128,7876,1262,7876,1262,7876,1262,-4.14,98.09,98.09,98.09,0,1,2,1,,1790274279,205,72,6191,860,6191,860,6191,860,100.0
1790274256,5rzMk1M2ayGPQ3zQLkWV6FMxvaLAXeXrAzotYLF5chcg,CUTHBERT,SHT8pyFXpfB8fH54i5nM13joSh4CNYHErsGm4kPeDzQ,raydium,1790269437,0.00009908,27865.42,99087,99087,669.76,39396.05,133226.53,133226.53,8,13,285,285,1353,824,1353,824,-0.07,24.02,110,110,0,0,1,1,CPMM,1790274279,6,12,188,205,958,524,958,524,
1790274260,GaV58XheErrvHbfNvcQvvxtPEhjdwTBwwbrAZugGpump,call,9yAwkfkA8jSVKaFCaijnPCt1cjpcUqBGwZZ5AxJdCVry,pumpswap,1790273218,0.00004008,16146.05,40084,40084,2985.24,31361.65,31361.65,31361.65,37,68,463,441,463,441,463,441,-30.31,-22.1,-22.1,-22.1,0,1,1,1,,1790274279,34,62,338,289,338,289,338,289,100.0
1790274261,HSnsxDUMo6kgLFNLE9wJ5Y4AN8EYmm7QM7kQGMhtpump,$BWIZ,q9rkB1inLzu4R6BXwPSyoaQEHEX93hB2MnURRG5p9Go,pumpfun,1790274135,0.00007268,,72682.58,72682.58,1737.13,1737.13,1737.13,1737.13,76,50,76,50,76,50,76,50,2107,2107,2107,2107,0,0,0,1,,1790274279,10,10,10,10,10,10,10,10,
1790274261,HywzGCWp5H7gyGxAEht5UZYEoaPfcAm4KTaMo6sWympX,DOGY,55zozZ6AgqZc9H4Avec7tw8qsPnQ9pKYfp3dH1S7ZNSN,pumpswap,1790274093,0.00001325,23181.56,13259,13259,78615.52,78615.52,78615.52,78615.52,534,235,534,235,534,235,534,235,29.83,29.83,29.83,29.83,0,0,0,1,,1790274279,460,72,460,72,460,72,460,72,0.00000000109556325877729
1790274261,HEZg8uSwv1sCK9NMUgQtyaXQ5JzYzFbjyPQtQA2XaFj,JOLLY,BrTrWp5Jxx1Z2fACyCbcKbB4Uv3SLsJoLaJ2BVkfCVE1,meteoradbc,1790274101,0.00003892,,38924.86,38924.86,7556.34,7556.34,7556.34,7556.34,169,210,169,210,169,210,169,210,142,142,142,142,0,0,0,1,,1790274279,136,148,136,148,136,148,136,148,
1790274260,F8BTnFMCaajnrRYfmVGqJrvm4PYcFb1AiTwLxCpSpump,PLOP,BzwbZD8bfgwmAAiAvi8AiRow2dhRjoqqWL9wvrCthtj7,pumpfun,1790273736,0.00004805,,48052.44,48052.44,0,9941.37,9941.37,9941.37,0,0,6,0,6,0,6,0,,1369,1369,1369,0,0,0,1,,1790274279,0,0,6,0,6,0,6,0,
1790274260,EWQhd8eb2bNpMkjK2XW2K9Dzu5yh6Tqe75uPh7N8pump,pumplife,4rEUVKEbasvGsKsfA2AesVfRFUQH3m6CWbxSip2Kw81R,pumpswap,1790273778,0.0001045,27368.41,104590,104590,14989.08,51360.72,51360.72,51360.72,1226,1022,2289,1868,2289,1868,2289,1868,-51.87,115,115,115,0,0,0,1,,1790274279,1120,1012,1611,1463,1611,1463,1611,1463,100.0
1790274255,12m8Pwr1UHmmyM2Qh9bJBNurR9mmcZa1adCkAvdLpump,OnlyCats,C2U372C8rN2XHZeGn3LJrhcrEpgaNx92SDNs9qXsewo,pumpswap,1790273764,0.00009383,26025.86,93834,93834,88668.54,172079.2,172079.2,172079.2,1596,235,2528,390,2528,390,2528,390,-36.39,10.82,10.82,10.82,0,0,0,1,,1790274279,1249,158,2432,266,2432,266,2432,266,100.0
1790274261,LajaWASvTidvX9u6PbrhYCK1yFGYRjrFJi1WCoG4Pas,CHONK,4j8f8xiGxKu57R6USyCEVHGv7XK9wG2acDNfdmogQN8J,pumpswap,1790272326,0.0002129,255788.85,212931,212931,765595.46,4194795.26,4194795.26,4194795.26,681,459,4471,2701,4471,2701,4471,2701,1.7,127,127,127,0,0,0,1,,1790274279,272,48,1697,59,1697,59,1697,59,0.000000000412578394714018
1790274261,Gu47idc5fAsE5JNKijGMfEoxSmH8cABnupsBAHPxShYR,ROBIN,RRh2vS6Zio3j5fT9niErUCLxAAomizDVnbHEpt8PZMj,meteoradbc,1790272976,0.00005809,,58092.69,58092.69,0,8485.04,8485.04,8485.04,0,0,349,353,349,353,349,353,,35.28,35.28,35.28,0,0,0,1,,1790274279,0,0,180,169,180,169,180,169,
