ts,token,sembol,pair,dex,pair_olusma,fiyat,liq,fdv,mcap,vol_m5,vol_h1,vol_h6,vol_h24,al_m5,sat_m5,al_h1,sat_h1,al_h6,sat_h6,al_h24,sat_h24,deg_m5,deg_h1,deg_h6,deg_h24,boost,n_web,n_sosyal,n_pair,etiket,gt_ts,alici_m5,satici_m5,alici_h1,satici_h1,alici_h6,satici_h6,alici_h24,satici_h24,kilitli_liq
1790288431,6oS4GBsisvFBtHV14BEEpKyZNL8zLBs8MtSQPsQdpump,PUMPDOG,2xTa4QyMxsYVrMeQaA83B4vfBzJ7f71YimJMpFZad5PZ,pumpswap,1789164815,0.000004651,4712.08,4471,4471,0,0,0.77,98.24,0,0,0,0,0,1,0,2,,,-3.12,-3.12,0,1,1,1,,,,,,,,,,,
1790288432,Aw6fiDPWLUnjSsJQtsyEMSaoPaKAUUrStAsYPiPwpump,Anonymouse,CBfWfU1DBUbTJ2Y475idxxidxwUDnPNzFEVnMFbo4Ge9,pumpswap,1788771624,0.00003632,18824.55,34610,34610,18.36,91.8,1609.16,4194.87,2,1,2,5,35,36,131,80,-0.67,-1.77,17.55,-2.67,0,1,1,1,,,,,,,,,,,
1790288434,GWTP6M5bxhaJ1k2Kxvf8hhYaHE6jZMhh4cKzFuCpnc83,USEFUL,FZuTAARDYJapX7HqniQEzzDboNY8RT4FXCrakVFJap2R,raydium,1788621660,0.0008867,145938.8,886777,886777,31.53,7020.56,23589.23,104755.93,3,0,140,18,387,103,27497,374,-0.39,-3.71,-7.51,-18.27,0,1,2,1,CLMM,,,,,,,,,,
1790288433,Ey98zzqZ67xVWUqss6iErHTGzZCXpKuzsqaQDNzm2Yoe,SCAT,xsVtV8h1xmB8SskSFjDJH3TujnCW6uLznsnMHjza14m,raydium,1789171390,0.00001365,12757.67,13654,13654,0,244.6,1546.27,5547.82,0,0,1,4,6,12,44,35,,-7.56,-15.15,10.2,0,1,1,1,CPMM,,,,,,,,,,
1790288435,dgRAuQe8Pw11wdYZzQST8goZgY34LPdCs3kxaYAQPJx,TENDIES,AcvisuNxub12XHXaQPmsTV1uQAGLEfvKZAqBDUoPK8s2,raydium,1789120548,0.000004921,6184.41,4922,4922,0,6.86,182.47,4109.17,0,0,1,0,7,17,98,105,,0.35,-8.46,-5.47,0,1,1,1,CPMM,,,,,,,,,,
1790288431,8LstZpZuR9Dy7JCZC3YwPEWtbYhuDVFAYV37r6ZAcuHz,OS,5dYsxy1hJ8DxejsfHJR9wyRsuLHw6wCLKk7idc1kszUn,raydium,1789167205,0.000009693,9606.25,9693,9693,0,0,1.6,132.89,0,0,0,0,0,2,4,9,,,2.5,-6.58,0,1,2,1,CLMM,,,,,,,,,,
1790288434,G4vqe8KAcRGTb7Kc55n9sz43aR4ugTPdSeUnAXZhpump,PUMPCAT,4jsZwYyPcFcw1c1nDnvmdTq4Yds4CTQsusUYn1Bzhuku,pumpswap,1788985978,0.0001716,47160.31,168717,168717,4.15,2436.88,35938.89,68843.47,2,0,35,15,349,92,710,215,2.92,1.17,-29.98,-15.61,0,1,1,1,,,,,,,,,,,
1790288431,7wCM5K4ziHmrbjGe5QFhBqBME2fH82dn4Wfx8vhKSTNK,BUTTPLUG,Hf41uzMphPjeYmxw16S4Tk8pg27BrNCoaEDeJ8e22SKX,raydium,1789006174,0.00004002,20375.64,40020,40020,0,0,4142.46,15114.12,0,0,0,0,23,20,130,104,,,17.87,11,0,1,1,1,CPMM,,,,,,,,,,
1790288434,GBLYwo4vvqGDPkVJqwWfrvtPavEWb5zALmPphxQbJaLG,AGI,J1hNX1YwsDeYXpsGAozPz1wpBBkxdN8LhBeS1wCCUjAS,raydium,1789339416,0.00001894,12720.49,18948,18948,99.12,665.17,3932.92,19374.76,1,0,13,10,47,30,181,124,3.18,-3.97,-46.36,-41.09,0,1,2,1,CPMM,,,,,,,,,,
1790288430,55VWo7QQpqfYwratKUZHhSSnSghyTVCJx54yNoWVpump,PVE,8n4kibN1cfeA5rZA1ZgrGAhgR3nheYH2Zz6967psX6Tj,pumpswap,1789338154,0.00001424,11278.78,13684,13684,0,5.8,73.57,1040.38,0,0,0,1,2,6,12,25,,0.13,-1.77,-14.61,0,1,1,1,,,,,,,,,,,
1790288434,GPrTuSgAXVVJ67bAU4xe3UFD5aDDmVj7bZy73vTQpump,clarity,3r2KgCZW15vhvwq9LU9drMjC8dX2jryiXgyYtUeBhV9k,pumpswap,1789425291,0.000003134,3165.58,3042,3042,0,0.24,3.99,4.56,0,0,1,0,6,4,7,8,,1.35,1.91,3.05,0,1,2,1,,,,,,,,,,,
1790288433,DCTZphD7gwDWTTKXyineJZWCNHbUBfB5DLVtmxKVpump,SPORTS,EzghkXEfGK31iaR62Hp4vjbshZ29vQJYCYsqsepRDVSa,pumpswap,1789425374,0.000002988,2959.72,2801,2801,0,0,0,19.46,0,0,0,0,0,0,1,1,,,,-1.37,0,0,1,1,,,,,,,,,,,
1790288432,9h5AzEQzYu9CV5K6uLtFRMD1KcbxZSFNxZEgBTNfw5Na,STONKCATS,C1CNCihCBJ2Jztbv7vfrXKrw9fKrma5fa3hhSjqyw9GH,raydium,1789445346,0.002002,164426.3,2002730,2002730,355.78,3885.93,95107.81,356077.08,8,0,47,13,338,242,934,863,-0.05,-1.99,-10.56,137,0,1,2,1,CPMM,,,,,,,,,,
1790288433,FP9oGbU3JwkrFEXqAgTThg33aRzHL8u1KzXEkuZKpump,NINAFONE,CTEqbjwwyWP1mn1uSCK6vLuz2uopVx3VfiKJpxZtwfwo,pumpswap,1789445074,0.000002450,2707.8,2367,2367,0,0,0,0,0,0,0,0,0,5,0,13,,,3.54,2.08,0,1,1,1,,,,,,,,,,,
1790288431,6rHkNb7HCtkpvdnVJsBCZHH5dw3AndqEjfmbEGhooR7t,SCRIBE,Cdh7YrCbKt9TuQtb6LYRdvKrJjN8x9NYqVGK1UZcN8RP,meteora,1789466460,0.0001134,30695.22,108545,108545,77.84,164,7765.21,23699.86,0,2,3,2,64,40,206,133,-1.16,-0.02,-5.48,-29.56,0,1,1,1,DYN2,,,,,,,,,,
1790288430,3jA7ZVkQNZjkb8viWmsiHPbhtTqrotzhDcdCixAqKcTw,MANIFEST,DREQ7fyveGL7dXxB7EsjgSDmRNceuD5W7J4hUgznZbFM,raydium,1789438634,0.000002189,4175.36,2189,2189,0,0,0,1.85,0,0,0,0,0,0,0,4,,,,0.09,0,1,1,1,CPMM,,,,,,,,,,
1790288431,6uNBMZ6Ht3DbBqgxtebLetGeXpxyuftmmL6KMSSupump,snake,FHLxcRBBmWQbAPkd5XXy3CNGmY1AK5Dqc2RXho2ij5F1,pumpswap,1789473006,0.000003280,3219.21,3070,3070,0,0,188.03,188.71,0,0,0,0,0,2,0,3,,,-11.48,-11.48,0,0,1,1,,,,,,,,,,,
1790288434,GgNievf2eNHc6vvNU97WKTcJGqzssK9TTCdY8K8Ysons,POF,A4BAErJguScXYtnSCeKVrrdthxW7Yk6jtCefmY4qJSH4,pumpswap,1789474652,0.000003129,3025.32,2983,2983,0,48.32,48.32,94.58,0,0,0,1,0,1,1,2,,-0.49,-0.49,-1.28,0,2,2,1,,,,,,,,,,,
1790288430,5DeJdGTtMa7QrbgxSMJs7ZuQLfqydYPVo7481DKYpump,wifwaifu,74UpawrXuwM4PxUK3SzGtPWARrWWDoVNQurwjjRjGcCs,pumpswap,1789473500,0.000002915,3403.56,2826,2826,0,0,4.69,4.69,0,0,0,0,1,1,1,3,,,2.77,2.18,0,0,0,1,,,,,,,,,,,
1790288431,7xwPE6M7h19FT5U7pd6HejjNmrh3rDSMFCoAwibVCRwT,PAIDCAT,EhjoDnxpZEzaU1hFSAG22tog4Z8x36feVAxTyfNAkTZg,pumpswap,1789510526,0.00002323,14511.48,22918,22918,0,315.02,1224.32,13896.05,0,0,4,4,13,30,125,130,,0.51,-12.43,1.43,0,1,1,1,,,,,,,,,,,
1790288430,67rVP2rxtgJR5kgHCmm1UwJNPuuemyhcng86J4WMyGXU,SHIRLEY,C1zDi5aF8VbT1rKGd6zdhfEofchhhjxjtGyeYYVW2CEG,pumpswap,1789511799,0.000006539,5886.99,6376,6376,0,0,797.31,1138.07,0,0,0,0,4,4,10,10,,,3.04,3.1,0,1,1,1,,,,,,,,,,,
1790288434,FsauseE897LhvW2BRgXBUJUpfTXvQudiFY1qqV1WPmNH,Salt,CzQwPKgRg8zAsWJyiDC9P4YcEDFg1yZaWiLLjyFuDTTC,pumpswap,1789536754,0.000002931,2868,2787,2787,0,0,0,178.75,0,0,0,0,0,0,0,4,,,,-10.18,0,0,2,1,,,,,,,,,,,
1790288432,B3jjDNkBw48utaFxRRSWxg4oUkN23YxodChdEf4bxhQS,BITDOG,A6h4FGP3AAtGfXX5VZQhCcyZmctHZir2a1VooFtbcfD3,raydium,1789549543,0.0003462,53468.28,346232,346232,0,1503.07,12012.26,56396.23,0,0,10,4,66,37,274,182,,10.49,-3.8,-4.72,0,1,2,1,CPMM,,,,,,,,,,
1790288432,CJBTztxBJ5NNLnHSzvSk9yAsVpV19QZAaQ5C4MzNpump,bikegiga,924kBUVx4vpQDzK1nBKuHPr3xzKYAtR9fou8HNpCCE6d,pumpswap,1789553398,0.000002336,2440.82,2266,2266,0,0,0,0,0,0,0,0,0,2,0,9,,,3.28,2.34,0,0,0,1,,,,,,,,,,,
1790288432,AQVcP67EpMyu4cBZZjqMu91cVsWy1aX98JmcZm1FyY9,AQUA,9TT3NbWogWjbQh7b3s1hfcqYF7VJHmg8uNcXDjtPRnh4,orca,1789551211,0.001090,157383.69,1090379,1090379,235.74,26096.08,92506.21,272227.16,0,3,39,81,441,365,1225,1052,-0.99,18.51,62.19,27.83,0,1,1,1,wp,,,,,,,,,,
1790288433,DM8CTfQPoMtXRoeEPyq8NahPVfhQbvxvWDon5bz7pump,ELONIUS,7LCNhCXbB7L91wxX1s2tqQT7mfk5yqeJry6y2UfSQDH9,pumpswap,1789573856,0.000002671,2897.86,2625,2625,0,2.15,42.63,83.74,0,0,3,3,67,51,122,100,,-0.01,2.03,4.51,0,1,2,1,,,,,,,,,,,
1790288429,2rjdEHYjnR7YmnTgUGRkEtDwCuhiZ2rGA3zhnWaA9jcV,microchip,DyP3FcZmk4cVRSxcvbFEfc8sByBCeNJ8urPgR25MuhnH,raydium,1789573509,0.000003594,5243.16,3595,3595,0,0,0.23,162.38,0,0,0,0,0,1,0,4,,,3.65,-0.78,0,0,1,1,CPMM,,,,,,,,,,
1790288434,GNuKpXCeNwzfBWXJ4i24n63kRSdoG3mgMYLaEpGppD33,STIV,21fHJWPXthzwA6Fn3gpWg1YsmSdbE13HmpD6h14sVSBH,raydium,1789568891,0.00002959,21679.67,29592,29592,0,288.26,3019.39,9121.03,0,0,1,2,593,626,1134,1220,,-3.84,-8.54,46.61,0,1,2,1,CPMM,,,,,,,,,,
1790288434,FZ37MVb7kXLPWv6qn8QoCZaWLSbD3fXqDjj9wZbAkT77,AFK,ER3BmntkKcWSvjMAzwwqesuFPgR6CjRibKn4nNBQpzDb,raydium,1789595602,0.000008935,8646.06,8935,8935,0,276.95,393.54,6338.88,0,0,0,1,1,4,32,38,,-11.73,-15.11,-34.22,0,0,1,1,CPMM,,,,,,,,,,
1790288435,mMHUFPJma7sGuFxYteoHJkfzb5iW6oLxsvVnUYfSTNK,LinkedInu,5mM3i5gZ8KGjJc4MRMsvdUWRWaiW5i1rfUSfvkpXQXg8,raydium,1789598251,0.000002866,4730.92,2866,2866,0,0,5.59,55.37,0,0,0,0,1,1,3,2,,,-0.59,-2.33,0,0,0,1,CPMM,,,,,,,,,,
1790288430,4qpraJNwVi8yXn2hx6xxVnsifin1PEhJ8Nv61sab5a3U,WISH,EqhjvdrGEe9q2jeCGpEMTeYj1R9yp9uneFvKzuEcKfZd,pumpswap,1789618389,0.00001909,12537.64,18272,18272,0,42.07,644.63,7302.08,0,0,2,2,19,17,74,85,,-0.22,2.66,-8.54,0,1,1,1,,,,,,,,,,,
1790288430,4fBiGYVbKJGZybXutS8Q8C1YhtjkbeZ8DsBxWjETpaid,PAID,89Gh6PssFKhsvA9Epg69JmvHa5rtUYXySmiQ3LQDr3WY,pumpswap,1789618472,0.000002870,2854.2,2766,2766,0,0,85.49,133.43,0,0,0,0,1,2,2,3,,,1.3,1.76,0,1,1,1,,,,,,,,,,,
1790288432,CnarsBjoBKbtoF6xQsvnp1g4MQ22mYDetJ1cih62pump,ALLPAID,5LW4qa9UUxX7oYdausAxKaZKzha1z8bMeLcFYFz7tbac,pumpswap,1789617144,0.000002305,2437.75,2247,2247,0,0,0,0,0,0,0,0,0,2,0,8,,,3.26,2.34,0,1,1,1,,,,,,,,,,,
1790288433,DLEdharFALn6K65DxtKq29AzFERPvg45dY5rue9Wpump,FAPMAX,8WkXnimY96oAGSVDeC8HdrLC7gESFthTVkomizrDgbw4,pumpswap,1789618276,0.000002545,2695.78,2471,2471,0,4.66,30.04,54.12,0,0,5,2,35,34,54,59,,-0.14,1.63,2.83,0,1,1,1,,,,,,,,,,,
1790288432,BjthYsyHKCMkEhFoNcANF4VVU4UPTLQjLxiH7jXjQdjS,SAT,3Ec5AhcigvM3nmcX5MiCx14yD47R5wDZNCnuRhddyMLk,raydium,1789608439,0.00001024,9961.29,10247,10247,0,97.38,1069.16,2701.83,0,0,0,1,2,13,13,27,,-3.82,-25.59,-15.81,0,2,1,1,CPMM,,,,,,,,,,
1790288434,GCjgZ2X4XmSrLX7SVuiAVkA3c1ptXdtWiVQN4u1P9GeR,GNOME,7HeQ9A8DcT5jBsx1rCeT7VZhLEgNaqKYevnxR5iLdjgR,raydium,1789620343,0.0009809,164479.48,980908,980908,531.24,2773.24,26549.07,110325.62,0,2,1,15,137,62,615,290,-0.46,-7.12,3.76,2.07,0,1,1,1,CPMM,,,,,,,,,,
1790288431,99wkUqrEX5jQsoidGPzeinXctDwMvJiLrei596bNpump,XSEND,GMANM6i6piWPxAMzaVMPsDCp1DvtwL9eEdVwopC7fzW3,pumpswap,1789659594,0.000002891,3272.84,2830,2830,0,5.14,66.98,109.1,0,0,7,4,77,61,125,99,,0.13,1.43,4.04,0,1,2,1,,,,,,,,,,,
1790288433,Di9xzs3ztiBBMzWbY7UDXuVC87GfeP8oV4H1fNQVTxk6,DOGGO,CN4otfn2aC6FYuFkXEUUy8SwFYZBSRLJ6RbVLf3JcMPS,raydium,1789660258,0.000002720,4434.14,2720,2720,0,0,0,62.58,0,0,0,0,0,0,0,3,,,,,0,0,2,1,CPMM,,,,,,,,,,
1790288431,8BBNS7hURKU4whJ9L7BpjnAR8n9bKFiPA4ZKcYs76qHu,PCAT,GVjvA5pTgSpHLYk3H6dGjV5uxSK8GZKqccpUatqq3ZJ5,pumpswap,1789685150,0.000003647,3635.46,3539,3539,0,0.34,78.2,91.35,0,0,0,1,10,4,13,9,,-1.81,-1.64,-0.21,0,1,1,1,,,,,,,,,,,
1790288432,CYxv8mm44tqjYu6fvTMiZSrAWaM7QKwTSto179xuK7tS,RIM,BKMyB8P88wbDLUmWkaSnBcbm2kbZKQSJHHhK65vACUJj,raydium,1789683733,0.00001219,11130.49,12193,12193,0,115.69,462.71,6061.53,0,0,0,1,8,9,42,46,,-4.08,-5.76,-34.79,0,1,1,1,CPMM,,,,,,,,,,
1790288434,GXL9wD1F5TzVXfZ33fKkBxeuNi7wKMUR25SDEBGEZ9mN,NIU,2p9TwpERb2tht36ut5QUgQnwoLnopXL3tGweMJLqq9Lj,raydium,1789682334,0.000007623,8115.19,7624,7624,0,88.97,318.73,1218.76,0,0,1,0,4,4,17,29,,4.65,5.59,-24.21,0,1,1,1,CPMM,,,,,,,,,,
1790288432,9w6XCPQDKpiiuQY6MFBfuawUEpxpbNvsVyLq1RJgjupx,Uranus,11UR6BRh3TMCMrvk9qM2DSvC1PGEfGn9mnhJDkwhjTM,meteora,1789681893,0.000006786,10597.46,6786,6786,0,0,0.07,114.3,0,0,0,0,0,1,1,11,,,1.6,0.53,0,0,1,1,DYN2,,,,,,,,,,
1790288434,HxG3mtV1opzte837rKM5wBR2rPNTdRF5kYkMxf9dpump,NEKO,2yPrkVCdDBaa3JybuYRuSwMxXH8tx1RTrFSMj4rBuRJn,pumpswap,1789689045,0.000003126,3236.51,3017,3017,0,0,0,24.29,0,0,0,0,0,0,0,2,,,,-4.72,0,0,0,1,,,,,,,,,,,
1790288432,ChGkEmqxUuggy9NG9X3PEnv1q2bHFNgFhZmxJUowQtco,COLOSSEUM,4y8MN48PDjxWe354LNWnYQsPLsEG1uEAJKWbbBGnfuGh,pumpswap,1789689968,0.000008005,7364.24,7933,7933,0,65.82,207.78,2993.73,0,0,2,3,3,8,30,30,,-2.44,-6.39,-11.44,0,1,1,1,,,,,,,,,,,
1790288434,FzEh8uAxjUWRgGhzb4TGGBBsKUzsZn8zoSoZGmEppump,DEX,F2TAJwEFSGjq1XSdfpLsCuoSeni84kSPCtpQ5oWpVcdf,pumpswap,1789704123,0.00001366,7482.52,13370,13370,0,232.95,2477.48,5325.56,0,0,2,4,70,45,158,104,,-12.45,-19.38,-23,0,1,0,1,,,,,,,,,,,
1790288429,25Lrwta8CGeMt3pmxy7DivhJzRzBp5Ne76bdaxbPpump,$Gatto,8WptpTnYqkjgZuxRhoPaR4Z323RaUaoagRrarUUMJYmn,pumpswap,1789703432,0.00002139,11248.19,20390,20390,0,1.15,217.38,1848.22,0,0,1,0,6,6,75,25,,1.26,-1.1,-12.13,0,1,1,1,,,,,,,,,,,
1790288434,GsN18GJ2zWoMh32QENu3rwH3iPYzF3SmJxaAnaAopump,SXM,69BGzG97DpenQoXNr9dfUYcAtfteUnsh5KGgawwGS6uz,pumpswap,1789696742,0.000005169,4542.61,4946,4946,0,24.2,27.14,87.12,0,0,1,0,1,1,6,4,,1.84,3.4,2.11,0,0,0,1,,,,,,,,,,,
1790288430,4zv9pgsqM3Ey1pputaKj8mXw1kgzR2QJkZRhgmmspump,MINIONS,5ztv8FTUZFor2BPzYyMSQ9mGDa3TFG73i4RPCQjGsnni,pumpswap,1789688193,0.000006388,6343.87,6209,6209,0,3.35,8.84,100.44,0,0,0,1,0,3,0,14,,0.31,-0.89,-2.92,0,1,1,1,,,,,,,,,,,
1790288431,8hbfVUpsZ9ttdixBzB2PXwYNUJHySaXT9pFoyAEjrTKW,Pokeballs,HCNLrjsWhtCtHKJhivCMf9PzUN1EWzXqYjWjhbkm4MCi,raydium,1789770283,0.000004902,6367.02,4902,4902,0,0.4,7.87,5318.88,0,0,0,2,4,4,63,54,,-1.37,0.26,0.32,0,0,1,1,CPMM,,,,,,,,,,
1790288430,5zNmPYCm724a7HLE8FXB2d6R3BbsuPSjzNAxBmkHpump,Prism,CjLTexDv7TZWUXrfabMXXuKXETiE91zMrSj4T5GEJaQW,pumpswap,1789770202,0.000006735,6587.03,6367,6367,0,56.09,294.07,1947.12,0,0,2,4,7,19,23,62,,-1.54,-7,-35.01,0,1,1,1,,,,,,,,,,,
1790288434,HAa5JGYxRP7H4Y2hMnyumDkfaqyCzu8YPSgaVURE6b8J,HYPEBEAST,Bo6XQWY9eMYL6JK4mHXRyb1xmLqBDxiTHr1wM99FW5og,raydium,1789774223,0.000003941,5824.95,3941,3941,0.02,89.89,142.37,2160.56,0,1,0,2,1,11,20,107,-0.06,-7.45,-9.29,-37.74,0,0,1,1,CPMM,,,,,,,,,,
1790288431,8pCYnTGuzeLEs5PQkB9pofFrKetSgxySYffCXDwQy8hf,Apu,GkuMtEyn3XzYAB2KDiD3iSmTLvn1HcvkqEeiJVHZ5FjV,raydium,1789766255,0.00001650,13330.15,16505,16505,0,0,374.31,3962.17,0,0,0,0,4,4,22,31,,,4.55,-42.03,0,0,1,1,CPMM,,,,,,,,,,
1790288431,7vNWJPnAy76xJR6yHQYfFeEbe3WXCZCm9npM4cBHpump,ALLINU67,E9i9oSTgS35fy8D75nduc8VDWaDDiXiRULBpcd2sjkYH,pumpswap,1789775815,0.000002586,3290,2517,2517,0,0,0,4.25,0,0,0,0,0,2,0,6,,,1.77,-11.19,0,0,0,1,,,,,,,,,,,
1790288432,ArGc3cLPX23c25iigt8Rpq6zEYZ1KC4yopkFGB1dpump,HASSO,DJseednh4oNzzXzTyNMpbuVjz4pA6nGWp1XNs9jZYRXy,pumpswap,1789799161,0.000003023,2929.44,2541,2541,0,0,0,0.94,0,0,0,0,0,0,0,1,,,,,0,0,0,1,,,,,,,,,,,
1790288430,671HGnyBtSdL9D6W4684nuARBWCZDN9gK7HidDsKGgwP,GGWP,BsxE1GF2URNCnfLmST8wex7y7M4y9nU4jLc7sMQcDHaE,meteora,1789802550,0.000002136,3372.76,1863,1863,0,0.4,10.41,69.73,0,0,1,0,14,9,25,18,,0.21,0.82,-4.76,0,1,2,1,DYN2,,,,,,,,,,
1790288430,3aYys1eiPuQKgxDnsd7CYhQeYx73DKeP7wwZW9vLpump,CLAWDY,HcJfNTk3WFeq4dTKNtTcXUVT5Txzk9WwHQkUwKwZ5WYy,pumpswap,1789813818,0.000002356,2473.23,2295,2295,0,0,0,1.49,0,0,0,0,0,5,0,18,,,0.23,0.96,0,0,0,1,,,,,,,,,,,
1790288434,J1FRQZoNH62eWNTavDdGScFryNzyTdLth7cM8UZbpump,DoubleT,9MieC6wcCc3iHz5UTpVzwdxGYsWaZcCfvYpYiz4twzTH,pumpswap,1789817995,0.000003892,3785.69,3715,3715,0,0,2.79,6.43,0,0,0,0,0,1,1,6,,,0.8,1.8,0,1,1,1,,,,,,,,,,,
1790288434,FuriVrfyZgnXjABipp7ZdGsMCoRCgVXYp4LbdPNB1HrC,BabyDoge,GpGbFpGdE9w5fssEf12P9B6qAuSqz6JcbBtEpZeVjfy,raydium,1789819283,0.000004257,6241.9,4257,4257,0,0.22,98.32,187.6,0,0,0,1,1,4,1,9,,0.17,-0.27,-2.97,0,0,1,1,CPMM,,,,,,,,,,
1790288430,6LU9buMQMs2GfBoujmxZdemFu71e1QdfVvBPJpiNPQZU,BABYCATE,8WZv7wLcNJzRTHgwGNZfKLj41oPdvVx4hojXiSYhmeXr,pumpfun,1789817495,0.00001054,,10542.38,10542.38,0,0,32.96,32.96,0,0,0,0,1,0,1,0,,,,,0,0,0,1,,,,,,,,,,,
1790288430,5TPNaSi63HSfEHwVSBL2STi7yTPwgtedeXCowjnYHVG5,LEEROY,DzeAVk5P2sy5vpNYSrLMNcTsgxVXeTyZyghyHuBih3Zg,raydium,1789837872,0.0003601,55004.56,360143,360143,774.33,14351.54,173274.7,324782.88,1,8,37,75,1112,792,1701,1287,2.56,-0.42,56.95,745,0,0,1,1,CPMM,,,,,,,,,,
1790288432,Ad881PycCzmgVmSvuvynMVQnhN929QDVykLf9iNLpump,PHILANDOG,5xzfbPzKqXqWXRENBfc49guVrEsZa22SqXiqNtnAYHAR,pumpswap,1789857548,0.000002751,2822.72,2660,2660,0,0.07,5.52,88.55,0,0,0,1,1,2,1,3,,-0.37,-1.85,-1.85,0,0,1,1,,,,,,,,,,,
1790288431,7xz6t8qyPASohr2EoFLv1TvZdZougw7ZA7emmt3YnxXx,TRILOGY,FrwZxS7D2DZFsKKaSqj3W5aYM94mKM6HAyCejni3vyAL,raydium,1789856943,0.000002731,4897.86,2732,2732,0,9.93,9.93,11.32,0,0,0,1,0,1,0,4,,0.24,0.24,0.86,0,1,1,1,CPMM,,,,,,,,,,
1790288429,2izUeeTezLa77D9GEzytE12jb9WtYRvhQ9rvAv4aKY2v,CHEEZ,4YvGihWcC4j6FWBEoX8mBiSu7dxzQbBBC2gVyKedann4,raydium,1789857465,0.000002851,5029.08,2851,2851,0,0,39.95,61.92,0,0,0,0,0,5,0,8,,,-1.71,-2.4,0,1,1,1,CPMM,,,,,,,,,,
1790288434,Fb2FLgGxMVNg7mpL9Asf5K6dvwuVvp8Yrmpp7i7ysRcV,Computin,BH86uuwvTXELko17Mxws5zCdfmJBYfq4Swrwdz1ypemJ,raydium,1789857355,0.000004040,5819.89,4041,4041,0,0,6.48,343.79,0,0,0,0,0,1,1,5,,,-0.09,-11.68,0,0,1,1,CPMM,,,,,,,,,,
1790288434,Hqa3scJGHpXQ8wgcEsugqqzrvwTcugRptHL1LgBCpump,HOLT ,PQeDKZTyXek1zcX8JNRixR6a3oDqaRtE9C4sRAuWoCr,pumpswap,1789889027,0.000005029,4825.34,4798,4798,0,0,520.29,933.3,0,0,0,0,4,3,12,28,,,-1.79,-2.62,0,1,2,1,,,,,,,,,,,
1790288430,4KxtNWc5XTL3cuyc8PJMchqB6RYggvEFeMub727GBAGS,SALVOR,4WzfxBthxkz3YdFrJV9VUwN3pPXGRnCojLCUrMeyLcjR,meteora,1789885968,0.0003182,52343.75,318259,318259,222.36,2500.84,13228.9,40807.36,0,1,7,4,50,34,133,111,0.47,1.02,-11.76,2.51,0,2,1,1,DYN2,,,,,,,,,,
1790288431,72qdjY9F1ZtLaB8nJTrkX8ek3mudB9VFhKAK1Fti2HrY,CHUD,GJrdPGjivHsjd55RMbGxjGe142EcRDQytRRAdwoSpYP8,raydium,1789884439,0.000003878,5907.35,3879,3879,0,0,23.16,51.11,0,0,0,0,5,2,5,8,,,1.38,0.88,0,1,1,1,CPMM,,,,,,,,,,
1790288432,BEcNuoY5G3XbaV61kLAQJcuCSf62kdaQide2mvhCpump,wojblob,AqaMQADavdjNPGt5NtivyqRsfegDXqXSAVmpuEdeBwwh,pumpswap,1789885161,0.000002333,2449.45,2243,2243,0,0,0,0,0,0,0,0,0,5,0,16,,,3.54,1.49,0,0,0,1,,,,,,,,,,,
1790288429,25YtfFX8DWMA8zwyJKEb9FrYDLxDSa1eqPgZBqsrpump,CATRINO,8SKwABxMfeHz7pQtviZgoG9eNTQ79P74uMu6MhnBQW2m,pumpswap,1789885321,0.000002239,2306.89,2174,2174,0,0,0,0,0,0,0,0,0,6,0,17,,,3.54,1.49,0,0,0,1,,,,,,,,,,,
1790288434,GEjbUiakaKUyQpxPBawWYuHsJwumrUtr9Z8tVum1CdgJ,BARREN,3Lt6n2TyH3b12CWauaYzKwusVqH7SWdhURqJAtcEi29z,meteora,1789899514,0.000007647,7859.46,7647,7647,0,0,854.68,1459.44,0,0,0,0,6,6,10,14,,,1.21,12.58,0,1,2,1,DYN2,,,,,,,,,,
1790288430,38EsA6oXoBW9ndYKHWghSVFAW7nLd4DRzJFwM9USSTNK,XMAN,56TYxeqQEAEHasqBgU7J5wb7d22sMQaGoXCTDYyupA3F,raydium,1789906379,0.000004303,6159.56,4304,4304,0,0,9.79,122.43,0,0,0,0,1,0,4,13,,,2.46,3.73,0,1,1,1,CPMM,,,,,,,,,,
1790288432,CiV2To3hYpXXwimzRGWVcD6LJUX2ryKCMCwpRs5Ppump,RSOLVE,ALW9X7QZgs6yoM8cJVk7xz6XSzBBBoAkWB5Xjk6YrQ7n,pumpswap,1789943925,0.000002741,2798.28,2659,2659,0,0,0.23,5.41,0,0,0,0,0,2,0,7,,,0.44,0.92,0,1,1,1,,,,,,,,,,,
1790288432,AscqW6JHTSTxhrug8omyuN6eaG7XQAE19dhS9r8rrcPi,Pray,5dz9d7cYFkdcrwgyYJZXnGktzG2XX9w2w4Hxi76x9xBn,pumpswap,1789946043,0.000002636,2610.14,2424,2424,0,0,0,4.5,0,0,0,0,0,0,1,3,,,,-0.54,0,0,1,1,,,,,,,,,,,
1790288432,CHQeLyR3kiywgkq6CQuTruNq64bi8RFUyLb3WCCX4iv7,JUBJUB,5zhXTXspNZceVuJmK99trMZGi6fbpDgDhnkvKu8UwsqK,pumpswap,1789943064,0.000004019,4054.56,3918,3918,0,0,0.61,20.61,0,0,0,0,0,2,0,9,,,0.86,0.42,0,0,0,1,,,,,,,,,,,
1790288435,YuZU1EYaovxEHN2sA7oSy3SDNEZovEuUce9edtmSTNK,KURUMI,HP6iQsFkRu6NR88aQR9ZAgjRfjqAN8GDm7sPbqm5pjGj,raydium,1789939062,0.00002034,12732.77,20341,20341,12.08,12.08,703.86,2158.73,0,1,0,1,5,8,24,26,-0.42,-0.42,16.83,4.44,0,0,2,1,CPMM,,,,,,,,,,
1790288430,5HZHzdeCtPUdzxz31W255uB6Umugu9kfe3bxbrya4DP2,ZCAT,9wCYQZBUL1CmXF1iHoBT2X82iTs47uR5obFmkekwBYDT,pumpswap,1789939564,0.000004096,4037.85,3694,3694,0,5.79,125.32,246.07,0,0,1,2,2,5,3,15,,-0.07,-5.12,-11.23,0,1,1,1,,,,,,,,,,,
1790288429,2SgRLprSBdkLrnRiqaCDw5avrRyYbrvZwyNbYgd3oAJm,Buck,7P2WRG1pB5WoNdR7c8asV6HjfE4jeZ7t7XtZkf79oe4o,raydium,1789962999,0.000002866,5049.67,2866,2866,0,0,55.58,85.43,0,0,0,0,0,4,0,6,,,-2.31,-3.47,0,1,1,1,CPMM,,,,,,,,,,
1790288432,B8WvjPmz1wJ9xPRKEkyWHFzPZoaqkKWCytgtFjhTpump,ZIRON,BEw6orDmhs55ySpyR7Rzn73qRUaMYkp1sXL7uNBqzgUJ,pumpswap,1789962192,0.000008390,7649.36,8115,8115,0,0,25.14,1468.3,0,0,0,0,1,2,4,22,,,2.41,-21.94,0,1,1,1,,,,,,,,,,,
1790288430,3TU5PGrkEtYpqjmZNke2JYWXWqP1Dou9PnHyGBpgc4oZ,REK,4EAFyjXeXe7TALqQLqt3JnMrSiujajLGS8dvsM8exoVt,pumpswap,1789985788,0.000004651,4684.78,4515,4515,0,0.94,62.14,228.32,0,0,0,1,2,7,2,20,,-1.09,-3.45,-10.63,0,0,2,1,,,,,,,,,,,
1790288434,HzdBPsFDzrWvFbZ6xs4MSFfPyEWdu49fzaJVA1FVpump,iDollar,357Qoaw6PHRNRVpmCSyX4oFL3Zf5425kPccDJRmV3XXQ,pumpswap,1789992823,0.000002116,2141.17,2067,2067,0,0,0,4.67,0,0,0,0,0,0,1,1,,,,-1.33,0,1,1,1,,,,,,,,,,,
1790288434,HYc4omsnZ1qaHSDkKv4PdXPJGLU514mdrs4V5dK9wU7F,iNU,8cyzpAWx1dwUfv94m8CtaSxqY4MCUwb3g2qiHEHjgCSJ,raydium,1789992836,0.000004404,6227.52,4405,4405,0,0,71.21,183.65,0,0,0,0,0,2,1,9,,,-3.97,-10.58,0,1,1,1,CPMM,,,,,,,,,,
1790288431,8q6aSV7HsmHFSuVS6gwyxFQzLgohhtaNnrxWYvgJpump,SCOPE,GskL1soSzcAYNHhN6vHCP1oBUTQ7QmaDd7DzBA95r4YN,pumpswap,1789991856,0.000002389,2480.53,2299,2299,0,0,0,0.14,0,0,0,1,0,1,0,3,,3.15,3.15,1.9,0,1,1,1,,,,,,,,,,,
1790288430,3JV8p4NxP5bQPupSt57rBMWP4SHaXeNwmxM7e1Sjpump,PSYOPPHIL,6QRgcrDdbiQcwaUKbv5CtFmZbNCs8g81WLfcGaYvaDRJ,pumpswap,1789990888,0.000002602,2953.93,2553,2553,0,0,0,8.76,0,0,0,0,0,6,1,26,,,0.86,1.61,0,1,2,1,,,,,,,,,,,
1790288432,A92GtLJv3ZspDG4WaQwWMP5avZfm6wkkE78NwvKxpump,degen,Eku2Fsu17BpdPjaQ5LCZQ56HXTpM1E5XpAeQxpQrGcN8,pumpswap,1789992763,0.000002684,3052.56,2615,2615,0,0,0,0,0,0,0,0,0,5,0,19,,,3.54,2.06,0,1,1,1,,,,,,,,,,,
1790288431,9MgrvtBDvT7EtZwb3Vy7qmKENFRjSkf7GgHXTNAjuRWA,COPE,BLtTXomqesLwKB14jVPk2jx3Hoh4sj6BUdjSBBn9U4VR,raydium,1790025637,0.000002878,4909.43,2879,2879,0,0,0,248.74,0,0,0,0,0,0,6,16,,,,-17.14,0,1,1,1,CPMM,,,,,,,,,,
1790288434,H4efHkqMcZx3hYDtQEznWxjVzCmyqYKEPe8KK9idpump,SITM,6Fx7dRhLUtwiUC2GFZ34FKMo7sFq6NiXwfmPsMmtgnpy,pumpswap,1790030107,0.000002545,2603.3,2456,2456,0,0.11,973.43,983.3,0,0,0,1,8,17,8,23,,-1.93,0.11,-2.06,0,0,0,1,,,,,,,,,,,
1790288434,G4AYGTaY1rPc42HghU5rk9Cw37hj9hijXFL8249F8kUk,AX,5wuRhz3i9DD72XbT5b6xciF75hsGZtkB6bq2pYaCRs2W,raydium,1790035783,0.000005251,6593.75,5251,5251,0,0,659.07,1150.43,0,0,0,0,10,2,14,6,,,26.79,45.91,0,1,1,1,CPMM,,,,,,,,,,
1790288430,63qoV3oPkxZ7TBvNnAe8L1gAgsLR3quNViRQuMzKYBqK,WASH,8ESDhoZhTqJv8gvW6WgL5diFqRPcZM14UHtsahvqEnfC,raydium,1790013558,0.000007730,8151.58,7730,7730,0,107.55,5305.99,6542.25,0,0,2,3,70,54,98,97,,-4.09,-8.41,-18.64,0,0,1,1,CPMM,,,,,,,,,,
1790288433,EkEq6teGMFEwrs2pWNbCEgSqEoV4q8WLBg9k6SKcgvh,kirkinu,7r69UthQa8nZdiZMHCkSBFm6D9HLGMadLHmKk8zWqX5A,pumpswap,1790031028,0.00003623,16939.6,34958,34958,304.12,1750.44,8367,49852.5,0,2,3,10,50,52,353,321,-7.06,-21.38,-10.77,-46.06,0,0,1,1,,,,,,,,,,,
1790288433,DfbhY8XtNc317jpSEJDQejLD83QUMHtBzyn9EjgSTWGW,BITCOINU,5DzXJzmTsrvmPZBEBjyeR2qJtH2tTrCiT7o55M5Uuzci,raydium,1790034852,0.000007146,8003.43,7146,7146,0,153.09,406.97,1515.92,0,0,2,5,14,21,59,87,,-4.93,2.98,5.36,0,1,1,1,CPMM,,,,,,,,,,
1790288432,9Vkx8JzfdARs59TFJvJbHALjgxSzvttja3kdCTb82HAX,JOLLYBOT,BHVajyjoMBkDY5d5rMJmAk7LYjbxtmxxsM8KSH4pBDVQ,raydium,1790032548,0.00003253,18231.11,32534,32534,1.74,2379.96,80573.35,187649.85,1,0,13,17,406,334,1109,833,0.04,-7.81,-37.97,36.84,0,0,0,1,CPMM,,,,,,,,,,
1790288430,3ULoD6ffRdG3B5Dndm1cQh7VNATqoitqQ1EVoAwWQZWk,USDC,3qkKyoqTMN4tj17HGfTxRRppsZ8PxRxynGsguCG85kYp,pumpswap,1790051776,0.000003586,3625.98,3434,3434,0,0,0,33.38,0,0,0,0,0,0,3,10,,,,-2.1,0,1,1,1,,,,,,,,,,,
1790288433,E6MCyEnju61ZSQy1CBRu31hXFQRtKiUMnG4A1N7yRoLu,Aether,GBTnRPyXFtM2SziRK41PzZNvJBimqxqfSNFEeV8cWmrx,raydium,1790050865,0.000003141,5132.24,3141,3141,0,0,146.71,684.11,0,0,0,0,0,4,3,23,,,-9.98,-32.33,0,1,1,1,CPMM,,,,,,,,,,
1790288432,CdhZy8wrRxNxoV8HtoByXKN7mvS46avtuZ1b39tKfx7,X7,DM7mLVfNUJTbWzwep9BWMVDDhwR1PQU3t2wQ66WTvgqo,meteora,1790049638,0.0004521,126423.95,408476,408476,0,11552.85,63685.8,249430.19,0,0,26,36,163,195,815,697,,7.14,38.42,5.07,0,1,1,1,DYN2,,,,,,,,,,
1790288430,4f8di1oKa98VSEN8n4xkPwCLMsc5E7f68AuGj7k4pump,TANK,3PspaZ4WZvWwMTzm9qyuciZNfRhS2tLJancRzPVsQJLF,pumpswap,1790052239,0.000003246,3252.15,3161,3161,0,0.07,183.8,2676.06,0,0,0,1,0,5,23,40,,-2.15,-13.48,-25.68,0,0,0,1,,,,,,,,,,,
1790288432,BkJxJ1wk9i1aPE4MSTm4ozg1qBYKw7h1asxzmEu1pump,STUNKER,38XyuRw8EVevzFXr2x3fVjPY5hoSUWtsdjqE97Jetmru,pumpswap,1790057411,0.000002680,3081.17,2613,2613,0,0,0,4.94,0,0,0,0,0,1,0,10,,,1.2,0.7,0,1,1,1,,,,,,,,,,,
1790288432,AxpiTsZTUYKiayfZoWeTruUHZaEoNVBgZaw9BN3tpump,Bengal,BkEC327JzpyUNrhVXXFCA9ei8YkWLixScio3pxZ7EawE,pumpswap,1790058252,0.000002410,2512.1,2311,2311,0,0,4.43,46.33,0,0,0,0,0,2,0,11,,,-0.51,-3.82,0,0,1,1,,,,,,,,,,,
1790288433,FMinJE1XKP4WoF7TuRhJK9JgRy6gwsrkifSHYW6Mpump,STONKPOT,C6x94vbFn4d8SCjMH5xLkFVZPVgSNiBFbmVG4pgqDBDu,pumpswap,1790058343,0.000002803,2795.55,2610,2610,0,0,0.13,11.96,0,0,0,0,0,2,1,7,,,1.8,1.13,0,1,1,1,,,,,,,,,,,
1790288429,2k1g1NKB85swTVLYijWkutRFMS9MjXfJnqzzqfSypump,CashFrog,FAKr6zhYTLAqpUowErobB1mvJr2xmtaANxYNLszGHhrg,pumpswap,1790054009,0.000002964,3114.96,2877,2877,0,9.39,102.46,171.15,0,0,9,5,109,52,147,81,,-0.06,3.25,7.75,0,1,1,1,,,,,,,,,,,
1790288434,H133TpJVPTKeA7AWtvgQ15zKegPBDgGPaGdX94UgJ8sq,STONKY,8ob21mMfvX9GY2qcW5NR9bjxuxnUhZ2z96HhiHjbQRtV,raydium,1790072309,0.000006785,7986.11,6785,6785,2.48,434.4,998.92,4561.56,0,1,3,6,8,29,56,147,-0.3,-10.58,-22.07,-31.41,0,1,1,1,CPMM,,,,,,,,,,
1790288434,GywZePx2X4V129RjR1J3MgnFSWHV4F2Hj1P3Dcwpump,quiet,H9ii44KVCkJtiT9GUSoHTDMma8Cm5ev7PNw8vgDYPfYd,pumpswap,1790071881,0.000002620,2594.15,2480,2480,0,0,2.49,3.14,0,0,0,0,0,1,0,2,,,1.4,1.4,0,1,1,1,,,,,,,,,,,
1790288432,Cf5oefTR54C986wvG49wRYwKkoCaRHDnhuZpd96dpump,MSC,Cju7t5AndhKGKAi4T59drhAtHMEaBWSQkQpjfrHYQUmt,pumpswap,1790078532,0.00009092,31984.67,75915,75915,15.4,1953.04,21965.99,51092.23,2,2,10,21,168,88,395,258,2.47,-17.95,69.19,58.55,0,1,1,1,,,,,,,,,,,
1790288430,4wzLxapFN8VCKVDXENHU9y9rMwNRjTtuqKXb5TZod7uF,BTC,4Hd1HPaJCMjhpNMF1W1BhBhHVKszqaxoinzL74VhgYXK,raydium,1789506601,0.00002072,12589.19,20722,20722,0,47.42,164.18,2069.56,0,0,9,1,13,2,29,17,,-0.35,2.3,-18.05,0,1,1,1,CPMM,,,,,,,,,,
1790288435,uRjcWjr52UF43zqtLyU4Sqoxwa9qUkaHWVZJahJQMHN,Memo,26UHN1rVZ74R6BJ73BMvbQXnnVaXEyaXXxBXVmTtivNY,pumpswap,1790071944,0.000002581,2655.24,2511,2511,0,0,2.53,7.63,0,0,0,0,0,1,0,5,,,1.06,1.51,0,1,1,1,,,,,,,,,,,
1790288429,26Ckbym8TgPHmZidytRoUiC8Qu6eLpbpgWCsqCuzpump,Abu,E2vyLpRdwcuCAfb5WighaL9AXX3H7netTBQRcM5HvrSH,pumpswap,1790079190,0.000004149,3792.44,3680,3680,0,0,513.9,1705.99,0,0,0,0,7,8,18,18,,,-6.19,17.92,0,1,2,1,,,,,,,,,,,
1790288429,2NCvMsFYBdvGoWgmbKZfNPvYUzpDEMUPCtcUqVk2hyHW,GHOLDENGO,CtREcJuGs4MktpMD4jXf6PrMMmY75MbhiwSQUzRojtZQ,raydium,1790076246,0.000005346,6573.47,5347,5347,0,0,3.31,1187.73,0,0,0,0,0,2,7,15,,,0.13,-30.46,0,1,1,1,CPMM,,,,,,,,,,
1790288429,2y42ZAm8Zg2m1rMszPpKxaCYxnFQzZJ9sDev58KN2vrk,ANONCOIN,GjkuRFGp2e8PAuyuoNRuzwUKTH8hL3uk2bgtC7vc8sSz,raydium,1790060337,0.000003475,5716.27,3475,3475,0,0,227.96,915.54,0,0,0,0,5,6,9,47,,,6.36,-16.28,0,0,1,1,CPMM,,,,,,,,,,
1790288429,26j97ZBGjaEZNzqZ3eSqKqPLZwS45aYp5BobLRQVpump,MORE,5WSRXJYpEQkqdpAg9fsU4e1gVxNiGy11EnLp6pSeB2wY,pumpswap,1790102254,0.00001491,11313.99,14296,14296,0,178.36,2207.59,8873.69,0,0,6,5,39,31,127,96,,1.47,4.83,16.29,0,1,1,1,,,,,,,,,,,
1790288430,42oZyfUViDXhfgE814YPyfX4knaNMg9ntmTeZyirpump,1000x,BMdWAzXUj7SSUFARcWWB9xq5YBdttUo91J76q4kWBt8t,pumpswap,1790116811,0.000006493,5298.73,6212,6212,0,4.09,440.32,546.55,0,0,1,2,5,17,12,41,,1.45,22.73,18.67,0,0,2,1,,,,,,,,,,,
1790288434,GmXUcQygAP6kfuDJCHhxRoYY4nV1LRiCMhL49XXgpump,INU,AxhqwQbdBCGaG7Exa1Nxufyst6XKunggD8kuDdPwtAET,pumpswap,1790120143,0.000002595,2576.64,2507,2507,0,13.81,19.96,130.52,0,0,0,2,0,4,3,8,,-1.09,0.77,7.13,0,0,1,1,,,,,,,,,,,
1790288434,HqyTxEqk7qmLu2Gnx46eEZwQhzCf2yVqRompLaKYpump,STORMIE,GaK5yYzBuUdGF4jZeULounvLHLD65GLNu1G4cYSkE5e1,pumpswap,1790121580,0.000008350,6968.56,7969,7969,0,0.96,108.23,8373.13,0,0,1,0,6,3,45,44,,0.13,3.77,-22.16,0,1,1,1,,,,,,,,,,,
1790288429,2MWQZaDa8DKKq5c6Lkr7n1KJJKwQ1QaH3r3kZjexpump,APEBRAIN,3vfEHXLD6rdRxcHdUBUJRhwS2wWd4cUB2bWcwSi6kzEF,pumpswap,1790124151,0.000002668,2636.11,2476,2476,0,0,0.06,909.11,0,0,0,0,0,2,5,13,,,0.09,0.22,0,1,1,1,,,,,,,,,,,
1790288435,L2pnNX8eBbNLYYH2Sr3riBksJJSpauQueazTJ8epump,HACKA,7xtpGvFTzKLKtVvV1kVgTL2ZyvGyxa3gRtXh6uZojGit,pumpswap,1790123910,0.000004752,4682.78,4481,4481,0,67.54,1163.4,25613.34,0,0,0,2,7,47,367,556,,-3.94,-30.84,-87.89,0,1,1,1,,,,,,,,,,,
1790288435,c4AtfqMRbC9FuHtVEHDhCm453tytU9E34MXXrp6bLuf,BLUF,BJ6pFMwat4EG3UE6eSXY2Qtt8t74JAwioDE2T4WE233Y,pumpswap,1790178656,0.00009303,30332.08,89019,89019,349.68,7829.7,60921.82,518913.22,6,5,92,84,752,733,5118,4927,-0.78,-22.57,-31.48,-76.83,0,1,1,1,,,,,,,,,,,
1790288430,3mTqyvxZiEB7stf4NpAh8BcZifTEEyzzxd4F7dCap929,TEHC,83miXHemgsgutu74NHUbtmxLJr1jRAypeD1pTgAjYQvF,pumpswap,1790124137,0.000004732,4247.75,4554,4554,0,0,28.64,1978.19,0,0,0,0,0,3,17,33,,,0.29,6.34,0,0,1,1,,,,,,,,,,,
1790288434,G2KB6Yvhs2ojSVtQ8AmCLAMR6wLxzAscS8nNERcYtUVD,LOOMI,8SrzuBHchAuBmfyWyi9wA38jSSCyJE5jfq7EckXaR3ah,raydium,1790118039,0.0001748,39013.48,174889,174889,622.8,4858.7,72433.37,215387.34,4,0,25,9,482,238,1186,734,6.45,21.34,70.26,196,0,0,1,1,CPMM,,,,,,,,,,
1790288430,3i43bRLKSomUXyin1jgGsd3y9MgBW1cdX3nh43YD3W4R,SHIELD,BKfCLvEgu526TexE4HuQRBgs3Xggbj91WbJF2ARxLJHj,pumpswap,1790123283,0.000004028,4048.77,3900,3900,0,9.68,28.29,625.11,0,0,1,1,2,10,8,52,,1.44,1.03,-28.53,0,1,1,1,,,,,,,,,,,
1790288435,jdaiCmVtdmeJZpTS5zjXKHcZuALvji3p4hp2WnFpump,HERMES,7ViZ5bmu2qB3sY7HmZgqxcTDJs2fJhhCcERnwq3vaaZK,pumpswap,1790124444,0.000002066,2080.32,2056,2056,0,0,0,70.54,0,0,0,0,0,0,1,1,,,,-1.65,0,0,0,1,,,,,,,,,,,
1790288431,8f3qWxccdFKN6HpFRxFSCbxZWMNRnz62U5esjhmvpump,WISP,BpQFw3qPVivz17fb8iMKkTZJ2gtho5gz7TEBL4sD8HbZ,pumpswap,1790124124,0.000001995,2152.25,1941,1941,0,0,0,1.8,0,0,0,0,0,2,0,10,,,1.02,-14.77,0,0,0,1,,,,,,,,,,,
1790288434,HZvu6ZdgnHrwWfBX3ni7C4h9MUvHbTqU5uqZ2ULupump,401k,ENXkfutenWUZpUsPHB2WM9W9yvRTTAWv1cVrh1bDuZ52,pumpswap,1790130929,0.000002347,2344.37,2260,2260,0,0,0,0.29,0,0,0,0,0,0,0,1,,,,,0,0,1,1,,,,,,,,,,,
1790288431,7qgre5rs6mJQE3LmyXhpWuKYFKwDQabFKr2ELXnBG1Qq,Tehc,D2fgz3SegszrU1ueAQWBw1k1HPZkAJF2DLt2neAYLCD9,pumpswap,1790131232,0.000002651,2626.04,2410,2410,0,0,14.88,2836.3,0,0,0,0,1,3,18,31,,,0.14,-2.43,0,1,1,1,,,,,,,,,,,
1790288429,2pWXsELtCwtcKUyvNC6igngswUSQjVpJdY4hA4cTdjaL,PHAT,259dyTrR1KgguVwekv71ehmKfSfkC5fDPfBaxMmr3Fsx,raydium,1789618983,0.00003780,39186.52,37810,37810,12.59,528.46,6268.06,31593.69,0,1,3,7,12,48,137,146,0.89,-2.89,-48.4,-35.03,0,1,0,1,CPMM,,,,,,,,,,
1790288431,7xm3vqykDZVuYqiC2HcTf3VerfmhAieCPZmeJX8qpump,BTRD,59GuPXEBHGwzkeMasS6UZCjaXFKwhV3cZJfYCbjisGi4,pumpswap,1790187315,0.000005907,4985.56,5694,5694,39.5,381.61,6609.59,66613.52,0,1,5,11,77,132,919,945,-1.6,-7.69,-62.54,-84.14,0,0,3,1,,,,,,,,,,,
1790288433,DxeBjZk1G43XTbGq7rEMHATUgtvYaNiDDweqbqhbnetW,JIMOTHY,7S95zn3ymcxhvQVMUvZSZgPL9Vj7SprgzNzvBuprUuEf,raydium,1790131062,0.000008029,9244.99,8029,8029,0,211.48,3820.05,22138.38,0,0,2,2,42,45,202,182,,-10.36,-36.61,-67.69,0,0,1,1,CPMM,,,,,,,,,,
1790288432,9ekRaDZHa5VTFiR37CakbnnN7HoqwqC83SaMmAc8pump,PUMPPO,8hb4EZhSMt6sbjt7VJdi4e9njfnvjTSBrpwtX5Rrg4bJ,pumpswap,1790127293,0.000002604,2629.39,2511,2511,0,0,10866.01,13428.73,0,0,0,0,558,283,609,344,,,-96.7,-97.36,0,1,2,1,,,,,,,,,,,
1790288433,F1kzi8tQaQdXhaJSyAX23gXGTRJqee4bfT8YEP3upump,niketyson,J91pxZHvHCwY3mWZ7jaevgzFUYsaCoq8xXL1ZY9u7g3s,pumpswap,1790135456,0.000002370,2604.09,2328,2328,0,0,1.32,1.32,0,0,0,0,0,2,0,3,,,3.31,3.31,0,1,1,1,,,,,,,,,,,
1790288432,AN49E6FiToLMANJtmUiooirLdFFRumtpB8jZDm6PusU2,VC,DxPoyCU6gT8eSdfXz6rrSVcrkFB2uxUbDhvEFqVhNvLG,raydium,1790135481,0.000005578,7002.69,5579,5579,0,10.94,199.4,9581.36,0,0,0,2,2,12,117,122,,-0.6,-10.99,-6.66,0,1,1,1,CPMM,,,,,,,,,,
1790288432,A4aiq9dhkR5Zt9VrjhmmXfkNhLQJWGcLyqX2Hq6rpump,suitalon,8dQAJktJzgxa2nf652UqFWFv1iF7dJL2EhXsSETCdDY1,pumpswap,1790136635,0.000002358,2554.45,2290,2290,0,0,0,0.04,0,0,0,0,0,2,0,8,,,1.02,2.07,0,0,0,1,,,,,,,,,,,
1790288432,Atf7KaBLF257KQosBM2rCxhhdRfDtRNnpwmUH4bkrMMV,BOB,GUzGgimx7FFFbWZEw9dn3DEmKmsmncGqVJVDGaM9mPBZ,raydium,1789699872,0.0003764,80660.22,376463,376463,0,3700.43,18667.33,145166.5,0,0,25,25,139,140,872,661,,-7.31,-31.95,-12.13,0,1,1,1,CPMM,,,,,,,,,,
1790288435,a3hycPkLp4jjAVE7cf4JkqChYsTUnCytQuENa97pump,suitelon,5P9ZimskePgSxZiyRg9oqo5uf7Dx1AfMuTyqkKMMBS37,pumpswap,1790138693,0.000002323,2429.8,2236,2236,0,0,0,0,0,0,0,0,0,2,0,6,,,1.02,2.07,0,0,0,1,,,,,,,,,,,
1790288431,9G5vJSw3Zp2x9Cmj9gEsw1GeJqWX2iYMsfsC6uR41jT4,MAU,DMYCTeMRFCs8i4m1aDbNaEoeBxQwLkH2oqUVsiJdHvfg,raydium,1790143738,0.000007864,8115.18,7864,7864,0,19.94,844.93,12262.83,0,0,0,1,22,9,112,99,,-1.05,20.92,-58.19,0,0,1,1,CPMM,,,,,,,,,,
1790288429,224wFuUYY7kZMHSLSCGNJKU1kDde51NcmwjtMVeqpump,runner,BRh96u7h3AkvBsZ7m891ddkwxgX1mQmR3s3cMkPZqQqg,pumpswap,1790144321,0.000002382,2533.79,2320,2320,0,0,0,4.03,0,0,0,0,0,3,0,14,,,1.02,2.07,0,0,0,1,,,,,,,,,,,
1790288430,6GH3fLq5W1wHGTE6m2jmUMqBgHtB7sUeeLzRKt7opump,SHINYHUNTERS,8nwBe7qr2Tvdtk5NZ7tn3hWPBSYxvR2hFP1qsTDJbYtd,pumpswap,1790146009,0.000002219,2242.08,2155,2155,0,0.12,1.82,1.82,0,0,0,1,0,2,0,2,,-0.04,-0.04,-0.04,0,0,1,1,,,,,,,,,,,
1790288431,7uNUAogctSAby1pZUAt2QmBpe2bradWeep78adZmpump,todd,GUK8N22XBkFEguoHbb3unVLM5PYYbCydAHdysjtetA15,pumpswap,1790144392,0.00003078,13984,29677,29677,62.22,695.11,2835.26,35995.68,1,1,22,5,55,37,472,454,1.06,12.83,14.67,-33.4,10,2,5,1,,,,,,,,,,,
1790288430,5rmtzMA9HpfstYfv544XhppMqcc9v9gL2e3CzCEppump,JOTC,6VdenfDna1Z5mrvxUozH8dxz22Jr1W8ZnaxZdfuSojiw,pumpswap,1790146132,0.000002498,2731.16,2442,2442,0,0,0.46,45.06,0,0,0,0,1,12,3,42,,,1.92,2.1,0,0,0,1,,,,,,,,,,,
1790288430,4sEXKWMhwUyMAKtK4naKbj9KP9Ye5W2jmkH75kfkList,LISTED,8Va4mu2i433UTAnECFqoGvNgpG1e12kPcp6Azjbq25MR,pumpswap,1790145631,0.000002462,2476.78,2346,2346,0,0,1.09,68.79,0,0,0,0,0,1,0,18,,,1.57,-4.16,0,0,0,1,,,,,,,,,,,
1790288434,GkBZGFgNy9Q6jHjBuYeTqsvugfEMhniACF9ieV8H3TtC,BLEE,8JYxsCzn5ejiLVcqPfRbb2jduBjAM7m8NcUwZsUrcwdU,raydium,1790146216,0.00004207,20373.82,42072,42072,0,651.73,16043.79,101732.08,0,0,12,7,170,147,943,905,,10.08,-53.26,-64.61,0,1,1,1,CPMM,,,,,,,,,,
1790288431,6tstGNZjFwowUP15a1teR98ixXCPH9cVurC4sYXTLdXH,1111111,GeJdDiUyCXeGQbEoT2bAhUrCgzeUhR1EbfjjQyAwisdR,raydium,1790150876,0.000003028,5167.34,3028,3028,0,0,0,166.72,0,0,0,0,0,0,0,29,,,,-11.25,0,0,1,1,CPMM,,,,,,,,,,
1790288433,DBKByfTTYMuxY9juMKgfToptB6YJf6kkV3ddgyAeBu6,OH,Frv4iE1xeSmeNkKtLndhBQRyHaRRvDtJPLxzEG6tbv1B,pumpswap,1790165171,0.00001069,7324.96,10157,10157,5.37,99.76,2004.41,20295.06,1,0,3,2,23,14,183,172,0.12,-1.9,-4.9,23.78,0,1,1,1,,,,,,,,,,,
1790288431,7o2tDg6CNcm3qGjPayWhS4TTSpTzzHdJfW1iXagtTJ9Y,CHICKEN,BSrgt2iNaroDd5pxjr7NV5qkbKhYSjH7YXtQ5QUR5ztj,pumpfun,1790151541,0.000005089,,5089.99,5089.99,0,18.01,373.69,9198.14,0,0,0,2,3,19,123,142,,-0.73,-12.48,-25.85,0,1,1,1,,,,,,,,,,,
1790288429,2ySjQh2LL8msX5ppfE1ZFenQVWK5QAmmznukQWbNpump,musejak,6vRm6t32yRGrYnA82vSqfN8Ud5nv6iaDtafm4Ndda8VZ,pumpswap,1790150795,0.000002840,3411.08,2749,2749,0,0,0,3.1,0,0,0,0,0,2,0,11,,,1.02,1.5,0,1,1,1,,,,,,,,,,,
1790288429,2jcvq8QcJ8TzEYJKYMCjR61kXVSzib4mEkz89tQxpump,GIGACAT,72tZoSAHAutvD7dP2fNC56aASLxbPXro9jBPohZ8aAvY,pumpswap,1790152341,0.0001179,33170.1,114454,114454,5773.68,26655.9,102414.07,431432.55,14,22,173,164,1055,906,4830,4039,28.59,-5.86,-2.14,-41.01,0,0,1,1,,,,,,,,,,,
1790288435,J8YvongBwt8d9XzeqrrmsouwvLWYcG5iYkBoxuV8pump,Hsin-Ju,8Euj7T4jpJfSftx1ov58rTy4RRSd1D1arr8B8kYsgERs,pumpswap,1790160586,0.000003213,3126.18,3090,3090,0,17.14,22.47,5107.82,0,0,2,0,2,6,72,81,,2.19,2.48,-28.96,0,0,1,1,,,,,,,,,,,
1790288430,58TYyM2LTcex8juCuM4mDGcrAYY6bxumqUgJvbPepump,MONKINU,F5tPfay73T95E95iPCfHEVAVPT9eQ5CmNjehGDNFUibM,pumpswap,1790158582,0.000002558,2682.13,2517,2517,0,0,0,446.87,0,0,0,0,0,0,3,8,,,,-0.72,0,1,0,1,,,,,,,,,,,
1790288430,4zTjMcyNxcogz2gbgsk1LqCPJ2ovdtecWPG41eTQs2fb,Ref,ERzqqf81GKdHmVycQf1Tvjcinc854pnh2x3qwdaB13JV,pumpswap,1790158547,0.000003104,3180.13,2916,2916,0,3043.43,3161.09,3658.34,0,0,20,23,22,26,23,57,,2.61,1.58,-27.18,0,0,1,1,,,,,,,,,,,
1790288434,FiyPnPU7nPgx73A94pntqUPhyfBPhMM54u25DWMzTwkH,APED,9fLwvhBYLcbQvDtitpoX9jApQXGVBGdAdigHsmpnJ67h,raydium,1790097534,0.00001510,12503.22,15101,15101,0,167.57,1852.91,14011.11,0,0,3,10,36,61,348,316,,-1.56,-27.88,-41.43,0,0,1,1,CPMM,,,,,,,,,,
1790288434,FdWgweu4TULjE6Vx9UDt44FZfpeVV3ixVFpthwtmWCWg,Bear,4kvXTSTqMNZRFBeen5NvF3wEGHYxG91ZXdB65avsXkCb,pumpswap,1790165779,0.000002598,2616.67,2511,2511,0.34,0.39,270.38,1410,0,1,0,2,2,13,15,73,-0.43,-0.19,-20.71,-36.94,0,0,1,1,,,,,,,,,,,
1790288431,9LYpEqkpgCoZ99NsrPuoobDZsShteajdqtCtpKscStq7,EMBER5,FMx8Pvo2LxLDRGHr5wf3PYxovpvbf12tqypqfBfHmrEQ,meteora,1790161210,0.00006473,23521.5,64725,64725,364.95,8442.5,46224.19,105572.7,2,2,61,38,355,220,849,604,-1.29,-21.67,-45.01,-42.4,0,1,1,1,DYN2,,,,,,,,,,
1790288430,5LkMZqW6LjHr2kGaX7HtZgZQLPssDN3ZiaftZwpJpump,JPEPE,6JrZBhP2DEaV7h8Qmd4sWp5zmX2AqH6KN8ucxVDdeyVD,pumpswap,1790166201,0.000002100,2167.34,1932,1932,0,0,6.83,6.83,0,0,0,0,0,3,0,9,,,1.37,1.07,0,0,0,1,,,,,,,,,,,
1790288433,F6n9Z6amRkcYf3RdAYKPZjw4gfH86C9rYHPZkCbwpump,IA,DEF5pbadK526U9ErNS32x6ETrrVk6vPfuk7nbhWnKhQJ,pumpswap,1790165976,0.000002598,2873.79,2517,2517,0,0.64,0.93,50.37,0,0,0,1,0,4,2,12,,-0.33,2.19,0.79,0,0,0,1,,,,,,,,,,,
1790288434,HaYRgD7rjwj1AwoWjafokj4196sufYm4vKFamLZVpump,ARCHIBROWN,4giAj2vcyNSuEeVPcrv8hu4QMLm8mXzBpSrx2ExHAuVz,pumpswap,1790153612,0.0001716,39287.9,152977,152977,231.27,9406.7,84987.95,409178.25,2,4,94,102,783,758,3362,3256,0.36,14.57,-9.9,-61.55,0,1,2,1,,,,,,,,,,,
1790288432,AbKaeNaS8FeyykruJ7sAT9pYyeAHSE4bni9RxirrZxMT,BAGEL,C2U19LDRdMyV4PXro9shK4JNLmbmjeUmFFqtgtgoq7A3,meteora,1790111439,0.00003204,20663.38,31938,31938,31.97,32.25,5375.46,10813.32,1,1,3,5,36,37,196,88,-0.09,-0.15,-43.9,-58,0,1,1,1,DYN2,,,,,,,,,,
1790288434,G9tP63sMuWx3HmWgVfk1ZfVDeUbAZqt4cu4VSTyYvXnL,BURRITO,FYas3btBCr8GH8TRPoHenzgqwdEvSB5hKGbXA7zU79Ju,raydium,1790171108,0.00001607,12100.42,16080,16080,0,304.61,4916.25,54412.29,0,0,2,8,40,43,387,391,,-8.68,-4.85,16.31,0,1,1,1,CPMM,,,,,,,,,,
1790288434,GUpj4DMVdL1B31XaBQUGWvCoViUEyc9CXqmkcYHJpump,Dogecoin,DbyYLysC41nxmtg74QQ8CMQgEWpG6bUmhZJiw6Dmw4X7,pumpswap,1790170933,0.000002462,2667.72,2383,2383,0,0,0,61.06,0,0,0,0,0,0,2,7,,,,-2.63,0,0,1,1,,,,,,,,,,,
1790288432,B3m3Mqp5WJoaBbqCKTm2akrnsLz2ASxiqHFESqHw3mzX,LAYOFF,GyjUqvQGtWkNFXuBGc5inUaRsKUR5n9cabcdxyjrEHos,raydium,1790172125,0.000003283,5420.27,3284,3284,0,26.84,302.27,4802.28,0,0,0,3,4,17,37,107,,-2.64,-9.21,-47.06,0,0,0,1,CPMM,,,,,,,,,,
1790288432,BTzHfjKZnPpNaojtNs38eKReNssZM5LEbRrdK5ZrVyN7,SGO,6qf9kEvtgoKgAjN6EW9tAidJWj8JXjaTDyNHZWDM6sWS,raydium,1790180335,0.00004213,20066.91,42135,42135,42.43,1116.94,45879.18,207419.05,0,3,9,26,309,267,1544,1433,-1.04,-3.72,-57.95,-76.28,0,1,2,1,CPMM,,,,,,,,,,
1790288432,AEVjdvYXXDRBSkt4V7HJ8oL8qVSG3quWCTHvQ7LApump,BUBL,48iVS1iRT3zkFceU43eRyvxd12qVNXvNf3u4AYC4mzTo,pumpswap,1790180148,0.000002897,2871.92,2756,2756,0,0,57.18,14488.91,0,0,0,0,0,6,90,115,,,-4.94,-3.77,0,1,1,1,,,,,,,,,,,
1790288433,D5Sd6RGFcsyCg4UgKMTax22ZYjBrivQXAAGAVAaQpump,APEZCAT,CZ6cVMaSxiQiySYNDwqmZwCZPRaacyjAYzmhtfsoooQx,pumpswap,1790179776,0.000003480,4447.37,3337,3337,0,0,4.24,44.55,0,0,0,0,1,2,7,15,,,1.35,-0.36,0,1,1,1,,,,,,,,,,,
1790288431,84TgGLh8Pgm9R9YYnmjD5Z18cy2gDUkjTr7B8Zjfpump,JEANDICK,HfzpxoYCmDmkkuEYrEpyXA9XfPD7zy3vcmkwvWp6WFeR,pumpswap,1790179362,0.000002461,2837,2424,2424,0,0,0.22,11.47,0,0,0,0,1,13,2,55,,,0.43,1.36,0,1,1,1,,,,,,,,,,,
1790288432,ARTEvs8XSpVJRYPVHuTZz4bEJwfpNVVzgKbrfyWMtXuB,AURACAT,4PmRK4TYca6fmrrZyNg4cm5uMoeUV5Fh5Yb1saq135A1,pumpswap,1790178242,0.000003301,3466.37,3188,3188,0,1.05,4494.27,6446.68,0,0,0,2,8,19,36,117,,-1.17,0.67,-40.55,0,0,1,1,,,,,,,,,,,
1790288434,FjapQEucYhJj4DS91AW3nLTNgrEpwozLVdbcjxQ9rZCn,SCAR,622SbdD9Tm6Q8fkpcmiDRFSxHJLRr18mxjiRNskwbXNq,raydium,1790179603,0.00003636,17625.22,36363,36363,0,2087.51,24315.49,111044.73,0,0,22,9,205,138,916,661,,10.65,-10.77,-1.86,0,2,1,1,CPMM,,,,,,,,,,
1790288433,FB6gcsYM4oK5X8TBi3A8xx9Pd5Y4ndRsW21Rk93Rpump,COWF,3EuNitsRnCFrRrxY2VFavgkK9AXp45LRUzzizp5f75kD,pumpswap,1790177352,0.000002175,2270.08,2150,2150,0,0,0,22.4,0,0,0,0,0,0,0,1,,,,,0,1,1,1,,,,,,,,,,,
1790288430,5ZCj8oeku8NL4fPk6L5WFbR6A2mWJAkScXw1MMrB828g,KDHC,5NNYEiQYP6EvHHcFFMxHo4VyymLJ47sSyDQMzXTofDHa,orca,1790179204,1.00011,253774.35,100011030,100011030,0,0,0,516.22,0,0,0,0,0,0,1,0,,,,,0,0,0,1,wp,,,,,,,,,,
1790288434,GtmQ6DAJsyx37Nb46jmooYGGa9RVcVeyAftbEgZ2pump,MUSESTREAM,BAP67oZyJuPvATVoV5Cq4aEnGFcdQGBJieedCBhxikAj,pumpswap,1790189891,0.000002613,2678.84,2516,2516,0,0,2.57,145.6,0,0,0,0,2,3,4,28,,,1.94,-8.67,0,1,1,1,,,,,,,,,,,
1790288431,7Qy2cXpdj4Fu2DUPVWdN3oogM3JSwLUV2LZaKVgVcPZh,HYPERCAT,EWQKo1GFY9pEyUcwuPwbyLHnnZh5Q7WbuNw1BibQjkwM,raydium,1790185191,0.001391,109614.34,1391140,1391140,2266.79,43225.91,170025.16,883052.37,2,3,130,68,664,405,3230,2321,-7.66,-0.84,-40.66,-35.88,0,1,1,1,CPMM,,,,,,,,,,
1790288432,CjkD1qwNPVP9VKshVn2BzqxiPtmdSnwA8SNV9HJBpump,FXFUN,3kYRNXZVPa5euQ68BvwZoSaWz2QgCmHboZAUsQvJeVZq,pumpswap,1790189011,0.0001098,29278.22,100907,100907,431.25,16886.75,252389.09,446358.38,6,9,131,157,1724,1533,3161,2771,-4.59,24.53,82.04,46.99,0,1,1,1,,,,,,,,,,,
1790288434,G8vXA8zj9kd99ZLjSqyFLKzB3MLxUp5GNR7nMMMuzpad,zpad,8BZzbbJFwSHFxKa4MPV87zns1W1acPhbCksceUYRG7qz,pumpswap,1790188262,0.000003173,3232.25,3071,3071,0,102.03,131.19,2154.12,0,0,0,5,1,13,32,109,,-7.3,-8.35,-39.86,0,2,1,1,,,,,,,,,,,
1790288430,563JVQQrNwonELv9svhGLQV8nDFoZLYyfmrcEVkiZLFt,MULTIPLEX,32GNLvApTzMrwbuNWiB7CjVpBUPGvmCwGS8QbNhPjviZ,pumpswap,1790188096,0.000002841,2851.78,2724,2724,0,0,60.91,1706.71,0,0,0,0,0,9,15,51,,,-3.46,-17.57,0,1,1,1,,,,,,,,,,,
1790288431,87MGdKoaYui4eRbbnE6Uuu2ZByRT4N9HqoSbipqQ2hbc,LEVERAPE,Hec2j8aVBXsJBdhds2qUj9xqfR2ihzXJg9K1T277kmVy,raydium,1790186822,0.000002154,4151.11,2155,2155,0,0,1599.19,7481.41,0,0,0,0,1,12,40,50,,,-68.02,-71.89,0,0,1,1,CPMM,,,,,,,,,,
1790288431,6gxc6ZWCMA2XzwWFGD9CKFHe8UMBmPxdKDHC1w3HfzDw,BLUE,A9eyX7dDHbR1C7AZADm7mD4bz5eN5QNBRHLrfKmcgHLu,raydium,1790134180,0.0002738,22536.6,273887,273887,157.15,3655.55,22625.01,157456.83,5,0,38,24,295,149,1582,952,8.71,18.46,-28.54,-23.61,0,1,0,1,CPMM,,,,,,,,,,
1790288434,HeBMWXLdaJhiyaZuV7BhRr2HFRxBcMK7XzSgnVJBRGHY,SALLY,J1EbcaxfAQsynB8dhLjsoeWHp55qVuirUMeJkyD2nHBb,meteora,1790188928,0.00000004173,8.83,42,42,0,0,0,0.25,0,0,0,0,0,0,0,1,,,,,0,0,0,1,DYN2,,,,,,,,,,
1790288431,8fX5dLhfTao12RTr7iFvQQX1AGiACe2Au92U3gdspump,Hermès,DBnBgHqaK1pNTXS99iiRQXpuzhnsbHigQDsumd2wysxn,pumpswap,1790185549,0.000002064,2101.33,2055,2055,0,0,0,0,0,0,0,0,0,0,0,2,,,,-0.16,0,0,0,1,,,,,,,,,,,
1790288430,48n3WfUWrzQ6mNzwqNDFNVVvFLQBWn3bCHuTEsXPpump,Cateoween,AnuGZ5gQoLfqRHVjTj9FKGeuT6vJTRCTVrxcR27SMbFX,pumpswap,1790195139,0.000003439,3268.22,3212,3212,0,0.58,325.71,597.34,0,0,0,3,6,6,8,22,,-1.1,31.24,4.89,0,0,2,1,,,,,,,,,,,
1790288433,FVsZHrjBWRJA7nBk6XNJ2Jg9M8v4MPsVdprpg3EAgMHr,CMC,7McrNmv2mZ4u9XpdqSuPtm1iiTWhYjsUA7APZx6ZivuL,pumpswap,1790188414,0.00003652,16175.54,34613,34613,6.34,6237.76,189513.7,285529.15,4,0,82,53,1716,1239,2841,2419,0.66,48.44,205,-52.45,0,0,1,1,,,,,,,,,,,
1790288434,Gcku9A4XsNEv42WjHFrpyNJt5u5nwZDDh1BFyrqGpump,FUD,FzEffYDrAekMdcgBqp92bzqGcee8VQN1nXgZKJLsB2pr,pumpswap,1790189205,0.0001904,38114.15,188419,188419,0,1119.84,7154.99,29119.89,0,0,3,0,12,19,120,113,,11.89,-9.54,-32.86,0,4,3,1,,,,,,,,,,,
1790288429,2z1s9nrjhTdr26kpNYJrM29h3tyjAp6aKNofbkV9pump,Titcoin,DqmLHwB52rqAM6cEAxiPDMreYe4Rhe6vDy6t5NbNxLYg,pumpswap,1789684151,0.0003320,59145.84,330890,330890,0,68.33,668.09,1747.74,0,0,1,0,11,4,40,19,,-0.78,5.77,2.44,0,1,2,1,,,,,,,,,,,
1790288430,5nQhjm5FuveEQuKsQtewTBZPSVXqbWhw1A6HEojf6JCi,Crypt,3wxoJjHk3iLk3rWizL2YhfZEZRYzPpkEKs7Cc7AbTQ3L,raydium,1790194732,0.000009511,8875,9512,9512,1016.63,1629.57,82258.15,169370.13,5,3,8,12,493,476,942,860,3.96,-0.37,-20.37,2.73,0,0,1,1,CPMM,,,,,,,,,,
1790288434,GQ3WYJChZENNQixjihaa2mMQXzWQYzFJH1oHX6NNpump,Xclusive,8K94LjccAbQRY4Pqh3PM5JWNYfHthnZ8eCNrstuAhS3m,pumpswap,1790194743,0.000002463,2485.42,2331,2331,0,0,0,14.76,0,0,0,0,0,0,1,9,,,,-0.92,0,2,1,1,,,,,,,,,,,
1790288430,4AdFwKHbivTpGjBjenyYxbdtrUdZ6uVGwjhofmh2KN3x,hyENA,DbyLi54EjxaVBWaJxichPnQhMaWePVa1uckhNJ3qdnxk,raydium,1790193679,0.00007387,27418.76,73877,73877,46.69,2463.17,49277.31,335363.58,0,1,22,20,384,296,2272,1810,-0.68,-10.98,-42.31,18.23,0,0,1,1,CPMM,,,,,,,,,,
1790288433,FNV7tM5GbbUPvXUaLXDBt9Udd9v4yranCWmNkWcSrj38,KORILA,hxkaYJUAzXkYgfcT19rZPmGoN5ARy76LFW654MMRY1w,raydium,1790193821,0.00003861,17507.15,38616,38616,101.29,2589.07,43471.35,164802.34,8,0,32,16,384,251,1324,947,2.34,15.5,118,23.18,0,1,0,1,CPMM,,,,,,,,,,
1790288429,2YPWT4QK1Why57mxBZGwBAFckBC4nLwEAL2t6CcCQtvw,FCAT,13L9ZwrkeBXcZL8y1yhxnAkEDaMgyMZRmgvhs6hgLdMh,raydium,1790195440,0.0001066,30979.78,106638,106638,1217.61,12479.32,148066.68,302691.98,5,2,65,55,748,570,1958,1525,15.95,7.27,33.49,-3.35,0,0,1,1,CPMM,,,,,,,,,,
1790288430,3oCn1NL6FEAsiSGsiKdFvCdrgMSomnZya3tExgAjpump,TOWN,3XTtfFmDyAbpaXwqAinxi35tt4xFk3hP2VMSGGcUoanb,pumpswap,1790089754,0.00001798,10607.54,17406,17406,0,138.16,15244.64,43452.9,0,0,0,3,99,93,302,327,,-3.84,-18.43,-60.92,0,1,1,1,,,,,,,,,,,
1790288431,9GJQgnwKZL6oqsPcLmSohBb61w6cdj629b1RFhWvUe7j,RICH,8NqiynvTiprF3DZR5XvUAWKkdX5DjgJP9SPBHdeWMJ5A,raydium,1790195442,0.000004424,6096.57,4424,4424,0,325.69,3247.9,51493.83,0,0,1,9,17,46,411,351,,-12.95,-51.99,-68.63,0,0,1,1,CPMM,,,,,,,,,,
1790288432,9yyxC9AtYxuijVrVfZjoYY2m3fRDuyYYF1VmKzRp9joC,BOB,6pL1AMUdVzd8Ecgz1XJEbxVoTsE4KFwKMo3yGTzFbW5j,pumpswap,1790195693,0.000003880,3647.65,3750,3750,0,0,5.07,237.73,0,0,0,0,1,6,6,36,,,1.57,-9.86,0,1,1,1,,,,,,,,,,,
1790288435,f1ippXecgRpYmsZt6uVRwJJKiBKjN579sVRHsAg2RR3,FLIP,6gHUvXHYaWRgwLZQbB7MQJk2qEkcnEvZTG9RWTiSWCGH,pumpswap,1790194915,0.000003971,3967.22,3785,3785,0,45.47,483.4,7756.22,0,0,0,2,10,22,140,279,,-1.73,-12.05,-74.4,0,1,1,1,,,,,,,,,,,
1790288433,FYayBW6PMhzuNUVTJSr4ruk66p1nVhJ3bSmYueMr1ZMS,NightTrader,FnP4qt7ap1JYpMGWDbUULhA9mzsnveMHigu4sG27hMU6,raydium,1790194593,0.000003401,5460.75,3402,3402,0.03,0.03,60.69,3292.08,0,1,0,1,2,11,82,107,0.03,0.03,0.77,-15.75,0,0,1,1,CPMM,,,,,,,,,,
1790288434,HkjCexiXUFRyo7KiaTT3VxzrWpoJhTWA9DkwnBVtpump,MOMMY,97SR2Q1vv6yszr22auKswJMRcXHZmakUscgR5B38P69j,pumpswap,1790193651,0.000004125,4103.92,4013,4013,0,0,127.77,61293.33,0,0,0,0,7,11,529,990,,,2.83,-97.16,0,0,1,1,,,,,,,,,,,
1790288432,AyYcWNth3J17nQy611iHNvQ4Ue9VyDswveBn5ou4pump,Agripepe,46pT2FDUFuEZKijwtnj6cTXqnefsv1finQZg71hb2yei,pumpswap,1790202303,0.000003079,3711.95,3005,3005,0,0.06,2.22,2987294.5,0,0,0,1,1,12,11040,9915,,14.76,16.5,-93.5,0,0,1,1,,,,,,,,,,,
1790288431,7HiuKQ7zGZ8uUDYRX1YRiC5ocMcNs2oQ5x3Mjv51pump,FOMOPEPE,8YnnSXqacjmbqNA6ingpMy85MFmQ2yxoKGdSjMupCowr,pumpfun,1790202517,0.00004721,,47214.24,47214.24,0,0,0,9767.96,0,0,0,0,0,0,6,0,,,,1358,0,1,1,1,,,,,,,,,,,
1790288434,J2q68X3PC3uZFY6ydDGuB1ztDsoawikkqe3yFX3Cpump,MMKT,24c3yDbFxMZGN8vDMRE8iyTZX2cwgZWaQSDzC1HwQfG2,pumpswap,1790194221,0.00003325,14505.06,31566,31566,0,12.08,217.71,3874.08,0,0,0,2,9,6,70,66,,-1.17,2.55,-15.89,0,0,0,1,,,,,,,,,,,
1790288434,Fn9cGz6iLubpjZSJF6wiBD2zbdqANubuQ64UKSDXpump,LOOKUP,2zd8zQNaYdE4ZJarKVHFE12pAAdshc9siFBUKrDnDJfA,pumpswap,1790204741,0.000002974,2913.58,2861,2861,0,0,492.25,105981.28,0,0,0,0,6,17,1626,1988,,,-0.91,-93.61,0,0,3,1,,,,,,,,,,,
1790288430,6Tsnca5xooHtgNQp5wqfYnUcmmDSMXYkkcCusmuEiEmn,Agripepe,3HrBhr4JdbWaZ3kZnXz1huMsEVj7WCC2nfF8sSn9JWCt,meteoradbc,1790202743,0.00005493,,54932.63,54932.63,0,0,0,8218.6,0,0,0,0,0,0,327,414,,,,27.9,0,0,0,1,,,,,,,,,,,
1790288432,B2J1abkD18a5VrP2yc8XbJQ5BGDXwsRu9vWAjM1piEv8,Computer,8Z67KtuJXMiWjSyubve83mqhAVT5Q5XRi7Fn7BJMwSbr,pumpswap,1790209280,0.000006296,5460.05,6142,6142,0,133.03,5792.47,802254.68,0,0,5,3,77,60,7309,6237,,7.24,30.64,-86.52,0,1,1,1,,,,,,,,,,,
1790288434,Hc7zFXMbe6RVhHhoUe82kap1iCjVHPXHxAYfs5frpump,poopepe,3xhauU19rewJq2j35psthQoZruENN2NJsLkxCD33DPD2,pumpswap,1790208918,0.000002872,3340.89,2810,2810,0,0,16.14,2060271.55,0,0,0,0,0,11,5808,5342,,,0.12,-93.99,0,1,1,1,,,,,,,,,,,
1790288431,7T3XGNziCNwgiETftmQPW1Qj47KfVQyvZj7YQjrgE4K7,GETF,1GosW12AMzqoenq6FmaQdF8X8TCLgRAq19TBY34krNd,raydium,1790208542,0.0004733,56729.89,473356,473356,756.79,14689.95,313239.67,540277.19,4,4,119,45,1404,789,2743,1691,6.98,19.84,454,1100,0,1,1,1,CPMM,,,,,,,,,,
1790288434,H3MfB5wk9zks9CV8GTLDALCG3DWGX2CTyMrPeURgAz4z,GF,7iiehNdT1Rp8yjufDNiVrkzrdJutbKWZx9sEUGaDxTmZ,raydium,1790208211,0.0002233,40942.68,223358,223358,47112.39,53626.17,75912.22,152752.15,556,325,597,377,846,626,1797,1671,111,156,210,354,0,0,1,1,CPMM,,,,,,,,,,
1790288431,8mqcd11jFaXegrWYQSMQkBMNjo8aXBseKrdQENPGpump,PUMPY,2C22q8wkAqb1Uh5bTmBi7utxh5F7Xgup2iBa2e5K1u14,pumpswap,1790210313,0.000003423,3266.1,3082,3082,0,15.36,540.25,162567.32,0,0,0,1,3,13,2099,1910,,-0.31,-4.84,-92.77,0,2,1,1,,,,,,,,,,,
1790288432,CvUX4G2tzq7J3ECmNvWZLayZYV6KpgQp6SJ5K8Uvsu5g,parafactual,8VHKSU5pij3V5DVKFQv1WceEzwKeZQpSZiCh9rja2G6N,pumpswap,1790207810,0.0005293,71612.2,498895,498895,6229.13,54581.66,549677.68,2667106.75,12,23,167,203,2945,2928,17783,16335,7.44,17.62,73.07,1047,0,1,1,1,,,,,,,,,,,
1790288434,J1GRFyyw7AkGMDEqn3YF6A4LE3BQrmzMM1XpnKkTymLC,ELVARG,E18oGSyQRuM37Z6UQDNjA9ntFbjwBU9eqebLKteEAEKs,raydium,1789767445,0.00001533,14750.47,15332,15332,0,23.03,789.09,8621.06,0,0,1,1,9,16,73,63,,-7.95,-24.24,-28.57,0,1,1,1,CPMM,,,,,,,,,,
1790288430,3tzkdxJ1qVCaPAuWmd8FjRFKUbwMYpLUAq5gg4Vopump,UNTXD,B1zosT5SqjsEGRSU1cGbSVJrkVYL9zzFXDa9cmZWRhZt,pumpswap,1790207523,0.00004472,19045.28,43760,43760,497.01,2721.88,42101.38,1786843.28,2,4,31,36,607,539,17208,14399,-6.54,-12.9,38.45,-6.23,0,1,1,1,,,,,,,,,,,
1790288430,4mu1jmEsRHwjAESR1D81H9yYFwbBqvs5XfpSqSi1mtC8,poopepe,Cz4ofWNfFb1PLxpTwbT17r1R5AoCH9YDGygPyQ7PMYSE,meteoradbc,1790209461,0.00005292,,52920.31,52920.31,0,0,0,3011.48,0,0,0,0,0,0,83,90,,,,22.59,0,0,0,1,,,,,,,,,,,
1790288435,J6QTngAJdsRnVy9h3t9BqUxT7Q4EcRv3JjCwb6Cmpump,CHROME,5YwU5AiPcgspZq8tx9oJpmDysszTwmBGnukbQ38m5PTU,pumpswap,1790209046,0.000002285,2466.36,2251,2251,0,0,0.05,721185.99,0,0,0,0,0,2,10753,6901,,,1.75,-97.25,0,1,2,1,,,,,,,,,,,
1790288435,axMyMagH81BMfeDGaii1yZbt2N2QVgSKkZaZ8NCydZH,SOLBROKER,2GozbeCqiV7oqgD5FwcjHCGwhj2v81QBNdz5uDUAkN7R,raydium,1790210950,0.00001325,10605.7,13253,13253,0,396.11,2652.23,138827.91,0,0,0,5,31,28,1221,1144,,-13.52,-36.12,-71.48,0,0,0,1,CPMM,,,,,,,,,,
1790288435,JCWZJNhsZfZYef7UmX86n3m4GYzCy4cmjuvJxPe2pump,ROBIN,8DSXoPZCum4MTDY7qkeBQsjrHVaTycWzkDuqmNyqLX51,pumpswap,1790210946,0.000002054,2086.6,2046,2046,0,0,0,166507.21,0,0,0,0,0,0,14259,13430,,,,-95.7,0,0,0,1,,,,,,,,,,,
1790288433,E2rTYWpcD8MS6Bg36VYuE2CNsRP4ugYQchLxFvY39Cws,Trader,7pZusSzceyWSnCwxRc3Bf4TZvTCfPjAaRcgiPKm2kxjt,pumpswap,1790209917,0.00004185,17814.5,38996,38996,10.69,9282.69,133023.02,1090955.86,1,1,105,65,1251,999,9882,7590,-0.35,-32.26,-31.59,-11.73,0,1,1,1,,,,,,,,,,,
1790288431,7CEBEYQVe3RvapwgS4QttVehqN9C2Hh859ZGbRWduRDm,OAT,9mmbtyUSNyaa34D1gNf58Mw96ZBdBqK1e5HfnPazPvnJ,raydium,1790215884,0.000006448,7446.85,6448,6448,0,485.73,8929.46,167624.15,0,0,0,7,66,78,1285,1234,,-21.76,-21.67,-86.66,0,0,1,1,CPMM,,,,,,,,,,
1790288430,5v4kteCUTdGhw8yUWEBmq7SrFoyGbPQk1FS3qWawpump,Fomoguy,3m64gKXEeZQ5vbSuhiDHUEhfJtTiFMHPVUZ1TjgiDwcV,pumpswap,1790225150,0.000003955,3660.35,3812,3812,0,0.32,16.92,64761.96,0,0,0,1,2,6,860,7559,,-0.42,1.04,-91.71,0,0,1,1,,,,,,,,,,,
1790288432,Arjt82Pre54RwdUMfsd9mwpE64Thf1bf3euRinA6pump,ACTSMUSE,AbcPPxWTDwBvWYF4tMyjdawThztikcPzshtZEjeFWMRg,pumpswap,1790217505,0.000002234,2244.08,2157,2157,0,0,0,53019.64,0,0,0,0,0,0,382,331,,,,-95.32,0,1,1,1,,,,,,,,,,,
1790288432,9rb2he5QW4ukwGnE6HMCGDxuyfUdkRoWok5VuK4weeun,GrokAI,8NociZX1facrbEVbe35eQShJvzj8myhEqv79U2W6PwwZ,pumpswap,1790217571,0.000003204,3119.29,3015,3015,0,0,34.97,207646.08,0,0,0,0,1,7,3230,2992,,,-0.75,-93.12,0,1,1,1,,,,,,,,,,,
1790288431,7GUnr7krtQhJwd6ASY2VUprd9t4c64zcgCsjdmZepump,NPC,BRjMA8UALNp3diTKHfdeAn5riQrYPoaYez7KhYWD4oEs,pumpswap,1790216955,0.0007502,89055.73,705962,705962,23515.73,81411.56,748946.59,4396583.83,96,125,437,560,4711,3938,36357,26907,5.38,44.46,120,1522,0,1,1,1,,,,,,,,,,,
1790288430,5fNyHmXGWZcMWC6na47aaDrETrhQgsaXnH6Q8LHMp9pq,NPC,Dsu8BJZJqT2W7CAKhiQuDYC4fMYSEmJwNkJp7gyHnar5,meteoradbc,1790217029,0.00004529,,45294,45294,0,0,0,8683.76,0,0,0,0,0,0,164,158,,,,187,0,0,0,1,,,,,,,,,,,
1790288432,9XAVXfByEvTjohx5F3zUe6c7jBVpRDE51JyyBPgHXpf5,‮SMSU,4iRUyJ9RcKAgxLTPLG2V7o9ahuBygSJvCgQGwSVafw1Z,meteoradbc,1790216681,0.0001718,,171885.07,171885.07,0,0,0,2281.7,0,0,0,0,0,0,82,31,,,,17.35,0,0,0,1,,,,,,,,,,,
1790288430,4zjNyKUcapcj5hVAbMJXB9NFYbgUZvqNXEnZA7q2atzN,IMP,77BKfQH9DVa2hdvQELohTghiP4vh26zXtbNiGVDrwQqo,meteoradbc,1790217166,0.00003400,,34007.48,34007.48,0,0,0,6565.8,0,0,0,0,0,0,128,177,,,,94.21,0,0,0,1,,,,,,,,,,,
1790288434,GKPYQDJ2TMsiC7q4L7L8EZ9DUuVi9Vr6UmYCDfCwjB73,MINESTOCK,AnJEy283eXp9pc5st6hG8dq61cDCQiha6pqXqTDGL23E,meteoradbc,1790217117,0.00005714,,57144.75,57144.75,0,0,0,4104.79,0,0,0,0,0,0,101,118,,,,31.35,0,0,0,1,,,,,,,,,,,
1790288432,AHG5JmpeXhbKss3bDzhzA9C7iTkq7CxgeXuYGNtXpump,USDF,EQ48FRqtg8sanJX6E2Xm4bPhrJEswSTzTa2nQxg6aWgG,pumpswap,1790203052,0.000002098,2130.44,2098,2098,0,0,1.16,3163763.53,0,0,0,0,1,1,44516,8252,,,-1.83,-95.6,0,0,0,1,,,,,,,,,,,
1790288433,Ej6LSbXbuYfaGKF2aZtbxEkr3eWjYu7BrDsHGkEKpump,METHANE,EwPK6YbfLZEp8wJ5iUvgw4SZ1hAd5vYxwZhHgFi58xza,pumpfun,1790220982,0.000005501,,5501.99,5501.99,0,46.27,284.71,203716.76,0,0,1,2,4,14,2146,1473,,-2.32,-10.84,-2.28,0,0,0,1,,,,,,,,,,,
1790288431,82ezhRLKdKwkSC9jkM3js1yf93VbmvLXNMPkBmompump,SI,3odkxoFB7KvujaRFoLbCQbbZv93R9njJr9KQTH5cKDKT,pumpswap,1790222862,0.0002522,49112.08,246235,246235,1151.18,29924.16,230581.78,3243074.64,12,13,331,246,2530,2480,28217,21960,-4.36,-14.16,-28.5,435,0,1,1,1,,,,,,,,,,,
1790288432,B4cqDdBWDf6hgy1rma8u4JpoTnoycDQyg33aR48mfFvE,RUNE,5kCLMA7J61yW48EF1MAp54deaQdMWNTSSzbUf1BEge6G,raydium,1790221874,0.0001577,34238.39,157788,157788,477.78,7497.46,67277.82,769032.47,1,8,58,30,386,255,3814,2406,-5.26,53.17,-66.82,211,10,1,2,1,CPMM,,,,,,,,,,
1790288434,GAdFNQFpwfrvPfMYP8CPGi3AS1g6XNsqZE99w8CWeAmq,WAGE,EzHmrXzyBahyvyNE77W3ycjCMsUWkpNtJGjnPWNE8HLw,raydium,1790218760,0.00007254,27686.87,71331,71331,0,31.43,1128.8,11615.38,0,0,4,2,34,16,199,120,,-1.49,5.66,13.25,0,1,2,1,CPMM,,,,,,,,,,
1790288432,9aUQJCY8dHrW2cdLdnmitHYxGDivw7tEQNSKiVHSEG2s,SI,C12T3kN8ynidmGrN3yxy7tUyMX2DPfdK8JYoMLMA9GSf,meteoradbc,1790223513,0.00004197,,41978.79,41978.79,0,0,0,5624.44,0,0,0,0,0,0,586,634,,,,166,0,0,0,1,,,,,,,,,,,
1790288433,FUeN2SdvCxYhgJFQeXuKR9bXNRbXqvGGBkZ3WgekCHqQ,JOSHUA,BBrYAFjFrX4M71ZEjLgu426zyiQmRAqYzBKKfE2dWBQr,pumpswap,1790222893,0.000006991,6564.36,6608,6608,0,6.5,415.4,240176.7,0,0,0,2,8,18,1944,1809,,-3.27,-4.07,-92.18,0,0,0,1,,,,,,,,,,,
1790288434,GPARbQxQCWMkfBDUGxdaXMksJ6av9Mmp6sdwizEpe2dd,PENIS,5YqsZxMehS3UUWJ2kULdxUDj922rmwiS2LPwaNw5re67,meteoradbc,1790223554,0.00005694,,56943.02,56943.02,0,0,0,6436.33,0,0,0,0,0,0,152,194,,,,31.28,0,0,0,1,,,,,,,,,,,
1790288431,8xkvAYMZGLR8HDXCzCoafo3SLSQaiBd6RGhyE5qUpump,Muse,9HDAP4kCsFEb4Hcq4TLp8RdQqFvUcsWRR5D6zXfwce7g,pumpswap,1790220981,0.000002049,2079.56,2039,2039,0,0,0,160783.13,0,0,0,0,0,0,15699,15111,,,,-95.7,0,0,0,1,,,,,,,,,,,
1790288429,2vb88JnCNRqWi48z5zgDNVzz5mWndnDUjtURipxbRtRY,nocapy,DccxK6BKk2GzRJrAKLtKrFfhYbuANZYJvCNmurjz14MC,pumpfun,1790224568,0.00001340,,13406.67,13406.67,0,119.62,376.46,82389.96,0,0,8,4,16,22,562,829,,0.96,-3.92,291,0,1,1,1,,,,,,,,,,,
1790288430,3EDzSJKb4aAYYPt3nUHj8SELUMtMBWB8Lvnw2eb8pump,Double,6vRo11Ao6LssoLkJzu56Y4VeXDXY4F59WmH6fRyKhjYD,pumpswap,1790225138,0.00003297,15215.16,32159,32159,6.52,1962.18,19403.31,151941.24,0,1,19,10,147,119,985,744,-1.69,35.89,-27.71,-40.8,0,1,1,1,,,,,,,,,,,
1790288430,4avvsHkpZAfAMmTDRiEHRsuhU4c2oWVgpazYKCykgeHz,MrLeast,6ij8Ne4tiwHdSHzZAwSDkkd89q3b5vj2hAh98eNTj5Zs,pumpswap,1790224608,0.000002922,2932.04,2814,2814,0,0.03,84.08,286331.56,0,0,0,1,3,14,4841,3794,,0.37,-4.81,-93.82,0,1,1,1,,,,,,,,,,,
1790288434,FdCQhzKRrADd5Ffmu1TPxzbUz9t89HpHm1U7YuTMpump,BROOD,DaJBMxAUfZbAuc7Z3fJmfvEYzrBUo5ocaNUtcB7C9aTX,pumpswap,1790225561,0.000005625,5134.85,4467,4467,82.23,328.27,3171.16,1072696.84,0,5,2,18,31,101,9454,8030,-4.59,-14.07,-55.61,-88.1,0,1,1,1,,,,,,,,,,,
1790288435,pH484pvVHtVuDnJRpdU8GM3ymfEPZUJfNkhJjFhpump,Beast,5Fp6QTGj2BxYH36531zDri3NoefuDMAr3QrAm7ygDEUr,pumpswap,1790225110,0.000002042,2068.51,2033,2033,0,0,0,161150.99,0,0,0,0,0,0,22359,10583,,,,-95.72,0,0,0,1,,,,,,,,,,,
1790288435,QJEtbXB6eVGfqJWyPWHciqw5LFd7pqXGPKgCvWxpump,UDR,5KQeepGMtWFzcCJCP6AAU9VcyfqCyocPXq3rqRJDvdaa,pumpswap,1790225121,0.000002040,2055.49,2040,2040,0,0,0,224265.42,0,0,0,0,0,0,1631,618,,,,-95.72,0,0,0,1,,,,,,,,,,,
1790288435,z4bzzjcX6yCJH17Xj71brWmakLyQChedL1Pvoa3BrK4,INUPCS,6eYsnTdU9wTwVFisKxz1uGqEAQeVHifjWZeR6F5K2N9K,meteoradbc,1790225109,0.00005112,,51126.97,51126.97,0,0,0,6969.8,0,0,0,0,0,0,153,189,,,,269,0,0,0,1,,,,,,,,,,,
1790288432,BDKC1AV3saXrN8jKnWB2TTQmDD6z8CFdY55ku7eAfunk,FUNKOS,Hhe2TY1dGPr7SdMJC2hTACq7dTxfr5f6BF3n2nWwkoce,pumpswap,1790225555,0.00005479,22024.24,52819,52819,901.61,5253.26,65923.4,2985591.2,11,9,77,100,1017,998,23923,21062,-9.99,3.49,-54,14.05,0,1,1,1,,,,,,,,,,,
1790288432,AirBM2cu9ECXxZFPMaT1KTad8GnZPYYnuuNon5udpump,MrPedo,796uXjsGQ8yNBkB3KvZxM5hMx4Du24nsNv1BLoPeSzZf,pumpswap,1790223786,0.000006646,5645.7,6487,6487,327.34,1878.61,4479.22,790542.41,2,1,16,17,54,77,10345,9702,-4.27,-29.57,-2.94,-85.54,0,0,0,1,,,,,,,,,,,
1790288435,Q8FQ3nNzL2uFKVaJFJTJYBFWqb2Fi31p9VWrrutpump,BMW,7Tc7ezBUNFbtPpJSR9UfGtVjz9vnqZ6UrCkejk1atB1u,pumpswap,1790224806,0.000002083,2106.58,2070,2070,0,0,0,113815.14,0,0,0,0,0,0,8756,4879,,,,-95.64,0,0,0,1,,,,,,,,,,,
1790288433,FKhivsstimUPv5JADynbb8PiNYHVgst5dS8CWqdhpump,CATO,BWRAnxVKvm9Hke3U2CxpEHsHoYmqy4RLsaidf8P1ar2P,pumpswap,1790227978,0.000002207,2252.67,2127,2127,0,0,0,184815.09,0,0,0,0,0,0,6514,4847,,,,-95.45,0,1,1,1,,,,,,,,,,,
1790288433,DUVvyz6wAis45G6YMfK1LcFbE5e4R7wkR4siJZ6fSvDH,Orang,8dKHdHsTJM3XrVkuni9hf5XNF27rq5vZZyTNm1TghWFM,pumpswap,1790230503,0.000003781,3703.49,3638,3638,0,16.41,693.34,174361.47,0,0,0,3,4,12,2091,1802,,-3.1,7.87,-92.99,0,0,1,1,,,,,,,,,,,
1790288434,Ga2mC8UReqPTJdyGUAMeHxkKuQxQx4D29HENNVhm6qAz,SIDELINED,G7nqxTtt2ioQn73UtP7LiZSaWdBgjkoA4ePV7UR2W818,raydium,1790230004,0.000004494,6171.44,4494,4494,22.34,62.84,4343.53,242305.51,0,2,1,12,49,83,2611,2248,-1.45,-3.92,-73.31,-90.57,0,0,1,1,CPMM,,,,,,,,,,
1790288431,7PHFykj3zD4Cy1gerCdU9L44m12jUV6Dc57aCaeApump,GOODS,FuoAdKjc1B2XeL6uKkXfeiyGTKuRgjtA4NtAkzhgnqu6,pumpswap,1790230942,0.000008585,6711.24,8267,8267,0,507,14905,784189.79,0,0,4,19,210,246,9328,7891,,-19.08,-60.61,-81.86,0,1,1,1,,,,,,,,,,,
1790288432,AvEygAtPanVzKjXAfkZvmArkKmDoGvuWyLZ31zTfpump,Gemini,8BMKVtMA9ntbsJWWiYE6ABCGvuFnNrhmeBg5p3JgorHh,pumpswap,1790230879,0.000002096,2123.3,2097,2097,0,0,0,44866.29,0,0,0,0,0,0,2195,536,,,,-95.62,0,0,0,1,,,,,,,,,,,
1790288432,A8otEGnvKPsx4BNx9CXqPvTyxfTnE74f3ET1A6jdodED,NPC,8VNxfMxWTQssJqZE3HS41FddeU3CWPojSnguTCd6QXKa,meteoradbc,1790230425,0.00005683,,56837.64,56837.64,0,0,0,34845.64,0,0,0,0,0,0,1446,1461,,,,33.71,0,0,0,1,,,,,,,,,,,
1790288430,3ADALvHeDsVSmSGVjy7cGj4zYAh37r59wMpGvnQuC5YM,BROOD,bCnfgfx2SG8vNeKvqK9vT62AoE5aMvANb2FJ6fy7rCu,meteoradbc,1790230898,0.00005515,,55159.72,55159.72,0,0,0,4113.36,0,0,0,0,0,0,97,120,,,,282,0,0,0,1,,,,,,,,,,,
1790288430,3Wym8kq2LCg4HuS5Squ7iEFzJGm5H4xibBPU6d23cuJk,SI,6XNJ3B7qnyy3dtkZvxzEipdvyH2YWrDMmUCabZ3ADYPU,meteoradbc,1790230838,0.00004447,,44474.22,44474.22,0,0,0,12106.12,0,0,0,0,0,0,212,238,,,,181,0,0,0,1,,,,,,,,,,,
1790288431,8HmK2961xc821UuHd8oZy6dHHUxxK4Kavo8V9cQf68z6,SLOP,GTKdDojHmYoebS31prwgSXRT84JLjQS8E5kAxnahp9Fg,meteoradbc,1790230908,0.00005147,,51473.76,51473.76,0,0,0,13003.71,0,0,0,0,0,0,179,279,,,,278,0,0,0,1,,,,,,,,,,,
1790288431,7szKRHvGoGAJkGEXA6SQ2sxqfhy6i7zHLVPwNtA7Hswu,pBTC,ELg4YbKcXG2Qqiquvx1PQkC4n3m7rXJnmu2Gy1N6k4HY,meteoradbc,1790230938,0.00004655,,46553.39,46553.39,0,0,0,4711.1,0,0,0,0,0,0,79,126,,,,131,0,0,0,1,,,,,,,,,,,
1790288430,3MvWUZoP4XWPPYmFykSm5e73iXvFkXJuTRFvuzpQpump,QUANTA,9rm1CCukwaG86NyqpqjYK8Xmora1TmWXUqKgzk5iok3a,pumpswap,1790230308,0.000002069,2092.12,2070,2070,0,0,0,110773.84,0,0,0,0,0,0,6650,8374,,,,-95.67,0,0,0,1,,,,,,,,,,,
1790288429,2r1QzuF3qG3Xq5NTNYG5XkPTsbUF3zWrdTs2JvGHpump,OTC,C3UvH3qX9x54cTgb95YNBt2gksX3t8jBF69MGD4tXGSs,pumpswap,1790232241,0.000005187,4805.55,5014,5014,0.79,76.93,2847.75,822627.71,1,0,4,3,48,83,9399,7387,0.66,1.87,-29.23,-89.12,0,0,2,1,,1790288510,1,0,4,3,29,79,3266,3114,100.0
1790288434,GCdiWuRagkHuD3edSkc6GPzg3q42ojU2wZBQSbtoZHPq,helmet,CRayVNuqCzeM3rGN5zEgmadUxMDQF1QB2D7D2nBbqA32,pumpswap,1790231812,0.000003429,3310.43,3285,3285,0,71.96,108.2,223866.01,0,0,1,3,3,16,3070,2870,,3.39,1.13,-92.82,0,0,1,1,,1790288510,0,0,1,3,3,16,1334,1444,100.0
1790288431,7GCXWPCKksGRbtqGXXQP6hzmsivUwa6DYgrxWayn6pWE,MOONCATS,ACkzsk4vtN5Wtw21o3RYLAMghqP2icnakivxz8uTavv6,meteoradbc,1790232500,0.00008957,,89575.8,89575.8,0,0,0,5648.43,0,0,0,0,0,0,109,137,,,,52.98,0,0,0,1,,1790288510,0,0,0,0,0,0,76,81,
1790288434,GLsKZtqBcRHRP9yec59x5e6u3c3b6BeS7d6MiR53skR2,helmet,A4DJWuTQNtnG58EAWu2mEkGj9fbU1ivpKQecUiWoWMQV,meteoradbc,1790232366,0.00005710,,57105.45,57105.45,0,0,0,7784.77,0,0,0,0,0,0,334,291,,,,34.92,0,0,0,1,,1790288510,0,0,0,0,0,0,162,145,
1790288433,Dfg7P2skxX17dEAsQCJ24Pjj3Bk8jd2NFLHiMNcC2HUV,helmet,gLHHLmBKTXoLCAp56jeTxWMUNMzSY1AkteoNH1Bji7B,meteoradbc,1790232512,0.00005682,,56823.84,56823.84,0,0,0,6652.3,0,0,0,0,0,0,265,236,,,,34.38,0,0,0,1,,1790288510,0,0,0,0,0,0,143,130,
1790288434,GmRb3K45bfzzd1VgfMTxHr1TZwcVS8tEnBAe1aaEFYJB,PENIS42069,BeLw8RoSEMnTRLSuG3n1wCq5SAVgwx6xVAfUucyBRrQx,meteoradbc,1790232513,0.00003597,,35976.64,35976.64,0,0,0,15153.33,0,0,0,0,0,0,315,384,,,,140,0,0,0,1,,,,,,,,,,,
1790288432,9rHbsB8jefY8SHWSAXCLU5VUYBxHZ6QKSiSyvAHCW8CH,XBUBU,2MGMunKUmasbST3hzF5vH1ZJSqJ3tqYGj11vpfiiC5qD,meteoradbc,1790232493,0.00005547,,55479.67,55479.67,0,0,0,14315.69,0,0,0,0,0,0,356,419,,,,301,0,0,0,1,,,,,,,,,,,
1790288433,DmvjByc1BaV849U3Yv7GQPk7h4kKWsFzFi3ACKnQpump,VWA,ET36WCS8XNEjQkUHdRFhKVe33REX8g133G2xoX9jaWHB,pumpswap,1790232540,0.000002233,2255,2233,2233,0,0,257117.48,561302.85,0,0,0,0,1247,550,22474,1787,,,-99.99,-95.32,0,0,0,1,,,,,,,,,,,
1790288432,A5bAUNKij8u7f3Dg3PuNyuMYcBRXELUm67G7qsrMpump,SI,Bcx1RbVNGuCtRE7b6M8gLe6dE7mxDRFW4BAW4AumqC1,pumpswap,1790232064,0.000002061,2083.43,2061,2061,0,0,0,114474.9,0,0,0,0,0,0,6320,8050,,,,-95.69,0,0,0,1,,,,,,,,,,,
1790288431,6kZDug8bEaMz23GJUxfsgHdKAbTa4zEDqSLKdgFPpump,NVIDIA,Cdhg2JrMW3VTNmYFbcjwDP62U2u8S7o1GGMKCBCjMRtw,pumpswap,1790231072,0.000002037,2061.3,2028,2028,0,0,0,124434.06,0,0,0,0,0,0,11367,15457,,,,-95.74,0,0,0,1,,,,,,,,,,,
1790288435,Ufwjn7mtvgUfRG4nMSxRS84ewXHzdHLJRGzMDBMpump,USDF,6vaH23uiJfqzxGFQYT5hcEE1mSyog8Y4CoLVUNnBjR17,pumpswap,1790232045,1.97,4027968.29,1971313186,1971313186,3090.51,50139.81,297932.3,4571395.36,256,3,3609,62,21309,392,86692,3673,0.09,2.97,20.6,4126303,0,0,0,1,,,,,,,,,,,
1790288434,GDsVukNDGukURCAo2pnqXtJwkRyGaHZHEtuk1N1pump,ACRE,CTcakS3g1B16gY46hW9rfswtcguQhguEoC85MgMjQ4bF,pumpswap,1790243338,0.000002792,2743.84,2661,2661,0,0,39.1,59720.16,0,0,0,0,0,4,287,518,,,-1.64,-94.06,0,1,1,1,,1790288510,0,0,0,0,0,5,211,294,100.0
1790288432,9ni8ZTUidhLWyRF1Uch8BAEEVETMZxtcdupSGim4Mcrj,AH,FRAWy57fh5Wj8FLT3Y44112KY4CjpfDV6Etx6oLKC7D8,raydium,1790077244,0.00003899,17041.73,38991,38991,0,408.28,3369.08,27747.62,0,0,8,3,48,29,253,193,,-6.35,-4.84,171,0,4,1,1,CPMM,1790288510,0,0,3,9,18,29,104,107,
1790288431,7jMAxNVduVyvhh3rvunfGAhH6u46Z2qopqH9vB4hpump,INFUSION,9v7mg2pqnxW2g7vvWFkadjjuEE5zrYeo1eyxNMLMz3Sd,pumpswap,1790236944,0.000009421,6973.02,9113,9113,0.49,308.36,7130.71,400803.59,0,1,2,13,71,123,5217,4440,-4.18,-10.42,-36.12,-79.88,0,1,1,1,,1790288510,0,2,2,11,55,109,2196,2177,100.0
1790288434,HwzAVWkB3oTuRBjkV2LTuHAZY8oFjc377qdfxKHcpump,miao,2xRm77JSzuncvYSimJU91WSRXg97fkK5AaWVqrj9Jbjv,pumpswap,1790238067,0.000002126,2129.06,2055,2055,0,0,0,16986.42,0,0,0,0,0,0,125,255,,,,-95.83,0,0,0,1,,1790288510,0,0,0,0,0,0,75,104,100.0
1790288431,7fSd7XTvSbAFKjGVNPMYF3Tovq3mww9HPqsrpStKy7Tp,Elephant,6dTzKUwpap7MEjZEkTPC6kmdDm3aToZZvhYXwGMunomT,meteoradbc,1790237984,0.00005127,,51274.09,51274.09,0,0,0,11037.35,0,0,0,0,0,0,405,406,,,,270,0,0,0,1,,1790288510,0,0,0,0,0,0,168,156,
1790288433,EQc2VgWRCXqR7YGcYHFfSVp2iY1QBitriuBicdjDTaNd,Tesla AI,GujAWg8NYpL3g4JY6TMW4KzkywRaHr1vccKQJmddp4EU,meteoradbc,1790237977,0.00004270,,42702.78,42702.78,0,0,0,11706.21,0,0,0,0,0,0,204,201,,,,170,0,0,0,1,,1790288510,0,0,0,0,0,0,119,114,100.0
1790288434,Fdo3aHX8M4e5xEQt8kbrTUEDAkLgpn7cL9H3FGPvDLKC,DESKS,7963eVRFAdar2ShfXcBFJt1LEPNCZwnHHck1js71LQuf,meteoradbc,1790238007,0.00005188,,51889.87,51889.87,0,0,0,11839.87,0,0,0,0,0,0,279,364,,,,256,0,0,0,1,,1790288510,0,0,0,0,0,0,162,158,
1790288430,3o4VtGUBx6DzZaj7xUqgvwaNATBjb1dAxMwM7ZGBPt6K,Tesla AI,3nZ3pmjHcjd7g7qyQyBSVCg1wMJok89sdGSvPD1xaRB8,meteoradbc,1790237833,0.00003312,,33125.47,33125.47,0,0,0,21263.48,0,0,0,0,0,0,362,385,,,,109,0,0,0,1,,1790288510,0,0,0,0,0,0,145,144,
1790288433,FMKsTgmQxYhpmF21XRbXk3sk5XaATuyEkHtzp3vwpump,GTA IV,AfizRutUXw9SdepfDLaXx8Thxek5Vh77LmRTQSw4iA3q,pumpswap,1790237693,0.000002038,2068.51,2033,2033,0,0,0,150686.05,0,0,0,0,0,0,9452,10607,,,,-95.75,0,0,0,1,,1790288510,0,0,0,0,0,0,2967,3098,100.0
1790288431,7v8wLGseutfAeYdT56LXjZskF5Ah64sgvCYN9ugDpump,Hermès,Ez4f84q6jX6S47x9ZbRdhzL7uff1yMEfZUN9LsupxSsL,pumpswap,1790237731,0.000002302,2338.94,2294,2294,0,0,6.95,225386.07,0,0,0,0,2,2,19063,17382,,,6.47,-95.19,0,0,0,1,,1790288510,0,0,0,0,1,2,1956,2222,100.0
1790288431,7uMUGDr8Kwj8hb68cDFMkmpCvMVejA3VtWDKJJ9Vpump,TikTok,BjE5MRNsYsfYrvG4BNQwd8zBtJ4yizX1ud6qcDxQWV1u,pumpswap,1790237248,0.000002037,2060.52,2027,2027,0,0,0,110828.74,0,0,0,0,0,0,9426,9123,,,,-95.76,0,0,0,1,,1790288510,0,0,0,0,0,0,2365,2145,100.0
1790288432,A6i4GPVneLUKV5b35QGLPetYfdzWKJ1MYtRGmYyspump,Muse AI,GEoH65VN61opsgeEhM2c2STuiXbhAStAa3ds2Nx7NtMF,pumpswap,1790237376,0.000002140,2170.41,2130,2130,0,0,9.77,162090.52,0,0,0,0,1,2,14271,19087,,,1,-95.54,0,0,0,1,,1790288510,0,0,0,0,1,2,2443,2182,100.0
1790288432,Az9eyxEaiZD9AX4j5nP19Cm79eyfNriTuddMSQmLNEBm,CADD,3AfrTUBKBytUYnWNCvuoZ58U1EF1mzuVneLfGJaWNneA,orca,1790174281,0.7110,87086.53,56172,56172,0,0,0,35.85,0,0,0,0,0,0,1,1,,,,0.08,0,0,0,1,wp,1790288510,0,0,0,0,0,0,1,1,0.0
1790288435,yFcTuQJCMsd1Asya15GZ7h4KGdxsujRLcUiTWWXpump,SDOG,CBnBZf7o1hZ2eAiqyCSVKTXrbNF8BLkuNeX65mPpd41C,pumpswap,1790239191,0.0001802,37940.21,171851,171851,250.58,6941.73,84716.96,701599.67,3,10,58,99,926,969,7202,6400,-2.63,24.85,90.75,284,0,0,2,1,,1790288510,1,2,51,82,530,543,3034,2859,100.0
1790288433,E6asf2mRk7xbQSH816d1m1MAph7ZYFxn5jYCMtcKpump,SIDEHOE,GdWPzVtNJwvcATsQyF8e9TXHFRZe9LU1y2KmZRkhjCPD,pumpswap,1790238314,0.000003317,3252.55,3215,3215,0,0,289.35,271661.74,0,0,0,0,5,19,5493,2888,,,-4.25,-93.04,0,0,1,1,,1790288510,0,0,0,0,5,22,1392,1391,100.0
1790288432,Ag6Wj8ZWdAc8DjLvN7Wefo1AAVYZUVRMBB1izzbbouEQ,MONADSPIK,AjZ3vmHvTRrVqgPb8S364E8vqLJw4hfSsf8B7stAuzBL,meteoradbc,1790239114,0.00005613,,56130.7,56130.7,0,0,0,5491.43,0,0,0,0,0,0,114,147,,,,222,0,0,0,1,,1790288510,0,0,0,0,0,0,96,113,
1790288434,H65RGwGrruzzpzBNgkrkynzMBFCkaKdPxRAA5Qxdpump,Nike,C6K9HTw2huxk9Y8CxXwij1xWL7c5FdhxW2rRxkE3ZLsb,pumpswap,1790238378,0.000002008,2029.6,2001,2001,0,0,0,127350.02,0,0,0,0,0,0,8864,10083,,,,-95.79,0,0,0,1,,1790288510,0,0,0,0,0,0,2921,3102,100.0
1790288432,9sX2oUuspK3wHV3m4hAFPMCsegZy2jimYpLPXVCcFuZv,PINF,Giv4xZAmsnpSBxrJzCDtgKVFAnAu7TUz9oYKHiuQHqL1,meteoradbc,1790246753,0.00005206,,52061.03,52061.03,0,0,0,11724.44,0,0,0,0,0,0,257,346,,,,260,0,0,0,1,,1790288510,0,0,0,0,0,0,145,142,
1790288433,D1UEDuLUj2WuR5Yv27U7Hx5EFVZ2gMQVhpaqu9YWpump,MIRROR,B7iuhT5x5eU7JJjpDBzG2wZJEyJ5XUXWZ6ACSJTW6Z7P,pumpswap,1790246714,0.000002517,2785.15,2439,2439,0,3.34,3.74,742706.43,0,0,0,1,0,2,5976,4884,,0.12,0.33,-94.69,0,0,0,1,,1790288510,0,0,0,1,0,2,566,553,100.0
1790288430,68hmMLubTJsZfhBaBMMajPrU84xpxViGoY2eG87Vpump,Spider-Man,DWL2buRGsr5LXQ4hb5h3TWJzwqTjhYvMbHopz9cGNtdN,pumpswap,1790246765,0.000002053,2068.5,2053,2053,0,0,0,74160.55,0,0,0,0,0,0,3178,5516,,,,-95.64,0,0,0,1,,1790288510,0,0,0,0,0,0,2261,3097,100.0
1790288433,EfFWNg8vhConQ4nH6Up1ZpvVCUBAyLpRABVJxVjwdgkX,AURABYTES,4KdXAZukkHYqSRNe1AunP7RupP6sG1gvzWmqcG8YLVKB,meteoradbc,1790246708,0.00003161,,31610.81,31610.81,0,0,0,6322.08,0,0,0,0,0,0,159,197,,,,82.79,0,0,0,1,,1790288510,0,0,0,0,0,0,116,125,
1790288433,FFDCa6WS6VMFa81HSD7cVmLo1hziwZKffPRDBjuapump,FUND,5LQZE8UUQGZbb1UjMMfctuhf9a9EBYS5ZAhzTa7eYCcx,pumpswap,1790252547,0.000002514,2497.63,2336,2336,0,0,2.2,61268.63,0,0,0,0,0,2,905,794,,,-0.07,-94.67,0,1,1,1,,1790288498,0,0,0,0,0,3,444,510,100.0
1790288433,EFW3VwqYPzoc58reVMy2GxEjv78xQ765pQy1JMdBVoB9,PROM,GCdb9dLYKoAzzTWkzDqvaTcevEgAz4AuivvRBD7FbnhE,pumpswap,1790252269,0.00003861,17637.87,37815,37815,601.15,9251.03,108619.64,1843972.02,13,9,150,157,1734,1548,19783,16594,8.75,-31.25,-60.28,-17.25,10,1,1,1,,1790288498,15,13,126,144,917,1031,6285,5778,100.0
1790288432,BszGuLK9RLJ7YHgia55kwcWAuTodx1AwGFLGUcDoxRCK,ape,9TMq92WdTNsJ8oa3ZyiYBsehN41n6b4NadCg3vgrwZ5r,raydium,1790250999,0.000002798,4988.69,2799,2799,0,23.98,838.29,124254.02,0,0,0,4,13,25,1733,1350,,-2.7,-21.39,-94,0,1,1,1,CPMM,1790288498,0,0,5,1,23,14,857,729,
1790288434,FpHva8LfsHsCMhcyXXUPTyoiUZmSPpscypM11W7vquh7,CAMPFIRE,ABoaQ5LNzP4w2vVg6c1xthhfe4LsLgKaxy27hH9JHmsV,meteoradbc,1790252502,0.00003175,,31758.37,31758.37,0,0,0,8074.25,0,0,0,0,0,0,210,278,,,,132,0,0,0,1,,1790288498,0,0,0,0,0,0,131,154,
1790288430,6d3kzA7LJ9kxYNWGkaqxKD93B77FTEebTUcMZhEbbtnx,PROM,AqJgJTz7p25CEPPaSmC6abCZ4VjZJ5RJydGqizm2MSAh,meteoradbc,1790252568,0.00003331,,33315.76,33315.76,0,0,0,9858.02,0,0,0,0,0,0,289,346,,,,121,0,0,0,1,,1790288510,0,0,0,0,0,0,166,177,
1790288430,3cFqm75R9izaaaDHL3qARSTW9E3b2xYniQ1AZ2ampump,C@T,Fq843hXGsSwWJkNGYiuDaBYoAdKnBP5HpfVmmnt1Aj1X,pumpswap,1790252283,0.000002161,2252.46,2131,2131,0,0,0,348203.03,0,0,0,0,0,0,5526,4131,,,,-97.37,0,1,2,1,,1790288510,0,0,0,0,0,0,3647,3636,100.0
1790288432,9bvapF8f5bn4xPAdkPATEm72vcQr47r5QiyKvCLcpump,COMPUTER,B6D52zrPiDhZUnhYu5AWv4vB8iWMRYuJTNZWTHi2BB7E,pumpswap,1790252335,0.000002019,2035.98,2015,2015,0,0,0,87218.45,0,0,0,0,0,0,2645,5084,,,,-95.72,0,0,0,1,,1790288510,0,0,0,0,0,0,2111,3091,100.0
1790288432,C8B4hzngbAb2kyM36M4F865tjQUsC57CHV4cHTXLpump,Meta,5kmJkieZgN5fqb6yQbneFwHSqZDJ12AYQeGFyU8AeGGD,pumpswap,1790252526,0.000002172,2198.06,2173,2173,0,0,0,46936.81,0,0,0,0,0,0,2154,333,,,,-95.4,0,0,0,1,,1790288510,0,0,0,0,0,0,2050,326,100.0
1790288433,DY468VySeu6zgnjSEMLLQfrrFShtgHUA9NrrJ59zcUE1,SPEED,CjdRXnpWXYkXWzWLFRBmhJqK8i1t83sYj6hLkkCy2RxP,raydium,1790263687,0.0004629,92229.05,462974,462974,0,1.98,1093.39,2563.83,0,0,1,0,10,17,39,24,,-0.17,-1.07,1.84,0,0,0,1,CPMM,1790288498,0,0,1,0,8,16,24,20,0.00000000159515806805699
1790288432,9kp2SNP17fuiAFdP7aEnFNH5LnrVR8yy4outinyypump,CELEDUO,9fqqZQeAiVQYJHHARm8m1pdVX6zxcDwpixKW9fevn12Y,pumpfun,1790266246,0.00004773,,47731.95,47731.95,0,0,0,9875.07,0,0,0,0,0,0,6,0,,,,1358,0,1,1,1,,1790288498,0,0,0,0,6,0,6,0,
1790288430,4aN426Gw1h2Kn5GFnJ62Fr43MjNY9TD8JH5dj96Wpump,OFFBOARD,9jxxiMJMhKvFw7EHMphcumXafubhbBy92e6j4uq19yE5,pumpswap,1790265299,0.000002302,2408.37,2272,2272,0,47.24,65660.34,410547.57,0,0,0,1,1081,6036,7820,6782,,-2.04,-97.79,-97.26,0,1,1,1,,1790288498,0,0,0,1,1083,5992,6342,6319,100.0
1790288430,6XhzSy3VTTkwqMUSQsStM3ncGy6ozcPnzLVmv4HZ64cC,STONKINU,98T82C2aQXYBG72NfpWbtssV21J1VvxTE2fM7ixyyNmf,raydium,1790235988,0.0002950,47818.25,295041,295041,5.41,881.89,41542.39,348025.32,0,1,5,7,121,168,1140,939,-0.05,2.96,-23.36,519,0,0,1,1,CPMM,1790288498,1,1,6,5,92,85,336,565,100.0
1790288430,6f1zVLoGUwWn4Yj6a9MqNkeQC6DaGiGii3rNnnUApump,CYBER,HbA3dyjYy4cNogbyTAYpgHRmxgAkRWGesuuBAduNNZa8,pumpfun,1790264918,0.00001666,,16663.18,16663.18,63.81,4084.2,58923.82,167448.2,0,3,53,48,724,710,2206,1706,-1.75,18.55,-49.31,381,0,1,1,1,,1790288498,0,1,26,33,346,413,1104,981,100.0
1790288432,A8nBnsmsAu545yQEEh9CmStmNXa51xA7Zwmu4urmXokN,YCAT,DPNk4oGMs6sJTjCdfMY5QUNiM741HqzoekmyZauZegSp,raydium,1790265108,0.000007263,7963.61,7263,7263,0,631.33,52216.06,265352.61,0,0,6,7,563,568,2843,2556,,4.17,-71.82,-84.81,0,1,1,1,CPMM,1790288498,0,0,7,5,402,300,1408,1345,
1790288430,3SCi94ePA14dVj8XvM3jAFWPmCWs3p9zEsXRgdELPXfY,WEED,3ap1faXAkBzHZYVbG4u5MNWWHvXTxgRj5z713gEgLB3T,raydium,1790234775,0.0001690,39873.38,169087,169087,126.76,5634.95,81382.28,100318.88,1,1,54,23,602,365,845,521,-4.82,2.29,161,181,0,0,1,1,CPMM,1790288498,1,1,42,15,288,168,386,237,
1790288432,BewoWqr56gfPQXzWiMUSCVY4fJbthPZrdj17L3qCXEmg,HI,Dd6qGG7ZHSk2npp1B8XGNQCUT8Wi11yPN2CH3MpKaxkc,pumpswap,1790265948,0.000005018,4510.72,4879,4879,0,907.97,58676.37,380068.44,0,0,9,15,1007,986,5125,4317,,-29.55,-79.55,-89.51,0,0,1,1,,1790288498,0,0,8,15,508,773,2061,2034,100.0
1790288432,A4nT9WTd3jJkDhCKJU7E4TF75dFohE81mMYDEP38YfoF,Museify,3kiaoztZVb6NBQRvUpQWsA5xu4cu2ftMa7SHtsofKVY9,raydium,1790218556,0.00009158,29178.08,91581,91581,335.42,10757.6,208669.37,584597.31,0,3,60,46,1137,934,4015,3141,-4.47,-3.14,-17.25,83.14,0,0,1,1,CPMM,1790288498,0,3,35,36,506,487,1600,1475,100.0
1790288431,9GgNC3RY89AD6GA2b2CPgNGtp7vP8ejyLEjqWB6VL6Qh,STRAY,CAhHJsDDfwv5knojg51AmCSzQG2V9hefWJMj5r6M11yu,raydium,1790264414,0.00003268,14515.91,32682,32682,45.24,4736.22,93826.56,131458.59,0,3,52,27,507,456,900,720,-5.29,-32.95,-53.19,-36.13,0,1,1,1,CPMM,1790288498,0,3,36,23,251,245,499,404,
1790288429,2PT3ZosbbwwtfzrbawaXoUmG642axAiVCL4yeN5Fpump,pmiliars,A5N2aowUzTKHL1mVwZvA2ga7HbhtDVEdT1CEg9CyrgWb,pumpfun,1790264870,0.00004773,,47731.95,47731.95,0,0,0,9875.07,0,0,0,0,0,0,6,0,,,,1360,0,1,0,1,,1790288498,0,0,0,0,0,0,6,0,
1790288431,8tZaAmMpBVoaZpCqSSTj5TejgoB3hehudk5dGBa5gVvT,Infinity,HxPoWLSLrDD2Shpc4zzPjqTQjTXY4RcsG6whj8k4ENNT,meteoradbc,1790261843,0.000008514,,8514.17,8514.17,1.59,397.2,18188.36,54007.95,0,1,8,15,443,218,685,392,-0.25,-10.77,-63.77,143,0,1,1,1,,1790288498,0,1,8,14,338,185,496,296,
1790288431,7HhhNkqQkG4vj4tdVNTFUtqHBFZeLJWugaxtwccMxSwd,PUPTOBER,7NyczcJGeA2xW88jzjQMYER2ipkKEybgSM7bVHa5vbaJ,meteoradbc,1790266801,0.00004631,,46318.33,46318.33,0,0,14480.78,15492.2,0,0,0,0,388,484,390,484,,,36.5,188,0,0,0,1,,1790288498,0,0,0,0,148,128,148,128,
1790288432,BcAVkaWKrqVEfyYKy9ohNMGFc3Zw7RuCm9GBBNeRa4N1,MASO,4ZaEYxQa2bLkxWtu8cdJxDcLknaTAPtrQMdBWF6cF43p,meteoradbc,1790266701,0.00004387,,43876.39,43876.39,0,0,0,5087.39,0,0,0,0,0,0,185,214,,,,186,0,0,0,1,,1790288498,0,0,0,0,121,120,121,120,
1790288430,4pBpAeNKP3pwYjNbFDCC3QypG1WB6pM9s6ByHzYFAgwY,Goomba,3kQvHeMpZHw49DJafRqK5A9gcXA5wCR462W12Tjdt641,pumpswap,1790267313,0.00001481,9059.03,14045,14045,16665.03,28524.06,231284.04,231284.04,84,63,205,147,2873,2794,2873,2794,90.02,285,-69.34,-69.34,0,0,0,1,,1790288498,12,7,132,87,1430,1660,1430,1660,100.0
1790288434,FyUKNr9aUFW9ZReKtqLAZNkdrsJScpFi5CPvhm4d333C,PRD,91ERiNyXkzWRJ6bk757e3a4KNSVMemWFb5sWRH2MXeNQ,meteoradbc,1790266801,0.00004667,,46679.39,46679.39,0,0,11583.81,12527.83,0,0,0,0,422,436,424,436,,,47.73,200,0,0,0,1,,1790288498,0,0,0,0,186,178,186,178,
1790288429,2DznHsR5j6XHARnTVGubwAXxfmF9aQ8Pwwu3TN7ppump,AROS,2d77EYAt6WeCNwsjEior7N91mw1uj7tayXtVMub7mXcQ,pumpswap,1790254944,0.3432,1676482.89,343223624,343223624,1533.78,22799.16,136885.77,888072.28,98,22,1418,303,8609,1838,14198,3685,0.08,3.75,23.62,725801,0,0,0,1,,1790288498,28,5,996,201,2607,798,2660,1429,100.0
1790288433,EeGLNoEApbPmuyzbgMVifs4WYAKB9WLa5f5ar67Npump,TRUMP,9AbZ9CSysJfF9wERoNyiseGmED7LVZ4421WRyXwizd7q,pumpswap,1790266231,0.000002080,2111.74,2072,2072,0,0,242459.35,293075.57,0,0,0,0,38693,23306,46591,26279,,,-99.68,-95.69,0,0,0,1,,1790288498,0,0,0,0,2561,2551,2561,2551,100.0
1790288431,6ke5nJemzDtHqSY4hE1jhhp5qcKr9vbJJF6Zpi8Fpump,ROOM,EaPmVHtFQ4VMNbvaiE6wsK9vvXnGzHfAxZaCs34FHv7B,pumpswap,1790264851,0.000002086,2108.93,2076,2076,0,0,104935.95,224419.69,0,0,0,0,901,2869,15950,17018,,,-99.94,-95.68,0,0,0,1,,1790288498,0,0,0,0,411,2329,483,2380,100.0
1790288432,CoVq2NkiG1WWydA35cnvdoqge9FLBm9Stf5GUb7zpump,Nike,FrDpoiiR9GYptza169x1EsgJiourqXNoSH5Uo1G7Z3c7,pumpswap,1790265519,0.000002107,2126.06,2097,2097,0,0,101712.16,151983.52,0,0,0,0,6433,11417,12216,19723,,,-99.7,-95.64,0,0,0,1,,1790288498,0,0,0,0,328,2335,408,2399,100.0
1790288433,D9U424Wi8QQJukgppJqJ8FybbgJnvzaS1GzTH2BHWGLT,HYPE,toCKvFnJJYs1h8ranYMJSTApr3oyWcpwHwfzR5Qziar,raydium,1790029238,93.37,1960497404.91,1960778610,1960778610,0,0.31,28800.76,177307.64,0,0,1,1,9,9,38,38,,,,,0,0,0,1,CLMM,1790288498,0,0,1,1,3,3,6,6,0.0
1790288434,GfCV4VcL9F8GAHttQmzXKK7J9HEdjgHZhj5dEfZVpump,LONGFORD,51zC1se4m5wfyb5netQgEvFic12KJ2kDWV7kTskBAEfQ,pumpswap,1790266482,0.00001834,10229.21,17357,17357,59.57,3666.03,79386.4,109541.09,0,4,94,70,1130,1006,1594,1374,-3.04,15.22,-61,-60.83,0,0,2,1,,1790288485,0,4,48,37,573,650,789,794,100.0
1790288433,F4rJVZAgLwuKGieSsPojDGn8yVUEfDE3hp7e23fNe5zc,Socials,4RcAcoyemPFYgTsYvweLXStQNbqnmEdFMco5WptqEBPM,pumpswap,1790266525,0.000002992,2961.54,2646,2646,0,4.38,140754.44,219827.46,0,0,1,2,1471,1420,2246,2140,,-1.27,-97.01,-93.79,0,1,1,1,,1790288485,0,0,1,2,897,943,1198,1177,
1790288430,49bQM45JU5ifZ2rsNAFpiio922sDJ2ZH8XYxP4gikoqN,BOGLE,ETb5U6bHFKkWDWohCspcTTY6UWxjpHKrutSCwiK4LFf4,raydium,1790265329,0.000007556,8086.34,7176,7176,139.32,2902.5,213679.04,282600.48,0,1,14,23,1268,1123,1774,1537,-6.63,-8.7,-86.66,-84.71,0,1,2,1,CPMM,1790288498,0,1,15,22,680,705,971,911,99.9999999804887
1790288430,4KDomjMwZGo9Q5pWkrdygrGFzJH2u8vTvr3FoRTcFpDk,ROBIN,6tvRGWz2GMpMMs9deaRBhXxDkzwF6bi9Ffwc3Ywg9F2r,meteoradbc,1790268352,0.00005864,,58645.01,58645.01,0,0,10889.7,10889.7,0,0,0,0,474,458,474,458,,,35.95,35.95,0,0,0,1,,1790288498,0,0,0,0,186,177,186,177,
1790288433,Dhu5rWqynFiYgnLYmKRczM3NgeAeVP1u3zf3Fyc2EaE6,ROBIN,DoEYUGLJqjs2BiCeWHHh4cDHHzjx5bVTFxQ5E5GPnAUJ,meteoradbc,1790268304,0.00005733,,57331.85,57331.85,0,0,2717.97,2717.97,0,0,0,0,92,85,92,85,,,32.91,32.91,0,0,0,1,,1790288498,0,0,0,0,72,67,72,67,
1790288430,5TTw5FNW4vexW8EzHATLKiREq5Lk2GpNSpA4TzZgpump,pulymarket,EhpZ1P3YZeR7iFs6EV5dzcVughRt6qHj3ocEDycCZ9T,pumpswap,1790266865,0.000002107,2163.04,2107,2107,0,0,371285.88,371285.88,0,0,0,0,17646,14039,17646,14039,,,-95.67,-95.67,0,0,0,1,,1790288498,0,0,0,0,3552,3547,3552,3547,100.0
1790288431,74HJ2XX2wYXDpe2rRv7VNUUzcGLybNVXeM7uknTUpump,Gemini,224fsJn1ZigWdYWereZwYQAYHpB3WUSkHzB9Wx4pDZcv,pumpswap,1790266176,0.000002089,2112.67,2079,2079,0,0,221539.77,250180.75,0,0,0,0,23270,25210,27222,29000,,,-99.68,-95.67,0,0,0,1,,1790288498,0,0,0,0,445,2434,464,2434,100.0
1790288431,8zoLaVjCS51Q61WdBPAehdAT7Km7vQqL5vL6wAu5pump,GRAMR,24zRXHepXZEy4CE15mRDfnWwYGGtfBhZFedYdQXjz3UV,pumpfun,1790265747,0.00002534,,25349.65,25349.65,25.67,1104.76,24458.63,33708.12,1,1,13,11,273,187,371,276,-0.66,-2.74,313,631,0,1,1,1,,1790288485,2,2,13,10,143,104,199,147,100.0
1790288433,F4sL4ycjbHFDhHr2xvgQjPY6LEmhK8cnR3SBJUGtpump,FOMOS,CUCzuXtaFSDGaKxS2Qc8aA32dUsiahsoSsdKAHdt64iH,pumpfun,1790269397,0.00004814,,48142.83,48142.83,0,0,9960.07,9960.07,0,0,0,0,6,0,6,0,,,1360,1360,0,1,1,1,,1790288485,0,0,0,0,6,0,6,0,
1790288432,CfM3DnMEK7hdH9LyX6ZUhM4RuWMnN22o1nmkkPW5s717,CHONKS,3XggM2oWgXdpwjMWq8dkF9UwCoym1fWREbC49sB4gZNz,raydium,1790269403,0.000003519,5452.19,3519,3519,5.96,152.65,289544.49,289544.49,1,0,3,3,2938,2743,2938,2743,-0.49,-11.99,-92.75,-92.75,0,1,1,1,CPMM,1790288485,0,1,3,2,1286,1240,1286,1240,99.9999999998667
1790288429,27V1cuVVQGpbb8e7bhgLkk1StGnPximyVNcpxdPh6Ptm,PUDGY INU,CaN8ut6xgdVTFwkAA8TGBaU3pJTpqkoPF1vD2mBpFyjT,raydium,1790266544,0.000007355,7827.28,7355,7355,0,466.95,87094.21,136584.97,0,1,8,13,1037,890,1541,1229,-1.5,-6.28,-80.39,-84.83,0,0,1,1,CPMM,1790288485,0,1,6,11,389,403,663,696,
1790288430,51FhQRWXKvjPq5FRQBqA97AULubg4istt1YSwx8tpump,MUSESWAP,EqG8SHx2ye8CHCsAv4LVk6pX6cUZQvBJNSFTXVs3kKy6,pumpswap,1790257534,0.000002400,2393,2312,2312,0,0,19424.49,21420.5,0,0,0,0,261,217,295,261,,,-95.9,-94.91,0,1,2,1,,1790288485,0,0,0,0,189,190,221,221,100.0
1790288430,5pSEZw1iytqYznD7crsGyKNek7q5JkjBqj2KmfqxUVZd,CHONK,Dqta7KfZNJeBgd12jECpXKHBiNQM1pKB7vKwbpLXVfYH,pumpswap,1790268762,0.00005599,21342.51,54286,54286,2081.47,25538.78,1551063.25,1551063.25,12,38,408,307,17627,14073,17627,14073,5.66,-46.57,20.72,20.72,0,0,1,1,,1790288485,10,11,206,210,5612,5177,5612,5177,100.0
1790288434,HvNpHNq3KuYsfh2FT1X6fBiQJ2tJc3Ah6YuFptkJpump,Holdoween,Bt6FaNRorxmerHKWzGger2djFsQPWhXXN6zXPmWjKvCB,pumpswap,1790270237,0.000002108,2129.01,2098,2098,0,0.21,86218.48,86218.48,0,0,1,1,3191,5431,3191,5431,,0.13,-95.67,-95.67,0,0,0,1,,1790288485,0,0,1,1,1613,2442,1613,2442,100.0
1790288431,7nC2cydcCBFiQS8UdUeeN3mAJrVoPyC3jpfUTxCmeBzb,DEGENDA,A316e7bpybAfeveS69uwwWUoF7QBqfchVFdduamJL528,raydium,1790270204,0.0005826,22169.02,582643,582643,0,0,4174.89,4174.89,0,0,0,0,11,9,11,9,,,146,146,0,0,0,1,CPMM,1790288485,0,0,0,0,9,8,9,8,
1790288435,avUTvvaVjRqciCUygL4pcQdjBHf7s2kTGyG8cKypump,ket ,5Sw5M9toKQrshDR7283K47VyGp95e4WPwgkyLNJXCNiT,pumpfun,1790270204,0.00003245,,32452.58,32452.58,0,0,2343.06,2343.06,0,0,0,0,36,19,36,19,,,827,827,0,0,0,1,,1790288485,0,0,0,0,3,3,3,3,
1790288429,27PD9QPjjZGkkrpU9EiAgJwjkgUdApXkB78eyDrP7YxF,SBA,5LLqWhqwjJefsDWwn3nDu8e1LvFgxTMczEdLeSWUjit4,meteoradbc,1790270226,0.00004088,,40880.29,40880.29,0,0,5660.82,5660.82,0,0,0,0,246,269,246,269,,,167,167,0,0,0,1,,1790288485,0,0,0,0,141,133,141,133,
1790288432,9n5AhnhUxgrfohkEZL1C3z43McJN6X8nBGBSJgDbpump,Meta,7m22boMhoo4uAUwQuS4jeVu59tnKe4BKEfyJQeQ55kg2,pumpswap,1790269308,0.000002464,2481.51,2465,2465,0,0,166280.16,166280.16,0,0,0,0,9557,15147,9557,15147,,,-94.93,-94.93,0,0,0,1,,1790288485,0,0,0,0,460,2431,460,2431,100.0
1790288435,J7TPzBwQG7JmEdJ6gUA6Em2dU5Vvqxes6pibDLfupump,Robinhood,DBovfKWtr7E7dPzjtU11iR7ZbKpKmPRHm3EySdZePDE8,pumpswap,1790269743,0.000002078,2103.87,2069,2069,0,0.03,149958.83,149958.83,0,0,0,1,7207,7339,7207,7339,,-0.95,-95.72,-95.72,0,0,0,1,,1790288485,0,0,0,1,2471,2194,2471,2194,100.0
1790288432,9tgePuPCgfsKnCcXCLqmvj31tfTP3p8BeaCzrJqpump,McDonald's,BzvkVLnrWCBkSZ9xWVhibp7gxQbm3MjS6GU2zmJz7pQq,pumpswap,1790268759,0.000002141,2176.79,2117,2117,0,0,164216.42,164216.42,0,0,0,0,16339,13341,16339,13341,,,-95.61,-95.61,0,0,0,1,,1790288485,0,0,0,0,377,397,377,397,100.0
1790288431,6jqjCQg8F4WEiTk4MiEiTm9zNmsYhh4ryaXVdSQZhe6K,GEM,AnPxzzeRfYWfpUepYzD6dA4nvwLhx4EerxwnakofdsRr,raydium,1790270695,0.000009196,8756.5,9197,9197,131.81,694.1,91964.22,91964.22,0,2,6,9,624,622,624,622,-5.81,-1.02,-80.9,-80.9,0,0,0,1,CPMM,1790288485,0,4,6,9,367,372,367,372,99.9999999861064
1790288431,7dyQxUL6VaT1V1dbw1erkknW8MJHEaKdeEo3SMmFpump,BUFFDUCK,8dNFuhvcq7LACw4x6JiL54z779iSjeJKUU3qnBMmzLmg,pumpswap,1790270364,0.000003378,3332.14,3305,3305,0,59.53,251419.28,251419.28,0,0,3,7,1813,1127,1813,1127,,-4.44,-93.22,-93.22,30,1,2,1,,1790288485,0,0,3,7,1167,710,1167,710,100.0
1790288430,3hg9cWm29zpMpJdFqu5KtZCziYLJSB4ieKo5jRafpump,HYPEERA,2ZX3qSUeEgpGjXKuRtBtPc2WNhq1AdR6upc7mmSppfqc,pumpfun,1790271057,0.00004800,,48007.24,48007.24,0,0,9932.02,9932.02,0,0,0,0,6,0,6,0,,,1360,1360,0,1,1,1,,1790288485,0,0,0,0,6,0,6,0,
1790288435,spwn3Mwjuig2wWfuG2LwzHPZTeZU3J3KtrPdkf11bpk,SPAWN,FvMA1Y38Er6idQwqamubrANu69KtkW8RzECD8prp7iUv,pumpswap,1790270335,0.000003745,3577.87,3582,3582,5.46,165.27,385977.67,385977.67,1,1,2,6,5823,4396,5823,4396,4.33,10.18,-92.3,-92.3,0,1,1,1,,1790288485,1,1,2,6,2457,2405,2457,2405,100.0
1790288434,HzPc2VskKYEx2N2xYmcxUekTerb2FobrokDbPaZaYnKB,goon,BWjiatGGQ5Y5yohrrfXcxh96hXE6oomDMrnzRJf7RZJx,meteoradbc,1790271701,0.00005795,,57952.58,57952.58,0,0,13709.6,13709.6,0,0,0,0,588,582,588,582,,,34.77,34.77,0,0,0,1,,1790288485,0,0,0,0,205,198,205,198,
1790288434,HNnMeQ4ji2nKk12mG9qnSDuJVZVfbfmodzxdaZPmpump,claudechain,CnhZG3PfBfEBAdF5M2hfT7w8tgeosjq9nmbthsCteVLu,pumpswap,1790271854,0.000002681,2699.02,2455,2455,0,1.84,301112.09,301112.09,0,0,0,1,3353,2787,3353,2787,,-0.11,-94.29,-94.29,0,0,0,1,,1790288485,0,0,0,1,1417,1418,1417,1418,100.0
1790288430,67fridDVkVTJhzyAJ7HQUc4pCDxjR1wMc5LRzvvwpump,Claude,3gnXb65oQmMbQnDyRCdPhS4ewjZkgUKSR81SyzmBA3nH,pumpswap,1790271804,0.000002100,2128.86,2090,2090,0,0,311108.71,311108.71,0,0,0,0,22712,23889,22712,23889,,,-95.68,-95.68,0,0,0,1,,1790288485,0,0,0,0,488,2464,488,2464,100.0
1790288431,7uP1iaDFuTcUv6vshKGSuDD3R5iXJPk4tJ488sgTM6XK,MIX,AczeMNd5HSkmzDyMNR2VagqAkh68jJMnMqLHQR4mvyyA,meteoradbc,1790271662,0.00005843,,58435.59,58435.59,0,0,17001.78,17001.78,0,0,0,0,664,819,664,819,,,33.32,33.32,0,0,0,1,,1790288485,0,0,0,0,172,152,172,152,
1790288432,9UJswd6e5kzay9SWdRYU5zVtqpfcuFHJJaNC8jMyQ1hA,sBadger,9UgsBpqMzcrTs2HwBZnDJjXXZWXW9AKAQcxL837Emhbw,raydium,1790271541,0.000004149,5939.27,4149,4149,1.03,62.71,161240.5,161240.5,0,1,0,6,1623,1630,1623,1630,0.53,-4.36,-91.47,-91.47,0,0,0,1,CPMM,1790288485,0,1,0,6,794,898,794,898,99.9999997964709
1790288431,7szm4wYyY3nGw833E31Cr1YF5BuEAKDwMowNUJwPpump,GROK,GGyAKdGwGFvDZuGdmMrfLCHGjVvsikQFQMTvtLgzsoHp,pumpswap,1790271701,0.000002089,2109.37,2089,2089,0,0,100706.39,100706.39,0,0,0,0,8575,9760,8575,9760,,,-95.7,-95.7,0,0,0,1,,1790288485,0,0,0,0,2509,2670,2509,2670,100.0
1790288434,GrKrHqPbU6aeifTozdSfpFZRRYLgtshMDPbBAK4djtNi,SXCASH,BnDnru9p8dgZiSfaSUkUP2amfVBufBk99sJzrb1W9VC9,pumpswap,1790268403,0.000002086,2113.42,2075,2075,0,0.01,209548.9,209548.9,0,0,0,1,19374,10199,19374,10199,,-1.51,-95.73,-95.73,0,0,0,1,,1790288485,0,0,0,1,245,2108,245,2108,100.0
1790288430,6TQBFXT7GKY2BZVATXHMFA5QfAUS7SxtdF1aEGnYNSV6,JOLLY,5yv6NiqRuUUHpRSC1GD8sCp6sq4UN6uPyytX714aRQPF,raydium,1790273258,0.000006458,7793.16,6459,6459,20.83,189.92,972704.77,972704.77,1,0,3,13,8041,8445,8041,8445,1.07,-6.22,-86.78,-86.78,0,0,1,1,CPMM,1790288473,1,0,3,13,3279,3131,3279,3131,99.9999999804976
1790288432,AouqdqhCsKb1x5Ngw5PktSonaWnxb9UiBF3QzBdvtMH,JOLLY,62DYAL8KNLrRTpvjYhL9Ykm1mHd5Diwx7ZKuXUQo9DGN,raydium,1790204868,0.00008310,29246,83104,83104,2409.94,41821.07,1837235.88,1872212.47,16,13,290,209,12568,10037,12740,10295,-11.26,-41.36,3267,76.63,0,1,1,1,CPMM,1790288473,3,2,151,152,4469,3851,4589,3980,100.0
1790288431,8zQmQL6TtSPB3xJSy4cM24rebupNaxEipmr7T8vwpump,trolls,DAesNooBRuaqxKB5MdRLN7XjLQDncdfrMXMP7B2NnXfA,pumpfun,1790273275,0.00004788,,47888.08,47888.08,0,0,9907.37,9907.37,0,0,0,0,6,0,6,0,,,1360,1360,0,1,1,1,,1790288473,0,0,0,0,6,0,6,0,
1790288431,7F8EHMBLttDXbx3kWqzCMTxeyP8ExMxWj5DUJUyTpump,MOON,AQ24ke1G8Ww3RC3ZHD76pHsWKYPdTof5am7WQe8vRrmA,pumpswap,1790276057,0.000003727,3522.36,3597,3597,0,7088.51,190647.77,190647.77,0,0,59,265,2293,8061,2293,8061,,-80.71,-92.3,-92.3,0,0,1,1,,1790288473,0,0,49,201,1014,910,1014,910,100.0
1790288430,6TfTBpkgRX5kzb1qbtijV1nZVTfzfbmbXE1hPsFrpump,Agrippa,8aDqCgNAmrpJRB7ZdGM8a2SkCEKJJGf9wrA7aodszn7a,pumpswap,1790271240,0.0001331,32931.34,129692,129692,12761.04,98110.18,924383.64,924383.64,355,147,7649,2660,50666,11922,50666,11922,14.11,-12.59,99.4,99.4,0,1,2,1,,1790288473,39,13,1264,874,7790,4422,7790,4422,100.0
1790288430,5rzMk1M2ayGPQ3zQLkWV6FMxvaLAXeXrAzotYLF5chcg,CUTHBERT,SHT8pyFXpfB8fH54i5nM13joSh4CNYHErsGm4kPeDzQ,raydium,1790269437,0.00005681,19571.47,56816,56816,40.21,6936.36,162171.97,162171.97,2,1,45,29,1534,1013,1534,1013,0.91,28.44,20.36,20.36,0,0,1,1,CPMM,1790288473,4,1,42,23,1046,640,1046,640,
1790288434,GaV58XheErrvHbfNvcQvvxtPEhjdwTBwwbrAZugGpump,call,9yAwkfkA8jSVKaFCaijnPCt1cjpcUqBGwZZ5AxJdCVry,pumpswap,1790273218,0.000002500,2488.26,2387,2387,0,33.12,40242.48,40242.48,0,0,0,1,497,599,497,599,,-1.27,-95.14,-95.14,0,1,1,1,,1790288473,0,0,0,1,353,414,353,414,100.0
1790288434,HSnsxDUMo6kgLFNLE9wJ5Y4AN8EYmm7QM7kQGMhtpump,$BWIZ,q9rkB1inLzu4R6BXwPSyoaQEHEX93hB2MnURRG5p9Go,pumpfun,1790274135,0.00007268,,72682.58,72682.58,0,0,1737.13,1737.13,0,0,0,0,76,50,76,50,,,2107,2107,0,0,0,1,,1790288473,0,0,0,0,10,10,10,10,
1790288434,HEZg8uSwv1sCK9NMUgQtyaXQ5JzYzFbjyPQtQA2XaFj,JOLLY,BrTrWp5Jxx1Z2fACyCbcKbB4Uv3SLsJoLaJ2BVkfCVE1,meteoradbc,1790274101,0.00003892,,38924.86,38924.86,0,0,7556.34,7556.34,0,0,0,0,169,210,169,210,,,142,142,0,0,0,1,,1790288473,0,0,0,0,136,148,136,148,
1790288433,F8BTnFMCaajnrRYfmVGqJrvm4PYcFb1AiTwLxCpSpump,PLOP,BzwbZD8bfgwmAAiAvi8AiRow2dhRjoqqWL9wvrCthtj7,pumpfun,1790273736,0.00004805,,48052.44,48052.44,0,0,9941.37,9941.37,0,0,0,0,6,0,6,0,,,1369,1369,0,1,2,1,,1790288485,0,0,0,0,6,0,6,0,
1790288433,EWQhd8eb2bNpMkjK2XW2K9Dzu5yh6Tqe75uPh7N8pump,pumplife,4rEUVKEbasvGsKsfA2AesVfRFUQH3m6CWbxSip2Kw81R,pumpswap,1790273778,0.000002093,2113.8,2076,2076,0,0,95338.35,95338.35,0,0,0,0,6125,7700,6125,7700,,,-95.69,-95.69,0,0,0,1,,1790288485,0,0,0,0,2315,2664,2315,2664,100.0
1790288429,12m8Pwr1UHmmyM2Qh9bJBNurR9mmcZa1adCkAvdLpump,OnlyCats,C2U372C8rN2XHZeGn3LJrhcrEpgaNx92SDNs9qXsewo,pumpswap,1790273764,0.000002360,2567.4,2326,2326,0,1.24,827378.66,827378.66,0,0,0,1,12784,7787,12784,7787,,-0.95,-97.21,-97.21,30,1,2,1,,1790288485,0,0,0,1,5973,5944,5973,5944,100.0
1790288434,Gu47idc5fAsE5JNKijGMfEoxSmH8cABnupsBAHPxShYR,ROBIN,RRh2vS6Zio3j5fT9niErUCLxAAomizDVnbHEpt8PZMj,meteoradbc,1790272976,0.00005809,,58092.69,58092.69,0,0,8485.04,8485.04,0,0,0,0,349,353,349,353,,,35.28,35.28,0,0,0,1,,1790288485,0,0,0,0,180,169,180,169,
1790288431,9NnvxfavSswySguwuQ4Pa2wVZxM58x24rCXMb8rKpump,SuperBowl,7LgDUm7jmZ2TQc7GBzVuGSBPscWGtph4sQXrKZZ22ztg,pumpswap,1790275414,0.00004714,17968.7,45337,45337,3.89,3219.02,258549.57,258549.57,0,1,19,9,704,992,704,992,-1.45,0.94,-2.19,-2.19,30,1,1,1,,1790288473,0,1,12,9,523,420,523,420,100.0
1790288430,5WpdKV43mFmVQgy6KhgqmU1N4xtLE4rAFtnsTf8rApwd,ZOP,DUV3nWn9ykL72GV1B7uV38bpGiCoeAJvL8RmExBQ1tCv,raydium,1790275243,0.00006750,25101.76,67504,67504,391.84,29376.55,1008193.88,1008193.88,4,7,194,197,8073,6662,8073,6662,-4.12,-30.43,40.28,40.28,0,1,1,1,CPMM,1790288473,16,10,143,161,3262,2860,3262,2860,99.9999999976154
1790288431,7YQGD6vjEHgSUT5tkHuaCu5TgHc6NMwjxXrhKkYHpump,capcheck,GZvYTwbiae6hVPcwaeiJfQjkj74sKrkHLTw7wTZGEHYs,pumpswap,1790274845,0.00002567,12535.72,24065,24065,13213.62,26340.47,225271.12,225271.12,95,92,292,232,3240,2803,3240,2803,15.28,36.28,-46.94,-46.94,0,1,1,1,,1790288473,104,84,157,142,1493,1591,1493,1591,100.0
1790288435,qe5iaQ3GkKa1T11XvFirmyZZ7vy7uYZX994UhwVpump,JEANINU,C3sJPraWPRGcY6nRKsNn5Wpy8YSBiwjVurMrhCBcpZ5x,pumpswap,1790271614,0.00006426,21761.51,62973,62973,105.35,5598.58,507099.03,507099.03,3,5,115,115,1529,1846,1529,1846,0.3,1.7,-19.25,-19.25,500,1,1,1,,1790288473,6,3,87,69,937,488,937,488,100.0
1790288431,8hzFp8vhom4iv3dvxxdBjDrCTrixqrrDX42ZyTRYDVVm,Zerocoin,BkFdDSCxXc7BAnXPBaM7mRSPmUV2MV2UKo478N2jQ79s,meteoradbc,1790275622,0.00006911,,69112.95,69112.95,0,0,1602.13,1602.13,0,0,0,0,33,3,33,3,,,36.45,36.45,0,0,0,1,,1790288473,0,0,0,0,27,3,27,3,
1790288434,FbJMNyaXUGbFWD9gs3TVD2Q2q61Pz4td5QNFxj1Xpump,BONZI,EnFj5TwRJHZEnA4DhejBufPPR9oWrW6uQ89oLLQUvKdj,pumpswap,1790275604,0.000002080,2099.87,2073,2073,0,0,97037.33,97037.33,0,0,0,0,6804,8290,6804,8290,,,-95.72,-95.72,0,0,0,1,,1790288473,0,0,0,0,2345,2651,2345,2651,100.0
1790288432,CW1mrqPVKs42MYWfiEePFcKasEzqXsS64rrLwF7kpump,SNACKED,4xhjKom7D17hQm5mASdT8AKGKSKedtY62CpapccNJvk7,pumpswap,1790275849,0.000002390,2518.87,2325,2325,0,0.02,423636.69,423636.69,0,1,0,2,2085,1891,2085,1891,-1.58,-1.19,-95.05,-95.05,0,1,1,1,,1790288473,0,1,0,2,994,1006,994,1006,100.0
1790288433,EgKiresmhwZWDGcz1579XRzvSYcEKWzVMtHXqct7pump,Nike,3pLCkMTPDHfessKVgWnr1w5a1ZsWUnWpoUpZ9BcVPnfG,pumpswap,1790274687,0.000002091,2115.13,2083,2083,0,0,203111.02,203111.02,0,0,0,0,11894,12177,11894,12177,,,-95.71,-95.71,0,0,0,1,,1790288473,0,0,0,0,2478,2464,2478,2464,100.0
1790288432,Aw2YHvb8swJUFDjf7Fi8fo4JH88XsmS77njdsk44pump,Fomo Cat,DAYof7vYx26ti91qkcRCQHvTth634pxferfxPa5be96H,pumpswap,1790275203,0.000002076,2090.13,2067,2067,0,0,90078.61,90078.61,0,0,0,0,4162,6419,4162,6419,,,-95.72,-95.72,0,0,0,1,,1790288473,0,0,0,0,402,2385,402,2385,100.0
1790288430,3bjqkGRfxFNB71LJwiTcuBQKzM5GAEZa8hvcZfB19UnA,CP,9M4Pa6GEkkGsPhZ6LCvwKAaKckmDX1S6JNTywkrBQSXs,raydium,1790273455,0.00001204,9904.97,12047,12047,7.16,6663.29,87071.71,87071.71,2,1,75,55,882,681,882,681,-0.25,-55.2,-75.12,-75.12,0,0,1,1,CPMM,1790288473,2,1,43,42,470,437,470,437,100.0
1790288435,JAra3zTcKBhDnM4jQwEcUj3rtsYaA6YCqRdaW7zApump,MARS,jhAogLCUgJyeDqN246MDEyVZbDDoUczThtiPFhhiqVL,pumpswap,1790276677,0.000004245,3851.57,4034,4034,98.35,511.99,23288.26,23288.26,1,0,15,8,335,412,335,412,3.34,24.01,-91.23,-91.23,100,0,1,1,,1790288473,1,0,13,8,223,193,223,193,100.0
1790288434,HuoumW9C2gMH37euRZEhwDdYsNFM61mhZBZrfNJVpump,K-HOME,8Mpq8i7YxuE46BTpNGpaU7uBTnXHpCma42KqmDJB8toG,pumpswap,1790277406,0.000002077,2095.7,2066,2066,0,0,96705.36,96705.36,0,0,0,0,3249,5595,3249,5595,,,-95.74,-95.74,0,0,0,1,,1790288473,0,0,0,0,2253,3090,2253,3090,100.0
1790288433,DVubS4QxxtAPv1WS2xnGXjytmFEmDCyCQYkqTviHQ3ZJ,Fred,DaM4pv8xYdPRY9cLC2ovSizWtK4EgWrwuU8AD6HJfwc2,meteoradbc,1790277444,0.00005606,,56061.46,56061.46,0,0,8594.83,8594.83,0,0,0,0,206,266,206,266,,,27.29,27.29,0,0,0,1,,1790288473,0,0,0,0,169,163,169,163,
1790288433,DDC2PhAfgAnFzButC3o4vrXKAaYCCX7uYys3ZJ8R1vno,UPTOBER,A7AUuAq2WrefPM4PJPsUciwQonsUzQtB4z8JCTfuNtDo,meteoradbc,1790277407,0.00005834,,58345.47,58345.47,0,0,6493.56,6493.56,0,0,0,0,252,236,252,236,,,34.87,34.87,0,0,0,1,,1790288473,0,0,0,0,153,135,153,135,
1790288434,GjLvaHKcMDxoWMr3dwF2iREkPiJEdZJ4AaNSA19Vpump,CEPE,ErLBKRs86jKwjN1m3ExFWUQLX2QoYwwKPaRcB5oTCY7E,pumpswap,1790277404,0.000002105,2123.03,2105,2105,0,0,116880.92,116880.92,0,0,0,0,9878,10855,9878,10855,,,-95.68,-95.68,0,0,0,1,,1790288473,0,0,0,0,2537,2660,2537,2660,100.0
1790288433,DLffJ67s714yry1Kp9yNjqz5GDmNFyNLUHoQrohBU6Re,Fred,AhwD5dUUDQVK8Jdhy38V7duZiDkzDko1PmGNWet48gd9,pumpswap,1790277362,0.000003650,3503.3,3516,3516,3.92,671.85,320445.24,320445.24,1,1,9,19,4083,3923,4083,3923,-1.05,-7.68,-92.33,-92.33,10,0,0,1,,1790288473,1,1,9,19,1845,1921,1845,1921,
1790288431,6tAybVdCJtzcqgqTRLBwRG19ikqwTaeuSmofmnmPpump,Smooth AI,GFAioQsL4XrgpGY2egvCZ6qy6kB23VC3Qi67fppWL39N,pumpswap,1790276524,0.000002085,2110.55,2075,2075,0,0,267096.49,267096.49,0,0,0,0,20782,22173,20782,22173,,,-95.73,-95.73,0,0,0,1,,1790288473,0,0,0,0,455,2438,455,2438,100.0
1790288433,D8aHDLTQtDqMLAghU6KKVGtgFEDvJU1NAkn6vbKVpump,catfone,3i3rnbKa6Rbs5dksuEU8v5a18Banpk4ppzXUpcVzmykW,pumpswap,1790277814,0.000002442,2532.78,2395,2395,0,0,415927.82,415927.82,0,0,0,0,3137,2789,3137,2789,,,-97.13,-97.13,30,1,1,1,,1790288460,0,0,0,0,2394,2382,2394,2382,100.0
1790288430,6dPweBFhc13AjGQ5MBYJUs9EYDJ3zXfGPi61zDAVEwDb,SAGASU,2AjPHG6oX7cKdE1BcpQQ1mbcS2b7CBHwrdRXAELnPuL6,raydium,1790276982,0.00005352,21103.01,53525,53525,217.89,3935.42,272692.8,272692.8,4,2,59,57,2266,1891,2266,1891,0.17,-25.77,3.68,3.68,0,0,1,1,CPMM,1790288460,3,6,43,46,887,1036,887,1036,99.9999999989863
1790288429,1LHsACGWsizxXZ7SL8Wth8jkjKrK524kqdWC2bz4ix7,MET,3m1C7arHYT1RKvjtZSUBYhYN7pJ7X3LKrAtmvq5CmL6B,meteora,1790278830,0.000006715,12713.57,6715,6715,0,0.15,15999.35,15999.35,0,0,2,1,99,103,99,103,,-1.32,-86.49,-86.49,0,1,1,1,DYN2,1790288460,,,,,,,,,17.4535574203684
1790288432,AxwNLuhZWpu1WUsJjw8twm22QfJPiZfqhXhwnmEqpump,Meta,6AJMuUGsMhHM5KtH8J3jsZp2Q2AZ6FPPhchnqxVgqRiM,pumpswap,1790278979,0.000002083,2105.07,2074,2074,0,0,201721.67,201721.67,0,0,0,0,10053,15945,10053,15945,,,-95.73,-95.73,0,0,0,1,,1790288460,0,0,0,0,481,2453,481,2453,100.0
1790288432,B5pXX5vFbMNuX2aLNq5KArX62dwqsMvb2FNhLoiRpump,BELUGA,6K6HzwNdeBJkp9UjwKDGGSMKtMS9EJpW7gxafAfaMCjt,pumpswap,1790278979,0.000002235,2346.49,2206,2206,0,0,476694.48,476694.48,0,0,0,0,9308,7303,9308,7303,,,-97.42,-97.42,0,1,1,1,,1790288460,0,0,0,0,6694,6684,6694,6684,100.0
1790288433,EqoevfUt8zGVJaNNgxwBcWdFHSDJAcSKRCeTGTqEwgN1,京东,ApMCudWBSzGa83wP3ZwWjY3ia2SEp58dkB52iZhCAVQV,meteoradbc,1790278997,0.00005524,,55241.96,55241.96,0,0,7762.33,7762.33,0,0,0,0,197,236,197,236,,,25.62,25.62,0,0,0,1,,1790288460,0,0,0,0,160,152,160,152,
1790288435,J6tKg8W8Mx3HLYkXbQ1P6Zyb1JrxrYnhmRfcfGpApump,FRIEDCHIC,FuFptNnpMMJFd2GkoeNkrLd39ht4ceA5D5wxSLS5XAQB,pumpfun,1790278968,0.00004539,,45392.68,45392.68,0,0,1432.1,1432.1,0,0,0,0,82,55,82,55,,,1270,1270,0,0,0,1,,1790288460,0,0,0,0,13,13,13,13,
1790288431,72sDZcv1qGAXM5pwPEuksgHN9CixE3YpR3seXbMypump,RE,5gur4yA1qcexcZJ1hPDbde9qS2d7MGeY3PdMmD8xH4jH,pumpswap,1790278984,0.000002105,2135.27,2099,2099,0,4.18,145532.82,145532.82,0,0,5,2,4921,7185,4921,7185,,1.34,-95.69,-95.69,0,0,0,1,,1790288460,0,0,3,2,2530,3066,2530,3066,100.0
1790288434,GycDqcYhjbRHjexjwFdcsLupoW8rQ7smBXwnagzqpump,SPOON,9dkc8CG4bvyGcdjk4A1aA6cXPtXyd5yksxT5azk7YWJf,pumpfun,1790278671,0.00004830,,48303.07,48303.07,0,0,9993.23,9993.23,0,0,0,0,7,0,7,0,,,1369,1369,0,0,0,1,,1790288460,0,0,0,0,7,0,7,0,
1790288432,ACvqgrkji3xvr4wVjbjxup7XJRPdDWZQGS5aapEQpump,HOOD,Fo86Ex9aoJgrsovfAD5RiWB4L6H2u5e1a1TDJ6jXtAbM,pumpswap,1790278241,0.000002077,2105.14,2068,2068,0,0,320510.48,320510.48,0,0,0,0,27440,27002,27440,27002,,,-95.75,-95.75,0,0,0,1,,1790288460,0,0,0,0,2491,2474,2491,2474,100.0
1790288430,4Cf16dgFaaMtYAdjLq5HvaH4RLHtAyFj6ZVSNuwyi35K,MONKEY,5ZqhifSFJj1rMsUHqdbbmDP3iGu6mbQSUP1xg1GkBwLf,pumpswap,1790278843,0.000003187,3071.69,2984,2984,0.02,156.33,126300.55,126300.55,0,1,0,15,2259,2043,2259,2043,-0.2,-11.56,-93.42,-93.42,0,0,0,1,,1790288473,0,1,0,15,1088,1301,1088,1301,100.0
1790288435,P2vweuTnvaUeSngxW81Yzm8F4SxFM7uqn8TwemD7cPk,NPC,57AdCcraMwxW2F9jLv9T31C2LhG7uzmTZstddeWNMspS,pumpswap,1790278287,0.000001673,266091.5,167375,167375,453629.58,7568868.15,26553619.62,26553619.62,346,321,4852,4625,21454,15907,21454,15907,-2.57,-2.99,173,173,0,0,0,1,,1790288473,49,49,51,53,5006,56,5006,56,0.0000000000451956987048292
1790288435,PSuzunVYyFGEF8Q91KoRi2snQfBL3ShUVVXh7xqHA2y,FOOMS,4cWUcMMuAwya3nRQ1aF1fL7ekTMs1Z5NvUenfJT5BiTC,pumpswap,1790278134,0.000001845,294703.73,184510,184510,15790.12,5971378.77,25060790.19,25060790.19,90,68,4023,3776,20835,15289,20835,15289,2.05,-0.18,148,148,0,0,0,1,,1790288473,49,48,51,50,4959,61,4959,61,0.0000000000409182630015459
1790288430,35BjbAG9aHbESgrPMF2VUTgUEopLrwuddGC6hQG7pump,Google,HLHky6gfAgt4YLdWAu4M2ApUiXhiJZJYCGRLSNeXny1G,pumpswap,1790278348,0.000002153,2174.66,2142,2142,0,0,221123.25,221123.25,0,0,0,0,12548,14068,12548,14068,,,-95.59,-95.59,0,0,0,1,,1790288473,0,0,0,0,457,2361,457,2361,100.0
1790288431,8LHgAXXPbMVqd3wmAQbTu4NxuRRe3qowgUSLiKmFpump,dap,AatUCcoFPRovvTrSLUzN8yfjuvnQHfVoThKQiyfsHvEr,pumpswap,1790280704,0.00006894,23866.25,67453,67453,2753.92,90500.14,1640423.1,1640423.1,61,22,1138,874,14302,12839,14302,12839,-3.62,-6.96,42.5,42.5,30,2,1,1,,1790288460,43,38,624,560,4939,4204,4939,4204,100.0
1790288431,74QqbxgSWRTM6TvxpggsosuEwN21tmjZRSegyfFANAf9,AI,8iXGs3rSqshaWD9iCZEXu5XLvD5CUhuu7DSA7kd3Cg92,pumpswap,1790279430,0.0001214,33072.06,118894,118894,3400.78,106977.15,1061486.78,1061486.78,40,18,784,574,9062,6580,9062,6580,-5.88,14.77,135,135,0,0,1,1,,1790288460,,,,,,,,,100.0
1790288431,9DfJAWccJy9W39uwqubRJfBs8odgGgphxwkucvcTpump,$ATTN,7KochGrANK7TPtA9dAbYGoC2XHLUKRDFTHJtvhjTFYRi,pumpswap,1790280099,0.000002575,2716.59,2486,2486,0,0,517207.36,517207.36,0,0,0,0,5897,2679,5897,2679,,,-94.65,-94.65,0,0,1,1,,1790288460,0,0,0,0,1084,1089,1084,1089,100.0
1790288429,2Ngvnnkwrwq5u4RYV5WYKJ2wiQoEkKaVCc4LuuhYSTNK,STONKBLEND,CKEsUxqASEAEMwJE2Yn9SV5HPyFgcQhPcM5bF5vaJPP7,raydium,1790278499,0.0005865,75722.68,586581,586581,50310.29,649489.82,2943938.93,2943938.93,214,241,3696,2992,15651,13185,15651,13185,-1.71,-18.97,1098,1098,0,1,1,1,CPMM,1790288460,137,152,1469,1358,4771,3772,4771,3772,99.9999999998667
1790288430,36sXP4TobquwgkfNDNa4r5gDxoLZdJmy3cJNUgUXpump,MOREKNOW,Hsk4fwYcysYo88ATo6Us1g18W9iL5ZjaVxVmD9x1SrZr,pumpfun,1790279108,0.00004823,,48237.33,48237.33,0,0,9979.62,9979.62,0,0,0,0,6,0,6,0,,,1360,1360,50,1,1,1,,1790288460,0,0,0,0,6,0,6,0,
1790288432,CQ3ErtPd6JsH2xjxbzAAXNCUc7yW5UUvkX3c8pGLpump,BBC,2R93EAvLGRdhdKwfSRMfkhiSRVGSfUy2ZkpkT88VT5xp,pumpswap,1790280682,0.000002108,2130.22,2109,2109,0,0,134947.24,134947.24,0,0,0,0,8815,10675,8815,10675,,,-95.67,-95.67,0,0,0,1,,1790288460,0,0,0,0,445,2347,445,2347,100.0
1790288433,D4NvkcZ7U8TSkMnGGfgB24Dv2J6ZQX48ki3odCjQpump,Pumpies,3tbsUxhToRF8E3C7wUN7aVbQDRV6nQcwK2KmW2K7iCTC,pumpswap,1790282682,0.00001495,9531.79,14605,14605,4976.52,127346.85,686793.72,686793.72,70,62,1898,1469,8826,6933,8826,6933,-48.78,-87.59,-69.03,-69.03,0,1,1,1,,1790288448,52,50,784,855,3076,2828,3076,2828,
1790288430,4TkGMGg69mQZUstapM1r7Cbs476xX5gmQPiysaS8JnDg,Hackinu,2tetmsqmZsjYFNhBdL7rGuvKoJbMuEw2MaU5Gu4mbYp8,raydium,1790281988,0.00003664,18126.17,36649,36649,6024.3,132969.23,388647.5,388647.5,44,18,975,700,3180,2933,3180,2933,13.63,-59.57,-25.42,-25.42,0,1,1,1,CPMM,1790288460,19,32,357,377,1271,1304,1271,1304,99.9999999998336
1790288430,64xwhN5Rshirb1rB6KAC5Qw26zhYhPEXGPxLkpNmpump,ASSCAT,ChXGE62na8CodVVSr8GUGMD4GtLWedpUc5RL169fHQ42,pumpswap,1790281284,0.000002366,2582.97,2316,2316,0,134252.7,930770.88,930770.88,0,0,3260,7019,14969,9290,14969,9290,,-98.57,-97.11,-97.11,30,1,1,1,,1790288460,0,0,1472,6726,7571,7545,7571,7545,100.0
1790288431,7GgaxTAWUnirNZLMCAPkN2W67wzTa86VA3FLyULUpump,CMC,5bygWtGSL5fvvat3pPTVdwMyT5VLBvhoHqifVmyfhRbs,pumpswap,1790281292,0.000002276,2410.02,2247,2247,0,0,596808.36,596808.36,0,0,0,0,7763,5609,7763,5609,,,-97.31,-97.31,30,1,2,1,,1790288460,0,0,0,0,4366,4333,4366,4333,100.0
1790288434,G4yf5QXFEmCEuJGc69Gvwru8JoNtovw6jMptQMEvpump,Holdmas,9eo4b3j4sE3uM99pnaXUpd9n5UEc3wUUkm1sEsACrFoa,pumpswap,1790283090,0.000003637,3419.63,3431,3431,2.52,571.92,33426.84,33426.84,0,1,9,23,636,691,636,691,-1.39,-24.85,-92.44,-92.44,10,0,2,1,,1790288460,0,1,7,21,355,398,355,398,100.0
1790288432,9mBGBuU7r3jfAVAMYX6WCPC8hEgcLEC3tXyjVzMMesGL,PETE,4iWYMgeBt8gCVnwTvmX2Jrc3rQ6GjPemmqrBLqScN39B,raydium,1790195858,0.00005361,27885.3,53618,53618,20.89,184.29,4107.26,27692.3,1,0,3,1,23,34,262,190,-3.89,-1.3,-24.49,-18.93,0,1,1,1,CPMM,1790288460,1,0,3,1,20,26,135,113,
1790288433,EggoDzd6dwcPoTeKB17Tk4dQKSkrCrBPBn8Rj2hGpump,SKUFMUSK,FVecSSdTJcCPsSnwPJtkosZKBsbgEtduuNedo5QK6Si3,pumpfun,1790281576,0.00004800,,48003.13,48003.13,0,0,9931.17,9931.17,0,0,0,0,6,0,6,0,,,1360,1360,0,1,1,1,,1790288460,0,0,0,0,6,0,6,0,
1790288431,7Kojo2kSr5zAY8cKdV6dAsxxeckCkLy7D5FGPvt86veA,Claude,5Fb8iAbBL5aBtUqqc1G1ZnoihPvHDxNHiDu1ifbNk5Wb,raydium,1790275993,0.00001849,12582.37,18494,18494,174.73,3833.62,267244.96,267244.96,0,6,33,54,2972,2760,2972,2760,-5.42,-31.34,-60.04,-60.04,0,0,1,1,CPMM,1790288460,0,4,28,46,1518,1464,1518,1464,99.9999999927898
1790288433,E5J8mxEGe8Xt15bo8giZ1uQVabf9sD79V1Wnajfperp,perppad,FScdp238DJDS2YjgW5iDqCNmZPpgcu1FDLwLY9pDmEFr,pumpfun,1790280742,0.00002349,,23492.92,23492.92,1360.84,12177.78,118303.96,118303.96,18,13,175,133,1345,1042,1345,1042,23.83,-1.21,572,572,0,1,1,1,,1790288460,15,10,119,103,817,686,817,686,100.0
1790288432,ANGDgBZcPQaVRGNaanf3ohbJhFikQwHKz31wDfSbvJ5M,PICKZ,Di2UWveBEkWv7yWY2SHaKrafXBRbqy3VhQ3gAPFMPxbi,raydium,1790280224,0.00004468,19624.83,44685,44685,0,5505.99,136066.88,136066.88,0,0,40,37,738,654,738,654,,-1.45,-5.09,-5.09,0,1,1,1,CPMM,1790288460,2,0,33,33,460,372,460,372,99.9999999678653
1790288432,9r2zk7q13e1T1i33umChabNpA6eu7UFkMBQsmepHZeS6,Pumpies,7GCtaLQFyYaumQtLXw7aazyFQu9gJ8TUWj6QxrYPakDV,meteoradbc,1790282773,0.00005717,,57176.96,57176.96,0,0,18412.75,18412.75,0,0,0,0,706,822,706,822,,,200,200,0,0,0,1,,1790288460,0,0,0,0,191,182,191,182,
1790288434,HarzCK1AZUgDeTPANthgYpwAbowStw3DRU4SnESRLjXS,dap,HtypNVFGLqBvDmFKwEZDaPzVbaHQyFjhe9RN8ojBWmB9,meteoradbc,1790282717,0.00005635,,56358.39,56358.39,0,0,9562.07,9562.07,0,0,0,0,270,301,270,301,,,28.69,28.69,0,0,0,1,,1790288460,0,0,0,0,177,185,177,185,
1790288430,5nc9aPDmQnnf9k9A5vaQoRxgQP9cLZtirRGko6jqRS21,STONKBLEND,6WMFSLTQrEPwhFrNWfBrVtdZo5wxFnu4tNFASNttjpDo,meteoradbc,1790282584,0.00005828,,58286.36,58286.36,0,0,16789.84,16789.84,0,0,0,0,628,799,628,799,,,32.76,32.76,0,0,0,1,,1790288460,0,0,0,0,148,132,148,132,
1790288430,4aKhEJ3wgopANzePPPbo6xmmiXZ1MjzoYACTwLZQnin9,retire,CMXzLwaeopudcnBqc1PpHXyGJSz7VnRn2EoLtd36B7ue,meteoradbc,1790282759,0.00004153,,41531.78,41531.78,0,0,8433.14,8433.14,0,0,0,0,346,374,346,374,,,172,172,0,0,0,1,,1790288460,0,0,0,0,170,160,170,160,
1790288432,CUGoTCgdeCV2bgq3GQNvAwMsPzBi8LUsdUdN9L7Ppump,adidas,DCFwtrH9LKitNWadziJ68s665D5J6rmdwiAuRR89cZ7b,pumpswap,1790282536,0.000002089,2120.82,2080,2080,0,156361.8,338818.18,338818.18,0,0,5831,7699,25805,25682,25805,25682,,-99.9,-95.7,-95.7,0,0,0,1,,1790288460,0,0,420,2419,2490,2472,2490,2472,100.0
1790288433,ErYpzXrXRSpJqUEjUsCm71fJoeZ4q13BwZpXU2zy1jte,AquOS,AcTTNLmYeXtEcKbSastxAJ44BfP5cnHz92SRn2UPJGUK,pumpswap,1790287051,0.00003768,17010.28,37632,37632,2239.27,24031.66,24031.66,24031.66,20,19,186,160,186,160,186,160,-15.06,-31.98,-31.98,-31.98,0,1,1,1,,1790288448,,,,,,,,,
1790288429,2sztT8K9Xu3cfp6WTEEB44Hdibmj3Pv6G2pWGM1vqzXP,ELONCOIN,5RJ8YZvQsFETZgaj4HBpoDeWzFyx4ccJ44iFoswc5VBN,raydium,1790282348,0.00005412,21800.91,54121,54121,12037,209276.04,984396.98,984396.98,109,78,1524,1047,6091,4879,6091,4879,-15.54,-68.74,6.38,6.38,0,1,0,1,CPMM,1790288448,78,70,627,640,2489,1994,2489,1994,99.9999999998658
1790288432,9uX2e2kY83GhA1kCZPbns6gD6d4NMk7uEGkNESmTP6NE,KEK,HJMin3hvXWdZ8wm3iYi3Xi75nLRH5CMNEunx9wvvBHiF,raydium,1790219184,0.0001644,31425.59,164404,164404,762.93,7848.64,75208.06,287310.93,1,0,49,52,488,337,2011,1607,20.93,-2.23,32.46,741,0,0,1,1,CPMM,1790288448,0,2,48,39,219,244,740,885,
1790288431,8QHk5rbo74uiGxu3qmS5jMtRD3QB4vzyhQJNPssvrb1h,STONKED,GXwKBixHSL9sD79TFSmssB1r4o9yaDpgNYkUQMyhaRze,raydium,1790284480,0.00007580,26535.53,75805,75805,5648.11,623674.29,782062.74,782062.74,80,44,5128,4041,7112,5144,7112,5144,-11.41,-17.88,60.11,60.11,0,1,1,1,CPMM,1790288448,74,49,1943,1779,2747,2099,2747,2099,
1790288431,6fneccwE8BUTQTYfiaXn2hH4S6tgY1iH4PpDFK1RrfNG,STONKBLEND,D5AS61efDQxbhdynC2HDGoyEEhgpdc1SqyRU27d1DrYt,meteoradbc,1790284640,0.00005809,,58098.02,58098.02,0,0,11671.82,11671.82,0,0,0,0,330,407,330,407,,,32.75,32.75,0,0,0,1,,1790288448,0,0,0,0,186,188,186,188,
1790288434,HMEXRTbiRDzUPMVYBqoXETri5GBB9zCV1zqMrgCeFzK6,INJOH,Hf6cK6B3GxG2eXrBKPUiQDNMhNWeKU5EYgQyYVorCCUK,meteoradbc,1790284651,0.00005795,,57958.27,57958.27,0,0,4642.91,4642.91,0,0,0,0,184,185,184,185,,,34.48,34.48,0,0,0,1,,1790288448,0,0,0,0,126,130,126,130,
1790288435,J7FEZXqnzY5AnazP3ueBuWSB22WdHsVrj4KQmYDFpump,Quotes,3wsGvZ6TBBEGDLwZZCYhrRzczJCTZXGL4tFERFzUJkgt,pumpfun,1790284661,0.00004798,,47986.69,47986.69,0,0,50637.41,50637.41,0,0,0,0,323,120,323,120,,,1331,1331,0,1,1,1,,1790288448,0,0,0,0,264,79,264,79,100.0
1790288430,45yst1n8GmwG2p739xxjZcNx3KLvYs2c3hCpgpprpump,MUGSHOT,5Hv6xkFYa2MG1isptVdSUjZUJvjikBKsktjsyPsWDWNG,pumpswap,1790284498,0.000002355,2487.92,2324,2324,0,156308.49,609781.43,609781.43,0,0,455,630,1960,2025,1960,2025,,-98.06,-95.09,-95.09,0,0,0,1,,1790288448,0,0,389,614,885,750,885,750,100.0
1790288433,EyWrMXBb5DXppWs5uNa6repSEDoDSachbjeixU9KREVS,REVS,3ioDsTFU18uxoGgMMjud6TztkVw72uQapDdBJES42PPK,meteora,1790285629,0.001668,150655.48,937979,937979,3368.31,113946.91,113946.91,113946.91,10,31,498,248,498,248,498,248,8.44,69.5,69.5,69.5,100,1,1,1,DYN2,1790288448,9,18,228,161,228,161,228,161,7.23776978333495
1790288435,uR3tW5csJp8vG644iVeNwf1L7k22oBNSSkyV7PFLevo,EVPC,Au8bFkNLioWvvG7qHwsvSeFMBqyyj7yZTdk3WKbYnw7V,meteoradbc,1790285700,0.00003446,,34465.82,34465.82,0,9900,9900,9900,0,0,5,0,5,0,5,0,,909,909,909,0,1,1,1,,1790288448,0,0,3,0,3,0,3,0,
1790288432,9oTrcAv35BhhcVLU2ZfXaWWBKH6hKmXS2owLCq2B24W8,ELONCOIN,FN8LCoMYxNzeqceuXNbCwYEtWPKpohk729Hq3n5PVs1M,meteoradbc,1790286100,0.00005686,,56865.59,56865.59,0,6484.84,6484.84,6484.84,0,0,163,186,163,186,163,186,,29.68,29.68,29.68,0,0,0,1,,1790288448,0,0,144,124,144,124,144,124,
1790288430,3KPRzmeJuHwpxujhCWTG39ApXCUJTaTVXL2vczQhw1oJ,HEDGE,CeWKVKuDaGz6DyBDT7yUNaw6RT2JsR5yn56GPkqQDdxv,meteoradbc,1790286169,0.00005828,,58288.43,58288.43,0,2757.74,2757.74,2757.74,0,0,85,93,85,93,85,93,,34.88,34.88,34.88,0,0,0,1,,1790288448,0,0,76,72,76,72,76,72,
1790288431,8AK9hV4NF2omQojZsV7Pry4iCFWmQarp2iR8NyUTpump,TRTF,7JQ7TQwZU6TZsmeKzgRAhsTkcdiTiCz4ni1LE1AN2qz2,pumpswap,1790285487,0.000002812,3065.99,2743,2743,0.2,1223191.07,1223191.07,1223191.07,0,1,4925,4453,4925,4453,4925,4453,-1.28,-94.21,-94.21,-94.21,0,0,0,1,,1790288448,1,2,1772,1479,1772,1479,1772,1479,100.0
1790288431,8LfHnLzJQ1iaF2D328N6tqcp8tyeKAomXJqfH8onpump,STONKBLEND,2H3hsUPUXY4MMqkW3KeWGGsZUQoBLAv3So8gEkWxq4bH,pumpswap,1790285572,0.000002096,2124.2,2097,2097,0,139743.14,139743.14,139743.14,0,0,9042,11061,9042,11061,9042,11061,,-95.68,-95.68,-95.68,0,0,0,1,,1790288448,0,0,2225,2438,2225,2438,2225,2438,100.0
1790288433,E88DzPTDwzq5gRsa67WuoLcaY6JcZV9s9tZH1vMYpf8,STONKBLEND,Ge5GmJsP38UUqmAQL3JzSQjX7LDgRpYtYhPTAoeUi7ai,pumpswap,1790283889,0.5855,0,585542145,585542145,0,8603317.64,9604651.22,9604651.22,0,0,7457,5199,9083,5968,9083,5968,,482588,692900,692900,0,0,0,1,,1790288448,0,0,2241,51,2952,57,2952,57,0.000000000381973370558139
1790288430,3zwCxnv8Bj3mf2APW6rbiXE1zmiz7ee9d3yF6GfDpump,MrBeast,HUjU6NxdHKQD42p34T8yRWPFxLF6ACKAWoiRQR9oEjYp,pumpswap,1790285758,0.000002064,2077.22,2065,2065,3.4,84900.83,84900.83,84900.83,0,1,2645,5694,2645,5694,2645,5694,-0.21,-95.75,-95.75,-95.75,0,0,0,1,,1790288448,0,1,462,2422,462,2422,462,2422,100.0
1790288431,8KEy1xdct3cGNphEZcZJTkQ2iFy7cS2RYy18roypump,Coalinu,7y9c2aGKeeXrULNyoeevcwEMU8unXgduhjQupHwBptyR,pumpswap,1790285475,0.000002093,2109.49,2094,2094,0,91523.94,91523.94,91523.94,0,0,4282,6174,4282,6174,4282,6174,,-95.69,-95.69,-95.69,0,0,0,1,,1790288448,0,0,2010,2645,2010,2645,2010,2645,
1790288435,yqemv42D7qX1fPZ9hf2WUA8UT2V7SjyeLVrKhsXpump,HERMES,Acz2VaZHG7xb6TsS4g4ZAnK2V4o54uPDujM8PTqakfVJ,pumpswap,1790286009,0.000002176,2189.22,2177,2177,0,63683.39,63683.39,63683.39,0,0,2940,2632,2940,2632,2940,2632,,-95.53,-95.53,-95.53,0,0,0,1,,1790288448,0,0,353,1538,353,1538,353,1538,100.0
1790288435,sEkzZ2YRgG1FDQRKjP7uoUZmq1BCDSMJttRqyu4teNC,GR,5qN6svpqdtnhWHyyKeqp9F4oC2PwnypqMyWhRaFC6XjS,raydium,1790217033,0.00003668,16470.5,36687,36687,349.89,860.73,8776.15,39820.15,12,0,24,5,87,68,440,359,15.38,30.2,-8.58,-36.28,0,1,2,1,CPMM,1790288448,12,0,20,5,65,58,290,272,
1790288432,AotNyzGfP8wRy9mvi3JggMii2deNFaCvAT5qULojWF3t,SCYTHE,933F3FgQMcGu7ewFrsjC9UYHojjrqkVbC2Gr2e63QDfk,raydium,1790285251,0.00003056,14641.33,30568,30568,200.76,19736.47,19736.47,19736.47,4,1,125,120,125,120,125,120,1.1,-26.84,-26.84,-26.84,0,0,1,1,CPMM,1790288448,4,1,67,60,67,60,67,60,
1790288434,HiiRvVQmdETji3hRJArjJr6QxLKryYHKkREXrDEwNa4E,LIQUINU,4urS7v33AaAcxWJuc5JcPkkc1NzHPg9FDQxEmZvDrgTe,raydium,1790271305,0.0001270,31728.61,127079,127079,72.32,15225.13,118363.24,118363.24,2,3,59,39,487,368,487,368,-0.54,-34.1,142,142,0,1,1,1,CPMM,1790288448,3,2,30,40,168,230,168,230,99.9999999883189
1790288435,hGq6x3FwjMcNYX9WitsSRph2nnaoA6KuN7HPk9FMpad,fomo,DtSdE6Ms6VTcKjUcNHGndESumfCrDMdRWsddZZCX1NB6,meteoradbc,1790286719,0.00003480,,34806.47,34806.47,1891.44,10570.49,10570.49,10570.49,28,0,86,1,86,1,86,1,37.16,748,748,748,0,1,1,1,,1790288448,8,0,35,1,35,1,35,1,
1790288430,4dtNo5GHzbQTU39fykpy55NuLaWyVSpB3HQ8UdUbCwxn,UI,F6DMJtuSqWP6nx8NA4Xat8obzPTFFYyBwuE6CF4PFZLA,raydium,1790286040,0.0002236,49728.9,223682,223682,94.23,105235.09,105235.09,105235.09,8,5,485,306,485,306,485,306,1.57,258,258,258,0,1,1,1,CPMM,1790288448,10,5,265,171,265,171,265,171,99.9999999997577
1790288432,B2JBQ98ZARAABHvDmhjrkviz1XzoQrXr75G7RTFQpump,LASTDITCH,CagyRzTfkTkZ2VQ6fNqKdbWqk5Cj6fEfpSgraKNf8ayT,pumpswap,1790288303,0.00003511,14910.14,35112,35112,5728.86,5728.86,5728.86,5728.86,66,39,66,39,66,39,66,39,-26.84,-26.84,-26.84,-26.84,0,0,2,1,,1790288448,53,33,53,33,53,33,53,33,
1790288434,HyhYW8wCTkx3x16EVk1tyJuwjpvbt4WhEbHHXKdLA4sE,MESO,s7S3QCDrvRTC6YYrz9WhUjsHWirg3eCiSwUUPeHkSMM,raydium,1790283957,0.0001736,34280.64,173638,173638,261.65,13380.96,60911.33,60911.33,1,3,72,102,358,283,358,283,-2.25,0.85,303,303,0,0,1,1,CPMM,1790288448,4,2,77,53,162,203,162,203,
1790288433,F8AtZc1xoCQsmjfZr9KeKM8NFJ5SAGkCQ7qUuhyCdLjC,LABRAT,GCQqrqzj5BCREYm6AgUrvUcy1ymT5Thj8vzFczqyw863,meteoradbc,1790288173,0.00005812,,58121.39,58121.39,14258.77,14258.77,14258.77,14258.77,567,725,567,725,567,725,567,725,32.81,32.81,32.81,32.81,0,0,0,1,,1790288448,162,139,162,139,162,139,162,139,
1790288431,7xgHHNdgyLoLbXgykRFXa9D598d3ifVXVJfDuQ4vpump,BLOOM,B9ZYgPaQzoJJniREeJkbZWfzk3Hj34ZpZP8JpGysJrzA,pumpfun,1790287877,0.00004792,,47925.06,47925.06,0,9915.02,9915.02,9915.02,0,0,6,0,6,0,6,0,,1360,1360,1360,0,0,0,1,,1790288448,0,0,6,0,6,0,6,0,
1790288431,7c67PJmH6xVEQtnPRBhD4qVkzdKqn6j1xPfgokchjpo7,Xi,5cUdDWFPB2xLQg4nbW2sZsvJ4VBujeeuMPRsBQbVh6oR,pumpswap,1790287611,0.00008550,25230.39,85323,85323,113147.59,448287.55,448287.55,448287.55,1281,1321,4934,4088,4934,4088,4934,4088,-26.87,77.48,77.48,77.48,0,0,0,1,,1790288448,829,709,1887,1364,1887,1364,1887,1364,100.0
1790288432,CDqiNCtXhw2M84KyAKqg3WThXrsGjZe44PP6Zcmnpump,NBA,E3fgJTWczNC8mBQiqHT1iU8CQn6MC569kwtVwsuEBv9u,pumpswap,1790287394,0.001470,107878.8,1470334,1470334,14772.82,65228.11,65228.11,65228.11,2485,2275,8430,6346,8430,6346,8430,6346,70.15,2929,2929,2929,0,0,0,1,,1790288448,398,278,2492,732,2492,732,2492,732,100.0
