ts,token,sembol,pair,dex,pair_olusma,fiyat,liq,fdv,mcap,vol_m5,vol_h1,vol_h6,vol_h24,al_m5,sat_m5,al_h1,sat_h1,al_h6,sat_h6,al_h24,sat_h24,deg_m5,deg_h1,deg_h6,deg_h24,boost,n_web,n_sosyal,n_pair,etiket,gt_ts,alici_m5,satici_m5,alici_h1,satici_h1,alici_h6,satici_h6,alici_h24,satici_h24,kilitli_liq
1790968934,5rFuCavg36FRLjvE4yzSrf36ArDjQELaqVWsrny61SaC,SEC,HPZiB2pr9wppQuaSu3ZSLAemwteVPrRZNwSFX7Dsf5LY,raydium,1789059197,0.000006347,8738.8,6348,6348,0,0,0,5.54,0,0,0,0,0,0,0,1,,,,,0,1,1,1,CPMM,,,,,,,,,,
1790968938,G2KDX81e31T6pZbkrJLPKAXqKcd8VoE3UEp83rRtpump,HYPED,2AFmeNoK5zrwnUWFstzg2YyvARD6nddYDe6stZDGfZYn,pumpswap,1789586561,0.000005102,5988.04,5009,5009,0,0,2.9,9.15,0,0,0,0,0,1,1,4,,,-1.64,0.14,0,0,0,1,,,,,,,,,,,
1790968934,34u7fWVYYh2HFFcPQpu9Zk7NYYfbahrUNEMwNZuJTCaY,ADOG,DqPjpTHe7bWyCYmTzmUCZviUsi5sxSPb1FwfL6mJXX6T,raydium,1789670554,0.000006888,7823.59,6888,6888,0,195.75,232.83,265.06,0,0,1,2,1,4,5,4,,7.53,3.88,5.93,0,1,1,1,CPMM,,,,,,,,,,
1790968934,5bCrnEgVDx4DRjdpgBY5eLFdiS72FpjVmGhSxBDhpump,XCHAN,2wvQRSdrYDcWBhTHHncG7rxLVUraQKZZ4tn9mjTBQ9vf,pumpswap,1789671308,0.000003653,4082.11,3607,3607,0.63,14.64,32.52,130.05,0,1,11,5,26,19,67,61,-1.66,-0.95,-3.95,-5.01,0,1,1,1,,,,,,,,,,,
1790968938,DwgyLHfRbNr1zh4c5o4ER7dG5KVPYJ7HCtQPp5swpump,Nap,8X8vMTWRm5bFYRNy7q2ZrPoRHA27AmurmzGBKudJkZib,pumpswap,1789569783,0.000003999,3884.2,3837,3837,0,0,315.29,957.12,0,0,0,0,0,3,4,8,,,-17.13,-9.27,0,0,2,1,,,,,,,,,,,
1790968939,VSoFhXns5HYy97KcZH99stUGD6B5UT9QJvAHKd3Xvr4,VSOF,AbMtEzkd8WSZRRT3TaEBi92x64JKKaKTtQaeuN6hyF3N,meteora,1789664028,0.0001626,16646.17,162689,162689,0,54.51,896.07,2799.66,0,0,0,4,12,8,45,19,,-0.53,26.14,102,0,1,1,1,DYN2,,,,,,,,,,
1790968935,7gnye7MymAa2iN8iZsZvH6ybjxeUiaxSoavxgeqG8kkh,microsoft,FVhapwDcMEPmZQV5mC9vC1QLHqMCWj5VVSoPHnUfZSwB,raydium,1789760235,0.000004721,7076.98,4721,4721,0,0,0,1028,0,0,0,0,0,0,8,12,,,,-3.36,0,1,1,1,CPMM,,,,,,,,,,
1790968934,5j7SzcK7419k7jsqE8VN1bjxpeRm7iXWW4umBraeXzoM,PIKAMOON,CcuakjguSG1qTTzDwBnFDkcbgqr7ssEYVCZSxKx2EF7z,raydium,1789845499,0.00001213,13163.35,12132,12132,0,26.31,10600.79,29027.54,0,0,2,3,68,75,247,223,,-8.7,-21.29,21.25,0,1,2,1,CPMM,,,,,,,,,,
1790968939,H1MWu5RjbFVXiFNcAjFMufcwxzhaKXfVdvGVB9oZLnbA,EMERALD,CZntxmXr2G8jBJr9tuTRLwuvjWrLDjuQkEBGTJmmPdPn,raydium,1789844336,0.000002897,4791.01,2897,2897,0,0,0,8.77,0,0,0,0,0,0,0,3,,,,3.04,0,0,1,1,CPMM,,,,,,,,,,
1790968938,GEnkAoR4BNaP3br8rf8eo5mj7jMm5c5VpUuttwASpump,Rick,8TUVfVbmjgm4nCie5J96JPSxx3wkoEzVsm5ZT9pgYnx4,pumpswap,1789843129,0.00001195,8828.71,11409,11409,0,0,0,43.76,0,0,0,0,0,0,3,3,,,,0.46,0,1,1,1,,,,,,,,,,,
1790968938,DVska6Y1PohdNJD2Gt6DwQD1EypfEvcmrFfdttCiRkbf,ZENO,4fjgm81y2aTkHs5ZbwwUKzGehcPGH4Xbw6g7GsMNe6qe,meteora,1789930826,0.0001205,33229.84,117529,117529,0,261.22,5070.8,33965.38,0,0,8,1,48,61,279,251,,2.06,-8.39,12.74,0,1,2,1,DYN2,,,,,,,,,,
1790968934,5cfpcH6HQyHwqwB1oax4aQg17y3wKZyCuQ4UBsuJpump,FOMONKEY,33DuRy3z52jcWs2rV7opeEhQ4NLsjkLUEUixwVHbBp86,pumpswap,1789932763,0.000002982,3562.69,2948,2948,0,0,0,0,0,0,0,0,0,2,0,2,,,-0.33,-0.33,0,1,2,1,,,,,,,,,,,
1790968934,6EcQtGwWrecB5CexGgo9EtmrosFx6tRF1YgFy7ECinsc,anon,BCKLuNwLHWkkVcEBPH1iF1ZWqG8dyDbTLfUNNnMvqAEz,pumpswap,1789932053,0.000005703,5465.9,5474,5474,0,0,238.99,238.99,0,0,0,0,1,2,1,2,,,2.41,2.41,0,1,0,1,,,,,,,,,,,
1790968938,FQVeKbsDekWZZCadPsoySud4dDeFsyt9fXKMXrbyvdDD,GO,6vNQyAEoT1aK6j9Tzr3HBPLj7vTyLyLwRcfHgvxXim61,raydium,1790019163,0.000008591,12201.17,8592,8592,0,3.35,64.01,323.42,0,0,1,0,3,2,9,15,,-3.31,5.13,40.1,0,1,1,1,CPMM,,,,,,,,,,
1790968938,ELtpMQefAHa2FZdsJuyigswhhqL5YKSHKsYHiFBXQKeS,GIGACAT,4u2bf1tYh6sx7jUAD1UN5MNJKbKHWT4xpwU3UXVMw1d9,raydium,1790153626,0.000003541,5449.73,3542,3542,0,0,0,73.59,0,0,0,0,0,0,2,3,,,,5.62,0,0,1,1,CPMM,,,,,,,,,,
1790968937,D7w8owCGnhpUohkaRnq76rnC4RDE9QuVsGVXx5papump,KEN,Fq8YixARrxdSwrjawEnrM2YB8YZ4TSP2JQoozoV1qmzt,pumpswap,1790176521,0.000004223,4139.48,4144,4144,0,1.3,27.96,282.13,0,0,3,3,13,13,25,26,,-1.87,-4.31,-0.44,0,1,1,1,,,,,,,,,,,
1790968939,HuAXPyDWDaMYFKuwQHpqL1oPnj93zdzWmtvFGzCeCUa7,MASK,4GWh5saKgzoukhhj4Rh3p5FmPU6yPuAexV6FaH5JQYfm,raydium,1790161463,0.05038,778211.06,50382883,50382883,30131.45,184019.83,1551025.82,3321058.23,21,32,213,247,3093,2028,6751,4638,7.96,26.58,56.9,152,0,1,2,1,CPMM,,,,,,,,,,
1790968937,D1YZZg9dBZ7AbfknZVbaeVLto36eySwoFYEVhZrD4F4n,GO,CheJUxVQrmpeb4UFWHZ72afQPTKM7AEb8giyzNR7cPvH,raydium,1790171396,0.001266,111007.63,1252173,1252173,1052.59,20118.63,87433.85,298895.57,7,6,60,76,414,417,1632,1615,-3.93,1.64,-26.68,-34,0,1,1,1,CPMM,,,,,,,,,,
1790968933,2Ghxme9RXa2vatoRPGnQgNKCXNZy2N3X7PbH4kzxHYPE,LEVERHYPPO,5gG4AU6GJ2k82PMuM1Qbm44K1Qx6v3z8TxNZacTfh18q,raydium,1790184895,0.00001144,9379.37,11449,11449,0.01,95.71,3172.57,5893.5,0,1,2,7,13,35,42,80,,-7.38,-48.95,-41.85,0,1,1,1,CPMM,,,,,,,,,,
1790968940,qFmzvHwioh9VbdFLTbAV6LQeEPMZBXWjqCkeduHgrqb,STRAYS,Em12sQs9o84MRhRMwGYixLHpWYNNuDXUwXezSucMg4Fj,raydium,1790190130,0.000002233,4191.18,2233,2233,0,0,0,9.75,0,0,0,0,0,0,1,3,,,,-0.46,0,1,1,1,CPMM,,,,,,,,,,
1790968939,UpBBfyC75u3kxDGWmmmW2yauk9YY3CqZhdt1KUDkids,SHARTCOIN,82BHvVSeHgcGNtiH8fGTaYRsKbbjF53beAZp8LCATXsc,raydium,1790213669,0.0003024,248777.33,302498,302498,58.49,974.51,4305.64,43322.61,1,0,8,7,33,42,200,218,-0.58,-1.89,-6.17,-24.38,0,1,2,1,CPMM,,,,,,,,,,
1790968936,AgdKBzjAnJsKeXZir8XZgqcRDALRw7jyTCDLFypK7X1Y,SSM6900,9snXwjzutswVE1eEyFjadX9h7nzinZtef3WTZtb5Q4K5,raydium,1790213745,0.000001957,3437.53,1958,1958,0,0,0,9.4,0,0,0,0,0,0,0,3,,,,-1.93,0,0,1,1,CPMM,,,,,,,,,,
1790968934,3NuTHBjsuHRrphECkkCiyws7qT8hfVHd2BFdrMqYCMrp,CP,HHtHFMeUD4G8iuskypVWqpE87s8wr7hhD1hvuhG7Lfn9,raydium,1790050874,0.000006089,7106.59,6089,6089,0,27.69,52.94,512.17,0,0,0,1,0,4,2,24,,-1.57,-1.46,-9.72,0,0,1,1,CPMM,,,,,,,,,,
1790968939,GaJH2YnEL9Tez7WjWVus68yBm9pgibmaFB7jzp8FbFrU,MUSEINU,7jpH6Ljr1g5x3XUgvGYDZo4WnBg41riVwxNzyTAzcsjH,raydium,1790212713,0.000002560,4665.93,2561,2561,0,0,0,0.37,0,0,0,0,0,0,0,2,,,,,0,0,1,1,CPMM,,,,,,,,,,
1790968939,J8xTWu6rqCbxpnGjX6GuzSCJ1Su9hPxi5wiGisjtP22K,up,BE4FMb7bodXjbLUFjxDFwEdAPeLRD7411GUAqkRRrgwD,pumpswap,1790214056,0.000004215,4541.66,4131,4131,0,0,0,6.67,0,0,0,0,0,0,1,2,,,,0.27,0,1,0,1,,,,,,,,,,,
1790968934,3uJhcxrYEAzf7epifwYwaGDH32F27nzKyRH4kHixpump,DESKS,EtvhcPGLMndbFVPpx31hb8sPV2bG8AmVHwNwWjs339HR,pumpswap,1790235974,0.000002877,2976.05,2765,2765,0,2.29,2.29,2.29,0,0,0,1,0,1,0,1,,,,,0,1,1,1,,,,,,,,,,,
1790968937,B4pLeAps53ZmSJbCrRAaafxv4iRnDGNjQwZKLXYJX1zK,CUMINU,FFq2ccHvtYsCFwKKvGyuU653umGye6qxabw39LJxnpJ8,pumpswap,1790234630,0.000008906,7206.2,8671,8671,0,1.16,48.74,1949.91,0,0,1,0,3,4,13,23,,0.62,-3.35,-8,0,0,1,1,,,,,,,,,,,
1790968937,DAJBSmnopkFMQe4NDgwxPkZxu9z1Wf2GTU3GZS7kYPVE,PVE,8iyx1FSFESaqXYsgeEW13G3rn4RPdW3xnHge666coJwY,pumpswap,1790256056,0.000002464,2546.08,2395,2395,0,0,0,5.09,0,0,0,0,0,0,1,7,,,,3.47,0,1,1,1,,,,,,,,,,,
1790968937,CjuFLo6UcVko34FkwJNH1RAY9QP9yKWevzAoFkDrpump,PCAT,Gq9dsEegyCV4tLgUegjoptBUox65cBjBn7ZZhMfrpDsw,pumpswap,1790254508,0.000002988,3193.08,2878,2878,0.2,13.38,84,224.46,1,1,26,15,88,64,224,172,-0.01,-1.26,-3.79,-1.91,0,1,2,1,,,,,,,,,,,
1790968937,ByaJJyfRWLpRxv7Poop5NDMh1EakKDaWdfngwYB73PSJ,BINGO,FNVzMpSb6DieVzbg8MqDyM6SZ248qsR5GXCWhJcNYdn3,meteora,1790299989,0.000002946,4889.98,2855,2855,0,0,235.52,263.17,0,0,0,0,0,3,1,6,,,-17.92,-15.63,0,1,1,1,DYN2,,,,,,,,,,
1790968935,6WgVQG1yjXA7cjJQYt8VpJGX7aVjbyXz6Aaq1UPapump,RIP,HT6Lkwg7QVNLkq6WPt8gCa2nfYfu8AGAfe81wUAxeu1k,pumpswap,1790302929,0.000002655,2657.86,2554,2554,0,0,2.12,11.44,0,0,0,0,0,1,1,3,,,-2.06,-0.63,0,1,1,1,,,,,,,,,,,
1790968938,Fvto3QgSLbcWdq331BoR66RDkT7dZYgTS9JzbntMf7rD,OPENGAP,65m5eb4WW7w18HJQ9CbzHR1gqUMor8RrmH1dKP2S8wLn,pumpswap,1790338815,0.000009414,7133.03,9083,9083,0,11.49,1017.01,3499.35,0,0,0,1,8,9,43,51,,-2.71,16.94,-9.11,0,3,3,1,,,,,,,,,,,
1790968940,ubfPpHwsXUtxNnm1VoksjhPy9ZfdnX7WEWhPZpfu7NS,MLSSTR,4XFYzJJhFMAmmhRRh5kAKtoSuXio16p8UBNUCAinG1rT,pumpswap,1790342341,0.000007486,6221.87,7345,7345,0,0.46,4.08,205.66,0,0,1,0,6,1,8,8,,0.05,-2.19,-3.94,0,0,0,1,,,,,,,,,,,
1790968934,5vykgir6ikU8cP55aZfzdkKokSFCPBbJt4EYsDL9K3Fw,SCOUT,8XkaupksVZfxdkxMxA85zdRZady93CNRtx4dj47CJE3L,pumpswap,1790434263,0.000002665,2641.84,2466,2466,0,0,0,24.01,0,0,0,0,0,0,1,0,,,,,0,0,0,1,,,,,,,,,,,
1790968938,FmXj6NU98jz4pVmfGZyN9DaXWCvM7DqPoQpXbn8LxCs1,MAXWELL,6bEzgb8yFX515NE5FsnFU3RfQtyYtEEezAzbAosuTZ3u,pumpswap,1790454757,0.000002647,2617.86,2533,2533,0,4.04,13.85,26.84,0,0,1,1,2,2,3,4,,-1.38,-3.14,-0.96,0,0,2,1,,,,,,,,,,,
1790968938,DtdaEPfBRzqmsByGVAXVWNLEj48WWrj1fr4hGRJnAw8T,CHIKUN,E2tqKJtNMQK1begLYPVt2zZPKWYWaTwJfcr8HaJnr1Ao,raydium,1790359126,0.00001527,11383.55,15271,15271,0,1.93,78.84,1548.71,0,0,0,1,2,4,20,13,,-1.16,-2.39,14.25,0,1,2,1,CPMM,,,,,,,,,,
1790968938,Fh9wRZe64RfyriT9ooqhniV88dFFo4khwGFAqKmoXEDL,LESTER,8b6B4PZoLXTyp5jJBuXLHVsuvmrtrqF8Z8Cynii3ikdm,raydium,1790358973,0.00005335,21615.25,53356,53356,0,1461.73,10814.47,89867.39,0,0,1,5,44,39,346,316,,-20.27,-40.53,36.52,0,1,1,1,CPMM,,,,,,,,,,
1790968933,1i52VY1McWthhxXQeL37cCNUUgBZCic9NcagRKJeJgt,Cassie,CMpgadCnQaUiupjEYED4s7nWFYUkKpKsKF6ywPJcVnoJ,pumpswap,1790365263,0.000002722,2743.38,2610,2610,0,68.14,68.14,112.64,0,0,0,1,0,1,0,2,,-3.88,-3.88,-3.88,0,0,1,1,,,,,,,,,,,
1790968940,pwfAeX3kpWpkuumA6iodJxtVcGAen6BkRPToR2VqLp9,AMERICA,G8RsvZ14jPy64U599NRVhzKZA1tdKaGNqDuaLAko6zxe,pumpswap,1790362563,0.00003585,21093.88,35073,35073,52.56,385.38,5718.79,33642.76,2,1,4,9,78,120,369,372,1.94,-1.59,-20.39,-41.21,0,0,0,1,,,,,,,,,,,
1790968935,6aHoh5Q5Bw41DH8c5X3aYZufnGHoytUsFXiNChv8pump,P(DOOM),G5Qd4HB2Y793xakWTUwyFGfcoFvgNZaTVG9bjwAgYySC,pumpswap,1790413014,0.000002826,2945.95,2707,2707,0,0,0,4999.94,0,0,0,0,0,0,38,38,,,,6.14,0,1,1,1,,,,,,,,,,,
1790968936,ARPwPPWbaj3FYBf6k1Lt2jqRkv9JJUg3Hxav5aHKTEem,P(DOOM),AKKjxxmVZyrWGKrWyDL3HxVEMk6bp4LpfXWge4uoDob,pumpswap,1790412550,0.00001142,9618,11209,11209,0,0,839.05,7631.15,0,0,0,0,5,12,83,85,,,-19.7,-10.06,0,1,1,1,,,,,,,,,,,
1790968934,3WcZUVcto1FUE9Q14BxMU1Z5F3Kye6xrSeTFLbRGpump,QUACC,nrdaBDZ9jMW7BWYVbgh5bP7CJKmyLkshACKTpjFEG81,pumpswap,1790433380,0.000002668,2986.19,2641,2641,0,2.91,22.79,75.91,0,0,7,5,23,20,74,67,,-0.75,-2.16,-0.86,0,1,1,1,,,,,,,,,,,
1790968938,FfKYgnKnfPpshYsgZ14FHJr5cB3B2ys9tVvDkdNT7WYr,𝕏/ACC,AUZtEW2w9LhgzA4BdULjY2k6E5qTASwRyzZjrnBAQuVU,pumpswap,1790436366,0.000003971,3702.89,3764,3764,0,0,532.74,1557.03,0,0,0,0,4,7,17,21,,,-8.07,-20.91,0,1,1,1,,,,,,,,,,,
1790968939,HXYQJ3xXXCHtMDgA3FzrzpXMKkR3CVrfpMsusuAxLBPh,PRIVACY,9LeVx1BRBS4WXzug5wWDrD3N675Ar7uu5wjjmNdZ5bPm,pumpswap,1790435201,0.000003564,3480.42,3418,3418,0,0,54.84,319.12,0,0,0,0,0,3,1,9,,,-5.26,-12.68,0,0,0,1,,,,,,,,,,,
1790968939,H6cWLaPi1ZdoSofgLSR3ZUXAXDRcM7gexkrvzPmrpump,WINTER,HjtfZuK5aoqRPB58ki7yUSfKUcRLyR3qxpcDdxstArbx,pumpswap,1790451972,0.000003066,3043.87,2977,2977,0,0,0.76,22.42,0,0,0,0,0,1,3,3,,,-2.16,1.06,0,0,2,1,,,,,,,,,,,
1790968938,DRKGYsGALqr5p2aTcGLK9zqiPB5wk7JV78bJv4mPpump,SPLIT,6BZF1A29Pkke5bjkW2SM64HnaYYRWVFAHKNRK3emoCwe,pumpswap,1790451061,0.00001206,9961.59,11643,11643,38.51,288.77,643.39,1498.35,0,1,0,4,3,19,11,80,-1.38,-9.97,-17.81,-27.44,0,1,1,1,,,,,,,,,,,
1790968936,9zriPbmELWGzEqEJH29qQY4TZ4xVMQLVLXV3RtSDpump,XPAY,emMYEjmFXZeXXusixRJaQKPUhgPshVeNUpRtjoP2KLV,pumpswap,1790472470,0.000002877,3010.98,2808,2808,2.5,22.26,76.52,210.53,4,2,36,18,80,60,210,159,1,0.5,-1.7,0.34,0,1,2,1,,,,,,,,,,,
1790968936,AUPjK2nh4JraxDxNk2kNsSQoq9s5CFqFcjt9KJSUa1gy,Wumpus,FwpPSH7bBynbk91YFH17PHQTGzryXpwkXoELanKG2feG,pumpswap,1790474266,0.000006813,5721.01,6450,6450,0,0,507.4,2943.18,0,0,0,0,9,5,37,43,,,7.44,11.08,0,1,1,1,,,,,,,,,,,
1790968939,J9PVhNvGA1hXhHwmUUYQgHpPRxZch3cmCRzTnD6Dpump,CASHED,8F2sjPRazCpSL9JsUNYasvDTQALZ5TDAx4B93jPNEe4Z,pumpswap,1790471870,0.000002834,3046.55,2789,2789,5.74,23.63,56.39,131.89,4,1,20,14,53,40,136,116,0.34,-1.44,-1.74,-0.47,0,1,1,1,,,,,,,,,,,
1790968936,9ZdLqWeyvgrHWVXW3wQGXg62RSxAp9RxbnWtC3gfpump,𒐪,FFXwZMCRQy7jLr14KN1MqZTyX3ef3enTKD11a6psaZg7,pumpswap,1790473369,0.00001096,8515.05,10748,10748,0,628.87,3745.76,17459.22,0,0,3,6,24,38,164,195,,-16.12,-42.36,-57.58,0,0,0,1,,,,,,,,,,,
1790968935,6XBj4xjqJeF7R4aqfrSdyyx6TUHgKEjUkCttmoECpump,GENO,4XiNWjXoXdHabB213aSDWkygeDLy96y14SA1MTe7iyC1,pumpswap,1790477053,0.000004563,5524.03,4408,4408,0,0,0,0.79,0,0,0,0,1,0,2,1,,,17.36,15.81,0,1,1,1,,,,,,,,,,,
1790968935,7VwUXYsVJ9i2Dwmq2XLTGqcFyBcnYdS8GsTezGcPf94a,Tinkerbelle,3N5yP57g3RpvbjX2GBMpo24kXQKZGct8kdButPW6VHtW,pumpswap,1790477665,0.000003021,3038.51,2836,2836,0,0,1.55,6.34,0,0,0,0,0,1,0,3,,,-1.64,1.38,0,1,1,1,,,,,,,,,,,
1790968933,2ByieVQQshMbzWJCapoKjtkNhddDXELjJYfwfVQMpump,w/acc,3RWzsPUeEHz4K72y2pFJwUEvwkZ8GmZyoK9D1odpqBzp,pumpswap,1790478173,0.000003028,3630.98,2915,2915,0,0,4.83,8.88,0,0,0,0,1,3,2,5,,,-1.68,1.49,0,1,1,1,,,,,,,,,,,
1790968935,8eXxNU1Tmfhy4Wk47UMoap9z92KgjW7hJuUdxWNgpump,Tuition,3zHDsYttqWAMnjWwiWRfSSuzEk2dVuJjEY7MQsSKS99S,pumpswap,1790477406,0.000003091,3310.2,2979,2979,0,0,0,13.04,0,0,0,0,0,0,0,9,,,,2.42,0,0,0,1,,,,,,,,,,,
1790968937,D9QYds4z8vSyxM4t6GvjeKFkkLLLWS5m3LdJEThxKyzB,RELAY,2vZ8xpjSgvF3wy9Vd11GirEEP7o4J6gArVs6nBzocjDK,pumpswap,1790501465,0.000002978,3211.02,2851,2851,0,0,0.05,17.58,0,0,0,0,0,3,0,11,,,-2.12,0.11,0,1,1,1,,,,,,,,,,,
1790968936,9LbKkVVhrFRqAKCRDnSVAeWHgoBgNgej25J1ZHEPeURe,⋈,5U9HrFpoThz4kanVaLKWnfBVfNBXkpm6wUNW5SVvLNAd,raydium,1790499225,0.000003370,5287.61,3371,3371,0,201.41,233.84,296.79,0,0,0,3,1,5,1,9,,-17.53,-20.49,-18.86,0,0,1,1,CPMM,,,,,,,,,,
1790968934,3jg5Zvqbg37afKLPGui2YevW1scuf5ra1Y8f3ejPDHiM,BUX,BYPHHA23PbqALgFjLDx29JCsQqaZWGFkUqK6rsK45ccU,raydium,1790499838,0.000003466,5780.05,3467,3467,0,0,2.67,42.11,0,0,0,0,0,2,2,5,,,1.7,-0.44,0,1,1,1,CPMM,,,,,,,,,,
1790968934,6Fzn6PtAiVFvweUibxAiqQrofo138k9YZtJ1HK9EVShp,Excatlibur,6J6TPVj8ZkcV6ymCv7tNQvAJWSyR3GF8SK8USRPxFqu5,pumpswap,1790522062,0.000005495,5101.08,5247,5247,0,0.85,49.32,327.08,0,0,0,1,1,1,5,10,,-0.9,-1.17,-0.65,0,1,1,1,,,,,,,,,,,
1790968938,G5sES1o7BR1qj3RHhPKUkwDQidPdbbZc1aC1ufHE645h,Jerry,EnaEiodQDrPrwHZqLnfZqgviVBdNxLwwibKBJ3zDR6MM,pumpfun,1790434249,0.000009809,,9809.31,9809.31,0,0,0,325.14,0,0,0,0,0,0,0,1,,,,,0,0,2,1,,,,,,,,,,,
1790968936,9B7pAcfPDL72RG6rCbrbQAMkk8iqqNKXoQ2W35fmpump,PUMPAMOL,2x5BwfFU7rPkKmhdWETaj9L89xeYGDCKosbsRhaUXuCx,pumpswap,1790537804,0.000002606,2856.44,2539,2539,0,0,0,4.05,0,0,0,0,0,0,1,1,,,,-1.28,0,1,1,1,,,,,,,,,,,
1790968934,5HiQSA6gHtzDQX8no9iLvUAXmX9ncWRseUjbDqCjM8Zq,Charlie,HNzV3NPuDiHnJbVy6pU3W6fK4zMoP7LgwJQTpLgJ98Vn,pumpswap,1790537462,0.000006257,5243.02,5915,5915,0,0,32.37,42.4,0,0,0,0,0,3,2,8,,,-3.53,-0.56,0,1,1,1,,,,,,,,,,,
1790968938,FFPSq1ByV2XdPTj2UkSPRe14NoQydUkarBLeNfXd1gdj,FLESH,B1fNSrNTLtgUxe7Yzsd47cwFhStXtWvoJafnUPGaBsB5,pumpswap,1790533923,0.00005375,20170.47,51234,51234,12.03,120.51,1038.54,5993.84,0,1,1,3,14,22,51,62,-1.75,-4.03,-10.19,-3.2,0,0,2,1,,,,,,,,,,,
1790968935,78Cfe4mD2iDZvgwHaR3yi5X3UdMc3HyQfeGTcc9Hpump,Doji,7MsJbdwDexJ8faypyagRgPKJNtPxCchtWdJ84KW1v56q,pumpswap,1790559443,0.000003044,2985.8,2835,2835,0,0,0,5.35,0,0,0,0,0,0,0,2,,,,4.34,0,0,2,1,,,,,,,,,,,
1790968938,DPpdvQyNE7aZfpDG7LoAG5nMzeQMmLrWF81cNmEuTcHT,CLAIMED,545MDGVwz7cZVGGvQ6R3Lm16RBi5sBc9LAbVz28xuJEp,pumpswap,1790558552,0.000003147,3251.65,3038,3038,0,0,0,1.39,0,0,0,0,0,0,0,2,,,,3.18,0,1,1,1,,,,,,,,,,,
1790968938,FW1FhMWeGwyLQLt8HaZ7Zjkoecf7FZNSw8ZC3fMApump,BEE,6qRN8SHz6RSaeZAAGR5VXv76E9qPShzFe6tJDkyRCApr,pumpswap,1790558535,0.000005502,4729.77,5067,5067,0,989.43,2360.42,2377.07,0,0,14,4,30,11,33,14,,25.77,92.25,101,0,2,1,1,,,,,,,,,,,
1790968938,FbKRne8ZDbDyoeD3b22k8EYLWxp8ksCd8a8mMkx6zsXQ,all/in,5HouNLrptmjJDQs4aqTTEFtskLJQcx23KLyog1WpWG3Y,pumpswap,1790559578,0.000004400,4515.96,4335,4335,439.5,449.2,533.36,1188.14,0,6,1,6,2,8,12,26,-22.85,-24.33,-27.84,-32.19,0,0,0,1,,,,,,,,,,,
1790968936,9p3NuCz29u7KUsjfrZcBPNGB2pryDpACggjSjYWbkpds,cum,6C8heAzKjQU9m5rSy2A8FG61bgMFd2rwwvM3GGA9TufY,pumpswap,1790581287,0.000004970,4475.92,4620,4620,0,0,35.35,72.59,0,0,0,0,0,4,4,9,,,-3.22,-0.62,0,0,1,1,,,,,,,,,,,
1790968939,HPmrRWHrbwWVzJiQfnxgPSRDDkD6ShMLnEN6VuEzvyEV,AXIOM,ENY6mbPK9mK4jGQppjYSFjkaFNAqnRedcqbsVfYgzvjz,pumpswap,1790581582,0.000003670,3694.66,3449,3449,0,0,31.39,182.47,0,0,0,0,0,5,0,18,,,-4.34,-10.17,0,0,1,1,,,,,,,,,,,
1790968935,6x93BiCksXLnL9YD11oGW1EA7VAFLWnCJxD1jTFnpump,IRL,667EZ2jsEAT48azpLau18wm5gN11qNdUEjH3QTntA11w,pumpswap,1790608946,0.000002871,2822.32,2521,2521,0,0,0.14,14.14,0,0,0,0,0,1,0,3,,,-1.33,1.07,0,1,1,1,,,,,,,,,,,
1790968938,FJFZysCbtXXVCWYi1a6M7jcpURi2ytiFAeioBjYTpump,BACKED,CSM8zz2eDPUUsoUVmedexf9Xf5HvZSZhToRvvsBjhUF7,pumpswap,1790646398,0.000002482,2478.9,2380,2380,0,0,1.89,23.62,0,0,0,0,0,1,0,3,,,-2.42,0.54,0,1,1,1,,,,,,,,,,,
1790968939,HMXe89qJWYDCH3VmN85JwvdDsW6v6GkJc7pobG4AnZct,JONKEY,6KR1iYuVYqRYWPYtLVs3WgPtQWZrMZtZN4aKuDXTsVmV,pumpswap,1790646516,0.000002749,2754.86,2642,2642,0,2.65,10.4,2047.95,0,0,1,1,2,3,13,37,,-1.89,-5.13,-62.14,0,1,1,1,,,,,,,,,,,
1790968937,BhNmfTQuSdkdgVPhZ5fCJnxa1xYTPqkdjMn7LhLYhype,XLiquid,uvfLdQVyhhVKracMj2NyzT9L3tohpFnhAJreLdThqPV,pumpswap,1790647512,0.000003102,3262.4,3008,3008,0,0,0.36,7.37,0,0,0,0,0,3,0,8,,,-1.55,1.71,0,1,1,1,,,,,,,,,,,
1790968936,94mo6yYt5z9t31TjS257coYsRX7b7KPTKWVRzAnuLECr,JEET,5U5CLq5r21ytNivjPe9ahardJ3ef7nDDzuAFsRe4TwF6,pumpswap,1790647174,0.000003065,3074.36,2929,2929,0,0,4.8,539.96,0,0,0,0,0,2,9,17,,,-0.65,-0.94,0,1,1,1,,,,,,,,,,,
1790968933,2sDeSDUigrzYKRhZBjjs8AJDyMYroRyVAsUzzq9D4sqr,Adventures,6bGK5L3CMcv34Jk3gcHW3RwBkGv1QQxcbKaL4SrygryC,pumpswap,1790644356,0.00001050,8372.73,10198,10198,0,82.97,271.47,2063.74,0,0,0,5,6,14,19,47,,-3.26,-2.6,-30.34,0,0,1,1,,,,,,,,,,,
1790968937,CLsGDf5QSp62QsxSGYuZetaA4WEGmKuq7XvKwkFcpump,GITFEES,AQsQp6n4pdNAVR2TbHPaCawX4Z8SGH8BrcRNvKAQ6U5v,pumpswap,1790639241,0.000009645,7341.52,9154,9154,27.66,859.45,5310.81,14041.5,0,2,12,15,61,63,150,151,-0.95,-15.53,-15.33,-51.29,0,1,1,1,,,,,,,,,,,
1790968936,9ULokoso7UNPabtbV5WvTu384Vej24u7z5RJDXhmpump,CASHEW,dD7cStYkHJSqTfT1uXsEjHKFNPetuB3jdzfGAE7nTih,pumpswap,1790667262,0.000002595,2597.53,2467,2467,0,0,0.12,1.42,0,0,0,0,0,1,0,4,,,0.4,-0.27,0,1,1,1,,,,,,,,,,,
1790968934,2znJoma1w7DvW1ntHRHwfXurQSN6VCthykDpXVY8pump,UNPAID,3mNqUfmjYWJ8oywcY4uPgAzwMYA39HRj76yWtt8K9e1a,pumpswap,1790667482,0.000002475,2675.89,2393,2393,0,0,0,10.22,0,0,0,0,0,0,1,4,,,,1.72,0,0,0,1,,,,,,,,,,,
1790968934,3JBcBwcZ5psDu4Qy58YBqbMn2Nk4QKzDiqii4gpAwqei,K/acc,ExsQ6RDXiSWVGVeyvL2QAwNmxT5SHPbPW9yWjD9TmKqG,pumpswap,1790668225,0.000008209,6605.22,7850,7850,0,58.17,740.72,12317.34,0,0,0,3,9,25,183,208,,-3.55,-21.06,-53.11,0,1,1,1,,,,,,,,,,,
1790968934,3VPoXaRcXxju8qgkVRN87UuXZxbdBD7zyaXPDqqmpump,SI,GnpvosiacUQbkxPPTFo2C79CX2qTuKgXAwHekyLJoDbe,pumpswap,1790709032,0.0002380,49823.25,223063,223063,1069.71,11871.12,147875.99,929479.52,4,6,71,165,678,760,3903,4290,-6.46,-7.51,-39.85,-53.58,0,0,1,1,,,,,,,,,,,
1790968936,AgGT99SABcEBW2asxcTAaY4gxzwLNPAoi8de9fzJQA43,mutate,DYDAx56KS9yMHUpYkkddmsAUW53pyN16CW4LPfKE7Hpu,pumpswap,1790708751,0.000002585,2600.85,2474,2474,0,0,0,0.31,0,0,0,0,0,0,0,1,,,,,0,1,1,1,,,,,,,,,,,
1790968937,Bg2KS6PYNbyFebC9x7CSHfA9JECUiVaCXhRPz371W6tk,DOT,3Waan21DqF85xVG2rGdGcA6ezzTvA7DppS3iReZwEa1j,pumpswap,1790708762,0.000003268,3376.55,3225,3225,0,0,243.45,279.58,0,0,0,0,2,2,6,12,,,-2.67,0.72,0,1,1,1,,,,,,,,,,,
1790968934,6Vuz122BbhCoBSXLH94JdMamHAJhRGBKGJJ1i2TWpump,CROCS,GLAwM3VfovjbECk7k1Ujq1z6bvxZFb319VVeN3baHZ2b,pumpswap,1790705786,0.00002540,13456.76,25102,25102,0,1556.26,5046.22,12017.96,0,0,10,15,54,64,202,197,,-21.95,-45.08,-42.08,0,0,2,1,,,,,,,,,,,
1790968939,HkzbDgdJcds5oZs4zMgmsJ5qGNCoKGuyjJi6YAgaFceB,SI,X1cZHHwZvF9yLiibvhJFEypss5W5P9ctmhL2zgcy9NZ,raydium,1790709635,0.000008712,9666.7,8712,8712,0,292.57,4048.12,10140.99,0,0,0,1,13,18,49,59,,-16.71,-12.47,-2.55,0,1,1,1,CPMM,,,,,,,,,,
1790968934,4LfXgXuqxqbR65qDCdCvvM9zF8XU2gvk4DLWszzgVCQ2,FROG,7K5jrssjdWHcT4KwPt6qGEr4d5VycHgkg2n4WwcxheqV,pumpswap,1790710199,0.000002611,2681.55,2475,2475,0,0,0,63.13,0,0,0,0,0,0,0,4,,,,1.43,0,1,1,1,,,,,,,,,,,
1790968934,5DzdcJUwovmAUXMfrWgbhKmJ3RWmEtXwf7EEtuHRpump,PFSOL,GRsr6cpqjdBPFD4CvHwTkMhDkxcwvRxHdA9DuCC9MTmk,pumpswap,1790709709,0.000003023,3639.43,2933,2933,0,0,0.02,48.11,0,0,0,0,0,4,0,9,,,-1.64,-0.79,0,1,1,1,,,,,,,,,,,
1790968938,FuEXRwEWRuQVx81qEjA6YDUVZaa6qDbAqQuH72BZ6PsC,Quine,2d1afJkTms5CL9LcWPQGXeJrRQxzRiAU4JXvwWeiqfnL,pumpswap,1790741544,0.000004282,4223.8,4024,4024,0,1.15,1.15,1564.89,0,0,0,1,0,1,8,35,,-1.01,-1.01,-42.59,0,1,1,1,,,,,,,,,,,
1790968937,BnAiH6Qu9cdL7gRvue8qbbE92CQRSqKox8UAtpispump,BabySI,EnnS1ZvUkowA96xbdFY8k5gzEs36CMnvqUPHKXTFzkmr,pumpswap,1790709835,0.00001037,7619.11,9968,9968,0,0.56,2253.7,13892.07,0,0,0,1,35,42,175,192,,-1.52,-12.17,-30.47,0,0,1,1,,,,,,,,,,,
1790968935,6d9fD5SxvN4DAG4SHQD8pebm8TM6XeSbYezPDjdapump,PINO,BHKyty1uDDxSwAkhkefn8ZwNQZjfQrmC672D2UW874dD,pumpswap,1790712208,0.00001271,8225.58,11754,11754,15.68,439.19,4914.26,16018.07,0,2,6,15,76,87,265,286,-1.43,-6.08,-12.58,-30.9,0,1,3,1,,,,,,,,,,,
1790968937,Agr56DXmmYX7wHcqvSGJweXFrSwGv3d6wbjmVqkxpump,TRENCHDOTS,BHoWTvcnb28VXMig6UX4Skzi4Anh745rhF9NDGkdfNen,pumpswap,1790735280,0.000008737,7304.52,8480,8480,0,122.5,907.29,5900.22,0,0,1,1,13,14,74,90,,0.33,-15.7,-7.53,0,1,1,1,,,,,,,,,,,
1790968935,7QNx9Me4nVvJrpcqFfvLs6ArNtPGCBwW7vAEiu9Spump,SUN,FgWrp3PkLWLF2doYX4xHPTP3iLJXgsBt92aAdGNx4tE2,pumpswap,1790732999,0.000002838,2899.24,2725,2725,0,0,0,31.54,0,0,0,0,0,0,2,8,,,,2.4,0,1,1,1,,,,,,,,,,,
1790968934,32jbu7pyiNeKcddMAc46fHhyoGm3Qa425fDwuupjP2Rg,NUTFLEX,2vtbPb1FPaTCCCC7VHsPRnu3fEzVv6NP6gnrMLZJaJ7E,raydium,1790727805,0.000009169,9798.1,9169,9169,0,0,344.73,1183.56,0,0,0,0,3,8,14,71,,,-5.93,-26.74,0,0,1,1,CPMM,,,,,,,,,,
1790968936,AA1hANzAbftBU32KQCYfbsYnyMqA3uGCBeek1ZE5pump,cum,5jhXPqPvGQKtspx6J3axURScWQucPn7rzYj2XLLghKdU,pumpswap,1790733583,0.00002257,11812.41,21954,21954,0,97.45,328.3,2604.65,0,0,0,1,1,7,25,26,,-2.75,-12.31,-6.42,0,1,1,1,,,,,,,,,,,
1790968935,6xCiwkREkYzLdnDcCV9uS3hBZidXuwkc9L9c67dQSTNK,supercycle,EGsGQN6dMCLd13Hpcj8pDCQH7a4NBPn3Mc4FuPbBnRMo,raydium,1790731754,0.00002993,15892.58,29936,29936,127.64,1038.9,28184.37,66568.09,5,1,22,16,231,195,619,522,1.85,-13.66,-17.62,10.7,30,0,0,1,CPMM,,,,,,,,,,
1790968937,CkwHHiPoEHteDTiYUuxGyqGW7tnkhAx7x8AxnwTEJeUw,NUTFLEX,4bi3erwDwwJJyspyqUpY9kncKxhdikDk5GKmD96ZAS7h,raydium,1790732263,0.000002430,4361.87,2430,2430,0,0,1.61,2.5,0,0,0,0,0,3,0,7,,,-2.38,-2.72,0,1,2,1,CPMM,,,,,,,,,,
1790968938,GAcNBm6iE2MZdqGhyu7Wb1wTDm8esU2BMQk2bX1ipump,inustable,3KFGr22GoKWBNt2QoCCsopQCChvnbJukHCAWHn1JvN6Y,pumpfun,1790772949,0.000005361,,5361.98,5361.98,0,190.62,1624,17009.04,0,0,0,7,10,25,822,431,,-9.22,-32.54,-15.13,0,1,2,1,,,,,,,,,,,
1790968935,7P6r9wDYiRT8escThJBpBDUgVDEVjVcnAX6ofqaCpump,POTUS,JAW9Mzmf8W7LT386uxEGyYfWu59YXu87gXbG8evUkK9q,pumpswap,1790774049,0.000003889,3686.57,3863,3863,0,0,2.14,2.14,0,0,0,0,0,1,0,1,,,,,0,0,0,1,,,,,,,,,,,
1790968934,3MPnePgPguPF2cNjtGdHeNofSkg9Kn7Pn2vt6kr6pump,LAB,D9U53oJwBRpVEe5aFLp47wKPvsYYCKjwsE8K4ENzszMJ,pumpswap,1790796855,0.000003450,3596.19,3233,3233,0,0,1.87,307.52,0,0,0,0,0,1,0,21,,,-2.25,-14.31,0,1,1,1,,,,,,,,,,,
1790968938,F2uBk88FYE1qn9dGT2TfWMjRXPdB7zjkyRRcMFXFpump,BANDIT,DhM4FAxSUMSGJQaYyvSq5QkptNsbzKhPR2yDBxfhcpTM,pumpswap,1790796803,0.000002746,3035.71,2658,2658,0,0,0,4.69,0,0,0,0,0,0,0,3,,,,1.65,0,1,1,1,,,,,,,,,,,
1790968935,6YifLyqFUBeGbfscoUpFCabELFuRBejHXFMobKRppump,PAYOUTS,EmZd2ZYunPQ3W9Mtu1iCR7uKKJUhjfbZRGqCU92tSZCE,pumpswap,1790796692,0.000002523,2614.89,2437,2437,0,0,0,56.26,0,0,0,0,0,0,0,4,,,,-1.16,0,1,1,1,,,,,,,,,,,
1790968935,7JLkfQV1Fp5ZAMqxJj2jBR61fsMXeHYh2CmE2c9apump,SI,4pZ1pAx5dDCbj1gm9N271ELXek49cYp9qUVLZaB7iPGV,pumpswap,1790796613,0.000002947,3016.85,2825,2825,0,0,0,737.13,0,0,0,0,0,0,3,11,,,,-23.08,0,1,1,1,,,,,,,,,,,
1790968940,qntUzPUsJ51abNP7VYNxkmsQ4RnvEZAhavUxsCxpxH4,QNT,9WyXYtMDZPVFDNFsPRPA1qgxq64JqFCYg31SMan8Pvaz,raydium,1790797058,233.98,79763.55,449998,449998,7945.45,12832.45,88554.21,315918.22,12,33,20,88,356,534,1477,2090,-0.77,-2.47,-5.62,-10.75,0,0,0,1,CLMM,,,,,,,,,,
1790968939,GVeQ82oyUZzHhULUWtE73wwGdiiypyDVpMspxBFVpump,SI,7Vnsr9gVMfTYKKgfDC3g2dWkFuHeFBDFswUrvQfqbKjH,pumpswap,1790803920,0.000002390,2604.05,2349,2349,0,0,0.05,1.23,0,0,0,0,0,1,0,5,,,0.88,1.14,0,1,1,1,,,,,,,,,,,
1790968938,EAEDRr9Cagu1RtkU91k7bq2SusF4ZWuuhMFXeH5Mpump,Pochita,GqcXePaMi4WCrcHthSdjDpxftJh9HNxc1yi6rTA7SuyY,pumpswap,1790805172,0.000002470,2471.01,2369,2369,0,0,2.25,2.64,0,0,0,0,0,1,0,5,,,-1.8,1.55,0,0,2,1,,,,,,,,,,,
1790968934,4bfjHq4LQCm9F4ukNGAce63aScgMftdoERRdFRmJ5UNg,POM,3qiwY9nsRYFXymjvjj1nLbo6AavyiTanoMc3uwTz3o7D,pumpfun,1790801996,0.000004555,,4555.45,4555.45,0,9.92,220.95,519.41,0,0,0,1,0,5,3,12,,-12.67,-18.25,-22.61,0,1,1,1,,,,,,,,,,,
1790968939,HpyRH91gxwDKmjcN7UjPpSFLBXA86yGodgaJYrRK3HT,QUANT,EXe7eEuHnKTiR5rC4XdnZt1bVuMVgVx9TaC5j3WPxb7f,raydium,1790803122,0.000003538,5116.01,3538,3538,0,0,88.04,2083.65,0,0,0,0,1,8,13,70,,,0.05,-34.33,0,0,1,1,CPMM,,,,,,,,,,
1790968933,2v7NRcqbnUHtfKW7czFn9SjDCoAcobWW66PkVKCYRLTM,DIGINU,mKsfYFwc1RNNQCtQozdiUtVHnGBEZuzxMgduojVdUqQ,pumpswap,1790801436,0.000002470,2586.43,2413,2413,0,3644.93,3644.93,7928.43,0,0,1,2,1,2,642,33,,-85.06,-85.06,-84.83,0,0,1,1,,,,,,,,,,,
1790968939,J1mQHsCGiFhoMmzMj59rYnXtkdoCW59HBNV2Jzt4r4S9,PEDRO,2qChtcq4nokZC1q3tfrnArxc9KnnhZQvi2dEroyyvJJm,pumpswap,1790803417,0.000002758,2905.06,2662,2662,0,0,7.26,145.42,0,0,0,0,0,7,2,20,,,-2.5,-10.34,0,0,2,1,,,,,,,,,,,
1790968939,GXLPgdSKCxRwiD2xALcCjmfwaVsq4wi3ENx5tB9Bpump,boobs,2KdEpT3Wo2k2kpEDBFCvZrugnMZeXJN1wV1XA5ZrtPAK,pumpswap,1790804804,0.000002799,2856.64,2710,2710,0,0,0.36,140.03,0,0,0,0,0,1,3,16,,,-2.61,-8.11,0,0,1,1,,,,,,,,,,,
1790968938,DfLA2AoZqey8TArzSE8Eq962qpwRkQhZ74Vf2L6tpump,SJ,7SEZ1T9ceSFnYmcndScLYVQERmdfm4CsTd9CHfh74BxM,pumpswap,1790811760,0.000002778,2754.52,2676,2676,0,0,34.85,73.17,0,0,0,0,0,1,5,8,,,-3.49,-1.56,0,1,1,1,,,,,,,,,,,
1790968934,3xgJh5hwn6SMZ2XgsxYRLtos3AEKEgPyBepx529Tpump,Vale,59Jizk2sb43BqdEFFEwrJuuVyrdioTuJkcfUnz39S2y6,pumpswap,1790810948,0.000002767,2773.59,2607,2607,0,8.24,29.89,123.8,0,0,0,1,0,6,1,21,,-2.6,-5.31,-8.91,0,1,1,1,,,,,,,,,,,
1790968936,9Hi75Cp5PcfJfCdaxrheyP9oZ2TG6fnGt1Cgq2Jrce62,HALL,BRAP3bfVcHpckgzGUBaNiHg43gTNbRQWFL4bxVZWYBcf,pumpswap,1790810602,0.00006550,25280.7,63236,63236,352.03,1208.22,14624.76,161736.95,1,1,16,10,133,114,1687,1218,-2.2,1.82,-6.31,-38.13,0,1,0,1,,,,,,,,,,,
1790968939,Gx92ZFATEPN1fr6Sr3weHnx2VfFNuA7QyNEe1JV8pump,ia,6HWrcpupxmdDztZs78eGAY3k5CNre641JsbxxomTiFVb,pumpswap,1790813404,0.000002528,2559.93,2431,2431,0,12.67,16.13,505,0,0,0,1,2,4,6,29,,-2.42,-4.39,-24.88,0,0,1,1,,,,,,,,,,,
1790968936,AcgB3riCTGBzQ626TRmEm1f6ikeFvxi4mL36piDXV6ug,PRLS,GwvAt96oPP1fd1gMX9bPhERFKkvV5qBBVc7P1MHGPJk3,meteora,1790811206,0.000006195,7173.88,6195,6195,0,69.4,349.66,1537.04,0,0,0,3,4,16,28,90,,-4.33,-11.54,-34.03,0,0,1,1,DYN2,,,,,,,,,,
1790968939,HhjNowJGHi3wsg2u9ZNEWXo7CQCEgkELFbPcQLX7pump,BRICK,C7EAi8aELckf7sfcQu7CZrRuBvRTX6sBLPi7yZS7gsh2,pumpswap,1790819212,0.000002946,2920.23,2811,2811,0,0,16.35,133.24,0,0,0,0,0,1,3,27,,,-1.56,-1.23,0,1,1,1,,,,,,,,,,,
1790968937,D3Rna5XrQWaW3Ydzxt5PicEbQnMbSv8qX97x14qEsVd,AI,4mCcEnS2uYgRLsPdncNbY7zVcr1ShQqqte2GATQNzkTa,meteora,1790818832,0.00004245,1850.33,42460,42460,0,0,0,6.27,0,0,0,0,0,0,2,4,,,,-6.29,0,0,0,1,DLMM,,,,,,,,,,
1790968934,5Xxd4jTPp1jwmYBEFvQ6xNsHxsSMT73KDWDwHxDFpump,SENSEI,57VzFpFEVkCDCfhj8ebNw2xXZ1CRmbQzjYF3eWySpyW4,pumpswap,1790818296,0.000002737,3126.94,2657,2657,0,0,0,7.22,0,0,0,0,0,0,1,5,,,,3.05,0,0,0,1,,,,,,,,,,,
1790968938,EEGtwsf5wLWDG4THEu4TdFKTTRpsEoxArWZsetWZpump,NUVI,8MxvegL1C14ddbBczqpfMLdBvnmDDPGqqTJWqJAYKuhP,pumpswap,1790826457,0.000004313,4316.67,4159,4159,0,6.69,109.8,6840.67,0,0,4,1,8,25,185,236,,-0.45,-7,-48.69,0,1,1,1,,,,,,,,,,,
1790968934,4y6afgeh9JbeUJrXrVaU4A4uDYxDN6AugnnYwhrapump,SXI,5SUSFTqv4WLodUCnt8j8trA4NsrtmpBFRtbeS4fb9FgL,pumpswap,1790825472,0.000002437,2649.37,2388,2388,0,0,0,26.83,0,0,0,0,0,0,1,3,,,,3.06,0,1,1,1,,,,,,,,,,,
1790968938,DcJsfF4F2Gj2JHw7SwjbLyn8PfTCXSjCZrPwMWdMQLL7,DeStrat,3wepMydWUGt8gzgwEA1sjBgbqhfN8JHYAehMMypnXZDM,meteora,1790825638,0.000001979,3863.43,1979,1979,0,0,0.47,1.17,0,0,0,0,0,2,0,5,,,-1.71,1.37,0,1,1,1,DYN2,,,,,,,,,,
1790968936,92z4XTZppdYRZZsnXJdUPca9h5mFjGWWgGxAVT8jpump,Fuel,HGscLw722fa5LWgQ4Ez2b45KTZVts4khepXA5xHSfxY8,pumpswap,1790825883,0.000002628,2657.35,2508,2508,0,0,0.68,42.76,0,0,0,0,0,1,3,9,,,-0.98,-1.85,0,1,1,1,,,,,,,,,,,
1790968935,7sa2NMs1kT2kCXHgnzbCpq4Y6wU3fF5bCtMPtASqpump,agi,2dXAnAshLR7h9Tor5UTzdFWKWq6QqKMYG5J6qQCRnKdm,pumpswap,1790826123,0.000002552,2574.66,2443,2443,0,0,9.31,91.23,0,0,0,0,2,2,4,17,,,-1.45,-3.45,0,0,0,1,,,,,,,,,,,
1790968936,9CpRDFevggadw6DYknRUspwTCtqNvCQs8RmWVWLupump,SZCAT,81Zp9M6ie3nuCd9NBDHhC4Eyx9WbgVPyuwW3JJ7RwR3d,pumpswap,1790825607,0.000002545,2756.51,2436,2436,0,0,0,8.75,0,0,0,0,0,3,1,9,,,-1.24,2.59,0,0,0,1,,,,,,,,,,,
1790968937,B71rHv4mjQsn76RhEDmyNDTRdNAQq6swsvYuLKjKpump,Apple,Bni9Ez8zctkxrNbBuxmGMnLUw7RzKJ6MLsWtmbJUexVR,pumpswap,1790825088,0.000002241,2278.24,2231,2231,0,0,0,27.81,0,0,0,0,0,0,3,0,,,,5.26,0,0,0,1,,,,,,,,,,,
1790968935,8Z3Y2xrF7PydjA2WN9rCXGDos9Lsqyf1xptnMmoVpump,NUVI,5P7sfVdi8m6GwfaCzNFEhqp9QszBUEtJ4EtLBE7bZpxi,pumpswap,1790826394,0.000002420,2476.9,2320,2320,0,0,0,9.92,0,0,0,0,0,0,2,3,,,,1.18,0,0,0,1,,,,,,,,,,,
1790968937,CfxZ9ZYrj8h3dU86NmKafjDF6tppczzpjd8rKnvypump,Luna,9Ahfqtsg3S98DY1dVDbEGXaSGdvPq7ZzmmAAYstoAGjH,pumpswap,1790833449,0.000002568,2566.3,2458,2458,0,0,7.75,412.93,0,0,0,0,1,1,6,21,,,-3.19,-17.25,0,0,3,1,,,,,,,,,,,
1790968934,5gok7WzHvMFmFfcvnHuuBqRh9GTcQckHXBBwZywkpump,NOXBANK,6WA4dP11xjrJCEkB2Uaw3ZehShyjkGTww1SsriS5K8qY,pumpswap,1790879871,0.000004024,3708.7,3776,3776,0,103.17,273.04,15375.1,0,0,1,3,8,13,329,339,,-7.5,-9.27,-82.03,0,1,1,1,,,,,,,,,,,
1790968936,9gtE5NcqPS5oKpGrBNtEPwwZaaB1cpUxoTxD9wU3pump,PARASITE,9VYGtyoRuuuUUhRqdUA6RpzHe83EtEzg7KGoVL59ceGN,pumpfun,1790833634,0.00008285,,82852.55,82852.55,0,0,0,4.83,0,0,0,0,0,0,1,0,,,,,0,0,0,1,,,,,,,,,,,
1790968936,9dh3KbZzU4ERcvYdNhF1u5TM259PBEmW8yU3ofRjpump,SuperBonk,5xsDPYzZQF9qA9yUuoiD13PZbt2VXKBjAhaGReZxpvdB,pumpswap,1790833201,0.000002523,2737.43,2439,2439,0,0,0.29,0.29,0,0,0,0,0,1,0,1,,,,,0,0,0,1,,,,,,,,,,,
1790968939,H5Kugtkfc5vrm3oSdX6FDkxuutRK1S3GW7Rr7UgnoDhP,PUTIN,EjHSLEKLautwaTSXDH5mTg6SVq2iGwo5eLeXr5CaeGdc,pumpswap,1790833808,0.00003797,17634.55,37039,37039,485.66,7354.56,45148.67,285828.3,4,5,78,63,449,352,2889,2491,-4.78,-19.31,-48.24,-73.14,0,0,2,1,,,,,,,,,,,
1790968936,AG72kGPZ3RBPaNGStCfW1JzKptAvKcVvW2mHMJp7pump,SuperButch,HXsxr8oNfF1RwNDUmHZrnRiS8WiHYyVpwrSmYpUB8nxM,pumpswap,1790839628,0.000002579,2877.51,2501,2501,0,0,0.04,18.35,0,0,0,0,0,1,1,6,,,-1.89,0.34,0,1,1,1,,,,,,,,,,,
1790968939,GvZ9UXZm8U14uZNi7hBN5cY2iUta7stArZE486yHe2nA,PERKOS,8rfM1PxAfqZiZhH142wYdAtPqajTTU2a8xFGdAav7Y8P,pumpswap,1790727859,0.00001403,8785.65,12980,12980,0,0,302.13,5051.79,0,0,0,0,4,13,46,41,,,-8.64,-36.07,0,1,2,1,,,,,,,,,,,
1790968934,4mNoVhb9ATKYoJg5Bzzpewe4qeM4vgxQR3zKMe6MWJwP,YPAID,72DSTTTFoERypVwLeegAA9RoC6DyAG85Qbiu7uXGfB8Z,pumpswap,1790840241,0.000007644,6159.62,7362,7362,0,372.03,4262.34,13303.18,0,0,4,11,76,60,203,306,,-6.23,12.11,-63.08,0,3,1,1,,,,,,,,,,,
1790968933,2GU6JT1zpigtYAk3vAVwdrvHuzbPkUSxrUkHHGpGpump,assless,2utMoByVsBZ64ZKbYxLu61MM7EUYxNCCRTbmzJ6dXzCm,pumpswap,1790846435,0.000004984,4378.34,4717,4717,0,17.19,889.86,18920.19,0,0,0,1,6,23,376,342,,-2.64,-16.58,9.95,0,0,1,1,,,,,,,,,,,
1790968937,BsaissLqJmMMrXXmuhaRVjDa49Qf5QYzDpE8nZvc1vWJ,Mars3D,3Cpb9kojdQHLR2Rtf22azTD3Ld2mTXmkcfauNR1sQvif,pumpswap,1790846363,0.000002816,2789.17,2694,2694,0,0.18,30.91,1140.38,0,0,0,1,0,7,5,39,,-1.24,-6.4,-18.11,0,1,1,1,,,,,,,,,,,
1790968938,G6autZruJLEzYKRh84qTsbVhrTvLEbjBYdHnBQH1zitp,backpack,JAgorsZ4Y6V2EevnpQME2fEckch5uCbGSvqRw7TimW4f,raydium,1790730792,0.0003733,66875.37,373377,373377,590.04,17171.87,111915.8,1000613.07,5,2,66,62,584,508,4691,3667,-2.29,12.29,-24.52,-68.61,0,0,1,1,CPMM,,,,,,,,,,
1790968940,nL4ky1BFjvEs4LcZhk5ZqtcTSpyPxDNGtbGJuLuthaw,THAW,AFysGrvNFcvHGjtsxmjmj5WHCsbBAG5zTF5T1ic3okQr,meteora,1790862880,0.000003297,5403.85,3296,3296,0,0,155.38,2731.23,0,0,0,0,4,9,81,98,,,-0.71,-55.78,0,1,1,1,DYN2,,,,,,,,,,
1790968939,GkgcCZ5zw61noBYRZdTHv2HwHuepi8jqwQsJj9DBEMMA,EMMA,GefYch6nVaqAM7d9HnFvNicKESmXWdv5BA2pJ7thWfGV,pumpswap,1790860860,0.000003450,3288.5,3256,3256,0,0.27,3049.45,13450.02,0,0,0,1,31,31,133,151,,-1.57,-13.77,-43.07,0,0,1,1,,,,,,,,,,,
1790968939,HdKspZFn94xXWn36YZSfW6sV9rkBoboWJ7dUzpeUpump,SHIT,DvBPY1KrCZwHEgJLWoqGyb2b45yPbrivrxvWFzgcRJx6,pumpswap,1790858293,0.000002920,2943.47,2838,2838,0,0,236.15,3888,0,0,0,0,3,11,41,101,,,-13.52,-45.95,0,1,1,1,,,,,,,,,,,
1790968936,9pJWJdpPebyANys45eetpemLJo8yTz4n5B9zbpYw9ZMr,Jane,31eCTC8W3VcX7BiFwK2o5Ax41FPi2UyHcehcy2Gd3H5h,pumpswap,1790860719,0.0001887,48931.2,184948,184948,1235.94,77879.09,525403.19,3326912.56,15,17,583,498,3897,3102,18948,17734,-1.02,1.95,-70.99,-79.44,0,0,0,1,,,,,,,,,,,
1790968938,FHJz7bUCRWT5VAeN81gorzLLajFEdDng5d7ZAg9zjpjJ,Mercedes,CX4tJasM57j1cWJ8BLm5tzqySZZ5kerBxR2urhZmNXcb,pumpswap,1790860216,0.000002206,2227.86,2195,2195,0,0,0,4.88,0,0,0,0,0,0,1,0,,,,,0,0,0,1,,,,,,,,,,,
1790968935,6vWkRRyPY9sGnCvFgLCwn7mJuCheMbTcuj5nZGox28sK,FDC,iVgjHtLo5DUBvxRx8EHvN1YM1MXoECwkzXBTaHLMfFu,pumpswap,1790866429,0.000003383,3335.25,3277,3277,0,107.94,1880.68,6907.6,0,0,1,2,20,26,89,132,,-7.17,-26.93,-45.2,0,1,1,1,,,,,,,,,,,
1790968939,GtV6g1ey2NERrcbvL5bdzrxRJQDfxpMaLU9oLtRipump,CROW,G4yk7zDAiQkCS7ch22vpi9Ey6fhDhkpHFEYyz2gJ6q2t,pumpswap,1790863293,0.0002108,40985.2,206587,206587,81.56,4727.2,21793.71,102509.56,7,3,195,49,670,203,3053,1149,1.13,-17.47,-19.23,-20.06,10,1,2,1,,,,,,,,,,,
1790968935,7bFSPC7HXV9wxikGRphE55kHTiGnX8bmMiZDeYUnuwN3,VLO,CXwsWHQvnZpfhiRtZhw9VE9MiCKLTrUQrY7rovrrAbdz,meteoradbc,1790865537,0.00009012,,90128.33,90128.33,0,182.2,183.27,1133.35,0,0,6,1,6,2,20,32,,0.5,0.5,-1.02,0,0,0,1,,,,,,,,,,,
1790968936,AYRTq6bfnNzWMY5ACWTRUtMCwV8PAhux3wm84q5mpump,lowkjelly,7Gb1hnYFcPEvePn1dskrXijxT5FFntPGSgUAxsLNyiEf,pumpswap,1790867045,0.00003005,14632.38,29074,29074,1517.44,3548.34,34031.04,151865.54,7,6,33,31,350,284,1730,1572,-18.98,-12.64,-14.84,-37.57,150,0,2,1,,,,,,,,,,,
1790968936,8oMvxgcBJtDGNSc8kogCEEFxSvvi7x6jHRfSWaiWpump,DOMAIN,dH12Ke1gyoxqcujh9oYkNMwJkNNNuGvBszZnBrmVpWh,pumpswap,1790805946,0.00008537,30512.02,81658,81658,539.8,14502.69,250757.39,1247428.49,13,4,237,116,1733,1608,8484,8054,1.85,0.08,-68.41,-86.25,0,0,0,1,,,,,,,,,,,
1790968938,DxgJTLsgNVMaZBpgPzKBBBLBSdSAZzxyAeAfboUApump,TRUMP,2cYkH5MLLaUh9K1776DAjQisXo6iAJRdeJJKWqi3A7US,pumpswap,1790874603,0.000003049,3070.96,2928,2928,0.17,0.62,353.2,26854.6,1,0,2,1,2850,2320,19486,17684,-0.67,-1.75,-7.57,-94.04,0,1,1,1,,,,,,,,,,,
1790968935,8V2jTnUbfTDkzznAD2BwhCRR1jJrin3Exj5zPoU2AmJA,FOMO,6tdNjDNFzDdEuKyyvtKtke4Zuarp3MyZwCiERwTsq5Xg,meteoradbc,1790871402,0.001087,,1087173.54,1087173.54,12238.93,140062.17,1180740,5995146.64,28,13,291,242,2402,1672,14689,10280,15.26,-18.77,-43.04,-20.06,0,1,1,1,,,,,,,,,,,
1790968936,ASN6XAyWyn1psSbGKNQ7D81byp1CRTYd8Q9aA2DW9M3n,pumpfolio,BQ3gvDP8cbMZXPKtqGdzxjAWujBVLDQySJzRDgEr6C2Y,pumpswap,1790874374,0.00007410,25383.35,72130,72130,809.64,14686.65,168197.13,1111106.06,9,12,108,122,1089,901,7921,6098,-8.5,-38.33,-57.78,74.32,0,1,1,1,,,,,,,,,,,
1790968935,74wf8kZrSXrcXDytmDK4eXaePoKm92fBWtauuJdQpump,SuperCali,5Q7FCGXCbZhTtsLm5aTz5MdFfTHL3UfvQ2gCm5oGWUpr,pumpswap,1790873640,0.000003505,3641.24,3452,3452,4.1,19.92,47.26,314.79,2,1,18,7,41,13,66,890,-0.55,0.67,-1.03,-6.87,0,1,1,1,,,,,,,,,,,
1790968934,5p4D7P3qWVbTkuJugAZsVs1F4S6E2BDnuyKP9dtKhLu2,POKEGENTS,FPWtHaFRf2bT99Mt8jfidvxvSYR6wPzwj5eUBixekJ2J,raydium,1790873912,0.000003438,6646.64,3438,3438,0,0,0.26,134.91,0,0,0,0,0,1,1,20,,,15.47,30.43,0,1,1,1,CPMM,,,,,,,,,,
1790968939,HXxJdaQbrYRvwTAM8M8mUPyoRPvmyuUbPFBRkiAAMASS,Ansemmas,6qirp44Q2T8B1CfbGmnqeXCLdQhFqmNCfAFfpKG4N156,pumpswap,1790873795,0.0001787,43133.58,170453,170453,5260.98,37628.5,231090.36,3748506.47,56,55,401,296,2243,1873,31730,25671,5.63,12.05,-44.32,-46.37,30,1,2,1,,,,,,,,,,,
1790968939,H3NJL31MZyELu2NyxtoJA4ej8ESEHtQfxZGDVwdjpump,FLINT,3TC3rRAenGqSStn6mPx3MJGpjYmMUzUxYVuo3nqwkdcd,pumpswap,1790866046,0.000006760,5745.11,6526,6526,1.71,267.33,2577.14,16387.43,0,1,2,4,28,50,253,351,-0.86,9.76,-22.53,-50.91,0,0,1,1,,,,,,,,,,,
1790968938,DQUAnBuahNy6H2kfpogiQuxXEc5YTcsvU2rhmL5Npump,MICROPEPE,33KbeG4cSNEfMPraXbycaw8xUZHyCQbgc6yu4JugcKsP,pumpswap,1790873275,0.000002332,2431.26,2252,2252,0,0,1.96,5.36,0,0,0,0,0,2,0,12,,,-1.92,-0.15,0,1,1,1,,,,,,,,,,,
1790968938,G8a6tsFWrXKY21xkY58VnjAbQWDJwCbmQ39B9ALApump,Bagroom,FCpE693ZAmcuXrvVa9S9KE1iyJjgjDg5sidD4q3GaFo3,pumpswap,1790875631,0.000002437,2441.85,2340,2340,0,0,0,20.06,0,0,0,0,0,0,2,5,,,,2.84,0,0,0,1,,,,,,,,,,,
1790968936,AFdP6pnJwj2mwfeji6rR2bA9pz1AVV96u1R194dLJwKK,PUMPE,2xf3W6SaPeBhwkT1ShHXkbhGGJohtdWuBDCjdZ6Xva8B,pumpswap,1790882186,0.000002666,2828.31,2577,2577,0.13,36.25,120650.92,582394.34,1,0,12,18,1731,772,16385,3991,0.54,-0.7,-97.16,-95.26,0,1,2,1,,,,,,,,,,,
1790968938,ELrh9rMDKTyzEs2wiyriwZr6v1ctXVbMZvtLb5NZpump,ANSEMWEEN,ApCE8T21XxoV9juL92YY4w5AymFzFScKueVYdYoRDNAH,pumpswap,1790884192,0.000005382,4645.81,5142,5142,33.22,208.29,836.08,186088.15,0,3,2,18,22,49,3094,2562,-2.12,-13.13,-17.4,-88.96,0,0,1,1,,,,,,,,,,,
1790968936,9fSncMMvKNcr8T4VBGsk8rBQrKqkRGCFBNWgTTiCpump,PumpBlox,EqxkDxX7i8t1cadgTLQnRJsMLcPphPvmUKZ36MQuqRWR,pumpswap,1790880911,0.0005579,69604.99,554167,554167,0,1383.64,12052.36,65739.67,0,0,9,3,50,56,2087,733,,-1.13,4.21,-3,0,1,2,1,,,,,,,,,,,
1790968933,26XdE2iBEiTnjgKHTcY3afaqnUtWfAj8HHrciQBBpump,Mymo,A7WoBBJTZpb9jE3GYPhP6NcqjQiBGumJCdpgcqTVajg8,pumpswap,1790882446,0.000002916,2873.44,2804,2804,1.04,12.95,66.67,130234.18,1,0,14,10,32,22,2198,2223,1.32,-1.02,-2.9,-94.74,100,0,3,1,,,,,,,,,,,
1790968936,8svf3G1X4mnAX3Xm71jFXgiHydbvc5XKQKicbnokRUky,COMMIE,Cmcfrs6r6dsCyXvhooFbwvbvNDqe3vDHeXcKmfWGAzrr,raydium,1790880518,0.0002679,52841.73,267976,267976,165.56,9105.49,75366.54,1611881.72,2,2,40,61,472,343,7869,6498,-1.14,15.52,-1.93,-79.99,0,0,0,1,CPMM,,,,,,,,,,
1790968935,8QHCUwkKLSeuBfz9BVxSd4oXCJ3wMCYkRaSNXPnpump,BSI,5h127wbrPtdCJLSqg4BPRYRSXYexBHpdwYquYZ4nuKFc,pumpswap,1790880540,0.000002385,2408.66,2377,2377,0,0,0,70061.11,0,0,0,0,0,0,522,339,,,,-99.53,0,1,0,1,,,,,,,,,,,
1790968934,4K8V9yH6kKRLS46BTG68Te1QHLkb7an8J5YcWQ3ppump,SACC,7eQjxhGFZcjioSBX2GS72poE4XrqYYsyUBDryb36s6Ed,pumpswap,1790878013,0.000002605,3022.96,2582,2582,0.39,2.6,22.27,2341953.06,1,1,4,3,11,9,61171,27789,-0.37,-2.96,13.47,-99.75,0,1,1,1,,,,,,,,,,,
1790968935,7KEPApdbBMByrmqihz3bht2uMhFQcatjfSFQCKq66kH3,DARK,Cprsvqk2riV3WmTewKK9m6cm62zaAqLDArAbBmN3pe4f,raydium,1790876181,0.002245,140125.62,2245495,2245495,23261.06,233094.53,1720358.76,2668462.9,55,53,721,721,6182,5653,9923,9137,13.8,4.93,352,1204,10,2,1,1,CPMM,,,,,,,,,,
1790968938,GTrkaukkkKMJa9zjf6TApVMAFvZQ2NKCgqdBwLvfpump,pepeween,AiS726Fe1iC1nq3nL7vLhAj8MASfcpqGaqqb8siqKANq,pumpswap,1790882403,0.000002356,2499.36,2288,2288,0,0,0.1,389464.13,0,0,0,0,0,2,1231,1408,,,-1.41,-96.97,0,0,0,1,,,,,,,,,,,
1790968939,GeefJCpSY9csQ2GBccVJzsyS22if6auvH1DAwmk6PuY3,GAIN,7rvAuF2BvcVzA9K3xUx3QEeGMcYJKaEgmXM6kLLEWTfi,meteora,1790882510,0.0000000006432,1.08,1,1,0,0,0,0.08,0,0,0,0,0,0,0,4,,,,-24.7,0,0,0,1,DYN2,,,,,,,,,,
1790968937,C5XCvWsbGJsnxVetoPPS1ThQhXNCRgxuB3BfdQrMZ4Mi,Mr Beast,DtwVhBNBauSwNuRQcXVBsHtJVrAb6jd7bWaqLuCFMwMV,pumpswap,1790882428,0.000002133,2144.41,2118,2118,0,0,0,29501.16,0,0,0,0,0,0,2852,4607,,,,-99.29,0,0,0,1,,,,,,,,,,,
1790968936,9AcEjJ8bboinTcMcysVmfX7jMxjGq3PjPW5d9H14pump,NASA,7zVfcGCXLNv49457ScoW8LCJgUYSyP5BtiUrujuNnCT2,pumpswap,1790882407,0.000002200,2218.67,2191,2191,0,0,0,57886.25,0,0,0,0,0,0,2971,6293,,,,-99.51,0,0,0,1,,,,,,,,,,,
1790968936,ATnM2Mpb6Suc65m5wz2yi4Ud6Myb5XziF8SwLVwXbc22,Ringo,42TW171LQ9V6KmtZUgNyNR3DtnZczPv7SaBe2fo5Rg6o,meteora,1790882419,0.0000000004362,0.77,,,0,0,0,4780.11,0,0,0,0,0,0,153,154,,,,-100,0,0,0,1,DYN2,,,,,,,,,,
1790968938,DRkWrabEffLdA5XrFmx4v2ZxGunSZ6XZTQcmzZRrd3L8,CASINO,Fadkoz39vfAFUhtxRbGAQsVsusfgsfY7kGAUubHVSGsy,meteora,1790882421,0.0000000006441,1.12,1,1,0,0,0,0.07,0,0,0,0,0,0,0,5,,,,-20.91,0,0,0,1,DYN2,,,,,,,,,,
1790968934,3RwwL3j7pe1B5XciFShnW4T3Biu5Ra8GAgoGvq2bpump,67 Coin,7YLAQATj44JfCYE7KGtZDz1QTV4yUDfBjj7DDHjVb6aj,pumpswap,1790880349,0.000002197,2224.23,2186,2186,0,0,0,75366.85,0,0,0,0,0,0,3378,5166,,,,-99.85,0,0,0,1,,,,,,,,,,,
1790968933,2T17YbR6DTMBCzvpJYWFvTLDTrWGMTbba4GP9punpump,VraxWifHat,J1R9NZJEEiqSsz4Hu2zeBDiHAAExNTtgM1kVYUVFMEm5,pumpswap,1790881896,0.000002542,2757.23,2455,2455,0,0.31,0.38,399350.01,0,0,0,2,0,4,1037,1298,,-1.23,-2.41,-98.4,0,1,1,1,,,,,,,,,,,
1790968937,CE8HkJ6BY8iEuTuUBNQTVSXxZn7KTXc21dnBmbkppump,UPTOBER,6bPEKpBxaLB2DDm8nmLPuFRteT4YmqwXvaiqS6LZCaeA,pumpswap,1790883084,0.00002120,11371.15,20570,20570,0,0,610.34,138099.31,0,0,0,0,5,4,911,1085,,,-4.14,-56.76,0,0,1,1,,,,,,,,,,,
1790968938,E5BSMSUDeAV4QVNTKaBJsk3dXz5x46usjZCkEC7ZLf7M,UPINU,2FETgq6jJbTeaKuAPH9irM8ADCB8gx6VCqTf4Jfnca8v,pumpswap,1790936022,0.000003721,3482.25,3376,3376,0.27,7.12,172.27,17929.27,0,1,1,3,14,21,157,294,-1.93,-2.8,-6.75,-92.44,100,0,2,1,,,,,,,,,,,
1790968934,48QwQmAa6J3iBuUGUwVA9Fy1vkwx4wisSrd2gVSDpump,MUSE,2jC1sHurtsRNpaPaYwjCtN9z8EkK7aD7h6HzF4BtosTm,pumpswap,1790883706,0.000002878,2842.01,2735,2735,0,0,97.76,104242.31,0,0,0,0,1,6,1252,1272,,,-8.5,-94.05,0,1,1,1,,,,,,,,,,,
1790968935,8CFG8NK17jJ81VhY4D9WFE1MHKomVb5ao7Eqv6Tg3iiZ,VBUCKS,87hMAezpCey9426J88dp3hazzWoRXwtu9cANxHn3SXCj,raydium,1790871915,0.00006733,23701,67339,67339,36.47,2932.5,14326.9,74753.23,0,2,22,17,142,118,601,478,-0.68,-12.48,-0.53,-59.15,0,1,2,1,CPMM,,,,,,,,,,
1790968934,37t1792p1eFWxmEroYRXe26FStK5UQzWz2zfN77q1Tjv,Sid,F2nS3wgQabjYR5zDYfXUSmkyDcxrCQdfHF1wmLRgb4Tn,pumpswap,1790882893,0.00001195,8416.67,11643,11643,0,947.24,9664.31,841200.51,0,0,24,13,110,135,11455,10437,,28.41,-29.36,-75.78,0,0,1,1,,,,,,,,,,,
1790968934,6S3G64EU4fXpwWWk1qHNUnWMtrLYtC6FwqXMsJU1pump,GIRLS,Fy546cLFXpyQsWsHGt7YhQfq95xn4r6wKNqVkcnzDVLu,pumpswap,1790883960,0.000002556,2546.07,2361,2361,0,0,0,58291.86,0,0,0,0,0,0,2302,1012,,,,-94.72,0,0,0,1,,,,,,,,,,,
1790968938,DhEQve72pZDvKgfyNmi6Jvntk2QUKeq8qAz4uqS47zVQ,NOMI,6FshwwAf7vq1GPMpXFKga6F3vzKtKbr2YuotZ2xbh4xF,meteoradbc,1790883902,0.00004568,,45688.68,45688.68,0,0,0,8165.73,0,0,0,0,0,0,266,275,,,,191,0,0,0,1,,,,,,,,,,,
1790968934,68Yj1FQqGjVB9m2vvjp3WtN4fH7YTBg16ZtL9PXXkPCs,Ansemmas,2dWBZNgBEY6aZR4VvYbg43ipZbTdD2DGwYxkSxA8bZ8v,meteoradbc,1790883963,0.00005309,,53097.72,53097.72,0,0,0,8202.44,0,0,0,0,0,0,274,331,,,,6.8,0,0,0,1,,,,,,,,,,,
1790968937,BZRynxokomCXHEWK3Pvr8p1wqzGzY31NVVMzQvYVpump,MetaMask,7HMp38Z4FZscqBGgiSFBfd7fX3obHNhQNc7iYPDwd2Qi,pumpswap,1790883076,0.000002142,2165.24,2142,2142,0,0,0,99362.93,0,0,0,0,0,0,9282,10599,,,,-95.64,0,0,0,1,,,,,,,,,,,
1790968940,mNg27UTWqp7UyL8npd1wNCZNf7C6G24sxnM5FM5qpad,pad,67KdbFJ7iSKYJsZZC1YnMA6f6L7KxFcT9p7NqYEArG39,pumpswap,1790891125,0.000003449,3359.65,3303,3303,0,0.06,15.15,265351.45,0,0,0,1,0,47,2091,2222,,-0.58,-5.56,-92.65,0,1,1,1,,,,,,,,,,,
1790968936,AeQkfC7oca87YVHNdyMGHPWcief3NFqMYRGfYjWzpump,cabypara,4aB2BRxQe6cqV91wMDT2eh1g2TSULkypn6EUbNDPHugW,pumpswap,1790890789,0.000004812,4417.83,4634,4634,0,121.17,8358.57,552910.2,0,0,2,6,92,145,6425,5781,,-6.91,-65.45,-89.87,0,1,1,1,,,,,,,,,,,
1790968938,FvqbvdfaZrfRNhwnXCNHdkmNvh9RjjenaQdTzPwGPcLE,DelveTown,EM9yWzTXbUh9coKKo9E83FmstkZCXZ2xLjTxme4JSxCw,pumpswap,1790890819,0.000009708,6927.97,9202,9202,0,413.86,1489.6,106467.88,0,0,0,9,13,20,916,981,,-17.32,-19.51,-80.03,0,1,1,1,,,,,,,,,,,
1790968939,Gx5Sqm4Sc2pWVDbUquCug8brxAXoHMSR8yyYW5MUxpay,XPay,4aaGpLziqhvyM9P9uZ9paSsm6RjSYgaUgPU7dpPQuYhW,pumpswap,1790891273,0.000003841,3571.5,2897,2897,6.34,6.34,12.51,22669.16,0,1,0,1,0,3,191,295,-3.16,-3.16,-5.31,-92.05,0,1,1,1,,,,,,,,,,,
1790968938,FXQPeVeEx9n2J1Qb7tmtPWxAbbKm36r2xoKve6RShKZh,CHONKS,2zo45v6uWbPwq1YAMWAfCgoo4rBGG5jgJtYrdxnqzzfZ,raydium,1790891175,0.00001960,12955.89,19606,19606,0,850.18,11549.42,313224.91,0,0,11,10,80,90,2805,2216,,-18.4,-3.77,-61.4,0,1,1,1,CPMM,,,,,,,,,,
1790968937,CoN8oLvyWTjtSBFTEjUWLz25BXJmGjTvNcYh81D3pump,MAMESUKE,5rcqUcL7XGaoLAymqfwZK7mqnhsPcf2rN4y5tqQ1iqiF,pumpswap,1790880399,0.0001157,29460.61,112640,112640,0,206.02,2969.95,197571.7,0,0,6,1,39,30,843,534,,0.47,0.45,41.12,100,1,2,1,,,,,,,,,,,
1790968939,GnsjGzaJAGH2kwpwdh7S7DQzne22937Xi58ZHsYEN4uK,BORN,4xKtoPrp7gEjw7sM3goagSL5j5CvyjRhCjVX4Qusz49Q,meteora,1790882204,0.00003936,15577.97,39361,39361,0,430.92,5125.45,93787.62,0,0,10,0,34,25,609,486,,12.06,-13.34,82.11,0,1,2,1,DYN2,,,,,,,,,,
1790968935,6sTeW8FTnguChbpayGQbRWXUHYaRmwwka1jLtvVk4cH6,CLIPPY,55imcTgHrNQ8mfd54Yc1KLJxRXCMEEuFvw8ggcxNvaU9,meteoradbc,1790891163,0.00005285,,52859.63,52859.63,0,0,0,8344.83,0,0,0,0,0,0,313,335,,,,6.85,0,0,0,1,,,,,,,,,,,
1790968938,FBTuJpifpqwwKrpMn8cE6t8VqM7ZtcB2rCRVFKQRhJEQ,CLIPPY,FPxt6PUQKwwgp2ocXp11FcFzGV1WUPsVvsSXF4WQAk9m,meteoradbc,1790891123,0.00004591,,45918.15,45918.15,0,0,0,13122.74,0,0,0,0,0,0,408,437,,,,194,0,0,0,1,,,,,,,,,,,
1790968936,ADSCW9gKs3mQdDURDG5aTyiTV6aAeGy4yrKQGjWMALYB,ELON,CkcRzpCyTiBtnKGV7EVokX5LKnfa5Ht7qLHPTdVGbtPo,meteoradbc,1790891219,0.00005287,,52871.12,52871.12,0,0,0,6944.92,0,0,0,0,0,0,380,369,,,,6.13,0,0,0,1,,,,,,,,,,,
1790968934,66hK2GEsF5djkH6JWYCVKytuhz5Hc6bvsDQzRgqrpump,BULLISHCAT,827V45MWcBaZaq1Wjfw4N2CDEsWR8sU4jr6Pboxb7bq2,pumpswap,1790890888,0.000002403,2576.18,2366,2366,0,0,0,888332.18,0,0,0,0,0,0,13659,8085,,,,-97.18,0,1,1,1,,,,,,,,,,,
1790968937,B1anTusUpsM9MyKXeBx1pPyKfPWdAbdEkSi1dthj93Kk,ELON,HUe2Bb1g9BrUPR4Hcup34zcdqrnHxZ3xVRorUM1B36mM,pumpswap,1790890407,0.000002096,2111.36,2083,2083,0,0,0,65104.18,0,0,0,0,0,0,10801,10447,,,,-95.71,0,0,0,1,,,,,,,,,,,
1790968934,4APXxszeM6kKV2dK8Ebunjms6KW6kkC8mW2nghN2WAQ8,CNN,39dtmM3mEarK82vbSnX5WsH6bUnP5LBv8ZK2i3idEnnB,pumpswap,1790887404,0.000003638,3649.59,3621,3621,0,0,0,154255.95,0,0,0,0,0,0,28945,23205,,,,-92.58,0,0,0,1,,,,,,,,,,,
1790968934,5Bm2okRjxDDa6rjSAtPT32MLaVaeKgypKqYY58tkpump,BOUNTY ,FNaro2GC5aJwY6Zws7zgyqnANtwonbZunBbkUE8Xmuzu,pumpswap,1790900324,0.000004799,4735.58,4589,4589,0,0,47.01,56363.11,0,0,0,0,1,2,349,452,,,12.05,-91.88,0,1,2,1,,,,,,,,,,,
1790968938,Dh4EMF5SdYBXX6NGY6q4ByYBHE5odCZ5YxC6Ej9fpump,Funded,7mgc85MRhLCpbM2UdCURaN7ZZ9rh7uXGXrF4HmZo1LvH,pumpswap,1790898520,0.000002640,2633.47,2409,2409,0.22,0.23,56.38,123022.27,0,1,0,2,0,8,1403,1635,-1.09,-4.01,-8.17,-94.48,0,1,1,1,,,,,,,,,,,
1790968934,3TtCNtvNLPTe21RnA8WbC2QRUYCABDZEqdLRPeErpump,WANT,rntGzi9ph9Sd2LbpjQ5RCEvbb7nsXp13kS8jfWSHwoW,pumpswap,1790897715,0.000002968,2978.95,2866,2866,1.45,22.66,105404.23,224066.95,66,60,797,615,4459,4329,4886,4836,1.29,-1.04,-97.59,-93.92,100,0,1,1,,,,,,,,,,,
1790968938,EhiPqEwxL4W1Gc9JMtnzvSPpZ9C8jXNkbaZzR4ZSvqap,bluechip,EPaEogn1T2tk4tzwwq7d5rLsukXWV5CaXxVBT2JrLpgp,pumpswap,1790898249,0.000002496,2488.06,2381,2381,0,0,1116.37,61930.8,0,0,0,0,9,12,649,691,,,-1.85,-94.87,0,1,1,1,,,,,,,,,,,
1790968935,6d82cCtC1LktWWgjUz5h3vMenFj5EDHLMBFvcpmvrRi,shoggoth,8RdbS9dStwL1HK4tVzkgwG84TmREU947BRBXf6fQRJus,pumpswap,1790895893,0.0001439,35917.64,124115,124115,116.22,27867.59,290747.52,2268738.05,3,8,132,202,1818,1553,13651,10980,0.13,11.21,-53.37,207,0,1,1,1,,,,,,,,,,,
1790968934,4naEZGbcbjus962y2btMWz1ZinTqLbf9CjnpQJaLz6Fn,RAM,2s29TqqyjJyGzwPGiaU61vAp8CM6kzwajfTe6p9iYFCW,meteoradbc,1790898177,0.00004434,,44344.41,44344.41,0,0,0,10157.06,0,0,0,0,0,0,246,298,,,,172,0,0,0,1,,,,,,,,,,,
1790968938,F8XR6Dh5nj8EGmogK3aBMKxuNdzgKTTkZpMnaUJW4FUs,STONK6900,DVaqxZnXXN4kxtY7iDN3VFcNfkfjPeMViNgYRp8bXtTs,meteoradbc,1790898205,0.00004619,,46195.5,46195.5,0,0,0,9637.31,0,0,0,0,0,0,373,374,,,,193,0,0,0,1,,,,,,,,,,,
1790968938,GBvYqzzR5A15Ry8ZcBUyNyRGK479JAnqbsjRD3ppgLmC,UMINE,J4F1vFZGmPpT2RTiBWKD4wNy2c9N366eTw4SJn9FKGMJ,meteoradbc,1790898304,0.00003532,,35329.57,35329.57,0,0,0,7253.22,0,0,0,0,0,0,228,247,,,,81.52,0,0,0,1,,,,,,,,,,,
1790968934,3B68FKBssBDGyxrNZnH9usvKkAPfg89Vi3vMPE4tpyCg,RAM,7M8a6h8QqxzG9tg2Y4qL4jL1yGS4x8CeDFde5rRkoxBr,meteoradbc,1790898319,0.00004570,,45709.07,45709.07,0,0,0,7047.9,0,0,0,0,0,0,167,213,,,,181,0,0,0,1,,,,,,,,,,,
1790968936,9Y4afMW81vqd26i1c9vX3SEbaYMbtPifFRCYHqVUpump,LUCAS,2mFrDNHUqpqdj5Ndrp4gU92pquBZWUJH8R81YLLg2q4S,pumpswap,1790901969,0.000003135,3060.39,3004,3004,0,4.95,269.57,118553.63,0,0,5,5,20,18,1180,1328,,-0.47,-17.76,-93.63,600,0,2,1,,,,,,,,,,,
1790968934,5zxzU6duesnfLdtAQ4kJPrcPkiFHz3PcbkmZ5QQm5QgN,RAMCAT,69Fypsx4NbpNRQppMpGAKQZ8tSjhwjRZ1BMrWXAuiZjo,raydium,1790897450,0.00003240,18782.09,32406,32406,3186.29,13265.11,60796.83,2919523.83,10,8,90,82,600,531,18801,15390,-29.3,33.83,-34.73,-33.37,0,0,1,1,CPMM,,,,,,,,,,
1790968936,8q8L1aEQvNucXUdSSC6VSP9E9WBmXS8jnUsGZpo8xDPo,ELON,9QnQ3jG4BrEm3uzMtWcQztkY3eiP76dnJhA6QoPhJVcG,pumpswap,1790896461,0.000002146,2173.18,2133,2133,0,0,0,143865.84,0,0,0,0,0,0,20171,17185,,,,-95.63,0,0,0,1,,,,,,,,,,,
1790968933,2ZfU7Kv3mE86vUDQ1usf9bfDgyqjwP7JzqgvLmudpump,GO,6oD1kBVy7crVpav7nbXTiVxRFowWdPbg9XykJUE8tRi,pumpswap,1790905374,0.000002720,2730.91,2649,2649,0,0,4.92,199018.16,0,0,0,0,0,3,1079,984,,,-2.75,-94.35,0,1,1,1,,,,,,,,,,,
1790968937,DBn1mFRGcnKoSCkgh7w7BFM64dZvpbtZQWeXnyBJanon,anon,5B94srvYnVNY71GW5vKpKSWdBH2KW5PcDXNwrgRBwsB7,pumpswap,1790907247,0.000003360,3303.42,3263,3263,0,0,376.3,245531.98,0,0,0,0,5,12,2378,2233,,,-8.06,-93.26,0,2,1,1,,,,,,,,,,,
1790968936,9Vke8MJboctWv8N922NJXhcoZpC4xy5TSH5SQEopxR8x,BREAD,3XcumiHFARp6EBvd4rZNvyErViFTweBjysh2xFVPiXyB,meteoradbc,1790903631,0.0004198,,408148.16,408148.16,14.06,16195.23,128621.21,2536386.81,3,0,54,51,433,360,9944,6688,-0.14,-16.76,18.87,10167,0,0,0,1,,,,,,,,,,,
1790968935,8jjRE5D2pUnEF6U2dYkL2n1Nw4Lwn6sQY7QpZkqUjhXX,JUBJUB,8SCfVT1p5MzC352e68t5CUgybYwKtat2jjKidNtjahxM,pumpswap,1790903969,0.00001096,7743.57,10296,10296,146.46,647.1,13714.76,257926.28,1,0,7,8,107,113,1873,1376,3.66,-17.5,-53.65,-77.6,0,0,0,1,,,,,,,,,,,
1790968939,J98BvxSNtzCKsPaporUaAVmEB3wkpnKWeYo7EtmHpump,Cateoween,71gc5XdBJUGNHtijM5otMWnn3vi2FMfan6g55FoJku1T,pumpswap,1790909433,0.000003492,3337.75,3349,3349,0,0,157.09,102709.65,0,0,0,0,7,11,1264,2628,,,-6.34,-92.91,0,1,1,1,,,,,,,,,,,
1790968939,J9SjRyY24ZNPgbQUQYQSv43i2QgVrNYek4scbFgSpump,MEME500,8TKphAhrgz9EMG29Vepk1rAkDJfW69UFe4Yb1xadBhnR,pumpswap,1790904879,0.000002849,2900.16,2768,2768,0,0,641.75,350519.34,0,0,0,0,5,11,3651,3286,,,-4.64,-94.17,0,1,1,1,,,,,,,,,,,
1790968936,9auxxjpRQFcKyteHhAESosvvqwyPJPCQJwbAddkfpump,mote,DWpn2uNs1NwMujAASPpw5eP4ZQLmc8gjZYFSz5FCH9Sn,pumpswap,1790905261,0.000003514,3420.25,3181,3181,0,1.96,195.82,349087.24,0,0,0,2,15,19,4305,3576,,-1.58,-12.27,-92.68,0,1,1,1,,,,,,,,,,,
1790968934,5GNMA4Qcmqf8nEcqKJMKJJgEpeVpfTkLt32cnqMmKkih,Zeeѕe,2XMcHq7dJPDdrKzidLa9PqWJ9dVo1H86f2HiY63HESus,meteoradbc,1790905609,0.0001281,,128160.26,128160.26,0,0,0,11956.97,0,0,0,0,0,0,193,268,,,,1038,0,0,0,1,,,,,,,,,,,
1790968934,3bv9Kes7Ag4MafnyN8CKFcB6B9KZwdh6C6tB49DXzkiv,CROSSRATE,AFQM7xKcZsnz5onvJ9K438ir3Rn6LcdPvK6J9e2yshgX,meteoradbc,1790905498,0.0001001,,100141.19,100141.19,0,0,0,7310.21,0,0,0,0,0,0,220,236,,,,33.06,0,0,0,1,,,,,,,,,,,
1790968938,DNSaHRYbDhCtB9CMkzahyYkLwNkCU8TBGfgNwPiavJPz,Zeeѕe,3DYqNRzo7BHaLNnFXjsnEqy3sGsHK4hUD9KUYmdrwueE,meteoradbc,1790905592,0.0001018,,101891.86,101891.86,0,0,0,1304.58,0,0,0,0,0,0,7,2,,,,805,0,0,0,1,,,,,,,,,,,
1790968937,BhFzmtJBoc9HMPJN9ccBGHPGJpAxZKJU1w67o3Dv3jsJ,blofomo,B9kBYQghmM5sHEE3rNsdJyrt3mBrcN5ANQVvkhE8y5zs,meteoradbc,1790905577,0.00004312,,43126.87,43126.87,0,0,0,11987.97,0,0,0,0,0,0,214,262,,,,178,0,0,0,1,,,,,,,,,,,
1790968937,Cgyydgp3UKpLBFxzFkQY1f3ZnAsBvM8nQHbkwNWhteY1,RUST,9U6B6K3SNM39zqqwEoCrutyo4SSdtVQnPpZbud5vnfHq,meteoradbc,1790905533,0.00005813,,58134.74,58134.74,0,0,0,4439.35,0,0,0,0,0,0,92,101,,,,221,0,0,0,1,,,,,,,,,,,
1790968933,27c7yp7iu7WcmjQsZ8GJtzPZ5it94foLLj4HLrucLCwt,MEME500,F9xHDbo76LJizyimFF2rZFYZfNMZ3eYshBt74iQ8uuwV,meteoradbc,1790905400,0.00003512,,35126.7,35126.7,0,0,0,16978.28,0,0,0,0,0,0,530,617,,,,92.15,0,0,0,1,,,,,,,,,,,
1790968934,5sb2R7Qk4Ww7q9oTn1z55QuBjoo9H11kNrBE9LAtHvGM,DICKBUTT,Ab69XsiHCSw6BgbczU64kE6DhzqqpDxTz7CGJ1azDQsz,meteoradbc,1790905606,0.00005347,,53472.96,53472.96,0,0,0,8328.49,0,0,0,0,0,0,170,233,,,,195,0,0,0,1,,,,,,,,,,,
1790968936,9ikUNbhkAR4wYC3VFYvtm8K2r86WJyJTZ6na2q3Upump,velka,DvBxeSN2phwHnq2gaZMLZFxbmcjL1YP5YJEXrxnWHMpa,pumpswap,1790905113,0.000002468,2592.02,2387,2387,0,0,0,441634.5,0,0,0,0,0,0,2290,1813,,,,-94.99,0,0,0,1,,,,,,,,,,,
1790968939,HQvv6EZvnq2nq59rVTHoY5gj8cXQrk1cjEyiYGDapump,DICKBUTT,FRMezVL2UHwiMBTuDGaKNV68Dk1bYU2ZXMokowRY3Kkh,pumpswap,1790905534,0.000002960,2908.75,2612,2612,0,0,32.87,106771.33,0,0,0,0,1,8,1694,1635,,,-5.67,-93.94,0,0,0,1,,,,,,,,,,,
1790968935,834KW43FMy37cpEWmHcZ16FmTDn3hWjYvXWJGDF5pump,NASA,D73SAoCsmu8yJytcgPL9orLkqrTbggouGxCZZvHgBfrm,pumpswap,1790905109,0.000002131,2155.72,2121,2121,0,0,0,124894.24,0,0,0,0,0,0,7228,11964,,,,-95.68,0,0,0,1,,,,,,,,,,,
1790968936,Aaan4fxwhKtUUPg2GSKq6natLV9oj9QQNf5xT4UE2gXr,BOT,CyivxGzjZGormKXFvzKKe8CL3DbfM8a6Uso6sBHz8Z5L,pumpswap,1790912617,0.000004970,4720.37,4806,4806,0,193.41,1157.01,1007804.62,0,1,0,7,17,52,10675,9302,-0.78,-11.92,-9.44,-89.95,0,1,1,1,,1790969019,0,1,0,8,16,49,3081,2890,100.0
1790968938,DyrjPqqqTdcqg6NCuRDpMtoE9knDdPbRtXhghgPXnPw8,MODEL,48VCc7v35W4knRvMRa7HPtEtX6wsBN5Q7JPyBfgCXHaM,pumpswap,1790907131,0.0003081,49181.24,303280,303280,9469.73,123787.62,132758.26,307488.93,28,30,445,382,494,429,1521,1231,10.83,641,508,518,0,1,1,1,,1790969019,14,14,249,177,274,207,654,567,100.0
1790968938,GAwhcphCqCv5bKHmCiN4VDdNWfbXJL4npmkc8L3Q9S9H,www,Cr469Kh7oCPtQk5YADEmjVpBWx1DiXXLiooPFJn23jsg,pumpswap,1790911442,0.003939,241641.79,3909091,3909091,22276.11,841153.02,2975250.52,24059531.76,104,124,3052,2989,12831,10973,104314,90558,5.3,36.29,-7.37,7875,0,1,1,1,,1790969019,50,51,1618,1560,4740,5096,22271,19269,100.0
1790968935,6dLcsLGtuGkRCnNiNt54MZ1dzjh6brApjNBc4r6rGPQj,BOT,APpHkhoaBKC2Xq3t3b1rn2AXxy9LTw62vpFxoTxxrKZw,meteoradbc,1790912897,0.00004686,,46861.02,46861.02,0,0,0,13268.58,0,0,0,0,0,0,302,367,,,,173,0,0,0,1,,1790969019,0,0,0,0,0,0,127,141,
1790968934,6QGEnedStqp59AWKx2uV4wQP3mUxihbQSZ1v4ic1p7h8,BOT,3oXXo2DibXyAkKf5Le3fAG1HsWiMvKp9Atj2QZ2SbEoX,meteoradbc,1790912862,0.00004507,,45079.91,45079.91,0,0,0,9858.88,0,0,0,0,0,0,201,239,,,,172,0,0,0,1,,1790969019,0,0,0,0,0,0,112,123,
1790968938,GKcZJus5h4CbRRtMD7m4ZEySGwPUeDXjeVPvw7Jx1Lop,APP,51XdPPjvZDNLSKmY8y92h74sCwDQV6THprjPTQHEFmqB,meteoradbc,1790912688,0.00004388,,43883.76,43883.76,0,0,0,14863.84,0,0,0,0,0,0,563,691,,,,196,0,0,0,1,,1790969019,0,0,0,0,0,0,127,117,100.0
1790968939,GcC9UiFt6qWAFmXKUtt2tbWuqyWyZHZzp4cwLwpipump,SIGF,AZ7SVXw6WpbzmFKsXd8L8FFCu9xcBUrTwJyrU2rDWERR,pumpswap,1790912251,0.000002186,2214.61,2186,2186,0,0,0,162306.16,0,0,0,0,0,0,7641,8636,,,,-95.62,0,0,0,1,,1790969019,0,0,0,0,0,0,2180,2432,100.0
1790968938,GHvTjrwPFfaoVyo5JBucpu3zAoJwVrfceAbgwK6kpump,TESTCAT,52daXY46Ni5K43eZtLwfi8C3iMQWN5NsctYSHyXxSw75,pumpswap,1790912667,0.000002373,2526.24,2323,2323,0,0,0,578537.63,0,0,0,0,0,0,11438,6201,,,,-96.97,0,1,2,1,,,,,,,,,,,
1790968939,QuhFRYFy8RXXj6G4mzHK4GQtqWXirgFCTeDnJBqpump,Coca-Cola,2qDoWsXSQpXMSoyMqDLivhS23iVC757uKJCTLcTjfCLa,pumpswap,1790912414,0.000002087,2100.78,2088,2088,0,0,0,60446.58,0,0,0,0,0,0,4719,6168,,,,-95.82,0,0,0,1,,,,,,,,,,,
1790968936,9vqxGDewvPMPWDMZbgbBMwm5miMSi4NrquJYfZLApump,Apple,37UogAUHmno8L3rbnDbcXZWMyzpTmMPn3TL8MdLVtEcf,pumpswap,1790911395,0.000002177,2198.4,2177,2177,0,0,0,106499.38,0,0,0,0,0,0,9253,9179,,,,-95.63,0,0,0,1,,,,,,,,,,,
1790968940,oxfZZsfWcrqoUX6p8dqGrRWXaWx5vzrng13TvFKUUxF,Mr Beast,AL79djJvrxUrSnSFMiMgU369itEa7PZEcnwHXu996nPZ,pumpswap,1790912343,0.000002180,2195.28,2181,2181,0,0,0,66187.45,0,0,0,0,0,0,9854,9784,,,,-95.64,0,0,0,1,,,,,,,,,,,
1790968934,46doJPsSjEVMsNZm4b32UbbvbUXjFTM3TDPBWMM3pump,Cadence,4TjiqZQoCtTNtmDqqmEV2SPoeGZipueRFyRamnFXV9su,pumpswap,1790649631,0.00007785,24068.93,75187,75187,39.96,1846.01,23207.27,153994.55,0,2,6,16,123,104,987,689,-1.51,-4.71,-26.7,212,0,2,1,1,,1790969019,0,1,5,14,49,67,341,315,100.0
1790968935,7fk4C9dUcDMECAKrScaMK6wiFWrXweTDavaDXM4udbCb,Mr Beast,BQEF7NcsmQv28z56LhjsrzWTQpwv9LxHB6EiUbwQQWV3,pumpswap,1790916449,0.000002217,2236.28,2203,2203,0,0,1.19,153936.59,0,0,0,0,1,0,16560,15642,,,0.99,-95.64,0,0,0,1,,1790969019,0,0,0,0,1,0,372,922,100.0
1790968939,HUCtCWNZLgKyESnxGEXUTF4J4KBkYd7cx6rbauAVsuma,ALIVE,2RNjUK4e2qh9sfeqUnD6EAkTiUp1HXZmcRi4yP8kEUsk,pumpfun,1790917907,0.000004821,,4821.3,4821.3,0,1206.88,2049.26,263719.15,0,0,10,12,14,38,3048,3239,,0.67,-27.09,15.95,0,0,0,1,,1790969019,0,0,10,12,14,38,1170,1098,100.0
1790968938,EURUyoh4XBV46oNh13fMdL1ckCwxjg7HTUaaySGcpump,Grok,8qBZvJCAWzMST3sBa2sY5EG84ewSAph6rmUCXURG5SbF,pumpswap,1790917341,0.000002208,2231.67,2208,2208,0,0,0,121176.89,0,0,0,0,0,0,8991,8771,,,,-95.7,0,0,0,1,,1790969019,0,0,0,0,0,0,2418,2241,100.0
1790968934,3nrUZUeHMYioNDPG9MXxGChKRSAiVecHUxJHgtMat8B5,ELON,3rvJot9FjgvDPn1PGwnFW3kAhn2p1qoqN3mJ2cAtLP46,pumpswap,1790917602,0.000002215,2238.06,2204,2204,0,0,0,113213.46,0,0,0,0,0,0,9853,9210,,,,-95.68,0,0,0,1,,1790969019,0,0,0,0,0,0,239,2081,100.0
1790968935,7PNrcZtvLn46Un9XDw3Um2UDqqpgdnnqYKd2BA7bpump,WWWCAT,BeB41rod18WKctzqWwPs6HMLLPtXrB99QxowfvdACDtM,pumpswap,1790918625,0.000002282,2380.26,2221,2221,0,1.66,2.16,350937.03,0,0,0,1,0,2,6409,4397,,-1.51,-7.56,-97.15,0,1,2,1,,1790969019,0,1,0,1,0,2,3631,3611,100.0
1790968933,2t45jba7Wp2vQWfKrZJsyR62yV2sPWBQYLk958qx3Kcj,Shoggoth,Cf8D7ihu6W1WtgH3dPRwF8HNtBSGtAfCAcHPJXXfceKR,meteoradbc,1790919927,0.00008303,,83036.7,83036.7,0,0,0,3737.77,0,0,0,0,0,0,66,76,,,,434,0,0,0,1,,1790969019,0,0,0,0,0,0,62,68,
1790968937,CjUVYWLHdn66zE1KNCcHEUBrApD2vi3WrgdLE2sAkP3f,SYMBIENT,GV18eR5J92RX28CPShN8kYwRFLbJ1LPBh2MwvUbnpC6Q,pumpswap,1790920048,0.000003428,3294.68,3261,3261,0.17,120.87,735.31,280398.15,0,1,1,8,10,35,3331,2868,-0.68,-7.16,-19.87,-93.06,0,0,0,1,,1790969019,0,0,1,7,10,31,1375,1368,
1790968938,Ec1gcRjv7q9yAN9fwQe4cMgZvbhGPQRSe64mJ7cPTAph,Giko,Gm7SFYCHiaDF6BJDi1xL71bnUNwhfLGZLfvJrEoFuv3W,meteoradbc,1790920066,0.00004733,,47335.22,47335.22,0,0,0,12801.52,0,0,0,0,0,0,302,339,,,,182,0,0,0,1,,1790969019,0,0,0,0,0,0,156,164,
1790968936,8nnaeWCw8mUypcGAgbmSuzAT85uWx4UN12adDrMhXrGF,HOTBOT,GLL3CzybpSCLZdoACf8QUM5YrKVwyA65kQ2RcTsJxxzV,pumpswap,1790920030,0.0002877,53749.97,277262,277262,5723.09,33837.44,468905.97,4167328.97,23,13,220,256,2831,2931,28865,25211,-9.13,1.3,-30.42,471,0,1,1,1,,1790969019,14,11,151,154,1254,1545,8008,7293,100.0
1790968939,J5ThxLWwxCRtVwc3g4UUPNFC5gFbsP8xjW8bwhiqy3Zc,VLADMAS,EMJj6zwTBFiWv7x9oZZ4fD1n2ar7FDUQEqdSEXtEFbGk,meteoradbc,1790919864,0.00006032,,60327.96,60327.96,0,0,0,8109.79,0,0,0,0,0,0,152,204,,,,224,0,0,0,1,,1790969019,0,0,0,0,0,0,114,132,
1790968933,2Li7eXeHFntRoi9SasUAhWVrBSw7aAjmCJyajVWaJj7i,SYMBIENT,FUK24cj2onFhe7vM86SBeRHetW2Qio6HFvwpZzLskVBk,meteoradbc,1790920048,0.00004808,,48089.83,48089.83,0,0,0,14496.38,0,0,0,0,0,0,384,435,,,,177,0,0,0,1,,1790969019,0,0,0,0,0,0,142,138,
1790968937,Benez8bZQ56nTsf8iEKx9a5wPQ5Pb31PnxiY1iMdEJGf,ZELITH,5QZ7p9v48eaxzRDtxeP3cmMLdvqEpnBbr2mZKrdVrYWR,meteoradbc,1790920044,0.00005881,,58816.11,58816.11,0,0,0,6192.87,0,0,0,0,0,0,126,159,,,,216,0,0,0,1,,1790969019,0,0,0,0,0,0,94,106,
1790968940,qTyZGgDKVH1fZNhBAnGcUgtyVbVrWZ3uNeuCgJ4pump,GOIF,ANcPJyoPyos5hoGioj6UvkzA4RpU5FRNTb626xSMX6dB,pumpswap,1790851267,0.000007895,6201.63,7896,7896,0,0,2347.96,2780296.82,0,0,0,0,23,6,59680,1268,,,60.15,-100,0,0,0,1,,1790969019,0,0,0,0,18,6,2984,151,100.0
1790968933,1Atst4LcMEYfAXACbCaBpdk166CU8eopNkjyD8jpump,AROS,ffBBc3WzZNJNJu1ZCm85qA4nLibfS4pL7iAgxbACu6K,pumpswap,1790834817,0.000003504,3361.54,3505,3505,0,103.78,502.24,2039749.42,0,0,2,0,10,7,45622,3770,,6.7,24.79,-100,0,0,0,1,,1790969019,0,0,2,0,7,7,2962,1512,100.0
1790968935,7fnqyfEqGSZS1WFZQyMibPz2M9EozcwvjUTnLCqbpump,adidas,GT24SR6idw8os1hmcugdG2nckfj7TrzGCoLAT6dpviQn,pumpswap,1790919368,0.000002163,2188.87,2164,2164,0,0,0,135482.98,0,0,0,0,0,0,4949,5888,,,,-95.76,0,0,0,1,,1790969019,0,0,0,0,0,0,1210,2200,100.0
1790968939,GhAP9Tb8RADFhxpAbyz96VFG8vGUzhMaPLMa38DvQFn2,Giko,BuKG2ytP83oWiSdHF1YjKmHWZEHWXLbxyQjPHRTiUwyP,pumpswap,1790918950,0.00003051,14757.36,29540,29540,511.99,9062.92,47408.77,1059748.29,6,5,104,78,632,504,10848,8873,4.22,28.95,-31.89,-40.45,0,0,0,1,,1790969019,6,2,63,55,275,328,3806,3498,100.0
1790968933,23h7wmi2kv6ptB5Dr95WwtQEjUJicbb9KkPDwK1Bpump,SpaceX,2Q3FyGMsRGreo7CKS9xonw1saKVwoU9QeX1R7tKSdaUG,pumpswap,1790918602,0.000002171,2199.93,2172,2172,0,0,0,151800.22,0,0,0,0,0,0,8790,14006,,,,-95.75,0,0,0,1,,1790969019,0,0,0,0,0,0,454,2340,100.0
1790968938,DWW2fZ5cBYXJ5qnSf2n2W7GdN5jSuxZ2g6eMj964pump,home,CRCgvWrhrfDQ3bMbRCs9yBJzSDPqhftH79KFBxjxJVrn,pumpswap,1790925933,0.000002868,2836.34,2754,2754,0,3.28,197.7,179910.66,0,0,0,1,1,27,2512,2382,,-1.75,-17.35,-94.3,0,1,1,1,,1790969006,0,0,0,1,1,24,907,1044,100.0
1790968935,85QAKMntNJmM8aKxBBHiwczs1jyHFBHnF4WjZBrDhc42,brainrot,8dq9ShXaRwgwrDP7NRyZLjr8nDEg7DzEghwXWtMCU1o4,pumpswap,1790927912,0.000002777,2769.42,2688,2688,0,2.91,264.33,160348.82,0,0,1,1,3,16,1803,1689,,-0.73,-16.8,-94.36,0,1,1,1,,1790969006,0,0,1,1,3,15,682,648,100.0
1790968936,9sTeTDEdc1vJTj6ioGHt4cR6ea1nCYJtaqWiW3kmRLEd,DIT,HMAaXPCSn2nELZkWYNpWbnm9VzVunErSKiYNk8R5j79G,meteoradbc,1790926973,0.0001298,,129856.02,129856.02,0,0,0,40014.03,0,0,0,0,0,0,648,857,,,,865,0,0,0,1,,1790969006,0,0,0,0,0,0,206,215,
1790968938,G9HzLHkGAfnpFH9TnKZQwaMk1zE5MXRDfcKKbYtGCMJY,DIT,Ai6iH3H8F4LB8P4XQasghVPh6wmJzdqLgxD2hyM7ziZb,meteoradbc,1790927305,0.00004252,,42520.99,42520.99,0,0,0,15684.65,0,0,0,0,0,0,335,383,,,,155,0,0,0,1,,1790969006,0,0,0,0,0,0,184,193,
1790968937,CmVfFpKMUDBQtY1XB5y5e6GoLMhVg6H3F1SPG3LaNFcd,AGI,5o6CUyknjVMRjbkwx9rxkqceokjpEHrkD3b1nisqjAzo,meteoradbc,1790927343,0.00004512,,45127.1,45127.1,0,0,0,26411.02,0,0,0,0,0,0,970,1083,,,,180,0,0,0,1,,1790969006,0,0,0,0,0,0,209,185,
1790968936,9F4BvHppzdwXS1j6JgUQrfu8c5F9K7CQixtqRUk4pump,UPFILL,3frV9zVqf3Gas7gGneQ37M11XQXaLj1xDqazPKMuhht8,pumpswap,1790927092,0.000002629,2630.64,2484,2484,0,0,126.99,146323.95,0,0,0,0,1,14,2076,1958,,,-11.37,-94.71,0,0,0,1,,1790969019,0,0,0,0,1,15,894,1010,100.0
1790968939,HcxH3yZGqdpdP7Lbw6yrpZPe7bUgyKadGNNwzcQLpump,LEGO,GWEvvqrLyDeqpkCUgzVN5mLubHeGHWQGcJtLgUi4JRTZ,pumpswap,1790927113,0.000002143,2171.11,2133,2133,0,4.92,4.92,164038.72,0,0,1,0,1,0,14523,14473,,-1.92,-1.92,-95.74,0,0,0,1,,1790969019,0,0,1,0,1,0,2418,2262,100.0
1790968938,EuCMwTkZnjFxaYnH7f9wa39GT2GE3j2MCAGUYijppump,SAI,6soLNB3W34m6vgKrjM1XBvnCR1vTcfp7nGYBW392rncR,pumpswap,1790926888,0.000002292,2368.07,2249,2249,0,0,14.69,366815.94,0,0,0,0,1,1,20022,10337,,,0.44,-95.45,0,0,0,1,,1790969019,0,0,0,0,1,1,4328,4282,100.0
1790968936,AFuhg5kPpXHQtfyoZXJbqeEJKskYaeCW8ci8Lujapump,NASA,7Ae5crqjLnQSqLXrDcKuGZrgkJZddamuMPaafDp4ynfc,pumpswap,1790927087,0.000002216,2261.71,2205,2205,0,0,0,292080.2,0,0,0,0,0,0,15526,22517,,,,-95.59,0,0,0,1,,1790969019,0,0,0,0,0,0,461,1784,100.0
1790968934,4f2KJaR5QTKKi3U6b1N6Bkjo6tkhQ64kaxc6uZhCfZ4X,GTA 6 Coin,CuG9mkCGJGPDUhdMHQbjNrfW4HV4m8GYBtBTqqSgwfyT,pumpswap,1790927142,0.000002180,2190.68,2180,2180,0,0,0,46096.51,0,0,0,0,0,0,2758,4314,,,,-95.66,0,0,0,1,,1790969019,0,0,0,0,0,0,349,2526,100.0
1790968934,58jvMfpfZDhXLQFd7DNxDfHP4qhpdgon5it2DVLpump,KURO,9A6kEJ9yG7ANNng8CXmo2VZfxvjp7dsCGmbF47r8XnVf,pumpfun,1790933222,0.00003391,,33914.33,33914.33,0,244.72,2152.55,44492.46,0,0,11,3,99,39,394,174,,1.02,11.84,882,30,1,2,1,,1790969006,0,0,9,3,89,36,345,99,100.0
1790968937,CM69VvR611vNwDVCQ7VhUXAv9kTNak9RxCSvYHSiCyBh,Ouroboros,9mXmePZqTsBi1L4fR6KGyAPtUgmS6XdJy7LRFtFKENoL,pumpswap,1790933567,0.000007091,5622.73,6599,6599,0,1115.82,9513.7,197756.21,0,0,12,15,100,122,2034,2927,,1.3,-9.77,-85.83,0,0,1,1,,1790969006,0,0,9,13,67,85,875,934,100.0
1790968937,BT4c4VhkSCbMi1JWr5XmrwsySBMH4qB4eSB6NYFDHBmG,VAMP,7iJzAEb2sXL1s5fj8DFGzcYrVFrLStqQEnsXFkmrGETn,meteoradbc,1790934362,0.00004096,,40969.43,40969.43,0,0,0,11889.97,0,0,0,0,0,0,523,552,,,,173,0,0,0,1,,1790969006,0,0,0,0,0,0,199,181,
1790968935,8MDW62Jb1zS58QfW2MrWv3dGUZJrgzJMJGBt5iRUpump,win,5BeiMTJE84Uk3yJAsm8GZta1Yc64VLYcdXogKNKBJQPf,pumpfun,1790934497,0.00006872,,68725.03,68725.03,0,0,0,3208.01,0,0,0,0,0,0,122,85,,,,1909,0,0,0,1,,1790969006,0,0,0,0,0,0,18,18,100.0
1790968938,ERHB4UysYrY9f7sS1JfKtjZ6q6gZsrxHy4GKpYZ5pump,PUBG,3ErBdH7zcyVteWrcUMvEwAtnnbRrALX2dYVv7PYHnupL,pumpswap,1790934182,0.000002147,2197.26,2138,2138,0,0,7.82,330569.66,0,0,0,0,1,2,33050,32351,,,-2.27,-95.76,0,0,0,1,,1790969006,0,0,0,0,1,1,2261,2225,100.0
1790968934,455uZSiN3FQu9oicN4zSYADK3VFc8S5PQhQgHugEpump,ELON,9zE4Q3rSrX3EpfUKFH186qAmqZ29HiXT8SQD8kFkp3Nh,pumpswap,1790933671,0.000002165,2186.65,2153,2153,0,0,0,181278.8,0,0,0,0,0,0,25097,26148,,,,-95.72,0,0,0,1,,1790969006,0,0,0,0,0,0,844,2368,100.0
1790968937,CoLoQ5L7FaXmVkNBrSg3vhXL2nJTDbRCQ7WV863rT1ua,ROGUE,Am1bhMkVU7HnhqDmkKJF6NcV7CQhgcTyoR4EZWJpG5iZ,meteoradbc,1790934070,0.00004195,,41956.62,41956.62,0,0,0,18874.16,0,0,0,0,0,0,637,714,,,,159,0,0,0,1,,1790969006,0,0,0,0,0,0,213,207,
1790968937,BP579bXKxfjH2B4DWLXwf5222h4141qzGqWKufw4vAsB,JENNYNARRA,DhzHq2k1seQ6KKqg91XdENdUQQSuqBVwh3ZRqckQNiLg,meteoradbc,1790934176,0.00008287,,82875.98,82875.98,0,0,0,2619.74,0,0,0,0,0,0,44,37,,,,434,0,0,0,1,,1790969006,0,0,0,0,0,0,41,34,
1790968938,FtPgCJkZhb7RLVpU5ysH2UPTFwtRYb3EriABP1EHpump,Morrow,8wxUZ8MfPkg6d48Y5nB3nAvpUi9H3MCvSKCHQJGN1yK5,pumpswap,1790946357,0.00001514,9281.13,14604,14604,65.63,1726.45,107929.55,283726.71,1,3,23,36,1251,1069,3192,2478,-1.93,-15.14,-76.11,-70.28,0,1,2,1,,1790969006,2,3,22,34,544,668,1328,1283,
1790968939,HjtrhQgF6MZWmuok2U7Y7N397bVCueEd5mi9cceMpump,CLIPPED,Gw5uBeP1UNn2pnv7Y5wS8429Bk1f91dhiXin3jk56eUz,pumpswap,1790947952,0.000002365,2361.09,2264,2264,0,0,23889.01,23889.01,0,0,0,0,212,330,212,330,,,-95.36,-95.36,0,1,1,1,,1790969006,0,0,0,0,150,251,150,251,100.0
1790968937,DDGPxc1kb2EFV5zmwznRQGkRdmmSuuHffths1NsEASY,CNDT,2yZyZC2LTDoWJybANjLGHHAAyXHetzrNLhQ4ZBn4LpR6,meteoradbc,1790696944,0.00005009,,50096.08,50096.08,0,0,0,48106.24,0,0,0,0,0,0,316,187,,,,584,0,1,1,1,,1790969006,0,0,0,0,0,0,193,134,
1790968936,8mxLJNEfmVE8kwTXanTGrUBfjcgiCK3ntF4utApZE2af,DrawPad,9ci4YPDURh3sZqDeKrLpL9d4wKZT733TXV1hYDfShnss,meteoradbc,1790947287,0.00004856,,48560.6,48560.6,0,0,3912.16,5828.85,0,0,0,0,114,149,152,167,,,2.67,188,0,0,0,1,,1790969006,0,0,0,0,118,109,118,109,
1790968939,Gu3Qry95bBcUHNMus7KLNac67euaAeYT9XiSWHfLNGJf,CLIMBFEE,B2Zd1kSi54g8d3LV8UACBBLxF1fz8Y7sqX6BfBvbgLe1,meteoradbc,1790947303,0.00003862,,38622.56,38622.56,0,0,4453.31,6635.57,0,0,0,0,156,158,214,211,,,8.06,137,0,0,0,1,,1790969006,0,0,0,0,156,148,156,148,
1790968933,2LrizEdWWmRQU67Ynzd7sevDptStJhzkyQ9gvXV13CEB,ARCMAN,GXrXfvbVMhJ9j19qDh5NdzcpaKKP3uTRTjgiwfh5ggcj,meteoradbc,1790947294,0.00003525,,35251.8,35251.8,0,0,0,1351.06,0,0,0,0,0,0,9,4,,,,74.97,0,0,0,1,,1790969006,0,0,0,0,8,4,8,4,
1790968939,aimWi843dwsu8FpqoU8gWHcdNLBao3UDpiCpvTnpump,DOTF,ddLTDEafD1JS3VCya6Cgzx1pbQaQY17EJKxWj1cwVtb,pumpswap,1790947300,0.2863,1538984.92,286344170,286344170,3127.76,46341.42,288913.41,897519.23,244,6,3232,62,20391,387,20483,391,0.47,6.17,60.97,562298,0,0,0,1,,1790969006,81,3,2213,5,2953,37,2975,41,100.0
1790968935,8ke6hMvsqxoZWGcDWxuEQyUTC5Zc4mXhDsbBAsAaKUDJ,SITE,HiNyEgRxdWMuGwWmNEZKR6ivAhqk9uXgJacMN6VudAT9,raydium,1790947358,0.000002855,5045.53,2856,2856,0,0.98,300097.32,300097.32,0,0,0,1,3166,2735,3166,2735,,-0.8,-94.29,-94.29,0,0,0,1,CPMM,1790969006,0,0,0,1,1301,1384,1572,1517,
1790968934,62xXDGjFd1nzZkuAXS3hwMy7wpNkJg24BjByRpQ7pump,Pepecoin,5u8R71ZkABscrTwj6sCR1PHUFxq7EMxWHe9jvzd8A4H1,pumpfun,1790947299,0.00005033,,50332.82,50332.82,0,0,10413.15,10413.15,0,0,0,0,6,0,6,0,,,1365,1365,0,0,0,1,,1790969006,0,0,0,0,6,0,6,0,
1790968936,A6ZG4cYre3XLuGMAUpHkx9RPrCrgux9BDkQMBs7MJAGA,Haaland,HHXLbftMjZzUfhC2GsDjitLWPitt26jLhQXm6dceg2fp,pumpswap,1790947358,0.00004922,47662.38,49226,49226,16684.44,182299.06,1172213.68,1172213.68,71,70,800,745,7048,4891,7048,4891,-5.64,48.09,366,366,0,0,0,1,,1790969006,20,20,71,68,1914,81,2105,83,0.00000000110662955432026
1790968938,Dq3WvXL5GKU954wFUEq3FuRwj4u7zW5dVgtvcBm3TDKz,SOCKET,2YjPx3NYtRot1uFUa5osNCoypXEugLV9EbHeXkzhZ4T3,meteoradbc,1790947289,0.00008145,,81455.42,81455.42,0,0,0,2359.4,0,0,0,0,0,0,51,53,,,,422,0,0,0,1,,1790969006,0,0,0,0,46,48,46,48,
1790968934,3x2NqY94bxePELsKqF3yn94iRSk8NvPd7MndeV1ypump,HUMAN,GcWjNuxysNJGb3kgZ46UmsjVSwuPNF6PwkEJNi81AL22,pumpswap,1790945949,0.00002012,11699.21,19509,19509,1441.03,8947.98,573949.61,1108995.54,23,14,102,114,7640,5935,14336,11357,15.84,38.64,-88.88,-60.74,0,0,2,1,,1790969006,1,3,82,91,2289,2649,4260,4007,100.0
1790968939,Gwsekvm21D6d12zBmuHyECGrFkXqAdVrD5u2VYqpump,POKEMON,A874kSfzDfeMmTiwqomsXZ1o1aoFZxXf3jF7UWuWPgoR,pumpswap,1790946667,0.000002218,2229.58,2218,2218,0,0,34536.33,60402.36,0,0,0,0,384,1828,4253,5484,,,-99.53,-95.65,0,0,0,1,,1790969006,0,0,0,0,2044,2029,2044,2029,100.0
1790968934,3bJng4B4gBHe94UmQo84RhwYDbdXeDNwTDDdRz1MdPjz,Robinhood,2sgyvYx1za7bw3eNxtUvgazTzqbfJAQ4aVbyZNGWY9kH,pumpswap,1790946747,0.000002184,2202.15,2185,2185,0,0,53100.52,79117.27,0,0,0,0,6687,7420,11729,11148,,,-99.59,-95.71,0,0,0,1,,1790969006,0,0,0,0,374,922,374,922,100.0
1790968935,76DB6y9JG6XfgmeRVPi3z3kQtmwcB4PhVjhHmE2zVLD7,Mr Beast,C6Y71eaCyVinepcfD3Y9VojNCWJugeSHkckRBFCkCzfT,pumpswap,1790945176,0.000002156,2177.74,2145,2145,0,0,19590.28,96547.8,0,0,0,0,927,3107,14005,11666,,,-98.62,-95.75,0,0,0,1,,1790969006,0,0,0,0,310,2515,359,2543,100.0
1790968939,JEgD4j5pZcnw8SqLogi1yS22uUAUsKDvUNarv7apump,WWWCAT,2r3ZgNsbGU7tGAk6FVbrqX7pj5b7zXyDbobqqihkvrLa,pumpswap,1790948260,0.000002232,2314.84,2199,2199,0,0,348075.14,348075.14,0,0,0,0,3928,3141,3928,3141,,,-97.5,-97.5,0,1,1,1,,1790968994,0,0,0,0,2746,2741,2746,2741,100.0
1790968934,3QVhc5zfYrGNxc1NYwjvJnXxehxtnrwRMqDvxPN9pump,FOMOAPI,PQUKmvMJW2nqc63gohEUguiaw5YwYqoY36GeynP2dGg,pumpswap,1790947940,0.000002786,2742.3,2557,2557,0,23.69,75498.63,75498.63,0,0,0,2,825,1027,825,1027,,-3.79,-94.39,-94.39,0,2,1,1,,1790968994,0,0,0,2,387,498,387,498,100.0
1790968933,2pki9gZ4BGjYjD8eLeyrw8Y6ZxJtsKo8XoXbUovkn1Js,DOG,8wrqNam5rYkwh2DY8x6TqKPkVYV1jXLaMDZ821AGgc7y,pumpswap,1790947939,0.000009302,6754.44,8324,8324,115.44,1894.3,323295.19,323295.19,3,2,18,29,3759,3288,3759,3288,4.1,0.96,-81.68,-81.68,0,1,1,1,,1790968994,0,1,9,23,1433,1496,1433,1496,
1790968938,DNSnAA99jrVUCg4GvL6LEVfFHBnGpnWA2k3CkRvZpump,WISP,Eba8gxzeDrXpo6ZtMK18sSpTuwF9KUWxPy6EXFB7ERAq,pumpswap,1790947339,0.000002783,3093.41,2695,2695,0,4.53,1590427.56,1600571.39,0,0,1,3,38431,17444,38617,17536,,-1.6,-96.25,-94.53,10,1,1,1,,1790968994,0,0,1,3,1559,1523,1713,1611,
1790968934,6AC2Czf52M1q7gQaLd1RShsXi1AkuZJEJUekJ2GA1G5R,FLYINGINU,51sSridedQrEFqCp6iCWeacVBXyBcUeSzLZyJYktDvPp,meteoradbc,1790948995,0.00003667,,36677.01,36677.01,0,0,5942.51,5942.51,0,0,0,0,224,200,224,200,,,81.63,81.63,0,0,0,1,,1790968994,0,0,0,0,141,131,141,131,100.0
1790968938,GUxnGEgVFmdpwNjqCWMeVNvD88zSqBaK2Zr6abaVpump,$AURA,7LjNPbYhwJj62EoJd4M1cKXjVUXdqG2vn1CrFSfosNdh,pumpfun,1790948995,0.00002423,,24234.32,24234.32,0,0,166.62,166.62,0,0,0,0,17,6,17,6,,,602,602,0,0,0,1,,1790968994,0,0,0,0,2,3,2,3,100.0
1790968937,CDyNcxpSMMoWrXQgW3FHNzvHNww8aKyqzBRtb31Rpump,AIc,78icvsn2kjmcVvpP8Y7SdKxhGSeNSzEibrmok4e1N3av,pumpfun,1790948978,0.00005052,,50525.93,50525.93,0,0,10453.1,10453.1,0,0,0,0,6,0,6,0,,,1365,1365,0,0,0,1,,1790968994,0,0,0,0,6,0,6,0,
1790968938,EJfjFzMCqf4oM9rx36BabZuuvTnbgijHDSoMsYzosZuV,Morrow,BbGdczCZ4Au71R6HBgf2xebTT4mbGtoFpuQm4iFMLcy6,meteoradbc,1790948894,0.00006667,,66673.48,66673.48,0,0,11191.94,11191.94,0,0,0,0,271,344,271,344,,,33.59,33.59,0,0,0,1,,1790969006,0,0,0,0,167,184,167,184,
1790968939,ae86F9URKdFdj937YjFE6vUJByo54Q9mMkfMqdTpump,APEING,BecPfbup2c8vzLwQek6TbTypSanZADyUaz9jtwA9juYh,pumpswap,1790948462,0.000004571,4569.62,4571,4571,0,0,83613.57,83613.57,0,0,0,0,8126,8682,8126,8682,,,-91.07,-91.07,0,0,0,1,,1790969006,0,0,0,0,2029,2019,2029,2019,100.0
1790968936,9JTmrmD2CAtFknRvQR3td3UYSpcSRL21xngjtLnNpump,GIGACHAD,3DdEqdhu1va8yydqbUyKYoVVmn4dznnMZPpa65Gxq7fT,pumpswap,1790951090,0.000003938,3753.06,3728,3728,0,322.52,432470.17,432470.17,0,0,7,17,4292,3587,4292,3587,,-20.23,-92.18,-92.18,0,0,1,1,,1790968994,0,0,2,17,1619,1573,1619,1573,100.0
1790968937,D7BfahPM3uXbQGxNxfxA1CWpqmzD42QnVCRuuSJvBAGS,SOLGUYS,CuxNE52J7KHbwJcHo8J37LyZe21rZppPsGNSBQaKRTwg,bags,1790950884,0.00006712,,67129.45,67129.45,0,0,2.37,2.37,0,0,0,0,1,1,1,1,,,-1.87,-1.87,0,0,0,1,,1790968994,0,0,0,0,1,1,1,1,
1790968936,9nsZJAnyJLLZFh7UgU3mz5sCSqXjuphzQxAyBCA8BAGS,LANDED,bpYNNeZzxFg5tLn1bjUGsTsJQYx2ShpS7KaBkheJHUD,bags,1790950895,0.00006717,,67179.85,67179.85,0,0,51.32,51.32,0,0,0,0,2,2,2,2,,,-1.8,-1.8,0,0,0,1,,1790968994,0,0,0,0,2,2,2,2,
1790968938,F2LF3MkLM6SRDKyQF1m5UJV4R7PQXpEvyAgHENuyBAGS,SUPPERINU,8oGaWNUVSJvMGweSUpAK11fdSL8X7GiirBNo9yDS7mbH,bags,1790950872,0.00006717,,67179.85,67179.85,0,0,73.48,73.48,0,0,0,0,2,2,2,2,,,-1.8,-1.8,0,0,0,1,,1790968994,0,0,0,0,2,2,2,2,
1790968935,8UYxBQBH6UtjXCyCVQzpzY2R6dLwLkfWaRxw6tEkbZSz,CNN,FX2wEdCQLoc4YKj79kY8hKcscADZCqbV5Y2gtsQwaiU,pumpswap,1790950862,0.000002197,2225.71,2185,2185,0,0,167791.47,167791.47,0,0,0,0,18894,15062,18894,15062,,,-95.66,-95.66,0,0,0,1,,1790968994,0,0,0,0,227,495,227,495,100.0
1790968940,fCwnDGBKo71j8tGN4dbpGD7yNqCYCdfKmNnPWCEpump,Claude,82qwXrJzNYDcyCmBxFLLR4QhZKd9VffZ9jHnAvY73qQA,pumpswap,1790950092,0.000002136,2152.36,2136,2136,0,0,130000.94,130000.94,0,0,0,0,8975,10394,8975,10394,,,-95.79,-95.79,0,0,0,1,,1790968994,0,0,0,0,2073,2053,2073,2053,100.0
1790968937,Cs7nqUSYyJhU3qHw9XsBWk9hir95rHUbKy4rXbiQpump,Gemini,4kuq9em9nAvgJQ52mvmFGsJtVdbwx1rC9nhandhZsaMx,pumpswap,1790949021,0.000002173,2206.07,2163,2163,0,0,181268.07,181268.07,0,0,0,0,16149,17162,16149,17162,,,-95.75,-95.75,0,0,0,1,,1790968994,0,0,0,0,492,2266,492,2266,100.0
1790968938,FjTB7N3Uw2pB3U8voKhjBQoN8Ef8dvJMHC9e8aF7pump,MetaMask,2xUCNhFNJJvYe5W9rvaSUHc9UGaVUAzRtREqwjzHAANi,pumpswap,1790950110,0.000002150,2178.8,2138,2138,0,0,164104.67,164104.67,0,0,0,0,19881,20584,19881,20584,,,-95.76,-95.76,0,0,0,1,,1790968994,0,0,0,0,1113,2329,1113,2329,100.0
1790968939,HN1KjpxdrWKt3rzwAQ6dthvKcUoUtSk58AZb61Xipump,SUPPERINU,5jBRk6XtWk3zmeU2TajcvXsko2EpdNtqNPNUvpc5NYwd,pumpswap,1790950513,0.000002476,2802,2450,2450,0,22.99,1788654.75,1788654.75,0,0,5,2359,23058,11578,23058,11578,,-2.38,-96.3,-96.3,30,1,1,1,,1790968994,0,0,3,223,6991,7303,6991,7303,100.0
1790968934,5ERm91cZU23D9Ymb539AhtBgbkojRaza89Dm23h3pump,SPARE,65pnVZp3SXbMS3JT8qQSGK2MxopUmcgtDTpoxQzEziB,pumpswap,1790951800,0.000002531,2523.77,2403,2403,0,0.34,115459.88,115459.88,0,0,0,1,898,1056,898,1056,,-0.49,-94.98,-94.98,0,1,1,1,,1790968994,0,0,0,1,481,530,481,530,100.0
1790968935,7CTRbkV1tVuq1f59pRxT1Pb2W5AHG4gM9FMH4rGzKiXv,si.gov,AZuZuTjHimKR4ouHwrZr4Aeq7acALBmopkvpCxyBJNRc,raydium,1790949949,0.0003017,50463.23,301730,301730,2764.41,34581.88,1633161.61,1633161.61,32,11,301,183,13793,10077,13793,10077,10.53,-18.8,490,490,30,0,1,1,CPMM,1790968994,9,3,186,121,6124,4243,6124,4243,
1790968934,3st8R9eftjF5GnuhaeeMNGSKMFQbBxFpKg1ZrKh9tBaV,MIND,5rRthU5Ns2eR92ocvCKnpwG6P36c8RM9KEnL8d1gcVwT,pumpswap,1790944149,0.00001089,7535.61,10473,10473,13.24,3235.18,194787.81,325065.07,2,1,31,30,1864,1475,3172,2551,0.87,-7.31,-42.11,-78.3,0,1,1,1,,1790968994,1,2,21,20,667,654,1115,1081,100.0
1790968933,2JkJkEtuNszseLk4ty2VhHPnp2kBW1vNzgSHJszKJitV,BROKERFARM,AYeQkvkf729Tiwet5jTiHcijqqSVw2Q6QdNATbwhnP5o,meteoradbc,1790952407,0.00003604,,36045.78,36045.78,0,0,2453.36,2453.36,0,0,0,0,39,45,39,45,,,80.69,80.69,0,0,0,1,,1790968994,0,0,0,0,30,41,30,41,
1790968937,CetZbdPqTJy47cd6DbdtyRriKje7Ufg4AdEwKH3brUqF,WISP,Bx2PQhs7BDf9Pn5yZAnVmUcLvuAttgzBv5mEG34nfKFL,meteoradbc,1790952427,0.00003708,,37080.16,37080.16,0,0,1398.23,1398.23,0,0,0,0,5,0,5,0,,,148,148,0,0,0,1,,1790968994,0,0,0,0,5,0,5,0,
1790968934,3fS143ZMz6pnVMwqNYGWbXfX98uqiyYo3MU2EAx1HXdS,MEMEWATCH,DoJVxJRHnvhXphTQNBYTrhzU3zrFwUyW4jmhrpoudw9j,meteoradbc,1790952313,0.00004709,,47099.69,47099.69,0,0,7765.33,7765.33,0,0,0,0,242,250,242,250,,,191,191,0,0,0,1,,1790968994,0,0,0,0,144,128,144,128,
1790968939,HvRdz7YWW1ksGU9gAH4TzfHccjAoajXg2Rp4GXhsdMCS,AI,HMA4mobg9tRvT1tQvgkv2EGXRBFCkx1Huje4DPhN6pGQ,pumpswap,1790951795,0.00001406,9514.31,13798,13798,454.39,2987.64,1289640.21,1289640.21,4,7,40,48,11776,10104,11776,10104,-4.83,23.65,-71.41,-71.41,0,1,1,1,,1790968994,1,1,33,39,3663,3509,3663,3509,100.0
1790968937,Am6SB1xhuwyv6hENfR2uHj2fvKeo87KN8vVw28RcrmEa,Cassie,CeRmxAsiigonctygud7ict1dunHKrd3ztXfmTdQX9ZTz,pumpswap,1790954777,0.00004640,19802.93,45384,45384,1021.94,37329.75,2332801.23,2332801.23,12,9,377,386,24271,18893,24271,18893,13.08,-51.33,-4.51,-4.51,0,1,1,1,,1790968981,11,15,237,321,7072,6372,7072,6372,100.0
1790968935,7oNqxLCwfggUUEfjHqg6KDwwnqYjfDC8L4emV6iMgHej,WIN,DXw6RTBzck1NG1CxHh3rpeYwHhaS3dJ8Yy1rD22h22N6,pumpswap,1790954213,0.000006962,5810.99,6750,6750,33.25,1530.17,659400.58,659400.58,1,1,35,59,7469,5880,7469,5880,0.81,1.78,-85.69,-85.69,0,0,2,1,,1790968981,0,3,22,50,2600,2474,2600,2474,100.0
1790968935,74RybdiCDHpndFmce6rBp8o48v4hWJemb1ivK3NWpump,CHICO,2GNoeH3QyP7EqWJFvVDnAiE91FvZQqUEKwGH1wa2DNRv,pumpfun,1790951380,0.00001302,,13021.15,13021.15,619.4,4994.39,144757.14,144757.14,12,14,124,88,1705,1697,1705,1697,-7.26,-18.73,182,182,10,1,3,1,,1790968981,4,6,40,56,577,479,577,479,100.0
1790968937,AsoVfPHWY5YHCpc4aMzUcMENVRaC9Rjje94BpkxcW2VE,BLOBBY,EEUaf7rxYuUa8L2BNV2k4T5ahLYHKxefkB17W73okjFW,pumpswap,1790953326,0.000006424,5838.52,6023,6023,0,29.87,469611.22,469611.22,0,0,2,3,4383,4179,4383,4179,,0.02,-89.14,-89.14,0,1,1,1,,1790968981,0,0,2,2,1827,1888,1827,1888,100.0
1790968935,7jL7HbPLV26jdwdhqmtxByUb6Ykshehq5GjjtmYtpump,SHILLR,4dREtLqXqb1jzEcsKkV8SapDGx6WJg4EveFKJwMyRD2S,pumpswap,1790953747,0.000002445,2443.87,2325,2325,0,4.47,66255.31,66255.31,0,0,0,4,706,656,706,656,,-2.91,-95.05,-95.05,0,1,1,1,,1790968981,0,0,0,4,404,425,404,425,100.0
1790968938,FBtPrfHU7qZJjgtG5Ljj4gdxKxx4JiEKwAgHtM1py2eG,INUINDEX,BAvjCjU6GBuwYy4rtrj6u3qS7onCTfyubHUdPfpEc715,raydium,1790947769,0.000006367,7251.51,6367,6367,4.96,353.61,189613.9,189613.9,1,0,2,15,1776,1703,1776,1703,-1.12,-19.97,-86.59,-86.59,0,1,1,1,CPMM,1790968981,0,1,13,2,882,973,882,973,
1790968934,42UmhgRdQfuG5uFCjyvCpssNf5urVsT5UJqkgwaYgr1W,PULL,DuS9iRpHF1jZReaXd4HEUpEZHErZZoEhzhRrcMWCkGRs,meteoradbc,1790952724,0.00003494,,34941.77,34941.77,0,0,28129.66,28129.66,0,0,0,0,199,116,199,116,,,757,757,0,1,1,1,,1790968981,0,0,0,0,159,83,159,83,
1790968937,CiAszaNZULwaVAb1FdSWtKSvjVcHu9KcNCaBdt9cpump,ARTCOIN,HQdvkZCmYGqjYRizXt7TC1Zc4BA2hLWoEorkEDzM4CyF,pumpswap,1790952982,0.00001205,7746.69,11511,11511,438.81,5721.06,143695.43,143695.43,4,4,33,45,981,837,981,837,-3.1,-31.79,-74.86,-74.86,0,0,1,1,,1790968994,,,,,,,,,100.0
1790968937,AvWsebmjNAYqqdzjsRd6uvzqjZJPmmsD9xmuNyaapump,COOK,H6UfcZm8qEvHsDPePfpd1xFkKBzJqr8Ewp1YqU7azu95,pumpswap,1790954518,0.000002285,2380.78,2256,2256,0,0,380510.78,380510.78,0,0,0,0,7026,5198,7026,5198,,,-97.53,-97.53,0,1,1,1,,1790968994,0,0,0,0,4831,4820,4831,4820,100.0
1790968936,8tWqT1FWD8SFU1zbF1SB9ZyLn3MspjFQrss1z5ppump,EMBRA,Tq62KsQcM5CJNyS76Q4VKJnwTgxhv81WBnbKzw7zAAe,pumpswap,1790953623,0.000002153,2195.94,2139,2139,0,0.17,157185.66,157185.66,0,0,1,0,10928,11643,10928,11643,,-1.58,-95.68,-95.68,0,0,0,1,,1790968994,0,0,1,0,1931,1918,1931,1918,100.0
1790968933,2ajCoACqG6y5onCVcL8chbHWNSymSFQvDLqxT7Hzpump,LOOMER,EzhAK1VXmNzdpA9bs5Cci1D6fP8h8miYidEjkN8My2fa,pumpswap,1790954395,0.000002325,2332.41,2326,2326,0,0,37503.87,37503.87,0,0,0,0,1362,555,1362,555,,,-95.2,-95.2,0,0,0,1,,1790968994,0,0,0,0,1217,468,1217,468,100.0
1790968934,5tckuF9AczEH59JtQA1DX72ATzSR6k7k8Nt2jhHtpump,PERRO,3LQHsRutvPtck79jLJt8QxKbSqB6ADesPGXJQcbsWs9h,pumpswap,1790954148,0.000002572,2867.27,2488,2488,0,0,1124161.38,1124161.38,0,0,0,0,3703,3356,3703,3356,,,-94.81,-94.81,0,1,1,1,,1790968994,0,0,0,0,1194,1172,1194,1172,100.0
1790968934,5QdwJFRn9JUK55S8GcTKv48mBu7NA2JXXz2KVWeepump,OHB,DsmgimKzL61ucpZhePB72URJpS5viM7SF6bk9h7TKBbs,pumpswap,1790954328,0.000002253,2276.72,2183,2183,0,0,88139.13,88139.13,0,0,0,0,3190,1208,3190,1208,,,-95.49,-95.49,0,0,0,1,,1790968994,0,0,0,0,2556,977,2556,977,100.0
1790968934,5PYvE2wGFPZMv9rLs84UHDVedyq2yahGz5UmrXFakYoE,si.gov,9SrY9FqhMkrEMuKM2fgneJg7eYc9hTszD3ivaVzZuPjy,meteoradbc,1790949500,0.00004695,,46952.8,46952.8,0,0,11514.34,11514.34,0,0,0,0,395,418,395,418,,,212,212,0,0,0,1,,1790968994,0,0,0,0,187,198,187,198,
1790968934,4jdKhCf5TifzDEZN39gXzcoDMEpTARy99WPSGNGopump,TOILETDOG,4kbs4bLpKuRsHhqo4stEvsAeun7fMrL9inQw9q8neH1F,pumpswap,1790954500,0.000002935,3451.94,2818,2818,0,0.05,1754828.98,1754828.98,0,0,1,0,6497,6236,6497,6236,,-0.06,-94.07,-94.07,0,1,2,1,,1790968981,0,0,1,0,1793,1720,1793,1720,100.0
1790968933,2AKrTTVNsxhHV2FLNBWUBv6W6Vq35VJMuiAhjsKjpump,ANON,FYKNaNKGfqR5RYSKcX56ijvYKADGekefnD9p5x97wFZ,pumpswap,1790952843,0.001241,107979.9,1233343,1233343,36125.52,560878.16,3438590.2,3438590.2,266,182,4643,2965,29929,18007,29929,18007,-0.8,5.3,888,888,500,1,1,1,,1790968981,41,33,2084,1858,9644,7699,9644,7699,100.0
1790968938,EXpcefxiFG9FomELkRpWWz8x1ux7H5FeCVrfySR1pump,EVILFOMO,GRfZaN4kfNNuhRk3bpgJP7JeaYLmhFyML9r2CLJhBfiV,pumpfun,1790954376,0.00004923,,49239.88,49239.88,0,0,10187.04,10187.04,0,0,0,0,6,0,6,0,,,1360,1360,0,1,1,1,,1790968981,0,0,0,0,5,0,5,0,
1790968934,31FjhVYkp18bEWdvyt7SdZ6Wk6WPbfmciFwQ6ssBS4gE,Cassie,D4BP1HmtPKy3VssBvSJbMsSTy56G6ajHaJcAfHiSMuiP,meteoradbc,1790956098,0.00008195,,81959.66,81959.66,0,0,4455.74,4455.74,0,0,0,0,126,136,126,136,,,437,437,0,0,0,1,,1790968981,0,0,0,0,114,85,114,85,
1790968938,F1xMp7RdfGRfmBWtwB9P1airCGQDAtLCuMo1e5d2f1hv,BLAST,9P5RGHagCMvyugeweimABfjiuEXGpyB2Qta2Agok5Ejk,pumpswap,1790955714,0.000009234,6991.49,8972,8972,41.09,671.24,659660.96,659660.96,2,1,14,29,6981,6671,6981,6671,2.58,-1.51,-81.44,-81.44,0,0,0,1,,1790968981,0,1,10,15,2881,2643,2881,2643,
1790968934,4wtuBNH2ZBZHfrz2zRsGWi3bqBT1XQUrRRyMxZBAak4T,BLAST,ENKk8oz5pfDtDn5adeDNT98fJLBHZNT1CiAgmoQvT6uW,meteoradbc,1790956144,0.00005386,,53866.16,53866.16,0,0,7429.81,7429.81,0,0,0,0,267,325,267,325,,,6.23,6.23,0,0,0,1,,1790968981,0,0,0,0,158,157,158,157,
1790968934,64KypMmX6EZYse68ks7sDAH4CQ9YwS9ku6tWZ6kwkRKV,TRUMP,CJBDPPC1HxmUC181y9i4eBPbY3NjgB5HD1sXk4WqQnQ,meteoradbc,1790956099,0.00005389,,53894.34,53894.34,0,0,3296.26,3296.26,0,0,0,0,164,142,164,142,,,6.11,6.11,0,0,0,1,,1790968981,0,0,0,0,117,121,117,121,
1790968934,5YpxZx5vVVTSEQ9qHhjeTXgoXW2SGxQSczSrDtkHpump,PACT,8qMScky4rzEw4cc8wtbLCs2AEiVRAFaZKKeLxRpAzTKm,pumpswap,1790956474,0.000002387,2379.63,2236,2236,0,4.55,58075.03,58075.03,0,0,1,1,2080,752,2080,752,,-1.52,-95.19,-95.19,0,0,0,1,,1790968981,0,0,1,1,1784,648,1784,648,100.0
1790968937,BAhHTyR2oGXZyCweHp3cfd2BC5p4nTX7XuQNtCB6RKHf,SpaceX,EPX71kVLpJMkkkvr6bz93cVbQJpfDEYtKTK8shEG1n8S,pumpswap,1790954049,0.000002141,2173.93,2129,2129,0,0,191360.91,191360.91,0,0,0,0,24937,18983,24937,18983,,,-95.71,-95.71,0,0,0,1,,1790968981,0,0,0,0,395,597,395,597,100.0
1790968935,6ujCFTQY3mzrtt5wmprFrgfA3nYyPGid3SNvmiiGt7x6,BULLWINKLE,GFW9GjQWFqRaQqUV7vKqkipSDUXhygSNyh832zTjJjwZ,pumpswap,1790957404,0.00001004,7365.22,9385,9385,3036.94,18159.76,681054.06,681054.06,45,37,268,250,6556,4821,6556,4821,10.56,-67.77,-79.34,-79.34,0,0,1,1,,1790968968,15,15,124,168,1959,1916,1959,1916,100.0
1790968935,6WqaLfa39S2tEpvxquYudUofMzAqNy5ZYr9DzkHdpump,WWWCAT,GpF4fB74X9Tzy2f7nKtUZoU9vzdDNKppB2Brex9DKnPa,pumpswap,1790957054,0.000002400,2541.79,2358,2358,0,0.19,661691.14,661691.14,0,0,1,1,11105,6791,11105,6791,,-0.66,-97.24,-97.24,30,1,2,1,,1790968968,0,0,1,1,4761,4727,4761,4727,100.0
1790968934,5krNQZMsiM7qT9KhzettHKEamQDUxaPEP8jCpjdQpump,pumpcat,TSq71CzLbZmqBPdjKtwoNJtoUgbbZqUHUaydzhSGrxf,pumpswap,1790956509,0.000002369,2569.26,2333,2333,0,0,1004819.46,1004819.46,0,0,0,0,14071,8720,14071,8720,,,-97.18,-97.18,30,1,1,1,,1790968968,0,0,0,0,5628,5607,5628,5607,100.0
1790968935,6fK5ohw22QHti86MQbcbty7rsW7xKTBjjjx7XZ7oe23V,Met100,6akvw89q1agEPzyQCot5dUSHNfd91oeHYPvTgPDPtC1e,meteoradbc,1790955858,0.00004928,,49287.7,49287.7,0,0,52853.97,52853.97,0,0,0,0,397,225,397,225,,,1399,1399,0,1,1,1,,1790968981,0,0,0,0,241,139,241,139,
1790968939,TEX8ns7HJ697ZXsXxP9uX7jv1VChGxmg7daZtzjUSpa,CORTEX,4N1ZPAmFAmwdP8kiThydSjVTW1dT6kU9HnSLaQTS5C9J,pumpswap,1790957025,0.000005544,4744.14,5291,5291,6014.43,22271.41,159850.12,159850.12,74,84,196,164,1971,1793,1971,1793,-41.67,49.33,-88.78,-88.78,0,1,1,1,,1790968981,5,6,103,89,932,1000,932,1000,100.0
1790968935,7keARBfdz79MdMTf3fZrswyvLgAs3Qi8JiRmy3u2pump,SR,AAh3sFjQVobLzSEReScwdAk3ahTucKUafQhgWsqGQBqq,pumpswap,1790956454,0.000002581,2947.96,2535,2535,0.19,5.16,1764630.43,1764630.43,0,1,2,4,5688,4894,5688,4894,-0.25,-1.68,-94.77,-94.77,50,1,1,1,,1790968981,0,1,2,4,2006,1995,2006,1995,100.0
1790968937,CxjdQW3ssu23fPwtJqMr7biVH1j7xwzUwb3vPTMhpump,GRANDPA,xngN7thDa9uMEwMG8FCQNrmQkBQd3dnVn93yjUESWB6,pumpfun,1790871258,0.00002087,,20879.53,20879.53,358.04,4852.33,120272.04,120438.42,3,3,54,36,1083,805,1083,808,-7.28,-21.71,297,278,0,0,2,1,,1790968981,2,2,38,31,511,405,511,408,100.0
1790968935,6x7R3Z6kyFVfXxphePjNMfzPjJgVDNTUitkPt3L3T7KT,parafactual,5bV5GYiN3oyQLdyGRHkBe9L8tv6vNz4mtFr7HyXdgs8r,meteoradbc,1790958063,0.00005688,,56884.1,56884.1,0,0,1317.74,1317.74,0,0,0,0,9,1,9,1,,,28.26,28.26,0,0,0,1,,1790968981,0,0,0,0,8,1,8,1,
1790968933,2i1oa5TVLeQDCFqSeN9qpF8hzp5UQxMhq3MZ49EXaYPx,inudex,3xrwbC7gcwQqXkjCiRRWwVd5pRjTRcWkd5NXoopZ9Yfz,meteoradbc,1790957990,0.00008280,,82804.69,82804.69,0,0,2220.14,2220.14,0,0,0,0,32,34,32,34,,,441,441,0,0,0,1,,1790968981,0,0,0,0,29,33,29,33,
1790968939,ViUYyaji4grdaJh9X8gnKq5tpd1RDynPu7kmkDPpump,Steam,Bi8tvF1fAbXrhxu5a9mRrojHHkuq3zh4T1oavdMLhWVY,pumpswap,1790957973,0.000002385,2397.44,2386,2386,0,0,58430.92,58430.92,0,0,0,0,28,1060,28,1060,,,-95.22,-95.22,0,0,0,1,,1790968981,0,0,0,0,25,535,25,535,100.0
1790968935,6jZ7huKG82w1TrAkGAudCwBKz7LiWL4asVwBgyjCnTxh,Moose,BCk6C6pccmUSmzfopzkWRZ8CnY4cGFasutxaXcKKSUER,pumpswap,1790957224,0.00002225,12830.26,21642,21642,2363.21,31720.21,1662093.79,1662093.79,32,46,436,463,17716,14543,17716,14543,-13.6,-52.72,-54.27,-54.27,0,0,1,1,,1790968981,1,6,220,310,5122,4731,5122,4731,
1790968935,7orjDkPS1U7f9Hz1UdLeJVWNyiz9NYqNa4vbSdPnsP39,Monkeys,GwJY43AWDQBEptmkR1qYpUgPRNWE9712KuZ3CQSxXfDw,meteoradbc,1790958067,0.00005396,,53965.61,53965.61,0,0,4815.17,4815.17,0,0,0,0,126,141,126,141,,,6.15,6.15,0,0,0,1,,1790968981,0,0,0,0,96,104,96,104,
1790968940,gGZwv7j9mEJTq4rKVkp7X9Er9iR68bPViauY5q4pump,Skydance,CS32dTdo7Dvh1waM21Lv5sn3qSxiSQsmezsnPfKkJT4y,pumpswap,1790956533,0.000002163,2179.96,2147,2147,0,0,107631.25,107631.25,0,0,0,0,19192,20064,19192,20064,,,-95.67,-95.67,0,0,0,1,,1790968981,0,0,0,0,1958,1945,1958,1945,100.0
1790968938,DxWRsRFQPuVXgX4ZvtzD2h1Sqzj48eUDRP2jKdS28RM7,Moose,8XtRvEb7u5pEaDerzUL8HzJxYjzn9frfZpSj77r4djCg,meteoradbc,1790957629,0.00004710,,47100.42,47100.42,0,0,8407.15,8407.15,0,0,0,0,266,303,266,303,,,195,195,0,0,0,1,,1790968981,0,0,0,0,169,179,169,179,
1790968937,D5sztT4p3t5L4ByYSNY9mGZCA5igANFvTgv3tKJ3pump,FOLDOUT,6kYZKqbVEeoC9z7uwqe2LX9gEPXT6oSQkvfHcS6uf7GN,pumpswap,1790957950,0.000002290,2292.41,2192,2192,0,1.39,44378.89,44378.89,0,0,1,1,1342,522,1342,522,,-0.99,-95.43,-95.43,0,0,0,1,,1790968981,0,0,1,1,1261,447,1261,447,100.0
1790968936,9jiWHAVS15W8gd2rCApmwrqAL9xTehcc7K1wC8PwUMjm,BREAD,8TW8FHvAo3PpDXBqLp1zZvzAfBBefvwoGgsKLZmzPjq3,meteoradbc,1790957730,0.00005681,,56818.4,56818.4,0,0,1316.14,1316.14,0,0,0,0,9,2,9,2,,,28.31,28.31,0,0,0,1,,1790968981,0,0,0,0,7,2,7,2,
1790968939,GZw7LxHtQKSQ1YsGnpNH7SovnBF8X6poYgavHwrmRekp,MASKCAT,G7QKTr9Lr3pF44Kp6ALkW8sExiGDXbG2JaJtzRtUKK15,raydium,1790519021,0.0009140,136419.61,914047,914047,503.11,41173.86,698664.91,765525.92,0,10,84,128,3337,1827,4039,2539,6.39,6.21,478,1512,0,1,1,1,CPMM,1790968981,0,1,50,75,1666,820,1799,911,
1790968937,B5bKnQXYr2NtkSY7PBVT5LnSx2fLgdrtPWYvjZKJAPAY,PAYPER,G5heXEUXLPXGZyNG7P6uyFz6upTZk3PRoQwrb73iSc3A,raydium,1790956848,0.00007909,45095.85,79091,79091,240.14,14114.93,278804.42,278804.42,0,5,62,98,1647,1266,1647,1266,-2.13,16.4,-23.42,-23.42,0,1,1,1,CPMM,1790968968,3,4,45,44,796,726,796,726,100.0
1790968940,cSn8JKyeeoqLuyif6MFMiwhnjaDKoaYttr2Pox699RA,CONVICTION,3YE3hncPDJm8dyLXSLaPKqwtD7iqwu7y4sZNpHNoHqKF,raydium,1790956335,0.00003766,17183.72,37669,37669,0.3,2566.68,233808.38,233808.38,0,1,11,13,1393,981,1393,981,-0.02,-18.88,-26.45,-26.45,0,0,1,1,CPMM,1790968968,0,2,6,11,536,498,536,498,99.9999999998893
1790968938,G8L93Qtyyid9nBwhnXcFwLHSyBa3iVGrTJ35JFkLpump,Anthropig,4WE67R3Epn2Jz2Z1UrvJcuuzuGJQTbWwE6kc686XJZUS,pumpswap,1790956458,0.000002295,2432.16,2274,2274,0,0.38,673016.26,673016.26,0,0,0,4,10357,6487,10357,6487,,-1.38,-96.65,-96.65,0,1,1,1,,1790968968,0,0,0,4,5653,5629,5653,5629,100.0
1790968935,8hqPzBRtRW7m9wqTDRzF4vfQpuLNk69rkh8DEzhrKwo4,BELL,F3BxHettZQ7bPvqw56y9ThkKRnsnHeB6NWwBMnNzCMjv,meteoradbc,1790954273,0.00004925,,49251.77,49251.77,0,0,28002.24,28002.24,0,0,0,0,201,82,201,82,,,1323,1323,0,1,1,1,,1790968968,0,0,0,0,113,55,113,55,
1790968938,G9p7h8bRUMFjZBDZ9Q8Sv3mQmDLJFiYPTLKrNzzFGn6B,MAZK,3c2L6XtjMuAFfT9qirHiYJg75VdqKaDyoE39pFRcETUG,raydium,1790956759,0.00003189,19326.83,31890,31890,13.27,6336.29,63423.66,63423.66,0,1,30,49,564,499,564,499,6.81,-4.51,-52.08,-52.08,0,0,0,1,CPMM,1790968968,0,1,21,46,244,274,244,274,
1790968939,JC7mHcekQi78MyAE6YttG6J9QDMcmNuWbCqwcch3XsKW,Codync,Cw3U3Wjen4JkayTo23ozYkXuoEBQ5rRkEjYC5pN8J5aP,pumpswap,1790958387,0.000004603,4130.81,4336,4336,0,174.39,136872.32,136872.32,0,0,5,11,1475,1367,1475,1367,,6.51,-90.7,-90.7,0,1,1,1,,1790968968,0,0,4,11,805,813,805,813,100.0
1790968934,36t4AWK5hxpfodXpHoQq4KEhKZJfGR9YNqBEi5HnqWwM,Karen,DgKXVcnqmLLRjvCVmivrbm6D4c56vEk6uLMcCAnBMMw,meteoradbc,1790959226,0.00004780,,47809.02,47809.02,0,0,5205.5,5205.5,0,0,0,0,135,142,135,142,,,191,191,0,0,0,1,,1790968968,0,0,0,0,118,97,118,97,
1790968938,Dic5vrPCfhoE6niFFGwtz73SCfnQfMYR67fgSykj9FEN,Karen,23y6kcP8EYkffB3atRdaMPUsUeyxmRkSmPzzXqeAYWeW,meteoradbc,1790959184,0.00004614,,46141.4,46141.4,0,0,7009.32,7009.32,0,0,0,0,215,220,215,220,,,190,190,0,0,0,1,,1790968968,0,0,0,0,146,131,146,131,
1790968934,39BrzJ3px8yXUcfAWNLkMcse5wN89jZYTz2Pc3J7pump,AMOD,9YxJpcLLhdWFYwmHL59hUYE6YzqzdNCwDCNnEYW3krgX,pumpswap,1790959244,0.000002134,2164.44,2123,2123,0,0,163543.57,163543.57,0,0,0,0,19871,21043,19871,21043,,,-95.72,-95.72,0,0,0,1,,1790968968,0,0,0,0,468,1999,468,1999,100.0
1790968937,ChnjqZabVCTWYxU7YF6BbJxzZek2NKgmDNkGXSqKpump,$XALL,J68Se8nQB6dwWr8A4cyvhkHQUuVpmDHyYJuspN7qtKDP,pumpswap,1790959059,0.000002853,2971.91,2819,2819,0,45.15,1081129.52,1081129.52,0,0,0,4,10832,3079,10832,3079,,-4.3,-94.78,-94.78,0,0,1,1,,1790968968,0,0,0,4,1702,1600,1702,1600,100.0
1790968935,8dBnKHwNYH3hz2fFTJczVwzBTpJFAMtc53k3uA4zpump,FILLED,A8JMWc6ijm7dUUBFTgRcPG9hqGsN9gipKj39q1hbhQZk,pumpswap,1790958086,0.0006593,97494.29,639392,639392,15058.66,268108.32,3228830.58,3228830.58,127,89,1765,1198,20655,15443,20655,15443,-3.75,-22.33,736,736,30,2,1,1,,1790968968,14,19,943,844,6929,5595,6929,5595,100.0
1790968933,2bs4mEZsUuNGkYeFsGuQ2YP8rTyNkqnwR3MerHZEGRSE,callinu,7RgF5HdMJydAV8s3FiCBVPEjkX9E3eaJbM2fuYFNx41Q,raydium,1790955960,0.0001044,30381.81,104460,104460,585.35,21204.12,250223.19,250223.19,4,7,156,119,2049,1507,2049,1507,-0.34,-9.3,108,108,0,0,1,1,CPMM,1790968968,1,1,83,110,807,980,807,980,99.9999999913344
1790968936,95WF7wLb9gcET9kGYp3wSXekSdrYceLmJHSXonetpump,CATFLIX,44qvqXhiGiQifTKkENRRLyDPEDkYNC92cyepMzHwBhMU,pumpswap,1790959562,0.000002327,2516.05,2286,2286,0.26,2.81,1046488.44,1046488.44,0,1,0,3,15130,7322,15130,7322,-1.01,-1.73,-97.31,-97.31,0,1,1,1,,1790968968,0,1,0,3,4481,4448,4481,4448,100.0
1790968936,APxxh2tWCh95tbHitFJchcdbMsctSBgRS2Zzju9Bpump,JUGS,9LCvns4zZsYAinZcEWRdzEEz7P6V84K3c5ZYCLT6vzMb,pumpfun,1790908690,0.00004209,,42090.63,42090.63,14.62,1999.96,9757.66,33142.48,1,1,31,48,148,114,324,235,-0.55,-3.79,33.35,1148,50,1,1,1,,1790968968,1,1,29,38,107,82,203,141,100.0
1790968938,FHdxi5H9gvfA5Dp56M8nWC9jruDtcPKT3sg7wmongHPo,Bili,7nV7yWsHieTvSzLH1WKVk8FLc8PB72vaijQ6Ud8foggZ,pumpswap,1790961751,0.000005361,4788.44,5183,5183,222.01,10297.97,506631.43,506631.43,6,2,94,97,6423,5787,6423,5787,7.24,33.32,-89.71,-89.71,0,1,1,1,,1790968968,4,2,68,82,2672,2566,2672,2566,100.0
1790968936,9Yw94ckiao5aeGm1Hq1uMyex28L5ofm1EschZ4m2xK9i,Pico,37mgkjgbAgWbYtE23N1nFLx5NAc5USDisDoNwDaeCyEm,meteoradbc,1790961631,0.00005397,,53972.61,53972.61,0,0,3033.14,3033.14,0,0,0,0,106,98,106,98,,,5.4,5.4,0,0,0,1,,1790968968,0,0,0,0,88,77,88,77,
1790968936,9cbDbgUNQbBjWDoVSL4SdV9LFBjNQ6ZriEfYUGUqpump,Pico,HZCfBpAS9okgnXPfzRdK4J4BMvFVhJnxN7r3ifYja8GT,pumpswap,1790961495,0.000004673,4268.88,4491,4491,4.32,5540.29,383739.34,383739.34,0,2,69,97,4967,4377,4967,4377,-0.57,-49.24,-90.54,-90.54,0,0,2,1,,1790968968,0,2,31,90,2107,2108,2107,2108,100.0
1790968934,3qMXtw62QywdNmRFt1LXmizrzAzC9ydr9V7GVzAGfYak,COZY,CJRLKem8FaDtRb5DAD6YLE8udDj4CJeaUaNw1U989Ju7,meteoradbc,1790961385,0.00004775,,47753.33,47753.33,0,0,8027.17,8027.17,0,0,0,0,215,244,215,244,,,191,191,0,0,0,1,,1790968968,0,0,0,0,134,161,134,161,
1790968933,25PcSP8DwTBtgtzGK9rcUKsEqcN95VmtPwzARKpjpump,FELON,G4pcesaXEnzAc77RZ68chZ6AtQMJZDB14hjKZZUHfGMw,pumpswap,1790959964,0.00002761,13860.48,26386,26386,11.54,13691.81,104353.02,104353.02,0,1,126,106,1384,945,1384,945,-0.66,40.72,-53.78,-53.78,0,0,1,1,,1790968968,,,,,,,,,100.0
1790968935,6jmJbuPy6m5ZqvwbvGp21iT3b7ebG6AEhsy4jER2LYFm,FISH,GL6RAWLzUY2hzoekbUtJbuVeGiuCCPnsLv1yq8kAt1A4,meteoradbc,1790961263,0.0001632,,163271.53,163271.53,6511.46,108406.19,1270242.46,1270242.46,49,258,1002,3229,11227,36772,11227,36772,-10.06,-0.31,989,989,0,1,1,1,,1790968968,3,5,144,150,1202,1023,1202,1023,
1790968935,8g631mWjcCutFvfa8FzfUfn922bJMBk55pCJbeN7dxzM,PIGEON,HdBQZEcPvmrJj3YScXRi1UQAFQd9XSjaVdU2RWJVR65S,meteoradbc,1790963102,0.00005361,,53617.23,53617.23,0,0,8602.34,8602.34,0,0,0,0,312,343,312,343,,,6.22,6.22,0,0,0,1,,1790968968,0,0,0,0,170,162,170,162,
1790968938,DgxRkEBCZ64CmbC6jPnxs9LiH5BUUTbfqWm4gffcMYY,🙈,FuYeSkMAMUS3dqayVSDg6n7MfnWtuqLshjYKi74Tkt6r,pumpswap,1790962317,0.000001918,0,191833,191833,0,8073098.97,15826801.66,15826801.66,0,0,7424,4886,15280,9751,15280,9751,,14.67,142,142,0,0,0,1,,1790968968,0,0,2040,50,4569,62,4569,62,0.0000000000396392499872547
1790968936,9jUKtKNSHXhiSb97FnwPMCxN6M5Wcvg7LKksmb43jP1M,BURNING,2fLKmJNcqApZm98WpM8akAiJd1PR6jm1NtXK8CtNvnaY,pumpswap,1790963149,0.000005532,4714.28,4892,4892,0,6164.95,109864.51,109864.51,0,0,62,81,1369,1509,1369,1509,,-57.24,-88.78,-88.78,0,0,0,1,,1790968968,0,0,39,53,701,942,701,942,100.0
1790968936,9ZhBWrsVTgdWsM31EP9nBEvw3KXEE4qL4Aq2FFZrhLxX,GOLDCAT,DAt17ezUMUsXomrQaGMAjyw1i8u8rgJvY7ywLYTCo1Yg,raydium,1790965040,0.00002381,14675.33,23816,23816,5545.51,620492.34,680349.12,680349.12,51,41,3535,3013,3910,3358,3910,3358,-12.18,-77.39,-52.38,-52.38,0,1,1,1,CPMM,1790968956,19,12,1266,1171,1516,1318,1516,1318,99.999999547247
1790968934,6DrVZ746mG3ccccVLpX4ZdCjnVZt5LNzrZJ4GeAhpump,pumpjak,Bniv2ESXkazBaezXwsUWhPgMWEEND9GUVsfFkfH69idS,pumpfun,1790964388,0.00004919,,49198.79,49198.79,0,0,10178.54,10178.54,0,0,0,0,5,0,5,0,,,397,397,0,1,1,1,,1790968956,0,0,0,0,4,0,4,0,
1790968936,96mZLgQjGXtLj3oKWr2CV2dnfSmabLA23LjE8iVUR3WG,Lemon,CLx9DANVKhsr1j87o2gPqr5ynzTsqSs7MG9dLPn6sY2t,raydium,1790964974,0.00001004,9482.49,10048,10048,74.73,81247.88,156577.5,156577.5,5,4,617,548,1326,1116,1326,1116,-3.26,-72.17,-79.71,-79.71,0,0,2,1,CPMM,1790968956,2,1,257,263,684,675,684,675,100.0
1790968937,BJzk9dSj5iQFTrSJT93tVztHFMzP714NoYeHFfPzb1Bi,PUMPKINCAT,zRQLLEpLU2SGqNFK96EvusLbH49XzozvX4RG8GoU5sq,pumpfun,1790963649,0.00002340,,23406.78,23406.78,12.43,6600.24,45974.75,45974.75,0,2,82,105,305,264,305,264,-0.64,-5.24,17.13,17.13,100,0,2,1,,1790968956,1,4,70,46,199,84,199,84,100.0
1790968934,5R1XNfbLqGDe7vzrNLKMqM7zyWmd2Savrt3QfGyGpump,NIVI,5MSZjg9EhMGBWp5crjAjVauDCE5ZNSz88y7GvjGFMuTi,pumpswap,1790964116,0.0001686,36998.82,166042,166042,25327.09,729873.76,1099586.93,1099586.93,765,274,10862,4630,16439,5792,16439,5792,-38.9,-41.33,88.54,88.54,50,1,2,1,,1790968956,63,47,3777,2068,5802,2660,5802,2660,100.0
1790968935,8hr5NVzUbRWaywAPgiQgaarzUq9j5uCroZ3rLft1pump,GROKCAT,73HZef2stkkqdMjUMgefneZGtam5aAr1d59A3W9Equmo,pumpswap,1790962773,0.0001236,31229.81,121638,121638,7752.89,75463.03,616706.22,616706.22,50,75,828,1071,1134,1444,1134,1444,21.45,26.81,33.8,33.8,500,1,1,1,,1790968956,8,3,475,203,759,365,759,365,100.0
1790968937,Bif1tMoPbLnwjAkLjdRMLF6jTG5dHG1PfM49i5Tpump,memeagency,5nuYqFbXbmbDTHrQDvju9wAq8gqTNLtx8hafyXQEpgY8,pumpfun,1790963976,0.00004914,,49145.38,49145.38,0,0,10167.49,10167.49,0,0,0,0,6,0,6,0,,,1360,1360,0,1,1,1,,1790968956,0,0,0,0,6,0,6,0,
1790968937,C2bj2HbEsnv7bSqQe2bQ7uGrf7MHXNN4cSmEVRMQpump,Apu ,9GV1Etzq1h76FXtBdC9nApYbYXmEv3NTtwDeuTuLQqGz,pumpswap,1790963493,0.00002684,13631.94,26148,26148,2014.15,94515.18,811430.17,811430.17,59,18,1340,1074,8930,6644,8930,6644,43.07,-68.15,-44.28,-44.28,0,0,1,1,,1790968956,10,3,473,593,2957,2541,2957,2541,
1790968937,BwSHLJSucEM3b3YsnnzeZfVwh9LcpMGLRnygwQR6LnjB,EAGLE,DAejiQRcDTSee1wYepgdCvPiqFrG9rBevRmwum4NxbzM,meteoradbc,1790965429,0.00004172,,41722.79,41722.79,0,7237.5,7237.5,7237.5,0,0,176,185,176,185,176,185,,155,155,155,0,0,0,1,,1790968956,0,0,0,0,102,102,102,102,
1790968937,BccuxmurQ942HVAikyR3iKjcgce6AHjHh6brrobs7kmX,EGGSTEIN,2tTP4zeZC9ra5NrQ2RWngpfQZy6Zei9DovvpERxPr3V5,meteoradbc,1790965455,0.00004805,,48050.34,48050.34,0,4626.16,4626.16,4626.16,0,0,173,202,173,202,173,202,,209,209,209,0,0,0,1,,1790968956,0,0,67,76,124,109,124,109,
1790968937,B2wcstLW8TBz6CptHmhYBn1vbGsPJeyscRjJRKmj5YJZ,GOLDCAT,3W7kJwYL6sRKKmnpFFL93cRF5QRHJ4eEiLZLudUeigFz,meteora,1790965454,0.0001043,93.66,104327,104327,0,1719706.23,1719706.23,1719706.23,0,0,5417,3139,5417,3139,5417,3139,,931,931,931,0,0,0,1,DYN2,1790968968,0,0,2045,94,2120,99,2120,99,0.0
1790968933,2jLNYhExYR3dxMe6dez7BK71cbvFdNyRH4ftBy7qsJQY,FIX6900,6DoK7Jyuu5canWJ2WyqesVwFgJK5qXSiAM9iiZg9UZGb,meteoradbc,1790965388,0.00005354,,53547.62,53547.62,0,7895.56,7895.56,7895.56,0,0,244,277,244,277,244,277,,6.32,6.32,6.32,0,0,0,1,,1790968968,0,0,0,0,136,129,136,129,
1790968940,eAyUWPjjZEVEeFCATurBtc1473TUGGMenJUdj7qpump,SpaceX,A5sBMRuYikuFAeDPsHnSMDjcyVy1Km8sRwTMqfuJeAZN,pumpswap,1790965443,0.000002120,2135.02,2120,2120,0,84428.21,84428.21,84428.21,0,0,3907,4222,3907,4222,3907,4222,,-95.72,-95.72,-95.72,0,0,0,1,,1790968968,0,0,1903,1893,1915,1893,1915,1893,100.0
1790968934,4JXQL447BR8xXS7pJQdUhG8cnV542fi6CbVAcRfw9rAm,FIX6900,7PNGma1RYgADuf6UPqP2SHbe92WyHUuMyumKnsuraS8H,meteora,1790964824,0.0001108,63.64,110842,110842,0,466953.74,1368515.51,1368515.51,0,0,2391,832,5425,2611,5425,2611,,71.35,990,990,0,0,0,1,DYN2,1790968968,0,0,355,93,1916,127,1916,127,0.0
1790968938,GT5PzaVt2wQvDnowmkNNPGRGL5gEcLb7dovzFwwACgxz,Cashout,6NyWV6kvii8BV4U41HpWS8wJffnhnVLv7EsouegQvAgu,pumpswap,1790967004,0.000003897,3682.49,3898,3898,23.08,191741.57,191741.57,191741.57,0,5,2971,2488,2971,2488,2971,2488,-1.73,-91.95,-91.95,-91.95,0,1,1,1,,1790968956,0,2,1347,1401,1347,1401,1347,1401,100.0
1790968937,BpiHPgU64gzmZwdwfr6e1xBVXNqiqxUpBQHwkxEVpump,XingXing,9LAyUvxKYTh1GvU7AhTqte2mGgumiTJb7oABvhC2cUDi,pumpswap,1790967986,0.00004220,16787.97,42204,42204,15478.73,138794.79,138794.79,138794.79,197,168,2038,1590,2038,1590,2038,1590,77.97,-13.36,-13.36,-13.36,30,0,3,1,,1790968956,39,22,963,839,963,839,963,839,100.0
1790968934,3NGW414d3hh36tbwbgWeipV2K7VEqnqjvDxj69KKpump,CASINU,4gvR826fJJCkyrArJGekySvAP7aLCVvj4HMcd48W1Kh9,pumpswap,1790964335,0.0001018,27848.76,99389,99389,595.8,92434.52,400936.32,400936.32,17,22,441,626,642,834,642,834,0.16,53.05,40.07,40.07,100,0,2,1,,1790968956,3,2,305,163,504,257,504,257,100.0
1790968938,EVCx8yhknFxZ7MnYRK1LEmL4ycxBKHxSSZ8Gyyaopump,>_,8EX6tgzBVkY66ybkoXN1Ta1JwDMn2dp9ALBigGXPckg3,pumpswap,1790965545,0.000005204,5272.39,5089,5089,1157.93,1031507.21,1031507.21,1031507.21,24,48,10940,9498,10940,9498,10940,9498,-44.54,-89.37,-89.37,-89.37,0,1,0,1,,1790968956,4,9,3893,3634,3893,3634,3893,3634,100.0
1790968940,yDp9dCy1UrRTuwv4urMgkSUHNpw76UvyZHXLmPrpump,BTC,BWaXC9ExvjZ1rjLaCtWNYKRys1gvmC9QAkwKkUyxe8mQ,pumpswap,1790965770,0.0007176,77527.87,706640,706640,18273.4,835432.67,835432.67,835432.67,488,128,11646,2264,11646,2264,11646,2264,-0.95,734,734,734,0,1,1,1,,1790968956,22,11,3799,744,3799,744,3799,744,100.0
1790968938,DQxG8fJbgAdX8h2D56Cu9cLHPc7G5xSTj84vZNH6pump,FIX6900,6R4xp15uZUZg7FghFC9SXRppBSWTKAQT11Vx2XnFGSM7,pumpswap,1790964145,0.00001121,9726.26,11110,11110,277.36,146088.73,1524437.03,1524437.03,4,14,1217,1106,9428,8668,9428,8668,-9.46,-92.61,-80.02,-80.02,0,1,1,1,,1790968956,4,19,563,829,2322,2330,2322,2330,100.0
1790968938,Dk2dNCPZxb6wXrP1ADT32CsqBoGi3qeeTDckmjaVvrKC,PEPEINU,8EFjPrGTk9UJwdtGEW1C8FZhuVPnXZyZyqPNFCX1uQ7r,fluxbeam,1790966983,0.001102,1093334.79,1102014,1102014,1164.46,7570.44,7570.44,7570.44,33,0,214,0,214,0,214,0,15.05,649,649,649,0,0,0,1,,1790968956,7,0,20,0,20,0,20,0,
1790968938,G3Zv4MTBbEEWXJeXXAza73Q385bKWAFQ499J5VL8Tovu,UNKNOWN,4afw8ndymLUTVw79FwTEzeVge62nRaFeENBRrkC5cRMB,meteora,1790889624,1.019,14154.17,10207,10207,164.49,1720.31,6765.21,42305.06,2,1,10,13,18,52,222,201,0.02,0.07,1.69,2.56,0,1,0,1,DLMM,1790968956,2,1,5,8,11,23,97,87,
1790968934,5GDX5fJTQns4arM1J94wjxdA8KXFsV5qW46MLFpHpump,OMNI,QVCymnis5qQJEJRZPgbEJnNKrQdNkhJtTFk7v1xqu9D,pumpswap,1790967612,0.00006604,23845.05,66046,66046,14452.46,231988.67,231988.67,231988.67,115,80,2183,1913,2183,1913,2183,1913,-26.68,13.02,13.02,13.02,0,1,1,1,,1790968956,,,,,,,,,100.0
1790968936,9kpHmcAjabZksyon8KVA2FQPyp9kMtLiTRaFGRTkmqd,clout,42xESpMXsCppsS4gbtaCT87sBTjKxdtLVqcTSaSmzbv4,pumpswap,1790968247,0.00009946,27638.52,99461,99461,156830.66,508036.89,508036.89,508036.89,2013,1538,5979,4808,5979,4808,5979,4808,-20.67,107,107,107,0,1,1,1,,1790968956,233,187,2474,1835,2474,1835,2474,1835,100.0
1790968934,4zWD7Lo2AE8wjdXeANYoLoiLNnRiEjkadHyiHcpJ8Nfw,RONNIE,2fcZqmSBrbQDToJUkLEkf5csK2kdev1tveheaD86Wunm,raydium,1790968509,0.00007932,26099.26,79327,79327,75195.41,96611.7,96611.7,96611.7,649,412,758,517,758,517,758,517,14.47,58.87,58.87,58.87,0,1,1,1,CPMM,1790968956,130,76,466,274,466,274,466,274,99.9999999905464
1790968938,DN5uhGU1Dfx1zJXveBuYk2Rn8eGuMKF7xJZmcZuLpump,RIPIT,6ZRMem32PpCcTSkyiM6Vk9z7naUsghNeJzSBp4PDNJgh,pumpfun,1790967516,0.00002727,,27278.5,27278.5,433.15,46262.25,46262.25,46262.25,13,4,336,389,336,389,336,389,8.42,580,580,580,0,1,1,1,,1790968956,7,0,258,175,258,175,258,175,100.0
1790968935,7Jv7D7qpT8GpKUywkbQv9WgF5yDWr6Yf7SZXZj1Gpump,www,HQbKVr5GiHTjPsv27v9TGvK6rgVZpvcQ7Eg5WGsYUwp8,pumpswap,1790967090,0.0001317,31498.7,131783,131783,5971.18,279196.46,279196.46,279196.46,239,103,9701,1224,9701,1224,9701,1224,0.9,49.61,49.61,49.61,100,1,1,1,,1790968956,41,17,8119,700,8119,700,8119,700,100.0
1790968936,8yQcTVBPh84bUkQVoMFStmZGFB1k4Hm2YUwZ4XNApump,HalloCate,Bbqe9oJcxHD8z35PS64TxoUu5ct7xts8rQCG78TiAaW,pumpswap,1790966190,0.0001359,31601.88,131520,131520,5107.51,56809.39,56809.39,56809.39,86,43,1014,462,1014,462,1014,462,1.21,174,174,174,0,0,0,1,,1790968956,58,23,358,175,358,175,358,175,100.0
1790968936,AUUeDvfh9YqkkevoF6JTXeR2FpdtGvHQaCBJ9fB8pump,PUMPEPE,FWA4GhB98WJux4h8Hr2rmfdHEGpq1TxwP26NWdyEbZGo,pumpfun,1790967100,0.00004838,,48381.14,48381.14,0,10009.38,10009.38,10009.38,0,0,7,0,7,0,7,0,,1360,1360,1360,0,1,1,1,,1790968956,0,0,7,0,7,0,7,0,
1790968936,AbMG6MaBJhaAFnJtiPzxBcz2AEW3m3wrcyeCnEXWpump,HEIST,HYYwsvta5RBRBKDcQoGLNatyjGBhhjQrp9ZKkY7xmrnV,pumpswap,1790967062,0.00006020,20447.84,60097,60097,4354,136874.88,136874.88,136874.88,51,40,1076,833,1076,833,1076,833,8.41,24.38,24.38,24.38,0,1,2,1,,1790968956,9,3,576,479,576,479,576,479,100.0
1790968938,DULVGwr4ZmP5mCUsjncxnNxfgUURUpQ4Ne8Xo1KUNL4T,mane,DMfvL9yjfbfwrofqcxvb5x3F1vhgnmo8UVDZqASSSFSo,meteora,1790968843,0.00001391,23591.27,13915,13915,34163.05,34163.05,34163.05,34163.05,235,208,235,208,235,208,235,208,39.19,39.19,39.19,39.19,0,0,0,1,DYN2,1790968956,14,3,14,3,14,3,14,3,0.0
1790968939,MyskTG6yEynsuWUUPdwtNdZSZcoJzS8Zf888EjgFhB1,>_,HYcuquhdoqYxg72prhMrLMMNY6hgtkd37VtmgT8jWV3R,pumpswap,1790966258,0.000001073,155800.15,107381,107381,620612.89,4421107.44,4421107.44,4421107.44,498,425,5677,3275,5677,3275,5677,3275,-0.49,115,115,115,0,0,0,1,,1790968956,20,20,2022,35,2022,35,2022,35,0.0000000000499102997999323
1790968938,ExJfy4k7RsUrNhX6Pb3FiLXMnWZuDt3VmGc9MQG3mwts,Joker,DF2woEXUS4j3sCzbv5EYJn4K2ikEMArGZMMiNMFcAx1F,pumpswap,1790968146,0.0007098,74634.54,709679,709679,3949.73,34077.81,34077.81,34077.81,1002,450,3160,1376,3160,1376,3160,1376,9.05,1343,1343,1343,0,0,0,1,,1790968956,185,104,474,443,474,443,474,443,100.0
1790968938,FGgoxtRsjJcKC5JtLCRPiYbsST3KnVHZqsvrK59EafHK,ELON,2dMwkStEdQRv8T2Yr1Hz3p8eW116exE3oHwAxQ4i2ahk,pumpswap,1790967378,0.0009321,85872.47,931968,931968,3865.01,51693.94,51693.94,51693.94,1003,309,6587,2094,6587,2094,6587,2094,8.97,1804,1804,1804,0,0,0,1,,1790968956,174,69,380,343,380,343,380,343,100.0
