ts,token,sembol,pair,dex,pair_olusma,fiyat,liq,fdv,mcap,vol_m5,vol_h1,vol_h6,vol_h24,al_m5,sat_m5,al_h1,sat_h1,al_h6,sat_h6,al_h24,sat_h24,deg_m5,deg_h1,deg_h6,deg_h24,boost,n_web,n_sosyal,n_pair,etiket,gt_ts,alici_m5,satici_m5,alici_h1,satici_h1,alici_h6,satici_h6,alici_h24,satici_h24,kilitli_liq
1791505949,D5qLnkRpzvuizsp4BfcrEWgUHiwrLoxVNZHoCx3Rpump,OG,6wGu5MNnJ1Tjzr9arV6LYULrybZpNfpgD93t7EioZHrQ,pumpswap,1790297279,0.000003384,3461.37,3329,3329,1.35,41.6,264.23,502.11,3,1,39,22,245,122,446,243,1.46,1.23,10.67,8.55,0,1,1,1,,,,,,,,,,,
1791505944,5iqjhP5ig6JWdXQf6hYAwojZeMf11pTCvH87gCQtpump,TTP,359UV3H3g2ZVff14AnZTWGeKaykLGdd7Ze3Kar68n6xR,pumpswap,1790296706,0.0001457,39286.31,142223,142223,0,822.05,11455.85,132102.18,0,0,5,2,63,28,457,312,,4.49,13.1,28.92,0,4,3,1,,,,,,,,,,,
1791505953,nDZknLvfFRp5rgUHdzTrQsmSY5NKzoavqdLjSHVpump,COLLECT,99C6TUp7WgTvnwQVVhAbD8HbxPdo5LJCXr7VFCvTmJf1,pumpswap,1790297927,0.00002363,19118.51,23379,23379,0,0.85,1001.82,4215.89,0,0,0,2,5,17,69,76,,1.82,11.76,-16.14,0,1,1,1,,,,,,,,,,,
1791505948,ByaJJyfRWLpRxv7Poop5NDMh1EakKDaWdfngwYB73PSJ,BINGO,FNVzMpSb6DieVzbg8MqDyM6SZ248qsR5GXCWhJcNYdn3,meteora,1790299989,0.000002489,4293.55,2412,2412,0,0,0.06,4.07,0,0,0,0,0,2,4,9,,,2.71,-6.29,0,1,1,1,DYN2,,,,,,,,,,
1791505942,2q5g2nx9gJdpxCK6JtnKvq9rPAa6fQLkRCQMFvm1STNK,afk,DvfKmzPu5VWFeq3VVxH8eCnCpwb8Z2V5mt5xv7ERKsMY,raydium,1790302713,0.000009647,11252.06,9647,9647,0,0,1186.27,2376.79,0,0,0,0,6,18,47,23,,,-15.83,2.47,0,0,1,1,CPMM,,,,,,,,,,
1791505942,3qm8LhrCbpaHbcQexV37JgDGTrrjNfxDPEdf9yuLXLYs,CHIPS,G5KBo4iHfad1Y9J3AE8dgLK85fRxksct66Jbo8MmqV2j,raydium,1790300736,0.000003160,5287.17,3160,3160,0,0,0.28,1.12,0,0,0,0,0,1,0,4,,,-2.23,-5.41,0,1,1,1,CPMM,,,,,,,,,,
1791505951,GaSqnZJnuwFfxhTHJnLDCevHKMfgo5KuqzxuFqSWqoYN,WEED,Eq3cFGAkquVzPKSY96xrKvodDwvTXGXJbpQfXYYZgYUY,raydium,1790302518,0.000004115,6917.32,4116,4116,0.42,3.92,21.88,46.53,1,0,5,1,22,12,44,22,-0.29,-0.07,6.26,-6.05,0,1,1,1,CPMM,,,,,,,,,,
1791505941,2SE4qjAbNtq9kTLktRA9aZzGpYhRwran2TVwuZ2VJgan,星链,HDHT1pXjeaXG7J44CUTjcsWeq85uJatkDCEe1KZqnsFq,meteora,1790304210,0.00003007,11449.86,30072,30072,0,32.94,119.55,4459.17,0,0,2,1,6,3,99,44,,0.1,3.48,13,0,0,0,1,DYN2,,,,,,,,,,
1791505943,3xVhF6rpdFsJFcpURDVg3bZvXwuAWEFwgP5yKp4HrvtA,GO10,8HciLRxKk5TL2qGCRqVLGyYYK4DPS2DwxQH5mUZLB3yq,meteora,1790298948,0.000002928,4649.68,2928,2928,0,64.02,64.02,75.54,0,0,0,1,0,1,0,2,,-2.63,-2.63,-2.63,0,2,1,1,DYN2,,,,,,,,,,
1791505950,EXXR9Wt3mjxbjmzhPVj7EcA3zfxZd9uk1WhMioeipump,Shurikane,CDZMG8hza43irMPes1mXnKdCByt13hdcHZMbztXaRP9j,pumpswap,1790303015,0.000003531,4009.77,3428,3428,2.07,8.12,33.94,79.53,3,0,7,6,35,16,75,35,1.43,-1.06,3.78,-5.03,0,1,1,1,,,,,,,,,,,
1791505951,GavQxkBXLg9Qwvxgni8SLJAnxLL592j55jVS2fnFpump,SRUN,7wJSkAxZbKUEGcZPRUxBiQzwkPdmsepRvsvcJuyBWGwU,pumpswap,1790307923,0.00003776,17748.74,36207,36207,0,72.45,1020.15,5564.98,0,0,0,2,17,11,91,66,,-2.86,5.22,-18.89,0,1,1,1,,,,,,,,,,,
1791505946,8jpcHKbGtcwyYvo2FrkjStGpwXXpEJtrB91aWaRBpump,MBUM,5NQt4hYTM9U6mG5uQbegDdHgVyAT8bLFB9typTcR6mdm,pumpswap,1790211863,0.00002079,11097.03,19866,19866,0,340.58,599.25,2439.77,0,0,2,1,2,4,21,17,,2.11,0.91,37.39,0,1,2,1,,,,,,,,,,,
1791505945,7R9diEUR5aCk6Xf7WRmJhMFp9TiTexeXnXwKRkZWpump,shibabrain,5jevZ5WwbBoDqcGaQRDa7oZfyZh9KMmxrpFD6kVghVHr,pumpswap,1790313187,0.000003716,3820.17,3527,3527,0,0,0.01,2.82,0,0,0,0,0,1,0,3,,,0.14,-6.66,0,1,1,1,,,,,,,,,,,
1791505946,8t5C4AWDg4CroMChxdo7rG2e8nJM31QG2GG7Czx9X7x2,SNDK,EAsWkdoY1n8j6hmfEKVQHoz8yfFs7VhUnsZoBGtFu8Jw,raydium,1790300173,0.002864,172119.22,2864530,2864530,450.55,5406.18,66172.84,261035.42,3,3,19,21,204,191,820,687,-0.27,-6.89,-2.76,-24.5,0,1,0,1,CPMM,,,,,,,,,,
1791505944,6sEf597zqUxoJeW1znjtx8MUPsXFFF7zjjH2KSG8zF9y,company,GCQW4cgDHGV3cgEzxesC9MazExYC8P2NBQU27BmH1XE,pumpswap,1790313390,0.000003388,3664.52,3263,3263,0,0,6.36,10.64,0,0,0,0,0,1,1,3,,,3.34,-6.43,0,1,1,1,,,,,,,,,,,
1791505948,BdzaE3T7uU59pBVDBHZVZh3yWrrpo4oPrXdv4nPDpump,JIANCO,DGvB8KyD79wFBJ7Kr7mW54qSfi7Yk3UrhJkcnTSd6frb,pumpswap,1790381214,0.00006575,52254.08,54098,54098,0,10.8,78.02,1048.03,0,0,8,5,37,25,76,55,,0.12,0.22,-2.04,0,2,2,1,,,,,,,,,,,
1791505949,DmB3oUjBpsXscdqcx4eYPaMaJRhRJ1oovwvjgzj7BoNA,roon,2h1jcgrpYZtaU9HCZvDhUqfzz4vQqNmJ56rNmrqZL2XC,pumpswap,1790384489,0.000003609,4062.11,3550,3550,0,0,4.67,60.55,0,0,0,0,0,2,2,3,,,2.07,-7.82,0,1,1,1,,,,,,,,,,,
1791505944,6L51y4dqBXyUSjB5jac1V5nuJws5LJSX96VuwscKjtZo,EPM,FCU95AW4Zo547C6vfqNNPgrjY6AmWnw7N5traqvUUh6z,meteora,1790387774,0.000003677,6649.41,3674,3674,0,0,0,7.33,0,0,0,0,0,0,2,0,,,,0.48,0,1,1,1,DYN2,,,,,,,,,,
1791505945,7Xgc5RacHtGzfhw2HukUBk5V986yBbvshr7rrCoopump,DRMR,4wbt5gf46kCt9dhzNFVtAEn5PnFr56U5HTpw27TVytvV,pumpswap,1790247790,0.0007771,88719.73,729585,729585,3330.36,21773.92,118727.88,217637.01,4,22,88,112,528,596,1089,1241,4.12,38.79,104,95.23,0,0,4,1,,,,,,,,,,,
1791505945,7XomEJBtb1EiF4Z8ZVzspCKFW2UuaRkaiq3AJJCFpump,e/cat,Eoakoye4ne6tPp6ou5TZo46qCafPvQpUPpKcqubV38TK,pumpswap,1790386020,0.000002654,2801.76,2621,2621,0,6.54,35.28,105.68,0,0,9,2,36,18,74,41,,0.3,4.38,-3.39,0,1,1,1,,,,,,,,,,,
1791505946,9NyBpUhofRBe9VDCLDDEYhPDYBPcEiYfQDaGnUFrjDwt,GROKPOD,Bh8XPiJpZXs8e6XzHY11VcPwyjBZwZg1t1K3SogyNnfa,pumpswap,1790386201,0.000006108,5434.6,5751,5751,0,0,100.46,1647.02,0,0,0,0,2,3,9,7,,,4.65,10.27,0,1,1,1,,,,,,,,,,,
1791505948,B1wx2DwNV3CLBRrzG2Nz4hDmeXg1B3Riu648WDh7paid,BANKS,H9JXyzQmgcGi7FhRmEQ6BEFJyVTaNF3MPWZ6tZvTdw1W,pumpswap,1790387068,0.000002957,2907.88,2844,2844,0,228.23,228.23,291.03,0,0,3,0,3,0,3,1,,10.24,10.24,10.24,0,0,0,1,,,,,,,,,,,
1791505953,zpTj1yA68UauZqdz5276qrpTV7ALkeoLp9LLa7Bpump,DDOS,EuDAiu3ZeWQ6tZomufzVeK7TsLnmyDra3VrU4syhpgHh,pumpswap,1790387138,0.000003234,3431.64,3154,3154,0,0,0,2.22,0,0,0,0,0,0,0,1,,,,,0,0,1,1,,,,,,,,,,,
1791505950,FHZjVnetL5QyenPh8x9Z8k8zik1BinnbuYhpu2s7vDJD,E/CAT,FboJRB4jgqUrXZcMGMLcpnEs7eGUwNyMCAY5S5o23Ma1,pumpswap,1790387937,0.000006025,5581.66,5862,5862,0,1.42,134.82,402.07,0,0,0,1,1,5,1,12,,-2.09,-7.13,-22.05,0,0,1,1,,,,,,,,,,,
1791505947,AEUbt2MMUQZvrwnn4kSPfGXRZC4BBY1Az2hqPj7Fpump,Theranos,FqhJKXK46i1wGKCS86XBMNDr9yy4Ko57YcjtdseVynk1,pumpswap,1790386100,0.000004961,4614.83,4899,4899,27.62,704.24,704.43,1038.56,0,1,10,7,10,8,10,14,-1.65,9.65,13.41,-14.74,0,1,1,1,,,,,,,,,,,
1791505948,AzMaYSmHBqoLPmRRg5AqBr2zsw1MiXmTNaYtkj3wtqNg,MAX,EyYRGbuYLqPuVMLNvV652e9U5sr5X6x6xarsrKqsmGgU,pumpswap,1790390406,0.000007297,6403.69,7087,7087,0,0,0,253.44,0,0,0,0,0,0,5,2,,,,2.26,0,0,1,1,,,,,,,,,,,
1791505944,5cQReyzgJQbtbGLvkm1vN9GDGFBWzcAC6TDprBwzVVjL,ai/maxxi,Gz78SWMcFFYEdcUaTXuQam13z5ohiWT11v7UojYzfssG,pumpswap,1790391351,0.00001033,7945.31,9980,9980,0,0,0,1484.35,0,0,0,0,0,0,9,15,,,,-12.98,0,1,1,1,,,,,,,,,,,
1791505943,4RqBcUAWhWNSeRxM5Az8NyvBuakRqZUwe1AVRe7PuVFV,GILL,FwYzcBob7HBJSNKJndvd3nxoZY6jahfFgZmdEuUEHmXJ,pumpswap,1790392068,0.000002861,3150.29,2811,2811,0,0,0,87.11,0,0,0,0,0,0,0,2,,,,-9.76,0,0,0,1,,,,,,,,,,,
1791505945,7S1pH2coVoBgzr23gnMpU2nirjCJbrnJGR3g6zmZhzZc,boobies,Apxyd8rVyQBrDa9SPJBbXzszzKxwsHAMede5LD51u4H2,pumpswap,1790392080,0.000004200,4074.38,4030,4030,0,0,293.93,460.15,0,0,0,0,9,8,15,14,,,-5.95,-15.14,0,1,1,1,,,,,,,,,,,
1791505951,G4PZQ4tTMjeNQfrSyMUMXN919NTeKA8hXUEzjRmr9btr,PIGGYBANK,BjdtEjiPvvcWyBGE2RhHyTkF9qgPnGDZVBhkmvyWoiMM,raydium,1790136127,0.00003125,16907.5,31258,31258,0,11.12,806.4,7894.9,0,0,1,2,9,10,69,68,,-0.21,-2.16,-12.88,0,2,1,1,CPMM,,,,,,,,,,
1791505947,ABNbjwfaiDLfomrLH21RzscZ8rnNkrDEHKfSC9vY7XZ6,MEME,DLkg3Ma5QFnKaxdP7APtNfhCca44jG7t9jMN4rLGTDWr,pumpswap,1790394423,0.000002993,3157.72,2925,2925,0,5.05,5.05,5.05,0,0,1,1,1,1,1,1,,-1.41,-1.41,-1.41,0,0,0,1,,,,,,,,,,,
1791505949,DMZtsWeDaPRGU4ziXxcEMuPbXh1BmDm5iR9LirT8ZoHG,BEEPLE,A2ZBmfRQbkLH9KaGSfauCEhWMhmYADQYEST4hzjRcPZr,pumpswap,1790395582,0.000009262,7456.27,9022,9022,0,173.98,686.34,62763.51,0,0,0,3,0,20,716,588,,-8.22,-23.33,47.15,0,1,1,1,,,,,,,,,,,
1791505943,4LBPTZUaJdBNHEEBbzFeMXaaZzD5cggtsorwYaPtzbiZ,x/acc,5kZLBoyQnpoiCkwMjv971MrkhuJBPW8cBfyz6G4uYkxU,pumpswap,1790393512,0.00006843,24481.14,66081,66081,8767.26,12499.81,37959.3,691895.38,64,44,88,70,411,449,6014,5049,42.07,79.04,1.99,665,0,0,1,1,,,,,,,,,,,
1791505952,HSnCtWsw5YmfAkJo9S3eetWtGHPMrc2pAxvCu24AnQEa,DDOS,FEGPrAa4aFNeYaXycKh45GBKVYAJMFuDEyronAceRLgV,pumpswap,1790397348,0.000009416,8729.51,9237,9237,0,4.69,17.76,595.04,0,0,0,1,0,4,7,14,,-0.33,2.52,-7.85,0,0,1,1,,,,,,,,,,,
1791505951,FdqkwEGXhyvZ8huTDDHLQE2ZnTEfTQQ964vEqQhDrWAQ,D/ACC,3gcFdPjJF2ZS6udTywbVhaSx2yaH1HpWqU7LzgKKVAUx,pumpswap,1790388212,0.000003943,3726.63,3794,3794,0.34,3.45,23.65,1286.42,1,0,4,2,27,9,63,29,0.78,-1.33,1.8,-14.18,0,0,1,1,,,,,,,,,,,
1791505951,Fj886GvHFyxQhunb4pw7WLRPRASNh25LT8Zpv8qqr3Ab,MUTANT,3ZQgaXJ178jvp8pCmNhgdwiHoaFn7FYVwnADfRGJVyF6,pumpswap,1790390873,0.0001264,35318.51,122795,122795,0,0,167.67,4828.32,0,0,0,0,2,12,25,48,,,3.77,-2.21,0,1,1,1,,,,,,,,,,,
1791505950,EHJbGf1dPexKsy2GvahP88qeofnWErm5Cy4y5dWRpump,AGENTC,DpBRbN8AXrBLxkPkAhreTAZg4BaKtW4phksq8s414TYa,pumpswap,1790381930,0.000002561,2594.85,2427,2427,0,0,0,4.88,0,0,0,0,0,0,0,1,,,,,0,1,1,1,,,,,,,,,,,
1791505949,EFv1JzU84iHk8j6EkdBmd9ACgoV77GUhh2xJqNdFpump,MEMECARDS,3kSeomZ3FTSnqNEgWyMpzFHWcVMR4Y6n8nSh5vKc6cV1,pumpswap,1790404649,0.000005305,5340.38,5115,5115,0.66,7.82,45.61,80.24,1,0,9,3,41,19,65,34,2.07,4.78,11.24,-3.26,0,1,1,1,,,,,,,,,,,
1791505942,3pVv9iav75CfaVb2YFLtX1ijYDXSEPLmweWxUYp8q8nG,STEVEWILLDOIT,6VjSkPCGpTE5RYXgJv5Hs5FD9c2Lk9B9QHSaVjw8kqbE,pumpswap,1790389345,0.000005788,6011.91,5673,5673,0,8.1,50.94,394.14,0,0,0,1,0,6,2,14,,-1.26,-4.22,-13.04,0,1,1,1,,,,,,,,,,,
1791505942,35MmkVyoE3PHieNwxjV1wvmHHQqvc4fgkAXWtawtpump,SHOGGOTH,FkYRV3CJhGDFfw3sSgWhPqjDKtRcAopnXDorUEfW56JU,pumpswap,1790404378,0.000007131,5670.35,6785,6785,0,0,6.68,83.22,0,0,0,0,0,1,0,5,,,-2.08,-7.1,0,1,1,1,,,,,,,,,,,
1791505949,DAemPFNc3RtibBDKkUA4eL2Ns11q9VRdbpptmqm8DGqN,CAKE,7rZ5eyRfGRavGTFG9jSoG77MNnVkQRr6DNeGpxiFk2ca,pumpswap,1790468726,0.00006183,28668.19,57707,57707,0,600.59,7454.39,21773.41,0,0,8,3,78,76,271,215,,-2.54,-19.32,-38.31,0,1,1,1,,,,,,,,,,,
1791505953,J1yxV53EmVRmt9RUj6PPufMfdAYUbtgwXCuNYTBTsYzJ,JACK,AQB9ihwudzy364jisT8jcCURSE8wCSYg7wu7gLZ6nGQn,pumpswap,1790469369,0.00006465,30346.61,62210,62210,0,94.36,2910.04,17896.93,0,0,3,6,19,44,127,213,,-1.33,-6.41,-23.41,0,0,2,1,,,,,,,,,,,
1791505947,9zriPbmELWGzEqEJH29qQY4TZ4xVMQLVLXV3RtSDpump,XPAY,emMYEjmFXZeXXusixRJaQKPUhgPshVeNUpRtjoP2KLV,pumpswap,1790472470,0.000003593,3547.33,3503,3503,1.74,36.98,265.25,502.16,4,2,47,20,261,110,449,217,-1.11,-1.27,11.29,13.65,0,1,2,1,,,,,,,,,,,
1791505947,AUPjK2nh4JraxDxNk2kNsSQoq9s5CFqFcjt9KJSUa1gy,Wumpus,FwpPSH7bBynbk91YFH17PHQTGzryXpwkXoELanKG2feG,pumpswap,1790474266,0.000003975,3788.71,3763,3763,0,6.26,279.09,805.77,0,0,0,1,2,6,4,20,,-4.01,-11.5,-23.76,0,1,1,1,,,,,,,,,,,
1791505953,J9PVhNvGA1hXhHwmUUYQgHpPRxZch3cmCRzTnD6Dpump,CASHED,8F2sjPRazCpSL9JsUNYasvDTQALZ5TDAx4B93jPNEe4Z,pumpswap,1790471870,0.000003379,3459.77,3325,3325,0.58,32.73,204.86,445.15,2,0,40,12,210,89,392,188,1.42,0.35,9.07,7.01,0,1,1,1,,,,,,,,,,,
1791505946,9ZdLqWeyvgrHWVXW3wQGXg62RSxAp9RxbnWtC3gfpump,𒐪,FFXwZMCRQy7jLr14KN1MqZTyX3ef3enTKD11a6psaZg7,pumpswap,1790473369,0.000007464,6516.15,7317,7317,0,0,155.09,864.26,0,0,0,0,11,10,16,12,,,6.88,0.48,0,0,0,1,,,,,,,,,,,
1791505944,5u21uHjzfqcG9LYK9HNxZCthLHnzkCjqc14GPjSeVnid,MITSUNAKA,2BHD13ySqiFQnr63zcHg4kCR9JJbB3VPjjLja1ek1yWw,pumpswap,1790474944,0.000005157,4420.8,4822,4822,0,0,42.26,334.19,0,0,0,0,0,1,2,5,,,-7.36,-21.77,0,1,1,1,,,,,,,,,,,
1791505951,FvYjAkbhhzpp3Rk3BoSLVKjYpi2zJ4baAS26R9hupump,XLife,6qhovtHjjSvgRibL33jAyZbfTugghoym72vDX3GHLR7A,pumpswap,1790476478,0.000003552,3552.4,3507,3507,1.85,29.91,258.86,528.35,4,0,32,14,235,111,470,217,1.5,-0.35,12.94,15.08,0,1,1,1,,,,,,,,,,,
1791505948,BJDfhK6xJhj9Ln7PXCFZL6ZofEXfuDAo9cAmKCFvpump,CAKECAT,7aEKLSNcJgjNGvnnYsULYCTxZeUwevbS8qCb9gnKFW7t,pumpswap,1790476744,0.000003459,3513.51,3415,3415,3.39,48.63,291.49,522.07,3,3,38,28,260,134,487,243,0.14,-0.11,12.12,11.51,0,1,2,1,,,,,,,,,,,
1791505946,8eXxNU1Tmfhy4Wk47UMoap9z92KgjW7hJuUdxWNgpump,Tuition,3zHDsYttqWAMnjWwiWRfSSuzEk2dVuJjEY7MQsSKS99S,pumpswap,1790477406,0.000002696,2903.45,2598,2598,0,0,0.18,1.17,0,0,0,0,0,1,0,3,,,-4.58,-4.76,0,0,0,1,,,,,,,,,,,
1791505941,2PiCu43DNW5Yk1tozwvh67PxtFqu4CU91LSMYKzppump,GROKTOWN,GKdeygbDczSvJq36PxHVLQAjMywRjrvxjguZ3soXLGc2,pumpswap,1790467981,0.000003682,3939.67,3586,3586,0,0,4.13,4.13,0,0,0,0,0,1,0,1,,,,,0,1,1,1,,,,,,,,,,,
1791505944,5sNJcSVdsLpaqqMANjUEDs5RFqXgbMshUwPqH9g4NQ4D,BUNDLO,9wabcnQjY3KKXv2WBpwX1Yi4RUnAw7VU2bBSAM1ZC5qy,pumpswap,1790479873,0.000005795,4877.08,5575,5575,0,0,276.36,660.46,0,0,0,0,2,7,24,28,,,-19.6,-29.1,0,1,2,1,,,,,,,,,,,
1791505942,2dfWu1S1oiToSsnLoZFbMcHgMuy9W665YWzCvdof58zi,AAF,88vff5Cqwes7TbQZYV3TkwgoJSbgz3utngu579CT5qgv,pumpswap,1790481643,0.000004371,4154.22,4258,4258,0,2.99,2.99,53.86,0,0,0,1,0,1,1,4,,2.24,2.24,-7.29,0,1,1,1,,,,,,,,,,,
1791505945,82CfUnavgMwUzY1UkUnWpqKMRPqoBuSb15VnEjn1yx9a,MONEKO,4XBhhZm2T8KxYGqVmT4WL7RFpqVi3qejBz7roQ55VPYj,raydium,1790480807,0.000005731,6999.09,5732,5732,0,0,0.72,33.49,0,0,0,0,0,1,0,4,,,-3,-5.12,0,0,1,1,CPMM,,,,,,,,,,
1791505951,Fu2oZoGxFtCDp29NKA4A89xcn255khq9xbxG7Mmtpump,PFP,LTstqPCtDfe7hK21ozkTPL9nN2FV6bGQ7eqFRCKaxcY,pumpswap,1791470696,0.00009114,31190.82,88027,88027,0,7.48,2201.27,6431.05,0,0,2,0,23,20,150,113,,-1.5,-2.07,13.3,0,1,2,1,,,,,,,,,,,
1791505947,Ab6CVmhqD3x1bvMZBnjJBJqeTLMm7tAapcZwSU6apump,MPAID,5DKFn27xzpiWQBoauSkWsw115SyMFFkbDNVHDGSXNHJ5,pumpswap,1790486873,0.000004266,6145.74,4169,4169,0,0,0,6.44,0,0,0,0,0,0,1,3,,,,-8.08,0,1,1,1,,,,,,,,,,,
1791505949,D3aMqZmgUAAJSgmDqvTc8Pkdr5QxahHtBo7gbFHHpump,Marscoin,AwVUgT5XPKt8xmiYEUFLMHUsBUnuAv9ecPUt2xD6ZjMS,pumpswap,1790488901,0.000003000,3089.75,2924,2924,0,0,0,10.05,0,0,0,0,0,0,0,2,,,,-0.59,0,1,1,1,,,,,,,,,,,
1791505953,rsE4qbZ6Decdu1stnoHnC7QrNtqjuzuAuD9xnNGpump,OMNINU,HnSiwJKhNNEZkm4HmVbXFVcviKF8ynCKc94hfy9MrGsB,pumpswap,1790554360,0.00001354,10736.44,12575,12575,0,2.73,19.79,4630.19,0,0,1,0,3,3,34,14,,3.32,5.37,-15.16,0,1,2,1,,,,,,,,,,,
1791505948,C5zyCRUo23yLHDfcYWWTZNVh4yxWgQ8PFr1zx1Zrpump,x/acc,23R426YhJqy1FMQiBcC9AHgaDYARYaPemJrYzRUx2LsP,pumpswap,1790557011,0.000003343,3348.67,3294,3294,1.65,44.48,261.32,473.34,4,1,45,22,253,115,454,222,0.22,1.37,12.83,10.67,0,1,1,1,,,,,,,,,,,
1791505942,2gNrU5MMpcWpWQMfBxTRAP47EwdFfNNWkFyR1eLNpump,INSPAID,CVJyKNyiZY2ZJg6iNK3Z8p5gAyuwY9N32QNYKLcDoia3,pumpswap,1790564628,0.000004978,4338.51,4725,4725,0,0,0,238.93,0,0,0,0,0,0,4,1,,,,-0.48,0,2,3,1,,,,,,,,,,,
1791505951,FW1FhMWeGwyLQLt8HaZ7Zjkoecf7FZNSw8ZC3fMApump,BEE,6qRN8SHz6RSaeZAAGR5VXv76E9qPShzFe6tJDkyRCApr,pumpswap,1790558535,0.000003617,3405.52,3332,3332,0,0,0,6.34,0,0,0,0,0,0,0,1,,,,,0,2,1,1,,,,,,,,,,,
1791505951,FbKRne8ZDbDyoeD3b22k8EYLWxp8ksCd8a8mMkx6zsXQ,all/in,5HouNLrptmjJDQs4aqTTEFtskLJQcx23KLyog1WpWG3Y,pumpswap,1790559578,0.000003838,4062.4,3782,3782,0,0,0,115.01,0,0,0,0,0,0,0,1,,,,,0,0,0,1,,,,,,,,,,,
1791505950,FFzTy32bZbPA8zRLbbiWoNzW2emGv86tUxaoqhz1pump,XPAD,tv16dBftigYeN75Y8z9PSGDUs1mfZvkwnwrQDLkMk8M,pumpswap,1790559685,0.000003714,4425.48,3687,3687,0,3.37,40.82,87.39,0,0,5,3,36,22,66,35,,0.68,2.8,-3.18,0,1,2,1,,,,,,,,,,,
1791505949,DJ92CL7Z2dvVSE8reTUXTaKCax8jbYzfU3C66ziQpump,foom,axd1iRwfborKAmpRx52kENNtdZAStwfKnNSbab26Cnf,pumpswap,1790563287,0.000003539,3672.57,3425,3425,0,0.17,101.14,224.61,0,0,2,0,2,1,4,6,,-2.66,-7.83,-13.08,0,0,1,1,,,,,,,,,,,
1791505948,BC9ebK4rdQThDof6tnv6vZ7fp8P3jiaRt8Qrfh6dDexX,STAN,HateBof7jRH7eAp75AYa9i8H9HKM428coxjGfKETvEY9,raydium,1790566503,0.000002382,4634.34,2383,2383,0,0,0.32,2.39,0,0,0,0,0,1,0,5,,,-1.01,-1.53,0,0,0,1,CPMM,,,,,,,,,,
1791505949,CyovMnzMaKGApYsnm55d8rNWhEkskPSidKswnhgzMkGm,BYTE,EaBZLEBQXbbzUyPxpE4Uev7sh6xQTz2NdmJdQ4NqaXx3,raydium,1790568510,0.000006293,8699.92,6293,6293,0,0,0,372.2,0,0,0,0,0,0,1,7,,,,-7.29,0,1,1,1,CPMM,,,,,,,,,,
1791505949,CGfVJX4D35wE8kviKKE1XyKU9EHRXe4Zsw3R55ABpump,hippo/acc,GCCQkq5YiqxqBrdQaBi83rrHSHEEex5YAaTF3rsCp6xE,pumpswap,1790566804,0.000005534,6932.41,5327,5327,0,0,0.03,51.76,0,0,0,0,0,1,2,6,,,3.7,-7.16,0,1,1,1,,,,,,,,,,,
1791505947,AjxqTiS6TnK75xG6pWAMJgNQuhkip3LzN36uy2wBbwmH,CLAUDECHAN,7ckTVPGFmFW7kmV814GLcVDZj5wVwnnGfb6tEBvgLgDz,raydium,1790549647,0.000007368,8482.98,7368,7368,0,0,74.95,797.32,0,0,0,0,0,3,5,8,,,-1.56,-25.51,0,0,1,1,CPMM,,,,,,,,,,
1791505943,4RLhqc1jfpMLhtALMeUeVeJ5vySyL6eQca4cBjgCpump,BEZEL,FQJtTnQysivBCHr6uNTnuftbUdvTsppDY3dVT7K3RFvA,pumpswap,1790565430,0.000005163,5321.24,5019,5019,0,0,222.33,1177.38,0,0,0,0,0,3,3,13,,,-4.46,-26.76,0,1,1,1,,,,,,,,,,,
1791505947,A2Kz4oAJvg9yuQR9znDicg8QvFDgrxaHp68ih3HCpump,GRAYMATTER,FrwmBmCoJ3EjA8gP4GKejP87pikZ1oFiBk5iq133G3rK,pumpswap,1790570802,0.000002989,3366.85,2840,2840,0,0,0,9.59,0,0,0,0,0,0,0,3,,,,-1.01,0,1,1,1,,,,,,,,,,,
1791505951,GEXjq9Tb7perRs6fwBmuNZL5QAEsS2AWrGeZNBYBpump,GRAYCAT,4NxPoidGXJAmGcYEczHKS1qxurgCedzsAFxZWWZA9rS3,pumpswap,1790572207,0.000003533,3627.74,3465,3465,0.74,36.86,299.62,511.55,2,0,37,17,260,115,445,204,0.05,-0.23,13.4,14.43,0,1,2,1,,,,,,,,,,,
1791505948,BdDnt2UWuv9hbUzPPAdzqp8zUkez5QHy1Ypexnejpump,UNDRGROUND,85oFh9Jhon3L8gtYQRGgLGY6fikgUN4GSsJFzTrCbvhf,pumpfun,1790539714,0.00001596,,15960.96,15960.96,0,65.51,241.07,740.32,0,0,0,1,0,3,3,5,,-1.65,-8.91,-11.16,0,1,2,1,,,,,,,,,,,
1791505948,BM2k8mJUbMthHoioykyUm2NjMrXvLBYhoXruwYLpump,LEVERAGE,51iLLzeznQMpJAJMNn4RiDRn3qybdYPD2vU7MbnrUwxM,pumpswap,1790575751,0.000006222,6079.01,5800,5800,0,0.17,15.24,65.08,0,0,0,1,1,5,3,16,,0.37,1.03,-7.68,0,1,1,1,,,,,,,,,,,
1791505951,FbrMGVE2548HfpMVhYsybmYyUQVHMefMiUSkckyipump,TOBEY,5kJMCjNZaV5AHAniiqYNNM3LxZEUh76MhRJ6Gs1x5den,pumpswap,1790570553,0.000003018,3399.23,2922,2922,0.04,7.3,31.41,78.36,1,0,9,4,31,20,55,33,1.17,-0.86,3.16,-5.31,0,1,3,1,,,,,,,,,,,
1791505943,4kgo11KazbCNd2DosYSLGpgSZhEtda1gGu4rbWJLGCJV,Murphy,7CCRs48eJfvTuiZKLZvTKCdJS3XU4mTUozKw2xhyRevT,pumpswap,1790640443,0.000004420,4539.51,4246,4246,0,0,0,56.38,0,0,0,0,0,0,0,1,,,,,0,0,1,1,,,,,,,,,,,
1791505953,tYLAYuNEJbuvDzuERBHSHAeVFZTgkkSLPwrRwHzpump,USDF,2C8y5L54WKjRoTAFqhw96pWmwTD5qdf5fpMWArLpHMpo,pumpswap,1790644682,0.000002812,2800.29,2811,2811,0,0,4.89,35.28,0,0,0,0,1,0,5,2,,,-3.01,-4.79,0,0,0,1,,,,,,,,,,,
1791505942,3kmygWKZBkCYrgZHKfiuB9UFKTcDLTFFsKo3BWpmpump,PARASITE,4zLRGHwKdXyaTovP8UkV66CskWgo9E7kAaGYcw1vFh7E,pumpswap,1790644646,0.00005822,27448.53,55801,55801,0.99,1273.72,5888.7,34103.81,1,0,16,16,93,89,484,439,1.41,52.73,-1.5,-39.47,0,1,1,1,,,,,,,,,,,
1791505946,94mo6yYt5z9t31TjS257coYsRX7b7KPTKWVRzAnuLECr,JEET,5U5CLq5r21ytNivjPe9ahardJ3ef7nDDzuAFsRe4TwF6,pumpswap,1790647174,0.000002842,2859.99,2715,2715,0,0,0,29.58,0,0,0,0,0,0,1,2,,,,-3.44,0,1,1,1,,,,,,,,,,,
1791505949,CLsGDf5QSp62QsxSGYuZetaA4WEGmKuq7XvKwkFcpump,GITFEES,AQsQp6n4pdNAVR2TbHPaCawX4Z8SGH8BrcRNvKAQ6U5v,pumpswap,1790639241,0.000003537,3581.84,3357,3357,0,0,56.82,161.23,0,0,0,0,0,3,3,9,,,-2.27,-14.67,0,1,1,1,,,,,,,,,,,
1791505942,3NLfcS6P3RpVQ4i4he7xYp9amQScvTvoLMi5iY7cpump,LAP,B426apUrQMYC1ocQRkyfKDpyGV9dNQZ6TbgXugAUUgzd,pumpswap,1790649236,0.000003069,3165.35,2942,2942,0,0,0,1.06,0,0,0,0,0,0,0,2,,,,-3.41,0,1,1,1,,,,,,,,,,,
1791505949,DHT1Ko1NcGu3wxmV3J8Vh5zbqWKxq5ustAgC2AWrpump,WOJAK,6TeiEwAHFuPCEgzAMvFTgpV7nfxpU8NB3Xh4d5wFGaXm,pumpswap,1790651707,0.000006883,5530.8,6157,6157,0.25,8.04,403.96,456.31,0,1,8,5,41,20,73,35,0.02,-2.84,-15.86,-27.75,0,1,2,1,,,,,,,,,,,
1791505943,4aDtkCadyWomBewuynPi7Y8NR41dKXAmUMFYMLBxpump,DUEL,2LVxwXzWGxeDHHZp1vB8iZQfqzwYRj3NcnY251Bd47Ut,pumpswap,1790650652,0.000004171,4038.39,3375,3375,0,0,3.5,20.19,0,0,0,0,0,1,1,4,,,-1.79,-6.3,0,1,1,1,,,,,,,,,,,
1791505952,GguztAZZv3GsSjzFs3qp18X2jqeAr2YmbbkmY2AZpump,Academics,8uR87GQT1RChyDRSVM1FuJq8PBEHCuWhPbJpyZ1x5v5u,pumpswap,1790650589,0.00001261,8130.24,12018,12018,0,48.55,227.78,2077.18,0,0,0,1,3,5,43,32,,-1.61,0.55,-5.67,0,1,2,1,,,,,,,,,,,
1791505943,4kYsZeMw45RXoeJg8BjyeZVtwoTQ2LAEoZckwK1kpump,PCAT,ATqCNEuM5EP7Ki8NEQGaCSKbrceYYquBi2D7EpyccKdr,pumpswap,1790650493,0.000003122,3074.66,3025,3025,0,0,0,127.82,0,0,0,0,0,0,0,5,,,,-12.17,0,1,1,1,,,,,,,,,,,
1791505943,4TKsdzn7TzK1KuzLS8taqW6okLsyMaWvxwtqyH3iLdRX,BEAR,31D6F92x3aG9w8o3MVEsdZwuxdxrYrwjCEaPvcSK8i1R,pumpswap,1790653233,0.000004119,4137.27,4048,4048,0,0,0,24.55,0,0,0,0,0,0,0,1,,,,,0,1,1,1,,,,,,,,,,,
1791505942,2uPFpHPaQUyrrsRfYeziTjzNoju449gruMQFRie2pump,Virus,7mZmfuz1DtBxSYsAaxEpkkThLLZv9sFyDdiktG83fE62,pumpswap,1790656541,0.000002384,2454.21,2308,2308,0,0,0,0.65,0,0,0,0,0,0,0,2,,,,-2.39,0,1,0,1,,,,,,,,,,,
1791505953,J9gXX3PtUX2WrhnWokWwibnvvfMbHSqCh6aebaKrpump,LUNA,Csgf7HXufnk8sSmkv49wPspCCPjGRpJ9y4vddan7x6Jz,pumpswap,1790654376,0.000003686,3430.76,3534,3534,0,0,8.4,36.81,0,0,0,0,1,1,4,3,,,-0.06,-5.54,0,1,3,1,,,,,,,,,,,
1791505945,7ioeSgzfSKHMnpgfPpgRFsekMBGiu9oi6t6GeqYtNbbh,CURVE,7Pu2ytSzMwg5qhMxXV4qb4ie7gCGhy3kYjbgwFdfmMPB,raydium,1790658485,0.0001808,202908.67,180532,180532,0,3175.88,9395.12,37008.58,0,0,5,10,36,31,223,186,,-6.55,-6.3,0.09,0,2,1,1,CPMM,,,,,,,,,,
1791505945,7MYpDaZ1Uorg1QtkjWK25X2K4UoNk88854jfopAXxNKs,DOTS,4UZFVgHqgzDxvfeE1eu4cVv6boonSKsjpGT4JiScGPRt,raydium,1790623089,0.00002554,18743.62,25543,25543,0,0,124.67,2179.13,0,0,0,0,0,3,12,18,,,0.3,-15.6,0,0,1,1,CPMM,,,,,,,,,,
1791505945,7KRkpz1dWtvofPY6m9hbHNdb1mP7tPoNb2NnYYzGYcAL,MI,81Fqik7YgRXnw5YLGB64KLhAMMuqBRZYyCQEapNA2TWX,raydium,1790658732,0.000008639,16310.67,8640,8640,0,0,16.86,301.69,0,0,0,0,1,4,1,11,,,1.61,-0.59,0,1,1,1,CPMM,,,,,,,,,,
1791505953,JCqaX2xkY4MSWj2Fd3VQPLy2V9ZzTEoqTZ6VdQhyi1Go,CARDANO,CtqhtCBJdWQPqaCXmLT1bLp5fX3ufxsc8Ye3sZnKEttW,raydium,1790661981,0.000002765,4924.82,2765,2765,0,0,1.12,1.12,0,0,0,0,0,1,0,1,,,,,0,1,1,1,CPMM,,,,,,,,,,
1791505942,3JBcBwcZ5psDu4Qy58YBqbMn2Nk4QKzDiqii4gpAwqei,K/acc,ExsQ6RDXiSWVGVeyvL2QAwNmxT5SHPbPW9yWjD9TmKqG,pumpswap,1790668225,0.000003767,3742.89,3602,3602,0,0,8.43,2157.37,0,0,0,0,1,2,18,19,,,-1.17,6.92,0,1,1,1,,,,,,,,,,,
1791505949,CeiwP43gua1eqMSd4W6dUAC5LzYW257Jp48NzCNrgRga,DOTS,7d1FStCR2ASY3VaKnBWFiJgo2KXpZjtVEBX8i6G1ThwQ,raydium,1790659355,0.000002372,4343.74,2372,2372,0,0,0,30.63,0,0,0,0,0,0,0,3,,,,-6.57,0,0,1,1,CPMM,,,,,,,,,,
1791505950,F1AUYwCAmrH1JRVjyeZLT3cnGDKtEfTc9MwgWSbmuUn9,Carl,5nT7ZRtPzdqKzgFtZj1czRY9XC8oj731nft47nErWcUh,pumpswap,1790674015,0.000003094,2970.79,2892,2892,0,0,7.84,8.83,0,0,0,0,0,1,0,6,,,-5.32,-5.41,0,0,1,1,,,,,,,,,,,
1791505945,84D3VopU3g5qo7jUwzQK4P4BnVPQWr2MzeaRCFkHpump,POND,9Laz2p55TfBxoiDRWZQNU8SKzr9534ZKHW9hmZPDXZ7E,pumpswap,1790676981,0.000004948,5287.84,4878,4878,0,6.69,85.91,409.01,0,0,7,1,34,19,80,42,,0.22,-1.57,-19.17,0,1,1,1,,,,,,,,,,,
1791505950,EThAHDXisQrhvv9MPrv5DgZuRHkjUzNcTwnLzVjCpump,PAYDAY,FSPhtif5wPhewj9kgkUSWEUrQxSAC7sGGioRkFZP82Eg,pumpswap,1790676501,0.000004632,4429.34,4386,4386,0,5.91,11.64,438.64,0,0,0,1,0,3,4,9,,-0.94,-3.41,-21.06,0,1,1,1,,,,,,,,,,,
1791505950,Eyvmi7QVpSXWbB7WLqf5ksfbRugaiFudubeLtpEDsnkh,SEECAT,FHJkEmXYDTEGgRsQsy7rAkfPrCyL9UNdpB1cqxKNqo4r,raydium,1790606334,0.00005458,19213.82,54587,54587,0,1.45,1052.67,3598.9,0,0,0,1,17,11,90,37,,-0.64,-1.92,-11.65,0,1,2,1,CPMM,,,,,,,,,,
1791505950,EtV9vmJXhV4gTgxzgzn7xpbjRX2ne2Vb8T58mwabpump,BLINGBOY,7qvv2vkJLVx49N2ow8p3Scncx2FNeFpZP63ZQdKHZf5i,pumpswap,1790682809,0.000002549,2707.63,2451,2451,0,0,0.09,91.32,0,0,0,0,0,1,1,9,,,2.12,-12.6,0,0,2,1,,,,,,,,,,,
1791505953,fSK8y3f3Hz1mTeSYap6FeqhZ8ResekAAuhZYddnpump,NTDA,5c4jXRKJQgw1gJahpRW3WvDNLkTUrzwK8omoZovszj3p,pumpswap,1790684662,0.000003969,3698.24,3969,3969,0,0,0,205.4,0,0,0,0,0,0,0,1,,,,,0,0,0,1,,,,,,,,,,,
1791505943,4XDan44KkAtC97S7b6KdExWR1zh24zka4iwLfuuYZoqn,LLMA,CMwwXFSqGWHNpHxiTKaVxMUAiBZsV9vADeWoQ5BbuMgv,raydium,1790685695,0.000003206,5572.1,3207,3207,0,0,83.11,117.88,0,0,0,0,0,8,0,14,,,-6.04,-10.11,0,1,1,1,CPMM,,,,,,,,,,
1791505953,HrXtCbUQJB4Z8P2Y9yrzNk2xgp2V9yTKM1qsmKifLXR2,inu,92RqWvHW4dmmyTkuTWoYghCjTzf5LLN2DDy2Gujg2cFL,raydium,1790682324,0.000003491,4644.06,3492,3492,0,0,0.26,46.2,0,0,0,0,0,1,0,6,,,1.73,-11.33,0,0,1,1,CPMM,,,,,,,,,,
1791505947,AFuPDJBiRy7MC2U3dTEZB7rReUAosWGv7aj57Lqppump,YOINK,WDWNj2W1K5gPsrmCEcjSD9mEZ3VZh2BJLxUahtmwr26,pumpfun,1790387869,0.00001727,,17274.88,17274.88,0,0,0,78.61,0,0,0,0,0,0,5,0,,,,-3.65,0,1,2,1,,,,,,,,,,,
1791505952,H4KUxsEgCp2yDpFvyDuGM5k6XevSKKrrKUxZ3Zr6nyJc,COCKROACH,5d1MwACzebHE96bX8ZN3jQGjwPuBjQF7vcbmmhr5Gskb,pumpswap,1790689191,0.001331,154398.53,1307466,1307466,6029.27,12136.62,76022.69,309235.69,5,14,21,43,311,262,1560,1139,13.72,11.83,11.79,46.14,0,0,1,1,,,,,,,,,,,
1791505945,8CMH8UTpXVSKSBA5sNtscfzxD9yQUC7VYP415p6Ezpad,ZPAD,6v5dr3ppBUgCFVWxKURCgZeSC5TA7fqhTmeS6e2Tnet7,pumpswap,1790691644,0.000002905,2928.33,2634,2634,0,0,0,32.95,0,0,0,0,0,0,0,2,,,,-1.3,0,1,1,1,,,,,,,,,,,
1791505953,ZrueWB1YvjruJpTGiJSYYfyuL71FZeeSUwJY1ZPeyes,EYES,BkYnXoVkNXQxSBKF3R7nRADoiTPZaWotUp1NhWRm15j7,meteoradbc,1790167729,0.00003942,,36332.63,36332.63,0,0,21.73,165.04,0,0,0,0,0,3,0,7,,,-0.08,-0.87,0,3,1,1,,,,,,,,,,,
1791505943,4zfwqBtYpDjdiocYL91bc4h2qoeuD13MwgbiZWbECPTE,ZCOIN,2Jdmn6jB1XUG1ztkDDmbKNXmLaLGY5uxhxttcogZ2rZp,raydium,1790689010,0.00008044,24945.87,80447,80447,0,255.03,2149.64,21087.42,0,0,1,3,25,13,151,87,,-4.26,5.37,-16.29,0,0,0,1,CPMM,,,,,,,,,,
1791505950,EU5WWxWBjDzfs3pvb6N7yuc6gBfo5Ltao6qfdXDiH2U3,SLATE,A5GaMKj9qwKZevC76D1ZNUVKH8ayqArozAFBCN3GDgQT,meteora,1790605084,0.02227,15647.07,22275,22275,0,0,61.07,1284.74,0,0,0,0,0,2,13,16,,,2.51,-6.06,0,1,2,1,DYN2,,,,,,,,,,
1791505943,4yqVrQt7Uvie3Dmtji3p7CDwqkBqjTfknzsFkHF7u5i9,AMERICA,CbtUukKm1yE9PLM586vAaAu2iwSxUG5mWo2modqgHaix,raydium,1790690314,0.000002719,4943.82,2719,2719,0,0,0.43,1.81,0,0,0,0,0,1,0,4,,,0.24,-0.71,0,1,1,1,CPMM,,,,,,,,,,
1791505942,3qhCS4Qp24BCXaBsMnGDEh7Lw5SURqcSUTpUgGBApump,swordinu,DR538pGAshWv56uihJck7o6GD4yiDPayD5tP2buX3aVF,pumpswap,1790701151,0.000003032,2917.55,2869,2869,0,0,129.28,203.47,0,0,0,0,0,1,1,4,,,-5.83,-11.02,0,1,2,1,,,,,,,,,,,
1791505953,RKLBnAXGqv31iZomqsuAWkQm1aqC7JwwvbCfzGdqAhz,RKLB,GoT9JVkBRq2t9u4ECjtZSwSDz4eCnR9WRirEVH3odpyU,raydium,1790694832,68.47,50462.18,380043,380043,0,0.02,1.72,5876.49,0,0,1,1,1,3,1,48,,,,-4.14,0,0,0,1,CLMM,,,,,,,,,,
1791505949,DR9923tzvCfKMpa7XxVPaUps9Fx8YfpcVHQHMfgDpump,STUPID,DVkTbWua4ukz1rRxq44NA4xhKX6j7Ero9w1doWySK89K,pumpswap,1790696267,0.000004026,3727.33,3930,3930,1.66,30.95,248.39,536.63,2,3,38,21,250,116,449,236,0.24,-0.05,10.21,6.96,0,0,1,1,,,,,,,,,,,
1791505943,4ioYUvNC89Ygp5gd2xu3WYbwPhczFQKwz8bjtwTXpons,BETA,GNzAZtCK44MKk3Z6cFRyPRTjEP8Y8e2BVcQMipz37EpS,pumpswap,1790690948,0.000003478,3430.8,3295,3295,0,0,125.89,309.67,0,0,0,0,0,2,4,5,,,2.52,1.97,0,1,1,1,,,,,,,,,,,
1791505947,A71Uf3jwg57fNedSao9eFwm9eKSLYFbVJ85T4fuXpump,cNFTs,H2UTFeuwA6yQP2L3DegdvtA4wCCwLJjKwq2zXepzU1ae,pumpswap,1790698801,0.000004403,4850.56,4326,4326,0,0,9.36,110.68,0,0,0,0,0,2,0,9,,,0.86,-10.26,0,1,1,1,,,,,,,,,,,
1791505949,Cy5TzDyJ4mo6MBAbpwUcAgdfNiXYKrYUPrvhPGVU6XMR,XMR20,B1w58REDpWVGjP5GmTymitxq4KHL11ytVkHBF2NLBnUw,raydium,1790695755,0.0002416,45493.23,241699,241699,0,205.19,6081.88,17567.13,0,0,7,3,100,62,190,218,,-1.49,-0.27,-5.63,0,2,1,1,CPMM,,,,,,,,,,
1791505943,4arisZWtGpHEjKfLZwUDnzop8oMMAN5proKUQFZ7qLPf,EV,9rKUpxDEwSCd8zReKZRaDfS7QoaCHtnDndot5hRd6SGm,raydium,1790700020,0.000004315,6840.11,4316,4316,0,0,0.37,7.72,0,0,0,0,0,2,0,9,,,3.12,-9.16,0,1,1,1,CPMM,,,,,,,,,,
1791505943,3vYBWj2Eggys9rNeCNznB3hyQqm1Yecx3NF4RtrApump,SCAPE,7LPcTgCqSHzTnmpoPXdKGKF2UonbxxW6NbkaGhVjYFEv,pumpswap,1790753237,0.00002222,12674.54,20271,20271,0,0,0,284.7,0,0,0,0,0,0,6,6,,,,-2.39,0,2,2,1,,,,,,,,,,,
1791505945,7UfcTJD2RSRg9AJ4k2V2rs71Ew8Zy2avaU5roc8bpump,Liza,FZtCX2NjQKfaEDqCEyD5t1PNt5ssJuJr1e7LPZPEefko,pumpswap,1790693876,0.000005202,4822.91,5055,5055,0,15.76,19.37,469.49,0,0,1,0,2,2,5,14,,0.94,-4.6,-21.68,0,1,1,1,,,,,,,,,,,
1791505942,3ZSai4T7MGJYdSgAA3ro1bGnVLQGbtdjBu9o23zCojvu,HUMAN,FZE2M3irUmELtWBCi694S1XCX5HGcEZjXELMWmp4XsFv,pumpswap,1790706107,0.000003460,3391.75,3365,3365,0,0,129.36,133.94,0,0,0,0,2,0,3,1,,,1.82,0.51,0,0,1,1,,,,,,,,,,,
1791505950,ESEdbgAw2mgkVTPhCz1pbBbKdAmFAFgqu9i1gpsNpump,NPC,GaKQ4tPVxvZqTVnuApwnK4exggB3e3dJHGnw4b9bM8ft,pumpswap,1790703637,0.000002346,2504.1,2305,2305,0.63,0.63,25.77,46.85,1,0,1,0,26,8,49,23,-1.19,-1.19,3.74,-4.68,0,1,1,1,,,,,,,,,,,
1791505945,7GYk6spb1x9V3YS5F4qcARfhp242Nd64Dq1rhHCAmtb3,SI,82TFFee2RcuD64bvSma4A7gvaWt2GvZKPbf9csE2uHT7,pumpswap,1790707459,0.000003086,3310.02,2985,2985,0,0,0,3.46,0,0,0,0,0,0,2,7,,,,-4.48,0,1,1,1,,,,,,,,,,,
1791505942,3VPoXaRcXxju8qgkVRN87UuXZxbdBD7zyaXPDqqmpump,SI,GnpvosiacUQbkxPPTFo2C79CX2qTuKgXAwHekyLJoDbe,pumpswap,1790709032,0.001829,145962.79,1713986,1713986,781.7,63205.35,167867.59,918727.78,36,16,568,424,1251,1114,4630,4594,1.37,-27.18,-22,-57.28,0,0,1,1,,,,,,,,,,,
1791505944,6Vuz122BbhCoBSXLH94JdMamHAJhRGBKGJJ1i2TWpump,CROCS,GLAwM3VfovjbECk7k1Ujq1z6bvxZFb319VVeN3baHZ2b,pumpswap,1790705786,0.00001064,7743.94,10515,10515,0,5.24,104.67,366.35,0,0,5,6,33,19,72,41,,-1.26,2.68,2.35,0,0,2,1,,,,,,,,,,,
1791505953,HkzbDgdJcds5oZs4zMgmsJ5qGNCoKGuyjJi6YAgaFceB,SI,X1cZHHwZvF9yLiibvhJFEypss5W5P9ctmhL2zgcy9NZ,raydium,1790709635,0.000003827,5431.84,3828,3828,0,0,264.16,355.51,0,0,0,0,1,16,1,17,,,6.34,6.34,0,1,1,1,CPMM,,,,,,,,,,
1791505951,FuEXRwEWRuQVx81qEjA6YDUVZaa6qDbAqQuH72BZ6PsC,Quine,2d1afJkTms5CL9LcWPQGXeJrRQxzRiAU4JXvwWeiqfnL,pumpswap,1790741544,0.000004474,4397.66,4202,4202,0,0,0,12.7,0,0,0,0,0,0,0,2,,,,-0.78,0,1,1,1,,,,,,,,,,,
1791505948,BnAiH6Qu9cdL7gRvue8qbbE92CQRSqKox8UAtpispump,BabySI,EnnS1ZvUkowA96xbdFY8k5gzEs36CMnvqUPHKXTFzkmr,pumpswap,1790709835,0.000004360,4140.18,4188,4188,0,109,219.77,227.01,0,0,1,0,2,3,2,5,,7.64,7.9,8.12,0,0,1,1,,,,,,,,,,,
1791505944,6d9fD5SxvN4DAG4SHQD8pebm8TM6XeSbYezPDjdapump,PINO,BHKyty1uDDxSwAkhkefn8ZwNQZjfQrmC672D2UW874dD,pumpswap,1790712208,0.000004353,3884.1,4025,4025,1.2,3.75,86.04,265.63,0,1,4,5,35,21,67,43,-1.19,-1.24,-1.31,-5.8,0,1,3,1,,,,,,,,,,,
1791505946,97SkmPTaFH5zT4QD2KjSsmxaPmKG3PL9kxb3KMtsJwfs,SI,p9zx8yKoe4jFDmwhJ9LtpdorJmEMsSWvUmC6W7Zivng,pumpswap,1790712345,0.000004537,4551.85,4436,4436,0,0,0.05,87.17,0,0,0,0,0,1,1,6,,,1.62,-6.21,0,0,1,1,,,,,,,,,,,
1791505946,8mnDxKCJUS59RzvesoYEk2ivtVhn5mBS2tmKj32ppump,XSI,Bs9YRoC3FPeKRv6odW24o2amyN4nPydV9tFbbXTBwPbB,pumpswap,1790712256,0.000003019,3162.22,2966,2966,0,23.63,109.26,140.66,0,0,0,1,3,2,4,3,,-1.4,2.16,-0.41,0,1,2,1,,,,,,,,,,,
1791505943,4WPn1oGVE7rza6PjFJwYpEXZn6qtjwxEKkCV9EtAxhUU,BOT,B7nYoGHqCGoFRiPB4AoT1NqbqrFWJDfiEkD3WNXxSCnt,raydium,1790702662,0.0001558,49849.32,155850,155850,318.76,1705.36,7867.26,48414.04,2,1,10,7,62,60,288,267,2.47,-7.03,-3.46,-7.66,0,0,0,1,CPMM,,,,,,,,,,
1791505946,8y2h8RDbF1FVKhcHNqaZFg4yJ5azXUyUeoByEAvJpump,NI,AZunHXFqFRyA2pEFxXA4XB3dH33DPcxSuXqt1tFFiCse,pumpswap,1790716406,0.000002505,2540.08,2431,2431,0.74,10.39,65.14,95.79,1,1,8,3,31,17,63,38,1.29,-0.48,1.27,-5.64,0,1,2,1,,,,,,,,,,,
1791505950,FKfhzmbMtgbf1YwwyNMxtFU43MdATe5S8Pq2bsQ7uAHn,SI,54ZiExNDWV1GHiaCk7zVpygYN4QF583ARHSC147b1Dks,raydium,1790709669,0.000002147,3420.83,2147,2147,0,0,40.69,90.22,0,0,0,0,0,1,0,4,,,-7.76,-12.24,0,1,0,1,CPMM,,,,,,,,,,
1791505943,4o1Y8cxUaiaji4rowfm8x2FkyvMreN81ZjNWXQZxVSFC,CHILL,C4Nw9eSaZ16TEfC8GGSiGUqSxhuAbgWoREj4mPrGZ32T,raydium,1790712555,0.000005399,7301.28,5400,5400,0,6.38,23.8,255.69,0,0,0,1,0,2,9,7,,-0.32,-1.44,-3.19,0,0,1,1,CPMM,,,,,,,,,,
1791505949,DhVcpV6UdtMKATyQm8E6CvpJmy91HdPibe9s7uzkwYuN,SIF,HcQz4snRZv1UKJK8B4ZQEMCdDDtjU1oaBNXPZoudvhPA,raydium,1790716264,0.000006844,8840.59,6844,6844,0,0.3,550.59,709.32,0,0,0,2,7,6,11,14,,-0.02,4.87,-2.13,0,1,0,1,CPMM,,,,,,,,,,
1791505953,pdXfXZJgFnwNivUFyAKCw1DjH2X8eiJsdzM8QLcpump,ECLIPSE,2VNyys4JvNXLgQqozFEiTXdBbFJJLQzwNWjaAevnu1Jx,pumpswap,1790737299,0.000003181,3048.77,2965,2965,0,0,40.44,418.96,0,0,0,0,0,2,4,13,,,-0.32,-23.46,0,1,1,1,,,,,,,,,,,
1791505941,2KfbhUBYFMUoJgocJ8Wh2SEuuizuw1Bi7SK4Q5FER47H,SI,GzZaRugVALE4Ue6cqV9fs9XqNYPaN13qpu67dBWWkoxP,raydium,1790718702,0.000005170,5868.86,5170,5170,0,39.21,55.5,259.96,0,0,0,5,0,17,13,28,,-8.76,12.18,20.36,0,0,1,1,CPMM,,,,,,,,,,
1791505945,7Wh6rxVWUBFCNCWCz7nLaV7z3SDr2M6rFTjjWP6aE8p1,SI,DyVrHutNGpuGFgJzDxZVfpAUbUjo1XJdaN9aDLrfRj6P,pumpswap,1790718791,0.000005918,6348.71,5610,5610,0,0,0.02,57.63,0,0,0,0,0,1,4,9,,,1.62,-7.25,0,1,1,1,,,,,,,,,,,
1791505943,52KK9TGWqpSfanxb4rnBHWKtt9PTQ9MPncDkwgkP98Fr,P(DOOM),9KvmPGorUTovT7MxqusXYd6g2ChMz78ksEEUUJbMKbVa,pumpswap,1790719370,0.000008923,6852.62,8381,8381,0,0,16.19,325.61,0,0,0,0,1,2,6,7,,,17.78,14.39,0,2,0,1,,,,,,,,,,,
1791505946,9SSe89entupJKK7bZ8WbaX1YY5b78CGUaUNzfGonst9d,S23,7tNGTSCr74J8ppxgNpz4nz5hFX2sjBm84p4ykibWgcje,meteora,1790886466,30.96,32354.66,170312992,170312992,0,0,1.1,25.26,0,0,0,0,1,0,1,27,,,,-0.29,0,2,1,1,DYN2,,,,,,,,,,
1791505946,9aqmJjCnnMQv42TXLk921ceUkN35nea2QP969n1caqjj,SI,7Nj7mBE7iVmjvnBHNvjgaz6G3ZktTHFNbf7aQDfZ7iNR,pumpswap,1790721877,0.001270,153302.62,1233717,1233717,751.48,36731.11,384298.58,818788.54,11,9,321,346,2171,1918,4839,4095,0.21,-8.88,23.9,30.03,0,1,2,1,,,,,,,,,,,
1791505949,DtFkKBC3Cmi9j3SxBGRUd8gvBLw7nAasrvUJFB69yubM,SI,FFwYzQCxhGGeARtyDr77nsCHbXqSnKd3neUWKLaanwdc,pumpswap,1790721534,0.000006861,6799.58,6743,6743,0,0,0,116.41,0,0,0,0,0,0,0,6,,,,-4.77,0,1,1,1,,,,,,,,,,,
1791505948,CD6HVRQTtKarnXBsSYFageG8v2p6bpYigG5XHP7NCULT,CULT,DaEtdwaKktJwGEViMM8BHY2HpXAbkQhJ4LT75QXmyNA5,pumpswap,1790723870,0.000002684,2648.7,2455,2455,0.54,4.44,40.19,80.71,1,0,5,1,36,22,73,45,-0.46,-0.96,3.32,-2.69,0,1,1,1,,,,,,,,,,,
1791505953,resideK2Ejv9apu1op2VBv89poumxCDCs8nzBxQ5q1y,RESI,Atwk3wi3U2u87n6c7gNdmipHKQgwJRM2c1qLXR3Z8Dbj,raydium,1790722960,0.000007487,8826.64,7488,7488,0.52,13.85,219.61,1072.9,1,0,10,3,40,25,92,57,-0.07,-0.88,-1.23,-25.48,0,1,2,1,CPMM,,,,,,,,,,
1791505944,6iAj2oywQMiD9NeyTcW1S7UtG7e3jSK7Ud5ZJDqJpump,HI,FdFVc4hkRieRp9kBKNJpq1FxJYZbqrSi8PRy21MQvR27,pumpswap,1790721331,0.00002318,14237.08,22598,22598,0,41.28,513.08,6803.79,0,0,8,3,29,33,137,156,,-1.42,0.67,-31.66,0,1,2,1,,,,,,,,,,,
1791505948,BYaxkgDfkUApMgsXu4SiJ5yc6DTSfLxp6an3PvVVpump,SS,2dZavaJxjNCYKXDDFN7kqus1qAiiQhuMYefUvjGgpSLx,pumpswap,1790721326,0.000002465,2784.42,2429,2429,0.86,5.46,29.22,53.71,1,1,5,1,31,13,56,29,-1.78,-2.16,3,-3.8,0,1,1,1,,,,,,,,,,,
1791505948,C1C3YwhdXxcpeKchuth6sNjmvgQXSqnoRN9UXucipump,SURV,3q4cbvFTtdE411dTRXxSBCqz3pDziPSCzFSHArXXCP22,pumpswap,1790712833,0.00001501,8966.96,14205,14205,0,0,148.59,5427.5,0,0,0,0,22,1,76,231,,,5.56,-51.24,0,1,2,1,,,,,,,,,,,
1791505947,AptNRGC5JrCgqRCFY8My2XvKPaEUCwDN53qjHcdxJXbv,ABUNDANCE,4KDAHN6TzL1ejUFPrwYk7pmkWLVfDTEjhcZyfJXJM85y,raydium,1790724202,0.000005403,5412.85,5403,5403,0,111.2,491.32,1840.44,0,0,0,1,0,4,17,8,,5.31,-21.05,37.13,0,0,2,1,CPMM,,,,,,,,,,
1791505953,J47Jmw8ndwu6Vt6ZubD9C9VUVHi6uWsBE2XPsEjmpump,FKCANCER,GmidegQQZSu1GqxQKLmANEzEbHGCri86M2iQhY2ipidV,pumpswap,1790727007,0.000002936,2985.13,2847,2847,0,9.09,34.6,63.24,0,0,7,5,39,17,69,33,,-0.34,3.03,-2.13,0,2,2,1,,,,,,,,,,,
1791505944,6e8LLHkqCTa4mzGuL1PoUxSfeHmDeceJ3DaJSSUNg937,ARTHUR,Ftejc2f8dKL9q9RmrtTen6aXPhNdbr8dvNvDbEx56p3H,raydium,1790725047,0.0001188,28816.17,118887,118887,0,441.02,9236.32,45859.19,0,0,7,6,92,119,438,486,,-0.97,10.95,-5.53,0,1,2,1,CPMM,,,,,,,,,,
1791505953,NFLX7qV57zuVxCoHy3s1jiGZyALraLNwttbxdvmYJLJ,NFLX,E3mugzPiMhKGrDcfcz5ojo7HJBbYA6UMaJvSzbabPLAM,raydium,1790712643,71.35,127353.02,405641,405641,0.02,83.04,2827.45,338761.61,1,1,14,12,22,43,2571,2804,,,0.05,2.09,0,0,0,1,CLMM,,,,,,,,,,
1791505952,HBfgHb4h5BTg2hgZaP4j7VXHMxGQUgnr4oDXESKXpump,Comando,ApJcvYTXyyR9pMuAFL9atFqFKSbhswd5Ua3ATySha3K,pumpswap,1790729292,0.000003836,3772.39,3719,3719,0,0,3.49,145.99,0,0,0,0,0,1,1,5,,,-7.94,-14.64,0,0,1,1,,,,,,,,,,,
1791505953,tZb9aZdDRS95vVqoKgphYZQnGScFV1gdggctvsJPSob,SCAT,9hMG87VapAn6ViTZJrRJNPLV6gbD4UnLT6cPVcxTno9W,pumpswap,1790729481,0.000002633,2661.82,2539,2539,1.2,3.31,38.55,93.06,2,0,6,2,33,16,64,40,-0.56,-1.23,3.92,-2.99,0,1,1,1,,,,,,,,,,,
1791505953,HweDNAX8tt1UJt3stdsDeErLjZu6J5L9j2JzH54HbYBZ,DAD,6DvpJ6ZMGnve3xmrNhZLvSrUCWsVs5uJU5v7YnEE6gh8,raydium,1790729988,0.00004716,20011.29,47168,47168,0,0,1621.8,3242.63,0,0,0,0,0,8,0,18,,,-28.33,-41.97,0,0,1,1,CPMM,,,,,,,,,,
1791505947,Agr56DXmmYX7wHcqvSGJweXFrSwGv3d6wbjmVqkxpump,TRENCHDOTS,BHoWTvcnb28VXMig6UX4Skzi4Anh745rhF9NDGkdfNen,pumpswap,1790735280,0.000004641,4612.72,4505,4505,0,0,0,172.41,0,0,0,0,0,0,1,19,,,,-15.92,0,1,1,1,,,,,,,,,,,
1791505945,7QNx9Me4nVvJrpcqFfvLs6ArNtPGCBwW7vAEiu9Spump,SUN,FgWrp3PkLWLF2doYX4xHPTP3iLJXgsBt92aAdGNx4tE2,pumpswap,1790732999,0.000002444,2515.52,2347,2347,0,0,0,0.59,0,0,0,0,0,0,0,2,,,,-2.8,0,1,1,1,,,,,,,,,,,
1791505942,32jbu7pyiNeKcddMAc46fHhyoGm3Qa425fDwuupjP2Rg,NUTFLEX,2vtbPb1FPaTCCCC7VHsPRnu3fEzVv6NP6gnrMLZJaJ7E,raydium,1790727805,0.000005033,7514.18,5033,5033,0,0,0,98.73,0,0,0,0,0,0,9,7,,,,1.85,0,0,1,1,CPMM,,,,,,,,,,
1791505947,AA1hANzAbftBU32KQCYfbsYnyMqA3uGCBeek1ZE5pump,cum,5jhXPqPvGQKtspx6J3axURScWQucPn7rzYj2XLLghKdU,pumpswap,1790733583,0.00001705,9693.77,16586,16586,0,0,99.22,348.25,0,0,0,0,2,1,4,2,,,2.7,-5.46,0,1,1,1,,,,,,,,,,,
1791505944,6xCiwkREkYzLdnDcCV9uS3hBZidXuwkc9L9c67dQSTNK,supercycle,EGsGQN6dMCLd13Hpcj8pDCQH7a4NBPn3Mc4FuPbBnRMo,raydium,1790731754,0.000005886,5989.3,5887,5887,0,81.34,465.45,3778.46,0,0,3,2,18,11,76,82,,-13.19,7.82,-19.86,0,1,1,1,CPMM,,,,,,,,,,
1791505945,7PnnmFGcWzwWs5tLaRfTjLSw1s4AJGdXbu3kyUkApump,LionDad,6KrMGwFTAnKvMwZBQFNwcn2Z6W3CdqHT9ewSZGLNodrp,pumpswap,1790736623,0.000003453,3276.65,3326,3326,1.17,49.41,277.17,543.39,1,3,45,16,233,120,454,223,-1.27,-0.72,8.61,13.58,0,0,3,1,,,,,,,,,,,
1791505953,WApCdQftZcRUNHN9S2XvmrqeRtRASE3EZxnwuNJpump,HALLOWINU,6oFYqfsSqApyhS1XN4VBB9uA5GpdAMp7RjiPMszXbUJi,pumpswap,1790641667,0.00001744,10039.94,16565,16565,10.12,175.04,1151.91,4795.27,1,0,4,3,25,18,60,54,0.56,7.07,38.56,14.27,0,1,4,1,,,,,,,,,,,
1791505942,3b5fTE5NyvCtMgKcDkvt4vUW2KDc7mgUSW8a8XYVpump,sendor,AfGTgT5ukB1u2AZ7RRPRvvwNCKzSA43Lpk4iBcXhg1Dd,pumpswap,1790738085,0.000003470,3635.81,2998,2998,0,0,6.39,103.56,0,0,0,0,0,2,1,5,,,0.28,-6.2,0,1,1,1,,,,,,,,,,,
1791505948,B4eEfy7nX3hcAcH7dCYtahCVFiPXgpNSroZFhJZTpump,dotbook,D8KFQfjiMB8BoPNvSdHtmegQsXwCqdN6kRYokFD6VB7Y,pumpswap,1790735784,0.000002881,2962.86,2790,2790,0,0,0,4.88,0,0,0,0,0,0,0,1,,,,,0,1,1,1,,,,,,,,,,,
1791505944,6ZG6fMHaE7NpubJr16G8nFLBg91rH5kU5SVpqUmQpump,AIRPAD,4ApFQYGn4X18tCFwXV6PVWYmfvvJPm2jTs5yhdYvdSeM,pumpswap,1790737717,0.000003599,4695.34,3577,3577,0,5.62,43.47,127.59,0,0,7,3,40,20,63,30,,-2.38,-0.19,-11.11,0,1,2,1,,,,,,,,,,,
1791505946,9a2vQG6eQGmdJqvrVuAtXpvMQMokhLf7FHW1QJGHFvWi,NUTFLEX,Bz5Y8vjQ2jwriNmFZYkb7wMdzfova8SQfcF1Dp5yqFB7,raydium,1790731242,0.000003557,6060.09,3557,3557,0,0,0,9.53,0,0,0,0,0,0,0,2,,,,2.02,0,0,1,1,CPMM,,,,,,,,,,
1791505944,6f2RHqHu2bAcbEtMYtH3ZMcVfSaZPJsiPigrd4yRshyb,ETHFI,EdUXP9wMp2gjArnRAFEC54A9dbpwntUM5wwL7mZZZQc1,raydium,1790742034,0.7703,770055573.99,770368000,770368000,0,0,66.9,253.42,0,0,0,0,8,8,32,32,,,,,0,0,0,1,CLMM,,,,,,,,,,
1791505950,ETneXyW9cy26bqTQ2Y38Nj6JUfKmzM4pwwqi2VeDpump,VeilPay,HRgttKGffKurPHEoRDguCeis4piS9gXkqe5sxZVcXshh,pumpswap,1790755322,0.000003012,2893.77,2849,2849,1.68,18.29,55.46,108.47,1,2,5,9,38,21,60,36,0.04,-2.05,1.94,-4.38,0,1,2,1,,,,,,,,,,,
1791505951,Fba1XgGz8t44FAGeqrXFMkPVfjsWXG6eLnrAJECnSTNK,SLOP,7HzYi61Zrb8VXUr3o6dMB3ySqNif2exQtxpky3c9BaqQ,raydium,1790742843,0.000002846,4704.07,2847,2847,0,0,0,152.08,0,0,0,0,0,0,0,5,,,,-7.2,0,0,1,1,CPMM,,,,,,,,,,
1791505949,EDETAdjB1N8AARfoWWTwxeUJiNFjGAEhBv1JBePnagoh,POTUS,BoEM6zfdAKAXGMF2abSqYvJLk5jbC8RwV1Kr4ViBehr7,raydium,1790739633,0.00001476,13579.18,14769,14769,0,42.13,1516.35,3893.9,0,0,0,3,9,27,38,61,,-1.92,-11.53,3.48,0,2,1,1,CPMM,,,,,,,,,,
1791505950,FMjzvhNVHtyEZnC5W2CgwTy7vpeWor1ZGmrsx7HkCGWs,3310,6zdhaYg7yz64vxssnTpuZ9h412mmb6GARguSrjd2FkWW,raydium,1790604738,0.000006388,7945.71,6388,6388,0,0.6,5971.99,6767.26,0,0,1,0,28,27,32,39,,,16.32,-20.24,0,1,1,1,CPMM,,,,,,,,,,
1791505943,486U4LyqMsHUvCwNrxXDgZ94BZNuCJ5rPDEkssC2hJi9,BMI,3XpVuSzNjACcmWi8mA9s77ZaJYpJVVbQDdjPxSfr2C58,pumpswap,1790746712,0.000002725,2894.75,2642,2642,0,0,0,0.32,0,0,0,0,0,0,0,2,,,,-1.86,0,0,1,1,,,,,,,,,,,
1791505942,3sL58KKh2QdNSfN9VRz8bHGGU5zStdfManVHCTkhpump,PI,HEs7k4Q6pFKWx5ExpFvxfowoe4YaAfg7ZApeJdbGtPKD,pumpswap,1790749673,0.00008956,31001.43,86402,86402,0,1433.46,3808.64,10687.42,0,0,10,17,40,43,142,92,,25.99,87.75,126,0,1,4,1,,,,,,,,,,,
1791505948,B4KsyCAcB1hgXkswX8tmMJk4JX8aH2z5vWzZYSPgpump,GOCARDS,34Ah2TsHnspXNYq1GVXU5YkYhAP1JqqoQpTgNQhp1kou,pumpswap,1790752920,0.000005448,5132.07,5218,5218,0,0,0.06,5.65,0,0,0,0,0,1,0,2,,,-3.37,-3.37,0,1,1,1,,,,,,,,,,,
1791505951,GJNoDukcP1cwMNgx84c8ibaTAkgnXxQDwAf2U3zjA3C3,Neko,EAbygutpwRG7r2Lu7xrwf7ykmQVmva1Y6f3jT5aW9sPU,pumpswap,1790751582,0.000003161,3137.22,3066,3066,0,0,0,7.7,0,0,0,0,0,0,1,1,,,,-7.88,0,1,1,1,,,,,,,,,,,
1791505947,Av6wmbqNiowHpmHx7J2j9mnuUcoey4fdkTkFwgVzpump,swarmdots,8azt6UrS4Pxb9ow4EZYQJSGxC1SU895vPGxLkcaqdaQf,pumpswap,1790751856,0.000003041,3205.18,2918,2918,0,0,0.03,99.02,0,0,0,0,0,2,0,6,,,-3.35,-11.99,0,1,1,1,,,,,,,,,,,
1791505943,4p4bAN4P6pdPW4o5BcdDWWRuJGyvEWDY8uSsHX23czv7,APE,TMerfsWqurc2DoZJaE24Mkc46eYBSZVszKaWzX9NRw9,raydium,1790755415,0.000003624,5996.97,3624,3624,0,0,0.1,0.36,0,0,0,0,0,1,0,2,,,-2.85,-2.85,0,1,1,1,CPMM,,,,,,,,,,
1791505949,E7Eb6WreLwessrefQ4ooXcqgwKQredJq3KBHbt8bYpYH,Watermelinu,8PkSCGCEgzPNqYFiXSo48ZQu4Ykcqgt4PY9uQSD8T6q8,raydium,1790753962,0.000003554,6007.59,3555,3555,0,0,0.01,271.1,0,0,0,0,0,1,2,6,,,-0.02,-3.21,0,1,1,1,CPMM,,,,,,,,,,
1791505941,26RJptVLvch6Zu2pm1Ftv6UYhbS1gLFUc7M7VP2Gpump,INUCYCLE,6fmEKZFSZcVS1CdQReCsrtRzVMXvXsbaantdH3f6mo9v,pumpswap,1790761207,0.000002659,2626.58,2556,2556,0,0,0,62.79,0,0,0,0,0,0,2,3,,,,-1.15,0,1,1,1,,,,,,,,,,,
1791505945,85FZWfPr3s8VErzHdaaC4EdTedSXmhBDgzoJBGLDpump,Yaniv,2UGFR3svjFgFa3h6kHPSi7EBhvCzGkLxeytRny3PpmHM,pumpswap,1790760032,0.000002535,2508.19,2397,2397,0,0,0,2.26,0,0,0,0,0,0,0,2,,,,-8.43,0,0,1,1,,,,,,,,,,,
1791505950,EbJJKtnawGPhfgthRrwsyDgrCc1smGUUYbK5WNAK5E1N,Gingitsune,EvXgqzUT6sGd4iz7mE8nYH32WZK1aDEr9hWXhoGkXfmZ,pumpswap,1790762968,0.000004606,4313.72,4415,4415,0,234.11,1674.37,1843.58,0,0,4,1,24,20,32,27,,-0.7,2.96,-5.47,0,1,1,1,,,,,,,,,,,
1791505953,aD2P7HNY4F5Pqp6QcBWEDAkEgcT1QqPUsafajS1AAea,QRCAT,4X16MYgMBAf9uW6X4isJzTumBXhmF7WSuRJf5S7M1viA,pumpswap,1790763094,0.000002868,2978.8,2691,2691,0,0,4.94,44.07,0,0,0,0,0,2,1,6,,,0.59,-7.65,0,0,1,1,,,,,,,,,,,
1791505947,9twiuSdTVkwtAC9XQDG57dFRhF4iqPih461HJfMZKci9,Saw,ATrJhrc46UkY4gTmJry2SUZvtaLJX3LydBufPnkWHTC3,pumpswap,1790766389,0.000006824,7166.87,6708,6708,0,19.21,1147.56,2552.42,0,0,2,0,14,14,43,42,,1.33,-6.21,10.49,0,1,1,1,,,,,,,,,,,
1791505952,H3vfXFZfFQnba2NV2seTMBdY92yLK2VJHsppUzYv6ua,GENNYWEALTH,HnFFnT64a5YYSUgNYt4Kr6qvVFr4FxbYLMngTU7kjWLH,pumpswap,1790767464,0.000002448,2501.19,2388,2388,0.63,5.17,59.14,91.68,1,0,6,1,42,19,66,34,-0.57,0.38,4.55,-1.41,0,1,2,1,,,,,,,,,,,
1791505946,9EPCWPC4eqhYXKeL8qgAUgSzrkvvk1D4ygayeVnw1vsS,fudcoin,DJeDBGYfPwu12BPHyjQoayt1o5Eh27dkvLRdxVaWB8eX,raydium,1790768590,0.000002094,3844.14,2095,2095,0,0,0,1.31,0,0,0,0,0,0,0,4,,,,0.97,0,0,1,1,CPMM,,,,,,,,,,
1791505945,82MP84Vjfxd21VHup3jjfJFcsr8SAji9MHy7VHCeSTNK,CROOK,4xBbEPDybPz2Pn5wUyte271C6rt1vvLosHWvQW3QzHxh,raydium,1790771243,0.000004809,7303.15,4809,4809,0,0,18.85,37.13,0,0,0,0,1,2,3,8,,,-0.94,-4.32,0,1,1,1,CPMM,,,,,,,,,,
1791505951,FUuH1aufXBQQwUJGQPErV9Pa7d1dvv4iuRhrf1A3fvR3,terrafying,56cvMnUZnZzVDa4c4bWctU1sMDiKApdFuDLXS1r5Q3Jv,pumpswap,1790765922,0.000003864,4270.57,3754,3754,0,0,414.37,800.85,0,0,0,0,3,4,10,12,,,2.2,9.13,0,1,0,1,,,,,,,,,,,
1791505942,2e7TzGXZfJ72jxviM6kxqWVbH3dndh2TrHzwg3cZpump,Pain,GeHprCgwQrbWS97e4JZQZwBBHWy7zJtqx6ijKoeCorkQ,pumpswap,1790769450,0.000002507,2497.1,2368,2368,0,2.29,2.93,10.76,0,0,0,1,0,2,0,3,,-1.58,-5.77,-5.77,0,0,1,1,,,,,,,,,,,
1791505948,CFvZVEqFDbtM7uVbfHtNr2AFgrKfsDJmC6domGmmpump,SU,5kwtYFTJ9NX2HChkBwnhe94pemyesh79HxCN11wdHi4D,pumpswap,1790778198,0.000002715,2654.09,2520,2520,0,3.32,29.46,64.54,0,0,5,1,34,7,63,27,,-1.84,4.33,-3.19,0,0,1,1,,,,,,,,,,,
1791505953,r4i2PJiJBABUXQNmh8UxbdLBAwTsRTZs4t4V3Gfpump,COMANDO,7N6kV54HiBbAvNUYuoc3DXhWxDzJSFZUrKN2o51Sawy6,pumpswap,1790770749,0.000002385,2494.06,2304,2304,1.03,6.15,29.42,75.18,2,1,8,2,36,16,73,32,-1.05,-2.06,1.22,-4.15,0,1,2,1,,,,,,,,,,,
1791505945,8XJgoo3yrkEBh84sx1dtysmznWG4V9Q5PBVVbs2tT18J,PIKAPOT,HvyKKmaZ3TDEMQXPwmcABCHCN6Mx3jo1RnWGZTCL3QWu,meteora,1790776701,0.000004239,7623.91,4239,4239,0,0,0,341.99,0,0,0,0,0,0,3,3,,,,3.2,0,1,1,1,DYN2,,,,,,,,,,
1791505949,Cb2pMbsRRvaeZoxpRqnTP6k6hLziSUf5pnqW9Jx5T3Wz,SGI,H2zaAYAEcyCK2h2NdyrzzToo8yhEjYJLdNo4A9Vz2RkJ,raydium,1790775436,0.00001286,12097.63,12869,12869,0,160.34,1355.03,6094.69,0,0,1,3,15,9,51,46,,-4.77,-11.62,-28.54,0,0,1,1,CPMM,,,,,,,,,,
1791505953,RuDKzjxqfv3Tq3X6dqSX1JrphXxXV3xntwPNdFrdDvE,HERO,642EHMvBRtryZZs11kC2RkbR6nF7BrYEm5EuszsGy3Go,pumpswap,1790775144,0.000002662,2626.38,2513,2513,0,0,16.18,18.72,0,0,0,0,0,1,0,3,,,-4.64,-7.64,0,0,2,1,,,,,,,,,,,
1791505944,6hatGWdZbBFuLuicNXGRDStqkGN9mAyfZBTkusUrjLoM,DOTS,TvqCrL7NPCW5sK2qWGLtSNaciB3E7gDtZijfVNZMVxi,raydium,1790776725,0.000002999,4854.81,3000,3000,0,3.42,81.09,138.08,0,0,2,3,18,10,29,16,,-2.36,-5.3,-16.54,0,1,1,1,CPMM,,,,,,,,,,
1791505941,2PuJ8eLNWeHLhG5YR5SD4mNwkQGduBiW2CWPuYq3vUPy,FLOYDEX,3phDmoE4yJF5abDCHawnPQSpGex7MeQe812fAXqV2bG4,pumpswap,1790794690,0.000002488,2456.52,2274,2274,0,0,7.57,56.71,0,0,0,0,2,1,6,4,,,0.5,-10.33,0,3,2,1,,,,,,,,,,,
1791505951,FU36e3gRF3oJUgef7Xn18JPUQRuN548S8PhL65rECaYV,SARKA,ALxHEmdDGZayJJVMqiL8ecm8rkRNH1wvJvoSj9kT8Tve,pumpswap,1790777589,0.00006481,22995.25,61596,61596,0,706.35,14257.47,50320.66,0,0,2,13,143,138,475,425,,2.31,10.35,-48.57,0,0,1,1,,,,,,,,,,,
1791505945,8acLTgfVBH5zExB2ez3kE3B7xH2xevsRusii7d8UfdPc,mINE,Bhvo33uf2RH7tFufWYsgCMYz6MZkbsRP3qmmdz5vPFeD,pumpswap,1790779282,0.000002409,2391.72,2246,2246,0,0,0,12.38,0,0,0,0,0,0,0,3,,,,-7.02,0,1,1,1,,,,,,,,,,,
1791505948,BRJmyGPcHmNxLvFrTquYRTigUHuhirs3WQSh4bpLtS8H,ENERGY,4aRbBUVsAHyurhK4YeCHG3JpWStgHuJko3jtAkMd1eFm,raydium,1790780554,0.000003301,5278.83,3302,3302,0,0,0,1.06,0,0,0,0,0,0,0,1,,,,,0,0,1,1,CPMM,,,,,,,,,,
1791505944,5dw5MXrnW4wbqerxhUr4jAg92BeRjnux7Nf5RKHhpump,REV,4FgGgugQJXpxY3ZN1cjXLJajYECakM86W6BDcwC2mXV9,pumpswap,1790843817,0.000006058,4947.44,5795,5795,0,9.8,87.52,1251.12,0,0,2,0,6,2,21,12,,0.17,3.42,-17.37,0,3,1,1,,,,,,,,,,,
1791505943,4BZ8LdoevaanYBxEZivsSiHv9Jx1zjABijKPzwDWupLA,JADOODOO,Gc8C4nst9kmY5CncCBq89TLE6PuuXDVAMibeF9hjb2rg,pumpswap,1790782975,0.000004867,4298.5,4572,4572,0,61.7,1010.11,1197.92,0,0,0,1,16,16,18,25,,-2.32,15.36,1.92,0,1,1,1,,,,,,,,,,,
1791505946,8zWcEgUZvQKcHgtUoYTnaC6AHX7FmtWVV9WeM4kPuXMR,COVERT,HqAcDG5dGaWX7PRLobb8zRMVnAE2KH5Co2Tg62jBirr7,raydium,1790719987,0.000005688,6415.48,5688,5688,0,0,93.72,195.56,0,0,0,0,1,5,2,17,,,-2.55,-10.5,0,1,1,1,CPMM,,,,,,,,,,
1791505949,CJS2EN7zGiZhVAYXsHqdXQJvNk8niiH2ZR9oWcrNpump,Arthur,9MPbUqaHVN3QMEkDQS5PgsuKcbsUkygq4cVkE1jM7zjQ,pumpswap,1790783228,0.000002726,3080.38,2671,2671,0,0,0.14,67.36,0,0,0,0,0,1,0,5,,,-0.86,-7.84,0,1,1,1,,,,,,,,,,,
1791505953,mXrsF4j1M4SoLvUzq9MiPN2xpGE21kDR2bTSdZipump,BSI,AQcFvbNB8b3hBtxdz6sM7FPPswPwrm25rFLDF1zetpkE,pumpswap,1790786591,0.000003447,3266.77,3166,3166,0,9.28,67.97,96.48,0,0,8,4,45,20,66,34,,-0.82,6.04,-1.71,0,0,1,1,,,,,,,,,,,
1791505948,Bd9thw3PAeyHeBGSi4R1ARBuptpG5rM4fhB8BRWJkq1e,glungus,7brshHG5ijCodns6PUiA4qWMjqDLowtQE7x1ghwrDZag,pumpswap,1790671701,0.00001987,11334.63,18925,18925,0,3449.68,6156.39,28837.36,0,0,76,32,103,67,362,285,,-32.66,-38.25,-59.6,0,3,4,1,,,,,,,,,,,
1791505950,EH9vKKVJJoxULovwZZ5seSot3ofdpeMTxWjE9tCSpump,ZI,8e56Qs85AJMfSmQGwTnfxC4V4swV54rmzSRUndqSGYps,pumpswap,1790791766,0.000002463,2434.87,2349,2349,0,0,3.22,49.24,0,0,0,0,1,0,3,2,,,2.39,-7.74,0,0,3,1,,,,,,,,,,,
1791505951,FWQf2kYPxWbggMj5w84H42gSdPcbgDwjt9uwUyYnpump,BI,3Qniv1KQjeredfait1yrbNwxn5hDYAYThMzhqoPYNZuB,pumpswap,1790785740,0.000004550,4175.67,4398,4398,0,4.4,48.17,234.5,0,0,4,4,40,19,64,37,,-2.28,3.41,-12.23,0,1,1,1,,,,,,,,,,,
1791505947,ALdiS7dN9HaRVbFmFaQw4a1evUxUD3r3M8vTc1HngW2u,BI,4WdgSAnovHp7fiZXNAbZXhzZMVxBkp4bVZWRMGwdABkE,pumpswap,1790788427,0.000003484,3790.86,3422,3422,0,16.71,33.54,196.81,0,0,0,4,2,6,2,17,,-1.82,-0.05,-15.77,0,0,0,1,,,,,,,,,,,
1791505944,6ZEaWsvHJ5qeXgaDodZGvPZj3Nxs9ErCt2NkYYt1LFPv,PeaqX,C2qfTYrZ8C8wtQkACigdoEpuzbBwWU1xzEbVbrYkDYTo,raydium,1790734558,0.00003671,16763.43,35590,35590,0,35.53,1628.04,7822.22,0,0,0,1,9,19,59,89,,-0.86,-15.57,-38.94,0,1,2,1,CPMM,,,,,,,,,,
1791505952,H4r1pbLaDK7bsJLinP32fYqFBBP6CKJPDdEN9kWJk2MV,Private,92yWnKKTzE2Ku8e3ehnSo5Lu6aufXE7dpHpicEWNToyy,pumpswap,1790790931,0.000005769,5251.81,5416,5416,0,5.82,103.02,2161.23,0,0,0,1,1,2,32,26,,-3.51,-4.3,-31.98,0,0,2,1,,,,,,,,,,,
1791505950,FACvJMFBWQ1GYm9dgZ7XHvs85V1EcK2SqHf534kspump,ZYROX,DA5uVLo9YU7wrS8ehuu61ujQkRzGGXSQ2oGdZRn861yg,pumpswap,1790788686,0.000003039,3083.4,2998,2998,0,0,0,5.93,0,0,0,0,0,0,1,3,,,,-5.38,0,0,2,1,,,,,,,,,,,
1791505950,EbHLDHnVB8cUTitL6X6eRVZM2E2kYAz6Wy7qRHu4pump,SC,9uaMyC8LYrNjEDUV9hfWxDcM45wvf9NpiX4V5tfYet7,pumpswap,1790871154,0.000002536,2494.24,2415,2415,0,0,0,20.4,0,0,0,0,0,0,2,4,,,,-5.62,0,0,2,1,,,,,,,,,,,
1791505949,Ca5RnSFTTCrJ4khNnPAWVvozytYhHUg8PXnzdsnxoP95,zilli,EUqKY6xx9EFexL8mpZEQbxXCnFd6D8mXhgkMhvukwvKm,raydium,1790770303,0.000002391,4242,2392,2392,0,0,0,47.38,0,0,0,1,0,1,1,3,,-2.18,-2.18,-3.04,0,1,1,1,CPMM,,,,,,,,,,
1791505948,BrLhG5DpphFZHE5hhhjY2iZ4HFAfu7e2dXB2h1Czuvba,gs,81vrem5VTEKFDKrYFS9Z54EBXjJvQbgAibz6RZigohWi,pumpswap,1790789368,0.000003566,3612.86,3493,3493,0,0,0.72,7.15,0,0,0,0,0,1,0,2,,,-5.98,-5.98,0,0,1,1,,,,,,,,,,,
1791505948,C5LjFTBeszZEZsQfgwawF4rzdupygG48ATcaj5zcvom7,UI,DzfnubcByqUwVQmVdxeZtdVwN6PNcacoKZVbyobUmRpg,pumpswap,1790792596,0.000002746,2689.99,2426,2426,0,0,0,0.38,0,0,0,0,0,0,0,1,,,,,0,1,1,1,,,,,,,,,,,
1791505948,BHFHzyjNrkf3brSktJSv5nqfS3CLVTueZSqGf8mbpump,CA,FqegzzBsTiUr93vSD5BdoJGuSmrR469FWuKzS8ftjcPT,pumpswap,1790791994,0.000002923,3142.07,2859,2859,0,0,0,12.08,0,0,0,0,0,0,2,2,,,,-0.03,0,1,1,1,,,,,,,,,,,
1791505953,VSoFduVq3HP7iYZ9H1EruWpdwfGpTcURPwgGwyCS48f,VSOF,ASw2apjb4EvS7zxq1BGtX9wXBBMYqUr5PHEfooq4EfcE,meteora,1790781290,0.0001525,20665.4,152521,152521,3.88,3.88,22.02,9236.72,0,1,0,1,2,1,29,47,-0.02,-0.02,0.31,-56.98,0,1,1,1,DYN2,,,,,,,,,,
1791505950,EsT61WMFMja6vJYPnXJHv4s9SeEic3bUABrbADPGMRUN,UHI,DEh1SgW6UZoZQXSDxxkSFeSyJqZBdE6EuGwFpPX6xYiU,pumpswap,1790790533,0.000003508,3591.36,3412,3412,0,0.46,7.95,484.31,0,0,0,1,2,2,6,8,,1.2,2,-0.58,0,1,1,1,,,,,,,,,,,
1791505948,BizeLNXEQjrTjmtQbNA6Qi22h5HKQe9Gjwys3ZkT1Nc9,ELON,Bq6qtrFcr1GdVhmZYCNKBBi9oeN1MTvET26J66zf9giT,pumpswap,1790789710,0.00002194,15270.89,21154,21154,0,0,1492.56,11527.09,0,0,0,0,16,20,76,73,,,-9.75,-23.9,0,2,2,1,,,,,,,,,,,
1791505953,JCX5nDG99k1CWB9AttJ3U57NmjSgnCoagFaZhqfEf7Ah,BANDIT,6L2q7ZrUQCzUBm7RHV2w336ZCVVrVGqA6z5oNmQmUidP,pumpswap,1790793667,0.00001503,12240.87,14950,14950,0,50.54,266.55,5445.67,0,0,0,1,12,9,87,63,,-1.96,2.9,-22.8,0,1,1,1,,,,,,,,,,,
1791505948,BLekeyrGWfyBk1YSuwvoSULeh5wVS1EEUfgg2aNbSTNK,AI,7kcbMGRyt8SnGVqFx93JzckV3MPXT1MhJAYJgpzW5w8h,raydium,1790793309,0.000003904,6265.3,3905,3905,0,0,0,0.16,0,0,0,0,0,0,0,3,,,,-0.01,0,0,1,1,CPMM,,,,,,,,,,
1791505950,FEYNnky1Jp7xfrTnR5U93qBM79RxYkQibzTaR31fdxqS,FEYN,DP7hdCfAt6Ny94b96RjNYSgUSRdfrT9wiDCtVjn6T3bP,pumpswap,1790792629,0.00004632,18443.43,45100,45100,0,269.86,424.08,7701.07,0,0,2,3,12,5,74,56,,-6.1,1.51,14.74,0,2,2,1,,,,,,,,,,,
1791505947,9rJsqPD1UqeXo1dgPybwTKm7Luga8bXVQ5A3EiYFhfeA,SI,7ecRqpsoJ3A7YsQEyp4HgnjXA4g8AzESfi9rhBNGiWcW,pumpswap,1790795908,0.000007772,7146.84,7528,7528,0,224.01,531.17,1908.07,0,0,0,2,0,9,25,28,,-10.51,-17.95,5.74,0,0,0,1,,,,,,,,,,,
1791505942,3MPnePgPguPF2cNjtGdHeNofSkg9Kn7Pn2vt6kr6pump,LAB,D9U53oJwBRpVEe5aFLp47wKPvsYYCKjwsE8K4ENzszMJ,pumpswap,1790796855,0.000003594,3762.19,3368,3368,0,0,0,0.29,0,0,0,0,0,0,0,1,,,,,0,1,1,1,,,,,,,,,,,
1791505953,qntUzPUsJ51abNP7VYNxkmsQ4RnvEZAhavUxsCxpxH4,QNT,9WyXYtMDZPVFDNFsPRPA1qgxq64JqFCYg31SMan8Pvaz,raydium,1790797058,236.39,52377.89,454629,454629,84.86,1848.87,13371.23,152200.49,3,0,46,1,122,126,1140,1099,0.16,-0.37,2.9,-6.97,0,0,0,1,CLMM,,,,,,,,,,
1791505951,FTa2QkKrc1oSkLciZCMS1o6zpRB1L8TZVkiPy56VQX4u,TEXTR,57sTxsma1pbg85XfjZiqpUrbnVbiBoRBsSMrybSpsc4u,pumpswap,1790799059,0.000002836,2809.87,2713,2713,0,0,0,0.26,0,0,0,0,0,0,0,1,,,,,0,1,1,1,,,,,,,,,,,
1791505943,4Xfph5jWxEj3zzPTsDNPJtJbf24LizaqPQGohodJZ1PV,Quamfy,He5LqnjT4HMgdj4gxMCbCJAhfUZkU2zf9aPkKWgjTb3g,raydium,1790797811,0.00001133,9551.6,11338,11338,0,0,580.1,3419.38,0,0,0,0,5,5,27,26,,,-6.14,-25.17,0,0,0,1,CPMM,,,,,,,,,,
1791505952,GjrhXcr8YzUZBbu5rifdqM5CPBS4LFJveq3ZiY2u3g5G,Meridian,6xLfdSfHgxHSLgFt58BTv9z35qsGbmpqLdMU2FwsG2Tf,pumpswap,1790799213,0.00003315,16779.95,31906,31906,0,18.54,1957.38,10611.41,0,0,3,0,19,24,113,110,,0.5,-4.84,-33.62,0,1,1,1,,,,,,,,,,,
1791505942,39eBixffUCh2GqF8sEE9fZ1rqoeP2HxNsstN5X5ppump,AHOY,6X2DJ4sAq6fYkUwz2Q5PWEJ4KfSUqzcUD5WRhmTV9zD4,pumpswap,1790799673,0.00006284,22604.65,59560,59560,0,182.86,786.5,6393.69,0,0,4,5,10,30,76,74,,-6.82,8.43,-16.11,0,1,2,1,,,,,,,,,,,
1791505946,8nSQRjqWKuLYfLgdvYaYm63hBoiKSZvGqN7yVaHMfc8q,Qubit,4pw33MzUncQx9EejM7veokeXayx5RNb7nzBE71FUnMyQ,raydium,1790800727,0.000005142,6151.04,5142,5142,0,0,394.05,2002.24,0,0,0,0,1,6,10,17,,,-16.57,-15.21,0,1,1,1,CPMM,,,,,,,,,,
1791505948,B7yfFFkX4NtxtQwGdegi2DuaVssitc3FGpqF2pxUH1zM,PUMPKINU,5YzMhNDv7X6NCyxoF2HvRGw55cs7x2cjNoRpoHFn9S5o,pumpswap,1790798075,0.000002996,3136.05,2954,2954,0.86,1.65,40.44,98.87,1,0,6,1,30,11,53,20,0.06,-1.12,2.97,-2.3,0,1,1,1,,,,,,,,,,,
1791505942,2dTGg7tybAVYi81qg1ETfbGXKKGA77of3d8rBjKcE4N2,SI,z6yuzgMZNEAdjkG3zyDNPNm7BzXAkTRzXH5pT8PkuN7,pumpswap,1790801106,0.00002138,11418.34,21052,21052,0,0,1.75,259.81,0,0,0,0,1,1,5,3,,,2.99,-6.97,0,0,1,1,,,,,,,,,,,
1791505950,Eq8yd78WXjHKRksRpqzXUSDDdzwcV9mdjCBqThkqyY3q,INUINUINUINUINUINUINUINUINUINUINUINUINUI,6XP93srUjoeR3fyubi6ehRkNBoLDVUdnj2n1uNfFkgsG,raydium,1790800152,0.000002742,5015.36,2743,2743,0,0,0,0.47,0,0,0,0,0,0,0,1,,,,,0,0,0,1,CPMM,,,,,,,,,,
1791505941,253ru1evxbU7zfKZwGAh458Np3ADtNMuWDqPhvwY8Cj8,Rocket,bKcJn28u6QvBC6MpzJqdj7bCQYMAZMU26ueNb4tWZcS,pumpswap,1790802175,0.000002614,2922.31,2569,2569,0,0,0,7.26,0,0,0,0,0,0,0,7,,,,-6.89,0,1,1,1,,,,,,,,,,,
1791505943,59PXVfJ28HLYpdYLz8rt8ziE9EWbK4mS8xvq38NUQ1Be,REPOING,FHw49kTEEjzBhRuMff9F1Xw1bLcBpwvsaSboaAWpAcaT,meteora,1790628834,0.0002111,41369.46,211090,211090,5.5,2231.36,33858.53,102766.8,1,0,5,10,83,116,583,406,0.32,-17.68,44.44,96.33,0,2,1,1,DYN2,,,,,,,,,,
1791505947,AgwKsgtTAML6dkJvnjoStx6Gk7FpCuqLrg3pMr9HvdnY,Yuri,2SakVDQw1HW3iZB5phnb34XR3gaaPnF1VMcMy57bdmH4,pumpswap,1790802521,0.000002372,2488.51,2244,2244,0,0,1.77,2.24,0,0,0,0,0,3,0,5,,,-2.42,-2.39,0,0,0,1,,,,,,,,,,,
1791505953,HpyRH91gxwDKmjcN7UjPpSFLBXA86yGodgaJYrRK3HT,QUANT,EXe7eEuHnKTiR5rC4XdnZt1bVuMVgVx9TaC5j3WPxb7f,raydium,1790803122,0.000002222,4003.75,2223,2223,0,0,0,3.31,0,0,0,0,0,0,0,3,,,,,0,0,1,1,CPMM,,,,,,,,,,
1791505946,9jAVyE3sTnVoWXLK4eorcU7uV6zhh5Q9WapdcstAYtas,GENESIS,GntVxwXdqX35325f8M95SxxZMF7vzgt9wFMrH8SmdMrr,pumpswap,1790805945,0.000002221,2253.58,2140,2140,0,0,0,3.19,0,0,0,0,0,0,0,2,,,,-1.5,0,1,1,1,,,,,,,,,,,
1791505941,2QHXWq5TK64JbMptwMBP1BsfhrxZRRv9JsLa17X7pump,SAW,B7XU9FYpuKgjEhM5HwyR9qAHXL3Juyz3CcgPuuiAbKki,pumpswap,1790787841,0.00002494,13576.61,24104,24104,0,123.43,5415.74,9763.58,0,0,0,3,30,31,59,56,,-4.28,-13.57,-25.68,0,1,1,1,,,,,,,,,,,
1791505950,EmLPFwLkzaPdT548oKXT9CMh9bSB9Ez93fBgmmoapump,.si,2bnXboTryEGBAH8C9FNERm4bfD5RKnJLtMZzJFn23uRe,pumpswap,1790805275,0.00001560,10610.98,15152,15152,3.76,6243.51,7656.2,8524.51,1,0,66,71,89,94,99,120,-0.88,28.76,46.38,26.72,0,1,1,1,,,,,,,,,,,
1791505951,GacgmKkuqxLfL7qox6YMeP7SWHdC1ayMsLUJcuKB5huf,KARDASHEV,ADUJ4UgHrMqMhsGEE8bSHaEomGAHuKpDFtzmhcxrpHX7,pumpswap,1790433659,0.000003168,1710.16,3110,3110,0,0,14.47,98.89,0,0,0,0,0,1,1,4,,,16.3,-23.85,0,1,1,1,,,,,,,,,,,
1791505951,GPuN3s5PZTPcQV7cykNaTyX9cVesPSyz7111nsNKu4cv,CSFUN,8ZUTVDzf85jCqArY1CNuryok21daNe1xE6X4Anp6paLN,meteora,1790806714,0.000002978,5142.54,2965,2965,0,0,0.67,35.32,0,0,0,0,0,2,0,13,,,3.26,-7.03,0,1,1,1,DYN2,,,,,,,,,,
1791505945,7SG8ap8SqDB1dVmJ9RZhXd3VBkbgwPitxt9Jhj4Spump,FORGE,E57PhrFybNQG6QZLwxAeu1t4Dzf59tLTbNhnJtLYzjhB,pumpswap,1790804855,0.0001959,38088.56,192900,192900,0,56.06,1536.13,22061.27,0,0,0,1,6,5,55,76,,-1.68,4.18,7.44,0,1,2,1,,,,,,,,,,,
1791505949,DvNcJZTiSMD1RBCtZ2J31mh7s42CVCwrzGapv1Lypump,MICRO,mnnen34cBuJJ7Pvfdb2PN7WHgRvCMzcTej4bAgUiXob,pumpswap,1790810211,0.00004336,21815.23,41401,41401,0,501.53,1066.41,13673.36,0,0,3,7,21,29,159,148,,-9.29,-6.58,-37.29,0,1,1,1,,,,,,,,,,,
1791505941,2F3VSnTdEJAKjWmSahfRG43RZFdkCDzSPySNdpz8pump,Picomatch,5y5qfgLmWa9TS6R1dqDsVhAzirdgmswpNMU6d3MPwLNe,pumpswap,1790808814,0.00002396,12765.73,22973,22973,0,0,1377.43,3865.69,0,0,0,0,34,18,88,42,,,18.69,51.07,0,1,1,1,,,,,,,,,,,
1791505953,qX75G4BLzhPtGWtH4THcG2F6weoHveAMoqfDB2pcmkp,P3jca,DWAG4R3hAmgBqFTxhsZNra9WU3oA8S54PXWQsYTnos8c,pumpswap,1790809487,0.000002446,2587.49,2324,2324,0,0,0,2.43,0,0,0,0,0,0,0,2,,,,-4.87,0,1,1,1,,,,,,,,,,,
1791505946,8iX67wnJuJkDk2Hvsdd4nBdwNQC2hc6TNiHK2gE5svCF,PROJECT 6,48wgbxsfc5kb6csMcjaQPMC9d5QuE5GFKnme4PyAZufZ,pumpswap,1790809860,0.0001144,28980.35,110729,110729,24.79,529.16,16843.76,148211.72,0,1,2,15,159,196,1044,871,3.4,-3.45,10.6,-19.5,0,1,1,1,,,,,,,,,,,
1791505946,9Hi75Cp5PcfJfCdaxrheyP9oZ2TG6fnGt1Cgq2Jrce62,HALL,BRAP3bfVcHpckgzGUBaNiHg43gTNbRQWFL4bxVZWYBcf,pumpswap,1790810602,0.00001281,9821.18,12369,12369,0,131.29,2123.43,7731.59,0,0,3,3,17,23,69,61,,-3.36,-20.05,-42.14,0,1,0,1,,,,,,,,,,,
1791505947,AcgB3riCTGBzQ626TRmEm1f6ikeFvxi4mL36piDXV6ug,PRLS,GwvAt96oPP1fd1gMX9bPhERFKkvV5qBBVc7P1MHGPJk3,meteora,1790811206,0.000003828,5418.89,3828,3828,0,0.03,24.02,323.19,0,0,0,1,1,7,6,23,,-1.17,1.05,-21.23,0,0,1,1,DYN2,,,,,,,,,,
1791505948,BZERM5ET7txBTK4mM8pA3fph64marhkvTGEXiwM3pump,CLM,GPB1BYWPJShRr6V8my1DFYRZAPzrdGBCLmHVH7SH8P8w,pumpswap,1790813803,0.000003936,3757.31,3704,3704,0,0,0,18.38,0,0,0,0,0,0,0,8,,,,-2.42,0,1,1,1,,,,,,,,,,,
1791505946,8kVuY7Yir9NLaai9V73ZejscWdJ9q7aczidLtr38oL4r,Collateral,84EGAwMQhs4Jnz3dEdxvVuk3fPD3g5qA8zyskPTZkRMZ,pumpswap,1790813443,0.000004151,4473.82,4086,4086,0,0,4.07,75.47,0,0,0,0,0,2,0,6,,,1.07,-8.51,0,1,1,1,,,,,,,,,,,
1791505944,6mF3wKGm377EFN8Jxm1mPUk46rnirNu3jASSvp3sBg6u,Chunkee,54xnep45xfFBkaPweHLi3kpg348cNR4UWmD3Ax7Ric5z,raydium,1790262291,0.000009529,9462.12,9530,9530,0,4.95,4392.9,6284.77,0,0,1,0,18,41,29,48,,0.21,-54.15,-57.43,0,0,1,1,CPMM,,,,,,,,,,
1791505944,5sD8hmitvDkDxbAjZF4CrX1NX8eA5Cwn8kK67tp9DevH,Pongpong,GQADs9oy7uVQTNJ7DEew2y8YvcfusRVbspx4ve1vnBpq,pumpswap,1790814255,0.000003436,3777.5,3375,3375,0,0.48,29.78,88.59,0,0,0,1,0,5,5,9,,-0.26,-1.75,-5.07,0,0,1,1,,,,,,,,,,,
1791505952,HVUFFsRbWFV2kRS467iRJGLdJ9o93yQJqmSWa9fkpump,Trump,GZjhB454hC23JQThwkYv2k6tqBTKtMatgS3kdvit2RrV,pumpswap,1790813964,0.000003708,3577.71,3647,3647,3.03,32.04,282.29,635.92,3,2,41,22,271,119,463,231,0.18,0.91,13.4,12.3,0,1,2,1,,,,,,,,,,,
1791505949,DkQYd9q2p7VSruiKhj54wu4F9CbyqruCRKFewg3dpump,AGI,5Mp4Z17NNdanseQa2yqg2eEE5xVSognN3ffDgksWeCm1,pumpswap,1790812557,0.000004639,4785.09,4373,4373,0,0,2.56,40.55,0,0,0,0,0,2,0,17,,,-1.7,-6.93,0,1,1,1,,,,,,,,,,,
1791505949,D3Rna5XrQWaW3Ydzxt5PicEbQnMbSv8qX97x14qEsVd,AI,BGWXhL7pus7jNZ4pXrdkwincYFxvi4rKdRkyqXXemW4w,raydium,1790818620,0.000007166,8948.2,7167,7167,0,0,982.42,1439.15,0,0,0,0,12,4,14,14,,,42.99,39.67,0,0,0,1,CPMM,,,,,,,,,,
1791505948,AzDHbuhbJfUaX7tzcHXFjgk8EvSdUmWMEsr588fVpump,FI,6ryFML9TK2Gf9y1DD536VE6nSG6wBn1xoiX8mbNU5EM6,pumpswap,1790819541,0.000003887,3652.47,3748,3748,2.62,39.22,321.93,603.03,3,2,32,20,245,118,437,228,0.05,-0.81,13.3,13.38,0,0,1,1,,,,,,,,,,,
1791505942,3MQLR69vhsFi86MJ5Lf4jsUT2SdcTpdrPixTqGeFhvE6,elephant,7UFq7aLYp7yLQ6oPbz3UWKMG32NC4Pwm91vtWHcu4gxq,pumpswap,1790820219,0.000002425,2495.93,2367,2367,0,0,0,34.74,0,0,0,0,0,0,0,2,,,,-7.52,0,0,1,1,,,,,,,,,,,
1791505943,4ByRNjKEQbtexsJie54vCdPnSuSWibWHn49dAXmcpump,GND,HMbMsCJ1JBjhmqdbSbQvopXm3WkCpsAvJZNycrgEy8mf,pumpswap,1790819890,0.000003396,3285.47,3133,3133,0,0,0,288.11,0,0,0,0,0,0,1,8,,,,-21.36,0,0,2,1,,,,,,,,,,,
1791505943,4vEX32B4LLr2hL4tzdgz724rSYXGccAGT8MRSUaNpump,DEGEN,8vyH9f4CyuK1kEZoRnTwKiFh1zDubrGMBNhSUSnmLQQa,pumpswap,1790820459,0.000002927,3150.77,2893,2893,0,6.27,34.73,55.57,0,0,6,2,31,16,47,29,,-0.84,1.38,-4.15,0,1,3,1,,,,,,,,,,,
1791505947,AV9TkfXb8LcAgjKuVBpp7qhaL6wHuAdEtBsgsduQpump,Quest,HYU7woAVxao45T4Q5TuGRgowpimG7b3RGT1Ln1e13WwZ,pumpswap,1790822365,0.000003170,3532.23,3089,3089,0,0,7.49,83.53,0,0,0,0,0,1,0,6,,,-5.08,-10.47,0,1,1,1,,,,,,,,,,,
1791505941,26uqr1EAd5o9czpp3CxWGRPBgzya2733WC7faQX4mqNA,TRUMPTY,3wEUjhLesDjHasbWWQng4rSqLHjAGvMLAcA7REspuWvy,raydium,1790822912,0.00009350,27132.62,93501,93501,0,212.24,3049.89,5521.57,0,0,0,4,14,10,22,28,,-4.26,13.29,-2.59,0,1,4,1,CPMM,,,,,,,,,,
1791505952,H9qKeikv2EuifXaMCWSFQSUvNHUu2dre9R3Gmz62mvjw,Ajax,EGRWwHLfME2U2rahMu6BMqonMNeG5ND2CdVFPX1CcAE9,pumpswap,1790821407,0.00007460,27631.1,73523,73523,407.97,3685.27,8718.03,21550.87,9,1,22,19,86,67,240,216,3.95,-13.22,-22.71,-44.39,0,1,1,1,,,,,,,,,,,
1791505948,BFdFhgZWKpHEvtCRA3R7fQwJfj51kZCk9WR9q3LLpump,SII,FnmwumGkfxFgwQ9ERk2vUsuJ2kXNx6Xf5oU2UyE41ars,pumpswap,1790823152,0.000002358,2567.64,2324,2324,2.78,3.39,28.39,66.01,3,0,4,1,23,9,45,33,-0.67,0.18,2.68,-3.14,0,1,1,1,,,,,,,,,,,
1791505949,EEGtwsf5wLWDG4THEu4TdFKTTRpsEoxArWZsetWZpump,NUVI,8MxvegL1C14ddbBczqpfMLdBvnmDDPGqqTJWqJAYKuhP,pumpswap,1790826457,0.000002935,3149.83,2830,2830,0,0,2.16,19.51,0,0,0,0,1,0,1,3,,,-1.46,-5.14,0,1,1,1,,,,,,,,,,,
1791505946,9GW1GMaVeV41yiYYzfgQdnEf8ocGFenX8AsgvhWEARLY,EARLY,Em9Ru5DrybRSZL161CtKVSCF7tEwUyJ5GaWpgTFGiBPS,pumpswap,1790827778,0.000002422,2443.72,2294,2294,0,0,0.02,132.33,0,0,0,0,0,1,1,3,,,-2.84,-11.05,0,1,1,1,,,,,,,,,,,
1791505951,Fq7wzJ9S6TRm7NrPGEwWKmQPqdF8K1g5uTp9DGFcpump,FORREST,ErgojZ4yKHxJkVgQqWEbPAbt7NHctL5a3oLyP1iTin8Y,pumpswap,1790827477,0.000007645,5883.92,7281,7281,0,0,41.67,830.65,0,0,0,0,3,1,7,18,,,4.29,-15.01,0,0,1,1,,,,,,,,,,,
1791505942,3P9KW7fa5LnYpBecLrZV92WmA4rsCErQPP7YdM6Jpump,BREAST,JjiK9JSzbobKdjRgxuqSTPwCe693pe5QBdJniBBan7N,pumpswap,1790829717,0.000002465,2512.97,2348,2348,0,0,13.15,14.43,0,0,0,0,1,1,1,2,,,-6.47,-6.47,0,0,0,1,,,,,,,,,,,
1791505949,CuP5Ng85HiCdHiKnc9pKe9MVEVkJDHmMsyEvbXHopump,REV,5Hiw6ED2r26LPrK7X4v9AKUMaAuVE1hQN5imrCvuWgk3,pumpswap,1790828506,0.000004622,4562.56,4558,4558,0,0,4.75,1988.78,0,0,0,0,2,6,6,27,,,-22.49,-7.39,0,1,2,1,,,,,,,,,,,
1791505953,HzmypKm9MVq7N5qZqKq5AuzWX4Qt7b4YY67P6KDWwZnu,ENA,7k8SnhpmDt85pztjv8dR8RozowwhkQqdxWhuQLKu1wQ3,raydium,1790830157,0.2730,272745103.08,273015783,273015783,0,43197.79,87045.74,340228.08,0,0,1,1,8,8,40,40,,,,,0,0,0,1,CLMM,,,,,,,,,,
1791505947,ANzrdoVonAtNJk3ZG28CXCjNjfPkc8qVWXW7MQe7vSqz,@bot,EPTGJ5RUwNr82vJimGFNoRGZFBXiKgLrxz3EZpqAAaGq,raydium,1790830738,0.000003779,6203.07,3779,3779,0,0,4.85,292.49,0,0,0,0,0,1,4,7,,,-2.28,-8.11,0,0,1,1,CPMM,,,,,,,,,,
1791505951,Fs4p664NY13ZXARqXPheBYVnopBjX3398Pz3tk5npump,Jackass,G14K8wGzv8m3nAhhrrwsxkT4dDi6PAYtrxFsGKzFKNF4,pumpswap,1790829726,0.000002969,3150.51,2725,2725,0,0,5.75,13.28,0,0,0,0,1,1,3,2,,,-5.99,-7.12,0,0,1,1,,,,,,,,,,,
1791505944,5gok7WzHvMFmFfcvnHuuBqRh9GTcQckHXBBwZywkpump,NOXBANK,6WA4dP11xjrJCEkB2Uaw3ZehShyjkGTww1SsriS5K8qY,pumpswap,1790879871,0.000003364,3165.37,3157,3157,0,1.54,28.17,66.7,0,0,4,0,29,12,62,33,,-1.15,2.99,-4.84,0,1,1,1,,,,,,,,,,,
1791505952,H5Kugtkfc5vrm3oSdX6FDkxuutRK1S3GW7Rr7UgnoDhP,PUTIN,EjHSLEKLautwaTSXDH5mTg6SVq2iGwo5eLeXr5CaeGdc,pumpswap,1790833808,0.000007001,6266.87,6828,6828,0,0,453.68,1763.77,0,0,0,0,7,8,33,29,,,1.01,17.22,0,2,1,1,,,,,,,,,,,
1791505945,7MuvW6G2pDTGSjzpjqeDYigUsXqqd6TmEzLgvRRopump,USDF,Aqp9EKhgp1U35UsBDaYgLpgnVZUyeZLsHFXfzKw3cYE9,pumpswap,1790731802,0.001924,124640.09,1820225,1820225,2947.45,10988.42,85359.14,417154.08,3,3,49,51,397,374,1972,1865,0.96,2.96,7.75,5.08,0,0,0,1,,,,,,,,,,,
1791505949,Ckbi3ZcnctfTGGPk1oLWmRYp6mKcuWxJ274PTf2hpump,Penguin,68WSv1nzUPskB3ajrB1niAVystKrYg1RBHRo2Q8trFYY,pumpswap,1790839637,0.000003321,3190.69,3081,3081,0,0,51.52,87.41,0,0,0,0,1,1,1,6,,,5.62,-4.66,0,1,1,1,,,,,,,,,,,
1791505943,4ewtv8cLUULfNj9wsRytsXkgERG5mx1MZ3LZGMTfVVmm,RO,EAMCdU5qK2ZfcrW8JGjjHNJ5r5Gth5tePbK6nU4maxxR,raydium,1790829385,0.0001735,38802.93,173532,173532,0,0,0,583.85,0,0,0,0,0,0,0,8,,,,-12.73,0,0,1,1,CPMM,,,,,,,,,,
1791505952,GvZ9UXZm8U14uZNi7hBN5cY2iUta7stArZE486yHe2nA,PERKOS,8rfM1PxAfqZiZhH142wYdAtPqajTTU2a8xFGdAav7Y8P,pumpswap,1790727859,0.00003916,15869.67,36233,36233,0,566.93,4473.69,25173.64,0,0,5,2,35,32,175,149,,5.27,-7.28,-20.95,10,1,2,1,,,,,,,,,,,
1791505943,4mNoVhb9ATKYoJg5Bzzpewe4qeM4vgxQR3zKMe6MWJwP,YPAID,72DSTTTFoERypVwLeegAA9RoC6DyAG85Qbiu7uXGfB8Z,pumpswap,1790840241,0.000004397,4085.04,4235,4235,0,0,2.28,156.15,0,0,0,0,0,2,1,7,,,-0.3,-21.76,0,3,1,1,,,,,,,,,,,
1791505953,si1u9ctHoUjQvQXVhUeTGdLptDvp2aRxFcD5jWYFuEh,dotsi,7eL5bkbTQGXScQyJ6fqEm4BJAo4T6v52irKUWVAT4NiY,pumpswap,1790842297,0.000003776,3563.73,3599,3599,0,0,25.11,111.7,0,0,0,0,1,2,3,5,,,2.12,-5.9,0,1,1,1,,,,,,,,,,,
1791505950,F458Huat36hKjLPc7dmL4uEixBAgX7fUjxWwnUEkpump,MASHUP,5mfeK1Pygz1rK6sbKXZUrdYdE24NgsMee56N8HKabVZY,pumpswap,1790846727,0.00003443,16258.97,32693,32693,528.85,1180.7,6239.7,114281.53,3,1,7,5,34,41,666,710,-3.92,-10.77,-24.39,7.73,0,1,1,1,,,,,,,,,,,
1791505949,DV8WPt5mPkhtH1CC9Qe6NgYMsyw16sMBUTx3YTTogift,SPLURGE,53ptwYPjqaRncHPAQaQXR9jTUh71aZ3w2AeFNc1K6wE2,pumpswap,1790845358,0.000002428,2406.11,2244,2244,0,0,4.31,4.78,0,0,0,0,0,1,0,2,,,-4.32,-4.32,0,1,1,1,,,,,,,,,,,
1791505949,CoDrovyDiKJLCBSLzbf4s5fa1JLdiK2TVJExTFtGi8AK,ZI,HT4v5CrDgyTAAYjAQgzSzHaNpMR7RmwskypnRFG2Hxf5,raydium,1790780974,0.000003515,5024.67,3515,3515,0,0,123.75,337.75,0,0,0,0,0,5,9,12,,,-5.04,-13.8,0,1,2,1,CPMM,,,,,,,,,,
1791505948,BhaQEvju9852hiJiFs9Y2ecGRb37oUfE9dAA8pLSBAGS,SHL0MS,CPtHUREDE6HYt1UfexGFBXw2wFQj34FwdLeyzJKRAjQb,meteora,1790843179,0.000004267,5885.12,4265,4265,0,0,683.62,4059.27,0,0,0,0,7,5,30,30,,,-0.81,-30.37,0,0,0,1,DYN2,,,,,,,,,,
1791505948,BsaissLqJmMMrXXmuhaRVjDa49Qf5QYzDpE8nZvc1vWJ,Mars3D,3Cpb9kojdQHLR2Rtf22azTD3Ld2mTXmkcfauNR1sQvif,pumpswap,1790846363,0.000002278,2295.45,2179,2179,0,0,0,0.13,0,0,0,0,0,0,0,1,,,,,0,1,1,1,,,,,,,,,,,
1791505951,G6autZruJLEzYKRh84qTsbVhrTvLEbjBYdHnBQH1zitp,backpack,JAgorsZ4Y6V2EevnpQME2fEckch5uCbGSvqRw7TimW4f,raydium,1790730792,0.00002524,17614.09,25247,25247,0,204.93,4732.13,20920.67,0,0,3,5,45,39,166,173,,0.08,-23.45,-43.64,0,0,1,1,CPMM,,,,,,,,,,
1791505941,2SVkGBPF3f7zfp7v7SiSf6PSnN6DEKbCDbSo7QNkpump,Mosquito,3Mneri3xJb4d8tA3AvAz8CMaT3B67bQT8w4mRVRUbWKQ,pumpswap,1790848043,0.000002555,2581.76,2488,2488,0,0,0.42,57.43,0,0,0,0,0,1,0,3,,,0.44,-6.69,0,1,1,1,,,,,,,,,,,
1791505943,4pZ9PdgmGHJyiJoBrS5sn12YznDGYPbr1vGB6tgkSykb,Leo,Drh7JkbBRvw5DsDaLw3p6x7BKdsCbNFHkSZhpBjdYdcp,raydium,1790849746,0.000003897,6456.64,3898,3898,0,0,76.64,394.77,0,0,0,0,0,1,0,4,,,-8.46,-23.42,0,0,2,1,CPMM,,,,,,,,,,
1791505952,HFNSKQh7bHzEKzt5m6pe79FmGiZ14PJjJScBshts8Yd8,かのくん,nLeBNhqVgStTozsf5m9jkx8tfgg9zJJTRHbb5QJFyW3,pumpswap,1790850160,0.000002925,2869.39,2813,2813,0,4.2,21.82,92.05,0,0,0,1,3,4,8,17,,-0.86,1.95,-9.09,0,1,1,1,,,,,,,,,,,
1791505950,EqZwBqyN483N1yJocyfNEVSWTDvp93UnywAEjNgJUKCx,OpenSI,9qagZm5NMtKkPAd54ZmLGoy581ztV9x2bkPSMgxagxTC,pumpswap,1790853509,0.000006901,5392.96,6599,6599,0,727.05,3380.14,3764.84,0,0,5,10,36,29,49,33,,-9.25,87.45,85.88,0,1,1,1,,,,,,,,,,,
1791505949,Cj9Ch1JiHcSjrsk1sDcFNgQzb6sonhbJj4hunYAHqYfm,Partyhat,ErPX8GRnXTCNeYxwHT6Tah2mM2jiAKWrJSEDBBD9vFqE,pumpswap,1790850938,0.000002327,2392.15,2237,2237,0,0,0.06,0.43,0,0,0,0,3,1,3,3,,,4.15,-2.63,0,1,1,1,,,,,,,,,,,
1791505949,E5A2cdJxPm75FMeUeTSdCwwYFgJ486A6n5MpPM8tpump,CHRISTA,Fgm8pFFWkoZJ1DwEaJGptEJtBMVPyvWFxhj8kXq2fCwY,pumpswap,1790826074,0.000004561,4045.97,4132,4132,0,0,144.8,2617.59,0,0,0,0,4,9,34,33,,,-21.92,-14.96,0,1,1,1,,,,,,,,,,,
1791505945,7r1v5rZcGnyzVs1jei7FeMEiZVf4GhQgLYXjZHmMUDGQ,HOURS,9coDbwAB3nkGTs36HjiZGy3CeKB8w77MdRAiRjik4i2e,meteora,1790854744,0.00005170,21090.76,51397,51397,0,2833.94,7578.9,81765.51,0,0,39,14,95,57,665,439,,-20.12,-7.94,0.01,0,1,1,1,DYN2,,,,,,,,,,
1791505944,6hjaMcRPvB4DEGpHqgHxmgipb2vrGQWMewZBAVSLpump,STATE?,5WBYceMmszMxy2CxLTtcHLGefL3Y3kfvAqMasdTLFNv8,pumpswap,1790605787,0.00002195,11290.63,21170,21170,0,37.69,5264.49,29183.2,0,0,3,0,55,49,295,287,,-0.19,-4.34,-52.45,0,0,2,1,,,,,,,,,,,
1791505945,7mEhH5gsuwPeBC9n9C2XQJdXinWhKGfNhrt4r8db47Cn,Snoopy,5bYtv8P5197JM6oKwAt1hZBo1xJ8m7VTco1NArmqMv6B,pumpswap,1790857169,0.000005773,5035.39,5563,5563,0,5.12,1676.86,5108.83,0,0,0,1,24,20,82,66,,-2.81,23.48,-13.6,0,0,2,1,,,,,,,,,,,
1791505944,5xRgf67CKfo6A96ZskqVUcRutENpcBTpjrKYGDQu6eqw,KATANO,6BUyGDf8buMKHRDz9ZhQr7cQeJTkgPoFZCYmd3eyC3ma,raydium,1790857924,0.000002922,4849.67,2923,2923,0,0,0.09,51.66,0,0,0,0,0,1,0,6,,,-5.68,-12.68,0,1,1,1,CPMM,,,,,,,,,,
1791505947,9pJWJdpPebyANys45eetpemLJo8yTz4n5B9zbpYw9ZMr,Jane,31eCTC8W3VcX7BiFwK2o5Ax41FPi2UyHcehcy2Gd3H5h,pumpswap,1790860719,0.00002183,15284.33,21388,21388,0,22.73,1247.35,3360.8,0,0,2,0,5,16,68,73,,-1.65,-14.63,-18.74,0,0,0,1,,,,,,,,,,,
1791505952,Gd28K8mXV6AsDyjpHnREdC6zetL3XVrLY2yk1urZpump,CATANA,9xVi3514hnzQa8VCq3VfLeRqsyqd3havAu1efdnLxNoB,pumpswap,1790887562,0.00001277,8536.12,12358,12358,0,196.69,2790.49,7703.93,0,0,3,2,32,25,121,97,,3.41,41.03,36.1,0,0,2,1,,,,,,,,,,,
1791505947,9wc2gqjJXp3wEi2gQQu22i5BYy3fetgvaLCEN2CJWB3h,wifween,CvxAM9FfK7fKB1kQfMqYqu1yreW4DN6qg3mjwif6Lv3c,pumpswap,1790861151,0.000003384,3199.85,3268,3268,4.1,46.01,255.9,527.6,2,1,40,34,236,121,468,241,0.34,0.25,11.93,15.29,0,1,1,1,,,,,,,,,,,
1791505950,FEVYjz1uqrGxF5gUfbAb7hHUTGFv7hycLWywsanJtLhm,Jane,BZXt8t6r99tQDjHMEfcGaWA5hxD4b3D53S1eehonGS5g,pumpswap,1790860957,0.000002609,2862,2527,2527,0,0,8.85,39.08,0,0,0,0,1,2,1,5,,,-2.99,-7.68,0,1,1,1,,,,,,,,,,,
1791505943,5DasfQV93VnQJ2tC8q9nwknUppWVjL1kDvuFG4rnKXKc,B,A4M3N3XLN1EMS95ZA9p8HxWg1zfpMcKACxn2GQ8FDAND,raydium,1790864093,0.00001825,13381.87,18253,18253,0,709.89,2088.75,34233.3,0,0,4,4,18,26,298,289,,16.16,6.1,-22.34,0,0,2,1,CPMM,,,,,,,,,,
1791505944,6H75PU1Z6Yt6gt9ow8aLpqSubJy6nyfW2jtHffVwDnCt,b,AiucNByHhwgjbR6sSPX13L4sDVMS3mtwJCSpaiccBmtX,raydium,1790863417,0.000005059,7091.14,5059,5059,0,0,15.71,4977,0,0,0,0,0,6,43,44,,,-0.98,13.79,0,0,2,1,CPMM,,,,,,,,,,
1791505946,8ypYfW5cjafrfAZij8TZj5SFHAbPNpiRio96LMzypDkn,BTC,MtD7C3bpRPP2LNim3DUfnoVTuRSQHBuCWhu9fKYKJqh,pumpswap,1790862752,0.000003262,3371.74,3135,3135,0,0,0,112.24,0,0,0,0,0,0,0,5,,,,-15.36,0,0,1,1,,,,,,,,,,,
1791505947,ACLjA8MJypDUutwSnjPoWy8bG4hj73gDCAebuoqDpump,SEEDLESS,BPTK8C1Z5jcd9KTm5auoaG2UgvXBMpVymTRu9ZS9tc5k,pumpswap,1790864575,0.000002473,2453.31,2282,2282,0,0,10.65,10.65,0,0,0,0,1,1,1,1,,,-1.33,-1.33,0,1,1,1,,,,,,,,,,,
1791505952,GtV6g1ey2NERrcbvL5bdzrxRJQDfxpMaLU9oLtRipump,CROW,G4yk7zDAiQkCS7ch22vpi9Ey6fhDhkpHFEYyz2gJ6q2t,pumpswap,1790863293,0.0001124,28579.37,110188,110188,67.89,517.37,3904.18,7599.21,0,2,32,16,147,67,258,163,-1.93,0.02,42.48,32.1,0,1,2,1,,,,,,,,,,,
1791505945,7bFSPC7HXV9wxikGRphE55kHTiGnX8bmMiZDeYUnuwN3,VLO,CXwsWHQvnZpfhiRtZhw9VE9MiCKLTrUQrY7rovrrAbdz,meteoradbc,1790865537,0.00008281,,82813.49,82813.49,0,0,0,4.28,0,0,0,0,0,0,1,1,,,,,0,0,0,1,,,,,,,,,,,
1791505947,AYRTq6bfnNzWMY5ACWTRUtMCwV8PAhux3wm84q5mpump,lowkjelly,7Gb1hnYFcPEvePn1dskrXijxT5FFntPGSgUAxsLNyiEf,pumpswap,1790867045,0.000004369,4219.63,4223,4223,0.13,6.99,35.19,647.67,1,0,9,5,35,18,66,50,0.89,-1.23,1.39,-25.4,0,0,2,1,,,,,,,,,,,
1791505942,3FcmxeuaDPNX5JsRD1VS769ijvCE1QWRXyqsioMNpump,JANE,3Z2hA6bWTLd8uBATbFPV4QgbvWeBhG9NQFjZznj7eKgw,pumpswap,1790867125,0.000003209,3297.16,3162,3162,1.64,46.41,259.55,443.49,1,0,44,24,251,126,430,222,0.1,0.61,13.42,12.02,0,1,1,1,,,,,,,,,,,
1791505951,FbGfMBy1MwpQMZfVPrMPcSw3gu5spumtSsisS8M1FSKu,PISSCOIN,65kdjTaqravAgXWXe79NdfZ13Y71z4AFhyc3WU5o7Qey,raydium,1790869671,0.000004515,6556.95,4516,4516,0,8.05,77.46,469.27,0,0,0,1,0,3,3,10,,-0.5,-4.75,-4.95,0,0,1,1,CPMM,,,,,,,,,,
1791505953,HmMDsu7WFPxJVhXEZdkMFgQHgschqA73DnuSTheYpump,Janes,8ybijrpQm5yG6pkPC2k2DaGkv2m52Zz3VCJMgNTyk99y,pumpswap,1790870670,0.000002470,2715.7,2432,2432,0,8.85,73.92,133.39,0,0,6,8,55,33,91,59,,-2.54,3.37,-2.92,0,1,1,1,,,,,,,,,,,
1791505952,HXJJiAwtJuwCgqPveEaf8sDG4myXGopSzrZzCnhtpump,POTS,GATjH5XKTfHNLvCzg7M9M8o2UmPhKyvuF9M6RMWZEJxy,pumpswap,1790871495,0.000002846,2811.29,2677,2677,0,0,0,0.2,0,0,0,0,0,0,0,1,,,,,0,1,1,1,,,,,,,,,,,
1791505942,2qizXDtpK92YziSqmt6Kry3Zc6CNuZxjbQodqcEsZXMR,XCAT,GdA9zjFBz6S7ML4MRYjNmxgW87m3Br7qtbdHdvj6wCjy,raydium,1790862404,0.000004993,5923.97,4994,4994,0,0,1.22,273.47,0,0,0,0,0,1,13,8,,,1.53,6.18,0,0,0,1,CPMM,,,,,,,,,,
1791505951,Fcr5Ps2Rn6R6QjNSJCScWMhrGWvaU1t23R7UNv1iGDhk,GG,EmUgaiZJDsZqqpf59XActiu6XMvYNGXHzdCic5DMA9AS,raydium,1790869935,0.000003792,6181.15,3792,3792,0,0,27.9,45.21,0,0,0,0,0,4,5,10,,,-1.8,-2.51,0,1,1,1,CPMM,,,,,,,,,,
1791505942,3DrmQ144kzEx5ntNWbjGfH3D8NhGw2KeCNUCeUGUHM9C,MOVR,2Vb9CCytb76gdBoqfZBXvLR43hVhbhNEw4SZRFam2b9n,raydium,1790873238,3.20,3200026701.22,3200294373,3200294373,0,43197.79,87045.74,410568.08,0,0,1,1,8,8,41,41,,,,,0,0,0,1,CLMM,,,,,,,,,,
1791505950,FFrRBPP9yWtSqnKjXXM9C77MBdLztfdgSnRE858zpump,MEME,ECN4kZK2V53YfvCk9mgbozRmRUcxrLfMbDVv2hmJ3FL5,pumpswap,1790871366,0.000005202,5346.21,5069,5069,0,0,6.42,140.77,0,0,0,0,1,2,3,15,,,2.29,-12.57,0,0,0,1,,,,,,,,,,,
1791505946,8oMvxgcBJtDGNSc8kogCEEFxSvvi7x6jHRfSWaiWpump,DOMAIN,dH12Ke1gyoxqcujh9oYkNMwJkNNNuGvBszZnBrmVpWh,pumpswap,1790805946,0.00004915,22643.17,47008,47008,1095.16,9402.52,98450.29,114003.72,7,4,108,103,956,748,1064,878,-13.59,-33.37,39.49,22.06,0,0,0,1,,,,,,,,,,,
1791505949,DxgJTLsgNVMaZBpgPzKBBBLBSdSAZzxyAeAfboUApump,TRUMP,2cYkH5MLLaUh9K1776DAjQisXo6iAJRdeJJKWqi3A7US,pumpswap,1790874603,0.000002655,2700.02,2550,2550,0.21,4.03,36.93,80.19,1,0,8,3,35,19,67,41,-0.07,0.07,4.46,-3.45,0,1,1,1,,,,,,,,,,,
1791505945,8V2jTnUbfTDkzznAD2BwhCRR1jJrin3Exj5zPoU2AmJA,FOMO,6tdNjDNFzDdEuKyyvtKtke4Zuarp3MyZwCiERwTsq5Xg,meteoradbc,1790871402,0.0006283,,628339.28,628339.28,1778.27,7958.06,233502.48,790766.29,2,3,26,32,1064,757,2465,1514,-2.64,-6.68,-16.09,145,0,1,1,1,,,,,,,,,,,
1791505947,ASN6XAyWyn1psSbGKNQ7D81byp1CRTYd8Q9aA2DW9M3n,pumpfolio,BQ3gvDP8cbMZXPKtqGdzxjAWujBVLDQySJzRDgEr6C2Y,pumpswap,1790874374,0.000003681,3998.77,3583,3583,0,1.67,1021.53,1264.39,0,0,1,1,20,21,22,39,,0.76,-15.78,-32.67,0,1,1,1,,,,,,,,,,,
1791505944,74wf8kZrSXrcXDytmDK4eXaePoKm92fBWtauuJdQpump,SuperCali,5Q7FCGXCbZhTtsLm5aTz5MdFfTHL3UfvQ2gCm5oGWUpr,pumpswap,1790873640,0.000003249,3375.38,3200,3200,10.26,53.08,258.1,473.58,6,0,37,27,243,130,422,237,2.11,-0.25,11.86,10.42,0,1,1,1,,,,,,,,,,,
1791505952,HXxJdaQbrYRvwTAM8M8mUPyoRPvmyuUbPFBRkiAAMASS,Ansemmas,6qirp44Q2T8B1CfbGmnqeXCLdQhFqmNCfAFfpKG4N156,pumpswap,1790873795,0.0001409,38374.33,134333,134333,7.38,979.97,19435.09,50564.81,2,0,19,4,193,133,502,442,0.47,2.06,-8.45,4.65,0,1,2,1,,,,,,,,,,,
1791505952,H3NJL31MZyELu2NyxtoJA4ej8ESEHtQfxZGDVwdjpump,FLINT,3TC3rRAenGqSStn6mPx3MJGpjYmMUzUxYVuo3nqwkdcd,pumpswap,1790866046,0.000003009,3124.33,2905,2905,0,0,0,6.12,0,0,0,0,0,0,1,2,,,,-4.35,0,0,1,1,,,,,,,,,,,
1791505949,DESwuRnMHpsUfLWPrF8s6Ph9LTAVyCrMUzwhcN8kSTNK,FUSE,7zBzrNNbdQJo1ShWYtZniRJ3WyRF5YmYr4LVd8HKuXMr,raydium,1790875961,0.000005494,5890.9,5494,5494,0,153.56,1045.26,8280,0,0,2,3,28,28,159,144,,-10.41,-11.86,-70.99,0,1,1,1,CPMM,,,,,,,,,,
1791505953,JD3d8mxEJ91LHZSuwVLquFAKdo5PbEeLCUevjjDsPdRe,TERRA,8KYv6Ed2Ewxf1u14ggofQXTD4FVsNKFknKBfZAhDFKE6,pumpswap,1790777131,0.000009292,6817.22,8849,8849,0,339.14,1460.95,6290.69,0,0,3,1,12,11,71,49,,9.17,-22.85,-1.15,0,1,1,1,,,,,,,,,,,
1791505942,3kaPZWNgvtudaHeZoPEhkL4SX3PBvGnY725ZDRMCmKvW,LUCKY,5pTGCESF6fT53wfuvC3UVcWmdWRRWWtqird4SA37MFDG,raydium,1790869847,0.000002771,5157.42,2771,2771,0,0,0,6027.79,0,0,0,0,0,0,44,58,,,,-2.46,0,0,1,1,CPMM,,,,,,,,,,
1791505950,FFivn1EnbiycRD3c4nAQvuD7zPyqjRqocWD8FtHcF2Sw,NYSE,7YqeLBCmR8WLok5V1rpvhbhCm4EWm9rSRznah37poBnj,meteora,1790876289,0.000003473,5847.45,3473,3473,0,0,364.38,622.46,0,0,0,0,1,6,6,7,,,-5.58,9.68,0,0,0,1,DYN2,,,,,,,,,,
1791505948,Azff3fCQMpu1Z6zLRKDfdihnoPgZi5p7w4rJxaXsgxJ1,HOOKER,EcKHCwwph8QwG8BrH3P9mvbwF7Tvpc5YKpVWaTDLgJz6,meteora,1790876576,0.000004063,5928.52,4063,4063,0,0,160.57,2610.56,0,0,0,0,0,3,25,26,,,-5.63,24.99,0,0,0,1,DYN2,,,,,,,,,,
1791505952,GzahJ2WwEtyVvUAetrmK2zvvfhD887WtuH8hFFuh5nwn,GRIFFIN,GdwvZhNuEpv2mWARrgXtKFMLCDYZQ2aFVtRUFzXmDBHG,raydium,1790875416,0.000007217,8985.83,7218,7218,0,1.07,1.19,339.6,0,0,0,1,0,2,2,14,,-0.09,0.28,-13.37,0,1,1,1,CPMM,,,,,,,,,,
1791505947,AaQ6XhjqrTnTWt17VHbTMdJPdWHB9Kx5UCPAZnNNpump,RINSE,97WA9HpK3j4N4y1qz37trWcdLYjH9x2KcSLRKobwkrT4,pumpswap,1790878911,0.000002527,2676.16,2431,2431,0,0,0,82.8,0,0,0,0,0,0,1,5,,,,-13.05,0,1,1,1,,,,,,,,,,,
1791505953,bn6RCR2xHdASpU3cHPxs3Vz3ve9qj8PaXiKKz6oTUof,𝕏/ACC,DH9jbFEXPGgaMvUAg9xshjoLnRizYNV8tpUMw3R7c2tU,pumpswap,1790877972,0.00001746,9994.75,16411,16411,0,59.27,1490.69,10907.84,0,0,1,3,22,20,144,126,,-2.61,-3.43,-4.01,0,0,1,1,,,,,,,,,,,
1791505951,GTz5rfocFdbD3eWKMu4kzTjRVjkjzZwEaS95uD3Rpump,AMD,GALE4iPEpVfjYgzGTo7BoUhujawWKuCAU6bGkX7huWUu,pumpswap,1790877025,0.000003516,3597.04,3461,3461,0.88,34.64,271.84,525.61,3,1,35,17,266,139,467,243,1.27,-0.26,11.24,14.86,0,1,2,1,,,,,,,,,,,
1791505950,ELEnRRcKCuuPJBJPeTTGCRocjkBCwbd3R3f8nyg8pump,silent,2bzfurGrmWhEXHpLggzGoJmt4hjHu7EQubtByVrdvBYS,pumpswap,1790880054,0.000002260,2404.47,2224,2224,0,0,0,8.35,0,0,0,0,0,0,0,3,,,,-5.39,0,1,1,1,,,,,,,,,,,
1791505942,3oKUDGkNqbfKKrYNALjCX3kPsvDTjawnsf9v4dkneUC7,SEC,CctYvZM6eZdx6UwDsdMgpun1dRHC6WGutSSMumBRV2Zq,raydium,1790875613,0.00004366,19122.54,43661,43661,0,32.84,4991.99,36676.88,0,0,2,5,70,66,393,308,,-0.24,-17.92,-76.91,0,1,1,1,CPMM,,,,,,,,,,
1791505947,AFdP6pnJwj2mwfeji6rR2bA9pz1AVV96u1R194dLJwKK,PUMPE,2xf3W6SaPeBhwkT1ShHXkbhGGJohtdWuBDCjdZ6Xva8B,pumpswap,1790882186,0.000002551,2694.37,2465,2465,0.33,1.61,31.14,75.71,0,1,1,2,28,16,66,40,-0.98,-2.49,2.04,-3.64,0,1,2,1,,,,,,,,,,,
1791505950,ELrh9rMDKTyzEs2wiyriwZr6v1ctXVbMZvtLb5NZpump,ANSEMWEEN,ApCE8T21XxoV9juL92YY4w5AymFzFScKueVYdYoRDNAH,pumpswap,1790884192,0.000003302,3185.72,3154,3154,0,0,0,71.55,0,0,0,0,0,0,2,1,,,,-0.42,0,0,1,1,,,,,,,,,,,
1791505946,9fSncMMvKNcr8T4VBGsk8rBQrKqkRGCFBNWgTTiCpump,PumpBlox,EqxkDxX7i8t1cadgTLQnRJsMLcPphPvmUKZ36MQuqRWR,pumpswap,1790880911,0.0001787,39542.07,177532,177532,0,264.58,2958.95,7959.91,0,0,7,0,26,16,69,59,,1.42,-0.44,-27.24,0,1,2,1,,,,,,,,,,,
1791505941,26XdE2iBEiTnjgKHTcY3afaqnUtWfAj8HHrciQBBpump,Mymo,A7WoBBJTZpb9jE3GYPhP6NcqjQiBGumJCdpgcqTVajg8,pumpswap,1790882446,0.000003564,3343.24,3427,3427,1.54,36.4,255.03,504.02,3,1,36,18,250,115,464,223,0.17,0.66,11.62,13.34,0,0,3,1,,,,,,,,,,,
1791505946,8svf3G1X4mnAX3Xm71jFXgiHydbvc5XKQKicbnokRUky,COMMIE,Cmcfrs6r6dsCyXvhooFbwvbvNDqe3vDHeXcKmfWGAzrr,raydium,1790880518,0.000009308,10242.37,9309,9309,0,0,71.02,840.36,0,0,0,0,3,15,16,55,,,-1.99,-9.17,0,0,0,1,CPMM,,,,,,,,,,
1791505943,4K8V9yH6kKRLS46BTG68Te1QHLkb7an8J5YcWQ3ppump,SACC,7eQjxhGFZcjioSBX2GS72poE4XrqYYsyUBDryb36s6Ed,pumpswap,1790878013,0.000002504,2887.74,2482,2482,1.46,4.74,22.79,40.01,1,0,6,1,16,8,33,17,0.1,-1.08,5.32,-3.14,0,1,1,1,,,,,,,,,,,
1791505945,7KEPApdbBMByrmqihz3bht2uMhFQcatjfSFQCKq66kH3,DARK,Cprsvqk2riV3WmTewKK9m6cm62zaAqLDArAbBmN3pe4f,raydium,1790876181,0.003824,217380.12,3824816,3824816,3445.65,54173.59,389838.26,5041955.39,5,11,126,129,969,891,15694,14625,-0.09,-6.48,-13,-37.2,0,2,1,1,CPMM,,,,,,,,,,
1791505949,E5BSMSUDeAV4QVNTKaBJsk3dXz5x46usjZCkEC7ZLf7M,UPINU,2FETgq6jJbTeaKuAPH9irM8ADCB8gx6VCqTf4Jfnca8v,pumpswap,1790936022,0.000006458,5121.83,5857,5857,1.91,31.44,920.83,1120.49,5,0,41,13,276,121,448,209,1.5,-0.2,50.93,45.97,0,0,2,1,,,,,,,,,,,
1791505945,8CFG8NK17jJ81VhY4D9WFE1MHKomVb5ao7Eqv6Tg3iiZ,VBUCKS,87hMAezpCey9426J88dp3hazzWoRXwtu9cANxHn3SXCj,raydium,1790871915,0.00001787,12313.67,17875,17875,0,1057.31,2320.97,8550.93,0,0,2,8,12,34,59,96,,-26.21,-38.87,-33.75,0,1,2,1,CPMM,,,,,,,,,,
1791505942,37t1792p1eFWxmEroYRXe26FStK5UQzWz2zfN77q1Tjv,Sid,F2nS3wgQabjYR5zDYfXUSmkyDcxrCQdfHF1wmLRgb4Tn,pumpswap,1790882893,0.000005325,4830.25,5184,5184,0,0.15,2022.02,6659.12,0,0,0,1,14,17,58,64,,-1.25,-5.31,-52.24,0,0,1,1,,,,,,,,,,,
1791505946,9fJAWKQpkY93hfuZxrHfh5wEh2AV9vjkWNQfzfbziHd2,PUMPE,G7iLGa5Y8CERJaW2asC4bMV5SWjijQ1y2SWU5sBdZxr2,raydium,1790881120,0.0006019,75235.86,601964,601964,0,2153.53,7723.92,100872.94,0,0,16,13,61,58,408,399,,-8.11,-7.59,-28.16,0,0,1,1,CPMM,,,,,,,,,,
1791505944,5Mv6c7taXXkKn4byivDALNJJZ5NGu3aB9WJVXgSVFt3p,STONKR,Fv4G5XJ3WLF73UNAsPLABnCzFF16DuPMp9oehY6otpte,raydium,1790885460,0.000002894,4079.72,2894,2894,0,0.04,3170.49,3681.4,0,0,0,2,1,61,5,85,,0.79,-84.16,-86.46,0,1,1,1,CPMM,,,,,,,,,,
1791505945,8HJY9GTiEGgPoUAs3YSRiwLUukZKhKcH1ngqLB8qcBxx,PUNCH,3o2QaESTB6epYfkLzWndPXhhDZYJsrh5LRsv2ETGPDHa,pumpswap,1790883419,0.00003063,14499.53,29745,29745,0,31.05,647.95,10216.84,0,0,1,2,9,22,101,107,,-1.98,-4.65,-53.04,0,1,2,1,,,,,,,,,,,
1791505953,icgvvPx9b76BoJ5CscGzYL8zzAHZNXzgY2NpqnUuhdG,PUMPOWEEN,Dx4s2TDm3p3xGfX9VSTnK4x3jTzLKMYQWCdmnmjxUxit,pumpswap,1790886511,0.00003108,15156.85,29908,29908,0,0,79.26,1262.71,0,0,0,0,2,1,4,5,,,4.49,-8.31,0,1,1,1,,,,,,,,,,,
1791505948,BzhEC3LdcMPbzkWfJs4YJ1TTjM2MZKR7DMJfR3Hbpump,Ghost,B7hjMXYsbc1hrsJMmAWN7SXXT2jVXFUeWR9J7RHVEH6F,pumpfun,1790883893,0.000009456,,9456.82,9456.82,0,208.26,1413.95,26864.37,0,0,4,6,26,21,249,201,,-2.96,-25.16,-37.26,0,0,1,1,,,,,,,,,,,
1791505945,8RvkVCzoQ4i1Dc7LKfQV2UopCKtLjxFGhe3vFDzVbTP5,Hutter,FJzw3uikntaw3WZk3YqDi1emoz4973uDTR8bLUJeJY1o,pumpswap,1790885729,0.000002979,3220.18,2936,2936,0,0,0,0.22,0,0,0,0,0,0,0,2,,,,-0.1,0,0,0,1,,,,,,,,,,,
1791505952,GoADAwux19tGxb3W4ykPzZz8p5JCSYaxBRpuW7s9pump,OCTO,3uXWc5dnrU6rz7t23PpJirZQnwfw9huq8LnNhorLXTK5,pumpswap,1790886327,0.0005706,83361.59,477730,477730,0,183.49,11149.91,60785.77,0,0,0,2,37,39,134,215,,-3.76,11.36,-17.84,0,1,1,1,,,,,,,,,,,
1791505943,458eEcXufhsLoS1NWa6donw9Yh9USfWMCtBmyFTypump,WIRED,5fyKn3vV2FG6zjKNtUhZCAS5Kym23zeEFaEJowoCreMa,pumpswap,1790886822,0.000004490,5049.82,4408,4408,0,0.35,0.38,69.15,0,0,0,1,0,2,5,9,,-0.78,-4.21,-6.34,0,1,1,1,,,,,,,,,,,
1791505947,9qUTeFNXFh35YmdtayeniRUr8o31rXYzMK3Jv5Zypump,limit,25TKBUsN1SXen5kiWaDn11q7Dr1dZhusZ5WiENMqdbi2,pumpswap,1790888477,0.000004099,3800.39,4005,4005,0,10.26,10.26,10.26,0,0,0,1,0,1,0,1,,,,,0,1,1,1,,,,,,,,,,,
1791505944,5RPouA3vYSHhnEmrtwvhBsLctZ1K8nHnPosuMXSCpump,POC,C7ZVdL83SrYi5tuUKrjnbz1iY2sJ4SuND1vKHz8m9CNq,pumpswap,1790888940,0.000003735,3885.06,3543,3543,0,7.83,8.16,56.1,0,0,0,1,0,2,0,6,,-0.66,0.69,-7.75,0,1,1,1,,,,,,,,,,,
1791505949,CZdNwvFCdKM5KoVLNFj1uc5anCYteHXCJP5Aq5Kkpump,GDEX,2xMj4Nhu3NnUkfRebZ9dV5oppERBdzwsnYcBcG91FghG,pumpswap,1790907561,0.00002880,13033.36,28023,28023,19.11,273.11,969.7,9896.44,2,0,17,7,98,42,274,131,0.38,6.2,21.76,86.34,0,1,1,1,,,,,,,,,,,
1791505951,FXQPeVeEx9n2J1Qb7tmtPWxAbbKm36r2xoKve6RShKZh,CHONKS,2zo45v6uWbPwq1YAMWAfCgoo4rBGG5jgJtYrdxnqzzfZ,raydium,1790891175,0.00001401,8838.9,14020,14020,195.77,402.84,1100.7,5216.99,0,1,0,2,10,12,44,44,-9.87,-15.76,-13.07,-19.46,0,1,2,1,CPMM,,,,,,,,,,
1791505949,CoN8oLvyWTjtSBFTEjUWLz25BXJmGjTvNcYh81D3pump,MAMESUKE,5rcqUcL7XGaoLAymqfwZK7mqnhsPcf2rN4y5tqQ1iqiF,pumpswap,1790880399,0.000002438,2496.06,2373,2373,1.45,2.45,37.25,80.99,1,0,3,1,35,13,62,32,-0.55,-1.29,2.84,-3.75,0,1,2,1,,,,,,,,,,,
1791505952,GnsjGzaJAGH2kwpwdh7S7DQzne22937Xi58ZHsYEN4uK,BORN,4xKtoPrp7gEjw7sM3goagSL5j5CvyjRhCjVX4Qusz49Q,meteora,1790882204,0.00003752,14619.4,37524,37524,42.16,508.72,8007.19,19942.7,1,0,3,10,54,51,157,109,0.45,-11.85,-23.46,-39.35,0,1,2,1,DYN2,,,,,,,,,,
1791505944,6bQ4MCnJ5rab9pDGR43hbTCf1GabYEVmCP2oLyexSmvC,FIX6900,4qbokk9tDkinqANgHGMw1vHD73MuwCuSLeJfGjjHpLgw,pumpswap,1790892426,0.000004583,5241.17,4507,4507,0,4.12,20.04,49.91,0,0,1,2,1,4,3,16,,-3.03,-10.98,-20.82,0,0,1,1,,,,,,,,,,,
1791505941,11mwXYNHsK5orsvHokxsYgRbpo145k6SbXTYYkYpump,AMC,Ar2LBpMRpwJE8uqgBpytWVrhiyXAQFkxFmrewxZzh96u,pumpswap,1790890433,0.000002969,3150.48,2926,2926,1.54,33.41,197.13,365.81,2,1,37,21,195,107,354,210,-1.05,-1.15,9.61,6.07,0,1,1,1,,,,,,,,,,,
1791505949,DRG67aZrzfeSjTa2YfFZvcioYEALwBFt4rgQckiPui8T,Play,8JTFWsXE34YY57fh7YdoEpGXC6CGKM3zDonvrJd2uAxK,pumpswap,1790896722,0.000008761,6343.56,8345,8345,0,15.35,732.09,3697.67,0,0,0,1,13,12,63,58,,-1.22,-11.4,-38.34,0,0,2,1,,,,,,,,,,,
1791505945,7VertkgF9KLhxxJXHX6uaWuoYZTP9LdGj2bWmVXVpump,Agency,CyJwKnLiiY4fmiwqMCSWFSHxo7T9Ubshgs2uRAuJCrk5,pumpswap,1790894555,0.004829,325673.63,4623742,4623742,817.79,32484.47,756565.02,1705449.19,2,9,169,201,2281,2821,5709,5634,-0.89,2.93,25.14,-17.37,0,1,1,1,,,,,,,,,,,
1791505946,8r5faMhtYbc7gp411LQt9oqzQybRfy6LG2FJauTsfnKg,ORBIT,57sSkdadcLBdbgn5gZr4LAgctgyzAh3B6yDf9Zdappai,meteora,1790966306,0.000003582,5560.74,3395,3395,0,5.36,15.11,506.03,0,0,1,0,1,3,6,19,,-0.42,1.84,-24.76,0,1,2,1,DYN2,,,,,,,,,,
1791505952,HkHsPkvv6Ccv5t5y295cG5QAYSuazEaFS4YSyUFZpump,BROKE,2MowcSAPsumAC5u6cbo17SwVzrTvCcuvvkRRsTibE1zt,pumpswap,1790895724,0.000002672,2690.02,2553,2553,0.17,6.07,51.57,80.67,0,1,9,4,50,28,79,39,0.1,-0.98,3.38,-3.65,0,1,2,1,,,,,,,,,,,
1791505952,GxPPN2V3bLdQJn3vDuqCfJQ9PjqqRdKVUxBTx5Cepump,MICRO,87vrzRCHU336KiD2ft46YeiV8CCFoc7Zs1zpY5VBAmNE,pumpswap,1790895289,0.000002804,3323.57,2737,2737,0,0,0,55.55,0,0,0,0,0,0,2,5,,,,-6.88,0,1,1,1,,,,,,,,,,,
1791505950,ERxLYPjqeFfLsnChuPnvS6f3y5Me8BjgJi9oWaTJpump,e/acc,ADd8YiSXcRn6kL6t8LsSyiCQTWyWJtLFy5R7gzANZoqK,pumpswap,1790894548,0.000002643,2949.03,2597,2597,0,7.73,39.43,100.93,0,0,8,3,42,15,70,31,,-0.95,4.07,-1.88,0,1,1,1,,,,,,,,,,,
1791505941,2GU7xJt4M5djAC7az3jzpFr5ApBTJK2e3LWXKrNypump,MICROCHIMPS,3RbHzMCHM1bSxddHKMMmZfG3VJrhBFYFNvDmsQCULMcR,pumpswap,1790895121,0.000005328,4550.43,5073,5073,0,5.18,5.18,89.08,0,0,1,0,1,0,1,2,,-8.07,-8.07,-16.84,0,1,1,1,,,,,,,,,,,
1791505942,3TtCNtvNLPTe21RnA8WbC2QRUYCABDZEqdLRPeErpump,WANT,rntGzi9ph9Sd2LbpjQ5RCEvbb7nsXp13kS8jfWSHwoW,pumpswap,1790897715,0.000003440,3313.07,3318,3318,2.51,52.68,235.94,424.06,3,2,49,24,218,102,377,195,-0.03,0.08,12.32,8.7,0,0,1,1,,,,,,,,,,,
1791505944,6d82cCtC1LktWWgjUz5h3vMenFj5EDHLMBFvcpmvrRi,shoggoth,8RdbS9dStwL1HK4tVzkgwG84TmREU947BRBXf6fQRJus,pumpswap,1790895893,0.00001904,12507.02,15562,15562,0,0,2083.54,14186.65,0,0,0,0,17,19,109,110,,,14.34,-28.9,0,1,1,1,,,,,,,,,,,
1791505946,9Y4afMW81vqd26i1c9vX3SEbaYMbtPifFRCYHqVUpump,LUCAS,2mFrDNHUqpqdj5Ndrp4gU92pquBZWUJH8R81YLLg2q4S,pumpswap,1790901969,0.000003491,3289.65,3346,3346,0.51,28.57,282.59,541.9,0,1,31,15,234,124,427,230,-1.27,-1.61,13.75,12.78,0,0,2,1,,,,,,,,,,,
1791505944,5zxzU6duesnfLdtAQ4kJPrcPkiFHz3PcbkmZ5QQm5QgN,RAMCAT,69Fypsx4NbpNRQppMpGAKQZ8tSjhwjRZ1BMrWXAuiZjo,raydium,1790897450,0.000006302,8157.41,6303,6303,0,0,29.55,2468.71,0,0,0,0,5,4,23,36,,,1.41,-50.19,0,0,1,1,CPMM,,,,,,,,,,
1791505949,EFtMJryTCBdDcc7MS1wnsW41wD6edXcvLkUvH3v1pump,SIP,4BkiAwwFf5Qqjm3ALL9dkLVsoWZsB1i8RamL6eJaiG91,pumpswap,1790900341,0.000002830,3051.32,2766,2766,0.39,8.75,30.59,108.64,1,0,3,1,26,13,40,24,1.14,-0.92,4.39,-9.77,0,1,1,1,,,,,,,,,,,
1791505953,uPnLjPVtyJ359VMyEC6Kp1suDix79KSh1JzZvPhpump,SLABS,5Mfcy6h2ex3zivnD4fb7faLqMmvg2T4GE8nxBSJhXsgq,pumpswap,1790898399,0.000004939,5123.54,4812,4812,0,0,0,2.19,0,0,0,0,0,0,0,1,,,,,0,1,1,1,,,,,,,,,,,
1791505942,2bN51Rmq9bxXoafZMP6m26HfiEB8uqxdD4SpuyPCCASH,CASH,HiNZvNqK9LKvCfFpJyg1sVEFKN2FiQsQrNsohdseQpnY,pumpswap,1790899759,0.000002507,2625.14,2448,2448,0,2.71,2.71,65.54,0,0,3,0,3,0,3,3,,-1.33,-1.33,-8.41,0,1,1,1,,,,,,,,,,,
1791505944,6D7KHzQWUueMYUo7ERRo6M2y1ni4DEdar39r9jQj5nkk,RAM,BBSUrbytsQJYq6i3Vivk2sszqGxsJfo9ZEpHmPSzrVRL,raydium,1790898939,0.000002961,4817.68,2962,2962,0,0,0,486.6,0,0,0,0,0,0,3,5,,,,-17.15,0,0,1,1,CPMM,,,,,,,,,,
1791505953,f9t9ZtbmonrKiJP1GECP2HZoFM3sQrpPzs2pAqfpump,TRUMP,G4U559n8t9FnR7dRT2Mn2z1BbhnsJ3Hre6dCeaXc6nf4,pumpswap,1790889206,0.000004514,4534.41,4451,4451,0,0.01,1.62,3.84,0,0,0,1,0,4,1,9,,-0.1,2.59,-6.24,0,0,1,1,,,,,,,,,,,
1791505948,BZFYNPeQAEW3HWQ4DNsTVahC1n4ZjTgn6jB2nnBbB96W,SAPLING,6ejg4aYJM3Mk1t2zBKjbJ43df3s7rBMpC9mgo526K51G,pumpswap,1790372353,0.001054,149581.65,842162,832928,603.32,9999.72,28860.98,318792.02,0,5,37,25,137,106,1189,850,-1.42,-14.01,-8.03,-58.12,0,1,2,1,,,,,,,,,,,
1791505950,Eqj36zHPTboNDYfX24sXvWf9e1wqY7kr823hbSY1pump,CUH,ADAta1RwnJaojRtsSVmN8CF8UFU23fmNdzbsxR1rzBoi,pumpswap,1790981197,0.00001586,10197.27,15085,15085,0,49.67,118.2,1498.45,0,0,1,1,2,2,10,20,,,-1.94,-29.93,0,1,1,1,,,,,,,,,,,
1791505952,GyTy9NX22wdrSeWUvSrZTKGntNLSrFDrXLb2Hxaw7Gqc,INU,LqEhQYvbSjhqnu4UTp1rYSQV4he2zkoWzGRnBKS23WE,pumpswap,1790901811,0.000004966,4748.68,4762,4762,0,0,11.83,810.54,0,0,0,0,0,3,3,10,,,-1.44,-25.02,0,0,1,1,,,,,,,,,,,
1791505945,7cSPCV6Sadhcuk8zBa7o7mu2ny4ccmXB8XU6HcqPcSqY,PI,FsyQ9Zj14C4RScWDYpHGCidhRZo3PVcNqR5bmunGxWnb,pumpswap,1790903973,0.000004180,4034.1,4077,4077,0,0,0,1055.62,0,0,0,0,0,0,4,9,,,,-29.84,0,0,1,1,,,,,,,,,,,
1791505947,AZ9NHodnyb6wPYian1Fd9HF1mfvPNkJEecExVT1Sevjg,SHINU,7JMq5DC6G3LrBFWSwe8nDvWALPrz7bn2VZUD7owLZXwU,pumpswap,1790902472,0.0001078,33739.21,102407,102407,0,859.93,7760.11,86093.34,0,0,3,10,42,47,497,305,,-2.22,16.17,-31.6,0,1,1,1,,,,,,,,,,,
1791505946,9Vke8MJboctWv8N922NJXhcoZpC4xy5TSH5SQEopxR8x,BREAD,3XcumiHFARp6EBvd4rZNvyErViFTweBjysh2xFVPiXyB,meteoradbc,1790903631,0.000006948,,6633.77,6633.77,0,0,0.53,252.99,0,0,0,0,0,3,4,8,,,3.08,-10.94,0,0,0,1,,,,,,,,,,,
1791505946,8jjRE5D2pUnEF6U2dYkL2n1Nw4Lwn6sQY7QpZkqUjhXX,JUBJUB,8SCfVT1p5MzC352e68t5CUgybYwKtat2jjKidNtjahxM,pumpswap,1790903969,0.000004212,3973.18,3956,3956,0,0,0.34,173.06,0,0,0,0,0,1,0,3,,,-0.76,-10.48,0,0,0,1,,,,,,,,,,,
1791505953,J98BvxSNtzCKsPaporUaAVmEB3wkpnKWeYo7EtmHpump,Cateoween,71gc5XdBJUGNHtijM5otMWnn3vi2FMfan6g55FoJku1T,pumpswap,1790909433,0.000002697,2669.06,2586,2586,0,0,0,28.37,0,0,0,0,0,0,1,7,,,,-1.78,0,1,1,1,,,,,,,,,,,
1791505953,J9SjRyY24ZNPgbQUQYQSv43i2QgVrNYek4scbFgSpump,MEME500,8TKphAhrgz9EMG29Vepk1rAkDJfW69UFe4Yb1xadBhnR,pumpswap,1790904879,0.000002563,2626.29,2490,2490,0,0,0,636.27,0,0,0,0,0,0,5,4,,,,-4.05,0,1,1,1,,,,,,,,,,,
1791505946,9auxxjpRQFcKyteHhAESosvvqwyPJPCQJwbAddkfpump,mote,DWpn2uNs1NwMujAASPpw5eP4ZQLmc8gjZYFSz5FCH9Sn,pumpswap,1790905261,0.000002659,2680.79,2407,2407,0,0.04,0.2,54,0,0,0,1,0,4,3,13,,0.15,3.54,-9.38,0,1,1,1,,,,,,,,,,,
1791505945,7cYaQc21w9dzKkGP6LgkqtmL5yzoK5UJE1GeamTRHwny,test,DZrcUWZy7WfKx1ktcJpaSNRWLgUFB8T5Hk7quj8coDNV,pumpswap,1790905861,0.000004683,5066.66,4384,4384,1.06,1.06,7.13,455.89,0,1,0,1,2,2,18,19,-2.47,-2.47,1.04,-15.38,0,1,1,1,,,,,,,,,,,
1791505949,CRwv4LBK1gX1NeeGWjtuN7X9RTPk3MaAiKk6gYnggWej,kimchi,DvNE6wWTQD9GnjvqKFRD12dktn9ywJXb9PneKVX5NNpq,pumpswap,1790907582,0.000003875,3667.59,3747,3747,0,0,75.09,3453.43,0,0,0,0,1,5,40,42,,,-1.63,-1.3,0,1,1,1,,,,,,,,,,,
1791505951,FgssigTgpp1EAZaAvmFJDQ8mXEatZZ6CNvmGg7Sppump,Jesus,EbAuPetBjCk3oXQhrDM89WvijUeRjPrrTpmQMphGh51p,pumpswap,1790908973,0.000002713,2673.76,2592,2592,0,0,67.58,167.94,0,0,0,0,0,1,1,11,,,-2.11,-14.46,0,0,1,1,,,,,,,,,,,
1791505949,CnbDp3n7CoqXZ5hci1JDd9gy2bz5BWfnC1WHAR7eQtXa,LUCY,D7rGSYc4j12ZFDqUQon9uMs8ZN2LFQ85Nb6k8Wx9pT5q,pumpswap,1790908606,0.000003166,3656.85,3135,3135,0,0,0,12.43,0,0,0,0,0,0,2,3,,,,-7.44,0,1,1,1,,,,,,,,,,,
1791505950,EMggcycbSGJt1NncfchSWCTrtE7tCnrnka52c8X5pump,MSI,9JE8rpzsYVNXTK4GKBf4vCBhp6rj2kmqY8azr3gUURcY,pumpswap,1790910067,0.000002659,2732.79,2646,2646,0,0,43.62,1551.28,0,0,0,0,0,1,5,3,,,-16.04,-7.07,0,1,1,1,,,,,,,,,,,
1791505944,6qs8xGPpmyHnW7LpySq9iCs36kT7utFBt8mwM1ATpump,BlackHoles,GEShq9LZ2yyatWVmZvRD1jQYFMhQSfhVyCFztqA8m5ie,pumpswap,1790908409,0.000003027,3573.21,2934,2934,0,4.73,40.5,77.54,0,0,9,4,49,24,81,43,,-1.15,2.54,-3.75,0,1,1,1,,,,,,,,,,,
1791505947,Aaan4fxwhKtUUPg2GSKq6natLV9oj9QQNf5xT4UE2gXr,BOT,CyivxGzjZGormKXFvzKKe8CL3DbfM8a6Uso6sBHz8Z5L,pumpswap,1790912617,0.000003443,3534.82,3329,3329,0,0,4.77,4.94,0,0,0,0,1,2,1,3,,,-5.35,-5.35,0,1,1,1,,,,,,,,,,,
1791505949,DyrjPqqqTdcqg6NCuRDpMtoE9knDdPbRtXhghgPXnPw8,MODEL,48VCc7v35W4knRvMRa7HPtEtX6wsBN5Q7JPyBfgCXHaM,pumpswap,1790907131,0.00005290,18904.13,52066,52066,0,112.38,1081.51,17208.64,0,0,1,5,7,16,84,87,,-2.55,-5.47,-44.36,0,1,1,1,,,,,,,,,,,
1791505951,GAwhcphCqCv5bKHmCiN4VDdNWfbXJL4npmkc8L3Q9S9H,www,Cr469Kh7oCPtQk5YADEmjVpBWx1DiXXLiooPFJn23jsg,pumpswap,1790911442,0.00008031,36523.7,79699,79699,69.35,1207.85,9667.02,85932.07,1,1,13,16,87,133,888,768,0.64,-4.04,0.78,-41.33,0,1,1,1,,,,,,,,,,,
1791505952,HFmqDN4HYT2Z1fA4ZCpa8JQbPqbwexZdkk6a8Y9gcKnW,https,2PbGERvZC1CRHTd7GfRKVHRGAYQ1eLzXSgFoko1CUbmK,pumpswap,1790914245,0.000002941,3028.48,2800,2800,0,0,10.32,13.22,0,0,0,0,1,2,1,3,,,-3.5,-3.5,0,1,0,1,,,,,,,,,,,
1791505945,8BJu7kgjRtPKsreF6n5yrSttU2pufYAPJSWmaY8Jdare,DARE,DwA5aMK41HjjRpYS8AXpTqdCewdpWLsjijsuDn4Ks7X3,raydium,1790913391,0.00004232,21770.95,42326,42326,0,8.68,2053.23,2995.65,0,2,0,3,1,11,2,24,,-0.16,-7.7,-20.87,0,1,1,1,CPMM,,,,,,,,,,
1791505949,CNohWHNTurS7PpB55czspwUJfpk9yy92uf1wXdweEGg9,CATGPT,3hSL3G9q4ZYZWLgyQVX2TCVM6hS2izKcDuweHTPzZgfV,pumpswap,1790914072,0.00001002,9539.8,9751,9751,0,61.88,845.62,3405.37,0,0,1,2,5,16,51,73,,-0.37,-19.44,-37.99,0,1,1,1,,,,,,,,,,,
1791505944,6tpfCENhKozjtambBEecWoV1V6trzqNgi1AQHkTqpump,KEN,GhLLUkrj13WU8yPiA8argBUb6xk2ucBoRCRoVDfeuPr5,pumpswap,1790910654,0.000002875,2910.08,2764,2764,0,0,0.37,45.26,0,0,0,0,0,1,0,3,,,2.35,-4.91,0,0,2,1,,,,,,,,,,,
1791505943,4LjJL18pN6oMxr6Z6bMUxXy7K5CbbZTjrQ5UsSjjpiNn,www,WXNCv7a7qxZ1Thd6Jrg2Ap62AFmGJsFNbmZyrB4MijW,pumpswap,1790915608,0.000002947,2908.33,2746,2746,0,0,0,137.54,0,0,0,0,0,0,0,2,,,,-5.27,0,1,1,1,,,,,,,,,,,
1791505945,8LmWjjAh6ujYTcXeMFh6FkT7nn6CDeEwYucMdaxgYn6s,BLACKCAT,C26dqPnGSFQNhuRJ6u768KvDyenkRk7wmAzRNGtF6pLs,pumpswap,1790904690,0.00001736,10372.29,16737,16737,0,193.04,1713.95,17171.52,0,0,3,3,26,22,170,150,,0.07,-18.61,-63.26,0,1,1,1,,,,,,,,,,,
1791505943,46doJPsSjEVMsNZm4b32UbbvbUXjFTM3TDPBWMM3pump,Cadence,4TjiqZQoCtTNtmDqqmEV2SPoeGZipueRFyRamnFXV9su,pumpswap,1790649631,0.0001410,36569.17,136216,136216,35.1,203.06,14710.9,101179.18,1,0,3,8,103,110,584,532,0.41,-1.39,1.29,-15.1,0,3,2,1,,,,,,,,,,,
1791505946,8nnaeWCw8mUypcGAgbmSuzAT85uWx4UN12adDrMhXrGF,HOTBOT,GLL3CzybpSCLZdoACf8QUM5YrKVwyA65kQ2RcTsJxxzV,pumpswap,1790920030,0.001398,132811.85,1346582,1346582,382.48,27742.28,180399.34,625789.41,1,6,155,168,1259,963,3426,3247,-1.24,1.16,-36.2,-8.25,0,1,1,1,,,,,,,,,,,
1791505953,qTyZGgDKVH1fZNhBAnGcUgtyVbVrWZ3uNeuCgJ4pump,GOIF,ANcPJyoPyos5hoGioj6UvkzA4RpU5FRNTb626xSMX6dB,pumpswap,1790851267,0.000007844,5969.55,7845,7845,0,0,0,86.5,0,0,0,0,0,0,3,4,,,,-3.27,0,0,0,1,,,,,,,,,,,
1791505952,GhAP9Tb8RADFhxpAbyz96VFG8vGUzhMaPLMa38DvQFn2,Giko,BuKG2ytP83oWiSdHF1YjKmHWZEHWXLbxyQjPHRTiUwyP,pumpswap,1790918950,0.000002851,3037.34,2760,2760,0.01,0.01,0.01,41.45,0,1,0,1,0,1,0,7,-5.56,-5.56,-5.56,-9.46,0,0,0,1,,,,,,,,,,,
1791505944,5hpck3FaHXqhQnL4RwwdaNQFeBka6CpoVBxT1dWupump,IRL3,EKF533bniHb623Ki8wRftvzjHzFisSNHvFGAi5vcShaM,pumpswap,1790922051,0.00002770,13348.61,24468,24468,0,0.66,2304.19,13742.36,0,0,0,1,28,25,142,118,,-1.28,-22.58,-36.24,0,1,2,1,,,,,,,,,,,
1791505945,7iWG1K47CGCykTNUU4XXkYctnv1X7Qd8RAq6KnDMpump,SS,DtBmpRSAjL3bRbDbVwBuHGiUNyqQvjY8Y1jxgudFuUFQ,pumpswap,1790919986,0.000003599,3614.02,3471,3471,6.06,50.75,306.31,602.23,8,1,57,24,321,150,559,273,0.46,0.39,12.24,16.95,0,1,1,1,,,,,,,,,,,
1791505949,DSmp1qi6fAGn9Xj4cztBi8B1UJUBoiADn7QPhfEnsFq6,Anon,891v3RKdbE5yj5XDbtvxW71PSm6gFfC2aa8fbGb4XPLa,pumpswap,1790921757,0.000005716,5496.37,5579,5579,0,0,79.86,307.5,0,0,0,0,1,4,7,31,,,2.01,-20.2,0,0,1,1,,,,,,,,,,,
1791505951,G6VTWhrErdU59EaGFpiy3vugSG1UUjrDuaYZ33Kjpump,HER,82ciFLVwfzFzuqbwgVqH9qntUL4QPzNtdC9iRHLvgMdQ,pumpswap,1790923233,0.000003104,3497.39,2953,2953,0,0,10.71,62.56,0,0,0,0,1,1,4,10,,,1.57,-8.23,0,1,1,1,,,,,,,,,,,
1791505945,8XeBzEqjBpgZWCdY5WqNiN8j3qbx5WyojSAGTFHTvfui,DIT,F22ZrHKGjkkhq3ZrA6Gz3g1rKVqbfos9tPTeBh54yukF,pumpswap,1790926340,0.000002403,2496.41,2316,2316,0,0,0,253.19,0,0,0,0,0,0,0,15,,,,-18.86,0,1,1,1,,,,,,,,,,,
1791505952,HRhf8umQ5rqxCSD7QrQeeTdoNrLg987wQDTDArj8pump,fkaAI,5f4vR2YC2dAfnadZBrnEp5yCvcV2YjK5tHXvWohdSqfh,pumpswap,1790931323,0.000002917,2891.73,2819,2819,0,0,0,0.21,0,0,0,0,0,0,0,1,,,,,0,0,1,1,,,,,,,,,,,
1791505953,JERpqiXG9wLuWcbSi51uaqjYzTDd6Tj9VGgpAgik6EW,Netizen,4LykWqvVpE1LmSSYN585EFewvkgFPePnWGojopWsUXPp,pumpswap,1790920802,0.000002320,2326.77,2224,2224,0,0,0,2.78,0,0,0,0,0,0,0,1,,,,,0,2,1,1,,,,,,,,,,,
1791505950,ERu7vbTVrsevpuMoYmSk2zqBPrhHxU9itTc7FrKftTwr,AGI,Br9htS6a8u5YGxkeE8oc41ZbH89mVMHWgx69XfCWsR3F,pumpswap,1790928823,0.000002599,2717.09,2508,2508,0,0,0,4.32,0,0,0,0,0,0,1,2,,,,-4.78,0,0,0,1,,,,,,,,,,,
1791505947,9p9Dzwcsv1P3jMeMPqZTC3ywqgL45qL2R2VkCrfHMsby,SGI,8a96pMnpVyKF5NSyDvbeu2RBSpspSVu4ozfygVAwzWfp,pumpswap,1790928175,0.000002770,2917.41,2696,2696,0,2.46,2.46,32.42,0,0,1,5,1,5,3,7,,-0.65,-0.65,-9,0,0,0,1,,,,,,,,,,,
1791505953,c17N1z7KdUGeUSYyAzxXPYvBT97B29Jm55xfc4N3YaW,JENNYNARRA,7cd4ggjDxn9c81jA5Ba79ChbgCvqvLchg3uGZEi6Q83P,pumpswap,1790932155,0.000002779,2753.07,2680,2680,0,0,0,3.85,0,0,0,0,0,0,0,2,,,,-5.51,0,1,1,1,,,,,,,,,,,
1791505944,68RUKJSkhT7Z9itn2tUhCzR7t2pbBahqjgG8qbkB5Dux,SGI,Dj5LNTFFCFPEHyA5sFEJgQ8Lrs3z2pHc4ZwLmVYDZD3D,pumpswap,1790929727,0.000005035,5471.48,4907,4907,0,38.16,131.12,345.06,0,0,0,1,2,3,2,10,,-2.03,-0.35,-18.17,0,0,0,1,,,,,,,,,,,
1791505942,2shsT2KMGVsF3LURpkgzf3GucFizCwsmkF9DUeWgpump,RAPE,HswiXqTeriop4NjQehufHVe5vfUEakpzccS76DJAvn2Y,pumpswap,1790934445,0.00004253,18347.91,40800,40800,0,0,0,176.05,0,0,0,0,0,0,6,0,,,,-6.01,0,1,0,1,,,,,,,,,,,
1791505946,8tyaSHgK5HEi42qHvUwpWKE9t4NCyGxutLV8hACameta,AUTONOM,68u1a7fh9hdy2d3MmujMGrkSdZx3Vqq19Q5M4qRMXCU7,pumpswap,1790934861,0.000003670,3645.18,3478,3478,0,0,7.55,164,0,0,0,0,1,7,2,13,,,3.39,-14.42,0,1,0,1,,,,,,,,,,,
1791505950,EpzFGJXtXtabZnVzM8WFeXvgRFrWSQwGZvpgVJH1EuAZ,Library,CAzLDRhe6v8taMbrqCrqgtdPhbrjHdoWrCE1hpoWRHrQ,pumpswap,1790934833,0.000007629,6139.99,7380,7380,0,9.32,385.55,944.09,0,0,0,2,5,6,9,18,,-2.47,12.02,-17.8,0,1,1,1,,,,,,,,,,,
1791505950,EFvdLptvhf8nG9rzzgtuVMguHvSKjLH5Gmt1bZp77kVA,SAM,GKfxKpbDJiCWyxfZoJbzgUrsisc7g5Krv9SxpfEWPMTv,pumpswap,1790935266,0.000002823,3059.73,2735,2735,0,0,0.36,34.94,0,0,0,0,0,1,0,8,,,1.97,-7.24,0,0,0,1,,,,,,,,,,,
1791505945,7NELwkCyL2crujChTgtdKpR1jn2UHTe115v25rUSpump,OnionWeb,F5jQWstPUV7tfHDZPrHjg81ynev62VMV8qWMfgsnbDS2,pumpswap,1790937829,0.000003480,3566.55,3108,3108,0,0,0,5.76,0,0,0,0,0,0,0,3,,,,-2.49,0,1,1,1,,,,,,,,,,,
1791505944,5R7EZqAQxm3AzxSVgCMcBLxPdkQbsX5MEJBybGvCQocf,SISTERS,5f6FYEkyGvBMEcrbbvcETAR87n84fkg1AXaWVsuQqMoN,pumpswap,1790946274,0.00001388,8540.03,13120,13120,2.41,11.9,1689.37,8698.93,0,1,1,1,16,16,122,111,-1.64,-3.3,-8.74,-29.35,0,1,1,1,,,,,,,,,,,
1791505944,5cvUXei9SCWo5vjKnTarVWbQMAFhKMSZcRje54izpump,LANK,8CV5MLyQ8wYGVBuos93xWhwNvYJ7BnXCzj529CGY49kZ,pumpswap,1790873967,0.00001928,10309.61,18683,18683,0,0.89,1737.24,2348.77,0,0,1,0,14,19,18,36,,6.09,-11.71,-28.21,0,2,3,1,,,,,,,,,,,
1791505942,2y4XLBAdpD1bnf38KXLdBQvCUp7E6GWaf3ooSMMJf5Cw,MEOW,7ZFqw3eomCjXpAYVFv4amhwaCPGDkwuCZjwk3XqE41Eb,pumpswap,1790941605,0.000002722,2789.07,2646,2646,0,0,0,65.27,0,0,0,0,0,0,0,2,,,,-4.49,0,1,1,1,,,,,,,,,,,
1791505950,FFtp6pxteF52PX3gryHrhQdxWze23Qzh7vC3kKzVpump,PUMPFOLIO,EGVugw6Fu1nHCxUkx4urwz5gfXzZyzHbmMdZ3PYhDd74,pumpswap,1790950201,0.000006092,4936.37,5806,5806,0.14,5.92,521.94,1156.97,1,0,7,3,36,19,81,45,0.13,0.04,9.72,-12.46,0,1,1,1,,,,,,,,,,,
1791505953,JCsKWhELRJ8MhEZjUDdCL49mntw8fx27bKAgCMgSGhcQ,SAM,FSX1VaQ8kWRmrY8S5SpCxU94Q6WKUWRP1yJkUS9GYwpK,pumpswap,1790944284,0.0001280,36504.5,109233,109775,116.8,10879.01,45139.75,171834.13,0,1,88,80,310,307,1215,1156,-1.87,-9.87,-10.64,-48.09,0,1,2,1,,,,,,,,,,,
1791505950,FESndbiwyTH1i1itf3FxV9HCKFNy5U9RnFp8ER8nwPgC,CATGPT,Gp2ZMrbfbQBDYuwLdGV2rmdqUW1xs8ogudtnSMi6Ede2,pumpswap,1790916727,0.00001368,9198.81,11339,11339,0,42.54,175.48,7970.37,0,0,0,1,23,9,54,51,,-0.84,3.91,27.32,0,1,0,1,,,,,,,,,,,
1791505953,XLBLxbY1Mr7aadnqAbmqSBXLEyUdjvUXtXCnz8Mpump,SOCKET,BA2YYZ4YUKsMCMDGpqrV5FQiotGnyKrc571pFhc66Gje,pumpswap,1790942605,0.00001097,9466.12,10708,10708,0,0,159.72,8311.88,0,0,0,0,2,13,121,141,,,-2.32,-10.17,0,1,1,1,,,,,,,,,,,
1791505947,AJPertGGMDmM75fb6jiB8MPfFu61ouLDtW6UBvf3pump,BRUME,H7pt7KK8pB8xHwpF9DHrgdZsZb6yBjZHhGiUkigyaXwZ,pumpswap,1790942221,0.000004884,4631.08,4774,4774,0,0,131.75,550.05,0,0,0,0,4,2,8,12,,,-3.83,-18.55,0,1,1,1,,,,,,,,,,,
1791505951,G7k8YPnJL6jKmA1H5Pt9sPLXhcd6YXjexHgmRQ4zpump,TOKEN2049,8E1Zcg4VqnNetv4Pp6fVyYRFbDqUj3RueCcSyJM8sSSX,pumpswap,1790943935,0.000002653,2813.06,2609,2609,0,0,0,2.41,0,0,0,0,0,0,0,2,,,,-6.31,0,0,0,1,,,,,,,,,,,
1791505949,DDGPxc1kb2EFV5zmwznRQGkRdmmSuuHffths1NsEASY,CNDT,9CoLVPU5AtQagVnk3hp3Fr6KVNVYWVYhKBRThKeHEXQE,meteora,1790944850,0.000005694,6636.36,5694,5694,0,0,327.42,2539.6,0,0,0,0,2,8,26,33,,,-10,-24.09,0,1,1,1,DYN2,,,,,,,,,,
1791505946,8ke6hMvsqxoZWGcDWxuEQyUTC5Zc4mXhDsbBAsAaKUDJ,SITE,HiNyEgRxdWMuGwWmNEZKR6ivAhqk9uXgJacMN6VudAT9,raydium,1790947358,0.000002238,4302.35,2239,2239,0,4.88,5.25,5.25,0,0,1,1,1,2,1,2,,-0.4,-0.4,-0.4,0,0,0,1,CPMM,,,,,,,,,,
1791505943,3x2NqY94bxePELsKqF3yn94iRSk8NvPd7MndeV1ypump,HUMAN,GcWjNuxysNJGb3kgZ46UmsjVSwuPNF6PwkEJNi81AL22,pumpswap,1790945949,0.000003148,3328.38,3049,3049,0,0,3.44,75.81,0,0,0,0,0,2,0,11,,,1.06,-11.54,0,0,2,1,,,,,,,,,,,
1791505946,9JTmrmD2CAtFknRvQR3td3UYSpcSRL21xngjtLnNpump,GIGACHAD,3DdEqdhu1va8yydqbUyKYoVVmn4dznnMZPpa65Gxq7fT,pumpswap,1790951090,0.000002615,2666.87,2475,2475,0,0,0,11.92,0,0,0,0,0,0,0,1,,,,,0,0,1,1,,,,,,,,,,,
1791505945,7CTRbkV1tVuq1f59pRxT1Pb2W5AHG4gM9FMH4rGzKiXv,si.gov,AZuZuTjHimKR4ouHwrZr4Aeq7acALBmopkvpCxyBJNRc,raydium,1790949949,0.0003684,49609.63,368490,368490,648.3,3900.5,31332.06,205799.91,3,2,15,25,191,211,1150,907,1.59,-12.25,-15.29,11.72,0,0,1,1,CPMM,,,,,,,,,,
1791505942,3st8R9eftjF5GnuhaeeMNGSKMFQbBxFpKg1ZrKh9tBaV,MIND,5rRthU5Ns2eR92ocvCKnpwG6P36c8RM9KEnL8d1gcVwT,pumpswap,1790944149,0.000005645,4825.85,5390,5390,0,122.1,815.6,1818.44,0,0,0,1,11,8,20,16,,-5.24,26.88,19.64,0,1,1,1,,,,,,,,,,,
1791505953,HvRdz7YWW1ksGU9gAH4TzfHccjAoajXg2Rp4GXhsdMCS,AI,HMA4mobg9tRvT1tQvgkv2EGXRBFCkx1Huje4DPhN6pGQ,pumpswap,1790951795,0.000002897,3147.42,2842,2842,0,0,0.48,34.38,0,0,0,0,0,1,9,11,,,1.72,-7.94,0,1,1,1,,,,,,,,,,,
1791505947,Am6SB1xhuwyv6hENfR2uHj2fvKeo87KN8vVw28RcrmEa,Cassie,CeRmxAsiigonctygud7ict1dunHKrd3ztXfmTdQX9ZTz,pumpswap,1790954777,0.000003722,4043.69,3639,3639,0,0,0.39,33.5,0,0,0,0,0,1,2,14,,,-0.67,-8.79,0,1,1,1,,,,,,,,,,,
1791505945,7oNqxLCwfggUUEfjHqg6KDwwnqYjfDC8L4emV6iMgHej,WIN,DXw6RTBzck1NG1CxHh3rpeYwHhaS3dJ8Yy1rD22h22N6,pumpswap,1790954213,0.000002509,2634.83,2431,2431,0,0,0,11.83,0,0,0,0,0,0,1,12,,,,-7.67,0,0,2,1,,,,,,,,,,,
1791505947,AsoVfPHWY5YHCpc4aMzUcMENVRaC9Rjje94BpkxcW2VE,BLOBBY,EEUaf7rxYuUa8L2BNV2k4T5ahLYHKxefkB17W73okjFW,pumpswap,1790953326,0.000004034,4124.47,3782,3782,0,0,0,2.55,0,0,0,0,0,0,0,1,,,,,0,1,1,1,,,,,,,,,,,
1791505945,7jL7HbPLV26jdwdhqmtxByUb6Ykshehq5GjjtmYtpump,SHILLR,4dREtLqXqb1jzEcsKkV8SapDGx6WJg4EveFKJwMyRD2S,pumpswap,1790953747,0.000002144,2147.86,2039,2039,0,0,0,4.75,0,0,0,0,0,0,1,2,,,,-2.14,0,1,1,1,,,,,,,,,,,
1791505950,FBtPrfHU7qZJjgtG5Ljj4gdxKxx4JiEKwAgHtM1py2eG,INUINDEX,BAvjCjU6GBuwYy4rtrj6u3qS7onCTfyubHUdPfpEc715,raydium,1790947769,0.000002000,3320.86,2000,2000,0,153.6,153.6,156.96,0,0,3,2,3,2,5,3,,26.13,26.13,10.01,0,1,1,1,CPMM,,,,,,,,,,
1791505943,42UmhgRdQfuG5uFCjyvCpssNf5urVsT5UJqkgwaYgr1W,PULL,8ty8nNBc7wcw5YooP487rnirBzVGTLJkygRj52YFBXuL,meteora,1790953511,0.000004120,5827.03,4110,4110,0,25.78,32.37,920.19,0,0,0,1,1,1,24,8,,-0.66,-0.73,23.06,0,1,1,1,DYN2,,,,,,,,,,
1791505949,CiAszaNZULwaVAb1FdSWtKSvjVcHu9KcNCaBdt9cpump,ARTCOIN,HQdvkZCmYGqjYRizXt7TC1Zc4BA2hLWoEorkEDzM4CyF,pumpswap,1790952982,0.000004925,4291.95,4699,4699,0,0,0,2234.82,0,0,0,0,0,0,21,25,,,,-29.52,0,0,1,1,,,,,,,,,,,
1791505941,2AKrTTVNsxhHV2FLNBWUBv6W6Vq35VJMuiAhjsKjpump,ANON,FYKNaNKGfqR5RYSKcX56ijvYKADGekefnD9p5x97wFZ,pumpswap,1790952843,0.000002899,3631.4,2880,2880,0.84,12.04,41.96,69.05,1,0,8,5,31,16,60,37,0.15,-0.72,4.08,-3.81,0,1,1,1,,,,,,,,,,,
1791505950,F1xMp7RdfGRfmBWtwB9P1airCGQDAtLCuMo1e5d2f1hv,BLAST,9P5RGHagCMvyugeweimABfjiuEXGpyB2Qta2Agok5Ejk,pumpswap,1790955714,0.000002656,2775.18,2580,2580,0,0,0,13.19,0,0,0,0,0,0,3,3,,,,-2.17,0,0,0,1,,,,,,,,,,,
1791505944,6ujCFTQY3mzrtt5wmprFrgfA3nYyPGid3SNvmiiGt7x6,BULLWINKLE,GFW9GjQWFqRaQqUV7vKqkipSDUXhygSNyh832zTjJjwZ,pumpswap,1790957404,0.000003214,3229.02,3004,3004,0,4.75,7.49,106.14,0,0,0,1,0,2,1,8,,0.77,-6.1,-12.16,0,0,1,1,,,,,,,,,,,
1791505944,6fK5ohw22QHti86MQbcbty7rsW7xKTBjjjx7XZ7oe23V,Met100,7ZFtpHH2ByHTQHybumG4E3exKJ58sJ9mLTnZSoUqmjox,meteora,1790956763,0.000002081,3868.5,2081,2081,0,0,0,0.88,0,0,0,0,0,0,0,2,,,,-5.83,0,1,1,1,DYN2,,,,,,,,,,
1791505945,7keARBfdz79MdMTf3fZrswyvLgAs3Qi8JiRmy3u2pump,SR,AAh3sFjQVobLzSEReScwdAk3ahTucKUafQhgWsqGQBqq,pumpswap,1790956454,0.000003383,3610.78,3322,3322,5.51,40.67,266.49,501.11,2,1,35,19,220,110,420,222,-0.97,-1.11,9.96,11.75,0,1,1,1,,,,,,,,,,,
1791505944,6jZ7huKG82w1TrAkGAudCwBKz7LiWL4asVwBgyjCnTxh,Moose,BCk6C6pccmUSmzfopzkWRZ8CnY4cGFasutxaXcKKSUER,pumpswap,1790957224,0.000003062,3416.18,2976,2976,0,0,14.59,22.69,0,0,0,0,1,5,2,10,,,3.01,-7.21,0,0,1,1,,,,,,,,,,,
1791505951,GZw7LxHtQKSQ1YsGnpNH7SovnBF8X6poYgavHwrmRekp,MASKCAT,G7QKTr9Lr3pF44Kp6ALkW8sExiGDXbG2JaJtzRtUKK15,raydium,1790519021,0.0001677,37323.95,167751,167751,0,1255.74,3847.97,11938.3,0,0,5,2,35,16,117,90,,13.21,52.58,46.08,0,1,1,1,CPMM,,,,,,,,,,
1791505948,B5bKnQXYr2NtkSY7PBVT5LnSx2fLgdrtPWYvjZKJAPAY,PAYPER,G5heXEUXLPXGZyNG7P6uyFz6upTZk3PRoQwrb73iSc3A,raydium,1790956848,0.00002280,24219.09,22801,22801,0,0,152.08,365.06,0,0,0,0,0,5,2,13,,,-2.49,-5.47,0,1,1,1,CPMM,,,,,,,,,,
1791505946,8hqPzBRtRW7m9wqTDRzF4vfQpuLNk69rkh8DEzhrKwo4,BELL,G33iM8rJB7CEoea4SrV1cEnJiTViKWRWamY2KPsaQPor,meteora,1790954372,0.00001994,12944.23,18587,18587,0,5.1,5.68,1184.49,0,0,0,1,1,1,5,8,,-0.07,-1.44,-24.27,0,1,1,1,DYN2,,,,,,,,,,
1791505951,G9p7h8bRUMFjZBDZ9Q8Sv3mQmDLJFiYPTLKrNzzFGn6B,MAZK,3c2L6XtjMuAFfT9qirHiYJg75VdqKaDyoE39pFRcETUG,raydium,1790956759,0.00003592,13029.13,35921,35921,0,0.12,213.34,2017.58,0,0,0,1,2,3,18,13,,-0.81,0.85,-13.37,0,0,0,1,CPMM,,,,,,,,,,
1791505949,ChnjqZabVCTWYxU7YF6BbJxzZek2NKgmDNkGXSqKpump,$XALL,J68Se8nQB6dwWr8A4cyvhkHQUuVpmDHyYJuspN7qtKDP,pumpswap,1790959059,0.000002432,2577.98,2403,2403,0,0,0,38.5,0,0,0,0,0,0,0,1,,,,,0,0,1,1,,,,,,,,,,,
1791505945,8dBnKHwNYH3hz2fFTJczVwzBTpJFAMtc53k3uA4zpump,FILLED,A8JMWc6ijm7dUUBFTgRcPG9hqGsN9gipKj39q1hbhQZk,pumpswap,1790958086,0.0002443,61247.27,237007,237007,307.64,2720.31,22402.53,90091.75,2,3,11,14,84,110,529,386,-3.75,-13.11,10.16,-22.28,0,2,1,1,,,,,,,,,,,
1791505942,2bs4mEZsUuNGkYeFsGuQ2YP8rTyNkqnwR3MerHZEGRSE,callinu,7RgF5HdMJydAV8s3FiCBVPEjkX9E3eaJbM2fuYFNx41Q,raydium,1790955960,0.000006362,7767.46,6362,6362,0,0,0,1369.66,0,0,0,0,0,0,14,26,,,,-17.66,0,0,1,1,CPMM,,,,,,,,,,
1791505947,APxxh2tWCh95tbHitFJchcdbMsctSBgRS2Zzju9Bpump,JUGS,G4ac6W2sJgqojixx27b9ioDa6hW6tGm9ZVRXHSZNjWzm,pumpswap,1790979223,0.0002653,43461.85,254612,254612,0.09,120.65,6408.48,18192.87,1,0,10,6,83,52,225,125,-0.5,-1.05,4.31,24.22,0,1,2,1,,,,,,,,,,,
1791505950,FHdxi5H9gvfA5Dp56M8nWC9jruDtcPKT3sg7wmongHPo,Bili,7nV7yWsHieTvSzLH1WKVk8FLc8PB72vaijQ6Ud8foggZ,pumpswap,1790961751,0.000002552,2641.49,2467,2467,0,0,2.1,10.67,0,0,0,0,0,1,2,4,,,-3.69,-5.89,0,1,1,1,,,,,,,,,,,
1791505946,9cbDbgUNQbBjWDoVSL4SdV9LFBjNQ6ZriEfYUGUqpump,Pico,HZCfBpAS9okgnXPfzRdK4J4BMvFVhJnxN7r3ifYja8GT,pumpswap,1790961495,0.000002413,2467.46,2318,2318,0,5.01,5.01,7.32,0,0,1,1,1,1,1,2,,-0.69,-0.69,-0.69,0,0,2,1,,,,,,,,,,,
1791505941,25PcSP8DwTBtgtzGK9rcUKsEqcN95VmtPwzARKpjpump,FELON,G4pcesaXEnzAc77RZ68chZ6AtQMJZDB14hjKZZUHfGMw,pumpswap,1790959964,0.000003174,3272.72,3034,3034,0,0,0,21.3,0,0,0,0,0,0,1,2,,,,-8.24,0,0,1,1,,,,,,,,,,,
1791505944,6jmJbuPy6m5ZqvwbvGp21iT3b7ebG6AEhsy4jER2LYFm,FISH,GL6RAWLzUY2hzoekbUtJbuVeGiuCCPnsLv1yq8kAt1A4,meteoradbc,1790961263,0.00002381,,23812,23812,0,0,412.47,714.83,0,0,0,0,9,29,22,34,,,-5.69,-5.01,0,1,1,1,,,,,,,,,,,
1791505944,6DrVZ746mG3ccccVLpX4ZdCjnVZt5LNzrZJ4GeAhpump,pumpjak,Dxd1sTnuoYA9m1Yhmuctk8zrR4NGHAugNMgruoaRAeJR,pumpswap,1790964388,0.000002699,3111.92,2628,2628,0,0,0,12.2,0,0,0,0,0,0,2,3,,,,-8.08,0,1,1,1,,,,,,,,,,,
1791505948,BJzk9dSj5iQFTrSJT93tVztHFMzP714NoYeHFfPzb1Bi,PUMPKINCAT,CBXgR3suNnAadba8nSrm53GA4w4PSsQBsavST7AyZBzM,pumpswap,1791055469,0.000002556,2513.88,2414,2414,0,0,0.07,29.07,0,0,0,0,0,1,1,2,,,-3.99,-2.98,0,0,2,1,,,,,,,,,,,
1791505944,5R1XNfbLqGDe7vzrNLKMqM7zyWmd2Savrt3QfGyGpump,NIVI,5MSZjg9EhMGBWp5crjAjVauDCE5ZNSz88y7GvjGFMuTi,pumpswap,1790964116,0.000003399,3436.46,3346,3346,1.9,32.8,298.56,635.29,3,1,39,19,264,128,512,275,0.22,0.19,11.85,12.32,0,1,2,1,,,,,,,,,,,
1791505946,8hr5NVzUbRWaywAPgiQgaarzUq9j5uCroZ3rLft1pump,GROKCAT,73HZef2stkkqdMjUMgefneZGtam5aAr1d59A3W9Equmo,pumpswap,1790962773,0.000003167,3227.62,3114,3114,0,1.69,37.11,80.57,0,0,4,1,31,19,56,33,,0.22,2.93,-5.18,0,1,1,1,,,,,,,,,,,
1791505948,C2bj2HbEsnv7bSqQe2bQ7uGrf7MHXNN4cSmEVRMQpump,Apu ,9GV1Etzq1h76FXtBdC9nApYbYXmEv3NTtwDeuTuLQqGz,pumpswap,1790963493,0.000003048,3206.73,2969,2969,0,0,0.02,10.41,0,0,0,0,0,2,1,7,,,-2.37,-5.85,0,0,2,1,,,,,,,,,,,
1791505951,GT5PzaVt2wQvDnowmkNNPGRGL5gEcLb7dovzFwwACgxz,Cashout,6NyWV6kvii8BV4U41HpWS8wJffnhnVLv7EsouegQvAgu,pumpswap,1790967004,0.000002783,2767.8,2503,2503,0,0,1.14,7.32,0,0,0,0,0,1,0,3,,,-3.31,-5.49,0,1,1,1,,,,,,,,,,,
1791505942,3NGW414d3hh36tbwbgWeipV2K7VEqnqjvDxj69KKpump,CASINU,4gvR826fJJCkyrArJGekySvAP7aLCVvj4HMcd48W1Kh9,pumpswap,1790964335,0.000003304,3304.33,3225,3225,1.67,7.2,36.19,74.87,2,0,8,5,30,18,54,32,0.14,-1.05,1.78,-3.81,0,0,2,1,,,,,,,,,,,
1791505950,EVCx8yhknFxZ7MnYRK1LEmL4ycxBKHxSSZ8Gyyaopump,>_,8EX6tgzBVkY66ybkoXN1Ta1JwDMn2dp9ALBigGXPckg3,pumpswap,1790965545,0.000002549,2761.91,2491,2491,0,0,0,0.14,0,0,0,0,0,0,0,2,,,,-0.13,0,1,0,1,,,,,,,,,,,
1791505949,DQxG8fJbgAdX8h2D56Cu9cLHPc7G5xSTj84vZNH6pump,FIX6900,6R4xp15uZUZg7FghFC9SXRppBSWTKAQT11Vx2XnFGSM7,pumpswap,1790964145,0.000004002,4252.64,3962,3962,0,0,0,3.68,0,0,0,0,0,1,0,2,,,-4.85,-4.85,0,1,1,1,,,,,,,,,,,
1791505951,G3Zv4MTBbEEWXJeXXAza73Q385bKWAFQ499J5VL8Tovu,UNKNOWN,4afw8ndymLUTVw79FwTEzeVge62nRaFeENBRrkC5cRMB,meteora,1790889624,1.010,14056.96,10113,10113,0,0,0,2539.4,0,0,0,0,0,0,17,41,,,,-0.3,0,1,0,1,DLMM,,,,,,,,,,
1791505944,5GDX5fJTQns4arM1J94wjxdA8KXFsV5qW46MLFpHpump,OMNI,QVCymnis5qQJEJRZPgbEJnNKrQdNkhJtTFk7v1xqu9D,pumpswap,1790967612,0.0003268,58892.05,313177,313177,128.36,5987.08,25965.32,108832.47,0,2,53,40,190,159,775,516,-0.38,18.97,-6.28,33.94,0,1,1,1,,,,,,,,,,,
1791505947,9kpHmcAjabZksyon8KVA2FQPyp9kMtLiTRaFGRTkmqd,clout,42xESpMXsCppsS4gbtaCT87sBTjKxdtLVqcTSaSmzbv4,pumpswap,1790968247,0.000002651,2783.48,2590,2590,0,0,0,0.51,0,0,0,0,0,0,0,3,,,,-3.59,0,1,1,1,,,,,,,,,,,
1791505943,4zWD7Lo2AE8wjdXeANYoLoiLNnRiEjkadHyiHcpJ8Nfw,RONNIE,2fcZqmSBrbQDToJUkLEkf5csK2kdev1tveheaD86Wunm,raydium,1790968509,0.000002375,4346.99,2375,2375,0,0,6.27,7.94,0,0,0,0,0,1,0,3,,,-1.07,-2.19,0,1,1,1,CPMM,,,,,,,,,,
1791505945,7Jv7D7qpT8GpKUywkbQv9WgF5yDWr6Yf7SZXZj1Gpump,www,HQbKVr5GiHTjPsv27v9TGvK6rgVZpvcQ7Eg5WGsYUwp8,pumpswap,1790967090,0.000002480,2783.31,2442,2442,1.24,1.56,19.26,66.13,2,0,3,0,23,8,54,25,-0.68,-1.04,1.95,-2.78,0,1,1,1,,,,,,,,,,,
1791505947,AbMG6MaBJhaAFnJtiPzxBcz2AEW3m3wrcyeCnEXWpump,HEIST,HYYwsvta5RBRBKDcQoGLNatyjGBhhjQrp9ZKkY7xmrnV,pumpswap,1790967062,0.000004414,4021.17,4315,4315,0,0,0,19.47,0,0,0,0,0,0,1,8,,,,-2.85,0,1,2,1,,,,,,,,,,,
1791505953,fHF5ZPCmY1NHN4K4aD6dTyoFG9wE8TJU5qp6zPGpump,artcoin,7dPEacEp8YBGb8VhjNxes8KGNYG4pGDMpKD7BAG7TofJ,pumpswap,1790968930,0.000002925,2910.13,2761,2761,0,0,0,173.06,0,0,0,0,0,0,0,4,,,,-15.06,0,1,1,1,,,,,,,,,,,
1791505949,CJZaHX5RQbvKrRyMoUU9D3jyvXj8Yy7QLLmcKvoopump,Pumpkinu,2SBgHnfs9YPCs7hPPaWt1rHGxpV1WEWp2YNsGBDsyuJW,pumpswap,1790969340,0.000004541,5986.2,4409,4409,0,0,23.87,99.25,0,0,0,0,2,2,5,6,,,-2.86,-4.03,0,0,1,1,,,,,,,,,,,
1791505952,HZ4qZQJ7yf6WR1D24GLRLJ3cKUfgtJEF3B7SdLMLvCPZ,9e9,3JcpTVkjabeM2fucmS6AFTSZ2o4sqht3j4wzkPow1roT,pumpswap,1790969104,0.000003406,3657.57,3310,3310,0,0,0.05,41.69,0,0,0,0,0,1,0,2,,,-5,-5,0,1,1,1,,,,,,,,,,,
1791505953,wdysfTqUsJ8qAVB1796BXgGisThoBzu1keQmdgswdyt,WDYT,Bu65yUfdrxgwSnXXvrKxeNzmcjaSCsAEn5JtPMWYZVQG,meteora,1790968878,0.0002365,50464.49,234496,234496,2776.24,2776.54,15720.47,35841.7,1,1,3,1,50,56,131,114,-18.73,-19.72,-14.29,-9.9,0,1,1,1,DYN2,,,,,,,,,,
1791505952,HUzsazhQoEBooLPQktSoYTVcKKVSZ9AyhZPs3x93pump,WIFWWW,FbmT4jXZwrmMWSDvqGGTjuqwcWwVJJYkNZ27UYejtLCE,pumpswap,1790969578,0.000003540,4815.94,3462,3462,0,0,0.87,1.78,0,0,0,0,0,1,1,3,,,1.41,-0.37,0,1,1,1,,,,,,,,,,,
1791505944,5gJjJYGu25aQevcpsBgBFvLcCRfSPcvczcxvnqHDpump,bag,BrBGnm4VaXXqDySKDqnH4VZ46p3x4mqC4R2dA4EGGWPY,pumpswap,1790971880,0.000003282,3491.62,3028,3028,4.46,4.46,4.46,139.59,1,1,1,1,1,1,1,5,-3.12,-3.12,-3.12,-14.41,0,0,1,1,,,,,,,,,,,
1791505946,9ZUwZjiMP8Un9qcBYNfKmVmRRj97YWLB1DRWPhhnpump,HOOKEDINU,FmtX7rDgSe4ctMT5wpHtgeoE71cRx7MNrdereUMSnhJr,pumpswap,1790967978,0.000002578,2840.99,2555,2555,0,3.04,31.87,138.15,0,0,1,1,22,9,44,25,,-1.27,8.3,3.5,0,1,1,1,,,,,,,,,,,
1791505944,6irHJ66p7HKYHkfPnNaJHJdVfpfJ3AtM3Gse68K2PRLD,BlackCock,DQCWSiW15qugyw2GHED7PfhQ1FqVaSMG7PchVmFa5RzE,raydium,1790971091,0.000004102,5504.23,4102,4102,0,0,0,93.15,0,0,0,0,0,0,0,9,,,,-2.72,0,0,1,1,CPMM,,,,,,,,,,
1791505944,5yQYLno5ABBZ2ELVvLXEU323CbHhr2jwR1NKFDh4pump,BOO,7x9P564ydsAxDMRKUyHzRKua2x2gsWMqUuxgv4SLDGcS,pumpswap,1790970918,0.000003387,3420.07,3278,3278,1.48,6.46,38.06,75.52,1,0,7,2,34,17,51,30,0.09,-0.79,5.19,-3.99,0,1,1,1,,,,,,,,,,,
1791505944,6ygHGHDunESzifPU2ZKt399XY199QxFJnHozwFYfpump,SIC,HiRzSypb1LhYbk8A7hwAKJbA2Ha1wv3bx2y614E6Tksg,pumpswap,1790970370,0.000003092,3159.17,3067,3067,0,0,0,30.12,0,0,0,0,0,0,1,2,,,,-5.34,0,1,2,1,,,,,,,,,,,
1791505948,BLKKYfF41c6xRPrtX1rdYbxLE1xxEdZUnxQsB5hcZ8Nf,BLK,8Vt1G5VnQnvLHFfbKek4bCLSrnC7sUjMXWP6hhNNWbUy,raydium,1790971654,1057.28,59643.66,417625,417625,0,17.15,483.15,12163.62,0,0,1,5,17,41,58,124,,,,-0.38,0,0,0,1,CLMM,,,,,,,,,,
1791505944,5tzjoTepg3tEupgKBjedF2SapniNaDrt1cVqdU4UfkjG,BLACKROCK,2jEsgfX9zxGeNWTkQ8S9fY94LW19Js8CfvSM5GiuQg8E,raydium,1790971444,0.000006320,7742.73,6321,6321,0,0.01,339.9,2216.71,0,0,0,1,6,10,33,53,,,-2.41,-14.09,0,1,2,1,CPMM,,,,,,,,,,
1791505941,2bHz7Uq8arFttDotBgGFsVKXxN2n7hM39Cktna69pump,HIM,HaGMjHTjfy7f3DN54RHix2RCWvaMZbRKszkFGXPmu9c2,pumpswap,1790973057,0.00002294,12994.74,22463,22463,5.68,436.71,1898.05,17986.5,0,2,20,10,105,63,383,309,-1.4,-4.58,-1.49,-46.82,0,1,1,1,,,,,,,,,,,
1791505949,DioisRY2M15WKza2te7pCvEAe7B1EVp4N1ZrM6tn52Sp,HAMSTER,9yS6kearLBYAKeXoPr8adHirSa2mwUT86PkPgRrMkDqN,meteoradbc,1790970523,0.001602,,1602188.18,1602188.18,3.43,14175.5,131578.82,1056867.31,0,1,41,31,332,375,2320,2031,-0.1,10.38,-10.07,114,0,0,1,1,,,,,,,,,,,
1791505949,CkmsccatooDzPMy3YwFiaMMADKyFS7RwHPnshnRtFKGb,GrokDog,EF8k2mXRNpaxqDE1e9kHwFkf2M8pa7evk8KHJRLCuTm6,pumpswap,1791223594,0.000002477,2541.82,2330,2330,0,0,0,12.63,0,0,0,0,0,0,0,3,,,,-2.08,0,0,2,1,,,,,,,,,,,
1791505943,4pG7MvMNDbRhLdXHqPnDQLkAQcaJme2CUjm7MqKoWALK,MOTION,5g72NfBpFVWaKVXXsK6PxeLSL9bwq79jN5pMDaxNiEME,pumpswap,1791224537,0.000002858,2793.51,2492,2492,0,0,0,1.58,0,0,0,0,0,0,0,1,,,,,0,1,1,1,,,,,,,,,,,
1791505942,37upCgGAmtTvcKJzWy3X9FzLGxw5E4Acb18ZMcVcpump,ENLIVEN,78XXahkKRdY4o84DBXrUZWJ31Sx3jmFucUs8w7zTbo6z,pumpfun,1791223223,0.000004883,,4883.45,4883.45,0,0,66.64,137.82,0,0,0,0,0,4,0,7,,,-8.04,-11.47,0,0,0,1,,,,,,,,,,,
1791505944,6R8rP2v5p2RbYZS7TXKGE9EquJk2vn7KrorfPJNoCdm1,HODLUP,2gWCMoLi7H3gNoaXqDGRhw7BB5UJ4SW3ToLFEfW3afxU,meteora,1791224220,0.000003435,5474.28,3271,3271,0,0,79.42,194.94,0,0,0,0,0,1,1,5,,,-4.59,0.39,0,0,0,1,DYN2,,,,,,,,,,
1791505949,CMJw2xV22Fqunx2ToUTEEExNiNKc1wsZA77izFnspump,scrollit,7cTXQ5K1JYRY3zoYuretnU3XoQBZ6SkXGbuQWa3gdrg,pumpswap,1791223153,0.000002156,2181.43,2079,2079,0,0,0,5.82,0,0,0,0,0,0,1,2,,,,-6.96,0,2,1,1,,,,,,,,,,,
1791505941,2CycCyG3e4zXwxA5bL4rBeNfwWcPcVKVm6cxe3ampump,MIMI,AwyD93B1oTeVK7ABL5bf4eUSZ6yNaqkAwMjVBQPb4eGQ,pumpswap,1791413566,0.000002833,2879.28,2641,2641,18.45,18.45,198.57,57025.16,0,1,0,1,1,8,548,700,-2.02,-2.02,-9.38,-92.96,0,1,1,1,,,,,,,,,,,
1791505944,5vcVmZ2PHmU2TuGxdyZipsQXyLm9zJrJ71Jwozdhpump,DIFF,H8JZBJPhpCM8EDMKSCop4dLFyAnnfnfn5boxReFHewmM,pumpswap,1791412275,0.000002357,2407.64,2285,2285,0,0,0,13544.3,0,0,0,0,0,0,56,335,,,,-96.5,0,1,1,1,,,,,,,,,,,
1791505947,9rB2YdHWFFW95wG5gFXGdjyZ4zNHnyZDnDBREBV27sKu,MASHUP,rbdzZAyXrCpu86gqA3oDZeEoJ9BiosASk1uh6KaGwMo,pumpswap,1791413162,0.000004569,4328.23,4421,4421,22.23,24.65,3288.79,89720.22,0,1,0,3,23,48,789,910,5.81,-2.24,-42.18,-91.38,0,0,1,1,,,,,,,,,,,
1791505946,9LhsAaiiK5tnKrUFJ76ygNWaCA5YNYmzExwQf2C7pump,Bagbots,FU91XvanksznsJHKZsBd7Wps7qRK9FX1BPghn2S64NJm,pumpswap,1791412411,0.000002328,2442.54,2279,2279,0,0.01,0.01,106.39,0,0,0,1,0,1,2,15,,2.34,2.34,-13.24,0,1,1,1,,,,,,,,,,,
1791505952,GxCkBgU1LJMWg5GqJmoCTrU8MYeYkSVN2zYArRQvTyfJ,BLASTAR,4bm5S92haBEyXWVJE2updCxYGRMVjGKU1kUxGYMBTqQZ,pumpswap,1791413879,0.000002554,2557.46,2464,2464,0,75.22,129.58,10180.77,0,0,1,1,2,7,95,127,,-5.93,-7.87,-48.52,0,0,1,1,,,,,,,,,,,
1791505953,Uuv34iFW1S3S3X7K2A5B7fYaNNt1DjGE9kqrCUj8yum,YUMII,CxiPECitR2TFvWAhRropozNCeLHLqurkcyETgYS9M2TQ,meteoradbc,1791410564,0.000008586,,7622.77,7622.77,0,0,349.93,45950.59,0,0,0,0,0,6,100,234,,,-8.94,-95.6,0,1,1,1,,,,,,,,,,,
1791505944,6u4Fxbdn1UtQj1opXxAoZjzuHLuQ5Qhn2NVqriorGjdR,MASHUP,D97hHgCZLGqRHMhUmq28oz7822xYkVzd7A6m341PWqGj,meteora,1791413949,0.0000000004560,0.82,,,0,0,0,0.05,0,0,0,0,0,0,0,3,,,,-20.13,0,0,0,1,DYN2,,,,,,,,,,
1791505949,CU8kydDREEmJqU7gV3PiGi2uEd9heksx5q2H2XSiu2jL,BLASTAR,8U6mVTL3g7yGfncRRzAERVLj6T8z1DPPiwuSSCyTtp7p,meteora,1791413985,0.0000000006046,1.04,1,1,0,0,0,0.05,0,0,0,0,0,0,0,3,,,,-17,0,0,0,1,DYN2,,,,,,,,,,
1791505949,D2GbC5MyuR9H5RLg3JZJJygHg8AdnetjtfaFvv3zpump,404,Z8pYeboRdSpgVFrSZA1GDw6UUVCBXFrKtBv9zbWpyzj,pumpswap,1791412403,0.00001165,8517.51,11241,11241,0,456.24,7897,606403.43,0,0,12,15,141,181,6016,4997,,-7.71,-23.79,-89.52,0,1,1,1,,,,,,,,,,,
1791505951,GUZbPT4HwaaYtDF1rT43ELh8rnwkrVyHkRF6MAHJBAGS,FLY,AHAZqNGgHXcwPTmjAGKuZ6mAUZYMrDK8gmUAWzErrbka,bags,1791421027,0.00003497,,34974.84,34974.84,0,0,0,1.25,0,0,0,0,0,0,1,0,,,,,0,0,0,1,,,,,,,,,,,
1791505952,Goh59QCfoX53RgJa615vzXx4swR3mv51VgvAN6ZCpump,GOIF,D2pVedgHQkD2kWnrSFyZX19Tg9X2KJrEiAauMKRchGuz,pumpswap,1791421067,0.2614,1416579.37,261418299,261418299,2332.81,33678.84,202030.63,1380570.54,152,8,2080,115,12689,690,50494,2734,0.27,0.66,14.48,540342,0,0,0,1,,,,,,,,,,,
1791505949,DA4faw6FNZ7yfVPdTbBkujBnSvAbjGc6XB99HqTckZHM,ECSTASY,7P2BVwzg9b8Fx5bdJjXYp5AS5DJtcwUWycEwy62QiEoP,meteoradbc,1791420977,0.00005805,,58050.63,58050.63,0,0,0,6073.65,0,0,0,0,0,0,229,204,,,,35.42,0,0,0,1,,,,,,,,,,,
1791505948,B6y4vkxQ3Lr4rwqev5HwAgDg8V3renpFeSnhFpjrHA12,GOBLIN,8bMTSedGainxC7ejHjKwDvjaz2cV7VNUj8m9Dwwn7P7g,meteoradbc,1791421075,0.00005797,,57972.92,57972.92,0,0,0,4231.62,0,0,0,0,0,0,134,142,,,,35.18,0,0,0,1,,,,,,,,,,,
1791505952,GnWgPGSYB7CEwZXqLiFgV6XbC1ALSwA9TkNScPqJ8RhY,GOBLIN,4ZQvdQezrPFUsyeqgSNFs1phpKkpQbJEcJ5WZwNYsxo8,meteoradbc,1791421041,0.00005532,,55323.18,55323.18,0,0,0,1285.61,0,0,0,0,0,0,11,7,,,,29,0,0,0,1,,,,,,,,,,,
1791505949,CYEWxYZB17duyBGPTLK754uvNMxrLES3Xk2ZyPZVpump,Meta,29p64XXJhFpxXhcMZ9SDJDx9FiWH1vYDs5fBrU9XCBxb,pumpswap,1791419610,0.000002075,2107.14,2065,2065,0,0,0,161019.73,0,0,0,0,0,0,22074,23224,,,,-95.71,0,0,0,1,,,,,,,,,,,
1791505945,8QUkArv4U8Upf8GmRnhJA79DXK2XZxKuTwpcGv4opump,NVIDIA,9X1Tkd5dSY4GtV6ftk9dwKN2YZL9GkmpZUyo9GuZNJxV,pumpswap,1791420243,0.000002074,2108.94,2064,2064,0,0,0,185043.17,0,0,0,0,0,0,24311,25423,,,,-95.71,0,0,0,1,,,,,,,,,,,
1791505944,6YLtFQaMzWt9aykgUYV7Uk5p7nF7yDTHHAEEWbA8pump,GTA6 Coin,CzJfDdeiF5cB1igJuNLW4PBEAnn1vocUjddPWNKwbNw6,pumpswap,1791419333,0.000001975,2002.9,1967,1967,0,0,7.51,135815.81,0,0,0,0,0,1,15096,16592,,,-5,-99.59,0,0,0,1,,,,,,,,,,,
1791505947,AbKqGUJt7FeKYJ8cZVkBbhV6M2Ta4oZ54TtiKJitc2xS,CNN,8mmejGbQgeNxyXDrbQAx595tq2joRHkex5Y7BxW42rkr,pumpswap,1791420213,0.000001970,1994.53,1960,1960,0,0,1.87,167360.77,0,0,0,0,1,0,23753,19721,,,-5.05,-95.92,0,0,0,1,,,,,,,,,,,
1791505953,cAmKKsJJffbcN5Ryku3D1XoaZvBVsujG2E62Gbapump,FOMO,9seiCxkoMU4RYMRCejNcyf81Jv67DS1xcBSjwXc29pun,pumpswap,1791420993,0.000002052,2063.11,2053,2053,0,0,0,63788.41,0,0,0,0,0,0,4177,5754,,,,-95.76,0,0,0,1,,,,,,,,,,,
1791505949,E9wcYd5rJcM4ZQM8gXK5oWZ1AoPpmj5PVPa1S2iB6zEN,BUNKER,FoRmtGBfqe7DndxTXjezc6paUEwG4V61wF6z4nSkDwJw,meteoradbc,1791428187,0.00004047,,40473.98,40473.98,0,0,0,38649.52,0,0,0,0,0,0,193,100,,,,1026,0,1,1,1,,,,,,,,,,,
1791505951,FtQLXvPbWo8Gs2XsHkRZd1ihgjgRaojZ2HwARL2gpump,DIAMONDANT,6B4sAoGvU3Nu6vYBhfyUz46WxoVAjkwyJAxUquaB84kD,pumpswap,1791426049,0.000002056,2199.49,2039,2039,0,0,0,855683.29,0,0,0,0,0,0,8679,7437,,,,-97.06,0,1,1,1,,,,,,,,,,,
1791505945,7K52aYQW9rWGjwZmQ7o2d1P6E7bji6hSMsqaLy5EcxLh,PQC,6qUUCwD9fyRafora8XVmdApQBxCkbUiZTMkcYD47rWsS,pumpswap,1791427444,0.0004334,66595.38,417920,417920,3441.31,60281.64,433830.2,3999440.85,35,41,420,465,3843,3877,32166,25954,0.95,19.3,10.51,819,0,1,1,1,,,,,,,,,,,
1791505946,8zY9N1nwS8p2UvmtV65euwpMuDGgwGfyvmHJeGW2pump,andre,GgjK5hgZExN9cnVESd6m7a5AXSeVWoaTxxzpBLGJsn8f,pumpswap,1791430261,0.000002850,2848.81,2696,2696,18.37,47.28,131.88,420132.86,0,1,0,2,0,12,5036,5234,-2.34,-6.41,-8.74,-93.75,0,1,1,1,,,,,,,,,,,
1791505941,2LMiWGyNjGKyUkH2oFYmMxzwLzUY84dHZf6DUUZFpump,FEEBIE,GZwUWL7SyUXV8z8HNbJW3EPLQ8gGD2A4mYhja1NzMwAd,pumpswap,1791426982,0.00003362,14247.56,32594,32594,0,331.95,4363.72,91019.59,0,0,7,6,134,63,1092,824,,-5.9,10.38,-29.87,30,1,2,1,,,,,,,,,,,
1791505944,5khpyvd1nMeoxHYFutpBjNRJVQTdexXgWXSEsPrqQSLC,WOJO,4XKBFBxw6VjT7VpjRzW7JHR7ALpzWE3k5xPgLCGG3UWE,meteoradbc,1791428348,0.00003373,,33732.65,33732.65,0,0,0,13311.19,0,0,0,0,0,0,366,446,,,,76.12,0,0,0,1,,,,,,,,,,,
1791505944,5HEjn9GX92mwCzpS9an9anfS6rsEGLB9iemqabcPdHkc,BORDR,BsyJqeRMNgHwZLThQpDhjK9X434NmCywSqCLGnxsNVbN,meteoradbc,1791428252,0.00004550,,45507.39,45507.39,0,0,0,17667.03,0,0,0,0,0,0,438,523,,,,217,0,0,0,1,,,,,,,,,,,
1791505948,BL5J9aDGkVNzzEaULxXEzMwxhr8NHwx2CWwQkidtfrgU,BUNKER,8H2GDLWpgtrsicJpX3t32nip6K5GhbsbTpLJXDzPKUfS,meteoradbc,1791428278,0.00004464,,44641.58,44641.58,0,0,0,3622.11,0,0,0,0,0,0,120,132,,,,188,0,0,0,1,,,,,,,,,,,
1791505946,9TfUq9J2x9u5DSjEizEMvDdFZEdPbT4uMgQDZg5vYsmj,ECSTASY,9KKKeVUdS57M91pifaAwPNUJkqR9NA89FAQooPJncaZj,meteoradbc,1791428403,0.00005722,,57224.7,57224.7,0,0,0,4526.5,0,0,0,0,0,0,118,123,,,,33.41,0,0,0,1,,,,,,,,,,,
1791505942,3pfA3BHroh5Vk8jsvruJvua3zGuYnuwCiHjaPXacpump,WOJO,2UDRM73TqPsNH2NJmU15VpVRxUVT5Bz31sgv99NNHatb,pumpfun,1791427331,0.00004787,,47875.76,47875.76,0,0,0,9904.82,0,0,0,0,0,0,6,0,,,,437,0,0,0,1,,,,,,,,,,,
1791505944,5bXMbmL5M1TfbXxdCSrGHrhx9iBScL6tLwZD3Qz7pump,Neet,HQZkVkyKpFFUwhyFjKCjgxm3ZKog4dU8xzm7fWoN3keJ,pumpswap,1791427920,0.000002057,2085.64,2049,2049,0,0,0,146645.68,0,0,0,0,0,0,13847,15516,,,,-95.75,0,0,0,1,,,,,,,,,,,
1791505945,8aefD3aZks8gvNcamdrKENdufQM4R6NHKPdssgDApump,OpenAI,H2NmMfWhnX26fRcPTCtf1YQzpcpxhL7VNL8ySVKBN6Wc,pumpswap,1791425334,0.000001972,2005.95,1964,1964,0,0,7.45,193964.45,0,0,0,0,2,1,27399,25054,,,-4.95,-95.92,0,0,0,1,,,,,,,,,,,
1791505943,3xrw3JKyaSYjzksYc8nrZE1kReQAxoHT3epi3P1mpZVf,CAPYBARA,8AbJfad9XwX9iaDNpKweADPfMj2aztrdnWQS37Fcboob,pumpswap,1791433084,0.0001758,41422.4,173663,173663,429.01,10206.61,134558.94,4464371.84,9,1,116,104,1203,1020,34371,28494,3.69,-3.57,-34.92,248,0,1,1,1,,,,,,,,,,,
1791505948,BL5VzSWV8LuaXMRCXDhsNjJg8uMCCf8H64F3SsDzpump,PINKBOW,CP2hhKxU7h79b5itBgLNWtF5YgW1LVJGBLBBSif2Zqwo,pumpswap,1791429888,0.00002906,17188.88,27748,27748,0,71.45,4408.18,121638.74,0,0,2,1,34,19,1291,851,,-2.84,-33.25,-27.66,0,0,1,1,,,,,,,,,,,
1791505950,EUtF5DmaVLuc3PQj1ZPcWFXLgiNtkmUNUWp45m7SRPL9,BORDR,GgKwysM1BKmU69bayjWKqJ7D258iUJNJrY3EvBEUwzNh,meteoradbc,1791433678,0.00004554,,45543.46,45543.46,0,0,0,11535.96,0,0,0,0,0,0,298,383,,,,221,0,0,0,1,,,,,,,,,,,
1791505953,qEThKVGBhiEYQBE8wjpwcaYy9KSsSYr3YehFzoKRg66,swordcat,3YvBHcCQNtuWmyJjQkMRRcED7FeciFyZYsZvMasa2QLu,meteoradbc,1791433788,0.0001128,,112867.63,112867.63,0,0,0,13829.65,0,0,0,0,0,0,410,461,,,,324,0,0,0,1,,,,,,,,,,,
1791505949,Dka17EGEfaSqbn4vMaWZmF8cPLNsv3wh3yVrXZ1tks83,PAYBACK,4WEJQWosCFmCFLYdGLgnoNWYBEjpyTq66bSTqjq1K4M1,meteoradbc,1791433597,0.00003619,,36195.01,36195.01,0,0,0,6808.6,0,0,0,0,0,0,155,199,,,,146,0,0,0,1,,,,,,,,,,,
1791505951,GQ1TEY5hUBFBccA23rkxF589BCPGYANZGmNx69Ycpump,FOMO,HfLBHH5QKwRLZ59sqP8QQJs9Nmhtj8qMJemRN998fDEc,pumpswap,1791432012,0.000002054,2088.63,2046,2046,0,0,0,212407.3,0,0,0,0,0,0,28910,30350,,,,-95.73,0,0,0,1,,,,,,,,,,,
1791505944,6JsFmKxaextCuhCy9CchjAJUW9CTHFiAb7xFCAXkpump,LEGO,6PNTTukNFW7RRVfiy42BhvtZacAz7g1fVrcAEtQhDB9J,pumpswap,1791433460,0.000002060,2081.01,2051,2051,0,0,0,103455.12,0,0,0,0,0,0,10745,9843,,,,-95.7,0,0,0,1,,,,,,,,,,,
1791505950,EqDFeEopb7F7QfzcB4w5mtAr8jsgCgPLfFfvVfqEpump,USDUC,EsJqNUuBn8BQ367WjX7cRnz4L9vkqnr1gPxWkTMQbHGR,pumpswap,1791431459,0.000002100,2129.38,2091,2091,0,0,325.04,185790.99,0,0,0,0,1,1,19555,20761,,,2.36,-95.64,0,0,0,1,,,,,,,,,,,
1791505943,4nGQFx9kpzYatXHdpEaZGjNujnZ5e6LxKiTuHuy9pump,Google,F4X1nU68McnZe81xwWHGtg8S72rxYwnnU5awg6b2ms5x,pumpswap,1791433404,0.000001990,2011.08,1982,1982,0,0,0,104869.27,0,0,0,0,0,0,9271,10886,,,,-95.84,0,0,0,1,,,,,,,,,,,
1791505944,5Mn3VAdUW34xWJqoEXCqzXRkDYoxZvvgo4CjFgV9Xiof,SHARKCAT,2nrLK9knhKJUh1mRAZh2sBnj3Zy4waH9PgP4mktQcvM1,pumpswap,1791431785,0.000004617,4060.85,4414,4414,0,126.74,1510.89,157025.41,0,0,3,10,27,51,2109,1752,,-6.94,-30.22,-90.16,0,0,0,1,,,,,,,,,,,
1791505942,2hP1kwKtPyTW1uBs1u3Aoxu83c8ucKwe7rRGqS2epump,FIX,AUrjhNmdXwqHyEXVhrDLNxeWusnFv7nPaeerk4cpAKfx,pumpswap,1791440023,0.000002529,2619.82,2456,2456,146.58,171.92,948.46,212052.07,0,1,0,3,5,26,1704,1636,-7.37,-10.34,-38.58,-94.23,0,1,1,1,,,,,,,,,,,
1791505953,cnNgFYRS26pKHstKvfzQXEDQuvuMfUNzTB2AMZypump,Playground ,7XP4BadsRvFCbd9T4zZkeya3ccnfoKimWEoBrrHW8arG,pumpswap,1791440609,0.00001872,10366.99,18049,18049,0,2651.71,10613.05,157215.77,0,0,25,20,94,82,1207,927,,117,-9.59,-59.55,0,1,1,1,,,,,,,,,,,
1791505944,6x36m5J2VxRPpWBV3MEZq15oe5Tq8ahR7qSCdA7pump,iCoin,7oHDsL98Qr5EUomAhUBiCiUn8dYYRdsmsM8dPEeSvvsW,pumpswap,1791441499,0.000004068,4030.1,3866,3866,0,166.46,689.86,1054574.94,0,0,2,11,23,67,14313,10999,,-10.68,-24.45,-91.22,0,1,1,1,,,,,,,,,,,
1791505942,3YF6eEjzDgDPqPEwM2Mx2GdznfVJzL224bYA8JA6xf9N,Frank,4qX84Rx3zjrNCjUkujuCY2GomppsimnJHnj19txwPEJz,meteoradbc,1791442718,0.00005689,,56893.42,56893.42,0,0,0,5376.78,0,0,0,0,0,0,166,170,,,,33.9,0,0,0,1,,,,,,,,,,,
1791505945,87DxXCMWWwQY1iBFkCdXg1CHfPKfFcitM5XdnkY3kx8p,swordcat,8Etn52mxgowVLhX17iHE5Sy3MbVjp5wxnwF8RL5PF2B3,meteoradbc,1791442675,0.0001117,,111758.37,111758.37,0,0,0,11083.73,0,0,0,0,0,0,322,378,,,,321,0,0,0,1,,,,,,,,,,,
1791505953,jc3HrQUXgvkwjfG8mVzvGmb5k7s2QTdTGXquQwGpump,ESWIN,BLrRWwzYRzLcoJoqkKTzsmVQM7oZzQ4rgxt9EFZCDpBN,pumpswap,1791442776,0.002760,143933.91,2758525,2758525,521.71,7537.97,46729.41,194151.44,12,7,166,107,1004,663,2878,1921,1.18,-0.46,6.36,5663,0,0,0,1,,,,,,,,,,,
1791505953,kdMmvcYfjXkGUQC5Vux8D1oFggjcbySWkR6unFVpump,Instagram,AXAkeWznJS37Xf5yAr9rBa7zhAbkqnWf56vVLypZnMZy,pumpswap,1791442563,0.000002051,2064.85,2052,2052,0,0,0,58513.27,0,0,0,0,0,0,7829,8667,,,,-95.72,0,0,0,1,,,,,,,,,,,
1791505951,FpbYnUAah4fHRCqsXcdTcSPyzwgq2QotgRxKEErRpump,Joker,2mNqrnT2vkwLjh4CvDmdgjf88EnmE76xUCbrgWr6ZqXA,pumpswap,1791440623,0.000002071,2092.56,2062,2062,0,0,0,171823.07,0,0,0,0,0,0,19844,20266,,,,-95.68,0,0,0,1,,,,,,,,,,,
1791505950,FPNLooNQ51kjE3Y2KTnhxzTFtdBzwacNAcwAPht2pump,NVIDIA,6ZySWD5UDBNoPHJD4uWbAHzPrZSDVmVqL5rDyvCsdiBE,pumpswap,1791441974,0.000002052,2084.67,2043,2043,0,0,0,191492.21,0,0,0,0,0,0,25723,27021,,,,-95.7,0,0,0,1,,,,,,,,,,,
1791505949,CmMywBZ2xiXxDFMLPSApaKaebHPng1jK8crEBuifpump,Apple,5SR2Z6aqV9MN22Lw9zpVvPD1vcjDmFckSTgaD7dpE5wx,pumpswap,1791441251,0.000001978,2009.57,1970,1970,0,0,0,181190.25,0,0,0,0,0,0,19418,20515,,,,-95.85,0,0,0,1,,,,,,,,,,,
1791505942,3ZocJPycA12Q5Ym4X24EVTn1Hp7dZCF1nJhbWDyYpump,poopcat,9yaRTLaYLUiX3jX5nG6YEEpWkBn13TMkvPptPXkgbfyW,pumpfun,1791447612,0.00004727,,47279.98,47279.98,0,0,0,9781.56,0,0,0,0,0,0,6,0,,,,1360,0,1,1,1,,,,,,,,,,,
1791505950,Ebugdjc8mh84WakL8n4cd1nnuAW2R2beeTiZoBK5pump,wrld,DXodBovSRkXs1Up1S4pK5UktkqmQr23GxHfGPNAobfVf,pumpswap,1791447243,0.000003630,3611.52,3483,3483,0,282.94,584.75,782432.44,0,0,2,4,7,38,10127,8028,,-6.14,-18.39,-92.31,0,1,1,1,,,,,,,,,,,
1791505948,BEkw54ZMNfiQoS4PSxs1Bwrzjeu3bCrWtDGUNzKoojbN,Bilbo,EKejCoLC4Fx6rsVez9nxVYRA4hJUCRE8KqqPuSGfbMVY,pumpswap,1791447021,0.000007562,5794.97,7164,7164,0,33.03,8318.63,390683.97,0,0,2,5,132,176,5570,4506,,-1.41,-28.85,-83.5,0,0,2,1,,,,,,,,,,,
1791505943,5BofK8SjNmkrHYvswYixFmygKfU3SmKEabo14wdRpump,RetardPad,3PbPuNJKJsUriVdxAKAYMTPYfjvcDrrVNnrM4nBiANbQ,pumpswap,1791448839,0.000007016,5421.08,6682,6682,0,0,14.16,68116.01,0,0,0,0,1,3,686,569,,,-0.06,-83.51,0,0,0,1,,,,,,,,,,,
1791505951,G1DUhhk2g8kTh7VuMZV8zS1fjtX2MuRo7bAf6xhzUwk4,Miso,BpdD3enxTgVrpMwXM4cetjCi5qdAYST39eSpMFLmaxux,meteoradbc,1791448111,0.0001234,,123440.6,123440.6,0,0,0,10343.46,0,0,0,0,0,0,271,301,,,,1031,0,0,0,1,,,,,,,,,,,
1791505953,tCyk1uskiqRhXsLyqwunRj4FSRWLBcypAbAUrrQ4vg5,DARK,CxujskmwpikcrnQPQrf7L1MC7kiAR5b8JuJD7GFwE99j,meteoradbc,1791448210,0.00005677,,56777.45,56777.45,0,0,0,22171.11,0,0,0,0,0,0,786,824,,,,33.79,0,0,0,1,,,,,,,,,,,
1791505950,EWgN69HeDh7KNmEqS9qwebcS73vMhTRFFS1Xgw8cXDK5,OKKB,AXarGK4UmGcKzB5B5QVjjGWdJh8pXjc5Ks4caxfhuhP5,raydium,1791448218,80.00033,41533256.08,800003365,800003365,0,0,0,475.92,0,0,0,0,0,0,1,0,,,,,0,0,0,1,CLMM,,,,,,,,,,
1791505945,7X1YoTSXdbXac37HJwna15xWUc2nD5PbimGb4GDs8vTG,FOMO,F5eYLti5nvUiTxd9ZAPRhhpancuS4xovKCLqZcY8hvTt,meteoradbc,1791448104,0.00004512,,45122.35,45122.35,0,0,0,5185.68,0,0,0,0,0,0,167,194,,,,195,0,0,0,1,,,,,,,,,,,
1791505953,TvgiS8PLUoLPbwogVCavQGwJQpdHQ73zqVqWUyQpump,Gemini,C6sAUufzMz6NxL4ejKMvNRWqEXJ6VnbmTP63bhTsQA6g,pumpswap,1791448232,0.000002020,2040.15,2010,2010,0,0,0,86821.1,0,0,0,0,0,0,7921,8258,,,,-95.77,0,0,0,1,,,,,,,,,,,
1791505952,GxWLyATWCpJ1hLuytfyhSLhEUpieJs2xYDB65nAjXXAH,eoc,3z3gmsfYnakjrHKyJ5KoJ14mFePeSpkWv3eTn5mwek1L,meteoradbc,1791448137,0.00003261,,32612.4,32612.4,0,0,0,7026.09,0,0,0,0,0,0,182,229,,,,79.65,0,0,0,1,,,,,,,,,,,
1791505952,HdyYZBDNM3WXLZX9c8YVf52tRYtPCnTkMHStki5cRgKt,wrld,HAf6FG8u91BL9USYGaEEmUpKaab7kjhfy8DjUqLiwW3,meteoradbc,1791448229,0.00005583,,55836.11,55836.11,0,0,0,1263.13,0,0,0,0,0,0,20,0,,,,27.83,0,0,0,1,,,,,,,,,,,
1791505952,Hcn8c2sSBaLCYMug2zA4pVudzhcFK1VGAhbbRWiZpump,Google,12wEKJqmRQpaXF6FmPRrYe5RgakhLgWV7axjHuy1jxC8,pumpswap,1791448185,0.000002016,2030.51,2007,2007,0,0,0,63065.81,0,0,0,0,0,0,2498,4370,,,,-95.78,0,0,0,1,,,,,,,,,,,
1791505949,DMQCX9jYaLiMNKM2aueQfc8nsLK1s2ypasUmLwmpbuCm,薄肌理论,HdyKxNGhjTJwiAov9fE3gEReC7kfyNt4KrLiBhCNJsmb,meteoradbc,1791448078,0.00004421,,44215.93,44215.93,0,0,0,8541.98,0,0,0,0,0,0,323,316,,,,212,0,0,0,1,,,,,,,,,,,
1791505953,X579YNJ2Ss8i6JCXXh36EUVitFxjXzqi9kTaemTpump,Anthropic,A2NTujY79FUa4XrsxoD3fpDrDnDet2dCPjHogpsCYomH,pumpswap,1791447560,0.000002036,2053.57,2026,2026,0,0,0,91356.03,0,0,0,0,0,0,22117,19915,,,,-95.73,0,0,0,1,,,,,,,,,,,
1791505944,6VuxbSM5s1rfpcPfbgjNThkJLhtddFMM1WVy6Hgvpump,Tesla,9GiDjw6H3rzUqEnwnow3umaXXjfPTJ31GpxG3LkYpwGS,pumpswap,1791447718,0.000001926,1959.85,1918,1918,0,0,0.02,209979.17,0,0,0,0,0,1,29463,21305,,,-5.53,-95.97,0,0,0,1,,,,,,,,,,,
1791505950,EtYe7uDKZkbPFJtybCZZEDthn44MQsACkj5pM8uRpump,FOMO,EqJEk1zNb7b8n5EoWju34PCw1YCHh2kxiKJR7gY4zAEs,pumpswap,1791446893,0.000002002,2032.51,1994,1994,0,0,0,173494.07,0,0,0,0,0,0,18130,19353,,,,-95.8,0,0,0,1,,,,,,,,,,,
1791505946,8geiCBXLZAryr3HFYAo4FJKJyUE1Hd4TQPUCChkfpump,SOLCAT,DNpAfAZF6TBwR7Tm22oDNTvBqnYRcdBF259BGbLMiVPf,pumpswap,1791447988,0.000002059,2092.97,2049,2049,0,0,0,156136,0,0,0,0,0,0,20459,22132,,,,-95.69,0,0,0,1,,,,,,,,,,,
1791505948,BEBoHzgNKzekSd2rgeeFSqKo5k3FWqALFcxeqAEdpump,Buller,Hd2VBeuwDPnKNPuS595hfKXfRrYXh1AxDuDvE63UMo4L,pumpswap,1791450056,0.000002228,2257.44,1900,1900,0,0,0,79141.05,0,0,0,0,0,0,394,468,,,,-95.34,0,0,0,1,,,,,,,,,,,
1791505948,C7jq1GJdiNQg91sRkYZYZ1VPg6FmBdAaVLB85WRHPoGd,Drone,AugYhD3yHeZoCDhE6psVrYzXMzcnG7HNgJarkoMQVNry,meteoradbc,1791449880,0.00004557,,45579.36,45579.36,0,0,0,3536.05,0,0,0,0,0,0,187,175,,,,198,0,0,0,1,,,,,,,,,,,
1791505951,G4SCUbf6JhqFVajJWjhN5KgtxJw5UwdrTsSAReiCVTQk,wrld,5FqakZ8NvdpKYTvz3u6AEafmrs3NY1iLocXFWFzbAmXK,meteoradbc,1791449917,0.00004567,,45671.71,45671.71,0,0,0,7485.45,0,0,0,0,0,0,199,229,,,,223,0,0,0,1,,,,,,,,,,,
1791505946,8wxutBCxfvKc5UgVPNjXJhNWsn9AoQBgX6fsKHmv1pFp,HEROBRINE,BnojnFjauTraPbpnEMFnBpNQnc8qe2iN9ahobDzV4a5V,meteoradbc,1791450045,0.00003311,,33116.43,33116.43,0,0,0,9581.59,0,0,0,0,0,0,248,294,,,,82.63,0,0,0,1,,,,,,,,,,,
1791505945,7QAZqxVhXvfujm7W6rHQRGKLwkv2PnEDtTzZX1RBT7g6,SpaceX AI,3YHjHGRTR9ED5C4YSSUiaTEaRJWWVggG3pQbEQNFU8BY,pumpswap,1791449272,0.000002112,2133.54,2103,2103,0,0,0,109501.86,0,0,0,0,0,0,8695,6000,,,,-95.57,0,0,0,1,,,,,,,,,,,
1791505947,ARkw7rhhxwAZXi1os5EyohTwCvy1rc25BjpCWVEtA5rq,Pigeon,EdF8Caa9QbD9obQnLkdeEKHhu94uSMGcKZgRsZM7yfaa,meteoradbc,1791449461,0.00004485,,44852.89,44852.89,0,0,0,16440.49,0,0,0,0,0,0,344,444,,,,105,0,0,0,1,,,,,,,,,,,
1791505951,G3EBGLKHwK3bLT3bpvknSzeRrUfnWMcFNdH421uRpump,Grok,B1idKCVe9yiDNdKGcKZHn1d5ra2gVwqjxhyCQs3DpsFA,pumpswap,1791449239,0.000002066,2082.99,2066,2066,0,0,0,78637.61,0,0,0,0,0,0,4831,6673,,,,-95.67,0,0,0,1,,,,,,,,,,,
1791505952,HNHbG4WQw2BmW53Ju2HRj2s6bz23YG9NAp77cgkjpump,[cat],6rPnaibzx23zcfFbMX2sS95CPTQgiHEsjqcnN5Box31N,pumpswap,1791456507,0.000002609,2880.09,2539,2539,0,5.17,18.57,1933306.02,0,0,1,3,1,11,11520,6883,,-0.52,1.46,-94.51,0,0,1,1,,,,,,,,,,,
1791505952,GmnLi2De5s2z4Gamd3kr66SpdizGmNhFWGvnMkr8JVX5,attention,HWkxx11rbxUzffdBUBztJMh4sZfUeQXmkwGJb1LvUHKw,meteoradbc,1791457042,0.00003287,,32875.3,32875.3,0,0,0,6806.87,0,0,0,0,0,0,180,215,,,,82.1,0,0,0,1,,,,,,,,,,,
1791505949,D1kBSV5FKSMJogBTtJ8BWiifThfc7MxaNQvr5w4rpump,KING,BnQrqDZt2RNi9FbfQE2KXJJnYNpnYiHxCpEKYgd8nyk2,pumpswap,1791457081,0.000002236,2250.79,2236,2236,0,0,0,12317.59,0,0,0,0,0,0,41,33,,,,-95.25,0,0,0,1,,,,,,,,,,,
1791505942,2piuYDfdAGK4JvE48Hz4XPnNBpKSvy7Mv5P5DUH7BAGS,NVIDIA,6zAbpDvdpHasgwq86iwiC4JFXkNtidLg7b8Mxe9DE6r2,bags,1791457044,0.00003435,,34350.29,34350.29,0,0,0,1.23,0,0,0,0,0,0,1,0,,,,,0,0,0,1,,,,,,,,,,,
1791505953,J6ADETcyJ1hd851DZ1RQWTzmGCbwZB8thQv2yXezpump,NVIDIA,6cKFgJTVHjzKDWkqZGe37WWp6XhqGQbd7UiAC5xVD1hq,pumpswap,1791456630,0.000002021,2043.71,2021,2021,0,0,0,108546.03,0,0,0,0,0,0,10602,9267,,,,-95.74,0,0,0,1,,,,,,,,,,,
1791505949,Ca5VuKu5NyyFkixnewTnokmzXpmNuG8Mk5odwHJypRNq,4206066,DTkPR6dKZz2ZNgjBXLCaU7YSvnv1cbTAZnMbEXgnV3Ri,pumpswap,1791461881,0.00007458,25651.29,72887,72887,2321.75,21682.61,167806.21,3685150.87,52,35,254,231,1865,1761,31612,25851,3.07,-44.16,-38.23,60.4,0,1,1,1,,,,,,,,,,,
1791505944,63vCoVhdkjDvcAxcuDA4p8xgLN5ws8yHk4kDrqdQPBet,Stonked,6xMZ83tUFrjbDH8D5DVcZ2Yu5wTiH2Uq4RW9PD4wGxBb,raydium,1791462109,0.000003553,5411.35,3554,3554,0,23.08,576.64,301929,0,0,2,5,13,37,4111,3140,,-2.27,-14.66,-92.23,0,1,1,1,CPMM,,,,,,,,,,
1791505944,5zmavc3k69CCvkzMjcSrbuM9Tcv1tm8NumeoVbytPEAx,SKY,EyKDAQGKo58CpAyPukCdtHq9psENqa14J9EEy5T3DgJ3,pumpswap,1791460254,0.000008857,6394.53,8580,8580,0,136.24,6086.84,149302.2,0,0,1,6,79,120,2061,1722,,-6.73,-61.73,-81.07,0,1,1,1,,,,,,,,,,,
1791505947,A4GY2kU8D8psWFYa2B3FmFCanHkEijTBh2MJm2iAAUMK,CRTN,6D4KDNVoCcgeetPNZyGC4eg733U7Hrba3Eq535WUqX1m,meteoradbc,1791462477,0.00005560,,55605.05,55605.05,0,0,0,10415.61,0,0,0,0,0,0,277,284,,,,33.8,0,0,0,1,,,,,,,,,,,
1791505947,ASHNT4XFjM1mAzfL73pBm7raFnxibUp4AyKzU6wDdPZS,4206066,DDbzpN49jkVFScWk6vbcrv7knv8FZQrrj3eqoB1cXnaj,meteoradbc,1791462494,0.00004445,,44456.03,44456.03,0,0,0,3488.1,0,0,0,0,0,0,100,106,,,,220,0,0,0,1,,,,,,,,,,,
1791505952,HZ3HwX2R53ZnCoqDUDx3kTa2Rq3JsAaTMrVEuCE2FfMR,‮EIFFAR,Cf1XC5W9qEvy2KdBYLaCGm1qyLx1Dowf3FzVceixCstP,meteoradbc,1791462580,0.0001687,,168796.25,168796.25,0,0,0,1859.23,0,0,0,0,0,0,153,23,,,,17.28,0,0,0,1,,,,,,,,,,,
1791505948,B5b1nCDthNShPWPJ3cxegNDAM66DPeDrPptYbH4Ux54,Stonked,EGeKvtbq2DWBtixsugqtW5JnsBeeLsN7TQNmfBSe26z5,fluxbeam,1791462554,0.001407,1392723.48,1407025,1407025,0,0,0,9985.01,0,0,0,0,0,0,300,0,,,,894,0,0,0,1,,,,,,,,,,,
1791505949,E3172BeGwdGtHYzaY3SD3H16aKcS5qVResrm58wipump,Gemini,GpUq5tQYn9FsEY26Njd8fJPfCz8f82bkE8jc69NCFypn,pumpswap,1791462563,0.000001993,2008.41,1994,1994,0,0,0,64915.99,0,0,0,0,0,0,2927,4685,,,,-95.76,0,0,0,1,,,,,,,,,,,
1791505952,GvDWZzWTSoRiGhKaU3MpwLepJcpCmCMemdLwphyZpump,Odyssey,EKYg4NwmNeGbsSae8dTTFQr7bL6r6JFh9bpWoFkiWB9f,pumpswap,1791462129,0.000001994,2008.37,1994,1994,0,0,0,62914.7,0,0,0,0,0,0,5239,6874,,,,-95.75,0,0,0,1,,,,,,,,,,,
1791505947,9wKaPbDkHGgYPUhjBnCv6r8eFTRCPE4mYsD8Mvxapump,STREAM,6hUkvpgCzzy5pdgEPzAbMTqDTGFLt3BrXzo8kCEDTost,pumpswap,1791471466,0.000006979,5428.68,6315,6315,37.27,417.58,5195.07,114912.6,0,1,5,6,49,87,1391,1179,-1.19,-2.89,-63.37,-84.6,0,1,1,1,,1791506036,0,2,4,7,39,72,607,647,100.0
1791505948,B69roG87zGfG9T2EWHMGieRLWiUgsDyTV2ZZ9FzDNFPu,Mario64,EY52HMdafn9pfDukm4oRQVcqJPeeziUJxihBXTwpaEb,meteoradbc,1791469683,0.00005038,,50382.46,50382.46,0,0,0,6997.8,0,0,0,0,0,0,232,253,,,,7.26,0,0,0,1,,1791506036,0,0,0,0,0,0,140,137,
1791505941,29HtMdJ1LAZqvX9Vx9Yn1kTcxQjGvWGFQHi48baVa3AD,Mario64,36T2Qjki5m1d77VMw9jEihiesoQPRc7yoS1aaLbnwpH5,meteoradbc,1791469697,0.00005060,,50600.88,50600.88,0,0,0,4703.39,0,0,0,0,0,0,280,240,,,,6.17,0,0,0,1,,1791506036,0,0,0,0,0,0,156,159,
1791505948,BhxdeorngV1tc41yNFB3qQBna7bLq1pHdhbEcgc6mFov,401si(k),AfCferWmF9zgQp4XXLfeEAYAqPzUZvMFQrpG4mBGquh8,meteoradbc,1791469697,0.00004484,,44843.01,44843.01,0,0,0,2523.09,0,0,0,0,0,0,77,65,,,,161,0,0,0,1,,,,,,,,,,,
1791505945,8d2q48EYNk5L48nCCm2mcaPHGtSEGZ187EbAtFRkpump,NVIDIA,HyZcY6yrCF8WaSgcNLzWkB1W6wEMKnaCm4H1RMK8TeSD,pumpswap,1791469234,0.000002005,2019.15,1993,1993,0,0,0,93867.96,0,0,0,0,0,0,12841,12422,,,,-95.71,0,0,0,1,,,,,,,,,,,
1791505952,H91tJE3uEcM141RaosHYUR5qjkaPrVK1yYJ4GEVpump,CocaCola,C6JTpyRgNUDBMg7yR5THcyuwteLXcnDNgvZoWRS21coi,pumpswap,1791469593,0.000001998,2018.56,1998,1998,0,0,0,86997.03,0,0,0,0,0,0,9716,10056,,,,-95.72,0,0,0,1,,,,,,,,,,,
1791505945,7tEmdgutpi5a41Nd7xGDPwa8yr1uoN3SkGe1Z1kypump,LEGO,FYiGk3Rw2GECzavACyaGq7iHrqJ6aRctfv9L7864h3mZ,pumpswap,1791469253,0.000001960,1988.22,1949,1949,0,0,0,157210.83,0,0,0,0,0,0,19425,20662,,,,-95.81,0,0,0,1,,,,,,,,,,,
1791505948,B1QJsJA46oKqP9ayeALzHDbwnnZeyeKCWLumGSm8pump,ChatGPT,GHVQuuDFhiLn3zZ8wces3JGWrx3Scx55q7LRhZqLD8rk,pumpswap,1791469025,0.000001939,1970.83,1930,1930,0,0,0,200895.86,0,0,0,0,0,0,26731,27869,,,,-95.85,0,0,0,1,,,,,,,,,,,
1791505953,JBrYn66MbeTMehGQPXcqaU4RGqVAchj9UkWftSnppump,OpenAI,Bz8nBxWnRwwaWsSD3kdUTo9bSRS1N4f69mjwSAK2iGia,pumpswap,1791468832,0.000001882,1903.88,1874,1874,0,0,0,156270.45,0,0,0,0,0,0,24810,25535,,,,-95.96,0,0,0,1,,,,,,,,,,,
1791505950,EKroUkizrUsgCGEC82ETnLHpsd8VCFuMkzaJWo8jpump,ECDSA,AnKQwetXfYE7FFGQc5wUdZSsS1hfTtiqhA7mBe7AAvRc,pumpswap,1791476917,0.000002819,2737.12,2464,2464,0,0,0.2,34616.71,0,0,0,0,0,1,380,555,,,1.87,-93.75,0,2,1,1,,1791506036,0,0,0,0,0,1,268,343,
1791505947,9s6tPxbG3CGJQK1nD1SnwrmxWbYkm8jYaQ8c9vrApump,swordowl,9nAfeEjHDdnaJiFzcTbriwHJDHrGYJtEGWk35c7Gr6XF,pumpswap,1791473102,0.000002469,2592.3,2447,2447,0,11.39,2652.76,741731.81,0,0,5,4,59,50,12015,8070,,-0.84,14.29,-96.27,100,1,1,1,,1791506036,0,0,4,4,50,44,6910,6827,
1791505948,C1a7ZRXhoeKNVWpDiUTvoUchCeTM4oHRBaV2RDvepump,OnlyCats,AYyCF1thE6K7FoQHGTWMMVpZTTzK2JeJ9MNrnDsQmZ1c,pumpswap,1791475774,0.000002242,2326.24,2185,2185,0,5.72,27.74,377072.57,0,0,5,1,17,8,5383,4045,,-0.79,5.13,-97.14,30,1,2,1,,1791506036,0,0,5,1,13,7,3112,3067,100.0
1791505947,AsNTKE8BTEkNWtLDazCANmVcPTueQgYLEPtD76Zh2Aac,Shelter,GHNi9H6B3me12MYH831JJiNVYcYaJs6dZJVE56DRbBso,meteoradbc,1791476426,0.00004355,,43552.44,43552.44,0,0,0,24996.42,0,0,0,0,0,0,138,58,,,,1229,0,1,1,1,,1791506036,0,0,0,0,0,0,101,27,
1791505948,Brvd8er4qX4N6jdaXMR6gcrUdnMeAbEtAQBMWjX36Adh,MISTAKE,24VUcW7rpTMwec71jZ7CcQ89zWmjUXNp73JNSHxzwudU,meteoradbc,1791477002,0.00005131,,51315.82,51315.82,0,0,0,2673.01,0,0,0,0,0,0,65,52,,,,28.15,0,0,0,1,,1791506036,0,0,0,0,0,0,57,43,100.0
1791505949,E4F9ePQvzDqMZsbYFewVqcHiKn5jgMKcG8TTGDqns7f2,Shelter,GiU176DzUP6LLKHAixN3JBfETxX317jLStPHduUVeWnu,meteoradbc,1791476996,0.00005949,,59491.56,59491.56,0,0,0,5533.91,0,0,0,0,0,0,182,191,,,,34.72,0,0,0,1,,1791506036,0,0,0,0,0,0,125,90,100.0
1791505944,6XJDsVKMGGtS2hb3mn9d5Cp4ngjHdPRr4muUc9ubpump,HALLOGUY,CobUJu8J53unrbTCb56AD7tyzV8bXMaChYZwFSZYDTYQ,pumpswap,1791476695,0.000002167,2266.75,2104,2104,0,0,0.93,328885.81,0,0,0,0,1,4,1594,1424,,,1.11,-95.32,0,0,0,1,,1791506036,0,0,0,0,1,3,730,745,100.0
1791505941,14nBfozsswx8sjKtjQiNmDc14zaMjcx8xMtpMFcwpump,Claude AI,6D22yTzwMKJNm8EAwQTRuGgXMSrjj5AgkpurQXn3CNL6,pumpswap,1791476686,0.000001918,1939.77,1919,1919,0,0,0,90921.1,0,0,0,0,0,0,11355,11280,,,,-95.76,0,0,0,1,,1791506036,0,0,0,0,0,0,374,915,100.0
1791505947,AEu65i3NvYHZEUN679szCqaJkLcJr9XBnEUaZhEfpump,Elonford,92xEEGrsc2SLA7Sqmsu5MKSW4Cq5mgMBrWqzrTK6dJB9,pumpswap,1791482298,0.000002667,2635.72,2553,2553,0,6.07,20558.83,196446.19,0,0,2,3,242,462,480,722,,-1.92,-93.42,-94.09,100,0,1,1,,1791506036,0,0,2,3,161,184,382,303,
1791505949,CGhvhYKn9zkVJqRFtkVJrs74pejj3vupqA5LTJLJff5K,tardigrade,ApaJyGb6JjeRps1UE6JjbDDLF9yoVRTvn6xgJf4w3ToM,pumpswap,1791480244,0.000006668,5577.34,6565,6565,2.63,327.92,112629.19,664589.4,0,1,6,13,1137,1043,5935,4927,-0.05,-22.29,-95.95,-84.91,0,0,1,1,,1791506036,0,1,6,13,491,663,2400,2155,100.0
1791505952,H6XiYttyMFsKXj6BJzYZMEjhUz6EwymaX4ug35G6pump,MASSIMO,DqJVrQhi8vzEKQfJ2RECrJazsWPRRvoLZJFKTsASCqYT,pumpswap,1791486669,0.000006158,5011.12,5884,5884,0,421.08,126262.76,126262.76,0,0,2,6,1364,1329,1364,1329,,-17.48,-85.88,-85.88,0,0,0,1,,1791506036,0,0,2,6,635,644,635,644,100.0
1791505942,2wyYmA2bQ7MNAqJEbvfot1VUwVjdx813DVmRX2kWTicJ,STAFF,9nUGzb9AHk2XFXqorukgS8vDQKF5eMQy1fTNHRmntxiW,meteoradbc,1791482679,0.00002965,,29652.52,29652.52,0,0,0,11515.49,0,0,0,0,0,0,104,18,,,,469,0,1,1,1,,1791506036,0,0,0,0,87,16,87,16,
1791505944,6s8RrhWwmD4VsqsVDM846Yowq3vsUBrGLBMcVW6Wpump,YIELDR,8Lw7NhduEjQTfThDHmSgcGN55nenUjDRU8XDB6ZLoeGF,pumpfun,1791483248,0.00004290,,42905.87,42905.87,0,0,0,43050.15,0,0,0,0,0,0,397,283,,,,1105,0,1,1,1,,1791506036,0,0,0,0,289,168,289,168,
1791505942,3ffBp3yBPSB86YxoxtDwxsBfa3qrDLp3mJSeJzp4pump,uBTC,DrUHQ5nXyUgXQaeMjhmX8bS7EncYGzTsAxxD37tGsdEr,pumpswap,1791483881,0.000002547,2578.59,2376,2376,0,0,5391.86,37057.92,0,0,0,0,81,110,437,454,,,-72.21,-96.02,0,1,1,1,,1791506036,0,0,0,0,245,247,245,247,100.0
1791505944,6LdjC13zbAxmruKrqsAQ4znUrjNe7gXXVeCHDBMYpump,CYBERCAT,6kXEgKseaHhG6XhFYCoumv7y3cHsF1W5aAnxy57VARLD,pumpswap,1791482635,0.000002094,2189.17,2064,2064,0,1.84,60827.6,428562.76,0,0,1,0,2478,6677,10205,8445,,-0.06,-99.14,-97.52,30,1,1,1,,1791506036,0,0,1,0,1824,6457,7421,7417,
1791505948,BwVrWfDgT6UFpJsfH7J8bqtRu8vekE2w1GyEAEuZKa9R,QPEPE,5B4TdNgJA8S5fNT1XEnXBJ8XJUAEpBUjfMgH8pfoVpfq,raydium,1791482534,0.00002561,13956.88,25619,25619,360.15,1478.14,58726.42,153536.53,2,0,15,9,519,454,1411,1144,11.11,14.34,-28.78,-42.02,0,1,0,1,CPMM,1791506036,1,1,10,12,292,264,636,636,
1791505949,CmCHvr99aXrLDQB7jAtFtsBwg3DnXqq4spcTEMt7pump,OWLNIGHT,BGT9hRweDn8TjWHrw14zYsHXRG5SxHJMHRvSrTW1pdcy,pumpswap,1791478718,0.0006155,72403.01,610914,610914,8359.92,115357.46,1433371.5,2469385.46,215,78,3257,1099,36779,13998,48042,17680,3.35,6.3,-5.96,845,500,1,1,1,,1791506036,80,39,1350,511,8093,4040,11596,5448,100.0
1791505946,9JtPfLbN32CszHmstoXYdWaazFLaoxhfqf9mKgQMpump,GUNNER,5Tg9D6FeZXY3fACm1jDUNnHeWLvGiuucM8qAN9UznPA,pumpswap,1791476540,0.000002245,2464.83,2201,2201,0,2.24,323714.59,748796.15,0,0,0,1,7695,8624,11557,9960,,-1.14,-96.69,-96.74,0,1,2,1,,1791506036,0,0,0,1,6258,7853,8581,8557,100.0
1791505949,CnwvpMqyJuD3BbSp3DYAK82FUWksTbCkV8Fj5VVPrRUp,PVE,6H4nGJoH8F8n3wUcj3d9xYcMUVahePdktdEHkfsJx3pj,pumpswap,1791484274,0.000004415,3992.17,3339,3339,0,0,98721.87,135817.51,0,0,0,0,638,639,1053,1123,,,-58.41,-90.42,0,0,0,1,,1791506036,0,0,0,0,517,518,517,518,
1791505944,6UCR8nmHZGauct3tKfismdYuLFemB6iMtuKEGycq7wCX,pear,4uGatQ9ixmFvFhXqqVBHme9ok1a4hctvkyJEs2D6UFHR,pumpfun,1791483919,0.00004430,,44309.32,44309.32,0,0,0,11480,0,0,0,0,0,0,106,78,,,,866,0,0,1,1,,1791506036,0,0,0,0,80,35,80,35,100.0
1791505952,HUEwbJYvPZ9F6pccU1SiYNsyNyyyA73JzpVcanGtpump,GREEPER,zpy3km3N5kZukukMU5B3uZbmzjp4Fdtbyw5tkY9xFut,pumpfun,1791483320,0.00004362,,43627.26,43627.26,0,0,0,8396.65,0,0,0,0,0,0,6,0,,,,1365,0,0,0,1,,1791506036,0,0,0,0,6,0,6,0,
1791505948,BWvfXMQi9qti59GFr6DcUkvXewD72phy5yBoQhsCpump,HouseCRAFT,7NgcGR89ndHDyTiUBKJt5jBZB1nTxjxmPdHy4BxXfKZb,pumpswap,1791483518,0.000002289,2534.91,2223,2223,0,3.13,100669.47,754644.82,0,0,0,1,249,499,2457,2146,,-1.04,-97.74,-94.83,0,0,0,1,,1791506036,0,0,0,1,53,311,962,991,100.0
1791505950,EdsRowcXQN9rYS3H654CvfCoshnkuRVV31EH29P1pump,STARBUCKS,9YnybwKjeHKwKvf2HV87ykSZTVKUEwuHdzqr7rVt6iRr,pumpswap,1791482787,0.000001924,1942.94,1911,1911,0,0,54804.88,104290.33,0,0,0,0,1313,4273,6621,7930,,,-99.79,-95.65,0,0,0,1,,1791506036,0,0,0,0,2847,2904,2847,2904,100.0
1791505953,LVVmhhwFV4rqrdBd83F6gT5RL1sPb4qMsNqwT2tpump,Nike,B7nVqXT2ghkYaz9JyLeoSGudxoBw6Xm5BL5gNMfURs6K,pumpswap,1791482810,0.000001956,1977.88,1947,1947,0,0,168027.49,217557.85,0,0,0,0,6248,7138,20662,18566,,,-99.79,-95.58,0,0,0,1,,1791506036,0,0,0,0,360,544,360,544,100.0
1791505941,12CZC5SBGVoEikTQXy34U8gKGJnFxeoEFgbboCLpump,FOMO,9arAyjfzoFoNTmrHuB2Y9o9tnD6f4gvkPTAZSSC9mmsK,pumpswap,1791483992,0.000001974,2012.45,1964,1964,0,0,214220.38,230532.87,0,0,0,0,6893,7076,9876,9539,,,-99.5,-95.59,0,0,0,1,,1791506036,0,0,0,0,351,902,351,902,100.0
1791505949,E84EtRWM5ZhMnEZnFXSdGpLmJW9AFiAFKpYVXq6tCoBB,Taylor,37HZUBENpevrWJHyMu2xKWhkxSsL5Y1qRdyHUqTrJphg,pumpswap,1791482892,0.000001932,1958.15,1922,1922,0,0,118056.06,182105.34,0,0,0,0,1450,3382,12919,11850,,,-99.8,-95.63,0,0,0,1,,1791506036,0,0,0,0,397,381,397,381,
1791505944,64oAuE88tNP7KsSyaiJTKGP4sWmLMFGWLUs9eBTLYgCp,TikTok,Bjhum36bzoYbheRgSpkZLZsttbPBDbJCDoeKA7o9N2o,pumpswap,1791485560,0.0006794,84596.4,584913,584913,4948.07,115353.21,5727640.15,5727640.15,36,43,922,861,45819,38990,45819,38990,1.9,4.85,1440,1440,0,0,1,1,,1791506024,28,23,524,549,13442,10944,13442,10944,100.0
1791505951,FUyZUAF98n3CfyN51gpscGXzsKJgz1o8RpEygy1dgrrP,OFFICIAL,7dsBreaQeLUcw9BjorUGQafKE166dCvVdgXVY9xGbMzc,pumpswap,1791484494,0.00001680,10852.63,15993,15993,39.89,5018.69,1756257.71,1756257.71,1,4,67,76,15382,13356,15382,13356,-0.8,51.07,-62.65,-62.65,0,0,1,1,,1791506024,1,1,45,54,5341,4779,5349,4785,
1791505943,4haDaJYKkjL9t6owyPZtx47M6MXimRoZa1EuXS1VJkQe,OFFICIAL,GvShJQmQEZxt6yGr5P4nHrH9qu4zMzj587JJCjXuDvXE,pumpfun,1791485166,0.00004137,,41372.77,41372.77,0,0,11929.63,11929.63,0,0,0,0,110,97,110,97,,,569,569,0,0,1,1,,1791506024,0,0,0,0,71,32,71,32,
1791505949,DConJuX43NkDXJKXRrcqvxVTKYgXGygiqYGBjUSpump,BER,G2DbbKKgiFCB8bKraZrzC6wW8zLhSa97hvVWNf7WRxWe,pumpfun,1791484328,0.00002212,,22125.33,22125.33,0,46.95,108656.6,108656.6,0,0,3,6,318,349,318,349,,-0.61,621,621,0,0,2,1,,1791506024,0,0,2,3,258,148,258,148,
1791505951,FgnSJwFoote99diZUhtRV9Ajcfwzjj6hDx82TDhVpump,puter,687HWjAWqxVNRgy7XFeYRpxUNvVSarECu7aQB5EeaJBp,pumpswap,1791484093,0.000002343,2668.6,2311,2311,0,0.04,1682149,1788556,0,0,0,1,29811,17286,31458,17543,,-0.07,-98.31,-98.3,30,1,2,1,,1791506024,0,0,0,1,7498,7813,7926,7897,
1791505947,AACtroE9u7vTbLWBbMtkPx4bK79YYxBHgb8tfd1Apump,INU,7pG12sMXaMyMsrPLLFAgmdfKMBPaLe6WomsJqE4sZMxr,pumpswap,1791484404,0.000007619,6522.74,7545,7545,0,483.02,1349812.81,1349812.81,0,0,72,10,9341,7830,9341,7830,,-3.15,-83.11,-83.11,0,1,1,1,,1791506024,0,0,21,10,3338,2831,3619,2943,
1791505946,9LTa1qUpTS9p9mEG3dMPYXhboZDGZS2a6Y4hVLWK7JPm,INU,FyCJHxeiXj8PDxubh525ZyqHmAbvedRfFcQpwNzPuL6Q,raydium,1791482838,0.000003173,4960.31,3173,3173,0,138.94,71900.6,419630.03,0,0,7,13,3904,2885,4586,3445,,-1.05,-97.63,-92.47,100,1,1,1,CPMM,1791506024,0,0,13,4,2638,2535,2828,2939,99.9999999999089
1791505942,2oPjxZA64o4W4XaCHNXHSRZh7HKwv1kPs8wvYN4Fdbyu,CRH,3S6dQMh4NSKVF2uxxpGetaCHGy8mADKRE4WhU56zB1UE,meteoradbc,1791485915,0.00005401,,54019.25,54019.25,0,0,2733.32,2733.32,0,0,0,0,71,67,71,67,,,35.69,35.69,0,0,0,1,,1791506024,0,0,0,0,63,55,63,55,
1791505943,54rZEjbUrniEft51w1Tr8Ssg8FrVmFVQruudR9uWpump,MAIUS,CYJSYL4PxTB3hNVe56qtxsnU1Ft2Q9TdBDBSzH4xkMiT,pumpswap,1791485780,0.000004646,4228,4281,4281,0,498.56,111388,111388,0,0,2,6,1238,1082,1238,1082,,-15.13,-90.13,-90.13,0,0,0,1,,1791506024,,,,,,,,,
1791505950,EVje999h71hW4rtu9aJWtH4Hm4hDPjAiZg8kKXVipump,Gemini,8gpArrakKBE36pJK7FhFGHFHaR1dgzSTBXNKE8zqQXP5,pumpswap,1791485811,0.000001929,1942.37,1929,1929,0,0,55010.48,55010.48,0,0,0,0,3259,5284,3259,5284,,,-95.7,-95.7,0,0,0,1,,1791506036,0,0,0,0,759,2189,759,2189,100.0
1791505950,EM5oiqCacm6PvakBb2TTGAKeHaqkzUeSfGZGPH4BYv9X,KOTH,BrtyvF8cRZFbtVmYLVNDBT6jVG7djzRb3DuTtgGEomge,pumpswap,1791485042,0.00003720,15326.89,33144,33144,67.52,4766.45,250836.32,250836.32,1,0,62,32,3019,1766,3019,1766,1.46,38.66,-19.45,-19.45,0,0,1,1,,1791506024,2,2,37,28,1495,944,1495,944,
1791505948,B4NwYWpvY5LmCvURhZ9bwhcxWCDDhW4ZqihP8quantum,Quantum,9sPVonjUAxNwgzvJNteGafhTPNbbGfqxBvqTYUdULx1,pumpfun,1791486994,0.00003801,,38018.96,38018.96,0,0,18607.87,18607.87,0,0,0,0,177,126,177,126,,,1105,1105,0,0,1,1,,1791506024,0,0,0,0,128,69,128,69,100.0
1791505953,k1atuhpoxqzkATCA6xgDyKEuGEYaPtQgAmQdp52pump,PVE,7d8CRxV6NKXeUExn7yYnL2QMdT4jxfs9Ke5dtFsGbCTr,pumpswap,1791486701,0.000002065,2109.68,2047,2047,0,0,157946.66,157946.66,0,0,0,0,9977,6803,9977,6803,,,-95.41,-95.41,0,0,1,1,,1791506024,0,0,0,0,3232,2572,3232,2572,
1791505951,FeMg8o2Ek7zKWT33MfdfwXrPoMdgqyXYPjTLWvEr34XF,Instagram,FRnihpALpeD2MMmUThF36X7rWaAxfAg5Dx1N8Fsf1TTC,pumpswap,1791489311,0.00001024,7252.35,9953,9953,53.27,4558.45,464143.61,464143.61,1,4,72,84,6399,5008,6399,5008,-2.92,3.8,-77.7,-77.7,0,0,1,1,,1791506024,2,3,52,65,2587,2448,2587,2448,100.0
1791505943,4FbMtwhidkyyzJLrAVLkCbRcdGdszyp3ygecYZBEpump,TRUCKY,B6u4TdwkRtVVLgymfxBZhdR5D1anLMkinp53sWiQhCsa,pumpfun,1791486503,0.00004458,,44588.72,44588.72,0,0,9224.78,9224.78,0,0,0,0,6,0,6,0,,,1360,1360,0,1,1,1,,1791506024,,,,,,,,,
1791505948,B1EtRYN1CFZA565g8ok5gnNRipgi8gprJRpugBEzpv8C,4CHAN,3s2Fq3k5ubo8w6D6zGc5PmDnbzFTzbPVf1CkU2YKea4s,pumpfun,1791485865,0.00004260,,42609.03,42609.03,0,0,33999.5,33999.5,0,0,0,0,295,282,295,282,,,463,463,0,1,1,1,,1791506024,0,0,0,0,189,137,189,137,100.0
1791505948,B7wApX19fLqadidJzkBDuwpaazjHN6zjT5WxDufMpump,BOYS,ALH47fZernW8B1moexuVZdGrKqrxYDhZxhAKnHiis5gt,pumpswap,1791483552,0.00001421,8521.67,13483,13483,0,226.09,20043.53,28798.83,0,0,4,8,233,226,353,307,,-3.07,-60.34,-67.83,10,1,2,1,,1791506024,0,0,4,8,126,161,216,225,100.0
1791505942,3Q4sAfSqYBfjkrtYwxSQUBZpKXzyQF48Ec9SsBUyZpE2,TikTok,47p8NPkPUsjWMcWmJgfnV7EiJeseLPyQmjdQHV8PLDWk,meteoradbc,1791487784,0.00004500,,45003.26,45003.26,0,0,2074.35,2074.35,0,0,0,0,38,34,38,34,,,138,138,0,0,0,1,,1791506024,0,0,0,0,31,29,31,29,
1791505953,vo6XLLqCJ6fyShVhZZDoaHFQ92kwGmUnFnG5Leppump,Gemini,GXmDbULno4hnWcfvbzdAtQ5wCD1vSuPzTADm7rTuGRy6,pumpswap,1791487369,0.000001951,1966.35,1942,1942,0,0,59577.47,59577.47,0,0,0,0,6636,7712,6636,7712,,,-95.68,-95.68,0,0,0,1,,1791506024,0,0,0,0,363,901,363,901,100.0
1791505942,37L5iwS2tDr2Zd7WVHTfQ24jJdvjqi4Uzv64vZU3pump,ChatGPT,VP9j15t9X9uYLFsKyXM1vodaWZPxBtKEL3SboFbCj7d,pumpswap,1791487327,0.000001942,1957.29,1934,1934,0,0,65442.67,65442.67,0,0,0,0,3937,5743,3937,5743,,,-95.7,-95.7,0,0,0,1,,1791506024,0,0,0,0,404,2078,404,2078,
1791505947,A2fdU1Axkg7xdZYangLEX6n7ezQasFgiZvZKfXWXpump,MrBeast,53wMZWQXi4MJxCHDSqQAsHrbV53oVNMF7ChqqaP9pFZg,pumpswap,1791487235,0.000001950,1977.6,1942,1942,0,0,149963.5,149963.5,0,0,0,0,15568,16928,15568,16928,,,-95.68,-95.68,0,0,0,1,,1791506024,0,0,0,0,468,1891,468,1891,100.0
1791505946,9Hcksg9o6oXbJWN7FTAL2HFrvknqTzmmNybBYP4UA6cP,X,4gDGuPFs8DxS9srSEUioiGiKFSgawQhWm1ebygv6aAzq,pumpswap,1791487223,0.00001643,10514.29,15791,15791,146.72,8330.99,1278258.55,1278258.55,1,5,104,95,12324,9678,12324,9678,-3.21,9.49,-65.91,-65.91,0,0,1,1,,1791506024,1,3,63,70,4080,3694,4080,3694,
1791505941,25UjGzzVKSKnHrtrnZ6xJUSYyv4GTJ1eSSgWmVs6pump,Instagram ,EeGok64zvNaNyAzocRHuYKpYqFhK18PDSmQxqFNQi7cC,pumpswap,1791489427,0.000003891,3593.11,3739,3739,0.01,4.78,115074.08,115074.08,0,1,0,3,1459,1277,1459,1277,-0.62,-1.76,-92.23,-92.23,10,0,1,1,,1791506011,0,1,0,4,657,667,657,667,100.0
1791505947,9oxWMhM4QN1hLGNutaTFcBjMjJce6QxrvVxAcGW6pump,Pack,5boXyCRb4ScZMw9uBj52YVQTR2GzJ1hBNxb3Ys9nph82,pumpswap,1791488386,0.0003213,57187,313162,313162,5276.11,136737.49,3757326.54,3757326.54,52,24,969,707,29341,26092,29341,26092,8.62,-22.43,575,575,0,1,1,1,,1791506011,31,26,460,451,8496,7424,8496,7424,
1791505951,GQD8RSBqZL1B56d471UZqLGzSpmy6XYESHYSacjpump,GAMBL,CMLek7rVT4rRUSQaY1fsLRb3wZFwvJQJbFF2XUPryD9j,pumpfun,1791488818,0.00004483,,44839.35,44839.35,0,0,59174.14,59174.14,0,0,0,0,564,423,564,423,,,1361,1361,0,1,1,1,,1791506024,0,0,0,0,326,239,326,239,100.0
1791505944,6JqMeqVN43dyP7Wp88CqPDv6XXAK7QueSbQYkF6npump,ACRE,GfpH2AcA7CTwfDQgx1FgkNtyLVGHjsD7fT54C7v4iWUp,pumpswap,1791488639,0.000002717,2657.56,2583,2583,0,47.79,51601.12,51601.12,0,0,1,3,645,564,645,564,,-5.3,-93.91,-93.91,0,1,2,1,,1791506024,0,0,1,3,381,422,381,422,
1791505945,7fT3CWduPRD2EhQB6wbaGBATNtGYQqPGmqJvoX6sehF4,Instagram,7M9xy3R3qJTrrMCN9SqeCicuyGVmF7DgyfeSMNbN9hh4,meteoradbc,1791489550,0.00004906,,49066.81,49066.81,0,0,1670.33,1670.33,0,0,0,0,59,38,59,38,,,5.96,5.96,0,0,0,1,,1791506024,0,0,0,0,47,32,47,32,
1791505950,EnESJrbDyVBX8yuv4nvChxhdonkD7qi2RsCdGVCmZ5u3,TikTok,7FFgQCDcE8tt3fguyYcUqz8t5NYy8y5QxF4xeVo2eUh9,pumpswap,1791489591,0.0000002066,0,207,207,0,493839.25,29762587.12,29762587.12,0,0,515,296,31258,17758,31258,17758,,-99.93,-98.01,-98.01,0,0,0,1,,1791506024,0,0,86,20,2019,31,2019,31,0.00000000109556325877729
1791505945,7P6eFLJ6d9etjnhEL9SDEMmhnsouTDARTWQwsYD5s3kc,BONER,HyqmN57QsQPQCyvCVzg6NhzzyqLzG6DSDkxynE5Taoap,meteoradbc,1791489547,0.00005158,,51582.6,51582.6,0,0,1309.92,1309.92,0,0,0,0,28,7,28,7,,,28.24,28.24,0,0,0,1,,1791506024,0,0,0,0,19,6,19,6,
1791505941,23j5oqGt6hsE7mXzrwTmnd3xUTkwJpQfffvdZ31Wpump,PUMP,4aCfxsxTP9j7h2ejRDVx92s1x4CoFHTu1Zwkm8JnkAbt,pumpfun,1791489590,0.00003851,,38517.04,38517.04,0,0,1366.64,1366.64,0,0,0,0,18,8,18,8,,,739,739,0,0,0,1,,1791506024,0,0,0,0,3,3,3,3,100.0
1791505948,BwBU7KVXigH7DKunJynowQCQ3oiEuYv26f4A2F8tABR4,TIKTOK,2MsJJKvDjwDvyVk24381yDXZDFDMtEbJWsHZBsrMcqj4,pumpswap,1791489543,0.000002193,2192.29,2088,2088,0,0,20352.04,20352.04,0,0,0,0,261,287,261,287,,,-95.04,-95.04,0,1,1,1,,1791506024,0,0,0,0,160,174,160,174,
1791505944,5dnaYQvCJuDQWsmkaUSY8M3Wesi5UDB4K1c8yyhSpump,Robinhood,HUAgwgtYwwUmhFoKHBJboKSsfWsiGRodamKu7pn9ct4q,pumpswap,1791488832,0.000001940,1953.98,1931,1931,0,0,89539.66,89539.66,0,0,0,0,13037,12775,13037,12775,,,-95.72,-95.72,0,0,0,1,,1791506024,0,0,0,0,1936,2610,1936,2610,100.0
1791505941,142TDz4pjxUt1Z2xHSM4RS3586DicvwnowiGtZZQZrV5,CR7,58LtcJWam5A2KqE9LTRSGAtgFzJ6PKhD9zJxCxGdGBHB,pumpswap,1791489000,0.000001959,1980.61,1949,1949,0,0,101345.55,101345.55,0,0,0,0,7284,6946,7284,6946,,,-95.68,-95.68,0,0,0,1,,1791506024,0,0,0,0,361,905,361,905,100.0
1791505953,Jig6XK42a4ibdkRS35tKBGiNPDRGgTFU79tat38pump,PVE,B5PXeVETc241Jq1QAU8JoEe7zvynoPUbn2isfhjf98Ac,pumpswap,1791491444,0.000002356,2348.81,2357,2357,0,0,33107.53,33107.53,0,0,0,0,170,220,170,220,,,-94.85,-94.85,0,1,1,1,,1791506011,0,0,0,0,117,131,117,131,100.0
1791505949,CYoPikME5EKF1wYjBdYCufunNPkLkfi9FwfF1BkYhM2x,PAIRIT,6rfkQ1AJotDDtGWvM8WvpoWBMeGMuarTUmK8cu6c7zXm,pumpswap,1791491120,0.000004979,4387.68,4795,4795,0,395.65,271120.72,271120.72,0,0,7,16,2707,2239,2707,2239,,2.14,-89.62,-89.62,0,1,1,1,,1791506011,0,0,7,15,1200,1123,1200,1123,100.0
1791505950,Epnr1ZTrDh2yiGLcwi5eRGbqLofnp4GqHzaYh93E8bQc,TIKTOK,HDQmeD8bWQFQTZ6s8KoNrD5pzvRGFG2gCJWohq59D9YA,meteoradbc,1791491268,0.00005457,,54570.97,54570.97,0,0,3216.08,3216.08,0,0,0,0,95,67,95,67,,,35.44,35.44,0,0,0,1,,1791506011,0,0,0,0,80,48,80,48,
1791505947,AB596JVcSH1xPHa8r1MonbjPASSujVDdiYT4RWWT6yoK,holiday,9T8RwDmVRZsRx8giTRtiGZYpXPjBhySFW95iHX5LrLv8,meteoradbc,1791491280,0.00003967,,39671.18,39671.18,0,0,8577.35,8577.35,0,0,0,0,277,289,277,289,,,172,172,0,0,0,1,,1791506011,0,0,0,0,166,150,166,150,
1791505953,T2K1haE86tEpdRvkETYBsh1wfMbF8xwoEacDK4Rpump,Anthropic,6vbWdW2tWhVWvb9uco54heCATYzko8pvHzgeUj8Pcy2X,pumpswap,1791491115,0.000001954,1969.61,1955,1955,0,0,59593.12,59593.12,0,0,0,0,4081,5792,4081,5792,,,-95.69,-95.69,0,0,0,1,,1791506011,0,0,0,0,361,898,361,898,100.0
1791505944,5XHR1a82F8YRKuNzbdg1S2fwRgGmHG4Ly1JCJDyPpump,X,BsDzNdUcyFaJrfQan5ij8yabcN5WAEnuVn2T4m8rq23D,pumpswap,1791490407,0.00003503,16745.49,32745,32745,698.96,21835.69,2769649.32,2769649.32,14,11,376,380,25174,20333,25174,20333,-2.07,-17.76,-21.93,-21.93,0,1,1,1,,1791506011,11,10,256,302,7752,6763,7752,6763,100.0
1791505942,2y8xiGNxKRNWGx9yw2LvYpnzPGS36dnNgC73YXp7qvrY,LOL,5RtHY46Vz6mozCWJMFaBZjo3povbQDw2q3vvuJLKo85m,pumpswap,1791489896,0.0001250,0,125059,125059,0,20691,1565654.76,1565654.76,0,0,39,39,5132,2929,5132,2929,,-7.43,616,616,0,0,0,1,,1791506011,0,0,9,8,2111,107,2111,107,0.000000000809378313301821
1791505951,G4igN5Ufkgg8vQyKVoxvQf1npNFjexxEaNC5pH3CW63N,GACHA,GsKE8RCwJ4esbjcVk37ca3JvFj6Yc4SuTZBmGTtRDNKZ,meteoradbc,1791492963,0.00002034,,20340.07,20340.07,0,0,9340.65,9340.65,0,0,0,0,3,0,3,0,,,531,531,0,0,0,1,,1791506011,0,0,0,0,2,0,2,0,
1791505943,4mbPZzDCWXvTCJbscMWeDD7TT1pra9mkZHGaBxc2jupx,JPAD,GjZUE8qMh2wv6bHa6HPJxFx3XUZCWZyxhYgfKoyEyn7R,meteoradbc,1791483090,0.00002271,,22717.24,22717.24,236.8,1343.66,44629.33,44639.75,3,0,34,4,603,243,604,243,3.78,18.76,278,278,0,1,1,1,,1791506011,3,0,30,3,208,139,209,139,
1791505953,J7coeN3BgasMgTjjYn8ZyUecnLqC3GdsU9BEV7fET2rs,PDEX,3H94R9egmP1Fx9Va1KaK2kFJsjb2QDsQGj5DZ9aEGWqM,pumpswap,1791492373,0.000002865,2827.09,2717,2717,0,4.04,97089.33,97089.33,0,0,1,1,1033,847,1033,847,,-0.72,-93.7,-93.7,0,1,1,1,,1791506011,0,0,1,1,656,571,656,571,100.0
1791505947,ArASSoxwdXjsw7MeBxr8rzo5tft94Xs4wyT5ukAupump,KYC,J6SUtJ5KvnGVG4GSnjr8eXbg9LoqxM6SdkiwGe7Cpei9,pumpswap,1791494209,0.000002431,2408.27,2305,2305,0,0,19860.66,19860.66,0,0,0,0,243,275,243,275,,,-94.65,-94.65,0,1,1,1,,1791506011,0,0,0,0,151,186,151,186,100.0
1791505947,ATqTxZZGu52Usy9KUg4jwvZvZxaMtvyQqfUWiqD8pump,INCELS,2h23RpbgsEK9RmpawMHXcwPUfEoRov3duWBjitdJSX8a,pumpswap,1791491800,0.00009692,26324.56,92112,92112,1008.94,7996.43,333671.37,333671.37,0,6,45,80,1354,1224,1354,1224,-10.17,59.07,105,105,0,1,1,1,,1791506011,0,3,29,39,624,556,624,556,100.0
1791505944,759x8uLX4VAUUs4abJdKUo21b4FDLPK871ukjdsgWvY2,FIX6900,7NqTp8fEqM1S9ziT5jxUV4SPcV9LCrXYxbGaYiMv9h9N,pumpfun,1791491595,0.00004426,,44267.91,44267.91,0,0,20388.57,20388.57,0,0,0,0,213,200,213,200,,,316,316,0,1,1,1,,1791506011,0,0,0,0,162,117,162,117,
1791505950,EWHUpE77cW4qP5QctYsscD8hoXArfw7bV33TTfFApump,seed,4qLVnrU8aBoeWEcm5XqTCpDya5JyqdyJUAAfKgqpZc5P,pumpfun,1791491359,0.00004231,,42311.38,42311.38,0,0,38791.73,38791.73,0,0,0,0,188,139,188,139,,,1260,1260,0,1,1,1,,1791506011,0,0,0,0,176,68,176,68,100.0
1791505952,GrGkYxc568qA7wyubW4h8PeqGp8nWMYbjqM9jBGXPAgA,CHIMP,2DQzYtpgVBpAYeZro82mVDLAuQTHuMkxZf1yfC5yMnp6,meteoradbc,1791493131,0.00005429,,54298.34,54298.34,0,0,3907.34,3907.34,0,0,0,0,100,105,100,105,,,34.2,34.2,0,0,0,1,,1791506011,0,0,0,0,81,71,81,71,
1791505943,4CKKzQLZCPtuhKypdDv1RwSJw6pd6Y4VmZN9X4LXGqbp,degens,Gc55eQ9KAAAMXWrKkwM43m7f8FZDTusnqc87bHr7QwWt,meteoradbc,1791492981,0.00004343,,43438.86,43438.86,0,0,12376.88,12376.88,0,0,0,0,523,531,523,531,,,221,221,0,0,0,1,,1791506011,0,0,0,0,206,187,206,187,100.0
1791505949,DHRnkNihnnj9Lbjxn85qwqwkogZkqFuXupDhWkdePtR3,Simpsons,ECHLVRox1F7dLqzCdGJ1nY5jBzEMa5FmrFp8hppKWY1T,pumpswap,1791492013,0.000001978,1996.82,1969,1969,0,0,86147.12,86147.12,0,0,0,0,11158,10739,11158,10739,,,-95.65,-95.65,0,0,0,1,,1791506011,0,0,0,0,372,915,372,915,100.0
1791505944,5gwEQ4JXCXVw4pHosynHPuuPzuHtBUMNGk3afAipump,PQP,Fhvshnkg6XCQSbnUq3NJUdffqUsb49uGPTawt7GSNE14,pumpswap,1791492875,0.000001960,1970.32,1961,1961,0,0,47204.59,47204.59,0,0,0,0,4465,4191,4465,4191,,,-95.69,-95.69,0,0,0,1,,1791506011,0,0,0,0,3051,1525,3051,1525,100.0
1791505953,HwaiPaTFasm51uU4B3c8LLw8kNg3WBkSW1wXEjoqpump,SpaceX,99m92Y7p5scWDxTMaVsgj8sjGyL3TAJ4gBCYv76mt5HD,pumpswap,1791491986,0.000001965,1990.3,1956,1956,0,0,141760.51,141760.51,0,0,0,0,20378,21698,20378,21698,,,-95.67,-95.67,0,0,0,1,,1791506011,0,0,0,0,448,2136,448,2136,100.0
1791505944,6X2pmNXuzM7DCk1raQh7rChkon5jFmGb6usRECKcpump,PVE,HoP9b9U8TEoUPGbLUgJyAfqwiNvS8aCAeZoMthpUw8Mx,pumpswap,1791494941,0.000003514,3288.09,3413,3413,0,0,2225.4,2225.4,0,0,0,0,54,40,54,40,,,-92.57,-92.57,0,0,1,1,,1791505998,0,0,0,0,50,36,50,36,
1791505943,4sN5ek6KwNH39pgAusxz29YtcRBqvWH9baCUnP4cpump,Schrodinger,5zhrypzzWDif8QGRxPeioVgf8t9KL5uUbidF3cYa83TS,pumpswap,1791490733,0.000002131,2238.41,2105,2105,0,0,515115.58,515115.58,0,0,0,0,5919,5156,5919,5156,,,-98.88,-98.88,100,1,1,1,,1791505998,0,0,0,0,4162,4164,4162,4164,
1791505944,5dbFWnPbq8f3n6LyC8n1NL15h2ube9m5TBWcFWRDpump,Dip Slayer,F6nrJiStPYmD9riYd28xmN6fgEg5B2ZU3kMYsZfioSXX,pumpswap,1791493338,0.000002143,2283.41,2106,2106,0,4.09,682571.39,682571.39,0,0,0,3,7337,2537,7337,2537,,-1.52,-95.64,-95.64,0,0,1,1,,1791506011,0,0,0,3,1473,1403,1473,1403,100.0
1791505944,6HZVPYRjmXTJES5KASWCiBJnwA75SGZVDFLa1QXYpump,GROK,C2cmZLXoF17cFwVYPPjSt7BQbgiX27m9MQgHK9HkKumg,pumpswap,1791494989,0.000002125,2136.35,2125,2125,0,0,46190.88,46190.88,0,0,0,0,1794,843,1794,843,,,-96.92,-96.92,0,0,0,1,,1791506011,0,0,0,0,1359,705,1359,705,100.0
1791505943,55utqTJ3UXeUbmXuKFLQwK2wSduTS6vgArXikLngWjAt,ROBIN,GBAvKa4qnei7MUyZACrSUjtM2jqKK9caDEBopNKnYkP1,meteoradbc,1791494962,0.00005430,,54304.99,54304.99,0,0,4293.32,4293.32,0,0,0,0,161,152,161,152,,,34.04,34.04,0,0,0,1,,1791506011,0,0,0,0,104,83,104,83,
1791505951,G8SNLtRtPsicMwbzH5cXRSyEV13B9HhFK4yzvy2Fpump,PUTINPEPE,7ofsji3i9CHNsvEuh8rhjd7P9yhbVKc732oqXfRNtj21,pumpfun,1791495014,0.00004043,,40439.88,40439.88,0,0,338.32,338.32,0,0,0,0,36,25,36,25,,,1209,1209,0,0,0,1,,1791506011,0,0,0,0,7,6,7,6,
1791505946,8qFS72gtn4o1nLFCsQKS9T33AFisEHZDL1K5oH9KYg6X,Taylor,CMMkuTKBhFYPAMDEamkaTrgg23UrtQ24ehX131wM7RQt,pumpswap,1791494065,0.000001970,1980.41,1970,1970,0,0,65593.35,65593.35,0,0,0,0,9371,9396,9371,9396,,,-95.68,-95.68,0,0,0,1,,1791506011,0,0,0,0,345,892,345,892,100.0
1791505944,5V8xfRLE6TVYwFeP52sxc22FXNU8CVBdeXvMT8tKpump,Gemini,APqSdsD7ZCRn5VsSXs56dMkmyYaKHeyy9MFGFjAqzLNz,pumpswap,1791494204,0.000001965,1987.36,1965,1965,0,0,114683.74,114683.74,0,0,0,0,10927,12470,10927,12470,,,-95.7,-95.7,0,0,0,1,,1791506011,0,0,0,0,764,2186,764,2186,100.0
1791505953,TLzvZSkBNf8iDSfaCLY194nrymkpV8tVUvQcCVapump,Anthropic,CXMpQnqmi2SnpQNAi4X8zVgn8Hm6EGUYC6DbuPCZdDGs,pumpswap,1791494483,0.000001978,1996.5,1979,1979,0,0,75526.33,75526.33,0,0,0,0,9539,9924,9539,9924,,,-95.67,-95.67,0,0,0,1,,1791506011,0,0,0,0,351,898,351,898,100.0
1791505942,33iwq9DawwqZ2GGhKHXfotvGm7fdLQ8Tp77vs6JLpump,AI,AWmJUMXGpzjx6W8cVVjvNCQm72eirRgLEDUM13yvDmPZ,pumpswap,1791493291,0.000001977,2006.66,1968,1968,0,0,167320.46,167320.46,0,0,0,0,14339,12702,14339,12702,,,-95.67,-95.67,0,0,0,1,,1791506011,0,0,0,0,2533,2513,2533,2513,
1791505951,FqfyPPAwk3NrmdGe2xgMTUis8C7Z8SCrJWsyDKr5pump,FOMO,8hc5o52LPWn4L6T9N9NS6364N8wSq7ohEU8rLHukuJUG,pumpswap,1791491932,0.000001969,1997.65,1960,1960,0,0,161027.34,161027.34,0,0,0,0,25379,26635,25379,26635,,,-95.66,-95.66,0,0,0,1,,1791506011,0,0,0,0,458,2236,458,2236,100.0
1791505943,4yPGUUVNcYBuaQcFnV8uB3yax1ggeJ6EFUjnmGaEaGQN,BBC,BGkFicrtMfeHGsAK1gBeorVofWTNCbPrsGWJU8oJUPFg,pumpswap,1791496295,0.000002907,2821.42,2719,2719,0,34.38,83408.18,83408.18,0,0,0,4,1063,1108,1063,1108,,-2.99,-93.61,-93.61,0,1,1,1,,1791505998,0,0,0,4,561,618,561,618,100.0
1791505953,Y9ccqrALa5Yr3Bxzv8NQe37KP1Yy9uTCSJuap4Cpump,Animal,CtXjkU4MhXomKsQ7ALkfoBS5fwGbQD4magA2UNfMeRmi,pumpswap,1791491570,0.0002982,50436.76,289913,289913,4712.58,177536.92,1996589.66,1996589.66,51,32,1589,1212,14885,11511,14885,11511,-2.83,-10.8,597,597,10,1,1,1,,1791505998,30,23,806,775,5234,4370,5234,4370,100.0
1791505945,7CWUYu169uBLva1PEjWXG2m12XU5nFe2dR454FmCpump,Alcebíades,DuRPwnbfqetce2RjfnkovG1ukL9jeJUEDdmWSjuhWy4A,pumpswap,1791495943,0.00002867,13685.21,28005,28005,122.86,12706.48,588523.95,588523.95,2,3,120,107,5241,4447,5241,4447,1.89,-35.21,-39.17,-39.17,0,0,1,1,,1791505998,0,1,78,93,2017,1857,2017,1857,100.0
1791505952,HUcet82qq7XZJ3AU3BXdPZouRd4wUF5hpftarysFfFtN,Shark Tank,2rGXYciWibuhMmkChPJRbNC7uCaSGjSa3iKUSyyvKYXr,meteoradbc,1791496702,0.00005452,,54523.49,54523.49,0,0,3712.07,3712.07,0,0,0,0,92,85,92,85,,,33.81,33.81,0,0,0,1,,1791505998,0,0,0,0,77,66,77,66,
1791505946,9JCZvHzQ2BTkpoD3kUijpnk41USB9nZnnmBGGzNxBAGS,BORN,AEyNkGnMdDbbqTA52bcUb6p4vQJdjsnZvRA3FRfAFHQ3,bags,1791496674,0.00003327,,33274.14,33274.14,0,0,26.21,26.21,0,0,0,0,4,3,4,3,,,0.09,0.09,0,0,0,1,,1791505998,0,0,0,0,4,3,4,3,
1791505952,GvfTFxXetcjNqYyQ8n8qmh6RsKzS9VRKeSUCKFTZy5My,MYDOGE,EUZVQxiagTiquMvf341cZ77CZ8GKfudEydHi9wHAFTaU,meteoradbc,1791496381,0.001104,,1104573.09,1104573.09,0,0,1779.1,1779.1,0,0,0,0,153,29,153,29,,,17.25,17.25,0,0,0,1,,1791505998,0,0,0,0,4,2,4,2,
1791505953,bM6S9updpEhHHSyYRoWz4EU1HQKVNLHdWBma9egpump,Grok AI,eETiLV5zKJSdVHdZP4v9UPpJZL8xv8hiSSJY74eaPwe,pumpswap,1791496512,0.000001981,1996.28,1981,1981,0,0,62956.76,62956.76,0,0,0,0,6279,7391,6279,7391,,,-95.69,-95.69,0,0,0,1,,1791505998,0,0,0,0,361,900,361,900,100.0
1791505953,QJPwh31dsyHpt6G59Y1ZpEWHBHGPa4jCL9cUKVFpump,ASSETS,C2Mvrmp3Ct4dVJ3dLFfrGooDGtqNV4zth2b8cT21VnAP,pumpswap,1791496488,0.000001967,1988.78,1968,1968,0,0,114018.67,114018.67,0,0,0,0,4103,3929,4103,3929,,,-95.7,-95.7,0,0,0,1,,1791505998,0,0,0,0,2855,1278,2855,1278,100.0
1791505944,6MJttxzAcRY4FhLUL9RFVs1znQVCacmEBJmdC2yheJbG,MYDOGE,7fHvM2JCmydfHWej4MyDtDxMeKqhueacjAPyFqXPt3JJ,pumpswap,1791496009,0.0001919,99770.93,191994,191994,567833.69,8834650.77,22323092.63,22323092.63,582,344,9155,5265,24158,13326,24158,13326,1.93,73.93,1731,1731,0,0,0,1,,1791505998,146,20,1925,24,2024,36,2024,36,0.00000000109556325877729
1791505944,5jpLzgbuYLRovxGNs2VxMctUdkzV6E1px36aqi9jpump,Fi,6HYdgui1U2z2x4u1ybLnVGBkGoXh49Ufva7Nd261My21,pumpswap,1791498619,0.000002786,2735.95,2619,2619,0,33.58,71648.7,71648.7,0,0,1,3,1275,960,1275,960,,-3.09,-93.85,-93.85,0,1,1,1,,1791505998,0,0,1,3,590,619,590,619,
1791505949,CPgBvNBjmDHL6bvKDyoA8PqSgo6LUMpmk1M8yD9Gpump,Facebook,2ftaBNNtqzNKd2kMTZTQFvaf7Ck3NLNi97npQS9sASGi,pumpswap,1791496976,0.000008763,6489.71,8480,8480,2334.04,22883.96,322247.15,322247.15,91,73,1346,1179,6583,5655,6583,5655,18.68,-45.87,-80.98,-80.98,100,0,1,1,,1791505998,64,46,1109,1034,4005,3539,4005,3539,100.0
1791505950,F5VPPwhd2ouNhMjEjsMiShS3xTLyqqouaa1au5CHpump,DEGENT,GRzXQfByr9reL7wmEFxgYH5XUhP1jrjTKHUwHfYgk4b8,pumpswap,1791497838,0.000002171,2209.74,2122,2122,0,35.91,127530.49,127530.49,0,0,0,3,1069,988,1069,988,,-2.85,-95.42,-95.42,0,1,1,1,,1791505998,0,0,0,3,587,486,587,486,100.0
1791505951,G46vAZfgL5214SEAP9oHeipDKp1PoK5TnxqGQjVpZWVM,AODF,Bd2SKNdkdU6AoGC6KJU91BXUhfh22CbXdtLj24aqUeCc,meteora,1791484174,0.001591,38535.51,1591633,1591633,0,77.09,19680,19680,0,0,4,3,14,13,14,13,,0.04,8089,8089,0,1,0,1,DYN2,1791505998,0,0,4,2,13,6,13,6,
1791505942,2oHVgjeCzVsFQujf8tPPMNpAuMAp1smzm3SEKRUNkmMw,Trigger,3GN2EGSAeZatnX4tbjAP5pydLSCr5bfbxxToK5RyoXFi,meteoradbc,1791496978,0.00004408,,44086.58,44086.58,0,0,69175.72,69175.72,0,0,0,0,506,590,506,590,,,1225,1225,0,1,1,1,,1791505998,0,0,0,0,259,177,259,177,
1791505953,ivdERh8PJC5m7mHz1b5ABLArttiE92T8bcaDAcmpump,Anthropic,CunJ9cPUH8F3uTKf2qhzqwUsdDVux72SR2V3VaJNQhf7,pumpswap,1791498536,0.000001974,1986.04,1964,1964,0,39121.99,82156,82156,0,0,933,3228,8712,9252,8712,9252,,-99.74,-95.7,-95.7,0,0,0,1,,1791505998,0,0,1,6,336,893,336,893,100.0
1791505949,D2r7g44fk8cJk1k5oqbsrauCeWknCkW5HbNBAo6WdPjL,STONK,4b6tVRBTuXH7pe35ghKiLsfD8Hm6Q2FK5ZVDkWJ7VWMc,meteoradbc,1791498463,0.00003206,,32065.46,32065.46,0,0,9212.34,9212.34,0,0,0,0,318,397,318,397,,,80.79,80.79,0,0,0,1,,1791505998,0,0,0,0,167,164,167,164,
1791505952,HF5mNkMWMU7LeMFyRqAvSiftyC3CyGyfRrsPJ1KMLE36,Official,FE4p78tkG3rDpFyf4zK3uq1SnPbWcHGPs1mkNxMGi5W4,meteoradbc,1791498485,0.00004958,,49585.9,49585.9,0,0,1988.27,1988.27,0,0,0,0,76,60,76,60,,,6.08,6.08,0,0,0,1,,1791505998,0,0,0,0,59,39,59,39,
1791505943,4W6XUPNMBHydpViJ8YGjcKf1xTcrm4LEcFe2X9FJpump,CALI,9L764CVwofuv6nxjHzY2VC1iMKftZfjf1C2DEx5pnodY,pumpfun,1791498230,0.00004542,,45426.91,45426.91,0,0,41540.66,41540.66,0,0,0,0,173,66,173,66,,,1277,1277,0,0,0,1,,1791505998,0,0,0,0,160,47,160,47,
1791505949,CZU5zSjh7d9CXNRwwhc97yjkYi2KQW9VYkLMy5zpump,SpongeBob,HmsqcWfhMxCV4VndQdaU32a96PBcGmWgZab6jKRqkd1y,pumpswap,1791498442,0.000001956,1967.8,1943,1943,0,0,54246.47,54246.47,0,0,0,0,4140,4527,4140,4527,,,-95.73,-95.73,0,0,0,1,,1791505998,0,0,0,0,317,880,317,880,100.0
1791505952,HP3qHQogrnszvww9LLXaeJecpHJvw5pBXcu5AV38CyK,ROCKSTAR,EY4rxh4gt6UYgLe65ju81NRoTsz5gUdVxacEV1Pwo99,pumpswap,1791496992,0.00003828,0,38290,38290,0,376927.81,1319869.44,1319869.44,0,0,688,711,4390,2461,4390,2461,,-21.41,130,130,0,0,0,1,,1791505998,0,0,97,99,2087,107,2087,107,0.000000000836062665358048
1791505941,12pmpeFeWYjhbzPDmwRZxCvEgiVKHnB6aGhgeNrMpump,FOMO,CxsJzgpVnNv9wuv8ALAzsVXZBqorB6XrFZ1XqqvsWzmd,pumpswap,1791498366,0.000002038,2070.74,2022,2022,0,27155.97,178110.88,178110.88,0,0,270,3211,8651,5063,8651,5063,,-97.71,-95.56,-95.56,0,0,1,1,,1791505998,0,0,20,786,2933,1577,2933,1577,100.0
1791505949,EBBqWMfNjJ4vEH8TPnbK42oZTAkA1Ne2xjCWwMkXzBHv,Cap,WeisT47NkAohCEmApvFoTesPFQS4WLpddV9dBUaXdJH,pumpswap,1791498339,0.000002084,2092.33,2085,2085,0,0,46836.16,46836.16,0,0,0,0,1382,3504,1382,3504,,,-95.45,-95.45,0,0,0,1,,1791505998,0,0,0,0,331,890,331,890,100.0
1791505948,B75Gh2sBnFCzrpUKV28VR2v2W5pA2Qc9znBnWmrgS6QV,NINJACAT,3dcPkCKAB8DEQjsBu4DmJg9Dbyjey8hbJgZVA21UaExF,pumpswap,1791497878,0.00003960,0,39605,39605,0,110798.58,517232.17,517232.17,0,0,1025,1020,5734,4683,5734,4683,,12.4,141,141,0,0,0,1,,1791505998,0,0,100,101,1117,109,1117,109,0.000000000889289884657048
1791505941,129sbfEN5Cw6xRdDdcarbdbbBuKeSkxxFAcehs2umfyi,FLRSH,HokmbZoYbABv1w5sugGJSYAxgJaPAU1kGd85SDe3RXGi,meteoradbc,1791486613,0.00004364,,43643.59,43643.59,0,0,8728.31,8728.31,0,0,0,0,49,2,49,2,,,1058,1058,0,1,1,1,,1791505986,0,0,0,0,38,2,38,2,
1791505949,DMMyPAGPfnBJprrCictGinzgBUzJL1t7yCgpVzTHpump,TSI,9BGsZ9Nj9sJ8uPktisqNtR8D9m6rHw5KCGQELovE6a51,pumpswap,1791499559,0.00001477,9380.17,13984,13984,136.85,30117.85,284385.04,284385.04,2,4,432,308,3290,2282,3290,2282,0.42,-76.99,-69.52,-69.52,0,0,1,1,,1791505986,2,4,183,216,1210,1038,1210,1038,100.0
1791505952,GbXmYMpojmuYAamDrh4ffqaeegvRgU4jaaYJiaXavRDJ,SI,77SaHAyzwHdwhKNy1fzi7JoEwWyzmHrUKMqkLZTQ5pqv,pumpfun,1791498800,0.00004511,,45115.41,45115.41,0,0,34363.92,34363.92,0,0,0,0,493,246,493,246,,,684,684,0,1,1,1,,1791505986,0,0,0,0,344,151,344,151,100.0
1791505950,F4aY8X7qXpMGf64FFYiMJWJMv8HuSLMv6bgNw7fepump,MINIBATON,8KxF1PCfWkS82uarKVhrkm2cycCoooxjz7JvabmLKWSh,pumpswap,1791498998,0.000002438,2740.25,2430,2430,0,129792.05,2513600.15,2513600.15,0,0,37785,3306,238825,40522,238825,40522,,-99.68,-96.49,-96.49,0,1,2,1,,1791505986,0,0,274,345,1461,999,1461,999,100.0
1791505942,3U6xLpPPzvYPsx5HVsZ6Dmoe4B6u3oNvvkv8dH3Dpump,rocketcat,44Z9Pr99Lre7WmjPe2veJRao4giXovrApauokvyqr8Qu,pumpswap,1791498926,0.00001161,7534.49,10635,10635,1068.27,14091.91,79011.72,79011.72,8,12,165,154,927,762,927,762,-22.79,-39.94,-76.01,-76.01,0,0,1,1,,1791505986,2,8,95,115,456,471,456,471,100.0
1791505946,8gZFDmFgHC3f86Lv9ga8DuUA2172bgit9oaPYg3zWsbH,SD,256KEbab95D6Yz8JJ6u3eU633hYXjVTMVwkMTWjv6mZq,pumpswap,1791499116,0.000002082,2091.76,2015,2015,0,25187.63,41923.73,41923.73,0,0,388,283,680,455,680,455,,-97.65,-95.44,-95.44,0,1,1,1,,1791505986,1,1,42,151,187,268,187,268,
1791505951,GD7264PdijYjqZYV11Q8ktufEBVvU6H64GLkuKT65xFa,fone,8oSWzkLhAhRyGWa3zB7CueCeTpFESuzG5vcfiKutW9L3,meteoradbc,1791500356,0.00005491,,54911.54,54911.54,0,0,5098.39,5098.39,0,0,0,0,128,103,128,103,,,34.99,34.99,0,0,0,1,,1791505986,0,0,0,0,111,87,111,87,
1791505946,9cmMh6X2FKcTogw83m2zUno5zdHK9gwUuZPqfw5Qqf7B,NIMORI,7U8hyyAYcnUnSbdCPA2kBn6Vk5WCkqJWqSBcCedcvR9E,meteoradbc,1791500372,0.00003280,,32801.81,32801.81,0,0,1610.37,1610.37,0,0,0,0,32,22,32,22,,,80.94,80.94,0,0,0,1,,1791505986,0,0,0,0,29,20,29,20,
1791505951,GVTG8k3ttu8jzQZeZx6QhvdEfzzxLhrSLEE13hPPZ6Qx,TESLASI,6Ej9BteEr3pV9iLZgsL9o7xZKAru6W1GoTV4TN2xws9j,meteoradbc,1791500354,0.00004940,,49401.29,49401.29,0,0,3290.11,3290.11,0,0,0,0,66,43,66,43,,,5.7,5.7,0,0,0,1,,1791505986,0,0,0,0,61,41,61,41,
1791505942,3CvupPknMrTs5SWTC5vboX9p7ikYsMxd7K9MDedbpump,Hive,EvYym15amqrQNi3URdcuSWAiRhZBMEwVv394Kiedack6,pumpfun,1791500396,0.00004133,,41336.63,41336.63,0,0,22032.52,22032.52,0,0,0,0,128,62,128,62,,,1235,1235,0,1,1,1,,1791505986,0,0,0,0,107,44,107,44,
1791505946,9RwFBZLsQigqwmMGzoYDt2en3NayLyKR2a3crCY5pump,META,FMUKcsWYXSRFbpS73oBgKdkF385QJXqtocp5fPaTCTAz,pumpswap,1791500442,0.000002866,2774.47,2611,2611,86.91,3754.62,14581.46,14581.46,0,2,31,89,224,265,224,265,-4.32,-95.04,-93.67,-93.67,0,1,1,1,,1791505986,0,2,35,79,186,218,186,218,100.0
1791505949,DU3QmEbGMptYkhtBLxfLQLDAnwy2vpZktX13LLJpSgnR,SpaceXSI,Cb7v5WZBvrJeGw5qTpohtVBFSpjCNKLqQM49coWiARyJ,pumpswap,1791500427,0.00004050,0,40510,40510,0,104412.51,421150.76,421150.76,0,0,196,189,2800,805,2800,805,,68.82,326,326,0,0,0,1,,1791505986,0,0,80,78,2113,103,2113,103,0.00000000110662955432026
1791505943,4atWv6MjGCDPHyvutq6E4fjrcHt79pu3choAv9PAHYoa,SI Coin,4oeEFmCazgjHmsETGS1VDhtHAeHEdP44HLqXU7KkjaSH,meteoradbc,1791499464,0.00004961,,49613.02,49613.02,0,0,3603.49,3603.49,0,0,0,0,195,169,195,169,,,5.91,5.91,0,0,0,1,,1791505986,0,0,0,0,69,52,69,52,
1791505944,5MS2zt6GU3KU4r8qn2gZc8W2yKdtPkLVxFDRe8WJpump,ECSTACRAFT,CDpjb9iVh8ReNgBqfZSDhb3K6njT6cLuW2cAbuhVfdGX,pumpfun,1791499180,0.00004485,,44858.01,44858.01,0,0,9307.17,9307.17,0,0,0,0,5,0,5,0,,,1347,1347,20,1,2,1,,1791505986,0,0,0,0,5,0,5,0,
1791505952,HWF1wFuHCuEwT8Y4danrodVRDCZTsRWeYzp5Na86DERE,Cap,DAJdHvfLPNAP2P8QRmAW1pafDvNhFwPHxy97FrNqsePQ,pumpswap,1791498985,0.000001961,1988.86,1952,1952,0,1.21,151255.73,151255.73,0,0,0,1,22839,19210,22839,19210,,-0.21,-95.72,-95.72,0,0,0,1,,1791505986,0,0,0,1,346,902,346,902,100.0
1791505953,QxJnaH6CqHc3JkfjLiWZ77NwShBbWZyHUMKxP7Upump,Robinhood,91z3H7THJfwqLyGQLSZkLgb6X4p1z7ToEYsc5PzFCb9j,pumpswap,1791498247,0.000001937,1952.23,1929,1929,0,0,112040.17,112040.17,0,0,0,1,15312,15394,15312,15394,,-0.85,-95.78,-95.78,0,0,0,1,,1791505998,0,0,0,1,2474,3125,2474,3125,100.0
1791505950,EonLn1hVrWnsJVyncMnbPVnxoFWtv9YpL8EmsdWpump,FOMO,BcZ9tY8tLoFDLKhube4Uxz4ksiruESo5ZXTh3X7bUnpP,pumpswap,1791500282,0.000001963,1980.79,1964,1964,0,0,77470.6,77470.6,0,0,0,0,9076,9594,9076,9594,,,-95.71,-95.71,0,0,0,1,,1791505998,0,0,0,0,373,909,373,909,100.0
1791505944,6fxp6A1sX41HdFdbkGeGiSPPVLGxQkXEVCRoaoDQpump,FATTY,Aup5K5VaxZTcuq2JALebAF623WYDkhwFqTSSyFLLaNK9,pumpswap,1791498827,0.000002167,2218.79,2090,2090,0,0,198036.82,198036.82,0,0,0,0,8060,3476,8060,3476,,,-95.77,-95.77,0,0,0,1,,1791505998,0,0,0,0,3233,2069,3233,2069,100.0
1791505951,FooCz3fLixgU7u3tGBKyoU3uBsmhzJHMuKuPgMdbWsm9,BARRON,9yZyAjpLLFhDnJUBrmSEJnSDrMDJUhyMijZws5fPRa9U,pumpswap,1791499467,0.000001955,1998.26,1946,1946,0.52,3.23,153774.72,153774.72,0,1,0,4,11950,8524,11950,8524,-0.77,-2.88,-95.74,-95.74,0,0,0,1,,1791505998,0,1,1,1,348,897,348,897,100.0
1791505944,6GuYrd9U4cGFzCpyVsvURzkfPgKcLonBqS68xRQspump,Google AI,9YSfAbxCp7Ct9SemZmdfwLqq6x7apPh1YekUHjtXk8Vz,pumpswap,1791499081,0.000001957,1975.7,1947,1947,0,0,91594.81,91594.81,0,0,0,0,12908,14655,12908,14655,,,-95.72,-95.72,0,0,0,1,,1791505998,0,0,0,0,741,2193,741,2193,100.0
1791505943,4tCtbCyQc5Pp8V72VrW1MP7yTHTGpCutVZMsFvAsEssa,RWA,HPmrK6uGwhEpgXr9aSDWwH9EBqPJ6SKak5eV58ueW479,meteora,1791498746,0.0001421,48225.81,142193,142193,1974.84,203994.34,261616.2,261616.2,4,11,867,743,1193,958,1193,958,-6.33,36.06,3388,3388,0,2,1,1,DYN2,1791505973,1,8,472,426,621,487,621,487,48.4829245167163
1791505951,GDPMoQRoUc1MpHPAf6NWQTEncZy3TGzzuyGvjT3Tpump,VAMP,xTpMPTSzUjdXxrETzL8tK4f15uSBL1LN4AmLzjPebnG,pumpfun,1791501686,0.00004508,,45086.65,45086.65,0,0,45221.72,45221.72,0,0,0,0,92,46,92,46,,,1256,1256,0,1,1,1,,1791505973,0,0,0,0,79,22,79,22,
1791505943,3vhFEtiT5E32jtP2oC7zH5cyGFJs8nGhszSWJ5Xepump,OPAD,9XcMNUTbPkPJFgxUdJLKpW4UCFoiUobW4hLRrpo5Vw42,pumpswap,1791501383,0.000002654,2710.18,2571,2571,0,23360.38,260638.81,260638.81,0,0,254,307,1638,1215,1638,1215,,-93.7,-95.02,-95.02,0,1,1,1,,1791505973,0,0,138,212,800,706,800,706,100.0
1791505946,9buWpAaKzpssQQu9swYejJ1niCSQnrtvGwo5hQ5jpump,BabyBaton,B45wqm5xo9Tn25ErLp4uMmVmc81YWEVTPSWcXWZmkhSw,pumpfun,1791500473,0.000004064,,4064.54,4064.54,0.82,16493.69,106729.28,106729.28,0,1,229,289,1588,1192,1588,1192,-0.02,-81.82,9.26,9.26,0,0,1,1,,1791505986,0,1,110,205,728,680,728,680,100.0
1791505944,6zAixiTbxWna7X8sLi8GyojrvH8N4D213p8jRtSopump,CLUBY,44NeSGpsLkhGTR2jtoimhMPZnAoWVu2vpQqYwiudKoP5,pumpswap,1791502504,0.000002715,2652.41,2711,2711,0,17189.34,17189.34,17189.34,0,0,108,195,108,195,108,195,,-94.09,-94.09,-94.09,0,1,1,1,,1791505986,0,0,100,176,100,176,100,176,100.0
1791505949,DU148VhedGj3LHj7ZPDpw1q8S6ecTne33PPh7frdDkU4,TESLASI,8rWhkLVMVUZVnDgD76Qz79wkvi8CehFgsa6j6CULCmmV,pumpswap,1791499598,0.00004542,18036.87,44534,44534,1203.67,28776.17,511522.47,511522.47,8,5,394,365,4862,3855,4862,3855,-9.49,-52.61,-3.79,-3.79,0,0,1,1,,1791505986,4,2,192,290,1907,1667,1907,1667,
1791505949,DH9BUP3BCwEMfYLt5SWnggX7G71eZaS2sf6UEXARpump,GAME,GiQTt3S29RHx8pMwqW5tj2J85He6KmyVN9MQqsoMLpeb,pumpswap,1791501300,0.000002139,2191.52,2061,2061,0,80652.01,171189.63,171189.63,0,0,951,1963,5807,4191,5807,4191,,-97.54,-95.34,-95.34,0,1,1,1,,1791505986,0,0,727,1713,4534,3435,4534,3435,100.0
1791505953,J7bhFegCHZAeRzdYDwmbSp1CJ1bDJkutSg26B4SXpump,COIN,Cbxm9jecUR3Bg6byCFNkBcoTU3fp5nZYLm4Lx4gJQfvs,pumpswap,1791501881,0.0002379,45272.56,230277,230277,33141.19,1684915.92,1852723.02,1852723.02,243,224,14044,11280,15880,12549,15880,12549,46.27,35.87,444,444,50,1,1,1,,1791505986,146,100,4515,3776,5108,4088,5108,4088,100.0
1791505948,BJbW6Rng7jwaVu3oJTH2gCzddhU8M5RYbb4e5LTa4pan,si.com,AL1Z9AthdX1Ff79xgMuEThhu4LAGPm1xYR928pHD5TJu,meteoradbc,1791502149,0.00004963,,49634.84,49634.84,0,0,2492.35,2492.35,0,0,0,0,105,103,105,103,,,6.1,6.1,0,0,0,1,,1791505986,0,0,0,0,66,51,66,51,
1791505944,6zW7nLneeVGRhtbaYoPsxkgprnyz4K5jysFoR7UUwgff,中国人能飞,AxK69RdvZsceC1LcaozbCK2CYgrqZ5QHztpwx8UXbCF8,meteoradbc,1791502109,0.00006015,,60154.43,60154.43,0,0,5617.05,5617.05,0,0,0,0,220,318,220,318,,,60.84,60.84,0,0,0,1,,1791505986,0,0,0,0,187,158,187,158,
1791505945,7EpCRTcdTU5B5nBU1sRLocR5Vvogni5xdwnGYiLdpump,MSI,6wpNfR1JnD1gxxrNAbjaYo5SueUWSYSTnJdb3dLsqNom,pumpswap,1791503894,0.000000001005,3.74,2,2,0,4.65,4.65,4.65,0,0,10,3,10,3,10,3,,-78.42,-78.42,-78.42,0,0,0,1,,1791505986,0,0,10,3,10,3,10,3,
1791505945,83u7qj6VbAmbyRBzB4XwCafg5Qcfwe24NAf3iB5KsPxN,si.com,7TWEKXuqurnq2pfGmnZZtmvHpAEk2E4cAVmBh4pTWAj8,meteora,1791502175,0.00002556,13.1,25566,25566,0,384397.7,509963.23,509963.23,0,0,1542,1016,2493,1640,2493,1640,,41.15,165,165,0,0,0,1,DYN2,1791505986,0,0,345,70,1314,80,1314,80,0.0
1791505950,ErN6y22awhZUvziCw4gCSvjQGQabB37VccAt4Z2Tpump,si.com,4LgDCGict2Yxd6EhyJZKcjLSMQXkWqwpASjMtCzwqrMv,pumpswap,1791501688,0.00001598,9559.86,15648,15648,2104.22,111733.65,391926.7,391926.7,23,20,1360,1192,4509,3875,4509,3875,19.17,-74.49,-64.13,-64.13,0,0,1,1,,1791505986,2,8,496,650,1736,1635,1736,1635,
1791505953,PAsgQWpq8bNK9pLN88nM32yxsAGvxV5hKkda7c5dZFK,TikTok,5CmEd15UknCLMsoprXEFHDKiTsT64obUa46Sgn372SHq,pumpswap,1791498975,0.000001949,0,194965,194965,0,1967168.11,12350818.99,12350818.99,0,0,1786,1208,11367,7752,11367,7752,,3.26,126,126,0,0,0,1,,1791505986,0,0,516,49,3666,66,3666,66,0.0000000000366585523644758
1791505952,HRbKfpHaX3iRpmxahMsp8cJGMWdCnjzaFN3Q8QxFV2Uh,si.com,4npN9p9qfmvyQyJQsb6RxkRHmGPXCPbzDY9QTCWzyVc6,pumpswap,1791501766,0.00004685,0,46851,46851,0,1583662.31,1892023.08,1892023.08,0,0,3429,2578,5858,3084,5858,3084,,63.52,382,382,0,0,0,1,,1791505986,0,0,104,102,1923,106,1923,106,0.00000000109556325877729
1791505946,8mN3xPahFJzGQovaYEx2EmN4EWuyHCdozewMBrHjpump,GTA6 Coin,E2VQmYeQxm1FtFMiPKUgZXoBBdFfuhUhRQBNrQThoMtT,pumpswap,1791498677,0.000001953,1987.31,1944,1944,0,140652.75,216711.23,216711.23,0,0,6902,8533,20133,21734,20133,21734,,-99.78,-95.73,-95.73,0,0,0,1,,1791505986,0,0,377,2172,435,2218,435,2218,100.0
1791505944,5fNjBcG2jPQxc6ZVqDMQW6yDFF43MMHj5kNR5oYPpump,SI,J16XgWzEeTEutZ9Vbn7Bg4rxLSA18m5UPm6Mou5wxcFN,pumpfun,1791502023,0.00004534,,45340.63,45340.63,0,0,34471.17,34471.17,0,0,0,0,134,62,134,62,,,1322,1322,0,0,0,1,,1791505986,0,0,0,0,126,41,126,41,100.0
1791505953,LkeHSGM2jQ6ast7qHU9bbHhtosETbEVzsdi6jkCsevt,TESLASI,H2d9YeT1dQuTiauH8m5Mtoj64M2rBpj66MMT485NUMCW,pumpswap,1791500344,0.000001086,0,108601,108601,0,552820.71,4229540.19,4229540.19,0,0,598,404,5526,3138,5526,3138,,3.53,113,113,0,0,0,1,,1791505986,0,0,66,20,2016,32,2016,32,0.0000000000476404494499939
1791505949,D5AXU5oeeenZcY2b87h3vwkn3bsQxf4EspbofBMupump,grubber,9n7FrTSzqP1nTbZeahCkHYht3vo6QuZips4ch6nHV1tK,pumpswap,1791504024,0.000002519,2482.46,2519,2519,7.57,42740.78,42740.78,42740.78,0,3,708,644,708,644,708,644,-0.74,-94.14,-94.14,-94.14,0,1,1,1,,1791505973,0,1,421,459,421,459,421,459,
1791505952,HFb7YSnKaFJLyGq5BVsYSTWHbkDRPmP2j34KwHp6uH2o,H2O,GpBtyy3qE7C7KvFMzieXHyuQucT9Tyg8Zxxz2Q9TNTCP,pumpswap,1791503442,0.00002687,12740.92,26875,26875,889.73,276820.32,276820.32,276820.32,22,28,3710,3049,3710,3049,3710,3049,4.41,-36.62,-36.62,-36.62,0,1,1,1,,1791505973,8,17,1524,1354,1524,1354,1524,1354,
1791505941,1zSCq4P13fAfFZ2fqm1uBKfE9tX3nqHx1Sm1u8Bpump,COCA,CXs1YxnHXNqxKo77mHHaLWmZ3d2MTjnYu8CDoMrty1Fj,pumpfun,1791502564,0.00002427,,24274.75,24274.75,62.15,34352.32,34352.32,34352.32,2,0,130,66,130,66,130,66,1.48,677,677,677,30,1,2,1,,1791505973,1,0,117,29,117,29,117,29,100.0
1791505950,EUDqn3D6PdFdPJoWz7qqohJntquwHnvy63qZjFEX7Nzj,Clanker,8nMbM4gbuMxfkKcFmt7fEuZmzLWuXmdQ27gcC4yNivwk,pumpswap,1791502311,0.00001283,8026.33,11522,11522,1361.62,57370.81,73682.1,73682.1,10,14,730,712,1025,908,1025,908,-7.69,-40.63,-70.47,-70.47,0,1,1,1,,1791505973,3,14,261,309,520,543,520,543,100.0
1791505948,B3wB91NRRW7XzssWqeMoDpCGCdhNvMNb9ZSWXfKrpump,SC,BwQva2dXcsG5VZ7fixaWidFqpHUhip8FwAzKSkFsENV8,pumpswap,1791502663,0.0002022,38363.05,199023,199023,5965.4,374414.02,374414.02,374414.02,91,70,11489,2374,11489,2374,11489,2374,-3.63,43.07,43.07,43.07,30,1,1,1,,1791505973,42,48,8775,1563,8775,1563,8775,1563,100.0
1791505947,AdYYicVan8uUPv5YMaqoSNKPPSmZvSNphMuBewqHpump,Instagram,DkyLqCVDt2iaAt1gUQjgGsqnaUbLMMb2F4Mcd3URD9m,pumpswap,1791501884,0.00003448,14744.65,33989,33989,5973.5,247116.77,369634.83,369634.83,3,2,5537,3546,6524,3759,6524,3759,1549,-59.18,-75.77,-75.77,30,1,1,1,,1791505973,3,1,2213,2812,2890,2868,2890,2868,100.0
1791505942,3n51PDRJaKKJQyFA2zeqHNKvMavTsbd8RyoAJcHPpump,MASHSLOP,DdCKGiCHkL5p8zYm75979z2152Z16tovXGKbMFZGhy8s,pumpfun,1791499099,0.00002753,,27538.25,27538.25,271.26,9025.32,57300.39,57300.39,4,4,88,65,502,341,502,341,-3,35.95,778,778,0,1,2,1,,1791505973,2,1,58,43,346,233,346,233,100.0
1791505951,GZw6DzcXJceAysSu2BoCf4vT2T1p4jbhYbzEShabpump,UNHELPFUL,59FVtDkrUQNro4mhEAhMbAaKvVQ5xTpoRf5K1zWc3U55,pumpfun,1791128433,0.00002254,,22547.45,22547.45,0,49.71,621.95,5052.64,0,0,0,2,4,18,112,137,,-1.04,-10.49,32.44,10,1,1,1,,1791505973,0,0,0,2,4,12,95,97,100.0
1791505950,FGVrKrcv3uxmbcQXvyxjVMZogKQLWToKzCV5xMfLbMSY,TESLASI,EhScTvQaVTKdqsybKjHUwwa5QBs3ov8sYDranpB5P2ej,pumpswap,1791503990,0.00003521,39140.41,35211,35211,117071.84,999071.14,999071.14,999071.14,317,288,4547,2534,4547,2534,4547,2534,34.25,268,268,268,0,0,0,1,,1791505973,50,41,2124,111,2124,111,2124,111,0.00000000109556325877729
1791505952,GpCQ6oDFekce5rFuL5Ao74qPMuiVE4DnnDi6gwyxbbER,COIN,6LfHSaDHWH1rDgV5FHop5LR93p1DNzZZTb9F3rhfWnev,meteora,1791504003,0.00006734,10.15,67348,67348,0,270523.32,270523.32,270523.32,0,0,1756,349,1756,349,1756,349,,660,660,660,0,0,0,1,DYN2,1791505973,0,0,1372,50,1372,50,1372,50,0.0
1791505953,Pw5xerbzpxwdYF9boK6KipxyztzTPNddcVLx1efyvdG,TikTok,GWK6t19HbDwF4nLWDYKprnt9dySBP9sUWQgdhnwn9qVi,pumpswap,1791503262,0.000001739,260219.86,173938,173938,823943.45,7717060.91,7717060.91,7717060.91,746,511,7432,4980,7432,4980,7432,4980,0.11,102,102,102,0,0,0,1,,1791505973,184,49,2506,64,2506,64,2506,64,0.0000000000366585523644758
1791505942,38Ezc9mbrqmpbK8za8q4KpGhqDGd3xMfXzwfCuPTpump,CATCLAP,6V6mLREN9CHQQRodyaVpWn3STpNJF6DaKegCJ7v5NjLn,pumpswap,1791498931,0.0001090,30744.99,104869,104869,5774,9520.05,39265.35,39265.35,33,17,93,50,263,180,263,180,-0.99,13.6,84.92,84.92,30,0,1,1,,1791505973,21,17,65,48,176,131,176,131,100.0
1791505949,Cc55PUZz8VbqFLyv6UY67HTbnEi7SQRidkqXzDZgkGDD,UNICORN,FWgu6sWMVYEC1FuShcdXLx9oirTFgyykdqqFwVa9C1nh,meteoradbc,1791505580,0.00003770,,37703.67,37703.67,12782.79,25039.3,25039.3,25039.3,162,144,247,200,247,200,247,200,223,1023,1023,1023,0,1,1,1,,1791505973,165,71,165,71,165,71,165,71,
1791505942,2bKaJKQSzY3Nw7RQMTCGSCtKxeZYsxKeXXEt2SuXpump,INTERNET,4sxWtAuky6XA3WZZKfrSJM1SGHqq2GJrxLrQAdMeMT2E,pumpswap,1791505126,0.00002956,13164.15,29563,29563,6378.56,40646.88,40646.88,40646.88,70,46,476,455,476,455,476,455,23.51,-31.49,-31.49,-31.49,0,1,0,1,,1791505973,37,21,286,281,286,281,286,281,100.0
1791505944,6u7rpMujMmWnpn4FDaXhsi3ru5oAnFhRP8eQHxfNpump,$MONEROCHAN,38G65fBV7dKyywbSUjsSVhErZM53YFKj5FfGbNSSRqJa,pumpfun,1791503620,0.00002931,,29314.58,29314.58,3274.59,20200.17,20200.17,20200.17,19,9,166,115,166,115,166,115,14.16,705,705,705,0,1,1,1,,1791505973,,,,,,,,,100.0
1791505945,8ETj5MVyqCAjVj5iRxP2Tnpsfdtc8ggPHWovy6Eopump,TSC,BnMnZkkiV72z4axPCD68yeMdpn7oynAZLJGGPHohTuj9,pumpswap,1791504904,0.0001402,31594.04,140283,140283,71393.49,344323.82,344323.82,344323.82,585,533,4372,1461,4372,1461,4372,1461,-27.85,0.22,0.22,0.22,30,1,2,1,,1791505973,219,272,2442,915,2442,915,2442,915,100.0
1791505942,3svMAzxDjTZ6v5zpxWC15tddcVENJJCMvaHkNBqX2f6u,vamp,7uuY9iLgUzZej6j4HFqeVqFrHhrrQdoJU7CMut8zsGDC,meteoradbc,1791505767,0.00007263,,72633.86,72633.86,3748.89,3748.89,3748.89,3748.89,75,63,75,63,75,63,75,63,423,423,423,423,0,0,0,1,,1791505973,49,42,49,42,49,42,49,42,
1791505947,ASoWcnThRRfj652BVJyFDYfNx3P4cTZ12ejw8Rvr7eGW,vamp,7uX1LwwVckDEKVpfaT4ftaZCQn64uabG6WJVcGsNZsTH,meteoradbc,1791505693,0.00004897,,48979.7,48979.7,4796.72,4796.72,4796.72,4796.72,165,173,165,173,165,173,165,173,7.66,7.66,7.66,7.66,0,0,0,1,,1791505973,115,118,115,118,115,118,115,118,
1791505947,AxFKNCS5Snfs4mVbg2eFroWf2M3zH2wC6pND8Kppump,Anthropic,5S8syBU5ag2XJADBYi2vUAfqNoTU8DeiAJGrsqwhCu9s,pumpswap,1791505609,0.0003879,52645.05,387985,387985,371.65,16708.47,16708.47,16708.47,2276,1848,2877,2306,2877,2306,2877,2306,10.65,758,758,758,0,0,0,1,,1791505973,299,290,322,310,322,310,322,310,100.0
1791505944,6s9c78DJQveigGTEzFPBPeiFVjoXDMtqHPr3vLwpVxM,COIN,8XRG8kf8dyQn1yb8oWWQADLTP5cTQx8NQpikPKUi8K9F,pumpswap,1791504383,0.0000008921,138601.58,89215,89215,519525.47,2409504.47,2409504.47,2409504.47,646,383,3497,1836,3497,1836,3497,1836,5.35,76.62,76.62,76.62,0,0,0,1,,1791505973,166,20,1449,30,1449,30,1449,30,0.0000000000476404494499939
1791505953,HsWFPDCUpPCXfJLwry6LjpqWWLpt2NruHBwPw7te9yrH,OP_CAT,DXYxkG6A6Mc26htryyM3QuJuwu9AULntVtnca4R1D3W8,pumpswap,1791505473,0.00003172,34943.48,31721,31721,119620.46,211827.33,211827.33,211827.33,506,209,1761,375,1761,375,1761,375,65.82,230,230,230,0,0,0,1,,1791505973,45,39,1424,72,1424,72,1424,72,0.00000000109556325877729
1791505952,H72pex1VtfY2M7v2Tfk9D9PgvCocRuFN3owCveERSa4s,vamp,5vAG7KRu7dwWpmP9xM3NjeQQCUcfHgCJnvGBvkZRJn4T,pumpswap,1791497651,0.0003112,50004.3,299589,299589,63109.8,784840.87,1083511.49,1083511.49,542,360,6175,4799,9221,7119,9221,7119,-25.47,99.39,578,578,0,0,1,1,,1791505973,284,226,2502,1894,3610,2796,3610,2796,100.0
1791505943,586XUyWLUtDV1BvUzdTT1LFJgGZuZLLXtJezYcsQpump,FOMO,9jnU4FzgpVvmbRks8PacuKUBsaiPn6CLSU9StdhXdD6C,pumpswap,1791505580,0.0004720,58284.66,472052,472052,6544.71,25957.96,25957.96,25957.96,1262,1229,1529,1451,1529,1451,1529,1451,17.64,944,944,944,0,0,0,1,,1791505973,269,255,365,318,365,318,365,318,100.0
1791505949,DWZ4SmQGzcmpEntCfA8HVSZDw3ngdiYdCunzKUgqxiXU,COIN,5eJcJ9YiDNbeXikr9DNnCjdYMUEWMKwDmk1BkzjG7wJQ,pumpswap,1791503367,0.00005837,61709.73,58376,58376,552048.7,5056313.96,5056313.96,5056313.96,578,333,5983,3127,5983,3127,5983,3127,9.96,457,457,457,0,0,0,1,,1791505973,136,20,1885,26,1885,26,1885,26,0.00000000109556325877729
1791505942,3QL5d95oFKQRzEmbsvZvkE9YPwE12CU1TCaZ5BUJRuaB,OP_CAT,6snxTn8ty6ytAkYTHxKYXQZNFWUvKKb1FaJKfwpmD9o1,pumpswap,1791505522,0.00002699,32050.22,26996,26996,85090.34,129287.09,129287.09,129287.09,1036,230,1704,388,1704,388,1704,388,89.18,183,183,183,0,0,0,1,,1791505973,552,51,1516,90,1516,90,1516,90,0.00000000109556325877729
1791505947,A28g8B2K7yPPKX2ciD3toWxgPdKuFtqqtWdTXKHjpump,NVIDIA,1g8vUdtkLS8jyrXS1maofuUdjiWwAAX3ERA8dMgQg1B,pumpswap,1791505310,0.0005553,63382.2,555316,555316,7862,28067.04,28067.04,28067.04,1609,1287,3499,2895,3499,2895,3499,2895,19.76,1127,1127,1127,0,0,0,1,,1791505973,544,260,670,305,670,305,670,305,100.0
1791505949,D8W5KW4EM7iUCtcxx23HsiaRMAnK58McEvCo37Sdpump,BUNKER,8xTv6H8Zdv31GTEazg2RdBqZEyDJf7PpHRLViHNPWpJA,pumpswap,1791504972,0.0006480,68669.79,648085,648085,6306.6,45997.8,45997.8,45997.8,966,905,3271,3143,3271,3143,3271,3143,18.39,1322,1322,1322,0,0,0,1,,1791505973,252,239,406,386,406,386,406,386,100.0
