ts,token,sembol,pair,dex,pair_olusma,fiyat,liq,fdv,mcap,vol_m5,vol_h1,vol_h6,vol_h24,al_m5,sat_m5,al_h1,sat_h1,al_h6,sat_h6,al_h24,sat_h24,deg_m5,deg_h1,deg_h6,deg_h24,boost,n_web,n_sosyal,n_pair,etiket,gt_ts,alici_m5,satici_m5,alici_h1,satici_h1,alici_h6,satici_h6,alici_h24,satici_h24,kilitli_liq
1791527548,L1NDYkXzdVm5VYNC58SUuZJWKkGfg3RQGaAfxSQQar6,LINDY,pdRbDxjbxCfpdXknK7iSTosB4JgXZyxtyTiPdmFNh1S,meteora,1790302878,0.0005677,62141.58,566299,566299,0,467.61,3091.44,9479.78,0,0,5,0,11,9,53,46,,2.64,9.79,13.19,0,1,1,1,DYN2,,,,,,,,,,
1791527546,EvKf2GtfbDMyZQzZ8VN7uFFoK9FxzsXJmqACaS8H5LX2,PYRO,B4a9HEiLD6BZNGr7daf57f8UsC9tvvFHTvdDgvhGNenm,meteora,1790318476,0.000009851,8116.34,9848,9848,0,0.9,429.57,5341.6,0,0,1,1,4,5,41,29,,2.66,1.48,-4.32,0,1,1,1,DYN2,,,,,,,,,,
1791527546,Ekfbe93ybDm7JnS3xFbTVrfiov2xtx7bgJkbQc74SLWo,RPG,HMwfxasodv8rG5j6tyKBGf5WwS4fkB5RQqYDhL98TkcE,raydium,1790321273,0.00003224,15454.35,32243,32243,0,115.02,396.68,6465.69,0,0,1,0,2,1,27,29,,3.44,-2.86,8.61,0,1,1,1,CPMM,,,,,,,,,,
1791527541,5g9PWcRUHpmqm5uKycpShKXJB18sGLeCEzgB3qrRpump,SWARM,Ftjga524YrS7RPzGCcezMuQnFDYa8PcvWDY5mFmZk5dy,pumpswap,1790326034,0.000007681,7367.48,6707,6707,0,1.76,34.06,204.55,0,0,3,2,39,19,98,54,,,2.23,1.42,0,1,1,1,,,,,,,,,,,
1791527541,6Cw4kWUaZHmh71E3YRiHFRvLA28EiYp4Px2GkUrXfvWM,Shillpad,HsLx3s5UmRTkN5AHYARqGaz2JfphuCY7cVycLAGmafBE,pumpswap,1790325220,0.000002599,2741.02,2522,2522,0,0,0,0.23,0,0,0,0,0,0,0,1,,,,,0,0,0,1,,,,,,,,,,,
1791527542,7TtMjXiY1Pb8sDarHfppGpJ2HNjb8ypvhHsQ6WWzNY2Z,TAOTAO,GnmYjV6vfusyyzsCtdksHHBmNofy76Ndif1fvjXk9NdC,raydium,1790327865,0.000002168,4099.67,2168,2168,0,0,0,0.15,0,0,0,0,0,0,0,1,,,,,0,0,2,1,CPMM,,,,,,,,,,
1791527544,BxgPQ6Ke6B8TBJrACrith5bw1aBg4QnebjS4QgeWGRcw,MAXING,6ChGa26Jpx6qWFGtWeQitHounWVwvJ9QmBCeUakAGm97,raydium,1790326841,0.00003378,4916.5,33789,33789,0,0,53.72,877.96,0,0,0,0,1,4,14,22,,,-1.27,22.91,0,1,2,1,CPMM,,,,,,,,,,
1791527543,9iFE4WcWuVAeiHobsPWbjB1FvA9bvkaSPHnYmnYkmQ9,OSCAR,C2wLRHP2PrFzPDmmn6BmoifdEoSzomzxZ2gBseC4XAAx,orca,1790165151,0.000005073,4811.9,5074,5074,0,0,0,216.33,0,0,0,0,0,0,1,6,,,,-25.24,0,0,1,1,wp,,,,,,,,,,
1791527548,J141JCiXKGcrhDCgWUTCL9qz7h943iCibNiLNfqZpump,0xquit,8R4DDi9X3RBLr876hhRJCv4Gvsy8d9SkABgb8YiHapo9,pumpswap,1790333122,0.000004195,4546.77,4054,4054,0,0,0,26.02,0,0,0,0,0,0,0,2,,,,-1.15,0,0,1,1,,,,,,,,,,,
1791527546,F9PvspnWkP3hSLaYxQb2LvFRBgyrLVhdUJ5q39tZZPbC,BRICK,DFTbcYRFZRkm5hVp9SLkSDrhZSn4aftLqZABXes1rzt7,raydium,1790336879,0.00001135,10605.54,11355,11355,0,15.97,968.21,1639.45,0,0,2,1,14,8,30,22,,0.38,20.8,32.59,0,1,1,1,CPMM,,,,,,,,,,
1791527542,7haJedyf6kQbiDNqzg31pyKQULm1qdeKAYd5VfAhpump,e/pump,8abQxKgRtW2og1oEL4aDeXa546kDWEDhE77t1PrtWdzQ,pumpswap,1790426701,0.000002813,2814.37,2515,2515,0,4.18,6.28,7.76,0,0,1,1,1,2,1,3,,0.52,-4.2,-4.2,0,1,1,1,,,,,,,,,,,
1791527539,2KjgagqiBaR564BrJXE5KjHaxEPTW5pSgLHVn9k8VHwZ,FLUFFS,7jFEmns8yjNZVMiuUj4dADx7nLn6EpQszJepaS2zMbbr,raydium,1790346481,0.000009122,2349.13,9122,9122,0,0,42.3,282.85,0,0,0,0,0,1,8,9,,,-9.58,14.23,0,5,1,1,CPMM,,,,,,,,,,
1791527548,HGLzDFzFLS7iNxw2jPYDFGGFP3SR6LEAnTM4jzzvpump,m/acc,79CuRHX5zAcgWZj7jibexUMjgw8FNrx24tJzw7bb8Eta,pumpswap,1790406372,0.000002292,2356.93,2213,2213,0,0,0.28,0.28,0,0,0,0,0,1,0,1,,,,,0,0,0,1,,,,,,,,,,,
1791527541,5wW9mhbwq1HTFh341iimpmrqBB4mfxdXiYhdYBL7hUnp,KARDASHEV,3QaH1ifhQgUXHQdX3DHi9oMrWzTQfKLcomoCyeRRLMh6,pumpswap,1790407564,0.00009117,35698.11,89774,89774,157.87,2304.93,9368.94,55294.72,2,0,10,6,57,60,380,378,-1.5,0.37,-15.51,-34.77,0,1,1,1,,,,,,,,,,,
1791527542,79FCJqG2DrYzH2G3eCQedRoWRbjri7MSgMkyGeZ7cLrm,TETSUOAI,6k4pXniPnwjnzfuhubkJeLatyysr8oJc6B5o1kUHjmmY,pumpswap,1790408251,0.000003717,3724.27,3620,3620,0,0,0,3.44,0,0,0,0,0,0,1,1,,,,0.66,0,0,0,1,,,,,,,,,,,
1791527541,55Vr2VpSwxsDkB6uGGHAvRv86K6zax2Zb4TT8ivwDEzW,slopcannon,BNG5962Zkbd6ZFmfAKjtCF6Z2mJbA7qn97oMsQShspLP,pumpswap,1790409726,0.0002173,50141.7,209623,209623,379.73,6009.99,28504.63,196777.95,2,1,39,34,155,170,1270,1311,-1.35,3.24,52.02,-13.11,0,1,1,1,,,,,,,,,,,
1791527544,ARPwPPWbaj3FYBf6k1Lt2jqRkv9JJUg3Hxav5aHKTEem,P(DOOM),AKKjxxmVZyrWGKrWyDL3HxVEMk6bp4LpfXWge4uoDob,pumpswap,1790412550,0.000006891,6781.18,6759,6759,0,0,0,132.45,0,0,0,0,0,0,1,4,,,,-5.58,0,1,1,1,,,,,,,,,,,
1791527547,GKaWJkSUgraALkF5GaCNpomH9ed3Vz6xnKR62WFkpump,T/ACC,iZCdZPhN6bxeZ5JuMTyzXa5me6ZEkCmZgStnYhcFpm8,pumpswap,1790431766,0.000003176,3030.14,3034,3034,0,0,0,721.51,0,0,0,0,0,0,14,3,,,,29.07,0,1,1,1,,,,,,,,,,,
1791527539,2nJpGnrkX6pDPstr4JELcWnGsjiN57vajfR89iZkpump,MUNKIEAI,ENCjfNPwv94kmzc483qmA6GQwMDrQrCbhpSknGgWD9Zt,pumpswap,1790414827,0.0001437,35214.95,142267,142267,0,0,0,1573.7,0,0,0,0,0,0,3,3,,,,-7.72,0,1,1,1,,,,,,,,,,,
1791527546,EcwFm5TJ3zuBXnsT6DngXMAMfsfELhwGc9JFgeVWpump,woj/acc,DdJqRCiWKL7E7LjbAXTicxoWsEufZ6tyzjSK26QbetYm,pumpswap,1790417252,0.000002914,3478.68,2811,2811,0,0,0.21,1.78,0,0,0,0,1,1,1,2,,,-3.97,-3.97,0,0,0,1,,,,,,,,,,,
1791527540,3dMEcjM8s9PPPVsw9YxprmZnhYsnqKmhqghfaM1etA9q,House,G943i6c4uTQDxCPqazKifE8rUH1sxxBsGV6PL2QA3hm9,pumpswap,1790418682,0.000003354,3843.71,3228,3228,0,0,0,90.54,0,0,0,0,0,0,0,3,,,,-5.44,0,0,1,1,,,,,,,,,,,
1791527542,7oL12fS1f7p5RDsbqfxxe2WpHBdcEue8ezaGu1KY8fDz,D/ACC,HHibqAermywztHuSgWyr4MahgLfV688o1oKUTquJaK6J,pumpswap,1790420523,0.000002866,2871.45,2747,2747,0,0,0,0.27,0,0,0,0,0,0,0,1,,,,,0,0,1,1,,,,,,,,,,,
1791527546,F3C2t4hXyeGXsUSVQ2zJ5fbD2tFrjQygZosCS1cHRC5J,TOE,5YtqenEWMTv8uBwW7YYyw1cmKR9t1oTAyK2yyzrpEdSB,pumpswap,1790422593,0.000002764,2921.42,2684,2684,0,0,2.9,32.63,0,0,0,0,0,1,0,2,,,-5.62,-5.62,0,1,1,1,,,,,,,,,,,
1791527546,FYM6PhwAS3QwTBwvgLj8JYeMgpNfKsWtW3hGxPM9eFkt,DEBT,EP88Ktqm6491WEm1ZJsEryXYYjuoLh5cEyz5exyxr1Cb,pumpswap,1790424156,0.000005517,6288.37,5451,5451,0,0,5.82,119.87,0,0,0,0,1,2,2,9,,,0.72,-10.68,0,1,1,1,,,,,,,,,,,
1791527548,HL8LrvYgmmHoLH9TvqqSv8Sy6yBGjXjZmpv2RpitpvUX,YAPCAT,H7Y2prMahqQUrWB7cgPMmbvuc33CN96AVYkTQxAeBxfG,pumpswap,1790356187,0.000003290,3335.53,3146,3146,0,0,6.09,7.51,0,0,0,0,0,1,0,2,,,-5.73,-5.73,0,1,1,1,,,,,,,,,,,
1791527542,7BN68PVzqWV6EjK8J8Y6Q1h5C8FFD5ZRZVscXyJDpump,20xx,GvdfErkq5mvvphEriajrjArakyqqUXXiyBWdzMoxS3Tk,pumpswap,1790492418,0.00002284,13503.64,22048,22048,0,261.01,712.26,6685.77,0,0,15,1,44,14,225,100,,4.11,7.7,-2.45,0,0,1,1,,,,,,,,,,,
1791527541,6UTgBWACzB1zX2GA2uEvVn6325XE99wNvkVTXv5qpump,Dougherty,qNadZjDebjUwHS5ZRcLTLtoGk4wAU15kydQLFSJGUUe,pumpswap,1790493124,0.000002904,3199.47,2814,2814,0,0,0.01,12.93,0,0,0,0,0,1,1,7,,,0.27,-4.51,0,0,1,1,,,,,,,,,,,
1791527548,HgoScXAo4zFv5kDb6axGrwuz95FaVEcLskyDVZfo297z,MARTIANS,FdL11Uu5YRNCybePTpa3T2vqjUqi4Qo1uzj4pvKUqj4d,pumpswap,1790491919,0.00003373,18457.01,32868,32868,0,399.8,569.35,2523.01,0,0,0,1,6,2,30,23,,-3.24,-0.57,-3.84,0,0,1,1,,,,,,,,,,,
1791527543,9LbKkVVhrFRqAKCRDnSVAeWHgoBgNgej25J1ZHEPeURe,⋈,5U9HrFpoThz4kanVaLKWnfBVfNBXkpm6wUNW5SVvLNAd,raydium,1790499225,0.000002509,4621.37,2509,2509,0,0,3.3,3.3,0,0,0,0,0,1,0,1,,,,,0,0,1,1,CPMM,,,,,,,,,,
1791527540,3jg5Zvqbg37afKLPGui2YevW1scuf5ra1Y8f3ejPDHiM,BUX,BYPHHA23PbqALgFjLDx29JCsQqaZWGFkUqK6rsK45ccU,raydium,1790499838,0.000003221,5663.09,3221,3221,0.99,0.99,1.09,1.2,0,1,0,1,0,2,0,3,-0.18,-0.18,-0.21,-0.21,0,1,1,1,CPMM,,,,,,,,,,
1791527547,GW5xNXBtW9usH62Uimis4L5T1Fi5ceeMa9dupjTVpxaD,lemon,HcvoKF2XajWwCzcLAvkeKNCUfSMTpu4jf65Um2bvgJPF,pumpswap,1790505906,0.000002880,3130.64,2790,2790,0,0,0.07,0.08,0,0,0,0,0,1,0,2,,,-1.6,-1.6,0,0,1,1,,,,,,,,,,,
1791527543,9fno96crbJq887w3DuDFFaurYE7sHA8GrtZutzSa72j2,UNICEF,6ESQ9LFmXPXhWo68u46zQ9VW2KbtuTxXzj7PFeyGT2bt,pumpswap,1790498496,0.000004856,4276.29,4674,4674,0,0,24.29,25.36,0,0,0,0,0,1,0,2,,,-5.19,-5.19,0,0,0,1,,,,,,,,,,,
1791527542,6uPEdkU2xPg1iyfLzV1ssUwvve8nndA2sd6nBFrb1n58,NEARPAD,8N2XJYyVBMrd4B5LUTd5pFe3uWwp5h4cWib9AxTxbHxv,pumpswap,1790511060,0.000006695,6707.01,6223,6223,0,0,0,737.42,0,0,0,0,0,0,8,8,,,,-9.99,0,1,1,1,,,,,,,,,,,
1791527546,FGoHcBuWfy6XGGkXwTLe9AuXAQEUmDR5g1LkxK98d1vJ,NAMI,25sJDienuMMmZKMFNn5p69Zc8ktiXrC9MUQXunuVBwUq,raydium,1790508922,0.000003328,5091.15,3329,3329,0,0,126.46,127.4,0,0,0,0,0,1,0,2,,,8,8,0,0,1,1,CPMM,,,,,,,,,,
1791527546,F1z5FQdToNDLQYJ72grqePaWJrcrf39HR4gaKA57ySUQ,Q4,5Gf7NqZ2ACpiCaGHUn7uaVEJNjVQnGGgAYRHynoHNHDT,pumpswap,1790509917,0.000003371,3508.86,3278,3278,0.8,7.84,129.49,257.51,1,0,5,1,38,14,85,45,1.28,3.11,8.82,-1.01,0,1,2,1,,,,,,,,,,,
1791527544,AuqagzhTqC6uBLraRb3rx2fwCCBAXCmfRm4btemyPXJb,Backpacknami,9y2Qvwh9oTJXEtiY1hTSc1R768fV5VdUjrPgbssSyjpA,raydium,1790508888,0.000003729,5252.38,3730,3730,0,0,0,182.48,0,0,0,0,0,0,0,5,,,,-11.35,0,0,1,1,CPMM,,,,,,,,,,
1791527548,HPmrRWHrbwWVzJiQfnxgPSRDDkD6ShMLnEN6VuEzvyEV,AXIOM,ENY6mbPK9mK4jGQppjYSFjkaFNAqnRedcqbsVfYgzvjz,pumpswap,1790581582,0.000002895,3006.92,2721,2721,0,0.11,0.11,31.23,0,0,0,1,0,1,2,5,,0.75,0.75,-15.95,0,0,1,1,,,,,,,,,,,
1791527542,76fFhcA142kf9gdg11ahYTmEiZnPXokxJkcF1axupump,KOG,C4E4jTqFXTsCYD2UvRTXmSDDjrMuLZtwrnxNJo9XYUJr,pumpswap,1790591701,0.0002054,39622.24,195805,195805,0.05,1409.17,13615.5,60526.58,3,1,9,4,83,51,395,292,-0.43,2.98,-7.59,-20.04,0,2,2,1,,,,,,,,,,,
1791527546,EQfxT91QExKEG7j1yEip15v9P1ybmWEAdqUn2Gqqpump,MM,DUqmnEMRw1dcKsenjPohRfSoqtc71kwafxazYCJH7eJz,pumpswap,1790587807,0.000002594,2856.07,2515,2515,0,0,0.04,0.57,0,0,0,0,0,1,0,2,,,-4.77,-4.77,0,1,1,1,,,,,,,,,,,
1791527547,GsyqitN9rXtrYCnL9B1J2FqdJvsPvrzkUVGjuiznY2PY,SOVEYX,B9eH4qCBHNtwjbHRW9ZJmT9kXmYzGvreE5Jg9DGfw1H3,pumpswap,1790528615,0.000002652,2621.1,2553,2553,0,0,21.33,241.07,0,0,0,0,0,1,0,4,,,0.34,-14.67,0,0,2,1,,,,,,,,,,,
1791527549,zVbJ3eRjhRbvKWAxP8xrXZAeAcSqk3vtTjCzzVAAphi,PHI,4PUBJe4CNmBXkoodR7Fc4EgbzbiS1ReYe1d5RDFc5eZz,pumpswap,1790595039,0.000003851,4109.8,3705,3705,0,0,4.75,261.61,0,0,0,0,1,2,2,13,,,0.33,-0.73,0,1,1,1,,,,,,,,,,,
1791527546,EkFRff9a2jKztJHML1LG9FRmEkPJDR6XAYp3uCPdpump,SLOPCORE,3UMUTZeeVSLywQjeZ6sjngu3jc6oQSxpy2ApNH3xL8sf,pumpswap,1790553920,0.0002596,54204.23,253091,253091,1394.96,9953.34,123764.25,277353.98,2,4,44,61,616,633,1750,1828,-0.75,11.69,57.68,8.6,0,1,2,1,,,,,,,,,,,
1791527548,byeJsNk4FnKKm3QXD74yhFNDtDjRLnfn7nJ3rg5j8qS,BYE,4rXhQF73ZWPpMYcCj78J9cqBcGmkxnXhghL9p2EMQGNH,meteora,1790596887,0.0003464,17030.25,45038,45038,0,35.79,109.15,1918.39,0,0,6,1,26,3,159,20,,0.08,0.72,-5.98,0,1,2,1,DYN2,,,,,,,,,,
1791527541,5tCju6YNxHq5zrA6tGndr6F7TK42mpUFmeE31cSFpump,swordcat,8ewuF2o8ACro7fqWepZ3tKhkbBjndZU4Ldk9scRPw83d,pumpswap,1790586789,0.003585,247303.97,3442379,3442379,3501.74,38746.53,278529.91,1906334.89,10,14,198,196,1544,1683,10917,11298,-1.41,-2.29,0.81,50.55,0,1,1,1,,,,,,,,,,,
1791527548,JCqaX2xkY4MSWj2Fd3VQPLy2V9ZzTEoqTZ6VdQhyi1Go,CARDANO,CtqhtCBJdWQPqaCXmLT1bLp5fX3ufxsc8Ye3sZnKEttW,raydium,1790661981,0.000002765,4924.82,2765,2765,0,0,0,1.12,0,0,0,0,0,0,0,1,,,,,0,1,1,1,CPMM,,,,,,,,,,
1791527539,3JBcBwcZ5psDu4Qy58YBqbMn2Nk4QKzDiqii4gpAwqei,K/acc,ExsQ6RDXiSWVGVeyvL2QAwNmxT5SHPbPW9yWjD9TmKqG,pumpswap,1790668225,0.000003833,3790.83,3665,3665,0,8.12,12.96,1763.73,0,0,2,0,3,0,17,15,,0.82,1.76,-4.43,0,1,1,1,,,,,,,,,,,
1791527545,CeiwP43gua1eqMSd4W6dUAC5LzYW257Jp48NzCNrgRga,DOTS,7d1FStCR2ASY3VaKnBWFiJgo2KXpZjtVEBX8i6G1ThwQ,raydium,1790659355,0.000002372,4343.74,2372,2372,0,0,0,30.63,0,0,0,0,0,0,0,3,,,,-6.57,0,0,1,1,CPMM,,,,,,,,,,
1791527546,F1AUYwCAmrH1JRVjyeZLT3cnGDKtEfTc9MwgWSbmuUn9,Carl,5nT7ZRtPzdqKzgFtZj1czRY9XC8oj731nft47nErWcUh,pumpswap,1790674015,0.000003067,2947.01,2867,2867,0,0,0.37,8.21,0,0,0,0,0,1,0,2,,,-0.86,-0.86,0,0,1,1,,,,,,,,,,,
1791527542,84D3VopU3g5qo7jUwzQK4P4BnVPQWr2MzeaRCFkHpump,POND,9Laz2p55TfBxoiDRWZQNU8SKzr9534ZKHW9hmZPDXZ7E,pumpswap,1790676981,0.000004910,5284.74,4841,4841,0,1.92,52.63,427.07,0,0,2,3,27,19,92,54,,-1.33,-0.76,-19.37,0,1,1,1,,,,,,,,,,,
1791527546,EThAHDXisQrhvv9MPrv5DgZuRHkjUzNcTwnLzVjCpump,PAYDAY,FSPhtif5wPhewj9kgkUSWEUrQxSAC7sGGioRkFZP82Eg,pumpswap,1790676501,0.000004638,4443.12,4391,4391,0,0,13.99,263.48,0,0,0,0,1,2,5,8,,,0.11,-8.58,0,1,1,1,,,,,,,,,,,
1791527546,Eyvmi7QVpSXWbB7WLqf5ksfbRugaiFudubeLtpEDsnkh,SEECAT,FHJkEmXYDTEGgRsQsy7rAkfPrCyL9UNdpB1cqxKNqo4r,raydium,1790606334,0.00005467,19087.32,54672,54672,0,66.1,177.63,3212.46,0,0,5,0,14,2,91,35,,1.45,0.15,-12.67,0,1,2,1,CPMM,,,,,,,,,,
1791527546,EtV9vmJXhV4gTgxzgzn7xpbjRX2ne2Vb8T58mwabpump,BLINGBOY,7qvv2vkJLVx49N2ow8p3Scncx2FNeFpZP63ZQdKHZf5i,pumpswap,1790682809,0.000002549,2707.63,2451,2451,0,0,0,90.03,0,0,0,0,0,0,0,4,,,,-9.76,0,0,2,1,,,,,,,,,,,
1791527548,fSK8y3f3Hz1mTeSYap6FeqhZ8ResekAAuhZYddnpump,NTDA,5c4jXRKJQgw1gJahpRW3WvDNLkTUrzwK8omoZovszj3p,pumpswap,1790684662,0.000003969,3698.24,3969,3969,0,0,0,205.4,0,0,0,0,0,0,0,1,,,,,0,0,0,1,,,,,,,,,,,
1791527540,4XDan44KkAtC97S7b6KdExWR1zh24zka4iwLfuuYZoqn,LLMA,CMwwXFSqGWHNpHxiTKaVxMUAiBZsV9vADeWoQ5BbuMgv,raydium,1790685695,0.000003253,5641.55,3254,3254,0,9.3,12.15,110.29,0,0,1,0,1,5,1,16,,1,1.47,-6.69,0,1,1,1,CPMM,,,,,,,,,,
1791527548,HrXtCbUQJB4Z8P2Y9yrzNk2xgp2V9yTKM1qsmKifLXR2,inu,92RqWvHW4dmmyTkuTWoYghCjTzf5LLN2DDy2Gujg2cFL,raydium,1790682324,0.000003647,4851.67,3648,3648,0,0,0,23.19,0,0,0,1,0,1,0,4,,4.47,4.47,-2.82,0,0,1,1,CPMM,,,,,,,,,,
1791527544,AFuPDJBiRy7MC2U3dTEZB7rReUAosWGv7aj57Lqppump,YOINK,WDWNj2W1K5gPsrmCEcjSD9mEZ3VZh2BJLxUahtmwr26,pumpfun,1790387869,0.00001642,,16421.62,16421.62,0,0,9.34,9.34,0,0,0,0,0,1,0,1,,,,,0,1,2,1,,,,,,,,,,,
1791527547,H4KUxsEgCp2yDpFvyDuGM5k6XevSKKrrKUxZ3Zr6nyJc,COCKROACH,5d1MwACzebHE96bX8ZN3jQGjwPuBjQF7vcbmmhr5Gskb,pumpswap,1790689191,0.001013,135735.44,995615,995615,25.84,39796.92,91248.46,359053.01,3,0,303,34,433,403,1869,1377,-0.54,-21.04,-23.24,-4.69,0,0,1,1,,,,,,,,,,,
1791527542,8CMH8UTpXVSKSBA5sNtscfzxD9yQUC7VYP415p6Ezpad,ZPAD,6v5dr3ppBUgCFVWxKURCgZeSC5TA7fqhTmeS6e2Tnet7,pumpswap,1790691644,0.000002824,2852.28,2560,2560,0,0,0.31,33.26,0,0,0,0,0,1,0,3,,,-2.8,-4.06,0,1,1,1,,,,,,,,,,,
1791527548,ZrueWB1YvjruJpTGiJSYYfyuL71FZeeSUwJY1ZPeyes,EYES,BkYnXoVkNXQxSBKF3R7nRADoiTPZaWotUp1NhWRm15j7,meteoradbc,1790167729,0.00003941,,36323.18,36323.18,0,29.29,48.11,213.16,0,0,0,1,1,1,1,8,,-0.03,-0.03,-0.89,0,3,1,1,,,,,,,,,,,
1791527541,4zfwqBtYpDjdiocYL91bc4h2qoeuD13MwgbiZWbECPTE,ZCOIN,2Jdmn6jB1XUG1ztkDDmbKNXmLaLGY5uxhxttcogZ2rZp,raydium,1790689010,0.00009085,26877.29,90851,90851,0,59.68,2306.53,15498.62,0,0,4,0,19,7,116,65,,0.99,12.93,-26.53,0,0,0,1,CPMM,,,,,,,,,,
1791527546,EU5WWxWBjDzfs3pvb6N7yuc6gBfo5Ltao6qfdXDiH2U3,SLATE,A5GaMKj9qwKZevC76D1ZNUVKH8ayqArozAFBCN3GDgQT,meteora,1790605084,0.02170,15326.95,21705,21705,0,0,98.18,779.14,0,0,0,0,0,1,7,12,,,-2.56,-2.82,0,1,2,1,DYN2,,,,,,,,,,
1791527540,4yqVrQt7Uvie3Dmtji3p7CDwqkBqjTfknzsFkHF7u5i9,AMERICA,CbtUukKm1yE9PLM586vAaAu2iwSxUG5mWo2modqgHaix,raydium,1790690314,0.000002718,4947.98,2719,2719,0,0,2.42,4.21,0,0,0,0,0,2,0,5,,,-0.02,-0.2,0,1,1,1,CPMM,,,,,,,,,,
1791527540,3qhCS4Qp24BCXaBsMnGDEh7Lw5SURqcSUTpUgGBApump,swordinu,DR538pGAshWv56uihJck7o6GD4yiDPayD5tP2buX3aVF,pumpswap,1790701151,0.000003032,2917.55,2869,2869,0,0,0,142.11,0,0,0,0,0,0,0,4,,,,-10.61,0,1,2,1,,,,,,,,,,,
1791527548,RKLBnAXGqv31iZomqsuAWkQm1aqC7JwwvbCfzGdqAhz,RKLB,GoT9JVkBRq2t9u4ECjtZSwSDz4eCnR9WRirEVH3odpyU,raydium,1790694832,68.85,50620.44,382131,382131,0,166.83,703.47,6579.96,0,0,4,0,14,0,15,48,,0.13,0.55,-3.62,0,0,0,1,CLMM,,,,,,,,,,
1791527545,DR9923tzvCfKMpa7XxVPaUps9Fx8YfpcVHQHMfgDpump,STUPID,DVkTbWua4ukz1rRxq44NA4xhKX6j7Ero9w1doWySK89K,pumpswap,1790696267,0.000004409,4003.62,4304,4304,3.11,47.14,226.33,691.1,3,1,39,19,229,121,605,314,1.44,1.75,10.88,17.66,0,0,1,1,,,,,,,,,,,
1791527540,4ioYUvNC89Ygp5gd2xu3WYbwPhczFQKwz8bjtwTXpons,BETA,GNzAZtCK44MKk3Z6cFRyPRTjEP8Y8e2BVcQMipz37EpS,pumpswap,1790690948,0.000003513,3460.2,3328,3328,0,0,304.8,594.26,0,0,0,0,5,1,9,5,,,1,7.45,0,1,1,1,,,,,,,,,,,
1791527543,A71Uf3jwg57fNedSao9eFwm9eKSLYFbVJ85T4fuXpump,cNFTs,H2UTFeuwA6yQP2L3DegdvtA4wCCwLJjKwq2zXepzU1ae,pumpswap,1790698801,0.000004392,4843.22,4316,4316,0,0.01,0.01,104.52,0,0,0,1,0,1,0,9,,-0.23,-0.23,-9.52,0,1,1,1,,,,,,,,,,,
1791527545,Cy5TzDyJ4mo6MBAbpwUcAgdfNiXYKrYUPrvhPGVU6XMR,XMR20,B1w58REDpWVGjP5GmTymitxq4KHL11ytVkHBF2NLBnUw,raydium,1790695755,0.0002401,44331.44,240172,240172,0,1024.05,1234.08,16170.58,0,1,7,7,48,19,221,188,,4.98,-0.63,-19.22,0,2,1,1,CPMM,,,,,,,,,,
1791527540,4arisZWtGpHEjKfLZwUDnzop8oMMAN5proKUQFZ7qLPf,EV,9rKUpxDEwSCd8zReKZRaDfS7QoaCHtnDndot5hRd6SGm,raydium,1790700020,0.000005020,7971.33,5020,5020,0,0,6.69,14.42,0,0,0,0,0,4,0,13,,,16.33,5.68,0,1,1,1,CPMM,,,,,,,,,,
1791527540,3vYBWj2Eggys9rNeCNznB3hyQqm1Yecx3NF4RtrApump,SCAPE,7LPcTgCqSHzTnmpoPXdKGKF2UonbxxW6NbkaGhVjYFEv,pumpswap,1790753237,0.00002043,12115.29,18626,18626,0,0,201.98,454.91,0,0,0,0,0,3,4,8,,,-8.06,-9.55,0,2,2,1,,,,,,,,,,,
1791527542,7UfcTJD2RSRg9AJ4k2V2rs71Ew8Zy2avaU5roc8bpump,Liza,FZtCX2NjQKfaEDqCEyD5t1PNt5ssJuJr1e7LPZPEefko,pumpswap,1790693876,0.000005119,4757.89,4974,4974,0,0,0.66,277.83,0,0,0,0,0,1,4,10,,,-1.6,-18.88,0,1,1,1,,,,,,,,,,,
1791527540,3ZSai4T7MGJYdSgAA3ro1bGnVLQGbtdjBu9o23zCojvu,HUMAN,FZE2M3irUmELtWBCi694S1XCX5HGcEZjXELMWmp4XsFv,pumpswap,1790706107,0.000003460,3391.75,3365,3365,0,0,0,129.36,0,0,0,0,0,0,2,0,,,,5.05,0,0,1,1,,,,,,,,,,,
1791527546,ESEdbgAw2mgkVTPhCz1pbBbKdAmFAFgqu9i1gpsNpump,NPC,GaKQ4tPVxvZqTVnuApwnK4exggB3e3dJHGnw4b9bM8ft,pumpswap,1790703637,0.000002406,2564.59,2364,2364,0.69,6.6,26.81,70.48,1,1,7,1,24,12,68,29,-0.01,1.67,2.56,-0.82,0,1,1,1,,,,,,,,,,,
1791527542,7GYk6spb1x9V3YS5F4qcARfhp242Nd64Dq1rhHCAmtb3,SI,82TFFee2RcuD64bvSma4A7gvaWt2GvZKPbf9csE2uHT7,pumpswap,1790707459,0.000003086,3310.02,2985,2985,0,0,0,2.6,0,0,0,0,0,0,1,2,,,,-3.84,0,1,1,1,,,,,,,,,,,
1791527540,3VPoXaRcXxju8qgkVRN87UuXZxbdBD7zyaXPDqqmpump,SI,GnpvosiacUQbkxPPTFo2C79CX2qTuKgXAwHekyLJoDbe,pumpswap,1790709032,0.001116,115339.27,1045946,1045946,370.14,38779.87,317907.92,728899.62,2,14,281,400,2052,2301,4482,4832,-1.92,5.63,-39.31,-55.76,0,0,1,1,,,,,,,,,,,
1791527541,6Vuz122BbhCoBSXLH94JdMamHAJhRGBKGJJ1i2TWpump,CROCS,GLAwM3VfovjbECk7k1Ujq1z6bvxZFb319VVeN3baHZ2b,pumpswap,1790705786,0.00001033,7642.18,10212,10212,0,0.39,163.5,376.41,0,0,1,1,33,17,93,52,,0.02,-2.88,-4.97,0,0,2,1,,,,,,,,,,,
1791527548,HkzbDgdJcds5oZs4zMgmsJ5qGNCoKGuyjJi6YAgaFceB,SI,X1cZHHwZvF9yLiibvhJFEypss5W5P9ctmhL2zgcy9NZ,raydium,1790709635,0.000003308,4754.46,3309,3309,0,0,29.37,384.88,0,0,0,0,0,1,1,18,,,-13.55,-8.07,0,1,1,1,CPMM,,,,,,,,,,
1791527547,FuEXRwEWRuQVx81qEjA6YDUVZaa6qDbAqQuH72BZ6PsC,Quine,2d1afJkTms5CL9LcWPQGXeJrRQxzRiAU4JXvwWeiqfnL,pumpswap,1790741544,0.000004474,4397.66,4202,4202,0,0,0,7.9,0,0,0,0,0,0,0,1,,,,,0,1,1,1,,,,,,,,,,,
1791527544,BnAiH6Qu9cdL7gRvue8qbbE92CQRSqKox8UAtpispump,BabySI,EnnS1ZvUkowA96xbdFY8k5gzEs36CMnvqUPHKXTFzkmr,pumpswap,1790709835,0.000004192,4018.89,4027,4027,0,0,231.83,451.66,0,0,0,0,4,7,6,11,,,-3.85,3.74,0,0,1,1,,,,,,,,,,,
1791527541,6d9fD5SxvN4DAG4SHQD8pebm8TM6XeSbYezPDjdapump,PINO,BHKyty1uDDxSwAkhkefn8ZwNQZjfQrmC672D2UW874dD,pumpswap,1790712208,0.000004471,3976.11,4135,4135,0.91,28.98,72.15,315.31,2,0,5,3,43,22,98,55,0.08,-1.81,2.72,-2.34,0,1,3,1,,,,,,,,,,,
1791527543,97SkmPTaFH5zT4QD2KjSsmxaPmKG3PL9kxb3KMtsJwfs,SI,p9zx8yKoe4jFDmwhJ9LtpdorJmEMsSWvUmC6W7Zivng,pumpswap,1790712345,0.000004346,4444.75,4250,4250,0,0,2.2,47.54,0,0,0,0,0,1,1,5,,,-4.19,-6.07,0,0,1,1,,,,,,,,,,,
1791527542,8mnDxKCJUS59RzvesoYEk2ivtVhn5mBS2tmKj32ppump,XSI,Bs9YRoC3FPeKRv6odW24o2amyN4nPydV9tFbbXTBwPbB,pumpswap,1790712256,0.000003019,3162.22,2966,2966,0,0,0,140.66,0,0,0,0,0,0,4,3,,,,-0.41,0,1,2,1,,,,,,,,,,,
1791527540,4WPn1oGVE7rza6PjFJwYpEXZn6qtjwxEKkCV9EtAxhUU,BOT,B7nYoGHqCGoFRiPB4AoT1NqbqrFWJDfiEkD3WNXxSCnt,raydium,1790702662,0.0001634,51218.25,163441,163441,109.76,894.38,17508.27,46938.83,6,0,13,1,92,58,289,241,0.86,3.95,4.87,-14.35,0,0,0,1,CPMM,,,,,,,,,,
1791527543,8y2h8RDbF1FVKhcHNqaZFg4yJ5azXUyUeoByEAvJpump,NI,AZunHXFqFRyA2pEFxXA4XB3dH33DPcxSuXqt1tFFiCse,pumpswap,1790716406,0.000002565,2596.97,2489,2489,0,4.87,22.8,101.93,0,0,7,1,35,10,80,37,,0.26,2.37,-0.38,0,1,2,1,,,,,,,,,,,
1791527546,FKfhzmbMtgbf1YwwyNMxtFU43MdATe5S8Pq2bsQ7uAHn,SI,54ZiExNDWV1GHiaCk7zVpygYN4QF583ARHSC147b1Dks,raydium,1790709669,0.000002212,3524.96,2212,2212,0,0,0.17,46.72,0,0,0,0,0,1,0,4,,,3.04,-0.88,0,1,0,1,CPMM,,,,,,,,,,
1791527540,4o1Y8cxUaiaji4rowfm8x2FkyvMreN81ZjNWXQZxVSFC,CHILL,C4Nw9eSaZ16TEfC8GGSiGUqSxhuAbgWoREj4mPrGZ32T,raydium,1790712555,0.000005404,7309.03,5405,5405,0,0,0.47,151.19,0,0,0,1,0,2,9,7,,0.12,0.09,1.94,0,0,1,1,CPMM,,,,,,,,,,
1791527545,DhVcpV6UdtMKATyQm8E6CvpJmy91HdPibe9s7uzkwYuN,SIF,HcQz4snRZv1UKJK8B4ZQEMCdDDtjU1oaBNXPZoudvhPA,raydium,1790716264,0.000006534,8657.96,6535,6535,0,0,105.47,745.06,0,0,0,0,0,1,9,12,,,-4.52,-4.75,0,1,0,1,CPMM,,,,,,,,,,
1791527548,pdXfXZJgFnwNivUFyAKCw1DjH2X8eiJsdzM8QLcpump,ECLIPSE,2VNyys4JvNXLgQqozFEiTXdBbFJJLQzwNWjaAevnu1Jx,pumpswap,1790737299,0.000003119,2994.97,2907,2907,0,0,9.55,230.54,0,0,0,0,0,1,3,9,,,-1.95,-12.45,0,1,1,1,,,,,,,,,,,
1791527539,2KfbhUBYFMUoJgocJ8Wh2SEuuizuw1Bi7SK4Q5FER47H,SI,GzZaRugVALE4Ue6cqV9fs9XqNYPaN13qpu67dBWWkoxP,raydium,1790718702,0.000005611,6108.61,5611,5611,0,1.45,134.08,387.06,0,0,1,1,41,2,52,28,,3.18,8.53,38.47,0,0,1,1,CPMM,,,,,,,,,,
1791527542,7Wh6rxVWUBFCNCWCz7nLaV7z3SDr2M6rFTjjWP6aE8p1,SI,DyVrHutNGpuGFgJzDxZVfpAUbUjo1XJdaN9aDLrfRj6P,pumpswap,1790718791,0.000005971,6405.36,5660,5660,0,0,4.36,56.73,0,0,0,1,1,3,5,9,,0.2,0.89,-5.63,0,1,1,1,,,,,,,,,,,
1791527541,52KK9TGWqpSfanxb4rnBHWKtt9PTQ9MPncDkwgkP98Fr,P(DOOM),9KvmPGorUTovT7MxqusXYd6g2ChMz78ksEEUUJbMKbVa,pumpswap,1790719370,0.000007709,6204.5,7241,7241,0,0,19.34,344.96,0,0,0,0,1,0,7,7,,,-13.61,-1.18,0,2,0,1,,,,,,,,,,,
1791527543,9SSe89entupJKK7bZ8WbaX1YY5b78CGUaUNzfGonst9d,S23,7tNGTSCr74J8ppxgNpz4nz5hFX2sjBm84p4ykibWgcje,meteora,1790886466,30.96,32354.66,170312992,170312992,0,0,0,23.17,0,0,0,0,0,0,1,25,,,,-0.26,0,2,1,1,DYN2,,,,,,,,,,
1791527543,9aqmJjCnnMQv42TXLk921ceUkN35nea2QP969n1caqjj,SI,7Nj7mBE7iVmjvnBHNvjgaz6G3ZktTHFNbf7aQDfZ7iNR,pumpswap,1790721877,0.001309,156893.42,1271418,1271418,118.65,17780.43,97581.24,861710.27,0,4,125,70,696,624,5029,4314,-0.3,-7.05,3.38,30.11,0,1,2,1,,,,,,,,,,,
1791527545,DtFkKBC3Cmi9j3SxBGRUd8gvBLw7nAasrvUJFB69yubM,SI,FFwYzQCxhGGeARtyDr77nsCHbXqSnKd3neUWKLaanwdc,pumpswap,1790721534,0.000006864,6801.62,6746,6746,0,0,25.44,141.85,0,0,0,1,2,2,2,8,,-1.22,0.04,-4.73,0,1,1,1,,,,,,,,,,,
1791527545,CD6HVRQTtKarnXBsSYFageG8v2p6bpYigG5XHP7NCULT,CULT,DaEtdwaKktJwGEViMM8BHY2HpXAbkQhJ4LT75QXmyNA5,pumpswap,1790723870,0.000002758,2716.74,2522,2522,0.24,2.53,24,87.9,1,0,5,3,43,12,98,42,0.03,1.22,2.75,-0.97,0,1,1,1,,,,,,,,,,,
1791527549,resideK2Ejv9apu1op2VBv89poumxCDCs8nzBxQ5q1y,RESI,Atwk3wi3U2u87n6c7gNdmipHKQgwJRM2c1qLXR3Z8Dbj,raydium,1790722960,0.000007816,9086.3,7817,7817,0,13.37,79.07,1019.81,0,0,9,0,40,14,105,59,,0.78,4.4,-23.16,0,1,2,1,CPMM,,,,,,,,,,
1791527541,6iAj2oywQMiD9NeyTcW1S7UtG7e3jSK7Ud5ZJDqJpump,HI,FdFVc4hkRieRp9kBKNJpq1FxJYZbqrSi8PRy21MQvR27,pumpswap,1790721331,0.00001737,12115.59,16935,16935,0.67,82.03,1577.78,4528.84,0,1,9,6,43,34,134,141,-1.17,1.81,-25.06,-36.88,0,1,2,1,,,,,,,,,,,
1791527544,BYaxkgDfkUApMgsXu4SiJ5yc6DTSfLxp6an3PvVVpump,SS,2dZavaJxjNCYKXDDFN7kqus1qAiiQhuMYefUvjGgpSLx,pumpswap,1790721326,0.000002546,2867.4,2509,2509,0,7.12,23.95,71.5,0,0,3,1,22,14,71,35,,0.56,3.3,2.03,0,1,1,1,,,,,,,,,,,
1791527544,C1C3YwhdXxcpeKchuth6sNjmvgQXSqnoRN9UXucipump,SURV,3q4cbvFTtdE411dTRXxSBCqz3pDziPSCzFSHArXXCP22,pumpswap,1790712833,0.00001453,8780.68,13749,13749,0,0,135.7,5421.66,0,0,0,0,5,1,75,228,,,-3.21,-50.75,0,1,2,1,,,,,,,,,,,
1791527544,AptNRGC5JrCgqRCFY8My2XvKPaEUCwDN53qjHcdxJXbv,ABUNDANCE,4KDAHN6TzL1ejUFPrwYk7pmkWLVfDTEjhcZyfJXJM85y,raydium,1790724202,0.000005403,5412.85,5403,5403,0,0,0,1840.44,0,0,0,0,0,0,17,8,,,,37.13,0,0,2,1,CPMM,,,,,,,,,,
1791527548,J47Jmw8ndwu6Vt6ZubD9C9VUVHi6uWsBE2XPsEjmpump,FKCANCER,GmidegQQZSu1GqxQKLmANEzEbHGCri86M2iQhY2ipidV,pumpswap,1790727007,0.000002954,3003.87,2865,2865,0.34,4.75,36.1,93.37,0,1,2,3,41,22,98,51,-0.02,-1.03,2.56,-2.21,0,2,2,1,,,,,,,,,,,
1791527541,6e8LLHkqCTa4mzGuL1PoUxSfeHmDeceJ3DaJSSUNg937,ARTHUR,Ftejc2f8dKL9q9RmrtTen6aXPhNdbr8dvNvDbEx56p3H,raydium,1790725047,0.0001270,30059.97,127096,127096,257.01,1738.41,7682.05,37940.04,1,1,13,17,61,78,378,413,2.98,1.49,6.9,-17.18,0,1,2,1,CPMM,,,,,,,,,,
1791527548,NFLX7qV57zuVxCoHy3s1jiGZyALraLNwttbxdvmYJLJ,NFLX,E3mugzPiMhKGrDcfcz5ojo7HJBbYA6UMaJvSzbabPLAM,raydium,1790712643,71.43,149787.63,406118,406118,0,3.4,72294.74,410858,0,0,0,3,1001,684,3514,3459,,,0.12,2.22,0,0,0,1,CLMM,,,,,,,,,,
1791527547,HBfgHb4h5BTg2hgZaP4j7VXHMxGQUgnr4oDXESKXpump,Comando,ApJcvYTXyyR9pMuAFL9atFqFKSbhswd5Ua3ATySha3K,pumpswap,1790729292,0.000003822,3762.83,3706,3706,0,0,7.69,147.2,0,0,0,0,0,1,0,5,,,-0.35,-13.09,0,0,1,1,,,,,,,,,,,
1791527549,tZb9aZdDRS95vVqoKgphYZQnGScFV1gdggctvsJPSob,SCAT,9hMG87VapAn6ViTZJrRJNPLV6gbD4UnLT6cPVcxTno9W,pumpswap,1790729481,0.000002714,2737.64,2618,2618,3.53,11.1,32.69,115.49,1,0,8,1,30,14,83,43,1.46,0.77,3.1,0.88,0,1,1,1,,,,,,,,,,,
1791527548,HweDNAX8tt1UJt3stdsDeErLjZu6J5L9j2JzH54HbYBZ,DAD,6DvpJ6ZMGnve3xmrNhZLvSrUCWsVs5uJU5v7YnEE6gh8,raydium,1790729988,0.00004403,19394.54,44032,44032,0,0,364.25,3025.05,0,0,0,0,0,5,0,19,,,-6.65,-43.14,0,0,1,1,CPMM,,,,,,,,,,
1791527544,Agr56DXmmYX7wHcqvSGJweXFrSwGv3d6wbjmVqkxpump,TRENCHDOTS,BHoWTvcnb28VXMig6UX4Skzi4Anh745rhF9NDGkdfNen,pumpswap,1790735280,0.000004628,4650.65,4492,4492,0,0,7.42,154.78,0,0,0,0,0,1,1,18,,,-0.28,-14.6,0,1,1,1,,,,,,,,,,,
1791527542,7QNx9Me4nVvJrpcqFfvLs6ArNtPGCBwW7vAEiu9Spump,SUN,FgWrp3PkLWLF2doYX4xHPTP3iLJXgsBt92aAdGNx4tE2,pumpswap,1790732999,0.000002444,2515.52,2347,2347,0,0,0,0.47,0,0,0,0,0,0,0,1,,,,,0,1,1,1,,,,,,,,,,,
1791527539,32jbu7pyiNeKcddMAc46fHhyoGm3Qa425fDwuupjP2Rg,NUTFLEX,2vtbPb1FPaTCCCC7VHsPRnu3fEzVv6NP6gnrMLZJaJ7E,raydium,1790727805,0.000005113,7580.1,5113,5113,0,0.01,26.78,124.07,0,0,0,1,3,2,11,8,,0.1,1.59,3.33,0,0,1,1,CPMM,,,,,,,,,,
1791527543,AA1hANzAbftBU32KQCYfbsYnyMqA3uGCBeek1ZE5pump,cum,5jhXPqPvGQKtspx6J3axURScWQucPn7rzYj2XLLghKdU,pumpswap,1790733583,0.00001690,9661.9,16435,16435,0,0,13.72,355.47,0,0,0,0,0,1,2,3,,,-0.91,1.77,0,1,1,1,,,,,,,,,,,
1791527542,6xCiwkREkYzLdnDcCV9uS3hBZidXuwkc9L9c67dQSTNK,supercycle,EGsGQN6dMCLd13Hpcj8pDCQH7a4NBPn3Mc4FuPbBnRMo,raydium,1790731754,0.000005302,5669.91,5303,5303,0.05,22.57,364.05,2649.23,0,1,3,1,8,18,58,66,-2.05,1.71,-9.92,36.44,0,1,1,1,CPMM,,,,,,,,,,
1791527542,7PnnmFGcWzwWs5tLaRfTjLSw1s4AJGdXbu3kyUkApump,LionDad,6KrMGwFTAnKvMwZBQFNwcn2Z6W3CdqHT9ewSZGLNodrp,pumpswap,1790736623,0.000003798,3540.43,3658,3658,1.81,41.81,222.87,701.49,1,3,37,21,224,113,602,301,-0.06,2.77,10,24.51,0,0,3,1,,,,,,,,,,,
1791527548,WApCdQftZcRUNHN9S2XvmrqeRtRASE3EZxnwuNJpump,HALLOWINU,6oFYqfsSqApyhS1XN4VBB9uA5GpdAMp7RjiPMszXbUJi,pumpswap,1790641667,0.00001493,9188.14,14180,14180,0,18.67,1101.52,4346.1,0,0,1,0,8,14,56,56,,0.42,-14.4,5.28,0,1,4,1,,,,,,,,,,,
1791527540,3b5fTE5NyvCtMgKcDkvt4vUW2KDc7mgUSW8a8XYVpump,sendor,AfGTgT5ukB1u2AZ7RRPRvvwNCKzSA43Lpk4iBcXhg1Dd,pumpswap,1790738085,0.000003465,3630.68,2994,2994,0,0.14,0.14,103.71,0,0,0,1,0,1,1,6,,-0.14,-0.14,-6.33,0,1,1,1,,,,,,,,,,,
1791527541,6ZG6fMHaE7NpubJr16G8nFLBg91rH5kU5SVpqUmQpump,AIRPAD,4ApFQYGn4X18tCFwXV6PVWYmfvvJPm2jTs5yhdYvdSeM,pumpswap,1790737717,0.000003682,4791.37,3659,3659,0.49,4.44,27.84,152.73,1,1,5,3,29,13,86,41,0.01,-1.21,2.3,-6.89,0,1,2,1,,,,,,,,,,,
1791527543,9a2vQG6eQGmdJqvrVuAtXpvMQMokhLf7FHW1QJGHFvWi,NUTFLEX,Bz5Y8vjQ2jwriNmFZYkb7wMdzfova8SQfcF1Dp5yqFB7,raydium,1790731242,0.000003549,6058.75,3549,3549,0,0,5.87,6.25,0,0,0,0,0,1,0,2,,,-0.22,-0.22,0,0,1,1,CPMM,,,,,,,,,,
1791527541,6f2RHqHu2bAcbEtMYtH3ZMcVfSaZPJsiPigrd4yRshyb,ETHFI,EdUXP9wMp2gjArnRAFEC54A9dbpwntUM5wwL7mZZZQc1,raydium,1790742034,0.7703,770055574,770368000,770368000,0,16.72,66.9,258.75,0,0,2,2,8,8,32,32,,,,,0,0,0,1,CLMM,,,,,,,,,,
1791527546,ETneXyW9cy26bqTQ2Y38Nj6JUfKmzM4pwwqi2VeDpump,VeilPay,HRgttKGffKurPHEoRDguCeis4piS9gXkqe5sxZVcXshh,pumpswap,1790755322,0.000003082,2955.97,2915,2915,0,4.07,30.35,123.53,0,0,5,3,41,21,90,51,,-0.23,2.32,-0.37,0,1,2,1,,,,,,,,,,,
1791527546,Fba1XgGz8t44FAGeqrXFMkPVfjsWXG6eLnrAJECnSTNK,SLOP,7HzYi61Zrb8VXUr3o6dMB3ySqNif2exQtxpky3c9BaqQ,raydium,1790742843,0.000002846,4704.07,2847,2847,0,0,0,152.08,0,0,0,0,0,0,0,5,,,,-7.2,0,0,1,1,CPMM,,,,,,,,,,
1791527545,EDETAdjB1N8AARfoWWTwxeUJiNFjGAEhBv1JBePnagoh,POTUS,BoEM6zfdAKAXGMF2abSqYvJLk5jbC8RwV1Kr4ViBehr7,raydium,1790739633,0.00001568,14036.21,15683,15683,0,6.18,315.1,3902.38,0,0,1,0,7,6,42,61,,0.79,5.81,13.69,0,2,1,1,CPMM,,,,,,,,,,
1791527546,FMjzvhNVHtyEZnC5W2CgwTy7vpeWor1ZGmrsx7HkCGWs,3310,6zdhaYg7yz64vxssnTpuZ9h412mmb6GARguSrjd2FkWW,raydium,1790604738,0.000006090,7784.61,6090,6090,61.38,61.38,105.87,6253.05,0,1,0,1,0,3,29,37,-2.73,-2.73,-4.67,-2.09,0,1,1,1,CPMM,,,,,,,,,,
1791527540,486U4LyqMsHUvCwNrxXDgZ94BZNuCJ5rPDEkssC2hJi9,BMI,3XpVuSzNjACcmWi8mA9s77ZaJYpJVVbQDdjPxSfr2C58,pumpswap,1790746712,0.000002725,2894.75,2642,2642,0,0,0,0.3,0,0,0,0,0,0,0,1,,,,,0,0,1,1,,,,,,,,,,,
1791527540,3sL58KKh2QdNSfN9VRz8bHGGU5zStdfManVHCTkhpump,PI,HEs7k4Q6pFKWx5ExpFvxfowoe4YaAfg7ZApeJdbGtPKD,pumpswap,1790749673,0.00005522,24057.47,53278,53278,0.93,170.44,10091.51,18634.05,1,0,8,5,84,42,191,119,-0.36,-7.02,-38.34,36.72,0,1,4,1,,,,,,,,,,,
1791527544,B4KsyCAcB1hgXkswX8tmMJk4JX8aH2z5vWzZYSPgpump,GOCARDS,34Ah2TsHnspXNYq1GVXU5YkYhAP1JqqoQpTgNQhp1kou,pumpswap,1790752920,0.000005448,5132.07,5218,5218,0,0,0,5.65,0,0,0,0,0,0,0,2,,,,-3.37,0,1,1,1,,,,,,,,,,,
1791527547,GJNoDukcP1cwMNgx84c8ibaTAkgnXxQDwAf2U3zjA3C3,Neko,EAbygutpwRG7r2Lu7xrwf7ykmQVmva1Y6f3jT5aW9sPU,pumpswap,1790751582,0.000003161,3137.22,3066,3066,0,0,0,7.7,0,0,0,0,0,0,1,1,,,,-7.88,0,1,1,1,,,,,,,,,,,
1791527544,Av6wmbqNiowHpmHx7J2j9mnuUcoey4fdkTkFwgVzpump,swarmdots,8azt6UrS4Pxb9ow4EZYQJSGxC1SU895vPGxLkcaqdaQf,pumpswap,1790751856,0.000003041,3205.18,2918,2918,0,0,0,88.38,0,0,0,0,0,0,0,5,,,,-7.59,0,1,1,1,,,,,,,,,,,
1791527540,4p4bAN4P6pdPW4o5BcdDWWRuJGyvEWDY8uSsHX23czv7,APE,TMerfsWqurc2DoZJaE24Mkc46eYBSZVszKaWzX9NRw9,raydium,1790755415,0.000003624,5996.97,3624,3624,0,0,0,0.1,0,0,0,0,0,0,0,1,,,,,0,1,1,1,CPMM,,,,,,,,,,
1791527545,E7Eb6WreLwessrefQ4ooXcqgwKQredJq3KBHbt8bYpYH,Watermelinu,8PkSCGCEgzPNqYFiXSo48ZQu4Ykcqgt4PY9uQSD8T6q8,raydium,1790753962,0.000003554,6007.59,3555,3555,0,0,0,254.54,0,0,0,0,0,0,1,5,,,,-2.12,0,1,1,1,CPMM,,,,,,,,,,
1791527539,26RJptVLvch6Zu2pm1Ftv6UYhbS1gLFUc7M7VP2Gpump,INUCYCLE,6fmEKZFSZcVS1CdQReCsrtRzVMXvXsbaantdH3f6mo9v,pumpswap,1790761207,0.000002659,2626.58,2556,2556,0,0,0,62.2,0,0,0,0,0,0,2,2,,,,-0.94,0,1,1,1,,,,,,,,,,,
1791527542,85FZWfPr3s8VErzHdaaC4EdTedSXmhBDgzoJBGLDpump,Yaniv,2UGFR3svjFgFa3h6kHPSi7EBhvCzGkLxeytRny3PpmHM,pumpswap,1790760032,0.000002535,2508.19,2397,2397,0,0,0,1.96,0,0,0,0,0,0,0,1,,,,,0,0,1,1,,,,,,,,,,,
1791527546,EbJJKtnawGPhfgthRrwsyDgrCc1smGUUYbK5WNAK5E1N,Gingitsune,EvXgqzUT6sGd4iz7mE8nYH32WZK1aDEr9hWXhoGkXfmZ,pumpswap,1790762968,0.000004362,4164.3,4181,4181,0,1.7,105.19,1935.48,0,0,0,1,1,4,31,30,,-0.38,-5.3,-10.24,0,1,1,1,,,,,,,,,,,
1791527548,aD2P7HNY4F5Pqp6QcBWEDAkEgcT1QqPUsafajS1AAea,QRCAT,4X16MYgMBAf9uW6X4isJzTumBXhmF7WSuRJf5S7M1viA,pumpswap,1790763094,0.000002868,2978.8,2691,2691,0,0,0,43.46,0,0,0,0,0,0,1,5,,,,-3.6,0,0,1,1,,,,,,,,,,,
1791527543,9twiuSdTVkwtAC9XQDG57dFRhF4iqPih461HJfMZKci9,Saw,ATrJhrc46UkY4gTmJry2SUZvtaLJX3LydBufPnkWHTC3,pumpswap,1790766389,0.000007247,7451.82,7124,7124,0,0,180.92,2603.5,0,0,0,0,9,3,45,41,,,6.19,20.05,0,1,1,1,,,,,,,,,,,
1791527547,H3vfXFZfFQnba2NV2seTMBdY92yLK2VJHsppUzYv6ua,GENNYWEALTH,HnFFnT64a5YYSUgNYt4Kr6qvVFr4FxbYLMngTU7kjWLH,pumpswap,1790767464,0.000002530,2578.79,2468,2468,1.49,13.14,46.46,128.75,1,1,8,7,39,22,97,49,1.2,1.55,3.34,4.33,0,1,2,1,,,,,,,,,,,
1791527543,9EPCWPC4eqhYXKeL8qgAUgSzrkvvk1D4ygayeVnw1vsS,fudcoin,DJeDBGYfPwu12BPHyjQoayt1o5Eh27dkvLRdxVaWB8eX,raydium,1790768590,0.000002094,3844.14,2095,2095,0,0,0,1.31,0,0,0,0,0,0,0,4,,,,0.97,0,0,1,1,CPMM,,,,,,,,,,
1791527542,82MP84Vjfxd21VHup3jjfJFcsr8SAji9MHy7VHCeSTNK,CROOK,4xBbEPDybPz2Pn5wUyte271C6rt1vvLosHWvQW3QzHxh,raydium,1790771243,0.000004826,7329.89,4826,4826,0,0,4.35,33.22,0,0,0,0,1,1,2,6,,,0.35,-3.29,0,1,1,1,CPMM,,,,,,,,,,
1791527546,FUuH1aufXBQQwUJGQPErV9Pa7d1dvv4iuRhrf1A3fvR3,terrafying,56cvMnUZnZzVDa4c4bWctU1sMDiKApdFuDLXS1r5Q3Jv,pumpswap,1790765922,0.000003858,4264.62,3749,3749,0,0,0.82,801.23,0,0,0,0,0,2,10,12,,,-0.15,11.64,0,1,0,1,,,,,,,,,,,
1791527539,2e7TzGXZfJ72jxviM6kxqWVbH3dndh2TrHzwg3cZpump,Pain,GeHprCgwQrbWS97e4JZQZwBBHWy7zJtqx6ijKoeCorkQ,pumpswap,1790769450,0.000002507,2497.1,2368,2368,0,0,0,10.76,0,0,0,0,0,0,0,3,,,,-5.77,0,0,1,1,,,,,,,,,,,
1791527545,CFvZVEqFDbtM7uVbfHtNr2AFgrKfsDJmC6domGmmpump,SU,5kwtYFTJ9NX2HChkBwnhe94pemyesh79HxCN11wdHi4D,pumpswap,1790778198,0.000002797,2726.12,2596,2596,0,14.19,31.83,83.47,0,0,7,5,24,17,74,34,,0.03,3,0.07,0,0,1,1,,,,,,,,,,,
1791527549,r4i2PJiJBABUXQNmh8UxbdLBAwTsRTZs4t4V3Gfpump,COMANDO,7N6kV54HiBbAvNUYuoc3DXhWxDzJSFZUrKN2o51Sawy6,pumpswap,1790770749,0.000002457,2564.82,2374,2374,0.64,4.31,29.4,89.95,0,1,4,5,32,15,93,40,-1.27,-1.36,1.7,1,0,1,2,1,,,,,,,,,,,
1791527542,8XJgoo3yrkEBh84sx1dtysmznWG4V9Q5PBVVbs2tT18J,PIKAPOT,HvyKKmaZ3TDEMQXPwmcABCHCN6Mx3jo1RnWGZTCL3QWu,meteora,1790776701,0.000004239,7623.91,4239,4239,0,0,0,341.99,0,0,0,0,0,0,3,3,,,,3.2,0,1,1,1,DYN2,,,,,,,,,,
1791527545,Cb2pMbsRRvaeZoxpRqnTP6k6hLziSUf5pnqW9Jx5T3Wz,SGI,H2zaAYAEcyCK2h2NdyrzzToo8yhEjYJLdNo4A9Vz2RkJ,raydium,1790775436,0.00001441,12847.92,14411,14411,0,325.63,326.08,5441.42,0,0,3,0,4,0,44,39,,11.37,11.98,-19.82,0,0,1,1,CPMM,,,,,,,,,,
1791527548,RuDKzjxqfv3Tq3X6dqSX1JrphXxXV3xntwPNdFrdDvE,HERO,642EHMvBRtryZZs11kC2RkbR6nF7BrYEm5EuszsGy3Go,pumpswap,1790775144,0.000002662,2626.38,2513,2513,0,0,0,17.69,0,0,0,0,0,0,0,2,,,,-4.64,0,0,2,1,,,,,,,,,,,
1791527541,6hatGWdZbBFuLuicNXGRDStqkGN9mAyfZBTkusUrjLoM,DOTS,TvqCrL7NPCW5sK2qWGLtSNaciB3E7gDtZijfVNZMVxi,raydium,1790776725,0.000003123,5022.54,3123,3123,0,4.13,20.54,154.5,0,0,4,1,19,9,42,23,,3.62,4.11,-4.14,0,1,1,1,CPMM,,,,,,,,,,
1791527539,2PuJ8eLNWeHLhG5YR5SD4mNwkQGduBiW2CWPuYq3vUPy,FLOYDEX,3phDmoE4yJF5abDCHawnPQSpGex7MeQe812fAXqV2bG4,pumpswap,1790794690,0.000002488,2456.52,2274,2274,0,0,0,56.37,0,0,0,0,0,0,3,4,,,,-7.3,0,3,2,1,,,,,,,,,,,
1791527546,FU36e3gRF3oJUgef7Xn18JPUQRuN548S8PhL65rECaYV,SARKA,ALxHEmdDGZayJJVMqiL8ecm8rkRNH1wvJvoSj9kT8Tve,pumpswap,1790777589,0.00005113,20359.33,48591,48591,2.96,89.14,7667.83,51015.48,1,0,2,4,95,69,508,442,0.87,0.12,-21.11,-49.31,0,0,1,1,,,,,,,,,,,
1791527542,8acLTgfVBH5zExB2ez3kE3B7xH2xevsRusii7d8UfdPc,mINE,Bhvo33uf2RH7tFufWYsgCMYz6MZkbsRP3qmmdz5vPFeD,pumpswap,1790779282,0.000002409,2391.72,2246,2246,0,0,0,0.67,0,0,0,0,0,0,0,2,,,,-4.09,0,1,1,1,,,,,,,,,,,
1791527544,BRJmyGPcHmNxLvFrTquYRTigUHuhirs3WQSh4bpLtS8H,ENERGY,4aRbBUVsAHyurhK4YeCHG3JpWStgHuJko3jtAkMd1eFm,raydium,1790780554,0.000003301,5278.83,3302,3302,0,0,0,1.06,0,0,0,0,0,0,0,1,,,,,0,0,1,1,CPMM,,,,,,,,,,
1791527541,5dw5MXrnW4wbqerxhUr4jAg92BeRjnux7Nf5RKHhpump,REV,4FgGgugQJXpxY3ZN1cjXLJajYECakM86W6BDcwC2mXV9,pumpswap,1790843817,0.000004914,4273.37,4701,4701,0,207.84,262.73,850.33,0,0,1,2,1,4,17,14,,-11.79,-14.82,-24.77,0,3,1,1,,,,,,,,,,,
1791527540,4BZ8LdoevaanYBxEZivsSiHv9Jx1zjABijKPzwDWupLA,JADOODOO,Gc8C4nst9kmY5CncCBq89TLE6PuuXDVAMibeF9hjb2rg,pumpswap,1790782975,0.000004310,3928.07,4050,4050,0,0,157.23,1282.83,0,0,0,0,0,2,17,24,,,-11.43,-8.68,0,1,1,1,,,,,,,,,,,
1791527543,8zWcEgUZvQKcHgtUoYTnaC6AHX7FmtWVV9WeM4kPuXMR,COVERT,HqAcDG5dGaWX7PRLobb8zRMVnAE2KH5Co2Tg62jBirr7,raydium,1790719987,0.000005691,6419.13,5691,5691,0,0,0.02,127.22,0,0,0,0,0,1,2,12,,,0.06,-8.66,0,1,1,1,CPMM,,,,,,,,,,
1791527545,CJS2EN7zGiZhVAYXsHqdXQJvNk8niiH2ZR9oWcrNpump,Arthur,9MPbUqaHVN3QMEkDQS5PgsuKcbsUkygq4cVkE1jM7zjQ,pumpswap,1790783228,0.000002726,3080.38,2671,2671,0,0,0,67.36,0,0,0,0,0,0,0,5,,,,-7.84,0,1,1,1,,,,,,,,,,,
1791527548,mXrsF4j1M4SoLvUzq9MiPN2xpGE21kDR2bTSdZipump,BSI,AQcFvbNB8b3hBtxdz6sM7FPPswPwrm25rFLDF1zetpkE,pumpswap,1790786591,0.000003351,3203.26,3077,3077,1.15,13.28,115.24,202.72,2,0,9,3,34,19,87,47,0.16,0.49,-2.79,-3.78,0,0,1,1,,,,,,,,,,,
1791527544,Bd9thw3PAeyHeBGSi4R1ARBuptpG5rM4fhB8BRWJkq1e,glungus,7brshHG5ijCodns6PUiA4qWMjqDLowtQE7x1ghwrDZag,pumpswap,1790671701,0.00001154,8227.83,10993,10993,5.41,487.25,6624.67,31072.42,0,4,7,8,90,94,400,345,-1.42,14.67,-41.91,-69.06,0,3,4,1,,,,,,,,,,,
1791527546,EH9vKKVJJoxULovwZZ5seSot3ofdpeMTxWjE9tCSpump,ZI,8e56Qs85AJMfSmQGwTnfxC4V4swV54rmzSRUndqSGYps,pumpswap,1790791766,0.000002463,2434.87,2349,2349,0,0,0,47.54,0,0,0,0,0,0,2,2,,,,-5.13,0,0,3,1,,,,,,,,,,,
1791527546,FWQf2kYPxWbggMj5w84H42gSdPcbgDwjt9uwUyYnpump,BI,3Qniv1KQjeredfait1yrbNwxn5hDYAYThMzhqoPYNZuB,pumpswap,1790785740,0.000004599,4223.87,4445,4445,0,15.21,43.92,267.57,0,0,4,4,26,16,85,50,,-1.51,1.08,-9.14,0,1,1,1,,,,,,,,,,,
1791527544,ALdiS7dN9HaRVbFmFaQw4a1evUxUD3r3M8vTc1HngW2u,BI,4WdgSAnovHp7fiZXNAbZXhzZMVxBkp4bVZWRMGwdABkE,pumpswap,1790788427,0.000003481,3790.32,3419,3419,0,0,1.56,192.37,0,0,0,0,0,2,2,15,,,-0.09,-14.63,0,0,0,1,,,,,,,,,,,
1791527541,6ZEaWsvHJ5qeXgaDodZGvPZj3Nxs9ErCt2NkYYt1LFPv,PeaqX,C2qfTYrZ8C8wtQkACigdoEpuzbBwWU1xzEbVbrYkDYTo,raydium,1790734558,0.00003961,17803.34,38399,38399,0,2.14,433.69,6911.04,0,0,2,1,11,9,55,76,,0.05,7.89,-35.97,0,1,2,1,CPMM,,,,,,,,,,
1791527547,H4r1pbLaDK7bsJLinP32fYqFBBP6CKJPDdEN9kWJk2MV,Private,92yWnKKTzE2Ku8e3ehnSo5Lu6aufXE7dpHpicEWNToyy,pumpswap,1790790931,0.000006233,5594.59,5852,5852,0,0,140.71,1678.85,0,0,0,0,2,0,13,14,,,8.04,-30.85,0,0,2,1,,,,,,,,,,,
1791527546,FACvJMFBWQ1GYm9dgZ7XHvs85V1EcK2SqHf534kspump,ZYROX,DA5uVLo9YU7wrS8ehuu61ujQkRzGGXSQ2oGdZRn861yg,pumpswap,1790788686,0.000002885,2960.24,2846,2846,0,0,0.64,6.58,0,0,0,0,0,1,1,4,,,-5.07,-10.17,0,0,2,1,,,,,,,,,,,
1791527546,EbHLDHnVB8cUTitL6X6eRVZM2E2kYAz6Wy7qRHu4pump,SC,9uaMyC8LYrNjEDUV9hfWxDcM45wvf9NpiX4V5tfYet7,pumpswap,1790871154,0.000002536,2494.24,2415,2415,0,0,0,20.4,0,0,0,0,0,0,2,4,,,,-5.62,0,0,2,1,,,,,,,,,,,
1791527545,Ca5RnSFTTCrJ4khNnPAWVvozytYhHUg8PXnzdsnxoP95,zilli,EUqKY6xx9EFexL8mpZEQbxXCnFd6D8mXhgkMhvukwvKm,raydium,1790770303,0.000002391,4242,2392,2392,0,0,0,11.34,0,0,0,0,0,0,1,2,,,,-0.54,0,1,1,1,CPMM,,,,,,,,,,
1791527544,BrLhG5DpphFZHE5hhhjY2iZ4HFAfu7e2dXB2h1Czuvba,gs,81vrem5VTEKFDKrYFS9Z54EBXjJvQbgAibz6RZigohWi,pumpswap,1790789368,0.000003566,3612.86,3493,3493,0,0,0,0.72,0,0,0,0,0,0,0,1,,,,,0,0,1,1,,,,,,,,,,,
1791527544,C5LjFTBeszZEZsQfgwawF4rzdupygG48ATcaj5zcvom7,UI,DzfnubcByqUwVQmVdxeZtdVwN6PNcacoKZVbyobUmRpg,pumpswap,1790792596,0.000002746,2689.99,2426,2426,0,0,0,0.38,0,0,0,0,0,0,0,1,,,,,0,1,1,1,,,,,,,,,,,
1791527544,BHFHzyjNrkf3brSktJSv5nqfS3CLVTueZSqGf8mbpump,CA,FqegzzBsTiUr93vSD5BdoJGuSmrR469FWuKzS8ftjcPT,pumpswap,1790791994,0.000002923,3142.07,2859,2859,0,0,0,6.42,0,0,0,0,0,0,2,1,,,,-0.4,0,1,1,1,,,,,,,,,,,
1791527548,VSoFduVq3HP7iYZ9H1EruWpdwfGpTcURPwgGwyCS48f,VSOF,ASw2apjb4EvS7zxq1BGtX9wXBBMYqUr5PHEfooq4EfcE,meteora,1790781290,0.0001416,19916.26,141663,141663,0,0,372.4,9463.03,0,0,0,1,0,3,29,43,,-3.61,-7.12,-58.99,0,1,1,1,DYN2,,,,,,,,,,
1791527546,EsT61WMFMja6vJYPnXJHv4s9SeEic3bUABrbADPGMRUN,UHI,DEh1SgW6UZoZQXSDxxkSFeSyJqZBdE6EuGwFpPX6xYiU,pumpswap,1790790533,0.000003465,3553.97,3370,3370,0,0,17.72,501.85,0,0,0,0,0,2,6,9,,,-1.21,5.95,0,1,1,1,,,,,,,,,,,
1791527544,BizeLNXEQjrTjmtQbNA6Qi22h5HKQe9Gjwys3ZkT1Nc9,ELON,Bq6qtrFcr1GdVhmZYCNKBBi9oeN1MTvET26J66zf9giT,pumpswap,1790789710,0.00002260,15561.63,21791,21791,0,4.68,213.06,3740.17,0,0,0,2,8,9,45,50,,,3.01,-11.5,0,2,2,1,,,,,,,,,,,
1791527548,JCX5nDG99k1CWB9AttJ3U57NmjSgnCoagFaZhqfEf7Ah,BANDIT,6L2q7ZrUQCzUBm7RHV2w336ZCVVrVGqA6z5oNmQmUidP,pumpswap,1790793667,0.00001491,12254.95,14833,14833,0,25.8,388.16,4855.5,0,0,1,1,7,5,69,57,,0.71,-0.78,-20.78,0,1,1,1,,,,,,,,,,,
1791527544,BLekeyrGWfyBk1YSuwvoSULeh5wVS1EEUfgg2aNbSTNK,AI,7kcbMGRyt8SnGVqFx93JzckV3MPXT1MhJAYJgpzW5w8h,raydium,1790793309,0.000003905,6267.22,3906,3906,0,0.02,0.29,0.45,0,0,0,1,0,2,0,5,,0.12,0.02,0.01,0,0,1,1,CPMM,,,,,,,,,,
1791527546,FEYNnky1Jp7xfrTnR5U93qBM79RxYkQibzTaR31fdxqS,FEYN,DP7hdCfAt6Ny94b96RjNYSgUSRdfrT9wiDCtVjn6T3bP,pumpswap,1790792629,0.00004243,17692.13,41310,41310,0,327.7,2307.75,5807.98,0,0,3,0,23,16,64,61,,5.84,-8.4,-38.66,0,2,2,1,,,,,,,,,,,
1791527543,9rJsqPD1UqeXo1dgPybwTKm7Luga8bXVQ5A3EiYFhfeA,SI,7ecRqpsoJ3A7YsQEyp4HgnjXA4g8AzESfi9rhBNGiWcW,pumpswap,1790795908,0.000009219,7996,8930,8930,3.43,3.43,1185.05,3082.41,0,1,0,1,19,12,43,37,-0.65,-0.65,18.61,30.23,0,0,0,1,,,,,,,,,,,
1791527549,qntUzPUsJ51abNP7VYNxkmsQ4RnvEZAhavUxsCxpxH4,QNT,9WyXYtMDZPVFDNFsPRPA1qgxq64JqFCYg31SMan8Pvaz,raydium,1790797058,240.16,52993.23,461882,461882,1.27,2456.14,13501.34,155948.58,0,2,16,4,106,173,1236,1160,0.04,0.83,1.54,-0.72,0,0,0,1,CLMM,,,,,,,,,,
1791527546,FTa2QkKrc1oSkLciZCMS1o6zpRB1L8TZVkiPy56VQX4u,TEXTR,57sTxsma1pbg85XfjZiqpUrbnVbiBoRBsSMrybSpsc4u,pumpswap,1790799059,0.000002836,2809.87,2713,2713,0,0,0,0.26,0,0,0,0,0,0,0,1,,,,,0,1,1,1,,,,,,,,,,,
1791527540,4Xfph5jWxEj3zzPTsDNPJtJbf24LizaqPQGohodJZ1PV,Quamfy,He5LqnjT4HMgdj4gxMCbCJAhfUZkU2zf9aPkKWgjTb3g,raydium,1790797811,0.00001075,9321.59,10756,10756,0,0,154.95,2533.63,0,0,0,0,2,9,22,26,,,-5.13,-20.81,0,0,0,1,CPMM,,,,,,,,,,
1791527547,GjrhXcr8YzUZBbu5rifdqM5CPBS4LFJveq3ZiY2u3g5G,Meridian,6xLfdSfHgxHSLgFt58BTv9z35qsGbmpqLdMU2FwsG2Tf,pumpswap,1790799213,0.00004690,20400.51,45132,45132,0,0,2380.84,10492.08,0,0,0,0,34,8,115,92,,,41.45,20.92,0,1,1,1,,,,,,,,,,,
1791527539,39eBixffUCh2GqF8sEE9fZ1rqoeP2HxNsstN5X5ppump,AHOY,6X2DJ4sAq6fYkUwz2Q5PWEJ4KfSUqzcUD5WRhmTV9zD4,pumpswap,1790799673,0.00006258,22620.57,59313,59313,0,0,80.82,6289.16,0,0,0,0,2,2,70,75,,,-0.42,-13.96,0,1,2,1,,,,,,,,,,,
1791527542,8nSQRjqWKuLYfLgdvYaYm63hBoiKSZvGqN7yVaHMfc8q,Qubit,4pw33MzUncQx9EejM7veokeXayx5RNb7nzBE71FUnMyQ,raydium,1790800727,0.000005067,6083.7,5068,5068,0,0,225.1,2195.96,0,0,0,0,1,1,11,16,,,-1.45,-9.95,0,1,1,1,CPMM,,,,,,,,,,
1791527544,B7yfFFkX4NtxtQwGdegi2DuaVssitc3FGpqF2pxUH1zM,PUMPKINU,5YzMhNDv7X6NCyxoF2HvRGw55cs7x2cjNoRpoHFn9S5o,pumpswap,1790798075,0.000003070,3206.02,3027,3027,0.86,2.83,25.74,123.26,1,0,2,4,29,17,78,33,1.27,-0.04,2.45,-0.09,0,1,1,1,,,,,,,,,,,
1791527539,2dTGg7tybAVYi81qg1ETfbGXKKGA77of3d8rBjKcE4N2,SI,z6yuzgMZNEAdjkG3zyDNPNm7BzXAkTRzXH5pT8PkuN7,pumpswap,1790801106,0.00002137,11414.14,21039,21039,0,0,3.5,59.45,0,0,0,0,0,1,2,3,,,-0.06,-6.39,0,0,1,1,,,,,,,,,,,
1791527546,Eq8yd78WXjHKRksRpqzXUSDDdzwcV9mdjCBqThkqyY3q,INUINUINUINUINUINUINUINUINUINUINUINUINUI,6XP93srUjoeR3fyubi6ehRkNBoLDVUdnj2n1uNfFkgsG,raydium,1790800152,0.000002742,5015.36,2743,2743,0,0,0,0.47,0,0,0,0,0,0,0,1,,,,,0,0,0,1,CPMM,,,,,,,,,,
1791527539,253ru1evxbU7zfKZwGAh458Np3ADtNMuWDqPhvwY8Cj8,Rocket,bKcJn28u6QvBC6MpzJqdj7bCQYMAZMU26ueNb4tWZcS,pumpswap,1790802175,0.000002614,2922.31,2569,2569,0,0,0,5.55,0,0,0,0,0,0,0,5,,,,-6.69,0,1,1,1,,,,,,,,,,,
1791527541,59PXVfJ28HLYpdYLz8rt8ziE9EWbK4mS8xvq38NUQ1Be,REPOING,FHw49kTEEjzBhRuMff9F1Xw1bLcBpwvsaSboaAWpAcaT,meteora,1790628834,0.0001363,33459.19,136322,136322,174.71,6873.52,15787.33,110687.06,9,5,85,27,188,63,686,436,0.16,-27.34,-35.42,21.66,0,2,1,1,DYN2,,,,,,,,,,
1791527544,AgwKsgtTAML6dkJvnjoStx6Gk7FpCuqLrg3pMr9HvdnY,Yuri,2SakVDQw1HW3iZB5phnb34XR3gaaPnF1VMcMy57bdmH4,pumpswap,1790802521,0.000002372,2488.51,2244,2244,0,0,0,2.24,0,0,0,0,0,0,0,5,,,,-2.39,0,0,0,1,,,,,,,,,,,
1791527548,HpyRH91gxwDKmjcN7UjPpSFLBXA86yGodgaJYrRK3HT,QUANT,EXe7eEuHnKTiR5rC4XdnZt1bVuMVgVx9TaC5j3WPxb7f,raydium,1790803122,0.000002166,3918.49,2166,2166,0,0,7.86,7.86,0,0,0,0,0,3,0,3,,,,,0,0,1,1,CPMM,,,,,,,,,,
1791527543,9jAVyE3sTnVoWXLK4eorcU7uV6zhh5Q9WapdcstAYtas,GENESIS,GntVxwXdqX35325f8M95SxxZMF7vzgt9wFMrH8SmdMrr,pumpswap,1790805945,0.000002221,2253.58,2140,2140,0,0,0,3.18,0,0,0,0,0,0,0,1,,,,,0,1,1,1,,,,,,,,,,,
1791527539,2QHXWq5TK64JbMptwMBP1BsfhrxZRRv9JsLa17X7pump,SAW,B7XU9FYpuKgjEhM5HwyR9qAHXL3Juyz3CcgPuuiAbKki,pumpswap,1790787841,0.00004904,19924.74,47391,47391,247.94,7361.81,8596.59,17680.68,1,4,81,55,101,62,157,107,4.1,34.53,96.61,57.84,0,1,1,1,,,,,,,,,,,
1791527546,EmLPFwLkzaPdT548oKXT9CMh9bSB9Ez93fBgmmoapump,.si,2bnXboTryEGBAH8C9FNERm4bfD5RKnJLtMZzJFn23uRe,pumpswap,1790805275,0.00001701,11228.04,16518,16518,0,541.93,2159.52,10550.95,0,0,8,5,30,29,127,140,,10.62,9.01,35.57,0,1,1,1,,,,,,,,,,,
1791527547,GacgmKkuqxLfL7qox6YMeP7SWHdC1ayMsLUJcuKB5huf,KARDASHEV,ADUJ4UgHrMqMhsGEE8bSHaEomGAHuKpDFtzmhcxrpHX7,pumpswap,1790433659,0.000003168,1710.16,3110,3110,0,0,0,96.05,0,0,0,0,0,0,0,4,,,,-20.05,0,1,1,1,,,,,,,,,,,
1791527547,GPuN3s5PZTPcQV7cykNaTyX9cVesPSyz7111nsNKu4cv,CSFUN,8ZUTVDzf85jCqArY1CNuryok21daNe1xE6X4Anp6paLN,meteora,1790806714,0.000002978,5142.54,2965,2965,0,0,0,28.89,0,0,0,0,0,0,0,10,,,,-6.22,0,1,1,1,DYN2,,,,,,,,,,
1791527542,7SG8ap8SqDB1dVmJ9RZhXd3VBkbgwPitxt9Jhj4Spump,FORGE,E57PhrFybNQG6QZLwxAeu1t4Dzf59tLTbNhnJtLYzjhB,pumpswap,1790804855,0.0002019,38670.18,198773,198773,0,270.52,734.57,11507.93,0,0,1,0,3,1,42,43,,2.61,3.04,-13.82,0,1,2,1,,,,,,,,,,,
1791527545,DvNcJZTiSMD1RBCtZ2J31mh7s42CVCwrzGapv1Lypump,MICRO,mnnen34cBuJJ7Pvfdb2PN7WHgRvCMzcTej4bAgUiXob,pumpswap,1790810211,0.00004721,22990.31,45080,45080,0,416.78,3569.82,13742.18,0,0,1,2,35,27,153,145,,-6.93,8.88,-38.76,0,1,1,1,,,,,,,,,,,
1791527539,2F3VSnTdEJAKjWmSahfRG43RZFdkCDzSPySNdpz8pump,Picomatch,5y5qfgLmWa9TS6R1dqDsVhAzirdgmswpNMU6d3MPwLNe,pumpswap,1790808814,0.00002614,13409.62,25064,25064,0,1103.94,3673.92,5939.82,0,0,6,5,38,24,99,53,,-12.34,9.1,40.89,0,1,1,1,,,,,,,,,,,
1791527549,qX75G4BLzhPtGWtH4THcG2F6weoHveAMoqfDB2pcmkp,P3jca,DWAG4R3hAmgBqFTxhsZNra9WU3oA8S54PXWQsYTnos8c,pumpswap,1790809487,0.000002537,2683.43,2409,2409,0,0,0,2.43,0,0,0,1,0,1,0,3,,3.69,3.69,-1.35,0,1,1,1,,,,,,,,,,,
1791527542,8iX67wnJuJkDk2Hvsdd4nBdwNQC2hc6TNiHK2gE5svCF,PROJECT 6,48wgbxsfc5kb6csMcjaQPMC9d5QuE5GFKnme4PyAZufZ,pumpswap,1790809860,0.0001124,28905.03,108752,108752,0,191.98,8863.5,115892.91,0,0,3,5,68,70,926,761,,-1.42,-1.79,-42.07,0,1,1,1,,,,,,,,,,,
1791527543,9Hi75Cp5PcfJfCdaxrheyP9oZ2TG6fnGt1Cgq2Jrce62,HALL,BRAP3bfVcHpckgzGUBaNiHg43gTNbRQWFL4bxVZWYBcf,pumpswap,1790810602,0.00001483,10754.49,14319,14319,0,99.67,1799.24,5992.68,0,0,1,1,20,13,64,54,,-2.52,15.77,-17.23,0,1,0,1,,,,,,,,,,,
1791527544,AcgB3riCTGBzQ626TRmEm1f6ikeFvxi4mL36piDXV6ug,PRLS,GwvAt96oPP1fd1gMX9bPhERFKkvV5qBBVc7P1MHGPJk3,meteora,1790811206,0.000003863,5470.22,3863,3863,0,0,0.79,49.18,0,0,0,1,0,2,6,16,,0.48,0.92,-3.66,0,0,1,1,DYN2,,,,,,,,,,
1791527544,BZERM5ET7txBTK4mM8pA3fph64marhkvTGEXiwM3pump,CLM,GPB1BYWPJShRr6V8my1DFYRZAPzrdGBCLmHVH7SH8P8w,pumpswap,1790813803,0.000003936,3757.31,3704,3704,0,0,0,9.61,0,0,0,0,0,0,0,6,,,,-0.54,0,1,1,1,,,,,,,,,,,
1791527542,8kVuY7Yir9NLaai9V73ZejscWdJ9q7aczidLtr38oL4r,Collateral,84EGAwMQhs4Jnz3dEdxvVuk3fPD3g5qA8zyskPTZkRMZ,pumpswap,1790813443,0.000004126,4448.13,4061,4061,0,0,0.01,74.91,0,0,0,0,0,1,0,6,,,-0.61,-8.23,0,1,1,1,,,,,,,,,,,
1791527541,6mF3wKGm377EFN8Jxm1mPUk46rnirNu3jASSvp3sBg6u,Chunkee,54xnep45xfFBkaPweHLi3kpg348cNR4UWmD3Ax7Ric5z,raydium,1790262291,0.000009552,9473.21,9552,9552,0,3.18,5.55,6271.89,0,0,1,0,2,0,31,47,,0.17,0.24,-61.16,0,0,1,1,CPMM,,,,,,,,,,
1791527541,5sD8hmitvDkDxbAjZF4CrX1NX8eA5Cwn8kK67tp9DevH,Pongpong,GQADs9oy7uVQTNJ7DEew2y8YvcfusRVbspx4ve1vnBpq,pumpswap,1790814255,0.000003493,3834.14,3432,3432,0,0.06,11.01,91.32,0,0,0,2,1,3,6,8,,-0.94,1.68,2.04,0,0,1,1,,,,,,,,,,,
1791527548,HVUFFsRbWFV2kRS467iRJGLdJ9o93yQJqmSWa9fkpump,Trump,GZjhB454hC23JQThwkYv2k6tqBTKtMatgS3kdvit2RrV,pumpswap,1790813964,0.000004073,3855,4007,4007,2.56,51.69,283.26,789.83,4,1,38,21,268,153,648,335,0.19,2.12,9.85,17.61,0,1,2,1,,,,,,,,,,,
1791527545,DkQYd9q2p7VSruiKhj54wu4F9CbyqruCRKFewg3dpump,AGI,5Mp4Z17NNdanseQa2yqg2eEE5xVSognN3ffDgksWeCm1,pumpswap,1790812557,0.000004639,4785.09,4373,4373,0,0,0,20.41,0,0,0,0,0,0,0,15,,,,-5.2,0,1,1,1,,,,,,,,,,,
1791527545,D3Rna5XrQWaW3Ydzxt5PicEbQnMbSv8qX97x14qEsVd,AI,BGWXhL7pus7jNZ4pXrdkwincYFxvi4rKdRkyqXXemW4w,raydium,1790818620,0.000006795,8754.23,6795,6795,0,0.2,131.63,1522.43,0,0,0,1,1,50,15,59,,0.23,-5.18,37.01,0,0,0,1,CPMM,,,,,,,,,,
1791527544,AzDHbuhbJfUaX7tzcHXFjgk8EvSdUmWMEsr588fVpump,FI,6ryFML9TK2Gf9y1DD536VE6nSG6wBn1xoiX8mbNU5EM6,pumpswap,1790819541,0.000004118,3828.4,3971,3971,20.79,54.45,258.1,779.31,4,2,40,17,236,117,591,304,1.39,1.57,5.94,18.28,0,0,1,1,,,,,,,,,,,
1791527539,3MQLR69vhsFi86MJ5Lf4jsUT2SdcTpdrPixTqGeFhvE6,elephant,7UFq7aLYp7yLQ6oPbz3UWKMG32NC4Pwm91vtWHcu4gxq,pumpswap,1790820219,0.000002425,2495.93,2367,2367,0,0,0,34.74,0,0,0,0,0,0,0,2,,,,-7.52,0,0,1,1,,,,,,,,,,,
1791527540,4ByRNjKEQbtexsJie54vCdPnSuSWibWHn49dAXmcpump,GND,HMbMsCJ1JBjhmqdbSbQvopXm3WkCpsAvJZNycrgEy8mf,pumpswap,1790819890,0.000003257,3196.96,3005,3005,0,0,127.22,311.83,0,0,0,0,1,1,2,4,,,-4.08,-20.18,0,0,2,1,,,,,,,,,,,
1791527540,4vEX32B4LLr2hL4tzdgz724rSYXGccAGT8MRSUaNpump,DEGEN,8vyH9f4CyuK1kEZoRnTwKiFh1zDubrGMBNhSUSnmLQQa,pumpswap,1790820459,0.000002880,3117.4,2846,2846,0,8.69,71.86,125.78,0,0,6,1,25,19,70,45,,-0.09,-1.63,-5.87,0,1,3,1,,,,,,,,,,,
1791527544,AV9TkfXb8LcAgjKuVBpp7qhaL6wHuAdEtBsgsduQpump,Quest,HYU7woAVxao45T4Q5TuGRgowpimG7b3RGT1Ln1e13WwZ,pumpswap,1790822365,0.000003099,3466.58,3020,3020,0,0,36.66,115.19,0,0,0,0,1,3,1,7,,,-2.24,-10.67,0,1,1,1,,,,,,,,,,,
1791527539,26uqr1EAd5o9czpp3CxWGRPBgzya2733WC7faQX4mqNA,TRUMPTY,3wEUjhLesDjHasbWWQng4rSqLHjAGvMLAcA7REspuWvy,raydium,1790822912,0.0001236,31431.47,123623,123623,0,0.86,5174.24,9578.34,0,0,4,4,27,29,49,48,,-0.11,32.22,53.96,0,1,4,1,CPMM,,,,,,,,,,
1791527547,H9qKeikv2EuifXaMCWSFQSUvNHUu2dre9R3Gmz62mvjw,Ajax,EGRWwHLfME2U2rahMu6BMqonMNeG5ND2CdVFPX1CcAE9,pumpswap,1790821407,0.00009329,31329.98,91933,91933,17.65,80.49,6178.74,23634.86,1,0,3,4,57,54,228,215,1.36,0.93,16.62,-28.35,0,1,1,1,,,,,,,,,,,
1791527544,BFdFhgZWKpHEvtCRA3R7fQwJfj51kZCk9WR9q3LLpump,SII,FnmwumGkfxFgwQ9ERk2vUsuJ2kXNx6Xf5oU2UyE41ars,pumpswap,1790823152,0.000002402,2614.04,2367,2367,0,6.16,22.54,71.54,0,0,4,4,22,18,54,36,,1.47,1.86,-0.64,0,1,1,1,,,,,,,,,,,
1791527545,EEGtwsf5wLWDG4THEu4TdFKTTRpsEoxArWZsetWZpump,NUVI,8MxvegL1C14ddbBczqpfMLdBvnmDDPGqqTJWqJAYKuhP,pumpswap,1790826457,0.000002935,3149.83,2830,2830,0,0,0,17.41,0,0,0,0,0,0,1,2,,,,-4.16,0,1,1,1,,,,,,,,,,,
1791527543,9GW1GMaVeV41yiYYzfgQdnEf8ocGFenX8AsgvhWEARLY,EARLY,Em9Ru5DrybRSZL161CtKVSCF7tEwUyJ5GaWpgTFGiBPS,pumpswap,1790827778,0.000002422,2443.72,2294,2294,0,0,0,3.06,0,0,0,0,0,0,1,2,,,,-6.15,0,1,1,1,,,,,,,,,,,
1791527546,Fq7wzJ9S6TRm7NrPGEwWKmQPqdF8K1g5uTp9DGFcpump,FORREST,ErgojZ4yKHxJkVgQqWEbPAbt7NHctL5a3oLyP1iTin8Y,pumpswap,1790827477,0.000008186,6167.42,7797,7797,49.49,946.68,946.78,1385.22,0,1,9,11,9,12,14,22,-1.67,8.69,7.08,10,0,0,1,1,,,,,,,,,,,
1791527540,3P9KW7fa5LnYpBecLrZV92WmA4rsCErQPP7YdM6Jpump,BREAST,JjiK9JSzbobKdjRgxuqSTPwCe693pe5QBdJniBBan7N,pumpswap,1790829717,0.000002465,2512.97,2348,2348,0,0,0,13.15,0,0,0,0,0,0,1,1,,,,-1.29,0,0,0,1,,,,,,,,,,,
1791527545,CuP5Ng85HiCdHiKnc9pKe9MVEVkJDHmMsyEvbXHopump,REV,5Hiw6ED2r26LPrK7X4v9AKUMaAuVE1hQN5imrCvuWgk3,pumpswap,1790828506,0.000004688,4608.13,4624,4624,0,0,7.49,1961.98,0,0,0,0,1,0,4,14,,,1.44,-3.25,0,1,2,1,,,,,,,,,,,
1791527548,HzmypKm9MVq7N5qZqKq5AuzWX4Qt7b4YY67P6KDWwZnu,ENA,7k8SnhpmDt85pztjv8dR8RozowwhkQqdxWhuQLKu1wQ3,raydium,1790830157,0.2730,272745112.17,273015784,273015784,41397.88,41414.61,84064.38,381033.1,1,1,3,3,11,10,42,41,,,,,0,0,0,1,CLMM,,,,,,,,,,
1791527544,ANzrdoVonAtNJk3ZG28CXCjNjfPkc8qVWXW7MQe7vSqz,@bot,EPTGJ5RUwNr82vJimGFNoRGZFBXiKgLrxz3EZpqAAaGq,raydium,1790830738,0.000003796,6231.89,3796,3796,0,0,3.92,128.24,0,0,0,0,1,1,2,4,,,0.46,-8.6,0,0,1,1,CPMM,,,,,,,,,,
1791527546,Fs4p664NY13ZXARqXPheBYVnopBjX3398Pz3tk5npump,Jackass,G14K8wGzv8m3nAhhrrwsxkT4dDi6PAYtrxFsGKzFKNF4,pumpswap,1790829726,0.000002969,3150.51,2725,2725,0,0,0,5.75,0,0,0,0,0,0,1,1,,,,-1.27,0,0,1,1,,,,,,,,,,,
1791527541,5gok7WzHvMFmFfcvnHuuBqRh9GTcQckHXBBwZywkpump,NOXBANK,6WA4dP11xjrJCEkB2Uaw3ZehShyjkGTww1SsriS5K8qY,pumpswap,1790879871,0.000003420,3216.14,3209,3209,0,2.21,31.78,84.08,0,0,4,1,41,16,92,38,,1.45,2.85,-0.53,0,1,1,1,,,,,,,,,,,
1791527547,H5Kugtkfc5vrm3oSdX6FDkxuutRK1S3GW7Rr7UgnoDhP,PUTIN,EjHSLEKLautwaTSXDH5mTg6SVq2iGwo5eLeXr5CaeGdc,pumpswap,1790833808,0.000006934,6228.65,6763,6763,0,0,0.49,1670.69,0,0,0,1,1,1,31,21,,-0.85,-0.95,16.44,0,2,1,1,,,,,,,,,,,
1791527542,7MuvW6G2pDTGSjzpjqeDYigUsXqqd6TmEzLgvRRopump,USDF,Aqp9EKhgp1U35UsBDaYgLpgnVZUyeZLsHFXfzKw3cYE9,pumpswap,1790731802,0.001923,125523.98,1819135,1819135,149.59,2215.87,45685.01,342245.02,4,4,36,34,416,399,1850,1737,,0.02,1.23,2.32,0,0,0,1,,,,,,,,,,,
1791527545,Ckbi3ZcnctfTGGPk1oLWmRYp6mKcuWxJ274PTf2hpump,Penguin,68WSv1nzUPskB3ajrB1niAVystKrYg1RBHRo2Q8trFYY,pumpswap,1790839637,0.000003331,3203.31,3090,3090,0,0.13,0.13,69.93,0,0,0,1,0,1,1,6,,0.3,0.3,-2.7,0,1,1,1,,,,,,,,,,,
1791527540,4ewtv8cLUULfNj9wsRytsXkgERG5mx1MZ3LZGMTfVVmm,RO,EAMCdU5qK2ZfcrW8JGjjHNJ5r5Gth5tePbK6nU4maxxR,raydium,1790829385,0.0001864,41405.88,186405,186405,0,36.12,141.2,725.05,0,0,1,0,2,2,2,10,,0.35,7.42,-6.25,0,0,1,1,CPMM,,,,,,,,,,
1791527547,GvZ9UXZm8U14uZNi7hBN5cY2iUta7stArZE486yHe2nA,PERKOS,8rfM1PxAfqZiZhH142wYdAtPqajTTU2a8xFGdAav7Y8P,pumpswap,1790727859,0.00002843,13293.59,26308,26308,0.69,283.61,3264.63,16831.45,0,1,21,3,47,31,132,118,-0.1,6.5,-27.39,-42.25,0,1,2,1,,,,,,,,,,,
1791527540,4mNoVhb9ATKYoJg5Bzzpewe4qeM4vgxQR3zKMe6MWJwP,YPAID,72DSTTTFoERypVwLeegAA9RoC6DyAG85Qbiu7uXGfB8Z,pumpswap,1790840241,0.000004373,4078.75,4212,4212,0,0,55.29,195.25,0,0,0,0,1,4,1,9,,,-0.56,-17.73,0,3,1,1,,,,,,,,,,,
1791527549,si1u9ctHoUjQvQXVhUeTGdLptDvp2aRxFcD5jWYFuEh,dotsi,7eL5bkbTQGXScQyJ6fqEm4BJAo4T6v52irKUWVAT4NiY,pumpswap,1790842297,0.000003776,3563.73,3599,3599,0,0,0,30.32,0,0,0,0,0,0,3,4,,,,-3.01,0,1,1,1,,,,,,,,,,,
1791527546,F458Huat36hKjLPc7dmL4uEixBAgX7fUjxWwnUEkpump,MASHUP,5mfeK1Pygz1rK6sbKXZUrdYdE24NgsMee56N8HKabVZY,pumpswap,1790846727,0.00008184,26318.96,77716,77716,137.37,1685.31,16781.44,121528.87,0,2,5,8,82,79,665,688,-2.42,-12.58,138,143,0,1,1,1,,,,,,,,,,,
1791527545,DV8WPt5mPkhtH1CC9Qe6NgYMsyw16sMBUTx3YTTogift,SPLURGE,53ptwYPjqaRncHPAQaQXR9jTUh71aZ3w2AeFNc1K6wE2,pumpswap,1790845358,0.000002428,2406.11,2244,2244,0,0,0,4.78,0,0,0,0,0,0,0,2,,,,-4.32,0,1,1,1,,,,,,,,,,,
1791527545,CoDrovyDiKJLCBSLzbf4s5fa1JLdiK2TVJExTFtGi8AK,ZI,HT4v5CrDgyTAAYjAQgzSzHaNpMR7RmwskypnRFG2Hxf5,raydium,1790780974,0.000003613,5161.94,3614,3614,0,0,1.49,330.56,0,0,0,0,1,0,7,11,,,2.79,-8.12,0,1,2,1,CPMM,,,,,,,,,,
1791527544,BhaQEvju9852hiJiFs9Y2ecGRb37oUfE9dAA8pLSBAGS,SHL0MS,CPtHUREDE6HYt1UfexGFBXw2wFQj34FwdLeyzJKRAjQb,meteora,1790843179,0.000004231,5864.46,4230,4230,0,0,146.07,3044.94,0,0,0,0,3,3,22,22,,,-0.84,-19.39,0,0,0,1,DYN2,,,,,,,,,,
1791527544,BsaissLqJmMMrXXmuhaRVjDa49Qf5QYzDpE8nZvc1vWJ,Mars3D,3Cpb9kojdQHLR2Rtf22azTD3Ld2mTXmkcfauNR1sQvif,pumpswap,1790846363,0.000002278,2295.45,2179,2179,0,0,0,0.13,0,0,0,0,0,0,0,1,,,,,0,1,1,1,,,,,,,,,,,
1791527547,G6autZruJLEzYKRh84qTsbVhrTvLEbjBYdHnBQH1zitp,backpack,JAgorsZ4Y6V2EevnpQME2fEckch5uCbGSvqRw7TimW4f,raydium,1790730792,0.00003530,21221.8,35308,35308,0,207.27,9717.38,25298.9,0,0,5,9,71,82,189,207,,-0.03,39.85,22.66,0,0,1,1,CPMM,,,,,,,,,,
1791527539,2SVkGBPF3f7zfp7v7SiSf6PSnN6DEKbCDbSo7QNkpump,Mosquito,3Mneri3xJb4d8tA3AvAz8CMaT3B67bQT8w4mRVRUbWKQ,pumpswap,1790848043,0.000002551,2578.22,2484,2484,0,0,4.81,62.24,0,0,0,0,1,1,1,4,,,-0.14,-6.82,0,1,1,1,,,,,,,,,,,
1791527540,4pZ9PdgmGHJyiJoBrS5sn12YznDGYPbr1vGB6tgkSykb,Leo,Drh7JkbBRvw5DsDaLw3p6x7BKdsCbNFHkSZhpBjdYdcp,raydium,1790849746,0.000003897,6456.64,3898,3898,0,0,0,303.3,0,0,0,0,0,0,0,3,,,,-22.08,0,0,2,1,CPMM,,,,,,,,,,
1791527547,HFNSKQh7bHzEKzt5m6pe79FmGiZ14PJjJScBshts8Yd8,かのくん,nLeBNhqVgStTozsf5m9jkx8tfgg9zJJTRHbb5QJFyW3,pumpswap,1790850160,0.000002756,2732.45,2651,2651,0,0,77.08,167.3,0,0,0,0,0,2,7,14,,,-5.77,-12.23,0,1,1,1,,,,,,,,,,,
1791527546,EqZwBqyN483N1yJocyfNEVSWTDvp93UnywAEjNgJUKCx,OpenSI,9qagZm5NMtKkPAd54ZmLGoy581ztV9x2bkPSMgxagxTC,pumpswap,1790853509,0.000006895,5407.95,6593,6593,0,0,4.28,3769.11,0,0,0,0,0,2,49,34,,,-0.09,82.78,0,1,1,1,,,,,,,,,,,
1791527545,Cj9Ch1JiHcSjrsk1sDcFNgQzb6sonhbJj4hunYAHqYfm,Partyhat,ErPX8GRnXTCNeYxwHT6Tah2mM2jiAKWrJSEDBBD9vFqE,pumpswap,1790850938,0.000002327,2392.15,2237,2237,0,0,0,0.42,0,0,0,0,0,0,3,2,,,,4.15,0,1,1,1,,,,,,,,,,,
1791527545,E5A2cdJxPm75FMeUeTSdCwwYFgJ486A6n5MpPM8tpump,CHRISTA,Fgm8pFFWkoZJ1DwEaJGptEJtBMVPyvWFxhj8kXq2fCwY,pumpswap,1790826074,0.000003756,3495.36,3403,3403,0,16.44,18.43,2037,0,0,0,1,2,2,33,33,,-0.38,-17.64,-35.63,0,1,1,1,,,,,,,,,,,
1791527542,7r1v5rZcGnyzVs1jei7FeMEiZVf4GhQgLYXjZHmMUDGQ,HOURS,9coDbwAB3nkGTs36HjiZGy3CeKB8w77MdRAiRjik4i2e,meteora,1790854744,0.00004467,19757.91,44406,44406,7.36,246.82,7590.64,81422.98,0,1,7,13,124,91,741,470,-0.42,-2.69,-13.6,-19.33,0,1,1,1,DYN2,,,,,,,,,,
1791527541,6hjaMcRPvB4DEGpHqgHxmgipb2vrGQWMewZBAVSLpump,STATE?,5WBYceMmszMxy2CxLTtcHLGefL3Y3kfvAqMasdTLFNv8,pumpswap,1790605787,0.00002412,12000.87,23263,23263,0,1204.91,1482.13,22627.92,0,0,16,15,24,21,261,258,,12.04,9.89,-17.36,0,0,2,1,,,,,,,,,,,
1791527542,7mEhH5gsuwPeBC9n9C2XQJdXinWhKGfNhrt4r8db47Cn,Snoopy,5bYtv8P5197JM6oKwAt1hZBo1xJ8m7VTco1NArmqMv6B,pumpswap,1790857169,0.000005734,5015.53,5526,5526,0,28.6,48.91,4558.86,0,0,0,1,1,4,80,63,,-1.02,-0.68,13.98,0,0,2,1,,,,,,,,,,,
1791527541,5xRgf67CKfo6A96ZskqVUcRutENpcBTpjrKYGDQu6eqw,KATANO,6BUyGDf8buMKHRDz9ZhQr7cQeJTkgPoFZCYmd3eyC3ma,raydium,1790857924,0.000002922,4849.67,2923,2923,0,0,0,0.49,0,0,0,0,0,0,0,3,,,,-7.56,0,1,1,1,CPMM,,,,,,,,,,
1791527543,9pJWJdpPebyANys45eetpemLJo8yTz4n5B9zbpYw9ZMr,Jane,31eCTC8W3VcX7BiFwK2o5Ax41FPi2UyHcehcy2Gd3H5h,pumpswap,1790860719,0.00001428,11992.62,13990,13990,42.92,1528.55,3297.82,6507.94,0,1,13,6,28,27,91,86,-1.24,-12.81,-34.59,-45.5,0,0,0,1,,,,,,,,,,,
1791527547,Gd28K8mXV6AsDyjpHnREdC6zetL3XVrLY2yk1urZpump,CATANA,9xVi3514hnzQa8VCq3VfLeRqsyqd3havAu1efdnLxNoB,pumpswap,1790887562,0.00001251,8473.41,12099,12099,0,71.08,1351.64,9005.37,0,0,2,2,14,16,135,111,,0.78,-3.45,36.46,0,0,2,1,,,,,,,,,,,
1791527543,9wc2gqjJXp3wEi2gQQu22i5BYy3fetgvaLCEN2CJWB3h,wifween,CvxAM9FfK7fKB1kQfMqYqu1yreW4DN6qg3mjwif6Lv3c,pumpswap,1790861151,0.000003633,3394.51,3508,3508,2.3,34.82,215.76,638.46,2,1,42,18,229,122,579,303,0.17,2.72,7.35,21.18,0,1,1,1,,,,,,,,,,,
1791527546,FEVYjz1uqrGxF5gUfbAb7hHUTGFv7hycLWywsanJtLhm,Jane,BZXt8t6r99tQDjHMEfcGaWA5hxD4b3D53S1eehonGS5g,pumpswap,1790860957,0.000002644,2901.1,2561,2561,0,2.4,2.4,40.66,0,0,0,1,0,1,1,5,,1.33,1.33,-3.82,0,1,1,1,,,,,,,,,,,
1791527541,5DasfQV93VnQJ2tC8q9nwknUppWVjL1kDvuFG4rnKXKc,B,A4M3N3XLN1EMS95ZA9p8HxWg1zfpMcKACxn2GQ8FDAND,raydium,1790864093,0.00001635,12673.78,16353,16353,0,23.53,1041.6,34105.11,0,0,2,0,16,9,293,281,,0.76,-10.41,-26.56,0,0,2,1,CPMM,,,,,,,,,,
1791527541,6H75PU1Z6Yt6gt9ow8aLpqSubJy6nyfW2jtHffVwDnCt,b,AiucNByHhwgjbR6sSPX13L4sDVMS3mtwJCSpaiccBmtX,raydium,1790863417,0.000005059,7091.14,5059,5059,0,0,0,4975.85,0,0,0,0,0,0,43,42,,,,14.09,0,0,2,1,CPMM,,,,,,,,,,
1791527543,8ypYfW5cjafrfAZij8TZj5SFHAbPNpiRio96LMzypDkn,BTC,MtD7C3bpRPP2LNim3DUfnoVTuRSQHBuCWhu9fKYKJqh,pumpswap,1790862752,0.000003262,3371.74,3135,3135,0,0,0,112.2,0,0,0,0,0,0,0,4,,,,-11.5,0,0,1,1,,,,,,,,,,,
1791527543,ACLjA8MJypDUutwSnjPoWy8bG4hj73gDCAebuoqDpump,SEEDLESS,BPTK8C1Z5jcd9KTm5auoaG2UgvXBMpVymTRu9ZS9tc5k,pumpswap,1790864575,0.000002482,2462.29,2291,2291,0,0,10.36,21.01,0,0,0,0,1,1,2,2,,,0.36,-0.97,0,1,1,1,,,,,,,,,,,
1791527547,GtV6g1ey2NERrcbvL5bdzrxRJQDfxpMaLU9oLtRipump,CROW,G4yk7zDAiQkCS7ch22vpi9Ey6fhDhkpHFEYyz2gJ6q2t,pumpswap,1790863293,0.0001047,27690.56,102619,102619,0.1,167.68,1771.81,8075.44,1,0,15,10,102,65,320,179,0.03,-0.48,-6.87,31.43,0,1,2,1,,,,,,,,,,,
1791527542,7bFSPC7HXV9wxikGRphE55kHTiGnX8bmMiZDeYUnuwN3,VLO,CXwsWHQvnZpfhiRtZhw9VE9MiCKLTrUQrY7rovrrAbdz,meteoradbc,1790865537,0.00008281,,82813.49,82813.49,0,0,0,4.28,0,0,0,0,0,0,1,1,,,,,0,0,0,1,,,,,,,,,,,
1791527544,AYRTq6bfnNzWMY5ACWTRUtMCwV8PAhux3wm84q5mpump,lowkjelly,7Gb1hnYFcPEvePn1dskrXijxT5FFntPGSgUAxsLNyiEf,pumpswap,1790867045,0.000004368,4232.86,4222,4222,0,0.31,26.91,640.56,0,0,0,1,20,16,72,56,,-0.13,-0.03,-25.1,0,0,2,1,,,,,,,,,,,
1791527539,3FcmxeuaDPNX5JsRD1VS769ijvCE1QWRXyqsioMNpump,JANE,3Z2hA6bWTLd8uBATbFPV4QgbvWeBhG9NQFjZznj7eKgw,pumpswap,1790867125,0.000003537,3568.98,3484,3484,4.15,50.88,250.44,650.98,2,1,35,20,221,118,588,295,0.24,1.23,10.21,24.64,0,1,1,1,,,,,,,,,,,
1791527546,FbGfMBy1MwpQMZfVPrMPcSw3gu5spumtSsisS8M1FSKu,PISSCOIN,65kdjTaqravAgXWXe79NdfZ13Y71z4AFhyc3WU5o7Qey,raydium,1790869671,0.000004581,6614.29,4581,4581,0,0,18.95,219.87,0,0,0,0,3,0,6,6,,,1.45,2,0,0,1,1,CPMM,,,,,,,,,,
1791527548,HmMDsu7WFPxJVhXEZdkMFgQHgschqA73DnuSTheYpump,Janes,8ybijrpQm5yG6pkPC2k2DaGkv2m52Zz3VCJMgNTyk99y,pumpswap,1790870670,0.000002569,2813.14,2529,2529,0.69,4.37,43.92,154.86,1,0,4,2,54,27,124,74,0.04,1.48,3.99,2.92,0,1,1,1,,,,,,,,,,,
1791527548,HXJJiAwtJuwCgqPveEaf8sDG4myXGopSzrZzCnhtpump,POTS,GATjH5XKTfHNLvCzg7M9M8o2UmPhKyvuF9M6RMWZEJxy,pumpswap,1790871495,0.000002846,2811.29,2677,2677,0,0,0,0.2,0,0,0,0,0,0,0,1,,,,,0,1,1,1,,,,,,,,,,,
1791527539,2qizXDtpK92YziSqmt6Kry3Zc6CNuZxjbQodqcEsZXMR,XCAT,GdA9zjFBz6S7ML4MRYjNmxgW87m3Br7qtbdHdvj6wCjy,raydium,1790862404,0.000004936,5863.69,4936,4936,0,0,3.88,160.14,0,0,0,0,0,2,3,7,,,-1.15,0.63,0,0,0,1,CPMM,,,,,,,,,,
1791527546,Fcr5Ps2Rn6R6QjNSJCScWMhrGWvaU1t23R7UNv1iGDhk,GG,EmUgaiZJDsZqqpf59XActiu6XMvYNGXHzdCic5DMA9AS,raydium,1790869935,0.000003803,6196.81,3804,3804,0,0,195.19,227.58,0,0,0,0,1,1,5,8,,,0.32,-1.73,0,1,1,1,CPMM,,,,,,,,,,
1791527539,3DrmQ144kzEx5ntNWbjGfH3D8NhGw2KeCNUCeUGUHM9C,MOVR,2Vb9CCytb76gdBoqfZBXvLR43hVhbhNEw4SZRFam2b9n,raydium,1790873238,3.20,3200026716.01,3200294373,3200294373,41410.54,41427.27,148436.27,515744.99,2,2,4,4,12,12,44,44,,,,,0,0,0,1,CLMM,,,,,,,,,,
1791527546,FFrRBPP9yWtSqnKjXXM9C77MBdLztfdgSnRE858zpump,MEME,ECN4kZK2V53YfvCk9mgbozRmRUcxrLfMbDVv2hmJ3FL5,pumpswap,1790871366,0.000005165,5323.31,5033,5033,0,3.84,6.36,128.34,0,0,1,1,4,1,7,15,,-1.19,-0.71,-11.63,0,0,0,1,,,,,,,,,,,
1791527542,8oMvxgcBJtDGNSc8kogCEEFxSvvi7x6jHRfSWaiWpump,DOMAIN,dH12Ke1gyoxqcujh9oYkNMwJkNNNuGvBszZnBrmVpWh,pumpswap,1790805946,0.00005734,24767.07,54834,54834,99.81,608.02,7183.28,114950.17,1,1,6,9,84,82,1100,914,-0.72,-3.66,19.69,90.33,0,0,0,1,,,,,,,,,,,
1791527545,DxgJTLsgNVMaZBpgPzKBBBLBSdSAZzxyAeAfboUApump,TRUMP,2cYkH5MLLaUh9K1776DAjQisXo6iAJRdeJJKWqi3A7US,pumpswap,1790874603,0.000002719,2761.22,2612,2612,0,4.5,24.98,88.81,0,0,7,3,40,17,91,48,,1.32,2.41,-0.69,0,1,1,1,,,,,,,,,,,
1791527542,8V2jTnUbfTDkzznAD2BwhCRR1jJrin3Exj5zPoU2AmJA,FOMO,6tdNjDNFzDdEuKyyvtKtke4Zuarp3MyZwCiERwTsq5Xg,meteoradbc,1790871402,0.0005846,,584690.44,584690.44,121.94,2995.28,48804.62,775489.33,1,2,16,14,174,168,2413,1582,0.16,5.27,-6.95,180,0,1,1,1,,,,,,,,,,,
1791527544,ASN6XAyWyn1psSbGKNQ7D81byp1CRTYd8Q9aA2DW9M3n,pumpfolio,BQ3gvDP8cbMZXPKtqGdzxjAWujBVLDQySJzRDgEr6C2Y,pumpswap,1790874374,0.000003648,3973.88,3551,3551,0,0,13.06,1241.05,0,0,0,0,2,2,24,36,,,-0.9,-31.6,0,1,1,1,,,,,,,,,,,
1791527542,74wf8kZrSXrcXDytmDK4eXaePoKm92fBWtauuJdQpump,SuperCali,5Q7FCGXCbZhTtsLm5aTz5MdFfTHL3UfvQ2gCm5oGWUpr,pumpswap,1790873640,0.000003563,3635.89,3508,3508,5.04,45.38,231.11,627.55,2,1,39,19,245,129,602,324,0.27,1.8,9.52,19.86,0,1,1,1,,,,,,,,,,,
1791527548,HXxJdaQbrYRvwTAM8M8mUPyoRPvmyuUbPFBRkiAAMASS,Ansemmas,6qirp44Q2T8B1CfbGmnqeXCLdQhFqmNCfAFfpKG4N156,pumpswap,1790873795,0.0001232,36018.99,117474,117474,427.45,1427.57,11301.67,56791.66,4,2,29,8,126,70,543,428,-0.67,-1.19,-11.36,-7.97,0,1,2,1,,,,,,,,,,,
1791527547,H3NJL31MZyELu2NyxtoJA4ej8ESEHtQfxZGDVwdjpump,FLINT,3TC3rRAenGqSStn6mPx3MJGpjYmMUzUxYVuo3nqwkdcd,pumpswap,1790866046,0.000003009,3124.33,2905,2905,0,0,0,2.04,0,0,0,0,0,0,0,1,,,,,0,0,1,1,,,,,,,,,,,
1791527545,DESwuRnMHpsUfLWPrF8s6Ph9LTAVyCrMUzwhcN8kSTNK,FUSE,7zBzrNNbdQJo1ShWYtZniRJ3WyRF5YmYr4LVd8HKuXMr,raydium,1790875961,0.000005871,6151.88,5871,5871,0,9.71,73.19,3023.96,0,0,2,0,7,4,100,91,,0.97,6.86,-16.71,0,1,1,1,CPMM,,,,,,,,,,
1791527548,JD3d8mxEJ91LHZSuwVLquFAKdo5PbEeLCUevjjDsPdRe,TERRA,8KYv6Ed2Ewxf1u14ggofQXTD4FVsNKFknKBfZAhDFKE6,pumpswap,1790777131,0.000008374,6396.27,7975,7975,0,0,250.66,5509.06,0,0,0,0,2,3,69,47,,,-9.88,-11.55,0,1,1,1,,,,,,,,,,,
1791527540,3kaPZWNgvtudaHeZoPEhkL4SX3PBvGnY725ZDRMCmKvW,LUCKY,5pTGCESF6fT53wfuvC3UVcWmdWRRWWtqird4SA37MFDG,raydium,1790869847,0.000002771,5157.42,2771,2771,0,0,0,6027.68,0,0,0,0,0,0,43,58,,,,-2.49,0,0,1,1,CPMM,,,,,,,,,,
1791527546,FFivn1EnbiycRD3c4nAQvuD7zPyqjRqocWD8FtHcF2Sw,NYSE,7YqeLBCmR8WLok5V1rpvhbhCm4EWm9rSRznah37poBnj,meteora,1790876289,0.000003473,5847.45,3473,3473,0,0,0,622.46,0,0,0,0,0,0,6,7,,,,9.68,0,0,0,1,DYN2,,,,,,,,,,
1791527544,Azff3fCQMpu1Z6zLRKDfdihnoPgZi5p7w4rJxaXsgxJ1,HOOKER,EcKHCwwph8QwG8BrH3P9mvbwF7Tvpc5YKpVWaTDLgJz6,meteora,1790876576,0.000003461,5466.1,3461,3461,0,43.44,177.74,2266.21,0,0,0,1,1,5,23,26,,-5.08,-14.83,14.45,0,0,0,1,DYN2,,,,,,,,,,
1791527547,GzahJ2WwEtyVvUAetrmK2zvvfhD887WtuH8hFFuh5nwn,GRIFFIN,GdwvZhNuEpv2mWARrgXtKFMLCDYZQ2aFVtRUFzXmDBHG,raydium,1790875416,0.000006856,8799.22,6857,6857,0,0,128.97,415.34,0,0,0,1,0,4,2,15,,0.34,-5.01,-15.02,0,1,1,1,CPMM,,,,,,,,,,
1791527544,AaQ6XhjqrTnTWt17VHbTMdJPdWHB9Kx5UCPAZnNNpump,RINSE,97WA9HpK3j4N4y1qz37trWcdLYjH9x2KcSLRKobwkrT4,pumpswap,1790878911,0.000002594,2747.09,2496,2496,0,0,3.86,74.6,0,0,0,0,1,1,2,4,,,2.66,-5.47,0,1,1,1,,,,,,,,,,,
1791527548,bn6RCR2xHdASpU3cHPxs3Vz3ve9qj8PaXiKKz6oTUof,𝕏/ACC,DH9jbFEXPGgaMvUAg9xshjoLnRizYNV8tpUMw3R7c2tU,pumpswap,1790877972,0.00002184,11439.6,20526,20526,0,304.78,1246.42,7719.04,0,0,11,2,28,10,126,82,,8.79,25.08,25.14,0,0,1,1,,,,,,,,,,,
1791527547,GTz5rfocFdbD3eWKMu4kzTjRVjkjzZwEaS95uD3Rpump,AMD,GALE4iPEpVfjYgzGTo7BoUhujawWKuCAU6bGkX7huWUu,pumpswap,1790877025,0.000003860,3875.21,3800,3800,1.58,55.32,239.52,719.93,2,1,36,20,228,119,649,327,-1.07,2.45,9.63,26.4,0,1,2,1,,,,,,,,,,,
1791527546,ELEnRRcKCuuPJBJPeTTGCRocjkBCwbd3R3f8nyg8pump,silent,2bzfurGrmWhEXHpLggzGoJmt4hjHu7EQubtByVrdvBYS,pumpswap,1790880054,0.000002335,2484.98,2298,2298,0,0.05,0.05,8.41,0,0,0,1,0,1,0,4,,3.32,3.32,-2.25,0,1,1,1,,,,,,,,,,,
1791527540,3oKUDGkNqbfKKrYNALjCX3kPsvDTjawnsf9v4dkneUC7,SEC,CctYvZM6eZdx6UwDsdMgpun1dRHC6WGutSSMumBRV2Zq,raydium,1790875613,0.00003358,17016.89,33585,33585,0,58.23,2866.5,15323.2,0,0,7,4,65,35,251,216,,-0.04,-23.08,-53.32,0,1,1,1,CPMM,,,,,,,,,,
1791527544,AFdP6pnJwj2mwfeji6rR2bA9pz1AVV96u1R194dLJwKK,PUMPE,2xf3W6SaPeBhwkT1ShHXkbhGGJohtdWuBDCjdZ6Xva8B,pumpswap,1790882186,0.000002647,2786.02,2558,2558,0,9.13,27.25,89.05,0,0,7,4,28,16,84,45,,0.45,3.77,-0.99,0,1,2,1,,,,,,,,,,,
1791527543,9fSncMMvKNcr8T4VBGsk8rBQrKqkRGCFBNWgTTiCpump,PumpBlox,EqxkDxX7i8t1cadgTLQnRJsMLcPphPvmUKZ36MQuqRWR,pumpswap,1790880911,0.0001850,40520.62,183835,183835,0,0,519.86,6912.96,0,0,0,0,10,3,66,40,,,3.55,-18.82,0,1,2,1,,,,,,,,,,,
1791527539,26XdE2iBEiTnjgKHTcY3afaqnUtWfAj8HHrciQBBpump,Mymo,A7WoBBJTZpb9jE3GYPhP6NcqjQiBGumJCdpgcqTVajg8,pumpswap,1790882446,0.000003901,3596.9,3750,3750,1.54,34.58,209.65,645.38,4,0,41,12,256,113,636,294,0.15,1.59,9.43,21.53,0,0,3,1,,,,,,,,,,,
1791527543,8svf3G1X4mnAX3Xm71jFXgiHydbvc5XKQKicbnokRUky,COMMIE,Cmcfrs6r6dsCyXvhooFbwvbvNDqe3vDHeXcKmfWGAzrr,raydium,1790880518,0.000009470,10326.63,9471,9471,0,0,74.26,700.24,0,0,0,0,3,6,14,46,,,1.74,-0.7,0,0,0,1,CPMM,,,,,,,,,,
1791527540,4K8V9yH6kKRLS46BTG68Te1QHLkb7an8J5YcWQ3ppump,SACC,7eQjxhGFZcjioSBX2GS72poE4XrqYYsyUBDryb36s6Ed,pumpswap,1790878013,0.000002558,2947.21,2536,2536,0,10.35,26.67,54.02,0,0,10,2,23,12,44,21,,0.11,2.19,4.08,0,1,1,1,,,,,,,,,,,
1791527542,7KEPApdbBMByrmqihz3bht2uMhFQcatjfSFQCKq66kH3,DARK,Cprsvqk2riV3WmTewKK9m6cm62zaAqLDArAbBmN3pe4f,raydium,1790876181,0.005370,269342.35,5370083,5370083,3089.22,53653.27,504829.73,1769963.77,4,7,129,124,1195,1332,5109,5208,-0.4,5.83,40.4,-20.75,0,2,1,1,CPMM,,,,,,,,,,
1791527545,E5BSMSUDeAV4QVNTKaBJsk3dXz5x46usjZCkEC7ZLf7M,UPINU,2FETgq6jJbTeaKuAPH9irM8ADCB8gx6VCqTf4Jfnca8v,pumpswap,1790936022,0.000007078,5475.22,6420,6420,1.84,34.19,271.75,1320.29,3,0,36,22,210,114,580,281,0.1,0.35,9.59,62.48,0,0,2,1,,,,,,,,,,,
1791527542,8CFG8NK17jJ81VhY4D9WFE1MHKomVb5ao7Eqv6Tg3iiZ,VBUCKS,87hMAezpCey9426J88dp3hazzWoRXwtu9cANxHn3SXCj,raydium,1790871915,0.00002226,13748.16,22269,22269,30,30,752.32,5371.2,1,0,1,0,12,3,42,63,0.87,0.87,21.81,-26.55,0,1,2,1,CPMM,,,,,,,,,,
1791527539,37t1792p1eFWxmEroYRXe26FStK5UQzWz2zfN77q1Tjv,Sid,F2nS3wgQabjYR5zDYfXUSmkyDcxrCQdfHF1wmLRgb4Tn,pumpswap,1790882893,0.000006623,5614.39,6448,6448,0,3.26,310.99,4139.8,0,0,1,0,8,4,49,39,,0.03,24.37,13.7,0,0,1,1,,,,,,,,,,,
1791527543,9fJAWKQpkY93hfuZxrHfh5wEh2AV9vjkWNQfzfbziHd2,PUMPE,G7iLGa5Y8CERJaW2asC4bMV5SWjijQ1y2SWU5sBdZxr2,raydium,1790881120,0.0005477,72756.75,547764,547764,0.01,997.74,16366.2,80680.53,0,1,14,6,89,57,378,343,-0.03,4.78,-9,-26.88,0,0,1,1,CPMM,,,,,,,,,,
1791527541,5Mv6c7taXXkKn4byivDALNJJZ5NGu3aB9WJVXgSVFt3p,STONKR,Fv4G5XJ3WLF73UNAsPLABnCzFF16DuPMp9oehY6otpte,raydium,1790885460,0.000004858,5279.26,4858,4858,0.01,1529.39,3731.37,7181.7,0,2,8,37,48,59,52,136,-0.41,-48.98,67.87,-74.49,0,1,1,1,CPMM,,,,,,,,,,
1791527542,8HJY9GTiEGgPoUAs3YSRiwLUukZKhKcH1ngqLB8qcBxx,PUNCH,3o2QaESTB6epYfkLzWndPXhhDZYJsrh5LRsv2ETGPDHa,pumpswap,1790883419,0.00002897,14135.95,28131,28131,0,20.65,927.04,9922.26,0,0,1,1,12,11,90,101,,0.51,-5.42,-55.01,0,1,2,1,,,,,,,,,,,
1791527548,icgvvPx9b76BoJ5CscGzYL8zzAHZNXzgY2NpqnUuhdG,PUMPOWEEN,Dx4s2TDm3p3xGfX9VSTnK4x3jTzLKMYQWCdmnmjxUxit,pumpswap,1790886511,0.00003022,14928.83,29086,29086,0,3.44,3.44,120.83,0,0,0,1,0,1,2,4,,-2.75,-2.75,-3.99,0,1,1,1,,,,,,,,,,,
1791527544,BzhEC3LdcMPbzkWfJs4YJ1TTjM2MZKR7DMJfR3Hbpump,Ghost,B7hjMXYsbc1hrsJMmAWN7SXXT2jVXFUeWR9J7RHVEH6F,pumpfun,1790883893,0.00001035,,10352.82,10352.82,0,618.82,2807.57,26420.74,0,0,4,5,27,24,248,180,,-9.64,9.47,7.25,0,0,1,1,,,,,,,,,,,
1791527547,GoADAwux19tGxb3W4ykPzZz8p5JCSYaxBRpuW7s9pump,OCTO,3uXWc5dnrU6rz7t23PpJirZQnwfw9huq8LnNhorLXTK5,pumpswap,1790886327,0.0005563,82362.33,465729,465729,0,5.73,4680.1,28696.11,0,0,0,1,34,14,105,112,,4.01,-1.94,-18.5,0,1,1,1,,,,,,,,,,,
1791527540,458eEcXufhsLoS1NWa6donw9Yh9USfWMCtBmyFTypump,WIRED,5fyKn3vV2FG6zjKNtUhZCAS5Kym23zeEFaEJowoCreMa,pumpswap,1790886822,0.000004518,5084.89,4436,4436,0,0,2.77,55.06,0,0,0,1,0,2,2,7,,-0.25,0.64,-6.32,0,1,1,1,,,,,,,,,,,
1791527543,9qUTeFNXFh35YmdtayeniRUr8o31rXYzMK3Jv5Zypump,limit,25TKBUsN1SXen5kiWaDn11q7Dr1dZhusZ5WiENMqdbi2,pumpswap,1790888477,0.000004099,3800.39,4005,4005,0,0,0,10.26,0,0,0,0,0,0,0,1,,,,,0,1,1,1,,,,,,,,,,,
1791527541,5RPouA3vYSHhnEmrtwvhBsLctZ1K8nHnPosuMXSCpump,POC,C7ZVdL83SrYi5tuUKrjnbz1iY2sJ4SuND1vKHz8m9CNq,pumpswap,1790888940,0.000003735,3885.06,3543,3543,0,0,0,56.1,0,0,0,0,0,0,0,6,,,,-7.75,0,1,1,1,,,,,,,,,,,
1791527545,CZdNwvFCdKM5KoVLNFj1uc5anCYteHXCJP5Aq5Kkpump,GDEX,2xMj4Nhu3NnUkfRebZ9dV5oppERBdzwsnYcBcG91FghG,pumpswap,1790907561,0.00003414,14444.26,33227,33227,0,459.26,821.93,9334.3,0,0,21,6,91,49,314,151,,12.97,18.25,66.54,0,1,1,1,,,,,,,,,,,
1791527546,FXQPeVeEx9n2J1Qb7tmtPWxAbbKm36r2xoKve6RShKZh,CHONKS,2zo45v6uWbPwq1YAMWAfCgoo4rBGG5jgJtYrdxnqzzfZ,raydium,1790891175,0.00001567,9450.79,15671,15671,0,0,210.8,3953.25,0,0,0,0,3,2,40,37,,,11.78,-20.99,0,1,2,1,CPMM,,,,,,,,,,
1791527545,CoN8oLvyWTjtSBFTEjUWLz25BXJmGjTvNcYh81D3pump,MAMESUKE,5rcqUcL7XGaoLAymqfwZK7mqnhsPcf2rN4y5tqQ1iqiF,pumpswap,1790880399,0.000002496,2552,2428,2428,0,10.98,44.26,112.27,0,0,6,4,51,21,99,47,,0.52,2.34,0.11,0,1,2,1,,,,,,,,,,,
1791527547,GnsjGzaJAGH2kwpwdh7S7DQzne22937Xi58ZHsYEN4uK,BORN,4xKtoPrp7gEjw7sM3goagSL5j5CvyjRhCjVX4Qusz49Q,meteora,1790882204,0.00004371,15877.93,43714,43714,0,622.16,2248.02,19556.99,0,0,8,0,23,10,159,108,,17.69,16.5,-27.13,0,1,2,1,DYN2,,,,,,,,,,
1791527541,6bQ4MCnJ5rab9pDGR43hbTCf1GabYEVmCP2oLyexSmvC,FIX6900,4qbokk9tDkinqANgHGMw1vHD73MuwCuSLeJfGjjHpLgw,pumpswap,1790892426,0.000004583,5241.17,4507,4507,0,0,0,35.85,0,0,0,0,0,0,3,10,,,,-16.84,0,0,1,1,,,,,,,,,,,
1791527539,11mwXYNHsK5orsvHokxsYgRbpo145k6SbXTYYkYpump,AMC,Ar2LBpMRpwJE8uqgBpytWVrhiyXAQFkxFmrewxZzh96u,pumpswap,1790890433,0.000003348,3474.49,3300,3300,2.37,50.91,227.28,545.04,3,2,39,18,242,105,531,268,0.09,1.89,12.77,20.88,0,1,1,1,,,,,,,,,,,
1791527545,DRG67aZrzfeSjTa2YfFZvcioYEALwBFt4rgQckiPui8T,Play,8JTFWsXE34YY57fh7YdoEpGXC6CGKM3zDonvrJd2uAxK,pumpswap,1790896722,0.000007895,5936.63,7520,7520,0,0,257.48,2173.99,0,0,0,0,3,7,39,39,,,-9.89,-31.81,0,0,2,1,,,,,,,,,,,
1791527542,7VertkgF9KLhxxJXHX6uaWuoYZTP9LdGj2bWmVXVpump,Agency,CyJwKnLiiY4fmiwqMCSWFSHxo7T9Ubshgs2uRAuJCrk5,pumpswap,1790894555,0.005460,349423.99,5226931,5228642,2108.08,46719.1,322808.04,1768248.38,4,5,153,181,984,1243,5711,6182,1.06,-2.53,13.4,2.1,0,1,1,1,,,,,,,,,,,
1791527542,8r5faMhtYbc7gp411LQt9oqzQybRfy6LG2FJauTsfnKg,ORBIT,57sSkdadcLBdbgn5gZr4LAgctgyzAh3B6yDf9Zdappai,meteora,1790966306,0.000003427,5454.96,3249,3249,0,0,89.19,366.72,0,0,0,0,0,5,4,19,,,-4.31,-16.47,0,1,2,1,DYN2,,,,,,,,,,
1791527548,HkHsPkvv6Ccv5t5y295cG5QAYSuazEaFS4YSyUFZpump,BROKE,2MowcSAPsumAC5u6cbo17SwVzrTvCcuvvkRRsTibE1zt,pumpswap,1790895724,0.000002772,2781.53,2649,2649,0,6.77,26.23,92.2,0,0,6,2,33,17,102,47,,1.81,3.76,2.93,0,1,2,1,,,,,,,,,,,
1791527547,GxPPN2V3bLdQJn3vDuqCfJQ9PjqqRdKVUxBTx5Cepump,MICRO,87vrzRCHU336KiD2ft46YeiV8CCFoc7Zs1zpY5VBAmNE,pumpswap,1790895289,0.000002850,3378.47,2782,2782,0,0,0.08,55.49,0,0,0,0,0,1,2,5,,,1.65,-5.86,0,1,1,1,,,,,,,,,,,
1791527546,ERxLYPjqeFfLsnChuPnvS6f3y5Me8BjgJi9oWaTJpump,e/acc,ADd8YiSXcRn6kL6t8LsSyiCQTWyWJtLFy5R7gzANZoqK,pumpswap,1790894548,0.000002717,3024.76,2670,2670,0.54,5.52,42.38,136.4,1,0,4,2,46,21,111,49,0.09,0.21,2.8,4.23,0,1,1,1,,,,,,,,,,,
1791527539,2GU7xJt4M5djAC7az3jzpFr5ApBTJK2e3LWXKrNypump,MICROCHIMPS,3RbHzMCHM1bSxddHKMMmZfG3VJrhBFYFNvDmsQCULMcR,pumpswap,1790895121,0.000004774,4207.15,4545,4545,0,0,23.78,29.8,0,0,0,0,1,0,2,1,,,-10.4,-17.64,0,1,1,1,,,,,,,,,,,
1791527540,3TtCNtvNLPTe21RnA8WbC2QRUYCABDZEqdLRPeErpump,WANT,rntGzi9ph9Sd2LbpjQ5RCEvbb7nsXp13kS8jfWSHwoW,pumpswap,1790897715,0.000003728,3539.06,3595,3595,0.37,46.47,186.84,549.69,1,1,41,14,210,105,526,260,0.11,2.55,8.36,19.02,0,0,1,1,,,,,,,,,,,
1791527541,6d82cCtC1LktWWgjUz5h3vMenFj5EDHLMBFvcpmvrRi,shoggoth,8RdbS9dStwL1HK4tVzkgwG84TmREU947BRBXf6fQRJus,pumpswap,1790895893,0.00002254,13788.25,18322,18322,0,1610.9,2541.4,8078.38,0,0,14,8,23,20,68,70,,9.03,18.37,13.51,0,1,1,1,,,,,,,,,,,
1791527543,9Y4afMW81vqd26i1c9vX3SEbaYMbtPifFRCYHqVUpump,LUCAS,2mFrDNHUqpqdj5Ndrp4gU92pquBZWUJH8R81YLLg2q4S,pumpswap,1790901969,0.000003873,3578.85,3712,3712,5.31,51.04,216.04,678.36,4,4,42,26,224,124,573,305,1.52,1.75,9.38,28.32,0,0,2,1,,,,,,,,,,,
1791527541,5zxzU6duesnfLdtAQ4kJPrcPkiFHz3PcbkmZ5QQm5QgN,RAMCAT,69Fypsx4NbpNRQppMpGAKQZ8tSjhwjRZ1BMrWXAuiZjo,raydium,1790897450,0.000006068,8057.05,6069,6069,0,50.87,215.98,1316.11,0,0,1,1,3,5,21,23,,2.89,-3.71,-33.27,0,0,1,1,CPMM,,,,,,,,,,
1791527546,EFtMJryTCBdDcc7MS1wnsW41wD6edXcvLkUvH3v1pump,SIP,4BkiAwwFf5Qqjm3ALL9dkLVsoWZsB1i8RamL6eJaiG91,pumpswap,1790900341,0.000002875,3099.59,2810,2810,0,5.26,22.36,128.37,0,0,4,1,27,7,63,29,,0.52,1.6,-6.07,0,1,1,1,,,,,,,,,,,
1791527549,uPnLjPVtyJ359VMyEC6Kp1suDix79KSh1JzZvPhpump,SLABS,5Mfcy6h2ex3zivnD4fb7faLqMmvg2T4GE8nxBSJhXsgq,pumpswap,1790898399,0.000005344,5593.13,5206,5206,0,0,0,2.19,0,0,0,0,0,1,0,2,,,8.2,8.2,0,1,1,1,,,,,,,,,,,
1791527539,2bN51Rmq9bxXoafZMP6m26HfiEB8uqxdD4SpuyPCCASH,CASH,HiNZvNqK9LKvCfFpJyg1sVEFKN2FiQsQrNsohdseQpnY,pumpswap,1790899759,0.000002473,2593.39,2414,2414,0,0,2.82,67.7,0,0,0,0,1,6,4,8,,,-1.37,-5.77,0,1,1,1,,,,,,,,,,,
1791527541,6D7KHzQWUueMYUo7ERRo6M2y1ni4DEdar39r9jQj5nkk,RAM,BBSUrbytsQJYq6i3Vivk2sszqGxsJfo9ZEpHmPSzrVRL,raydium,1790898939,0.000002720,4591.28,2720,2720,0,0,84.54,280.27,0,0,0,0,0,1,1,3,,,-8.17,-15.62,0,0,1,1,CPMM,,,,,,,,,,
1791527548,f9t9ZtbmonrKiJP1GECP2HZoFM3sQrpPzs2pAqfpump,TRUMP,G4U559n8t9FnR7dRT2Mn2z1BbhnsJ3Hre6dCeaXc6nf4,pumpswap,1790889206,0.000004503,4527.63,4441,4441,0,0,1.11,4.96,0,0,0,0,0,1,1,10,,,-0.23,-6.46,0,0,1,1,,,,,,,,,,,
1791527544,BZFYNPeQAEW3HWQ4DNsTVahC1n4ZjTgn6jB2nnBbB96W,SAPLING,6ejg4aYJM3Mk1t2zBKjbJ43df3s7rBMpC9mgo526K51G,pumpswap,1790372353,0.001700,193848.04,1356897,1356897,0,755.24,74802.34,288575.77,0,0,11,2,212,215,1043,819,,0.49,61.16,-7,0,1,2,1,,,,,,,,,,,
1791527546,Eqj36zHPTboNDYfX24sXvWf9e1wqY7kr823hbSY1pump,CUH,ADAta1RwnJaojRtsSVmN8CF8UFU23fmNdzbsxR1rzBoi,pumpswap,1790981197,0.00001705,10699.78,16209,16209,0,0,1.88,899.32,0,0,0,0,1,0,9,11,,,7.45,-18.36,0,1,1,1,,,,,,,,,,,
1791527547,GyTy9NX22wdrSeWUvSrZTKGntNLSrFDrXLb2Hxaw7Gqc,INU,LqEhQYvbSjhqnu4UTp1rYSQV4he2zkoWzGRnBKS23WE,pumpswap,1790901811,0.000005188,4939.52,4975,4975,0,4.83,313.52,685.28,0,0,1,2,4,3,7,10,,-0.24,4.49,-1.59,0,0,1,1,,,,,,,,,,,
1791527542,7cSPCV6Sadhcuk8zBa7o7mu2ny4ccmXB8XU6HcqPcSqY,PI,FsyQ9Zj14C4RScWDYpHGCidhRZo3PVcNqR5bmunGxWnb,pumpswap,1790903973,0.000004370,4247.05,4263,4263,0,5.25,9.64,951.79,0,0,0,1,0,3,4,10,,-0.11,4.55,-16.98,0,0,1,1,,,,,,,,,,,
1791527544,AZ9NHodnyb6wPYian1Fd9HF1mfvPNkJEecExVT1Sevjg,SHINU,7JMq5DC6G3LrBFWSwe8nDvWALPrz7bn2VZUD7owLZXwU,pumpswap,1790902472,0.0001352,38649.72,128445,128445,127.88,816.05,19429.5,63455.07,1,0,7,4,90,64,398,241,0.64,9.4,21.01,-8.8,0,1,1,1,,,,,,,,,,,
1791527543,9Vke8MJboctWv8N922NJXhcoZpC4xy5TSH5SQEopxR8x,BREAD,3XcumiHFARp6EBvd4rZNvyErViFTweBjysh2xFVPiXyB,meteoradbc,1790903631,0.000006930,,6616.97,6616.97,0,0,0.1,47.91,0,0,0,0,0,1,3,6,,,-0.25,-4.75,0,0,0,1,,,,,,,,,,,
1791527542,8jjRE5D2pUnEF6U2dYkL2n1Nw4Lwn6sQY7QpZkqUjhXX,JUBJUB,8SCfVT1p5MzC352e68t5CUgybYwKtat2jjKidNtjahxM,pumpswap,1790903969,0.000004212,3973.18,3956,3956,0,0,0,12.58,0,0,0,0,0,0,0,2,,,,-0.76,0,0,0,1,,,,,,,,,,,
1791527548,J98BvxSNtzCKsPaporUaAVmEB3wkpnKWeYo7EtmHpump,Cateoween,71gc5XdBJUGNHtijM5otMWnn3vi2FMfan6g55FoJku1T,pumpswap,1790909433,0.000002557,2529.92,2452,2452,0,0,10.34,11.73,0,0,0,0,1,1,2,6,,,-5.19,-6.35,0,1,1,1,,,,,,,,,,,
1791527548,J9SjRyY24ZNPgbQUQYQSv43i2QgVrNYek4scbFgSpump,MEME500,8TKphAhrgz9EMG29Vepk1rAkDJfW69UFe4Yb1xadBhnR,pumpswap,1790904879,0.000002425,2489.82,2357,2357,0,0,0.08,636.35,0,0,0,0,0,1,5,5,,,-5.36,-9.19,0,1,1,1,,,,,,,,,,,
1791527543,9auxxjpRQFcKyteHhAESosvvqwyPJPCQJwbAddkfpump,mote,DWpn2uNs1NwMujAASPpw5eP4ZQLmc8gjZYFSz5FCH9Sn,pumpswap,1790905261,0.000002661,2682.36,2408,2408,0,4.03,4.56,58.43,0,0,1,1,2,5,5,15,,0.28,0.06,-7.11,0,1,1,1,,,,,,,,,,,
1791527542,7cYaQc21w9dzKkGP6LgkqtmL5yzoK5UJE1GeamTRHwny,test,DZrcUWZy7WfKx1ktcJpaSNRWLgUFB8T5Hk7quj8coDNV,pumpswap,1790905861,0.000004759,5148.73,4455,4455,0,4.29,4.33,221.38,0,0,1,1,1,2,15,16,,0.16,1.62,-6.96,0,1,1,1,,,,,,,,,,,
1791527545,CRwv4LBK1gX1NeeGWjtuN7X9RTPk3MaAiKk6gYnggWej,kimchi,DvNE6wWTQD9GnjvqKFRD12dktn9ywJXb9PneKVX5NNpq,pumpswap,1790907582,0.000003441,3337.31,3326,3326,0,0,5.81,1495.57,0,0,0,0,0,1,17,19,,,-11.22,-11.75,0,1,1,1,,,,,,,,,,,
1791527546,FgssigTgpp1EAZaAvmFJDQ8mXEatZZ6CNvmGg7Sppump,Jesus,EbAuPetBjCk3oXQhrDM89WvijUeRjPrrTpmQMphGh51p,pumpswap,1790908973,0.000002713,2673.76,2592,2592,0,0,0,70.11,0,0,0,0,0,0,1,8,,,,-9.27,0,0,1,1,,,,,,,,,,,
1791527545,CnbDp3n7CoqXZ5hci1JDd9gy2bz5BWfnC1WHAR7eQtXa,LUCY,D7rGSYc4j12ZFDqUQon9uMs8ZN2LFQ85Nb6k8Wx9pT5q,pumpswap,1790908606,0.000003198,3693.78,3166,3166,0,0,0.18,4.97,0,0,0,1,0,3,1,4,,0.77,0.98,-0.3,0,1,1,1,,,,,,,,,,,
1791527546,EMggcycbSGJt1NncfchSWCTrtE7tCnrnka52c8X5pump,MSI,9JE8rpzsYVNXTK4GKBf4vCBhp6rj2kmqY8azr3gUURcY,pumpswap,1790910067,0.000002659,2732.79,2646,2646,0,0,0,1352.61,0,0,0,0,0,0,2,3,,,,-32.22,0,1,1,1,,,,,,,,,,,
1791527541,6qs8xGPpmyHnW7LpySq9iCs36kT7utFBt8mwM1ATpump,BlackHoles,GEShq9LZ2yyatWVmZvRD1jQYFMhQSfhVyCFztqA8m5ie,pumpswap,1790908409,0.000003085,3637.15,2991,2991,1.57,9.35,24.62,91.62,1,1,8,5,35,21,104,59,-1.17,-0.74,1.92,-2.2,0,1,1,1,,,,,,,,,,,
1791527544,Aaan4fxwhKtUUPg2GSKq6natLV9oj9QQNf5xT4UE2gXr,BOT,CyivxGzjZGormKXFvzKKe8CL3DbfM8a6Uso6sBHz8Z5L,pumpswap,1790912617,0.000003443,3534.82,3329,3329,0,0,0,4.77,0,0,0,0,0,0,1,2,,,,-0.48,0,1,1,1,,,,,,,,,,,
1791527545,DyrjPqqqTdcqg6NCuRDpMtoE9knDdPbRtXhghgPXnPw8,MODEL,48VCc7v35W4knRvMRa7HPtEtX6wsBN5Q7JPyBfgCXHaM,pumpswap,1790907131,0.00005248,18819.95,51658,51658,0,0,43.26,16203.83,0,0,0,0,1,3,82,80,,,-0.78,-42.85,0,1,1,1,,,,,,,,,,,
1791527547,GAwhcphCqCv5bKHmCiN4VDdNWfbXJL4npmkc8L3Q9S9H,www,Cr469Kh7oCPtQk5YADEmjVpBWx1DiXXLiooPFJn23jsg,pumpswap,1790911442,0.00008915,38842.98,88471,88471,0,1665.73,7962.53,60301.11,0,0,13,14,102,67,677,583,,2.33,12.54,-23.33,0,1,1,1,,,,,,,,,,,
1791527548,HFmqDN4HYT2Z1fA4ZCpa8JQbPqbwexZdkk6a8Y9gcKnW,https,2PbGERvZC1CRHTd7GfRKVHRGAYQ1eLzXSgFoko1CUbmK,pumpswap,1790914245,0.000002920,3006.54,2779,2779,0,0,1.23,14.45,0,0,0,0,0,1,1,4,,,-0.73,-4.21,0,1,0,1,,,,,,,,,,,
1791527542,8BJu7kgjRtPKsreF6n5yrSttU2pufYAPJSWmaY8Jdare,DARE,DwA5aMK41HjjRpYS8AXpTqdCewdpWLsjijsuDn4Ks7X3,raydium,1790913391,0.00004232,21770.95,42326,42326,0,0,0,2833.91,0,0,0,0,0,0,1,20,,,,-18.78,0,1,1,1,CPMM,,,,,,,,,,
1791527545,CNohWHNTurS7PpB55czspwUJfpk9yy92uf1wXdweEGg9,CATGPT,3hSL3G9q4ZYZWLgyQVX2TCVM6hS2izKcDuweHTPzZgfV,pumpswap,1790914072,0.00001047,9820.42,10184,10184,0,0.02,611.18,3242.52,0,0,0,1,11,13,48,64,,0.15,4.43,-27.26,0,1,1,1,,,,,,,,,,,
1791527542,6tpfCENhKozjtambBEecWoV1V6trzqNgi1AQHkTqpump,KEN,GhLLUkrj13WU8yPiA8argBUb6xk2ucBoRCRoVDfeuPr5,pumpswap,1790910654,0.000002875,2910.08,2764,2764,0,0,0,45.26,0,0,0,0,0,0,0,3,,,,-4.91,0,0,2,1,,,,,,,,,,,
1791527542,8LmWjjAh6ujYTcXeMFh6FkT7nn6CDeEwYucMdaxgYn6s,BLACKCAT,C26dqPnGSFQNhuRJ6u768KvDyenkRk7wmAzRNGtF6pLs,pumpswap,1790904690,0.00003281,15183.52,31629,31629,0,436.25,4004.42,13238.61,0,0,4,4,33,16,132,115,,2.38,88.98,-6.69,0,1,1,1,,,,,,,,,,,
1791527540,46doJPsSjEVMsNZm4b32UbbvbUXjFTM3TDPBWMM3pump,Cadence,4TjiqZQoCtTNtmDqqmEV2SPoeGZipueRFyRamnFXV9su,pumpswap,1790649631,0.0001597,39344.12,154268,154268,2.48,3254.99,14409.34,97390.37,0,1,15,11,74,79,530,478,-0.55,-16.37,12.86,10.43,0,3,2,1,,,,,,,,,,,
1791527542,8nnaeWCw8mUypcGAgbmSuzAT85uWx4UN12adDrMhXrGF,HOTBOT,GLL3CzybpSCLZdoACf8QUM5YrKVwyA65kQ2RcTsJxxzV,pumpswap,1790920030,0.001684,147070.13,1622071,1622071,288.7,9978.98,57812.16,607012.57,3,0,47,89,409,465,3330,3149,0.57,4.65,21.41,4.01,0,1,1,1,,,,,,,,,,,
1791527549,qTyZGgDKVH1fZNhBAnGcUgtyVbVrWZ3uNeuCgJ4pump,GOIF,ANcPJyoPyos5hoGioj6UvkzA4RpU5FRNTb626xSMX6dB,pumpswap,1790851267,0.000007844,5969.55,7845,7845,0,0,0,76.91,0,0,0,0,0,0,2,3,,,,-1.52,0,0,0,1,,,,,,,,,,,
1791527547,GhAP9Tb8RADFhxpAbyz96VFG8vGUzhMaPLMa38DvQFn2,Giko,BuKG2ytP83oWiSdHF1YjKmHWZEHWXLbxyQjPHRTiUwyP,pumpswap,1790918950,0.000002874,3061.83,2782,2782,0,0,0.36,40.72,0,0,0,0,0,1,0,6,,,0.8,-8.06,0,0,0,1,,,,,,,,,,,
1791527541,5hpck3FaHXqhQnL4RwwdaNQFeBka6CpoVBxT1dWupump,IRL3,EKF533bniHb623Ki8wRftvzjHzFisSNHvFGAi5vcShaM,pumpswap,1790922051,0.00001906,10788.09,16839,16839,3.37,78.74,2071.22,14498.35,0,1,1,14,33,55,165,162,-0.08,-2.4,-25.76,-46.01,0,1,2,1,,,,,,,,,,,
1791527542,7iWG1K47CGCykTNUU4XXkYctnv1X7Qd8RAq6KnDMpump,SS,DtBmpRSAjL3bRbDbVwBuHGiUNyqQvjY8Y1jxgudFuUFQ,pumpswap,1790919986,0.000004068,3977.52,3924,3924,4.39,63,286.74,794.54,4,1,45,29,284,150,739,362,1.52,2.52,12.95,30.12,0,1,1,1,,,,,,,,,,,
1791527545,DSmp1qi6fAGn9Xj4cztBi8B1UJUBoiADn7QPhfEnsFq6,Anon,891v3RKdbE5yj5XDbtvxW71PSm6gFfC2aa8fbGb4XPLa,pumpswap,1790921757,0.000005614,5431.33,5480,5480,0,0,14.16,254.16,0,0,0,0,0,3,5,28,,,-1.77,-20.59,0,0,1,1,,,,,,,,,,,
1791527547,G6VTWhrErdU59EaGFpiy3vugSG1UUjrDuaYZ33Kjpump,HER,82ciFLVwfzFzuqbwgVqH9qntUL4QPzNtdC9iRHLvgMdQ,pumpswap,1790923233,0.000003104,3497.39,2953,2953,0,0,0,15.86,0,0,0,0,0,0,4,7,,,,-4.02,0,1,1,1,,,,,,,,,,,
1791527542,8XeBzEqjBpgZWCdY5WqNiN8j3qbx5WyojSAGTFHTvfui,DIT,F22ZrHKGjkkhq3ZrA6Gz3g1rKVqbfos9tPTeBh54yukF,pumpswap,1790926340,0.000002403,2496.41,2316,2316,0,0,0,158.31,0,0,0,0,0,0,0,14,,,,-14.41,0,1,1,1,,,,,,,,,,,
1791527548,HRhf8umQ5rqxCSD7QrQeeTdoNrLg987wQDTDArj8pump,fkaAI,5f4vR2YC2dAfnadZBrnEp5yCvcV2YjK5tHXvWohdSqfh,pumpswap,1790931323,0.000002791,2767.18,2697,2697,0,0.23,0.23,0.44,0,0,0,2,0,2,0,3,,-4.31,-4.31,-4.31,0,0,1,1,,,,,,,,,,,
1791527548,JERpqiXG9wLuWcbSi51uaqjYzTDd6Tj9VGgpAgik6EW,Netizen,4LykWqvVpE1LmSSYN585EFewvkgFPePnWGojopWsUXPp,pumpswap,1790920802,0.000002356,2363.35,2259,2259,0,0,1.2,3.99,0,0,0,0,0,1,0,2,,,1.55,1.55,0,2,1,1,,,,,,,,,,,
1791527546,ERu7vbTVrsevpuMoYmSk2zqBPrhHxU9itTc7FrKftTwr,AGI,Br9htS6a8u5YGxkeE8oc41ZbH89mVMHWgx69XfCWsR3F,pumpswap,1790928823,0.000002599,2717.09,2508,2508,0,0,0,0.1,0,0,0,0,0,0,0,1,,,,,0,0,0,1,,,,,,,,,,,
1791527543,9p9Dzwcsv1P3jMeMPqZTC3ywqgL45qL2R2VkCrfHMsby,SGI,8a96pMnpVyKF5NSyDvbeu2RBSpspSVu4ozfygVAwzWfp,pumpswap,1790928175,0.000002770,2917.41,2696,2696,0,0,0,27.86,0,0,0,0,0,0,1,7,,,,-3.92,0,0,0,1,,,,,,,,,,,
1791527548,c17N1z7KdUGeUSYyAzxXPYvBT97B29Jm55xfc4N3YaW,JENNYNARRA,7cd4ggjDxn9c81jA5Ba79ChbgCvqvLchg3uGZEi6Q83P,pumpswap,1790932155,0.000002809,2785.09,2710,2710,0,6.69,6.92,10.78,0,0,0,1,0,2,0,4,,-0.47,1.09,-4.48,0,1,1,1,,,,,,,,,,,
1791527541,68RUKJSkhT7Z9itn2tUhCzR7t2pbBahqjgG8qbkB5Dux,SGI,Dj5LNTFFCFPEHyA5sFEJgQ8Lrs3z2pHc4ZwLmVYDZD3D,pumpswap,1790929727,0.000004999,5456.65,4872,4872,0,0,3.75,137.43,0,0,0,0,0,1,2,8,,,-0.72,-6.54,0,0,0,1,,,,,,,,,,,
1791527539,2shsT2KMGVsF3LURpkgzf3GucFizCwsmkF9DUeWgpump,RAPE,HswiXqTeriop4NjQehufHVe5vfUEakpzccS76DJAvn2Y,pumpswap,1790934445,0.00003899,17142.94,37407,37407,0,0,0.2,23.69,0,0,0,0,1,1,4,1,,,-8.32,-11.28,0,1,0,1,,,,,,,,,,,
1791527543,8tyaSHgK5HEi42qHvUwpWKE9t4NCyGxutLV8hACameta,AUTONOM,68u1a7fh9hdy2d3MmujMGrkSdZx3Vqq19Q5M4qRMXCU7,pumpswap,1790934861,0.000003670,3645.18,3478,3478,0,0,0,164,0,0,0,0,0,0,2,13,,,,-14.42,0,1,0,1,,,,,,,,,,,
1791527546,EpzFGJXtXtabZnVzM8WFeXvgRFrWSQwGZvpgVJH1EuAZ,Library,CAzLDRhe6v8taMbrqCrqgtdPhbrjHdoWrCE1hpoWRHrQ,pumpswap,1790934833,0.000006921,5757.43,6695,6695,0,0,352.23,1279.31,0,0,0,0,0,1,8,17,,,-9.28,-24.16,0,1,1,1,,,,,,,,,,,
1791527546,EFvdLptvhf8nG9rzzgtuVMguHvSKjLH5Gmt1bZp77kVA,SAM,GKfxKpbDJiCWyxfZoJbzgUrsisc7g5Krv9SxpfEWPMTv,pumpswap,1790935266,0.000002823,3059.73,2735,2735,0,0,0,34.94,0,0,0,0,0,0,0,8,,,,-7.24,0,0,0,1,,,,,,,,,,,
1791527542,7NELwkCyL2crujChTgtdKpR1jn2UHTe115v25rUSpump,OnionWeb,F5jQWstPUV7tfHDZPrHjg81ynev62VMV8qWMfgsnbDS2,pumpswap,1790937829,0.000003480,3566.55,3108,3108,0,0,0,5.76,0,0,0,0,0,0,0,3,,,,-2.49,0,1,1,1,,,,,,,,,,,
1791527541,5R7EZqAQxm3AzxSVgCMcBLxPdkQbsX5MEJBybGvCQocf,SISTERS,5f6FYEkyGvBMEcrbbvcETAR87n84fkg1AXaWVsuQqMoN,pumpswap,1790946274,0.00001519,9071.7,14354,14354,0,0,248.04,7285.38,0,0,0,0,8,5,91,92,,,9.41,-22.21,0,1,1,1,,,,,,,,,,,
1791527541,5cvUXei9SCWo5vjKnTarVWbQMAFhKMSZcRje54izpump,LANK,8CV5MLyQ8wYGVBuos93xWhwNvYJ7BnXCzj529CGY49kZ,pumpswap,1790873967,0.00001875,10163.5,18169,18169,0,0,224.35,2153.32,0,0,0,0,3,1,20,28,,,-2.75,-22.85,0,2,3,1,,,,,,,,,,,
1791527539,2y4XLBAdpD1bnf38KXLdBQvCUp7E6GWaf3ooSMMJf5Cw,MEOW,7ZFqw3eomCjXpAYVFv4amhwaCPGDkwuCZjwk3XqE41Eb,pumpswap,1790941605,0.000002722,2789.07,2646,2646,0,0,0,65.27,0,0,0,0,0,0,0,2,,,,-4.49,0,1,1,1,,,,,,,,,,,
1791527546,FFtp6pxteF52PX3gryHrhQdxWze23Qzh7vC3kKzVpump,PUMPFOLIO,EGVugw6Fu1nHCxUkx4urwz5gfXzZyzHbmMdZ3PYhDd74,pumpswap,1790950201,0.000006196,5015.46,5905,5905,1.85,4.86,34.41,1139.51,1,0,3,0,23,14,84,48,0.05,0.16,1.71,-9.76,0,1,1,1,,,,,,,,,,,
1791527548,JCsKWhELRJ8MhEZjUDdCL49mntw8fx27bKAgCMgSGhcQ,SAM,FSX1VaQ8kWRmrY8S5SpCxU94Q6WKUWRP1yJkUS9GYwpK,pumpswap,1790944284,0.0001428,38948.17,121829,122433,0,4032.45,17842.62,142612.24,0,0,25,46,137,146,894,1009,,5.57,11.53,-22.76,0,1,2,1,,,,,,,,,,,
1791527546,FESndbiwyTH1i1itf3FxV9HCKFNy5U9RnFp8ER8nwPgC,CATGPT,Gp2ZMrbfbQBDYuwLdGV2rmdqUW1xs8ogudtnSMi6Ede2,pumpswap,1790916727,0.000008233,6703.86,6821,6821,557.92,1026.8,4115.89,4967.31,7,0,14,1,30,11,57,31,30.13,-3.28,-39.84,-51.94,0,1,0,1,,,,,,,,,,,
1791527548,XLBLxbY1Mr7aadnqAbmqSBXLEyUdjvUXtXCnz8Mpump,SOCKET,BA2YYZ4YUKsMCMDGpqrV5FQiotGnyKrc571pFhc66Gje,pumpswap,1790942605,0.00001110,9529.46,10834,10834,0,1.16,455.27,8408.82,0,0,0,1,9,9,115,134,,-0.24,1.18,-1.7,0,1,1,1,,,,,,,,,,,
1791527544,AJPertGGMDmM75fb6jiB8MPfFu61ouLDtW6UBvf3pump,BRUME,H7pt7KK8pB8xHwpF9DHrgdZsZb6yBjZHhGiUkigyaXwZ,pumpswap,1790942221,0.000004928,4650.8,4817,4817,0,0,13.36,353.91,0,0,0,0,1,0,8,10,,,0.89,-6.56,0,1,1,1,,,,,,,,,,,
1791527547,G7k8YPnJL6jKmA1H5Pt9sPLXhcd6YXjexHgmRQ4zpump,TOKEN2049,8E1Zcg4VqnNetv4Pp6fVyYRFbDqUj3RueCcSyJM8sSSX,pumpswap,1790943935,0.000002761,2927.43,2715,2715,0,0.42,0.42,2.83,0,0,0,1,0,1,0,3,,4.06,4.06,-2.51,0,0,0,1,,,,,,,,,,,
1791527545,DDGPxc1kb2EFV5zmwznRQGkRdmmSuuHffths1NsEASY,CNDT,9CoLVPU5AtQagVnk3hp3Fr6KVNVYWVYhKBRThKeHEXQE,meteora,1790944850,0.000005227,6371.71,5227,5227,0,20.75,335.8,1703.63,0,0,1,0,2,5,15,27,,0.92,-8.19,-19.68,0,1,1,1,DYN2,,,,,,,,,,
1791527542,8ke6hMvsqxoZWGcDWxuEQyUTC5Zc4mXhDsbBAsAaKUDJ,SITE,HiNyEgRxdWMuGwWmNEZKR6ivAhqk9uXgJacMN6VudAT9,raydium,1790947358,0.000002244,4313.29,2244,2244,0,0,0,5.25,0,0,0,1,0,1,1,3,,0.25,0.25,-0.15,0,0,0,1,CPMM,,,,,,,,,,
1791527540,3x2NqY94bxePELsKqF3yn94iRSk8NvPd7MndeV1ypump,HUMAN,GcWjNuxysNJGb3kgZ46UmsjVSwuPNF6PwkEJNi81AL22,pumpswap,1790945949,0.000003190,3373.5,3090,3090,0,1.55,1.55,70.04,0,0,0,1,0,1,0,9,,1.33,1.33,-8.71,0,0,2,1,,,,,,,,,,,
1791527542,7CTRbkV1tVuq1f59pRxT1Pb2W5AHG4gM9FMH4rGzKiXv,si.gov,AZuZuTjHimKR4ouHwrZr4Aeq7acALBmopkvpCxyBJNRc,raydium,1790949949,0.0003074,45186.18,307465,307465,409.64,2942.5,13709.87,195786.64,3,3,20,12,80,96,1093,887,-0.58,-1.1,-16.56,-23.39,0,0,1,1,CPMM,,,,,,,,,,
1791527540,3st8R9eftjF5GnuhaeeMNGSKMFQbBxFpKg1ZrKh9tBaV,MIND,5rRthU5Ns2eR92ocvCKnpwG6P36c8RM9KEnL8d1gcVwT,pumpswap,1790944149,0.000005453,4722.66,5206,5206,0,15.47,22.91,1789.17,0,0,0,1,1,3,19,19,,0.09,-3.4,12.2,0,1,1,1,,,,,,,,,,,
1791527548,HvRdz7YWW1ksGU9gAH4TzfHccjAoajXg2Rp4GXhsdMCS,AI,HMA4mobg9tRvT1tQvgkv2EGXRBFCkx1Huje4DPhN6pGQ,pumpswap,1790951795,0.000002891,3146.97,2837,2837,0,0,12.21,42.67,0,0,0,0,0,3,4,10,,,-0.21,-7.06,0,1,1,1,,,,,,,,,,,
1791527544,Am6SB1xhuwyv6hENfR2uHj2fvKeo87KN8vVw28RcrmEa,Cassie,CeRmxAsiigonctygud7ict1dunHKrd3ztXfmTdQX9ZTz,pumpswap,1790954777,0.000003731,4074.17,3648,3648,0,0,56.21,89.3,0,0,0,0,0,1,2,12,,,0.25,-6.94,0,1,1,1,,,,,,,,,,,
1791527542,7oNqxLCwfggUUEfjHqg6KDwwnqYjfDC8L4emV6iMgHej,WIN,DXw6RTBzck1NG1CxHh3rpeYwHhaS3dJ8Yy1rD22h22N6,pumpswap,1790954213,0.000002509,2634.83,2431,2431,0,0,0,4.92,0,0,0,0,0,0,1,9,,,,-6.55,0,0,2,1,,,,,,,,,,,
1791527544,AsoVfPHWY5YHCpc4aMzUcMENVRaC9Rjje94BpkxcW2VE,BLOBBY,EEUaf7rxYuUa8L2BNV2k4T5ahLYHKxefkB17W73okjFW,pumpswap,1790953326,0.000004034,4124.47,3782,3782,0,0,0,2.55,0,0,0,0,0,0,0,1,,,,,0,1,1,1,,,,,,,,,,,
1791527542,7jL7HbPLV26jdwdhqmtxByUb6Ykshehq5GjjtmYtpump,SHILLR,4dREtLqXqb1jzEcsKkV8SapDGx6WJg4EveFKJwMyRD2S,pumpswap,1790953747,0.000002144,2147.86,2039,2039,0,0,0,4.75,0,0,0,0,0,0,1,2,,,,-2.14,0,1,1,1,,,,,,,,,,,
1791527546,FBtPrfHU7qZJjgtG5Ljj4gdxKxx4JiEKwAgHtM1py2eG,INUINDEX,BAvjCjU6GBuwYy4rtrj6u3qS7onCTfyubHUdPfpEc715,raydium,1790947769,0.000001682,3059.44,1683,1683,0,157.83,157.83,313.15,0,0,2,3,2,3,7,5,,-15.88,-15.88,7.15,0,1,1,1,CPMM,,,,,,,,,,
1791527540,42UmhgRdQfuG5uFCjyvCpssNf5urVsT5UJqkgwaYgr1W,PULL,8ty8nNBc7wcw5YooP487rnirBzVGTLJkygRj52YFBXuL,meteora,1790953511,0.000004032,5764.38,4022,4022,0,19.84,19.84,920.48,0,0,0,3,0,3,22,11,,-2.14,-2.14,18.87,0,1,1,1,DYN2,,,,,,,,,,
1791527545,CiAszaNZULwaVAb1FdSWtKSvjVcHu9KcNCaBdt9cpump,ARTCOIN,HQdvkZCmYGqjYRizXt7TC1Zc4BA2hLWoEorkEDzM4CyF,pumpswap,1790952982,0.000004925,4291.95,4699,4699,0,0,0,748.82,0,0,0,0,0,0,4,10,,,,-20.83,0,0,1,1,,,,,,,,,,,
1791527539,2AKrTTVNsxhHV2FLNBWUBv6W6Vq35VJMuiAhjsKjpump,ANON,FYKNaNKGfqR5RYSKcX56ijvYKADGekefnD9p5x97wFZ,pumpswap,1790952843,0.000002959,3700.21,2940,2940,0,2.12,27.25,87.64,0,0,4,2,28,15,74,46,,0.16,3.41,2.6,0,1,1,1,,,,,,,,,,,
1791527546,F1xMp7RdfGRfmBWtwB9P1airCGQDAtLCuMo1e5d2f1hv,BLAST,9P5RGHagCMvyugeweimABfjiuEXGpyB2Qta2Agok5Ejk,pumpswap,1790955714,0.000002656,2775.18,2580,2580,0,0,0,13.14,0,0,0,0,0,0,3,2,,,,-3.26,0,0,0,1,,,,,,,,,,,
1791527542,6ujCFTQY3mzrtt5wmprFrgfA3nYyPGid3SNvmiiGt7x6,BULLWINKLE,GFW9GjQWFqRaQqUV7vKqkipSDUXhygSNyh832zTjJjwZ,pumpswap,1790957404,0.000003537,3489.48,3306,3306,0,0,168.5,247.79,0,0,0,0,4,1,5,7,,,10.05,-1.45,0,0,1,1,,,,,,,,,,,
1791527541,6fK5ohw22QHti86MQbcbty7rsW7xKTBjjjx7XZ7oe23V,Met100,7ZFtpHH2ByHTQHybumG4E3exKJ58sJ9mLTnZSoUqmjox,meteora,1790956763,0.000002081,3868.5,2081,2081,0,0,0,0.88,0,0,0,0,0,0,0,2,,,,-5.83,0,1,1,1,DYN2,,,,,,,,,,
1791527542,7keARBfdz79MdMTf3fZrswyvLgAs3Qi8JiRmy3u2pump,SR,AAh3sFjQVobLzSEReScwdAk3ahTucKUafQhgWsqGQBqq,pumpswap,1790956454,0.000003668,3852.99,3603,3603,1.88,31.56,210.99,631.45,1,2,35,16,224,108,556,274,0.08,0.14,8.43,19.51,0,1,1,1,,,,,,,,,,,
1791527541,6jZ7huKG82w1TrAkGAudCwBKz7LiWL4asVwBgyjCnTxh,Moose,BCk6C6pccmUSmzfopzkWRZ8CnY4cGFasutxaXcKKSUER,pumpswap,1790957224,0.000003726,3972.59,3622,3622,0,136.62,1008.56,1026.89,0,0,0,1,13,14,14,23,,-4.28,21.68,15.97,0,0,1,1,,,,,,,,,,,
1791527547,GZw7LxHtQKSQ1YsGnpNH7SovnBF8X6poYgavHwrmRekp,MASKCAT,G7QKTr9Lr3pF44Kp6ALkW8sExiGDXbG2JaJtzRtUKK15,raydium,1790519021,0.0001611,37503.76,161171,161171,96.68,327.04,1590.72,11743.78,4,0,9,3,13,34,99,102,0.7,2.87,-3.92,62.31,0,1,1,1,CPMM,,,,,,,,,,
1791527544,B5bKnQXYr2NtkSY7PBVT5LnSx2fLgdrtPWYvjZKJAPAY,PAYPER,G5heXEUXLPXGZyNG7P6uyFz6upTZk3PRoQwrb73iSc3A,raydium,1790956848,0.00002304,24347.57,23045,23045,0,92.22,92.22,252.77,0,0,1,1,1,1,1,8,,1.07,1.07,-1.56,0,1,1,1,CPMM,,,,,,,,,,
1791527542,8hqPzBRtRW7m9wqTDRzF4vfQpuLNk69rkh8DEzhrKwo4,BELL,G33iM8rJB7CEoea4SrV1cEnJiTViKWRWamY2KPsaQPor,meteora,1790954372,0.00001785,12248.12,16642,16642,0,0.29,367.01,567.5,0,0,1,0,2,2,6,7,,0.18,-10.47,-13.84,0,1,1,1,DYN2,,,,,,,,,,
1791527547,G9p7h8bRUMFjZBDZ9Q8Sv3mQmDLJFiYPTLKrNzzFGn6B,MAZK,3c2L6XtjMuAFfT9qirHiYJg75VdqKaDyoE39pFRcETUG,raydium,1790956759,0.00003903,13918.36,39031,39031,0,58.15,214.69,1503.38,0,0,4,0,6,1,13,9,,1.55,8.66,-14.56,0,0,0,1,CPMM,,,,,,,,,,
1791527545,ChnjqZabVCTWYxU7YF6BbJxzZek2NKgmDNkGXSqKpump,$XALL,J68Se8nQB6dwWr8A4cyvhkHQUuVpmDHyYJuspN7qtKDP,pumpswap,1790959059,0.000002432,2577.98,2403,2403,0,0,0,38.5,0,0,0,0,0,0,0,1,,,,,0,0,1,1,,,,,,,,,,,
1791527542,8dBnKHwNYH3hz2fFTJczVwzBTpJFAMtc53k3uA4zpump,FILLED,A8JMWc6ijm7dUUBFTgRcPG9hqGsN9gipKj39q1hbhQZk,pumpswap,1790958086,0.0002856,70587.36,277017,277017,872.82,1289.69,13284.76,89730.2,2,3,4,12,39,84,484,411,6.58,0.59,16.88,-1.34,0,2,1,1,,,,,,,,,,,
1791527539,2bs4mEZsUuNGkYeFsGuQ2YP8rTyNkqnwR3MerHZEGRSE,callinu,7RgF5HdMJydAV8s3FiCBVPEjkX9E3eaJbM2fuYFNx41Q,raydium,1790955960,0.000005883,7536.68,5883,5883,0,29.49,444.03,1064.85,0,0,0,3,2,11,9,25,,-1.51,-7.53,-19.46,0,0,1,1,CPMM,,,,,,,,,,
1791527544,APxxh2tWCh95tbHitFJchcdbMsctSBgRS2Zzju9Bpump,JUGS,G4ac6W2sJgqojixx27b9ioDa6hW6tGm9ZVRXHSZNjWzm,pumpswap,1790979223,0.0002923,46125.48,280546,280546,0,168.5,14480.86,24017.9,0,0,6,2,146,101,289,175,,1.78,10.19,8.81,0,1,2,1,,,,,,,,,,,
1791527546,FHdxi5H9gvfA5Dp56M8nWC9jruDtcPKT3sg7wmongHPo,Bili,7nV7yWsHieTvSzLH1WKVk8FLc8PB72vaijQ6Ud8foggZ,pumpswap,1790961751,0.000002535,2625.3,2451,2451,0,0,7.74,17.02,0,0,0,0,0,1,2,4,,,-0.67,-5.26,0,1,1,1,,,,,,,,,,,
1791527543,9cbDbgUNQbBjWDoVSL4SdV9LFBjNQ6ZriEfYUGUqpump,Pico,HZCfBpAS9okgnXPfzRdK4J4BMvFVhJnxN7r3ifYja8GT,pumpswap,1790961495,0.000002413,2467.46,2318,2318,0,0,0,7.32,0,0,0,0,0,0,1,2,,,,-0.69,0,0,2,1,,,,,,,,,,,
1791527539,25PcSP8DwTBtgtzGK9rcUKsEqcN95VmtPwzARKpjpump,FELON,G4pcesaXEnzAc77RZ68chZ6AtQMJZDB14hjKZZUHfGMw,pumpswap,1790959964,0.000003174,3272.72,3034,3034,0,0,0,21.3,0,0,0,0,0,0,1,2,,,,-8.24,0,0,1,1,,,,,,,,,,,
1791527541,6jmJbuPy6m5ZqvwbvGp21iT3b7ebG6AEhsy4jER2LYFm,FISH,GL6RAWLzUY2hzoekbUtJbuVeGiuCCPnsLv1yq8kAt1A4,meteoradbc,1790961263,0.00002374,,23744.29,23744.29,0,0,56.16,748.6,0,0,0,0,0,4,22,34,,,-0.28,-3.09,0,1,1,1,,,,,,,,,,,
1791527541,6DrVZ746mG3ccccVLpX4ZdCjnVZt5LNzrZJ4GeAhpump,pumpjak,Dxd1sTnuoYA9m1Yhmuctk8zrR4NGHAugNMgruoaRAeJR,pumpswap,1790964388,0.000002699,3111.92,2628,2628,0,0,0,12.2,0,0,0,0,0,0,2,3,,,,-8.08,0,1,1,1,,,,,,,,,,,
1791527544,BJzk9dSj5iQFTrSJT93tVztHFMzP714NoYeHFfPzb1Bi,PUMPKINCAT,CBXgR3suNnAadba8nSrm53GA4w4PSsQBsavST7AyZBzM,pumpswap,1791055469,0.000002556,2513.88,2414,2414,0,0,0,28.15,0,0,0,0,0,0,1,1,,,,-3.99,0,0,2,1,,,,,,,,,,,
1791527541,5R1XNfbLqGDe7vzrNLKMqM7zyWmd2Savrt3QfGyGpump,NIVI,5MSZjg9EhMGBWp5crjAjVauDCE5ZNSz88y7GvjGFMuTi,pumpswap,1790964116,0.000003796,3753.2,3738,3738,4.84,60.35,270.46,796.32,4,3,52,28,276,116,662,309,-1.07,0.8,10.29,25.98,0,1,2,1,,,,,,,,,,,
1791527542,8hr5NVzUbRWaywAPgiQgaarzUq9j5uCroZ3rLft1pump,GROKCAT,73HZef2stkkqdMjUMgefneZGtam5aAr1d59A3W9Equmo,pumpswap,1790962773,0.000003253,3306.66,3199,3199,0,6.46,22.71,78.59,0,0,7,1,21,9,71,33,,0.72,2.73,-0.73,0,1,1,1,,,,,,,,,,,
1791527544,C2bj2HbEsnv7bSqQe2bQ7uGrf7MHXNN4cSmEVRMQpump,Apu ,9GV1Etzq1h76FXtBdC9nApYbYXmEv3NTtwDeuTuLQqGz,pumpswap,1790963493,0.000003048,3206.73,2969,2969,0,0,0,7.53,0,0,0,0,0,0,1,4,,,,-4.37,0,0,2,1,,,,,,,,,,,
1791527547,GT5PzaVt2wQvDnowmkNNPGRGL5gEcLb7dovzFwwACgxz,Cashout,6NyWV6kvii8BV4U41HpWS8wJffnhnVLv7EsouegQvAgu,pumpswap,1790967004,0.000002783,2767.8,2503,2503,0,0,0,3.9,0,0,0,0,0,0,0,2,,,,-3.31,0,1,1,1,,,,,,,,,,,
1791527540,3NGW414d3hh36tbwbgWeipV2K7VEqnqjvDxj69KKpump,CASINU,4gvR826fJJCkyrArJGekySvAP7aLCVvj4HMcd48W1Kh9,pumpswap,1790964335,0.000003499,3466.51,3415,3415,58.56,61.11,77.33,138.98,3,0,7,1,22,9,65,34,3.74,5.11,5.91,1.47,0,0,2,1,,,,,,,,,,,
1791527546,EVCx8yhknFxZ7MnYRK1LEmL4ycxBKHxSSZ8Gyyaopump,>_,8EX6tgzBVkY66ybkoXN1Ta1JwDMn2dp9ALBigGXPckg3,pumpswap,1790965545,0.000002549,2761.91,2491,2491,0,0,0,0.14,0,0,0,0,0,0,0,2,,,,-0.13,0,1,0,1,,,,,,,,,,,
1791527545,DQxG8fJbgAdX8h2D56Cu9cLHPc7G5xSTj84vZNH6pump,FIX6900,6R4xp15uZUZg7FghFC9SXRppBSWTKAQT11Vx2XnFGSM7,pumpswap,1790964145,0.000003622,3951.78,3586,3586,0,20.65,20.65,24.34,0,0,0,1,0,1,0,3,,-9.49,-9.49,-13.88,0,1,1,1,,,,,,,,,,,
1791527547,G3Zv4MTBbEEWXJeXXAza73Q385bKWAFQ499J5VL8Tovu,UNKNOWN,4afw8ndymLUTVw79FwTEzeVge62nRaFeENBRrkC5cRMB,meteora,1790889624,1.010,14056.96,10113,10113,0,0,0,510.29,0,0,0,0,0,0,6,17,,,,-0.1,0,1,0,1,DLMM,,,,,,,,,,
1791527541,5GDX5fJTQns4arM1J94wjxdA8KXFsV5qW46MLFpHpump,OMNI,QVCymnis5qQJEJRZPgbEJnNKrQdNkhJtTFk7v1xqu9D,pumpswap,1790967612,0.0002743,54557.68,262882,262882,142.3,432.36,15737.48,89001.1,2,1,7,7,115,88,588,435,-0.58,-2.53,-15.77,0.72,0,1,1,1,,,,,,,,,,,
1791527543,9kpHmcAjabZksyon8KVA2FQPyp9kMtLiTRaFGRTkmqd,clout,42xESpMXsCppsS4gbtaCT87sBTjKxdtLVqcTSaSmzbv4,pumpswap,1790968247,0.000002651,2783.48,2590,2590,0,0,0,0.48,0,0,0,0,0,0,0,2,,,,-0.39,0,1,1,1,,,,,,,,,,,
1791527541,4zWD7Lo2AE8wjdXeANYoLoiLNnRiEjkadHyiHcpJ8Nfw,RONNIE,2fcZqmSBrbQDToJUkLEkf5csK2kdev1tveheaD86Wunm,raydium,1790968509,0.000002375,4346.99,2375,2375,0,0,0,7.94,0,0,0,0,0,0,0,3,,,,-2.19,0,1,1,1,CPMM,,,,,,,,,,
1791527542,7Jv7D7qpT8GpKUywkbQv9WgF5yDWr6Yf7SZXZj1Gpump,www,HQbKVr5GiHTjPsv27v9TGvK6rgVZpvcQ7Eg5WGsYUwp8,pumpswap,1790967090,0.000002543,2847.99,2503,2503,0.13,8.22,22.57,78.84,1,0,7,4,19,12,64,30,0.03,0.54,2.51,-0.33,0,1,1,1,,,,,,,,,,,
1791527544,AbMG6MaBJhaAFnJtiPzxBcz2AEW3m3wrcyeCnEXWpump,HEIST,HYYwsvta5RBRBKDcQoGLNatyjGBhhjQrp9ZKkY7xmrnV,pumpswap,1790967062,0.000004273,3894.11,4177,4177,0,0,2.62,15.26,0,0,0,0,0,1,1,8,,,-3.18,-6.66,0,1,2,1,,,,,,,,,,,
1791527548,fHF5ZPCmY1NHN4K4aD6dTyoFG9wE8TJU5qp6zPGpump,artcoin,7dPEacEp8YBGb8VhjNxes8KGNYG4pGDMpKD7BAG7TofJ,pumpswap,1790968930,0.000002925,2910.13,2761,2761,0,0,0,90.7,0,0,0,0,0,0,0,3,,,,-9.81,0,1,1,1,,,,,,,,,,,
1791527545,CJZaHX5RQbvKrRyMoUU9D3jyvXj8Yy7QLLmcKvoopump,Pumpkinu,2SBgHnfs9YPCs7hPPaWt1rHGxpV1WEWp2YNsGBDsyuJW,pumpswap,1790969340,0.000004510,5954.65,4379,4379,0,0,7.13,31.59,0,0,0,0,0,2,2,5,,,-0.68,-3.52,0,0,1,1,,,,,,,,,,,
1791527548,HZ4qZQJ7yf6WR1D24GLRLJ3cKUfgtJEF3B7SdLMLvCPZ,9e9,3JcpTVkjabeM2fucmS6AFTSZ2o4sqht3j4wzkPow1roT,pumpswap,1790969104,0.000003406,3657.57,3310,3310,0,0,0,41.69,0,0,0,0,0,0,0,2,,,,-5,0,1,1,1,,,,,,,,,,,
1791527549,wdysfTqUsJ8qAVB1796BXgGisThoBzu1keQmdgswdyt,WDYT,Bu65yUfdrxgwSnXXvrKxeNzmcjaSCsAEn5JtPMWYZVQG,meteora,1790968878,0.0002271,49651.54,225189,225189,0,0,1608.51,32218.59,0,0,0,0,17,6,131,109,,,-3.96,-2.87,0,1,1,1,DYN2,,,,,,,,,,
1791527548,HUzsazhQoEBooLPQktSoYTVcKKVSZ9AyhZPs3x93pump,WIFWWW,FbmT4jXZwrmMWSDvqGGTjuqwcWwVJJYkNZ27UYejtLCE,pumpswap,1790969578,0.000003540,4815.94,3462,3462,0,0,0,1.78,0,0,0,0,0,0,1,3,,,,-0.37,0,1,1,1,,,,,,,,,,,
1791527541,5gJjJYGu25aQevcpsBgBFvLcCRfSPcvczcxvnqHDpump,bag,BrBGnm4VaXXqDySKDqnH4VZ46p3x4mqC4R2dA4EGGWPY,pumpswap,1790971880,0.000003301,3512.07,3045,3045,0,0,0.01,139.43,0,0,0,0,0,1,1,5,,,0.56,-13.15,0,0,1,1,,,,,,,,,,,
1791527543,9ZUwZjiMP8Un9qcBYNfKmVmRRj97YWLB1DRWPhhnpump,HOOKEDINU,FmtX7rDgSe4ctMT5wpHtgeoE71cRx7MNrdereUMSnhJr,pumpswap,1790967978,0.000002461,2737.38,2439,2439,0.14,1.49,113.31,235.7,1,0,7,0,33,14,62,28,0.01,0.16,-4.54,-0.8,0,1,1,1,,,,,,,,,,,
1791527541,6irHJ66p7HKYHkfPnNaJHJdVfpfJ3AtM3Gse68K2PRLD,BlackCock,DQCWSiW15qugyw2GHED7PfhQ1FqVaSMG7PchVmFa5RzE,raydium,1790971091,0.000004054,5471.95,4054,4054,0,0,15.99,48.9,0,0,0,0,0,3,0,9,,,-1.17,-1.87,0,0,1,1,CPMM,,,,,,,,,,
1791527541,5yQYLno5ABBZ2ELVvLXEU323CbHhr2jwR1NKFDh4pump,BOO,7x9P564ydsAxDMRKUyHzRKua2x2gsWMqUuxgv4SLDGcS,pumpswap,1790970918,0.000003474,3498.74,3363,3363,2.86,4.9,35.12,91.46,1,0,5,2,41,22,82,44,0.07,0.13,2.58,-0.48,0,1,1,1,,,,,,,,,,,
1791527542,6ygHGHDunESzifPU2ZKt399XY199QxFJnHozwFYfpump,SIC,HiRzSypb1LhYbk8A7hwAKJbA2Ha1wv3bx2y614E6Tksg,pumpswap,1790970370,0.000003053,3117.96,3029,3029,0,0,4.01,34.14,0,0,0,0,1,0,2,2,,,-1.25,-6.53,0,1,2,1,,,,,,,,,,,
1791527544,BLKKYfF41c6xRPrtX1rdYbxLE1xxEdZUnxQsB5hcZ8Nf,BLK,8Vt1G5VnQnvLHFfbKek4bCLSrnC7sUjMXWP6hhNNWbUy,raydium,1790971654,1057.27,59644.35,417622,417622,3.19,19.95,90.06,11865.28,0,2,1,2,6,6,63,104,,,,0.68,0,0,0,1,CLMM,,,,,,,,,,
1791527541,5tzjoTepg3tEupgKBjedF2SapniNaDrt1cVqdU4UfkjG,BLACKROCK,2jEsgfX9zxGeNWTkQ8S9fY94LW19Js8CfvSM5GiuQg8E,raydium,1790971444,0.000006017,7556.42,6018,6018,0,208.22,595.47,1622.98,0,0,0,2,5,10,20,42,,-10.37,-4.8,-20.64,0,1,2,1,CPMM,,,,,,,,,,
1791527539,2bHz7Uq8arFttDotBgGFsVKXxN2n7hM39Cktna69pump,HIM,HaGMjHTjfy7f3DN54RHix2RCWvaMZbRKszkFGXPmu9c2,pumpswap,1790973057,0.00001853,11557.6,18149,18149,2.31,374.47,1985.25,12736.99,2,1,12,12,81,60,335,271,0.07,-6.61,-19.2,-42.19,0,1,1,1,,,,,,,,,,,
1791527545,DioisRY2M15WKza2te7pCvEAe7B1EVp4N1ZrM6tn52Sp,HAMSTER,9yS6kearLBYAKeXoPr8adHirSa2mwUT86PkPgRrMkDqN,meteoradbc,1790970523,0.001476,,1476562.6,1476562.6,91.36,21781.43,112995.95,972387.75,1,0,41,21,266,192,2135,1906,-0.54,-9.5,-7.84,63.27,0,0,1,1,,,,,,,,,,,
1791527545,CkmsccatooDzPMy3YwFiaMMADKyFS7RwHPnshnRtFKGb,GrokDog,EF8k2mXRNpaxqDE1e9kHwFkf2M8pa7evk8KHJRLCuTm6,pumpswap,1791223594,0.000002459,2523.95,2313,2313,0,0,4.38,5.54,0,0,0,0,1,1,1,2,,,-0.71,-0.71,0,0,2,1,,,,,,,,,,,
1791527540,4pG7MvMNDbRhLdXHqPnDQLkAQcaJme2CUjm7MqKoWALK,MOTION,5g72NfBpFVWaKVXXsK6PxeLSL9bwq79jN5pMDaxNiEME,pumpswap,1791224537,0.000002858,2793.51,2492,2492,0,0,0,1.58,0,0,0,0,0,0,0,1,,,,,0,1,1,1,,,,,,,,,,,
1791527539,37upCgGAmtTvcKJzWy3X9FzLGxw5E4Acb18ZMcVcpump,ENLIVEN,78XXahkKRdY4o84DBXrUZWJ31Sx3jmFucUs8w7zTbo6z,pumpfun,1791223223,0.000004793,,4793.98,4793.98,0,0,68.2,182.73,0,0,0,0,1,2,1,7,,,-1.83,-9.73,0,0,0,1,,,,,,,,,,,
1791527541,6R8rP2v5p2RbYZS7TXKGE9EquJk2vn7KrorfPJNoCdm1,HODLUP,2gWCMoLi7H3gNoaXqDGRhw7BB5UJ4SW3ToLFEfW3afxU,meteora,1791224220,0.000003181,5257.47,3029,3029,0,0,59.33,253.94,0,0,0,0,0,4,1,8,,,-7.38,-6.4,0,0,0,1,DYN2,,,,,,,,,,
1791527545,CMJw2xV22Fqunx2ToUTEEExNiNKc1wsZA77izFnspump,scrollit,7cTXQ5K1JYRY3zoYuretnU3XoQBZ6SkXGbuQWa3gdrg,pumpswap,1791223153,0.000002156,2181.43,2079,2079,0,0,0,1.87,0,0,0,0,0,0,0,1,,,,,0,2,1,1,,,,,,,,,,,
1791527539,2CycCyG3e4zXwxA5bL4rBeNfwWcPcVKVm6cxe3ampump,MIMI,AwyD93B1oTeVK7ABL5bf4eUSZ6yNaqkAwMjVBQPb4eGQ,pumpswap,1791413566,0.000002837,2887.73,2645,2645,0,0,737.61,2464.71,0,0,0,0,5,10,22,91,,,0.14,-39.64,0,1,1,1,,,,,,,,,,,
1791527541,5vcVmZ2PHmU2TuGxdyZipsQXyLm9zJrJ71Jwozdhpump,DIFF,H8JZBJPhpCM8EDMKSCop4dLFyAnnfnfn5boxReFHewmM,pumpswap,1791412275,0.000002357,2407.64,2285,2285,0,0,0,64.33,0,0,0,0,0,0,0,4,,,,-4.38,0,1,1,1,,,,,,,,,,,
1791527543,9rB2YdHWFFW95wG5gFXGdjyZ4zNHnyZDnDBREBV27sKu,MASHUP,rbdzZAyXrCpu86gqA3oDZeEoJ9BiosASk1uh6KaGwMo,pumpswap,1791413162,0.000004160,4056.98,4025,4025,0,50.04,1433.31,30052.34,0,0,1,1,17,17,242,310,,0.84,-8.95,-75.9,0,0,1,1,,,,,,,,,,,
1791527543,9LhsAaiiK5tnKrUFJ76ygNWaCA5YNYmzExwQf2C7pump,Bagbots,FU91XvanksznsJHKZsBd7Wps7qRK9FX1BPghn2S64NJm,pumpswap,1791412411,0.000002328,2442.54,2279,2279,0,0,0,38.53,0,0,0,0,0,0,1,5,,,,-9.37,0,1,1,1,,,,,,,,,,,
1791527547,GxCkBgU1LJMWg5GqJmoCTrU8MYeYkSVN2zYArRQvTyfJ,BLASTAR,4bm5S92haBEyXWVJE2updCxYGRMVjGKU1kUxGYMBTqQZ,pumpswap,1791413879,0.000002656,2649.71,2562,2562,0,0,82.03,818.15,0,0,0,0,1,1,5,37,,,3.98,-37.08,0,0,1,1,,,,,,,,,,,
1791527548,Uuv34iFW1S3S3X7K2A5B7fYaNNt1DjGE9kqrCUj8yum,YUMII,CxiPECitR2TFvWAhRropozNCeLHLqurkcyETgYS9M2TQ,meteoradbc,1791410564,0.000008529,,7572.17,7572.17,0,0,238.87,20692.51,0,0,0,0,2,4,36,140,,,-0.66,-92.91,0,1,1,1,,,,,,,,,,,
1791527545,D2GbC5MyuR9H5RLg3JZJJygHg8AdnetjtfaFvv3zpump,404,Z8pYeboRdSpgVFrSZA1GDw6UUVCBXFrKtBv9zbWpyzj,pumpswap,1791412403,0.00001153,8512.62,11127,11127,0,256.82,3881.31,98693.33,0,0,9,7,102,86,1490,1441,,5.08,5.13,-76.29,0,1,1,1,,,,,,,,,,,
1791527547,Goh59QCfoX53RgJa615vzXx4swR3mv51VgvAN6ZCpump,GOIF,D2pVedgHQkD2kWnrSFyZX19Tg9X2KJrEiAauMKRchGuz,pumpswap,1791421067,0.000002237,2256.51,2237,2237,0,22.46,908580.25,1520958.27,0,0,2,0,10149,2582,48535,4677,,2.43,-100,-100,0,0,0,1,,,,,,,,,,,
1791527541,6YLtFQaMzWt9aykgUYV7Uk5p7nF7yDTHHAEEWbA8pump,GTA6 Coin,CzJfDdeiF5cB1igJuNLW4PBEAnn1vocUjddPWNKwbNw6,pumpswap,1791419333,0.000001975,2002.9,1967,1967,0,0,0,7.51,0,0,0,0,0,0,0,1,,,,,0,0,0,1,,,,,,,,,,,
1791527544,AbKqGUJt7FeKYJ8cZVkBbhV6M2Ta4oZ54TtiKJitc2xS,CNN,8mmejGbQgeNxyXDrbQAx595tq2joRHkex5Y7BxW42rkr,pumpswap,1791420213,0.000001970,1994.53,1960,1960,0,0,0,1.87,0,0,0,0,0,0,1,0,,,,,0,0,0,1,,,,,,,,,,,
1791527545,E9wcYd5rJcM4ZQM8gXK5oWZ1AoPpmj5PVPa1S2iB6zEN,BUNKER,4gR3hDpEDG2hQQJ5DsiVD7CyNA6dX75UXCgLe1JEKPGa,meteora,1791428238,0.000002229,4184.26,2230,2230,0,0,9.89,312.85,0,0,0,0,0,1,5,13,,,1.45,-26.81,0,1,1,1,DYN2,,,,,,,,,,
1791527546,FtQLXvPbWo8Gs2XsHkRZd1ihgjgRaojZ2HwARL2gpump,DIAMONDANT,6B4sAoGvU3Nu6vYBhfyUz46WxoVAjkwyJAxUquaB84kD,pumpswap,1791426049,0.000002083,2228.21,2065,2065,0,0,0,0.69,0,0,0,0,0,1,0,4,,,1.28,-5.7,0,1,1,1,,,,,,,,,,,
1791527542,7K52aYQW9rWGjwZmQ7o2d1P6E7bji6hSMsqaLy5EcxLh,PQC,6qUUCwD9fyRafora8XVmdApQBxCkbUiZTMkcYD47rWsS,pumpswap,1791427444,0.001215,119881.53,1172021,1172021,18456.06,328876.37,2217193.2,4867637.78,83,198,1518,1973,12171,12139,30218,27893,15.81,37.66,186,401,0,1,1,1,,,,,,,,,,,
1791527543,8zY9N1nwS8p2UvmtV65euwpMuDGgwGfyvmHJeGW2pump,andre,GgjK5hgZExN9cnVESd6m7a5AXSeVWoaTxxzpBLGJsn8f,pumpswap,1791430261,0.000002674,2703.82,2530,2530,0,0,441.5,11941.11,0,0,0,0,2,11,143,261,,,-6.16,-79.25,0,1,1,1,,,,,,,,,,,
1791527539,2LMiWGyNjGKyUkH2oFYmMxzwLzUY84dHZf6DUUZFpump,FEEBIE,GZwUWL7SyUXV8z8HNbJW3EPLQ8gGD2A4mYhja1NzMwAd,pumpswap,1791426982,0.00004167,16130.53,40390,40390,456.97,1694.78,3408.86,18101.43,5,0,30,14,81,55,391,250,11.38,20.38,23.92,30.29,0,1,2,1,,,,,,,,,,,
1791527540,3pfA3BHroh5Vk8jsvruJvua3zGuYnuwCiHjaPXacpump,WOJO,CxxVCp3gha58DcR2ZWY5UGozPys6BGcbzC5gg5CxYBnB,pumpswap,1791427331,0.000002297,2556.89,2237,2237,0,0,0,1.04,0,0,0,0,0,1,1,6,,,4.07,-5.37,0,0,0,1,,,,,,,,,,,
1791527541,5bXMbmL5M1TfbXxdCSrGHrhx9iBScL6tLwZD3Qz7pump,Neet,HQZkVkyKpFFUwhyFjKCjgxm3ZKog4dU8xzm7fWoN3keJ,pumpswap,1791427920,0.000002057,2085.64,2049,2049,0,0,0,57.43,0,0,0,0,0,0,4,2,,,,-2.08,0,0,0,1,,,,,,,,,,,
1791527542,8aefD3aZks8gvNcamdrKENdufQM4R6NHKPdssgDApump,OpenAI,H2NmMfWhnX26fRcPTCtf1YQzpcpxhL7VNL8ySVKBN6Wc,pumpswap,1791425334,0.000001972,2005.95,1964,1964,0,0,0,7.45,0,0,0,0,0,0,2,1,,,,-1.18,0,0,0,1,,,,,,,,,,,
1791527540,3xrw3JKyaSYjzksYc8nrZE1kReQAxoHT3epi3P1mpZVf,CAPYBARA,8AbJfad9XwX9iaDNpKweADPfMj2aztrdnWQS37Fcboob,pumpswap,1791433084,0.0001640,40297.47,161982,161982,859.15,16417.11,127005.51,1754622.06,6,10,171,124,978,752,13926,11498,5.58,-17.85,-5.32,-54.75,0,1,1,1,,,,,,,,,,,
1791527544,BL5VzSWV8LuaXMRCXDhsNjJg8uMCCf8H64F3SsDzpump,PINKBOW,CP2hhKxU7h79b5itBgLNWtF5YgW1LVJGBLBBSif2Zqwo,pumpswap,1791429888,0.00003433,18826,32784,32784,0,438.66,1367.07,29319.16,0,0,4,0,18,8,298,203,,4.11,18.15,-7.51,0,0,1,1,,,,,,,,,,,
1791527545,Dka17EGEfaSqbn4vMaWZmF8cPLNsv3wh3yVrXZ1tks83,PAYBACK,EBJH158mPGZaSi5mtkXFi66N7DZdD3WFjxsxN1MBqKRi,meteora,1791433664,0.0000000005941,1,1,1,0,0,0,0.01,0,0,0,0,0,0,0,2,,,,-2.58,0,0,0,1,DYN2,,,,,,,,,,
1791527547,GQ1TEY5hUBFBccA23rkxF589BCPGYANZGmNx69Ycpump,FOMO,HfLBHH5QKwRLZ59sqP8QQJs9Nmhtj8qMJemRN998fDEc,pumpswap,1791432012,0.000002054,2088.63,2046,2046,0,0,0,7.37,0,0,0,0,0,0,1,1,,,,-1.27,0,0,0,1,,,,,,,,,,,
1791527546,EqDFeEopb7F7QfzcB4w5mtAr8jsgCgPLfFfvVfqEpump,USDUC,EsJqNUuBn8BQ367WjX7cRnz4L9vkqnr1gPxWkTMQbHGR,pumpswap,1791431459,0.000002100,2129.38,2091,2091,0,0,0,325.04,0,0,0,0,0,0,1,1,,,,-1.19,0,0,0,1,,,,,,,,,,,
1791527540,4nGQFx9kpzYatXHdpEaZGjNujnZ5e6LxKiTuHuy9pump,Google,F4X1nU68McnZe81xwWHGtg8S72rxYwnnU5awg6b2ms5x,pumpswap,1791433404,0.000001990,2011.08,1982,1982,0,0,0,2.06,0,0,0,0,0,0,0,1,,,,,0,0,0,1,,,,,,,,,,,
1791527541,5Mn3VAdUW34xWJqoEXCqzXRkDYoxZvvgo4CjFgV9Xiof,SHARKCAT,2nrLK9knhKJUh1mRAZh2sBnj3Zy4waH9PgP4mktQcvM1,pumpswap,1791431785,0.000004470,3981.28,4273,4273,0,0.7,126.47,36959.2,0,0,0,1,5,18,532,575,,-0.21,-3.19,-85.65,0,0,0,1,,,,,,,,,,,
1791527539,2hP1kwKtPyTW1uBs1u3Aoxu83c8ucKwe7rRGqS2epump,FIX,AUrjhNmdXwqHyEXVhrDLNxeWusnFv7nPaeerk4cpAKfx,pumpswap,1791440023,0.000002357,2472.12,2289,2289,0,0,24.6,139011.01,0,0,0,0,0,8,1056,1161,,,-6.8,-95.83,0,1,1,1,,,,,,,,,,,
1791527548,cnNgFYRS26pKHstKvfzQXEDQuvuMfUNzTB2AMZypump,Playground ,7XP4BadsRvFCbd9T4zZkeya3ccnfoKimWEoBrrHW8arG,pumpswap,1791440609,0.00003613,15257.77,34838,34838,0,4201.88,20208.01,148462.22,0,0,18,9,112,89,1083,855,,0.08,104,-47.54,0,1,1,1,,,,,,,,,,,
1791527542,6x36m5J2VxRPpWBV3MEZq15oe5Tq8ahR7qSCdA7pump,iCoin,7oHDsL98Qr5EUomAhUBiCiUn8dYYRdsmsM8dPEeSvvsW,pumpswap,1791441499,0.000004322,4221.91,4107,4107,0,6.26,541.23,1055116.18,0,0,2,5,24,32,14337,11031,,-0.15,6.25,-90.67,0,1,1,1,,,,,,,,,,,
1791527540,3YF6eEjzDgDPqPEwM2Mx2GdznfVJzL224bYA8JA6xf9N,Frank,4qX84Rx3zjrNCjUkujuCY2GomppsimnJHnj19txwPEJz,meteoradbc,1791442718,0.00005689,,56893.42,56893.42,0,0,0,5376.78,0,0,0,0,0,0,166,170,,,,33.9,0,0,0,1,,,,,,,,,,,
1791527542,87DxXCMWWwQY1iBFkCdXg1CHfPKfFcitM5XdnkY3kx8p,swordcat,8Etn52mxgowVLhX17iHE5Sy3MbVjp5wxnwF8RL5PF2B3,meteoradbc,1791442675,0.0001117,,111758.37,111758.37,0,0,0,11083.73,0,0,0,0,0,0,322,378,,,,321,0,0,0,1,,,,,,,,,,,
1791527548,jc3HrQUXgvkwjfG8mVzvGmb5k7s2QTdTGXquQwGpump,ESWIN,BLrRWwzYRzLcoJoqkKTzsmVQM7oZzQ4rgxt9EFZCDpBN,pumpswap,1791442776,0.002878,148097.29,2876417,2876417,540.55,7969.31,47795.33,242025.07,11,8,167,115,1015,691,3895,2613,0.76,0.09,5.23,5909,0,0,0,1,,,,,,,,,,,
1791527548,kdMmvcYfjXkGUQC5Vux8D1oFggjcbySWkR6unFVpump,Instagram,AXAkeWznJS37Xf5yAr9rBa7zhAbkqnWf56vVLypZnMZy,pumpswap,1791442563,0.000001932,1945.45,1923,1923,0,0,2.14,58515.41,0,0,0,0,0,1,7829,8668,,,-5.78,-95.97,0,0,0,1,,,,,,,,,,,
1791527546,FpbYnUAah4fHRCqsXcdTcSPyzwgq2QotgRxKEErRpump,Joker,2mNqrnT2vkwLjh4CvDmdgjf88EnmE76xUCbrgWr6ZqXA,pumpswap,1791440623,0.000002071,2092.56,2062,2062,0,0,0,140432.43,0,0,0,0,0,0,15025,16836,,,,-99.59,0,0,0,1,,,,,,,,,,,
1791527546,FPNLooNQ51kjE3Y2KTnhxzTFtdBzwacNAcwAPht2pump,NVIDIA,6ZySWD5UDBNoPHJD4uWbAHzPrZSDVmVqL5rDyvCsdiBE,pumpswap,1791441974,0.000002052,2084.67,2043,2043,0,0,0,191492.21,0,0,0,0,0,0,25723,27021,,,,-95.7,0,0,0,1,,,,,,,,,,,
1791527545,CmMywBZ2xiXxDFMLPSApaKaebHPng1jK8crEBuifpump,Apple,5SR2Z6aqV9MN22Lw9zpVvPD1vcjDmFckSTgaD7dpE5wx,pumpswap,1791441251,0.000001950,1980.52,1942,1942,0,0,1.26,181191.52,0,0,0,0,0,1,19418,20516,,,-1.45,-95.91,0,0,0,1,,,,,,,,,,,
1791527540,3ZocJPycA12Q5Ym4X24EVTn1Hp7dZCF1nJhbWDyYpump,poopcat,9yaRTLaYLUiX3jX5nG6YEEpWkBn13TMkvPptPXkgbfyW,pumpfun,1791447612,0.00004727,,47279.98,47279.98,0,0,0,9781.56,0,0,0,0,0,0,6,0,,,,1360,0,1,1,1,,,,,,,,,,,
1791527546,Ebugdjc8mh84WakL8n4cd1nnuAW2R2beeTiZoBK5pump,wrld,DXodBovSRkXs1Up1S4pK5UktkqmQr23GxHfGPNAobfVf,pumpswap,1791447243,0.000003162,3248.05,3033,3033,0,1.92,93.71,782526.16,0,0,0,2,1,15,10128,8043,,-0.13,-12.89,-93.3,0,1,1,1,,,,,,,,,,,
1791527544,BEkw54ZMNfiQoS4PSxs1Bwrzjeu3bCrWtDGUNzKoojbN,Bilbo,EKejCoLC4Fx6rsVez9nxVYRA4hJUCRE8KqqPuSGfbMVY,pumpswap,1791447021,0.000005812,4865.4,5506,5506,0,147.97,1226.54,391910.52,0,0,6,4,17,49,5587,4555,,5.53,-23.14,-87.32,0,0,2,1,,,,,,,,,,,
1791527541,5BofK8SjNmkrHYvswYixFmygKfU3SmKEabo14wdRpump,RetardPad,3PbPuNJKJsUriVdxAKAYMTPYfjvcDrrVNnrM4nBiANbQ,pumpswap,1791448839,0.000007021,5430.67,6686,6686,0,0,4.24,68120.26,0,0,0,0,0,1,686,570,,,0.06,-83.5,0,0,0,1,,,,,,,,,,,
1791527547,G1DUhhk2g8kTh7VuMZV8zS1fjtX2MuRo7bAf6xhzUwk4,Miso,BpdD3enxTgVrpMwXM4cetjCi5qdAYST39eSpMFLmaxux,meteoradbc,1791448111,0.0001234,,123440.6,123440.6,0,0,0,10343.46,0,0,0,0,0,0,271,301,,,,1031,0,0,0,1,,,,,,,,,,,
1791527549,tCyk1uskiqRhXsLyqwunRj4FSRWLBcypAbAUrrQ4vg5,DARK,CxujskmwpikcrnQPQrf7L1MC7kiAR5b8JuJD7GFwE99j,meteoradbc,1791448210,0.00005677,,56777.45,56777.45,0,0,0,22171.11,0,0,0,0,0,0,786,824,,,,33.79,0,0,0,1,,,,,,,,,,,
1791527546,EWgN69HeDh7KNmEqS9qwebcS73vMhTRFFS1Xgw8cXDK5,OKKB,AXarGK4UmGcKzB5B5QVjjGWdJh8pXjc5Ks4caxfhuhP5,raydium,1791448218,80.00033,41533256.08,800003365,800003365,0,0,0,475.92,0,0,0,0,0,0,1,0,,,,,0,0,0,1,CLMM,,,,,,,,,,
1791527542,7X1YoTSXdbXac37HJwna15xWUc2nD5PbimGb4GDs8vTG,FOMO,F5eYLti5nvUiTxd9ZAPRhhpancuS4xovKCLqZcY8hvTt,meteoradbc,1791448104,0.00004512,,45122.35,45122.35,0,0,0,5185.68,0,0,0,0,0,0,167,194,,,,195,0,0,0,1,,,,,,,,,,,
1791527548,TvgiS8PLUoLPbwogVCavQGwJQpdHQ73zqVqWUyQpump,Gemini,C6sAUufzMz6NxL4ejKMvNRWqEXJ6VnbmTP63bhTsQA6g,pumpswap,1791448232,0.000002020,2040.15,2010,2010,0,0,0,86821.1,0,0,0,0,0,0,7921,8258,,,,-95.77,0,0,0,1,,,,,,,,,,,
1791527547,GxWLyATWCpJ1hLuytfyhSLhEUpieJs2xYDB65nAjXXAH,eoc,3z3gmsfYnakjrHKyJ5KoJ14mFePeSpkWv3eTn5mwek1L,meteoradbc,1791448137,0.00003261,,32612.4,32612.4,0,0,0,7026.09,0,0,0,0,0,0,182,229,,,,79.65,0,0,0,1,,,,,,,,,,,
1791527548,HdyYZBDNM3WXLZX9c8YVf52tRYtPCnTkMHStki5cRgKt,wrld,HAf6FG8u91BL9USYGaEEmUpKaab7kjhfy8DjUqLiwW3,meteoradbc,1791448229,0.00005583,,55836.11,55836.11,0,0,0,1263.13,0,0,0,0,0,0,20,0,,,,27.83,0,0,0,1,,,,,,,,,,,
1791527548,Hcn8c2sSBaLCYMug2zA4pVudzhcFK1VGAhbbRWiZpump,Google,12wEKJqmRQpaXF6FmPRrYe5RgakhLgWV7axjHuy1jxC8,pumpswap,1791448185,0.000002016,2030.51,2007,2007,0,0,0,63065.81,0,0,0,0,0,0,2498,4370,,,,-95.78,0,0,0,1,,,,,,,,,,,
1791527545,DMQCX9jYaLiMNKM2aueQfc8nsLK1s2ypasUmLwmpbuCm,薄肌理论,HdyKxNGhjTJwiAov9fE3gEReC7kfyNt4KrLiBhCNJsmb,meteoradbc,1791448078,0.00004421,,44215.93,44215.93,0,0,0,8541.98,0,0,0,0,0,0,323,316,,,,212,0,0,0,1,,,,,,,,,,,
1791527548,X579YNJ2Ss8i6JCXXh36EUVitFxjXzqi9kTaemTpump,Anthropic,A2NTujY79FUa4XrsxoD3fpDrDnDet2dCPjHogpsCYomH,pumpswap,1791447560,0.000002036,2053.57,2026,2026,0,0,0,91356.03,0,0,0,0,0,0,22117,19915,,,,-95.73,0,0,0,1,,,,,,,,,,,
1791527541,6VuxbSM5s1rfpcPfbgjNThkJLhtddFMM1WVy6Hgvpump,Tesla,9GiDjw6H3rzUqEnwnow3umaXXjfPTJ31GpxG3LkYpwGS,pumpswap,1791447718,0.000001926,1959.85,1918,1918,0,0,0,209979.17,0,0,0,0,0,0,29463,21305,,,,-95.97,0,0,0,1,,,,,,,,,,,
1791527546,EtYe7uDKZkbPFJtybCZZEDthn44MQsACkj5pM8uRpump,FOMO,EqJEk1zNb7b8n5EoWju34PCw1YCHh2kxiKJR7gY4zAEs,pumpswap,1791446893,0.000002002,2032.51,1994,1994,0,0,0,173494.07,0,0,0,0,0,0,18130,19353,,,,-95.8,0,0,0,1,,,,,,,,,,,
1791527542,8geiCBXLZAryr3HFYAo4FJKJyUE1Hd4TQPUCChkfpump,SOLCAT,DNpAfAZF6TBwR7Tm22oDNTvBqnYRcdBF259BGbLMiVPf,pumpswap,1791447988,0.000002059,2092.97,2049,2049,0,0,0,156136,0,0,0,0,0,0,20459,22132,,,,-95.69,0,0,0,1,,,,,,,,,,,
1791527544,BEBoHzgNKzekSd2rgeeFSqKo5k3FWqALFcxeqAEdpump,Buller,Hd2VBeuwDPnKNPuS595hfKXfRrYXh1AxDuDvE63UMo4L,pumpswap,1791450056,0.000002703,2674.73,2305,2305,0,0,3.18,79144.23,0,0,0,0,0,1,394,469,,,21.31,-94.35,0,0,0,1,,,,,,,,,,,
1791527544,C7jq1GJdiNQg91sRkYZYZ1VPg6FmBdAaVLB85WRHPoGd,Drone,AugYhD3yHeZoCDhE6psVrYzXMzcnG7HNgJarkoMQVNry,meteoradbc,1791449880,0.00004557,,45579.36,45579.36,0,0,0,3536.05,0,0,0,0,0,0,187,175,,,,198,0,0,0,1,,,,,,,,,,,
1791527547,G4SCUbf6JhqFVajJWjhN5KgtxJw5UwdrTsSAReiCVTQk,wrld,5FqakZ8NvdpKYTvz3u6AEafmrs3NY1iLocXFWFzbAmXK,meteoradbc,1791449917,0.00004567,,45671.71,45671.71,0,0,0,7485.45,0,0,0,0,0,0,199,229,,,,223,0,0,0,1,,,,,,,,,,,
1791527543,8wxutBCxfvKc5UgVPNjXJhNWsn9AoQBgX6fsKHmv1pFp,HEROBRINE,BnojnFjauTraPbpnEMFnBpNQnc8qe2iN9ahobDzV4a5V,meteoradbc,1791450045,0.00003311,,33116.43,33116.43,0,0,0,9581.59,0,0,0,0,0,0,248,294,,,,82.63,0,0,0,1,,,,,,,,,,,
1791527542,7QAZqxVhXvfujm7W6rHQRGKLwkv2PnEDtTzZX1RBT7g6,SpaceX AI,3YHjHGRTR9ED5C4YSSUiaTEaRJWWVggG3pQbEQNFU8BY,pumpswap,1791449272,0.000002112,2133.54,2103,2103,0,0,0,109501.86,0,0,0,0,0,0,8695,6000,,,,-95.57,0,0,0,1,,,,,,,,,,,
1791527544,ARkw7rhhxwAZXi1os5EyohTwCvy1rc25BjpCWVEtA5rq,Pigeon,EdF8Caa9QbD9obQnLkdeEKHhu94uSMGcKZgRsZM7yfaa,meteoradbc,1791449461,0.00004485,,44852.89,44852.89,0,0,0,16440.49,0,0,0,0,0,0,344,444,,,,105,0,0,0,1,,,,,,,,,,,
1791527547,G3EBGLKHwK3bLT3bpvknSzeRrUfnWMcFNdH421uRpump,Grok,B1idKCVe9yiDNdKGcKZHn1d5ra2gVwqjxhyCQs3DpsFA,pumpswap,1791449239,0.000001958,1974.4,1950,1950,0,0,1.36,78638.97,0,0,0,0,1,0,4832,6673,,,-5.21,-95.9,0,0,0,1,,,,,,,,,,,
1791527548,HNHbG4WQw2BmW53Ju2HRj2s6bz23YG9NAp77cgkjpump,[cat],6rPnaibzx23zcfFbMX2sS95CPTQgiHEsjqcnN5Box31N,pumpswap,1791456507,0.000002626,2899.23,2556,2556,0,0.47,0.94,1933306.96,0,0,0,2,0,5,11520,6888,,-0.13,0.63,-94.47,0,0,1,1,,,,,,,,,,,
1791527547,GmnLi2De5s2z4Gamd3kr66SpdizGmNhFWGvnMkr8JVX5,attention,HWkxx11rbxUzffdBUBztJMh4sZfUeQXmkwGJb1LvUHKw,meteoradbc,1791457042,0.00003287,,32875.3,32875.3,0,0,0,6806.87,0,0,0,0,0,0,180,215,,,,82.1,0,0,0,1,,,,,,,,,,,
1791527545,D1kBSV5FKSMJogBTtJ8BWiifThfc7MxaNQvr5w4rpump,KING,BnQrqDZt2RNi9FbfQE2KXJJnYNpnYiHxCpEKYgd8nyk2,pumpswap,1791457081,0.000002236,2250.79,2236,2236,0,0,0,12317.59,0,0,0,0,0,0,41,33,,,,-95.25,0,0,0,1,,,,,,,,,,,
1791527539,2piuYDfdAGK4JvE48Hz4XPnNBpKSvy7Mv5P5DUH7BAGS,NVIDIA,6zAbpDvdpHasgwq86iwiC4JFXkNtidLg7b8Mxe9DE6r2,bags,1791457044,0.00003435,,34350.29,34350.29,0,0,0,1.23,0,0,0,0,0,0,1,0,,,,,0,0,0,1,,,,,,,,,,,
1791527548,J6ADETcyJ1hd851DZ1RQWTzmGCbwZB8thQv2yXezpump,NVIDIA,6cKFgJTVHjzKDWkqZGe37WWp6XhqGQbd7UiAC5xVD1hq,pumpswap,1791456630,0.000002021,2043.71,2021,2021,0,0,0,108546.03,0,0,0,0,0,0,10602,9267,,,,-95.74,0,0,0,1,,,,,,,,,,,
1791527545,Ca5VuKu5NyyFkixnewTnokmzXpmNuG8Mk5odwHJypRNq,4206066,DTkPR6dKZz2ZNgjBXLCaU7YSvnv1cbTAZnMbEXgnV3Ri,pumpswap,1791461881,0.00005243,21430.06,51235,51235,367.87,5485.07,55416.72,3741225.22,14,7,76,81,770,746,32386,26600,5.14,17.2,-25.2,12.76,0,1,1,1,,,,,,,,,,,
1791527541,63vCoVhdkjDvcAxcuDA4p8xgLN5ws8yHk4kDrqdQPBet,Stonked,6xMZ83tUFrjbDH8D5DVcZ2Yu5wTiH2Uq4RW9PD4wGxBb,raydium,1791462109,0.000003804,5635.47,3804,3804,0,61.4,360.11,302289.11,0,0,1,2,10,16,4121,3156,,-0.8,7.05,-91.68,0,1,1,1,CPMM,,,,,,,,,,
1791527541,5zmavc3k69CCvkzMjcSrbuM9Tcv1tm8NumeoVbytPEAx,SKY,EyKDAQGKo58CpAyPukCdtHq9psENqa14J9EEy5T3DgJ3,pumpswap,1791460254,0.00001163,7640.8,11268,11268,47.05,477.96,24827.42,174129.62,2,0,15,12,285,219,2346,1941,2.09,5.3,31.33,-75.14,0,1,1,1,,,,,,,,,,,
1791527543,A4GY2kU8D8psWFYa2B3FmFCanHkEijTBh2MJm2iAAUMK,CRTN,6D4KDNVoCcgeetPNZyGC4eg733U7Hrba3Eq535WUqX1m,meteoradbc,1791462477,0.00005560,,55605.05,55605.05,0,0,0,10415.61,0,0,0,0,0,0,277,284,,,,33.8,0,0,0,1,,,,,,,,,,,
1791527544,ASHNT4XFjM1mAzfL73pBm7raFnxibUp4AyKzU6wDdPZS,4206066,DDbzpN49jkVFScWk6vbcrv7knv8FZQrrj3eqoB1cXnaj,meteoradbc,1791462494,0.00004445,,44456.03,44456.03,0,0,0,3488.1,0,0,0,0,0,0,100,106,,,,220,0,0,0,1,,,,,,,,,,,
1791527548,HZ3HwX2R53ZnCoqDUDx3kTa2Rq3JsAaTMrVEuCE2FfMR,‮EIFFAR,Cf1XC5W9qEvy2KdBYLaCGm1qyLx1Dowf3FzVceixCstP,meteoradbc,1791462580,0.0001687,,168796.25,168796.25,0,0,0,1859.23,0,0,0,0,0,0,153,23,,,,17.28,0,0,0,1,,,,,,,,,,,
1791527544,B5b1nCDthNShPWPJ3cxegNDAM66DPeDrPptYbH4Ux54,Stonked,EGeKvtbq2DWBtixsugqtW5JnsBeeLsN7TQNmfBSe26z5,fluxbeam,1791462554,0.001407,1392723.48,1407025,1407025,0,0,0,9985.01,0,0,0,0,0,0,300,0,,,,894,0,0,0,1,,,,,,,,,,,
1791527545,E3172BeGwdGtHYzaY3SD3H16aKcS5qVResrm58wipump,Gemini,GpUq5tQYn9FsEY26Njd8fJPfCz8f82bkE8jc69NCFypn,pumpswap,1791462563,0.000001993,2008.41,1994,1994,0,0,0,64915.99,0,0,0,0,0,0,2927,4685,,,,-95.76,0,0,0,1,,,,,,,,,,,
1791527547,GvDWZzWTSoRiGhKaU3MpwLepJcpCmCMemdLwphyZpump,Odyssey,EKYg4NwmNeGbsSae8dTTFQr7bL6r6JFh9bpWoFkiWB9f,pumpswap,1791462129,0.000001994,2008.37,1994,1994,0,0,0,62914.7,0,0,0,0,0,0,5239,6874,,,,-95.75,0,0,0,1,,,,,,,,,,,
1791527543,9wKaPbDkHGgYPUhjBnCv6r8eFTRCPE4mYsD8Mvxapump,STREAM,6hUkvpgCzzy5pdgEPzAbMTqDTGFLt3BrXzo8kCEDTost,pumpswap,1791471466,0.000004476,3983.49,4050,4050,0,0.38,1144.42,116110.97,0,0,0,1,11,35,1402,1215,,0.51,-34.3,-90.12,0,1,1,1,,,,,,,,,,,
1791527544,B69roG87zGfG9T2EWHMGieRLWiUgsDyTV2ZZ9FzDNFPu,Mario64,EY52HMdafn9pfDukm4oRQVcqJPeeziUJxihBXTwpaEb,meteoradbc,1791469683,0.00005038,,50382.46,50382.46,0,0,0,6997.8,0,0,0,0,0,0,232,253,,,,7.26,0,0,0,1,,,,,,,,,,,
1791527539,29HtMdJ1LAZqvX9Vx9Yn1kTcxQjGvWGFQHi48baVa3AD,Mario64,36T2Qjki5m1d77VMw9jEihiesoQPRc7yoS1aaLbnwpH5,meteoradbc,1791469697,0.00005060,,50600.88,50600.88,0,0,0,4703.39,0,0,0,0,0,0,280,240,,,,6.17,0,0,0,1,,,,,,,,,,,
1791527544,BhxdeorngV1tc41yNFB3qQBna7bLq1pHdhbEcgc6mFov,401si(k),AfCferWmF9zgQp4XXLfeEAYAqPzUZvMFQrpG4mBGquh8,meteoradbc,1791469697,0.00004484,,44843.01,44843.01,0,0,0,2523.09,0,0,0,0,0,0,77,65,,,,161,0,0,0,1,,,,,,,,,,,
1791527542,8d2q48EYNk5L48nCCm2mcaPHGtSEGZ187EbAtFRkpump,NVIDIA,HyZcY6yrCF8WaSgcNLzWkB1W6wEMKnaCm4H1RMK8TeSD,pumpswap,1791469234,0.000002005,2019.15,1993,1993,0,0,0,93867.96,0,0,0,0,0,0,12841,12422,,,,-95.71,0,0,0,1,,,,,,,,,,,
1791527547,H91tJE3uEcM141RaosHYUR5qjkaPrVK1yYJ4GEVpump,CocaCola,C6JTpyRgNUDBMg7yR5THcyuwteLXcnDNgvZoWRS21coi,pumpswap,1791469593,0.000001998,2018.56,1998,1998,0,0,0,86997.03,0,0,0,0,0,0,9716,10056,,,,-95.72,0,0,0,1,,,,,,,,,,,
1791527542,7tEmdgutpi5a41Nd7xGDPwa8yr1uoN3SkGe1Z1kypump,LEGO,FYiGk3Rw2GECzavACyaGq7iHrqJ6aRctfv9L7864h3mZ,pumpswap,1791469253,0.000001960,1988.22,1949,1949,0,0,0,157210.83,0,0,0,0,0,0,19425,20662,,,,-95.81,0,0,0,1,,,,,,,,,,,
1791527544,B1QJsJA46oKqP9ayeALzHDbwnnZeyeKCWLumGSm8pump,ChatGPT,GHVQuuDFhiLn3zZ8wces3JGWrx3Scx55q7LRhZqLD8rk,pumpswap,1791469025,0.000001939,1970.83,1930,1930,0,0,0,200895.86,0,0,0,0,0,0,26731,27869,,,,-95.85,0,0,0,1,,,,,,,,,,,
1791527548,JBrYn66MbeTMehGQPXcqaU4RGqVAchj9UkWftSnppump,OpenAI,Bz8nBxWnRwwaWsSD3kdUTo9bSRS1N4f69mjwSAK2iGia,pumpswap,1791468832,0.000001882,1903.88,1874,1874,0,0,0,156270.45,0,0,0,0,0,0,24810,25535,,,,-95.96,0,0,0,1,,,,,,,,,,,
1791527546,EKroUkizrUsgCGEC82ETnLHpsd8VCFuMkzaJWo8jpump,ECDSA,AnKQwetXfYE7FFGQc5wUdZSsS1hfTtiqhA7mBe7AAvRc,pumpswap,1791476917,0.000002837,2755.24,2479,2479,0,0,2.06,34618.77,0,0,0,0,0,1,380,556,,,0.64,-93.71,0,2,1,1,,,,,,,,,,,
1791527543,9s6tPxbG3CGJQK1nD1SnwrmxWbYkm8jYaQ8c9vrApump,swordowl,9nAfeEjHDdnaJiFzcTbriwHJDHrGYJtEGWk35c7Gr6XF,pumpswap,1791473102,0.000002483,2610.7,2461,2461,0,8.59,99.32,741831.14,0,0,5,4,35,15,12050,8085,,0.27,0.6,-96.25,100,1,1,1,,,,,,,,,,,
1791527544,C1a7ZRXhoeKNVWpDiUTvoUchCeTM4oHRBaV2RDvepump,OnlyCats,AYyCF1thE6K7FoQHGTWMMVpZTTzK2JeJ9MNrnDsQmZ1c,pumpswap,1791475774,0.000002367,2446.05,2306,2306,0.65,9.62,56.91,377129.49,1,0,5,3,42,17,5425,4062,1.34,1.77,5.55,-96.98,0,1,2,1,,,,,,,,,,,
1791527544,AsNTKE8BTEkNWtLDazCANmVcPTueQgYLEPtD76Zh2Aac,Shelter,GHNi9H6B3me12MYH831JJiNVYcYaJs6dZJVE56DRbBso,meteoradbc,1791476426,0.00004355,,43552.44,43552.44,0,0,0,24996.42,0,0,0,0,0,0,138,58,,,,1229,0,1,1,1,,,,,,,,,,,
1791527544,Brvd8er4qX4N6jdaXMR6gcrUdnMeAbEtAQBMWjX36Adh,MISTAKE,24VUcW7rpTMwec71jZ7CcQ89zWmjUXNp73JNSHxzwudU,meteoradbc,1791477002,0.00005131,,51315.82,51315.82,0,0,0,2673.01,0,0,0,0,0,0,65,52,,,,28.15,0,0,0,1,,,,,,,,,,,
1791527545,E4F9ePQvzDqMZsbYFewVqcHiKn5jgMKcG8TTGDqns7f2,Shelter,GiU176DzUP6LLKHAixN3JBfETxX317jLStPHduUVeWnu,meteoradbc,1791476996,0.00005949,,59491.56,59491.56,0,0,0,5533.91,0,0,0,0,0,0,182,191,,,,34.72,0,0,0,1,,,,,,,,,,,
1791527541,6XJDsVKMGGtS2hb3mn9d5Cp4ngjHdPRr4muUc9ubpump,HALLOGUY,CobUJu8J53unrbTCb56AD7tyzV8bXMaChYZwFSZYDTYQ,pumpswap,1791476695,0.000002144,2243.25,2082,2082,0,0,0.15,328885.96,0,0,0,0,0,1,1594,1425,,,-1.04,-95.37,0,0,0,1,,,,,,,,,,,
1791527539,14nBfozsswx8sjKtjQiNmDc14zaMjcx8xMtpMFcwpump,Claude AI,6D22yTzwMKJNm8EAwQTRuGgXMSrjj5AgkpurQXn3CNL6,pumpswap,1791476686,0.000001918,1939.77,1919,1919,0,0,0,90921.1,0,0,0,0,0,0,11355,11280,,,,-95.76,0,0,0,1,,,,,,,,,,,
1791527544,AEu65i3NvYHZEUN679szCqaJkLcJr9XBnEUaZhEfpump,Elonford,92xEEGrsc2SLA7Sqmsu5MKSW4Cq5mgMBrWqzrTK6dJB9,pumpswap,1791482298,0.000002680,2651.43,2565,2565,0,1.62,51.3,196497.5,0,0,2,1,11,9,491,731,,0.12,0.48,-94.06,100,0,1,1,,1791527621,0,0,2,1,7,8,387,311,
1791527545,CGhvhYKn9zkVJqRFtkVJrs74pejj3vupqA5LTJLJff5K,tardigrade,ApaJyGb6JjeRps1UE6JjbDDLF9yoVRTvn6xgJf4w3ToM,pumpswap,1791480244,0.000008807,6729.16,8670,8670,9.78,4232.14,7263.09,671852.49,1,2,56,43,96,102,6031,5029,-0.56,27.63,32.07,-80.07,0,0,1,1,,1791527621,2,0,31,32,56,67,2432,2206,100.0
1791527547,H6XiYttyMFsKXj6BJzYZMEjhUz6EwymaX4ug35G6pump,MASSIMO,DqJVrQhi8vzEKQfJ2RECrJazsWPRRvoLZJFKTsASCqYT,pumpswap,1791486669,0.000005097,4399.31,4870,4870,0,28.3,919.9,127182.67,0,0,1,5,17,28,1381,1357,,-13.42,-17.23,-88.31,0,0,0,1,,1791527621,0,0,1,5,16,27,642,661,100.0
1791527539,2wyYmA2bQ7MNAqJEbvfot1VUwVjdx813DVmRX2kWTicJ,STAFF,9nUGzb9AHk2XFXqorukgS8vDQKF5eMQy1fTNHRmntxiW,meteoradbc,1791482679,0.00002965,,29652.52,29652.52,0,0,0,11515.49,0,0,0,0,0,0,104,18,,,,469,0,1,1,1,,1791527621,0,0,0,0,0,0,87,16,
1791527541,6s8RrhWwmD4VsqsVDM846Yowq3vsUBrGLBMcVW6Wpump,YIELDR,8Lw7NhduEjQTfThDHmSgcGN55nenUjDRU8XDB6ZLoeGF,pumpfun,1791483248,0.00004290,,42905.87,42905.87,0,0,0,43050.15,0,0,0,0,0,0,397,283,,,,1105,0,1,1,1,,1791527621,0,0,0,0,0,0,289,168,
1791527540,3ffBp3yBPSB86YxoxtDwxsBfa3qrDLp3mJSeJzp4pump,uBTC,DrUHQ5nXyUgXQaeMjhmX8bS7EncYGzTsAxxD37tGsdEr,pumpswap,1791483881,0.000002544,2577.4,2373,2373,0,0,53.64,37111.57,0,0,0,0,1,1,438,455,,,-0.14,-96.02,0,1,1,1,,1791527621,0,0,0,0,1,1,245,248,100.0
1791527541,6LdjC13zbAxmruKrqsAQ4znUrjNe7gXXVeCHDBMYpump,CYBERCAT,6kXEgKseaHhG6XhFYCoumv7y3cHsF1W5aAnxy57VARLD,pumpswap,1791482635,0.000002142,2239.03,2112,2112,0,29.81,82.64,428645.4,0,0,4,4,25,11,10230,8456,,-2.45,2.33,-97.46,0,1,1,1,,1791527621,0,0,3,4,18,10,7436,7427,
1791527544,BwVrWfDgT6UFpJsfH7J8bqtRu8vekE2w1GyEAEuZKa9R,QPEPE,5B4TdNgJA8S5fNT1XEnXBJ8XJUAEpBUjfMgH8pfoVpfq,raydium,1791482534,0.00002021,12429.42,20213,20213,5.21,1044.24,17021.33,170600.18,0,1,10,13,138,108,1549,1253,-0.17,-15.77,-20.13,-54.26,0,1,0,1,CPMM,1791527621,2,0,12,6,88,70,693,679,
1791527545,CmCHvr99aXrLDQB7jAtFtsBwg3DnXqq4spcTEMt7pump,OWLNIGHT,BGT9hRweDn8TjWHrw14zYsHXRG5SxHJMHRvSrTW1pdcy,pumpswap,1791478718,0.0006564,78575.1,651504,651504,11001.22,151188.96,1806414.16,4277416.87,379,114,5447,1756,38837,14668,86917,32369,-4.94,18.57,6.83,908,500,1,1,1,,1791527621,109,38,1562,639,11465,3957,18156,6618,100.0
1791527543,9JtPfLbN32CszHmstoXYdWaazFLaoxhfqf9mKgQMpump,GUNNER,5Tg9D6FeZXY3fACm1jDUNnHeWLvGiuucM8qAN9UznPA,pumpswap,1791476540,0.000002239,2459.08,2196,2196,0,0.15,0.15,748796.3,0,0,0,1,0,1,11557,9961,,-0.25,-0.25,-96.75,0,1,1,1,,,,,,,,,,,
1791527545,CnwvpMqyJuD3BbSp3DYAK82FUWksTbCkV8Fj5VVPrRUp,PVE,6H4nGJoH8F8n3wUcj3d9xYcMUVahePdktdEHkfsJx3pj,pumpswap,1791484274,0.000004125,3786.08,3119,3119,0,0,17.26,135834.78,0,0,0,0,0,3,1053,1126,,,-6.58,-91.05,0,0,0,1,,,,,,,,,,,
1791527541,6UCR8nmHZGauct3tKfismdYuLFemB6iMtuKEGycq7wCX,pear,4uGatQ9ixmFvFhXqqVBHme9ok1a4hctvkyJEs2D6UFHR,pumpfun,1791483919,0.00004430,,44309.32,44309.32,0,0,0,11480,0,0,0,0,0,0,106,78,,,,866,0,0,1,1,,,,,,,,,,,
1791527548,HUEwbJYvPZ9F6pccU1SiYNsyNyyyA73JzpVcanGtpump,GREEPER,zpy3km3N5kZukukMU5B3uZbmzjp4Fdtbyw5tkY9xFut,pumpfun,1791483320,0.00004362,,43627.26,43627.26,0,0,0,8396.65,0,0,0,0,0,0,6,0,,,,1365,0,0,0,1,,,,,,,,,,,
1791527544,BWvfXMQi9qti59GFr6DcUkvXewD72phy5yBoQhsCpump,HouseCRAFT,7NgcGR89ndHDyTiUBKJt5jBZB1nTxjxmPdHy4BxXfKZb,pumpswap,1791483518,0.000002289,2534.91,2223,2223,0,0,0,754644.82,0,0,0,0,0,0,2457,2146,,,,-94.83,0,0,0,1,,,,,,,,,,,
1791527546,EdsRowcXQN9rYS3H654CvfCoshnkuRVV31EH29P1pump,STARBUCKS,9YnybwKjeHKwKvf2HV87ykSZTVKUEwuHdzqr7rVt6iRr,pumpswap,1791482787,0.000002008,2027.38,1995,1995,0,17.17,17.17,104307.5,0,0,1,0,1,0,6622,7930,,4.38,4.38,-95.46,0,0,0,1,,,,,,,,,,,
1791527548,LVVmhhwFV4rqrdBd83F6gT5RL1sPb4qMsNqwT2tpump,Nike,B7nVqXT2ghkYaz9JyLeoSGudxoBw6Xm5BL5gNMfURs6K,pumpswap,1791482810,0.000001956,1977.88,1947,1947,0,0,0,217557.85,0,0,0,0,0,0,20662,18566,,,,-95.58,0,0,0,1,,,,,,,,,,,
1791527539,12CZC5SBGVoEikTQXy34U8gKGJnFxeoEFgbboCLpump,FOMO,9arAyjfzoFoNTmrHuB2Y9o9tnD6f4gvkPTAZSSC9mmsK,pumpswap,1791483992,0.000001974,2012.8,1964,1964,0,0,0,230532.87,0,0,0,1,0,1,9876,9540,,-0.01,-0.01,-95.6,0,0,0,1,,,,,,,,,,,
1791527545,E84EtRWM5ZhMnEZnFXSdGpLmJW9AFiAFKpYVXq6tCoBB,Taylor,37HZUBENpevrWJHyMu2xKWhkxSsL5Y1qRdyHUqTrJphg,pumpswap,1791482892,0.000001932,1958.15,1922,1922,0,0,0,182105.34,0,0,0,0,0,0,12919,11850,,,,-95.63,0,0,0,1,,,,,,,,,,,
1791527548,Jig6XK42a4ibdkRS35tKBGiNPDRGgTFU79tat38pump,PVE,B5PXeVETc241Jq1QAU8JoEe7zvynoPUbn2isfhjf98Ac,pumpswap,1791491444,0.000002636,2598.13,2561,2561,0,110.49,115.16,33222.69,0,0,1,1,1,3,171,223,,13.52,11.86,-94.24,0,1,1,1,,1791527621,0,0,1,1,1,3,117,133,100.0
1791527545,CYoPikME5EKF1wYjBdYCufunNPkLkfi9FwfF1BkYhM2x,PAIRIT,6rfkQ1AJotDDtGWvM8WvpoWBMeGMuarTUmK8cu6c7zXm,pumpswap,1791491120,0.000003496,3377.43,3365,3365,0,53.71,827.67,271948.39,0,0,0,2,6,44,2713,2283,,-4.29,-29.78,-92.71,0,1,1,1,,1791527621,0,0,0,4,6,42,1201,1155,100.0
1791527546,Epnr1ZTrDh2yiGLcwi5eRGbqLofnp4GqHzaYh93E8bQc,TIKTOK,HDQmeD8bWQFQTZ6s8KoNrD5pzvRGFG2gCJWohq59D9YA,meteoradbc,1791491268,0.00005457,,54570.97,54570.97,0,0,0,3216.08,0,0,0,0,0,0,95,67,,,,35.44,0,0,0,1,,1791527621,0,0,0,0,0,0,80,48,
1791527543,AB596JVcSH1xPHa8r1MonbjPASSujVDdiYT4RWWT6yoK,holiday,9T8RwDmVRZsRx8giTRtiGZYpXPjBhySFW95iHX5LrLv8,meteoradbc,1791491280,0.00003967,,39671.18,39671.18,0,0,0,8577.35,0,0,0,0,0,0,277,289,,,,172,0,0,0,1,,1791527621,0,0,0,0,0,0,166,150,
1791527548,T2K1haE86tEpdRvkETYBsh1wfMbF8xwoEacDK4Rpump,Anthropic,6vbWdW2tWhVWvb9uco54heCATYzko8pvHzgeUj8Pcy2X,pumpswap,1791491115,0.000001954,1969.61,1955,1955,0,0,0,59593.12,0,0,0,0,0,0,4081,5792,,,,-95.69,0,0,0,1,,1791527621,0,0,0,0,0,0,361,898,100.0
1791527541,5XHR1a82F8YRKuNzbdg1S2fwRgGmHG4Ly1JCJDyPpump,X,BsDzNdUcyFaJrfQan5ij8yabcN5WAEnuVn2T4m8rq23D,pumpswap,1791490407,0.00001938,12041.31,18120,18120,108.53,1887.74,38126.34,2808102.19,1,5,36,49,1425,1422,26601,21758,-1.43,-6.9,-44.59,-56.8,10,1,1,1,,1791527621,2,2,27,46,1169,1283,8750,7869,100.0
1791527547,G4igN5Ufkgg8vQyKVoxvQf1npNFjexxEaNC5pH3CW63N,GACHA,GsKE8RCwJ4esbjcVk37ca3JvFj6Yc4SuTZBmGTtRDNKZ,meteoradbc,1791492963,0.00002034,,20340.07,20340.07,0,0,0,9340.65,0,0,0,0,0,0,3,0,,,,531,0,0,0,1,,1791527621,0,0,0,0,0,0,2,0,
1791527540,4mbPZzDCWXvTCJbscMWeDD7TT1pra9mkZHGaBxc2jupx,JPAD,GjZUE8qMh2wv6bHa6HPJxFx3XUZCWZyxhYgfKoyEyn7R,meteoradbc,1791483090,0.00002168,,21683.63,21683.63,60.13,349.89,1675.97,46315.73,0,2,5,4,32,11,636,254,-2.51,-3.96,-4.55,261,0,1,1,1,,1791527621,0,2,1,4,29,10,224,148,
1791527548,J7coeN3BgasMgTjjYn8ZyUecnLqC3GdsU9BEV7fET2rs,PDEX,3H94R9egmP1Fx9Va1KaK2kFJsjb2QDsQGj5DZ9aEGWqM,pumpswap,1791492373,0.000002853,2819,2705,2705,0,5,13.31,97102.65,0,0,0,1,0,5,1033,852,,-0.26,-0.45,-93.73,0,1,1,1,,1791527621,0,0,0,1,0,5,656,576,100.0
1791527544,ArASSoxwdXjsw7MeBxr8rzo5tft94Xs4wyT5ukAupump,KYC,J6SUtJ5KvnGVG4GSnjr8eXbg9LoqxM6SdkiwGe7Cpei9,pumpswap,1791494209,0.000002309,2298.38,2190,2190,0,0,7.35,19868.02,0,0,0,0,0,1,243,276,,,-4.98,-94.91,0,1,1,1,,1791527621,0,0,0,0,0,1,151,187,100.0
1791527544,ATqTxZZGu52Usy9KUg4jwvZvZxaMtvyQqfUWiqD8pump,INCELS,2h23RpbgsEK9RmpawMHXcwPUfEoRov3duWBjitdJSX8a,pumpswap,1791491800,0.00004631,17881.37,44020,44020,69.76,2677.33,94201.85,427873.77,0,4,20,23,559,525,1913,1750,-2.14,31.58,-49.61,-2,0,1,1,1,,1791527621,0,2,17,21,314,256,871,758,100.0
1791527542,759x8uLX4VAUUs4abJdKUo21b4FDLPK871ukjdsgWvY2,FIX6900,7NqTp8fEqM1S9ziT5jxUV4SPcV9LCrXYxbGaYiMv9h9N,pumpfun,1791491595,0.00004426,,44267.91,44267.91,0,0,0,20388.57,0,0,0,0,0,0,213,200,,,,316,0,1,1,1,,1791527621,0,0,0,0,0,0,162,117,
1791527546,EWHUpE77cW4qP5QctYsscD8hoXArfw7bV33TTfFApump,seed,4qLVnrU8aBoeWEcm5XqTCpDya5JyqdyJUAAfKgqpZc5P,pumpfun,1791491359,0.00004231,,42311.38,42311.38,0,0,0,38791.73,0,0,0,0,0,0,188,139,,,,1260,0,1,1,1,,1791527621,0,0,0,0,0,0,176,68,100.0
1791527547,GrGkYxc568qA7wyubW4h8PeqGp8nWMYbjqM9jBGXPAgA,CHIMP,2DQzYtpgVBpAYeZro82mVDLAuQTHuMkxZf1yfC5yMnp6,meteoradbc,1791493131,0.00005429,,54298.34,54298.34,0,0,0,3907.34,0,0,0,0,0,0,100,105,,,,34.2,0,0,0,1,,1791527621,0,0,0,0,0,0,81,71,
1791527540,4CKKzQLZCPtuhKypdDv1RwSJw6pd6Y4VmZN9X4LXGqbp,degens,Gc55eQ9KAAAMXWrKkwM43m7f8FZDTusnqc87bHr7QwWt,meteoradbc,1791492981,0.00004343,,43438.86,43438.86,0,0,0,12376.88,0,0,0,0,0,0,523,531,,,,221,0,0,0,1,,1791527621,0,0,0,0,0,0,206,187,100.0
1791527545,DHRnkNihnnj9Lbjxn85qwqwkogZkqFuXupDhWkdePtR3,Simpsons,ECHLVRox1F7dLqzCdGJ1nY5jBzEMa5FmrFp8hppKWY1T,pumpswap,1791492013,0.000001978,1996.82,1969,1969,0,0,0,86147.12,0,0,0,0,0,0,11158,10739,,,,-95.65,0,0,0,1,,1791527621,0,0,0,0,0,0,372,915,100.0
1791527541,5gwEQ4JXCXVw4pHosynHPuuPzuHtBUMNGk3afAipump,PQP,Fhvshnkg6XCQSbnUq3NJUdffqUsb49uGPTawt7GSNE14,pumpswap,1791492875,0.000001960,1970.32,1961,1961,0,0,0,47204.59,0,0,0,0,0,0,4465,4191,,,,-95.69,0,0,0,1,,1791527621,0,0,0,0,0,0,3051,1525,100.0
1791527548,HwaiPaTFasm51uU4B3c8LLw8kNg3WBkSW1wXEjoqpump,SpaceX,99m92Y7p5scWDxTMaVsgj8sjGyL3TAJ4gBCYv76mt5HD,pumpswap,1791491986,0.000001965,1990.3,1956,1956,0,0,0,141760.51,0,0,0,0,0,0,20378,21698,,,,-95.67,0,0,0,1,,1791527621,0,0,0,0,0,0,448,2136,100.0
1791527541,5jpLzgbuYLRovxGNs2VxMctUdkzV6E1px36aqi9jpump,Fi,6HYdgui1U2z2x4u1ybLnVGBkGoXh49Ufva7Nd261My21,pumpswap,1791498619,0.000002735,2698.78,2571,2571,0,0.99,23.71,71672.42,0,0,0,1,0,6,1275,966,,0.68,-1.84,-93.96,0,1,1,1,,1791527609,0,0,0,1,0,6,590,624,
1791527545,CPgBvNBjmDHL6bvKDyoA8PqSgo6LUMpmk1M8yD9Gpump,Facebook,2ftaBNNtqzNKd2kMTZTQFvaf7Ck3NLNi97npQS9sASGi,pumpswap,1791496976,0.000003194,3167.17,3091,3091,0,257.53,17351.49,339952.11,0,0,1,8,2763,2551,9358,8219,,-15.49,-59.62,-93.07,100,0,1,1,,1791527609,1,1,2,8,2533,2427,6529,5943,100.0
1791527546,F5VPPwhd2ouNhMjEjsMiShS3xTLyqqouaa1au5CHpump,DEGENT,GRzXQfByr9reL7wmEFxgYH5XUhP1jrjTKHUwHfYgk4b8,pumpswap,1791497838,0.000002153,2193.81,2104,2104,0,0,0.28,127530.78,0,0,0,0,0,1,1069,989,,,-0.82,-95.46,0,1,1,1,,1791527609,0,0,0,0,0,1,587,487,100.0
1791527547,G46vAZfgL5214SEAP9oHeipDKp1PoK5TnxqGQjVpZWVM,AODF,Bd2SKNdkdU6AoGC6KJU91BXUhfh22CbXdtLj24aqUeCc,meteora,1791484174,0.001591,38537.12,1591766,1591766,0,29.11,54.09,19734.1,0,0,2,2,5,5,19,18,,,0.01,8090,0,1,0,1,DYN2,1791527609,0,0,1,1,4,2,15,7,
1791527539,2oHVgjeCzVsFQujf8tPPMNpAuMAp1smzm3SEKRUNkmMw,Trigger,3GN2EGSAeZatnX4tbjAP5pydLSCr5bfbxxToK5RyoXFi,meteoradbc,1791496978,0.00004408,,44086.58,44086.58,0,0,0,69175.72,0,0,0,0,0,0,506,590,,,,1225,0,1,1,1,,1791527609,0,0,0,0,0,0,259,177,
1791527548,ivdERh8PJC5m7mHz1b5ABLArttiE92T8bcaDAcmpump,Anthropic,CunJ9cPUH8F3uTKf2qhzqwUsdDVux72SR2V3VaJNQhf7,pumpswap,1791498536,0.000001974,1986.04,1964,1964,0,0,0,82156,0,0,0,0,0,0,8712,9252,,,,-95.7,0,0,0,1,,1791527609,0,0,0,0,0,0,336,893,100.0
1791527545,D2r7g44fk8cJk1k5oqbsrauCeWknCkW5HbNBAo6WdPjL,STONK,4b6tVRBTuXH7pe35ghKiLsfD8Hm6Q2FK5ZVDkWJ7VWMc,meteoradbc,1791498463,0.00003206,,32065.46,32065.46,0,0,0,9212.34,0,0,0,0,0,0,318,397,,,,80.79,0,0,0,1,,1791527609,0,0,0,0,0,0,167,164,
1791527547,HF5mNkMWMU7LeMFyRqAvSiftyC3CyGyfRrsPJ1KMLE36,Official,FE4p78tkG3rDpFyf4zK3uq1SnPbWcHGPs1mkNxMGi5W4,meteoradbc,1791498485,0.00004958,,49585.9,49585.9,0,0,0,1988.27,0,0,0,0,0,0,76,60,,,,6.08,0,0,0,1,,1791527609,0,0,0,0,0,0,59,39,
1791527540,4W6XUPNMBHydpViJ8YGjcKf1xTcrm4LEcFe2X9FJpump,CALI,9L764CVwofuv6nxjHzY2VC1iMKftZfjf1C2DEx5pnodY,pumpfun,1791498230,0.00004542,,45426.91,45426.91,0,0,0,41540.66,0,0,0,0,0,0,173,66,,,,1277,0,0,0,1,,1791527609,0,0,0,0,0,0,160,47,
1791527545,CZU5zSjh7d9CXNRwwhc97yjkYi2KQW9VYkLMy5zpump,SpongeBob,HmsqcWfhMxCV4VndQdaU32a96PBcGmWgZab6jKRqkd1y,pumpswap,1791498442,0.000001956,1967.8,1943,1943,0,0,0,54246.47,0,0,0,0,0,0,4140,4527,,,,-95.73,0,0,0,1,,1791527621,0,0,0,0,0,0,317,880,100.0
1791527539,12pmpeFeWYjhbzPDmwRZxCvEgiVKHnB6aGhgeNrMpump,FOMO,CxsJzgpVnNv9wuv8ALAzsVXZBqorB6XrFZ1XqqvsWzmd,pumpswap,1791498366,0.000002027,2060.62,2011,2011,0,0,27.3,178138.19,0,0,0,0,0,3,8651,5066,,,-0.53,-95.58,0,0,1,1,,1791527621,0,0,0,0,0,3,2933,1579,100.0
1791527545,EBBqWMfNjJ4vEH8TPnbK42oZTAkA1Ne2xjCWwMkXzBHv,Cap,WeisT47NkAohCEmApvFoTesPFQS4WLpddV9dBUaXdJH,pumpswap,1791498339,0.000002084,2092.33,2085,2085,0,0,0,46836.16,0,0,0,0,0,0,1382,3504,,,,-95.45,0,0,0,1,,1791527621,0,0,0,0,0,0,331,890,100.0
1791527539,129sbfEN5Cw6xRdDdcarbdbbBuKeSkxxFAcehs2umfyi,FLRSH,HokmbZoYbABv1w5sugGJSYAxgJaPAU1kGd85SDe3RXGi,meteoradbc,1791486613,0.00004364,,43643.59,43643.59,0,0,0,8728.31,0,0,0,0,0,0,49,2,,,,1058,0,1,1,1,,1791527609,0,0,0,0,0,0,38,2,
1791527545,DMMyPAGPfnBJprrCictGinzgBUzJL1t7yCgpVzTHpump,TSI,9BGsZ9Nj9sJ8uPktisqNtR8D9m6rHw5KCGQELovE6a51,pumpswap,1791499559,0.00003968,16797.88,37546,37546,243.57,2677.58,25815.35,310241.93,2,3,47,19,337,204,3629,2486,-6.44,38.29,165,-18.16,0,0,1,1,,1791527609,1,2,29,18,168,136,1312,1130,100.0
1791527547,GbXmYMpojmuYAamDrh4ffqaeegvRgU4jaaYJiaXavRDJ,SI,77SaHAyzwHdwhKNy1fzi7JoEwWyzmHrUKMqkLZTQ5pqv,pumpfun,1791498800,0.00004511,,45115.41,45115.41,0,0,0,34363.92,0,0,0,0,0,0,493,246,,,,684,0,1,1,1,,1791527609,0,0,0,0,0,0,344,151,100.0
1791527546,F4aY8X7qXpMGf64FFYiMJWJMv8HuSLMv6bgNw7fepump,MINIBATON,8KxF1PCfWkS82uarKVhrkm2cycCoooxjz7JvabmLKWSh,pumpswap,1791498998,0.000002608,2905.91,2599,2599,0,47.7,115.7,2513715.85,0,0,1,1,12,8,238837,40530,,2.9,6.98,-96.25,0,1,2,1,,1791527609,0,0,1,1,9,8,1466,1006,100.0
1791527540,3U6xLpPPzvYPsx5HVsZ6Dmoe4B6u3oNvvkv8dH3Dpump,rocketcat,44Z9Pr99Lre7WmjPe2veJRao4giXovrApauokvyqr8Qu,pumpswap,1791498926,0.000005936,4863.76,5435,5435,0,698.6,20488.56,99527.22,0,0,15,12,250,256,1177,1021,,-4.35,-47.06,-87.74,0,0,1,1,,1791527609,0,0,8,13,135,159,550,577,100.0
1791527542,8gZFDmFgHC3f86Lv9ga8DuUA2172bgit9oaPYg3zWsbH,SD,256KEbab95D6Yz8JJ6u3eU633hYXjVTMVwkMTWjv6mZq,pumpswap,1791499116,0.000002062,2073.21,1996,1996,0,0,3.96,41927.7,0,0,0,0,0,6,680,461,,,-0.95,-95.49,0,1,1,1,,1791527609,0,0,0,0,0,6,187,274,
1791527547,GD7264PdijYjqZYV11Q8ktufEBVvU6H64GLkuKT65xFa,fone,8oSWzkLhAhRyGWa3zB7CueCeTpFESuzG5vcfiKutW9L3,meteoradbc,1791500356,0.00005491,,54911.54,54911.54,0,0,0,5098.39,0,0,0,0,0,0,128,103,,,,34.99,0,0,0,1,,1791527609,0,0,0,0,0,0,111,87,
1791527543,9cmMh6X2FKcTogw83m2zUno5zdHK9gwUuZPqfw5Qqf7B,NIMORI,7U8hyyAYcnUnSbdCPA2kBn6Vk5WCkqJWqSBcCedcvR9E,meteoradbc,1791500372,0.00003280,,32801.81,32801.81,0,0,0,1610.37,0,0,0,0,0,0,32,22,,,,80.94,0,0,0,1,,1791527609,0,0,0,0,0,0,29,20,
1791527547,GVTG8k3ttu8jzQZeZx6QhvdEfzzxLhrSLEE13hPPZ6Qx,TESLASI,6Ej9BteEr3pV9iLZgsL9o7xZKAru6W1GoTV4TN2xws9j,meteoradbc,1791500354,0.00004940,,49401.29,49401.29,0,0,0,3290.11,0,0,0,0,0,0,66,43,,,,5.7,0,0,0,1,,1791527609,0,0,0,0,0,0,61,41,
1791527539,3CvupPknMrTs5SWTC5vboX9p7ikYsMxd7K9MDedbpump,Hive,EvYym15amqrQNi3URdcuSWAiRhZBMEwVv394Kiedack6,pumpfun,1791500396,0.00004133,,41336.63,41336.63,0,0,0,22032.52,0,0,0,0,0,0,128,62,,,,1235,0,1,1,1,,1791527609,0,0,0,0,0,0,107,44,
1791527543,9RwFBZLsQigqwmMGzoYDt2en3NayLyKR2a3crCY5pump,META,FMUKcsWYXSRFbpS73oBgKdkF385QJXqtocp5fPaTCTAz,pumpswap,1791500442,0.000002801,2726.13,2478,2478,0,22.3,35.69,14617.16,0,0,0,2,1,7,225,272,,-0.9,-2.24,-93.81,0,1,1,1,,1791527609,0,0,0,2,1,8,186,225,100.0
1791527540,4atWv6MjGCDPHyvutq6E4fjrcHt79pu3choAv9PAHYoa,SI Coin,4oeEFmCazgjHmsETGS1VDhtHAeHEdP44HLqXU7KkjaSH,meteoradbc,1791499464,0.00004961,,49613.02,49613.02,0,0,0,3603.49,0,0,0,0,0,0,195,169,,,,5.91,0,0,0,1,,1791527609,0,0,0,0,0,0,69,52,
1791527541,5MS2zt6GU3KU4r8qn2gZc8W2yKdtPkLVxFDRe8WJpump,ECSTACRAFT,CDpjb9iVh8ReNgBqfZSDhb3K6njT6cLuW2cAbuhVfdGX,pumpfun,1791499180,0.00004485,,44858.01,44858.01,0,0,0,9307.17,0,0,0,0,0,0,5,0,,,,1347,20,1,2,1,,1791527609,0,0,0,0,0,0,5,0,
1791527548,HWF1wFuHCuEwT8Y4danrodVRDCZTsRWeYzp5Na86DERE,Cap,DAJdHvfLPNAP2P8QRmAW1pafDvNhFwPHxy97FrNqsePQ,pumpswap,1791498985,0.000001941,1968.83,1932,1932,0,0,0.02,151255.76,0,0,0,0,0,1,22839,19211,,,-1.01,-95.76,0,0,0,1,,1791527609,0,0,0,0,0,1,346,903,100.0
1791527548,QxJnaH6CqHc3JkfjLiWZ77NwShBbWZyHUMKxP7Upump,Robinhood,91z3H7THJfwqLyGQLSZkLgb6X4p1z7ToEYsc5PzFCb9j,pumpswap,1791498247,0.000001946,1962.05,1937,1937,0,0,3.55,112043.72,0,0,0,0,1,1,15313,15395,,,0.51,-95.76,0,0,0,1,,1791527609,0,0,0,0,1,1,2474,3126,100.0
1791527546,EonLn1hVrWnsJVyncMnbPVnxoFWtv9YpL8EmsdWpump,FOMO,BcZ9tY8tLoFDLKhube4Uxz4ksiruESo5ZXTh3X7bUnpP,pumpswap,1791500282,0.000001963,1980.79,1964,1964,0,0,0,77470.6,0,0,0,0,0,0,9076,9594,,,,-95.71,0,0,0,1,,1791527609,0,0,0,0,0,0,373,909,100.0
1791527541,6fxp6A1sX41HdFdbkGeGiSPPVLGxQkXEVCRoaoDQpump,FATTY,Aup5K5VaxZTcuq2JALebAF623WYDkhwFqTSSyFLLaNK9,pumpswap,1791498827,0.000002167,2218.79,2090,2090,0,0,0,198036.82,0,0,0,0,0,0,8060,3476,,,,-95.77,0,0,0,1,,1791527609,0,0,0,0,0,0,3233,2069,100.0
1791527546,FooCz3fLixgU7u3tGBKyoU3uBsmhzJHMuKuPgMdbWsm9,BARRON,9yZyAjpLLFhDnJUBrmSEJnSDrMDJUhyMijZws5fPRa9U,pumpswap,1791499467,0.000001955,1998.26,1946,1946,0,0,0,153774.72,0,0,0,0,0,0,11950,8524,,,,-95.74,0,0,0,1,,1791527609,0,0,0,0,0,0,348,897,100.0
1791527541,6GuYrd9U4cGFzCpyVsvURzkfPgKcLonBqS68xRQspump,Google AI,9YSfAbxCp7Ct9SemZmdfwLqq6x7apPh1YekUHjtXk8Vz,pumpswap,1791499081,0.000001957,1975.7,1947,1947,0,0,0,91594.81,0,0,0,0,0,0,12908,14655,,,,-95.72,0,0,0,1,,1791527609,0,0,0,0,0,0,741,2193,100.0
1791527539,38Ezc9mbrqmpbK8za8q4KpGhqDGd3xMfXzwfCuPTpump,CATCLAP,6V6mLREN9CHQQRodyaVpWn3STpNJF6DaKegCJ7v5NjLn,pumpswap,1791498931,0.000003969,3835.82,3818,3818,0,210.46,25723.57,65053.14,0,0,0,1,151,155,417,337,,-6.85,-96.48,-93.27,30,0,1,1,,1791527596,0,1,0,2,90,130,250,232,100.0
1791527545,Cc55PUZz8VbqFLyv6UY67HTbnEi7SQRidkqXzDZgkGDD,UNICORN,FWgu6sWMVYEC1FuShcdXLx9oirTFgyykdqqFwVa9C1nh,meteoradbc,1791505580,0.00003770,,37703.67,37703.67,0,0,0,25039.3,0,0,0,0,0,0,247,200,,,,1023,0,1,1,1,,1791527596,0,0,0,0,10,5,165,71,
1791527539,2bKaJKQSzY3Nw7RQMTCGSCtKxeZYsxKeXXEt2SuXpump,INTERNET,4sxWtAuky6XA3WZZKfrSJM1SGHqq2GJrxLrQAdMeMT2E,pumpswap,1791505126,0.000002922,2829.42,2727,2727,0,6.32,24137.78,66473.81,0,0,1,2,321,364,820,831,,-0.2,-88.51,-93.23,0,1,0,1,,1791527596,0,0,1,2,173,251,369,468,100.0
1791527542,8ETj5MVyqCAjVj5iRxP2Tnpsfdtc8ggPHWovy6Eopump,TSC,BnMnZkkiV72z4axPCD68yeMdpn7oynAZLJGGPHohTuj9,pumpswap,1791504904,0.000002208,2320.99,2174,2174,0,2.25,134116.33,483445.1,0,0,0,1,2930,3492,7417,5003,,-0.93,-98.65,-98.42,30,1,2,1,,1791527596,0,0,0,1,1713,3096,3596,3584,100.0
1791527540,3svMAzxDjTZ6v5zpxWC15tddcVENJJCMvaHkNBqX2f6u,vamp,7uuY9iLgUzZej6j4HFqeVqFrHhrrQdoJU7CMut8zsGDC,meteoradbc,1791505767,0.00007263,,72633.86,72633.86,0,0,0,3748.89,0,0,0,0,0,0,75,63,,,,423,0,0,0,1,,1791527596,0,0,0,0,5,7,49,42,
1791527544,ASoWcnThRRfj652BVJyFDYfNx3P4cTZ12ejw8Rvr7eGW,vamp,7uX1LwwVckDEKVpfaT4ftaZCQn64uabG6WJVcGsNZsTH,meteoradbc,1791505693,0.00004897,,48979.7,48979.7,0,0,0,4796.72,0,0,0,0,0,0,165,173,,,,7.66,0,0,0,1,,1791527596,0,0,0,0,0,0,115,118,
1791527544,AxFKNCS5Snfs4mVbg2eFroWf2M3zH2wC6pND8Kppump,Anthropic,5S8syBU5ag2XJADBYi2vUAfqNoTU8DeiAJGrsqwhCu9s,pumpswap,1791505609,0.000001935,1950.09,1936,1936,0,0,42216.44,59764.2,0,0,0,0,6474,7249,9843,9948,,,-99.52,-95.72,0,0,0,1,,1791527596,0,0,0,0,424,999,443,1004,100.0
1791527547,H72pex1VtfY2M7v2Tfk9D9PgvCocRuFN3owCveERSa4s,vamp,5vAG7KRu7dwWpmP9xM3NjeQQCUcfHgCJnvGBvkZRJn4T,pumpswap,1791497651,0.0001261,33175.34,121413,121413,798.58,22837.81,1313827.48,2415206.22,14,9,303,266,12979,10507,22335,17741,0.75,-12.4,-61,175,0,0,1,1,,1791527596,6,9,172,211,4302,4204,6961,6145,100.0
1791527541,586XUyWLUtDV1BvUzdTT1LFJgGZuZLLXtJezYcsQpump,FOMO,9jnU4FzgpVvmbRks8PacuKUBsaiPn6CLSU9StdhXdD6C,pumpswap,1791505580,0.000003255,3099.95,3256,3256,0,0,35574.3,63139.7,0,0,0,0,1245,3109,3104,4850,,,-99.33,-92.8,0,0,0,1,,1791527596,0,0,0,0,336,2081,398,2095,100.0
1791527545,DWZ4SmQGzcmpEntCfA8HVSZDw3ngdiYdCunzKUgqxiXU,COIN,5eJcJ9YiDNbeXikr9DNnCjdYMUEWMKwDmk1BkzjG7wJQ,pumpswap,1791503367,0.01098,0,10985869,10985869,0,288935.45,21470170.28,26629983.5,0,0,2987,188,34986,13096,41079,16287,,5438,18760,104752,0,0,0,1,,1791527596,0,0,1832,5,2004,26,2019,32,0.00000000109556325877729
1791527543,A28g8B2K7yPPKX2ciD3toWxgPdKuFtqqtWdTXKHjpump,NVIDIA,1g8vUdtkLS8jyrXS1maofuUdjiWwAAX3ERA8dMgQg1B,pumpswap,1791505310,0.000001969,1987.44,1960,1960,0,0,57663.85,87975.68,0,0,0,0,3867,4555,7779,7710,,,-99.66,-95.65,0,0,0,1,,1791527609,0,0,0,0,1270,2045,1334,2061,100.0
1791527545,D8W5KW4EM7iUCtcxx23HsiaRMAnK58McEvCo37Sdpump,BUNKER,8xTv6H8Zdv31GTEazg2RdBqZEyDJf7PpHRLViHNPWpJA,pumpswap,1791504972,0.000001971,1997.37,1972,1972,0,0,86537.89,133830.1,0,0,0,0,5169,6935,8624,10255,,,-99.7,-95.67,0,0,0,1,,1791527609,0,0,0,0,396,2192,445,2223,100.0
1791527541,69okNLgixyKsS6AhWeQTPMMqpAMeCYjgw97fET84McJW,Eve,Avs55eYSLQdy4pEegTQHveXX9Ad5ZiAoUauXY3NSCA64,pumpswap,1791525581,0.00004798,17512.5,47987,47987,161.62,72172.76,72172.76,72172.76,7,7,726,617,726,617,726,617,-4.04,2.58,2.58,2.58,0,1,1,1,,1791527596,5,3,438,377,438,377,438,377,100.0
1791527548,SA2E2ZmAfNECcJFmK7YoRzuvNCYaEqeUgph7CzKpump,COMMODITIES,9YEEFvfNpf5ynKbJRdFqc1wAziLnD1CuD99S848Qb92C,pumpfun,1791506913,0.00004129,,41290.12,41290.12,0,0,34019.57,34019.57,0,0,0,0,211,174,211,174,,,1228,1228,0,1,1,1,,1791527596,0,0,0,0,153,106,153,106,100.0
1791527539,2XsZiExYUiwPvsTYoqSqpuN8Vw3nstWWKbhh4bC5pump,Gemini,HsaxEHrL1v1FjQjt2f4N1JVBb5hUKUQzgQ4u1njUb7Fz,pumpswap,1791507609,0.000002001,2029.49,2002,2002,0,0,45713.98,45713.98,0,0,0,0,309,332,309,332,,,-95.6,-95.6,0,0,0,1,,1791527596,0,0,0,0,181,174,181,174,100.0
1791527543,93Tz1WYxcEbxQhJ3uWyUBoryDwUpseWn2xMBn4vag3Ah,UNICORN,JD2v5pVtRSKeBQvpTbfKYyjDBqyAoZ9dnNhNWF5r4zae,meteoradbc,1791507582,0.00005765,,57651.12,57651.12,0,0,2340.83,2340.83,0,0,0,0,70,60,70,60,,,52.19,52.19,0,0,0,1,,1791527596,0,0,0,0,59,41,59,41,
1791527545,Ccy6m5P6FitRn9cUseWusvYaqRRjoTFcfbw1AT6nCwNA,TariffsDon,2PJGFcoHBj2sYgea8sPo2HA3dx3jWcXfuPx1Wxhw2csR,pumpswap,1791506895,0.000001934,1950.8,1934,1934,0,0,92494.83,92494.83,0,0,0,0,7446,7030,7446,7030,,,-95.74,-95.74,0,0,0,1,,1791527596,0,0,0,0,643,1178,643,1178,100.0
1791527544,BHtb53TLXzYcYgXkSmuyqFwegfejXYg2KXzALFCCT7nb,OP_CAT,FBdp7HKS89NtuTVkpa3cHZQDNP8jMMMs951nNeNhc4DY,pumpswap,1791504931,0.0001247,32226.06,121714,121714,1902.29,15027.62,365947.86,1324639.07,16,12,100,122,3450,2876,9159,7494,6.03,36.03,-43.78,159,0,0,1,1,,1791527596,6,15,67,83,1246,1392,3022,2597,100.0
1791527540,4iJqY3YvKevN2n28C6AtDXvkLmyEhTrViHRqLGP7pump,vampinu,BciqRpWJsqrXrJYns8dUYBTmjqdT3Q1KeBzxL1oTnu4A,pumpswap,1791504799,0.00001876,5072.28,18270,18270,0.21,361.16,43570.72,55977.07,1,0,11,8,788,680,998,789,-11.77,2.76,-79.54,-53.26,30,0,1,1,,1791527584,,,,,,,,,
1791527542,7f9MFekFkawZ3V4itofsryT7UnHdEWqjMM7RmrJvpump,CWH,7CYABWDb4zusbZDK7rjHVAjKHFRBFtT1ZbUigv4sngaq,pumpswap,1791505523,0.00008559,24827.22,82474,82474,336.85,3568.05,193283.06,226672.07,1,5,35,43,1639,1219,1908,1466,3.86,3.02,19.91,94.13,0,0,2,1,,1791527584,,,,,,,,,100.0
1791527542,83wT8zUV6hhwmbDRwqPAxdTDYCyERPa4ZZvXK88rpump,REX,RYCXP4VLYtcibE4LeXWxE2t1fFdcARzK6UxiBRzdkYq,pumpswap,1791518606,0.00003628,14969.86,34570,34570,566.51,7624.36,44390.49,44390.49,0,4,58,56,406,354,406,354,-10.59,11.07,-24.75,-24.75,0,1,1,1,,1791527584,,,,,,,,,100.0
1791527541,67qVGzBdJrKZJJMEdwypdwkdFw1UDzxFZ6dQuubypump,Youtube,5fJEwXSP4pp8xoWqdbDKgj66eZBs2DuyGxUABxoAaMRN,pumpswap,1791507386,0.000002131,2277.75,2102,2102,0,0.01,712701.47,712701.47,0,0,0,1,13902,9359,13902,9359,,-0.73,-98.48,-98.48,0,1,1,1,,1791527584,0,0,0,1,2896,2876,2896,2876,100.0
1791527546,EkJECbJW3FDBr5beYm2Ssc6ZkoVTPJvnXpTZThAFoeCQ,HI,FYUnyMAu133y83rogj9APQK1VUz9GsAPQc8jySnHmAGz,pumpswap,1791396687,0.00001450,8953.07,13061,13061,0,219.39,77161.04,81898.05,0,0,3,4,677,561,713,617,,-4.27,74.7,3.56,0,0,1,1,,1791527596,0,0,3,5,358,302,375,338,100.0
1791527541,5wbai12Si2BiwD8NDdiNFrBhQd1pA72q2ce2fbjopump,LOCKINU,7DsXMnxhUknUxMxbZzEKV9YuEUJ2ocHUkHLv2XEUxd11,pumpswap,1791507875,0.00006938,21726.69,65575,65575,23.26,1397.78,128855.7,128855.7,3,2,23,33,1134,951,1134,951,2.44,-0.1,64.72,64.72,0,0,1,1,,1791527596,,,,,,,,,100.0
1791527545,Dh5cM7VhjjpphWcAgSpwk3jzhrvc7fQXgcXbPgLYaMDJ,PUMPINU,CCaqJFz9trpizZCxyxCiKexKgaNRDqUrM2Zewkqqzvd1,meteoradbc,1791509361,0.00004263,,42635.55,42635.55,0,0,18864.04,18864.04,0,0,0,0,507,543,507,543,,,104,104,0,0,0,1,,1791527596,0,0,0,0,211,205,211,205,
1791527547,GgwZ93o2xHSpucPS2tfQeeu78Tbtb25srJCXGVNj2Xw6,PUMPINU,5cJVW9hJtaH87Wv14X1o1igJck8J4TmJUhy3QzTDkR8N,meteoradbc,1791509132,0.00004220,,42201.48,42201.48,0,0,16380.98,16380.98,0,0,0,0,629,659,629,659,,,214,214,0,0,0,1,,1791527596,0,0,0,0,219,220,219,220,100.0
1791527540,4At7e5owcjguMyeYCjsyG9U6urLpwHqTQgmai2jXpump,FI,BK3N1VgK6WEfyoajB3PBAZ2LApeNWGz9PbWR96GdRwYM,pumpswap,1791509489,0.0001471,33411.39,137623,137623,3481.9,36731.61,578305.36,578305.36,16,19,273,215,4544,3593,4544,3593,-19.46,151,252,252,0,1,1,1,,1791527596,6,10,167,156,1696,1493,1696,1493,
1791527545,CMoUXp6PHQbZyU3p1NM6jRn3quZStT17KW6RbcGMXptu,vamp,1QrBv3TpeZxVTxtWcuhQ2h5LY7Y6hF7CXEbGu2eTfjG,meteoradbc,1791509361,0.00004707,,47078.77,47078.77,0,0,5482.18,5482.18,0,0,0,0,177,203,177,203,,,16.9,16.9,0,0,0,1,,1791527596,0,0,0,0,125,114,125,114,
1791527546,FijfpyCWvFHVXFjiySgTVWmR36bZeXn5t1bR2xbgKGkR,MIKITA,93KCwdYL79Rk2aEmfCUZydbonmxNsmZ3fwBQYyvbhX8S,meteoradbc,1791509332,0.00003168,,31685.9,31685.9,0,0,13169.68,13169.68,0,0,0,0,462,533,462,533,,,80.3,80.3,0,0,0,1,,1791527596,0,0,0,0,183,178,183,178,100.0
1791527545,DD3t8GP5F6f7WtcP2sfNy9TY7JGxfb9pSGCHafWupump,OP_INU,7BUbZ1Dr8ioS1dfwYXGUTq8w8MVBe2RaLaTtQjKsbJ6r,pumpswap,1791508752,0.000002197,2345.2,2171,2171,0,0,711850.84,711850.84,0,0,0,0,15022,9281,15022,9281,,,-98.7,-98.7,50,1,2,1,,1791527596,0,0,0,0,4911,4881,4911,4881,100.0
1791527541,6TehsFtv7jbKHvqbhtihdBi5P9QYpC6G1rFCNsQepump,NVIDIA,XZdo2asvaQuipPJBZNbMXnxHm5bXvHJupXzm6vc2e7r,pumpswap,1791508332,0.000001931,1945.54,1932,1932,0,0,82867.51,82867.51,0,0,0,0,10179,9684,10179,9684,,,-95.74,-95.74,0,0,0,1,,1791527596,0,0,0,0,2461,2904,2461,2904,100.0
1791527545,DEZ8t15WgTFrEdnbRdr58kGUUYqGfgLE6UVyrAUY5wTw,TariffsDon,G41XrNDbRTPiEz7V1VzayHfAosx7VndLLfdAuwbpwuKy,pumpswap,1791508392,0.000001944,1964.68,1944,1944,0,0,102870.51,102870.51,0,0,0,0,9764,8088,9764,8088,,,-95.71,-95.71,0,0,0,1,,1791527596,0,0,0,0,345,898,345,898,100.0
1791527547,GypprCcnnMWQoRLRj81sGscq2RSqs1KBdoMWwsZGpump,FOMO,9n5bjoyWMkFkqfck8DxSha6n3TDsYTzvdW8LNProeV5e,pumpswap,1791507921,0.000001972,1994.23,1963,1963,0,0,117822.57,117822.57,0,0,0,0,12460,13882,12460,13882,,,-95.65,-95.65,0,0,0,1,,1791527596,0,0,0,0,420,2125,420,2125,100.0
1791527540,4SUKkuUgn1ucyo8f6kC4keuuhy39S2pnxcj1zCtUCe8S,X,41vLnP19Kpj9Ngb3nHnuapwyywiBZ2GK99SH8j7TbKWC,pumpswap,1791508045,0.000001939,1968.98,1930,1930,0,0,164457.42,164457.42,0,0,0,0,31557,25557,31557,25557,,,-95.73,-95.73,0,0,0,1,,1791527596,0,0,0,0,369,493,369,493,100.0
1791527541,5QN9MeREBVLhtauAfs4Gu8ofQ9NUxpRJwa7GgRyYpump,Apple,7NJfYkUSdRqcCeG4YSVMiBcufT71ndQpQtMrxTuTNgqT,pumpswap,1791508880,0.000001960,1985.81,1952,1952,0,0,131182.78,131182.78,0,0,0,0,8091,9792,8091,9792,,,-95.66,-95.66,0,0,0,1,,1791527596,0,0,0,0,451,2227,451,2227,100.0
1791527548,myEHFhkjb6UkKNC8aFYYG3XBYsFd4zCg46GpYsCpump,Meta,5f6UZC4Aap1QJ9kfQwoRziQNkYh4HVP4VkA7bW1pBdPs,pumpswap,1791508944,0.000001948,1968.56,1948,1948,0,0,89481.66,89481.66,0,0,0,0,8873,8891,8873,8891,,,-95.69,-95.69,0,0,0,1,,1791527596,0,0,0,0,356,900,356,900,100.0
1791527542,7sgVRpjXhLzUpkah9gAHeb6NLZLTAUAetFSYZUcCpump,Official,58rDnwsSQ8vfqe8AbqcBDqWhmAkh2xqZdHjFnBKx4Q3P,pumpswap,1791497921,0.00001387,8860.76,13595,13595,48.96,241.1,12703.49,393000.08,1,0,4,12,167,170,4725,3495,2.17,8.03,17.02,-66.47,0,0,1,1,,1791527584,0,2,2,13,100,137,1698,1588,100.0
1791527545,DNtZMNDZ65hAJbJXRiP9NnV98ZTrwLTEJZ78fWKCpump,CatTok,EVt1zLevdLQZKzNpYhw4cxAjArsKnncn8numzwMBgPAg,pumpswap,1791490840,0.0001344,31132.1,132171,132171,37027.66,181583.33,455949.39,537201.9,280,67,1654,242,6369,1132,7440,1358,4.61,-63.14,2.23,67.4,0,1,2,1,,1791527584,164,51,1396,123,5542,647,6480,787,100.0
1791527545,DQpmkWRMetuPVaioD4GYxsDsdm9VLWohWuMW85Dqpump,kumo,2GpDg6HaKpHBGFBDPY8ocqktLaPTvNKqwr317wTFAs3f,pumpswap,1791509622,0.00009880,27151.2,95175,95175,3252.16,150118.46,549398.98,549398.98,18,25,1027,876,5655,4491,5655,4491,9.42,59.41,133,133,0,1,1,1,,1791527584,13,18,571,489,2256,1942,2256,1942,100.0
1791527543,9XF7h7vy469ufzky9Wt4LpU1TxW8VmVxwu3i6vVfpump,VAMPSEM,6C9jr1DbHQVzndzmUQeQpfb61Y9ia361MkbNmMWdburW,pumpswap,1791509425,0.000001518,1314.84,1445,1445,0,2.64,28227.19,28227.19,0,0,0,1,889,770,889,770,,-2.7,-95.96,-95.96,0,0,0,1,,1791527584,,,,,,,,,
1791527543,9bvuMWQt64eJ5whDPsjwH8q6P1PwaYPnNqj5cihCpump,Attention,FcSeXyN4QRxti3uzkwZ5RKSeY9HZM8bdcBanmXft2j5,pumpswap,1791506099,0.000005564,5002.17,5397,5397,95.74,2605.08,393551.58,393551.58,0,2,24,19,3824,3070,3824,3070,-6.99,32.26,-87.62,-87.62,0,0,1,1,,1791527584,,,,,,,,,100.0
1791527545,DnvVYnFBD1K6obMcHcKbBBj8aqq47UcFuvLk4YXEUxJd,SI276,5qK8YJL3fukKwqBML68K6u2zVvASvLuFCLiTtGLQ3a9q,meteoradbc,1791511130,0.00005420,,54209,54209,0,0,3456.99,3456.99,0,0,0,0,118,118,118,118,,,34.51,34.51,0,0,0,1,,1791527584,0,0,0,0,98,71,98,71,
1791527548,J7edd57YhWZwCnAf7Sn61PfZUE4Na423qkNRF6QND8zu,OG,8hUM8GdnmVUrTp3tXA5jB8R5Y97fzJ3aEVuog8cchZmo,meteoradbc,1791511185,0.00004210,,42105.18,42105.18,0,0,24649.83,24649.83,0,0,0,0,2318,2331,2318,2331,,,176,176,0,0,0,1,,1791527584,0,0,0,0,223,220,223,220,
1791527540,4BCyeFuXvHMmqfRAEVPX7ZSkngoMeLCKHRq4Aye2yDGn,botpfp,CVesnAT9b8S9tN78VM8WM8iirSTSGLKKRHRyJCEoGmcp,pumpswap,1791511146,0.00005989,20756.43,57906,57906,1477.63,16203.44,493863.31,493863.31,25,7,126,127,5669,4411,5669,4411,21.16,-13.57,39.1,39.1,0,0,0,1,,1791527584,16,6,96,76,2276,1926,2276,1926,
1791527541,5UDKXYRAGwXTPhMqqY2NnRk297wNtU5CUSWYHQUxpump,Gemini,785K6tc3VF2gaLwrgo7bzr2gP42uc8gyC7i4M79587G3,pumpswap,1791508820,0.000001955,1980.72,1945,1945,0,0,143874.7,143874.7,0,0,0,0,20466,21680,20466,21680,,,-95.68,-95.68,0,0,0,1,,1791527584,0,0,0,0,488,2182,488,2182,100.0
1791527545,DhZhqznaP7dSbcoFcUSPXQonWZ1nEwVpt2sxQmxL8oox,Van Cleef,Bwsr8UoTVF57348RyNTsBMzAaiAgLxPvtCva6n3LKiLn,pumpswap,1791510864,0.000001971,1990.27,1971,1971,0,0,68227.21,68227.21,0,0,0,0,3867,4639,3867,4639,,,-95.66,-95.66,0,0,0,1,,1791527584,0,0,0,0,534,1012,534,1012,100.0
1791527542,6xqSKsRtE4cLrzdHNkPMvB1spnqjJNCfjZ6Gtsmqpump,Mickey,APw9iuVMCfam131yvfAT4L8KF8c4Q9G5YpoUAvNXFMK,pumpswap,1791510836,0.000001990,2055.71,1991,1991,0,0,86723.93,86723.93,0,0,0,0,5180,5220,5180,5220,,,-95.62,-95.62,0,0,0,1,,1791527584,0,0,0,0,425,421,425,421,100.0
1791527541,668AegUzU1ktKp78QZW2ZwCiy6cCQg1RaW7jWsjHpump,GOLD,2UoJWH7zRoA63jSA6rFg1Uf2sWQHEfhECazJNMdAxoPJ,pumpswap,1791510971,0.000002373,2402.79,2291,2291,0,17.34,77110.69,77110.69,0,0,2,3,893,1999,893,1999,,-0.53,-94.73,-94.73,0,1,1,1,,1791527584,0,0,2,3,539,489,539,489,100.0
1791527539,3GQJy3U9TheDxtMcvD6VSuPCBBwM53wokBaVfw4S2VKV,RexTang,8xNXTCSxAYPRxsHC5TBdfFz4HC629R2CyCTK66EaRSRh,meteoradbc,1791512981,0.00005624,,56246.5,56246.5,0,0,1316.25,1316.25,0,0,0,0,19,2,19,2,,,303,303,0,0,0,1,,1791527584,0,0,0,0,13,1,13,1,
1791527539,2uiSWkqnGGRMA9DS1TM3eCtymBwZMhwG2E1xRjcRkpkj,SI276,CzuoVQS6sNP7pC1AjmsR7kjoxnggxhWxgTJCkWE1G1TW,meteoradbc,1791512999,0.00004849,,48491.22,48491.22,0,0,4697.09,4697.09,0,0,0,0,129,142,129,142,,,20.05,20.05,0,0,0,1,,1791527584,0,0,0,0,90,83,90,83,
1791527547,GKc39iAnvJCYot1XBK9gJ8XH7zXD8NUpKM86KHDdJ57v,RexTang,9jrmRy4mbvXLvXpccyBge6pfuZhY1fCwsE9rSH79HJk4,meteoradbc,1791512997,0.00006506,,65066.94,65066.94,0,0,7305.39,7305.39,0,0,0,0,288,310,288,310,,,366,366,0,0,0,1,,1791527584,0,0,0,0,157,155,157,155,
1791527541,5YfBLGhU7k5YDcfMUjNmftv7crbZCHoh2shScZVXnbKo,BNKR,CsyrjLfQToSe5srcM825Bjs4UoghM1uVvPXe845TPu5D,pumpswap,1791512958,0.0001985,41297.44,192162,192162,5741.18,100073.08,1390538.32,1390538.32,58,58,837,612,11599,8434,11599,8434,39.77,11.1,362,362,0,1,1,1,,1791527584,40,41,464,410,4212,3279,4212,3279,100.0
1791527543,94hKhCS5hNEEvRXQ2Z236perbWMuxkaag7KqwbnRM1o8,BARRON,H5BACZZu2yGEwWDWUAtYQz18ibZs89zm2e9DCNJXT88y,pumpswap,1791512026,0.000001952,1976.97,1952,1952,0,0,105786.14,105786.14,0,0,0,0,8171,5723,8171,5723,,,-95.72,-95.72,0,0,0,1,,1791527584,0,0,0,0,455,967,455,967,100.0
1791527548,cQ2L3t5KTiF2rcgoKT7w3g8evgT4pE54YzkfFRfpump,Anthropic,CmnPPkbkU5kggseFPXoCFMQ8YfSpQi3BBTm7yPgX5CnL,pumpswap,1791512143,0.000001963,1988.11,1954,1954,0,0,129605.43,129605.43,0,0,0,0,15251,13541,15251,13541,,,-95.69,-95.69,0,0,0,1,,1791527584,0,0,0,0,386,937,386,937,100.0
1791527544,B3cd3KbDuC86VH4Y2YQy526UfLtojpcgKoc2KG1Epump,FOMO,E5aG6MroVFLPUiEg4Z5KXbVFK6YfwCdfo9uWTNgWDooa,pumpswap,1791512085,0.000001966,1990.95,1957,1957,0,0,128712.91,128712.91,0,0,0,0,11971,13227,11971,13227,,,-95.69,-95.69,0,0,0,1,,1791527584,0,0,0,0,437,2132,437,2132,100.0
1791527542,7wJ3Dpk9VVsKnigeXVUpcUCqJvRW3VB2DviWCRM5pump,ANSEM,4WmjcuWER2YtzfLBRszrozySWQuTt2aKvSBPE9hfRdpx,pumpswap,1791512816,0.000001953,1972.85,1953,1953,0,0,91449.22,91449.22,0,0,0,0,6673,8430,6673,8430,,,-95.71,-95.71,0,0,0,1,,1791527584,0,0,0,0,424,2209,424,2209,100.0
1791527545,DqLvWYHx1EJpQhD9tuLp6fATW6mhdymGjdtZZXT9pump,dorime ,7tTstE2vgZsxk7qrZqqm7EoutgZrN2SaczhvdPR9au2h,pumpswap,1791514741,0.000002756,2721.9,2579,2579,0,4.61,25697.66,25697.66,0,0,0,2,371,330,371,330,,-0.74,-94.7,-94.7,0,1,2,1,,1791527584,,,,,,,,,100.0
1791527543,9RCHfPM3JzAjvEzF2xVo9WhN9rcxjgCQLgjFwcJbdVgb,HeeHaw,AEQbZm2WwyCdHpKLvvcaZgUoJB6MMksVmx86bL6YgZq8,meteoradbc,1791514740,0.00005446,,54465.33,54465.33,0,0,4759.06,4759.06,0,0,0,0,143,154,143,154,,,34.02,34.02,0,0,0,1,,1791527584,0,0,0,0,110,83,110,83,100.0
1791527547,GfenDVYgLKEFv51uRTsgpfntc5jeqAWdxi1UYxRpump,FOMO,7WwzEqhSzeAJR1mf3fXTtcociEhHEhGGbegnVS1bZc3p,pumpswap,1791514806,0.000002010,2019.94,2010,2010,0,0,47191.24,47191.24,0,0,0,0,2429,4293,2429,4293,,,-95.62,-95.62,0,0,0,1,,1791527584,0,0,0,0,338,886,338,886,100.0
1791527548,UNoLCC1pPoQvMwwdp2euzgKn6LX2ZGAiVSkQHcaM9x1,CatTok,ZifZ3YpenANEXuUdT2KPkUYRe6rCvvjwd4voKpRoupX,meteoradbc,1791514806,0.00004952,,49528.99,49528.99,0,0,6755.7,6755.7,0,0,0,0,246,243,246,243,,,21.95,21.95,0,0,0,1,,1791527584,0,0,0,0,150,129,150,129,
1791527542,7gcuw1sgEzHZYL64DERs61cPBaWavuhRhg41yLmEpump,MEMESTONK,FQZF7eM2rfsMUMPZU71CZa42VwADa9LuNeboeGHBgM4G,pumpfun,1791514816,0.00004529,,45291.32,45291.32,0,0,37673.4,37673.4,0,0,0,0,134,83,134,83,,,1274,1274,0,0,0,1,,1791527584,0,0,0,0,128,49,128,49,
1791527545,E7cw2vycqvtGcwB2W7WGPZeLHPVHAJqckyqXzHC5pump,Gemini,BosCsj7uZgSBfCrbCfENdkJMtaP6wj2ATu4NyPjUdqGA,pumpswap,1791513054,0.000002053,2088.04,2042,2042,0,0,207587.72,207587.72,0,0,0,0,33728,34665,33728,34665,,,-95.49,-95.49,0,0,0,1,,1791527584,0,0,0,0,484,2192,484,2192,100.0
1791527543,9nrPM6kGijkrPn6CAeWHZbRrvVKq5gmxQPdC4zMVpump,berry,CoUjp4odLVi9PRHN4iGDmyUn755xSVZhYyPgkyCT7o9r,pumpswap,1791518003,0.000002935,2887.8,2787,2787,0.06,566.87,152281.92,152281.92,0,1,5,8,1632,1380,1632,1380,-0.46,-2.02,-93.54,-93.54,0,1,1,1,,1791527572,0,1,5,8,780,699,780,699,100.0
1791527544,BjDqeXf3K6qLidvdhZeJUj3QQ93bndcYT1bs58SUpump,BUNKER,A9vrD9wVQxKWB2vD4BiKML6WGLxbFxskW5f3TBKTX6jz,pumpfun,1791514066,0.00002667,,26670.67,26670.67,137.71,11269.31,79736.05,79736.05,3,2,138,94,784,687,784,687,5.11,32.53,688,688,0,1,1,1,,1791527572,0,1,63,59,377,318,377,318,100.0
1791527545,DsgtDh4kgo5BZjaeC8b8DRir9eHFpbDdwB8aioyDpump,OctoBul,4e1knnNC2g7gnRSC4x7W85HsgA1QY7bShbq6vUWhEa68,pumpswap,1791515657,0.0003157,53411.54,304974,304974,69434.88,742026.8,2335716.8,2335716.8,236,109,2870,1389,14829,9551,14829,9551,-16.54,94.45,598,598,50,1,1,1,,1791527572,78,56,365,310,2878,2684,2878,2684,
1791527547,G1RFRUMkovgJDdgymzXhxV9kVj5vznFtop7ojC54pump,LUNA,3wZwaKfX1HUJMBBQfNFKoYTZAQCWgptkMzQNmSfTN5cr,pumpswap,1791516913,0.00006846,21943.53,65447,65447,519.77,33267.96,435579.66,435579.66,6,7,327,237,4003,3206,4003,3206,-4.04,-7.27,53.39,53.39,0,1,1,1,,1791527572,14,9,178,169,1692,1454,1692,1454,100.0
1791527548,k3TjSYCXLPMZBajZGNhAG3ccuE7L3PYMdPFifZqpump,FRENCHCAT,FaTQVzpSYCRYTqazsE5upSBeXcjkRzHMhnu76iVZcQ4h,pumpfun,1791514944,0.00004529,,45291.32,45291.32,0,0,8825.79,8825.79,0,0,0,0,6,0,6,0,,,1369,1369,0,1,2,1,,1791527572,0,0,0,0,1,0,1,0,
1791527541,6WCtKQfkWurd77tCCAYWuL5TwyAvuovTzworfnfupump,SUB-01,4gAj3MmDM2yk41frM7twYTUazwVsUzhjH9ZNdW81qSpp,pumpswap,1791504654,0.00002272,12029.3,22280,22280,76.12,3482.25,182856.81,538216,1,4,70,63,1862,1553,4764,4021,-2.55,9.46,-80,-47.16,10,3,1,1,,1791527572,0,2,38,44,719,788,1842,1641,100.0
1791527545,DdNrqt5yaWmxMf9DcvZfbwJTvaRxMhV6F4LtdF8geMrM,ore,8HKQnnHrNG5pscMUY7qCupnGWVHUkEGVwRxxHJJ1BhMk,meteoradbc,1791516570,0.00003026,,30260.42,30260.42,0,0,14440.31,14440.31,0,0,0,0,586,569,586,569,,,77.24,77.24,0,0,0,1,,1791527572,0,0,0,0,196,195,196,195,100.0
1791527548,L8JDPacXJMh6NAhTniCyM5UMnJCMj617y9GZ7NGzuoY,TikTok,AvCBYX6GmE7kqieMSinR1YW6KF4pfbdG98CBmrUVaU2P,orca,1791516577,0.0002909,1163875.9,290968975,290968975,0,0,1.99,1.99,0,0,0,0,1,1,1,1,,,-0.02,-0.02,0,0,0,1,wp,1791527572,0,0,0,0,1,1,1,1,0.0
1791527542,7UQQTdWCTbiBdQzXD9gh5sWmyZtHAHJAQbwi7n49fsBe,minicraft,AeX8CCT3g2z8McA5XicETMm4bKwTJ3WX9qZ3WvdXCvkR,meteoradbc,1791516621,0.00002884,,28849.13,28849.13,0,0,8512.25,8512.25,0,0,0,0,254,298,254,298,,,65.98,65.98,0,0,0,1,,1791527572,0,0,0,0,143,179,143,179,100.0
1791527547,GXaGYvgWufVBZ1DTibpoxpd2CTiXryZ5TebkckB5pump,TikTok,4GwwnEgvr2tsrq7YptBQkwBUm15CkGjtikYAgyRYhuhb,pumpswap,1791515199,0.000002000,2038.67,1992,1992,0,0,236963.18,236963.18,0,0,0,0,27833,20413,27833,20413,,,-95.62,-95.62,0,0,0,1,,1791527572,0,0,0,0,2186,2144,2186,2144,100.0
1791527548,HU2yCoDC1s9xpT5sbeGnvzidzYtef1AGhjLLAVeyHFYL,MetaMask,HyjkgWhoqa8XgR8LyehA8oSKpnXgTHty79twhmNdpopC,pumpswap,1791516425,0.000001956,1972.92,1957,1957,0,0,71737.18,71737.18,0,0,0,0,5902,6801,5902,6801,,,-95.73,-95.73,0,0,0,1,,1791527572,0,0,0,0,358,897,358,897,100.0
1791527548,MGCcKQyHeFf7uXpYRB52eSYRzKz7uUoNruEUxY4pump,FOMO,6qvZQTASdmYA3LHixHZmWmpYZF1mgNTqZoiNqFSu7XXZ,pumpswap,1791514782,0.000001977,2013.95,1969,1969,0,0,217198.67,217198.67,0,0,0,0,24536,25100,24536,25100,,,-95.69,-95.69,0,0,0,1,,1791527572,0,0,0,0,498,1259,498,1259,100.0
1791527545,C9hY38YF9iGRkx4haxEAeVnyDpBvFWwNP1wqP9uWpump,SHNICK,AxpbDQASLMmqFkF7EmLzCVG4zYFNwq7CRPFbjPGaj7Jm,pumpswap,1791517771,0.00001542,9012.18,14618,14618,35.75,2503.12,47031.56,47031.56,1,1,45,29,596,587,596,587,-2.44,-36.52,-65.33,-65.33,0,0,2,1,,1791527572,1,1,31,25,305,329,305,329,100.0
1791527543,8riZ4yKezPVNhjqh9UprgwV9kEnKEdMrnRCzyHQ5pump,Restoria,3UjALbQRo4cw1gdNP2ipGkgZPkqz7zwCWL2VCTTJx4So,pumpswap,1791520608,0.000002368,2354.2,2287,2287,0,94.48,12522.99,12522.99,0,0,0,4,157,193,157,193,,-8.86,-94.81,-94.81,20,1,1,1,,1791527572,0,0,0,5,126,155,126,155,100.0
1791527543,A9MpoGhiJXjRS6zfrSAAenKP2Nr13QoFY4t8KQa8Zpgp,FI,FRZnCboZWnmTsjwej9UtxwBmNXmoExyjRSpWvMwg18Sc,meteoradbc,1791518215,0.00004082,,40828.37,40828.37,0,0,10011.12,10011.12,0,0,0,0,256,284,256,284,,,200,200,0,0,0,1,,1791527572,0,0,0,0,112,125,112,125,100.0
1791527540,3W93TFnfAmpBbgGKJ2A1UpAd3fuE2HPT1C4FkvhZpump,LaMisery,4njJ61WkhzfYRMndhLHhrarDoEVKzCkiNj6DMdqwZSgH,pumpfun,1791518274,0.00003192,,31929.11,31929.11,0,0,685.58,685.58,0,0,0,0,19,14,19,14,,,902,902,0,0,0,1,,1791527572,0,0,0,0,3,3,3,3,100.0
1791527542,6sk2a373c34P5Sd9HZreVChAw7EWQsXfDoEHEXSxP2ut,PONS,9DLjZUMYNos7VV4HRPQVo4iWGq5JmL5tdtcKdNFFEWCe,meteoradbc,1791518408,0.00005461,,54613.21,54613.21,0,0,11759.14,11759.14,0,0,0,0,405,410,405,410,,,34.05,34.05,0,0,0,1,,1791527572,0,0,0,0,136,125,136,125,100.0
1791527543,ACCKYtFouSXwR3FdbfHP32jxjmagYCE3wgZhmmrWLLCq,BUNDLED,68KD8UxhVxG9jHF4UfKnq4kwQYfmhHFmvmnEqMuWpzFE,meteoradbc,1791518213,0.00003032,,30328.88,30328.88,0,0,25538.19,25538.19,0,0,0,0,594,776,594,776,,,72.48,72.48,0,0,0,1,,1791527572,0,0,0,0,204,212,204,212,100.0
1791527541,5Qi1mdpiQehLEqTJBXBLzsX134zndngLZmi1T93pump,Anthropic,EHpmvsHFSppCax66sGMk5vkgD7vfjBo6Dc68wnLNFapB,pumpswap,1791518100,0.0006955,71664.71,691881,691881,582.81,9014.37,44073.63,44073.63,11,8,179,122,5486,4034,5486,4034,1.15,15.25,1420,1420,0,0,0,1,,1791527572,6,3,11,11,347,334,347,334,100.0
1791527540,4c2uaW78DV638gj4g4eugtXAE3aFv83uVJEt6qvVZoap,HeeHaw,HyRRUzWx8V7MKuJE2wr47kBG8ZpBckRL1aDq7mbkZbDm,pumpswap,1791516906,0.00006046,0,60469,60469,0,8785.63,3353553.54,3353553.54,0,0,15,14,8437,6121,8437,6121,,2.43,526,526,0,0,0,1,,1791527572,0,0,54,53,2100,101,2100,101,0.00000000109556325877729
1791527544,ALa91FwyPX2tEUpDk1fi2H14fmGtSu64bKGHyj35pump,CATON,6P2pgNAFgwUma1uZCQw4ut6ERZsN7K63UGgP7XDcodTA,pumpswap,1791519364,0.000002106,2225.23,2076,2076,0,2.48,510605.92,510605.92,0,0,1,2,8564,6006,8564,6006,,,-98.69,-98.69,30,1,2,1,,1791527572,0,0,1,2,4424,4414,4424,4414,100.0
1791527543,8uZieiVy2AanCpYkfxR1quKSbzPKuMUaNYwQ61mrT3iu,REA,54q8E1sqsfVBgytXso1xUGS3WRovFAJTfou5XKLFpnp1,pumpswap,1791519730,0.00003220,14500.13,31349,31349,464,14501.18,478615,478615,1,6,153,171,5301,4194,5301,4194,-8.95,-3.32,-26.13,-26.13,0,1,1,1,,1791527572,3,2,107,133,2078,1892,2078,1892,100.0
1791527545,E2mfAX5r2cE8ygzphByBdkJnZKPHVnTsziTNFaqcpump,BUNKER,XQKQNUfWPqsS1GKdFP7DJqs9pek39Lzqn1tiR6nY8Hg,pumpswap,1791520161,0.000001977,1992.11,1969,1969,0.97,0.97,66794.85,66794.85,1,0,1,0,2747,4574,2747,4574,1.61,1.61,-95.69,-95.69,0,0,0,1,,1791527572,1,0,1,0,406,2186,406,2186,100.0
1791527541,5t7x3tvmFWrHE9MhtJTY31NvzjdvnDuRHU3UkWFYcTrd,Akita,6VzeT7tG912Bk1nbmePqAMvteo6w7rgVdX8ZGLUN1SZ9,meteoradbc,1791520142,0.00005478,,54781.46,54781.46,0,0,7361.09,7361.09,0,0,0,0,204,222,204,222,,,225,225,0,0,0,1,,1791527572,0,0,0,0,118,127,118,127,100.0
1791527544,BZoHm7685TtT3HbH1NsqdRsfx9fKMiomFks4grMGxENC,ECSTASY,9hiags2DLU5AjXxb2WWAgvAT6yNEfj9h4w1DzEcvPB4D,meteoradbc,1791520196,0.00005483,,54837.97,54837.97,0,0,3311.68,3311.68,0,0,0,0,101,102,101,102,,,34.7,34.7,0,0,0,1,,1791527572,0,0,0,0,79,71,79,71,
1791527548,NQ6KhgS4qgZwt2h45t9W6QpazLjgDXkRrJ5GiumdEo2,PQC,FRENDJyXEsCmHFXeygMCSxqrozxpfP9PemsM8rGq7ZNg,pumpswap,1791519392,0.0002285,346033.09,228564,228564,799212.52,11359400.51,24866647.78,24866647.78,738,493,10395,7010,23228,15650,23228,15650,-0.28,11.85,164,164,0,0,0,1,,1791527572,207,49,3351,49,4915,66,4915,66,0.000000000366585523644755
1791527543,9PUGVWkBxj2QUuf22vHGuxDdLFWbgLywWjaMkcZwh6BP,VANTOR,8FAigyxsEpJ8Zo1rsKLJKbcud7ZqA8KmERTXnC8LSUnC,pumpswap,1791518881,0.0005317,0,531779,531779,0,448449.1,1205387.6,1205387.6,0,0,841,789,4295,2154,4295,2154,,52.51,6672,6672,0,0,0,1,,1791527572,0,0,100,101,2115,107,2115,107,0.0000000014156714791005
1791527544,AaxzpsdjPzpCDTkfCHn49jvGgCfHm9jKW5g8GMgQvbpM,PONS,42R1zjfqdskcYfkWWbacnb4P55WvGmE3bfdu1jxsyCt7,meteoradbc,1791519663,0.00003250,,32508.6,32508.6,0,0,18153.77,18153.77,0,0,0,0,431,559,431,559,,,82.78,82.78,0,0,0,1,,1791527572,0,0,0,0,187,198,187,198,100.0
1791527541,6Q8q85DDoo5Z46BadJoHvGA9wyuHDYVNivoPEAXk6sNv,OWLNIGHT,FeDW1URJ8xpX49xBjyeDHAYF1T6VLw8pSK77VfjZEQb7,meteoradbc,1791521698,0.00005419,,54198.87,54198.87,0,0,4798.48,4798.48,0,0,0,0,197,173,197,173,,,33.96,33.96,0,0,0,1,,1791527559,0,0,0,0,134,108,134,108,100.0
1791527545,CixB8xgnrXDE9SsfkqekaNStXpeY64WVnyvBWJHRhJsa,ORCA,GNSyDEtizjQzGAixKDS4SBXdWU1dEdyySy8DKFyA3WhT,meteoradbc,1791521846,0.00004991,,49914.41,49914.41,0,0,7735.27,7735.27,0,0,0,0,280,278,280,278,,,23.2,23.2,0,0,0,1,,1791527572,0,0,0,0,160,134,160,134,
1791527542,8TiMkgvsrat9tM2esko8zVTt99LZLpefUM4SnZaziXaQ,QI,cb4GFRgEitfu5qtxfRMiqzsaVPwgbD3HEor4cs2jFpn,pumpswap,1791521287,0.0004869,63178.15,463900,463900,81549.76,298330.17,836999.23,836999.23,577,437,2940,2309,9487,6872,9487,6872,30.26,284,994,994,0,1,0,1,,1791527572,299,178,1448,1253,3590,2822,3590,2822,100.0
1791527541,6psioHM97ggq3hjW8b3S28tAXsfhkYYkLsVfpDspn7bt,QUANTUM,9eVJ54cpYxSHdVRyS3NWkrzmkhrFkLphNb9B5tbuJVMb,meteora,1791523752,0.00002293,8.74,22932,22932,0,319034.49,380830.3,380830.3,0,0,2133,526,2702,646,2702,646,,17.82,138,138,0,0,0,1,DYN2,1791527559,0,0,2065,74,2112,77,2112,77,0.0
1791527543,9SGkorXPdbG3c5KxE961ZFXSB1Ywc1P8XpY4vGDcH9XY,CRH,8Xds4Zdzioer2VaJ4H3LXiAVfTWVfGrrEor2oY1RBXcT,meteoradbc,1791523703,0.00005476,,54763.23,54763.23,0,0,3936.07,3936.07,0,0,0,0,131,127,131,127,,,34.43,34.43,0,0,0,1,,1791527559,0,0,0,0,97,81,97,81,
1791527546,Ea2JW2C6UeMVE1MdW4TyYkyiNDwnGqPDtHSVS7v9PD5e,CRH,4c7mfdSYoub5Joct3ynzqnmyKgcqotRNqxyPqoCyHFX1,meteoradbc,1791523791,0.00005465,,54656.47,54656.47,0,0,2490.46,2490.46,0,0,0,0,85,70,85,70,,,34.21,34.21,0,0,0,1,,1791527559,0,0,58,57,71,57,71,57,
1791527539,3HxNaeKFrYP6zFCK6RRSoinj38hXi4mm7QzbCshhBAGS,Aicrown,5WDWuwGMtd9vtTLYXxS1xk5jnVaQ9KhWbgRzqX9RFuid,pumpswap,1791523714,0.001618,0,1618,1618,0,6465.38,25392.48,25392.48,0,0,96,27,229,63,229,63,,-97.89,-97.2,-97.2,0,0,0,1,,1791527559,0,0,170,48,225,63,225,63,0.00000116123862386627
1791527541,54i7nTnVsczsN14tQ9ZUVTWr3YY9hZ6Vnq3uck4szyfm,TOPCAT,DGhBg68AaJcq8RSQYVsiWsYWy8HWiC9BSMEV3g187Vki,meteoradbc,1791523790,0.00004365,,43655.5,43655.5,0,0,5126.16,5126.16,0,0,0,0,152,178,152,178,,,221,221,0,0,0,1,,1791527559,0,0,102,106,119,117,119,117,
1791527546,EdDz17p5fG6h7gQjyCn9v6HL9Be7s8MkD6d5ZTXW2eiz,QI,FKyuuZEmhvBP2oS91WB76rJwCx2jvWdx8DttSZdx4VHr,pumpswap,1791523011,0.00002823,0,28231,28231,0,1321107.06,3821115.16,3821115.16,0,0,927,655,2628,1972,2628,1972,,-64.53,-52.08,-52.08,0,0,0,1,,1791527559,0,0,363,26,694,38,694,38,0.000000000440800138056298
1791527546,FVNcqKZP6EoE3vfq2FSbzuMLf5LKYCmxkA4Q4nAF1dsA,QI,13mvgVYHAPWHWJWazhNW2rCnVYG6sptF7uszpFkjWJvT,meteoradbc,1791523044,0.00007393,,73939.12,73939.12,0,0,2219.05,2219.05,0,0,0,0,55,27,55,27,,,426,426,0,0,0,1,,1791527559,0,0,0,0,34,26,34,26,
1791527544,BqKWBbRG7x5sjpYqYGfDoPg8DyqezN2LckbRzZfswDfu,vamp,5fkPXrExGp7bhD7WVt5LaNgTnjkhCyGxDy4g6hTn5cTa,pumpswap,1791516069,0.00005533,0,55339,55339,0,65271.36,1501065.11,1501065.11,0,0,108,119,3784,2865,3784,2865,,8.34,215,215,0,0,0,1,,1791527559,0,0,74,69,1122,112,1122,112,0.000000000800982101575293
1791527542,7ddHkY41xHm2PLZ2g2Hf1SiZ3Q4ZxuBkKRVGLh7pCcx1,NEX AI,J9o8cLFNgx65wpFszTQAQmkWqsKe4VmsFCYGtC8Syprg,pumpswap,1791521347,0.0001092,0,109220,109220,0,117944.1,558178.33,558178.33,0,0,205,199,3057,1002,3057,1002,,54.18,871,871,0,0,0,1,,1791527559,0,0,90,84,2116,105,2116,105,0.000000001015641869148
1791527544,AHqaLA2fUChB25o1V7R7mVpGuvCACdZUHLtNsfQhpump,Felipe,Fgtvogtx65nNEGXQ6o3VPxi7Gye3PqPnnfwaX8Lobgp,pumpswap,1791524905,0.00001532,8989.61,15319,15319,0,19273.95,19273.95,19273.95,0,0,187,147,187,147,187,147,,-67.5,-67.5,-67.5,0,0,2,1,,1791527559,0,0,130,113,130,113,130,113,100.0
1791527544,BzhaNUeZUGCsUArfWZWsFUkWg1nVckJ8XgriGXuibfoi,Eve,7GhSMkaRopxwYYyriVfPGzge54qYwqdXYPmVdaPFndnZ,meteoradbc,1791525643,0.00007584,,75848.61,75848.61,0,3753.45,3753.45,3753.45,0,0,103,106,103,106,103,106,,440,440,440,0,0,0,1,,1791527559,0,0,91,87,91,87,91,87,
1791527545,DzBp9jAN7X1vhZaA3esBZnF6Wetmjm8NeTgh2hoxmjyR,QUANTUM,CTBp4PanWiq6x2kjP54esQAfYoQBGy3HCMyPsGANwUst,meteoradbc,1791525554,0.00003366,,33667.2,33667.2,0,1285.55,1285.55,1285.55,0,0,17,11,17,11,17,11,,148,148,148,0,0,0,1,,1791527559,0,0,16,11,16,11,16,11,
1791527547,H4NGQTEZnHyqJkQfRWBvWh6Z5sBNrqSwNNXxEztB75S7,薄肌理论,4zfGLAiit7jQuzd2SdZ7KjcCWYNhQus5sM73vXdK9uSR,pumpswap,1791525557,0.00002424,23730.72,24249,24249,15641.13,124305.59,124305.59,124305.59,75,75,2605,590,2605,590,2605,590,-5.72,209,209,209,0,0,0,1,,1791527559,27,29,2068,60,2068,60,2068,60,0.00000000141442156044686
1791527542,89cbQj8qQqZKmCmZS6EMeoGKrbvYzhzED8jRsfgQppHn,ETHFI,D5te7pvutiJAdNjrtH1Ky8FE5MytDPn56L3FZYEhkz8G,raydium,1791525569,0.7092,708867738.85,709227312,709227312,0,48420.26,48420.26,48420.26,0,0,39,3,39,3,39,3,,,,,0,0,0,1,CLMM,1791527559,0,0,37,3,37,3,37,3,
1791527545,DUP4Vd4xjvs6SwLQCyNY6hBkJTHtdBApNCivgxQ5F5e6,Ikuone,GCYV8Tc7o9HME9ZrUqzk3VCTnsVusQYMWWq7FsBMb1Db,meteoradbc,1791525353,0.00003229,,32293.22,32293.22,0,19512.25,19512.25,19512.25,0,0,714,796,714,796,714,796,,89.05,89.05,89.05,0,0,0,1,,1791527559,0,0,212,199,212,199,212,199,100.0
1791527545,Dr1UfKXatXKBvPjbDbmTe9thdeN4LU9SH61zzNpCpump,Google,2KMVsqfMsRCyxtGhgkt68mYUZQB8mZVBQyWonfdVY8xs,pumpswap,1791524032,0.001678,112591.39,1671358,1671358,7578.96,108658.68,108658.68,108658.68,1460,1414,19730,19048,19730,19048,19730,19048,14.46,3555,3555,3555,0,0,0,1,,1791527559,269,238,420,433,448,434,448,434,100.0
1791527544,BA3iwrbchL1AtN92okDpsmsx35qXJAAjiQU1CBsZGbjc,Gary,Acyrqp2SjyRdNrqnQY3D5Uy9gaebCLmbVe6Cixdkiz4n,meteoradbc,1791525355,0.00005495,,54952.8,54952.8,0,6405.18,6405.18,6405.18,0,0,279,253,279,253,279,253,,35.33,35.33,35.33,0,0,0,1,,1791527559,0,0,159,142,159,142,159,142,100.0
1791527542,8oS9SPHYpXBEyntSqJEYwg5zPV2JVv3WQ3Q4atCMNPJF,QUANTUM,JfoJKYSA749BEkQzDrun36CTHdUmUrhuySifEK1PYuq,meteora,1791525254,0.0001135,45.27,113501,113501,0,1409444.69,1409444.69,1409444.69,0,0,4486,1716,4486,1716,4486,1716,,1111,1111,1111,0,0,0,1,DYN2,1791527559,0,0,2025,54,2025,54,2025,54,0.0
1791527539,38Q4c6bCsU2G7eXygn2WGd99wce5QDyHN1FcN958Vzz3,COOLSOL,F7M2jLw9Z1fTxvNRm3JZMYVdbbvxpKP7nDCWC9SCQaMa,meteoradbc,1791525531,0.00004414,,44143.86,44143.86,0,25869.18,25869.18,25869.18,0,0,769,946,769,946,769,946,,108,108,108,0,0,0,1,,1791527559,0,0,197,203,197,203,197,203,
1791527544,AUd3rULBqpeUMUcoguBc8afg68g2hjj7SegB9AJsKCyQ,QUANTUM,AEz2V3qgw2Piz7aC58x9Bob7TR8Cc3LwEJ4MQCNbRsh3,pumpswap,1791523605,0.00007063,23370,69155,69155,14429.11,716360.62,946201.17,946201.17,169,155,8153,6624,10504,8341,10504,8341,-49.76,-40.89,56,56,0,0,0,1,,1791527559,127,105,2305,2081,3118,2570,3118,2570,100.0
1791527542,8Encyq4pQboDXdEsBQFdAihjY43Hdu3bPe4jMv5totin,TOOTIN,8uBoytox6qKhXV1KF2KGWjjSi6bCR4nXm8cbitE9MK9R,pumpfun,1791527018,0.00004536,,45369.39,45369.39,52147.96,78634.58,78634.58,78634.58,368,312,573,497,573,497,573,497,200,1286,1286,1286,0,1,1,1,,1791527559,78,68,342,205,342,205,342,205,100.0
1791527544,AqQX1TJPYbRyvAQAJKmPznKjQXVgog4CFsonF4Fnxiz8,CAT,8nvxjQMs5FyXEz67BU9AWtzcLLCF2XLJiLm3HpvkfzaM,meteoradbc,1791527008,0.0001654,,165437.93,165437.93,188.06,1722.02,1722.02,1722.02,50,5,159,25,159,25,159,25,1.08,17.46,17.46,17.46,0,0,0,1,,1791527559,6,5,10,6,10,6,10,6,
1791527544,AXnjgfaZkyKpFrgrgKKeubakEUTs8oCCXpUBEpRLyTby,QUANTUM,49JptmuveAtVwjHkuzcVYuYgAvUdhaFxyTNWod2dX24K,meteoradbc,1791527210,0.00003768,,37689.78,37689.78,3103.42,3886.9,3886.9,3886.9,78,107,99,117,99,117,99,117,45.64,177,177,177,0,0,0,1,,1791527559,91,98,91,98,91,98,91,98,
1791527539,2m188y5NRCsp5L6tgV7ysFWWHovKrbNBNPV9uUsfQvbn,TOOTIN,FkQDr8iTYWmVQjBdfcej6P9zdaeiLcszCQAeGxp1Jq6d,meteoradbc,1791527228,0.00004228,,42284.86,42284.86,13158.63,14314.99,14314.99,14314.99,325,433,340,433,340,433,340,433,0.2,151,151,151,0,0,0,1,,1791527559,155,160,155,160,155,160,155,160,
1791527542,7pYdm6bXhVf1J9Qv1fyWB9nkxdnG5RhFKA9yjW1Dpump,open/acc,G3TcwprLVFWgWjnu1hpQhKuwcQoGB99PPm5aCTzS7kLd,pumpswap,1791525893,0.0003429,52743.17,342954,342954,97967.3,654881.64,654881.64,654881.64,819,581,5388,3948,5388,3948,5388,3948,-19.73,644,644,644,0,0,0,1,,1791527559,298,261,2081,1328,2081,1328,2081,1328,100.0
1791527540,4L6tYAaWy8aNNJ19SHCMqFnD2eRfMdPQR6FG4aJ9hgpw,QUANTUM,627cfadPjbU6XQiJDxGCTZ35C9mTt4MNZspBzcqrNxsg,pumpswap,1791524817,0.00009222,164373.56,92227,92227,483167.3,6975024.01,6975024.01,6975024.01,340,240,4642,3630,4642,3630,4642,3630,1.78,55.97,55.97,55.97,0,0,0,1,,1791527559,76,26,1045,34,1045,34,1045,34,0.000000000440800138056298
1791527548,UJMnD5vGjSVvdkMs9WnwMgFVwdEdPqUdBJJkJYxX4ds,open/acc,8pFSfhcQoraX6tymetQGjpcswt5QuffJqicUGuxV9QC7,pumpswap,1791526920,0.00002113,28779.43,21133,21133,103104.56,212075.92,212075.92,212075.92,963,215,2516,512,2516,512,2516,512,34.44,125,125,125,0,0,0,1,,1791527559,383,42,2105,85,2105,85,2105,85,0.00000000109556325877729
1791527540,3bk3TSmJemqTAAL6vbmbaJyrs4Ko1Ak1McFFGETYPYzY,CHAT,ECW4gfBKoo8m1esvuGNnBxZRcmoRTaNgWCWBq1JgFDdw,pumpswap,1791525861,0.00005192,48314.78,51920,51920,118235.73,1081130.06,1081130.06,1081130.06,468,221,3643,2287,3643,2287,3643,2287,59.99,405,405,405,0,0,0,1,,1791527559,190,49,1562,114,1562,114,1562,114,0.00000000109556325877729
1791527542,8TJwSBUHviR62TZUiFNbK4mr5dvce1AvSZMgNns3uq7R,NVIDIA,Hvb2yZWNB4Fo1Nn63MhQVciw6m7vdxh9kA13LxuaaXng,pumpswap,1791527074,0.00001616,24665.39,16161,16161,7315.92,13055.65,13055.65,13055.65,2014,2061,3397,3431,3397,3431,3397,3431,10.49,43.11,43.11,43.11,0,0,0,1,,1791527559,801,770,2340,2176,2340,2176,2340,2176,0.00000000109556325877729
