ts,token,sembol,pair,dex,pair_olusma,fiyat,liq,fdv,mcap,vol_m5,vol_h1,vol_h6,vol_h24,al_m5,sat_m5,al_h1,sat_h1,al_h6,sat_h6,al_h24,sat_h24,deg_m5,deg_h1,deg_h6,deg_h24,boost,n_web,n_sosyal,n_pair,etiket,gt_ts,alici_m5,satici_m5,alici_h1,satici_h1,alici_h6,satici_h6,alici_h24,satici_h24,kilitli_liq
1791268354,L1NDYkXzdVm5VYNC58SUuZJWKkGfg3RQGaAfxSQQar6,LINDY,pdRbDxjbxCfpdXknK7iSTosB4JgXZyxtyTiPdmFNh1S,meteora,1790302878,0.0008379,78526.97,837913,837913,34.43,1624.89,17533.57,151399.63,0,3,6,4,37,57,802,436,1.86,8.53,18.52,3.61,0,1,1,1,DYN2,,,,,,,,,,
1791268352,EvKf2GtfbDMyZQzZ8VN7uFFoK9FxzsXJmqACaS8H5LX2,PYRO,B4a9HEiLD6BZNGr7daf57f8UsC9tvvFHTvdDgvhGNenm,meteora,1790318476,0.00001143,9084.69,11436,11436,0,4.69,1133.67,3202.12,0,0,1,0,9,4,30,20,,-0.05,5.4,-29.15,0,1,1,1,DYN2,,,,,,,,,,
1791268349,BQrawv7f3Uf7k5FJHJStjy2WwTJg1G8H2YXVVwmpump,DORNIGGER,97Gvbh2AGZK7Ke9fSJ2ViYGLag83QffqgUWgq62xR8Gx,pumpswap,1790332497,0.000003670,3842.72,3564,3564,0,0.23,0.23,0.23,0,0,0,1,0,1,0,1,,,,,0,0,1,1,,,,,,,,,,,
1791268351,Ekfbe93ybDm7JnS3xFbTVrfiov2xtx7bgJkbQc74SLWo,RPG,HMwfxasodv8rG5j6tyKBGf5WwS4fkB5RQqYDhL98TkcE,raydium,1790321273,0.00002568,13651.74,25690,25690,0,0,977.51,2098.1,0,0,0,0,5,4,16,9,,,-16.94,3.13,0,1,1,1,CPMM,,,,,,,,,,
1791268353,G4i1oQ9QHpZt8jVwomeroySgUpk8gHv7SuyjJBr2QNQj,Adora,14n4N6eMjhFJPoPY76cB5zA2FDJud4D88UtaFPy47Xdq,pumpswap,1790322749,0.000002528,2572.49,2429,2429,0,0,0,10.54,0,0,0,0,0,0,0,2,,,,-0.49,0,0,1,1,,,,,,,,,,,
1791268345,5g9PWcRUHpmqm5uKycpShKXJB18sGLeCEzgB3qrRpump,SWARM,Ftjga524YrS7RPzGCcezMuQnFDYa8PcvWDY5mFmZk5dy,pumpswap,1790326034,0.000008554,8137.42,7470,7470,0,0,11.91,251.15,0,0,0,0,0,3,6,26,,,-1.88,-3.76,0,1,1,1,,,,,,,,,,,
1791268345,6Cw4kWUaZHmh71E3YRiHFRvLA28EiYp4Px2GkUrXfvWM,Shillpad,HsLx3s5UmRTkN5AHYARqGaz2JfphuCY7cVycLAGmafBE,pumpswap,1790325220,0.000002920,3072.09,2833,2833,0,0,0,0.24,0,0,0,0,0,0,0,2,,,,1.16,0,0,0,1,,,,,,,,,,,
1791268346,7TtMjXiY1Pb8sDarHfppGpJ2HNjb8ypvhHsQ6WWzNY2Z,TAOTAO,GnmYjV6vfusyyzsCtdksHHBmNofy76Ndif1fvjXk9NdC,raydium,1790327865,0.000002467,4665.66,2467,2467,0,44.84,44.84,45.51,0,0,0,2,0,2,0,4,,-7.06,-7.06,-2.84,0,0,2,1,CPMM,,,,,,,,,,
1791268350,BxgPQ6Ke6B8TBJrACrith5bw1aBg4QnebjS4QgeWGRcw,MAXING,6ChGa26Jpx6qWFGtWeQitHounWVwvJ9QmBCeUakAGm97,raydium,1790326841,0.00003225,5940.64,32255,32255,0,12.39,695.06,4307.51,0,0,1,0,9,2,29,27,,-0.35,9.86,-21.59,0,1,2,1,CPMM,,,,,,,,,,
1791268342,2Hs8q193CSrugMY8iC892g449yyVhfwTe1grpSYzgGBD,COMOPAIR,2JPSvtNHrZXFWn6RxZT845J1aGyCLR25tiDH2EG9vAHU,meteora,1790332014,0.000002299,3951.68,2272,2272,0,7.73,7.73,13.55,0,0,0,1,0,1,1,2,,-1.02,-1.02,-1.02,0,1,1,1,DYN2,,,,,,,,,,
1791268348,9iFE4WcWuVAeiHobsPWbjB1FvA9bvkaSPHnYmnYkmQ9,OSCAR,C2wLRHP2PrFzPDmmn6BmoifdEoSzomzxZ2gBseC4XAAx,orca,1790165151,0.000005745,5372.42,5746,5746,0.91,0.91,167.65,676.81,0,1,0,1,1,1,4,6,4.48,4.48,5.95,24.22,0,0,1,1,wp,,,,,,,,,,
1791268354,J141JCiXKGcrhDCgWUTCL9qz7h943iCibNiLNfqZpump,0xquit,8R4DDi9X3RBLr876hhRJCv4Gvsy8d9SkABgb8YiHapo9,pumpswap,1790333122,0.000004566,4913.67,4413,4413,0,1.65,3.14,368.8,0,0,0,1,0,2,6,14,,-0.8,-2.69,-9.35,0,0,1,1,,,,,,,,,,,
1791268352,F9PvspnWkP3hSLaYxQb2LvFRBgyrLVhdUJ5q39tZZPbC,BRICK,DFTbcYRFZRkm5hVp9SLkSDrhZSn4aftLqZABXes1rzt7,raydium,1790336879,0.00001198,11126.4,11987,11987,0,0,516.09,3457.63,0,0,0,0,8,6,30,52,,,10.2,-21.95,0,1,1,1,CPMM,,,,,,,,,,
1791268346,7haJedyf6kQbiDNqzg31pyKQULm1qdeKAYd5VfAhpump,e/pump,8abQxKgRtW2og1oEL4aDeXa546kDWEDhE77t1PrtWdzQ,pumpswap,1790426701,0.000003121,3113.47,2791,2791,0,0,11.35,14.6,0,0,0,0,0,1,0,4,,,-1.08,-1.21,0,1,1,1,,,,,,,,,,,
1791268347,8TP6xYfjHZPeBAuVtkQXonUjnXjdJuEktHFR2sGcpump,pwease,8NGPQhWc2TQ45zePffVZkexRvQM77cdF8L4tnBTck9ub,pumpswap,1790404692,0.000002852,2940.17,2754,2754,0,0,0,0.16,0,0,0,0,0,0,0,3,,,,0.35,0,1,1,1,,,,,,,,,,,
1791268342,2KjgagqiBaR564BrJXE5KjHaxEPTW5pSgLHVn9k8VHwZ,FLUFFS,7jFEmns8yjNZVMiuUj4dADx7nLn6EpQszJepaS2zMbbr,raydium,1790346481,0.00002992,5332.09,29927,29927,22.05,22.05,513.62,1540.68,0,1,0,1,5,13,41,36,-5.1,-5.1,-16.85,-35.53,0,5,1,1,CPMM,,,,,,,,,,
1791268354,HGLzDFzFLS7iNxw2jPYDFGGFP3SR6LEAnTM4jzzvpump,m/acc,79CuRHX5zAcgWZj7jibexUMjgw8FNrx24tJzw7bb8Eta,pumpswap,1790406372,0.000002524,2593.12,2437,2437,0,0,0,1.73,0,0,0,0,0,0,0,2,,,,-0.92,0,0,0,1,,,,,,,,,,,
1791268344,3vz2nmiCkwoiMF97k2oyKEJTPab6dvuqvD1f7PfUgkAL,CATDOG,GMU1ZVUNQWaQbWyNJgL8GP4wPGbWsmRUTHaxPPgU3rGC,raydium,1790399896,0.000001791,3257.52,1792,1792,0,0,0,0.09,0,0,0,0,0,0,0,2,,,,-1.56,0,1,1,1,CPMM,,,,,,,,,,
1791268345,5wW9mhbwq1HTFh341iimpmrqBB4mfxdXiYhdYBL7hUnp,KARDASHEV,3QaH1ifhQgUXHQdX3DHi9oMrWzTQfKLcomoCyeRRLMh6,pumpswap,1790407564,0.00009891,38314.03,97393,97393,183.43,1642.69,15629.53,56057.16,0,1,8,21,82,111,342,377,-1.24,-8.52,-4.26,-8.13,0,1,1,1,,,,,,,,,,,
1791268346,79FCJqG2DrYzH2G3eCQedRoWRbjri7MSgMkyGeZ7cLrm,TETSUOAI,6k4pXniPnwjnzfuhubkJeLatyysr8oJc6B5o1kUHjmmY,pumpswap,1790408251,0.000003718,3761.22,3621,3621,0,6.85,239.38,1060.66,0,0,1,1,2,2,14,11,,-0.41,-13.97,-18.34,0,0,0,1,,,,,,,,,,,
1791268344,55Vr2VpSwxsDkB6uGGHAvRv86K6zax2Zb4TT8ivwDEzW,slopcannon,BNG5962Zkbd6ZFmfAKjtCF6Z2mJbA7qn97oMsQShspLP,pumpswap,1790409726,0.00002338,12987.01,22549,22549,0,88.25,9529.07,11745.96,0,0,0,3,123,79,134,87,,-2.73,49.58,73.6,0,1,1,1,,,,,,,,,,,
1791268343,3BLSsAu7aNkF24xHN2hju95QpHJKPpfmyD5AHXnUwikM,NEWGUY,8aZwEzC634J7rUEZSBG5Zen2UR9Ma7FZEom7puvwjCc7,pumpswap,1790410756,0.000002596,2627.25,2505,2505,0,0,0,3.49,0,0,0,0,0,0,0,4,,,,-0.25,0,0,2,1,,,,,,,,,,,
1791268348,ARPwPPWbaj3FYBf6k1Lt2jqRkv9JJUg3Hxav5aHKTEem,P(DOOM),AKKjxxmVZyrWGKrWyDL3HxVEMk6bp4LpfXWge4uoDob,pumpswap,1790412550,0.000008538,8038.93,8376,8376,0,0,73.68,594.37,0,0,0,0,1,2,6,13,,,2.06,9.39,0,1,1,1,,,,,,,,,,,
1791268349,BVNvrQzUKNsgZtuKg2G4NPVrsbZGbxancDqYkVCdQsn3,GLANCE,DMLyYmUYU81PWHawfnezn7YZyE6Efa57HAZG3B3fKEaJ,pumpswap,1790414360,0.000003640,3487.39,3499,3499,0,0,0,94.31,0,0,0,0,0,0,0,3,,,,-4.35,0,1,1,1,,,,,,,,,,,
1791268353,GKaWJkSUgraALkF5GaCNpomH9ed3Vz6xnKR62WFkpump,T/ACC,iZCdZPhN6bxeZ5JuMTyzXa5me6ZEkCmZgStnYhcFpm8,pumpswap,1790431766,0.000002678,2653.61,2559,2559,1,5.03,5.03,345.51,0,1,0,2,0,2,2,11,-0.04,-1.53,-1.53,-22.28,0,1,1,1,,,,,,,,,,,
1791268342,2nJpGnrkX6pDPstr4JELcWnGsjiN57vajfR89iZkpump,MUNKIEAI,ENCjfNPwv94kmzc483qmA6GQwMDrQrCbhpSknGgWD9Zt,pumpswap,1790414827,0.0001726,40333.76,170860,170860,0,0,3.46,798.18,0,0,0,0,0,1,7,20,,,-0.54,-6.87,0,1,1,1,,,,,,,,,,,
1791268351,EcwFm5TJ3zuBXnsT6DngXMAMfsfELhwGc9JFgeVWpump,woj/acc,DdJqRCiWKL7E7LjbAXTicxoWsEufZ6tyzjSK26QbetYm,pumpswap,1790417252,0.000003174,3792.75,3062,3062,0,0,0,4.12,0,0,0,0,0,0,1,3,,,,-1.38,0,0,0,1,,,,,,,,,,,
1791268343,3dMEcjM8s9PPPVsw9YxprmZnhYsnqKmhqghfaM1etA9q,House,G943i6c4uTQDxCPqazKifE8rUH1sxxBsGV6PL2QA3hm9,pumpswap,1790418682,0.000003892,4387.09,3745,3745,0,0,0.38,100.11,0,0,0,0,0,1,1,4,,,-0.02,0.32,0,0,1,1,,,,,,,,,,,
1791268346,7oL12fS1f7p5RDsbqfxxe2WpHBdcEue8ezaGu1KY8fDz,D/ACC,HHibqAermywztHuSgWyr4MahgLfV688o1oKUTquJaK6J,pumpswap,1790420523,0.000003078,3102.09,2950,2950,0,0,0,15.32,0,0,0,0,0,0,0,2,,,,0.3,0,0,1,1,,,,,,,,,,,
1791268347,924hu8kGVQLAJLEZ4Y7xjVEWKi6nYvrQTdQLJnjyohoZ,Unicoin,8WLUsj3X4fRVWEKgRucMAUFCH5jTveNfiBRrdCrzzqsR,pumpswap,1790420536,0.000003456,3618.55,3292,3292,0,0,0,2.48,0,0,0,0,0,0,0,1,,,,,0,1,1,1,,,,,,,,,,,
1791268352,F3C2t4hXyeGXsUSVQ2zJ5fbD2tFrjQygZosCS1cHRC5J,TOE,5YtqenEWMTv8uBwW7YYyw1cmKR9t1oTAyK2yyzrpEdSB,pumpswap,1790422593,0.000003264,3402.59,3168,3168,0,0,0.55,22.06,0,0,0,0,0,1,1,6,,,-0.68,-2.29,0,1,1,1,,,,,,,,,,,
1791268353,FYM6PhwAS3QwTBwvgLj8JYeMgpNfKsWtW3hGxPM9eFkt,DEBT,EP88Ktqm6491WEm1ZJsEryXYYjuoLh5cEyz5exyxr1Cb,pumpswap,1790424156,0.000006152,6950.97,6079,6079,0,0,24.01,69.48,0,0,0,0,0,4,1,12,,,-2.24,-3.43,0,1,1,1,,,,,,,,,,,
1791268351,DW79CfEpK5MLabxWUUAEqFff99hkkkiyQFhGPRZxpump,CateBrain,2hzLncp1rXrBNaoKEYkEK8b87jhMLNRrUj6dKCwUDZsP,pumpswap,1790415893,0.000002811,2866.02,2682,2682,0,0,0.82,0.82,0,0,0,0,0,2,0,2,,,-0.58,-0.58,0,1,1,1,,,,,,,,,,,
1791268354,HL8LrvYgmmHoLH9TvqqSv8Sy6yBGjXjZmpv2RpitpvUX,YAPCAT,H7Y2prMahqQUrWB7cgPMmbvuc33CN96AVYkTQxAeBxfG,pumpswap,1790356187,0.000003661,3714.07,3502,3502,0,0,0,22.13,0,0,0,0,0,0,1,6,,,,-0.74,0,1,1,1,,,,,,,,,,,
1791268351,DWdC7Z5Sw8Uz1y1T222vH9r2fRfiorG9wXxNJYTSpump,SKY,2aTdzDH4LDLs2nJi1hqWoFgQ3azBT33LshmaxocnQicq,pumpswap,1790424974,0.00001756,10170.89,16787,16787,0,0,0,453.72,0,0,0,0,0,0,11,9,,,,1.27,0,2,3,1,,,,,,,,,,,
1791268355,bh6GbasUGwX7t6oS5J61F41UGTtujYnzsKoy6Y1d8Cb,MICHAEL,3HnGsakVrjzcoYHHkdArRguXpVnKuv66p55pkLJUzKAq,pumpswap,1790423774,0.000003596,3598.17,3388,3388,0,0,0,30.39,0,0,0,0,0,0,1,3,,,,-1.01,0,1,1,1,,,,,,,,,,,
1791268345,5kcJz9yt7y2xdYccwnkU2mDS3x8zBNQiYtPk6DPWBiZr,Franklin,7vcrajjy2n5Dry3XH8D2X6Gjyymdwjp2Mc3bokgSVb8z,pumpswap,1790428388,0.00001422,10269.75,13493,13493,0,263.12,466.78,2615.3,0,0,0,2,2,7,15,40,,-6.31,-10.18,-42.47,0,1,1,1,,,,,,,,,,,
1791268351,ECHojp2dAmRkLLT5KZ5TpfJ2mpkHTfHnwyn4DS842NCf,ECHO,DmHEhCk6QoxsR73CRYLRgay5nbx2oXsZKgu3DV2wWeHi,meteora,1790015003,0.003773,148444.87,3773263,3773263,303.72,1273.33,6152.51,23706.53,1,1,5,4,38,32,185,143,0.01,0.17,0.22,0.28,0,1,2,1,DYN2,,,,,,,,,,
1791268344,4icdbBzauPKdHMwR32KH3NN3y21owLRRCo58q5AChKhT,LORIA,6aRi2p2cNJirTu5eXbWX9bnomfUyEb6Vz2gZKdyVCXHV,pumpswap,1790428468,0.000003048,3006.64,2971,2971,0,0,0,65,0,0,0,0,0,0,0,1,,,,,0,0,0,1,,,,,,,,,,,
1791268342,231eFPGosPmSiEMsYxQNVhAAWj3B1DvGtfwaj9ztidea,STARTUP,5KD6fvmig4bfbeL6soS35eAZN9tqXjXZ6Y46zAAfpy7Y,pumpswap,1790432432,0.000003096,3238.92,3002,3002,0,0,0.83,2.41,0,0,0,0,0,2,0,3,,,0.73,0.73,0,1,1,1,,,,,,,,,,,
1791268345,6hzyHMwR1S2wAbPfDjTcQtM5fTq4XZBWFTRSdTsvZ2DH,tinycat,4TcaXZVY5o6DE31v9GBgw9qneFg1Ud7nRsJUF1kRPyaQ,pumpswap,1790429062,0.000006517,5754.54,6350,6350,0,0,123.29,327.74,0,0,0,0,0,3,23,14,,,-7.52,-5.77,0,1,2,1,,,,,,,,,,,
1791268347,92hjfSi5HrUgUpPWvgKtVrz2MQn2zJrAPQSRzdjmpump,>_,3Tr5pyx3r6EmWyB3N78Y2vnv18QxqYWqR2S42mGPPheM,pumpswap,1790427742,0.000002716,2829.43,2599,2599,0,0,0,3.94,0,0,0,0,0,0,2,2,,,,0.59,0,2,0,1,,,,,,,,,,,
1791268350,DBFcomeF97mTgRoKvHj2YtdFdvFcrLP4pFTBEPpKpump,LILVADER,6BSARLZhc1YEhCfdwwudDsMXK3TMMcWCEAK74TPrmAHy,pumpswap,1790381508,0.00001258,8623.39,12000,12000,187.62,4543.3,4988.28,6248.81,2,2,66,63,68,67,78,81,-1.83,44.75,35.9,37.46,0,3,1,1,,,,,,,,,,,
1791268352,FPVy8zJvHsf3ZdLoNokQVzYLrkcoQ6LMTZ7riJNWpump,s/acc,FfjGMDK2X5mzcCVGh8bizkPfxbeJx26p5StCz1T6DNV6,pumpswap,1790434964,0.000005609,4785.09,5179,5179,0,0,3.84,23.24,0,0,0,0,1,2,7,10,,,-1.15,-0.87,0,0,1,1,,,,,,,,,,,
1791268345,5mKz8MdcxsVwSAASRMM8qUKryknSVMNmRL4T5Zvm4hZA,CHILLHOUSE,Fbi2vgJgCEPezCD6NMtJZBbAiNVdUcQ974RwyQiiQQjv,pumpswap,1790433154,0.000004590,4526.03,4408,4408,0,2.29,3.55,10.83,0,0,0,1,0,3,0,7,,-0.61,-1.18,-1.46,0,1,1,1,,,,,,,,,,,
1791268343,3WcZUVcto1FUE9Q14BxMU1Z5F3Kye6xrSeTFLbRGpump,QUACC,nrdaBDZ9jMW7BWYVbgh5bP7CJKmyLkshACKTpjFEG81,pumpswap,1790433380,0.000002722,3043.05,2694,2694,0,0,6.73,47.72,0,0,0,0,3,1,25,27,,,0.81,0.79,0,1,1,1,,,,,,,,,,,
1791268354,HXYQJ3xXXCHtMDgA3FzrzpXMKkR3CVrfpMsusuAxLBPh,PRIVACY,9LeVx1BRBS4WXzug5wWDrD3N675Ar7uu5wjjmNdZ5bPm,pumpswap,1790435201,0.000002600,2667.35,2493,2493,0,0,0,3.92,0,0,0,0,0,0,0,1,,,,,0,0,0,1,,,,,,,,,,,
1791268353,G4PF5viRAdYCA3QLf3g81J7NoWyMWoyZxMLJ52f4xon7,froges,5DUpy9CDCrgpECg5ZzL9B6Ae75euUvq64sKVCDZDfLdr,raydium,1790436712,0.00001436,16130.92,14364,14364,0,0,478.73,1018.42,0,0,0,0,4,3,6,13,,,13.68,3.95,0,1,1,1,CPMM,,,,,,,,,,
1791268347,9M374yVvrcinzMNiACjzoEaZ7e1dFMniy5n9Zcnzpump,FIRM,FggyYbQ4ghrHPwLtvJ3ZdJE9Ahiy5QEfQBu7BjnCJaNv,pumpswap,1790437042,0.000002723,2966.07,2641,2641,0,0,0,2.37,0,0,0,0,0,0,0,3,,,,0.19,0,1,1,1,,,,,,,,,,,
1791268354,J6rYa7tX5UeFs3dSKiSLjgq4RE7ywaorkSSjpykqSiSL,RELOOT,CgWe8h6wW7j8ijhQeLe6i5a4mV4i5kdyXL3nijTEEBe2,pumpswap,1790438118,0.000003070,3216.46,2933,2933,0,0.01,0.01,71.27,0,0,0,1,0,1,1,4,,-1.73,-1.73,-2.98,0,2,2,1,,,,,,,,,,,
1791268350,DH1nPfpA9mBVeS4X7Roz9NN97GtuuM8zyEKaGW2a7P6,STARLINK,HBE6JpFPMFMShtkzGyJqpLZvWZq6M18rsu41KE8uLGnB,pumpswap,1790438798,0.000003667,3499.34,3518,3518,0,0,46.39,129.91,0,0,0,0,2,3,4,10,,,1.44,-0.12,0,0,2,1,,,,,,,,,,,
1791268350,CDbZLeUgK5P82xXU7FG52c2mmWfpucmXabDwMGWKTAGG,TAGG,73N22tNPwZfLuAVjzXawWWrmQ8B1PJwKoWzWPbmYjABS,pumpswap,1790440340,0.000002689,2796.7,2607,2607,0,0,0,6.61,0,0,0,0,0,0,0,2,,,,-0.28,0,1,1,1,,,,,,,,,,,
1791268355,VH8jXt2XqqyEtnSfmBwSmt4U8ZXhGxrj3dYDRCG2vbC,gork,tacKdqzxYJEFTGBZXVWpvqxZYPPehoueP3i5KonfYTK,pumpswap,1790442636,0.000002496,2538.13,2396,2396,0,0,0,4.26,0,0,0,0,0,0,1,2,,,,-2.21,0,1,1,1,,,,,,,,,,,
1791268349,BkuopU9ufiJoEHScHDF8MS14J3McWSPjHk5GkghhKbhj,SC,CdWRdNHYwVPLop4nJ8aLeSH4DsfXghVQJ3SDBFz9xHSK,raydium,1790441853,0.00002588,20606.16,25881,25881,0,25.64,1872.52,8664.56,0,0,0,3,14,26,100,152,,4.47,-2.1,-41.87,0,0,1,1,CPMM,,,,,,,,,,
1791268353,GDT8UZGGuaa9YAevWxh7yBcNvj4otQUv4xf6j4RsForK,FORK,2J3vgXB69wrU4524c5Jeqc2qWUkMvGk6ngGW33sSWZsh,pumpswap,1790446616,0.000004965,5292.74,4838,4838,0,0,128.81,170.94,0,0,0,0,0,4,0,11,,,-7.11,-9.41,0,1,1,1,,,,,,,,,,,
1791268346,777XNvfVmvumMEc6M9yxJQJQnQtjbUYJyx53cqrwo777,7,FPXKc5Bc6ZVvCwrysTbQvPvcRvzhRNLih8fey1Jw72LG,raydium,1790445570,0.00002419,34185.98,24198,24198,0,0,10.82,597.28,0,0,0,0,1,3,3,16,,,-0.71,-6.14,0,1,1,1,CLMM,,,,,,,,,,
1791268352,FBdrdZaGSfum5Wymyb7ztUK2t9T9oFS8Kji8aHVs14Gf,FREEDOM,BPVVR2NYprXGPfWqESFaSPxzr4diCUzMakt7Dwujr4M4,raydium,1790367001,0.000009517,8386.18,9517,9517,0,0,51.07,449.91,0,0,0,0,0,1,12,13,,,-3.44,4.61,0,0,1,1,CPMM,,,,,,,,,,
1791268344,4TQiE8UY2pbpsguBDjm2hEkxCExzU9Z2CzbkAE4Sw3nw,SIDELINED,EzQ2KkJn9dbyxqAi8dGLbUCa7nMJHyThwFDz1W8hSb9y,raydium,1790446080,0.000003760,4286.08,3760,3760,0,20.03,182.29,1894.59,0,0,1,1,3,3,23,21,,-9.71,-5.98,-57.31,0,1,2,1,CPMM,,,,,,,,,,
1791268354,J77QVaVJwY3Tww67NG1PYEW1EhbNfGvCMTWA8Taypump,Randomcoin,6Y1AF3xM2NnwAoT2b3QTsrLAvY2Hv3HXFPsKtqhgdmW6,pumpswap,1790441256,0.000003779,3816.37,3640,3640,0,0,0,4.67,0,0,0,0,0,0,0,3,,,,-1.03,0,0,0,1,,,,,,,,,,,
1791268355,SaPFjDCz4bcrqVkU6JWjskJftp9jENNxP5T9Ur1pump,TIFFANY,8Xa7oP25VtGznGNU7rtMHtb3MYk2Qzd5NHxdV4nKskMD,pumpswap,1790437692,0.000004439,4641.92,4243,4243,0,0,2.64,32.86,0,0,0,0,5,1,6,14,,,-0.45,-0.22,0,1,1,1,,,,,,,,,,,
1791268355,ZrQdfsbm4XVBXMBr8V9Qxvy4Jkt36b5K9iEZmR9pump,TROLLOWEEN,2Uzgmpwp45rw2eNUzBgXvYjmLLe3tFX7qRM64ELu9bM9,pumpswap,1790448726,0.000003346,3385.19,3234,3234,0,0,0.06,24.96,0,0,0,0,0,2,2,5,,,-1.09,-2.09,0,0,1,1,,,,,,,,,,,
1791268351,DU5L11pfQ1EyDWvBhM5sp2piGeHEYDy9sdTvDkfcKrNs,ASH,CMFHoNSG2f4MD6zkhmtKMV2XLmxaE6unvCE1X1gmkhgg,raydium,1790445428,0.000002050,15789.5,20504,20504,0,157.04,330.48,345.07,0,0,5,1,6,3,7,6,,2.57,-1.29,-1.29,0,1,2,1,CPMM,,,,,,,,,,
1791268347,7rk2Kf2MxJB2h73UTg7p6MwdZk1x5PEtDtAjkyFY48Fr,BILLIONS,HQJucdd8kLNULM9nQ4H6seBx9bxiwMS924xQjaDqSAah,raydium,1790450098,0.000002409,4549.6,2410,2410,0,0,0,0.13,0,0,0,0,0,0,0,1,,,,,0,0,0,1,CPMM,,,,,,,,,,
1791268354,H6cWLaPi1ZdoSofgLSR3ZUXAXDRcM7gexkrvzPmrpump,WINTER,HjtfZuK5aoqRPB58ki7yUSfKUcRLyR3qxpcDdxstArbx,pumpswap,1790451972,0.000003017,2999.99,2930,2930,0,7.57,7.57,16.95,0,0,0,1,0,1,0,3,,-1.85,-1.85,-1.55,0,0,2,1,,,,,,,,,,,
1791268351,DRKGYsGALqr5p2aTcGLK9zqiPB5wk7JV78bJv4mPpump,SPLIT,6BZF1A29Pkke5bjkW2SM64HnaYYRWVFAHKNRK3emoCwe,pumpswap,1790451061,0.000006864,7051.74,6623,6623,0,0,0.42,214.34,0,0,0,0,0,2,5,21,,,-1.9,-5.85,0,1,1,1,,,,,,,,,,,
1791268342,2bX5CKZ7SHvacmMQFq7nBjQMmpPFbCZkpA7367du9Wa2,o,JCkhLmbn7116hzixaDs1uR7ckiJ1c4sm1hNNwpBQTYVe,raydium,1790450973,0.000007869,11677.19,7870,7870,0,0,3.67,45.53,0,0,0,0,0,2,0,14,,,-0.92,-0.92,0,0,1,1,CPMM,,,,,,,,,,
1791268349,B8A4bitd8bfsLYZQ67qbuwQxAZAY7D1UCXjJoYd2pump,LOTTO,5hiEDaJaVzGFfktmPLLCnPYznEwECS6TnKYoWTC9eFxF,pumpswap,1790452717,0.000003134,3269.66,3051,3051,0,0,0,3.51,0,0,0,0,0,0,0,2,,,,1.59,0,1,1,1,,,,,,,,,,,
1791268352,EwtxFx9QtsxtzdGF35RgFLpdmzqwadk65iVyNQkaBAGS,BAGSPAYBOT,64rXssNSnkQ2Kqv7Vew3oWpikZTT8h5tYHtPoNawUZto,meteora,1790453910,0.00002470,13824.22,24683,24683,0,80.63,3521.24,6856.33,0,0,4,6,61,44,115,123,,1.55,18.41,63.13,0,0,1,1,DYN2,,,,,,,,,,
1791268352,FCQQb2byrn57qU9kbDabAqLsjHKbyZYNpQNLHwyuyug8,WIKIPEDIA,APs6JBUcjhxk3fzKh5pRB7znHycb7p3TzZMKvy2FDQv2,pumpswap,1790457336,0.000002965,3097.1,2878,2878,0,0,6.79,6.79,0,0,0,0,1,1,1,1,,,-1.28,-1.28,0,0,0,1,,,,,,,,,,,
1791268354,J3YKxkHpsj5MoxmBzHAHmbVK5U668QsFEamD5kdSpump,mine/acc,7zApJFMczu5NMQJtyHGyQ7eutr19bPYWm77heSZA9cXY,pumpswap,1790458746,0.000002831,3353.41,2760,2760,0,0,0,2.45,0,0,0,0,0,0,0,2,,,,11.84,0,1,1,1,,,,,,,,,,,
1791268346,7amYuaF1XF2mMvRrsnGrbanQgUT2wJxSgrBuTmt1pump,CopiumCat,8iFiCyv6stFFKMeXJnZdSf9QMaz48PwPZu3tmU7Wge7U,pumpswap,1790460165,0.000004869,4367.58,4742,4742,0,0,5.18,1261.63,0,0,0,0,2,3,36,35,,,-2.13,-1.09,0,1,1,1,,,,,,,,,,,
1791268353,G6vNKu5xhB2RN7tK6HXRPTG5pYgy5nc6CEnWqPuG2edn,WOOLLY,8DY32U41qDx6rGj1zDkPzwL2FZi34j6wQANc27N75mKb,pumpswap,1790459555,0.000006306,5490.31,6009,6009,0,0,6.39,1040.22,0,0,0,0,0,2,13,16,,,-1.02,20.85,0,1,1,1,,,,,,,,,,,
1791268347,99WxCfiVSpFKpALnFhhT7uh1YKjjsQztLkRvGrDUPeng,PCAT,CdzePwJzsrKEShtVeDq8xMvfUK6j1Gsw35WjDp2XNhFX,pumpswap,1790531862,0.000002982,2908.06,2820,2820,0.81,0.81,30.15,157.4,0,1,0,1,17,16,82,89,-0.79,-0.79,-2.69,-3.99,0,0,2,1,,,,,,,,,,,
1791268342,14kH2osUyEJnqBZ7yFK4pLKJGuPZU4pr1enhi2ZLEmRw,DRU,4X3wyYcGk6GzVR8nmsfXeZcGniAehAE7yPiTALoUfRAy,pumpswap,1790455242,0.000004638,4279.36,4532,4532,0,0,17.45,124.07,0,0,0,0,1,2,2,8,,,-1.06,-1.78,0,1,1,1,,,,,,,,,,,
1791268344,4ecSqqdPi5DZ5wpajg5kVUGDU13rjr19weBHLz2Kpump,RELOAD,AZvuEGCYsqAmezK9MxryDME5oVVu28Zqa6PUkLdt42P8,pumpswap,1790459710,0.000003111,3356.52,2901,2901,0,0,0,0.91,0,0,0,0,0,0,0,2,,,,-0.57,0,0,0,1,,,,,,,,,,,
1791268347,8DwNVMzpcc3mq7Tk4gyWeTkvmFhnXcnDDCLayFFhXvex,HEISENBERG,55y7dKFPXNqzHevBxUKZJFD11JYG1yoNoSEskJnBCh1W,pumpswap,1790461110,0.000004189,4623.9,4045,4045,0,0,10.99,34.23,0,0,0,0,1,1,1,6,,,-0.91,-1.72,0,0,0,1,,,,,,,,,,,
1791268346,7qR5HquYQRuxPD3R4wezTUBWBwrm82oJcgQ8jYeapump,Jack,3AgaFum7MFVEqA6AmBaaZostjrgTSqGXKNAaoo1sNaRh,pumpswap,1790463224,0.000002737,2859.12,2644,2644,0,0,0,0.68,0,0,0,0,0,0,0,1,,,,,0,0,1,1,,,,,,,,,,,
1791268344,5677jqYHSWFdmaoue1J8KGV7WCjQv3Zrq76Bsy8y1a3S,Charlie,EMyZjvbmZLAjx3apVcSMADBaH7XsoakmhciBS36dAkpx,pumpswap,1790461560,0.000003784,4088.29,3667,3667,0,0,0.01,32.76,0,0,0,0,0,1,0,5,,,-1.09,-2.41,0,0,0,1,,,,,,,,,,,
1791268353,GH1n1DhAYZ3EH9rPJTJDeR8c1L1zKAFTQ7DZcr4dpump,BRANDRISK,Cbw1XVqyHAQZJVgDzm1a4UQkd5ptX9qSHnK4u7iVZnGe,pumpswap,1790462454,0.000006480,5647,6206,6206,0,12.76,877.27,1740.22,0,0,0,1,12,13,19,29,,-0.65,-0.86,-29.67,0,0,0,1,,,,,,,,,,,
1791268354,Hd6U8SfLWCZCREYrT5XfwK2Nzat5QB3B8pbBvST4Tg5X,mog,EB8MDKHHdwZbfHcQQeXVUyGh35zr9mJorTaSi1YKa8PR,pumpswap,1790468590,0.00003223,16568.79,31440,31440,0,226.98,7080.16,28973.91,0,0,1,9,84,52,270,228,,0.09,-19.47,-9.9,0,0,1,1,,,,,,,,,,,
1791268351,DpEueYM4RTCRq62edqVGFBkSQbd1iL9cGsFSJC9Xgram,TPAD,34NLqXLpt1iibgLNWqoLFM1tHqNxFbqsYEuCAS2dwVrh,pumpswap,1790471149,0.000002756,2784.29,2594,2594,0,0,0,5.12,0,0,0,0,0,0,1,1,,,,-1.28,0,2,2,1,,,,,,,,,,,
1791268350,DAemPFNc3RtibBDKkUA4eL2Ns11q9VRdbpptmqm8DGqN,CAKE,7rZ5eyRfGRavGTFG9jSoG77MNnVkQRr6DNeGpxiFk2ca,pumpswap,1790468726,0.0001321,44537.39,123371,123371,595.19,8850.77,13594.81,74675.79,8,4,88,66,161,108,719,571,-4.02,50.12,36.29,7.99,0,1,1,1,,,,,,,,,,,
1791268354,HY1cvPN8xka3odEg3MfymsFu1zXJaHwR75niPAFApump,pumptober,8zSaho3M6CkegL3Nu4bhECQsfCn6fMPnJo43mKn2Efj4,pumpswap,1790473559,0.000003078,3037.15,2969,2969,0,0,0,97.97,0,0,0,0,0,0,0,1,,,,,0,1,1,1,,,,,,,,,,,
1791268354,J1yxV53EmVRmt9RUj6PPufMfdAYUbtgwXCuNYTBTsYzJ,JACK,AQB9ihwudzy364jisT8jcCURSE8wCSYg7wu7gLZ6nGQn,pumpswap,1790469369,0.00008135,35555.64,78282,78282,0,89.94,2219.48,16999.48,0,0,1,7,27,44,213,197,,-1.4,-6.91,-3.18,0,0,2,1,,,,,,,,,,,
1791268348,9zriPbmELWGzEqEJH29qQY4TZ4xVMQLVLXV3RtSDpump,XPAY,emMYEjmFXZeXXusixRJaQKPUhgPshVeNUpRtjoP2KLV,pumpswap,1790472470,0.000002791,2942.57,2723,2723,0,0,15.27,98.24,0,0,0,0,14,6,59,67,,,0.04,-3.08,0,1,2,1,,,,,,,,,,,
1791268348,AUPjK2nh4JraxDxNk2kNsSQoq9s5CFqFcjt9KJSUa1gy,Wumpus,FwpPSH7bBynbk91YFH17PHQTGzryXpwkXoELanKG2feG,pumpswap,1790474266,0.000004495,4262.25,4256,4256,0,0,0.75,62.72,0,0,0,0,0,1,3,4,,,0.8,-2.16,0,1,1,1,,,,,,,,,,,
1791268354,J9PVhNvGA1hXhHwmUUYQgHpPRxZch3cmCRzTnD6Dpump,CASHED,8F2sjPRazCpSL9JsUNYasvDTQALZ5TDAx4B93jPNEe4Z,pumpswap,1790471870,0.000002790,3016.5,2746,2746,0,0,20.59,113.29,0,0,0,0,10,9,65,62,,,-2.01,-3.14,0,1,1,1,,,,,,,,,,,
1791268348,9ZdLqWeyvgrHWVXW3wQGXg62RSxAp9RxbnWtC3gfpump,𒐪,FFXwZMCRQy7jLr14KN1MqZTyX3ef3enTKD11a6psaZg7,pumpswap,1790473369,0.000005832,5673.52,5719,5719,22.51,255.34,499.19,2294.44,1,0,2,1,5,4,25,25,1,-8.22,-12.52,-23.51,0,0,0,1,,,,,,,,,,,
1791268345,5u21uHjzfqcG9LYK9HNxZCthLHnzkCjqc14GPjSeVnid,MITSUNAKA,2BHD13ySqiFQnr63zcHg4kCR9JJbB3VPjjLja1ek1yWw,pumpswap,1790474944,0.000009084,6719.57,8494,8494,0,0,604.79,2383.85,0,0,0,0,14,8,26,27,,,16.08,-24.11,0,1,1,1,,,,,,,,,,,
1791268353,FvYjAkbhhzpp3Rk3BoSLVKjYpi2zJ4baAS26R9hupump,XLife,6qhovtHjjSvgRibL33jAyZbfTugghoym72vDX3GHLR7A,pumpswap,1790476478,0.000002667,2861.43,2634,2634,1.67,1.67,16.24,122.24,0,1,0,1,9,7,76,68,-1.72,-1.72,-2.23,0.08,0,1,1,1,,,,,,,,,,,
1791268348,AJaHwyub647xPacnAL8ysByhcf6Xc3HEywChsCBzpump,CYBERPAID,5XXfJ7XZU14WB511CiVf79NaeCcLRYjBGYVoEjJ4tUwu,pumpswap,1790476167,0.000003603,4239.13,3499,3499,0,0,193.62,199.14,0,0,0,0,2,2,2,4,,,-6.19,-5.83,0,1,1,1,,,,,,,,,,,
1791268349,BJDfhK6xJhj9Ln7PXCFZL6ZofEXfuDAo9cAmKCFvpump,CAKECAT,7aEKLSNcJgjNGvnnYsULYCTxZeUwevbS8qCb9gnKFW7t,pumpswap,1790476744,0.000002708,2931.35,2674,2674,0,0.25,20.9,182.23,0,0,0,1,9,8,72,86,,-0.47,-1.72,-4.64,0,1,2,1,,,,,,,,,,,
1791268347,8eXxNU1Tmfhy4Wk47UMoap9z92KgjW7hJuUdxWNgpump,Tuition,3zHDsYttqWAMnjWwiWRfSSuzEk2dVuJjEY7MQsSKS99S,pumpswap,1790477406,0.000002985,3204.04,2876,2876,34.26,34.26,34.26,34.76,0,1,0,1,0,1,0,2,-2.54,-2.54,-2.54,-2.54,0,0,0,1,,,,,,,,,,,
1791268342,2PiCu43DNW5Yk1tozwvh67PxtFqu4CU91LSMYKzppump,GROKTOWN,GKdeygbDczSvJq36PxHVLQAjMywRjrvxjguZ3soXLGc2,pumpswap,1790467981,0.000003890,4162.35,3789,3789,0,0,0.16,1.22,0,0,0,0,0,1,0,2,,,2.42,2.42,0,1,1,1,,,,,,,,,,,
1791268345,5sNJcSVdsLpaqqMANjUEDs5RFqXgbMshUwPqH9g4NQ4D,BUNDLO,9wabcnQjY3KKXv2WBpwX1Yi4RUnAw7VU2bBSAM1ZC5qy,pumpswap,1790479873,0.000007581,6019.4,7293,7293,0,48.77,92.1,1889.86,0,0,0,2,0,4,19,22,,-2.6,-5.73,-6.8,0,1,2,1,,,,,,,,,,,
1791268342,2dfWu1S1oiToSsnLoZFbMcHgMuy9W665YWzCvdof58zi,AAF,88vff5Cqwes7TbQZYV3TkwgoJSbgz3utngu579CT5qgv,pumpswap,1790481643,0.000005204,4840.64,5069,5069,0,0,27.04,2046.8,0,0,0,0,0,3,26,25,,,-2.72,-5.28,0,1,1,1,,,,,,,,,,,
1791268353,GmBgaMaafiwmVeNo3m5YMDqkBidnxmdFLJ8VTA6xYwow,WOW,GWoFVRsuiQxPsTYYcVuwjqtSGKWn35zZftfBCTMSpZ9v,pumpswap,1790484568,0.000004102,3940.55,3995,3995,0,0,0.03,12.29,0,0,0,0,0,1,1,2,,,0.48,-0.83,0,1,1,1,,,,,,,,,,,
1791268347,82CfUnavgMwUzY1UkUnWpqKMRPqoBuSb15VnEjn1yx9a,MONEKO,4XBhhZm2T8KxYGqVmT4WL7RFpqVi3qejBz7roQ55VPYj,raydium,1790480807,0.000006415,7605.48,6415,6415,0,1.33,80.03,333.73,0,0,0,1,0,2,3,6,,-0.17,-4.2,-9.79,0,0,1,1,CPMM,,,,,,,,,,
1791268353,Fu2oZoGxFtCDp29NKA4A89xcn255khq9xbxG7Mmtpump,PFP,5uCTEpMTa46DW1behkuCWRuxVioXN8peBWpyiHWr3LrT,pumpfun,1790245414,0.00005344,,53442.56,53442.56,0,0,33.78,1564.8,0,0,0,0,1,1,10,8,,,-1.79,13.51,0,1,2,1,,,,,,,,,,,
1791268348,Ab6CVmhqD3x1bvMZBnjJBJqeTLMm7tAapcZwSU6apump,MPAID,5DKFn27xzpiWQBoauSkWsw115SyMFFkbDNVHDGSXNHJ5,pumpswap,1790486873,0.000004831,6955.04,4721,4721,0,0,0,13.25,0,0,0,0,0,0,1,3,,,,-0.34,0,1,1,1,,,,,,,,,,,
1791268350,D3aMqZmgUAAJSgmDqvTc8Pkdr5QxahHtBo7gbFHHpump,Marscoin,AwVUgT5XPKt8xmiYEUFLMHUsBUnuAv9ecPUt2xD6ZjMS,pumpswap,1790488901,0.000003124,3220.62,3044,3044,0,0,8.69,8.87,0,0,0,0,1,2,1,3,,,0.17,0.17,0,1,1,1,,,,,,,,,,,
1791268355,hxy2Ls6SV2gMVHjWGSHgHAhyZZ2fGUTiZVgYcGXStox,STOX,4ctfwFF9PBeRQ61ycWeEE3RT6tQy8gPr6rTio5FGXT2a,pumpswap,1790490604,0.000003364,3377.93,3246,3246,0,0,0.33,0.33,0,0,0,0,0,1,0,1,,,,,0,1,1,1,,,,,,,,,,,
1791268346,7BN68PVzqWV6EjK8J8Y6Q1h5C8FFD5ZRZVscXyJDpump,20xx,GvdfErkq5mvvphEriajrjArakyqqUXXiyBWdzMoxS3Tk,pumpswap,1790492418,0.00003951,19020.38,38138,38138,27.57,1377.97,9781.08,296386.05,1,1,31,23,158,154,2733,2137,0.76,-5.52,-6.86,-83.39,0,0,1,1,,,,,,,,,,,
1791268345,6UTgBWACzB1zX2GA2uEvVn6325XE99wNvkVTXv5qpump,Dougherty,qNadZjDebjUwHS5ZRcLTLtoGk4wAU15kydQLFSJGUUe,pumpswap,1790493124,0.000003220,3534.8,3120,3120,0,0,0.1,691.11,0,0,0,0,0,1,5,8,,,-10.57,-1.76,0,0,1,1,,,,,,,,,,,
1791268354,HgoScXAo4zFv5kDb6axGrwuz95FaVEcLskyDVZfo297z,MARTIANS,FdL11Uu5YRNCybePTpa3T2vqjUqi4Qo1uzj4pvKUqj4d,pumpswap,1790491919,0.00006798,28034.2,66249,66249,0,0,1091.81,11669.64,0,0,0,0,5,11,74,84,,,3.19,9.23,0,0,1,1,,,,,,,,,,,
1791268350,D9QYds4z8vSyxM4t6GvjeKFkkLLLWS5m3LdJEThxKyzB,RELAY,2vZ8xpjSgvF3wy9Vd11GirEEP7o4J6gArVs6nBzocjDK,pumpswap,1790501465,0.000003008,3240.06,2880,2880,0,0,0,4.46,0,0,0,0,0,0,1,3,,,,-1.3,0,1,1,1,,,,,,,,,,,
1791268347,9LbKkVVhrFRqAKCRDnSVAeWHgoBgNgej25J1ZHEPeURe,⋈,5U9HrFpoThz4kanVaLKWnfBVfNBXkpm6wUNW5SVvLNAd,raydium,1790499225,0.000002815,5136.37,2815,2815,0,0,0.93,119.74,0,0,0,0,0,2,0,5,,,-0.72,-5.29,0,0,1,1,CPMM,,,,,,,,,,
1791268343,3jg5Zvqbg37afKLPGui2YevW1scuf5ra1Y8f3ejPDHiM,BUX,BYPHHA23PbqALgFjLDx29JCsQqaZWGFkUqK6rsK45ccU,raydium,1790499838,0.000003195,5601.25,3195,3195,0,0,0,98.29,0,0,0,0,0,0,0,2,,,,0.53,0,1,1,1,CPMM,,,,,,,,,,
1791268355,XZCXQ7R97MTA5VSqDsfjpRS3JMtE7VpbgbAZEyZpaid,REPLIGATE,2yddqh43Qu3dK38JC5pHdDu6o5UUbrPmKG2u8WbjwyWc,pumpswap,1790503765,0.000002816,2879.04,2706,2706,0,0,1.22,13.9,0,0,0,0,0,1,0,12,,,1.52,-1.44,0,1,1,1,,,,,,,,,,,
1791268353,GW5xNXBtW9usH62Uimis4L5T1Fi5ceeMa9dupjTVpxaD,lemon,HcvoKF2XajWwCzcLAvkeKNCUfSMTpu4jf65Um2bvgJPF,pumpswap,1790505906,0.000003145,3415.56,3047,3047,0,0,0,0.73,0,0,0,0,0,0,0,3,,,,-0.66,0,0,1,1,,,,,,,,,,,
1791268348,9fno96crbJq887w3DuDFFaurYE7sHA8GrtZutzSa72j2,UNICEF,6ESQ9LFmXPXhWo68u46zQ9VW2KbtuTxXzj7PFeyGT2bt,pumpswap,1790498496,0.000005397,4730.97,5195,5195,0,0,36.73,40.23,0,0,0,0,0,3,0,4,,,-2.05,-2.05,0,0,0,1,,,,,,,,,,,
1791268346,6uPEdkU2xPg1iyfLzV1ssUwvve8nndA2sd6nBFrb1n58,NEARPAD,8N2XJYyVBMrd4B5LUTd5pFe3uWwp5h4cWib9AxTxbHxv,pumpswap,1790511060,0.000008855,8296.29,8231,8231,0,0.01,13.71,1152.86,0,0,0,1,1,4,8,24,,-0.95,-0.62,-6.26,0,1,1,1,,,,,,,,,,,
1791268352,FGoHcBuWfy6XGGkXwTLe9AuXAQEUmDR5g1LkxK98d1vJ,NAMI,25sJDienuMMmZKMFNn5p69Zc8ktiXrC9MUQXunuVBwUq,raydium,1790508922,0.000004802,6364.62,4802,4802,0,0,5.58,15.69,0,0,0,0,0,1,1,3,,,-2.32,2.28,0,0,1,1,CPMM,,,,,,,,,,
1791268352,F1z5FQdToNDLQYJ72grqePaWJrcrf39HR4gaKA57ySUQ,Q4,5Gf7NqZ2ACpiCaGHUn7uaVEJNjVQnGGgAYRHynoHNHDT,pumpswap,1790509917,0.000003418,3611.83,3324,3324,0,0,1.65,410.25,0,0,0,0,4,1,16,20,,,-1.79,-18.13,0,1,2,1,,,,,,,,,,,
1791268349,AuqagzhTqC6uBLraRb3rx2fwCCBAXCmfRm4btemyPXJb,Backpacknami,9y2Qvwh9oTJXEtiY1hTSc1R768fV5VdUjrPgbssSyjpA,raydium,1790508888,0.000006594,7447.25,6594,6594,28.51,28.51,28.51,161.88,0,1,0,1,0,1,6,5,-3.95,-3.95,-3.95,0.68,0,0,1,1,CPMM,,,,,,,,,,
1791268342,2c7AzoxqEF8o9wuTJwdGrhhbqEa32FtdRybEWaxEpump,SHAREPAY,FhR1xuGJ7DguHY34KxXeUQpveb85UrF68EB4THBYhJci,pumpswap,1790514853,0.000003197,3088.8,2883,2883,0,1.22,3.94,27.1,0,0,1,0,3,1,11,14,,0.49,0.24,-0.92,0,1,1,1,,,,,,,,,,,
1791268352,FGZScHYURa8qMezk5gpZj5C2ExazybAwBp5TbNE4M3A8,WOW,4mXNeLX1qt1TZbWBEWuJbPz95BNB6KTAoKpR59Qq3QNm,pumpswap,1790514671,0.000005986,5598.73,5873,5873,0,0,4.12,71.34,0,0,0,0,0,2,3,10,,,-0.64,-3.85,0,0,1,1,,,,,,,,,,,
1791268345,6Rhs8iuUiepGYpiP6ZEhNF9jRemVV8xYdD3hVuqtKTAR,NEARCAT,A9csKWAsi6J4UDkzLrg5gUgAs9XXn2i44PAceSXGdoZH,pumpswap,1790518834,0.000002739,2841.12,2653,2653,0,0,0,27.32,0,0,0,0,0,0,0,3,,,,-2.34,0,1,1,1,,,,,,,,,,,
1791268347,92BVgXufGjaMUyANA97dvg8LqNb5VMg2wgRfve9tPdCG,DELREY,GZwsYYmc2a54HhX9ZGYTzo7LBChq1SSRDiV6RvvCBXzx,pumpswap,1790515531,0.00003042,15858.91,29120,29120,96.46,131.03,683.28,14457.29,1,0,2,2,12,4,124,107,2.34,3.26,13.07,-10.77,0,0,2,1,,,,,,,,,,,
1791268348,9n8LcQVsryuRm2GM1tYsxFCxTUjvy86jAwuciX8xpump,CINEMAPAD,BfUeoP5FUPEL3ykp2L9Xr3KdAt1xC63xupRwCyaNXMqm,pumpswap,1790518340,0.000002537,2567.26,2452,2452,0,0.45,0.45,5.92,0,0,0,1,0,1,0,3,,-0.65,-0.65,-0.35,0,1,1,1,,,,,,,,,,,
1791268353,GtAUoL7YiDQoRtoZEvBKkUXEftsouJkxoGXqLERa9Thg,DOOMSCROLLER,FSseV1hZGX7Am1tNGdeP2Fq2AtGfUkEWw9xywzbXFmx2,pumpswap,1790517781,0.00002436,12512.48,23331,23331,0,0,620.44,3337.23,0,0,0,0,11,11,30,26,,,8.08,53.1,0,0,1,1,,,,,,,,,,,
1791268345,6Fzn6PtAiVFvweUibxAiqQrofo138k9YZtJ1HK9EVShp,Excatlibur,6J6TPVj8ZkcV6ymCv7tNQvAJWSyR3GF8SK8USRPxFqu5,pumpswap,1790522062,0.000006656,5857.41,6354,6354,0,0,0,442.88,0,0,0,0,0,0,4,12,,,,1.7,0,1,1,1,,,,,,,,,,,
1791268345,6nSM2HxvaetyDrUYjjAUKwgWGi8CGjmboLee7wcHeKN4,ZSHIB ,GUiuqUy3kekuEwkKtvAQqCWjZP3HNHd64vdRiSrVMF3B,raydium,1790523015,0.00004307,17415.86,42212,42212,2.5,200.71,7224.97,56330.49,0,1,6,20,101,137,537,597,-0.37,-2.01,1.75,-54.32,0,1,2,1,CPMM,,,,,,,,,,
1791268347,87wamMPCTf1399DZWxBD5YYz6YcE3cPyk5iBjUSeWAra,CURECANCER,9c5RkY1mj7mKMZ7QfE1o4gCCbLtZqexVaeM1xzBap6Xz,pumpswap,1790524103,0.000003501,3841.98,3431,3431,0,0,0.03,19.1,0,0,0,0,0,1,1,12,,,-0.81,-2.19,0,1,1,1,,,,,,,,,,,
1791268347,8HnLRKJ6XkeGq1tpmKPqn3yB5ruqbSR5LR5nVCNAshop,REGULARS,6UNreUfUuNwX9EorTRcLgmJ29nH6gCVuQsJogsq569eN,pumpswap,1790513572,0.000006300,6377.23,6039,6039,0,0.67,52.84,142.34,0,0,1,0,1,3,4,14,,0.4,-1.69,-3.38,0,1,1,1,,,,,,,,,,,
1791268350,CC5D6puFmcsnGaJh7kNXeAcRpL2SZzQfoQezvx45uKjt,WORLD,FGXMnchTt8tQc8mEHgWiWhrUHHUHcMAzCvgaYuaCmghz,pumpswap,1790485934,0.00006898,27512.26,66368,66368,0,262.33,2018.41,28788.11,0,0,11,2,25,23,180,177,,3.01,-9.61,44.12,0,0,1,1,,,,,,,,,,,
1791268354,HH5btUAy7FCFCJYfDB9FV5x1Zk5SLJtymoPW32U9bJ9m,Em-8ER,CKKp4gZ4UYobGQm5R1CDVs4PeBFt1cLfnbkjcNMGCGTf,pumpswap,1790539879,0.000003133,3188.97,3004,3004,0,0,1.98,1.98,0,0,0,0,1,2,1,2,,,-0.48,-0.48,0,1,1,1,,,,,,,,,,,
1791268346,7fHxQvcWdvNeVx2Ni33t2BEDc1zfnZ8LCRdwX8STtrcH,PRE,GYAVCbcU9xrPNgrpiX2DViA3ituRsmRfFLUBc7LoLLJL,raydium,1790387135,0.000004920,5136.96,4920,4920,0,0,44.27,2221.82,0,0,0,0,1,0,2,49,,,7.76,-69.54,0,1,1,1,CPMM,,,,,,,,,,
1791268347,9UtaRjir5Q4HRG8d8Z8F7jRgHGLBBwp7PR4rgBnoyr3z,MG,J41n3LDS2WYDXNq4RRvG2svir1svEduzH32g5Dt9SEvg,raydium,1790521985,0.00001332,11031.04,13322,13322,0,0.16,197.14,3835.93,0,0,0,1,4,9,54,46,,-0.03,-5.64,33.75,0,1,1,1,CPMM,,,,,,,,,,
1791268354,HNazMWySREpLBoyEdsXPPzvvc4eZ6avQDwqBko3vpump,MIGR,HzDFmnkKpBXwoQJkPAuhEg3GLATstxFs2rprWSSp7hqJ,pumpswap,1790505716,0.000005409,4944.52,5204,5204,0,23.46,100.74,461.16,0,0,3,1,5,4,17,33,,0.62,-5.31,-15.18,0,2,1,1,,,,,,,,,,,
1791268352,F4K2SbLNgyz9gzNqT8bPeLpRkxy4oMA9twaffUDdZtB6,POD,4759SGgn3ypWtPHoBq65wCWa1t1tbdA5cwsKjoHuX39d,orca,1790527521,0.0008019,161835.73,801975,801975,454.14,9607.98,115380.69,910371.82,1,2,27,11,481,502,4194,3304,-0.53,-0.96,-16.88,81.5,0,1,1,1,wp,,,,,,,,,,
1791268349,B2kipu1WYBPBDQrCX5yv9p7dhjhG1FwwnxBjUDhSkbdG,RAMP,GN5bbAjNeQUpQQiebWmuMwxFarg11UaajHHNc4eoQqXH,pumpswap,1790529919,0.000005767,5730.91,5623,5623,0,0,9.84,212.38,0,0,0,0,0,1,1,13,,,-0.61,-10.09,0,1,1,1,,,,,,,,,,,
1791268351,E5PMiZKfEe1NQhw32izNihZFT2FEERT9WRyKGiq9ZK3u,kidney,atAs6rpdxKt1RzX25YRvvKu6LRUg5nHUtYuJ5ExWowU,pumpswap,1790532709,0.000002571,2577.72,2416,2416,0,0,0,3.3,0,0,0,0,0,0,0,2,,,,-0.81,0,1,1,1,,,,,,,,,,,
1791268349,BgLULABxd8THAz1AMmJw6HbqFKkKzwqG1Ecs9BT28koS,nLAUNCH,5gJisonjgV7NEiX77V2LR21VEShcVYZMPSJwW7N9it2q,pumpswap,1790532395,0.000002986,3009.53,2726,2726,0,0,2.17,19.21,0,0,0,0,0,1,0,2,,,-0.17,-0.17,0,1,1,1,,,,,,,,,,,
1791268353,FpZBwwRzh7yohba5vutPfQRHTsEGBtGAtXG7YkZd2SZM,LAND,9SzTE7cJ6taDiNurRi9YwogYSKP7TVi3ZDiVQZrjqc7J,raydium,1790532656,0.000002365,4547.24,2365,2365,0,0,2.16,24.55,0,0,0,0,0,1,9,7,,,-0.22,1.48,0,1,1,1,CPMM,,,,,,,,,,
1791268345,64tUZQBCDKhkxPYNey9PXdV8Hz36ra28FuDhMMULpump,WARP,FQjKR5ANojed3skqDFpvM5PcHGQHvBsexhwd9qHcUowe,pumpswap,1790529503,0.000003550,3604.79,3430,3430,0,0,2.84,60.95,0,0,0,0,0,1,2,4,,,-1.53,-3.28,0,1,1,1,,,,,,,,,,,
1791268350,Cmrq8EkYn8qhjtq6iYfqrfzet3q4aC5F38tLQGUvearn,EARN,DBKNh5amypLurhDGSwUgni8JeoMPpe1QS2cUs4Z9dZDj,pumpswap,1790534914,0.000003125,3426.75,3037,3037,0,0,0.07,790.28,0,0,0,0,0,2,5,11,,,-0.05,-27.44,0,2,1,1,,,,,,,,,,,
1791268350,Cgi54CNpHaYn4smqLH5tW8X5QxssMvi592My3tRoiHfX,BARSTOOL,6n1vyc7sRiqMsc1YAGAz3rQyyjK6muABPnxB8eGwysaS,pumpswap,1790536889,0.000005565,5428.93,5422,5422,0,158.4,159.35,335.23,0,0,0,1,0,2,4,13,,-4.21,-4.9,-8.43,0,1,1,1,,,,,,,,,,,
1791268345,5HiQSA6gHtzDQX8no9iLvUAXmX9ncWRseUjbDqCjM8Zq,Charlie,HNzV3NPuDiHnJbVy6pU3W6fK4zMoP7LgwJQTpLgJ98Vn,pumpswap,1790537462,0.000005240,4632.34,4953,4953,0,0,0,0.5,0,0,0,0,0,0,0,2,,,,0.24,0,1,1,1,,,,,,,,,,,
1791268352,FFPSq1ByV2XdPTj2UkSPRe14NoQydUkarBLeNfXd1gdj,FLESH,B1fNSrNTLtgUxe7Yzsd47cwFhStXtWvoJafnUPGaBsB5,pumpswap,1790533923,0.00006263,22104.02,59700,59700,35.16,281.74,3712.09,5305.65,1,0,7,0,33,17,47,32,0.17,4.15,29.35,56.04,0,0,2,1,,,,,,,,,,,
1791268347,7tEsDuij7aj4b2jLUAS5oXcp6B3zWratYVmviS5zpump,VAULT,DqXXV4vcBjSf39TYCnC9uFUsohzhgScewXwoX4Q7XUzH,pumpswap,1790539588,0.000005823,6176.37,5775,5775,0,0,22.64,145.26,0,0,0,0,1,3,4,12,,,-1.29,-4.33,0,1,1,1,,,,,,,,,,,
1791268350,C5YjyjnbJhPmW41mXZWiFJF3FSHtUu5Z8sefqhmGpump,Tabless,4jMQ6JYVSdp15C98AdyBAVuWf9e2QZzz5MXHPUqqzUu5,pumpswap,1790527577,0.000002633,2692.15,2540,2540,0,0,0,0.53,0,0,0,0,0,0,0,2,,,,-0.16,0,1,1,1,,,,,,,,,,,
1791268346,7ESoDXqwqKUQBWdeqygNCFZroAtemHxyK8EPcjgPV777,LUCKY,Aavh7YD6RRMVSn8Heb38rH38bk1vqcb5ZDX6PJyVu3XQ,raydium,1790541551,0.000008234,12048.08,8235,8235,0,0,20.17,77.68,0,0,0,0,0,1,2,5,,,-1.45,-1.04,0,0,1,1,CLMM,,,,,,,,,,
1791268354,HTwigtUK8W3FWke5mD66np7Hnh5XF9i6WDC5GcdMcYkV,Grokler,9ZLRQPNps1XkgWotaqexP3pVxsHHNNRWp1V95fiMZQze,pumpswap,1790541470,0.000002621,2753.7,2559,2559,0,0,0.24,0.26,0,0,0,0,0,1,0,2,,,0.24,0.24,0,1,1,1,,,,,,,,,,,
1791268350,CsVd8MzVuN4K99qJYxRzDBA1F31hQH6MH9EqeMz7pump,ABUSHALAB,34WUWMV6F7CNcKTV7Cz2Xt52cdJzpDetTqoQA1h8HBxb,pumpswap,1790543049,0.000003202,3123.42,3116,3116,0,0,5.24,5.74,0,0,0,0,1,1,2,2,,,-0.66,-2.04,0,1,2,1,,,,,,,,,,,
1791268346,7RfaMFbYSLvZQmRWjLECCKbuCNTKhQoPUQTfXcmMropx,AGI,Ht2JR1ht1nwZ6KmU2TzhCzKyWdfGeDWu53wQ68qUSuoj,raydium,1790543112,0.000002482,4518.46,2483,2483,0,0,0,13.34,0,0,0,0,0,0,0,11,,,,1.56,0,0,2,1,CPMM,,,,,,,,,,
1791268347,8DXqVUopcdviLvujTcpwEqkKzB43Arp6E1axzsEE5Btq,moin,CbR2UL7ktBr8MUUTj3FYcURZerp28GA2p1vPuMeKy1Je,pumpswap,1790542136,0.00005637,25517.22,54750,54750,0,67.6,3756.25,21066.72,0,0,1,3,33,42,191,173,,-3.19,-2.82,-16.52,0,1,2,1,,,,,,,,,,,
1791268352,FCEjmz9E9yqrGvGu4voUARtv11fwmyYm4JKuSoG2X5Gb,GACHA,7GnzUW1FRcchgHmdsKEQbFiMzsdVdNHK1WCi21ZBobMy,pumpswap,1790543163,0.000004962,4682.49,4864,4864,0,0,0,179,0,0,0,0,0,0,0,3,,,,-6.27,0,0,0,1,,,,,,,,,,,
1791268345,6KqbfB3zL5SockYzfNAFHrTQ9429RZaRPPmQif68U2Hq,VBUCKS,ChvAn5p472Ugr9Bnq3158SX68zaikXcXPE8VmpfqkfJR,pumpswap,1790546490,0.000003561,3750.12,3509,3509,0.03,0.03,0.03,6.36,0,1,0,1,0,1,0,2,-1.57,-1.57,-1.57,-1.57,0,1,1,1,,,,,,,,,,,
1791268343,3RNy7erxjwGRRYvM6KzVKVtuFnNSpkQFwwiHhUH26xoa,PKMN50,8X65G996GZAiUeuH6A9hJxJWaSzoAcez5aX98wD1NqFT,pumpswap,1790544931,0.000004431,4362.25,4322,4322,0,0,0,329.69,0,0,0,0,0,0,0,7,,,,-17.09,0,1,1,1,,,,,,,,,,,
1791268350,BvnqdYwuFrvi9ds63EtwQLYME89ikJkULnJPAd83pump,CATSTR,NVKEDqnYC4LEXR8y9jNbmHSsjRm36ixgwnLsXHEDVam,pumpswap,1790547723,0.000002469,2728.82,2428,2428,0,0,2.51,12.93,0,0,0,0,6,1,10,7,,,-0.46,0.6,0,1,1,1,,,,,,,,,,,
1791268349,BVZVLTUSV6ftqHPqDEggag8crXJgJ6Cz5BCWmVvqpump,こゆき,Bg7uAadFLW9a23JAv1usHeJt1LxwdmksYr9LUVoerQ4P,pumpswap,1790548807,0.000002814,3075.49,2755,2755,0,0,0,11.69,0,0,0,0,0,0,1,2,,,,0.06,0,0,1,1,,,,,,,,,,,
1791268350,Cxsg5L8SpnesZQZjtjKieyCHLBEXpLPNzFX9aoj9pump,X VAULT,2uKB8fuEgJaASTGLWmS15B3dcKLcGSSPpYJkFxkE6fwd,pumpswap,1790548524,0.000002710,3093.05,2672,2672,0,0.31,6.51,26.33,0,0,0,1,4,4,19,14,,-1.17,-2.13,0.08,0,1,1,1,,,,,,,,,,,
1791268345,6UhUkSBc9RBB9gVJcjCWtcQv4t771rQF7bdn2qK7pump,INSTA,Drj5Z8kC33nTjqqf2Q2UoQ6qad26Wzc9aREFhAq4R6Qz,pumpswap,1790550255,0.000007720,6932.46,7379,7379,0,0,0.33,130.89,0,0,0,0,0,3,11,25,,,-1.88,-3.18,0,1,1,1,,,,,,,,,,,
1791268345,6jxsWweGpNkWcCQQupMoqVMf4WpPtKbjuvxdJem395hk,SWIFTFI,83nF7PdXDhKeJwJpAXWkQHgyFf8h56BzKZ52kWzSq9e1,raydium,1790540300,0.00001476,11520.64,14760,14760,0,0,64.52,166.63,0,0,0,0,0,1,4,6,,,-4.98,-14.22,0,1,2,1,CPMM,,,,,,,,,,
1791268350,CeVVQMZx8QcVNZ5PJ4YgF8Sz4FqfudCKABMAYN3RGxmr,XMRPAD,68GoLLT1TZ4NrfYKa5X8TAdoGDfWNMTSy1cjudvq7okn,pumpswap,1790549980,0.000003339,3612.07,3214,3214,0,0,0,10.54,0,0,0,0,0,0,0,1,,,,,0,2,1,1,,,,,,,,,,,
1791268343,3gzcjJR1RAwTLg7dno3UgjYE2TfAJPve7hpDJfNmEAMh,DUMP,CJuZXTCZX9yrs7erj39feN9hYZsmLx6Q6gUgpHWczZeC,raydium,1790541244,0.000002869,4976.36,2870,2870,0,0,0,170.33,0,0,0,0,0,0,0,6,,,,-9.7,0,1,1,1,CPMM,,,,,,,,,,
1791268348,ABTVosEHPtaVdGo31Xe33oiQS2wvMAafo5wmPvGfpump,MUSK,GoCisnSFf8KSnfQHmHiKGyvP3BQc4RLsodcoAgC9zeSg,pumpswap,1790552436,0.000009896,7157.86,9414,9414,0,0,283.67,1461.85,0,0,0,0,2,4,13,21,,,-2.23,-11.97,0,0,1,1,,,,,,,,,,,
1791268350,DBorvZYRJMBHqrYGaVaLMhiRkQWe6BwP1Rth7SGysk6Q,zmr,AqHSMvPwgL7HjrhsievPnEHFGFhHo76darpkdFVXwVLq,pumpswap,1790553556,0.000005112,5586,5071,5071,0,0,10.32,188.27,0,0,0,0,1,2,1,17,,,-0.94,-10.04,0,1,1,1,,,,,,,,,,,
1791268351,E4vwseNWpkBxzNxyv3msVLCzYHU5SXrj1QWXEycypump,BOB,CehXCosbGS31heNL6VotLqaSnFHZy8XmNWEyWEeXikrZ,pumpswap,1790555075,0.000005760,6365.1,5615,5615,0,17.45,68.94,498.69,0,0,3,1,6,6,14,22,,-0.58,-1.99,-14.41,0,1,1,1,,,,,,,,,,,
1791268348,AmaM7N43JBicpcHDbVKyGeuTjtnNhJ2yZTdWqoZpCX8b,KARDASHEV,zxdzbJo51KApX6UijLQgS5rJ5ziBAZDe1RHxqZVczYX,pumpswap,1790555032,0.000005017,5003.09,4801,4801,0,0,0.08,336.52,0,0,0,0,0,1,2,11,,,0.15,-5.19,0,0,0,1,,,,,,,,,,,
1791268355,rsE4qbZ6Decdu1stnoHnC7QrNtqjuzuAuD9xnNGpump,OMNINU,HnSiwJKhNNEZkm4HmVbXFVcviKF8ynCKc94hfy9MrGsB,pumpswap,1790554360,0.00001401,11392,13007,13007,0,39.4,177.9,1054.24,0,0,7,1,10,4,26,23,,0.22,1.61,-15.42,0,1,2,1,,,,,,,,,,,
1791268350,C5zyCRUo23yLHDfcYWWTZNVh4yxWgQ8PFr1zx1Zrpump,x/acc,23R426YhJqy1FMQiBcC9AHgaDYARYaPemJrYzRUx2LsP,pumpswap,1790557011,0.000002618,2779.69,2580,2580,0,0,18.33,110.3,0,0,0,0,11,11,52,63,,,-0.23,-1.09,0,1,1,1,,,,,,,,,,,
1791268342,2gNrU5MMpcWpWQMfBxTRAP47EwdFfNNWkFyR1eLNpump,INSPAID,CVJyKNyiZY2ZJg6iNK3Z8p5gAyuwY9N32QNYKLcDoia3,pumpswap,1790564628,0.000004859,4305.86,4612,4612,0,52.98,735.71,1863.34,0,0,0,1,0,6,13,19,,-4.26,-34.89,-25.64,0,2,3,1,,,,,,,,,,,
1791268351,DPpdvQyNE7aZfpDG7LoAG5nMzeQMmLrWF81cNmEuTcHT,CLAIMED,545MDGVwz7cZVGGvQ6R3Lm16RBi5sBc9LAbVz28xuJEp,pumpswap,1790558552,0.000002984,3102.58,2880,2880,0,0,0,45.24,0,0,0,0,0,0,0,2,,,,-2.94,0,1,1,1,,,,,,,,,,,
1791268353,FW1FhMWeGwyLQLt8HaZ7Zjkoecf7FZNSw8ZC3fMApump,BEE,6qRN8SHz6RSaeZAAGR5VXv76E9qPShzFe6tJDkyRCApr,pumpswap,1790558535,0.000003555,3410.32,3274,3274,0,0,0,125.96,0,0,0,0,0,0,0,3,,,,-7.3,0,2,1,1,,,,,,,,,,,
1791268353,FbKRne8ZDbDyoeD3b22k8EYLWxp8ksCd8a8mMkx6zsXQ,all/in,5HouNLrptmjJDQs4aqTTEFtskLJQcx23KLyog1WpWG3Y,pumpswap,1790559578,0.000004074,4299.04,4014,4014,0,0,0,82.56,0,0,0,0,0,1,1,4,,,-1.01,-5.34,0,0,0,1,,,,,,,,,,,
1791268352,FFzTy32bZbPA8zRLbbiWoNzW2emGv86tUxaoqhz1pump,XPAD,tv16dBftigYeN75Y8z9PSGDUs1mfZvkwnwrQDLkMk8M,pumpswap,1790559685,0.000003882,4689.38,3855,3855,0,0,10.9,34.05,0,0,0,0,4,2,11,13,,,-0.06,0.56,0,1,2,1,,,,,,,,,,,
1791268351,DJ92CL7Z2dvVSE8reTUXTaKCax8jbYzfU3C66ziQpump,foom,axd1iRwfborKAmpRx52kENNtdZAStwfKnNSbab26Cnf,pumpswap,1790563287,0.000004182,4245.54,4048,4048,0,0,0,81.25,0,0,0,0,0,1,14,5,,,-0.53,4.16,0,0,1,1,,,,,,,,,,,
1791268347,9VXMEkhYKcj9s4dvzz3GF4ZfHGc5oAURiSY7ftPpump,peptober,5duvGDEt9YPVmGPhs3xPoEajzvjUinNXC2HCmpeHs96u,pumpswap,1790562128,0.000003882,4818.82,3715,3715,0,0,0,8.34,0,0,0,0,0,0,1,4,,,,-0.16,0,1,1,1,,,,,,,,,,,
1791268344,4UMfNn34DQVnhh6TphH4dGYYuJWuVskq5mKNZ4ZMpump,two,GQxeZf5KKpMfeuNtwaSMmcFyt4qcUFR7mkZDMC4zXgia,pumpswap,1790565231,0.000003189,3401.96,3107,3107,0,0,1.81,2.25,0,0,0,0,0,3,0,5,,,-0.73,-0.14,0,1,1,1,,,,,,,,,,,
1791268349,BC9ebK4rdQThDof6tnv6vZ7fp8P3jiaRt8Qrfh6dDexX,STAN,HateBof7jRH7eAp75AYa9i8H9HKM428coxjGfKETvEY9,raydium,1790566503,0.000002385,4628.21,2386,2386,0,0,7.44,7.6,0,0,0,0,0,1,0,2,,,0.35,0.35,0,0,0,1,CPMM,,,,,,,,,,
1791268350,CyovMnzMaKGApYsnm55d8rNWhEkskPSidKswnhgzMkGm,BYTE,EaBZLEBQXbbzUyPxpE4Uev7sh6xQTz2NdmJdQ4NqaXx3,raydium,1790568510,0.000006488,8940.82,6489,6489,0,246.15,587.81,776.78,0,0,0,1,2,3,2,10,,-10.51,3.5,1.15,0,1,1,1,CPMM,,,,,,,,,,
1791268350,CGfVJX4D35wE8kviKKE1XyKU9EHRXe4Zsw3R55ABpump,hippo/acc,GCCQkq5YiqxqBrdQaBi83rrHSHEEex5YAaTF3rsCp6xE,pumpswap,1790566804,0.000006175,7671.85,5944,5944,0,0,7.26,10.22,0,0,0,0,1,1,1,4,,,1.12,0.9,0,1,1,1,,,,,,,,,,,
1791268348,AjxqTiS6TnK75xG6pWAMJgNQuhkip3LzN36uy2wBbwmH,CLAUDECHAN,7ckTVPGFmFW7kmV814GLcVDZj5wVwnnGfb6tEBvgLgDz,raydium,1790549647,0.000009867,9910.57,9867,9867,0,0,8.23,696.26,0,0,0,0,0,2,23,12,,,-2.38,1.6,0,0,1,1,CPMM,,,,,,,,,,
1791268344,4RLhqc1jfpMLhtALMeUeVeJ5vySyL6eQca4cBjgCpump,BEZEL,FQJtTnQysivBCHr6uNTnuftbUdvTsppDY3dVT7K3RFvA,pumpswap,1790565430,0.000008764,8315,8518,8518,0,253.05,1117.54,29303.86,0,0,1,2,3,8,192,157,,-3.54,-16.19,52.75,0,1,1,1,,,,,,,,,,,
1791268348,A2Kz4oAJvg9yuQR9znDicg8QvFDgrxaHp68ih3HCpump,GRAYMATTER,FrwmBmCoJ3EjA8gP4GKejP87pikZ1oFiBk5iq133G3rK,pumpswap,1790570802,0.000003218,3604,3057,3057,0,0,0,1.72,0,0,0,0,0,0,0,6,,,,0.17,0,1,1,1,,,,,,,,,,,
1791268353,GEXjq9Tb7perRs6fwBmuNZL5QAEsS2AWrGeZNBYBpump,GRAYCAT,4NxPoidGXJAmGcYEczHKS1qxurgCedzsAFxZWWZA9rS3,pumpswap,1790572207,0.000002697,2975.03,2645,2645,0,0,9.02,75.12,0,0,0,0,7,8,57,67,,,-0.7,-0.81,0,1,2,1,,,,,,,,,,,
1791268352,F3qyW7fB1K6yTpbQVCK4CqYrgHjnXYZ8ou3gQP6Kw8cN,FIM,6DXMnRJaoNh5WJs64MQQPXPe8G1XfSEkN5fntiXjSRhM,pumpswap,1790572274,0.000007025,6820.2,6822,6822,0,0,26.58,703.69,0,0,0,0,3,3,11,9,,,0.42,6.62,0,0,1,1,,,,,,,,,,,
1791268349,BdDnt2UWuv9hbUzPPAdzqp8zUkez5QHy1Ypexnejpump,UNDRGROUND,85oFh9Jhon3L8gtYQRGgLGY6fikgUN4GSsJFzTrCbvhf,pumpfun,1790539714,0.00001880,,18806.67,18806.67,0,0,12.15,24.68,0,0,0,0,1,1,1,2,,,-1.34,-1.34,0,1,2,1,,,,,,,,,,,
1791268349,BM2k8mJUbMthHoioykyUm2NjMrXvLBYhoXruwYLpump,LEVERAGE,51iLLzeznQMpJAJMNn4RiDRn3qybdYPD2vU7MbnrUwxM,pumpswap,1790575751,0.000007597,7159.95,7081,7081,0,0,65.9,1019.21,0,0,0,0,1,1,24,26,,,-3.02,-2.38,0,1,1,1,,,,,,,,,,,
1791268353,FbrMGVE2548HfpMVhYsybmYyUQVHMefMiUSkckyipump,TOBEY,5kJMCjNZaV5AHAniiqYNNM3LxZEUh76MhRJ6Gs1x5den,pumpswap,1790570553,0.000003364,3781.94,3257,3257,0,0,42.34,112.35,0,0,0,0,3,2,20,20,,,1.45,1.36,0,1,3,1,,,,,,,,,,,
1791268342,29BXYJnEa4BksBQLEtXnj51gpCidZiPCpGqXCSwGpump,ABUNUTTY,DYG4zXD9AkHQ9ujbctr2xTh4H5L559WtiyuayY3xJGSt,pumpswap,1790568818,0.000003515,3370.5,3333,3333,0,0,0,371.03,0,0,0,0,0,0,1,6,,,,-18.01,0,2,3,1,,,,,,,,,,,
1791268348,9p3NuCz29u7KUsjfrZcBPNGB2pryDpACggjSjYWbkpds,cum,6C8heAzKjQU9m5rSy2A8FG61bgMFd2rwwvM3GGA9TufY,pumpswap,1790581287,0.000004532,4197.96,4212,4212,0,0,0,0.23,0,0,0,0,0,0,0,1,,,,,0,0,1,1,,,,,,,,,,,
1791268354,HPmrRWHrbwWVzJiQfnxgPSRDDkD6ShMLnEN6VuEzvyEV,AXIOM,ENY6mbPK9mK4jGQppjYSFjkaFNAqnRedcqbsVfYgzvjz,pumpswap,1790581582,0.000003458,3530.19,3250,3250,0,0,67.09,74.77,0,0,0,0,0,1,0,3,,,-2.35,-3,0,0,1,1,,,,,,,,,,,
1791268351,ELP7DpZvv41KzWewe513ZPBwTESsuxgzCJzh9zXn8WGd,1000X,7iNfGK8YqCEi3NNCvy8rGyvWrGb4iFgTuTqFkdDmpf9g,pumpswap,1790582906,0.000002649,2723.19,2559,2559,0,0,0,5.34,0,0,0,0,0,0,1,2,,,,-1.09,0,0,1,1,,,,,,,,,,,
1791268344,3wkvhVS8gmT3dSwVYpEwPaJcDjL839gYv9sAD4C2SbVQ,CORGI,2LMStZZJttyTA4k6SDFVXR6EvFRtFS5G8oo5eLsH7yDE,pumpswap,1790583854,0.000002940,2986.79,2823,2823,0,1.02,1.94,3.38,0,0,0,1,0,2,0,4,,-0.49,-1.7,-1.22,0,1,1,1,,,,,,,,,,,
1791268349,BH2PVkGqyQDUUpAB1pdk75Q2zLh4dyfbfUsXUDvBX2FL,SHORK,BSgh1UmymJYMByDJKxjZarZ9XyTDTtHWawqAuZSAktpW,pumpswap,1790588499,0.000003105,3167.14,2934,2934,0,0,11.7,12.79,0,0,0,0,1,0,1,1,,,4.13,4.13,0,1,1,1,,,,,,,,,,,
1791268352,FPT65CmLh8gDJq6nZnpFMSQN7dkGBTchzypfeA4FPrFA,o,Le9ZR9xofNiyw4xV2n3sZzdenr68qgMnbHawKU8KAk7,raydium,1790588054,0.000004060,7585.18,4060,4060,0,0,11.36,815.24,0,0,0,0,0,2,3,17,,,-1.14,-4.38,0,1,1,1,CPMM,,,,,,,,,,
1791268346,76fFhcA142kf9gdg11ahYTmEiZnPXokxJkcF1axupump,KOG,C4E4jTqFXTsCYD2UvRTXmSDDjrMuLZtwrnxNJo9XYUJr,pumpswap,1790591701,0.0001978,40052.12,188575,188575,0,4487.92,7631.62,50985.31,0,0,38,9,53,18,253,158,,-2.11,-7.83,3.15,0,2,2,1,,,,,,,,,,,
1791268351,EQfxT91QExKEG7j1yEip15v9P1ybmWEAdqUn2Gqqpump,MM,DUqmnEMRw1dcKsenjPohRfSoqtc71kwafxazYCJH7eJz,pumpswap,1790587807,0.000002967,3244.48,2876,2876,0,0,3,30.7,0,0,0,0,0,1,1,5,,,-0.57,-1.4,0,1,1,1,,,,,,,,,,,
1791268342,2nkmqh65eHHj61P2FpvpAoHsMBvxAmSvM9LaRrgopump,NPCPEPE,AWPBGZNkm6MYqi2u4bh1sk1NWTpZBHe6yqvWQPGHaAMZ,pumpswap,1790593649,0.000002931,3575,2839,2839,0,0,0,1.45,0,0,0,0,0,0,0,3,,,,-0.63,0,0,0,1,,,,,,,,,,,
1791268353,GsyqitN9rXtrYCnL9B1J2FqdJvsPvrzkUVGjuiznY2PY,SOVEYX,B9eH4qCBHNtwjbHRW9ZJmT9kXmYzGvreE5Jg9DGfw1H3,pumpswap,1790528615,0.000003375,3262.88,3249,3249,0,0,47.64,212.71,0,0,0,0,4,0,8,5,,,4.33,-4,0,0,2,1,,,,,,,,,,,
1791268355,zVbJ3eRjhRbvKWAxP8xrXZAeAcSqk3vtTjCzzVAAphi,PHI,4PUBJe4CNmBXkoodR7Fc4EgbzbiS1ReYe1d5RDFc5eZz,pumpswap,1790595039,0.000004154,4449.17,3996,3996,0,0,3.23,120.17,0,0,0,0,0,1,2,9,,,-0.93,-2.6,0,1,1,1,,,,,,,,,,,
1791268351,EkFRff9a2jKztJHML1LG9FRmEkPJDR6XAYp3uCPdpump,SLOPCORE,3UMUTZeeVSLywQjeZ6sjngu3jc6oQSxpy2ApNH3xL8sf,pumpswap,1790553920,0.0004474,71530,436132,436133,112,15125.66,97693.64,304880.04,3,4,97,101,732,515,3599,1592,-0.96,-2.55,-23.94,-41.07,0,1,2,1,,,,,,,,,,,
1791268354,JVNThAXvkB1f7PLb3Fq7KjsJYCLTCvZYXMmrSQKpump,MAMESUKE,8ZEyRXckEvedaMB2Dx3mkRdBkYMAv5pV1XbKE7DxbAdz,pumpswap,1790592842,0.000002745,2920.97,2659,2659,0,0,0,0.16,0,0,0,0,0,0,0,1,,,,,0,0,1,1,,,,,,,,,,,
1791268355,byeJsNk4FnKKm3QXD74yhFNDtDjRLnfn7nJ3rg5j8qS,BYE,4rXhQF73ZWPpMYcCj78J9cqBcGmkxnXhghL9p2EMQGNH,meteora,1790596887,0.0003177,16309.9,41309,41309,0,0,44.88,377.09,0,0,0,0,21,0,80,4,,,1.11,-1.29,0,1,2,1,DYN2,,,,,,,,,,
1791268353,GAiNsyzxypevTDHxdf42wU55GeVbGuwDEeb3Ca8mpump,r/acc,2bVD3uKTZ57HQedm4RCU7NDYcyBZyhQtUf2XZC2NhAS5,pumpswap,1790568569,0.000003336,3268.18,3209,3209,0,0,0,21.31,0,0,0,0,0,0,0,1,,,,,0,1,1,1,,,,,,,,,,,
1791268345,5tCju6YNxHq5zrA6tGndr6F7TK42mpUFmeE31cSFpump,swordcat,8ewuF2o8ACro7fqWepZ3tKhkbBjndZU4Ldk9scRPw83d,pumpswap,1790586789,0.003497,242569.22,3358012,3358012,5390.83,84527.41,409265.36,3409092.65,17,14,342,460,2114,2162,15822,15241,0.54,19.23,2.13,23.77,10,1,1,1,,,,,,,,,,,
1791268352,FAAg5VLNJpTqawCbVxg5BqSVUAku5xrBebqU6vSGCm3n,FLIGHT14,9tL6pVmQ3cvbLrUWNT43rbKmFcBZXzLxvu7nt46ZSYDs,raydium,1790598072,0.000002543,4899.3,2543,2543,0,0,0,10.84,0,0,0,0,0,0,0,4,,,,6.17,0,0,1,1,CPMM,,,,,,,,,,
1791268349,B5HJCUbAztsKaQW38rUcQp2he9s75kGvT68Eh1mMBNY3,ZARVIS,GJBYJLf1vobAfow2HugmWfnTLNcKUXDqAV2xmNSEvgcp,raydium,1790598714,0.000007294,8094.15,7294,7294,0,0,167.88,390.96,0,0,0,0,0,3,1,12,,,-8.17,-15.47,0,0,1,1,CPMM,,,,,,,,,,
1791268347,8N46U2sYMJRh5dLuwCGdyYY4EsPEsGvtprXqB7pehDPE,ZARVIS,DCKHXKdRAHict7tosTwCcbwsVoCTcv7rUHX3n2gbHkSX,pumpswap,1790598837,0.000006416,5685.82,6207,6207,0,0,0,1.72,0,0,0,0,0,0,0,2,,,,-0.38,0,0,1,1,,,,,,,,,,,
1791268347,9VkvLUSeid3aoVUU2KD3chvMQF3QgXWgYhFiLqQcode,OPCAT,7zSKYTnHfV8wChuheWWSeWqX7xeR6kNCs4rzVGJhsn7v,meteora,1790574990,0.000005808,6871.56,5808,5808,0,3.41,201.26,2291.37,0,0,1,0,3,2,28,27,,1.39,-8.87,-2.5,0,1,1,1,DYN2,,,,,,,,,,
1791268347,9BSBzdxfaC4BTPFmCLMxjaTwMMz8LXiVZoMyNMPWhcvu,CMC,89iJxkmq9iSr9ivpfqn8sEn7SW1nMk1YqhNQaKikWXzw,pumpswap,1790600993,0.000004200,4202.15,3886,3886,0,2.39,240.37,256,0,0,0,1,0,5,5,8,,-0.67,-15.78,-14.99,0,2,1,1,,,,,,,,,,,
1791268355,r5r3EVBTXkBxJDJPNKGqprty2NGjP63MoS61JFipump,CMC,9c87hhh7G8At65JGxU3ndXreurCEtv4G4B9Q74gQPz3s,pumpswap,1790601056,0.000002695,2745.41,2578,2578,0,0,0,0.29,0,0,0,0,0,0,0,1,,,,,0,1,1,1,,,,,,,,,,,
1791268349,BHdfzHB5NHU4wfF7P46cJkA4PogmHYfnp51ijLSgpHa4,ZSHIB,CaREMnjWjZ1Pb4Rf1W8Y4XZbi7S6iMP526yZvteTeCUv,raydium,1790602135,0.0006093,75434.15,609366,609366,0,2880.88,44344.69,126181.62,0,0,11,3,150,103,429,390,,14.49,-4.21,-20.35,0,1,1,1,CPMM,,,,,,,,,,
1791268349,BKpPmVjnHmnRWUxVDgsFM8qfMDSG9fKPEDA9YRh1KMEs,Viscacha,eC6Q71YELnV1kNvNeRRWrmMqZsUJQYsh81trti5iRp6,pumpswap,1790601943,0.000003181,3222.13,3029,3029,0,0,0,321.99,0,0,0,0,0,0,0,6,,,,-20.02,0,0,2,1,,,,,,,,,,,
1791268351,DS6ePhDssKU2aW4Wyw424CRC7fYDHygmNu4cyMCc5vq4,Gentoo,3G8tvCiP7JnTWBr78WrgDFyTAS17VAcw9kDYDv7vmbrL,pumpswap,1790603769,0.000005253,5334.17,4996,4996,0,2.48,32.29,881.21,0,0,0,1,0,5,8,23,,-0.28,-3.02,-23.62,0,1,1,1,,,,,,,,,,,
1791268345,6qBR7sk15ZVdt1vx6j1JgtkuurK8WrapugFptWQCyzL6,Pygoscelis,5fPMykyh2Gc3HC3Rpj2TJQR2LnNuEm2tEEN6Nz9HMBv,pumpswap,1790603435,0.000005736,6098.51,5538,5538,0,0,400.12,1592.02,0,0,0,0,2,9,19,35,,,-13.89,-19.21,0,3,1,1,,,,,,,,,,,
1791268354,N7Q5fYX7YRnDQksfdBKnoUb3awm92n7QNAD35X3Rq1X,NOK,7BRs41whky17xEGvADRgHngEiHVKnQ4CGnP2J1z2TpgT,raydium,1790604565,10.22,58002.64,401485,401485,0,6.9,86.2,28531.55,0,0,0,2,0,4,72,166,,,-0.04,-3.45,0,0,0,1,CLMM,,,,,,,,,,
1791268344,4NynHc4PchhnVFjERb5THm9JwY5kzmLtEF7ZwKvcpump,PACIFINU,4VJG8gMPKe4nMBJegeA24pryRn6z61JdSAqsHyLPnMf9,pumpswap,1790605056,0.000002634,2864.84,2607,2607,0,1.72,34.23,114.64,0,0,1,1,17,10,63,71,,-1.65,-1.83,-2.38,0,1,1,1,,,,,,,,,,,
1791268350,CZWyKU9MghRchXXw6x34aPN7MGeQR8QJKwymX6cpump,AZZ,EZQ2RnWp2GvCZMJvV1VqMvfAH613gFiNkHzTbdZqREpT,pumpswap,1790610178,0.000003310,3415.86,3227,3227,0,69.83,69.83,168.12,0,0,0,1,0,1,0,3,,0.05,0.05,-2.51,0,0,1,1,,,,,,,,,,,
1791268348,9pMXEbTjQ5HHiYifGbNBwkMkrQxGyhuSmB8ndKNXpump,SICAT,B4kJcppu2bxh7srJmEJq8NVM9SrpZVLum5YVjGq6VChH,pumpswap,1790608872,0.00001436,11436.64,13893,13893,0,93.13,306.44,1843.31,0,0,0,2,4,13,23,61,,-2.57,-4.01,0.73,0,1,2,1,,,,,,,,,,,
1791268343,3ErG8UG3VBgHtNUWcUJK74KxEKCPSCviDgx453ytW4bW,PNN,69PSVWLb6qXdx8RJN8oTTchfBB8VCDYprKQxi5RWiJ58,pumpswap,1790610360,0.000003977,3740.65,3762,3762,0,0,11.38,940.77,0,0,0,0,2,0,11,11,,,1.15,0.61,0,1,1,1,,,,,,,,,,,
1791268342,2GyjqZhMUWxpuiVgypqV6KZ1agbzgitEVUU16mSnpump,BAYPAY,5AMiVtueS8hLsSd5hF9tYEQ8fUtZxrpRcTuSPjgkPxoT,pumpswap,1790612904,0.000002563,2592.82,2482,2482,0,0,0,0.29,0,0,0,0,0,0,0,2,,,,-0.67,0,1,1,1,,,,,,,,,,,
1791268343,2yu92oYzBWLAdVpu8BoaLzmM1oxPsHoboay2BXmeDDZr,FROINK,5L6SiELCoXrV9CtcfwUGKJf5EzCRTyDDmkbth1yEKp9f,pumpswap,1790608143,0.00002562,17209.17,24636,24636,0,0.09,1209.12,4481.95,0,0,0,1,11,13,48,81,,-0.18,-3.51,-25.15,0,1,2,1,,,,,,,,,,,
1791268349,BW1HeTnP1ZpSyvoExMKCW86vdEAShjwBV6dUfgZwpump,SUBS,whjdPho1efdTJQ6N3kqeSRiM9dab8DkYHFDprGekoqs,pumpswap,1790609333,0.00001365,9114.92,13304,13304,0,3552.57,6137.41,6834.46,0,0,38,38,65,57,66,74,,7.9,22.46,-3.01,0,1,3,1,,,,,,,,,,,
1791268346,7qLn9eW3CHiCMJWokv4Kxmgs4daSnnRE4hxAzqqFpump,STILL,CgKUPJruYqA517biEm4kpF3tUqf3ecKDyzyAVxtMLCYH,pumpswap,1790612412,0.000003098,3269.99,3027,3027,0,0.49,0.49,35.31,0,0,0,1,0,1,0,5,,-2.24,-2.24,-2.64,0,0,0,1,,,,,,,,,,,
1791268352,F9SAHZVQ7U1mgx8V9Xk1a1EgPtrEVsxQJZa9CUw8uQSp,LOOT,Bh4SPn8PhZNouGA5HbU4ZHKx5dppfsosxUVw8fBMLB8G,raydium,1790437420,0.000008741,12271.31,8741,8741,0,0,68.74,800.7,0,0,0,0,1,2,6,14,,,-1.78,-11.78,0,1,2,1,CPMM,,,,,,,,,,
1791268342,2EUKLvNQ63YCmjSDyJ14Tzj7ASeHGXgseYWrKAa2mine,MINEPAD,6iYoSjHFnBYLAoXAk9okj1GLDWhTtsCMUzr6WCDU7Lgm,pumpswap,1790606100,0.0001234,34754.21,114185,114185,82.09,454.28,6774.63,67019.56,0,3,8,5,66,49,645,553,-1.02,-1.13,8.17,-21.61,0,2,1,1,,,,,,,,,,,
1791268344,4Exc9SfSRRButkzTT456SPa6sTzQCb8pnfqcUECGpump,JEANPAID,EJDa4ai1wS8uiMeFupvmzyAamLUYp8GvLtvWVLqcicGv,pumpswap,1790616858,0.000006080,5205.04,5908,5908,0,0,0.48,154.08,0,0,0,0,0,1,2,9,,,-0.61,2.61,0,0,0,1,,,,,,,,,,,
1791268353,Fr4a6ZvEh6En6enWPjhDNeittzeN7J94HDpTdja2pump,SP,H1PRqDadyz1L1i26oHCDUDipb6tmX1a7YpAZv3LZJ9Qa,pumpswap,1790619892,0.000004683,4650.6,4303,4303,0,0,1.99,19.11,0,0,0,0,0,2,8,14,,,-2.69,-2.37,0,0,1,1,,,,,,,,,,,
1791268345,5HpB4gU9M7xtHC2fLK1FXP7UuDQUvJTRD6guwPKPJUGi,BLUB,3x7tLbTjGFakK6MiTEeyUiRhqLejsDJoaUz1kYvrnj45,raydium,1790448559,0.00001025,10091.39,10258,10258,0,0,220.69,5033.39,0,0,0,0,2,8,43,49,,,-7.48,-38.48,0,1,1,1,CPMM,,,,,,,,,,
1791268350,CCU9jkaWPRjdsKuTRJa7gJZ22Qf1gXSZQiDV69JNG5W3,STUPIDINU,FtjiLNx6fzXPDWaQ1sreHsqcKqU2eadmpaNv7at2ZTas,raydium,1790616279,0.000005650,8271.64,5650,5650,0,0.02,83.04,590.03,0,0,0,1,5,6,14,23,,3.38,-0.88,-16.79,0,0,0,1,CPMM,,,,,,,,,,
1791268349,BgdmnYfBc5xj8akTewzX28DPNfBqgkkKSaAE6KxqfTYu,CANARY,6jsP1zXvBMKAux5aceJ635S1BwctHvTFDSaG9NcutCvV,raydium,1790615230,0.000003367,5398.48,3367,3367,0,0,0.15,62.44,0,0,0,0,0,2,1,5,,,1.18,0.51,0,0,1,1,CPMM,,,,,,,,,,
1791268355,braiZ1pbCMTvXJ2edndcDsE6dogezr7jihPSrwKH1yy,BRAIN,GozNUt1xhhCE9xh1FdqRaYHnxvL2mc2BSZiZw8yNEiyv,pumpswap,1790619121,0.000002768,2820,2629,2629,0,0,0,4.23,0,0,0,0,0,0,0,1,,,,,0,1,1,1,,,,,,,,,,,
1791268355,Xf3nPbRGub2NrnQ8WiSBgswP66DMGmttJYmuHYgpump,POUNCELOT,FJW4WoiBUMTowTjMu7D8pXdfPRTg3viFnp897xron4z6,pumpswap,1790617245,0.000002670,2958.29,2639,2639,0,1.8,18.44,91.75,0,0,0,1,15,6,54,46,,-0.88,-2.39,-1.93,0,1,1,1,,,,,,,,,,,
1791268355,cbADAmv9issuPfhFwyQG3xac4DGPd1LDSt1oz7vwJsg,cbADA,5FbJG2CmQVSmbfopTtYzMr4YX7Pjhyz4XroRWmxYVKjd,raydium,1790618938,0.2682,80084.98,,,111.26,1846.55,10750.56,41605.26,0,2,0,26,50,96,182,379,-0.05,-0.87,-1.22,-1.23,0,0,0,1,CLMM,,,,,,,,,,
1791268348,AfVUPhruMtJuFVtPj4u8kvpNbNEuy7VQ3ME5eAHq9999,STOXES,AGubQRJ5T5snYFmUHqbxq4zobCHBhkw2jnC79mHaPqtc,meteora,1790618704,0.0001139,32059.88,92847,92847,113.5,428.32,1827.01,30400.7,1,0,5,2,15,22,200,178,0.65,-3.17,-7.11,-10.92,0,2,2,1,DYN2,,,,,,,,,,
1791268343,3YWbeb3gozGGQFNSv384BeZqTexPMmNns5vvjb7Kpump,Joe,EgqpnnVwb6aFZcWgaF932jbTtzc3kmGpZWphM9MgwQeA,pumpswap,1790620820,0.000003134,3458.62,3078,3078,0,0,0.11,8.18,0,0,0,0,1,0,1,6,,,0.95,0.13,0,1,1,1,,,,,,,,,,,
1791268347,8VxaJHWP9NGYVDeYexGXXbmpmoiVXNvspjqtkbZUpump,FROINKCAT,7VzEdZJ4cQW6ymXk6MNv3mijtokia6FC3aRLw5ZsGj6o,pumpswap,1790622581,0.000002616,2765.65,2571,2571,0,3.44,29.46,204.43,0,0,1,1,10,13,89,97,,-0.27,-2.04,-2.09,0,1,2,1,,,,,,,,,,,
1791268344,53gTSW4WFgrRHgQCtf5CyXgrEBNyNWHobYBAhqQJpump,SARP,DfSPxKSfu54iWjHDyGb4QeskRdewizhAwcZj97XKp5qj,pumpswap,1790622081,0.0004949,63279.94,487965,487965,603.78,3893.71,11572.84,75291.02,1,1,30,14,119,86,608,480,1.01,0.35,1.01,25.65,0,1,0,1,,,,,,,,,,,
1791268351,Dk1NXoFkQdPtSpg2L7JsCNzZvxcyF8KHjNUEKkxDpump,E/NYANCAT,FAyBhWgtJK5K5NB9dCtZmX6452W8CWc5MZNA8pwUtWKS,pumpswap,1790622030,0.000003422,4325.22,3324,3324,0,0,0,4.39,0,0,0,0,0,0,1,3,,,,-0.68,0,1,1,1,,,,,,,,,,,
1791268353,GuW7v9moS4MECUKwosj1DA5nb1Zvu4ju7cnWNY25pump,BRAD,9gwVRvf9QcxJbYc6kULZTCPCa9jpaysYg62rxDhHsiwt,pumpswap,1790622521,0.000005797,5396.91,5511,5511,0,0,5.11,213.4,0,0,0,0,1,1,2,2,,,-2.05,3.4,0,0,1,1,,,,,,,,,,,
1791268348,APLwmQEyK1oYptMboQ2iFbAiqhomaz9H2vQQF8J2pump,Fo,3XkT4MRE5Rs2dcAGUCRnzVEmWS4hd9BHcMbN2xuK3sRC,pumpswap,1790623152,0.000002508,2525.85,2411,2411,0,0,0,460.81,0,0,0,0,0,0,4,4,,,,-1.16,0,0,0,1,,,,,,,,,,,
1791268344,4KPFYgMQg8Su7ZaqDduSYEZXPmh8fyUgot4yooZtpump,e/acc67,DW3bYLJfTPDX2TQNFFXK4Wok3UM6oBZdGPfWzAR1Td2F,pumpswap,1790622977,0.000002694,3031.14,2613,2613,0,0,0,8.41,0,0,0,0,0,0,0,2,,,,-1.06,0,1,1,1,,,,,,,,,,,
1791268353,GBTkSzep7xDoBGWK154TvaJWWzsb8rw5GWChNcoLcYM8,p/xmr,4Xm1kWa4xTNL4ingsckGELLBHq54LttLJLVE4AdFYLmJ,pumpswap,1790624098,0.000002918,3202.06,2865,2865,0,0,0,4.58,0,0,0,0,0,0,1,3,,,,-0.71,0,1,1,1,,,,,,,,,,,
1791268343,3SzFBGJCS2752BnPcByUMFuYFN7KgSpn354FDNvCwtLH,GOIF,HBSHKk5asbkeKvHQY6mtWP9optSGtESUR9ZcSaFndnDf,meteora,1790615139,0.002776,52368.84,2776303,2776303,291.68,790.8,12311.63,51613.38,1,1,3,3,80,83,316,319,-0.03,0.47,0.39,1.39,0,1,0,1,DYN2,,,,,,,,,,
1791268342,2gSgbNue3spuFGoiMSCvFo3G9yArciFeSdyCi65pvo7P,UFO,EMT9ahTjtKH1PZ7VXrR1o53cytA5evuiUpqkF4URszB7,raydium,1790623709,0.000004576,7078.81,4576,4576,0,0,15.45,23.09,0,0,0,0,2,0,3,3,,,2.97,8.18,0,0,1,1,CPMM,,,,,,,,,,
1791268344,4akevTN2EaqUKDT2jhcRH4oRk5cppwRdaE5MGoT8pump,CLONES,3hAJsk3dyaGApDYz2UHLRoRAXmVmqaw4xunBoDDoCWnn,pumpswap,1790624758,0.000002865,3162.3,2792,2792,0,0,2.86,18.77,0,0,0,0,0,1,0,6,,,-0.22,-1.68,0,1,1,1,,,,,,,,,,,
1791268347,7wBt7aNt1DBzE3WPbPQruhvo4x7Y95PBHnBMVaBLpump,smolpp,B1tr6mCUL7SpTRwPviYGJqUAtnUUwLUh2C4Do4g8czPr,pumpswap,1790623340,0.000003163,3310.18,3053,3053,0,0,0.02,109.36,0,0,1,0,2,0,9,2,,1.81,-0.69,-8.73,0,0,1,1,,,,,,,,,,,
1791268344,5BjfgmtfqvNpAWx1CnZynoWLWNMnrwHLhTFzQ81vkEc8,ClapCat,4eR3ddyPzgrLgwbgfEA2MP1XUsQpYCvMT2zGgwY5XaQt,pumpswap,1790622415,0.0001793,39675.61,170852,170852,228.39,2966.74,16628.99,152677.05,2,2,36,22,136,90,1010,747,-1.1,-0.68,-30.22,-20.99,0,0,2,1,,,,,,,,,,,
1791268354,HGN8K3x5ZLfYNjvE8b1hCqqu7RwupuKU6EkEhemzpump,SNOWBALL,AvF6mHTXDcSLuq7NUWyTffaRopRkM9Sjh7ruFPNGnZqs,pumpswap,1790626465,0.00001460,10735.54,11142,11142,0,60.12,160.54,5342.63,0,0,1,7,6,19,96,124,,0.88,0.02,-5.1,0,1,2,1,,,,,,,,,,,
1791268350,C1mBfBoDkwWfd6uTFZp62ARHLjeVp3bDpCDMfMZtPngE,HOOKED,C7r9jXWiVYmBYR2Jj5YSLiEitUGJPjQXWeg7HPU8NwUk,meteora,1790625916,0.007604,347316.19,7205451,7205451,0,4000.77,122154.19,738430.81,0,0,16,3,138,183,704,810,,2.58,-11.96,-2.96,0,1,1,1,DYN2,,,,,,,,,,
1791268353,FjKd8GR4uwYQymh87VhknT7w5iS8qz1DM8ZHPCWZpump,HAUNTED,DR9mPT44EBnhzw19UDi2FeGxBXKFfxqKBmnY8qY2aiZM,pumpswap,1790624265,0.000002696,2849.03,2621,2621,0,0,3.55,72.26,0,0,0,0,3,2,40,34,,,-1.45,-0.93,0,1,1,1,,,,,,,,,,,
1791268351,DKxXdaMC1so182urvrrnhs6V6fGTrttPS8br6JuEpump,AI6,A8mMNioRKoRXcb8nVVRy9KV7ZSPyfTTm13ye4bSgHw7F,pumpswap,1790628334,0.000004912,5079.14,4869,4869,0,0,26.47,52.99,0,0,0,0,0,3,2,10,,,-2.99,-3.36,0,1,1,1,,,,,,,,,,,
1791268351,Dvx47FCHEa77thmxtgzfyx35vq3cPvy2D7mZfpCzVwUP,1%,42v7DBnWH16M8ARkDcg815hmsuwKQxWR8waEUtct7ZjK,meteoradbc,1790627663,0.00002321,,22042.86,22042.86,0,129.05,2060.11,12394.6,0,0,0,1,10,9,60,74,,-3.13,-9.45,-29.1,0,0,1,1,,,,,,,,,,,
1791268347,8LmvqLQhC53pqTyChaGLUCYJgMrcAGiKN8FGEm8Gpump,Catemas,5c7zAA6SASDNEZKqZWQpBXqxDjvFSLndig9yWaSv5R8L,pumpswap,1790626080,0.000002565,2602.44,2470,2470,0,0,3.97,12.59,0,0,0,0,1,0,3,2,,,1.6,-0.06,0,0,2,1,,,,,,,,,,,
1791268354,LmQqKehqhiz2wcVMSYx4ufDew4p87Lb6x46AcLrHmzF,Collectinu,CucaxtHxUk19D4Vi3TfMAYfshg21TS49MbWJMZUKTd6t,raydium,1790628261,0.000002607,4974.81,2608,2608,0,0,0,0.45,0,0,0,0,0,0,0,1,,,,,0,0,1,1,CPMM,,,,,,,,,,
1791268348,9k7NgXqiJ7tvLtiB6HXdJHnKZZynFz46AB6Eg4Uwpump,INUINK,E2549WVzvMXBSknhM4nEbMVW1QoqEULoLWKwWGngg8sj,pumpswap,1790626616,0.000003175,3891.91,3146,3146,0,0,4.52,12.34,0,0,0,0,2,3,10,13,,,-1.69,0.24,0,1,1,1,,,,,,,,,,,
1791268355,WNnpLo7Mjx3mGw5Vu41EyXUd4CCyJyVHoXVkGdMxpLU,SUPERTAKE,C8q259EgqS1wzRuBymaD672iT5ezopYgD2HsiPRcGcrm,pumpswap,1790629466,0.000003284,3305.68,3188,3188,0,0,1908.33,2436.45,0,0,0,0,4,1,16,22,,,1.34,-7.94,0,1,1,1,,,,,,,,,,,
1791268347,8n1Qyjo7LrQMFaZsTJ3K1qPkNRMxDmS6R4eDjkvjpump,HOOKEDCAT,CSNs4q1tN3gUDEKgXKUZPAFZdZncUJvPffh2ZzydH5g5,pumpswap,1790629083,0.000002936,3492.55,2884,2884,2.42,2.42,8.44,263.44,0,1,0,1,4,5,18,18,-1.05,-1.05,-1.33,-15.86,0,1,1,1,,,,,,,,,,,
1791268352,Ew2gmuMt4W5tjqoc4bUdWrcPBgBp6MYXUBFiD1TTpump,BUTTERS,E9vC5WedxRCmZMpAbRJCdqJUkC3xNEehqi9BuZL1inGA,pumpswap,1790629952,0.000003277,3321.11,3192,3192,0,0,259.21,857.66,0,0,0,0,2,0,3,11,,,16.31,-23.61,0,0,0,1,,,,,,,,,,,
1791268348,9nwLzYqpTHnA64UL9a2m74qLYbNagXDeua1iBmorpump,BINU,FNzh197AcF5LsjaULSdz6SM7Wxfo8pK9T89VfRvaY5ZL,pumpswap,1790629089,0.000003375,4195.91,3280,3280,0,0,4.4,10.96,0,0,0,0,1,1,2,5,,,0.54,0.96,0,1,1,1,,,,,,,,,,,
1791268350,CqUZ8nFCzqrfNmU7GK9BZroCFWnhRpygdUoiYJxmrpad,xmrpad,6BHjuEAwRfHZvrkhdjRapZa6HzyNHWQu6yysfq9LTvXt,pumpswap,1790635445,0.000002992,2999.47,2873,2873,0,0,0,28,0,0,0,0,0,0,1,2,,,,-2.93,0,1,1,1,,,,,,,,,,,
1791268346,7dbey6My9ksrNqcRbfwEkMBT98L1PYqke3FhQcv9pump,Coinlator,H2nyraVU5zwYnRVv6jnkLu5UXtDeugUUanU6iSqpezLs,pumpswap,1790633126,0.000002836,3097.98,2774,2774,0,0,8.28,10.06,0,0,0,0,0,2,0,5,,,-0.09,-1.78,0,0,0,1,,,,,,,,,,,
1791268344,4JUv66RqP9ed78ajpNpuTbC1rGGgQwBwei4agQtGanTb,Loomer,EfYLFXSxuWQHidNBYvVR6thkgYENeDpRy8P9JGYHfBPX,pumpswap,1790632327,0.000004922,5030.42,4728,4728,0,0,36.24,147.56,0,0,0,0,0,2,2,7,,,-3.84,-2.06,0,0,1,1,,,,,,,,,,,
1791268348,9fc7ApwQJtVt3kjLQQ1GzRh6zD2a2wb4qzPLz8wZRqzp,nipples,Bez7gAvU8SJfPejASyoCZCnvsLAdW79fr42MAnyeYpu,raydium,1790634952,0.000003859,6913.65,3860,3860,0,0,20.89,32.87,0,0,0,0,0,1,1,3,,,0.6,-0.24,0,1,1,1,CPMM,,,,,,,,,,
1791268351,EdYKmD6gwazdMQBeadHpSuSeTpjtnbxkpfXCax3Lpump,Loomer,BZBT6eogfdBrnMScMJ18TzTzzjA6FpBwwuSXTXaF4ht1,pumpswap,1790637600,0.000007860,6597.08,7555,7555,0,78.42,968.46,2546.8,0,0,0,1,8,8,30,38,,-1.83,-25.54,-43.9,0,0,1,1,,,,,,,,,,,
1791268350,CyeorQCHgyGYLqupizxAwqkpA9zJnZ8PFUmWadF5pump,KP,5q3JUKNfdh4jF4vNrcoNzq9gTemavSpffdV5ubCpvQ9r,pumpswap,1790633818,0.00003968,18796.42,39522,39522,0,0,0,518.58,0,0,0,0,0,0,5,6,,,,-6.31,0,1,0,1,,,,,,,,,,,
1791268350,CzdNEEHHjFZJ5dq7jjDViqWP1AxtStN9B2A12Qn3UmH,LEFTCURVE,14UCLEyKhFtcmXePkiRn8WAqKGLKTYm4uhNg6qNSSw7M,pumpswap,1790622052,0.000003540,3613.01,3376,3376,0,0,0,93.12,0,0,0,0,0,0,1,2,,,,-6.23,0,0,1,1,,,,,,,,,,,
1791268350,BvSX16gMqPaRPcBzkmBnNfV7B6VM5BpGPs7oCpdppump,SHALAB,CgnNGZJvLoYLixZqQaDPK7n6hHThpLXLSoDLYjujMkSH,pumpswap,1790633280,0.000003048,3100.45,3009,3009,0,0,0,8.07,0,0,0,0,0,0,0,1,,,,,0,0,2,1,,,,,,,,,,,
1791268343,3PjwCqfGMR8CXZbcPEbGTSPQGduizdoVz4N1RQmJd8Uv,Carla,3LJ5CnSij5rpx6QP6AsYHY1W8bdpzjBMd4fM3W2mbjVo,pumpswap,1790636126,0.000002612,2658.83,2465,2465,0,0,0,338.01,0,0,0,0,0,0,3,8,,,,-1.8,0,1,1,1,,,,,,,,,,,
1791268349,BgwfQ2nezfeeCdSkuhJzVa1o4LontBRnhEuwiiskpump,Zubit,4oN4yhp29WoRrRPsT6AbvbscsimaJtNYYhvfYcaDsooU,pumpswap,1790634881,0.000003616,3808.87,3538,3538,0,0,2.57,3.72,0,0,0,0,0,1,0,3,,,0.24,-0.16,0,0,1,1,,,,,,,,,,,
1791268342,2d79yirWWZmzf249y7B4DMvgaSb7jgrCxrwTcweFpump,STOCK,9UqFNPpyCzjhJKWnEXBUxFSsgA6g9HLa8yU19mAmcUnE,pumpswap,1790638001,0.000005182,5146.54,5024,5024,0,0,25.83,216.9,0,0,0,0,1,1,6,21,,,-2.34,-9.46,0,1,1,1,,,,,,,,,,,
1791268353,GfdtRzvRG6YSXxTiW4eukTdxeBuQViPzHwUX9YLXpump,BUJC,7jo1NaWhJqBbKPE6AaktGGo5qd2qnea6iB3qnbkLcEJj,pumpswap,1790638802,0.000002649,2982.28,2577,2577,0,0,0,0.04,0,0,0,0,0,0,0,2,,,,15.66,0,0,0,1,,,,,,,,,,,
1791268354,H8WTvo3ZXSYHJAcYqzCforbG8coR1FDAX2kHFfqHBAGS,BAGSPAY,DxSBgaYreFNFxGu9TEC17n4Usq5jjy4Zf9djT7RBLrGf,meteora,1790638863,0.0002018,63635.56,201814,201814,18.74,3268.59,12155.07,50815.76,1,0,14,21,79,94,352,349,-0.34,4.44,26.9,-5.46,0,0,1,1,DYN2,,,,,,,,,,
1791268344,4tvcXSyhPfb1vQQWunMmMzmVNCJGMYrXgtv3bEbSpump,SITRUMP,HhnhZTbXzzEmYLNNzyQSBXWD5s4AEQptqJkBC8N5SGCZ,pumpswap,1790639788,0.000006229,5634.33,6118,6118,0,0,0.91,92.93,0,0,0,0,1,1,12,12,,,-1.86,-2.31,0,1,1,1,,,,,,,,,,,
1791268344,4kgo11KazbCNd2DosYSLGpgSZhEtda1gGu4rbWJLGCJV,Murphy,7CCRs48eJfvTuiZKLZvTKCdJS3XU4mTUozKw2xhyRevT,pumpswap,1790640443,0.000006172,5911.31,5930,5930,0,0,0.04,10.37,0,0,0,0,0,1,0,6,,,-1.09,-2.54,0,0,1,1,,,,,,,,,,,
1791268355,tYLAYuNEJbuvDzuERBHSHAeVFZTgkkSLPwrRwHzpump,USDF,2C8y5L54WKjRoTAFqhw96pWmwTD5qdf5fpMWArLpHMpo,pumpswap,1790644682,0.02040,416740.1,20396378,20396378,627.25,9001.87,58802.57,225040.52,13,9,174,115,1065,689,4256,2752,0.09,0.09,7.5,21.27,0,0,0,1,,,,,,,,,,,
1791268343,3kmygWKZBkCYrgZHKfiuB9UFKTcDLTFFsKo3BWpmpump,PARASITE,4zLRGHwKdXyaTovP8UkV66CskWgo9E7kAaGYcw1vFh7E,pumpswap,1790644646,0.0001986,54294.69,190404,190413,758.91,1737.16,21415.07,118463.56,4,0,15,12,162,155,1038,1014,5.96,10.65,16.33,10.81,0,1,1,1,,,,,,,,,,,
1791268349,BhNmfTQuSdkdgVPhZ5fCJnxa1xYTPqkdjMn7LhLYhype,XLiquid,uvfLdQVyhhVKracMj2NyzT9L3tohpFnhAJreLdThqPV,pumpswap,1790647512,0.000002705,2903.19,2622,2622,0,0.34,0.37,0.42,0,0,0,1,0,2,0,3,,-0.74,-0.48,-0.48,0,1,1,1,,,,,,,,,,,
1791268347,94mo6yYt5z9t31TjS257coYsRX7b7KPTKWVRzAnuLECr,JEET,5U5CLq5r21ytNivjPe9ahardJ3ef7nDDzuAFsRe4TwF6,pumpswap,1790647174,0.000003020,3031.17,2886,2886,0,0,0,0.5,0,0,0,0,0,0,0,1,,,,,0,1,1,1,,,,,,,,,,,
1791268343,2sDeSDUigrzYKRhZBjjs8AJDyMYroRyVAsUzzq9D4sqr,Adventures,6bGK5L3CMcv34Jk3gcHW3RwBkGv1QQxcbKaL4SrygryC,pumpswap,1790644356,0.000007556,6684.6,7333,7333,0,6.22,60.94,1157.49,0,0,0,1,0,4,18,16,,-0.15,-7.12,6.11,0,0,1,1,,,,,,,,,,,
1791268350,CLsGDf5QSp62QsxSGYuZetaA4WEGmKuq7XvKwkFcpump,GITFEES,AQsQp6n4pdNAVR2TbHPaCawX4Z8SGH8BrcRNvKAQ6U5v,pumpswap,1790639241,0.000005554,5104.58,5271,5271,0,0,209.08,8645.28,0,0,0,0,4,3,133,107,,,5.2,-12.58,0,1,1,1,,,,,,,,,,,
1791268343,367vwbRPVi2vgEZqdEwEoMYNo5ESdypuznPT3isdpump,CASHED,6huJftiwUiC9xubhBWEFEdjrs5TcWqsA7Tvcjuke2tow,pumpswap,1790648206,0.000003231,3299.6,2919,2919,0,0,0.02,0.13,0,0,0,0,0,1,0,3,,,0.66,0.54,0,1,1,1,,,,,,,,,,,
1791268343,3NLfcS6P3RpVQ4i4he7xYp9amQScvTvoLMi5iY7cpump,LAP,B426apUrQMYC1ocQRkyfKDpyGV9dNQZ6TbgXugAUUgzd,pumpswap,1790649236,0.000003389,3493.69,3249,3249,0,0,0.1,6.5,0,0,0,0,0,1,1,3,,,-0.76,-0.96,0,1,1,1,,,,,,,,,,,
1791268350,DHT1Ko1NcGu3wxmV3J8Vh5zbqWKxq5ustAgC2AWrpump,WOJAK,6TeiEwAHFuPCEgzAMvFTgpV7nfxpU8NB3Xh4d5wFGaXm,pumpswap,1790651707,0.000009786,7208.32,8753,8753,0,11.4,58.39,169.67,0,0,0,2,4,5,8,18,,-1.79,1.01,-3.4,0,1,2,1,,,,,,,,,,,
1791268344,4aDtkCadyWomBewuynPi7Y8NR41dKXAmUMFYMLBxpump,DUEL,2LVxwXzWGxeDHHZp1vB8iZQfqzwYRj3NcnY251Bd47Ut,pumpswap,1790650652,0.000004710,4517.24,3811,3811,0,9.7,1020.25,1047.58,0,0,0,1,5,5,9,11,,-1.43,-1.58,-4.01,0,1,1,1,,,,,,,,,,,
1791268353,GguztAZZv3GsSjzFs3qp18X2jqeAr2YmbbkmY2AZpump,Academics,8uR87GQT1RChyDRSVM1FuJq8PBEHCuWhPbJpyZ1x5v5u,pumpswap,1790650589,0.00001496,9308.75,14252,14252,0,14.51,455,3789.77,0,0,2,0,18,14,76,65,,0.81,0.6,-28.63,0,1,2,1,,,,,,,,,,,
1791268348,ARTogbghxtR7v8wVjnChmxZoAQ5FWazuTp43sM8Zpump,SWORDGUY,A3wVyaSGM8DYDHCjFZBGhWZ9zuXJwaFDq3HWb4dw1mz1,pumpswap,1790652165,0.000002547,2806.92,2500,2500,0,0,0,40.89,0,0,0,0,0,0,0,2,,,,-0.47,0,1,1,1,,,,,,,,,,,
1791268344,4kYsZeMw45RXoeJg8BjyeZVtwoTQ2LAEoZckwK1kpump,PCAT,ATqCNEuM5EP7Ki8NEQGaCSKbrceYYquBi2D7EpyccKdr,pumpswap,1790650493,0.000004192,3941.74,4062,4062,0,0,0.27,637.16,0,0,0,0,0,1,3,13,,,-0.34,-18.75,0,1,1,1,,,,,,,,,,,
1791268344,4TKsdzn7TzK1KuzLS8taqW6okLsyMaWvxwtqyH3iLdRX,BEAR,31D6F92x3aG9w8o3MVEsdZwuxdxrYrwjCEaPvcSK8i1R,pumpswap,1790653233,0.000003126,3371.16,3072,3072,0,0,0,16.97,0,0,0,0,0,0,4,4,,,,-0.66,0,1,1,1,,,,,,,,,,,
1791268344,3sJLXbRoBgVgeDnCCfmdSZuJQRtuyPRsJmMTCZumWH9Y,ber,btpnkVs4vbJvpvyUV259oPikLuUkVo2CeJ2Q36rdesJ,pumpswap,1790653549,0.000002861,3174.72,2777,2777,0,0,0,255.98,0,0,0,0,0,0,1,4,,,,-3.43,0,1,1,1,,,,,,,,,,,
1791268347,7zJDJdbiPk7EzpPK8GX6QqHF3zWXFdauNJFiBMYnSTNK,BTCBIRD,5oCdCBHmSiCzQ6Feo9214ihrQncHsEbrt9yteggMLYmQ,raydium,1790654903,0.000002590,4819.87,2590,2590,0,0,0,0.34,0,0,0,0,0,0,0,1,,,,,0,0,1,1,CPMM,,,,,,,,,,
1791268343,2uPFpHPaQUyrrsRfYeziTjzNoju449gruMQFRie2pump,Virus,7mZmfuz1DtBxSYsAaxEpkkThLLZv9sFyDdiktG83fE62,pumpswap,1790656541,0.000002724,2785.18,2637,2637,0,0,0,476.44,0,0,0,0,0,0,3,6,,,,3.52,0,1,0,1,,,,,,,,,,,
1791268354,J9gXX3PtUX2WrhnWokWwibnvvfMbHSqCh6aebaKrpump,LUNA,Csgf7HXufnk8sSmkv49wPspCCPjGRpJ9y4vddan7x6Jz,pumpswap,1790654376,0.000004042,3760.75,3876,3876,0,0,10.94,220.35,0,0,0,0,2,3,7,7,,,-7,-13.95,0,1,3,1,,,,,,,,,,,
1791268346,7ioeSgzfSKHMnpgfPpgRFsekMBGiu9oi6t6GeqYtNbbh,CURVE,7Pu2ytSzMwg5qhMxXV4qb4ie7gCGhy3kYjbgwFdfmMPB,raydium,1790658485,0.0002790,263431.79,278526,278526,40.11,907.53,17620.44,68144.5,1,1,5,11,28,70,211,214,0.02,-1.72,-16.97,-13.05,0,2,1,1,CPMM,,,,,,,,,,
1791268346,7MYpDaZ1Uorg1QtkjWK25X2K4UoNk88854jfopAXxNKs,DOTS,4UZFVgHqgzDxvfeE1eu4cVv6boonSKsjpGT4JiScGPRt,raydium,1790623089,0.00002792,20322.82,27928,27928,0,0.44,839.03,26708.95,0,0,0,1,10,10,159,143,,-1.33,0.13,-1.36,0,0,1,1,CPMM,,,,,,,,,,
1791268350,CZhiyUF927C4NbSRDwytc44yRtTgr2tPRDrDPf9bsimp,SIMPS,5WVnTankvT59L4EigBPV8TpSzd6ikdy2F3UGuquWVmbJ,pumpswap,1790661224,0.000002669,2658.05,2512,2512,0,4.23,4.23,4.86,0,0,1,1,1,1,1,2,,0.17,0.17,0.17,0,1,1,1,,,,,,,,,,,
1791268346,7KRkpz1dWtvofPY6m9hbHNdb1mP7tPoNb2NnYYzGYcAL,MI,81Fqik7YgRXnw5YLGB64KLhAMMuqBRZYyCQEapNA2TWX,raydium,1790658732,0.000009348,17088.24,9349,9349,0,0,2.58,248.65,0,0,0,0,0,7,0,43,,,0.23,-3.25,0,1,1,1,CPMM,,,,,,,,,,
1791268354,JCqaX2xkY4MSWj2Fd3VQPLy2V9ZzTEoqTZ6VdQhyi1Go,CARDANO,CtqhtCBJdWQPqaCXmLT1bLp5fX3ufxsc8Ye3sZnKEttW,raydium,1790661981,0.000005471,7415.17,5472,5472,0,0,711.72,729.9,0,0,0,0,8,2,8,4,,,39.28,39.62,0,1,1,1,CPMM,,,,,,,,,,
1791268343,36RKUDQu5sJggjnRcWnAomH8dSmv1gq5zgVQ73DrBear,GFB,GvGUCGaKLMDqjRbrPBHV2UY9eyaAdWGCfk5Krv9HUiMo,pumpswap,1790664962,0.000002713,2773.81,2584,2584,0,0,0,24.73,0,0,0,0,0,0,0,3,,,,-2.29,0,0,2,1,,,,,,,,,,,
1791268343,3JBcBwcZ5psDu4Qy58YBqbMn2Nk4QKzDiqii4gpAwqei,K/acc,ExsQ6RDXiSWVGVeyvL2QAwNmxT5SHPbPW9yWjD9TmKqG,pumpswap,1790668225,0.000003456,3560.87,3305,3305,0,5.63,145.23,485.26,0,0,0,2,0,3,7,28,,-5.58,-10.8,-23.95,0,1,1,1,,,,,,,,,,,
1791268345,5Y6eKGzrLr36wWd5XB4XkRrPfqgkcswudvJ9mv9Bpump,TEAPARTY,AsAYgWc6WfE4K8m5YnftgoDnHhcGxuYYhQxvC2qqyZ4Z,pumpswap,1790664409,0.000004203,4358.58,3966,3966,0,0,45.57,66.82,0,0,0,0,0,1,1,2,,,-3.16,0.66,0,1,1,1,,,,,,,,,,,
1791268348,A1y5NQWAmtqQahPHP9Jm7sqezAzjgK5Atz3fM6aBc3zV,アル,ArzhwpqAyV6P63fLbvak6KJQt3db4Nefa6KhnsyMJBiZ,pumpswap,1790671089,0.000002824,2810.45,2686,2686,0,0,0,4.68,0,0,0,0,0,0,0,1,,,,,0,1,1,1,,,,,,,,,,,
1791268352,FTBq3qcxyehLD5VzDG5EfKhWBB5vXZtq7g6qepUAoVpx,K/ACC,7JsJoN7Zj9HqR1J7Cg5HusyoNhKM6uRzJacxLQXaoAoG,pumpfun,1790409310,0.000005075,,5075.71,5075.71,0,0,0,172.42,0,0,0,0,0,0,2,2,,,,-0.28,0,0,0,1,,,,,,,,,,,
1791268350,CeiwP43gua1eqMSd4W6dUAC5LzYW257Jp48NzCNrgRga,DOTS,7d1FStCR2ASY3VaKnBWFiJgo2KXpZjtVEBX8i6G1ThwQ,raydium,1790659355,0.000002958,5112.45,2958,2958,0,0,0,57.81,0,0,0,0,0,0,0,3,,,,0.56,0,0,1,1,CPMM,,,,,,,,,,
1791268352,F1AUYwCAmrH1JRVjyeZLT3cnGDKtEfTc9MwgWSbmuUn9,Carl,5nT7ZRtPzdqKzgFtZj1czRY9XC8oj731nft47nErWcUh,pumpswap,1790674015,0.000003719,3508.4,3476,3476,0,0,237.48,645.05,0,0,0,0,6,5,15,12,,,8.2,8.58,0,0,1,1,,,,,,,,,,,
1791268347,84D3VopU3g5qo7jUwzQK4P4BnVPQWr2MzeaRCFkHpump,POND,9Laz2p55TfBxoiDRWZQNU8SKzr9534ZKHW9hmZPDXZ7E,pumpswap,1790676981,0.000005933,6162.57,5850,5850,0.92,13.34,22.72,157.4,0,1,2,2,3,4,17,40,0.04,-0.22,-1.07,-4.47,0,1,1,1,,,,,,,,,,,
1791268351,EThAHDXisQrhvv9MPrv5DgZuRHkjUzNcTwnLzVjCpump,PAYDAY,FSPhtif5wPhewj9kgkUSWEUrQxSAC7sGGioRkFZP82Eg,pumpswap,1790676501,0.000005723,5289.33,5418,5418,0,0,1.02,1218.26,0,0,0,0,0,1,11,23,,,-0.59,-16.84,0,1,1,1,,,,,,,,,,,
1791268352,Eyvmi7QVpSXWbB7WLqf5ksfbRugaiFudubeLtpEDsnkh,SEECAT,FHJkEmXYDTEGgRsQsy7rAkfPrCyL9UNdpB1cqxKNqo4r,raydium,1790606334,0.00007740,23599.02,77407,77407,0,145.15,578.37,8538.09,0,0,3,1,23,11,127,67,,-2.76,-3.04,-25.22,0,1,2,1,CPMM,,,,,,,,,,
1791268355,uEMVScZfPPfSGeoKkPCQ82oRedJn6u1dQvDEo8qpump,UDR,GYLp6WgUAxShVSKu1gRe8da9yAd5DJjtCksM4ozFVE7G,pumpswap,1790656157,0.000004281,3975.73,4282,4282,0,0,19.18,20.91,0,0,0,0,3,0,4,0,,,-0.01,-0.01,0,0,0,1,,,,,,,,,,,
1791268352,EtV9vmJXhV4gTgxzgzn7xpbjRX2ne2Vb8T58mwabpump,BLINGBOY,7qvv2vkJLVx49N2ow8p3Scncx2FNeFpZP63ZQdKHZf5i,pumpswap,1790682809,0.000003033,3176.75,2916,2916,0,0.26,0.26,1.09,0,0,0,1,0,1,0,6,,-0.84,-0.84,-0.92,0,0,2,1,,,,,,,,,,,
1791268355,fSK8y3f3Hz1mTeSYap6FeqhZ8ResekAAuhZYddnpump,NTDA,5c4jXRKJQgw1gJahpRW3WvDNLkTUrzwK8omoZovszj3p,pumpswap,1790684662,0.02188,430758.5,21875601,21875601,654.9,8606.25,53615.99,212218.91,12,9,170,107,1028,671,4116,2706,-0.43,-0.25,2.81,12.72,0,0,0,1,,,,,,,,,,,
1791268344,4XDan44KkAtC97S7b6KdExWR1zh24zka4iwLfuuYZoqn,LLMA,CMwwXFSqGWHNpHxiTKaVxMUAiBZsV9vADeWoQ5BbuMgv,raydium,1790685695,0.000003890,6254.19,3891,3891,0,11.84,46.63,229.6,0,0,1,0,1,2,3,13,,0.9,-1.32,-4.32,0,1,1,1,CPMM,,,,,,,,,,
1791268354,HrXtCbUQJB4Z8P2Y9yrzNk2xgp2V9yTKM1qsmKifLXR2,inu,92RqWvHW4dmmyTkuTWoYghCjTzf5LLN2DDy2Gujg2cFL,raydium,1790682324,0.000006209,6709.99,6210,6210,0,891.27,916.06,2015.74,0,0,8,4,9,4,20,19,,25.95,27.12,26.75,0,0,1,1,CPMM,,,,,,,,,,
1791268348,AFuPDJBiRy7MC2U3dTEZB7rReUAosWGv7aj57Lqppump,YOINK,WDWNj2W1K5gPsrmCEcjSD9mEZ3VZh2BJLxUahtmwr26,pumpfun,1790387869,0.00001462,,14626.85,14626.85,0,11.82,11.82,223.29,0,0,1,1,1,1,1,6,,-2.38,-2.38,-10.33,0,1,1,1,,,,,,,,,,,
1791268346,7qt6ZK9kA9rdYSvospoZAcGJu6rYS6ngZrSkAr5iwWc1,ZECBOX,BMnWwgLmmdMFTQD5cntFAiuhngZkjrwEWeDp7E4oA2sX,pumpswap,1790687952,0.000002810,2827.09,2720,2720,0,10.8,10.89,14.58,0,0,0,1,0,2,0,5,,-1.07,-1.14,-1.8,0,0,0,1,,,,,,,,,,,
1791268349,ArV7g2VBDHTUvfJTwCPYzzPJRozHbdS94QigVPuFpump,SBC,H5Ltoe8coVa9h4pSutERe8N7QS9qiSa7rg5zJDgF8fMx,pumpswap,1790644726,0.000003277,3238.97,3135,3135,0,0,3.97,45.82,0,0,0,0,0,1,0,6,,,-0.41,-3.22,0,1,1,1,,,,,,,,,,,
1791268354,H4KUxsEgCp2yDpFvyDuGM5k6XevSKKrrKUxZ3Zr6nyJc,COCKROACH,5d1MwACzebHE96bX8ZN3jQGjwPuBjQF7vcbmmhr5Gskb,pumpswap,1790689191,0.0007982,124081.21,784067,784067,3031.5,11403.65,97286.43,444330.15,7,4,51,35,952,329,2767,1441,-4.44,-10.14,-24.03,-34.31,0,0,1,1,,,,,,,,,,,
1791268347,8CMH8UTpXVSKSBA5sNtscfzxD9yQUC7VYP415p6Ezpad,ZPAD,6v5dr3ppBUgCFVWxKURCgZeSC5TA7fqhTmeS6e2Tnet7,pumpswap,1790691644,0.000003191,3204.38,2893,2893,0,0,0.02,10.97,0,0,0,0,0,1,0,3,,,-0.51,-1.2,0,1,1,1,,,,,,,,,,,
1791268355,ZrueWB1YvjruJpTGiJSYYfyuL71FZeeSUwJY1ZPeyes,EYES,BkYnXoVkNXQxSBKF3R7nRADoiTPZaWotUp1NhWRm15j7,meteoradbc,1790167729,0.00004231,,39023.28,39023.28,0,0,0,1473.23,0,0,0,0,0,0,4,10,,,,-7.55,0,3,1,1,,,,,,,,,,,
1791268344,4zfwqBtYpDjdiocYL91bc4h2qoeuD13MwgbiZWbECPTE,ZCOIN,2Jdmn6jB1XUG1ztkDDmbKNXmLaLGY5uxhxttcogZ2rZp,raydium,1790689010,0.0001485,35589.61,148524,148524,0,271.4,6825.06,64411.46,0,0,6,1,46,35,379,209,,1.27,-4.39,-16.48,0,0,0,1,CPMM,,,,,,,,,,
1791268351,EU5WWxWBjDzfs3pvb6N7yuc6gBfo5Ltao6qfdXDiH2U3,SLATE,A5GaMKj9qwKZevC76D1ZNUVKH8ayqArozAFBCN3GDgQT,meteora,1790605084,0.03327,20794.37,33270,33270,0,3.44,84.56,1194.15,0,0,1,0,3,3,23,20,,-0.23,-1.07,-0.34,0,1,2,1,DYN2,,,,,,,,,,
1791268344,4yqVrQt7Uvie3Dmtji3p7CDwqkBqjTfknzsFkHF7u5i9,AMERICA,CbtUukKm1yE9PLM586vAaAu2iwSxUG5mWo2modqgHaix,raydium,1790690314,0.000002942,5306.05,2943,2943,0,0,0,5.97,0,0,0,0,0,0,1,4,,,,-2.23,0,1,1,1,CPMM,,,,,,,,,,
1791268343,3qhCS4Qp24BCXaBsMnGDEh7Lw5SURqcSUTpUgGBApump,swordinu,DR538pGAshWv56uihJck7o6GD4yiDPayD5tP2buX3aVF,pumpswap,1790701151,0.000003573,3392.96,3381,3381,0,5.38,27.46,1234.24,0,0,0,1,0,3,11,13,,-1.21,-3.48,-8.29,0,1,2,1,,,,,,,,,,,
1791268355,RKLBnAXGqv31iZomqsuAWkQm1aqC7JwwvbCfzGdqAhz,RKLB,GoT9JVkBRq2t9u4ECjtZSwSDz4eCnR9WRirEVH3odpyU,raydium,1790694832,72.42,52125.03,401968,401968,0,146.23,602.36,4958.37,0,0,2,0,3,1,5,61,,0.11,-0.05,-3.23,0,0,0,1,CLMM,,,,,,,,,,
1791268354,HSrM9XhJtRQPiGp2Yh4ZofbieZPgZsCcd6cMJnpRpump,PACKS,6PdhMyjR1Ujuo3sQwSnpYC1KRdEQEEvfycSf8CT2y2io,pumpswap,1790694698,0.000002813,2901.27,2685,2685,0,0,0,4.1,0,0,0,0,0,0,0,2,,,,-0.48,0,0,0,1,,,,,,,,,,,
1791268351,DR9923tzvCfKMpa7XxVPaUps9Fx8YfpcVHQHMfgDpump,STUPID,DVkTbWua4ukz1rRxq44NA4xhKX6j7Ero9w1doWySK89K,pumpswap,1790696267,0.000003264,3224.06,3187,3187,0,0,38.94,187.45,0,0,0,0,28,15,105,91,,,-0.41,1.81,0,0,1,1,,,,,,,,,,,
1791268344,4JYBzbPL9ACRhdhesGfqkodKCuLkx3rm3Pg97Kdppump,FOOT,6AsngN7q8AmDBdGcmWvPDdGQzwULhKxrNvRUTwXCXxjH,pumpswap,1790696407,0.000002542,2582.29,2455,2455,0,0,2.74,7.86,0,0,0,0,0,1,1,5,,,0.64,-0.49,0,0,0,1,,,,,,,,,,,
1791268344,4ioYUvNC89Ygp5gd2xu3WYbwPhczFQKwz8bjtwTXpons,BETA,GNzAZtCK44MKk3Z6cFRyPRTjEP8Y8e2BVcQMipz37EpS,pumpswap,1790690948,0.000004525,4277.02,4287,4287,0,0,193.9,1094.32,0,0,0,0,5,1,9,18,,,9.6,-23.32,0,1,1,1,,,,,,,,,,,
1791268344,49aM4HrGABwG9F8iAn385zzcsS6mxHEFY8YN3H7y1Cd9,MARTIN,89KzBPsRxM2JiHMzrUqTaqSS8nAeqpft9mX4ZaH7uSKi,pumpswap,1790697895,0.000002436,2460.49,2337,2337,0,0.05,82.54,83.16,0,0,0,1,2,3,2,5,,-0.46,-0.38,-1.62,0,0,2,1,,,,,,,,,,,
1791268348,A71Uf3jwg57fNedSao9eFwm9eKSLYFbVJ85T4fuXpump,cNFTs,H2UTFeuwA6yQP2L3DegdvtA4wCCwLJjKwq2zXepzU1ae,pumpswap,1790698801,0.000005274,5643.93,5182,5182,0,0,66.68,173.17,0,0,0,0,0,3,5,16,,,-3.9,-7.13,0,1,1,1,,,,,,,,,,,
1791268350,Cy5TzDyJ4mo6MBAbpwUcAgdfNiXYKrYUPrvhPGVU6XMR,XMR20,B1w58REDpWVGjP5GmTymitxq4KHL11ytVkHBF2NLBnUw,raydium,1790695755,0.0001583,36658.82,158340,158340,0,666.02,4690.73,40957.69,0,0,3,12,46,57,530,321,,-3.69,0.6,-57.26,0,2,1,1,CPMM,,,,,,,,,,
1791268344,4arisZWtGpHEjKfLZwUDnzop8oMMAN5proKUQFZ7qLPf,EV,9rKUpxDEwSCd8zReKZRaDfS7QoaCHtnDndot5hRd6SGm,raydium,1790700020,0.000005843,8656.13,5844,5844,0,0.44,0.44,39.75,0,0,0,1,0,1,1,12,,4.87,4.87,15.58,0,1,1,1,CPMM,,,,,,,,,,
1791268344,3vYBWj2Eggys9rNeCNznB3hyQqm1Yecx3NF4RtrApump,SCAPE,7LPcTgCqSHzTnmpoPXdKGKF2UonbxxW6NbkaGhVjYFEv,pumpswap,1790753237,0.00002241,12755.63,20442,20442,0,0,0,1011.67,0,0,0,0,0,0,8,10,,,,-0.43,0,2,2,1,,,,,,,,,,,
1791268342,12qmDF3Jh5CxA1KczHsbmfqr7Hdjntfn93oKvkEfpump,REPOKEN,3MCjLN7mUAh9GLwvARKmMcQPHpkyDnjEdGLuvhND5eyP,pumpswap,1790699684,0.000002718,2713.82,2532,2532,0,0,0,47.47,0,0,0,0,0,0,0,2,,,,-3.13,0,2,1,1,,,,,,,,,,,
1791268346,7UfcTJD2RSRg9AJ4k2V2rs71Ew8Zy2avaU5roc8bpump,Liza,FZtCX2NjQKfaEDqCEyD5t1PNt5ssJuJr1e7LPZPEefko,pumpswap,1790693876,0.000009190,7262.13,8929,8929,11.32,399.21,1023.6,5032.54,1,0,11,2,18,9,71,71,0.69,17.64,-9.59,2.39,0,1,1,1,,,,,,,,,,,
1791268342,26QftJYy746GCx6wnV8vMkJRErCtyhChM8hBxY6Hpump,NYAN,79KbbTrCHft9rm81J6fQa53q7GwkiJ3rCk7rsz4oXnHF,pumpswap,1790783455,0.000002928,2868.71,2662,2662,0,0,0,6.11,0,0,0,0,0,0,1,3,,,,0.63,0,0,2,1,,,,,,,,,,,
1791268344,4NDRfDPk8pUsY4BATSi7RkCv9D6s3oecF6zyz24Upump,Float,EkAMz5J2LxjYRQjku32fpJheP61EtbdSBGw8zZPV9m72,pumpswap,1790703830,0.000002784,2932.71,2704,2704,0,0,0,2.11,0,0,0,0,0,0,0,3,,,,0.48,0,0,0,1,,,,,,,,,,,
1791268343,3ZSai4T7MGJYdSgAA3ro1bGnVLQGbtdjBu9o23zCojvu,HUMAN,FZE2M3irUmELtWBCi694S1XCX5HGcEZjXELMWmp4XsFv,pumpswap,1790706107,0.000004001,3884.77,3891,3891,0,0,4.01,7.43,0,0,0,0,1,1,1,2,,,0.22,0.22,0,0,1,1,,,,,,,,,,,
1791268343,32jwCBFDWivWkr4vWNRBRDt9PwMBidzAwvatCzqLpump,RSI,4LKe4JE8B1Kkwva4gPGtz1Y7VF7snd9ifb5A66J5TnNK,pumpswap,1790705253,0.000003770,3852.24,3675,3675,0,0,0,20.29,0,0,0,0,0,0,1,2,,,,,0,1,1,1,,,,,,,,,,,
1791268353,Fum18VwshM78gQAhJWxr822PBGFdkJaEGivwr59Z1FiL,BELIEVE,9RHHKcNR34mFf6eXNMF4NPHAU3HfW5ynjg5sqYBLgrR9,pumpswap,1790705613,0.000002603,2670.36,2498,2498,0,0,0.01,1.1,0,0,0,0,0,1,0,3,,,1.39,0.24,0,0,2,1,,,,,,,,,,,
1791268351,ERv3fy6BgLG9MootmyQKg39fXraqYw6F3UucKgDLpump,PUMPTOBER,BEiJ2bdt99d4Pa9LkmLUhHTLDhpVzUf1VGf6dg5Tzw6f,pumpswap,1790703517,0.000003211,3427.38,3091,3091,0,0,0,5.25,0,0,0,0,0,0,1,1,,,,-0.68,0,1,2,1,,,,,,,,,,,
1791268351,ESEdbgAw2mgkVTPhCz1pbBbKdAmFAFgqu9i1gpsNpump,NPC,GaKQ4tPVxvZqTVnuApwnK4exggB3e3dJHGnw4b9bM8ft,pumpswap,1790703637,0.000002456,2636.99,2413,2413,0,0,0,4.14,0,0,0,0,0,0,1,5,,,,-0.29,0,1,1,1,,,,,,,,,,,
1791268345,6JNJxKtB1X7rYs1GbVfhE6UXXRw38HrMJCH6kTY83GDX,HI,pYXcN85J6vpMn3cmb5onGhwJ3UUtU6XZLhF6NHNyyDN,pumpswap,1790706318,0.000002537,2559.02,2434,2434,0,0,0,4.11,0,0,0,0,0,0,1,1,,,,-1.29,0,0,1,1,,,,,,,,,,,
1791268346,7GYk6spb1x9V3YS5F4qcARfhp242Nd64Dq1rhHCAmtb3,SI,82TFFee2RcuD64bvSma4A7gvaWt2GvZKPbf9csE2uHT7,pumpswap,1790707459,0.000003702,3878.13,3582,3582,0,0,0,11.03,0,0,0,0,0,0,1,6,,,,0.66,0,1,1,1,,,,,,,,,,,
1791268343,3VPoXaRcXxju8qgkVRN87UuXZxbdBD7zyaXPDqqmpump,SI,GnpvosiacUQbkxPPTFo2C79CX2qTuKgXAwHekyLJoDbe,pumpswap,1790709032,0.0007207,92138.16,675248,675248,298.85,7242.37,99177.63,640777.18,3,2,62,36,461,364,6102,3725,-0.84,-6.74,79.04,821,0,0,1,1,,,,,,,,,,,
1791268345,6Vuz122BbhCoBSXLH94JdMamHAJhRGBKGJJ1i2TWpump,CROCS,GLAwM3VfovjbECk7k1Ujq1z6bvxZFb319VVeN3baHZ2b,pumpswap,1790705786,0.00001144,8404.31,11309,11309,0,0,153.65,617.76,0,0,0,0,8,7,34,54,,,4.88,-6.56,0,0,2,1,,,,,,,,,,,
1791268354,HkzbDgdJcds5oZs4zMgmsJ5qGNCoKGuyjJi6YAgaFceB,SI,X1cZHHwZvF9yLiibvhJFEypss5W5P9ctmhL2zgcy9NZ,raydium,1790709635,0.000004568,5642.62,4568,4568,0,0,116.8,121.06,0,0,0,0,1,0,1,2,,,3.23,-22.47,0,1,1,1,CPMM,,,,,,,,,,
1791268344,5DzdcJUwovmAUXMfrWgbhKmJ3RWmEtXwf7EEtuHRpump,PFSOL,GRsr6cpqjdBPFD4CvHwTkMhDkxcwvRxHdA9DuCC9MTmk,pumpswap,1790709709,0.000002956,3580.8,2867,2867,0,0,0,22.59,0,0,0,0,0,0,0,3,,,,-1.25,0,1,1,1,,,,,,,,,,,
1791268353,FuEXRwEWRuQVx81qEjA6YDUVZaa6qDbAqQuH72BZ6PsC,Quine,2d1afJkTms5CL9LcWPQGXeJrRQxzRiAU4JXvwWeiqfnL,pumpswap,1790741544,0.000005042,4827.48,4738,4738,0,0,323.85,553.05,0,0,0,0,2,2,4,6,,,-10.23,-2.48,0,1,1,1,,,,,,,,,,,
1791268349,BnAiH6Qu9cdL7gRvue8qbbE92CQRSqKox8UAtpispump,BabySI,EnnS1ZvUkowA96xbdFY8k5gzEs36CMnvqUPHKXTFzkmr,pumpswap,1790709835,0.000005387,4938.92,5175,5175,0,0.34,50.77,282.63,0,0,0,1,1,4,6,19,,-1.49,-3.33,-13.12,0,0,1,1,,,,,,,,,,,
1791268345,6d9fD5SxvN4DAG4SHQD8pebm8TM6XeSbYezPDjdapump,PINO,BHKyty1uDDxSwAkhkefn8ZwNQZjfQrmC672D2UW874dD,pumpswap,1790712208,0.000004160,3836.23,3846,3846,37.44,37.44,37.44,285.48,0,1,0,1,0,1,11,12,-3.35,-3.35,-3.35,-10.21,0,1,3,1,,,,,,,,,,,
1791268347,97SkmPTaFH5zT4QD2KjSsmxaPmKG3PL9kxb3KMtsJwfs,SI,p9zx8yKoe4jFDmwhJ9LtpdorJmEMsSWvUmC6W7Zivng,pumpswap,1790712345,0.000005620,5451.38,5495,5495,2.9,2.9,96.18,1150.77,1,0,1,0,1,1,12,15,-1.51,-1.51,-5.02,-6.38,0,0,1,1,,,,,,,,,,,
1791268347,8mnDxKCJUS59RzvesoYEk2ivtVhn5mBS2tmKj32ppump,XSI,Bs9YRoC3FPeKRv6odW24o2amyN4nPydV9tFbbXTBwPbB,pumpswap,1790712256,0.000003331,3481.75,3273,3273,0,0,20.05,239.4,0,0,0,0,1,1,1,12,,,-0.45,-14.54,0,1,2,1,,,,,,,,,,,
1791268344,4WPn1oGVE7rza6PjFJwYpEXZn6qtjwxEKkCV9EtAxhUU,BOT,B7nYoGHqCGoFRiPB4AoT1NqbqrFWJDfiEkD3WNXxSCnt,raydium,1790702662,0.0002766,67182.75,276696,276696,11.85,4563.4,39668.77,207672.38,1,0,27,21,204,143,856,785,0.11,2.53,-15.59,-40.77,0,0,0,1,CPMM,,,,,,,,,,
1791268355,ViLRh6pY18yu81qQ8wFf7EMpZFXqJYpt6i4n7uCduRv,McPerk,2orwVWzHjocYyYPA4pfqS1sAUcWBREHJ8NmYygevbskx,raydium,1790711192,0.000002602,4690.61,2537,2537,0,0,969.07,971.47,0,0,0,0,4,4,5,5,,,1.13,0.19,0,0,1,1,CPMM,,,,,,,,,,
1791268347,8y2h8RDbF1FVKhcHNqaZFg4yJ5azXUyUeoByEAvJpump,NI,AZunHXFqFRyA2pEFxXA4XB3dH33DPcxSuXqt1tFFiCse,pumpswap,1790716406,0.000002663,2711.93,2584,2584,0,0,3.8,29.53,0,0,0,0,3,2,16,11,,,-1.87,-0.55,0,1,2,1,,,,,,,,,,,
1791268352,FKfhzmbMtgbf1YwwyNMxtFU43MdATe5S8Pq2bsQ7uAHn,SI,54ZiExNDWV1GHiaCk7zVpygYN4QF583ARHSC147b1Dks,raydium,1790709669,0.000003362,4800.67,3363,3363,0,0,0,158.5,0,0,0,0,0,0,1,5,,,,-7.75,0,1,0,1,CPMM,,,,,,,,,,
1791268344,4o1Y8cxUaiaji4rowfm8x2FkyvMreN81ZjNWXQZxVSFC,CHILL,C4Nw9eSaZ16TEfC8GGSiGUqSxhuAbgWoREj4mPrGZ32T,raydium,1790712555,0.000006356,7642.6,6356,6356,0,0,27.9,94.42,0,0,0,0,0,2,1,7,,,-1.31,-0.2,0,0,1,1,CPMM,,,,,,,,,,
1791268350,CQQfPtJqa1raBiRCFhuh8iPSL6TkfyfZn3norCssdBux,SI,GnF8ZAqycwRevMjHytAbMwUYHfaFWHiJTzQa1Tku8BaU,raydium,1790714486,0.000001824,3338.96,1825,1825,0,0,0,8.32,0,0,0,0,0,0,0,3,,,,4.77,0,0,0,1,CPMM,,,,,,,,,,
1791268351,DhVcpV6UdtMKATyQm8E6CvpJmy91HdPibe9s7uzkwYuN,SIF,HcQz4snRZv1UKJK8B4ZQEMCdDDtjU1oaBNXPZoudvhPA,raydium,1790716264,0.000007902,9652.44,7903,7903,0,0,1142.5,2739.71,0,0,0,0,8,8,23,38,,,-16.38,-32.88,0,1,0,1,CPMM,,,,,,,,,,
1791268349,BojxwXWYiLTGZn4E4PaNurkzqsH4TfinNk6nskkGUinu,INU,7Jo6YrNXQcFffECQf58YP3TF7tXRhAhXRdFfdCRZCNG,pumpswap,1790718377,0.000002634,2749.97,2585,2585,0,0,0,3.92,0,0,0,0,0,0,1,1,,,,-1.28,0,1,1,1,,,,,,,,,,,
1791268344,4nfSLgZsLp3waeRyeXrW6uHu1RbhSqEb86JTV747gMo6,SIF,7VdUdmqyGfxki3QJAKw3zknQNhrJHs4HwUrwBvLPRUtV,raydium,1790717785,0.000003286,4373.68,3286,3286,0,0,0,0.11,0,0,0,0,0,0,1,0,,,,,0,1,1,1,CPMM,,,,,,,,,,
1791268345,6M8CWurfztGraRKK7y6Nz7pavLabYC2LwNsUzaEwpump,STAR,3XXAAECxqczrq9HD43zda7qVhRva1e3yiETbiv7Vn6iL,pumpswap,1790717957,0.000002832,2839.59,2756,2756,0,0,0,4.17,0,0,0,0,0,0,1,1,,,,-1.29,0,1,1,1,,,,,,,,,,,
1791268355,pdXfXZJgFnwNivUFyAKCw1DjH2X8eiJsdzM8QLcpump,ECLIPSE,2VNyys4JvNXLgQqozFEiTXdBbFJJLQzwNWjaAevnu1Jx,pumpswap,1790737299,0.00003754,15725.52,34996,34996,0,472.5,4915.39,19824.77,0,0,12,8,66,49,205,195,,6.46,-24.76,-13.61,0,1,1,1,,,,,,,,,,,
1791268342,2KfbhUBYFMUoJgocJ8Wh2SEuuizuw1Bi7SK4Q5FER47H,SI,GzZaRugVALE4Ue6cqV9fs9XqNYPaN13qpu67dBWWkoxP,raydium,1790718702,0.000007953,7396.93,7954,7954,11.51,161.32,737.28,2513.39,1,0,4,8,11,26,25,94,5.67,19.07,-2.04,-43.53,0,0,1,1,CPMM,,,,,,,,,,
1791268346,7Wh6rxVWUBFCNCWCz7nLaV7z3SDr2M6rFTjjWP6aE8p1,SI,DyVrHutNGpuGFgJzDxZVfpAUbUjo1XJdaN9aDLrfRj6P,pumpswap,1790718791,0.000007462,7606.79,7074,7074,0,159.28,506.1,567.08,0,0,12,4,21,9,25,35,,-3.14,11.12,9.58,0,1,1,1,,,,,,,,,,,
1791268344,52KK9TGWqpSfanxb4rnBHWKtt9PTQ9MPncDkwgkP98Fr,P(DOOM),9KvmPGorUTovT7MxqusXYd6g2ChMz78ksEEUUJbMKbVa,pumpswap,1790719370,0.00001019,7706.48,9572,9572,0,0,0,1024.59,0,0,0,0,0,0,8,15,,,,-16.47,0,2,0,1,,,,,,,,,,,
1791268342,2RFUG2WSvR3v4pGSGj5yNKiFrNM1EhyQWr4XvvHBpump,dotbook,2aYPEYk6Mxguhqfv6frMkFpNhiPZZYVunLspuX7GRqBu,pumpswap,1790721759,0.000004088,3882.28,3851,3851,0,0,0,58.72,0,0,0,0,0,0,0,1,,,,,0,1,1,1,,,,,,,,,,,
1791268347,9SSe89entupJKK7bZ8WbaX1YY5b78CGUaUNzfGonst9d,S23,7tNGTSCr74J8ppxgNpz4nz5hFX2sjBm84p4ykibWgcje,meteora,1790886466,31.12,32436.26,171173105,171173105,0,1.46,20.17,1807.63,0,0,0,1,11,8,231,93,,-0.02,-0.07,-0.12,0,2,1,1,DYN2,,,,,,,,,,
1791268348,9aqmJjCnnMQv42TXLk921ceUkN35nea2QP969n1caqjj,SI,7Nj7mBE7iVmjvnBHNvjgaz6G3ZktTHFNbf7aQDfZ7iNR,pumpswap,1790721877,0.001279,157246.34,1242697,1242697,488.94,24878.44,186246.73,805240.9,17,3,143,125,1212,802,4703,4083,1.05,9.84,-9.5,-16.38,0,1,1,1,,,,,,,,,,,
1791268351,DtFkKBC3Cmi9j3SxBGRUd8gvBLw7nAasrvUJFB69yubM,SI,FFwYzQCxhGGeARtyDr77nsCHbXqSnKd3neUWKLaanwdc,pumpswap,1790721534,0.000007263,7068.7,7139,7139,0,2.04,70.16,162.3,0,0,0,1,0,4,2,10,,-0.05,-2.77,-5.53,0,1,1,1,,,,,,,,,,,
1791268350,CD6HVRQTtKarnXBsSYFageG8v2p6bpYigG5XHP7NCULT,CULT,DaEtdwaKktJwGEViMM8BHY2HpXAbkQhJ4LT75QXmyNA5,pumpswap,1790723870,0.000002791,2776.45,2553,2553,0,0,2.83,15.43,0,0,0,0,1,3,6,14,,,-0.84,-1.26,0,1,1,1,,,,,,,,,,,
1791268355,resideK2Ejv9apu1op2VBv89poumxCDCs8nzBxQ5q1y,RESI,Atwk3wi3U2u87n6c7gNdmipHKQgwJRM2c1qLXR3Z8Dbj,raydium,1790722960,0.00001315,12290.97,13158,13158,0,0,61.63,786.76,0,0,0,0,4,8,25,51,,,0.21,3.81,0,1,2,1,CPMM,,,,,,,,,,
1791268344,4wvieob8DCAnNcDZFdRQ2aQrXuFRMvzSeKQ1Re6Qf5d6,ELONMUSK,AGstHMvPYL6dyNPgYdHBAK3kDGqr8pYA5YfBELczWw8m,pumpswap,1790722977,0.000002681,2662,2486,2486,0,0,0,0.14,0,0,0,0,0,0,0,1,,,,,0,1,1,1,,,,,,,,,,,
1791268345,6iAj2oywQMiD9NeyTcW1S7UtG7e3jSK7Ud5ZJDqJpump,HI,FdFVc4hkRieRp9kBKNJpq1FxJYZbqrSi8PRy21MQvR27,pumpswap,1790721331,0.00006263,25627.37,61060,61060,282.12,4493.48,9937.4,1242587.88,5,2,70,42,221,197,13259,11733,2.88,55.78,110,-88.38,100,1,2,1,,,,,,,,,,,
1791268349,BYaxkgDfkUApMgsXu4SiJ5yc6DTSfLxp6an3PvVVpump,SS,2dZavaJxjNCYKXDDFN7kqus1qAiiQhuMYefUvjGgpSLx,pumpswap,1790721326,0.000002611,2969.76,2574,2574,0,0,1.12,165.7,0,0,0,0,1,1,11,15,,,-0.25,-11.16,0,1,1,1,,,,,,,,,,,
1791268350,C1C3YwhdXxcpeKchuth6sNjmvgQXSqnoRN9UXucipump,SURV,3q4cbvFTtdE411dTRXxSBCqz3pDziPSCzFSHArXXCP22,pumpswap,1790712833,0.00003052,14091.06,28883,27048,0,2.94,88.64,4823.5,0,0,1,0,3,3,121,46,,-0.07,-1.86,-35.59,0,1,2,1,,,,,,,,,,,
1791268348,AptNRGC5JrCgqRCFY8My2XvKPaEUCwDN53qjHcdxJXbv,ABUNDANCE,4KDAHN6TzL1ejUFPrwYk7pmkWLVfDTEjhcZyfJXJM85y,raydium,1790724202,0.000005370,5564.88,5370,5370,0,0,0,842.18,0,0,0,0,0,0,4,12,,,,-41.87,0,0,2,1,CPMM,,,,,,,,,,
1791268354,J47Jmw8ndwu6Vt6ZubD9C9VUVHi6uWsBE2XPsEjmpump,FKCANCER,GmidegQQZSu1GqxQKLmANEzEbHGCri86M2iQhY2ipidV,pumpswap,1790727007,0.000003077,3151.7,2985,2985,0,0,0.98,62.55,0,0,0,0,6,0,10,11,,,0.63,-2.45,0,2,2,1,,,,,,,,,,,
1791268345,6e8LLHkqCTa4mzGuL1PoUxSfeHmDeceJ3DaJSSUNg937,ARTHUR,Ftejc2f8dKL9q9RmrtTen6aXPhNdbr8dvNvDbEx56p3H,raydium,1790725047,0.0002351,44838.43,235185,235185,3401.7,16182.36,45109.86,159566.89,4,14,92,60,274,222,1083,1020,18.97,-5.78,6.63,3.97,0,1,2,1,CPMM,,,,,,,,,,
1791268355,NFLX7qV57zuVxCoHy3s1jiGZyALraLNwttbxdvmYJLJ,NFLX,62sHycti7wLRMT16xA3cSpaiEiJCMBtjkLW2tNXUVmGL,raydium,1790712987,67.48,44395.2,383636,383636,0,223.56,8090.98,47399.15,0,0,0,3,32,13,132,177,,-0.03,0.17,0.48,0,0,0,1,CLMM,,,,,,,,,,
1791268346,77k9bRPNj8yiGd36cgHkWmA6zbSveGJFpR4bcfDMpump,WORLD,3VYS32Xnz8JVPJgbLLd1gwEjBsL5ahaRmeNkaGe6vk2W,pumpswap,1790727935,0.000002503,2530.69,2411,2411,0,0,0,38.59,0,0,0,0,0,0,0,1,,,,,0,0,1,1,,,,,,,,,,,
1791268353,FpugGX9Ymtn4ShUHMYFiw5apNx2FFJ59GPFBWUT3qqsW,SI,HJZCF2y2H6Ut8riwYqDEjPmtRteLzqkiZUW2XMv3aiP4,raydium,1790724242,0.000001743,3178.01,1744,1744,0,0,0,72.31,0,0,0,0,0,0,2,7,,,,-2.8,0,0,1,1,CPMM,,,,,,,,,,
1791268354,HBfgHb4h5BTg2hgZaP4j7VXHMxGQUgnr4oDXESKXpump,Comando,ApJcvYTXyyR9pMuAFL9atFqFKSbhswd5Ua3ATySha3K,pumpswap,1790729292,0.000005125,4785.16,4968,4968,0,0,107.37,276.81,0,0,0,0,2,3,4,16,,,-3.82,-11.66,0,0,1,1,,,,,,,,,,,
1791268355,tZb9aZdDRS95vVqoKgphYZQnGScFV1gdggctvsJPSob,SCAT,9hMG87VapAn6ViTZJrRJNPLV6gbD4UnLT6cPVcxTno9W,pumpswap,1790729481,0.000002754,2801.89,2656,2656,0,0.37,102.22,122.18,0,0,1,0,4,3,12,12,,-0.38,-8.51,-7.48,0,1,1,1,,,,,,,,,,,
1791268354,HweDNAX8tt1UJt3stdsDeErLjZu6J5L9j2JzH54HbYBZ,DAD,6DvpJ6ZMGnve3xmrNhZLvSrUCWsVs5uJU5v7YnEE6gh8,raydium,1790729988,0.00006264,23260.09,62649,62649,0,24.71,78.55,629.04,0,0,1,0,1,3,10,17,,0.15,-0.92,-1.9,0,0,1,1,CPMM,,,,,,,,,,
1791268348,Agr56DXmmYX7wHcqvSGJweXFrSwGv3d6wbjmVqkxpump,TRENCHDOTS,BHoWTvcnb28VXMig6UX4Skzi4Anh745rhF9NDGkdfNen,pumpswap,1790735280,0.000006061,5746.22,5882,5882,0.01,0.01,98.12,204.16,0,1,0,1,1,3,12,9,-0.58,-0.58,3.36,5.62,0,1,1,1,,,,,,,,,,,
1791268346,7QNx9Me4nVvJrpcqFfvLs6ArNtPGCBwW7vAEiu9Spump,SUN,FgWrp3PkLWLF2doYX4xHPTP3iLJXgsBt92aAdGNx4tE2,pumpswap,1790732999,0.000002702,2770.33,2595,2595,0,27.98,27.98,27.98,0,0,0,2,0,2,0,2,,-1.54,-1.54,-1.54,0,1,1,1,,,,,,,,,,,
1791268343,32jbu7pyiNeKcddMAc46fHhyoGm3Qa425fDwuupjP2Rg,NUTFLEX,2vtbPb1FPaTCCCC7VHsPRnu3fEzVv6NP6gnrMLZJaJ7E,raydium,1790727805,0.000004877,7169.14,4877,4877,0,0,21.13,92.88,0,0,0,0,0,3,1,9,,,-0.98,-4.51,0,0,1,1,CPMM,,,,,,,,,,
1791268348,AA1hANzAbftBU32KQCYfbsYnyMqA3uGCBeek1ZE5pump,cum,5jhXPqPvGQKtspx6J3axURScWQucPn7rzYj2XLLghKdU,pumpswap,1790733583,0.00002051,11246.31,19949,19949,0,23.49,1803.8,2368.34,0,0,1,1,13,8,14,28,,-0.66,4.34,-9.32,0,1,1,1,,,,,,,,,,,
1791268346,6xCiwkREkYzLdnDcCV9uS3hBZidXuwkc9L9c67dQSTNK,supercycle,EGsGQN6dMCLd13Hpcj8pDCQH7a4NBPn3Mc4FuPbBnRMo,raydium,1790731754,0.000009465,7570.85,9465,9465,0,65.29,1336.22,8487.33,0,0,3,2,34,42,129,181,,5.53,-2.71,-49.83,0,1,1,1,CPMM,,,,,,,,,,
1791268346,7PnnmFGcWzwWs5tLaRfTjLSw1s4AJGdXbu3kyUkApump,LionDad,6KrMGwFTAnKvMwZBQFNwcn2Z6W3CdqHT9ewSZGLNodrp,pumpswap,1790736623,0.000002713,2719.66,2613,2613,0,0,33.23,182.06,0,0,0,0,11,10,77,87,,,-2.52,-3.15,0,0,3,1,,,,,,,,,,,
1791268355,UgmBQd9KArVb6q1uwhB8TT5t8Jgx5xVpxHZjU6jLUCK,LUCK,4X8M8T6FbTiCfd9yyX67ESV9RBfeCno3RJsfym4Y8F7F,pumpswap,1790733762,0.000003607,3539.74,3521,3521,0,0,0,42.27,0,0,0,0,0,0,0,1,,,,,0,0,0,1,,,,,,,,,,,
1791268348,ADh5bGPJ3vEL7Vds69sec8CzyxUPWguMfhmuH9Rmpump,Chudlon,6VZgPjmxyMmceMM33dwNEf9kV5Avv2ByJQGk6HDnFvvi,pumpswap,1790734285,0.000002785,2923.41,2639,2639,0,0,152.5,154.48,0,0,0,0,1,2,1,3,,,3.46,3.46,0,0,0,1,,,,,,,,,,,
1791268355,Uh722GCeChAY7EgbGFMhK9TX1SMsUuYnMpw42Bnpump,PUP,6AQrtVqCtWTdKiZ8N2pT2mnpgFmUSngxajGZhFzo17G7,pumpswap,1790737298,0.000002594,2593.15,2434,2434,0,0,0,3.61,0,0,0,0,0,0,0,3,,,,0.57,0,0,1,1,,,,,,,,,,,
1791268345,6FGnCoQQWmZUQuEgLV4Wtdhw9mLRwi6g5Q4rLS2ipump,HI,3J5QRMtKXuh4aETtiwHzJxPwYhN8qMu8KPCa1LxLEgNS,pumpswap,1790735434,0.000003453,3443.73,3341,3341,0,0,14.1,141.99,0,0,0,0,1,1,2,2,,,2.43,6.22,0,0,1,1,,,,,,,,,,,
1791268355,WApCdQftZcRUNHN9S2XvmrqeRtRASE3EZxnwuNJpump,HALLOWINU,6oFYqfsSqApyhS1XN4VBB9uA5GpdAMp7RjiPMszXbUJi,pumpswap,1790641667,0.00002213,11992.42,21022,21022,0,32.32,1240.41,19514.6,0,0,2,2,17,16,262,218,,-0.1,-4.49,48.37,0,1,4,1,,,,,,,,,,,
1791268343,3b5fTE5NyvCtMgKcDkvt4vUW2KDc7mgUSW8a8XYVpump,sendor,AfGTgT5ukB1u2AZ7RRPRvvwNCKzSA43Lpk4iBcXhg1Dd,pumpswap,1790738085,0.000004113,4219.25,3555,3555,0,0,4.15,73.84,0,0,0,0,1,0,2,7,,,0.61,2.58,0,1,1,1,,,,,,,,,,,
1791268349,B4eEfy7nX3hcAcH7dCYtahCVFiPXgpNSroZFhJZTpump,dotbook,D8KFQfjiMB8BoPNvSdHtmegQsXwCqdN6kRYokFD6VB7Y,pumpswap,1790735784,0.000003018,3100.66,2923,2923,0,0,0,0.14,0,0,0,0,0,0,0,1,,,,,0,1,1,1,,,,,,,,,,,
1791268345,6ZG6fMHaE7NpubJr16G8nFLBg91rH5kU5SVpqUmQpump,AIRPAD,4ApFQYGn4X18tCFwXV6PVWYmfvvJPm2jTs5yhdYvdSeM,pumpswap,1790737717,0.000004258,5444.32,4231,4231,0,0,2.38,36.29,0,0,0,0,2,1,10,18,,,-0.26,-1.91,0,1,2,1,,,,,,,,,,,
1791268348,9a2vQG6eQGmdJqvrVuAtXpvMQMokhLf7FHW1QJGHFvWi,NUTFLEX,Bz5Y8vjQ2jwriNmFZYkb7wMdzfova8SQfcF1Dp5yqFB7,raydium,1790731242,0.000003411,5748.93,3412,3412,0,0,15.47,51.15,0,0,0,0,2,2,3,12,,,-0.15,-1.6,0,0,1,1,CPMM,,,,,,,,,,
1791268348,AFBH55QbRV4u6ipkxHPJZqZdUwnr7UTX232ZYhFCpump,PRIME,4ZCxAsQAvtuCSsWKq3Yjhu6d9wfxBcGLsW7uJ6nqUbgP,pumpswap,1790739942,0.000002670,2652.24,2515,2515,0,0,0,120.36,0,0,0,0,0,0,4,2,,,,-5.51,0,2,1,1,,,,,,,,,,,
1791268345,6f2RHqHu2bAcbEtMYtH3ZMcVfSaZPJsiPigrd4yRshyb,ETHFI,EdUXP9wMp2gjArnRAFEC54A9dbpwntUM5wwL7mZZZQc1,raydium,1790742034,0.7703,770055573.93,770368000,770368000,0,18.72,65.74,263.38,0,0,2,2,8,8,33,33,,,,,0,0,0,1,CLMM,,,,,,,,,,
1791268350,CkEhC9Knh61GTBMi7KMFa5Na4Na86VnZVi82qZyopump,KAEDE,7MQHHN3iv7S41WYk44frReNsjM7sRnFXXxPkqdmq89kH,pumpswap,1790741842,0.000002528,2598.82,2435,2435,0,0,10.45,19.06,0,0,0,0,0,3,2,7,,,0.11,-1.45,0,0,0,1,,,,,,,,,,,
1791268351,ETneXyW9cy26bqTQ2Y38Nj6JUfKmzM4pwwqi2VeDpump,VeilPay,HRgttKGffKurPHEoRDguCeis4piS9gXkqe5sxZVcXshh,pumpswap,1790755322,0.000003199,3091.69,3026,3026,0,0,14.38,58.5,0,0,0,0,5,8,23,24,,,-0.82,-2.84,0,1,2,1,,,,,,,,,,,
1791268353,Fba1XgGz8t44FAGeqrXFMkPVfjsWXG6eLnrAJECnSTNK,SLOP,7HzYi61Zrb8VXUr3o6dMB3ySqNif2exQtxpky3c9BaqQ,raydium,1790742843,0.000004276,5858.13,4277,4277,0,0,439.72,523.4,0,0,0,0,2,3,4,5,,,-1.36,-9.08,0,0,1,1,CPMM,,,,,,,,,,
1791268351,EDETAdjB1N8AARfoWWTwxeUJiNFjGAEhBv1JBePnagoh,POTUS,BoEM6zfdAKAXGMF2abSqYvJLk5jbC8RwV1Kr4ViBehr7,raydium,1790739633,0.00002413,17734.11,24131,24131,36.58,2873.09,4709.55,40007.2,2,1,18,7,48,37,238,181,1.42,30.93,14.27,-47.52,0,2,1,1,CPMM,,,,,,,,,,
1791268351,DnC4X2axdTNZLofsap7r6EwR6YGEehxfw5t5RcR8qGnH,iPet,8KUWuSnGP4FKhKZXmGLT1DL9gYKBX3dZa7uaHNTTvwWd,raydium,1790743306,0.000005922,7553.1,5923,5923,0,0,0,155.81,0,0,0,0,0,0,0,4,,,,-7.74,0,0,2,1,CPMM,,,,,,,,,,
1791268352,FMjzvhNVHtyEZnC5W2CgwTy7vpeWor1ZGmrsx7HkCGWs,3310,6zdhaYg7yz64vxssnTpuZ9h412mmb6GARguSrjd2FkWW,raydium,1790604738,0.00001218,10966.86,12183,12183,0,129.79,745.87,2079.68,0,0,1,0,3,4,16,21,,4.88,-8.57,-30.18,0,1,1,1,CPMM,,,,,,,,,,
1791268344,486U4LyqMsHUvCwNrxXDgZ94BZNuCJ5rPDEkssC2hJi9,BMI,3XpVuSzNjACcmWi8mA9s77ZaJYpJVVbQDdjPxSfr2C58,pumpswap,1790746712,0.000002949,3128.42,2860,2860,0,0,0,0.63,0,0,0,0,0,0,0,4,,,,0.15,0,0,1,1,,,,,,,,,,,
1791268347,7tBaEPen3FXpt4DEkXrnEbPKeDZRK8f5fHSBWYqqpump,FZ1073,CSQ4yvMpgdL9n5HBNFac45Qk6tkFMdPPCyYhL1MpDPCn,pumpswap,1790749171,0.000004080,4289.77,3926,3926,0,0,0.44,435.56,0,0,0,0,0,2,7,9,,,-2.22,-10.71,0,1,1,1,,,,,,,,,,,
1791268355,bsVFNjW9znB9LnWDXf7rQW9Bv7SXV1gqDRneZ2kpump,SI,AvU4CXfounqvXqyzBJP4VAbDeq1iyP5yojvRiGBnqyJE,pumpswap,1790751350,0.000002693,2712.28,2602,2602,0,0,0,12.78,0,0,0,0,0,0,0,5,,,,-2.53,0,0,1,1,,,,,,,,,,,
1791268344,3sL58KKh2QdNSfN9VRz8bHGGU5zStdfManVHCTkhpump,PI,HEs7k4Q6pFKWx5ExpFvxfowoe4YaAfg7ZApeJdbGtPKD,pumpswap,1790749673,0.00006887,28354.39,66456,66456,0,60.22,2528.37,26708.31,0,0,0,2,67,24,297,209,,-4.15,-17.37,-8.64,10,1,4,1,,,,,,,,,,,
1791268343,3pZt8USPo3VUzzS7AkpM3QrFqdss7R8dX4QpurPtgrcy,FI,CGRfumVijG2y4a9e9V3c8GgUmCzHSkAJz742v3XJ3GjZ,pumpswap,1790753691,0.000002411,2413.57,2284,2284,0,0,4.13,364.84,0,0,0,0,0,1,12,13,,,0.77,-3.98,0,0,2,1,,,,,,,,,,,
1791268349,B4KsyCAcB1hgXkswX8tmMJk4JX8aH2z5vWzZYSPgpump,GOCARDS,34Ah2TsHnspXNYq1GVXU5YkYhAP1JqqoQpTgNQhp1kou,pumpswap,1790752920,0.000006437,6022.71,6165,6165,0,3.82,8.26,79.5,0,0,3,0,3,4,8,12,,-1.02,3.06,17.45,0,1,1,1,,,,,,,,,,,
1791268353,GJNoDukcP1cwMNgx84c8ibaTAkgnXxQDwAf2U3zjA3C3,Neko,EAbygutpwRG7r2Lu7xrwf7ykmQVmva1Y6f3jT5aW9sPU,pumpswap,1790751582,0.000003615,3569.87,3506,3506,0,0,0,0.14,0,0,0,0,0,0,1,1,,,,-1.6,0,1,1,1,,,,,,,,,,,
1791268349,Av6wmbqNiowHpmHx7J2j9mnuUcoey4fdkTkFwgVzpump,swarmdots,8azt6UrS4Pxb9ow4EZYQJSGxC1SU895vPGxLkcaqdaQf,pumpswap,1790751856,0.000003646,3769.57,3499,3499,0,0,1.19,32.97,0,0,0,0,0,1,1,7,,,-1.21,-3.39,0,1,1,1,,,,,,,,,,,
1791268344,4p4bAN4P6pdPW4o5BcdDWWRuJGyvEWDY8uSsHX23czv7,APE,TMerfsWqurc2DoZJaE24Mkc46eYBSZVszKaWzX9NRw9,raydium,1790755415,0.000004505,6810.23,4505,4505,78.21,158.77,159.23,679.02,1,0,1,1,1,4,5,13,4.88,-0.08,-0.13,-2.71,0,1,1,1,CPMM,,,,,,,,,,
1791268344,5FQZRyHR2jcn7Z1HZd9F8iyBWFPFKi6pxicXoHRNpump,Inufication,CojwEcmhd4c5p99ZkGispiZ9755EBv66MpuME2vmSeP2,pumpswap,1790756094,0.000002893,2841.91,2492,2492,0,0,0,10.01,0,0,0,0,0,0,0,2,,,,-0.54,0,1,1,1,,,,,,,,,,,
1791268351,E7Eb6WreLwessrefQ4ooXcqgwKQredJq3KBHbt8bYpYH,Watermelinu,8PkSCGCEgzPNqYFiXSo48ZQu4Ykcqgt4PY9uQSD8T6q8,raydium,1790753962,0.000003909,6426.4,3910,3910,0,9.25,19.42,147.77,0,0,0,1,1,2,2,9,,-0.59,-0.61,-6.14,0,1,1,1,CPMM,,,,,,,,,,
1791268350,BuXkyz4FJRpdh3jTmLYYAZUffqXt6w3J2LgfbRJzpump,Grail,7zto6sEiUSGQbGXhAXSGT5987qbHqC6hU4a2RcUuGaEB,pumpswap,1790757846,0.000002570,2621.82,2471,2471,0,0,0.66,1.41,0,0,0,0,0,1,0,4,,,0.29,-0.45,0,0,0,1,,,,,,,,,,,
1791268342,26RJptVLvch6Zu2pm1Ftv6UYhbS1gLFUc7M7VP2Gpump,INUCYCLE,6fmEKZFSZcVS1CdQReCsrtRzVMXvXsbaantdH3f6mo9v,pumpswap,1790761207,0.000003125,3066.68,3004,3004,0,0,0.23,212.9,0,0,0,0,0,1,1,15,,,-1.07,-15.66,0,1,1,1,,,,,,,,,,,
1791268347,85FZWfPr3s8VErzHdaaC4EdTedSXmhBDgzoJBGLDpump,Yaniv,2UGFR3svjFgFa3h6kHPSi7EBhvCzGkLxeytRny3PpmHM,pumpswap,1790760032,0.000002944,2902.87,2784,2784,0,0,86.48,314.61,0,0,0,0,0,3,1,9,,,-5.84,-18.47,0,0,1,1,,,,,,,,,,,
1791268351,ELXWi2EhoYbk1MuunPP1K4Fjov9AgQh6t1MQcptApump,TAIL,6Kqu3Cwipb56wZoxXaXijuctwqkyaZjpnzsrGeQBLsds,pumpswap,1790758327,0.000003107,3052.6,2754,2754,0,0,0.55,2.03,0,0,0,0,0,1,0,3,,,0.32,,0,1,1,1,,,,,,,,,,,
1791268342,2mmdUJEdSyC4PUAvnHZA2G6vKtJ2x5J7AMXxcDcppump,enu,Fwh2ME95TL3avBfXTzdKzhCWCPpJjtSvmnhY6Xu5zx78,pumpswap,1790764078,0.000003473,3313.82,3074,3074,0,0,0,2.03,0,0,0,0,0,0,0,1,,,,,0,0,1,1,,,,,,,,,,,
1791268351,EbJJKtnawGPhfgthRrwsyDgrCc1smGUUYbK5WNAK5E1N,Gingitsune,EvXgqzUT6sGd4iz7mE8nYH32WZK1aDEr9hWXhoGkXfmZ,pumpswap,1790762968,0.000005446,4992.46,5219,5219,12.99,53.77,791.19,2853.72,0,1,1,4,24,18,60,54,-1.15,-3.08,5.5,-9.95,0,1,1,1,,,,,,,,,,,
1791268342,28A9yL6RB6QKPy3hLonSbGKt2gWHucgCHbEByPp1Mf95,TI,3utUuvoyebJEoiJET7ydJ8ohwQ5MFZ1fA4Hh3bZvTyDM,pumpswap,1790762527,0.000002670,2734.72,2581,2581,0,1.82,1.97,2.33,0,0,0,1,0,2,0,3,,-0.8,-0.61,-0.61,0,1,1,1,,,,,,,,,,,
1791268355,aD2P7HNY4F5Pqp6QcBWEDAkEgcT1QqPUsafajS1AAea,QRCAT,4X16MYgMBAf9uW6X4isJzTumBXhmF7WSuRJf5S7M1viA,pumpswap,1790763094,0.000003263,3366.82,3061,3061,0,0,0,20.84,0,0,0,0,0,0,0,3,,,,0.25,0,0,1,1,,,,,,,,,,,
1791268348,9twiuSdTVkwtAC9XQDG57dFRhF4iqPih461HJfMZKci9,Saw,ATrJhrc46UkY4gTmJry2SUZvtaLJX3LydBufPnkWHTC3,pumpswap,1790766389,0.00001043,9638.9,10257,10257,4.84,7.99,21.59,1118.22,1,0,1,2,1,9,28,43,1.48,0.79,-1.41,-0.77,0,1,1,1,,,,,,,,,,,
1791268354,H3vfXFZfFQnba2NV2seTMBdY92yLK2VJHsppUzYv6ua,GENNYWEALTH,HnFFnT64a5YYSUgNYt4Kr6qvVFr4FxbYLMngTU7kjWLH,pumpswap,1790767464,0.000002434,2511.04,2374,2374,0,3.33,5.06,16.08,0,0,0,1,0,2,5,15,,-1.7,-1.65,-1.8,0,1,2,1,,,,,,,,,,,
1791268347,9EPCWPC4eqhYXKeL8qgAUgSzrkvvk1D4ygayeVnw1vsS,fudcoin,DJeDBGYfPwu12BPHyjQoayt1o5Eh27dkvLRdxVaWB8eX,raydium,1790768590,0.000002438,4483.77,2438,2438,0,0.36,56.37,72.62,0,0,0,1,0,3,2,9,,-3.17,-4.04,-6.73,0,0,1,1,CPMM,,,,,,,,,,
1791268347,82MP84Vjfxd21VHup3jjfJFcsr8SAji9MHy7VHCeSTNK,CROOK,4xBbEPDybPz2Pn5wUyte271C6rt1vvLosHWvQW3QzHxh,raydium,1790771243,0.000005887,8223.5,5887,5887,0,0.99,163.97,2299.69,0,0,0,1,4,8,19,41,,-0.04,-2.23,-40.08,0,1,1,1,CPMM,,,,,,,,,,
1791268353,FUuH1aufXBQQwUJGQPErV9Pa7d1dvv4iuRhrf1A3fvR3,terrafying,56cvMnUZnZzVDa4c4bWctU1sMDiKApdFuDLXS1r5Q3Jv,pumpswap,1790765922,0.000003635,4174.26,3532,3532,0,0,0.82,331.29,0,0,0,0,0,1,2,12,,,-0.84,-13.72,0,1,0,1,,,,,,,,,,,
1791268342,2e7TzGXZfJ72jxviM6kxqWVbH3dndh2TrHzwg3cZpump,Pain,GeHprCgwQrbWS97e4JZQZwBBHWy7zJtqx6ijKoeCorkQ,pumpswap,1790769450,0.000002839,2818.91,2682,2682,0,0,4.91,273.71,0,0,0,0,0,1,1,9,,,-2.35,-16.8,0,0,1,1,,,,,,,,,,,
1791268350,CFvZVEqFDbtM7uVbfHtNr2AFgrKfsDJmC6domGmmpump,SU,5kwtYFTJ9NX2HChkBwnhe94pemyesh79HxCN11wdHi4D,pumpswap,1790778198,0.000002869,2818.65,2662,2662,0,0,6.78,36.76,0,0,0,0,0,2,12,15,,,-1.23,-0.98,0,0,1,1,,,,,,,,,,,
1791268355,r4i2PJiJBABUXQNmh8UxbdLBAwTsRTZs4t4V3Gfpump,COMANDO,7N6kV54HiBbAvNUYuoc3DXhWxDzJSFZUrKN2o51Sawy6,pumpswap,1790770749,0.000002634,2752.12,2544,2544,0.06,0.06,2.4,7.22,0,1,0,1,1,1,1,7,-1.99,-1.99,-0.79,-1.29,0,1,2,1,,,,,,,,,,,
1791268353,GAcNBm6iE2MZdqGhyu7Wb1wTDm8esU2BMQk2bX1ipump,inustable,3KFGr22GoKWBNt2QoCCsopQCChvnbJukHCAWHn1JvN6Y,pumpfun,1790772949,0.000004362,,4362.49,4362.49,0,0,612.7,4599.13,0,0,0,0,0,6,35,48,,,-24.37,-65.74,0,1,2,1,,,,,,,,,,,
1791268345,5Sg1vv51KGCSDF2gBHgbNATCEXFjYtVhWgztNUwtgJYD,HERZOGIAN,HvZwXKakSprc6EA3qiDqjy89DPYNuuXFPFZQ6GE8mBoy,pumpswap,1790776412,0.000002422,2453.24,2337,2337,0,0,0,1.24,0,0,0,0,0,0,0,1,,,,,0,0,1,1,,,,,,,,,,,
1791268347,8XJgoo3yrkEBh84sx1dtysmznWG4V9Q5PBVVbs2tT18J,PIKAPOT,HvyKKmaZ3TDEMQXPwmcABCHCN6Mx3jo1RnWGZTCL3QWu,meteora,1790776701,0.000004161,7556.32,4162,4162,0,0,0,236.45,0,0,0,0,0,0,3,8,,,,-11.26,0,1,1,1,DYN2,,,,,,,,,,
1791268350,Cb2pMbsRRvaeZoxpRqnTP6k6hLziSUf5pnqW9Jx5T3Wz,SGI,H2zaAYAEcyCK2h2NdyrzzToo8yhEjYJLdNo4A9Vz2RkJ,raydium,1790775436,0.00002645,17524.04,26459,26459,0,68.85,714.67,8184.58,0,0,1,4,12,14,72,82,,0.65,11.21,-32.66,0,0,1,1,CPMM,,,,,,,,,,
1791268353,G9Q51Jf7SYer6xv83UCa1myUCTcivMqAEVvUhA8ppump,BAG,6Epj2rWCAfqzhMKWHJE5RQjJ6gKrjUZF3kVVPfqWqRxH,pumpswap,1790793837,0.000002624,2601.87,2404,2404,0,0,0.74,0.74,0,0,0,0,0,1,0,1,,,,,0,1,1,1,,,,,,,,,,,
1791268355,RuDKzjxqfv3Tq3X6dqSX1JrphXxXV3xntwPNdFrdDvE,HERO,642EHMvBRtryZZs11kC2RkbR6nF7BrYEm5EuszsGy3Go,pumpswap,1790775144,0.000003582,3420.35,3381,3381,0,47.2,47.2,502.05,0,0,0,1,0,1,0,7,,-5.88,-5.88,-25.75,0,0,2,1,,,,,,,,,,,
1791268345,6hatGWdZbBFuLuicNXGRDStqkGN9mAyfZBTkusUrjLoM,DOTS,TvqCrL7NPCW5sK2qWGLtSNaciB3E7gDtZijfVNZMVxi,raydium,1790776725,0.000006173,7405.63,6173,6173,0,0,1.19,5.66,0,0,0,0,1,0,6,4,,,0.56,3.89,0,1,1,1,CPMM,,,,,,,,,,
1791268342,2PuJ8eLNWeHLhG5YR5SD4mNwkQGduBiW2CWPuYq3vUPy,FLOYDEX,3phDmoE4yJF5abDCHawnPQSpGex7MeQe812fAXqV2bG4,pumpswap,1790794690,0.000002952,2883.25,2698,2698,0,0,0,2.84,0,0,0,0,0,0,3,4,,,,-0.02,0,3,2,1,,,,,,,,,,,
1791268353,FU36e3gRF3oJUgef7Xn18JPUQRuN548S8PhL65rECaYV,SARKA,ALxHEmdDGZayJJVMqiL8ecm8rkRNH1wvJvoSj9kT8Tve,pumpswap,1790777589,0.00006828,24214.18,64888,64888,218.46,4816.87,37369.63,98222.23,3,0,49,39,320,219,874,809,4.69,6.39,-22.31,-21.99,0,0,1,1,,,,,,,,,,,
1791268347,8acLTgfVBH5zExB2ez3kE3B7xH2xevsRusii7d8UfdPc,mINE,Bhvo33uf2RH7tFufWYsgCMYz6MZkbsRP3qmmdz5vPFeD,pumpswap,1790779282,0.000002720,2691.91,2536,2536,0,0.02,34.96,17453.45,0,0,0,1,0,3,214,174,,-0.96,-4.24,-3.18,0,1,1,1,,,,,,,,,,,
1791268349,BRJmyGPcHmNxLvFrTquYRTigUHuhirs3WQSh4bpLtS8H,ENERGY,4aRbBUVsAHyurhK4YeCHG3JpWStgHuJko3jtAkMd1eFm,raydium,1790780554,0.000004419,6130.4,4419,4419,0,0,0,16.45,0,0,0,0,0,0,0,3,,,,-1.39,0,0,1,1,CPMM,,,,,,,,,,
1791268347,9ADdpSfz2kbsCndjCoLFWq8fRx3Tt21iRnZPTwghpump,DRAW,7fDzQw3fMXbYeSGTdb4ZXUjghmGzu4ztK2485nDU687P,pumpswap,1790781538,0.000002508,2614.11,2442,2442,0,0,0,1.24,0,0,0,0,0,0,0,2,,,,-1.35,0,1,1,1,,,,,,,,,,,
1791268345,5dw5MXrnW4wbqerxhUr4jAg92BeRjnux7Nf5RKHhpump,REV,4FgGgugQJXpxY3ZN1cjXLJajYECakM86W6BDcwC2mXV9,pumpswap,1790843817,0.000008242,6282.65,7886,7886,0,0,2484.83,5300.89,0,0,0,0,27,19,66,45,,,-24.3,-0.08,0,3,1,1,,,,,,,,,,,
1791268344,4BZ8LdoevaanYBxEZivsSiHv9Jx1zjABijKPzwDWupLA,JADOODOO,Gc8C4nst9kmY5CncCBq89TLE6PuuXDVAMibeF9hjb2rg,pumpswap,1790782975,0.000006408,5345.28,6020,6020,0,106.29,457.01,16302.3,0,0,0,1,0,8,195,183,,-6.21,-20.22,-31.71,0,1,1,1,,,,,,,,,,,
1791268347,8zWcEgUZvQKcHgtUoYTnaC6AHX7FmtWVV9WeM4kPuXMR,COVERT,HqAcDG5dGaWX7PRLobb8zRMVnAE2KH5Co2Tg62jBirr7,raydium,1790719987,0.000007860,7642.03,7860,7860,0,0,7.07,1235.84,0,0,0,0,2,1,17,23,,,0.51,-34.48,0,1,1,1,CPMM,,,,,,,,,,
1791268355,wTv7FZouuPtAab3i5sYH8xwaZrvxahG6zrirwW8dare,DARECAT,6Mm1b4gwWQKAG31b3zwcfM4anr8eJp7ABVk4qRTQJL1A,raydium,1790779952,0.000004220,6899.44,4220,4220,0,0,0,722.41,0,0,0,0,0,0,0,30,,,,-31.94,0,1,0,1,CPMM,,,,,,,,,,
1791268353,Gu2bpydt5bHVHtko5vvsWH5KQUT3Wxvt6hzYvKdND6ur,si16z,Vptu7kbcUHWNHKSCw1Qn1MhgP9fqKmQnTAzTqETCAs5,pumpswap,1790784420,0.000003286,3422.68,3189,3189,0,0,4.21,5.45,0,0,0,0,0,1,0,5,,,-0.9,0.12,0,1,1,1,,,,,,,,,,,
1791268350,CJS2EN7zGiZhVAYXsHqdXQJvNk8niiH2ZR9oWcrNpump,Arthur,9MPbUqaHVN3QMEkDQS5PgsuKcbsUkygq4cVkE1jM7zjQ,pumpswap,1790783228,0.000003256,3627.39,3190,3190,0,0,0.09,39.03,0,0,0,0,0,1,0,9,,,-0.65,-2.95,0,1,1,1,,,,,,,,,,,
1791268342,2Q8GA37vB3LfTJ4KwLFbPDCvJWTSohsQz6XLKSTSDyhg,SLPY,8ri7XZPaKZjwE5SwVM74ycUszNi8kizLqa9oSkkyZjTx,raydium,1790786119,0.000002453,4580.5,2453,2453,0,0,0,2.63,0,0,0,0,0,0,0,1,,,,,0,1,1,1,CPMM,,,,,,,,,,
1791268355,mXrsF4j1M4SoLvUzq9MiPN2xpGE21kDR2bTSdZipump,BSI,AQcFvbNB8b3hBtxdz6sM7FPPswPwrm25rFLDF1zetpkE,pumpswap,1790786591,0.000003580,3434.65,3287,3287,0,0,4.78,35.18,0,0,0,0,1,3,10,6,,,-1.59,-0.94,0,0,1,1,,,,,,,,,,,
1791268350,CdDrjtJTC9JELJPZNdzo68r1ixGZfndMo1r9hFZFPdEn,LONG,CncNKe4cvaFFX2AX1hRcqiExNekr9RzQn71kahM53S2Q,pumpswap,1790785458,0.000005923,5782.86,5792,5792,0,0,3.52,91.73,0,0,0,0,0,1,0,4,,,-0.12,-4.83,0,0,1,1,,,,,,,,,,,
1791268351,DtNL8UUfTHsgzLV1mH171p8hH6mgzq7W66eXMYCekHZG,SI,732i71A4H76vpajPaJm6VvfCufBCBXoSDovrrwDhfRij,raydium,1790785167,0.000003119,5180.36,3120,3120,0,0,49.66,148.52,0,0,0,0,0,2,0,4,,,-3.35,-8.45,0,0,0,1,CPMM,,,,,,,,,,
1791268349,Bd9thw3PAeyHeBGSi4R1ARBuptpG5rM4fhB8BRWJkq1e,glungus,7brshHG5ijCodns6PUiA4qWMjqDLowtQE7x1ghwrDZag,pumpswap,1790671701,0.0001164,31244.35,110873,110873,12.54,1484.9,32905.48,189722.42,1,0,35,30,313,356,1626,1285,1.31,-3.41,1.94,-33.31,0,3,4,1,,,,,,,,,,,
1791268351,EH9vKKVJJoxULovwZZ5seSot3ofdpeMTxWjE9tCSpump,ZI,8e56Qs85AJMfSmQGwTnfxC4V4swV54rmzSRUndqSGYps,pumpswap,1790791766,0.000002662,2636.17,2538,2538,0,0,2.38,31.26,0,0,0,0,0,1,4,4,,,0.47,-14.33,0,0,3,1,,,,,,,,,,,
1791268353,FWQf2kYPxWbggMj5w84H42gSdPcbgDwjt9uwUyYnpump,BI,3Qniv1KQjeredfait1yrbNwxn5hDYAYThMzhqoPYNZuB,pumpswap,1790785740,0.000004809,4456.73,4648,4648,0,0.23,27.9,589.84,0,0,0,1,1,3,20,40,,-0.84,-3.21,-22.1,0,1,1,1,,,,,,,,,,,
1791268348,ALdiS7dN9HaRVbFmFaQw4a1evUxUD3r3M8vTc1HngW2u,BI,4WdgSAnovHp7fiZXNAbZXhzZMVxBkp4bVZWRMGwdABkE,pumpswap,1790788427,0.000004557,4725.72,4476,4476,0,94.22,396.22,1219.87,0,0,0,3,6,7,17,28,,-6.04,5.64,-3.67,0,0,0,1,,,,,,,,,,,
1791268345,6ZEaWsvHJ5qeXgaDodZGvPZj3Nxs9ErCt2NkYYt1LFPv,PeaqX,C2qfTYrZ8C8wtQkACigdoEpuzbBwWU1xzEbVbrYkDYTo,raydium,1790734558,0.00009954,28930.13,96492,96492,0,274.52,5960.41,25922.39,0,0,1,5,36,25,122,131,,-3.4,-25.45,-10.84,0,1,2,1,CPMM,,,,,,,,,,
1791268354,H4r1pbLaDK7bsJLinP32fYqFBBP6CKJPDdEN9kWJk2MV,Private,92yWnKKTzE2Ku8e3ehnSo5Lu6aufXE7dpHpicEWNToyy,pumpswap,1790790931,0.00001914,11789.26,17974,17974,11.1,44.67,3989.1,11450.65,2,1,13,2,90,77,132,109,2.82,-2.73,45.83,113,0,0,2,1,,,,,,,,,,,
1791268352,FACvJMFBWQ1GYm9dgZ7XHvs85V1EcK2SqHf534kspump,ZYROX,DA5uVLo9YU7wrS8ehuu61ujQkRzGGXSQ2oGdZRn861yg,pumpswap,1790788686,0.000003454,3485.4,3407,3407,0,0,5.86,21.56,0,0,0,0,0,1,0,6,,,0.68,-1.49,0,0,2,1,,,,,,,,,,,
1791268351,EbHLDHnVB8cUTitL6X6eRVZM2E2kYAz6Wy7qRHu4pump,SC,9uaMyC8LYrNjEDUV9hfWxDcM45wvf9NpiX4V5tfYet7,pumpswap,1790871154,0.000002824,2775.03,2689,2689,0,0,0,5.04,0,0,0,0,0,0,1,2,,,,-2.71,0,0,2,1,,,,,,,,,,,
1791268350,Ca5RnSFTTCrJ4khNnPAWVvozytYhHUg8PXnzdsnxoP95,zilli,EUqKY6xx9EFexL8mpZEQbxXCnFd6D8mXhgkMhvukwvKm,raydium,1790770303,0.000003068,5016.87,3068,3068,0,0,0,6.43,0,0,0,0,0,0,0,3,,,,-1.36,0,1,1,1,CPMM,,,,,,,,,,
1791268349,BrLhG5DpphFZHE5hhhjY2iZ4HFAfu7e2dXB2h1Czuvba,gs,81vrem5VTEKFDKrYFS9Z54EBXjJvQbgAibz6RZigohWi,pumpswap,1790789368,0.000004254,4225.99,4166,4166,0,0,80.14,650.57,0,0,0,0,1,4,8,17,,,-0.82,-13.11,0,0,1,1,,,,,,,,,,,
1791268350,C5LjFTBeszZEZsQfgwawF4rzdupygG48ATcaj5zcvom7,UI,DzfnubcByqUwVQmVdxeZtdVwN6PNcacoKZVbyobUmRpg,pumpswap,1790792596,0.000003023,2954.04,2670,2670,0,0,0,1.36,0,0,0,0,0,0,0,1,,,,,0,1,1,1,,,,,,,,,,,
1791268349,BHFHzyjNrkf3brSktJSv5nqfS3CLVTueZSqGf8mbpump,CA,FqegzzBsTiUr93vSD5BdoJGuSmrR469FWuKzS8ftjcPT,pumpswap,1790791994,0.000003095,3322.58,3028,3028,0,0,2.74,181.81,0,0,0,0,0,1,2,11,,,-0.79,-12.92,0,1,1,1,,,,,,,,,,,
1791268355,VSoFduVq3HP7iYZ9H1EruWpdwfGpTcURPwgGwyCS48f,VSOF,ASw2apjb4EvS7zxq1BGtX9wXBBMYqUr5PHEfooq4EfcE,meteora,1790781290,0.0001563,20926.55,156376,156376,0,139.91,1382.09,203745.84,0,0,3,0,26,14,368,216,,1.95,24.22,-98.08,0,1,1,1,DYN2,,,,,,,,,,
1791268352,EsT61WMFMja6vJYPnXJHv4s9SeEic3bUABrbADPGMRUN,UHI,DEh1SgW6UZoZQXSDxxkSFeSyJqZBdE6EuGwFpPX6xYiU,pumpswap,1790790533,0.000004266,4260.5,4149,4149,0,0,0,326.83,0,0,0,0,0,0,5,15,,,,-15.47,0,1,1,1,,,,,,,,,,,
1791268349,BizeLNXEQjrTjmtQbNA6Qi22h5HKQe9Gjwys3ZkT1Nc9,ELON,Bq6qtrFcr1GdVhmZYCNKBBi9oeN1MTvET26J66zf9giT,pumpswap,1790789710,0.00003129,19056.67,30168,30168,121,2518.15,13289.41,26498.75,9,2,23,13,95,63,198,167,3.61,-18.37,10.89,-14.06,0,2,2,1,,,,,,,,,,,
1791268354,JCX5nDG99k1CWB9AttJ3U57NmjSgnCoagFaZhqfEf7Ah,BANDIT,6L2q7ZrUQCzUBm7RHV2w336ZCVVrVGqA6z5oNmQmUidP,pumpswap,1790793667,0.00004135,22479.86,41133,41133,0,162.42,1313.34,12362.15,0,0,3,6,18,23,196,180,,-1.1,-11.76,13.4,0,1,1,1,,,,,,,,,,,
1791268349,BLekeyrGWfyBk1YSuwvoSULeh5wVS1EEUfgg2aNbSTNK,AI,7kcbMGRyt8SnGVqFx93JzckV3MPXT1MhJAYJgpzW5w8h,raydium,1790793309,0.000004245,6529.59,4246,4246,0,0,0.39,357.61,0,0,0,0,0,1,1,14,,,-0.02,-17.57,0,0,1,1,CPMM,,,,,,,,,,
1791268352,FEYNnky1Jp7xfrTnR5U93qBM79RxYkQibzTaR31fdxqS,FEYN,DP7hdCfAt6Ny94b96RjNYSgUSRdfrT9wiDCtVjn6T3bP,pumpswap,1790792629,0.00007591,25139.97,73904,73904,0,312.56,852.17,14078.19,0,0,8,3,21,13,112,114,,-1.22,-1.66,-3.9,0,2,2,1,,,,,,,,,,,
1791268348,9rJsqPD1UqeXo1dgPybwTKm7Luga8bXVQ5A3EiYFhfeA,SI,7ecRqpsoJ3A7YsQEyp4HgnjXA4g8AzESfi9rhBNGiWcW,pumpswap,1790795908,0.00001165,9540.33,11292,11292,0,0,486.97,1824.15,0,0,0,0,5,9,21,45,,,-8.14,-4.9,0,0,0,1,,,,,,,,,,,
1791268343,3MPnePgPguPF2cNjtGdHeNofSkg9Kn7Pn2vt6kr6pump,LAB,D9U53oJwBRpVEe5aFLp47wKPvsYYCKjwsE8K4ENzszMJ,pumpswap,1790796855,0.000003645,3811.63,3415,3415,0,0,19.89,19.89,0,0,0,0,1,1,1,1,,,-3.48,-3.48,0,1,1,1,,,,,,,,,,,
1791268355,qntUzPUsJ51abNP7VYNxkmsQ4RnvEZAhavUxsCxpxH4,QNT,Lo5TQRbpUAA74P9p4WkcMyx6sEBKwT6oxXCcfhtp7PA,raydium,1790797562,256.68,57268.34,493658,493658,0,444.45,13332.06,55143.7,0,0,0,10,147,327,666,1056,,-0.47,-2.54,1.74,0,0,0,1,CLMM,,,,,,,,,,
1791268350,CE9u77YGea7MsWK2cXMEcSE8Gpp3dbkWWd8iG4eMpump,inuvestor,EEENNP8xw1W29tfJB2YCjXW1ZS2pjTdqfM7KccixK4Jt,pumpswap,1790799607,0.000002423,2463.98,2327,2327,0,0,0,4.39,0,0,0,0,0,0,1,1,,,,-1.29,0,0,1,1,,,,,,,,,,,
1791268352,FTa2QkKrc1oSkLciZCMS1o6zpRB1L8TZVkiPy56VQX4u,TEXTR,57sTxsma1pbg85XfjZiqpUrbnVbiBoRBsSMrybSpsc4u,pumpswap,1790799059,0.000003015,2981.36,2884,2884,0,0,12.73,16.91,0,0,0,0,0,1,1,2,,,0.19,-1.1,0,1,1,1,,,,,,,,,,,
1791268346,6weQ1xmYGVDnCe2R3CdRDX5BvXPDg4G2TJhABa8Vpump,DRUG,9ZDCPk4UifwASL8siGtXPmRhhCih8PrF1brDpttnLv3n,pumpswap,1790798383,0.000002845,2834.32,2558,2558,0,0,0.27,48.22,0,0,0,0,0,1,0,5,,,0.26,-4.5,0,1,1,1,,,,,,,,,,,
1791268344,4Xfph5jWxEj3zzPTsDNPJtJbf24LizaqPQGohodJZ1PV,Quamfy,He5LqnjT4HMgdj4gxMCbCJAhfUZkU2zf9aPkKWgjTb3g,raydium,1790797811,0.00001991,13061.49,19917,19917,0,353.38,815.26,12890.38,0,0,4,3,8,14,97,97,,-8.48,-19,-40.49,0,0,0,1,CPMM,,,,,,,,,,
1791268353,GjrhXcr8YzUZBbu5rifdqM5CPBS4LFJveq3ZiY2u3g5G,Meridian,6xLfdSfHgxHSLgFt58BTv9z35qsGbmpqLdMU2FwsG2Tf,pumpswap,1790799213,0.00005804,23672.83,55851,55851,82.82,704.64,3282.63,21970.02,2,0,6,7,34,31,210,252,2.29,-6.18,-9.7,-20.44,0,1,1,1,,,,,,,,,,,
1791268343,39eBixffUCh2GqF8sEE9fZ1rqoeP2HxNsstN5X5ppump,AHOY,6X2DJ4sAq6fYkUwz2Q5PWEJ4KfSUqzcUD5WRhmTV9zD4,pumpswap,1790799673,0.00007830,27114.72,74215,74215,14.6,14.6,379.01,1055.27,0,4,0,4,5,11,26,21,10.34,10.34,11.57,13.74,0,1,2,1,,,,,,,,,,,
1791268347,8nSQRjqWKuLYfLgdvYaYm63hBoiKSZvGqN7yVaHMfc8q,Qubit,4pw33MzUncQx9EejM7veokeXayx5RNb7nzBE71FUnMyQ,raydium,1790800727,0.000003492,5301.08,3493,3493,0,0,34.2,843.36,0,0,0,0,1,1,9,15,,,-0.76,-20.58,0,1,1,1,CPMM,,,,,,,,,,
1791268349,B7yfFFkX4NtxtQwGdegi2DuaVssitc3FGpqF2pxUH1zM,PUMPKINU,5YzMhNDv7X6NCyxoF2HvRGw55cs7x2cjNoRpoHFn9S5o,pumpswap,1790798075,0.000003098,3282.86,3054,3054,0,0,6.81,293.09,0,0,0,0,2,3,8,15,,,-0.19,-13.09,0,1,1,1,,,,,,,,,,,
1791268344,3v4FdwQVLWKGepzX7MstykeJZkCfMaS6W6ASRjiKpump,HOTSHIBA,CYNZatWZDtcxBSZsgxbX3KVd5pKYb6FRHyPWcpx7rZ6T,pumpswap,1790800867,0.000002917,3343.23,2833,2833,0,0,0,13.42,0,0,0,0,0,0,0,6,,,,-1.3,0,1,1,1,,,,,,,,,,,
1791268342,2dTGg7tybAVYi81qg1ETfbGXKKGA77of3d8rBjKcE4N2,SI,z6yuzgMZNEAdjkG3zyDNPNm7BzXAkTRzXH5pT8PkuN7,pumpswap,1790801106,0.00002326,12483.53,22903,22903,0,0,0,187.42,0,0,0,0,0,0,1,15,,,,-4.58,0,0,1,1,,,,,,,,,,,
1791268352,Eq8yd78WXjHKRksRpqzXUSDDdzwcV9mdjCBqThkqyY3q,INUINUINUINUINUINUINUINUINUINUINUINUINUI,6XP93srUjoeR3fyubi6ehRkNBoLDVUdnj2n1uNfFkgsG,raydium,1790800152,0.000002921,5278.69,2922,2922,0,0,87.21,88.08,0,0,0,0,0,2,0,3,,,-6.47,-6.47,0,0,0,1,CPMM,,,,,,,,,,
1791268342,253ru1evxbU7zfKZwGAh458Np3ADtNMuWDqPhvwY8Cj8,Rocket,bKcJn28u6QvBC6MpzJqdj7bCQYMAZMU26ueNb4tWZcS,pumpswap,1790802175,0.000003074,3406.19,3022,3022,0,0,1291.6,1326.91,0,0,0,0,14,13,15,20,,,4.62,3.23,0,1,1,1,,,,,,,,,,,
1791268343,3cy7hHiJK5AzzhAp9bTNppUDMLRV5SzGnbTA7agSwr8x,Inuween,89yZQ49MzCBP2u3Lr7aA54qD8Gwhne9MPA4XVRjmtyv2,pumpswap,1790803925,0.000004293,3917.67,3540,3540,0,0,0,2.12,0,0,0,0,0,0,0,1,,,,,0,0,1,1,,,,,,,,,,,
1791268344,59PXVfJ28HLYpdYLz8rt8ziE9EWbK4mS8xvq38NUQ1Be,REPOING,FHw49kTEEjzBhRuMff9F1Xw1bLcBpwvsaSboaAWpAcaT,meteora,1790628834,0.00006419,23726.36,64187,64187,0,375.58,4106.97,26002.95,0,0,2,7,23,41,225,180,,0.24,15.71,-35.38,0,2,1,1,DYN2,,,,,,,,,,
1791268348,AgwKsgtTAML6dkJvnjoStx6Gk7FpCuqLrg3pMr9HvdnY,Yuri,2SakVDQw1HW3iZB5phnb34XR3gaaPnF1VMcMy57bdmH4,pumpswap,1790802521,0.000002626,2753.98,2485,2485,0,0,0,0.16,0,0,0,0,0,0,0,1,,,,,0,0,0,1,,,,,,,,,,,
1791268354,HmYAF9xYtZUMCnbAdL6pu2ZS6qsXVUGEvLETut5Zpump,S/ACC,GVDVNAR539LDLhuC4JJb5b65jRZrxXNwwNhePexa4xa5,pumpswap,1790802950,0.000002419,2507.02,2350,2350,0,0,10.69,14.69,0,0,0,0,2,2,3,3,,,-0.58,-1.85,0,0,0,1,,,,,,,,,,,
1791268354,HpyRH91gxwDKmjcN7UjPpSFLBXA86yGodgaJYrRK3HT,QUANT,EXe7eEuHnKTiR5rC4XdnZt1bVuMVgVx9TaC5j3WPxb7f,raydium,1790803122,0.000002456,4305.6,2456,2456,0,0,0,1.55,0,0,0,0,0,0,0,3,,,,0.05,0,0,1,1,CPMM,,,,,,,,,,
1791268353,GXLPgdSKCxRwiD2xALcCjmfwaVsq4wi3ENx5tB9Bpump,boobs,2KdEpT3Wo2k2kpEDBFCvZrugnMZeXJN1wV1XA5ZrtPAK,pumpswap,1790804804,0.000002652,2726.89,2567,2567,0,0,0,22.58,0,0,0,0,0,0,0,2,,,,-1.44,0,0,1,1,,,,,,,,,,,
1791268343,3euDZvSc2aB3pJeFzF8vQBrt5Y8wNmhzn92Yb2RavugK,.si,6TMYeSTF7mCPXoWMWuXQWJs6wyiP8oNNK6yuWF962Gem,pumpswap,1790806165,0.000002499,2640.63,2408,2408,0,0,0,4.91,0,0,0,0,0,0,0,4,,,,-1.22,0,0,1,1,,,,,,,,,,,
1791268348,9jAVyE3sTnVoWXLK4eorcU7uV6zhh5Q9WapdcstAYtas,GENESIS,GntVxwXdqX35325f8M95SxxZMF7vzgt9wFMrH8SmdMrr,pumpswap,1790805945,0.00002285,11894.67,22023,22023,0,277.68,280.05,1647.76,0,0,0,4,0,5,10,21,,-7.91,-7.68,-18.12,0,1,1,1,,,,,,,,,,,
1791268354,HiKS1Czq9x16ALXL7bHMirHBzT2MwkeuNojZHoikUqwu,アイヌ,HgQdjZhuMdCL6D7D9diitoAyDSvwHxVBk21FwAgfAtPr,pumpswap,1790806038,0.000006246,5330.23,6026,6026,0,0.17,533.74,752.44,0,0,0,1,5,3,10,10,,-1.36,26.62,27.01,0,0,1,1,,,,,,,,,,,
1791268351,EiARYxXzxwS8ZyYhXx3WDtB9K1XPpc8628g4hy3rbkVH,JINJI,CLS2JA1oSQr42Zqc2hbmuVMSjF7re9Xv4AX4kkVBdoV7,raydium,1790801521,0.000004242,5946.1,4243,4243,0,0,12.4,15.81,0,0,0,0,0,2,0,3,,,-2.05,-2.05,0,1,1,1,CPMM,,,,,,,,,,
1791268342,2QHXWq5TK64JbMptwMBP1BsfhrxZRRv9JsLa17X7pump,SAW,B7XU9FYpuKgjEhM5HwyR9qAHXL3Juyz3CcgPuuiAbKki,pumpswap,1790787841,0.00008924,28481.21,86237,86237,0,352.55,3318.98,96677.95,0,0,4,16,31,74,704,712,,-0.06,-3.88,-51.75,0,1,1,1,,,,,,,,,,,
1791268351,EmLPFwLkzaPdT548oKXT9CMh9bSB9Ez93fBgmmoapump,.si,2bnXboTryEGBAH8C9FNERm4bfD5RKnJLtMZzJFn23uRe,pumpswap,1790805275,0.000008681,7677.88,8427,8427,0,34.41,583.44,4866.49,0,0,1,1,6,8,47,73,,0.09,-8.62,-44.12,0,1,1,1,,,,,,,,,,,
1791268353,GacgmKkuqxLfL7qox6YMeP7SWHdC1ayMsLUJcuKB5huf,KARDASHEV,ADUJ4UgHrMqMhsGEE8bSHaEomGAHuKpDFtzmhcxrpHX7,pumpswap,1790433659,0.00001299,6654.38,12756,12756,0,0,21.42,1711.2,0,0,0,0,2,1,14,18,,,8.2,-30.35,0,1,1,1,,,,,,,,,,,
1791268353,GPuN3s5PZTPcQV7cykNaTyX9cVesPSyz7111nsNKu4cv,CSFUN,8ZUTVDzf85jCqArY1CNuryok21daNe1xE6X4Anp6paLN,meteora,1790806714,0.000003712,5983.19,3696,3696,0,0,9.67,134.53,0,0,0,0,0,3,1,12,,,-1.08,-9.01,0,1,1,1,DYN2,,,,,,,,,,
1791268346,7SG8ap8SqDB1dVmJ9RZhXd3VBkbgwPitxt9Jhj4Spump,FORGE,E57PhrFybNQG6QZLwxAeu1t4Dzf59tLTbNhnJtLYzjhB,pumpswap,1790804855,0.0001696,36533.34,167022,167022,0,88.33,7039.55,16636.33,0,0,0,4,28,36,88,74,,-1.89,-4.64,16.58,0,1,2,1,,,,,,,,,,,
1791268344,5CM4i8KJVew1tJJEEz1iFyCdUGh1WCLXJHsZFhEKf6H2,SI,5MguXvYfBqEWAnB2kQgCwxjQSjoaVp6MsRM3hzvx2TRh,pumpswap,1790805813,0.000003301,3185.24,2808,2808,0,0,17.41,485.12,0,0,0,0,0,1,0,9,,,0.49,-28.33,0,0,2,1,,,,,,,,,,,
1791268351,EMdFVxBzhkYGENzqTmnuAStJoLp8R42R6VupnRGApump,GNUT,7F9hPnDxZAgpSqNZk91wtoGSRXiRG1meAYyzNNULtCKz,pumpswap,1790808408,0.000002657,2660.37,2480,2480,0,0,0,19.36,0,0,0,0,0,0,2,1,,,,-0.98,0,0,1,1,,,,,,,,,,,
1791268353,FgnP3f328UvwmbQBG2vABSwZJQRS7ypkqtYGAHVRpump,tail,65MfAJyt8UKNJc345eEV1BpTqhHnTaw9hTFrJkLdzPY9,pumpswap,1790808461,0.000002390,2467.44,2310,2310,0,0,0.05,0.93,0,0,0,0,0,1,0,3,,,-0.09,0.62,0,0,1,1,,,,,,,,,,,
1791268351,DvNcJZTiSMD1RBCtZ2J31mh7s42CVCwrzGapv1Lypump,MICRO,mnnen34cBuJJ7Pvfdb2PN7WHgRvCMzcTej4bAgUiXob,pumpswap,1790810211,0.0002081,51913.02,198747,198747,5.69,2683.38,46397.07,74300.18,1,1,23,11,214,186,457,464,0.15,8.5,60.32,21.5,0,1,1,1,,,,,,,,,,,
1791268342,2F3VSnTdEJAKjWmSahfRG43RZFdkCDzSPySNdpz8pump,Picomatch,5y5qfgLmWa9TS6R1dqDsVhAzirdgmswpNMU6d3MPwLNe,pumpswap,1790808814,0.00006245,22564.15,59865,59865,17.71,1144.06,33493.08,54382.22,1,0,15,8,261,197,477,300,0.33,-3.71,7.88,250,0,1,1,1,,,,,,,,,,,
1791268355,qX75G4BLzhPtGWtH4THcG2F6weoHveAMoqfDB2pcmkp,P3jca,DWAG4R3hAmgBqFTxhsZNra9WU3oA8S54PXWQsYTnos8c,pumpswap,1790809487,0.000002787,2946.41,2647,2647,0,0,0.06,21.43,0,0,0,0,0,1,0,7,,,0.29,-2.27,0,1,1,1,,,,,,,,,,,
1791268347,8iX67wnJuJkDk2Hvsdd4nBdwNQC2hc6TNiHK2gE5svCF,PROJECT 6,48wgbxsfc5kb6csMcjaQPMC9d5QuE5GFKnme4PyAZufZ,pumpswap,1790809860,0.0001249,31097.8,120847,120847,91.95,7763.16,80913.71,121651.93,1,3,57,45,500,391,822,620,-1.12,-20.74,37.55,315,0,1,1,1,,,,,,,,,,,
1791268351,DfLA2AoZqey8TArzSE8Eq962qpwRkQhZ74Vf2L6tpump,SJ,7SEZ1T9ceSFnYmcndScLYVQERmdfm4CsTd9CHfh74BxM,pumpswap,1790811760,0.000002720,2706.47,2621,2621,0,0,9.08,9.08,0,0,0,0,2,2,2,2,,,-1.37,-1.37,0,1,1,1,,,,,,,,,,,
1791268347,9Hi75Cp5PcfJfCdaxrheyP9oZ2TG6fnGt1Cgq2Jrce62,HALL,BRAP3bfVcHpckgzGUBaNiHg43gTNbRQWFL4bxVZWYBcf,pumpswap,1790810602,0.00001827,12550.28,17645,17645,0,227.2,4914.08,14155.59,0,0,3,1,35,45,101,137,,-0.8,-27.57,-40.27,0,1,0,1,,,,,,,,,,,
1791268354,Gx92ZFATEPN1fr6Sr3weHnx2VfFNuA7QyNEe1JV8pump,ia,6HWrcpupxmdDztZs78eGAY3k5CNre641JsbxxomTiFVb,pumpswap,1790813404,0.000002533,2570.58,2436,2436,0,0,0,9.19,0,0,0,0,0,0,1,2,,,,0.12,0,0,1,1,,,,,,,,,,,
1791268348,AcgB3riCTGBzQ626TRmEm1f6ikeFvxi4mL36piDXV6ug,PRLS,GwvAt96oPP1fd1gMX9bPhERFKkvV5qBBVc7P1MHGPJk3,meteora,1790811206,0.000004410,6071.85,4409,4409,0,40.06,46,88.94,0,0,0,1,0,4,1,12,,-2.03,-2.49,-5.47,0,0,1,1,DYN2,,,,,,,,,,
1791268349,BZERM5ET7txBTK4mM8pA3fph64marhkvTGEXiwM3pump,CLM,GPB1BYWPJShRr6V8my1DFYRZAPzrdGBCLmHVH7SH8P8w,pumpswap,1790813803,0.000005642,4951.51,5309,5309,0,192.21,646.38,803.81,0,0,0,4,11,6,12,11,,-11.83,14.46,3.67,0,1,1,1,,,,,,,,,,,
1791268347,8kVuY7Yir9NLaai9V73ZejscWdJ9q7aczidLtr38oL4r,Collateral,84EGAwMQhs4Jnz3dEdxvVuk3fPD3g5qA8zyskPTZkRMZ,pumpswap,1790813443,0.000004785,5081.09,4710,4710,0,0,6.43,222,0,0,0,0,0,3,3,15,,,-0.49,-9.57,0,1,1,1,,,,,,,,,,,
1791268345,6mF3wKGm377EFN8Jxm1mPUk46rnirNu3jASSvp3sBg6u,Chunkee,54xnep45xfFBkaPweHLi3kpg348cNR4UWmD3Ax7Ric5z,raydium,1790262291,0.00002154,13950.59,21549,21549,0,0,9.79,476.79,0,0,0,0,1,2,3,9,,,0.11,-10.39,0,0,1,1,CPMM,,,,,,,,,,
1791268345,5sD8hmitvDkDxbAjZF4CrX1NX8eA5Cwn8kK67tp9DevH,Pongpong,GQADs9oy7uVQTNJ7DEew2y8YvcfusRVbspx4ve1vnBpq,pumpswap,1790814255,0.000004288,4558.12,4212,4212,0,1.66,49.45,218.05,0,0,0,2,5,5,19,19,,-1.43,1.19,0.67,0,0,1,1,,,,,,,,,,,
1791268354,HVUFFsRbWFV2kRS467iRJGLdJ9o93yQJqmSWa9fkpump,Trump,GZjhB454hC23JQThwkYv2k6tqBTKtMatgS3kdvit2RrV,pumpswap,1790813964,0.000002877,2965.64,2830,2830,0,1.11,13.97,570,0,0,0,1,9,9,103,103,,-0.95,-1.96,-0.49,0,1,2,1,,,,,,,,,,,
1791268351,DkQYd9q2p7VSruiKhj54wu4F9CbyqruCRKFewg3dpump,AGI,5Mp4Z17NNdanseQa2yqg2eEE5xVSognN3ffDgksWeCm1,pumpswap,1790812557,0.000006733,6326.89,6346,6346,0,2.84,499.09,842.63,0,0,0,1,9,5,17,28,,-1.61,20.83,8.55,0,1,1,1,,,,,,,,,,,
1791268354,HhjNowJGHi3wsg2u9ZNEWXo7CQCEgkELFbPcQLX7pump,BRICK,C7EAi8aELckf7sfcQu7CZrRuBvRTX6sBLPi7yZS7gsh2,pumpswap,1790819212,0.000002651,2657.71,2529,2529,0,0,17.73,110.2,0,0,0,0,2,1,2,2,,,-4.1,-4.1,0,1,1,1,,,,,,,,,,,
1791268350,D3Rna5XrQWaW3Ydzxt5PicEbQnMbSv8qX97x14qEsVd,AI,BGWXhL7pus7jNZ4pXrdkwincYFxvi4rKdRkyqXXemW4w,raydium,1790818620,0.000005865,8262.52,5865,5865,0,0,16.13,277.27,0,0,0,0,0,7,4,19,,,-0.84,-6.02,0,0,0,1,CPMM,,,,,,,,,,
1791268345,5Xxd4jTPp1jwmYBEFvQ6xNsHxsSMT73KDWDwHxDFpump,SENSEI,57VzFpFEVkCDCfhj8ebNw2xXZ1CRmbQzjYF3eWySpyW4,pumpswap,1790818296,0.000002683,3068.19,2605,2605,0,0,0,0.03,0,0,0,0,0,0,0,2,,,,0.61,0,0,0,1,,,,,,,,,,,
1791268349,AzDHbuhbJfUaX7tzcHXFjgk8EvSdUmWMEsr588fVpump,FI,6ryFML9TK2Gf9y1DD536VE6nSG6wBn1xoiX8mbNU5EM6,pumpswap,1790819541,0.000003126,3131.35,3014,3014,0,0.34,53.74,209.3,0,0,0,1,31,23,104,98,,-1.18,-3.1,-6.1,0,0,1,1,,,,,,,,,,,
1791268343,3MQLR69vhsFi86MJ5Lf4jsUT2SdcTpdrPixTqGeFhvE6,elephant,7UFq7aLYp7yLQ6oPbz3UWKMG32NC4Pwm91vtWHcu4gxq,pumpswap,1790820219,0.000003051,3096.78,2978,2978,0,0,2.03,2.06,0,0,0,0,0,1,0,2,,,0.27,0.27,0,0,1,1,,,,,,,,,,,
1791268344,4ByRNjKEQbtexsJie54vCdPnSuSWibWHn49dAXmcpump,GND,HMbMsCJ1JBjhmqdbSbQvopXm3WkCpsAvJZNycrgEy8mf,pumpswap,1790819890,0.000005884,5086.47,5428,5428,0,634.73,1163.05,5049.21,0,0,7,5,8,10,41,50,,9.22,-15.49,-24.33,0,0,2,1,,,,,,,,,,,
1791268344,4vEX32B4LLr2hL4tzdgz724rSYXGccAGT8MRSUaNpump,DEGEN,8vyH9f4CyuK1kEZoRnTwKiFh1zDubrGMBNhSUSnmLQQa,pumpswap,1790820459,0.000003130,3388.16,3093,3093,0,4.92,7.35,37.91,0,0,0,1,1,3,10,16,,-0.45,-1.25,-4.31,0,1,3,1,,,,,,,,,,,
1791268348,AV9TkfXb8LcAgjKuVBpp7qhaL6wHuAdEtBsgsduQpump,Quest,HYU7woAVxao45T4Q5TuGRgowpimG7b3RGT1Ln1e13WwZ,pumpswap,1790822365,0.000003992,4293.1,3890,3890,0,0,33.76,604.39,0,0,0,0,0,4,4,18,,,-3.16,-18.22,0,1,1,1,,,,,,,,,,,
1791268342,26uqr1EAd5o9czpp3CxWGRPBgzya2733WC7faQX4mqNA,TRUMPTY,3wEUjhLesDjHasbWWQng4rSqLHjAGvMLAcA7REspuWvy,raydium,1790822912,0.00009807,29079.75,98078,98078,0,388.54,2374.48,9866.31,0,0,1,14,39,28,93,88,,-5.53,1.97,-0.6,0,1,4,1,CPMM,,,,,,,,,,
1791268354,H9qKeikv2EuifXaMCWSFQSUvNHUu2dre9R3Gmz62mvjw,Ajax,EGRWwHLfME2U2rahMu6BMqonMNeG5ND2CdVFPX1CcAE9,pumpswap,1790821407,0.00006220,26004.16,61304,61304,0,168.42,5194.61,19174.89,0,0,0,5,58,48,225,276,,-2.96,-3.63,-14.1,0,1,1,1,,,,,,,,,,,
1791268349,BFdFhgZWKpHEvtCRA3R7fQwJfj51kZCk9WR9q3LLpump,SII,FnmwumGkfxFgwQ9ERk2vUsuJ2kXNx6Xf5oU2UyE41ars,pumpswap,1790823152,0.000002458,2695.74,2423,2423,0,0,1.28,10.99,0,0,0,0,0,1,3,10,,,-0.37,-0.47,0,1,1,1,,,,,,,,,,,
1791268351,EQoTL7T8VFigYKqtfDxL6bqs7ZpqXRKrMbK49WvEpump,SOLDOG,EefrnDNYsagH8njqWMcTRoRRQogjjwijHNiYfr8vDGew,pumpswap,1790823103,0.000003186,4129.19,3121,3121,0,0,0,0.17,0,0,0,0,0,0,0,3,,,,-0.01,0,0,0,1,,,,,,,,,,,
1791268353,FvzXxSZ437prKXkBwwodNKJNUmFEkZMm9fdtBkPc5hAL,Blob,9VYHbNPN1AngeX1AqHbKS5To2yrymwAoMae7HR4xAx2,pumpswap,1790824450,0.000002463,2495.35,2371,2371,0,0,0,0.31,0,0,0,0,0,0,0,2,,,,-0.7,0,0,0,1,,,,,,,,,,,
1791268351,EEGtwsf5wLWDG4THEu4TdFKTTRpsEoxArWZsetWZpump,NUVI,8MxvegL1C14ddbBczqpfMLdBvnmDDPGqqTJWqJAYKuhP,pumpswap,1790826457,0.000003270,3493.07,3154,3154,0,0.51,13.95,110,0,0,0,2,2,3,4,15,,-0.71,-1.69,-7,0,1,1,1,,,,,,,,,,,
1791268347,7sa2NMs1kT2kCXHgnzbCpq4Y6wU3fF5bCtMPtASqpump,agi,2dXAnAshLR7h9Tor5UTzdFWKWq6QqKMYG5J6qQCRnKdm,pumpswap,1790826123,0.000002469,2498.13,2363,2363,0,0,0,3.18,0,0,0,0,0,0,0,1,,,,,0,0,0,1,,,,,,,,,,,
1791268347,9GW1GMaVeV41yiYYzfgQdnEf8ocGFenX8AsgvhWEARLY,EARLY,Em9Ru5DrybRSZL161CtKVSCF7tEwUyJ5GaWpgTFGiBPS,pumpswap,1790827778,0.000002913,2904.8,2759,2759,0,0,0,2.31,0,0,0,0,0,0,0,2,,,,-2.07,0,1,1,1,,,,,,,,,,,
1791268354,HpsfKJnkBu53mxLGUCdr4PiTodXouZiVvZD5AoRWdHkY,snowball,FivAjNRmjWeDdepuTJbqjgwfsDsg1LZSj7q3soLbW2gv,pumpswap,1790827656,0.000004189,3918.37,3821,3821,0,0,2.02,27.28,0,0,0,0,0,1,2,3,,,-1.28,-2.89,0,0,1,1,,,,,,,,,,,
1791268353,Fq7wzJ9S6TRm7NrPGEwWKmQPqdF8K1g5uTp9DGFcpump,FORREST,ErgojZ4yKHxJkVgQqWEbPAbt7NHctL5a3oLyP1iTin8Y,pumpswap,1790827477,0.00001060,7513.18,10095,10095,0,0,1390.16,2857.95,0,0,0,0,13,11,28,28,,,7.64,-4.17,0,0,1,1,,,,,,,,,,,
1791268343,3P9KW7fa5LnYpBecLrZV92WmA4rsCErQPP7YdM6Jpump,BREAST,JjiK9JSzbobKdjRgxuqSTPwCe693pe5QBdJniBBan7N,pumpswap,1790829717,0.000002742,2795.25,2612,2612,0,0.49,0.49,11.65,0,0,0,1,0,1,1,5,,0.04,0.04,-2.29,0,0,0,1,,,,,,,,,,,
1791268350,CuP5Ng85HiCdHiKnc9pKe9MVEVkJDHmMsyEvbXHopump,REV,5Hiw6ED2r26LPrK7X4v9AKUMaAuVE1hQN5imrCvuWgk3,pumpswap,1790828506,0.000006159,5709.5,6075,6075,0,14.21,28.23,383.41,0,0,1,1,6,8,14,51,,-0.24,0.65,-8.91,0,1,2,1,,,,,,,,,,,
1791268354,HzmypKm9MVq7N5qZqKq5AuzWX4Qt7b4YY67P6KDWwZnu,ENA,7k8SnhpmDt85pztjv8dR8RozowwhkQqdxWhuQLKu1wQ3,raydium,1790830157,0.2730,272745040.2,273015783,273015783,0,43016.53,83461.49,293574.1,0,0,3,3,10,10,39,39,,,,,0,0,0,1,CLMM,,,,,,,,,,
1791268348,ANzrdoVonAtNJk3ZG28CXCjNjfPkc8qVWXW7MQe7vSqz,@bot,EPTGJ5RUwNr82vJimGFNoRGZFBXiKgLrxz3EZpqAAaGq,raydium,1790830738,0.000003566,6072.27,3566,3566,0,0,0,0.25,0,0,0,0,0,0,0,2,,,,4.65,0,0,1,1,CPMM,,,,,,,,,,
1791268347,8yVpaQ7vpRdmqepBoktmb3fMWh6zHhDTiSw95tUvZ3Zk,ONIT!,Cws7Xfdd1EntpNf3VKUfs53Z145UYH6iuWiKpkUtZZSi,raydium,1790831040,0.000003354,5811.35,3355,3355,0,0,0,13.14,0,0,0,0,0,0,1,4,,,,6.81,0,0,1,1,CPMM,,,,,,,,,,
1791268353,Fs4p664NY13ZXARqXPheBYVnopBjX3398Pz3tk5npump,Jackass,G14K8wGzv8m3nAhhrrwsxkT4dDi6PAYtrxFsGKzFKNF4,pumpswap,1790829726,0.000003289,3483.59,3019,3019,0,0.54,43.81,160.24,0,0,0,1,0,4,1,9,,-0.99,-3.08,-9.52,0,0,1,1,,,,,,,,,,,
1791268350,CfxZ9ZYrj8h3dU86NmKafjDF6tppczzpjd8rKnvypump,Luna,9Ahfqtsg3S98DY1dVDbEGXaSGdvPq7ZzmmAAYstoAGjH,pumpswap,1790833449,0.000002506,2512.65,2399,2399,0,0,0,19.98,0,0,0,0,0,0,2,4,,,,0.2,0,0,3,1,,,,,,,,,,,
1791268345,5gok7WzHvMFmFfcvnHuuBqRh9GTcQckHXBBwZywkpump,NOXBANK,6WA4dP11xjrJCEkB2Uaw3ZehShyjkGTww1SsriS5K8qY,pumpswap,1790879871,0.000003598,3404.09,3376,3376,0,0.18,20.99,420.74,0,0,0,1,1,3,15,26,,-0.34,-0.07,-19.21,0,1,1,1,,,,,,,,,,,
1791268354,H5Kugtkfc5vrm3oSdX6FDkxuutRK1S3GW7Rr7UgnoDhP,PUTIN,EjHSLEKLautwaTSXDH5mTg6SVq2iGwo5eLeXr5CaeGdc,pumpswap,1790833808,0.00001020,8206.02,9956,9956,0,620.3,3146.33,10953.47,0,0,5,6,26,26,120,146,,5.74,-8.95,-35.52,0,2,1,1,,,,,,,,,,,
1791268346,7MuvW6G2pDTGSjzpjqeDYigUsXqqd6TmEzLgvRRopump,USDF,Aqp9EKhgp1U35UsBDaYgLpgnVZUyeZLsHFXfzKw3cYE9,pumpswap,1790731802,0.001475,111129.04,1395807,1395807,409.61,7178.61,183756.04,392892.52,3,3,64,55,936,792,2161,1842,-1.02,0.02,15.89,41.47,0,0,0,1,,,,,,,,,,,
1791268348,9WktionM1G1Pz6TY8BXn9qcMjpahxQTDbGMMJKAXKray,WHEN,8PnUx3iDxEBYxYtJzN8nkoR4fYVeaYMWCT911WiSN4i3,raydium,1790789636,0.000002013,2239.46,2014,2014,0,0,0,27.04,0,0,0,0,0,0,0,1,,,,,0,1,2,1,CPMM,,,,,,,,,,
1791268350,Ckbi3ZcnctfTGGPk1oLWmRYp6mKcuWxJ274PTf2hpump,Penguin,68WSv1nzUPskB3ajrB1niAVystKrYg1RBHRo2Q8trFYY,pumpswap,1790839637,0.000003914,3705.55,3631,3631,0,0,44.85,201.25,0,0,0,0,1,2,1,14,,,1.04,-9.43,0,1,1,1,,,,,,,,,,,
1791268346,7CZkz6G5DDjyaanDLe6ipU1xRQdyZVW3xWRc7AgbEDv4,Accelerate,8ej78LSnMDWaEMJrPJsv2Ng75hNgdSKRzNbf5QxNLRyW,raydium,1790839065,0.000003256,5394.92,3257,3257,0,0,0,17.58,0,0,0,0,0,0,0,2,,,,-2.11,0,0,1,1,CPMM,,,,,,,,,,
1791268344,4ewtv8cLUULfNj9wsRytsXkgERG5mx1MZ3LZGMTfVVmm,RO,EAMCdU5qK2ZfcrW8JGjjHNJ5r5Gth5tePbK6nU4maxxR,raydium,1790829385,0.0002330,49312.66,233098,233098,0,0,6.7,20344.98,0,0,0,0,1,0,76,68,,,1.26,31.28,0,0,1,1,CPMM,,,,,,,,,,
1791268353,GvZ9UXZm8U14uZNi7hBN5cY2iUta7stArZE486yHe2nA,PERKOS,8rfM1PxAfqZiZhH142wYdAtPqajTTU2a8xFGdAav7Y8P,pumpswap,1790727859,0.00007431,23396.93,68755,68755,0,1747.87,25356.49,211479.71,0,0,20,11,199,226,1354,1359,,-2.8,-25.58,4.67,0,1,2,1,,,,,,,,,,,
1791268344,4mNoVhb9ATKYoJg5Bzzpewe4qeM4vgxQR3zKMe6MWJwP,YPAID,72DSTTTFoERypVwLeegAA9RoC6DyAG85Qbiu7uXGfB8Z,pumpswap,1790840241,0.000005359,4839.94,5161,5161,0,0,171.58,424.27,0,0,0,0,0,3,4,18,,,-7.68,-5.7,0,3,1,1,,,,,,,,,,,
1791268355,si1u9ctHoUjQvQXVhUeTGdLptDvp2aRxFcD5jWYFuEh,dotsi,7eL5bkbTQGXScQyJ6fqEm4BJAo4T6v52irKUWVAT4NiY,pumpswap,1790842297,0.000003755,3611.31,3580,3580,0,0,0,6.18,0,0,0,0,0,0,0,2,,,,-1.41,0,1,1,1,,,,,,,,,,,
1791268352,F458Huat36hKjLPc7dmL4uEixBAgX7fUjxWwnUEkpump,MASHUP,5mfeK1Pygz1rK6sbKXZUrdYdE24NgsMee56N8HKabVZY,pumpswap,1790846727,0.00002208,12925.3,20976,20976,0,57.46,1777.95,56893.32,0,0,1,3,15,19,376,359,,-1.3,3.16,-13.18,0,1,1,1,,,,,,,,,,,
1791268351,DV8WPt5mPkhtH1CC9Qe6NgYMsyw16sMBUTx3YTTogift,SPLURGE,53ptwYPjqaRncHPAQaQXR9jTUh71aZ3w2AeFNc1K6wE2,pumpswap,1790845358,0.000002711,2680.52,2505,2505,0,0,0,0.91,0,0,0,0,0,0,0,2,,,,-0.57,0,1,1,1,,,,,,,,,,,
1791268350,CoDrovyDiKJLCBSLzbf4s5fa1JLdiK2TVJExTFtGi8AK,ZI,HT4v5CrDgyTAAYjAQgzSzHaNpMR7RmwskypnRFG2Hxf5,raydium,1790780974,0.000005126,6436.61,5126,5126,0,4.98,124.42,1089.72,0,0,1,0,3,2,7,19,,0.25,-1.46,-30.32,0,1,2,1,CPMM,,,,,,,,,,
1791268349,BhaQEvju9852hiJiFs9Y2ecGRb37oUfE9dAA8pLSBAGS,SHL0MS,CPtHUREDE6HYt1UfexGFBXw2wFQj34FwdLeyzJKRAjQb,meteora,1790843179,0.000003302,5343.75,3302,3302,0,0,29,150.09,0,0,0,0,1,2,3,9,,,-1.59,-10.76,0,0,0,1,DYN2,,,,,,,,,,
1791268342,2GU6JT1zpigtYAk3vAVwdrvHuzbPkUSxrUkHHGpGpump,assless,2utMoByVsBZ64ZKbYxLu61MM7EUYxNCCRTbmzJ6dXzCm,pumpswap,1790846435,0.000003210,3111.14,3039,3039,0,0,69.76,75.96,0,0,0,0,0,1,0,6,,,-2.65,-3.36,0,0,1,1,,,,,,,,,,,
1791268349,BsaissLqJmMMrXXmuhaRVjDa49Qf5QYzDpE8nZvc1vWJ,Mars3D,3Cpb9kojdQHLR2Rtf22azTD3Ld2mTXmkcfauNR1sQvif,pumpswap,1790846363,0.000002406,2421.99,2302,2302,0,0,0,1.43,0,0,0,0,0,0,0,2,,,,-2.32,0,1,1,1,,,,,,,,,,,
1791268353,G6autZruJLEzYKRh84qTsbVhrTvLEbjBYdHnBQH1zitp,backpack,JAgorsZ4Y6V2EevnpQME2fEckch5uCbGSvqRw7TimW4f,raydium,1790730792,0.00009934,36100.77,99346,99346,108.69,729.54,9333.59,26827.9,1,1,4,10,42,69,151,219,0.3,-3.51,-12.01,-13.83,0,0,1,1,CPMM,,,,,,,,,,
1791268342,2SVkGBPF3f7zfp7v7SiSf6PSnN6DEKbCDbSo7QNkpump,Mosquito,3Mneri3xJb4d8tA3AvAz8CMaT3B67bQT8w4mRVRUbWKQ,pumpswap,1790848043,0.000002964,2971.45,2886,2886,0,0,0,10.93,0,0,0,0,0,0,0,4,,,,-1.31,0,1,1,1,,,,,,,,,,,
1791268344,4pZ9PdgmGHJyiJoBrS5sn12YznDGYPbr1vGB6tgkSykb,Leo,Drh7JkbBRvw5DsDaLw3p6x7BKdsCbNFHkSZhpBjdYdcp,raydium,1790849746,0.000006589,8973.39,6589,6589,0,0,5.18,1745.78,0,0,0,0,0,1,15,14,,,1.77,18.12,0,0,2,1,CPMM,,,,,,,,,,
1791268344,43WhJUaUbdVNSZG6H2khBjTWGs4heEEvhgX68kAvpump,BOOBA,Gps9W2toXuBjbsxkjtou3efm9jS8nwNgGvvocxL6rsso,pumpswap,1790849157,0.000002657,2676.77,2560,2560,0,0,0,5.59,0,0,0,0,0,0,0,4,,,,-0.52,0,1,1,1,,,,,,,,,,,
1791268354,HFNSKQh7bHzEKzt5m6pe79FmGiZ14PJjJScBshts8Yd8,かのくん,nLeBNhqVgStTozsf5m9jkx8tfgg9zJJTRHbb5QJFyW3,pumpswap,1790850160,0.000003624,3474.66,3485,3485,0.56,1.74,212.44,1321.19,0,1,0,2,1,6,22,19,-0.4,-4.6,-13.98,-1.23,0,1,1,1,,,,,,,,,,,
1791268354,GxdZqQtSDChqoVDeJ2YNV1uBc6iF4PXhyk21p34Qatip,TIPSY,7TH7ktDwTuKDFisCKnZXS3hWF9g3P17SYSE9csFD8mAj,pumpswap,1790888883,0.000003277,3159.82,3110,3110,0,0,7.8,98.72,0,0,0,0,1,2,2,5,,,-0.72,0.55,0,2,2,1,,,,,,,,,,,
1791268352,EqZwBqyN483N1yJocyfNEVSWTDvp93UnywAEjNgJUKCx,OpenSI,9qagZm5NMtKkPAd54ZmLGoy581ztV9x2bkPSMgxagxTC,pumpswap,1790853509,0.000003577,3409.26,3421,3421,0,64.64,268.34,432.28,0,0,0,1,0,5,2,14,,-6.57,-16.29,-18.63,0,1,1,1,,,,,,,,,,,
1791268347,8edcNEC4r3m6BcrNLWZYMhQ9DQqdr5cuTKhyCjvPpump,backpack,2R944TdpgZVavMVqLYfnKxyqehYeUkqAWZYD6pC8YsWJ,pumpswap,1790853100,0.000002835,2835.7,2724,2724,0,0,88.19,219.19,0,0,0,0,0,1,0,5,,,-6.69,-13.02,0,1,1,1,,,,,,,,,,,
1791268350,Cj9Ch1JiHcSjrsk1sDcFNgQzb6sonhbJj4hunYAHqYfm,Partyhat,ErPX8GRnXTCNeYxwHT6Tah2mM2jiAKWrJSEDBBD9vFqE,pumpswap,1790850938,0.000002597,2664.39,2496,2496,0,0,0,171,0,0,0,0,0,0,1,4,,,,1.66,0,1,1,1,,,,,,,,,,,
1791268351,E5A2cdJxPm75FMeUeTSdCwwYFgJ486A6n5MpPM8tpump,CHRISTA,Fgm8pFFWkoZJ1DwEaJGptEJtBMVPyvWFxhj8kXq2fCwY,pumpswap,1790826074,0.000004827,4322.1,4373,4373,0,0,0,670.73,0,0,0,0,0,0,6,9,,,,12.27,0,1,1,1,,,,,,,,,,,
1791268347,7r1v5rZcGnyzVs1jei7FeMEiZVf4GhQgLYXjZHmMUDGQ,HOURS,9coDbwAB3nkGTs36HjiZGy3CeKB8w77MdRAiRjik4i2e,meteora,1790854744,0.0001248,34415.36,124354,124354,676.84,3525.93,40041.78,302553.6,3,1,44,32,331,281,1718,1634,6.17,10.59,-16.52,193,0,1,1,1,DYN2,,,,,,,,,,
1791268345,6hjaMcRPvB4DEGpHqgHxmgipb2vrGQWMewZBAVSLpump,STATE?,5WBYceMmszMxy2CxLTtcHLGefL3Y3kfvAqMasdTLFNv8,pumpswap,1790605787,0.00001296,8477.15,12499,12499,0,1314.17,2042.38,12337.06,0,0,21,12,34,21,164,137,,24.14,40.25,1.09,0,0,2,1,,,,,,,,,,,
1791268346,7mEhH5gsuwPeBC9n9C2XQJdXinWhKGfNhrt4r8db47Cn,Snoopy,5bYtv8P5197JM6oKwAt1hZBo1xJ8m7VTco1NArmqMv6B,pumpswap,1790857169,0.000009654,7282.94,9303,9303,0,26.46,1615.52,6111.27,0,0,5,0,15,11,76,80,,0.17,3.91,42.88,0,0,2,1,,,,,,,,,,,
1791268347,82wr8yv9QK44JrjbS2kU8V7TdmdvwkBHLDDtfKdupump,BAGWORK,FYgPCgpTsjNJPRAq4koq6FdMf8mhnVrEhCy5oh9RZCgn,pumpswap,1790856521,0.000003000,3061.62,2910,2910,0,0,0,243.43,0,0,0,0,0,0,1,8,,,,-3.22,0,1,1,1,,,,,,,,,,,
1791268345,5xRgf67CKfo6A96ZskqVUcRutENpcBTpjrKYGDQu6eqw,KATANO,6BUyGDf8buMKHRDz9ZhQr7cQeJTkgPoFZCYmd3eyC3ma,raydium,1790857924,0.000004716,6622.83,4717,4717,0,0,93.53,969.33,0,0,0,0,2,3,15,14,,,-5.36,4.72,0,1,1,1,CPMM,,,,,,,,,,
1791268351,E5UqwtQsWMk2zdDdkehGrChAWMdq9Cbd5RUBwtTgJ4gA,FSC,7SNwGdXse6rhvhCCHJy6iYnmTiTNYBojGpzwx7gSYB5G,pumpswap,1790855760,0.000002643,2668.1,2527,2527,0,0,0,8.68,0,0,0,0,0,1,1,3,,,-0.76,-1.32,0,1,1,1,,,,,,,,,,,
1791268355,nL4ky1BFjvEs4LcZhk5ZqtcTSpyPxDNGtbGJuLuthaw,THAW,AFysGrvNFcvHGjtsxmjmj5WHCsbBAG5zTF5T1ic3okQr,meteora,1790862880,0.000002762,4960.35,2760,2760,0,0,1.12,206.82,0,0,0,0,2,1,3,4,,,-0.74,-14.59,0,1,1,1,DYN2,,,,,,,,,,
1791268353,GkgcCZ5zw61noBYRZdTHv2HwHuepi8jqwQsJj9DBEMMA,EMMA,GefYch6nVaqAM7d9HnFvNicKESmXWdv5BA2pJ7thWfGV,pumpswap,1790860860,0.000002814,2774.35,2656,2656,0,0,0,88.56,0,0,0,0,0,0,0,2,,,,-4.39,0,0,1,1,,,,,,,,,,,
1791268354,HdKspZFn94xXWn36YZSfW6sV9rkBoboWJ7dUzpeUpump,SHIT,DvBPY1KrCZwHEgJLWoqGyb2b45yPbrivrxvWFzgcRJx6,pumpswap,1790858293,0.000002802,2839.51,2722,2722,0,0,0,0.16,0,0,0,0,0,0,0,1,,,,,0,1,1,1,,,,,,,,,,,
1791268348,9pJWJdpPebyANys45eetpemLJo8yTz4n5B9zbpYw9ZMr,Jane,31eCTC8W3VcX7BiFwK2o5Ax41FPi2UyHcehcy2Gd3H5h,pumpswap,1790860719,0.00002742,17981.59,26865,26865,0.98,308.39,1819.88,22438.09,1,0,6,3,31,40,200,306,0.71,-1.81,-7.14,-32.79,0,0,0,1,,,,,,,,,,,
1791268353,Gd28K8mXV6AsDyjpHnREdC6zetL3XVrLY2yk1urZpump,CATANA,9xVi3514hnzQa8VCq3VfLeRqsyqd3havAu1efdnLxNoB,pumpswap,1790887562,0.00001410,9396.33,13645,13645,0,1590.48,5897.41,56840.66,0,0,13,16,70,82,663,626,,-7.71,-3.28,-65.02,0,0,2,1,,,,,,,,,,,
1791268348,9wc2gqjJXp3wEi2gQQu22i5BYy3fetgvaLCEN2CJWB3h,wifween,CvxAM9FfK7fKB1kQfMqYqu1yreW4DN6qg3mjwif6Lv3c,pumpswap,1790861151,0.000002492,2496.13,2406,2406,0,6.41,25.24,121.09,0,0,2,2,17,15,62,74,,-0.48,-1.07,-3.46,0,1,1,1,,,,,,,,,,,
1791268352,FEVYjz1uqrGxF5gUfbAb7hHUTGFv7hycLWywsanJtLhm,Jane,BZXt8t6r99tQDjHMEfcGaWA5hxD4b3D53S1eehonGS5g,pumpswap,1790860957,0.000002990,3261.21,2896,2896,0,0,0,64.37,0,0,0,0,0,0,0,5,,,,-4.07,0,1,1,1,,,,,,,,,,,
1791268343,3gpxyeGkJfpeRsZ8cpeCy2YRLe4WsHxL72xkQi3Xpump,e/sol,AMkNuhEFZf26et1Dn9ihxS5YnvDrjXMAWXpwSEDZVfU,pumpswap,1790862164,0.000002493,2722.53,2423,2423,0,0,0,0.96,0,0,0,0,0,0,0,2,,,,-0.16,0,0,0,1,,,,,,,,,,,
1791268344,5DasfQV93VnQJ2tC8q9nwknUppWVjL1kDvuFG4rnKXKc,B,A4M3N3XLN1EMS95ZA9p8HxWg1zfpMcKACxn2GQ8FDAND,raydium,1790864093,0.00001133,10267.42,11333,11333,0,4.85,20.36,1506.46,0,0,1,0,1,3,21,32,,0.19,-0.38,7.58,0,0,2,1,CPMM,,,,,,,,,,
1791268345,6H75PU1Z6Yt6gt9ow8aLpqSubJy6nyfW2jtHffVwDnCt,b,AiucNByHhwgjbR6sSPX13L4sDVMS3mtwJCSpaiccBmtX,raydium,1790863417,0.000004730,6753.77,4730,4730,0,4.54,15.57,100.72,0,0,0,1,0,3,1,13,,-0.27,-0.85,-4.91,0,0,2,1,CPMM,,,,,,,,,,
1791268347,8ypYfW5cjafrfAZij8TZj5SFHAbPNpiRio96LMzypDkn,BTC,MtD7C3bpRPP2LNim3DUfnoVTuRSQHBuCWhu9fKYKJqh,pumpswap,1790862752,0.000005354,5022.94,5144,5144,0,24.04,48.32,99.44,0,0,0,1,0,6,3,26,,-0.72,-2.47,-4.63,0,0,1,1,,,,,,,,,,,
1791268353,GULoSAoTe6VMN89iQy7seGsRwUehtLz9uVVW569tpump,UNITES,3TeP2BWpqW1YyKhoGhVf8KxEoYTCKjH6MPYT4mbrMyYk,pumpswap,1790861889,0.000003389,3409.69,3209,3209,0,0,0,16.47,0,0,0,0,0,0,0,6,,,,-3.9,0,0,1,1,,,,,,,,,,,
1791268348,ACLjA8MJypDUutwSnjPoWy8bG4hj73gDCAebuoqDpump,SEEDLESS,BPTK8C1Z5jcd9KTm5auoaG2UgvXBMpVymTRu9ZS9tc5k,pumpswap,1790864575,0.000002801,2770.27,2585,2585,0,0,0,1.34,0,0,0,0,0,0,0,3,,,,1.3,0,1,1,1,,,,,,,,,,,
1791268353,Fn9yPE7piEUxFn78HuBrSL2yk5goD4mu6dtwz6k2pump,Jane,7i3L1qwprTTCsVqj8tdXDFpQbWXqC91g1TfmDFjhWvys,pumpswap,1790863761,0.000002471,2633.83,2387,2387,0,0,0,0.36,0,0,0,0,0,0,0,1,,,,,0,0,2,1,,,,,,,,,,,
1791268353,FfGSQY26D11rfWaGaz3NaFbmW7kr1FwKiBpVC35WuGRW,LUCY,99ZtvQTNvyAbsGpD31HxNM76FLsLh42uF4GRHgKtvzji,pumpswap,1790865372,0.000003425,3354.21,3319,3319,0,0,0,75.98,0,0,0,0,0,0,0,4,,,,-4.57,0,0,1,1,,,,,,,,,,,
1791268348,AR5iMfe5BspvxCHuo5om9PSyJRZaTTWWYyr8jLWSpump,unc/acc,8qCcTgV7Ed7oeaZDsDQsDzvWZ3oakTPnfLzCeGwf6xoH,pumpswap,1790866026,0.000002744,3152.34,2650,2650,0,0,0,221.72,0,0,0,0,0,0,4,5,,,,1.07,0,0,0,1,,,,,,,,,,,
1791268343,3qJLoMQcLWVFUQ9YnGTntP3CWSA3pdZ5FzqGVKitpump,hotbox,C8mE1rqjZnERCTyqDL36haPzxj1AwqP2As3KdpLxJMqZ,pumpswap,1790865746,0.000002931,2938.81,2821,2821,0,0,8.49,2821.03,0,0,0,0,0,1,21,21,,,-0.97,-3.22,0,0,0,1,,,,,,,,,,,
1791268346,6vWkRRyPY9sGnCvFgLCwn7mJuCheMbTcuj5nZGox28sK,FDC,iVgjHtLo5DUBvxRx8EHvN1YM1MXoECwkzXBTaHLMfFu,pumpswap,1790866429,0.000002852,2898.96,2762,2762,0,0,0.32,0.92,0,0,0,0,0,1,0,3,,,1.33,0.13,0,1,1,1,,,,,,,,,,,
1791268353,GtV6g1ey2NERrcbvL5bdzrxRJQDfxpMaLU9oLtRipump,CROW,G4yk7zDAiQkCS7ch22vpi9Ey6fhDhkpHFEYyz2gJ6q2t,pumpswap,1790863293,0.0001347,32743.43,131964,131964,10.75,518.48,1915.98,6928.54,2,0,3,4,65,31,201,155,0.99,-4.69,6.91,14.32,0,1,2,1,,,,,,,,,,,
1791268346,7bFSPC7HXV9wxikGRphE55kHTiGnX8bmMiZDeYUnuwN3,VLO,CXwsWHQvnZpfhiRtZhw9VE9MiCKLTrUQrY7rovrrAbdz,meteoradbc,1790865537,0.00008489,,84898.19,84898.19,0,0,0,1166.32,0,0,0,0,0,0,0,2,,,,-1.73,0,0,0,1,,,,,,,,,,,
1791268348,AYRTq6bfnNzWMY5ACWTRUtMCwV8PAhux3wm84q5mpump,lowkjelly,7Gb1hnYFcPEvePn1dskrXijxT5FFntPGSgUAxsLNyiEf,pumpswap,1790867045,0.000007661,6411.18,7412,7412,0,43.85,312.22,4240.17,0,0,0,3,1,12,51,84,,-2.28,-14.25,-36.69,0,0,2,1,,,,,,,,,,,
1791268351,EdBGYHVib6iXkBxUdB5uzUKHwXYruKKEkwt69BU6pump,CODE,7PxVThJvYsH1nbsVvRajp2N9aej6iwHCQYA2RKWwVsx4,pumpswap,1790869323,0.000002595,2592.16,2411,2411,0,0,0,0.7,0,0,0,0,0,0,0,3,,,,-0.39,0,1,1,1,,,,,,,,,,,
1791268343,3FcmxeuaDPNX5JsRD1VS769ijvCE1QWRXyqsioMNpump,JANE,3Z2hA6bWTLd8uBATbFPV4QgbvWeBhG9NQFjZznj7eKgw,pumpswap,1790867125,0.000002538,2754.16,2500,2500,0,1.28,22.64,144.19,0,0,1,1,24,10,86,86,,-0.34,-1.47,-4.38,0,1,1,1,,,,,,,,,,,
1791268344,5188hYRf2saZt9PhLD6exKL4MCQquRmw9SGaBak6pump,1,2DpuypEtKm7pFg2gcD3Govw4QLPVsNUkj7K9A4HdcUyj,pumpswap,1790868898,0.000005959,5470.59,5684,5684,0,0,179.55,1601.8,0,0,0,0,0,1,7,14,,,-9.47,-13.94,0,0,0,1,,,,,,,,,,,
1791268343,3s7HNAvfm7sHCnrLQczFP8UBbgM8mpPoyKCWHvvRcJFG,NEEGY,EtXMLufEhTSE3z6g9Pj42px61rdsNjX8EvMAwoSoNyH8,raydium,1790869767,0.000002496,4595.3,2497,2497,0,0,0,1.08,0,0,0,0,0,0,0,2,,,,-0.41,0,0,0,1,CPMM,,,,,,,,,,
1791268353,FbGfMBy1MwpQMZfVPrMPcSw3gu5spumtSsisS8M1FSKu,PISSCOIN,65kdjTaqravAgXWXe79NdfZ13Y71z4AFhyc3WU5o7Qey,raydium,1790869671,0.000009034,9284.52,9035,9035,0,212.67,796.96,3063.19,0,0,0,3,13,9,20,42,,-8.62,-1.88,-32.18,0,0,1,1,CPMM,,,,,,,,,,
1791268354,HmMDsu7WFPxJVhXEZdkMFgQHgschqA73DnuSTheYpump,Janes,8ybijrpQm5yG6pkPC2k2DaGkv2m52Zz3VCJMgNTyk99y,pumpswap,1790870670,0.000002505,2784.83,2467,2467,0,0.49,2.61,32.06,0,0,1,0,1,1,20,17,,0.92,0.32,-0.95,0,1,1,1,,,,,,,,,,,
1791268354,HXJJiAwtJuwCgqPveEaf8sDG4myXGopSzrZzCnhtpump,POTS,GATjH5XKTfHNLvCzg7M9M8o2UmPhKyvuF9M6RMWZEJxy,pumpswap,1790871495,0.000003197,3154.97,3006,3006,0,0,0,45.75,0,0,0,0,0,0,1,4,,,,-2.04,0,1,1,1,,,,,,,,,,,
1791268342,2qizXDtpK92YziSqmt6Kry3Zc6CNuZxjbQodqcEsZXMR,XCAT,GdA9zjFBz6S7ML4MRYjNmxgW87m3Br7qtbdHdvj6wCjy,raydium,1790862404,0.000004952,5965.6,4952,4952,0,42.61,49.56,738.01,0,0,0,1,0,2,2,28,,-3.2,-2.97,-32.45,0,0,0,1,CPMM,,,,,,,,,,
1791268350,C7WsYzixPHZSG39ei9W4rdH2TcfWxtDSvBBACNLc3yJN,HARDHAT,4gwtAwmwNMPadM8CEEkdPeXNoajeaEJeyPZnguapyVUr,raydium,1790870499,0.000002947,5138.86,2947,2947,0,0,0,0.09,0,0,0,0,0,0,0,2,,,,0.5,0,1,1,1,CPMM,,,,,,,,,,
1791268353,Fcr5Ps2Rn6R6QjNSJCScWMhrGWvaU1t23R7UNv1iGDhk,GG,EmUgaiZJDsZqqpf59XActiu6XMvYNGXHzdCic5DMA9AS,raydium,1790869935,0.000006187,7895.67,6188,6188,0,0,224.7,1849.3,0,0,0,0,3,7,28,51,,,-9.05,-21.71,0,1,1,1,CPMM,,,,,,,,,,
1791268350,CRLB1RYRwBdgFDp1ywiGDF7E1DPPJAikPeBoR2BujFcQ,DUEL,7u2y5DzCttwBbasySo3c6xJuks87sCYTL3ugtsQdzQgy,raydium,1790871402,0.000002796,4857.77,2796,2796,0,0,0,19.46,0,0,0,0,0,0,2,4,,,,-1.72,0,1,1,1,CPMM,,,,,,,,,,
1791268343,3DrmQ144kzEx5ntNWbjGfH3D8NhGw2KeCNUCeUGUHM9C,MOVR,2Vb9CCytb76gdBoqfZBXvLR43hVhbhNEw4SZRFam2b9n,raydium,1790873238,3.20,3200026614.67,3200294372,3200294372,0,43016.53,161813.14,438298.75,0,0,3,3,13,11,43,41,,,,,0,0,0,1,CLMM,,,,,,,,,,
1791268352,FFrRBPP9yWtSqnKjXXM9C77MBdLztfdgSnRE858zpump,MEME,ECN4kZK2V53YfvCk9mgbozRmRUcxrLfMbDVv2hmJ3FL5,pumpswap,1790871366,0.000005678,5822.69,5532,5532,0.02,9.71,79.55,237.5,0,1,1,1,3,4,13,36,-1.36,-0.41,1.15,0.05,0,0,0,1,,,,,,,,,,,
1791268347,8oMvxgcBJtDGNSc8kogCEEFxSvvi7x6jHRfSWaiWpump,DOMAIN,dH12Ke1gyoxqcujh9oYkNMwJkNNNuGvBszZnBrmVpWh,pumpswap,1790805946,0.00003086,17866.6,29520,29520,0,331.51,1528.06,25277.79,0,0,5,0,16,15,172,213,,6.97,5.85,23.99,0,0,0,1,,,,,,,,,,,
1791268351,DxgJTLsgNVMaZBpgPzKBBBLBSdSAZzxyAeAfboUApump,TRUMP,2cYkH5MLLaUh9K1776DAjQisXo6iAJRdeJJKWqi3A7US,pumpswap,1790874603,0.000002762,2831.56,2652,2652,0,0,16.98,41.37,0,0,0,0,9,5,18,17,,,-0.02,-0.75,0,1,1,1,,,,,,,,,,,
1791268347,8V2jTnUbfTDkzznAD2BwhCRR1jJrin3Exj5zPoU2AmJA,FOMO,6tdNjDNFzDdEuKyyvtKtke4Zuarp3MyZwCiERwTsq5Xg,meteoradbc,1790871402,0.0003244,,324466.8,324466.8,7.62,1163.38,61418.28,259221.96,1,0,3,12,282,178,1053,850,-0.07,-4.97,-14.13,-35.9,0,1,1,1,,,,,,,,,,,
1791268348,ASN6XAyWyn1psSbGKNQ7D81byp1CRTYd8Q9aA2DW9M3n,pumpfolio,BQ3gvDP8cbMZXPKtqGdzxjAWujBVLDQySJzRDgEr6C2Y,pumpswap,1790874374,0.000006584,6166.4,6408,6408,0,0.03,632.2,4551.52,0,0,0,1,5,7,59,79,,-1.92,-15.37,-37.26,0,1,1,1,,,,,,,,,,,
1791268346,74wf8kZrSXrcXDytmDK4eXaePoKm92fBWtauuJdQpump,SuperCali,5Q7FCGXCbZhTtsLm5aTz5MdFfTHL3UfvQ2gCm5oGWUpr,pumpswap,1790873640,0.000002545,2805.03,2506,2506,0,0,6.39,104.58,0,0,0,0,6,4,50,67,,,-0.79,-4.43,0,1,1,1,,,,,,,,,,,
1791268354,HXxJdaQbrYRvwTAM8M8mUPyoRPvmyuUbPFBRkiAAMASS,Ansemmas,6qirp44Q2T8B1CfbGmnqeXCLdQhFqmNCfAFfpKG4N156,pumpswap,1790873795,0.0001438,40079.47,137162,137162,0,1164.24,14696.86,124291.24,0,0,14,22,193,187,1315,1001,,-6.59,-8.73,16.74,0,1,2,1,,,,,,,,,,,
1791268354,H3NJL31MZyELu2NyxtoJA4ej8ESEHtQfxZGDVwdjpump,FLINT,3TC3rRAenGqSStn6mPx3MJGpjYmMUzUxYVuo3nqwkdcd,pumpswap,1790866046,0.000003397,3488.48,3280,3280,0,0,5.19,274.07,0,0,0,0,1,2,8,11,,,0.28,-6.11,0,0,1,1,,,,,,,,,,,
1791268350,DESwuRnMHpsUfLWPrF8s6Ph9LTAVyCrMUzwhcN8kSTNK,FUSE,7zBzrNNbdQJo1ShWYtZniRJ3WyRF5YmYr4LVd8HKuXMr,raydium,1790875961,0.00002454,13852.76,24543,24543,0,85.17,844.94,5416.89,0,0,9,3,395,167,786,383,,2.12,0.59,-40.75,0,1,1,1,CPMM,,,,,,,,,,
1791268354,JD3d8mxEJ91LHZSuwVLquFAKdo5PbEeLCUevjjDsPdRe,TERRA,8KYv6Ed2Ewxf1u14ggofQXTD4FVsNKFknKBfZAhDFKE6,pumpswap,1790777131,0.00001793,10598.38,17084,17084,0,32.55,351.22,5883.17,0,0,1,2,5,3,40,49,,-1.21,8.39,-12.77,0,1,1,1,,,,,,,,,,,
1791268343,3kaPZWNgvtudaHeZoPEhkL4SX3PBvGnY725ZDRMCmKvW,LUCKY,5pTGCESF6fT53wfuvC3UVcWmdWRRWWtqird4SA37MFDG,raydium,1790869847,0.000002952,5454.92,2952,2952,0,0,0,42.46,0,0,0,0,0,0,2,6,,,,-0.74,0,0,1,1,CPMM,,,,,,,,,,
1791268352,FFivn1EnbiycRD3c4nAQvuD7zPyqjRqocWD8FtHcF2Sw,NYSE,7YqeLBCmR8WLok5V1rpvhbhCm4EWm9rSRznah37poBnj,meteora,1790876289,0.000003840,6428,3840,3840,0,0,0,1016.81,0,0,0,0,1,0,5,8,,,-4.27,-12.71,0,0,0,1,DYN2,,,,,,,,,,
1791268349,Azff3fCQMpu1Z6zLRKDfdihnoPgZi5p7w4rJxaXsgxJ1,HOOKER,EcKHCwwph8QwG8BrH3P9mvbwF7Tvpc5YKpVWaTDLgJz6,meteora,1790876576,0.000004645,6598.13,4646,4646,0,0,196.4,2159.14,0,0,0,0,3,0,19,16,,,6.79,-3.92,0,0,0,1,DYN2,,,,,,,,,,
1791268354,GzahJ2WwEtyVvUAetrmK2zvvfhD887WtuH8hFFuh5nwn,GRIFFIN,GdwvZhNuEpv2mWARrgXtKFMLCDYZQ2aFVtRUFzXmDBHG,raydium,1790875416,0.000009242,10328.71,9243,9243,0,221.68,453.49,967.29,0,0,0,1,0,7,11,29,,-8.22,-15.96,-17.66,0,1,1,1,CPMM,,,,,,,,,,
1791268348,AaQ6XhjqrTnTWt17VHbTMdJPdWHB9Kx5UCPAZnNNpump,RINSE,97WA9HpK3j4N4y1qz37trWcdLYjH9x2KcSLRKobwkrT4,pumpswap,1790878911,0.000003047,3191.76,2931,2931,0,0,0.01,68.79,0,0,0,0,0,1,2,11,,,0.16,-2.49,0,1,1,1,,,,,,,,,,,
1791268355,bn6RCR2xHdASpU3cHPxs3Vz3ve9qj8PaXiKKz6oTUof,𝕏/ACC,DH9jbFEXPGgaMvUAg9xshjoLnRizYNV8tpUMw3R7c2tU,pumpswap,1790877972,0.00001681,10105.69,15798,15798,13.39,288.76,3819.81,19436.37,0,1,1,5,53,51,255,216,-0.37,-8.79,-24.98,-45.93,0,0,1,1,,,,,,,,,,,
1791268353,GTz5rfocFdbD3eWKMu4kzTjRVjkjzZwEaS95uD3Rpump,AMD,GALE4iPEpVfjYgzGTo7BoUhujawWKuCAU6bGkX7huWUu,pumpswap,1790877025,0.000002654,2916.51,2613,2613,1.63,1.63,28.78,168.18,0,1,0,1,18,17,107,94,-0.64,-0.64,-2.05,-2.61,0,1,2,1,,,,,,,,,,,
1791268344,5CpQs2YaLY7z3XKLqNRcSLn38q9GQ7S1yteqcpTipump,𝕏/ACC,HjutGtwLCe3j6ZvfWScJRTwgx5tSiT5E1HzimPKwkWJJ,pumpswap,1790878100,0.000002638,2911.23,2567,2567,0,0,0,11.02,0,0,0,0,0,0,1,1,,,,-1.29,0,0,0,1,,,,,,,,,,,
1791268351,ELEnRRcKCuuPJBJPeTTGCRocjkBCwbd3R3f8nyg8pump,silent,2bzfurGrmWhEXHpLggzGoJmt4hjHu7EQubtByVrdvBYS,pumpswap,1790880054,0.000002597,2756.52,2556,2556,0,21.55,21.84,24.34,0,0,1,1,1,2,1,8,,-0.53,-0.76,-0.81,0,1,1,1,,,,,,,,,,,
1791268343,3oKUDGkNqbfKKrYNALjCX3kPsvDTjawnsf9v4dkneUC7,SEC,CctYvZM6eZdx6UwDsdMgpun1dRHC6WGutSSMumBRV2Zq,raydium,1790875613,0.0006402,75691.74,640286,640286,59.96,6883.89,85268.69,200344.5,0,3,45,50,415,237,916,628,-0.3,-13.07,-51.75,-70.64,0,1,1,1,CPMM,,,,,,,,,,
1791268344,5EvrB7f6RPGVeKY54Fy4a1jjGKCZ1cWv3tUafcG3pump,ETF,J6y6kSjY43AjTuu2UJXMktybWGuMLbvpkWTHUuKKtReH,pumpswap,1790879160,0.000002840,2804.36,2505,2505,0,0,0,2.55,0,0,0,0,0,0,0,1,,,,,0,1,1,1,,,,,,,,,,,
1791268348,AFdP6pnJwj2mwfeji6rR2bA9pz1AVV96u1R194dLJwKK,PUMPE,2xf3W6SaPeBhwkT1ShHXkbhGGJohtdWuBDCjdZ6Xva8B,pumpswap,1790882186,0.000002691,2860.23,2601,2601,0,0,2.07,24.95,0,0,0,0,1,0,3,6,,,1.39,0.21,0,1,2,1,,,,,,,,,,,
1791268351,ELrh9rMDKTyzEs2wiyriwZr6v1ctXVbMZvtLb5NZpump,ANSEMWEEN,ApCE8T21XxoV9juL92YY4w5AymFzFScKueVYdYoRDNAH,pumpswap,1790884192,0.000003168,3096.36,3027,3027,0,0,14.37,40.01,0,0,0,0,0,1,1,6,,,-0.4,-0.86,0,0,1,1,,,,,,,,,,,
1791268348,9fSncMMvKNcr8T4VBGsk8rBQrKqkRGCFBNWgTTiCpump,PumpBlox,EqxkDxX7i8t1cadgTLQnRJsMLcPphPvmUKZ36MQuqRWR,pumpswap,1790880911,0.0002474,49551.78,245790,245790,0,247.17,3767.41,11982.76,0,0,7,9,23,34,80,88,,2.56,-1.57,-26.89,0,1,2,1,,,,,,,,,,,
1791268342,26XdE2iBEiTnjgKHTcY3afaqnUtWfAj8HHrciQBBpump,Mymo,A7WoBBJTZpb9jE3GYPhP6NcqjQiBGumJCdpgcqTVajg8,pumpswap,1790882446,0.000002757,2742.08,2650,2650,0,0.02,25.21,147.15,0,0,0,1,12,12,65,76,,-0.77,-2.29,-4.58,0,0,3,1,,,,,,,,,,,
1791268347,8svf3G1X4mnAX3Xm71jFXgiHydbvc5XKQKicbnokRUky,COMMIE,Cmcfrs6r6dsCyXvhooFbwvbvNDqe3vDHeXcKmfWGAzrr,raydium,1790880518,0.00001678,13603.21,16785,16785,0,56.51,891.49,4432.06,0,0,5,5,45,12,93,90,,0.28,28.35,34.75,0,0,0,1,CPMM,,,,,,,,,,
1791268347,8QHCUwkKLSeuBfz9BVxSd4oXCJ3wMCYkRaSNXPnpump,BSI,5h127wbrPtdCJLSqg4BPRYRSXYexBHpdwYquYZ4nuKFc,pumpswap,1790880540,0.000002292,2317.28,2284,2284,0,0,0,10.93,0,0,0,0,0,0,0,1,,,,,0,1,0,1,,,,,,,,,,,
1791268344,4K8V9yH6kKRLS46BTG68Te1QHLkb7an8J5YcWQ3ppump,SACC,7eQjxhGFZcjioSBX2GS72poE4XrqYYsyUBDryb36s6Ed,pumpswap,1790878013,0.000002694,3122.07,2671,2671,0,0,1.71,14.33,0,0,0,0,1,1,7,10,,,-0.08,-1.05,0,1,1,1,,,,,,,,,,,
1791268346,7KEPApdbBMByrmqihz3bht2uMhFQcatjfSFQCKq66kH3,DARK,Cprsvqk2riV3WmTewKK9m6cm62zaAqLDArAbBmN3pe4f,raydium,1790876181,0.001658,137900.49,1658175,1658175,1956.95,131695.23,949147.45,1342944.07,7,6,260,234,1005,917,2910,2954,2.75,21.28,1.19,7.68,0,2,1,1,CPMM,,,,,,,,,,
1791268350,CE8HkJ6BY8iEuTuUBNQTVSXxZn7KTXc21dnBmbkppump,UPTOBER,6bPEKpBxaLB2DDm8nmLPuFRteT4YmqwXvaiqS6LZCaeA,pumpswap,1790883084,0.00002032,11104.72,19716,19716,0,0,0,0.95,0,0,0,0,0,0,0,2,,,,0.38,0,0,1,1,,,,,,,,,,,
1791268351,E5BSMSUDeAV4QVNTKaBJsk3dXz5x46usjZCkEC7ZLf7M,UPINU,2FETgq6jJbTeaKuAPH9irM8ADCB8gx6VCqTf4Jfnca8v,pumpswap,1790936022,0.000003665,3452.74,3324,3324,0,0.62,11.36,99.64,0,0,0,1,9,11,59,65,,-1.61,-1.07,-2.56,0,0,2,1,,,,,,,,,,,
1791268344,48QwQmAa6J3iBuUGUwVA9Fy1vkwx4wisSrd2gVSDpump,MUSE,2jC1sHurtsRNpaPaYwjCtN9z8EkK7aD7h6HzF4BtosTm,pumpswap,1790883706,0.000002762,2745.19,2625,2625,0,0,2.31,4.66,0,0,0,0,0,1,1,1,,,-1.44,-1.44,0,1,1,1,,,,,,,,,,,
1791268347,8CFG8NK17jJ81VhY4D9WFE1MHKomVb5ao7Eqv6Tg3iiZ,VBUCKS,87hMAezpCey9426J88dp3hazzWoRXwtu9cANxHn3SXCj,raydium,1790871915,0.00001733,12092.9,17338,17338,303.43,413.28,2505.24,14429.03,3,0,4,3,21,72,108,248,10.78,6.64,-6.19,-68.16,0,1,2,1,CPMM,,,,,,,,,,
1791268343,37t1792p1eFWxmEroYRXe26FStK5UQzWz2zfN77q1Tjv,Sid,F2nS3wgQabjYR5zDYfXUSmkyDcxrCQdfHF1wmLRgb4Tn,pumpswap,1790882893,0.00001998,11538.02,19459,19459,0,765.41,18504.57,32323.1,0,0,0,6,200,153,337,251,,-19,-10.62,291,0,0,1,1,,,,,,,,,,,
1791268345,6S3G64EU4fXpwWWk1qHNUnWMtrLYtC6FwqXMsJU1pump,GIRLS,Fy546cLFXpyQsWsHGt7YhQfq95xn4r6wKNqVkcnzDVLu,pumpswap,1790883960,0.000002466,2460.42,2278,2278,0,0,0.14,4.31,0,0,0,0,0,1,1,2,,,-0.17,-1.45,0,0,0,1,,,,,,,,,,,
1791268348,9fJAWKQpkY93hfuZxrHfh5wEh2AV9vjkWNQfzfbziHd2,PUMPE,G7iLGa5Y8CERJaW2asC4bMV5SWjijQ1y2SWU5sBdZxr2,raydium,1790881120,0.001770,134788.11,1770723,1770723,0.01,10658.58,45668.51,399142.58,1,0,19,23,128,127,779,826,0.33,-3.06,-7.35,-5.04,0,0,1,1,CPMM,,,,,,,,,,
1791268345,5Mv6c7taXXkKn4byivDALNJJZ5NGu3aB9WJVXgSVFt3p,STONKR,Fv4G5XJ3WLF73UNAsPLABnCzFF16DuPMp9oehY6otpte,raydium,1790885460,0.00001550,10420.71,15502,15502,0,39.61,1347.13,12477.17,0,0,0,7,8,27,64,158,,-1.94,-7.62,-57.33,0,1,1,1,CPMM,,,,,,,,,,
1791268354,JAqGStn3hvZxb1wmJRigtD2sEPode3KvuGLcEmP4pump,HUNT,2b4RoajTGM8GLv1qbnbw1L8cU4sYpUxF2Ek36gB7dHii,pumpswap,1790885652,0.000004905,4975.64,4679,4679,0,0,0,4.56,0,0,0,0,0,0,1,2,,,,11.6,0,1,1,1,,,,,,,,,,,
1791268347,8HJY9GTiEGgPoUAs3YSRiwLUukZKhKcH1ngqLB8qcBxx,PUNCH,3o2QaESTB6epYfkLzWndPXhhDZYJsrh5LRsv2ETGPDHa,pumpswap,1790883419,0.00005326,20515.82,51736,51736,0,501.24,2865.52,331430.48,0,0,11,9,31,38,1364,1117,,-1.36,0.42,19.13,0,1,2,1,,,,,,,,,,,
1791268355,icgvvPx9b76BoJ5CscGzYL8zzAHZNXzgY2NpqnUuhdG,PUMPOWEEN,Dx4s2TDm3p3xGfX9VSTnK4x3jTzLKMYQWCdmnmjxUxit,pumpswap,1790886511,0.00003257,16365.46,31338,31338,0,0,14.11,894,0,0,0,0,0,1,3,13,,,-5.29,-12.31,0,1,1,1,,,,,,,,,,,
1791268350,BzhEC3LdcMPbzkWfJs4YJ1TTjM2MZKR7DMJfR3Hbpump,Ghost,B7hjMXYsbc1hrsJMmAWN7SXXT2jVXFUeWR9J7RHVEH6F,pumpfun,1790883893,0.00002265,,22654.63,22654.63,206.15,524.02,2234.4,8439.03,0,1,1,3,46,22,142,100,-3.85,-9.55,-14.78,42.58,0,0,1,1,,,,,,,,,,,
1791268347,8RvkVCzoQ4i1Dc7LKfQV2UopCKtLjxFGhe3vFDzVbTP5,Hutter,FJzw3uikntaw3WZk3YqDi1emoz4973uDTR8bLUJeJY1o,pumpswap,1790885729,0.000003153,3393.82,3107,3107,0,0,0,22.25,0,0,0,0,0,0,0,7,,,,-2.58,0,0,0,1,,,,,,,,,,,
1791268346,7FXUnLBeMGonXs6qx4z3Vyba3VHX6hxwnkCLsYwmpump,Pabu,8jP1Kn5gAU7KBJsRvvfpSwRDZxVnjgXmxgaFLpVCexJ1,pumpswap,1790885170,0.000004879,4455.34,4734,4734,0,0,0.03,28.46,0,0,0,0,0,1,0,6,,,-0.58,-1.56,0,0,1,1,,,,,,,,,,,
1791268343,3Cs9yQ4sojDi2SPSYjVR42zSXmc5TkS4tsP9fvkqJRi8,WINU,BAaQbztPRvqeJZ5bQhZTBDkjx44wPKS5DDuWdzMeAuUT,raydium,1790883596,0.000004954,6512.38,4954,4954,0,0,30.93,30.93,0,0,0,0,1,1,1,1,,,0.12,0.12,0,0,1,1,CPMM,,,,,,,,,,
1791268354,J8UMqzWn4gVXmc8EJMbmQ5s6s5r3bXARYYT8j6RTpump,PTP,HpWG6L4g7pTC4gPy3pdyNSWFbT2AxmBeW2XsvWdbBbis,pumpswap,1790888711,0.000002366,2406.52,2289,2289,0,1.25,1.44,3.49,0,0,0,2,0,3,0,6,,-1.41,-1.26,-1.09,0,1,1,1,,,,,,,,,,,
1791268353,GoADAwux19tGxb3W4ykPzZz8p5JCSYaxBRpuW7s9pump,OCTO,3uXWc5dnrU6rz7t23PpJirZQnwfw9huq8LnNhorLXTK5,pumpswap,1790886327,0.0009167,105021.97,808230,856107,254.77,36422.55,92586.68,290353.56,2,1,143,80,337,189,913,753,0.11,-14.82,-31.25,-58.69,0,1,1,1,,,,,,,,,,,
1791268344,458eEcXufhsLoS1NWa6donw9Yh9USfWMCtBmyFTypump,WIRED,5fyKn3vV2FG6zjKNtUhZCAS5Kym23zeEFaEJowoCreMa,pumpswap,1790886822,0.000005398,5899.24,5301,5301,0,75.52,88.13,7071.75,0,0,1,0,2,3,28,51,,3.29,2.25,-5.5,0,1,1,1,,,,,,,,,,,
1791268348,9qUTeFNXFh35YmdtayeniRUr8o31rXYzMK3Jv5Zypump,limit,25TKBUsN1SXen5kiWaDn11q7Dr1dZhusZ5WiENMqdbi2,pumpswap,1790888477,0.000005496,4835.07,5371,5371,0,0,0.82,54.7,0,0,0,0,0,1,0,8,,,-0.66,-4.23,0,1,1,1,,,,,,,,,,,
1791268345,5RPouA3vYSHhnEmrtwvhBsLctZ1K8nHnPosuMXSCpump,POC,C7ZVdL83SrYi5tuUKrjnbz1iY2sJ4SuND1vKHz8m9CNq,pumpswap,1790888940,0.000005029,4950.38,4770,4770,0,0,55.79,295.86,0,0,0,0,0,1,2,18,,,-2,-13.12,0,1,1,1,,,,,,,,,,,
1791268342,2Wtxyc24kMMLeTdW7XsDsfsaUgQASHUsYUzm8qPWpump,RipGo,GKTk2dF86YEZCAQijJsGTF9eCLUtU88Dz5X5BXv2hmV1,pumpswap,1790887814,0.00001116,9225.08,10752,10752,0,0,72.27,83.24,0,0,0,0,0,2,1,5,,,4.03,14.69,0,1,1,1,,,,,,,,,,,
1791268350,CZdNwvFCdKM5KoVLNFj1uc5anCYteHXCJP5Aq5Kkpump,GDEX,2xMj4Nhu3NnUkfRebZ9dV5oppERBdzwsnYcBcG91FghG,pumpswap,1790907561,0.000006361,5253.91,6190,6190,0,3.85,8.97,233.18,0,0,1,0,1,2,32,24,,0.09,-1.16,4.09,0,1,1,1,,,,,,,,,,,
1791268355,mNg27UTWqp7UyL8npd1wNCZNf7C6G24sxnM5FM5qpad,pad,67KdbFJ7iSKYJsZZC1YnMA6f6L7KxFcT9p7NqYEArG39,pumpswap,1790891125,0.000002909,2920.08,2786,2786,0,10.8,229.61,229.83,0,0,0,3,0,14,0,16,,-1.88,-16.43,-16.49,0,1,1,1,,,,,,,,,,,
1791268348,AeQkfC7oca87YVHNdyMGHPWcief3NFqMYRGfYjWzpump,cabypara,4aB2BRxQe6cqV91wMDT2eh1g2TSULkypn6EUbNDPHugW,pumpswap,1790890789,0.000002681,2776.95,2581,2581,0,0,0.01,1.77,0,0,0,0,0,1,0,3,,,1.47,0.29,0,1,1,1,,,,,,,,,,,
1791268353,FvqbvdfaZrfRNhwnXCNHdkmNvh9RjjenaQdTzPwGPcLE,DelveTown,EM9yWzTXbUh9coKKo9E83FmstkZCXZ2xLjTxme4JSxCw,pumpswap,1790890819,0.000005987,5029.48,5675,5675,0,0,0,28.13,0,0,0,0,0,0,1,3,,,,-1.82,0,1,1,1,,,,,,,,,,,
1791268353,FXQPeVeEx9n2J1Qb7tmtPWxAbbKm36r2xoKve6RShKZh,CHONKS,2zo45v6uWbPwq1YAMWAfCgoo4rBGG5jgJtYrdxnqzzfZ,raydium,1790891175,0.00002730,13777.39,27304,27304,0,0,861.36,7112.53,0,0,0,0,10,11,64,89,,,17.86,-21.3,0,1,2,1,CPMM,,,,,,,,,,
1791268350,CoN8oLvyWTjtSBFTEjUWLz25BXJmGjTvNcYh81D3pump,MAMESUKE,5rcqUcL7XGaoLAymqfwZK7mqnhsPcf2rN4y5tqQ1iqiF,pumpswap,1790880399,0.00008597,25310.29,83650,83650,0,11.54,576.77,4808.26,0,0,0,4,12,31,63,233,,-2.01,-2.63,-20.16,0,1,2,1,,,,,,,,,,,
1791268353,GnsjGzaJAGH2kwpwdh7S7DQzne22937Xi58ZHsYEN4uK,BORN,4xKtoPrp7gEjw7sM3goagSL5j5CvyjRhCjVX4Qusz49Q,meteora,1790882204,0.00006733,20473.81,67334,67334,0,814.89,1569.35,11863.77,0,0,6,2,12,8,90,59,,20.22,14.79,38.67,0,1,2,1,DYN2,,,,,,,,,,
1791268351,Ectubm5UU5i3vgU46tLVdTxLQbn2Ce8fKSXVxhnFpump,BIOME,HETVJdQVM8W79JPoiPJ2n4KHa47H2hYL4qMqF4BjHeVG,pumpswap,1790892265,0.000002673,2650.47,2407,2407,0,0,0,1.91,0,0,0,0,0,0,0,1,,,,,0,1,1,1,,,,,,,,,,,
1791268345,6bQ4MCnJ5rab9pDGR43hbTCf1GabYEVmCP2oLyexSmvC,FIX6900,4qbokk9tDkinqANgHGMw1vHD73MuwCuSLeJfGjjHpLgw,pumpswap,1790892426,0.000006289,6824.43,6186,6186,0,0,281.21,1993.47,0,0,0,0,2,11,13,37,,,-4.85,-29.09,0,0,1,1,,,,,,,,,,,
1791268342,11mwXYNHsK5orsvHokxsYgRbpo145k6SbXTYYkYpump,AMC,Ar2LBpMRpwJE8uqgBpytWVrhiyXAQFkxFmrewxZzh96u,pumpswap,1790890433,0.000002551,2818.89,2514,2514,0,0,34.39,162.19,0,0,0,0,23,15,82,80,,,-1.55,-1.98,0,1,1,1,,,,,,,,,,,
1791268345,6iGkDwTZKgG7f4pEyhnE7xU293rjpxGejSQkMWYjpump,STONKTOK,BCSe3Sed87cjNYezchkkAM5XXAtqMTv4wETeh1ZriQo4,pumpswap,1790892937,0.000002482,2616.96,2412,2412,0,0,2.12,36.84,0,0,0,0,0,1,24,3,,,-1.92,2.2,0,0,0,1,,,,,,,,,,,
1791268351,DRG67aZrzfeSjTa2YfFZvcioYEALwBFt4rgQckiPui8T,Play,8JTFWsXE34YY57fh7YdoEpGXC6CGKM3zDonvrJd2uAxK,pumpswap,1790896722,0.00002677,12985.22,25497,25497,0,642.4,5128.89,19310.5,0,0,7,1,51,45,155,173,,16.76,-8.25,-21.45,0,0,2,1,,,,,,,,,,,
1791268346,7VertkgF9KLhxxJXHX6uaWuoYZTP9LdGj2bWmVXVpump,Agency,CyJwKnLiiY4fmiwqMCSWFSHxo7T9Ubshgs2uRAuJCrk5,pumpswap,1790894555,0.008499,427323.04,8147958,8147958,10670.68,250151.68,2450452.81,8738286.7,41,25,667,694,7189,6944,24617,22680,-0.79,0.12,5.78,-44.5,0,1,1,1,,,,,,,,,,,
1791268347,8r5faMhtYbc7gp411LQt9oqzQybRfy6LG2FJauTsfnKg,ORBIT,57sSkdadcLBdbgn5gZr4LAgctgyzAh3B6yDf9Zdappai,meteora,1790966306,0.00007482,26552.77,70917,70917,123.99,1146.94,15615.56,50266.81,0,1,4,8,93,107,359,325,-1.02,-11.78,7.01,-20.34,0,1,1,1,DYN2,,,,,,,,,,
1791268350,BvJUuGCj13QTpF3DwoPtYcpyKFNk8chLnb2rzbpNWXyk,FIX6900,HdMxM2iSnCJ2uLjnyuP9WSq4Z1JyKtdH3JjbBc1oC1tx,pumpswap,1790893303,0.000002557,2799.67,2500,2500,0,0,0,46.7,0,0,0,0,0,0,0,4,,,,-1.49,0,1,0,1,,,,,,,,,,,
1791268355,quNxJesoKwZjMdRjCWKikDYJ24xLwuS5bupiH3yWCjV,FIX6900,6kz453j5hsyVojKW1s9LFQ5dDSqnzFwWQnGMeTNnNqdR,pumpswap,1790893050,0.000003523,3769.8,3409,3409,0,0,0,156.02,0,0,0,0,0,0,3,5,,,,1.46,0,1,1,1,,,,,,,,,,,
1791268349,BJyrtwU1hnK4Q2tgfmNvuDJgZu31MaK6t6xy8BHtWRha,Jane,FWGMbPUG8z3bBuVtaJaahusZD2dCCoLdSJ33qSoNvKXR,pumpswap,1790894494,0.000002484,2616.37,2394,2394,0,0,0,4.17,0,0,0,0,0,0,0,2,,,,-0.28,0,0,0,1,,,,,,,,,,,
1791268354,HkHsPkvv6Ccv5t5y295cG5QAYSuazEaFS4YSyUFZpump,BROKE,2MowcSAPsumAC5u6cbo17SwVzrTvCcuvvkRRsTibE1zt,pumpswap,1790895724,0.000002777,2818.2,2653,2653,0,0,8.37,21.85,0,0,0,0,7,3,10,8,,,-0.36,0.32,0,1,2,1,,,,,,,,,,,
1791268354,GxPPN2V3bLdQJn3vDuqCfJQ9PjqqRdKVUxBTx5Cepump,MICRO,87vrzRCHU336KiD2ft46YeiV8CCFoc7Zs1zpY5VBAmNE,pumpswap,1790895289,0.000003101,3674.36,3027,3027,0,0,9.95,19.4,0,0,0,0,2,2,4,7,,,-0.66,-2.1,0,1,1,1,,,,,,,,,,,
1791268351,ERxLYPjqeFfLsnChuPnvS6f3y5Me8BjgJi9oWaTJpump,e/acc,ADd8YiSXcRn6kL6t8LsSyiCQTWyWJtLFy5R7gzANZoqK,pumpswap,1790894548,0.000002905,3243.05,2854,2854,0,0,4.84,23.83,0,0,0,0,1,1,1,10,,,0.91,-0.73,0,1,1,1,,,,,,,,,,,
1791268343,3m1yuqZMf136CEAFnnBxEekS4oVAXztxPEGuB3xbAEea,SAFE,2zQuXgBCMVuVWHHfoEUp3E2gMWSu7SwFxGcpo3aj8GVy,meteora,1790894887,0.000002786,4707.01,2787,2787,0,0,0.49,18.9,0,0,0,0,0,2,2,5,,,0.34,-0.88,0,1,1,1,DYN2,,,,,,,,,,
1791268342,2GU7xJt4M5djAC7az3jzpFr5ApBTJK2e3LWXKrNypump,MICROCHIMPS,3RbHzMCHM1bSxddHKMMmZfG3VJrhBFYFNvDmsQCULMcR,pumpswap,1790895121,0.000007420,5884.05,7064,7064,0,0,475.94,586.64,0,0,0,0,0,4,0,8,,,-21.31,-23.63,0,1,1,1,,,,,,,,,,,
1791268350,CAtkUo5hhw4PusDnG4b7RurGfxyuAGnDfZg6RTgupump,AI,3npyPsPGWx4B9j95mzHj9zQt1Rqyp3qQxYP232iK843C,pumpswap,1790896497,0.000002791,2800.55,2486,2486,0,0,0,38.91,0,0,0,0,0,0,0,1,,,,,0,0,0,1,,,,,,,,,,,
1791268347,9FkQvYALykxVPh66vy2j6PAJdrPDgby1STFPgGx6pump,Nike,BJzGWBwxccfb1bV2nK1hAsNDhy6jeUcLGoHKSbxTfYvh,pumpswap,1790893900,0.000002169,2206.27,2160,2160,0,0,0,9.8,0,0,0,0,0,0,0,1,,,,,0,0,0,1,,,,,,,,,,,
1791268343,3TtCNtvNLPTe21RnA8WbC2QRUYCABDZEqdLRPeErpump,WANT,rntGzi9ph9Sd2LbpjQ5RCEvbb7nsXp13kS8jfWSHwoW,pumpswap,1790897715,0.000003085,3088.49,2976,2976,0,1.6,23.84,147.11,0,0,0,1,17,11,69,52,,-0.18,-1.08,-2.54,0,0,1,1,,,,,,,,,,,
1791268345,6d82cCtC1LktWWgjUz5h3vMenFj5EDHLMBFvcpmvrRi,shoggoth,8RdbS9dStwL1HK4tVzkgwG84TmREU947BRBXf6fQRJus,pumpswap,1790895893,0.00004357,20624.6,35861,35861,0,1186.62,6960.91,68114.73,0,0,17,6,74,55,617,540,,3.45,13.76,-47.36,0,1,1,1,,,,,,,,,,,
1791268348,9Y4afMW81vqd26i1c9vX3SEbaYMbtPifFRCYHqVUpump,LUCAS,2mFrDNHUqpqdj5Ndrp4gU92pquBZWUJH8R81YLLg2q4S,pumpswap,1790901969,0.000002738,2729.11,2624,2624,0,0,14.25,122.66,0,0,0,0,8,9,67,70,,,-1.91,-1.31,0,0,2,1,,,,,,,,,,,
1791268345,5zxzU6duesnfLdtAQ4kJPrcPkiFHz3PcbkmZ5QQm5QgN,RAMCAT,69Fypsx4NbpNRQppMpGAKQZ8tSjhwjRZ1BMrWXAuiZjo,raydium,1790897450,0.00001472,12810.59,14727,14727,0,1.89,681.43,23601.07,0,0,1,0,10,14,169,162,,0.06,-12.38,120,0,0,1,1,CPMM,,,,,,,,,,
1791268351,EFtMJryTCBdDcc7MS1wnsW41wD6edXcvLkUvH3v1pump,SIP,4BkiAwwFf5Qqjm3ALL9dkLVsoWZsB1i8RamL6eJaiG91,pumpswap,1790900341,0.000003188,3419.98,3116,3116,0,0.46,0.8,872.1,0,0,1,0,1,1,22,21,,0.72,,-38.51,0,1,1,1,,,,,,,,,,,
1791268355,fqT5Ta7LN1s1ghcJVyuhxXp8PXYyjup1jX2AWCHpump,aduse,5q9JUEockjpPNzdw7CwdzRUSdWYAkMmbCBKoDWgTFLNC,pumpswap,1790900631,0.000002791,2850.94,2679,2679,0,0,0.13,17,0,0,0,0,0,1,1,7,,,-0.79,-0.95,0,1,1,1,,,,,,,,,,,
1791268355,uPnLjPVtyJ359VMyEC6Kp1suDix79KSh1JzZvPhpump,SLABS,5Mfcy6h2ex3zivnD4fb7faLqMmvg2T4GE8nxBSJhXsgq,pumpswap,1790898399,0.000005400,5586.83,5261,5261,0,0,69.2,262.03,0,0,0,0,1,2,4,4,,,-2.56,5.91,0,1,1,1,,,,,,,,,,,
1791268354,MN8iFkQt7Y93wmoxcrPdXkQRbWqXYjAYCXKRCmiNDEx,PUMP100,6gsEeFRaz6bDqfbm8Ct1vMcihGvG3YZwJLP2NsU2DGcw,pumpswap,1790900056,0.000002992,3119.56,2935,2935,0,0,0,5.94,0,0,0,0,0,0,0,3,,,,0.7,0,1,0,1,,,,,,,,,,,
1791268342,2bN51Rmq9bxXoafZMP6m26HfiEB8uqxdD4SpuyPCCASH,CASH,HiNZvNqK9LKvCfFpJyg1sVEFKN2FiQsQrNsohdseQpnY,pumpswap,1790899759,0.000002918,3032.07,2849,2849,0,0,0,1.42,0,0,0,0,0,0,0,3,,,,-0.89,0,1,1,1,,,,,,,,,,,
1791268345,6D7KHzQWUueMYUo7ERRo6M2y1ni4DEdar39r9jQj5nkk,RAM,BBSUrbytsQJYq6i3Vivk2sszqGxsJfo9ZEpHmPSzrVRL,raydium,1790898939,0.000003706,5358.53,3706,3706,0,0,286.82,14152,0,0,0,0,3,2,122,109,,,3.24,21.17,0,0,1,1,CPMM,,,,,,,,,,
1791268355,f9t9ZtbmonrKiJP1GECP2HZoFM3sQrpPzs2pAqfpump,TRUMP,G4U559n8t9FnR7dRT2Mn2z1BbhnsJ3Hre6dCeaXc6nf4,pumpswap,1790889206,0.000005225,5148.87,5159,5159,15.07,25.54,123.39,1040.67,0,2,1,6,6,11,15,46,-0.58,-1.69,-4.15,-22.72,0,0,1,1,,,,,,,,,,,
1791268349,BZFYNPeQAEW3HWQ4DNsTVahC1n4ZjTgn6jB2nnBbB96W,SAPLING,6ejg4aYJM3Mk1t2zBKjbJ43df3s7rBMpC9mgo526K51G,pumpswap,1790372353,0.002951,255033.79,2364632,2364632,1935.08,7366.85,380203,977396.81,5,9,21,37,730,850,2026,1909,-3.7,-5.64,43.72,113,0,1,2,1,,,,,,,,,,,
1791268352,Eqj36zHPTboNDYfX24sXvWf9e1wqY7kr823hbSY1pump,CUH,ADAta1RwnJaojRtsSVmN8CF8UFU23fmNdzbsxR1rzBoi,pumpswap,1790981197,0.00003263,15642.64,31025,31025,0,240.8,2723.74,8432.49,0,0,0,1,25,32,123,92,,-3.19,-6.03,54.96,0,1,1,1,,,,,,,,,,,
1791268354,GyTy9NX22wdrSeWUvSrZTKGntNLSrFDrXLb2Hxaw7Gqc,INU,LqEhQYvbSjhqnu4UTp1rYSQV4he2zkoWzGRnBKS23WE,pumpswap,1790901811,0.000006024,5630.34,5776,5776,0,28.39,15063.6,18430.38,0,0,1,1,99,95,127,119,,0.62,-34.17,-14.67,0,0,1,1,,,,,,,,,,,
1791268352,FKGdipWTsvD5z8GqRn9uhMAskN7seAp2yR3Ra7Knpump,FIX6900,Ek7kfc3nEcQMFr1ozkY82pmuMJJfPzCBAd7jHT3Fr2xP,pumpswap,1790902223,0.000003645,3717.47,3536,3536,0,0,0,150.48,0,0,0,0,0,0,0,3,,,,-6.42,0,1,1,1,,,,,,,,,,,
1791268346,7cSPCV6Sadhcuk8zBa7o7mu2ny4ccmXB8XU6HcqPcSqY,PI,FsyQ9Zj14C4RScWDYpHGCidhRZo3PVcNqR5bmunGxWnb,pumpswap,1790903973,0.00001391,9533.17,13575,13575,16.88,601.19,4376.82,9483.95,0,1,1,4,38,21,85,58,-1.31,-19.37,43.62,85.94,0,0,1,1,,,,,,,,,,,
1791268348,AZ9NHodnyb6wPYian1Fd9HF1mfvPNkJEecExVT1Sevjg,SHINU,7JMq5DC6G3LrBFWSwe8nDvWALPrz7bn2VZUD7owLZXwU,pumpswap,1790902472,0.0001502,41847.34,142691,142691,46.48,1948.05,113160.87,231871.09,1,0,23,9,465,362,1027,864,0.23,-10.61,-6.54,49.32,0,1,1,1,,,,,,,,,,,
1791268347,9NHLQy5gSKYejNxQ4waZJrxSFTKz9n97nGggyNMCpump,blofomo,D3depcMHKRyi47q4as6YTbbWtSppaSwBnsEWbFXRXgXa,pumpswap,1790903562,0.000003081,3778.42,3005,3005,0,0.07,0.11,0.11,0,0,0,1,0,2,0,4,,-0.62,0.24,10.88,0,1,1,1,,,,,,,,,,,
1791268342,2ZfU7Kv3mE86vUDQ1usf9bfDgyqjwP7JzqgvLmudpump,GO,6oD1kBVy7crVpav7nbXTiVxRFowWdPbg9XykJUE8tRi,pumpswap,1790905374,0.000002685,2698.34,2615,2615,0,0,0,0.85,0,0,0,0,0,0,0,1,,,,,0,1,1,1,,,,,,,,,,,
1791268350,DBn1mFRGcnKoSCkgh7w7BFM64dZvpbtZQWeXnyBJanon,anon,5B94srvYnVNY71GW5vKpKSWdBH2KW5PcDXNwrgRBwsB7,pumpswap,1790907247,0.000002694,2740,2616,2616,0,0,0.07,0.22,0,0,0,0,0,1,0,2,,,-0.05,-0.05,0,2,1,1,,,,,,,,,,,
1791268347,9Vke8MJboctWv8N922NJXhcoZpC4xy5TSH5SQEopxR8x,BREAD,3XcumiHFARp6EBvd4rZNvyErViFTweBjysh2xFVPiXyB,meteoradbc,1790903631,0.000009983,,9533.05,9533.05,224.57,224.57,369.11,2319.26,2,0,2,0,4,4,19,30,6.05,6.05,1.95,-30.74,0,0,0,1,,,,,,,,,,,
1791268347,8jjRE5D2pUnEF6U2dYkL2n1Nw4Lwn6sQY7QpZkqUjhXX,JUBJUB,8SCfVT1p5MzC352e68t5CUgybYwKtat2jjKidNtjahxM,pumpswap,1790903969,0.000008631,6793.27,8108,8108,0,0,7383.49,14448.93,0,0,0,0,38,33,75,67,,,17.5,30.99,0,0,0,1,,,,,,,,,,,
1791268354,J98BvxSNtzCKsPaporUaAVmEB3wkpnKWeYo7EtmHpump,Cateoween,71gc5XdBJUGNHtijM5otMWnn3vi2FMfan6g55FoJku1T,pumpswap,1790909433,0.000003182,3094.22,3051,3051,0,0,73.66,137.7,0,0,0,0,7,1,8,4,,,4.8,0.76,0,1,1,1,,,,,,,,,,,
1791268354,J9SjRyY24ZNPgbQUQYQSv43i2QgVrNYek4scbFgSpump,MEME500,8TKphAhrgz9EMG29Vepk1rAkDJfW69UFe4Yb1xadBhnR,pumpswap,1790904879,0.000002747,2808.94,2669,2669,0,0,0,1.16,0,0,0,0,0,0,0,2,,,,-2.2,0,1,1,1,,,,,,,,,,,
1791268348,9auxxjpRQFcKyteHhAESosvvqwyPJPCQJwbAddkfpump,mote,DWpn2uNs1NwMujAASPpw5eP4ZQLmc8gjZYFSz5FCH9Sn,pumpswap,1790905261,0.000003066,3067.19,2775,2775,0,0,8.03,22.35,0,0,0,0,2,6,5,13,,,-2.26,-2.18,0,1,1,1,,,,,,,,,,,
1791268346,7cYaQc21w9dzKkGP6LgkqtmL5yzoK5UJE1GeamTRHwny,test,DZrcUWZy7WfKx1ktcJpaSNRWLgUFB8T5Hk7quj8coDNV,pumpswap,1790905861,0.000006972,6836.29,6528,6528,0,0,460.75,1519.71,0,0,0,0,9,5,26,37,,,7.17,-0.5,0,1,1,1,,,,,,,,,,,
1791268350,CRwv4LBK1gX1NeeGWjtuN7X9RTPk3MaAiKk6gYnggWej,kimchi,DvNE6wWTQD9GnjvqKFRD12dktn9ywJXb9PneKVX5NNpq,pumpswap,1790907582,0.000003719,3619.34,3596,3596,0,107.73,217.55,1428.72,0,0,0,1,1,2,9,14,,-1.27,3.63,-5.59,0,1,1,1,,,,,,,,,,,
1791268353,FgssigTgpp1EAZaAvmFJDQ8mXEatZZ6CNvmGg7Sppump,Jesus,EbAuPetBjCk3oXQhrDM89WvijUeRjPrrTpmQMphGh51p,pumpswap,1790908973,0.000004211,3886.65,4023,4023,0,42.54,584.7,1471.88,0,0,2,2,7,8,20,27,,-2.19,-15.06,-12.65,0,0,1,1,,,,,,,,,,,
1791268347,8K7h7pENULB68kNMYtE7SxKeFx79nZPqHKAWteUfpump,SHIT,D5RBmBQ4AzJP9DXZbwSe1u3TVTBKNakzA3yn4LGAqPK9,pumpswap,1790907189,0.000003811,3785.35,3669,3669,0,0,0,39.07,0,0,0,0,0,0,0,2,,,,-0.5,0,0,1,1,,,,,,,,,,,
1791268349,B2YmeEq3kUKffKi2UntSrouq6pKpyXzGVAmCahYpump,VORF,741pxtzVVMPF6hBP9XsFCypwFWQQC6dB1Myt9tBN96y2,pumpswap,1790909175,0.00006412,21473.83,64070,64070,631.42,8526.72,160779.43,317196.03,12,8,165,110,1022,745,4076,2773,0.28,0.03,-99.02,-98.89,0,0,0,1,,,,,,,,,,,
1791268349,BGnqFdgHEd6RZyerULVqyj2is1uXRMoV3pyr5ecvmNGr,7,FoKHJCJQ4WLvEXWPcaGVSMUA39Hb39P2FaDWoLLRMA6f,pumpswap,1790909196,0.000003725,3532.54,3109,3109,0,0,170.12,5846.69,0,0,0,0,0,2,35,32,,,-9.7,-12.65,0,0,0,1,,,,,,,,,,,
1791268350,CnbDp3n7CoqXZ5hci1JDd9gy2bz5BWfnC1WHAR7eQtXa,LUCY,D7rGSYc4j12ZFDqUQon9uMs8ZN2LFQ85Nb6k8Wx9pT5q,pumpswap,1790908606,0.000003632,4153.4,3596,3596,0,0,0.64,14,0,0,0,0,0,3,1,10,,,-0.5,0.17,0,1,1,1,,,,,,,,,,,
1791268350,DFBXVQ1SodqhNKmmw1BYfyhTVMiZCMzLmksKvwk6pump,SUPERMICRO,97rrxB5gZhzPFwsVaVJRiAx8ifetUDMJ1dboTk66HzTy,pumpswap,1790909022,0.000002419,2560.34,2357,2357,0,0,0,7.27,0,0,0,0,0,0,1,3,,,,1.21,0,0,0,1,,,,,,,,,,,
1791268348,AS5mTg4AaXukaPtGUopY9u4mbnLEm8L2azbGafp1pump,Pickle,88hFPVsc1zwtGLdkZbGy7SKScfmMPLJtK53JrpWXmG4Z,pumpswap,1790911018,0.000002993,3052.93,2889,2889,0,0,4.88,11.36,0,0,0,0,0,2,1,4,,,-0.66,-1.61,0,1,1,1,,,,,,,,,,,
1791268351,EMggcycbSGJt1NncfchSWCTrtE7tCnrnka52c8X5pump,MSI,9JE8rpzsYVNXTK4GKBf4vCBhp6rj2kmqY8azr3gUURcY,pumpswap,1790910067,0.000002900,2981.05,2885,2885,0,7.05,11.01,20.68,0,0,0,1,0,2,2,6,,-1.72,-1.87,-2.51,0,1,1,1,,,,,,,,,,,
1791268353,GM91Lx9NT6WWVhyUprhx8mxt9Kq6PEQ1VeFkKCa4pump,Rapecoin,5gb5agNsg4FiWNe5Ns2bA65yoxzUCd6YBFkB9xSpxCGN,pumpswap,1790909923,0.000002890,2897.32,2711,2711,0,0,1.15,10.85,0,0,0,0,0,1,0,4,,,-0.26,-1.41,0,0,1,1,,,,,,,,,,,
1791268346,6qs8xGPpmyHnW7LpySq9iCs36kT7utFBt8mwM1ATpump,BlackHoles,GEShq9LZ2yyatWVmZvRD1jQYFMhQSfhVyCFztqA8m5ie,pumpswap,1790908409,0.000003165,3781.42,3068,3068,0,0,2.52,131.26,0,0,0,0,2,2,11,23,,,-0.41,-3.73,0,1,1,1,,,,,,,,,,,
1791268348,Aaan4fxwhKtUUPg2GSKq6natLV9oj9QQNf5xT4UE2gXr,BOT,CyivxGzjZGormKXFvzKKe8CL3DbfM8a6Uso6sBHz8Z5L,pumpswap,1790912617,0.000003772,3863.23,3647,3647,0,0,0.03,34.95,0,0,0,0,0,1,1,4,,,-0.04,-2.92,0,1,1,1,,,,,,,,,,,
1791268351,DyrjPqqqTdcqg6NCuRDpMtoE9knDdPbRtXhghgPXnPw8,MODEL,48VCc7v35W4knRvMRa7HPtEtX6wsBN5Q7JPyBfgCXHaM,pumpswap,1790907131,0.0001435,33479.85,141267,141267,0,78.11,4217.64,43128.48,0,0,0,1,22,23,197,162,,-2.36,-2.85,2.68,0,1,1,1,,,,,,,,,,,
1791268353,GAwhcphCqCv5bKHmCiN4VDdNWfbXJL4npmkc8L3Q9S9H,www,Cr469Kh7oCPtQk5YADEmjVpBWx1DiXXLiooPFJn23jsg,pumpswap,1790911442,0.0003348,78742.14,332238,332238,4003.57,21981.66,196357.79,436843.29,35,12,150,95,1076,963,2963,2684,-8.96,-27.23,-1.21,-47.67,0,1,1,1,,,,,,,,,,,
1791268354,HFmqDN4HYT2Z1fA4ZCpa8JQbPqbwexZdkk6a8Y9gcKnW,https,2PbGERvZC1CRHTd7GfRKVHRGAYQ1eLzXSgFoko1CUbmK,pumpswap,1790914245,0.000003279,3362.49,3122,3122,0,0,994.28,1968.03,0,0,0,0,7,6,18,31,,,0.23,-27.35,0,1,0,1,,,,,,,,,,,
1791268347,8BJu7kgjRtPKsreF6n5yrSttU2pufYAPJSWmaY8Jdare,DARE,DwA5aMK41HjjRpYS8AXpTqdCewdpWLsjijsuDn4Ks7X3,raydium,1790913391,0.00006269,26439.27,62697,62697,114.54,1192.2,7087.83,38508.91,6,4,62,72,348,431,1441,1723,0.9,0.78,-5.56,-47.85,0,1,1,1,CPMM,,,,,,,,,,
1791268350,CNohWHNTurS7PpB55czspwUJfpk9yy92uf1wXdweEGg9,CATGPT,3hSL3G9q4ZYZWLgyQVX2TCVM6hS2izKcDuweHTPzZgfV,pumpswap,1790914072,0.00002046,14996.49,19901,19901,0,917.98,3154.45,15071.9,0,0,11,11,51,57,212,279,,-13.96,-11.77,-29.08,0,1,1,1,,,,,,,,,,,
1791268346,6tpfCENhKozjtambBEecWoV1V6trzqNgi1AQHkTqpump,KEN,GhLLUkrj13WU8yPiA8argBUb6xk2ucBoRCRoVDfeuPr5,pumpswap,1790910654,0.000003279,3297.24,3153,3153,0,0,35.25,2233.38,0,0,0,0,0,3,27,38,,,-5.23,-8.44,0,0,2,1,,,,,,,,,,,
1791268344,4AT4FHoc8LE5EMXCX7mgcTSvGM9NFKZW8RsiA6oxvkjv,SYMBIENT,2p63ooyr1XVyXREhvg4tE6aSQWutijPD5V5vmiA52tQA,pumpswap,1790915044,0.000003227,3222.98,3117,3117,0,0,0.09,95.02,0,0,0,0,0,2,0,9,,,-1.06,-7.12,0,0,1,1,,,,,,,,,,,
1791268344,4LjJL18pN6oMxr6Z6bMUxXy7K5CbbZTjrQ5UsSjjpiNn,www,WXNCv7a7qxZ1Thd6Jrg2Ap62AFmGJsFNbmZyrB4MijW,pumpswap,1790915608,0.000003786,3600.46,3527,3527,0,0,0,78.66,0,0,0,0,0,0,1,3,,,,-8.74,0,1,1,1,,,,,,,,,,,
1791268347,8LmWjjAh6ujYTcXeMFh6FkT7nn6CDeEwYucMdaxgYn6s,BLACKCAT,C26dqPnGSFQNhuRJ6u768KvDyenkRk7wmAzRNGtF6pLs,pumpswap,1790904690,0.00008348,25951.36,80468,80468,0,1998.91,65237.3,149612.35,0,0,22,16,327,282,764,614,,-5.22,46.17,332,0,1,1,1,,,,,,,,,,,
1791268344,46doJPsSjEVMsNZm4b32UbbvbUXjFTM3TDPBWMM3pump,Cadence,4TjiqZQoCtTNtmDqqmEV2SPoeGZipueRFyRamnFXV9su,pumpswap,1790649631,0.0005898,78272.62,569653,569653,7752.73,118784.63,266219.97,1640732.85,24,39,521,521,1414,1458,9100,9627,-1.23,54.98,48.78,17.66,0,3,2,1,,,,,,,,,,,
1791268350,CjUVYWLHdn66zE1KNCcHEUBrApD2vi3WrgdLE2sAkP3f,SYMBIENT,GV18eR5J92RX28CPShN8kYwRFLbJ1LPBh2MwvUbnpC6Q,pumpswap,1790920048,0.000002780,2768.93,2644,2644,0,0,6.19,30.29,0,0,0,0,0,1,0,2,,,-2.48,-2.48,0,0,0,1,,,,,,,,,,,
1791268347,8nnaeWCw8mUypcGAgbmSuzAT85uWx4UN12adDrMhXrGF,HOTBOT,GLL3CzybpSCLZdoACf8QUM5YrKVwyA65kQ2RcTsJxxzV,pumpswap,1790920030,0.0006894,92908.44,663894,663894,5600.79,18352.97,130337.79,823229.21,16,10,102,74,733,722,4294,4302,-1.12,-7,-2.92,9.41,0,1,1,1,,,,,,,,,,,
1791268355,qTyZGgDKVH1fZNhBAnGcUgtyVbVrWZ3uNeuCgJ4pump,GOIF,ANcPJyoPyos5hoGioj6UvkzA4RpU5FRNTb626xSMX6dB,pumpswap,1790851267,0.000009829,7171.6,9829,9829,0,0,101.12,1678.96,0,0,0,0,2,0,12,5,,,3.26,53.34,0,0,0,1,,,,,,,,,,,
1791268342,1Atst4LcMEYfAXACbCaBpdk166CU8eopNkjyD8jpump,AROS,ffBBc3WzZNJNJu1ZCm85qA4nLibfS4pL7iAgxbACu6K,pumpswap,1790834817,0.000003262,3182.44,3263,3263,0,0,0,218.27,0,0,0,0,0,0,1,1,,,,-2.5,0,0,0,1,,,,,,,,,,,
1791268353,GhAP9Tb8RADFhxpAbyz96VFG8vGUzhMaPLMa38DvQFn2,Giko,BuKG2ytP83oWiSdHF1YjKmHWZEHWXLbxyQjPHRTiUwyP,pumpswap,1790918950,0.000003396,3565.15,3288,3288,0,0,3.03,106.73,0,0,0,0,0,3,1,16,,,-0.8,-8.19,0,0,0,1,,,,,,,,,,,
1791268345,5hpck3FaHXqhQnL4RwwdaNQFeBka6CpoVBxT1dWupump,IRL3,EKF533bniHb623Ki8wRftvzjHzFisSNHvFGAi5vcShaM,pumpswap,1790922051,0.00008913,26485.61,78712,78712,0,2025.24,8288.64,52988.51,0,0,11,11,64,50,381,369,,27.57,37.71,-6.09,0,1,2,1,,,,,,,,,,,
1791268346,7iWG1K47CGCykTNUU4XXkYctnv1X7Qd8RAq6KnDMpump,SS,DtBmpRSAjL3bRbDbVwBuHGiUNyqQvjY8Y1jxgudFuUFQ,pumpswap,1790919986,0.000002629,2848.31,2535,2535,0.41,0.41,13.44,140.23,1,0,1,0,11,6,83,78,0.58,0.58,0.25,-2.73,0,1,1,1,,,,,,,,,,,
1791268348,A72fsJX64cS5KxeuCcj3w2xoSa2hSYLzGg3wSw1epump,MOMO,B3p81rEhALWSen2kpGhPiFb676YsxeCSk7GvzhkXMuJH,pumpswap,1790925240,0.000002981,2916.78,2792,2792,0,31.7,31.7,42.08,0,0,0,1,0,1,3,2,,-1.85,-1.85,-3.29,0,1,1,1,,,,,,,,,,,
1791268351,DSmp1qi6fAGn9Xj4cztBi8B1UJUBoiADn7QPhfEnsFq6,Anon,891v3RKdbE5yj5XDbtvxW71PSm6gFfC2aa8fbGb4XPLa,pumpswap,1790921757,0.000007327,6671.94,7152,7152,0,0,101.06,2392.81,0,0,0,0,0,4,13,44,,,-3.48,-39.91,0,0,1,1,,,,,,,,,,,
1791268353,G6VTWhrErdU59EaGFpiy3vugSG1UUjrDuaYZ33Kjpump,HER,82ciFLVwfzFzuqbwgVqH9qntUL4QPzNtdC9iRHLvgMdQ,pumpswap,1790923233,0.000003802,4168.04,3617,3617,0,0,3.72,179.34,0,0,0,0,0,2,1,31,,,-0.5,-9.02,0,1,1,1,,,,,,,,,,,
1791268347,8XeBzEqjBpgZWCdY5WqNiN8j3qbx5WyojSAGTFHTvfui,DIT,F22ZrHKGjkkhq3ZrA6Gz3g1rKVqbfos9tPTeBh54yukF,pumpswap,1790926340,0.000003038,3087.18,2928,2928,0,0,19.76,357.63,0,0,0,0,0,2,2,11,,,-2.84,-19.34,0,1,1,1,,,,,,,,,,,
1791268353,GRxEFq8W3G9BfeYDnvAGdQctm1nrhvMhNWB8qeNtpump,ROACHY,9gbhwpVjazeRRWktCRttQaJyZd6p31JG4XN86BX7cyXb,pumpswap,1790925556,0.000002376,2514.07,2306,2306,0,0,0,0.11,0,0,0,0,0,0,1,1,,,,-2.99,0,0,0,1,,,,,,,,,,,
1791268351,DWW2fZ5cBYXJ5qnSf2n2W7GdN5jSuxZ2g6eMj964pump,home,CRCgvWrhrfDQ3bMbRCs9yBJzSDPqhftH79KFBxjxJVrn,pumpswap,1790925933,0.000002532,2544.57,2431,2431,0,0,0,1.98,0,0,0,0,0,0,0,2,,,,-0.71,0,1,1,1,,,,,,,,,,,
1791268347,85QAKMntNJmM8aKxBBHiwczs1jyHFBHnF4WjZBrDhc42,brainrot,8dq9ShXaRwgwrDP7NRyZLjr8nDEg7DzEghwXWtMCU1o4,pumpswap,1790927912,0.000002394,2426.96,2318,2318,0,0,0,20.11,0,0,0,0,0,0,0,1,,,,,0,1,1,1,,,,,,,,,,,
1791268347,9F4BvHppzdwXS1j6JgUQrfu8c5F9K7CQixtqRUk4pump,UPFILL,3frV9zVqf3Gas7gGneQ37M11XQXaLj1xDqazPKMuhht8,pumpswap,1790927092,0.000002449,2466.33,2313,2313,0,0,0.41,3.9,0,0,0,0,0,1,0,4,,,-0.76,-0.64,0,0,0,1,,,,,,,,,,,
1791268354,HRhf8umQ5rqxCSD7QrQeeTdoNrLg987wQDTDArj8pump,fkaAI,5f4vR2YC2dAfnadZBrnEp5yCvcV2YjK5tHXvWohdSqfh,pumpswap,1790931323,0.000002819,2821.63,2724,2724,0.37,0.73,3.45,35.46,0,1,0,2,0,4,1,12,-0.05,-0.99,-1,-3.65,0,0,1,1,,,,,,,,,,,
1791268354,JERpqiXG9wLuWcbSi51uaqjYzTDd6Tj9VGgpAgik6EW,Netizen,4LykWqvVpE1LmSSYN585EFewvkgFPePnWGojopWsUXPp,pumpswap,1790920802,0.000002813,2795.45,2696,2696,0,0,4.57,8.75,0,0,0,0,0,1,0,7,,,-1.35,-2.28,0,2,1,1,,,,,,,,,,,
1791268351,ERu7vbTVrsevpuMoYmSk2zqBPrhHxU9itTc7FrKftTwr,AGI,Br9htS6a8u5YGxkeE8oc41ZbH89mVMHWgx69XfCWsR3F,pumpswap,1790928823,0.000002792,2914.58,2694,2694,0,0.02,0.02,7.15,0,0,0,1,0,1,0,6,,-1.09,-1.09,-2.17,0,0,0,1,,,,,,,,,,,
1791268348,9p9Dzwcsv1P3jMeMPqZTC3ywqgL45qL2R2VkCrfHMsby,SGI,8a96pMnpVyKF5NSyDvbeu2RBSpspSVu4ozfygVAwzWfp,pumpswap,1790928175,0.000003147,3294.48,3064,3064,0,5.41,8.54,13.89,0,0,0,1,0,2,0,8,,-0.52,-0.78,-2.2,0,0,0,1,,,,,,,,,,,
1791268355,c17N1z7KdUGeUSYyAzxXPYvBT97B29Jm55xfc4N3YaW,JENNYNARRA,7cd4ggjDxn9c81jA5Ba79ChbgCvqvLchg3uGZEi6Q83P,pumpswap,1790932155,0.000003782,3607.33,3648,3648,0,0,2.76,309.41,0,0,0,0,0,2,3,13,,,-1.65,-11.4,0,1,1,1,,,,,,,,,,,
1791268345,68RUKJSkhT7Z9itn2tUhCzR7t2pbBahqjgG8qbkB5Dux,SGI,Dj5LNTFFCFPEHyA5sFEJgQ8Lrs3z2pHc4ZwLmVYDZD3D,pumpswap,1790929727,0.000008107,7702.56,7901,7901,35.85,264.8,6249.27,13020.37,0,1,2,7,50,61,136,178,-0.69,-8.12,-15.65,-51.15,0,0,0,1,,,,,,,,,,,
1791268344,4ghFqXZdLnakD591oFKhA2tD9q7pSfhBWfkVRs125GGL,SATOSHI,HTGSKCLTjV5HcfMTLKy9xWoKyBkfJV4vTXW7Po9HUrUv,pumpswap,1790930170,0.000002634,2683.8,2524,2524,0,0,2.72,7.05,0,0,0,0,1,0,2,5,,,1.59,1.01,0,0,0,1,,,,,,,,,,,
1791268350,CQN2XwiCQh82Ghvp7MBdrpizE81i3WGjrNkdPJgBUEQw,Clanker,ESPD3VaB3pjTrYSQuisjWoFjwCCwFe878Hd4GfEmrewg,pumpswap,1790932670,0.000002750,2730.92,2582,2582,0,0,1.08,6.37,0,0,0,0,0,2,1,4,,,-0.8,-0.51,0,0,1,1,,,,,,,,,,,
1791268352,F1xCLUZhi9qH7m3iPvqzUAwFSmindzZwkQrxDSdFiZSS,GTAVI,H51jQhaAhHhi3qBXZZrTSvhQo55gdmA6wZ6jPnkfccRd,pumpswap,1790931614,0.000002639,2631.99,2479,2479,0,0,0,6.16,0,0,0,0,0,0,1,3,,,,-0.07,0,1,1,1,,,,,,,,,,,
1791268350,CM69VvR611vNwDVCQ7VhUXAv9kTNak9RxCSvYHSiCyBh,Ouroboros,9mXmePZqTsBi1L4fR6KGyAPtUgmS6XdJy7LRFtFKENoL,pumpswap,1790933567,0.000004269,3916.27,3973,3973,0,0,0,188.41,0,0,0,0,0,0,1,8,,,,-8.69,0,0,1,1,,,,,,,,,,,
1791268343,2shsT2KMGVsF3LURpkgzf3GucFizCwsmkF9DUeWgpump,RAPE,HswiXqTeriop4NjQehufHVe5vfUEakpzccS76DJAvn2Y,pumpswap,1790934445,0.0001072,31855.06,102900,102900,0,0,316.05,1320.09,0,0,0,0,1,2,11,7,,,-5.05,-3.63,0,1,0,1,,,,,,,,,,,
1791268347,8tyaSHgK5HEi42qHvUwpWKE9t4NCyGxutLV8hACameta,AUTONOM,68u1a7fh9hdy2d3MmujMGrkSdZx3Vqq19Q5M4qRMXCU7,pumpswap,1790934861,0.000004265,4170.43,4042,4042,0,0,134.53,461.27,0,0,0,0,0,6,2,25,,,-8.16,-23.9,0,1,0,1,,,,,,,,,,,
1791268352,EpzFGJXtXtabZnVzM8WFeXvgRFrWSQwGZvpgVJH1EuAZ,Library,CAzLDRhe6v8taMbrqCrqgtdPhbrjHdoWrCE1hpoWRHrQ,pumpswap,1790934833,0.00001014,7616.37,9815,9815,230.02,1187.02,1234.77,4732.45,1,0,15,2,15,6,45,56,4.87,45.58,41.36,-14.74,0,1,1,1,,,,,,,,,,,
1791268351,EFvdLptvhf8nG9rzzgtuVMguHvSKjLH5Gmt1bZp77kVA,SAM,GKfxKpbDJiCWyxfZoJbzgUrsisc7g5Krv9SxpfEWPMTv,pumpswap,1790935266,0.000003312,3541.2,3208,3208,0,0,27.58,83.3,0,0,0,0,1,2,1,7,,,-1.55,-4.57,0,0,0,1,,,,,,,,,,,
1791268346,7NELwkCyL2crujChTgtdKpR1jn2UHTe115v25rUSpump,OnionWeb,F5jQWstPUV7tfHDZPrHjg81ynev62VMV8qWMfgsnbDS2,pumpswap,1790937829,0.000003793,3863.41,3387,3387,0,6.73,15.96,75.82,0,0,0,2,0,7,3,22,,-1.08,-2.19,-4.56,0,1,1,1,,,,,,,,,,,
1791268345,5R7EZqAQxm3AzxSVgCMcBLxPdkQbsX5MEJBybGvCQocf,SISTERS,5f6FYEkyGvBMEcrbbvcETAR87n84fkg1AXaWVsuQqMoN,pumpswap,1790946274,0.00001226,8180.95,11591,11591,0,398.91,4784.05,53381.56,0,0,9,7,68,72,515,461,,-2.09,-41.29,-73.05,0,1,1,1,,,,,,,,,,,
1791268345,5cvUXei9SCWo5vjKnTarVWbQMAFhKMSZcRje54izpump,LANK,8CV5MLyQ8wYGVBuos93xWhwNvYJ7BnXCzj529CGY49kZ,pumpswap,1790873967,0.00003728,15699.95,36129,36129,0,0,1891.42,7296.87,0,0,0,0,25,16,65,46,,,-20.6,-23.25,0,2,3,1,,,,,,,,,,,
1791268343,2y4XLBAdpD1bnf38KXLdBQvCUp7E6GWaf3ooSMMJf5Cw,MEOW,7ZFqw3eomCjXpAYVFv4amhwaCPGDkwuCZjwk3XqE41Eb,pumpswap,1790941605,0.000003129,3168.24,3042,3042,0,0,31.48,106.06,0,0,0,0,0,4,0,8,,,-2.52,-3.85,0,1,1,1,,,,,,,,,,,
1791268352,FFtp6pxteF52PX3gryHrhQdxWze23Qzh7vC3kKzVpump,PUMPFOLIO,EGVugw6Fu1nHCxUkx4urwz5gfXzZyzHbmMdZ3PYhDd74,pumpswap,1790950201,0.000006290,5189.88,5994,5994,182.77,182.77,190.81,884.77,3,0,3,0,5,1,42,13,9.64,9.64,9.54,58.87,0,1,1,1,,,,,,,,,,,
1791268354,JCsKWhELRJ8MhEZjUDdCL49mntw8fx27bKAgCMgSGhcQ,SAM,FSX1VaQ8kWRmrY8S5SpCxU94Q6WKUWRP1yJkUS9GYwpK,pumpswap,1790944284,0.0002740,54950.14,236931,238161,67.29,6841.77,115151.21,597999.16,2,0,26,27,607,858,3204,3406,1.28,-4.35,27.28,-51.05,0,1,1,1,,,,,,,,,,,
1791268352,FESndbiwyTH1i1itf3FxV9HCKFNy5U9RnFp8ER8nwPgC,CATGPT,Gp2ZMrbfbQBDYuwLdGV2rmdqUW1xs8ogudtnSMi6Ede2,pumpswap,1790916727,0.00002226,12682.81,18535,18535,0,601.63,3515.29,31643.76,0,0,4,4,36,31,245,287,,3.43,8.53,-38.3,0,1,0,1,,,,,,,,,,,
1791268355,XLBLxbY1Mr7aadnqAbmqSBXLEyUdjvUXtXCnz8Mpump,SOCKET,BA2YYZ4YUKsMCMDGpqrV5FQiotGnyKrc571pFhc66Gje,pumpswap,1790942605,0.00001783,13019.71,17406,17406,0,177.27,1923.44,30629.24,0,0,4,7,37,45,414,408,,2.4,15.93,-43.31,0,1,1,1,,,,,,,,,,,
1791268348,AJPertGGMDmM75fb6jiB8MPfFu61ouLDtW6UBvf3pump,BRUME,H7pt7KK8pB8xHwpF9DHrgdZsZb6yBjZHhGiUkigyaXwZ,pumpswap,1790942221,0.000005763,5324.98,5633,5633,0,29.66,351.15,2907.37,0,0,2,0,5,10,30,53,,-3.48,-6.97,-27.61,0,1,1,1,,,,,,,,,,,
1791268355,jSC3hfcrTcxQzRQ3DhbhQvjB86z8ubFY5N6BsGw38pu,TED,9o8T7xsGspSEirqinPiiDhX5dB57pTV7kmevxPzWsPdZ,pumpswap,1790943519,0.000002859,2824.41,2721,2721,0,15.85,88.72,887.62,0,0,0,2,0,4,0,15,,-4.5,-9.44,-44,0,1,1,1,,,,,,,,,,,
1791268353,G7k8YPnJL6jKmA1H5Pt9sPLXhcd6YXjexHgmRQ4zpump,TOKEN2049,8E1Zcg4VqnNetv4Pp6fVyYRFbDqUj3RueCcSyJM8sSSX,pumpswap,1790943935,0.000003023,3199.53,2972,2972,0,0,0,20.39,0,0,0,0,0,0,1,1,,,,-3.37,0,0,0,1,,,,,,,,,,,
1791268344,4QqY2xeyStveGr2sAgTPUYH6Jf7xEjZjf5ygkieKpump,DIEWORK,G1ruGEadUBHVNDUqh3HSbKRMPz1ZEPgucLajS95yxHyp,pumpswap,1790943726,0.000002436,2485.21,2365,2365,0,0,3.09,15.26,0,0,0,0,0,2,1,12,,,-0.83,-1.49,0,0,0,1,,,,,,,,,,,
1791268353,FtPgCJkZhb7RLVpU5ysH2UPTFwtRYb3EriABP1EHpump,Morrow,8wxUZ8MfPkg6d48Y5nB3nAvpUi9H3MCvSKCHQJGN1yK5,pumpswap,1790946357,0.000003532,3429.16,3406,3406,0,0.36,16.01,176.04,0,0,0,1,0,3,2,10,,-0.87,-4.89,-10.34,0,1,2,1,,,,,,,,,,,
1791268350,DDGPxc1kb2EFV5zmwznRQGkRdmmSuuHffths1NsEASY,CNDT,9CoLVPU5AtQagVnk3hp3Fr6KVNVYWVYhKBRThKeHEXQE,meteora,1790944850,0.000003410,5352.03,3410,3410,0,761.65,1488.74,18199.95,0,0,3,9,8,18,150,156,,-30.51,-34.81,-79.25,0,1,1,1,DYN2,,,,,,,,,,
1791268355,aimWi843dwsu8FpqoU8gWHcdNLBao3UDpiCpvTnpump,DOTF,ddLTDEafD1JS3VCya6Cgzx1pbQaQY17EJKxWj1cwVtb,pumpswap,1790947300,0.000002955,2920.14,2955,2955,0,0,142.75,142.75,0,0,0,0,11,1,11,1,,,9.08,9.08,0,0,0,1,,,,,,,,,,,
1791268347,8ke6hMvsqxoZWGcDWxuEQyUTC5Zc4mXhDsbBAsAaKUDJ,SITE,HiNyEgRxdWMuGwWmNEZKR6ivAhqk9uXgJacMN6VudAT9,raydium,1790947358,0.000002482,4734.28,2483,2483,0,0,4.68,8.7,0,0,0,0,1,1,1,6,,,-0.51,-0.56,0,0,0,1,CPMM,,,,,,,,,,
1791268344,3x2NqY94bxePELsKqF3yn94iRSk8NvPd7MndeV1ypump,HUMAN,GcWjNuxysNJGb3kgZ46UmsjVSwuPNF6PwkEJNi81AL22,pumpswap,1790945949,0.000004474,4446.32,4335,4335,0.03,0.03,1.92,410.53,0,1,0,1,0,3,9,27,-1.36,-1.36,-1.34,-7.3,0,0,2,1,,,,,,,,,,,
1791268342,2pki9gZ4BGjYjD8eLeyrw8Y6ZxJtsKo8XoXbUovkn1Js,DOG,8wrqNam5rYkwh2DY8x6TqKPkVYV1jXLaMDZ821AGgc7y,pumpswap,1790947939,0.000005519,4764.2,4830,4830,0,35.83,325.58,1295.42,0,0,0,1,0,4,1,21,,-5.24,-20.46,-45.5,0,1,1,1,,,,,,,,,,,
1791268351,DNSnAA99jrVUCg4GvL6LEVfFHBnGpnWA2k3CkRvZpump,WISP,Eba8gxzeDrXpo6ZtMK18sSpTuwF9KUWxPy6EXFB7ERAq,pumpswap,1790947339,0.000002757,3077.55,2669,2669,0.03,0.03,0.03,2.13,0,1,0,1,0,1,1,5,-0.41,-0.41,-0.41,-2.62,0,1,1,1,,,,,,,,,,,
1791268347,9JTmrmD2CAtFknRvQR3td3UYSpcSRL21xngjtLnNpump,GIGACHAD,3DdEqdhu1va8yydqbUyKYoVVmn4dznnMZPpa65Gxq7fT,pumpswap,1790951090,0.000002794,2843.76,2645,2645,0,0,0,7.39,0,0,0,0,0,0,0,6,,,,-0.2,0,0,1,1,,,,,,,,,,,
1791268346,7CTRbkV1tVuq1f59pRxT1Pb2W5AHG4gM9FMH4rGzKiXv,si.gov,AZuZuTjHimKR4ouHwrZr4Aeq7acALBmopkvpCxyBJNRc,raydium,1790949949,0.0002991,46392.47,299106,299106,0,1151.46,9850.22,225656.89,0,0,7,22,118,140,1292,943,,12.95,21.96,7.59,0,0,1,1,CPMM,,,,,,,,,,
1791268344,3st8R9eftjF5GnuhaeeMNGSKMFQbBxFpKg1ZrKh9tBaV,MIND,5rRthU5Ns2eR92ocvCKnpwG6P36c8RM9KEnL8d1gcVwT,pumpswap,1790944149,0.000005626,4948.69,5374,5374,0,295.51,1474.73,9093.14,0,0,1,0,12,11,166,131,,9.93,-2.66,-41.31,0,1,1,1,,,,,,,,,,,
1791268354,HvRdz7YWW1ksGU9gAH4TzfHccjAoajXg2Rp4GXhsdMCS,AI,HMA4mobg9tRvT1tQvgkv2EGXRBFCkx1Huje4DPhN6pGQ,pumpswap,1790951795,0.000004326,4393.59,4244,4244,0,0,63.15,571.61,0,0,0,0,2,1,5,11,,,5.46,-16.64,0,1,1,1,,,,,,,,,,,
1791268348,Am6SB1xhuwyv6hENfR2uHj2fvKeo87KN8vVw28RcrmEa,Cassie,CeRmxAsiigonctygud7ict1dunHKrd3ztXfmTdQX9ZTz,pumpswap,1790954777,0.000004799,5005.36,4692,4692,0,0.17,27.07,406.58,0,0,0,1,4,9,10,32,,-0.33,-0.16,10.87,0,1,1,1,,,,,,,,,,,
1791268346,7oNqxLCwfggUUEfjHqg6KDwwnqYjfDC8L4emV6iMgHej,WIN,DXw6RTBzck1NG1CxHh3rpeYwHhaS3dJ8Yy1rD22h22N6,pumpswap,1790954213,0.000002908,3039.37,2818,2818,0,0,0.24,18.63,0,0,0,0,0,1,1,8,,,0.47,-1.06,0,0,2,1,,,,,,,,,,,
1791268349,AsoVfPHWY5YHCpc4aMzUcMENVRaC9Rjje94BpkxcW2VE,BLOBBY,EEUaf7rxYuUa8L2BNV2k4T5ahLYHKxefkB17W73okjFW,pumpswap,1790953326,0.000005764,5428,5403,5403,0,0,0,5.17,0,0,0,0,0,0,1,3,,,,2.09,0,1,1,1,,,,,,,,,,,
1791268346,7jL7HbPLV26jdwdhqmtxByUb6Ykshehq5GjjtmYtpump,SHILLR,4dREtLqXqb1jzEcsKkV8SapDGx6WJg4EveFKJwMyRD2S,pumpswap,1790953747,0.000002436,2438.81,2317,2317,0,0,0,2.45,0,0,0,0,0,0,0,3,,,,-0.43,0,1,1,1,,,,,,,,,,,
1791268352,FBtPrfHU7qZJjgtG5Ljj4gdxKxx4JiEKwAgHtM1py2eG,INUINDEX,BAvjCjU6GBuwYy4rtrj6u3qS7onCTfyubHUdPfpEc715,raydium,1790947769,0.000002160,3835.57,2161,2161,0,0.13,2.3,3802.78,0,0,0,1,2,1,39,48,,-0.42,0.83,-43.4,0,1,1,1,CPMM,,,,,,,,,,
1791268344,42UmhgRdQfuG5uFCjyvCpssNf5urVsT5UJqkgwaYgr1W,PULL,8ty8nNBc7wcw5YooP487rnirBzVGTLJkygRj52YFBXuL,meteora,1790953511,0.000003882,5658.1,3873,3873,0,0,333.75,2422.3,0,0,0,0,10,4,21,39,,,-5.35,-56.29,0,1,1,1,DYN2,,,,,,,,,,
1791268350,CiAszaNZULwaVAb1FdSWtKSvjVcHu9KcNCaBdt9cpump,ARTCOIN,HQdvkZCmYGqjYRizXt7TC1Zc4BA2hLWoEorkEDzM4CyF,pumpswap,1790952982,0.00001065,7328.43,10160,10160,0,1939.56,2016.77,8774.96,0,0,27,11,29,16,103,78,,67.77,55.96,15.3,0,0,1,1,,,,,,,,,,,
1791268345,5tckuF9AczEH59JtQA1DX72ATzSR6k7k8Nt2jhHtpump,PERRO,3LQHsRutvPtck79jLJt8QxKbSqB6ADesPGXJQcbsWs9h,pumpswap,1790954148,0.000002549,2844.14,2465,2465,0,0,0,0.34,0,0,0,0,0,0,0,2,,,,-1.02,0,1,1,1,,,,,,,,,,,
1791268344,4jdKhCf5TifzDEZN39gXzcoDMEpTARy99WPSGNGopump,TOILETDOG,4kbs4bLpKuRsHhqo4stEvsAeun7fMrL9inQw9q8neH1F,pumpswap,1790954500,0.000002894,3425.95,2779,2779,0,0,12.68,18.16,0,0,0,0,1,2,2,5,,,-0.73,0.35,0,1,1,1,,,,,,,,,,,
1791268342,2AKrTTVNsxhHV2FLNBWUBv6W6Vq35VJMuiAhjsKjpump,ANON,FYKNaNKGfqR5RYSKcX56ijvYKADGekefnD9p5x97wFZ,pumpswap,1790952843,0.000003033,3841.39,3014,3014,0,28.78,30.97,176.58,0,0,0,2,2,3,17,21,,-3.81,-4.29,-7.67,0,1,1,1,,,,,,,,,,,
1791268351,EXpcefxiFG9FomELkRpWWz8x1ux7H5FeCVrfySR1pump,EVILFOMO,BHLfQgCmVmytNMD78jXQtd7xbVTEXWtezQqdziEk9nbL,pumpswap,1790954376,0.000002421,2571.14,2335,2335,0,0,0,1.3,0,0,0,0,0,0,0,1,,,,,0,1,1,1,,,,,,,,,,,
1791268352,F1xMp7RdfGRfmBWtwB9P1airCGQDAtLCuMo1e5d2f1hv,BLAST,9P5RGHagCMvyugeweimABfjiuEXGpyB2Qta2Agok5Ejk,pumpswap,1790955714,0.000002822,2950.44,2741,2741,0,0.31,0.31,10.41,0,0,0,1,0,1,0,6,,0.24,0.24,-1.65,0,0,0,1,,,,,,,,,,,
1791268345,5YpxZx5vVVTSEQ9qHhjeTXgoXW2SGxQSczSrDtkHpump,PACT,8qMScky4rzEw4cc8wtbLCs2AEiVRAFaZKKeLxRpAzTKm,pumpswap,1790956474,0.000002430,2422.94,2276,2276,0,0,0,10.53,0,0,0,0,0,0,1,1,,,,-1.31,0,0,0,1,,,,,,,,,,,
1791268346,6ujCFTQY3mzrtt5wmprFrgfA3nYyPGid3SNvmiiGt7x6,BULLWINKLE,GFW9GjQWFqRaQqUV7vKqkipSDUXhygSNyh832zTjJjwZ,pumpswap,1790957404,0.000003917,3851.91,3660,3660,0,0,45.55,1066.77,0,0,0,0,3,3,34,28,,,-4.61,-8.91,0,0,1,1,,,,,,,,,,,
1791268345,5krNQZMsiM7qT9KhzettHKEamQDUxaPEP8jCpjdQpump,pumpcat,TSq71CzLbZmqBPdjKtwoNJtoUgbbZqUHUaydzhSGrxf,pumpswap,1790956509,0.000002381,2583.25,2344,2344,0,0,0,5.02,0,0,0,0,0,1,2,5,,,0.41,-1.27,0,1,1,1,,,,,,,,,,,
1791268345,6fK5ohw22QHti86MQbcbty7rsW7xKTBjjjx7XZ7oe23V,Met100,7ZFtpHH2ByHTQHybumG4E3exKJ58sJ9mLTnZSoUqmjox,meteora,1790956763,0.000002379,4387.59,2379,2379,0,9.23,11.31,22.85,0,0,0,1,0,2,0,3,,-1.17,-2.24,-2.24,0,1,1,1,DYN2,,,,,,,,,,
1791268355,TEX8ns7HJ697ZXsXxP9uX7jv1VChGxmg7daZtzjUSpa,CORTEX,4N1ZPAmFAmwdP8kiThydSjVTW1dT6kU9HnSLaQTS5C9J,pumpswap,1790957025,0.000002970,2925.61,2834,2834,0,0,0,48,0,0,0,0,0,0,0,1,,,,,0,1,1,1,,,,,,,,,,,
1791268346,7keARBfdz79MdMTf3fZrswyvLgAs3Qi8JiRmy3u2pump,SR,AAh3sFjQVobLzSEReScwdAk3ahTucKUafQhgWsqGQBqq,pumpswap,1790956454,0.000002708,3081.24,2660,2660,0,0,12.54,131.8,0,0,0,0,10,8,63,83,,,-1.95,-3.07,0,1,1,1,,,,,,,,,,,
1791268350,CxjdQW3ssu23fPwtJqMr7biVH1j7xwzUwb3vPTMhpump,GRANDPA,AiKu21Rg1aDzVsevCkZh7knuMparYKWGdCoRiygSew3k,pumpswap,1790970995,0.000004187,3843.77,3978,3978,0,0,19.65,31.18,0,0,0,0,0,1,0,4,,,-1.69,-2.97,0,0,2,1,,,,,,,,,,,
1791268345,6jZ7huKG82w1TrAkGAudCwBKz7LiWL4asVwBgyjCnTxh,Moose,BCk6C6pccmUSmzfopzkWRZ8CnY4cGFasutxaXcKKSUER,pumpswap,1790957224,0.000003356,3739.27,3263,3263,0,18.13,25.56,111.88,0,0,0,1,0,5,5,28,,-1,-1.85,-3.33,0,0,1,1,,,,,,,,,,,
1791268353,GZw7LxHtQKSQ1YsGnpNH7SovnBF8X6poYgavHwrmRekp,MASKCAT,G7QKTr9Lr3pF44Kp6ALkW8sExiGDXbG2JaJtzRtUKK15,raydium,1790519021,0.0001406,42169.98,140662,140662,109.5,1028.23,14099.97,55403.44,2,0,19,5,89,60,309,272,0.98,-2.72,-38.87,-55.28,0,1,1,1,CPMM,,,,,,,,,,
1791268349,B5bKnQXYr2NtkSY7PBVT5LnSx2fLgdrtPWYvjZKJAPAY,PAYPER,G5heXEUXLPXGZyNG7P6uyFz6upTZk3PRoQwrb73iSc3A,raydium,1790956848,0.00003010,27823.87,30106,30106,0,5.32,6.29,1118.48,0,0,2,0,2,1,11,21,,0.08,0.06,-9.82,0,1,1,1,CPMM,,,,,,,,,,
1791268355,cSn8JKyeeoqLuyif6MFMiwhnjaDKoaYttr2Pox699RA,CONVICTION,3YE3hncPDJm8dyLXSLaPKqwtD7iqwu7y4sZNpHNoHqKF,raydium,1790956335,0.000001683,3265.74,1683,1683,0,0,0,6.55,0,0,0,0,0,0,0,4,,,,-10.71,0,0,1,1,CPMM,,,,,,,,,,
1791268347,8hqPzBRtRW7m9wqTDRzF4vfQpuLNk69rkh8DEzhrKwo4,BELL,G33iM8rJB7CEoea4SrV1cEnJiTViKWRWamY2KPsaQPor,meteora,1790954372,0.0002113,42146.44,199877,199877,0,92.7,1004.82,22391.17,0,0,1,0,6,5,113,71,,0.51,-6.28,51.12,0,1,1,1,DYN2,,,,,,,,,,
1791268353,G9p7h8bRUMFjZBDZ9Q8Sv3mQmDLJFiYPTLKrNzzFGn6B,MAZK,3c2L6XtjMuAFfT9qirHiYJg75VdqKaDyoE39pFRcETUG,raydium,1790956759,0.00009899,26821.58,98995,98995,0,191.32,924.74,65009.43,0,0,1,3,4,7,354,333,,-3.05,-13.14,311,0,0,0,1,CPMM,,,,,,,,,,
1791268354,JC7mHcekQi78MyAE6YttG6J9QDMcmNuWbCqwcch3XsKW,Codync,Cw3U3Wjen4JkayTo23ozYkXuoEBQ5rRkEjYC5pN8J5aP,pumpswap,1790958387,0.000002537,2538.6,2390,2390,0,0,5.78,1316.13,0,0,0,0,0,1,11,36,,,0.07,-11.27,0,1,1,1,,,,,,,,,,,
1791268350,ChnjqZabVCTWYxU7YF6BbJxzZek2NKgmDNkGXSqKpump,$XALL,J68Se8nQB6dwWr8A4cyvhkHQUuVpmDHyYJuspN7qtKDP,pumpswap,1790959059,0.000002547,2701.12,2517,2517,0,0,7.11,51.95,0,0,0,0,1,0,3,3,,,1.1,4.02,0,0,1,1,,,,,,,,,,,
1791268347,8dBnKHwNYH3hz2fFTJczVwzBTpJFAMtc53k3uA4zpump,FILLED,A8JMWc6ijm7dUUBFTgRcPG9hqGsN9gipKj39q1hbhQZk,pumpswap,1790958086,0.0003678,79245.2,356772,356777,48.88,698.84,23297.88,500066.46,1,0,9,5,111,106,1815,1572,0.22,-1.21,19.03,61.59,0,2,1,1,,,,,,,,,,,
1791268342,2bs4mEZsUuNGkYeFsGuQ2YP8rTyNkqnwR3MerHZEGRSE,callinu,7RgF5HdMJydAV8s3FiCBVPEjkX9E3eaJbM2fuYFNx41Q,raydium,1790955960,0.000008675,9308.05,8675,8675,0,19.42,1712.41,24534.73,0,0,0,3,5,26,138,188,,-0.83,-39.67,-24.12,0,0,1,1,CPMM,,,,,,,,,,
1791268347,95WF7wLb9gcET9kGYp3wSXekSdrYceLmJHSXonetpump,CATFLIX,44qvqXhiGiQifTKkENRRLyDPEDkYNC92cyepMzHwBhMU,pumpswap,1790959562,0.000002420,2614.23,2378,2378,0,0,0,0.11,0,0,0,0,0,0,1,0,,,,,0,1,1,1,,,,,,,,,,,
1791268348,APxxh2tWCh95tbHitFJchcdbMsctSBgRS2Zzju9Bpump,JUGS,G4ac6W2sJgqojixx27b9ioDa6hW6tGm9ZVRXHSZNjWzm,pumpswap,1790979223,0.0001860,37647.37,178579,178579,60.47,60.47,2558.8,11595.57,2,0,2,0,12,9,108,88,0.99,0.99,4.19,-7.13,0,1,2,1,,,,,,,,,,,
1791268352,FHdxi5H9gvfA5Dp56M8nWC9jruDtcPKT3sg7wmongHPo,Bili,7nV7yWsHieTvSzLH1WKVk8FLc8PB72vaijQ6Ud8foggZ,pumpswap,1790961751,0.000002860,2953.34,2765,2765,0,0,3.45,22.76,0,0,0,0,0,1,0,5,,,0.6,-1.78,0,1,1,1,,,,,,,,,,,
1791268348,9cbDbgUNQbBjWDoVSL4SdV9LFBjNQ6ZriEfYUGUqpump,Pico,HZCfBpAS9okgnXPfzRdK4J4BMvFVhJnxN7r3ifYja8GT,pumpswap,1790961495,0.000002746,2797.71,2638,2638,0,0,0,104.26,0,0,0,0,0,0,2,8,,,,-6.78,0,0,2,1,,,,,,,,,,,
1791268342,25PcSP8DwTBtgtzGK9rcUKsEqcN95VmtPwzARKpjpump,FELON,G4pcesaXEnzAc77RZ68chZ6AtQMJZDB14hjKZZUHfGMw,pumpswap,1790959964,0.000004113,4140.33,3931,3931,0,0,0,266.26,0,0,0,0,0,0,3,11,,,,-17.06,0,0,1,1,,,,,,,,,,,
1791268345,6jmJbuPy6m5ZqvwbvGp21iT3b7ebG6AEhsy4jER2LYFm,FISH,GL6RAWLzUY2hzoekbUtJbuVeGiuCCPnsLv1yq8kAt1A4,meteoradbc,1790961263,0.00003004,,30045.49,30045.49,0,0,860.3,2521.18,0,0,0,0,14,63,46,143,,,-2.64,-5.06,0,1,1,1,,,,,,,,,,,
1791268348,9jUKtKNSHXhiSb97FnwPMCxN6M5Wcvg7LKksmb43jP1M,BURNING,2fLKmJNcqApZm98WpM8akAiJd1PR6jm1NtXK8CtNvnaY,pumpswap,1790963149,0.000002856,2812.4,2526,2526,0,0,0,138.46,0,0,0,0,0,0,0,5,,,,-9.07,0,0,0,1,,,,,,,,,,,
1791268345,6DrVZ746mG3ccccVLpX4ZdCjnVZt5LNzrZJ4GeAhpump,pumpjak,Dxd1sTnuoYA9m1Yhmuctk8zrR4NGHAugNMgruoaRAeJR,pumpswap,1790964388,0.000002951,3415.81,2874,2874,0,0,0.03,4.37,0,0,0,0,0,1,1,4,,,-0.92,0.54,0,1,1,1,,,,,,,,,,,
1791268347,96mZLgQjGXtLj3oKWr2CV2dnfSmabLA23LjE8iVUR3WG,Lemon,CLx9DANVKhsr1j87o2gPqr5ynzTsqSs7MG9dLPn6sY2t,raydium,1790964974,0.000002805,5121.99,2805,2805,0,0,4.1,124.49,0,0,0,0,0,1,0,5,,,-0.53,-5.62,0,0,2,1,CPMM,,,,,,,,,,
1791268349,BJzk9dSj5iQFTrSJT93tVztHFMzP714NoYeHFfPzb1Bi,PUMPKINCAT,CBXgR3suNnAadba8nSrm53GA4w4PSsQBsavST7AyZBzM,pumpswap,1791055469,0.000002820,2772.3,2664,2664,0,0,36.86,37.67,0,0,0,0,2,1,2,3,,,1.58,2.73,0,0,2,1,,,,,,,,,,,
1791268345,5R1XNfbLqGDe7vzrNLKMqM7zyWmd2Savrt3QfGyGpump,NIVI,5MSZjg9EhMGBWp5crjAjVauDCE5ZNSz88y7GvjGFMuTi,pumpswap,1790964116,0.000002512,2719.11,2473,2473,0,0.23,69.46,152.37,0,0,0,1,26,17,79,66,,-0.19,-4.34,-3.5,0,1,2,1,,,,,,,,,,,
1791268347,8hr5NVzUbRWaywAPgiQgaarzUq9j5uCroZ3rLft1pump,GROKCAT,73HZef2stkkqdMjUMgefneZGtam5aAr1d59A3W9Equmo,pumpswap,1790962773,0.000003718,3739.61,3657,3657,0,3.8,241.57,281.98,0,0,0,1,2,3,9,23,,-0.24,-0.91,-1.54,0,1,1,1,,,,,,,,,,,
1791268350,C2bj2HbEsnv7bSqQe2bQ7uGrf7MHXNN4cSmEVRMQpump,Apu ,9GV1Etzq1h76FXtBdC9nApYbYXmEv3NTtwDeuTuLQqGz,pumpswap,1790963493,0.000003416,3573.01,3327,3327,0,0,2.74,28.92,0,0,0,0,0,3,0,14,,,-0.37,-3,0,0,2,1,,,,,,,,,,,
1791268353,GT5PzaVt2wQvDnowmkNNPGRGL5gEcLb7dovzFwwACgxz,Cashout,6NyWV6kvii8BV4U41HpWS8wJffnhnVLv7EsouegQvAgu,pumpswap,1790967004,0.000003047,3026.6,2741,2741,0,0,0,3.33,0,0,0,0,0,0,0,3,,,,-0.27,0,1,1,1,,,,,,,,,,,
1791268349,BpiHPgU64gzmZwdwfr6e1xBVXNqiqxUpBQHwkxEVpump,XingXing,9LAyUvxKYTh1GvU7AhTqte2mGgumiTJb7oABvhC2cUDi,pumpswap,1790967986,0.000002477,2509.02,2389,2389,0,0,0.07,14.26,0,0,0,0,0,1,1,8,,,0.05,-1.19,0,0,3,1,,,,,,,,,,,
1791268343,3NGW414d3hh36tbwbgWeipV2K7VEqnqjvDxj69KKpump,CASINU,4gvR826fJJCkyrArJGekySvAP7aLCVvj4HMcd48W1Kh9,pumpswap,1790964335,0.000003515,3540.46,3430,3430,0,0.65,5.48,90.92,0,0,0,1,4,3,20,23,,-0.09,-0.53,-4.01,0,0,2,1,,,,,,,,,,,
1791268351,EVCx8yhknFxZ7MnYRK1LEmL4ycxBKHxSSZ8Gyyaopump,>_,8EX6tgzBVkY66ybkoXN1Ta1JwDMn2dp9ALBigGXPckg3,pumpswap,1790965545,0.000002922,3145.66,2856,2856,0,1.67,1.7,4.44,0,0,0,1,0,2,1,9,,-1.05,-0.89,-2.44,0,1,0,1,,,,,,,,,,,
1791268355,yDp9dCy1UrRTuwv4urMgkSUHNpw76UvyZHXLmPrpump,BTC,BWaXC9ExvjZ1rjLaCtWNYKRys1gvmC9QAkwKkUyxe8mQ,pumpswap,1790965770,0.000002395,2577.15,2358,2358,0,0,0,0.11,0,0,0,0,0,0,1,0,,,,,0,1,1,1,,,,,,,,,,,
1791268351,DQxG8fJbgAdX8h2D56Cu9cLHPc7G5xSTj84vZNH6pump,FIX6900,6R4xp15uZUZg7FghFC9SXRppBSWTKAQT11Vx2XnFGSM7,pumpswap,1790964145,0.000005782,5813.4,5725,5725,0,0,636.58,1426.36,0,0,0,0,0,6,10,17,,,-17.11,-17.16,0,1,1,1,,,,,,,,,,,
1791268353,G3Zv4MTBbEEWXJeXXAza73Q385bKWAFQ499J5VL8Tovu,UNKNOWN,4afw8ndymLUTVw79FwTEzeVge62nRaFeENBRrkC5cRMB,meteora,1790889624,1.017,14140.79,10189,10189,0,397.53,1308.28,9777.86,0,0,0,6,2,18,48,57,,-0.1,-0.35,-0.95,0,1,0,1,DLMM,,,,,,,,,,
1791268344,5GDX5fJTQns4arM1J94wjxdA8KXFsV5qW46MLFpHpump,OMNI,QVCymnis5qQJEJRZPgbEJnNKrQdNkhJtTFk7v1xqu9D,pumpswap,1790967612,0.0002320,51315.38,223647,223647,119.37,2238.65,16246.65,208184.66,2,0,22,7,127,105,1158,954,-0.75,4.75,18.37,11.88,0,1,1,1,,,,,,,,,,,
1791268348,9kpHmcAjabZksyon8KVA2FQPyp9kMtLiTRaFGRTkmqd,clout,42xESpMXsCppsS4gbtaCT87sBTjKxdtLVqcTSaSmzbv4,pumpswap,1790968247,0.000002851,2990.11,2786,2786,0,0,0.38,71.02,0,0,0,0,0,2,0,11,,,-1.02,-6.77,0,1,1,1,,,,,,,,,,,
1791268344,4zWD7Lo2AE8wjdXeANYoLoiLNnRiEjkadHyiHcpJ8Nfw,RONNIE,2fcZqmSBrbQDToJUkLEkf5csK2kdev1tveheaD86Wunm,raydium,1790968509,0.000002682,4818.78,2683,2683,0,0,0,11.92,0,0,0,0,0,0,0,7,,,,,0,1,1,1,CPMM,,,,,,,,,,
1791268351,DN5uhGU1Dfx1zJXveBuYk2Rn8eGuMKF7xJZmcZuLpump,RIPIT,5z7X3cwcUFSWtRJoEr9b6gL9iMdr2oxNHjchs5acTRbV,pumpswap,1790976040,0.000003275,3151.76,2635,2635,0,0.37,0.37,0.94,0,0,0,1,0,1,0,2,,0.6,0.6,0.6,0,1,1,1,,,,,,,,,,,
1791268346,7Jv7D7qpT8GpKUywkbQv9WgF5yDWr6Yf7SZXZj1Gpump,www,HQbKVr5GiHTjPsv27v9TGvK6rgVZpvcQ7Eg5WGsYUwp8,pumpswap,1790967090,0.000002640,2978.59,2599,2599,0,0,9.04,12.47,0,0,0,0,5,1,9,12,,,-0.64,-0.52,0,1,1,1,,,,,,,,,,,
1791268347,8yQcTVBPh84bUkQVoMFStmZGFB1k4Hm2YUwZ4XNApump,HalloCate,Bbqe9oJcxHD8z35PS64TxoUu5ct7xts8rQCG78TiAaW,pumpswap,1790966190,0.000002461,2498.1,2381,2381,0,0,2.16,21.87,0,0,0,0,0,1,1,3,,,-0.86,-0.5,0,0,0,1,,,,,,,,,,,
1791268348,AbMG6MaBJhaAFnJtiPzxBcz2AEW3m3wrcyeCnEXWpump,HEIST,HYYwsvta5RBRBKDcQoGLNatyjGBhhjQrp9ZKkY7xmrnV,pumpswap,1790967062,0.000005076,4538.29,4962,4962,0,0,18.36,77.44,0,0,0,0,0,1,0,4,,,-0.12,-3.64,0,1,2,1,,,,,,,,,,,
1791268345,5jF68KLDhPsTKwQAGiCHV6DiPtogPDgamgShSjkupump,Pumpkinu,28qipSLv8akNzodEqYVzykZhWWtY4h5h7FLupaw8xzFB,pumpswap,1790970830,0.000003540,3365.97,3248,3248,0,0,29.56,86.76,0,0,0,0,1,0,2,4,,,2.76,-0.79,0,0,1,1,,1791268429,0,0,0,0,1,0,2,4,100.0
1791268345,5q96w5CcRWZYzrzXHwwx6r1KBf77devYsoH5cougd5Po,UNKNOWN,EhLkcyvUQExQiQG43zihg589tj765MCXRLckefmK3AnP,meteora,1790963183,0.000002819,5090.94,2683,2683,0,0,57.14,136.17,0,0,0,0,0,2,0,5,,,-4.57,-9.21,0,2,2,1,DYN2,1791268429,0,0,0,0,0,2,0,5,100.0
1791268355,fHF5ZPCmY1NHN4K4aD6dTyoFG9wE8TJU5qp6zPGpump,artcoin,7dPEacEp8YBGb8VhjNxes8KGNYG4pGDMpKD7BAG7TofJ,pumpswap,1790968930,0.000003772,3649.88,3560,3560,58.43,151.88,181.05,227.27,1,0,4,0,4,2,4,9,3.29,8.95,7.05,3.3,0,1,1,1,,,,,,,,,,,
1791268350,CJZaHX5RQbvKrRyMoUU9D3jyvXj8Yy7QLLmcKvoopump,Pumpkinu,2SBgHnfs9YPCs7hPPaWt1rHGxpV1WEWp2YNsGBDsyuJW,pumpswap,1790969340,0.000004935,6512.5,4791,4791,0,0.13,15.97,283.67,0,0,0,1,2,3,6,20,,-1.25,-0.9,-11.18,0,0,1,1,,,,,,,,,,,
1791268354,HZ4qZQJ7yf6WR1D24GLRLJ3cKUfgtJEF3B7SdLMLvCPZ,9e9,3JcpTVkjabeM2fucmS6AFTSZ2o4sqht3j4wzkPow1roT,pumpswap,1790969104,0.000004334,4477.86,4212,4212,0.04,0.04,11.95,119.3,0,1,0,1,1,2,3,16,-1.71,-1.71,-0.39,-7.69,0,1,1,1,,,,,,,,,,,
1791268355,wdysfTqUsJ8qAVB1796BXgGisThoBzu1keQmdgswdyt,WDYT,Bu65yUfdrxgwSnXXvrKxeNzmcjaSCsAEn5JtPMWYZVQG,meteora,1790968878,0.0004215,70639.76,418585,418585,0,77.13,19997.38,103518.3,0,0,1,4,70,71,387,302,,-0.62,38.1,-8.99,0,1,1,1,DYN2,,,,,,,,,,
1791268354,HUzsazhQoEBooLPQktSoYTVcKKVSZ9AyhZPs3x93pump,WIFWWW,FbmT4jXZwrmMWSDvqGGTjuqwcWwVJJYkNZ27UYejtLCE,pumpswap,1790969578,0.000003876,5283.73,3791,3791,0,0,0,249.14,0,0,0,0,0,0,3,10,,,,-1.99,0,1,1,1,,,,,,,,,,,
1791268355,ixdhaSTPLod6MGDmUdomz1cqp1ztJTUesWbLKB4NGBa,Charlie,6LjoPHY17TGnppnSVbLcwDzmwMbafJETRKy5WFVeXDsf,pumpswap,1790970538,0.000002509,2531.31,2375,2375,0,0,79.35,88.9,0,0,0,0,1,2,2,6,,,-0.2,0.21,0,0,0,1,,,,,,,,,,,
1791268345,5gJjJYGu25aQevcpsBgBFvLcCRfSPcvczcxvnqHDpump,bag,BrBGnm4VaXXqDySKDqnH4VZ46p3x4mqC4R2dA4EGGWPY,pumpswap,1790971880,0.000004038,4185.53,3725,3725,0,0,12.58,847.13,0,0,0,0,0,7,5,38,,,-1.32,-29.93,0,0,1,1,,1791268429,0,0,0,0,0,7,5,38,100.0
1791268348,9ZUwZjiMP8Un9qcBYNfKmVmRRj97YWLB1DRWPhhnpump,HOOKEDINU,FmtX7rDgSe4ctMT5wpHtgeoE71cRx7MNrdereUMSnhJr,pumpswap,1790967978,0.000002725,3025.08,2701,2701,0,0,0,114.93,0,0,0,0,0,0,13,8,,,,5.35,0,1,1,1,,1791268429,0,0,0,0,0,0,7,7,100.0
1791268345,6irHJ66p7HKYHkfPnNaJHJdVfpfJ3AtM3Gse68K2PRLD,BlackCock,DQCWSiW15qugyw2GHED7PfhQ1FqVaSMG7PchVmFa5RzE,raydium,1790971091,0.000004798,5960.6,4799,4799,0,0,355.85,1349.83,0,0,0,0,3,9,14,38,,,-8.41,-37.01,0,0,1,1,CPMM,1791268429,0,0,0,0,2,7,10,23,100.0
1791268345,5yQYLno5ABBZ2ELVvLXEU323CbHhr2jwR1NKFDh4pump,BOO,7x9P564ydsAxDMRKUyHzRKua2x2gsWMqUuxgv4SLDGcS,pumpswap,1790970918,0.000003640,3694.46,3523,3523,0,0.03,11.16,73.79,0,0,0,1,2,5,19,34,,-0.5,-1.16,-4.48,0,1,1,1,,1791268429,0,0,0,1,2,5,10,32,100.0
1791268346,6ygHGHDunESzifPU2ZKt399XY199QxFJnHozwFYfpump,SIC,HiRzSypb1LhYbk8A7hwAKJbA2Ha1wv3bx2y614E6Tksg,pumpswap,1790970370,0.000003419,3471.67,3392,3392,0.97,0.97,6.52,87.85,0,1,0,1,47674,3,47676,14,-0.71,-0.71,-1.56,-6.22,0,1,2,1,,1791268429,0,1,0,1,1,3,3,11,100.0
1791268349,BLKKYfF41c6xRPrtX1rdYbxLE1xxEdZUnxQsB5hcZ8Nf,BLK,8Vt1G5VnQnvLHFfbKek4bCLSrnC7sUjMXWP6hhNNWbUy,raydium,1790971654,1061.030,69187.22,419106,419106,0,0,26.1,32856.67,0,0,0,0,0,8,121,254,,,,-0.28,0,0,0,1,CLMM,1791268429,0,0,0,0,1,7,59,175,0.0
1791268348,AYkTxWJHAgp95Xu1SDkmqzTpvpKmG7wLiUpUgzKVpump,SV,7i8rWKDT6qYFksVDSuvhmu3Ycq9mboPfD7qadYYkec5L,pumpswap,1790974221,0.000002686,2697.75,2452,2452,0,0,0,0.33,0,0,0,0,0,0,0,1,,,,,0,1,1,1,,1791268429,0,0,0,0,0,0,0,1,100.0
1791268345,5tzjoTepg3tEupgKBjedF2SapniNaDrt1cVqdU4UfkjG,BLACKROCK,2jEsgfX9zxGeNWTkQ8S9fY94LW19Js8CfvSM5GiuQg8E,raydium,1790971444,0.00002729,16063.03,27297,27297,0,244.67,1539.99,15301.47,0,0,4,6,37,46,225,265,,-2.01,8.82,19.7,0,1,2,1,CPMM,1791268429,0,0,4,5,27,18,111,140,100.0
1791268348,ADH4cDsEYKFVv4NsNN4ep5pwpMwGUCmzWrGPHZoupump,FOMOMICRO,BvUSvo3uNy1y4xBPTJTSyd8uKr9WB7TKG1v8KPSHmCdh,pumpswap,1790972421,0.000002818,3316.77,2747,2747,0,0.05,0.08,4.37,0,0,0,1,0,2,1,9,,-0.82,-0.58,-1.34,0,1,1,1,,1791268429,0,0,0,1,0,2,1,9,100.0
1791268342,2bHz7Uq8arFttDotBgGFsVKXxN2n7hM39Cktna69pump,HIM,HaGMjHTjfy7f3DN54RHix2RCWvaMZbRKszkFGXPmu9c2,pumpswap,1790973057,0.00003800,17719.06,37220,37220,113.36,2553.88,8651.6,40690.95,5,3,62,33,131,78,403,375,1.01,18.44,60.2,-32.78,0,1,1,1,,1791268429,2,2,38,17,79,46,210,223,100.0
1791268351,DioisRY2M15WKza2te7pCvEAe7B1EVp4N1ZrM6tn52Sp,HAMSTER,9yS6kearLBYAKeXoPr8adHirSa2mwUT86PkPgRrMkDqN,meteoradbc,1790970523,0.0007834,,783459.18,783459.18,116.62,17592.14,220733.3,1054588.06,2,1,37,26,568,446,2396,1849,0.88,-10.45,8.3,0.24,0,0,1,1,,1791268429,1,0,2,3,16,14,86,85,
1791268350,CkmsccatooDzPMy3YwFiaMMADKyFS7RwHPnshnRtFKGb,GrokDog,EF8k2mXRNpaxqDE1e9kHwFkf2M8pa7evk8KHJRLCuTm6,pumpswap,1791223594,0.000002630,2690.54,2474,2474,0,0,95.4,160052.89,0,0,0,0,1,5,1314,1375,,,-9.03,-94.09,0,0,2,1,,1791268417,,,,,,,,,100.0
1791268351,EddkLepEPdgGMdPoGHNd1V9JbwCT8PXZNQHVGUynpump,SOTTO,6GLqy8ZfaMtD6GgjeF863ux3cnfigZ3AmFg4tWCZMRxm,pumpswap,1791223179,0.00003494,15417.58,33763,33763,0,30.77,46.54,309780.15,0,0,0,1,3,5,442,420,,-1.03,-1.85,-31.48,0,1,1,1,,1791268429,0,1,0,1,3,5,275,282,100.0
1791268344,4pG7MvMNDbRhLdXHqPnDQLkAQcaJme2CUjm7MqKoWALK,MOTION,7CGdwU254tLhiTEVa5MaAqD4MkppHEFF13STjrf3g4eq,pumpfun,1791224230,0.00004935,,49350.82,49350.82,0,0,0,91533.71,0,0,0,0,0,0,1244,752,,,,1318,0,1,1,1,,1791268429,0,0,0,0,0,0,833,440,100.0
1791268350,CnhW3L1F7bJ8e6jteZi4MLyyystKRBFZvdx4w7HEpump,PLAY,2WDF6FqVpEFG1BrWFwknwgFBjRHheCxJwdRC6x8QxoL4,pumpfun,1791222285,0.00001569,,15698.86,15698.86,0,1212.17,4292.15,149250.8,0,0,20,13,97,75,1414,1171,,14.39,8.7,368,0,1,1,1,,1791268429,0,1,14,16,79,66,739,647,100.0
1791268354,HhCMJ6io27ESCEwYgBWXspaEEcyYg36udxvDV3TRpump,BATE,6gwJVUWzbKhqtY9mrqJFLCWUYR9yeiZGMov3CQrBQwSQ,pumpswap,1791223671,0.000002377,2490.81,2361,2361,0,0,234.08,655417.49,0,0,0,0,2,2,3210,3293,,,0.82,-96.59,0,0,1,1,,1791268429,0,0,0,0,1,2,341,337,100.0
1791268345,6RPxKv35aggZcQRuwCfq27SJSzELNfKn93oBVpogpump,MEMEOWEEN,D1o6KDacsUZGtznvDhLH1cSdvbEdmXsjJ8KyQ7mW2a6T,pumpfun,1791223603,0.00004935,,49354.93,49354.93,0,0,0,10210.84,0,0,0,0,0,0,6,0,,,,1360,0,1,1,1,,1791268429,0,0,0,0,0,0,6,0,
1791268343,37upCgGAmtTvcKJzWy3X9FzLGxw5E4Acb18ZMcVcpump,ENLIVEN,78XXahkKRdY4o84DBXrUZWJ31Sx3jmFucUs8w7zTbo6z,pumpfun,1791223223,0.00002717,,27172.23,27172.23,394.55,4142.59,58541.61,258043.38,6,3,66,45,604,446,2932,2299,5.2,14.16,248,591,0,1,1,1,,1791268429,3,3,57,37,351,264,1347,1183,100.0
1791268353,GMWdgqfnkjLhzoerrDVHLUNamYiGVfLTXvEoVM5tCQrg,HEADCAT,oBpqbdEGocJ8ZDVi7mNNfKzNUdXyUkJCiquhJdjfk2L,meteoradbc,1791222238,0.000005774,,5774.12,5774.12,0,0,10.53,214012.41,0,0,0,0,0,4,1032,898,,,-1.06,15.3,0,0,0,1,,1791268429,0,0,0,0,0,1,87,81,
1791268345,6R8rP2v5p2RbYZS7TXKGE9EquJk2vn7KrorfPJNoCdm1,HODLUP,6XhYhqDgDTE3sYoaW8hwvHLmXEXDDyHCeYm5NuMKBX84,meteoradbc,1791222753,0.00005904,,59044.42,59044.42,0,0,0,87054.2,0,0,0,0,0,0,501,341,,,,1426,0,1,1,1,,1791268429,0,0,0,0,0,0,313,223,
1791268350,CMJw2xV22Fqunx2ToUTEEExNiNKc1wsZA77izFnspump,scrollit,97gFherh43RyftoT7aTa1BRVUF3xm2NFGmxaBCQYxBBT,pumpfun,1791223109,0.00004930,,49305.62,49305.62,0,0,0,37311.65,0,0,0,0,0,0,319,191,,,,1333,0,2,1,1,,1791268429,0,0,0,0,0,0,288,121,100.0
1791268346,7hV5N9iAGbjT62fiHs6VWXGMbT8JGDZfrDSUY3xbwpEz,ELON,6xZbfVMfZqetzKbVAwQ5LvuUU6hnG7iFoFKmrjzYqD5s,meteoradbc,1791224977,0.00003891,,38911.61,38911.61,0,0,0,8924.27,0,0,0,0,0,0,325,310,,,,143,0,0,0,1,,1791268429,0,0,0,0,0,0,113,103,
1791268354,J7LPzrYLNNcgqDTZM3S6zLLnmSvmRiAo6Piq4Au6mDgQ,Djungelskog,2AHfnJFemQ7eNPAL54eVirqPQCBkadTPH7SAwgC98vyN,meteoradbc,1791224967,0.00004739,,47397.31,47397.31,0,0,0,3175.83,0,0,0,0,0,0,93,88,,,,202,0,0,0,1,,1791268429,0,0,0,0,0,0,77,73,
1791268343,3HCZiUDt8mDTEC7dtZLVW58VTMGPBBJupsVsho7EdTRn,SCOMB,3hgH3FNWUmawqiE8FecksLVkEhrscTzP1ApwAi29yfvy,meteoradbc,1791224890,0.00004045,,40454.01,40454.01,0,0,0,9775.14,0,0,0,0,0,0,196,279,,,,137,0,0,0,1,,1791268429,0,0,0,0,0,0,132,159,
1791268345,6VAwVbwdox7Ezy8cttNSui1AAy9FzaBi5uKKMWfLSLv8,MCRV,HAYa64KPVEPx4qx5R2WngnFyHXsV1QLtx2iGgHPGdELy,meteoradbc,1791224994,0.001213,,1213047.3,1213047.3,0,0,0,6.14,0,0,0,0,0,0,1,0,,,,,0,0,0,1,,1791268429,0,0,0,0,0,0,1,0,
1791268354,HMwufuM6Zb9LHcKHJivJ7MTd4BUr1kyPzur68GLwvxMA,Djungelskog,9UAgfTpRW2Bq4U4nCrzhQiiuSqtvUB9FDGUGRDRT8piR,meteoradbc,1791224888,0.00003531,,35317.25,35317.25,0,0,0,6546.51,0,0,0,0,0,0,208,247,,,,125,0,0,0,1,,1791268429,0,0,0,0,0,0,135,140,
1791268353,FpTiWiRCPVck9f1SP2faLkKa6cFGLL6NXA7wdn2Spump,Robinhood,9HPjKL43agkRVj6gFkXQZXJeJkjtc3wvb42x3aD8PDYg,pumpswap,1791224219,0.000002159,2188.2,2150,2150,0,0,9.72,194342.41,0,0,0,0,1,1,8090,7464,,,0.16,-95.67,0,0,0,1,,1791268429,0,0,0,0,1,1,1092,2529,100.0
1791268348,ABEGc8wVGjocZcm4Yufq3NTNriGCs3DQ2NkPrU8kCCxv,Mr Beast,AuiMBZdHLSo1RYtTr1wWR9BVRXMGWWi9YARe87asBaiS,pumpswap,1791224389,0.000002152,2168.46,2141,2141,0,0,0,78672.4,0,0,0,0,0,0,5868,6776,,,,-95.69,0,0,0,1,,1791268429,0,0,0,0,0,0,413,934,100.0
1791268354,J3XqBNC5tpULikqAeFQmnKESqhxQpdzcmjxUo1nZpump,LEGO,fXy6PBxukM6s3rv1QgTSZaaey3YCWz1zx71Psmz9xo9,pumpswap,1791224361,0.000002173,2207.06,2162,2162,0,0,0,201491.81,0,0,0,0,0,0,20787,21319,,,,-95.65,0,0,0,1,,1791268429,0,0,0,0,0,0,821,2297,100.0
1791268343,2vPqP8RtfGcvpvV5WbDdDtU4qRQqXWGXJVuLTatXXcCi,TIMECOIN,7H6nf5rV6zowhr27ZJENEm4WMg2DKrgXJXdpxdFB7tfr,meteoradbc,1790856404,0.00001181,,11816.93,11816.93,0,11.06,1061.38,14922.67,0,0,0,2,1,20,99,76,,-2.87,-33.04,130,0,0,1,1,,1791268417,0,0,0,2,1,8,53,39,
1791268346,6tNogHW8XKFVZNYfdXrDjmZx3HsFtZtKpboh1b3D23oj,ASS,4H5FJCER3PGYgkv9zGt1hSMoza3yh3kjNSwgUgnbiz9v,pumpfun,1791240611,0.00004975,,49757.59,49757.59,0,0,0,80862.85,0,0,0,0,0,0,698,407,,,,655,10,1,1,1,,1791268417,0,0,0,0,0,0,445,195,
1791268349,BAd3K2KWzVwxAjhZ1rpTURusXaMDpuqFEqMSWrvNiFu,maxi,EdvN4WnKSVXU7muAwLRFSZ1fNhm1xfrSFDyWncRCtiUa,pumpswap,1791240936,0.000003303,3212.22,3172,3172,0,126.07,719.22,173488.31,0,0,1,3,9,45,1865,1627,,-6.32,-19.05,-93.36,0,0,1,1,,1791268417,0,0,1,3,9,44,878,883,100.0
1791268353,GwD1SmYjiiPNyXSeY5sfJuHukYv2CpdB2VuFkUrbPMxa,SPEED,9pvk4EBLoo7oNxq1qpP9CWUTtzfqvVUz5riKsNDkzAi7,raydium,1791239417,0.0004478,89560.86,447826,447826,0,0,0,364.73,0,0,0,0,0,0,10,3,,,,-0.29,0,0,0,1,CPMM,1791268417,0,0,0,0,0,0,10,3,
1791268345,5oHT7xrEzk9PkuD3Uah29RggyEmQvaWo8rNSGTzr9aTb,SINU,EmkAyziEcFGHEA2EdUWcKk3RLGU7UuAvmVDyK1LRtfAz,raydium,1791240112,0.00003189,16507.55,31892,31892,28.37,1312.54,47156.05,175806.77,1,0,29,29,444,360,1957,1362,-4.75,14.8,6.87,-33.41,0,0,1,1,CPMM,1791268417,0,1,18,19,216,201,909,828,
1791268354,HkJgBTK4d3mrrf9Y3TqsiyqLEkbtoEFhzeqMtLnLpump,SPROUT,68xZt5cWDAgWBjxfkpMnBtoZj75uBQZJzzNExKsoetWm,pumpswap,1791239244,0.000006144,5711.92,6107,6107,0,436.46,9973.72,2581592.06,0,0,8,22,159,268,8172,6846,,-5.58,-60.63,-91.37,0,1,1,1,,1791268417,0,1,8,22,137,297,3575,2697,100.0
1791268348,9rXa6VHbLpvNJnbfNvJxg81sbVAPyHuFP6DZqH3rTHVF,CLIP,F8MvDdrv3NWqFWqCMvWmUWD8F6wQk7URpMDhxrnC9zjx,pumpswap,1791236606,0.00004273,16221.45,42436,42436,185.03,1519.07,13255.62,289250.4,1,1,7,10,96,80,1507,1207,-3.96,-16.93,193,-6.18,0,1,1,1,,1791268417,,,,,,,,,100.0
1791268343,3n6jqwgxKdYVXs5hjkb19gy7hgn5TkcKBRiAc2oBSGPC,SATPAD,DsKxcr2DRBPE2MMaaCYX2wuFHBH2ZcaZvXr8w3tduPBC,meteoradbc,1791241126,0.00005746,,57465.24,57465.24,0,0,0,1332.36,0,0,0,0,0,0,10,4,,,,28.69,0,0,0,1,,1791268417,0,0,0,0,0,0,7,4,
1791268352,FMyuTjciDFwusZm8sHjfL9fNh9Mfn1e4MZcGC81Cpump,ANA2LY,8T5sxJemPR3h4ZG2GxLB4xJJXodJUSgc4jj7x8DKUaFd,pumpswap,1791240423,0.000003855,4862.54,3743,3743,0.75,11.5,536.98,7411909.55,0,1,1,1,13,43,15280,14811,-1,-1.09,-19.72,-92.38,0,1,2,1,,1791268417,0,1,1,1,10,37,4424,4107,100.0
1791268348,9u7aand8GYKNF3BQ2DTqeDx93NjH89DtXxfzEBnMGF4C,Addidas,Ap2an4mF3SE8XdrvxiZwhJbGqw6N31bYNnV1LyS9edwq,pumpswap,1791241014,0.000002149,2172.51,2149,2149,0,0,0,114731.38,0,0,0,0,0,0,10658,10380,,,,-95.73,0,0,0,1,,1791268417,0,0,0,0,0,0,388,932,100.0
1791268351,EBBJhTFLEueh1G4u52gF2DJaWEV43zqedNSEfLN4pump,AGENBONER,6wXaJui4JBk6i2aT6jvpKPPRQyYhDqwxujRo38DFjjbQ,pumpswap,1791240740,0.000002621,2960.31,2534,2534,0,0,58.45,1948944.08,0,0,0,0,1,4,4508,4319,,,-5,-94.82,0,1,1,1,,1791268417,0,0,0,0,1,4,2034,1922,100.0
1791268353,Gdggr4qj8eHJVwwBLYSqWuCijzkgv2EoBQiNakWRCb6r,Claude AI,4SuhPWtHdzEa3SbC9a6GjoYFD1xgcrttqMQZGSGfSLnY,pumpswap,1791239062,0.000002128,2148.67,2118,2118,0,0,0,181386.99,0,0,0,1,0,1,25914,21513,,-0.54,-0.54,-95.78,0,0,0,1,,1791268417,0,0,0,1,0,1,374,920,100.0
1791268355,d7noX5jFMnAMP72R9CJuGeMQDqAqdEdYe3Ke4Gcpump,NVIDIA,7cdbnrKiTChFEMSPBLMb5V2UKR5gTm5eTjhYpf1f23yw,pumpswap,1791240989,0.000002148,2174.82,2137,2137,0,0,0,126709.89,0,0,0,0,0,0,18057,34792,,,,-95.73,0,0,0,1,,1791268417,0,0,0,0,0,0,799,2259,100.0
1791268344,51zHKzhzxA3FD7Hw8mNDQA96dcM6J2STB9kvAqGjpump,BABYANSEM,26jZMPpFmFa9CmdJuCxsH6tBmmcCfEN3PUkDf7erFnjH,pumpswap,1791248006,0.000004084,3648.7,3821,3821,0,4.59,11508.28,11508.28,0,0,0,1,164,136,164,136,,-1.96,-90.95,-90.95,0,0,1,1,,1791268417,,,,,,,,,100.0
1791268348,ARCBeUyYshEkeUeDtYrwVZdxAziXeEqqKRLFW6U7D7HX,Arcade,LwriaGEBbmZBANmg21wq55ApviH4S6vVYwXbuSTTEVL,pumpfun,1791246773,0.000007983,,7983.68,7983.68,884.58,2754.76,246038.28,246038.28,5,8,17,27,3058,2354,3058,2354,-35.46,-34.5,121,121,0,1,1,1,,1791268417,0,11,15,29,1270,1191,1389,1250,100.0
1791268349,BChjPToGLJnoDD5oYNo728Gh1yXkMQaS8uhnT6ebcSmk,Meta AI,5aVzRy7cxEYQNEzS78d3p63gm2KsJN77nvtZRGf7f9TU,pumpswap,1791248335,0.000002188,2200.69,2188,2188,0,0,55794.38,55794.38,0,0,0,0,2666,4369,2666,4369,,,-95.65,-95.65,0,0,0,1,,1791268417,0,0,0,0,262,809,262,809,100.0
1791268346,7pjiLJSaXDKGbSpb7kqTmVv5K2dymdCWm7gMzYX7mVVR,RAM,61S5u46bcxAS6AHMzsDrAo4q8nA4xBxA4jTQpokWNxu2,meteoradbc,1791248322,0.00006042,,60428.45,60428.45,0,0,7120.89,7120.89,0,0,0,0,285,258,285,258,,,35.69,35.69,0,0,0,1,,1791268417,0,0,0,0,165,143,165,143,
1791268344,44v2ejG7vz4ecSXF8kfw49ACARAQCfqdWumnijdxBFys,GRAIN,GgjuajPpJEk7hm3Rr7z3U5mVcH3bXRzMLotS77Lb29Ve,fluxbeam,1791248330,0.001512,1497289.1,1512665,1512665,0,0,10734.52,10734.52,0,0,0,0,300,0,300,0,,,900,900,0,0,0,1,,1791268417,0,0,0,0,20,0,20,0,0.0
1791268350,Coqj3cFtN4mRmseWzQtk51z8HpAWxG9uuMYgW2mpsRaC,RAM,8K2zMNi3gXD6sDgoqR3LmHXeWKY64HZzqECnyn5DtCzn,meteoradbc,1791248253,0.00005932,,59329.41,59329.41,0,0,3840.97,3840.97,0,0,0,0,145,107,145,107,,,33.22,33.22,0,0,0,1,,1791268417,0,0,0,0,113,81,113,81,
1791268348,AVtvAUEn5Qs3HBmGqaer2bTn2eDUmkXaXvsTXNX7pump,Slime,2Mb8CHNbTkAVwS1bac87hoZE3KJDBvPRXc3onpKe3PVz,pumpfun,1791248385,0.00004979,,49798.68,49798.68,0,0,73505.58,73505.58,0,0,0,0,522,301,522,301,,,1291,1291,0,2,1,1,,1791268417,0,0,0,0,347,220,347,220,100.0
1791268348,Ada6truJ78N6F62gfugqWy7dZzUoJKw9FhKc4dpNpump,SOL,713F6Pgc6XWFmG2vxHSBRWZCgcFigbNaqpZSFGTUXiLN,pumpswap,1791246048,0.000002209,2240.2,2200,2200,0,0,151514.55,179709.29,0,0,0,0,15463,16496,19252,20363,,,-99.63,-95.6,0,0,0,1,,1791268417,0,0,0,0,455,2144,500,2176,100.0
1791268343,3ENSPxghg4nKdvZ3RyfTHNf4FGuk4Yb8HFgnjeEunYTK,Memeployed,E3ESjc2F6wYGU3oQY4gbg9ZBDUGEwPQeBUH2w6Z336Rh,pumpswap,1791249308,0.00002130,11500.87,20647,20647,475.33,9100.89,640184.33,640184.33,2,5,91,67,7204,5348,7204,5348,-12.55,-50.37,-52.46,-52.46,10,1,1,1,,1791268405,2,4,58,52,1180,1559,1180,1559,
1791268354,HHjqNkt2VLH33xyyy4KMJbn3st8DupwEHj881n7yHfNr,SACABAMBA,34Z8kkzUzksDNnDSsQ6NhBekztDSCVHAp5TYnZLdcVys,meteoradbc,1791250071,0.00008929,,89290.37,89290.37,0,0,10062.34,10062.34,0,0,0,0,271,293,271,293,,,49.76,49.76,0,0,0,1,,1791268417,0,0,0,0,159,141,159,141,
1791268342,13H3aNf28vwcJ5kmThxjhrjwbTQ1FeKpz7HrVW8npump,FOMO,GXsKcDeGGuakehqR1UQQAQ5RAKJDg8CjfCKR2v62BBVy,pumpswap,1791250143,0.000002134,2153.96,2134,2134,0,0,84921.55,84921.55,0,0,0,0,7893,9684,7893,9684,,,-95.75,-95.75,0,0,0,1,,1791268417,0,0,0,0,418,2111,418,2111,100.0
1791268343,3TsXRa4CUWANhMWAhhCgbEwJTcQVoTecmzYd4W6zFA7C,peniaphobia,ASJuRmMwucsAJzoc4wEkeauJ4KmxUx5tM7w1pJJVT9KE,meteoradbc,1791249871,0.00004609,,46094.71,46094.71,0,0,26135.32,26135.32,0,0,0,0,943,1095,943,1095,,,186,186,0,0,0,1,,1791268417,0,0,0,0,221,218,221,218,
1791268353,GBGucMzvgh7W6xWDBM9RnHj2DMXYk1huDXL9kbrt79kV,FOMO,BeVjSmQwGGaeFA3Jtrdzh8BA5krxhf3kMrZ65mfWLBY6,pumpswap,1791250167,0.000002180,2197.23,2181,2181,0,0,75859.46,75859.46,0,0,0,0,3299,4901,3299,4901,,,-95.66,-95.66,0,0,0,1,,1791268417,0,0,0,0,366,906,366,906,100.0
1791268343,3Ag64tRPFJGhbG2npQ49wqwAFmRTL7KqcmQAHuvF62ui,CSTR,4ueAnQvmetyvDe8kyQPGpL4Uj6DDxvRevPMC8dHwADCn,meteoradbc,1791250084,0.00005896,,58963.56,58963.56,0,0,8435.41,8435.41,0,0,0,0,149,195,149,195,,,220,220,0,0,0,1,,1791268417,0,0,0,0,114,131,114,131,
1791268351,DVtYU7RjqL2tT1yiJFAwcySc8UqPaTpSqX96w5xifhAW,Muse AI,FXZpa53VvKyJezy637wUAdVkeZU933RnvQVZRdpmGvuX,pumpswap,1791250021,0.000002153,2167.51,2130,2130,0,0,60997.79,60997.79,0,0,0,0,3200,4744,3200,4744,,,-95.72,-95.72,0,0,0,1,,1791268417,0,0,0,0,299,833,299,833,100.0
1791268342,21CuzUTwXHYiyykawuzndb7WmccMYRmeZmCNCnzMpump,Business,7FBPUurHcMxiJF77rm756jA49yqWvo1uPkX9xHGDs72x,pumpswap,1791249999,0.000002147,2177.03,2137,2137,0,0,167652.45,167652.45,0,0,0,0,14601,15899,14601,15899,,,-95.73,-95.73,0,0,0,1,,1791268417,0,0,0,0,432,2133,432,2133,100.0
1791268345,5SD3JC3KHQSypAYCm5CcpwrjcasB31qnqBV4HybcKVaz,Nidal,B8vmknbmEsWnqymqKGYSbgdVzpZms6MzNf71MxmU1nLs,meteoradbc,1791248999,0.00008925,,89250.58,89250.58,0,0,11057.28,11057.28,0,0,0,0,372,401,372,401,,,49.47,49.47,0,0,0,1,,1791268417,0,0,0,0,186,164,186,164,
1791268352,FCN2KLyUGT9EddKf8MZYjPce8CWxUid7nWpAx9ograin,GRAIN,FPEUEpKXztY3sQh6hhEYnuDTdmGRWKoHPpLoPEf8ge8q,raydium,1791248250,0.00005946,30279.13,59469,59469,24.98,3846.64,541967.85,541967.85,1,0,68,36,5174,3920,5174,3920,0.62,-11.11,7.45,7.45,0,2,1,1,CPMM,1791268405,0,1,26,49,1915,2151,1915,2151,
1791268350,CzC3Kqz9Gm4sdbkC8371VXCme7AJxHVaLjBB7QGbiTTd,ROOMSPAD,D4WS2VykUmRh19D5hJcSsdCJ3NsY29qUgUjtBopcdMRu,pumpfun,1791251527,0.00004951,,49519.28,49519.28,0,0,59510.37,59510.37,0,0,0,0,561,330,561,330,,,1233,1233,0,1,1,1,,1791268405,0,0,0,0,386,235,386,235,100.0
1791268349,BKddwL4eboJvcoc2Ct5JRypEKMFPkfAXDeG1gAwMpump,SHILLED,2oGShXsBYqPXKGV5HvTKm327ZKTtjaXoAVBQqBYL8sRL,pumpfun,1791251328,0.00004956,,49568.58,49568.58,0,0,45398.1,45398.1,0,0,0,0,541,277,541,277,,,1192,1192,0,1,1,1,,1791268405,0,0,0,0,239,140,239,140,100.0
1791268345,5oYF9aG7rkow6K9yDKzv2yup7xaJqkXm6QNoUYsppump,puter,7WA3rfRv9mnmqZJKdYYfgMXfHYkDLnvHuGRXZG6d6y23,pumpswap,1791250304,0.000002480,2718.32,2437,2437,0,1.04,1069677.45,1069677.45,0,0,0,2,19127,13110,19127,13110,,-0.61,-97.42,-97.42,100,1,2,1,,1791268405,0,0,0,2,6860,6809,6860,6809,100.0
1791268342,2Dg61W1PHZJhxBKPvbvKgMZNu1wVm9Prr6ViDi6bpump,seagull,67XXwaXcbeMYmjx1tXhRpcUEhXyYfqzV8TqvqZpHrZCc,pumpswap,1791260356,0.000005940,4974.54,5611,5611,30.71,1077,48197.15,48197.15,1,0,18,27,683,636,683,636,1.95,-9.43,-88.04,-88.04,0,1,3,1,,1791268405,3,0,12,25,355,428,355,428,100.0
1791268354,HgQjVebc2sfWB7xj3hRc9AqwiQxkPiQwZvASpi36PF6f,Memeology,928X7KbiEscw6GKmMHiqa5ECwCc32wFVqzs8yzDUBCsa,meteoradbc,1791252014,0.00008183,,81836.08,81836.08,0,0,5921.99,5921.99,0,0,0,0,113,136,113,136,,,37.63,37.63,0,0,0,1,,1791268405,0,0,0,0,87,96,87,96,
1791268348,Aq6fdxbaRGt4pa6QHkDVW4eJcHu4c35F3hzohrDvpump,Chiikawa,7NDivQ4e6jRoLStoSFnZdtd25UUpnvKP9ZwdBKRo8jz5,pumpfun,1791252000,0.00004953,,49539.82,49539.82,0,0,51778.33,51778.33,0,0,0,0,247,162,247,162,,,1277,1277,0,0,0,1,,1791268405,0,0,0,0,227,106,227,106,100.0
1791268342,2cBTnwd3CN7ZLa5cVk6gicek9SjHBTe3aHPaBaNYAhL7,ORE,6QsQ9UroE7Aqx6coDnSezk166oeDihKdD23aVx8oE7Ri,meteoradbc,1791251872,0.00005840,,58400.78,58400.78,0,0,2995.37,2995.37,0,0,0,0,105,81,105,81,,,31.51,31.51,0,0,0,1,,1791268405,0,0,0,0,81,63,81,63,100.0
1791268349,B1KBDg5JyykAFd3W8jt9BThiN7yMtmPvxzryhXUPnSxG,Matthew,DK6id5PbFPBv2cczP1wKFSwyL41JusZcBeZ36cLj8t32,meteoradbc,1791252019,0.00005349,,53496.64,53496.64,0,0,5823.88,5823.88,0,0,0,0,134,167,134,167,,,155,155,0,0,0,1,,1791268405,0,0,0,0,102,111,102,111,
1791268355,rQKSyQixT3adsLF7D9WX5xvvCLnd1vf3r56ENmvYQFx,phubber,2q61tV2LrjzxXmLKAWGykZSaeS17GkAqkqjWb2WSsSvB,meteoradbc,1791252001,0.00005957,,59571.77,59571.77,0,0,2560.46,2560.46,0,0,0,0,74,64,74,64,,,34.09,34.09,0,0,0,1,,1791268405,0,0,0,0,63,52,63,52,
1791268348,AhYa9vZXrHLiKSLp5KB2amqnDqmHGTtN26H1TYG3Ft5V,Anthropic,94WrkQPZsWBstcZ3BC6aVa75puwwAxkeXpRAs7fTpXc3,pumpswap,1791251793,0.000002171,2189.3,2172,2172,0,0,73878.36,73878.36,0,0,0,0,4891,6053,4891,6053,,,-95.66,-95.66,0,0,0,1,,1791268405,0,0,0,0,379,912,379,912,100.0
1791268349,BoqQT9UkjxEmN8w6khx6DSgXsZ1fbsfi1563tx7ddx12,Muse AI,AAvVy5LomLTttbqVcNd3DZszuH2TMDEiWTF1R32es9Hg,pumpswap,1791251326,0.000002136,2153.47,2136,2136,0,0,73469.01,73469.01,0,0,0,0,9099,9083,9099,9083,,,-95.74,-95.74,0,0,0,1,,1791268405,0,0,0,0,265,813,265,813,100.0
1791268344,4Bzv5rBesQLtzfmij1mGv2Xg71xEq9fFDKE3R3Zcpump,Gemini AI,FbaY8fZky1EJcX5pgYqP9eJbHYKDkQ9veVCQziaHztMD,pumpswap,1791249997,0.000002173,2198.29,2162,2162,0,0,125584.61,125584.61,0,0,0,0,9617,11019,9617,11019,,,-95.68,-95.68,0,0,0,1,,1791268405,0,0,0,0,478,2264,478,2264,100.0
1791268353,GqcaB5WeoPXHrQAjFoDihzLvF2F7tfXf36j19CL2Cfuf,MUSELY,35r4qP2XKtfkUqHnE6btBTZ5h95iisGr9BJ6uTHfd8Mg,meteoradbc,1791253144,0.000006697,,6697.17,6697.17,0,193.66,68805.88,68805.88,0,0,6,1,660,557,660,557,,7.86,83.59,83.59,0,1,1,1,,1791268405,0,1,5,1,267,239,267,239,
1791268351,E2ye1pnGQTJS2QfkiyiDLofranvL74vJr2MCX2wwpump,slopcoin,8b9CTHCMz8ereeQCVvZZDWui6EAx1aTQiCqUPGP43rPG,pumpswap,1791253997,0.000002699,2682.96,2529,2529,0.48,138.82,104504.22,104504.22,0,2,0,7,1166,1054,1166,1054,-0.53,-14.92,-94.47,-94.47,0,0,1,1,,1791268405,0,1,0,6,568,598,568,598,100.0
1791268343,3AJfvAL3ijqZZxhk3L6d5phAoy8LA1npgQfEUbVkpump,LOANED,6dCcsx8r7vCFfoF4MqxizkT195pht86zwEBN2dQjnpXQ,pumpswap,1791253381,0.000002308,2323.91,2232,2232,0,58.39,73121.62,73121.62,0,0,0,4,618,607,618,607,,-5.64,-95.01,-95.01,0,1,1,1,,1791268405,0,0,0,4,388,432,388,432,100.0
1791268343,3BKPTabPoD5iz7Kii3HREGVoxmyMuESsQqaHFckbCLAW,CLAWPAD,HvpqSzBUSTwm6v7MU3rMqz3ASn9RXRvYDvvs7XU7HRyL,pumpfun,1791248282,0.00001043,,10430.34,10430.34,803.48,3508.73,111523.42,111523.42,12,3,39,38,994,773,994,773,23.79,-11.66,194,194,0,1,1,1,,1791268405,6,3,33,32,443,388,443,388,100.0
1791268347,8dUmnf16Nu78UXePY2tCR8HPXJ1kJYmm68PihDn75Mrp,HOTCOIN,7wfe188VLnBwR1eUHBycUwQt6zSegkVXc6jAiyFo5jJL,meteoradbc,1791253717,0.00009175,,91758.7,91758.7,0,0,4360.38,4360.38,0,0,0,0,92,87,92,87,,,54.23,54.23,0,0,0,1,,1791268405,0,0,0,0,70,68,70,68,
1791268353,FZiFKW5mcivFsiRf9634MacNcG1vm7YebTYbuBZKsj23,Bottom,6pgioUZbUv7tKTYyZo3HKMyNTivzFxqTMhZiTJ3p7d5F,meteoradbc,1791253791,0.00003551,,35511.05,35511.05,0,0,4647.73,4647.73,0,0,0,0,125,147,125,147,,,79.09,79.09,0,0,0,1,,1791268405,0,0,0,0,100,109,100,109,
1791268355,aE58pAizXF3CjqYDQyAYeKEru2bT49UhvHTi439duaS,CZech,CgPPGVbWnDXzjSuEm8vkphqP4LeasUzxt5G1kDybPQFC,meteoradbc,1791253739,0.00004171,,41714.83,41714.83,0,0,2280.05,2280.05,0,0,0,0,52,37,52,37,,,164,164,0,0,0,1,,1791268405,0,0,0,0,47,35,47,35,
1791268349,Bj7CKwspEUebT4UpvWYKRCdxFXUhfWBW5EYwTLCNpump,CZech,5JNi3b4M9kFRmDHTnjASa63MKuEZEd7VBQzCqqNBarjY,pumpfun,1791253181,0.00004948,,49482.3,49482.3,0,0,10237.19,10237.19,0,0,0,0,7,0,7,0,,,1365,1365,0,1,1,1,,1791268405,0,0,0,0,7,0,7,0,
1791268345,5rwFDakLcb643w2z5bQjhJHaTHNbsqqR5FfzrkVDpump,YouTube,7BUkU6fcxdZBaJvtdzbjQHwARq7BeZG9V2Xv2yjowa4U,pumpswap,1791253201,0.000002186,2233.78,2176,2176,0,0,305712.19,305712.19,0,0,0,0,11774,7390,11774,7390,,,-95.63,-95.63,0,0,0,1,,1791268405,0,0,0,0,2677,2737,2677,2737,100.0
1791268345,6B1Eno3yqoJxvdq3TtmY9P4we9Y9WmQxLtp4H8N7T3HZ,MOCHI,5UFAiKKoJDPeu9McKYifQFC2xKGuSGVtBsuR44h1k939,pumpswap,1791253634,0.000009663,6995.82,8851,8851,6.18,36.23,184578.86,184578.86,0,1,4,6,2208,2230,2208,2230,-0.14,-0.12,-80.2,-80.2,0,0,0,1,,1791268405,0,2,4,7,1022,1138,1022,1138,100.0
1791268350,CdpyWdiN443YMAGZMmQ4HMMymeprtdKBmnrDPyedtU7t,Mr Beast,3jtB59HzKxiKxf1qrQ9Fa6Rym9i4NWj4c6cgsL2yRn79,pumpswap,1791253461,0.000002137,2151.69,2138,2138,0,0,96553.7,96553.7,0,0,0,0,8396,8591,8396,8591,,,-95.74,-95.74,0,0,0,1,,1791268405,0,0,0,0,391,928,391,928,100.0
1791268347,9NEGAPZd4NzWbC24im1jY5BtDYFUq9ZVLpDvims2pump,Bottom,B5ZN14AFtP2eFt6R4gK9wNVGfcKNXWcEukSBfH3ha7P6,pumpswap,1791253694,0.000002643,2842.19,2587,2587,2.86,17.04,1054066.9,1054066.9,1,0,2,1,5463,4055,5463,4055,0.59,1.5,-94.73,-94.73,0,1,1,1,,1791268405,1,0,2,1,3516,2007,3516,2007,100.0
1791268355,qP9aq9UN6CQJKPaZoKhVPFVg3VKWkvTbJgmUbpspump,phubber,CQVXEi1m2PRqY4tpZa1kcX2oivXa28LsM8qc3Krq52Pb,pumpswap,1791252930,0.000002130,2147.98,2116,2116,0,0,85069.65,85069.65,0,0,0,0,8901,6306,8901,6306,,,-95.74,-95.74,0,0,0,1,,1791268405,0,0,0,0,2332,837,2332,837,100.0
1791268351,Doa3DTRg2sJA6MTjF4ny9XGyUXqc8SsdJX1iyn2upump,Mercedes,EeGUAHuV3yd5k2MMXHX94DZC1VhLTfCnzfHnP8tkTZQ,pumpswap,1791252871,0.000002138,2163.06,2127,2127,0,0,128195.18,128195.18,0,0,0,0,9814,11484,9814,11484,,,-95.73,-95.73,0,0,0,1,,1791268405,0,0,0,0,429,2217,429,2217,100.0
1791268351,ETFjaBPkCpALk4B4oj2BhRBhb9zuVfZRa7MHMSygpump,ETH,6HqfAQ2Fe19wTuWFadkRgpmmLDz9Ke1V5bqFSRcRo7ha,pumpswap,1791253241,0.000002132,2156.65,2132,2132,0,0,109112.28,109112.28,0,0,0,0,9473,11088,9473,11088,,,-95.74,-95.74,0,0,0,1,,1791268405,0,0,0,0,407,2105,407,2105,100.0
1791268350,BvvWeJ1fDUDRfyBBaQ4eTXLjXx8CcR8nuUrpyfuNpump,PLUGIN,2ryZ5yx4oT4Pohm5hG6TWzCXGZTFfsdXtGEhSJKqjLgs,pumpswap,1791252736,0.000004204,3996.08,4086,4086,0.09,67.03,377596.98,377596.98,1,0,4,5,5005,4371,5005,4371,0.33,1.62,-91.39,-91.39,0,0,0,1,,1791268405,1,0,4,4,2040,2008,2040,2008,
1791268343,3Hpjq8qGcswo5cvfcqomefe4dF7hsJ7nLuipehZ2pump,AD,HeJpqeGVUm55Bff9DRkrQxYXNo9dGKpqAFwpyWtwU6cm,pumpswap,1791256514,0.00001379,8903.41,13352,13352,103.38,5540.05,359175.27,359175.27,1,6,83,74,4155,3476,4155,3476,-2.91,24.94,-72.18,-72.18,0,0,0,1,,1791268392,0,3,55,48,1783,1750,1783,1750,100.0
1791268353,FzPujTgKNJVim7YYa5HYHngGtf19QwV6ACJ1zDLWpump,UP,5fAjXZGX3eMkyzGmuKTSEM4CRjVQXdj1R7ge4s4TPyd8,pumpswap,1791254341,0.0005017,71905.03,486564,486564,5107.69,192399.75,5214634.79,5214634.79,35,40,1083,1037,29712,24220,29712,24220,-3.82,-7.67,928,928,0,0,0,1,,1791268392,17,27,577,596,7917,6785,7917,6785,100.0
1791268345,5ngVCYuaNwDDcQd5nhbPi7PrqrUFZRQs1DN3i9Lspump,BAND,MvF2HJXWoQCT5wBjhoZ3RuP1hZttb1Sj3bPHDNDr4NF,pumpswap,1791254250,0.0001412,32891.17,137298,137298,0,8435.69,240298.1,240298.1,0,0,25,47,1383,1266,1383,1266,,-38.81,182,182,0,1,1,1,,1791268392,1,0,19,36,785,742,785,742,100.0
1791268342,2rGAtKvntAJJBxTvTkHmEpQSaztQQbeFVk2bS8KPcRy7,DEXHOOKS,91QBiASs3UV4fGwcKomv3xaz5GQKEQ4Q9K44i6mxDXbL,meteoradbc,1791255526,0.00005595,,55953.09,55953.09,0,0,3834.84,3834.84,0,0,0,0,167,153,167,153,,,26.17,26.17,0,0,0,1,,1791268392,0,0,0,0,128,100,128,100,
1791268348,A7rshCyU2tnHCnn8SxyZeb7mCf4NxHkGZE7GxQYpump,USDF,ECXgmivfjjhM7ojrapSLZEAKU9eWBC3EbKnWohN4NcB5,pumpswap,1791253858,0.2239,1371632.98,223955743,223955743,2167.86,33720.38,766055.34,766055.34,250,4,3525,69,16959,303,16959,303,0.34,4.2,446323,446323,0,0,0,1,,1791268392,174,3,2805,12,3067,65,3067,65,100.0
1791268355,PUXx1iSexu15p8FLG4FoFyRpyVtARFEf6CYbUzopump,UDR,FJZM5V1ZEEQzi2pAAp6VFsUqZrj6fuscdsjh1DnLDGQR,pumpswap,1791254602,0.2554,1465888.64,255446045,255446045,3418.17,53024.32,1155764.34,1155764.34,265,5,3611,66,18382,792,18382,792,0.67,8.25,510024,510024,0,0,0,1,,1791268392,168,3,2418,11,3098,117,3098,117,100.0
1791268345,5JKdcnWvb7NE3MhvgcucuSqEkCqp6zc6tzLL4ioQpump,Microsoft,CNYufQbeg8TDaWH1QCBDoaRgtBX7GQAibgke9ngpPA6Z,pumpswap,1791254332,0.000002139,2175.33,2130,2130,0,0,219922.79,219922.79,0,0,0,0,20211,20571,20211,20571,,,-95.73,-95.73,0,0,0,1,,1791268392,0,0,0,0,462,1480,462,1480,100.0
1791268354,KcXxFQb5hMACb2QChSYAH8bv5stdRKbXryr7zeWrVSa,Speed,6Qo7udd8Wqvj5i5anPFs389x6tWMzAThXmFwytiMw1gc,pumpswap,1791254348,0.000002136,2167.95,2129,2129,0,0,144930.04,144930.04,0,0,0,0,13609,9086,13609,9086,,,-95.73,-95.73,0,0,0,1,,1791268392,0,0,0,0,244,788,244,788,100.0
1791268354,GyWkSn2ah7dqLyPeZAjEZmfxuU2H4nwfGvgJhfYDVegn,bul,CNwmUoEhUfXQ2y1hfQ67TTNks8ziS3EuJY6ksfSSpsPh,pumpswap,1791221531,0.0001876,39784.93,179471,179471,1588.33,15088.1,199075.72,869740.22,4,16,113,99,1595,1242,10054,7439,-9.61,1.31,198,286,0,0,1,1,,1791268392,1,10,82,80,703,616,3151,2879,100.0
1791268348,9XY2jvgQFvdRteed2eDDG8DWQ5XdT5NHSTtJdk2PyYiN,AI,7QikuqiJpUZGWAq49eTKxoNYQ59MFkfPbQBc2qnb3pvE,raydium,1791250875,0.00001663,12076.02,16632,16632,0,3665.11,118950.73,118950.73,0,1,27,34,1078,945,1078,945,,-4.5,-66.89,-66.89,0,0,1,1,CPMM,1791268392,0,1,25,25,594,599,594,599,99.9999999871613
1791268343,2w8UefTera7otuMUu4yq1JL5LpaELUWwxn8BFCkypump,BD,9foyXxTCUExMK7BtSZiYdQ442P4EMG3w5zntMAFjC3YM,pumpswap,1791256960,0.000004207,3854.15,3949,3949,0,280.64,91349.62,91349.62,0,0,5,7,1443,1281,1443,1281,,6.62,-91.33,-91.33,0,0,1,1,,1791268392,0,0,2,8,704,784,704,784,100.0
1791268353,GWnejXFSxZs3NWs4uhd7oMXBzLjeozLDiqDGQ2Pqpump,UP,4981M2JBJRy4hyi9YrnQk9LMiRF6X49fjTwyumsHNv52,pumpswap,1791255711,0.00001208,8463.09,11836,11836,15.63,1188.47,951506.38,951506.38,1,3,21,35,8004,7133,8004,7133,1.31,-5.41,-74.42,-74.42,0,0,1,1,,1791268392,1,1,19,32,2509,2336,2509,2336,100.0
1791268348,AG7p7LsvZeyvCCaXGAzBKb2n1tXRnhbkV3Ao9WEpump,$PEST,7PBrLTEoCBtRS7A4pRqzUUkwaREENtsxhy8b56Ka23LS,pumpswap,1791250567,0.000002400,2395.48,2311,2311,0,9821.79,27693.75,27693.75,0,0,181,12,493,197,493,197,,-96.08,-94.88,-94.88,10,0,0,1,,1791268392,0,1,4,10,121,122,121,122,100.0
1791268342,2nZogkycisNxwyCakoZBBWzc1LEjwjiD8rjnocf9uh5g,Apple,GzMpJo8k86a8PSts6vTWAGb2PPe8TWbqiVbPEbdGBHCQ,pumpswap,1791257404,0.000002343,2355,2343,2343,0,0,72742.63,72742.63,0,0,0,0,4642,5845,4642,5845,,,-95.3,-95.3,0,0,0,1,,1791268392,0,0,0,0,390,918,390,918,100.0
1791268350,DAJyFcENN2GYA5PNQykTLkH351HH3MokBy4fTaNkYeNn,‮PUL,7ZeW2R1n86RNCXaMxJJhZPsNtXPFhwm6jZKbGChZYEmZ,meteoradbc,1791257372,0.005983,,5983692.2,5983692.2,0,0,1861.57,1861.57,0,0,0,0,151,32,151,32,,,17.29,17.29,0,0,0,1,,1791268392,0,0,0,0,9,4,9,4,
1791268352,F6VDUiDxqjNX3Q2fXJB7jKuWa87B61TssuCZjDQJoD7w,GOONCOIN,ChoCS88Wyi37UyXmL8FeibSjB12BkupsEU2FkPqGe83x,meteoradbc,1791257368,0.00003590,,35901.97,35901.97,0,0,6740.14,6740.14,0,0,0,0,105,161,105,161,,,96.07,96.07,0,0,0,1,,1791268392,0,0,0,0,78,113,78,113,
1791268351,DadbL7wK9dn2RPdfybQ5kU8zewWKVxWv4ayvuituQVKf,CRAWLTEK,8cH5XYV5PdRqNkKJ7Sf5MUioH6noRGZVZj4svibdkLuG,meteoradbc,1791257418,0.00005964,,59640.8,59640.8,0,0,9348.73,9348.73,0,0,0,0,418,441,418,441,,,34.68,34.68,0,0,0,1,,1791268392,0,0,0,0,191,186,191,186,
1791268349,B8WEA2TncwRn5PEzPMwrLPEHZ92TtTh8b71CEXxHpump,watk,Rd4VBMMcQERixTn8ApaaiZ3XQhfiko2RcGvQ84x4ZSb,pumpfun,1791256676,0.00004936,,49363.14,49363.14,0,0,10212.54,10212.54,0,0,0,0,7,0,7,0,,,1365,1365,0,0,0,1,,1791268392,0,0,0,0,7,0,7,0,
1791268350,Cw9qbBnpgqUc53KEEuy7DijUrpyg6ZVjMuC32rLLpump,KAI,5P2x6xawCJuaKKKjNrNW4FXBCagZJdqgEJj9mzMF3goc,pumpswap,1791255792,0.000002133,2161.69,2133,2133,0,0,143492.9,143492.9,0,0,0,0,13358,15111,13358,15111,,,-95.73,-95.73,0,0,0,1,,1791268392,0,0,0,0,481,2163,481,2163,100.0
1791268350,CNWXKgcbotCfhjSNgKPmqEcpCKZA19mvpmk5PHjRpump,AGENCY,G9oEpgvwkKDSnnnRhuMx3g3zm3DtdPXHUNiZgTb69SEe,pumpswap,1791256435,0.000002612,2984.02,2562,2562,0.02,143.28,1432786.59,1432786.59,0,1,6,3059,13867,8913,13867,8913,-0.43,-10.01,-96.69,-96.69,100,1,1,1,,1791268392,0,1,3,2518,5788,5761,5788,5761,100.0
1791268350,Czhu3aUz9ufyRwwJRNddYisceY4hAjhmz139AGVP8ke,UP,AifuAUH5igHjz55bntzHsGy7mkab8cDxN2SttDEUy8mS,pumpswap,1791255400,0.06143,0,6143934135,6143934135,0,291208.91,19677535.31,19677535.31,0,0,333,236,16994,13385,16994,13385,,4594523,11829182,11829182,0,0,0,1,,1791268392,0,0,21,19,2020,35,2020,35,0.0000000000493125500955469
1791268344,4NxECG7ambxBypoBCMhKfJbtxQGtFWG4KGewvUBypump,SpaceX AI,5SX63ZmhbqNnRycNJuui2mJyM5UXf4iPzHViX1bPUhs7,pumpswap,1791251710,0.000002160,2197.39,2151,2151,0,6.53,261912.91,261912.91,0,0,1,1,10700,6473,10700,6473,,-1.65,-95.69,-95.69,0,0,0,1,,1791268392,0,0,1,1,2821,2795,2821,2795,100.0
1791268347,8fBcx1fb5qRknGN9yqeg1gZLkR1LMVwycwAoiwNUBitG,WINNER,4GWGMjCTdcqgi7GCFXQtDd592dkGngdFyFFJ52f3iWna,meteoradbc,1791258931,0.00005943,,59431.33,59431.33,0,0,7361.82,7361.82,0,0,0,0,290,275,290,275,,,34.42,34.42,0,0,0,1,,1791268380,0,0,0,0,159,142,159,142,
1791268344,4iytnEdLP6hMfpJVHvjaeMwWScFggZTipmZYEkYp72A7,PONS,91bZiessPUpnq1oiBRN4fHQQzwkHZYP2SMGjWRKcNJ38,meteoradbc,1791258980,0.00005841,,58410.96,58410.96,0,0,5092.82,5092.82,0,0,0,0,186,168,186,168,,,32.13,32.13,0,0,0,1,,1791268380,0,0,0,0,129,106,129,106,
1791268351,Dm5fSm8dCKdHvmKVpXYTcWX5CJWbKCDs4yAnBhCspump,SLOP,7yCUjJsRw4fHca7No4gDwkhE58M6jTsYCUjzTJqJVep6,pumpfun,1791258505,0.00004931,,49313.84,49313.84,0,0,81208.1,81208.1,0,0,0,0,1045,644,1045,644,,,1293,1293,0,1,1,1,,1791268380,0,0,0,0,683,343,683,343,100.0
1791268348,ANQXf9yw7DaNzFUSfEyCQEftpVFTPhp4cstQXFo2BAGS,COCA-COLA,CpPntrPdD5v5MHJjF8DTVzysus9AzFurK9jG4fJ9DyVm,bags,1791259012,0.00006727,,67271.72,67271.72,0,0,12.94,12.94,0,0,0,0,3,1,3,1,,,0.05,0.05,0,0,0,1,,1791268380,0,0,0,0,2,1,2,1,
1791268351,EJg8KfJuKLsAB6j23YBD32cXpS56YkWAxwuGUUfnU8jS,Contagion,AyUNM91QViae2D3dEEy18N4nEKTWYKKD2iQe2imVLM83,meteoradbc,1791259052,0.00004008,,40086.39,40086.39,0,0,5482.82,5482.82,0,0,0,0,167,169,167,169,,,143,143,0,0,0,1,,1791268380,0,0,0,0,119,109,119,109,
1791268345,5cRortRnSRP9CKmd6s8n5S9BgCcaodNVGMUPEUk3kEbf,ZEC,DXTLUyBQF4kFmPyED41VJmWdbxcES5jwHf8VsfyWyBoD,orca,1791259067,0.01020,4998984.18,10201991,10201991,0,0,3007.36,3007.36,0,0,0,0,1,2,1,2,,,-0.6,-0.6,0,0,0,1,wp,1791268392,0,0,0,0,1,1,1,1,0.0
1791268352,FTAVDr4E9MLuuqJee9CE6gArncx3SuZLfdU5J7172bqf,DINDOG,D2Lz8ebqfiKVzkX11jiB6tPgQ9gTt2bYwwhRQGK15BF8,meteoradbc,1791258675,0.001198,,1198443.19,1198443.19,0,0,1967.66,1967.66,0,0,0,0,146,25,146,25,,,17.44,17.44,0,0,0,1,,1791268392,0,0,0,0,8,5,8,5,
1791268349,B7TwS78jJa22MJEnS5qeLaNMvLUJDG11eep9VAaD3zdx,AIJEAN,41NiPsoknuvvVZr2AAau71sdGiD8UzpxPGstfpbg8gbV,meteoradbc,1791258968,0.00004349,,43498.36,43498.36,0,0,8099.45,8099.45,0,0,0,0,124,167,124,167,,,194,194,0,0,0,1,,1791268392,0,0,0,0,97,125,97,125,
1791268352,FNJD1usakAgDjoPAVpJi1gKLsxaL1mpsbwLpbeAk5x3V,Agency,AZ5RWvX4PY1YnKeWAZxnRnmw4rVucU1uJtS9gmTs4sEw,meteoradbc,1791259051,0.00004624,,46244.9,46244.9,0,0,8274.04,8274.04,0,0,0,0,94,96,94,96,,,180,180,0,0,0,1,,1791268392,0,0,0,0,83,76,83,76,
1791268350,CcbbD5mKejqgegKrqWzqeeKhLX53wbB3F4vsGtscpump,Contagion,8aL8GBt9HSsoy1yBjqSV7rVuGMqeWJmiyMeoN5byJthk,pumpswap,1791258050,0.00005402,20260.38,51947,51947,3836.03,19154.45,768528.06,768528.06,20,16,246,202,10149,8276,10149,8276,-4.95,-1.68,9.32,9.32,0,0,0,1,,1791268392,2,4,140,137,3303,2898,3303,2898,100.0
1791268351,Dcth9jjLRFtB3TQu9TYtYVK13iMmz3gbUvthV2S1pump,Coca-Cola,5VqEpaZYMM6of2xgE2Tcj8csjAYT5eyLrzf2hvUGS5qz,pumpswap,1791258806,0.000002172,2206.24,2163,2163,0,29.01,204299.31,204299.31,0,0,0,1,18549,19662,18549,19662,,-2.67,-95.64,-95.64,0,0,0,1,,1791268392,0,0,0,1,482,2163,482,2163,100.0
1791268345,6VXSVmPBHkbbb2yzYGo1UhyBNEzUWGCaRjrwRsQLUkt9,Nike,2hqEvPgh2KhbzLhT8VQTr5tLdrgzGhgE5U7zSWvfWAU9,pumpswap,1791258836,0.000002148,2165.88,2149,2149,0,0,73129.57,73129.57,0,0,0,0,5176,6254,5176,6254,,,-95.69,-95.69,0,0,0,1,,1791268392,0,0,0,0,380,343,380,343,100.0
1791268350,CTY5bvh1Bg6d4XeWqi3XD81vDEo7kD1MuwstxsoApump,TikTok,G3LMyBepugXKE7tfwymWABSnwDwHLYoVr5LFcZsVEHru,pumpswap,1791257734,0.000002137,2162.07,2137,2137,0,0,122345.24,122345.24,0,0,0,0,9252,10561,9252,10561,,,-95.71,-95.71,0,0,0,1,,1791268392,0,0,0,0,485,2257,485,2257,100.0
1791268354,H5jPddNVcAC4qXJ37mLaPyoHDYhCtX2Gapg4gCtxtKhv,монета,2a9xABPFEtpudtse2Nrz1FjvLSSNX9s1RnwAtGTKLsE4,pumpfun,1791259207,0.00004940,,49400.12,49400.12,0,0,82265,82265,0,0,0,0,1046,669,1046,669,,,1117,1117,0,0,2,1,,1791268380,0,0,0,0,671,408,671,408,100.0
1791268347,96tou2bakUgNhGRZvBFm2LctDQRgdyFNyV9UuEVZpump,HALLOCAT,8ybqUu2WrdpYcFXj9Nmazp1yxSKrMVG6mXU7V2idD68U,pumpfun,1791258774,0.00004931,,49313.84,49313.84,0,0,33011.42,33011.42,0,0,0,0,333,233,333,233,,,559,559,0,1,1,1,,1791268380,0,0,0,0,107,47,107,47,100.0
1791268343,2xqGqAsUYV3ZkwqCJJ4xX9e4qHajeFwYTZjFszG6pump,MONK,7DZhv8vvj8xui6SHLfkz9akKXVhEr8T6kixBiPwPNvGY,pumpswap,1791260873,0.00001704,10023.05,16397,16397,719.83,9998,245635.39,245635.39,7,5,154,185,3799,3016,3799,3016,25.19,-21.86,-65.55,-65.55,0,1,1,1,,1791268380,5,2,92,136,1599,1518,1599,1518,100.0
1791268346,7iGLcU63CcdNZ3vHvvr8a963XdzVcd7Z5YjejRpLa2D,CLM,34RvwMYXr2R5Eoh24D7mTs8D8ZESWRmkiWcL3WHd6BzF,meteoradbc,1791260735,0.00005836,,58367.39,58367.39,0,0,5041.11,5041.11,0,0,0,0,101,117,101,117,,,218,218,0,0,0,1,,1791268380,0,0,0,0,69,81,69,81,
1791268355,bGZCaLaaten7NK8aAcFjw2bTCN4J47YADmKwmvpEN9S,SLOP,BRmNJzFcEkgRdsWKNzBQmbBwMgRfzYZqVpi75wxQFt1k,meteoradbc,1791260792,0.00007930,,79308.98,79308.98,0,0,2043.67,2043.67,0,0,0,0,40,29,40,29,,,418,418,0,0,0,1,,1791268380,0,0,0,0,38,26,38,26,
1791268351,DnaysLV3b4ax7bX8B9wLAcR7Nrghiz7k4vLUX1qssDCw,SLOP,CgHCe7x744mNAn6j3o1F9izVhgUdf8QZhVzngFTTkz7T,meteoradbc,1791260732,0.00008318,,83186.07,83186.07,0,0,1994.45,1994.45,0,0,0,0,38,25,38,25,,,443,443,0,0,0,1,,1791268380,0,0,0,0,36,24,36,24,
1791268349,BVfotiF9WYqztEm1exb3qwC4XrZvEvTs6tB3JHczeXg5,seagull,3KXmTEREcHUPCeaRVHau7mmvLkh8hD6A78jpm9gm8nsn,pumpswap,1791260729,0.00006909,63124.24,69096,69096,30789.48,452631.44,913549.05,913549.05,91,81,1249,1215,4588,2564,4588,2564,33.42,78.2,341,341,0,0,0,1,,1791268380,35,33,50,50,2063,56,2063,56,0.000000000967448927482356
1791268355,qyNMpfcMrY3gPd1QT57vDuk69oMcbzq9zCrnr6Dpump,RUSSIAINU,A2V13V5LrfiQtNvyUkwRtfTBLXvs1oJ93TRWLCB9KDvi,pumpfun,1791260781,0.00003054,,30543.92,30543.92,0,0,16579.58,16579.58,0,0,0,0,82,58,82,58,,,662,662,0,0,0,1,,1791268380,0,0,0,0,10,10,10,10,100.0
1791268348,9ZDtQL9inSf5ZtqcnnKRBePaKPWxkktwLhraNcL2pump,Chungus,9Jk1soZbipQDjzm2inEz5jthnsxikGgBCrnhQmdXA35o,pumpswap,1791260658,0.00001454,9198.17,14143,14143,157.72,9828.62,324175.43,324175.43,9,0,116,101,3993,3531,3993,3531,6.36,7.12,-70.58,-70.58,0,0,0,1,,1791268380,7,0,59,52,1478,1514,1478,1514,100.0
1791268342,2rghEsBnW5k9sm54NQpacZ92ABPw1eTS4bC17osmfvLU,FOMO,5xY5npPLNma1nEx5BCwh3bg3vUTUmd4byaksDwbDY8vZ,pumpswap,1791260611,0.000002137,2159.37,2138,2138,0,0,83544.78,83544.78,0,0,0,0,5006,6096,5006,6096,,,-95.72,-95.72,0,0,0,1,,1791268380,0,0,0,0,396,925,396,925,100.0
1791268345,6Y3j7MVAB2eWZt9NMR7pY1RHVuvzU6XtcqmBmgVkw6CT,DEFEATED,HkzHr53e2bR6QPnxFzJVK71Nf9hm2RWVhE1jWoznXYRm,meteoradbc,1791260268,0.00004650,,46505.16,46505.16,0,0,19883.3,19883.3,0,0,0,0,507,650,507,650,,,241,241,0,0,0,1,,1791268380,0,0,0,0,196,202,196,202,
1791268345,5KpboCBQ3EA2U3gx9z28kFwg2Ez2kAALTpPCqyj2pump,FieldAI,2DjQin4dAhGCVo41Dv2VNxfL1xwKXF5b83xGiTKxTHse,pumpswap,1791259437,0.000002137,2166.04,2127,2127,0,0,141007.96,141007.96,0,0,0,0,12780,14182,12780,14182,,,-95.72,-95.72,0,0,0,1,,1791268380,0,0,0,0,506,2197,506,2197,100.0
1791268355,Ph1ie3e4aMXCEVCjTcTzkyVhTRC7k9kpkq5MKSUpump,SARP,EpakUVUmyi5LaxeRKCu1JTn8dG61xdZG6vG4acPZVsJa,pumpswap,1791252566,0.2720,1512224.93,272095268,272095268,3222.52,46976.83,832971.6,832971.6,265,4,3594,64,15088,311,15088,311,0.57,7.38,543408,543408,0,0,0,1,,1791268380,139,2,2427,6,2993,46,2993,46,100.0
1791268348,A7dfpukqXU3Qx4pzHotSLFzspDnYzME1X2PTxG3rpump,BEYOND,3h9UWF3a4NMUSJMv5wV8yuYuro1FF7Tc3fv8Ypvc7ktz,pumpswap,1791259803,0.0001571,35785.5,152091,152091,7088.09,201747.59,680754.83,680754.83,41,14,935,446,5252,4078,5252,4078,9.21,38.98,175,175,0,1,1,1,,1791268380,22,9,516,287,2949,2538,2949,2538,100.0
1791268347,8cp1WhUDxTbfX8nDe1kAB1ogPUyQvUSKgzFz365LbQyZ,CAESAR,9ebYNt7c7aZtaKQS8UPbCT6gdzyXWAje3x8Ca28ysyGT,pumpswap,1791262262,0.0004517,64757.2,436255,436255,22037.71,1181700.53,1869735.68,1869735.68,252,180,10694,7911,19193,14597,19193,14597,-2.49,103,814,814,0,0,2,1,,1791268380,113,94,3764,2963,5902,4636,5902,4636,100.0
1791268346,7PBEBENwvvaax9PSAAPKZrJr6J2skuNneBkZEMGDS7v9,ROOTS,GtnFPoSLjm88FdnzvaQfs1MhEeAGZtQFhrSDTw5EzfDu,meteoradbc,1791260701,0.00005094,,50947.9,50947.9,0,0,24747.94,24747.94,0,0,0,0,178,78,178,78,,,1442,1442,0,1,1,1,,1791268380,0,0,0,0,137,61,137,61,
1791268352,FKpPA1niS6rrs5HeXv5eiaDWcpM7pyRFvLoxLM28pump,CPU,9Pwf8Wk5DQBAmKQsfAZPfLQHTB2KBkq2aT64JBoVTbPA,pumpswap,1791261461,0.000002262,2383.08,2232,2232,0.02,34.64,507962.26,507962.26,0,1,0,8,6550,5190,6550,5190,-1.49,-3.56,-97.64,-97.64,100,1,2,1,,1791268380,0,1,0,8,4207,4184,4207,4184,100.0
1791268351,EToYWx8tyhZ71AsYc2BPS6gdguFbNDzkz8DCSLfmnqFw,BSM,dZ4CYvfz8jt47hsgJjHLcUg4MRNPfDVS187nRofLJ9x,pumpswap,1791262729,0.0001114,94001.62,111494,111494,25675.92,347912.6,547675.49,547675.49,221,199,3041,2716,5829,4300,5829,4300,4.85,123,480,480,0,0,0,1,,1791268380,73,68,101,101,1118,111,1118,111,0.000000000800982101575293
1791268344,5GGKSubrsKKovu7mKMRCm9mXn4VeU67v3EMsEqifiaSX,BSM,5tT3NrBZ6Z4prXFvwLd3mHj8mSmoYxvygtpuX6b3GuRb,meteoradbc,1791262815,0.00004763,,47630.25,47630.25,0,0,1842.94,1842.94,0,0,0,0,54,40,54,40,,,222,222,0,0,0,1,,1791268380,0,0,0,0,51,35,51,35,
1791268345,5VnbrKp28Qs9CAH6PyZdxBNvLxZcbeX3YBsozgWnpump,darwin,53W7r4XUxCSnLGoAvj3nPiXnSzyWGZkYHVavYtLpyaXM,pumpswap,1791078359,0.001194,110884.73,1131676,1131676,24680.22,992797.43,2854163.05,2894689.12,178,164,4364,4074,12665,11333,13083,11825,0.15,52.35,17599,3184,0,1,1,1,,1791268380,84,80,1705,1750,4284,3492,4419,3693,100.0
1791268352,FKB4cff48QyEyKDkPdmqV3AAUEZKZJPWnAGCEcxmpump,LIQA,CXCb9E8qpdsVFGL3qPWBFzpiRhA8j8KhLcybGyyVUy71,pumpfun,1791262594,0.00004937,,49379.58,49379.58,0,0,10215.94,10215.94,0,0,0,0,7,0,7,0,,,1369,1369,0,0,0,1,,1791268380,0,0,0,0,7,0,7,0,
1791268347,82m71aR7LsxFevssiC6cV1reMHyQC1FqsPT45guDPFV2,Ada,BS2o5N5GswfTC94oBiR7UsKjAnTxF8ey8yxZrYWfjBQJ,pumpfun,1791260580,0.00001879,,18790.55,18790.55,565.09,20335.87,168899.71,168899.71,19,7,253,167,1784,1163,1784,1163,8.95,-34.03,447,447,0,1,1,1,,1791268367,4,3,111,123,736,621,736,621,100.0
1791268348,AQt6Bzu2MuGZjXKWhjDzh85kkkgGK2LjirB14kyX6mgp,THESIS,8SbvxLLbkhE6gbj3WqbjjdP8X8nQsoSGQhXrtCNNdKYo,fluxbeam,1791264424,0.001520,569.87,1520133,1520133,0,8893.87,10798.07,10798.07,0,0,248,0,301,0,301,0,,293,913,913,0,0,0,1,,1791268367,0,0,21,0,21,0,21,0,0.0
1791268349,BUokbRZPHw3AqGAo12hLXyUiJTLSKi9cEkcV8wDdFeZJ,CAESAR,6mhLQGkg7zAknWNfwuTfYCaTdxeG9MmJPcygwmjzjTT8,meteoradbc,1791264415,0.00005992,,59922.71,59922.71,0,0,7172.83,7172.83,0,0,0,0,285,259,285,259,,,35.51,35.51,0,0,0,1,,1791268367,0,0,0,0,156,140,156,140,
1791268353,FzoDg7fStXPGDqUGs6KRB4qQniWuFk9922gjcoTanxKT,GATEPAD,HjJzyU1c7KUg4AyASsQPLhwszpRPDdmTey4xZ1cFD6UP,meteoradbc,1791264381,0.00004370,,43707.87,43707.87,0,0,1319.89,1319.89,0,0,0,0,1,0,1,0,,,,,0,0,0,1,,1791268367,0,0,0,0,1,0,1,0,
1791268354,J3NQ8xh2oibHvjum8jcLWwigLyMsWyomqZySzSUZBAGS,ROBINHOOD,KY61a89KPTnMWHuc6DZYdwG1uNNMyK7Sc2GzVpmoB5Y,bags,1791264385,0.00006732,,67322.23,67322.23,0,5.88,120.35,120.35,0,0,0,1,6,5,6,5,,0.09,0.1,0.1,0,0,0,1,,1791268367,0,0,0,1,6,5,6,5,
1791268342,2Te3F9xwim7Xg75G52BMzJwVSoim7fsxBcbRZ51Lmoon,PATCHFBI,5tqPgUPYsJbtfibH8iHg32eAvVKnZdkWZYqtCGzD3FzN,pumpswap,1791264381,0.0001020,0,102007,102007,0,2338.27,44935.11,44935.11,0,0,24,4,205,54,205,54,,7.13,86.33,86.33,0,0,0,1,,1791268367,0,0,102,25,205,54,205,54,0.0000000000149997863080227
1791268344,4sVUAEZ6Qi3Rovh7t64LUb6K3DhrNpdpcaJ8iQNfBAGS,TESLA,GAWqbSY4DuBau6Qok4QSmjcMj3Vg94WwBcJvDcBjD8Wv,bags,1791264398,0.00006725,,67258.26,67258.26,0,0,1.17,1.17,0,0,0,0,1,0,1,0,,,,,0,0,0,1,,1791268367,0,0,0,0,1,0,1,0,
1791268344,4dekGZnRHzCjLseW8QMuwyYFpgDUDWfe8u8u6ywKw64B,Robinhood,AiNmzBK7JfJ18tM9rHnSdeYzNiRZz9SJMnpiLxY27R1d,pumpswap,1791264222,0.000002206,2224.11,2206,2206,0,1.93,69203.48,69203.48,0,0,3,1,3249,4855,3249,4855,,1.52,-95.58,-95.58,0,0,0,1,,1791268367,0,0,306,859,349,895,349,895,100.0
1791268351,E2aH2DacQFhD1VNUvPogjBkrPLPKzrJxXLELmSF7pump,PLAGUEAURA,DUdHWUUzoGD4FcE9EvdikK44fwzkd3DfsVJZkhZR3Fhc,pumpfun,1791264022,0.00004933,,49330.27,49330.27,0,0,10205.74,10205.74,0,0,0,0,7,0,7,0,,,1369,1369,0,0,0,1,,1791268367,0,0,0,0,6,0,6,0,
1791268350,C8aAWF2WvGYHDhu5nmtfeqMWHWYZJYMRG4hAiWgrpump,Tesla,4QN3ZzQN1a5wrDcu5rvVHi52koWPQG8XMKswmK8tPKY4,pumpswap,1791264208,0.001922,125378.51,1912115,1912115,6927.69,92868.23,121186.73,121186.73,1210,1079,15807,15365,17867,17365,17867,17365,7.29,287,3752,3752,0,0,0,1,,1791268367,218,203,405,395,452,430,452,430,100.0
1791268342,126BjZNU79Uv3HnaP44Gd8hBVT1TYqjGAFayUdHbi8u4,UP,4kz73ppWheAb145kaK8H3Q1pbPeSmdF17gVr1GYn939p,pumpswap,1791263618,0.0002746,0.01,5506,5506,0,3146968.02,5873315.54,5873315.54,0,0,2721,1856,5495,3554,5495,3554,,84.84,216,216,0,0,0,1,,1791268367,0,0,1085,53,1980,63,1980,63,0.000000000381973370558139
1791268352,FJra6TG5SX8MFbo645NR29m5XubGQXu6gpQSzaXy9Dcs,CAESAR,B5MPPm3Kh84YeUEw1h56CgFa6nJf1Snv74dKADCgEzWG,meteora,1791263764,0.00005736,68.44,57366,57366,0,60736.62,1676443.94,1676443.94,0,0,81,80,5543,4044,5543,4044,,5.48,462,462,0,0,0,1,DYN2,1791268380,0,0,107,102,2095,124,2095,124,0.0
1791268343,2zQVi8eP9o4AJFtarDkhdcAUKjy3L24s7e9NKS8pNE7T,CAESAR,29JzHtBYJVmg3n5jiztN6mR6KzvLHB42Eyv57BsohyNq,meteoradbc,1791263857,0.00008221,,82215.71,82215.71,0,0,2257.49,2257.49,0,0,0,0,50,33,50,33,,,438,438,0,0,0,1,,1791268380,0,0,0,0,49,32,49,32,
1791268353,GTd2nWeE2cEEhrLzN6ZFPJZQ68DpggH8yqpab8teGEU8,VANTA,2swR4toM6ffEyyRCFGWm1p7ZuK1AgkZtj6ZqFsoQkP7C,meteoradbc,1791264247,0.00003572,,35728.34,35728.34,0,0,4814,4814,0,0,0,0,158,170,158,170,,,80.91,80.91,0,0,0,1,,1791268380,0,0,0,0,132,137,132,137,
1791268352,EtLCJUjYiUmQ1rpEfWeBK1E7ZyWRFPGz5sJc9Ksrpump,hooksocial,9Db6Not1kYREpuJMg1nBje5UwzZ12vmQpWMAMr78SDVW,pumpswap,1791263894,0.00005056,18559.6,45488,45488,6023.39,62397.67,135805.26,135805.26,38,32,947,692,1963,1512,1963,1512,29.83,102,2.29,2.29,0,0,0,1,,1791268380,19,28,325,323,750,781,750,781,100.0
1791268350,CAXGs7LPuQnUeyqc7izGMjteMAwRtLdaqxLWKuWApump,VACAT,27ji15J6HPknPDsY1RDtRPWB5YDnoxVJB6zyqdmcEYBg,pumpswap,1791264901,0.0004432,61432.02,422178,422178,68589.62,771555.36,771555.36,771555.36,306,139,6977,5931,6977,5931,6977,5931,51.95,798,798,798,10,1,1,1,,1791268367,82,47,2570,2497,2570,2497,2570,2497,100.0
1791268350,DFdrr6nC2ETc9QR1eukZYJBtHoVAUH769abgkPGupump,PGPFZ,3bsKmbU5mfnaNyjcSuQh7sLxyrhKV5H5589ZV3FcB3fe,pumpswap,1791264530,0.00001972,10629.81,19062,19062,2197.35,149026.55,202294.58,202294.58,21,16,1634,1233,2158,1580,2158,1580,-49.87,-75.38,-55.4,-55.4,0,0,1,1,,1791268367,,,,,,,,,100.0
1791268354,JAppGRzThryCQQToyRuopqmfZ8MFZG8tNFsac7ZmCWUZ,GoonCat,GPa9B9T2uG9ZwxxQoWzjJXQRxZNxjHiAED7HnHLcG3vX,meteoradbc,1791266404,0.00004742,,47426.34,47426.34,0,8150.24,8150.24,8150.24,0,0,207,273,207,273,207,273,,222,222,222,0,0,0,1,,1791268367,0,0,155,186,155,186,155,186,
1791268355,TvRpoQE6WqdpnTJ9Kh9WxsEPmNm63gJtSqEd9ympump,Google,BhheeH8Uu7FQYV98MLuKPsdeDVuza4r7htrYpMFLcz94,pumpswap,1791265024,0.000002131,2160.85,2131,2131,0,161675.35,161675.35,161675.35,0,0,13690,14819,13690,14819,13690,14819,,-95.73,-95.73,-95.73,0,0,0,1,,1791268367,0,0,463,2148,463,2148,463,2148,100.0
1791268342,2o6iHjRmyWRbKsBUw8JYvGbj2dhxce6DPqLiADm23Bkc,YouTube,HswLyuSoa1Kzef5edih2bYweLigqenuTnDW7FEH1oGQd,pumpswap,1791266363,0.000002319,2324.67,2319,2319,0.7,49959.05,49959.05,49959.05,1,0,1591,3678,1591,3678,1591,3678,-10.43,-95.34,-95.34,-95.34,0,0,0,1,,1791268367,2,1,352,1130,352,1130,352,1130,100.0
1791268347,8FpqZeZTN1ztehf5jeA2tCWMEgzVSRNpxDHycbWitHt3,Agency,GXXoJGdSwGHJG8aPcnUYcT7cpQUwG4mzFwrTR8Y5WKDd,pumpswap,1791264927,0.0001069,189869.45,106966,106966,519747.19,8396729.94,8396729.94,8396729.94,331,237,5206,3960,5206,3960,5206,3960,2.34,58.95,58.95,58.95,0,0,0,1,,1791268367,76,28,1280,39,1280,39,1280,39,0.000000000430665446822985
1791268351,EivB7bqwU3Rx9CPXn4ZKd1ELz2kKxMSc98WWRMKEcnSM,MINTRO,23TnBX2gNBcNYswn7JQHnDE7yfPzj7ZFAcYfNJdGtTNJ,pumpswap,1791265258,0.0001040,184150.87,104026,104026,536431.5,7026735.44,7026735.44,7026735.44,350,247,4487,3292,4487,3292,4487,3292,-0.13,53.73,53.73,53.73,0,0,0,1,,1791268367,70,29,1211,36,1211,36,1211,36,0.000000000429884547818222
1791268342,2q337JtKubCt32LDnG3gscEiP8SpoEWtpxcn8HYVesxv,hooksocial,CPZpLzE6HmWLmqLukjd7ZFXfK2Fp6YFkR7P1aQ7TCrZC,pumpswap,1791266000,0.00002034,31137.71,20349,20349,48194.01,859502.99,859502.99,859502.99,151,168,3761,1951,3761,1951,3761,1951,0.42,99.09,99.09,99.09,0,0,0,1,,1791268367,26,23,2052,47,2052,47,2052,47,
1791268352,EpRBszPnVySQgrRBHRKcbpCHkaZMvtUefHR2EgG5HneL,CYBERTRUCK,4N3wcSkEM7GSLYk5PUVZo6qCyKNDA9XX6oesGvEbX82c,meteoradbc,1791266053,0.00003574,,35744.7,35744.7,0,4836.39,4836.39,4836.39,0,0,146,162,146,162,146,162,,81.5,81.5,81.5,0,0,0,1,,1791268367,0,0,123,130,123,130,123,130,
1791268348,9ubGdBpKqnkJCatLMYDp8wV7UsS2PAKopH67zjMo3ZvT,NORA,2P78asyDfoRwzx4tCvFcgSV7efyZeYxUYc1tyZA5dAaA,pumpswap,1791267436,0.00009620,26343.67,96201,96201,418.39,4022.9,4022.9,4022.9,14,7,62,44,62,44,62,44,5.23,96.19,96.19,96.19,0,1,1,1,,1791268367,9,7,53,43,53,43,53,43,100.0
1791268344,473e3MgHs3S3cYjcGNex79v68wkjPci6XMFUBzUwpump,BEAM,6WvPxCLU2YEaEmTi42j1Hz6W2j37DPVEsQbXGXESFuCE,pumpswap,1791268010,0.00003399,14828.04,33998,33998,44887.64,72644.09,72644.09,72644.09,546,407,837,612,837,612,837,612,20.74,-29.66,-29.66,-29.66,0,0,1,1,,1791268367,204,159,501,366,501,366,501,366,
1791268345,6T3mcg1bYFRNQEChN3jzmhbzSz87viGq26rCWkLCGTsM,SM,8CR5TtLLqBurKomDHPQ4rfQkQR45BaaR4UdUbornAoC6,meteoradbc,1791267950,0.00005773,,57734.58,57734.58,0,4231.69,4231.69,4231.69,0,0,142,138,142,138,142,138,,31.19,31.19,31.19,0,0,0,1,,1791268367,108,96,108,96,108,96,108,96,
1791268344,3s7zfGssabwkuXuVQcyeuCdsZMoK7NUKqnY6S3VfHsWi,Disease,13g1hrFfZAnmWu884STdKojDHWjUjthZyVV3DjYscFbR,meteoradbc,1791267971,0.00004768,,47682.11,47682.11,2175.72,7692.79,7692.79,7692.79,48,69,191,251,191,251,191,251,43.85,224,224,224,0,0,0,1,,1791268367,147,162,147,162,147,162,147,162,
1791268346,711pQmphYARn1NsFky6umqqpB68ro6mHwku8iWAUx4Qg,cortex,4QG3RmFAGPYyMJrV4Goy8gn2SBRjvZv6dXkiFTfw5cHK,meteoradbc,1791268005,0.00008050,,80509.93,80509.93,0,2128.1,2128.1,2128.1,0,0,46,32,46,32,46,32,,429,429,429,0,0,0,1,,1791268367,45,27,45,27,45,27,45,27,
1791268348,AWkPgsKgQvefga7fYUerL6coGVoSet7XVu4wWFoxpump,Dooby,FEixDw6vshRgQ6EfdUZGvvhAfpRcGN78rmMX8PeVD9wT,pumpfun,1791268012,0.00004906,,49063.2,49063.2,23574.51,23574.51,23574.51,23574.51,194,113,194,113,194,113,194,113,1296,1296,1296,1296,0,0,0,1,,1791268367,182,110,182,110,182,110,182,110,
1791268349,B32QhWi9M13xnMdX6D9f7edtmn32xuPNvxDWgfG5H4n,CAESAR,BWJqY8z4a66sQjUtpb4uzwxJZVEcvEJ4igsrJn6Qy7qq,pumpswap,1791267297,0.0001647,243357.11,164781,164781,1009621.02,3150723.34,3150723.34,3150723.34,885,650,2977,2037,2977,2037,2977,2037,14.65,91.05,91.05,91.05,0,0,0,1,,1791268367,151,49,969,62,969,62,969,62,0.000000000381973370558139
1791268353,G8oo84X68rQwEbhQuUayNtrrJmUnAqWkmZPYX1fBHRei,Nike,AKBtinGUgjiBaFjM6VvM9nj5Kn6HL1j4con3gNWVysZe,pumpswap,1791267755,0.0006682,72929.79,668215,668215,14684.9,35424.29,35424.29,35424.29,2228,1612,4737,3455,4737,3455,4737,3455,45.57,1246,1246,1246,0,0,0,1,,1791268367,296,275,374,351,374,351,374,351,100.0
1791268352,FRLkWC1qVFAXEnFbJ9xKcFKkXYqsfQ9GiLu2mvompump,NVIDIA,F5WNNT6VUWURLxzUZsG3YJGeTNr3Vt75cdTHDnyKc9Nm,pumpswap,1791265005,0.002474,142355.5,2462560,2462560,4363.97,65143.08,65143.08,65143.08,1580,1438,19842,18621,19842,18621,19842,18621,12.35,4859,4859,4859,0,0,0,1,,1791268367,244,195,436,261,436,261,436,261,100.0
1791268345,5Ka8SYYtB5kJSvLFAY1AhHX4PCKrbfxprKXcF5yE1ccb,COOKED,BrrYCD64UCw4Wh6nco7k3fFSbsd3JNMJG4Puiz7Zzjxs,meteoradbc,1791267800,0.00005828,,58281.91,58281.91,0,10866.2,10866.2,10866.2,0,0,215,289,215,289,215,289,,220,220,220,0,0,0,1,,1791268367,0,0,137,159,137,159,137,159,
