ts,token,sembol,pair,dex,pair_olusma,fiyat,liq,fdv,mcap,vol_m5,vol_h1,vol_h6,vol_h24,al_m5,sat_m5,al_h1,sat_h1,al_h6,sat_h6,al_h24,sat_h24,deg_m5,deg_h1,deg_h6,deg_h24,boost,n_web,n_sosyal,n_pair,etiket,gt_ts,alici_m5,satici_m5,alici_h1,satici_h1,alici_h6,satici_h6,alici_h24,satici_h24,kilitli_liq
1791300747,93Q1FohrzWzsvJXJujLW7PrZLZtpCPmviKyWKEX3pump,SOLRISING,D3LVgrHZ53NkpnsNcN68FfMhtYgL9rCFD5Qa5FrGwdqt,pumpswap,1790355631,0.000003325,4256.91,3281,3281,0,0,0,4.53,0,0,0,0,0,0,1,2,,,,-1.54,0,1,1,1,,,,,,,,,,,
1791300750,FaWBF7djnFysJVHptwUAHLN7ZqM1BUis3QMnbsM1pump,PHISH,7WCdC6XnUajKQe1UBQ7LFGmn1P2HmBGLeQJ8q72mzsnY,pumpswap,1790369298,0.000003289,3569.95,3202,3202,0,0,0,0.59,0,0,0,0,0,0,0,3,,,,1.43,0,1,1,1,,,,,,,,,,,
1791300752,JAccgVwonRw28jZ3fHdgwtyAfKJRPd5qMqaVP2xipump,FLETCHER,CmcL1kMybybZV5tKAwz34xnsRMpxpDfuWAMPSU53bJAq,pumpswap,1790447880,0.000004169,3960.37,4004,4004,0,0,0,137.28,0,0,0,0,0,0,1,9,,,,-5.07,0,0,2,1,,,,,,,,,,,
1791300747,ADfTFJzD4bUTkTPubb9srfeQtBVgxdUv3eTaR9fJMRXn,NIPPLE,JB93b1KzMR22RdiAib4VJPKfM9qKjnApkd7HJzyUv3mi,raydium,1790436050,0.000003765,5793.91,3766,3766,0,0,0,19.54,0,0,0,0,0,0,2,0,,,,0.68,0,0,1,1,CPMM,,,,,,,,,,
1791300751,HHKUrC1GhmxR9GT9NwYubrXGvrgW7TjWzhXFhKRRNbPJ,DIC,CZaSaas5ZREPvy8jqGmxMNuEbDPUBimvobEujg2Zam3f,pumpswap,1790483140,0.000002587,2803.56,2519,2519,0,0,0,0.11,0,0,0,0,0,0,0,2,,,,-0.32,0,0,0,1,,,,,,,,,,,
1791300745,5Az92KHhqxtudSbqZ2yrQ3LWfkS3ktKkER3FVVLzpump,Luna,ED82b4y5xcBTeD1HJRPdDg9d1oGMbZ6CbWt1EA9HWHNs,pumpswap,1790492800,0.000002904,3117.2,2791,2791,0,0,0,62.49,0,0,0,0,0,0,0,4,,,,-4.36,0,1,1,1,,,,,,,,,,,
1791300752,XrR9rqzFCBEcYoeyKrHV2uYFmEkwPCh6cxB3KuPCGd5,KOKOS,7RngyNPVmrZjCm34HksS5t7v2Uuq1APm5ELxNAJPQbng,pumpswap,1790554764,0.000003313,3360.27,3218,3218,0,0,0,304.58,0,0,0,0,0,0,1,3,,,,-1.99,0,1,2,1,,,,,,,,,,,
1791300748,BBwH6xYy2LTmbjYX3e9uS5UKgNqmrx7PVSsfpwgsXcNL,HUGEKINSON,J3i3si9daeYrCXaNmmsdhjf6y9fT5oPQPX8UCsiMaCLy,raydium,1790619765,0.000005081,6832.09,5081,5081,0,0,0,108.56,0,0,0,0,0,0,0,6,,,,-4.91,0,1,0,1,CPMM,,,,,,,,,,
1791300745,5hDpcLVE1YGJH1Z3yof4WdAVnrnVKmV7v4LdE4T3mBPd,Loomer,HnVZghAHkJnpLLZagxHHEaMZPPZqXaN8r6prT6cJ2ajT,raydium,1790632429,0.000003245,5882.82,3246,3246,0,0,0,158.19,0,0,0,0,0,0,0,2,,,,-5.35,0,0,1,1,CPMM,,,,,,,,,,
1791300752,T4zBzW6R2o5izt1CBBwSWUuBEgkJA5Mu5ZDNiYSpump,FOMOWEEN,2UpeSpYySumVkEci64bdPjqtNJpSWCEFTpPzLouiSCqN,pumpswap,1790643304,0.000002802,2802.67,2677,2677,0,0,0,32.18,0,0,0,0,0,0,1,3,,,,-0.76,0,1,1,1,,,,,,,,,,,
1791300751,HMXe89qJWYDCH3VmN85JwvdDsW6v6GkJc7pobG4AnZct,JONKEY,6KR1iYuVYqRYWPYtLVs3WgPtQWZrMZtZN4aKuDXTsVmV,pumpswap,1790646516,0.000002748,2758.74,2641,2641,0,0,0,6.72,0,0,0,0,0,0,2,1,,,,0.13,0,1,1,1,,,,,,,,,,,
1791300744,26QZsh7sjrCTin8WkSZtx28mkZ3fzzXxgDE87wzipump,Fiverr,6RXwMiLq8Qrsn3HWh6715T8iMtvmh9a7s4rqTkx2C3Jf,pumpswap,1790700249,0.000002847,2805.75,2508,2508,0,0,0.49,0.49,0,0,0,0,0,1,0,1,,,,,0,0,1,1,,,,,,,,,,,
1791300746,6HoK71VWJKpnkNoqtWAhCQuRMFcmAtet3w4vvZC4mL3i,UNI,7b3j2SY8i1H43wDomBg6oDrRdshiPE1PFmxV3ZypBrk6,pumpswap,1790717907,0.000002793,2926.35,2725,2725,0,0,0,18.49,0,0,0,0,0,0,2,4,,,,-1.36,0,1,1,1,,,,,,,,,,,
1791300750,EEBNzEpr3132u3QAeWxfVzsDSaMURwFeejwMD1zvpump,human,DiqJa9wy6shELZxeuNYVu5g2Thr9e3saGwQBrV7dang8,pumpswap,1790822770,0.000002404,2416.33,2273,2273,0,0,0,0.43,0,0,0,0,0,0,0,1,,,,,0,0,0,1,,,,,,,,,,,
1791300745,43GH9ktJt58erbuGyqRzCwYsMirKYeiobtTP4cGepump,SK,Du4DYfP4vUDgsRZfqqAqjgBL1g3fDszaxf8XzNz47dZL,pumpswap,1790822830,0.000002861,3331.56,2795,2795,0,0,0,123.36,0,0,0,0,0,0,6,2,,,,0.39,0,1,1,1,,,,,,,,,,,
1791300746,6tdakNZRvYskxXorh2wmyKhxRe2G9dQ2m9m8xtQNpump,Bagroom,HW4nRzRRtvzEMcnzbJ6opmhTMWpCjKZnUU6SihxeseRn,pumpswap,1790857893,0.000002320,2324.85,2222,2222,0,0,1.32,2.7,0,0,0,0,0,1,0,3,,,0.1,0.55,0,0,0,1,,,,,,,,,,,
1791300748,BWbxfHtvfufeXvZ1DBTR7nhQh3zcJxLwKA99rwT9pump,SOI,7m7SQ7v4JCby9mGepXPiCnjbefynhro1Asp5UAz6TfeU,pumpswap,1790869489,0.000002471,2638.38,2400,2400,0,0,0.18,3.78,0,0,0,0,0,1,0,3,,,1.04,0.1,0,0,0,1,,,,,,,,,,,
1791300745,4E5SUG74yBb6DR94Ain8ifsKbDtvcJo6bshAHxNMRBQq,DINO,Ft7ZnShaVKnbmCpNEiUzMkUrHFgamP1bA3as4XLBcKKv,pumpswap,1790916516,0.000002738,2716.04,2438,2438,0,0,0,2.81,0,0,0,0,0,0,1,1,,,,0.54,0,1,0,1,,,,,,,,,,,
1791300750,FbpAkY1wJXFktY7i4xhp5SP9p2xTkgdLEa52BErDpump,CleanMusk,HL2GBEn3oEcsY6gHz4QnCLwF7KDaxb4sRXyrmQUUiJHw,pumpswap,1790973570,0.000002397,2481.87,2306,2306,0,0,0,0.37,0,0,0,0,0,0,0,3,,,,-0.15,0,1,1,1,,,,,,,,,,,
1791300745,4XoNCZgEpGFb3JZt94e9FVqVm3BQaBWuEFTuYyjAKYc6,FRANK,DH4W8MKUKXenRofYYApwtr8DztygFR8xij9aC65kaDN3,pumpswap,1790976209,0.000002915,2865.59,2559,2559,0,0,0,73,0,0,0,0,0,0,4,5,,,,-1.07,0,0,2,1,,,,,,,,,,,
1791300748,BzLRJmKYYvDaKW5ewyaJADiMV4eRCFV8scCEENbUpump,VTubePro,2RcvEzx6fbeaQoNBYjqpDvaKs9ovK7qeRHMh91mdXcoD,pumpswap,1791014784,0.000007119,5913.57,6676,6676,2.82,82.36,1477.05,5689.67,0,1,0,5,30,25,73,72,0.02,-3.65,21.16,-24.2,0,1,1,1,,,,,,,,,,,
1791300751,GrGKeeA53885t46YxxgjCw63S9tsubHHVzuKwaWQMBbD,ALADDIN,Gk3maciSYw9SFbnARiDkCgqtw8Mjgkq6EEurdzA7a1DR,raydium,1790973528,0.000003070,5187.96,3070,3070,0,0,0,33.09,0,0,0,0,0,0,2,7,,,,-0.93,0,1,1,1,CPMM,,,,,,,,,,
1791300752,PFCy4bbBV65EkEbxWyqHjq5Sx6XCGG9AThczD8Dpump,ARMY,5URuhBmWRyW3R58brtuy8tdVXF95dY6ADq84RUstjkba,pumpswap,1790974312,0.000004248,4727.86,4141,4141,0,0.36,3.42,32.76,0,0,1,1,2,7,2,23,,0.74,1.24,0.14,0,2,1,1,,,,,,,,,,,
1791300749,CBXJms2q57a9cBwzyzhkNQQJiLzRWxhJvPcJg2XjGi6K,HOOMIES,389B7EiaSiTRJodKtDRBFRnFKNRGHxW91qmYGvXxw3ET,meteoradbc,1790975980,0.000005324,,5324.29,5324.29,0,0,0,106.2,0,0,0,0,0,0,0,1,,,,,0,0,0,1,,,,,,,,,,,
1791300746,7gbJ4SMomkft4EpovfvyFuLWqmsULEfFxQubuyEvpump,PUMPGO,5P1MZ56nzCYUP1uFtQkJv5iqGiH2pDNb6Rh6ggBJiQbg,pumpswap,1790974813,0.000002316,2477.16,2303,2303,0,0.11,0.47,0.72,0,0,1,0,2,2,2,3,,1.32,2.22,2.22,0,1,2,1,,,,,,,,,,,
1791300752,JfyaeBaLuXVRQgjKe7fes5Et44m3ywmpbLnWB86DmWn,STATEMENTS,CFKSruNUTALTLg4bmFj8rFQ2feUG7qNsLbVgaLjD9xT8,pumpswap,1790977254,0.000004566,4393.28,4457,4457,0,25.22,34.31,270.78,0,0,1,1,2,4,7,15,,2.75,3.07,11.18,0,1,1,1,,,,,,,,,,,
1791300751,H3vAMRcvEFuNtG9eE3sSMLpqtxhSUMh4kDzC7Ci4UAeC,CHIP,CLyg31Cra1fHhY51Bj4HA2rNXyTvfDV3m7hpYnxBxqsp,meteora,1790976344,0.000003492,5574.9,3491,3491,0,0,1.2,7.09,0,0,0,0,0,1,0,4,,,0.19,-0.39,0,1,1,1,DYN2,,,,,,,,,,
1791300752,J6nQhwg8CpKjSpo6X3hMNHbcpYtMA2L41AYB5zzPpump,fimble ,AnV8bwFx6UVs2B3h88xgG7MY7qW5CMjSqfwvn5vCMhwW,pumpswap,1790977618,0.000002902,2851.45,2684,2684,0,0,0,4.31,0,0,0,0,0,0,0,3,,,,-0.1,0,1,1,1,,,,,,,,,,,
1791300744,3YJSqXQkN5gXoZkHrHFnAMKwqyGv7B7WmRdyYVFAXnmh,USDC,8vkx9CJBpfqDe8DZiRcyrKQfD9Xsa1PK3M98nbNbwhtd,meteoradbc,1790873342,0.00001277,,12771.04,12771.04,0,0,60.27,5218.11,0,0,0,0,1,4,20,29,,,0.7,-13.12,0,0,1,1,,,,,,,,,,,
1791300747,AJy3jEbDAZX1vekxyqo7xiUByBGKSurnteatkeDYpump,SIA,94VWKhPurWbVPRqJv8rxyACuTjiEhHsb2UEJr9Q3xsFV,pumpswap,1790977408,0.000002438,2608.65,2368,2368,0,0,0,0.24,0,0,0,0,0,0,0,1,,,,,0,0,0,1,,,,,,,,,,,
1791300746,75G8SScna7D3GMqRXpicEMxwZ79kVV91GJNUDrhSpump,STONKS,ANtv15beziR2Jtbr9FHkhqMZMXRDhdRJzC2W8tRyziAB,pumpswap,1790976818,0.000002904,3208.16,2673,2673,0,0,0.14,5.31,0,0,0,0,0,1,1,7,,,0.24,0.6,0,1,1,1,,,,,,,,,,,
1791300750,Fo8QZyEzLPSECptkYNvFUg3ZrabAiHx81qbvxviQpump,VITALY,7BbnMyefgfqsG91zE3HvSFDMXBvfDWdCVxN5W49iFdWS,pumpfun,1790979340,0.000009769,,9769.19,9769.19,66.54,6469.82,9978.09,13217.52,2,0,50,43,134,88,179,130,2.01,56.64,94.76,96.64,0,0,2,1,,,,,,,,,,,
1791300748,Bt4npH7BNNGLBohhbcrybbkUn6RUJJzJbvnd4hznnMYJ,RFX,4UaR4ZewzMFaXbKGD57uxS7hKiKuuATJyJ6XSGGun9So,meteora,1790975392,0.000007801,8350.27,7801,7801,111.64,189.91,1007.16,9828.47,2,0,3,3,11,21,65,99,5.16,3.15,-17.26,-67.21,0,2,1,1,DYN2,,,,,,,,,,
1791300746,7gLU4wTY2gi5C1L4tWMxVSUy3RRhJoZkJxGTdCsxgEWW,PUSS,CQYYfnRziiLdYnHM2x4odFDQRNVserU4AiB3gHZbKsoR,raydium,1790968041,0.00002282,12083.14,22823,22823,95.08,145.66,759.4,3597.04,1,0,1,36,271,76,561,412,2.24,13.66,-3.12,10.16,0,1,1,1,CPMM,,,,,,,,,,
1791300746,5tV3Lfx8WNE63ZfCUWnBoFBwe8v6idUhuqg9ipDsDJyy,POOPYBOT,7BPpheNFaSfNHaPnXqVuHCMxEyijZ7LmuAhPbkwyjFTB,pumpswap,1790976698,0.000005698,6157.99,5541,5541,0,102.4,430.27,972.53,0,0,1,3,9,15,31,69,,-6.14,-5.95,-9.61,0,0,1,1,,,,,,,,,,,
1791300750,FLXmqULjxa5neWG8thsPZcAGX93VFCB4ZbniCy9Tpump,PAYROLL,4ZAEW8sJ9sXwCCVZdnhpyrhANM4sBcqsXwsV14mszDfQ,pumpswap,1790979275,0.000002448,2510.51,2351,2351,0,0,1.5,6.65,0,0,0,0,0,1,1,6,,,0.31,1.29,0,0,0,1,,,,,,,,,,,
1791300744,29REVVLFoM2ERuSTt2p86zsn9q7CxTNuzHPw29dnpump,ARMY,ETQ52D2podCHczQHvFrNAQw3XWggJJjdzmAb2zCGBCz5,pumpswap,1790976694,0.000002655,2856.09,2526,2526,0,0.12,0.47,18.03,0,0,1,0,2,3,3,5,,1.85,1.74,2.84,0,0,1,1,,,,,,,,,,,
1791300746,6k1E2jVp6EaZYeurvJrXe4mdBoTjfgUKoLkh8CaWpump,memeyin,H1ajCveHK3hUVY41zXxqHXf9b3E17hNNJgd3CzQbTfS,pumpswap,1790979663,0.000003004,3481.9,2825,2825,0,0,0,1.72,0,0,0,0,0,1,1,7,,,-0.67,-0.09,0,1,1,1,,,,,,,,,,,
1791300746,6hTLdzZaaCjmqtn7RtaEMQsCbXT5Pg8q76tRViEGpump,ABU,2qWF4dn1JnqhCpAYJQnKVaKezzuUiG4xdnbnCSK1Pgcw,pumpswap,1790981217,0.0002243,47578.4,216765,216766,0,3956.54,30732.82,427905.41,0,0,34,20,271,265,5742,3889,,9.78,-7.33,-54.51,0,0,3,1,,,,,,,,,,,
1791300748,Bj8KxXcNAfvWKH64rLjVBLByr1jUUFGcfKnXzHUJpump,HOOKRASCII,8rqqsquXHxZfWvbRaxx3M4EnRgEDPzrNi4bXbsA4zRa,pumpswap,1790980874,0.000002543,2851.38,2484,2484,0,0,0,4.45,0,0,0,0,0,0,1,3,,,,-2.41,0,0,0,1,,,,,,,,,,,
1791300748,AYuNTGHHYzmH6LgwveNVc9TZFmPVZKUsM4k5tPqEpump,ROOT,Dw3spFXApoDNFpnh9AN4AvbBt4R6BnQKPiocDEcxRwqb,pumpswap,1790988154,0.000003743,3777.05,3677,3677,0,0.02,6.36,84,0,0,0,1,0,4,2,14,,-0.14,-0.66,-1.21,0,1,1,1,,,,,,,,,,,
1791300751,GPuaTh7duwmbifV7nQkTACqbN4qkdo7KbjmK8uGLrhH7,HOOKER,BAyJ8NbAHpatpnhqmqt3V43UAnbnHqhcTKPRgToyB8iG,meteoradbc,1790981322,0.000006243,,6243.58,6243.58,0,0,164.18,561.13,0,0,0,0,0,1,0,4,,,-4.8,-12.37,0,0,1,1,,,,,,,,,,,
1791300746,6T4NrctGAuD4z9BRAdgHfpD8g67du8E46X6Fp2DJpump,Supercate,J6yw89zqkgwgQnsZeUytp3G5n848X88Hkb6M4rWUJw58,pumpswap,1790984310,0.000002702,2676.62,2599,2599,0,0,0,23.77,0,0,0,0,0,0,1,2,,,,0.33,0,0,1,1,,,,,,,,,,,
1791300750,E81BGCpweocddeyupAi1ugbjhgdD9cdYjRA7RNpHpump,BLOCKCHAIN,9gTu5hRSuyKgrGGBdUG7ApRoyT8DyC7za6e13jJQHHV8,pumpswap,1790983170,0.00002081,11204.23,20153,20153,0,0,0,3718.6,0,0,0,0,0,0,26,27,,,,0.33,0,2,1,1,,,,,,,,,,,
1791300746,6fsiFuTnLN78VX5MVy2KZo3gCt3f8M1iSrmJzje6Jk3k,Don,3tUPUq8ZPqmowz5vx9G1pAuThJ38mGbMYuyBbkLQ7iXV,pumpswap,1790648383,0.000005749,5160.75,5638,5638,0,5.75,55.03,548.44,0,0,0,1,1,3,7,9,,0.79,-1.42,3.63,0,3,1,1,,,,,,,,,,,
1791300752,MktBuHr1H4emrqAhbnChkCW2X2EP4BbeZG1LzTV5cMQ,MirrorPad,H9rYMiR9mZ1S9nPdp5FZTpoGDZGiWRdu2VnitxZMrVsK,pumpswap,1790982742,0.000002485,2533.09,2415,2415,0,0,0,2.73,0,0,0,0,0,0,0,2,,,,0.24,0,0,0,1,,,,,,,,,,,
1791300744,2RKkd7aG13o926CTUNHjE3T43NwS9QyLMyf5pHa9pump,PUMPMASK,8qbRgJK371zn6DfpTHsX4FN6FBDZkWs5AN4Cf1ugYJms,pumpswap,1790982395,0.000002739,3163.02,2674,2674,0,0.2,0.2,1.17,0,0,0,1,0,1,0,5,,1.91,1.91,1.78,0,1,1,1,,,,,,,,,,,
1791300745,5FKPLjhNrez3iu2oSKfFjy6kNxRVf2jL1jc8dAwCbu9E,STUPIDINU,EvEV7ie5Dwd7r25YR5UyshFqSJdy32nztwT5AZytPRSE,raydium,1790980002,0.00005723,25605.74,57234,57234,197.51,2463.01,12286.14,210887.81,4,0,13,14,72,96,814,704,2.65,8.37,3.03,-67.68,0,1,1,1,CPMM,,,,,,,,,,
1791300751,GWGUDFY1dDxQoAMsWfg6zfhvYNF1toKPHMVT3DFBwMJq,POOPYBOT,MTvmphUn6T7FUSY743PAct75RSNqVRZYRdf5GM2ieiY,pumpswap,1790985384,0.000005283,5174.33,4208,4208,0,0.22,34.35,492.24,0,0,0,1,2,9,6,36,,-0.65,-1.02,-7.95,0,0,1,1,,,,,,,,,,,
1791300749,CYhrq39zMEV8GGuqE9hf5VUZzavA9DYFvtSYYwaZpump,FROGYO,G8k1qiqy614o2sfyVd1GcV3ENbb9HjYPa3eh4mMM9cfd,pumpswap,1790993945,0.000002560,2546.47,2337,2337,0,0,0,1.55,0,0,0,0,0,0,0,2,,,,-0.56,0,1,1,1,,,,,,,,,,,
1791300752,JCsosnu7oSHEjo3vHc4XJnyfDAKpzv9qRJtJCMzSJeGk,enu,GPwbbEtjA6dRTDiyMU7AyRAFbYnehQdEnXd3NGJwgnWB,pumpswap,1790993244,0.000002835,3086.57,2753,2753,0,0.11,0.68,17.49,0,0,1,0,2,4,4,7,,1.32,1.34,2.22,0,0,1,1,,,,,,,,,,,
1791300751,H49xNgg1hMV6LqXK6if2g8CYnrvp7CxQ5SJTnDRwPoS,POS,6suKoFim8x2wMNGdjbZnwrvRTqSZMdaPx4LNiSRdgcZ7,pumpswap,1790992519,0.000003164,3072.74,2914,2914,0,0,0,88.68,0,0,0,0,0,0,0,3,,,,-2.72,0,1,1,1,,,,,,,,,,,
1791300752,difL81fA3eHQf1aU1MRH5NeP8er86JdEjpeNigkpump,DOTPAD,HsErZjYq5GwpvwRBCz7jsCzTMcouW84Ea8bTj7iK5h9z,pumpswap,1790993134,0.000003838,3635.6,3711,3711,0,0,0,72.91,0,0,0,0,0,0,1,2,,,,-2.69,0,1,1,1,,,,,,,,,,,
1791300752,eyydA9bbqVpmRqTqfe36aQiVzxCDHwATLdWhDrYpump,ATFS,Efh8cwNx3aE62NY4ui3sZ1zPHeauAxzPYRYW1bLoBZoU,pumpswap,1790994039,0.000002782,2771.55,2782,2782,0,0.11,0.46,141.34,0,0,1,0,2,2,4,4,,1.36,5.68,14.4,0,0,0,1,,,,,,,,,,,
1791300745,432Dtes4TzhxLhfyZtyVhWLcv18HZ3bMZL3F2eeepump,FOMOSEASON,BVjeB2bw5md6EZcYeXGu4x7fyjm4x98tJXid2eNZQRT,pumpswap,1790999872,0.000002534,2531.27,2445,2445,0,0,0,4.8,0,0,0,0,0,0,1,2,,,,-0.84,0,1,1,1,,,,,,,,,,,
1791300748,AXC2XcQiVx6UfCgLHjpRBU4nupF4WdsptydKQCvxsRuU,AI,hbXdZafYL5u1KCyXhwgPe3hwU1dJxcP31jwgmTkk4n7,pumpswap,1790995343,0.00004127,19347.1,38091,38091,0,2065.91,5969.95,32179.56,0,0,13,15,67,60,298,280,,8.15,48.64,-0.32,0,0,1,1,,,,,,,,,,,
1791300745,4MHsG8YKtqUskMruk7o53ETHjrfHkMz6rnRtDW9vpump,LATINU,FVaFW1td8uyBTAyMrTb1Dn8r9FY19aQXMYFJYoSr6fxw,pumpswap,1790993937,0.00001237,8214.37,12015,12015,0,216.89,233.52,555.49,0,0,0,1,0,2,0,7,,-3.63,-4,-11.25,0,1,1,1,,,,,,,,,,,
1791300752,cGyrGVj2CUZUXCGh9q9XXVwCMj5uLocbKy6WdMspump,TIPTOE,Di7sEKgCz2q3Zp3Y2U5eGEHzmf1jUP2JQzZRpsDhPR3u,pumpswap,1790992026,0.000005289,4623.89,5061,5061,0,128.06,141.22,800.04,0,0,10,1,11,1,23,12,,7.97,7.79,14.2,0,0,1,1,,,,,,,,,,,
1791300744,2yDAyrrzefmZeMtkQ2e6wH4o1tsUoL7wDbs3nbmJpump,ket,7452UAiuDhELm63KEMJaL8AgzJrC129JfRvxQ4eBr11a,pumpswap,1790994646,0.000003213,3278.23,3076,3076,0,0,0,9.91,0,0,0,0,0,0,2,2,,,,-0.76,0,0,1,1,,,,,,,,,,,
1791300744,2bQBNJfkGLsCkKEHJUgdFnPoQvDqpW6SYoJ6Zfrtpump,REP,4cftQSYQhW2RcASwQR3hW3J4UVGc4u2YCvY4PmZ4B86j,pumpswap,1790996261,0.000004499,4342.34,4144,4144,0,12.73,21.32,367.28,0,0,0,1,2,3,23,45,,0.2,3.84,-3.85,0,0,1,1,,,,,,,,,,,
1791300751,GK5xmYzh6axzYKRwWH56pbXvaUDVNdJBFJ2pD7Papump,PENIS,5TN2PjsbMQ965W3scNTbkBGEKGxhqwqchhR38jbFxgUf,pumpswap,1790996986,0.00002362,14104.8,23233,23233,328.03,328.03,328.45,3254.93,0,1,0,1,0,2,12,18,-4.95,-4.95,-4,-19.16,0,0,0,1,,,,,,,,,,,
1791300752,gL9Q3xjXM1BdopmHn1R7Kb3Eim5NAQ1eWGNaTj3pump,TIPTOE,BL7ban83XxQ5uxXUXFqKEti3Qgdx1QCpT7k4tpW9Ag6Z,pumpswap,1790997315,0.0003537,58903,341816,341816,989.24,10354.58,109314.7,435522.8,6,1,96,82,740,710,2802,2440,5,8.7,-2.2,-7.51,0,0,2,1,,,,,,,,,,,
1791300745,4RbsHw9H3EayjgfWXq2KaLvbREFua8wkER3gdLViLK3T,BAG,86uTMS774PnKXVjXdzaJ1qEKjpwkk9vcCFpWEVW8UX3J,raydium,1790983311,0.0003424,76914.18,342416,342416,66.67,3141.43,17518.74,62581.92,2,0,38,8,137,34,339,198,-0.35,17.14,97.73,224,0,0,0,1,CPMM,,,,,,,,,,
1791300746,7MxLJtA8pfx7UwQLzPUCj3vpcg3hoQrEsX9eVnSBpump,CLICK,CiGP87mp4ngviYDQPSybT3g1Y7JXGLXvjHVXM39i4xb6,pumpswap,1790997941,0.000002528,2545.25,2409,2409,0,0,0,0.43,0,0,0,0,0,0,0,2,,,,0.71,0,1,1,1,,,,,,,,,,,
1791300746,6w5s8REWoQH6k4UmLzoDTVNy9YVtRvkjPFG7Lrxvpump,CATBOT,J5DTQBcCm46CorpHjyj7UbiKoaaXonQDRBtToMCnU2c,pumpswap,1790996136,0.000002563,2819.67,2490,2490,0,0.11,0.47,0.47,0,0,1,0,2,2,2,2,,1.32,1.73,1.73,0,1,2,1,,,,,,,,,,,
1791300747,9ZfC2qaXFYxwuh1c27K8bce1jHb4oReQgAvrjwWdpump,BOXY,92knjGRwJaehxfdTJxrbqa2Yum9X1EhWnUJ35YG7nevX,pumpswap,1790995161,0.000002869,3279.39,2775,2775,0.16,4.42,20.19,141.15,0,1,1,2,2,9,68,63,-0.17,0.32,-0.52,1.6,0,1,1,1,,,,,,,,,,,
1791300752,neJzh2HnhHHoK2SLn5N9NoZ8n4zvxtryzPkEzWCpump,USWR,iNRNyzq8SX4s5L9q8N1nxdGVbQQxXgbsKMrjppSEkyo,pumpswap,1790997631,0.000002147,2172.56,2147,2147,0,0,0,7.79,0,0,0,0,0,0,2,0,,,,0.37,0,0,0,1,,,,,,,,,,,
1791300744,26VsYcDJ4Vv8C1TbbCg8K9ZQau8xre6CK1CD2hdEpump,ミズラ,Gko2ceqFsNjPbwdt9vVzNKUBHC5vjjviWAYbHzgsCi81,pumpswap,1790998356,0.000003679,3743.4,3566,3566,0,1.87,2.07,531.45,0,0,0,1,0,2,10,18,,1.14,-1.17,-4.36,0,0,1,1,,,,,,,,,,,
1791300746,8HQgEcbhR5Xoh735zvndAocCLd7wdAYJfWHV55J8pump,PUDU,95WhUbKGxbWEjj9UgZtcEAMXoBmTSmHRAFiAxPLFf1FJ,pumpswap,1791000628,0.000003669,3774.85,3576,3576,0,0,3.22,22.86,0,0,0,0,0,1,0,11,,,0.36,-0.03,0,0,1,1,,,,,,,,,,,
1791300746,6hGhEQzgoiZMyVPX3VceQ9uH5CfiAHk4QCHxFWfrZZn4,Gustavo,33n9UJNkwvKFv7iAPippAXMs5xQQwbEy5DuF9cFycLMr,pumpswap,1791001113,0.000002930,2882.54,2591,2591,0,0,0,15.55,0,0,0,0,0,0,0,2,,,,-0.97,0,0,0,1,,,,,,,,,,,
1791300746,5ndxUPCiE6UBq8TSiuUT7M2eph7QmhLRbG9HSh3KJnb5,SAND,3KucCcgUJN7jPU4PkZzr71NCgPFWv6zLeQAhV6Uwz79U,raydium,1790956083,0.06231,62048142.49,62317079,62317079,0,18.72,42094.76,292880.54,0,0,2,2,9,9,39,39,,,,,0,0,0,1,CLMM,,,,,,,,,,
1791300746,6REnZgtxhwdSAHczAp4J5PRsGQYQt7T3x4kEDyfs9U7y,HOLD,FJtWKJjJj18ySYBATorRXJNyM3YHXiob1aifGNyoVP53,pumpswap,1791001585,0.000003596,3679.73,3338,3338,0,55.71,58.93,125.44,0,0,1,3,3,5,4,8,,-2.16,-1.29,-3.53,0,1,1,1,,,,,,,,,,,
1791300745,45tPsmYeExLfo7FTDtenPNR5tkFBTza5XERis4Z1pump,t1t2,A9tyH2nNGxgqKGjacFFZgFrX1MdFDpz1BGGDz9Evqx1F,pumpswap,1791006461,0.000002953,2906.82,2797,2797,0,0,0,43.8,0,0,0,0,0,0,1,3,,,,-3.03,0,1,1,1,,,,,,,,,,,
1791300747,9Xax6YJkh3MqE1BTtJ99K16xMFbeJ45mEeBZYG9Lpump,BREAST,DzNSq5jnNZdP2L7cbptbPsbX4DF2Hobsd8ya3HADp3s3,pumpswap,1791002922,0.000003207,3405.7,3128,3128,0,0.12,1.26,80.83,0,0,1,0,2,4,4,24,,1.94,1.88,-4.81,0,0,2,1,,,,,,,,,,,
1791300744,2x2Q2JH81iMqvFCSQAJVKhHcSBHko7TqYPXyM4eypump,PHROG,6bfjhUYVgXXenfLzDTBD6rr3434yqWuAvbZJJxa5QDn7,pumpswap,1791005973,0.000002718,2735.7,2616,2616,0,0,0.08,59.94,0,0,0,0,0,1,3,5,,,-0.36,-2.91,0,0,1,1,,,,,,,,,,,
1791300750,FKQCt17wdmUokbMwNnn2Bs55TYvSWgikKcRCFEAFpump,ESCRO,9KTHkYoPBc8a3y259Cg7gyg5BgVfJkdAMA7gubocPgTt,pumpswap,1791003824,0.000003328,3471.32,3112,3112,9.65,9.65,13.43,954,2,0,2,0,2,2,9,21,2.06,2.06,2.38,-6.86,0,1,1,1,,,,,,,,,,,
1791300746,7WpjEm1xkfnHtdigUdmXnXmrYMLGHJWip4toSa7pucEG,Mr Beast,9mvnceo6bkp4DSioHbRKtnKHCJSAfGD6ox16GsDq7GXS,pumpswap,1791004610,0.000002177,2193.22,2156,2156,0,0,0,7.94,0,0,0,0,0,0,1,1,,,,-1.28,0,0,0,1,,,,,,,,,,,
1791300750,FWwnHcbPSrnuhQ5kFQEBu7fWsMemWskvLK9zqX4Fnjh5,🍟,98ybGp4VDhLDLUcAbjnu7QukMWBwzMcj4BEY7SY9Ws7c,raydium,1791006299,0.000006323,7859.36,6324,6324,5.98,78.55,4292.95,22665.05,0,2,1,10,56,102,340,328,-0.31,-3.54,-57.53,-82.09,0,0,1,1,CPMM,,,,,,,,,,
1791300745,53c62brTyYpWn9v9mWYHRQtBBZY6PHBEcXweEbEmtLtM,Dexter,DWKzC78t5EriXNyxCZXFAHzwM3m7GZnkyWtDYAd8G1gv,pumpswap,1791002228,0.00001170,7992.38,11146,11146,0,11.98,533.35,13417.83,0,0,1,0,9,3,134,145,,1.6,6.68,-27.94,0,0,2,1,,,,,,,,,,,
1791300747,8Y6pHi3cMhxhtHuzgGAsWgAJMyw3zaQLeFFf3qvRpump,PRINTR,BoiL8W7CfhoGfjr3VHFH34GfKdkmGm7y1YyXbweLfcX7,pumpswap,1791005331,0.00004660,20385.84,42694,42694,163.02,987.06,8051.68,29657.85,1,6,12,16,78,80,333,308,-2.16,-6.56,8.94,1.17,0,1,1,1,,,,,,,,,,,
1791300746,7e7uiE9nhhnRtqzStoPTnVPbXdUsfpgyoSjY2skzpump,KFC,F3NG9miSRRhwvruZ22sfghZ3JANDWHg95jamNGwBDUaj,pumpswap,1791005317,0.000002176,2207.39,2167,2167,0,0,0,7.95,0,0,0,0,0,0,1,1,,,,-1.28,0,0,0,1,,,,,,,,,,,
1791300744,2zXY3fGVBqGK6Bqk4p9U1iC3gstsM2riHFik1Gb33HuV,PRINTRCAT,B2ac8k8h1osFXiCUPDjrsN2XrPGJTZDEdjWuVXvVZRR,raydium,1791006103,0.000002459,4707.21,2460,2460,0,0,0.36,33.26,0,0,0,0,0,1,2,9,,,-0.18,1.01,0,1,1,1,CPMM,,,,,,,,,,
1791300750,ETbqN5nKYWSjin1BDqbLYQJNdmcEghAKnjQCiCPSpump,CLTR,5gW3wH27sbdoPyip8qcY6gvH6sDxDAshbm4dErYMt1Dv,pumpswap,1791029285,0.000002889,2931.68,2787,2787,0,0,47.59,97.36,0,0,0,0,0,8,0,16,,,-4.06,-6.09,0,1,1,1,,,,,,,,,,,
1791300744,2Ldu5beCZNF7CwUY3qaBpaGrPbjXZw8LpfKaCcYrpump,Send,3WnAw3tFFDPwtbidFG1JFpkmEj7vKUxHpbpVT1VBFXfe,pumpswap,1791016442,0.000002566,2811.34,2481,2481,9.53,19.06,19.39,19.5,20,20,40,40,40,41,40,42,-0.18,0.63,0.82,0.82,0,1,2,1,,,,,,,,,,,
1791300745,56tGhg321cAn9y8JFNSeTnsUaVqB6zX9HSio3KKipump,VRAXWEEN,3kGhHATaGe15zz5k6jqA8v6YxoUazjDVPAEyVyzPcMnC,pumpswap,1791015470,0.000002899,3408.69,2814,2814,0,0,4.2,4.2,0,0,0,0,1,2,1,3,,,1.05,1.05,0,1,1,1,,,,,,,,,,,
1791300751,HQxmYKcbr5F6w8b8UQEk8e5SeSxjDeeh8foF3U5DHhFj,Ghosti,HTjuM1m38JY9N86ipVRFA8qvHvrS35EAXxD1bQC3hX7k,pumpswap,1791017206,0.000006846,5545.85,6629,6629,0,0,0,2.2,0,0,0,0,0,0,0,1,,,,,0,0,1,1,,,,,,,,,,,
1791300745,5dyyu2XWGhWHua52JjfhoNSbDLni654DD5yR6DcYe3zV,PCAT,DuJRqJTcyHNB56xomwF6eqaQdQYp3RJmryEf5vr1ZJyq,pumpswap,1791016951,0.000003321,3470.08,3233,3233,0,0,7.39,68.89,0,0,0,0,1,2,12,18,,,-1.89,-3.74,0,0,1,1,,,,,,,,,,,
1791300745,4jxHBQ5YcUeu582x4h4firETkz1MTFAfmzys68xQpump,PumpFlare,CC2fHvC583SNAUFz3qbpXFW89BnV7FEy9W6YCysrJqTd,pumpswap,1791031849,0.000003279,3166.24,3085,3085,0,11.05,25.34,119.64,0,0,0,1,1,5,2,14,,0.15,-0.49,-5.91,0,2,2,1,,,,,,,,,,,
1791300746,6FhVPctYg363pQbs4iSvqyHe2cJzfsvFD96gePy6pump,EXFIL,2zPfdGd48k7B2U9yqZ4hJSPAPtoVU9uiEbFQYXEoeXkv,pumpswap,1791018416,0.00006212,22622.77,60411,60411,260.02,4378.12,20200.62,109842.28,2,1,39,19,142,143,901,748,0.82,-2.87,-25.99,-51.07,0,0,1,1,,,,,,,,,,,
1791300749,CkKGSFGZy9aJVBzkLH4huNo8P2YxsYXVYwFyZTSYpump,MONAWEEN,46n4uoWZs2diVMym9gE3mVQEJdD99VeLQxN1unziumGv,pumpswap,1791018845,0.000003426,4208.84,3311,3311,0,5.82,11.51,50.04,0,0,2,0,4,1,7,9,,0.71,2.13,-0.37,0,1,1,1,,,,,,,,,,,
1791300751,GFkfaUEJApu9Jf2AmAN2hgk5SteXRXJ19opJoL5bZwKw,JUF,AxsATeRkuWjW9eP8HB6uGu6teumn1hoah8rJHZbz4KUP,meteora,1790712022,0.0004279,63816.93,360836,360836,1955.93,15255.31,92452.27,435382.9,15,20,153,65,676,504,2916,2321,9.99,-24.92,-40.02,199,0,1,1,1,DYN2,,,,,,,,,,
1791300752,HYTq4TwzJ72xDWBAs55wczeb1qQJiZpibLezM3QGWPWS,Van Cleef,5Poa71uSFDiXHbpHMvvacVjiiA1pLpujYKSrzVSnDie4,pumpswap,1791019914,0.000002157,2173.11,2146,2146,0,0,0,1.83,0,0,0,0,0,0,1,0,,,,,0,0,0,1,,,,,,,,,,,
1791300748,AtbUhKwvrGbq9bc6iQ6z1JzuBjs2Crq3xhRfwYrnpump,Apollo,FrKX9WaRnAypMLTsnxtUuLJFCyQLWYGwKkxCxr22us3C,pumpswap,1791085294,0.000003157,3087.03,2940,2940,0,0,20.36,57.28,0,0,0,0,0,3,2,13,,,-1.36,-1.19,0,1,1,1,,,,,,,,,,,
1791300744,2gafU5vS2nVKN4poA9zeQTDM5MXbwWJfcayeJBw5pump,Crawler,3VF1KNPWuQijvKkGHrqfh4kyxM15e5E6MhjfuWcgdEnN,pumpswap,1791065981,0.00001375,9693.36,12886,12886,4.89,1273.41,11020.36,160935.15,1,0,11,19,143,147,1800,1367,0.82,-27.38,-48.71,81.34,0,0,0,1,,,,,,,,,,,
1791300750,ERHreMRMyGaZPaVcUiBrveb5f1Bc8dbuDuFyLPgMpump,Prime,5HSKJpMZQQ5eDYELf8f6fj1LVfoy7tkKZzy18ehGwhBN,pumpswap,1791084611,0.000003031,3107.24,2942,2942,0,0,0.38,20.8,0,0,0,0,0,1,1,10,,,0.5,,0,1,1,1,,,,,,,,,,,
1791300752,J922v56nTmbxtQ5EHDqfxctBUVZZEWgHmigxWnh3pump,UPTOBER,GZFU2cDWexUzHaKYHCsnH1tfPUtfyW5QAAMDjZJ4q3AX,pumpswap,1791085133,0.000003077,3042.93,2931,2931,0,0.04,2.56,102.8,0,0,0,1,0,3,10,20,,0.63,0.51,-4.37,0,0,1,1,,,,,,,,,,,
1791300744,3XBKc5N6ecPdxSBxPRSobzZ4wWiEqtVxVMjYqPeNTrDb,SLEUTHY,2DmW3RhBeSyXBQypBcfvyAcySEw8AZh4Vhvu1PWgLLoV,pumpswap,1791079671,0.00001206,8744.96,10639,10639,0.86,384.03,1201.43,16077.87,0,1,1,4,11,24,230,231,-1.32,-12.74,-16.79,-53.09,0,1,1,1,,,,,,,,,,,
1791300751,HSwoWQT92ZXrKJpV57ses55xnzWSzSZgTQzPnvveMfta,CAPSULE,EPnPFabp7erM1z6pX38N3gsQYe1P7wsT2tzgMX1XtoqS,meteora,1791081879,0.000003220,6222.43,3219,3219,0,0,7.59,8.51,0,0,0,0,0,1,0,4,,,0.32,-0.62,0,1,1,1,DYN2,,,,,,,,,,
1791300748,B32ocrADBEo1XHsGVnxqP81SaK2NiZkQmmAoTnmT8Ybu,BANKROLL,9YaWadPw6k78iLFF78KotaNiGERCi75ySDvvXGt8jWyT,raydium,1791072171,0.0006521,73902.05,652198,652198,0,202.96,6288.94,55445.04,0,0,2,1,44,26,227,110,,1.04,16.74,281,0,1,2,1,CPMM,,,,,,,,,,
1791300752,J8fqfTxh6pANxy6ezchns8e3ZeEcF3xCFASetWnpump,PUMPKINGUY,CABFDkXdciZpQNHBpDSsPYVsv4dPET21iVMmy2N8aWFa,pumpswap,1791082298,0.000004360,4146.99,4184,4184,0,0.27,19.17,971.89,0,0,0,1,2,7,31,41,,0.72,1.3,10.3,0,0,1,1,,,,,,,,,,,
1791300747,8zYPhpgPPbS3KbMGoET6VQ8DchDCraQc92cX33icpump,CAIN,4RzTUehsv9JhMWgGFP5NVvXesDhHBrbShSiVXD23YEg1,pumpswap,1791044682,0.00007454,24575.83,72275,72275,0,435.38,533.4,2856.26,0,0,0,3,5,6,28,34,,-6.01,-6.36,-16.04,0,1,2,1,,,,,,,,,,,
1791300746,6vSxbc1btRLZ24kBcdhJTTHfg8U1EeLkqL7oapw41pad,PAD,251JNe3FRBHGqKh2pnj6UhM6riD4PRRN9g6EQr3hbah8,pumpswap,1791093721,0.000002830,2789.47,2689,2689,0,0,1.4,7.51,0,0,0,0,3,0,5,3,,,-0.03,1.08,0,1,1,1,,,,,,,,,,,
1791300746,86PvZw3iGbfbnCnMbJqDBUaci7uEF23qFHo7t6jBGqxQ,STIMMY,BQJmK4nTokCgMHHcjMfSaLpcWdv4YuQ2CpHUspp3RtyS,pumpswap,1791085701,0.000003112,3092.01,2979,2979,0,0.06,2.1,339.75,0,0,0,1,0,2,9,52,,0.66,0.29,-4.92,0,0,0,1,,,,,,,,,,,
1791300751,GKfsQSnBnWNCmCb1zpErJbCnicptsjAqCjECYWGk6HES,Speed,3PWGsvQawvtJ4dyM6s7bQhBR9jiwFnEun7wAHKJnSGQu,pumpswap,1791086142,0.000002124,2142.47,2117,2117,0,0,0,8.85,0,0,0,0,0,0,2,2,,,,-1.27,0,0,0,1,,,,,,,,,,,
1791300746,71B9WX3CHmqUur4htNtt4XwhT1uYf6CFMZxhsbKHpump,CHILL,6syq5sgjqpNd1y79QoLTZQbBPB9i8TJbi4H8qzvdhBZE,pumpswap,1791136378,0.000002579,2850.9,2507,2507,0,0,0,71.99,0,0,0,0,0,0,1,4,,,,-1.94,0,1,1,1,,,,,,,,,,,
1791300747,9LdFxvn2cMY2T6NDj3naThMhRUg7punCg6hAK5uXpump,CELLUMO,CuBA1yAerGgSZQ2RadhJhJh1zVjuZLK5zRyPFeGVzSPa,pumpswap,1791136365,0.000005186,5281.16,5097,5097,0,5.49,139.86,2566.54,0,0,0,1,8,17,47,106,,0.43,8.14,2.09,0,1,1,1,,,,,,,,,,,
1791300746,8M18sQ18YczeVSuN6oFixZSgmRHnrq9ndoD8ErYgmg1u,CARDGOBLIN,5p2VLggbasTrJndvxR2t3pqVxifVzsTEBbaMaeQPEe5S,meteora,1791135414,0.000007552,9050.61,6890,6890,0,35.53,744.49,8504.27,0,0,1,0,19,8,138,91,,0.67,11.05,78.38,0,1,1,1,DYN2,,,,,,,,,,
1791300751,HJabd1AEDtuRqp7kx2cyqiWXbpfCf23gTXmiJZVqpump,SMOLDRAGON,CxBEexgLNMmhxybM5WkmL8Mzr1h2yGGKEcoqLqo3zNU2,pumpfun,1791039739,0.00001883,,18837.18,18837.18,0,0,141.23,1682.99,0,0,0,0,12,1,35,32,,,4.17,3.82,0,1,2,1,,,,,,,,,,,
1791300747,9q6pPixZyJhGJGZno2pk724rqQ8uaRJye1sXnQ1jpump,Cardex,4r6mxWvc3WDaMGMKPY5Bb99ZeixpG4Tequ5JsfU5KBy6,pumpswap,1791134918,0.000002914,3020.37,2686,2686,0,0,0.64,4.51,0,0,0,0,0,2,0,6,,,8.19,4.97,0,1,1,1,,,,,,,,,,,
1791300749,D6MKSaDHFSrCJMGUssSMDV7i4yvcJSjrxR3BY422toiU,AC,GKjmX15KvfL7WbijGowr9XLWeEzgyhXU4Mdsqixszg6s,pumpswap,1791134844,0.000003092,3140.88,2939,2939,0,0.64,11.75,1150.92,0,0,0,1,1,5,21,34,,0.63,0.12,-2.72,0,1,1,1,,,,,,,,,,,
1791300747,A4FMKHyKcTkBg3DcGbhiCCTB7moxPpmEhZab17HcaYkV,ALON,DK4Nw8k4UBLM8ZB5tvFmt5Zu9gS6DPEydELj5Xdskcih,pumpswap,1791299861,0.00004286,17047.79,42863,42863,7529.27,37020.77,37020.77,37020.77,62,57,345,264,345,264,345,264,-22.9,-14.82,-14.82,-14.82,0,0,0,1,,,,,,,,,,,
1791300748,BbJJUTuGV2B7tJ99YeryiCBFLG39Hoc4RTzEwchtpump,EGO,AZBsSg82ZpspEF97t1G7pHWjaiKNTXMatwC3TGDqPKxK,pumpswap,1791132457,0.0001618,45719.6,156940,156940,2104.4,12683.16,95790.58,1240924.33,13,6,97,79,684,581,7629,6526,-3.42,-23.01,-10.43,185,0,1,1,1,,,,,,,,,,,
1791300752,kntrct9U7DfJqb9n3uPmAWvC5Bd3STfjs5oqt1zokcc,kontract,CV7n3n3gCciCRR8rnkgCKtNbyh7K6mVgDQ3GK1bM7Go2,pumpswap,1791160313,0.00001505,9456.18,14415,14415,0,1782.35,5337.32,33258.75,0,0,18,14,51,50,340,355,,5.82,3.33,-22.04,0,1,1,1,,,,,,,,,,,
1791300750,FLFRuLC7CCPXJtJTr4oAK7SBeQKEwLcAmG4u1eZapump,SpaceXSI,5V5WjGUqKWXEp7xkY5DQcFEXCwoACMZ73FNVSGFbj72L,pumpswap,1791133945,0.00001345,8589.73,12135,12135,0.39,15.53,1189.15,10669.04,2,0,7,1,29,37,150,126,-0.16,1.17,-18.14,-66.99,0,2,2,1,,,,,,,,,,,
1791300746,8RfgokotF4CW3BAAd6Pzy4ap9AHiZq236C63oB8J7nre,.si,BFK55XZY76DxX9xenZh7ShL3JuJmanLHqMBuaVXMuWK4,raydium,1790737744,0.00002129,12781.82,21292,21292,0,1997.63,2911.84,37297.18,0,0,14,11,31,29,331,327,,16.85,19.51,-74.92,0,0,1,1,CPMM,,,,,,,,,,
1791300746,6rXCb1aK833n9Xy5Y6VPXpScNAuzQzu3jvSUs6cN2RGy,GG,HEKmPbAHZXz13iA6ZrzdmQKvY9TwYsx2WegDReXj9jhT,raydium,1791037778,0.00003004,16972.57,30049,30049,0,377.76,3114.74,21467.4,0,1,5,12,37,34,256,268,,-5.29,-13.38,-42.27,0,1,1,1,CPMM,,,,,,,,,,
1791300750,DoVAVzViX8Bjy3r15nwikSaSbzE6dV4ovd28aWpJpump,HIGGS,BFrSZakeqNzVtM3EFhroo4eRhagmmWN8BRntiQKFH6Ru,pumpswap,1791117376,0.003685,253988.14,3570736,3570736,10728.49,83833.74,644597.57,7376741.18,42,22,346,365,2253,2204,26812,25517,-9.14,1.19,-7.55,182,0,1,1,1,,,,,,,,,,,
1791300746,6yud6LpwpMqUqfnh1nocU7tseTdVHwtLugQxv6331G4Z,CocaCola,EfPFdWrks8dF1g7T6ke6oPPsZTetcR9nAags4ztEuuw4,pumpswap,1791136779,0.000002131,2150.77,2120,2120,0,0,0,0.11,0,0,0,0,0,0,0,1,,,,,0,0,0,1,,,,,,,,,,,
1791300750,F5WvFdG9sCfhv3bVYAMJNWiwpx5e3X2uvpXDtLtdsDJs,Ash,6e4wZ83xEmcj3LP9JNwzncW2hu3qXDEKLQUw3G6LKT8U,pumpswap,1791128349,0.0002557,57049.57,250982,250982,1501.24,29319.11,152208.8,752441.03,9,9,146,207,930,1189,4468,5100,-2.44,6.3,-22.8,-70.01,0,1,1,1,,,,,,,,,,,
1791300748,AXxRj2uiUPq8ggiRPD8EdYzbj1vKQxuxtFDAQHPkpump,Build,8vsBt5jFbWWGAejAvsZqAyaC72kSrzexfFLRYFynXkZ5,pumpswap,1791119104,0.00001065,8073.16,9766,9766,0,619.72,3577.64,83270.47,0,0,6,8,65,58,874,935,,-13.32,1.68,-90.97,0,1,1,1,,,,,,,,,,,
1791300749,CpRkPw9M2iMDUozQFvkEeAjGJWucbLCJw3m3vZqdpump,BRIDGE,HdNba9ciTgWD6GGFcJXf4MMp21yAi61r6WCdAtru5wYd,pumpswap,1791063058,0.00002973,16759.83,26453,26453,477.78,1047.7,13945.52,95746.72,1,15,16,26,176,152,1300,1007,-10.84,-8.51,-34.24,-53.49,0,1,1,1,,,,,,,,,,,
1791300747,A6ABDPoWvYSy5PC6a68G6eByXSu7mteqPkXCoEVGpump,aiswim,9oMRjoAzr6ydT85XzbzJYEY1MxxFgAFT2GtwT7yZy8wp,pumpswap,1791148365,0.000002799,2918.67,2696,2696,0,0,59.49,110.92,0,0,0,0,1,2,2,15,,,2.27,0.62,0,1,1,1,,,,,,,,,,,
1791300745,4od8z2TZG5zFHoQoKkJNHvnp7hRgzYxS7n6ZbAArpump,MINIPAD,6x9M26RzmjVyK6s3ji41NSvLy7cNFGcpp6Yq8ua1GUq,pumpswap,1791148607,0.000002708,2684.61,2577,2577,0,0,17.52,60.96,0,0,0,0,0,2,2,11,,,-2.12,-1.61,0,1,1,1,,,,,,,,,,,
1791300752,cWfS3PoFz6sr8Pu4MW3jeFSawXtfmCV1FTJ4ujqpump,DONALDPHIL,39ad1kExmbMBE1yFUb6UGjEY6nZZ4WfP7sbSZyNPUVoP,pumpswap,1791148395,0.000002456,2570.28,2369,2369,0,0,0,5.6,0,0,0,0,0,0,1,3,,,,0.31,0,1,1,1,,,,,,,,,,,
1791300750,EFGKcRHyLbcUv9hfSDd1m3oEdJcs8DBu9wYA13Qpump,MEGA,619z9egz8fYGGYTBYSvA3ZiCwnYjdvuVmZbv8c6Rec8c,pumpswap,1791147490,0.000002329,2410.51,2258,2258,0,0,0,0.33,0,0,0,0,0,0,0,2,,,,0.77,0,1,1,1,,,,,,,,,,,
1791300748,C2pRFgAhBHFoVyWG3pLW8v7yKFsDr6GR5grLpL9Y6Fxp,NU7,A9Y57JHYVAQXbRXUBDcKCbmzJDpsS8DP3p43vPWLsDBu,raydium,1791148118,0.000004090,6117.47,4090,4090,0,0,0.88,2036.11,0,0,0,0,1,1,16,51,,,1.81,-22.62,0,1,1,1,CPMM,,,,,,,,,,
1791300745,4EC5d7pWdJfBxcqzMmnAmhUJwivP39fEn7ACSJAApump,swordbaton,Ho6JiVujaDEkqZ88FQFAYEVWfSXj2BAYX7BaJvAsYCuq,pumpswap,1791148428,0.000002441,2455.56,2358,2358,0,0,0,5.16,0,0,0,0,0,0,1,3,,,,-1.41,0,1,1,1,,,,,,,,,,,
1791300746,8HVvyA6rx3ivrXBA2RL1gbHVFjrzyPLryYywddMGpump,ANYCHAIN,zhVoifXLCAzvbtJ5NYnsdfuaaRBXNHhJgfd6cZZym9c,pumpswap,1791148998,0.000002808,2770.25,2567,2567,0,42.69,42.69,59.82,0,0,0,1,0,1,2,5,,-0.96,-0.96,-1.33,0,1,1,1,,,,,,,,,,,
1791300747,8nPoBHiBM6pybxMws9PA2JRb9BjkppBfqcZGmot4DMBC,Human,FB2Dw7CBcc2D1hKyf21kXKexESQFvsBNTVDjaUoGMRws,pumpswap,1791146340,0.0005065,94007.04,492675,492675,1079.2,43500.79,438533.79,2085659.95,17,24,227,303,2054,2327,11064,11010,1.61,-18.34,-34.95,-58.06,0,1,1,1,,,,,,,,,,,
1791300750,FA3YtURjye6H3EGCXGgXjCVjeggkRE4bURdvCK9Kpump,BEAT,75vZRiVki68fHjRkTeFy3JSg3LTGArmj2ouEzQ2Dzzt,pumpswap,1791144656,0.000002253,2254.9,2179,2179,0,0,0,9618.97,0,0,0,0,0,0,1,258,,,,-96.55,0,1,2,1,,,,,,,,,,,
1791300750,G939riCWgdnZyRSZwJm44nPr1SocioKcWH41w8JLpump,ShibaLisa,3MZmS9bSQT9LLp5J6CB8SeoLNidCKYdVKRveQKhEKNvX,pumpswap,1791146372,0.000003513,4422.35,3460,3460,0,0,6.96,284.91,0,0,0,0,2,1,8,23,,,1.77,-8.77,0,1,1,1,,,,,,,,,,,
1791300746,6HD1iyTY4ChvoFEKgQ2tV4rHavrpR1yJw9Kwyqtm7hmC,4CATS,CrzyhBWaSsYhfPWhHz9h7TBVAGpnHPMKkEnWiTsjBKVZ,pumpfun,1791143977,0.00004123,,41233.23,41233.23,221.74,1215.26,9255.65,39883.69,4,2,21,19,179,155,689,633,-2.43,-1.11,5.85,11.54,50,0,2,1,,,,,,,,,,,
1791300745,4SzWdVbXC7JiAtY5rH5MGc8HJPFAv6sSG97QEsjSpump,Minds,5Sp2E7NFbLpkRtMUgo3BfXQGuHLGXrXdh8CXRtt3zCF5,pumpswap,1791058201,0.000004526,4415.58,4357,4357,0,18.7,47.25,597.56,0,0,1,3,1,7,9,33,,-0.01,-2.94,-3.57,0,1,1,1,,,,,,,,,,,
1791300751,GYFLuEAZMDdpUsTmyGdHstuXQC3JB9ZqtZbfktpppump,SWAP,AgcjmdfxxoCJjnW5ZHQmJCoDqacEpeEQvbLpqpuBKne5,pumpswap,1791139152,0.000006561,6243.19,5717,5717,0,26.51,162.72,1245170.87,0,0,2,15,17,230,34102,15356,,1.9,3.18,-98.51,0,1,1,1,,,,,,,,,,,
1791300744,3rFkS11wPsqUtfFuqVJggsW9ypCnBjS339Yir2e5PpAs,MAYA,FrhWF5m8PqU2NYDHQyHFfy8L5QBsivSJo7zrqxKFc6bT,pumpswap,1791126943,0.00003667,17082.02,34769,34769,857.67,6329.01,25959.36,321963.02,5,6,43,47,231,217,2307,1816,-5.2,-19.61,-37.47,15.06,0,1,1,1,,,,,,,,,,,
1791300745,3sfF6VyrW9MJwWoFvYC51UK4pPp7P5H4wRPqqHTbpump,SHIBO,9SMtZ6zxsRXzUjQWmsrUbbGnMfuSoL4rhfqeF8yA9G8R,pumpswap,1791136189,0.00001212,8201.04,11869,11869,151.32,180.59,1023.96,8515.95,0,1,0,5,16,25,142,178,-3.17,-4.21,-10.06,-13.74,0,0,1,1,,,,,,,,,,,
1791300747,9BMxogSGKhqmSxekWzi7qJsWmNvcbdsn5N5vHd2Kpump,REICH,3NmEADNsEH7Pxfo7hs62wcywueSqYUZ3fzsy1VrbFcq1,pumpswap,1791133136,0.000007880,6330.11,7746,7746,0,148.47,441.51,9701.5,0,0,3,0,12,10,123,117,,8.88,10.57,-55.27,0,0,1,1,,,,,,,,,,,
1791300750,ELDVw599vxfDg97hwNTvfVShzq76RJpKsWjJ6QBbitKs,GIFTCAT,93B72GQAkrUYrYtoueTVJM8H4ghnnDuL8mFP5scfge7b,raydium,1791138066,0.00003372,17088.12,33729,33729,0,746.69,4214.07,28869.76,0,0,8,1,36,34,239,159,,17.51,-6.55,-50.68,10,1,2,1,CPMM,,,,,,,,,,
1791300747,A1Ciq7NGoCdd3wYb5HQTcenE2wyMRKPpebKWGD3Bkdn4,NIGGAPUBES,3kJfdiDoTgAXDTWBRdL7xsgzCw4yEJyj5smu9Wu9FhnR,pumpswap,1791148239,0.000005013,4636.97,4902,4902,0,27.87,39.09,1703.14,0,0,0,1,1,5,17,39,,-0.11,1.11,-5.22,0,0,0,1,,,,,,,,,,,
1791300752,RZ9oqn7BVmwGKAh1Nce7Mr9Zfbji8aY2xzEPPC2pump,Google,3DJP4BmS1K4B9y8rBFKQnAWxhsBPYw8dLnhXRXWyQD3M,pumpswap,1791147303,0.000002128,2150.18,2118,2118,0,0,0,0.1,0,0,0,0,0,0,0,1,,,,,0,0,0,1,,,,,,,,,,,
1791300751,GaGoBQFrgCGo3VjkSVNfK4up5Pz3VGLECvvfxx4Wpump,SPAID,2VwLWKEK54vJLsxCJGAhZ3bQmPTZLiCoU8LKTBnSEgQE,pumpswap,1791148125,0.000002321,2392.26,2232,2232,0,0,0,5.97,0,0,0,0,0,0,1,5,,,,0.67,0,0,0,1,,,,,,,,,,,
1791300751,HW6mnfHambF4Hu3oT3PpmRXgeJS7GxDWgZv2XJzcpump,Network,ENZWyHt9va55ayFbahGZtxQcXRnq3CJWuGerkPoXSaTV,pumpswap,1791144989,0.000004499,4497.16,4315,4315,0.03,28.48,49.39,9027.22,0,1,1,4,1,17,149,405,-0.29,-1.28,-2.17,-85.85,0,1,1,1,,,,,,,,,,,
1791300749,CwxDiMSjZM4h1vCNtqAoWJnUwVuRJrMxEZzTcM82pump,PERSONA,4CmJn6qQqzfUr7ZNzHJk9wpCxLUNXA6EaEcKA5zL5rKr,pumpswap,1791150192,0.000002622,2681.99,2501,2501,0,0,8.84,11.45,0,0,0,0,1,3,1,10,,,-0.27,0.12,0,1,1,1,,,,,,,,,,,
1791300746,6MnQ921sqsShymdoqPv2RfhL5g2Hk2hoqPvgpDGcpump,APP,3qsLAK2seZi8s25TXDnR8gSdXb9jbMzi8DoyMZsWPiWv,pumpswap,1791195488,0.00007616,23077.75,72693,72693,346.01,3604.97,11245.36,112177.15,3,2,25,23,116,80,966,636,-2.9,46.6,17.54,-3.11,0,2,1,1,,,,,,,,,,,
1791300746,72BNB9aZvqv9hokQoXRpkVe8eE48vxQ4wR6Wh3J1pump,trade/up,J9j9M3sGhmCmSJmtESD2KpNBmdTYhkV9uxeXmxY5fSCV,pumpswap,1791150066,0.000002843,3002.71,2771,2771,0,0,0.13,7.36,0,0,0,0,0,1,1,7,,,1.11,4.17,0,1,1,1,,,,,,,,,,,
1791300752,eyfwpQxwtUgC8Vmvk1daRxeLe3RTA9FrpK1HHrFpump,PLAGUE,FqycVQND5KbRMzQ9EgyUySZpoQp15p1oe5iDpTeEpu2y,pumpswap,1791155341,0.00003317,14869.11,31988,31988,363.19,12196.77,38220.16,106918.67,3,7,88,123,561,546,973,1044,-4.49,-45.88,-54.28,-87.63,100,1,2,1,,,,,,,,,,,
1791300751,H7wJ1wbbdu4ZCom6yegVaJxWBvdjLQ3NaNZbJsb8vAni,QUOTA,7D6L3Z1Vwz1WMmwc2SA4hDiRWHa2jhPg9FxWVjVRYwLH,meteora,1791141770,0.000005148,7613.55,5055,5055,0,10.09,106.83,1781.27,0,0,2,2,3,9,48,98,,0.23,-3.19,-31.05,0,1,1,1,DYN2,,,,,,,,,,
1791300747,9XKzy4KahcZaGJPJtz1PtqGPB3CiseoBrx7TcQhEpump,GOMO,5a7QurJLARt146JajJYPe5nh6vLyFpN2QrHUSLqbsCZy,pumpswap,1791150590,0.0008842,87947.89,739611,739611,3279.79,78493.92,313288.37,1177266.77,17,9,376,218,1408,999,5960,4300,-4.81,-6.96,54.86,71.03,100,1,1,1,,,,,,,,,,,
1791300751,HM96W5SAoGfUvP7aorB5BAQyjFRhjgFusoUFq5JboM33,SHARKTANK,Hd78uoWGxJ1rG2KYHQYZnpjnVEpmfy8MxTWjQY1zroZR,pumpswap,1791147296,0.000002767,2932.91,2636,2636,0,0,0,6.44,0,0,0,0,0,0,0,6,,,,0.64,0,1,1,1,,,,,,,,,,,
1791300747,8SS7uMySUej4a3sYbQRdNehUkk5D5YvBVcNWhcYupump,Bananaut,97VGz5f36jfRJ2deFbW735oyXtWQ6SvjSrxCqXcH5oCK,pumpswap,1791150198,0.000002327,2353.46,2236,2236,0,0,0,29.94,0,0,0,0,0,0,4,5,,,,-0.88,0,0,0,1,,,,,,,,,,,
1791300752,HnQfszif8xKSkHu6Vvh6LrHKKfdCg1EJuVNGAaVXpump,AISWIM,CvM79iifbgnMb5tbpbq8UL7HQFLJ5NndTjnDporVv171,pumpswap,1791150498,0.000002573,2565.35,2346,2346,0,0,0.57,7.43,0,0,0,0,0,1,1,3,,,-0.55,-1.27,0,0,0,1,,,,,,,,,,,
1791300746,6bmC8NGLPhUK26neLjmYhdyTh8WQteuNK6rVDx35ncv5,xSI,3T55WGUyZG5zVQMENcQp11jZRfREA5jyW4fo7rMoxgdB,pumpswap,1791152267,0.000004770,4633.7,4183,4183,0,0,29.32,1599.93,0,0,0,0,2,0,13,13,,,-5.88,-10.23,0,0,1,1,,,,,,,,,,,
1791300745,4KjbJ4SUWVNXGAoN89s2QLVdZ6PtNvWFykp999Tfpump,Stickman,6Gs6t9J94PKnFp4G2EPEzjXCUiUPxGg8VCMUjLsSNDc4,pumpswap,1791152025,0.000002608,2642.48,2488,2488,0,0,3.96,485.41,0,0,0,0,0,1,2,14,,,-0.6,-15.72,0,0,1,1,,,,,,,,,,,
1791300744,2rFNkrUaPdTFSCNu5KJoGL2Aiq7YZDE8DYZGZzAJCoKc,king,7GnXYByz4K5DXpvCGSr62TyYhtVHSvqzq5hCsa4W2yCX,pumpswap,1791152563,0.000003163,3074.63,2937,2937,0,148.6,198.76,4857.25,0,0,1,2,1,7,81,105,,3.95,-0.32,-64.91,0,1,1,1,,,,,,,,,,,
1791300752,HouYLe8wvj3Hp3Ayko242vi8xDYHpV9pqrNcQkZ9KRYV,BURNER,9QeX5Piu8VUTG2zWDaijKVwaRPkfRM56DptCraoubeYk,meteoradbc,1791132182,0.000006691,,6125.41,6125.41,0,140.23,490.36,5103.77,0,0,1,2,8,7,28,51,,-5.38,2.74,-69.05,0,1,1,1,,,,,,,,,,,
1791300749,C8ivuAd8xzEyf7aCKDXF4cD4oYsbamtvdNqiC1oNpump,BABYBATON,EdzPCPKCGFpBUbbbv4Tech8wa1pGf2oZpjASqGGZfrbg,pumpswap,1791153042,0.00002298,11564.88,21526,21526,14.32,1284.61,16378.79,29955.73,3,0,33,12,202,122,426,274,0.46,28.43,13.29,4.73,0,0,2,1,,,,,,,,,,,
1791300751,GbdUYiGiRxhr146N8d5hemgcscU8YUW8oYbKJhuApump,XFUN,GTVJzZc2PfPKSWWGw5LJPBpqaUDsTXux1Lw9xvXqZqiS,pumpswap,1791152088,0.000003415,3630.66,3362,3362,0,5.49,44.21,480.86,0,0,0,2,0,10,16,52,,0.42,-2.95,-21.99,0,1,1,1,,,,,,,,,,,
1791300750,EDGZJJi7UhkqTNLsSEamNVZBDTVXPKepzEGvwEUCYJGK,Caviar,5CxBjKdtzYsgKMDUdjhiFDQkkCDXvtaGAVFP3br6LjAr,pumpswap,1791149803,0.000009004,6703.99,8696,8696,0,188.11,1557.34,4885.69,0,0,1,1,5,11,26,37,,12.7,-27.4,-44.34,0,0,1,1,,,,,,,,,,,
1791300752,WPQCYWEtt34y8LK8DKfnod47WrytYVWDYRfNNbmdYB8,SHIP,J2VvG2BvjdrgpW9BCmBG9UcmFx11pmuYEWgZVJQV9nyY,meteora,1790977091,0.000009954,7199.45,9837,9837,0,97.13,1042.1,15198.13,0,0,6,5,22,22,497,265,,0.54,-34.11,-6.87,0,1,1,1,DYN2,,,,,,,,,,
1791300750,Ec22aivh9SSMJVMQ2j7LQ25JoPri6pACGkaN769epump,PCNDL,HxqEDJZMVEzXYsEVHh6qJYbmHS7H6trBXWQawPCmbBkQ,pumpswap,1791152015,0.000002407,2574.61,2347,2347,0,0,0.07,0.07,0,0,0,0,0,1,0,5,,,17.75,0.76,0,0,0,1,,,,,,,,,,,
1791300744,2imAkkGjbchanvnzB3p5AtPSUsLagE6E9g9VRR7dpump,Human,AKW6t4Q9BtMELvJfQujjWvcVvzqirk89xwR1fNi7KQQD,pumpswap,1791151700,0.000002171,2186.89,2160,2160,0,0,0,27.15,0,0,0,0,0,0,1,0,,,,,0,0,0,1,,,,,,,,,,,
1791300750,EvwGJQ3Xp3h8hgHrSwAhBgSy7QAAzh7XSeah5gjBpump,bracket,DLydQhvexbV93mowsKVWJSxK6jXiPWCeRnTn5uA9H1Sk,pumpswap,1791154140,0.00001967,10812.31,18180,18180,269.18,1766.73,11993.41,89510.77,1,1,13,15,119,99,731,505,3.73,-13.42,-22.37,3.94,0,1,1,1,,,,,,,,,,,
1791300752,HbPDWSqu8hpVMX6gMjwMDGe5rVgicWo3Qh3Jaojypump,Frank,745ATaSSWxvry5qt1XVv9eXuG884hDvNJfvA2o82dNBi,pumpswap,1791152156,0.0002706,48725.27,257255,257255,8834.13,83590.54,400494.19,535210.03,83,72,985,795,4137,3262,5582,4592,13.72,32.09,314,253,20,0,3,1,,,,,,,,,,,
1791300746,7HE2WmPoYE7uaA7DKh25N5cUwEcUoiyjwZU9ZeaQpump,pup,TkDnwe4TZETkX4gUzPj6k35dE9ryvuJVeBrhiqECxvn,pumpswap,1791152610,0.000006908,5876.91,6735,6735,0,143.73,670.23,5746.72,0,0,2,2,14,16,88,103,,-5.03,-28.95,-44.16,0,1,1,1,,,,,,,,,,,
1791300749,CkYC13iy8CsrWXKz3zqhjoyLvGBH2zFFwQKrcrvApump,CHARLES,7FMstDyWNvDdG78m8mrGWVwc4MWMCuFybAe6nF1sZFpo,pumpswap,1791152177,0.00006751,22218.93,63682,63682,0.54,813.85,12323.88,65632.5,0,1,6,8,57,57,407,538,-0.49,5.3,-22.16,-28.05,0,0,2,1,,,,,,,,,,,
1791300747,8nKp4JkesNtDgu3PiSjdTdNSrtBt8YCHhW8BU14wpump,BATONROGUE,CGFDdPEpn1SfTJXDnRYb1BWS6aTAuWXBd4gCf1LddVt6,pumpswap,1791149814,0.000003283,4167.65,3249,3249,0,0,31.55,1650830.66,0,0,0,0,2,1,33170,32104,,,2.48,-99.52,0,1,1,1,,,,,,,,,,,
1791300745,5YQYeEqfMWDY8uCaTTfwMqKQPpJn1jMwf1XU6okqWzRR,SHIBLING,9qnQYmAbJNf7KsGTvTz1yPo83N6VrZkzQJ21cRocDddx,raydium,1791149450,0.0002741,50515.1,274114,274114,0,0,1560.42,22008.89,0,0,0,0,10,15,137,137,,,-0.86,7.85,0,1,2,1,CPMM,,,,,,,,,,
1791300752,mj84V4jxj6dtJMBNUhcxcZDJRZTixwBtsTnKFm3pump,SI,FjDawnHkFvpz53s2hf2arAsXpuTsSZYVACrM3mCkSW2o,pumpswap,1791209344,0.00006298,24870.07,61239,61239,28.78,468.6,10510.48,118020.36,1,0,4,9,51,51,794,620,0.69,-2.09,10.5,19.71,0,0,1,1,,,,,,,,,,,
1791300752,bgzZngPG4bZTPRFjsyaVA12LMP64ZgFjdjjzHZ9qQNR,PSTR,JBn3psJ6PCDCp5t7e6NtJtjAYBBFtZoQsXFe7v6Y1JbX,raydium,1791153877,0.00004669,21960.21,46696,46696,4.84,4747.37,12597.75,83035.49,1,0,38,16,89,70,539,439,-0.08,-29.79,-27.93,-67.44,0,0,1,1,CPMM,,,,,,,,,,
1791300746,5nv89wwFitM1K54YHS6RxP5B4MQw6HSLXvCnG9NMpump,MRSKIBIDI,H37ggfEnmtSd2sCChCMXzs4KLG4y75PThs22Bs9ZG8DH,pumpswap,1791153912,0.000002391,2492.09,2328,2328,0,0.13,0.13,0.68,0,0,0,1,0,1,0,5,,0.81,0.81,2.01,0,0,0,1,,,,,,,,,,,
1791300752,HrE9zDmGnvXz4zXxZffg5dTiQhcb4WnG2w2RNd9Wpump,HOOKEDPEPE,5uTp6ZDjbEYJyBM5FBQC2XUeFiFKFs3n9ZFCFUG9tJGr,pumpswap,1791153416,0.000002521,2763.03,2447,2447,0,0,0,1.06,0,0,0,0,0,0,1,1,,,,-2,0,0,0,1,,,,,,,,,,,
1791300748,AYHHpvAVf27Rv64PBPXHEJKg8MXaJ35vmsn8GV6wFigf,zDOG,A9aYRn45tHVBnXkhASb5AjkPgKxvdrqvreeZUsCm1rDh,raydium,1791155823,0.00002643,16581.95,26434,26434,26.73,2887.69,19632.44,111402.23,1,0,27,30,186,152,1131,875,0.62,-16.59,43.88,6.54,10,1,1,1,CPMM,,,,,,,,,,
1791300746,7mv1ijAoQFf8YVCiit55NamECzYoRaGT2kuHSH6gpump,JOEkin,AtZdn4fc9p9X6suMfZn3Q9i4c4arRdh2UMFkUA9H1j1s,pumpswap,1791154715,0.000004271,5638.77,4100,4100,0,0.19,190.54,2201.8,0,0,0,1,6,5,21,34,,1.13,2.49,-53.73,0,1,1,1,,,,,,,,,,,
1791300747,9BMbyUfW6g4ptTGqyZeLdKRMz9tM4ssSgUEKYK94hook,HOOKER,CpEJX4hDGhce57vfyzbZV3UougyS9GGw5rnNGRxW8Bao,pumpswap,1791154117,0.0001022,30081.23,95818,95818,922.85,23952.42,46878.35,538420.05,4,3,110,118,311,308,3212,2717,2.07,4.06,56.91,418,0,2,1,1,,,,,,,,,,,
1791300745,59dv3aw6NMNKTXskt5BNqZUWnDTs2MkX2KYobBsgpump,AGENTCAST,43EMdiPiMonst54JdBouBYh3NH6GyyZAxDoTuBDak1UF,pumpswap,1791155832,0.000003059,3134.43,2935,2935,0,1.56,18.06,224.61,0,0,0,2,1,4,3,28,,0.35,-0.15,-11.81,0,1,1,1,,,,,,,,,,,
1791300746,7jXpuNLyxAfVWS5x4Za6bjqBwnrz22iR7aQCSeLLpump,AlterLife,61HBL2Z5N4sdgyRjYntxSG6KEB4sCybbbm9RwV55v93v,pumpswap,1791155394,0.000002951,3062.74,2881,2881,0,0.01,10.85,46.87,0,0,0,1,0,4,2,19,,0.12,-0.41,-1.41,0,0,0,1,,,,,,,,,,,
1791300747,8qbTt3Xd1mmQJU4Mwjm8TiAXCdugdVRsxDjH7aASroot,root,GxWmy2UEWGstgbFQeaG3i67TD45SFmbWERjVWep81qTE,pumpswap,1791157516,0.000003216,3290.97,3144,3144,0,0,31.03,139.4,0,0,0,0,0,3,3,24,,,0.35,-6.46,0,1,1,1,,,,,,,,,,,
1791300752,S4DwGRAM46cPxcadXDFUiRfLcVu4VJ2fypXvTvGmjtT,SWIPE,9aqFmK4rMXtmuuBe1WWc7D8tNjmLT11SRpMxa8QQs1Kb,pumpswap,1791157378,0.000002573,2641.29,2479,2479,0,0.12,0.12,43.28,0,0,0,2,0,3,2,15,,1.37,1.52,-1.06,0,0,0,1,,,,,,,,,,,
1791300744,3eQSKbRyeKfDkHXPLGBt4uP2fiBBL5tiyNd8hqDLpump,CLONE,AC4zufW2pSm3ezn3Ki96fUYV4k6ZGtXEKn4UsGkwx5iX,pumpswap,1791162555,0.000003615,3547.29,3533,3533,0,75.03,96.49,744.81,0,0,1,4,3,6,12,44,,-0.67,0.9,-25.06,0,1,2,1,,,,,,,,,,,
1791300749,CyChQHfYv6Cn8rP1myNFhdVCGq25Fcah6wzTkiu9pump,MEMEAGENCY,7cBNAJXqWjDuPHf1wWEMLcTLx1wbFqDeNnV2St2F3C6Q,pumpswap,1791109245,0.000007291,6411.61,7164,7164,5.24,1372.49,731058.44,2117818.52,0,1,30,15,4886,16713,12528,20249,-0.52,33.34,-99.89,-99.27,0,1,1,1,,,,,,,,,,,
1791300751,GszmgSqbt9huNYJfQtG1wbcqszKnmNkd6dxEJWrYpump,HIGCAT,GYfkSEA9XjnwWh3bD436uNvufpHtCr6wb6nHyqwd4xSx,pumpswap,1791158481,0.000003325,3293.5,3209,3209,0,0,132.14,658.02,0,0,0,0,2,0,8,6,,,10.08,27.88,0,1,1,1,,,,,,,,,,,
1791300752,fKZGW5c7kgVN8FbFKZohEnmUdUsrdimZ4BBHQYp2eEj,PLAGUE,Axz8cDfWox59WCmPf5i848yyUrZXmKmkJLMy5XU2dcED,raydium,1791144292,0.00003766,18654,37666,37666,38.92,1778.57,18393.38,145680.64,1,0,21,16,201,136,1097,750,0.83,3.79,-23.1,71.65,0,0,1,1,CPMM,,,,,,,,,,
1791300746,5nkEwLHNagMERJWWuiaFsuRukLvauWkoVTRxZ5TNP4eL,SP,GFoqbauawKqFgMDu6xHbeqDLFPq46ped4LuY8p6GbpY5,raydium,1791156878,0.0001339,29889.51,133983,133983,361.59,5414.57,9816.69,23917.55,4,3,42,32,97,49,260,154,-0.8,54.25,85.56,71.98,10,1,1,1,CPMM,,,,,,,,,,
1791300746,6o8QVhkARAchGLeNSfH82juqLzTYNLWzRDfVUi2FUmvM,Army,2FPoW8aAFrEmBk4ANd6Fi3h18aU63AR8dpBH9fJQRhwM,raydium,1791130222,0.00005141,22704.5,51419,51419,320.94,2237.31,15647.95,136163.28,2,2,43,28,207,141,1460,963,-3.39,-13.1,-24.96,-69.48,0,1,1,1,CPMM,,,,,,,,,,
1791300749,CfPw8WouChtH7WegV8oYydCvJ1DnJbPZf9dQ7EpmpZ6Z,SI,6GP7SFehBJNiRv6ZwQTSouVrRwQ8yqo1FXuTeBvy9yhG,pumpswap,1791159608,0.000004905,4731.42,4756,4756,0,5.62,244.38,10531.07,0,0,1,2,4,10,125,161,,-0.17,-5.99,-60.95,0,1,1,1,,,,,,,,,,,
1791300746,75gGuxuqKhQQiHae8JKDQaetK3XguKf1rUJ1csispump,Attention+,2QGRoYSrgEEPNC3GESizBikCkdV7fqsT86StY4D8xNdn,pumpswap,1791103455,0.0002999,58513.56,288965,288965,2832.58,52084.55,140237.59,562569.6,14,14,281,218,847,694,4212,3976,-1.73,16.93,60.5,-45.74,0,1,1,1,,,,,,,,,,,
1791300751,H6HtDYXzG8Q2hmNsU7d1MfKaTMq87odXummSNj8Rpump,nut,6ZTSKWDobV2jnyMmrf3vGqy1WZ62iZuQnnwycoZvSmuq,pumpswap,1791161092,0.000004858,4636.49,4801,4801,0,0,5.3,2870.34,0,0,0,0,0,2,37,53,,,-0.51,-27.5,0,0,1,1,,,,,,,,,,,
1791300744,2w2K6Yxc5VqTGcrnrkGWETHsjjGEZ83T8TCYwmTBpump,HUMAN,G5CkyCqyWhwYtA36oCfJW1cK7DqYBcYM8k9tenhfn6sa,pumpswap,1791160844,0.000002714,3114.96,2670,2670,0,0,19.3,94.2,0,0,0,0,1,7,52,42,,,-0.77,1.99,0,1,2,1,,,,,,,,,,,
1791300751,HMuSJ7L7CsrB6nvHZmWWTbzoGmpJ6rR92EgzJsqGkGTj,obel,HPrNRYAE9WD8wrYZpphtJFUdgiFJb1nfompwWJasGjr,pumpswap,1791160369,0.000004436,4125.28,4151,4151,0,0.53,324.14,9907.89,0,0,0,1,1,12,100,155,,1.72,-11.26,-57.03,0,1,1,1,,,,,,,,,,,
1791300748,ASwn3kAd31pssKYVa6JAahE1xz7SeMVBWxEc7sRPpump,nomo,AFmqfbotp2Ajav1LW59Z12bkbBtkiH9rgGsu4EX93f1B,pumpswap,1791161825,0.000002662,2688.4,2518,2518,0,0,5.41,290.66,0,0,0,0,1,3,1,20,,,1.63,-18.34,0,1,1,1,,,,,,,,,,,
1791300744,2trQcQbEiSsNCGhjUKZ7cNtcREgjFdGeTHndet2kpump,SIF,96yJma4gn885iUi61syLMdH5XjMTz1AGoxNHcBM5rAk7,pumpswap,1791158740,0.000002324,2460.49,2287,2287,0,0,1.27,11.74,0,0,0,0,0,1,2,2,,,-1.54,1.47,0,1,1,1,,,,,,,,,,,
1791300748,BJo735tuk4F8uRRxjsSENXSMPFeY4i6Gi3FpF5NWREsG,DUVAL,Hpw5cfDYjEDA5YEbwuoEHeH4SMtx3FtqCYdLKPT2B5Yh,pumpswap,1791160693,0.00001402,9048.07,13430,13430,310.4,2543.64,5588.89,31122.19,7,0,47,20,102,60,399,430,11.81,24.76,45.16,-52.7,0,0,0,1,,,,,,,,,,,
1791300750,F6Pi51q1EH5BQxvoqoRYXQMBTB7ZsUSkbRtpYo46pump,Agents,GNAg8JUNj7dw9CJkvx3iS7yf5c6pHwNYqmucVu4AdDnP,pumpswap,1791163290,0.000002345,2359.89,2252,2252,0,0,0,17.94,0,0,0,0,0,0,3,5,,,,-0.9,0,1,1,1,,,,,,,,,,,
1791300749,CSEd3Pi5WZL7w5vmwNjDVXv8poAqSv2Dn1as1erUpump,GENESIS,6e3TKAjRDpHCPuWRLDCfZQF3eFXZ8E1ZVPAkQG9mVW69,pumpswap,1791162577,0.00001979,12254.79,18895,18895,121.15,1229.05,6017.1,48188.18,3,1,24,18,180,114,746,752,1.91,24.62,47.1,-38.98,0,1,1,1,,,,,,,,,,,
1791300750,FgGwBhF9fpyTR25gzuzDsaf2STRdTqCV2GiL8ZYj3rYr,SIF,da9syNoAgPBE1dQ3qzSMMLnHTqWV6c64XRZ6C8ZGt9m,raydium,1791113097,0.00005976,26008.16,59765,59765,112.11,2090.32,7651.67,74620.98,2,2,19,14,105,89,800,727,-0.78,13.66,27.28,-55.83,0,1,0,1,CPMM,,,,,,,,,,
1791300749,CvuoNHTD6U23TeEgRyqi3zYEtT1ajJoevSoyJ541kwU9,ELON,EBErZEZr3pKuqWCZTyK4CXJ7YSuDoECkUUciyBJ1iLDk,pumpswap,1791163100,0.000002131,2146.77,2121,2121,0,0,0,3.24,0,0,0,0,0,0,0,1,,,,,0,0,0,1,,,,,,,,,,,
1791300746,5upRfw5LRZ5jiE4htUCdmBAMHXjerQebtkkvefghpump,SOLANA,Fhezmeh78SNvSGHuEhnjybS4oSyk4WmpdGPoUDp7S5MC,pumpswap,1791161535,0.000002145,2178.36,2137,2137,0,0,0,10.9,0,0,0,0,0,0,2,2,,,,-1.67,0,0,0,1,,,,,,,,,,,
1791300744,2nbbq11odrMYq9dgW3v5RSkv2ynWJB7UxAgcVptMpump,Grok,9hDUUubhLtxnLAPAZibCuDoAgRHEVditfggDWosws9u1,pumpswap,1791162913,0.000002150,2170.8,2139,2139,0,0,0,4.54,0,0,0,0,0,0,1,1,,,,-1.27,0,0,0,1,,,,,,,,,,,
1791300746,6L2QGe2KnKQG3f1mHkvXLPE7JqbHgmSgVnrB3sCakm1A,HUGO,5f4axeoBjxA4BjprE51BymKsTxBUKqdX6x1JdXDjopu9,meteoradbc,1791163068,0.000005758,,5758.95,5758.95,0,0,3.14,2105.22,0,0,0,0,0,1,14,34,,,-1.1,-12.91,0,1,1,1,,,,,,,,,,,
1791300746,67edGEcvxoGbJWf14Dmo34ma8bV2XbWgUte4LUj3pump,REACH,WGX34P9b3addDyTkk4oAPGHP3xrLCRfRRHNyUr5YiC1,pumpswap,1791162916,0.00004629,18109.62,43679,43679,0,11.43,245.87,8770.21,0,0,1,2,3,10,41,94,,0.48,-3.11,-37.32,0,1,1,1,,,,,,,,,,,
1791300752,RikBYwNbAjUJG2vkwx3TPwvXenFwXc18jUTj75G9sha,SHARDS,8BnRguVwp7RhurEWuYuNvebBp5guKvMTLeKqZsTwRC7a,meteora,1791163453,0.000002144,4177.89,2144,2144,0,0,0,4.09,0,0,0,0,0,0,0,6,,,,-0.19,0,1,1,1,DYN2,,,,,,,,,,
1791300745,4Y6sTcqwiqnVQ5RjZcbfz6uEo4pQUPBEni96zTjMpump,DJCECE,HmWJA7VfLg2oHnywYtzZs4NFT7m67XCabGPnjy2Ry38C,pumpswap,1791160423,0.001008,85640.17,984935,984935,306.13,1725.24,5437.65,50107.61,1,1,10,2,18,11,145,114,0.92,7.39,2.93,-12.27,0,2,2,1,,,,,,,,,,,
1791300747,9r3c4As6KmMcHi9MjpmCWZkDiiBmHnLHg1ZE3JSTpump,ODDSY,QKd5uoHKNaAopmKB5nQ1E5hC7bm13bwLV6wXNS6M57r,pumpswap,1791163000,0.000003483,3320.6,3295,3295,0,0,2.07,1130.04,0,0,0,0,1,1,5,30,,,0.61,-46.19,0,1,1,1,,,,,,,,,,,
1791300749,DJnYwPtm6SCNp6cpeVJRymVc55aoH4PqSWMkQqeqpump,MEMAI,8pNFK2wxruJSJYhZLnNw3zsCevshACafcACr1QywYHrK,pumpswap,1791164678,0.000004343,3980.16,4054,4054,0,0.44,40.14,4855.19,0,0,0,1,10,5,49,76,,-0.15,-0.68,-62.44,0,0,0,1,,,,,,,,,,,
1791300745,5NBzPgQZYQ9nKwzPZF7rt3CgzguAbwgCHfLWNR6zpump,Claude,FKQdHfZab8koYtZWc83pNYxvQP1rV3oz6FpgYU5z9U97,pumpswap,1791163354,0.000002156,2181.49,2147,2147,0,0,0,5.7,0,0,0,0,0,0,1,1,,,,-1.27,0,0,0,1,,,,,,,,,,,
1791300749,DCPHkFepQeetS5pytaDgkcktQ5M8XL4y2v3dojkWpump,HUMAN,HUpussR4HxVj52evYmgSf4n1bHFNP48idqV2y9Wkm7mJ,pumpswap,1791163566,0.000002826,3270,2774,2774,0,0,0,2.66,0,0,0,0,0,0,0,2,,,,-0.86,0,1,1,1,,,,,,,,,,,
1791300750,FK5k1o8sKAT7CL6XWoqqsyoPhkzpiK35XRDH5Ty9pump,HUMANSPAD,7V9pAW12QriNqavY4V93mAgxGEbMqtSbunVCAj4egkrm,pumpswap,1791167677,0.000003374,3240.91,2792,2792,0,2.19,2.19,29.95,0,0,0,1,0,1,1,12,,1.03,1.03,-0.61,0,1,1,1,,,,,,,,,,,
1791300750,G99RVCRTqtGBQQ6svNxbGQhVMAbcLAY7dCtd75kkZUhS,TEXCAT,DkU4YrmGxMnFYvxL194Tj1PoBDcg1qpcoLEbKZisLDtp,pumpswap,1791164882,0.00001143,7971.03,11074,11074,27.27,211.11,7980.04,52590.95,0,1,2,5,102,80,625,565,-1.67,-3.81,35.06,4.96,0,1,1,1,,,,,,,,,,,
1791300748,Bt4P59vEwmfrY92wfkWmxZLavdDTCEA2bGoRA9mVpyCx,NOTAI,Gf3h5Epu1wM9SRoMUfriy2haMSkxpdEh5zi9QtJLh3Dy,pumpswap,1791166596,0.000002923,2893.38,2788,2788,0,0,2.14,363.54,0,0,0,0,0,1,0,27,,,-0.15,-26.68,0,1,1,1,,,,,,,,,,,
1791300748,BukX7ybJBAsnLAJra51ZzsJkds5jkMAnRpbiZFoMvFLM,FLUME,5jNyR51DRvWkFfPvxDNPmSgRQfHgzGSdkkqdzagJB8Qy,meteora,1791169618,0.000008278,8248.69,7635,7635,36.13,1350.16,8682.33,49087.22,3,1,40,12,180,90,811,455,-3.3,-26.41,-39.15,-44.34,0,1,1,1,DYN2,,,,,,,,,,
1791300747,8t1dA3q8ybEE3eLKr1jj8cF8es6mAjSYMVsXabshpump,FOMOWEEN,7QQJf5ZjSmnvtizAAHAjqQ8fZH81nN7n62ipCv69d2xX,pumpswap,1791161024,0.000003295,3183.9,3123,3123,0,0,12.05,139.53,0,0,0,0,2,2,24,29,,,-0.61,-3.01,0,1,1,1,,,,,,,,,,,
1791300749,Cy8oivbihjxjJ9aLY2A2a6ThXh3mt6zbqJgoanRMpump,JeanA,CMCPdWdsR8fL4woZdEQ3RbmxxneDezc78iT3WswijqT4,pumpswap,1791166477,0.000002397,2545.05,2326,2326,0,0,0,8.29,0,0,0,0,0,0,3,11,,,,0.94,0,0,0,1,,,,,,,,,,,
1791300750,Ft4c4oKLZVWUU4nT6oRgKSNAydFVeCRTDZC8fZ56pump,FBT,2Wo4CXmcyoJpua4eNfiDyGHvDkc4t1besQAK8U1QHPJP,pumpswap,1791173881,0.000004986,4436.88,4821,4821,106.76,193.45,278.57,2154.23,0,1,1,2,2,6,9,57,-4.23,-0.39,2.05,-46.46,0,1,1,1,,,,,,,,,,,
1791300744,2SXnYy9TewvZ1FjJf96aE6xbYB7fiqMMXoRzznNtpump,SOLgiving,CJFvYJvgduNmSCd2h65NsNusU61UcdaKApAi1YgYgoV6,pumpswap,1791167866,0.000003790,3593.99,3649,3649,0,7.14,137.24,39228.7,0,0,1,1,5,8,28648,18900,,1.7,-0.73,-94.25,0,0,1,1,,,,,,,,,,,
1791300747,9RGUcJkuT3G5wCpKc3GLU15uUuAHNmVZSPxZthWJJCJ2,PUMPIT,B2uuxoYVrPockU1jQ2m3yGKS7mwhKJmXh9yvzzmns8rN,pumpswap,1791167905,0.000006175,5087.8,5698,5698,0,2.87,2309.85,11443.23,0,0,0,1,14,17,70,79,,0.69,-21.14,-21.82,0,0,1,1,,,,,,,,,,,
1791300746,6HFJ5sxVoEtczr9siAUeGssmpfhQSS3pEoBcCycUpump,XEET,9TasYTundRdYPSATAyVAuDNJpqHsCe8fGksK7dL1sRWL,pumpswap,1791167484,0.00001373,10439.91,13397,13397,32.96,643.5,5595.4,110343.61,1,1,10,11,114,115,1654,1355,-1.88,6,-27.87,-83.05,0,1,1,1,,,,,,,,,,,
1791300746,6c1yyJi2uy5kQ1CWcECMFPHp2SspfH1rxDr1Ecnjy9G,CONDO,EFw7hZ14agDj5zYXRiuUpqPdSHJ5W8PQqhKGkDFpGw8o,raydium,1791166322,0.00004381,18992.7,43820,43820,0,10.69,151.2,4114.18,0,0,0,2,5,6,60,43,,-0.01,2.57,-17.22,0,1,2,1,CPMM,,,,,,,,,,
1791300750,EvLBkH7kRsnpqCJZT8QvZeuwDReAzfUgSTZaXxchpump,Yinsi,G8B9sc62RsbnwSZ6hErgRufEmaMYWCNm62UZXtjLc1Px,pumpswap,1791168725,0.000004292,3907.22,2995,2995,0,0,0,2.33,0,0,0,0,0,0,0,1,,,,,0,0,0,1,,,,,,,,,,,
1791300747,8bpFLTwt9vx226REwB9Grgqy1MsezMV8gdHwtCMiT9rP,YUGI,9cGBLjnTHpRXZz41WSb7Aje6AFMKAwsDevzSjbL6iNQM,pumpswap,1791168335,0.000003258,3221.69,3033,3033,0,0,17.74,135.54,0,0,0,0,0,4,6,25,,,-1.26,-3.64,0,0,0,1,,,,,,,,,,,
1791300744,37vV3bR2ewPZL9CWPn3atGWao3qLD3uUkYAxpLqJpump,JETPACK,7xz9efja18mk7cRrBDrAuCNS5cvJGUooC47CswDpq6g1,pumpswap,1791167160,0.000003680,4198.59,3562,3562,0,0,6.52,167.9,0,0,0,0,1,2,16,37,,,-0.04,3.05,0,1,1,1,,,,,,,,,,,
1791300749,CewgsqVr5gfBE1bFhbCEtaTF2Cn54F8Xd8anWcqtpump,Memedraft,2vF5kGzGpz1iAfWeC6KTnJwNXgyn82AAd5euUQTuE85w,pumpswap,1791170342,0.000004193,3967.21,4091,4091,0,22.88,92.26,1261.31,0,0,0,2,3,8,17,67,,-0.58,2.64,-13.76,0,1,2,1,,,,,,,,,,,
1791300749,DGY5pQ94LCKYjPLKqbUscvJPH5En5j4htHQcuL35pump,BRAM,Df9WVEZUj1cJYEBxA7Zsw8T2WZ8fkyg1brmgjp9FHL4e,pumpswap,1791169499,0.000002733,3046.6,2653,2653,0,0,6.89,17.32,0,0,0,0,0,1,1,14,,,-0.14,2.23,0,1,1,1,,,,,,,,,,,
1791300753,vFihe1WAR47tWpD724aQp6hfJfRGLsZWy7f2nQYpump,KKK,56A1G7v2gaNdSCwccjZUYcPNAc1hhof6eA7eVctfMHUe,pumpswap,1791170355,0.000002318,2358.61,2239,2239,0,0,0.88,1.31,0,0,0,0,0,1,0,2,,,-0.41,-0.41,0,0,0,1,,,,,,,,,,,
1791300746,6roVXGp6izrreewkZNbuAd5yZrzwLfX4Zmyh1U5nLeEp,HODL,5dsESnstQMQcJCbDWqy4efXRGu9qu2aRATMMH8nKoAYQ,meteora,1790830672,0.00002772,11095.77,27725,27725,11.89,14.5,30.34,1433.25,1,0,1,1,2,1,15,9,-0.08,1.19,1.54,7.9,0,2,2,1,DYN2,,,,,,,,,,
1791300749,CdzvDfBSsfRJK7VeGGcCRdjYFtpKxDUYKkJuGTA8pump,Gemini,59CDDCdzCH9nv4mYczLJT8ThLvUQLowYZFwtZrRJxn1n,pumpswap,1791172240,0.000002393,2427.53,2382,2382,0,0,0,5.7,0,0,0,0,0,0,1,2,,,,0.67,0,0,0,1,,,,,,,,,,,
1791300750,G7JkKqGb69cCWC2XkDXc8LG8qbifTkCKpsAcr6kApump,BANANA,DfpVbQUq6Z8AAcMwkqWdc329K6nDm9ihEkMBCTdKhQwZ,pumpswap,1791172138,0.000005610,4955.18,5474,5474,0,63.75,5581.72,62722.19,0,0,0,1,50,53,601,597,,-1.38,-14.59,-63.1,0,0,0,1,,,,,,,,,,,
1791300746,5w1zctCm4Y5YgWHvaS1sFYkaDQJzGgbQ5jK2nouQEm8U,RSN,2FbjDkz9NTFuC5etJ5TT91LPfesihHYKBcPMYZaymrt7,pumpswap,1791173339,0.000005034,4732.97,4796,4796,0.03,202.16,940.9,16080.48,0,1,1,3,1,16,208,287,-0.98,-11.82,-37.55,-50.3,0,1,1,1,,,,,,,,,,,
1791300744,3W4fNiCbL1DkAAxV1MQDGL8JKbCMMy5pAkpsXxgm79HJ,si16z,HxAtySJiZf1DzdTXsVYGfg5mmG53GRvZatZ8p8493uKi,raydium,1791173106,0.000009930,9718.91,9930,9930,5.43,397.19,1612.67,86691.04,1,0,17,8,61,63,1146,859,0.26,6.02,35.28,-47.79,0,0,1,1,CPMM,,,,,,,,,,
1791300749,Ckdd9WTXHZjQHH47P99ZUhkLxGLayFaYNhUpzZKopump,ONX,AXWS7rZdZ737HNZ6UZ578NQHP7wHbiBQP3AKayUPYbzX,pumpswap,1791172059,0.000002441,2480.03,2380,2380,0,0,0.09,19718.92,0,0,0,0,0,1,3,17,,,-0.39,-98.91,0,1,1,1,,,,,,,,,,,
1791300746,6hSDjfX8gsuj3NbfPi2QteWa4SUrKo95vvcySx9Fpump,STACK,DBRgkF7Y1xKDqgskej9hCojEnQZzB6MdK7JHB3a21KMq,pumpswap,1791172682,0.000007017,6265.71,6443,6443,3.53,78.91,1815.49,37069.3,0,1,6,6,34,46,530,586,-0.82,-0.12,-30.13,-66.63,0,1,1,1,,,,,,,,,,,
1791300746,6iQp3cxTYPKaHHRX3SnmuFisLdrr9DznDU6gKnQtpump,STREET,DwfWc9gmYGvcmHp6sQBW6sug3R5XkF3zQ1DM7DK2pvm3,pumpswap,1791174146,0.000003208,3296.39,2928,2928,0,0.43,8.08,76.3,0,0,0,1,0,3,2,28,,1.1,0.3,-4.35,0,1,1,1,,,,,,,,,,,
1791300750,DuFkeKBzCHYuvUZRhBJNm4zX7hmkcG7gtQZJVjXXpump,Gizmo,AARHDvMUm4V3i9bqjkMomexQGbgrzMkDP99FHgimawBZ,pumpswap,1791175126,0.000002941,3379.8,2838,2838,0,4.09,14.85,97.57,0,0,0,1,2,3,35,28,,-0.57,0.37,4.24,0,1,1,1,,,,,,,,,,,
1791300747,8vDuxcypxP1W7QzDs537zUqnLbxPbyD6G1i7q49Vpump,XMAN,CAgJ6EZgBTAgh6NLMgunPkxJ81zWrVoNWfHJi87U8zUQ,pumpswap,1791174166,0.000002858,3338.04,2798,2798,1.83,4.21,24.05,123.26,0,1,1,1,2,8,54,37,-0.86,0.44,0.02,3.84,0,1,2,1,,,,,,,,,,,
1791300745,5cyP8YurRNCZeUtwXoaWtBwSH7pUxVDVCUauHGRUpump,Pip,6n63cxeGSEaWAuzNhXJztHwWjfWVSK1p8asUfbKGv8m6,pumpswap,1791174408,0.000003401,3408.91,3239,3239,46.81,46.81,54.99,1374.08,1,0,1,0,1,4,16,55,3.48,3.48,2.77,-39.56,0,1,1,1,,,,,,,,,,,
1791300752,q1FKCLbKxRSFkSURUngpfZSJ3TQ5Xej25VRR3LApump,ORAI,3Kgk416rjpxMxN4jFaC7D1dc3wvKg6HFPkktxA2eZgNR,pumpswap,1791176853,0.000002235,2258.28,2234,2234,0,0,0,201950.89,0,0,0,0,0,0,2011,2389,,,,-99.95,0,0,0,1,,,,,,,,,,,
1791300748,AjwghPUHEtXSuUuwQEFDuSbkFEVD2py9FCyTomS9pump,si16z,44L21jScTbv1D4xWc99mQ5Kg7ZoAo2sTXGWoAbg6XaC5,pumpswap,1791176950,0.000008436,6984.98,8043,8043,0,1354.43,2444.53,19519.59,0,0,21,15,37,37,214,207,,37.92,5.32,-63.74,0,0,0,1,,,,,,,,,,,
1791300750,GEiCRxQ1NiFkQ7gSDZMskNVFAy8eVo7R6v54whNipump,ARCADCY,9mFaEsfYXxJrG261fQRUSzD3BZTQ3X3DvoP2xL2pCKPc,pumpswap,1791176586,0.000002558,2805.55,2477,2477,0,0,0.08,13.26,0,0,0,0,0,1,1,8,,,0.59,0.13,0,0,0,1,,,,,,,,,,,
1791300748,BDZgoGZXjmy3GhM6YoMoahtC4nHZdn857rvKSyxUpump,HUMAN,542yUKc6QtDBgqtv3jhyw5NAScS5qn3VhGYchav1ow9p,pumpswap,1791177058,0.000003831,3584.57,2913,2913,0,0,0,28.23,0,0,0,0,0,0,1,8,,,,0.03,0,0,0,1,,,,,,,,,,,
1791300747,A3dUQLS6ygwmp3Vf9T6BQKiDBcw6YMzWk9faNgR6muDw,REFLEX,8wRzS1z8bfyf4AkLKJ5gJukGLmuLbjo6CrfyQNdn7AXf,meteoradbc,1791178819,0.000006028,,6028.44,6028.44,0,0,1.16,1.16,0,0,0,0,0,1,0,1,,,,,0,1,1,1,,,,,,,,,,,
1791300749,D9SR8ATeCKpiwp23S9mmQvsZdnVwpXd5z6gXrExgpump,SM,6TrTP2ahDycDuxpsAKQxiB3BXu6j4hKRK1KRuSbkSQac,pumpswap,1791179463,0.000003288,3186.8,2750,2750,0,73.36,73.36,73.92,0,0,0,1,0,1,0,2,,-2.14,-2.14,-2.14,0,0,0,1,,,,,,,,,,,
1791300746,6Qm867AhLneuuiBEgz2Ln2dK2K3MVsFGrFnXFRv5wHP2,IOTA,2Exj6NukC5CjiF2GZgzoRpa1TAbVeEvtBwPVpiMjS65V,raydium,1791179423,0.05874,58431053.62,58747110,58747110,0,18.72,42155.53,359266.61,0,0,2,2,11,9,44,40,,,,,0,0,0,1,CLMM,,,,,,,,,,
1791300745,49tVXDe7c44LGg95brseq1KfzFr4SvoYwDMrm1Xn7zC6,SM,9FHnWvj4Txxx5R1o4sE4Zrsr3ErzXU7CUAL8i6pfQEyr,raydium,1791179827,0.00001316,12008.82,13161,13161,0.02,466.9,6273.15,84438.81,0,1,3,14,62,71,1079,966,-0.16,-10.45,-24.52,-82.66,0,0,0,1,CPMM,,,,,,,,,,
1791300750,DW13bbbxSqFRgPkSeQurbMgH2eGyxEXca3sa54Gjpump,TRENCH,3pQVGTnbEKpkFgZZgQEBwdLSxcrAgXe6W4RPMy2mJb1t,pumpswap,1791181909,0.000003528,3476.15,3415,3415,0,19.8,246.66,1684.4,0,0,0,1,2,14,26,110,,-0.27,-10.4,-40.09,0,1,1,1,,,,,,,,,,,
1791300748,Aqv8Gj8MesSzuEsgigq4kEDWVRFHgPUZq4Po4Q1Mpump,SM,bAfKrMEaiNsf1uZHd9g9KFd1fUtqqDnpWAtY19rziAd,pumpswap,1791179542,0.0005306,81120.83,516892,516892,3436.1,38369.47,265686.01,1211921.63,8,14,179,305,1147,1668,7346,7631,0.99,4.58,21.56,31.79,0,0,1,1,,,,,,,,,,,
1791300748,BL5hxsQ8nRDb9x6SVVyUaBve7HZcXnK6PJgRUEvJpump,SI,EhN3BYS1Zkq8eD6bzmhKvj48bx2H2W8RZrPMcwN98EoX,pumpswap,1791180009,0.000002297,2343.57,2287,2287,0,0,258.08,262.01,0,0,0,0,2,1,3,2,,,5.83,4.48,0,0,0,1,,,,,,,,,,,
1791300746,6uXN7U385p41GqqwqTc4kBzHtkixAH5kqw8QDtu7pump,AGENCYCOIN,JCZfMjKMkca7eHqiC8spr1qH9TDhAxuDF6bQHkBSDmyE,pumpswap,1791181550,0.000002445,2577.05,2357,2357,0,0,0,4.1,0,0,0,0,0,0,1,5,,,,0.83,0,0,0,1,,,,,,,,,,,
1791300752,pe6RXJPfbSaYxxHNiWbURPU2qs5NsHFtcLVSeLUpump,TikTok,GD2TFEdxQEBrGY57bFm6cuaxXExr9kHFvWTVMQkN2Eaa,pumpswap,1791184626,0.000002619,2598.14,2480,2480,0,0,4.45,42.97,0,0,0,0,1,2,1,8,,,1.1,-2.35,0,0,1,1,,,,,,,,,,,
1791300745,3vDRTeMiZE9Hg3oMvuXgKnQhAREMJxZrv1B4RWb3PAut,SIF,DVoaNwsNxXPSJCHuketnZacrkwzibDRPXjUTFrhXwAg7,pumpswap,1791182988,0.000002745,2761.35,2595,2595,0,0,5.49,895.99,0,0,0,0,1,1,17,58,,,-0.87,-27.88,0,1,1,1,,,,,,,,,,,
1791300749,CBLx6CRcCTtbmgTdxpqnF2dP1MpWbMUjngtNbFTApump,BACKERS,p977G14fUkDL3AoH97MAmqQ4V7Ecav5AZKhtPn21EHC,pumpswap,1791180660,0.0006079,81535.41,584541,584541,779.99,31355.11,214658.88,2378697.58,2,8,169,164,1325,1446,13313,12084,-1.99,-9.81,-42.11,-22.16,0,1,1,1,,,,,,,,,,,
1791300744,2fLwLvf7qPPw498A7287SLkqdQUrnX4nSHJ81juGf5pt,SM,2mSPwAA7Yg1LEu43GpFDGUxC5P4psHmgNzJib6Z1xhW6,pumpswap,1791181776,0.000004048,3878.88,3720,3720,0,7.09,62.29,21483.44,0,0,0,2,0,7,189,221,,0.65,-2.99,-54.25,0,1,1,1,,,,,,,,,,,
1791300750,Fa4zQx81PhdJFBvtqAMM4jjLe6GjisGWgJYx54hy9V3s,clanker,Dnav6q7bmkUWVpV5TDMPKa2f7tdnsvULJcW1sYoxv2SY,pumpswap,1791185204,0.000003085,3002.84,2674,2674,0,0,0,59.31,0,0,0,0,0,0,0,3,,,,-4.36,0,1,0,1,,,,,,,,,,,
1791300744,39hidrKSdmHiQ5gSoifbdj5ZKmsUWXJsw6k6MA7Upump,INFLUENCR,2MTS27ATLw6ZvGGBXZXSASxRGUNReEWoXaPeMh8TbiVJ,pumpswap,1791184473,0.000002417,2465.72,2375,2375,5.76,10.72,16.68,33.73,0,1,0,2,1,4,2,18,-0.38,0.26,0.49,-0.66,0,1,1,1,,,,,,,,,,,
1791300746,6NX2tVJBvAzNeN3bQK295KdUGMjPWP3oKqwCoW9Zpump,KKK,7CozPf6L3ZSybUjojnikTxSo8dzt9wbY9HCpQJMzFFet,pumpswap,1791184341,0.000003565,3425.36,3420,3420,0,0,31.28,16471.08,0,0,0,0,1,5,161,233,,,-2.44,-83.4,0,0,1,1,,,,,,,,,,,
1791300746,6LQtSttiDkpLvLQRfefqoNqmj4fdAoNFXAhW7UBppump,SI,8JXnufKmwFdaTEGaPQSSJpYbEcXt5BmE2Vja3m2YyeR8,pumpswap,1791184988,0.000002391,2511.48,2318,2318,0,0,4.79,11.7,0,0,0,0,1,1,2,8,,,-0.24,0.45,0,0,0,1,,,,,,,,,,,
1791300745,4Yo1YVSoF3wxeUp4vbTb5j9HnzA7F8CsFdSwpuC5pump,Ponytail,6Fga4NpG7ckhK3MeSP7w6MvDSDTThjptmG5APHksDoKv,pumpfun,1791179146,0.000005811,,5811.02,5811.02,0,502.4,608.55,22818.05,0,0,7,3,9,13,238,281,,18.27,14.66,-71.73,0,0,0,1,,,,,,,,,,,
1791300744,2RSsw9tntE1RmoiPnNFiu93EzQu2eLnCAzvZiqMSoatH,OATH,GAjvmbbcxsiZnF2CSnXLGxWaqaGZ7SfFmk4gqVwsg1DU,meteora,1791145059,0.00003805,17866.91,38055,38055,0,1502.75,14109.29,106801.86,0,0,16,8,93,93,798,711,,5.88,-14.76,-55.51,0,1,1,1,DYN2,,,,,,,,,,
1791300747,8qfyGBXhN43m8nWcLeTVZVdCVyH554F5gpEWFBAYpump,Instinct,GnGUDAKwTMsmMWneHtWusDnAxzYDt82SQx6C6c9QHhPe,pumpswap,1791186699,0.00002010,12907.79,19264,19264,67.19,1048.58,8393.59,259441.7,5,2,34,26,164,206,3034,3091,-0.77,10.66,-13.69,-94.01,0,1,1,1,,,,,,,,,,,
1791300751,HY12bvLrHENUcNqiCSaiiwLA8oBecuS37J3KCV7Wpump,Gemini,CLypXZXWyyyXxVF8un1Uy9kwhZDB6MAnNVHuSKk25dJD,pumpswap,1791186069,0.000002246,2288.72,2236,2236,0,0,0,7.44,0,0,0,0,0,0,2,1,,,,-1.19,0,0,0,1,,,,,,,,,,,
1791300746,8BjfeA3Ze1fzMceENXnjLrJKg4RJXbBUz9Drhrikpump,elves,GjQ9WMyYMA1WWB65PxGbQ9Dsr8fbHHdkLUuemQAyUfd4,pumpswap,1791188862,0.000002511,2503.98,2394,2394,0,0,0,2661.54,0,0,0,0,0,0,8,48,,,,-67.01,0,1,1,1,,,,,,,,,,,
1791300751,Gip8QuXDsNeKCWTysazDT1eMhV5n9af5biBwvFujpump,ROUTER,7v6mz3ygHcE1W4fhXWykZBafqsuJVQQctzKG9wMgezMK,pumpswap,1791188242,0.000002938,2938.7,2792,2792,0,0,0.63,308.1,0,0,0,0,0,2,5,31,,,-0.41,-17.35,0,1,1,1,,,,,,,,,,,
1791300750,FHrUC2H5ZX8nbWr3G2Ue1PPYUXFEC7iDZ9QJad2AoyLW,Jdog,EvcBxRBLyoFmWgiJRQEWsFCssBoyyr8S1oxMg19fffcv,pumpswap,1791187857,0.000002934,2889.4,2793,2793,0,0,136.14,4139.28,0,0,0,0,1,3,33,73,,,-0.75,-41.28,0,0,1,1,,,,,,,,,,,
1791300752,PW3bZs5ewafSX7o8aHPZTN2MCS7mY7dB4R8zfQ1pump,DOTF,EUBmMKy3pBvrRVK3gwYmEsLWeyXKYHCa2DqqVipjwUZL,pumpswap,1791188994,0.000002673,2643.94,2494,2494,0,0,1.01,126.23,0,0,0,0,0,1,2,3,,,-0.14,12.12,0,0,0,1,,,,,,,,,,,
1791300747,9miyM7XKKdtqn4GRwvJGpQry1zVxaLkWwAnMzZYBpump,CHILLGENCY,BJX39s62s3Bq4d1Qb176RqASL5yDbCCJNK3AamrjH9C3,pumpswap,1791188384,0.000002656,2885.12,2566,2566,0,0,0.44,11.72,0,0,0,0,0,1,2,5,,,0.71,-0.91,0,0,0,1,,,,,,,,,,,
1791300748,BNMLekKzJxkn7Lb4fVYD4BMLU8smh4cPgZrXCWpgPrVE,ELON,B6tzVRkiV6x8XQXGSaSxDeFj3figN8BGSoXFmvn53wZf,pumpswap,1791188779,0.000002193,2204.91,2177,2177,0,0,1.31,4.42,0,0,0,0,0,1,0,3,,,0.16,-0.85,0,0,0,1,,,,,,,,,,,
1791300746,828nCtgEs8fU3SSqPg28JNGn6CoP1VXuNqSch3vnpump,AI Agents,8SnAskSVSMjdRxi2t29fGTThi7WCRqtcYgMiuACcWVcC,pumpswap,1791187995,0.000002148,2184.75,2139,2139,0,0,0,5.58,0,0,0,0,0,0,1,1,,,,-1.36,0,0,0,1,,,,,,,,,,,
1791300751,GGEcZHggsX595FJDTo4XJgXsJc5zm5dStz1uMc9QzyzW,Apophenoth,F55MYois5mxciXozEURm8kf6AY49YrfbvwXcDfMJrNGc,pumpswap,1791191133,0.000002825,2795.12,2676,2676,0,3.04,70.93,7735.79,0,0,0,1,0,5,54,92,,0.51,-5.7,-25.3,0,1,1,1,,,,,,,,,,,
1791300750,FvJys4q19xuF2fqW4wkmiHHmWP5ZLUbPMBmMx1ZcAYy4,CHONDO,39nym6bCs2AEqRokoLkbnD71GecvTmPLwwmTSk9Nta1w,raydium,1791163985,0.00001445,11108.53,14452,14452,0,11.44,337.94,5407.82,0,0,1,1,8,5,35,46,,0.35,9.27,-24.16,0,2,2,1,CPMM,,,,,,,,,,
1791300750,G4w3q5QukWTbxSc9UPg6jjurJ4Wai5XTHf656HyRBqT1,BIO/ACC,DwunZkUMP1WUk23G6Fn3z68QPkm3mtM4omVZMYeQrMeg,raydium,1791186246,0.000007071,7113.14,7071,7071,0,93.84,1264.56,26677.8,0,0,1,2,20,26,383,315,,-1.43,7.43,-54.02,0,0,1,1,CPMM,,,,,,,,,,
1791300749,DLPm9yqR3qGFayetLKTqVtQm1nRfmFBFvntAQfzpump,Instincat,2My819YjYAxLnDWRfEJU6LZtwTD3ttmnEHVe7bzoDev3,pumpswap,1791189859,0.000002309,2475.86,2290,2290,0,0,0,5.97,0,0,0,0,0,0,1,1,,,,-0.13,0,1,2,1,,,,,,,,,,,
1791300745,5QUVJLxHh3LifU654zdJiWHLfiAJqedTkTn9SqSX5KEG,super,7KH7f7noHgnfTNJSMh2fcjVW9eusCv6jEiyxiWydqwLH,pumpswap,1791193325,0.000003544,3533.76,3450,3450,0,0,240.53,4399.75,0,0,0,0,3,9,33,110,,,-12.73,-49.35,0,1,1,1,,,,,,,,,,,
1791300746,7aXoZaSN2BhsqG4hUdcmA7Arkc6N652oK86sYcbvpump,super,3ZiFkY3ZJKrFpp3VFDVsfATRLy2P42JWNC5dFhi2ibT6,pumpswap,1791192275,0.000002780,2784.54,2656,2656,0,0.09,11.15,170.2,0,0,0,1,1,5,7,30,,0.8,1.98,-0.25,0,0,1,1,,,,,,,,,,,
1791300744,25moUjJpSN73D9NPwD4VmcyR4FVTWiYaL9XPKkdta5iP,PLAGUE,BdzJKvhg2RkL8gMHeZ7rNKwC1VtjmwBBhQfJRAr3yr4D,raydium,1791173086,0.00001034,9404.62,10328,10328,0,76.05,5729.18,134997.15,0,0,4,2,42,33,821,765,,1.98,67.04,-90.57,0,0,1,1,CPMM,,,,,,,,,,
1791300750,EJ8qTrW6rAu5W7p6xWYNSADeEcjNHGNBx8cMKQrhpump,MOCHI,5MARcTTHRJsrQrAWheBszrmBqKizknSPDdbpbuQqRCjW,pumpswap,1791191148,0.00001143,8004.09,10913,10913,0,401.75,4138.89,42030.32,0,0,11,10,57,54,567,549,,-5.78,-23.62,-33.18,0,1,1,1,,,,,,,,,,,
1791300747,9m4wLakNBU4f2Vi1cMKVdmfY5bWafa9EqugmCGhipump,FO,4CqMmfNRkRzdEZ8ALHdMkxWwLZYLnJpVUzyVz1bCxHwQ,pumpswap,1791194055,0.000003493,3344.55,3299,3299,0,5.02,374.24,598.76,0,0,1,1,6,3,24,41,,2.03,36.63,17.66,0,0,1,1,,,,,,,,,,,
1791300744,3Y7Wb5Y1sTkv69S9iu6e132shxMQxeySXiFWkr38pump,nibble,5RY37Tp4rxSLDGxFPshNx5AbGJUN9aFKFS4RqU89kwmc,pumpswap,1791194157,0.000002584,2647.92,2402,2402,0,1.55,15.44,15.8,0,0,0,1,2,2,2,5,,-0.46,1.81,2.56,0,0,0,1,,,,,,,,,,,
1791300744,3hAjWscgw2hn16piWaAZ6qWxp4S5cqt2LbdbDfg2pump,SI,HjnWwJ2LWqH6aKiB7JFRXhvLD5HGoBs9mfTtwk4QmXG3,pumpswap,1791195133,0.000003087,3488.56,2876,2876,0,1.69,4.94,63.79,0,0,0,1,0,3,4,12,,0.6,0.46,2.76,0,0,1,1,,,,,,,,,,,
1791300745,4sXEdQ7WwZAjLGC8nj6GNrpSq9csTvm7KAYL3sYhx6xi,Jaguar,74jhWzTkfk9XaANpaNVzSPpQ8zHXRUCZQnZuvp55Hvto,pumpswap,1791196627,0.000003114,3023.57,2939,2939,0,0,0,525.21,0,0,0,0,0,0,3,22,,,,-17.25,0,0,2,1,,,,,,,,,,,
1791300750,EGTvzbkmJ4CCm8JMskoUwf6gxaWVjwpN8UwpbKH7pump,[ //https ],5cRxny5mWKX1CeZciXSsCSe4muHRLXv95xPzwdPKPqtg,pumpswap,1791195971,0.000002746,2714.24,2465,2465,0,0,3.57,51.46,0,0,0,0,0,1,1,15,,,-0.06,-2.11,0,1,1,1,,,,,,,,,,,
1791300749,DFSUu3aM5VT6cGi9xBGkJSxpWdeVMD1kp4o9N1ipump,Spread,8FPv9Go47yQWApFpvBWLvyZZDvfz4LvzfgGvgmBMgsGw,pumpswap,1791194256,0.000005274,4920.93,5084,5084,52.09,91.53,562.75,21042.7,0,2,0,6,7,31,248,384,-2.41,-3.48,-10.55,-31.3,0,1,1,1,,,,,,,,,,,
1791300747,9KAPRaT35wY9FF1NYhfKyLtt9sq3CgGtB6ChrMgVSTNK,Stompy,9iZxBRz4qMXKDJ3y5ZWwKemxc2CJqvLMQ2PM8QXT5Gh1,raydium,1791195810,0.00002821,16893.85,28218,28218,0,973.77,12479.24,109880.1,0,0,6,19,150,135,1027,958,,-17.13,-13.36,-71.19,0,1,1,1,CPMM,,,,,,,,,,
1791300751,H8oe2SCksJcYzhPeS4TsbteusgZW5k7QaZ4boKyq8C7U,quarantinu,BgYok2svUaAmqczUDEvDucvSwnwq7JnvdL4Q8XqXD95n,pumpswap,1791198556,0.00002088,11398.65,20139,20139,34.11,3874.31,22919.14,323951.32,0,2,37,34,237,236,3284,2567,-1.1,-15.11,6.29,27.11,0,0,1,1,,,,,,,,,,,
1791300748,Bfduu8HUJZLoP5XgMHdLsm6m9dYdANng63gAwPw91fH6,Stompy,BAiBb5wpxWfVm2cZqw3at5FvYELkihLnzuVUo2i8faEm,pumpswap,1791195987,0.000002496,2572.68,2413,2413,0,0,24.92,122.05,0,0,0,0,0,1,1,16,,,-0.86,-8.99,0,0,1,1,,,,,,,,,,,
1791300745,4MTY4PJDCdDEEKWokm1AssHyX2jLxK5s4wtVwVEd4RzK,HUMAN,5YqX7CDNdCUVwXyA4m427d1AAr16ecW6ohfxbdZbpGBG,pumpswap,1791192605,0.000006261,5442.8,6106,6106,0,13.43,508.35,26690.44,0,0,0,1,2,16,267,266,,0.04,-17.77,-62.26,0,0,0,1,,,,,,,,,,,
1791300747,9aQwx5QQSpvrntr7EvHqRNbAqKrLUd9WaiqHGZoppump,ANY,9oFLeTXh5DTPxTJDgfP3yTem9wJekJQg5qwzH1XtWsr5,pumpswap,1791199234,0.000004176,4128.55,3801,3801,0,0,52.75,3416.31,0,0,0,0,5,7,34,123,,,2.03,-55.25,0,1,1,1,,,,,,,,,,,
1791300750,FiJ4gnd4dhqNeBKfS4E8wnERMEpjMPdUfJhu8foipump,BRAIN,4HPnRSbQa1jPkxoYi9hKTUnTv5aUj77G2ereaAYdAgmm,pumpswap,1791200226,0.00006084,21667.75,55879,55879,146.18,2527.03,16904.87,171740.31,3,3,30,17,159,163,1237,1198,-2.68,18.56,22.75,29.21,0,1,1,1,,,,,,,,,,,
1791300748,BTr1HgdQcBcxWdYtEKh7d1Qr3w2wzqAadZEmEJmyGgjw,Trojan,GBYkdBm8ScRQNcxiU8XbmUpp2Bb4isJoYV53uorNp5Xi,pumpswap,1791200954,0.000003689,3564.21,3560,3560,0,36.97,120.7,2544.39,0,0,1,1,3,9,25,67,,3.13,-2.53,2.53,0,1,1,1,,,,,,,,,,,
1791300750,GBA7C3tPZNBH9U43GmqEgMEzToyMDqw4DABwbBxipump,VANTA,8gQdWhwYT91HyzUhhaBmmy2kKQFmP7zUH31EyU1VGB1w,pumpswap,1791200896,0.000002740,2891.96,2640,2640,0,0.32,8.21,33.75,0,0,0,2,2,3,4,22,,-0.1,1.2,0.63,0,1,1,1,,,,,,,,,,,
1791300751,HQsXJKumSYSp6tnkg6VM3E61vFqizHBsHcMf3EK6YrxK,BOND,F3QAtzJX2JcL66vScMvYcz7JN2nJHbkVNBN14CYF2gNn,meteora,1791200448,0.000001841,3625.73,1841,1841,0,0,7.04,91.73,0,0,0,0,0,1,2,5,,,-0.21,-1.15,0,0,0,1,DYN2,,,,,,,,,,
1791300750,DYU9S9gWBvwAaSDUut5rqgn2szBJS8No3UanvPf5pump,AGENTSHIB,DWi5W1KdDhtwWHogdGPMuCwQRWQJTHrxvZJiSBCStHA4,pumpswap,1791201352,0.000002165,2218.01,1991,1991,0,0,0,0,0,0,0,0,0,0,0,4,,,,0.67,0,0,0,1,,,,,,,,,,,
1791300746,6x4B4emuM8dLPhxkG6or7kAeM11oUG86Pr7bBmnopump,Web,9xp2n2TvsfqiFHEXMsx7BEabLpvciiXKu7oYGAV1Divi,pumpswap,1791203350,0.000003800,3642.59,3507,3507,0,0,98.01,1763.01,0,0,0,0,1,7,32,134,,,-6.15,-48.17,0,1,1,1,,,,,,,,,,,
1791300748,B3A4k63nD5SD4w9S718ffTgx3xcQ3WUHN6y3GyQG5kBA,PACKZ,EsrqqdUca8GzxqX2FRwsdUXFk9icAJdsbm8F1u9efLEN,meteora,1790931018,0.00004850,19997.95,48486,48486,523.56,1696.43,5085.36,12657.11,2,1,8,5,46,39,192,119,10.7,39.26,27.69,106,0,1,1,1,DYN2,,,,,,,,,,
1791300749,C6zXoVqL77p2ZLA4Bzdua1P2GGh5ngKj9GwCBupHxUdH,CRIME,AoVprHMiJ12a4kY4xfmbd4GZPfq5xLqZNJzysctZpEGz,pumpswap,1791202842,0.000004617,4174.04,4236,4236,0,0,124.86,19065.27,0,0,0,0,0,4,146,167,,,-5.29,-61.31,0,0,1,1,,,,,,,,,,,
1791300745,3vUfSEHR6koiXFoS43RCov96RZpRT2P6NCiLC3w4pJbv,Apiary,2K9kFnazV5aftpueqQ3W4uxQXpKfnquFdATDbxikMeSU,pumpswap,1791202047,0.000002508,2511.69,2388,2388,0,0,3.81,205.37,0,0,0,0,0,2,9,37,,,0.19,-8.45,0,1,1,1,,,,,,,,,,,
1791300748,Ar3QBegnCQr6ZFyN9h637ar9JCxZRvdboiR1QzMrpump,TIT,ETHWAWXHz878SEgPXJqarkBAmgiiSZBhfGZaQzARerPZ,pumpswap,1791202016,0.00002671,13190.72,25799,25799,0,1190.17,9565.18,84404.18,0,0,11,10,80,75,755,737,,4.46,6.89,-71.63,0,0,0,1,,,,,,,,,,,
1791300752,JNWePghAnPqWMpDvu2Tp1fyCWyxhqEcR6FC3Xjwpump,OFF,7pi6R4ej87KuucXkbqEm8trdTb2AEmprsTMLDQpo5XaF,pumpswap,1791205145,0.000003574,3565.53,3414,3414,0,5.02,326.59,2862.22,0,0,0,2,5,16,29,122,,0.38,-9.28,-57.21,0,1,1,1,,,,,,,,,,,
1791300749,CyDJMENR6Sbtwj4erhuARNa5cNbeK92GpNAGyXLVpump,jelly,3vX9kgCf7ANexUenxA4bzzR6wCu9C6FEpvisxA3dhbKK,pumpswap,1791203480,0.00003287,16070.12,31423,31423,25.41,2948.29,38484.02,140757.93,3,1,44,26,378,311,1661,1726,-0.57,-6.21,4.92,-32.02,0,1,1,1,,,,,,,,,,,
1791300744,3K1U9rwWVFhSXoVJqJfLoujKpkn85Cve3T8mZuq4pump,NEWS,AgLFnc64JX7JovFTjm9XnUPgtdrjQQUEumeEfSf5kYB3,pumpswap,1791202819,0.00009158,26370.44,87926,87926,60.39,6017.42,35211.29,95221.55,1,0,21,16,140,113,616,719,1.57,-7.8,8.19,-56.68,0,1,1,1,,,,,,,,,,,
1791300746,6pxnWLiASNYePZtSUTHKKuNgRkic2qsvEJL5oYEVqRCM,KREO,2VgAsKHn71eBTKR1cP3d45Ajpw7DuWCgteU3p73QXY6W,meteora,1791205119,0.0000000006473,1.12,1,1,0,0,0,0,0,0,0,0,0,0,0,2,,,,-0.59,0,0,0,1,DYN2,,,,,,,,,,
1791300745,42iUUFsg1AgJsbXyvFB1aDYiG8h589rQpDNvxxxzpump,XBusiness,C95hqp9qJfYEM4eZdrPUtm4Jzvw5qTaGvMf1BxHYpU1M,pumpswap,1791203245,0.000002243,2286.95,2190,2190,0,0,0,13.23,0,0,0,0,0,0,0,1,,,,,0,0,0,1,,,,,,,,,,,
1791300750,DzD3mrf5dQ9TunsDbfNAJMtkr98YYNzFxnzZ1Kwkpump,Village,7oAQHwfyd2Ush8tkEfeJiqND8XFy6FAzj8GUoEmCH4b4,pumpswap,1791206321,0.000005626,5123.88,5502,5502,8.71,19.61,280.05,6564.83,0,1,0,2,9,19,99,180,-0.81,-0.61,-0.58,15.85,0,1,1,1,,,,,,,,,,,
1791300745,4yZr4A3M9XCJCuCvbQLiqo3BtZ8EFQp7St7SdQ7iaZDM,DSI,3HefUmyLrYzMknVtQNKXRa2i8oidiXwwUiD1ofDatpwG,raydium,1791198602,0.00004528,22190.36,45289,45289,705,2461,18668.12,167354.84,1,4,28,35,285,225,2444,1858,9.31,21.65,4.27,-41.35,0,0,2,1,CPMM,,,,,,,,,,
1791300746,6YuVyHbjdwxiH1CLCSusP9yjXmsVvQfcTbSSPcFuXDew,JITI,DwcuBtho5M97awSAwHSJ98KrHz5GV1zH2WZ14dWLjYxf,pumpswap,1791205444,0.00001152,8739.16,11131,11131,1.18,995.71,5163.85,113421.1,1,0,5,20,64,96,1270,1429,1.05,-22.93,-21.33,-48.78,0,1,1,1,,,,,,,,,,,
1791300750,G9tFck1e959vDhtwYiepyU9T2sYNnoMdAnAidjyTpump,INCOG,92Y3ijJeb37haNDXXwy1yW32Cs7f7ARQggkNc9x3Curt,pumpswap,1791209709,0.000002669,2652.12,2496,2496,0,0,3.4,69.38,0,0,0,0,1,2,5,19,,,0.53,-2.16,0,1,1,1,,,,,,,,,,,
1791300747,9A6Cp8ycD74j5dwEuS8cFAqwQo2Y6auuzV1GaguWpump,HUG,FmR6p8KoeUUfbyqRsNUbnhTV2QrEgrfRBNqeACTMhXtM,pumpswap,1791208413,0.000002876,2861.82,2738,2738,0,7.32,21.03,124.71,0,0,0,1,1,2,3,17,,-0.88,1.11,-4.69,0,1,1,1,,,,,,,,,,,
1791300744,2EZSQ3WYNPizCzBLSkoygYSwsRfTfN9wGyJ3YEbQpump,PUMPV2,JAPxxqWBu6VyKJTZatPc3uNnQXGBfEfdpkA2p2NVzyFE,pumpswap,1791208302,0.00002987,13330.7,28274,28274,0,721.9,7005.58,20302.95,0,0,2,4,45,56,166,175,,11.4,66.3,43.45,0,1,1,1,,,,,,,,,,,
1791300748,AwobFK4dFzSdnjwHjzqXguWaUNzeGX8G6Jz2m9H9caSu,CORGI,EKKNfvP7nV72MttywPHX2Ln8G1wX969UpgQ4Zz6ECpbQ,pumpswap,1791207739,0.000005014,4814.77,4890,4890,0,49.65,2089.88,11929.96,0,0,2,3,25,40,162,299,,-1.4,-2.18,-48.36,0,1,1,1,,,,,,,,,,,
1791300747,8py5X2iBN3JjjhroQyS5D6Rmhkt2Bfe3shLSHNmTAtsF,Bagpad,GpSRodnPELiTnGPhjreAaMUug32pAddYPVcRP4Cfa8yh,meteora,1791208752,0.0000000006032,1.06,1,1,0,0,0,0,0,0,0,0,0,0,0,2,,,,0.25,0,0,0,1,DYN2,,,,,,,,,,
1791300744,3F7CFQfexiDNFPvjCaP6AiP5JWUEdfwVg3F1pQwupump,bul,6k3zg6U2fUoHW9HFe8DA5gmB5vpqa23RQ1v6nXRXA6XC,pumpswap,1791208609,0.000002350,2380.29,2260,2260,0,0,15.73,23,0,0,0,0,1,1,2,5,,,0.3,0.72,0,0,0,1,,,,,,,,,,,
1791300752,HuV2fXrbjHwczEAQSga6NCj5pygyxVHg6JTU3STn8EAq,bul,2hnYr6UGX2zHrmbbtYCdmcBZap79Uf9hKJ9FPwFnZFbE,pumpswap,1791208983,0.000002904,2855.68,2537,2537,0,0,19.37,1247.18,0,0,0,0,0,1,9,27,,,-0.82,-1.94,0,0,0,1,,,,,,,,,,,
1791300745,4oGvmJZnqB1G1PqJ3yVcrzKaeJMempWiG6N7uS4Rpump,MN,aQWcBNghVJmcWspqbdCjLBbN65om2rSuuTRE2KG2dYP,pumpswap,1791207787,0.000002336,2362.79,2233,2233,0,0,0,0.21,0,0,0,0,0,0,0,2,,,,0.34,0,0,0,1,,,,,,,,,,,
1791300744,2UDxxYiiSxZZj4Qr6J1a2AZpdRQnHXDTtNDTKn1Rpump,SI,F8CG9U1QAkikarzbxJAKPbwu2X1czUtVVZqMTaNEecSq,pumpswap,1791209294,0.000002425,2466.63,2321,2321,0,0,0,20466.87,0,0,0,0,0,0,910,433,,,,-93.3,0,1,1,1,,,,,,,,,,,
1791300751,HGurtwcfqXCWwJxVDMY6EG4dxk9Je2Y6iwm6Gzt8TEEM,TEEM,7kcHQdLghTkHTqUSFLjPvdMpPdzS8qKzGczx4XpLQ5EQ,pumpswap,1791210188,0.000009332,6997.16,9030,9030,0,971.28,5292.45,70011.84,0,0,6,12,82,52,803,569,,-20.83,-0.14,-56.34,0,1,1,1,,,,,,,,,,,
1791300749,C9TGm16Pz14ADpEyQcjRjVbhDdxiRXKdowEMJA8xpump,LAYERED,8idxj4epBRRq1zfHwCeTWMPMxx79HJnyXRP5BtPXmach,pumpswap,1791209832,0.000003101,3019.24,2623,2623,0,4.46,35.09,100.13,0,0,0,1,1,3,2,21,,0.38,0.12,-1.08,0,0,0,1,,,,,,,,,,,
1791300744,3PG51QJF37MigcPqYEQWXyWJXeju5Mt9yQesgTbtpump,catana,HTJVqzhfzK4CdYFRFtTdUySa1ijpGNhrLvPk1ZmTYq4K,pumpswap,1791210709,0.000005971,5040.11,5663,5663,329.45,1098.44,6078.45,119636.33,2,2,7,18,79,99,1513,1383,-10.59,-29.22,-48.72,-69.81,0,0,1,1,,,,,,,,,,,
1791300753,qnueYyaoUyotmp4nn3NpAL7Cd4GuZYrznKobXLAPrps,STOCK,AkPf8dRzwcx5VfqUZ64k4WXw4z3e8ij32WhpHZbe9b9C,pumpswap,1791209095,0.000004830,4402.7,4675,4675,0,3.03,7.09,652.14,0,0,0,1,0,7,13,89,,0.5,0.87,-19.79,0,0,0,1,,,,,,,,,,,
1791300747,AEh4Kv9Kphzc8xA57c8XfMzsAh8QhaHJPJYTAZxKpump,MFMBCoin,H4sxcbtM5fTA7oQgFHdE9jEV7M3AYGUMNsxwDmcXafAv,pumpswap,1791140323,0.000002966,2903.87,2850,2850,0,2.46,26.58,2369.8,0,0,0,1,0,5,11,85,,0.19,-1.91,-93.29,0,1,2,1,,,,,,,,,,,
1791300749,CRoSvUCQynLTs8xvwxHpYxcLJMkva8DDNvcr9TLW3w7m,CROS,6igxq9KcPK8XHw6ZUyeDVph7N5kfvK5QxgigrTdAZm6n,meteora,1791208074,0.003013,120267.7,3013009,3013009,0,506.05,510.33,550.86,0,0,7,1,11,1,22,6,,-0.06,-0.06,-0.03,0,1,0,1,DYN2,,,,,,,,,,
1791300744,3EnN3YZEAAF97PGbKM94xNmQJou7SApvM7d1cfVXFore,ORE,5JbFrxPZKRLWffBB2offKvYp9WCPfvyJ9MVZXqqBZLiU,meteora,1791210468,0.000002094,4169.34,2094,2094,0,0,0.67,20.77,0,0,0,0,0,2,5,12,,,0.02,-0.5,0,0,0,1,DYN2,,,,,,,,,,
1791300751,H946dRoCjwLKMSfRnhnps31Ew7jUC47ZZh5CfwQpump,PROG,BFCr3RScDoBrN4vAuL5nfLosqg1car7uXyab4FmtjGre,pumpswap,1791210357,0.000003868,3903.44,3769,3769,0,0.17,46.06,7058.53,0,0,0,1,3,13,156,289,,0.26,-0.24,-56.77,0,1,1,1,,,,,,,,,,,
1791300751,GSRkwgt5uioDBUm59nHVb67FS9aQMGAfrmnGZqeVpump,COINPUTER,6cHBrkEtu8ndQUZu7nsS1qFSuvKnu9ohT8qgnzxXnuQP,pumpswap,1791205590,0.000002430,2708.22,2406,2406,0,0,0.1,505232.55,0,0,0,0,0,1,4509,5075,,,-0.22,-99.48,0,1,1,1,,,,,,,,,,,
1791300745,4aWiDn94fH8yuJD6PyQ13tzjRswzG9qX7oVbbPDiZsFR,HOOKMIND,HdYjT9LtaQUywfZ5oFaewkSgGDxZcWzmmkVV996sfVQB,pumpswap,1791212410,0.000003559,3573.27,3384,3384,0,9.44,31.02,13844.61,0,0,1,2,3,10,198,381,,0.23,-1.46,-68.51,0,1,1,1,,,,,,,,,,,
1791300746,6ZKcpDYU7pEY7GwpUTZhExyGwGSYG5CsHVAHVX3wpump,XSALE,BJX7FJPw8Lgwf4ED3NQX7V6ugH9bGcLt5CkyfrkCVfxV,pumpswap,1791211954,0.000004078,3792.38,3847,3847,0,0.34,4.81,1828.58,0,0,0,2,1,6,93,118,,1.01,1.98,-35.11,0,1,1,1,,,,,,,,,,,
1791300751,GgPEigvRUuWRf256egenFe3KrQSH8u7ba2C9TdLFpump,ASI,CqQ9jJyyh24Ej4hP952wNw1u7ND3QkvRi4YCZxeQGMn7,pumpswap,1791211359,0.000002581,2613.81,2489,2489,0,9.57,197.2,46198.21,0,0,1,0,6,4,317,602,,0.33,0.19,-96.23,100,1,1,1,,,,,,,,,,,
1791300746,76fvXLL5hPsr6CQUs6PrXTY7VgdyY5tPidjPrpaepump,ore,7LKLcSiDQw9zEpM6hXekDwWqxEkw4jUcGcGVR28s86AR,pumpswap,1791211315,0.0002387,51129.11,234207,234207,4037.94,66475.59,1025292.29,1781938.47,39,39,490,460,6405,5080,12726,10314,-3.2,-22.49,406,0.64,0,1,1,1,,,,,,,,,,,
1791300750,FQAUvLtDYQmJaPZKoMmfq3iKJBg78TTi1kMyJewpump,BRF,9w7HE5UZNG6k2DTmcE2fjzKj9t8qqKaQG9so6MNSrNoG,pumpswap,1791210799,0.000002225,2271.85,2141,2141,0,0,4.88,17.07,0,0,0,0,0,1,0,9,,,3.63,4.04,0,1,1,1,,,,,,,,,,,
1791300744,2Y8g9Cmf8h4TUEd4VTRUjzd8xwmzw6ZNb3jDnwGzpump,S,88LK1bLVumDMYwMBqnedi8G53eiMg4jg3ogbu9dYsAWy,pumpswap,1791210325,0.000002333,2386.88,2250,2250,0.59,0.59,0.59,1.51,0,1,0,1,0,1,1,6,0.06,0.06,0.06,1.68,0,0,0,1,,,,,,,,,,,
1791300744,3dmBaeHraoT8QxmHa1b3UWE3VoE6TCSbcGFHpRrkpump,Harness-1,4zP3936VViBSxiTcoH8JFNn7WmM865evAGDzSjisYUqW,pumpswap,1791211477,0.000007217,6152.25,7023,7023,59.97,135.24,1329.39,56691.71,1,0,4,2,24,28,782,890,2.21,5.33,1.33,-85.74,0,0,0,1,,,,,,,,,,,
1791300745,4MCXVvFkxuvcBsuUmnFqnao8J4TqrnNHKv9KAToYnXvS,solOS,D7mq7eEBYawaZvgzNajgYNVYdePctACsn2xx1jSPb9Qi,pumpswap,1791214604,0.000002854,2807.91,2645,2645,0,0,352.5,110083.24,0,0,0,0,2,3,1386,1276,,,-15.09,-94.2,0,1,1,1,,,,,,,,,,,
1791300746,819sNSLxXnHzBVYReWEAqRJPFLtVEgNghrhrQk88pump,AMM,2QcQFuyp1PoANSY6xPRCL45t3NRhVRCobQWund539Kgs,pumpswap,1791213300,0.000002510,2703.72,2440,2440,0,0,0,659145.71,0,0,0,0,0,0,9726,8213,,,,-97.22,0,1,2,1,,,,,,,,,,,
1791300744,26ZixeXtGBQe3DBrN4448oZaY5rnhwPrZNhAjZPopump,SOLBORN,GWgcLfRFFTcUB8vtr6pGycWDGvjM4PD81uU1Xfj3saTA,pumpswap,1791213724,0.00005525,22582.29,53469,53469,807.45,3929.84,50095.17,2638030.38,7,2,60,48,558,493,23961,20230,-3.51,-5.39,-15.16,-51.84,0,1,1,1,,,,,,,,,,,
1791300752,J17koXnKcqLJCB4nU8doAE8PURo8ynVAFinQ49n8pump,DAFTPUNK51,FoZh64Dv9SFTk6Xoz4GMqx3JEXF21Fpdv8VZLv9y5VZT,pumpswap,1791213343,0.000002414,2627.33,2371,2371,0,0,0,14.93,0,0,0,0,0,0,0,19,,,,-0.14,0,1,1,1,,,,,,,,,,,
1791300746,6eaDDsqtzMUsnDxH3qGsiXb9RfahpwxjFood7iDbPint,Bob,Ht7tkFSCNByytL7Jd2GQrkr9EjnZ9dXREpPpyoey3t3,pumpswap,1791213407,0.000002802,2777.51,2609,2609,0,0,12.84,9368.53,0,0,0,0,2,4,99,194,,,0.42,-88,0,1,1,1,,,,,,,,,,,
1791300750,Djpjj1L5dg6ryh4cHAJfy7P8pvQtjefZfSriz7pCpump,RESCUE,HFcWNsyVnk2tDrXPVDhRASYijXnSbbjo3nMMAdTNisri,pumpswap,1791213602,0.000002785,2771.29,2678,2678,23.15,23.15,34.63,17233.34,1,1,1,1,2,2,182,246,3.18,3.18,5.58,-88.84,0,1,1,1,,,,,,,,,,,
1791300745,49gr2VBv3igYyXXVthoozw2bCsHhHaF3WJufgfQrpump,SK,7vXSFb9tUBL4qAEmJ3FXcG6mUzrr2TpnPHwyS9q1EcGS,pumpswap,1791252002,0.0001293,32020.28,122236,122236,2909.93,25803.04,164996.58,419152.73,29,24,292,276,1830,1391,5268,3635,3.81,-2.82,65.36,160,100,1,2,1,,,,,,,,,,,
1791300744,3ZitzhWaZiGZaHjYWcK543epMnndsQjvwTBPtjxUpump,OFFICE,GBJqzzLyqKuvZzLy5EUdmB3z75YBvGjzXrHdynANhaJB,pumpswap,1791214325,0.000002181,2186.79,2096,2096,0,0,0,18975.52,0,0,0,0,0,0,105,200,,,,-95.29,0,1,1,1,,,,,,,,,,,
1791300751,HVEyhCnbmSLWYmxmYC9gc2tvUDmWSm1ayeai4LVTpump,SH,AvCmvF5M2nxrJ2aXiKRpuTc8e3QQkhvTq1ertu4uwZHZ,pumpswap,1791206177,0.000002961,3745.89,2929,2929,0,0.11,0.17,1889704.99,0,0,0,1,0,2,17354,14900,,0.08,0.84,-98.4,0,1,1,1,,,,,,,,,,,
1791300747,9JKaJvwZZZT6VQk8JbPT378n33EeZR7qZvL5iZi3d61P,PRINTERS,A1tmthfYFftuPug1pWYmw38maqaFERxyrdJw2b2xS8qt,pumpfun,1791194591,0.00001198,,11985.05,11985.05,138.37,2144.27,11141.93,64121.85,2,7,42,41,257,189,988,795,-2.57,-10.85,6.18,-40.6,0,1,1,1,,,,,,,,,,,
1791300745,4UZLw2wzG2GWhX9CZ3KiLoEgDkjVTdKywbrefWsdyVxn,SOLBORN,6rcRYFGeqrQv5MR7ds1hBDM8iuAocALKGqMaNbmRWfaz,meteora,1791214168,0.0000000004543,0.84,,,0,0,0,0.06,0,0,0,0,0,0,1,6,,,,-20.55,0,0,0,1,DYN2,,,,,,,,,,
1791300749,DKxy7JwFUe4otezuT3E6Fvd41EUMWYnkwft5q879pump,SpaceX,F2f8M8RXN5LuuTt4RuYaGNyTnWPiyPKxYvwTNCoHM229,pumpswap,1791213814,0.000002124,2147.86,2114,2114,0,0,0,87445.41,0,0,0,0,0,0,8352,10107,,,,-99.62,0,0,0,1,,,,,,,,,,,
1791300750,DsjKE4pU8CshEf7FZWyyFpjiZaJnVgr835FnekBxpump,SOL,DWzo8ptUBvXU8Eh3z5TDGLRXQrzrVqj9ap52rnjJWfMK,pumpswap,1791220497,0.000002422,2629.55,2363,2363,0,0,0,965889.84,0,0,0,0,0,0,17107,10457,,,,-97.2,0,1,2,1,,,,,,,,,,,
1791300751,H7wwu3p8yEKuFkYmwCN5Zk8hPRJpZcr9ULMXZhGfpump,VP,5vmNW9fDx1mp7BxYg8kE6KVfHUZyNA1UVYJw1Kbubi3A,pumpfun,1791220780,0.00004918,,49186.47,49186.47,0,0,0,72534.56,0,0,0,0,0,0,374,249,,,,1289,0,1,1,1,,,,,,,,,,,
1791300746,6uSyzbHwcykb3uHSa68gEsZ8ixu72Jk6FS4sUGj7Fquz,STOCKED,ANbTNBd8hEENjRN5s2eTpHMXPqRXy7DH5WTu8YRFYAzh,meteoradbc,1791220574,0.00004766,,47664.9,47664.9,0,0,0,48443.96,0,0,0,0,0,0,45,30,,,,1191,0,1,1,1,,,,,,,,,,,
1791300745,4YN82xV5B5WsskNA8mJovmgtTtjMrqbp6i4CA5Hapump,REMORA,68jUXkKqCDZ79fA7yNAYthy98Y8rD3uR5cuTs1z1JjnQ,pumpfun,1791219984,0.00004909,,49096.07,49096.07,0,0,0,85167.06,0,0,0,0,0,0,963,666,,,,1289,0,1,1,1,,,,,,,,,,,
1791300745,4unydQjvYdqR31pkuBYGu2nGst8r8j5XMW8KXRXtpump,QINU,Ey4Hdtm1eJF7M1L6qWfEFcPYtGVjX6xGxAsDa3tHrPF3,pumpswap,1791219790,0.000004500,4336.53,4233,4233,0,35.08,151.34,785780.8,0,0,1,2,6,12,6777,6010,,-0.8,-4.17,-89.45,0,1,1,1,,,,,,,,,,,
1791300751,GJTqH5mcP17tX16Xok9VnajoPBfKNHa6nAx1zrtupump,launchpad,BrNM1q7h5ZrjvUAfeugPhLYJRtZYMnc5fdPJDRcoqtfs,pumpfun,1791219750,0.00004906,,49067.31,49067.31,0,0,0,77993.33,0,0,0,0,0,0,1301,932,,,,1010,0,1,1,1,,,,,,,,,,,
1791300747,8VqAfTXr2UXuHNtMmwsvgYJuhy7qq3BBTFUfMpcgxwMD,GOMO,Eb39qpP81aPXZXmst1H5DPDjC3ckUwPG6Zizsu8HGAR3,meteoradbc,1791221265,0.00005987,,59876.77,59876.77,0,0,0,5767.07,0,0,0,0,0,0,232,218,,,,35.75,0,0,0,1,,,,,,,,,,,
1791300747,A9wuQCdS9eHFMnVGqcq7ZzW1k76qMJwowP32htGsDey9,BLAST,D3BZn5bn5RJts9RxK6rcRRj4nBdHWdP9JqPcUtx4qiGY,meteoradbc,1791221294,0.00005391,,53914.93,53914.93,0,0,0,4848.3,0,0,0,0,0,0,160,162,,,,6.34,0,0,0,1,,,,,,,,,,,
1791300748,BuXqhyP8UdPUddWhAeEZ75BnzTw5d3RcUjYM5PZexC4N,QINU,H4Nrm6HR6AJBUmYdDwUKkFDRquqXWkTyyj71o3Hccvmy,meteoradbc,1791221394,0.00004678,,46782.57,46782.57,0,0,0,16853.74,0,0,0,0,0,0,609,678,,,,217,0,0,0,1,,,,,,,,,,,
1791300749,CSidjwTzf8rETX6DQ3kkacFcm5csDCrSYZqyKC5XxufM,NEAR,Gh89UeyQD6jNo8CJphVJQU6iymQf4KTFYZtbJJhvXoaY,raydium,1791221406,5.010,1051852753.41,1052187865,1052187865,0,18.72,74.91,251599.16,0,0,2,2,8,8,72,39,,,,,0,0,0,1,CLMM,,,,,,,,,,
1791300749,DK7qFm6feD5JbfLfoVZyRibP6snpCdcTqGa7K81JagHP,SLOPCORE,HunTLsuCtPV66rtF8eUj5NUsP4o3n5uRAPftb3e1Wdio,meteoradbc,1791221268,0.00005967,,59670.81,59670.81,0,0,0,6885.85,0,0,0,0,0,0,254,261,,,,35.28,0,0,0,1,,,,,,,,,,,
1791300746,7reGiLHmeL24YprCUYZaFVGGxuzAYFj1WzJ4PYRvdcoD,JohnDog,3RKw4bUg4mgCxeugEshmnaRnKsGjpPchLuyndtLVEyY4,meteoradbc,1791221263,0.00004791,,47914.09,47914.09,0,0,0,11823.75,0,0,0,0,0,0,339,384,,,,191,0,0,0,1,,,,,,,,,,,
1791300749,CU7tyTCSAFfF3oP7aESuFe5EkBdmSwdNXqsMeuWCQh7n,yankees,ASUL34DLQqaViZ7SvKVF7UQhw3usgkmDDm3EmuPYV6k9,pumpswap,1791220432,0.000002161,2192.36,2162,2162,0,0,0,208635.26,0,0,0,0,0,0,12862,11574,,,,-95.65,0,0,0,1,,,,,,,,,,,
1791300750,DVPvDA3VudJb1dgQ2TFGCo7KX7xY7kkpe7wStL2wChou,Chou,3CDFYXdWggXrR1Yyu8YiAvaYuL2tBHCH4CXm7g2nRHLF,pumpswap,1791221344,0.000002913,3005.68,2831,2831,0,0,57.43,471516.61,0,0,0,0,0,7,3818,4060,,,-4.45,-94.12,0,0,0,1,,,,,,,,,,,
1791300750,EQjeXBHCf2m8UCZZNWBgwrHZrreisskS7drtZSecpump,GoogleAI,4gc42deywWVjhQkjUnybVwhki26p9zH9FxNXqUAnEdTo,pumpswap,1791220392,0.000002139,2159.91,2129,2129,0,0,0,97105.98,0,0,0,0,0,0,8694,10154,,,,-95.69,0,0,0,1,,,,,,,,,,,
1791300752,hAN9GVwNdteB4hTr3k5DmfA7CPjBQTLRxpN1PdTpump,belly,G4Xw5DeL7NTnv8PqCP968MLHHWsTrXsfTZYLyw1tvLHV,pumpswap,1791221339,0.000007596,6226.93,7337,7337,2.37,60.53,3933.29,711268.07,1,0,2,6,43,63,7573,6573,0.24,-0.89,-19.12,-84.37,0,0,2,1,,,,,,,,,,,
1791300751,GXpWxJyR4H7AZKbSjf7aNCUfZ3u5WaYXtX2AfYLQpump,povvy,3mQEKL7fsHf6vWnaLomeoryCLDUxfLZSZepo6yBLZEJv,pumpswap,1791257720,0.00001822,10445.84,17841,17841,0,1395.65,2699.29,113710.26,0,0,0,8,8,33,889,829,,-32.79,-47.4,-63.14,0,1,1,1,,,,,,,,,,,
1791300752,HpUitEaVAXqpBomwFzgyDmTMTgmc5uU3iqafwjq3pump,(≧ω≦),81XBPdmjR7n8drzJNqPAwMx8YX9EnoZiRvfii3y5jBZb,pumpswap,1791222766,0.000002471,2535.69,2407,2407,0,0,5.45,266837.04,0,0,0,0,0,2,2883,2646,,,-0.21,-95,0,1,1,1,,,,,,,,,,,
1791300750,E3FPs12qNAPMtZX2rb4SU3hB3CZbPSbsA4GDZZ8CgTbZ,PIL,B3pdEBJET7QMDU1EJeFLLJfjtusACZApBK8wiJCRPVmz,pumpswap,1791222358,0.00001057,7493.98,10233,10233,0,507.97,3458.58,327420.75,0,0,2,4,25,27,2810,2532,,12.31,6.74,-75.57,0,0,1,1,,,,,,,,,,,
1791300750,Fo1sCkaeHz43LasDAq5Sbmt27xa8Xz7rCfGp18cqpump,TEAMCAT,Eeh4fKsNXwW8VPCfMnkE5JoPB9DcVDrrzm6Ux16nKSHk,pumpfun,1791222057,0.00004924,,49248.1,49248.1,0,0,0,10188.74,0,0,0,0,0,0,6,0,,,,1360,0,1,1,1,,,,,,,,,,,
1791300749,C4ru2YKwoa2FCKRQzUoKzzD4jxCtw8sP4WVVo1dRpump,KURA,HpRhAuGyxmM1mWufbxe9L51XcseKfcYfDemZp66bV4be,pumpswap,1791220480,0.0001056,29720.73,92577,92577,0,5589.45,45521.26,1155794.36,0,0,33,26,240,209,5210,5055,,19.68,-27.62,146,0,1,1,1,,,,,,,,,,,
1791300751,GxWqJbWPxMseev7WXYNPLEG8K59v2fAhJ5m5o7Yepump,PillCrew,9RQfgAkpKryWiaAsbsxk9qg8gUhJ7h3wYBwzK7un7VuK,pumpswap,1791220908,0.00001585,9631.36,14678,14678,0,91.81,2437.67,172093.55,0,0,74,37,227,125,1806,1573,,-0.59,26.85,-67.83,0,2,2,1,,,,,,,,,,,
1791300750,Dq3RvPJifg1fPbZbDfT43q42oL6SZsYUERabx1mKdcon,PLAGUE,5u1hSeuzF4egMMHHmFKTh4dW9GryR3THVrYtziHD1HXg,meteoradbc,1791223098,0.00005909,,59091.85,59091.85,0,0,0,6935.64,0,0,0,0,0,0,270,263,,,,33.72,0,0,0,1,,,,,,,,,,,
1791300749,CXmzdwpg3cUFCCL8MrsacTkXAzDaw4swxbcXT7zk2VdA,NUKE,Gd7hTfVEUoq3enVzsYm7SEnUKLYLdhLjX7dcAQUFiYdV,meteoradbc,1791223157,0.00005399,,53992.08,53992.08,0,0,0,3075.63,0,0,0,0,0,0,153,111,,,,6.13,0,0,0,1,,,,,,,,,,,
1791300746,63wWiY1AyqjPaaDcXfeFXzevxV1m5w8rK7RD26cNXpF5,QINU,Ap2wuchrgeaUiSMg4V9MjXNpmbDmyW1iXtjHYV4g5Czw,meteoradbc,1791223173,0.00003916,,39162.65,39162.65,0,0,0,2135.79,0,0,0,0,0,0,51,37,,,,145,0,0,0,1,,,,,,,,,,,
1791300750,EJg6nyA1TLhrSuDjQUuvKDmbkifHPGpoHaUqcp2wpump,NUKE,6B6DqfmcsFMVTWGbaQDGx1k8nQtyAo6zb7qe7ZPXizLu,pumpswap,1791222964,0.000002596,2654.28,2487,2487,0,4.22,9.43,300106.68,0,0,1,1,1,5,3420,3593,,0.94,0.89,-94.73,0,0,0,1,,,,,,,,,,,
1791300751,GSTHbc5sm5GBLbcAgec44XZQrC4AajrDRVkESHMapump,OneShot,8qWDJX9QLiFA5Bcm1RtHdwYbmymPGLjaNzF4Jk6dWWKq,pumpswap,1791222868,0.000002323,2351.61,2225,2225,0,0,0,124450.64,0,0,0,0,0,0,4398,1711,,,,-95.34,0,0,0,1,,,,,,,,,,,
1791300747,ADovnFXEpQRV3ipM7WkoY5F1y7NsPcUfgqq1jEAhpump,TikTok,7n5sARYPExyxVhWtzcMxvT4SGXaX1KeRZiDoASnr6ce5,pumpswap,1791222940,0.000002167,2180.91,2167,2167,0,0,0,56835.97,0,0,0,0,0,0,3254,5026,,,,-95.65,0,0,0,1,,,,,,,,,,,
1791300749,CxdVdpkhzyuvQY6kmVrntBhBBKx3MBtNLhJVD6bzui7c,Apple,8Rkkvg6oKtRirJpLi2h6J63LgzghfzzgNShitoAMnPr1,pumpswap,1791222886,0.000002116,2128.76,2117,2117,0,0,0,77292.24,0,0,0,0,0,0,3826,5191,,,,-95.75,0,0,0,1,,,,,,,,,,,
1791300748,AZ1zu3GSbhBAqnaVxZiHE5akV6BtF1knyrbWULAupump,BALLIN,6F4tYCVSyvfB1KAGGXazTVpQ9WVb9Jn9HMoLmNwwCQ3w,pumpswap,1791134083,0.00001074,7536.88,10330,10330,73.77,637.02,4434.6,70484.61,0,1,6,15,57,61,710,525,-1.56,-7.64,-10.18,233,0,1,1,1,,1791300840,0,2,5,17,35,44,305,290,100.0
1791300745,4nn2hUuWxReUxBRAuXzhG3A556U6pjbecHBgwRt2pump,AGENCY,E2AZRh9WfQ9FJFYRsMaH9bcwL7FN8uPP7GPsnCNi71bH,pumpswap,1791233611,0.000002328,2457.34,2282,2282,0,0,0,424825.21,0,0,0,0,0,0,7284,6910,,,,-96.88,0,1,1,1,,1791300840,0,0,0,0,0,0,6426,6414,100.0
1791300753,weLLw2Rn1PzFb4UNYjTPZzoBCdVy3mqYb8FMMYteR8H,BUILT,2UgtUcqjLryf9k3fgEit8UhFpVH9vU5vUmvPrctqo15X,meteoradbc,1791234975,0.00004927,,49272.98,49272.98,0,0,0,138605.14,0,0,0,0,0,0,212,94,,,,1292,0,1,1,1,,1791300840,0,0,0,0,0,0,139,61,
1791300749,CJvUiDYipsWkjBqYJGJ5KxpX3muZPz3zU1qYaFM8Y47u,TIT,HjAyMh3gmzQn6JLR4pzApcVLC9n97W1ipcLzTEy4fkza,raydium,1791234541,0.000004442,6334.93,4440,4440,3.17,32.63,838.51,258921.35,0,1,0,5,12,27,2249,2136,-0.2,-1.35,-3.59,-91.4,0,1,1,1,CPMM,1791300840,1,0,5,0,23,10,1072,1089,100.0
1791300744,2ipr4jR44hdjweutnJ3agfoFGPr8QBmkwAHxf1HPRvgs,KEEMSTAR,9Q4HEirf26fkDMiqQFshE8n7cdRUdWKq5jrv933fC77D,pumpfun,1791233746,0.00004957,,49572.69,49572.69,0,0,0,55195.69,0,0,0,0,0,0,462,339,,,,1115,0,1,1,1,,1791300840,0,0,0,0,0,0,259,212,
1791300744,2EejKrJxQAf5RFmFNjF8vJ1VkVa3Fs3fqJ1v4sV7boot,BOOT,J8QDmLHZcafSqLZjc4Hoh2ajoyVVpdAkpGBQT4rvdeX7,meteoradbc,1791233336,0.00005957,,59570.58,59570.58,0,0,0,11954.18,0,0,0,0,0,0,280,6,,,,875,0,1,1,1,,1791300840,0,0,0,0,0,0,198,6,
1791300746,6HEDwKSR1UpV8dJW7sVjFQoh2UnXKCZZCWi8uZVgpump,Sirius,GTkRge26uP28LKXmJpF7iENhn1BnVxtB8R1bukhuTWj3,pumpswap,1791233140,0.00003612,15816.52,35044,35044,238.06,4031.26,19631,625755.81,4,2,45,23,170,127,5342,3854,-2.48,-16.64,-31.8,-14.88,0,1,2,1,,1791300840,2,1,37,22,108,102,2078,1837,100.0
1791300748,BrUimx7KncgRNTggAdZdaX2s5XUqQyR6XMRmEg4mpump,MINTRO,8t34p7n94man8wcmFdHedYkJaWEhA9nKGJMLZyZUzbn,pumpswap,1791225432,0.000004978,5345.78,4944,4944,44.43,34788.32,1327153.64,6653358.07,10,1,2347,2596,27264,16715,105717,60952,-99.41,-94.69,-99.35,-96,500,1,1,1,,1791300840,2,0,457,2492,5623,7141,12740,11521,100.0
1791300750,EC7JXhzfSDe9BhU1tnfyzvv1eUUaTQQi4TTnrSHKsaET,BLU,94R62hzKWe56eHibA6ceHxoZHfXcVju68VzZCDVXgBig,meteoradbc,1791231983,0.00004915,,49158.54,49158.54,0,0,0,22305.92,0,0,0,0,0,0,183,83,,,,1340,0,1,1,1,,1791300840,0,0,0,0,0,0,140,40,
1791300750,FKLrrPTKbAaSMwDrJXe8rTc2CrvtuA1RyJNJmB1Vpump,sizeinu,8BC6kqZUR6i1JSUa3q1nf6U7s9mWrNc4sxbsZsbj9MMJ,pumpswap,1791230368,0.0001206,31083.46,116710,116710,348.15,10100.38,45036.89,1254190.38,3,3,42,35,281,259,7754,6805,4.22,11.47,95.51,206,0,1,2,1,,1791300840,3,1,32,30,190,198,1726,1856,100.0
1791300746,6VsnbKz6erJRTPiiD34Msq7eWmmgZHDnh4Bxan4MpGjm,SOUVENIR,7th6RZFyWytqVFozBUDPpZgTt7jeYAi8X7XZcLgyVV4p,meteora,1791064118,0.0003090,52784.17,307658,307658,1.95,3056.48,36588.29,486682.86,0,1,31,30,174,213,2556,2291,-0.25,10.91,6.02,57.66,0,1,1,1,DYN2,1791300840,0,1,40,31,105,123,887,967,44.2758139328353
1791300748,BuknMeQoreSUzXXZq8Nn973EkqrWhRzKU34KAhyrPpyb,INCOGNITO,9gJHwbyEn3U7eZyf61sTX31mqPNNhwnyDoA9Fn3pMqdq,raydium,1791223040,0.00006841,24183.65,68413,68413,71.37,1317.02,18425.88,697677.31,1,7,29,20,188,160,5636,4324,-1.36,3.58,-21.31,40.54,10,1,1,1,CPMM,1791300840,2,8,19,20,88,107,2139,1987,99.969999999982
1791300745,4LBzGyaRha2yLDVNevW6SYr2xHa4SWH8MZuMEFyr24CB,CLAY,HEPNVFZkWcA6Lhwq4Dgwa1GyF1UWJwBLM1NqTN1RoYPg,meteoradbc,1791227404,0.00005068,,50682.16,50682.16,0,0,0,54567.39,0,0,0,0,0,0,405,211,,,,1488,0,1,1,1,,1791300840,0,0,0,0,0,0,228,151,
1791300747,8VYcTcvwwWMUhKMz6Masa7EovpJXKzy6JAfouLkrKAFN,NOFEEL,2f18pk4MEFZaXxDVwQqeKDKjZBZHaZwQznFPVULNBamA,pumpswap,1791238980,0.000002351,2347.88,2249,2249,0,0,2.5,20464.65,0,0,0,0,0,1,166,370,,,1.3,-95.29,0,0,0,1,,1791300840,0,0,0,0,0,1,97,160,100.0
1791300748,BrzVbcm2zAdfv6DWyXDhtJJhTgFFSyAqGykgz64BhWYo,ORCA,FhD2QkoN7ku32xuELnx6G7QLXMdTchrgbAh94fjeTvgu,meteoradbc,1791235789,0.00006027,,60278.61,60278.61,0,0,0,8334.8,0,0,0,0,0,0,330,313,,,,35.67,0,0,0,1,,1791300840,0,0,0,0,0,0,170,155,
1791300752,JBiwqzfbYEmgDVJ7gjWuPpkL18sju9jabPHsXHBSfnwm,nothing,EEGcyYxAwbgu4c5xbLxAPULiGZJcuNZEUBw2m4h3sk1K,meteoradbc,1791235901,0.00004640,,46409.04,46409.04,0,0,0,5935.92,0,0,0,0,0,0,131,152,,,,180,0,0,0,1,,1791300840,0,0,0,0,0,0,108,111,
1791300746,61gATC5JH8BKnpe14EbiAh7iBdUQTENLaNeH8hJUpump,DOTS,12e55KhDPk3zxxbS4ZDXHebZGYpPx7TNszyqtcYmTh8S,pumpfun,1791235893,0.00004957,,49576.8,49576.8,0,0,0,48220.1,0,0,0,0,0,0,57,19,,,,1342,0,0,0,1,,1791300840,0,0,0,0,0,0,53,15,
1791300749,C6CKQHVm5FxR88DKtUB8dmDtRiGEfq5MYd6mKXCdpump,SpaceXAI,Do3bQC7TCRVP11D1VQdQLeoAJeqxFmReJfJhErhn1BMy,pumpswap,1791233385,0.000002205,2246.46,2195,2195,0,0,0,248749.1,0,0,0,0,0,0,25331,25901,,,,-95.6,0,0,0,1,,1791300840,0,0,0,0,0,0,541,1733,100.0
1791300747,8z9TY2moZpvzyBXgTwTTCLPWAsdtq4XMgm31XieVx7qo,Nike,8J46Brhbym8Jmq8a6myYhtwiBpmP7B1fany5cuYTYwWr,pumpswap,1791235522,0.000002145,2158.73,2134,2134,0,0,0,92732,0,0,0,0,0,0,11703,11122,,,,-95.73,0,0,0,1,,1791300840,0,0,0,0,0,0,362,910,100.0
1791300749,CZ1GZk34Qzeu8h2kzmsuxVmYrAkgR7sdDVsc9QWdpump,FomoCoin,Fgp1P7rnPiF69LnHkf5Axnhw8WH7uvefBX5sUbAeTwGM,pumpswap,1791235652,0.000002145,2165.94,2146,2146,0,0,0,94199.2,0,0,0,0,0,0,7468,8629,,,,-95.73,0,0,0,1,,1791300840,0,0,0,0,0,0,752,2210,100.0
1791300752,HkxMrZDqYoFkYPFWwo5uiDr9qUTG4r4PbFQVZZVWpump,Gemin,GdRSiwvLsfhS1ArQuN7Pn3etkAuVKCZGBVNXvRx3AWUK,pumpswap,1791235286,0.000002140,2160.45,2140,2140,0,0,0,99957.8,0,0,0,0,0,0,8101,9304,,,,-95.73,0,0,0,1,,1791300840,0,0,0,0,0,0,427,2122,100.0
1791300746,82zKip5LtkMDb8MwCBdjiqe9uJQwxtCSj11Zjdempump,Google AI,8JuXgusFhLbFJUPDu6ESuunheFp9m19AhHfcebYYSVqQ,pumpswap,1791235462,0.000002136,2155.12,2137,2137,0,0,0,72045.25,0,0,0,0,0,0,2226,4010,,,,-95.74,0,0,0,1,,1791300840,0,0,0,0,0,0,415,2199,100.0
1791300748,BvLqum9qd4TWQ1c9WPmLYMvxxzoXUjsFycVffvjyq16,TRANNIE,H22KkD1bNt8xWkCieZMb7gP5BiFzSGKASMGF15LyDVsJ,pumpfun,1791235679,0.00004955,,49552.15,49552.15,0,0,0,154139.75,0,0,0,0,0,0,2145,1649,,,,1113,0,0,0,1,,,,,,,,,,,
1791300749,CpCeYbZAk2aLPRGhm75ZQtLbYJdSFnnz2ssLGKpvpump,Ark,EU35Fm6v9MGBVUzEgLJfXgTdAQiRjR1uZL5JtjsncZEF,pumpfun,1791236311,0.00004955,,49556.26,49556.26,0,0,0,87368.16,0,0,0,0,0,0,914,645,,,,1354,0,1,1,1,,1791300840,0,0,0,0,0,0,616,370,100.0
1791300745,5THYSXv4F7iq11ZVwYMRjDxJNMX9sESZYdz3zmCtSTC2,SpaceX AI,9FGyMTEEGShnWcN2j4ced3iGvfbwqJYNB1tSzJ3bWBgG,pumpswap,1791236678,0.000002147,2160.21,2147,2147,0,0,0,67169.49,0,0,0,0,0,0,7301,7900,,,,-95.72,0,0,0,1,,1791300840,0,0,0,0,0,0,341,894,100.0
1791300751,GdMn5fknAVVpi8x4SDToE9npLR5mCuD6BgigccRdFzAt,STARBUCKS,9tfYjMPpP9PiFXN2T6NCaqJSmcCQQFTTfmYHS3Kt8Nim,pumpswap,1791236811,0.000002165,2183.98,2166,2166,0,0,0,79061.07,0,0,0,0,0,0,7626,6077,,,,-95.68,0,0,0,1,,1791300840,0,0,0,0,0,0,226,749,100.0
1791300746,82m71aR7LsxFevssiC6cV1reMHyQC1FqsPT45guDPFV2,Ada,BS2o5N5GswfTC94oBiR7UsKjAnTxF8ey8yxZrYWfjBQJ,pumpfun,1791260580,0.000009469,,9469.7,9469.7,28.48,1787.66,10933.9,191866.48,0,2,24,19,142,127,2065,1462,-1.18,7.41,29.02,176,0,1,1,1,,1791300827,0,3,19,17,74,93,843,778,100.0
1791300748,BUokbRZPHw3AqGAo12hLXyUiJTLSKi9cEkcV8wDdFeZJ,CAESAR,6mhLQGkg7zAknWNfwuTfYCaTdxeG9MmJPcygwmjzjTT8,meteoradbc,1791264415,0.00005992,,59922.71,59922.71,0,0,0,7172.83,0,0,0,0,0,0,285,259,,,,35.51,0,0,0,1,,1791300827,0,0,0,0,0,0,156,140,
1791300750,FzoDg7fStXPGDqUGs6KRB4qQniWuFk9922gjcoTanxKT,GATEPAD,HjJzyU1c7KUg4AyASsQPLhwszpRPDdmTey4xZ1cFD6UP,meteoradbc,1791264381,0.00004370,,43707.87,43707.87,0,0,0,1319.89,0,0,0,0,0,0,1,0,,,,,0,0,0,1,,1791300827,0,0,0,0,0,0,1,0,
1791300752,J3NQ8xh2oibHvjum8jcLWwigLyMsWyomqZySzSUZBAGS,ROBINHOOD,KY61a89KPTnMWHuc6DZYdwG1uNNMyK7Sc2GzVpmoB5Y,bags,1791264385,0.00006732,,67322.23,67322.23,0,0,0,120.35,0,0,0,0,0,0,6,5,,,,0.1,0,0,0,1,,1791300827,0,0,0,0,0,0,6,5,
1791300745,4sVUAEZ6Qi3Rovh7t64LUb6K3DhrNpdpcaJ8iQNfBAGS,TESLA,GAWqbSY4DuBau6Qok4QSmjcMj3Vg94WwBcJvDcBjD8Wv,bags,1791264398,0.00006725,,67258.26,67258.26,0,0,0,1.17,0,0,0,0,0,0,1,0,,,,,0,0,0,1,,1791300827,0,0,0,0,0,0,1,0,
1791300745,4dekGZnRHzCjLseW8QMuwyYFpgDUDWfe8u8u6ywKw64B,Robinhood,AiNmzBK7JfJ18tM9rHnSdeYzNiRZz9SJMnpiLxY27R1d,pumpswap,1791264222,0.000002330,2345.92,2292,2292,0,236.79,236.79,69440.64,0,0,1,1,1,1,3251,4856,,5.84,5.84,-95.33,0,0,0,1,,1791300827,0,0,1,1,1,1,350,896,100.0
1791300750,E2aH2DacQFhD1VNUvPogjBkrPLPKzrJxXLELmSF7pump,PLAGUEAURA,DUdHWUUzoGD4FcE9EvdikK44fwzkd3DfsVJZkhZR3Fhc,pumpfun,1791264022,0.00004933,,49330.27,49330.27,0,0,0,10205.74,0,0,0,0,0,0,7,0,,,,1369,0,0,0,1,,1791300840,0,0,0,0,0,0,6,0,
1791300749,C8aAWF2WvGYHDhu5nmtfeqMWHWYZJYMRG4hAiWgrpump,Tesla,4QN3ZzQN1a5wrDcu5rvVHi52koWPQG8XMKswmK8tPKY4,pumpswap,1791264208,0.000002140,2176.72,2130,2130,0,0,0,222807.99,0,0,0,0,0,0,22990,24279,,,,-95.71,0,0,0,1,,1791300840,0,0,0,0,0,0,471,1784,100.0
1791300744,2zQVi8eP9o4AJFtarDkhdcAUKjy3L24s7e9NKS8pNE7T,CAESAR,29JzHtBYJVmg3n5jiztN6mR6KzvLHB42Eyv57BsohyNq,meteoradbc,1791263857,0.00008221,,82215.71,82215.71,0,0,0,2257.49,0,0,0,0,0,0,50,33,,,,438,0,0,0,1,,1791300840,0,0,0,0,0,0,49,32,
1791300751,GTd2nWeE2cEEhrLzN6ZFPJZQ68DpggH8yqpab8teGEU8,VANTA,2swR4toM6ffEyyRCFGWm1p7ZuK1AgkZtj6ZqFsoQkP7C,meteoradbc,1791264247,0.00003572,,35728.34,35728.34,0,0,0,4814,0,0,0,0,0,0,158,170,,,,80.91,0,0,0,1,,1791300840,0,0,0,0,0,0,132,137,
1791300750,EtLCJUjYiUmQ1rpEfWeBK1E7ZyWRFPGz5sJc9Ksrpump,hooksocial,9Db6Not1kYREpuJMg1nBje5UwzZ12vmQpWMAMr78SDVW,pumpswap,1791263894,0.000006580,5393.54,5920,5920,0,197.08,10235.36,204667.38,0,0,2,8,125,150,2725,5738,,-3.08,-20.66,-86.69,0,0,0,1,,1791300840,0,0,2,8,68,105,946,1067,100.0
1791300749,CAXGs7LPuQnUeyqc7izGMjteMAwRtLdaqxLWKuWApump,VACAT,27ji15J6HPknPDsY1RDtRPWB5YDnoxVJB6zyqdmcEYBg,pumpswap,1791264901,0.000003430,4087.79,3267,3267,0,46.59,658101.94,4178975.76,0,0,2,7,3478,2918,20159,13037,,3.39,-98.93,-93.05,10,1,1,1,,1791300827,0,0,2,7,492,460,3363,3070,100.0
1791300749,DFdrr6nC2ETc9QR1eukZYJBtHoVAUH769abgkPGupump,PGPFZ,3bsKmbU5mfnaNyjcSuQh7sLxyrhKV5H5589ZV3FcB3fe,pumpswap,1791264530,0.000006524,5437.58,6306,6306,0,325.92,4842.46,246783.12,0,0,0,11,62,82,2536,1934,,-14.35,-60.14,-85.25,0,0,1,1,,1791300827,,,,,,,,,100.0
1791300752,JAppGRzThryCQQToyRuopqmfZ8MFZG8tNFsac7ZmCWUZ,GoonCat,GPa9B9T2uG9ZwxxQoWzjJXQRxZNxjHiAED7HnHLcG3vX,meteoradbc,1791266404,0.00004742,,47426.34,47426.34,0,0,0,8150.24,0,0,0,0,0,0,207,273,,,,222,0,0,0,1,,1791300827,0,0,0,0,0,0,155,186,
1791300752,TvRpoQE6WqdpnTJ9Kh9WxsEPmNm63gJtSqEd9ympump,Google,BhheeH8Uu7FQYV98MLuKPsdeDVuza4r7htrYpMFLcz94,pumpswap,1791265024,0.000002131,2160.58,2121,2121,0,0,0,161675.36,0,0,0,0,0,0,13690,14820,,,,-95.73,0,0,0,1,,1791300827,0,0,0,0,0,0,463,2148,100.0
1791300744,2o6iHjRmyWRbKsBUw8JYvGbj2dhxce6DPqLiADm23Bkc,YouTube,HswLyuSoa1Kzef5edih2bYweLigqenuTnDW7FEH1oGQd,pumpswap,1791266363,0.000002313,2321.63,2234,2234,0,0.7,0.75,49969.49,0,0,0,1,0,2,1591,3681,,1.31,1.26,-95.35,0,0,0,1,,1791300827,0,0,0,1,0,2,352,1133,100.0
1791300750,EpRBszPnVySQgrRBHRKcbpCHkaZMvtUefHR2EgG5HneL,CYBERTRUCK,4N3wcSkEM7GSLYk5PUVZo6qCyKNDA9XX6oesGvEbX82c,meteoradbc,1791266053,0.00003574,,35744.7,35744.7,0,0,0,4836.39,0,0,0,0,0,0,146,162,,,,81.5,0,0,0,1,,1791300827,0,0,0,0,0,0,123,130,
1791300751,HMroT3TAEAoQuA8KuF8KzbKWRrbyrjECGo5FqgzRpump,pippo,GrTDK4wvaY9y9N3U8W3rAGDnPDkgBWWbb3RWgRLYukaF,pumpswap,1791274149,0.00004331,18193.57,41481,41481,418.2,13065.56,319092.11,890922.88,5,6,115,130,3193,2720,9406,7381,-0.22,-15.49,-60.9,-12.92,0,0,2,1,,1791300827,5,4,77,105,1448,1503,3396,3009,100.0
1791300750,E7eCZS2cq655qJ7uVx3dSHR2zK31kwNQsWS6P6Hpump,APU,2pS7z7FrHSurdtSSvCzRMoyQRH4gUtKWKNUKs2jjY23W,pumpswap,1791272144,0.00005777,20514.97,55237,55237,1002.07,15889.41,184854.58,854075.6,11,11,93,101,1179,1031,5778,4664,-14.82,-51.37,-37.03,29.99,0,0,1,1,,1791300827,6,11,65,80,444,482,444,482,
1791300750,FCsZjims91nx4arLJzqH2PagrXnZn4Qkd2ikhG9gpvEN,MINEPAD,6uPFVsP7uNCBfdEZPHGH9QwkX8oRAeFVEhEhwUXXPMWq,meteoradbc,1791273323,0.00003684,,36844.78,36844.78,0,0,0,1383.29,0,0,0,0,0,0,16,1,,,,149,0,0,0,1,,1791300827,0,0,0,0,0,0,14,1,
1791300748,B1CLM28i4kKC3Drua6EdYaZdKpa2R3msUQSYJuP7J4yg,XAUT,69pMwbVDwP2TxV4BdYAq1gpYQTvLxVi38rqoT4Eybh72,orca,1791273331,4141.65,1084.72,414166058977,414166058977,0,0,0,223.16,0,0,0,0,0,0,2,1,,,,2.04,0,0,0,1,wp,1791300827,0,0,0,0,0,0,2,1,0.0
1791300750,EiPvLKJA7btaMyaerBzEd842dPdhQjJhhSCoYDxy96KA,pippo,A6Zko29Pa8aDDRAois1aAJAd45jYvbb9XrBhbZpXQP6p,meteoradbc,1791273349,0.0001275,,127566.23,127566.23,0,0,0,12833.67,0,0,0,0,0,0,293,389,,,,1087,0,0,0,1,,1791300827,0,0,0,0,0,0,178,194,
1791300750,G1zJbEeecDz4tk1w3QrXF2mdySUVNDRtFgKAKTS2Fb3a,WINNER,3ifDgfWmtYP64sU4K9kDeXUqMGoTXJ2Mua6uNkSzDczt,meteoradbc,1791273348,0.00005692,,56920.07,56920.07,0,0,0,1333.41,0,0,0,0,0,0,15,13,,,,28.65,0,0,0,1,,1791300827,0,0,0,0,0,0,13,13,
1791300752,YfzCqdeJeRQuEZRpZwhyBgdepUSGfkmnhVWDc53sc2v,pippo,QyeujAn9AKYq3nytdDKvh3dqsuN3VAbydrfmCVKjZfx,meteoradbc,1791273156,0.00005016,,50161.99,50161.99,0,0,0,15952.44,0,0,0,0,0,0,312,449,,,,367,0,0,0,1,,1791300827,0,0,0,0,0,0,176,194,
1791300746,5o9rhSr8pHZpZNLJr8hfFfKQLc1jYY1KEsSuE7Cf7y6f,pippo,C2h5YWrqhuLtm5gmr316H7WAAG4jbvzwcyzMzXwDboRY,meteoradbc,1791273323,0.00009799,,97994.1,97994.1,0,0,0,1319.46,0,0,0,0,0,0,4,0,,,,812,0,0,0,1,,1791300827,0,0,0,0,0,0,4,0,
1791300751,GaUhZ5PpkTeYbF3nFMzhVdofh1azh3zxkgZoWbNZpump,PLAGUEOTC,h931Q8cjGQiXu8VjKXK6rcZ3JeM7eWrTLHcLnShEc4p,pumpfun,1791273043,0.00004938,,49387.8,49387.8,0,0,0,10557.77,0,0,0,0,0,0,9,1,,,,1369,0,0,0,1,,1791300827,0,0,0,0,0,0,9,1,
1791300750,FwVY8ydFjEWFs15wL6YAVXe9mEzxzc1XzMKUzANpump,HIGGS,4y4Eto91bP3f4syn3ykMWAxKt5s4xW1V5ZPKZ5BaaENw,pumpswap,1791258371,0.000002214,2290.09,2215,2215,0,470442,644054.12,1078979.91,0,0,2848,251,20332,547,40165,908,,-100,-100,-95.55,0,0,0,1,,1791300827,0,0,2075,24,2932,33,2958,53,100.0
1791300750,FDnUbxKwmECu1jVaFcfDsaMRCrSCiCiXcbVvwjSCv3Fg,GemSearch,DWL5iMtcqa1mvmD4bTnJ8hp6WiDpTzCj9XTFgkqnWGaM,pumpswap,1791280548,0.000005090,4528.05,4915,4915,6.73,363.38,208218.67,208218.67,0,1,5,5,2384,2056,2384,2056,-2.2,11.98,-89.5,-89.5,0,1,1,1,,1791300827,0,1,5,5,1147,1163,1147,1163,100.0
1791300748,AXe8p3u3ZkeR6UefZd33GnKGetVeBj1DsvJ5zLnunJGV,LM,GsTeouDZJ3KPJaCJyuRVuuzA1kMt3wsuwUjTptb884AE,pumpfun,1791279704,0.00004913,,49133.05,49133.05,0,0,71593.67,71593.67,0,0,0,0,770,545,770,545,,,981,981,0,1,1,1,,1791300827,0,0,0,0,479,291,479,291,100.0
1791300746,7369SFFekWNNpbz4sZrgpaykzd7rCJ1ssi5pwTtppump,Bid,AT1QCJ9z8wNAMT4Hwm8nErtiHMP6Kaj1YpCNGXtqyZoP,pumpswap,1791279807,0.000003812,3595.19,3522,3522,9.02,42.13,187359.32,187359.32,0,1,1,6,2500,2207,2500,2207,-0.55,-1.76,-92.36,-92.36,0,1,1,1,,1791300827,0,0,1,6,1177,1254,1177,1254,100.0
1791300749,CZwke9xutdx9c2aJ4TqFrS279zvErHhNJZHYCzwQpump,PLAGWHALE,E9pDo5yY2hNDiAiQqtgy3QPLggZdtVfKccvvmbfJNu4B,pumpfun,1791279226,0.00004896,,48960.48,48960.48,0,0,10129.23,10129.23,0,0,0,0,7,0,7,0,,,1360,1360,0,1,1,1,,1791300827,0,0,0,0,7,0,7,0,
1791300747,8ddJg8wf41szFLoGE4MZoNo5fb1apWo12RX4gn64eBCv,WINNER,DUkbNnJXsXtLVi9jsYzRmTThzhqqfU9kXNeu7Wy6MTSu,meteoradbc,1791280429,0.00005971,,59712.72,59712.72,0,0,3971.07,3971.07,0,0,0,0,152,136,152,136,,,35.56,35.56,0,0,0,1,,1791300827,0,0,0,0,110,106,110,106,
1791300747,9ECBua2LYGT6Cyo21L2SDVfqXNmwdxSRSvRP1fmctBcE,IU MEME,EZe2cX6Mh9fPcz5f87QSP6Zx7f5UFddkMQG1hrGtKosY,pumpswap,1791280126,0.000002144,2165.45,2134,2134,0,0,101054.53,101054.53,0,0,0,0,6101,6907,6101,6907,,,-95.68,-95.68,0,0,0,1,,1791300827,0,0,0,0,383,929,383,929,100.0
1791300752,JDWfTE92XEMDUtxmw27YLJUsW17RenLgC6E8Q6XduPb5,.meowfart,5QfjLF6inpkWqc75pDpd5Q9zNaKXwVAB2ZBDxU8pqnPE,pumpswap,1791281740,0.00001696,10397.41,16380,16380,461.51,12958.26,679847.89,679847.89,10,3,170,124,9085,6493,9085,6493,14.91,44.52,-65.08,-65.08,0,1,1,1,,1791300815,4,5,113,98,3072,2783,3072,2783,100.0
1791300747,A8ReJQdBygEQ2kce1oNZ2brMQWVA6HwetfkhK3J7pump,catagency,6n5hAz9JcF5mVT19CEduJUkNJdZjw1kHBbqJBU8npHDx,pumpfun,1791281617,0.00004909,,49096.07,49096.07,0,0,10157.29,10157.29,0,0,0,0,6,0,6,0,,,1360,1360,0,1,1,1,,1791300815,0,0,0,0,1,0,1,0,
1791300749,C3NukjAkXubpUcKmYCfzQ2qyKtQd9HLQbLqyuL1Npump,.FART,81zGs4ubWmx7cTKUJrkPkupzH3NRgUdv6VtFKQ4twtEC,pumpswap,1791281144,0.000003912,3829.3,3796,3796,0,2711.53,388227.79,388227.79,0,0,17,13,3539,3268,3539,3268,,31.68,-91.3,-91.3,0,0,1,1,,1791300815,,,,,,,,,100.0
1791300746,8FffCcpYMCTc3QC6FmafKq4JGmo4UmsvfHtGZxQWNTKv,SGSI,7voWnnVLJHHwzw6uDGbyMPHRMhPrfuoB8W7WFjg6HnPo,raydium,1791142683,0.00003930,19869.15,39304,39304,881.22,3120.9,47028.01,85771.26,7,3,35,32,487,297,976,677,14.78,-2.83,44.44,137,0,0,1,1,CPMM,1791300815,0,4,27,27,188,233,429,443,100.0
1791300745,52L763SJfoHFYAbMaUqxV21o55ZWbvfsNf7NxT2bpump,USDP,79oCZo93LNs3nEWAju9zsvXpH6Gz72SV7Sy61FaJDNDe,pumpfun,1791282614,0.00004933,,49338.49,49338.49,0,0,11003.35,11003.35,0,0,0,0,76,7,76,7,,,1207,1207,0,0,0,1,,1791300815,0,0,0,0,76,7,76,7,
1791300751,GMumekDBHggSAscXj3mYsCxzRGExzWV6Z1ANZShF9VJn,..meowfart,918PjJhU91ZDhk5RhpBUYy3ZCdUEpULfteYZzQa5Egwd,meteoradbc,1791282648,0.00004859,,48594.52,48594.52,0,0,11484.58,11484.58,0,0,0,0,225,265,225,265,,,209,209,0,0,0,1,,1791300815,0,0,0,0,132,132,132,132,
1791300750,EhbRLi1rCuZ5A4MjjyxZ86iELXzFtdT68x5HaZTBpump,trickpepes,5n9cfa2hn9Wy52zP28HmhDxTXh6GYqvx4PCULdBFvNxw,pumpswap,1791281673,0.000002643,3076.8,2606,2606,3.99,4.01,2289337.52,2289337.52,0,1,0,3,6307,6121,6307,6121,3.42,0.23,-94.82,-94.82,0,0,0,1,,1791300815,0,1,0,3,1767,1742,1767,1742,100.0
1791300748,BGAbqM5DuqgLbGZLmp8nJMf8eWyizdEbrfHFsQmrpump,NASA,F4WJkbXMz8C6GXGeymcKQpXaVkUMdyrqLHc7buEUMRJp,pumpswap,1791281572,0.000002146,2171.83,2146,2146,0,0,132508.05,132508.05,0,0,0,0,13314,14814,13314,14814,,,-95.68,-95.68,0,0,0,1,,1791300815,0,0,0,0,1878,2166,1878,2166,100.0
1791300750,FxnXUzFYKfpWubompDXTVUfNv6UswBH3oQLW93kjEW43,Apple,CA34KSptzDWBbhfGiFRGsP5jmMsUtkSLPM8rLzffDakr,pumpswap,1791282275,0.000002131,2144.77,2131,2131,0,0,60706.39,60706.39,0,0,0,0,4595,5871,4595,5871,,,-95.72,-95.72,0,0,0,1,,1791300827,0,0,0,0,356,726,356,726,100.0
1791300744,2ihWKR1EayNiZsDcELt89GqtfixJvWULjCW12ZQtpump,ChatGPT,9FXViaFxRcNR64oF8G4G6R2DB6XpzqFq7wTumwFQ9J5V,pumpswap,1791281044,0.000002492,2522.27,2481,2481,0,0,244179.28,244179.28,0,0,0,0,26179,26829,26179,26829,,,-94.98,-94.98,0,0,0,1,,1791300827,0,0,0,0,485,1320,485,1320,100.0
1791300745,4RoFANLQpQ4o23zfyd1aoQCxVehwVBU2YeyCCQyvpump,swordhood,Gpre8KNPSyUC21NwLR3U3VFRz7T6Zgru79h5uivqwowF,pumpswap,1791284111,0.000003720,4215.36,3660,3660,0,16.2,3062551.07,3062551.07,0,0,0,1,8266,7589,8266,7589,,-1.19,-92.74,-92.74,0,1,1,1,,1791300815,0,0,0,1,2606,2448,2606,2448,100.0
1791300750,EGTmKUrrAQHWuyWgkeEsAgnRskUuQjw7Z6rwLXYZpump,VALLEY,H3GNK2989cjpMDeCmcDWCRTvSzECPS8DzWCNKXZoTHaa,pumpfun,1791283389,0.00004942,,49424.78,49424.78,0,0,54277.74,54277.74,0,0,0,0,328,175,328,175,,,1347,1347,0,1,1,1,,1791300815,0,0,0,0,259,84,259,84,
1791300750,E4jLbVAq763MavfQE8BFsTznFhVJZQFCpTgbuu8Wphzq,MultiStonks,G1ZrWh1v66zUxZM1q8Nbang6XH4xfuBwDixAkgBdSPvb,raydium,1791283476,0.00002040,14164.6,20409,20409,453.44,7206.49,638295.41,638295.41,3,5,86,87,6577,5099,6577,5099,-7.89,-8.02,-58.17,-58.17,0,1,1,1,CPMM,1791300815,1,1,66,59,2477,2674,2477,2674,
1791300744,2p7UdEBBCHSAHDwfTsEms2PmF3299ux52ithaMeeeo9j,SWORDHOO,8uQPHPikWDDPVtBoke6mNch17haU7ZZsy4QV8ZvzkoP3,meteoradbc,1791284390,0.006003,,6003986.05,6003986.05,0,0,1989.64,1989.64,0,0,0,0,155,25,155,25,,,17.48,17.48,0,0,0,1,,1791300815,0,0,0,0,5,2,5,2,
1791300748,BusD65DExwyuMDA31cB6THeyjFvgYgcGpuUnDRJ1pump,TLT,H6MbeQYzMH6TPRRKpjkNSBK8NFQh8KPtmzfk6mC2YiQv,pumpfun,1791284221,0.00004949,,49490.52,49490.52,0,0,10238.89,10238.89,0,0,0,0,6,0,6,0,,,421,421,0,1,1,1,,1791300815,0,0,0,0,6,0,6,0,
1791300744,3KNvV2tPf9XBNP3eWFBYnpKZMygqm2HPmu2evryTpump,HIGGS,7HdhWVgotBQ5akrLUigbP3F2tc8cse3YLiWUyJyFTpb6,pumpswap,1791280103,0.000002174,2204.47,2165,2165,0,0,202026.6,202026.6,0,0,0,0,16821,9490,16821,9490,,,-95.62,-95.62,0,0,0,1,,1791300815,0,0,0,0,1892,2676,1892,2676,100.0
1791300744,2Dq9Py1BaH5UpV2puGMMCiVHs8YmPuRjEDZMRK6fMT4Y,Elonhotdog,DahgQPRJeTg8UCpN8JnbrgY4qtLUMUY1KpYpFphVvhmu,pumpswap,1791283413,0.000002175,2209.97,2176,2176,0,0,159592.67,159592.67,0,0,0,0,9398,7193,9398,7193,,,-95.64,-95.64,0,0,0,1,,1791300815,0,0,0,0,167,768,167,768,100.0
1791300749,CBMkUhEP3xRgV8kPKYXyQ8MKsdt5xYmcMjGyRCtopump,TikTok,H8xHejQkoB5Q55JwkvJyERMFcD3pupnhs166fNBUtn8K,pumpswap,1791283621,0.000002127,2144.86,2128,2128,0,0,80961.75,80961.75,0,0,0,0,4318,6274,4318,6274,,,-95.74,-95.74,0,0,0,1,,1791300815,0,0,0,0,405,2194,405,2194,100.0
1791300744,3NPQemdkbzR4sG4u5w3wH9xbqxZjuUijTvbwbvD2A8jS,ROCKET,ARsx88y9tFTcxDn4er25u974ZWC7KF4EY9Pb3MKiEj8G,pumpfun,1791059823,0.00001132,,11320.22,11320.22,512.41,5142.05,132634.76,134769.52,6,5,46,55,1187,840,1205,855,-9.54,-29.88,166,207,0,1,1,1,,1791300815,5,6,34,50,524,433,536,442,100.0
1791300744,3VLfb4PAgDAXxwMnnCAhJVUut1zgVwYkwpPce25EhjyW,NINU,7A9uEcxPHvp5HSs2JF6qC87NMgB7jqva7VCA4dCbHCez,meteora,1791283009,0.0005514,17233.33,16542,16542,54.67,939.07,44978.51,44978.51,1,0,7,15,295,138,295,138,4.21,-2.4,7.5,7.5,0,3,2,1,DLMM,1791300815,1,7,4,15,193,118,193,118,
1791300751,GUgLTJEMUTJhv4YfWRhrjdm9JJPTcw7cd9PXJ25uhpAd,HPAD,2uzdF3MvGRsvG3ARwivs7r61and2W3rxUsUjxU2aw3wC,meteoradbc,1791248034,0.00002954,,29541.77,29541.77,0,0,15969.09,51069.24,0,0,0,0,149,52,419,220,,,727,746,10,1,1,1,,1791300815,0,0,0,0,94,48,198,157,
1791300746,61BkPLSPrgzYdJL1n2eVfauWRy92qd3bE7yjUBzc4fiD,KOTH,4F5w63zCY7WGYGcdiQtmVrSfhREWZRus34jyGgz2kyJJ,meteoradbc,1791142608,0.00002116,,21163.81,21163.81,0,1301.57,73374.86,108385.09,0,0,6,8,338,217,514,463,,0.4,44.39,-36.42,0,1,1,1,,1791300815,0,0,5,4,119,107,194,215,
1791300749,CBfvJTZruJjouy878ggEXAtXsNxpU4vsxFNn2tQQE2nV,TTT,ARX71PegXtepfQ41uMnyk32iPKvWdMFdWLpqhTA16VqU,pumpswap,1791131793,0.00005693,20812.31,54922,54922,5893.94,14199.7,43930.07,181685.15,45,38,104,80,310,284,1356,1231,17.16,44.66,45.66,890,10,1,3,1,,1791300815,49,37,87,69,194,180,519,485,100.0
1791300748,ArenDYANqFNkp8ZqAXt69vT5Dz7WD4zDfSpVw6oPpump,Cartridge,qikS6TVXgNocaDuhRB3B94cyeaUJevP1c7XEyMfYT7Z,pumpswap,1791049197,0.0002333,52334,221104,221104,2773.36,59344.15,907498.72,938411.78,12,15,331,195,4730,3218,5030,3498,6.11,-30.31,421,448,0,1,1,1,,1791300815,5,9,179,166,1811,1688,1942,1846,100.0
1791300748,BgnWvMKSHGgdK3KsdRukeowwAA36ZWg5Wp94LrMip55L,OI,39bTNausa4ePv5G1vjo2eNY1bGhKhj5YndjuL93wd63t,meteoradbc,1791285829,0.00004317,,43172.62,43172.62,0,0,5992.79,5992.79,0,0,0,0,180,189,180,189,,,161,161,0,0,0,1,,1791300815,0,0,0,0,126,126,126,126,
1791300748,BtVHJunqAebZ2u66AqMGNYtGf5Nki2dipBBYMosEpump,USDF,5k8REax59eJAXFpAVjEv4PBznU183ukgfzSzBjzTh4Ra,pumpswap,1791285283,0.04280,603577.68,42799289,42799289,420.74,6055.02,503324.27,503324.27,13,4,182,60,2993,1684,2993,1684,0.42,2.58,85594,85594,0,0,0,1,,1791300815,9,3,22,9,883,775,883,775,100.0
1791300747,9HoxS7MDj4TxbQNW56KNdkUKXeYtQWNdeJMetErKpump,SURFERINU,HscQaQ9qWPhFZZuGHd2KVw158Bt5LeaPMyNwsu977gHy,pumpswap,1791285029,0.000002333,2488.07,2307,2307,0,0.29,809886.08,809886.08,0,0,0,1,9404,6482,9404,6482,,0.75,-97.62,-97.62,0,1,1,1,,1791300815,0,0,0,1,4820,5071,4820,5071,100.0
1791300746,8D5J8SSbHVqCt1F2N9NoqiJPMT5T9dA15dS6zfWKXoUs,ZuckAI,rXidsgiCg7eRCZ5nPsk9CKxkVgeV2gdEJDeEwR7XnsF,pumpswap,1791285838,0.000002132,2155.42,2125,2125,0,0,94969.65,94969.65,0,0,0,0,5101,5064,5101,5064,,,-95.73,-95.73,0,0,0,1,,1791300815,0,0,0,0,179,771,179,771,100.0
1791300744,3riwxZT1GC3RikZoHBTDKXLw3G5GUginEckrmDzppump,gifcat,BrdkHC33xTx86tcBTzVpozKXC3GqSvPUPvfGfNcfSxPs,pumpswap,1791287858,0.000007529,6071.16,7095,7095,366.75,1278.48,459842.17,459842.17,2,7,37,39,5262,4525,5262,4525,-15.5,19.75,-83.27,-83.27,0,0,1,1,,1791300802,,,,,,,,,100.0
1791300749,D8GnQAnA7i5cmpkgDUyhxx8SmnveypZBQRXh6qiapump,ANISOM,J8CrfXnw74MgBa6Mff8exmKkYYQEq1WWUJT5q5jaZJuM,pumpswap,1791286626,0.0002732,47969.12,269891,269891,4261.78,63882.63,985868.77,985868.77,21,16,336,310,5002,4276,5002,4276,3.75,-15.19,380,380,100,0,3,1,,1791300802,5,10,240,214,2443,1845,2443,1845,100.0
1791300749,CDhpXQLLoAxmTEPpVgPivX25TgGQaKDZ3Jf7n3YfwSCc,SFSI,6XifJGorfmxHEvdxQxRtjuNjLAY2BSpfNjAcLLVtWT2d,raydium,1791205634,0.000006798,31207.2,67981,67981,0,142.74,10991.05,27726.64,0,0,3,2,53,40,117,95,,2.33,12.57,501,0,2,2,1,CPMM,1791300802,0,0,3,1,43,27,82,44,0.0000000000189934294099397
1791300745,5EZ7yagvcsHcwH3e17khLwGzhFrCsx7CKS7ZN6J6i4Lh,dabcat,Aikm24aNmx3U1w2BhFLgnKr8nfKNX4JfRGCBQs9gNqH1,pumpswap,1791287034,0.000009996,7121.52,9167,9167,334.38,3663.67,109344.85,109344.85,8,2,50,45,2377,1823,2377,1823,4.2,-24.68,-79.8,-79.8,0,0,2,1,,1791300802,4,2,31,39,1037,1100,1037,1100,100.0
1791300747,9PmAtt4UuK5Vgxz2p8AxMkWNxc5QGKJQ1iWMSE3HVdzR,gifcat,5AHzp4TaLWstjVFrNUJd9K315bTVEeWcaaNZaEmn7vha,meteoradbc,1791287421,0.00004258,,42585.58,42585.58,0,0,19865.8,19865.8,0,0,0,0,772,893,772,893,,,166,166,0,0,0,1,,1791300802,0,0,0,0,204,181,204,181,
1791300747,8VE6mVNCyduLpfWhV67RB59R5JKsvkwXNQLCke4EniXR,TLT,2RrQKdQ2kexZmbiRoQReLi6DTY3hydWfajrXXXD8bsCp,meteoradbc,1791287593,0.00004732,,47325.77,47325.77,0,0,8209.66,8209.66,0,0,0,0,190,242,190,242,,,219,219,0,0,0,1,,1791300802,0,0,0,0,121,141,121,141,
1791300748,B8S7WGQYteNSBz4rU4Xs1hkr1seGpxYgUuV2wgtbpump,TLT,DEabz1ciRBJYZS2S8vM4uXY9FJXt1rMK8nfj8os9cuHZ,pumpswap,1791287673,0.000002301,2420.32,2258,2258,0,0,393128.49,393128.49,0,0,0,0,6609,5049,6609,5049,,,-96.95,-96.95,0,0,0,1,,1791300802,0,0,0,0,4561,4452,4561,4452,100.0
1791300744,3ALtJTrdQzxt9dEuQQiUEsTWCwMaLj1kSb9pKooepump,Meta,J9nUkDvxwRsJWZsRkEUtgKteM7yFNsdTbfmhLaqXv6LV,pumpswap,1791286387,0.000002146,2177.19,2146,2146,0,0,167324.25,167324.25,0,0,0,0,15271,16434,15271,16434,,,-95.71,-95.71,0,0,0,1,,1791300815,0,0,0,0,477,2126,477,2126,100.0
1791300748,BKNSQBe3sFXQrAGncZTwXrLTCQ1TqU2EaZzWAe6vzSC,LOAN,92SAqom1tw5mP5VwikcJCwKK5H1CoA7v5Qb6i9whRNam,pumpswap,1791284809,0.002274,0.01,2274427,2274427,0,2266126.97,23083226.54,23083226.54,0,0,4556,1309,29141,12737,29141,12737,,1598,19740,19740,0,0,0,1,,1791300815,0,0,1860,7,2022,35,2022,35,0.00000000109556325877729
1791300750,ExSoX8drYCcETr6ryWJXbQiGrwrH3yppntge2QEUGYgD,STARBUCKS,CqUytG9v7QiXNUxKvwC4mG1HgmTYCJuYHieLyUD1qRGe,pumpswap,1791287175,0.000002138,2165.11,2130,2130,0,0,116556.8,116556.8,0,0,0,0,6989,5976,6989,5976,,,-95.72,-95.72,0,0,0,1,,1791300815,0,0,0,0,211,791,211,791,100.0
1791300751,GoZNYnJmubjP1v26VZUM32fEccZHzGjJi9AVwYPmpump,RAM,EZma7sKPmdta9dT8XoJniEWEBzkEiC3imLE8revNr6Mg,pumpswap,1791286892,0.000002148,2164.52,2134,2134,0,0,66536.4,66536.4,0,0,0,0,6632,7636,6632,7636,,,-95.7,-95.7,0,0,0,1,,1791300815,0,0,0,0,1873,2209,1873,2209,100.0
1791300752,ohNUCFF9UMJoAenJ9QXRS7T2DV1WBDaDWnL4G1zpump,HATCH,E8kzVeUXpT5UdfiW4PVMBmEUcmmM8VuRwqoAKN5Uwyid,pumpswap,1791290645,0.000002852,2806.37,2658,2658,0,33.32,53097.06,53097.06,0,0,0,9,618,791,618,791,,-2.02,-94.24,-94.24,0,1,1,1,,1791300802,0,0,0,9,389,571,389,571,100.0
1791300750,E66bxgqUDiyFQfPDfvCaUBsRSU87nJ3eeSXQQrMhpump,LOVELARP,8csNgTMyT1dTwVdg9JtpoYTpqaUs1FMGgfYjoa9iMeHp,pumpfun,1791288837,0.00004946,,49461.75,49461.75,0,0,10232.94,10232.94,0,0,0,0,6,0,6,0,,,1360,1360,0,1,1,1,,1791300802,0,0,0,0,6,0,6,0,
1791300749,CDBhtrQaeBuvB57H6oxKseJVtzG5qpf6eb5GNqgbhYTy,HIRED,BdcukFTEPgsE1v4oswUvjdX3JAwbJS3KzwwkqcnRwBSF,pumpswap,1791289144,0.000004600,4209,4434,4434,6.86,517.74,211973.64,211973.64,0,1,1,29,2466,2201,2466,2201,-0.22,-24.1,-90.7,-90.7,0,1,1,1,,1791300802,0,3,1,31,1211,1244,1211,1244,100.0
1791300751,GQCGitfVw5LYnj4L4zrNUMYeK9dNxEJi9ZjMwMfQpump,GEMSEARCH,35ffdmNmBvqTobSQL6kct1S85wZ8ddUu1P18EUWAzwPA,pumpswap,1791290169,0.00001574,9492.27,14964,14964,349.57,16117.25,115665.39,115665.39,1,6,191,164,1529,1177,1529,1177,-11.68,-38.03,-68.2,-68.2,0,1,1,1,,1791300802,0,3,114,108,732,656,732,656,100.0
1791300753,yCMFrscH9MTQxnTpvmxTtx6aGSUG8uACW86Rb7hpump,SpaceXAI,8iuhzRUMpFYwhayA3drxkMj2nBQKQmkSX1XZjsouPtdm,pumpswap,1791289772,0.000002185,2206.6,2186,2186,0,0,108235.63,108235.63,0,0,0,0,11167,12790,11167,12790,,,-95.63,-95.63,0,0,0,1,,1791300802,0,0,0,0,469,2169,469,2169,100.0
1791300753,rhQtY2xyQkoahVJ6hdbWEZaNUpkoxw264BB78DqqtcB,Haaland,CHtrRatGRJym6rcbSL1VNrJkVJE3PLFs3FTvCEidJqvc,pumpswap,1791288998,0.000002160,2186.61,2150,2150,0,0,134175.81,134175.81,0,0,0,0,29625,24219,29625,24219,,,-95.69,-95.69,0,0,0,1,,1791300802,0,0,0,0,378,595,378,595,100.0
1791300749,DCPxodgkZuyAqc3YkFjwTg86JQnZowH79zNyuoaHrZja,Speed,4eCAPp8dvD5h4z3LskW46pzc4GhJmsfA6DJPqXCTVAaG,pumpswap,1791289035,0.000002137,2154.78,2137,2137,0,0,80131.7,80131.7,0,0,0,0,13592,12511,13592,12511,,,-95.73,-95.73,0,0,0,1,,1791300802,0,0,0,0,367,909,367,909,100.0
1791300748,BfJNbiRpR478V8F57RjSTZChZExcQ2PyzeeFLdnspump,Amazon,9jkXWMytAwBCFKkehHJ4dGkWq821NzEmraEg4viBP66N,pumpswap,1791288111,0.000002194,2228.88,2184,2184,0,5.69,179406.53,179406.53,0,0,1,1,19909,20941,19909,20941,,0.87,-95.61,-95.61,0,0,0,1,,1791300802,0,0,1,1,444,1748,444,1748,100.0
1791300749,Cj4TSKUjUsaAPGYSoLLqT5xLfdRUVBU7rt5ooptpump,KORTX,7pUonuEBivC7e3z2xST7BXy8vnMzL1896q69K3nsCUiN,pumpswap,1791266977,0.00003192,14419.83,29826,29826,133.26,3073.22,27907.3,132543.08,2,2,54,30,302,247,1510,1269,-1.49,-15.11,11.4,-34,0,2,1,1,,1791300802,1,4,28,25,147,144,683,688,100.0
1791300748,B6hNoE798PE1y2XTZMC2XX333HRcZiD9RZ3xzCRbeoQr,Bambi,6gNDWBoNYGDnehP7UCd2ACerbk2gci6samZjaktjSYPE,pumpswap,1791290572,0.000004846,4386.38,4637,4637,12.11,1960.54,292325.05,292325.05,2,2,29,27,3782,2875,3782,2875,0.14,14.93,-90,-90,0,1,1,1,,1791300802,1,1,18,23,1486,1489,1486,1489,100.0
1791300752,ckAijtzoQBQLVmFDZrqLVgPRgfAgYF922TwzMnupump,GIF,2bELVEXaaZhgYDWHbg36t6qyY8SLBjfX1fzhMdT2Zafv,pumpswap,1791260653,0.000003276,3165.83,2844,2844,0,108.2,51963.69,98886.14,0,0,2,2,455,392,886,868,,-6.33,8.03,-93.37,0,0,1,1,,1791300802,0,0,2,2,197,190,435,527,100.0
1791300752,Lg3KbVTP1At9buJqS8boSoe5UpkwzrtdSyWToGcYKEP,EP,4UMibs7DhF5h4jC4NpmFtFX15RfgygYoxEG1cNULHWf9,pumpswap,1791291181,0.000003326,3243.93,3197,3197,0,196.6,139561.62,139561.62,0,0,1,10,1759,2180,1759,2180,,-8.75,-93.38,-93.38,0,1,1,1,,1791300802,0,0,1,11,1055,1091,1055,1091,100.0
1791300749,CmJ47wPWyFpxLZ4zQXGgANJ5PHych8seKeVJFoCpump,NOD,6wKhJApdvAACzMH1kiiwESnX9GF7Myq8d5Q6wa96zih8,pumpswap,1791290074,0.000002569,2673.19,2462,2462,3.65,36.81,481464.4,481464.4,0,2,0,5,15207,7380,15207,7380,-0.34,-2.52,-94.87,-94.87,0,1,1,1,,1791300802,0,2,0,5,840,839,840,839,100.0
1791300749,DG4LMuC8hK3KR592csXkbEEM2dJNjUs3SpaeioQdpump,TUCK,CriR95aVFQfBsnrv8MSucjW4Tr4GkWxAB1eHbaQhiEts,pumpswap,1791276643,0.00003733,15756.93,35961,35961,0,745.24,13504.14,20272.16,0,0,1,8,86,139,168,275,,4.12,-29.29,-23.51,100,1,3,1,,1791300802,0,0,1,8,71,66,141,134,100.0
1791300750,EhLyndhdN7K1VQokfGifFeedMztb73k57WS7Xq9mxsad,AGENCYBOOK,5FYxhHZufVrGWjssZDVmPg21z16cDD9qnBqE1BZriQQZ,pumpswap,1791280521,0.00005974,20565.17,50475,50475,18286.95,75044.11,235299.35,235299.35,148,107,636,417,2563,2141,2563,2141,-8.66,249,21.23,21.23,10,1,1,1,,1791300802,75,60,311,240,1096,1096,1096,1096,
1791300752,HjiYybJYTsXTGxrrHFNz1XUcrA65xAoaYisYapu6pump,psst,5xzCcThstyPHQ1r4HqF2xXLvrzvtPFbbZQZFHGgFGDAk,pumpfun,1791255095,0.00001914,,19144.09,19144.09,219.6,8271.63,51587.78,164787.69,2,3,80,76,575,465,1885,1603,-4.06,-16.38,104,451,10,1,2,1,,1791300802,3,4,59,60,290,234,773,664,100.0
1791300745,5PBpGG22TvtEcGqyRXdMLvwmfekQCp2FzZfeq95kpump,Gemini,Go8xySwrQGsudkV2iAAdMDpBAGSthB3jZ4wJ8PoDQcf4,pumpswap,1791291346,0.000002131,2146.75,2131,2131,0,0,75757.75,75757.75,0,0,0,0,4717,6543,4717,6543,,,-95.74,-95.74,0,0,0,1,,1791300802,0,0,0,0,425,2107,425,2107,100.0
1791300750,GEKfCsnQzjidmNbaVZH9Dc45aeSXFKQsTbXwaBWcGBHh,Anthropic,2gtf7fHwo5dCpKn94d5dvujaK3AXfK2rbi5qmToz6aNY,pumpswap,1791291429,0.000002136,2151.86,2136,2136,0,0,67815.33,67815.33,0,0,0,0,7352,7887,7352,7887,,,-95.73,-95.73,0,0,0,1,,1791300802,0,0,0,0,372,902,372,902,100.0
1791300748,ATFfPFdu7E9PnwKfBJrffpBGqRcbhhSQibS9hmqEpump,RALLY,63inV1ND2mA1BwuKwvJsEkXXXGsErxnRAKWjx3YJTyNe,pumpswap,1791293018,0.000007059,5754.57,6924,6924,33.37,2446.28,286265.3,286265.3,2,3,43,46,2800,2515,2800,2515,-0.72,-33.01,-85.91,-85.91,0,1,1,1,,1791300790,4,3,23,31,1209,1277,1209,1277,
1791300748,B3DE8d6CpEF2YBMpxY3Lshj6n8hkz9aSVU451c5Jpump,JUICE,CAgSY4gnosAgUSemM4k5yczXCzHAE3urdXNCv2Yrvhiu,pumpswap,1791292195,0.00009465,27526.43,93018,93018,6693.58,212959.21,1158613.34,1158613.34,66,36,1420,922,7465,5996,7465,5996,-9.6,-57.46,125,125,0,1,1,1,,1791300790,,,,,,,,,100.0
1791300746,8HaFdb48R1UcjgsnC83BhXm89rpFVKYpDCUBQkJWmYru,HOMELESS,759z7jfVPyTd9NoMX7GcUSKi2rAX43yi9La7NBdZxVCj,meteoradbc,1791293381,0.00004939,,49393.07,49393.07,0,0,33981.3,33981.3,0,0,0,0,199,111,199,111,,,1322,1322,0,0,1,1,,1791300790,0,0,0,0,121,58,121,58,
1791300748,BE8S7Lm5FUsQ9zmqh4cBVkGgPUQf8vGacLw6gFZCpaid,MUNK,E6zUsExomTsv8H6cHp3GiRvcqwLxkPMSDwwQLoJKdrKM,pumpfun,1791171388,0.000007161,,7161.45,7161.45,7.65,3746.99,88556.63,94308.85,1,0,41,92,1334,935,1476,989,0.12,-49.53,-38.53,74.93,0,0,0,1,,1791300790,1,0,25,77,586,481,646,502,100.0
1791300745,4VRnQBuxLNfhNFsDDxDjdXy86LhEjtawa4T8asXMpump,DA,52rby6KZ1rZxeprZbb8ecHcobs6FFFmYgZrDBaQhHScC,pumpfun,1791293144,0.00004943,,49432.99,49432.99,0,0,10226.99,10226.99,0,0,0,0,6,0,6,0,,,1360,1360,0,0,0,1,,1791300790,0,0,0,0,6,0,6,0,
1791300750,FeAWY9L9hr82TvTuEyi328V9FP7GxVuGLx7xNg6kzWVa,CHONK,EemWRDLbCqyi6Fned6FU5X8NPECAescwjLQr5JBVgnnq,raydium,1791291813,0.0003766,62994.52,376676,376676,13270.96,266702.76,2237891.32,2237891.32,112,72,2322,1500,16388,13920,16388,13920,-13.68,-27.81,689,689,0,1,1,1,CPMM,1791300790,82,56,1293,1107,6376,4990,6376,4990,99.9999999892672
1791300745,4YKYGeXEA2FadMKQ6JjNCYUfW5rZuvicQpU4mdFb4FTW,Taylor,9zjZAms2fVsefP5sYoYHG1RQKHq5Jgkn9R7N4myE5wER,pumpswap,1791293174,0.000002174,2189.71,2156,2156,0,0,72578.64,72578.64,0,0,0,0,4223,5537,4223,5537,,,-95.65,-95.65,0,0,0,1,,1791300790,0,0,0,0,346,895,346,895,100.0
1791300750,FP3pTapu2bdABgy8DVpcwjrNuAMvD96Yb3vF9EhHpump,NVIDIA,6EBNMor61FDjX4ZdiGfHip23Js6FZCtH9rm3gop8c2jC,pumpswap,1791290785,0.000002196,2236.04,2186,2186,8.19,21.35,204852.68,204852.68,1,1,4,3,21258,22225,21258,22225,-0.02,-0.25,-95.61,-95.61,0,0,0,1,,1791300802,1,1,3,3,798,2246,798,2246,100.0
1791300752,KLk2odLVLKqTjHqmFKwB98rR61iH359zyPD6yeSZWKY,JUICE,5F9FX72i2J7ou16rAFt7EWjSLSbWPuPB9sj7ahcUKBwT,pumpswap,1791292577,0.7937,0,793739779,793739779,0,3782339.49,12938129.21,12938129.21,0,0,4147,2089,13827,7481,13827,7481,,509280,912216,912216,0,0,0,1,,1791300802,0,0,1998,49,4848,60,4848,60,0.000000000381973370558139
1791300749,CeNLjJSnUccjmrdmJ7VNKhvak5L8hL7oyGNsocvvGUJF,Chonk,fUgLfBPMcoc4UQVPJMKWcNo5Dnfb9cZpAcWbK4NBcab,pumpswap,1791292554,0.00002829,13840.06,26008,26008,197.49,55847.85,598335.86,598335.86,3,11,434,394,4405,3843,4405,3843,-3.84,26.21,-40.93,-40.93,0,0,0,1,,1791300802,2,5,235,233,1580,1467,1580,1467,100.0
1791300750,F4x546kRTAiRJy6Jc5gJB1Dj1JFG2ay17siqjDuwpump,X,45hLY3XQfg2SQk9RLvWkHabJLdo8vb1bNeAVoqmZEMbh,pumpswap,1791292794,0.000002193,2242.78,2183,2183,0,154081.47,293305.39,293305.39,0,0,3746,5147,31663,32008,31663,32008,,-99.95,-95.61,-95.61,0,0,0,1,,1791300802,0,0,347,1378,492,1553,492,1553,100.0
1791300744,2JQ6qxqsyL6TRtrkCcHz3NNs1rxmxWCcFvTQsVrWpump,TikTok,BLZtzeL7eHRRfFpXiV95STRQcnykhkWPZEU1rzvLSfsQ,pumpswap,1791292124,0.000002152,2181.13,2143,2143,0,0,152714.36,152714.36,0,0,0,0,22995,24175,22995,24175,,,-95.69,-95.69,0,0,0,1,,1791300802,0,0,0,0,480,2178,480,2178,100.0
1791300746,6iVocjkQeri3a4u3nu1vteYPK5HJsAoHQieAxUXppump,catgent,FJTeKN5WhJeExLbKwMa37FpuLfoox7c7SSzQZmdmt5pu,pumpfun,1791294896,0.00004973,,49737.04,49737.04,0,0,56465.83,56465.83,0,0,0,0,538,525,538,525,,,1318,1318,0,2,1,1,,1791300790,0,0,0,0,212,171,212,171,
1791300751,HT2RDdvVMvCwnBaP9keGmXQ5jBgTSbByiWqnuUzkTqvm,hyperfork,CCggoihgRQ7eeomC7LWCtZjRf1GpQDJwjwhifxG8mfsF,pumpswap,1791295031,0.00001502,9712.35,14705,14705,3674.69,181735.34,937425.23,937425.23,69,80,2074,1647,9474,7766,9474,7766,-41.31,-85.87,-65.07,-65.07,0,1,1,1,,1791300790,,,,,,,,,100.0
1791300752,YYStyJ2hUuDKzGdiksimno4dZPrUsw3WM8mvw4upump,PRIVACY,HjnQcJhgGqEiaJ9mR9vt4xKfZUP1Dj7CZV2A66ShMotu,pumpfun,1791294158,0.00004964,,49646.65,49646.65,0,0,111090.08,111090.08,0,0,0,0,343,229,343,229,,,822,822,0,1,1,1,,1791300790,0,0,0,0,252,57,252,57,
1791300748,BY62KDdUSEspqw4WV6uxn4Kx2SaYDfvztYHDdBo5pump,butthole,3XimKnpiouKhWeUjF4HTP2MF3xn8em4VHPcvZMWYLLPj,pumpfun,1791293066,0.00004942,,49428.88,49428.88,0,0,115131.68,115131.68,0,0,0,0,1175,1258,1175,1258,,,1330,1330,0,1,1,1,,1791300790,0,0,0,0,339,285,339,285,100.0
1791300748,AyvJ5bruZYQtbAwznbVjcE2MMv46f9kFWtWfzDsepump,SW,7wQ3DtR9nwQwoGmfpQGAFUe1SBzwhDXmWgLJmEJJPMSK,pumpswap,1791295233,0.000002257,2351.94,2258,2258,0,2.49,399837.33,399837.33,0,0,0,13,8401,5695,8401,5695,,-0.12,-95.51,-95.51,0,0,0,1,,1791300790,0,0,332,2225,2311,2306,2311,2306,100.0
1791300750,EHcH3hPM43P1Lt43CweRoerSC7sXcLeV7B76HST3pump,SI,H4S3g9nDvWciWsQLVFoc56jLsxYvnfCq8DodoGNLftBo,pumpfun,1791294936,0.00004966,,49663.09,49663.09,0,0,28813.43,28813.43,0,0,0,0,995,325,995,325,,,1284,1284,0,0,0,1,,1791300790,0,0,0,0,885,248,885,248,
1791300745,3sjJoPEcaMJ1azgvtkjuQJe2383etMVDAP3x6iwGpump,DIPS,FWc1iPcEWuf1k4iHyxYe8nyWzjxU4VCzErGPGspMgtEH,pumpswap,1791265693,0.00002530,12607.26,23902,23902,0,7989.48,28648.51,83001.84,0,0,54,55,224,229,902,815,,15,15.65,-48.91,0,1,1,1,,1791300790,0,0,42,42,116,141,428,470,100.0
1791300749,DQgwgsYLo4KbAZ9mUxWKKPtntgPaifBre4Wwbcxtpump,WIFGOMO,SDwBGD1evunnWLWVtfpJbS7Vo7KfA4q9UhxocXWsqSk,pumpfun,1791294997,0.00004973,,49737.04,49737.04,0,0,10289.89,10289.89,0,0,0,0,6,0,6,0,,,1360,1360,0,0,0,1,,1791300790,0,0,0,0,6,0,6,0,
1791300744,21fX473LMyHnCYb4kvAUG4z4bGYpqTbp9vyakDPgs9Hm,HIGGSMART,AMp7v5BGxv65i7jtD4unbHVgkhCCYGRbf1hvR47GcjjU,meteoradbc,1791294060,0.00003414,,34149.35,34149.35,0,0,44125.68,44125.68,0,0,0,0,193,155,193,155,,,749,749,0,1,1,1,,1791300790,0,0,0,0,128,96,128,96,100.0
1791300746,7iXZi55AyKbJv5e9XTQuVcywdT2ejHjGBf3NKuCLpump,CHONK,4Y4HFFEnmDkmUsVk1kLyzSiL21GoTV5EcyEobwYi5Cfg,pumpswap,1791294235,0.000002443,2581.38,2403,2403,0,15379.17,530388.13,530388.13,0,0,262,6096,9809,7098,9809,7098,,-97.24,-97.33,-97.33,0,1,1,1,,1791300790,0,0,650,6153,6517,6524,6517,6524,100.0
1791300744,33g55rqcqsKYtKf4ezhFpB3hjhNMrXu5xqtMAHstGsUg,ARCADE,7SMzAjFN2ugYJjNa4d4bn5BGbFnnMrSfFLjGouc6ZAcF,raydium,1791284837,0.00001471,11560.85,14717,14717,149.62,5451.59,296608.89,296608.89,4,5,55,58,2364,1949,2364,1949,-3.17,-44.27,-70.5,-70.5,0,3,1,1,CPMM,1791300790,1,5,38,51,1083,1002,1083,1002,
1791300748,AKJxxB9MLarQGpHwTKNRW3PTpP621g2A7dCHKy7qpump,MUNK,CVAUugTdC3arcVBN1MJy3wyKERv9126ZL3HXBigrZERF,pumpswap,1791295893,0.00003729,15921.88,35717,35717,1931.82,86811.33,208049.49,208049.49,62,42,1708,1234,3923,2943,3923,2943,0.64,81.46,-25,-25,0,1,2,1,,1791300790,32,21,831,672,1852,1452,1852,1452,100.0
1791300751,HLZ2vrJtGevDQJNEZz8F3ARQzyAjWKvXZYz8nujiGvTN,darwin,HMh4PrtERuJrqdyGgSYyLRiXCUXZ3vjGwGKzsL7dooo9,meteoradbc,1791297002,0.00005440,,54409.03,54409.03,0,0,7227.81,7227.81,0,0,0,0,254,281,254,281,,,6.39,6.39,0,0,0,1,,1791300790,0,0,148,150,148,150,148,150,
1791300746,8NPhPcnysHZ3rwsL4QJ6uPiBMqdyKAs1RRayJJo9soZh,YouTube,CA2QkA7khVAxbdnt8Ny1FJduRFxTzfNUuHJZe5ybZ6Ws,pumpswap,1791296906,0.000002269,2277.05,2269,2269,0,5411.31,51063.34,51063.34,0,0,5,2204,2133,4075,2133,4075,,-90.25,-95.49,-95.49,0,0,0,1,,1791300790,0,0,326,1117,339,1117,339,1117,100.0
1791300747,9UTmBnjqWTK5HPiEfYnz7FKhTYBHrpkg4ZM7AHsLeztE,hyperfork,9Fn8M4ymZrme55PQqtp8aw4NS1ZmBJCB3jGZ19TXF6dR,meteoradbc,1791296940,0.00004801,,48018.65,48018.65,0,0,4810.59,4810.59,0,0,0,0,153,150,153,150,,,160,160,0,0,0,1,,1791300790,0,0,1,0,105,98,105,98,
1791300751,GQBJzgpxBGp66jVYvTBtvPqFvNwHB2iJHUEKd2RbwKz4,HIGGSMART,GMZM7ticH1P8MYQMJ4DsURGxiryouLjzqJvqQpButotg,meteoradbc,1791296841,0.00003584,,35847.55,35847.55,0,0,2401.95,2401.95,0,0,0,0,112,55,112,55,,,80.19,80.19,0,0,0,1,,1791300790,0,0,0,0,62,47,62,47,
1791300750,Drd9vD3NxxvTfUhXWxsZpHbMBnTdBC15VzFQZQf6pump,SpiderMan,GVdb1c45m71syDdtbphkKnL9jv4JPuWxAeZcsXm2YREc,pumpswap,1791296999,0.0008024,80820.55,798631,798631,3311.98,51003.39,70690.98,70690.98,358,127,5202,1764,5740,1926,5740,1926,0.44,77.38,1496,1496,0,0,0,1,,1791300790,258,90,2002,984,2317,1130,2317,1130,100.0
1791300748,ALgc4bDfK7DdB6XgoP3LHHrAwhof7YnhYxbNksekpump,GRPT,9B6RYJXdDvJXtMq4Q96gRDBUakYUuSTU443SxQ9tYAp3,pumpfun,1791296668,0.00004970,,49700.07,49700.07,0,0,134826.03,134826.03,0,0,0,0,1193,1187,1193,1187,,,1330,1330,0,0,0,1,,1791300790,0,0,190,169,489,360,489,360,100.0
1791300744,14YsB8pfbkG5e51Hm4ZiovJeQPMa2ZHS4E1N9YGHGLMP,CHONK,A4tocM4F4CWzbRjj1Gj83uvM2cLeyyonrSWjjrLududd,pumpswap,1791293915,0.06944,0,6944348756,6944348756,0,2115739.3,10598802.36,10598802.36,0,0,2173,1398,11162,7041,11162,7041,,5414519,13047955,13047955,0,0,0,1,,1791300790,0,0,852,21,2027,39,2027,39,0.0000000000487357752820878
1791300750,Emn5MA52VNPHxjat6WpZPoV8QZMRFUHeMfSVwHzPrExp,MESSI,3hbTKAxgdnLXdFzjAj65by7DNkupCptnq2BEzRaBVwgM,pumpswap,1791296850,0.00001377,8738.94,12783,12783,677.57,48276.56,147368.03,147368.03,17,14,1000,692,3112,2258,3112,2258,-9.14,-16.54,-72.75,-72.75,0,0,0,1,,1791300790,8,5,318,390,1310,1350,1310,1350,100.0
1791300746,7zJvotPbQGwgKJQ3xB7QiVhiin5gHQ8vFUARdxE5pump,Fomo,81xvvXZxGM51AdtymdEsVhdAkBF85pyDbnr7o2p5shH5,pumpswap,1791294402,0.000002182,2213.7,2172,2172,0,112376.83,179865.58,179865.58,0,0,8867,10321,21510,22004,21510,22004,,-99.86,-95.66,-95.66,0,0,0,1,,1791300790,0,0,415,1797,507,1880,507,1880,100.0
1791300746,7pMiuJjsFs1y4wvffUebSyvkNc7E6XCe85q2SjSXQJyo,FRANKIE,6wL9jv4nAadVX8Wyw4Xs43VuXxEdNyph8QdyuFqPCRd7,pumpswap,1791293851,0.00006419,22276.92,61264,61264,7020.28,156549.61,676918.63,676918.63,117,61,1573,1254,6824,5418,6824,5418,-15.75,-57.24,29.12,29.12,0,0,1,1,,1791300790,22,30,733,740,2667,2325,2667,2325,100.0
1791300747,A9TQkwBbkQwH78CZpX5mC8uSiSacCH6dCM4YKgwcpump,shard,AysDVdXLRCwCLakT9csdo2yqMSZ5favRte87mx7rkbMP,pumpfun,1791297214,0.00004970,,49700.07,49700.07,0,42623.84,42623.84,42623.84,0,0,188,74,188,74,188,74,,1315,1315,1315,0,1,1,1,,1791300777,0,0,163,45,163,45,163,45,
1791300745,3xBkMtct3GKp3jE8qPWxDkNRucRaJ5ERzRmpALGDPjzL,INUTOWN,Fa7j6t3oMBqDwb7fAEcRcn8WrSyKphZWsiX1gDV8kprq,meteoradbc,1791298675,0.00003610,,36107.84,36107.84,0,1637.07,1637.07,1637.07,0,0,29,18,29,18,29,18,,80.54,80.54,80.54,0,0,0,1,,1791300777,0,0,23,18,23,18,23,18,
1791300750,FjCTWwYkUqyDBaiH3J1srmm7DvBiQ2kBYyktfpDdgnnq,hyperfork,8YjPAbbkacYjiRkdJ9mBwp8Y2W4HQKv7VuPFM7EjiSpY,meteoradbc,1791298643,0.00005458,,54588.71,54588.71,0,2088.67,2088.67,2088.67,0,0,58,51,58,51,58,51,,5.87,5.87,5.87,0,0,0,1,,1791300777,0,0,52,39,52,39,52,39,
1791300750,F7mQaVCUuqWeWUaU5egvzPwv9ZQ6xXGnpf2iMEauookJ,MESSI,3s3qRnF6ux11oqSTLgX8r7bADnGNBQR2UCHVHxhyKVyk,meteora,1791298699,0.00007116,31.2,71163,71163,0,1127528.98,1127528.98,1127528.98,0,0,3862,1301,3862,1301,3862,1301,,589,589,589,0,0,0,1,DYN2,1791300777,0,0,2049,49,2049,49,2049,49,0.0
1791300752,HkkLnkwdE85QtmmM8JFh9n9Z551pZacSjynKkf23pump,SpaceXAI,CgD8KFcEWk1PSyTwNjFfUgpAAchnkJieGo92kvZsGerf,pumpswap,1791298713,0.000002159,2177.61,2159,2159,0,72572.86,72572.86,72572.86,0,0,3747,5335,3747,5335,3747,5335,,-95.73,-95.73,-95.73,0,0,0,1,,1791300777,0,1,778,2201,778,2201,778,2201,100.0
1791300751,H89VaRkRSfxzQFKpkrA9G1zPoXeNKjEg2to9AQADe1tw,Taylor,7iNbmjHEjnefbeRTh2uLLRyfEbiKhJTskQA1XPAotAoN,pumpswap,1791298579,0.001053,92885.16,1053513,1053513,4173.42,58393.08,58393.08,58393.08,1982,1464,16820,12396,16820,12396,16820,12396,9.32,1984,1984,1984,0,0,0,1,,1791300777,285,255,351,334,351,334,351,334,100.0
1791300744,25SjJ6hXEaZiMrxewRn8BbUdHmDAFbXvuv7XWCuZpump,Gemini,2VdxBrLb1hbSopvJayupgMHiJ2zc5mq8g2J4dn5H8ZDx,pumpswap,1791298528,0.000002156,2176.96,2156,2156,0.04,103694.71,103694.71,103694.71,0,1,9814,11282,9814,11282,9814,11282,-1.3,-95.74,-95.74,-95.74,0,0,0,1,,1791300777,0,1,423,2121,423,2121,423,2121,100.0
1791300746,6LB6sswe7QG76GKMEcyJYLTDMsyLKQ8bNLfujRtv2QEe,IGGY,BF8Fo3xu1rCpkGiHoKySKgNLicBBy76QBM3GnAXi7QcT,meteora,1791298196,0.0001103,37.69,110349,110349,0,2252610.16,2252610.16,2252610.16,0,0,5897,4122,5897,4122,5897,4122,,970,970,970,0,0,0,1,DYN2,1791300777,0,0,2081,90,2081,90,2081,90,0.0
1791300751,GYNYiFi4RPvwF4P1AhM6AZ738LqnZH5mHcemued8xSCW,GTA 7 VII,AjyARVUrXwbwpYAceAPcVUPuLbo2NeZ3fUXu1bSXh2pr,pumpswap,1791297450,0.000002159,2180.19,2159,2159,0,99964.64,99964.64,99964.64,0,0,17172,15101,17172,15101,17172,15101,,-95.7,-95.7,-95.7,0,0,0,1,,1791300777,0,0,346,900,346,900,346,900,100.0
1791300745,5i7sDeqBr8pSGoqg1sB7FNR6DCaoWhMZQchrfCeo3KbZ,ELON,59pEn9n9Bqdo62f7oBvz6YDSvbw959zTFArSTCBAaUqx,pumpswap,1791297085,0.001586,114513.52,1579110,1579110,3614.1,58207.65,78291.67,78291.67,1862,1370,27452,20192,28218,20739,28218,20739,5.02,279,3056,3056,0,0,0,1,,1791300777,280,252,373,372,404,376,404,376,100.0
1791300747,AGJ5UfMrFULCySrmQ3fbmS1KWJDtCfkoumMCoBpJpump,SWRDFISH,G2Eq3WhftiVZ2VL3wXkNv46daYd5WdiAdkhqf7h3jkxk,pumpswap,1791297766,0.000002579,2693.05,2559,2559,289.7,585894.14,585894.14,585894.14,0,2,3557,3335,3557,3335,3557,3335,-1.45,-97.84,-97.84,-97.84,0,1,1,1,,1791300790,0,1,2353,2637,2353,2637,2353,2637,100.0
1791300747,9mgdJ57uz8DygASchY3NPQK59QgtAdJ9jfYU1KCwSp24,HeToo,53XSHL5cf1t7WprGxcyCddg4asVmHwHNN79pSjNYMxUj,pumpfun,1791300245,0.00002969,,29695.03,29695.03,75001.04,109345.75,109345.75,109345.75,779,617,1040,805,1040,805,1040,805,70.97,542,542,542,0,1,1,1,,1791300777,200,171,694,424,694,424,694,424,100.0
1791300747,93mEUXxZNyWGqp6ZHsEgfVLrSGeyUYaBu1b8h7s6uWJn,CAT,AF6rvRRi4rGa4qF9BYiMrdLojb5Vwaq9up4yDCm9T6us,meteoradbc,1790967533,0.0001135,,113546.25,113546.25,4638.52,16155.08,76324.4,125439.74,6,13,44,55,299,236,544,381,-29.82,-45.91,54.82,325,50,1,1,1,,1791300777,1,1,5,6,25,19,38,29,
1791300748,BQxzR4pLkDw46gzbrkRjFuUSsgvN5BhTWHh6EXUwf3F,BINDER,EbaEUEAjmhtBNNvcLKaCUC6NWnuLLxazDeF3hxJdcnQp,meteoradbc,1791298826,0.00006556,,65567.09,65567.09,0,19427.01,19427.01,19427.01,0,0,19,2,19,2,19,2,,1610,1610,1610,0,1,1,1,,1791300777,0,0,17,1,17,1,17,1,
1791300748,AP8CtkSgqiSp2JycWAPPaZ5vV2oXdsjMQoBzKCrYpump,SP,9ZDgRF8CwTehh5LpgfiobLsK7udWBudhZUReP7A1xkUb,pumpfun,1791299733,0.00005002,,50024.66,50024.66,0,10349.4,10349.4,10349.4,0,0,6,0,6,0,6,0,,1360,1360,1360,30,1,1,1,,1791300777,0,0,6,0,6,0,6,0,
1791300751,Gxbfhh54dRGURXVobTDLcLuB6EvjWNaSygpDpfUEpump,CATALYST,hdwRikQqmW1WqLziTnkNvBBNveqkaBcoH4MRiStLNXn,pumpswap,1791299728,0.00006853,22251.08,68539,68539,17381.33,104736.27,104736.27,104736.27,141,148,933,878,933,878,933,878,5.21,39.18,39.18,39.18,0,1,1,1,,1791300777,66,76,558,434,558,434,558,434,100.0
1791300749,CNn1zv8GsPAQddUuYn6cm3fUMTWo61XANtUjSry4pump,iPAID,ASNfJ7uzVW8UZGVVYe9xLm3YYTCaHFGQVApTvBfT8w1x,pumpswap,1791289554,0.00008117,24821.68,77747,77747,17642.59,197002.29,437767.21,437767.21,157,130,1788,1265,4373,3441,4373,3441,-30.81,50.05,67.59,67.59,0,1,1,1,,1791300777,60,62,846,645,1804,1569,1804,1569,100.0
1791300750,DuTkejFgHx3QGdxvGTwgLAneGWipqgzMCP1V6zZ3pump,Tesla,GGRViwBNt7nqVbJ2aeCGZR3ArQ4SLKGZDT4MmDJUAMYL,pumpswap,1791300532,0.0004329,58714.44,432920,432920,20431.27,20431.27,20431.27,20431.27,677,592,677,592,677,592,677,592,756,756,756,756,0,0,0,1,,1791300777,232,225,271,230,271,230,271,230,100.0
1791300750,F2sDhWKwdEV87j3LrM8b3L8UHf4QrEfDQyaK3ma65G1u,MUNK,AbTwMssXE18mDarS256VNAunc79BysEWJHFuFocAU7bB,pumpswap,1791300570,0.00002947,35405.75,29470,29470,204619.91,204619.91,204619.91,204619.91,327,116,327,116,327,116,327,116,155,155,155,155,0,0,0,1,,1791300777,146,22,180,24,180,24,180,24,0.00000000109556325877729
1791300747,9FYLwTxCAB38ZTD7xfBHGfdh7wyoJxtXR2xL5fqmvmPV,‮a/e S,CHNhvg6FEwvjYzqQCUvz1GQkid42iqWpYQYEVoGo8YXj,meteoradbc,1791300197,0.00006059,,60599.45,60599.45,250.68,2232.3,2232.3,2232.3,34,2,151,18,151,18,151,18,1.42,17.21,17.21,17.21,0,0,0,1,,1791300777,3,2,6,2,6,2,6,2,
1791300746,836oy1iSn1purmdEyrHq9U1gmNfPhekyQQdZ7qSeDdQc,Grape,swzztptYXw3CqLdcqt3BNMEwcDPg8uqvGMfVHYpbesY,meteoradbc,1791300551,0.00004106,,41060.95,41060.95,1411.22,1411.22,1411.22,1411.22,30,11,30,11,30,11,30,11,159,159,159,159,0,0,0,1,,1791300777,23,11,23,11,23,11,23,11,
1791300747,9AVDgNzmvwXEbV9S2ikQvYMG7sohr7uwuRPH6zPJRvgg,AM,HC5Sq4s3io35eezJjoWC7ByyDZL7XCLT2iAENnmh3w6T,meteoradbc,1791300575,0.00005459,,54593.73,54593.73,2888.36,2888.36,2888.36,2888.36,120,105,120,105,120,105,120,105,6.1,6.1,6.1,6.1,0,0,0,1,,1791300777,97,76,97,76,97,76,97,76,
1791300748,Bm7Uxam9efqL8gu9CX5kZ3A7t5nj2v2titSC7nnpump,GOIF,Hd9zdnVcpLXzz7t32Pneg996hY4uVLS2yJfH1JQE8DtH,pumpswap,1791251707,0.3285,1675818.01,328581947,328581947,2690.1,34164.42,209746.42,1070830.07,243,5,3448,63,21004,365,46919,858,0.12,3.95,30.12,655858,0,0,0,1,,1791300777,146,2,2513,10,2925,26,2987,61,100.0
1791300750,EtJYqwZLVY3cN2pPeFATSjJKqnUVFcFo8S1Jjgfpump,VSOF,GBG7SbEz7Upmxjq9BjBTmnS4mvMnUCkKtTL3LgE5YpuB,pumpswap,1791163529,0.5618,2192790.06,561873326,561873326,2575.92,35794.85,205864.11,586578.09,250,5,3462,59,20968,348,77576,1413,,3.85,23.04,98.45,0,0,0,1,,1791300777,131,3,2745,7,2920,11,2943,43,100.0
1791300752,VVV4UdRywr7SLafPHzqXwRCw7myXkmgCtitXUvj8g8c,VVV,9gDfe3bdhXzgDeZQhbZdshmow6NXKdxdgPaHvPkVae67,raydium,1791300242,28.76,1071457.35,554245,554245,313523.99,1165792.3,1165792.3,1165792.3,1103,1111,4668,4925,4668,4925,4668,4925,-0.41,0.89,0.89,0.89,0,0,0,1,CLMM,1791300777,393,319,1697,1473,1697,1473,1697,1473,0.0
1791300745,51zV2Kh2xaaUt1ALCawMFAk4HpFSzpdmLBfxRUwfpump,AM,GVJuj1N6MJnT1gzg2xe2tbiHM4ZY5nfFnKPTt4hKmfLZ,pumpswap,1791300182,0.0001044,28267.82,104405,104405,141005.31,292190.31,292190.31,292190.31,1013,854,1977,1761,1977,1761,1977,1761,-53.6,137,137,137,0,0,0,1,,1791300777,190,153,1040,757,1040,757,1040,757,100.0
1791300745,4oqeXR2DrZ4iBboq5GDTMvJQz792VTydtXs1Zfcn6NRH,HeToo,DxQx5dXXqg6E5FXKBaMy2XdhXNMioqpZKzkLFHM7F88p,pumpswap,1791298995,0.0001029,28838.12,102992,102992,40071.01,695899.62,695899.62,695899.62,458,356,8070,6926,8070,6926,8070,6926,5.81,109,109,109,0,0,0,1,,1791300777,176,136,3206,2613,3206,2613,3206,2613,
1791300745,5mRzxfyuZKLA8k4AF49DmBn2A7JsM9PhjfcCBvmpump,SpaceXAI,GvGAf5cgSwHxzGEbqv6WLnLQYzhdB8vwQ5pfJ7xCF6sg,pumpswap,1791300229,0.0005186,64500.43,518666,518666,13924.72,35166.49,35166.49,35166.49,1608,1571,3373,3592,3373,3592,3373,3592,15.71,925,925,925,0,0,0,1,,1791300777,338,234,715,583,715,583,715,583,100.0
1791300746,6hiQ7ro4oS6mcEj5Nx8zETJrKNsv8tk9r1yHsky1pump,USDF,HSmrPSip3Yp665TJE8CwczE8DJnNaH5ZLUT5XD64Sq5v,pumpswap,1791299750,0.3546,1740549.05,354657441,354657441,103109.29,863427.38,863427.38,863427.38,481,430,787,631,787,631,787,631,28.45,700752,700752,700752,0,0,0,1,,1791300777,192,181,538,519,538,519,538,519,100.0
1791300746,85BFtKMR9M46v7iwpeewSD9bkYP2qBwpVj4FTJ3wZmSE,BINDER,AqGbggbQuwCXvbvoUHBSgk51S7ypBPnQ9JL6kfVkWiJ8,meteora,1791300265,0.00005082,45792.32,50830,50830,523370.97,816344.31,816344.31,816344.31,1666,1006,2821,1685,2821,1685,2821,1685,97.41,392,392,392,0,0,0,1,DYN2,1791300777,462,84,1347,103,1347,103,1347,103,0.0
1791300745,5hCaNj2VFTcVkiJhMwmdy9Lu9Zi4bYnYqgJq1CMvpump,Apple,61TQpe8qwzWp9wM8yQF49G8sSLY54Fmx5kHes9aRsuN3,pumpswap,1791299752,0.0002575,44826.21,257548,257548,5761.78,29756.53,29756.53,29756.53,1113,1107,3551,3536,3551,3536,3551,3536,12.7,409,409,409,0,0,0,1,,1791300777,231,214,396,320,396,320,396,320,100.0
