ts,token,sembol,pair,dex,pair_olusma,fiyat,liq,fdv,mcap,vol_m5,vol_h1,vol_h6,vol_h24,al_m5,sat_m5,al_h1,sat_h1,al_h6,sat_h6,al_h24,sat_h24,deg_m5,deg_h1,deg_h6,deg_h24,boost,n_web,n_sosyal,n_pair,etiket,gt_ts,alici_m5,satici_m5,alici_h1,satici_h1,alici_h6,satici_h6,alici_h24,satici_h24,kilitli_liq
1791311615,qikeUfbJaWPHy7sTTYfQuBuafzmUBZAH7SjCbjZCyFA,LITECAT,B5tA18o8ZMum36RZfPt8ysx6ru3q7S4hJjBssn8V8U19,raydium,1790357887,0.000005751,6944.06,5751,5751,0,0,0.59,302.34,0,0,0,0,0,1,6,7,,,-0.09,10.71,0,1,1,1,CPMM,,,,,,,,,,
1791311612,GZHVA9LL2WUbWnnT88KGCqtEpYeTTLzX59WvLtGpump,GGS,6FBLNQTYv3eEXB2BQrqJcAR3wQi2p3RsRCCHBxTnY39E,pumpswap,1790362029,0.000003194,3196.27,3096,3096,1.66,28.74,62.68,2293.13,1,1,20,6,31,18,97,77,0.02,1.94,5.37,7.47,0,0,2,1,,,,,,,,,,,
1791311569,148fJTrVybPyQqzTxNzfLQq5sxVkMfmV2cLpAyVnNCX3,ZAZA,AkMXsY6bLNkt3dQKkmRfA4u5RnL8hxCb48jGCpWFTZXd,raydium,1790232731,0.0001478,43896.03,147821,147821,0,1079.5,2405.8,5975.96,0,0,2,5,9,14,30,41,,-11.94,-14.75,-18.23,0,1,3,1,CPMM,,,,,,,,,,
1791311600,DtdaEPfBRzqmsByGVAXVWNLEj48WWrj1fr4hGRJnAw8T,CHIKUN,E2tqKJtNMQK1begLYPVt2zZPKWYWaTwJfcr8HaJnr1Ao,raydium,1790359126,0.00001011,9301.7,10115,10115,0,0,177.49,672.33,0,0,0,0,0,2,2,7,,,-7.26,-19.78,0,1,2,1,CPMM,,,,,,,,,,
1791311606,Fh9wRZe64RfyriT9ooqhniV88dFFo4khwGFAqKmoXEDL,LESTER,8b6B4PZoLXTyp5jJBuXLHVsuvmrtrqF8Z8Cynii3ikdm,raydium,1790358973,0.00001763,12626.34,17635,17635,0,634.26,3224.72,6455.6,0,0,3,0,20,10,53,28,,23.64,-2.91,-36.45,0,1,1,1,CPMM,,,,,,,,,,
1791311615,pwfAeX3kpWpkuumA6iodJxtVcGAen6BkRPToR2VqLp9,AMERICA,G8RsvZ14jPy64U599NRVhzKZA1tdKaGNqDuaLAko6zxe,pumpswap,1790362563,0.00001961,14903.03,19183,19183,0,425.39,2346.18,7457.59,0,0,2,0,14,11,61,48,,4.64,-11.47,-1.31,0,0,0,1,,,,,,,,,,,
1791311604,FDfxBRSc3MraBGcGmkHgfkvwHTUDMEA2hRV2cRNbpeg,UNPEG,5hd5o7cWeBQWq7SxTKTYbf9N5a9AbAe8jH1xbq31Aedk,meteora,1790364046,0.00002688,15584.57,26884,26884,0,618.29,4471.95,9393.57,0,0,2,1,23,14,47,41,,-15.64,-22.39,-41.04,0,1,1,1,DYN2,,,,,,,,,,
1791311599,D3NEdubh9ma4qXyhrA8LenGjNVnFkkeBEopr1Vunpump,GUYLI,CJaAtUiLMYgm79N9wtqGG4JNvEaByckgG4AErZdMNuUy,pumpswap,1790360566,0.000002715,2686.67,2601,2601,0,0,0,32.08,0,0,0,0,0,0,0,1,,,,,0,0,2,1,,,,,,,,,,,
1791311587,9NPmnDgL39NmoivaE1XfiFWm7o61repcfkVyvyv9pump,merci,2RyKJCowXHSxxuSjAwVtKHgABaSDM5shyBgjKPnZU2YB,pumpswap,1790367949,0.000003928,4155.41,3785,3785,0,0,0,0.38,0,0,0,0,0,0,0,1,,,,,0,1,1,1,,,,,,,,,,,
1791311602,EGRv76STtVdNNwKdyMkQLQquYggcMuToXy92qS9pump,GHOSTGUY,EcPhfKmJkQ7GTbtvcrnbuEwN331f9aAhoxyts6HhUCgt,pumpswap,1790369282,0.000003446,3518.77,3307,3307,0.26,5.15,13.61,25.18,1,0,3,2,6,2,14,12,-0.01,0.94,2.43,1.45,0,0,1,1,,,,,,,,,,,
1791311576,4z74i8Jo5zTWkFyyrx5zuusLasgKu6JtREVKgKVSpump,JEANTRUMP,44obhZbyu91musQgph9NkxrugqBcULP3rWK2SD4uXgGz,pumpswap,1790372149,0.000003008,3071.96,2912,2912,2.57,21.5,64.02,214.69,1,1,10,7,30,17,88,66,0.15,0.24,3.04,0.26,0,0,1,1,,,,,,,,,,,
1791311617,v82dUYzPdhBmSKJx1cyd3FWtJ3eU4aHbyxYAmmRSTNK,SI,28nsc8weq8yeYbr5VrvMoQFkUHnhMtKmdZbZ8Y8Z4WYk,raydium,1790230018,0.000004685,6622.69,4684,4684,0,0,8.39,41.3,0,0,0,0,0,2,0,5,,,-0.75,-1.96,0,0,1,1,CPMM,,,,,,,,,,
1791311597,CbcyNo7m1amFWqEQm2m4PLv1UNvpcL3C1Ujm6AkzpKoU,e/acc,4JAnKFddd5fFTk5PxDj3PpTWJuTEfSWQEjZJcgKQ9KwW,pumpswap,1790370915,0.007317,505022.1,7196326,7196326,3293.33,60501.98,345728.66,1746129.7,9,7,163,142,883,847,4877,4830,0.16,0.8,1.93,-7.59,0,1,1,1,,,,,,,,,,,
1791311599,DFx7Rww2Njg4P4Bv3SUHaN5pkFbB4zR23nGthjSBpump,PAPOI,475tov4a5SxcmU97GX9ZKmHoXKKfLxk4tPd1zkcHN1R1,pumpswap,1790369829,0.000003365,3392.66,3205,3205,0,0,0.22,0.22,0,0,0,0,0,1,0,1,,,,,0,0,2,1,,,,,,,,,,,
1791311615,bGpXrniA1kzqubTCCexxR4Zh4Hrx8eoYY1Sqtt3pump,SJP,GVndqmxuj9MPE8pBCzZxkkogEgt5zPSsjEFiZ8A8pVzx,pumpswap,1790374247,0.000002711,3083.15,2671,2671,0,6.17,14.06,22.36,0,0,6,2,11,4,13,9,,0.81,1.41,1.1,0,1,1,1,,,,,,,,,,,
1791311615,arpmqKuWcVQ4Q9M4LPLaMPmvP55NdnLxdjecSPfRgv6,Arena,5jkov4tz6JraFiUf7dzk49Td2yUWpFrq39LBj5wQtnSf,pumpswap,1790375454,0.000002766,2977.93,2687,2687,0,0,0.11,400.5,0,0,0,0,0,1,2,4,,,-4.67,-0.63,0,0,0,1,,,,,,,,,,,
1791311583,7pax2o5X7aWSCYm3xfAeMvhB7aXdzdWzuA6yycuAoeoZ,MINT,3X4WMQ5AHGWJrydVjNjsPEEAZjGkcyxwstrEc698nt9Q,pumpswap,1790377046,0.000004511,4414.92,4089,4089,0.05,4.84,18.81,332.91,1,0,7,2,14,8,23,26,1.42,1.72,1.79,-15.16,0,1,1,1,,,,,,,,,,,
1791311604,Erw6ZdK8pRpUWrvTo8maRLuDesHiqJgxnHxHLKjupump,STAN,ARf2wkJ2c3s7R4HVxHrVEMGWDuBuTFGETV8pXR9eN1yH,pumpswap,1790375697,0.000003354,3533.94,3223,3223,1.68,8.01,21.99,113.66,2,0,4,3,13,7,60,44,1.29,1.72,1.94,1.03,0,1,1,1,,,,,,,,,,,
1791311599,DCn6wwTDbEC6A5vEoTuKQsHZUaDrRFzBYCYj3nd2pump,UBI,D7Ziw3bMkqBDoLZ5KkDFTJttetjMtKdE7mZLg5tznJiE,pumpswap,1790376995,0.00001627,10539.83,15687,15687,0,172.23,301.56,1610.4,0,0,1,0,4,0,9,11,,3.8,17.95,-5.13,0,1,1,1,,,,,,,,,,,
1791311573,3mK2nkpohvxfXEhWeKETjoeFfhFKFVqm51Swu6miChPe,BLACKCAT,CWzcfUE2sqd2JrjmAZpKiKb4AZ6hB8gaavoDqyw2SPXa,raydium,1790378109,0.000003652,5495.11,3652,3652,0,0,0,47.16,0,0,0,0,0,0,1,3,,,,-0.17,0,1,1,1,CPMM,,,,,,,,,,
1791311600,DVbyFeAZCaLjg1SrjyF4M6nPj1B3MvVH4Ue8Gmwbpump,MuseXT,DCNfRPuiuRhs1rTRUmcH94yc1xx6XxeoQPnXveDxeCzB,pumpswap,1790379246,0.000006450,6594.69,6357,6357,0,0,5.68,122.13,0,0,0,0,0,2,0,6,,,-0.61,-5.42,0,1,1,1,,,,,,,,,,,
1791311590,AQJ7hZRjtGLZ2H1pvPZCVxK1nKwtffLeeaUTzt7Kpump,E/ACC,EFc6GPHBdhNatkFoYYS8CpjDHy8GQD11N5S87H3pkPrp,pumpswap,1790371010,0.000004817,4779.07,4146,4146,0,0,1,148.2,0,0,0,0,0,1,0,5,,,0.02,-7.96,0,1,1,1,,,,,,,,,,,
1791311596,CMuvWQ6qQbSt7NUQdPGcVKCoDgETieuqS68qu6BaeVgR,Cream,CPRoWXCgq3ELsnqsGDMLmAVRnNSmyN4k1ddc6efGdd91,pumpswap,1790381948,0.00001121,10295.42,11004,11004,11.78,143.22,161.51,563.19,0,1,2,1,3,3,13,9,-1.35,3.97,2.89,-1.31,0,0,1,1,,,,,,,,,,,
1791311603,EkRK2ZVFaULuPEHyGGiUtK3kTLcMpJBRMocsJ46LCAUk,gas,9kxVVs2pHVKCG8fSZD2Pd9TAwsPCfaX47fThrB3sdET,pumpswap,1790380913,0.000003445,3692.83,3324,3324,0,0,0,26.58,0,0,0,0,0,0,2,3,,,,-2.35,0,0,0,1,,,,,,,,,,,
1791311615,SaPFjDCz4bcrqVkU6JWjskJftp9jENNxP5T9Ur1pump,TIFFANY,8Xa7oP25VtGznGNU7rtMHtb3MYk2Qzd5NHxdV4nKskMD,pumpswap,1790437692,0.000004308,4550.85,4118,4118,0.15,0.15,41.63,51.97,0,1,0,1,1,5,7,12,-1.24,-1.24,-1.35,-1.71,0,1,1,1,,,,,,,,,,,
1791311615,ZrQdfsbm4XVBXMBr8V9Qxvy4Jkt36b5K9iEZmR9pump,TROLLOWEEN,2Uzgmpwp45rw2eNUzBgXvYjmLLe3tFX7qRM64ELu9bM9,pumpswap,1790448726,0.000003361,3400.29,3249,3249,0,0,0,20.83,0,0,0,0,0,0,2,5,,,,0.22,0,0,1,1,,,,,,,,,,,
1791311600,DU5L11pfQ1EyDWvBhM5sp2piGeHEYDy9sdTvDkfcKrNs,ASH,CMFHoNSG2f4MD6zkhmtKMV2XLmxaE6unvCE1X1gmkhgg,raydium,1790445428,0.000002081,15999.83,20814,20814,0,9.66,26.78,366.44,0,0,1,0,4,2,13,6,,0.1,0.75,0.34,0,1,2,1,CPMM,,,,,,,,,,
1791311583,7rk2Kf2MxJB2h73UTg7p6MwdZk1x5PEtDtAjkyFY48Fr,BILLIONS,HQJucdd8kLNULM9nQ4H6seBx9bxiwMS924xQjaDqSAah,raydium,1790450098,0.000002409,4549.6,2410,2410,0,0,0,0.13,0,0,0,0,0,0,0,1,,,,,0,0,0,1,CPMM,,,,,,,,,,
1791311612,H6cWLaPi1ZdoSofgLSR3ZUXAXDRcM7gexkrvzPmrpump,WINTER,HjtfZuK5aoqRPB58ki7yUSfKUcRLyR3qxpcDdxstArbx,pumpswap,1790451972,0.000003017,2999.99,2930,2930,0,0,0,16.95,0,0,0,0,0,0,0,3,,,,-1.55,0,0,2,1,,,,,,,,,,,
1791311600,DRKGYsGALqr5p2aTcGLK9zqiPB5wk7JV78bJv4mPpump,SPLIT,6BZF1A29Pkke5bjkW2SM64HnaYYRWVFAHKNRK3emoCwe,pumpswap,1790451061,0.000007048,7184.55,6800,6800,0,0,36.11,176.82,0,0,0,0,3,0,6,15,,,2.4,-1.12,0,1,1,1,,,,,,,,,,,
1791311571,2bX5CKZ7SHvacmMQFq7nBjQMmpPFbCZkpA7367du9Wa2,o,JCkhLmbn7116hzixaDs1uR7ckiJ1c4sm1hNNwpBQTYVe,raydium,1790450973,0.000007686,11505.34,7686,7686,0,0,16.95,82.85,0,0,0,0,2,1,2,12,,,0.21,-2.21,0,0,1,1,CPMM,,,,,,,,,,
1791311593,B8A4bitd8bfsLYZQ67qbuwQxAZAY7D1UCXjJoYd2pump,LOTTO,5hiEDaJaVzGFfktmPLLCnPYznEwECS6TnKYoWTC9eFxF,pumpswap,1790452717,0.000003114,3249.34,3032,3032,0,0,4.21,6.59,0,0,0,0,1,1,1,3,,,-0.09,-0.63,0,1,1,1,,,,,,,,,,,
1791311604,EwtxFx9QtsxtzdGF35RgFLpdmzqwadk65iVyNQkaBAGS,BAGSPAYBOT,64rXssNSnkQ2Kqv7Vew3oWpikZTT8h5tYHtPoNawUZto,meteora,1790453910,0.00001931,12299.29,19297,19297,0,45.12,1832.94,7749.49,0,0,6,12,63,44,177,155,,0.73,-8.48,11.89,0,0,1,1,DYN2,,,,,,,,,,
1791311604,FCQQb2byrn57qU9kbDabAqLsjHKbyZYNpQNLHwyuyug8,WIKIPEDIA,APs6JBUcjhxk3fzKh5pRB7znHycb7p3TzZMKvy2FDQv2,pumpswap,1790457336,0.000002965,3097.1,2878,2878,0,0,0,6.79,0,0,0,0,0,0,1,1,,,,-1.28,0,0,0,1,,,,,,,,,,,
1791311583,7amYuaF1XF2mMvRrsnGrbanQgUT2wJxSgrBuTmt1pump,CopiumCat,8iFiCyv6stFFKMeXJnZdSf9QMaz48PwPZu3tmU7Wge7U,pumpswap,1790460165,0.000004753,4298.73,4628,4628,0,6.96,14.83,156.23,0,0,1,1,1,3,10,17,,1.63,1.12,-5.92,0,1,1,1,,,,,,,,,,,
1791311610,G6vNKu5xhB2RN7tK6HXRPTG5pYgy5nc6CEnWqPuG2edn,WOOLLY,8DY32U41qDx6rGj1zDkPzwL2FZi34j6wQANc27N75mKb,pumpswap,1790459555,0.000006394,5567.87,6093,6093,0,0,2.32,56.05,0,0,0,0,1,1,3,8,,,1.4,-0.58,0,1,1,1,,,,,,,,,,,
1791311587,99WxCfiVSpFKpALnFhhT7uh1YKjjsQztLkRvGrDUPeng,PCAT,CdzePwJzsrKEShtVeDq8xMvfUK6j1Gsw35WjDp2XNhFX,pumpswap,1790531862,0.000003056,2975.08,2890,2890,0,11.74,36.63,148.01,0,0,9,3,17,14,75,79,,2.42,1.06,0.8,0,0,2,1,,,,,,,,,,,
1791311569,14kH2osUyEJnqBZ7yFK4pLKJGuPZU4pr1enhi2ZLEmRw,DRU,4X3wyYcGk6GzVR8nmsfXeZcGniAehAE7yPiTALoUfRAy,pumpswap,1790455242,0.000004638,4279.36,4532,4532,0,0,0,37.99,0,0,0,0,0,0,1,3,,,,-1.06,0,1,1,1,,,,,,,,,,,
1791311575,4ecSqqdPi5DZ5wpajg5kVUGDU13rjr19weBHLz2Kpump,RELOAD,AZvuEGCYsqAmezK9MxryDME5oVVu28Zqa6PUkLdt42P8,pumpswap,1790459710,0.000003111,3356.52,2901,2901,0,0,0,0.36,0,0,0,0,0,0,0,1,,,,,0,0,0,1,,,,,,,,,,,
1791311586,8DwNVMzpcc3mq7Tk4gyWeTkvmFhnXcnDDCLayFFhXvex,HEISENBERG,55y7dKFPXNqzHevBxUKZJFD11JYG1yoNoSEskJnBCh1W,pumpswap,1790461110,0.000004200,4636.88,4055,4055,0,10.13,11.69,56.13,0,0,1,1,1,8,3,14,,0.16,0.07,-1.42,0,0,0,1,,,,,,,,,,,
1791311583,7qR5HquYQRuxPD3R4wezTUBWBwrm82oJcgQ8jYeapump,Jack,3AgaFum7MFVEqA6AmBaaZostjrgTSqGXKNAaoo1sNaRh,pumpswap,1790463224,0.000002737,2859.34,2644,2644,0,0,0.92,1.61,0,0,0,0,0,2,0,3,,,,,0,0,1,1,,,,,,,,,,,
1791311576,5677jqYHSWFdmaoue1J8KGV7WCjQv3Zrq76Bsy8y1a3S,Charlie,EMyZjvbmZLAjx3apVcSMADBaH7XsoakmhciBS36dAkpx,pumpswap,1790461560,0.000003814,4120.08,3695,3695,0,0.12,4.22,7.49,0,0,0,2,1,3,1,6,,-0.58,0.77,0.53,0,0,0,1,,,,,,,,,,,
1791311610,GH1n1DhAYZ3EH9rPJTJDeR8c1L1zKAFTQ7DZcr4dpump,BRANDRISK,Cbw1XVqyHAQZJVgDzm1a4UQkd5ptX9qSHnK4u7iVZnGe,pumpswap,1790462454,0.000006462,5642.99,6188,6188,0,0,23.49,973.98,0,0,0,0,1,2,16,23,,,0.29,-1.1,0,0,0,1,,,,,,,,,,,
1791311612,Hd6U8SfLWCZCREYrT5XfwK2Nzat5QB3B8pbBvST4Tg5X,mog,EB8MDKHHdwZbfHcQQeXVUyGh35zr9mJorTaSi1YKa8PR,pumpswap,1790468590,0.00002349,13908.55,22913,22913,0,215.93,2471.63,14341.69,0,0,3,6,26,22,149,141,,-3.5,-21.48,-46.75,0,0,1,1,,,,,,,,,,,
1791311599,DAemPFNc3RtibBDKkUA4eL2Ns11q9VRdbpptmqm8DGqN,CAKE,7rZ5eyRfGRavGTFG9jSoG77MNnVkQRr6DNeGpxiFk2ca,pumpswap,1790468726,0.00009414,37531.88,87869,87869,0.05,1930.43,16976.09,45879.11,0,1,11,10,166,99,551,360,0.13,7.51,-19.36,0.18,0,1,1,1,,,,,,,,,,,
1791311612,HY1cvPN8xka3odEg3MfymsFu1zXJaHwR75niPAFApump,pumptober,8zSaho3M6CkegL3Nu4bhECQsfCn6fMPnJo43mKn2Efj4,pumpswap,1790473559,0.000002877,2867.52,2775,2775,0,0,13.39,157.33,0,0,0,0,1,1,1,4,,,0.52,-6.53,0,1,1,1,,,,,,,,,,,
1791311613,J1yxV53EmVRmt9RUj6PPufMfdAYUbtgwXCuNYTBTsYzJ,JACK,AQB9ihwudzy364jisT8jcCURSE8wCSYg7wu7gLZ6nGQn,pumpswap,1790469369,0.00007819,35061.4,75244,75244,69.52,1729.67,9534,21814.17,2,2,9,12,80,66,233,198,-1.78,-5.67,1.18,-4.41,0,0,2,1,,,,,,,,,,,
1791311589,9zriPbmELWGzEqEJH29qQY4TZ4xVMQLVLXV3RtSDpump,XPAY,emMYEjmFXZeXXusixRJaQKPUhgPshVeNUpRtjoP2KLV,pumpswap,1790472470,0.000002893,3037.68,2822,2822,0,10.46,42.52,118.52,0,0,10,2,22,11,72,54,,2.03,3.52,2.3,0,1,2,1,,,,,,,,,,,
1791311590,AUPjK2nh4JraxDxNk2kNsSQoq9s5CFqFcjt9KJSUa1gy,Wumpus,FwpPSH7bBynbk91YFH17PHQTGzryXpwkXoELanKG2feG,pumpswap,1790474266,0.000004474,4245.99,4236,4236,0,0,9.05,12.29,0,0,0,0,0,1,0,3,,,-0.46,0.34,0,1,1,1,,,,,,,,,,,
1791311613,J9PVhNvGA1hXhHwmUUYQgHpPRxZch3cmCRzTnD6Dpump,CASHED,8F2sjPRazCpSL9JsUNYasvDTQALZ5TDAx4B93jPNEe4Z,pumpswap,1790471870,0.000002857,3080.86,2811,2811,2.11,7.1,36.7,104.9,2,2,6,6,22,18,69,58,0.14,0.71,2.5,1.08,0,1,1,1,,,,,,,,,,,
1791311588,9ZdLqWeyvgrHWVXW3wQGXg62RSxAp9RxbnWtC3gfpump,𒐪,FFXwZMCRQy7jLr14KN1MqZTyX3ef3enTKD11a6psaZg7,pumpswap,1790473369,0.000006654,6230.57,6525,6525,52.71,310.65,311.21,1256.56,0,2,1,3,1,4,12,14,-2.19,9.17,9.07,-9.59,0,0,0,1,,,,,,,,,,,
1791311580,5u21uHjzfqcG9LYK9HNxZCthLHnzkCjqc14GPjSeVnid,MITSUNAKA,2BHD13ySqiFQnr63zcHg4kCR9JJbB3VPjjLja1ek1yWw,pumpswap,1790474944,0.000008075,6244.5,7551,7551,0,0,405.31,1309.05,0,0,0,0,1,5,21,18,,,-12.47,-2.02,0,1,1,1,,,,,,,,,,,
1791311606,FvYjAkbhhzpp3Rk3BoSLVKjYpi2zJ4baAS26R9hupump,XLife,6qhovtHjjSvgRibL33jAyZbfTugghoym72vDX3GHLR7A,pumpswap,1790476478,0.000002703,2899.22,2669,2669,5.32,11.5,25.31,137.85,3,0,12,2,17,5,73,64,1.79,1.43,3.14,0.25,0,1,1,1,,,,,,,,,,,
1791311589,AJaHwyub647xPacnAL8ysByhcf6Xc3HEywChsCBzpump,CYBERPAID,5XXfJ7XZU14WB511CiVf79NaeCcLRYjBGYVoEjJ4tUwu,pumpswap,1790476167,0.000003381,4045.47,3284,3284,0,0,0,197.34,0,0,0,1,0,1,2,5,,0.5,0.5,-12.94,0,1,1,1,,,,,,,,,,,
1791311593,BJDfhK6xJhj9Ln7PXCFZL6ZofEXfuDAo9cAmKCFvpump,CAKECAT,7aEKLSNcJgjNGvnnYsULYCTxZeUwevbS8qCb9gnKFW7t,pumpswap,1790476744,0.000002746,2970.24,2711,2711,2.86,12.71,46.68,152.37,2,0,5,2,17,16,64,67,0.13,0.4,1.8,0.97,0,1,2,1,,,,,,,,,,,
1791311586,8eXxNU1Tmfhy4Wk47UMoap9z92KgjW7hJuUdxWNgpump,Tuition,3zHDsYttqWAMnjWwiWRfSSuzEk2dVuJjEY7MQsSKS99S,pumpswap,1790477406,0.000002978,3205.18,2870,2870,0,0,4.77,39.22,0,0,0,0,0,1,0,4,,,0.51,-0.22,0,0,0,1,,,,,,,,,,,
1791311571,2PiCu43DNW5Yk1tozwvh67PxtFqu4CU91LSMYKzppump,GROKTOWN,GKdeygbDczSvJq36PxHVLQAjMywRjrvxjguZ3soXLGc2,pumpswap,1790467981,0.000003890,4162.35,3789,3789,0,0,0,0.16,0,0,0,0,0,0,0,1,,,,,0,1,1,1,,,,,,,,,,,
1791311580,5sNJcSVdsLpaqqMANjUEDs5RFqXgbMshUwPqH9g4NQ4D,BUNDLO,9wabcnQjY3KKXv2WBpwX1Yi4RUnAw7VU2bBSAM1ZC5qy,pumpswap,1790479873,0.00001380,8905.41,13278,13278,412.76,2897.7,3152.12,4539.59,7,4,41,26,46,28,57,45,14.74,69.61,87.88,49.31,0,1,2,1,,,,,,,,,,,
1791311571,2dfWu1S1oiToSsnLoZFbMcHgMuy9W665YWzCvdof58zi,AAF,88vff5Cqwes7TbQZYV3TkwgoJSbgz3utngu579CT5qgv,pumpswap,1790481643,0.000005213,4854.86,5077,5077,0,0,12.3,2026.42,0,0,0,0,0,2,24,24,,,0.16,-5.78,0,1,1,1,,,,,,,,,,,
1791311612,GmBgaMaafiwmVeNo3m5YMDqkBidnxmdFLJ8VTA6xYwow,WOW,GWoFVRsuiQxPsTYYcVuwjqtSGKWn35zZftfBCTMSpZ9v,pumpswap,1790484568,0.000004102,3940.55,3995,3995,0,0,0,12.29,0,0,0,0,0,0,1,2,,,,-0.83,0,1,1,1,,,,,,,,,,,
1791311583,82CfUnavgMwUzY1UkUnWpqKMRPqoBuSb15VnEjn1yx9a,MONEKO,4XBhhZm2T8KxYGqVmT4WL7RFpqVi3qejBz7roQ55VPYj,raydium,1790480807,0.000006249,7500.01,6249,6249,0,17.85,81.46,271.91,0,0,2,0,2,3,4,6,,0.85,-2.23,-5.12,0,0,1,1,CPMM,,,,,,,,,,
1791311606,Fu2oZoGxFtCDp29NKA4A89xcn255khq9xbxG7Mmtpump,PFP,5uCTEpMTa46DW1behkuCWRuxVioXN8peBWpyiHWr3LrT,pumpfun,1790245414,0.00005610,,56104.3,56104.3,0,0,1.82,584.58,0,0,0,0,1,0,11,5,,,0.69,4.33,0,1,2,1,,,,,,,,,,,
1791311590,Ab6CVmhqD3x1bvMZBnjJBJqeTLMm7tAapcZwSU6apump,MPAID,5DKFn27xzpiWQBoauSkWsw115SyMFFkbDNVHDGSXNHJ5,pumpswap,1790486873,0.000004806,6935.87,4696,4696,0,0,0.02,0.02,0,0,0,1,0,2,0,4,,-1.14,0.46,-0.52,0,1,1,1,,,,,,,,,,,
1791311599,D3aMqZmgUAAJSgmDqvTc8Pkdr5QxahHtBo7gbFHHpump,Marscoin,AwVUgT5XPKt8xmiYEUFLMHUsBUnuAv9ecPUt2xD6ZjMS,pumpswap,1790488901,0.000003142,3236.67,3063,3063,0,0,0.39,18.56,0,0,0,0,0,1,2,3,,,-1.15,0.6,0,1,1,1,,,,,,,,,,,
1791311615,hxy2Ls6SV2gMVHjWGSHgHAhyZZ2fGUTiZVgYcGXStox,STOX,4ctfwFF9PBeRQ61ycWeEE3RT6tQy8gPr6rTio5FGXT2a,pumpswap,1790490604,0.000003302,3330.81,3186,3186,0,0,35.98,38.11,0,0,0,0,0,3,0,5,,,-1.81,-1.86,0,1,1,1,,,,,,,,,,,
1791311583,7BN68PVzqWV6EjK8J8Y6Q1h5C8FFD5ZRZVscXyJDpump,20xx,GvdfErkq5mvvphEriajrjArakyqqUXXiyBWdzMoxS3Tk,pumpswap,1790492418,0.00002593,15098.09,25034,25034,321.42,6320.52,13617.33,58187.21,8,7,76,48,183,150,757,785,2.39,13.7,-19.71,-60.37,0,0,1,1,,,,,,,,,,,
1791311580,6UTgBWACzB1zX2GA2uEvVn6325XE99wNvkVTXv5qpump,Dougherty,qNadZjDebjUwHS5ZRcLTLtoGk4wAU15kydQLFSJGUUe,pumpswap,1790493124,0.000003216,3534.58,3117,3117,0,3.84,5.31,687,0,0,1,1,1,3,5,9,,-0.09,0.39,-1.08,0,0,1,1,,,,,,,,,,,
1791311612,HgoScXAo4zFv5kDb6axGrwuz95FaVEcLskyDVZfo297z,MARTIANS,FdL11Uu5YRNCybePTpa3T2vqjUqi4Qo1uzj4pvKUqj4d,pumpswap,1790491919,0.00007854,30419.68,76531,76531,9.53,2560.46,5125.71,11904.01,1,0,9,2,25,20,59,64,0.57,19.98,14.98,9.06,0,0,1,1,,,,,,,,,,,
1791311599,D9QYds4z8vSyxM4t6GvjeKFkkLLLWS5m3LdJEThxKyzB,RELAY,2vZ8xpjSgvF3wy9Vd11GirEEP7o4J6gArVs6nBzocjDK,pumpswap,1790501465,0.000003008,3240.06,2880,2880,0,0,0,0.19,0,0,0,0,0,0,0,1,,,,,0,1,1,1,,,,,,,,,,,
1791311587,9LbKkVVhrFRqAKCRDnSVAeWHgoBgNgej25J1ZHEPeURe,⋈,5U9HrFpoThz4kanVaLKWnfBVfNBXkpm6wUNW5SVvLNAd,raydium,1790499225,0.000002815,5136.37,2815,2815,0,0,0,119.74,0,0,0,0,0,0,0,5,,,,-5.29,0,0,1,1,CPMM,,,,,,,,,,
1791311573,3jg5Zvqbg37afKLPGui2YevW1scuf5ra1Y8f3ejPDHiM,BUX,BYPHHA23PbqALgFjLDx29JCsQqaZWGFkUqK6rsK45ccU,raydium,1790499838,0.000003120,5478.6,3121,3121,0,0,0.27,102.47,0,0,0,0,0,1,0,5,,,-2.28,-1.83,0,1,1,1,CPMM,,,,,,,,,,
1791311615,XZCXQ7R97MTA5VSqDsfjpRS3JMtE7VpbgbAZEyZpaid,REPLIGATE,2yddqh43Qu3dK38JC5pHdDu6o5UUbrPmKG2u8WbjwyWc,pumpswap,1790503765,0.000002816,2879.04,2706,2706,0,0,0,1.22,0,0,0,0,0,0,0,1,,,,,0,1,1,1,,,,,,,,,,,
1791311612,GW5xNXBtW9usH62Uimis4L5T1Fi5ceeMa9dupjTVpxaD,lemon,HcvoKF2XajWwCzcLAvkeKNCUfSMTpu4jf65Um2bvgJPF,pumpswap,1790505906,0.000003147,3418.73,3049,3049,0,0,0,1.09,0,0,0,0,0,0,0,2,,,,0.08,0,0,1,1,,,,,,,,,,,
1791311588,9fno96crbJq887w3DuDFFaurYE7sHA8GrtZutzSa72j2,UNICEF,6ESQ9LFmXPXhWo68u46zQ9VW2KbtuTxXzj7PFeyGT2bt,pumpswap,1790498496,0.000005409,4748.08,5206,5206,0,1.09,2.35,133.18,0,0,0,1,0,3,1,7,,2.86,-0.07,-1.27,0,0,0,1,,,,,,,,,,,
1791311582,6uPEdkU2xPg1iyfLzV1ssUwvve8nndA2sd6nBFrb1n58,NEARPAD,8N2XJYyVBMrd4B5LUTd5pFe3uWwp5h4cWib9AxTxbHxv,pumpswap,1790511060,0.000009124,8469.63,8481,8481,0,0.01,26.15,1373.37,0,0,0,1,4,7,19,23,,0.4,0.99,2.18,0,1,1,1,,,,,,,,,,,
1791311605,FGoHcBuWfy6XGGkXwTLe9AuXAQEUmDR5g1LkxK98d1vJ,NAMI,25sJDienuMMmZKMFNn5p69Zc8ktiXrC9MUQXunuVBwUq,raydium,1790508922,0.000004041,5880.06,4041,4041,0,0,0.72,280.85,0,0,0,0,0,1,0,6,,,2.76,-17.8,0,0,1,1,CPMM,,,,,,,,,,
1791311604,F1z5FQdToNDLQYJ72grqePaWJrcrf39HR4gaKA57ySUQ,Q4,5Gf7NqZ2ACpiCaGHUn7uaVEJNjVQnGGgAYRHynoHNHDT,pumpswap,1790509917,0.000003348,3555.09,3256,3256,0,58.97,60.16,172.81,0,0,0,1,0,3,12,12,,-3.13,-2.16,-5.16,0,1,2,1,,,,,,,,,,,
1791311591,AuqagzhTqC6uBLraRb3rx2fwCCBAXCmfRm4btemyPXJb,Backpacknami,9y2Qvwh9oTJXEtiY1hTSc1R768fV5VdUjrPgbssSyjpA,raydium,1790508888,0.000005693,6940.7,5694,5694,0,0,0.09,431.48,0,0,0,0,0,1,6,9,,,,-13.9,0,0,1,1,CPMM,,,,,,,,,,
1791311571,2c7AzoxqEF8o9wuTJwdGrhhbqEa32FtdRybEWaxEpump,SHAREPAY,FhR1xuGJ7DguHY34KxXeUQpveb85UrF68EB4THBYhJci,pumpswap,1790514853,0.000003255,3142.84,2936,2936,0.57,5.03,8.99,16.04,1,0,3,0,4,1,10,7,0.1,2.11,1.81,2.48,0,1,1,1,,,,,,,,,,,
1791311605,FGZScHYURa8qMezk5gpZj5C2ExazybAwBp5TbNE4M3A8,WOW,4mXNeLX1qt1TZbWBEWuJbPz95BNB6KTAoKpR59Qq3QNm,pumpswap,1790514671,0.000005010,4943.68,4916,4916,0,0,0,410.02,0,0,0,0,0,0,3,12,,,,-17.47,0,0,1,1,,,,,,,,,,,
1791311580,6Rhs8iuUiepGYpiP6ZEhNF9jRemVV8xYdD3hVuqtKTAR,NEARCAT,A9csKWAsi6J4UDkzLrg5gUgAs9XXn2i44PAceSXGdoZH,pumpswap,1790518834,0.000002760,2863.74,2674,2674,0,0,9.37,42.96,0,0,0,0,1,1,2,6,,,0.78,-0.05,0,1,1,1,,,,,,,,,,,
1791311587,92BVgXufGjaMUyANA97dvg8LqNb5VMg2wgRfve9tPdCG,DELREY,GZwsYYmc2a54HhX9ZGYTzo7LBChq1SSRDiV6RvvCBXzx,pumpswap,1790515531,0.00003007,15835.55,28792,28792,14.64,833.91,2826.79,7277.07,0,1,4,4,17,23,77,77,-0.17,-14.1,-15.39,-2.61,0,0,2,1,,,,,,,,,,,
1791311588,9n8LcQVsryuRm2GM1tYsxFCxTUjvy86jAwuciX8xpump,CINEMAPAD,BfUeoP5FUPEL3ykp2L9Xr3KdAt1xC63xupRwCyaNXMqm,pumpswap,1790518340,0.000002537,2567.26,2452,2452,0,0,0,0.45,0,0,0,0,0,0,0,2,,,,-0.65,0,1,1,1,,,,,,,,,,,
1791311612,GtAUoL7YiDQoRtoZEvBKkUXEftsouJkxoGXqLERa9Thg,DOOMSCROLLER,FSseV1hZGX7Am1tNGdeP2Fq2AtGfUkEWw9xywzbXFmx2,pumpswap,1790517781,0.00001342,8746.04,12856,12856,0,470.49,490.21,4846,0,0,1,2,2,3,28,27,,-15.63,-12.35,-29.4,0,0,1,1,,,,,,,,,,,
1791311580,6Fzn6PtAiVFvweUibxAiqQrofo138k9YZtJ1HK9EVShp,Excatlibur,6J6TPVj8ZkcV6ymCv7tNQvAJWSyR3GF8SK8USRPxFqu5,pumpswap,1790522062,0.000006329,5657.81,6042,6042,0,0,6.32,396.61,0,0,0,0,0,1,3,5,,,0.38,-6.16,0,1,1,1,,,,,,,,,,,
1791311582,6nSM2HxvaetyDrUYjjAUKwgWGi8CGjmboLee7wcHeKN4,ZSHIB ,GUiuqUy3kekuEwkKtvAQqCWjZP3HNHd64vdRiSrVMF3B,raydium,1790523015,0.00006290,21285.01,61637,61637,5.7,1648.63,13775.75,53508.16,0,1,30,28,173,143,593,565,-0.43,-17.48,28.81,-26.9,0,1,2,1,CPMM,,,,,,,,,,
1791311586,87wamMPCTf1399DZWxBD5YYz6YcE3cPyk5iBjUSeWAra,CURECANCER,9c5RkY1mj7mKMZ7QfE1o4gCCbLtZqexVaeM1xzBap6Xz,pumpswap,1790524103,0.000003505,3850.74,3435,3435,0,0,8.23,9.73,0,0,0,0,0,2,0,11,,,0.18,-0.14,0,1,1,1,,,,,,,,,,,
1791311586,8HnLRKJ6XkeGq1tpmKPqn3yB5ruqbSR5LR5nVCNAshop,REGULARS,6UNreUfUuNwX9EorTRcLgmJ29nH6gCVuQsJogsq569eN,pumpswap,1790513572,0.000006204,6337.21,5946,5946,0,0,15.48,120.29,0,0,0,0,2,6,4,17,,,0.21,-3.45,0,1,1,1,,,,,,,,,,,
1791311596,CC5D6puFmcsnGaJh7kNXeAcRpL2SZzQfoQezvx45uKjt,WORLD,FGXMnchTt8tQc8mEHgWiWhrUHHUHcMAzCvgaYuaCmghz,pumpswap,1790485934,0.00007395,28775.53,71151,71151,987.29,11045.94,15114.99,20732.28,1,2,59,46,93,70,159,147,-10.44,27.87,-0.07,5.46,0,0,1,1,,,,,,,,,,,
1791311612,HH5btUAy7FCFCJYfDB9FV5x1Zk5SLJtymoPW32U9bJ9m,Em-8ER,CKKp4gZ4UYobGQm5R1CDVs4PeBFt1cLfnbkjcNMGCGTf,pumpswap,1790539879,0.000003130,3186.54,3001,3001,0,0,0,4.72,0,0,0,0,0,0,1,3,,,,-0.58,0,1,1,1,,,,,,,,,,,
1791311583,7fHxQvcWdvNeVx2Ni33t2BEDc1zfnZ8LCRdwX8STtrcH,PRE,GYAVCbcU9xrPNgrpiX2DViA3ituRsmRfFLUBc7LoLLJL,raydium,1790387135,0.000004895,5195.16,4896,4896,0,0,0.11,86.73,0,0,0,0,0,1,1,3,,,3.75,7.23,0,1,1,1,CPMM,,,,,,,,,,
1791311588,9UtaRjir5Q4HRG8d8Z8F7jRgHGLBBwp7PR4rgBnoyr3z,MG,J41n3LDS2WYDXNq4RRvG2svir1svEduzH32g5Dt9SEvg,raydium,1790521985,0.00001256,10769.92,12561,12561,0,326.04,688.46,3205.29,0,0,0,3,3,7,44,36,,-11.12,-16.02,-8.09,0,1,1,1,CPMM,,,,,,,,,,
1791311612,HNazMWySREpLBoyEdsXPPzvvc4eZ6avQDwqBko3vpump,MIGR,HzDFmnkKpBXwoQJkPAuhEg3GLATstxFs2rprWSSp7hqJ,pumpswap,1790505716,0.000005175,4811.11,4980,4980,0,7.33,72.61,233.51,0,0,3,2,9,7,18,25,,0.76,-0.95,-8.22,0,2,1,1,,,,,,,,,,,
1791311604,F4K2SbLNgyz9gzNqT8bPeLpRkxy4oMA9twaffUDdZtB6,POD,4759SGgn3ypWtPHoBq65wCWa1t1tbdA5cwsKjoHuX39d,orca,1790527521,0.001010,178312.61,1010930,1010930,16.68,12880.87,68616.23,1027660.32,0,1,26,20,170,152,4467,3546,0.12,9.77,-18.94,166,0,1,1,1,wp,,,,,,,,,,
1791311591,B2kipu1WYBPBDQrCX5yv9p7dhjhG1FwwnxBjUDhSkbdG,RAMP,GN5bbAjNeQUpQQiebWmuMwxFarg11UaajHHNc4eoQqXH,pumpswap,1790529919,0.000008210,7263.13,8004,8004,38.84,765.1,770.46,965.07,2,0,11,0,11,1,12,11,1.98,43.41,44.58,32.15,0,1,1,1,,,,,,,,,,,
1791311602,E5PMiZKfEe1NQhw32izNihZFT2FEERT9WRyKGiq9ZK3u,kidney,atAs6rpdxKt1RzX25YRvvKu6LRUg5nHUtYuJ5ExWowU,pumpswap,1790532709,0.000002583,2589.64,2427,2427,0,9.01,9.01,9.01,0,0,1,1,1,1,1,2,,0.79,0.79,0.79,0,1,1,1,,,,,,,,,,,
1791311595,BgLULABxd8THAz1AMmJw6HbqFKkKzwqG1Ecs9BT28koS,nLAUNCH,5gJisonjgV7NEiX77V2LR21VEShcVYZMPSJwW7N9it2q,pumpswap,1790532395,0.000002986,3009.53,2726,2726,0,0,0,2.17,0,0,0,0,0,0,0,1,,,,,0,1,1,1,,,,,,,,,,,
1791311606,FpZBwwRzh7yohba5vutPfQRHTsEGBtGAtXG7YkZd2SZM,LAND,9SzTE7cJ6taDiNurRi9YwogYSKP7TVi3ZDiVQZrjqc7J,raydium,1790532656,0.000002392,4601.32,2392,2392,0,0.93,1.98,18.89,0,0,1,0,2,0,5,4,,0.1,0.79,0.15,0,1,1,1,CPMM,,,,,,,,,,
1791311580,64tUZQBCDKhkxPYNey9PXdV8Hz36ra28FuDhMMULpump,WARP,FQjKR5ANojed3skqDFpvM5PcHGQHvBsexhwd9qHcUowe,pumpswap,1790529503,0.000003466,3526.53,3349,3349,0,0,0,63.54,0,0,0,0,0,0,1,4,,,,-6.12,0,1,1,1,,,,,,,,,,,
1791311597,Cmrq8EkYn8qhjtq6iYfqrfzet3q4aC5F38tLQGUvearn,EARN,DBKNh5amypLurhDGSwUgni8JeoMPpe1QS2cUs4Z9dZDj,pumpswap,1790534914,0.000003107,3406.85,3019,3019,0,0,0,2.47,0,0,0,0,0,0,0,8,,,,-0.48,0,2,1,1,,,,,,,,,,,
1791311597,Cgi54CNpHaYn4smqLH5tW8X5QxssMvi592My3tRoiHfX,BARSTOOL,6n1vyc7sRiqMsc1YAGAz3rQyyjK6muABPnxB8eGwysaS,pumpswap,1790536889,0.000005166,5165.28,5034,5034,0,88,227.83,398.33,0,0,1,0,2,7,2,15,,4.34,-2.88,-11.35,0,1,1,1,,,,,,,,,,,
1791311578,5HiQSA6gHtzDQX8no9iLvUAXmX9ncWRseUjbDqCjM8Zq,Charlie,HNzV3NPuDiHnJbVy6pU3W6fK4zMoP7LgwJQTpLgJ98Vn,pumpswap,1790537462,0.000005240,4632.34,4953,4953,0,0,0,0.28,0,0,0,0,0,0,0,1,,,,,0,1,1,1,,,,,,,,,,,
1791311605,FFPSq1ByV2XdPTj2UkSPRe14NoQydUkarBLeNfXd1gdj,FLESH,B1fNSrNTLtgUxe7Yzsd47cwFhStXtWvoJafnUPGaBsB5,pumpswap,1790533923,0.00005875,21478.19,56001,56001,252.51,252.51,2084.26,7658.87,1,2,1,2,13,9,78,53,-2.97,-2.97,-0.71,27.32,0,0,2,1,,,,,,,,,,,
1791311583,7tEsDuij7aj4b2jLUAS5oXcp6B3zWratYVmviS5zpump,VAULT,DqXXV4vcBjSf39TYCnC9uFUsohzhgScewXwoX4Q7XUzH,pumpswap,1790539588,0.000005928,6253.26,5879,5879,0,0,0,75.71,0,0,0,0,0,1,2,10,,,-0.54,0.54,0,1,1,1,,,,,,,,,,,
1791311596,C5YjyjnbJhPmW41mXZWiFJF3FSHtUu5Z8sefqhmGpump,Tabless,4jMQ6JYVSdp15C98AdyBAVuWf9e2QZzz5MXHPUqqzUu5,pumpswap,1790527577,0.000002634,2695.12,2541,2541,0,0,12.94,15.01,0,0,0,0,0,1,0,4,,,0.81,-0.12,0,1,1,1,,,,,,,,,,,
1791311583,7ESoDXqwqKUQBWdeqygNCFZroAtemHxyK8EPcjgPV777,LUCKY,Aavh7YD6RRMVSn8Heb38rH38bk1vqcb5ZDX6PJyVu3XQ,raydium,1790541551,0.000008046,11954.87,8047,8047,0,89.7,90.8,111.16,0,0,0,2,0,3,0,5,,-2.9,-2.28,-3.7,0,0,1,1,CLMM,,,,,,,,,,
1791311612,HTwigtUK8W3FWke5mD66np7Hnh5XF9i6WDC5GcdMcYkV,Grokler,9ZLRQPNps1XkgWotaqexP3pVxsHHNNRWp1V95fiMZQze,pumpswap,1790541470,0.000002596,2729.19,2535,2535,0,0.02,0.04,6.41,0,0,0,1,0,2,0,6,,0.22,-0.01,-0.71,0,1,1,1,,,,,,,,,,,
1791311597,CsVd8MzVuN4K99qJYxRzDBA1F31hQH6MH9EqeMz7pump,ABUSHALAB,34WUWMV6F7CNcKTV7Cz2Xt52cdJzpDetTqoQA1h8HBxb,pumpswap,1790543049,0.000003130,3064.73,3045,3045,0,0,0,65.2,0,0,0,0,0,0,2,4,,,,-4.25,0,1,2,1,,,,,,,,,,,
1791311583,7RfaMFbYSLvZQmRWjLECCKbuCNTKhQoPUQTfXcmMropx,AGI,Ht2JR1ht1nwZ6KmU2TzhCzKyWdfGeDWu53wQ68qUSuoj,raydium,1790543112,0.000002482,4518.46,2483,2483,0,0,0,0.98,0,0,0,0,0,0,0,3,,,,0.38,0,0,2,1,CPMM,,,,,,,,,,
1791311586,8DXqVUopcdviLvujTcpwEqkKzB43Arp6E1axzsEE5Btq,moin,CbR2UL7ktBr8MUUTj3FYcURZerp28GA2p1vPuMeKy1Je,pumpswap,1790542136,0.00008367,31785.91,81265,81265,0.71,410.11,8616.31,24285.99,0,1,6,6,72,41,203,159,-1.4,1.05,31.89,28.27,10,1,2,1,,,,,,,,,,,
1791311604,FCEjmz9E9yqrGvGu4voUARtv11fwmyYm4JKuSoG2X5Gb,GACHA,7GnzUW1FRcchgHmdsKEQbFiMzsdVdNHK1WCi21ZBobMy,pumpswap,1790543163,0.000004742,4539.36,4648,4648,0,0,0,0.57,0,0,0,0,0,0,0,3,,,,0.43,0,0,0,1,,,,,,,,,,,
1791311573,3RNy7erxjwGRRYvM6KzVKVtuFnNSpkQFwwiHhUH26xoa,PKMN50,8X65G996GZAiUeuH6A9hJxJWaSzoAcez5aX98wD1NqFT,pumpswap,1790544931,0.000004270,4245.06,4165,4165,0,0,0.01,89.14,0,0,0,0,1,3,1,10,,,-0.13,-4.08,0,1,1,1,,,,,,,,,,,
1791311595,BvnqdYwuFrvi9ds63EtwQLYME89ikJkULnJPAd83pump,CATSTR,NVKEDqnYC4LEXR8y9jNbmHSsjRm36ixgwnLsXHEDVam,pumpswap,1790547723,0.000002492,2753.5,2451,2451,0,0.49,5.83,12.71,0,0,2,0,4,1,14,6,,0.24,2.41,1.32,0,1,1,1,,,,,,,,,,,
1791311593,BVZVLTUSV6ftqHPqDEggag8crXJgJ6Cz5BCWmVvqpump,こゆき,Bg7uAadFLW9a23JAv1usHeJt1LxwdmksYr9LUVoerQ4P,pumpswap,1790548807,0.000002728,2993.88,2671,2671,0,0,3.09,223.71,0,0,0,0,0,1,1,5,,,-0.35,-2.16,0,0,1,1,,,,,,,,,,,
1791311597,Cxsg5L8SpnesZQZjtjKieyCHLBEXpLPNzFX9aoj9pump,X VAULT,2uKB8fuEgJaASTGLWmS15B3dcKLcGSSPpYJkFxkE6fwd,pumpswap,1790548524,0.000002700,3085.9,2663,2663,0,0.42,7.94,37.55,0,0,0,1,3,4,20,15,,-0.86,0.2,-1.03,0,1,1,1,,,,,,,,,,,
1791311582,6UhUkSBc9RBB9gVJcjCWtcQv4t771rQF7bdn2qK7pump,INSTA,Drj5Z8kC33nTjqqf2Q2UoQ6qad26Wzc9aREFhAq4R6Qz,pumpswap,1790550255,0.000007816,7004.4,7472,7472,0,0.95,5.61,33.92,0,0,2,0,2,2,10,37,,1.44,0.45,1.48,0,1,1,1,,,,,,,,,,,
1791311582,6jxsWweGpNkWcCQQupMoqVMf4WpPtKbjuvxdJem395hk,SWIFTFI,83nF7PdXDhKeJwJpAXWkQHgyFf8h56BzKZ52kWzSq9e1,raydium,1790540300,0.00001456,11366.3,14562,14562,0,0,0,68.76,0,0,0,0,0,0,1,3,,,,-6.26,0,1,2,1,CPMM,,,,,,,,,,
1791311573,3gzcjJR1RAwTLg7dno3UgjYE2TfAJPve7hpDJfNmEAMh,DUMP,CJuZXTCZX9yrs7erj39feN9hYZsmLx6Q6gUgpHWczZeC,raydium,1790541244,0.000002904,5036.61,2905,2905,0,0,0.21,0.21,0,0,0,0,0,1,0,1,,,,,0,1,1,1,CPMM,,,,,,,,,,
1791311589,ABTVosEHPtaVdGo31Xe33oiQS2wvMAafo5wmPvGfpump,MUSK,GoCisnSFf8KSnfQHmHiKGyvP3BQc4RLsodcoAgC9zeSg,pumpswap,1790552436,0.00001291,8503.34,12286,12286,0.67,519.96,555.77,1587.38,1,0,9,5,10,8,21,19,0.98,21.31,19.35,25.37,0,0,1,1,,,,,,,,,,,
1791311599,DBorvZYRJMBHqrYGaVaLMhiRkQWe6BwP1Rth7SGysk6Q,zmr,AqHSMvPwgL7HjrhsievPnEHFGFhHo76darpkdFVXwVLq,pumpswap,1790553556,0.000005547,5905.23,5503,5503,0,0,175.8,197.5,0,0,0,0,3,5,4,14,,,8.34,7.93,0,1,1,1,,,,,,,,,,,
1791311602,E4vwseNWpkBxzNxyv3msVLCzYHU5SXrj1QWXEycypump,BOB,CehXCosbGS31heNL6VotLqaSnFHZy8XmNWEyWEeXikrZ,pumpswap,1790555075,0.000005823,6430.99,5676,5676,0,9.89,12.39,546.19,0,0,1,1,2,3,15,18,,-0.11,0.83,-0.62,0,1,1,1,,,,,,,,,,,
1791311591,AmaM7N43JBicpcHDbVKyGeuTjtnNhJ2yZTdWqoZpCX8b,KARDASHEV,zxdzbJo51KApX6UijLQgS5rJ5ziBAZDe1RHxqZVczYX,pumpswap,1790555032,0.000004980,4971.29,4765,4765,0,0,10.72,252.28,0,0,0,0,0,1,1,9,,,-0.17,-4.78,0,0,0,1,,,,,,,,,,,
1791311615,rsE4qbZ6Decdu1stnoHnC7QrNtqjuzuAuD9xnNGpump,OMNINU,HnSiwJKhNNEZkm4HmVbXFVcviKF8ynCKc94hfy9MrGsB,pumpswap,1790554360,0.00001649,12627.43,15308,15308,0,347.3,571.18,1049.04,0,0,2,0,6,2,21,10,,14.12,17.69,25.14,0,1,2,1,,,,,,,,,,,
1791311596,C5zyCRUo23yLHDfcYWWTZNVh4yxWgQ8PFr1zx1Zrpump,x/acc,23R426YhJqy1FMQiBcC9AHgaDYARYaPemJrYzRUx2LsP,pumpswap,1790557011,0.000002676,2836.58,2637,2637,3.25,12.87,33.52,104.45,2,0,11,4,23,14,66,53,1.53,2.5,1.17,1.9,0,1,1,1,,,,,,,,,,,
1791311571,2gNrU5MMpcWpWQMfBxTRAP47EwdFfNNWkFyR1eLNpump,INSPAID,CVJyKNyiZY2ZJg6iNK3Z8p5gAyuwY9N32QNYKLcDoia3,pumpswap,1790564628,0.000005715,4857.47,5424,5424,0,15.98,15.98,1633.73,0,0,0,1,0,1,5,12,,7.41,7.41,-34.44,0,2,3,1,,,,,,,,,,,
1791311600,DPpdvQyNE7aZfpDG7LoAG5nMzeQMmLrWF81cNmEuTcHT,CLAIMED,545MDGVwz7cZVGGvQ6R3Lm16RBi5sBc9LAbVz28xuJEp,pumpswap,1790558552,0.000002984,3102.58,2880,2880,0,0,0,5.49,0,0,0,0,0,0,0,1,,,,,0,1,1,1,,,,,,,,,,,
1791311605,FW1FhMWeGwyLQLt8HaZ7Zjkoecf7FZNSw8ZC3fMApump,BEE,6qRN8SHz6RSaeZAAGR5VXv76E9qPShzFe6tJDkyRCApr,pumpswap,1790558535,0.000003523,3386.33,3245,3245,0,0,20.27,393.37,0,0,0,0,0,4,4,10,,,0.21,-8.15,0,2,1,1,,,,,,,,,,,
1791311606,FbKRne8ZDbDyoeD3b22k8EYLWxp8ksCd8a8mMkx6zsXQ,all/in,5HouNLrptmjJDQs4aqTTEFtskLJQcx23KLyog1WpWG3Y,pumpswap,1790559578,0.000003911,4170.89,3854,3854,0,0,3.99,70.77,0,0,0,0,1,1,1,5,,,0.71,-3.99,0,0,0,1,,,,,,,,,,,
1791311605,FFzTy32bZbPA8zRLbbiWoNzW2emGv86tUxaoqhz1pump,XPAD,tv16dBftigYeN75Y8z9PSGDUs1mfZvkwnwrQDLkMk8M,pumpswap,1790559685,0.000003909,4716.32,3881,3881,0,1.33,17.5,46.16,0,0,0,1,3,2,11,13,,-0.93,0.91,-0.4,0,1,2,1,,,,,,,,,,,
1791311599,DJ92CL7Z2dvVSE8reTUXTaKCax8jbYzfU3C66ziQpump,foom,axd1iRwfborKAmpRx52kENNtdZAStwfKnNSbab26Cnf,pumpswap,1790563287,0.000004231,4290.69,4095,4095,0,0,0,33.67,0,0,0,0,0,0,11,4,,,,1.01,0,0,1,1,,,,,,,,,,,
1791311588,9VXMEkhYKcj9s4dvzz3GF4ZfHGc5oAURiSY7ftPpump,peptober,5duvGDEt9YPVmGPhs3xPoEajzvjUinNXC2HCmpeHs96u,pumpswap,1790562128,0.000003863,4796,3696,3696,0,0,0.04,6.11,0,0,0,0,0,1,1,4,,,-0.49,0.11,0,1,1,1,,,,,,,,,,,
1791311575,4UMfNn34DQVnhh6TphH4dGYYuJWuVskq5mKNZ4ZMpump,two,GQxeZf5KKpMfeuNtwaSMmcFyt4qcUFR7mkZDMC4zXgia,pumpswap,1790565231,0.000003174,3386.86,3093,3093,0,0,0,2.15,0,0,0,0,0,0,0,5,,,,-1.18,0,1,1,1,,,,,,,,,,,
1791311593,BC9ebK4rdQThDof6tnv6vZ7fp8P3jiaRt8Qrfh6dDexX,STAN,HateBof7jRH7eAp75AYa9i8H9HKM428coxjGfKETvEY9,raydium,1790566503,0.000002385,4628.21,2386,2386,0,0,0,7.44,0,0,0,0,0,0,0,1,,,,,0,0,0,1,CPMM,,,,,,,,,,
1791311599,CyovMnzMaKGApYsnm55d8rNWhEkskPSidKswnhgzMkGm,BYTE,EaBZLEBQXbbzUyPxpE4Uev7sh6xQTz2NdmJdQ4NqaXx3,raydium,1790568510,0.000006015,8673.25,6015,6015,0,112.08,193.19,813.04,0,0,0,1,1,6,3,11,,-5.59,-7.3,-4.04,0,1,1,1,CPMM,,,,,,,,,,
1791311596,CGfVJX4D35wE8kviKKE1XyKU9EHRXe4Zsw3R55ABpump,hippo/acc,GCCQkq5YiqxqBrdQaBi83rrHSHEEex5YAaTF3rsCp6xE,pumpswap,1790566804,0.000006123,7647.47,5894,5894,0,0,15.05,22.31,0,0,0,0,0,1,1,3,,,-0.84,0.27,0,1,1,1,,,,,,,,,,,
1791311591,AjxqTiS6TnK75xG6pWAMJgNQuhkip3LzN36uy2wBbwmH,CLAUDECHAN,7ckTVPGFmFW7kmV814GLcVDZj5wVwnnGfb6tEBvgLgDz,raydium,1790549647,0.00001097,10656.43,10973,10973,0,579.62,1009.21,1554.54,0,0,1,2,6,6,20,19,,0.9,14.3,12.43,0,0,1,1,CPMM,,,,,,,,,,
1791311575,4RLhqc1jfpMLhtALMeUeVeJ5vySyL6eQca4cBjgCpump,BEZEL,FQJtTnQysivBCHr6uNTnuftbUdvTsppDY3dVT7K3RFvA,pumpswap,1790565430,0.000006869,6934.54,6677,6677,0,0,436.36,2610.78,0,0,0,0,3,4,11,31,,,-9.61,-36.61,0,1,1,1,,,,,,,,,,,
1791311589,A2Kz4oAJvg9yuQR9znDicg8QvFDgrxaHp68ih3HCpump,GRAYMATTER,FrwmBmCoJ3EjA8gP4GKejP87pikZ1oFiBk5iq133G3rK,pumpswap,1790570802,0.000003232,3622.75,3071,3071,0,0,2.7,7.01,0,0,0,0,0,1,0,4,,,0.74,1.02,0,1,1,1,,,,,,,,,,,
1791311610,GEXjq9Tb7perRs6fwBmuNZL5QAEsS2AWrGeZNBYBpump,GRAYCAT,4NxPoidGXJAmGcYEczHKS1qxurgCedzsAFxZWWZA9rS3,pumpswap,1790572207,0.000002786,3059.84,2731,2731,0,13.42,43.75,95.66,0,0,7,6,29,18,72,59,,2.36,3.29,3.87,0,1,2,1,,,,,,,,,,,
1791311604,F3qyW7fB1K6yTpbQVCK4CqYrgHjnXYZ8ou3gQP6Kw8cN,FIM,6DXMnRJaoNh5WJs64MQQPXPe8G1XfSEkN5fntiXjSRhM,pumpswap,1790572274,0.000006990,6815.09,6788,6788,0,0,0,98.04,0,0,0,0,0,0,7,7,,,,1.14,0,0,1,1,,,,,,,,,,,
1791311595,BdDnt2UWuv9hbUzPPAdzqp8zUkez5QHy1Ypexnejpump,UNDRGROUND,85oFh9Jhon3L8gtYQRGgLGY6fikgUN4GSsJFzTrCbvhf,pumpfun,1790539714,0.00001881,,18812.9,18812.9,0,0,0,33.7,0,0,0,0,0,0,1,3,,,,-1.31,0,1,2,1,,,,,,,,,,,
1791311593,BM2k8mJUbMthHoioykyUm2NjMrXvLBYhoXruwYLpump,LEVERAGE,51iLLzeznQMpJAJMNn4RiDRn3qybdYPD2vU7MbnrUwxM,pumpswap,1790575751,0.000007386,7029.19,6885,6885,0,0,76.15,568.82,0,0,0,0,2,4,5,14,,,0.59,-18.01,0,1,1,1,,,,,,,,,,,
1791311606,FbrMGVE2548HfpMVhYsybmYyUQVHMefMiUSkckyipump,TOBEY,5kJMCjNZaV5AHAniiqYNNM3LxZEUh76MhRJ6Gs1x5den,pumpswap,1790570553,0.000003312,3742.91,3207,3207,0,41.87,41.87,103.38,0,0,2,3,2,3,9,15,,-0.78,-0.78,0.08,0,1,3,1,,,,,,,,,,,
1791311569,29BXYJnEa4BksBQLEtXnj51gpCidZiPCpGqXCSwGpump,ABUNUTTY,DYG4zXD9AkHQ9ujbctr2xTh4H5L559WtiyuayY3xJGSt,pumpswap,1790568818,0.000003336,3224.47,3163,3163,0,60.14,328.57,737.41,0,0,0,2,10,6,13,13,,-4.85,-1.83,-20.8,0,2,3,1,,,,,,,,,,,
1791311612,HPmrRWHrbwWVzJiQfnxgPSRDDkD6ShMLnEN6VuEzvyEV,AXIOM,ENY6mbPK9mK4jGQppjYSFjkaFNAqnRedcqbsVfYgzvjz,pumpswap,1790581582,0.000003410,3489.51,3204,3204,0,0,9.68,90.63,0,0,0,0,1,0,1,3,,,2.08,-3.72,0,0,1,1,,,,,,,,,,,
1791311574,3wkvhVS8gmT3dSwVYpEwPaJcDjL839gYv9sAD4C2SbVQ,CORGI,2LMStZZJttyTA4k6SDFVXR6EvFRtFS5G8oo5eLsH7yDE,pumpswap,1790583854,0.000002943,2989.22,2826,2826,0,0,0,7.3,0,0,0,0,0,0,1,4,,,,-1.62,0,1,1,1,,,,,,,,,,,
1791311593,BH2PVkGqyQDUUpAB1pdk75Q2zLh4dyfbfUsXUDvBX2FL,SHORK,BSgh1UmymJYMByDJKxjZarZ9XyTDTtHWawqAuZSAktpW,pumpswap,1790588499,0.000003105,3167.14,2934,2934,0,0,0,11.7,0,0,0,0,0,0,1,0,,,,,0,1,1,1,,,,,,,,,,,
1791311605,FPT65CmLh8gDJq6nZnpFMSQN7dkGBTchzypfeA4FPrFA,o,Le9ZR9xofNiyw4xV2n3sZzdenr68qgMnbHawKU8KAk7,raydium,1790588054,0.000004037,7542.51,4037,4037,0,0,0,789.85,0,0,0,0,0,0,3,14,,,,-3.94,0,1,1,1,CPMM,,,,,,,,,,
1791311583,76fFhcA142kf9gdg11ahYTmEiZnPXokxJkcF1axupump,KOG,C4E4jTqFXTsCYD2UvRTXmSDDjrMuLZtwrnxNJo9XYUJr,pumpswap,1790591701,0.0001904,39545.66,181467,181467,0,814.04,5215.48,26271.53,0,0,7,1,27,26,153,119,,9.73,-0.87,-16.74,0,2,2,1,,,,,,,,,,,
1791311602,EQfxT91QExKEG7j1yEip15v9P1ybmWEAdqUn2Gqqpump,MM,DUqmnEMRw1dcKsenjPohRfSoqtc71kwafxazYCJH7eJz,pumpswap,1790587807,0.000002872,3155.76,2784,2784,0,0,0,64.33,0,0,0,0,0,0,1,4,,,,-4.97,0,1,1,1,,,,,,,,,,,
1791311571,2nkmqh65eHHj61P2FpvpAoHsMBvxAmSvM9LaRrgopump,NPCPEPE,AWPBGZNkm6MYqi2u4bh1sk1NWTpZBHe6yqvWQPGHaAMZ,pumpswap,1790593649,0.000002922,3563.79,2830,2830,0,0,0,0,0,0,0,1,0,1,0,3,,0.46,0.46,-0.31,0,0,0,1,,,,,,,,,,,
1791311612,GsyqitN9rXtrYCnL9B1J2FqdJvsPvrzkUVGjuiznY2PY,SOVEYX,B9eH4qCBHNtwjbHRW9ZJmT9kXmYzGvreE5Jg9DGfw1H3,pumpswap,1790528615,0.000003392,3273.21,3264,3264,0,0,0.35,144.79,0,0,0,0,1,0,7,3,,,0.8,4.39,0,0,2,1,,,,,,,,,,,
1791311617,zVbJ3eRjhRbvKWAxP8xrXZAeAcSqk3vtTjCzzVAAphi,PHI,4PUBJe4CNmBXkoodR7Fc4EgbzbiS1ReYe1d5RDFc5eZz,pumpswap,1790595039,0.000004116,4420.16,3959,3959,0,21.64,21.7,34.28,0,0,0,2,0,3,1,6,,-0.91,-1.16,-0.92,0,1,1,1,,,,,,,,,,,
1791311603,EkFRff9a2jKztJHML1LG9FRmEkPJDR6XAYp3uCPdpump,SLOPCORE,3UMUTZeeVSLywQjeZ6sjngu3jc6oQSxpy2ApNH3xL8sf,pumpswap,1790553920,0.0005151,78056.28,502136,502137,104.34,9833.52,48076.58,525413.36,0,2,158,55,627,242,3241,2488,-1.48,0.83,-9.95,-32.84,0,1,2,1,,,,,,,,,,,
1791311613,JVNThAXvkB1f7PLb3Fq7KjsJYCLTCvZYXMmrSQKpump,MAMESUKE,8ZEyRXckEvedaMB2Dx3mkRdBkYMAv5pV1XbKE7DxbAdz,pumpswap,1790592842,0.000002876,3041.11,2786,2786,0,0,0,236.31,0,0,0,0,0,0,1,2,,,,4.78,0,0,1,1,,,,,,,,,,,
1791311615,byeJsNk4FnKKm3QXD74yhFNDtDjRLnfn7nJ3rg5j8qS,BYE,4rXhQF73ZWPpMYcCj78J9cqBcGmkxnXhghL9p2EMQGNH,meteora,1790596887,0.0003050,15979.94,39654,39654,0,0,165.3,314.6,0,0,0,0,3,3,53,5,,,-3.69,-2.41,0,1,2,1,DYN2,,,,,,,,,,
1791311580,5tCju6YNxHq5zrA6tGndr6F7TK42mpUFmeE31cSFpump,swordcat,8ewuF2o8ACro7fqWepZ3tKhkbBjndZU4Ldk9scRPw83d,pumpswap,1790586789,0.003549,248257.05,3407504,3407510,1721.75,23050.18,552795.84,3469877.85,29,6,202,158,3644,3074,17475,16547,0.61,-3.63,-14.03,33.7,0,1,1,1,,,,,,,,,,,
1791311604,FAAg5VLNJpTqawCbVxg5BqSVUAku5xrBebqU6vSGCm3n,FLIGHT14,9tL6pVmQ3cvbLrUWNT43rbKmFcBZXzLxvu7nt46ZSYDs,raydium,1790598072,0.000002543,4899.3,2543,2543,0,0,0,0.32,0,0,0,0,0,0,0,1,,,,,0,0,1,1,CPMM,,,,,,,,,,
1791311591,B5HJCUbAztsKaQW38rUcQp2he9s75kGvT68Eh1mMBNY3,ZARVIS,GJBYJLf1vobAfow2HugmWfnTLNcKUXDqAV2xmNSEvgcp,raydium,1790598714,0.000007014,7993.89,7015,7015,0,0,63.65,297.9,0,0,0,0,1,3,1,11,,,-2.75,-11.69,0,0,1,1,CPMM,,,,,,,,,,
1791311588,9VkvLUSeid3aoVUU2KD3chvMQF3QgXWgYhFiLqQcode,OPCAT,7zSKYTnHfV8wChuheWWSeWqX7xeR6kNCs4rzVGJhsn7v,meteora,1790574990,0.000006090,7088.05,6090,6090,0,0,115.58,716.02,0,0,0,0,3,2,8,12,,,5.9,-13.71,0,1,1,1,DYN2,,,,,,,,,,
1791311587,9BSBzdxfaC4BTPFmCLMxjaTwMMz8LXiVZoMyNMPWhcvu,CMC,89iJxkmq9iSr9ivpfqn8sEn7SW1nMk1YqhNQaKikWXzw,pumpswap,1790600993,0.000004305,4301.33,3983,3983,0,0,7.39,268.91,0,0,0,0,2,1,5,8,,,1.48,-13.97,0,2,1,1,,,,,,,,,,,
1791311615,r5r3EVBTXkBxJDJPNKGqprty2NGjP63MoS61JFipump,CMC,9c87hhh7G8At65JGxU3ndXreurCEtv4G4B9Q74gQPz3s,pumpswap,1790601056,0.000002666,2716.98,2550,2550,0,0,0,9.72,0,0,0,0,0,0,0,1,,,,,0,1,1,1,,,,,,,,,,,
1791311593,BHdfzHB5NHU4wfF7P46cJkA4PogmHYfnp51ijLSgpHa4,ZSHIB,CaREMnjWjZ1Pb4Rf1W8Y4XZbi7S6iMP526yZvteTeCUv,raydium,1790602135,0.0005770,74036.1,577075,577075,2447.27,11656.52,51089.72,145034.54,4,4,40,29,165,146,474,405,4.05,25.39,-13.84,-21.65,0,1,1,1,CPMM,,,,,,,,,,
1791311593,BKpPmVjnHmnRWUxVDgsFM8qfMDSG9fKPEDA9YRh1KMEs,Viscacha,eC6Q71YELnV1kNvNeRRWrmMqZsUJQYsh81trti5iRp6,pumpswap,1790601943,0.000003181,3222.13,3029,3029,0,0,0,0.15,0,0,0,0,0,0,0,1,,,,,0,0,2,1,,,,,,,,,,,
1791311600,DS6ePhDssKU2aW4Wyw424CRC7fYDHygmNu4cyMCc5vq4,Gentoo,3G8tvCiP7JnTWBr78WrgDFyTAS17VAcw9kDYDv7vmbrL,pumpswap,1790603769,0.000005254,5339.37,4997,4997,0,0.04,0.04,99.54,0,0,0,1,0,1,2,13,,0.17,0.17,-2.82,0,1,1,1,,,,,,,,,,,
1791311582,6qBR7sk15ZVdt1vx6j1JgtkuurK8WrapugFptWQCyzL6,Pygoscelis,5fPMykyh2Gc3HC3Rpj2TJQR2LnNuEm2tEEN6Nz9HMBv,pumpswap,1790603435,0.000005754,6134.85,5555,5555,0,0,13.71,972.57,0,0,0,0,0,5,11,24,,,-0.27,-21.51,0,3,1,1,,,,,,,,,,,
1791311613,N7Q5fYX7YRnDQksfdBKnoUb3awm92n7QNAD35X3Rq1X,NOK,7BRs41whky17xEGvADRgHngEiHVKnQ4CGnP2J1z2TpgT,raydium,1790604565,10.81,61089.23,424653,424653,0,4398.59,14594.25,78408.53,0,0,22,23,70,32,403,425,,0.54,5.08,5.8,0,0,0,1,CLMM,,,,,,,,,,
1791311575,4NynHc4PchhnVFjERb5THm9JwY5kzmLtEF7ZwKvcpump,PACIFINU,4VJG8gMPKe4nMBJegeA24pryRn6z61JdSAqsHyLPnMf9,pumpswap,1790605056,0.000002700,2932.07,2672,2672,2.4,16.45,49.83,129.39,0,2,8,3,25,15,67,59,-1.16,-0.03,1.57,1.38,0,1,1,1,,,,,,,,,,,
1791311596,CZWyKU9MghRchXXw6x34aPN7MGeQR8QJKwymX6cpump,AZZ,EZQ2RnWp2GvCZMJvV1VqMvfAH613gFiNkHzTbdZqREpT,pumpswap,1790610178,0.000003310,3415.86,3227,3227,0,0,0,69.83,0,0,0,0,0,0,0,1,,,,,0,0,1,1,,,,,,,,,,,
1791311588,9pMXEbTjQ5HHiYifGbNBwkMkrQxGyhuSmB8ndKNXpump,SICAT,B4kJcppu2bxh7srJmEJq8NVM9SrpZVLum5YVjGq6VChH,pumpswap,1790608872,0.00001264,10580.06,12234,12234,0,75.6,410.04,1717.75,0,0,5,3,10,21,24,62,,1.68,-5.62,-19.64,0,1,2,1,,,,,,,,,,,
1791311571,3ErG8UG3VBgHtNUWcUJK74KxEKCPSCviDgx453ytW4bW,PNN,69PSVWLb6qXdx8RJN8oTTchfBB8VCDYprKQxi5RWiJ58,pumpswap,1790610360,0.000003522,3396.05,3332,3332,0,0,154.19,1088.15,0,0,0,0,0,4,11,13,,,-11.43,-13.39,0,1,1,1,,,,,,,,,,,
1791311569,2GyjqZhMUWxpuiVgypqV6KZ1agbzgitEVUU16mSnpump,BAYPAY,5AMiVtueS8hLsSd5hF9tYEQ8fUtZxrpRcTuSPjgkPxoT,pumpswap,1790612904,0.000002581,2611.07,2500,2500,0,0,0.81,0.81,0,0,0,0,0,1,0,1,,,,,0,1,1,1,,,,,,,,,,,
1791311571,2yu92oYzBWLAdVpu8BoaLzmM1oxPsHoboay2BXmeDDZr,FROINK,5L6SiELCoXrV9CtcfwUGKJf5EzCRTyDDmkbth1yEKp9f,pumpswap,1790608143,0.00002328,16345.68,22383,22383,45.72,51.2,854.06,4200.54,1,0,1,1,12,8,46,48,1.48,1.02,-4.38,-15.39,0,1,2,1,,,,,,,,,,,
1791311593,BW1HeTnP1ZpSyvoExMKCW86vdEAShjwBV6dUfgZwpump,SUBS,whjdPho1efdTJQ6N3kqeSRiM9dab8DkYHFDprGekoqs,pumpswap,1790609333,0.00003410,15719.73,33229,33229,3879.49,9313.78,15004.99,26740.83,33,47,108,92,143,123,262,221,-23.9,23.15,12.96,200,0,1,3,1,,,,,,,,,,,
1791311583,7qLn9eW3CHiCMJWokv4Kxmgs4daSnnRE4hxAzqqFpump,STILL,CgKUPJruYqA517biEm4kpF3tUqf3ecKDyzyAVxtMLCYH,pumpswap,1790612412,0.000003132,3306.29,3061,3061,0,0.15,0.15,34.79,0,0,0,1,0,1,0,3,,1.11,1.11,-1.16,0,0,0,1,,,,,,,,,,,
1791311604,F9SAHZVQ7U1mgx8V9Xk1a1EgPtrEVsxQJZa9CUw8uQSp,LOOT,Bh4SPn8PhZNouGA5HbU4ZHKx5dppfsosxUVw8fBMLB8G,raydium,1790437420,0.000008504,12110.31,8504,8504,0,7.99,193.6,585.36,0,0,0,1,1,6,4,13,,-0.96,-4.67,-1.69,0,1,2,1,CPMM,,,,,,,,,,
1791311569,2EUKLvNQ63YCmjSDyJ14Tzj7ASeHGXgseYWrKAa2mine,MINEPAD,6iYoSjHFnBYLAoXAk9okj1GLDWhTtsCMUzr6WCDU7Lgm,pumpswap,1790606100,0.0001095,32856.03,100004,100004,275.25,1215.01,10850.65,43614.92,3,1,10,10,77,86,296,284,0.28,-3.62,-11.35,-4.13,0,2,1,1,,,,,,,,,,,
1791311574,4Exc9SfSRRButkzTT456SPa6sTzQCb8pnfqcUECGpump,JEANPAID,EJDa4ai1wS8uiMeFupvmzyAamLUYp8GvLtvWVLqcicGv,pumpswap,1790616858,0.000006065,5193.35,5892,5892,0,2.82,2.9,35.92,0,0,0,1,0,2,0,5,,0.4,-0.25,-1.07,0,0,0,1,,,,,,,,,,,
1791311606,Fr4a6ZvEh6En6enWPjhDNeittzeN7J94HDpTdja2pump,SP,H1PRqDadyz1L1i26oHCDUDipb6tmX1a7YpAZv3LZJ9Qa,pumpswap,1790619892,0.000004723,4690.83,4339,4339,0,0,0,7.3,0,0,0,0,0,0,3,9,,,,-0.62,0,0,1,1,,,,,,,,,,,
1791311578,5HpB4gU9M7xtHC2fLK1FXP7UuDQUvJTRD6guwPKPJUGi,BLUB,3x7tLbTjGFakK6MiTEeyUiRhqLejsDJoaUz1kYvrnj45,raydium,1790448559,0.00001047,10259.65,10472,10472,0,0,46.09,1617.96,0,0,0,0,6,2,17,29,,,2.19,-35.16,0,1,1,1,CPMM,,,,,,,,,,
1791311596,CCU9jkaWPRjdsKuTRJa7gJZ22Qf1gXSZQiDV69JNG5W3,STUPIDINU,FtjiLNx6fzXPDWaQ1sreHsqcKqU2eadmpaNv7at2ZTas,raydium,1790616279,0.000005375,8217.79,5376,5376,0,0,0,438.44,0,0,0,0,0,0,8,22,,,,-16.35,0,0,0,1,CPMM,,,,,,,,,,
1791311595,BgdmnYfBc5xj8akTewzX28DPNfBqgkkKSaAE6KxqfTYu,CANARY,6jsP1zXvBMKAux5aceJ635S1BwctHvTFDSaG9NcutCvV,raydium,1790615230,0.000003367,5398.48,3367,3367,0,0,0,0.15,0,0,0,0,0,0,0,2,,,,-1.02,0,0,1,1,CPMM,,,,,,,,,,
1791311615,Xf3nPbRGub2NrnQ8WiSBgswP66DMGmttJYmuHYgpump,POUNCELOT,FJW4WoiBUMTowTjMu7D8pXdfPRTg3viFnp897xron4z6,pumpswap,1790617245,0.000002740,3030.01,2708,2708,0,13.54,28.4,95.78,0,0,10,3,17,11,53,44,,1.48,3,1.16,0,1,1,1,,,,,,,,,,,
1791311615,cbADAmv9issuPfhFwyQG3xac4DGPd1LDSt1oz7vwJsg,cbADA,5FbJG2CmQVSmbfopTtYzMr4YX7Pjhyz4XroRWmxYVKjd,raydium,1790618938,0.2724,80443.31,,,0,0,6851.74,43043,0,0,0,0,7,70,237,269,,,-1.98,3.21,0,0,0,1,CLMM,,,,,,,,,,
1791311590,AfVUPhruMtJuFVtPj4u8kvpNbNEuy7VQ3ME5eAHq9999,STOXES,AGubQRJ5T5snYFmUHqbxq4zobCHBhkw2jnC79mHaPqtc,meteora,1790618704,0.0001324,34779.2,107974,107974,0,499.34,2743.47,14326.62,0,0,5,5,27,25,108,110,,-3.85,1.18,9.79,0,2,2,1,DYN2,,,,,,,,,,
1791311573,3YWbeb3gozGGQFNSv384BeZqTexPMmNns5vvjb7Kpump,Joe,EgqpnnVwb6aFZcWgaF932jbTtzc3kmGpZWphM9MgwQeA,pumpswap,1790620820,0.000003119,3452.17,3064,3064,0,0,5.35,5.69,0,0,0,0,0,2,1,5,,,1.41,0.66,0,1,1,1,,,,,,,,,,,
1791311586,8VxaJHWP9NGYVDeYexGXXbmpmoiVXNvspjqtkbZUpump,FROINKCAT,7VzEdZJ4cQW6ymXk6MNv3mijtokia6FC3aRLw5ZsGj6o,pumpswap,1790622581,0.000002659,2810.42,2613,2613,1.01,11.09,79.54,191.95,0,1,6,4,31,18,80,69,0.07,1.34,1.24,-1.14,0,1,2,1,,,,,,,,,,,
1791311576,53gTSW4WFgrRHgQCtf5CyXgrEBNyNWHobYBAhqQJpump,SARP,DfSPxKSfu54iWjHDyGb4QeskRdewizhAwcZj97XKp5qj,pumpswap,1790622081,0.0006898,75777.07,680187,680187,629.56,20711.94,88481.49,134628.09,7,4,75,48,350,270,775,599,0.24,4.68,38.19,46.81,0,1,0,1,,,,,,,,,,,
1791311600,Dk1NXoFkQdPtSpg2L7JsCNzZvxcyF8KHjNUEKkxDpump,E/NYANCAT,FAyBhWgtJK5K5NB9dCtZmX6452W8CWc5MZNA8pwUtWKS,pumpswap,1790622030,0.000003429,4334.47,3330,3330,0,0,0.11,0.11,0,0,0,0,0,1,0,1,,,,,0,1,1,1,,,,,,,,,,,
1791311612,GuW7v9moS4MECUKwosj1DA5nb1Zvu4ju7cnWNY25pump,BRAD,9gwVRvf9QcxJbYc6kULZTCPCa9jpaysYg62rxDhHsiwt,pumpswap,1790622521,0.000005271,5033.34,5011,5011,0,0,163.78,347.62,0,0,0,0,0,2,2,3,,,-9.07,-10.93,0,0,1,1,,,,,,,,,,,
1791311610,GBTkSzep7xDoBGWK154TvaJWWzsb8rw5GWChNcoLcYM8,p/xmr,4Xm1kWa4xTNL4ingsckGELLBHq54LttLJLVE4AdFYLmJ,pumpswap,1790624098,0.000002925,3209.39,2871,2871,0,0,2.12,2.25,0,0,0,0,0,2,0,4,,,0.22,0.53,0,1,1,1,,,,,,,,,,,
1791311573,3SzFBGJCS2752BnPcByUMFuYFN7KgSpn354FDNvCwtLH,GOIF,HBSHKk5asbkeKvHQY6mtWP9optSGtESUR9ZcSaFndnDf,meteora,1790615139,0.002781,52413.34,2781023,2781023,9.51,469.43,15969.24,40706.27,1,1,6,6,63,62,260,262,-0.3,-0.33,0.35,0.54,0,1,0,1,DYN2,,,,,,,,,,
1791311571,2gSgbNue3spuFGoiMSCvFo3G9yArciFeSdyCi65pvo7P,UFO,EMT9ahTjtKH1PZ7VXrR1o53cytA5evuiUpqkF4URszB7,raydium,1790623709,0.000004597,7152.03,4597,4597,0,0,2.8,225.19,0,0,0,0,0,1,4,4,,,0.83,3.44,0,0,1,1,CPMM,,,,,,,,,,
1791311575,4akevTN2EaqUKDT2jhcRH4oRk5cppwRdaE5MGoT8pump,CLONES,3hAJsk3dyaGApDYz2UHLRoRAXmVmqaw4xunBoDDoCWnn,pumpswap,1790624758,0.000002859,3157.34,2786,2786,0,0,0.06,7.47,0,0,0,0,0,1,1,4,,,-0.21,-0.19,0,1,1,1,,,,,,,,,,,
1791311583,7wBt7aNt1DBzE3WPbPQruhvo4x7Y95PBHnBMVaBLpump,smolpp,B1tr6mCUL7SpTRwPviYGJqUAtnUUwLUh2C4Do4g8czPr,pumpswap,1790623340,0.000002951,3136.93,2848,2848,0,0,1.27,97.19,0,0,0,0,0,2,4,5,,,1.01,-6.46,0,0,1,1,,,,,,,,,,,
1791311576,5BjfgmtfqvNpAWx1CnZynoWLWNMnrwHLhTFzQ81vkEc8,ClapCat,4eR3ddyPzgrLgwbgfEA2MP1XUsQpYCvMT2zGgwY5XaQt,pumpswap,1790622415,0.0002000,42456.3,190569,190569,12.11,5927.05,59146.5,148819.2,1,0,41,28,291,230,858,649,0.14,-4.59,-11.96,-9.92,0,0,2,1,,,,,,,,,,,
1791311612,HGN8K3x5ZLfYNjvE8b1hCqqu7RwupuKU6EkEhemzpump,SNOWBALL,AvF6mHTXDcSLuq7NUWyTffaRopRkM9Sjh7ruFPNGnZqs,pumpswap,1790626465,0.00001584,11334.28,12094,12094,23.68,58.21,436.76,3064.02,3,0,9,7,22,23,67,85,0.66,2.7,2.67,-5.82,0,1,2,1,,,,,,,,,,,
1791311595,C1mBfBoDkwWfd6uTFZp62ARHLjeVp3bDpCDMfMZtPngE,HOOKED,C7r9jXWiVYmBYR2Jj5YSLiEitUGJPjQXWeg7HPU8NwUk,meteora,1790625916,0.007871,354507.74,7435537,7435537,469,21221.14,89714.88,600946.82,1,5,21,27,105,126,624,749,-1.57,-1.4,5.35,-8.62,0,1,1,1,DYN2,,,,,,,,,,
1791311606,FjKd8GR4uwYQymh87VhknT7w5iS8qz1DM8ZHPCWZpump,HAUNTED,DR9mPT44EBnhzw19UDi2FeGxBXKFfxqKBmnY8qY2aiZM,pumpswap,1790624265,0.000002726,2879.43,2649,2649,0,8.2,10.93,42.23,0,0,4,1,5,3,24,23,,-0.47,1.26,-1.31,0,1,1,1,,,,,,,,,,,
1791311599,DKxXdaMC1so182urvrrnhs6V6fGTrttPS8br6JuEpump,AI6,A8mMNioRKoRXcb8nVVRy9KV7ZSPyfTTm13ye4bSgHw7F,pumpswap,1790628334,0.000005084,5209.16,5040,5040,0,0,85.12,123.49,0,0,0,0,4,3,6,9,,,3.8,1.82,0,1,1,1,,,,,,,,,,,
1791311602,Dvx47FCHEa77thmxtgzfyx35vq3cPvy2D7mZfpCzVwUP,1%,42v7DBnWH16M8ARkDcg815hmsuwKQxWR8waEUtct7ZjK,meteoradbc,1790627663,0.00002192,,20816.84,20816.84,1.48,443.61,923.38,8639.23,1,0,13,0,24,7,57,55,0.01,9.3,13.37,-26.32,0,0,1,1,,,,,,,,,,,
1791311586,8LmvqLQhC53pqTyChaGLUCYJgMrcAGiKN8FGEm8Gpump,Catemas,5c7zAA6SASDNEZKqZWQpBXqxDjvFSLndig9yWaSv5R8L,pumpswap,1790626080,0.000002536,2575.67,2441,2441,0,0,0,12.1,0,0,0,0,0,0,2,2,,,,-0.89,0,0,2,1,,,,,,,,,,,
1791311613,LmQqKehqhiz2wcVMSYx4ufDew4p87Lb6x46AcLrHmzF,Collectinu,CucaxtHxUk19D4Vi3TfMAYfshg21TS49MbWJMZUKTd6t,raydium,1790628261,0.000002794,5330.23,2794,2794,0,0,0.14,0.14,0,0,0,0,0,1,0,1,,,,,0,0,1,1,CPMM,,,,,,,,,,
1791311588,9k7NgXqiJ7tvLtiB6HXdJHnKZZynFz46AB6Eg4Uwpump,INUINK,E2549WVzvMXBSknhM4nEbMVW1QoqEULoLWKwWGngg8sj,pumpswap,1790626616,0.000003146,3870.14,3118,3118,0,1.67,42.28,50.42,0,0,1,2,5,6,12,13,,-0.78,-0.89,-2.11,0,1,1,1,,,,,,,,,,,
1791311615,WNnpLo7Mjx3mGw5Vu41EyXUd4CCyJyVHoXVkGdMxpLU,SUPERTAKE,C8q259EgqS1wzRuBymaD672iT5ezopYgD2HsiPRcGcrm,pumpswap,1790629466,0.000003466,3464.15,3365,3365,714.26,1198.31,1543.83,3728.44,2,1,3,3,9,12,18,26,1.42,7.64,9.26,-1.74,0,1,1,1,,,,,,,,,,,
1791311586,8n1Qyjo7LrQMFaZsTJ3K1qPkNRMxDmS6R4eDjkvjpump,HOOKEDCAT,CSNs4q1tN3gUDEKgXKUZPAFZdZncUJvPffh2ZzydH5g5,pumpswap,1790629083,0.000003016,3578.07,2962,2962,0,2.19,7.98,214.65,0,0,2,1,8,2,24,16,,0.96,1.39,-9.42,0,1,1,1,,,,,,,,,,,
1791311604,Ew2gmuMt4W5tjqoc4bUdWrcPBgBp6MYXUBFiD1TTpump,BUTTERS,E9vC5WedxRCmZMpAbRJCdqJUkC3xNEehqi9BuZL1inGA,pumpswap,1790629952,0.000003356,3379.6,3269,3269,0,0,0,278.5,0,0,0,0,0,0,2,3,,,,19.21,0,0,0,1,,,,,,,,,,,
1791311588,9nwLzYqpTHnA64UL9a2m74qLYbNagXDeua1iBmorpump,BINU,FNzh197AcF5LsjaULSdz6SM7Wxfo8pK9T89VfRvaY5ZL,pumpswap,1790629089,0.000003359,4175.95,3264,3264,0,0,3.92,14.05,0,0,0,0,1,1,3,3,,,-0.48,-1.22,0,1,1,1,,,,,,,,,,,
1791311597,CqUZ8nFCzqrfNmU7GK9BZroCFWnhRpygdUoiYJxmrpad,xmrpad,6BHjuEAwRfHZvrkhdjRapZa6HzyNHWQu6yysfq9LTvXt,pumpswap,1790635445,0.000003073,3075.98,2951,2951,0,0,4.84,4.84,0,0,0,0,1,0,1,0,,,,,0,1,1,1,,,,,,,,,,,
1791311583,7dbey6My9ksrNqcRbfwEkMBT98L1PYqke3FhQcv9pump,Coinlator,H2nyraVU5zwYnRVv6jnkLu5UXtDeugUUanU6iSqpezLs,pumpswap,1790633126,0.000002815,3082.14,2753,2753,0,2.78,17.26,25.54,0,0,0,1,0,2,0,4,,-0.13,-0.75,-1.25,0,0,0,1,,,,,,,,,,,
1791311574,4JUv66RqP9ed78ajpNpuTbC1rGGgQwBwei4agQtGanTb,Loomer,EfYLFXSxuWQHidNBYvVR6thkgYENeDpRy8P9JGYHfBPX,pumpswap,1790632327,0.000005018,5098.63,4821,4821,0,0,0,96.15,0,0,0,0,0,0,1,7,,,,-3.16,0,0,1,1,,,,,,,,,,,
1791311588,9fc7ApwQJtVt3kjLQQ1GzRh6zD2a2wb4qzPLz8wZRqzp,nipples,Bez7gAvU8SJfPejASyoCZCnvsLAdW79fr42MAnyeYpu,raydium,1790634952,0.000003798,6804.13,3798,3798,0,0,0.09,20.99,0,0,0,0,0,1,0,2,,,-1.59,-1.59,0,1,1,1,CPMM,,,,,,,,,,
1791311603,EdYKmD6gwazdMQBeadHpSuSeTpjtnbxkpfXCax3Lpump,Loomer,BZBT6eogfdBrnMScMJ18TzTzzjA6FpBwwuSXTXaF4ht1,pumpswap,1790637600,0.000008950,7190.41,8603,8603,0,0,453,2903.47,0,0,0,0,8,11,36,36,,,-0.79,-12.94,0,0,1,1,,,,,,,,,,,
1791311599,CyeorQCHgyGYLqupizxAwqkpA9zJnZ8PFUmWadF5pump,KP,5q3JUKNfdh4jF4vNrcoNzq9gTemavSpffdV5ubCpvQ9r,pumpswap,1790633818,0.00003968,18796.42,39522,39522,0,0,0,33.98,0,0,0,0,0,0,4,2,,,,-0.74,0,1,0,1,,,,,,,,,,,
1791311599,CzdNEEHHjFZJ5dq7jjDViqWP1AxtStN9B2A12Qn3UmH,LEFTCURVE,14UCLEyKhFtcmXePkiRn8WAqKGLKTYm4uhNg6qNSSw7M,pumpswap,1790622052,0.000003790,3844.58,3615,3615,0,46.74,46.74,128.31,0,0,4,0,4,0,4,2,,7.08,7.08,4.37,0,0,1,1,,,,,,,,,,,
1791311595,BvSX16gMqPaRPcBzkmBnNfV7B6VM5BpGPs7oCpdppump,SHALAB,CgnNGZJvLoYLixZqQaDPK7n6hHThpLXLSoDLYjujMkSH,pumpswap,1790633280,0.000003042,3096.23,3003,3003,0,0.61,0.61,8.68,0,0,0,1,0,1,0,2,,-0.21,-0.21,-0.21,0,0,2,1,,,,,,,,,,,
1791311573,3PjwCqfGMR8CXZbcPEbGTSPQGduizdoVz4N1RQmJd8Uv,Carla,3LJ5CnSij5rpx6QP6AsYHY1W8bdpzjBMd4fM3W2mbjVo,pumpswap,1790636126,0.000002604,2651.72,2458,2458,0,0,0,11.91,0,0,0,0,0,0,1,2,,,,-1.42,0,1,1,1,,,,,,,,,,,
1791311595,BgwfQ2nezfeeCdSkuhJzVa1o4LontBRnhEuwiiskpump,Zubit,4oN4yhp29WoRrRPsT6AbvbscsimaJtNYYhvfYcaDsooU,pumpswap,1790634881,0.000003616,3808.87,3538,3538,0,0,0,2.66,0,0,0,0,0,0,0,2,,,,0.24,0,0,1,1,,,,,,,,,,,
1791311571,2d79yirWWZmzf249y7B4DMvgaSb7jgrCxrwTcweFpump,STOCK,9UqFNPpyCzjhJKWnEXBUxFSsgA6g9HLa8yU19mAmcUnE,pumpswap,1790638001,0.000005216,5191.82,5058,5058,0,0,0.33,172.98,0,0,0,0,0,1,3,11,,,1.13,-8.23,0,1,1,1,,,,,,,,,,,
1791311612,GfdtRzvRG6YSXxTiW4eukTdxeBuQViPzHwUX9YLXpump,BUJC,7jo1NaWhJqBbKPE6AaktGGo5qd2qnea6iB3qnbkLcEJj,pumpswap,1790638802,0.000002650,2980.94,2578,2578,0,0,0,29.32,0,0,0,0,0,0,1,1,,,,-1.31,0,0,0,1,,,,,,,,,,,
1791311612,H8WTvo3ZXSYHJAcYqzCforbG8coR1FDAX2kHFfqHBAGS,BAGSPAY,DxSBgaYreFNFxGu9TEC17n4Usq5jjy4Zf9djT7RBLrGf,meteora,1790638863,0.0002547,72108.62,254703,254703,90.58,11262.15,28392.06,81854.71,3,1,65,59,150,181,474,539,-0.66,16.04,3.46,43.6,0,0,1,1,DYN2,,,,,,,,,,
1791311576,4tvcXSyhPfb1vQQWunMmMzmVNCJGMYrXgtv3bEbSpump,SITRUMP,HhnhZTbXzzEmYLNNzyQSBXWD5s4AEQptqJkBC8N5SGCZ,pumpswap,1790639788,0.000006347,5719.64,6234,6234,0,7.33,8.99,31.04,0,0,3,0,4,1,12,11,,1.7,2.15,2.35,0,1,1,1,,,,,,,,,,,
1791311575,4kgo11KazbCNd2DosYSLGpgSZhEtda1gGu4rbWJLGCJV,Murphy,7CCRs48eJfvTuiZKLZvTKCdJS3XU4mTUozKw2xhyRevT,pumpswap,1790640443,0.000005803,5669.9,5575,5575,0,0,121.45,128.01,0,0,0,0,0,4,0,8,,,-5.99,-6.43,0,0,1,1,,,,,,,,,,,
1791311617,tYLAYuNEJbuvDzuERBHSHAeVFZTgkkSLPwrRwHzpump,USDF,2C8y5L54WKjRoTAFqhw96pWmwTD5qdf5fpMWArLpHMpo,pumpswap,1790644682,0.02185,434268.95,21841561,21841561,673.08,10606.33,55306.84,224731.41,11,9,178,116,1025,688,4207,2754,-0.34,2.34,3.83,24.31,0,0,0,1,,,,,,,,,,,
1791311573,3kmygWKZBkCYrgZHKfiuB9UFKTcDLTFFsKo3BWpmpump,PARASITE,4zLRGHwKdXyaTovP8UkV66CskWgo9E7kAaGYcw1vFh7E,pumpswap,1790644646,0.0001909,53582.67,183015,183025,28.02,1648.31,16870.19,84363.46,1,2,15,19,129,148,719,766,0.27,2.43,-14.16,14.02,0,1,1,1,,,,,,,,,,,
1791311595,BhNmfTQuSdkdgVPhZ5fCJnxa1xYTPqkdjMn7LhLYhype,XLiquid,uvfLdQVyhhVKracMj2NyzT9L3tohpFnhAJreLdThqPV,pumpswap,1790647512,0.000002705,2903.19,2622,2622,0,0,0,0.42,0,0,0,0,0,0,0,3,,,,-0.48,0,1,1,1,,,,,,,,,,,
1791311587,94mo6yYt5z9t31TjS257coYsRX7b7KPTKWVRzAnuLECr,JEET,5U5CLq5r21ytNivjPe9ahardJ3ef7nDDzuAFsRe4TwF6,pumpswap,1790647174,0.000003020,3031.17,2886,2886,0,0,0,0.5,0,0,0,0,0,0,0,1,,,,,0,1,1,1,,,,,,,,,,,
1791311571,2sDeSDUigrzYKRhZBjjs8AJDyMYroRyVAsUzzq9D4sqr,Adventures,6bGK5L3CMcv34Jk3gcHW3RwBkGv1QQxcbKaL4SrygryC,pumpswap,1790644356,0.000007437,6623.18,7217,7217,0,0,39.87,781.75,0,0,0,0,0,1,10,9,,,-0.92,0.9,0,0,1,1,,,,,,,,,,,
1791311596,CLsGDf5QSp62QsxSGYuZetaA4WEGmKuq7XvKwkFcpump,GITFEES,AQsQp6n4pdNAVR2TbHPaCawX4Z8SGH8BrcRNvKAQ6U5v,pumpswap,1790639241,0.000005516,5096.43,5236,5236,0,34.27,1265.58,2459.4,0,0,0,2,21,19,39,48,,-2.46,7.09,-16.63,0,1,1,1,,,,,,,,,,,
1791311571,3NLfcS6P3RpVQ4i4he7xYp9amQScvTvoLMi5iY7cpump,LAP,B426apUrQMYC1ocQRkyfKDpyGV9dNQZ6TbgXugAUUgzd,pumpswap,1790649236,0.000003380,3484.56,3240,3240,0,0,0,0.38,0,0,0,0,0,0,0,2,,,,-0.26,0,1,1,1,,,,,,,,,,,
1791311599,DHT1Ko1NcGu3wxmV3J8Vh5zbqWKxq5ustAgC2AWrpump,WOJAK,6TeiEwAHFuPCEgzAMvFTgpV7nfxpU8NB3Xh4d5wFGaXm,pumpswap,1790651707,0.000009765,7219.68,8735,8735,2.49,3.51,9.65,117.03,1,0,1,1,4,1,8,9,1.54,0.85,1.87,-1.21,0,1,2,1,,,,,,,,,,,
1791311575,4aDtkCadyWomBewuynPi7Y8NR41dKXAmUMFYMLBxpump,DUEL,2LVxwXzWGxeDHHZp1vB8iZQfqzwYRj3NcnY251Bd47Ut,pumpswap,1790650652,0.000004679,4506.89,3786,3786,0,0,0,1079.9,0,0,0,0,0,0,8,9,,,,-2.72,0,1,1,1,,,,,,,,,,,
1791311612,GguztAZZv3GsSjzFs3qp18X2jqeAr2YmbbkmY2AZpump,Academics,8uR87GQT1RChyDRSVM1FuJq8PBEHCuWhPbJpyZ1x5v5u,pumpswap,1790650589,0.00001545,9550.61,14720,14720,0,4.37,352.89,2890.59,0,0,0,2,12,8,64,61,,-0.33,8.13,-2.67,0,1,2,1,,,,,,,,,,,
1791311575,4kYsZeMw45RXoeJg8BjyeZVtwoTQ2LAEoZckwK1kpump,PCAT,ATqCNEuM5EP7Ki8NEQGaCSKbrceYYquBi2D7EpyccKdr,pumpswap,1790650493,0.000003885,3719.99,3764,3764,0,0,0.24,121.36,0,0,0,0,0,1,0,6,,,1.49,-7.65,0,1,1,1,,,,,,,,,,,
1791311575,4TKsdzn7TzK1KuzLS8taqW6okLsyMaWvxwtqyH3iLdRX,BEAR,31D6F92x3aG9w8o3MVEsdZwuxdxrYrwjCEaPvcSK8i1R,pumpswap,1790653233,0.000003125,3371.66,3071,3071,0,0,9.16,9.45,0,0,0,0,0,2,0,3,,,-0.05,-0.05,0,1,1,1,,,,,,,,,,,
1791311573,3sJLXbRoBgVgeDnCCfmdSZuJQRtuyPRsJmMTCZumWH9Y,ber,btpnkVs4vbJvpvyUV259oPikLuUkVo2CeJ2Q36rdesJ,pumpswap,1790653549,0.000002895,3203.94,2809,2809,0,0,0,411.4,0,0,0,0,0,0,2,6,,,,-2.83,0,1,1,1,,,,,,,,,,,
1791311583,7zJDJdbiPk7EzpPK8GX6QqHF3zWXFdauNJFiBMYnSTNK,BTCBIRD,5oCdCBHmSiCzQ6Feo9214ihrQncHsEbrt9yteggMLYmQ,raydium,1790654903,0.000002573,4819.09,2573,2573,0,0,0,15.85,0,0,0,0,0,0,0,2,,,,-0.67,0,0,1,1,CPMM,,,,,,,,,,
1791311571,2uPFpHPaQUyrrsRfYeziTjzNoju449gruMQFRie2pump,Virus,7mZmfuz1DtBxSYsAaxEpkkThLLZv9sFyDdiktG83fE62,pumpswap,1790656541,0.000002584,2656.58,2502,2502,0,0,0,506.28,0,0,0,0,0,0,3,8,,,,-1.78,0,1,0,1,,,,,,,,,,,
1791311613,J9gXX3PtUX2WrhnWokWwibnvvfMbHSqCh6aebaKrpump,LUNA,Csgf7HXufnk8sSmkv49wPspCCPjGRpJ9y4vddan7x6Jz,pumpswap,1790654376,0.000004026,3749.56,3860,3860,0,0,0,211.2,0,0,0,0,0,0,2,6,,,,-12.49,0,1,3,1,,,,,,,,,,,
1791311583,7ioeSgzfSKHMnpgfPpgRFsekMBGiu9oi6t6GeqYtNbbh,CURVE,7Pu2ytSzMwg5qhMxXV4qb4ie7gCGhy3kYjbgwFdfmMPB,raydium,1790658485,0.0002518,251656.76,251322,251322,0,234.44,7294.1,39004.37,0,0,5,5,29,35,131,174,,0.5,-4.9,-23.88,0,2,1,1,CPMM,,,,,,,,,,
1791311583,7MYpDaZ1Uorg1QtkjWK25X2K4UoNk88854jfopAXxNKs,DOTS,4UZFVgHqgzDxvfeE1eu4cVv6boonSKsjpGT4JiScGPRt,raydium,1790623089,0.00002412,18964.99,24129,24129,0,85.98,687.99,3147.86,0,0,3,2,7,13,38,42,,-0.28,-10.32,-11.43,0,0,1,1,CPMM,,,,,,,,,,
1791311596,CZhiyUF927C4NbSRDwytc44yRtTgr2tPRDrDPf9bsimp,SIMPS,5WVnTankvT59L4EigBPV8TpSzd6ikdy2F3UGuquWVmbJ,pumpswap,1790661224,0.000002669,2658.05,2512,2512,0,0,0,4.23,0,0,0,0,0,0,1,1,,,,-1.29,0,1,1,1,,,,,,,,,,,
1791311583,7KRkpz1dWtvofPY6m9hbHNdb1mP7tPoNb2NnYYzGYcAL,MI,81Fqik7YgRXnw5YLGB64KLhAMMuqBRZYyCQEapNA2TWX,raydium,1790658732,0.000009373,17124.41,9373,9373,0,0,4.58,29.83,0,0,0,0,1,3,1,19,,,0.26,0.06,0,1,1,1,CPMM,,,,,,,,,,
1791311613,JCqaX2xkY4MSWj2Fd3VQPLy2V9ZzTEoqTZ6VdQhyi1Go,CARDANO,CtqhtCBJdWQPqaCXmLT1bLp5fX3ufxsc8Ye3sZnKEttW,raydium,1790661981,0.000005542,7526.1,5542,5542,0,3.41,4.97,737.9,0,0,0,1,0,2,11,9,,-1.55,-1.82,30.11,0,1,1,1,CPMM,,,,,,,,,,
1791311571,36RKUDQu5sJggjnRcWnAomH8dSmv1gq5zgVQ73DrBear,GFB,GvGUCGaKLMDqjRbrPBHV2UY9eyaAdWGCfk5Krv9HUiMo,pumpswap,1790664962,0.000002682,2748.25,2554,2554,0,0,0,20.89,0,0,0,0,0,0,0,1,,,,,0,0,2,1,,,,,,,,,,,
1791311571,3JBcBwcZ5psDu4Qy58YBqbMn2Nk4QKzDiqii4gpAwqei,K/acc,ExsQ6RDXiSWVGVeyvL2QAwNmxT5SHPbPW9yWjD9TmKqG,pumpswap,1790668225,0.000003413,3530.42,3263,3263,0,0,20.94,341.16,0,0,0,0,0,4,4,16,,,-1.52,-17.49,0,1,1,1,,,,,,,,,,,
1791311578,5Y6eKGzrLr36wWd5XB4XkRrPfqgkcswudvJ9mv9Bpump,TEAPARTY,AsAYgWc6WfE4K8m5YnftgoDnHhcGxuYYhQxvC2qqyZ4Z,pumpswap,1790664409,0.000004140,4306.84,3907,3907,0,0,8.74,54.31,0,0,0,0,0,1,0,2,,,-1.5,-1.5,0,1,1,1,,,,,,,,,,,
1791311605,FTBq3qcxyehLD5VzDG5EfKhWBB5vXZtq7g6qepUAoVpx,K/ACC,7JsJoN7Zj9HqR1J7Cg5HusyoNhKM6uRzJacxLQXaoAoG,pumpfun,1790409310,0.000005075,,5075.71,5075.71,0,0,0,172.42,0,0,0,0,0,0,2,2,,,,-0.28,0,0,0,1,,,,,,,,,,,
1791311597,CeiwP43gua1eqMSd4W6dUAC5LzYW257Jp48NzCNrgRga,DOTS,7d1FStCR2ASY3VaKnBWFiJgo2KXpZjtVEBX8i6G1ThwQ,raydium,1790659355,0.000002894,5057.61,2894,2894,0,0,0,46.05,0,0,0,0,0,0,0,3,,,,-2.16,0,0,1,1,CPMM,,,,,,,,,,
1791311604,F1AUYwCAmrH1JRVjyeZLT3cnGDKtEfTc9MwgWSbmuUn9,Carl,5nT7ZRtPzdqKzgFtZj1czRY9XC8oj731nft47nErWcUh,pumpswap,1790674015,0.000003546,3377.65,3315,3315,0,117.6,117.6,355.09,0,0,0,1,0,1,6,6,,-4.65,-4.65,-1.26,0,0,1,1,,,,,,,,,,,
1791311586,84D3VopU3g5qo7jUwzQK4P4BnVPQWr2MzeaRCFkHpump,POND,9Laz2p55TfBxoiDRWZQNU8SKzr9534ZKHW9hmZPDXZ7E,pumpswap,1790676981,0.000005869,6131.72,5787,5787,0,0,4.1,108.15,0,0,0,0,0,3,9,28,,,-0.15,-3.01,0,1,1,1,,,,,,,,,,,
1791311603,EThAHDXisQrhvv9MPrv5DgZuRHkjUzNcTwnLzVjCpump,PAYDAY,FSPhtif5wPhewj9kgkUSWEUrQxSAC7sGGioRkFZP82Eg,pumpswap,1790676501,0.000006825,5969.67,6461,6461,0,0,513.44,1954.98,0,0,0,0,3,5,24,29,,,-11.07,17.31,0,1,1,1,,,,,,,,,,,
1791311604,Eyvmi7QVpSXWbB7WLqf5ksfbRugaiFudubeLtpEDsnkh,SEECAT,FHJkEmXYDTEGgRsQsy7rAkfPrCyL9UNdpB1cqxKNqo4r,raydium,1790606334,0.00008687,24847.42,86869,86869,95.05,243.66,4132.53,10649.06,6,0,10,1,45,24,165,64,1.56,4.16,-11.19,3.08,0,1,2,1,CPMM,,,,,,,,,,
1791311617,uEMVScZfPPfSGeoKkPCQ82oRedJn6u1dQvDEo8qpump,UDR,GYLp6WgUAxShVSKu1gRe8da9yAd5DJjtCksM4ozFVE7G,pumpswap,1790656157,0.000004320,4008.1,4321,4321,0,0,3.02,23.94,0,0,0,0,1,0,5,1,,,1.94,0.9,0,0,0,1,,,,,,,,,,,
1791311604,EtV9vmJXhV4gTgxzgzn7xpbjRX2ne2Vb8T58mwabpump,BLINGBOY,7qvv2vkJLVx49N2ow8p3Scncx2FNeFpZP63ZQdKHZf5i,pumpswap,1790682809,0.000003137,3269.39,3016,3016,0,0,23.66,189.42,0,0,0,0,1,2,2,7,,,3.66,2.95,0,0,2,1,,,,,,,,,,,
1791311615,fSK8y3f3Hz1mTeSYap6FeqhZ8ResekAAuhZYddnpump,NTDA,5c4jXRKJQgw1gJahpRW3WvDNLkTUrzwK8omoZovszj3p,pumpswap,1790684662,0.000003018,3005.61,3018,3018,0,0,56.13,372289.32,0,0,0,0,4,1,3003,2182,,,5.2,-99.99,0,0,0,1,,,,,,,,,,,
1791311575,4XDan44KkAtC97S7b6KdExWR1zh24zka4iwLfuuYZoqn,LLMA,CMwwXFSqGWHNpHxiTKaVxMUAiBZsV9vADeWoQ5BbuMgv,raydium,1790685695,0.000003654,6069.4,3655,3655,0,11.99,158.63,359.77,0,0,1,0,2,10,5,17,,0.93,-7.13,-11.09,0,1,1,1,CPMM,,,,,,,,,,
1791311612,HrXtCbUQJB4Z8P2Y9yrzNk2xgp2V9yTKM1qsmKifLXR2,inu,92RqWvHW4dmmyTkuTWoYghCjTzf5LLN2DDy2Gujg2cFL,raydium,1790682324,0.000005239,6242.35,5240,5240,0,47.99,49.1,1463.81,0,0,0,1,2,2,13,12,,-6.72,-3.82,7.26,0,0,1,1,CPMM,,,,,,,,,,
1791311589,AFuPDJBiRy7MC2U3dTEZB7rReUAosWGv7aj57Lqppump,YOINK,WDWNj2W1K5gPsrmCEcjSD9mEZ3VZh2BJLxUahtmwr26,pumpfun,1790387869,0.00001471,,14717.81,14717.81,0,0,6.34,39.67,0,0,0,0,0,1,1,4,,,0.62,-3.05,0,1,1,1,,,,,,,,,,,
1791311583,7qt6ZK9kA9rdYSvospoZAcGJu6rYS6ngZrSkAr5iwWc1,ZECBOX,BMnWwgLmmdMFTQD5cntFAiuhngZkjrwEWeDp7E4oA2sX,pumpswap,1790687952,0.000002834,2853.93,2744,2744,0,0,105.15,221.45,0,0,0,0,0,3,1,5,,,-4.41,-0.2,0,0,0,1,,,,,,,,,,,
1791311591,ArV7g2VBDHTUvfJTwCPYzzPJRozHbdS94QigVPuFpump,SBC,H5Ltoe8coVa9h4pSutERe8N7QS9qiSa7rg5zJDgF8fMx,pumpswap,1790644726,0.000003277,3238.97,3135,3135,0,0,0,34.04,0,0,0,0,0,0,0,4,,,,-1.46,0,1,1,1,,,,,,,,,,,
1791311612,H4KUxsEgCp2yDpFvyDuGM5k6XevSKKrrKUxZ3Zr6nyJc,COCKROACH,5d1MwACzebHE96bX8ZN3jQGjwPuBjQF7vcbmmhr5Gskb,pumpswap,1790689191,0.0009227,133163.39,906281,906281,1011.72,8598.03,107050.95,401658.41,1,3,23,37,303,330,2410,1344,-1.67,2.29,5.25,-24.69,0,0,1,1,,,,,,,,,,,
1791311586,8CMH8UTpXVSKSBA5sNtscfzxD9yQUC7VYP415p6Ezpad,ZPAD,6v5dr3ppBUgCFVWxKURCgZeSC5TA7fqhTmeS6e2Tnet7,pumpswap,1790691644,0.000003193,3208.48,2895,2895,0,0.1,0.1,5.43,0,0,0,1,0,1,0,4,,0.01,0.01,0.06,0,1,1,1,,,,,,,,,,,
1791311615,ZrueWB1YvjruJpTGiJSYYfyuL71FZeeSUwJY1ZPeyes,EYES,BkYnXoVkNXQxSBKF3R7nRADoiTPZaWotUp1NhWRm15j7,meteoradbc,1790167729,0.00004222,,38925.96,38925.96,0,0,6.52,1190.64,0,0,0,0,0,1,2,7,,,-0.05,-5.43,0,3,1,1,,,,,,,,,,,
1791311576,4zfwqBtYpDjdiocYL91bc4h2qoeuD13MwgbiZWbECPTE,ZCOIN,2Jdmn6jB1XUG1ztkDDmbKNXmLaLGY5uxhxttcogZ2rZp,raydium,1790689010,0.0001335,34403.5,133534,133534,0,948.89,9302.05,54773.22,0,0,8,4,59,34,371,182,,-3.12,-29.99,-15.99,0,0,0,1,CPMM,,,,,,,,,,
1791311603,EU5WWxWBjDzfs3pvb6N7yuc6gBfo5Ltao6qfdXDiH2U3,SLATE,A5GaMKj9qwKZevC76D1ZNUVKH8ayqArozAFBCN3GDgQT,meteora,1790605084,0.03428,21274.73,34288,34288,0,32.44,552.58,1076.05,0,0,1,0,8,5,23,16,,0.57,1.92,2.34,0,1,2,1,DYN2,,,,,,,,,,
1791311576,4yqVrQt7Uvie3Dmtji3p7CDwqkBqjTfknzsFkHF7u5i9,AMERICA,CbtUukKm1yE9PLM586vAaAu2iwSxUG5mWo2modqgHaix,raydium,1790690314,0.000002925,5281.52,2925,2925,0,0,0,9.02,0,0,0,0,0,0,1,1,,,,-0.59,0,1,1,1,CPMM,,,,,,,,,,
1791311573,3qhCS4Qp24BCXaBsMnGDEh7Lw5SURqcSUTpUgGBApump,swordinu,DR538pGAshWv56uihJck7o6GD4yiDPayD5tP2buX3aVF,pumpswap,1790701151,0.000003776,3553.79,3572,3572,0,15.99,83.74,782.1,0,0,2,1,6,2,20,12,,-1.75,-4.57,5.9,0,1,2,1,,,,,,,,,,,
1791311615,RKLBnAXGqv31iZomqsuAWkQm1aqC7JwwvbCfzGdqAhz,RKLB,GoT9JVkBRq2t9u4ECjtZSwSDz4eCnR9WRirEVH3odpyU,raydium,1790694832,74.55,55290.11,413766,413766,0,832.39,11849.59,16129.25,0,0,8,4,72,49,100,56,,0.16,0.19,2.87,0,0,0,1,CLMM,,,,,,,,,,
1791311600,DR9923tzvCfKMpa7XxVPaUps9Fx8YfpcVHQHMfgDpump,STUPID,DVkTbWua4ukz1rRxq44NA4xhKX6j7Ero9w1doWySK89K,pumpswap,1790696267,0.000003319,3272.19,3240,3240,2.61,12.07,77.18,219.95,1,0,6,1,14,13,83,77,0.3,1.49,3.34,2.74,0,0,1,1,,,,,,,,,,,
1791311575,4JYBzbPL9ACRhdhesGfqkodKCuLkx3rm3Pg97Kdppump,FOOT,6AsngN7q8AmDBdGcmWvPDdGQzwULhKxrNvRUTwXCXxjH,pumpswap,1790696407,0.000002533,2573.79,2446,2446,0,0,2.63,5.38,0,0,0,0,0,1,0,2,,,-0.35,-0.35,0,0,0,1,,,,,,,,,,,
1791311575,4ioYUvNC89Ygp5gd2xu3WYbwPhczFQKwz8bjtwTXpons,BETA,GNzAZtCK44MKk3Z6cFRyPRTjEP8Y8e2BVcQMipz37EpS,pumpswap,1790690948,0.000004548,4305.39,4308,4308,0,0,26.95,981.44,0,0,0,0,1,0,8,14,,,2.65,-16.79,0,1,1,1,,,,,,,,,,,
1791311574,49aM4HrGABwG9F8iAn385zzcsS6mxHEFY8YN3H7y1Cd9,MARTIN,89KzBPsRxM2JiHMzrUqTaqSS8nAeqpft9mX4ZaH7uSKi,pumpswap,1790697895,0.000002464,2488.5,2364,2364,0,0,3.94,86.58,0,0,0,0,1,2,3,6,,,1.14,0.76,0,0,2,1,,,,,,,,,,,
1791311589,A71Uf3jwg57fNedSao9eFwm9eKSLYFbVJ85T4fuXpump,cNFTs,H2UTFeuwA6yQP2L3DegdvtA4wCCwLJjKwq2zXepzU1ae,pumpswap,1790698801,0.000005189,5591.76,5098,5098,0,3.02,43.36,114.97,0,0,0,1,0,6,1,16,,-0.63,-1.36,-4.78,0,1,1,1,,,,,,,,,,,
1791311599,Cy5TzDyJ4mo6MBAbpwUcAgdfNiXYKrYUPrvhPGVU6XMR,XMR20,B1w58REDpWVGjP5GmTymitxq4KHL11ytVkHBF2NLBnUw,raydium,1790695755,0.0001833,39489.86,183369,183369,7.22,526.43,5733.54,32296.16,1,1,3,4,67,58,373,322,-0.27,-2.05,1.01,-25.96,0,2,1,1,CPMM,,,,,,,,,,
1791311575,4arisZWtGpHEjKfLZwUDnzop8oMMAN5proKUQFZ7qLPf,EV,9rKUpxDEwSCd8zReKZRaDfS7QoaCHtnDndot5hRd6SGm,raydium,1790700020,0.000005761,8688.47,5762,5762,0,0,258.32,261.62,0,0,0,0,2,9,2,14,,,-2.37,3.48,0,1,1,1,CPMM,,,,,,,,,,
1791311574,3vYBWj2Eggys9rNeCNznB3hyQqm1Yecx3NF4RtrApump,SCAPE,7LPcTgCqSHzTnmpoPXdKGKF2UonbxxW6NbkaGhVjYFEv,pumpswap,1790753237,0.00002593,13944.46,23654,23654,0,0,452.01,2619.63,0,0,0,0,6,1,18,16,,,-5.44,9.88,0,2,2,1,,,,,,,,,,,
1791311583,7UfcTJD2RSRg9AJ4k2V2rs71Ew8Zy2avaU5roc8bpump,Liza,FZtCX2NjQKfaEDqCEyD5t1PNt5ssJuJr1e7LPZPEefko,pumpswap,1790693876,0.000008343,6849.55,8107,8107,0,6.67,179.92,1475.63,0,0,0,1,1,6,27,29,,-1.25,-6.93,-18.9,0,1,1,1,,,,,,,,,,,
1791311569,26QftJYy746GCx6wnV8vMkJRErCtyhChM8hBxY6Hpump,NYAN,79KbbTrCHft9rm81J6fQa53q7GwkiJ3rCk7rsz4oXnHF,pumpswap,1790783455,0.000002888,2831.25,2625,2625,0,0,0,20.74,0,0,0,0,0,0,1,2,,,,-2.65,0,0,2,1,,,,,,,,,,,
1791311575,4NDRfDPk8pUsY4BATSi7RkCv9D6s3oecF6zyz24Upump,Float,EkAMz5J2LxjYRQjku32fpJheP61EtbdSBGw8zZPV9m72,pumpswap,1790703830,0.000002781,2930.68,2702,2702,0,0,0.12,2.22,0,0,0,0,0,1,0,3,,,-0.08,0.43,0,0,0,1,,,,,,,,,,,
1791311573,3ZSai4T7MGJYdSgAA3ro1bGnVLQGbtdjBu9o23zCojvu,HUMAN,FZE2M3irUmELtWBCi694S1XCX5HGcEZjXELMWmp4XsFv,pumpswap,1790706107,0.000003839,3757.81,3733,3733,0,0,104.9,108.92,0,0,0,0,0,1,1,2,,,-4.06,-5.29,0,0,1,1,,,,,,,,,,,
1791311571,32jwCBFDWivWkr4vWNRBRDt9PwMBidzAwvatCzqLpump,RSI,4LKe4JE8B1Kkwva4gPGtz1Y7VF7snd9ifb5A66J5TnNK,pumpswap,1790705253,0.000003833,3915.75,3736,3736,0,0,29.28,64.31,0,0,0,0,1,3,4,5,,,0.18,1.06,0,1,1,1,,,,,,,,,,,
1791311603,ESEdbgAw2mgkVTPhCz1pbBbKdAmFAFgqu9i1gpsNpump,NPC,GaKQ4tPVxvZqTVnuApwnK4exggB3e3dJHGnw4b9bM8ft,pumpswap,1790703637,0.000002468,2650.27,2425,2425,0,2.8,3.32,5.65,0,0,1,1,1,2,2,4,,0.31,0.51,1.01,0,1,1,1,,,,,,,,,,,
1791311583,7GYk6spb1x9V3YS5F4qcARfhp242Nd64Dq1rhHCAmtb3,SI,82TFFee2RcuD64bvSma4A7gvaWt2GvZKPbf9csE2uHT7,pumpswap,1790707459,0.000003657,3841.91,3538,3538,0,0,0,4,0,0,0,0,0,0,1,3,,,,0.13,0,1,1,1,,,,,,,,,,,
1791311573,3VPoXaRcXxju8qgkVRN87UuXZxbdBD7zyaXPDqqmpump,SI,GnpvosiacUQbkxPPTFo2C79CX2qTuKgXAwHekyLJoDbe,pumpswap,1790709032,0.0007472,94732.09,700055,700055,1449.15,20978.11,99141.31,432302.41,19,8,146,80,576,448,2732,2430,-1.99,-7.59,34.68,37.5,0,0,1,1,,,,,,,,,,,
1791311582,6Vuz122BbhCoBSXLH94JdMamHAJhRGBKGJJ1i2TWpump,CROCS,GLAwM3VfovjbECk7k1Ujq1z6bvxZFb319VVeN3baHZ2b,pumpswap,1790705786,0.00001129,8348.54,11163,11163,0,0,151.4,592.61,0,0,0,0,5,7,30,36,,,-1.63,-6.74,0,0,2,1,,,,,,,,,,,
1791311612,HkzbDgdJcds5oZs4zMgmsJ5qGNCoKGuyjJi6YAgaFceB,SI,X1cZHHwZvF9yLiibvhJFEypss5W5P9ctmhL2zgcy9NZ,raydium,1790709635,0.000005446,6749.01,5447,5447,0,0,10.67,131.49,0,0,0,0,0,1,1,2,,,19.23,23.08,0,1,1,1,CPMM,,,,,,,,,,
1791311576,5DzdcJUwovmAUXMfrWgbhKmJ3RWmEtXwf7EEtuHRpump,PFSOL,GRsr6cpqjdBPFD4CvHwTkMhDkxcwvRxHdA9DuCC9MTmk,pumpswap,1790709709,0.000002946,3569.57,2858,2858,0,0,0,0.26,0,0,0,1,0,1,0,4,,0.5,0.5,-0.31,0,1,1,1,,,,,,,,,,,
1791311606,FuEXRwEWRuQVx81qEjA6YDUVZaa6qDbAqQuH72BZ6PsC,Quine,2d1afJkTms5CL9LcWPQGXeJrRQxzRiAU4JXvwWeiqfnL,pumpswap,1790741544,0.000004682,4559.43,4400,4400,0,0,0,636.97,0,0,0,0,0,0,4,5,,,,-12.71,0,1,1,1,,,,,,,,,,,
1791311595,BnAiH6Qu9cdL7gRvue8qbbE92CQRSqKox8UAtpispump,BabySI,EnnS1ZvUkowA96xbdFY8k5gzEs36CMnvqUPHKXTFzkmr,pumpswap,1790709835,0.000005254,4853.83,5047,5047,0,0,42.33,110.61,0,0,0,0,0,4,3,11,,,-2.51,-5.71,0,0,1,1,,,,,,,,,,,
1791311582,6d9fD5SxvN4DAG4SHQD8pebm8TM6XeSbYezPDjdapump,PINO,BHKyty1uDDxSwAkhkefn8ZwNQZjfQrmC672D2UW874dD,pumpswap,1790712208,0.000004335,3973.09,4009,4009,0,11.48,157.56,244.46,0,0,2,0,7,1,12,4,,1.96,4.22,4.47,0,1,3,1,,,,,,,,,,,
1791311587,97SkmPTaFH5zT4QD2KjSsmxaPmKG3PL9kxb3KMtsJwfs,SI,p9zx8yKoe4jFDmwhJ9LtpdorJmEMsSWvUmC6W7Zivng,pumpswap,1790712345,0.000004826,4906.31,4718,4718,0,0,289.75,523.71,0,0,0,0,1,4,10,10,,,-14.13,-14.4,0,0,1,1,,,,,,,,,,,
1791311586,8mnDxKCJUS59RzvesoYEk2ivtVhn5mBS2tmKj32ppump,XSI,Bs9YRoC3FPeKRv6odW24o2amyN4nPydV9tFbbXTBwPbB,pumpswap,1790712256,0.000003319,3476.53,3260,3260,0,14.22,17.93,51.53,0,0,0,1,0,2,1,7,,-0.63,-0.36,-0.67,0,1,2,1,,,,,,,,,,,
1791311575,4WPn1oGVE7rza6PjFJwYpEXZn6qtjwxEKkCV9EtAxhUU,BOT,B7nYoGHqCGoFRiPB4AoT1NqbqrFWJDfiEkD3WNXxSCnt,raydium,1790702662,0.0002495,64343.57,249599,249599,263.14,5213.66,66860.93,217746.59,1,1,11,20,299,229,903,751,-1.6,3.71,-11.91,-51.47,0,0,0,1,CPMM,,,,,,,,,,
1791311615,ViLRh6pY18yu81qQ8wFf7EMpZFXqJYpt6i4n7uCduRv,McPerk,2orwVWzHjocYyYPA4pfqS1sAUcWBREHJ8NmYygevbskx,raydium,1790711192,0.000002602,4690.61,2537,2537,0,0,0,969.07,0,0,0,0,0,0,4,4,,,,-6.96,0,0,1,1,CPMM,,,,,,,,,,
1791311586,8y2h8RDbF1FVKhcHNqaZFg4yJ5azXUyUeoByEAvJpump,NI,AZunHXFqFRyA2pEFxXA4XB3dH33DPcxSuXqt1tFFiCse,pumpswap,1790716406,0.000002664,2713.28,2585,2585,0,1.2,13.14,33.52,0,0,0,1,8,4,17,14,,-1.1,0.17,-0.32,0,1,2,1,,,,,,,,,,,
1791311605,FKfhzmbMtgbf1YwwyNMxtFU43MdATe5S8Pq2bsQ7uAHn,SI,54ZiExNDWV1GHiaCk7zVpygYN4QF583ARHSC147b1Dks,raydium,1790709669,0.000003182,4632.41,3183,3183,0,0,43.94,54.99,0,0,0,0,0,1,1,3,,,-2.3,-6.45,0,1,0,1,CPMM,,,,,,,,,,
1791311576,4o1Y8cxUaiaji4rowfm8x2FkyvMreN81ZjNWXQZxVSFC,CHILL,C4Nw9eSaZ16TEfC8GGSiGUqSxhuAbgWoREj4mPrGZ32T,raydium,1790712555,0.000006115,7547.67,6116,6116,1.99,2.46,6.1,121.59,0,1,0,2,0,3,1,8,-0.11,0.72,0.55,-5.04,0,0,1,1,CPMM,,,,,,,,,,
1791311600,DhVcpV6UdtMKATyQm8E6CvpJmy91HdPibe9s7uzkwYuN,SIF,HcQz4snRZv1UKJK8B4ZQEMCdDDtjU1oaBNXPZoudvhPA,raydium,1790716264,0.000007778,9593.08,7779,7779,0,0.89,123.1,2424.3,0,0,2,0,8,2,29,24,,-0.14,-3.73,-25.35,0,1,0,1,CPMM,,,,,,,,,,
1791311580,6M8CWurfztGraRKK7y6Nz7pavLabYC2LwNsUzaEwpump,STAR,3XXAAECxqczrq9HD43zda7qVhRva1e3yiETbiv7Vn6iL,pumpswap,1790717957,0.000002790,2800.41,2715,2715,0,0,0,21.57,0,0,0,0,0,0,0,1,,,,,0,1,1,1,,,,,,,,,,,
1791311615,pdXfXZJgFnwNivUFyAKCw1DjH2X8eiJsdzM8QLcpump,ECLIPSE,2VNyys4JvNXLgQqozFEiTXdBbFJJLQzwNWjaAevnu1Jx,pumpswap,1790737299,0.00003292,14679.19,30692,30692,10.61,603.9,5919.36,17154.38,0,1,4,4,50,46,153,163,-0.3,-5.62,-27.95,-45.17,0,1,1,1,,,,,,,,,,,
1791311569,2KfbhUBYFMUoJgocJ8Wh2SEuuizuw1Bi7SK4Q5FER47H,SI,GzZaRugVALE4Ue6cqV9fs9XqNYPaN13qpu67dBWWkoxP,raydium,1790718702,0.000007353,7198.74,7354,7354,5.9,5.9,49.12,1549.2,0,1,0,1,1,5,29,72,-4.02,-4.02,-1.13,-41.08,0,0,1,1,CPMM,,,,,,,,,,
1791311583,7Wh6rxVWUBFCNCWCz7nLaV7z3SDr2M6rFTjjWP6aE8p1,SI,DyVrHutNGpuGFgJzDxZVfpAUbUjo1XJdaN9aDLrfRj6P,pumpswap,1790718791,0.000007259,7492.98,6882,6882,0,9.55,28.46,673.2,0,0,0,1,1,3,28,30,,-1.2,-1.44,8.64,0,1,1,1,,,,,,,,,,,
1791311576,52KK9TGWqpSfanxb4rnBHWKtt9PTQ9MPncDkwgkP98Fr,P(DOOM),9KvmPGorUTovT7MxqusXYd6g2ChMz78ksEEUUJbMKbVa,pumpswap,1790719370,0.000009777,7505.9,9183,9183,0,312.95,315.37,811.88,0,0,2,2,2,3,10,14,,-1.17,-0.77,1.78,0,2,0,1,,,,,,,,,,,
1791311587,9SSe89entupJKK7bZ8WbaX1YY5b78CGUaUNzfGonst9d,S23,7tNGTSCr74J8ppxgNpz4nz5hFX2sjBm84p4ykibWgcje,meteora,1790886466,31.088,32418.66,170987377,170987377,0,0,0,169.96,0,0,0,0,0,0,78,41,,,,-0.17,0,2,1,1,DYN2,,,,,,,,,,
1791311588,9aqmJjCnnMQv42TXLk921ceUkN35nea2QP969n1caqjj,SI,7Nj7mBE7iVmjvnBHNvjgaz6G3ZktTHFNbf7aQDfZ7iNR,pumpswap,1790721877,0.0009352,135400.63,908185,908185,873.36,18689.18,107986.34,545610.18,21,9,223,142,876,656,3832,3029,0.6,-0.6,-10.1,-29.42,0,1,1,1,,,,,,,,,,,
1791311600,DtFkKBC3Cmi9j3SxBGRUd8gvBLw7nAasrvUJFB69yubM,SI,FFwYzQCxhGGeARtyDr77nsCHbXqSnKd3neUWKLaanwdc,pumpswap,1790721534,0.000007336,7116.31,7210,7210,0,0,0,160.56,0,0,0,0,0,0,2,7,,,,-3.5,0,1,1,1,,,,,,,,,,,
1791311596,CD6HVRQTtKarnXBsSYFageG8v2p6bpYigG5XHP7NCULT,CULT,DaEtdwaKktJwGEViMM8BHY2HpXAbkQhJ4LT75QXmyNA5,pumpswap,1790723870,0.000002828,2810.83,2587,2587,2.08,5.9,15.32,22.74,1,0,4,0,4,2,6,9,0.09,1.7,1.44,1.29,0,1,1,1,,,,,,,,,,,
1791311615,resideK2Ejv9apu1op2VBv89poumxCDCs8nzBxQ5q1y,RESI,Atwk3wi3U2u87n6c7gNdmipHKQgwJRM2c1qLXR3Z8Dbj,raydium,1790722960,0.00001241,11973.74,12418,12418,0,1.29,26.6,932.7,0,0,0,2,0,11,20,54,,0.56,-0.42,-1.59,0,1,2,1,CPMM,,,,,,,,,,
1791311582,6iAj2oywQMiD9NeyTcW1S7UtG7e3jSK7Ud5ZJDqJpump,HI,FdFVc4hkRieRp9kBKNJpq1FxJYZbqrSi8PRy21MQvR27,pumpswap,1790721331,0.00003924,19986.77,38259,38268,38.35,1260.9,5527.49,288113.29,2,2,33,23,127,139,3502,3221,0.36,2,-18.27,-87.62,0,1,2,1,,,,,,,,,,,
1791311593,BYaxkgDfkUApMgsXu4SiJ5yc6DTSfLxp6an3PvVVpump,SS,2dZavaJxjNCYKXDDFN7kqus1qAiiQhuMYefUvjGgpSLx,pumpswap,1790721326,0.000002632,2987.95,2594,2594,0,0,0,12.74,0,0,0,0,0,0,9,10,,,,1.41,0,1,1,1,,,,,,,,,,,
1791311595,C1C3YwhdXxcpeKchuth6sNjmvgQXSqnoRN9UXucipump,SURV,3q4cbvFTtdE411dTRXxSBCqz3pDziPSCzFSHArXXCP22,pumpswap,1790712833,0.00003213,14539.61,30409,30409,0,13.57,340.44,1159.04,0,0,0,1,9,2,23,19,,0.91,6.75,-3.44,0,1,2,1,,,,,,,,,,,
1791311591,AptNRGC5JrCgqRCFY8My2XvKPaEUCwDN53qjHcdxJXbv,ABUNDANCE,4KDAHN6TzL1ejUFPrwYk7pmkWLVfDTEjhcZyfJXJM85y,raydium,1790724202,0.000004875,5169.56,4875,4875,0,17.36,66.78,248.04,0,0,0,1,0,3,3,5,,-16.99,-9.21,-17.33,0,0,2,1,CPMM,,,,,,,,,,
1791311613,J47Jmw8ndwu6Vt6ZubD9C9VUVHi6uWsBE2XPsEjmpump,FKCANCER,GmidegQQZSu1GqxQKLmANEzEbHGCri86M2iQhY2ipidV,pumpswap,1790727007,0.000003088,3165.11,2995,2995,0,1.82,7.96,48.49,0,0,1,1,2,2,9,10,,0.57,2.07,-0.53,0,2,2,1,,,,,,,,,,,
1791311582,6e8LLHkqCTa4mzGuL1PoUxSfeHmDeceJ3DaJSSUNg937,ARTHUR,Ftejc2f8dKL9q9RmrtTen6aXPhNdbr8dvNvDbEx56p3H,raydium,1790725047,0.0002400,48195.5,240079,240079,37.2,4621.67,42117.16,152446.8,3,1,48,38,313,299,1022,979,-0.89,-19.59,-5.09,23.72,0,1,2,1,CPMM,,,,,,,,,,
1791311615,NFLX7qV57zuVxCoHy3s1jiGZyALraLNwttbxdvmYJLJ,NFLX,62sHycti7wLRMT16xA3cSpaiEiJCMBtjkLW2tNXUVmGL,raydium,1790712987,68.10,34569.3,387197,387197,0,1115.33,17962.13,43179.94,0,0,10,2,79,78,187,140,,0.18,0.7,1.56,0,0,0,1,CLMM,,,,,,,,,,
1791311612,HBfgHb4h5BTg2hgZaP4j7VXHMxGQUgnr4oDXESKXpump,Comando,ApJcvYTXyyR9pMuAFL9atFqFKSbhswd5Ua3ATySha3K,pumpswap,1790729292,0.000005083,4765.47,4928,4928,0,51.87,935.43,2245.23,0,0,0,1,9,11,16,23,,-1.52,-2.94,-5.85,0,0,1,1,,,,,,,,,,,
1791311617,tZb9aZdDRS95vVqoKgphYZQnGScFV1gdggctvsJPSob,SCAT,9hMG87VapAn6ViTZJrRJNPLV6gbD4UnLT6cPVcxTno9W,pumpswap,1790729481,0.000002776,2825.68,2678,2678,0,3.23,5.86,127.8,0,0,4,2,5,2,15,12,,0.55,2.02,-7.42,0,1,1,1,,,,,,,,,,,
1791311613,HweDNAX8tt1UJt3stdsDeErLjZu6J5L9j2JzH54HbYBZ,DAD,6DvpJ6ZMGnve3xmrNhZLvSrUCWsVs5uJU5v7YnEE6gh8,raydium,1790729988,0.0001249,33440.65,124903,124903,23.96,2458.36,10063.65,10248.03,1,0,9,7,46,22,47,30,-0.15,5.6,99.73,95.35,0,0,1,1,CPMM,,,,,,,,,,
1791311591,Agr56DXmmYX7wHcqvSGJweXFrSwGv3d6wbjmVqkxpump,TRENCHDOTS,BHoWTvcnb28VXMig6UX4Skzi4Anh745rhF9NDGkdfNen,pumpswap,1790735280,0.000006139,5818.83,5958,5958,0,14.19,22.1,135.43,0,0,1,1,2,2,4,11,,-0.48,1.32,5.67,0,1,1,1,,,,,,,,,,,
1791311583,7QNx9Me4nVvJrpcqFfvLs6ArNtPGCBwW7vAEiu9Spump,SUN,FgWrp3PkLWLF2doYX4xHPTP3iLJXgsBt92aAdGNx4tE2,pumpswap,1790732999,0.000002700,2772.78,2593,2593,0,0,2.65,30.63,0,0,0,0,0,2,0,5,,,0.94,-1.61,0,1,1,1,,,,,,,,,,,
1791311571,32jbu7pyiNeKcddMAc46fHhyoGm3Qa425fDwuupjP2Rg,NUTFLEX,2vtbPb1FPaTCCCC7VHsPRnu3fEzVv6NP6gnrMLZJaJ7E,raydium,1790727805,0.000004783,7136.68,4783,4783,0,0,4.95,133.07,0,0,0,0,0,2,1,10,,,0.61,-5.9,0,0,1,1,CPMM,,,,,,,,,,
1791311589,AA1hANzAbftBU32KQCYfbsYnyMqA3uGCBeek1ZE5pump,cum,5jhXPqPvGQKtspx6J3axURScWQucPn7rzYj2XLLghKdU,pumpswap,1790733583,0.00002073,11350.46,20159,20159,0,0,27.54,2017.01,0,0,0,0,1,1,15,21,,,1.44,0.21,0,1,1,1,,,,,,,,,,,
1791311583,6xCiwkREkYzLdnDcCV9uS3hBZidXuwkc9L9c67dQSTNK,supercycle,EGsGQN6dMCLd13Hpcj8pDCQH7a4NBPn3Mc4FuPbBnRMo,raydium,1790731754,0.00001009,8086.53,10097,10097,0.09,424.87,1434.87,6596.3,0,1,4,5,27,34,109,143,-2.1,-14.87,-3.11,-32.63,0,1,1,1,CPMM,,,,,,,,,,
1791311583,7PnnmFGcWzwWs5tLaRfTjLSw1s4AJGdXbu3kyUkApump,LionDad,6KrMGwFTAnKvMwZBQFNwcn2Z6W3CdqHT9ewSZGLNodrp,pumpswap,1790736623,0.000002672,2685.6,2574,2574,0,10.78,41.12,173.23,0,0,5,5,15,12,62,69,,1.18,1.74,-3.52,0,0,3,1,,,,,,,,,,,
1791311589,ADh5bGPJ3vEL7Vds69sec8CzyxUPWguMfhmuH9Rmpump,Chudlon,6VZgPjmxyMmceMM33dwNEf9kV5Avv2ByJQGk6HDnFvvi,pumpswap,1790734285,0.000002694,2838.61,2552,2552,0,0,4.2,156.81,0,0,0,0,1,2,2,5,,,1.03,-0.34,0,0,0,1,,,,,,,,,,,
1791311615,Uh722GCeChAY7EgbGFMhK9TX1SMsUuYnMpw42Bnpump,PUP,6AQrtVqCtWTdKiZ8N2pT2mnpgFmUSngxajGZhFzo17G7,pumpswap,1790737298,0.000002577,2576.52,2418,2418,0,0,2.95,6.57,0,0,0,0,0,2,0,5,,,-0.66,-0.09,0,0,1,1,,,,,,,,,,,
1791311580,6FGnCoQQWmZUQuEgLV4Wtdhw9mLRwi6g5Q4rLS2ipump,HI,3J5QRMtKXuh4aETtiwHzJxPwYhN8qMu8KPCa1LxLEgNS,pumpswap,1790735434,0.000003453,3443.73,3341,3341,0,0,0,14.1,0,0,0,0,0,0,1,1,,,,1.58,0,0,1,1,,,,,,,,,,,
1791311615,WApCdQftZcRUNHN9S2XvmrqeRtRASE3EZxnwuNJpump,HALLOWINU,6oFYqfsSqApyhS1XN4VBB9uA5GpdAMp7RjiPMszXbUJi,pumpswap,1790641667,0.00001344,8926.17,12763,12763,0,43.67,663.82,18922.56,0,0,2,4,16,25,217,198,,-0.63,-11.22,-26.67,0,1,4,1,,,,,,,,,,,
1791311573,3b5fTE5NyvCtMgKcDkvt4vUW2KDc7mgUSW8a8XYVpump,sendor,AfGTgT5ukB1u2AZ7RRPRvvwNCKzSA43Lpk4iBcXhg1Dd,pumpswap,1790738085,0.000004074,4197.21,3521,3521,0,0,10.14,18.79,0,0,0,0,0,2,1,5,,,0.27,-0.32,0,1,1,1,,,,,,,,,,,
1791311591,B4eEfy7nX3hcAcH7dCYtahCVFiPXgpNSroZFhJZTpump,dotbook,D8KFQfjiMB8BoPNvSdHtmegQsXwCqdN6kRYokFD6VB7Y,pumpswap,1790735784,0.000003028,3111.96,2933,2933,0,0,4.37,4.51,0,0,0,0,0,2,0,3,,,0.33,0.33,0,1,1,1,,,,,,,,,,,
1791311582,6ZG6fMHaE7NpubJr16G8nFLBg91rH5kU5SVpqUmQpump,AIRPAD,4ApFQYGn4X18tCFwXV6PVWYmfvvJPm2jTs5yhdYvdSeM,pumpswap,1790737717,0.000004232,5429.13,4205,4205,0.57,2.12,3.76,66.85,1,0,2,0,2,2,6,14,-0.06,0.88,1.14,-0.51,0,1,2,1,,,,,,,,,,,
1791311588,9a2vQG6eQGmdJqvrVuAtXpvMQMokhLf7FHW1QJGHFvWi,NUTFLEX,Bz5Y8vjQ2jwriNmFZYkb7wMdzfova8SQfcF1Dp5yqFB7,raydium,1790731242,0.000003434,5802.13,3435,3435,0,0,0.46,39.32,0,0,0,0,0,2,2,9,,,0.86,0.41,0,0,1,1,CPMM,,,,,,,,,,
1791311589,AFBH55QbRV4u6ipkxHPJZqZdUwnr7UTX232ZYhFCpump,PRIME,4ZCxAsQAvtuCSsWKq3Yjhu6d9wfxBcGLsW7uJ6nqUbgP,pumpswap,1790739942,0.000002670,2652.24,2515,2515,0,0,0,120.32,0,0,0,0,0,0,4,1,,,,-5.55,0,2,1,1,,,,,,,,,,,
1791311582,6f2RHqHu2bAcbEtMYtH3ZMcVfSaZPJsiPigrd4yRshyb,ETHFI,EdUXP9wMp2gjArnRAFEC54A9dbpwntUM5wwL7mZZZQc1,raydium,1790742034,0.7703,770055573.94,770368000,770368000,0,12.78,68.96,272.31,0,0,2,2,8,8,32,32,,,,,0,0,0,1,CLMM,,,,,,,,,,
1791311597,CkEhC9Knh61GTBMi7KMFa5Na4Na86VnZVi82qZyopump,KAEDE,7MQHHN3iv7S41WYk44frReNsjM7sRnFXXxPkqdmq89kH,pumpswap,1790741842,0.000002493,2565.17,2401,2401,0,0,11.5,22.4,0,0,0,0,0,1,0,5,,,-0.12,-2.03,0,0,0,1,,,,,,,,,,,
1791311603,ETneXyW9cy26bqTQ2Y38Nj6JUfKmzM4pwwqi2VeDpump,VeilPay,HRgttKGffKurPHEoRDguCeis4piS9gXkqe5sxZVcXshh,pumpswap,1790755322,0.000003159,3060.28,2988,2988,0,0,0,55.83,0,0,0,0,0,0,13,20,,,,-0.88,0,1,2,1,,,,,,,,,,,
1791311606,Fba1XgGz8t44FAGeqrXFMkPVfjsWXG6eLnrAJECnSTNK,SLOP,7HzYi61Zrb8VXUr3o6dMB3ySqNif2exQtxpky3c9BaqQ,raydium,1790742843,0.000003808,5519.82,3808,3808,0,0,122.14,597.36,0,0,0,0,0,1,2,6,,,-8.2,-10.12,0,0,1,1,CPMM,,,,,,,,,,
1791311602,EDETAdjB1N8AARfoWWTwxeUJiNFjGAEhBv1JBePnagoh,POTUS,BoEM6zfdAKAXGMF2abSqYvJLk5jbC8RwV1Kr4ViBehr7,raydium,1790739633,0.00001750,15202.31,17505,17505,335.43,459.79,883.57,21942.23,0,1,0,4,11,16,151,138,-8.04,-11.12,-11.03,-51.69,0,2,1,1,CPMM,,,,,,,,,,
1791311600,DnC4X2axdTNZLofsap7r6EwR6YGEehxfw5t5RcR8qGnH,iPet,8KUWuSnGP4FKhKZXmGLT1DL9gYKBX3dZa7uaHNTTvwWd,raydium,1790743306,0.000005640,7369.48,5640,5640,0,0,15.26,243.63,0,0,0,0,0,2,1,7,,,-0.82,-7.61,0,0,2,1,CPMM,,,,,,,,,,
1791311605,FMjzvhNVHtyEZnC5W2CgwTy7vpeWor1ZGmrsx7HkCGWs,3310,6zdhaYg7yz64vxssnTpuZ9h412mmb6GARguSrjd2FkWW,raydium,1790604738,0.00001065,10550.2,10657,10657,22.76,22.76,475.11,1556.92,2,0,2,0,4,2,14,11,1.4,1.4,-9.53,-18.89,0,1,1,1,CPMM,,,,,,,,,,
1791311574,486U4LyqMsHUvCwNrxXDgZ94BZNuCJ5rPDEkssC2hJi9,BMI,3XpVuSzNjACcmWi8mA9s77ZaJYpJVVbQDdjPxSfr2C58,pumpswap,1790746712,0.000002951,3132.45,2862,2862,0,0,6.74,7.35,0,0,0,0,0,1,0,3,,,0.36,0.08,0,0,1,1,,,,,,,,,,,
1791311583,7tBaEPen3FXpt4DEkXrnEbPKeDZRK8f5fHSBWYqqpump,FZ1073,CSQ4yvMpgdL9n5HBNFac45Qk6tkFMdPPCyYhL1MpDPCn,pumpswap,1790749171,0.000003302,3649.02,3178,3178,0,0,293.66,410.9,0,0,0,0,0,4,2,8,,,-17.65,-21.68,0,1,1,1,,,,,,,,,,,
1791311574,3sL58KKh2QdNSfN9VRz8bHGGU5zStdfManVHCTkhpump,PI,HEs7k4Q6pFKWx5ExpFvxfowoe4YaAfg7ZApeJdbGtPKD,pumpswap,1790749673,0.00006471,27357.24,62449,62449,0,941.01,3318.19,15579.31,0,0,12,5,40,31,203,129,,0.2,-1,-6.84,0,1,4,1,,,,,,,,,,,
1791311573,3pZt8USPo3VUzzS7AkpM3QrFqdss7R8dX4QpurPtgrcy,FI,CGRfumVijG2y4a9e9V3c8GgUmCzHSkAJz742v3XJ3GjZ,pumpswap,1790753691,0.000002403,2405.59,2276,2276,0,0,4.37,8.74,0,0,0,0,1,2,1,4,,,-0.05,-0.34,0,0,2,1,,,,,,,,,,,
1791311591,B4KsyCAcB1hgXkswX8tmMJk4JX8aH2z5vWzZYSPgpump,GOCARDS,34Ah2TsHnspXNYq1GVXU5YkYhAP1JqqoQpTgNQhp1kou,pumpswap,1790752920,0.000006176,5792.44,5914,5914,1.28,1.28,11.61,33.83,0,1,0,1,1,4,6,11,-6.91,-6.91,-3.59,2.02,0,1,1,1,,,,,,,,,,,
1791311610,GJNoDukcP1cwMNgx84c8ibaTAkgnXxQDwAf2U3zjA3C3,Neko,EAbygutpwRG7r2Lu7xrwf7ykmQVmva1Y6f3jT5aW9sPU,pumpswap,1790751582,0.000003585,3548.25,3477,3477,0,38.75,38.75,43.53,0,0,0,1,0,1,1,2,,-1.97,-1.97,-0.81,0,1,1,1,,,,,,,,,,,
1791311591,Av6wmbqNiowHpmHx7J2j9mnuUcoey4fdkTkFwgVzpump,swarmdots,8azt6UrS4Pxb9ow4EZYQJSGxC1SU895vPGxLkcaqdaQf,pumpswap,1790751856,0.000003641,3765.78,3494,3494,0,0,0,6.35,0,0,0,0,0,0,1,2,,,,-1.35,0,1,1,1,,,,,,,,,,,
1791311576,4p4bAN4P6pdPW4o5BcdDWWRuJGyvEWDY8uSsHX23czv7,APE,TMerfsWqurc2DoZJaE24Mkc46eYBSZVszKaWzX9NRw9,raydium,1790755415,0.000004256,6636.77,4256,4256,0,0,98.84,517.46,0,0,0,0,0,5,3,13,,,-5.61,-5.93,0,1,1,1,CPMM,,,,,,,,,,
1791311576,5FQZRyHR2jcn7Z1HZd9F8iyBWFPFKi6pxicXoHRNpump,Inufication,CojwEcmhd4c5p99ZkGispiZ9755EBv66MpuME2vmSeP2,pumpswap,1790756094,0.000002893,2841.91,2492,2492,0,0,0,0.1,0,0,0,0,0,0,0,1,,,,,0,1,1,1,,,,,,,,,,,
1791311602,E7Eb6WreLwessrefQ4ooXcqgwKQredJq3KBHbt8bYpYH,Watermelinu,8PkSCGCEgzPNqYFiXSo48ZQu4Ykcqgt4PY9uQSD8T6q8,raydium,1790753962,0.000003864,6396.91,3865,3865,0,1.7,14.66,153.65,0,0,0,1,0,5,2,11,,-0.33,-1.16,-8,0,1,1,1,CPMM,,,,,,,,,,
1791311595,BuXkyz4FJRpdh3jTmLYYAZUffqXt6w3J2LgfbRJzpump,Grail,7zto6sEiUSGQbGXhAXSGT5987qbHqC6hU4a2RcUuGaEB,pumpswap,1790757846,0.000002570,2621.82,2471,2471,0,0,0,0.66,0,0,0,0,0,0,0,1,,,,,0,0,0,1,,,,,,,,,,,
1791311569,26RJptVLvch6Zu2pm1Ftv6UYhbS1gLFUc7M7VP2Gpump,INUCYCLE,6fmEKZFSZcVS1CdQReCsrtRzVMXvXsbaantdH3f6mo9v,pumpswap,1790761207,0.000003138,3079.83,3016,3016,0,0,0.16,36.89,0,0,0,0,0,1,0,4,,,0.43,-1.26,0,1,1,1,,,,,,,,,,,
1791311586,85FZWfPr3s8VErzHdaaC4EdTedSXmhBDgzoJBGLDpump,Yaniv,2UGFR3svjFgFa3h6kHPSi7EBhvCzGkLxeytRny3PpmHM,pumpswap,1790760032,0.000002902,2869.92,2744,2744,0,4.09,4.09,130.36,0,0,0,1,0,1,2,6,,0.47,0.47,-5.74,0,0,1,1,,,,,,,,,,,
1791311602,ELXWi2EhoYbk1MuunPP1K4Fjov9AgQh6t1MQcptApump,TAIL,6Kqu3Cwipb56wZoxXaXijuctwqkyaZjpnzsrGeQBLsds,pumpswap,1790758327,0.000003091,3038.2,2740,2740,0,0,4.14,6.98,0,0,0,0,0,1,0,4,,,-0.18,-0.2,0,1,1,1,,,,,,,,,,,
1791311603,EbJJKtnawGPhfgthRrwsyDgrCc1smGUUYbK5WNAK5E1N,Gingitsune,EvXgqzUT6sGd4iz7mE8nYH32WZK1aDEr9hWXhoGkXfmZ,pumpswap,1790762968,0.000005197,4844.85,4982,4982,0,12.37,101.19,3789.45,0,0,1,1,9,6,85,66,,1.09,3.33,9.38,0,1,1,1,,,,,,,,,,,
1791311569,28A9yL6RB6QKPy3hLonSbGKt2gWHucgCHbEByPp1Mf95,TI,3utUuvoyebJEoiJET7ydJ8ohwQ5MFZ1fA4Hh3bZvTyDM,pumpswap,1790762527,0.000002670,2734.72,2581,2581,0,0,0,2.33,0,0,0,0,0,0,0,3,,,,-0.61,0,1,1,1,,,,,,,,,,,
1791311615,aD2P7HNY4F5Pqp6QcBWEDAkEgcT1QqPUsafajS1AAea,QRCAT,4X16MYgMBAf9uW6X4isJzTumBXhmF7WSuRJf5S7M1viA,pumpswap,1790763094,0.000003258,3362.9,3057,3057,0,0,2.63,4.78,0,0,0,0,0,1,0,4,,,0.17,0.44,0,0,1,1,,,,,,,,,,,
1791311589,9twiuSdTVkwtAC9XQDG57dFRhF4iqPih461HJfMZKci9,Saw,ATrJhrc46UkY4gTmJry2SUZvtaLJX3LydBufPnkWHTC3,pumpswap,1790766389,0.000009351,9039,9193,9193,0,0,471.96,818.34,0,0,0,0,9,12,19,41,,,-7.79,-13.28,0,1,1,1,,,,,,,,,,,
1791311612,H3vfXFZfFQnba2NV2seTMBdY92yLK2VJHsppUzYv6ua,GENNYWEALTH,HnFFnT64a5YYSUgNYt4Kr6qvVFr4FxbYLMngTU7kjWLH,pumpswap,1790767464,0.000002470,2546.89,2409,2409,0,0.59,8.28,18.81,0,0,0,1,5,1,8,10,,-0.97,1.48,-0.94,0,1,2,1,,,,,,,,,,,
1791311587,9EPCWPC4eqhYXKeL8qgAUgSzrkvvk1D4ygayeVnw1vsS,fudcoin,DJeDBGYfPwu12BPHyjQoayt1o5Eh27dkvLRdxVaWB8eX,raydium,1790768590,0.000002438,4500.68,2439,2439,0,0,0,64.35,0,0,0,0,0,0,0,5,,,,-3.93,0,0,1,1,CPMM,,,,,,,,,,
1791311586,82MP84Vjfxd21VHup3jjfJFcsr8SAji9MHy7VHCeSTNK,CROOK,4xBbEPDybPz2Pn5wUyte271C6rt1vvLosHWvQW3QzHxh,raydium,1790771243,0.000006057,8350.93,6058,6058,0,0,437.34,2092.57,0,0,0,0,6,9,22,42,,,2.33,-30.56,0,1,1,1,CPMM,,,,,,,,,,
1791311605,FUuH1aufXBQQwUJGQPErV9Pa7d1dvv4iuRhrf1A3fvR3,terrafying,56cvMnUZnZzVDa4c4bWctU1sMDiKApdFuDLXS1r5Q3Jv,pumpswap,1790765922,0.000003613,4161.19,3511,3511,0,0.95,13.16,128.92,0,0,0,1,0,7,3,17,,0.21,-0.56,-5.36,0,1,0,1,,,,,,,,,,,
1791311571,2e7TzGXZfJ72jxviM6kxqWVbH3dndh2TrHzwg3cZpump,Pain,GeHprCgwQrbWS97e4JZQZwBBHWy7zJtqx6ijKoeCorkQ,pumpswap,1790769450,0.000002809,2794.38,2653,2653,0,0,17.02,59.74,0,0,0,0,0,2,1,6,,,-1.06,-5.21,0,0,1,1,,,,,,,,,,,
1791311596,CFvZVEqFDbtM7uVbfHtNr2AFgrKfsDJmC6domGmmpump,SU,5kwtYFTJ9NX2HChkBwnhe94pemyesh79HxCN11wdHi4D,pumpswap,1790778198,0.000002926,2870.11,2716,2716,2.78,18.52,25.83,54.65,2,0,7,3,7,4,16,13,0.29,2.23,2.01,0.42,0,0,1,1,,,,,,,,,,,
1791311615,r4i2PJiJBABUXQNmh8UxbdLBAwTsRTZs4t4V3Gfpump,COMANDO,7N6kV54HiBbAvNUYuoc3DXhWxDzJSFZUrKN2o51Sawy6,pumpswap,1790770749,0.000002510,2638.19,2424,2424,0,74.01,77.95,81.18,0,0,1,2,3,3,4,7,,-6.8,-4.72,-5.07,0,1,2,1,,,,,,,,,,,
1791311578,5Sg1vv51KGCSDF2gBHgbNATCEXFjYtVhWgztNUwtgJYD,HERZOGIAN,HvZwXKakSprc6EA3qiDqjy89DPYNuuXFPFZQ6GE8mBoy,pumpswap,1790776412,0.000002408,2440.02,2323,2323,0,0,0,16.3,0,0,0,0,0,0,0,2,,,,-0.59,0,0,1,1,,,,,,,,,,,
1791311586,8XJgoo3yrkEBh84sx1dtysmznWG4V9Q5PBVVbs2tT18J,PIKAPOT,HvyKKmaZ3TDEMQXPwmcABCHCN6Mx3jo1RnWGZTCL3QWu,meteora,1790776701,0.000004675,8004.99,4675,4675,9.71,39.39,291.37,299.26,1,0,8,1,20,5,20,9,0.31,0.76,12.59,12.2,0,1,1,1,DYN2,,,,,,,,,,
1791311596,Cb2pMbsRRvaeZoxpRqnTP6k6hLziSUf5pnqW9Jx5T3Wz,SGI,H2zaAYAEcyCK2h2NdyrzzToo8yhEjYJLdNo4A9Vz2RkJ,raydium,1790775436,0.00002181,15955.86,21814,21814,5.19,287.32,2647.27,7763.79,1,0,1,4,35,22,88,66,0.13,-6.62,5.86,-24.1,0,0,1,1,CPMM,,,,,,,,,,
1791311610,G9Q51Jf7SYer6xv83UCa1myUCTcivMqAEVvUhA8ppump,BAG,6Epj2rWCAfqzhMKWHJE5RQjJ6gKrjUZF3kVVPfqWqRxH,pumpswap,1790793837,0.000002591,2572.79,2374,2374,0,0,0,29.79,0,0,0,0,0,0,0,2,,,,-1.23,0,1,1,1,,,,,,,,,,,
1791311615,RuDKzjxqfv3Tq3X6dqSX1JrphXxXV3xntwPNdFrdDvE,HERO,642EHMvBRtryZZs11kC2RkbR6nF7BrYEm5EuszsGy3Go,pumpswap,1790775144,0.000003353,3248.97,3165,3165,0,3.32,52.09,236.08,0,0,1,0,2,1,2,4,,1.9,5.31,-6.39,0,0,2,1,,,,,,,,,,,
1791311582,6hatGWdZbBFuLuicNXGRDStqkGN9mAyfZBTkusUrjLoM,DOTS,TvqCrL7NPCW5sK2qWGLtSNaciB3E7gDtZijfVNZMVxi,raydium,1790776725,0.000006215,7449.66,6216,6216,1.96,1.96,3.51,7.81,1,0,1,0,2,0,7,2,0.1,0.1,0.69,-1.11,0,1,1,1,CPMM,,,,,,,,,,
1791311571,2PuJ8eLNWeHLhG5YR5SD4mNwkQGduBiW2CWPuYq3vUPy,FLOYDEX,3phDmoE4yJF5abDCHawnPQSpGex7MeQe812fAXqV2bG4,pumpswap,1790794690,0.000002948,2884.39,2695,2695,0,0,2.37,2.37,0,0,0,0,0,1,0,1,,,,,0,3,2,1,,,,,,,,,,,
1791311605,FU36e3gRF3oJUgef7Xn18JPUQRuN548S8PhL65rECaYV,SARKA,ALxHEmdDGZayJJVMqiL8ecm8rkRNH1wvJvoSj9kT8Tve,pumpswap,1790777589,0.0001462,36894.72,138980,138980,226.8,1285.05,35648.03,201295.26,1,2,12,12,225,212,1419,1233,-1.64,-4.63,-20.69,51.94,0,0,1,1,,,,,,,,,,,
1791311586,8acLTgfVBH5zExB2ez3kE3B7xH2xevsRusii7d8UfdPc,mINE,Bhvo33uf2RH7tFufWYsgCMYz6MZkbsRP3qmmdz5vPFeD,pumpswap,1790779282,0.000002684,2662.96,2503,2503,0,0,0,207.82,0,0,0,0,0,0,2,11,,,,-12.08,0,1,1,1,,,,,,,,,,,
1791311593,BRJmyGPcHmNxLvFrTquYRTigUHuhirs3WQSh4bpLtS8H,ENERGY,4aRbBUVsAHyurhK4YeCHG3JpWStgHuJko3jtAkMd1eFm,raydium,1790780554,0.000003497,5534.19,3497,3497,0,0,378.72,378.72,0,0,0,0,1,11,1,11,,,-19.96,-19.96,0,0,1,1,CPMM,,,,,,,,,,
1791311587,9ADdpSfz2kbsCndjCoLFWq8fRx3Tt21iRnZPTwghpump,DRAW,7fDzQw3fMXbYeSGTdb4ZXUjghmGzu4ztK2485nDU687P,pumpswap,1790781538,0.000002524,2630.73,2457,2457,0,0,0,1.92,0,0,0,0,0,0,0,2,,,,0.05,0,1,1,1,,,,,,,,,,,
1791311578,5dw5MXrnW4wbqerxhUr4jAg92BeRjnux7Nf5RKHhpump,REV,4FgGgugQJXpxY3ZN1cjXLJajYECakM86W6BDcwC2mXV9,pumpswap,1790843817,0.000008222,6290.29,7866,7866,0,0.08,262.24,3218.08,0,0,0,1,14,4,47,35,,-0.37,9.19,-17.05,0,3,1,1,,,,,,,,,,,
1791311574,4BZ8LdoevaanYBxEZivsSiHv9Jx1zjABijKPzwDWupLA,JADOODOO,Gc8C4nst9kmY5CncCBq89TLE6PuuXDVAMibeF9hjb2rg,pumpswap,1790782975,0.000006644,5502.5,6242,6242,0,100.22,5703.17,6550.86,0,0,2,3,55,35,61,56,,-2.84,5.35,-18.67,0,1,1,1,,,,,,,,,,,
1791311587,8zWcEgUZvQKcHgtUoYTnaC6AHX7FmtWVV9WeM4kPuXMR,COVERT,HqAcDG5dGaWX7PRLobb8zRMVnAE2KH5Co2Tg62jBirr7,raydium,1790719987,0.000006625,7006.37,6625,6625,0,0.15,320.06,1079.11,0,0,1,0,5,5,15,20,,-0.17,-14.82,-34.75,0,1,1,1,CPMM,,,,,,,,,,
1791311617,wTv7FZouuPtAab3i5sYH8xwaZrvxahG6zrirwW8dare,DARECAT,6Mm1b4gwWQKAG31b3zwcfM4anr8eJp7ABVk4qRTQJL1A,raydium,1790779952,0.000004220,6899.44,4220,4220,0,0,0,358.78,0,0,0,0,0,0,0,9,,,,-10.97,0,1,0,1,CPMM,,,,,,,,,,
1791311612,Gu2bpydt5bHVHtko5vvsWH5KQUT3Wxvt6hzYvKdND6ur,si16z,Vptu7kbcUHWNHKSCw1Qn1MhgP9fqKmQnTAzTqETCAs5,pumpswap,1790784420,0.000003394,3514.03,3294,3294,0,0,4.17,50.65,0,0,0,0,1,2,4,6,,,-0.8,3.13,0,1,1,1,,,,,,,,,,,
1791311596,CJS2EN7zGiZhVAYXsHqdXQJvNk8niiH2ZR9oWcrNpump,Arthur,9MPbUqaHVN3QMEkDQS5PgsuKcbsUkygq4cVkE1jM7zjQ,pumpswap,1790783228,0.000003202,3576.01,3138,3138,0,0,0,17.56,0,0,0,0,0,0,0,5,,,,-2.29,0,1,1,1,,,,,,,,,,,
1791311571,2Q8GA37vB3LfTJ4KwLFbPDCvJWTSohsQz6XLKSTSDyhg,SLPY,8ri7XZPaKZjwE5SwVM74ycUszNi8kizLqa9oSkkyZjTx,raydium,1790786119,0.000002381,4527.26,2381,2381,0,0,0,40.96,0,0,0,0,0,0,0,2,,,,-1.79,0,1,1,1,CPMM,,,,,,,,,,
1791311615,mXrsF4j1M4SoLvUzq9MiPN2xpGE21kDR2bTSdZipump,BSI,AQcFvbNB8b3hBtxdz6sM7FPPswPwrm25rFLDF1zetpkE,pumpswap,1790786591,0.000003649,3493.03,3351,3351,0,1.12,3.83,13.56,0,0,2,1,2,3,5,7,,1.45,0.55,0.32,0,0,1,1,,,,,,,,,,,
1791311597,CdDrjtJTC9JELJPZNdzo68r1ixGZfndMo1r9hFZFPdEn,LONG,CncNKe4cvaFFX2AX1hRcqiExNekr9RzQn71kahM53S2Q,pumpswap,1790785458,0.000005211,5196.73,5096,5096,0,0,165.89,224.52,0,0,0,0,1,4,1,6,,,-12.02,-12.13,0,0,1,1,,,,,,,,,,,
1791311600,DtNL8UUfTHsgzLV1mH171p8hH6mgzq7W66eXMYCekHZG,SI,732i71A4H76vpajPaJm6VvfCufBCBXoSDovrrwDhfRij,raydium,1790785167,0.000002960,5058.22,2960,2960,0,0,7.64,121.28,0,0,0,0,0,1,0,6,,,1.04,-7.11,0,0,0,1,CPMM,,,,,,,,,,
1791311593,Bd9thw3PAeyHeBGSi4R1ARBuptpG5rM4fhB8BRWJkq1e,glungus,7brshHG5ijCodns6PUiA4qWMjqDLowtQE7x1ghwrDZag,pumpswap,1790671701,0.00005730,21546.37,54577,54577,111.6,7855.36,65272.75,210382.73,6,5,61,59,642,491,1926,1537,1.29,0.46,-47.6,-58.32,0,3,4,1,,,,,,,,,,,
1791311602,EH9vKKVJJoxULovwZZ5seSot3ofdpeMTxWjE9tCSpump,ZI,8e56Qs85AJMfSmQGwTnfxC4V4swV54rmzSRUndqSGYps,pumpswap,1790791766,0.000002626,2603.33,2505,2505,0,0,102.05,123.62,0,0,0,0,4,3,4,6,,,-0.02,-0.86,0,0,3,1,,,,,,,,,,,
1791311605,FWQf2kYPxWbggMj5w84H42gSdPcbgDwjt9uwUyYnpump,BI,3Qniv1KQjeredfait1yrbNwxn5hDYAYThMzhqoPYNZuB,pumpswap,1790785740,0.000005735,5081.78,5543,5543,0,23.89,526.58,769.32,0,0,2,6,10,10,27,28,,-1.19,10.31,16.47,0,1,1,1,,,,,,,,,,,
1791311589,ALdiS7dN9HaRVbFmFaQw4a1evUxUD3r3M8vTc1HngW2u,BI,4WdgSAnovHp7fiZXNAbZXhzZMVxBkp4bVZWRMGwdABkE,pumpswap,1790788427,0.000004564,4741.63,4482,4482,0,5.01,16.78,653.47,0,0,0,2,0,6,11,23,,0.01,-1.83,7.34,0,0,0,1,,,,,,,,,,,
1791311582,6ZEaWsvHJ5qeXgaDodZGvPZj3Nxs9ErCt2NkYYt1LFPv,PeaqX,C2qfTYrZ8C8wtQkACigdoEpuzbBwWU1xzEbVbrYkDYTo,raydium,1790734558,0.0001012,28856.1,98168,98168,0,210.45,5205.79,16481.48,0,0,2,4,32,28,101,103,,-1.77,-3.36,-19.32,0,1,2,1,CPMM,,,,,,,,,,
1791311612,H4r1pbLaDK7bsJLinP32fYqFBBP6CKJPDdEN9kWJk2MV,Private,92yWnKKTzE2Ku8e3ehnSo5Lu6aufXE7dpHpicEWNToyy,pumpswap,1790790931,0.00002341,13461.59,21982,21982,0,442.26,5610.56,15420.39,0,0,1,5,56,36,178,157,,-7.18,23.26,72.51,0,0,2,1,,,,,,,,,,,
1791311604,FACvJMFBWQ1GYm9dgZ7XHvs85V1EcK2SqHf534kspump,ZYROX,DA5uVLo9YU7wrS8ehuu61ujQkRzGGXSQ2oGdZRn861yg,pumpswap,1790788686,0.000003433,3471.23,3387,3387,0,0,15.16,21.22,0,0,0,0,0,2,0,4,,,-0.38,-0.6,0,0,2,1,,,,,,,,,,,
1791311603,EbHLDHnVB8cUTitL6X6eRVZM2E2kYAz6Wy7qRHu4pump,SC,9uaMyC8LYrNjEDUV9hfWxDcM45wvf9NpiX4V5tfYet7,pumpswap,1790871154,0.000002850,2801.9,2714,2714,0,0,2.47,6.39,0,0,0,0,0,1,0,2,,,0.67,0.67,0,0,2,1,,,,,,,,,,,
1791311596,Ca5RnSFTTCrJ4khNnPAWVvozytYhHUg8PXnzdsnxoP95,zilli,EUqKY6xx9EFexL8mpZEQbxXCnFd6D8mXhgkMhvukwvKm,raydium,1790770303,0.000003139,5177.99,3140,3140,0,38.4,75.8,77.76,0,0,0,1,2,3,2,4,,-3.67,-1.25,-1.25,0,1,1,1,CPMM,,,,,,,,,,
1791311595,BrLhG5DpphFZHE5hhhjY2iZ4HFAfu7e2dXB2h1Czuvba,gs,81vrem5VTEKFDKrYFS9Z54EBXjJvQbgAibz6RZigohWi,pumpswap,1790789368,0.000004019,4056.62,3936,3936,0,118.84,164.37,334.21,0,0,1,2,1,8,3,18,,-2.87,-4.77,-10.02,0,0,1,1,,,,,,,,,,,
1791311595,C5LjFTBeszZEZsQfgwawF4rzdupygG48ATcaj5zcvom7,UI,DzfnubcByqUwVQmVdxeZtdVwN6PNcacoKZVbyobUmRpg,pumpswap,1790792596,0.000002997,2930.42,2647,2647,0,0,5.99,7.35,0,0,0,0,0,2,0,3,,,-0.86,-0.86,0,1,1,1,,,,,,,,,,,
1791311593,BHFHzyjNrkf3brSktJSv5nqfS3CLVTueZSqGf8mbpump,CA,FqegzzBsTiUr93vSD5BdoJGuSmrR469FWuKzS8ftjcPT,pumpswap,1790791994,0.000003054,3288.83,2988,2988,0,0,18.68,95.51,0,0,0,0,0,3,2,12,,,-1.25,-4.21,0,1,1,1,,,,,,,,,,,
1791311615,VSoFduVq3HP7iYZ9H1EruWpdwfGpTcURPwgGwyCS48f,VSOF,ASw2apjb4EvS7zxq1BGtX9wXBBMYqUr5PHEfooq4EfcE,meteora,1790781290,0.0001937,23290.37,193728,193728,45.7,731.3,2958.69,132025.91,1,0,2,0,14,17,280,172,6.69,14.36,-10.23,-26.81,0,1,1,1,DYN2,,,,,,,,,,
1791311604,EsT61WMFMja6vJYPnXJHv4s9SeEic3bUABrbADPGMRUN,UHI,DEh1SgW6UZoZQXSDxxkSFeSyJqZBdE6EuGwFpPX6xYiU,pumpswap,1790790533,0.000003784,3881.99,3680,3680,0,0,83.1,452.21,0,0,0,0,0,4,3,13,,,-6.96,-11.97,0,1,1,1,,,,,,,,,,,
1791311595,BizeLNXEQjrTjmtQbNA6Qi22h5HKQe9Gjwys3ZkT1Nc9,ELON,Bq6qtrFcr1GdVhmZYCNKBBi9oeN1MTvET26J66zf9giT,pumpswap,1790789710,0.00003922,21743.9,37815,37815,0,509.54,14869.69,38109.84,0,0,5,4,75,50,253,168,,-1.77,9.99,52.41,0,2,2,1,,,,,,,,,,,
1791311613,JCX5nDG99k1CWB9AttJ3U57NmjSgnCoagFaZhqfEf7Ah,BANDIT,6L2q7ZrUQCzUBm7RHV2w336ZCVVrVGqA6z5oNmQmUidP,pumpswap,1790793667,0.00003374,20229.31,33567,33567,4.84,4.99,1745.58,10779.22,1,1,1,2,19,31,152,141,-1.94,-2.46,0.57,-22.66,0,1,1,1,,,,,,,,,,,
1791311593,BLekeyrGWfyBk1YSuwvoSULeh5wVS1EEUfgg2aNbSTNK,AI,7kcbMGRyt8SnGVqFx93JzckV3MPXT1MhJAYJgpzW5w8h,raydium,1790793309,0.000004211,6523.55,4212,4212,0,0.02,23.08,65.39,0,0,0,1,0,2,0,10,,-0.16,-0.8,-3.32,0,0,1,1,CPMM,,,,,,,,,,
1791311605,FEYNnky1Jp7xfrTnR5U93qBM79RxYkQibzTaR31fdxqS,FEYN,DP7hdCfAt6Ny94b96RjNYSgUSRdfrT9wiDCtVjn6T3bP,pumpswap,1790792629,0.00004325,18594.44,42109,42109,6.76,1264.32,9395.98,21711.68,0,1,10,6,60,60,197,164,-1.22,11.99,-15.23,-49.88,0,2,2,1,,,,,,,,,,,
1791311588,9rJsqPD1UqeXo1dgPybwTKm7Luga8bXVQ5A3EiYFhfeA,SI,7ecRqpsoJ3A7YsQEyp4HgnjXA4g8AzESfi9rhBNGiWcW,pumpswap,1790795908,0.00001211,9801.1,11735,11735,0,13.63,121.95,1424.66,0,0,1,3,8,7,25,34,,0.79,4.79,2.7,0,0,0,1,,,,,,,,,,,
1791311571,3MPnePgPguPF2cNjtGdHeNofSkg9Kn7Pn2vt6kr6pump,LAB,D9U53oJwBRpVEe5aFLp47wKPvsYYCKjwsE8K4ENzszMJ,pumpswap,1790796855,0.000003645,3811.63,3415,3415,0,0,0,19.89,0,0,0,0,0,0,1,1,,,,-3.48,0,1,1,1,,,,,,,,,,,
1791311615,qntUzPUsJ51abNP7VYNxkmsQ4RnvEZAhavUxsCxpxH4,QNT,4iBjckftVmDXekY1XqFGghPVaFHWxit8MdTfXW4R4gX4,meteora,1790797973,258.44,9042.43,497035,497035,232.5,21866.88,51311.62,102475.37,3,3,263,230,469,714,816,1725,-0.3,0.08,1.81,1.56,0,0,0,1,DLMM,,,,,,,,,,
1791311596,CE9u77YGea7MsWK2cXMEcSE8Gpp3dbkWWd8iG4eMpump,inuvestor,EEENNP8xw1W29tfJB2YCjXW1ZS2pjTdqfM7KccixK4Jt,pumpswap,1790799607,0.000002406,2447.87,2310,2310,0,9.48,13.82,18.21,0,0,0,1,1,2,2,3,,-1.31,-0.69,-1.98,0,0,1,1,,,,,,,,,,,
1791311605,FTa2QkKrc1oSkLciZCMS1o6zpRB1L8TZVkiPy56VQX4u,TEXTR,57sTxsma1pbg85XfjZiqpUrbnVbiBoRBsSMrybSpsc4u,pumpswap,1790799059,0.000003006,2974.7,2875,2875,0,0.02,0.04,12.77,0,0,0,1,0,2,0,3,,0.61,-0.3,-0.3,0,1,1,1,,,,,,,,,,,
1791311583,6weQ1xmYGVDnCe2R3CdRDX5BvXPDg4G2TJhABa8Vpump,DRUG,9ZDCPk4UifwASL8siGtXPmRhhCih8PrF1brDpttnLv3n,pumpswap,1790798383,0.000002897,2880.73,2604,2604,0,0.28,0.28,4.91,0,0,1,0,1,0,1,3,,1.81,1.81,1.91,0,1,1,1,,,,,,,,,,,
1791311575,4Xfph5jWxEj3zzPTsDNPJtJbf24LizaqPQGohodJZ1PV,Quamfy,He5LqnjT4HMgdj4gxMCbCJAhfUZkU2zf9aPkKWgjTb3g,raydium,1790797811,0.00001742,12316.54,17422,17422,2.09,106.73,1663.79,6956.93,0,1,2,2,26,19,79,69,-0.91,3.02,22.36,-11.54,0,0,0,1,CPMM,,,,,,,,,,
1791311612,GjrhXcr8YzUZBbu5rifdqM5CPBS4LFJveq3ZiY2u3g5G,Meridian,6xLfdSfHgxHSLgFt58BTv9z35qsGbmpqLdMU2FwsG2Tf,pumpswap,1790799213,0.00009689,31406.51,93241,93241,449.29,3730.34,5912.88,20272.95,20,1,37,10,72,33,197,164,-0.39,23.94,27.45,47.46,0,1,1,1,,,,,,,,,,,
1791311571,39eBixffUCh2GqF8sEE9fZ1rqoeP2HxNsstN5X5ppump,AHOY,6X2DJ4sAq6fYkUwz2Q5PWEJ4KfSUqzcUD5WRhmTV9zD4,pumpswap,1790799673,0.00008509,28108.39,80653,80653,0,10.09,457.43,3050.7,0,0,0,6,10,13,25,51,,1.34,-6.38,28.19,0,1,2,1,,,,,,,,,,,
1791311586,8nSQRjqWKuLYfLgdvYaYm63hBoiKSZvGqN7yVaHMfc8q,Qubit,4pw33MzUncQx9EejM7veokeXayx5RNb7nzBE71FUnMyQ,raydium,1790800727,0.000004991,6342.36,4992,4992,0,102.8,285.8,1162.31,0,0,1,1,8,5,17,13,,-0.34,14.76,17.9,0,1,1,1,CPMM,,,,,,,,,,
1791311591,B7yfFFkX4NtxtQwGdegi2DuaVssitc3FGpqF2pxUH1zM,PUMPKINU,5YzMhNDv7X6NCyxoF2HvRGw55cs7x2cjNoRpoHFn9S5o,pumpswap,1790798075,0.000003160,3337.31,3115,3115,0,1.43,14.21,218.76,0,0,1,0,4,4,10,13,,1.11,2.46,-10.29,0,1,1,1,,,,,,,,,,,
1791311574,3v4FdwQVLWKGepzX7MstykeJZkCfMaS6W6ASRjiKpump,HOTSHIBA,CYNZatWZDtcxBSZsgxbX3KVd5pKYb6FRHyPWcpx7rZ6T,pumpswap,1790800867,0.000002873,3299.57,2791,2791,0,0,0,27.71,0,0,0,0,0,0,0,2,,,,-1.49,0,1,1,1,,,,,,,,,,,
1791311571,2dTGg7tybAVYi81qg1ETfbGXKKGA77of3d8rBjKcE4N2,SI,z6yuzgMZNEAdjkG3zyDNPNm7BzXAkTRzXH5pT8PkuN7,pumpswap,1790801106,0.00002211,12077.74,21774,21774,0,0.3,151.42,329.22,0,0,0,1,0,3,1,7,,-0.45,-4.93,-8.13,0,0,1,1,,,,,,,,,,,
1791311604,Eq8yd78WXjHKRksRpqzXUSDDdzwcV9mdjCBqThkqyY3q,INUINUINUINUINUINUINUINUINUINUINUINUINUI,6XP93srUjoeR3fyubi6ehRkNBoLDVUdnj2n1uNfFkgsG,raydium,1790800152,0.000002920,5280.08,2920,2920,0,0,1.82,89.16,0,0,0,0,0,2,0,5,,,-0.04,-1.1,0,0,0,1,CPMM,,,,,,,,,,
1791311569,253ru1evxbU7zfKZwGAh458Np3ADtNMuWDqPhvwY8Cj8,Rocket,bKcJn28u6QvBC6MpzJqdj7bCQYMAZMU26ueNb4tWZcS,pumpswap,1790802175,0.000002960,3305.92,2910,2910,0,0,0.38,1329.27,0,0,0,0,0,1,15,21,,,0.4,-0.01,0,1,1,1,,,,,,,,,,,
1791311573,3cy7hHiJK5AzzhAp9bTNppUDMLRV5SzGnbTA7agSwr8x,Inuween,89yZQ49MzCBP2u3Lr7aA54qD8Gwhne9MPA4XVRjmtyv2,pumpswap,1790803925,0.000004336,3957.97,3576,3576,0,0,0.1,0.1,0,0,0,0,0,1,0,1,,,,,0,0,1,1,,,,,,,,,,,
1791311576,59PXVfJ28HLYpdYLz8rt8ziE9EWbK4mS8xvq38NUQ1Be,REPOING,FHw49kTEEjzBhRuMff9F1Xw1bLcBpwvsaSboaAWpAcaT,meteora,1790628834,0.00005130,21346.99,51299,51299,0,684.58,2463.22,14844.67,0,0,2,1,10,19,113,120,,-0.34,-19.43,-20.21,0,2,1,1,DYN2,,,,,,,,,,
1791311591,AgwKsgtTAML6dkJvnjoStx6Gk7FpCuqLrg3pMr9HvdnY,Yuri,2SakVDQw1HW3iZB5phnb34XR3gaaPnF1VMcMy57bdmH4,pumpswap,1790802521,0.000002608,2734.9,2467,2467,0,0,0,0.22,0,0,0,0,0,0,0,2,,,,-0.69,0,0,0,1,,,,,,,,,,,
1791311612,HmYAF9xYtZUMCnbAdL6pu2ZS6qsXVUGEvLETut5Zpump,S/ACC,GVDVNAR539LDLhuC4JJb5b65jRZrxXNwwNhePexa4xa5,pumpswap,1790802950,0.000002419,2507.02,2350,2350,0,0,0,10.69,0,0,0,0,0,0,2,2,,,,-1.98,0,0,0,1,,,,,,,,,,,
1791311612,HpyRH91gxwDKmjcN7UjPpSFLBXA86yGodgaJYrRK3HT,QUANT,EXe7eEuHnKTiR5rC4XdnZt1bVuMVgVx9TaC5j3WPxb7f,raydium,1790803122,0.000002449,4334.72,2450,2450,0,0,20.32,20.45,0,0,0,0,0,3,0,4,,,-0.28,-0.28,0,0,1,1,CPMM,,,,,,,,,,
1791311588,9jAVyE3sTnVoWXLK4eorcU7uV6zhh5Q9WapdcstAYtas,GENESIS,GntVxwXdqX35325f8M95SxxZMF7vzgt9wFMrH8SmdMrr,pumpswap,1790805945,0.00002315,11995.79,22311,22311,0,0,24.3,637.65,0,0,0,0,0,1,3,11,,,-0.89,-6.88,0,1,1,1,,,,,,,,,,,
1791311612,HiKS1Czq9x16ALXL7bHMirHBzT2MwkeuNojZHoikUqwu,アイヌ,HgQdjZhuMdCL6D7D9diitoAyDSvwHxVBk21FwAgfAtPr,pumpswap,1790806038,0.000006151,5277.14,5933,5933,0,0,26.49,752.72,0,0,0,0,1,3,11,12,,,-0.72,23.15,0,0,1,1,,,,,,,,,,,
1791311603,EiARYxXzxwS8ZyYhXx3WDtB9K1XPpc8628g4hy3rbkVH,JINJI,CLS2JA1oSQr42Zqc2hbmuVMSjF7re9Xv4AX4kkVBdoV7,raydium,1790801521,0.000004238,5950.96,4239,4239,0,0,5.07,20.88,0,0,0,0,0,1,0,4,,,-0.09,-2.14,0,1,1,1,CPMM,,,,,,,,,,
1791311571,2QHXWq5TK64JbMptwMBP1BsfhrxZRRv9JsLa17X7pump,SAW,B7XU9FYpuKgjEhM5HwyR9qAHXL3Juyz3CcgPuuiAbKki,pumpswap,1790787841,0.00006038,23203.59,58345,58345,0,547.47,8436.18,49289.74,0,0,3,11,49,53,419,440,,-7.86,-11.63,-58.54,0,1,1,1,,,,,,,,,,,
1791311603,EmLPFwLkzaPdT548oKXT9CMh9bSB9Ez93fBgmmoapump,.si,2bnXboTryEGBAH8C9FNERm4bfD5RKnJLtMZzJFn23uRe,pumpswap,1790805275,0.000009601,8224.01,9320,9320,11.15,11.15,798.97,5236.45,1,0,1,0,15,8,53,65,0.9,0.9,7.9,-27.54,0,1,1,1,,,,,,,,,,,
1791311612,GacgmKkuqxLfL7qox6YMeP7SWHdC1ayMsLUJcuKB5huf,KARDASHEV,ADUJ4UgHrMqMhsGEE8bSHaEomGAHuKpDFtzmhcxrpHX7,pumpswap,1790433659,0.00001181,6257.04,11599,11599,0,0,106.2,820.03,0,0,0,0,1,1,6,12,,,-6.2,-22.41,0,1,1,1,,,,,,,,,,,
1791311610,GPuN3s5PZTPcQV7cykNaTyX9cVesPSyz7111nsNKu4cv,CSFUN,8ZUTVDzf85jCqArY1CNuryok21daNe1xE6X4Anp6paLN,meteora,1790806714,0.000003639,5931.62,3623,3623,0,0,31.37,77.1,0,0,0,0,0,6,0,17,,,-2.09,-4.72,0,1,1,1,DYN2,,,,,,,,,,
1791311583,7SG8ap8SqDB1dVmJ9RZhXd3VBkbgwPitxt9Jhj4Spump,FORGE,E57PhrFybNQG6QZLwxAeu1t4Dzf59tLTbNhnJtLYzjhB,pumpswap,1790804855,0.0001862,38623.11,183304,183304,0,1094.42,14658.37,25142.78,0,0,1,4,78,70,143,132,,8.45,7.4,20.51,0,1,2,1,,,,,,,,,,,
1791311576,5CM4i8KJVew1tJJEEz1iFyCdUGh1WCLXJHsZFhEKf6H2,SI,5MguXvYfBqEWAnB2kQgCwxjQSjoaVp6MsRM3hzvx2TRh,pumpswap,1790805813,0.000003301,3185.24,2808,2808,0,0,0,17.41,0,0,0,0,0,0,0,1,,,,,0,0,2,1,,,,,,,,,,,
1791311602,EMdFVxBzhkYGENzqTmnuAStJoLp8R42R6VupnRGApump,GNUT,7F9hPnDxZAgpSqNZk91wtoGSRXiRG1meAYyzNNULtCKz,pumpswap,1790808408,0.000002610,2616.92,2437,2437,0,0,0,20.81,0,0,0,0,0,0,0,1,,,,,0,0,1,1,,,,,,,,,,,
1791311606,FgnP3f328UvwmbQBG2vABSwZJQRS7ypkqtYGAHVRpump,tail,65MfAJyt8UKNJc345eEV1BpTqhHnTaw9hTFrJkLdzPY9,pumpswap,1790808461,0.000002390,2467.44,2310,2310,0,0,0,0.7,0,0,0,0,0,0,0,2,,,,-0.09,0,0,1,1,,,,,,,,,,,
1791311600,DvNcJZTiSMD1RBCtZ2J31mh7s42CVCwrzGapv1Lypump,MICRO,mnnen34cBuJJ7Pvfdb2PN7WHgRvCMzcTej4bAgUiXob,pumpswap,1790810211,0.0001768,48139.14,168882,168882,167.03,1207.4,14775.22,134719.4,2,1,11,20,144,157,898,792,1.17,-5.37,8.4,49.51,0,1,1,1,,,,,,,,,,,
1791311569,2F3VSnTdEJAKjWmSahfRG43RZFdkCDzSPySNdpz8pump,Picomatch,5y5qfgLmWa9TS6R1dqDsVhAzirdgmswpNMU6d3MPwLNe,pumpswap,1790808814,0.00004064,17917.07,38958,38958,20.95,660.25,12559.9,70491.43,0,1,8,17,112,112,596,433,-0.22,7.09,-20.03,69.43,0,1,1,1,,,,,,,,,,,
1791311615,qX75G4BLzhPtGWtH4THcG2F6weoHveAMoqfDB2pcmkp,P3jca,DWAG4R3hAmgBqFTxhsZNra9WU3oA8S54PXWQsYTnos8c,pumpswap,1790809487,0.000002787,2946.41,2647,2647,0,0,0,11.97,0,0,0,0,0,0,0,2,,,,0.29,0,1,1,1,,,,,,,,,,,
1791311586,8iX67wnJuJkDk2Hvsdd4nBdwNQC2hc6TNiHK2gE5svCF,PROJECT 6,48wgbxsfc5kb6csMcjaQPMC9d5QuE5GFKnme4PyAZufZ,pumpswap,1790809860,0.0001398,33319.84,135267,135267,328.81,3174.01,35162,167661.49,4,2,33,40,298,214,1201,897,0.69,-13.5,-4.91,316,0,1,1,1,,,,,,,,,,,
1791311600,DfLA2AoZqey8TArzSE8Eq962qpwRkQhZ74Vf2L6tpump,SJ,7SEZ1T9ceSFnYmcndScLYVQERmdfm4CsTd9CHfh74BxM,pumpswap,1790811760,0.000002721,2706.99,2621,2621,0,0,0.07,9.15,0,0,0,0,0,1,2,3,,,0.01,-1.36,0,1,1,1,,,,,,,,,,,
1791311587,9Hi75Cp5PcfJfCdaxrheyP9oZ2TG6fnGt1Cgq2Jrce62,HALL,BRAP3bfVcHpckgzGUBaNiHg43gTNbRQWFL4bxVZWYBcf,pumpswap,1790810602,0.00002083,13618.01,20109,20109,21.59,4875.99,5791.73,17757.36,1,0,41,33,47,45,140,143,0.96,27.04,7.79,-27.86,0,1,0,1,,,,,,,,,,,
1791311612,Gx92ZFATEPN1fr6Sr3weHnx2VfFNuA7QyNEe1JV8pump,ia,6HWrcpupxmdDztZs78eGAY3k5CNre641JsbxxomTiFVb,pumpswap,1790813404,0.000002533,2570.58,2436,2436,0,0,0,8.25,0,0,0,0,0,0,1,1,,,,-1.3,0,0,1,1,,,,,,,,,,,
1791311590,AcgB3riCTGBzQ626TRmEm1f6ikeFvxi4mL36piDXV6ug,PRLS,GwvAt96oPP1fd1gMX9bPhERFKkvV5qBBVc7P1MHGPJk3,meteora,1790811206,0.000004388,6082.74,4388,4388,0,0,0.1,46.63,0,0,0,0,0,1,0,6,,,-0.48,-2.96,0,0,1,1,DYN2,,,,,,,,,,
1791311593,BZERM5ET7txBTK4mM8pA3fph64marhkvTGEXiwM3pump,CLM,GPB1BYWPJShRr6V8my1DFYRZAPzrdGBCLmHVH7SH8P8w,pumpswap,1790813803,0.000005597,4945.14,5267,5267,0,107.6,145.73,931.8,0,0,0,2,0,4,15,14,,-4.08,-6.1,13.54,0,1,1,1,,,,,,,,,,,
1791311586,8kVuY7Yir9NLaai9V73ZejscWdJ9q7aczidLtr38oL4r,Collateral,84EGAwMQhs4Jnz3dEdxvVuk3fPD3g5qA8zyskPTZkRMZ,pumpswap,1790813443,0.000004763,5065.51,4688,4688,0,0.38,6.34,176.68,0,0,0,1,0,4,0,12,,0.16,-0.45,-8.8,0,1,1,1,,,,,,,,,,,
1791311582,6mF3wKGm377EFN8Jxm1mPUk46rnirNu3jASSvp3sBg6u,Chunkee,54xnep45xfFBkaPweHLi3kpg348cNR4UWmD3Ax7Ric5z,raydium,1790262291,0.00002064,13647,20641,20641,0,431.25,743.61,1907.26,0,0,7,2,20,3,22,14,,12.08,23.36,-10.31,0,0,1,1,CPMM,,,,,,,,,,
1791311580,5sD8hmitvDkDxbAjZF4CrX1NX8eA5Cwn8kK67tp9DevH,Pongpong,GQADs9oy7uVQTNJ7DEew2y8YvcfusRVbspx4ve1vnBpq,pumpswap,1790814255,0.000005135,5202.63,5044,5044,0.34,76.35,284.31,411.74,1,0,5,0,30,4,48,17,1.69,6.24,18.06,21,0,0,1,1,,,,,,,,,,,
1791311612,HVUFFsRbWFV2kRS467iRJGLdJ9o93yQJqmSWa9fkpump,Trump,GZjhB454hC23JQThwkYv2k6tqBTKtMatgS3kdvit2RrV,pumpswap,1790813964,0.000002838,2937.08,2792,2792,0.06,1.85,21.51,162.61,1,0,6,0,15,10,77,69,0.14,0.9,1.87,-4.15,0,1,2,1,,,,,,,,,,,
1791311600,DkQYd9q2p7VSruiKhj54wu4F9CbyqruCRKFewg3dpump,AGI,5Mp4Z17NNdanseQa2yqg2eEE5xVSognN3ffDgksWeCm1,pumpswap,1790812557,0.000006577,6249.13,6199,6199,0,13.93,73.69,670.45,0,0,1,0,1,4,11,16,,1.88,-1.26,17.99,0,1,1,1,,,,,,,,,,,
1791311612,HhjNowJGHi3wsg2u9ZNEWXo7CQCEgkELFbPcQLX7pump,BRICK,C7EAi8aELckf7sfcQu7CZrRuBvRTX6sBLPi7yZS7gsh2,pumpswap,1790819212,0.000002628,2637.3,2507,2507,0,0,0,124.74,0,0,0,0,0,0,2,3,,,,-4.93,0,1,1,1,,,,,,,,,,,
1791311599,D3Rna5XrQWaW3Ydzxt5PicEbQnMbSv8qX97x14qEsVd,AI,BGWXhL7pus7jNZ4pXrdkwincYFxvi4rKdRkyqXXemW4w,raydium,1790818620,0.000005507,8028.5,5507,5507,0,9.22,136.18,258.41,0,0,0,1,1,4,1,16,,-0.61,-5.99,-10.69,0,0,0,1,CPMM,,,,,,,,,,
1791311591,AzDHbuhbJfUaX7tzcHXFjgk8EvSdUmWMEsr588fVpump,FI,6ryFML9TK2Gf9y1DD536VE6nSG6wBn1xoiX8mbNU5EM6,pumpswap,1790819541,0.000003065,3082.92,2955,2955,0.48,19.97,37.41,239.15,0,1,12,5,22,13,107,89,-1.15,0.45,2.07,-3.18,0,0,1,1,,,,,,,,,,,
1791311571,3MQLR69vhsFi86MJ5Lf4jsUT2SdcTpdrPixTqGeFhvE6,elephant,7UFq7aLYp7yLQ6oPbz3UWKMG32NC4Pwm91vtWHcu4gxq,pumpswap,1790820219,0.000002922,2983.38,2852,2852,0,0,0,97.88,0,0,0,0,0,0,0,2,,,,-4.23,0,0,1,1,,,,,,,,,,,
1791311574,4ByRNjKEQbtexsJie54vCdPnSuSWibWHn49dAXmcpump,GND,HMbMsCJ1JBjhmqdbSbQvopXm3WkCpsAvJZNycrgEy8mf,pumpswap,1790819890,0.000004212,3993.35,3886,3886,0,0,407.15,2222.39,0,0,0,0,4,4,22,23,,,-13.02,-42.08,0,0,2,1,,,,,,,,,,,
1791311576,4vEX32B4LLr2hL4tzdgz724rSYXGccAGT8MRSUaNpump,DEGEN,8vyH9f4CyuK1kEZoRnTwKiFh1zDubrGMBNhSUSnmLQQa,pumpswap,1790820459,0.000003162,3420.88,3124,3124,0,4.35,13.34,32.36,0,0,3,2,8,5,16,18,,-0.66,0.86,0.93,0,1,3,1,,,,,,,,,,,
1791311590,AV9TkfXb8LcAgjKuVBpp7qhaL6wHuAdEtBsgsduQpump,Quest,HYU7woAVxao45T4Q5TuGRgowpimG7b3RGT1Ln1e13WwZ,pumpswap,1790822365,0.000003975,4285.65,3873,3873,0,10.17,10.32,194.11,0,0,0,2,0,3,1,15,,0.02,-0.19,-2.69,0,1,1,1,,,,,,,,,,,
1791311569,26uqr1EAd5o9czpp3CxWGRPBgzya2733WC7faQX4mqNA,TRUMPTY,3wEUjhLesDjHasbWWQng4rSqLHjAGvMLAcA7REspuWvy,raydium,1790822912,0.0001122,31300.19,112221,112221,0,46.48,251.08,4138.31,0,0,4,1,8,7,67,50,,1.04,0.05,19.55,0,1,4,1,CPMM,,,,,,,,,,
1791311612,H9qKeikv2EuifXaMCWSFQSUvNHUu2dre9R3Gmz62mvjw,Ajax,EGRWwHLfME2U2rahMu6BMqonMNeG5ND2CdVFPX1CcAE9,pumpswap,1790821407,0.00006862,27605.48,67622,67622,4.71,698.55,5178.57,18895.87,1,0,12,9,44,42,187,176,1.57,0.76,-11.02,11.99,0,1,1,1,,,,,,,,,,,
1791311593,BFdFhgZWKpHEvtCRA3R7fQwJfj51kZCk9WR9q3LLpump,SII,FnmwumGkfxFgwQ9ERk2vUsuJ2kXNx6Xf5oU2UyE41ars,pumpswap,1790823152,0.000002500,2736.79,2464,2464,0,1.02,5.2,10.62,0,0,2,0,4,2,6,8,,1.64,1.69,1.9,0,1,1,1,,,,,,,,,,,
1791311602,EQoTL7T8VFigYKqtfDxL6bqs7ZpqXRKrMbK49WvEpump,SOLDOG,EefrnDNYsagH8njqWMcTRoRRQogjjwijHNiYfr8vDGew,pumpswap,1790823103,0.000003164,4104.45,3100,3100,0,0,1.6,1.6,0,0,0,1,0,2,0,5,,-0.63,0.12,-0.69,0,0,0,1,,,,,,,,,,,
1791311602,EEGtwsf5wLWDG4THEu4TdFKTTRpsEoxArWZsetWZpump,NUVI,8MxvegL1C14ddbBczqpfMLdBvnmDDPGqqTJWqJAYKuhP,pumpswap,1790826457,0.000003341,3558.89,3221,3221,0,5.91,5.91,27.76,0,0,1,0,1,0,4,7,,1.28,1.28,2.18,0,1,1,1,,,,,,,,,,,
1791311587,9GW1GMaVeV41yiYYzfgQdnEf8ocGFenX8AsgvhWEARLY,EARLY,Em9Ru5DrybRSZL161CtKVSCF7tEwUyJ5GaWpgTFGiBPS,pumpswap,1790827778,0.000003011,2993.65,2852,2852,0,0,0.91,27.77,0,0,0,1,2,1,3,1,,-1.27,0.65,0.65,0,1,1,1,,,,,,,,,,,
1791311612,HpsfKJnkBu53mxLGUCdr4PiTodXouZiVvZD5AoRWdHkY,snowball,FivAjNRmjWeDdepuTJbqjgwfsDsg1LZSj7q3soLbW2gv,pumpswap,1790827656,0.000004189,3918.37,3821,3821,0,0,0,21.07,0,0,0,0,0,0,0,2,,,,-1.28,0,0,1,1,,,,,,,,,,,
1791311606,Fq7wzJ9S6TRm7NrPGEwWKmQPqdF8K1g5uTp9DGFcpump,FORREST,ErgojZ4yKHxJkVgQqWEbPAbt7NHctL5a3oLyP1iTin8Y,pumpswap,1790827477,0.00001010,7301.32,9625,9625,0,256.02,281.41,2698.92,0,0,0,1,3,1,23,19,,-6.2,-4.3,15.56,0,0,1,1,,,,,,,,,,,
1791311571,3P9KW7fa5LnYpBecLrZV92WmA4rsCErQPP7YdM6Jpump,BREAST,JjiK9JSzbobKdjRgxuqSTPwCe693pe5QBdJniBBan7N,pumpswap,1790829717,0.000002760,2813.25,2629,2629,0.12,0.12,0.12,0.61,0,1,0,1,0,1,0,2,0.64,0.64,0.64,0.64,0,0,0,1,,,,,,,,,,,
1791311597,CuP5Ng85HiCdHiKnc9pKe9MVEVkJDHmMsyEvbXHopump,REV,5Hiw6ED2r26LPrK7X4v9AKUMaAuVE1hQN5imrCvuWgk3,pumpswap,1790828506,0.000006200,5761.04,6115,6115,5.13,10.08,35.38,145.35,1,0,2,3,5,9,16,33,1.55,2.04,0.45,-0.35,0,1,2,1,,,,,,,,,,,
1791311613,HzmypKm9MVq7N5qZqKq5AuzWX4Qt7b4YY67P6KDWwZnu,ENA,7k8SnhpmDt85pztjv8dR8RozowwhkQqdxWhuQLKu1wQ3,raydium,1790830157,0.2730,272745042.65,273015783,273015783,0,12.78,83680.7,292473.41,0,0,2,2,10,10,39,39,,,,,0,0,0,1,CLMM,,,,,,,,,,
1791311590,ANzrdoVonAtNJk3ZG28CXCjNjfPkc8qVWXW7MQe7vSqz,@bot,EPTGJ5RUwNr82vJimGFNoRGZFBXiKgLrxz3EZpqAAaGq,raydium,1790830738,0.000003597,6234.2,3598,3598,0,0,2684.9,2704.74,0,0,0,0,16,17,17,17,,,-3.42,-3.42,0,0,1,1,CPMM,,,,,,,,,,
1791311586,8yVpaQ7vpRdmqepBoktmb3fMWh6zHhDTiSw95tUvZ3Zk,ONIT!,Cws7Xfdd1EntpNf3VKUfs53Z145UYH6iuWiKpkUtZZSi,raydium,1790831040,0.000003420,5946.04,3421,3421,0,0,10,10.22,0,0,0,0,0,1,0,2,,,1.97,1.97,0,0,1,1,CPMM,,,,,,,,,,
1791311606,Fs4p664NY13ZXARqXPheBYVnopBjX3398Pz3tk5npump,Jackass,G14K8wGzv8m3nAhhrrwsxkT4dDi6PAYtrxFsGKzFKNF4,pumpswap,1790829726,0.000003291,3486.71,3021,3021,0,0,0,51.2,0,0,0,0,0,0,0,7,,,,-3.02,0,0,1,1,,,,,,,,,,,
1791311597,CfxZ9ZYrj8h3dU86NmKafjDF6tppczzpjd8rKnvypump,Luna,9Ahfqtsg3S98DY1dVDbEGXaSGdvPq7ZzmmAAYstoAGjH,pumpswap,1790833449,0.000002506,2512.65,2399,2399,0,0,0,14.83,0,0,0,0,0,0,1,2,,,,-1.13,0,0,3,1,,,,,,,,,,,
1791311578,5gok7WzHvMFmFfcvnHuuBqRh9GTcQckHXBBwZywkpump,NOXBANK,6WA4dP11xjrJCEkB2Uaw3ZehShyjkGTww1SsriS5K8qY,pumpswap,1790879871,0.000003624,3432.13,3401,3401,0,0,6.28,111.15,0,0,0,0,0,3,9,16,,,0.38,-1.83,0,1,1,1,,,,,,,,,,,
1791311612,H5Kugtkfc5vrm3oSdX6FDkxuutRK1S3GW7Rr7UgnoDhP,PUTIN,EjHSLEKLautwaTSXDH5mTg6SVq2iGwo5eLeXr5CaeGdc,pumpswap,1790833808,0.00001124,8765.12,10963,10963,0,342.81,1033.51,6990.21,0,0,2,4,20,16,91,85,,-11.7,-1.76,22.81,0,2,1,1,,,,,,,,,,,
1791311583,7MuvW6G2pDTGSjzpjqeDYigUsXqqd6TmEzLgvRRopump,USDF,Aqp9EKhgp1U35UsBDaYgLpgnVZUyeZLsHFXfzKw3cYE9,pumpswap,1790731802,0.002169,136816.23,2051922,2051922,3079.8,26197.15,241428.45,643747.34,21,11,10606,9871,11560,10777,13734,12651,3.53,34.16,40.42,93.52,0,0,0,1,,,,,,,,,,,
1791311597,Ckbi3ZcnctfTGGPk1oLWmRYp6mKcuWxJ274PTf2hpump,Penguin,68WSv1nzUPskB3ajrB1niAVystKrYg1RBHRo2Q8trFYY,pumpswap,1790839637,0.000003876,3677.37,3595,3595,0,0,0,70.8,0,0,0,0,0,0,1,8,,,,0.23,0,1,1,1,,,,,,,,,,,
1791311583,7CZkz6G5DDjyaanDLe6ipU1xRQdyZVW3xWRc7AgbEDv4,Accelerate,8ej78LSnMDWaEMJrPJsv2Ng75hNgdSKRzNbf5QxNLRyW,raydium,1790839065,0.000003231,5364.37,3231,3231,0,0.15,3.91,5.76,0,0,0,1,0,2,0,4,,0.74,1.27,1.21,0,0,1,1,CPMM,,,,,,,,,,
1791311575,4ewtv8cLUULfNj9wsRytsXkgERG5mx1MZ3LZGMTfVVmm,RO,EAMCdU5qK2ZfcrW8JGjjHNJ5r5Gth5tePbK6nU4maxxR,raydium,1790829385,0.0002290,48892.57,229075,229075,0,0,907.87,3694.23,0,0,0,0,4,8,17,31,,,-3.69,-12.83,0,0,1,1,CPMM,,,,,,,,,,
1791311612,GvZ9UXZm8U14uZNi7hBN5cY2iUta7stArZE486yHe2nA,PERKOS,8rfM1PxAfqZiZhH142wYdAtPqajTTU2a8xFGdAav7Y8P,pumpswap,1790727859,0.00005996,20966.59,55480,55480,3.62,290.12,8354.89,113318.89,1,0,3,7,69,116,934,958,1.23,-0.33,-4.43,-70.56,0,1,2,1,,,,,,,,,,,
1791311575,4mNoVhb9ATKYoJg5Bzzpewe4qeM4vgxQR3zKMe6MWJwP,YPAID,72DSTTTFoERypVwLeegAA9RoC6DyAG85Qbiu7uXGfB8Z,pumpswap,1790840241,0.000005224,4767.33,5031,5031,0,0,3.15,366.06,0,0,0,0,0,3,1,11,,,0.84,-5.29,0,3,1,1,,,,,,,,,,,
1791311617,si1u9ctHoUjQvQXVhUeTGdLptDvp2aRxFcD5jWYFuEh,dotsi,7eL5bkbTQGXScQyJ6fqEm4BJAo4T6v52irKUWVAT4NiY,pumpswap,1790842297,0.000003697,3568.27,3525,3525,0,0,23.75,24.89,0,0,0,0,0,1,0,3,,,-0.89,-1.55,0,1,1,1,,,,,,,,,,,
1791311604,F458Huat36hKjLPc7dmL4uEixBAgX7fUjxWwnUEkpump,MASHUP,5mfeK1Pygz1rK6sbKXZUrdYdE24NgsMee56N8HKabVZY,pumpswap,1790846727,0.00001529,10460.19,14520,14520,110.54,1054.68,6568.39,33132.81,1,1,8,11,41,47,210,210,0.19,-14.77,-49.18,-52.46,0,1,1,1,,,,,,,,,,,
1791311600,DV8WPt5mPkhtH1CC9Qe6NgYMsyw16sMBUTx3YTTogift,SPLURGE,53ptwYPjqaRncHPAQaQXR9jTUh71aZ3w2AeFNc1K6wE2,pumpswap,1790845358,0.000002710,2679.86,2505,2505,0,0,0,0.23,0,0,0,0,0,0,0,1,,,,,0,1,1,1,,,,,,,,,,,
1791311597,CoDrovyDiKJLCBSLzbf4s5fa1JLdiK2TVJExTFtGi8AK,ZI,HT4v5CrDgyTAAYjAQgzSzHaNpMR7RmwskypnRFG2Hxf5,raydium,1790780974,0.000004281,5928.47,4282,4282,0,0,158.47,627.87,0,0,0,0,7,3,15,11,,,-7.7,-17.89,0,1,2,1,CPMM,,,,,,,,,,
1791311595,BhaQEvju9852hiJiFs9Y2ecGRb37oUfE9dAA8pLSBAGS,SHL0MS,CPtHUREDE6HYt1UfexGFBXw2wFQj34FwdLeyzJKRAjQb,meteora,1790843179,0.000003175,5244.84,3174,3174,0,0,5,78.75,0,0,0,0,0,2,2,7,,,-1.14,-5.34,0,0,0,1,DYN2,,,,,,,,,,
1791311569,2GU6JT1zpigtYAk3vAVwdrvHuzbPkUSxrUkHHGpGpump,assless,2utMoByVsBZ64ZKbYxLu61MM7EUYxNCCRTbmzJ6dXzCm,pumpswap,1790846435,0.000003210,3111.14,3039,3039,0,0,0,73.38,0,0,0,0,0,0,0,2,,,,-2.65,0,0,1,1,,,,,,,,,,,
1791311595,BsaissLqJmMMrXXmuhaRVjDa49Qf5QYzDpE8nZvc1vWJ,Mars3D,3Cpb9kojdQHLR2Rtf22azTD3Ld2mTXmkcfauNR1sQvif,pumpswap,1790846363,0.000002430,2446.36,2325,2325,0,0,0,2.8,0,0,0,0,0,0,0,1,,,,,0,1,1,1,,,,,,,,,,,
1791311610,G6autZruJLEzYKRh84qTsbVhrTvLEbjBYdHnBQH1zitp,backpack,JAgorsZ4Y6V2EevnpQME2fEckch5uCbGSvqRw7TimW4f,raydium,1790730792,0.00006276,28804.69,62767,62767,4.47,5264.99,13840.8,34209.31,1,0,26,16,78,81,198,231,0.56,-14.43,-37.22,-41.97,0,0,1,1,CPMM,,,,,,,,,,
1791311571,2SVkGBPF3f7zfp7v7SiSf6PSnN6DEKbCDbSo7QNkpump,Mosquito,3Mneri3xJb4d8tA3AvAz8CMaT3B67bQT8w4mRVRUbWKQ,pumpswap,1790848043,0.000002951,2959.64,2873,2873,0,0,0,7.25,0,0,0,0,0,0,0,1,,,,,0,1,1,1,,,,,,,,,,,
1791311576,4pZ9PdgmGHJyiJoBrS5sn12YznDGYPbr1vGB6tgkSykb,Leo,Drh7JkbBRvw5DsDaLw3p6x7BKdsCbNFHkSZhpBjdYdcp,raydium,1790849746,0.000007490,9814.69,7491,7491,0,0,1074.27,1104.69,0,0,0,0,8,8,11,10,,,7.87,15.6,0,0,2,1,CPMM,,,,,,,,,,
1791311612,HFNSKQh7bHzEKzt5m6pe79FmGiZ14PJjJScBshts8Yd8,かのくん,nLeBNhqVgStTozsf5m9jkx8tfgg9zJJTRHbb5QJFyW3,pumpswap,1790850160,0.000003898,3690.08,3749,3749,0,0.68,601.33,911.21,0,0,0,1,28,11,36,20,,-0.76,7.47,-7.48,0,1,1,1,,,,,,,,,,,
1791311612,GxdZqQtSDChqoVDeJ2YNV1uBc6iF4PXhyk21p34Qatip,TIPSY,7TH7ktDwTuKDFisCKnZXS3hWF9g3P17SYSE9csFD8mAj,pumpswap,1790888883,0.000003258,3142.83,3091,3091,0,0,0,10.68,0,0,0,0,0,0,1,5,,,,-1.31,0,2,2,1,,,,,,,,,,,
1791311604,EqZwBqyN483N1yJocyfNEVSWTDvp93UnywAEjNgJUKCx,OpenSI,9qagZm5NMtKkPAd54ZmLGoy581ztV9x2bkPSMgxagxTC,pumpswap,1790853509,0.000003776,3573.34,3610,3610,0,0,248.77,565.25,0,0,0,0,4,2,4,10,,,10.78,-11.65,0,1,1,1,,,,,,,,,,,
1791311586,8edcNEC4r3m6BcrNLWZYMhQ9DQqdr5cuTKhyCjvPpump,backpack,2R944TdpgZVavMVqLYfnKxyqehYeUkqAWZYD6pC8YsWJ,pumpswap,1790853100,0.000002493,2527.75,2396,2396,0,0,116.69,335.35,0,0,0,0,0,5,0,8,,,-12.06,-21.43,0,1,1,1,,,,,,,,,,,
1791311597,Cj9Ch1JiHcSjrsk1sDcFNgQzb6sonhbJj4hunYAHqYfm,Partyhat,ErPX8GRnXTCNeYxwHT6Tah2mM2jiAKWrJSEDBBD9vFqE,pumpswap,1790850938,0.000002508,2580.21,2410,2410,0,0,4.12,155.95,0,0,0,0,1,1,2,2,,,-3.44,-4.65,0,1,1,1,,,,,,,,,,,
1791311602,E5A2cdJxPm75FMeUeTSdCwwYFgJ486A6n5MpPM8tpump,CHRISTA,Fgm8pFFWkoZJ1DwEaJGptEJtBMVPyvWFxhj8kXq2fCwY,pumpswap,1790826074,0.000004241,3917.36,3842,3842,0,1.79,2.45,701.94,0,0,1,0,1,1,9,11,,1.63,-2.4,-6.65,0,1,1,1,,,,,,,,,,,
1791311583,7r1v5rZcGnyzVs1jei7FeMEiZVf4GhQgLYXjZHmMUDGQ,HOURS,9coDbwAB3nkGTs36HjiZGy3CeKB8w77MdRAiRjik4i2e,meteora,1790854744,0.00006750,25440.19,67140,67140,1011.78,10114.45,39320.71,297358.5,15,3,124,69,415,313,1843,1652,-0.55,-11.82,-35.07,7.32,0,1,1,1,DYN2,,,,,,,,,,
1791311582,6hjaMcRPvB4DEGpHqgHxmgipb2vrGQWMewZBAVSLpump,STATE?,5WBYceMmszMxy2CxLTtcHLGefL3Y3kfvAqMasdTLFNv8,pumpswap,1790605787,0.00002223,11819.95,21433,21433,468.14,2356.12,20215.42,30432.47,8,2,35,31,222,156,364,254,15.39,52.1,37.92,169,0,0,2,1,,,,,,,,,,,
1791311583,7mEhH5gsuwPeBC9n9C2XQJdXinWhKGfNhrt4r8db47Cn,Snoopy,5bYtv8P5197JM6oKwAt1hZBo1xJ8m7VTco1NArmqMv6B,pumpswap,1790857169,0.000006535,5646.18,6298,6298,11.58,1110.77,3598.41,9336.77,0,1,6,9,58,49,136,140,-0.94,-36.44,-37.28,-27.9,0,0,2,1,,,,,,,,,,,
1791311586,82wr8yv9QK44JrjbS2kU8V7TdmdvwkBHLDDtfKdupump,BAGWORK,FYgPCgpTsjNJPRAq4koq6FdMf8mhnVrEhCy5oh9RZCgn,pumpswap,1790856521,0.000002958,3024.75,2870,2870,0,31.67,31.67,270.14,0,0,1,1,1,1,2,8,,-0.59,-0.59,-0.51,0,1,1,1,,,,,,,,,,,
1791311580,5xRgf67CKfo6A96ZskqVUcRutENpcBTpjrKYGDQu6eqw,KATANO,6BUyGDf8buMKHRDz9ZhQr7cQeJTkgPoFZCYmd3eyC3ma,raydium,1790857924,0.000003923,6093.1,3923,3923,0,0,252.37,1328.76,0,0,0,0,0,5,16,14,,,-15.95,6.77,0,1,1,1,CPMM,,,,,,,,,,
1791311615,nL4ky1BFjvEs4LcZhk5ZqtcTSpyPxDNGtbGJuLuthaw,THAW,AFysGrvNFcvHGjtsxmjmj5WHCsbBAG5zTF5T1ic3okQr,meteora,1790862880,0.000002765,4967.24,2763,2763,0,0,0.25,207.07,0,0,0,0,0,1,3,5,,,0.11,-14.49,0,1,1,1,DYN2,,,,,,,,,,
1791311612,GkgcCZ5zw61noBYRZdTHv2HwHuepi8jqwQsJj9DBEMMA,EMMA,GefYch6nVaqAM7d9HnFvNicKESmXWdv5BA2pJ7thWfGV,pumpswap,1790860860,0.000002833,2794.55,2674,2674,0,0,1.55,2.44,0,0,0,0,0,2,0,3,,,1.78,1.78,0,0,1,1,,,,,,,,,,,
1791311612,HdKspZFn94xXWn36YZSfW6sV9rkBoboWJ7dUzpeUpump,SHIT,DvBPY1KrCZwHEgJLWoqGyb2b45yPbrivrxvWFzgcRJx6,pumpswap,1790858293,0.000002802,2839.98,2722,2722,0,0,0,2.89,0,0,0,0,0,0,0,1,,,,,0,1,1,1,,,,,,,,,,,
1791311588,9pJWJdpPebyANys45eetpemLJo8yTz4n5B9zbpYw9ZMr,Jane,31eCTC8W3VcX7BiFwK2o5Ax41FPi2UyHcehcy2Gd3H5h,pumpswap,1790860719,0.00003684,21289.42,36096,36096,0,348.13,13404.23,23161.63,0,0,4,10,102,105,219,255,,-2.09,16.34,-17.06,0,0,0,1,,,,,,,,,,,
1791311612,Gd28K8mXV6AsDyjpHnREdC6zetL3XVrLY2yk1urZpump,CATANA,9xVi3514hnzQa8VCq3VfLeRqsyqd3havAu1efdnLxNoB,pumpswap,1790887562,0.00001422,9491.38,13760,13760,0,406.42,3367.87,26548.12,0,0,2,8,41,43,331,322,,4.64,-15.03,-26.4,0,0,2,1,,,,,,,,,,,
1791311589,9wc2gqjJXp3wEi2gQQu22i5BYy3fetgvaLCEN2CJWB3h,wifween,CvxAM9FfK7fKB1kQfMqYqu1yreW4DN6qg3mjwif6Lv3c,pumpswap,1790861151,0.000002588,2587.01,2499,2499,1.67,35.09,58.04,154.13,2,0,17,10,26,20,75,70,1.52,2.67,2.78,1.86,0,1,1,1,,,,,,,,,,,
1791311604,FEVYjz1uqrGxF5gUfbAb7hHUTGFv7hycLWywsanJtLhm,Jane,BZXt8t6r99tQDjHMEfcGaWA5hxD4b3D53S1eehonGS5g,pumpswap,1790860957,0.000002981,3251.2,2887,2887,0,0,0.15,0.15,0,0,0,0,0,1,0,2,,,-0.31,-0.31,0,1,1,1,,,,,,,,,,,
1791311573,3gpxyeGkJfpeRsZ8cpeCy2YRLe4WsHxL72xkQi3Xpump,e/sol,AMkNuhEFZf26et1Dn9ihxS5YnvDrjXMAWXpwSEDZVfU,pumpswap,1790862164,0.000002475,2704.61,2405,2405,0,0,0,0.01,0,0,0,0,0,0,0,3,,,,-0.73,0,0,0,1,,,,,,,,,,,
1791311576,5DasfQV93VnQJ2tC8q9nwknUppWVjL1kDvuFG4rnKXKc,B,A4M3N3XLN1EMS95ZA9p8HxWg1zfpMcKACxn2GQ8FDAND,raydium,1790864093,0.00001249,10778.92,12495,12495,0,35.95,403.99,1275.39,0,0,1,1,5,5,26,15,,-1.2,-4.13,19.34,0,0,2,1,CPMM,,,,,,,,,,
1791311580,6H75PU1Z6Yt6gt9ow8aLpqSubJy6nyfW2jtHffVwDnCt,b,AiucNByHhwgjbR6sSPX13L4sDVMS3mtwJCSpaiccBmtX,raydium,1790863417,0.000004725,6762.72,4725,4725,0,0,9.04,39.78,0,0,0,0,1,5,1,13,,,-0.23,-1.36,0,0,2,1,CPMM,,,,,,,,,,
1791311586,8ypYfW5cjafrfAZij8TZj5SFHAbPNpiRio96LMzypDkn,BTC,MtD7C3bpRPP2LNim3DUfnoVTuRSQHBuCWhu9fKYKJqh,pumpswap,1790862752,0.000005226,4940.3,5021,5021,0,5.04,8.75,1414.28,0,0,0,1,0,3,8,27,,-1.26,-0.45,-5.73,0,0,1,1,,,,,,,,,,,
1791311610,GULoSAoTe6VMN89iQy7seGsRwUehtLz9uVVW569tpump,UNITES,3TeP2BWpqW1YyKhoGhVf8KxEoYTCKjH6MPYT4mbrMyYk,pumpswap,1790861889,0.000003272,3309.06,3098,3098,0,0,45.06,53.91,0,0,0,0,0,3,0,6,,,-2.8,-3.46,0,0,1,1,,,,,,,,,,,
1791311589,ACLjA8MJypDUutwSnjPoWy8bG4hj73gDCAebuoqDpump,SEEDLESS,BPTK8C1Z5jcd9KTm5auoaG2UgvXBMpVymTRu9ZS9tc5k,pumpswap,1790864575,0.000002750,2723.6,2538,2538,0,0,0,26.89,0,0,0,0,0,0,0,2,,,,-1.81,0,1,1,1,,,,,,,,,,,
1791311606,Fn9yPE7piEUxFn78HuBrSL2yk5goD4mu6dtwz6k2pump,Jane,7i3L1qwprTTCsVqj8tdXDFpQbWXqC91g1TfmDFjhWvys,pumpswap,1790863761,0.000002471,2633.83,2387,2387,0,0,0,0.36,0,0,0,0,0,0,0,1,,,,,0,0,2,1,,,,,,,,,,,
1791311606,FfGSQY26D11rfWaGaz3NaFbmW7kr1FwKiBpVC35WuGRW,LUCY,99ZtvQTNvyAbsGpD31HxNM76FLsLh42uF4GRHgKtvzji,pumpswap,1790865372,0.000003637,3529.54,3524,3524,0,0,99.73,99.73,0,0,0,0,1,0,1,0,,,,,0,0,1,1,,,,,,,,,,,
1791311590,AR5iMfe5BspvxCHuo5om9PSyJRZaTTWWYyr8jLWSpump,unc/acc,8qCcTgV7Ed7oeaZDsDQsDzvWZ3oakTPnfLzCeGwf6xoH,pumpswap,1790866026,0.000002712,3120.92,2619,2619,0,0,0,5.88,0,0,0,0,0,0,1,4,,,,-2.05,0,0,0,1,,,,,,,,,,,
1791311573,3qJLoMQcLWVFUQ9YnGTntP3CWSA3pdZ5FzqGVKitpump,hotbox,C8mE1rqjZnERCTyqDL36haPzxj1AwqP2As3KdpLxJMqZ,pumpswap,1790865746,0.000002876,2892.95,2768,2768,0,0,0,55.03,0,0,0,0,0,0,0,2,,,,-1.86,0,0,0,1,,,,,,,,,,,
1791311583,6vWkRRyPY9sGnCvFgLCwn7mJuCheMbTcuj5nZGox28sK,FDC,iVgjHtLo5DUBvxRx8EHvN1YM1MXoECwkzXBTaHLMfFu,pumpswap,1790866429,0.000002547,2622.14,2467,2467,0,0.02,77.25,133.34,0,0,0,1,0,2,0,5,,-3.01,-6.43,-10.69,0,1,1,1,,,,,,,,,,,
1791311612,GtV6g1ey2NERrcbvL5bdzrxRJQDfxpMaLU9oLtRipump,CROW,G4yk7zDAiQkCS7ch22vpi9Ey6fhDhkpHFEYyz2gJ6q2t,pumpswap,1790863293,0.0001123,29914.08,110059,110059,5.38,131.76,1889.75,5931.24,0,1,8,7,46,28,169,122,-1.83,-2.25,-11.85,-5.59,0,1,2,1,,,,,,,,,,,
1791311583,7bFSPC7HXV9wxikGRphE55kHTiGnX8bmMiZDeYUnuwN3,VLO,CXwsWHQvnZpfhiRtZhw9VE9MiCKLTrUQrY7rovrrAbdz,meteoradbc,1790865537,0.00008393,,83936.1,83936.1,0,0,0,8.48,0,0,0,0,0,0,1,1,,,,,0,0,0,1,,,,,,,,,,,
1791311590,AYRTq6bfnNzWMY5ACWTRUtMCwV8PAhux3wm84q5mpump,lowkjelly,7Gb1hnYFcPEvePn1dskrXijxT5FFntPGSgUAxsLNyiEf,pumpswap,1790867045,0.000007137,6132.84,6899,6899,2.98,5.51,504.44,1812.31,1,0,1,3,11,13,27,46,1.12,0.36,-8.52,-23.57,0,0,2,1,,,,,,,,,,,
1791311603,EdBGYHVib6iXkBxUdB5uzUKHwXYruKKEkwt69BU6pump,CODE,7PxVThJvYsH1nbsVvRajp2N9aej6iwHCQYA2RKWwVsx4,pumpswap,1790869323,0.000002588,2585.75,2404,2404,0,0,0,4.7,0,0,0,0,0,0,0,4,,,,-0.33,0,1,1,1,,,,,,,,,,,
1791311571,3FcmxeuaDPNX5JsRD1VS769ijvCE1QWRXyqsioMNpump,JANE,3Z2hA6bWTLd8uBATbFPV4QgbvWeBhG9NQFjZznj7eKgw,pumpswap,1790867125,0.000002583,2802.15,2545,2545,0.58,23.97,46.59,130.09,1,1,16,10,29,19,92,64,0.08,1.46,1.88,1.48,0,1,1,1,,,,,,,,,,,
1791311576,5188hYRf2saZt9PhLD6exKL4MCQquRmw9SGaBak6pump,1,2DpuypEtKm7pFg2gcD3Govw4QLPVsNUkj7K9A4HdcUyj,pumpswap,1790868898,0.000006261,5658.27,5972,5972,0,366.37,891.2,1223.78,0,0,2,1,5,4,5,8,,0.76,10.21,-4.88,0,0,0,1,,,,,,,,,,,
1791311573,3s7HNAvfm7sHCnrLQczFP8UBbgM8mpPoyKCWHvvRcJFG,NEEGY,EtXMLufEhTSE3z6g9Pj42px61rdsNjX8EvMAwoSoNyH8,raydium,1790869767,0.000002419,4525.58,2420,2420,0,35.17,35.68,35.68,0,0,0,1,0,2,0,2,,-3.06,-3.06,-3.06,0,0,0,1,CPMM,,,,,,,,,,
1791311606,FbGfMBy1MwpQMZfVPrMPcSw3gu5spumtSsisS8M1FSKu,PISSCOIN,65kdjTaqravAgXWXe79NdfZ13Y71z4AFhyc3WU5o7Qey,raydium,1790869671,0.000006616,7954.56,6616,6616,0,144.91,667.87,2932.59,0,0,0,2,1,14,20,44,,-6.95,-22.97,-33.38,0,0,1,1,CPMM,,,,,,,,,,
1791311612,HmMDsu7WFPxJVhXEZdkMFgQHgschqA73DnuSTheYpump,Janes,8ybijrpQm5yG6pkPC2k2DaGkv2m52Zz3VCJMgNTyk99y,pumpswap,1790870670,0.000002503,2785.59,2465,2465,0,4.4,13.04,32.49,0,0,5,3,9,5,20,18,,0.15,1.26,-1.03,0,1,1,1,,,,,,,,,,,
1791311612,HXJJiAwtJuwCgqPveEaf8sDG4myXGopSzrZzCnhtpump,POTS,GATjH5XKTfHNLvCzg7M9M8o2UmPhKyvuF9M6RMWZEJxy,pumpswap,1790871495,0.000003197,3154.97,3006,3006,0,0,0,13.61,0,0,0,0,0,0,1,1,,,,-1.6,0,1,1,1,,,,,,,,,,,
1791311571,2qizXDtpK92YziSqmt6Kry3Zc6CNuZxjbQodqcEsZXMR,XCAT,GdA9zjFBz6S7ML4MRYjNmxgW87m3Br7qtbdHdvj6wCjy,raydium,1790862404,0.000004620,5764.49,4620,4620,0,7.84,96.05,859.26,0,0,1,0,1,3,4,16,,0.44,-4.95,-16.84,0,0,0,1,CPMM,,,,,,,,,,
1791311596,C7WsYzixPHZSG39ei9W4rdH2TcfWxtDSvBBACNLc3yJN,HARDHAT,4gwtAwmwNMPadM8CEEkdPeXNoajeaEJeyPZnguapyVUr,raydium,1790870499,0.000002812,4903.66,2812,2812,0,0,0,0.08,0,0,0,0,0,0,0,2,,,,,0,1,1,1,CPMM,,,,,,,,,,
1791311606,Fcr5Ps2Rn6R6QjNSJCScWMhrGWvaU1t23R7UNv1iGDhk,GG,EmUgaiZJDsZqqpf59XActiu6XMvYNGXHzdCic5DMA9AS,raydium,1790869935,0.000004927,7054.02,4927,4927,9.51,11.18,33.21,1651.6,0,1,0,2,4,6,17,27,-0.54,-0.64,-0.34,-24.1,0,1,1,1,CPMM,,,,,,,,,,
1791311571,3DrmQ144kzEx5ntNWbjGfH3D8NhGw2KeCNUCeUGUHM9C,MOVR,2Vb9CCytb76gdBoqfZBXvLR43hVhbhNEw4SZRFam2b9n,raydium,1790873238,3.20,3200026627.39,3200294372,3200294372,0,12.78,83680.7,437198.06,0,0,2,2,10,10,43,41,,,,,0,0,0,1,CLMM,,,,,,,,,,
1791311605,FFrRBPP9yWtSqnKjXXM9C77MBdLztfdgSnRE858zpump,MEME,ECN4kZK2V53YfvCk9mgbozRmRUcxrLfMbDVv2hmJ3FL5,pumpswap,1790871366,0.000005794,5929.19,5645,5645,0,1.78,18.03,151.3,0,0,0,1,2,6,9,23,,0.08,0.12,3.89,0,0,0,1,,,,,,,,,,,
1791311586,8oMvxgcBJtDGNSc8kogCEEFxSvvi7x6jHRfSWaiWpump,DOMAIN,dH12Ke1gyoxqcujh9oYkNMwJkNNNuGvBszZnBrmVpWh,pumpswap,1790805946,0.00002266,15104.36,21677,21677,51.9,226.35,2512.6,24771.11,1,0,2,4,22,25,155,166,1.9,3.69,-17.11,-21.28,0,0,0,1,,,,,,,,,,,
1791311602,DxgJTLsgNVMaZBpgPzKBBBLBSdSAZzxyAeAfboUApump,TRUMP,2cYkH5MLLaUh9K1776DAjQisXo6iAJRdeJJKWqi3A7US,pumpswap,1790874603,0.000002770,2840.96,2660,2660,0.31,2.29,8.06,35.32,0,1,5,2,12,7,28,18,-1.19,-0.65,0.48,-0.44,0,1,1,1,,,,,,,,,,,
1791311586,8V2jTnUbfTDkzznAD2BwhCRR1jJrin3Exj5zPoU2AmJA,FOMO,6tdNjDNFzDdEuKyyvtKtke4Zuarp3MyZwCiERwTsq5Xg,meteoradbc,1790871402,0.0002913,,291339.43,291339.43,423.01,8081.2,47638.28,242548.92,2,1,35,12,190,131,982,712,-6.81,8.5,-8.27,-50.12,0,1,1,1,,,,,,,,,,,
1791311590,ASN6XAyWyn1psSbGKNQ7D81byp1CRTYd8Q9aA2DW9M3n,pumpfolio,BQ3gvDP8cbMZXPKtqGdzxjAWujBVLDQySJzRDgEr6C2Y,pumpswap,1790874374,0.000006184,5939.38,6019,6019,0,46.12,626.04,2211.89,0,0,2,3,9,14,31,45,,0.23,-2.45,-32.53,0,1,1,1,,,,,,,,,,,
1791311583,74wf8kZrSXrcXDytmDK4eXaePoKm92fBWtauuJdQpump,SuperCali,5Q7FCGXCbZhTtsLm5aTz5MdFfTHL3UfvQ2gCm5oGWUpr,pumpswap,1790873640,0.000002616,2875.73,2576,2576,5.71,11.42,39.75,88.42,4,0,12,3,25,16,56,50,0.53,1.16,2.59,1.04,0,1,1,1,,,,,,,,,,,
1791311612,HXxJdaQbrYRvwTAM8M8mUPyoRPvmyuUbPFBRkiAAMASS,Ansemmas,6qirp44Q2T8B1CfbGmnqeXCLdQhFqmNCfAFfpKG4N156,pumpswap,1790873795,0.0001614,42987.45,153874,153874,161.38,3206.77,40429.03,119725.01,6,3,60,33,343,320,1248,981,-0.01,0.31,6.24,-29.43,0,1,2,1,,,,,,,,,,,
1791311612,H3NJL31MZyELu2NyxtoJA4ej8ESEHtQfxZGDVwdjpump,FLINT,3TC3rRAenGqSStn6mPx3MJGpjYmMUzUxYVuo3nqwkdcd,pumpswap,1790866046,0.000003342,3441.17,3226,3226,0,0,1.77,11.32,0,0,0,0,0,2,1,8,,,0.48,-0.48,0,0,1,1,,,,,,,,,,,
1791311599,DESwuRnMHpsUfLWPrF8s6Ph9LTAVyCrMUzwhcN8kSTNK,FUSE,7zBzrNNbdQJo1ShWYtZniRJ3WyRF5YmYr4LVd8HKuXMr,raydium,1790875961,0.00003546,17822.71,35464,35464,0,649.68,9387.38,30441.59,0,0,10,15,75,97,929,541,,-7.75,-42.28,-0.28,0,1,1,1,CPMM,,,,,,,,,,
1791311613,JD3d8mxEJ91LHZSuwVLquFAKdo5PbEeLCUevjjDsPdRe,TERRA,8KYv6Ed2Ewxf1u14ggofQXTD4FVsNKFknKBfZAhDFKE6,pumpswap,1790777131,0.00001432,9275.71,13642,13642,0,15.26,536.78,1674.06,0,0,0,1,1,4,14,15,,-0.42,-17.65,-4.86,0,1,1,1,,,,,,,,,,,
1791311573,3kaPZWNgvtudaHeZoPEhkL4SX3PBvGnY725ZDRMCmKvW,LUCKY,5pTGCESF6fT53wfuvC3UVcWmdWRRWWtqird4SA37MFDG,raydium,1790869847,0.000003001,5545.98,3001,3001,0,2.26,4.41,8.44,0,1,0,2,4,2,5,7,-0.18,-0.39,1.66,3.22,0,0,1,1,CPMM,,,,,,,,,,
1791311605,FFivn1EnbiycRD3c4nAQvuD7zPyqjRqocWD8FtHcF2Sw,NYSE,7YqeLBCmR8WLok5V1rpvhbhCm4EWm9rSRznah37poBnj,meteora,1790876289,0.000003850,6455.17,3850,3850,0,0.04,4.92,148.64,0,0,0,1,0,2,2,4,,-0.1,0.41,-4.02,0,0,0,1,DYN2,,,,,,,,,,
1791311591,Azff3fCQMpu1Z6zLRKDfdihnoPgZi5p7w4rJxaXsgxJ1,HOOKER,EcKHCwwph8QwG8BrH3P9mvbwF7Tvpc5YKpVWaTDLgJz6,meteora,1790876576,0.000004338,6401.77,4338,4338,0,112.67,231.83,1524.73,0,0,0,2,0,3,11,11,,-7.21,-6.62,-4.35,0,0,0,1,DYN2,,,,,,,,,,
1791311612,GzahJ2WwEtyVvUAetrmK2zvvfhD887WtuH8hFFuh5nwn,GRIFFIN,GdwvZhNuEpv2mWARrgXtKFMLCDYZQ2aFVtRUFzXmDBHG,raydium,1790875416,0.00001132,11435.55,11328,11328,0,4.41,417.89,1206.67,0,0,0,2,4,4,7,19,,-0.07,14.73,1.53,0,1,1,1,CPMM,,,,,,,,,,
1791311590,AaQ6XhjqrTnTWt17VHbTMdJPdWHB9Kx5UCPAZnNNpump,RINSE,97WA9HpK3j4N4y1qz37trWcdLYjH9x2KcSLRKobwkrT4,pumpswap,1790878911,0.000003067,3211.97,2950,2950,0,0,7.84,9.39,0,0,0,0,2,2,2,4,,,0.65,0.82,0,1,1,1,,,,,,,,,,,
1791311615,bn6RCR2xHdASpU3cHPxs3Vz3ve9qj8PaXiKKz6oTUof,𝕏/ACC,DH9jbFEXPGgaMvUAg9xshjoLnRizYNV8tpUMw3R7c2tU,pumpswap,1790877972,0.00002264,12129.3,21277,21277,29.81,1465.6,3940.32,10033.08,1,0,14,8,60,34,157,133,0.62,30.38,30.12,-2.69,0,0,1,1,,,,,,,,,,,
1791311610,GTz5rfocFdbD3eWKMu4kzTjRVjkjzZwEaS95uD3Rpump,AMD,GALE4iPEpVfjYgzGTo7BoUhujawWKuCAU6bGkX7huWUu,pumpswap,1790877025,0.000002690,2954.89,2648,2648,0.29,4.1,35.3,153.44,1,0,6,4,18,15,103,82,1.42,0.64,1.16,0.61,0,1,2,1,,,,,,,,,,,
1791311576,5CpQs2YaLY7z3XKLqNRcSLn38q9GQ7S1yteqcpTipump,𝕏/ACC,HjutGtwLCe3j6ZvfWScJRTwgx5tSiT5E1HzimPKwkWJJ,pumpswap,1790878100,0.000002638,2911.23,2567,2567,0,0,0,11.02,0,0,0,0,0,0,1,1,,,,-1.29,0,0,0,1,,,,,,,,,,,
1791311602,ELEnRRcKCuuPJBJPeTTGCRocjkBCwbd3R3f8nyg8pump,silent,2bzfurGrmWhEXHpLggzGoJmt4hjHu7EQubtByVrdvBYS,pumpswap,1790880054,0.000002586,2749.03,2545,2545,0,0.84,1.63,26,0,0,0,1,0,5,1,13,,0.74,0.87,-0.57,0,1,1,1,,,,,,,,,,,
1791311573,3oKUDGkNqbfKKrYNALjCX3kPsvDTjawnsf9v4dkneUC7,SEC,CctYvZM6eZdx6UwDsdMgpun1dRHC6WGutSSMumBRV2Zq,raydium,1790875613,0.0007933,86046.82,793309,793309,523.53,2000.43,22016.58,177255.41,2,4,9,21,134,112,917,611,-2.62,-4.04,44.29,-56.19,0,1,1,1,CPMM,,,,,,,,,,
1791311589,AFdP6pnJwj2mwfeji6rR2bA9pz1AVV96u1R194dLJwKK,PUMPE,2xf3W6SaPeBhwkT1ShHXkbhGGJohtdWuBDCjdZ6Xva8B,pumpswap,1790882186,0.000002719,2888.8,2628,2628,0,1.27,3.27,11.39,0,0,2,1,3,2,5,5,,1.68,2.07,2.4,0,1,2,1,,,,,,,,,,,
1791311602,ELrh9rMDKTyzEs2wiyriwZr6v1ctXVbMZvtLb5NZpump,ANSEMWEEN,ApCE8T21XxoV9juL92YY4w5AymFzFScKueVYdYoRDNAH,pumpswap,1790884192,0.000003120,3055.93,2981,2981,0,0,14.28,35.65,0,0,0,0,0,1,1,6,,,-0.67,-1.76,0,0,1,1,,,,,,,,,,,
1791311588,9fSncMMvKNcr8T4VBGsk8rBQrKqkRGCFBNWgTTiCpump,PumpBlox,EqxkDxX7i8t1cadgTLQnRJsMLcPphPvmUKZ36MQuqRWR,pumpswap,1790880911,0.0002464,49313.86,244808,244808,35.07,41.1,958.61,9246,3,0,7,0,22,16,90,71,-0.73,0.9,-2.33,-20.57,0,1,2,1,,,,,,,,,,,
1791311569,26XdE2iBEiTnjgKHTcY3afaqnUtWfAj8HHrciQBBpump,Mymo,A7WoBBJTZpb9jE3GYPhP6NcqjQiBGumJCdpgcqTVajg8,pumpswap,1790882446,0.000002836,2816.14,2727,2727,0,3.03,21.73,81.95,0,0,3,3,14,9,52,51,,0.73,2.3,0.53,0,0,3,1,,,,,,,,,,,
1791311586,8svf3G1X4mnAX3Xm71jFXgiHydbvc5XKQKicbnokRUky,COMMIE,Cmcfrs6r6dsCyXvhooFbwvbvNDqe3vDHeXcKmfWGAzrr,raydium,1790880518,0.00001405,12629.66,14053,14053,0,63.16,733.46,4585.93,0,0,2,3,13,36,88,110,,1.17,-6.04,10.78,0,0,0,1,CPMM,,,,,,,,,,
1791311586,8QHCUwkKLSeuBfz9BVxSd4oXCJ3wMCYkRaSNXPnpump,BSI,5h127wbrPtdCJLSqg4BPRYRSXYexBHpdwYquYZ4nuKFc,pumpswap,1790880540,0.000002274,2300,2266,2266,0,0,0,1.17,0,0,0,0,0,0,0,1,,,,,0,1,0,1,,,,,,,,,,,
1791311575,4K8V9yH6kKRLS46BTG68Te1QHLkb7an8J5YcWQ3ppump,SACC,7eQjxhGFZcjioSBX2GS72poE4XrqYYsyUBDryb36s6Ed,pumpswap,1790878013,0.000002681,3110.28,2657,2657,0,1.33,4.52,37.36,0,0,2,0,3,1,4,5,,1.88,0.99,-0.59,0,1,1,1,,,,,,,,,,,
1791311583,7KEPApdbBMByrmqihz3bht2uMhFQcatjfSFQCKq66kH3,DARK,Cprsvqk2riV3WmTewKK9m6cm62zaAqLDArAbBmN3pe4f,raydium,1790876181,0.001543,132246.76,1543101,1543101,1146.77,20500.83,171414.63,1484488.98,5,9,86,106,747,752,3214,3188,-1.37,9.02,-18.71,-4.87,0,2,1,1,CPMM,,,,,,,,,,
1791311596,CE8HkJ6BY8iEuTuUBNQTVSXxZn7KTXc21dnBmbkppump,UPTOBER,6bPEKpBxaLB2DDm8nmLPuFRteT4YmqwXvaiqS6LZCaeA,pumpswap,1790883084,0.00002032,11104.72,19716,19716,0,0,0,0.14,0,0,0,0,0,0,0,1,,,,,0,0,1,1,,,,,,,,,,,
1791311602,E5BSMSUDeAV4QVNTKaBJsk3dXz5x46usjZCkEC7ZLf7M,UPINU,2FETgq6jJbTeaKuAPH9irM8ADCB8gx6VCqTf4Jfnca8v,pumpswap,1790936022,0.000003756,3527.39,3407,3407,0,13.03,57.73,108.16,0,0,9,4,24,20,65,58,,2.17,2.43,1.16,0,0,2,1,,,,,,,,,,,
1791311574,48QwQmAa6J3iBuUGUwVA9Fy1vkwx4wisSrd2gVSDpump,MUSE,2jC1sHurtsRNpaPaYwjCtN9z8EkK7aD7h6HzF4BtosTm,pumpswap,1790883706,0.000002762,2745.19,2625,2625,0,0,0,4.66,0,0,0,0,0,0,1,1,,,,-1.44,0,1,1,1,,,,,,,,,,,
1791311586,8CFG8NK17jJ81VhY4D9WFE1MHKomVb5ao7Eqv6Tg3iiZ,VBUCKS,87hMAezpCey9426J88dp3hazzWoRXwtu9cANxHn3SXCj,raydium,1790871915,0.00002110,13335.74,21102,21102,0,3.67,274.12,5253.07,0,0,1,1,11,9,79,133,,0.11,3.44,9.09,0,1,2,1,CPMM,,,,,,,,,,
1791311571,37t1792p1eFWxmEroYRXe26FStK5UQzWz2zfN77q1Tjv,Sid,F2nS3wgQabjYR5zDYfXUSmkyDcxrCQdfHF1wmLRgb4Tn,pumpswap,1790882893,0.00001129,8193.71,10995,10995,2.15,123.81,6160.8,43272.69,0,1,3,6,53,71,429,351,-0.23,-2.52,-66.71,121,0,0,1,1,,,,,,,,,,,
1791311580,6S3G64EU4fXpwWWk1qHNUnWMtrLYtC6FwqXMsJU1pump,GIRLS,Fy546cLFXpyQsWsHGt7YhQfq95xn4r6wKNqVkcnzDVLu,pumpswap,1790883960,0.000002491,2484.94,2301,2301,0,0,0.57,4.88,0,0,0,0,0,1,1,3,,,0.99,-0.47,0,0,0,1,,,,,,,,,,,
1791311588,9fJAWKQpkY93hfuZxrHfh5wEh2AV9vjkWNQfzfbziHd2,PUMPE,G7iLGa5Y8CERJaW2asC4bMV5SWjijQ1y2SWU5sBdZxr2,raydium,1790881120,0.001303,115962.41,1303698,1303698,1.98,8193.09,82759.6,420303.45,2,0,15,25,149,197,893,856,-0.09,4.03,4.61,-41.67,0,0,1,1,CPMM,,,,,,,,,,
1791311578,5Mv6c7taXXkKn4byivDALNJJZ5NGu3aB9WJVXgSVFt3p,STONKR,Fv4G5XJ3WLF73UNAsPLABnCzFF16DuPMp9oehY6otpte,raydium,1790885460,0.00002490,14092.33,24900,24900,0,11.38,419.57,5003.52,0,0,5,1,11,9,44,90,,-0.99,26.26,18.28,0,1,1,1,CPMM,,,,,,,,,,
1791311613,JAqGStn3hvZxb1wmJRigtD2sEPode3KvuGLcEmP4pump,HUNT,2b4RoajTGM8GLv1qbnbw1L8cU4sYpUxF2Ek36gB7dHii,pumpswap,1790885652,0.000005343,5416.42,5096,5096,0,0,1.06,13.21,0,0,0,0,0,1,1,1,,,0.45,0.45,0,1,1,1,,,,,,,,,,,
1791311586,8HJY9GTiEGgPoUAs3YSRiwLUukZKhKcH1ngqLB8qcBxx,PUNCH,3o2QaESTB6epYfkLzWndPXhhDZYJsrh5LRsv2ETGPDHa,pumpswap,1790883419,0.00005595,21218.54,54353,54353,0,233.02,7754.03,330985.23,0,0,2,2,55,51,1358,1137,,-2.46,11.32,28.88,0,1,2,1,,,,,,,,,,,
1791311615,icgvvPx9b76BoJ5CscGzYL8zzAHZNXzgY2NpqnUuhdG,PUMPOWEEN,Dx4s2TDm3p3xGfX9VSTnK4x3jTzLKMYQWCdmnmjxUxit,pumpswap,1790886511,0.00003248,16320.13,31254,31254,0,0,375.18,684.72,0,0,0,0,2,3,6,11,,,-0.57,-3.17,0,1,1,1,,,,,,,,,,,
1791311595,BzhEC3LdcMPbzkWfJs4YJ1TTjM2MZKR7DMJfR3Hbpump,Ghost,B7hjMXYsbc1hrsJMmAWN7SXXT2jVXFUeWR9J7RHVEH6F,pumpfun,1790883893,0.00002085,,20855.88,20855.88,0,131.3,2944.56,11324.44,0,0,4,2,32,34,154,116,,2.74,9.12,12.13,0,0,1,1,,,,,,,,,,,
1791311586,8RvkVCzoQ4i1Dc7LKfQV2UopCKtLjxFGhe3vFDzVbTP5,Hutter,FJzw3uikntaw3WZk3YqDi1emoz4973uDTR8bLUJeJY1o,pumpswap,1790885729,0.000003150,3391.01,3104,3104,0,0,2.91,3.07,0,0,0,0,0,1,0,4,,,-0.03,-0.08,0,0,0,1,,,,,,,,,,,
1791311583,7FXUnLBeMGonXs6qx4z3Vyba3VHX6hxwnkCLsYwmpump,Pabu,8jP1Kn5gAU7KBJsRvvfpSwRDZxVnjgXmxgaFLpVCexJ1,pumpswap,1790885170,0.000004879,4455.34,4734,4734,0,0,0,21.83,0,0,0,0,0,0,0,3,,,,-0.59,0,0,1,1,,,,,,,,,,,
1791311571,3Cs9yQ4sojDi2SPSYjVR42zSXmc5TkS4tsP9fvkqJRi8,WINU,BAaQbztPRvqeJZ5bQhZTBDkjx44wPKS5DDuWdzMeAuUT,raydium,1790883596,0.000004954,6512.38,4954,4954,0,0,0,30.93,0,0,0,0,0,0,1,1,,,,0.12,0,0,1,1,CPMM,,,,,,,,,,
1791311613,J8UMqzWn4gVXmc8EJMbmQ5s6s5r3bXARYYT8j6RTpump,PTP,HpWG6L4g7pTC4gPy3pdyNSWFbT2AxmBeW2XsvWdbBbis,pumpswap,1790888711,0.000002366,2406.52,2289,2289,0,0,0,3.37,0,0,0,0,0,0,0,5,,,,-0.97,0,1,1,1,,,,,,,,,,,
1791311612,GoADAwux19tGxb3W4ykPzZz8p5JCSYaxBRpuW7s9pump,OCTO,3uXWc5dnrU6rz7t23PpJirZQnwfw9huq8LnNhorLXTK5,pumpswap,1790886327,0.001161,119592.09,998187,1084657,844.86,14579.82,287218.06,529131.67,33,1,79,15,809,876,1728,1611,2.63,-11.23,20.69,-34.71,0,1,1,1,,,,,,,,,,,
1791311574,458eEcXufhsLoS1NWa6donw9Yh9USfWMCtBmyFTypump,WIRED,5fyKn3vV2FG6zjKNtUhZCAS5Kym23zeEFaEJowoCreMa,pumpswap,1790886822,0.000005242,5804.18,5147,5147,0,0,84.89,7098.45,0,0,0,0,0,5,29,46,,,-2.37,-4.48,0,1,1,1,,,,,,,,,,,
1791311588,9qUTeFNXFh35YmdtayeniRUr8o31rXYzMK3Jv5Zypump,limit,25TKBUsN1SXen5kiWaDn11q7Dr1dZhusZ5WiENMqdbi2,pumpswap,1790888477,0.000005530,4857.55,5403,5403,0,4.48,19.53,78.01,0,0,1,1,4,1,5,8,,-1.31,0.82,-1.99,0,1,1,1,,,,,,,,,,,
1791311578,5RPouA3vYSHhnEmrtwvhBsLctZ1K8nHnPosuMXSCpump,POC,C7ZVdL83SrYi5tuUKrjnbz1iY2sJ4SuND1vKHz8m9CNq,pumpswap,1790888940,0.000004947,4891.68,4692,4692,0,0,0,239.97,0,0,0,0,0,0,1,12,,,,-9.46,0,1,1,1,,,,,,,,,,,
1791311571,2Wtxyc24kMMLeTdW7XsDsfsaUgQASHUsYUzm8qPWpump,RipGo,GKTk2dF86YEZCAQijJsGTF9eCLUtU88Dz5X5BXv2hmV1,pumpswap,1790887814,0.00001116,9225.08,10752,10752,0,0,0,77.28,0,0,0,0,0,0,1,3,,,,3.44,0,1,1,1,,,,,,,,,,,
1791311596,CZdNwvFCdKM5KoVLNFj1uc5anCYteHXCJP5Aq5Kkpump,GDEX,2xMj4Nhu3NnUkfRebZ9dV5oppERBdzwsnYcBcG91FghG,pumpswap,1790907561,0.000006348,5265.14,6177,6177,0,5.89,21.11,92.06,0,0,9,0,17,5,29,21,,0.74,0.63,-1.03,0,1,1,1,,,,,,,,,,,
1791311615,mNg27UTWqp7UyL8npd1wNCZNf7C6G24sxnM5FM5qpad,pad,67KdbFJ7iSKYJsZZC1YnMA6f6L7KxFcT9p7NqYEArG39,pumpswap,1790891125,0.000002909,2920.08,2786,2786,0,0,0,229.61,0,0,0,0,0,0,0,14,,,,-15.7,0,1,1,1,,,,,,,,,,,
1791311605,FXQPeVeEx9n2J1Qb7tmtPWxAbbKm36r2xoKve6RShKZh,CHONKS,2zo45v6uWbPwq1YAMWAfCgoo4rBGG5jgJtYrdxnqzzfZ,raydium,1790891175,0.00002966,15337.59,29661,29661,59.68,694.96,1605.15,4296.88,1,0,5,4,12,16,28,50,1.46,2.96,5.85,-8.38,0,1,2,1,CPMM,,,,,,,,,,
1791311597,CoN8oLvyWTjtSBFTEjUWLz25BXJmGjTvNcYh81D3pump,MAMESUKE,5rcqUcL7XGaoLAymqfwZK7mqnhsPcf2rN4y5tqQ1iqiF,pumpswap,1790880399,0.00006416,21712.33,62427,62427,0,7.27,2396.2,5002.56,0,0,4,1,10,40,48,167,,1.99,-29.5,-28.81,0,1,2,1,,,,,,,,,,,
1791311612,GnsjGzaJAGH2kwpwdh7S7DQzne22937Xi58ZHsYEN4uK,BORN,4xKtoPrp7gEjw7sM3goagSL5j5CvyjRhCjVX4Qusz49Q,meteora,1790882204,0.00006531,20301.24,65317,65317,0,268.32,7218.95,16959.87,0,0,2,4,47,33,113,91,,-3.64,8.7,11.23,0,1,2,1,DYN2,,,,,,,,,,
1791311582,6bQ4MCnJ5rab9pDGR43hbTCf1GabYEVmCP2oLyexSmvC,FIX6900,4qbokk9tDkinqANgHGMw1vHD73MuwCuSLeJfGjjHpLgw,pumpswap,1790892426,0.000005901,6460.61,5804,5804,0,0,11.24,1322.18,0,0,0,0,0,3,13,38,,,-5.27,-12.45,0,0,1,1,,,,,,,,,,,
1791311569,11mwXYNHsK5orsvHokxsYgRbpo145k6SbXTYYkYpump,AMC,Ar2LBpMRpwJE8uqgBpytWVrhiyXAQFkxFmrewxZzh96u,pumpswap,1790890433,0.000002551,2820.66,2514,2514,0,13.19,41.19,159.81,0,0,5,3,9,14,79,67,,0.09,0.15,-0.5,0,1,1,1,,,,,,,,,,,
1791311582,6iGkDwTZKgG7f4pEyhnE7xU293rjpxGejSQkMWYjpump,STONKTOK,BCSe3Sed87cjNYezchkkAM5XXAtqMTv4wETeh1ZriQo4,pumpswap,1790892937,0.000002516,2652.73,2445,2445,0,0,0.23,31.66,0,0,0,0,0,1,24,3,,,1.36,3.75,0,0,0,1,,,,,,,,,,,
1791311600,DRG67aZrzfeSjTa2YfFZvcioYEALwBFt4rgQckiPui8T,Play,8JTFWsXE34YY57fh7YdoEpGXC6CGKM3zDonvrJd2uAxK,pumpswap,1790896722,0.00001733,10086.5,16505,16505,0,10.87,660.47,11304.73,0,0,1,1,9,13,93,103,,0.03,-5.93,-54.7,0,0,2,1,,,,,,,,,,,
1791311583,7VertkgF9KLhxxJXHX6uaWuoYZTP9LdGj2bWmVXVpump,Agency,CyJwKnLiiY4fmiwqMCSWFSHxo7T9Ubshgs2uRAuJCrk5,pumpswap,1790894555,0.006391,381183.39,6123628,6144590,7141.18,77844.76,1321678.09,8150472.97,37,18,371,255,4351,3902,24427,21687,-1.08,-2.15,-10.28,-48.48,0,1,1,1,,,,,,,,,,,
1791311586,8r5faMhtYbc7gp411LQt9oqzQybRfy6LG2FJauTsfnKg,ORBIT,57sSkdadcLBdbgn5gZr4LAgctgyzAh3B6yDf9Zdappai,meteora,1790966306,0.00004015,19554.59,38055,38055,80.63,4111.44,28052.04,77093.66,1,3,30,30,203,155,547,434,-2.07,-2.26,-59.19,-50.72,0,1,2,1,DYN2,,,,,,,,,,
1791311595,BvJUuGCj13QTpF3DwoPtYcpyKFNk8chLnb2rzbpNWXyk,FIX6900,HdMxM2iSnCJ2uLjnyuP9WSq4Z1JyKtdH3JjbBc1oC1tx,pumpswap,1790893303,0.000002520,2761.96,2464,2464,0,0,0,45.88,0,0,0,0,0,0,0,3,,,,-2.7,0,1,0,1,,,,,,,,,,,
1791311615,quNxJesoKwZjMdRjCWKikDYJ24xLwuS5bupiH3yWCjV,FIX6900,6kz453j5hsyVojKW1s9LFQ5dDSqnzFwWQnGMeTNnNqdR,pumpswap,1790893050,0.000003537,3787.93,3423,3423,0,0,0,152.37,0,0,0,0,0,0,3,4,,,,-1,0,1,1,1,,,,,,,,,,,
1791311593,BJyrtwU1hnK4Q2tgfmNvuDJgZu31MaK6t6xy8BHtWRha,Jane,FWGMbPUG8z3bBuVtaJaahusZD2dCCoLdSJ33qSoNvKXR,pumpswap,1790894494,0.000002454,2586.01,2366,2366,0,0,0,1.23,0,0,0,0,0,0,0,2,,,,-1.17,0,0,0,1,,,,,,,,,,,
1791311612,HkHsPkvv6Ccv5t5y295cG5QAYSuazEaFS4YSyUFZpump,BROKE,2MowcSAPsumAC5u6cbo17SwVzrTvCcuvvkRRsTibE1zt,pumpswap,1790895724,0.000002826,2865.1,2700,2700,0,7.7,16.01,34.11,0,0,3,2,5,3,15,11,,-0.13,1.47,0.66,0,1,2,1,,,,,,,,,,,
1791311612,GxPPN2V3bLdQJn3vDuqCfJQ9PjqqRdKVUxBTx5Cepump,MICRO,87vrzRCHU336KiD2ft46YeiV8CCFoc7Zs1zpY5VBAmNE,pumpswap,1790895289,0.000003107,3681.43,3033,3033,0,0,0,10.46,0,0,0,0,0,0,2,7,,,,-0.01,0,1,1,1,,,,,,,,,,,
1791311603,ERxLYPjqeFfLsnChuPnvS6f3y5Me8BjgJi9oWaTJpump,e/acc,ADd8YiSXcRn6kL6t8LsSyiCQTWyWJtLFy5R7gzANZoqK,pumpswap,1790894548,0.000002933,3271.07,2882,2882,0,0.06,25.11,33,0,0,0,1,3,4,4,9,,-0.54,0.98,2.05,0,1,1,1,,,,,,,,,,,
1791311573,3m1yuqZMf136CEAFnnBxEekS4oVAXztxPEGuB3xbAEea,SAFE,2zQuXgBCMVuVWHHfoEUp3E2gMWSu7SwFxGcpo3aj8GVy,meteora,1790894887,0.000002786,4707.01,2787,2787,0,0,0,0.49,0,0,0,0,0,0,0,2,,,,-0.08,0,1,1,1,DYN2,,,,,,,,,,
1791311569,2GU7xJt4M5djAC7az3jzpFr5ApBTJK2e3LWXKrNypump,MICROCHIMPS,3RbHzMCHM1bSxddHKMMmZfG3VJrhBFYFNvDmsQCULMcR,pumpswap,1790895121,0.000007476,5930.13,7118,7118,0,3.13,3.13,520.36,0,0,0,1,0,1,0,7,,0.75,0.75,-21.69,0,1,1,1,,,,,,,,,,,
1791311573,3TtCNtvNLPTe21RnA8WbC2QRUYCABDZEqdLRPeErpump,WANT,rntGzi9ph9Sd2LbpjQ5RCEvbb7nsXp13kS8jfWSHwoW,pumpswap,1790897715,0.000002905,2936.87,2802,2802,3.11,7.95,42.51,248.73,5,0,16,3,31,13,77,49,0.37,1.12,4.01,-6.25,0,0,1,1,,,,,,,,,,,
1791311582,6d82cCtC1LktWWgjUz5h3vMenFj5EDHLMBFvcpmvrRi,shoggoth,8RdbS9dStwL1HK4tVzkgwG84TmREU947BRBXf6fQRJus,pumpswap,1790895893,0.00003857,19410.89,31652,31652,0,202.34,7545.8,33269.24,0,0,3,1,39,42,278,292,,4.48,1.62,-21.91,0,1,1,1,,,,,,,,,,,
1791311588,9Y4afMW81vqd26i1c9vX3SEbaYMbtPifFRCYHqVUpump,LUCAS,2mFrDNHUqpqdj5Ndrp4gU92pquBZWUJH8R81YLLg2q4S,pumpswap,1790901969,0.000002790,2776.99,2674,2674,2.25,12.29,41.99,119.23,3,1,12,6,22,19,66,63,0.19,1.18,2.31,1.07,0,0,2,1,,,,,,,,,,,
1791311580,5zxzU6duesnfLdtAQ4kJPrcPkiFHz3PcbkmZ5QQm5QgN,RAMCAT,69Fypsx4NbpNRQppMpGAKQZ8tSjhwjRZ1BMrWXAuiZjo,raydium,1790897450,0.00001628,13433.56,16283,16283,0,517.17,2790.1,8285.37,0,0,0,5,30,31,88,88,,-13.91,-10.08,-15.32,0,0,1,1,CPMM,,,,,,,,,,
1791311602,EFtMJryTCBdDcc7MS1wnsW41wD6edXcvLkUvH3v1pump,SIP,4BkiAwwFf5Qqjm3ALL9dkLVsoWZsB1i8RamL6eJaiG91,pumpswap,1790900341,0.000003197,3436.34,3125,3125,0,3.22,5.64,98.12,0,0,2,2,7,8,26,18,,0.74,0.28,-5.97,0,1,1,1,,,,,,,,,,,
1791311615,fqT5Ta7LN1s1ghcJVyuhxXp8PXYyjup1jX2AWCHpump,aduse,5q9JUEockjpPNzdw7CwdzRUSdWYAkMmbCBKoDWgTFLNC,pumpswap,1790900631,0.000002856,2912.27,2742,2742,0,1.87,1.87,15.96,0,0,1,0,1,0,2,4,,2.34,2.34,,0,1,1,1,,,,,,,,,,,
1791311617,uPnLjPVtyJ359VMyEC6Kp1suDix79KSh1JzZvPhpump,SLABS,5Mfcy6h2ex3zivnD4fb7faLqMmvg2T4GE8nxBSJhXsgq,pumpswap,1790898399,0.000005495,5681.99,5353,5353,0,0,0,264.14,0,0,0,0,0,0,5,3,,,,-0.29,0,1,1,1,,,,,,,,,,,
1791311613,MN8iFkQt7Y93wmoxcrPdXkQRbWqXYjAYCXKRCmiNDEx,PUMP100,6gsEeFRaz6bDqfbm8Ct1vMcihGvG3YZwJLP2NsU2DGcw,pumpswap,1790900056,0.000002992,3119.56,2935,2935,0,0,0,5.92,0,0,0,0,0,0,0,2,,,,0.16,0,1,0,1,,,,,,,,,,,
1791311571,2bN51Rmq9bxXoafZMP6m26HfiEB8uqxdD4SpuyPCCASH,CASH,HiNZvNqK9LKvCfFpJyg1sVEFKN2FiQsQrNsohdseQpnY,pumpswap,1790899759,0.000002905,3019.58,2837,2837,0,0,0.3,1.25,0,0,0,0,0,1,0,4,,,-0.03,-0.42,0,1,1,1,,,,,,,,,,,
1791311580,6D7KHzQWUueMYUo7ERRo6M2y1ni4DEdar39r9jQj5nkk,RAM,BBSUrbytsQJYq6i3Vivk2sszqGxsJfo9ZEpHmPSzrVRL,raydium,1790898939,0.000003754,5412.13,3754,3754,0,0.74,282.25,2694.92,0,0,0,1,1,6,31,28,,-0.25,-16.94,-12,0,0,1,1,CPMM,,,,,,,,,,
1791311615,f9t9ZtbmonrKiJP1GECP2HZoFM3sQrpPzs2pAqfpump,TRUMP,G4U559n8t9FnR7dRT2Mn2z1BbhnsJ3Hre6dCeaXc6nf4,pumpswap,1790889206,0.000005127,5091.76,5062,5062,0,0.09,57.16,808.52,0,0,0,1,2,7,13,37,,-0.23,-0.61,-14.46,0,0,1,1,,,,,,,,,,,
1791311593,BZFYNPeQAEW3HWQ4DNsTVahC1n4ZjTgn6jB2nnBbB96W,SAPLING,6ejg4aYJM3Mk1t2zBKjbJ43df3s7rBMpC9mgo526K51G,pumpswap,1790372353,0.002872,257243.61,2299997,2299997,1450.64,16542.34,116849.99,889401.12,5,2,58,36,271,322,1921,1888,1.89,2.7,9.33,30.57,0,1,2,1,,,,,,,,,,,
1791311604,Eqj36zHPTboNDYfX24sXvWf9e1wqY7kr823hbSY1pump,CUH,ADAta1RwnJaojRtsSVmN8CF8UFU23fmNdzbsxR1rzBoi,pumpswap,1790981197,0.00002669,13983.07,25375,25375,0,286.66,1337.01,8623.6,0,0,14,2,22,12,117,91,,1.47,-8.59,18.26,0,1,1,1,,,,,,,,,,,
1791311612,GyTy9NX22wdrSeWUvSrZTKGntNLSrFDrXLb2Hxaw7Gqc,INU,LqEhQYvbSjhqnu4UTp1rYSQV4he2zkoWzGRnBKS23WE,pumpswap,1790901811,0.000009429,7720.66,9041,9041,0,971.07,2347.69,20066.38,0,0,10,7,26,14,149,127,,3.95,44.54,37.94,0,0,1,1,,,,,,,,,,,
1791311583,7cSPCV6Sadhcuk8zBa7o7mu2ny4ccmXB8XU6HcqPcSqY,PI,FsyQ9Zj14C4RScWDYpHGCidhRZo3PVcNqR5bmunGxWnb,pumpswap,1790903973,0.00001007,7863.93,9821,9821,0,102.76,2260.34,11663.57,0,0,2,0,14,11,91,65,,6.41,-25.73,10.92,0,0,1,1,,,,,,,,,,,
1791311590,AZ9NHodnyb6wPYian1Fd9HF1mfvPNkJEecExVT1Sevjg,SHINU,7JMq5DC6G3LrBFWSwe8nDvWALPrz7bn2VZUD7owLZXwU,pumpswap,1790902472,0.0002183,51792.52,207304,207304,11.86,5632.55,40397.49,230229.36,0,2,36,31,277,157,1126,902,-0.12,-1.7,32.08,26.73,0,1,1,1,,,,,,,,,,,
1791311587,9NHLQy5gSKYejNxQ4waZJrxSFTKz9n97nGggyNMCpump,blofomo,D3depcMHKRyi47q4as6YTbbWtSppaSwBnsEWbFXRXgXa,pumpswap,1790903562,0.000003110,3813.2,3033,3033,0,0,5.76,5.87,0,0,0,0,1,1,1,5,,,12.42,1.18,0,1,1,1,,,,,,,,,,,
1791311571,2ZfU7Kv3mE86vUDQ1usf9bfDgyqjwP7JzqgvLmudpump,GO,6oD1kBVy7crVpav7nbXTiVxRFowWdPbg9XykJUE8tRi,pumpswap,1790905374,0.000002693,2710.51,2622,2622,0,0,38.02,38.02,0,0,0,0,0,1,0,2,,,0.03,0.03,0,1,1,1,,,,,,,,,,,
1791311599,DBn1mFRGcnKoSCkgh7w7BFM64dZvpbtZQWeXnyBJanon,anon,5B94srvYnVNY71GW5vKpKSWdBH2KW5PcDXNwrgRBwsB7,pumpswap,1790907247,0.000002694,2740,2616,2616,0,0,0,0.22,0,0,0,0,0,0,0,2,,,,-0.05,0,2,1,1,,,,,,,,,,,
1791311588,9Vke8MJboctWv8N922NJXhcoZpC4xy5TSH5SQEopxR8x,BREAD,3XcumiHFARp6EBvd4rZNvyErViFTweBjysh2xFVPiXyB,meteoradbc,1790903631,0.000009720,,9281.29,9281.29,0,27.63,755.36,2434.64,0,0,0,1,7,10,28,23,,-0.26,-9.84,-23.89,0,0,0,1,,,,,,,,,,,
1791311586,8jjRE5D2pUnEF6U2dYkL2n1Nw4Lwn6sQY7QpZkqUjhXX,JUBJUB,8SCfVT1p5MzC352e68t5CUgybYwKtat2jjKidNtjahxM,pumpswap,1790903969,0.000009159,7094.24,8603,8603,0,0,826.56,12507.34,0,0,0,0,6,3,64,60,,,16.35,16.53,0,0,0,1,,,,,,,,,,,
1791311613,J98BvxSNtzCKsPaporUaAVmEB3wkpnKWeYo7EtmHpump,Cateoween,71gc5XdBJUGNHtijM5otMWnn3vi2FMfan6g55FoJku1T,pumpswap,1790909433,0.000003036,2974.27,2911,2911,0,0,103.84,189.93,0,0,0,0,0,2,8,6,,,-4.11,-0.01,0,1,1,1,,,,,,,,,,,
1791311613,J9SjRyY24ZNPgbQUQYQSv43i2QgVrNYek4scbFgSpump,MEME500,8TKphAhrgz9EMG29Vepk1rAkDJfW69UFe4Yb1xadBhnR,pumpswap,1790904879,0.000002773,2836.12,2694,2694,0,0,6.67,6.67,0,0,0,0,1,2,1,2,,,-0.27,-0.27,0,1,1,1,,,,,,,,,,,
1791311588,9auxxjpRQFcKyteHhAESosvvqwyPJPCQJwbAddkfpump,mote,DWpn2uNs1NwMujAASPpw5eP4ZQLmc8gjZYFSz5FCH9Sn,pumpswap,1790905261,0.000003073,3075.86,2782,2782,0,0,3.26,22,0,0,0,0,0,2,4,10,,,0.42,0.05,0,1,1,1,,,,,,,,,,,
1791311583,7cYaQc21w9dzKkGP6LgkqtmL5yzoK5UJE1GeamTRHwny,test,DZrcUWZy7WfKx1ktcJpaSNRWLgUFB8T5Hk7quj8coDNV,pumpswap,1790905861,0.000006845,6757.91,6407,6407,0,0.95,25.55,548.77,0,0,0,1,1,6,15,20,,-0.44,-0.13,6.65,0,1,1,1,,,,,,,,,,,
1791311596,CRwv4LBK1gX1NeeGWjtuN7X9RTPk3MaAiKk6gYnggWej,kimchi,DvNE6wWTQD9GnjvqKFRD12dktn9ywJXb9PneKVX5NNpq,pumpswap,1790907582,0.000004677,4323.31,4522,4522,0,0,1002.53,1251.26,0,0,0,0,8,4,9,11,,,25.75,28.07,0,1,1,1,,,,,,,,,,,
1791311606,FgssigTgpp1EAZaAvmFJDQ8mXEatZZ6CNvmGg7Sppump,Jesus,EbAuPetBjCk3oXQhrDM89WvijUeRjPrrTpmQMphGh51p,pumpswap,1790908973,0.000004007,3745.18,3828,3828,0,0,53.72,1346.86,0,0,0,0,1,5,19,26,,,-2.91,-10.63,0,0,1,1,,,,,,,,,,,
1791311591,B2YmeEq3kUKffKi2UntSrouq6pKpyXzGVAmCahYpump,VORF,741pxtzVVMPF6hBP9XsFCypwFWQQC6dB1Myt9tBN96y2,pumpswap,1790909175,0.000002183,2258.11,2182,2182,0,0,0.14,241057.75,0,0,0,0,1,1,2398,2330,,,-0.77,-99.96,0,0,0,1,,,,,,,,,,,
1791311593,BGnqFdgHEd6RZyerULVqyj2is1uXRMoV3pyr5ecvmNGr,7,FoKHJCJQ4WLvEXWPcaGVSMUA39Hb39P2FaDWoLLRMA6f,pumpswap,1790909196,0.000004126,3835.42,3443,3443,0,10.3,675.29,851.08,0,0,0,1,6,6,6,9,,-0.89,15.7,4.29,0,0,0,1,,,,,,,,,,,
1791311597,CnbDp3n7CoqXZ5hci1JDd9gy2bz5BWfnC1WHAR7eQtXa,LUCY,D7rGSYc4j12ZFDqUQon9uMs8ZN2LFQ85Nb6k8Wx9pT5q,pumpswap,1790908606,0.000003640,4164.73,3604,3604,0,0.07,0.07,10.96,0,0,0,1,0,1,1,7,,0.22,0.22,0.47,0,1,1,1,,,,,,,,,,,
1791311599,DFBXVQ1SodqhNKmmw1BYfyhTVMiZCMzLmksKvwk6pump,SUPERMICRO,97rrxB5gZhzPFwsVaVJRiAx8ifetUDMJ1dboTk66HzTy,pumpswap,1790909022,0.000002391,2532.87,2329,2329,0,0,0,7.27,0,0,0,1,0,1,1,3,,0.24,0.24,-2.49,0,0,0,1,,,,,,,,,,,
1791311590,AS5mTg4AaXukaPtGUopY9u4mbnLEm8L2azbGafp1pump,Pickle,88hFPVsc1zwtGLdkZbGy7SKScfmMPLJtK53JrpWXmG4Z,pumpswap,1790911018,0.000002979,3039.86,2875,2875,0,0,15.48,20.36,0,0,0,0,2,3,2,5,,,-0.49,-1.27,0,1,1,1,,,,,,,,,,,
1791311602,EMggcycbSGJt1NncfchSWCTrtE7tCnrnka52c8X5pump,MSI,9JE8rpzsYVNXTK4GKBf4vCBhp6rj2kmqY8azr3gUURcY,pumpswap,1790910067,0.000002928,3012.76,2913,2913,0,0,1.15,23.08,0,0,0,0,0,2,2,8,,,1.12,-2.54,0,1,1,1,,,,,,,,,,,
1791311610,GM91Lx9NT6WWVhyUprhx8mxt9Kq6PEQ1VeFkKCa4pump,Rapecoin,5gb5agNsg4FiWNe5Ns2bA65yoxzUCd6YBFkB9xSpxCGN,pumpswap,1790909923,0.000003013,3007.94,2826,2826,0,0,689.65,695.73,0,0,0,0,3,3,3,5,,,4.66,4.25,0,0,1,1,,,,,,,,,,,
1791311582,6qs8xGPpmyHnW7LpySq9iCs36kT7utFBt8mwM1ATpump,BlackHoles,GEShq9LZ2yyatWVmZvRD1jQYFMhQSfhVyCFztqA8m5ie,pumpswap,1790908409,0.000003225,3838.85,3126,3126,0,1.2,5.99,16.56,0,0,2,0,6,1,10,8,,1.36,2.45,0.63,0,1,1,1,,,,,,,,,,,
1791311590,Aaan4fxwhKtUUPg2GSKq6natLV9oj9QQNf5xT4UE2gXr,BOT,CyivxGzjZGormKXFvzKKe8CL3DbfM8a6Uso6sBHz8Z5L,pumpswap,1790912617,0.000003786,3881.06,3661,3661,0,0.07,9.8,9.83,0,0,0,1,1,5,1,6,,-0.2,0.37,0.37,0,1,1,1,,,,,,,,,,,
1791311602,DyrjPqqqTdcqg6NCuRDpMtoE9knDdPbRtXhghgPXnPw8,MODEL,48VCc7v35W4knRvMRa7HPtEtX6wsBN5Q7JPyBfgCXHaM,pumpswap,1790907131,0.0001366,32842.4,134461,134461,0,2169.06,9688.38,26791.55,0,0,8,3,25,14,97,93,,-0.01,-9.56,-12.24,0,1,1,1,,,,,,,,,,,
1791311610,GAwhcphCqCv5bKHmCiN4VDdNWfbXJL4npmkc8L3Q9S9H,www,Cr469Kh7oCPtQk5YADEmjVpBWx1DiXXLiooPFJn23jsg,pumpswap,1790911442,0.0002638,70340.99,261787,261787,198.71,12107.38,53278.31,390570.19,3,6,120,91,514,514,2820,2557,0.53,-6.24,-6.82,-26.57,0,1,1,1,,,,,,,,,,,
1791311612,HFmqDN4HYT2Z1fA4ZCpa8JQbPqbwexZdkk6a8Y9gcKnW,https,2PbGERvZC1CRHTd7GfRKVHRGAYQ1eLzXSgFoko1CUbmK,pumpswap,1790914245,0.000003255,3342.02,3098,3098,0,0,0,997.45,0,0,0,0,0,0,8,8,,,,-0.52,0,1,0,1,,,,,,,,,,,
1791311586,8BJu7kgjRtPKsreF6n5yrSttU2pufYAPJSWmaY8Jdare,DARE,DwA5aMK41HjjRpYS8AXpTqdCewdpWLsjijsuDn4Ks7X3,raydium,1790913391,0.00004681,22886.15,46813,46813,326.1,1532.48,9587.26,41308.73,4,6,67,75,359,425,1431,1760,-4.63,-4.81,-29.59,-61.7,0,1,1,1,CPMM,,,,,,,,,,
1791311596,CNohWHNTurS7PpB55czspwUJfpk9yy92uf1wXdweEGg9,CATGPT,3hSL3G9q4ZYZWLgyQVX2TCVM6hS2izKcDuweHTPzZgfV,pumpswap,1790914072,0.00002237,15860.48,21757,21757,0,121.22,1410.56,10038.63,0,0,4,2,19,44,143,193,,1.38,-15.96,-13.46,0,1,1,1,,,,,,,,,,,
1791311582,6tpfCENhKozjtambBEecWoV1V6trzqNgi1AQHkTqpump,KEN,GhLLUkrj13WU8yPiA8argBUb6xk2ucBoRCRoVDfeuPr5,pumpswap,1790910654,0.000004003,3871.94,3849,3849,108.53,368.2,4437.4,6287.84,0,1,1,6,29,25,50,56,-6.81,-17.93,22.38,-3.7,0,0,2,1,,,,,,,,,,,
1791311574,4AT4FHoc8LE5EMXCX7mgcTSvGM9NFKZW8RsiA6oxvkjv,SYMBIENT,2p63ooyr1XVyXREhvg4tE6aSQWutijPD5V5vmiA52tQA,pumpswap,1790915044,0.000003227,3222.98,3117,3117,0,0,0,19.36,0,0,0,0,0,0,0,4,,,,-1.21,0,0,1,1,,,,,,,,,,,
1791311575,4LjJL18pN6oMxr6Z6bMUxXy7K5CbbZTjrQ5UsSjjpiNn,www,WXNCv7a7qxZ1Thd6Jrg2Ap62AFmGJsFNbmZyrB4MijW,pumpswap,1790915608,0.000003627,3471.14,3379,3379,0,0,52.23,66.03,0,0,0,0,0,4,0,7,,,-2.82,-4.2,0,1,1,1,,,,,,,,,,,
1791311586,8LmWjjAh6ujYTcXeMFh6FkT7nn6CDeEwYucMdaxgYn6s,BLACKCAT,C26dqPnGSFQNhuRJ6u768KvDyenkRk7wmAzRNGtF6pLs,pumpswap,1790904690,0.00006931,23831.77,66811,66811,33.15,1233.75,11062.67,159599.46,1,1,8,20,113,90,834,713,-0.39,-9.16,-14.7,101,0,1,1,1,,,,,,,,,,,
1791311574,46doJPsSjEVMsNZm4b32UbbvbUXjFTM3TDPBWMM3pump,Cadence,4TjiqZQoCtTNtmDqqmEV2SPoeGZipueRFyRamnFXV9su,pumpswap,1790649631,0.0002028,45835.34,195934,195934,755.36,20459.7,227355.39,839798.45,6,9,199,205,1508,1305,5408,5774,1.72,-7.74,-59.54,-68.68,0,3,2,1,,,,,,,,,,,
1791311597,CjUVYWLHdn66zE1KNCcHEUBrApD2vi3WrgdLE2sAkP3f,SYMBIENT,GV18eR5J92RX28CPShN8kYwRFLbJ1LPBh2MwvUbnpC6Q,pumpswap,1790920048,0.000002778,2767.44,2642,2642,0,0,0.35,6.54,0,0,0,0,0,1,0,2,,,-0.09,-0.09,0,0,0,1,,,,,,,,,,,
1791311586,8nnaeWCw8mUypcGAgbmSuzAT85uWx4UN12adDrMhXrGF,HOTBOT,GLL3CzybpSCLZdoACf8QUM5YrKVwyA65kQ2RcTsJxxzV,pumpswap,1790920030,0.001136,121716.73,1094220,1094222,13537.18,98816.81,415065.85,783951.08,25,43,549,393,1743,1573,3978,3713,-1.63,-27.19,35.5,28.94,0,1,1,1,,,,,,,,,,,
1791311615,qTyZGgDKVH1fZNhBAnGcUgtyVbVrWZ3uNeuCgJ4pump,GOIF,ANcPJyoPyos5hoGioj6UvkzA4RpU5FRNTb626xSMX6dB,pumpswap,1790851267,0.000009766,7142.72,9767,9767,0,0,0,262.18,0,0,0,0,0,0,7,2,,,,1.85,0,0,0,1,,,,,,,,,,,
1791311569,1Atst4LcMEYfAXACbCaBpdk166CU8eopNkjyD8jpump,AROS,ffBBc3WzZNJNJu1ZCm85qA4nLibfS4pL7iAgxbACu6K,pumpswap,1790834817,0.000003262,3182.44,3263,3263,0,0,0,218.27,0,0,0,0,0,0,1,1,,,,-2.5,0,0,0,1,,,,,,,,,,,
1791311612,GhAP9Tb8RADFhxpAbyz96VFG8vGUzhMaPLMa38DvQFn2,Giko,BuKG2ytP83oWiSdHF1YjKmHWZEHWXLbxyQjPHRTiUwyP,pumpswap,1790918950,0.000003339,3524.14,3232,3232,0,0,2.5,196.63,0,0,0,0,0,3,3,12,,,1.28,-2.28,0,0,0,1,,,,,,,,,,,
1791311578,5hpck3FaHXqhQnL4RwwdaNQFeBka6CpoVBxT1dWupump,IRL3,EKF533bniHb623Ki8wRftvzjHzFisSNHvFGAi5vcShaM,pumpswap,1790922051,0.00004650,18675.91,41063,41063,1,3056.66,8893.89,29030.72,0,1,28,18,76,63,213,216,-0.17,-19.88,-44.55,-45.6,0,1,2,1,,,,,,,,,,,
1791311583,7iWG1K47CGCykTNUU4XXkYctnv1X7Qd8RAq6KnDMpump,SS,DtBmpRSAjL3bRbDbVwBuHGiUNyqQvjY8Y1jxgudFuUFQ,pumpswap,1790919986,0.000002711,2930.67,2615,2615,1.26,16.3,56.93,145.01,2,0,17,5,39,17,91,73,0.37,2.9,4.34,0.92,0,1,1,1,,,,,,,,,,,
1791311589,A72fsJX64cS5KxeuCcj3w2xoSa2hSYLzGg3wSw1epump,MOMO,B3p81rEhALWSen2kpGhPiFb676YsxeCSk7GvzhkXMuJH,pumpswap,1790925240,0.000002681,2658.09,2511,2511,0,46.77,46.77,236.57,0,0,0,1,0,1,4,4,,-4.66,-4.66,-10.09,0,1,1,1,,,,,,,,,,,
1791311600,DSmp1qi6fAGn9Xj4cztBi8B1UJUBoiADn7QPhfEnsFq6,Anon,891v3RKdbE5yj5XDbtvxW71PSm6gFfC2aa8fbGb4XPLa,pumpswap,1790921757,0.000006837,6388.26,6674,6674,78.29,102.17,218.54,522.26,0,1,1,1,2,8,5,30,-2.41,-1.21,-5.12,-15.1,0,0,1,1,,,,,,,,,,,
1791311610,G6VTWhrErdU59EaGFpiy3vugSG1UUjrDuaYZ33Kjpump,HER,82ciFLVwfzFzuqbwgVqH9qntUL4QPzNtdC9iRHLvgMdQ,pumpswap,1790923233,0.000003528,3939.11,3357,3357,0,0,1.64,135.95,0,0,0,0,0,2,0,16,,,-1.67,-8.11,0,1,1,1,,,,,,,,,,,
1791311586,8XeBzEqjBpgZWCdY5WqNiN8j3qbx5WyojSAGTFHTvfui,DIT,F22ZrHKGjkkhq3ZrA6Gz3g1rKVqbfos9tPTeBh54yukF,pumpswap,1790926340,0.000003224,3244.2,3108,3108,0,0,11.45,297.82,0,0,0,0,0,2,3,12,,,2.28,-2.86,0,1,1,1,,,,,,,,,,,
1791311610,GRxEFq8W3G9BfeYDnvAGdQctm1nrhvMhNWB8qeNtpump,ROACHY,9gbhwpVjazeRRWktCRttQaJyZd6p31JG4XN86BX7cyXb,pumpswap,1790925556,0.000002384,2521.93,2314,2314,0,0,0,0,0,0,0,0,0,0,0,2,,,,-0.04,0,0,0,1,,,,,,,,,,,
1791311600,DWW2fZ5cBYXJ5qnSf2n2W7GdN5jSuxZ2g6eMj964pump,home,CRCgvWrhrfDQ3bMbRCs9yBJzSDPqhftH79KFBxjxJVrn,pumpswap,1790925933,0.000002506,2522.59,2406,2406,0,39.89,39.89,39.89,0,0,0,1,0,1,0,1,,,,,0,1,1,1,,,,,,,,,,,
1791311587,9F4BvHppzdwXS1j6JgUQrfu8c5F9K7CQixtqRUk4pump,UPFILL,3frV9zVqf3Gas7gGneQ37M11XQXaLj1xDqazPKMuhht8,pumpswap,1790927092,0.000003053,3003.89,2884,2884,0,742.23,2722.12,2728.94,0,0,4,5,19,16,19,20,,-0.57,24.67,24.53,0,0,0,1,,,,,,,,,,,
1791311612,HRhf8umQ5rqxCSD7QrQeeTdoNrLg987wQDTDArj8pump,fkaAI,5f4vR2YC2dAfnadZBrnEp5yCvcV2YjK5tHXvWohdSqfh,pumpswap,1790931323,0.000003085,3052.46,2981,2981,0,0,136.08,147.64,0,0,0,0,1,4,1,9,,,9.43,8.34,0,0,1,1,,,,,,,,,,,
1791311613,JERpqiXG9wLuWcbSi51uaqjYzTDd6Tj9VGgpAgik6EW,Netizen,4LykWqvVpE1LmSSYN585EFewvkgFPePnWGojopWsUXPp,pumpswap,1790920802,0.000002937,2902.49,2815,2815,0,0,0,65.49,0,0,0,0,0,0,1,3,,,,4.43,0,2,1,1,,,,,,,,,,,
1791311603,ERu7vbTVrsevpuMoYmSk2zqBPrhHxU9itTc7FrKftTwr,AGI,Br9htS6a8u5YGxkeE8oc41ZbH89mVMHWgx69XfCWsR3F,pumpswap,1790928823,0.000002825,2948.93,2725,2725,0,0,1.74,2.42,0,0,0,0,0,1,0,4,,,1.17,0.47,0,0,0,1,,,,,,,,,,,
1791311588,9p9Dzwcsv1P3jMeMPqZTC3ywqgL45qL2R2VkCrfHMsby,SGI,8a96pMnpVyKF5NSyDvbeu2RBSpspSVu4ozfygVAwzWfp,pumpswap,1790928175,0.000003134,3287.39,3050,3050,0,0,1.33,23.03,0,0,0,0,0,1,0,6,,,0.32,-1.21,0,0,0,1,,,,,,,,,,,
1791311615,c17N1z7KdUGeUSYyAzxXPYvBT97B29Jm55xfc4N3YaW,JENNYNARRA,7cd4ggjDxn9c81jA5Ba79ChbgCvqvLchg3uGZEi6Q83P,pumpswap,1790932155,0.000003672,3527.26,3541,3541,0,0,5.38,206.69,0,0,0,0,0,2,3,11,,,-0.24,-2.86,0,1,1,1,,,,,,,,,,,
1791311580,68RUKJSkhT7Z9itn2tUhCzR7t2pbBahqjgG8qbkB5Dux,SGI,Dj5LNTFFCFPEHyA5sFEJgQ8Lrs3z2pHc4ZwLmVYDZD3D,pumpswap,1790929727,0.000007729,7485.72,7533,7533,0,0,483.4,7962.8,0,0,0,0,12,13,82,116,,,5.63,-27.85,0,0,0,1,,,,,,,,,,,
1791311575,4ghFqXZdLnakD591oFKhA2tD9q7pSfhBWfkVRs125GGL,SATOSHI,HTGSKCLTjV5HcfMTLKy9xWoKyBkfJV4vTXW7Po9HUrUv,pumpswap,1790930170,0.000002634,2683.8,2524,2524,0,0,0,2.85,0,0,0,0,0,0,1,1,,,,1.59,0,0,0,1,,,,,,,,,,,
1791311596,CQN2XwiCQh82Ghvp7MBdrpizE81i3WGjrNkdPJgBUEQw,Clanker,ESPD3VaB3pjTrYSQuisjWoFjwCCwFe878Hd4GfEmrewg,pumpswap,1790932670,0.000002750,2730.92,2582,2582,0,0,0,5.36,0,0,0,0,0,0,1,3,,,,-2.08,0,0,1,1,,,,,,,,,,,
1791311604,F1xCLUZhi9qH7m3iPvqzUAwFSmindzZwkQrxDSdFiZSS,GTAVI,H51jQhaAhHhi3qBXZZrTSvhQo55gdmA6wZ6jPnkfccRd,pumpswap,1790931614,0.000002637,2630.18,2477,2477,0,0,0.43,6.5,0,0,0,0,0,1,1,3,,,0.47,-1.36,0,1,1,1,,,,,,,,,,,
1791311596,CM69VvR611vNwDVCQ7VhUXAv9kTNak9RxCSvYHSiCyBh,Ouroboros,9mXmePZqTsBi1L4fR6KGyAPtUgmS6XdJy7LRFtFKENoL,pumpswap,1790933567,0.000004224,3883.18,3931,3931,0,0,0,60.52,0,0,0,0,0,0,0,3,,,,-2.86,0,0,1,1,,,,,,,,,,,
1791311571,2shsT2KMGVsF3LURpkgzf3GucFizCwsmkF9DUeWgpump,RAPE,HswiXqTeriop4NjQehufHVe5vfUEakpzccS76DJAvn2Y,pumpswap,1790934445,0.00006178,23375.91,59264,59264,0,248.32,1077.56,7443.62,0,0,0,2,4,6,17,25,,-6.5,-8.55,-45.09,0,1,0,1,,,,,,,,,,,
1791311586,8tyaSHgK5HEi42qHvUwpWKE9t4NCyGxutLV8hACameta,AUTONOM,68u1a7fh9hdy2d3MmujMGrkSdZx3Vqq19Q5M4qRMXCU7,pumpswap,1790934861,0.000004265,4170.43,4042,4042,0,0,0,215.58,0,0,0,0,0,0,0,9,,,,-12.42,0,1,0,1,,,,,,,,,,,
1791311603,EpzFGJXtXtabZnVzM8WFeXvgRFrWSQwGZvpgVJH1EuAZ,Library,CAzLDRhe6v8taMbrqCrqgtdPhbrjHdoWrCE1hpoWRHrQ,pumpswap,1790934833,0.000009725,7435.48,9410,9410,0,0,2801.53,9042.92,0,0,0,0,30,20,73,76,,,24.67,38.69,0,1,1,1,,,,,,,,,,,
1791311602,EFvdLptvhf8nG9rzzgtuVMguHvSKjLH5Gmt1bZp77kVA,SAM,GKfxKpbDJiCWyxfZoJbzgUrsisc7g5Krv9SxpfEWPMTv,pumpswap,1790935266,0.000003191,3438.07,3091,3091,0,0,5.97,83.61,0,0,0,0,0,2,1,9,,,-0.25,-6.02,0,0,0,1,,,,,,,,,,,
1791311583,7NELwkCyL2crujChTgtdKpR1jn2UHTe115v25rUSpump,OnionWeb,F5jQWstPUV7tfHDZPrHjg81ynev62VMV8qWMfgsnbDS2,pumpswap,1790937829,0.000003773,3854.27,3369,3369,0,0,31.22,49.87,0,0,0,0,1,4,1,16,,,-0.89,-2.19,0,1,1,1,,,,,,,,,,,
1791311578,5R7EZqAQxm3AzxSVgCMcBLxPdkQbsX5MEJBybGvCQocf,SISTERS,5f6FYEkyGvBMEcrbbvcETAR87n84fkg1AXaWVsuQqMoN,pumpswap,1790946274,0.00001394,8912.03,13176,13176,0,37.98,1864.36,27896.87,0,0,2,3,27,32,321,360,,0.64,21.79,-61.37,0,1,1,1,,,,,,,,,,,
1791311578,5cvUXei9SCWo5vjKnTarVWbQMAFhKMSZcRje54izpump,LANK,8CV5MLyQ8wYGVBuos93xWhwNvYJ7BnXCzj529CGY49kZ,pumpswap,1790873967,0.00003755,15830.05,36392,36392,0,134.77,1285.49,6645.74,0,0,0,3,36,21,90,60,,-3.38,6.12,-11.46,0,2,3,1,,,,,,,,,,,
1791311571,2y4XLBAdpD1bnf38KXLdBQvCUp7E6GWaf3ooSMMJf5Cw,MEOW,7ZFqw3eomCjXpAYVFv4amhwaCPGDkwuCZjwk3XqE41Eb,pumpswap,1790941605,0.000003117,3158.23,3030,3030,0,0,2.12,34.46,0,0,0,0,0,1,0,8,,,-0.08,-3.33,0,1,1,1,,,,,,,,,,,
1791311605,FFtp6pxteF52PX3gryHrhQdxWze23Qzh7vC3kKzVpump,PUMPFOLIO,EGVugw6Fu1nHCxUkx4urwz5gfXzZyzHbmMdZ3PYhDd74,pumpswap,1790950201,0.000005520,4747.75,5261,5261,0,420.94,1232.59,2464.52,0,0,11,3,16,11,49,21,,-6.17,-24.77,-2.29,0,1,1,1,,,,,,,,,,,
1791311613,JCsKWhELRJ8MhEZjUDdCL49mntw8fx27bKAgCMgSGhcQ,SAM,FSX1VaQ8kWRmrY8S5SpCxU94Q6WKUWRP1yJkUS9GYwpK,pumpswap,1790944284,0.0002060,48006.16,177531,179407,78.62,3461.11,76945.27,450533.43,0,6,17,34,397,436,2734,2694,-0.58,-6.42,2.37,-55.78,0,1,2,1,,,,,,,,,,,
1791311604,FESndbiwyTH1i1itf3FxV9HCKFNy5U9RnFp8ER8nwPgC,CATGPT,Gp2ZMrbfbQBDYuwLdGV2rmdqUW1xs8ogudtnSMi6Ede2,pumpswap,1790916727,0.00001282,9158.28,10624,10624,0,39.43,3621.74,12283.11,0,0,1,3,32,36,102,138,,-1.87,-21.63,-53.72,0,1,0,1,,,,,,,,,,,
1791311615,XLBLxbY1Mr7aadnqAbmqSBXLEyUdjvUXtXCnz8Mpump,SOCKET,BA2YYZ4YUKsMCMDGpqrV5FQiotGnyKrc571pFhc66Gje,pumpswap,1790942605,0.00002490,15851.45,24302,24302,0,294.01,7052.03,19972.47,0,0,7,7,117,79,350,319,,-3.31,-4.85,56.23,0,1,1,1,,,,,,,,,,,
1791311589,AJPertGGMDmM75fb6jiB8MPfFu61ouLDtW6UBvf3pump,BRUME,H7pt7KK8pB8xHwpF9DHrgdZsZb6yBjZHhGiUkigyaXwZ,pumpswap,1790942221,0.000006337,5700.63,6194,6194,0,0,840.04,1523.86,0,0,0,0,13,19,24,39,,,-2.05,4.95,0,1,1,1,,,,,,,,,,,
1791311615,jSC3hfcrTcxQzRQ3DhbhQvjB86z8ubFY5N6BsGw38pu,TED,9o8T7xsGspSEirqinPiiDhX5dB57pTV7kmevxPzWsPdZ,pumpswap,1790943519,0.000002851,2818.3,2714,2714,0,0,0,144.67,0,0,0,0,0,0,0,6,,,,-9.7,0,1,1,1,,,,,,,,,,,
1791311610,G7k8YPnJL6jKmA1H5Pt9sPLXhcd6YXjexHgmRQ4zpump,TOKEN2049,8E1Zcg4VqnNetv4Pp6fVyYRFbDqUj3RueCcSyJM8sSSX,pumpswap,1790943935,0.000003027,3208.13,2976,2976,0,5.55,6.14,6.14,0,0,1,1,3,4,3,4,,-0.16,0.4,0.4,0,0,0,1,,,,,,,,,,,
1791311575,4QqY2xeyStveGr2sAgTPUYH6Jf7xEjZjf5ygkieKpump,DIEWORK,G1ruGEadUBHVNDUqh3HSbKRMPz1ZEPgucLajS95yxHyp,pumpswap,1790943726,0.000002449,2498.86,2377,2377,0,0,0,3.84,0,0,0,0,0,1,0,4,,,0.55,-0.28,0,0,0,1,,,,,,,,,,,
1791311606,FtPgCJkZhb7RLVpU5ysH2UPTFwtRYb3EriABP1EHpump,Morrow,8wxUZ8MfPkg6d48Y5nB3nAvpUi9H3MCvSKCHQJGN1yK5,pumpswap,1790946357,0.000003557,3456.88,3430,3430,0,0,39.96,227.6,0,0,0,0,0,3,1,8,,,-2.12,-4.22,0,1,2,1,,,,,,,,,,,
1791311599,DDGPxc1kb2EFV5zmwznRQGkRdmmSuuHffths1NsEASY,CNDT,9CoLVPU5AtQagVnk3hp3Fr6KVNVYWVYhKBRThKeHEXQE,meteora,1790944850,0.000008284,8399.8,8284,8284,0,376.43,3725.96,15695.68,0,0,1,4,46,21,142,118,,-16.61,65.7,-53.24,0,1,1,1,DYN2,,,,,,,,,,
1791311615,aimWi843dwsu8FpqoU8gWHcdNLBao3UDpiCpvTnpump,DOTF,ddLTDEafD1JS3VCya6Cgzx1pbQaQY17EJKxWj1cwVtb,pumpswap,1790947300,0.000002846,2829.19,2846,2846,0,0,55.23,197.98,0,0,0,0,2,4,13,5,,,-3.7,5.05,0,0,0,1,,,,,,,,,,,
1791311586,8ke6hMvsqxoZWGcDWxuEQyUTC5Zc4mXhDsbBAsAaKUDJ,SITE,HiNyEgRxdWMuGwWmNEZKR6ivAhqk9uXgJacMN6VudAT9,raydium,1790947358,0.000002461,4715.07,2461,2461,0,0,10.8,17.21,0,0,0,0,0,2,4,8,,,-0.86,-0.94,0,0,0,1,CPMM,,,,,,,,,,
1791311574,3x2NqY94bxePELsKqF3yn94iRSk8NvPd7MndeV1ypump,HUMAN,GcWjNuxysNJGb3kgZ46UmsjVSwuPNF6PwkEJNi81AL22,pumpswap,1790945949,0.000003690,3852.5,3576,3576,0,0.07,231.73,412.53,0,0,0,1,3,8,5,24,,-0.58,-14.85,-21.72,0,0,2,1,,,,,,,,,,,
1791311571,2pki9gZ4BGjYjD8eLeyrw8Y6ZxJtsKo8XoXbUovkn1Js,DOG,8wrqNam5rYkwh2DY8x6TqKPkVYV1jXLaMDZ821AGgc7y,pumpswap,1790947939,0.000005377,4681.72,4705,4705,0,26.87,36.22,712.67,0,0,0,2,0,4,1,13,,-1.17,-3.06,-27.25,0,1,1,1,,,,,,,,,,,
1791311599,DNSnAA99jrVUCg4GvL6LEVfFHBnGpnWA2k3CkRvZpump,WISP,Eba8gxzeDrXpo6ZtMK18sSpTuwF9KUWxPy6EXFB7ERAq,pumpswap,1790947339,0.000002790,3115.26,2702,2702,0,0,4.63,5.38,0,0,0,0,3,4,3,7,,,0.42,1.21,0,1,1,1,,,,,,,,,,,
1791311587,9JTmrmD2CAtFknRvQR3td3UYSpcSRL21xngjtLnNpump,GIGACHAD,3DdEqdhu1va8yydqbUyKYoVVmn4dznnMZPpa65Gxq7fT,pumpswap,1790951090,0.000002772,2821.71,2624,2624,0,0,0.9,13.58,0,0,0,0,0,1,1,7,,,0.78,-0.27,0,0,1,1,,,,,,,,,,,
1791311583,7CTRbkV1tVuq1f59pRxT1Pb2W5AHG4gM9FMH4rGzKiXv,si.gov,AZuZuTjHimKR4ouHwrZr4Aeq7acALBmopkvpCxyBJNRc,raydium,1790949949,0.0002689,43921.13,268907,268907,88.7,1107.34,16354.62,77077.21,1,2,5,22,78,120,514,544,2.4,,-8.27,-7.5,0,0,1,1,CPMM,,,,,,,,,,
1791311574,3st8R9eftjF5GnuhaeeMNGSKMFQbBxFpKg1ZrKh9tBaV,MIND,5rRthU5Ns2eR92ocvCKnpwG6P36c8RM9KEnL8d1gcVwT,pumpswap,1790944149,0.000005297,4747.45,5061,5061,0,8.74,562.35,5779.23,0,0,0,1,11,10,75,70,,-0.72,8.72,-36.6,0,1,1,1,,,,,,,,,,,
1791311613,HvRdz7YWW1ksGU9gAH4TzfHccjAoajXg2Rp4GXhsdMCS,AI,HMA4mobg9tRvT1tQvgkv2EGXRBFCkx1Huje4DPhN6pGQ,pumpswap,1790951795,0.000003919,4071.08,3844,3844,0,0,137.6,239.86,0,0,0,0,0,4,2,10,,,-6.54,-5.2,0,1,1,1,,,,,,,,,,,
1791311591,Am6SB1xhuwyv6hENfR2uHj2fvKeo87KN8vVw28RcrmEa,Cassie,CeRmxAsiigonctygud7ict1dunHKrd3ztXfmTdQX9ZTz,pumpswap,1790954777,0.000004389,4697.01,4292,4292,0,0,123.12,364.35,0,0,0,0,3,8,10,33,,,-3.69,-8.17,0,1,1,1,,,,,,,,,,,
1791311583,7oNqxLCwfggUUEfjHqg6KDwwnqYjfDC8L4emV6iMgHej,WIN,DXw6RTBzck1NG1CxHh3rpeYwHhaS3dJ8Yy1rD22h22N6,pumpswap,1790954213,0.000002899,3031.37,2809,2809,0.58,0.58,4.38,8.59,0,1,0,1,0,3,0,5,-0.04,-0.04,-0.31,0.16,0,0,2,1,,,,,,,,,,,
1791311591,AsoVfPHWY5YHCpc4aMzUcMENVRaC9Rjje94BpkxcW2VE,BLOBBY,EEUaf7rxYuUa8L2BNV2k4T5ahLYHKxefkB17W73okjFW,pumpswap,1790953326,0.000004125,4205.8,3867,3867,0,0,423.89,669.98,0,0,0,0,0,8,0,12,,,-20.77,-27.77,0,1,1,1,,,,,,,,,,,
1791311583,7jL7HbPLV26jdwdhqmtxByUb6Ykshehq5GjjtmYtpump,SHILLR,4dREtLqXqb1jzEcsKkV8SapDGx6WJg4EveFKJwMyRD2S,pumpswap,1790953747,0.000002436,2438.81,2317,2317,0,0,0,1.58,0,0,0,0,0,0,0,1,,,,,0,1,1,1,,,,,,,,,,,
1791311604,FBtPrfHU7qZJjgtG5Ljj4gdxKxx4JiEKwAgHtM1py2eG,INUINDEX,BAvjCjU6GBuwYy4rtrj6u3qS7onCTfyubHUdPfpEc715,raydium,1790947769,0.000002455,4366.45,2456,2456,0.03,521.5,522.57,580.04,0,1,3,4,3,5,6,10,0.17,10.49,7.34,8.23,0,1,1,1,CPMM,,,,,,,,,,
1791311574,42UmhgRdQfuG5uFCjyvCpssNf5urVsT5UJqkgwaYgr1W,PULL,8ty8nNBc7wcw5YooP487rnirBzVGTLJkygRj52YFBXuL,meteora,1790953511,0.000003430,5316.94,3422,3422,0,87.85,197.97,1141.11,0,0,0,5,2,12,17,27,,-6.17,-11.53,-32.17,0,1,1,1,DYN2,,,,,,,,,,
1791311597,CiAszaNZULwaVAb1FdSWtKSvjVcHu9KcNCaBdt9cpump,ARTCOIN,HQdvkZCmYGqjYRizXt7TC1Zc4BA2hLWoEorkEDzM4CyF,pumpswap,1790952982,0.000009229,6739.87,8805,8805,0,0,679.37,6725.4,0,0,0,0,1,7,71,72,,,-22.46,5.96,0,0,1,1,,,,,,,,,,,
1791311575,4jdKhCf5TifzDEZN39gXzcoDMEpTARy99WPSGNGopump,TOILETDOG,4kbs4bLpKuRsHhqo4stEvsAeun7fMrL9inQw9q8neH1F,pumpswap,1790954500,0.000002869,3405.04,2755,2755,0,0,0,18.16,0,0,0,0,0,0,2,5,,,,-0.89,0,1,1,1,,,,,,,,,,,
1791311569,2AKrTTVNsxhHV2FLNBWUBv6W6Vq35VJMuiAhjsKjpump,ANON,FYKNaNKGfqR5RYSKcX56ijvYKADGekefnD9p5x97wFZ,pumpswap,1790952843,0.000003026,3845.86,3007,3007,0,0,18.51,131.7,0,0,0,0,3,5,14,16,,,-0.26,-3.67,0,1,1,1,,,,,,,,,,,
1791311604,F1xMp7RdfGRfmBWtwB9P1airCGQDAtLCuMo1e5d2f1hv,BLAST,9P5RGHagCMvyugeweimABfjiuEXGpyB2Qta2Agok5Ejk,pumpswap,1790955714,0.000002846,2975.92,2765,2765,0,0,0.59,0.99,0,0,0,0,0,1,0,3,,,0.61,0.86,0,0,0,1,,,,,,,,,,,
1791311578,5YpxZx5vVVTSEQ9qHhjeTXgoXW2SGxQSczSrDtkHpump,PACT,8qMScky4rzEw4cc8wtbLCs2AEiVRAFaZKKeLxRpAzTKm,pumpswap,1790956474,0.000002427,2420.99,2274,2274,0,0,5.16,18.03,0,0,0,0,1,1,2,3,,,-0.08,-1.42,0,0,0,1,,,,,,,,,,,
1791311583,6ujCFTQY3mzrtt5wmprFrgfA3nYyPGid3SNvmiiGt7x6,BULLWINKLE,GFW9GjQWFqRaQqUV7vKqkipSDUXhygSNyh832zTjJjwZ,pumpswap,1790957404,0.000003760,3731.71,3514,3514,0,0,1.15,148.25,0,0,0,0,0,1,5,11,,,-0.56,-8.74,0,0,1,1,,,,,,,,,,,
1791311578,5krNQZMsiM7qT9KhzettHKEamQDUxaPEP8jCpjdQpump,pumpcat,TSq71CzLbZmqBPdjKtwoNJtoUgbbZqUHUaydzhSGrxf,pumpswap,1790956509,0.000002383,2585.65,2347,2347,0,0,0.59,0.59,0,0,0,0,2,3,2,4,,,0.09,0.09,0,1,1,1,,,,,,,,,,,
1791311582,6fK5ohw22QHti86MQbcbty7rsW7xKTBjjjx7XZ7oe23V,Met100,7ZFtpHH2ByHTQHybumG4E3exKJ58sJ9mLTnZSoUqmjox,meteora,1790956763,0.000002402,4441.32,2402,2402,0,0.01,0.01,12.09,0,0,0,1,0,1,0,4,,0.53,0.53,-0.2,0,1,1,1,DYN2,,,,,,,,,,
1791311615,TEX8ns7HJ697ZXsXxP9uX7jv1VChGxmg7daZtzjUSpa,CORTEX,4N1ZPAmFAmwdP8kiThydSjVTW1dT6kU9HnSLaQTS5C9J,pumpswap,1790957025,0.000002911,2879.18,2778,2778,0,25.78,25.78,25.78,0,0,0,1,0,1,0,1,,,,,0,1,1,1,,,,,,,,,,,
1791311583,7keARBfdz79MdMTf3fZrswyvLgAs3Qi8JiRmy3u2pump,SR,AAh3sFjQVobLzSEReScwdAk3ahTucKUafQhgWsqGQBqq,pumpswap,1790956454,0.000002776,3148.84,2727,2727,0.91,25.84,58.42,132.68,0,1,19,4,37,16,80,69,-1.24,0.95,2.99,0.44,0,1,1,1,,,,,,,,,,,
1791311597,CxjdQW3ssu23fPwtJqMr7biVH1j7xwzUwb3vPTMhpump,GRANDPA,AiKu21Rg1aDzVsevCkZh7knuMparYKWGdCoRiygSew3k,pumpswap,1790970995,0.000004153,3827.64,3946,3946,0,19.57,25.34,45.64,0,0,0,1,0,2,0,4,,-0.23,-0.48,-0.81,0,0,2,1,,,,,,,,,,,
1791311582,6jZ7huKG82w1TrAkGAudCwBKz7LiWL4asVwBgyjCnTxh,Moose,BCk6C6pccmUSmzfopzkWRZ8CnY4cGFasutxaXcKKSUER,pumpswap,1790957224,0.000003334,3726.41,3241,3241,0.01,0.01,11.61,61.75,0,1,0,1,3,12,6,33,0.47,0.47,0.1,-2.49,0,0,1,1,,,,,,,,,,,
1791311612,GZw7LxHtQKSQ1YsGnpNH7SovnBF8X6poYgavHwrmRekp,MASKCAT,G7QKTr9Lr3pF44Kp6ALkW8sExiGDXbG2JaJtzRtUKK15,raydium,1790519021,0.0001699,40793.68,169950,169950,25.51,188.6,8367.35,42809.36,0,1,2,9,137,53,379,238,0.08,-1.75,-0.01,-21.16,0,1,1,1,CPMM,,,,,,,,,,
1791311591,B5bKnQXYr2NtkSY7PBVT5LnSx2fLgdrtPWYvjZKJAPAY,PAYPER,G5heXEUXLPXGZyNG7P6uyFz6upTZk3PRoQwrb73iSc3A,raydium,1790956848,0.00002472,25219.78,24729,24729,0,3.71,173.18,3152.25,0,0,1,0,5,7,21,23,,0.06,-2.15,-23.35,0,1,1,1,CPMM,,,,,,,,,,
1791311615,cSn8JKyeeoqLuyif6MFMiwhnjaDKoaYttr2Pox699RA,CONVICTION,3YE3hncPDJm8dyLXSLaPKqwtD7iqwu7y4sZNpHNoHqKF,raydium,1790956335,0.000001683,3265.74,1683,1683,0,0,0,2.21,0,0,0,0,0,0,0,1,,,,,0,0,1,1,CPMM,,,,,,,,,,
1791311586,8hqPzBRtRW7m9wqTDRzF4vfQpuLNk69rkh8DEzhrKwo4,BELL,G33iM8rJB7CEoea4SrV1cEnJiTViKWRWamY2KPsaQPor,meteora,1790954372,0.0001336,33504.72,125567,125567,0,714.41,38317.4,69320.04,0,0,4,14,158,99,255,158,,3.82,-61.12,-36.7,0,1,1,1,DYN2,,,,,,,,,,
1791311610,G9p7h8bRUMFjZBDZ9Q8Sv3mQmDLJFiYPTLKrNzzFGn6B,MAZK,3c2L6XtjMuAFfT9qirHiYJg75VdqKaDyoE39pFRcETUG,raydium,1790956759,0.00005571,17479.4,55711,55711,0,442.59,4072.4,10977.48,0,0,4,1,15,20,43,73,,-2.82,-48.8,-60.3,0,0,0,1,CPMM,,,,,,,,,,
1791311613,JC7mHcekQi78MyAE6YttG6J9QDMcmNuWbCqwcch3XsKW,Codync,Cw3U3Wjen4JkayTo23ozYkXuoEBQ5rRkEjYC5pN8J5aP,pumpswap,1790958387,0.000002513,2517.81,2368,2368,0,0,2.62,18.69,0,0,0,0,0,2,0,6,,,-0.02,-0.86,0,1,1,1,,,,,,,,,,,
1791311597,ChnjqZabVCTWYxU7YF6BbJxzZek2NKgmDNkGXSqKpump,$XALL,J68Se8nQB6dwWr8A4cyvhkHQUuVpmDHyYJuspN7qtKDP,pumpswap,1790959059,0.000002619,2768.02,2588,2588,0,0,0,64.52,0,0,0,0,0,0,3,2,,,,4.51,0,0,1,1,,,,,,,,,,,
1791311586,8dBnKHwNYH3hz2fFTJczVwzBTpJFAMtc53k3uA4zpump,FILLED,A8JMWc6ijm7dUUBFTgRcPG9hqGsN9gipKj39q1hbhQZk,pumpswap,1790958086,0.0003170,72568.2,307506,307510,1427.17,5275.34,51913.68,190994.98,8,1,34,18,247,201,762,776,-2.62,-12.24,-23.62,-3.69,0,2,1,1,,,,,,,,,,,
1791311571,2bs4mEZsUuNGkYeFsGuQ2YP8rTyNkqnwR3MerHZEGRSE,callinu,7RgF5HdMJydAV8s3FiCBVPEjkX9E3eaJbM2fuYFNx41Q,raydium,1790955960,0.000007740,8856,7740,7740,0,425.42,1558.05,24762.84,0,0,0,7,10,27,152,182,,-16.89,1.58,21.94,0,0,1,1,CPMM,,,,,,,,,,
1791311590,APxxh2tWCh95tbHitFJchcdbMsctSBgRS2Zzju9Bpump,JUGS,G4ac6W2sJgqojixx27b9ioDa6hW6tGm9ZVRXHSZNjWzm,pumpswap,1790979223,0.0001386,32415.37,133075,133075,43.47,287.3,2888.5,12605.6,1,0,5,3,15,19,54,70,1.55,1.95,-5.33,-32.34,0,1,2,1,,,,,,,,,,,
1791311605,FHdxi5H9gvfA5Dp56M8nWC9jruDtcPKT3sg7wmongHPo,Bili,7nV7yWsHieTvSzLH1WKVk8FLc8PB72vaijQ6Ud8foggZ,pumpswap,1790961751,0.000002844,2939.22,2750,2750,0,1.01,2.16,10.02,0,0,0,1,0,2,1,6,,-0.07,0.27,-0.54,0,1,1,1,,,,,,,,,,,
1791311588,9cbDbgUNQbBjWDoVSL4SdV9LFBjNQ6ZriEfYUGUqpump,Pico,HZCfBpAS9okgnXPfzRdK4J4BMvFVhJnxN7r3ifYja8GT,pumpswap,1790961495,0.000002735,2790.58,2628,2628,8.32,8.32,15.69,16.63,0,1,0,1,0,3,0,4,-1.19,-1.19,-0.37,-0.37,0,0,2,1,,,,,,,,,,,
1791311569,25PcSP8DwTBtgtzGK9rcUKsEqcN95VmtPwzARKpjpump,FELON,G4pcesaXEnzAc77RZ68chZ6AtQMJZDB14hjKZZUHfGMw,pumpswap,1790959964,0.000004113,4140.33,3931,3931,0,0,0,188.26,0,0,0,0,0,0,2,4,,,,-5.17,0,0,1,1,,,,,,,,,,,
1791311582,6jmJbuPy6m5ZqvwbvGp21iT3b7ebG6AEhsy4jER2LYFm,FISH,GL6RAWLzUY2hzoekbUtJbuVeGiuCCPnsLv1yq8kAt1A4,meteoradbc,1790961263,0.00002936,,29365.3,29365.3,0,0,276.61,2346.15,0,0,0,0,0,14,28,145,,,-2.45,-8.83,0,1,1,1,,,,,,,,,,,
1791311588,9jUKtKNSHXhiSb97FnwPMCxN6M5Wcvg7LKksmb43jP1M,BURNING,2fLKmJNcqApZm98WpM8akAiJd1PR6jm1NtXK8CtNvnaY,pumpswap,1790963149,0.000002856,2812.4,2526,2526,0,0,0,70.03,0,0,0,0,0,0,0,2,,,,-2.79,0,0,0,1,,,,,,,,,,,
1791311580,6DrVZ746mG3ccccVLpX4ZdCjnVZt5LNzrZJ4GeAhpump,pumpjak,Dxd1sTnuoYA9m1Yhmuctk8zrR4NGHAugNMgruoaRAeJR,pumpswap,1790964388,0.000002971,3440,2894,2894,0,0,4.92,9.27,0,0,0,0,1,3,2,6,,,0.71,0.44,0,1,1,1,,,,,,,,,,,
1791311587,96mZLgQjGXtLj3oKWr2CV2dnfSmabLA23LjE8iVUR3WG,Lemon,CLx9DANVKhsr1j87o2gPqr5ynzTsqSs7MG9dLPn6sY2t,raydium,1790964974,0.000002789,5099.13,2790,2790,0,0,2.59,7.13,0,0,0,0,0,2,0,4,,,-0.55,-1.08,0,0,2,1,CPMM,,,,,,,,,,
1791311593,BJzk9dSj5iQFTrSJT93tVztHFMzP714NoYeHFfPzb1Bi,PUMPKINCAT,CBXgR3suNnAadba8nSrm53GA4w4PSsQBsavST7AyZBzM,pumpswap,1791055469,0.000002823,2779,2666,2666,0,0,27.89,66.46,0,0,0,0,0,2,2,6,,,0.84,1.66,0,0,2,1,,,,,,,,,,,
1791311578,5R1XNfbLqGDe7vzrNLKMqM7zyWmd2Savrt3QfGyGpump,NIVI,5MSZjg9EhMGBWp5crjAjVauDCE5ZNSz88y7GvjGFMuTi,pumpswap,1790964116,0.000002500,2709.79,2461,2461,0.83,14.08,29.07,166.51,0,1,10,3,16,13,73,58,-1.13,1.39,0.7,-2.04,0,1,2,1,,,,,,,,,,,
1791311586,8hr5NVzUbRWaywAPgiQgaarzUq9j5uCroZ3rLft1pump,GROKCAT,73HZef2stkkqdMjUMgefneZGtam5aAr1d59A3W9Equmo,pumpswap,1790962773,0.000003580,3637.52,3521,3521,0,112.18,117.69,383.12,0,0,0,2,0,6,6,18,,-4.08,-3.63,-4.91,0,1,1,1,,,,,,,,,,,
1791311595,C2bj2HbEsnv7bSqQe2bQ7uGrf7MHXNN4cSmEVRMQpump,Apu ,9GV1Etzq1h76FXtBdC9nApYbYXmEv3NTtwDeuTuLQqGz,pumpswap,1790963493,0.000003406,3565.89,3317,3317,0,0,0,32.85,0,0,0,0,0,0,1,13,,,,-1.83,0,0,2,1,,,,,,,,,,,
1791311610,GT5PzaVt2wQvDnowmkNNPGRGL5gEcLb7dovzFwwACgxz,Cashout,6NyWV6kvii8BV4U41HpWS8wJffnhnVLv7EsouegQvAgu,pumpswap,1790967004,0.000003072,3050.79,2763,2763,0,12.35,12.35,15.68,0,0,1,1,1,1,1,4,,0.83,0.83,0.56,0,1,1,1,,,,,,,,,,,
1791311595,BpiHPgU64gzmZwdwfr6e1xBVXNqiqxUpBQHwkxEVpump,XingXing,9LAyUvxKYTh1GvU7AhTqte2mGgumiTJb7oABvhC2cUDi,pumpswap,1790967986,0.000002477,2509.02,2389,2389,0,0,0,0.67,0,0,0,0,0,0,0,2,,,,0.05,0,0,3,1,,,,,,,,,,,
1791311571,3NGW414d3hh36tbwbgWeipV2K7VEqnqjvDxj69KKpump,CASINU,4gvR826fJJCkyrArJGekySvAP7aLCVvj4HMcd48W1Kh9,pumpswap,1790964335,0.000003554,3572.87,3469,3469,0,0,6.78,53.99,0,0,0,0,2,4,18,20,,,0.91,-1.13,0,0,2,1,,,,,,,,,,,
1791311603,EVCx8yhknFxZ7MnYRK1LEmL4ycxBKHxSSZ8Gyyaopump,>_,8EX6tgzBVkY66ybkoXN1Ta1JwDMn2dp9ALBigGXPckg3,pumpswap,1790965545,0.000002913,3142.8,2847,2847,0,0,17.31,21.58,0,0,0,0,2,4,2,12,,,-0.31,-0.69,0,1,0,1,,,,,,,,,,,
1791311600,DQxG8fJbgAdX8h2D56Cu9cLHPc7G5xSTj84vZNH6pump,FIX6900,6R4xp15uZUZg7FghFC9SXRppBSWTKAQT11Vx2XnFGSM7,pumpswap,1790964145,0.000004947,5166.76,4899,4899,0,0,16.7,1449.28,0,0,0,0,0,3,8,19,,,-2.44,-27.94,0,1,1,1,,,,,,,,,,,
1791311610,G3Zv4MTBbEEWXJeXXAza73Q385bKWAFQ499J5VL8Tovu,UNKNOWN,4afw8ndymLUTVw79FwTEzeVge62nRaFeENBRrkC5cRMB,meteora,1790889624,1.020,14174.44,10219,10219,0,362.28,2374.57,10667.28,0,0,6,0,25,17,71,53,,0.15,0.1,-0.45,0,1,0,1,DLMM,,,,,,,,,,
1791311576,5GDX5fJTQns4arM1J94wjxdA8KXFsV5qW46MLFpHpump,OMNI,QVCymnis5qQJEJRZPgbEJnNKrQdNkhJtTFk7v1xqu9D,pumpswap,1790967612,0.0002459,53780.74,237033,237033,1913.13,19204.57,49248.06,149519.28,4,15,86,70,236,204,891,722,-11.16,2.12,12.27,-34.98,0,1,1,1,,,,,,,,,,,
1791311588,9kpHmcAjabZksyon8KVA2FQPyp9kMtLiTRaFGRTkmqd,clout,42xESpMXsCppsS4gbtaCT87sBTjKxdtLVqcTSaSmzbv4,pumpswap,1790968247,0.000002851,2992.19,2787,2787,0,0,4.91,10.21,0,0,0,0,0,3,0,10,,,-0.13,-0.6,0,1,1,1,,,,,,,,,,,
1791311576,4zWD7Lo2AE8wjdXeANYoLoiLNnRiEjkadHyiHcpJ8Nfw,RONNIE,2fcZqmSBrbQDToJUkLEkf5csK2kdev1tveheaD86Wunm,raydium,1790968509,0.000002682,4818.78,2683,2683,0,0,0,9.18,0,0,0,0,0,0,0,3,,,,-0.17,0,1,1,1,CPMM,,,,,,,,,,
1791311599,DN5uhGU1Dfx1zJXveBuYk2Rn8eGuMKF7xJZmcZuLpump,RIPIT,5z7X3cwcUFSWtRJoEr9b6gL9iMdr2oxNHjchs5acTRbV,pumpswap,1790976040,0.000003275,3151.76,2635,2635,0,0,0,0.37,0,0,0,0,0,0,0,1,,,,,0,1,1,1,,,,,,,,,,,
1791311583,7Jv7D7qpT8GpKUywkbQv9WgF5yDWr6Yf7SZXZj1Gpump,www,HQbKVr5GiHTjPsv27v9TGvK6rgVZpvcQ7Eg5WGsYUwp8,pumpswap,1790967090,0.000002616,2958.11,2575,2575,0,0,3.89,15.62,0,0,0,0,2,4,10,8,,,0.78,-0.88,0,1,1,1,,,,,,,,,,,
1791311586,8yQcTVBPh84bUkQVoMFStmZGFB1k4Hm2YUwZ4XNApump,HalloCate,Bbqe9oJcxHD8z35PS64TxoUu5ct7xts8rQCG78TiAaW,pumpswap,1790966190,0.000002461,2498.1,2381,2381,0,0,0,21.87,0,0,0,0,0,0,1,3,,,,-0.5,0,0,0,1,,,,,,,,,,,
1791311590,AbMG6MaBJhaAFnJtiPzxBcz2AEW3m3wrcyeCnEXWpump,HEIST,HYYwsvta5RBRBKDcQoGLNatyjGBhhjQrp9ZKkY7xmrnV,pumpswap,1790967062,0.000004809,4362.85,4701,4701,0,0,3.68,100.64,0,0,0,0,0,1,0,4,,,0.65,-5.25,0,1,2,1,,,,,,,,,,,
1791311578,5jF68KLDhPsTKwQAGiCHV6DiPtogPDgamgShSjkupump,Pumpkinu,28qipSLv8akNzodEqYVzykZhWWtY4h5h7FLupaw8xzFB,pumpswap,1790970830,0.000003540,3365.97,3248,3248,0,0,0,29.56,0,0,0,0,0,0,1,0,,,,,0,0,1,1,,,,,,,,,,,
1791311578,5q96w5CcRWZYzrzXHwwx6r1KBf77devYsoH5cougd5Po,UNKNOWN,EhLkcyvUQExQiQG43zihg589tj765MCXRLckefmK3AnP,meteora,1790963183,0.000003031,5291.1,2884,2884,0,0,95.86,153.01,0,0,0,0,1,1,1,3,,,7.52,4.91,0,2,2,1,DYN2,,,,,,,,,,
1791311615,fHF5ZPCmY1NHN4K4aD6dTyoFG9wE8TJU5qp6zPGpump,artcoin,7dPEacEp8YBGb8VhjNxes8KGNYG4pGDMpKD7BAG7TofJ,pumpswap,1790968930,0.000003438,3394.63,3245,3245,0,0,0.38,334.45,0,0,0,0,0,1,4,8,,,-1.57,-2.16,0,1,1,1,,,,,,,,,,,
1791311596,CJZaHX5RQbvKrRyMoUU9D3jyvXj8Yy7QLLmcKvoopump,Pumpkinu,2SBgHnfs9YPCs7hPPaWt1rHGxpV1WEWp2YNsGBDsyuJW,pumpswap,1790969340,0.000005032,6616.45,4886,4886,0,12.85,27.19,88.92,0,0,2,2,5,7,9,15,,1.22,1.38,0.84,0,0,1,1,,,,,,,,,,,
1791311612,HZ4qZQJ7yf6WR1D24GLRLJ3cKUfgtJEF3B7SdLMLvCPZ,9e9,3JcpTVkjabeM2fucmS6AFTSZ2o4sqht3j4wzkPow1roT,pumpswap,1790969104,0.000004324,4485.63,4202,4202,0,0,1.76,46.81,0,0,0,0,2,4,5,13,,,0.47,-0.63,0,1,1,1,,,,,,,,,,,
1791311617,wdysfTqUsJ8qAVB1796BXgGisThoBzu1keQmdgswdyt,WDYT,Bu65yUfdrxgwSnXXvrKxeNzmcjaSCsAEn5JtPMWYZVQG,meteora,1790968878,0.0003184,61633.61,316130,316130,0,4228.87,16501.32,86374.66,0,0,10,13,69,53,328,286,,1.12,-13.56,-44.36,0,1,1,1,DYN2,,,,,,,,,,
1791311612,HUzsazhQoEBooLPQktSoYTVcKKVSZ9AyhZPs3x93pump,WIFWWW,FbmT4jXZwrmMWSDvqGGTjuqwcWwVJJYkNZ27UYejtLCE,pumpswap,1790969578,0.000003852,5255.65,3768,3768,0,0,1.68,14.63,0,0,0,1,2,6,3,15,,-0.98,0.5,-0.46,0,1,1,1,,,,,,,,,,,
1791311615,ixdhaSTPLod6MGDmUdomz1cqp1ztJTUesWbLKB4NGBa,Charlie,6LjoPHY17TGnppnSVbLcwDzmwMbafJETRKy5WFVeXDsf,pumpswap,1790970538,0.000002499,2521.48,2366,2366,0,0,0.22,80.98,0,0,0,0,0,1,1,5,,,0.29,-0.6,0,0,0,1,,,,,,,,,,,
1791311578,5gJjJYGu25aQevcpsBgBFvLcCRfSPcvczcxvnqHDpump,bag,BrBGnm4VaXXqDySKDqnH4VZ46p3x4mqC4R2dA4EGGWPY,pumpswap,1790971880,0.000004062,4213.06,3747,3747,0,0,0.55,279.08,0,0,0,0,2,3,4,26,,,0.54,-9.75,0,0,1,1,,,,,,,,,,,
1791311588,9ZUwZjiMP8Un9qcBYNfKmVmRRj97YWLB1DRWPhhnpump,HOOKEDINU,FmtX7rDgSe4ctMT5wpHtgeoE71cRx7MNrdereUMSnhJr,pumpswap,1790967978,0.000002688,2991.99,2664,2664,0,0.33,2.28,13.26,0,0,0,1,3,4,7,6,,-0.43,0.95,-0.86,0,1,1,1,,,,,,,,,,,
1791311582,6irHJ66p7HKYHkfPnNaJHJdVfpfJ3AtM3Gse68K2PRLD,BlackCock,DQCWSiW15qugyw2GHED7PfhQ1FqVaSMG7PchVmFa5RzE,raydium,1790971091,0.000005097,6186.1,5097,5097,0,23.91,43.27,628.68,0,0,1,0,1,5,8,27,,2.1,1.6,-8.62,0,0,1,1,CPMM,,,,,,,,,,
1791311580,5yQYLno5ABBZ2ELVvLXEU323CbHhr2jwR1NKFDh4pump,BOO,7x9P564ydsAxDMRKUyHzRKua2x2gsWMqUuxgv4SLDGcS,pumpswap,1790970918,0.000003697,3746.45,3578,3578,0.06,3.94,9.38,79.36,0,1,0,4,3,10,15,31,-0.34,-1.2,-0.64,-1.14,0,1,1,1,,,,,,,,,,,
1791311583,6ygHGHDunESzifPU2ZKt399XY199QxFJnHozwFYfpump,SIC,HiRzSypb1LhYbk8A7hwAKJbA2Ha1wv3bx2y614E6Tksg,pumpswap,1790970370,0.000003419,3471.67,3392,3392,0,0,0,58.32,0,0,0,0,0,0,47675,9,,,,-3.11,0,1,2,1,,,,,,,,,,,
1791311593,BLKKYfF41c6xRPrtX1rdYbxLE1xxEdZUnxQsB5hcZ8Nf,BLK,8Vt1G5VnQnvLHFfbKek4bCLSrnC7sUjMXWP6hhNNWbUy,raydium,1790971654,1075.38,57060.77,424777,424777,0,1.03,3981.07,23251.77,0,0,0,1,21,17,82,130,,,1.33,1.64,0,0,0,1,CLMM,,,,,,,,,,
1791311590,AYkTxWJHAgp95Xu1SDkmqzTpvpKmG7wLiUpUgzKVpump,SV,7i8rWKDT6qYFksVDSuvhmu3Ycq9mboPfD7qadYYkec5L,pumpswap,1790974221,0.000002680,2692.14,2447,2447,0,0,0,0.91,0,0,0,0,0,0,0,2,,,,-0.21,0,1,1,1,,,,,,,,,,,
1791311580,5tzjoTepg3tEupgKBjedF2SapniNaDrt1cVqdU4UfkjG,BLACKROCK,2jEsgfX9zxGeNWTkQ8S9fY94LW19Js8CfvSM5GiuQg8E,raydium,1790971444,0.00002188,14490.95,21882,21882,0,182.1,3554.11,11022.53,0,0,4,9,51,48,167,184,,-0.97,-6.83,33.99,0,1,2,1,CPMM,,,,,,,,,,
1791311589,ADH4cDsEYKFVv4NsNN4ep5pwpMwGUCmzWrGPHZoupump,FOMOMICRO,BvUSvo3uNy1y4xBPTJTSyd8uKr9WB7TKG1v8KPSHmCdh,pumpswap,1790972421,0.000002826,3331.63,2755,2755,0,0,0,0.08,0,0,0,1,0,1,0,8,,0.5,0.5,-0.31,0,1,1,1,,,,,,,,,,,
1791311571,2bHz7Uq8arFttDotBgGFsVKXxN2n7hM39Cktna69pump,HIM,HaGMjHTjfy7f3DN54RHix2RCWvaMZbRKszkFGXPmu9c2,pumpswap,1790973057,0.00008792,28425.44,86096,86096,324.37,31357.8,107343.67,132837.27,3,4,151,177,617,558,907,790,-1.32,-29.34,37.33,416,0,1,1,1,,,,,,,,,,,
1791311600,DioisRY2M15WKza2te7pCvEAe7B1EVp4N1ZrM6tn52Sp,HAMSTER,9yS6kearLBYAKeXoPr8adHirSa2mwUT86PkPgRrMkDqN,meteoradbc,1790970523,0.0007841,,784160.29,784160.29,1494.78,27001.22,137395.76,714370.86,4,4,51,56,315,246,1760,1345,-4.28,-1.72,-16.5,-23.93,0,0,1,1,,,,,,,,,,,
1791311610,G3Y5RAgNGu67P2DB7TZvhcewMd795DYq8qRAFKrxC3L,Tesla,2uL89Jummqv21UaAFUQQgZXAxBYmQKHASXrQWQ3zW8D9,pumpswap,1791184675,0.000002119,2129.4,2108,2108,0,0,0,5.93,0,0,0,0,0,0,0,2,,,,0.07,0,0,0,1,,,,,,,,,,,
1791311597,CkmsccatooDzPMy3YwFiaMMADKyFS7RwHPnshnRtFKGb,GrokDog,EF8k2mXRNpaxqDE1e9kHwFkf2M8pa7evk8KHJRLCuTm6,pumpswap,1791223594,0.000002630,2692.94,2474,2474,0,0,0,4229.33,0,0,0,0,0,0,41,89,,,,-77.58,0,0,2,1,,,,,,,,,,,
1791311603,EddkLepEPdgGMdPoGHNd1V9JbwCT8PXZNQHVGUynpump,SOTTO,6GLqy8ZfaMtD6GgjeF863ux3cnfigZ3AmFg4tWCZMRxm,pumpswap,1791223179,0.000002350,2446,2271,2271,0,0.11,6.64,155380.45,0,0,0,1,0,3,187,256,,0.3,0.06,-96.67,0,1,1,1,,,,,,,,,,,
1791311576,4pG7MvMNDbRhLdXHqPnDQLkAQcaJme2CUjm7MqKoWALK,MOTION,5g72NfBpFVWaKVXXsK6PxeLSL9bwq79jN5pMDaxNiEME,pumpswap,1791224537,0.000003029,2958.97,2642,2642,0,0.52,1.77,271.08,0,0,0,2,0,5,12,84,,0.31,0.42,-13.46,0,1,1,1,,,,,,,,,,,
1791311597,CnhW3L1F7bJ8e6jteZi4MLyyystKRBFZvdx4w7HEpump,PLAY,2WDF6FqVpEFG1BrWFwknwgFBjRHheCxJwdRC6x8QxoL4,pumpfun,1791222285,0.00001292,,12923.21,12923.21,0,171.62,1003.78,30070.06,0,0,4,5,15,26,397,395,,2.57,-13.24,-46.7,0,1,1,1,,,,,,,,,,,
1791311612,HhCMJ6io27ESCEwYgBWXspaEEcyYg36udxvDV3TRpump,BATE,6gwJVUWzbKhqtY9mrqJFLCWUYR9yeiZGMov3CQrBQwSQ,pumpswap,1791223671,0.000002270,2386.3,2254,2254,0.06,0.06,12.63,54986.52,0,1,0,1,0,3,418,541,-0.67,-0.67,-0.3,-99.55,0,0,1,1,,,,,,,,,,,
1791311580,6RPxKv35aggZcQRuwCfq27SJSzELNfKn93oBVpogpump,MEMEOWEEN,fN11w8sknmZaf8zkvdi9FunF2X31C5KLsD26pudCjys,pumpswap,1791223603,0.000002494,2668.56,2425,2425,0,35.57,38.42,154.65,0,0,1,1,1,4,4,20,,2,1.36,-2.57,0,1,1,1,,,,,,,,,,,
1791311571,37upCgGAmtTvcKJzWy3X9FzLGxw5E4Acb18ZMcVcpump,ENLIVEN,78XXahkKRdY4o84DBXrUZWJ31Sx3jmFucUs8w7zTbo6z,pumpfun,1791223223,0.00001722,,17220.33,17220.33,9.92,778.76,18578.94,194920.83,1,0,11,23,210,215,2140,1877,0.38,-8.74,-8.68,-36.94,0,1,1,1,,,,,,,,,,,
1791311610,GMWdgqfnkjLhzoerrDVHLUNamYiGVfLTXvEoVM5tCQrg,HEADCAT,oBpqbdEGocJ8ZDVi7mNNfKzNUdXyUkJCiquhJdjfk2L,meteoradbc,1791222238,0.000005671,,5671.67,5671.67,0,6.7,13.06,75593.95,0,0,0,1,0,4,289,349,,-0.47,-0.89,-90.76,0,0,0,1,,,,,,,,,,,
1791311580,6R8rP2v5p2RbYZS7TXKGE9EquJk2vn7KrorfPJNoCdm1,HODLUP,2gWCMoLi7H3gNoaXqDGRhw7BB5UJ4SW3ToLFEfW3afxU,meteora,1791224220,0.000004489,6550.86,4274,4274,0,130.54,1744.92,111796.82,0,0,2,4,21,31,1324,1101,,-7.15,-44.95,-88.49,0,0,0,1,DYN2,,,,,,,,,,
1791311596,CMJw2xV22Fqunx2ToUTEEExNiNKc1wsZA77izFnspump,scrollit,7cTXQ5K1JYRY3zoYuretnU3XoQBZ6SkXGbuQWa3gdrg,pumpswap,1791223153,0.000002392,2419.07,2305,2305,0,0,0.44,7.91,0,0,0,0,0,1,0,13,,,1,-0.45,0,2,1,1,,,,,,,,,,,
1791311583,7hV5N9iAGbjT62fiHs6VWXGMbT8JGDZfrDSUY3xbwpEz,ELON,FJUwS6x7dLs8zJZaziJhnL7u8n31vc1Z1KN8whXo5aAD,meteora,1791225113,0.0000000006593,1.13,1,1,0,0,0,0.04,0,0,0,0,0,0,0,4,,,,-12.58,0,0,0,1,DYN2,,,,,,,,,,
1791311613,J7LPzrYLNNcgqDTZM3S6zLLnmSvmRiAo6Piq4Au6mDgQ,Djungelskog,9ZYZ4FEQy9ZMcmfW5P88343WZsFrVBCHazoCFDT7ViHe,meteora,1791225010,0.0000000006174,1.07,1,1,0,0,0,0.08,0,0,0,0,0,0,1,4,,,,-23.2,0,0,0,1,DYN2,,,,,,,,,,
1791311571,3HCZiUDt8mDTEC7dtZLVW58VTMGPBBJupsVsho7EdTRn,SCOMB,5jYSWQmWV9gpZrv3KFGRYhYrh9HSQfEtJz4d5KERf7AZ,meteora,1791224966,0.0000000006274,1.1,1,1,0,0,0,0.06,0,0,0,0,0,0,0,5,,,,-18.5,0,0,0,1,DYN2,,,,,,,,,,
1791311612,HMwufuM6Zb9LHcKHJivJ7MTd4BUr1kyPzur68GLwvxMA,Djungelskog,2SLLVsuCzSszBxXHdCEs7jX4gBbMiRwa18cyhAnMfygm,meteora,1791224959,0.0000000006446,1.1,1,1,0,0,0,0.06,0,0,0,0,0,0,0,5,,,,-19.13,0,0,0,1,DYN2,,,,,,,,,,
1791311606,FpTiWiRCPVck9f1SP2faLkKa6cFGLL6NXA7wdn2Spump,Robinhood,9HPjKL43agkRVj6gFkXQZXJeJkjtc3wvb42x3aD8PDYg,pumpswap,1791224219,0.000002159,2188.2,2150,2150,0,0,0,145017.41,0,0,0,0,0,0,4578,5086,,,,-99.8,0,0,0,1,,,,,,,,,,,
1791311589,ABEGc8wVGjocZcm4Yufq3NTNriGCs3DQ2NkPrU8kCCxv,Mr Beast,AuiMBZdHLSo1RYtTr1wWR9BVRXMGWWi9YARe87asBaiS,pumpswap,1791224389,0.000002152,2168.46,2141,2141,0,0,0,90.54,0,0,0,0,0,0,4,4,,,,-6.04,0,0,0,1,,,,,,,,,,,
1791311613,J3XqBNC5tpULikqAeFQmnKESqhxQpdzcmjxUo1nZpump,LEGO,fXy6PBxukM6s3rv1QgTSZaaey3YCWz1zx71Psmz9xo9,pumpswap,1791224361,0.000002189,2222.95,2178,2178,0,0,11.01,163665.21,0,0,0,0,1,0,15244,16025,,,0.73,-99.71,0,0,0,1,,,,,,,,,,,
1791311571,2vPqP8RtfGcvpvV5WbDdDtU4qRQqXWGXJVuLTatXXcCi,TIMECOIN,7H6nf5rV6zowhr27ZJENEm4WMg2DKrgXJXdpxdFB7tfr,meteoradbc,1790856404,0.00001005,,10055.95,10055.95,0,271.25,539.46,9598.49,0,0,1,2,6,4,58,50,,-10.83,-11.63,38.79,0,0,1,1,,,,,,,,,,,
1791311582,6tNogHW8XKFVZNYfdXrDjmZx3HsFtZtKpboh1b3D23oj,ASS,4H5FJCER3PGYgkv9zGt1hSMoza3yh3kjNSwgUgnbiz9v,pumpfun,1791240611,0.00004975,,49757.59,49757.59,0,0,0,80862.85,0,0,0,0,0,0,698,407,,,,655,0,1,1,1,,,,,,,,,,,
1791311593,BAd3K2KWzVwxAjhZ1rpTURusXaMDpuqFEqMSWrvNiFu,maxi,EdvN4WnKSVXU7muAwLRFSZ1fNhm1xfrSFDyWncRCtiUa,pumpswap,1791240936,0.000003332,3242.52,3200,3200,0,0,1.63,173494.13,0,0,0,0,1,5,1866,1640,,,4.15,-93.3,0,0,1,1,,,,,,,,,,,
1791311612,GwD1SmYjiiPNyXSeY5sfJuHukYv2CpdB2VuFkUrbPMxa,SPEED,9pvk4EBLoo7oNxq1qpP9CWUTtzfqvVUz5riKsNDkzAi7,raydium,1791239417,0.0004478,89560.86,447826,447826,0,0,0,364.73,0,0,0,0,0,0,10,3,,,,-0.29,0,0,0,1,CPMM,,,,,,,,,,
1791311578,5oHT7xrEzk9PkuD3Uah29RggyEmQvaWo8rNSGTzr9aTb,SINU,EmkAyziEcFGHEA2EdUWcKk3RLGU7UuAvmVDyK1LRtfAz,raydium,1791240112,0.00001079,9668.92,10790,10790,76.8,1110.07,8990.76,199475.68,1,4,5,29,102,151,2235,1675,-4.12,-31.17,-32.79,-77.47,0,0,1,1,CPMM,,,,,,,,,,
1791311612,HkJgBTK4d3mrrf9Y3TqsiyqLEkbtoEFhzeqMtLnLpump,SPROUT,68xZt5cWDAgWBjxfkpMnBtoZj75uBQZJzzNExKsoetWm,pumpswap,1791239244,0.000005273,5155.85,5242,5242,0,21.89,501.37,2582843.5,0,0,1,6,18,31,8205,6927,,-1.53,-17.18,-92.6,0,1,1,1,,,,,,,,,,,
1791311589,9rXa6VHbLpvNJnbfNvJxg81sbVAPyHuFP6DZqH3rTHVF,CLIP,F8MvDdrv3NWqFWqCMvWmUWD8F6wQk7URpMDhxrnC9zjx,pumpswap,1791236606,0.00002134,10890.14,21194,21194,96.12,341.97,2296.18,299732.72,0,1,2,4,26,24,1605,1268,-3.77,-2.55,-8.69,-53.14,0,1,1,1,,,,,,,,,,,
1791311573,3n6jqwgxKdYVXs5hjkb19gy7hgn5TkcKBRiAc2oBSGPC,SATPAD,DsKxcr2DRBPE2MMaaCYX2wuFHBH2ZcaZvXr8w3tduPBC,meteoradbc,1791241126,0.00005746,,57465.24,57465.24,0,0,0,1332.36,0,0,0,0,0,0,10,4,,,,28.69,0,0,0,1,,,,,,,,,,,
1791311605,FMyuTjciDFwusZm8sHjfL9fNh9Mfn1e4MZcGC81Cpump,ANA2LY,8T5sxJemPR3h4ZG2GxLB4xJJXodJUSgc4jj7x8DKUaFd,pumpswap,1791240423,0.000003896,4909.77,3781,3781,0,0,27.05,7411994.15,0,0,0,1,3,8,15287,14829,,0.12,0.99,-92.3,0,1,2,1,,,,,,,,,,,
1791311589,9u7aand8GYKNF3BQ2DTqeDx93NjH89DtXxfzEBnMGF4C,Addidas,Ap2an4mF3SE8XdrvxiZwhJbGqw6N31bYNnV1LyS9edwq,pumpswap,1791241014,0.000002149,2172.51,2149,2149,0,0,0,114731.38,0,0,0,0,0,0,10658,10380,,,,-95.73,0,0,0,1,,,,,,,,,,,
1791311602,EBBJhTFLEueh1G4u52gF2DJaWEV43zqedNSEfLN4pump,AGENBONER,6wXaJui4JBk6i2aT6jvpKPPRQyYhDqwxujRo38DFjjbQ,pumpswap,1791240740,0.000002590,2932.03,2504,2504,0,0,75.66,1949021.03,0,0,0,0,1,6,4510,4329,,,-0.21,-94.88,0,1,1,1,,,,,,,,,,,
1791311612,Gdggr4qj8eHJVwwBLYSqWuCijzkgv2EoBQiNakWRCb6r,Claude AI,4SuhPWtHdzEa3SbC9a6GjoYFD1xgcrttqMQZGSGfSLnY,pumpswap,1791239062,0.000003119,3134.59,3104,3104,0,0,1949.19,183336.18,0,0,0,0,1,1,25915,21514,,,46.57,-93.82,0,0,0,1,,,,,,,,,,,
1791311615,d7noX5jFMnAMP72R9CJuGeMQDqAqdEdYe3Ke4Gcpump,NVIDIA,7cdbnrKiTChFEMSPBLMb5V2UKR5gTm5eTjhYpf1f23yw,pumpswap,1791240989,0.000002137,2163.23,2125,2125,0,0,0,126710.02,0,0,0,0,0,0,18057,34793,,,,-95.75,0,0,0,1,,,,,,,,,,,
1791311576,51zHKzhzxA3FD7Hw8mNDQA96dcM6J2STB9kvAqGjpump,BABYANSEM,26jZMPpFmFa9CmdJuCxsH6tBmmcCfEN3PUkDf7erFnjH,pumpswap,1791248006,0.000003678,3343.52,3442,3442,0,0,1.08,11559.55,0,0,0,0,0,2,165,141,,,-3.76,-91.85,0,0,1,1,,,,,,,,,,,
1791311590,ARCBeUyYshEkeUeDtYrwVZdxAziXeEqqKRLFW6U7D7HX,Arcade,LwriaGEBbmZBANmg21wq55ApviH4S6vVYwXbuSTTEVL,pumpfun,1791246773,0.00001303,,13037.57,13037.57,68.45,1434.27,17795.16,281657.47,2,0,21,19,214,179,3501,2723,2.09,-1.29,-25.62,261,0,1,1,1,,,,,,,,,,,
1791311593,BChjPToGLJnoDD5oYNo728Gh1yXkMQaS8uhnT6ebcSmk,Meta AI,5aVzRy7cxEYQNEzS78d3p63gm2KsJN77nvtZRGf7f9TU,pumpswap,1791248335,0.000002177,2189.69,2156,2156,0,0,0.71,55795.1,0,0,0,0,0,1,2666,4370,,,-0.52,-95.67,0,0,0,1,,,,,,,,,,,
1791311583,7pjiLJSaXDKGbSpb7kqTmVv5K2dymdCWm7gMzYX7mVVR,RAM,61S5u46bcxAS6AHMzsDrAo4q8nA4xBxA4jTQpokWNxu2,meteoradbc,1791248322,0.00006042,,60428.45,60428.45,0,0,0,7120.89,0,0,0,0,0,0,285,258,,,,35.69,0,0,0,1,,,,,,,,,,,
1791311574,44v2ejG7vz4ecSXF8kfw49ACARAQCfqdWumnijdxBFys,GRAIN,GgjuajPpJEk7hm3Rr7z3U5mVcH3bXRzMLotS77Lb29Ve,fluxbeam,1791248330,0.001512,1497289.1,1512665,1512665,0,0,0,10734.52,0,0,0,0,0,0,300,0,,,,900,0,0,0,1,,,,,,,,,,,
1791311597,Coqj3cFtN4mRmseWzQtk51z8HpAWxG9uuMYgW2mpsRaC,RAM,8K2zMNi3gXD6sDgoqR3LmHXeWKY64HZzqECnyn5DtCzn,meteoradbc,1791248253,0.00005932,,59329.41,59329.41,0,0,0,3840.97,0,0,0,0,0,0,145,107,,,,33.22,0,0,0,1,,,,,,,,,,,
1791311590,AVtvAUEn5Qs3HBmGqaer2bTn2eDUmkXaXvsTXNX7pump,Slime,2Mb8CHNbTkAVwS1bac87hoZE3KJDBvPRXc3onpKe3PVz,pumpfun,1791248385,0.00004979,,49798.68,49798.68,0,0,0,73505.58,0,0,0,0,0,0,522,301,,,,1291,0,2,1,1,,,,,,,,,,,
1791311590,Ada6truJ78N6F62gfugqWy7dZzUoJKw9FhKc4dpNpump,SOL,713F6Pgc6XWFmG2vxHSBRWZCgcFigbNaqpZSFGTUXiLN,pumpswap,1791246048,0.000002182,2212.91,2172,2172,0,0,0,179717.63,0,0,0,0,0,0,19253,20364,,,,-95.66,0,0,0,1,,,,,,,,,,,
1791311612,GqcaB5WeoPXHrQAjFoDihzLvF2F7tfXf36j19CL2Cfuf,MUSELY,35r4qP2XKtfkUqHnE6btBTZ5h95iisGr9BJ6uTHfd8Mg,meteoradbc,1791253144,0.000004562,,4562.6,4562.6,42.39,308.12,879.85,69793.68,0,2,0,4,1,16,664,579,-5.23,-12.37,-30.11,25.08,0,1,1,1,,,,,,,,,,,
1791311602,E2ye1pnGQTJS2QfkiyiDLofranvL74vJr2MCX2wwpump,slopcoin,8b9CTHCMz8ereeQCVvZZDWui6EAx1aTQiCqUPGP43rPG,pumpswap,1791253997,0.000002663,2653.34,2496,2496,0,0.1,15.87,104530.77,0,0,0,1,0,9,1168,1076,,-0.59,-1.37,-94.54,0,0,1,1,,,,,,,,,,,
1791311571,3AJfvAL3ijqZZxhk3L6d5phAoy8LA1npgQfEUbVkpump,LOANED,6dCcsx8r7vCFfoF4MqxizkT195pht86zwEBN2dQjnpXQ,pumpswap,1791253381,0.000002330,2346.4,2253,2253,0,0,4.33,73125.96,0,0,0,0,1,3,619,610,,,0.97,-94.96,0,1,1,1,,,,,,,,,,,
1791311586,8dUmnf16Nu78UXePY2tCR8HPXJ1kJYmm68PihDn75Mrp,HOTCOIN,7wfe188VLnBwR1eUHBycUwQt6zSegkVXc6jAiyFo5jJL,meteoradbc,1791253717,0.00009175,,91758.7,91758.7,0,0,0,4360.38,0,0,0,0,0,0,92,87,,,,54.23,0,0,0,1,,,,,,,,,,,
1791311605,FZiFKW5mcivFsiRf9634MacNcG1vm7YebTYbuBZKsj23,Bottom,6pgioUZbUv7tKTYyZo3HKMyNTivzFxqTMhZiTJ3p7d5F,meteoradbc,1791253791,0.00003551,,35511.05,35511.05,0,0,0,4647.73,0,0,0,0,0,0,125,147,,,,79.09,0,0,0,1,,,,,,,,,,,
1791311615,aE58pAizXF3CjqYDQyAYeKEru2bT49UhvHTi439duaS,CZech,CgPPGVbWnDXzjSuEm8vkphqP4LeasUzxt5G1kDybPQFC,meteoradbc,1791253739,0.00004171,,41714.83,41714.83,0,0,0,2280.05,0,0,0,0,0,0,52,37,,,,164,0,0,0,1,,,,,,,,,,,
1791311595,Bj7CKwspEUebT4UpvWYKRCdxFXUhfWBW5EYwTLCNpump,CZech,5JNi3b4M9kFRmDHTnjASa63MKuEZEd7VBQzCqqNBarjY,pumpfun,1791253181,0.00004948,,49482.3,49482.3,0,0,0,10237.19,0,0,0,0,0,0,7,0,,,,1365,0,1,1,1,,,,,,,,,,,
1791311578,5rwFDakLcb643w2z5bQjhJHaTHNbsqqR5FfzrkVDpump,YouTube,7BUkU6fcxdZBaJvtdzbjQHwARq7BeZG9V2Xv2yjowa4U,pumpswap,1791253201,0.000002195,2243.2,2184,2184,0,0,10.22,305732.34,0,0,0,0,0,2,11775,7393,,,0.39,-95.61,0,0,0,1,,,,,,,,,,,
1791311580,6B1Eno3yqoJxvdq3TtmY9P4we9Y9WmQxLtp4H8N7T3HZ,MOCHI,5UFAiKKoJDPeu9McKYifQFC2xKGuSGVtBsuR44h1k939,pumpswap,1791253634,0.000006650,5460.06,6091,6091,0,0.13,1831.68,186773.34,0,0,0,1,11,34,2230,2289,,-0.03,-25.81,-86.38,0,0,0,1,,,,,,,,,,,
1791311597,CdpyWdiN443YMAGZMmQ4HMMymeprtdKBmnrDPyedtU7t,Mr Beast,3jtB59HzKxiKxf1qrQ9Fa6Rym9i4NWj4c6cgsL2yRn79,pumpswap,1791253461,0.000002137,2151.69,2138,2138,0,0,0,96553.7,0,0,0,0,0,0,8396,8591,,,,-95.74,0,0,0,1,,,,,,,,,,,
1791311587,9NEGAPZd4NzWbC24im1jY5BtDYFUq9ZVLpDvims2pump,Bottom,B5ZN14AFtP2eFt6R4gK9wNVGfcKNXWcEukSBfH3ha7P6,pumpswap,1791253694,0.000002604,2808.55,2549,2549,0,0,376.61,1054460.01,0,0,0,0,6,5,5471,4063,,,,-94.81,0,1,1,1,,,,,,,,,,,
1791311615,qP9aq9UN6CQJKPaZoKhVPFVg3VKWkvTbJgmUbpspump,phubber,CQVXEi1m2PRqY4tpZa1kcX2oivXa28LsM8qc3Krq52Pb,pumpswap,1791252930,0.000002130,2147.98,2116,2116,0,0,0,85069.65,0,0,0,0,0,0,8901,6306,,,,-95.74,0,0,0,1,,,,,,,,,,,
1791311600,Doa3DTRg2sJA6MTjF4ny9XGyUXqc8SsdJX1iyn2upump,Mercedes,EeGUAHuV3yd5k2MMXHX94DZC1VhLTfCnzfHnP8tkTZQ,pumpswap,1791252871,0.000002138,2163.06,2127,2127,0,0,0,128195.18,0,0,0,0,0,0,9814,11484,,,,-95.73,0,0,0,1,,,,,,,,,,,
1791311603,ETFjaBPkCpALk4B4oj2BhRBhb9zuVfZRa7MHMSygpump,ETH,6HqfAQ2Fe19wTuWFadkRgpmmLDz9Ke1V5bqFSRcRo7ha,pumpswap,1791253241,0.000002132,2156.65,2132,2132,0,0,0,109112.28,0,0,0,0,0,0,9473,11088,,,,-95.74,0,0,0,1,,,,,,,,,,,
1791311595,BvvWeJ1fDUDRfyBBaQ4eTXLjXx8CcR8nuUrpyfuNpump,PLUGIN,2ryZ5yx4oT4Pohm5hG6TWzCXGZTFfsdXtGEhSJKqjLgs,pumpswap,1791252736,0.000003706,3632.65,3602,3602,0,6.3,97.94,377845.89,0,0,1,3,3,19,5010,4409,,1.85,-1.74,-92.41,0,0,0,1,,,,,,,,,,,
1791311571,3Hpjq8qGcswo5cvfcqomefe4dF7hsJ7nLuipehZ2pump,AD,HeJpqeGVUm55Bff9DRkrQxYXNo9dGKpqAFwpyWtwU6cm,pumpswap,1791256514,0.000003997,3834.92,3867,3867,0.98,227.22,2962.09,377243.71,0,1,1,8,21,78,4328,3762,-0.22,-12.66,-45.8,-91.94,0,0,0,1,,,,,,,,,,,
1791311610,FzPujTgKNJVim7YYa5HYHngGtf19QwV6ACJ1zDLWpump,UP,5fAjXZGX3eMkyzGmuKTSEM4CRjVQXdj1R7ge4s4TPyd8,pumpswap,1791254341,0.0002958,56784.59,286855,286855,339.09,20647.83,326379.02,6119211.12,5,8,151,178,2094,2094,35398,29699,-2.11,17.2,-19.11,506,0,0,0,1,,,,,,,,,,,
1791311578,5ngVCYuaNwDDcQd5nhbPi7PrqrUFZRQs1DN3i9Lspump,BAND,MvF2HJXWoQCT5wBjhoZ3RuP1hZttb1Sj3bPHDNDr4NF,pumpswap,1791254250,0.0001547,34817.23,150347,150347,822.77,3948.19,19344.56,282807.03,0,4,8,14,48,83,1504,1432,-9.25,-21.99,17.52,209,0,1,1,1,,,,,,,,,,,
1791311571,2rGAtKvntAJJBxTvTkHmEpQSaztQQbeFVk2bS8KPcRy7,DEXHOOKS,91QBiASs3UV4fGwcKomv3xaz5GQKEQ4Q9K44i6mxDXbL,meteoradbc,1791255526,0.00005595,,55953.09,55953.09,0,0,0,3834.84,0,0,0,0,0,0,167,153,,,,26.17,0,0,0,1,,,,,,,,,,,
1791311589,A7rshCyU2tnHCnn8SxyZeb7mCf4NxHkGZE7GxQYpump,USDF,ECXgmivfjjhM7ojrapSLZEAKU9eWBC3EbKnWohN4NcB5,pumpswap,1791253858,0.3889,1820638.87,388906151,388906151,2861,42791.37,230123.3,1209956.88,264,5,3183,73,20626,446,58694,1129,0.41,5.66,30.29,775127,0,0,0,1,,,,,,,,,,,
1791311615,PUXx1iSexu15p8FLG4FoFyRpyVtARFEf6CYbUzopump,UDR,FJZM5V1ZEEQzi2pAAp6VFsUqZrj6fuscdsjh1DnLDGQR,pumpswap,1791254602,0.5614,2189459.09,561448395,561448395,3915.34,48915.52,305483.97,1750903.15,242,10,3295,113,21197,600,61113,1829,0.62,6.06,43.95,1121109,0,0,0,1,,,,,,,,,,,
1791311578,5JKdcnWvb7NE3MhvgcucuSqEkCqp6zc6tzLL4ioQpump,Microsoft,CNYufQbeg8TDaWH1QCBDoaRgtBX7GQAibgke9ngpPA6Z,pumpswap,1791254332,0.000002139,2175.33,2130,2130,0,0,0,219922.79,0,0,0,0,0,0,20211,20571,,,,-95.73,0,0,0,1,,,,,,,,,,,
1791311613,KcXxFQb5hMACb2QChSYAH8bv5stdRKbXryr7zeWrVSa,Speed,6Qo7udd8Wqvj5i5anPFs389x6tWMzAThXmFwytiMw1gc,pumpswap,1791254348,0.000002155,2186.8,2148,2148,0,0,5.7,144935.74,0,0,0,0,1,1,13610,9087,,,0.87,-95.7,0,0,0,1,,,,,,,,,,,
1791311589,A7dfpukqXU3Qx4pzHotSLFzspDnYzME1X2PTxG3rpump,BEYOND,3h9UWF3a4NMUSJMv5wV8yuYuro1FF7Tc3fv8Ypvc7ktz,pumpswap,1791259803,0.000002559,2791.19,2477,2477,0,0.12,0.16,866525.29,0,0,0,1,0,2,6066,5004,,0.04,0.61,-95.52,0,1,1,1,,,,,,,,,,,
1791311586,8cp1WhUDxTbfX8nDe1kAB1ogPUyQvUSKgzFz365LbQyZ,CAESAR,9ebYNt7c7aZtaKQS8UPbCT6gdzyXWAje3x8Ca28ysyGT,pumpswap,1791262262,0.0002431,49774.93,234880,234880,8240.39,71180.98,463025.94,3316414.29,29,19,504,395,3219,3555,31015,25011,-0.13,5.15,-20.09,392,0,0,2,1,,,,,,,,,,,
1791311583,7PBEBENwvvaax9PSAAPKZrJr6J2skuNneBkZEMGDS7v9,ROOTS,GtnFPoSLjm88FdnzvaQfs1MhEeAGZtQFhrSDTw5EzfDu,meteoradbc,1791260701,0.00005094,,50947.9,50947.9,0,0,0,24747.94,0,0,0,0,0,0,178,78,,,,1442,0,1,1,1,,,,,,,,,,,
1791311605,FKpPA1niS6rrs5HeXv5eiaDWcpM7pyRFvLoxLM28pump,CPU,9Pwf8Wk5DQBAmKQsfAZPfLQHTB2KBkq2aT64JBoVTbPA,pumpswap,1791261461,0.000002487,2603.97,2455,2455,0,0,32.12,508091.34,0,0,0,0,1,4,6558,5199,,,0.41,-97.4,100,1,2,1,,,,,,,,,,,
1791311578,5GGKSubrsKKovu7mKMRCm9mXn4VeU67v3EMsEqifiaSX,BSM,5tT3NrBZ6Z4prXFvwLd3mHj8mSmoYxvygtpuX6b3GuRb,meteoradbc,1791262815,0.00004763,,47630.25,47630.25,0,0,0,1842.94,0,0,0,0,0,0,54,40,,,,222,0,0,0,1,,,,,,,,,,,
1791311578,5VnbrKp28Qs9CAH6PyZdxBNvLxZcbeX3YBsozgWnpump,darwin,53W7r4XUxCSnLGoAvj3nPiXnSzyWGZkYHVavYtLpyaXM,pumpswap,1791078359,0.0008838,102348.7,837379,837379,2151.17,86311.89,1032393.81,5500074.57,4,29,279,438,4110,4488,24831,23296,2.99,-6.12,182,8791,0,1,1,1,,,,,,,,,,,
1791311605,FKB4cff48QyEyKDkPdmqV3AAUEZKZJPWnAGCEcxmpump,LIQA,CXCb9E8qpdsVFGL3qPWBFzpiRhA8j8KhLcybGyyVUy71,pumpfun,1791262594,0.00004937,,49379.58,49379.58,0,0,0,10215.94,0,0,0,0,0,0,7,0,,,,1369,0,0,0,1,,,,,,,,,,,
1791311589,9ubGdBpKqnkJCatLMYDp8wV7UsS2PAKopH67zjMo3ZvT,NORA,2P78asyDfoRwzx4tCvFcgSV7efyZeYxUYc1tyZA5dAaA,pumpswap,1791267436,0.0001009,27304.49,97672,97672,85.7,1497.39,18208.82,68136.94,2,2,10,11,222,225,1720,839,0.17,-13.5,-13.02,106,0,1,2,1,,,,,,,,,,,
1791311574,473e3MgHs3S3cYjcGNex79v68wkjPci6XMFUBzUwpump,BEAM,6WvPxCLU2YEaEmTi42j1Hz6W2j37DPVEsQbXGXESFuCE,pumpswap,1791268010,0.000002922,2867.41,2748,2748,0,0,163.84,112930.09,0,0,0,0,0,8,1409,1267,,,-12.42,-93.95,0,0,1,1,,,,,,,,,,,
1791311580,6T3mcg1bYFRNQEChN3jzmhbzSz87viGq26rCWkLCGTsM,SM,8CR5TtLLqBurKomDHPQ4rfQkQR45BaaR4UdUbornAoC6,meteoradbc,1791267950,0.00005773,,57734.58,57734.58,0,0,0,4231.69,0,0,0,0,0,0,142,138,,,,31.19,0,0,0,1,,,,,,,,,,,
1791311573,3s7zfGssabwkuXuVQcyeuCdsZMoK7NUKqnY6S3VfHsWi,Disease,13g1hrFfZAnmWu884STdKojDHWjUjthZyVV3DjYscFbR,meteoradbc,1791267971,0.00004768,,47682.11,47682.11,0,0,0,7692.79,0,0,0,0,0,0,191,251,,,,224,0,0,0,1,,,,,,,,,,,
1791311583,711pQmphYARn1NsFky6umqqpB68ro6mHwku8iWAUx4Qg,cortex,4QG3RmFAGPYyMJrV4Goy8gn2SBRjvZv6dXkiFTfw5cHK,meteoradbc,1791268005,0.00008050,,80509.93,80509.93,0,0,0,2128.1,0,0,0,0,0,0,46,32,,,,429,0,0,0,1,,,,,,,,,,,
1791311590,AWkPgsKgQvefga7fYUerL6coGVoSet7XVu4wWFoxpump,Dooby,FEixDw6vshRgQ6EfdUZGvvhAfpRcGN78rmMX8PeVD9wT,pumpfun,1791268012,0.00004906,,49063.2,49063.2,0,0,0,23574.51,0,0,0,0,0,0,194,113,,,,1296,0,0,0,1,,,,,,,,,,,
1791311610,G8oo84X68rQwEbhQuUayNtrrJmUnAqWkmZPYX1fBHRei,Nike,AKBtinGUgjiBaFjM6VvM9nj5Kn6HL1j4con3gNWVysZe,pumpswap,1791267755,0.000002145,2163.04,2134,2134,0,0,0,86306.29,0,0,0,0,0,0,6540,7234,,,,-95.68,0,0,0,1,,,,,,,,,,,
1791311605,FRLkWC1qVFAXEnFbJ9xKcFKkXYqsfQ9GiLu2mvompump,NVIDIA,F5WNNT6VUWURLxzUZsG3YJGeTNr3Vt75cdTHDnyKc9Nm,pumpswap,1791265005,0.000002216,2247.2,2205,2205,0,0,0,157507.97,0,0,0,0,0,0,23764,24243,,,,-95.56,0,0,0,1,,,,,,,,,,,
1791311578,5Ka8SYYtB5kJSvLFAY1AhHX4PCKrbfxprKXcF5yE1ccb,COOKED,BrrYCD64UCw4Wh6nco7k3fFSbsd3JNMJG4Puiz7Zzjxs,meteoradbc,1791267800,0.00005828,,58281.91,58281.91,0,0,0,10866.2,0,0,0,0,0,0,215,289,,,,220,0,0,0,1,,,,,,,,,,,
1791311605,FKVyaQMZsxwSEn1VMoZjFBhFieQdM4jXYkbQkj5Xpump,PLAGUED,A1HXAgVhU9rmVtHPRbyTwYrkzvoZLCUMdAEV7XTRg3ZT,pumpswap,1791275680,0.000003770,3592.72,3643,3643,0,40.09,309.33,264716.4,0,0,3,0,4,21,2692,2240,,3.43,-12.8,-92.26,0,1,1,1,,1791311700,0,0,3,0,4,21,1116,1131,100.0
1791311612,HPHtSQN361RPJGUuZpmt44SVqeyMMrjjkXpSjbLWpump,假成交,EeQk2n4GMQxvKvAYuxqRFH47BnNojZwztj9fXaGv3Biy,pumpswap,1791275913,0.000002593,2583.14,2515,2515,0,0,0.07,42699.55,0,0,0,0,0,2,359,450,,,0.22,-94.8,0,1,1,1,,1791311700,0,0,0,0,0,2,234,292,100.0
1791311604,F5ZVJGupxfF9ShtWtgFZKKN2mYrXEj5Q1mgTrSzrpump,swordphil,DMeKj1z3aub7wcnL7bdiwx2JytY7SMbtS4ibbXKAjUKL,pumpfun,1791273762,0.00004936,,49363.14,49363.14,0,0,0,10212.54,0,0,0,0,0,0,5,0,,,,409,0,1,1,1,,1791311700,0,0,0,0,0,0,5,0,
1791311587,9JZTyFsSq8SZBQtXSnbdQmk81cCx22KR3shWn6QXtUcj,WINNER,DtStymNZofWTofkyMMkJa683VukxQG26e6Lo5ZcWGcia,meteoradbc,1791275322,0.00005878,,58781.42,58781.42,0,0,0,6098.86,0,0,0,0,0,0,220,212,,,,32.39,0,0,0,1,,1791311700,0,0,0,0,0,0,141,125,
1791311612,Gi5Qss9rry9qc755sAmAQNPjiwXC6XZoSYVqSNVYpump,SWONKS,6dd1SoMF3VLCUttmMxoYGoLZ1eRHiAvsci82vW3Rtj6e,pumpfun,1791275329,0.00004947,,49478.19,49478.19,0,0,0,10236.34,0,0,0,0,0,0,6,0,,,,1360,0,0,0,1,,,,,,,,,,,
1791311606,FqzPVDccNSnsPU1Np6YX1mFzhPVSJ1awZfTgV61mZ3Bs,pippo,4RX9HQaUnX7WkWrnTEzFxDU89jDhrsgwV9GtYLX2Vdej,meteoradbc,1791275313,0.00006407,,64071.29,64071.29,0,0,0,2447.32,0,0,0,0,0,0,47,47,,,,56.79,0,0,0,1,,,,,,,,,,,
1791311586,8rGxJ1gbm42GWcKJGbykNoXvsWSm43rhvJ34FwG4fnAy,VACAT,9cbnK8A2XkxH6pV4TjQ6VYedEYWp19J5PocMDTKkQBrZ,meteoradbc,1791275426,0.00005806,,58068.53,58068.53,0,0,0,4598.23,0,0,0,0,0,0,160,142,,,,30.8,0,0,0,1,,,,,,,,,,,
1791311588,9fzrXC7kapMVU4VtBC698ZAG4ixM65bC8CgUj46TcVw4,MI,wh4prrDfSHEcniyvdLE3JNSQN9zd9RmatEcE4hk3jim,meteoradbc,1791275333,0.00004279,,42792.27,42792.27,0,0,0,1959.06,0,0,0,0,0,0,44,33,,,,171,0,0,0,1,,,,,,,,,,,
1791311582,6mraTezsj7JfBmtyK1Su9S9aFpXJeaq346Fj7VBHJVP6,‮BN,F35hPtsVmBjv2ThasnZHTZgBjJ8YiMiN9HDyuGr14HrJ,meteoradbc,1791275417,0.00006018,,60180.41,60180.41,0,0,0,2087.03,0,0,0,0,0,0,150,24,,,,17.43,0,0,0,1,,,,,,,,,,,
1791311569,22xcq1dqt873YsXu3hdQofKVwKZ6Xtv2LmmuCLWxYcrd,VACAT,7HTWWmV6uLFJtGzrwtHjx3CN11PRuYcpSRGVzjJo5BcH,meteoradbc,1791275376,0.00005833,,58335.29,58335.29,0,0,0,1922.34,0,0,0,0,0,0,55,33,,,,31.38,0,0,0,1,,,,,,,,,,,
1791311596,CbYQ9cQsr6bUb6BbcWxeD83Yhfi8MiDuTkZVDLwwzNtZ,ushi,FxXC6Rr5ppLfN79iFgsRg764vwUwj7CwqHskzGNvQ4qF,meteoradbc,1791275236,0.00004749,,47498.1,47498.1,0,0,0,8514.02,0,0,0,0,0,0,234,276,,,,220,0,0,0,1,,,,,,,,,,,
1791311587,9PVRDUmwsdRKE1g8qbHuC2sEVVXgHTbYWcB1BafNubPA,Haaland,B9Qgh3DWLyNd9ath4GBgFo6V4eMNKgCBJa6JZVLcpSaE,pumpswap,1791275088,0.000002166,2188.54,2167,2167,0,0,0,95123.84,0,0,0,0,0,0,5297,6347,,,,-95.67,0,0,0,1,,,,,,,,,,,
1791311576,4xc9f8RivXbasGeoDsi1hoRDoFWa14UJpGi3iQ4USgrH,Robinhood,58ER8mrq2MtbP4NHJKQKoJGLXS3NyJwFEjqTb6Eq8Fnm,pumpswap,1791274938,0.000002138,2166.1,2138,2138,0,0,0,157835.14,0,0,0,0,0,0,8809,8565,,,,-95.73,0,0,0,1,,,,,,,,,,,
1791311587,9U4khpsZDT8gByWCUNXJg9u76yiMGT4Ej2NjXr12pump,Google,GvhMJR5BafT6VoH6KGtY3rnc4iEh4LRr3bqKqE9XvfiW,pumpswap,1791274918,0.000002144,2173.73,2145,2145,0,0,0,170926.1,0,0,0,0,0,0,10837,12380,,,,-95.72,0,0,0,1,,,,,,,,,,,
1791311591,B1T2LzryqsxeQxB8Fbm5dY5q51Ak98aKNQEn1gAiWGzx,AION2,4TKuAFnaxiwNF7FB8SbcbKKFbZzGpgHMq3zPS64S164h,meteoradbc,1791274856,0.00004343,,43433.83,43433.83,0,0,0,12339.13,0,0,0,0,0,0,280,312,,,,162,0,0,0,1,,,,,,,,,,,
1791311587,92HAXUz5JSDqAjEFA5EMmYh2DkkPFkggos3PqBaGpump,cortex,EB9Qr8tR79kUVqoYfAXuN8kxpkdhMuKf3Db8Sn5YACtY,pumpswap,1791267700,0.00001290,9101.65,12587,12587,75.78,1394.09,45477.75,1085900.44,1,6,32,44,597,606,11499,9004,-2.35,-15.44,-77.64,-73.75,0,1,1,1,,,,,,,,,,,
1791311591,AxKSkZWJeuTQ3NfqYxhezL3Xb6tbBikQ6wYyoMvvMDXZ,REDBULL,HxHXKZmVumQv1e9zBmxQGLXQ3X1f3YAkiC2HajTWrB5G,pumpswap,1791277075,0.000004253,3897.04,3955,3955,124.09,282.7,3756.98,90066.18,0,2,0,4,22,39,1203,1136,-7.52,-14.65,-39.48,-91.55,0,0,2,1,,1791311700,0,0,0,4,18,34,658,735,
1791311574,41ZSCjxKM2TPd5Q14ZdXCiqT4BFviSJgvLGKf9rHpump,SJ,CXuaifA7H6EVFQbVDkHJcz8vLZbZ6ngWFt6xP9B39miy,pumpfun,1791275984,0.00004947,,49474.08,49474.08,0,0,0,10235.49,0,0,0,0,0,0,6,0,,,,1360,0,1,1,1,,1791311700,0,0,0,0,0,0,4,0,
1791311603,ETVxgGg5d1R2taSrc7c7EVTk9PoFuRGyvBmvHHU9fDDh,ushi,GkDQ3uqSS6FFyXZ8Zj8zdmQ1VfJLUp9BXLXUjmEfsA7g,meteoradbc,1791276921,0.00004751,,47514.51,47514.51,0,0,0,6893.3,0,0,0,0,0,0,168,228,,,,220,0,0,0,1,,1791311700,0,0,0,0,0,0,128,146,
1791311578,5Wkf5PJWZN3XtsfraKr6Yd75EtjjHS1oP6KXucA1pump,.,3zFmfuCYig2TcEvEFvRdRTeAfoxx2p6fDEzo54J4SxMf,pumpfun,1791277003,0.00002673,,26730.3,26730.3,0,0,0,679.99,0,0,0,0,0,0,34,23,,,,688,0,0,0,1,,1791311700,0,0,0,0,0,0,9,9,100.0
1791311586,8pcFxmy48ZpZ61fGR7JXm3U5jP2TiQjnGHLVN1Mpc254,ブル,5PkDTjdL1PpYyrkeAPRu6J7taKojLgRinGNJoUpV9GqQ,meteoradbc,1791276982,0.00004720,,47200.48,47200.48,0,0,0,7805.77,0,0,0,0,0,0,164,183,,,,185,0,0,0,1,,1791311700,0,0,0,0,0,0,130,133,
1791311605,FXkTTH3725YtGzJdeDATdgZLXWe49ig2FyVeeWrHrY2E,DERPCAT,4TFdaVPqHVCtKJkzTTpTGew948PXb9ugLidZnmCqTHct,meteoradbc,1791276602,0.00004391,,43915.09,43915.09,0,0,0,23641.8,0,0,0,0,0,0,550,622,,,,165,0,0,0,1,,1791311700,0,0,0,0,0,0,204,218,
1791311586,8NuUXGf4nFMhZEAwi9y1JArZwYD7A5WuELRspnNEGTvu,MIND,4r6QHtySTGSsaY8C5ZHYgtKXqDN4S6aepAePDk6rjKia,meteoradbc,1791276302,0.00004508,,45085.94,45085.94,0,0,0,22822.91,0,0,0,0,0,0,508,622,,,,172,0,0,0,1,,1791311700,0,0,0,0,0,0,207,216,
1791311573,3nyVQCP9xPktzT1g3LRfJRLiKq9JvJBzGY4CvvLfpump,CAESAR,DMUKFKzTDMKDTZ93wvq7Z7CYbisbaavpQe8zKbbCw1Fd,pumpswap,1791275865,0.000002257,2288.74,2236,2236,0,0,0,202493.31,0,0,0,0,0,0,43031,38592,,,,-95.49,0,0,0,1,,1791311700,0,0,0,0,0,0,2271,2257,100.0
1791311612,HdDJDRr97PgFmdrNJ8s5zTR9uywn3pLwBc8gbESdpump,Apple,G4ugT2BQsEujJKtgC8Gb3QZ69DiJKMR7PFPRuBR8vefo,pumpswap,1791275625,0.000002442,2487.62,2432,2432,0,0,238.23,278450.46,0,0,0,0,1,0,29551,29697,,,13.94,-95.13,0,0,0,1,,1791311700,0,0,0,0,1,0,450,1516,100.0
1791311593,BQUj5j16AQ7NKAisXKsYpQb2GaphdkHWYDomfZGupump,LEGO,pzPhAFn6gPgyJCAF3PSBY4cUaBD4NpCdHr3QyPxzRff,pumpswap,1791275617,0.000002160,2188.01,2149,2149,0,0,0,159993.75,0,0,0,0,0,0,13683,15516,,,,-95.69,0,0,0,1,,1791311700,0,0,0,0,0,0,420,2210,100.0
1791311569,12kcwsDTSpvanYqxDLfKcotfPApvDXpdyB7bzPVFpump,DOTF,dJceD3p1N1MWPiraSFcs85Qo4Xm2etaqHnNFdPRHQJt,pumpswap,1791249183,0.5568,2179219.12,556800547,556800547,2534.95,42700.81,276865.84,1396403.25,237,5,3180,63,20722,363,59831,1091,0.33,4.65,39.78,1105221,0,0,0,1,,1791311700,254,4,2284,15,2940,30,3017,81,100.0
1791311613,JDWfTE92XEMDUtxmw27YLJUsW17RenLgC6E8Q6XduPb5,.meowfart,5QfjLF6inpkWqc75pDpd5Q9zNaKXwVAB2ZBDxU8pqnPE,pumpswap,1791281740,0.00001138,8127.76,10994,10994,953.93,2602.52,69897.19,715654.14,9,8,25,47,1042,848,9458,6848,-19.9,-31.31,-58.78,-76.56,0,1,1,1,,1791311700,10,8,21,46,400,557,3175,2929,100.0
1791311589,A8ReJQdBygEQ2kce1oNZ2brMQWVA6HwetfkhK3J7pump,catagency,6n5hAz9JcF5mVT19CEduJUkNJdZjw1kHBbqJBU8npHDx,pumpfun,1791281617,0.00004909,,49096.07,49096.07,0,0,0,10157.29,0,0,0,0,0,0,6,0,,,,1360,0,1,1,1,,1791311700,0,0,0,0,0,0,1,0,
1791311595,C3NukjAkXubpUcKmYCfzQ2qyKtQd9HLQbLqyuL1Npump,.FART,81zGs4ubWmx7cTKUJrkPkupzH3NRgUdv6VtFKQ4twtEC,pumpswap,1791281144,0.000002846,2969.48,2762,2762,0,53.95,7206.31,391403.5,0,0,1,3,50,62,3554,3290,,-3.86,-8.25,-93.67,0,0,1,1,,1791311700,,,,,,,,,100.0
1791311586,8FffCcpYMCTc3QC6FmafKq4JGmo4UmsvfHtGZxQWNTKv,SGSI,7voWnnVLJHHwzw6uDGbyMPHRMhPrfuoB8W7WFjg6HnPo,raydium,1791142683,0.00002361,15373.87,23617,23617,0.63,729.68,22981.04,87950.43,0,1,20,11,262,211,996,707,-0.2,15.01,-31.92,21.08,0,0,1,1,CPMM,1791311700,1,0,12,14,132,113,417,424,100.0
1791311576,52L763SJfoHFYAbMaUqxV21o55ZWbvfsNf7NxT2bpump,USDP,79oCZo93LNs3nEWAju9zsvXpH6Gz72SV7Sy61FaJDNDe,pumpfun,1791282614,0.00004933,,49338.49,49338.49,0,0,0,11003.35,0,0,0,0,0,0,76,7,,,,1207,0,0,0,1,,1791311700,0,0,0,0,0,0,76,7,
1791311610,GMumekDBHggSAscXj3mYsCxzRGExzWV6Z1ANZShF9VJn,..meowfart,918PjJhU91ZDhk5RhpBUYy3ZCdUEpULfteYZzQa5Egwd,meteoradbc,1791282648,0.00004859,,48594.52,48594.52,0,0,0,11484.58,0,0,0,0,0,0,225,265,,,,209,0,0,0,1,,1791311700,0,0,0,0,0,0,132,132,
1791311603,EhbRLi1rCuZ5A4MjjyxZ86iELXzFtdT68x5HaZTBpump,trickpepes,5n9cfa2hn9Wy52zP28HmhDxTXh6GYqvx4PCULdBFvNxw,pumpswap,1791281673,0.000002617,3046.66,2580,2580,0,0,32.18,2289337.56,0,0,0,0,0,12,6307,6124,,,-2.43,-94.87,0,0,0,1,,1791311700,0,0,0,0,0,12,1767,1743,100.0
1791311593,BGAbqM5DuqgLbGZLmp8nJMf8eWyizdEbrfHFsQmrpump,NASA,F4WJkbXMz8C6GXGeymcKQpXaVkUMdyrqLHc7buEUMRJp,pumpswap,1791281572,0.000002146,2171.83,2146,2146,0,0,0,132508.05,0,0,0,0,0,0,13314,14814,,,,-95.68,0,0,0,1,,1791311700,0,0,0,0,0,0,1878,2166,100.0
1791311610,FxnXUzFYKfpWubompDXTVUfNv6UswBH3oQLW93kjEW43,Apple,CA34KSptzDWBbhfGiFRGsP5jmMsUtkSLPM8rLzffDakr,pumpswap,1791282275,0.000002131,2144.77,2131,2131,0,0,0,60706.39,0,0,0,0,0,0,4595,5871,,,,-95.72,0,0,0,1,,1791311700,0,0,0,0,0,0,356,726,100.0
1791311571,2ihWKR1EayNiZsDcELt89GqtfixJvWULjCW12ZQtpump,ChatGPT,9FXViaFxRcNR64oF8G4G6R2DB6XpzqFq7wTumwFQ9J5V,pumpswap,1791281044,0.000002506,2536.17,2495,2495,0,0,0,244179.29,0,0,0,0,0,1,26179,26830,,,0.54,-94.96,0,0,0,1,,1791311700,0,0,0,0,0,1,485,1321,100.0
1791311575,4RoFANLQpQ4o23zfyd1aoQCxVehwVBU2YeyCCQyvpump,swordhood,Gpre8KNPSyUC21NwLR3U3VFRz7T6Zgru79h5uivqwowF,pumpswap,1791284111,0.000003455,3979.25,3399,3399,0.52,1.75,3400.26,3062652.49,0,1,0,6,39,66,8267,7611,0.75,0.4,1.01,-93.25,0,1,1,1,,1791311686,0,1,0,7,29,57,2606,2466,100.0
1791311602,EGTmKUrrAQHWuyWgkeEsAgnRskUuQjw7Z6rwLXYZpump,VALLEY,H3GNK2989cjpMDeCmcDWCRTvSzECPS8DzWCNKXZoTHaa,pumpfun,1791283389,0.00004942,,49424.78,49424.78,0,0,0,54277.74,0,0,0,0,0,0,328,175,,,,1347,0,1,1,1,,1791311686,0,0,0,0,0,0,259,84,
1791311602,E4jLbVAq763MavfQE8BFsTznFhVJZQFCpTgbuu8Wphzq,MultiStonks,G1ZrWh1v66zUxZM1q8Nbang6XH4xfuBwDixAkgBdSPvb,raydium,1791283476,0.00001960,14245.41,19607,19607,86.75,955.68,80699.81,646375.05,1,5,19,25,1063,811,6710,5251,-2.65,-2.7,-68.57,-59.81,0,1,1,1,CPMM,1791311686,5,4,25,18,561,434,2561,2717,
1791311571,2p7UdEBBCHSAHDwfTsEms2PmF3299ux52ithaMeeeo9j,SWORDHOO,8uQPHPikWDDPVtBoke6mNch17haU7ZZsy4QV8ZvzkoP3,meteoradbc,1791284390,0.006003,,6003986.05,6003986.05,0,0,0,1989.64,0,0,0,0,0,0,155,25,,,,17.48,0,0,0,1,,1791311700,0,0,0,0,0,0,5,2,
1791311595,BusD65DExwyuMDA31cB6THeyjFvgYgcGpuUnDRJ1pump,TLT,H6MbeQYzMH6TPRRKpjkNSBK8NFQh8KPtmzfk6mC2YiQv,pumpfun,1791284221,0.00004949,,49490.52,49490.52,0,0,0,10238.89,0,0,0,0,0,0,6,0,,,,421,0,1,1,1,,1791311700,0,0,0,0,0,0,6,0,
1791311571,3KNvV2tPf9XBNP3eWFBYnpKZMygqm2HPmu2evryTpump,HIGGS,7HdhWVgotBQ5akrLUigbP3F2tc8cse3YLiWUyJyFTpb6,pumpswap,1791280103,0.000002159,2190.18,2151,2151,0,0,4.86,202031.47,0,0,0,0,0,1,16821,9491,,,-0.67,-95.65,0,0,0,1,,1791311700,0,0,0,0,0,1,1892,2676,100.0
1791311569,2Dq9Py1BaH5UpV2puGMMCiVHs8YmPuRjEDZMRK6fMT4Y,Elonhotdog,DahgQPRJeTg8UCpN8JnbrgY4qtLUMUY1KpYpFphVvhmu,pumpswap,1791283413,0.000002175,2209.97,2176,2176,0,0,0,159592.67,0,0,0,0,0,0,9398,7193,,,,-95.64,0,0,0,1,,1791311700,0,0,0,0,0,0,167,768,100.0
1791311596,CBMkUhEP3xRgV8kPKYXyQ8MKsdt5xYmcMjGyRCtopump,TikTok,H8xHejQkoB5Q55JwkvJyERMFcD3pupnhs166fNBUtn8K,pumpswap,1791283621,0.000002127,2144.86,2128,2128,0,0,0,80961.75,0,0,0,0,0,0,4318,6274,,,,-95.74,0,0,0,1,,1791311700,0,0,0,0,0,0,405,2194,100.0
1791311597,Cj4TSKUjUsaAPGYSoLLqT5xLfdRUVBU7rt5ooptpump,KORTX,7pUonuEBivC7e3z2xST7BXy8vnMzL1896q69K3nsCUiN,pumpswap,1791266977,0.00004324,17118.17,40399,40399,0,21480.17,57868.11,172864.58,0,0,138,115,487,400,1800,1522,,22.64,40.3,-10.6,0,2,1,1,,1791311686,0,0,89,78,232,218,782,785,100.0
1791311591,B6hNoE798PE1y2XTZMC2XX333HRcZiD9RZ3xzCRbeoQr,Bambi,6gNDWBoNYGDnehP7UCd2ACerbk2gci6samZjaktjSYPE,pumpswap,1791290572,0.000005247,4645.23,5020,5020,11.96,665.81,293850.12,293850.12,1,0,12,8,3807,2909,3807,2909,1.37,25.09,-89.18,-89.18,0,1,1,1,,1791311686,1,1,10,8,1493,1514,1493,1514,100.0
1791311615,ckAijtzoQBQLVmFDZrqLVgPRgfAgYF922TwzMnupump,GIF,2bELVEXaaZhgYDWHbg36t6qyY8SLBjfX1fzhMdT2Zafv,pumpswap,1791260653,0.000003154,3061.13,2739,2739,0,32.74,29001.51,98978.53,0,0,0,1,247,243,889,873,,-2.02,-56.16,-93.62,0,0,1,1,,1791311686,0,0,0,1,122,129,435,532,100.0
1791311613,Lg3KbVTP1At9buJqS8boSoe5UpkwzrtdSyWToGcYKEP,EP,4UMibs7DhF5h4jC4NpmFtFX15RfgygYoxEG1cNULHWf9,pumpswap,1791291181,0.000003091,3045.15,2971,2971,0,0.08,139638.04,139638.04,0,0,0,1,1762,2191,1762,2191,,-0.37,-93.85,-93.85,0,1,1,1,,1791311686,0,0,0,1,1055,1101,1055,1101,100.0
1791311597,CmJ47wPWyFpxLZ4zQXGgANJ5PHych8seKeVJFoCpump,NOD,6wKhJApdvAACzMH1kiiwESnX9GF7Myq8d5Q6wa96zih8,pumpswap,1791290074,0.000002552,2656.22,2445,2445,0,1.97,481470.13,481470.13,0,0,0,2,15208,7388,15208,7388,,0.4,-94.9,-94.9,0,1,1,1,,1791311686,0,0,0,2,841,845,841,845,100.0
1791311599,DG4LMuC8hK3KR592csXkbEEM2dJNjUs3SpaeioQdpump,TUCK,CriR95aVFQfBsnrv8MSucjW4Tr4GkWxAB1eHbaQhiEts,pumpswap,1791276643,0.00003672,15574.5,35367,35367,3.15,44.82,10120.66,20470.2,1,0,5,1,44,129,175,281,0.28,2.43,-48.97,-24.77,100,1,3,1,,1791311686,2,0,5,1,47,61,147,140,100.0
1791311603,EhLyndhdN7K1VQokfGifFeedMztb73k57WS7Xq9mxsad,AGENCYBOOK,5FYxhHZufVrGWjssZDVmPg21z16cDD9qnBqE1BZriQQZ,pumpswap,1791280521,0.00003035,14038.94,25647,25647,676.12,10496.78,158168.88,298206.89,10,9,131,110,1636,1260,3339,2796,-9.13,-29.51,43.09,-38.4,10,1,1,1,,1791311686,9,9,73,81,597,572,1284,1330,
1791311612,HjiYybJYTsXTGxrrHFNz1XUcrA65xAoaYisYapu6pump,psst,5xzCcThstyPHQ1r4HqF2xXLvrzvtPFbbZQZFHGgFGDAk,pumpfun,1791255095,0.000004586,,4586.71,4586.71,24.49,1908.45,44483.5,177116.89,1,2,11,55,469,449,2021,1771,-0.42,-44.22,-79.3,32.05,10,1,1,1,,1791311686,0,1,9,47,236,265,809,745,100.0
1791311578,5PBpGG22TvtEcGqyRXdMLvwmfekQCp2FzZfeq95kpump,Gemini,Go8xySwrQGsudkV2iAAdMDpBAGSthB3jZ4wJ8PoDQcf4,pumpswap,1791291346,0.000002131,2146.75,2131,2131,0,0,75757.75,75757.75,0,0,0,0,4717,6543,4717,6543,,,-95.74,-95.74,0,0,0,1,,1791311686,0,0,0,0,425,2107,425,2107,100.0
1791311610,GEKfCsnQzjidmNbaVZH9Dc45aeSXFKQsTbXwaBWcGBHh,Anthropic,2gtf7fHwo5dCpKn94d5dvujaK3AXfK2rbi5qmToz6aNY,pumpswap,1791291429,0.000002136,2151.86,2136,2136,0,0,67815.33,67815.33,0,0,0,0,7352,7887,7352,7887,,,-95.73,-95.73,0,0,0,1,,1791311686,0,0,0,0,372,902,372,902,100.0
1791311590,ATFfPFdu7E9PnwKfBJrffpBGqRcbhhSQibS9hmqEpump,RALLY,63inV1ND2mA1BwuKwvJsEkXXXGsErxnRAKWjx3YJTyNe,pumpswap,1791293018,0.000007532,6009.59,7388,7388,35.96,4237.08,292674.93,292674.93,0,2,45,38,2871,2585,2871,2585,-2.01,36.28,-84.97,-84.97,0,1,1,1,,1791311686,0,1,20,23,1223,1311,1223,1311,
1791311591,B3DE8d6CpEF2YBMpxY3Lshj6n8hkz9aSVU451c5Jpump,JUICE,CAgSY4gnosAgUSemM4k5yczXCzHAE3urdXNCv2Yrvhiu,pumpswap,1791292195,0.00008555,26841.12,84080,84080,335.39,17864.68,1282535.97,1282535.97,14,7,186,137,8449,6718,8449,6718,6.28,-16.64,104,104,0,1,1,1,,1791311686,,,,,,,,,100.0
1791311586,8HaFdb48R1UcjgsnC83BhXm89rpFVKYpDCUBQkJWmYru,HOMELESS,759z7jfVPyTd9NoMX7GcUSKi2rAX43yi9La7NBdZxVCj,meteoradbc,1791293381,0.00004939,,49393.07,49393.07,0,0,33981.3,33981.3,0,0,0,0,199,111,199,111,,,1322,1322,0,0,1,1,,1791311686,0,0,0,0,121,58,121,58,
1791311575,4VRnQBuxLNfhNFsDDxDjdXy86LhEjtawa4T8asXMpump,DA,52rby6KZ1rZxeprZbb8ecHcobs6FFFmYgZrDBaQhHScC,pumpfun,1791293144,0.00004943,,49432.99,49432.99,0,0,10226.99,10226.99,0,0,0,0,6,0,6,0,,,1360,1360,0,0,0,1,,1791311686,0,0,0,0,6,0,6,0,
1791311606,FeAWY9L9hr82TvTuEyi328V9FP7GxVuGLx7xNg6kzWVa,CHONK,EemWRDLbCqyi6Fned6FU5X8NPECAescwjLQr5JBVgnnq,raydium,1791291813,0.0007146,88070.51,714700,714700,6171.87,183292.13,3062664.02,3062664.02,65,41,1390,1195,21661,18243,21661,18243,4.58,-23.95,1397,1397,0,1,1,1,CPMM,1791311686,24,28,744,933,8131,6826,8131,6826,99.9999999892672
1791311575,4YKYGeXEA2FadMKQ6JjNCYUfW5rZuvicQpU4mdFb4FTW,Taylor,9zjZAms2fVsefP5sYoYHG1RQKHq5Jgkn9R7N4myE5wER,pumpswap,1791293174,0.000002142,2158.29,2125,2125,0,0,72582.59,72582.59,0,0,0,0,4224,5538,4224,5538,,,-95.72,-95.72,0,0,0,1,,1791311686,0,0,0,0,346,896,346,896,100.0
1791311605,FP3pTapu2bdABgy8DVpcwjrNuAMvD96Yb3vF9EhHpump,NVIDIA,6EBNMor61FDjX4ZdiGfHip23Js6FZCtH9rm3gop8c2jC,pumpswap,1791290785,0.000002169,2208.99,2160,2160,0,0,204852.68,204852.68,0,0,0,1,21258,22226,21258,22226,,-1.22,-95.66,-95.66,0,0,0,1,,1791311686,0,0,0,1,798,2246,798,2246,100.0
1791311597,CeNLjJSnUccjmrdmJ7VNKhvak5L8hL7oyGNsocvvGUJF,Chonk,fUgLfBPMcoc4UQVPJMKWcNo5Dnfb9cZpAcWbK4NBcab,pumpswap,1791292554,0.00001163,8105.72,10568,10568,204.14,10342.12,635442.93,635442.93,15,26,128,310,4760,4369,4760,4369,-2.22,-56.65,-75.7,-75.7,0,0,0,1,,1791311686,1,5,50,71,1648,1588,1648,1588,100.0
1791311604,F4x546kRTAiRJy6Jc5gJB1Dj1JFG2ay17siqjDuwpump,X,45hLY3XQfg2SQk9RLvWkHabJLdo8vb1bNeAVoqmZEMbh,pumpswap,1791292794,0.000002201,2251.08,2192,2192,0,0,293354.42,293354.42,0,0,0,0,31664,32009,31664,32009,,,-95.6,-95.6,0,0,0,1,,1791311686,0,0,0,0,493,1554,493,1554,100.0
1791311569,2JQ6qxqsyL6TRtrkCcHz3NNs1rxmxWCcFvTQsVrWpump,TikTok,BLZtzeL7eHRRfFpXiV95STRQcnykhkWPZEU1rzvLSfsQ,pumpswap,1791292124,0.000002152,2181.13,2143,2143,0,0,152714.36,152714.36,0,0,0,0,22995,24175,22995,24175,,,-95.69,-95.69,0,0,0,1,,1791311686,0,0,0,0,480,2178,480,2178,100.0
1791311582,6iVocjkQeri3a4u3nu1vteYPK5HJsAoHQieAxUXppump,catgent,FJTeKN5WhJeExLbKwMa37FpuLfoox7c7SSzQZmdmt5pu,pumpfun,1791294896,0.00004973,,49737.04,49737.04,0,0,56465.83,56465.83,0,0,0,0,538,525,538,525,,,1318,1318,0,2,1,1,,1791311673,0,0,0,0,212,171,212,171,
1791311612,HT2RDdvVMvCwnBaP9keGmXQ5jBgTSbByiWqnuUzkTqvm,hyperfork,CCggoihgRQ7eeomC7LWCtZjRf1GpQDJwjwhifxG8mfsF,pumpswap,1791295031,0.000007397,6238.33,7236,7236,0,2047.48,955432.82,955432.82,0,0,49,49,9943,8120,9943,8120,,-35.61,-82.81,-82.81,0,1,1,1,,1791311686,,,,,,,,,100.0
1791311615,YYStyJ2hUuDKzGdiksimno4dZPrUsw3WM8mvw4upump,PRIVACY,HjnQcJhgGqEiaJ9mR9vt4xKfZUP1Dj7CZV2A66ShMotu,pumpfun,1791294158,0.00004964,,49646.65,49646.65,0,0,111090.08,111090.08,0,0,0,0,343,229,343,229,,,822,822,0,1,1,1,,1791311686,0,0,0,0,252,57,252,57,
1791311593,BY62KDdUSEspqw4WV6uxn4Kx2SaYDfvztYHDdBo5pump,butthole,3XimKnpiouKhWeUjF4HTP2MF3xn8em4VHPcvZMWYLLPj,pumpfun,1791293066,0.00004942,,49428.88,49428.88,0,0,115131.68,115131.68,0,0,0,0,1175,1258,1175,1258,,,1330,1330,0,1,1,1,,1791311686,0,0,0,0,339,285,339,285,100.0
1791311591,AyvJ5bruZYQtbAwznbVjcE2MMv46f9kFWtWfzDsepump,SW,7wQ3DtR9nwQwoGmfpQGAFUe1SBzwhDXmWgLJmEJJPMSK,pumpswap,1791295233,0.000002256,2350.01,2226,2226,0,0,399861.18,399861.18,0,0,0,0,8402,5696,8402,5696,,,-95.51,-95.51,0,0,0,1,,1791311686,0,0,0,0,2311,2307,2311,2307,100.0
1791311602,EHcH3hPM43P1Lt43CweRoerSC7sXcLeV7B76HST3pump,SI,H4S3g9nDvWciWsQLVFoc56jLsxYvnfCq8DodoGNLftBo,pumpfun,1791294936,0.00004966,,49663.09,49663.09,0,0,28813.43,28813.43,0,0,0,0,995,325,995,325,,,1284,1284,0,0,0,1,,1791311686,0,0,0,0,885,248,885,248,
1791311574,3sjJoPEcaMJ1azgvtkjuQJe2383etMVDAP3x6iwGpump,DIPS,FWc1iPcEWuf1k4iHyxYe8nyWzjxU4VCzErGPGspMgtEH,pumpswap,1791265693,0.00001935,10724.72,18277,18277,54.18,242.89,23541.62,84681.16,0,1,6,14,182,200,932,853,-0.94,-0.39,-9.05,-60.93,0,1,1,1,,1791311686,0,1,5,13,108,126,438,489,100.0
1791311600,DQgwgsYLo4KbAZ9mUxWKKPtntgPaifBre4Wwbcxtpump,WIFGOMO,SDwBGD1evunnWLWVtfpJbS7Vo7KfA4q9UhxocXWsqSk,pumpfun,1791294997,0.00004973,,49737.04,49737.04,0,0,10289.89,10289.89,0,0,0,0,6,0,6,0,,,1360,1360,0,0,0,1,,1791311686,0,0,0,0,6,0,6,0,
1791311569,21fX473LMyHnCYb4kvAUG4z4bGYpqTbp9vyakDPgs9Hm,HIGGSMART,AMp7v5BGxv65i7jtD4unbHVgkhCCYGRbf1hvR47GcjjU,meteoradbc,1791294060,0.00003414,,34149.35,34149.35,0,0,44125.68,44125.68,0,0,0,0,193,155,193,155,,,749,749,0,1,1,1,,1791311673,0,0,0,0,128,96,128,96,100.0
1791311583,7iXZi55AyKbJv5e9XTQuVcywdT2ejHjGBf3NKuCLpump,CHONK,4Y4HFFEnmDkmUsVk1kLyzSiL21GoTV5EcyEobwYi5Cfg,pumpswap,1791294235,0.000002366,2504.11,2327,2327,0,0,530434.48,530434.48,0,0,0,0,9809,7100,9809,7100,,,-97.42,-97.42,0,1,1,1,,1791311673,0,0,0,0,6517,6526,6517,6526,100.0
1791311571,33g55rqcqsKYtKf4ezhFpB3hjhNMrXu5xqtMAHstGsUg,ARCADE,7SMzAjFN2ugYJjNa4d4bn5BGbFnnMrSfFLjGouc6ZAcF,raydium,1791284837,0.000009884,9457.6,9885,9885,0,547.87,39174.51,301411.49,0,0,9,9,342,347,2411,2026,,0.02,-85.06,-80.19,0,3,1,1,CPMM,1791311673,0,0,9,8,190,265,1100,1041,
1791311589,AKJxxB9MLarQGpHwTKNRW3PTpP621g2A7dCHKy7qpump,MUNK,CVAUugTdC3arcVBN1MJy3wyKERv9126ZL3HXBigrZERF,pumpswap,1791295893,0.00001096,7649.93,10502,10502,157.89,3529.16,230063.92,230063.92,8,4,44,78,4347,3457,4347,3457,7.2,-36.48,-77.95,-77.95,0,1,1,1,,1791311673,7,5,37,72,1933,1682,1933,1682,100.0
1791311612,HLZ2vrJtGevDQJNEZz8F3ARQzyAjWKvXZYz8nujiGvTN,darwin,HMh4PrtERuJrqdyGgSYyLRiXCUXZ3vjGwGKzsL7dooo9,meteoradbc,1791297002,0.00005440,,54409.03,54409.03,0,0,7227.81,7227.81,0,0,0,0,254,281,254,281,,,6.39,6.39,0,0,0,1,,1791311673,0,0,0,0,148,150,148,150,
1791311586,8NPhPcnysHZ3rwsL4QJ6uPiBMqdyKAs1RRayJJo9soZh,YouTube,CA2QkA7khVAxbdnt8Ny1FJduRFxTzfNUuHJZe5ybZ6Ws,pumpswap,1791296906,0.000002229,2237.59,2165,2165,0,0,51063.37,51063.37,0,0,0,0,2133,4077,2133,4077,,,-95.57,-95.57,0,0,0,1,,1791311673,0,0,0,0,339,1118,339,1118,100.0
1791311587,9UTmBnjqWTK5HPiEfYnz7FKhTYBHrpkg4ZM7AHsLeztE,hyperfork,9Fn8M4ymZrme55PQqtp8aw4NS1ZmBJCB3jGZ19TXF6dR,meteoradbc,1791296940,0.00004801,,48018.65,48018.65,0,0,4810.59,4810.59,0,0,0,0,153,150,153,150,,,160,160,0,0,0,1,,1791311673,0,0,0,0,105,98,105,98,
1791311610,GQBJzgpxBGp66jVYvTBtvPqFvNwHB2iJHUEKd2RbwKz4,HIGGSMART,GMZM7ticH1P8MYQMJ4DsURGxiryouLjzqJvqQpButotg,meteoradbc,1791296841,0.00003584,,35847.55,35847.55,0,0,2401.95,2401.95,0,0,0,0,112,55,112,55,,,80.19,80.19,0,0,0,1,,1791311673,0,0,0,0,62,47,62,47,
1791311600,Drd9vD3NxxvTfUhXWxsZpHbMBnTdBC15VzFQZQf6pump,SpiderMan,GVdb1c45m71syDdtbphkKnL9jv4JPuWxAeZcsXm2YREc,pumpswap,1791296999,0.000002169,2192.29,2159,2159,0,0,131009.62,131009.62,0,0,0,0,7864,5045,7864,5045,,,-95.69,-95.69,0,0,0,1,,1791311673,0,0,0,0,2380,2406,2380,2406,100.0
1791311590,ALgc4bDfK7DdB6XgoP3LHHrAwhof7YnhYxbNksekpump,GRPT,9B6RYJXdDvJXtMq4Q96gRDBUakYUuSTU443SxQ9tYAp3,pumpfun,1791296668,0.00004970,,49700.07,49700.07,0,0,134826.03,134826.03,0,0,0,0,1193,1187,1193,1187,,,1330,1330,0,0,0,1,,1791311673,0,0,0,0,489,360,489,360,100.0
1791311603,Emn5MA52VNPHxjat6WpZPoV8QZMRFUHeMfSVwHzPrExp,MESSI,3hbTKAxgdnLXdFzjAj65by7DNkupCptnq2BEzRaBVwgM,pumpswap,1791296850,0.00001629,9684.06,15114,15114,420.2,7691.54,179576.72,179576.72,2,9,99,80,3503,2596,3503,2596,-5,37.24,-67.78,-67.78,0,0,0,1,,1791311673,1,7,65,52,1433,1504,1433,1504,100.0
1791311583,7zJvotPbQGwgKJQ3xB7QiVhiin5gHQ8vFUARdxE5pump,Fomo,81xvvXZxGM51AdtymdEsVhdAkBF85pyDbnr7o2p5shH5,pumpswap,1791294402,0.000002158,2188.87,2147,2147,0,0,179874.94,179874.94,0,0,0,0,21511,22006,21511,22006,,,-95.7,-95.7,0,0,0,1,,1791311673,0,0,0,0,507,1880,507,1880,100.0
1791311583,7pMiuJjsFs1y4wvffUebSyvkNc7E6XCe85q2SjSXQJyo,FRANKIE,6wL9jv4nAadVX8Wyw4Xs43VuXxEdNyph8QdyuFqPCRd7,pumpswap,1791293851,0.00003113,14930.69,29716,29716,932.87,11772.61,802908.1,802908.1,19,7,138,131,8078,6508,8078,6508,8.07,-48.42,-37.37,-37.37,0,0,1,1,,1791311673,5,9,67,103,2974,2728,2974,2728,100.0
1791311589,A9TQkwBbkQwH78CZpX5mC8uSiSacCH6dCM4YKgwcpump,shard,AysDVdXLRCwCLakT9csdo2yqMSZ5favRte87mx7rkbMP,pumpfun,1791297214,0.00004970,,49700.07,49700.07,0,0,42623.84,42623.84,0,0,0,0,188,74,188,74,,,1315,1315,0,1,1,1,,1791311673,0,0,0,0,163,45,163,45,
1791311574,3xBkMtct3GKp3jE8qPWxDkNRucRaJ5ERzRmpALGDPjzL,INUTOWN,Fa7j6t3oMBqDwb7fAEcRcn8WrSyKphZWsiX1gDV8kprq,meteoradbc,1791298675,0.00003610,,36107.84,36107.84,0,0,1637.07,1637.07,0,0,0,0,29,18,29,18,,,80.54,80.54,0,0,0,1,,1791311673,0,0,0,0,23,18,23,18,
1791311606,FjCTWwYkUqyDBaiH3J1srmm7DvBiQ2kBYyktfpDdgnnq,hyperfork,8YjPAbbkacYjiRkdJ9mBwp8Y2W4HQKv7VuPFM7EjiSpY,meteoradbc,1791298643,0.00005458,,54588.71,54588.71,0,0,2088.67,2088.67,0,0,0,0,58,51,58,51,,,5.87,5.87,0,0,0,1,,1791311673,0,0,0,0,52,39,52,39,
1791311612,HkkLnkwdE85QtmmM8JFh9n9Z551pZacSjynKkf23pump,SpaceXAI,CgD8KFcEWk1PSyTwNjFfUgpAAchnkJieGo92kvZsGerf,pumpswap,1791298713,0.000002138,2156.44,2129,2129,0,0,72573.21,72573.21,0,0,0,0,3747,5336,3747,5336,,,-95.77,-95.77,0,0,0,1,,1791311673,0,0,0,0,778,2202,778,2202,100.0
1791311612,H89VaRkRSfxzQFKpkrA9G1zPoXeNKjEg2to9AQADe1tw,Taylor,7iNbmjHEjnefbeRTh2uLLRyfEbiKhJTskQA1XPAotAoN,pumpswap,1791298579,0.000002164,2196.23,2154,2154,0.02,0.02,174463.04,174463.04,0,1,0,1,39332,31531,39332,31531,0.17,0.17,-95.72,-95.72,0,0,0,1,,1791311673,0,0,0,1,387,547,387,547,100.0
1791311569,25SjJ6hXEaZiMrxewRn8BbUdHmDAFbXvuv7XWCuZpump,Gemini,2VdxBrLb1hbSopvJayupgMHiJ2zc5mq8g2J4dn5H8ZDx,pumpswap,1791298528,0.000002156,2176.96,2156,2156,0,0,103694.71,103694.71,0,0,0,0,9814,11282,9814,11282,,,-95.74,-95.74,0,0,0,1,,1791311673,0,0,0,0,423,2121,423,2121,100.0
1791311612,GYNYiFi4RPvwF4P1AhM6AZ738LqnZH5mHcemued8xSCW,GTA 7 VII,AjyARVUrXwbwpYAceAPcVUPuLbo2NeZ3fUXu1bSXh2pr,pumpswap,1791297450,0.000002159,2180.19,2159,2159,0,0,99964.64,99964.64,0,0,0,0,17172,15101,17172,15101,,,-95.7,-95.7,0,0,0,1,,1791311673,0,0,0,0,346,900,346,900,100.0
1791311578,5i7sDeqBr8pSGoqg1sB7FNR6DCaoWhMZQchrfCeo3KbZ,ELON,59pEn9n9Bqdo62f7oBvz6YDSvbw959zTFArSTCBAaUqx,pumpswap,1791297085,0.000002149,2178.66,2139,2139,0,0,160340.36,160340.36,0,0,0,0,36436,29303,36436,29303,,,-95.72,-95.72,0,0,0,1,,1791311673,0,0,0,0,415,593,415,593,100.0
1791311589,AGJ5UfMrFULCySrmQ3fbmS1KWJDtCfkoumMCoBpJpump,SWRDFISH,G2Eq3WhftiVZ2VL3wXkNv46daYd5WdiAdkhqf7h3jkxk,pumpswap,1791297766,0.000002267,2383.81,2249,2249,0,0,585894.76,585894.76,0,0,0,0,3557,3339,3557,3339,,,-98.1,-98.1,0,1,1,1,,1791311673,0,0,0,0,2353,2640,2353,2640,100.0
1791311587,93mEUXxZNyWGqp6ZHsEgfVLrSGeyUYaBu1b8h7s6uWJn,CAT,AF6rvRRi4rGa4qF9BYiMrdLojb5Vwaq9up4yDCm9T6us,meteoradbc,1790967533,0.0001117,,111711.97,111711.97,421.5,6704.79,71911.15,145553.58,0,3,14,23,295,246,626,442,-3.3,-25.95,-19.94,397,50,1,1,1,,1791311659,1,0,1,6,22,23,40,34,
1791311593,BQxzR4pLkDw46gzbrkRjFuUSsgvN5BhTWHh6EXUwf3F,BINDER,EbaEUEAjmhtBNNvcLKaCUC6NWnuLLxazDeF3hxJdcnQp,meteoradbc,1791298826,0.00006556,,65567.09,65567.09,0,0,19427.01,19427.01,0,0,0,0,19,2,19,2,,,1610,1610,0,1,1,1,,1791311659,0,0,0,0,17,1,17,1,
1791311590,AP8CtkSgqiSp2JycWAPPaZ5vV2oXdsjMQoBzKCrYpump,SP,9ZDgRF8CwTehh5LpgfiobLsK7udWBudhZUReP7A1xkUb,pumpfun,1791299733,0.00005002,,50024.66,50024.66,0,0,10349.4,10349.4,0,0,0,0,6,0,6,0,,,1360,1360,30,1,1,1,,1791311659,0,0,0,0,6,0,6,0,
1791311612,Gxbfhh54dRGURXVobTDLcLuB6EvjWNaSygpDpfUEpump,CATALYST,hdwRikQqmW1WqLziTnkNvBBNveqkaBcoH4MRiStLNXn,pumpswap,1791299728,0.000004659,4293.43,4491,4491,0.83,802.28,282653,282653,0,2,9,41,2263,2216,2263,2216,-0.01,-9.83,-90.54,-90.54,0,1,1,1,,1791311659,0,2,9,39,1039,985,1039,985,100.0
1791311596,CNn1zv8GsPAQddUuYn6cm3fUMTWo61XANtUjSry4pump,iPAID,ASNfJ7uzVW8UZGVVYe9xLm3YYTCaHFGQVApTvBfT8w1x,pumpswap,1791289554,0.0002119,41911.55,202980,202980,11826.68,66573.5,576408.06,644859.03,73,51,525,440,5457,4424,6198,5006,10.95,53.23,172,338,0,1,1,1,,1791311659,40,47,330,265,2076,1908,2419,2129,100.0
1791311600,DuTkejFgHx3QGdxvGTwgLAneGWipqgzMCP1V6zZ3pump,Tesla,GGRViwBNt7nqVbJ2aeCGZR3ArQ4SLKGZDT4MmDJUAMYL,pumpswap,1791300532,0.000002158,2185.59,2148,2148,0,0,143017.25,143017.25,0,0,0,0,16967,18174,16967,18174,,,-95.73,-95.73,0,0,0,1,,1791311659,0,0,0,0,547,2233,547,2233,100.0
1791311604,F2sDhWKwdEV87j3LrM8b3L8UHf4QrEfDQyaK3ma65G1u,MUNK,AbTwMssXE18mDarS256VNAunc79BysEWJHFuFocAU7bB,pumpswap,1791300570,0.00002248,0,22490,22490,0,3907733.03,24353304.26,24353304.26,0,0,3982,2133,23277,13267,23277,13267,,-84.9,94.41,94.41,0,0,0,1,,1791311659,0,0,1421,18,2020,32,2020,32,0.00000000109556325877729
1791311587,9FYLwTxCAB38ZTD7xfBHGfdh7wyoJxtXR2xL5fqmvmPV,‮a/e S,CHNhvg6FEwvjYzqQCUvz1GQkid42iqWpYQYEVoGo8YXj,meteoradbc,1791300197,0.00006059,,60599.45,60599.45,0,0,2232.3,2232.3,0,0,0,0,151,18,151,18,,,17.21,17.21,0,0,0,1,,1791311659,0,0,0,0,6,2,6,2,
1791311586,836oy1iSn1purmdEyrHq9U1gmNfPhekyQQdZ7qSeDdQc,Grape,swzztptYXw3CqLdcqt3BNMEwcDPg8uqvGMfVHYpbesY,meteoradbc,1791300551,0.00004106,,41060.95,41060.95,0,0,1411.22,1411.22,0,0,0,0,30,11,30,11,,,159,159,0,0,0,1,,1791311659,0,0,0,0,23,11,23,11,
1791311587,9AVDgNzmvwXEbV9S2ikQvYMG7sohr7uwuRPH6zPJRvgg,AM,HC5Sq4s3io35eezJjoWC7ByyDZL7XCLT2iAENnmh3w6T,meteoradbc,1791300575,0.00005459,,54593.73,54593.73,0,0,2888.36,2888.36,0,0,0,0,120,105,120,105,,,6.1,6.1,0,0,0,1,,1791311659,0,0,0,0,97,76,97,76,
1791311595,Bm7Uxam9efqL8gu9CX5kZ3A7t5nj2v2titSC7nnpump,GOIF,Hd9zdnVcpLXzz7t32Pneg996hY4uVLS2yJfH1JQE8DtH,pumpswap,1791251707,0.3701,1776100.52,370156850,370156850,2416.56,34638.96,209889.6,1176252.56,263,3,3164,51,20396,357,56908,1029,0.47,4.8,27.94,738855,0,0,0,1,,1791311659,225,2,2238,4,2926,25,2997,65,100.0
1791311604,EtJYqwZLVY3cN2pPeFATSjJKqnUVFcFo8S1Jjgfpump,VSOF,GBG7SbEz7Upmxjq9BjBTmnS4mvMnUCkKtTL3LgE5YpuB,pumpswap,1791163529,0.6145,2289803.73,614541257,614541257,1975.49,35590.05,210550.08,660856,221,5,3120,61,20317,354,78153,1418,0.25,3.66,21.23,103,0,0,0,1,,1791311673,235,3,2475,6,2923,15,2942,45,100.0
1791311615,VVV4UdRywr7SLafPHzqXwRCw7myXkmgCtitXUvj8g8c,VVV,9gDfe3bdhXzgDeZQhbZdshmow6NXKdxdgPaHvPkVae67,raydium,1791300242,27.55,29397.67,530893,530893,0,4496.86,1695961.5,1695961.5,0,0,2,19,6634,7718,6634,7718,,0.73,-3.36,-3.36,0,0,0,1,CLMM,1791311673,0,2,2,20,2309,2431,2309,2431,0.0
1791311576,51zV2Kh2xaaUt1ALCawMFAk4HpFSzpdmLBfxRUwfpump,AM,GVJuj1N6MJnT1gzg2xe2tbiHM4ZY5nfFnKPTt4hKmfLZ,pumpswap,1791300182,0.0001230,32235.55,120520,120520,3860.37,61010.53,1116786.89,1116786.89,58,27,606,427,8212,7227,8212,7227,9.03,-6.78,179,179,0,1,1,1,,1791311673,39,17,357,288,3095,2686,3095,2686,100.0
1791311576,4oqeXR2DrZ4iBboq5GDTMvJQz792VTydtXs1Zfcn6NRH,HeToo,DxQx5dXXqg6E5FXKBaMy2XdhXNMioqpZKzkLFHM7F88p,pumpswap,1791298995,0.00002710,13983.41,26054,26054,736.16,34872.88,958636.55,958636.55,10,13,336,297,10934,9513,10934,9513,-1.16,-54.92,-44.97,-44.97,0,0,0,1,,1791311673,12,8,182,211,3993,3671,3993,3671,
1791311578,5mRzxfyuZKLA8k4AF49DmBn2A7JsM9PhjfcCBvmpump,SpaceXAI,GvGAf5cgSwHxzGEbqv6WLnLQYzhdB8vwQ5pfJ7xCF6sg,pumpswap,1791300229,0.000002149,2168.49,2138,2138,0,0,86692.06,86692.06,0,0,0,0,5465,7694,5465,7694,,,-95.75,-95.75,0,0,0,1,,1791311673,0,0,0,0,788,2245,788,2245,100.0
1791311582,6hiQ7ro4oS6mcEj5Nx8zETJrKNsv8tk9r1yHsky1pump,USDF,HSmrPSip3Yp665TJE8CwczE8DJnNaH5ZLUT5XD64Sq5v,pumpswap,1791299750,0.000002118,2163.67,2119,2119,0,0,2061976.81,2061976.81,0,0,0,1,1655,3831,1655,3831,,-0.45,-95.81,-95.81,0,0,0,1,,1791311673,0,0,0,1,741,1965,741,1965,100.0
1791311578,5hCaNj2VFTcVkiJhMwmdy9Lu9Zi4bYnYqgJq1CMvpump,Apple,61TQpe8qwzWp9wM8yQF49G8sSLY54Fmx5kHes9aRsuN3,pumpswap,1791299752,0.000002197,2227.39,2178,2178,0,0,202357.39,202357.39,0,0,0,0,13240,14165,13240,14165,,,-95.66,-95.66,0,0,0,1,,1791311673,0,0,0,0,443,2228,443,2228,100.0
1791311615,oPtRQNELaoMDRsyHVS9i1qGqpX66CDSowBAqw8xpump,Tob,7KRBpmqeeqkNjFt1eG1gkLNCn9kRKf4nYtZED2B5fQm7,pumpswap,1791302081,0.000005250,4577.62,4851,4851,16.24,3850.67,204818.32,204818.32,2,2,61,64,2484,1978,2484,1978,-2.96,-36.61,-89.25,-89.25,0,0,1,1,,1791311659,1,1,24,45,1098,1083,1098,1083,100.0
1791311573,3iBohACVmao9UcDjBCv7fpNaPnVMTJ5LmVZWT8LYt1By,DBC,CXng3WZUEUNRPwuix66b6QvmhT2kSkVA36bQcsVdqPcq,meteoradbc,1791300947,0.00005074,,50748.31,50748.31,0,0,23862.92,23862.92,0,0,0,0,175,90,175,90,,,1288,1288,0,1,1,1,,1791311659,0,0,0,0,132,41,132,41,
1791311593,BaqDcVARx7Bcs73o6pvexwNcpnHuW8z11zaw2Mjepump,catana,8JZiCe7yzUJphDdKsj2eSyErBja5xdhB23ziewyqVPpy,pumpswap,1791297448,0.000002353,2507.98,2333,2333,0.24,39390.5,748086.48,748086.48,0,1,609,6580,11411,8421,11411,8421,0.02,-98.67,-97.78,-97.78,100,1,1,1,,1791311659,0,1,714,6587,7356,7328,7356,7328,100.0
1791311597,CeLLzSZmkXAqpZqfaS5ThQF3bDT5Ec8xEoFawyG9TLhC,cell,Gk2MSrEYMxgfDP2QjGjiuC1u2DkUqQ59mgw4moPeKzpp,pumpswap,1791300787,0.000006001,5157.09,5650,5650,25.53,15042.28,397293.01,397293.01,0,3,207,226,5028,4458,5028,4458,-2.07,-80.28,-87.99,-87.99,0,1,1,1,,1791311659,0,3,83,119,2103,2048,2103,2048,100.0
1791311571,2uVFwiars3ouoon3QC9TQG69wc1nAbc4osuMUAxipump,hmu,2yygkybDgW16CmqrUuEgDBFjm37PGCDK9544YZ34ZkQy,pumpswap,1791303805,0.000002233,2233.61,2126,2126,0,17.17,19324.89,19324.89,0,0,0,3,145,238,145,238,,-0.32,-94.68,-94.68,10,0,2,1,,1791311659,,,,,,,,,100.0
1791311595,BssgKm5L7a6e1YfDrQF7niNyi6WQtAiZgk9KjGhfaZTF,DBC,Ftt3LjhAC3rU4FeWB1aU8FRE9vmGwXkauKU3DV3p9f9B,meteoradbc,1791302243,0.00005429,,54292.75,54292.75,0,0,1579.26,1579.26,0,0,0,0,42,21,42,21,,,6.11,6.11,0,0,0,1,,1791311659,0,0,0,0,36,18,36,18,
1791311613,J8tXdx4d8BLvaJzForVACE3YRktMupBdMW7QMyx4zvDu,CHONK,FJcWsXwRdZBh32CCizF639wxDETDwU9wDukwKqk5ki7c,meteoradbc,1791302286,0.0005599,,559994.27,559994.27,0,0,1207.2,1207.2,0,0,0,0,13,0,13,0,,,9.15,9.15,0,0,0,1,,1791311659,0,0,0,0,5,0,5,0,
1791311593,BEMq623Bxfnxa6HEn3cRyug1Ywxt5EPvVDFtakACLdzi,@bot,A21tddC98vaHAyPjpEZvrbVvq8dve1FFACi16s5hsJBZ,meteoradbc,1791302267,0.00004754,,47545.91,47545.91,0,0,7704.6,7704.6,0,0,0,0,188,196,188,196,,,186,186,0,0,0,1,,1791311659,0,0,0,0,120,132,120,132,
1791311590,AeAi4DQWV9zZtTE9UmS4HarRcq4AasKo7KbRU6apump,CFO,BpXH46oGxSGptHwbppMz4Qzd6vtV7HhG3FEoibpMLMMT,pumpswap,1791302022,0.000002139,2148.69,2139,2139,0,0,55342.34,55342.34,0,0,0,0,3936,5360,3936,5360,,,-95.75,-95.75,0,0,0,1,,1791311659,0,0,0,0,2528,2390,2528,2390,100.0
1791311583,7VGNv4Nkd3vZ8R8rW4tpV2EnS6YuwPMAm5EsApVMpump,PADLOCAT,BU1ccqA9MsRuL4oT8GVyEh5rB1VSYiT1DK4HDfSt4vqt,pumpswap,1791301881,0.000002377,2569.96,2356,2356,0,5.76,920270.4,920270.4,0,0,0,3,8462,6223,8462,6223,,-0.93,-96.6,-96.6,0,1,1,1,,1791311659,0,0,0,3,4794,5191,4794,5191,100.0
1791311599,CyJ4cWzi5dUD6gq8SxGW67k5bRMKzPTL5yGE7ARgT2RY,EXTRACTOR,9LE88U9ao6sRr5PAL229mUPELWFWApB7U2qPCsJVoeD6,pumpswap,1791302838,0.00002268,13218.11,22318,22318,2800.8,92479.12,1926496.29,1926496.29,50,30,1108,896,16827,14281,16827,14281,10.52,-60.02,-53.24,-53.24,0,1,1,1,,1791311646,28,15,483,601,5686,5034,5686,5034,100.0
1791311610,GEWuhcHXdm42faMAjPeD54HDvm2EfXwXEsvdg9hCpump,MUSKUITO,4vb4weD3rD8cC3aFtHhnVgod4x7N7comrdrnMAUgzAkn,pumpfun,1791303429,0.00004969,,49695.96,49695.96,0,0,10281.39,10281.39,0,0,0,0,6,0,6,0,,,1360,1360,0,1,1,1,,1791311646,0,0,0,0,6,0,6,0,
1791311574,44YsqoCSYZsi3jvxB8ougVYG9X9dYxDcxhViAyygpump,MAX,jnwk61KfrqMYMSeyoZjJyRLKSvGcSQuvWXq6EhDgAiN,pumpfun,1791302862,0.00004963,,49634.32,49634.32,0,0,43899.31,43899.31,0,0,0,0,243,202,243,202,,,821,821,0,0,1,1,,1791311646,0,0,0,0,138,59,138,59,
1791311588,9piNDWBS4gL5SsyXp44PodRpj4ojZpazcjNZTDFSycss,EXTRACTOR,2hM2uZzzMfK2hmAFcGa7j6ijf2Btx249Hta4FTuZBqxK,pumpswap,1791303188,0.0001512,34828.11,148651,148651,8172.65,319620.64,542537.04,542537.04,32,28,1311,995,2700,2049,2700,2049,-27.08,163,153,153,0,1,1,1,,1791311646,21,19,519,428,1087,949,1087,949,100.0
1791311612,Hpuz6VaVd2M2pz17sCEgovMLHZV51sEtca2Ant4DNPDo,HIROI,2F165xM8soFUUJm7kXDjoNtVaWYjwpWuQEiiFt6xjLoK,pumpswap,1791305471,0.00001298,8447.32,12461,12461,0,27300.6,160129.19,160129.19,0,0,246,260,1554,1773,1554,1773,,-20.86,-73.89,-73.89,0,0,1,1,,1791311646,0,3,147,184,713,697,713,697,100.0
1791311586,8eDUafc6g619Cz1wXQLDCEwLTrEjFncYaubiNttTPULL,PULL,EZYWQi4Bx4yNweYNPdxUCBpeiHkYY4viwTJWzHbqGSKT,meteoradbc,1791302735,0.00002958,,29580.93,29580.93,0,0,35927.47,35927.47,0,0,0,0,190,172,190,172,,,593,593,0,1,1,1,,1791311659,0,0,0,0,136,88,136,88,
1791311595,BffwFrxLQ82QxuHwjb1hLQ3MdSs6YVfDkRa2cyiadH5y,CHATON,2QQRqqf4AbvcE4869KwhE13GPibaGbhMBg1DGpKWHvR4,pumpswap,1791045503,0.0001315,32871.98,116999,116999,1297.51,19473.25,406717.21,419592.92,18,12,165,139,2225,1724,2330,1828,2.63,-26.37,558,382,0,2,2,1,,1791311659,5,5,104,87,861,705,900,759,100.0
1791311574,44kNaBsHPDAgy97VpVWtXMqbZB6S5Uk8JXAGwQG3pump,Fomo Lisa,49UtXcPGoqKdCsRPSEmeep17yK7E19Jd6xyQUJPoaXzZ,pumpswap,1791304085,0.000002180,2227.75,2166,2166,0,106153.24,427362.88,427362.88,0,0,1199,2964,18885,18819,18885,18819,,-99.93,-95.65,-95.65,0,0,0,1,,1791311659,0,0,340,1805,483,1967,483,1967,100.0
1791311573,3a3D9ogR1WNqusDQniSAYF7JvXAjkZ56mSJTCA4ujj7N,EXTRACTOR,JD9MJWcEkZ5tTxzeCaJW2at2DMHDJLrUQTNbN8VDGJfx,meteoradbc,1791304064,0.00005430,,54307.03,54307.03,0,0,2039.61,2039.61,0,0,0,0,50,58,50,58,,,5.97,5.97,0,0,0,1,,1791311659,0,0,0,0,31,46,31,46,
1791311588,9dQij41pTUAQ7MuKmYzuLtEGnsEydkuYDegKhJ1Kx8Y9,fomogpt,7TLYg1ZKWv42cJ1gneVfqYYZAh33ekMDiF8yCbzigatv,meteoradbc,1791303979,0.00004771,,47712.64,47712.64,0,0,11731.56,11731.56,0,0,0,0,350,423,350,423,,,202,202,0,0,0,1,,1791311659,0,0,0,0,180,171,180,171,
1791311586,8GXBqD2nmJzXnTVJA6UiMjHSBsU5hRXiuyMzEEespump,TARD,8kEGT9JS3gvudHCbvT5xFCTrnnUp8EQfQGji5vUonnKA,pumpfun,1791304019,0.00004960,,49601.45,49601.45,0,0,17240.43,17240.43,0,0,0,0,464,111,464,111,,,1284,1284,0,0,0,1,,1791311659,0,0,0,0,437,86,437,86,
1791311571,38Vcxh2TmJy8acQxPtdCrGmYfd3KmS7959wQMbacVQGs,币安公主,FUpG2DDsoutKXYYYEiuXWsQXiZb6DNSaigM39gyNEzyN,meteoradbc,1791304085,0.00005428,,54284.66,54284.66,0,0,6710.66,6710.66,0,0,0,0,229,273,229,273,,,6.15,6.15,0,0,0,1,,1791311659,0,0,0,0,141,142,141,142,
1791311587,941BtBo8qDbuo33H4kYqK7YvsFEJ4gHhEuHM3JJTkcR8,TARD,EburKyhpqoXP63rDvYTpvHH4B87Vr34ZfLZQ2ERB3net,raydium,1791303908,0.000003153,5266.7,3154,3154,0.01,518.8,143730.7,143730.7,0,2,7,22,1975,2101,1975,2101,-0.02,4.54,-93.68,-93.68,0,0,0,1,CPMM,1791311659,0,2,7,15,1096,1133,1096,1133,100.0
1791311586,8oMfatDHKU1rqCWz64mUycz4854aYf4uhYmnuhHaFxwd,IBVM,2mJiAMLW2DGU4vYikyTYYtdYAZBsPAqqQzgXwjinCCYp,pumpswap,1791301107,0.00002317,0,23174,23174,0,3781315.54,19873335.35,19873335.35,0,0,4358,2062,20505,10911,20505,10911,,-82.57,101,101,0,0,0,1,,1791311659,0,0,1582,16,2013,30,2013,30,0.00000000109556325877729
1791311612,HrK6mamxc2anu1isSPYLzWAbx6UmWqJwhbAtDy6Xu4An,onkey,Fqq451n7TJcp96486sGvnD7FsjMSpSYVbK8551hynKJM,pumpswap,1791306388,0.000009882,7077.28,9425,9425,715.77,25014.95,123386.47,123386.47,15,3,403,385,1851,1534,1851,1534,31.09,-50.8,-80.02,-80.02,0,0,2,1,,1791311646,4,2,177,251,797,865,797,865,100.0
1791311580,5zkj7ptEyk8X5prmZUhzNfENuR8fCZx45grPq7avpump,SUPERCAT,A8yMHEXmtsBtVz3rGMpf5yeTXxQYEryoWuzV8xT52Pwm,pumpswap,1791306015,0.000003796,3640.65,3743,3743,154.24,50089.7,153979.48,153979.48,3,28,446,388,1484,925,1484,925,-8.72,-98.33,-92.34,-92.34,100,1,1,1,,1791311646,2,12,284,282,822,544,822,544,100.0
1791311606,FgUggmfF79fWC2gp1gtdD5LaftsmCtDPK2Sm47GFpump,HALLKITTY,F8m9YR76vUVkH4ruE4qrw4RDqK8qmed3aNJNcF2gjLSb,pumpfun,1791305326,0.00004940,,49400.12,49400.12,0,0,10220.19,10220.19,0,0,0,0,6,0,6,0,,,1360,1360,0,1,1,1,,1791311646,0,0,0,0,6,0,6,0,
1791311597,CwaxgU85qAJ2nK88Fg5ADUAV8RNncXHSQrDtGDTM7G3G,UNKEY,2Bqbi2Y9d8BA9JB3akNS9g97AqyKrx34fD1EJfih3tfJ,meteoradbc,1791305823,0.00004684,,46846.23,46846.23,0,0,11165.37,11165.37,0,0,0,0,256,299,256,299,,,183,183,0,0,0,1,,1791311646,0,0,0,0,147,155,147,155,
1791311603,EgmZ2V7LeCRGTRNcEMPHRWj8iezyrHztap5vRpAkpump,fomogpt,7WuNH3c371EBqZbTzsvEArz7hdVNAzPamJ3hbQF1Yf2B,pumpswap,1791305981,0.000002742,2707.83,2603,2603,0,7118.84,43815.81,43815.81,0,0,65,75,424,477,424,477,,-76.45,-94.45,-94.45,0,1,1,1,,1791311646,0,1,37,54,226,289,226,289,100.0
1791311587,9ENUderqMLRRqM4pjTx6CkdRvRopC6MJsSQDzTkupump,US500,HAdpSa9BDYLjLojEA7npaSiGNiNCjdugkDHi2fjdLCeY,pumpswap,1791305919,0.000002280,2298.2,2280,2280,0,0,56999.16,56999.16,0,0,0,0,1895,794,1895,794,,,-95.49,-95.49,0,0,0,1,,1791311646,0,0,0,1,1019,597,1019,597,100.0
1791311578,5XGhSKdn7UDyXASkytagoS3Koq5aEcyNNKBz6WhANrLZ,EXTRACTOR,ERbBFURKyWbGcJHJ81m6Cr2BnSUXWgRH2FbShiq1NB7L,meteoradbc,1791305835,0.00003338,,33385.24,33385.24,0,0,6675.92,6675.92,0,0,0,0,367,345,367,345,,,125,125,0,0,0,1,,1791311646,0,0,0,0,188,181,188,181,
1791311605,FP1rRYZdQYbUgugFyNVfdoS5ytFKSixGH4JQDg7xB87K,ANISOM,FBzz1QQKrXprJKGBbvPJ5qTqQdARfJ4G66LWzf1kvZnN,meteoradbc,1791305831,0.00005799,,57998.11,57998.11,0,0,3558.22,3558.22,0,0,0,0,126,119,126,119,,,30.86,30.86,0,0,0,1,,1791311646,0,0,0,0,97,88,97,88,
1791311591,AjMa8vpMYVQzVPovXisAguWuRaJ5fyW8XoC7xmi7oG1G,HALLKITTY,6VJeynAnXeBVq7P2TDXJKhj48QqSjSmAju6mmYMXxLf6,meteoradbc,1791305997,0.00005410,,54106.05,54106.05,0,0,1933.62,1933.62,0,0,0,0,73,52,73,52,,,6.09,6.09,0,0,0,1,,1791311646,0,0,0,0,43,40,43,40,
1791311582,6iYXAzjtGwdxytoYMtxwBP1h7HnffdKj3e5usAk6XmwB,ore,EUUbxRUFqpSKWtQa1pxpufzf35ET2ooq7pNjjKwLr4mC,pumpswap,1791293235,0.0001193,0.01,119361,119361,0,2316714.51,18795136.06,18795136.06,0,0,1394,933,13934,7905,13934,7905,,-32.4,76.53,76.53,0,0,0,1,,1791311646,3,1,445,31,6049,43,6049,43,0.000000000430274465855585
1791311574,4DsSGTURvFMZZptbeqPK6C9drYgnSdajY8oDMvzapump,LEGO,HuyozqXvjKvQrDkQEHjSXDr4Q6khQ79qphaUr7RPPcxA,pumpswap,1791305421,0.000002136,2155.58,2136,2136,0,0,103714.49,103714.49,0,0,0,0,4845,6546,4845,6546,,,-95.73,-95.73,0,0,0,1,,1791311646,0,0,0,0,786,2218,786,2218,100.0
1791311602,EBj3w5wdw9VhqVwjneGE7jUjYTR44Qox2nmRwSZLpump,Gemini,FfGBx5RXPg6Vai6eMyFFv9gwMB69LxSp29g96UmvZkZ9,pumpswap,1791304393,0.000002173,2201.18,2164,2164,0,0,151976.48,151976.48,0,0,0,0,18647,19929,18647,19929,,,-95.67,-95.67,0,0,0,1,,1791311646,0,0,0,0,477,2164,477,2164,100.0
1791311571,2n2G1sbxbNbHn3BsFrzRASKKjAa8c8byjXh55JG1pump,Grok,7WgcghtaoV461AbsjM3CTmSdTMFqUjuKuDiBC6yPpy6A,pumpswap,1791304321,0.000002158,2174.44,2148,2148,0,0,122105.52,122105.52,0,0,0,0,15737,17482,15737,17482,,,-95.7,-95.7,0,0,0,1,,1791311646,0,0,0,1,488,2185,488,2185,100.0
1791311590,ASYY2YVsKmhWMSLDQVzVsXb8s5thY3a5YdtgDeLupump,DAO,EyQd3XPWhsuy49JXgaVXxuiUebfeq1XrjL7gKTVbAnZA,pumpswap,1791306525,0.00006014,20976.34,57475,57475,5130.17,232158.1,341147.2,341147.2,34,36,1853,1691,2784,2606,2784,2606,9.86,-23.59,21.65,21.65,0,1,1,1,,1791311633,11,23,803,829,1187,1141,1187,1141,100.0
1791311599,D9MY25yE86DA3VSgjuoL69KihGWaLXpd1MF8EvXupump,discat,9GHMXBUsGYvYniBhHvWyqGLnmFjrJ36RPeqVGNc1DBN3,pumpswap,1791306358,0.000002355,2521.01,2323,2323,0,325405.66,728723.88,728723.88,0,0,5953,5249,11072,8161,11072,8161,,-98.92,-97.54,-97.54,100,1,2,1,,1791311646,0,0,2633,3849,5619,5569,5619,5569,100.0
1791311599,DH1AphfQABRFyoVo5zc4dA3XuepbaETEYzVh3bc8jjin,JIN,5iahdoD2V5rk9jFKXtXcjihtwR3fNHdX8dUVsMtx1yTe,meteoradbc,1791306177,0.00002733,,27332.15,27332.15,0,0,18520.26,18520.26,0,0,0,0,137,87,137,87,,,465,465,0,1,1,1,,1791311646,0,0,0,0,99,64,99,64,
1791311612,HK1Fhpk6R49xQeCMqN8yMeBh8ygDwhGikyLz4u37NUtZ,eˣ,AGeWVpLd8SdjHTZT26v6VM4eV9nFK3ScX3FPaNuMBRVd,pumpswap,1791307126,0.00001348,8735.47,12955,12955,485.59,58711.66,313594.02,313594.02,15,14,1116,896,4951,4058,4951,4058,-7.97,9.98,-72.75,-72.75,0,0,1,1,,1791311646,10,16,406,519,2115,2035,2115,2035,100.0
1791311615,mGEDDX5FNFxZR4iWKAZzkB7eZHzVNU91be3LYH8Echo,ECHO,Afs5UCJrvEGo48hyJ641zsHbAeQpDwyJF7sbV8Q3cLPh,meteoradbc,1791306319,0.000007830,,7830.36,7830.36,2459.32,118320.63,390247.6,390247.6,0,18,285,399,1701,1323,1701,1323,-48.5,-97.33,38.84,38.84,0,1,1,1,,1791311646,0,15,88,152,429,395,429,395,
1791311599,D8GWC95Nd3XN4wWzMH5aT4CoAPnafoQQ1sPKNZ42R2Lb,ser,9QQ53i6o3tFNfcCrxwhb5tepdwaiBiq5PHc5nzLGGz9u,pumpswap,1791297521,0.00005929,20341.51,56596,56596,2948.45,51123.96,430771.45,430771.45,21,18,491,285,3560,2599,3560,2599,-4.71,8.94,30.55,30.55,0,0,1,1,,1791311646,,,,,,,,,100.0
1791311595,Btm4qvGoaiM6pjhyG65fZop8aKTRtYbNfTepgxDbpump,Odyssey,Xn7B2AULQbpFQkr9P4zRisdUZASaPJcPeWA8WMGKF5z,pumpswap,1791307786,0.002129,132817.06,2119447,2119447,9273.16,72166.42,93313.53,93313.53,1953,1734,21801,21114,22563,21719,22563,21719,19.87,368,4156,4156,0,0,0,1,,1791311646,338,257,464,478,523,505,523,505,100.0
1791311590,AgHmRM9Ns1i2Q9sB5VJx49TPtLUSKywvfGbaxWKwvE9t,HODL,2RNQ4qSrERMNib1ckBwk8NjDGjuN9rQZw2kp43UChU7x,meteora,1791307799,0.00001496,1.29,14963,14963,0,33850,63093.97,63093.97,0,0,348,140,717,295,717,295,,0.2,46.19,46.19,0,0,0,1,DYN2,1791311646,0,0,524,104,524,104,524,104,0.0
1791311603,ETgcFYvrvbe1z33pMaYrgpLvfcMrYeau645drPHZKV6Y,eˣ,HumKmj6mXDRhhrrYuHMbuyDKQSMQaxAsd45LeGDVMgH2,meteoradbc,1791307806,0.00005416,,54161.82,54161.82,0,0,2836.66,2836.66,0,0,0,0,102,99,102,99,,,6.13,6.13,0,0,0,1,,1791311646,0,0,85,68,85,68,85,68,
1791311612,HYZLGBr536CvmTyXEhfKrCHHpDBjry9LbogjUpF5gQuJ,ZZZ,6cC5As9RxU1CeTSQudEk7fZzUMwXyz5xNbhJBKZkX4aK,meteoradbc,1791307742,0.00005414,,54146.29,54146.29,0,0,7751.6,7751.6,0,0,0,0,229,277,229,277,,,6.28,6.28,0,0,0,1,,1791311646,0,0,25,24,119,114,119,114,
1791311575,4TByB2QK1VxgN2NPQRWpVumnxKvxKXuULMoYJPYeaXEv,Bucket,Dmr431DSA1Nx1asvrBFicDNozQkVPQ6bTF9nkK1b6eeu,meteoradbc,1791307720,0.00006012,,60122.79,60122.79,0,0,5722.52,5722.52,0,0,0,0,225,224,225,224,,,35.64,35.64,0,0,0,1,,1791311646,0,0,16,12,136,122,136,122,
1791311586,87xugDPLEmqRPqkK1kFqLRN2VR59rtH2XmerSRqrpump,USDF,298tmGN5tSxaVvFbWhZLfv95sybxhf7f3MjtkvestkDH,pumpswap,1791306469,0.4263,1905154.38,426341379,426341379,3425.33,97047.29,1028702.36,1028702.36,168,56,3907,1392,8824,3227,8824,3227,0.47,8.05,852782,852782,0,0,0,1,,1791311646,121,46,1936,970,2100,1869,2100,1869,100.0
1791311569,13wwaBJpejDGVXPAJytydwejom7fUABbB9REUhKrrHL1,CHONK,56ZqHLuDbjUiCZ9JSUauD7b51TYgve8tJ66cYSUp7F66,pumpswap,1791306424,0.000001312,0,131246,131246,0,6329814.23,9570627.64,9570627.64,0,0,5145,4197,9016,6416,9016,6416,,18.82,153,153,0,0,0,1,,1791311646,0,0,777,21,2019,34,2019,34,0.0000000000493125500955469
1791311610,G9CduFsqKTKxaB8F9SCyhnQZkJZfq3P23qTr52nbpump,USDUA,Chz6q5Nwv6U39mq7GkU6988K6mTpcVbUmkza617NmZqo,pumpfun,1791309226,0.00004946,,49469.97,49469.97,0,10234.64,10234.64,10234.64,0,0,6,0,6,0,6,0,,1360,1360,1360,0,1,1,1,,1791311633,0,0,5,0,5,0,5,0,
1791311613,MP9WfHTXysK1wtShZT4tNc6oj7C25vvffv8TubL4oKK,Buto,EVmWawg3AYM5zSJes5m1cvjoH5NYvFtoN44DofDNMvXt,pumpswap,1791308908,0.00001421,9499.83,14216,14216,15042.29,845244.89,845244.89,845244.89,133,165,8072,7347,8072,7347,8072,7347,-63.65,-69.75,-69.75,-69.75,0,0,2,1,,1791311633,95,145,2996,2803,2996,2803,2996,2803,
1791311576,4zf496BBRWZ5H2Rrb3riUBCBsfPUY6FsZhea1YH2nZXb,Buto,AxYiepv73mBDpgEd2amnEaLdPiEYNqcuUpnoiZjTLc1E,pumpswap,1791308851,0.0001063,30493.66,104663,104663,22893.98,1399590.47,1399590.47,1399590.47,333,263,12955,10929,12955,10929,12955,10929,5.68,118,118,118,0,1,1,1,,1791311633,176,95,4202,3460,4202,3460,4202,3460,100.0
1791311574,3yvK6WWww1moF3qx3UvHngZCHy9kRCVd9Jva8tRrpump,INJECTOR,5sBp2gWc4bUyMzDg57YjPtDm1PBRY5jQG2LamGpxycBv,pumpswap,1791307927,0.0001944,40130.42,191666,191666,48961.97,712763.05,719456.31,719456.31,960,125,9290,3321,9307,3323,9307,3323,33.44,41.39,139,139,30,1,1,1,,1791311633,376,90,3748,2072,3790,2098,3790,2098,100.0
1791311603,ESqMjA15hbH5NnHqjXo4S1A4CU4hPuKjkvi2mJ3oEihC,CNDR,2rWNBDhpMsVKWbeeMjwgdxygpTz2EbRgugphwUwNfib6,meteoradbc,1791254731,0.00002005,,20051.65,20051.65,0,0,0,6867.97,0,0,0,0,0,0,34,7,,,,559,0,1,1,1,,1791311633,0,0,0,0,0,0,16,6,
1791311569,21tErr34GkAhm1aSvwJRf5qUQdjoRpGUsPqsjsTgpump,NEARSIGHT,5mcQJJV3ACb7Q8QQ4KBjZK41uoqdVTVMFB5treWnw9JE,pumpswap,1791307387,0.0006102,72803.44,603984,603984,60020.92,707312.02,888489.2,888489.2,803,329,8439,2994,9319,3321,9319,3321,36.99,289,471,471,0,1,1,1,,1791311633,348,111,4001,2146,4084,2285,4084,2285,100.0
1791311615,qxXvuhoL55JFcpccqwEfFirSL5rEaWVN9w9e9C3pump,STARTUP,14EHS6o3ptmo3VgSVYda1WMCtiVvMhfAiiYT982Edk7J,pumpfun,1791308587,0.000003668,,3668.86,3668.86,15.42,104397.53,104397.53,104397.53,3,2,775,710,775,710,775,710,-0.27,-2.71,-2.71,-2.71,0,0,1,1,,1791311633,,,,,,,,,100.0
1791311612,GeMoQo5CrvSwpALp6u6cY2iamQaTVoN8Z78RbG6wATch,FLUX,4SmwJHWhFjTkHAkeGgrkwK83FA8WnkPDzCHGbzftPYuf,pumpswap,1791309982,0.00001822,10361.9,18228,18228,4041.55,64615.66,64615.66,64615.66,33,58,687,733,687,733,687,733,-28.87,-64.02,-64.02,-64.02,0,1,1,1,,1791311633,26,45,452,437,452,437,452,437,100.0
1791311583,7m8VbovNMVBap1puP6GgC1a5CbR8MwAXfr3yxRyr8ZQV,FORTPAD,2V9L7VYrGCtes2g1iczyxDq6A5wYLqGSiQGwjSY3y2eG,pumpswap,1791308362,0.00001827,10451,17524,17524,5299.33,220965.33,220965.33,220965.33,91,89,3431,2646,3431,2646,3431,2646,-40.73,-63.24,-63.24,-63.24,0,1,1,1,,1791311633,36,43,1582,1485,1582,1485,1582,1485,100.0
1791311599,DNq98kymaw7GxhvLDTtrpUTBzi3L2KvnSedutZMyVhbm,ALPENGLOW,DZwSnciSb5Vat6HgyzCPhLszmAtvC9giS1s1CpM6mAUg,pumpswap,1791308659,0.00002687,13061.98,25014,25014,801.81,122385.09,122385.09,122385.09,22,3,1376,1027,1376,1027,1376,1027,21.51,-46.44,-46.44,-46.44,0,0,1,1,,1791311633,18,4,599,574,599,574,599,574,100.0
1791311603,EWnVZbi46USpLbwUvn6BnUPGYZhmRaa2U81hnHoohRL2,YOYO,4ySg1ReRNc2dKJV89s4DBVMbpbACbC6Aga4RNXomyGKe,meteoradbc,1791308187,0.00006607,,66074.14,66074.14,0,52659.88,52659.88,52659.88,0,0,331,253,331,253,331,253,,1484,1484,1484,0,1,1,1,,1791311633,0,0,199,127,199,127,199,127,
1791311599,Czt6xFcRWDPtZQABkN3RKv8kkMdvbCiZwvTUzvKbpump,IA,Bnf84yYNCoYsQP6pc3QN1yHfgdCMfU99AQuqzUwZAkQH,pumpswap,1791308184,0.0004325,61651.95,429483,429483,64369.65,1544484.18,1544484.18,1544484.18,8289,1670,77986,22434,77986,22434,77986,22434,-30.37,513,513,513,0,0,1,1,,1791311633,244,235,2055,1299,2055,1299,2055,1299,100.0
1791311612,GZ8GBY7JBCzJ89uHuFb2A1ASE2w5jn3jz4tgDcuLdRE6,ORCA,3wq7sMgFPp8VgWAyyUDQ3MoVoBVbU2vxWgktd9gu62RL,meteoradbc,1791309437,0.00005978,,59787.69,59787.69,0,4047.36,4047.36,4047.36,0,0,163,161,163,161,163,161,,34.44,34.44,34.44,0,0,0,1,,1791311633,0,0,117,101,117,101,117,101,
1791311612,GYtP3gU3DiFP95owbZc4n7BAiTKGbVQakWk6gKkHpump,fomobot,BMwq66UMYuKBEDu8TAGF74AoRMfEfJ4tNjtiSB8r571t,pumpswap,1791309425,0.000002467,2583.09,2467,2467,0.27,343403.05,343403.05,343403.05,0,2,1842,1643,1842,1643,1842,1643,-0.13,-95.04,-95.04,-95.04,0,0,0,1,,1791311633,0,1,664,582,664,582,664,582,100.0
1791311613,HzaKHfvTSWzN5zhhzcwuhx2Zeu4J9RQghqAUXpNA7f3r,GOMO,6Ej3WV2sxsXQMY9iaN8CiVhHCDJd356Gw6kEDqU9UwyD,meteoradbc,1791309478,0.00005886,,58863.58,58863.58,0,3987.27,3987.27,3987.27,0,0,140,120,140,120,140,120,,32.36,32.36,32.36,0,0,0,1,,1791311633,0,0,107,85,107,85,107,85,
1791311606,FwfTV1VkrXSWzyEwvivEL8qf9UUTuSbp1EBLEWKjpump,MILA,EHoJzmoJsVdzt7HiBr7ng2KzU7Zpixr8X5PvVfG34N1E,pumpswap,1791309438,0.000002282,2293.47,2280,2280,5.4,40639.96,40639.96,40639.96,1,1,1379,705,1379,705,1379,705,-0.16,-95.49,-95.49,-95.49,0,0,0,1,,1791311633,1,1,1169,591,1169,591,1169,591,100.0
1791311610,GG9Cdfivx1u2sVW6yZx3krpbvfFtzQVeWivCX53zChK,CHONK,Dj57ac7GcvLfyfpUrEHXEt3ohxD3EwAYzCfJdXgCR9EF,pumpswap,1791307683,0.000001946,295947.32,194634,194634,895959.73,12012642.41,12726101.6,12726101.6,736,502,9907,6865,10681,7332,10681,7332,0.76,58.74,118,118,0,0,0,1,,1791311633,241,49,3055,50,3407,62,3407,62,0.000000000037404226387615
1791311612,HuuZDynnSSXpWKBAtcedkPECAFfqoyayRoZRsvxTyFg3,slopcannon,2epeTkHT71c8bFnXbxMAEDGnd5CZQLbMfrnJ3YrB1cAB,pumpswap,1791311044,0.00008181,24499.83,81812,81812,5176.06,136663.29,136663.29,136663.29,57,44,805,648,805,648,805,648,3.89,36.91,36.91,36.91,0,0,1,1,,1791311633,34,17,441,343,441,343,441,343,100.0
1791311612,Gn5YWKvz4aB4chPR5T781WQQsnj3KFqcaDhiwTjUpump,MINECLANK,GspvdkRkF4xqXoDos55dxqpyJaqBcjNQChCjDBZMysMg,pumpswap,1791310463,0.00004406,17258.89,44061,44061,11287.76,67120.67,67120.67,67120.67,114,121,578,526,578,526,578,526,6.05,-12.71,-12.71,-12.71,0,1,1,1,,1791311633,36,21,279,247,279,247,279,247,
1791311587,9CdKaj2nmtc5vg3pCxB6qQ3SdeiaoTcytDu826ywTech,CLAIMR,675drFmRZ6AVZxn6bMvZjw1eGDtK22LGdNaS6WyD47DY,pumpfun,1791310439,0.00004970,,49700.07,49700.07,0,83407.24,83407.24,83407.24,0,0,998,606,998,606,998,606,,1313,1313,1313,0,1,1,1,,1791311633,0,0,589,392,589,392,589,392,100.0
1791311606,Fj3dqGyXHCC5Dzz4QGteDmfjtsfyErtqdWPRxBw9pump,TRAP,ELH4Zs4qTyfAZ2CKb6hdXngaaiNNoihpjQrmAnDfvkmk,pumpfun,1791310213,0.00004977,,49774.02,49774.02,0,10297.54,10297.54,10297.54,0,0,6,0,6,0,6,0,,1360,1360,1360,0,1,1,1,,1791311633,0,0,6,0,6,0,6,0,
1791311612,HMYd9tosnUXuNHmq7pXmoePRVBLBBjA3JBfydq6upump,SI276,FTLZ7ZCLJDMf7yEFK4YfetNShKPTt2Dc6YhiSXH6L8FU,pumpfun,1791309202,0.00003998,,39986.69,39986.69,8484.01,69378.88,69378.88,69378.88,68,45,649,421,649,421,649,421,1.25,1039,1039,1039,0,1,1,1,,1791311633,43,43,503,245,503,245,503,245,100.0
1791311574,3zUxm18jqnKvuQYPFbyeBgqpoG1piMrxWprZ4ic7pump,NVDA,A7k81uzDNUZAPY3bVjEu46pbBLRAwhc8fcYuQagUfND6,pumpswap,1791311401,0.0004903,62523.46,490238,490238,21848.62,21848.62,21848.62,21848.62,563,175,563,175,563,175,563,175,875,875,875,875,0,0,0,1,,1791311633,622,199,622,199,622,199,622,199,
1791311580,5sYLHH2X7eW4KERWPH2rHci6xDdcvUrg1W8jMJ25aYvf,IA,6SKCdVtv9PyQjvos9dXD5gqkh9fhgK9qXT4QSF5qyLiM,meteoradbc,1791311307,0.00005324,,53243.3,53243.3,6261.33,6261.33,6261.33,6261.33,196,197,196,197,196,197,196,197,0.19,0.19,0.19,0.19,0,0,0,1,,1791311633,157,133,157,133,157,133,157,133,
1791311600,DtcicPCKTKeAh7TDEzTym3hXeoHAoMiBdYJhMYxZpump,CBUCKS,B4Cp45PGifVM5FAXfh6AeV8QZ3eUNQnqGBw7KuC7MHnB,pumpswap,1791311393,0.00003730,16957.17,37309,37309,50392.57,50392.57,50392.57,50392.57,248,240,248,240,248,240,248,240,-36.72,-36.72,-36.72,-36.72,0,0,0,1,,1791311633,109,146,168,157,168,157,168,157,100.0
1791311589,9x5LPRk31BcKaC1tMSJcwxLMUHmpo7gv3Sz9bsgjpump,NVIDIA,A6E6xd8NBCiXmLH8VHzxP7LSrm5q4pgKWnSRZaB965Jp,pumpswap,1791309846,0.004452,192977.71,4452638,4452638,18407.12,106965.72,106965.72,106965.72,1379,1248,7429,6572,7429,6572,7429,6572,39.73,8738,8738,8738,0,0,0,1,,1791311633,314,243,445,403,445,403,445,403,100.0
1791311574,43bkbwEFk3KDt7dQX7e5knPwhkirRVPSfpxR85iJpump,ChatGPT,9zia4njqXkY4AUru3Z5ZvQVkfYM98N5TwBdNHzMPmNmL,pumpswap,1791309868,0.0009050,85820.25,905070,905070,7181.08,66839.93,66839.93,66839.93,1926,1813,10895,10520,10895,10520,10895,10520,16.61,1697,1697,1697,0,0,0,1,,1791311633,289,264,449,426,449,426,449,426,100.0
1791311573,3ZoNDVtq4qZMrcrZRQ1obYS7cKsMpedm4YxME4BTpump,Fomo Game,H8pVgUNGCvAquQ4qSisbGMW74HH35TqRyt5Dixq57EvH,pumpswap,1791308701,0.001535,112667.25,1528648,1528648,5547.92,141394.64,141394.64,141394.64,1940,1852,20035,19173,20035,19173,20035,19173,17.01,2969,2969,2969,0,0,0,1,,1791311633,284,242,791,748,791,748,791,748,100.0
1791311593,BaKFeUL7KHK3tqNL5U48wXVu8QtZ2t1r1YN2MbMeEkJf,Buto,B53wzFq5DBfrS3818xWGsy5riZjgnHPFSwtgU4YyJ1Vv,pumpswap,1791310794,0.00002197,25109.63,21974,21974,143813.15,319762.16,319762.16,319762.16,1012,260,2578,602,2578,602,2578,602,68.8,229,229,229,0,0,0,1,,1791311633,457,57,2109,96,2109,96,2109,96,0.00000000136200754667226
