ts,token,sembol,pair,dex,pair_olusma,fiyat,liq,fdv,mcap,vol_m5,vol_h1,vol_h6,vol_h24,al_m5,sat_m5,al_h1,sat_h1,al_h6,sat_h6,al_h24,sat_h24,deg_m5,deg_h1,deg_h6,deg_h24,boost,n_web,n_sosyal,n_pair,etiket,gt_ts,alici_m5,satici_m5,alici_h1,satici_h1,alici_h6,satici_h6,alici_h24,satici_h24,kilitli_liq
1791161847,u24BzZQ7QSQDC3HMUE7dig9fWSUqkZbQuvLsw811Hue,OMEN,6pvBaeq7eR9e56V63aYqJPLup5YnjrSDEnUYTWPZPqoX,raydium,1789152670,0.00004982,20336.95,49827,49827,0,161.82,4234.59,7194.86,0,0,2,2,45,20,67,45,,-2.16,45.86,63.47,0,2,2,1,CPMM,,,,,,,,,,
1791161845,G1jonmoSEbMJSwEg1AmgDAJq2utmuBSZct8oqttBf9rT,GRAMS,FxeRAf7vpaHjH2pzPQhR5bdh85gMLni11k7izjwaJMAa,raydium,1789149132,0.0004324,87619.79,432426,432426,0,53.69,1267.09,6061462.8,0,0,0,1,12,5,39,63,,2.07,1.82,27.43,0,3,2,1,CPMM,,,,,,,,,,
1791161840,4t58A221u1fMfxy3KgeZ8oRhQKQjTghUYFWZZ9rZpump,FATMUSIC,Ea56cDwWjp2L5YXbor5Hd4FjRQcXwS4UGPyh3pg2XdgZ,pumpswap,1789188175,0.00002276,12476.15,21875,21875,0,247.05,1200.14,2177.51,0,0,0,1,22,6,32,15,,-4.58,11.32,26.68,0,0,2,1,,,,,,,,,,,
1791161840,4tkupXEGfbYPCVN37CagviJd3tgWnudT9avKZvouT3Dm,HEV,Bkkau4CqFzUjyqLb5mfTXkpwBCknbMQYLBbwuQWNNJHU,raydium,1789153968,0.0001117,37770.27,111760,111760,0,16.81,563.65,2341.42,0,0,3,1,17,12,45,64,,0.16,-0.53,1.72,0,1,1,1,CLMM,,,,,,,,,,
1791161844,CdAoD87kYKHbtRFawiSqQJMX1pbKisoG7Ha1oJ47kB26,DKNG,6zCSdnTE8c3KXWuosxSnBt4wWsN9zTA73umKijP2p6au,raydium,1789157181,0.00001693,11091.78,16939,16939,0,0,523.75,697.21,0,0,0,0,6,4,17,10,,,-14.94,-13.54,0,1,2,1,CPMM,,,,,,,,,,
1791161839,2fRDA5f353VXLs2PeLJNqqHqTMhrjJunAXmWWpLkpump,Duplicate,DtbMVnPihodk3ch6T1yZKPPLXYoQX3MAc6zRUWTCmEwr,pumpswap,1789157984,0.000004166,4343.54,4131,4131,0,4.44,20.51,31.79,0,0,4,1,7,10,14,19,,0.67,0.75,1.55,0,1,1,1,,,,,,,,,,,
1791161844,DqBXBtPeMoP77D7jhCTqpBvjvHTGWDJATeo5qnvxpump,LCMM,EqdAAxivyf6v5cqP4WdLQcvw2d3y4fF5w7KSQ1ytJBT8,pumpswap,1788992683,0.0002098,40545.8,202562,202562,0,0,604.06,913.78,0,0,0,0,2,4,26,5,,,-4.65,0.16,0,1,1,1,,,,,,,,,,,
1791161840,4MMQY9bwkxxTtsK3W227Q5ABT6yFY8Pmn9Ze7wmAXKY8,ALLINU,4iVHkn5WhmGwrKb2fYFNPnTkqhwYTEEezvsju9YEBY76,meteora,1789160200,0.005107,212066.98,5107492,5107492,563.74,15416.08,242091.4,645259.6,3,7,33,64,489,373,2140,1209,-2.4,-3.17,-2.63,-18.49,0,1,1,1,DLMM,,,,,,,,,,
1791161847,Tqwy8EU5zZ3cmYjMDE9SF46Bz5e5eFuihBhe7nH9iyY,CASINU,12Mn4w8EmBaV5kdansvrvSnqCHuRBJVVAXzKMcJCD3As,raydium,1789160380,0.000004384,5143.62,4385,4385,0,0,66.17,332.02,0,0,0,0,1,1,3,3,,,-7.08,-15.19,0,0,1,1,CPMM,,,,,,,,,,
1791161839,2QRqp5k3uefWisqCXSpSRWmMPu5pWFfEP9JXXbSA6ALL,ALLDOG,6QA6nMogzms87YjRGVQNZA2PEDyobw1ppfxEXEEC5WPc,pumpswap,1789160767,0.000003171,3143.46,3038,3038,0,0,0,0.01,0,0,0,1,0,2,0,5,,-0.2,0.26,0.76,0,1,0,1,,,,,,,,,,,
1791161842,8d3bQS9vNy3BfqK9dX95JRoaTbWoiuL2hzmSFLDopump,AILE,PibATxvKbXFdzrugGGZSz8CLrX35h9v6EZ9bo99TK4z,pumpswap,1789155426,0.0003457,56954.88,326525,326525,107.71,245.18,4717.86,48588.22,0,1,6,4,19,23,589,237,-1.53,-2.61,-13.49,18.65,0,2,1,1,,,,,,,,,,,
1791161840,5NpqLcNaKSHMvmdo23pukuRAhKrQzqqBuXvrSt2yjsMZ,STONK,BZDqUoSdwbW4v2NoPYbqwFUYrgpGVafbaNwYt13hz3gQ,raydium,1789163584,0.000003958,6671.21,3958,3958,0,0,1.89,2.14,0,0,0,0,1,0,1,1,,,1.9,1.9,0,1,2,1,CPMM,,,,,,,,,,
1791161844,Dqdshp9irA9fhXkBpi5GaMUk3HEf3aTevVim94S3Hj2m,GODFATHER,Gnr7umvnRD8Df1v86skMcuFgauuAWob45skD4akQ1tuV,raydium,1789159588,0.00003209,14742.1,31158,31158,0,0,127.33,488.27,0,0,0,0,7,3,11,8,,,2.8,-5.07,0,1,2,1,CPMM,,,,,,,,,,
1791161845,FgJReZeYfmKZeWrCaGYL8gLnUixwBhjdHuRknC6ypump,Doggo,DBqbqUehE6kr9c4oGvoESs9JJWJJRoVLgCcSPEePD5qT,pumpswap,1788799323,0.00001181,10608.76,11440,11440,0,0,372.78,6614.05,0,0,0,0,4,8,99,66,,,-7.3,-11.67,0,1,3,1,,,,,,,,,,,
1791161843,Aw6fiDPWLUnjSsJQtsyEMSaoPaKAUUrStAsYPiPwpump,Anonymouse,CBfWfU1DBUbTJ2Y475idxxidxwUDnPNzFEVnMFbo4Ge9,pumpswap,1788771624,0.00001148,9840.06,10939,10939,0,14.19,561.91,853.51,0,0,3,0,10,4,52,11,,0.76,6.21,8.5,0,1,1,1,,,,,,,,,,,
1791161845,GWTP6M5bxhaJ1k2Kxvf8hhYaHE6jZMhh4cKzFuCpnc83,USEFUL,FZuTAARDYJapX7HqniQEzzDboNY8RT4FXCrakVFJap2R,raydium,1788621660,0.0004949,91747.19,494931,494931,0,1761.09,12033.73,75929.43,0,0,7,5,42,57,304,262,,-0.61,26.03,13.02,0,1,2,1,CLMM,,,,,,,,,,
1791161846,Gt9brNVXP7gdGtUqZLcJAhbZTjLEcKrA53F18fRSEeAp,ㅤ,H2KJ699rzrbiH8D8E1gQ6J86wLZTTVkrpB9RhXaWnZ54,raydium,1789169582,0.00008363,34438,83637,83637,0,1006.87,1671.73,10806.79,0,0,4,2,9,12,85,93,,11.8,15.17,50.23,0,1,0,1,CPMM,,,,,,,,,,
1791161844,CdixZU5dNFGXZ2jojQjree5EyynrsJ4GjDdXvZEVSLyX,POLYFLY,FJ1zwfRxSHXp6HJN9AJ4U6V64Gzs3Zfs2pwkyLX5gFyQ,raydium,1789166107,0.000004397,6331.5,4398,4398,0,0,3.12,7.66,0,0,0,0,1,2,6,4,,,1.05,1.05,0,1,1,1,CPMM,,,,,,,,,,
1791161839,3URpNcV9wAPjwMAyuBsPjwwkGN9wFJuwcRs3RMbdpair,PAIRZ,8XXnvNEMU3UoMRPWY2KJBW5z1T2KKj6vH9WYJfcGDqYQ,pumpswap,1788582799,0.000004219,4239.95,4061,4061,0,0.1,10.69,26.74,0,0,0,1,23,17,40,34,,-0.51,-0.36,-0.19,0,1,1,1,,,,,,,,,,,
1791161845,Ey98zzqZ67xVWUqss6iErHTGzZCXpKuzsqaQDNzm2Yoe,SCAT,xsVtV8h1xmB8SskSFjDJH3TujnCW6uLznsnMHjza14m,raydium,1789171390,0.000005658,8437.07,5658,5658,0,0,0,137.96,0,0,0,0,0,0,0,1,,,,,0,1,1,1,CPMM,,,,,,,,,,
1791161847,dgRAuQe8Pw11wdYZzQST8goZgY34LPdCs3kxaYAQPJx,TENDIES,AcvisuNxub12XHXaQPmsTV1uQAGLEfvKZAqBDUoPK8s2,raydium,1789120548,0.000002974,4732.7,2974,2974,0,24.43,690.12,713.66,0,0,1,0,3,3,3,7,,1.85,0.26,-1.43,0,1,1,1,CPMM,,,,,,,,,,
1791161842,8LstZpZuR9Dy7JCZC3YwPEWtbYhuDVFAYV37r6ZAcuHz,OS,5dYsxy1hJ8DxejsfHJR9wyRsuLHw6wCLKk7idc1kszUn,raydium,1789167205,0.00001221,12058.76,12216,12216,0,3.84,3.84,76.45,0,0,0,2,0,2,2,7,,-4.43,-4.43,-12.48,0,1,2,1,CLMM,,,,,,,,,,
1791161845,G4vqe8KAcRGTb7Kc55n9sz43aR4ugTPdSeUnAXZhpump,PUMPCAT,4jsZwYyPcFcw1c1nDnvmdTq4Yds4CTQsusUYn1Bzhuku,pumpswap,1788985978,0.0004340,101117.74,426695,426695,30.32,5626.75,65349.18,189092.31,0,1,19,9,200,145,504,348,-2.87,-16.31,-5.71,63.46,0,2,1,1,,,,,,,,,,,
1791161841,7wCM5K4ziHmrbjGe5QFhBqBME2fH82dn4Wfx8vhKSTNK,BUTTPLUG,Hf41uzMphPjeYmxw16S4Tk8pg27BrNCoaEDeJ8e22SKX,raydium,1789006174,0.00002022,14050.76,20228,20228,0,17.98,136.87,532.2,0,0,0,1,3,2,8,7,,-0.51,3.21,7.57,0,1,1,1,CPMM,,,,,,,,,,
1791161842,8PBCyTAd61JuVvUdzT3CgYmyc7v8c3dP9xoP7p9m2gGL,WAGMI,AyrtFCtDsvJa5MTdoCr3rHCpAANYoQhqm9N7HQktHxZ2,raydium,1789172305,0.000002759,3651.25,2759,2759,0,0,0,76.71,0,0,0,0,0,0,1,1,,,,-0.71,0,1,0,1,CPMM,,,,,,,,,,
1791161846,J1U1BWkVUDtujjkew4fCGwvUteeaJwDirEkuPcYCgALL,ALLCAT,5ZaeDM3kecqCgJBx8LWGapmgW3ncv6Ldvmcmbhqy9ZUc,pumpswap,1789159703,0.000005729,5780.4,5556,5556,0,0,113.89,131.63,0,0,0,0,1,3,4,10,,,-4.16,-3.07,0,1,1,1,,,,,,,,,,,
1791161840,4nCmpwne7hCoWTSpAd54uENmCgHJrHTyn4DMPCEMpump,SDICE,B88u4SDr4GdM6nnfeWdDqGE4VaU3naxtYPnSunECZpGE,pumpswap,1788856153,0.0001052,29060.26,101463,101463,0,0.55,1090.24,5911.71,0,0,1,1,5,3,30,21,,-2.06,-13.19,-12.66,0,1,1,1,,,,,,,,,,,
1791161840,5oYikwfp6WBso6faBoYRvLuzSQc5cpDcg3xFm7XbVTdD,HaWG,8L9G8QBjeApa9FpYEFc2z7KkmVkoquiEfdJ21HaYTBPp,pumpswap,1789077985,0.0001621,37142.7,152354,152354,0,0,695.08,2492.61,0,0,0,0,11,7,43,29,,,-3.39,5.54,0,1,2,1,,,,,,,,,,,
1791161845,F8ZreugBAokXk8wU5FUe2EbLhCHxDKMTx82pfZryHStT,STABLE,3omYN1QDue8eJuRdX91xeNY5ACmLTB1pR7z6joTiPbD8,raydium,1789179067,0.00003998,20001.85,39983,39983,0,0,111.25,3353.58,0,0,0,0,5,3,47,28,,,1.18,34.1,0,1,2,1,CPMM,,,,,,,,,,
1791161844,DBDqhnAi5MjaHsk1JyUonAtUUrmRBJPjJi3GdiBLpump,OGCALLERS,EvWn2BHHo1431m3sUGvcBv7QU1L5PLDdParJJtfjs3rE,pumpswap,1788640178,0.00003597,15500.8,34202,34202,0,0,86.95,933.89,0,0,0,0,2,2,12,12,,,-0.5,13.52,0,1,1,1,,,,,,,,,,,
1791161843,CNTcaYTBBrSjYQXrWSL3T126eCjYnmvAhSwYBXBScLLM,​,Bg9DC5rDRBqtCZM9YTWxnisehoUooZ19SenaxEzDYfiV,raydium,1789233310,0.00001872,13620.08,18724,18724,0,11.51,253.62,2184.77,0,0,1,3,12,6,31,34,,-0.81,-1.3,-21.85,0,1,1,1,CPMM,,,,,,,,,,
1791161839,3BzHwZCLoaKMK3co1PDCAgFfeLKexTVJb2dWFX18BmKs,KUROMI,8PKmJbCoxcRNjgBjTkuUnHF6F9YK72EvrBRuybLBJSFg,raydium,1789245589,0.00002086,13740.75,20862,20862,0,2.39,33.17,915.85,0,0,1,0,9,11,13,19,,0.95,-4,-19.9,0,0,0,1,CPMM,,,,,,,,,,
1791161843,AVAwh5NJArC4aa6fGx6zrkpLChNEcGRxMjZS9P97k5Um,STONKSZN,5AMysRqX6btQ4ezxuEQYqkk29apAuxDCK4fFWdQYaxhN,raydium,1789062088,0.000007446,7888.93,7446,7446,0,0,0,664.21,0,0,0,0,0,0,6,7,,,,-6.37,0,0,2,1,CPMM,,,,,,,,,,
1791161843,BmhfH3W7JdEe7UGkw47m1EH8F6ov3M5jDc222ffK9Eeh,DCAT,4vCEftSpSWt5kc4DkQ9Ehhj3mxdnEkFutkDS8wjx6c6M,raydium,1789247041,0.000001543,2462.68,1543,1543,0,0,0.27,3.1,0,0,0,0,0,1,0,11,,,11.14,30.21,0,1,1,1,CPMM,,,,,,,,,,
1791161840,4wmm49P3dgjmRhUx7hUS7fePTn3csSQzVXGxt6DKG113,CLCTV,96TnRrGCreVhwgaDRL2AnA1PfdAR18fyy7qRijhnpfU8,pumpswap,1789013902,0.000007705,6205.81,7427,7427,0,0,0,35.05,0,0,0,0,0,0,7,3,,,,2.49,0,2,2,1,,,,,,,,,,,
1791161845,GAVNZKxbEt1sL5YHnR5gX9v1rNswJVTHH4ycYuoXpump,PUMPCHAN,7hx3FcNkUaBoG5VDxhFuzmeefrYPuyhUBbwRF7ASozgN,pumpswap,1789250905,0.000006754,6656.29,6481,6481,0,1.92,594.87,884.3,0,0,0,1,5,2,6,4,,-0.93,19.07,22.47,0,0,1,1,,,,,,,,,,,
1791161840,3uEVodfTeqLsBssjQ5VPEwwdsTwWCJGCd3FVyx7RUNVB,ISG,5NVx3SjDrTHaGD3XPFWTtkLFvmVBwW8nFv3Ut1cHBqpo,raydium,1789092123,0.00008120,25105.68,81207,81207,0,436.9,3203.55,14719.44,0,0,3,4,16,20,98,58,,-6.07,12.93,52.9,0,1,2,1,CPMM,,,,,,,,,,
1791161842,9eciHjJopku15zkke5GGdpPdfsDTqsfhQA9EibrApump,ZFBRAIN,Fw3eBy9DmEhtTt9X3pg7T5P3zoi5Dogo3bhRRDgzqP6T,pumpswap,1789254671,0.000003728,3798.53,3526,3526,0,0,0,3.28,0,0,0,0,0,0,0,1,,,,,0,1,1,1,,,,,,,,,,,
1791161842,93oiJqw78EUpL4JAxKSb1rdnsZw69HQjgQQ9DVpPpump,PUMPDOG,7xNGzt2v3W9qBC6xBdQHqmgmEhFf6B8VMS5D3VReUrPN,pumpswap,1789254047,0.000002719,2810.88,2651,2651,0,3.84,4.94,12.63,0,0,0,1,0,3,1,8,,-0.28,-0.67,0.29,0,1,2,1,,,,,,,,,,,
1791161840,4uFipPwF5cjUe2RxH71UwHA9YodLzR2ULX4cTBpTpump,JEWCAT,6a5o8uTN8Q4AmhtcQjAX6RJwVrLaFxd7PBtQKs7pE4sQ,pumpswap,1789256277,0.000006833,6960.21,6487,6487,0,0,354.01,360.04,0,0,0,0,4,4,6,6,,,17.48,14.72,0,0,1,1,,,,,,,,,,,
1791161844,CeMP2cLUhQWEXioy33vWk9nCsXv1qvgrZ87PtDaypump,THUNKER,4bhYg9N3CDYacfT8WwBPFkgJxDvMGHHABixpY2BzAb4d,pumpswap,1789250164,0.00002293,14826.02,22265,22265,0,58.06,1231.6,2658.5,0,0,1,1,71,7,90,15,,-0.6,24.39,41.06,0,0,1,1,,,,,,,,,,,
1791161846,HHDuCwdk67cfJJKmohQ5ziw4JML9xFmB5u8r3kLXSAke,STONKBULL,EoZcwMsopX7nU8qmMZN4dhGpSqsPLDV6RtWXCRHjyAMt,raydium,1789254474,0.000002256,3548.38,2256,2256,0,0,3.06,3.12,0,0,0,0,0,1,0,2,,,11,11,0,1,1,1,CPMM,,,,,,,,,,
1791161841,6zoe9bgB1yQUe3NpeKxuZcGsYsiGdAxWEN4vyQD2rx9f,CAPY,8L4XSPHdTNXkLvgEwGTa2187DE98ruKWQeqFmCj7ddfE,raydium,1789238592,0.000005557,8395.29,5558,5558,0,0,60.19,169.11,0,0,0,0,1,0,3,2,,,1.5,0.79,0,0,1,1,CPMM,,,,,,,,,,
1791161845,EUTipzFepgT9614RaCQaKcqL2NnJFDmvpTcZTrXYpump,MPAIR,ETLDzT8HQBseCR6m6CDwmhWkg7CjbNHdPCmMVkchGDdg,pumpswap,1789258584,0.000004018,4499.33,3904,3904,0,0,5.56,87.67,0,0,0,0,0,1,1,6,,,-1.65,-4,0,1,1,1,,,,,,,,,,,
1791161844,DEbvZt2QRA8yqNj2Lvsn8JdWjTmZS4yajwpzYL4ypump,CATFLIGHT,29Mb1iF9Whpm2G1SXQkiZut9zs5NDBsgcf9bz9TzuFhC,pumpswap,1789256335,0.000003017,3434.17,2946,2946,0,6.86,33.68,88.96,0,0,6,3,17,29,52,73,,0.71,-1.58,-1.4,0,1,1,1,,,,,,,,,,,
1791161843,CRnmkD9UwUdMGNftBmE4DrFqKZ5NVi5ACDA4hQjwpump,Stable,kqTeFJ7E2YQESbHjWPJjNEZgWfGadWFh4KJv8A2cCsE,pumpswap,1789258644,0.000006582,6896.64,6509,6509,0,3.9,4.01,19.34,0,0,1,1,1,2,1,3,,0.04,-0.3,-0.3,0,0,0,1,,,,,,,,,,,
1791161844,DDoDYLQnxo8ppZBiZM5X981aUFmdM2Vi8RP3dSm4pump,HOBBES,4RirToptMYQSKVN6rgX7pZ3pugqqvHgdcFhDb97Bu2nv,pumpswap,1789260967,0.00001677,12465.61,16612,16612,0,46.46,262.85,613.76,0,0,1,1,9,5,20,16,,2.25,9.02,17.5,0,0,1,1,,,,,,,,,,,
1791161844,Cp6AVzuSJ8pDCkYGBxAX3p9Dk77pHSsd35yHh19GJC3i,INCOGINU,7pVRredXKdvRXZCtjXLohTrutqsSnJUpvGfQry12zpAs,raydium,1788922164,0.00004881,23466.66,48816,48816,0,106.21,2368.34,8059.63,0,0,0,2,7,47,115,87,,-2.19,33.12,-0.74,0,0,1,1,CPMM,,,,,,,,,,
1791161841,7tFbGa9wt4Q4yxNAdaDcTKahv4WPrJtXh6ty7gjWyKx3,JubJub,8myc52qh4zCDWXBnW9UxbJMs1cu6aNMcsa4VCK5Hw9R3,raydium,1789260719,0.0002199,53054.08,219978,219978,0,39.72,9731.25,48529.02,0,0,3,0,79,42,370,375,,-0.09,-8.96,29.33,0,1,2,1,CPMM,,,,,,,,,,
1791161846,GpTEmPGmgx9HDThCR44xMyJoXZkDYtzTkPs5zAY7YDcY,AMC,4e8nUMuLrD4y4YbrS4nVtFkbp9fnb5Y2Y4wtXCH1kQ2D,raydium,1789329221,0.000007363,8507.76,7363,7363,0,0.37,102.68,547.53,0,0,0,1,6,3,14,14,,0.02,4.49,7.16,0,1,2,1,CPMM,,,,,,,,,,
1791161844,DSgjVUFC6NA59YuxiEDSxgs6zP4jjwSuoYJ3uS7WboeH,SATS,7YsZhszqm3pnzzabss3PDEbjHmR6BS4CxV4udt3wJFGR,raydium,1789334779,0.000007807,9050.34,7807,7807,0,51.99,270.6,886.99,0,0,0,1,6,2,13,8,,-2.59,8.94,14.87,0,1,2,1,CPMM,,,,,,,,,,
1791161841,6ssGtD5KUhzrENtn5BiEdTt4tcb6sfn7wPHRJyBYsp7N,PVE,Gs2SpB6kbpbB9s3MEJKn8TaDfjKiK3bnX4Z9cn67xr6C,pumpswap,1789335665,0.000004411,5128.19,4313,4313,0,0,4.65,8.51,0,0,0,0,1,1,2,2,,,0.2,-0.01,0,1,0,1,,,,,,,,,,,
1791161845,GBLYwo4vvqGDPkVJqwWfrvtPavEWb5zALmPphxQbJaLG,AGI,J1hNX1YwsDeYXpsGAozPz1wpBBkxdN8LhBeS1wCCUjAS,raydium,1789339416,0.000006664,7878.02,6664,6664,0,124.84,314.5,1570.27,0,0,0,2,3,7,20,21,,-6.04,-14.15,-16.12,0,1,2,1,CPMM,,,,,,,,,,
1791161842,8rwjpb75Y3r22va4rsYQB13rqqqUhhuPZZhiX29Gk5aH,PVE,26tLTbnpHE1hi4GsadtbgaG8fdbJYJHwwrLnow4oZChm,raydium,1789338276,0.000007030,9309.88,7030,7030,0,28.99,69.17,147.47,0,0,0,2,3,3,11,8,,-1.78,-0.56,1.79,0,1,1,1,CPMM,,,,,,,,,,
1791161844,DvdmEnztCmXwBnAbedD48XVGZJSxq31zNvnyftXdpump,pill,Bof2XL9zAbLZ15kzAXcXy39wDeZFgKwyvb3UVkv3FhsX,pumpswap,1789342309,0.002262,236531.72,2186053,2186053,363.57,11553.44,106641.55,575089.97,3,0,29,9,269,113,1062,777,0.99,-4.82,-7.13,2.42,0,1,1,1,,,,,,,,,,,
1791161844,CYSx8M2ZRKoRcfswcJnDjHYz139erQwwCpHRd7Zbpump,HACHIMI,7QeLBqzME2dfmrsExCQvu2TMJzWqDDsbadVxsoeRBmTS,pumpswap,1789342905,0.000003515,3457.95,3410,3410,0,0,11.55,26.48,0,0,0,0,8,8,20,22,,,-0.07,0.82,0,1,2,1,,,,,,,,,,,
1791161839,3RTC33FgYgtbhEzXdRgNb2oaVuGPTSyUMkwWPJLx7NBX,LEVERSTONK,3qL6BWyTPitB6FqUYmSt7PZ2fbUZGdHAyxQNYtv2Diq2,meteora,1789255595,0.000007206,6248.85,7079,7079,0,0,106.42,811.88,0,0,0,0,0,1,4,6,,,-2.38,-1.71,0,1,0,1,DYN2,,,,,,,,,,
1791161845,EeKgKFUdCRK4qyhVQRwjC2gWaT8UvyFrFfFtCA3gpQS9,BabyCate,CM4Z54q2EzhUBcGQMiPkk8wYWGx81f8qyz2fsEtAiSJA,raydium,1789377574,0.000002819,4398.95,2819,2819,0,0,9.68,9.68,0,0,0,0,0,1,0,1,,,,,0,0,1,1,CPMM,,,,,,,,,,
1791161840,5rFuCavg36FRLjvE4yzSrf36ArDjQELaqVWsrny61SaC,SEC,HPZiB2pr9wppQuaSu3ZSLAemwteVPrRZNwSFX7Dsf5LY,raydium,1789059197,0.000005777,7912.3,5777,5777,0,1.9,9.2,115.49,0,0,1,0,2,0,13,1,,1.67,16.71,5.85,0,1,1,1,CPMM,,,,,,,,,,
1791161841,7Vv1veMsBcBWAiSP1JTkRKvNeWmwf5Z7KbQuuKH1pump,PS500,FttBL57hVwM9DvRwRUrtBM1wWs8HMuTF8JxKj5g5rXb2,pumpswap,1789415891,0.000006780,6939.98,6566,6566,0,0,130.06,132.64,0,0,0,0,2,2,2,3,,,9.14,9.14,0,1,1,1,,,,,,,,,,,
1791161846,PTNzAfFAB4LvoUQEUUGrFMyUoRLExMYjH6CcfyQfsVP,PTN,9gDcEZCzYMPyDWBgSoGaTEdcVHuznPfGeBrMjpTpefMQ,raydium,1789415699,8.80,15083.31,,,0,66.25,902.58,5273.53,0,0,3,1,19,21,81,90,,0.37,1.24,2.12,0,0,0,1,CLMM,,,,,,,,,,
1791161846,H1q6vF9X2ewo7XxqJ2qb2uTdwkjDLAWF1Y3SefRAUTGZ,WET,8dAEnVvvbHPoh5fAGrGcMqH75r5wwN1qbHn2FRRcJzqQ,raydium,1789416368,0.00002335,13089.02,23352,23352,0,17.4,5539.57,6757.29,0,0,0,3,29,28,58,39,,-0.54,68.05,35.31,0,1,1,1,CPMM,,,,,,,,,,
1791161841,7TRk8xVyE2gg6nf9osbct8g6uVsHdc1mYzzhwdPzo6da,STANKS,74DzZV6ad1ii8h3vsTWvGX8eRS7hM9Kibgev4tT9ZamN,raydium,1789421819,0.000008206,8049.6,8206,8206,0,0,5.17,174.57,0,0,0,0,0,1,2,7,,,-0.38,-1.35,0,0,0,1,CLMM,,,,,,,,,,
1791161845,E9nmbyzLqnBQbAJL7dMta9aR3HYy5W1ewPRf221zpump,AdamSandr,6iUjPerRaSssvFBAzxeJhNCj3YzgPeF9UZfKG6HizZ61,pumpswap,1789348836,0.000005851,5589.07,5435,5435,0,0,617.17,1084.57,0,0,0,0,9,8,10,11,,,-0.85,-17.31,0,0,2,1,,,,,,,,,,,
1791161842,9LuwgFQemAoV9rgVBBtwbRSxBmamcRRbysEK8yL2pump,BRAIN,5biT6a2sP9BFKXQCuwACAtAAaR6WMQqz8zPJdM2TUarj,pumpswap,1789422803,0.00001068,10505.23,10458,10458,0,0.03,2.95,1372.56,0,0,0,1,0,2,10,22,,-0.62,-0.37,-25.35,0,1,2,1,,,,,,,,,,,
1791161839,2s9ycNwMgVCB4SWtXmTu14w1ospd88MVYZdHLVEHLdVC,SKYNET,FVGTd1d9B14Pru6siQvPaHtAp1qmDKjthZgK6aBoU5r9,raydium,1788967719,0.00005764,23947.63,57646,57646,0,1712.87,5789.43,9464.96,0,0,3,5,22,15,63,31,,11.73,35.92,20.22,0,1,1,1,CPMM,,,,,,,,,,
1791161845,GPrTuSgAXVVJ67bAU4xe3UFD5aDDmVj7bZy73vTQpump,clarity,3r2KgCZW15vhvwq9LU9drMjC8dX2jryiXgyYtUeBhV9k,pumpswap,1789425291,0.000003208,3246.84,3114,3114,0,11.49,29.18,34.94,0,0,3,3,12,13,19,22,,-0.26,-1.59,0.86,0,1,2,1,,,,,,,,,,,
1791161839,2qEubd7GwtZbCqDu1uQwNC4kNaJLBdRUcWKpckTypump,KRYPTO,5KA82pef8tpzZ29rRf3oJCdwjJ5NUTciLHpZQLdfPJga,pumpswap,1789442443,0.000009978,7283.85,9322,9322,0,0,1,285.9,0,0,0,0,0,1,1,7,,,-1.32,-7.59,0,1,4,1,,,,,,,,,,,
1791161844,DYQTJL5XVRyv4ghRRt4CDGnYF5XhKiHHG2WqoKfzkgYN,BASKET,4ebUKdxqjVWcNa1vzJP3JPiR7G1y9BFHhdtJCWDk2FYV,raydium,1789423680,0.00001587,11917.97,15707,15707,0,0,25.16,25.16,0,0,0,0,0,1,0,1,,,,,0,1,2,1,CPMM,,,,,,,,,,
1791161845,GE2j19bLPf4hKHWhFP4VXS5x86aHt5pnkdWmudrvdoom,DOOM,4RJp5TtPXEDtL2R6XRdmkJYK41nnptouTvE9WvLSF8RW,pumpswap,1789498190,0.000004812,5393.8,4719,4719,0,0,0,6.49,0,0,0,0,0,0,0,3,,,,0.83,0,1,1,1,,,,,,,,,,,
1791161845,F8Sc8HoZvJcMrTY6vBsetTqGPv6XQmM2XgVAZo1sSTNK,MARINE,BnkYfw796XXq9UQ9kMYoX9iqSgXnjw7sFCsCVWVDiCUa,raydium,1789328900,0.0001341,35921.39,134174,134174,0.99,69.93,2401.04,11151.85,1,0,11,0,34,12,98,68,0.01,0.59,6.26,33.52,0,2,1,1,CPMM,,,,,,,,,,
1791161842,98kfF7rmsg1QDUEoCqNE7g7M1FdrTt92TEp2CLzypump,PAID,6e3jZLtf4tQbWZm3f7A66jF8tfZn6MRQVrbDFgcNWarA,pumpswap,1789500144,0.005732,532918.39,5260951,5395864,711.22,40295.38,142799.65,549595.84,8,3,174,59,554,444,1840,1571,0.86,-5.75,-8.43,-17.39,0,1,1,1,,,,,,,,,,,
1791161840,5auB5jWUuZAWvMyWD3uP51LbdNCfcbGe2qrc3sZSpump,NUT,5fSV8adyMaZG7P9KsVd2PahNiXATLi4JmQ7w8PiQsqxw,pumpswap,1789489945,0.000004546,4585.77,4394,4394,0,0,65.41,165.39,0,0,0,0,0,1,1,4,,,-2.28,-1.55,0,0,1,1,,,,,,,,,,,
1791161843,BRVaZKg6J9iF2BEsdpsxJ9NyvN9PPxPZuoQUX2v8qqkk,BROS,CzteSPPFo7eSk6kCaZSnvpLQT2kAhxSuZfJEnyTxTpsX,raydium,1790404080,38.33,52743.99,,,0,8469.33,8472.2,9204.54,0,0,13,8,13,9,15,21,,2.22,2.22,1.55,0,0,0,1,CLMM,,,,,,,,,,
1791161842,9tgSydUxn1KDwoHyBLnCMN6MTPqYnbeorZdz88N33koC,Democrat,9onPcyXXQtYQqgf9AEdVeZ64QUMaEu5egq9J3dj1XvRK,pumpswap,1789501286,0.000002935,3185.03,2859,2859,0,0,11.51,755.76,0,0,0,0,0,1,6,5,,,-0.61,-4.92,0,0,0,1,,,,,,,,,,,
1791161839,3bNtq6ZYQ11PNXq5ZKeWBrfmTWUEcotJtSN5eyL5DFfX,DOLLO,78KfKhK9hUQkXgb9BhAN3Zd254YTSwtZk21G9iBfK2sG,raydium,1789503643,0.000005633,5426.12,5634,5634,0,0,147.13,326.01,0,0,0,0,1,0,4,14,,,2.36,9.23,0,0,1,1,CPMM,,,,,,,,,,
1791161843,BsogQYJki12Nj7kB4S3T3XGhCHjpVpFaio8Zap3r7u2F,BROS,Bd8XHh8uQxhoGP2HNrE55fiYWpS6dPfcdGbufZr4bpyq,raydium,1789502501,0.000003388,3507.92,3388,3388,0,0,0,188.11,0,0,0,0,0,0,6,2,,,,0.8,0,1,1,1,CPMM,,,,,,,,,,
1791161845,GY9mZfyPpxXxBXBxS2hB2XjhP3kfUsywTvgveozxpump,ELON,6tuhHpYSinf41V39KW3JmpVUaxehcabCbHZqqFnwR6xf,pumpswap,1789500364,0.0003994,98218,370673,370673,29.3,5150.19,44108.67,241761.46,4,1,40,34,272,228,1819,1274,0.36,5.68,20.62,-34.25,0,0,1,1,,,,,,,,,,,
1791161842,933HLc6SPfxkFwiPXwCksmcSHvVBDzeC4A1SafRVpaid,BOT,HTaCLiSzmgpQXcAPEQcFrMJtqxQa2gWdYJRwg731SaDp,pumpswap,1789510639,0.000004289,4226.11,4179,4179,0,0,67.49,96.93,0,0,0,0,0,1,0,3,,,-2.64,-3.99,0,0,1,1,,,,,,,,,,,
1791161846,Hk8Uiq8CeNdmZzu1aPaT7MhvujtJifFS9kKhfpXmpaid,BOAR,Bu2w4qTu9nYKJYodaUf2kXnAznUxp9k8GWSDAaw46HPz,pumpswap,1789507758,0.00002401,17961.27,22600,22600,0,15.49,57.31,3517.18,0,0,1,0,1,5,25,30,,1.37,0.47,-2.45,0,1,1,1,,,,,,,,,,,
1791161841,7xwPE6M7h19FT5U7pd6HejjNmrh3rDSMFCoAwibVCRwT,PAIDCAT,EhjoDnxpZEzaU1hFSAG22tog4Z8x36feVAxTyfNAkTZg,pumpswap,1789510526,0.000008608,8353.44,8489,8489,0,0,103.84,607.58,0,0,0,0,0,5,7,16,,,-6.71,-15.13,0,1,1,1,,,,,,,,,,,
1791161841,67rVP2rxtgJR5kgHCmm1UwJNPuuemyhcng86J4WMyGXU,SHIRLEY,C1zDi5aF8VbT1rKGd6zdhfEofchhhjxjtGyeYYVW2CEG,pumpswap,1789511799,0.000006925,6266.97,6750,6750,0,0,462.37,489.83,0,0,0,0,7,4,9,6,,,-15.47,-15.02,0,1,1,1,,,,,,,,,,,
1791161847,SPqTn8KkooByR41x3SsaNxGxXDqPFFRXR2Kkt8TJhSK,ANSEM,AjobmNq3maGBLWronsoCcoBBe7GBSFFShhnRUG8GRua6,pumpswap,1789514069,0.00001597,11986.65,15342,15342,2.96,24.71,1551.26,6953.31,0,1,2,3,24,20,86,77,-1.18,-1.15,9.58,-14.89,0,1,1,1,,,,,,,,,,,
1791161840,46ztSzomfonEwzwHkZehAbrMb43vRPYw3ApkQcz3pump,TETRA,28kuCiPsbrnr162VrcXz11qRsZN5BL8GeF9SVoGnzh4V,pumpswap,1789037897,0.000002990,2931.2,2873,2873,0,0,0,4.53,0,0,0,0,0,0,4,4,,,,-1.3,0,1,2,1,,,,,,,,,,,
1791161845,EZdoYwMPiSFVUf68t4RnndQuPnCNtUCkZZNGnSLgwZCB,BOLDCOIN,5oKFXChXQ1qvxbSTo8z92kCaBg3W5Sgzx6pGRFYMDh8s,pumpswap,1789509397,0.000006245,6165.32,5904,5904,0,2.58,33.77,253.14,0,0,0,1,0,3,3,11,,-1.09,-2.33,-9.68,0,1,1,1,,,,,,,,,,,
1791161845,FZrn97qRKda2SEvWVw1EKkeku6LUs3NJxDPz7xyg2cra,FLIPPY,HC8wszYEj3NvyK9E2pQs9U5zB4FBnqHHcJiGTUQBNgEi,pumpswap,1789516248,0.000003302,3440.82,3195,3195,0,0,4.67,4.67,0,0,0,0,1,1,1,1,,,-1.3,-1.3,0,1,1,1,,,,,,,,,,,
1791161845,Eot6ur5sHBHva2QAhCTdv6Svsta5cx8YfxUb7Ho3BW5k,BILLYM2K,A9bntRtQ5LtkhyDTBnp1LUuG5MzwZVeAXKrujx5Gd5JZ,pumpswap,1789521148,0.000004457,4133.02,4308,4308,0,0,0,186.23,0,0,0,0,0,0,0,3,,,,-5.58,0,1,1,1,,,,,,,,,,,
1791161844,DWZqne4tLESk3oijs5WDrLwdcoB26Gz5vTfL2nkWpaid,DOG,4nBuvPXns3FofHt8G1nApNegcMtC1C4BdWDEYbc3dQzy,pumpswap,1789511108,0.000007585,7134.69,7273,7273,0.01,0.01,24.57,275.79,0,1,0,1,0,2,11,17,-5.55,-5.55,-6.93,-10.97,0,1,2,1,,,,,,,,,,,
1791161843,C9ybLz9i1nLm1S6ztrCRS8vGdetbpwTYeq7vCAxBps3B,GREG,CmAxVujEMXASoqenP5nAY9U72s1ZZWWQZuDE172GtqgU,pumpswap,1789520473,0.00001005,8432.36,9704,9704,104.18,104.18,196.11,2600.47,0,1,0,1,1,9,26,31,-2.2,-2.2,-5.54,-17.03,0,0,1,1,,,,,,,,,,,
1791161847,TW16nqvVUg9j29pY7pan4EjpJ9dHZKDHgJ88AvXdum1,x-0,A6FTU7ak4F3B7TqG4KdpiR9Q847xmAzSP3aHRsyXVr87,pumpswap,1789566437,0.000002624,2756.96,2532,2532,0,0,0,30.04,0,0,0,0,0,0,0,2,,,,-0.08,0,1,1,1,,,,,,,,,,,
1791161844,DFNnZi7mLegSKFhipUa964Z1DdLRKmggTr1vUhtwH6Bi,STONKLANA,31M8q9PWTaFqE32kwLVfGTKR1nQrtyfEWJBL9jHXsqfW,raydium,1789584368,0.000007301,8478.55,7302,7302,0,139.16,234.87,570.17,0,0,0,1,1,3,14,12,,-5.15,0.14,4.87,0,0,0,1,CPMM,,,,,,,,,,
1791161847,wsosWQDzBHibcjJefnfjd7VHQcReZQhhUNTxxgmEhar,WSOS,8QeQV1itLufgZtkhnCFiJMX7zoDa5Mpc7SN73LVzQJ2e,meteora,1789583337,0.002965,84359.9,2965239,2965239,284.4,3112.28,14441.26,98157.97,4,3,59,24,305,111,1878,509,0.29,0.27,2.48,2.36,0,1,0,1,DYN2,,,,,,,,,,
1791161845,FkDqBb1Vz6iZH9aSD5RBV5ctPQGrF2Ye6NVJ4sXncYMF,INUTILITY,H8pALboEEjGUZCZeNS8j4G9aRVTM22WkmaDGc6TQspAs,raydium,1789586179,0.00006318,23805.49,63187,63187,0,914.17,5571.68,26494.39,0,0,1,2,17,21,92,104,,1.05,27.48,22.18,0,0,1,1,CPMM,,,,,,,,,,
1791161845,G2KDX81e31T6pZbkrJLPKAXqKcd8VoE3UEp83rRtpump,HYPED,2AFmeNoK5zrwnUWFstzg2YyvARD6nddYDe6stZDGfZYn,pumpswap,1789586561,0.000004902,5851.38,4813,4813,0,0,0,16.5,0,0,0,0,0,0,0,4,,,,0.24,0,0,0,1,,,,,,,,,,,
1791161842,9HB7uiNQeWTGG1tkuGaMQLhdt9Lg6vmJ4vtLJc1Wpump,DONO,5giBZ4FZ89ToVRN3LEjcKPHcV1w53zLdiMCmrjNbAFpm,pumpswap,1789588430,0.000005261,6250.57,5174,5174,0,0,0.2,66.3,0,0,0,0,0,3,2,10,,,0.38,-1.24,0,1,1,1,,,,,,,,,,,
1791161844,DVdVsMUC8RyZcWtd6jn7BnyTd7dHEh7k4C5zsM9PCMtd,AROS,DS3M7NqPD2Rvh97yA3yuLCH7UmTCmngxz7FAnhz7gdd5,meteora,1789586671,0.00001053,8711.05,10539,10539,0,0,159.87,285.24,0,0,0,0,4,2,5,12,,,7.65,11.61,0,1,0,1,DYN2,,,,,,,,,,
1791161841,7Q5vqMfVjx8kkWE19zfbG7M9NuoWUAKeWXMFXVqenwbQ,SALAMI,2m1i2pSJ9uddDJvpESMWRFy9ckNVZ41HhWjLweFp2dqo,raydium,1789589206,0.00001140,11106.07,11407,11407,0,0,13.91,232.8,0,0,0,0,0,2,1,7,,,-0.62,-3.96,0,0,0,1,CPMM,,,,,,,,,,
1791161845,FhFvXUevhR7qohajBW43oaDVqN4KmAcxgMBqtPZJUZDx,PSYOP,vMHfRWUtvaFTeFw3wqRf5fZacUUAWMjyx6VtuGXv6FW,raydium,1789591435,0.000005256,6921,5256,5256,0,0,0,89.7,0,0,0,0,0,0,0,2,,,,-4.78,0,0,1,1,CPMM,,,,,,,,,,
1791161846,HuDwEgKxqBLNKHBSFiVh8o5tdfzSBmhKochDqRFYCzVf,ZINU,782nRjbSR76jqKq7KYNFqyMmn4hbAM4eqydEQ6hzd3P5,raydium,1789592039,0.000008473,9365.33,8473,8473,0,0,14.65,254.44,0,0,0,0,2,0,9,7,,,12.33,19.6,0,1,0,1,CPMM,,,,,,,,,,
1791161847,pgtgG6UCiyA49ShyETG2wpcMAvtLSvNp22UaJ1FWp3P,xp,6dojtVXb3rDqqvTgAUihQ9UpVgkLgkRYgbhQu9aYgvW7,raydium,1789592490,0.00002677,22870.22,26779,26779,0,1,110.3,1199.78,0,0,1,0,3,6,20,46,,-0.68,-0.83,-6.79,0,1,1,1,CPMM,,,,,,,,,,
1791161841,6LaVMJTguCzq93zpyF51hDunMWtW5n4ViCRrq96VognV,REVINU,7qRxj58eUv1EZZyEZdbYWwqQFzdNrbAqRBWWHGBkERJQ,raydium,1789161803,0.000007737,9192.67,7735,7735,0,11.12,251.54,1026.72,0,0,0,1,1,3,6,16,,0.94,6.38,-9.06,0,1,1,1,CPMM,,,,,,,,,,
1791161844,DDCimetG22tCrpsPHxoUFuzewU9EvtDp8RMAyCCoBTgj,SPACEBALLS,9WM4YD2sznFTdAfZe5mvFpBN3if2FFgrh2cbkW2cgn14,raydium,1789596068,0.000002610,4637.15,2611,2611,0,0,0,186.64,0,0,0,0,0,0,0,6,,,,-13.3,0,1,1,1,CPMM,,,,,,,,,,
1791161840,51mZoUpp9sZ5vHTW5SzvpLLNr3QfpTtk7D3vgWDuzxY1,ROOM,FUXbQY31jLjCyn9QCEUXsjqMDa9g4Zrh7xZujn1go2zJ,raydium,1789595525,0.000003918,5927.98,3918,3918,0,0,11.57,239.87,0,0,0,0,1,4,2,14,,,0.95,-9.7,0,0,1,1,CPMM,,,,,,,,,,
1791161845,FZ37MVb7kXLPWv6qn8QoCZaWLSbD3fXqDjj9wZbAkT77,AFK,ER3BmntkKcWSvjMAzwwqesuFPgR6CjRibKn4nNBQpzDb,raydium,1789595602,0.000003612,5414.95,3612,3612,0,0,0,3.36,0,0,0,0,0,0,0,1,,,,,0,0,1,1,CPMM,,,,,,,,,,
1791161840,4hMvdY7KbsCzHnRE7Js6kNFyTdkqKMeTv9GPYD5ppump,ZEREBLAST,AvXQDZzThzxemZju1jDKYsUPqnUrMVXdmtPesnLgu3pj,pumpswap,1789600766,0.000004796,5463.39,4600,4600,0,0,1.03,16.05,0,0,0,0,1,0,1,3,,,1.5,1.33,0,1,1,1,,,,,,,,,,,
1791161843,BjHCvuKDisEXg7DnaKztVs3YGEszfd9PqQK4Q7VWpump,CrowBrain,3WXqxH3616aZWp9cnFRFgD9NVUYsyrCd6zAefaFDsZMf,pumpswap,1789600094,0.000003694,3737.28,3592,3592,0,0,8.3,10.61,0,0,0,0,1,1,1,3,,,0.58,1.15,0,1,1,1,,,,,,,,,,,
1791161845,FvhorDts9M8uJekzs3pBcYUPUjWtCTrGLhdv3ADHyeRY,LinkedInu,CMcEKRDMpLPtijKpt57zYAba6f57oB65xDXPa3W7zMBF,raydium,1789598638,0.0002162,50807.73,216205,216205,42.88,92.42,7782.27,32311.54,0,1,1,1,22,43,138,113,-0.36,0.03,34.05,-9.64,0,1,1,1,CPMM,,,,,,,,,,
1791161843,BXrbjRfUH35Y9fDxmHw9GambqVHZ6McmgfRXGqkzUjQr,BALLS,kuasvHwyBm31UjcgCQKLGQYJ5xZnsjpxWfSYZLHgduH,raydium,1789604407,0.000007744,7364.73,7744,7744,0,0,706.31,1383.75,0,0,0,0,4,15,11,33,,,-27.94,-35.24,0,1,1,1,CPMM,,,,,,,,,,
1791161846,Gwf3HKCCZfdNjcL6Q4ewcBRmHcD3KLtegc1uVZsNEaUa,QUALITY,DKb5YgJKgJbNVNGrLn5F82RXmdfwQNdkFa1qaqUbBaiB,pumpswap,1789604250,0.000005466,5938.14,5349,5349,0,2.57,43.89,55.26,0,0,1,0,6,10,19,21,,-0.69,-2.32,1.8,0,1,1,1,,,,,,,,,,,
1791161841,7fod2HBBZPw7aP1VgWEY4CbcLpA5jnyCAuYrDprYrZZs,MOOSE,2UTEdAvmvtcqYCbivCPgrGnHpEAdRkCpaJUG2fMffv9E,raydium,1789602604,0.000004109,5792.73,4110,4110,0,0.72,8.51,24.98,0,0,1,0,8,11,14,23,,0.05,0.43,-0.06,0,1,2,1,CPMM,,,,,,,,,,
1791161839,2GrwXsCxRP5SBqKczB8QDdK88iAfxRJ2cST93fXcpump,ONLYX,G3MaLFFqNh9z9P731uftzHEMYNN2CKMNseSyaTgEEBTN,pumpswap,1789606102,0.000003004,3351.12,2956,2956,0.42,10.92,76.42,180.49,0,1,10,6,52,45,134,131,-1.27,-1.02,-0.04,-1.4,0,1,1,1,,,,,,,,,,,
1791161846,GZik7vJSnDAao9tbbcLrMGKfxLu7VCjoAtkDhsv8A3iE,KEVIN,GiGnJziraB1L5iYQbqtowL13TUrTXw5UgDYaWHWCJayg,pumpswap,1789608045,0.000007030,7567.72,6738,6738,0,0,27.97,104.54,0,0,0,0,1,3,2,9,,,-1.06,-1.51,0,1,1,1,,,,,,,,,,,
1791161839,2TFioVNNgnWiPmBVK83h3NSdffQVdJb3P97poyTgpump,LAIKA,5vMcE32XqP9N53D4x7v3LLaYCZ7BfkFXbbMZk5krk68x,pumpswap,1789598935,0.000002729,2782.67,2670,2670,0,3.99,66.83,159.61,0,0,4,3,29,35,84,88,,-0.4,-0.31,-1.69,0,1,1,1,,,,,,,,,,,
1791161843,BLGM7XgLpm5uUGJXHTGGQvNYk5jeKSr9kfCdqyq3GR8c,ZMINER,CE68Ef6GNbepdEssHCLEVkZsWDFugnwsaUhX2gVGqhnM,raydium,1789024598,0.000006557,7497.47,6558,6558,0,0,3.49,392.57,0,0,0,0,0,1,2,5,,,-0.94,-6.06,0,0,1,1,CPMM,,,,,,,,,,
1791161841,6Akj7Z4Pfyz5vG5Q5NEGANuBBTjH1Zd6yKu2Va7apump,PumpCard,7oYPAmx1gaGctZNexZm7wmhDBUsVjRVNrBP2vnttC8pi,pumpswap,1789666550,0.000003143,3347.16,2826,2826,0,0.03,1.91,1.91,0,0,0,1,0,2,0,2,,0.03,0.03,0.03,0,1,1,1,,,,,,,,,,,
1791161842,9U1f18idDeySFnYrurxqT1f5n5nE4g4Uk5LLzP69bh1,SOLCAT,9Hr6NXw5WSffxNQnqxwZyhRw81uz3PpB7RF9J3i9nMt1,pumpswap,1789672541,0.00008557,37010.22,83456,83456,22.32,22.32,3684.49,29698.46,0,2,0,2,17,37,210,202,-0.63,-0.63,0.77,-25.11,0,1,2,1,,,,,,,,,,,
1791161839,34u7fWVYYh2HFFcPQpu9Zk7NYYfbahrUNEMwNZuJTCaY,ADOG,DqPjpTHe7bWyCYmTzmUCZviUsi5sxSPb1FwfL6mJXX6T,raydium,1789670554,0.000006452,7645.86,6452,6452,0,0,33.37,54.72,0,0,0,0,1,0,1,4,,,1.56,0.03,0,1,1,1,CPMM,,,,,,,,,,
1791161840,5bCrnEgVDx4DRjdpgBY5eLFdiS72FpjVmGhSxBDhpump,XCHAN,2wvQRSdrYDcWBhTHHncG7rxLVUraQKZZ4tn9mjTBQ9vf,pumpswap,1789671308,0.000003785,4223.54,3738,3738,0,1.2,35.86,75.86,0,0,4,0,32,24,57,57,,-0.23,-0.26,0.71,0,1,1,1,,,,,,,,,,,
1791161844,DwgyLHfRbNr1zh4c5o4ER7dG5KVPYJ7HCtQPp5swpump,Nap,8X8vMTWRm5bFYRNy7q2ZrPoRHA27AmurmzGBKudJkZib,pumpswap,1789569783,0.000004573,4311.66,4387,4387,0,6.89,6.89,441.73,0,0,0,1,0,1,8,9,,-0.37,-0.37,21.44,0,0,2,1,,,,,,,,,,,
1791161847,VSoFhXns5HYy97KcZH99stUGD6B5UT9QJvAHKd3Xvr4,VSOF,AbMtEzkd8WSZRRT3TaEBi92x64JKKaKTtQaeuN6hyF3N,meteora,1789664028,0.00009558,12759.11,95574,95574,0,0,784.22,961.61,0,0,0,0,0,3,11,9,,,-20.49,-17.63,0,1,1,1,DYN2,,,,,,,,,,
1791161842,8gMWXHfSwBRSLc2wKtLv24JYboCAsKaEqfC5cXLeZJXL,ZILLIONS,82BhSZXxSXBKsAmyHJ5NxkCd6JrSUBrmPsxYgu7Byvns,raydium,1789676194,0.000007603,7503.09,7603,7603,0,0,0,266.7,0,0,0,0,0,0,5,4,,,,-5.46,0,1,1,1,CPMM,,,,,,,,,,
1791161844,DsqWokHaPHi6p9TtkEFryf6qBQFxYkUiGss2sFnBpump,juicelee,D5Van4Ljtfkiysa5mMeRu6Xxd5aYTxzvrhMKRXgSZ1Aq,pumpswap,1789675813,0.00003424,15749.28,33086,33086,0,0,377.45,1073.73,0,0,0,0,14,6,32,28,,,-6.54,-15.46,0,1,2,1,,,,,,,,,,,
1791161839,2roJPefsSF4zucVFUmD5XcpSHhXuQHN7ySC8CcqeFKD2,EGOD,CmPuV2rvTvAVJoZok29TSjwaduWJe12aF6Xys8DQCJZM,raydium,1789677035,0.000008995,8785.35,8996,8996,0,0,140.82,149.57,0,0,0,0,0,4,0,8,,,-3.89,-3.28,0,1,1,1,CPMM,,,,,,,,,,
1791161841,6dAo1eJMfaktGsi4s3wte8SJAYGLm2rRfJLntyLTSRNN,BLVINU,HsyidEyMzgMQEEk1Xsx8xoBdNg9Pfy32kC5pGNTEQXF9,raydium,1789637468,0.000003853,5394.17,3854,3854,0,4.79,4.79,4.82,0,0,0,1,0,1,0,2,,-0.33,-0.33,-0.33,0,1,1,1,CPMM,,,,,,,,,,
1791161839,241aTYhVXZ4WBVSFpfY37RqoCGBQ73KiRFAKvTtnmoon,MCAT,EcFsXQJjVCjCYWHsuhXUnZH4XB2MzF7iZ3dJu48wmoa9,meteora,1789678316,0.00003691,25326.1,36902,36902,0,272.92,4683.18,8581.16,0,0,7,1,20,21,60,61,,3.66,-17.16,-14.68,0,0,1,1,DYN2,,,,,,,,,,
1791161845,ECt8tGM5x2aCJSUVTrUW1VboCZSnUahS5Qswp2BeiomR,404INU,5keAkYLvKsTGaPXQUJzWRkDHUccBpS5LofVi6nPcTHNL,raydium,1789677373,0.000003659,5367.2,3660,3660,0,0,0,39.54,0,0,0,0,0,0,0,2,,,,-0.21,0,1,0,1,CPMM,,,,,,,,,,
1791161841,7qVyANei9jYf173z4FBKcmKp3nXDDBKiXAWh7aT2perk,PERK,Bt3X28mcx4EAYwiRNdepCdUg42LF7fa1SQMrgkPVivMu,pumpswap,1789679654,0.00001098,9572.98,10608,10608,1.22,2.19,14.66,152.05,1,0,2,0,8,7,12,30,0.05,0.75,1.09,-1.67,0,1,2,1,,,,,,,,,,,
1791161845,FKaJuPmxjYm9u4iDHxdYvA947vbjBQjpevQsBBVLns8z,TIGRINO,6boRKYHraYY4JYb3XFJjfdW7eC93hmxxbLzyTEe2iwoc,pumpswap,1789659021,0.000004222,4519.77,4095,4095,0,0,0,6.24,0,0,0,0,0,0,0,2,,,,0.19,0,1,1,1,,,,,,,,,,,
1791161845,F6StsGd3TaUdsLSvuKmAsK9fX4CgtPGegvrZPBfapump,SOLYA,H817A1D2hStachnUBDftsz8X9GtXw5wdsbkMUoJE3uzf,pumpswap,1789681344,0.000003049,3506.96,3013,3013,0,9.37,73.41,140.96,0,0,3,4,47,56,103,119,,-0.39,-0.98,-1.05,0,1,2,1,,,,,,,,,,,
1791161847,SkA82maVyUBgt4HUvMTLRDGyXX1yJpAsMNPhxEeSTNK,SHOEDOG,Cki4EosmaLdYDW2nrHaKz47LbK3ohw9dNHVBP9VgTYJG,raydium,1789566922,0.00007506,26479.37,75069,75069,0,584.36,9025.72,59815,0,0,3,2,50,43,330,301,,-10.06,-11.69,-70.12,0,0,1,1,CPMM,,,,,,,,,,
1791161839,3W3K5i4T2vARM1UzJHh48dw4uNhjtg3Wk8GS2inmNUZV,TRENDS,HBHCoPE5qM7JjVppXsdRejZtqg8YDw1PMZRypiQgJkY7,meteora,1789681602,0.0001542,36831.86,154012,154012,0,6.52,2366.07,10075.96,0,0,1,0,14,14,47,61,,-0.23,-5.74,-7.81,0,1,1,1,DYN2,,,,,,,,,,
1791161841,6BkJT2Dq8FwqwZmwzSLnADoaKaFKjBad25795nGBpump,niggacat,2smWBvdQhevyeYBG2A9uabGSgG5TVPsZKKAtfmTdZ8ec,pumpswap,1789681444,0.000004280,4100.05,4179,4179,0,1.21,21.39,42.62,0,0,2,1,13,14,24,29,,-0.56,-1.19,1.2,0,1,2,1,,,,,,,,,,,
1791161844,DuUbpUi4yJuam1a8LhG3qDxnfRDppeMRTayZyEdQpump,PIMSY,7yobpLCP2w1n7gbYMWgqBboeoscH5eKRucmoiRYvMkYe,pumpswap,1789674836,0.000003362,3627.94,3036,3036,0,0,4.41,8.55,0,0,0,0,0,8,6,17,,,0.05,0.88,0,1,1,1,,,,,,,,,,,
1791161846,HhRCWrgTZnTtHqop5wRLyD2ps1UNgKhnG8WhVQNMSTNK,XCAT,6Bd8n8bWtqYtEGQdHCL5hgqGpF2xTQSR6DsGTkv9hmQM,raydium,1789670166,0.000006240,7808.58,6240,6240,0,0,0,44.22,0,0,0,0,0,0,1,5,,,,-2.16,0,0,1,1,CPMM,,,,,,,,,,
1791161842,8BBNS7hURKU4whJ9L7BpjnAR8n9bKFiPA4ZKcYs76qHu,PCAT,GVjvA5pTgSpHLYk3H6dGjV5uxSK8GZKqccpUatqq3ZJ5,pumpswap,1789685150,0.000003559,3592.4,3452,3452,0,0.22,11.72,31.45,0,0,1,0,7,9,9,22,,0.53,-0.91,0.14,0,1,1,1,,,,,,,,,,,
1791161844,CYxv8mm44tqjYu6fvTMiZSrAWaM7QKwTSto179xuK7tS,RIM,BKMyB8P88wbDLUmWkaSnBcbm2kbZKQSJHHhK65vACUJj,raydium,1789683733,0.000007385,9666.57,7386,7386,0,0,49.13,85.01,0,0,0,0,0,2,1,4,,,-2.62,-3.21,0,1,1,1,CPMM,,,,,,,,,,
1791161845,GXL9wD1F5TzVXfZ33fKkBxeuNi7wKMUR25SDEBGEZ9mN,NIU,2p9TwpERb2tht36ut5QUgQnwoLnopXL3tGweMJLqq9Lj,raydium,1789682334,0.000004755,6577.98,4755,4755,0,0,0,5.39,0,0,0,0,0,0,0,1,,,,,0,1,1,1,CPMM,,,,,,,,,,
1791161842,9Gf5csKmAiSbvoCPAdMxXonDo1V5fq9RQeY8MZEBb3zt,PAWSINU,6chL4n3b7R4nbRBJHiq19eoXkDWyRUBkne4eS72L6Lbg,raydium,1789678339,0.000007843,7766.9,7843,7843,0,9.97,556.95,1127.96,0,0,1,0,4,2,7,6,,0.88,12.96,4.79,0,0,1,1,CPMM,,,,,,,,,,
1791161841,73nBoTeEAJAWaNP8ayTDUZbx6ag3JcHm4CPxGi8Tpump,MOONSHOT,8rLmob9fFkTb3UDDieVqPpvdUdWJ5JpL52nQd6yBjeEk,pumpswap,1789685291,0.000002942,3211.2,2889,2889,0,10.1,64.61,138.8,0,0,3,8,42,58,100,130,,-0.2,-1.28,-1.23,0,1,2,1,,,,,,,,,,,
1791161844,ChGkEmqxUuggy9NG9X3PEnv1q2bHFNgFhZmxJUowQtco,COLOSSEUM,4y8MN48PDjxWe354LNWnYQsPLsEG1uEAJKWbbBGnfuGh,pumpswap,1789689968,0.000004952,5439.26,4908,4908,0,40.33,64.28,226.03,0,0,0,2,0,3,1,7,,-2.82,-3.29,-9.09,0,2,1,1,,,,,,,,,,,
1791161844,CpcgnprGb6jMV5SY8oRuyALRByr9rNkYsdw8AVMCvdoN,OPENINU,3QaMeLw9VWaDqJW8r7kfhakUGA6fSs3BbMeBJtbGW1Mx,raydium,1789688329,0.000005879,8178.33,5880,5880,0,23.01,24.62,24.81,0,0,0,2,1,2,1,4,,5.09,4.62,4.62,0,0,2,1,CPMM,,,,,,,,,,
1791161843,Aw4i79Ju3zmPCMTxnqThykTZUXxPhjjUQJQzrWk3pump,HODL,3PTjUkycrAXVs4W1dqZbK6wjSUHCfDTvnyFyhWC2bEXe,pumpswap,1789692441,0.000002976,3233.67,2924,2924,0,0,0,29.69,0,0,0,0,0,0,0,2,,,,0.02,0,1,1,1,,,,,,,,,,,
1791161843,CHsC7xqDLrTy8NMizomPUx3sNKxJzXGDaswc9Zs9DeLn,BUNNY,9tkeoJW4TdWSh5yYh1tDECB2zbVd3AyrBSBTMquJvvMh,raydium,1789666968,0.0004323,54797.05,432291,432291,0,0,6484.96,75376.52,0,0,0,0,12,25,118,132,,,-1.93,185,0,1,2,1,CPMM,,,,,,,,,,
1791161840,48U4GvCPESZHkzqwDGjsPtygG6cuWyCzRLtTGmqLbkMv,PAIR,4cMitNw7RxfC5um7qdPYi47Vp2Wku8pv9TNQ8okMwxc6,raydium,1789696644,0.000003975,6917.41,3976,3976,0,0,0,0.3,0,0,0,0,0,0,0,1,,,,,0,0,1,1,CPMM,,,,,,,,,,
1791161845,FzEh8uAxjUWRgGhzb4TGGBBsKUzsZn8zoSoZGmEppump,DEX,F2TAJwEFSGjq1XSdfpLsCuoSeni84kSPCtpQ5oWpVcdf,pumpswap,1789704123,0.000002778,2373.91,2718,2718,0,112.21,185.43,258.53,0,0,1,1,4,5,8,11,,3.81,5.81,-5.62,0,1,0,1,,,,,,,,,,,
1791161839,25Lrwta8CGeMt3pmxy7DivhJzRzBp5Ne76bdaxbPpump,$Gatto,8WptpTnYqkjgZuxRhoPaR4Z323RaUaoagRrarUUMJYmn,pumpswap,1789703432,0.00002333,12022.41,22231,22231,0,51.17,718.07,1229.47,0,0,1,0,3,2,20,13,,0.51,-14.68,-12.16,0,2,1,1,,,,,,,,,,,
1791161846,GsN18GJ2zWoMh32QENu3rwH3iPYzF3SmJxaAnaAopump,SXM,69BGzG97DpenQoXNr9dfUYcAtfteUnsh5KGgawwGS6uz,pumpswap,1789696742,0.000005498,4803.94,5261,5261,0,0,0,70.56,0,0,0,0,0,0,4,2,,,,1.51,0,0,0,1,,,,,,,,,,,
1791161840,4zv9pgsqM3Ey1pputaKj8mXw1kgzR2QJkZRhgmmspump,MINIONS,5ztv8FTUZFor2BPzYyMSQ9mGDa3TFG73i4RPCQjGsnni,pumpswap,1789688193,0.000004803,5289.26,4667,4667,0,0,0,5.73,0,0,0,0,0,0,0,1,,,,,0,1,1,1,,,,,,,,,,,
1791161845,G5im68AmQ8c6C56Kdapufyu8dZddYkMBGoLbqtb98j7,JASON COIN,FFhxgRnmW2cXRhiTRRt7JRx1eoxrUSudka8X3kBywT2h,pumpswap,1789508259,0.00001453,12598.48,13382,13382,0,340.96,587.08,1619.09,0,0,3,1,5,8,16,24,,-6.75,-10.04,-1.17,0,0,0,1,,,,,,,,,,,
1791161839,2SYCNJMchpmLC4pWmakBTwdVn4ZqK4au2d4jHh5H8uNW,QEPE,Y3hYL7tYhc8NhcFvkVJb5KX6ozcZALEKy6Jcj2MPwv4,raydium,1789709302,0.000004382,6173.24,4382,4382,0,0,110.8,332.24,0,0,0,0,0,1,1,5,,,-7.1,-8.84,0,2,1,1,CPMM,,,,,,,,,,
1791161845,ER2XobjesPV6xTXBRjzyo1aCj7nfs2N55LBeiWSmpump,Startpup,49zxt4LDCHPZZXJRPCUvYFtawWQnY7G8j3p3MdPuwGyV,pumpswap,1789713852,0.000003518,3716.63,3422,3422,0,0,0,18.61,0,0,0,0,0,0,1,1,,,,3.13,0,1,1,1,,,,,,,,,,,
1791161841,7gnye7MymAa2iN8iZsZvH6ybjxeUiaxSoavxgeqG8kkh,microsoft,FVhapwDcMEPmZQV5mC9vC1QLHqMCWj5VVSoPHnUfZSwB,raydium,1789760235,0.000004422,6841.53,4422,4422,0,0,0,27.13,0,0,0,0,0,0,1,5,,,,-1.12,0,1,1,1,CPMM,,,,,,,,,,
1791161842,9NR6u9J7KvfyZdi2n9VnEjv5JgV3BRE4WLvXWQiRJ4dk,MONEKO,38jN4Ss4S6GPArRBPy8YG3i91xXqV8Zfso2taBiYbpQg,raydium,1789753719,0.000004089,5862.78,4089,4089,0,0,0,110.54,0,0,0,0,0,0,7,5,,,,-6.9,0,1,1,1,CPMM,,,,,,,,,,
1791161841,7vD6CsCqfx9Av9hPW5W1PBMEkZbY4FnUQcuDTbxjhYrX,PURPLECOW,8aKt2iG6vGHtfoFpan4Cfnts5xY3hQoY2N2NFvMjyAjB,raydium,1789759966,0.00001002,8974.43,10023,10023,0,77.15,131.52,296.58,0,0,0,2,1,3,5,5,,-3.23,-1.11,1.72,0,1,2,1,CPMM,,,,,,,,,,
1791161845,FYZcYCHSp8FzNba1UtDZydKKGosmxVNpFBiVuia38AhT,MONARK,GhCGq9qTCBWZvpBY4fzfvxvENWe1syryLuGACgj3Lhvg,pumpswap,1789324540,0.00009562,27838.96,91122,89029,0,494.78,3842.49,15418.26,0,0,2,0,27,34,96,96,,4.42,15.09,-26.17,0,1,1,1,,,,,,,,,,,
1791161841,7nTAA8U8kAD7t8Z1W9g6DXNTfMf4YYg2PzV9PiNRWaas,ROW,8h2WCve1CfgYCohLa7t8DtmC7YsacL1Gqdp7ewNeUFcf,raydium,1789764079,0.000003201,3152.1,3201,3201,0,0,12.44,43.44,0,0,0,0,1,0,4,4,,,3.99,2.22,0,0,1,1,CPMM,,,,,,,,,,
1791161844,D1sm1V3pHGTv32ugeXoer4a91xqfuh4jJBYQwePSKVez,KMS,ECUmeKBNdHa7UE8KMh5YbHwR9jFtyidL5dSC951ippo8,pumpswap,1789764434,0.00004117,20654.97,40534,40534,0,31.45,814.21,1574.68,0,0,0,1,3,7,18,22,,-3.68,-11.59,-14.53,0,1,1,1,,,,,,,,,,,
1791161841,6Ax9mQt3oxsrxDjAF5p1Ljc7NPPHmXWsSsPgnhRJfN8A,SDOG,B4eW1YxZMA7CrnKfAoW88dPZJEj4tP73PiMU6aRdSEkQ,raydium,1789751607,0.000008490,9114.02,8490,8490,0,0,41.52,148.58,0,0,0,0,0,3,8,17,,,-1.9,-2.06,0,0,1,1,CPMM,,,,,,,,,,
1791161841,7asAszo3GcjvJuzdaArBGZXTNPWsyj9H8oDgMqVwo81g,worth,49V7t4rtuMinGU4gth6jYKbsEzwxZoR8yw34MMytBUnd,raydium,1789766804,0.000006410,8165.25,6410,6410,0,0,0,91.12,0,0,0,0,0,0,0,2,,,,-3.68,0,1,1,1,CPMM,,,,,,,,,,
1791161841,72TgBXGDNKyNkx4bPd6BLmLAjqTQpE1xUYGStEHfiNku,BEANS,4RZCbuqsJAEpD8uuLRcZ6iynK2XGKUoArXHsZNiuBhGX,raydium,1789763577,0.000005088,6874.42,5088,5088,0,0.01,52.47,89.68,0,0,0,3,1,4,1,15,,-0.45,0.93,-1.31,0,0,1,1,CPMM,,,,,,,,,,
1791161839,3T1h8HUain7m5TywjQUZapcd4iJBMsEA2Tx2zrNypump,pogg,Dp5Z52ArkeTKxzNLmW7Hv3QHBsTNjnA13S6mGb2MS64v,pumpswap,1789765991,0.000002566,2669.66,2495,2495,0,0,10.6,17.71,0,0,0,0,5,10,16,16,,,0.75,1.86,0,1,2,1,,,,,,,,,,,
1791161845,Ea9TZ2XC7AkgfKrFV5MnTKig5YWJoZH7xt4d4BnYpump,CROSSR,8gdC17FnHJDsYrsF3n89rdyNuhs1rHACkEt35sytKs7u,pumpswap,1789767060,0.000004740,5180.59,4663,4663,0,0,0.09,1.47,0,0,0,0,0,1,0,5,,,0.07,0.51,0,2,2,1,,,,,,,,,,,
1791161846,PEPEqnuuCDbBC89p1u9vpnP1KQ2oj1xTcQBsjt9X55m,PEPE,HDojZeCdUee8nczxsc9MeiMKVF961HqEFeKEvHw74xVR,meteora,1789769424,0.000004420,110439.79,646106,646106,408.4,32424.27,249856.87,1043701.44,2,0,74,50,359,617,1425,2394,0.3,0.8,2.7,2.53,0,0,0,1,DLMM,,,,,,,,,,
1791161846,HgcxVs6kJhPAaGqnPNGaa7zYgNT49hJrLufiqcNMuYZT,FEELSGOOD,8V79sJMPkRuX2EmzBS8uKmfDrCLAbszboC4eJ5Kowvc5,raydium,1789767410,0.001211,122117.55,1211245,1211245,1077.06,27766.2,72716.43,121002.02,4,2,106,54,315,174,534,372,2.31,-9.27,26.05,41.44,0,1,1,1,CPMM,,,,,,,,,,
1791161840,4rkGWJNSUPBcMicXMRAzohEyeJLFG8gUjwiWaz7Pddr3,CRACKER,71JH7ZFZdSkYP9oyXtCnk2U4dGD8S6fg8tGMowsaPWs8,raydium,1789653761,0.0002543,31779.58,165291,165291,0,0,1257.23,8464.81,0,0,0,1,20,26,57,130,,0.33,2.68,66.24,0,1,0,1,CPMM,,,,,,,,,,
1791161846,GyrdGn9yrZDeAwXfaGqe3QRuFAd3duYQ5jAdHrPvpump,Internet,7T5cgVfW4JXsaeVtMgENeSnrcJywSj73asJu21E7WfcS,pumpswap,1789769840,0.000003079,3311.39,3037,3037,0,0.4,7.86,36.97,0,0,0,1,6,7,18,27,,-0.16,-0.3,0.7,0,1,1,1,,,,,,,,,,,
1791161842,8hbfVUpsZ9ttdixBzB2PXwYNUJHySaXT9pFoyAEjrTKW,Pokeballs,HCNLrjsWhtCtHKJhivCMf9PzUN1EWzXqYjWjhbkm4MCi,raydium,1789770283,0.000008984,10763.28,8984,8984,0,0,16.36,1184.1,0,0,0,0,0,4,7,20,,,-8.55,-32.82,0,0,1,1,CPMM,,,,,,,,,,
1791161840,5zNmPYCm724a7HLE8FXB2d6R3BbsuPSjzNAxBmkHpump,Prism,CjLTexDv7TZWUXrfabMXXuKXETiE91zMrSj4T5GEJaQW,pumpswap,1789770202,0.000004181,4815.86,3953,3953,0,0,0.71,94.97,0,0,0,0,0,2,0,8,,,-0.29,-3.32,0,1,1,1,,,,,,,,,,,
1791161845,F3rg3LvwU2gVxBEywzweoQcyxJD8mV67fTdJLe37jJ3q,YEE,7D7ZkbjnZFCSUGMGGCNDxFkMERME7H4TUhi3XwMeyStz,raydium,1789772559,0.000004919,6970,4920,4920,0,132.91,269.39,269.54,0,0,1,2,4,2,4,4,,0.81,11.22,11.26,0,1,0,1,CPMM,,,,,,,,,,
1791161842,9WZriUAVGezWRY5VJYqN7co2CfSyQm5hQgucTkN8pump,bullworld,3sW4Kc55jbVVAQ3TUJLdXrhiC5UNKJdCtWJrkCGF4xDC,pumpswap,1789772663,0.00001237,8407.38,8902,8902,0,0,227.85,527.75,0,0,0,0,3,1,6,2,,,8.44,15.61,0,0,1,1,,,,,,,,,,,
1791161842,8pCYnTGuzeLEs5PQkB9pofFrKetSgxySYffCXDwQy8hf,Apu,GkuMtEyn3XzYAB2KDiD3iSmTLvn1HcvkqEeiJVHZ5FjV,raydium,1789766255,0.00001217,11279.67,12176,12176,0,461.04,2311.38,2798.18,0,0,5,2,22,11,25,12,,-2.3,20.08,36.65,0,0,1,1,CPMM,,,,,,,,,,
1791161844,DQfVqyCBweL181f4t52iiqHZrWjBc7sL1BKKDM6w13Dy,PINU,3AycAmXwoq8daRkzqinb3LSTZpPibnfnQ4Mbu9nKZcUK,meteora,1789775493,0.000004596,7026.65,4525,4525,0,0.4,54.58,54.58,0,0,0,1,0,2,0,2,,-1.66,-1.66,-1.66,0,1,1,1,DYN2,,,,,,,,,,
1791161844,D8BNpRy9FSNXjXRMxX2qV5KJcdg9rVsirHj2bfUyPGoq,DNUT,FwojvrKLG8MAMaDA3CUANuFSYXyro3iFmxsMPCbisnxn,pumpswap,1789755310,0.000004804,4958.2,4675,4675,0,0.57,7.45,19.29,0,0,1,1,8,10,17,19,,-3.4,-0.03,0.02,0,0,1,1,,,,,,,,,,,
1791161846,HkJiit2pbesCzSPyEmmf5jnvHpE3RXdB8KmzAWtsmFS6,WRY,5PoRdKH4MCg6Y4vbPNgE9z1TDwiDpiRS57cD44AKFrnn,orca,1789679024,0.3644,23734.89,27465,27465,0,128.87,289.55,1267.51,0,0,0,3,17,6,62,29,,-0.05,0.03,3.51,0,0,0,1,wp,,,,,,,,,,
1791161843,CJmk2CGKuzT2sJtnkhs7BVYwTb6dDXveFPSfYriVpump,upcoin,GcEEWQQ91hpjcguppNNdmwVMFzserPXR4LcGRdjbPoy4,pumpswap,1789782598,0.000003205,3189.03,3092,3092,0.76,3.26,61.16,96.57,2,0,2,2,41,42,77,77,1.22,0.9,-0.96,-0.32,0,0,1,1,,,,,,,,,,,
1791161840,4o5Mxityk8Tet4Gbih2EvPYZmxGxDVuB5eFm4njKte85,NBTINU,2kQQNvr2acMhZ1fBT4SuPNFKP61o2C8uQR3xrVfsosxH,raydium,1789777666,0.000008530,7861.44,8531,8531,0,0,38.05,128.74,0,0,0,0,1,2,1,5,,,-2.56,-2.07,0,0,0,1,CPMM,,,,,,,,,,
1791161845,FzqGY3vUF5Zph5Mv4nxZGHxzc18feBvuoF9fNxsHtWGG,PRISMCAT,Be8puBcbn71yjxwW3wLBji3KcPZeKxqWQiTgnG6FmtVV,pumpswap,1789774767,0.000004059,4218.56,3386,3386,0,0,0,59.08,0,0,0,0,0,0,0,4,,,,-1.35,0,2,1,1,,,,,,,,,,,
1791161847,kkfhrRkYhft8fJArWZ2Q3Gm9DE435DpLH9CRxjuRXtv,COLLECTR,z3KT36uYYec3MvGhCiCf2E77kjZnz1xQ6dfBQKjZJYB,pumpswap,1789845937,0.00002023,14801.7,19067,19067,0,0,118.79,457.6,0,0,0,0,1,1,5,3,,,-5.54,3.46,0,1,2,1,,,,,,,,,,,
1791161840,5j7SzcK7419k7jsqE8VN1bjxpeRm7iXWW4umBraeXzoM,PIKAMOON,CcuakjguSG1qTTzDwBnFDkcbgqr7ssEYVCZSxKx2EF7z,raydium,1789845499,0.00001077,11981.67,10777,10777,0,0.12,7.21,1142.83,0,0,1,0,3,7,11,30,,-0.85,-3.85,-15.07,0,1,2,1,CPMM,,,,,,,,,,
1791161845,GEnkAoR4BNaP3br8rf8eo5mj7jMm5c5VpUuttwASpump,Rick,8TUVfVbmjgm4nCie5J96JPSxx3wkoEzVsm5ZT9pgYnx4,pumpswap,1789843129,0.000009626,7520.01,9184,9184,0,0,3.52,242.07,0,0,0,0,0,1,0,2,,,-6.35,-6.35,0,1,1,1,,,,,,,,,,,
1791161845,EPeReW6ScEqdeC7eVDceLuJDLrW7m1ggnaenSeQoP9b2,UMADBRO,Cd8pTuwmwbf3rBRJ2VeXJJXX92kXKzraY6Nx6B7sut2Q,raydium,1789844091,0.00001126,9933.67,11261,11261,0,0,68.77,393.4,0,0,0,0,3,1,3,4,,,1.84,-9.69,0,0,0,1,CPMM,,,,,,,,,,
1791161845,GTBxUiw6wJdmmkCGZgRHLyYxqu1vG4KtRpeox6yDpump,JEANPHIL,4R8CiMnJWDNoes3fQi1ccPFJygPXazaHaWpHrN3rZeNj,pumpswap,1789844819,0.005832,374748.42,5654639,5654639,5149.56,73583.19,521649.92,3499294.47,33,7,251,199,1930,1763,10951,11081,-0.24,-8.18,-8.65,26.48,0,0,3,1,,,,,,,,,,,
1791161843,BtFegYSVBRxyiKj3pDotZm4eASjoD51x6vp1VuryB12K,KEK,G5SG3RkWycHm2eGozAJSUTuYLMbRJcD63kShB8Ki9VCV,raydium,1789844406,0.000006732,7830.3,6732,6732,0,0,130.53,131.88,0,0,0,0,0,2,0,3,,,-5.81,-5.81,0,1,1,1,CPMM,,,,,,,,,,
1791161842,8QfGp7PrMjrQuZEUCWn4SbrXuKy7xsrkNjjQGCVZrz2G,FEELSBAD,AgwrAB8u4sZerV2v3bcobydXNZFK3DhrSXP71yaUVPJt,raydium,1789838537,0.000003476,5672.85,3477,3477,0,0,0,27.51,0,0,0,0,0,0,0,5,,,,-1.52,0,0,2,1,CPMM,,,,,,,,,,
1791161843,At541hRZhK9LWKj9w2dqN2wCdpFyZgRa1Un2yG7xa43m,VBUCKS,7YoDHgiziucUwikCxXM5pfjG8EoYaDvx28FJgBMkh24i,raydium,1789786206,0.000004473,3725.78,4473,4473,0,0,152.02,554.93,0,0,0,0,3,12,10,41,,,-14.43,-8.19,0,1,4,1,CPMM,,,,,,,,,,
1791161846,Hdky1Lz84WL7cPWVk7StFWrXVXvdXwPrAcfjJoUrpump,ROBUX,DuLCsBF5i6FWEhmjk43RpXydLV7SYf4BYccLs7Z8bixF,raydium,1789790538,0.00001198,10743.6,11985,11985,0,0,131.8,551.97,0,0,0,0,5,5,7,18,,,-0.51,-15.77,0,1,1,1,CPMM,,,,,,,,,,
1791161845,GH8d1NUnv2YRb6xUxn1LRm8B5p2uTqQFeyV1VWs8pump,ZCASHCAT,BS1ECCM3nLCbP9yZNUdxcpV7dQpPq9fpAXYE4vZjkveV,pumpswap,1789932996,0.000003286,3179.47,3179,3179,0,4.14,98.11,196.94,0,0,4,3,56,69,113,152,,-0.16,-3.42,-3.44,0,0,2,1,,,,,,,,,,,
1791161844,D3hQ5hbTjVz1ram6J9TJYYuFXb8jmvrkpRXRg18cfrFg,AURAFARM,DoBPRJ1j2E8nM6aUMPHTFgTcvDDkqDUbsqo6vStrLcBZ,raydium,1789852518,0.000002721,3988.7,2721,2721,0,0,0.01,0.06,0,0,0,0,0,1,0,2,,,2.37,2.37,0,0,0,1,CPMM,,,,,,,,,,
1791161846,JAtFQn9yiSxCPBRnECvhaF8Vz3YtNq8Sk8nbCZ9ra54k,BURN,6DNBQmyRPZHQ7vnvAJoqp7huZ4z5djPxxecHSijXy4kR,raydium,1789849086,0.00004254,20510.61,42540,42540,0,12.51,168.33,755.69,0,0,1,0,2,4,20,29,,-0.01,-0.03,-1.06,0,1,2,1,CPMM,,,,,,,,,,
1791161840,4yFji5xXra5ew3iiHmajR7jgzt12ivqTMwnwRuG4MRW9,chinese,DzbBELoejP7XFTpmbW86E1J8mR4kKQznaZE37uKx78Zm,raydium,1789853437,0.000003428,4537.65,3429,3429,0,0,31.1,536.82,0,0,0,0,0,3,3,12,,,-2.04,-35.28,0,0,2,1,CPMM,,,,,,,,,,
1791161842,9gaMApmv31oRKEqBmdyooYi5wpzAahi9h85VeHVFUW2Y,MEMEMAN,CYXdxbm3Qhir7iKiRn6rQyPzJ8qSWNNYJh3WwyNpz1Mg,raydium,1789850528,0.000003061,4667.71,3062,3062,0,0,6.06,13.15,0,0,0,0,1,0,1,7,,,8.75,19.91,0,1,1,1,CPMM,,,,,,,,,,
1791161840,58rUgmCEJYj1rax9QFjXuHwj3gkwJN1LhdKedyUwoZa6,DICK,EXjLdn7QAfn63urYwiinsXyZkFqkBq9ck4i7BY5oZdVX,raydium,1789851506,0.00001411,10648.57,14118,14118,0,0,277.89,1567.83,0,0,0,0,2,4,10,16,,,0.79,2.55,0,0,1,1,CPMM,,,,,,,,,,
1791161841,6wrGbTGsnG5WL9RDRgPRpaSnWpy63FR8tJL8fjPvv6DR,KITTY,Ek4LYGqMNypNaRpLhadsZ4VsK7NcLHmREAFgaotFbGgx,raydium,1789845015,0.000003042,5105.63,3042,3042,0,0,29.43,163.49,0,0,0,0,0,1,2,4,,,-3.71,0.71,0,1,2,1,CPMM,,,,,,,,,,
1791161845,F1BQXs8RTr3pugsCddw3dGVWhfTAPhyLJpuWYpzgRZtU,Bogdanoff,8d3fXyUxozZR7jjwmCUZ3axA6yMp7Rs5Hfu9MC4FbB7h,pumpswap,1789851868,0.00001401,11670.96,13522,13522,0,131.03,1822.39,2506.74,0,0,1,0,23,5,26,11,,1.49,42.97,31.64,0,0,1,1,,,,,,,,,,,
1791161840,5TPNaSi63HSfEHwVSBL2STi7yTPwgtedeXCowjnYHVG5,LEEROY,DzeAVk5P2sy5vpNYSrLMNcTsgxVXeTyZyghyHuBih3Zg,raydium,1789837872,0.00002488,6497.15,24885,24885,0,0,193.55,1016.42,0,0,0,0,7,2,14,15,,,9.35,-38.09,0,0,1,1,CPMM,,,,,,,,,,
1791161843,BP4Wic5LNKsqpmiREW6uNVEC16juvFCSd4WzVBatpump,fomopay,5jYdJBnSrtFTmE6C2nVHmPxKjgSdGTAWw4LodTHUbE74,pumpswap,1789855151,0.00001512,14000.67,14500,14500,10.87,674.63,721.19,1390.5,2,1,3,6,11,24,23,59,1.33,-12.68,-14.52,-23.14,0,1,1,1,,,,,,,,,,,
1791161839,2RSnd9sEt7kyLBtDr262xBNwBsgegz5qcSFtDeSkFLEX,JEV,FaR2sfLo3Vyoe31QwCxKEc27c8P1Pp4d7LCZMpTzEFPd,pumpswap,1789855371,0.000008412,6908.17,8352,8352,0,0,3.41,39.38,0,0,0,0,1,1,3,2,,,-0.87,0.22,0,1,1,1,,,,,,,,,,,
1791161845,EQVpYktJWKEVvERy43e1AGmi5pTGwXNDtB6mTSvwRkdJ,GINGER,H5ETfzhxQ8AC1MwZDzYwCpdK5dDsZz8wCT76QXGexg5g,raydium,1789858864,0.000002894,5314.57,2895,2895,0,0,0,200.55,0,0,0,0,0,0,0,4,,,,-8.34,0,0,1,1,CPMM,,,,,,,,,,
1791161844,DUe1qheefigxhjboRqKkGWjSTeYivjLo6yq763redsRC,WOJAK,BWh4RGBiantA3RZBrw8pZnMstkDCb2thJQ4v8p5x9SyC,raydium,1789801114,0.00004810,24034.81,48109,48109,20.86,2205.12,4235.32,7017.32,0,2,12,10,31,25,67,61,-0.3,23.91,40.07,56.44,0,1,1,1,CPMM,,,,,,,,,,
1791161840,4htjusK8sBXXpGmcnbTmQHCRTFoh4fSwQryWEnTmpump,Claimr,3BgcWHyE17S1CUo1yzZUkUVhJCDTrPpV8yuTHo7D9gNL,pumpswap,1789858930,0.000004415,4960.84,4130,4130,0,0,0.02,16.86,0,0,0,0,0,1,1,3,,,0.11,1.07,0,1,1,1,,,,,,,,,,,
1791161841,7GSVfYo715E5FnTyT29XnBzCjyXkdjAQyeubYyK3STNK,COMPUTER,4PJnWDBFigdYMVkFi5QW5YB8cUTQeiJAbbNxjA3LQjLB,raydium,1789508583,0.00002030,13958.53,20303,20303,0,45.32,130.99,9204.82,0,0,2,1,4,4,106,67,,0.9,7.67,60.37,0,1,2,1,CPMM,,,,,,,,,,
1791161844,DfcCdx79bbMnSuBp72kMKaEhmbFvGtx88tnP36pra2Rz,HORDE,4wkfY6j4zbvdECUM85AVTvQZCbjS7DX3ngPWYUPqz5zK,raydium,1789852790,0.00002421,5852.12,24210,24210,0,49.96,54.84,188.33,0,0,0,1,2,1,5,8,,2.35,-1.17,-20.24,0,0,1,1,CPMM,,,,,,,,,,
1791161844,D1BneqMRzRTmyJtR6Xnpjn5Ec1L76c9tsGGiofNPpump,SPOOKYCAT,ErcndMmvJMc1BL25ViaDW4vDN2sVQDvk6xeZq1DsF4mA,pumpswap,1789864601,0.000004295,3956.22,4099,4099,0,0,0,2.31,0,0,0,0,0,0,0,1,,,,,0,1,2,1,,,,,,,,,,,
1791161843,AAVTz2XNbHjbihsnjJnZWNAByrz3gnDTWn9HnPY6gdXa,NEETCAT,A9d4mjGsYayV8ocpjR4FCdLhmTwUJr5cWkB238fGFuBB,raydium,1789864887,0.00005690,28183.24,56906,56906,0,65.6,342.18,414.87,0,0,0,2,4,5,13,11,,0.34,16.62,25.61,0,1,1,1,CPMM,,,,,,,,,,
1791161839,3QgAJyTGGKfp1QPHBV6tV5P1kq2KwvPBfdG4jjxvZobF,PONDER,GznJ5NLBEB5tKJxTce7yubH5YP29Nq1mvR3YSP86ZLhp,raydium,1789868387,0.000003495,4785.17,3496,3496,0,0,0,1.35,0,0,0,0,0,0,0,6,,,,0.41,0,0,1,1,CPMM,,,,,,,,,,
1791161840,4ec7Lf7JuCYQVQnUJCzpW5YvaPMNEAeqDRwGcU5n9GGJ,SATOSHI,91gJFA4mgVQS5Kcr6uGh9ToqCrJK3jiSpTPNHKzDQhnx,raydium,1789923833,0.00008179,26814.44,81797,81797,0,3.34,669.17,9260.24,0,0,1,0,8,9,86,42,,4.07,-1.06,68.05,0,0,0,1,CPMM,,,,,,,,,,
1791161844,DVska6Y1PohdNJD2Gt6DwQD1EypfEvcmrFfdttCiRkbf,ZENO,4fjgm81y2aTkHs5ZbwwUKzGehcPGH4Xbw6g7GsMNe6qe,meteora,1789930826,0.00009419,29780.02,91831,91831,9.56,947.43,3940.76,65387.43,1,0,7,5,32,29,432,377,0.07,-9.77,-7.75,-4.78,0,1,2,1,DYN2,,,,,,,,,,
1791161841,6EcQtGwWrecB5CexGgo9EtmrosFx6tRF1YgFy7ECinsc,anon,BCKLuNwLHWkkVcEBPH1iF1ZWqG8dyDbTLfUNNnMvqAEz,pumpswap,1789932053,0.000005329,5171.15,5114,5114,0,4.46,4.46,4.46,0,0,1,2,1,2,1,2,,-1.24,-1.24,-1.24,0,1,0,1,,,,,,,,,,,
1791161842,8rq59Z7rjezyuJpEYBCCWG7iEdEuL6EevpUfMoqbcBQ5,STX,464iJip1fGczMYgCjVGZ7D5dYEbUApgdzkzN6bt5jwWt,raydium,1789933494,0.000002427,2118.53,2428,2428,0,0,54.44,908.77,0,0,0,0,1,2,11,8,,,4.12,-40.64,0,0,1,1,CPMM,,,,,,,,,,
1791161845,EzfgjvkSwthhgHaceR3LnKXUoRkP6NUhfghdaHAj1tUv,FTX Token,DDCSwpNd5jgmHw4tYvEMeKPhEQpXsohzs2wyGZhGZtPU,raydium,1790198087,0.2523,27616.51,60328,60328,0,0,74.6,74.6,0,0,0,0,0,3,0,3,,,,,0,0,0,1,CLMM,,,,,,,,,,
1791161844,DsjPNCjFrQDXGZ96UzohaMm9PQJJUxWFQ6Gy6do9CSLT,BINGUS,F9yYscWarHyAusNr5x8SVZ8yCD8HtSxGhSaWRWsavovk,pumpswap,1790017307,0.000003270,3152,3095,3095,1.63,14.38,90.29,176.61,2,1,7,5,53,74,135,157,0.12,1.37,-2.36,-1.33,0,0,2,1,,,,,,,,,,,
1791161844,DbVQ9vYSaxwNuoVopPL3v2KeHtY3hCfS9z3oHQTYWXWx,HWG,5oE1nZHwCZeCgWbTqtZHAdCxMvNwvNz28mqfcnuEq4zy,raydium,1789925186,0.00006199,20266.86,61988,61988,0,0,0,357.06,0,0,0,0,0,0,5,6,,,,-3.3,0,1,2,1,CPMM,,,,,,,,,,
1791161844,DifgEZC24HbYZwDq2og89hUJTjFixsyYZtV7Hrzepump,ZEPE,CJ4YEU7zDigfh6qwDU45fF4QxwUvgSatXTWNQDtJwpcB,pumpswap,1789955189,0.000004733,4588.25,4565,4565,0,0,116.5,422.4,0,0,0,0,1,0,1,3,,,-1.16,-19.57,0,1,1,1,,,,,,,,,,,
1791161845,FSJfPYF6VjuDuUxMFdUrCEkVr96bhC5oXKhv4o6JJxiK,Mentor,9skwAP585Et2bs6TS9KJ6SrAzXgSjxPgs8xDLes2uWHS,pumpswap,1789936262,0.000004054,4158.72,3957,3957,0,245.36,316.45,2069.02,0,0,1,2,1,5,25,20,,-12.45,-15.35,5.28,0,0,0,1,,,,,,,,,,,
1791161846,HYT5Eh6o5GvrbuTwVGUZHSBdhmRndRXbopW6jfDFpump,JEAN,4JmrLPuxBTYg2nArbcjkgSKKC69DgaNYM3dRHdPAa5Y2,pumpswap,1789936122,0.000002725,2987.97,2702,2702,0,2.54,39.47,109.22,0,0,3,5,29,37,74,89,,1.04,0.84,-0.68,0,1,1,1,,,,,,,,,,,
1791161840,5pnDvUUCfbDkks8s6ZAEmh81FVLeEuKGVZUMf2hopump,Simple,72FThEJLKZtc7HB92U64ARkEYaUAfJVPobKJrWAraTGF,pumpswap,1789939079,0.000003203,3102.97,2907,2907,0,14.88,81.23,205.61,0,0,4,8,43,59,151,152,,-1.43,-1.61,-0.47,0,0,1,1,,,,,,,,,,,
1791161842,7zMVHz2KnzuAot5p45CnSRqLJFckm3Y4egHJvMCqrYcN,Terminator,HafkqbV3J9KQBJF66A5G8GzMJp8fBAFLVPb282s3Ln3d,raydium,1789937213,0.000004562,6239.15,4562,4562,0,0,0,113.85,0,0,0,0,0,0,1,4,,,,-6.21,0,0,3,1,CPMM,,,,,,,,,,
1791161847,uNskMvAu6DCQQmPqwUiFm6TyxyaqviubSUkbmJgpump,worldwar,GdDLiDMfLjjtyaSTQdrDSHKb99oJipWKVDYVPaCr1imy,pumpswap,1789939165,0.000005596,4838.11,5321,5321,0,0,0,271.81,0,0,0,0,0,0,0,2,,,,-7.4,0,0,1,1,,,,,,,,,,,
1791161839,26d5rwV5emnGJSzr5CKpgq66LmYqqddk33ybUMioYLTU,BASKET,ConxgwZdqkiiFtbni9EaPd61DUQLd9cVWbZBQ9TB9AQ5,meteora,1789927750,0.00007526,23902.41,75265,75265,0,271.04,26452.94,33070.32,0,0,7,7,109,55,157,89,,-1.42,-40.04,-31.41,0,1,1,1,DYN2,,,,,,,,,,
1791161844,DftSHHaC4NV1Aew9WbAmtmYeFLdcjf8mfiDm2vNr3iZb,RSI,9zmrxMHyndgaYjerR2tuFQdswKbC46NgPwZuuYoSEA4t,raydium,1789938805,0.000009313,8861.63,9314,9314,6.83,6.83,178.45,956.16,2,0,2,0,4,5,13,19,0.31,0.31,3.07,3.91,0,2,1,1,CPMM,,,,,,,,,,
1791161847,wrRVeGUAh9GHVPQFAFHueL8SAXLbtvS46pFmjJsqRwY,RATE,AZnkLMDHMV2xLLeV4Xu1mYnX6yaP8hKLnSNck3S6bbYY,raydium,1789941704,0.000001708,2843.92,1709,1709,0,0,78.51,1792,0,0,0,0,0,10,3,58,,,-12.39,-77.75,0,1,2,1,CPMM,,,,,,,,,,
1791161839,3NZRsipTAuusbz9PdTEHX6faw8Lzr9D9jzFEoYsXJ1j1,BURP,2uZeWgA2ypYE3k9XTfxGigvhBxTxgMEcCz4ZdKNHbQvy,raydium,1789940637,0.000003478,5302.59,3479,3479,0,0,0,0.11,0,0,0,0,0,0,0,2,,,,-0.02,0,0,1,1,CPMM,,,,,,,,,,
1791161842,9VBh7iBb4XsMtFt6A5MmC13WpAf9qRwtVR82v9pUpump,$Tapout,G6U3DjbgbVXAV7bh7CJeoUeh95iRHE577KNpsBSjKijo,pumpswap,1789939803,0.000003718,3519.28,3531,3531,0,2.75,31.83,111.96,0,0,4,2,16,21,66,67,,-1.74,-2.54,-1.42,0,3,4,1,,,,,,,,,,,
1791161843,BJ9mPPkCqnMisMiv7JQW7MJ2fgDyjm9udmwHZuJ2YcTf,DOGE,CKdWdZ7bAWw84h5WKEpKkQmFFoqXQgn5YCP56vPhTiXq,pumpswap,1789939159,0.000003775,4028.77,3696,3696,0,0,0,7.06,0,0,0,0,0,0,0,1,,,,,0,1,1,1,,,,,,,,,,,
1791161839,36jkatzXHNjJGaE8qCbygu22Vatkf7L34bPvwf1txuv4,DIABLO,2FE4H49WPjkxYrma4obZR5FepHj3uxPbq7F782U9Ebm2,raydium,1789939860,0.00001219,9900.3,12191,12191,0,0,60,111.29,0,0,0,0,1,1,1,10,,,2.59,0.36,0,1,1,1,CPMM,,,,,,,,,,
1791161845,EqFG72Z35r8cAV8mKu3UK2L8NUTR1ZNyMr88E4BnwN8Q,ZEBRA,8WormohZAE1UHyEX65Y5njDzwgEiCPXskr5QhJRdk68d,pumpswap,1789939278,0.00001015,9520.87,9831,9831,0,0,541.03,1246.37,0,0,0,0,2,7,20,29,,,-7.78,-3.36,0,1,1,1,,,,,,,,,,,
1791161844,DkrUw74m1nC7QWXcHC81QpZSYBiUgWwde9LzPFGBQmv3,ALLIANCE,5WvxJ7B9dR4GXAv4VbE6By4pfnygQGzrfm6ubEDSai44,raydium,1789856511,0.00001163,3987.65,11640,11640,0,0,0,227.63,0,0,0,0,0,0,3,6,,,,-40.35,0,1,0,1,CPMM,,,,,,,,,,
1791161847,YuZU1EYaovxEHN2sA7oSy3SDNEZovEuUce9edtmSTNK,KURUMI,HP6iQsFkRu6NR88aQR9ZAgjRfjqAN8GDm7sPbqm5pjGj,raydium,1789939062,0.000009962,9276.78,9962,9962,26.92,45.14,1288.01,8190.11,0,1,1,4,12,15,43,87,-1.16,-1.18,-19.28,-23.9,0,0,2,1,CPMM,,,,,,,,,,
1791161840,5HZHzdeCtPUdzxz31W255uB6Umugu9kfe3bxbrya4DP2,ZCAT,9wCYQZBUL1CmXF1iHoBT2X82iTs47uR5obFmkekwBYDT,pumpswap,1789939564,0.000004108,4084.27,3705,3705,0,0,0.47,0.47,0,0,0,0,0,1,0,1,,,,,0,1,1,1,,,,,,,,,,,
1791161847,Wb33GwzjQLvvVhV2XB3YonQZQFM9zhXiU7AZB931Uts,INU,9BsfHGVT28SqDdj5KgQscV7kciu7992x9fFQQqRu5oWF,pumpswap,1789945332,0.000004533,4949.42,4396,4396,0,0,0,40.95,0,0,0,0,0,0,0,3,,,,-1.46,0,0,0,1,,,,,,,,,,,
1791161846,GYU4DrNqnBam2MPBuxxp86eqvY4wXdxKoPcXwN2X7AF2,🔺,5DcwsSAVcWdzAmE5EVNsZcWHLMssBymoCmw5KUM9ciuw,raydium,1789953255,0.000009033,9399.46,9034,9034,0,0.01,145.14,348.61,0,0,0,1,3,2,8,13,,,2.21,-3.63,0,0,1,1,CPMM,,,,,,,,,,
1791161843,B8WvjPmz1wJ9xPRKEkyWHFzPZoaqkKWCytgtFjhTpump,ZIRON,BEw6orDmhs55ySpyR7Rzn73qRUaMYkp1sXL7uNBqzgUJ,pumpswap,1789962192,0.000004529,4619.51,4380,4380,0,0,3.06,3.06,0,0,0,0,0,1,0,1,,,,,0,1,1,1,,,,,,,,,,,
1791161839,2Ecj4UJjegEcjCEPFMuXJprFUD8HMVphqTg2Qtm5pump,EZO,7Gu4CPCbiGwaqYFyYGhCtkvAd67abRm2ouD3kfYYW627,pumpswap,1789966725,0.000008376,6478.06,7967,7967,0,96.48,1340.04,9892.53,0,0,1,0,4,8,103,147,,-0.04,-2.77,-64.03,0,1,1,1,,,,,,,,,,,
1791161844,Cnfyns5wz7PJpnSr6x3Znmvpq7c9T5N9i5RshzppW3zT,STONKTOOLS,5BMtPuNzuuHLGVBuZS8Q4JHDu5Q63GhFbnGEenw8jCta,raydium,1789971536,0.000001641,2847.74,1641,1641,0,0,10.7,10.7,0,0,0,0,0,1,0,1,,,,,0,1,2,1,CPMM,,,,,,,,,,
1791161839,2c1weSacxYkxF5xAFSzdYQXoFp3XcjimXyaGSioTnpRs,POPEYE,5AVBevqXHqAfXCpy29dQGgAVCSxojG3pqw4juFqUAPb9,pumpswap,1789970802,0.00004151,18065.54,40032,40032,0,0,413.79,1582.37,0,0,0,0,0,6,5,20,,,-6.19,-10.02,0,0,1,1,,,,,,,,,,,
1791161845,FQVeKbsDekWZZCadPsoySud4dDeFsyt9fXKMXrbyvdDD,GO,6vNQyAEoT1aK6j9Tzr3HBPLj7vTyLyLwRcfHgvxXim61,raydium,1790019163,0.000007306,10603.4,7306,7306,0,0,0.08,174.81,0,0,0,0,0,2,2,16,,,-5.7,-14.95,0,1,1,1,CPMM,,,,,,,,,,
1791161841,6HU4CmRb15C2nQDx8Ld2f2W2wTdmog6aZiiXdrT5Pzi8,GROK,3NAxQ3UgevvpTLSTjT4e6PuzLrk8YoW6BsLhTYcU9XeG,raydium,1790016873,0.0001788,54933.72,178887,178887,50.66,436.94,10236.73,68317.05,0,1,7,13,82,73,388,351,-0.39,0.17,-3.62,-10.31,0,1,1,1,CPMM,,,,,,,,,,
1791161847,TqUWvYLQMTddRfkQQBjSzM1LTQQGHUnnmNNacGLSTNK,COPPERINU,CEj3iSTG1DhMjsbv6iBQ31KpjF42pvP6NQBHseQmvNBe,raydium,1790021096,0.00001020,9893.78,10203,10203,0,19.75,30.89,56.37,0,0,1,2,2,2,3,6,,-0.67,0.13,-0.02,0,0,1,1,CPMM,,,,,,,,,,
1791161839,2jjbtFBnsZNqgNR3N3LVbDtVCLKHK23w3MZzr4a5PooH,PENNY,GvBAfYih9cAw1vaJMmaWJtuFVs6W7ayHr3nK5cF3GhBk,raydium,1790020492,0.000004761,6228.18,4762,4762,0,0,28.22,324.19,0,0,0,0,0,2,1,8,,,-1.44,-15.19,0,0,1,1,CPMM,,,,,,,,,,
1791161846,H1L5hW33MEbfNu13991ZREJSZrPzor2KXPFQwtMZpump,RAGEBAIT,9FN3RTt7zfhd4yKhet4iixq24P3XFNx948fGkNfzjMnY,pumpswap,1790018501,0.00003138,15539.62,30586,30586,0,0,23.84,195.58,0,0,0,0,1,1,3,7,,,4.48,3.26,0,1,1,1,,,,,,,,,,,
1791161846,Hkg5ffPaEthdtTqucQxMDaS3B8ZJ9rag4GnV9SWJe43g,TARD,GG1nhmhY2qDKLP1abjjfLQuRssTYaEJmRCRjuxMG76nC,raydium,1789781240,0.00003989,24278.67,39898,39898,5,5,87.59,737928.22,1,0,1,0,8,1,46,43,-3.06,-3.06,-3.05,6.57,0,1,2,1,CPMM,,,,,,,,,,
1791161844,CzLTZppPdZtTjyq3WGpHLstoc3GLhu7zH5Zg6xUa6Gv5,COPX,51AhFzj1wHv8Em7dNpfarA1fKP9u4iBY5YNkFS1r2kRK,meteora,1790021425,85.18,44405.18,298133,298133,33.81,590.03,4439.2,12764.95,0,1,3,26,45,70,123,174,,-0.1,-0.14,-0.2,0,0,0,1,DLMM,,,,,,,,,,
1791161844,CbouD8khLcz1Y1QngvRtQufUimSRKpHkvGn6y1n8pump,UTILITY,9dyeuZaENy1TfKwkR4rV8mGZcAWWw4pkubyHBkUG85oZ,pumpswap,1790022917,0.000008179,7111.88,8011,8011,0,125.16,340.81,1066.29,0,0,0,1,10,20,30,63,,-3.81,-11.17,-23.48,0,1,1,1,,,,,,,,,,,
1791161846,GvFe6EjSXAP31EbkSAYpHgX9mcgTUZWHkTuDjRUUncWL,UNC,6viWAMHocDwDAbkvXUUCH1AgbKQh3rzQje55TBihjgUK,raydium,1790016002,0.000004472,5558.52,4472,4472,0,0,2.38,206.57,0,0,0,0,1,0,3,7,,,-0.71,-10.68,0,1,1,1,CPMM,,,,,,,,,,
1791161846,HhcfXbZ2rukoKx8oAH8rfkmzXbwvfdh6MMLZjneg4rWk,COPCAT,FDy48HT3x8xV27vwemC5VZjJwX2WBnCgKMJYuAnmoBdZ,raydium,1790021024,0.00007279,27730.73,72797,72797,0,278.03,3123.71,11373.54,0,1,3,9,27,45,77,148,,0.64,-8.81,-3.09,0,0,1,1,CPMM,,,,,,,,,,
1791161842,8QE5Euj5gUVnLL5MZx3AAZxS512mtbbhtqHkB7jfj9Xq,NASIR,F2Vy73Teue6X3gGph8mjFzPpDGSqmj6wEuJ7qWZ2f9Wk,raydium,1790020868,0.000003818,5817.04,3819,3819,0,0,3.27,3.44,0,0,0,0,1,0,1,3,,,0.6,0.34,0,0,2,1,CPMM,,,,,,,,,,
1791161845,GSdBJ6kgZyTqKSeW2SmLYMMDDC7WJEkL7xiY91N4STNK,INUPCS,GqAhgkriAdUCDLnpGiJ3M69PkAp3sjKGrz3b5BfVX8Pp,raydium,1789684934,0.00002036,12530.76,20366,20366,0,0,148.34,3832.05,0,0,0,0,1,9,18,43,,,-4.21,-33.73,0,2,1,1,CPMM,,,,,,,,,,
1791161840,5tYcEEKvN63RrzpomgF2jWMxJMHmr4Zo19RX1mXipump,LOOONGCAT,ATqdMJZ6epcdY76mWqR5fek1KifruRsWEJc4DtRYFNVV,pumpswap,1790025913,0.000003829,4538.76,3791,3791,0.2,0.2,7.58,154.61,0,1,0,1,2,8,9,15,-1.48,-1.48,-0.75,1.01,0,1,1,1,,,,,,,,,,,
1791161846,HUcEu35oz1yku1yLBSYRL1UyAnAh59ZCkAYPRe2xpump,ORACLE,AFZR4CSCkPug5iu2X94VU3HWDercXzFo88DPyeCFUvvU,pumpswap,1790024708,0.000003504,3809.71,3400,3400,0,0,17.79,33.82,0,0,0,0,4,8,17,20,,,-1.79,-0.96,0,1,1,1,,,,,,,,,,,
1791161846,HzaCANKGkhNcQGb1VWL8f4tHJYrCmaXrPWk9eHR7GYYX,SATOSHINU,9MRKwU9aqc8UZxEwW18xBdkJH2sX75Y5VNnCPgiGEMD7,raydium,1790028055,0.0001609,42790.53,160967,160967,39.24,6755.56,17988.01,33275.33,4,0,26,11,83,51,215,129,0.38,-28.91,-27.06,-13.48,0,0,1,1,CPMM,,,,,,,,,,
1791161843,BtisfPT2fYPVpUuPkVwNCBdUbSX6jcm4ML8D4bRNXWqf,CUMMIES,5rZWwdX1gg641JCDwD75E8PX4i6ZBnHzn2QGByVP8TtE,raydium,1790028187,0.000003177,5575.49,3178,3178,0,0,1.99,4.8,0,0,0,0,0,1,0,4,,,-0.16,0.18,0,1,1,1,CPMM,,,,,,,,,,
1791161846,HsryXB2BdWJuRXAY29hDcw2g4BPH57Q5nL1qu8kQpump,TRUTHS,Gja6S5zY1rywKXNRWsVWjDDT1wD4ECdXNEhUhqzfR631,pumpswap,1790028940,0.000004352,4174.71,4108,4108,0,0,13.09,16.48,0,0,0,0,0,1,1,2,,,-0.75,-2.5,0,1,1,1,,,,,,,,,,,
1791161845,EgrQxdckmSBEzKXzMD6PxjYdwsMcBpJjW8dx3RBWx4By,UAP,97iQDCZgrEyCjxynLmd6yKaBBg5UitdEzuY5rR2EpkCP,pumpswap,1790031416,0.00001754,10925.04,16737,16737,0,1.87,1.87,246.48,0,0,1,0,1,0,4,8,,-0.4,-0.4,-4.64,0,1,1,1,,,,,,,,,,,
1791161842,8TSUhXRhpEFtUVfDFAQdYCwgp2mEbs2jQk7tAYc1pump,HUSKY,3sAKhjvVFFMWFNhhLhgZztk6RomyR4EXMRMAPYULEpKJ,pumpswap,1790031623,0.000006394,5782.98,6163,6163,0,0,0,215.55,0,0,0,0,0,0,1,4,,,,2.89,0,0,1,1,,,,,,,,,,,
1791161843,BVdbH7PLTSQxBssqvWTxVDoA8qfsztdVtMsZQSS9CScZ,GHOSTCAT,9kf9wUh4Z8r49TD1utiat8obz9iWs12m38KeK1g5ADju,raydium,1790032204,0.00001290,12692.16,12909,12909,0,19.54,28.34,261.35,0,0,4,0,5,1,7,19,,0.13,-0.12,-5.94,0,0,1,1,CPMM,,,,,,,,,,
1791161839,2UxzjvPXQ6CeJhAhk95yHicD3FavprqkukXz1DJAKsRs,XCAT,YKvv57J4f2pxQdggSvnnWMp9wLdgA76pnyETNTEjiMr,raydium,1790026131,0.00001572,12507.18,15729,15729,0,0,510.16,2515.81,0,0,0,0,4,9,17,20,,,-4.06,24.8,0,1,2,1,CPMM,,,,,,,,,,
1791161845,EkEq6teGMFEwrs2pWNbCEgSqEoV4q8WLBg9k6SKcgvh,kirkinu,7r69UthQa8nZdiZMHCkSBFm6D9HLGMadLHmKk8zWqX5A,pumpswap,1790031028,0.000008720,7379.98,8412,8412,0,0,168.4,269.38,0,0,0,0,0,2,0,5,,,-3.54,-6.82,0,0,1,1,,,,,,,,,,,
1791161844,DfbhY8XtNc317jpSEJDQejLD83QUMHtBzyn9EjgSTWGW,BITCOINU,5DzXJzmTsrvmPZBEBjyeR2qJtH2tTrCiT7o55M5Uuzci,raydium,1790034852,0.000006892,8083.61,6892,6892,0,52.14,286.63,1830.67,0,0,2,0,7,15,47,51,,2.69,1.69,-2.38,0,1,1,1,CPMM,,,,,,,,,,
1791161842,9Vkx8JzfdARs59TFJvJbHALjgxSzvttja3kdCTb82HAX,JOLLYBOT,BHVajyjoMBkDY5d5rMJmAk7LYjbxtmxxsM8KSH4pBDVQ,raydium,1790032548,0.000006055,7700.35,6056,6056,0,0,1.89,119.69,0,0,0,0,1,0,2,2,,,0.09,-2.62,0,0,0,1,CPMM,,,,,,,,,,
1791161844,E28eQFoCPndfLUPnxYgEWHhbnEVqSpyNPgAacoAEpump,inu,FVc7EaaSg9a5BYz2y3nuemmjvfq2BRWXopjjocA1G593,pumpswap,1790037054,0.00006209,25925.76,60340,60340,64.69,173.4,3670.37,27831.65,0,1,1,8,17,38,135,141,-0.29,-3.42,-9.92,5.47,0,1,1,1,,,,,,,,,,,
1791161843,AVXPQqxd32ABAP5F7shHKNeWBpos9miktdH3uKqgXYJZ,suit,FrCvbU6p7CmvRxxuGca9t14Bu3LGk9wKFzJyZQHVjLrC,raydium,1790035877,0.0001687,39047.73,168729,168729,0,1458.35,11601.32,64720.18,0,0,6,15,90,97,400,417,,-7.79,-3.45,44.71,0,1,1,1,CPMM,,,,,,,,,,
1791161841,65d9zPGzAGDz5ia2V1iHTbtAFHQYd3WjSxmeVGp3UKqa,F-35,4328JUM9dukgcGittLVP6q31WUCzc33o1nXfRYrmU65x,raydium,1790017627,0.0001846,39767.95,184622,184622,46.3,1448.52,4197.81,20628.99,2,3,32,33,146,154,557,576,-0.07,-0.49,-2.54,-14.91,0,1,1,1,CPMM,,,,,,,,,,
1791161841,7ypCq2CJ4fnbtS3z2B1W1UT2he5E3u7Md6Gy1ri7uGrQ,ANT,3b2ys5YveWJ7D6SusGTESpUnmAUzNitHMNNftsmAmxST,raydium,1790045166,0.0002281,40711.72,228119,228119,109.81,1487.54,11816.28,33845.79,0,1,5,8,109,60,333,206,-1.2,-3.03,-9.05,-28.13,0,1,1,1,CPMM,,,,,,,,,,
1791161839,3ULoD6ffRdG3B5Dndm1cQh7VNATqoitqQ1EVoAwWQZWk,USDC,3qkKyoqTMN4tj17HGfTxRRppsZ8PxRxynGsguCG85kYp,pumpswap,1790051776,0.000003523,3571.38,3372,3372,0,0,5.27,5.27,0,0,0,0,1,1,1,1,,,-1.32,-1.32,0,1,1,1,,1791161924,0,0,0,0,1,1,1,1,100.0
1791161841,7PDAotcRRWUNUubyweQbUFaJ1hZb9iEbcpxPxN3dpump,KITTY ,7qRBf6Y64H87rPAz5knDQdVtJAvir891vXsuJxA9b4Tu,pumpswap,1790056148,0.000003050,3348.55,2944,2944,0,1.01,23.88,65.69,0,0,1,1,16,18,49,48,,0.01,-0.78,-0.12,0,1,1,1,,1791161924,0,0,1,1,9,14,24,35,100.0
1791161845,FmsfyLgCPkdxe7HkgbgWJrrknfsCawua9thgV9B8pump,ZLOOONG,BjNigikGjc1wZs9XHzaFnsTStFYXZjwgHpG6aH5tMJEg,pumpswap,1790058413,0.000002683,3043.46,2647,2647,0,0,0,4.23,0,0,0,0,0,0,1,2,,,,-0.68,0,1,1,1,,1791161924,0,0,0,0,0,0,1,2,100.0
1791161841,6TDZqZG39ELJasXLzPbZr97gz39gsyUUkRxZUSSKwkac,FLY,CvoBdBrHy6gtzfabCcjUvUPyxqCf5y7zh2ABYd2VtFNw,meteora,1790103202,0.00001150,11931.55,11499,11499,0,0,0,116.88,0,0,0,0,0,0,1,0,,,,,0,2,1,1,DYN2,1791161924,0,0,0,0,0,0,1,0,100.0
1791161843,AbbMu7BKCuYgXuYErQ6TqBdmnzjKnhr6pyJAeucupump,WHT ,AEPCU7DvKkcdEtMBndV3y2rLEuy93iHJZNzyJa6Mtv3a,pumpswap,1790103519,0.000003397,3834.73,3290,3290,0,0,0,13.91,0,0,0,0,0,0,0,2,,,,0.23,0,1,1,1,,1791161924,0,0,0,0,0,0,0,2,100.0
1791161845,FFaArmXLDhPxr6HboqLz1MxH9G47XKmc664RkHv9jjTZ,SEPTIM,W987YJNrGMHdbWV2Ga6MJmwwJeHc4eExkKrRdm6YCsD,raydium,1790096990,0.000008488,8156.07,8488,8488,0,0,181.89,688.88,0,0,0,0,0,2,0,13,,,-8.55,-27.13,0,1,2,1,CPMM,1791161924,0,0,0,0,0,2,0,13,100.0
1791161841,7XiFJgX4nkER8gTH1LXUX1VEBJrLRSZfFXuzDy8ccWGT,APECAT,6ndy4jRzFEpd7xDW9NGzXc8nt6tUTYwukiJUj8AWZgmY,raydium,1790104565,0.0003943,63598.51,394358,394358,0,93.34,4546.95,13926.64,0,0,2,4,29,25,88,98,,-0.17,-4.11,-11.37,0,1,1,1,CPMM,1791161924,0,2,2,3,21,15,65,46,100.0
1791161843,ARMbSB1MBRQrY6PNMao1HdQ431VafC6JRJCsGZ2Yv3iJ,ARM,H8v6Tm46g7AShbL3h1RsD3mUAiPuCizfABGAJTfQG2kR,raydium,1790107878,310.0092,52373.41,286758,286758,0,1677.46,3096.09,3271.45,0,0,5,0,9,9,12,16,,1.99,2.08,2.17,0,0,0,1,CLMM,1791161924,0,0,3,0,6,8,8,15,0.0
1791161844,DEuwDKst8JDNRcuRjth6Vhpk98FSZwenv1TZZvz1a8ua,SOL,74AUwSRphK5AzEiSDjqhgVAKPwz2zqgHYWqwjYAEubSB,raydium,1790100802,0.000008948,13131.78,8948,8948,0,0,0,102.2,0,0,0,0,0,0,2,3,,,,2.26,0,1,1,1,CPMM,1791161924,0,0,0,0,0,0,3,2,100.0
1791161845,FDaJxBqw1fDhwPQTn8XU3bKH8sXXRe8o5kzC3CdUAv7X,SWEEP,EzN9f2oGkMzkEJxdJtySURqvBd6Y8Ah2EoEXsbgutbc1,pumpswap,1790108522,0.000006225,6484.34,6027,6027,0,0,114,496.03,0,0,0,0,0,3,8,19,,,-5.13,-12.2,0,1,1,1,,1791161924,0,0,0,0,0,3,6,12,100.0
1791161839,3qKBLkTtxbzSovHiq7yKGqJJFifiNMRpEug17E7nETEW,UNIPCS,DW1Pccn2Xmabgnw9JEuJhagQuMEiwLJLJ1Fo7vz3mop3,raydium,1790108535,0.0001150,25674.19,115023,115023,0,0,0,87.29,0,0,0,0,0,0,3,2,,,,0.12,0,0,1,1,CPMM,1791161924,0,0,0,0,0,0,2,2,100.0
1791161839,2v6aBgHf3DxkDNk3uMXjq4rZxUqXxQ9yz78xzTq3pump,PROZAC,FAj3rx732GmVynkfF138KJL6PowZVZ4hyEfVur52NwoK,pumpswap,1790111066,0.000003046,3208.97,2963,2963,0,0,5.08,5.2,0,0,0,0,1,1,1,2,,,-0.32,-0.32,0,1,1,1,,1791161924,,,,,,,,,100.0
1791161841,7jjTerm7hjga8Q1VgHzEkbNGUy7qTZca3i3tBGcEpump,Uptober,9Uwr9TpdtZUHNCAdP2SLy43KVmecmgV45Zji5KgPUmr1,pumpswap,1790113158,0.000003450,3326.54,2977,2977,0,10.82,79.38,195.67,0,0,7,8,49,65,125,159,,-0.4,-2.44,-4.44,0,0,2,1,,1791161924,0,0,6,8,32,61,57,109,100.0
1791161845,GL9yitmUAbREY5MmFftvhpmF3ogU2RMkUPxRmBQ8pump,4D,GCEobvxHZ8Nk8q5dHjqeKk2LLuUKJHaYt4JPtxrZYunq,pumpswap,1790129030,0.000008055,6172.22,7550,7550,0,0,6.98,184.59,0,0,0,0,1,0,5,4,,,1.37,3.32,0,2,2,1,,1791161924,0,0,0,0,1,0,5,4,100.0
1791161839,3B72iCu6FXMqN1fk5EKrkDxT4Er6cDomoo6Ym23Ypump,BFC,BChHmBF3PwxecJddjk2DQcTc1eM8phUr324ntfyb9UnD,pumpswap,1790113096,0.00002797,13742.88,27577,27577,0,0,0,197.21,0,0,0,0,0,0,1,2,,,,-3.13,0,1,1,1,,1791161924,0,0,0,0,0,0,1,2,100.0
1791161845,EG4dCBXrQVcWQStLtkXbr5cecoPjqaLAeCBNG1ybfEXT,BADGER,EC7t9MuzhzA3Z4aFhVqHud9K4QvEB5srsjTr6DvLEtMP,raydium,1790050130,0.000004162,6097.65,4161,4161,0,0,124.68,173.74,0,0,0,0,0,1,1,1,,,-7.43,-7.43,0,0,1,1,CPMM,1791161924,0,0,0,0,1,0,1,1,100.0
1791161839,26j97ZBGjaEZNzqZ3eSqKqPLZwS45aYp5BobLRQVpump,MORE,5WSRXJYpEQkqdpAg9fsU4e1gVxNiGy11EnLp6pSeB2wY,pumpswap,1790102254,0.000004911,4967.78,4708,4708,0,0,0.28,25.91,0,0,0,0,3,0,6,3,,,0.79,-3.52,0,1,1,1,,1791161924,,,,,,,,,
1791161841,6i9FXZMb4u84Wisa81RKiDtJP5ToQ1jkxr3Evqzr1yhv,EMPLOYIM,J3nY7b6ZDM8hvrxj33fLEGQXP3mNZgKya3vJjquoD1DK,raydium,1790118624,0.0002635,53793.04,263568,263568,0,61.84,6323.16,12069.55,0,0,3,2,37,26,76,82,,0.47,37.21,6.58,0,1,1,1,CPMM,1791161924,0,0,1,3,17,15,36,35,100.0
1791161845,GCUvCs5nGtdmDrEaCuJPMH2Mf7Dv11YotTd4HNdaFF1t,SRI,2HyXNkqahx7AYrRoVyEWF276NbmS3y1UNrXU9h5f3C8L,raydium,1790119814,0.000006015,8073.06,6015,6015,0,0,369.63,2353.91,0,0,0,0,1,2,14,16,,,-2.06,2.79,0,1,1,1,CPMM,1791161924,0,0,0,0,1,2,13,15,100.0
1791161843,CUQScgAnRkE1pk1jHopaxaZy5k5ougCQ7bnKZojGVhV4,CHUNK,CErYuoyuNrxQPvFtidVmQJf6mEEWfkRKZSGY5wq4vLDV,pumpswap,1790200643,0.000002766,2882.17,2689,2689,0,0.12,0.13,0.23,0,0,0,1,0,2,0,3,,-0.51,0.71,0.71,0,2,1,1,,1791161924,0,0,0,1,0,2,0,3,100.0
1791161839,2Huhr8rHzgsiVF9zB9dBjECKwF4Le9TzBCoye4qGpump,ShinyHunters,EKUhZ1vYttKxrQtXpJgKjAzthwSQtvdYJhudW1qZD7ZT,pumpswap,1790140642,0.000003021,3256.97,2946,2946,0,0,0,38.76,0,0,0,0,0,0,1,6,,,,-0.8,0,1,1,1,,1791161924,0,0,0,0,0,0,1,5,100.0
1791161847,zYiF3rA8aWYUuDek3Z3po9NF4V5UDky5nji7Wr6pump,BillSmith,6PcxDv7eMhKehgvWPii8vRS1VTE9bJaBrgBYsc2c4baM,pumpswap,1790119358,0.00003285,15480.38,31683,31683,0,893.15,3353.71,45074.5,0,0,5,7,38,38,337,311,,-14.38,-22.55,44.59,0,0,2,1,,1791161924,0,0,5,7,28,34,184,182,100.0
1791161846,HqyTxEqk7qmLu2Gnx46eEZwQhzCf2yVqRompLaKYpump,STORMIE,GaK5yYzBuUdGF4jZeULounvLHLD65GLNu1G4cYSkE5e1,pumpswap,1790121580,0.00001298,8952.97,12395,12395,0,0,146.21,200.43,0,0,0,0,0,1,3,3,,,-2.11,-5.89,0,1,1,1,,1791161924,,,,,,,,,
1791161846,L2pnNX8eBbNLYYH2Sr3riBksJJSpauQueazTJ8epump,HACKA,7xtpGvFTzKLKtVvV1kVgTL2ZyvGyxa3gRtXh6uZojGit,pumpswap,1790123910,0.000003688,3913.56,3477,3477,0,0,0,0.71,0,0,0,0,0,0,0,2,,,,1.2,0,1,1,1,,1791161924,0,0,0,0,0,0,0,2,100.0
1791161847,c4AtfqMRbC9FuHtVEHDhCm453tytU9E34MXXrp6bLuf,BLUF,BJ6pFMwat4EG3UE6eSXY2Qtt8t74JAwioDE2T4WE233Y,pumpswap,1790178656,0.000008615,8001.28,8242,8242,0,1.05,23.51,339.53,0,0,1,1,5,12,17,31,,0.94,0.53,-7.71,0,1,1,1,,1791161924,1,0,1,3,3,10,10,26,100.0
1791161845,G2KB6Yvhs2ojSVtQ8AmCLAMR6wLxzAscS8nNERcYtUVD,LOOMI,8SrzuBHchAuBmfyWyi9wA38jSSCyJE5jfq7EckXaR3ah,raydium,1790118039,0.00001169,10944.61,11694,11694,0,19.57,399.41,5771.88,0,0,1,0,6,7,47,64,,-0.09,-4.96,-51.69,0,0,1,1,CPMM,1791161924,0,0,0,1,9,5,53,27,100.0
1791161840,4wYd4vPhzaUQs5vqUrEJ7CPtKg1qzXHhauERuh4MiNMB,based,FDfmFmtyvRhLsD1gFDZzFSnouSXZyDSki8GJtJvLER5y,pumpswap,1790125537,0.000004749,5406.81,4620,4620,0,4.8,42.03,77.07,0,0,5,2,12,12,25,38,,1.23,-1.29,-1.33,0,1,1,1,,1791161924,0,0,4,4,7,12,13,30,100.0
1791161844,DSadxxnHcSNGxceK42tzqjPsVzvfcwZrW4p1F7Levsmb,EARNY,CRkNCGdMpEcCxhnwbKPb8Bd1kSZmjp98ZgDi2HAei73T,raydium,1790116560,0.000003319,5311.34,3320,3320,0,0,3.56,7.72,0,0,0,0,0,1,0,2,,,0.33,0.33,0,0,1,1,CPMM,1791161924,0,0,0,0,1,0,2,0,100.0
1791161844,DF9oBsUXmzpLHD39Z2ep8A3FoajL9QhNL4ETfqz9pump,fomocard,CNFHMW6cr6LgzBnc9CmMX5JdiKYcWq2pd2zhRtxG3zuF,pumpswap,1790212292,0.000003042,3173.8,2930,2930,0,0,0,8.28,0,0,0,0,0,0,0,2,,,,0.38,0,1,1,1,,1791161924,0,0,0,0,0,0,0,2,100.0
1791161847,UpBBfyC75u3kxDGWmmmW2yauk9YY3CqZhdt1KUDkids,SHARTCOIN,82BHvVSeHgcGNtiH8fGTaYRsKbbjF53beAZp8LCATXsc,raydium,1790213669,0.0002365,223412.93,236520,236520,302.35,3650.77,11912.03,21849.35,0,1,14,7,46,43,119,106,-0.45,2.56,-6.72,-9.03,0,1,2,1,CPMM,1791161911,2,0,6,5,25,24,49,47,100.0
1791161843,AgdKBzjAnJsKeXZir8XZgqcRDALRw7jyTCDLFypK7X1Y,SSM6900,9snXwjzutswVE1eEyFjadX9h7nzinZtef3WTZtb5Q4K5,raydium,1790213745,0.000001362,2561.66,1362,1362,0,0,0,65.32,0,0,0,0,0,0,0,3,,,,-2,0,0,1,1,CPMM,1791161911,0,0,0,0,0,0,3,0,100.0
1791161839,3NuTHBjsuHRrphECkkCiyws7qT8hfVHd2BFdrMqYCMrp,CP,HHtHFMeUD4G8iuskypVWqpE87s8wr7hhD1hvuhG7Lfn9,raydium,1790050874,0.000004972,6399.76,4973,4973,0,0,0,43.76,0,0,0,0,0,0,3,9,,,,1.11,0,0,1,1,CPMM,1791161911,0,0,0,0,0,0,3,6,100.0
1791161846,GaJH2YnEL9Tez7WjWVus68yBm9pgibmaFB7jzp8FbFrU,MUSEINU,7jpH6Ljr1g5x3XUgvGYDZo4WnBg41riVwxNzyTAzcsjH,raydium,1790212713,0.000002405,4531.48,2406,2406,0,0,0,0.24,0,0,0,0,0,0,0,2,,,,,0,0,1,1,CPMM,1791161924,0,0,0,0,0,0,0,1,100.0
1791161845,FPiSWxP6he8Q4WWAgqNaW62rvxfxQzwmDBGwdkrsSTNK,FATPIKACHU,4dPWMNCL2Zqn8cwnti8ydsjbFTfUSnapGkSPz9bQUBfZ,raydium,1790209660,0.000004791,7452.41,4791,4791,0,0,14.96,201.8,0,0,0,0,0,2,1,5,,,-6.4,-12.6,0,0,1,1,CPMM,1791161911,0,0,0,0,2,0,5,1,100.0
1791161844,DCborDQ2RjUJrCSNPNq5wjv7F1xMX8idwMntK1K4KBnM,zen,zgd9RR1SoFK4z6s15xdmmjJdu3xEjydrcMCoaWYsoms,pumpswap,1790215446,0.000004760,4488.4,4558,4558,0,0,522.41,1264.79,0,0,0,0,2,4,17,20,,,-18.63,-17.5,0,1,1,1,,1791161911,0,0,0,1,2,3,13,13,100.0
1791161841,7GUnr7krtQhJwd6ASY2VUprd9t4c64zcgCsjdmZepump,NPC,BRjMA8UALNp3diTKHfdeAn5riQrYPoaYez7KhYWD4oEs,pumpswap,1790216955,0.0001132,40811.52,100139,100139,0,1544.42,7234.19,23045.63,0,0,21,8,110,60,328,234,,10.67,5.71,-10.38,0,1,1,1,,1791161911,1,3,21,9,52,55,165,194,100.0
1791161839,3FLbu39b1Az9WbFVND2vRZg5Ew8YV6E362AunaVKKPCw,LILY,5t9iGAXAUmEoowS8UYc22biM2zbBecLUxL8TngDrvZ79,raydium,1790213079,0.000004364,6384.13,4364,4364,0,0,0,6.7,0,0,0,0,0,0,0,2,,,,-0.34,0,0,1,1,CPMM,1791161911,0,0,0,0,0,0,0,2,100.0
1791161841,6TcFqnzyxFE6bZPqNL7MimUsvggheDQrjwKUhGUKJFXY,Rufo,Bzun9z1nwRr4pcDA51MGkA3YqzhB5TDonprxRBG7ALpe,pumpswap,1790218653,0.000007728,7002.21,7171,7171,0,176.44,176.44,474.54,0,0,0,1,0,1,2,16,,-4.94,-4.94,-11.6,0,0,0,1,,1791161911,0,0,0,1,0,1,2,12,100.0
1791161842,82ezhRLKdKwkSC9jkM3js1yf93VbmvLXNMPkBmompump,SI,3odkxoFB7KvujaRFoLbCQbbZv93R9njJr9KQTH5cKDKT,pumpswap,1790222862,0.00001578,11896.6,15403,15403,0,4.08,84.77,4700.58,0,0,0,1,10,24,73,95,,-0.14,-1,-3.68,0,1,1,1,,1791161911,0,0,0,3,7,20,47,72,100.0
1791161845,GAdFNQFpwfrvPfMYP8CPGi3AS1g6XNsqZE99w8CWeAmq,WAGE,EzHmrXzyBahyvyNE77W3ycjCMsUWkpNtJGjnPWNE8HLw,raydium,1790218760,0.000004269,5287.38,4198,4198,0,0,161.14,343.54,0,0,0,0,0,2,2,8,,,-5.45,-4.91,0,1,2,1,CPMM,1791161911,0,0,0,0,2,0,8,2,100.0
1791161839,3EDzSJKb4aAYYPt3nUHj8SELUMtMBWB8Lvnw2eb8pump,Double,6vRo11Ao6LssoLkJzu56Y4VeXDXY4F59WmH6fRyKhjYD,pumpswap,1790225138,0.000006350,6295.75,6193,6193,0,0,1.87,65.68,0,0,0,0,1,0,1,1,,,3.57,3.57,0,1,1,1,,1791161911,,,,,,,,,
1791161843,BDKC1AV3saXrN8jKnWB2TTQmDD6z8CFdY55ku7eAfunk,FUNKOS,Hhe2TY1dGPr7SdMJC2hTACq7dTxfr5f6BF3n2nWwkoce,pumpswap,1790225555,0.000005072,5396.24,4887,4887,0,0,31.67,492.05,0,0,0,0,0,4,9,17,,,-1.99,-1.97,0,1,1,1,,1791161911,0,0,0,0,0,4,7,16,100.0
1791161843,AirBM2cu9ECXxZFPMaT1KTad8GnZPYYnuuNon5udpump,MrPedo,796uXjsGQ8yNBkB3KvZxM5hMx4Du24nsNv1BLoPeSzZf,pumpswap,1790223786,0.000002690,2863.05,2626,2626,0,0,0,0.2,0,0,0,0,0,0,0,1,,,,,0,0,0,1,,1791161911,0,0,0,0,0,0,0,1,100.0
1791161839,3MPMS79faRVnM99tdHJFEwit6pRMeQQrWfmX32dmpump,POLAR,8TqyBEPyFRNg3khB2Gr2uvDdUp6FGRYevwe66Z5QE47R,pumpswap,1790227038,0.000005402,4773.97,5167,5167,0,0,225.29,1713.36,0,0,0,0,7,11,44,44,,,-4.91,1.94,0,0,1,1,,1791161911,0,0,0,0,5,10,21,29,100.0
1791161839,2r1QzuF3qG3Xq5NTNYG5XkPTsbUF3zWrdTs2JvGHpump,OTC,C3UvH3qX9x54cTgb95YNBt2gksX3t8jBF69MGD4tXGSs,pumpswap,1790232241,0.000003350,3490.32,3239,3239,0,0,0,688.56,0,0,0,0,0,0,5,5,,,,-3.8,0,0,2,1,,1791161911,0,0,0,0,0,0,3,4,100.0
1791161840,3uJhcxrYEAzf7epifwYwaGDH32F27nzKyRH4kHixpump,DESKS,EtvhcPGLMndbFVPpx31hb8sPV2bG8AmVHwNwWjs339HR,pumpswap,1790235974,0.000002970,3073.78,2854,2854,0,0,0,0.35,0,0,0,0,0,0,0,1,,,,,0,1,1,1,,1791161911,0,0,0,0,0,0,0,1,100.0
1791161843,B4pLeAps53ZmSJbCrRAaafxv4iRnDGNjQwZKLXYJX1zK,CUMINU,FFq2ccHvtYsCFwKKvGyuU653umGye6qxabw39LJxnpJ8,pumpswap,1790234630,0.000006903,6132.41,6721,6721,0,0,0.02,254.42,0,0,0,0,0,1,1,9,,,-0.46,-11.18,0,0,1,1,,1791161911,0,0,0,0,0,1,1,8,100.0
1791161842,9ni8ZTUidhLWyRF1Uch8BAEEVETMZxtcdupSGim4Mcrj,AH,FRAWy57fh5Wj8FLT3Y44112KY4CjpfDV6Etx6oLKC7D8,raydium,1790077244,0.000002114,1825.81,2114,2114,0,0,0,19.03,0,0,0,0,0,0,2,1,,,,-25.61,0,4,1,1,CPMM,1791161911,0,0,0,0,0,1,1,3,
1791161847,yFcTuQJCMsd1Asya15GZ7h4KGdxsujRLcUiTWWXpump,SDOG,CBnBZf7o1hZ2eAiqyCSVKTXrbNF8BLkuNeX65mPpd41C,pumpswap,1790239191,0.00009731,34252.91,92788,92788,3.81,2083.58,13714.46,119548.54,0,1,19,17,126,109,856,932,-1.22,1.24,-7.95,-45.08,0,0,2,1,,1791161911,0,0,18,25,98,92,413,492,100.0
1791161840,5kdbTqWKajFMwTc2Mg1EiAeFzndWN7bX79BykGhNpump,NERD,AyjfBXeEaoJ9kdp7J1ANDuuAYNSZMY71czLerbCZZ2Ra,pumpswap,1790239712,0.000003814,5133.76,3687,3687,0,0,0,4.66,0,0,0,0,0,0,1,1,,,,-1.28,0,1,1,1,,1791161911,0,0,0,0,0,0,1,1,100.0
1791161843,Ab9YZoVwwiMXi3GkPcNfgTir33ZPBdsr1FQmQUDBiShi,IshiGo,2WrUcBmKthFHUAR1cmnaa7XHowpZMbwU37rmmfnixUQr,pumpswap,1790241691,0.000005188,5101.24,5030,5030,0,0,18.54,59.62,0,0,0,0,0,1,0,13,,,0.66,0.17,0,1,1,1,,1791161911,,,,,,,,,100.0
1791161846,HQfciZiVsxbqW8DV6BaaDDyg1WU9k7V37KvFj5qTpump,miao,2yfGA7xgXGTDtW4TuQauk1fE1eJ2mXiZw6xNHzpn6UVh,pumpswap,1790240252,0.000002761,2995.8,2645,2645,0,0.46,39.61,81.43,0,0,0,1,20,32,55,64,,-0.14,-1.62,-2.45,0,1,1,1,,1791161911,0,0,0,1,12,30,28,46,100.0
1791161839,1gWWhs7qrd9sBHwppQdMU2h2fTnnyoCYCSuVjFBpump,DOGY,9jAaCVm6wcnGmqFNhmYEdzL9YCsJB6psK1iFNT68xziq,pumpswap,1790273862,0.000003876,3736.84,3705,3705,0,0,0,400.03,0,0,0,0,0,0,5,5,,,,4.16,0,0,2,1,,1791161911,0,0,0,0,0,0,5,5,100.0
1791161845,G59zeXWwXMw2bb6UJD1ceELXRhNkLXHkYrtBYBV5agnt,.agent,Ac9V1XvCdyF7oreiHhQjZDwT1zy8kGKnhAcwk2U3kAvC,pumpswap,1790244859,0.000004458,4574.56,4235,4235,0,0,0,22.5,0,0,0,0,0,0,0,4,,,,-0.58,0,1,1,1,,1791161911,0,0,0,0,0,0,0,4,100.0
1791161844,E5J8mxEGe8Xt15bo8giZ1uQVabf9sD79V1Wnajfperp,perppad,6dsND88mXMEaSf3UXwTmxV8U7p7UebiZN7gQA9UKMAat,pumpswap,1790325260,0.000002518,2531.49,2434,2434,0,0,26.3,26.3,0,0,0,0,0,2,0,2,,,-1.06,-1.06,0,1,1,1,,1791161911,0,0,0,0,0,2,0,2,100.0
1791161846,HMXe89qJWYDCH3VmN85JwvdDsW6v6GkJc7pobG4AnZct,JONKEY,6KR1iYuVYqRYWPYtLVs3WgPtQWZrMZtZN4aKuDXTsVmV,pumpswap,1790646516,0.000002731,2745.56,2624,2624,0,0.16,0.16,0.2,0,0,0,1,0,1,0,2,,1.01,1.01,1.01,0,1,1,1,,1791161911,0,0,0,1,0,1,0,2,100.0
1791161843,C2YdnuDjX1GF79j6Wyaaz4gZ6DXDELwQwbpocrfApump,SWARM,ESxMiAEtwAVuuw9kkZejfakBcRS7JcdkEct2MMe7gm7x,pumpswap,1790702292,0.000003152,3193.7,2984,2984,0,3.66,3.69,3.69,0,0,0,1,1,1,1,1,,-1.91,-1.91,-1.91,0,1,1,1,,1791161911,0,0,0,1,1,1,1,1,100.0
1791161843,A6ABDPoWvYSy5PC6a68G6eByXSu7mteqPkXCoEVGpump,aiswim,9oMRjoAzr6ydT85XzbzJYEY1MxxFgAFT2GtwT7yZy8wp,pumpswap,1791148365,0.000003207,3277.12,3090,3090,0,16.6,568048.15,568048.15,0,0,0,7,5110,5118,5110,5118,,-1.69,-93.47,-93.47,0,1,1,1,,1791161899,0,0,0,7,2139,2084,2139,2084,
1791161840,4od8z2TZG5zFHoQoKkJNHvnp7hRgzYxS7n6ZbAArpump,MINIPAD,6x9M26RzmjVyK6s3ji41NSvLy7cNFGcpp6Yq8ua1GUq,pumpswap,1791148607,0.000002992,2932.6,2846,2846,0.27,74.69,99515.13,99515.13,0,1,0,8,1376,1502,1376,1502,0.05,-5.88,-94.03,-94.03,0,1,1,1,,1791161899,0,2,0,8,734,897,734,897,100.0
1791161847,cWfS3PoFz6sr8Pu4MW3jeFSawXtfmCV1FTJ4ujqpump,DONALDPHIL,GLjVsYTMDc97aLL2SaxTvo59EDjXkrawUCA9D4sH8Yqu,pumpfun,1791148395,0.00004990,,49909.61,49909.61,0,0,10325.6,10325.6,0,0,0,0,6,0,6,0,,,1360,1360,0,1,1,1,,1791161899,0,0,0,0,6,0,6,0,
1791161845,EFGKcRHyLbcUv9hfSDd1m3oEdJcs8DBu9wYA13Qpump,MEGA,619z9egz8fYGGYTBYSvA3ZiCwnYjdvuVmZbv8c6Rec8c,pumpswap,1791147490,0.000002347,2428.69,2276,2276,0,0,259235.07,259235.07,0,0,0,0,8920,7228,8920,7228,,,-96,-96,0,1,1,1,,1791161899,0,0,0,0,6674,6663,6674,6663,100.0
1791161843,C2pRFgAhBHFoVyWG3pLW8v7yKFsDr6GR5grLpL9Y6Fxp,NU7,A9Y57JHYVAQXbRXUBDcKCbmzJDpsS8DP3p43vPWLsDBu,raydium,1791148118,0.000005567,7099.41,5567,5567,0,1789.17,251436.57,251436.57,0,0,25,25,2114,1981,2114,1981,,19.89,-86.57,-86.57,0,1,1,1,CPMM,1791161899,2,2,16,16,1012,1057,1012,1057,99.9999999748541
1791161840,4EC5d7pWdJfBxcqzMmnAmhUJwivP39fEn7ACSJAApump,swordbaton,Ho6JiVujaDEkqZ88FQFAYEVWfSXj2BAYX7BaJvAsYCuq,pumpswap,1791148428,0.000002500,2512.06,2415,2415,0,0,78280.99,78280.99,0,0,0,0,903,846,903,846,,,-95.02,-95.02,0,1,1,1,,1791161899,0,0,0,0,388,446,388,446,100.0
1791161846,HotWkBQTAsiXosYKyPmAR6jFN8xNm38UV2Fz1hmepump,JEANBULL,2ww31eFCVSJzbvcXpPo93dwFGvqc1JvgKaqjGLZnQaFX,pumpfun,1791147611,0.00004986,,49868.53,49868.53,0,0,10317.1,10317.1,0,0,0,0,6,0,6,0,,,1360,1360,0,1,1,1,,1791161899,0,0,0,0,6,0,6,0,
1791161842,8HVvyA6rx3ivrXBA2RL1gbHVFjrzyPLryYywddMGpump,ANYCHAIN,zhVoifXLCAzvbtJ5NYnsdfuaaRBXNHhJgfd6cZZym9c,pumpswap,1791148998,0.000009766,7005.3,8927,8927,0,1446.81,85810.43,85810.43,0,0,21,22,844,757,844,757,,-17.44,-80.47,-80.47,0,1,1,1,,1791161899,0,2,12,16,364,403,364,403,100.0
1791161842,8nPoBHiBM6pybxMws9PA2JRb9BjkppBfqcZGmot4DMBC,Human,FB2Dw7CBcc2D1hKyf21kXKexESQFvsBNTVDjaUoGMRws,pumpswap,1791146340,0.004140,239861.85,4027242,4027242,165819.24,7254595.43,13996393.28,13996393.28,559,452,20620,18152,60355,52314,60355,52314,9.3,684,8195,8195,0,1,1,1,,1791161899,58,62,5995,4997,14681,12181,14681,12181,100.0
1791161845,FA3YtURjye6H3EGCXGgXjCVjeggkRE4bURdvCK9Kpump,BEAT,75vZRiVki68fHjRkTeFy3JSg3LTGArmj2ouEzQ2Dzzt,pumpswap,1791144656,0.00006776,21952.21,65532,65532,0,0,5807.98,5807.98,0,0,0,0,98,84,98,84,,,36.37,36.37,30,1,2,1,,1791161899,0,0,0,0,93,80,93,80,100.0
1791161845,G939riCWgdnZyRSZwJm44nPr1SocioKcWH41w8JLpump,ShibaLisa,7Rabriepa5RaNfTMFhbngxG21xff2jZJG8Qh5rc3azz3,pumpfun,1791146372,0.00004974,,49749.37,49749.37,0,0,10292.44,10292.44,0,0,0,0,7,0,7,0,,,1364,1364,0,1,1,1,,1791161899,0,0,0,0,7,0,7,0,
1791161841,6HD1iyTY4ChvoFEKgQ2tV4rHavrpR1yJw9Kwyqtm7hmC,4CATS,CrzyhBWaSsYhfPWhHz9h7TBVAGpnHPMKkEnWiTsjBKVZ,pumpfun,1791143977,0.00002947,,29475.19,29475.19,190.44,3497.1,69219.14,69219.14,3,3,52,24,823,418,823,418,0.04,9.57,720,720,100,0,2,1,,1791161899,5,3,10,6,265,146,265,146,100.0
1791161840,4SzWdVbXC7JiAtY5rH5MGc8HJPFAv6sSG97QEsjSpump,Minds,5Sp2E7NFbLpkRtMUgo3BfXQGuHLGXrXdh8CXRtt3zCF5,pumpswap,1791058201,0.000008651,6913.99,8327,8327,217.96,1265.24,22011.67,316265.55,3,6,22,42,277,295,2744,2433,-6.32,-8.06,-77.56,-88.61,10,1,1,1,,1791161899,3,0,14,27,143,200,913,1005,100.0
1791161845,GYFLuEAZMDdpUsTmyGdHstuXQC3JB9ZqtZbfktpppump,SWAP,AgcjmdfxxoCJjnW5ZHQmJCoDqacEpeEQvbLpqpuBKne5,pumpswap,1791139152,0.0003069,51635.65,268731,268731,3567.28,57009.76,850540.21,968533.68,43,28,665,432,7778,4421,8056,4713,-0.15,13.96,386,514,30,1,1,1,,1791161899,51,34,571,385,4773,2664,4984,2784,100.0
1791161840,3rFkS11wPsqUtfFuqVJggsW9ypCnBjS339Yir2e5PpAs,MAYA,FrhWF5m8PqU2NYDHQyHFfy8L5QBsivSJo7zrqxKFc6bT,pumpswap,1791126943,0.00003047,15102.29,28884,28884,211.51,2755.29,70448.93,1651051.21,4,3,28,36,615,521,11219,9149,1.95,-12.62,-28.27,-39.25,10,1,1,1,,1791161899,5,1,17,33,257,337,4802,3965,100.0
1791161840,3sfF6VyrW9MJwWoFvYC51UK4pPp7P5H4wRPqqHTbpump,SHIBO,9SMtZ6zxsRXzUjQWmsrUbbGnMfuSoL4rhfqeF8yA9G8R,pumpswap,1791136189,0.0001451,33492.69,142065,142065,70.63,1808.61,143117.45,287469.58,2,3,48,51,1843,1027,3661,2007,-0.31,-3.54,-54.99,186,500,0,1,1,,1791161899,4,4,41,53,951,640,1729,987,100.0
1791161842,9BMxogSGKhqmSxekWzi7qJsWmNvcbdsn5N5vHd2Kpump,REICH,3NmEADNsEH7Pxfo7hs62wcywueSqYUZ3fzsy1VrbFcq1,pumpswap,1791133136,0.00001364,8983.18,13412,13412,0,279.5,46006.52,562255.58,0,0,6,23,450,440,4045,3469,,-4.63,-15.2,-73.04,50,0,1,1,,1791161899,1,1,5,23,236,291,1660,1584,100.0
1791161845,ELDVw599vxfDg97hwNTvfVShzq76RJpKsWjJ6QBbitKs,GIFTCAT,93B72GQAkrUYrYtoueTVJM8H4ghnnDuL8mFP5scfge7b,raydium,1791138066,0.00008470,26911.66,84701,84701,973,4164.62,21663,59592.17,6,2,22,11,135,102,335,278,3.31,10.71,-1.43,59.15,30,1,2,1,CPMM,1791161899,3,1,17,9,88,66,190,117,99.9999999976034
1791161842,9HDzByd64G4Y6sAhGF5R4FhCiwTbm6Yb1MJBzaMpump,Nike,6bRP2rikq79i11AjPRTuu1aTZoUpDtR9Cf7fn6nqdspi,pumpswap,1791148711,0.000002157,2170.01,2147,2147,0,0,62036.55,62036.55,0,0,0,0,3587,5129,3587,5129,,,-95.73,-95.73,0,0,0,1,,1791161899,0,0,0,0,174,756,174,756,100.0
1791161845,FVypzTM6pqjs8oS5vP1iqRYhi99EmQHVFPm631YqTqPt,NIGGAPUBES,91EmoF6r8MizEwLa2TPBUYY3pYPxXbqpE2BizA9wvAjw,meteoradbc,1791148671,0.00004343,,43436.01,43436.01,0,0,4065.94,4065.94,0,0,0,0,101,89,101,89,,,168,168,0,0,0,1,,1791161899,0,0,0,0,85,66,85,66,
1791161843,BLyFk1Wr6WYA8LhoTG7bRJpKLrLjyb7ZH89EVTFLpump,ShibaLisa,47rjXJQfh8EbNb5MetYhZAyYdp4Ev9BFjGY8qPyKq6Qy,pumpfun,1791148793,0.00003002,,30022.97,30022.97,0,0,464.15,464.15,0,0,0,0,42,35,42,35,,,779,779,0,0,0,1,,1791161899,0,0,0,0,5,5,5,5,100.0
1791161843,AAFmmwGhtW92qAzaSfPzSyJGyjmGBX6A4HW3rt5gCa4w,Aiden,Aw64cFHbUE6tjs7y4XL69M4LJrLUJzGvDPpz3jreiq8v,meteoradbc,1791148675,0.00006043,,60437.17,60437.17,0,0,6801.27,6801.27,0,0,0,0,251,229,251,229,,,35,35,0,0,0,1,,1791161899,0,0,0,0,146,125,146,125,
1791161842,8gH6d8ZKeYVW9iULDfVp2qaAqaDiRbXiPEJfSGbRUBnF,aiswim,FZmnnTE5zT6eGxsDPTJrDMXE5yNfYCCbjbFzZYPeZ8JN,meteoradbc,1791148571,0.00003628,,36282.57,36282.57,0,0,12699.98,12699.98,0,0,0,0,375,373,375,373,,,76.55,76.55,0,0,0,1,,1791161899,0,0,0,0,189,192,189,192,
1791161840,4ez1i1sr7zsfAL58J1FqCx5jeAbguoZE83yEzzeVevYx,BAGWORK,Fr3QzPKYabXScwQ9huobBJBKaPgntFYP41UgDg4U8GYq,meteoradbc,1791148779,0.00004865,,48657.07,48657.07,0,0,4469.74,4469.74,0,0,0,0,154,171,154,171,,,206,206,0,0,0,1,,1791161899,0,0,0,0,115,114,115,114,
1791161842,A1Ciq7NGoCdd3wYb5HQTcenE2wyMRKPpebKWGD3Bkdn4,NIGGAPUBES,3kJfdiDoTgAXDTWBRdL7xsgzCw4yEJyj5smu9Wu9FhnR,pumpswap,1791148239,0.00001017,7504.81,9952,9952,0,2332.91,567339.21,567339.21,0,0,19,27,5643,4849,5643,4849,,-14.35,-79.26,-79.26,0,0,0,1,,1791161899,0,0,19,27,2291,2114,2291,2114,100.0
1791161843,AqHnbuG4ujo4DqtN686GJujiRfBdpab97MYuGJ2dc4Bx,Muse AI,5fSvW5qKzmBnW3EbMxySqE5Jnu3g7cBsjDfaegnkvxx7,pumpswap,1791148023,0.000002194,2217.43,2183,2183,0,0,111740,111740,0,0,0,0,7490,7860,7490,7860,,,-95.64,-95.64,0,0,0,1,,1791161899,0,0,0,0,379,922,379,922,100.0
1791161846,RZ9oqn7BVmwGKAh1Nce7Mr9Zfbji8aY2xzEPPC2pump,Google,3DJP4BmS1K4B9y8rBFKQnAWxhsBPYw8dLnhXRXWyQD3M,pumpswap,1791147303,0.000002185,2207.74,2186,2186,0,0,122788.28,122788.28,0,0,0,0,10783,12724,10783,12724,,,-95.66,-95.66,0,0,0,1,,1791161899,0,0,0,0,421,2308,421,2308,100.0
1791161845,ErSUn1RPhFbKimSBgHyDC5CitUgT3SAeBJEnhU9bpump,Odyssey,4pjiCtqurf7TEbHFRMHLqnLRPUeSDS12hB3diBsEnyG2,pumpswap,1791147240,0.000002189,2217.78,2189,2189,0,0,146760.2,146760.2,0,0,0,0,10681,11550,10681,11550,,,-95.66,-95.66,0,0,0,1,,1791161911,0,0,0,0,476,2176,476,2176,100.0
1791161846,GaGoBQFrgCGo3VjkSVNfK4up5Pz3VGLECvvfxx4Wpump,SPAID,2VwLWKEK54vJLsxCJGAhZ3bQmPTZLiCoU8LKTBnSEgQE,pumpswap,1791148125,0.000002344,2416.29,2255,2255,0,0,239482.59,239482.59,0,0,0,0,964,913,964,913,,,-95.37,-95.37,0,0,0,1,,1791161911,0,0,0,0,386,374,386,374,100.0
1791161846,HW6mnfHambF4Hu3oT3PpmRXgeJS7GxDWgZv2XJzcpump,Network,ENZWyHt9va55ayFbahGZtxQcXRnq3CJWuGerkPoXSaTV,pumpswap,1791144989,0.00003888,17060.43,37286,37286,1075.27,20047.5,825470.05,825470.05,10,6,176,142,8322,7065,8322,7065,8.85,-1.36,-21.91,-21.91,0,1,1,1,,1791161911,4,1,113,100,3226,3061,3226,3061,100.0
1791161839,2YB13v6vJ1HTmuzbwujYsahAng1XPbjfT6kMNrFYpump,HIGGS,4gSpTkfUp3Xgg6oQ3QrmDdyRTBm8xvNm1NAUTVxx9D1s,pumpswap,1791149696,0.000002473,2676.44,2398,2398,0,0,663752.33,663752.33,0,0,0,0,7727,6706,7727,6706,,,-96.57,-96.57,0,1,1,1,,1791161886,0,0,0,0,5838,5825,5838,5825,100.0
1791161844,CwxDiMSjZM4h1vCNtqAoWJnUwVuRJrMxEZzTcM82pump,PERSONA,4CmJn6qQqzfUr7ZNzHJk9wpCxLUNXA6EaEcKA5zL5rKr,pumpswap,1791150192,0.000003300,3271.81,3149,3149,0.37,36.69,320528.54,320528.54,0,1,1,6,2769,2564,2769,2564,-0.38,-1.93,-93.4,-93.4,0,1,1,1,,1791161886,0,0,1,6,1231,1257,1231,1257,100.0
1791161841,6MnQ921sqsShymdoqPv2RfhL5g2Hk2hoqPvgpDGcpump,APP,5qLzXc47pYe7kudALpJmgkLptonQmikY5Hw7znSDPMLH,pumpfun,1791145878,0.00001755,,17558.86,17558.86,0,4703.28,60504.2,60504.2,0,0,24,22,380,275,380,275,,14.36,336,336,0,1,1,1,,1791161886,,,,,,,,,100.0
1791161841,72BNB9aZvqv9hokQoXRpkVe8eE48vxQ4wR6Wh3J1pump,trade/up,J9j9M3sGhmCmSJmtESD2KpNBmdTYhkV9uxeXmxY5fSCV,pumpswap,1791150066,0.000002442,2573.5,2381,2381,0,13.13,395980.48,395980.48,0,0,1,8,2957,2909,2957,2909,,2.82,-94.32,-94.32,0,1,1,1,,1791161886,,,,,,,,,100.0
1791161847,eyfwpQxwtUgC8Vmvk1daRxeLe3RTA9FrpK1HHrFpump,PLAGUE,FqycVQND5KbRMzQ9EgyUySZpoQp15p1oe5iDpTeEpu2y,pumpswap,1791155341,0.0001877,37935.77,181022,181022,240.3,12255.37,19454.55,19454.55,3,6,140,83,260,157,260,157,0.03,114,275,275,100,1,1,1,,1791161886,4,9,90,65,166,124,166,124,100.0
1791161846,H7wJ1wbbdu4ZCom6yegVaJxWBvdjLQ3NaNZbJsb8vAni,QUOTA,Guk46dqBvt4FtPEsAn53mogxdZhBJimugz9xhEUVDuiq,meteoradbc,1791141684,0.00007044,,70449.52,70449.52,0,0,17682.25,17682.25,0,0,0,0,280,23,280,23,,,1207,1207,0,1,1,1,,1791161886,0,0,0,0,187,20,187,20,
1791161847,zVLUGwyxRHJGLuJDPxjbkxMqzf4DMq1NUtRDnZjuGnJ,OpenSI,75pLvwUBMfmZ4ZLzGf771LvVGRzcwY7tZrUVqDs1LNdM,meteoradbc,1791150501,0.00004834,,48340.89,48340.89,0,0,3966.36,3966.36,0,0,0,0,137,157,137,157,,,204,204,0,0,0,1,,1791161886,0,0,0,0,113,113,113,113,
1791161842,9EWq2gnyQwPEQV3zFX5yjXGTqGSA2u8T3TuNjDJHYifF,Founder,HAFBf6c1Y3mMkTXHYuiwPmpiRdbL31SKpLnqAeUUWwA2,meteoradbc,1791150542,0.00003776,,37763.14,37763.14,0,0,4344.16,4344.16,0,0,0,0,144,141,144,141,,,134,134,0,0,0,1,,1791161886,0,0,0,0,94,107,94,107,
1791161839,2buqnbwC3ZDyofrFx54H6ZqTkmMyTnJ5QrT4Eg7oYa31,Human,3r9fSUXDtfU9Bi4PnBigufuo2WJRQFFmgofcRKhFNXu1,meteoradbc,1791150597,0.00005456,,54562.9,54562.9,0,0,3960.53,3960.53,0,0,0,0,170,163,170,163,,,5.97,5.97,0,0,0,1,,1791161886,0,0,0,0,147,114,147,114,
1791161843,B317XUjxBgTuBJAcqTFesqy4bDzKV23xCCXHfkPcRLfc,SHIBO,C3tsfoUF3Jnf1mTucdz3eD3pgKTw455yhZX7cWstoHpd,meteoradbc,1791150607,0.00006045,,60454.87,60454.87,0,0,3637.51,3637.51,0,0,0,0,143,123,143,123,,,35.16,35.16,0,0,0,1,,1791161886,0,0,0,0,115,86,115,86,
1791161842,9XKzy4KahcZaGJPJtz1PtqGPB3CiseoBrx7TcQhEpump,GOMO,5a7QurJLARt146JajJYPe5nh6vLyFpN2QrHUSLqbsCZy,pumpswap,1791150590,0.00005381,18951.88,46370,46370,509.22,8251.88,173946.81,173946.81,5,0,59,35,1111,990,1111,990,10.63,60.09,18.13,18.13,100,1,1,1,,1791161886,4,3,39,30,612,564,612,564,100.0
1791161846,HM96W5SAoGfUvP7aorB5BAQyjFRhjgFusoUFq5JboM33,SHARKTANK,Hd78uoWGxJ1rG2KYHQYZnpjnVEpmfy8MxTWjQY1zroZR,pumpswap,1791147296,0.000002793,2957.02,2661,2661,0,12.47,618011.15,618011.15,0,0,0,3,9951,7092,9951,7092,,-0.97,-94.41,-94.41,0,1,1,1,,1791161886,0,0,0,4,7097,4692,7097,4692,100.0
1791161842,8SS7uMySUej4a3sYbQRdNehUkk5D5YvBVcNWhcYupump,Bananaut,97VGz5f36jfRJ2deFbW735oyXtWQ6SvjSrxCqXcH5oCK,pumpswap,1791150198,0.000002364,2390.34,2272,2272,0,3.45,104004.01,104004.01,0,0,0,1,3828,1282,3828,1282,,-1.7,-95.18,-95.18,0,0,0,1,,1791161886,0,0,0,1,1749,945,1749,945,100.0
1791161846,LCkEB3XRniTjLStk8LBTPvvK6D8TFoPVucndKsNpump,Apple,HiGKhYR4EcvT5DqrEV9oMp8ziJKZGiNDXWwD94utwrcD,pumpswap,1791150113,0.000002175,2190.75,2175,2175,0,0,66661.23,66661.23,0,0,0,0,6830,7599,6830,7599,,,-95.69,-95.69,0,0,0,1,,1791161899,0,0,0,0,151,743,151,743,100.0
1791161846,HnQfszif8xKSkHu6Vvh6LrHKKfdCg1EJuVNGAaVXpump,AISWIM,CvM79iifbgnMb5tbpbq8UL7HQFLJ5NndTjnDporVv171,pumpswap,1791150498,0.000002628,2618.03,2629,2629,0,0,75027.47,75027.47,0,0,0,0,3174,1407,3174,1407,,,-94.74,-94.74,0,0,0,1,,1791161899,0,0,0,0,1665,963,1665,963,100.0
1791161839,3LrirvvVHhmr6eVFntZwARt7GBj7Tx2wyJUR215Nes8W,MONDO,HK4q65P22HaquUqGmWVwHAYMVbwXeLubGH1gyh8KoKK4,pumpswap,1791149308,0.0001529,81222.26,152976,152976,15106.58,165466.75,604304.13,604304.13,64,55,732,631,4610,2349,4610,2349,1.52,93.4,1361,1361,0,0,0,1,,1791161899,13,11,132,127,2164,139,2164,139,0.00000000110662955432026
1791161841,6bmC8NGLPhUK26neLjmYhdyTh8WQteuNK6rVDx35ncv5,xSI,3T55WGUyZG5zVQMENcQp11jZRfREA5jyW4fo7rMoxgdB,pumpswap,1791152267,0.000004849,4604.85,4252,4252,0,238.6,31908.73,31908.73,0,0,3,8,232,272,232,272,,-2.11,-92.32,-92.32,0,0,1,1,,1791161886,,,,,,,,,100.0
1791161840,4KjbJ4SUWVNXGAoN89s2QLVdZ6PtNvWFykp999Tfpump,Stickman,6Gs6t9J94PKnFp4G2EPEzjXCUiUPxGg8VCMUjLsSNDc4,pumpswap,1791152025,0.000003356,3286.2,3202,3202,0.96,162.94,307983.29,307983.29,0,2,1,23,2791,2664,2791,2664,-0.89,-11.61,-93.07,-93.07,0,0,1,1,,1791161886,0,2,1,22,1244,1295,1244,1295,100.0
1791161839,2rFNkrUaPdTFSCNu5KJoGL2Aiq7YZDE8DYZGZzAJCoKc,king,7GnXYByz4K5DXpvCGSr62TyYhtVHSvqzq5hCsa4W2yCX,pumpswap,1791152563,0.000009391,6832.12,8731,8731,75.29,4493.55,100503.69,100503.69,1,3,221,84,1992,1255,1992,1255,-1.51,-98.88,-81.34,-81.34,500,1,1,1,,1791161886,3,4,58,51,633,697,633,697,100.0
1791161846,HouYLe8wvj3Hp3Ayko242vi8xDYHpV9pqrNcQkZ9KRYV,BURNER,9QeX5Piu8VUTG2zWDaijKVwaRPkfRM56DptCraoubeYk,meteoradbc,1791132182,0.00001707,,15855.59,15855.59,28.96,1726.67,42956.93,69499.09,3,0,18,7,304,186,595,382,0.65,-15.5,43.93,425,0,1,1,1,,1791161886,3,0,12,6,156,143,324,279,
1791161843,C8ivuAd8xzEyf7aCKDXF4cD4oYsbamtvdNqiC1oNpump,BABYBATON,EdzPCPKCGFpBUbbbv4Tech8wa1pGf2oZpjASqGGZfrbg,pumpswap,1791153042,0.00001008,6990.01,9447,9447,123.33,3191.73,43405.59,43405.59,2,2,37,50,500,416,500,416,1.31,-40.18,-77.11,-77.11,0,0,1,1,,1791161886,,,,,,,,,100.0
1791161846,GbdUYiGiRxhr146N8d5hemgcscU8YUW8oYbKJhuApump,XFUN,GTVJzZc2PfPKSWWGw5LJPBpqaUDsTXux1Lw9xvXqZqiS,pumpswap,1791152088,0.000005669,5287.59,5583,5583,46.53,1064.72,1767532.29,1767532.29,60,3,579,57,11327,15100,11327,15100,-99.32,-5.94,-88.75,-88.75,500,1,1,1,,1791161886,2,1,25,43,4674,3825,4674,3825,
1791161845,EDGZJJi7UhkqTNLsSEamNVZBDTVXPKepzEGvwEUCYJGK,Caviar,5CxBjKdtzYsgKMDUdjhiFDQkkCDXvtaGAVFP3br6LjAr,pumpswap,1791149803,0.00001114,7682.36,10765,10765,2.07,1804.82,238049.3,238049.3,0,1,10,18,2304,1903,2304,1903,0.18,-19.24,-75.24,-75.24,0,0,1,1,,1791161886,,,,,,,,,
1791161847,WPQCYWEtt34y8LK8DKfnod47WrytYVWDYRfNNbmdYB8,SHIP,J2VvG2BvjdrgpW9BCmBG9UcmFx11pmuYEWgZVJQV9nyY,meteora,1790977091,0.00001763,9571.36,17637,17637,0,939.57,142262.72,142281.92,0,0,19,16,1881,1318,1881,1321,,1.56,780,778,0,1,1,1,DYN2,1791161886,2,0,15,15,822,681,822,684,58.2805635830229
1791161840,5wrbrVsmHYWvRY41bGFV9Ftk4CirpbnGX2bTg7mcH2sy,‮AROKIW,3Kkq5zDCmyyPiDNhSUgN6mxiHkce5Gjp1n6BYgbSKih5,meteoradbc,1791152374,0.0006095,,609575.56,609575.56,0,0,2196.44,2196.44,0,0,0,0,167,23,167,23,,,17.49,17.49,0,0,0,1,,1791161886,0,0,0,0,8,6,8,6,
1791161842,9tQTuogALPPz5FBzdYYPy84c1A3Fuzggvtb1UqZWR83D,BNBO,81uA3anLCNX88XVN6DDNeTeYowiWZc9iKVCisDBxX56D,meteoradbc,1791152276,0.00006076,,60768.78,60768.78,0,0,5189.26,5189.26,0,0,0,0,191,188,191,188,,,35.2,35.2,0,0,0,1,,1791161886,0,0,0,0,132,117,132,117,
1791161842,8M4gamWfcfPTuDcFgA83EVsMCW5UG6DDy5XLWfHQpump,$FERRARI,BWxEYEwmnB4Wsq2233jFypqLgSt8gsLJbTfFo458fT2,pumpfun,1791152363,0.00007477,,74778.51,74778.51,0,0,1716.37,1716.37,0,0,0,0,36,14,36,14,,,2077,2077,0,0,0,1,,1791161886,0,0,0,0,6,5,6,5,100.0
1791161842,8BQpRtmrQ6UxDHQuUWGNNRkb8jsqFoPmimuYzR6GzxQt,BNBO,EufVathb8LxRuiaS8aXywCMetabTAMsQRhqcCtYzxTvD,meteoradbc,1791152388,0.00006057,,60570.17,60570.17,0,0,4021.53,4021.53,0,0,0,0,156,155,156,155,,,34.76,34.76,0,0,0,1,,1791161886,0,0,0,0,116,103,116,103,
1791161845,Ec22aivh9SSMJVMQ2j7LQ25JoPri6pACGkaN769epump,PCNDL,8TZJtPYzJGabdSNBtXzAGyEoXZPtbWhCKzzEQKRyPZ43,pumpfun,1791152015,0.00005009,,50094.51,50094.51,0,0,10363.85,10363.85,0,0,0,0,6,0,6,0,,,434,434,0,0,0,1,,1791161886,0,0,0,0,6,0,6,0,
1791161846,Hz4XVSqPEsEe9aDM4DH9gBg7vyb9S87cZZ34Emp2pump,Coca-Cola,MUpgvCz7MKcXgfCLvfRW7SdnqtNGYduDuRLGyRsTGL5,pumpswap,1791150775,0.000002170,2207,2160,2160,0,0,212939.59,212939.59,0,0,0,1,11014,12096,11014,12096,,-1.71,-95.7,-95.7,0,0,0,1,,1791161886,0,0,0,1,467,2163,467,2163,100.0
1791161839,2imAkkGjbchanvnzB3p5AtPSUsLagE6E9g9VRR7dpump,Human,AKW6t4Q9BtMELvJfQujjWvcVvzqirk89xwR1fNi7KQQD,pumpswap,1791151700,0.000002161,2177.05,2161,2161,0,0,80577.81,80577.81,0,0,0,0,11686,22469,11686,22469,,,-95.73,-95.73,0,0,0,1,,1791161886,0,0,0,0,761,2245,761,2245,100.0
1791161845,FkzZbw4Nw76gygry6ena2QtXiXd5aVcHQsJAXoVot2fT,Yugi,6kZb5sUeLQj1ZSf6EnWZP68NbboVLyD6MAZCskFQ196G,pumpfun,1791153710,0.000005627,,5627.23,5627.23,1.96,2115.34,112826.21,112826.21,1,0,17,37,1355,1143,1355,1143,0.18,-38.66,-63.08,-63.08,0,0,1,1,,1791161874,1,2,13,36,754,702,754,702,100.0
1791161845,EvwGJQ3Xp3h8hgHrSwAhBgSy7QAAzh7XSeah5gjBpump,bracket,DLydQhvexbV93mowsKVWJSxK6jXiPWCeRnTn5uA9H1Sk,pumpswap,1791154140,0.00003709,15367.14,34267,34267,838.38,16364.62,115709.43,115709.43,7,8,163,111,862,766,862,766,-8.16,-4.03,-16.2,-16.2,0,1,1,1,,1791161874,,,,,,,,,100.0
1791161842,8GrmHmLBtMv63QePvZ8mFxEyjL1iv6QAqmp9YTL4pump,HIVE,B12LrwRoxSSJSE2c2RYe4HR5JJbJaCeoFFeEJA2wq7Np,pumpswap,1791152640,0.000002551,2761.56,2464,2464,0,43.05,830387.85,830387.85,0,0,14,17,12474,8784,12474,8784,,-2.12,-96.54,-96.54,30,1,2,1,,1791161874,0,0,3,6,5576,5552,5576,5552,100.0
1791161846,HbPDWSqu8hpVMX6gMjwMDGe5rVgicWo3Qh3Jaojypump,Frank,745ATaSSWxvry5qt1XVv9eXuG884hDvNJfvA2o82dNBi,pumpswap,1791152156,0.00007908,23979.34,75184,75184,4887.88,46806.28,147931,147931,64,60,602,513,1452,1343,1452,1343,-8.52,63.06,55.83,55.83,0,0,1,1,,1791161874,70,67,458,254,949,741,949,741,
1791161841,7HE2WmPoYE7uaA7DKh25N5cUwEcUoiyjwZU9ZeaQpump,pup,TkDnwe4TZETkX4gUzPj6k35dE9ryvuJVeBrhiqECxvn,pumpswap,1791152610,0.00004504,18034.59,43915,43915,2578.54,73917.29,761310.66,761310.66,20,33,785,541,6466,4952,6466,4952,25.76,-48.87,7.74,7.74,0,1,1,1,,1791161874,,,,,,,,,100.0
1791161844,CkYC13iy8CsrWXKz3zqhjoyLvGBH2zFFwQKrcrvApump,CHARLES,7FMstDyWNvDdG78m8mrGWVwc4MWMCuFybAe6nF1sZFpo,pumpswap,1791152177,0.00003397,14942.08,32046,32046,0,7912.89,93025.76,93025.76,0,0,63,50,804,750,804,750,,32.92,-31.15,-31.15,0,0,2,1,,1791161874,0,1,49,37,451,394,451,394,100.0
1791161842,8nKp4JkesNtDgu3PiSjdTdNSrtBt8YCHhW8BU14wpump,BATONROGUE,CGFDdPEpn1SfTJXDnRYb1BWS6aTAuWXBd4gCf1LddVt6,pumpswap,1791149814,0.0006967,78829.81,689559,689559,8484.75,110374.83,1354501.87,1354501.87,327,172,4030,2199,23458,8396,23458,8396,1.18,12.91,935,935,500,1,1,1,,1791161874,40,52,288,240,6897,2437,6897,2437,100.0
1791161840,5YQYeEqfMWDY8uCaTTfwMqKQPpJn1jMwf1XU6okqWzRR,SHIBLING,9qnQYmAbJNf7KsGTvTz1yPo83N6VrZkzQJ21cRocDddx,raydium,1791149450,0.0002356,46923.82,235629,235629,140.9,15436.06,723453.81,723453.81,3,3,85,45,1199,867,1199,867,1.28,70.12,1222,1222,100,1,2,1,CPMM,1791161874,2,8,24,41,535,674,535,674,
1791161847,mj84V4jxj6dtJMBNUhcxcZDJRZTixwBtsTnKFm3pump,SI,7KPxkrYRZTbcqX7QFe5Pq5Ri96zCJCztzgmg56URAWak,pumpfun,1791044796,0.00001715,,17155.72,17155.72,0,1542.5,41027.34,42739.01,0,0,14,17,295,224,305,226,,9.63,74.39,132,0,0,1,1,,1791161874,,,,,,,,,100.0
1791161847,bgzZngPG4bZTPRFjsyaVA12LMP64ZgFjdjjzHZ9qQNR,PSTR,JBn3psJ6PCDCp5t7e6NtJtjAYBBFtZoQsXFe7v6Y1JbX,raydium,1791153877,0.0004575,67731.37,457576,457576,6740.4,347676.87,3833688.63,3833688.63,49,34,1659,1306,14592,13589,14592,13589,-11.94,-45.33,803,803,0,0,1,1,CPMM,1791161874,69,68,792,884,5035,3997,5035,3997,100.0
1791161847,pCQKYqsagYV7fkpwWEbuUe5N15dGkdimWNQmYwbpump,Tesla,FaXBJY7H8DZAin1hJ2agmSozctRHViRfUnCaVyePvNp7,pumpswap,1791153882,0.000002161,2201.22,2152,2152,0,0.03,224243.57,224243.57,0,0,0,1,19164,20440,19164,20440,,-0.45,-95.73,-95.73,0,0,0,1,,1791161874,0,0,0,1,513,2203,513,2203,100.0
1791161845,EBtcUVLkzfPYsERy1dJwuYBMaz38uQ9nrrF662ifypNA,🚀,61UVPK6Mw8QjovJHUNVNVaMS4wiP8TfFibHZTtNRaLAw,meteoradbc,1791153889,0.00005485,,54859.48,54859.48,0,0,1946.49,1946.49,0,0,0,0,62,48,62,48,,,6.14,6.14,0,0,0,1,,1791161874,0,0,0,0,54,40,54,40,
1791161845,FjgLnMJYUR3eKi5HN1cqURCKDT3P9UdKW9cS4g4hMKkP,NO,AsPqebUK8kb7rZ8yHUuhzreJMbk5hMvUiMrK7eUmzpjB,meteoradbc,1791153775,0.00005898,,58982.11,58982.11,0,0,4655.34,4655.34,0,0,0,0,164,145,164,145,,,31.46,31.46,0,0,0,1,,1791161874,0,0,0,0,121,94,121,94,
1791161840,5nv89wwFitM1K54YHS6RxP5B4MQw6HSLXvCnG9NMpump,MRSKIBIDI,H37ggfEnmtSd2sCChCMXzs4KLG4y75PThs22Bs9ZG8DH,pumpswap,1791153912,0.000002395,2494.35,2332,2332,0,4.22,321578.37,321578.37,0,0,1,3,2145,1694,2145,1694,,-0.47,-95.3,-95.3,0,0,0,1,,1791161874,0,0,1,4,1596,894,1596,894,
1791161845,EHAwsJ3UYxdoFSLVn5gdo7poXcKgT5zbDzdoPB3epump,ROBOTELON,HhS1Ua8rTSMmLeF4aLHjQpJGvbkxPbBHmJrMG3r4gQpq,pumpswap,1791154664,0.000002336,2334.56,2227,2227,0,2.47,35311.24,35311.24,0,0,0,1,978,769,978,769,,-0.63,-95.38,-95.38,0,0,0,1,,1791161874,0,0,0,1,913,674,913,674,100.0
1791161846,HrE9zDmGnvXz4zXxZffg5dTiQhcb4WnG2w2RNd9Wpump,HOOKEDPEPE,5uTp6ZDjbEYJyBM5FBQC2XUeFiFKFs3n9ZFCFUG9tJGr,pumpswap,1791153416,0.000002602,2843.4,2526,2526,0,0,784355.08,784355.08,0,0,0,0,2954,2995,2954,2995,,,-94.81,-94.81,0,0,0,1,,1791161886,0,0,0,0,1012,1000,1012,1000,100.0
1791161845,EKx2pm6HQbkvwM5V8w1LevXTxBtjvUcaXMeK7WP56hS,HIGGS,2TSKUHmF9466AoCgTZ8syoBbNyez6tVvZkZ9WHfzbWa4,pumpswap,1791152554,0.000003129,0,312910,312910,0,0,17472274.53,17472274.53,0,0,0,0,16368,10607,16368,10607,,,238,238,0,0,0,1,,1791161886,0,0,318,49,4789,62,4789,62,0.000000000037025759049157
1791161843,AYHHpvAVf27Rv64PBPXHEJKg8MXaJ35vmsn8GV6wFigf,zDOG,A9aYRn45tHVBnXkhASb5AjkPgKxvdrqvreeZUsCm1rDh,raydium,1791155823,0.0001805,41494.74,180580,180580,12579.04,250335.75,943521.93,943521.93,98,97,2039,1542,8082,5930,8082,5930,12.82,-33.13,256,256,0,1,1,1,CPMM,1791161874,72,55,863,898,2299,2904,2299,2904,99.9999999747725
1791161841,7mv1ijAoQFf8YVCiit55NamECzYoRaGT2kuHSH6gpump,JOEkin,AtZdn4fc9p9X6suMfZn3Q9i4c4arRdh2UMFkUA9H1j1s,pumpswap,1791154715,0.00001149,10604.39,11042,11042,98.17,3654711.12,10718225.27,10718225.27,1,3,4917,5513,19623,18690,19623,18690,2.7,-99.01,-77.42,-77.42,0,1,1,1,,1791161874,2,4,2512,2874,5101,4561,5101,4561,100.0
1791161842,9BMbyUfW6g4ptTGqyZeLdKRMz9tM4ssSgUEKYK94hook,HOOKER,CpEJX4hDGhce57vfyzbZV3UougyS9GGw5rnNGRxW8Bao,pumpswap,1791154117,0.00004607,18733.93,43172,43172,867.4,66940.63,946164.92,946164.92,12,13,623,554,9003,7249,9003,7249,-5.29,-19.93,-3.33,-3.33,0,2,1,1,,1791161874,23,22,392,362,3136,2827,3136,2827,100.0
1791161845,FyEYwjLN73Pf3pDNE3Wf7wAxy8rSUg3hMKQxvAJ3NFoi,CODIE,6S2reZNrAkG5dEKQoeouo1NZbGJEKnYgbqspKjXt1oV4,pumpswap,1791155871,0.00004333,0,43334,43334,0,0,147970.54,147970.54,0,0,0,0,2637,588,2637,588,,,175,175,0,0,0,1,,1791161874,0,0,39,39,2063,53,2063,53,
1791161843,C4yNaNtExHTWRMYv37me5AEVoXWH4KP9UyoGuUmgkhuP,Human,6L4W6ouR1iSkMGrmASqsBt4xLQ6i4SKYTBU27ppUYee8,meteoradbc,1791155763,0.00005482,,54826.03,54826.03,0,0,8478.87,8478.87,0,0,0,0,248,307,248,307,,,6.25,6.25,0,0,0,1,,1791161874,0,0,0,0,162,157,162,157,
1791161840,59dv3aw6NMNKTXskt5BNqZUWnDTs2MkX2KYobBsgpump,AGENTCAST,43EMdiPiMonst54JdBouBYh3NH6GyyZAxDoTuBDak1UF,pumpswap,1791155832,0.000005354,4833.11,5139,5139,19.87,52442.93,468335.16,468335.16,2,3,516,608,5329,4358,5329,4358,0.33,-91,-88.82,-88.82,0,1,1,1,,1791161874,0,3,297,444,2060,1985,2060,1985,100.0
1791161841,7jXpuNLyxAfVWS5x4Za6bjqBwnrz22iR7aQCSeLLpump,AlterLife,61HBL2Z5N4sdgyRjYntxSG6KEB4sCybbbm9RwV55v93v,pumpswap,1791155394,0.000003510,3533.22,3428,3428,0.03,1112.7,648715.21,648715.21,0,1,16,33,5541,4948,5541,4948,-0.97,-12.08,-92.81,-92.81,0,0,0,1,,1791161874,1,1,14,38,2354,2131,2354,2131,100.0
1791161843,C2iYDs6d7dQEfFBwZT1X6CwgBwpS9PRJJL8LvP9Xcwku,Mr Beast,8QuACyGeJ4x5GyiaiXtCGDHoGN1BXqhHuVD8VuqwqeVo,pumpswap,1791154917,0.000002188,2200.37,2188,2188,0,0,74546.8,74546.8,0,0,0,0,9593,9723,9593,9723,,,-95.67,-95.67,0,0,0,1,,1791161874,0,0,0,0,355,903,355,903,100.0
1791161844,DLr9574RDCkc7wZAT5oZGVjH5adVFBahBszWQcPTpump,NVIDIA,A1QJQjM8YyYKnuBy68ugrbv9sEXw1gqWjTW9dhQ1Btq1,pumpswap,1791154540,0.000002188,2211.56,2188,2188,0,0,123569.79,123569.79,0,0,0,0,10576,12337,10576,12337,,,-95.67,-95.67,0,0,0,1,,1791161874,0,0,0,0,435,2327,435,2327,100.0
1791161839,28JnYDR8PsZRUKGX11XYKZpycSZC7nnJjQiy8WjP7E1c,ZERO,EtVAMvJYRfAK3BWaZuSpVVL5mhFQK4j7WcB4xYgbg2GX,meteoradbc,1791155214,0.00006084,,60841.79,60841.79,0,0,3177.41,3177.41,0,0,0,0,71,53,71,53,,,35.48,35.48,0,0,0,1,,1791161874,0,0,0,0,65,51,65,51,
1791161845,FPhhXuser8MLpvUDQGUtkEmX3n4LYNstGKsXSvfJiTcP,SWIPE,E6afRKFq65SSxKqnmazjjCpcx7CbVbMm1Mzary9DTHng,meteora,1791157555,0.00001447,2.51,14475,14475,0,0,123692.84,123692.84,0,0,0,0,844,649,844,649,,,40.07,40.07,0,0,0,1,DYN2,1791161861,0,0,149,59,500,90,500,90,
1791161843,BPFs8jWt5Kib3ojSnSNf3pY7Ng9Bc2ma7E4xxdGiY7AB,PSTR,8RDxqRx9Qwcs6aZ5DHzeyCDPSvbyzrgRDEe8WfMUoXsY,pumpswap,1791157507,0.00003748,0,37486,37486,0,426155.26,902094.74,902094.74,0,0,1067,944,3695,2137,3695,2137,,89.19,258,258,0,0,0,1,,1791161861,0,0,1014,60,1642,64,1642,64,0.00000000109556325877729
1791161846,HF6oiN5ZuEf1on2G72E9RAfJLoBNbvgqnT4GFi9BLtkq,SWIPE,2fyBuEAd85UozhcznGQSG2AvLsDBu5sgmu1R9Y8ZzHBr,pumpswap,1791157528,0.00001789,0,17893,17893,0,0,408629.99,408629.99,0,0,0,0,1249,806,1249,806,,,39.84,39.84,0,0,0,1,,1791161861,0,0,253,62,439,67,439,67,100.0
1791161842,8qbTt3Xd1mmQJU4Mwjm8TiAXCdugdVRsxDjH7aASroot,root,GxWmy2UEWGstgbFQeaG3i67TD45SFmbWERjVWep81qTE,pumpswap,1791157516,0.00001141,8084.63,11154,11154,180.57,116482.69,626769.51,626769.51,9,6,1118,1005,5096,4101,5096,4101,4.42,-82.37,-77.24,-77.24,0,1,1,1,,1791161874,3,8,632,821,2073,1815,2073,1815,100.0
1791161846,S4DwGRAM46cPxcadXDFUiRfLcVu4VJ2fypXvTvGmjtT,SWIPE,9aqFmK4rMXtmuuBe1WWc7D8tNjmLT11SRpMxa8QQs1Kb,pumpswap,1791157378,0.000002747,2798.82,2647,2647,3.35,208.85,315285.03,315285.03,0,2,8,30,3100,3034,3100,3034,-0.12,-12.49,-94.52,-94.52,0,0,0,1,,1791161874,0,2,6,35,1624,1594,1624,1594,100.0
1791161846,HLrg2of9eFMWnLZPzYvnpkXHGg25n3VZsy8J6FbPw9g5,McDonald's,6Xdns6M6gg1v27U5cDNApggomFzm682PVeZAapjh2VQw,pumpswap,1791157335,0.000002129,2145.62,2129,2129,0,0,73479.77,73479.77,0,0,0,0,5625,6639,5625,6639,,,-95.78,-95.78,0,0,0,1,,1791161874,0,0,336,878,371,902,371,902,100.0
1791161847,hVuj7cJZzweQ1RNXzKKFJA7ps2MbPKe1wLg2QPCpump,Mercedes,CQNgpYLzred818H8dzz1qDbDLb8YfFdx23z3c1rqfEAA,pumpswap,1791151566,0.000002185,2227.02,2174,2174,0,4.63,237462.89,237462.89,0,0,0,1,30074,30955,30074,30955,,-1.43,-95.67,-95.67,0,0,0,1,,1791161874,0,0,179,2111,472,2249,472,2249,100.0
1791161842,8GjRY2itRp2TpZXkrsqoGD6j2aSJ9CRYLpEcWuWKETw5,Spider,3UYjzzCptQP7Mu6hG2AnQMAZBRhR3qtZH7pEWUo7QkBW,meteora,1791157234,0.00009049,71.54,90495,90495,0,0,1382959.47,1382959.47,0,0,0,0,4817,2998,4817,2998,,,777,777,0,0,0,1,DYN2,1791161874,0,0,248,95,2115,110,2115,110,0.0
1791161839,3eQSKbRyeKfDkHXPLGBt4uP2fiBBL5tiyNd8hqDLpump,CLONE,Funb9MAjxbb52NWTPmGeLBtyNCMN3HE758YJiT59GHBA,pumpfun,1791154562,0.00002674,,26741.03,26741.03,2018.11,26302.18,71061.32,71061.32,19,16,302,182,703,502,703,502,-9.35,87.95,672,672,0,1,2,1,,1791161861,34,13,146,116,383,279,383,279,100.0
1791161844,CyChQHfYv6Cn8rP1myNFhdVCGq25Fcah6wzTkiu9pump,MEMEAGENCY,7cBNAJXqWjDuPHf1wWEMLcTLx1wbFqDeNnV2St2F3C6Q,pumpswap,1791109245,0.001139,99230.27,1119153,1119153,7986.77,125496.48,392406.98,892660.55,47,33,689,385,2899,1161,9479,3710,-7.05,72.75,160,1288,30,1,1,1,,1791161861,42,26,468,265,2221,735,7606,2743,100.0
1791161846,GszmgSqbt9huNYJfQtG1wbcqszKnmNkd6dxEJWrYpump,HIGCAT,GYfkSEA9XjnwWh3bD436uNvufpHtCr6wb6nHyqwd4xSx,pumpswap,1791158481,0.000002637,2703.96,2545,2545,2.95,291164.79,291164.79,291164.79,0,2,8357,7725,8357,7725,8357,7725,-0.16,-96.4,-96.4,-96.4,0,1,1,1,,1791161861,0,2,7354,7359,7354,7359,7354,7359,100.0
1791161847,fKZGW5c7kgVN8FbFKZohEnmUdUsrdimZ4BBHQYp2eEj,PLAGUE,Axz8cDfWox59WCmPf5i848yyUrZXmKmkJLMy5XU2dcED,raydium,1791144292,0.00003289,16886.85,32899,32899,551.84,5578.71,104804.43,104804.43,9,0,55,29,1055,825,1055,825,14.26,7.72,-39.27,-39.27,0,0,1,1,CPMM,1791161861,5,8,28,39,556,577,556,577,99.9999999635778
1791161840,5nkEwLHNagMERJWWuiaFsuRukLvauWkoVTRxZ5TNP4eL,SP,GFoqbauawKqFgMDu6xHbeqDLFPq46ped4LuY8p6GbpY5,raydium,1791156878,0.00003128,15477.37,31283,31283,240.63,1660.02,4881.66,4881.66,2,1,34,26,87,51,87,51,-4.86,-28.68,-31.88,-31.88,100,1,1,1,CPMM,1791161861,3,0,22,22,55,37,55,37,
1791161841,6o8QVhkARAchGLeNSfH82juqLzTYNLWzRDfVUi2FUmvM,Army,2FPoW8aAFrEmBk4ANd6Fi3h18aU63AR8dpBH9fJQRhwM,raydium,1791130222,0.0002616,50381.69,261631,261631,14291.97,97533.28,198286.7,911635.41,62,51,629,552,1670,1376,7352,5736,26.82,60.33,202,434,0,1,1,1,CPMM,1791161861,29,50,241,277,595,608,2209,2546,
1791161840,4CUPuLALWJsdv54oFjYiswfaAKhb49ozWDiapYq5pump,ch,JCHwaWVvZWszi73CY4yZK6UbXXDzYBYaEUpLFtk3MKWu,pumpfun,1791160152,0.00004442,,44427.57,44427.57,0,2745.12,2745.12,2745.12,0,0,17,5,17,5,17,5,,876,876,876,0,0,0,1,,1791161861,0,0,3,3,3,3,3,3,100.0
1791161840,5DFqWUvBo3MAHbvBoQRP2g7cS7i6jzBgNxUm7GRd7DP6,NODBOT,AKK4WeXakLExyjLfsZ1rFs8EVaURv2gQ4RCc3AC4pbF6,meteoradbc,1791160017,0.00004713,,47139.96,47139.96,0,9528.18,9528.18,9528.18,0,0,369,372,369,372,369,372,,193,193,193,0,0,0,1,,1791161861,0,0,193,194,193,194,193,194,
1791161843,AeVj71dXqiXiLS5co7wfeoXMLQmUwKUtDBAoiFsxFniJ,Human,BPBp4m2YMrF5bYS8ESyf1LFRZK5Hr9t9B4Xy2JJ7BMHA,meteoradbc,1791160053,0.00006025,,60251.08,60251.08,0,8352.8,8352.8,8352.8,0,0,325,332,325,332,325,332,,226,226,226,0,0,0,1,,1791161861,0,0,168,161,168,161,168,161,
1791161840,53r2PrS2sgL2THS4SG1gqYSKCGMaV8S9CvChfB6ebonk,Yrsc,4KSJQ61NfPjTGyPjYRSUDXHaCwP4Xy1g8e5hqQBrxztx,pumpswap,1791160184,0.1363,0,136345,136345,0,37579.1,37579.1,37579.1,0,0,186,47,186,47,186,47,,60.66,60.66,60.66,0,0,0,1,,1791161861,0,0,183,47,183,47,183,47,
1791161839,3dvRHZRcPm2EX2E9BV8LykMtZg1L6ozmLHuqZ9rndpxF,Human,4PopnLR6kNXA2HwNN34b8vsbFLVwoNNtSAHU8rksSY4e,meteoradbc,1791160152,0.00006028,,60284.76,60284.76,0,7373.7,7373.7,7373.7,0,0,289,267,289,267,289,267,,35.33,35.33,35.33,0,0,0,1,,1791161861,0,0,155,141,155,141,155,141,
1791161841,6QSsRH9AnvLSaUBVFjZuXpmwswdmmtKQbqMwGzouKJYC,SPORE,4Dq9haiXdyiEMH4GCqVFCNfG1Bjwj7unooiCEetC4wSh,meteoradbc,1791160123,0.00006045,,60457.18,60457.18,0,3014.57,3014.57,3014.57,0,0,69,49,69,49,69,49,,35.37,35.37,35.37,0,0,0,1,,1791161861,0,0,66,47,66,47,66,47,
1791161840,4VuabWCykAAnySkZsZXwwQTRKkQxfe5xZmGeLfN9cPXU,SI,DQ27kwGq8fHTSuVM4Tn2UDsjAtKP5W4LD9LUhE9qivD6,pumpswap,1791160167,0.00002281,0,22814,22814,36334.81,815639.24,815639.24,815639.24,189,128,3448,2165,3448,2165,3448,2165,-1.29,77.36,77.36,77.36,0,0,0,1,,1791161861,256,58,1199,67,1199,67,1199,67,
1791161844,CfPw8WouChtH7WegV8oYydCvJ1DnJbPZf9dQ7EpmpZ6Z,SI,6GP7SFehBJNiRv6ZwQTSouVrRwQ8yqo1FXuTeBvy9yhG,pumpswap,1791159608,0.00005289,19971.33,52896,52896,8964.42,543500.54,543500.54,543500.54,117,112,6034,5228,6034,5228,6034,5228,-8.42,5.68,5.68,5.68,0,0,0,1,,1791161861,116,156,2473,2096,2473,2096,2473,2096,100.0
1791161845,FHSa4DrR6gK9SsZzqjBXLyV5vH1gC5ND5G7MVF8qB4U,Agency,74RkDmAv5XXAf5kFP8y2xw9C9GnsXnNECLsuoU8A4JWu,pumpswap,1791158537,0.000002109,295664.09,210928,210928,858116.71,8944368.38,8944368.38,8944368.38,757,500,8677,5723,8677,5723,8677,5723,-0.11,137,137,137,0,0,0,1,,1791161861,281,49,2486,59,2486,59,2486,59,0.0000000000376630822540242
1791161841,75gGuxuqKhQQiHae8JKDQaetK3XguKf1rUJ1csispump,Attention+,2QGRoYSrgEEPNC3GESizBikCkdV7fqsT86StY4D8xNdn,pumpswap,1791103455,0.0007382,86372.86,711229,711229,124307.65,1028148.24,1138450.19,2489098.5,808,470,6025,4251,7048,5091,18934,14938,-11.42,691,2068,1383,0,1,1,1,,1791161861,620,482,2663,1844,3051,2197,6640,5538,100.0
1791161846,H6HtDYXzG8Q2hmNsU7d1MfKaTMq87odXummSNj8Rpump,nut,6ZTSKWDobV2jnyMmrf3vGqy1WZ62iZuQnnwycoZvSmuq,pumpswap,1791161092,0.0001080,28493.01,108047,108047,110554.44,797398.97,797398.97,797398.97,945,794,5027,4397,5027,4397,5027,4397,-55.05,230,230,230,0,0,1,1,,1791161861,,,,,,,,,100.0
1791161839,2w2K6Yxc5VqTGcrnrkGWETHsjjGEZ83T8TCYwmTBpump,HUMAN,G5CkyCqyWhwYtA36oCfJW1cK7DqYBcYM8k9tenhfn6sa,pumpswap,1791160844,0.0002423,44236.02,242378,242378,92260.49,389856.45,389856.45,389856.45,839,383,3966,1529,3966,1529,3966,1529,14.43,152,152,152,100,1,2,1,,1791161861,628,284,2631,916,2631,916,2631,916,100.0
1791161846,HMuSJ7L7CsrB6nvHZmWWTbzoGmpJ6rR92EgzJsqGkGTj,obel,HPrNRYAE9WD8wrYZpphtJFUdgiFJb1nfompwWJasGjr,pumpswap,1791160369,0.00004986,18775.45,49863,49863,22428.03,276511.39,276511.39,276511.39,196,130,2054,1746,2054,1746,2054,1746,-49.75,-0.28,-0.28,-0.28,0,1,1,1,,1791161861,178,142,919,762,919,762,919,762,100.0
1791161843,ASwn3kAd31pssKYVa6JAahE1xz7SeMVBWxEc7sRPpump,nomo,HKesGuLVX8s2kVNc3bpMrt7QnyqZ2KWHwciehRsW7A2q,pumpfun,1791160893,0.00003908,,39080.36,39080.36,36540.15,73762.36,73762.36,73762.36,447,313,808,633,808,633,808,633,224,936,936,936,0,1,1,1,,1791161861,95,58,321,235,321,235,321,235,100.0
1791161839,2trQcQbEiSsNCGhjUKZ7cNtcREgjFdGeTHndet2kpump,SIF,96yJma4gn885iUi61syLMdH5XjMTz1AGoxNHcBM5rAk7,pumpswap,1791158740,0.0001130,29844.23,111200,111200,35339.96,459877.72,459877.72,459877.72,683,99,6924,1138,6924,1138,6924,1138,17.53,50.63,50.63,50.63,0,1,1,1,,1791161861,499,67,5489,694,5489,694,5489,694,100.0
1791161839,3QEbHMK6ceYevtaCdLmBQMJgcPb9PJQpgyFBP6f6x6Rg,THICC,8UCus3tg3YUZMjsCsQg9icvQLrKpQXaKxAKCQ5icTkrB,meteoradbc,1791161518,0.00002975,,29757.23,29757.23,0,9998.87,9998.87,9998.87,0,0,55,5,55,5,55,5,,1074,1074,1074,0,0,0,1,,1791161861,46,5,46,5,46,5,46,5,
1791161844,DKh8LppYHPEiahEGFLaUCHQjMh72cVFdqmHvf5u3GZQ,Human,96phGe5cg4iRsfCCpp2atBvHsbcxdLMD2t9oj68YVFU6,pumpswap,1791159178,0.0002449,336350.69,244964,244964,1274412.47,5455377.99,5455377.99,5455377.99,954,749,5975,3617,5975,3617,5975,3617,12.13,126,126,126,0,0,0,1,,1791161861,287,49,2245,54,2245,54,2245,54,0.00000000034361653427228
1791161840,64PMuJbACATt7xfwaK4Cy4CPZvjhTKHjPUSPsDGkpump,FOMO,5uDovMQ1gvS5Aitmx5JvxNFh34qm8d3pyfa6AGd51T78,pumpswap,1791160554,0.0009868,89766.9,986812,986812,7972.85,56436.41,56436.41,56436.41,1320,1258,6245,5951,6245,5951,6245,5951,18.94,1864,1864,1864,0,0,0,1,,1791161861,320,275,427,396,427,396,427,396,100.0
1791161843,BJo735tuk4F8uRRxjsSENXSMPFeY4i6Gi3FpF5NWREsG,DUVAL,Hpw5cfDYjEDA5YEbwuoEHeH4SMtx3FtqCYdLKPT2B5Yh,pumpswap,1791160693,0.00009257,26276.09,92572,92572,28933.67,166995.85,166995.85,166995.85,312,197,1631,1267,1631,1267,1631,1267,-5.89,88.88,88.88,88.88,0,0,0,1,,1791161861,386,264,911,667,911,667,911,667,100.0
1791161847,vhotSMmb16XZ86WiJu9et6Q3w2Y8GkfgftUkLALpump,Hermès,13djSJeDNfPubMNDGR6SJbNnprYL8ynUMGaYnto98Aig,pumpswap,1791160855,0.0007473,77795.27,747193,747193,3718.34,33415.68,33415.68,33415.68,1486,1435,4914,4769,4914,4769,4914,4769,14.31,1386,1386,1386,0,0,0,1,,1791161861,301,232,449,329,449,329,449,329,100.0
1791161842,8YBvRtowFQefAoH6TJPbnn1KFLxk5gsPQqKrbZWAJGtP,Human,Fz4nyhfTNRZtGpt2jGRppLUiXpoq9twiknTNqQuYpQFm,pumpswap,1791158882,0.0001101,189319.82,110192,110192,847839.97,6942142.22,6942142.22,6942142.22,482,409,4073,3317,4073,3317,4073,3317,-1.4,61.91,61.91,61.91,0,0,0,1,,1791161861,116,29,740,36,740,36,740,36,0.000000000430665446822985
