ts,token,sembol,pair,dex,pair_olusma,fiyat,liq,fdv,mcap,vol_m5,vol_h1,vol_h6,vol_h24,al_m5,sat_m5,al_h1,sat_h1,al_h6,sat_h6,al_h24,sat_h24,deg_m5,deg_h1,deg_h6,deg_h24,boost,n_web,n_sosyal,n_pair,etiket,gt_ts,alici_m5,satici_m5,alici_h1,satici_h1,alici_h6,satici_h6,alici_h24,satici_h24,kilitli_liq
1790518781,Enhuu882mnhTtM7bGwAUG5GzgdDUcyjtL2uqQTxgpump,GETSTONKED,suQHMZZNrzxRJWQtUcSSRkwNYLhL3MmvCwnmVqopTqv,pumpswap,1789134966,0.00001079,8660.56,10428,10428,0,1.05,345.65,1041.94,0,0,0,3,14,17,49,37,,-1.17,-0.39,22.36,0,2,1,1,,,,,,,,,,,
1790518780,CygfJt67TZBEqJnib8RfSoAgrf1v15ooJNFCFZt8pump,ORCAT,8YebdxK9SPVyBcaMTSG7b364DZGnrQHMVPjuYfwZcF9N,pumpswap,1789132573,0.000002546,2678.29,2517,2517,0,0.92,0.92,60.81,0,0,0,1,0,1,22,82,,0.77,0.77,-2.14,0,1,1,1,,,,,,,,,,,
1790518781,EWgq2xUb6eVCApeQombkPxd6uFjM8j9zRUXFS9MjKTiv,CTO,3364H2G3Kt536qgfV4az9HhN42i4owXGpcs4LuenHCBA,pumpswap,1788959412,0.0001797,42803.27,155608,155608,9.69,1061.82,5812.18,42031.11,1,0,8,19,47,55,313,329,0.5,4.5,36.57,13.35,0,2,1,1,,,,,,,,,,,
1790518778,7pBPhnFP39W8WF7Wo5QPDvDR9avQ1me8QAUHqStHapzh,BAG,9o6sjTyk4MHsTM5BVUvnmPnqTK1rqrAvbArEx2mtatZD,raydium,1789214175,0.00001249,9756.92,12493,12493,35.94,752.39,1238.26,4400.37,0,1,2,5,5,7,50,50,-1.33,-28.4,-28.88,-40.28,0,0,1,1,CPMM,,,,,,,,,,
1790518782,HVVAKKU6QBq5WjaDhwXmxdBshH7w9d5nXcsuzV1KC6x7,STONKHOUSE,TMjyYk94wPVek8tnqrnBVT7sY8BQY4tr4AvQKWVG4Pc,raydium,1789228598,0.000006183,6648.54,6183,6183,0,0.02,75,1012.73,0,0,1,0,3,3,17,13,,-9.37,-8.7,0.8,0,1,2,1,CPMM,,,,,,,,,,
1790518778,8skPCDzmBRZh29Fq3o4wSfoWob8EAUcutTyjVPQTcF8c,METTY,9BVk5Hv2GyKnLECUK5qJ9dxTd8cvRj3uKiQTRpJitw8S,meteora,1788995185,0.000006739,10526.51,6694,6694,0,0,0,436.83,0,0,0,0,0,0,3,2,,,,-0.31,0,0,1,1,DYN2,,,,,,,,,,
1790518777,3nqHijNUExsnjNBb15WJsJ2xisyMVGN6FK4aUgZk1Rwj,TACZ,HXMUEuh1h9NvZodH9yRVwv2PRegC9w3kw8biM9pxFzXH,raydium,1789222622,0.0006433,61558.82,643335,643335,0,54.56,2758.45,76001.58,0,0,3,1,42,5,250,139,,3.79,-4.89,100,0,0,1,1,CPMM,,,,,,,,,,
1790518782,H22aquDouZNFyfykwnXmY5Y9z5sMQtLFy5tUKR99pump,NINA,FNFAKndFFyNzJ9o6VwVBtXXQHVUGVMAwRRoXCgB4Dk1y,pumpswap,1789315712,0.00001070,10369.75,10546,10546,34.03,82.45,580.14,6182.03,1,1,1,4,21,22,96,73,-0.59,-2.71,-9.12,-0.28,0,0,3,1,,,,,,,,,,,
1790518778,9GPG5ifxoBXQroVTHmGanxmFGxYDTFPZqKunGueKpump,BATONIUS,8gyEQkyS7nVmUEhwBfDppe1dnCyMKgtQXE6ohZFVCCa7,pumpswap,1789313618,0.000002819,3281.33,2798,2798,1.29,1.29,1.29,11.67,0,1,0,1,0,1,5,15,1.88,1.88,1.88,0.96,0,1,2,1,,,,,,,,,,,
1790518779,BosyFTqp53JPNPPqCru8eybW67CazCwj1B7YFBw5EnkZ,BURN,DvHvButsjfzNex1ptUo3HEKZ55BDTp15gaaDE631ZH5V,raydium,1789314216,0.000007066,7617.54,7067,7067,0,100.36,100.36,336.67,0,1,0,2,0,2,9,2,1.34,-6.67,-6.67,6.25,0,1,1,1,CPMM,,,,,,,,,,
1790518777,3Sv4Jriwo2V7c1wturGVrrpfKc9XbGxewnDHpMLrpbWQ,INDEX,2ERrusBSySAXcfnEp4CBoLE4b2ZSiRVJd55Yz9im2yg4,raydium,1789313762,0.00001455,12875.86,14551,14551,0,208.3,224.33,1562.8,0,0,1,1,1,2,10,19,,-4.94,-3.37,-20.07,0,1,1,1,CLMM,,,,,,,,,,
1790518779,BeXQ21cHNExQTbTbm6Fd2Mnsy4nAw3N3r7WNWTFfpump,batonguy,CZ3RCuQfxB7WPG7j9wtyptDh3CSHnRQtAaHiM75hAjdQ,pumpswap,1789311795,0.000002756,3284.21,2729,2729,0,2.1,2.1,7.86,0,0,0,1,0,1,1,8,,1.29,1.29,1.03,0,1,1,1,,,,,,,,,,,
1790518778,9GS2EQgob5iVFSLJmAJCLywRJyUDQM2SwM6z4ad1C879,GPU,3kxK94s3CN4TtbZfBVQCvnieuxsj1DRfinLRgRPD9Mpm,raydium,1789316041,0.000008591,8597.9,8592,8592,0,0,167.64,195.22,0,0,0,0,1,2,3,6,,,-7.15,-7.45,0,1,1,1,CPMM,,,,,,,,,,
1790518777,5KGs4UpLsbEfHCXEDGWNcYb3WsLUvcBJSGzoTTvkpump,SAILOR,6U9HJU24RZxixDsWR2aUAYUiZM757r6xvYNUGNodSs9v,pumpswap,1789392608,0.000002691,2883.4,2666,2666,0,0,0,43.33,0,0,0,0,0,0,28,72,,,,-0.02,0,1,1,1,,,,,,,,,,,
1790518778,949GyLDTUZkbEGmoYz72HN5LodDB6UTmgpJ3N73CQ9Fg,OK,GtheZoNGFWEKuNSZCSrYW1duZFmReCcEvq6B8xQ2EMeP,raydium,1789399928,0.000002954,4769.93,2955,2955,0,0,0,0.77,0,0,0,0,0,0,0,2,,,,-0.26,0,0,1,1,CPMM,,,,,,,,,,
1790518779,BtztXcvPVArvPAeGV6D3fQDZYdXj5qZHBnsjwJm3pump,YENA,9r64D9kE61XwpsxF2mwoZuRALmUs15pbyogNQwekRv3Y,pumpswap,1788989141,0.00003378,15015.99,32231,32231,0,96.55,221.46,2066.69,0,0,0,1,0,2,8,12,,-3.5,-4.26,24.12,0,0,1,1,,,,,,,,,,,
1790518779,AptWzTF91iN3p7ryYn2VYLods6rJx7YhDv8iNsm8pump,PFA,FmdPRGcrcBigESofwDbQ3RTEaTEjbr5CMdfg7SnhYHNo,pumpswap,1789487415,0.000003450,3296.79,3341,3341,0,0,0,0.16,0,0,0,0,0,0,0,1,,,,,0,1,3,1,,,,,,,,,,,
1790518777,536Y2Cf53iJ64N8JsQHnVPkCTPoXLhAHx5dCRX7XW7fM,SME,95yx64LVVBaahpwa14N9jVYyTRKXGGMSYA3Ve5zuastP,meteora,1789486161,0.00001161,11944.42,11585,11585,21.54,351.84,672.89,10126.74,0,1,2,6,6,11,95,102,-0.09,-2.33,-11.57,-59.37,0,1,1,1,DYN2,,,,,,,,,,
1790518780,CvegBNDMn69RfvXgM6rEVKbuoeWP7pGHjUD6bsGDSwPd,WILL,6hDF7a9VigajdYDe4eqX8CZcZKLBZcLQWxCfAtHCHUbY,raydium,1789484841,0.000005173,5967.36,5173,5173,0,0,0,184.24,0,0,0,0,0,0,0,5,,,,2.45,0,0,0,1,CPMM,,,,,,,,,,
1790518777,4HUVobGSUsUr7eVhpb6gzyj39wTMvXfuebHRXr9epump,Arc,DTHKsLHxGfSKy8ZMdQFzkkF6y5fcXWw3jAne1yakh6mM,pumpswap,1789503641,0.000006987,5635.48,6728,6728,0,0,1.31,22.47,0,0,0,0,0,1,0,3,,,1.24,1.24,0,0,0,1,,,,,,,,,,,
1790518778,6R44MgLEvsB6yskz1Ugfsx7fZpjpSKXM4fnrkfYUpump,inu,DqnGt7n4sc9gTExwyDfCGDXwg2nksgy7V1PDENqNQKkz,pumpswap,1789675060,0.000002942,3038.62,2794,2794,0,0,2.81,91.18,0,0,0,0,0,5,0,8,,,2.36,-4.51,0,1,1,1,,,,,,,,,,,
1790518778,8gMWXHfSwBRSLc2wKtLv24JYboCAsKaEqfC5cXLeZJXL,ZILLIONS,82BhSZXxSXBKsAmyHJ5NxkCd6JrSUBrmPsxYgu7Byvns,raydium,1789676194,0.00002320,14519.15,23202,23202,0,59.84,114.9,10953.87,0,0,0,1,0,3,59,70,,-2.41,-4.23,134,0,1,1,1,CPMM,,,,,,,,,,
1790518781,DsqWokHaPHi6p9TtkEFryf6qBQFxYkUiGss2sFnBpump,juicelee,D5Van4Ljtfkiysa5mMeRu6Xxd5aYTxzvrhMKRXgSZ1Aq,pumpswap,1789675813,0.00004294,17922,41490,41490,48.1,356.38,1271.94,16439.65,1,1,6,8,29,20,224,214,-0.58,0.24,-13.43,-35.97,0,1,2,1,,,,,,,,,,,
1790518776,2roJPefsSF4zucVFUmD5XcpSHhXuQHN7ySC8CcqeFKD2,EGOD,CmPuV2rvTvAVJoZok29TSjwaduWJe12aF6Xys8DQCJZM,raydium,1789677035,0.00002143,13658.3,21435,21435,0,0,278.5,593,0,0,0,0,6,0,13,17,,,10.06,11.16,0,1,1,1,CPMM,,,,,,,,,,
1790518778,6dAo1eJMfaktGsi4s3wte8SJAYGLm2rRfJLntyLTSRNN,BLVINU,HsyidEyMzgMQEEk1Xsx8xoBdNg9Pfy32kC5pGNTEQXF9,raydium,1789637468,0.000006416,6938.41,6417,6417,0,0,0,401.47,0,0,0,0,0,0,1,6,,,,-5.59,0,1,1,1,CPMM,,,,,,,,,,
1790518779,CHsC7xqDLrTy8NMizomPUx3sNKxJzXGDaswc9Zs9DeLn,BUNNY,9tkeoJW4TdWSh5yYh1tDECB2zbVd3AyrBSBTMquJvvMh,raydium,1789666968,0.00008866,24578.88,88658,88658,0,0,0,6.2,0,0,0,0,0,0,1,0,,,,,0,1,0,1,CPMM,,,,,,,,,,
1790518781,ESBLfHdCKvMGpC3JkxMeQ7qdHQ9TB1ECoi53WMS7pump,BLUE,6ePYtPZyknxeGfdomqTH63LNzpH7x61S1fh3zTmfypfn,pumpswap,1789698415,0.000002742,2765.17,2532,2532,0,0,0,676.15,0,0,0,0,0,0,3,5,,,,-8.11,0,0,1,1,,,,,,,,,,,
1790518781,GJSfEpiK9RnmRt9AnZi3FL1b2K6AApcW1SzTs2FeHGis,BRRR,6EFvd189kCKoxftbWYWdx7YqT38ES8jEHoyM3jjA7HWP,raydium,1789732212,0.0005183,67979.4,518349,518349,68.61,1147.75,13480.66,100306.58,0,1,3,12,69,56,364,262,-0.41,-5.31,14.12,-15.03,0,1,1,1,CPMM,,,,,,,,,,
1790518777,4ssDxLh4BpzVVC6WsZHfoSYAVDhR8hpWzekyoGzYpump,Meepcat,57i44FQtgroKaR1qbtmKW1vnNYhSfkZwVj5PaRWCPr9Q,pumpswap,1789738481,0.000003547,4151.53,3528,3528,0,0,0,16.9,0,0,0,0,0,0,0,16,,,,-1.37,0,1,2,1,,,,,,,,,,,
1790518778,A9jLtg9Fyu4FoEkWGpX88zMLcYARx6JXYJ1zcryDbonk,INUTILITY,FgWs1egswjyyWMgpbDEeHF6roaQy9xsJPDt9rNreh3z7,raydium,1789731645,0.000006093,7249.95,6093,6093,0,6.05,42.83,42.83,0,0,0,3,0,6,0,6,,-0.98,-1.51,-1.51,0,1,1,1,CPMM,,,,,,,,,,
1790518782,USNv3NkKA27Dh4nsHJDPhW4VoEcTQmjoZyJt2dqdwFu,USO,Am6L7qY9xr5yaRyozcbonCMTCVmCwekXPHaKK54ThMwb,raydium,1789739506,151.13,87539.53,290942,290942,245.93,407.45,5982.04,118889.74,3,0,4,8,34,55,840,826,0.06,0.07,-0.51,0.85,0,0,0,1,CLMM,,,,,,,,,,
1790518778,91ryaCo5yGpYZM3bs6GUPs97VWJQj7RozBmqPULgpump,TIGRINO,2fwy38cJcChCVySA9cd5SAFaEPtZQWN2ssFip43hnsHU,pumpswap,1789729613,0.0001325,46454.25,129374,129374,0,1510.73,10487.07,52230.73,0,0,8,12,63,81,283,341,,1,-5.62,-21.59,0,2,4,1,,,,,,,,,,,
1790518781,Dz5jFaFpEQUjL59teqvxuZ8aigepvoj9w2tZvjampump,ZPAID,CmeA6c5q7v24PZM2sAbhgS9MvU1urYzjdUTr5rbnG4p9,pumpswap,1789739219,0.000003222,3650.29,2926,2926,0,0,0,0,0,0,0,0,0,1,0,2,,,1.95,1.95,0,0,0,1,,,,,,,,,,,
1790518777,65eAVaiM8XZKqY6NsEY5cx4XcGWDGZadbHaGVL5QxikW,NASDOG,FEMHMyNvZsDoXJVU1HgkSDsYyuEt4tKhKyKsd9L5L5hw,raydium,1789748023,0.000009967,10511.98,9967,9967,0,0,1136.69,1610.25,0,0,0,1,23,13,33,42,,0.05,25.36,30.76,0,1,1,1,CPMM,,,,,,,,,,
1790518780,D9fL3bqUnKq5ZAoVKFpTnNydW92uSJqq1vpK7udQLA9a,HYNU,Bhx6h4JwtQpf8w7V7J2czrxa8jDqkntLRq25k3T2rQtF,raydium,1789747033,0.000002714,4623.74,2714,2714,0,6.68,6.68,20.63,0,0,2,0,2,0,3,1,,-0.2,-0.2,-0.78,0,1,1,1,CPMM,,,,,,,,,,
1790518779,BeUcez6cqhZbjPrNirkLsYADwfHUTzv7YSY3ATaWZqPC,HLOOP,7NkZiiWE6HPPsMDrHnggg5s7TCUpudLZzqpiDEL1Wr56,meteora,1789555296,0.00001217,11384.36,12125,12125,0,1.45,16.95,810.14,0,0,1,1,15,1,34,37,,1.66,-3.36,3.46,0,1,2,1,DYN2,,,,,,,,,,
1790518777,4XFNDAghSHqfU9YxDfBeVgc2Uzg7UWzV77q1pzQfobYa,NIU,BMfo3hzW92tfWG1joCJaiWzhcoSK7PkUcNAfweaJy1ap,raydium,1789748178,0.000005146,6841.19,5147,5147,0,0,5.49,177.3,0,0,0,0,0,2,2,10,,,0.22,-7.13,0,0,0,1,CPMM,,,,,,,,,,
1790518778,6HqnRCkEUwm7ZsoeiwjYry5zYNYji2mk4kAtMzcDgZVz,WEN,5EYt9v2GzCy5Rfkics9ZQqo81sq3th2qr8pG7D3sUBfs,pumpswap,1789748114,0.000005603,5049.71,5387,5387,0,0,13.4,2080.73,0,0,0,0,1,2,23,26,,,0.37,0.9,0,0,0,1,,,,,,,,,,,
1790518776,2ThD6YT58UUYG4u8Zj7kKECY1ArKdsiFhRCwR6UK5ryU,CDOG,6St5RuWpcVKvgZEtAmg4PfTzSpxcJ5kaDJ8chwk2TNJP,raydium,1789748029,0.00002556,16489.71,25564,25564,0,1969.85,3224.77,21597.78,0,0,11,9,49,22,166,141,,13.77,16.84,32.39,0,1,1,1,CPMM,,,,,,,,,,
1790518780,CYPHuMmCL1GxJWa2tsPhLKykC7GrHJTCHwbXD4g5uawK,CYPH,C7esEMj5yvs5njfsYWii7d8hD11ftgcQ7RGruUS4H13u,raydium,1789748780,4.22,76115.57,,,2693.02,39616.94,107797.36,479131.64,13,1,106,93,244,296,1026,1280,0.31,0.69,0.58,3.19,0,0,0,1,CLMM,,,,,,,,,,
1790518778,7nTAA8U8kAD7t8Z1W9g6DXNTfMf4YYg2PzV9PiNRWaas,ROW,8h2WCve1CfgYCohLa7t8DtmC7YsacL1Gqdp7ewNeUFcf,raydium,1789764079,0.000004585,3850.42,4586,4586,0,6.11,83.35,5524.92,0,0,1,0,4,11,68,126,,-0.5,8.08,12.77,0,0,1,1,CPMM,,,,,,,,,,
1790518777,5oYh831YeK7cJ3YFLF1bAyCTDqPLzxETdQev5exy8TGA,HOODCAT,CB3ofejJiuXP5DgfvPVJm9Sw9WzWgMZCqZLSsjejHCx5,raydium,1789775602,0.00002385,14420.1,23859,23859,0,125.32,2138.29,6262.13,0,0,2,2,25,5,50,44,,-2.45,71.72,10.96,0,0,1,1,CPMM,,,,,,,,,,
1790518781,G2DPFQW1gdjrYGXmr4q1eZjJUAAU1byv99TtUUm4pump,hoverfly,G4aZ3dTNY5sFPY9rQbv2p1pY5XXcdmTFYFx4tUR2uCgJ,pumpswap,1789782957,0.000002590,2883.99,2523,2523,0,0,0,6.75,0,0,0,0,0,0,1,6,,,,-0.56,0,1,1,1,,,,,,,,,,,
1790518778,8d56tCrMcyLFvpw5aeGNz5xRAAdVBiCtDw6QiVYrs9s1,DONALD,3pMBXbd3LyrrSGNz4TzzzF98h1YotJKMY1ksTmFHHfGL,pumpswap,1789401715,0.000008415,7659.03,8126,8126,0,28.79,116.96,672.26,0,0,1,1,7,4,21,18,,-1.15,0.01,-11.02,0,0,1,1,,,,,,,,,,,
1790518781,DTSnWMjHedLzcc2oVMpRzk1uankCF16v68PUmC65pump,DICKINU,6MWrTvnzghdFR4yZkJ5PGewgCp9Rmoi6rJs4Hu2iaRPL,pumpswap,1789791156,0.000005217,4903.62,4913,4913,0,0,0,131.24,0,0,0,0,0,0,2,6,,,,-4.45,0,1,1,1,,,,,,,,,,,
1790518779,BetHXx7ymnuca1bf8XUzVSwvxdBMen9nEWhScYeJEFX3,GOLDINU,FZVH93iu7jcbwpzW2u2nEXV1vZqcxULDvQkzthDapsxD,raydium,1789771576,0.000002956,4859.55,2957,2957,0,0,3.71,35.73,0,0,0,0,0,1,1,3,,,-0.39,-2.32,0,0,1,1,CPMM,,,,,,,,,,
1790518777,67buYJjYX5usoVtefwS5vXJvELK2ijxD334igCjXsNh4,SI,DaQiKrJE2cokUz3VDa1L6zCqfHaRvqLUjLTaHEEiJF8j,raydium,1789831994,0.000005780,7911.57,5780,5780,0,0,11.98,213.86,0,0,0,0,0,1,2,11,,,-0.44,-8.73,0,0,0,1,CPMM,,,,,,,,,,
1790518778,98rAFRoTjWVS6au9zRHcLuc3NdfaXQzvR6wJLKu2pump,CC,CMhv5RKL7axdiMoaesxqJLvAb7rJiSbR7RnH6eMPvqtS,pumpswap,1789832675,0.000005575,5361.46,5377,5377,0,4.97,108.23,285.13,0,0,1,1,2,3,10,11,,-1,0.54,0.97,0,1,1,1,,,,,,,,,,,
1790518779,BsA6TtvXcG8P6shTqDGhJDsRrsJqrVRx76QKmacPDHqH,JEVDESK,DzNVzmwgwyM1s3X6gqhMo3ypQR3hewdZTR8nY3ti4t5E,pumpswap,1789916508,0.00001543,10215.07,13772,13772,0,0,0,748.73,0,0,0,0,0,0,4,6,,,,-14.03,0,1,1,1,,,,,,,,,,,
1790518779,Bc3qHg2vppBvuW8gbamt1NDJxhc1EZs92Mpnn4jhDh2W,DIESEL,3rRbVDkjQpjFYH1MPTGBFLjQuqNShu6Ewk8Etw95FXya,raydium,1789739886,0.000005986,6604.02,5987,5987,0,0,32.48,375.9,0,0,0,0,1,1,5,6,,,2.69,0.63,0,0,1,1,CPMM,,,,,,,,,,
1790518782,RnhAUX9A4xr1FPdHbfqu3LxitvFRhpfnr54qsvwpump,FOUR,2EAwigHr3zjaKiQqN5yCqDXRYRT7Ci5VTD6FJySdTFjq,pumpswap,1790063081,0.000004343,3987.21,4150,4150,0,0,63.26,101.78,0,0,0,0,4,4,5,6,,,3.32,4.98,0,2,1,1,,,,,,,,,,,
1790518781,EBsK6LyH8ZCF6aq2uD4fTkFHuPzA1DLUE7fLjMyJpump,Annoyed,BNq95e7uvYYyER4VzhSD3yGPgTr3vQG27fmXqQHFjUhU,pumpswap,1789811272,0.000009849,8054.16,9424,9424,0,2.42,57.61,561.58,0,0,1,0,2,3,7,26,,0.07,0.56,-1.53,0,0,2,1,,,,,,,,,,,
1790518779,BtFegYSVBRxyiKj3pDotZm4eASjoD51x6vp1VuryB12K,KEK,G5SG3RkWycHm2eGozAJSUTuYLMbRJcD63kShB8Ki9VCV,raydium,1789844406,0.00001240,10716.59,12404,12404,0,27.11,240.02,1254.53,0,0,0,1,3,4,27,16,,-1.69,3.95,27.18,0,1,1,1,CPMM,,,,,,,,,,
1790518778,8QfGp7PrMjrQuZEUCWn4SbrXuKy7xsrkNjjQGCVZrz2G,FEELSBAD,AgwrAB8u4sZerV2v3bcobydXNZFK3DhrSXP71yaUVPJt,raydium,1789838537,0.000004293,6385.32,4294,4294,0,1.23,148.4,713.58,0,1,0,2,0,4,7,19,,-1.08,-9.95,-1.03,0,0,2,1,CPMM,,,,,,,,,,
1790518779,At541hRZhK9LWKj9w2dqN2wCdpFyZgRa1Un2yG7xa43m,VBUCKS,7YoDHgiziucUwikCxXM5pfjG8EoYaDvx28FJgBMkh24i,raydium,1789786206,0.0004218,70816.89,421815,421815,171.42,26493.42,65175.58,420448.72,0,5,104,46,284,203,1828,1153,-2.27,-24.24,-46.43,-70.94,0,1,4,1,CPMM,,,,,,,,,,
1790518778,7ThSyvACQk1QQjCR5ApGT4bTm5cEvtMJCVFK65k7pump,SOLBUX,81QNBEUzb35A2HyqQushcnZa5MHA38ohRToxX4hHA4bT,pumpswap,1789876800,0.000002625,2611.09,2463,2463,0,0,0,0.66,0,0,0,0,0,0,0,2,,,,-0.19,0,1,1,1,,,,,,,,,,,
1790518779,BQkGdvVHVNjArFSJCP2Xfw3priqwGiEK8grrWBXTGUrK,TBC,GJuUNiTaSHVtJ8s8YoMbY7jrofsDLHNLLkiH8v5WeHaW,pumpswap,1789877619,0.000005125,4906.41,4859,4859,0,0,2.16,14.64,0,0,0,0,0,1,2,3,,,-1.03,-0.86,0,0,1,1,,,,,,,,,,,
1790518781,EcSgxsBGoqZNxHgKhon3jSmqjYW57fSgLFrrF8SgTVGR,GL1TTR,7s6ptW2R6WG7opaCUNiKTBjyetfEPJQcM31p6zasHs9T,raydium,1789875519,0.01143,22855.56,11435039,11435039,0,0,0.02,0.13,0,0,0,0,0,2,0,12,,,2.48,2.45,0,1,1,1,CPMM,,,,,,,,,,
1790518779,CBLgLg4rjkqqwXuZjR1WAqWet2vR68Vne32J2bFLpump,DONATED,851G7eJBavuNfn3QcU951tDZkQZK17XPLE2jCzuqtEEs,pumpswap,1789877215,0.000005608,5535.25,5373,5373,1.77,48.55,61.13,581.83,0,1,0,2,4,8,28,35,-1.29,-4.08,-3.31,-1.2,0,1,1,1,,,,,,,,,,,
1790518776,24G6fv23pPg3UTKAAA4dnC7UBe9SgEoj8HXscHJRpump,SENDING ,E7TcBeZ8JYt2hNfMANwtKzvuYoKo1iKokHbFVUe3cxqR,pumpswap,1789873873,0.000005294,5102.01,5145,5145,0,0,1.46,35.41,0,0,0,0,2,0,3,11,,,4.29,2.52,0,0,1,1,,,,,,,,,,,
1790518781,GKHfDWbDZFLHKmNVVW6fVhx7LkFYXXZjMBAEodt8CTB9,FATGF,DsqEQvVk9uegYsjMHBK7SR2JNYYDE5f5KGpXbeef4Vbr,raydium,1789876068,0.000007286,8226.3,7287,7287,0,6.02,95.39,8801.78,0,0,2,4,4,19,49,91,,0.52,-6.49,-18.2,0,0,1,1,CPMM,,,,,,,,,,
1790518777,2wFHMmHeS5HRhPKUsp4jukK4PjvmsSHNcDA6ccHb7omN,MCPEPE,HnF8wevhHctEgjdG5nXUJmhagHaGnTQk9mdbnbqu2Pqb,raydium,1789873940,0.0002292,42613.95,229264,229264,0,144.74,144.74,892.3,0,0,2,2,2,2,13,12,,-1.51,-1.51,-0.84,0,1,2,1,CPMM,,,,,,,,,,
1790518777,3WUztmmgYpJQATczBBaqwNxdFoUQXkoTraoPGaxBpump,TWEK,9LcXFgzyj5pFMj8deQbatum5bEaGuiUkQaeG5hokt4Um,pumpswap,1789915329,0.000003349,3263.6,2747,2747,0,0,0,0.6,0,0,0,0,0,0,0,1,,,,,0,1,2,1,,,,,,,,,,,
1790518778,8fChf5inzm4KmE1kWtcGUPkhu7MZe2xYaTyTtjiU2sj,STONKED,DhHET2Q5Abwe3QgKhpYfUZfz9DBK4aQ8XSVSXmsy1cdB,raydium,1789919366,0.000003577,5819.58,3578,3578,0,0,5.15,124.18,0,0,0,1,1,4,4,16,,0.12,1.83,-6.19,0,0,2,1,CPMM,,,,,,,,,,
1790518782,sdyKwWzC8EnriZWBBwm8YX25nKGmtQdZAHBEGLUpump,INU,EkFd3k5DYdwqf4zmoqeUxgB1sG8jqVyT4DmAAyuMhKjU,pumpswap,1789898860,0.000005022,4861.47,4610,4610,0,0,4.02,69.32,0,0,0,0,1,1,5,13,,,0.18,-0.8,0,1,1,1,,,,,,,,,,,
1790518781,DsjPNCjFrQDXGZ96UzohaMm9PQJJUxWFQ6Gy6do9CSLT,BINGUS,F9yYscWarHyAusNr5x8SVZ8yCD8HtSxGhSaWRWsavovk,pumpswap,1790017307,0.000003047,2977.64,2884,2884,0,0,0.44,54.52,0,0,0,0,1,0,40,59,,,2.64,3.42,0,0,2,1,,,,,,,,,,,
1790518778,8fogMoMGVZUwtoCB2ZrMkBhq76BzBNw4o2syZCYEvCZG,WAT,Fpiwj7PmH5QcLqaKkqQ9izC9pgZKtKfA6894e5jc7xyX,raydium,1789936431,0.000002283,4442.46,2283,2283,0,0,0,5.2,0,0,0,0,0,0,0,2,,,,-0.94,0,0,1,1,CPMM,,,,,,,,,,
1790518781,DbVQ9vYSaxwNuoVopPL3v2KeHtY3hCfS9z3oHQTYWXWx,HWG,5oE1nZHwCZeCgWbTqtZHAdCxMvNwvNz28mqfcnuEq4zy,raydium,1789925186,0.00005559,19065,55586,55586,0,297.02,1452.65,2315.42,0,0,2,0,7,2,12,9,,6.5,4.61,-8.63,0,1,2,1,CPMM,,,,,,,,,,
1790518781,DifgEZC24HbYZwDq2og89hUJTjFixsyYZtV7Hrzepump,ZEPE,CJ4YEU7zDigfh6qwDU45fF4QxwUvgSatXTWNQDtJwpcB,pumpswap,1789955189,0.00001052,8787.13,10152,10152,0,268.07,299.46,2131.37,0,0,1,1,7,1,35,19,,-7.55,-7.55,3.62,0,1,1,1,,,,,,,,,,,
1790518781,GVZgBj6XgZ5gzA7qmDQmmAiFtGGc2AyMCSrVfbeLpump,uoaoa,3dVtyyxK6a3r7xjmwDCY7uY4zdsGPnA6LaGjxoApZeC8,pumpswap,1789935199,0.000002745,3125.07,2679,2679,0,0,0,0,0,0,0,0,0,0,0,2,,,,-0.53,0,1,1,1,,,,,,,,,,,
1790518781,FSJfPYF6VjuDuUxMFdUrCEkVr96bhC5oXKhv4o6JJxiK,Mentor,9skwAP585Et2bs6TS9KJ6SrAzXgSjxPgs8xDLes2uWHS,pumpswap,1789936262,0.000007324,6344.18,7149,7149,0,1.37,167.49,12949.98,0,0,2,0,3,3,146,160,,-0.81,2.68,-42.1,0,0,0,1,,,,,,,,,,,
1790518781,FPPGF5RNgCvNzqrRqWrkgkL4YQhzqKMNVtD1kWk1ooqg,+++++,CD2Kmeqr7oQwzixmF1AjUEVb8sEW2X2CtT2s2Gkf63ZV,raydium,1789958616,0.00007760,30301.58,77608,77608,29.71,1421.21,4300.13,62550.65,1,0,15,6,40,27,387,266,0.39,-8.46,-23.68,-34.8,0,0,1,1,CPMM,,,,,,,,,,
1790518777,2tGtqQ7Jvjgvh3S3r7miHFpvVyDxwbLoGWqtXfoh1AFJ,xD,HzhXoGxXT3ny5Hrhp38RYpHc4xFNjVWv3mFPpNSw6Btv,raydium,1789958012,0.00001281,15847.06,12813,12813,0,0,0,1056.91,0,0,0,0,0,0,4,5,,,,-5.06,0,0,0,1,CPMM,,,,,,,,,,
1790518778,76gjDppziDEKW5cCx6ydRy3rLEpeoYrX4jAfRgXLHRGK,SCALE,8RzJtTB7q2bybKWNw22DW1chWMYccR8B97BcVApDnzMi,pumpswap,1789975494,0.000003008,3006.36,2878,2878,0,0.21,178.27,179.53,0,0,0,1,0,2,0,3,,-7.43,-11.14,-11.14,0,1,1,1,,,,,,,,,,,
1790518776,2Hm8qcnud7LEes2inqHcohQKcD7sqAqX8wb9W2uxwB7g,LEAN,C9QXaGp2kVa6zNzKYYACC3r3YXkfxwKBip2wNKucb7dY,raydium,1789974859,0.00002075,13461.3,20756,20756,0,208.43,1008.43,3615.73,0,0,5,1,11,14,43,41,,0.81,-5.55,-23.33,0,1,1,1,CPMM,,,,,,,,,,
1790518777,5TEXBNqSxfod4n15zqrCk1kt6nQc9KfEuqqkR2x2pump,BABYJEAN,G9k8BmHYoEQiWeahqfi8cezqWYXnom8qLuHCoSdQ3SXE,pumpswap,1789977043,0.000002826,3136.83,2776,2776,0,0,0,7.28,0,0,0,0,0,2,1,9,,,-0.02,-0.82,0,1,1,1,,,,,,,,,,,
1790518777,4hN45GtgCo39FZx3EUK5GiPNkkzUvEYCrAoffPuhpump,cashless,5xQqvk73tzLJWqVUJw3JKojj9AaW9hLoLk73vqizA8aV,pumpswap,1789973250,0.000002534,2682.65,2449,2449,0,4.91,4.91,32.96,0,0,1,1,1,1,14,31,,2.11,2.11,1.53,0,1,1,1,,,,,,,,,,,
1790518779,BjxTsq8fS1DmXnh3yTTdqwjwrAu9XwHbn1ruHCgA8vvV,ECAT,F2TRFvKde44GgNaYer4G2KnY6yF4jx9ndzonh772vnPp,raydium,1789976347,0.000003109,4844.74,3110,3110,0,0.29,0.41,8.48,0,0,0,1,1,1,2,5,,0.03,,0.26,0,1,1,1,CPMM,,,,,,,,,,
1790518777,4UnNG97k5V5ViBk51uUfev5XvK9nW55W4B2BrXwLh9r5,SHART,FPZiHgmHeZMuxta9CaittuUYUCV22uGRqrkibj2AYv5Z,raydium,1790007439,0.000004439,6473.22,4440,4440,0,0,81.55,257.84,0,0,0,0,0,1,2,9,,,-4.5,-8.51,0,0,1,1,CPMM,,,,,,,,,,
1790518781,DbQBKqMuH85CEYpqZvk8cowrWX6n9vRDBXqXiFRKuLiS,WEIRFI,BuAzPfVmARoM3hy9BQqUyiBGre2MwPoD99VPtkqu7M9g,meteora,1790006894,0.000003425,5640.83,3425,3425,0,0,18.8,114.18,0,0,0,0,0,2,2,7,,,0.1,1.19,0,1,1,1,DYN2,,,,,,,,,,
1790518782,He5XcCaLrygisurxfDYH7vumKW5yopVZcA9DKPvpH4Lz,SCAT,7aQ3uqa5stLSpGtah9rjUj4DEyZ6ToQrXc3RwAFJYoHb,raydium,1789942489,0.000008428,9527.77,8429,8429,0,0.12,4.97,261.36,0,0,0,1,0,2,3,13,,-0.94,-1,7.6,0,0,1,1,CPMM,,,,,,,,,,
1790518780,CbouD8khLcz1Y1QngvRtQufUimSRKpHkvGn6y1n8pump,UTILITY,9dyeuZaENy1TfKwkR4rV8mGZcAWWw4pkubyHBkUG85oZ,pumpswap,1790022917,0.0003389,55477.52,332026,332026,243.59,16858.05,36673.09,196057.51,5,2,105,82,280,202,1911,1531,2.88,12.1,29.73,71.81,100,1,1,1,,,,,,,,,,,
1790518781,FTyieGbq7KsXrpZEiYCC68upLek7cKZep3paQdUSpump,MEDIA,FPAgamaN3AVf2rCAq9ARoudaB3AY7g7eumH8Zn5N6fQN,pumpswap,1790023467,0.000003931,3713.15,3559,3559,0,0,121.19,1005.06,0,0,0,0,1,0,10,17,,,5.1,-18.3,0,1,1,1,,,,,,,,,,,
1790518779,BX7r6jFdMEUMRyx1whei583iz5pBjrfApbPj7Q1YpPZP,L2Cat,GYQBhwL4AmT3svpdPLBsnfUEeY5FcuX5PqJFb91Q2Q4r,raydium,1790023088,0.000002482,4506.89,2483,2483,0,0,0,0.24,0,0,0,0,0,0,0,1,,,,,0,0,1,1,CPMM,,,,,,,,,,
1790518778,7as86KvTJLWetHAvL18ijNw1Wf9DxW7bcMMuh294UFrw,BIRDDOG,2FZbhZ3L6wX8pPfGkz3mRQ6B4457NKsYz9vD2tHncTzs,raydium,1790022814,0.00001169,9492.57,11694,11694,0,0,0,258.87,0,0,0,0,0,0,0,2,,,,-1.76,0,1,1,1,CPMM,,,,,,,,,,
1790518778,A2YYjpUbWMGwYbrfqnWBfxL4RtVoszTMuNff3MDTpump,Higher,HGYuKUx86WJvPMnMob5Cx4SLqMF4yCgcoaLm7WLvFUmu,pumpswap,1790022403,0.000002510,2526.09,2399,2399,0,0,0,0.3,0,0,0,0,0,0,0,1,,,,,0,0,1,1,,,,,,,,,,,
1790518782,GvFe6EjSXAP31EbkSAYpHgX9mcgTUZWHkTuDjRUUncWL,UNC,6viWAMHocDwDAbkvXUUCH1AgbKQh3rzQje55TBihjgUK,raydium,1790016002,0.00001431,11516.71,14318,14318,1.89,8.48,322.58,12680.52,0,1,1,2,4,8,102,70,-0.68,7.94,-14.12,53.77,0,1,1,1,CPMM,,,,,,,,,,
1790518782,HhcfXbZ2rukoKx8oAH8rfkmzXbwvfdh6MMLZjneg4rWk,COPCAT,FDy48HT3x8xV27vwemC5VZjJwX2WBnCgKMJYuAnmoBdZ,raydium,1790021024,0.0001199,34861.76,119974,119974,0.02,945.05,5681.96,83084.49,0,1,6,14,46,62,452,421,,1.38,-5.43,-34.48,0,0,1,1,CPMM,,,,,,,,,,
1790518781,FkfQ9CQnLyyYMUZ2FEi2RviwsQe1qHF8VVQnCwTaEBhv,GROKBOT,nRfBj5ZrKWUAJPXcbQfVDRr4FjwMWKV9XcgV2QoVrKC,pumpswap,1790043023,0.000004269,4038.39,4149,4149,0,0,0,1503.87,0,0,0,0,1,0,10,13,,,3.67,-9.45,0,0,1,1,,,,,,,,,,,
1790518782,Hgtpj3Rg2BWWeopkAiVy71KT8L8nQWMxxxFdChq2pump,2030,3Y7zyAT227Vcw7u2HhKWqzhiPbzGLgmBUkNt44dEWab7,pumpswap,1790045015,0.000004199,3871.62,3962,3962,0,3.77,6.83,24.01,0,0,0,1,1,2,14,10,,-0.14,1.39,1.29,0,1,0,1,,,,,,,,,,,
1790518777,5PHUX9T2dgeUktJyu6KKdcqtTF98T78spNyBFcotpump,fomodog,7aqNfqCoTCAkk9tyZ6ahFsXyaBq7LZ21GRfvM1BLYfSH,pumpswap,1790044624,0.000002672,3026.2,2602,2602,0,0,0,0,0,0,0,0,0,0,0,2,,,,-0.53,0,1,1,1,,,,,,,,,,,
1790518777,5gNhoFFz6UuyWugjiMc1fiuixrH8NvibMFbDKYGKr1Mc,FIBONACCI,6SXbUNMzNx2PjjEdeTs3jmmrKNWSGJ4HQgyxaQVQoUh5,pumpswap,1790065554,0.000004791,4933.2,4223,4223,0,0,10.31,336.6,0,0,0,0,3,4,6,24,,,1.73,-6.02,0,1,1,1,,,,,,,,,,,
1790518779,CASs9vMniGPtsnnKrV9uziBHA7JU5dS9MQY15WsRqVfx,DUEL,DE1tipzMJcrmLhEW7MeKoerDrgKXjijm5YQMK7szaDE2,meteora,1790170955,0.00006596,1160.87,65961,65961,0,0,0,19.45,0,0,0,0,0,0,1,4,,,,-6.91,0,1,1,1,DLMM,,,,,,,,,,
1790518781,DCgPcq6DpS3MwjCpBzVY7DvaqPqhZ3eUudVezNTgEpF7,QI,7HJEiNPB7HeEEEyjq4srWzFSipEqkPv8HYbzVdqtii1j,raydium,1790091166,0.000003982,6206.83,3982,3982,0,3.9,18.66,406.57,0,0,0,1,0,3,5,10,,-0.08,-1.03,-3.21,0,0,1,1,CPMM,,,,,,,,,,
1790518777,51R8zB5zPiy4VHC5t83dEpCs2pQExktyC5MHJftChvRP,POKEDEX,BPXj19sw3BydWUHptzrCMFbzExBxikdF6QdyhoabJbfk,pumpswap,1790092678,0.000003868,3866.32,3386,3386,0,0,0,7,0,0,0,0,0,0,1,2,,,,2.09,0,1,1,1,,,,,,,,,,,
1790518777,5Cw3aUR8NMrQ1xpka537zR4WDpBfqQfKEZdyXwAdB7na,Project,2iUGkVrpsw3b39pNWRPLhyjzMp4vG9PCj8pKyUnoXpgA,pumpswap,1790092843,0.000009049,9507.07,8952,8952,0.18,12.66,56.28,355.47,0,1,0,4,1,7,6,35,1.81,5.63,4.69,-3.51,0,0,1,1,,,,,,,,,,,
1790518781,DEuwDKst8JDNRcuRjth6Vhpk98FSZwenv1TZZvz1a8ua,SOL,74AUwSRphK5AzEiSDjqhgVAKPwz2zqgHYWqwjYAEubSB,raydium,1790100802,0.000009810,11156.04,9811,9811,7.84,7.84,44.7,442.1,0,2,0,2,1,6,6,19,0.52,0.52,-1.49,0.39,0,1,1,1,CPMM,,,,,,,,,,
1790518781,FDaJxBqw1fDhwPQTn8XU3bKH8sXXRe8o5kzC3CdUAv7X,SWEEP,EzN9f2oGkMzkEJxdJtySURqvBd6Y8Ah2EoEXsbgutbc1,pumpswap,1790108522,0.000007907,7608.09,7656,7656,0.33,147.19,492.52,1540.42,0,1,0,4,6,19,40,71,-2.87,-5.79,0.87,-7.01,0,1,1,1,,,,,,,,,,,
1790518778,6gPfmDMs4gXE77M5rpsPkj29mgrvDypkaYcRsSzVf4GD,ACAT,BgsFBcHRxPMgLQdyfhDTrLkg7cozRbsMZVqFvb1QwcvA,raydium,1790108644,0.000002636,4471.36,2637,2637,0,0,0,19.34,0,0,0,0,0,1,1,5,,,0.49,1.6,0,0,1,1,CPMM,,,,,,,,,,
1790518779,AvciVw95QA2nrPrwFYCLsp3n425MPCuF8iFU5BZrpump,GTACAT,8as8cBuvW3exppt6yV6KqivuaYexSz3kSH2R7Nc6PeS8,pumpswap,1790110541,0.000002644,2628.82,2518,2518,0,0,0,9.72,0,0,0,0,0,0,2,2,,,,-0.71,0,0,1,1,,,,,,,,,,,
1790518776,2pWXsELtCwtcKUyvNC6igngswUSQjVpJdY4hA4cTdjaL,PHAT,259dyTrR1KgguVwekv71ehmKfSfkC5fDPfBaxMmr3Fsx,raydium,1789618983,0.000004199,5403.97,4200,4200,0,0,163.34,2499.46,0,0,0,0,5,3,23,24,,,25.55,-53.69,0,1,0,1,CPMM,,,,,,,,,,
1790518778,7xm3vqykDZVuYqiC2HcTf3VerfmhAieCPZmeJX8qpump,BTRD,59GuPXEBHGwzkeMasS6UZCjaXFKwhV3cZJfYCbjisGi4,pumpswap,1790187315,0.000004638,4241.42,4471,4471,0,40.45,183.56,792.06,0,0,0,1,3,9,9,39,,-2.65,-6.08,-24.29,0,0,3,1,,,,,,,,,,,
1790518781,DxeBjZk1G43XTbGq7rEMHATUgtvYaNiDDweqbqhbnetW,JIMOTHY,7S95zn3ymcxhvQVMUvZSZgPL9Vj7SprgzNzvBuprUuEf,raydium,1790131062,0.0000008338,1182.56,834,834,0,0,11.64,113.88,0,0,0,0,1,0,4,12,,,8,-43.14,0,0,1,1,CPMM,,,,,,,,,,
1790518779,AN49E6FiToLMANJtmUiooirLdFFRumtpB8jZDm6PusU2,VC,DxPoyCU6gT8eSdfXz6rrSVcrkFB2uxUbDhvEFqVhNvLG,raydium,1790135481,0.000003377,5424.5,3378,3378,0,0,0,808.95,0,0,0,0,0,0,5,13,,,,-19.23,0,1,1,1,CPMM,,,,,,,,,,
1790518776,2jcvq8QcJ8TzEYJKYMCjR61kXVSzib4mEkz89tQxpump,GIGACAT,72tZoSAHAutvD7dP2fNC56aASLxbPXro9jBPohZ8aAvY,pumpswap,1790152341,0.00004945,21415.55,47986,47986,209.89,4099.28,11972.55,48810.82,3,6,48,39,165,119,844,527,-1.86,10.43,77.73,65.13,0,1,2,1,,,,,,,,,,,
1790518779,BTzHfjKZnPpNaojtNs38eKReNssZM5LEbRrdK5ZrVyN7,SGO,6qf9kEvtgoKgAjN6EW9tAidJWj8JXjaTDyNHZWDM6sWS,raydium,1790180335,0.000004218,6559.7,4219,4219,0,108.86,345.05,799.73,0,0,0,3,3,7,10,31,,-7.15,-16.12,-11.87,0,1,2,1,CPMM,,,,,,,,,,
1790518779,AEVjdvYXXDRBSkt4V7HJ8oL8qVSG3quWCTHvQ7LApump,BUBL,48iVS1iRT3zkFceU43eRyvxd12qVNXvNf3u4AYC4mzTo,pumpswap,1790180148,0.000003205,3158.05,3049,3049,0,0,1.23,1.26,0,0,0,0,0,2,0,3,,,2.25,2.25,0,1,1,1,,,,,,,,,,,
1790518780,D5Sd6RGFcsyCg4UgKMTax22ZYjBrivQXAAGAVAaQpump,APEZCAT,CZ6cVMaSxiQiySYNDwqmZwCZPRaacyjAYzmhtfsoooQx,pumpswap,1790179776,0.000003654,4687.6,3504,3504,0,0,1.53,8,0,0,0,0,0,1,1,4,,,2.17,2.27,0,1,1,1,,,,,,,,,,,
1790518778,84TgGLh8Pgm9R9YYnmjD5Z18cy2gDUkjTr7B8Zjfpump,JEANDICK,HfzpxoYCmDmkkuEYrEpyXA9XfPD7zy3vcmkwvWp6WFeR,pumpswap,1790179362,0.000002615,3014.14,2575,2575,0,0,0,0,0,0,0,0,0,2,0,8,,,-0.02,2.24,0,1,1,1,,,,,,,,,,,
1790518779,ARTEvs8XSpVJRYPVHuTZz4bEJwfpNVVzgKbrfyWMtXuB,AURACAT,4PmRK4TYca6fmrrZyNg4cm5uMoeUV5Fh5Yb1saq135A1,pumpswap,1790178242,0.000003529,3761.28,3407,3407,0,0,5.79,52.52,0,0,0,0,2,3,5,15,,,0.62,0.01,0,0,1,1,,,,,,,,,,,
1790518781,FjapQEucYhJj4DS91AW3nLTNgrEpwozLVdbcjxQ9rZCn,SCAR,622SbdD9Tm6Q8fkpcmiDRFSxHJLRr18mxjiRNskwbXNq,raydium,1790179603,0.000003393,5435.72,3394,3394,0,0,0.06,1115.66,0,0,0,0,0,1,12,37,,,0.06,-27.57,0,2,1,1,CPMM,,,,,,,,,,
1790518777,48n3WfUWrzQ6mNzwqNDFNVVvFLQBWn3bCHuTEsXPpump,Cateoween,AnuGZ5gQoLfqRHVjTj9FKGeuT6vJTRCTVrxcR27SMbFX,pumpswap,1790195139,0.000003304,3182.29,3086,3086,0,0,0,4.32,0,0,0,0,0,0,1,2,,,,-1.54,0,0,2,1,,,,,,,,,,,
1790518781,FVsZHrjBWRJA7nBk6XNJ2Jg9M8v4MPsVdprpg3EAgMHr,CMC,7McrNmv2mZ4u9XpdqSuPtm1iiTWhYjsUA7APZx6ZivuL,pumpswap,1790188414,0.00001148,8346.15,10886,10886,0,900.74,2078.49,4703.57,0,0,16,13,54,31,90,76,,2.33,44.63,52.28,0,0,1,1,,,,,,,,,,,
1790518782,Gcku9A4XsNEv42WjHFrpyNJt5u5nwZDDh1BFyrqGpump,FUD,FzEffYDrAekMdcgBqp92bzqGcee8VQN1nXgZKJLsB2pr,pumpswap,1790189205,0.0001271,31561.02,125833,125833,0,0,1204.14,1436.83,0,0,0,0,0,4,4,9,,,-7.87,-6.14,0,4,3,1,,,,,,,,,,,
1790518777,2z1s9nrjhTdr26kpNYJrM29h3tyjAp6aKNofbkV9pump,Titcoin,DqmLHwB52rqAM6cEAxiPDMreYe4Rhe6vDy6t5NbNxLYg,pumpswap,1789684151,0.0004498,69662.84,448233,448233,0,104.45,2314.02,29335.7,0,0,1,2,16,10,128,81,,-0.32,0.08,-26.78,0,1,2,1,,,,,,,,,,,
1790518777,5nQhjm5FuveEQuKsQtewTBZPSVXqbWhw1A6HEojf6JCi,Crypt,3wxoJjHk3iLk3rWizL2YhfZEZRYzPpkEKs7Cc7AbTQ3L,raydium,1790194732,0.00001082,10403.27,10821,10821,0,5.47,31.28,1220.8,0,0,0,1,0,2,11,13,,4.06,-0.08,16.84,0,0,1,1,CPMM,,,,,,,,,,
1790518777,4AdFwKHbivTpGjBjenyYxbdtrUdZ6uVGwjhofmh2KN3x,hyENA,DbyLi54EjxaVBWaJxichPnQhMaWePVa1uckhNJ3qdnxk,raydium,1790193679,0.00009877,35899.46,98777,98777,0.74,218.54,8727.4,76370.74,1,0,5,5,66,58,538,440,0.01,0.31,15.38,-18.78,0,0,1,1,CPMM,,,,,,,,,,
1790518781,FNV7tM5GbbUPvXUaLXDBt9Udd9v4yranCWmNkWcSrj38,KORILA,hxkaYJUAzXkYgfcT19rZPmGoN5ARy76LFW654MMRY1w,raydium,1790193821,0.000004738,6140.48,4739,4739,7.15,33.31,324.4,1685.41,0,1,2,2,9,15,30,51,-0.47,0.39,-9.7,-40.35,0,1,0,1,CPMM,,,,,,,,,,
1790518776,2YPWT4QK1Why57mxBZGwBAFckBC4nLwEAL2t6CcCQtvw,FCAT,13L9ZwrkeBXcZL8y1yhxnAkEDaMgyMZRmgvhs6hgLdMh,raydium,1790195440,0.00004768,20785.24,47690,47690,0,487.98,9629.91,35408.81,0,0,3,5,70,54,217,180,,-0.74,-21.11,65.28,0,1,1,1,CPMM,,,,,,,,,,
1790518777,3oCn1NL6FEAsiSGsiKdFvCdrgMSomnZya3tExgAjpump,TOWN,3XTtfFmDyAbpaXwqAinxi35tt4xFk3hP2VMSGGcUoanb,pumpswap,1790089754,0.000005077,4736.14,4915,4915,0,8.1,146.37,6140.78,0,0,0,8,0,12,19,50,,-2.09,-8.96,-61.96,0,1,1,1,,,,,,,,,,,
1790518778,9GJQgnwKZL6oqsPcLmSohBb61w6cdj629b1RFhWvUe7j,RICH,8NqiynvTiprF3DZR5XvUAWKkdX5DjgJP9SPBHdeWMJ5A,raydium,1790195442,0.000003246,5231.84,3247,3247,0,0,0,60.21,0,0,0,0,0,0,2,2,,,,-3.26,0,0,1,1,CPMM,,,,,,,,,,
1790518778,9yyxC9AtYxuijVrVfZjoYY2m3fRDuyYYF1VmKzRp9joC,BOB,6pL1AMUdVzd8Ecgz1XJEbxVoTsE4KFwKMo3yGTzFbW5j,pumpswap,1790195693,0.000004052,3823.71,3916,3916,0,0,4.59,4.59,0,0,0,0,1,1,1,1,,,-1.3,-1.3,0,1,1,1,,,,,,,,,,,
1790518782,f1ippXecgRpYmsZt6uVRwJJKiBKjN579sVRHsAg2RR3,FLIP,6gHUvXHYaWRgwLZQbB7MQJk2qEkcnEvZTG9RWTiSWCGH,pumpswap,1790194915,0.000004557,4467.72,4343,4343,0,0,5.37,617.01,0,0,0,0,0,3,8,17,,,1.46,31.45,0,1,1,1,,,,,,,,,,,
1790518781,FYayBW6PMhzuNUVTJSr4ruk66p1nVhJ3bSmYueMr1ZMS,NightTrader,FnP4qt7ap1JYpMGWDbUULhA9mzsnveMHigu4sG27hMU6,raydium,1790194593,0.000002992,5142.41,2993,2993,0,0,7.73,41.62,0,0,0,0,1,2,1,8,,,-0.17,-2.38,0,0,1,1,CPMM,,,,,,,,,,
1790518782,HkjCexiXUFRyo7KiaTT3VxzrWpoJhTWA9DkwnBVtpump,MOMMY,97SR2Q1vv6yszr22auKswJMRcXHZmakUscgR5B38P69j,pumpswap,1790193651,0.000003770,3884.37,3667,3667,0,0,2.23,3555.65,0,0,0,0,0,2,42,41,,,-2.49,-12.34,0,0,1,1,,,,,,,,,,,
1790518778,7CEBEYQVe3RvapwgS4QttVehqN9C2Hh859ZGbRWduRDm,OAT,9mmbtyUSNyaa34D1gNf58Mw96ZBdBqK1e5HfnPazPvnJ,raydium,1790215884,0.000003408,5706.67,3408,3408,0,10.14,20.93,138.33,0,0,0,1,0,2,0,8,,-1.04,1.23,-8.39,0,0,1,1,CPMM,,,,,,,,,,
1790518777,5v4kteCUTdGhw8yUWEBmq7SrFoyGbPQk1FS3qWawpump,Fomoguy,3m64gKXEeZQ5vbSuhiDHUEhfJtTiFMHPVUZ1TjgiDwcV,pumpswap,1790225150,0.000003604,3441.48,3475,3475,0,0,2.95,7.82,0,0,0,0,0,2,1,3,,,2.07,0.73,0,0,1,1,,,,,,,,,,,
1790518778,9rb2he5QW4ukwGnE6HMCGDxuyfUdkRoWok5VuK4weeun,GrokAI,8NociZX1facrbEVbe35eQShJvzj8myhEqv79U2W6PwwZ,pumpswap,1790217571,0.000003267,3199.1,3074,3074,0,0,1.61,37.8,0,0,0,0,0,2,3,10,,,1.52,0.85,0,1,1,1,,,,,,,,,,,
1790518778,7GUnr7krtQhJwd6ASY2VUprd9t4c64zcgCsjdmZepump,NPC,BRjMA8UALNp3diTKHfdeAn5riQrYPoaYez7KhYWD4oEs,pumpswap,1790216955,0.0004458,79215.79,410183,412463,620.81,33405.04,103231.44,997771.29,8,4,108,135,472,473,5139,4811,-0.42,-16.94,-23.75,-41.03,0,1,1,1,,,,,,,,,,,
1790518781,GDsVukNDGukURCAo2pnqXtJwkRyGaHZHEtuk1N1pump,ACRE,CTcakS3g1B16gY46hW9rfswtcguQhguEoC85MgMjQ4bF,pumpswap,1790243338,0.000002935,2889.91,2791,2791,0,0,8.89,9.99,0,0,0,0,0,1,0,2,,,1.53,1.53,0,1,1,1,,,,,,,,,,,
1790518778,9ni8ZTUidhLWyRF1Uch8BAEEVETMZxtcdupSGim4Mcrj,AH,FRAWy57fh5Wj8FLT3Y44112KY4CjpfDV6Etx6oLKC7D8,raydium,1790077244,0.00001204,8398.61,12048,12048,0,0,247.13,3111.73,0,0,0,0,1,7,37,51,,,-9.91,-14.79,0,4,1,1,CPMM,,,,,,,,,,
1790518778,7jMAxNVduVyvhh3rvunfGAhH6u46Z2qopqH9vB4hpump,INFUSION,9v7mg2pqnxW2g7vvWFkadjjuEE5zrYeo1eyxNMLMz3Sd,pumpswap,1790236944,0.000006639,5616.46,6422,6422,0,96.57,192.7,689.31,0,0,0,2,2,4,7,23,,-4.56,-2.8,-8.68,0,1,1,1,,,,,,,,,,,
1790518779,Az9eyxEaiZD9AX4j5nP19Cm79eyfNriTuddMSQmLNEBm,CADD,3AfrTUBKBytUYnWNCvuoZ58U1EF1mzuVneLfGJaWNneA,orca,1790174281,0.7109,87079.46,56162,56162,0,0,0,3.65,0,0,0,0,0,0,1,0,,,,,0,0,0,1,wp,,,,,,,,,,
1790518782,yFcTuQJCMsd1Asya15GZ7h4KGdxsujRLcUiTWWXpump,SDOG,CBnBZf7o1hZ2eAiqyCSVKTXrbNF8BLkuNeX65mPpd41C,pumpswap,1790239191,0.001155,111407.84,1102027,1102027,2721.14,68951.07,325487.51,2607265.54,11,21,232,450,1794,1647,10302,9904,2.51,7.97,-40.76,102,0,0,2,1,,,,,,,,,,,
1790518781,E6asf2mRk7xbQSH816d1m1MAph7ZYFxn5jYCMtcKpump,SIDEHOE,GdWPzVtNJwvcATsQyF8e9TXHFRZe9LU1y2KmZRkhjCPD,pumpswap,1790238314,0.000002590,2648.17,2510,2510,0,0,2.41,18.59,0,0,0,0,0,1,1,3,,,2.19,0.8,0,0,1,1,,,,,,,,,,,
1790518778,8LHgAXXPbMVqd3wmAQbTu4NxuRRe3qowgUSLiKmFpump,dap,AatUCcoFPRovvTrSLUzN8yfjuvnQHfVoThKQiyfsHvEr,pumpswap,1790280704,0.00001566,10675.13,15006,15006,0,172.08,2390.75,11560.64,0,0,1,5,24,35,165,169,,-4.96,-4.23,-13.74,0,2,2,1,,,,,,,,,,,
1790518778,74QqbxgSWRTM6TvxpggsosuEwN21tmjZRSegyfFANAf9,AI,8iXGs3rSqshaWD9iCZEXu5XLvD5CUhuu7DSA7kd3Cg92,pumpswap,1790279430,0.00006795,28100.95,66507,66507,1900.2,4344.55,14345.23,84127.47,1,2,20,15,120,88,705,512,29.32,49.65,4.16,-70.09,0,0,1,1,,,,,,,,,,,
1790518778,9DfJAWccJy9W39uwqubRJfBs8odgGgphxwkucvcTpump,$ATTN,7KochGrANK7TPtA9dAbYGoC2XHLUKRDFTHJtvhjTFYRi,pumpswap,1790280099,0.000002481,2637.34,2395,2395,0,0,0,2.6,0,0,0,0,0,0,0,1,,,,,0,0,1,1,,,,,,,,,,,
1790518776,2Ngvnnkwrwq5u4RYV5WYKJ2wiQoEkKaVCc4LuuhYSTNK,STONKBLEND,5NyGX4kKCqPT8pPw7wHn2Ce2kDfaxTQ71uSLi2Vaspmj,meteora,1790283749,0.0001417,805.26,141714,141714,0,0,0,13459.72,0,0,0,0,0,0,101,95,,,,-36.36,0,1,1,1,DLMM,,,,,,,,,,
1790518777,36sXP4TobquwgkfNDNa4r5gDxoLZdJmy3cJNUgUXpump,MOREKNOW,DZqDFHfGFvZiWTdgqDQVHEd2zp1gNTo2hwCWz6Kmn3r6,pumpswap,1790279108,0.000002615,2900.07,2540,2540,0,0,0,7.21,0,0,0,0,0,1,1,7,,,2.02,1.2,0,1,1,1,,,,,,,,,,,
1790518782,GaSqnZJnuwFfxhTHJnLDCevHKMfgo5KuqzxuFqSWqoYN,WEED,Eq3cFGAkquVzPKSY96xrKvodDwvTXGXJbpQfXYYZgYUY,raydium,1790302518,0.000005994,8561.33,5994,5994,0,14.7,225.72,1342.23,0,0,0,5,4,9,24,37,,1.77,21.23,52.52,0,1,1,1,CPMM,,,,,,,,,,
1790518778,7AiipkYByyRKG3UDpKfxZJczsZ6JBdzKMCX6MJ5opump,FOMOBLISS,H9FKx2EVDu5n68woe6BCvmqmd85Goi5gNBWHLTGfWYof,pumpswap,1790304254,0.000002483,2535.38,2336,2336,0,0,0,0.09,0,0,0,0,0,1,0,6,,,1.44,2.04,0,0,0,1,,,,,,,,,,,
1790518776,2SE4qjAbNtq9kTLktRA9aZzGpYhRwran2TVwuZ2VJgan,星链,HDHT1pXjeaXG7J44CUTjcsWeq85uJatkDCEe1KZqnsFq,meteora,1790304210,0.00001775,9328.16,17759,17759,94.11,847.01,3612.48,17509.15,5,0,36,6,92,64,264,185,5.02,13.23,34.99,293,0,0,0,1,DYN2,,,,,,,,,,
1790518779,C61oA922BKGFkQMEE27QYkAd15NsRh9T6H462LYHk4DU,POKESTRTGY,2JcCoETAWYmEvpM8ixSDoQZpRbYXzXk4XPdLHkCjGgVi,pumpswap,1790303869,0.000003137,3262.91,3076,3076,0,0,0,22.6,0,0,0,0,0,0,1,11,,,,-0.46,0,0,0,1,,,,,,,,,,,
1790518777,5g9PWcRUHpmqm5uKycpShKXJB18sGLeCEzgB3qrRpump,SWARM,Ftjga524YrS7RPzGCcezMuQnFDYa8PcvWDY5mFmZk5dy,pumpswap,1790326034,0.0001965,46964.25,176042,176042,889.86,7629.25,129744.98,622536.73,153,7,2014,64,11082,971,49586,4338,5.94,-4.76,11.58,-61.64,0,1,1,1,,,,,,,,,,,
1790518777,6Cw4kWUaZHmh71E3YRiHFRvLA28EiYp4Px2GkUrXfvWM,Shillpad,HsLx3s5UmRTkN5AHYARqGaz2JfphuCY7cVycLAGmafBE,pumpswap,1790325220,0.000005593,5105.95,5426,5426,0,0,59.84,2260.71,0,0,0,0,1,3,31,48,,,-1.46,-31.59,0,0,0,1,,,,,,,,,,,
1790518777,5NhN6zzDkzwXFGPFqtpTopV4ttBeZ6CWy1oRL9Rkpump,Bagwork,3yXXas5wQqC6LzV9x22GEqVr9Dgg1VC6yynkVGhRWJWM,pumpswap,1790345694,0.0001223,37897.83,118850,118850,2231.48,20197.34,81641.4,542082.09,28,19,177,166,608,475,3834,3933,10.98,-17.92,-44.23,-81,0,1,1,1,,,,,,,,,,,
1790518782,HdFjuK2KPLDXHEvD46FU9GEbujiYJJG3SGKDJttCpump,NUVEX,G3ES4o6JmGUuRqjkjK56fWiGLCwLY3DyoGoG9k87wWHb,pumpswap,1790345098,0.000003320,3282.02,3176,3176,0,9.54,48.37,125.94,0,0,1,3,3,13,6,45,,-0.64,-0.86,-4.47,0,1,1,1,,,,,,,,,,,
1790518782,jLz71QZfjnZZMLjUaCBw7KmUyftkkNq8NkWi2u9dyap,YAP,Ax9GpoBxTKb19NMj4eJhNsy163xuUGmFKrLpELeQK7LX,pumpswap,1790345473,0.001349,131205.64,1229279,1229279,50138.43,105754.82,452383.67,3391697.61,287,117,572,356,1972,1700,12911,10381,-15.15,-22.24,-34.7,-69.42,0,1,1,1,,,,,,,,,,,
1790518781,DYM6DRb9W7dQa58Jn717dDSVKP5KwDSevdptfwwcpump,BackInu,EnzLEU9coGXhz5ggtVQ6y5vRJbaZ43vpriWqZcszxPfP,pumpswap,1790344647,0.000002466,2676.23,2432,2432,0.29,0.29,1.14,25.72,0,1,0,1,1,1,23,13,-2.22,-2.22,1.91,1.74,0,1,2,1,,,,,,,,,,,
1790518781,DjUwjdo4eujo8wq9hjdiz8o54hxgGaQ6U61JHixqpump,MEOWLIN ,9nJ2LihFrz7oGdsQBh22aRpsVCzDbXZhVdCHLA14bqY5,pumpswap,1790344193,0.000003842,4200.53,3746,3746,0,0,26.39,236.15,0,0,0,0,4,5,13,29,,,-0.15,-8.18,0,1,2,1,,,,,,,,,,,
1790518780,CmTFnmtW19nCEz5QGmV7ojqhVKaXJVsPwR6t4QvCGiBd,Poocoin,DtN6LWpZy4dsiyMEN1on3xUrUr2pbEm9ELsX71r8qz3y,raydium,1790344630,0.000002480,4673.84,2481,2481,0,2.2,42.18,136.22,0,0,0,1,0,6,7,13,,-1.81,-3.54,-7.11,0,1,1,1,CPMM,,,,,,,,,,
1790518780,CmuBeUrVtq3M7r8U7NB8AkAcb3HKq5vPbvG4xDjipump,ONIT,7YpjkmU7H9LLsAGUs67LE9H2mMGkvm6GeKDhXiNKyNwu,pumpswap,1790353279,0.000002530,2633.02,2448,2448,0,0,0.8,10.37,0,0,0,0,0,3,1,9,,,2.46,1.38,0,1,1,1,,,,,,,,,,,
1790518777,2yyQGySj9G17M8G8maRTmahcnf6MxkdJYe5SdyRapump,GROKBOOK,8uPCocPSLejVtwaesEWq3TzQRtsL4kwp3RhtxsEmfcn2,pumpswap,1790352310,0.00002158,13250.48,21029,21029,17.76,181.61,1127.02,10562.38,0,1,3,4,9,14,126,121,-0.23,0.17,-12.39,-32.33,0,1,1,1,,,,,,,,,,,
1790518777,3V43dHnk3kkU3w8RnxEsmbJcHQppGjTJ3Mni3owDpump,SHIBA,FqHxeafzP5dJPQJjV1GeTMaDGu7bcTKpirgci3TTCfxz,pumpswap,1790352567,0.000003029,3728.56,3003,3003,0,0.2,0.2,209.92,0,0,0,1,0,5,4,26,,16.4,0.72,13.86,0,1,1,1,,,,,,,,,,,
1790518781,FpNQoEmY39RBVr7i2PHxmmhY3KCTEPveJ5mmyyVZHKiY,PUMPS,DYNAdTwd9kXuYNiD5Wm98xjsxBYXjwt6EawUQ28deqxR,pumpswap,1790353141,0.000003229,3267.69,3155,3155,0,0,3.35,238.22,0,0,0,0,0,3,75,91,,,1.1,-5.95,0,0,1,1,,,,,,,,,,,
1790518778,8SerkEicthsnmh5hVubrH5GxSCwJD2FYK5MgnA96pump,PUMPGO,BwJNkQYywn3MgoMQ1zSSR9GM6Tz9DPPpmVayTJvy4UYU,pumpswap,1790352364,0.000002456,2634.68,2419,2419,0,0,7.81,10.68,0,0,0,0,0,1,1,4,,,1.62,1.55,0,1,2,1,,,,,,,,,,,
1790518779,BXnL73Ao2wDekVf72oi5gYnhoorwoLoZYQgStTZcpump,FOMOGO,5NKkCp3mNLnFskgHTVHqpr4vhzjAfS6CHAuo5PFLd5un,pumpswap,1790352612,0.000002553,2708.5,2492,2492,0,0,0,126.18,0,0,0,0,0,1,1,6,,,1.48,1.99,0,1,1,1,,,,,,,,,,,
1790518778,9BRb3SLwev2VrLD7nXY5A6yRuXFt6kw6BnGGTeDG6Bpm,Alpenglow,2SEPnBkhqwwCfJqZj1QTRCVv3mLibf8sa3MbBS4RDQLU,raydium,1790250149,0.000003559,5987.62,3559,3559,0,0,480.4,631.9,0,0,0,0,3,6,5,16,,,-16.57,-21.46,0,1,1,1,CPMM,,,,,,,,,,
1790518779,AyrwVqp7F44MQdqJHbjkuELfVPXpqW3xWzk7CGTKdyqG,RUPEE,ARwaD118z9gbotUaMAaU9PRuw3gJGaeV5wngjc7nXPwB,raydium,1790272678,0.000006028,7454.74,6028,6028,0,0,499.9,1509.46,0,0,0,0,5,8,12,42,,,9.08,-8.43,0,1,1,1,CPMM,,,,,,,,,,
1790518782,k1jnShqQ15xBupKaQGKz6CHkcWc8zCi3g9ReBeWpump,SCAN,FXmnXunTmFRLBkKCnGomwybPm8gvAmE5yZYnJhMfDAsk,pumpswap,1790342665,0.000004102,3877.15,3838,3838,0,0,4.03,356.88,0,0,0,0,0,2,15,21,,,1.79,-10.41,0,1,1,1,,,,,,,,,,,
1790518777,5vykgir6ikU8cP55aZfzdkKokSFCPBbJt4EYsDL9K3Fw,SCOUT,8XkaupksVZfxdkxMxA85zdRZady93CNRtx4dj47CJE3L,pumpswap,1790434263,0.000006875,5556.53,6360,6360,242.93,242.93,627.72,52492.54,2,0,2,0,11,9,660,747,11.39,11.39,4.36,-85.34,0,0,0,1,,,,,,,,,,,
1790518782,dTy7BbHMP57nTtTiugCnuWAi7GPU7pMa5QmN3mmpump,degenborn,HH6RJPefbmVJqcB11aQR5Vp8t2K8BBMKeVScPzLRs5gm,pumpswap,1790360349,0.000002446,2599.96,2392,2392,0,0,0,125.16,0,0,0,0,0,2,2,10,,,2.54,0.97,0,1,1,1,,,,,,,,,,,
1790518782,H8zpQuyE89HTfJAJUH8DPZUiAWEefQvgwBa1yf7Spump,Z/Agent,F6chUsPNoAG4QmV8Q93fEu4HVr3fa4dKHP3Frfjn8VS6,pumpswap,1790361897,0.000002544,2610.26,2464,2464,0,0,0,35.28,0,0,0,0,0,0,1,6,,,,-1.85,0,0,0,1,,,,,,,,,,,
1790518782,bGpXrniA1kzqubTCCexxR4Zh4Hrx8eoYY1Sqtt3pump,SJP,GVndqmxuj9MPE8pBCzZxkkogEgt5zPSsjEFiZ8A8pVzx,pumpswap,1790374247,0.000002770,3152.64,2730,2730,0,0,0.11,263457.53,0,0,0,0,0,3,4869,11513,,,2.37,-99.47,0,1,1,1,,,,,,,,,,,
1790518782,arpmqKuWcVQ4Q9M4LPLaMPmvP55NdnLxdjecSPfRgv6,Arena,5jkov4tz6JraFiUf7dzk49Td2yUWpFrq39LBj5wQtnSf,pumpswap,1790375454,0.000003727,3816.23,3622,3622,0,23.86,72.15,1083.87,0,0,1,1,1,9,28,68,,-0.45,-2.61,-22.03,0,1,1,1,,,,,,,,,,,
1790518776,2nEW87xAabQBEgVvg9N989XDi6A1p8HfazStRmmSpump,MIAMI,7osfyYnM7ffTid45X2y96HmC8kbx5a4LXpcgXsm6C6om,pumpswap,1790375737,0.000002110,2324.33,2045,2045,0,0,0,0.27,0,0,0,0,0,2,0,15,,,2.21,2.66,0,0,0,1,,,,,,,,,,,
1790518778,8JbRMGtCjanNYDWuMreoxwM7HUyrAAFSQoyHE4BnroLL,MORTY,BWHq8hqdmFcNz1pUGCSuteMPxkDaS4YGHiMA44n4VPS2,pumpswap,1790383366,0.000002862,2856.84,2740,2740,0,0,13.87,32.51,0,0,0,0,0,1,3,11,,,2.1,0.89,0,2,1,1,,,,,,,,,,,
1790518779,AQJ7hZRjtGLZ2H1pvPZCVxK1nKwtffLeeaUTzt7Kpump,E/ACC,EFc6GPHBdhNatkFoYYS8CpjDHy8GQD11N5S87H3pkPrp,pumpswap,1790371010,0.00001144,8572.31,9854,9854,0,115.03,1053.45,38740.09,0,0,2,5,8,20,385,392,,-2.25,-28.76,-7.19,0,1,1,1,,,,,,,,,,,
1790518779,B9C7Ehd2Ute3fuDQSzbv6QzECHUsEp1yqQ795sTdpump,Nasdaq4200,CWQFRbvFDEqjDYsneTCbqyUEFXrrCYNrPqcAggWnuMi,pumpswap,1790379660,0.000002428,2610.94,2391,2391,0,0.3,0.3,1.88,0,0,0,1,0,1,0,4,,1.54,1.54,1.55,0,1,2,1,,,,,,,,,,,
1790518782,fart3xZRTVH28QsS5Qtb7MXZMVJGyeKPB4aoZCdGQfH,fartdesk,phxiteQTCeG8NDbhdQBwaJKEray76bLfZn22chNV8ph,pumpswap,1790382430,0.000002522,2518.25,2422,2422,0,0,0,32.31,0,0,0,0,0,0,1,6,,,,-2.14,0,1,1,1,,,,,,,,,,,
1790518780,CMuvWQ6qQbSt7NUQdPGcVKCoDgETieuqS68qu6BaeVgR,Cream,CPRoWXCgq3ELsnqsGDMLmAVRnNSmyN4k1ddc6efGdd91,pumpswap,1790381948,0.00006990,28972.98,68636,68636,417.94,18252.31,48186.73,722437.69,1,5,84,91,240,310,3638,4386,-4.72,-31.78,-41.23,-85.94,0,0,1,1,,,,,,,,,,,
1790518781,Do4VN39zVA66MFEKUTfE2TDjAMuZ4yNHmyJHWwYhVvi9,Cream,6hnyXBi8mymwwMB5nsAd3MLERnQA34mPS66Qz1YsBzvJ,pumpswap,1790382093,0.000004678,4900.02,4598,4598,0,0.2,15.76,1260.82,0,0,0,1,2,3,24,69,,-0.82,-0.64,-25.97,0,1,0,1,,,,,,,,,,,
1790518781,DsJDVBeNnUYvsJEaLyhNm6xrULzVDzuAPCVCHKRCpump,AROS,2tdb41UFaTDyc1Y1jpsqoj5hQWwwirhbBm7nBzbRaRMp,pumpswap,1790382020,0.000002646,2666.42,2646,2646,0,0.23,10.04,256.22,0,0,1,0,2,0,12,5,,0.1,3.31,21.65,0,0,0,1,,,,,,,,,,,
1790518781,EkRK2ZVFaULuPEHyGGiUtK3kTLcMpJBRMocsJ46LCAUk,gas,9kxVVs2pHVKCG8fSZD2Pd9TAwsPCfaX47fThrB3sdET,pumpswap,1790380913,0.000007211,6330.33,6957,6957,6.76,6.76,775.65,10149.45,0,1,0,1,9,17,133,198,-0.95,-0.95,-23.49,-44.22,0,0,0,1,,,,,,,,,,,
1790518781,FrqT2n33PQY1JxUMUWFVTbG8LUFA7yKzKnnrNctcpump,AMERICA,FvnCWX4ekN4tg7X29du6RLVFcab2TBmiPkGiHbwUH3NW,pumpswap,1790388879,0.000002155,2175.16,2142,2142,0,0,0,0.14,0,0,0,0,0,0,0,1,,,,,0,0,0,1,,,,,,,,,,,
1790518776,2ggAncsyaAGFaWT8HJj5YsB78QzbUaXStVi5xrfBpump,e/ass,6hm6C65rjJFhT7BfPRJrUEZVc8HsQGbhMSfT5eXDLWzC,pumpswap,1790389157,0.000002382,2475.01,2336,2336,0,0,7.85,220.35,0,0,0,0,0,2,2,14,,,2.03,-13.32,0,1,1,1,,,,,,,,,,,
1790518779,BfmahFa45CrMJf45yzkmUgREr9CQubfcowtnuUncpump,e/pump,981pkJzLyxqcQnXiUeei3Q6EoX1i6mVk6zhRJ2KqQ3qM,pumpswap,1790387460,0.000002398,2546.62,2366,2366,0,0,0,190.2,0,0,0,0,0,0,0,4,,,,-12.22,0,1,1,1,,,,,,,,,,,
1790518782,H3WMnR7wYagBNQbfUCJL4An9T5YYgYFkw6PL1PwXpump,Toely,GDmrEfnTcgSZB1vgenAGrSba32LaGF4ZDKpGmdkbiQnD,pumpswap,1790390672,0.000004870,4350.47,3685,3685,0,0,129.13,157.05,0,0,0,0,0,1,0,3,,,-1.09,-2.28,0,0,0,1,,,,,,,,,,,
1790518778,9y55XTAtoXxQDiXGCNS6NjoDN9YPxz3SUjVu1Qwtpump,Pinto,2aguA4ttDJC79FJdWo2Bm9s7zBZvjxgxcCiAcGFzPiMG,pumpswap,1790390006,0.000002527,2661.66,2416,2416,0,0,2.72,3.22,0,0,0,0,0,2,0,3,,,1.59,1.59,0,1,1,1,,,,,,,,,,,
1790518781,DbSu6FR7zMbhd83D1V4KiNEobNM7B3ono6pMsaE6pump,roon,3YwiYPRu7QP8yWBcBhVsFQokXQ1kV1sWQB8zVaNnRv1d,pumpswap,1790389779,0.000002178,2209.03,2166,2166,0,0,0,6.42,0,0,0,0,0,0,2,2,,,,-0.06,0,0,0,1,,,,,,,,,,,
1790518778,6nNdopDSgM5vn2hTgfWWkM9xE5fqZ6NqhJSBBygveNc8,PSYOPANIME,Ac5rF5VkE8kdSNSf4vA8kkfSJAmigwJVnMTwu1Vr2eQe,pumpswap,1790390377,0.000007377,5945.28,7029,7029,0,156.66,853.4,13278.35,0,0,0,5,8,17,127,168,,-7.53,-18.96,-65.74,0,0,0,1,,,,,,,,,,,
1790518781,DMZtsWeDaPRGU4ziXxcEMuPbXh1BmDm5iR9LirT8ZoHG,BEEPLE,A2ZBmfRQbkLH9KaGSfauCEhWMhmYADQYEST4hzjRcPZr,pumpswap,1790395582,0.00004834,20401.19,47131,47131,244.4,6747.54,17912.8,478459.65,0,9,42,59,124,160,2708,2685,-4.89,-20.68,-41,-50.89,0,1,1,1,,,,,,,,,,,
1790518782,GmPuERh5xhjdH3zGKz1nJdZ7WsqXYMpdxTju9hdDpump,TOC,DTHgTd9gN3LM3fTdJWkTP4FqjkWyYpJ6axZwD2qRnA5w,pumpswap,1790394317,0.000002617,2908.68,2530,2530,0,0,0,2.06,0,0,0,0,0,0,0,3,,,,-0.63,0,1,1,1,,,,,,,,,,,
1790518777,4LBPTZUaJdBNHEEBbzFeMXaaZzD5cggtsorwYaPtzbiZ,x/acc,5kZLBoyQnpoiCkwMjv971MrkhuJBPW8cBfyz6G4uYkxU,pumpswap,1790393512,0.00002393,13723.79,23119,23119,46.14,1711.63,14914.54,372184.16,1,2,14,14,128,110,2554,2224,1.22,3.14,3.2,-37.72,0,0,1,1,,,,,,,,,,,
1790518777,41g3m5wZ6S954QG2EKtHZ4qpv3CfDHV5LHSVfbdCgnAM,a16z,Bskm7ycvt2aoVK5xW8MnyQLyzrgPnfcnehC7nF2ByVFu,pumpswap,1790396313,0.000004087,3847.96,3665,3665,0,0,273.88,621.82,0,0,0,0,0,2,2,12,,,-14.14,-19.96,0,0,0,1,,,,,,,,,,,
1790518777,56UCBMNousmZwF9GAoGoztrs2LsavxoxBhbbPdJQpump,RICHARD,J2EXuATW6kE5p51WxeWCYiSqXMBoVVHNg1eTHynC1w2k,pumpswap,1790395585,0.000002228,2259.88,2216,2216,0,0,0,1004.29,0,0,0,0,0,0,5,5,,,,-7.15,0,0,0,1,,,,,,,,,,,
1790518776,2iUa6AB9PFFdNt2uySNgTg7PUyTBTEh91JP5CjBJpump,e/acc,71pksUuBXUNtyR1c5hrzTfCdnSeSVyrAYSPNzorVPpvz,pumpswap,1790395479,0.000002178,2223.05,2166,2166,0,0,0,0.22,0,0,0,0,0,0,0,1,,,,,0,0,0,1,,,,,,,,,,,
1790518777,35MmkVyoE3PHieNwxjV1wvmHHQqvc4fgkAXWtawtpump,SHOGGOTH,FkYRV3CJhGDFfw3sSgWhPqjDKtRcAopnXDorUEfW56JU,pumpswap,1790404378,0.00001403,8892.22,13351,13351,0,805.84,2513.29,81233.3,0,0,11,7,28,35,703,709,,6.87,9.46,-49.78,0,1,1,1,,,,,,,,,,,
1790518777,693L8NbWor3m3TGdSML15GftutdewRvEKLRUhJFFpump,manifest,EssHySxHEMuE5et9ConhrXG6Qbbxe6nQWQbBoKhM8Ly5,pumpswap,1790398746,0.000002371,2436.7,2297,2297,0,0,0,12.75,0,0,0,0,0,0,1,1,,,,-0.79,0,1,1,1,,,,,,,,,,,
1790518778,84PCeAcEoACNYEMqG59tuo6o2GoeadDLiZYztW7upump,AIMUSEBOOK,3Y5MhJa7xX9j4hwDDHP1J6eBbXBYmmwG74xAYDif9uWX,pumpswap,1790403531,0.000002454,2503.04,2320,2320,0,0,0,2.29,0,0,0,0,0,3,0,18,,,2.36,1.42,0,0,0,1,,,,,,,,,,,
1790518782,HccKMtfAP6JrJtPEeYzukq4Txg5suvMCoA2jkW7WUkS4,CLAV,CUoUjZBqBkRc9PuDnRrzqmoNTZiVuZckbfMvEz9bf8vj,pumpswap,1790408910,0.00001134,7756.65,10782,10782,0,5.41,1211.03,15443.35,0,0,0,3,13,19,185,215,,0.02,-28.29,-40.87,0,0,0,1,,,,,,,,,,,
1790518777,55Vr2VpSwxsDkB6uGGHAvRv86K6zax2Zb4TT8ivwDEzW,slopcannon,BNG5962Zkbd6ZFmfAKjtCF6Z2mJbA7qn97oMsQShspLP,pumpswap,1790409726,0.000009645,7542.96,9301,9301,0,1508,12417.02,92567.44,0,0,11,14,95,114,732,782,,-9.48,-24.32,-46.57,0,1,1,1,,,,,,,,,,,
1790518777,3BLSsAu7aNkF24xHN2hju95QpHJKPpfmyD5AHXnUwikM,NEWGUY,8aZwEzC634J7rUEZSBG5Zen2UR9Ma7FZEom7puvwjCc7,pumpswap,1790410756,0.000004741,4307.19,4578,4578,7.68,236.33,2699.68,10962.67,1,1,5,5,44,31,176,144,-0.47,8.37,3.05,0.68,0,0,2,1,,,,,,,,,,,
1790518782,HmhNrQQvkaApMUww36NQGndCxf1TVV8pSbwuEqsRpump,Clashpad,91npGhVcF2ke7q1Znfz95BJen2R95daXJJw1KnTN7fZV,pumpswap,1790410581,0.000002456,2601.42,2394,2394,0,0,0,0.33,0,0,0,0,0,0,0,4,,,,2.13,0,0,0,1,,,,,,,,,,,
1790518781,DzdAwbvBsdXztamr8D6gwT3hE7ZLiWitWowbz6SBpump,MrBeast,9mxD9QbitQoLVHqYfC4XB5645PRDaWUpiwJNC3mGE4W4,pumpswap,1790409653,0.000002156,2176.75,2145,2145,0,0,0,3.96,0,0,0,0,0,0,1,2,,,,0.31,0,0,0,1,,,,,,,,,,,
1790518781,FPf5b63bnFi9vzWALoxbVGbsH5EHQaJmqSEpY4k6erXa,DEBT,H2mDsuSnAjsrwCKU4Mk2x9npH3WBFNGDDSEGUWWDsNzh,pumpswap,1790419152,0.000003033,3037.5,2915,2915,0,0.8,1.7,227.63,0,0,0,2,0,6,4,33,,-1.11,0.63,-8.69,0,1,1,1,,,,,,,,,,,
1790518777,3dMEcjM8s9PPPVsw9YxprmZnhYsnqKmhqghfaM1etA9q,House,G943i6c4uTQDxCPqazKifE8rUH1sxxBsGV6PL2QA3hm9,pumpswap,1790418682,0.00002103,13122.66,20244,20244,42.48,3355.62,201804.2,1284564.94,2,2,56,43,1327,1165,6694,5923,0.11,-3.63,-52.11,-80.65,0,0,1,1,,,,,,,,,,,
1790518778,7oL12fS1f7p5RDsbqfxxe2WpHBdcEue8ezaGu1KY8fDz,D/ACC,HHibqAermywztHuSgWyr4MahgLfV688o1oKUTquJaK6J,pumpswap,1790420523,0.000008499,6603.6,8145,8145,0,790.74,6429.87,97935.67,0,0,0,9,41,76,615,717,,-28.01,-65.45,-91.47,0,0,1,1,,,,,,,,,,,
1790518782,HM1UnhYmPKBwKYtM6msuwSHaAAEPathk7ysmFWTypump,Hermès,BLkGcaNeKHwunouVXPEMUNpzhFBkSpovz6W13wx41Be4,pumpswap,1790415377,0.000002229,2276.59,2219,2219,0,0,7.94,7.94,0,0,0,0,1,1,1,1,,,-0.84,-0.84,0,0,0,1,,,,,,,,,,,
1790518779,C1s8zDqTsrSRoNpjiSC7mAU8onSBJoAdDi8fMuJKpump,KFC,Gft1mmQ8EdBun9gpjeefSsD3jMYBNGeAqSSXU8RRFXPD,pumpswap,1790417387,0.000002173,2193.82,2160,2160,0,0,0,5.7,0,0,0,0,0,0,1,1,,,,-0.71,0,0,0,1,,,,,,,,,,,
1790518782,i7HDwzNJTR8hN39S26kvxfCTJP1V3qfCnYr6mVrpump,BMW,H5ugN9gy33V4EY4BNakCGbNjExojyVRE4ENiaPhNEL7x,pumpswap,1790419033,0.000002255,2270.92,2223,2223,0,0,0,6.75,0,0,0,0,0,0,1,0,,,,,0,0,0,1,,,,,,,,,,,
1790518781,EjTmcUQQdrqZ76GYyTcqMiYkwcoeM5JvX9JBJap3pump,UEFA,HvjSoeqdCx2Qms31k54r5EhXRnYLEQSgesvYwAD9TJAd,pumpswap,1790418889,0.000002203,2223.03,2191,2191,0,0,0.85,0.87,0,0,0,0,0,1,0,2,,,2.27,2.27,0,0,0,1,,,,,,,,,,,
1790518781,FYM6PhwAS3QwTBwvgLj8JYeMgpNfKsWtW3hGxPM9eFkt,DEBT,EP88Ktqm6491WEm1ZJsEryXYYjuoLh5cEyz5exyxr1Cb,pumpswap,1790424156,0.00001992,14331.7,19705,19705,29.4,2995.21,10476.93,1332224.2,0,4,36,59,131,218,11550,10087,-0.83,-27.45,-44.87,-97.55,0,1,1,1,,,,,,,,,,,
1790518781,DW79CfEpK5MLabxWUUAEqFff99hkkkiyQFhGPRZxpump,CateBrain,2hzLncp1rXrBNaoKEYkEK8b87jhMLNRrUj6dKCwUDZsP,pumpswap,1790415893,0.000004366,4115.81,4177,4177,0,168.61,724.6,18306.26,0,0,0,5,13,32,293,420,,-6.71,-19.69,-69.88,0,1,1,1,,,,,,,,,,,
1790518781,DNZUh8tcaXdkwQgAaxzHzjiCu6xtPjjhHJKsuNfQWz1b,CZ,J3oaPEof5u6PJaaz49jVSZKjVhF1ao5ftS4ZLzfTHcby,meteora,1790425336,0.000000002656,2.5,3,3,0,0,0,0.02,0,0,0,0,0,0,0,2,,,,-1.61,0,0,0,1,DYN2,,,,,,,,,,
1790518782,HL8LrvYgmmHoLH9TvqqSv8Sy6yBGjXjZmpv2RpitpvUX,YAPCAT,H7Y2prMahqQUrWB7cgPMmbvuc33CN96AVYkTQxAeBxfG,pumpswap,1790356187,0.00004728,18888.64,45219,45219,4656.61,9007.21,33007.69,262672.84,39,21,66,48,237,206,2081,2794,-18.2,-40.56,-46.53,-67.33,0,1,1,1,,,,,,,,,,,
1790518780,DBFcomeF97mTgRoKvHj2YtdFdvFcrLP4pFTBEPpKpump,LILVADER,6BSARLZhc1YEhCfdwwudDsMXK3TMMcWCEAK74TPrmAHy,pumpswap,1790381508,0.0002670,47175.89,254587,254587,783.19,11697.39,42108.5,515641.91,5,10,37,71,236,236,2907,2525,-6.01,-7.4,-13.77,514,0,3,1,1,,,,,,,,,,,
1790518781,FPVy8zJvHsf3ZdLoNokQVzYLrkcoQ6LMTZ7riJNWpump,s/acc,FfjGMDK2X5mzcCVGh8bizkPfxbeJx26p5StCz1T6DNV6,pumpswap,1790434964,0.000005295,4617.19,4890,4890,0,9.07,565.66,77485.62,0,0,0,2,2310,38,9307,1272,,-1.01,-97.98,-89.12,0,0,1,1,,,,,,,,,,,
1790518782,qjjgxM2z3B6oNTvUzYJA7bsUVyG69C5jKc57v4SaMYT,e/acc,Bua3QibBkx2FYjVFKKjJKKutjZho2DfaR693Bovq5YKC,meteora,1790432293,0.0000000004517,0.8,,,0,0,0,1898.57,0,0,0,0,0,0,97,100,,,,-100,0,0,0,1,DYN2,,,,,,,,,,
1790518782,GsJh3U3DP8D5w8chmBdD7KKxztjWB77qLWCXRDyQAkmo,DEBT,FpFMz1vanFG49qYDZmJnHus3C3t2iZnboE9e5gwr1R3c,meteora,1790432364,0.0000000004368,0.78,,,0,0,0,644.4,0,0,0,0,0,0,31,28,,,,-100,0,0,0,1,DYN2,,,,,,,,,,
1790518782,jYzqoJtjsQ8VsRWssECjDbrtLZ2y7T65PeEyseMpump,Robin hood,368gGWD5pf3fcFhxnyMK2LjdxMb7m8Ht8NNZhCjJzfuM,pumpswap,1790430184,0.000002228,2274.26,2211,2211,0,0,0,93378.11,0,0,0,0,0,0,8525,8778,,,,-99.23,0,0,0,1,,,,,,,,,,,
1790518778,74fZWu5jcHUpGL6ooZhPJRoidpMRwPGwYNdrVoW9pump,Meta,86bMSdWWos2uvoTS5EemE7wBygL2M1WMEWBv5ZrRdDih,pumpswap,1790431824,0.000002167,2187.05,2157,2157,0,0,0,65823.9,0,0,0,0,0,0,2828,5861,,,,-99.6,0,0,0,1,,,,,,,,,,,
1790518779,Avk25UtvVCimfCh5dn7pBAvo39GDqLUoYZg78L6pump,PAIDHOUSE,EQSZN8RfTGNwQ7c4LLn1xqPGo1UrT6QiB42vLiSTDoRK,pumpswap,1790431758,0.000002576,2791.86,2523,2523,0,5.91,6.83,523041.86,0,0,0,1,0,2,3987,3174,,-1.3,0.99,-97.9,0,1,1,1,,,,,,,,,,,
1790518776,2TM7VbMsyRsNpvbTuSyYg1m529b1g1WujbjVnBYppump,Google,6RDM7aPEya1YqNofPESzyevemp5Czr7mkz4Jgjo5X2Bg,pumpswap,1790429264,0.000002162,2194.68,2151,2151,0,0,0,88531.27,0,0,0,0,0,0,8496,9698,,,,-99.3,0,0,0,1,,,,,,,,,,,
1790518781,EgHU78SQ7Q9ESYQFo7q8zf8euHtzLZGABZ2Gi8Tppump,Jerry,59z4HKSwS3nE6bBx8i7My4NUfb2j7GVCnzs8yiN1aExd,pumpfun,1790378341,0.00002618,,26185.66,26185.66,21.77,30.71,3611.67,29943.02,1,0,2,0,31,27,265,240,0.33,0.48,15.49,164,0,0,1,1,,,,,,,,,,,
1790518782,HeEC24FVai9uFMnz4PHCjuAdHcCMQQ1Uw3MZPWyxBGMe,Elizabeth,7EpPd5jbLy1oeNQcx7ErFeCoVW7UekLuR1tf4BYURHS3,pumpswap,1790439445,0.000003292,3183.6,2908,2908,0,6.8,13.77,109643.07,0,0,0,2,0,4,1616,1656,,-1.21,1.23,-93.45,0,1,1,1,,,,,,,,,,,
1790518781,DMPAgkCZmz4TZKJrbV11KGvHZUnCqc8uvnLL62SapDZJ,SCAR,3NZXZ61pSnieumGPsKryjzNv5qAcr9FEwfXgU1kVM85n,meteora,1790433334,0.00005264,544.64,51523,51523,0,0,0,5423.32,0,0,0,0,0,0,104,253,,,,-5.87,0,1,1,1,DLMM,,,,,,,,,,
1790518782,H9JtGSXhYA7pVec4w1uZ8KkTNXYNuh3C5E6NSzUqwLVL,LEVEL,9XzQ5TR4LPSQhQnNhHjtwe9Mqx11ns2Z1BD8ULX6sN4r,meteoradbc,1790433070,0.00004977,,49772.19,49772.19,0,0,0,40891.95,0,0,0,0,0,0,215,136,,,,1325,0,1,1,1,,,,,,,,,,,
1790518776,22aZ5WdTbhBo6i4QAKbdNj1z6wNuZ1MrD8mDEWhUwnbD,GKAITO,FYdmfu5V2hQ2qFJ9MknPk78ozu54ThFuFRec8hYTRToT,pumpfun,1790429137,0.00001795,,17954.5,17954.5,40.93,395.78,5162.78,50606.31,0,1,5,7,82,70,694,503,-0.83,-4.89,-3.96,71.44,0,0,1,1,,,,,,,,,,,
1790518782,J6rYa7tX5UeFs3dSKiSLjgq4RE7ywaorkSSjpykqSiSL,RELOOT,CgWe8h6wW7j8ijhQeLe6i5a4mV4i5kdyXL3nijTEEBe2,pumpswap,1790438118,0.00002359,12778.35,22531,22531,16.56,686.4,9763.1,757693.76,0,3,10,20,140,154,8090,6536,-0.51,-3.99,-28.23,-49.95,0,2,2,1,,,,,,,,,,,
1790518781,DH1nPfpA9mBVeS4X7Roz9NN97GtuuM8zyEKaGW2a7P6,STARLINK,HBE6JpFPMFMShtkzGyJqpLZvWZq6M18rsu41KE8uLGnB,pumpswap,1790438798,0.00003905,16350.15,37469,37469,89.33,2441.75,15100.04,167861.44,3,3,56,43,285,233,2411,2034,0.94,-3.74,59.33,-20.94,0,0,2,1,,,,,,,,,,,
1790518777,3aKooJZgnVXGWr4YgJsiaNqq1KQyYHtrBfNf6vHox7ZX,elizabuth,CAiqWqCWQw5PW9sbP9xKR9XFbS3DMmAfDcnkN4Q6g3KS,meteoradbc,1790439283,0.00005827,,58273.85,58273.85,0,0,0,4997.47,0,0,0,0,0,0,79,76,,,,282,0,0,0,1,,,,,,,,,,,
1790518781,DaZmXhy9vkagbk7R6yG7SrFQZJGrBP3fYkrRATReXp9S,枣泥,AfixhaHxAwp16Eg7LZP7FNmV8PVPWJj1Kr8HQnU6rkHP,meteoradbc,1790439181,0.00005468,,54684.51,54684.51,0,0,0,15834.18,0,0,0,0,0,0,704,808,,,,5.75,0,0,0,1,,,,,,,,,,,
1790518782,HWHSnSg3VzPWgUhd1edbQV41ou3XqtehrdjiNn23pump,Gemini,7x2nmKwA7dhVb1j7tJhgVRkszoKViGsUtB74r9KpNhcd,pumpswap,1790438077,0.000002171,2207.04,2162,2162,0,0,0,216484.69,0,0,0,0,0,0,21025,20304,,,,-95.71,0,0,0,1,,,,,,,,,,,
1790518779,B9XxyoQ1jJrZ12A46Cf6h4xGwsRwQ4mDrdg3bXzJpump,Meta,8itxsADRRPkQFPgi7fk7VqtEpurrUS9xvRHSSNsHRoWC,pumpswap,1790438194,0.000002163,2196.87,2154,2154,0,0,0,189954.48,0,0,0,0,0,0,12826,16575,,,,-95.73,0,0,0,1,,,,,,,,,,,
1790518781,FzK72K1PHLbLbkKCyEQ65aYn8ZYVnigouG8wEhDjpump,Grok,rVsst9rNWWPk28uYe51b7ZP3agvwTmdamdxruEZaS13,pumpswap,1790438873,0.000002164,2186.2,2153,2153,0,0,0,174106.6,0,0,0,0,0,0,10612,12122,,,,-95.72,0,0,0,1,,,,,,,,,,,
1790518781,Dzxv15vQ3TYcPM8tySUqf872jquTZRAVW9bReBM8pump,Kettlebell,G3aXEAqvdrQ5RJ9r8QZNK8CKgqWYmb7VD4HTYjwxrSzH,pumpswap,1790439065,0.000002795,2831.76,2692,2692,0,7.62,64.76,322562.91,0,0,0,2,0,8,3943,3583,,-1.56,-7.7,-94.41,0,0,0,1,,,,,,,,,,,
1790518782,JAccgVwonRw28jZ3fHdgwtyAfKJRPd5qMqaVP2xipump,FLETCHER,CmcL1kMybybZV5tKAwz34xnsRMpxpDfuWAMPSU53bJAq,pumpswap,1790447880,0.00001190,8202.23,11430,11430,96.43,1202.45,5492.98,394844.97,0,1,10,17,29,67,3450,3037,-1.9,9.69,-56.01,-75.79,0,0,2,1,,1790518862,0,1,8,12,23,56,1493,1481,100.0
1790518781,G4zJATx1sgRCp4kMqxd8dnDPtyK6Qqe6a9XHL7avpump,DIGI,8ot7d5mih1puscx9pPx4z7aYMoxwW68m1cyhh8c95TFe,pumpfun,1790445664,0.00002016,,20165.13,20165.13,96.05,8883.87,37623.54,126204.07,1,4,83,84,521,334,1245,928,-1.37,-43.25,-11.91,482,0,1,1,1,,1790518862,2,4,56,67,300,221,688,546,100.0
1790518777,4Kz2FwUJVEb2P2dFBbj4AHFM7Li6rn5mJdFsUU2nWNkC,SPAM,VVUmmg2f2HaUshgbRkQKHokTgJ2fNeHNeGUhbaSKymq,raydium,1790445736,0.00003456,17507.26,34569,34569,28.1,1116,13170.08,398150.16,0,2,10,16,64,105,1977,1920,-0.53,-5.94,33.5,-29.55,0,0,1,1,CPMM,1790518862,1,0,12,8,56,44,844,956,100.0
1790518782,SaPFjDCz4bcrqVkU6JWjskJftp9jENNxP5T9Ur1pump,TIFFANY,8Xa7oP25VtGznGNU7rtMHtb3MYk2Qzd5NHxdV4nKskMD,pumpswap,1790437692,0.00002418,13781.03,23114,23114,1057.65,15676.2,20404.81,1967143.12,9,11,167,160,240,256,19512,16668,-5.05,83.77,34.68,-51.9,100,1,1,1,,1790518862,12,13,127,113,182,184,5905,5577,100.0
1790518779,AHqVmre8zTGahFJVvMYLwj7kLhhdHoUGJ7LmGsfLavpQ,ATTENTION,7QDM8r6LyRCK39NmBopJintKsNZ21zkVZFagAw7vbyg6,meteoradbc,1790448232,0.00004139,,41393.99,41393.99,0,0,0,12939.26,0,0,0,0,0,0,245,326,,,,148,0,0,0,1,,1790518862,0,0,0,0,0,0,139,128,
1790518779,AzCW8dQ8WMrmgYyrtTpJCYBJEFKbq2aURcZXdJyz9aeC,KARDASHEV,86Nao2GQNb8MjQUGp85B9AZH8K7h8i1LzJGyKpjMuoxV,meteoradbc,1790448312,0.00004701,,47010.4,47010.4,0,0,0,6643.7,0,0,0,0,0,0,140,180,,,,236,0,0,0,1,,1790518862,0,0,0,0,0,0,100,132,
1790518780,CgXXVX4E7HihNxVrSfCex4rhsj8zSkGki1wgZY3hpump,AMERICA,5SKYfftwobiLvAfX6cA4CjNapoc4YBQPQ49cacxwpJop,pumpswap,1790448159,0.000002191,2252.71,2179,2179,0,0,0,395357.12,0,0,0,0,0,0,7930,9592,,,,-95.65,0,0,0,1,,1790518862,0,0,0,0,0,0,2288,2598,100.0
1790518779,ByTRAKBNdt8RCQkUeUbURyS4skRwFVZYtsBaBadzpump,Mercedes,9GpcyQmk9fRWwWgpSWrEU6sq4F5hcJzb5hgUuQszB7DC,pumpswap,1790448113,0.000002209,2237.93,2199,2199,0,0,0,260277,0,0,0,0,0,0,16615,18082,,,,-95.61,0,0,0,1,,1790518862,0,0,0,0,0,0,451,2333,100.0
1790518778,6yfKz9zWqoMVEfB6SQmeLj9SeNXV1w7ToBn4MCCrpump,SpaceXAI,Db1akPfYavQHvK32nLdJu5pR6cAbRnZyzR36TWdhfp3j,pumpswap,1790445933,0.000002247,2305.28,2222,2222,0,0,0,370479.34,0,0,0,0,0,0,35899,35566,,,,-95.55,0,0,0,1,,,,,,,,,,,
1790518779,B8A4bitd8bfsLYZQ67qbuwQxAZAY7D1UCXjJoYd2pump,LOTTO,5hiEDaJaVzGFfktmPLLCnPYznEwECS6TnKYoWTC9eFxF,pumpswap,1790452717,0.000004726,4520.07,4603,4603,0,1.45,1216.5,722406.04,0,0,0,2,21,27,8195,8128,,-0.42,7.88,-90.51,0,1,1,1,,1790518862,0,0,0,2,19,25,2783,2724,100.0
1790518781,EwtxFx9QtsxtzdGF35RgFLpdmzqwadk65iVyNQkaBAGS,BAGSPAYBOT,64rXssNSnkQ2Kqv7Vew3oWpikZTT8h5tYHtPoNawUZto,meteora,1790453910,0.000008658,7969.42,8651,8651,0,221.85,1517.89,314978.72,0,0,2,4,23,23,3248,2678,,-6.32,40.52,-85.23,0,0,1,1,DYN2,1790518862,0,0,2,3,20,20,1303,1324,100.0
1790518782,Hi1as6uhggN1rGGyjptvtdyqk22tLiQLBusag4C6pump,PaidTok,GRARkUKsJ2DwQL5JAwNB6Us3zEihNRaLJMJZ2x8XSrs6,pumpswap,1790454414,0.000002947,2927.19,2762,2762,0,17.23,31.01,270379.65,0,0,0,3,1,11,3522,3384,,-1.7,-2.94,-93.86,0,1,1,1,,1790518862,0,0,0,3,1,11,1481,1616,100.0
1790518780,D7tdLxT1UagKubsY6hWyzXzWeMqxNYigS8RfhMWMR5jT,Pumpkin,ByDASP4tJa9H5xzqbGbEXjdVVZcPfhpx3Cpbm6uBECJH,meteoradbc,1790454647,0.00005866,,58662,58662,0,0,0,7593.36,0,0,0,0,0,0,356,347,,,,279,0,0,0,1,,1790518862,0,0,0,0,0,0,174,169,
1790518778,7mLLv8fEQcYHHmMrEYDDbu94dpe4bKFpYRmEFr1Apump,e/acc,GYZi9Ya98ojastkM1VyS1oDjqfSpu2K6zisKmJLBxfsg,pumpswap,1790454130,0.000002185,2234.35,2173,2173,0,0,0,332589.55,0,0,0,0,0,0,22934,23060,,,,-95.66,0,0,0,1,,1790518862,0,0,0,0,0,0,2350,1653,100.0
1790518781,Df83CGVXW2M2P3bQNGNpPfvVwCRQnC1mSVSb5X2Dpump,Amazon,5ndvR7fUQnpzhKrJph4ZMUV127w7zxYnvWnEyJPD1VAP,pumpswap,1790454069,0.000002190,2215.23,2181,2181,0,0,0,123179.3,0,0,0,0,0,0,11715,11107,,,,-95.65,0,0,0,1,,1790518862,0,0,0,0,0,0,2560,2265,100.0
1790518782,tip2EGeW8iz6oLMVhyLufPhJ8eL24zLAehHCTjVbkJ2,TIPTOK,GULShoCf9VMGcLKgJeaCJobnB1cKSkE8ixCddabsKvW6,pumpswap,1790467042,0.000002823,2782.58,2577,2577,0,0,25.21,39931.85,0,0,0,0,1,8,491,618,,,-0.4,-94.24,0,1,1,1,,1790518862,0,0,0,0,1,8,204,286,100.0
1790518778,8DwNVMzpcc3mq7Tk4gyWeTkvmFhnXcnDDCLayFFhXvex,HEISENBERG,55y7dKFPXNqzHevBxUKZJFD11JYG1yoNoSEskJnBCh1W,pumpswap,1790461110,0.00001570,11029.7,15167,15167,132.84,5635.19,27668.43,3527130.55,2,7,48,91,307,423,30553,25912,-1.99,-35.97,-47.44,-68.17,0,0,0,1,,1790518862,3,7,40,80,175,290,9021,7844,100.0
1790518777,3B84bg2kvqzPLhczcXoALdxUBeUs6GU823rd5hP8pump,PAIDEBT,6jkbMakRsZMuTJdTje3CGvWudDBxPY1cD54DFRpweoTq,pumpswap,1790460695,0.000002484,2731.64,2451,2451,0,0,14.63,1062948.08,0,0,0,0,1,1,20618,13372,,,3.33,-97.34,0,1,1,1,,1790518862,0,0,0,0,1,1,8361,8334,100.0
1790518781,EoGAdsP4kjZPo5u8h1gMoMp8UknnsDVwqHe4SEb3pump,ROID CAT,7oVqtEtincxHQhm8gM3HWhTHNnXzsSPwY29sy2pPyhbE,pumpfun,1790404301,0.00001528,,15283.76,15283.76,387,592.66,3701.11,17368.6,7,2,8,16,33,50,226,249,9.52,4.07,-22.04,15.89,0,1,1,1,,1790518862,7,2,8,11,25,37,138,127,100.0
1790518780,Cw8RBdSffKzYWsL1UHe1VENDSifzdQwt8HQasBiiU1ao,HEISENBERG,CWt5zLauQs8cutm2FpoXekAZHFCKb8WBZFvhY87RiqSb,meteoradbc,1790462463,0.00004797,,47973.51,47973.51,0,0,0,10724.02,0,0,0,0,0,0,530,562,,,,197,0,0,0,1,,1790518862,0,0,0,0,0,0,198,181,
1790518779,B5ky1aNQcSw5T9CPYB7kxGGJed3DZYRkCtZ8Brb2pump,sol/acc,43ppUR1BtRukgdLonG5yDxFWMQRqMQes7VRVinGQwo71,pumpfun,1790462659,0.00004983,,49831.55,49831.55,0,0,0,10309.44,0,0,0,0,0,0,6,0,,,,1360,0,0,0,1,,1790518862,0,0,0,0,0,0,6,0,
1790518782,aCfLwDESzbfuDAnDjWawTw1yf5KAFoyccjCZUnmpump,C@T,8JkzMbpH8tHLoHauMMF9pi3AvUY88jbramo4t2Gq7tXx,pumpswap,1790462419,0.000002369,2455.48,2332,2332,0,0,0.09,352187.15,0,0,0,0,0,2,5986,4361,,,1.04,-97.3,0,1,2,1,,1790518862,0,0,0,0,0,2,3837,3817,100.0
1790518782,HHDmFBsyZSkaitnP7h4SCPnE28oKZ2jNEQBps4r1pump,Claude,9XnogkFLforYVEKHNWDm6vXC1UtANuK2RzdFSoZ78ieT,pumpswap,1790461601,0.000002170,2193.04,2160,2160,0,0,0,122471.51,0,0,0,0,0,0,6820,8451,,,,-95.7,0,0,0,1,,1790518862,0,0,0,0,0,0,2499,2144,100.0
1790518777,3fvD1sHgDCiZU57zDQCi39SdTFtidoZMWnEMiLpvpump,Hermès,Bj16EjHm6ggjkjx6tg7ZQkhxw7vpkayP9NuJBn4mtxgx,pumpswap,1790460867,0.000002179,2218.84,2169,2169,0,0,0,240175.22,0,0,0,0,0,0,18809,17989,,,,-95.69,0,0,0,1,,1790518862,0,0,0,0,0,0,2608,2294,100.0
1790518779,AciM27Z9vURTsPo2ZCm14WnsYNjANs8SvC1Zp72Epump,Jon,3ntM7FzFh54cgbRPptV33uCgkcy9qZrJ7QSTXg8psvhD,pumpswap,1790468741,0.000003976,3787.35,3839,3839,4.71,4.71,474.96,275050.12,1,1,1,1,9,25,3416,2631,0.01,0.01,-22.49,-91.99,0,0,1,1,,1790518850,1,1,1,1,9,25,1197,1220,100.0
1790518777,2uArchwuTdJbmK57u7LzwMEBqE4BGoVXPpXyNwUtjrN6,PAIR,FbmGR7crBRNEWWE19YVZSrRnmQzPKSAEwirNjks4kTho,meteora,1790465984,0.004116,130830.72,4116407,4116407,690.85,9155.01,54755.34,124966.83,9,3,124,43,738,247,1618,578,-0.02,0.35,-0.93,19.32,0,1,0,1,DYN2,1790518862,12,3,127,43,741,247,1507,528,100.0
1790518777,64nHRnjUsLUBtmcUaauVKisfBYHhSxCyrHP7Cm8VBAGS,OUTLIER,4kxZWdNGnZUh8snPX5cmNbv3X5ThaNRrQCsDJzxvSekj,bags,1790468757,0.00006927,,69279.92,69279.92,0,0,1.21,2.39,0,0,0,0,0,1,1,1,,,2.38,2.38,0,0,0,1,,1790518862,0,0,0,0,0,1,1,1,
1790518776,2aHT2sC8L8vDJntbeBJjSvYbCDPdrRMZp5c4gf22LPp9,mog,7jiQgEJoTcZvZH2VRioaQtrGYcTTATrdmz8yqApcVscT,meteoradbc,1790468744,0.00005423,,54238.17,54238.17,0,0,0,4229.92,0,0,0,0,0,0,59,47,,,,5.39,0,0,0,1,,1790518862,0,0,0,0,0,0,36,32,
1790518777,3vqccf1rZXuLmszSce5VhU567VmWMR8C976wRuVXpump,Claude,J7Af65CyPphpAfbEV4fyAvdk6DZajPmY1MonWm3Krskc,pumpswap,1790468809,0.000002218,2254.18,2206,2206,0,0,0,202398.22,0,0,0,0,0,0,22781,22054,,,,-95.58,0,0,0,1,,1790518862,0,0,0,0,0,0,2398,1656,100.0
1790518781,DR2CrHgbSo6knEmKyNeRoDEDQstPGhUQPBP11rsUpump,whale/acc,5wM7BDe5NX8AaFEs9tnNsmq69Be8P316DCnpgPZPTN6Z,pumpfun,1790468278,0.00004975,,49753.48,49753.48,0,0,0,10293.29,0,0,0,0,0,0,6,0,,,,1360,0,0,0,1,,1790518862,0,0,0,0,0,0,6,0,
1790518782,Hd6U8SfLWCZCREYrT5XfwK2Nzat5QB3B8pbBvST4Tg5X,mog,EB8MDKHHdwZbfHcQQeXVUyGh35zr9mJorTaSi1YKa8PR,pumpswap,1790468590,0.00009072,28369.13,88483,88483,1459.42,32288.66,137450.64,1486464.58,16,11,318,245,1268,951,16398,11890,-4.93,-38,-61.19,82.41,10,0,1,1,,1790518862,18,11,162,146,492,507,4049,3757,100.0
1790518779,AoMGtae9dteY2XteudmTa9W4uZLfuDVHXxcduJE1pump,OUTLIER,D5MkP2kDxLPjT9u1Pngk22hmu8Yd7VjiyGeZBKXfYfMM,pumpswap,1790468328,0.000002348,2454.14,2316,2316,0,0,0.3,440738.12,0,0,0,0,0,1,9899,7341,,,-0.3,-97.23,0,1,1,1,,1790518862,0,0,0,0,0,1,6366,6367,100.0
1790518782,HMhyfEzLY2EACWpa73DYLV7M4RGmbfeJnqQvaB5Bpump,KICK,EsZsex2N2X6WZb55SBkChrFvdVtT8emVL9kARQ3fcsL4,pumpswap,1790475704,0.000002463,2457.24,2353,2353,0,0,0.51,17178.5,0,0,0,0,0,1,131,344,,,3.14,-95.07,0,1,1,1,,1790518850,0,0,0,0,0,1,100,210,100.0
1790518781,EdyaWdagixgcjzfChJhDwcH3FH3p3Cba5KS6ybLspump,DGLR,8rcT9kEUyQxXbUAN919PNYb1MWJtKyesZgJ4ogQWTRYo,pumpswap,1790472782,0.000006511,5348.23,6150,6150,0,539.58,2502.8,38070.35,0,0,0,4,3,23,2622,525,,-25.22,-63.42,-87.02,0,1,2,1,,1790518850,0,0,0,4,3,23,2538,342,100.0
1790518780,Cjr8n5eCY2HsZ7iyfyiLxcPA3yYTegGFqzRdp2xPpump,pls,J25nLoj9inJz4tyPqxKxnzwG5joVVCxuzoHcLxrcARW5,pumpswap,1790474437,0.000003572,3447.89,3420,3420,0,78.73,221.05,202783.28,0,0,0,1,0,18,2703,2612,,-3.49,-15.05,-92.84,0,1,1,1,,1790518850,0,0,0,1,0,18,1072,1184,100.0
1790518777,5u21uHjzfqcG9LYK9HNxZCthLHnzkCjqc14GPjSeVnid,MITSUNAKA,2BHD13ySqiFQnr63zcHg4kCR9JJbB3VPjjLja1ek1yWw,pumpswap,1790474944,0.000006227,5212.47,5823,5823,10.96,1677.44,7486.24,136494.45,0,1,6,23,80,81,1795,1530,-0.99,-34.62,1.14,-87.54,0,1,1,1,,1790518850,0,1,6,16,47,54,760,759,100.0
1790518779,B6833pbooyxuTH5ZBriapPrngkt6hiGNviKqkjncv88D,BUCK,C3s6VhHqiVsVpCpr6sH72NTWEvZhdhYcHzxV3Ti9jZ4q,pumpswap,1790474548,0.000004331,3973.03,4080,4080,80.59,2991.37,8501.62,159276.2,0,3,15,44,111,123,1712,1578,-3.75,-55.71,-49.85,-91.35,0,1,1,1,,1790518850,0,3,10,36,63,78,699,738,100.0
1790518781,ESiCXV1NnNz1r3Uj1xQjD9VVdpcRCFmETBu2AWaLpump,CATE,5RAqRT9e8ZgidrevQVBLQwdhbV58bdtrEEz45uCQ5UWk,pumpswap,1790475522,0.000002414,2571.51,2378,2378,0,0,0.07,723118.55,0,0,0,0,0,1,11056,4887,,,1.14,-97.34,30,1,2,1,,1790518850,0,0,0,0,0,1,3728,3713,100.0
1790518777,5o3k6veNLXXUvrzkjSGnTQS1vNapyRn8sjAUEpTGmSYg,MIGR,EScJFvYLjgqJAtJjYPi3TmH5zSX4DP2tYsTzsSfevNFK,meteoradbc,1790475399,0.00004835,,48358.5,48358.5,0,0,0,18650.11,0,0,0,0,0,0,413,473,,,,204,0,0,0,1,,1790518850,0,0,0,0,0,0,176,169,
1790518780,DBcsGJNWxAVDii2ahb1aBtbRtDMQP4wiWxu4FTUzpump,Hermès,BmLzugpnqJEDkm17yKNTq4YWBo45PLb9H4A1NHDxg6cp,pumpswap,1790473995,0.000002213,2240.51,2204,2204,0,0,0,287843.95,0,0,0,0,0,0,26969,27573,,,,-95.6,0,0,0,1,,1790518850,0,0,0,0,0,0,2509,1665,100.0
1790518782,KFaK5wGkTpk2Uqei2327HX2jRTfM6xQwaZEduzdpump,Robinhood,BdBZc519hy6GP9Bm6nUdy4SBfW4UkZ3KGoe3x9Ro4XXJ,pumpswap,1790470881,0.000002248,2269.88,2230,2230,0,0,0,103520.54,0,0,0,0,0,0,69994,56259,,,,-95.52,0,0,0,1,,1790518850,0,0,0,0,0,0,444,2611,100.0
1790518781,FvYjAkbhhzpp3Rk3BoSLVKjYpi2zJ4baAS26R9hupump,XLife,6qhovtHjjSvgRibL33jAyZbfTugghoym72vDX3GHLR7A,pumpswap,1790476478,0.000002476,2689.84,2445,2445,0,0,13.15,1030322.58,0,0,0,0,1,4,21312,14369,,,2.1,-97.44,100,1,1,1,,1790518850,0,0,0,0,1,4,9778,9720,100.0
1790518782,k1XfUWYVWD7F2k3PTRkGMU6BAsKnimSwuxSyuP6pump,KURI ,AhBWTPR6Y1Dx64EmQNG3YNoZx5D9MP8Nw4b4KNT2zogY,pumpfun,1790475997,0.00003571,,35714.55,35714.55,126.3,686.84,3801.67,49978.41,7,3,47,23,176,85,609,272,1.37,5.83,28.2,938,50,1,2,1,,1790518850,7,3,41,23,119,63,466,157,100.0
1790518780,CTyCxPQSEH3UhJJH7PnWWeXNjqKtTaHeB4qHD6oC9Pz5,ALIVE,2FmKrU1zG9pFVaPSxAQdxNosT2YwvT2yreueWDAWjYx8,pumpswap,1790497988,0.000005517,4762.86,5187,5187,3.31,428.03,79256.37,79256.37,0,1,5,10,821,920,821,920,-1.29,-7.09,-89.24,-89.24,0,1,1,1,,1790518850,0,1,5,10,426,468,426,468,100.0
1790518782,H7kfBWQqs5asqvzynqRaS6h9jLFc9g1tDQYPnbDSpump,DKILL,9dufQSfLH84Eqan4TCmEPdW3wb1uh4qf3LrczzDfQPYP,pumpswap,1790477080,0.000003486,3458.85,3375,3375,0,18.76,261.22,407921.17,0,0,0,3,4,15,3469,3044,,-2.22,-0.91,-93.02,0,0,1,1,,1790518850,0,0,0,3,3,14,1358,1285,100.0
1790518779,AJaHwyub647xPacnAL8ysByhcf6Xc3HEywChsCBzpump,CYBERPAID,EYazRdhhbovfkeeg1mkrf1FJNpc1Yc8czxuFjAA5eosM,pumpfun,1790476167,0.00004997,,49971.25,49971.25,0,0,0,10338.35,0,0,0,0,0,0,6,0,,,,1369,0,1,1,1,,1790518850,0,0,0,0,0,0,6,0,
1790518779,BJDfhK6xJhj9Ln7PXCFZL6ZofEXfuDAo9cAmKCFvpump,CAKECAT,7aEKLSNcJgjNGvnnYsULYCTxZeUwevbS8qCb9gnKFW7t,pumpswap,1790476744,0.000002568,2807.36,2536,2536,0,8.69,9.51,1272941.19,0,0,1,1,1,6,14743,8479,,0.88,-0.2,-97.26,100,1,2,1,,1790518850,0,0,1,1,1,6,5506,5467,100.0
1790518781,DsmdxZvkwZqsNvpmBczkW1WDcQnNcUivBa8b3x7r2TGD,AROS,Bq1n6cHkQc9WobSxzm9zPd57VkMHqeZmyuxUTbbBBCPn,pumpswap,1790476149,0.000002160,2179.33,2160,2160,0,0,0,111910.61,0,0,0,0,0,0,13012,12125,,,,-95.72,0,0,0,1,,1790518850,0,0,0,0,0,0,465,2424,100.0
1790518781,FHqE61a53VA3GCkJ5PxKex3kJs5dHzqQUGpofe5Wpump,Games,DRYDHJooSdZmGd9YtKhPykM6EhFJvn1Z8yKiNnxZqL9Q,pumpswap,1790475621,0.000002217,2248.04,2204,2204,0,0,0.23,172094.46,0,0,0,0,0,1,16170,15886,,,0.96,-95.61,0,0,0,1,,1790518850,0,0,0,0,0,1,2443,2174,100.0
1790518777,4uPwkvg3BmL9LapxugKLyGas2PNpNeWzdxgnUtj6pump,TWJ,DQTf5NkCKujqfnFBvXsyWQJmUkaTT9JXNAuXTkvbduN9,pumpfun,1790480854,0.00004956,,49564.47,49564.47,0,0,0,10254.19,0,0,0,0,0,0,7,0,,,,1365,0,1,1,1,,1790518850,0,0,0,0,0,0,7,0,
1790518777,5sNJcSVdsLpaqqMANjUEDs5RFqXgbMshUwPqH9g4NQ4D,BUNDLO,9wabcnQjY3KKXv2WBpwX1Yi4RUnAw7VU2bBSAM1ZC5qy,pumpswap,1790479873,0.00001569,9522.22,15110,15110,430.76,2444.58,9612.93,74964.22,4,3,34,34,148,180,1103,994,-8.75,-15.37,-47.7,-66.04,10,1,2,1,,1790518850,3,3,25,33,84,143,510,531,100.0
1790518782,HsjsfpWbW6Vg7v98gmtiZUENZZCVGaVcD81qFxfjwjf3,TIPPED,J4xiEfNpbajxz269Ur4pki1SWwdFnFHqBMKsvZqwN44f,meteoradbc,1790482690,0.00005548,,55483.94,55483.94,0,0,0,13506.84,0,0,0,0,0,0,218,355,,,,201,0,0,0,1,,1790518850,0,0,0,0,0,0,141,198,
1790518776,2LSBaYZ838GsbC1wzZCzyQo7bYL7ZLPqxBhsAV3Ppump,TIPPED,T5cm59Dv4rz9L7cUTtZQ783kiX1SWiSw59R7QMBDoDc,pumpswap,1790482767,0.000003100,3127.25,3000,3000,0,19.27,417.33,345700.85,0,0,0,11,7,55,3936,3808,,-1.28,-17.49,-93.74,0,0,0,1,,1790518850,0,0,0,11,5,52,1407,1527,100.0
1790518782,qmmkwHYGeV7ehk7g44HYwjDvJc2fLg6kr1bLrPipump,BARRON,6katoxRcmttrZNcsES2DFKpPkGnf4YxKjLokW96Pfwes,pumpswap,1790482746,0.000002642,2751.46,2627,2627,0,0,0,430118.76,0,0,0,0,0,0,1122,713,,,,-95.52,0,0,0,1,,1790518850,0,0,0,0,0,0,538,324,100.0
1790518781,Do4xo8fUybNsk3gzeiAvNn8jkdyXaq1abDfifFjmpump,KARDASHEV,6BKaBwVVcD2sE8WtWtj72W9oBzoyzfj3EjBAVd7CDTeP,pumpswap,1790481300,0.000002243,2285.67,2223,2223,0,0,0,188644.37,0,0,0,0,0,0,9100,10782,,,,-95.52,0,0,0,1,,1790518850,0,0,0,0,0,0,2285,2474,100.0
1790518776,2dfWu1S1oiToSsnLoZFbMcHgMuy9W665YWzCvdof58zi,AAF,88vff5Cqwes7TbQZYV3TkwgoJSbgz3utngu579CT5qgv,pumpswap,1790481643,0.00003371,15700.45,32843,32843,100.55,6693.09,31669.14,867072.42,2,0,123,63,401,325,8143,6851,1.76,-1.31,-2.44,-32.2,0,0,0,1,,1790518850,2,3,56,50,180,215,2810,2553,100.0
1790518777,5eviqTKQJMQWexYNqMVUAj2cU1RskzrUzxe66e9Upump,GTA 6 Coin,BDyqinjLAQCNEi3EJGhFV5iRyXedNFxYbMV9kuVKks2U,pumpswap,1790481329,0.000002172,2198.65,2162,2162,0,0,0,145153.02,0,0,0,0,0,0,11940,15759,,,,-95.67,0,0,0,1,,1790518850,0,0,0,0,0,0,2474,2139,100.0
1790518779,Bi1oWFXzFnKaLkJnrTgzgEXKkLVTQ3n2BDG3ZJVGpump,Gemini AI,JBaj3LDKEG96rA1mYiBQR77AEq2eM9CQVLSp7oJLjPvY,pumpswap,1790481167,0.000002183,2219.73,2172,2172,0,0,0,197686.41,0,0,0,0,0,0,18352,16994,,,,-95.64,0,0,0,1,,1790518850,0,0,0,0,0,0,2435,2044,100.0
1790518782,JH97QtrMqcfk4NdKCMymM18E1ibUJ7qnXJbBfH4pump,USDF,H7SH5tc48m5rmvxygCtEmjvvuPkqQksey1uCK4fMTomx,pumpswap,1790481546,0.000002178,2195,2163,2163,0,0,0,101557.04,0,0,0,0,0,0,11710,9476,,,,-95.65,0,0,0,1,,1790518850,0,0,0,0,0,0,403,2372,100.0
1790518782,Jdog467mbvqHFQBJ5DHyE1AXcfJWUUCba7uA1TTMHSx,BASED,98JvsSmbuPg5TgiyXb7dVrciXL7bpxAUPeTfu5WZjijc,meteoradbc,1790490143,0.00005957,,59573.5,59573.5,0,0,0,8225.2,0,0,0,0,0,0,145,188,,,,222,0,0,0,1,,1790518837,0,0,0,0,0,0,96,115,
1790518781,EKJ58frRVnEc4wWBJCazWtRFaGq4qw4KYEpbckaWAyWH,TILE,4GE55t7SSBQpHr45w2yqWU4EHekmR58kMMnXfaw2wiS2,meteoradbc,1790489988,0.00004464,,44646.5,44646.5,0,0,0,20101.81,0,0,0,0,0,0,693,753,,,,167,0,0,0,1,,1790518837,0,0,0,0,0,0,205,200,
1790518781,EgXEFBfwMhmoXiNeofiKjeGwjvz8ZEAKESGUvAqvV5zD,MarioNawfal,9koprfoUdPrVihJd3bCWttRsMjyzoBpufoc8uybZeFPh,meteoradbc,1790490063,0.00005529,,55296.75,55296.75,0,0,0,19957.56,0,0,0,0,0,0,585,701,,,,294,0,0,0,1,,1790518837,0,0,0,0,0,0,178,163,
1790518779,Brwo5Y7cr29ETTQUbsEkBFSvtiKd9WaWWoBZHhCoc7Cn,Veefriends,4h1V1twC1cvU2wvW82fVRjD9JRAKHPMhcbxxhrqPKVkg,meteoradbc,1790490069,0.00005575,,55753.82,55753.82,0,0,0,3392.33,0,0,0,0,0,0,54,54,,,,162,0,0,0,1,,1790518837,0,0,0,0,0,0,50,46,
1790518782,xnN29V7aN6fqb255WxCMrFQiwts9FbqJRpw6hf3pump,STARBUCKS,BqVJq4N2h1ZhpSNNLTn3iYr6moEM68nFUV6UxAxfzMTE,pumpswap,1790490243,0.000003509,3526.48,3485,3485,0,0,0,138981.13,0,0,0,0,0,0,26127,20833,,,,-93.04,0,0,0,1,,1790518837,0,0,0,0,0,0,229,1194,100.0
1790518778,6p92UuCmdyd6MXRpsVVbSdrJoLkMYRPFGc7uREpGw47e,MarioNawfal,H7GHN1okkrFC9dQmxD4M8u7Wa6jJ29FZdmCbge9xi4fB,pumpswap,1790489945,0.00001679,10356.82,16082,16082,17.29,7110.69,80622.16,708505.44,2,2,73,65,687,666,8195,7288,-0.74,20.12,78.52,-66.35,0,1,1,1,,1790518837,2,5,48,53,334,364,2948,2780,
1790518782,NVW67WK8sGJTMK164AHhywAu38aXCMrZMnon4yvpump,BMW,3gSvvWLu5Sd1ZBNycq1Rv4tJ4Poy2zpV2uJE6sT6LSWd,pumpswap,1790488321,0.000002187,2209.9,2188,2188,0,0,0,107656.81,0,0,0,0,0,0,18776,16232,,,,-95.66,0,0,0,1,,1790518837,0,0,0,0,0,0,400,2570,100.0
1790518780,D3aMqZmgUAAJSgmDqvTc8Pkdr5QxahHtBo7gbFHHpump,Marscoin,AwVUgT5XPKt8xmiYEUFLMHUsBUnuAv9ecPUt2xD6ZjMS,pumpswap,1790488901,0.00001700,10403.61,16582,16582,838.6,2950.69,44147.14,655595.46,4,3,21,50,526,476,6240,4872,-0.7,-22.54,-28.15,-65.82,10,1,1,1,,1790518837,4,4,17,47,263,287,2058,1891,100.0
1790518777,5Dbr3BDnbc9fMEEdT49d8X1XyzkR61C9hFSVAqB3pump,adidas,FePenvAZPD1WrrXiScXGe4qiejaVtrrFbAwvqmvtDZrZ,pumpswap,1790488517,0.000002171,2210.42,2161,2161,0,0,0,234175.89,0,0,0,0,0,0,23665,23327,,,,-95.69,0,0,0,1,,1790518850,0,0,0,0,0,0,2501,1793,100.0
1790518777,5Wgf2qwdxr9c8fqbAPnLoFZsGTGFtnC8oSHGW7Jnpump,MrBeast,6BSF54LD2LbKDNvPqQP4UBBxaKAnBfeXRj5zJbcRrJJP,pumpswap,1790488956,0.000002153,2177.51,2144,2144,0,0,0,125377.77,0,0,0,0,0,0,9687,12635,,,,-95.72,0,0,0,1,,1790518850,0,0,0,0,0,0,2433,2112,100.0
1790518777,47Et56Tr6cWMVDve6zo3q7NfrjKgV9zCs16hogyGbGRb,REDBULL,7aZpRMFyKt1n4p44o8Yvp3b1WGi523BA1ivSRaLXpWhu,meteoradbc,1790497127,0.00006106,,61067.76,61067.76,0,0,0,3758.75,0,0,0,0,0,0,48,62,,,,221,0,0,0,1,,1790518837,0,0,0,0,42,56,42,56,
1790518778,9n9ghjkjvcmPwNNXYjRKEHCj9inuHmrGF4WGgjGNWvM1,RICH,DuwfPkXFEufR3YKb9wb3S3guENUDkdi3p75ZSFiu4a5r,meteoradbc,1790497070,0.00005776,,57763.45,57763.45,0,0,0,5274.06,0,0,0,0,0,0,91,129,,,,165,0,0,0,1,,1790518837,0,0,0,0,74,104,74,104,
1790518777,5LHfu2SxDLvZH5w5uPcaFq3SUghMAjYwKAwFqzG1oyHq,Ember,3RyvBdRJ7GW9KFp8VGW8xSrtYSf71xm57YQyqfqLxuWV,meteoradbc,1790496703,0.00003054,,30549.02,30549.02,0,0,0,30311.91,0,0,0,0,0,0,1385,1567,,,,99.75,0,0,0,1,,1790518837,0,0,0,0,125,116,125,116,
1790518782,mBj64o7MdEE3TtG5bYFaYX7eVzpMg1SeP8f78G7pump,LOVERCAT,BSef69xExzriPhqKNV9vh1c1BTaTJ5yUFmF9WJXwZLWP,pumpswap,1790496426,0.000003636,4333.59,3509,3509,0,163.73,2571221.73,3364215.42,0,0,1,5,6950,6946,10400,9920,,-0.98,-96.78,-92.94,0,1,1,1,,1790518837,0,0,1,5,2328,2319,2902,2675,100.0
1790518776,2KnuMBeZZCQmxAGWv8fPbez1PBeXgLXDZoRM3oSZpump,NVIDIA,CKTueqX4sCRRTYLmXHKmWpboeAAcozDkS7FmmWU1S3uE,pumpswap,1790495291,0.000002211,2239.11,2202,2202,0,0,78878.66,154050.21,0,0,0,0,3976,7525,12380,16315,,,-99.71,-95.65,0,0,0,1,,1790518837,0,0,0,0,322,2035,2412,2109,100.0
1790518778,7XLJvBbWFe2zf63p3MPsS24g1FWTeuLaQuTcDwhCN6r,AINU,5zfoqrvEMtih6TdGmvM96Memb5ruXmTnQ6AVhQNMAMfg,orca,1790352557,0.00008818,32660.68,89980,89980,164.24,5249.94,156576.58,227363.19,4,0,38,28,938,527,1334,809,10.15,4.66,23.81,4038,0,0,0,1,wp,1790518837,0,0,9,1,156,102,156,102,
1790518776,24GMkPJqfQgbPkS2HXvrb2UafReXXRjx2rf73cbgpump,Pogo,CQ54MAbuvvjNuj6GAevvHCVAGaQ8RxaFqpzA2Q6srXri,pumpswap,1790498627,0.000003054,2985.98,2906,2906,0,0,49287.82,49287.82,0,0,0,0,541,685,541,685,,,-94.02,-94.02,0,0,1,1,,1790518837,0,0,0,0,309,438,309,438,100.0
1790518777,4bzETV4GKoya7KajKoB3JzMLPDu3L11SSo3BhghTRFxw,SAURZ,AZBz1pksj9sXbbik6TmPNucnaAqDNDbct4wbM54Um7kk,meteoradbc,1790498562,0.00006007,,60078.76,60078.76,0,0,5002.66,5002.66,0,0,0,0,78,103,78,103,,,217,217,0,0,0,1,,1790518837,0,0,0,0,56,73,56,73,
1790518778,7HoFKEkVqamnNYDGhfYrCmJZHBuUGWT4QXfpjA4Bb1Ch,Pogo,CCx6iNdMDXp148VYAKfgH3Gs2LSUqx4VY5ojFKs4arY7,meteoradbc,1790498478,0.00007953,,79534.87,79534.87,0,0,14281.07,14281.07,0,0,0,0,443,489,443,489,,,39.76,39.76,0,0,0,1,,1790518837,,,,,,,,,
1790518782,Mmj1hztwdCYaVTqRquU68eZwYKv8w27kKZPdC69pump,Mercedes,2ZZiJQcHcuEmzFjYLUXefkpsDik5w9ofKsRwNQEU14LS,pumpswap,1790498591,0.000002240,2262.87,2229,2229,0,0,119883.1,119883.1,0,0,0,0,28774,23753,28774,23753,,,-95.66,-95.66,0,0,0,1,,1790518837,0,0,0,0,422,2587,422,2587,100.0
1790518778,9LaCYjrpAMFoznYrRbEajrWPVzcriYdALNZSqdqjtweQ,ETC,DvWUYGRxES4RiqJsXWND3MZojEn2G4RffqcagNiE5k66,orca,1790498677,9.55,543736.72,955912086,955912086,0,0,254.3,254.3,0,0,0,0,2,2,2,2,,,-0.02,-0.02,0,0,0,1,wp,1790518837,0,0,0,0,2,1,2,1,0.0
1790518782,H2WbB1FBmsGXcGMHAqkSiXMig1gCxUWko2VaKpTcpump,FOMOCAT,J5NJCrxTxCU1bZZq7MpRaX2ZMGWDKS3Q92qKKiYys76s,pumpfun,1790498651,0.00002985,,29856.05,29856.05,0,0,231.15,231.15,0,0,0,0,22,14,22,14,,,755,755,0,0,0,1,,1790518837,0,0,0,0,2,4,2,4,
1790518781,FJjzxugoJUJd9UNk9M43eo2V8SCmu8NMvTYbYjZHpump,NFL,FdepMHCFCnw9jNyuguhRmhVmvmumGWsCRM9W5e9siuVZ,pumpswap,1790498089,0.000002213,2245.62,2200,2200,0,0,179357.38,179357.38,0,0,0,0,22334,21737,22334,21737,,,-95.72,-95.72,0,0,0,1,,1790518837,0,0,0,0,2392,1562,2392,1562,100.0
1790518782,a4PZFLz9vCJ3QeRk2MEgeVXwSUXuShJfTw3sba6pump,Haaland,HiL6D7GHgD3C6fRviuhnoJAeEFjud3s9M6cZ269RcDvi,pumpswap,1790497014,0.000002206,2225.56,2194,2194,0,0,69792,88546.87,0,0,0,0,13404,10965,14774,11975,,,-99.48,-95.72,0,0,0,1,,1790518837,0,0,0,0,216,1173,216,1173,100.0
1790518777,4kNaq23LoL62kGiPZ2PSkNrpVWhvwAkfowpxyCNq9aBD,⋈CAT,GZdVxXSWwJ5GRgAcs4zdb9BXzkk1KmrTVtfggFs3JYBY,raydium,1790498790,0.00003747,18322.54,37473,37473,786.49,26998.19,398874.51,398874.51,1,8,206,187,3762,3183,3762,3183,-12.07,-20.28,-28.37,-28.37,0,0,1,1,CPMM,1790518837,8,3,111,112,1506,1607,1506,1607,99.9999999994957
1790518780,D9QYds4z8vSyxM4t6GvjeKFkkLLLWS5m3LdJEThxKyzB,RELAY,2vZ8xpjSgvF3wy9Vd11GirEEP7o4J6gArVs6nBzocjDK,pumpswap,1790501465,0.00002979,14870.88,28542,28542,1327.09,21534.04,1175150.32,1175150.32,27,23,240,266,13000,9738,13000,9738,6.55,-57.52,-41.46,-41.46,0,1,1,1,,1790518837,21,21,136,206,3942,3531,3942,3531,100.0
1790518778,9LbKkVVhrFRqAKCRDnSVAeWHgoBgNgej25J1ZHEPeURe,⋈,5U9HrFpoThz4kanVaLKWnfBVfNBXkpm6wUNW5SVvLNAd,raydium,1790499225,0.00001148,10302.9,11487,11487,218.43,20767.04,413123.7,413123.7,1,3,213,129,4264,3861,4264,3861,-7.81,99.59,-77.55,-77.55,0,0,1,1,CPMM,1790518837,4,1,97,112,1817,1804,1817,1804,99.9999999995026
1790518777,3jg5Zvqbg37afKLPGui2YevW1scuf5ra1Y8f3ejPDHiM,BUX,BYPHHA23PbqALgFjLDx29JCsQqaZWGFkUqK6rsK45ccU,raydium,1790499838,0.00001096,10503.94,10969,10969,491,2584.44,453553.4,453553.4,4,7,35,56,5567,4450,5567,4450,-14.53,-32.09,-78.93,-78.93,0,1,1,1,CPMM,1790518837,8,6,56,32,2153,2310,2153,2310,99.9999999545591
1790518777,4uzoftWx3SKqMuoeWJFeJzPGwb2RLhc47D7HoMQKZ3cN,LCAT,2YS2XdYu5Ge4W2fBroohkc53218oTiSS3cwmMVMGuwWi,meteoradbc,1790500601,0.00007176,,71764.31,71764.31,0,0,5605.76,5605.76,0,0,0,0,169,186,169,186,,,7.89,7.89,0,0,0,1,,1790518837,0,0,0,0,94,103,94,103,
1790518776,2YpZZGfEd8fbUpJtRuyoMRXvjbzzo3gyrtA8yFgAUS5N,LCAT,8jWpxLxtqNx6bicq7XLMpnDpbSYULXkmon6S2bBe5NjY,meteoradbc,1790500672,0.00007365,,73651.35,73651.35,0,0,7507.96,7507.96,0,0,0,0,285,271,285,271,,,10.82,10.82,0,0,0,1,,1790518837,0,0,0,0,123,108,123,108,
1790518777,3UD48ZfBkSqcRYAySS8BmEpat6SvTggW1ew142skpump,TikTok,3sVVgPs73276RYFAiV1W8kNNt6JRkXyS4PKUELNodofD,pumpswap,1790500474,0.000002189,2201.8,2189,2189,0,0,52312,52312,0,0,0,0,2745,3148,2745,3148,,,-95.75,-95.75,0,0,0,1,,1790518837,0,0,0,0,2247,2210,2247,2210,100.0
1790518777,5UwDB5oy5muNkLW7W8i9cnmedxysygs4J2xybMAjpump,d/acc,14e1zaPuEkDjXjQiRSTPTDw3HZYJnhxdyjercvGiLxfX,pumpfun,1790501115,0.00005087,,50875.18,50875.18,0,0,10525.36,10525.36,0,0,0,0,9,0,9,0,,,1369,1369,0,1,1,1,,1790518825,0,0,0,0,9,0,9,0,
1790518782,ShZfJBVRP38C4syKJGK5rwAhH6KEwrR2bQ2njBysQY1,SQUID,3wTZYiqfAbVHSG6hRvDscF5mtB37skZ8u5ytQbfn1NdB,orca,1790194350,0.00004070,17648.68,41540,41540,411.53,4622.38,118921.5,118921.5,3,2,41,30,871,578,871,578,-9.88,7.13,1630,1630,0,1,1,1,wp,1790518825,3,2,30,28,418,273,418,273,100.0
1790518782,GyxJsDe9T9KBjMZgAKofsi3cKv31u6th1TANoqQbpump,SMcD,9d2Ln9LzUFRPKUYzK7L3w3nXSUuVnJ7HSXQukz7xG79A,pumpfun,1790500918,0.00005085,,50850.53,50850.53,0,0,10520.26,10520.26,0,0,0,0,7,0,7,0,,,1368,1368,0,1,1,1,,1790518837,0,0,0,0,7,0,7,0,
1790518782,XZCXQ7R97MTA5VSqDsfjpRS3JMtE7VpbgbAZEyZpaid,REPLIGATE,2yddqh43Qu3dK38JC5pHdDu6o5UUbrPmKG2u8WbjwyWc,pumpswap,1790503765,0.000006609,5567.95,6354,6354,60.98,1227.64,401225.34,401225.34,1,2,33,30,4959,3908,4959,3908,2.9,8.82,-87.19,-87.19,10,1,1,1,,1790518825,1,2,25,29,1847,1750,1847,1750,
1790518778,77nkjiXaHEsU1fBfxVGHL82ruuYcUSNzKjW2s7xWTahx,TUKI,21VWJpcFpWP2fSdHVDLkJqaz7uesbMd8hu1VcfoaLhgg,pumpfun,1790406939,0.000007148,,7148.15,7148.15,265.46,1926.18,48492.19,67570.9,0,4,20,26,414,376,609,603,-9.37,-22.32,-24.69,-46.95,0,0,1,1,,1790518825,0,3,19,26,225,220,286,298,100.0
1790518777,637zoF2cB4QpQUoCsxyiK9AZcRYAaZz1w2pthgjycb4,AQUAMAN,HMmL9wCmAFRs2C5Sa5nggMbnSdNHsuKjiWjbv3iSHw6Q,orca,1790237405,0.00003468,22308.76,34684,34684,109.88,1933.4,50820.06,144900.92,5,1,24,11,343,303,1023,700,-0.36,12.32,-65.21,926,0,0,1,1,wp,1790518825,1,2,11,8,69,84,69,84,
1790518776,2rX8RDYNYaRDjJ3GzRJYR1VUkaQzTVMhQgz1X1piLqCr,Schizo,7WHAvsfvvxWz8qGgFiJGj3nAQSmBgtWXgu9hHvte8RzQ,meteoradbc,1790504223,0.00006050,,60507.73,60507.73,0,0,7782.23,7782.23,0,0,0,0,203,250,203,250,,,219,219,0,0,0,1,,1790518825,0,0,0,0,136,125,136,125,
1790518777,5QNVzThn6F2DzPn2gYMepoHdbY6gdXdo79Eck36xgdJB,Schizo,AdQQsbmG8iUUXKMFkZi5ZAHH78ia5ZWpWrhmmWHUbeGY,meteoradbc,1790504182,0.00005620,,56202.92,56202.92,0,0,3342.87,3342.87,0,0,0,0,68,63,68,63,,,158,158,0,0,0,1,,1790518825,0,0,0,0,51,58,51,58,
1790518780,Cfo6auwfDHBaHKkb2dc44PhoPB3WrJuqB2gQyFjUmzPR,JACK,zrZhTM94RT35MLgnauJVwPmCR9aWhsU45Sad7D5rSZ7,fluxbeam,1790504294,0.001553,1536917.03,1552694,1552694,0,0,11004.73,11004.73,0,0,0,0,300,0,300,0,,,897,897,0,0,0,1,,1790518825,0,0,0,0,20,0,20,0,0.0
1790518782,HRqJYwz1pQk137jobbZPVvuhn1VsUPAKX5vWL6XQpump,Grok,87bA3qht33L3YBUEhhQpTeDqjSiX4oRHuxrxC2uM6ZeR,pumpswap,1790501860,0.000002239,2270.29,2228,2228,0,0,184809.55,184809.55,0,0,0,0,18941,18614,18941,18614,,,-95.66,-95.66,0,0,0,1,,1790518825,0,0,0,0,2408,2275,2408,2275,100.0
1790518782,GW5xNXBtW9usH62Uimis4L5T1Fi5ceeMa9dupjTVpxaD,lemon,HcvoKF2XajWwCzcLAvkeKNCUfSMTpu4jf65Um2bvgJPF,pumpswap,1790505906,0.00002269,12848.52,22007,22007,752.75,33207.39,1306054.42,1306054.42,29,17,703,554,13693,10137,13693,10137,11.88,-52.84,-55.61,-55.61,0,0,1,1,,1790518825,25,19,326,420,4452,3881,4452,3881,100.0
1790518779,C47MWp6h3pmMVMkzLcyKQ92z1wyjr7kmF1BwuWYupump,Minto,52upZ2HCKU9PXjT3NSkAfQmWUbCNebeRSHwJrh9s9QBT,pumpswap,1790504863,0.00001580,9994.81,15478,15478,99.7,3935.51,625206.28,625206.28,2,5,48,66,7665,6632,7665,6632,0.21,24.8,-69.08,-69.08,0,1,1,1,,1790518825,2,7,31,63,2655,2603,2655,2603,100.0
1790518776,2iCpCQRKaFWjEgAgwUh2Bwvz9GyygAf2Wr8RXwKrnm6s,HODL,8HGtfz6FCRjFqqzdxAaysRzF984LAfGxxCk4MYGsgLT2,meteoradbc,1790496497,0.000009978,,9978.12,9978.12,92.4,4923.8,414098.11,415392.55,0,1,20,39,665,482,683,482,-1.5,-52.12,22.56,75.53,0,2,1,1,,1790518825,0,1,1,1,1,1,5,1,
1790518777,3uVTqaD3UyBQ8Fm9BtuDRaEtTcFPbqvjojhSQ3Jupump,UCat,GZUR65iKDmH957RVfLt2r1LcaQrhc1KYr5U33DtjYvvN,pumpswap,1790501271,0.00004997,18654.03,48254,48254,0,354.27,13519.73,13519.73,0,0,1,6,162,214,162,214,,-5.15,1.81,1.81,0,0,1,1,,1790518825,0,0,1,6,138,139,138,139,100.0
1790518778,6SHdiwt9oSNf1GBAqPo9esbAxUcNagbEcRcazT6h4C7M,Minto,BPm5xGEMFSCCdBcgJfz5Et6KY1RtGiANSKeUWUisB1Be,meteoradbc,1790505794,0.00005961,,59610.7,59610.7,0,0,5745.91,5745.91,0,0,0,0,122,157,122,157,,,283,283,0,0,0,1,,1790518825,0,0,0,0,100,112,100,112,
1790518779,APLwCnAnbWA8CJfY1sp6xKUtFKf3VNq7WuxjrrZvCcHK,WADDLE,6kAhSYbsNBpY3fBfKCZgA1csKEe2aNkVCjLrsHeMiuAe,meteoradbc,1790505803,0.00006015,,60154.64,60154.64,0,0,4506.08,4506.08,0,0,0,0,96,105,96,105,,,303,303,0,0,0,1,,1790518825,0,0,0,0,75,76,75,76,
1790518778,6ToXEaCyd6kuajKqxNWKAdgSCP5abhH2e6b4jeP8ESrA,WADDLE,P6khRUXB4smhSCLHE92qaPoS1vyVHqTDUyfA3cP27ob,meteoradbc,1790505683,0.00003237,,32377.78,32377.78,0,0,10658.84,10658.84,0,0,0,0,257,318,257,318,,,117,117,0,0,0,1,,1790518825,0,0,0,0,127,125,127,125,
1790518781,ESQEMPrXSJyi128qwxQo2EgWFPu2sNP2BY4JkF1BRH5N,CIRCUIT,3GXKxEvxxDU98qDuw2g4Xrfd8fR9jTfs3b8EbZf1kGsL,meteoradbc,1790505810,0.0001124,,112468.96,112468.96,0,0,1366.84,1366.84,0,0,0,0,11,5,11,5,,,804,804,0,0,0,1,,1790518825,0,0,0,0,10,5,10,5,100.0
1790518777,3cM7jjFvqvddMVQGSfZvPPsfRJUjD9YrGo6xX5kQpump,CAKE,BgAATSTaRYE6wbQknL7sSFvJZLgpTY3NNksDkdHfnwh8,pumpswap,1790505216,0.000002191,2206.97,2181,2181,0,0,78852.68,78852.68,0,0,0,0,6157,8132,6157,8132,,,-95.75,-95.75,0,0,0,1,,1790518825,0,0,0,0,2113,2419,2113,2419,100.0
1790518782,iLFou8xzUyKy4Jf1cpo3M771fFnrU46nWo66Q9dpump,ELON,GWCgqTtEnjJPasnz1Um7FqoTCJHczA5QtBkqywoYPJXa,pumpswap,1790502603,0.000002209,2235.68,2195,2195,0,0,142003.5,142003.5,0,0,0,0,43301,34364,43301,34364,,,-95.72,-95.72,0,0,0,1,,1790518825,0,0,0,0,415,2386,415,2386,100.0
1790518779,BLsou5wHrpNSTwBcWbvhxr9S3vafxMRePvHbdjgWpump,Claude,ChqCG77o5QtZZbUEwQHnYXA8fi79fTaxgzUgYQEQeT9H,pumpswap,1790505332,0.000002240,2276.53,2231,2231,0,0,216343.66,216343.66,0,0,0,0,16049,21304,16049,21304,,,-95.65,-95.65,0,0,0,1,,1790518825,0,0,0,0,2464,1813,2464,1813,100.0
1790518779,BKQrbiEqNyuVZd6finhzdpsTz8FrzPvoDAYvTcSBpump,Games,4RLU8XxXY8McBUR1kpZgRCuptS9sUotZJEZEuw84qDzC,pumpswap,1790503079,0.000002211,2246.14,2199,2199,0,0,198396.16,198396.16,0,0,0,0,24158,23741,24158,23741,,,-95.72,-95.72,0,0,0,1,,1790518825,0,0,0,0,2416,1748,2416,1748,100.0
1790518778,8grGbXSz4Z3K9RVwoUSAunnggKGUuu3DGv2Dd5xEpump,Treasury,GD25ztnn3m84rsbWmxS78ngn3jHbAExC2MkiKTJEwLoa,pumpswap,1790507881,0.000002799,2773.3,2678,2678,0.12,18.39,87342.73,87342.73,0,1,0,7,1374,1271,1374,1271,-0.08,-1.8,-94.28,-94.28,0,1,1,1,,1790518812,0,1,0,7,737,818,737,818,
1790518778,9fno96crbJq887w3DuDFFaurYE7sHA8GrtZutzSa72j2,UNICEF,6ESQ9LFmXPXhWo68u46zQ9VW2KbtuTxXzj7PFeyGT2bt,pumpswap,1790498496,0.00005852,20729.44,56334,56334,1643.78,36422.54,223428.95,223428.95,21,30,316,338,2732,2057,2732,2057,1.78,-73.4,14.65,14.65,20,0,0,1,,1790518825,17,13,153,194,1078,952,1078,952,100.0
1790518779,B2T6vbMZVwqx4zsdrdguiXoGftkS9Rxw8AG3qgespump,fud/acc,7oG1MEwxeq4pKZtABpyDYmqWjnuwqHoJMdsTF2Ew296u,pumpfun,1790507885,0.00005092,,50924.49,50924.49,0,0,10535.56,10535.56,0,0,0,0,6,0,6,0,,,1360,1360,0,0,0,1,,1790518825,0,0,0,0,6,0,6,0,
1790518776,2mAKWi9RWQtmv4YcHBdmosq211N2mWLPHXDE2AmJLcvW,Treasury,FHu9GBKS2ixaHNi1fjLecXbDBtZRyR5CQU9xSEEB9eAo,meteoradbc,1790507849,0.00005823,,58233.38,58233.38,0,0,3696.34,3696.34,0,0,0,0,51,85,51,85,,,168,168,0,0,0,1,,1790518825,0,0,0,0,46,73,46,73,
1790518778,7dfedpP1UawkFJZsneD84WZPdrQzFgcRRFnG3hipMt9o,NRISE,f3khdFKoHYbQGcTnCHkfFQFm13MU5mhXX8SHbcPPNkL,meteoradbc,1790507795,0.00006107,,61077.18,61077.18,0,0,4322.7,4322.7,0,0,0,0,76,94,76,94,,,309,309,0,0,0,1,,1790518825,0,0,0,0,61,75,61,75,
1790518777,3YuyVcne2Pk9c5s3YFC9oxtys2BGojQkvnZc7dUCiBkY,ReferPad,4feaqAxktGnmXJ7SNBgbrcFKtBwEknLjcAeJBCAW7Uk2,meteoradbc,1790507585,0.00003874,,38742.79,38742.79,0,0,15324.32,15324.32,0,0,0,0,760,896,760,896,,,154,154,0,0,0,1,,1790518825,0,0,0,0,201,181,201,181,
1790518782,g17wZyy5jyt9pnvcJmo7mBw3jKsbsrgCHPbNQjyjoE2,MONEKO,VEDV8A4xyZmfyCrs7e9RaPGmvrGoatrZNwRX4VqLpru,fluxbeam,1790507821,0.001552,1536733.92,1552515,1552515,0,0,10987.74,10987.74,0,0,0,0,300,0,300,0,,,902,902,0,0,0,1,,1790518825,0,0,0,0,20,0,20,0,
1790518776,12cb5enJvDk7Spov6RvPdz1kLGyAszXVN8yPko398Xxi,AQUA,BGnD3m7npw67KpXmCq69miogFoMdMvjNdVUarhjEHUEN,pumpswap,1790506834,0.000002569,443702.63,256905,256905,455767.32,6328768.05,20440435.46,20440435.46,513,250,6976,3464,23036,11241,23036,11241,0.68,5.03,68.06,68.06,0,0,0,1,,1790518825,350,48,3595,51,5025,61,5025,61,0.0000000000291736980673353
1790518778,9YXiv8WqyqAgcBKAPnELHhmW1EKB5B5KKxQ818hmQipg,Repligate,FBQnWtJMg7fszrYZNkMSxMrQgnUpyBEB7eapb4nzVEY7,meteoradbc,1790506528,0.00004727,,47273.62,47273.62,0,0,24203.5,24203.5,0,0,0,0,2307,2485,2307,2485,,,351,351,0,0,0,1,,1790518825,0,0,0,0,211,208,211,208,100.0
1790518777,5VcT5tiMoSFAMyoQb5ozka3hVqH68JM7STgXmitgpump,Nike,Ayfm6TyVQTCU9XG6Svmf3tfaoseAHiuu5oAAY5Su4SBm,pumpswap,1790507771,0.000002253,2281.75,2253,2253,0,0,48004.4,48004.4,0,0,0,0,1475,442,1475,442,,,-95.63,-95.63,0,0,0,1,,1790518825,0,0,0,0,1397,421,1397,421,100.0
1790518778,9tg583Fkp7DmPcSQyvUYeiBGPCDs7pryaCrFvQoopump,VERSE,2m59sbdtBtLPqSYax7axjJ7QKeJvRr7hSX3zHmLrwxXB,pumpfun,1790430558,0.00001547,,15479.8,15479.8,735.45,1929.46,10277.55,95519.02,0,4,7,11,96,113,1011,867,-16.52,-10.27,-24.04,58.52,10,1,2,1,,1790518812,0,4,7,11,67,78,418,404,100.0
1790518777,33DkAfNTNTSjqJamEzopR4suDDqVAX1Z1aZimKdR7ewd,Roach,GLn7tjYvRoti2fYkH7im8s2sg4LLBEshviEr4wnW1h1N,meteoradbc,1790509317,0.00006057,,60573.31,60573.31,0,0,5733.6,5733.6,0,0,0,0,107,129,107,129,,,306,306,0,0,0,1,,1790518812,0,0,0,0,79,93,79,93,
1790518780,CoGDeDkwbKo7qvn83byTCmYxHjjWQe16xoEY3tS79urR,eff/dash,TmcytogZ4eQxsbWP5g19NJpA192ragWHcKqWge86yYP,meteoradbc,1790509384,0.00004000,,40001.52,40001.52,0,0,2662.91,2662.91,0,0,0,0,81,91,81,91,,,162,162,0,0,0,1,,1790518812,0,0,0,0,70,71,70,71,
1790518782,Hsyt82zDkC3w3d3JLYKE75Gw6bBnMW56VpZUCxrpump,x7,kKC39c9H59XV9miqgAErhdQP3MNFP7ozp4i69eHRe8f,pumpswap,1790509400,0.01695,381182.35,16952703,16952703,715.53,9012.65,201360.52,201360.52,14,8,170,113,1913,456,1913,456,0.62,1.2,32885,32885,0,0,0,1,,1790518812,10,7,10,11,1091,125,1091,125,100.0
1790518779,BJp2yEbtkc8BDXTS6nMwgy7FSS2U4oJdc5Jb23Hypump,eff/dash,GmUYRX15Vg3kcG3yoaEpfQuJqVBtnyfeuPbkcATQnFWZ,pumpfun,1790508647,0.00005094,,50940.92,50940.92,0,0,10538.96,10538.96,0,0,0,0,7,0,7,0,,,1368,1368,0,0,0,1,,1790518812,0,0,0,0,2,0,2,0,
1790518782,w9hbssKVKC1H8mby7VdR4N7sJheyGPS8iSn665Lpump,MetaMask,Et55L7HJuQ1QC1BkZ7KQGq7FRPrY1ee38YeWP6t8crXb,pumpswap,1790505423,0.000002237,2261.36,2226,2226,0,0,112632.05,112632.05,0,0,0,0,39068,30257,39068,30257,,,-95.66,-95.66,0,0,0,1,,1790518812,0,0,0,0,206,1262,206,1262,100.0
1790518777,3xUyEDxHZmqbbqP1iZeD9EiUeF9u6nxi2CJ7vsn1eoCT,JACK,3sqenu9umHZvUSWEupncyEa9zD8giY4NwZ6Cq9sjUQGN,pumpswap,1790508974,0.0001379,222535.88,137901,137901,220126.3,3014472.79,11259260.66,11259260.66,187,88,2474,1207,8275,4754,8275,4754,0.53,12.78,105,105,0,0,0,1,,1790518812,142,30,1304,32,3567,49,3567,49,0.000000000437069745413458
1790518778,6uPEdkU2xPg1iyfLzV1ssUwvve8nndA2sd6nBFrb1n58,NEARPAD,8N2XJYyVBMrd4B5LUTd5pFe3uWwp5h4cWib9AxTxbHxv,pumpswap,1790511060,0.001166,108672.77,1084391,1084391,72668.77,2212910.1,3551980.64,3551980.64,491,435,12114,10629,22730,19245,22730,19245,27.01,152,2162,2162,0,1,1,1,,1790518812,400,324,4838,3997,7645,6002,7645,6002,100.0
1790518781,FGoHcBuWfy6XGGkXwTLe9AuXAQEUmDR5g1LkxK98d1vJ,NAMI,25sJDienuMMmZKMFNn5p69Zc8ktiXrC9MUQXunuVBwUq,raydium,1790508922,0.00003304,18190.7,33048,33048,118.6,18003.25,1875676.65,1875676.65,2,8,232,222,10654,10207,10654,10207,-0.6,-28.06,-34.79,-34.79,0,0,1,1,CPMM,1790518812,8,2,145,136,2842,3161,2842,3161,99.9999999997328
1790518781,F1z5FQdToNDLQYJ72grqePaWJrcrf39HR4gaKA57ySUQ,Q4,5Gf7NqZ2ACpiCaGHUn7uaVEJNjVQnGGgAYRHynoHNHDT,pumpswap,1790509917,0.00009375,26493.34,91183,91183,1400.43,20786.61,88802.64,88802.64,25,12,367,240,5078,1354,5078,1354,6.08,5.46,63.9,63.9,100,1,2,1,,1790518812,29,19,334,244,4805,1169,4805,1169,100.0
1790518779,AuqagzhTqC6uBLraRb3rx2fwCCBAXCmfRm4btemyPXJb,Backpacknami,9y2Qvwh9oTJXEtiY1hTSc1R768fV5VdUjrPgbssSyjpA,raydium,1790508888,0.00004801,21988.45,48010,48010,750.09,53493.1,1237349.17,1237349.17,15,11,515,387,9989,10312,9989,10312,1.98,-69.83,-6.89,-6.89,0,0,1,1,CPMM,1790518812,14,11,230,290,2905,2620,2905,2620,99.9999999997328
1790518779,CH574oNcY6BLgTTR6Q6tXSsZ2CsjNUVtMudrhZWzpump,fat/acc,HfYz2TXtrb8ft5SAExByvo3G4rcCBWyqrAXPjqNVrkJ5,pumpfun,1790510889,0.00005101,,51010.77,51010.77,0,0,10553.41,10553.41,0,0,0,0,6,0,6,0,,,1360,1360,0,0,0,1,,1790518812,0,0,0,0,3,0,3,0,
1790518776,2c7AzoxqEF8o9wuTJwdGrhhbqEa32FtdRybEWaxEpump,SHAREPAY,FhR1xuGJ7DguHY34KxXeUQpveb85UrF68EB4THBYhJci,pumpswap,1790514853,0.0001294,64677.05,116735,116735,200.67,24684.48,54285.88,54285.88,242,4,1658,482,2004,876,2004,876,1349,462,156,156,500,1,1,1,,1790518812,12,4,211,250,395,448,395,448,100.0
1790518781,Fhc1kVJCs2yNPwivyfysJenGSXNkq55ogpBWwCK9pump,SPEND,A249bG96zJutUMDex9wiSgjLjRZB4JLw5dvUYoD4Ws67,pumpswap,1790511067,0.000003014,2958.85,2903,2903,0,57.06,81579.09,81579.09,0,0,4,13,1017,875,1017,875,,-3.24,-94.09,-94.09,0,1,1,1,,1790518812,0,0,2,13,371,414,371,414,100.0
1790518782,Hmo4D3DQA6zw4zgg3HD2atp1cdc6uAwdXqLzHZdwZWo5,NEARPAD,GH2DHRiSEn3n5VFfZBrNaCuoFy88cttpwZFhb2btrsW7,meteoradbc,1790513316,0.00006191,,61918.37,61918.37,0,0,6469.38,6469.38,0,0,0,0,250,236,250,236,,,35.63,35.63,0,0,0,1,,1790518812,0,0,0,0,149,134,149,134,
1790518781,Er6EBhFtGJoWrzNmcFau4SdUDWntak7bcmfryVwbJUWJ,NEARPAD,3oiHu75SuhPqzmrUZNMpydkTfpQHrtNioZCipwxG7pfS,meteoradbc,1790513151,0.00006117,,61173.29,61173.29,0,0,7448.33,7448.33,0,0,0,0,280,275,280,275,,,33.94,33.94,0,0,0,1,,1790518812,0,0,0,0,147,142,147,142,
1790518781,FRTWtAHXhvpJNmdaCcRtwtYDrAe5SrQwSio3xRmneKPh,UPTOBER,EB4RsVPCTkjTWfrrcoeTTpyd1htfN1FStTZZRcGdAvA2,meteoradbc,1790513223,0.00006154,,61547.82,61547.82,0,0,5807.5,5807.5,0,0,0,0,222,226,222,226,,,34.8,34.8,0,0,0,1,,1790518812,0,0,0,0,133,127,133,127,
1790518780,DBwuZVLtfBfY4GstyNvFW86nZhUaBUSWuA14XWg7jdV3,Trump AI,5XU5Zy8H1mHhH5batXWvsTrcx2QbtsANtWdeMqxHUouj,pumpswap,1790513289,0.0001897,0,189796,189796,0,416429.34,1376728.54,1376728.54,0,0,348,338,3241,1251,3241,1251,,66.41,1120,1120,0,0,0,1,,1790518812,0,0,50,50,2002,53,2002,53,0.000000000985706013177204
1790518777,5duVhiiafSvUrJ7GLMBKwyxwgy4CrVTvKt6C4jo7pump,e/aura,4BQ8HwYw196WfNR7ukT5kVf1e9ovLyu6hRUEChHU7gwC,pumpfun,1790512103,0.00005094,,50945.03,50945.03,0,0,10539.81,10539.81,0,0,0,0,7,0,7,0,,,1368,1368,0,0,0,1,,1790518812,0,0,0,0,7,0,7,0,
1790518782,V6q6kEJGS7YnMmWN3pntgnpSBhUEWwtmKYDxkexpump,Haaland,2guzBFwcCxYaQRi9PWjkUsAvD7v3V1Po1uFMtM1X8gH9,pumpswap,1790513101,0.000002254,2266.3,2255,2255,0,0,58965.2,58965.2,0,0,0,0,2707,4027,2707,4027,,,-95.63,-95.63,0,0,0,1,,1790518812,0,0,0,0,192,2071,192,2071,100.0
1790518777,2s3o7zpozb682DuDAMHXgVUDj4nj2yXvZxywhaK2pump,MrBeast,DDDKtiAsTzuL6wj7WkT7csVvrzSLZqPbe9MrpNAMihM,pumpswap,1790512053,0.000002215,2249.97,2205,2205,0,10.43,192737.53,192737.53,0,0,0,3,11469,14456,11469,14456,,-2.13,-95.7,-95.7,0,0,0,1,,1790518812,0,0,1,3,2531,2259,2531,2259,100.0
1790518778,6SX9kc1bYv4zvxTg6uVUGP7MNiZq88eMJnyPumLQpump,WANT,B36oGJZEtD6upeW63BHDFfS7boS2K9uVDJa54NbBEjjM,pumpswap,1790514945,0.000002636,2667.66,2553,2553,11.38,94594.74,157779.41,157779.41,0,16,198,465,426,733,426,733,-0.31,-96,-94.28,-94.28,0,0,1,1,,1790518800,0,4,139,226,282,307,282,307,100.0
1790518780,CdGkGUBpkZkSURCffQfZipKvPjbxiMRZ68mCP25Fpump,Backpacknami,Dug8FTbmCvE4nTkX4Y2YCTScTsuM9ZSXx8y7ezFqhW6a,pumpswap,1790514764,0.000002346,2351.91,2265,2265,1.95,11496.38,28669.26,28669.26,1,0,37,149,415,375,415,375,1.38,-96.19,-95.37,-95.37,0,0,1,1,,1790518800,1,0,35,146,340,313,340,313,100.0
1790518782,SWnk8kgWGZdM2rW2ZrZmFK16oV4e1hywE6MezgPpump,e/WOJACC,EUoTE1hAy9NAG8bb1XsMF5kQnQU2x5QvpaMR7874nsRR,pumpfun,1790515052,0.00005050,,50509.5,50509.5,0,0,10449.7,10449.7,0,0,0,0,6,0,6,0,,,1360,1360,0,0,0,1,,1790518812,0,0,6,0,6,0,6,0,
1790518778,6HXUJ8oSxcvmpVjnLa6yHva46cRjjFgGAKmTxAKX4kRa,Apple,Hc6jKTmvurEJhD73LVeC8QGkCZXzd8WQ3V6CSJdGPP6V,pumpswap,1790515042,0.00001651,0,16513,16513,0,255629.03,258338.39,258338.39,0,0,2115,753,2124,755,2124,755,,-0.01,25.18,25.18,0,0,0,1,,1790518812,0,0,1451,59,1451,59,1451,59,100.0
1790518778,7qkpabAK7yTCN2VNnGuFJ68opNWMH8jrsMUpnCsetpSj,SPEND,5rLLkurnyWn5caqffvps2KCagCpUeFQ8v6WYKiwsKv4b,meteoradbc,1790514908,0.00005516,,55164.86,55164.86,0,0,15037.51,15037.51,0,0,0,0,621,742,621,742,,,5.82,5.82,0,0,0,1,,1790518812,0,0,197,193,197,193,197,193,
1790518778,6XoU8U2c3GK1riTDUPzWoVRFX9VWhjfrDskYPzNg1kFY,NEARPAD,J4h1AyQGPPha7GqhDDqosSbYeub7AzEBi2Vhsnzr6R2w,meteoradbc,1790515003,0.00005500,,55007.71,55007.71,0,0,4346.94,4346.94,0,0,0,0,132,147,132,147,,,5.52,5.52,0,0,0,1,,1790518812,0,0,107,90,107,90,107,90,
1790518777,3HD55QBUjFmxgGEciuhRPmBAmqxXjQVLKxuW5GM9mvqa,PEPE,6BBxVFwKxAJ7e8nfXLYm7ZVfZf9z7Byvqkj6uSjALBXm,meteoradbc,1790514944,0.00005479,,54798.59,54798.59,0,0,13395.34,13395.34,0,0,0,0,417,571,417,571,,,271,271,0,0,0,1,,1790518812,0,0,181,192,181,192,181,192,
1790518781,FGZScHYURa8qMezk5gpZj5C2ExazybAwBp5TbNE4M3A8,WOW,4mXNeLX1qt1TZbWBEWuJbPz95BNB6KTAoKpR59Qq3QNm,pumpswap,1790514671,0.0002087,43252.46,205155,205155,31282.71,497506.51,1161187.72,1161187.72,215,294,5812,4269,11251,9524,11251,9524,-2.81,23.47,313,313,0,0,0,1,,1790518812,181,258,2177,2074,3795,3236,3795,3236,
1790518778,8p6LETQaWnFGTeXmox66JHhemoj6Gvd5rjZjTXVBpump,YouTube,NEPJNvNAsA8fV68bsT24TWuc6qHsYdVQy4bW12zonXk,pumpswap,1790514519,0.005287,212431.45,5263621,5263621,7346.15,168768.05,203615.45,203615.45,1573,1439,21170,20039,25319,22059,25319,22059,6.79,660,10247,10247,0,0,0,1,,1790518812,328,264,550,558,2514,742,2514,742,100.0
1790518779,BhAe5ZZ9XpxGaZ8a3HtvymGz6AYqqRCgXejvjcMHZjsQ,WOW,5Y9qC6Sa2wXwFpCfHY1icyyBgKh2g8vCqPgamUnnwTc8,pumpswap,1790514880,0.00002409,0,24098,24098,0,478459.98,683769.63,683769.63,0,0,2508,1189,3556,1594,3556,1594,,17.62,124,124,0,0,0,1,,1790518812,0,0,2050,64,2070,66,2070,66,0.00000000109556325877729
1790518778,7rZAhiQtmJy6XYXxvkwYNCy3qqzFUYEozpQzjcHUpump,KITTY,FmXmCJG2JHUHxJ7Uw4tyfoikLFSRzuH9a9uQxPvjqJsj,pumpswap,1790516097,0.000002379,2455.36,2380,2380,0,251185.24,251185.24,251185.24,0,0,1677,1735,1677,1735,1677,1735,,-95.31,-95.31,-95.31,0,0,1,1,,1790518800,0,9,1127,1031,1127,1031,1127,1031,100.0
1790518778,6Rhs8iuUiepGYpiP6ZEhNF9jRemVV8xYdD3hVuqtKTAR,NEARCAT,5sE6hy1gg3rv7ZH3cKeJE5jbbpxjPAq9VonmpCV6AaSi,pumpfun,1790512484,0.00004059,,40592.13,40592.13,5601.43,159275.05,266161.44,266161.44,60,36,1504,1422,2565,2242,2565,2242,27.57,205,930,930,0,1,1,1,,1790518800,62,35,777,591,1102,867,1102,867,100.0
1790518777,5hkZHERg1EWVtJfXFkpSsrTZk97N7tDqywEzmMtzpump,RWM,48UUyoDSPvajggQLgZMMiozBygkCftA8y27kV7BBgJia,pumpswap,1790516336,0.000003254,3151.11,3254,3254,19.95,80335.99,80335.99,80335.99,0,10,1295,1352,1295,1352,1295,1352,-1.81,-93.61,-93.61,-93.61,0,1,1,1,,1790518800,0,8,681,879,681,879,681,879,100.0
1790518778,92BVgXufGjaMUyANA97dvg8LqNb5VMg2wgRfve9tPdCG,DELREY,GZwsYYmc2a54HhX9ZGYTzo7LBChq1SSRDiV6RvvCBXzx,pumpswap,1790515531,0.00001737,10109.03,16634,16634,452.98,42388.32,42388.32,42388.32,4,4,532,421,532,421,532,421,-10.89,-65.69,-65.69,-65.69,10,0,2,1,,1790518800,4,4,299,283,299,283,299,283,100.0
1790518780,D7Fc5JBDBq1Dui1zJXorrPqRTUpBpZFbWfH61Djppump,MOMO,9QbRp3mG7ahMojW4LzJSGMEe4sKRYSs8CtAHs8ucBbAE,pumpswap,1790517348,0.000002668,2650.03,2624,2624,0.98,34233.83,34233.83,34233.83,1,0,241,381,241,381,241,381,1.22,-94.72,-94.72,-94.72,0,1,1,1,,1790518800,1,0,167,244,167,244,167,244,100.0
1790518778,9eNCWy2VqMPMvYvy57itZ9PP5LGLuSr8exLXnaFE3JnF,DIC,CvNG96MQ3MfE8GcM4jzDUQGQNVnHxX1Q3KV4KzHS5ue4,pumpswap,1790516264,0.00001473,0,14732,14732,0,28384.37,28384.37,28384.37,0,0,326,588,326,588,326,588,,39.85,39.85,39.85,0,0,0,1,,1790518800,0,0,137,128,137,128,137,128,0.00000000109556094333574
1790518777,3u8j1W6YBLz2FrDKS7na4Mqs7ZHnKp6i5MSP2tUUX6h8,WOW,Ba1fH6Kw9k51DuSkb45DgX8pZ4EwTJq53B6hQak9J4RQ,meteora,1790516271,0.00007884,62.28,78842,78842,0,1781131.08,1781131.08,1781131.08,0,0,5711,3506,5711,3506,5711,3506,,653,653,653,0,0,0,1,DYN2,1790518800,0,0,2122,132,2122,132,2122,132,0.0
1790518778,8Re8CFwNfXqN9hMxmPhwnK6A7y4pqjgfdVScmFKbFgAH,WOW,FvvADWC7RezXCFYkj5tprHyfv3Ajxc4kFaKZv82YXVVE,meteoradbc,1790516282,0.00005529,,55293.41,55293.41,0,6494.99,6494.99,6494.99,0,0,226,205,226,205,226,205,,5.48,5.48,5.48,0,0,0,1,,1790518800,0,0,117,100,117,100,117,100,
1790518778,8jz9dGRdSQtjkeud7Y1qWWforkU16qSFf7A1XWB9Rx91,NEARPAD,25cefHyPbdAL9PbQXnDMFFunBVTT8YHmR8bsQdPSh3b2,meteoradbc,1790516272,0.00006128,,61287.29,61287.29,0,7118.57,7118.57,7118.57,0,0,223,252,223,252,223,252,,239,239,239,0,0,0,1,,1790518800,0,0,131,124,131,124,131,124,
1790518777,45Bzv83gfhP6RPxX4AFNeB65NxKYba8vvzyb5Bqwpump,Apple,6fUvFiTfJ49dCH2AzGDoGb9Adgb3ufkew2hpXFAbAvYN,pumpswap,1790514859,0.000002204,2243.3,2192,2192,0,221647.28,238284.69,238284.69,0,1,20076,21238,22106,22576,22106,22576,-0.08,-99.43,-95.69,-95.69,0,0,0,1,,1790518800,0,1,434,2125,1457,2166,1457,2166,100.0
1790518782,J2sy2AjTtC5sPEW9dwJL5a2hFQ8zhwg8ZbEaB2Dhpump,JACK,55Gw9h8YmqWv6xoDszLzwzSb4XDobVUCZTj4CiqmyiSH,pumpswap,1790515184,0.000002192,2216.56,2193,2193,0,101538.31,118192.86,118192.86,0,0,8603,10247,8658,10286,8658,10286,,-99.35,-95.7,-95.7,0,0,0,1,,1790518800,0,0,2295,2466,2307,2466,2307,2466,
1790518781,Fhd3UCjJWHg9TCcY9SmSskW13S6uqZ2MfTCUvJ9spump,Gemini,Cu78QaAin3bNrUHZfjNhDtmAh3Yys4Yk5TTaDh1koVxt,pumpswap,1790516070,0.00002501,12692.93,25018,25018,88046.55,223124.47,223124.47,223124.47,1306,1959,13865,16007,13865,16007,13865,16007,-99.06,-51.05,-51.05,-51.05,0,0,0,1,,1790518800,203,1560,2502,1890,2502,1890,2502,1890,100.0
1790518778,8TDzS6riLub2RCyz2DBKgu9UrUTNLZjmAAyZTeAApump,Google,AXLkTuYN9xnLs2F9VXazUasZhwu1pKb2MeFJ3CeZssNp,pumpswap,1790515514,0.000002195,2226.65,2184,2184,60676.39,182380.11,182380.11,182380.11,310,2166,13856,13161,13856,13161,13856,13161,-99.87,-95.7,-95.7,-95.7,0,0,0,1,,1790518800,194,2059,2427,2223,2427,2223,2427,2223,100.0
1790518781,GAqBdwSUX9DoXupoU4TAqUXU1XHL4nzWzJEqPRH6pump,WANT,C6cfn8KjjDcUPpjyfDrf8jKVYdYuDqrqEVbFshHWrhv7,pumpfun,1790518443,0.00004873,,48737.16,48737.16,94786.56,138060.16,138060.16,138060.16,165,199,189,210,189,210,189,210,14.88,772,772,772,0,0,0,1,,1790518800,80,62,185,88,185,88,185,88,100.0
1790518781,DuqU3KS8H11BZAAXBQHJEaesWLwxER2ZsAC5rfJopump,SNOWKIT,9KB3j9rMVnWfZqg5mxcY34w8J4vo9rLSC77hAAspjstA,pumpswap,1790515968,0.0003084,51073.54,305737,305737,29259.18,647831.72,647831.72,647831.72,786,105,4926,1489,4926,1489,4926,1489,-6.91,317,317,317,0,1,1,1,,1790518800,796,96,3397,1066,3397,1066,3397,1066,100.0
1790518777,4rwGjVhCf7nDiJBEhkyFRwJQAdvTmLSxqsiqZwAAz1ve,부캉이,9j9XXMFv4Zw8upuCas3DdMVT8CgFxpUEnBjHt4tFdd8j,pumpswap,1790518454,0.00003347,14955.56,33480,33480,76432.26,115892.8,115892.8,115892.8,781,693,1110,1027,1110,1027,1110,1027,-56.12,-32.91,-32.91,-32.91,0,1,1,1,,1790518800,484,476,646,572,646,572,646,572,100.0
1790518778,9n8LcQVsryuRm2GM1tYsxFCxTUjvy86jAwuciX8xpump,CINEMAPAD,BfUeoP5FUPEL3ykp2L9Xr3KdAt1xC63xupRwCyaNXMqm,pumpswap,1790518340,0.00006694,22134.3,66947,66947,40713.82,119280.53,119280.53,119280.53,446,440,1252,1035,1252,1035,1252,1035,-1.68,32.35,32.35,32.35,0,1,1,1,,1790518800,287,332,741,578,741,578,741,578,100.0
1790518777,3eSai2ARUTmetz1D5S6Bz2WYoUNEgojETguwYT31pump,Yes Yes,SiTur9JmtFwwWYJyNTkztJi9wFWshUHw4aMAfYHL1yi,pumpfun,1790470995,0.00002068,,20680.24,20680.24,456,23224.52,35276.43,70092.77,5,6,273,190,388,313,774,601,-3.37,210,99.59,509,0,0,2,1,,1790518800,5,5,161,121,217,188,390,321,100.0
1790518782,GtAUoL7YiDQoRtoZEvBKkUXEftsouJkxoGXqLERa9Thg,DOOMSCROLLER,FSseV1hZGX7Am1tNGdeP2Fq2AtGfUkEWw9xywzbXFmx2,pumpswap,1790517781,0.00007859,24047.57,78595,78595,14827,82719.97,82719.97,82719.97,168,173,805,752,805,752,805,752,-21.66,55.4,55.4,55.4,0,0,1,1,,1790518800,115,136,478,434,478,434,478,434,100.0
1790518781,EhNdaeU6FkoHsKgGbXqWbkgfsQQK7YrvsUk7CGwx2WFZ,BAGSPAYBOT,2n3M9jeLinJB8pmanNyC4PFrTMV4S4LowrsSqs7vkovB,meteoradbc,1790518235,0.00006049,,60499.88,60499.88,0,6891.36,6891.36,6891.36,0,0,251,242,251,242,251,242,,33.39,33.39,33.39,0,0,0,1,,1790518800,0,0,149,128,149,128,149,128,
1790518781,EYKCi9xJVqi7VmcpTGhNLyShdwhgjvhCQAef2t8Cpump,FERSPE,ACQAkD5UyocWRkdr9L5Xj8DNG6fACyCxZunrv9n3iPFZ,pumpfun,1790518280,0.00003424,,34241.05,34241.05,0,245.33,245.33,245.33,0,0,32,26,32,26,32,26,,885,885,885,0,0,0,1,,1790518800,0,0,5,4,5,4,5,4,
1790518781,FhPV2pShtgJB5xJRmhNvjdwAHHT4nERJk6Sge46y52zY,JINLI,7Z5Esg4bNYoPfyV3qXJ5RW1sUoiH2qqHPzfQQ8hvGkLL,pumpswap,1790518233,0.00002009,29577.78,20091,20091,115466.12,228037.28,228037.28,228037.28,643,253,1237,483,1237,483,1237,483,10.89,81.11,81.11,81.11,0,0,0,1,,1790518800,513,70,902,80,902,80,902,80,0.00000000109556325877729
1790518779,ABN6QnKHYayVnymHRUoviNm6sRjPViQGNC5pGc8mpump,NEARPAD,D1T6EQthpR1Mmyy8zZnv5piBoBXzYpUBDA6V3JovzqKY,pumpswap,1790518280,0.0005092,64300.18,509245,509245,12088.24,41940.45,41940.45,41940.45,1226,1112,2195,1995,2195,1995,2195,1995,22.9,895,895,895,0,0,0,1,,1790518800,977,923,1430,1282,1430,1282,1430,1282,100.0
1790518781,G7dFCwR48WpP4za4q5Z8sqFodPeT3coonB5S5nYwBpey,부캉이,6AK5kobMg7FLitu4P86uupghEuQ6EmWkztnEZeydri6j,meteoradbc,1790518197,0.00004822,,48227.61,48227.61,0,7811.54,7811.54,7811.54,0,0,169,234,169,234,169,234,,195,195,195,0,0,0,1,,1790518800,0,0,138,147,138,147,138,147,
1790518778,7iXV9RLQQAvBnfjeK9BDMAbrGcLZMMUGspSzYYhsM5bx,REGULARS,5NztHzzu6z7zff61RQmeSZBHQhXQzZCpWAWgakvqVeSk,meteoradbc,1790518237,0.00005919,,59197.24,59197.24,0,7323.94,7323.94,7323.94,0,0,218,273,218,273,218,273,,227,227,227,0,0,0,1,,1790518800,0,0,134,129,134,129,134,129,
1790518776,12kirxTVGEGRWVCXSLuJyd9yGpX7nTnXAZFsbYfAGBmK,THESIS,53mbTzHM4q1dYHUP8GptTMMigwajGwFNoXCNW6Up9PTj,meteoradbc,1790518139,0.00006046,,60468.02,60468.02,0,10104.62,10104.62,10104.62,0,0,304,328,304,328,304,328,,31.13,31.13,31.13,0,0,0,1,,1790518800,0,0,177,171,177,171,177,171,
1790518781,FPMFjkSXsiaQuPm8HciyfmnWJJFnWbTxtVVB4EDMhY3a,XVG,HdQXmRNTHgcauXwUrKkAkLUsFKpPCFtkeabsQivLJWTh,fluxbeam,1790518248,0.0005049,504152.62,504836,504836,1445.04,2805.52,2805.52,2805.52,39,0,76,0,76,0,76,0,56.83,228,228,228,0,0,0,1,,1790518800,20,0,20,0,20,0,20,0,
1790518782,cewSp1NJDcSgrzEsFfWuoQgarHBeVx2NQ334HJxpump,AORP,ATfHSvXRAHGodLaYZaKU1YPhiLg8Hdi89ggEEGf36tPw,pumpswap,1790514429,0.003018,159624.77,3016013,3016013,10443.32,35109.38,99324.03,99324.03,2026,862,5358,2317,5397,2342,5397,2342,1.87,12.31,5807,5807,0,0,0,1,,1790518800,903,518,2168,1252,2196,1273,2196,1273,100.0
