ts,token,sembol,pair,dex,pair_olusma,fiyat,liq,fdv,mcap,vol_m5,vol_h1,vol_h6,vol_h24,al_m5,sat_m5,al_h1,sat_h1,al_h6,sat_h6,al_h24,sat_h24,deg_m5,deg_h1,deg_h6,deg_h24,boost,n_web,n_sosyal,n_pair,etiket,gt_ts,alici_m5,satici_m5,alici_h1,satici_h1,alici_h6,satici_h6,alici_h24,satici_h24,kilitli_liq
1791441149,L1NDYkXzdVm5VYNC58SUuZJWKkGfg3RQGaAfxSQQar6,LINDY,pdRbDxjbxCfpdXknK7iSTosB4JgXZyxtyTiPdmFNh1S,meteora,1790302878,0.0005042,59838.56,502977,502977,0,150.89,6571.28,26478.06,0,0,3,0,13,22,128,81,,0.49,-12.77,-21.19,0,1,1,1,DYN2,,,,,,,,,,
1791441148,EvKf2GtfbDMyZQzZ8VN7uFFoK9FxzsXJmqACaS8H5LX2,PYRO,B4a9HEiLD6BZNGr7daf57f8UsC9tvvFHTvdDgvhGNenm,meteora,1790318476,0.00001113,8818.69,11138,11138,0,365.39,852.22,3217.07,0,0,2,1,6,10,41,21,,-7.73,-15.25,-13.45,0,1,1,1,DYN2,,,,,,,,,,
1791441148,Ekfbe93ybDm7JnS3xFbTVrfiov2xtx7bgJkbQc74SLWo,RPG,HMwfxasodv8rG5j6tyKBGf5WwS4fkB5RQqYDhL98TkcE,raydium,1790321273,0.00002970,14683.1,29706,29706,1.93,6.07,641.38,3911.06,0,1,1,2,3,4,31,20,-0.09,-0.41,14.51,30.76,0,1,1,1,CPMM,,,,,,,,,,
1791441143,5g9PWcRUHpmqm5uKycpShKXJB18sGLeCEzgB3qrRpump,SWARM,Ftjga524YrS7RPzGCcezMuQnFDYa8PcvWDY5mFmZk5dy,pumpswap,1790326034,0.000007588,7416.57,6626,6626,0,0,142.6,298.36,0,0,0,0,13,10,55,37,,,-6.48,-6.5,0,1,1,1,,,,,,,,,,,
1791441143,6Cw4kWUaZHmh71E3YRiHFRvLA28EiYp4Px2GkUrXfvWM,Shillpad,HsLx3s5UmRTkN5AHYARqGaz2JfphuCY7cVycLAGmafBE,pumpswap,1790325220,0.000002804,2953.72,2720,2720,0,0,0,10.83,0,0,0,0,0,0,0,2,,,,-2.18,0,0,0,1,,,,,,,,,,,
1791441144,7TtMjXiY1Pb8sDarHfppGpJ2HNjb8ypvhHsQ6WWzNY2Z,TAOTAO,GnmYjV6vfusyyzsCtdksHHBmNofy76Ndif1fvjXk9NdC,raydium,1790327865,0.000002136,4039.17,2136,2136,0,0,0,47.23,0,0,0,0,0,0,1,3,,,,2.72,0,0,2,1,CPMM,,,,,,,,,,
1791441146,BxgPQ6Ke6B8TBJrACrith5bw1aBg4QnebjS4QgeWGRcw,MAXING,6ChGa26Jpx6qWFGtWeQitHounWVwvJ9QmBCeUakAGm97,raydium,1790326841,0.00002625,4241.81,26259,26259,0,0,1448.57,3778.64,0,0,0,0,6,10,30,29,,,10.82,-23.52,0,1,2,1,CPMM,,,,,,,,,,
1791441145,9iFE4WcWuVAeiHobsPWbjB1FvA9bvkaSPHnYmnYkmQ9,OSCAR,C2wLRHP2PrFzPDmmn6BmoifdEoSzomzxZ2gBseC4XAAx,orca,1790165151,0.000006901,6426.61,6902,6902,0,0,0,86.18,0,0,0,0,0,0,0,1,,,,,0,0,1,1,wp,,,,,,,,,,
1791441149,J141JCiXKGcrhDCgWUTCL9qz7h943iCibNiLNfqZpump,0xquit,8R4DDi9X3RBLr876hhRJCv4Gvsy8d9SkABgb8YiHapo9,pumpswap,1790333122,0.000004334,4677,4188,4188,0,0,36.74,40.24,0,0,0,0,0,3,0,7,,,-3.41,-3.91,0,0,1,1,,,,,,,,,,,
1791441148,F9PvspnWkP3hSLaYxQb2LvFRBgyrLVhdUJ5q39tZZPbC,BRICK,DFTbcYRFZRkm5hVp9SLkSDrhZSn4aftLqZABXes1rzt7,raydium,1790336879,0.000008547,8835.7,8548,8548,0,28.86,166.05,1946.7,0,0,1,2,5,10,19,42,,1.31,0.54,-13.24,0,1,1,1,CPMM,,,,,,,,,,
1791441144,7haJedyf6kQbiDNqzg31pyKQULm1qdeKAYd5VfAhpump,e/pump,8abQxKgRtW2og1oEL4aDeXa546kDWEDhE77t1PrtWdzQ,pumpswap,1790426701,0.000002953,2953.25,2640,2640,0,0,0.37,9.38,0,0,0,0,0,1,0,3,,,-0.19,-2.01,0,1,1,1,,,,,,,,,,,
1791441141,2KjgagqiBaR564BrJXE5KjHaxEPTW5pSgLHVn9k8VHwZ,FLUFFS,7jFEmns8yjNZVMiuUj4dADx7nLn6EpQszJepaS2zMbbr,raydium,1790346481,0.00001102,2570.83,11023,11023,0,0,60.61,931.8,0,0,0,0,2,3,15,16,,,-6.68,-49.07,0,5,1,1,CPMM,,,,,,,,,,
1791441149,HGLzDFzFLS7iNxw2jPYDFGGFP3SR6LEAnTM4jzzvpump,m/acc,79CuRHX5zAcgWZj7jibexUMjgw8FNrx24tJzw7bb8Eta,pumpswap,1790406372,0.000002432,2499.86,2347,2347,0,0,0,18.74,0,0,0,0,0,0,0,3,,,,-2.39,0,0,0,1,,,,,,,,,,,
1791441143,5wW9mhbwq1HTFh341iimpmrqBB4mfxdXiYhdYBL7hUnp,KARDASHEV,3QaH1ifhQgUXHQdX3DHi9oMrWzTQfKLcomoCyeRRLMh6,pumpswap,1790407564,0.0001381,45070.52,136056,136056,158.89,2176.67,23498.34,59696.5,2,1,15,17,156,123,412,332,-0.62,-0.87,-8.86,58.57,0,1,1,1,,,,,,,,,,,
1791441143,79FCJqG2DrYzH2G3eCQedRoWRbjri7MSgMkyGeZ7cLrm,TETSUOAI,6k4pXniPnwjnzfuhubkJeLatyysr8oJc6B5o1kUHjmmY,pumpswap,1790408251,0.000003637,3667.74,3542,3542,0,0,84.68,85.21,0,0,0,0,1,0,1,1,,,3.21,3.21,0,0,0,1,,,,,,,,,,,
1791441142,55Vr2VpSwxsDkB6uGGHAvRv86K6zax2Zb4TT8ivwDEzW,slopcannon,BNG5962Zkbd6ZFmfAKjtCF6Z2mJbA7qn97oMsQShspLP,pumpswap,1790409726,0.0002461,54002.92,237390,237390,17.95,7903.95,70448.68,775618.43,0,1,46,45,426,424,4844,4638,-0.32,8.09,-10.7,-61.98,0,1,1,1,,,,,,,,,,,
1791441141,3BLSsAu7aNkF24xHN2hju95QpHJKPpfmyD5AHXnUwikM,NEWGUY,8aZwEzC634J7rUEZSBG5Zen2UR9Ma7FZEom7puvwjCc7,pumpswap,1790410756,0.000002512,2545.52,2424,2424,0,0,0,19.38,0,0,0,0,0,0,0,1,,,,,0,0,2,1,,,,,,,,,,,
1791441145,ARPwPPWbaj3FYBf6k1Lt2jqRkv9JJUg3Hxav5aHKTEem,P(DOOM),AKKjxxmVZyrWGKrWyDL3HxVEMk6bp4LpfXWge4uoDob,pumpswap,1790412550,0.000007679,7422.99,7534,7534,0,0,450.58,1114.87,0,0,0,0,0,5,7,16,,,-16.65,-17.03,0,1,1,1,,,,,,,,,,,
1791441148,GKaWJkSUgraALkF5GaCNpomH9ed3Vz6xnKR62WFkpump,T/ACC,iZCdZPhN6bxeZ5JuMTyzXa5me6ZEkCmZgStnYhcFpm8,pumpswap,1790431766,0.000002587,2565.83,2472,2472,0,0,0,79.73,0,0,0,0,0,0,1,2,,,,-4.74,0,1,1,1,,,,,,,,,,,
1791441141,2nJpGnrkX6pDPstr4JELcWnGsjiN57vajfR89iZkpump,MUNKIEAI,ENCjfNPwv94kmzc483qmA6GQwMDrQrCbhpSknGgWD9Zt,pumpswap,1790414827,0.0001575,37781.32,155977,155977,0,0,113.53,1960.01,0,0,0,0,1,0,10,6,,,1.76,-6.69,0,1,1,1,,,,,,,,,,,
1791441148,EcwFm5TJ3zuBXnsT6DngXMAMfsfELhwGc9JFgeVWpump,woj/acc,DdJqRCiWKL7E7LjbAXTicxoWsEufZ6tyzjSK26QbetYm,pumpswap,1790417252,0.000003076,3671.08,2968,2968,0,0,0,4.59,0,0,0,0,0,0,1,1,,,,-1.3,0,0,0,1,,,,,,,,,,,
1791441142,3dMEcjM8s9PPPVsw9YxprmZnhYsnqKmhqghfaM1etA9q,House,G943i6c4uTQDxCPqazKifE8rUH1sxxBsGV6PL2QA3hm9,pumpswap,1790418682,0.000003735,4215.24,3595,3595,0,0,1.28,11.41,0,0,0,0,0,1,1,3,,,-0.62,-1.11,0,0,1,1,,,,,,,,,,,
1791441144,7oL12fS1f7p5RDsbqfxxe2WpHBdcEue8ezaGu1KY8fDz,D/ACC,HHibqAermywztHuSgWyr4MahgLfV688o1oKUTquJaK6J,pumpswap,1790420523,0.000003080,3085.3,2952,2952,0,0,2.5,80.28,0,0,0,0,0,1,3,4,,,0.08,3.04,0,0,1,1,,,,,,,,,,,
1791441148,F3C2t4hXyeGXsUSVQ2zJ5fbD2tFrjQygZosCS1cHRC5J,TOE,5YtqenEWMTv8uBwW7YYyw1cmKR9t1oTAyK2yyzrpEdSB,pumpswap,1790422593,0.000003007,3164.39,2919,2919,0,0,0.19,63.92,0,0,0,0,0,1,0,4,,,-2.14,-6.66,0,1,1,1,,,,,,,,,,,
1791441148,FYM6PhwAS3QwTBwvgLj8JYeMgpNfKsWtW3hGxPM9eFkt,DEBT,EP88Ktqm6491WEm1ZJsEryXYYjuoLh5cEyz5exyxr1Cb,pumpswap,1790424156,0.000006051,6770.86,5980,5980,0,0.04,0.04,36.61,0,0,0,1,0,1,1,13,,-1.7,-1.7,-4.81,0,1,1,1,,,,,,,,,,,
1791441149,HL8LrvYgmmHoLH9TvqqSv8Sy6yBGjXjZmpv2RpitpvUX,YAPCAT,H7Y2prMahqQUrWB7cgPMmbvuc33CN96AVYkTQxAeBxfG,pumpswap,1790356187,0.000003547,3593.3,3392,3392,0,0,0,0.38,0,0,0,0,0,0,0,2,,,,-0.22,0,1,1,1,,,,,,,,,,,
1791441143,7BN68PVzqWV6EjK8J8Y6Q1h5C8FFD5ZRZVscXyJDpump,20xx,GvdfErkq5mvvphEriajrjArakyqqUXXiyBWdzMoxS3Tk,pumpswap,1790492418,0.00002384,14067.97,23018,23018,36.96,461.23,1716.2,9163.14,2,0,7,0,40,15,213,117,0.97,12.02,34.55,16.47,0,0,1,1,,,,,,,,,,,
1791441143,6UTgBWACzB1zX2GA2uEvVn6325XE99wNvkVTXv5qpump,Dougherty,qNadZjDebjUwHS5ZRcLTLtoGk4wAU15kydQLFSJGUUe,pumpswap,1790493124,0.000003086,3395.24,2990,2990,0,0,1.58,4.94,0,0,0,0,0,1,0,3,,,0.27,-2.19,0,0,1,1,,,,,,,,,,,
1791441149,HgoScXAo4zFv5kDb6axGrwuz95FaVEcLskyDVZfo297z,MARTIANS,FdL11Uu5YRNCybePTpa3T2vqjUqi4Qo1uzj4pvKUqj4d,pumpswap,1790491919,0.00003549,19313.42,34591,34591,0,38.04,769.71,9490.14,0,0,1,0,10,11,93,80,,-0.22,-5.96,-47.77,0,0,1,1,,,,,,,,,,,
1791441145,9LbKkVVhrFRqAKCRDnSVAeWHgoBgNgej25J1ZHEPeURe,⋈,5U9HrFpoThz4kanVaLKWnfBVfNBXkpm6wUNW5SVvLNAd,raydium,1790499225,0.000002838,5219.76,2838,2838,0,0,0,3.9,0,0,0,0,0,0,1,0,,,,,0,0,1,1,CPMM,,,,,,,,,,
1791441142,3jg5Zvqbg37afKLPGui2YevW1scuf5ra1Y8f3ejPDHiM,BUX,BYPHHA23PbqALgFjLDx29JCsQqaZWGFkUqK6rsK45ccU,raydium,1790499838,0.000003223,5664.7,3224,3224,0,0,0,0.84,0,0,0,0,0,0,0,1,,,,,0,1,1,1,CPMM,,,,,,,,,,
1791441149,GW5xNXBtW9usH62Uimis4L5T1Fi5ceeMa9dupjTVpxaD,lemon,HcvoKF2XajWwCzcLAvkeKNCUfSMTpu4jf65Um2bvgJPF,pumpswap,1790505906,0.000003034,3297.99,2939,2939,0,0,1.16,7.07,0,0,0,0,0,1,1,2,,,-1.29,-0.02,0,0,1,1,,,,,,,,,,,
1791441145,9fno96crbJq887w3DuDFFaurYE7sHA8GrtZutzSa72j2,UNICEF,6ESQ9LFmXPXhWo68u46zQ9VW2KbtuTxXzj7PFeyGT2bt,pumpswap,1790498496,0.000005164,4536.55,4970,4970,0,0,0,3.59,0,0,0,0,0,0,0,2,,,,-0.2,0,0,0,1,,,,,,,,,,,
1791441143,6uPEdkU2xPg1iyfLzV1ssUwvve8nndA2sd6nBFrb1n58,NEARPAD,8N2XJYyVBMrd4B5LUTd5pFe3uWwp5h4cWib9AxTxbHxv,pumpswap,1790511060,0.000008366,7876.04,7776,7776,0,0.01,9.81,175.75,0,0,0,1,1,3,10,13,,-0.72,-0.82,-6.64,0,1,1,1,,,,,,,,,,,
1791441148,FGoHcBuWfy6XGGkXwTLe9AuXAQEUmDR5g1LkxK98d1vJ,NAMI,25sJDienuMMmZKMFNn5p69Zc8ktiXrC9MUQXunuVBwUq,raydium,1790508922,0.000003494,5086.3,3495,3495,0,0,0,2.29,0,0,0,0,0,0,0,4,,,,-2.06,0,0,1,1,CPMM,,,,,,,,,,
1791441148,F1z5FQdToNDLQYJ72grqePaWJrcrf39HR4gaKA57ySUQ,Q4,5Gf7NqZ2ACpiCaGHUn7uaVEJNjVQnGGgAYRHynoHNHDT,pumpswap,1790509917,0.000003416,3576.73,3322,3322,0,3.79,15.36,79.47,0,0,1,1,4,6,50,30,,0.09,-2.22,-1.12,0,1,2,1,,,,,,,,,,,
1791441146,AuqagzhTqC6uBLraRb3rx2fwCCBAXCmfRm4btemyPXJb,Backpacknami,9y2Qvwh9oTJXEtiY1hTSc1R768fV5VdUjrPgbssSyjpA,raydium,1790508888,0.000004293,5647.06,4293,4293,0,0,7.54,266.72,0,0,0,0,0,1,2,7,,,-1.52,-13.66,0,0,1,1,CPMM,,,,,,,,,,
1791441149,HPmrRWHrbwWVzJiQfnxgPSRDDkD6ShMLnEN6VuEzvyEV,AXIOM,ENY6mbPK9mK4jGQppjYSFjkaFNAqnRedcqbsVfYgzvjz,pumpswap,1790581582,0.000003069,3181.5,2884,2884,0,0,0,83.93,0,0,0,0,0,0,1,6,,,,-5.78,0,0,1,1,,,,,,,,,,,
1791441143,76fFhcA142kf9gdg11ahYTmEiZnPXokxJkcF1axupump,KOG,C4E4jTqFXTsCYD2UvRTXmSDDjrMuLZtwrnxNJo9XYUJr,pumpswap,1790591701,0.0002545,45009.35,242578,242578,0.01,2284.82,6732.1,34210.08,3,0,11,7,27,20,199,138,0.95,4.05,17.06,61.88,0,2,2,1,,,,,,,,,,,
1791441147,EQfxT91QExKEG7j1yEip15v9P1ybmWEAdqUn2Gqqpump,MM,DUqmnEMRw1dcKsenjPohRfSoqtc71kwafxazYCJH7eJz,pumpswap,1790587807,0.000002722,2996.88,2639,2639,0,0,0,9.63,0,0,0,0,0,1,1,6,,,-1.37,-2.54,0,1,1,1,,,,,,,,,,,
1791441149,GsyqitN9rXtrYCnL9B1J2FqdJvsPvrzkUVGjuiznY2PY,SOVEYX,B9eH4qCBHNtwjbHRW9ZJmT9kXmYzGvreE5Jg9DGfw1H3,pumpswap,1790528615,0.000003371,3227.95,3244,3244,0,0,37,159.57,0,0,0,0,2,0,3,0,,,6.19,6.19,0,0,2,1,,,,,,,,,,,
1791441150,zVbJ3eRjhRbvKWAxP8xrXZAeAcSqk3vtTjCzzVAAphi,PHI,4PUBJe4CNmBXkoodR7Fc4EgbzbiS1ReYe1d5RDFc5eZz,pumpswap,1790595039,0.000003900,4200.69,3752,3752,0,8.99,8.99,11.1,0,0,0,1,0,1,0,7,,-1.11,-1.11,-3,0,1,1,1,,,,,,,,,,,
1791441148,EkFRff9a2jKztJHML1LG9FRmEkPJDR6XAYp3uCPdpump,SLOPCORE,3UMUTZeeVSLywQjeZ6sjngu3jc6oQSxpy2ApNH3xL8sf,pumpswap,1790553920,0.0002395,52307.13,233501,233501,117.21,1876.64,53390.34,293939.69,0,4,16,23,475,422,2134,2125,-1.16,2.34,-22.59,-11.02,0,1,2,1,,,,,,,,,,,
1791441150,byeJsNk4FnKKm3QXD74yhFNDtDjRLnfn7nJ3rg5j8qS,BYE,4rXhQF73ZWPpMYcCj78J9cqBcGmkxnXhghL9p2EMQGNH,meteora,1790596887,0.0003682,17557.72,47871,47871,0,0,54.54,968.64,0,0,0,0,9,1,76,6,,,0.19,20.33,0,1,2,1,DYN2,,,,,,,,,,
1791441143,5tCju6YNxHq5zrA6tGndr6F7TK42mpUFmeE31cSFpump,swordcat,8ewuF2o8ACro7fqWepZ3tKhkbBjndZU4Ldk9scRPw83d,pumpswap,1790586789,0.002390,201945.49,2294496,2294496,4886.94,36402.92,504727.79,1322277.83,54,41,315,267,4368,4202,9060,8796,1.38,-8.29,29.01,-4.41,100,1,1,1,,,,,,,,,,,
1791441146,B5HJCUbAztsKaQW38rUcQp2he9s75kGvT68Eh1mMBNY3,ZARVIS,GJBYJLf1vobAfow2HugmWfnTLNcKUXDqAV2xmNSEvgcp,raydium,1790598714,0.000006368,7500.44,6369,6369,0,0,0,61.35,0,0,0,0,0,0,0,9,,,,-3.58,0,0,1,1,CPMM,,,,,,,,,,
1791441145,9VkvLUSeid3aoVUU2KD3chvMQF3QgXWgYhFiLqQcode,OPCAT,7zSKYTnHfV8wChuheWWSeWqX7xeR6kNCs4rzVGJhsn7v,meteora,1790574990,0.000002647,4569.9,2648,2648,0,0,0.07,653.98,0,0,0,0,0,1,0,19,,,-0.33,-38.03,0,1,1,1,DYN2,,,,,,,,,,
1791441145,9BSBzdxfaC4BTPFmCLMxjaTwMMz8LXiVZoMyNMPWhcvu,CMC,89iJxkmq9iSr9ivpfqn8sEn7SW1nMk1YqhNQaKikWXzw,pumpswap,1790600993,0.000004145,4155.51,3836,3836,0,0,0,1.19,0,0,0,0,0,0,0,2,,,,-0.15,0,2,1,1,,,,,,,,,,,
1791441150,r5r3EVBTXkBxJDJPNKGqprty2NGjP63MoS61JFipump,CMC,9c87hhh7G8At65JGxU3ndXreurCEtv4G4B9Q74gQPz3s,pumpswap,1790601056,0.000002589,2640.43,2477,2477,0,0,0,3.63,0,0,0,0,0,0,0,1,,,,,0,1,1,1,,,,,,,,,,,
1791441146,BHdfzHB5NHU4wfF7P46cJkA4PogmHYfnp51ijLSgpHa4,ZSHIB,CaREMnjWjZ1Pb4Rf1W8Y4XZbi7S6iMP526yZvteTeCUv,raydium,1790602135,0.0001774,39131.24,177442,177442,148.44,442.91,15126.65,102420.63,1,0,2,1,148,49,555,352,1.53,-1.3,-3.71,-47.79,0,1,1,1,CPMM,,,,,,,,,,
1791441147,DS6ePhDssKU2aW4Wyw424CRC7fYDHygmNu4cyMCc5vq4,Gentoo,3G8tvCiP7JnTWBr78WrgDFyTAS17VAcw9kDYDv7vmbrL,pumpswap,1790603769,0.000005152,5204.48,4900,4900,0,0,0,62.97,0,0,0,0,0,0,4,8,,,,-2.59,0,1,1,1,,,,,,,,,,,
1791441143,6qBR7sk15ZVdt1vx6j1JgtkuurK8WrapugFptWQCyzL6,Pygoscelis,5fPMykyh2Gc3HC3Rpj2TJQR2LnNuEm2tEEN6Nz9HMBv,pumpswap,1790603435,0.000005349,5757.48,5164,5164,0,0,1.33,333.48,0,0,0,0,0,1,2,11,,,0.15,-4.14,0,3,1,1,,,,,,,,,,,
1791441149,N7Q5fYX7YRnDQksfdBKnoUb3awm92n7QNAD35X3Rq1X,NOK,7BRs41whky17xEGvADRgHngEiHVKnQ4CGnP2J1z2TpgT,raydium,1790604565,10.64,58683.66,417696,417696,0,185.73,225.28,10160.55,0,0,0,1,0,2,15,76,,-0.08,-0.1,-2.14,0,0,0,1,CLMM,,,,,,,,,,
1791441142,4NynHc4PchhnVFjERb5THm9JwY5kzmLtEF7ZwKvcpump,PACIFINU,4VJG8gMPKe4nMBJegeA24pryRn6z61JdSAqsHyLPnMf9,pumpswap,1790605056,0.000003105,3268.22,3073,3073,0,1.39,48.93,456.87,0,0,2,1,65,31,354,194,,1.36,0.33,15.4,0,1,1,1,,,,,,,,,,,
1791441145,9pMXEbTjQ5HHiYifGbNBwkMkrQxGyhuSmB8ndKNXpump,SICAT,B4kJcppu2bxh7srJmEJq8NVM9SrpZVLum5YVjGq6VChH,pumpswap,1790608872,0.00001140,9860.56,11028,11028,0,72.31,125.24,1185.52,0,0,0,1,5,7,26,41,,-1.35,-1.59,-7.11,0,1,2,1,,,,,,,,,,,
1791441141,3ErG8UG3VBgHtNUWcUJK74KxEKCPSCviDgx453ytW4bW,PNN,69PSVWLb6qXdx8RJN8oTTchfBB8VCDYprKQxi5RWiJ58,pumpswap,1790610360,0.000003412,3289.86,3228,3228,0,0,0,0.11,0,0,0,0,0,0,0,1,,,,,0,1,1,1,,,,,,,,,,,
1791441141,2GyjqZhMUWxpuiVgypqV6KZ1agbzgitEVUU16mSnpump,BAYPAY,5AMiVtueS8hLsSd5hF9tYEQ8fUtZxrpRcTuSPjgkPxoT,pumpswap,1790612904,0.000002481,2510.09,2403,2403,0,0,0,0.8,0,0,0,0,0,0,0,2,,,,0.27,0,1,1,1,,,,,,,,,,,
1791441141,2yu92oYzBWLAdVpu8BoaLzmM1oxPsHoboay2BXmeDDZr,FROINK,5L6SiELCoXrV9CtcfwUGKJf5EzCRTyDDmkbth1yEKp9f,pumpswap,1790608143,0.00001887,14220.18,18146,18146,0,2.34,381.63,2906.33,0,0,0,1,4,7,27,38,,-0.6,3.24,-16.34,0,1,2,1,,,,,,,,,,,
1791441146,BW1HeTnP1ZpSyvoExMKCW86vdEAShjwBV6dUfgZwpump,SUBS,whjdPho1efdTJQ6N3kqeSRiM9dab8DkYHFDprGekoqs,pumpswap,1790609333,0.00002767,13694.29,26962,26962,0,100.69,372.14,26521.55,0,0,0,3,2,9,224,224,,-2.98,-8.66,-11.03,0,1,3,1,,,,,,,,,,,
1791441144,7qLn9eW3CHiCMJWokv4Kxmgs4daSnnRE4hxAzqqFpump,STILL,CgKUPJruYqA517biEm4kpF3tUqf3ecKDyzyAVxtMLCYH,pumpswap,1790612412,0.000003007,3176.33,2938,2938,0,0,0.41,7.06,0,0,0,0,0,1,0,3,,,0.28,0.3,0,0,0,1,,,,,,,,,,,
1791441148,F9SAHZVQ7U1mgx8V9Xk1a1EgPtrEVsxQJZa9CUw8uQSp,LOOT,Bh4SPn8PhZNouGA5HbU4ZHKx5dppfsosxUVw8fBMLB8G,raydium,1790437420,0.000006902,10753.34,6902,6902,0,179.65,179.65,779.01,0,0,0,1,0,1,3,7,,-7.16,-7.16,-15.16,0,1,2,1,CPMM,,,,,,,,,,
1791441141,2EUKLvNQ63YCmjSDyJ14Tzj7ASeHGXgseYWrKAa2mine,MINEPAD,6iYoSjHFnBYLAoXAk9okj1GLDWhTtsCMUzr6WCDU7Lgm,pumpswap,1790606100,0.0001081,32032.3,98772,98772,98.39,2653.78,19789.4,84484.72,0,1,47,25,225,132,739,502,-2.09,-7.74,-13.36,-0.56,0,2,1,1,,,,,,,,,,,
1791441142,4Exc9SfSRRButkzTT456SPa6sTzQCb8pnfqcUECGpump,JEANPAID,EJDa4ai1wS8uiMeFupvmzyAamLUYp8GvLtvWVLqcicGv,pumpswap,1790616858,0.000004418,4084.08,4292,4292,0,0,0.57,561.79,0,0,0,0,1,0,3,7,,,1.67,-24.38,0,0,0,1,,,,,,,,,,,
1791441148,Fr4a6ZvEh6En6enWPjhDNeittzeN7J94HDpTdja2pump,SP,H1PRqDadyz1L1i26oHCDUDipb6tmX1a7YpAZv3LZJ9Qa,pumpswap,1790619892,0.000004694,4627.97,4312,4312,0,0.35,9.09,98.9,0,0,1,0,9,9,72,41,,-4.22,-2.59,-4.16,0,0,1,1,,,,,,,,,,,
1791441143,5HpB4gU9M7xtHC2fLK1FXP7UuDQUvJTRD6guwPKPJUGi,BLUB,3x7tLbTjGFakK6MiTEeyUiRhqLejsDJoaUz1kYvrnj45,raydium,1790448559,0.000009737,9882.32,9737,9737,0,3.97,14.7,1305.1,0,0,1,0,1,1,26,13,,0.23,-0.3,9.93,0,1,1,1,CPMM,,,,,,,,,,
1791441146,CCU9jkaWPRjdsKuTRJa7gJZ22Qf1gXSZQiDV69JNG5W3,STUPIDINU,FtjiLNx6fzXPDWaQ1sreHsqcKqU2eadmpaNv7at2ZTas,raydium,1790616279,0.000004692,6755.44,4692,4692,0,0,116.97,437.83,0,0,0,0,0,5,3,12,,,-5.66,-4.15,0,0,0,1,CPMM,,,,,,,,,,
1791441146,BgdmnYfBc5xj8akTewzX28DPNfBqgkkKSaAE6KxqfTYu,CANARY,6jsP1zXvBMKAux5aceJ635S1BwctHvTFDSaG9NcutCvV,raydium,1790615230,0.000003390,5346.81,3390,3390,0,0,219.08,481.15,0,0,0,0,1,1,1,7,,,10.5,-9.19,0,0,1,1,CPMM,,,,,,,,,,
1791441150,Xf3nPbRGub2NrnQ8WiSBgswP66DMGmttJYmuHYgpump,POUNCELOT,FJW4WoiBUMTowTjMu7D8pXdfPRTg3viFnp897xron4z6,pumpswap,1790617245,0.000003155,3375.5,3118,3118,0,0.39,87.69,500.67,0,0,0,1,81,44,365,207,,-1.58,-0.22,16.54,0,1,1,1,,,,,,,,,,,
1791441150,cbADAmv9issuPfhFwyQG3xac4DGPd1LDSt1oz7vwJsg,cbADA,5FbJG2CmQVSmbfopTtYzMr4YX7Pjhyz4XroRWmxYVKjd,raydium,1790618938,0.2525,78960.12,,,52,1058.73,5520.1,18176.9,0,2,0,26,38,64,155,205,-0.03,-0.51,-1.07,-1.43,0,0,0,1,CLMM,,,,,,,,,,
1791441145,AfVUPhruMtJuFVtPj4u8kvpNbNEuy7VQ3ME5eAHq9999,STOXES,AGubQRJ5T5snYFmUHqbxq4zobCHBhkw2jnC79mHaPqtc,meteora,1790618704,0.00009456,28664.86,76264,76264,0,219.31,1411.17,13952.33,0,0,3,3,30,11,131,82,,-1.36,7.31,5.83,0,2,2,1,DYN2,,,,,,,,,,
1791441142,3YWbeb3gozGGQFNSv384BeZqTexPMmNns5vvjb7Kpump,Joe,EgqpnnVwb6aFZcWgaF932jbTtzc3kmGpZWphM9MgwQeA,pumpswap,1790620820,0.000002923,3245.09,2871,2871,0,0,0,2.2,0,0,0,0,0,0,0,2,,,,-0.53,0,1,1,1,,,,,,,,,,,
1791441144,8VxaJHWP9NGYVDeYexGXXbmpmoiVXNvspjqtkbZUpump,FROINKCAT,7VzEdZJ4cQW6ymXk6MNv3mijtokia6FC3aRLw5ZsGj6o,pumpswap,1790622581,0.000003101,3175.88,3048,3048,0,2.16,67.65,533.51,0,0,3,1,85,41,412,225,,-0.71,0.7,14.68,0,1,2,1,,,,,,,,,,,
1791441142,53gTSW4WFgrRHgQCtf5CyXgrEBNyNWHobYBAhqQJpump,SARP,DfSPxKSfu54iWjHDyGb4QeskRdewizhAwcZj97XKp5qj,pumpswap,1790622081,0.0007995,80371.66,788341,788341,0,5401.3,41591.36,233373.25,0,0,20,21,213,193,1283,1154,,-0.86,-10.21,6.14,0,1,0,1,,,,,,,,,,,
1791441147,Dk1NXoFkQdPtSpg2L7JsCNzZvxcyF8KHjNUEKkxDpump,E/NYANCAT,FAyBhWgtJK5K5NB9dCtZmX6452W8CWc5MZNA8pwUtWKS,pumpswap,1790622030,0.000003293,4164.13,3198,3198,0,0,4.86,5.26,0,0,0,0,1,2,1,5,,,-0.41,-0.79,0,1,1,1,,,,,,,,,,,
1791441148,GBTkSzep7xDoBGWK154TvaJWWzsb8rw5GWChNcoLcYM8,p/xmr,4Xm1kWa4xTNL4ingsckGELLBHq54LttLJLVE4AdFYLmJ,pumpswap,1790624098,0.000002808,3082.77,2756,2756,0,0,5.87,10.04,0,0,0,0,1,1,1,3,,,0.06,-1.79,0,1,1,1,,,,,,,,,,,
1791441142,3SzFBGJCS2752BnPcByUMFuYFN7KgSpn354FDNvCwtLH,GOIF,HBSHKk5asbkeKvHQY6mtWP9optSGtESUR9ZcSaFndnDf,meteora,1790615139,0.00002364,4608.11,23649,23649,0,15.42,1670.97,53737.05,0,0,2,0,25,18,279,234,,1.68,38.05,-99.15,0,1,0,1,DYN2,,,,,,,,,,
1791441142,4akevTN2EaqUKDT2jhcRH4oRk5cppwRdaE5MGoT8pump,CLONES,3hAJsk3dyaGApDYz2UHLRoRAXmVmqaw4xunBoDDoCWnn,pumpswap,1790624758,0.000002732,3017.74,2662,2662,0,0,4.34,11.9,0,0,0,0,0,2,2,5,,,-0.43,-2.56,0,1,1,1,,,,,,,,,,,
1791441142,5BjfgmtfqvNpAWx1CnZynoWLWNMnrwHLhTFzQ81vkEc8,ClapCat,4eR3ddyPzgrLgwbgfEA2MP1XUsQpYCvMT2zGgwY5XaQt,pumpswap,1790622415,0.0003348,55190.67,319025,319025,832.17,7778.66,64838.36,357835.76,3,8,28,65,488,379,2550,1954,2.5,24.14,32.99,137,0,0,2,1,,,,,,,,,,,
1791441149,HGN8K3x5ZLfYNjvE8b1hCqqu7RwupuKU6EkEhemzpump,SNOWBALL,AvF6mHTXDcSLuq7NUWyTffaRopRkM9Sjh7ruFPNGnZqs,pumpswap,1790626465,0.00001965,12582.15,14960,14960,0.1,177.93,953.67,7299.37,1,0,4,1,39,19,226,134,-0.06,-3.97,-7.78,-17.47,0,1,2,1,,,,,,,,,,,
1791441146,C1mBfBoDkwWfd6uTFZp62ARHLjeVp3bDpCDMfMZtPngE,HOOKED,C7r9jXWiVYmBYR2Jj5YSLiEitUGJPjQXWeg7HPU8NwUk,meteora,1790625916,0.006891,318709.86,6470784,6470784,0,16435.31,534745.53,760786.28,0,0,19,18,839,478,1362,770,,-2.88,11.19,16.63,0,1,1,1,DYN2,,,,,,,,,,
1791441148,FjKd8GR4uwYQymh87VhknT7w5iS8qz1DM8ZHPCWZpump,HAUNTED,DR9mPT44EBnhzw19UDi2FeGxBXKFfxqKBmnY8qY2aiZM,pumpswap,1790624265,0.000002778,2906.13,2700,2700,0,0.57,19.13,158.12,0,0,1,1,20,19,117,84,,-0.02,-0.37,2.07,0,1,1,1,,,,,,,,,,,
1791441147,DKxXdaMC1so182urvrrnhs6V6fGTrttPS8br6JuEpump,AI6,A8mMNioRKoRXcb8nVVRy9KV7ZSPyfTTm13ye4bSgHw7F,pumpswap,1790628334,0.000004486,4719.45,4447,4447,0,0,8.9,89.55,0,0,0,0,0,1,0,9,,,-0.42,-6.67,0,1,1,1,,,,,,,,,,,
1791441147,Dvx47FCHEa77thmxtgzfyx35vq3cPvy2D7mZfpCzVwUP,1%,42v7DBnWH16M8ARkDcg815hmsuwKQxWR8waEUtct7ZjK,meteoradbc,1790627663,0.00001684,,15996.61,15996.61,0,0,1462.05,3410.2,0,0,0,0,18,11,30,29,,,4.96,-11.66,0,0,0,1,,,,,,,,,,,
1791441145,9k7NgXqiJ7tvLtiB6HXdJHnKZZynFz46AB6Eg4Uwpump,INUINK,E2549WVzvMXBSknhM4nEbMVW1QoqEULoLWKwWGngg8sj,pumpswap,1790626616,0.000003082,3771.42,3054,3054,0,0,10.09,65.77,0,0,0,0,6,4,38,22,,,1.15,-1.31,0,1,1,1,,,,,,,,,,,
1791441150,WNnpLo7Mjx3mGw5Vu41EyXUd4CCyJyVHoXVkGdMxpLU,SUPERTAKE,C8q259EgqS1wzRuBymaD672iT5ezopYgD2HsiPRcGcrm,pumpswap,1790629466,0.000003445,3409.07,3344,3344,0,0,4.17,137.8,0,0,0,0,0,1,12,8,,,-1.16,-2.08,0,1,1,1,,,,,,,,,,,
1791441144,8n1Qyjo7LrQMFaZsTJ3K1qPkNRMxDmS6R4eDjkvjpump,HOOKEDCAT,CSNs4q1tN3gUDEKgXKUZPAFZdZncUJvPffh2ZzydH5g5,pumpswap,1790629083,0.000002939,3471.51,2886,2886,0,0.21,15.35,77.91,0,0,1,0,19,8,60,33,,1.05,-0.15,1.1,0,1,1,1,,,,,,,,,,,
1791441148,Ew2gmuMt4W5tjqoc4bUdWrcPBgBp6MYXUBFiD1TTpump,BUTTERS,E9vC5WedxRCmZMpAbRJCdqJUkC3xNEehqi9BuZL1inGA,pumpswap,1790629952,0.000002648,2752.07,2580,2580,0,0,12.51,27.5,0,0,0,0,0,1,1,2,,,-2.19,-0.81,0,0,0,1,,,,,,,,,,,
1791441145,9nwLzYqpTHnA64UL9a2m74qLYbNagXDeua1iBmorpump,BINU,FNzh197AcF5LsjaULSdz6SM7Wxfo8pK9T89VfRvaY5ZL,pumpswap,1790629089,0.000003242,4034.46,3150,3150,0,0,0.2,8.06,0,0,0,0,0,1,1,6,,,0.44,-3.19,0,1,1,1,,,,,,,,,,,
1791441142,4JUv66RqP9ed78ajpNpuTbC1rGGgQwBwei4agQtGanTb,Loomer,EfYLFXSxuWQHidNBYvVR6thkgYENeDpRy8P9JGYHfBPX,pumpswap,1790632327,0.000004794,4892.22,4605,4605,0,0,0.69,71.42,0,0,0,0,0,1,6,11,,,-0.08,0.44,0,0,1,1,,,,,,,,,,,
1791441148,EdYKmD6gwazdMQBeadHpSuSeTpjtnbxkpfXCax3Lpump,Loomer,BZBT6eogfdBrnMScMJ18TzTzzjA6FpBwwuSXTXaF4ht1,pumpswap,1790637600,0.000006780,5893.16,6517,6517,20.04,20.04,387.6,1836.11,0,1,0,1,1,17,19,42,-4.63,-4.63,-17.5,0.56,0,0,1,1,,,,,,,,,,,
1791441146,CyeorQCHgyGYLqupizxAwqkpA9zJnZ8PFUmWadF5pump,KP,5q3JUKNfdh4jF4vNrcoNzq9gTemavSpffdV5ubCpvQ9r,pumpswap,1790633818,0.00001717,11306.11,17100,17100,0,0,0,644.87,0,0,0,0,0,0,2,7,,,,-5.22,0,1,0,1,,,,,,,,,,,
1791441146,CzdNEEHHjFZJ5dq7jjDViqWP1AxtStN9B2A12Qn3UmH,LEFTCURVE,14UCLEyKhFtcmXePkiRn8WAqKGLKTYm4uhNg6qNSSw7M,pumpswap,1790622052,0.000003619,3682.09,3452,3452,0,0,1691.93,1742.49,0,0,0,0,8,8,9,11,,,4.64,2.86,0,0,1,1,,,,,,,,,,,
1791441146,BvSX16gMqPaRPcBzkmBnNfV7B6VM5BpGPs7oCpdppump,SHALAB,CgnNGZJvLoYLixZqQaDPK7n6hHThpLXLSoDLYjujMkSH,pumpswap,1790633280,0.000002894,2949.73,2857,2857,0,0,0,2.09,0,0,0,0,0,0,0,2,,,,-0.03,0,0,2,1,,,,,,,,,,,
1791441142,3PjwCqfGMR8CXZbcPEbGTSPQGduizdoVz4N1RQmJd8Uv,Carla,3LJ5CnSij5rpx6QP6AsYHY1W8bdpzjBMd4fM3W2mbjVo,pumpswap,1790636126,0.000002487,2535.26,2347,2347,0,0,0,8.76,0,0,0,0,0,0,0,2,,,,-0.14,0,1,1,1,,,,,,,,,,,
1791441146,BgwfQ2nezfeeCdSkuhJzVa1o4LontBRnhEuwiiskpump,Zubit,4oN4yhp29WoRrRPsT6AbvbscsimaJtNYYhvfYcaDsooU,pumpswap,1790634881,0.000003207,3404.86,3137,3137,0,0.27,62.87,68.52,0,0,0,1,1,3,1,4,,-7.28,-10.05,-10.05,0,0,1,1,,,,,,,,,,,
1791441141,2d79yirWWZmzf249y7B4DMvgaSb7jgrCxrwTcweFpump,STOCK,9UqFNPpyCzjhJKWnEXBUxFSsgA6g9HLa8yU19mAmcUnE,pumpswap,1790638001,0.000004974,4931.86,4823,4823,0,0.11,7.72,58.47,0,1,1,1,9,6,36,20,-1.75,-1.05,-2.47,-2.36,0,1,1,1,,,,,,,,,,,
1791441149,H8WTvo3ZXSYHJAcYqzCforbG8coR1FDAX2kHFfqHBAGS,BAGSPAY,DxSBgaYreFNFxGu9TEC17n4Usq5jjy4Zf9djT7RBLrGf,meteora,1790638863,0.0006965,121138.26,696480,696480,2591.75,14027.23,272450.1,1385424.76,40,4,202,105,2508,2017,8556,6710,-2.96,-13.07,-13.46,330,0,1,1,1,DYN2,,,,,,,,,,
1791441142,4tvcXSyhPfb1vQQWunMmMzmVNCJGMYrXgtv3bEbSpump,SITRUMP,HhnhZTbXzzEmYLNNzyQSBXWD5s4AEQptqJkBC8N5SGCZ,pumpswap,1790639788,0.000006100,5477.12,5991,5991,0.13,0.13,11.77,101.71,0,1,0,1,14,8,60,43,-1.88,-1.88,-2.29,-0.38,0,1,1,1,,,,,,,,,,,
1791441142,4kgo11KazbCNd2DosYSLGpgSZhEtda1gGu4rbWJLGCJV,Murphy,7CCRs48eJfvTuiZKLZvTKCdJS3XU4mTUozKw2xhyRevT,pumpswap,1790640443,0.000004420,4539.51,4246,4246,0,0,56.38,71.33,0,0,0,0,0,1,0,2,,,-8.79,-8.79,0,0,1,1,,,,,,,,,,,
1791441150,tYLAYuNEJbuvDzuERBHSHAeVFZTgkkSLPwrRwHzpump,USDF,2C8y5L54WKjRoTAFqhw96pWmwTD5qdf5fpMWArLpHMpo,pumpswap,1790644682,0.000002927,2926.56,2927,2927,0,0,15.79,444.01,0,0,0,0,0,2,14,12,,,-1.21,-8.33,0,0,0,1,,,,,,,,,,,
1791441142,3kmygWKZBkCYrgZHKfiuB9UFKTcDLTFFsKo3BWpmpump,PARASITE,4zLRGHwKdXyaTovP8UkV66CskWgo9E7kAaGYcw1vFh7E,pumpswap,1790644646,0.00008867,35205.32,84981,84981,0,495.54,7195.37,73380.81,0,0,6,14,90,109,872,693,,-1.16,-6.56,-42.65,0,1,1,1,,,,,,,,,,,
1791441146,BhNmfTQuSdkdgVPhZ5fCJnxa1xYTPqkdjMn7LhLYhype,XLiquid,uvfLdQVyhhVKracMj2NyzT9L3tohpFnhAJreLdThqPV,pumpswap,1790647512,0.000002635,2832.03,2555,2555,0,0,0,12.45,0,0,0,0,0,0,0,3,,,,-2.06,0,1,1,1,,,,,,,,,,,
1791441145,94mo6yYt5z9t31TjS257coYsRX7b7KPTKWVRzAnuLECr,JEET,5U5CLq5r21ytNivjPe9ahardJ3ef7nDDzuAFsRe4TwF6,pumpswap,1790647174,0.000002905,2919.55,2776,2776,0,0,7.83,11.41,0,0,0,0,1,1,2,6,,,0.29,-1.06,0,1,1,1,,,,,,,,,,,
1791441141,2sDeSDUigrzYKRhZBjjs8AJDyMYroRyVAsUzzq9D4sqr,Adventures,6bGK5L3CMcv34Jk3gcHW3RwBkGv1QQxcbKaL4SrygryC,pumpswap,1790644356,0.000005390,5199.84,5231,5231,0,0,0,120.04,0,0,0,0,0,0,0,4,,,,-10.36,0,0,1,1,,,,,,,,,,,
1791441146,CLsGDf5QSp62QsxSGYuZetaA4WEGmKuq7XvKwkFcpump,GITFEES,AQsQp6n4pdNAVR2TbHPaCawX4Z8SGH8BrcRNvKAQ6U5v,pumpswap,1790639241,0.000003992,3969.11,3789,3789,0,0,93.55,381.87,0,0,0,0,0,3,5,9,,,-3.81,-15,0,1,1,1,,,,,,,,,,,
1791441141,3NLfcS6P3RpVQ4i4he7xYp9amQScvTvoLMi5iY7cpump,LAP,B426apUrQMYC1ocQRkyfKDpyGV9dNQZ6TbgXugAUUgzd,pumpswap,1790649236,0.000003294,3396.44,3158,3158,0,0,0,1.09,0,0,0,0,0,0,0,1,,,,,0,1,1,1,,,,,,,,,,,
1791441147,DHT1Ko1NcGu3wxmV3J8Vh5zbqWKxq5ustAgC2AWrpump,WOJAK,6TeiEwAHFuPCEgzAMvFTgpV7nfxpU8NB3Xh4d5wFGaXm,pumpswap,1790651707,0.000009522,6994.78,8517,8517,0,0,15.72,664.87,0,0,0,0,21,9,73,43,,,-0.05,-0.77,0,1,2,1,,,,,,,,,,,
1791441142,4aDtkCadyWomBewuynPi7Y8NR41dKXAmUMFYMLBxpump,DUEL,2LVxwXzWGxeDHHZp1vB8iZQfqzwYRj3NcnY251Bd47Ut,pumpswap,1790650652,0.000004457,4310.15,3606,3606,0,0,5.02,6.65,0,0,0,0,0,2,0,3,,,-0.99,-0.99,0,1,1,1,,,,,,,,,,,
1791441149,GguztAZZv3GsSjzFs3qp18X2jqeAr2YmbbkmY2AZpump,Academics,8uR87GQT1RChyDRSVM1FuJq8PBEHCuWhPbJpyZ1x5v5u,pumpswap,1790650589,0.00001532,9306.94,14602,14602,0,0,925.16,1493.26,0,0,0,0,23,11,34,32,,,14.39,-0.87,0,1,2,1,,,,,,,,,,,
1791441142,4kYsZeMw45RXoeJg8BjyeZVtwoTQ2LAEoZckwK1kpump,PCAT,ATqCNEuM5EP7Ki8NEQGaCSKbrceYYquBi2D7EpyccKdr,pumpswap,1790650493,0.000003555,3436.67,3444,3444,0,0,0.13,61.68,0,0,0,0,0,1,0,5,,,-0.42,-5.73,0,1,1,1,,,,,,,,,,,
1791441142,4TKsdzn7TzK1KuzLS8taqW6okLsyMaWvxwtqyH3iLdRX,BEAR,31D6F92x3aG9w8o3MVEsdZwuxdxrYrwjCEaPvcSK8i1R,pumpswap,1790653233,0.000004119,4137.27,4048,4048,0,24.55,24.55,269.61,0,0,0,1,0,1,7,3,,-2.29,-2.29,7.88,0,1,1,1,,,,,,,,,,,
1791441142,3sJLXbRoBgVgeDnCCfmdSZuJQRtuyPRsJmMTCZumWH9Y,ber,btpnkVs4vbJvpvyUV259oPikLuUkVo2CeJ2Q36rdesJ,pumpswap,1790653549,0.000003444,3651.74,3342,3342,0,0,0.03,117.94,0,0,0,0,0,1,1,1,,,-0.25,-0.25,0,1,1,1,,,,,,,,,,,
1791441141,2uPFpHPaQUyrrsRfYeziTjzNoju449gruMQFRie2pump,Virus,7mZmfuz1DtBxSYsAaxEpkkThLLZv9sFyDdiktG83fE62,pumpswap,1790656541,0.000002443,2514.3,2364,2364,0,0.11,0.11,5.66,0,0,0,1,0,1,0,5,,-1.23,-1.23,-3.57,0,1,0,1,,,,,,,,,,,
1791441149,J9gXX3PtUX2WrhnWokWwibnvvfMbHSqCh6aebaKrpump,LUNA,Csgf7HXufnk8sSmkv49wPspCCPjGRpJ9y4vddan7x6Jz,pumpswap,1790654376,0.000003861,3596.14,3702,3702,0,4.94,19.2,21.47,0,0,0,1,1,2,1,3,,-2.43,-3.59,-3.59,0,1,3,1,,,,,,,,,,,
1791441144,7ioeSgzfSKHMnpgfPpgRFsekMBGiu9oi6t6GeqYtNbbh,CURVE,7Pu2ytSzMwg5qhMxXV4qb4ie7gCGhy3kYjbgwFdfmMPB,raydium,1790658485,0.0001752,204723.28,174917,174917,0.44,213.46,1862.56,19719.93,1,0,16,2,29,40,99,115,,-0.26,-3.22,-25.24,0,2,1,1,CPMM,,,,,,,,,,
1791441144,7MYpDaZ1Uorg1QtkjWK25X2K4UoNk88854jfopAXxNKs,DOTS,4UZFVgHqgzDxvfeE1eu4cVv6boonSKsjpGT4JiScGPRt,raydium,1790623089,0.00003220,21572.46,32209,32209,0,28.63,527.13,3576.85,0,0,1,0,4,5,34,41,,1.28,6.2,-8.05,0,0,1,1,CPMM,,,,,,,,,,
1791441144,7KRkpz1dWtvofPY6m9hbHNdb1mP7tPoNb2NnYYzGYcAL,MI,81Fqik7YgRXnw5YLGB64KLhAMMuqBRZYyCQEapNA2TWX,raydium,1790658732,0.000008672,16405.92,8673,8673,0,0,284.81,288.93,0,0,0,0,0,5,0,10,,,-6.37,-6.19,0,1,1,1,CPMM,,,,,,,,,,
1791441149,JCqaX2xkY4MSWj2Fd3VQPLy2V9ZzTEoqTZ6VdQhyi1Go,CARDANO,CtqhtCBJdWQPqaCXmLT1bLp5fX3ufxsc8Ye3sZnKEttW,raydium,1790661981,0.000003019,5374.27,3019,3019,0,0,0,510.49,0,0,0,0,0,0,0,9,,,,-28.41,0,1,1,1,CPMM,,,,,,,,,,
1791441141,3JBcBwcZ5psDu4Qy58YBqbMn2Nk4QKzDiqii4gpAwqei,K/acc,ExsQ6RDXiSWVGVeyvL2QAwNmxT5SHPbPW9yWjD9TmKqG,pumpswap,1790668225,0.000003959,3925.74,3786,3786,0,173.24,406.61,473.93,0,0,2,2,4,4,5,11,,3.15,11.67,6.61,0,1,1,1,,,,,,,,,,,
1791441146,CeiwP43gua1eqMSd4W6dUAC5LzYW257Jp48NzCNrgRga,DOTS,7d1FStCR2ASY3VaKnBWFiJgo2KXpZjtVEBX8i6G1ThwQ,raydium,1790659355,0.000002696,4867.08,2697,2697,0,0,0,144.27,0,0,0,0,0,0,1,5,,,,-4.41,0,0,1,1,CPMM,,,,,,,,,,
1791441148,F1AUYwCAmrH1JRVjyeZLT3cnGDKtEfTc9MwgWSbmuUn9,Carl,5nT7ZRtPzdqKzgFtZj1czRY9XC8oj731nft47nErWcUh,pumpswap,1790674015,0.000003267,3135.9,3054,3054,0,0,0.98,4.13,0,0,0,0,0,5,1,6,,,-1.3,-1.19,0,0,1,1,,,,,,,,,,,
1791441144,84D3VopU3g5qo7jUwzQK4P4BnVPQWr2MzeaRCFkHpump,POND,9Laz2p55TfBxoiDRWZQNU8SKzr9534ZKHW9hmZPDXZ7E,pumpswap,1790676981,0.000006106,6214.53,6020,6020,0,0,34.56,117.52,0,0,0,0,15,7,48,28,,,-0.27,-1.45,0,1,1,1,,,,,,,,,,,
1791441147,EThAHDXisQrhvv9MPrv5DgZuRHkjUzNcTwnLzVjCpump,PAYDAY,FSPhtif5wPhewj9kgkUSWEUrQxSAC7sGGioRkFZP82Eg,pumpswap,1790676501,0.000005585,5135.69,5288,5288,0,184.57,189.15,769.28,0,0,0,1,0,3,4,9,,-5.34,-5.52,15.25,0,1,1,1,,,,,,,,,,,
1791441148,Eyvmi7QVpSXWbB7WLqf5ksfbRugaiFudubeLtpEDsnkh,SEECAT,FHJkEmXYDTEGgRsQsy7rAkfPrCyL9UNdpB1cqxKNqo4r,raydium,1790606334,0.00006282,20393.71,62822,62822,0,0,564.07,4674.48,0,0,0,0,13,4,106,25,,,1.99,-19.3,0,1,2,1,CPMM,,,,,,,,,,
1791441150,uEMVScZfPPfSGeoKkPCQ82oRedJn6u1dQvDEo8qpump,UDR,GYLp6WgUAxShVSKu1gRe8da9yAd5DJjtCksM4ozFVE7G,pumpswap,1790656157,0.000004122,3829.92,4123,4123,0,0,0,38.58,0,0,0,0,0,0,2,2,,,,-0.93,0,0,0,1,,,,,,,,,,,
1791441148,EtV9vmJXhV4gTgxzgzn7xpbjRX2ne2Vb8T58mwabpump,BLINGBOY,7qvv2vkJLVx49N2ow8p3Scncx2FNeFpZP63ZQdKHZf5i,pumpswap,1790682809,0.000002884,3028.36,2773,2773,0,0,1.28,1.28,0,0,0,0,1,5,1,5,,,-1.12,-1.12,0,0,2,1,,,,,,,,,,,
1791441150,fSK8y3f3Hz1mTeSYap6FeqhZ8ResekAAuhZYddnpump,NTDA,5c4jXRKJQgw1gJahpRW3WvDNLkTUrzwK8omoZovszj3p,pumpswap,1790684662,0.000004474,4085.21,4473,4473,0,0,0,313.07,0,0,0,0,0,0,5,3,,,,1.56,0,0,0,1,,,,,,,,,,,
1791441142,4XDan44KkAtC97S7b6KdExWR1zh24zka4iwLfuuYZoqn,LLMA,CMwwXFSqGWHNpHxiTKaVxMUAiBZsV9vADeWoQ5BbuMgv,raydium,1790685695,0.000003542,5943.13,3542,3542,0,0,19.73,68.84,0,0,0,0,0,3,1,10,,,-1.39,-1.12,0,1,1,1,CPMM,,,,,,,,,,
1791441149,HrXtCbUQJB4Z8P2Y9yrzNk2xgp2V9yTKM1qsmKifLXR2,inu,92RqWvHW4dmmyTkuTWoYghCjTzf5LLN2DDy2Gujg2cFL,raydium,1790682324,0.000003816,5027.3,3816,3816,0,0,23.01,264.78,0,0,0,0,0,3,0,9,,,-5.34,-22.25,0,0,1,1,CPMM,,,,,,,,,,
1791441145,AFuPDJBiRy7MC2U3dTEZB7rReUAosWGv7aj57Lqppump,YOINK,WDWNj2W1K5gPsrmCEcjSD9mEZ3VZh2BJLxUahtmwr26,pumpfun,1790387869,0.00001727,,17274.88,17274.88,0,0,78.61,134.12,0,0,0,0,5,0,8,0,,,-1.37,-8.24,0,1,2,1,,,,,,,,,,,
1791441149,H4KUxsEgCp2yDpFvyDuGM5k6XevSKKrrKUxZ3Zr6nyJc,COCKROACH,5d1MwACzebHE96bX8ZN3jQGjwPuBjQF7vcbmmhr5Gskb,pumpswap,1790689191,0.001072,142295.99,1053212,1053212,417.96,13835.76,41434.34,252629.89,0,1,35,51,124,166,906,938,-1.06,3.06,12.9,45.83,0,0,1,1,,,,,,,,,,,
1791441144,8CMH8UTpXVSKSBA5sNtscfzxD9yQUC7VYP415p6Ezpad,ZPAD,6v5dr3ppBUgCFVWxKURCgZeSC5TA7fqhTmeS6e2Tnet7,pumpswap,1790691644,0.000003065,3081.98,2779,2779,0,0,0,2.15,0,0,0,0,0,0,0,3,,,,-1.21,0,1,1,1,,,,,,,,,,,
1791441150,ZrueWB1YvjruJpTGiJSYYfyuL71FZeeSUwJY1ZPeyes,EYES,BkYnXoVkNXQxSBKF3R7nRADoiTPZaWotUp1NhWRm15j7,meteoradbc,1790167729,0.00004000,,36862.78,36862.78,0,0,0,195.33,0,0,0,0,0,0,1,1,,,,-0.52,0,3,1,1,,,,,,,,,,,
1791441142,4zfwqBtYpDjdiocYL91bc4h2qoeuD13MwgbiZWbECPTE,ZCOIN,2Jdmn6jB1XUG1ztkDDmbKNXmLaLGY5uxhxttcogZ2rZp,raydium,1790689010,0.0001116,29959.77,111656,111656,835.11,2548.9,7895.33,18897.62,1,0,9,5,54,29,127,76,12.18,37.21,14.2,9.54,0,0,0,1,CPMM,,,,,,,,,,
1791441147,EU5WWxWBjDzfs3pvb6N7yuc6gBfo5Ltao6qfdXDiH2U3,SLATE,A5GaMKj9qwKZevC76D1ZNUVKH8ayqArozAFBCN3GDgQT,meteora,1790605084,0.02230,15881.61,22307,22307,10.95,61.25,603.79,2905.47,1,0,3,1,6,5,22,29,0.12,-0.95,-10.56,-30.51,0,1,2,1,DYN2,,,,,,,,,,
1791441142,4yqVrQt7Uvie3Dmtji3p7CDwqkBqjTfknzsFkHF7u5i9,AMERICA,CbtUukKm1yE9PLM586vAaAu2iwSxUG5mWo2modqgHaix,raydium,1790690314,0.000002738,4975.22,2738,2738,0,0,0.01,15.24,0,0,0,0,0,1,2,2,,,0.13,-0.73,0,1,1,1,CPMM,,,,,,,,,,
1791441142,3qhCS4Qp24BCXaBsMnGDEh7Lw5SURqcSUTpUgGBApump,swordinu,DR538pGAshWv56uihJck7o6GD4yiDPayD5tP2buX3aVF,pumpswap,1790701151,0.000003408,3247.13,3224,3224,0,0,61.36,98.07,0,0,0,0,1,0,3,3,,,2.75,0.32,0,1,2,1,,,,,,,,,,,
1791441149,RKLBnAXGqv31iZomqsuAWkQm1aqC7JwwvbCfzGdqAhz,RKLB,GoT9JVkBRq2t9u4ECjtZSwSDz4eCnR9WRirEVH3odpyU,raydium,1790694832,71.69,51951.03,397919,397919,0,0,0,6970.13,0,0,0,0,0,0,9,75,,,,-3.87,0,0,0,1,CLMM,,,,,,,,,,
1791441147,DR9923tzvCfKMpa7XxVPaUps9Fx8YfpcVHQHMfgDpump,STUPID,DVkTbWua4ukz1rRxq44NA4xhKX6j7Ero9w1doWySK89K,pumpswap,1790696267,0.000003753,3575.36,3663,3663,0,1.67,71.95,538.17,0,0,1,1,73,44,357,194,,0.66,1.02,14.76,0,0,1,1,,,,,,,,,,,
1791441142,4ioYUvNC89Ygp5gd2xu3WYbwPhczFQKwz8bjtwTXpons,BETA,GNzAZtCK44MKk3Z6cFRyPRTjEP8Y8e2BVcQMipz37EpS,pumpswap,1790690948,0.000003411,3408.96,3231,3231,0,20.21,20.21,80.76,0,0,0,1,0,1,0,6,,-2.61,-2.61,-5.9,0,1,1,1,,,,,,,,,,,
1791441145,A71Uf3jwg57fNedSao9eFwm9eKSLYFbVJ85T4fuXpump,cNFTs,H2UTFeuwA6yQP2L3DegdvtA4wCCwLJjKwq2zXepzU1ae,pumpswap,1790698801,0.000004906,5309.75,4820,4820,0,0,6.18,21.71,0,0,0,0,0,1,3,12,,,-0.37,-2.14,0,1,1,1,,,,,,,,,,,
1791441146,Cy5TzDyJ4mo6MBAbpwUcAgdfNiXYKrYUPrvhPGVU6XMR,XMR20,B1w58REDpWVGjP5GmTymitxq4KHL11ytVkHBF2NLBnUw,raydium,1790695755,0.0002973,50797.26,297320,297320,39.34,1031.14,2630.63,31446.22,2,0,5,20,17,49,255,291,0.31,1.62,15.98,49.48,0,2,1,1,CPMM,,,,,,,,,,
1791441142,4arisZWtGpHEjKfLZwUDnzop8oMMAN5proKUQFZ7qLPf,EV,9rKUpxDEwSCd8zReKZRaDfS7QoaCHtnDndot5hRd6SGm,raydium,1790700020,0.000004825,7630.72,4826,4826,0,0,0,49.13,0,0,0,0,0,0,1,13,,,,-7.03,0,1,1,1,CPMM,,,,,,,,,,
1791441142,3vYBWj2Eggys9rNeCNznB3hyQqm1Yecx3NF4RtrApump,SCAPE,7LPcTgCqSHzTnmpoPXdKGKF2UonbxxW6NbkaGhVjYFEv,pumpswap,1790753237,0.00002202,12614.97,20090,20090,0,0,31.77,632.13,0,0,0,0,2,1,5,13,,,-3.13,-9.78,0,2,2,1,,,,,,,,,,,
1791441144,7UfcTJD2RSRg9AJ4k2V2rs71Ew8Zy2avaU5roc8bpump,Liza,FZtCX2NjQKfaEDqCEyD5t1PNt5ssJuJr1e7LPZPEefko,pumpswap,1790693876,0.000006237,5552.01,6060,6060,0,0,192.32,1289.9,0,0,0,0,1,5,9,26,,,-9.91,-23.58,0,1,1,1,,,,,,,,,,,
1791441142,4NDRfDPk8pUsY4BATSi7RkCv9D6s3oecF6zyz24Upump,Float,EkAMz5J2LxjYRQjku32fpJheP61EtbdSBGw8zZPV9m72,pumpswap,1790703830,0.000002661,2806.99,2585,2585,0,0,0,7.6,0,0,0,0,0,0,0,3,,,,-1.98,0,0,0,1,,,,,,,,,,,
1791441142,3ZSai4T7MGJYdSgAA3ro1bGnVLQGbtdjBu9o23zCojvu,HUMAN,FZE2M3irUmELtWBCi694S1XCX5HGcEZjXELMWmp4XsFv,pumpswap,1790706107,0.000003399,3387.88,3305,3305,0,0,4.57,15.36,0,0,0,0,1,1,2,3,,,0.37,0.47,0,0,1,1,,,,,,,,,,,
1791441147,ESEdbgAw2mgkVTPhCz1pbBbKdAmFAFgqu9i1gpsNpump,NPC,GaKQ4tPVxvZqTVnuApwnK4exggB3e3dJHGnw4b9bM8ft,pumpswap,1790703637,0.000002405,2576.61,2363,2363,0,0,3.18,61.3,0,0,0,0,5,6,36,25,,,-0.73,-0.53,0,1,1,1,,,,,,,,,,,
1791441143,7GYk6spb1x9V3YS5F4qcARfhp242Nd64Dq1rhHCAmtb3,SI,82TFFee2RcuD64bvSma4A7gvaWt2GvZKPbf9csE2uHT7,pumpswap,1790707459,0.000003197,3430.26,3093,3093,0,0,0.85,144.48,0,0,0,0,1,5,3,9,,,0.42,-11.11,0,1,1,1,,,,,,,,,,,
1791441142,3VPoXaRcXxju8qgkVRN87UuXZxbdBD7zyaXPDqqmpump,SI,GnpvosiacUQbkxPPTFo2C79CX2qTuKgXAwHekyLJoDbe,pumpswap,1790709032,0.002519,174790.8,2360926,2360926,909.84,31073.1,508175.96,1378637.8,1,3,71,181,2211,2071,5564,5149,-2.2,12.59,-41.14,134,0,0,1,1,,,,,,,,,,,
1791441143,6Vuz122BbhCoBSXLH94JdMamHAJhRGBKGJJ1i2TWpump,CROCS,GLAwM3VfovjbECk7k1Ujq1z6bvxZFb319VVeN3baHZ2b,pumpswap,1790705786,0.00001091,8045.56,10784,10784,0,0,153.43,678.5,0,0,0,0,12,6,58,36,,,5.04,3.99,0,0,2,1,,,,,,,,,,,
1791441149,HkzbDgdJcds5oZs4zMgmsJ5qGNCoKGuyjJi6YAgaFceB,SI,X1cZHHwZvF9yLiibvhJFEypss5W5P9ctmhL2zgcy9NZ,raydium,1790709635,0.000004669,5846.27,4670,4670,0,0,0,410.61,0,0,0,0,0,0,2,6,,,,5.06,0,1,1,1,CPMM,,,,,,,,,,
1791441148,FuEXRwEWRuQVx81qEjA6YDUVZaa6qDbAqQuH72BZ6PsC,Quine,2d1afJkTms5CL9LcWPQGXeJrRQxzRiAU4JXvwWeiqfnL,pumpswap,1790741544,0.000004509,4428.83,4235,4235,0,0,4.79,16.98,0,0,0,0,0,1,0,2,,,-0.45,-0.45,0,1,1,1,,,,,,,,,,,
1791441146,BnAiH6Qu9cdL7gRvue8qbbE92CQRSqKox8UAtpispump,BabySI,EnnS1ZvUkowA96xbdFY8k5gzEs36CMnvqUPHKXTFzkmr,pumpswap,1790709835,0.000004033,3946.51,3874,3874,0,7.18,7.18,348.62,0,0,0,1,0,1,1,5,,-1.85,-1.85,-21.19,0,0,1,1,,,,,,,,,,,
1791441143,6d9fD5SxvN4DAG4SHQD8pebm8TM6XeSbYezPDjdapump,PINO,BHKyty1uDDxSwAkhkefn8ZwNQZjfQrmC672D2UW874dD,pumpswap,1790712208,0.000004499,4033.18,4160,4160,3.83,5.82,22.47,711.03,0,1,1,2,12,10,96,54,-0.66,-1.21,-1.33,4.41,0,1,3,1,,,,,,,,,,,
1791441145,97SkmPTaFH5zT4QD2KjSsmxaPmKG3PL9kxb3KMtsJwfs,SI,p9zx8yKoe4jFDmwhJ9LtpdorJmEMsSWvUmC6W7Zivng,pumpswap,1790712345,0.000004748,4790,4642,4642,0,0.81,41.83,726.39,0,0,0,1,0,2,6,10,,-1.84,-3.18,3.22,0,0,1,1,,,,,,,,,,,
1791441144,8mnDxKCJUS59RzvesoYEk2ivtVhn5mBS2tmKj32ppump,XSI,Bs9YRoC3FPeKRv6odW24o2amyN4nPydV9tFbbXTBwPbB,pumpswap,1790712256,0.000003246,3387.85,3189,3189,0,0,0,172.37,0,0,0,0,0,0,3,2,,,,4.82,0,1,2,1,,,,,,,,,,,
1791441142,4WPn1oGVE7rza6PjFJwYpEXZn6qtjwxEKkCV9EtAxhUU,BOT,B7nYoGHqCGoFRiPB4AoT1NqbqrFWJDfiEkD3WNXxSCnt,raydium,1790702662,0.0001923,55839.07,192367,192367,297.35,2932.06,18983.6,114965.89,1,2,10,16,91,85,512,419,-1.02,2.22,13.98,-9.57,0,0,0,1,CPMM,,,,,,,,,,
1791441145,8y2h8RDbF1FVKhcHNqaZFg4yJ5azXUyUeoByEAvJpump,NI,AZunHXFqFRyA2pEFxXA4XB3dH33DPcxSuXqt1tFFiCse,pumpswap,1790716406,0.000002666,2700.03,2587,2587,0,0.91,16.66,86.76,0,0,2,0,18,11,58,28,,0.52,-0.79,1.54,0,1,2,1,,,,,,,,,,,
1791441148,FKfhzmbMtgbf1YwwyNMxtFU43MdATe5S8Pq2bsQ7uAHn,SI,54ZiExNDWV1GHiaCk7zVpygYN4QF583ARHSC147b1Dks,raydium,1790709669,0.000002446,3792.28,2447,2447,0,0,43.67,120.2,0,0,0,0,0,1,0,4,,,-4.05,-13.05,0,1,0,1,CPMM,,,,,,,,,,
1791441142,4o1Y8cxUaiaji4rowfm8x2FkyvMreN81ZjNWXQZxVSFC,CHILL,C4Nw9eSaZ16TEfC8GGSiGUqSxhuAbgWoREj4mPrGZ32T,raydium,1790712555,0.000005281,7150.43,5281,5281,0,0,104.97,271.84,0,0,0,0,0,2,0,11,,,-4.85,-12.67,0,0,1,1,CPMM,,,,,,,,,,
1791441147,DhVcpV6UdtMKATyQm8E6CvpJmy91HdPibe9s7uzkwYuN,SIF,HcQz4snRZv1UKJK8B4ZQEMCdDDtjU1oaBNXPZoudvhPA,raydium,1790716264,0.000006969,9027.86,6969,6969,0,0,69.73,635.7,0,0,0,0,2,3,6,10,,,-3.14,-11.98,0,1,0,1,CPMM,,,,,,,,,,
1791441150,pdXfXZJgFnwNivUFyAKCw1DjH2X8eiJsdzM8QLcpump,ECLIPSE,2VNyys4JvNXLgQqozFEiTXdBbFJJLQzwNWjaAevnu1Jx,pumpswap,1790737299,0.000003698,3475.54,3448,3448,0,91.35,197.97,6349.34,0,0,0,2,1,5,75,106,,-6.2,-10.85,-60.87,0,1,1,1,,,,,,,,,,,
1791441141,2KfbhUBYFMUoJgocJ8Wh2SEuuizuw1Bi7SK4Q5FER47H,SI,GzZaRugVALE4Ue6cqV9fs9XqNYPaN13qpu67dBWWkoxP,raydium,1790718702,0.000004048,4606.15,4048,4048,0,5.16,6.98,1489.37,0,0,1,1,2,2,29,42,,-4.03,-10.43,-49.9,0,0,1,1,CPMM,,,,,,,,,,
1791441144,7Wh6rxVWUBFCNCWCz7nLaV7z3SDr2M6rFTjjWP6aE8p1,SI,DyVrHutNGpuGFgJzDxZVfpAUbUjo1XJdaN9aDLrfRj6P,pumpswap,1790718791,0.000006312,6742.23,5983,5983,0,1.91,5.26,240.75,0,0,0,1,0,3,4,15,,-1.16,-0.78,-11.35,0,1,1,1,,,,,,,,,,,
1791441142,52KK9TGWqpSfanxb4rnBHWKtt9PTQ9MPncDkwgkP98Fr,P(DOOM),9KvmPGorUTovT7MxqusXYd6g2ChMz78ksEEUUJbMKbVa,pumpswap,1790719370,0.000007561,6256.71,7102,7102,0,0,0,10,0,0,0,0,0,0,0,3,,,,-1.2,0,2,0,1,,,,,,,,,,,
1791441145,9SSe89entupJKK7bZ8WbaX1YY5b78CGUaUNzfGonst9d,S23,7tNGTSCr74J8ppxgNpz4nz5hFX2sjBm84p4ykibWgcje,meteora,1790886466,31.050,32398.79,170777889,170777889,0,0,2.08,6.79,0,0,0,0,0,2,0,9,,,-0.02,-0.07,0,2,1,1,DYN2,,,,,,,,,,
1791441145,9aqmJjCnnMQv42TXLk921ceUkN35nea2QP969n1caqjj,SI,7Nj7mBE7iVmjvnBHNvjgaz6G3ZktTHFNbf7aQDfZ7iNR,pumpswap,1790721877,0.001014,138604.03,985062,985062,684.53,12366.73,54850.44,362746.2,14,1,117,61,506,405,11187,4426,0.4,-8.84,2.62,-10.6,0,1,2,1,,,,,,,,,,,
1791441147,DtFkKBC3Cmi9j3SxBGRUd8gvBLw7nAasrvUJFB69yubM,SI,FFwYzQCxhGGeARtyDr77nsCHbXqSnKd3neUWKLaanwdc,pumpswap,1790721534,0.000007294,7088.78,7169,7169,0,0,0,55.4,0,0,0,0,0,0,3,3,,,,2.06,0,1,1,1,,,,,,,,,,,
1791441146,CD6HVRQTtKarnXBsSYFageG8v2p6bpYigG5XHP7NCULT,CULT,DaEtdwaKktJwGEViMM8BHY2HpXAbkQhJ4LT75QXmyNA5,pumpswap,1790723870,0.000002803,2772.6,2564,2564,0,0,16.81,68.02,0,0,0,0,18,15,62,33,,,1.52,1.87,0,1,1,1,,,,,,,,,,,
1791441150,resideK2Ejv9apu1op2VBv89poumxCDCs8nzBxQ5q1y,RESI,Atwk3wi3U2u87n6c7gNdmipHKQgwJRM2c1qLXR3Z8Dbj,raydium,1790722960,0.00001020,10601.28,10203,10203,0,1.64,132.16,608.17,0,0,1,1,27,12,66,48,,-0.07,1.39,-9.01,0,1,2,1,CPMM,,,,,,,,,,
1791441143,6iAj2oywQMiD9NeyTcW1S7UtG7e3jSK7Ud5ZJDqJpump,HI,FdFVc4hkRieRp9kBKNJpq1FxJYZbqrSi8PRy21MQvR27,pumpswap,1790721331,0.00002720,15910.98,26519,26519,58.6,454.18,3852.72,10361.71,0,1,4,9,46,49,176,220,-1.2,3.65,-20.92,-30.91,0,1,2,1,,,,,,,,,,,
1791441146,BYaxkgDfkUApMgsXu4SiJ5yc6DTSfLxp6an3PvVVpump,SS,2dZavaJxjNCYKXDDFN7kqus1qAiiQhuMYefUvjGgpSLx,pumpswap,1790721326,0.000002569,2907.21,2532,2532,0,0.57,6.16,55.92,0,0,1,0,7,8,51,30,,-0.06,-1.18,-0.68,0,1,1,1,,,,,,,,,,,
1791441146,C1C3YwhdXxcpeKchuth6sNjmvgQXSqnoRN9UXucipump,SURV,3q4cbvFTtdE411dTRXxSBCqz3pDziPSCzFSHArXXCP22,pumpswap,1790712833,0.00002971,13631.16,28117,28117,0,29.33,141.54,1113.24,0,0,4,2,6,4,25,16,,-0.06,-4.59,-5.33,0,1,2,1,,,,,,,,,,,
1791441145,AptNRGC5JrCgqRCFY8My2XvKPaEUCwDN53qjHcdxJXbv,ABUNDANCE,4KDAHN6TzL1ejUFPrwYk7pmkWLVfDTEjhcZyfJXJM85y,raydium,1790724202,0.000004543,4652.87,4544,4544,0,0,0,2212.25,0,0,0,0,0,0,15,17,,,,14.03,0,0,2,1,CPMM,,,,,,,,,,
1791441149,J47Jmw8ndwu6Vt6ZubD9C9VUVHi6uWsBE2XPsEjmpump,FKCANCER,GmidegQQZSu1GqxQKLmANEzEbHGCri86M2iQhY2ipidV,pumpswap,1790727007,0.000002993,3060.68,2902,2902,0,0.14,6.87,75.95,0,0,0,1,12,5,83,44,,-0.64,-1.56,0.05,0,2,2,1,,,,,,,,,,,
1791441143,6e8LLHkqCTa4mzGuL1PoUxSfeHmDeceJ3DaJSSUNg937,ARTHUR,Ftejc2f8dKL9q9RmrtTen6aXPhNdbr8dvNvDbEx56p3H,raydium,1790725047,0.0001588,34943.42,158834,158834,0.75,699.48,15601.2,69245.96,0,1,3,12,121,151,519,562,-0.14,-0.78,24.41,-16.11,0,1,2,1,CPMM,,,,,,,,,,
1791441149,NFLX7qV57zuVxCoHy3s1jiGZyALraLNwttbxdvmYJLJ,NFLX,E3mugzPiMhKGrDcfcz5ojo7HJBbYA6UMaJvSzbabPLAM,raydium,1790712643,69.88,104119.55,397308,397308,0,60.31,197.86,915364.66,0,0,0,5,58,28,8341,8668,,,,1.86,0,0,0,1,CLMM,,,,,,,,,,
1791441149,HBfgHb4h5BTg2hgZaP4j7VXHMxGQUgnr4oDXESKXpump,Comando,ApJcvYTXyyR9pMuAFL9atFqFKSbhswd5Ua3ATySha3K,pumpswap,1790729292,0.000004437,4263.04,4301,4301,0,0,6.47,318.93,0,0,0,0,1,1,4,4,,,-1.78,-0.45,0,0,1,1,,,,,,,,,,,
1791441150,tZb9aZdDRS95vVqoKgphYZQnGScFV1gdggctvsJPSob,SCAT,9hMG87VapAn6ViTZJrRJNPLV6gbD4UnLT6cPVcxTno9W,pumpswap,1790729481,0.000002648,2693.98,2554,2554,0,1.83,10.25,80.07,0,0,0,2,11,11,52,38,,-0.86,-1.06,-1.87,0,1,1,1,,,,,,,,,,,
1791441149,HweDNAX8tt1UJt3stdsDeErLjZu6J5L9j2JzH54HbYBZ,DAD,6DvpJ6ZMGnve3xmrNhZLvSrUCWsVs5uJU5v7YnEE6gh8,raydium,1790729988,0.00007899,26420.24,78999,78999,0,0,581.83,1261.74,0,0,0,0,0,4,1,12,,,-8.18,-14.84,0,0,1,1,CPMM,,,,,,,,,,
1791441145,Agr56DXmmYX7wHcqvSGJweXFrSwGv3d6wbjmVqkxpump,TRENCHDOTS,BHoWTvcnb28VXMig6UX4Skzi4Anh745rhF9NDGkdfNen,pumpswap,1790735280,0.000005431,5264.46,5271,5271,0.1,0.1,25.04,50.65,0,1,0,1,0,2,4,10,-1.61,-1.61,-1.65,-5.18,0,1,1,1,,,,,,,,,,,
1791441144,7QNx9Me4nVvJrpcqFfvLs6ArNtPGCBwW7vAEiu9Spump,SUN,FgWrp3PkLWLF2doYX4xHPTP3iLJXgsBt92aAdGNx4tE2,pumpswap,1790732999,0.000002514,2587.9,2414,2414,0,0.11,0.11,71.62,0,0,0,1,0,1,1,2,,-4.37,-4.37,-5.62,0,1,1,1,,,,,,,,,,,
1791441141,32jbu7pyiNeKcddMAc46fHhyoGm3Qa425fDwuupjP2Rg,NUTFLEX,2vtbPb1FPaTCCCC7VHsPRnu3fEzVv6NP6gnrMLZJaJ7E,raydium,1790727805,0.000004942,7369.96,4943,4943,0,0,1.44,21.46,0,0,0,0,1,1,4,9,,,1.02,2.09,0,0,1,1,CPMM,,,,,,,,,,
1791441145,AA1hANzAbftBU32KQCYfbsYnyMqA3uGCBeek1ZE5pump,cum,5jhXPqPvGQKtspx6J3axURScWQucPn7rzYj2XLLghKdU,pumpswap,1790733583,0.00001805,10293.16,17553,17553,0,0,6.5,1128.61,0,0,0,0,2,0,12,9,,,1.3,-7.51,0,1,1,1,,,,,,,,,,,
1791441143,6xCiwkREkYzLdnDcCV9uS3hBZidXuwkc9L9c67dQSTNK,supercycle,EGsGQN6dMCLd13Hpcj8pDCQH7a4NBPn3Mc4FuPbBnRMo,raydium,1790731754,0.000003859,4401.95,3860,3860,0,166.82,1493.28,2505.39,0,0,0,8,26,34,48,61,,-12.35,-49.21,-50.01,0,1,1,1,CPMM,,,,,,,,,,
1791441144,7PnnmFGcWzwWs5tLaRfTjLSw1s4AJGdXbu3kyUkApump,LionDad,6KrMGwFTAnKvMwZBQFNwcn2Z6W3CdqHT9ewSZGLNodrp,pumpswap,1790736623,0.000003086,3021.62,2972,2972,0,2.15,64.83,426.37,0,0,1,0,76,36,340,159,,0.83,1.52,15.68,0,0,3,1,,,,,,,,,,,
1791441150,WApCdQftZcRUNHN9S2XvmrqeRtRASE3EZxnwuNJpump,HALLOWINU,6oFYqfsSqApyhS1XN4VBB9uA5GpdAMp7RjiPMszXbUJi,pumpswap,1790641667,0.00001401,8992.69,13310,13310,0,2.06,1550.7,3735.55,0,0,0,1,12,12,47,47,,-0.59,-5.46,-5.53,0,1,4,1,,,,,,,,,,,
1791441142,3b5fTE5NyvCtMgKcDkvt4vUW2KDc7mgUSW8a8XYVpump,sendor,AfGTgT5ukB1u2AZ7RRPRvvwNCKzSA43Lpk4iBcXhg1Dd,pumpswap,1790738085,0.000003946,4068.52,3410,3410,0,0,0,3.9,0,0,0,0,0,0,0,2,,,,-1.25,0,1,1,1,,,,,,,,,,,
1791441146,B4eEfy7nX3hcAcH7dCYtahCVFiPXgpNSroZFhJZTpump,dotbook,D8KFQfjiMB8BoPNvSdHtmegQsXwCqdN6kRYokFD6VB7Y,pumpswap,1790735784,0.000002881,2962.86,2790,2790,0,0,4.88,5.62,0,0,0,0,0,1,0,2,,,-2.18,-2.18,0,1,1,1,,,,,,,,,,,
1791441143,6ZG6fMHaE7NpubJr16G8nFLBg91rH5kU5SVpqUmQpump,AIRPAD,4ApFQYGn4X18tCFwXV6PVWYmfvvJPm2jTs5yhdYvdSeM,pumpswap,1790737717,0.000004037,5181.8,4011,4011,0,0,2.7,86.46,0,0,0,0,6,2,50,25,,,-0.17,-14.91,0,1,2,1,,,,,,,,,,,
1791441145,9a2vQG6eQGmdJqvrVuAtXpvMQMokhLf7FHW1QJGHFvWi,NUTFLEX,Bz5Y8vjQ2jwriNmFZYkb7wMdzfova8SQfcF1Dp5yqFB7,raydium,1790731242,0.000003487,5939.59,3487,3487,0,0,9.15,12.91,0,0,0,0,0,1,2,7,,,-0.64,0.61,0,0,1,1,CPMM,,,,,,,,,,
1791441143,6f2RHqHu2bAcbEtMYtH3ZMcVfSaZPJsiPigrd4yRshyb,ETHFI,EdUXP9wMp2gjArnRAFEC54A9dbpwntUM5wwL7mZZZQc1,raydium,1790742034,0.7703,770055573.97,770368000,770368000,0,15.39,61.57,242.68,0,0,2,2,8,8,32,32,,,,,0,0,0,1,CLMM,,,,,,,,,,
1791441147,ETneXyW9cy26bqTQ2Y38Nj6JUfKmzM4pwwqi2VeDpump,VeilPay,HRgttKGffKurPHEoRDguCeis4piS9gXkqe5sxZVcXshh,pumpswap,1790755322,0.000003156,3039.33,2985,2985,0,0,15.29,46.26,0,0,0,0,11,6,37,20,,,0.36,-0.3,0,1,2,1,,,,,,,,,,,
1791441148,Fba1XgGz8t44FAGeqrXFMkPVfjsWXG6eLnrAJECnSTNK,SLOP,7HzYi61Zrb8VXUr3o6dMB3ySqNif2exQtxpky3c9BaqQ,raydium,1790742843,0.000003276,5077.33,3277,3277,0,0,0,15.97,0,0,0,0,0,0,0,3,,,,-1.78,0,0,1,1,CPMM,,,,,,,,,,
1791441147,EDETAdjB1N8AARfoWWTwxeUJiNFjGAEhBv1JBePnagoh,POTUS,BoEM6zfdAKAXGMF2abSqYvJLk5jbC8RwV1Kr4ViBehr7,raydium,1790739633,0.00001412,13308.17,14125,14125,0,0,320.38,2221.82,0,0,0,0,4,6,41,35,,,-0.71,-2.63,0,2,1,1,CPMM,,,,,,,,,,
1791441147,DnC4X2axdTNZLofsap7r6EwR6YGEehxfw5t5RcR8qGnH,iPet,8KUWuSnGP4FKhKZXmGLT1DL9gYKBX3dZa7uaHNTTvwWd,raydium,1790743306,0.000004926,6901.25,4927,4927,0,0,0,26.95,0,0,0,0,0,0,0,2,,,,-1.09,0,0,2,1,CPMM,,,,,,,,,,
1791441148,FMjzvhNVHtyEZnC5W2CgwTy7vpeWor1ZGmrsx7HkCGWs,3310,6zdhaYg7yz64vxssnTpuZ9h412mmb6GARguSrjd2FkWW,raydium,1790604738,0.000006369,8104.01,6369,6369,0,0,620.08,1413.53,0,0,0,0,3,5,8,21,,,-19.26,-40.42,0,1,1,1,CPMM,,,,,,,,,,
1791441142,486U4LyqMsHUvCwNrxXDgZ94BZNuCJ5rPDEkssC2hJi9,BMI,3XpVuSzNjACcmWi8mA9s77ZaJYpJVVbQDdjPxSfr2C58,pumpswap,1790746712,0.000002777,2949.64,2692,2692,0,0,0.02,2.33,0,0,0,0,0,1,0,5,,,-1.44,-3.95,0,0,1,1,,,,,,,,,,,
1791441144,7tBaEPen3FXpt4DEkXrnEbPKeDZRK8f5fHSBWYqqpump,FZ1073,CSQ4yvMpgdL9n5HBNFac45Qk6tkFMdPPCyYhL1MpDPCn,pumpswap,1790749171,0.000003155,3495.55,3036,3036,0,0,0,5.08,0,0,0,0,0,0,0,2,,,,-2.41,0,1,1,1,,,,,,,,,,,
1791441142,3sL58KKh2QdNSfN9VRz8bHGGU5zStdfManVHCTkhpump,PI,HEs7k4Q6pFKWx5ExpFvxfowoe4YaAfg7ZApeJdbGtPKD,pumpswap,1790749673,0.00003861,20176.19,37255,37255,0,402.74,2144.88,8434.15,0,0,3,1,35,15,159,105,,2.62,-2.45,-29.41,0,1,4,1,,,,,,,,,,,
1791441146,B4KsyCAcB1hgXkswX8tmMJk4JX8aH2z5vWzZYSPgpump,GOCARDS,34Ah2TsHnspXNYq1GVXU5YkYhAP1JqqoQpTgNQhp1kou,pumpswap,1790752920,0.000005916,5565.64,5666,5666,0,0,0,18.49,0,0,0,0,0,0,1,2,,,,-9.22,0,1,1,1,,,,,,,,,,,
1791441148,GJNoDukcP1cwMNgx84c8ibaTAkgnXxQDwAf2U3zjA3C3,Neko,EAbygutpwRG7r2Lu7xrwf7ykmQVmva1Y6f3jT5aW9sPU,pumpswap,1790751582,0.000003419,3391.51,3316,3316,0,0,0,31.3,0,0,0,0,0,0,2,5,,,,-3.59,0,1,1,1,,,,,,,,,,,
1791441146,Av6wmbqNiowHpmHx7J2j9mnuUcoey4fdkTkFwgVzpump,swarmdots,8azt6UrS4Pxb9ow4EZYQJSGxC1SU895vPGxLkcaqdaQf,pumpswap,1790751856,0.000003455,3589.44,3315,3315,0,0,10.63,31.65,0,0,0,0,0,1,0,4,,,0.02,-2.39,0,1,1,1,,,,,,,,,,,
1791441142,4p4bAN4P6pdPW4o5BcdDWWRuJGyvEWDY8uSsHX23czv7,APE,TMerfsWqurc2DoZJaE24Mkc46eYBSZVszKaWzX9NRw9,raydium,1790755415,0.000003730,6172.4,3731,3731,0,0.26,0.26,106.65,0,0,0,1,0,1,0,6,,-0.09,-0.09,-7.45,0,1,1,1,CPMM,,,,,,,,,,
1791441147,E7Eb6WreLwessrefQ4ooXcqgwKQredJq3KBHbt8bYpYH,Watermelinu,8PkSCGCEgzPNqYFiXSo48ZQu4Ykcqgt4PY9uQSD8T6q8,raydium,1790753962,0.000003651,6176.29,3652,3652,0,0,16.56,21.09,0,0,0,0,1,1,2,3,,,-0.18,-0.93,0,1,1,1,CPMM,,,,,,,,,,
1791441141,26RJptVLvch6Zu2pm1Ftv6UYhbS1gLFUc7M7VP2Gpump,INUCYCLE,6fmEKZFSZcVS1CdQReCsrtRzVMXvXsbaantdH3f6mo9v,pumpswap,1790761207,0.000002690,2680.87,2586,2586,0,0.59,0.59,214.55,0,0,0,1,0,1,2,7,,-1.98,-1.98,-12.92,0,1,1,1,,,,,,,,,,,
1791441144,85FZWfPr3s8VErzHdaaC4EdTedSXmhBDgzoJBGLDpump,Yaniv,2UGFR3svjFgFa3h6kHPSi7EBhvCzGkLxeytRny3PpmHM,pumpswap,1790760032,0.000002769,2738.89,2618,2618,0,0,0.29,0.59,0,0,0,0,0,1,0,3,,,-0.36,-0.28,0,0,1,1,,,,,,,,,,,
1791441147,EbJJKtnawGPhfgthRrwsyDgrCc1smGUUYbK5WNAK5E1N,Gingitsune,EvXgqzUT6sGd4iz7mE8nYH32WZK1aDEr9hWXhoGkXfmZ,pumpswap,1790762968,0.000004899,4579.65,4695,4695,0,0,13.29,541.48,0,0,0,0,2,1,10,14,,,0.83,-4.48,0,1,1,1,,,,,,,,,,,
1791441141,28A9yL6RB6QKPy3hLonSbGKt2gWHucgCHbEByPp1Mf95,TI,3utUuvoyebJEoiJET7ydJ8ohwQ5MFZ1fA4Hh3bZvTyDM,pumpswap,1790762527,0.000002573,2637.09,2486,2486,0,0,0,0.9,0,0,0,0,0,0,0,2,,,,-2.01,0,1,1,1,,,,,,,,,,,
1791441150,aD2P7HNY4F5Pqp6QcBWEDAkEgcT1QqPUsafajS1AAea,QRCAT,4X16MYgMBAf9uW6X4isJzTumBXhmF7WSuRJf5S7M1viA,pumpswap,1790763094,0.000003105,3207.93,2913,2913,0,0,0.6,0.68,0,0,0,0,0,1,0,4,,,-1.12,-1.42,0,0,1,1,,,,,,,,,,,
1791441145,9twiuSdTVkwtAC9XQDG57dFRhF4iqPih461HJfMZKci9,Saw,ATrJhrc46UkY4gTmJry2SUZvtaLJX3LydBufPnkWHTC3,pumpswap,1790766389,0.000006202,6859.33,6097,6097,0,1.96,129.84,869.95,0,0,1,0,7,4,19,29,,-0.39,1.82,-22.94,0,1,1,1,,,,,,,,,,,
1791441149,H3vfXFZfFQnba2NV2seTMBdY92yLK2VJHsppUzYv6ua,GENNYWEALTH,HnFFnT64a5YYSUgNYt4Kr6qvVFr4FxbYLMngTU7kjWLH,pumpswap,1790767464,0.000002432,2501.06,2372,2372,0,1.19,9.39,91.54,0,0,0,1,8,7,68,42,,-0.58,-1.97,0.43,0,1,2,1,,,,,,,,,,,
1791441145,9EPCWPC4eqhYXKeL8qgAUgSzrkvvk1D4ygayeVnw1vsS,fudcoin,DJeDBGYfPwu12BPHyjQoayt1o5Eh27dkvLRdxVaWB8eX,raydium,1790768590,0.000002225,4081.42,2226,2226,0,0,0,34.85,0,0,0,0,0,0,1,2,,,,-0.08,0,0,1,1,CPMM,,,,,,,,,,
1791441144,82MP84Vjfxd21VHup3jjfJFcsr8SAji9MHy7VHCeSTNK,CROOK,4xBbEPDybPz2Pn5wUyte271C6rt1vvLosHWvQW3QzHxh,raydium,1790771243,0.000005014,7555.29,5015,5015,0,0,8.25,116.02,0,0,0,0,2,3,7,13,,,-0.12,-5.02,0,1,1,1,CPMM,,,,,,,,,,
1791441148,FUuH1aufXBQQwUJGQPErV9Pa7d1dvv4iuRhrf1A3fvR3,terrafying,56cvMnUZnZzVDa4c4bWctU1sMDiKApdFuDLXS1r5Q3Jv,pumpswap,1790765922,0.000003540,4061.56,3439,3439,0,0,0.43,188.47,0,0,0,0,0,2,4,10,,,0.48,-1.36,0,1,0,1,,,,,,,,,,,
1791441141,2e7TzGXZfJ72jxviM6kxqWVbH3dndh2TrHzwg3cZpump,Pain,GeHprCgwQrbWS97e4JZQZwBBHWy7zJtqx6ijKoeCorkQ,pumpswap,1790769450,0.000002736,2722.34,2584,2584,0,0,0,2.82,0,0,0,0,0,0,0,1,,,,,0,0,1,1,,,,,,,,,,,
1791441146,CFvZVEqFDbtM7uVbfHtNr2AFgrKfsDJmC6domGmmpump,SU,5kwtYFTJ9NX2HChkBwnhe94pemyesh79HxCN11wdHi4D,pumpswap,1790778198,0.000002815,2756.87,2613,2613,0,0.79,12.9,80.98,0,0,1,0,13,10,48,36,,0.69,-0.96,0.62,0,0,1,1,,,,,,,,,,,
1791441150,r4i2PJiJBABUXQNmh8UxbdLBAwTsRTZs4t4V3Gfpump,COMANDO,7N6kV54HiBbAvNUYuoc3DXhWxDzJSFZUrKN2o51Sawy6,pumpswap,1790770749,0.000002435,2555.37,2352,2352,0,0,15.37,77.37,0,0,0,0,13,7,49,32,,,-0.87,-1.76,0,1,2,1,,,,,,,,,,,
1791441144,8XJgoo3yrkEBh84sx1dtysmznWG4V9Q5PBVVbs2tT18J,PIKAPOT,HvyKKmaZ3TDEMQXPwmcABCHCN6Mx3jo1RnWGZTCL3QWu,meteora,1790776701,0.000004161,7552.73,4162,4162,0,0,0,264.57,0,0,0,0,0,0,0,4,,,,-11.81,0,1,1,1,DYN2,,,,,,,,,,
1791441146,Cb2pMbsRRvaeZoxpRqnTP6k6hLziSUf5pnqW9Jx5T3Wz,SGI,H2zaAYAEcyCK2h2NdyrzzToo8yhEjYJLdNo4A9Vz2RkJ,raydium,1790775436,0.00001790,14384.6,17903,17903,0,20.32,979.34,6430.27,0,0,1,1,11,7,67,54,,-0.71,0.99,-19.52,0,0,1,1,CPMM,,,,,,,,,,
1791441150,RuDKzjxqfv3Tq3X6dqSX1JrphXxXV3xntwPNdFrdDvE,HERO,642EHMvBRtryZZs11kC2RkbR6nF7BrYEm5EuszsGy3Go,pumpswap,1790775144,0.000002882,2840.05,2721,2721,0,0,1.03,5.88,0,0,0,0,0,1,0,4,,,-0.28,-1.28,0,0,2,1,,,,,,,,,,,
1791441143,6hatGWdZbBFuLuicNXGRDStqkGN9mAyfZBTkusUrjLoM,DOTS,TvqCrL7NPCW5sK2qWGLtSNaciB3E7gDtZijfVNZMVxi,raydium,1790776725,0.000003584,5603.61,3584,3584,0,0,4.13,860.73,0,0,0,0,6,2,21,17,,,-0.26,-38.55,0,1,1,1,CPMM,,,,,,,,,,
1791441141,2PuJ8eLNWeHLhG5YR5SD4mNwkQGduBiW2CWPuYq3vUPy,FLOYDEX,3phDmoE4yJF5abDCHawnPQSpGex7MeQe812fAXqV2bG4,pumpswap,1790794690,0.000002775,2723.23,2537,2537,0,0,0.34,22.56,0,0,0,0,3,0,5,1,,,1.36,0.1,0,3,2,1,,,,,,,,,,,
1791441148,FU36e3gRF3oJUgef7Xn18JPUQRuN548S8PhL65rECaYV,SARKA,ALxHEmdDGZayJJVMqiL8ecm8rkRNH1wvJvoSj9kT8Tve,pumpswap,1790777589,0.0001007,29782.33,95724,95724,0,215.31,6973.01,68215.02,0,0,2,3,62,52,447,515,,-2.47,-21.07,14.6,0,0,1,1,,,,,,,,,,,
1791441144,8acLTgfVBH5zExB2ez3kE3B7xH2xevsRusii7d8UfdPc,mINE,Bhvo33uf2RH7tFufWYsgCMYz6MZkbsRP3qmmdz5vPFeD,pumpswap,1790779282,0.000002591,2570.77,2416,2416,0,0,11.7,33.53,0,0,0,0,0,1,1,4,,,-0.65,-4.09,0,1,1,1,,,,,,,,,,,
1791441146,BRJmyGPcHmNxLvFrTquYRTigUHuhirs3WQSh4bpLtS8H,ENERGY,4aRbBUVsAHyurhK4YeCHG3JpWStgHuJko3jtAkMd1eFm,raydium,1790780554,0.000003338,5335.07,3338,3338,0,0,0,25.4,0,0,0,0,0,0,0,8,,,,-3.18,0,0,1,1,CPMM,,,,,,,,,,
1791441143,5dw5MXrnW4wbqerxhUr4jAg92BeRjnux7Nf5RKHhpump,REV,4FgGgugQJXpxY3ZN1cjXLJajYECakM86W6BDcwC2mXV9,pumpswap,1790843817,0.000006589,5314.49,6304,6304,0,0,733.36,2107.34,0,0,0,0,5,4,23,22,,,-9.98,-34.94,0,3,1,1,,,,,,,,,,,
1791441142,4BZ8LdoevaanYBxEZivsSiHv9Jx1zjABijKPzwDWupLA,JADOODOO,Gc8C4nst9kmY5CncCBq89TLE6PuuXDVAMibeF9hjb2rg,pumpswap,1790782975,0.000004806,4312.97,4515,4515,0,0,72.32,594.92,0,0,0,0,1,3,10,13,,,-1.01,-8.17,0,1,1,1,,,,,,,,,,,
1791441145,8zWcEgUZvQKcHgtUoYTnaC6AHX7FmtWVV9WeM4kPuXMR,COVERT,HqAcDG5dGaWX7PRLobb8zRMVnAE2KH5Co2Tg62jBirr7,raydium,1790719987,0.000006241,6813.26,6242,6242,0,0,68.37,1128.49,0,0,0,0,0,6,17,24,,,-2.69,-2.66,0,1,1,1,CPMM,,,,,,,,,,
1791441150,wTv7FZouuPtAab3i5sYH8xwaZrvxahG6zrirwW8dare,DARECAT,6Mm1b4gwWQKAG31b3zwcfM4anr8eJp7ABVk4qRTQJL1A,raydium,1790779952,0.000003606,6382.73,3607,3607,0,0,0,277.89,0,0,0,0,0,0,1,26,,,,-14.9,0,1,0,1,CPMM,,,,,,,,,,
1791441149,Gu2bpydt5bHVHtko5vvsWH5KQUT3Wxvt6hzYvKdND6ur,si16z,Vptu7kbcUHWNHKSCw1Qn1MhgP9fqKmQnTAzTqETCAs5,pumpswap,1790784420,0.000003322,3442.78,3225,3225,0,0,0,55.29,0,0,0,0,0,0,3,2,,,,0.28,0,1,1,1,,,,,,,,,,,
1791441146,CJS2EN7zGiZhVAYXsHqdXQJvNk8niiH2ZR9oWcrNpump,Arthur,9MPbUqaHVN3QMEkDQS5PgsuKcbsUkygq4cVkE1jM7zjQ,pumpswap,1790783228,0.000003108,3474.58,3045,3045,0,0,0,5.96,0,0,0,0,0,0,1,2,,,,-1.12,0,1,1,1,,,,,,,,,,,
1791441150,mXrsF4j1M4SoLvUzq9MiPN2xpGE21kDR2bTSdZipump,BSI,AQcFvbNB8b3hBtxdz6sM7FPPswPwrm25rFLDF1zetpkE,pumpswap,1790786591,0.000003537,3376.3,3248,3248,0,0,9,45.55,0,0,0,0,13,6,36,20,,,-0.55,-0.87,0,0,1,1,,,,,,,,,,,
1791441146,CdDrjtJTC9JELJPZNdzo68r1ixGZfndMo1r9hFZFPdEn,LONG,CncNKe4cvaFFX2AX1hRcqiExNekr9RzQn71kahM53S2Q,pumpswap,1790785458,0.000004932,5025.1,4824,4824,0,0,0,0.97,0,0,0,0,0,0,0,1,,,,,0,0,1,1,,,,,,,,,,,
1791441146,Bd9thw3PAeyHeBGSi4R1ARBuptpG5rM4fhB8BRWJkq1e,glungus,7brshHG5ijCodns6PUiA4qWMjqDLowtQE7x1ghwrDZag,pumpswap,1790671701,0.00003651,16434.97,34776,34776,0,657.72,4389.61,28254.84,0,0,8,9,52,34,296,242,,-2.49,-26.97,-4.5,0,3,4,1,,,,,,,,,,,
1791441147,EH9vKKVJJoxULovwZZ5seSot3ofdpeMTxWjE9tCSpump,ZI,8e56Qs85AJMfSmQGwTnfxC4V4swV54rmzSRUndqSGYps,pumpswap,1790791766,0.000002670,2630.81,2546,2546,0,1.7,1.7,70.71,0,0,1,0,1,0,4,1,,1,1,1.8,0,0,3,1,,,,,,,,,,,
1791441148,FWQf2kYPxWbggMj5w84H42gSdPcbgDwjt9uwUyYnpump,BI,3Qniv1KQjeredfait1yrbNwxn5hDYAYThMzhqoPYNZuB,pumpswap,1790785740,0.000005138,4644.54,4966,4966,0,0,10.86,373.22,0,0,0,0,5,3,32,23,,,0.21,-8.93,0,1,1,1,,,,,,,,,,,
1791441145,ALdiS7dN9HaRVbFmFaQw4a1evUxUD3r3M8vTc1HngW2u,BI,4WdgSAnovHp7fiZXNAbZXhzZMVxBkp4bVZWRMGwdABkE,pumpswap,1790788427,0.000004092,4333.24,4019,4019,0,0,6,15.76,0,0,0,0,0,4,0,8,,,-1.03,-3.46,0,0,0,1,,,,,,,,,,,
1791441143,6ZEaWsvHJ5qeXgaDodZGvPZj3Nxs9ErCt2NkYYt1LFPv,PeaqX,C2qfTYrZ8C8wtQkACigdoEpuzbBwWU1xzEbVbrYkDYTo,raydium,1790734558,0.00006230,22301.22,60396,60396,0,12.83,1198.37,11147.8,0,0,1,1,14,22,110,85,,0.22,3.63,-21.36,0,1,2,1,CPMM,,,,,,,,,,
1791441149,H4r1pbLaDK7bsJLinP32fYqFBBP6CKJPDdEN9kWJk2MV,Private,92yWnKKTzE2Ku8e3ehnSo5Lu6aufXE7dpHpicEWNToyy,pumpswap,1790790931,0.000008916,7150.51,8371,8371,0,19.87,623.1,2485.16,0,0,1,0,21,12,30,28,,0.31,5.76,-5.36,0,0,2,1,,,,,,,,,,,
1791441148,FACvJMFBWQ1GYm9dgZ7XHvs85V1EcK2SqHf534kspump,ZYROX,DA5uVLo9YU7wrS8ehuu61ujQkRzGGXSQ2oGdZRn861yg,pumpswap,1790788686,0.000003265,3311.66,3221,3221,0,0,0,31.32,0,0,0,0,0,0,1,3,,,,-2.2,0,0,2,1,,,,,,,,,,,
1791441147,EbHLDHnVB8cUTitL6X6eRVZM2E2kYAz6Wy7qRHu4pump,SC,9uaMyC8LYrNjEDUV9hfWxDcM45wvf9NpiX4V5tfYet7,pumpswap,1790871154,0.000002710,2665.45,2580,2580,0,0,0,0.13,0,0,0,0,0,0,0,1,,,,,0,0,2,1,,,,,,,,,,,
1791441146,Ca5RnSFTTCrJ4khNnPAWVvozytYhHUg8PXnzdsnxoP95,zilli,EUqKY6xx9EFexL8mpZEQbxXCnFd6D8mXhgkMhvukwvKm,raydium,1790770303,0.000002466,4397.22,2467,2467,0,0,36.04,159.39,0,0,0,0,0,1,0,4,,,-8.66,-18.71,0,1,1,1,CPMM,,,,,,,,,,
1791441146,BrLhG5DpphFZHE5hhhjY2iZ4HFAfu7e2dXB2h1Czuvba,gs,81vrem5VTEKFDKrYFS9Z54EBXjJvQbgAibz6RZigohWi,pumpswap,1790789368,0.000003793,3840.47,3715,3715,0,0,6.42,6.43,0,0,0,0,0,1,0,3,,,-0.03,-0.41,0,0,1,1,,,,,,,,,,,
1791441146,C5LjFTBeszZEZsQfgwawF4rzdupygG48ATcaj5zcvom7,UI,DzfnubcByqUwVQmVdxeZtdVwN6PNcacoKZVbyobUmRpg,pumpswap,1790792596,0.000002860,2800.81,2526,2526,0,0,0,957.56,0,0,0,0,0,0,4,5,,,,-0.05,0,1,1,1,,,,,,,,,,,
1791441146,BHFHzyjNrkf3brSktJSv5nqfS3CLVTueZSqGf8mbpump,CA,FqegzzBsTiUr93vSD5BdoJGuSmrR469FWuKzS8ftjcPT,pumpswap,1790791994,0.000002923,3150.14,2860,2860,0,0,5.66,8.04,0,0,0,0,0,1,0,4,,,-0.53,-2.47,0,1,1,1,,,,,,,,,,,
1791441150,VSoFduVq3HP7iYZ9H1EruWpdwfGpTcURPwgGwyCS48f,VSOF,ASw2apjb4EvS7zxq1BGtX9wXBBMYqUr5PHEfooq4EfcE,meteora,1790781290,0.0003485,31240.68,348564,348564,0,0.33,136.1,4484.13,0,0,0,1,0,6,30,40,,-0.31,-1.75,-10.63,0,1,1,1,DYN2,,,,,,,,,,
1791441148,EsT61WMFMja6vJYPnXJHv4s9SeEic3bUABrbADPGMRUN,UHI,DEh1SgW6UZoZQXSDxxkSFeSyJqZBdE6EuGwFpPX6xYiU,pumpswap,1790790533,0.000003528,3643.86,3432,3432,0,0.18,0.18,57.14,0,0,0,1,0,1,0,6,,-1.43,-1.43,-6.11,0,1,1,1,,,,,,,,,,,
1791441146,BizeLNXEQjrTjmtQbNA6Qi22h5HKQe9Gjwys3ZkT1Nc9,ELON,Bq6qtrFcr1GdVhmZYCNKBBi9oeN1MTvET26J66zf9giT,pumpswap,1790789710,0.00002578,16894.42,24860,24860,59.08,59.77,7999.98,14805.91,1,0,1,1,39,32,85,90,2.06,0.88,-9.25,-24.09,0,2,2,1,,,,,,,,,,,
1791441149,JCX5nDG99k1CWB9AttJ3U57NmjSgnCoagFaZhqfEf7Ah,BANDIT,6L2q7ZrUQCzUBm7RHV2w336ZCVVrVGqA6z5oNmQmUidP,pumpswap,1790793667,0.00001887,14293.69,18777,18777,0,16.87,978.33,6306.68,0,0,2,1,25,11,90,94,,-0.1,-1.86,-26.98,0,1,1,1,,,,,,,,,,,
1791441146,BLekeyrGWfyBk1YSuwvoSULeh5wVS1EEUfgg2aNbSTNK,AI,7kcbMGRyt8SnGVqFx93JzckV3MPXT1MhJAYJgpzW5w8h,raydium,1790793309,0.000003913,6278.28,3913,3913,0,0,0,105.85,0,0,0,0,0,0,0,2,,,,-0.06,0,0,1,1,CPMM,,,,,,,,,,
1791441148,FEYNnky1Jp7xfrTnR5U93qBM79RxYkQibzTaR31fdxqS,FEYN,DP7hdCfAt6Ny94b96RjNYSgUSRdfrT9wiDCtVjn6T3bP,pumpswap,1790792629,0.00006855,23412.9,66742,66742,0,670.9,4200.84,11362.9,0,0,1,6,33,11,94,69,,-3.68,71.76,74.93,0,2,2,1,,,,,,,,,,,
1791441145,9rJsqPD1UqeXo1dgPybwTKm7Luga8bXVQ5A3EiYFhfeA,SI,7ecRqpsoJ3A7YsQEyp4HgnjXA4g8AzESfi9rhBNGiWcW,pumpswap,1790795908,0.000007187,6930.46,6962,6962,0.64,0.64,10.71,701.39,0,1,0,2,1,3,4,26,-0.63,-0.96,-1.61,-24.02,0,0,0,1,,,,,,,,,,,
1791441141,3MPnePgPguPF2cNjtGdHeNofSkg9Kn7Pn2vt6kr6pump,LAB,D9U53oJwBRpVEe5aFLp47wKPvsYYCKjwsE8K4ENzszMJ,pumpswap,1790796855,0.000003594,3762.19,3368,3368,0,0,0.29,4.33,0,0,0,0,0,1,0,3,,,2.68,-2.23,0,1,1,1,,,,,,,,,,,
1791441150,qntUzPUsJ51abNP7VYNxkmsQ4RnvEZAhavUxsCxpxH4,QNT,4iBjckftVmDXekY1XqFGghPVaFHWxit8MdTfXW4R4gX4,meteora,1790797973,239.55,8216.91,460713,460713,262.4,2575.29,17895.52,104916.99,2,1,14,42,108,319,764,1570,-0.32,-1.04,-5.67,-4.96,0,0,0,1,DLMM,,,,,,,,,,
1791441148,FTa2QkKrc1oSkLciZCMS1o6zpRB1L8TZVkiPy56VQX4u,TEXTR,57sTxsma1pbg85XfjZiqpUrbnVbiBoRBsSMrybSpsc4u,pumpswap,1790799059,0.000002876,2848.46,2750,2750,0,0,0,4.8,0,0,0,0,0,0,1,1,,,,-1.31,0,1,1,1,,,,,,,,,,,
1791441143,6weQ1xmYGVDnCe2R3CdRDX5BvXPDg4G2TJhABa8Vpump,DRUG,9ZDCPk4UifwASL8siGtXPmRhhCih8PrF1brDpttnLv3n,pumpswap,1790798383,0.000002765,2750.13,2485,2485,0,0,0,1.71,0,0,0,0,0,0,3,1,,,,0.29,0,1,1,1,,,,,,,,,,,
1791441142,4Xfph5jWxEj3zzPTsDNPJtJbf24LizaqPQGohodJZ1PV,Quamfy,He5LqnjT4HMgdj4gxMCbCJAhfUZkU2zf9aPkKWgjTb3g,raydium,1790797811,0.00001360,10505.84,13600,13600,22.61,271.38,1040.7,6129.84,0,1,4,3,7,9,38,40,-1.14,2.32,-10.16,-35.04,0,0,0,1,CPMM,,,,,,,,,,
1791441149,GjrhXcr8YzUZBbu5rifdqM5CPBS4LFJveq3ZiY2u3g5G,Meridian,6xLfdSfHgxHSLgFt58BTv9z35qsGbmpqLdMU2FwsG2Tf,pumpswap,1790799213,0.00004055,19144.47,39021,39021,0.09,76.3,2442.14,13767.16,1,0,1,3,32,25,204,151,1.03,-2.14,-22.57,-29.45,0,1,1,1,,,,,,,,,,,
1791441141,39eBixffUCh2GqF8sEE9fZ1rqoeP2HxNsstN5X5ppump,AHOY,6X2DJ4sAq6fYkUwz2Q5PWEJ4KfSUqzcUD5WRhmTV9zD4,pumpswap,1790799673,0.00007281,25280.17,69008,69008,0,0.46,185.05,3363.25,0,0,2,0,7,1,50,47,,-1.12,-6.48,-13.62,0,1,2,1,,,,,,,,,,,
1791441144,8nSQRjqWKuLYfLgdvYaYm63hBoiKSZvGqN7yVaHMfc8q,Qubit,4pw33MzUncQx9EejM7veokeXayx5RNb7nzBE71FUnMyQ,raydium,1790800727,0.000005898,6634.65,5899,5899,0,1.57,31.37,890.42,0,0,0,1,0,2,14,9,,-2.73,-5.21,31.85,0,1,1,1,CPMM,,,,,,,,,,
1791441146,B7yfFFkX4NtxtQwGdegi2DuaVssitc3FGpqF2pxUH1zM,PUMPKINU,5YzMhNDv7X6NCyxoF2HvRGw55cs7x2cjNoRpoHFn9S5o,pumpswap,1790798075,0.000003003,3175.73,2961,2961,0,0.02,1.36,49.64,0,0,0,1,4,4,35,23,,-0.02,-2.06,-3.61,0,1,1,1,,,,,,,,,,,
1791441142,3v4FdwQVLWKGepzX7MstykeJZkCfMaS6W6ASRjiKpump,HOTSHIBA,CYNZatWZDtcxBSZsgxbX3KVd5pKYb6FRHyPWcpx7rZ6T,pumpswap,1790800867,0.000002793,3211.65,2713,2713,0,0,0,1.41,0,0,0,0,0,0,0,1,,,,,0,1,1,1,,,,,,,,,,,
1791441141,2dTGg7tybAVYi81qg1ETfbGXKKGA77of3d8rBjKcE4N2,SI,z6yuzgMZNEAdjkG3zyDNPNm7BzXAkTRzXH5pT8PkuN7,pumpswap,1790801106,0.00002284,12089.44,22493,22493,0,0,203.86,9639.71,0,0,0,0,3,1,76,65,,,-2.94,5.56,0,0,1,1,,,,,,,,,,,
1791441148,Eq8yd78WXjHKRksRpqzXUSDDdzwcV9mdjCBqThkqyY3q,INUINUINUINUINUINUINUINUINUINUINUINUINUI,6XP93srUjoeR3fyubi6ehRkNBoLDVUdnj2n1uNfFkgsG,raydium,1790800152,0.000002747,5022.82,2747,2747,0,0,0,6.48,0,0,0,0,0,0,0,3,,,,-2.73,0,0,0,1,CPMM,,,,,,,,,,
1791441141,253ru1evxbU7zfKZwGAh458Np3ADtNMuWDqPhvwY8Cj8,Rocket,bKcJn28u6QvBC6MpzJqdj7bCQYMAZMU26ueNb4tWZcS,pumpswap,1790802175,0.000002805,3134.69,2758,2758,1.71,1.71,1.71,105.86,0,2,0,2,0,2,0,3,-4.96,-4.96,-4.96,-4.96,0,1,1,1,,,,,,,,,,,
1791441142,3cy7hHiJK5AzzhAp9bTNppUDMLRV5SzGnbTA7agSwr8x,Inuween,89yZQ49MzCBP2u3Lr7aA54qD8Gwhne9MPA4XVRjmtyv2,pumpswap,1790803925,0.000003202,3086.85,2641,2641,0,0,0,701.1,0,0,0,0,0,0,5,8,,,,-25.86,0,0,1,1,,,,,,,,,,,
1791441142,59PXVfJ28HLYpdYLz8rt8ziE9EWbK4mS8xvq38NUQ1Be,REPOING,FHw49kTEEjzBhRuMff9F1Xw1bLcBpwvsaSboaAWpAcaT,meteora,1790628834,0.0001128,30834.73,112824,112824,184.52,2879.1,7867.07,35131.39,0,1,18,14,85,33,289,124,-1.49,4.42,4.92,5.81,0,2,1,1,DYN2,,,,,,,,,,
1791441145,AgwKsgtTAML6dkJvnjoStx6Gk7FpCuqLrg3pMr9HvdnY,Yuri,2SakVDQw1HW3iZB5phnb34XR3gaaPnF1VMcMy57bdmH4,pumpswap,1790802521,0.000002512,2634.61,2377,2377,0,0,0,0.12,0,0,0,0,0,0,0,1,,,,,0,0,0,1,,,,,,,,,,,
1791441149,HpyRH91gxwDKmjcN7UjPpSFLBXA86yGodgaJYrRK3HT,QUANT,EXe7eEuHnKTiR5rC4XdnZt1bVuMVgVx9TaC5j3WPxb7f,raydium,1790803122,0.000002222,4003.75,2223,2223,0,3.31,3.31,85.64,0,0,0,3,0,3,1,12,,-3.84,-3.84,-2.9,0,0,1,1,CPMM,,,,,,,,,,
1791441145,9jAVyE3sTnVoWXLK4eorcU7uV6zhh5Q9WapdcstAYtas,GENESIS,GntVxwXdqX35325f8M95SxxZMF7vzgt9wFMrH8SmdMrr,pumpswap,1790805945,0.000002255,2287.82,2173,2173,0,0,0,4971.85,0,0,0,0,0,1,9,68,,,0.09,-89.53,0,1,1,1,,,,,,,,,,,
1791441149,HiKS1Czq9x16ALXL7bHMirHBzT2MwkeuNojZHoikUqwu,アイヌ,HgQdjZhuMdCL6D7D9diitoAyDSvwHxVBk21FwAgfAtPr,pumpswap,1790806038,0.000004319,4045.03,4166,4166,0,0,0,152.84,0,0,0,0,0,0,0,2,,,,-5.21,0,0,1,1,,,,,,,,,,,
1791441148,EiARYxXzxwS8ZyYhXx3WDtB9K1XPpc8628g4hy3rbkVH,JINJI,CLS2JA1oSQr42Zqc2hbmuVMSjF7re9Xv4AX4kkVBdoV7,raydium,1790801521,0.000004062,5723.18,4062,4062,0,0,0,10.04,0,0,0,0,0,0,0,1,,,,,0,1,1,1,CPMM,,,,,,,,,,
1791441141,2QHXWq5TK64JbMptwMBP1BsfhrxZRRv9JsLa17X7pump,SAW,B7XU9FYpuKgjEhM5HwyR9qAHXL3Juyz3CcgPuuiAbKki,pumpswap,1790787841,0.00003061,15600.92,29583,29583,0,278.18,679.48,11510.76,0,0,1,3,3,11,73,80,,-5.21,-9.28,-31.75,0,1,1,1,,,,,,,,,,,
1791441148,EmLPFwLkzaPdT548oKXT9CMh9bSB9Ez93fBgmmoapump,.si,2bnXboTryEGBAH8C9FNERm4bfD5RKnJLtMZzJFn23uRe,pumpswap,1790805275,0.00001232,9415.09,11960,11960,0,6.84,133.07,13303.76,0,0,0,2,2,9,166,197,,-0.43,-2.63,-29.82,0,1,1,1,,,,,,,,,,,
1791441149,GacgmKkuqxLfL7qox6YMeP7SWHdC1ayMsLUJcuKB5huf,KARDASHEV,ADUJ4UgHrMqMhsGEE8bSHaEomGAHuKpDFtzmhcxrpHX7,pumpswap,1790433659,0.000004161,2583.01,4085,4085,0,0,2.83,1959.08,0,0,0,0,1,0,16,167,,,-9.99,-51.32,0,1,1,1,,,,,,,,,,,
1791441148,GPuN3s5PZTPcQV7cykNaTyX9cVesPSyz7111nsNKu4cv,CSFUN,8ZUTVDzf85jCqArY1CNuryok21daNe1xE6X4Anp6paLN,meteora,1790806714,0.000003185,5440.77,3171,3171,0,0,6.43,37.08,0,0,0,0,0,3,1,5,,,-0.9,-3.99,0,1,1,1,DYN2,,,,,,,,,,
1791441144,7SG8ap8SqDB1dVmJ9RZhXd3VBkbgwPitxt9Jhj4Spump,FORGE,E57PhrFybNQG6QZLwxAeu1t4Dzf59tLTbNhnJtLYzjhB,pumpswap,1790804855,0.0002362,42849.77,232547,232547,0,198.42,11287.91,26520.56,0,0,0,3,16,34,85,119,,-2.15,29.53,52.44,0,1,2,1,,,,,,,,,,,
1791441142,5CM4i8KJVew1tJJEEz1iFyCdUGh1WCLXJHsZFhEKf6H2,SI,5MguXvYfBqEWAnB2kQgCwxjQSjoaVp6MsRM3hzvx2TRh,pumpswap,1790805813,0.000002963,2892.85,2521,2521,0,0,0,314.27,0,0,0,0,0,0,2,3,,,,-1.91,0,0,2,1,,,,,,,,,,,
1791441147,EMdFVxBzhkYGENzqTmnuAStJoLp8R42R6VupnRGApump,GNUT,7F9hPnDxZAgpSqNZk91wtoGSRXiRG1meAYyzNNULtCKz,pumpswap,1790808408,0.000002517,2523.46,2350,2350,0,0,0,392.49,0,0,0,0,0,0,3,5,,,,-0.23,0,0,1,1,,,,,,,,,,,
1791441148,FgnP3f328UvwmbQBG2vABSwZJQRS7ypkqtYGAHVRpump,tail,65MfAJyt8UKNJc345eEV1BpTqhHnTaw9hTFrJkLdzPY9,pumpswap,1790808461,0.000002283,2357.33,2206,2206,0,0,0,0.17,0,0,0,0,0,0,0,1,,,,,0,0,1,1,,,,,,,,,,,
1791441147,DvNcJZTiSMD1RBCtZ2J31mh7s42CVCwrzGapv1Lypump,MICRO,mnnen34cBuJJ7Pvfdb2PN7WHgRvCMzcTej4bAgUiXob,pumpswap,1790810211,0.00007633,30343.31,72880,72880,0,481.89,3501,27471.25,0,0,4,2,41,30,326,346,,3.63,11.9,-19.02,0,1,1,1,,,,,,,,,,,
1791441141,2F3VSnTdEJAKjWmSahfRG43RZFdkCDzSPySNdpz8pump,Picomatch,5y5qfgLmWa9TS6R1dqDsVhAzirdgmswpNMU6d3MPwLNe,pumpswap,1790808814,0.00001865,11229.09,17881,17881,0,7.89,1599.78,9452.6,0,0,1,1,27,13,136,98,,-0.09,18.92,-50.38,0,1,1,1,,,,,,,,,,,
1791441150,qX75G4BLzhPtGWtH4THcG2F6weoHveAMoqfDB2pcmkp,P3jca,DWAG4R3hAmgBqFTxhsZNra9WU3oA8S54PXWQsYTnos8c,pumpswap,1790809487,0.000002678,2832,2544,2544,0,0,0,0.31,0,0,0,0,0,0,0,3,,,,-2.15,0,1,1,1,,,,,,,,,,,
1791441144,8iX67wnJuJkDk2Hvsdd4nBdwNQC2hc6TNiHK2gE5svCF,PROJECT 6,48wgbxsfc5kb6csMcjaQPMC9d5QuE5GFKnme4PyAZufZ,pumpswap,1790809860,0.0001945,39014.38,188183,188183,9.84,1277.36,41182.31,99429.28,0,1,13,17,186,180,485,407,-1.21,-5.79,34.33,37.06,0,1,1,1,,,,,,,,,,,
1791441145,9Hi75Cp5PcfJfCdaxrheyP9oZ2TG6fnGt1Cgq2Jrce62,HALL,BRAP3bfVcHpckgzGUBaNiHg43gTNbRQWFL4bxVZWYBcf,pumpswap,1790810602,0.00001777,12172.37,17155,17155,0,946.55,3538.15,12374.86,0,0,5,4,25,20,91,85,,9.78,-18.4,-13.91,0,1,0,1,,,,,,,,,,,
1791441145,AcgB3riCTGBzQ626TRmEm1f6ikeFvxi4mL36piDXV6ug,PRLS,GwvAt96oPP1fd1gMX9bPhERFKkvV5qBBVc7P1MHGPJk3,meteora,1790811206,0.000004044,5710.86,4044,4044,0,20.52,274.8,10427.65,0,0,0,1,0,9,133,96,,-2.48,-17.05,13.9,0,0,1,1,DYN2,,,,,,,,,,
1791441146,BZERM5ET7txBTK4mM8pA3fph64marhkvTGEXiwM3pump,CLM,GPB1BYWPJShRr6V8my1DFYRZAPzrdGBCLmHVH7SH8P8w,pumpswap,1790813803,0.000003999,3810.39,3763,3763,0,0,8.76,808.53,0,0,0,0,0,2,7,18,,,-1.85,-19.22,0,1,1,1,,,,,,,,,,,
1791441144,8kVuY7Yir9NLaai9V73ZejscWdJ9q7aczidLtr38oL4r,Collateral,84EGAwMQhs4Jnz3dEdxvVuk3fPD3g5qA8zyskPTZkRMZ,pumpswap,1790813443,0.000004537,4828.11,4465,4465,0,0.57,0.57,2.03,0,0,0,1,0,1,0,4,,-0.88,-0.88,-0.76,0,1,1,1,,,,,,,,,,,
1791441143,6mF3wKGm377EFN8Jxm1mPUk46rnirNu3jASSvp3sBg6u,Chunkee,54xnep45xfFBkaPweHLi3kpg348cNR4UWmD3Ax7Ric5z,raydium,1790262291,0.00002238,14270.12,22388,22388,0,0,18.42,594.03,0,0,0,0,0,1,3,3,,,-0.47,-1.3,0,0,1,1,CPMM,,,,,,,,,,
1791441143,5sD8hmitvDkDxbAjZF4CrX1NX8eA5Cwn8kK67tp9DevH,Pongpong,GQADs9oy7uVQTNJ7DEew2y8YvcfusRVbspx4ve1vnBpq,pumpswap,1790814255,0.000003572,3940.65,3509,3509,0,1.69,8.27,613.74,0,0,0,1,0,4,38,17,,-0.52,-2.08,-26.41,0,0,1,1,,,,,,,,,,,
1791441149,HVUFFsRbWFV2kRS467iRJGLdJ9o93yQJqmSWa9fkpump,Trump,GZjhB454hC23JQThwkYv2k6tqBTKtMatgS3kdvit2RrV,pumpswap,1790813964,0.000003517,3475.7,3460,3460,0,0.87,129.35,779.54,0,0,4,1,83,49,370,198,,1.51,5.17,22.78,0,1,2,1,,,,,,,,,,,
1791441147,DkQYd9q2p7VSruiKhj54wu4F9CbyqruCRKFewg3dpump,AGI,5Mp4Z17NNdanseQa2yqg2eEE5xVSognN3ffDgksWeCm1,pumpswap,1790812557,0.000004945,5079.56,4661,4661,0,0,20.13,112.25,0,0,0,0,0,2,2,17,,,-0.76,-6.27,0,1,1,1,,,,,,,,,,,
1791441149,HhjNowJGHi3wsg2u9ZNEWXo7CQCEgkELFbPcQLX7pump,BRICK,C7EAi8aELckf7sfcQu7CZrRuBvRTX6sBLPi7yZS7gsh2,pumpswap,1790819212,0.000002498,2513.62,2383,2383,0,0,0,49.66,0,0,0,0,0,0,0,1,,,,,0,1,1,1,,,,,,,,,,,
1791441147,D3Rna5XrQWaW3Ydzxt5PicEbQnMbSv8qX97x14qEsVd,AI,BGWXhL7pus7jNZ4pXrdkwincYFxvi4rKdRkyqXXemW4w,raydium,1790818620,0.000005009,7628.73,5010,5010,0,0,48.35,158.02,0,0,0,0,0,5,0,14,,,-2.63,-3.24,0,0,0,1,CPMM,,,,,,,,,,
1791441146,AzDHbuhbJfUaX7tzcHXFjgk8EvSdUmWMEsr588fVpump,FI,6ryFML9TK2Gf9y1DD536VE6nSG6wBn1xoiX8mbNU5EM6,pumpswap,1790819541,0.000003438,3357.62,3315,3315,0.05,1.21,81.81,452.09,0,1,2,3,82,41,325,181,-0.21,-1.41,1.63,12.19,0,0,1,1,,,,,,,,,,,
1791441141,3MQLR69vhsFi86MJ5Lf4jsUT2SdcTpdrPixTqGeFhvE6,elephant,7UFq7aLYp7yLQ6oPbz3UWKMG32NC4Pwm91vtWHcu4gxq,pumpswap,1790820219,0.000002702,2774.38,2637,2637,0,0,0,4.3,0,0,0,0,0,0,0,1,,,,,0,0,1,1,,,,,,,,,,,
1791441142,4ByRNjKEQbtexsJie54vCdPnSuSWibWHn49dAXmcpump,GND,HMbMsCJ1JBjhmqdbSbQvopXm3WkCpsAvJZNycrgEy8mf,pumpswap,1790819890,0.000004050,3832.14,3736,3736,0,0,103.5,4891.37,0,0,0,0,0,5,47,44,,,-7.52,6.25,0,0,2,1,,,,,,,,,,,
1791441142,4vEX32B4LLr2hL4tzdgz724rSYXGccAGT8MRSUaNpump,DEGEN,8vyH9f4CyuK1kEZoRnTwKiFh1zDubrGMBNhSUSnmLQQa,pumpswap,1790820459,0.000003041,3287.34,3005,3005,0,0,1.64,36.49,0,0,0,0,2,3,28,19,,,-1.64,-0.38,0,1,3,1,,,,,,,,,,,
1791441145,AV9TkfXb8LcAgjKuVBpp7qhaL6wHuAdEtBsgsduQpump,Quest,HYU7woAVxao45T4Q5TuGRgowpimG7b3RGT1Ln1e13WwZ,pumpswap,1790822365,0.000003529,3883.2,3439,3439,0,0,5,117.74,0,0,0,0,0,2,1,8,,,0.56,-8.26,0,1,1,1,,,,,,,,,,,
1791441141,26uqr1EAd5o9czpp3CxWGRPBgzya2733WC7faQX4mqNA,TRUMPTY,3wEUjhLesDjHasbWWQng4rSqLHjAGvMLAcA7REspuWvy,raydium,1790822912,0.00008058,25926.27,80589,80589,0,0,1117.47,2835.66,0,0,0,0,0,9,9,19,,,-16.1,-22.03,0,1,4,1,CPMM,,,,,,,,,,
1791441149,H9qKeikv2EuifXaMCWSFQSUvNHUu2dre9R3Gmz62mvjw,Ajax,EGRWwHLfME2U2rahMu6BMqonMNeG5ND2CdVFPX1CcAE9,pumpswap,1790821407,0.0001295,37980.78,127647,127647,0,302.78,4643.85,41911.05,0,0,6,4,71,55,325,259,,-0.98,-3.42,7.13,0,1,1,1,,,,,,,,,,,
1791441146,BFdFhgZWKpHEvtCRA3R7fQwJfj51kZCk9WR9q3LLpump,SII,FnmwumGkfxFgwQ9ERk2vUsuJ2kXNx6Xf5oU2UyE41ars,pumpswap,1790823152,0.000002413,2636.92,2378,2378,0.52,1.99,17.01,60.84,0,4,1,5,13,15,43,27,-0.24,-2,-2.13,-0.12,0,1,1,1,,,,,,,,,,,
1791441147,EEGtwsf5wLWDG4THEu4TdFKTTRpsEoxArWZsetWZpump,NUVI,8MxvegL1C14ddbBczqpfMLdBvnmDDPGqqTJWqJAYKuhP,pumpswap,1790826457,0.000003094,3321.3,2984,2984,0,0,2.09,29.28,0,0,0,0,0,1,0,6,,,-0.43,-4.37,0,1,1,1,,,,,,,,,,,
1791441145,9GW1GMaVeV41yiYYzfgQdnEf8ocGFenX8AsgvhWEARLY,EARLY,Em9Ru5DrybRSZL161CtKVSCF7tEwUyJ5GaWpgTFGiBPS,pumpswap,1790827778,0.000002722,2730.54,2579,2579,0,0,129.27,138.68,0,0,0,0,0,1,0,3,,,-5.36,-6.9,0,1,1,1,,,,,,,,,,,
1791441149,HpsfKJnkBu53mxLGUCdr4PiTodXouZiVvZD5AoRWdHkY,snowball,FivAjNRmjWeDdepuTJbqjgwfsDsg1LZSj7q3soLbW2gv,pumpswap,1790827656,0.000003852,3639.62,3514,3514,0,0,0,1.52,0,0,0,0,0,0,0,2,,,,-0.64,0,0,1,1,,,,,,,,,,,
1791441148,Fq7wzJ9S6TRm7NrPGEwWKmQPqdF8K1g5uTp9DGFcpump,FORREST,ErgojZ4yKHxJkVgQqWEbPAbt7NHctL5a3oLyP1iTin8Y,pumpswap,1790827477,0.000007732,6021.45,7365,7365,0,5.75,392.21,2645.45,0,0,0,2,2,8,29,28,,-1.59,-17.79,-8.61,0,0,1,1,,,,,,,,,,,
1791441141,3P9KW7fa5LnYpBecLrZV92WmA4rsCErQPP7YdM6Jpump,BREAST,JjiK9JSzbobKdjRgxuqSTPwCe693pe5QBdJniBBan7N,pumpswap,1790829717,0.000002636,2687.52,2511,2511,0,0,1.27,3.1,0,0,0,0,0,1,0,4,,,-0.57,-0.69,0,0,0,1,,,,,,,,,,,
1791441146,CuP5Ng85HiCdHiKnc9pKe9MVEVkJDHmMsyEvbXHopump,REV,5Hiw6ED2r26LPrK7X4v9AKUMaAuVE1hQN5imrCvuWgk3,pumpswap,1790828506,0.000004863,4792.42,4796,4796,0,1.6,34.29,325.73,0,0,0,2,3,13,7,36,,0.63,-1.92,-17.11,0,1,2,1,,,,,,,,,,,
1791441149,HzmypKm9MVq7N5qZqKq5AuzWX4Qt7b4YY67P6KDWwZnu,ENA,7k8SnhpmDt85pztjv8dR8RozowwhkQqdxWhuQLKu1wQ3,raydium,1790830157,0.2730,272745093.56,273015783,273015783,0,15.39,43259.37,297964.5,0,0,2,2,9,9,37,37,,,,,0,0,0,1,CLMM,,,,,,,,,,
1791441145,ANzrdoVonAtNJk3ZG28CXCjNjfPkc8qVWXW7MQe7vSqz,@bot,EPTGJ5RUwNr82vJimGFNoRGZFBXiKgLrxz3EZpqAAaGq,raydium,1790830738,0.000004140,6556,4141,4141,0.05,25.06,168.17,1125.81,0,1,0,3,3,4,14,9,,-1.7,7.1,6.01,0,0,1,1,CPMM,,,,,,,,,,
1791441148,Fs4p664NY13ZXARqXPheBYVnopBjX3398Pz3tk5npump,Jackass,G14K8wGzv8m3nAhhrrwsxkT4dDi6PAYtrxFsGKzFKNF4,pumpswap,1790829726,0.000003158,3350.3,2899,2899,0,0,7.53,11.56,0,0,0,0,2,1,2,5,,,0.16,-2.14,0,0,1,1,,,,,,,,,,,
1791441143,5gok7WzHvMFmFfcvnHuuBqRh9GTcQckHXBBwZywkpump,NOXBANK,6WA4dP11xjrJCEkB2Uaw3ZehShyjkGTww1SsriS5K8qY,pumpswap,1790879871,0.000003463,3271.69,3249,3249,0,0,14.93,169.38,0,0,0,0,11,12,73,47,,,-2.04,-3.71,0,1,1,1,,,,,,,,,,,
1791441149,H5Kugtkfc5vrm3oSdX6FDkxuutRK1S3GW7Rr7UgnoDhP,PUTIN,EjHSLEKLautwaTSXDH5mTg6SVq2iGwo5eLeXr5CaeGdc,pumpswap,1790833808,0.000005860,5645.3,5715,5715,0,26.61,93.57,1563.73,0,0,1,3,3,9,12,54,,-0.03,-3.23,-42.42,0,2,1,1,,,,,,,,,,,
1791441144,7MuvW6G2pDTGSjzpjqeDYigUsXqqd6TmEzLgvRRopump,USDF,Aqp9EKhgp1U35UsBDaYgLpgnVZUyeZLsHFXfzKw3cYE9,pumpswap,1790731802,0.001859,125010.16,1758476,1758476,173.07,12299.58,120870.92,490012.49,2,2,54,57,540,529,2603,2456,-1.25,-0.97,2.65,13.77,0,0,0,1,,,,,,,,,,,
1791441146,Ckbi3ZcnctfTGGPk1oLWmRYp6mKcuWxJ274PTf2hpump,Penguin,68WSv1nzUPskB3ajrB1niAVystKrYg1RBHRo2Q8trFYY,pumpswap,1790839637,0.000003483,3350.96,3231,3231,0,0,17.61,87.1,0,0,0,0,0,1,0,5,,,-1.19,-6.79,0,1,1,1,,,,,,,,,,,
1791441143,7CZkz6G5DDjyaanDLe6ipU1xRQdyZVW3xWRc7AgbEDv4,Accelerate,8ej78LSnMDWaEMJrPJsv2Ng75hNgdSKRzNbf5QxNLRyW,raydium,1790839065,0.000003005,5060.99,3006,3006,0,0,0,866.18,0,0,0,0,0,0,4,6,,,,-11.56,0,0,1,1,CPMM,,,,,,,,,,
1791441142,4ewtv8cLUULfNj9wsRytsXkgERG5mx1MZ3LZGMTfVVmm,RO,EAMCdU5qK2ZfcrW8JGjjHNJ5r5Gth5tePbK6nU4maxxR,raydium,1790829385,0.0001995,43316.5,199591,199591,0,0,0,1799.36,0,0,0,0,0,0,5,16,,,,-3.43,0,0,1,1,CPMM,,,,,,,,,,
1791441149,GvZ9UXZm8U14uZNi7hBN5cY2iUta7stArZE486yHe2nA,PERKOS,8rfM1PxAfqZiZhH142wYdAtPqajTTU2a8xFGdAav7Y8P,pumpswap,1790727859,0.00004859,18288.34,44962,44962,0,1494.33,11606.82,28903.54,0,0,18,8,90,62,177,136,,1.92,-1.31,-31.07,0,1,2,1,,,,,,,,,,,
1791441142,4mNoVhb9ATKYoJg5Bzzpewe4qeM4vgxQR3zKMe6MWJwP,YPAID,72DSTTTFoERypVwLeegAA9RoC6DyAG85Qbiu7uXGfB8Z,pumpswap,1790840241,0.000005532,4903.35,5328,5328,0,0,16.19,25.98,0,0,0,0,1,2,2,3,,,-0.18,-3.49,0,3,1,1,,,,,,,,,,,
1791441150,si1u9ctHoUjQvQXVhUeTGdLptDvp2aRxFcD5jWYFuEh,dotsi,7eL5bkbTQGXScQyJ6fqEm4BJAo4T6v52irKUWVAT4NiY,pumpswap,1790842297,0.000004013,3775.37,3825,3825,0,0,81.38,6523.55,0,0,0,0,0,1,90,89,,,-1.44,-25.58,0,1,1,1,,,,,,,,,,,
1791441148,F458Huat36hKjLPc7dmL4uEixBAgX7fUjxWwnUEkpump,MASHUP,5mfeK1Pygz1rK6sbKXZUrdYdE24NgsMee56N8HKabVZY,pumpswap,1790846727,0.00003331,16255.19,31633,31633,0,133.78,9534.09,166825.61,0,0,0,6,83,101,1165,1035,,-4.31,5.12,73.75,0,1,1,1,,,,,,,,,,,
1791441147,DV8WPt5mPkhtH1CC9Qe6NgYMsyw16sMBUTx3YTTogift,SPLURGE,53ptwYPjqaRncHPAQaQXR9jTUh71aZ3w2AeFNc1K6wE2,pumpswap,1790845358,0.000002551,2526.68,2357,2357,0,0,0,5.11,0,0,0,0,0,0,0,2,,,,-2.32,0,1,1,1,,,,,,,,,,,
1791441146,CoDrovyDiKJLCBSLzbf4s5fa1JLdiK2TVJExTFtGi8AK,ZI,HT4v5CrDgyTAAYjAQgzSzHaNpMR7RmwskypnRFG2Hxf5,raydium,1790780974,0.000003901,5417.87,3901,3901,0,0,8.68,161.11,0,0,0,0,3,1,9,5,,,-5.45,-8.42,0,1,2,1,CPMM,,,,,,,,,,
1791441146,BhaQEvju9852hiJiFs9Y2ecGRb37oUfE9dAA8pLSBAGS,SHL0MS,CPtHUREDE6HYt1UfexGFBXw2wFQj34FwdLeyzJKRAjQb,meteora,1790843179,0.000005362,6724.21,5361,5361,0,89.5,1160.4,17391.77,0,0,1,1,11,11,233,93,,-2.37,-12.44,78.83,0,0,0,1,DYN2,,,,,,,,,,
1791441146,BsaissLqJmMMrXXmuhaRVjDa49Qf5QYzDpE8nZvc1vWJ,Mars3D,3Cpb9kojdQHLR2Rtf22azTD3Ld2mTXmkcfauNR1sQvif,pumpswap,1790846363,0.000002300,2317.76,2200,2200,0,0,0,28.38,0,0,0,0,0,0,1,4,,,,-2,0,1,1,1,,,,,,,,,,,
1791441148,G6autZruJLEzYKRh84qTsbVhrTvLEbjBYdHnBQH1zitp,backpack,JAgorsZ4Y6V2EevnpQME2fEckch5uCbGSvqRw7TimW4f,raydium,1790730792,0.00002884,18380.96,28847,28847,0,1219.03,5339.15,29353.21,0,0,11,13,48,48,233,244,,-10.68,-35.82,-47.49,0,0,1,1,CPMM,,,,,,,,,,
1791441141,2SVkGBPF3f7zfp7v7SiSf6PSnN6DEKbCDbSo7QNkpump,Mosquito,3Mneri3xJb4d8tA3AvAz8CMaT3B67bQT8w4mRVRUbWKQ,pumpswap,1790848043,0.000002832,2842.21,2758,2758,0,0,0,1.54,0,0,0,0,0,0,0,3,,,,0.14,0,1,1,1,,,,,,,,,,,
1791441142,4pZ9PdgmGHJyiJoBrS5sn12YznDGYPbr1vGB6tgkSykb,Leo,Drh7JkbBRvw5DsDaLw3p6x7BKdsCbNFHkSZhpBjdYdcp,raydium,1790849746,0.000005090,7717.97,5090,5090,0,0,91.46,384.19,0,0,0,0,0,1,0,8,,,-8.94,-22.7,0,0,2,1,CPMM,,,,,,,,,,
1791441149,HFNSKQh7bHzEKzt5m6pe79FmGiZ14PJjJScBshts8Yd8,かのくん,nLeBNhqVgStTozsf5m9jkx8tfgg9zJJTRHbb5QJFyW3,pumpswap,1790850160,0.000003168,3097.02,3047,3047,0,0,1.83,228.27,0,0,0,0,1,5,1,14,,,-0.47,-13.16,0,1,1,1,,,,,,,,,,,
1791441149,GxdZqQtSDChqoVDeJ2YNV1uBc6iF4PXhyk21p34Qatip,TIPSY,7TH7ktDwTuKDFisCKnZXS3hWF9g3P17SYSE9csFD8mAj,pumpswap,1790888883,0.000003131,3023.55,2969,2969,0,0,0,47.97,0,0,0,0,0,0,0,7,,,,-5.62,0,2,2,1,,,,,,,,,,,
1791441148,EqZwBqyN483N1yJocyfNEVSWTDvp93UnywAEjNgJUKCx,OpenSI,9qagZm5NMtKkPAd54ZmLGoy581ztV9x2bkPSMgxagxTC,pumpswap,1790853509,0.000003713,3485,3550,3550,0,0,0.01,287.38,0,0,0,0,0,1,12,10,,,-2.4,3.11,0,1,1,1,,,,,,,,,,,
1791441144,8edcNEC4r3m6BcrNLWZYMhQ9DQqdr5cuTKhyCjvPpump,backpack,2R944TdpgZVavMVqLYfnKxyqehYeUkqAWZYD6pC8YsWJ,pumpswap,1790853100,0.000002369,2402.66,2276,2276,0,0,0,0.36,0,0,0,0,0,1,0,3,,,-0.99,-2.12,0,1,1,1,,,,,,,,,,,
1791441146,Cj9Ch1JiHcSjrsk1sDcFNgQzb6sonhbJj4hunYAHqYfm,Partyhat,ErPX8GRnXTCNeYxwHT6Tah2mM2jiAKWrJSEDBBD9vFqE,pumpswap,1790850938,0.000002390,2459.76,2297,2297,0,0,0,1.18,0,0,0,0,0,1,0,6,,,-0.99,-3.21,0,1,1,1,,,,,,,,,,,
1791441147,E5A2cdJxPm75FMeUeTSdCwwYFgJ486A6n5MpPM8tpump,CHRISTA,Fgm8pFFWkoZJ1DwEaJGptEJtBMVPyvWFxhj8kXq2fCwY,pumpswap,1790826074,0.000005918,4940.43,5361,5361,97.89,97.89,599.02,2387.98,0,1,0,1,3,2,53,27,-4.72,-4.72,27.82,9.38,0,1,1,1,,,,,,,,,,,
1791441144,7r1v5rZcGnyzVs1jei7FeMEiZVf4GhQgLYXjZHmMUDGQ,HOURS,9coDbwAB3nkGTs36HjiZGy3CeKB8w77MdRAiRjik4i2e,meteora,1790854744,0.00005309,21946.33,52789,52789,26.52,620.58,7721.72,40127.95,0,1,4,10,47,60,334,279,-0.69,-8.96,2.64,-29.31,0,1,1,1,DYN2,,,,,,,,,,
1791441143,6hjaMcRPvB4DEGpHqgHxmgipb2vrGQWMewZBAVSLpump,STATE?,5WBYceMmszMxy2CxLTtcHLGefL3Y3kfvAqMasdTLFNv8,pumpswap,1790605787,0.00002746,13140.12,26478,26478,1402.89,1776.66,7774.62,82701.7,10,6,12,9,44,50,641,611,-20.16,-25.53,-42.38,-27.08,0,0,2,1,,,,,,,,,,,
1791441144,7mEhH5gsuwPeBC9n9C2XQJdXinWhKGfNhrt4r8db47Cn,Snoopy,5bYtv8P5197JM6oKwAt1hZBo1xJ8m7VTco1NArmqMv6B,pumpswap,1790857169,0.000005361,4845.92,5166,5166,0,34.34,598.89,3495.23,0,0,0,1,3,7,42,41,,-2.68,-26.66,-25.92,0,0,2,1,,,,,,,,,,,
1791441144,82wr8yv9QK44JrjbS2kU8V7TdmdvwkBHLDDtfKdupump,BAGWORK,FYgPCgpTsjNJPRAq4koq6FdMf8mhnVrEhCy5oh9RZCgn,pumpswap,1790856521,0.000002832,2898.26,2748,2748,0,0,0.02,7.47,0,0,0,0,0,1,1,4,,,,-2.08,0,1,1,1,,,,,,,,,,,
1791441143,5xRgf67CKfo6A96ZskqVUcRutENpcBTpjrKYGDQu6eqw,KATANO,6BUyGDf8buMKHRDz9ZhQr7cQeJTkgPoFZCYmd3eyC3ma,raydium,1790857924,0.000003197,5303.84,3197,3197,0,0,51.16,372.63,0,0,0,0,0,3,8,11,,,-4.32,-16.91,0,1,1,1,CPMM,,,,,,,,,,
1791441145,9pJWJdpPebyANys45eetpemLJo8yTz4n5B9zbpYw9ZMr,Jane,31eCTC8W3VcX7BiFwK2o5Ax41FPi2UyHcehcy2Gd3H5h,pumpswap,1790860719,0.00002629,17274.95,25761,25761,0,49.55,150.67,6383.03,0,0,2,2,5,14,65,92,,-0.51,-2.26,-16.29,0,0,0,1,,,,,,,,,,,
1791441149,Gd28K8mXV6AsDyjpHnREdC6zetL3XVrLY2yk1urZpump,CATANA,9xVi3514hnzQa8VCq3VfLeRqsyqd3havAu1efdnLxNoB,pumpswap,1790887562,0.000009289,7133.87,8984,8984,0,0,60.95,4464.66,0,0,0,0,1,2,59,59,,,-2.02,-18.11,0,0,2,1,,,,,,,,,,,
1791441145,9wc2gqjJXp3wEi2gQQu22i5BYy3fetgvaLCEN2CJWB3h,wifween,CvxAM9FfK7fKB1kQfMqYqu1yreW4DN6qg3mjwif6Lv3c,pumpswap,1790861151,0.000003011,2936.14,2907,2907,0,3.07,104.9,533.91,0,0,1,2,118,60,432,225,,-0.13,1.25,18.42,0,1,1,1,,,,,,,,,,,
1791441148,FEVYjz1uqrGxF5gUfbAb7hHUTGFv7hycLWywsanJtLhm,Jane,BZXt8t6r99tQDjHMEfcGaWA5hxD4b3D53S1eehonGS5g,pumpswap,1790860957,0.000002826,3087.25,2738,2738,0,0.81,0.81,8.46,0,0,0,1,0,1,0,4,,-1.57,-1.57,-1.62,0,1,1,1,,,,,,,,,,,
1791441142,5DasfQV93VnQJ2tC8q9nwknUppWVjL1kDvuFG4rnKXKc,B,A4M3N3XLN1EMS95ZA9p8HxWg1zfpMcKACxn2GQ8FDAND,raydium,1790864093,0.00002216,14453.13,22169,22169,0,250.03,1158.33,24493.24,0,0,10,0,20,17,338,236,,7.21,-5.3,72.29,0,0,2,1,CPMM,,,,,,,,,,
1791441143,6H75PU1Z6Yt6gt9ow8aLpqSubJy6nyfW2jtHffVwDnCt,b,AiucNByHhwgjbR6sSPX13L4sDVMS3mtwJCSpaiccBmtX,raydium,1790863417,0.000004445,6571.28,4446,4446,0,0,1.14,96.48,0,0,0,0,0,2,0,10,,,0.11,-5.03,0,0,2,1,CPMM,,,,,,,,,,
1791441145,8ypYfW5cjafrfAZij8TZj5SFHAbPNpiRio96LMzypDkn,BTC,MtD7C3bpRPP2LNim3DUfnoVTuRSQHBuCWhu9fKYKJqh,pumpswap,1790862752,0.000003854,3911.96,3704,3704,0,0,0.04,451.36,0,0,0,0,0,1,4,11,,,-0.57,-16.37,0,0,1,1,,,,,,,,,,,
1791441149,GULoSAoTe6VMN89iQy7seGsRwUehtLz9uVVW569tpump,UNITES,3TeP2BWpqW1YyKhoGhVf8KxEoYTCKjH6MPYT4mbrMyYk,pumpswap,1790861889,0.000003074,3110.35,2910,2910,0,0,0,12.85,0,0,0,0,0,0,1,2,,,,-0.96,0,0,1,1,,,,,,,,,,,
1791441145,ACLjA8MJypDUutwSnjPoWy8bG4hj73gDCAebuoqDpump,SEEDLESS,BPTK8C1Z5jcd9KTm5auoaG2UgvXBMpVymTRu9ZS9tc5k,pumpswap,1790864575,0.000002616,2595.72,2415,2415,0,0,0,0.51,0,0,0,0,0,0,0,2,,,,-0.04,0,1,1,1,,,,,,,,,,,
1791441148,FfGSQY26D11rfWaGaz3NaFbmW7kr1FwKiBpVC35WuGRW,LUCY,99ZtvQTNvyAbsGpD31HxNM76FLsLh42uF4GRHgKtvzji,pumpswap,1790865372,0.000003387,3308.76,3282,3282,0,0,0,104.2,0,0,0,0,0,0,1,1,,,,-2.55,0,0,1,1,,,,,,,,,,,
1791441149,GtV6g1ey2NERrcbvL5bdzrxRJQDfxpMaLU9oLtRipump,CROW,G4yk7zDAiQkCS7ch22vpi9Ey6fhDhkpHFEYyz2gJ6q2t,pumpswap,1790863293,0.00007850,24110.91,76894,76894,1.33,1.33,1295.58,17943.51,0,1,0,1,40,49,433,218,-0.81,-0.81,-9.66,-36.06,0,1,2,1,,,,,,,,,,,
1791441144,7bFSPC7HXV9wxikGRphE55kHTiGnX8bmMiZDeYUnuwN3,VLO,CXwsWHQvnZpfhiRtZhw9VE9MiCKLTrUQrY7rovrrAbdz,meteoradbc,1790865537,0.00008281,,82817.35,82817.35,0,0,0,30.81,0,0,0,0,0,0,1,4,,,,-0.07,0,0,0,1,,,,,,,,,,,
1791441145,AYRTq6bfnNzWMY5ACWTRUtMCwV8PAhux3wm84q5mpump,lowkjelly,7Gb1hnYFcPEvePn1dskrXijxT5FFntPGSgUAxsLNyiEf,pumpswap,1790867045,0.000005742,5206.25,5551,5551,0,3.94,34.02,1246.6,0,0,0,1,14,10,57,42,,-1.97,-3.1,1.81,0,0,2,1,,,,,,,,,,,
1791441148,EdBGYHVib6iXkBxUdB5uzUKHwXYruKKEkwt69BU6pump,CODE,7PxVThJvYsH1nbsVvRajp2N9aej6iwHCQYA2RKWwVsx4,pumpswap,1790869323,0.000002500,2498.06,2323,2323,0,0,0,0.74,0,0,0,0,0,0,0,1,,,,,0,1,1,1,,,,,,,,,,,
1791441141,3FcmxeuaDPNX5JsRD1VS769ijvCE1QWRXyqsioMNpump,JANE,3Z2hA6bWTLd8uBATbFPV4QgbvWeBhG9NQFjZznj7eKgw,pumpswap,1790867125,0.000002860,3033.68,2817,2817,0,1.36,42.95,391.93,0,0,1,2,63,45,341,205,,1.23,-0.2,11.37,0,1,1,1,,,,,,,,,,,
1791441142,5188hYRf2saZt9PhLD6exKL4MCQquRmw9SGaBak6pump,1,2DpuypEtKm7pFg2gcD3Govw4QLPVsNUkj7K9A4HdcUyj,pumpswap,1790868898,0.000004558,4431.63,4347,4347,0,0,0,123.23,0,0,0,0,0,0,0,4,,,,-6.73,0,0,0,1,,,,,,,,,,,
1791441148,FbGfMBy1MwpQMZfVPrMPcSw3gu5spumtSsisS8M1FSKu,PISSCOIN,65kdjTaqravAgXWXe79NdfZ13Y71z4AFhyc3WU5o7Qey,raydium,1790869671,0.000004491,6544.61,4492,4492,0,0,268.35,662.09,0,0,0,0,0,4,4,15,,,-14.52,-21.46,0,0,1,1,CPMM,,,,,,,,,,
1791441149,HmMDsu7WFPxJVhXEZdkMFgQHgschqA73DnuSTheYpump,Janes,8ybijrpQm5yG6pkPC2k2DaGkv2m52Zz3VCJMgNTyk99y,pumpswap,1790870670,0.000002537,2800.86,2498,2498,0,0,22.44,110.27,0,0,0,0,21,12,75,42,,,-0.14,2.63,0,1,1,1,,,,,,,,,,,
1791441149,HXJJiAwtJuwCgqPveEaf8sDG4myXGopSzrZzCnhtpump,POTS,GATjH5XKTfHNLvCzg7M9M8o2UmPhKyvuF9M6RMWZEJxy,pumpswap,1790871495,0.000003057,3018.69,2875,2875,0,0,0,6.45,0,0,0,0,0,0,1,2,,,,-0.55,0,1,1,1,,,,,,,,,,,
1791441141,2qizXDtpK92YziSqmt6Kry3Zc6CNuZxjbQodqcEsZXMR,XCAT,GdA9zjFBz6S7ML4MRYjNmxgW87m3Br7qtbdHdvj6wCjy,raydium,1790862404,0.000005075,6048.37,5075,5075,0,101.67,117.21,835.29,0,0,9,1,10,3,16,10,,7.04,9.75,12.53,0,0,0,1,CPMM,,,,,,,,,,
1791441148,Fcr5Ps2Rn6R6QjNSJCScWMhrGWvaU1t23R7UNv1iGDhk,GG,EmUgaiZJDsZqqpf59XActiu6XMvYNGXHzdCic5DMA9AS,raydium,1790869935,0.000003870,6246.38,3870,3870,0,0.22,12.82,90.04,0,0,1,0,1,3,10,17,,0.01,-0.86,-3.9,0,1,1,1,CPMM,,,,,,,,,,
1791441141,3DrmQ144kzEx5ntNWbjGfH3D8NhGw2KeCNUCeUGUHM9C,MOVR,2Vb9CCytb76gdBoqfZBXvLR43hVhbhNEw4SZRFam2b9n,raydium,1790873238,3.20,3200026664.2,3200294372,3200294372,0,15.39,43259.37,360343.5,0,0,2,2,9,9,38,38,,,,,0,0,0,1,CLMM,,,,,,,,,,
1791441148,FFrRBPP9yWtSqnKjXXM9C77MBdLztfdgSnRE858zpump,MEME,ECN4kZK2V53YfvCk9mgbozRmRUcxrLfMbDVv2hmJ3FL5,pumpswap,1790871366,0.000005950,5958.49,5797,5797,0,0,18.79,229.37,0,0,0,0,0,1,6,19,,,-2.07,-8.8,0,0,0,1,,,,,,,,,,,
1791441144,8oMvxgcBJtDGNSc8kogCEEFxSvvi7x6jHRfSWaiWpump,DOMAIN,dH12Ke1gyoxqcujh9oYkNMwJkNNNuGvBszZnBrmVpWh,pumpswap,1790805946,0.00002698,16531.29,25806,25806,136.1,1752.22,6076.81,275456.91,1,0,8,9,46,48,1514,1258,1.76,-14.18,-33.88,-34.15,0,0,0,1,,,,,,,,,,,
1791441147,DxgJTLsgNVMaZBpgPzKBBBLBSdSAZzxyAeAfboUApump,TRUMP,2cYkH5MLLaUh9K1776DAjQisXo6iAJRdeJJKWqi3A7US,pumpswap,1790874603,0.000002755,2811.36,2646,2646,0,0,16.36,84.41,0,0,0,0,16,10,57,36,,,0.21,0.8,0,1,1,1,,,,,,,,,,,
1791441144,8V2jTnUbfTDkzznAD2BwhCRR1jJrin3Exj5zPoU2AmJA,FOMO,6tdNjDNFzDdEuKyyvtKtke4Zuarp3MyZwCiERwTsq5Xg,meteoradbc,1790871402,0.0002117,,211714.33,211714.33,122.79,2436.43,64081.58,136534.48,1,0,6,6,226,100,556,333,-0.06,-5.7,-19.74,-29.54,0,1,1,1,,,,,,,,,,,
1791441145,ASN6XAyWyn1psSbGKNQ7D81byp1CRTYd8Q9aA2DW9M3n,pumpfolio,BQ3gvDP8cbMZXPKtqGdzxjAWujBVLDQySJzRDgEr6C2Y,pumpswap,1790874374,0.000005335,5284.59,5193,5193,0,9.83,36.4,684.9,0,0,0,1,0,5,22,24,,-0.61,-2.87,-3.27,0,1,1,1,,,,,,,,,,,
1791441143,74wf8kZrSXrcXDytmDK4eXaePoKm92fBWtauuJdQpump,SuperCali,5Q7FCGXCbZhTtsLm5aTz5MdFfTHL3UfvQ2gCm5oGWUpr,pumpswap,1790873640,0.000002985,3189.58,2939,2939,0,3.22,78.5,467.85,0,0,3,2,67,42,353,187,,0.05,0.11,15.61,0,1,1,1,,,,,,,,,,,
1791441149,HXxJdaQbrYRvwTAM8M8mUPyoRPvmyuUbPFBRkiAAMASS,Ansemmas,6qirp44Q2T8B1CfbGmnqeXCLdQhFqmNCfAFfpKG4N156,pumpswap,1790873795,0.0001363,38552.84,130002,130002,30.36,290.76,5088.81,54512.11,1,1,12,12,85,85,676,488,1.01,1.19,7.06,-18.4,0,1,2,1,,,,,,,,,,,
1791441149,H3NJL31MZyELu2NyxtoJA4ej8ESEHtQfxZGDVwdjpump,FLINT,3TC3rRAenGqSStn6mPx3MJGpjYmMUzUxYVuo3nqwkdcd,pumpswap,1790866046,0.000003106,3223.38,2998,2998,0,0,4.08,121.23,0,0,0,0,1,1,3,4,,,-0.47,-6.58,0,0,1,1,,,,,,,,,,,
1791441147,DESwuRnMHpsUfLWPrF8s6Ph9LTAVyCrMUzwhcN8kSTNK,FUSE,7zBzrNNbdQJo1ShWYtZniRJ3WyRF5YmYr4LVd8HKuXMr,raydium,1790875961,0.000007074,7024.54,7075,7075,19.96,82.47,5329.23,8121.2,1,1,8,4,66,57,122,112,0.28,10.62,-67.88,-79.32,0,1,1,1,CPMM,,,,,,,,,,
1791441149,JD3d8mxEJ91LHZSuwVLquFAKdo5PbEeLCUevjjDsPdRe,TERRA,8KYv6Ed2Ewxf1u14ggofQXTD4FVsNKFknKBfZAhDFKE6,pumpswap,1790777131,0.000009546,7051.3,9092,9092,0,0,1032.29,14504.17,0,0,0,0,4,5,65,92,,,-4.16,-17.82,0,1,1,1,,,,,,,,,,,
1791441142,3kaPZWNgvtudaHeZoPEhkL4SX3PBvGnY725ZDRMCmKvW,LUCKY,5pTGCESF6fT53wfuvC3UVcWmdWRRWWtqird4SA37MFDG,raydium,1790869847,0.000002840,5300.91,2841,2841,0,0.11,0.11,2189.28,0,0,1,0,1,0,11,15,,0.15,0.15,-2.75,0,0,1,1,CPMM,,,,,,,,,,
1791441148,FFivn1EnbiycRD3c4nAQvuD7zPyqjRqocWD8FtHcF2Sw,NYSE,7YqeLBCmR8WLok5V1rpvhbhCm4EWm9rSRznah37poBnj,meteora,1790876289,0.000003402,5929.49,3402,3402,0,0,0,2.68,0,0,0,0,0,0,0,3,,,,-0.5,0,0,0,1,DYN2,,,,,,,,,,
1791441146,Azff3fCQMpu1Z6zLRKDfdihnoPgZi5p7w4rJxaXsgxJ1,HOOKER,EcKHCwwph8QwG8BrH3P9mvbwF7Tvpc5YKpVWaTDLgJz6,meteora,1790876576,0.000003216,5397.69,3217,3217,0,0,522.09,659.53,0,0,0,0,3,5,6,7,,,3.22,-3.97,0,0,0,1,DYN2,,,,,,,,,,
1791441149,GzahJ2WwEtyVvUAetrmK2zvvfhD887WtuH8hFFuh5nwn,GRIFFIN,GdwvZhNuEpv2mWARrgXtKFMLCDYZQ2aFVtRUFzXmDBHG,raydium,1790875416,0.000008117,9642.68,8118,8118,0,0,53.22,327.72,0,0,0,0,0,3,2,13,,,-2.6,-9.84,0,1,1,1,CPMM,,,,,,,,,,
1791441145,AaQ6XhjqrTnTWt17VHbTMdJPdWHB9Kx5UCPAZnNNpump,RINSE,97WA9HpK3j4N4y1qz37trWcdLYjH9x2KcSLRKobwkrT4,pumpswap,1790878911,0.000002904,3048.05,2794,2794,0,0,12.05,15.99,0,0,0,0,0,2,0,5,,,-0.6,-0.7,0,1,1,1,,,,,,,,,,,
1791441150,bn6RCR2xHdASpU3cHPxs3Vz3ve9qj8PaXiKKz6oTUof,𝕏/ACC,DH9jbFEXPGgaMvUAg9xshjoLnRizYNV8tpUMw3R7c2tU,pumpswap,1790877972,0.00001668,9901.25,15675,15675,150.75,382.6,4435.23,17312.35,3,0,4,8,46,54,258,205,5.1,-3.97,-7.87,-5.39,0,0,1,1,,,,,,,,,,,
1791441149,GTz5rfocFdbD3eWKMu4kzTjRVjkjzZwEaS95uD3Rpump,AMD,GALE4iPEpVfjYgzGTo7BoUhujawWKuCAU6bGkX7huWUu,pumpswap,1790877025,0.000003061,3267.15,3014,3014,0,0.35,45.92,459.6,0,0,1,0,48,35,368,216,,0.57,0.01,13.59,0,1,2,1,,,,,,,,,,,
1791441147,ELEnRRcKCuuPJBJPeTTGCRocjkBCwbd3R3f8nyg8pump,silent,2bzfurGrmWhEXHpLggzGoJmt4hjHu7EQubtByVrdvBYS,pumpswap,1790880054,0.000002485,2641.89,2446,2446,0,0,0,0.2,0,0,0,0,0,0,0,1,,,,,0,1,1,1,,,,,,,,,,,
1791441142,3oKUDGkNqbfKKrYNALjCX3kPsvDTjawnsf9v4dkneUC7,SEC,CctYvZM6eZdx6UwDsdMgpun1dRHC6WGutSSMumBRV2Zq,raydium,1790875613,0.00007179,24691.9,71792,71792,0.02,1402.58,24217.82,73002.1,0,1,12,7,205,126,554,442,-0.3,15.24,-61.23,-82.23,0,1,1,1,CPMM,,,,,,,,,,
1791441145,AFdP6pnJwj2mwfeji6rR2bA9pz1AVV96u1R194dLJwKK,PUMPE,2xf3W6SaPeBhwkT1ShHXkbhGGJohtdWuBDCjdZ6Xva8B,pumpswap,1790882186,0.000002646,2804.97,2557,2557,0,0,13.9,69.05,0,0,0,0,10,11,48,28,,,-1.51,0.43,0,1,2,1,,,,,,,,,,,
1791441147,ELrh9rMDKTyzEs2wiyriwZr6v1ctXVbMZvtLb5NZpump,ANSEMWEEN,ApCE8T21XxoV9juL92YY4w5AymFzFScKueVYdYoRDNAH,pumpswap,1790884192,0.000003302,3185.72,3154,3154,0,0,71.55,1095.9,0,0,0,0,2,1,7,4,,,4.78,9.65,0,0,1,1,,,,,,,,,,,
1791441145,9fSncMMvKNcr8T4VBGsk8rBQrKqkRGCFBNWgTTiCpump,PumpBlox,EqxkDxX7i8t1cadgTLQnRJsMLcPphPvmUKZ36MQuqRWR,pumpswap,1790880911,0.0002267,46240.42,225201,225201,171.11,187.84,1566.81,6705.3,1,0,2,1,13,22,46,54,-0.12,-0.12,-11.49,-18.47,0,1,2,1,,,,,,,,,,,
1791441141,26XdE2iBEiTnjgKHTcY3afaqnUtWfAj8HHrciQBBpump,Mymo,A7WoBBJTZpb9jE3GYPhP6NcqjQiBGumJCdpgcqTVajg8,pumpswap,1790882446,0.000003217,3114.23,3093,3093,0,0,68.29,415.37,0,0,0,0,84,42,341,193,,,3.57,15.82,0,0,3,1,,,,,,,,,,,
1791441145,8svf3G1X4mnAX3Xm71jFXgiHydbvc5XKQKicbnokRUky,COMMIE,Cmcfrs6r6dsCyXvhooFbwvbvNDqe3vDHeXcKmfWGAzrr,raydium,1790880518,0.000009557,10387.81,9557,9557,0,0,214.39,1511.77,0,0,0,0,5,15,19,71,,,-7.03,-20.64,0,0,0,1,CPMM,,,,,,,,,,
1791441142,4K8V9yH6kKRLS46BTG68Te1QHLkb7an8J5YcWQ3ppump,SACC,7eQjxhGFZcjioSBX2GS72poE4XrqYYsyUBDryb36s6Ed,pumpswap,1790878013,0.000002620,3030.46,2597,2597,0,0,12.66,43.07,0,0,0,0,12,8,33,19,,,0.13,2.02,0,1,1,1,,,,,,,,,,,
1791441143,7KEPApdbBMByrmqihz3bht2uMhFQcatjfSFQCKq66kH3,DARK,Cprsvqk2riV3WmTewKK9m6cm62zaAqLDArAbBmN3pe4f,raydium,1790876181,0.006776,313606.5,6776187,6776187,4568.21,32738.52,3776902.1,7306917.67,12,10,148,163,11780,10750,23825,21697,4.93,1.82,11.45,162,0,2,1,1,CPMM,,,,,,,,,,
1791441147,E5BSMSUDeAV4QVNTKaBJsk3dXz5x46usjZCkEC7ZLf7M,UPINU,2FETgq6jJbTeaKuAPH9irM8ADCB8gx6VCqTf4Jfnca8v,pumpswap,1790936022,0.000004372,3929.42,3966,3966,0,5.96,71.6,562.68,0,0,2,2,78,42,394,205,,0.84,-1.11,16.73,0,0,2,1,,,,,,,,,,,
1791441144,8CFG8NK17jJ81VhY4D9WFE1MHKomVb5ao7Eqv6Tg3iiZ,VBUCKS,87hMAezpCey9426J88dp3hazzWoRXwtu9cANxHn3SXCj,raydium,1790871915,0.00003031,16030.05,30316,30316,0,216.32,4001.98,18562.27,0,0,0,7,30,36,140,183,,-5.23,12.21,20.73,0,1,2,1,CPMM,,,,,,,,,,
1791441141,37t1792p1eFWxmEroYRXe26FStK5UQzWz2zfN77q1Tjv,Sid,F2nS3wgQabjYR5zDYfXUSmkyDcxrCQdfHF1wmLRgb4Tn,pumpswap,1790882893,0.000005712,5136.38,5561,5561,0,93.72,2830.31,10606.07,0,0,3,0,17,29,103,104,,8.82,-49.3,-56.61,0,0,1,1,,,,,,,,,,,
1791441145,9fJAWKQpkY93hfuZxrHfh5wEh2AV9vjkWNQfzfbziHd2,PUMPE,G7iLGa5Y8CERJaW2asC4bMV5SWjijQ1y2SWU5sBdZxr2,raydium,1790881120,0.0007523,85801.23,752313,752313,533.05,1486.16,36558.62,110837.96,1,0,5,9,119,113,350,438,2.74,3.93,-10.52,-12.55,0,0,1,1,CPMM,,,,,,,,,,
1791441143,5Mv6c7taXXkKn4byivDALNJJZ5NGu3aB9WJVXgSVFt3p,STONKR,Fv4G5XJ3WLF73UNAsPLABnCzFF16DuPMp9oehY6otpte,raydium,1790885460,0.00001942,10927.73,19422,19422,0,1.9,231.07,4662.62,0,0,1,0,1,8,26,68,,-0.6,-9.98,-1.51,0,1,1,1,CPMM,,,,,,,,,,
1791441149,JAqGStn3hvZxb1wmJRigtD2sEPode3KvuGLcEmP4pump,HUNT,2b4RoajTGM8GLv1qbnbw1L8cU4sYpUxF2Ek36gB7dHii,pumpswap,1790885652,0.000004411,4522.36,4207,4207,0,0,0,84.66,0,0,0,0,0,1,0,3,,,-6.82,-12.54,0,1,1,1,,,,,,,,,,,
1791441144,8HJY9GTiEGgPoUAs3YSRiwLUukZKhKcH1ngqLB8qcBxx,PUNCH,3o2QaESTB6epYfkLzWndPXhhDZYJsrh5LRsv2ETGPDHa,pumpswap,1790883419,0.00006567,22696.62,63793,63793,0,13.29,1221.62,7186.92,0,0,1,0,23,17,84,74,,2.21,1.39,9.9,0,1,2,1,,,,,,,,,,,
1791441150,icgvvPx9b76BoJ5CscGzYL8zzAHZNXzgY2NpqnUuhdG,PUMPOWEEN,Dx4s2TDm3p3xGfX9VSTnK4x3jTzLKMYQWCdmnmjxUxit,pumpswap,1790886511,0.00003341,16179.18,32153,32153,0,0,1145.31,3163.77,0,0,0,0,2,2,12,10,,,-5.36,1.6,0,1,1,1,,,,,,,,,,,
1791441146,BzhEC3LdcMPbzkWfJs4YJ1TTjM2MZKR7DMJfR3Hbpump,Ghost,B7hjMXYsbc1hrsJMmAWN7SXXT2jVXFUeWR9J7RHVEH6F,pumpfun,1790883893,0.000009484,,9484.14,9484.14,2.78,79.78,3251.2,7488.62,1,0,5,0,28,45,82,102,-1.82,-1.13,-37.15,-53.69,0,0,1,1,,,,,,,,,,,
1791441144,8RvkVCzoQ4i1Dc7LKfQV2UopCKtLjxFGhe3vFDzVbTP5,Hutter,FJzw3uikntaw3WZk3YqDi1emoz4973uDTR8bLUJeJY1o,pumpswap,1790885729,0.000002979,3220.18,2936,2936,0,0,0.22,26.62,0,0,0,0,0,2,0,5,,,-0.18,-3.58,0,0,0,1,,,,,,,,,,,
1791441149,GoADAwux19tGxb3W4ykPzZz8p5JCSYaxBRpuW7s9pump,OCTO,3uXWc5dnrU6rz7t23PpJirZQnwfw9huq8LnNhorLXTK5,pumpswap,1790886327,0.0006931,92161.21,580290,580290,0,1917.59,36886.13,130397.7,0,0,1,4,63,118,382,450,,-6.4,4.76,-13.95,0,1,1,1,,,,,,,,,,,
1791441142,458eEcXufhsLoS1NWa6donw9Yh9USfWMCtBmyFTypump,WIRED,5fyKn3vV2FG6zjKNtUhZCAS5Kym23zeEFaEJowoCreMa,pumpswap,1790886822,0.000004749,5333.83,4663,4663,0,0.39,14.98,292.31,0,0,0,1,2,4,5,19,,-1.79,-0.61,-2.87,0,1,1,1,,,,,,,,,,,
1791441145,9qUTeFNXFh35YmdtayeniRUr8o31rXYzMK3Jv5Zypump,limit,25TKBUsN1SXen5kiWaDn11q7Dr1dZhusZ5WiENMqdbi2,pumpswap,1790888477,0.000004362,4040.48,4262,4262,0,0,0,1.11,0,0,0,0,0,0,0,1,,,,,0,1,1,1,,,,,,,,,,,
1791441143,5RPouA3vYSHhnEmrtwvhBsLctZ1K8nHnPosuMXSCpump,POC,C7ZVdL83SrYi5tuUKrjnbz1iY2sJ4SuND1vKHz8m9CNq,pumpswap,1790888940,0.000004098,4224.69,3887,3887,0,0,0,109.73,0,0,0,0,0,0,0,3,,,,-6.58,0,1,1,1,,,,,,,,,,,
1791441146,CZdNwvFCdKM5KoVLNFj1uc5anCYteHXCJP5Aq5Kkpump,GDEX,2xMj4Nhu3NnUkfRebZ9dV5oppERBdzwsnYcBcG91FghG,pumpswap,1790907561,0.00002055,10951.94,20002,20002,0,127.13,1385.74,6009.88,0,0,6,1,52,29,212,97,,1.84,34.68,229,100,1,1,1,,,,,,,,,,,
1791441148,FXQPeVeEx9n2J1Qb7tmtPWxAbbKm36r2xoKve6RShKZh,CHONKS,2zo45v6uWbPwq1YAMWAfCgoo4rBGG5jgJtYrdxnqzzfZ,raydium,1790891175,0.00001973,10995.7,19731,19731,0,0,1474.54,6759.97,0,0,0,1,7,9,29,52,,0.42,12.53,-26.45,0,1,2,1,CPMM,,,,,,,,,,
1791441146,CoN8oLvyWTjtSBFTEjUWLz25BXJmGjTvNcYh81D3pump,MAMESUKE,5rcqUcL7XGaoLAymqfwZK7mqnhsPcf2rN4y5tqQ1iqiF,pumpswap,1790880399,0.000002526,2592.17,2458,2458,0,0,12.99,93.48,0,0,0,0,14,6,76,44,,,-0.17,0.75,0,1,2,1,,,,,,,,,,,
1791441149,GnsjGzaJAGH2kwpwdh7S7DQzne22937Xi58ZHsYEN4uK,BORN,4xKtoPrp7gEjw7sM3goagSL5j5CvyjRhCjVX4Qusz49Q,meteora,1790882204,0.00005976,18919.97,59769,59769,138.97,760.38,2633.73,6331.99,2,0,8,3,21,11,60,42,1.04,3.92,-3.31,3.64,0,1,2,1,DYN2,,,,,,,,,,
1791441143,6bQ4MCnJ5rab9pDGR43hbTCf1GabYEVmCP2oLyexSmvC,FIX6900,4qbokk9tDkinqANgHGMw1vHD73MuwCuSLeJfGjjHpLgw,pumpswap,1790892426,0.000005514,6118.4,5423,5423,0,8.5,14.05,118.88,0,0,0,3,0,6,3,21,,-0.32,-3.9,-10.44,0,0,1,1,,,,,,,,,,,
1791441141,11mwXYNHsK5orsvHokxsYgRbpo145k6SbXTYYkYpump,AMC,Ar2LBpMRpwJE8uqgBpytWVrhiyXAQFkxFmrewxZzh96u,pumpswap,1790890433,0.000002815,3046.73,2775,2775,0,2.44,48.05,313.57,0,0,2,2,65,47,291,145,,0.87,0.63,11.51,0,1,1,1,,,,,,,,,,,
1791441143,6iGkDwTZKgG7f4pEyhnE7xU293rjpxGejSQkMWYjpump,STONKTOK,BCSe3Sed87cjNYezchkkAM5XXAtqMTv4wETeh1ZriQo4,pumpswap,1790892937,0.000002368,2502.66,2302,2302,0,0,0,20.44,0,0,0,0,0,0,1,3,,,,-3.18,0,0,0,1,,,,,,,,,,,
1791441147,DRG67aZrzfeSjTa2YfFZvcioYEALwBFt4rgQckiPui8T,Play,8JTFWsXE34YY57fh7YdoEpGXC6CGKM3zDonvrJd2uAxK,pumpswap,1790896722,0.00001188,7842.51,11317,11317,0,133.56,1781.15,10970.05,0,0,0,2,27,26,204,166,,-5.07,-17.94,21.3,0,0,2,1,,,,,,,,,,,
1791441144,7VertkgF9KLhxxJXHX6uaWuoYZTP9LdGj2bWmVXVpump,Agency,CyJwKnLiiY4fmiwqMCSWFSHxo7T9Ubshgs2uRAuJCrk5,pumpswap,1790894555,0.005278,345784.7,5054713,5054713,1843.77,27440.24,259441.22,2235071.55,13,4,93,47,981,694,6900,6621,0.67,0.49,-9.08,-19.26,0,1,1,1,,,,,,,,,,,
1791441145,8r5faMhtYbc7gp411LQt9oqzQybRfy6LG2FJauTsfnKg,ORBIT,57sSkdadcLBdbgn5gZr4LAgctgyzAh3B6yDf9Zdappai,meteora,1790966306,0.000004348,6274.71,4121,4121,187.67,188.33,228.49,1045.81,0,1,0,2,2,5,22,45,-6.15,-6.64,-8.33,-21.05,0,1,2,1,DYN2,,,,,,,,,,
1791441149,HkHsPkvv6Ccv5t5y295cG5QAYSuazEaFS4YSyUFZpump,BROKE,2MowcSAPsumAC5u6cbo17SwVzrTvCcuvvkRRsTibE1zt,pumpswap,1790895724,0.000002714,2746.58,2593,2593,0,0.1,14.71,62.7,0,0,0,1,10,9,42,33,,-0.83,-1.99,-1.16,0,1,2,1,,,,,,,,,,,
1791441149,GxPPN2V3bLdQJn3vDuqCfJQ9PjqqRdKVUxBTx5Cepump,MICRO,87vrzRCHU336KiD2ft46YeiV8CCFoc7Zs1zpY5VBAmNE,pumpswap,1790895289,0.000003011,3568.01,2939,2939,0,0,0.14,0.18,0,0,0,0,0,1,0,2,,,0.27,0.27,0,1,1,1,,,,,,,,,,,
1791441147,ERxLYPjqeFfLsnChuPnvS6f3y5Me8BjgJi9oWaTJpump,e/acc,ADd8YiSXcRn6kL6t8LsSyiCQTWyWJtLFy5R7gzANZoqK,pumpswap,1790894548,0.000002637,2971.89,2591,2591,0,0,6.92,220.81,0,0,0,0,5,3,58,44,,,-0.62,-10.56,0,1,1,1,,,,,,,,,,,
1791441141,2GU7xJt4M5djAC7az3jzpFr5ApBTJK2e3LWXKrNypump,MICROCHIMPS,3RbHzMCHM1bSxddHKMMmZfG3VJrhBFYFNvDmsQCULMcR,pumpswap,1790895121,0.000006407,5250.34,6100,6100,0,0,83.06,205.16,0,0,0,0,0,1,0,4,,,-5.54,-11.12,0,1,1,1,,,,,,,,,,,
1791441142,3TtCNtvNLPTe21RnA8WbC2QRUYCABDZEqdLRPeErpump,WANT,rntGzi9ph9Sd2LbpjQ5RCEvbb7nsXp13kS8jfWSHwoW,pumpswap,1790897715,0.000003111,3086.03,3000,3000,1.94,6.6,61.2,422.72,0,1,1,2,61,40,303,163,-0.3,-0.21,-1.61,11.02,0,0,1,1,,,,,,,,,,,
1791441143,6d82cCtC1LktWWgjUz5h3vMenFj5EDHLMBFvcpmvrRi,shoggoth,8RdbS9dStwL1HK4tVzkgwG84TmREU947BRBXf6fQRJus,pumpswap,1790895893,0.00002003,13097.22,16374,16374,362.03,391.13,8649.67,17732.19,3,3,5,3,64,60,145,130,-8.31,-6.04,-27.68,-40.12,0,1,1,1,,,,,,,,,,,
1791441145,9Y4afMW81vqd26i1c9vX3SEbaYMbtPifFRCYHqVUpump,LUCAS,2mFrDNHUqpqdj5Ndrp4gU92pquBZWUJH8R81YLLg2q4S,pumpswap,1790901969,0.000003027,2958.12,2901,2901,0,0,80.46,430.29,0,0,0,0,80,49,347,188,,,-1.07,10.97,0,0,2,1,,,,,,,,,,,
1791441143,5zxzU6duesnfLdtAQ4kJPrcPkiFHz3PcbkmZ5QQm5QgN,RAMCAT,69Fypsx4NbpNRQppMpGAKQZ8tSjhwjRZ1BMrWXAuiZjo,raydium,1790897450,0.000009133,9993.01,9133,9133,0,25.62,1368.59,1909.44,0,0,1,1,5,18,14,33,,-0.65,-29.69,-34.12,0,0,1,1,CPMM,,,,,,,,,,
1791441147,EFtMJryTCBdDcc7MS1wnsW41wD6edXcvLkUvH3v1pump,SIP,4BkiAwwFf5Qqjm3ALL9dkLVsoWZsB1i8RamL6eJaiG91,pumpswap,1790900341,0.000003099,3317.73,3029,3029,0,0.34,2.62,46.82,0,0,1,0,4,2,34,19,,0.34,-1.25,-2.58,0,1,1,1,,,,,,,,,,,
1791441150,uPnLjPVtyJ359VMyEC6Kp1suDix79KSh1JzZvPhpump,SLABS,5Mfcy6h2ex3zivnD4fb7faLqMmvg2T4GE8nxBSJhXsgq,pumpswap,1790898399,0.000005145,5309.96,5012,5012,0,0,0,47.55,0,0,0,0,0,0,1,0,,,,,0,1,1,1,,,,,,,,,,,
1791441149,MN8iFkQt7Y93wmoxcrPdXkQRbWqXYjAYCXKRCmiNDEx,PUMP100,6gsEeFRaz6bDqfbm8Ct1vMcihGvG3YZwJLP2NsU2DGcw,pumpswap,1790900056,0.000002772,2905,2718,2718,0,0,0,39.49,0,0,0,0,0,0,0,3,,,,-2.71,0,1,0,1,,,,,,,,,,,
1791441141,2bN51Rmq9bxXoafZMP6m26HfiEB8uqxdD4SpuyPCCASH,CASH,HiNZvNqK9LKvCfFpJyg1sVEFKN2FiQsQrNsohdseQpnY,pumpswap,1790899759,0.000002737,2851.09,2673,2673,0,0,0.66,24.74,0,0,0,0,0,1,1,6,,,-0.97,-2.25,0,1,1,1,,,,,,,,,,,
1791441143,6D7KHzQWUueMYUo7ERRo6M2y1ni4DEdar39r9jQj5nkk,RAM,BBSUrbytsQJYq6i3Vivk2sszqGxsJfo9ZEpHmPSzrVRL,raydium,1790898939,0.000003027,4928.42,3028,3028,0,144.07,290.88,470.67,0,0,0,1,2,3,3,5,,-10.5,-9.53,-14.64,0,0,1,1,CPMM,,,,,,,,,,
1791441150,f9t9ZtbmonrKiJP1GECP2HZoFM3sQrpPzs2pAqfpump,TRUMP,G4U559n8t9FnR7dRT2Mn2z1BbhnsJ3Hre6dCeaXc6nf4,pumpswap,1790889206,0.000004803,4807.3,4736,4736,0,0,0,74.96,0,0,0,0,0,0,1,15,,,,-4.84,0,0,1,1,,,,,,,,,,,
1791441146,BZFYNPeQAEW3HWQ4DNsTVahC1n4ZjTgn6jB2nnBbB96W,SAPLING,6ejg4aYJM3Mk1t2zBKjbJ43df3s7rBMpC9mgo526K51G,pumpswap,1790372353,0.001827,200486.66,1459308,1442572,0,10522.15,104980.58,232437.04,0,0,39,21,356,246,763,567,,-7.41,-27.63,-47.36,0,1,2,1,,,,,,,,,,,
1791441148,Eqj36zHPTboNDYfX24sXvWf9e1wqY7kr823hbSY1pump,CUH,ADAta1RwnJaojRtsSVmN8CF8UFU23fmNdzbsxR1rzBoi,pumpswap,1790981197,0.00002078,12008.7,19759,19759,0,125.66,601.01,5779.94,0,0,0,3,2,9,51,49,,-3.95,-5.38,-23.84,0,1,1,1,,,,,,,,,,,
1791441149,GyTy9NX22wdrSeWUvSrZTKGntNLSrFDrXLb2Hxaw7Gqc,INU,LqEhQYvbSjhqnu4UTp1rYSQV4he2zkoWzGRnBKS23WE,pumpswap,1790901811,0.000005694,5373.43,5460,5460,0,0,438.77,1473.57,0,0,0,0,0,3,2,24,,,-20.08,-40.97,0,0,1,1,,,,,,,,,,,
1791441144,7cSPCV6Sadhcuk8zBa7o7mu2ny4ccmXB8XU6HcqPcSqY,PI,FsyQ9Zj14C4RScWDYpHGCidhRZo3PVcNqR5bmunGxWnb,pumpswap,1790903973,0.000005379,4966.5,5246,5246,0,65.22,113.46,1935.89,0,0,0,1,0,2,9,19,,-9.72,-10.55,-46.9,0,0,1,1,,,,,,,,,,,
1791441145,AZ9NHodnyb6wPYian1Fd9HF1mfvPNkJEecExVT1Sevjg,SHINU,7JMq5DC6G3LrBFWSwe8nDvWALPrz7bn2VZUD7owLZXwU,pumpswap,1790902472,0.0001517,41242.99,144092,144092,0,2925.87,42260.04,93161.35,0,0,9,18,190,128,516,391,,-18.77,-3.1,-29.32,0,1,1,1,,,,,,,,,,,
1791441145,9Vke8MJboctWv8N922NJXhcoZpC4xy5TSH5SQEopxR8x,BREAD,3XcumiHFARp6EBvd4rZNvyErViFTweBjysh2xFVPiXyB,meteoradbc,1790903631,0.000007358,,7025.53,7025.53,0,0,205.18,264.38,0,0,0,0,1,3,5,20,,,-8.18,-11.02,0,0,0,1,,,,,,,,,,,
1791441144,8jjRE5D2pUnEF6U2dYkL2n1Nw4Lwn6sQY7QpZkqUjhXX,JUBJUB,8SCfVT1p5MzC352e68t5CUgybYwKtat2jjKidNtjahxM,pumpswap,1790903969,0.000004705,4369,4419,4419,0,160.48,160.48,1193.88,0,0,0,1,0,1,4,18,,-10.29,-10.29,-38.34,0,0,0,1,,,,,,,,,,,
1791441149,J98BvxSNtzCKsPaporUaAVmEB3wkpnKWeYo7EtmHpump,Cateoween,71gc5XdBJUGNHtijM5otMWnn3vi2FMfan6g55FoJku1T,pumpswap,1790909433,0.000002718,2686.93,2607,2607,0,0,26.98,57.16,0,0,0,0,0,2,2,7,,,-1.88,-4.95,0,1,1,1,,,,,,,,,,,
1791441149,J9SjRyY24ZNPgbQUQYQSv43i2QgVrNYek4scbFgSpump,MEME500,8TKphAhrgz9EMG29Vepk1rAkDJfW69UFe4Yb1xadBhnR,pumpswap,1790904879,0.000002612,2677.94,2538,2538,0,0,0,22.09,0,0,0,0,0,0,0,1,,,,,0,1,1,1,,,,,,,,,,,
1791441145,9auxxjpRQFcKyteHhAESosvvqwyPJPCQJwbAddkfpump,mote,DWpn2uNs1NwMujAASPpw5eP4ZQLmc8gjZYFSz5FCH9Sn,pumpswap,1790905261,0.000002894,2899.08,2620,2620,0,0,0.13,4.5,0,0,0,0,0,3,3,6,,,-0.98,-1.84,0,1,1,1,,,,,,,,,,,
1791441144,7cYaQc21w9dzKkGP6LgkqtmL5yzoK5UJE1GeamTRHwny,test,DZrcUWZy7WfKx1ktcJpaSNRWLgUFB8T5Hk7quj8coDNV,pumpswap,1790905861,0.000005299,5614.31,4960,4960,0,189.65,238.83,1439.91,0,0,0,1,4,5,14,31,,-6.23,-4.49,-28.85,0,1,1,1,,,,,,,,,,,
1791441146,CRwv4LBK1gX1NeeGWjtuN7X9RTPk3MaAiKk6gYnggWej,kimchi,DvNE6wWTQD9GnjvqKFRD12dktn9ywJXb9PneKVX5NNpq,pumpswap,1790907582,0.000003924,3745.6,3794,3794,0,0,1963.67,6411.92,0,0,0,0,23,24,74,70,,,-2.78,-26.64,0,1,1,1,,,,,,,,,,,
1791441148,FgssigTgpp1EAZaAvmFJDQ8mXEatZZ6CNvmGg7Sppump,Jesus,EbAuPetBjCk3oXQhrDM89WvijUeRjPrrTpmQMphGh51p,pumpswap,1790908973,0.000003025,2956.25,2890,2890,0,0,97.82,493.53,0,0,0,0,0,3,1,11,,,-8.78,-29.32,0,0,1,1,,,,,,,,,,,
1791441146,CnbDp3n7CoqXZ5hci1JDd9gy2bz5BWfnC1WHAR7eQtXa,LUCY,D7rGSYc4j12ZFDqUQon9uMs8ZN2LFQ85Nb6k8Wx9pT5q,pumpswap,1790908606,0.000003368,3889.55,3335,3335,0,0,7.64,52.27,0,0,0,0,1,2,1,7,,,-0.26,-4.19,0,1,1,1,,,,,,,,,,,
1791441147,EMggcycbSGJt1NncfchSWCTrtE7tCnrnka52c8X5pump,MSI,9JE8rpzsYVNXTK4GKBf4vCBhp6rj2kmqY8azr3gUURcY,pumpswap,1790910067,0.000003095,3136.57,3079,3079,0,0,198.67,232.96,0,0,0,0,3,0,3,1,,,12.04,12.04,0,1,1,1,,,,,,,,,,,
1791441148,GM91Lx9NT6WWVhyUprhx8mxt9Kq6PEQ1VeFkKCa4pump,Rapecoin,5gb5agNsg4FiWNe5Ns2bA65yoxzUCd6YBFkB9xSpxCGN,pumpswap,1790909923,0.000002783,2790.41,2611,2611,0,0,0,15.94,0,0,0,0,0,0,1,2,,,,0.34,0,0,1,1,,,,,,,,,,,
1791441143,6qs8xGPpmyHnW7LpySq9iCs36kT7utFBt8mwM1ATpump,BlackHoles,GEShq9LZ2yyatWVmZvRD1jQYFMhQSfhVyCFztqA8m5ie,pumpswap,1790908409,0.000003175,3760.61,3078,3078,0,0,10.54,73.28,0,0,0,0,12,5,59,33,,,-0.23,0.71,0,1,1,1,,,,,,,,,,,
1791441145,Aaan4fxwhKtUUPg2GSKq6natLV9oj9QQNf5xT4UE2gXr,BOT,CyivxGzjZGormKXFvzKKe8CL3DbfM8a6Uso6sBHz8Z5L,pumpswap,1790912617,0.000003638,3733.51,3517,3517,0,0,0.16,5.89,0,0,0,0,0,1,1,5,,,0.28,-1.8,0,1,1,1,,,,,,,,,,,
1791441147,DyrjPqqqTdcqg6NCuRDpMtoE9knDdPbRtXhghgPXnPw8,MODEL,48VCc7v35W4knRvMRa7HPtEtX6wsBN5Q7JPyBfgCXHaM,pumpswap,1790907131,0.00009063,25818.9,89200,89200,0,72.56,1048.07,15106.33,0,0,0,1,3,10,84,79,,-1.72,-5.42,-15.54,0,1,1,1,,,,,,,,,,,
1791441148,GAwhcphCqCv5bKHmCiN4VDdNWfbXJL4npmkc8L3Q9S9H,www,Cr469Kh7oCPtQk5YADEmjVpBWx1DiXXLiooPFJn23jsg,pumpswap,1790911442,0.0001147,45022.96,113892,113892,53.54,1876.89,33595.26,198805.27,0,1,15,25,313,253,1642,1404,-1.76,-4.98,-19.13,-48.61,0,1,1,1,,,,,,,,,,,
1791441149,HFmqDN4HYT2Z1fA4ZCpa8JQbPqbwexZdkk6a8Y9gcKnW,https,2PbGERvZC1CRHTd7GfRKVHRGAYQ1eLzXSgFoko1CUbmK,pumpswap,1790914245,0.000003136,3221.32,2985,2985,0,0,0,13.39,0,0,0,0,0,0,1,5,,,,-1.97,0,1,0,1,,,,,,,,,,,
1791441144,8BJu7kgjRtPKsreF6n5yrSttU2pufYAPJSWmaY8Jdare,DARE,DwA5aMK41HjjRpYS8AXpTqdCewdpWLsjijsuDn4Ks7X3,raydium,1790913391,0.00005252,24242.71,52529,52529,0,0,161.73,385.72,0,0,0,0,1,4,12,18,,,-0.97,1.55,0,1,1,1,CPMM,,,,,,,,,,
1791441146,CNohWHNTurS7PpB55czspwUJfpk9yy92uf1wXdweEGg9,CATGPT,3hSL3G9q4ZYZWLgyQVX2TCVM6hS2izKcDuweHTPzZgfV,pumpswap,1790914072,0.00001583,12752.15,15398,15398,0,20.66,774.03,4427.55,0,0,0,4,14,22,67,94,,-0.89,2.66,-31.21,0,1,1,1,,,,,,,,,,,
1791441143,6tpfCENhKozjtambBEecWoV1V6trzqNgi1AQHkTqpump,KEN,GhLLUkrj13WU8yPiA8argBUb6xk2ucBoRCRoVDfeuPr5,pumpswap,1790910654,0.000003171,3189.35,3049,3049,0,0,0,199.63,0,0,0,0,0,0,0,3,,,,-11.35,0,0,2,1,,,,,,,,,,,
1791441142,4LjJL18pN6oMxr6Z6bMUxXy7K5CbbZTjrQ5UsSjjpiNn,www,WXNCv7a7qxZ1Thd6Jrg2Ap62AFmGJsFNbmZyrB4MijW,pumpswap,1790915608,0.000002947,2908.33,2746,2746,0,0,137.54,233.14,0,0,0,0,0,2,0,4,,,-11.08,-14.31,0,1,1,1,,,,,,,,,,,
1791441144,8LmWjjAh6ujYTcXeMFh6FkT7nn6CDeEwYucMdaxgYn6s,BLACKCAT,C26dqPnGSFQNhuRJ6u768KvDyenkRk7wmAzRNGtF6pLs,pumpswap,1790904690,0.00003565,15996.6,34371,34371,0,571.65,7937.33,61684.92,0,0,9,4,71,51,484,285,,3.55,-23.46,-60.87,0,1,1,1,,,,,,,,,,,
1791441142,46doJPsSjEVMsNZm4b32UbbvbUXjFTM3TDPBWMM3pump,Cadence,4TjiqZQoCtTNtmDqqmEV2SPoeGZipueRFyRamnFXV9su,pumpswap,1790649631,0.0001437,37749.33,138802,138802,98.23,3202.36,18184.9,145507.35,1,0,31,18,129,132,905,867,1.85,-15.74,-14.09,-43.54,0,3,2,1,,,,,,,,,,,
1791441144,8nnaeWCw8mUypcGAgbmSuzAT85uWx4UN12adDrMhXrGF,HOTBOT,GLL3CzybpSCLZdoACf8QUM5YrKVwyA65kQ2RcTsJxxzV,pumpswap,1790920030,0.001600,144710.09,1540610,1540610,591.25,9233.99,77724.45,933380.65,1,4,77,61,507,565,4958,5144,-2.66,-0.37,3.76,-24.72,0,1,1,1,,,,,,,,,,,
1791441150,qTyZGgDKVH1fZNhBAnGcUgtyVbVrWZ3uNeuCgJ4pump,GOIF,ANcPJyoPyos5hoGioj6UvkzA4RpU5FRNTb626xSMX6dB,pumpswap,1790851267,0.000008115,6235.58,8116,8116,0,0,9.58,377.4,0,0,0,0,1,1,2,5,,,-0.51,-16.96,0,0,0,1,,,,,,,,,,,
1791441149,GhAP9Tb8RADFhxpAbyz96VFG8vGUzhMaPLMa38DvQFn2,Giko,BuKG2ytP83oWiSdHF1YjKmHWZEHWXLbxyQjPHRTiUwyP,pumpswap,1790918950,0.000003110,3293.08,3011,3011,0,0.93,1.08,20.91,0,0,0,1,0,2,0,4,,-1.24,-0.98,-4.07,0,0,0,1,,,,,,,,,,,
1791441143,5hpck3FaHXqhQnL4RwwdaNQFeBka6CpoVBxT1dWupump,IRL3,EKF533bniHb623Ki8wRftvzjHzFisSNHvFGAi5vcShaM,pumpswap,1790922051,0.00003566,15760.94,31498,31498,0,58.99,1590.14,6818.02,0,0,2,2,10,14,68,81,,-1.09,-19.46,-26.62,0,1,2,1,,,,,,,,,,,
1791441144,7iWG1K47CGCykTNUU4XXkYctnv1X7Qd8RAq6KnDMpump,SS,DtBmpRSAjL3bRbDbVwBuHGiUNyqQvjY8Y1jxgudFuUFQ,pumpswap,1790919986,0.000003079,3234.16,2969,2969,0,1.79,96.41,529.34,0,0,2,1,105,61,435,227,,0.21,0.14,15.65,0,1,1,1,,,,,,,,,,,
1791441145,A72fsJX64cS5KxeuCcj3w2xoSa2hSYLzGg3wSw1epump,MOMO,B3p81rEhALWSen2kpGhPiFb676YsxeCSk7GvzhkXMuJH,pumpswap,1790925240,0.000002509,2495.16,2350,2350,0,0,0,24.82,0,0,0,0,0,0,0,1,,,,,0,1,1,1,,,,,,,,,,,
1791441147,DSmp1qi6fAGn9Xj4cztBi8B1UJUBoiADn7QPhfEnsFq6,Anon,891v3RKdbE5yj5XDbtvxW71PSm6gFfC2aa8fbGb4XPLa,pumpswap,1790921757,0.000006991,6381.7,6824,6824,0,0,67.51,380.28,0,0,0,0,2,6,16,22,,,-2.5,6.97,0,0,1,1,,,,,,,,,,,
1791441148,G6VTWhrErdU59EaGFpiy3vugSG1UUjrDuaYZ33Kjpump,HER,82ciFLVwfzFzuqbwgVqH9qntUL4QPzNtdC9iRHLvgMdQ,pumpswap,1790923233,0.000003292,3706.91,3132,3132,0,0,46.69,51.72,0,0,0,0,0,3,0,7,,,-2.63,-5.09,0,1,1,1,,,,,,,,,,,
1791441144,8XeBzEqjBpgZWCdY5WqNiN8j3qbx5WyojSAGTFHTvfui,DIT,F22ZrHKGjkkhq3ZrA6Gz3g1rKVqbfos9tPTeBh54yukF,pumpswap,1790926340,0.000002961,3007.05,2854,2854,0,0,94.88,115.29,0,0,0,0,0,1,0,6,,,-3.47,-6.27,0,1,1,1,,,,,,,,,,,
1791441145,9F4BvHppzdwXS1j6JgUQrfu8c5F9K7CQixtqRUk4pump,UPFILL,3frV9zVqf3Gas7gGneQ37M11XQXaLj1xDqazPKMuhht8,pumpswap,1790927092,0.000002494,2504.39,2356,2356,0,0,0,120.38,0,0,0,0,0,0,1,2,,,,-6.75,0,0,0,1,,,,,,,,,,,
1791441149,HRhf8umQ5rqxCSD7QrQeeTdoNrLg987wQDTDArj8pump,fkaAI,5f4vR2YC2dAfnadZBrnEp5yCvcV2YjK5tHXvWohdSqfh,pumpswap,1790931323,0.000002945,2920.08,2846,2846,0,0,0,8.85,0,0,0,0,0,0,0,4,,,,-2.55,0,0,1,1,,,,,,,,,,,
1791441149,JERpqiXG9wLuWcbSi51uaqjYzTDd6Tj9VGgpAgik6EW,Netizen,4LykWqvVpE1LmSSYN585EFewvkgFPePnWGojopWsUXPp,pumpswap,1790920802,0.000002543,2546.33,2438,2438,0,0,0,146.88,0,0,0,0,0,0,0,3,,,,-9.64,0,2,1,1,,,,,,,,,,,
1791441147,ERu7vbTVrsevpuMoYmSk2zqBPrhHxU9itTc7FrKftTwr,AGI,Br9htS6a8u5YGxkeE8oc41ZbH89mVMHWgx69XfCWsR3F,pumpswap,1790928823,0.000002695,2816.36,2600,2600,0,0,4.21,13.24,0,0,0,0,1,1,2,3,,,-0.01,-2.33,0,0,0,1,,,,,,,,,,,
1791441145,9p9Dzwcsv1P3jMeMPqZTC3ywqgL45qL2R2VkCrfHMsby,SGI,8a96pMnpVyKF5NSyDvbeu2RBSpspSVu4ozfygVAwzWfp,pumpswap,1790928175,0.000003050,3193.56,2968,2968,0,0,4.56,45.01,0,0,0,0,2,0,3,1,,,1.84,2.04,0,0,0,1,,,,,,,,,,,
1791441150,c17N1z7KdUGeUSYyAzxXPYvBT97B29Jm55xfc4N3YaW,JENNYNARRA,7cd4ggjDxn9c81jA5Ba79ChbgCvqvLchg3uGZEi6Q83P,pumpswap,1790932155,0.000003096,3046.61,2986,2986,0,0,0,135.7,0,0,0,0,0,0,4,6,,,,-9.03,0,1,1,1,,,,,,,,,,,
1791441143,68RUKJSkhT7Z9itn2tUhCzR7t2pbBahqjgG8qbkB5Dux,SGI,Dj5LNTFFCFPEHyA5sFEJgQ8Lrs3z2pHc4ZwLmVYDZD3D,pumpswap,1790929727,0.000005757,6087.84,5611,5611,0,0,211.37,531.27,0,0,0,0,0,3,4,17,,,-6.15,-15.39,0,0,0,1,,,,,,,,,,,
1791441148,F1xCLUZhi9qH7m3iPvqzUAwFSmindzZwkQrxDSdFiZSS,GTAVI,H51jQhaAhHhi3qBXZZrTSvhQo55gdmA6wZ6jPnkfccRd,pumpswap,1790931614,0.000002591,2584.08,2433,2433,0,0,0,0.83,0,0,0,0,0,0,0,1,,,,,0,1,1,1,,,,,,,,,,,
1791441141,2shsT2KMGVsF3LURpkgzf3GucFizCwsmkF9DUeWgpump,RAPE,HswiXqTeriop4NjQehufHVe5vfUEakpzccS76DJAvn2Y,pumpswap,1790934445,0.00004622,19601.17,44341,44341,0,0,152.56,4209.7,0,0,0,0,3,0,16,23,,,2.69,-16.17,0,1,0,1,,,,,,,,,,,
1791441145,8tyaSHgK5HEi42qHvUwpWKE9t4NCyGxutLV8hACameta,AUTONOM,68u1a7fh9hdy2d3MmujMGrkSdZx3Vqq19Q5M4qRMXCU7,pumpswap,1790934861,0.000004314,4172.66,4088,4088,0,0,0,17.95,0,0,0,0,0,0,2,4,,,,-0.77,0,1,0,1,,,,,,,,,,,
1791441148,EpzFGJXtXtabZnVzM8WFeXvgRFrWSQwGZvpgVJH1EuAZ,Library,CAzLDRhe6v8taMbrqCrqgtdPhbrjHdoWrCE1hpoWRHrQ,pumpswap,1790934833,0.000009284,7105.6,8981,8981,0,0,17.01,1267.23,0,0,0,0,1,2,8,22,,,0.37,3.92,0,1,1,1,,,,,,,,,,,
1791441147,EFvdLptvhf8nG9rzzgtuVMguHvSKjLH5Gmt1bZp77kVA,SAM,GKfxKpbDJiCWyxfZoJbzgUrsisc7g5Krv9SxpfEWPMTv,pumpswap,1790935266,0.000003080,3320.11,2984,2984,0,0,0,0.92,0,0,0,0,0,0,0,1,,,,,0,0,0,1,,,,,,,,,,,
1791441144,7NELwkCyL2crujChTgtdKpR1jn2UHTe115v25rUSpump,OnionWeb,F5jQWstPUV7tfHDZPrHjg81ynev62VMV8qWMfgsnbDS2,pumpswap,1790937829,0.000003616,3701.91,3228,3228,0,0,0,10.9,0,0,0,0,0,0,0,16,,,,-1.75,0,1,1,1,,,,,,,,,,,
1791441143,5R7EZqAQxm3AzxSVgCMcBLxPdkQbsX5MEJBybGvCQocf,SISTERS,5f6FYEkyGvBMEcrbbvcETAR87n84fkg1AXaWVsuQqMoN,pumpswap,1790946274,0.00001976,10782.59,18680,18680,70.55,325.16,1661.59,26076.85,3,1,15,5,39,24,282,223,1.89,8.42,1.35,94.6,0,1,1,1,,,,,,,,,,,
1791441143,5cvUXei9SCWo5vjKnTarVWbQMAFhKMSZcRje54izpump,LANK,8CV5MLyQ8wYGVBuos93xWhwNvYJ7BnXCzj529CGY49kZ,pumpswap,1790873967,0.00002428,12057.94,23528,23528,0,0,419.8,1405.88,0,0,0,0,1,9,13,26,,,-9.77,-15.47,0,2,3,1,,,,,,,,,,,
1791441141,2y4XLBAdpD1bnf38KXLdBQvCUp7E6GWaf3ooSMMJf5Cw,MEOW,7ZFqw3eomCjXpAYVFv4amhwaCPGDkwuCZjwk3XqE41Eb,pumpswap,1790941605,0.000002877,2936.1,2797,2797,0,0,0,54.6,0,0,0,0,0,0,2,5,,,,-5.4,0,1,1,1,,,,,,,,,,,
1791441148,FFtp6pxteF52PX3gryHrhQdxWze23Qzh7vC3kKzVpump,PUMPFOLIO,EGVugw6Fu1nHCxUkx4urwz5gfXzZyzHbmMdZ3PYhDd74,pumpswap,1790950201,0.000006834,5433.22,6514,6514,0,0.2,51.87,459.02,0,0,1,0,20,11,90,34,,-0.62,-1.69,17.92,0,1,1,1,,,,,,,,,,,
1791441149,JCsKWhELRJ8MhEZjUDdCL49mntw8fx27bKAgCMgSGhcQ,SAM,FSX1VaQ8kWRmrY8S5SpCxU94Q6WKUWRP1yJkUS9GYwpK,pumpswap,1790944284,0.0001841,44922.29,158458,158458,189.62,5281.17,47064.51,233428.27,2,0,39,29,458,293,1571,1277,1.17,-2.25,-25.76,-9.26,0,1,2,1,,,,,,,,,,,
1791441148,FESndbiwyTH1i1itf3FxV9HCKFNy5U9RnFp8ER8nwPgC,CATGPT,Gp2ZMrbfbQBDYuwLdGV2rmdqUW1xs8ogudtnSMi6Ede2,pumpswap,1790916727,0.00001747,10842.37,14481,14481,0,0,7118.95,9826.56,0,0,0,0,27,31,45,56,,,60.63,28.14,0,1,0,1,,,,,,,,,,,
1791441150,XLBLxbY1Mr7aadnqAbmqSBXLEyUdjvUXtXCnz8Mpump,SOCKET,BA2YYZ4YUKsMCMDGpqrV5FQiotGnyKrc571pFhc66Gje,pumpswap,1790942605,0.00001182,10074.74,11543,11543,0,103.56,358.33,4986.31,0,0,1,3,15,16,92,99,,-2.02,-2,-45.04,0,1,1,1,,,,,,,,,,,
1791441145,AJPertGGMDmM75fb6jiB8MPfFu61ouLDtW6UBvf3pump,BRUME,H7pt7KK8pB8xHwpF9DHrgdZsZb6yBjZHhGiUkigyaXwZ,pumpswap,1790942221,0.000005425,5067.48,5302,5302,0,0,209.51,2600.89,0,0,0,0,1,2,19,15,,,-10.38,1.04,0,1,1,1,,,,,,,,,,,
1791441150,jSC3hfcrTcxQzRQ3DhbhQvjB86z8ubFY5N6BsGw38pu,TED,9o8T7xsGspSEirqinPiiDhX5dB57pTV7kmevxPzWsPdZ,pumpswap,1790943519,0.000002779,2748.74,2645,2645,0,0,0,0.51,0,0,0,0,0,0,0,1,,,,,0,1,1,1,,,,,,,,,,,
1791441148,G7k8YPnJL6jKmA1H5Pt9sPLXhcd6YXjexHgmRQ4zpump,TOKEN2049,8E1Zcg4VqnNetv4Pp6fVyYRFbDqUj3RueCcSyJM8sSSX,pumpswap,1790943935,0.000002944,3113.98,2895,2895,0,0,0,2.71,0,0,0,0,0,0,2,1,,,,-1.59,0,0,0,1,,,,,,,,,,,
1791441142,4QqY2xeyStveGr2sAgTPUYH6Jf7xEjZjf5ygkieKpump,DIEWORK,G1ruGEadUBHVNDUqh3HSbKRMPz1ZEPgucLajS95yxHyp,pumpswap,1790943726,0.000002345,2393.14,2276,2276,0,0,0,12.55,0,0,0,0,0,0,2,8,,,,-0.39,0,0,0,1,,,,,,,,,,,
1791441148,FtPgCJkZhb7RLVpU5ysH2UPTFwtRYb3EriABP1EHpump,Morrow,8wxUZ8MfPkg6d48Y5nB3nAvpUi9H3MCvSKCHQJGN1yK5,pumpswap,1790946357,0.000003293,3219.53,3176,3176,0,0,0,7.97,0,0,0,0,0,0,1,3,,,,-3.29,0,1,2,1,,,,,,,,,,,
1791441147,DDGPxc1kb2EFV5zmwznRQGkRdmmSuuHffths1NsEASY,CNDT,9CoLVPU5AtQagVnk3hp3Fr6KVNVYWVYhKBRThKeHEXQE,meteora,1790944850,0.000006509,7264.6,6509,6509,0,502.75,1171.77,7093.88,0,0,2,5,13,11,77,64,,-16.88,-13.25,-9.98,0,1,1,1,DYN2,,,,,,,,,,
1791441150,aimWi843dwsu8FpqoU8gWHcdNLBao3UDpiCpvTnpump,DOTF,ddLTDEafD1JS3VCya6Cgzx1pbQaQY17EJKxWj1cwVtb,pumpswap,1790947300,0.000002746,2732.16,2747,2747,0,0,0,0.23,0,0,0,0,0,0,1,1,,,,-1.79,0,0,0,1,,,,,,,,,,,
1791441144,8ke6hMvsqxoZWGcDWxuEQyUTC5Zc4mXhDsbBAsAaKUDJ,SITE,HiNyEgRxdWMuGwWmNEZKR6ivAhqk9uXgJacMN6VudAT9,raydium,1790947358,0.000002346,4507.02,2347,2347,0,0,0,2.33,0,0,0,0,0,0,0,1,,,,,0,0,0,1,CPMM,,,,,,,,,,
1791441142,3x2NqY94bxePELsKqF3yn94iRSk8NvPd7MndeV1ypump,HUMAN,GcWjNuxysNJGb3kgZ46UmsjVSwuPNF6PwkEJNi81AL22,pumpswap,1790945949,0.000003534,3695.78,3423,3423,0,0,7.32,924.95,0,0,0,0,0,3,8,17,,,-0.58,-3.26,0,0,2,1,,,,,,,,,,,
1791441147,DNSnAA99jrVUCg4GvL6LEVfFHBnGpnWA2k3CkRvZpump,WISP,Eba8gxzeDrXpo6ZtMK18sSpTuwF9KUWxPy6EXFB7ERAq,pumpswap,1790947339,0.000002692,2998.67,2606,2606,0,0,0.09,0.33,0,0,0,0,1,1,3,2,,,-13.54,-2.36,0,1,1,1,,,,,,,,,,,
1791441145,9JTmrmD2CAtFknRvQR3td3UYSpcSRL21xngjtLnNpump,GIGACHAD,3DdEqdhu1va8yydqbUyKYoVVmn4dznnMZPpa65Gxq7fT,pumpswap,1790951090,0.000002615,2666.87,2475,2475,0,0,11.92,24.36,0,0,0,0,0,1,0,4,,,-1.97,-4.24,0,0,1,1,,,,,,,,,,,
1791441143,7CTRbkV1tVuq1f59pRxT1Pb2W5AHG4gM9FMH4rGzKiXv,si.gov,AZuZuTjHimKR4ouHwrZr4Aeq7acALBmopkvpCxyBJNRc,raydium,1790949949,0.0003866,45077.91,386638,386638,0,466.55,23723.14,108217.55,0,0,16,3,137,116,558,544,,1.54,17.23,34.83,0,0,1,1,CPMM,,,,,,,,,,
1791441142,3st8R9eftjF5GnuhaeeMNGSKMFQbBxFpKg1ZrKh9tBaV,MIND,5rRthU5Ns2eR92ocvCKnpwG6P36c8RM9KEnL8d1gcVwT,pumpswap,1790944149,0.000004815,4369.61,4600,4600,0,28.44,52.17,1308.92,0,0,1,0,2,0,14,32,,2.04,-2.09,-18.95,0,1,1,1,,,,,,,,,,,
1791441149,HvRdz7YWW1ksGU9gAH4TzfHccjAoajXg2Rp4GXhsdMCS,AI,HMA4mobg9tRvT1tQvgkv2EGXRBFCkx1Huje4DPhN6pGQ,pumpswap,1790951795,0.000003121,3376.01,3061,3061,0,3.45,3.93,259.57,0,0,1,3,5,4,6,17,,-1.86,-0.94,-16.65,0,1,1,1,,,,,,,,,,,
1791441145,Am6SB1xhuwyv6hENfR2uHj2fvKeo87KN8vVw28RcrmEa,Cassie,CeRmxAsiigonctygud7ict1dunHKrd3ztXfmTdQX9ZTz,pumpswap,1790954777,0.000004048,4379.9,3958,3958,0,0,0.42,29.35,0,0,0,0,0,3,3,12,,,-0.44,-4.75,0,1,1,1,,,,,,,,,,,
1791441144,7oNqxLCwfggUUEfjHqg6KDwwnqYjfDC8L4emV6iMgHej,WIN,DXw6RTBzck1NG1CxHh3rpeYwHhaS3dJ8Yy1rD22h22N6,pumpswap,1790954213,0.000002692,2824.9,2608,2608,0,4.79,6.91,22.07,0,0,0,2,0,3,0,6,,-0.94,-1.39,-2.05,0,0,2,1,,,,,,,,,,,
1791441145,AsoVfPHWY5YHCpc4aMzUcMENVRaC9Rjje94BpkxcW2VE,BLOBBY,EEUaf7rxYuUa8L2BNV2k4T5ahLYHKxefkB17W73okjFW,pumpswap,1790953326,0.000004020,4110.22,3769,3769,0,0,0,2.17,0,0,0,0,0,0,0,2,,,,-0.55,0,1,1,1,,,,,,,,,,,
1791441144,7jL7HbPLV26jdwdhqmtxByUb6Ykshehq5GjjtmYtpump,SHILLR,4dREtLqXqb1jzEcsKkV8SapDGx6WJg4EveFKJwMyRD2S,pumpswap,1790953747,0.000002343,2347.22,2229,2229,0,0,0,9.96,0,0,0,0,0,0,1,2,,,,-2.08,0,1,1,1,,,,,,,,,,,
1791441148,FBtPrfHU7qZJjgtG5Ljj4gdxKxx4JiEKwAgHtM1py2eG,INUINDEX,BAvjCjU6GBuwYy4rtrj6u3qS7onCTfyubHUdPfpEc715,raydium,1790947769,0.000001818,3326.49,1818,1818,0,1.64,1.64,31.97,0,0,0,1,0,1,1,2,,-4.93,-4.93,-6.33,0,1,1,1,CPMM,,,,,,,,,,
1791441142,42UmhgRdQfuG5uFCjyvCpssNf5urVsT5UJqkgwaYgr1W,PULL,8ty8nNBc7wcw5YooP487rnirBzVGTLJkygRj52YFBXuL,meteora,1790953511,0.000003373,5272.35,3365,3365,0,9.77,19.55,180.57,0,0,1,0,2,0,5,6,,0.75,-0.69,-6.59,0,1,1,1,DYN2,,,,,,,,,,
1791441146,CiAszaNZULwaVAb1FdSWtKSvjVcHu9KcNCaBdt9cpump,ARTCOIN,HQdvkZCmYGqjYRizXt7TC1Zc4BA2hLWoEorkEDzM4CyF,pumpswap,1790952982,0.000006219,5085.36,5933,5933,0,735.86,1485.99,27243.42,0,0,4,12,17,15,186,161,,-10.94,-4.41,42.23,0,0,1,1,,,,,,,,,,,
1791441141,2AKrTTVNsxhHV2FLNBWUBv6W6Vq35VJMuiAhjsKjpump,ANON,FYKNaNKGfqR5RYSKcX56ijvYKADGekefnD9p5x97wFZ,pumpswap,1790952843,0.000002985,3759.65,2965,2965,0,0.08,10.17,72.92,0,0,1,0,14,7,58,36,,-0.88,0.43,0.37,0,1,1,1,,,,,,,,,,,
1791441148,F1xMp7RdfGRfmBWtwB9P1airCGQDAtLCuMo1e5d2f1hv,BLAST,9P5RGHagCMvyugeweimABfjiuEXGpyB2Qta2Agok5Ejk,pumpswap,1790955714,0.000002715,2839.83,2638,2638,0,0,0.05,22.77,0,0,0,0,0,1,2,5,,,-0.54,-1.34,0,0,0,1,,,,,,,,,,,
1791441143,6ujCFTQY3mzrtt5wmprFrgfA3nYyPGid3SNvmiiGt7x6,BULLWINKLE,GFW9GjQWFqRaQqUV7vKqkipSDUXhygSNyh832zTjJjwZ,pumpswap,1790957404,0.000003617,3586.97,3379,3379,0,26.85,26.85,758.92,0,0,0,2,0,2,7,9,,-2.57,-2.57,-3.28,0,0,1,1,,,,,,,,,,,
1791441143,5krNQZMsiM7qT9KhzettHKEamQDUxaPEP8jCpjdQpump,pumpcat,TSq71CzLbZmqBPdjKtwoNJtoUgbbZqUHUaydzhSGrxf,pumpswap,1790956509,0.000002312,2508.75,2277,2277,0,0,0,0.23,0,0,0,0,0,0,1,1,,,,-1.79,0,1,1,1,,,,,,,,,,,
1791441143,6fK5ohw22QHti86MQbcbty7rsW7xKTBjjjx7XZ7oe23V,Met100,7ZFtpHH2ByHTQHybumG4E3exKJ58sJ9mLTnZSoUqmjox,meteora,1790956763,0.000002295,4254.89,2295,2295,0,0,0,10.83,0,0,0,0,0,0,0,1,,,,,0,1,1,1,DYN2,,,,,,,,,,
1791441150,TEX8ns7HJ697ZXsXxP9uX7jv1VChGxmg7daZtzjUSpa,CORTEX,4N1ZPAmFAmwdP8kiThydSjVTW1dT6kU9HnSLaQTS5C9J,pumpswap,1790957025,0.000002684,2669.68,2561,2561,0,0,0,52.82,0,0,0,0,0,0,0,2,,,,-2.3,0,1,1,1,,,,,,,,,,,
1791441144,7keARBfdz79MdMTf3fZrswyvLgAs3Qi8JiRmy3u2pump,SR,AAh3sFjQVobLzSEReScwdAk3ahTucKUafQhgWsqGQBqq,pumpswap,1790956454,0.000003044,3366.86,2990,2990,0,1.26,80.64,446.04,0,0,1,2,88,56,343,195,,0.08,0.45,10.06,0,1,1,1,,,,,,,,,,,
1791441146,CxjdQW3ssu23fPwtJqMr7biVH1j7xwzUwb3vPTMhpump,GRANDPA,AiKu21Rg1aDzVsevCkZh7knuMparYKWGdCoRiygSew3k,pumpswap,1790970995,0.000003196,3075.7,3037,3037,0,0,0,198.83,0,0,0,0,0,0,0,7,,,,-14.56,0,0,2,1,,,,,,,,,,,
1791441143,6jZ7huKG82w1TrAkGAudCwBKz7LiWL4asVwBgyjCnTxh,Moose,BCk6C6pccmUSmzfopzkWRZ8CnY4cGFasutxaXcKKSUER,pumpswap,1790957224,0.000003257,3628.14,3166,3166,0,0,4.36,661.93,0,0,0,0,1,1,13,15,,,-0.04,2.42,0,0,1,1,,,,,,,,,,,
1791441149,GZw7LxHtQKSQ1YsGnpNH7SovnBF8X6poYgavHwrmRekp,MASKCAT,G7QKTr9Lr3pF44Kp6ALkW8sExiGDXbG2JaJtzRtUKK15,raydium,1790519021,0.0001055,29253.34,105583,105583,0,272.22,1785.24,13759.55,0,0,3,0,31,22,136,123,,0.27,-7.91,-32.16,0,1,1,1,CPMM,,,,,,,,,,
1791441146,B5bKnQXYr2NtkSY7PBVT5LnSx2fLgdrtPWYvjZKJAPAY,PAYPER,G5heXEUXLPXGZyNG7P6uyFz6upTZk3PRoQwrb73iSc3A,raydium,1790956848,0.00002341,24543.89,23418,23418,0,44.51,204.51,935.38,0,0,0,1,2,6,11,17,,-0.73,-2.65,-5.64,0,1,1,1,CPMM,1791441225,0,0,0,1,2,2,7,8,100.0
1791441144,8hqPzBRtRW7m9wqTDRzF4vfQpuLNk69rkh8DEzhrKwo4,BELL,G33iM8rJB7CEoea4SrV1cEnJiTViKWRWamY2KPsaQPor,meteora,1790954372,0.00002101,13287.04,19599,19599,0,92.5,984,5815.47,0,0,0,1,1,3,26,39,,-1.16,-22.58,-55.54,0,1,1,1,DYN2,1791441225,0,0,0,1,1,3,10,36,100.0
1791441148,G9p7h8bRUMFjZBDZ9Q8Sv3mQmDLJFiYPTLKrNzzFGn6B,MAZK,3c2L6XtjMuAFfT9qirHiYJg75VdqKaDyoE39pFRcETUG,raydium,1790956759,0.00004575,14749.89,45760,45760,59.81,561.2,728.89,4721.48,1,1,5,3,11,5,24,30,2.61,4.06,-4.91,-21.63,0,0,0,1,CPMM,1791441225,1,1,5,3,6,5,14,19,
1791441146,ChnjqZabVCTWYxU7YF6BbJxzZek2NKgmDNkGXSqKpump,$XALL,J68Se8nQB6dwWr8A4cyvhkHQUuVpmDHyYJuspN7qtKDP,pumpswap,1790959059,0.000002523,2669.43,2494,2494,0,0,0,8.31,0,0,0,0,0,0,0,2,,,,-1.47,0,0,1,1,,1791441225,0,0,0,0,0,0,0,2,100.0
1791441144,8dBnKHwNYH3hz2fFTJczVwzBTpJFAMtc53k3uA4zpump,FILLED,A8JMWc6ijm7dUUBFTgRcPG9hqGsN9gipKj39q1hbhQZk,pumpswap,1790958086,0.0002899,67613.97,281226,281226,6.08,916.89,13646.3,115844.25,1,0,9,5,84,59,502,476,-0.62,3.17,-11.18,8.3,0,2,1,1,,,,,,,,,,,
1791441141,2bs4mEZsUuNGkYeFsGuQ2YP8rTyNkqnwR3MerHZEGRSE,callinu,7RgF5HdMJydAV8s3FiCBVPEjkX9E3eaJbM2fuYFNx41Q,raydium,1790955960,0.000007035,8296.97,7035,7035,0,0,748.84,6537.37,0,0,0,0,7,12,41,62,,,-8.42,3.57,0,0,1,1,CPMM,1791441225,0,0,0,0,8,5,38,27,100.0
1791441145,APxxh2tWCh95tbHitFJchcdbMsctSBgRS2Zzju9Bpump,JUGS,G4ac6W2sJgqojixx27b9ioDa6hW6tGm9ZVRXHSZNjWzm,pumpswap,1790979223,0.0002670,44698.17,256225,256225,295.01,444.09,8655.83,12861.26,0,1,3,9,82,51,190,97,-1.67,-3,25,50.8,0,1,2,1,,1791441225,0,1,2,6,42,38,77,62,100.0
1791441148,FHdxi5H9gvfA5Dp56M8nWC9jruDtcPKT3sg7wmongHPo,Bili,7nV7yWsHieTvSzLH1WKVk8FLc8PB72vaijQ6Ud8foggZ,pumpswap,1790961751,0.000002712,2806.42,2622,2622,0,0,1.39,20.37,0,0,0,0,0,1,2,5,,,0.7,-4.07,0,1,1,1,,1791441225,0,0,0,0,0,1,2,5,100.0
1791441145,9cbDbgUNQbBjWDoVSL4SdV9LFBjNQ6ZriEfYUGUqpump,Pico,HZCfBpAS9okgnXPfzRdK4J4BMvFVhJnxN7r3ifYja8GT,pumpswap,1790961495,0.000002571,2627.15,2470,2470,0,0,0,1.66,0,0,0,0,0,0,0,2,,,,-1.02,0,0,2,1,,1791441225,0,0,0,0,0,0,0,2,100.0
1791441141,25PcSP8DwTBtgtzGK9rcUKsEqcN95VmtPwzARKpjpump,FELON,G4pcesaXEnzAc77RZ68chZ6AtQMJZDB14hjKZZUHfGMw,pumpswap,1790959964,0.000003526,3607.59,3369,3369,0,0,0,13.72,0,0,0,0,0,0,1,2,,,,-7.46,0,0,1,1,,1791441225,,,,,,,,,100.0
1791441143,6jmJbuPy6m5ZqvwbvGp21iT3b7ebG6AEhsy4jER2LYFm,FISH,GL6RAWLzUY2hzoekbUtJbuVeGiuCCPnsLv1yq8kAt1A4,meteoradbc,1790961263,0.00002499,,24990.31,24990.31,0,0,22.39,280.6,0,0,0,0,0,4,0,33,,,-0.67,-5.32,0,1,1,1,,1791441225,0,0,0,0,0,3,1,8,
1791441145,9jUKtKNSHXhiSb97FnwPMCxN6M5Wcvg7LKksmb43jP1M,BURNING,2fLKmJNcqApZm98WpM8akAiJd1PR6jm1NtXK8CtNvnaY,pumpswap,1790963149,0.000002719,2681.86,2404,2404,0,0,0,353.38,0,0,0,0,0,0,1,2,,,,-9.45,0,0,0,1,,1791441225,0,0,0,0,0,0,1,2,100.0
1791441143,6DrVZ746mG3ccccVLpX4ZdCjnVZt5LNzrZJ4GeAhpump,pumpjak,Dxd1sTnuoYA9m1Yhmuctk8zrR4NGHAugNMgruoaRAeJR,pumpswap,1790964388,0.000002920,3365.28,2844,2844,0,0,0,6.09,0,0,0,0,0,0,1,3,,,,-2.19,0,1,1,1,,1791441225,0,0,0,0,0,0,1,3,100.0
1791441146,BJzk9dSj5iQFTrSJT93tVztHFMzP714NoYeHFfPzb1Bi,PUMPKINCAT,CBXgR3suNnAadba8nSrm53GA4w4PSsQBsavST7AyZBzM,pumpswap,1791055469,0.000002635,2598.03,2488,2488,0,0,0.92,13.15,0,0,0,0,0,1,2,4,,,-0.85,-4.71,0,0,2,1,,1791441225,0,0,0,0,0,1,2,4,100.0
1791441143,5R1XNfbLqGDe7vzrNLKMqM7zyWmd2Savrt3QfGyGpump,NIVI,5MSZjg9EhMGBWp5crjAjVauDCE5ZNSz88y7GvjGFMuTi,pumpswap,1790964116,0.000003006,3149.01,2960,2960,0.55,0.55,109.57,554.65,0,1,0,1,127,82,451,224,-0.7,-0.7,-0.59,20.05,0,1,2,1,,1791441225,0,1,0,1,57,56,163,146,100.0
1791441144,8hr5NVzUbRWaywAPgiQgaarzUq9j5uCroZ3rLft1pump,GROKCAT,73HZef2stkkqdMjUMgefneZGtam5aAr1d59A3W9Equmo,pumpswap,1790962773,0.000003265,3348.75,3210,3210,0,0,24.69,102.48,0,0,0,0,6,9,46,33,,,-2.18,-4.9,0,1,1,1,,1791441225,0,0,0,0,5,7,24,21,100.0
1791441146,C2bj2HbEsnv7bSqQe2bQ7uGrf7MHXNN4cSmEVRMQpump,Apu ,9GV1Etzq1h76FXtBdC9nApYbYXmEv3NTtwDeuTuLQqGz,pumpswap,1790963493,0.000003193,3356.01,3110,3110,0,2.69,2.88,16.38,0,0,0,1,0,3,0,4,,-0.74,-1.48,-1.48,0,0,2,1,,1791441225,0,1,0,1,0,3,0,4,100.0
1791441149,GT5PzaVt2wQvDnowmkNNPGRGL5gEcLb7dovzFwwACgxz,Cashout,6NyWV6kvii8BV4U41HpWS8wJffnhnVLv7EsouegQvAgu,pumpswap,1790967004,0.000002945,2926.67,2648,2648,0,0,3.42,4.44,0,0,0,0,0,1,0,3,,,0.2,-1.22,0,1,1,1,,1791441225,0,0,0,0,0,1,0,3,100.0
1791441146,BpiHPgU64gzmZwdwfr6e1xBVXNqiqxUpBQHwkxEVpump,XingXing,9LAyUvxKYTh1GvU7AhTqte2mGgumiTJb7oABvhC2cUDi,pumpswap,1790967986,0.000002392,2422.96,2307,2307,0,0,0,0.85,0,0,0,0,0,0,0,2,,,,-1.29,0,0,3,1,,1791441225,0,0,0,0,0,0,0,2,100.0
1791441141,3NGW414d3hh36tbwbgWeipV2K7VEqnqjvDxj69KKpump,CASINU,4gvR826fJJCkyrArJGekySvAP7aLCVvj4HMcd48W1Kh9,pumpswap,1790964335,0.000003417,3433.67,3335,3335,0,1.75,13.21,59.46,0,0,0,1,11,7,37,25,,-1.65,-1.98,-0.58,0,0,2,1,,1791441225,0,0,0,1,7,6,17,18,100.0
1791441147,EVCx8yhknFxZ7MnYRK1LEmL4ycxBKHxSSZ8Gyyaopump,>_,8EX6tgzBVkY66ybkoXN1Ta1JwDMn2dp9ALBigGXPckg3,pumpswap,1790965545,0.000002721,2946.05,2658,2658,0,0,0,29.28,0,0,0,0,0,0,1,6,,,,-5.16,0,1,0,1,,1791441225,0,0,0,0,0,0,1,6,100.0
1791441147,DQxG8fJbgAdX8h2D56Cu9cLHPc7G5xSTj84vZNH6pump,FIX6900,6R4xp15uZUZg7FghFC9SXRppBSWTKAQT11Vx2XnFGSM7,pumpswap,1790964145,0.000004554,4835.18,4509,4509,0,0,0,106.11,0,0,0,0,0,0,2,6,,,,-12.68,0,1,1,1,,1791441225,0,0,0,0,0,0,0,0,100.0
1791441148,G3Zv4MTBbEEWXJeXXAza73Q385bKWAFQ499J5VL8Tovu,UNKNOWN,4afw8ndymLUTVw79FwTEzeVge62nRaFeENBRrkC5cRMB,meteora,1790889624,1.010,14056.76,10113,10113,0,208.16,2029.1,9917.36,0,0,0,3,11,24,56,92,,-0.15,-0.3,-0.7,0,1,0,1,DLMM,1791441225,0,0,0,1,6,7,8,16,
1791441142,5GDX5fJTQns4arM1J94wjxdA8KXFsV5qW46MLFpHpump,OMNI,QVCymnis5qQJEJRZPgbEJnNKrQdNkhJtTFk7v1xqu9D,pumpswap,1790967612,0.0002803,55327.49,269154,269154,0,1183.33,35579.2,84827.08,0,0,15,25,301,170,660,454,,-4.4,14.49,40.85,0,1,1,1,,1791441225,3,1,15,13,147,108,285,273,100.0
1791441145,9kpHmcAjabZksyon8KVA2FQPyp9kMtLiTRaFGRTkmqd,clout,42xESpMXsCppsS4gbtaCT87sBTjKxdtLVqcTSaSmzbv4,pumpswap,1790968247,0.000002749,2887.03,2687,2687,0,0,0.02,1.1,0,0,0,0,0,1,0,4,,,0.66,0.09,0,1,1,1,,1791441225,0,0,0,0,0,1,0,4,100.0
1791441142,4zWD7Lo2AE8wjdXeANYoLoiLNnRiEjkadHyiHcpJ8Nfw,RONNIE,2fcZqmSBrbQDToJUkLEkf5csK2kdev1tveheaD86Wunm,raydium,1790968509,0.000002453,4472.93,2453,2453,0,0,0,16.68,0,0,0,0,0,0,0,2,,,,-0.03,0,1,1,1,CPMM,1791441225,0,0,0,0,0,0,0,2,100.0
1791441143,7Jv7D7qpT8GpKUywkbQv9WgF5yDWr6Yf7SZXZj1Gpump,www,HQbKVr5GiHTjPsv27v9TGvK6rgVZpvcQ7Eg5WGsYUwp8,pumpswap,1790967090,0.000002537,2862,2498,2498,0,0,9.86,41.68,0,0,0,0,9,7,32,23,,,-0.69,-1.77,0,1,1,1,,1791441225,0,0,0,0,7,7,18,18,100.0
1791441145,AbMG6MaBJhaAFnJtiPzxBcz2AEW3m3wrcyeCnEXWpump,HEIST,HYYwsvta5RBRBKDcQoGLNatyjGBhhjQrp9ZKkY7xmrnV,pumpswap,1790967062,0.000004543,4130.19,4441,4441,0,0,6.82,10.14,0,0,0,0,0,1,1,3,,,-1.11,-2.02,0,1,2,1,,1791441225,0,0,0,0,0,1,1,3,100.0
1791441143,5q96w5CcRWZYzrzXHwwx6r1KBf77devYsoH5cougd5Po,UNKNOWN,EhLkcyvUQExQiQG43zihg589tj765MCXRLckefmK3AnP,meteora,1790963183,0.000002610,4655.61,2488,2488,0,0,0,12.72,0,0,0,0,0,0,0,1,,,,,0,2,2,1,DYN2,1791441213,0,0,0,0,0,0,0,1,100.0
1791441150,fHF5ZPCmY1NHN4K4aD6dTyoFG9wE8TJU5qp6zPGpump,artcoin,7dPEacEp8YBGb8VhjNxes8KGNYG4pGDMpKD7BAG7TofJ,pumpswap,1790968930,0.000003444,3378.71,3250,3250,0,0,82.35,3035.28,0,0,0,0,0,1,27,22,,,-2.6,1.11,0,1,1,1,,1791441213,0,0,0,0,0,1,23,22,100.0
1791441146,CJZaHX5RQbvKrRyMoUU9D3jyvXj8Yy7QLLmcKvoopump,Pumpkinu,2SBgHnfs9YPCs7hPPaWt1rHGxpV1WEWp2YNsGBDsyuJW,pumpswap,1790969340,0.000004758,6267.21,4619,4619,0,0,74.78,107.28,0,0,0,0,3,3,7,12,,,0.11,-3.64,0,0,1,1,,1791441213,0,0,0,0,3,3,6,10,100.0
1791441149,HZ4qZQJ7yf6WR1D24GLRLJ3cKUfgtJEF3B7SdLMLvCPZ,9e9,3JcpTVkjabeM2fucmS6AFTSZ2o4sqht3j4wzkPow1roT,pumpswap,1790969104,0.000003719,3964.91,3614,3614,0,0,0,121.78,0,0,0,0,0,0,1,4,,,,-10.33,0,1,1,1,,1791441213,0,0,0,0,0,0,1,4,100.0
1791441150,wdysfTqUsJ8qAVB1796BXgGisThoBzu1keQmdgswdyt,WDYT,Bu65yUfdrxgwSnXXvrKxeNzmcjaSCsAEn5JtPMWYZVQG,meteora,1790968878,0.0002352,51700.64,233264,233264,0,0,5231.62,81672.46,0,0,0,0,17,11,257,224,,,-10.32,-6.29,0,1,1,1,DYN2,1791441225,0,0,0,0,14,8,110,133,100.0
1791441149,HUzsazhQoEBooLPQktSoYTVcKKVSZ9AyhZPs3x93pump,WIFWWW,FbmT4jXZwrmMWSDvqGGTjuqwcWwVJJYkNZ27UYejtLCE,pumpswap,1790969578,0.000003742,5090.81,3660,3660,0,0,0,6.4,0,0,0,0,0,0,2,3,,,,-2.62,0,1,1,1,,1791441225,0,0,0,0,0,0,2,3,100.0
1791441150,ixdhaSTPLod6MGDmUdomz1cqp1ztJTUesWbLKB4NGBa,Charlie,6LjoPHY17TGnppnSVbLcwDzmwMbafJETRKy5WFVeXDsf,pumpswap,1790970538,0.000002415,2436.92,2286,2286,0,0,0,0.72,0,0,0,0,0,0,0,1,,,,,0,0,0,1,,1791441225,0,0,0,0,0,0,0,1,100.0
1791441143,5gJjJYGu25aQevcpsBgBFvLcCRfSPcvczcxvnqHDpump,bag,BrBGnm4VaXXqDySKDqnH4VZ46p3x4mqC4R2dA4EGGWPY,pumpswap,1790971880,0.000003835,3985.02,3538,3538,0,0,0.16,13.81,0,0,0,0,0,1,2,8,,,-0.87,-3.79,0,0,1,1,,1791441213,0,0,0,0,0,1,2,8,100.0
1791441145,9ZUwZjiMP8Un9qcBYNfKmVmRRj97YWLB1DRWPhhnpump,HOOKEDINU,FmtX7rDgSe4ctMT5wpHtgeoE71cRx7MNrdereUMSnhJr,pumpswap,1790967978,0.000002442,2734.04,2421,2421,0.3,1.15,15.76,58.35,0,4,1,5,15,11,41,25,-0.22,-1.48,-1.9,-2.24,0,1,1,1,,1791441213,0,1,1,1,8,6,19,18,100.0
1791441143,6irHJ66p7HKYHkfPnNaJHJdVfpfJ3AtM3Gse68K2PRLD,BlackCock,DQCWSiW15qugyw2GHED7PfhQ1FqVaSMG7PchVmFa5RzE,raydium,1790971091,0.000004216,5590.13,4217,4217,0,0,60.24,358.52,0,0,0,0,0,3,3,16,,,-4.23,-18.04,0,0,1,1,CPMM,1791441213,0,0,0,0,0,2,3,9,100.0
1791441143,5yQYLno5ABBZ2ELVvLXEU323CbHhr2jwR1NKFDh4pump,BOO,7x9P564ydsAxDMRKUyHzRKua2x2gsWMqUuxgv4SLDGcS,pumpswap,1790970918,0.000003571,3613.2,3456,3456,0,0,19.18,93.45,0,0,0,0,10,8,56,36,,,-0.05,-2.12,0,1,1,1,,1791441213,0,0,0,0,9,7,28,28,100.0
1791441143,6ygHGHDunESzifPU2ZKt399XY199QxFJnHozwFYfpump,SIC,HiRzSypb1LhYbk8A7hwAKJbA2Ha1wv3bx2y614E6Tksg,pumpswap,1790970370,0.000003280,3341.7,3254,3254,0,0,0,25.25,0,0,0,0,0,0,0,2,,,,-0.37,0,1,2,1,,1791441213,0,0,0,0,0,0,0,2,100.0
1791441146,BLKKYfF41c6xRPrtX1rdYbxLE1xxEdZUnxQsB5hcZ8Nf,BLK,8Vt1G5VnQnvLHFfbKek4bCLSrnC7sUjMXWP6hhNNWbUy,raydium,1790971654,1060.84,63378.52,419034,419034,0,0,388.39,39994.53,0,0,0,0,1,26,160,292,,,-0.05,-0.66,0,0,0,1,CLMM,1791441213,0,0,0,0,1,26,101,177,0.0
1791441143,5tzjoTepg3tEupgKBjedF2SapniNaDrt1cVqdU4UfkjG,BLACKROCK,2jEsgfX9zxGeNWTkQ8S9fY94LW19Js8CfvSM5GiuQg8E,raydium,1790971444,0.000007564,8484.39,7565,7565,0,0,1189.2,6668.29,0,0,0,0,18,21,82,123,,,3.21,-44.41,0,1,2,1,CPMM,1791441213,0,0,0,0,9,14,39,77,100.0
1791441141,2bHz7Uq8arFttDotBgGFsVKXxN2n7hM39Cktna69pump,HIM,HaGMjHTjfy7f3DN54RHix2RCWvaMZbRKszkFGXPmu9c2,pumpswap,1790973057,0.00003158,15954.39,30933,30933,5.53,691.69,7234.77,75827.21,0,1,5,16,129,98,691,578,-0.61,-2.37,-26.02,-67.77,0,1,1,1,,1791441213,0,1,5,15,91,89,353,356,100.0
1791441147,DioisRY2M15WKza2te7pCvEAe7B1EVp4N1ZrM6tn52Sp,HAMSTER,9yS6kearLBYAKeXoPr8adHirSa2mwUT86PkPgRrMkDqN,meteoradbc,1790970523,0.0009095,,909537.26,909537.26,413.55,19857.17,197475.51,546245.31,3,2,48,30,451,317,1390,925,1.07,6,20.25,95.73,0,0,1,1,,1791441213,1,1,3,1,16,13,45,38,
1791441148,G3Y5RAgNGu67P2DB7TZvhcewMd795DYq8qRAFKrxC3L,Tesla,2uL89Jummqv21UaAFUQQgZXAxBYmQKHASXrQWQ3zW8D9,pumpswap,1791184675,0.000002098,2108.7,2088,2088,0,0,0,1.16,0,0,0,0,0,0,0,1,,,,,0,0,0,1,,1791441213,0,0,0,0,0,0,0,1,100.0
1791441146,CkmsccatooDzPMy3YwFiaMMADKyFS7RwHPnshnRtFKGb,GrokDog,EF8k2mXRNpaxqDE1e9kHwFkf2M8pa7evk8KHJRLCuTm6,pumpswap,1791223594,0.000002510,2575.56,2362,2362,0,0,11.46,58.34,0,0,0,0,0,2,1,5,,,-2,-1.21,0,0,2,1,,1791441213,,,,,,,,,100.0
1791441142,4pG7MvMNDbRhLdXHqPnDQLkAQcaJme2CUjm7MqKoWALK,MOTION,5g72NfBpFVWaKVXXsK6PxeLSL9bwq79jN5pMDaxNiEME,pumpswap,1791224537,0.000002897,2831.67,2527,2527,0,0,0,0.3,0,0,0,0,0,0,0,2,,,,0.35,0,1,1,1,,1791441213,0,0,0,0,0,0,0,2,100.0
1791441146,CnhW3L1F7bJ8e6jteZi4MLyyystKRBFZvdx4w7HEpump,PLAY,2WDF6FqVpEFG1BrWFwknwgFBjRHheCxJwdRC6x8QxoL4,pumpfun,1791222285,0.000005569,,5569.01,5569.01,0,0,8.88,1966.02,0,0,0,0,0,1,2,27,,,-0.46,-51.68,0,1,1,1,,1791441213,0,0,0,0,0,1,1,27,100.0
1791441141,37upCgGAmtTvcKJzWy3X9FzLGxw5E4Acb18ZMcVcpump,ENLIVEN,78XXahkKRdY4o84DBXrUZWJ31Sx3jmFucUs8w7zTbo6z,pumpfun,1791223223,0.000005462,,5462.45,5462.45,0,21.1,23.29,4815.56,0,0,0,1,0,2,50,75,,-0.97,-1.62,-43.44,0,0,0,1,,1791441213,0,0,0,1,0,2,27,58,100.0
1791441148,GMWdgqfnkjLhzoerrDVHLUNamYiGVfLTXvEoVM5tCQrg,HEADCAT,oBpqbdEGocJ8ZDVi7mNNfKzNUdXyUkJCiquhJdjfk2L,meteoradbc,1791222238,0.000005114,,5114,5114,0,0,0,166.12,0,0,0,0,0,0,0,5,,,,-6.55,0,0,0,1,,1791441213,0,0,0,0,0,0,0,3,
1791441143,6R8rP2v5p2RbYZS7TXKGE9EquJk2vn7KrorfPJNoCdm1,HODLUP,2gWCMoLi7H3gNoaXqDGRhw7BB5UJ4SW3ToLFEfW3afxU,meteora,1791224220,0.000003422,5586.7,3258,3258,0,0,0.34,363.65,0,0,0,0,0,1,8,13,,,-0.59,-3.65,0,0,0,1,DYN2,1791441213,0,0,0,1,0,1,6,13,100.0
1791441146,CMJw2xV22Fqunx2ToUTEEExNiNKc1wsZA77izFnspump,scrollit,7cTXQ5K1JYRY3zoYuretnU3XoQBZ6SkXGbuQWa3gdrg,pumpswap,1791223153,0.000002288,2314.43,2206,2206,0,0,3.94,3.94,0,0,0,0,1,1,1,1,,,-1.28,-1.28,0,2,1,1,,1791441213,0,0,0,0,1,1,1,1,
1791441146,AtQYwjZdLHkrCkhbTmKASASFiErd9nFyzNFATY37BAGS,XCREEN,7chtSL1MVDZ3kMShbnWH8htZE5gayon4t4NMF21cKyqn,bags,1791408739,0.000007222,,7222.83,7222.83,76.58,460.79,3629.02,102272.22,0,1,7,2,17,31,664,515,-1.41,10.42,-20.78,109,0,0,1,1,,1791441200,0,2,6,3,14,25,380,347,
1791441141,2CycCyG3e4zXwxA5bL4rBeNfwWcPcVKVm6cxe3ampump,MIMI,AwyD93B1oTeVK7ABL5bf4eUSZ6yNaqkAwMjVBQPb4eGQ,pumpswap,1791413566,0.000004719,4335.02,4400,4400,0,726.97,55298.06,592829,0,0,3,19,531,619,5956,4720,,-27.81,-88.35,-90.09,0,1,1,1,,1791441200,0,0,3,19,251,402,2080,2024,
1791441143,5vcVmZ2PHmU2TuGxdyZipsQXyLm9zJrJ71Jwozdhpump,DIFF,H8JZBJPhpCM8EDMKSCop4dLFyAnnfnfn5boxReFHewmM,pumpswap,1791412275,0.000002561,2596.75,2483,2483,0,0,13479.97,172782.23,0,0,0,0,56,331,729,1048,,,-96.16,-94.67,0,1,1,1,,1791441213,0,0,0,0,33,179,430,398,100.0
1791441145,9rB2YdHWFFW95wG5gFXGdjyZ4zNHnyZDnDBREBV27sKu,MASHUP,rbdzZAyXrCpu86gqA3oDZeEoJ9BiosASk1uh6KaGwMo,pumpswap,1791413162,0.00001740,10487.8,16837,16837,0,1163.05,61101.19,882559.05,0,0,15,13,564,617,7016,6320,,16.9,-67.89,-62.76,0,0,1,1,,1791441213,0,0,12,12,260,386,2505,2395,100.0
1791441145,9LhsAaiiK5tnKrUFJ76ygNWaCA5YNYmzExwQf2C7pump,Bagbots,9PgFQbSTiPF3iNRGRBLKkqFXjJmVfzcpof2pvxFi7Bqf,pumpfun,1791412379,0.00004762,,47629.23,47629.23,0,0,0,28640.33,0,0,0,0,0,0,150,62,,,,1277,0,1,1,1,,1791441213,0,0,0,0,0,0,131,41,
1791441149,GxCkBgU1LJMWg5GqJmoCTrU8MYeYkSVN2zYArRQvTyfJ,BLASTAR,4bm5S92haBEyXWVJE2updCxYGRMVjGKU1kUxGYMBTqQZ,pumpswap,1791413879,0.000004422,4025.04,4266,4266,0,3.79,9444.65,174287.04,0,0,1,1,91,91,1723,1473,,-0.75,-12.52,-90.77,0,0,1,1,,1791441213,0,0,1,1,51,64,770,766,100.0
1791441150,Uuv34iFW1S3S3X7K2A5B7fYaNNt1DjGE9kqrCUj8yum,YUMII,CxiPECitR2TFvWAhRropozNCeLHLqurkcyETgYS9M2TQ,meteoradbc,1791410564,0.0001205,,107013.89,107013.89,0,158.94,25496.95,444354.43,0,0,0,5,66,98,2219,1869,,-1.44,-38.26,2076,0,1,1,1,,1791441213,0,0,0,2,28,31,505,405,
1791441143,6u4Fxbdn1UtQj1opXxAoZjzuHLuQ5Qhn2NVqriorGjdR,MASHUP,F3keKHRA18sycDnQe7WUSfR5jMzqNcK5CwGAvnLncWAQ,meteoradbc,1791413884,0.00005213,,52136.21,52136.21,0,0,0,7299.58,0,0,0,0,0,0,236,284,,,,6.24,0,0,0,1,,1791441213,0,0,0,0,0,0,153,159,
1791441150,Xn1SRXHPCXcXUzRXQXFJYGUBRpjx6KZkkgE9EQVpump,Van Cleef,3D14T5k2dWrnHvhtYjMS4nFm1q8vdJwjoDgDtMpqeDHL,pumpswap,1791413936,0.000002065,2079.37,2066,2066,0,0,0,60451.34,0,0,0,0,0,0,4675,6130,,,,-95.71,0,0,0,1,,1791441213,0,0,0,0,0,0,368,914,100.0
1791441146,CU8kydDREEmJqU7gV3PiGi2uEd9heksx5q2H2XSiu2jL,BLASTAR,FAFNcCYgGMVfWYhgCQURuiAzNFRXoX1CDMcsqskgVEYD,meteoradbc,1791413951,0.00004717,,47174.12,47174.12,0,0,0,2291.33,0,0,0,0,0,0,58,66,,,,211,0,0,0,1,,1791441213,0,0,0,0,0,0,50,56,
1791441147,D2GbC5MyuR9H5RLg3JZJJygHg8AdnetjtfaFvv3zpump,404,Z8pYeboRdSpgVFrSZA1GDw6UUVCBXFrKtBv9zbWpyzj,pumpswap,1791412403,0.00005073,20266.76,48933,48933,670.5,17726.62,511588.87,1596437.06,9,7,211,180,4628,3640,15889,12153,-4.07,-20.6,-53.9,6.41,0,1,1,1,,1791441213,4,6,117,147,1763,1756,4713,4253,100.0
1791441141,2N4w6rCdAdgsvgX2nnM57N1kfiEztcGXiTgxBMDFYMC5,AODF,J7xq8kZkwCBRZQBrTHDX1ajqUZu6H9EzARooL4ymvrYj,meteora,1791405467,0.001606,38711,1606070,1606070,0,0,298.47,19538.65,0,0,0,0,9,9,17,11,,,0.37,8163,0,1,0,1,DYN2,1791441200,0,0,0,0,8,4,13,6,100.0
1791441149,GUZbPT4HwaaYtDF1rT43ELh8rnwkrVyHkRF6MAHJBAGS,FLY,AHAZqNGgHXcwPTmjAGKuZ6mAUZYMrDK8gmUAWzErrbka,bags,1791421027,0.00003497,,34974.84,34974.84,0,0,1.25,1.25,0,0,0,0,1,0,1,0,,,,,0,0,0,1,,1791441200,0,0,0,0,1,0,1,0,
1791441149,Goh59QCfoX53RgJa615vzXx4swR3mv51VgvAN6ZCpump,GOIF,D2pVedgHQkD2kWnrSFyZX19Tg9X2KJrEiAauMKRchGuz,pumpswap,1791421067,0.1900,1237965.32,190065419,190065419,2452.18,34944.71,768180.4,768180.4,152,8,2123,117,12103,639,12103,639,,1.46,392831,392831,0,0,0,1,,1791441200,52,6,222,22,254,39,254,39,100.0
1791441147,DA4faw6FNZ7yfVPdTbBkujBnSvAbjGc6XB99HqTckZHM,ECSTASY,7P2BVwzg9b8Fx5bdJjXYp5AS5DJtcwUWycEwy62QiEoP,meteoradbc,1791420977,0.00005805,,58050.63,58050.63,0,0,6073.65,6073.65,0,0,0,0,229,204,229,204,,,35.42,35.42,0,0,0,1,,1791441200,0,0,0,0,135,106,135,106,
1791441146,B6y4vkxQ3Lr4rwqev5HwAgDg8V3renpFeSnhFpjrHA12,GOBLIN,8bMTSedGainxC7ejHjKwDvjaz2cV7VNUj8m9Dwwn7P7g,meteoradbc,1791421075,0.00005797,,57972.92,57972.92,0,0,4231.62,4231.62,0,0,0,0,134,142,134,142,,,35.18,35.18,0,0,0,1,,1791441200,0,0,0,0,101,75,101,75,
1791441149,GnWgPGSYB7CEwZXqLiFgV6XbC1ALSwA9TkNScPqJ8RhY,GOBLIN,4ZQvdQezrPFUsyeqgSNFs1phpKkpQbJEcJ5WZwNYsxo8,meteoradbc,1791421041,0.00005532,,55323.18,55323.18,0,0,1285.61,1285.61,0,0,0,0,11,7,11,7,,,29,29,0,0,0,1,,1791441200,0,0,0,0,10,7,10,7,
1791441146,CYEWxYZB17duyBGPTLK754uvNMxrLES3Xk2ZyPZVpump,Meta,29p64XXJhFpxXhcMZ9SDJDx9FiWH1vYDs5fBrU9XCBxb,pumpswap,1791419610,0.000002075,2107.14,2065,2065,0,0,161019.73,161019.73,0,0,0,0,22074,23224,22074,23224,,,-95.71,-95.71,0,0,0,1,,1791441200,0,0,0,0,2057,2096,2057,2096,100.0
1791441144,8QUkArv4U8Upf8GmRnhJA79DXK2XZxKuTwpcGv4opump,NVIDIA,9X1Tkd5dSY4GtV6ftk9dwKN2YZL9GkmpZUyo9GuZNJxV,pumpswap,1791420243,0.000002074,2108.94,2064,2064,0,0,185043.17,185043.17,0,0,0,0,24311,25423,24311,25423,,,-95.71,-95.71,0,0,0,1,,1791441200,0,0,0,0,529,2172,529,2172,100.0
1791441143,6YLtFQaMzWt9aykgUYV7Uk5p7nF7yDTHHAEEWbA8pump,GTA6 Coin,CzJfDdeiF5cB1igJuNLW4PBEAnn1vocUjddPWNKwbNw6,pumpswap,1791419333,0.000002079,2108.26,2071,2071,0,0,135808.3,160486.38,0,0,0,0,15096,16591,15703,17145,,,-99.57,-95.7,0,0,0,1,,1791441200,0,0,0,0,471,2246,471,2246,100.0
1791441145,AbKqGUJt7FeKYJ8cZVkBbhV6M2Ta4oZ54TtiKJitc2xS,CNN,8mmejGbQgeNxyXDrbQAx595tq2joRHkex5Y7BxW42rkr,pumpswap,1791420213,0.000002075,2101.19,2065,2065,0,0,167358.9,167358.9,0,0,0,0,23752,19721,23752,19721,,,-95.7,-95.7,0,0,0,1,,1791441200,0,0,0,0,362,912,362,912,100.0
1791441150,cAmKKsJJffbcN5Ryku3D1XoaZvBVsujG2E62Gbapump,FOMO,9seiCxkoMU4RYMRCejNcyf81Jv67DS1xcBSjwXc29pun,pumpswap,1791420993,0.000002052,2063.11,2053,2053,0,0,63788.41,63788.41,0,0,0,0,4177,5754,4177,5754,,,-95.76,-95.76,0,0,0,1,,1791441200,0,0,0,0,344,890,344,890,100.0
1791441149,GfSnoWLdQNnrzQWPpgw5bgunGojAekhGSD3KwRQTNu9v,BABY ZCAT,5P5UPFEUdRkW1Qg4DifjoEfSeufMnugAeRBtbuhgSYCv,raydium,1791418842,0.00007347,23411.22,73475,73475,0,787.96,9446.06,20199.12,0,0,10,2,72,39,135,75,,2.65,0.17,42.36,0,0,1,1,CPMM,1791441200,0,0,6,2,52,29,79,52,99.9999999741339
1791441145,9e5GbmCodrCVKbujsH3dpyTzqkD25uJG9Esv4mYWpump,Topless,FHN1mENcTRjnzZmhjc54Rp4SKRjuSBVbY2A67A7xnjVC,pumpswap,1791422284,0.000003401,3259.45,3104,3104,0,50.63,231404.65,231404.65,0,0,1,3,3580,2997,3580,2997,,-3.27,-92.76,-92.76,0,0,1,1,,1791441200,0,0,1,3,1436,1496,1436,1496,100.0
1791441145,Aov3BtQvrGXM5V9oiHu8PKJWeV8a2rFnr24fwWcNpump,HNET,HGLSAK3nVLzAZPBMiqrkV52cmZhNVrwVQuzpSnCSYAkw,pumpswap,1791419584,0.00002848,13319,27270,27270,60.1,3912.04,243891.18,243891.18,1,1,32,29,1989,1700,1989,1700,-0.09,-14.79,-40.67,-40.67,10,1,2,1,,1791441200,1,0,23,20,635,709,834,802,100.0
1791441142,48Fx5EWQ2RSUshqiNzx1VfWSvFwNgMft2nxbqwbXpump,BABYBATON,7EFyp2o67aH85CAMLY5xjssHrUvJUcN8YoQkfDeLgePb,pumpswap,1791421140,0.00007315,22030.39,69729,69729,392.61,3358.92,116934.05,116934.05,12,4,297,280,5633,4876,5633,4876,-3.51,10.58,51.75,51.75,0,0,2,1,,1791441200,,,,,,,,,
1791441147,DFAEZiWAxeQ4NisNUzmgbSCLpDUMGWG5ehTFpXUFpump,BOZ,63Pver9B4DHeaZg8yKxhLx8w9mxR8KgzNQj8ANJcG3Q8,pumpswap,1791423646,0.00001715,9766.9,16213,16213,7587.63,20390.95,76827.26,76827.26,71,78,210,175,945,863,945,863,-29.97,89.65,-64.12,-64.12,0,1,1,1,,1791441200,44,40,96,88,439,494,439,494,100.0
1791441143,6GmcqAhYJQcAJD9cGywTs5vjfFCtuv1K99dtbF3mRAe5,KIPPOG,FmwoaU5gBrDZK5ghicD7GeFQ7aCKtNbYA3eS8dDsFLx,meteoradbc,1791422853,0.00005678,,56781.5,56781.5,0,0,9727.79,9727.79,0,0,0,0,290,270,290,270,,,220,220,0,0,0,1,,1791441200,0,0,0,0,157,137,157,137,
1791441148,FLcsbk6deLFS8UQ3HW7c6eTvRzjqda5EtTvYTz8a6NkV,BORDR,A6ch1FvgmZCvv4pKSNXqDw1nCTzC5tv4EsiQyCEfthKP,meteoradbc,1791422984,0.00004100,,41005.68,41005.68,0,0,28770.87,28770.87,0,0,0,0,719,797,719,797,,,84.7,84.7,0,0,0,1,,1791441200,0,0,0,0,215,214,215,214,
1791441142,4hjVrcqkR8VbcCZgzew4DRhYow17QCYyUWsksjQvBg9X,BORDR,9Jqx3friK9rrYXn1KRojoHUSGiHFLP573D84AaRKhvAu,meteoradbc,1791422991,0.00004561,,45615.71,45615.71,0,0,6390.64,6390.64,0,0,0,0,165,204,165,204,,,218,218,0,0,0,1,,1791441200,0,0,0,0,132,159,132,159,
1791441143,5osyvsxqJaLtBww8PoDGQNdUNvSWy7WpnrT7aAn1z9Jk,pengi,4kmef3ZVvJCzuCtTHS3rBkZgAJjcN2nVntdTAJMaFs7t,meteoradbc,1791422102,0.00003342,,33424,33424,0,0,9674.49,9674.49,0,0,0,0,256,294,256,294,,,74.27,74.27,0,0,0,1,,1791441200,0,0,0,0,160,173,160,173,
1791441143,5xTqC8MhGcgnWTM8cdxgJLfV2KAbSqMMT4KeA4hrpump,HUMAN,FKcNmNnnDzuwb83RiS9usTmf4K5EhHSAfZV9FcSNTA6E,pumpswap,1791424072,0.000002324,2412.13,2268,2268,0,0,369606.27,369606.27,0,0,0,0,5088,3488,5088,3488,,,-97.24,-97.24,30,1,2,1,,1791441188,0,0,0,0,2364,2342,2364,2342,100.0
1791441146,CM2R9aJRpWH3pUaCwt1wGSfWPJRz9FHpPKThrVNCgFbJ,Nftperp,8BQVQNeLWdkWNmSPPdGzPeo6es3SDu7wRnBcbjuJjLf,pumpfun,1791418665,0.000007750,,7750.29,7750.29,0,4617.75,100332.69,107065.19,0,0,27,20,640,511,699,543,,71.26,6.56,92.02,0,0,1,1,,1791441188,,,,,,,,,100.0
1791441149,HXqxTwCzREUXNK4CbNDgNEUEh2jLzFKdC4tvTuojpump,ZKDARK,CR5dTgvTddGAqDjP8dGHTL51N6PKRaXqxFBp9FQ5PrKn,pumpswap,1791418204,0.0008680,84280.63,856223,856223,7217.43,86509.62,838718.86,953532.9,103,38,1316,485,8272,2924,8854,3072,9.94,-13.57,224,1030,0,1,1,1,,1791441200,64,30,1216,328,6919,1304,7215,1326,100.0
1791441144,7n7zqkVxSb5dCXb6ZbMZjSdX2RJgcK4UKJCdhZ1McB8d,GIF,5kwL3JepypTyKMko6X7nzQ7PHTzgpmRYX27H5nR7bkCD,meteoradbc,1791424730,0.00005760,,57602.23,57602.23,0,0,4144.07,4144.07,0,0,0,0,122,129,122,129,,,34.77,34.77,0,0,0,1,,1791441200,0,0,0,0,94,74,94,74,
1791441143,6Mix12LiHrQFojaQEnfPUC65Qkwd6X4Y5Qg93oFbordr,BORDR,GLnPx7tg3f1oyMW5cJioJAtQjNG4PzokEzUkQMCj2EEF,meteoradbc,1791422260,0.00006974,,69740.21,69740.21,0,0,13092.27,13092.27,0,0,0,0,286,16,286,16,,,1092,1092,0,0,0,1,,1791441200,0,0,0,0,135,10,135,10,
1791441147,Dc26VNVhXVSZXGmCR92yTMhQx6ZygLz5NLMv9zSyg6Fp,US,A7cJ8yHXpkgPSGG31TAgvqjgx7AfrXNtsMZSZAxsYw3m,pumpswap,1791401086,0.0006488,215015.78,648836,648836,122345.34,1798240.08,29549412.55,63872657.42,316,70,4490,1019,38722,16647,76841,35942,0.13,4.39,136,5759,0,0,0,1,,1791441200,185,3,1948,4,2004,24,2019,31,0.00000000109556325877729
1791441145,9n2RHJYZDrnsFbkdDkxEKK8LeDFHMUKsZLgZLg1upump,cowe,CHbfKoxeKVkYf3Sxzai6pJpprAD7MRY6quCYVSVQv9Pr,pumpfun,1791424397,0.00004772,,47723.73,47723.73,0,0,116524.69,116524.69,0,0,0,0,504,444,504,444,,,1277,1277,0,0,0,1,,1791441200,0,0,0,0,416,277,416,277,100.0
1791441147,ELgbR8doDiL2rV8rkXLTJaD7jk9W8KWrTpeto4YVpump,SpaceX,7oCHE29HFRd7wv5zbMiV7CkeiasZV8YwLssoo2zR4ih3,pumpswap,1791424211,0.000002113,2151.66,2103,2103,0,0,237774.37,237774.37,0,0,0,0,25988,26562,25988,26562,,,-95.62,-95.62,0,0,0,1,,1791441200,0,0,0,0,621,1854,621,1854,100.0
1791441144,7eZcomYJABTJ55ozi22Gd2Fm4CdLZRkbAQXsLtvzauG8,KISHU,B3NFR8fgDaXZo3Gc7HUrai1h81sLoPHxsvErCSgkHSd1,pumpswap,1791424706,0.000004433,4159.84,4232,4232,1.76,182.38,521106.11,521106.11,0,1,2,18,8389,6794,8389,6794,-0.27,-8.93,-90.54,-90.54,0,0,0,1,,1791441200,0,1,1,18,2750,2545,2750,2545,100.0
1791441146,BCmLeWBtGCP7QB5q4STzDwQooNpnJNdgtK4RA6npjEH,BARRON,DkPd4BWFizLj4kihTqeH2DoPFLq9DwkHw1R5HDdMuiuW,pumpswap,1791424362,0.000002070,2095.78,2070,2070,0,0,111560.88,111560.88,0,0,0,0,8526,5922,8526,5922,,,-95.71,-95.71,0,0,0,1,,1791441200,0,0,0,0,187,784,187,784,100.0
1791441142,3u8DqABprMmSfwmG3nY8QirgZVprZMSnUZPmJ1ncpump,Shards,F1WAThYXD9igxpGNN3uWPE3tY5uN3jLptY9SZrD2knPt,pumpswap,1791434158,0.00001209,7868.8,11335,11335,14.77,9645.25,54186.38,54186.38,2,1,122,92,528,497,528,497,-0.05,48.28,-74.15,-74.15,0,1,1,1,,1791441188,3,4,72,52,279,303,279,303,100.0
1791441144,7XUsEQPUQ8MaWNcRqwPYeiR9A5dxNPoSunCoAUTPghG,ECSTASY,HrWHmNWeiKARJxDaxrZuddbNvTHbVNYVeYFZjBcmzdsU,meteoradbc,1791426221,0.00005759,,57591.35,57591.35,0,0,4112.59,4112.59,0,0,0,0,115,127,115,127,,,34.37,34.37,0,0,0,1,,1791441188,0,0,0,0,92,78,92,78,
1791441147,Dm8aZ2VkpiFb6HRFnU8Bt4P3kne6N9iDsnks2tnkpZY9,ECSTASY,84XwQp5HAe6f2BhCQX5QBwiH224PeQ8eL5xNTfrNk2vy,meteoradbc,1791426300,0.00005264,,52645.32,52645.32,0,0,6773.5,6773.5,0,0,0,0,185,215,185,215,,,22.75,22.75,0,0,0,1,,1791441188,0,0,0,0,132,104,132,104,
1791441148,FHzGfXEyatGrrH3PCKSrqTpR383FZ1co3hU4SP1e7jyr,PRUF,7UuRQWWsEhbS344oMvZcBkpAW9jwSyN4dsos48Vqpuyb,meteoradbc,1791426281,0.00004606,,46062.54,46062.54,0,0,22478.85,22478.85,0,0,0,0,760,827,760,827,,,197,197,0,0,0,1,,1791441188,0,0,0,0,200,175,200,175,
1791441143,5yqkPxv2P1AL1aWNTbyxzwc3DpUWGM6AKCR86YNhpump,lptp,3Ki4tWCL66WqmMjk7Vq92Rz2MUAR89hCyjB1qKiRpPp6,pumpfun,1791426261,0.00007919,,79195.12,79195.12,0,0,1239.74,1239.74,0,0,0,0,44,21,44,21,,,2324,2324,0,0,0,1,,1791441188,0,0,0,0,7,7,7,7,100.0
1791441148,G1YxvcKh6wq3Mu9Skgw867QtPnYyHh42jkNoNaLfANrM,BORDR,GY7gwMgRiooboKZSkGjjSZjdxFcyg8xyRhTnRnMeb8Kt,meteoradbc,1791425823,0.00004682,,46827.27,46827.27,0,0,7333.84,7333.84,0,0,0,0,149,161,149,161,,,117,117,0,0,0,1,,1791441188,0,0,0,0,109,113,109,113,
1791441150,axfULnfnjKwtN9ps2C1aSgz74w6VHezmqKo8Tc8pump,FOMO,Cj8BaEnWaBpCSsDu8KQtJpwFA9XB6bPDiSRoox1k4kcv,pumpswap,1791425047,0.000002071,2111.86,2062,2062,0,0,260477.41,260477.41,0,0,0,0,37827,38474,37827,38474,,,-95.7,-95.7,0,0,0,1,,1791441188,0,0,0,0,558,1450,558,1450,100.0
1791441147,E9wcYd5rJcM4ZQM8gXK5oWZ1AoPpmj5PVPa1S2iB6zEN,BUNKER,FoRmtGBfqe7DndxTXjezc6paUEwG4V61wF6z4nSkDwJw,meteoradbc,1791428187,0.00004047,,40473.98,40473.98,0,0,38649.52,38649.52,0,0,0,0,193,100,193,100,,,1026,1026,0,1,1,1,,1791441188,0,0,0,0,140,37,140,37,
1791441148,FtQLXvPbWo8Gs2XsHkRZd1ihgjgRaojZ2HwARL2gpump,DIAMONDANT,6B4sAoGvU3Nu6vYBhfyUz46WxoVAjkwyJAxUquaB84kD,pumpswap,1791426049,0.000002266,2417.65,2246,2246,67.98,67.98,855682.6,855682.6,0,1,0,1,8679,7434,8679,7434,-1.88,-1.88,-96.76,-96.76,0,1,1,1,,1791441188,0,1,0,1,6244,6633,6244,6633,100.0
1791441143,7K52aYQW9rWGjwZmQ7o2d1P6E7bji6hSMsqaLy5EcxLh,PQC,6qUUCwD9fyRafora8XVmdApQBxCkbUiZTMkcYD47rWsS,pumpswap,1791427444,0.0002459,46118.85,237129,237129,2616.92,54777.82,1349761.09,1349761.09,27,18,506,445,14121,10205,14121,10205,12.34,23.22,421,421,0,1,1,1,,1791441188,14,9,287,289,4346,3675,4346,3675,
1791441145,8zY9N1nwS8p2UvmtV65euwpMuDGgwGfyvmHJeGW2pump,andre,GgjK5hgZExN9cnVESd6m7a5AXSeVWoaTxxzpBLGJsn8f,pumpswap,1791430261,0.00001295,8400.04,12253,12253,58.19,7044.4,408633.24,408633.24,0,5,109,109,4895,4984,4895,4984,-1.98,-0.87,-71.62,-71.62,0,1,1,1,,1791441188,0,2,76,85,1764,1660,1764,1660,100.0
1791441141,2LMiWGyNjGKyUkH2oFYmMxzwLzUY84dHZf6DUUZFpump,FEEBIE,GZwUWL7SyUXV8z8HNbJW3EPLQ8gGD2A4mYhja1NzMwAd,pumpswap,1791426982,0.00003158,14025.94,30611,30611,0.94,553.8,76327.03,76327.03,0,1,17,12,782,629,782,629,-0.23,-0.49,-34.14,-34.14,10,1,2,1,,1791441188,0,1,16,13,379,333,379,333,100.0
1791441143,5khpyvd1nMeoxHYFutpBjNRJVQTdexXgWXSEsPrqQSLC,WOJO,4XKBFBxw6VjT7VpjRzW7JHR7ALpzWE3k5xPgLCGG3UWE,meteoradbc,1791428348,0.00003373,,33732.65,33732.65,0,0,13311.19,13311.19,0,0,0,0,366,446,366,446,,,76.12,76.12,0,0,0,1,,1791441188,0,0,0,0,182,180,182,180,
1791441142,5HEjn9GX92mwCzpS9an9anfS6rsEGLB9iemqabcPdHkc,BORDR,BsyJqeRMNgHwZLThQpDhjK9X434NmCywSqCLGnxsNVbN,meteoradbc,1791428252,0.00004550,,45507.39,45507.39,0,0,17667.03,17667.03,0,0,0,0,438,523,438,523,,,217,217,0,0,0,1,,1791441188,0,0,0,0,117,114,117,114,100.0
1791441146,BL5J9aDGkVNzzEaULxXEzMwxhr8NHwx2CWwQkidtfrgU,BUNKER,8H2GDLWpgtrsicJpX3t32nip6K5GhbsbTpLJXDzPKUfS,meteoradbc,1791428278,0.00004464,,44641.58,44641.58,0,0,3622.11,3622.11,0,0,0,0,120,132,120,132,,,188,188,0,0,0,1,,1791441188,0,0,0,0,94,87,94,87,
1791441145,9TfUq9J2x9u5DSjEizEMvDdFZEdPbT4uMgQDZg5vYsmj,ECSTASY,9KKKeVUdS57M91pifaAwPNUJkqR9NA89FAQooPJncaZj,meteoradbc,1791428403,0.00005722,,57224.7,57224.7,0,0,4526.5,4526.5,0,0,0,0,118,123,118,123,,,33.41,33.41,0,0,0,1,,1791441188,0,0,0,0,97,75,97,75,
1791441142,3pfA3BHroh5Vk8jsvruJvua3zGuYnuwCiHjaPXacpump,WOJO,2UDRM73TqPsNH2NJmU15VpVRxUVT5Bz31sgv99NNHatb,pumpfun,1791427331,0.00004787,,47875.76,47875.76,0,0,9904.82,9904.82,0,0,0,0,6,0,6,0,,,437,437,0,0,0,1,,1791441188,0,0,0,0,6,0,6,0,
1791441143,5bXMbmL5M1TfbXxdCSrGHrhx9iBScL6tLwZD3Qz7pump,Neet,HQZkVkyKpFFUwhyFjKCjgxm3ZKog4dU8xzm7fWoN3keJ,pumpswap,1791427920,0.000002058,2086.4,2049,2049,0,0,146588.25,146588.25,0,0,0,0,13843,15514,13843,15514,,,-95.75,-95.75,0,0,0,1,,1791441188,0,0,0,0,470,2249,470,2249,100.0
1791441144,8aefD3aZks8gvNcamdrKENdufQM4R6NHKPdssgDApump,OpenAI,H2NmMfWhnX26fRcPTCtf1YQzpcpxhL7VNL8ySVKBN6Wc,pumpswap,1791425334,0.000002075,2110.49,2066,2066,0,0,193956.99,193956.99,0,0,0,0,27397,25053,27397,25053,,,-95.7,-95.7,0,0,0,1,,1791441188,0,0,0,0,2113,2101,2113,2101,100.0
1791441145,9raEmV8Se7eq5CNy12LG7FGfiQLU2GvLEWh9j2DZpump,403,6oy6gLgv37bsswsTBpoShYDhin8oaPTtEKSX38o2zdc3,pumpfun,1791325633,0.00002025,,20259.07,20259.07,25.7,520.86,5631.41,16677.94,0,4,1,11,57,53,191,157,-0.56,-10.54,8.03,95.77,30,1,2,1,,1791441188,,,,,,,,,100.0
1791441145,AinufyoVUdPwf3KQCpAtLvZYoA2MTX5WwnFzT62Rpump,QUANT,32bsyVLDyYpnUKywnTALqa9YpUfWKHAySbNXaxoAExWN,pumpswap,1791429562,0.00003107,13619.88,29728,29728,316.37,7820.37,240313.23,240313.23,4,4,78,85,2485,2036,2485,2036,-6.04,-58,-27.39,-27.39,0,0,1,1,,1791441188,,,,,,,,,100.0
1791441148,EbPspFXCYx7QVAPmL1UBD1SZ7E5PjxLvHTGUcheJjkqo,GOMOCAT,FcssnrQRisnSfk9MZFNCz8RyxUbpdqmdZV8d3BQQYwGy,meteora,1791203930,0.00002482,12749.85,24823,24823,529.65,5042.06,14923.55,145874.41,2,3,63,30,194,146,1724,1310,-8.9,5.26,-29.3,-36.75,0,1,2,1,DYN2,1791441188,0,3,43,24,121,107,825,769,34.8255035933517
1791441141,2UmgFQEFGYwc4GGnM6CX3Eo7qRDirBL9ZNJMcpecLRMB,ECSTASY,4AWFSPSoFfR6r5KwpPiyqwt7h18m9WbCuYMB3owJN49P,meteoradbc,1791430231,0.00005753,,57537.56,57537.56,0,0,3407.01,3407.01,0,0,0,0,93,97,93,97,,,34.71,34.71,0,0,0,1,,1791441188,0,0,0,0,81,63,81,63,
1791441146,CXobHamBqvAYxdv7BKj7JNAokoMu94ECMyTVRtJ4o4kW,PQC,66pMCP5gVznXtvtYaVp1TEDJDATzP1vwRLrgUtbnSH3P,meteoradbc,1791430043,0.00004486,,44865.82,44865.82,0,0,17675.33,17675.33,0,0,0,0,416,467,416,467,,,103,103,0,0,0,1,,1791441188,0,0,0,0,186,208,186,208,
1791441149,Ra1orPpp4RKimuvNesuZXh26i1x7Da7LwqN3SB2pump,PONS,HSEZfaMwDTXHCFn6Ct8M1tZFTSbx9WXAJLw2qNufJWwp,pumpswap,1791429445,0.000002055,2071.52,2055,2055,0,0,79649.18,79649.18,0,0,0,0,10090,10400,10090,10400,,,-95.73,-95.73,0,0,0,1,,1791441188,0,0,0,0,352,906,352,906,100.0
1791441146,BKpV1cS1C46GAthMCfeZQ1eQ61T8abZXqaZ3CYgQ88dQ,BARRON,Bvjqh8HfLtjyweS8U7TetcjXF4Lpfj3X3X1Dg8Q6sKDE,pumpswap,1791429984,0.000002078,2097.51,2078,2078,0,0,73007.88,73007.88,0,0,0,0,4601,4326,4601,4326,,,-95.69,-95.69,0,0,0,1,,1791441188,0,0,0,0,186,768,186,768,100.0
1791441149,Gqpsjtj5qHQzrktnkew5rE7SSKyAz5QNZKCjZ4oepump,Tesla,3fFiU8oDwGTzLWs6g288Q6BD4jRYj1xBjXqtfDUZghqM,pumpswap,1791429883,0.000002099,2109.22,2099,2099,0,0,42391.7,42391.7,0,0,0,0,1165,2869,1165,2869,,,-95.65,-95.65,0,0,0,1,,1791441188,0,0,0,0,1056,2369,1056,2369,100.0
1791441150,e39GZrAh4t1XazuQAELFKeGteoPmnxzKZzCB6uQpump,PAYBACK,BZJYVTWgpcT2y7Mk2vbQ3sJoboHtS5xnTpY3hJZ1bEq4,pumpswap,1791431281,0.00007277,22504.62,67806,67806,1502.61,46148.38,519263.64,519263.64,22,9,420,326,5102,6933,5102,6933,10.9,-42.92,68.36,68.36,0,1,1,1,,1791441175,,,,,,,,,
1791441143,6Er8A3wH82Vrnf68aFzEGTmFeA9TVoX86yeyU4mSCfqR,ECSTASY,9ZAaXKH7WoV9rEvvxTh5zxHd3jhhXY9Phd4U1P87pZYV,meteoradbc,1791431772,0.00005758,,57586.93,57586.93,0,0,3522.88,3522.88,0,0,0,0,97,95,97,95,,,35.09,35.09,0,0,0,1,,1791441175,0,0,0,0,81,58,81,58,
1791441149,HPiMcRYgD3o129GGM1yaypgj5jsYxfQ8nEY5UPwr4H9G,DARK,CErG75BoX9Nx3PpgNrr7YUFqsRbZxydyXyeJwZvQfaL1,meteoradbc,1791431758,0.00005744,,57448.95,57448.95,0,0,2422.89,2422.89,0,0,0,0,71,53,71,53,,,34.78,34.78,0,0,0,1,,1791441175,0,0,0,0,60,32,60,32,
1791441143,5qETfrjCXVTtTKaRaNrpLiP4svtzci2tVU9us9CaxCW,ECSTASY,8LTDXQcqcG5N1YX873wuMYZp9T6txiHd2egTJ7CDaoit,meteoradbc,1791431672,0.00005767,,57677.11,57677.11,0,0,5252.74,5252.74,0,0,0,0,163,166,163,166,,,35.35,35.35,0,0,0,1,,1791441175,0,0,0,0,117,88,117,88,
1791441146,Br9f1Tjv8M7TKhycVnHUy71sZatkun3h1iLHWMg2pump,Nike,92P2ZdAhxauWoVWJWKoTgHDWotVSkWt4Mj4AnX5abuvo,pumpswap,1791431537,0.000002035,2054.13,2036,2036,0,0,89591.27,89591.27,0,0,0,0,6640,8513,6640,8513,,,-95.77,-95.77,0,0,0,1,,1791441188,0,0,0,0,423,2117,423,2117,100.0
1791441142,3xrw3JKyaSYjzksYc8nrZE1kReQAxoHT3epi3P1mpZVf,CAPYBARA,8AbJfad9XwX9iaDNpKweADPfMj2aztrdnWQS37Fcboob,pumpswap,1791433084,0.0003615,57587.79,357089,357089,12913,517796.59,2835281.29,2835281.29,151,76,4510,3123,21403,17730,21403,17730,2.45,-34.03,616,616,0,1,1,1,,1791441175,75,50,1979,1815,5499,4564,5499,4564,100.0
1791441146,BL5VzSWV8LuaXMRCXDhsNjJg8uMCCf8H64F3SsDzpump,PINKBOW,CP2hhKxU7h79b5itBgLNWtF5YgW1LVJGBLBBSif2Zqwo,pumpswap,1791429888,0.00004028,17008.89,38457,38457,1253.8,2564.74,93305.93,93305.93,3,8,17,23,1010,655,1010,655,-17.86,-22.85,0.26,0.26,50,0,1,1,,1791441175,,,,,,,,,
1791441147,EUtF5DmaVLuc3PQj1ZPcWFXLgiNtkmUNUWp45m7SRPL9,BORDR,GgKwysM1BKmU69bayjWKqJ7D258iUJNJrY3EvBEUwzNh,meteoradbc,1791433678,0.00004554,,45543.46,45543.46,0,0,11535.96,11535.96,0,0,0,0,298,383,298,383,,,221,221,0,0,0,1,,1791441175,0,0,0,0,172,200,172,200,
1791441150,qEThKVGBhiEYQBE8wjpwcaYy9KSsSYr3YehFzoKRg66,swordcat,3YvBHcCQNtuWmyJjQkMRRcED7FeciFyZYsZvMasa2QLu,meteoradbc,1791433788,0.0001128,,112867.63,112867.63,0,0,13829.65,13829.65,0,0,0,0,410,461,410,461,,,324,324,0,0,0,1,,1791441175,0,0,0,0,149,143,149,143,
1791441147,Dka17EGEfaSqbn4vMaWZmF8cPLNsv3wh3yVrXZ1tks83,PAYBACK,4WEJQWosCFmCFLYdGLgnoNWYBEjpyTq66bSTqjq1K4M1,meteoradbc,1791433597,0.00003619,,36195.01,36195.01,0,0,6808.6,6808.6,0,0,0,0,155,199,155,199,,,146,146,0,0,0,1,,1791441175,0,0,0,0,101,133,101,133,
1791441148,GQ1TEY5hUBFBccA23rkxF589BCPGYANZGmNx69Ycpump,FOMO,HfLBHH5QKwRLZ59sqP8QQJs9Nmhtj8qMJemRN998fDEc,pumpswap,1791432012,0.000002063,2098.03,2055,2055,0,0,212399.92,212399.92,0,0,0,1,28909,30349,28909,30349,,0.17,-95.71,-95.71,0,0,0,1,,1791441175,0,0,0,1,572,1434,572,1434,100.0
1791441143,6JsFmKxaextCuhCy9CchjAJUW9CTHFiAb7xFCAXkpump,LEGO,6PNTTukNFW7RRVfiy42BhvtZacAz7g1fVrcAEtQhDB9J,pumpswap,1791433460,0.000002060,2081.01,2051,2051,0,0,103455.12,103455.12,0,0,0,0,10745,9843,10745,9843,,,-95.7,-95.7,0,0,0,1,,1791441175,0,0,0,0,1723,2070,1723,2070,100.0
1791441148,EqDFeEopb7F7QfzcB4w5mtAr8jsgCgPLfFfvVfqEpump,USDUC,EsJqNUuBn8BQ367WjX7cRnz4L9vkqnr1gPxWkTMQbHGR,pumpswap,1791431459,0.000002051,2083.63,2043,2043,0,0,185465.95,185465.95,0,0,0,1,19554,20760,19554,20760,,-0.26,-95.74,-95.74,0,0,0,1,,1791441175,0,0,0,1,457,1962,457,1962,100.0
1791441142,4nGQFx9kpzYatXHdpEaZGjNujnZ5e6LxKiTuHuy9pump,Google,F4X1nU68McnZe81xwWHGtg8S72rxYwnnU5awg6b2ms5x,pumpswap,1791433404,0.000002046,2067.31,2037,2037,0,0,104867.21,104867.21,0,0,0,0,9271,10885,9271,10885,,,-95.73,-95.73,0,0,0,1,,1791441175,0,0,0,0,429,2130,429,2130,100.0
1791441143,5Mn3VAdUW34xWJqoEXCqzXRkDYoxZvvgo4CjFgV9Xiof,SHARKCAT,2nrLK9knhKJUh1mRAZh2sBnj3Zy4waH9PgP4mktQcvM1,pumpswap,1791431785,0.00002921,13401.5,27930,27930,212.82,8527.39,119950.36,119950.36,4,4,105,93,1578,1195,1578,1195,1.34,-2.57,-37.74,-37.74,0,0,0,1,,1791441175,5,2,62,68,697,649,697,649,100.0
1791441146,CHawNNAdYdzipEdiRDq3LFimhext5Z6g6zdohD1dACdx,Bot,GKKecsPJFbqD1i17quDJ6MUMWayBz97JxtgHJrLxQU85,pumpswap,1791434995,0.0001732,36113.86,167608,167608,9983.78,197853.18,478721.15,478721.15,104,72,1840,1303,4909,3692,4909,3692,22.93,100,295,295,0,0,1,1,,1791441175,,,,,,,,,100.0
1791441141,2tR8yiFtdZKWsfo66uoQa2jF1znYaA3XKMxrTQ3dPkcm,LAMBO,Gao5UwkVC9UB9xPwvbcKPhCPuGqRC5wqJSfo2xmY9DQj,raydium,1791260438,0.00002663,14727.27,26636,26636,398.84,13382.29,50433.33,53486.89,0,1,24,46,209,140,233,187,-10.23,-53.35,58.77,41.02,0,0,0,1,CPMM,1791441175,2,0,28,21,80,92,102,99,100.0
1791441147,EQJtW4XWQGvyHMHncaW1BWNMAhcQ2vqeQ2TFP5z6pSgn,LOT,2wgus2xrYg44oeTKq3iY3ynvWAVvomBdnbLtbCnkB79r,meteoradbc,1791434033,0.00004567,,45671.33,45671.33,0,0,55004.73,55004.73,0,0,0,0,341,307,341,307,,,1213,1213,0,1,1,1,,1791441175,0,0,0,0,218,124,218,124,
1791441147,EPH3fykJyHB2MWi7bVuHVxfLEzN5seRADxoXXJUJp5GP,LIGHT,8jR4UVUBjBpj2ZDiZdEZThrFXZyc4psJJzc4Fdosk6jr,raydium,1791426125,0.00007879,24439.42,78794,78794,1435.84,45185.93,212329.72,212329.72,9,12,248,173,1772,1222,1772,1222,-10.53,-10.39,56.28,56.28,0,0,0,1,CPMM,1791441175,8,13,85,119,674,852,674,852,99.9999999993982
1791441141,29AyD6mXchKwkVEG3Vd2KHkVvuy79fm8z1amwnP7pump,MEMENCY,2Ce9DBdYEcC3QsTA2bQn79PbBwTT9ugnqV1nvMDPXX2m,pumpfun,1791435600,0.00004721,,47218.35,47218.35,0,0,9768.81,9768.81,0,0,0,0,7,0,7,0,,,437,437,0,0,0,1,,1791441175,0,0,0,0,7,0,7,0,
1791441143,6sJdH6txGAMmdurQ13AFqoYSf1GMAompiXJ9rxSrujor,URANIUM,3Nu9UiDs28t8tB5MzStHaP858Ze1CS5pWcxRQ37HNLWL,meteoradbc,1791435643,0.0001741,,174199.96,174199.96,0,0,0.88,0.88,0,0,0,0,1,0,1,0,,,,,0,0,0,1,,1791441175,0,0,0,0,1,0,1,0,
1791441148,F63pVoAY5CuLtMsw4NpCwpfrmepivBRpwf7x8MyjuPZR,Bot,5E5F6msmWHNScwoJ4pR9uerqexKfKiiRzQzJiry8Schd,meteoradbc,1791435585,0.00003252,,32523.75,32523.75,0,0,7096.03,7096.03,0,0,0,0,192,235,192,235,,,79.26,79.26,0,0,0,1,,1791441175,0,0,0,0,136,158,136,158,
1791441143,6Wee9daNdUWRhTTYWzYtMi7m3fcqoFSmGemmBn9f4yX6,CAPYBARA,AKDUD1Xw3axy8DsZP2r2J2zjyGuu9EE4UvsEbtQN4j8s,meteoradbc,1791435613,0.00004509,,45098.2,45098.2,0,0,3120.4,3120.4,0,0,0,0,99,103,99,103,,,195,195,0,0,0,1,,1791441175,0,0,0,0,89,84,89,84,
1791441148,Fzv6KQrz79RKHibn5Krw3WhGe6iuQbVwMVRqfCtnrEst,ECSTASY,6ztVSCJq6WcrZnBYDsh8SGf8XbfnrxKRRQdE34g1qZdg,meteoradbc,1791435588,0.00005647,,56475.84,56475.84,0,0,3760.56,3760.56,0,0,0,0,115,105,115,105,,,33.42,33.42,0,0,0,1,,1791441175,0,0,0,0,93,68,93,68,
1791441149,HHjEdXRCNgQQugvrVZuCRRhJyTBWweMS54Jr9PzKpEAz,Frank,J7cpKhA2f7rimDjXVfKq62khYsvnEE7Vyqdt8gQZZ9Rm,meteoradbc,1791435632,0.00005733,,57335.91,57335.91,0,0,4842.16,4842.16,0,0,0,0,106,117,106,117,,,35.44,35.44,0,0,0,1,,1791441175,0,0,0,0,86,73,86,73,
1791441142,4f8kk1MVqGTgStmuCbw7Bku8qpavCoRjK63asszcpump,Pengi,82cgYGKvHBAL8g6pJK9DKQbr5USAommLy2PTJRH1XhYM,pumpswap,1791435311,0.000009406,6896.2,9173,9173,478.39,20464.94,350807.56,350807.56,24,7,476,343,4144,3072,4144,3072,8.82,-61.94,-79.75,-79.75,0,0,0,1,,1791441175,10,6,166,237,1530,1487,1530,1487,100.0
1791441150,rvajbC8iZBBCdfCadVV22THcYsa2LYvgfA6UKjapump,Apple,Gpg95wnMz4Wqt9BUWAt9fXN1hf1T7XCcANNbcfzE9nFY,pumpswap,1791434769,0.000002088,2119.63,2078,2078,0,1.15,162590.96,162590.96,0,0,1,1,21638,18313,21638,18313,,1.37,-95.61,-95.61,0,0,0,1,,1791441175,0,0,183,749,363,900,363,900,100.0
1791441145,8ttDkppFRzz8GZSv8derLqFDdFSLEoxLy81a9M6Fpump,DARK,5UCtTBaEJghAH3ekZ8cKQroZ88FdYYXz81th1fPCeCPL,pumpswap,1791434268,0.000002083,2104.17,2060,2060,0,4.46,88702.74,88702.74,0,0,0,3,7083,6843,7083,6843,,-0.38,-95.65,-95.65,0,0,0,1,,1791441175,0,0,0,3,2359,2675,2359,2675,100.0
1791441146,CUDaYTpsWoJEakpv62vQgNLG9Jxrm4djmsFTgEaQpump,BATONPASS,BERQeJZDTqMU5Ac2Q9SaX7AWpuEZRT2wiCSbUqmCETW4,pumpswap,1791434574,0.000002182,2323.38,2162,2162,0,67401.77,616042.58,616042.58,0,0,710,2851,5046,4673,5046,4673,,-99.05,-96.71,-96.71,0,1,1,1,,1791441163,0,0,1105,2710,3704,3973,3704,3973,100.0
1791441142,4QTZ4dR2SmHdP48KAxpqa6edUDc1N4NwZoFnyZHnvnbw,Tincan,4sVitreiU8kkrPeY3ooNUkcF7SqyxV9k3UuaTpqn6TRz,pumpswap,1791436976,0.00002481,12755.77,23731,23731,3094.98,515199.9,758049.21,758049.21,74,42,6171,4740,8795,6611,8795,6611,-2.84,-79.66,-46.89,-46.89,0,1,1,1,,1791441163,18,16,2084,2266,3100,2796,3100,2796,100.0
1791441145,A7jqmMTdF1ZoLqNykhDh8zB9HuSLSVfwh2WKM2yHk9wy,Bot,D8uCRrZbMdTFdor12yJUkd1yncYS8p4amQHGrt8EkaYp,meteoradbc,1791437310,0.00005657,,56577.18,56577.18,0,0,4983.43,4983.43,0,0,0,0,98,136,98,136,,,209,209,0,0,0,1,,1791441163,0,0,0,0,88,109,88,109,
1791441143,73hCD2tLcYGJoaRmTdMLuHqYRLpmuP4xVPPKjughGPp1,Bot,4PZEjpvYBdkYZHzvgZZKEPxkViS5hNRih5rGzvuPymTB,pumpswap,1791437300,0.00002953,39669.27,29531,29531,128298.11,1895313.23,2014351.01,2014351.01,209,223,4385,3400,5286,3639,5286,3639,10.18,90.28,199,199,0,0,0,1,,1791441163,41,39,1063,92,2096,102,2096,102,0.00000000109556325877729
1791441141,2PsWGYJSCWykuwcnJrPc7ptDmQSPr6TCaTQVzqAkPjmd,CAPYBARA,4XWgsLDyjgCJzsDwf9B33sVuQWj1zbMa94f5GM2CVVHU,meteoradbc,1791437327,0.00004547,,45477.03,45477.03,0,0,8740.88,8740.88,0,0,0,0,224,269,224,269,,,219,219,0,0,0,1,,1791441163,0,0,56,73,132,131,132,131,
1791441141,2pq7nDKZDysiFAC5DUqz3NcTvVGB2mVqnL6LizTotaDu,Tincan,9Lcm2zJ2U1MR8JEoJjDmhgAqrMswisgYKNyxse57Qekd,meteoradbc,1791437335,0.00003611,,36116.7,36116.7,0,0,6411.8,6411.8,0,0,0,0,226,241,226,241,,,135,135,0,0,0,1,,1791441163,0,0,81,89,149,138,149,138,
1791441141,12C6LFJK3i2tRGYB8Df4Hh1wspBp53bQqnrFsdgAUDoX,CAPYBARA,5divuH9XpAb83FuVSV56yE88TMyhrMvMBfePnmPC4FpB,meteoradbc,1791437271,0.00003654,,36540.9,36540.9,0,0,2740.92,2740.92,0,0,0,0,69,74,69,74,,,157,157,0,0,0,1,,1791441163,0,0,0,0,54,69,54,69,
1791441146,BcEzK1prWTBAF7rMwZWwqFcRWBZo1hP5uiDbPiq9pump,ABU,3KBo5ceVvba3w8WmSWWezmBmzatrP97YHgqq8ojs3LuF,pumpfun,1791437320,0.00002958,,29582.33,29582.33,0,0,1389.18,1389.18,0,0,0,0,15,5,15,5,,,759,759,0,0,0,1,,1791441163,0,0,0,0,3,3,3,3,100.0
1791441148,EvcPMthfynwpiBR1dj6hkDGJYrDZNyV6LkwHXwnNLevT,JUP,88DDPpSoeCPvFn5PuEHddekhuqESero46m3puLh6ABYK,meteoradbc,1791436131,0.00004554,,45540.78,45540.78,0,0,19380.81,19380.81,0,0,0,0,1161,1150,1161,1150,,,194,194,0,0,0,1,,1791441163,0,0,0,0,215,214,215,214,
1791441144,7jZLo8XKfLzPxny3gK2bVjnr4eDRV8xE8RHuGu2ay6h,CAPYBARA,H66u4gnTJsaPp8cMPvDC8ZoxaNL58nf7AqWdai75uXC5,pumpswap,1791436186,0.0002151,320141.06,215121,215121,784117.61,13319109.34,17488662.98,17488662.98,721,485,11353,8042,15395,10809,15395,10809,2.18,13.92,139,139,0,0,0,1,,1791441163,178,49,3256,51,4629,59,4629,59,0.000000000366585523644755
1791441145,9MPpW7J2Pz78YgLjsoUrbtBJyREYXnTisGQZM84Jpump,Uber,6fm4JhDXfba3zrjgm9ubgP1FNw4pzJqj1dxixMhhGYja,pumpswap,1791436262,0.000002054,2088.47,2045,2045,0,139428.2,191517.71,191517.71,0,0,15265,12087,24597,19301,24597,19301,,-99.78,-95.71,-95.71,0,0,0,1,,1791441175,0,0,1917,2055,2043,2090,2043,2090,100.0
1791441150,fKnhYdQEjqJ4GpRzN65ACHNmKY1o8LFgUdaGMaMpump,Joker,HHFFSVC5UfeV6c4o8s58DvUVdA9hQQR4xojnJpe2NCCm,pumpswap,1791435793,0.000002044,2061.05,2045,2045,0,2662.63,77658.97,77658.97,0,0,1,1858,17160,16024,17160,16024,,-81.26,-95.72,-95.72,0,0,0,1,,1791441175,0,0,300,866,365,913,365,913,100.0
1791441147,E4ZFpCKre3XGeJLD6LZQosgnkLKYti54ifhC4bkBpump,X,7P5XZNNBbmQNgxrTdHnj7nUQjsiKULjFojm59NiHFbx,pumpswap,1791435771,0.000002068,2100.85,2059,2059,0,121729.32,186769.83,186769.83,0,0,9261,10824,18795,19998,18795,19998,,-99.8,-95.67,-95.67,0,0,0,1,,1791441175,0,0,400,2102,482,2162,482,2162,100.0
1791441142,4zHofAZWJxqB5zrQrPZ8yh4FWxi7TCXQTM9gLv9STUK4,C3PO,Gb79ZGP981qTyswJ8py3LQUeGT2tcQeEeNve3bRqAD5r,pumpswap,1791439023,0.00007671,22794.14,76714,76714,5082.37,206232.94,206232.94,206232.94,59,37,1948,1387,1948,1387,1948,1387,-4.32,76.36,76.36,76.36,0,1,1,1,,1791441163,30,9,963,756,963,756,963,756,100.0
1791441143,6VCgZL6sCG6VGxHBNtrv5oeAsigPGFNguqWEgtAsVyXP,PI,AtK8EHTWGZSibpJjhG3uPDcFTG2doxQ5MksfoqW2EWsG,raydium,1791439164,0.08252,82203802.2,82525840,82525840,0.08,48857.64,48857.64,48857.64,1,0,40,3,40,3,40,3,,,,,0,0,0,1,CLMM,1791441163,4,0,38,3,38,3,38,3,
1791441143,6aZPUt12DiuCzgtzEt3FLojkqfMg4X7ihjGtTV8ABxdz,C3PO,J4yygpduLrCmUircWW9U2F1ktdXfANtzy7oUUGuh7eWG,meteoradbc,1791439081,0.00003369,,33695.31,33695.31,0,8288.03,8288.03,8288.03,0,0,246,282,246,282,246,282,,84.05,84.05,84.05,0,0,0,1,,1791441163,0,0,156,174,156,174,156,174,
1791441149,JAgqtscae3UPqZY5eeGUC7MYYibgTYbjeRo42gsYEjHw,UHORSTAR,3WD9NgSuu7AC6Jd6GnDaU5A2kzhyrSKiHmnYNKpkuMvT,meteoradbc,1791439189,0.00005648,,56488.01,56488.01,0,2993.28,2993.28,2993.28,0,0,59,57,59,57,59,57,,222,222,222,0,0,0,1,,1791441163,0,0,48,44,48,44,48,44,
1791441148,Ev3WcYkDJZprmkF8p1Mvo4ZRsD1WwyuhdiZTWVNjpump,NVIDIA,BjaJfJ654qRPBeskWfr8PrVnoP2eDd8SPgrZRZH572Fj,pumpswap,1791438213,0.000002043,2061.36,2031,2031,1.18,92078.22,92078.22,92078.22,0,1,10220,11780,10220,11780,10220,11780,-0.42,-95.75,-95.75,-95.75,0,0,0,1,,1791441163,0,1,516,2213,516,2213,516,2213,100.0
1791441141,22VsRoUFikdWPZ1Y63ygtczdhA9YrKyX412XSB1jQKTu,CAPYBARA,BhGDfqqK9pe3yf5Zgc6tUBQN716DPiqx6ZqmN5NUo7QC,pumpswap,1791438770,0.00009274,166311.01,92748,92748,494042.93,6287533.12,6287533.12,6287533.12,325,236,4006,3135,4006,3135,4006,3135,3.66,49.13,49.13,49.13,0,0,0,1,,1791441163,74,28,900,37,900,37,900,37,0.000000000438715964971333
1791441142,3PE6gBmCYrkKfzupjM4rexqDGE64ZR33VSxwFUpApoS3,X,G2No3YeFw3btG4LEUVqeT2q1VwJcyk3x1FrWhW1eQ4qo,pumpswap,1791438396,0.000002072,2097.81,2072,2072,0,125470.32,125470.32,125470.32,0,0,13539,7870,13539,7870,13539,7870,,-95.68,-95.68,-95.68,0,0,0,1,,1791441163,0,0,183,774,183,774,183,774,100.0
1791441149,Hm1SEzAiE7sz97d2uMLdMTtsNgCCaB4tGBQASV43JREC,Tincan,2sGkFcTrCowwTJ8Ry2SSxsRByJEx2SSKfZdpvKW4eX6C,meteoradbc,1791438724,0.00003373,,33736.8,33736.8,0,6804.68,6804.68,6804.68,0,0,229,223,229,223,229,223,,89.23,89.23,89.23,0,0,0,1,,1791441163,0,0,129,126,129,126,129,126,
1791441146,Ax5M9egnF6QDXdCbPiXaB8aJvxnPLmNy9SDpTh5rBmqP,GRAVY,CRwjST9gHeUVoHZCuBeKdkU2SNi7mqj5mu4APibeerut,pumpswap,1791438880,0.00001086,0,10866,10866,0,300632.92,300632.92,300632.92,0,0,1041,675,1041,675,1041,675,,-2.1,-2.1,-2.1,0,0,0,1,,1791441163,0,0,524,66,524,66,524,66,0.00000000108917433528484
1791441148,ExR5dhhhJezf2rP7eFs5FzaPv7AQZdBCJUiwFqHFpump,BOZ,9DV9MHS76qE1YokfRLeKbXvHrPQEXRZgnbXiqQuYnoex,pumpfun,1791440455,0.00004736,,47366.27,47366.27,0,47495.46,47495.46,47495.46,0,0,447,244,447,244,447,244,,1258,1258,1258,0,1,1,1,,1791441163,0,0,295,154,295,154,295,154,100.0
1791441146,CSqb8ZScSqRjyzVAwesGtxDtHpxDGB5ZmKTMELB6pump,MOGCAT,2WFm4D9uf6tukn6TAqFUznMk6ZfKPKSZeqappHf6NN12,pumpswap,1791439965,0.00005912,20081.47,59123,59123,14917.69,161779.63,161779.63,161779.63,249,200,2407,2049,2407,2049,2407,2049,22.75,24.89,24.89,24.89,0,1,1,1,,1791441163,84,113,1079,971,1079,971,1079,971,100.0
1791441147,DC6qq7doRftJtYU8hmcqgPF6YqYnqSAU1mUoUDDAHWyN,>_,9CL9xWQdKMjT6LR6RiE87zXHBrSjyoUjMjG9M55X89zc,meteora,1791440975,0.00002341,30216.51,23415,23415,115467.76,115467.76,115467.76,115467.76,683,465,683,465,683,465,683,465,140,140,140,140,0,0,0,1,DYN2,1791441163,540,72,564,76,564,76,564,76,
1791441148,Fo5hM7B5kHF9dQacnnnHUoKL5mGHruMimjNwcUXa2nGY,CAPYBARA,71uyEKrRy6AzbzvJMqSeQFXVdpUW5fLZvR7vrUnicNj9,meteoradbc,1791440942,0.00003217,,32172.46,32172.46,4760.08,4760.08,4760.08,4760.08,134,145,134,145,134,145,134,145,76,76,76,76,0,0,0,1,,1791441163,103,111,103,111,103,111,103,111,
1791441148,EwnJZTwmiywu9YtChP1nUyrEeCgb9FrMWLbwUsuypump,SpaceX,3wDPXjR4wbaXr9BZRi5W7EuSmBdSc6dSGmAKwLVBPDPn,pumpswap,1791441007,0.0005117,62291.91,511763,511763,22373.5,22373.5,22373.5,22373.5,652,517,652,517,652,517,652,517,973,973,973,973,0,0,0,1,,1791441163,320,207,320,207,320,207,320,207,100.0
1791441143,5dA6ZZL53o13KwJrcap9TGP6Y7nLuGU1wjPwaxDvV4nb,ECSTASY,7zmMPrqkZ9kJNH3pAR8Ddb4fjdSraPsnBLdWR2y4zRYm,meteoradbc,1791440992,0.00005698,,56982.31,56982.31,2856.2,2856.2,2856.2,2856.2,85,77,85,77,85,77,85,77,34.85,34.85,34.85,34.85,0,0,0,1,,1791441163,71,54,71,54,71,54,71,54,
1791441150,iDS8HvAUZ98DD8x6Nm8dcrMuUWupK44ejL1XWW6pump,ZUCKAI,3DZAtjEUrybxTWL1MgHWyZT3oJpDmT1952iENT5ThQtJ,pumpswap,1791440664,0.0005930,67227.79,593023,593023,11011.29,30066.7,30066.7,30066.7,2169,1566,3824,2776,3824,2776,3824,2776,41.74,1138,1138,1138,0,0,0,1,,1791441163,256,216,364,334,364,334,364,334,100.0
1791441142,3TevSbySA3Nybi3uhMxsuft2EHj1BCjB22VBUjj4pump,ChatGPT,49FBc2sUpwjGVbPnfpHr5owbgkfyFRiEgwHApDYqm9wT,pumpswap,1791440659,0.0005229,63011.59,522995,522995,7250.77,30775.83,30775.83,30775.83,1409,1380,2266,2194,2266,2194,2266,2194,13.14,992,992,992,0,0,0,1,,1791441163,278,253,409,345,409,345,409,345,100.0
1791441150,cfiovvZgnBdgkjaa8mWkEqx4EaWcss8bpXbZFAYpump,>_,5AmhbLDJvfr6yH1KedL7Qxr6yhQM55NH9Bpht3kKzfoJ,pumpswap,1791441118,0.00004852,17785.02,48522,48522,6764.49,6764.49,6764.49,6764.49,125,90,125,90,125,90,125,90,0.84,0.84,0.84,0.84,0,0,0,1,,1791441163,92,68,92,68,92,68,92,68,
1791441145,9jQYbWYjppUowx1sFeKsGFnT65xSDYSYWZQdUcWRdehQ,NEX Ai,2sknduSdgPpeMfkCPpgVKkqy51RnDjx48GcoeGNHdKA7,pumpswap,1791440291,0.00003273,52872.16,32732,32732,18232.85,60191.82,60191.82,60191.82,339,150,1577,528,1577,528,1577,528,14.52,51.55,51.55,51.55,0,0,0,1,,1791441163,63,43,1114,100,1114,100,1114,100,0.0000000007425868385005
1791441150,bFnNUtsKYxkintpbvfJ38ELFyM57dVzEHAkadV7pump,XRPN,DyFtBBjSEevFuUUYEazkmWZDDUcDXqpP7jFA4pPcJSKu,pumpswap,1791417693,0.7425,2448371.2,742524186,742524186,739.32,15777.29,138450.23,1296624.15,214,4,2956,60,17259,348,18637,398,-0.11,0.67,11.23,1536393,0,0,0,1,,1791441163,116,2,2195,5,2914,11,2940,26,100.0
