ts,token,sembol,pair,dex,pair_olusma,fiyat,liq,fdv,mcap,vol_m5,vol_h1,vol_h6,vol_h24,al_m5,sat_m5,al_h1,sat_h1,al_h6,sat_h6,al_h24,sat_h24,deg_m5,deg_h1,deg_h6,deg_h24,boost,n_web,n_sosyal,n_pair,etiket,gt_ts,alici_m5,satici_m5,alici_h1,satici_h1,alici_h6,satici_h6,alici_h24,satici_h24,kilitli_liq
1791495147,Enhuu882mnhTtM7bGwAUG5GzgdDUcyjtL2uqQTxgpump,GETSTONKED,suQHMZZNrzxRJWQtUcSSRkwNYLhL3MmvCwnmVqopTqv,pumpswap,1789134966,0.000006189,5790.53,5976,5976,0,0,14.52,21.98,0,0,0,0,6,7,21,23,,,0.57,-4.64,0,2,1,1,,,,,,,,,,,
1791495146,CygfJt67TZBEqJnib8RfSoAgrf1v15ooJNFCFZt8pump,ORCAT,8YebdxK9SPVyBcaMTSG7b364DZGnrQHMVPjuYfwZcF9N,pumpswap,1789132573,0.000003615,3522.21,3566,3566,1.4,44.93,260.71,401.25,0,1,41,23,229,115,380,198,-1.32,2.02,11.09,10.26,0,1,1,1,,,,,,,,,,,
1791495147,EWgq2xUb6eVCApeQombkPxd6uFjM8j9zRUXFS9MjKTiv,CTO,3364H2G3Kt536qgfV4az9HhN42i4owXGpcs4LuenHCBA,pumpswap,1788959412,0.0001842,42349.11,159527,159527,763.67,3662.48,10743.87,24305.78,25,13,323,138,428,212,588,310,6.1,2.67,8.25,0.84,0,2,1,1,,,,,,,,,,,
1791495144,8zP8DhqoTGNGXHXdQfHPPWrAijWt7FkgyporQ4FHpump,TRUMPCAT,HdpWYVr9vwJ4SafX8WNjoEx3MnUXnHH1Jy4yb4zPev8P,pumpswap,1789135365,0.000003410,3374.1,3372,3372,1.34,37.1,251.9,448.84,1,2,36,13,221,115,378,205,1.05,2.44,10.24,13.44,0,1,1,1,,,,,,,,,,,
1791495147,FjTfaSH861nVcbAxdFAHTvhoSL4kyR6wgTWynuJkapht,DIVI,9jP2H9FbqkYQtKYkehsq3XcGn36FFb15cCo96EBu339s,raydium,1789132107,0.003034,153668.95,3034441,3034441,0,0,540.4,624.12,0,0,0,0,4,13,11,29,,,1.13,1.12,0,1,1,1,CPMM,,,,,,,,,,
1791495144,AaCBdbi8DiBvWiSjTG2xkkqeshDCSifsvYqZrkpDpump,USESTONK,9wjZeqeWphj8JGSaFW1TEYqTznn5FmLvijPWiSqW6LCz,pumpswap,1789135056,0.000003337,3519.92,3292,3292,0,44.09,308.27,424.08,0,0,37,16,205,94,327,165,,2.26,6.32,6.38,0,1,1,1,,,,,,,,,,,
1791495149,WENAZ2WyPbmgvUcKfQ8hyMDfBQP9bZ65hsZ5KTFrRGZ,WEN,44uqqP9vejQLsoBBiETcDEQiDSdUK8aU6L2s7ocnmVVr,raydium,1789141196,6.18,2466.75,,,0.3,92.85,1022.98,13851.28,0,1,4,9,58,67,351,235,-0.14,-0.61,1.26,1.33,0,0,0,1,CLMM,,,,,,,,,,
1791495144,AAHvR3SK2KKa6nGyJZnkbbauLfEWnxqZGgbHHQWG8Aqz,Quagsire,F9rhgos99z63YSZ8u3vXJAZpsLAHVRK5yALTaiFPk1FW,raydium,1788825911,0.00002478,21546.66,24787,24787,0,174.59,195.12,955.89,0,0,1,0,8,1,19,12,,17.55,-0.34,-13.3,0,1,1,1,CPMM,,,,,,,,,,
1791495140,2RbedkHKGCfJ7NyeQBGWSParreAzSeAn6D8GHqLzpump,DELIVERY,JDAY2ptw6QikC4PHvsbL4VBGnFKRCc2XpKj2NcQjpZAS,pumpswap,1789143122,0.000002735,2832.28,2554,2554,0.73,3.36,34.51,69.48,1,1,4,4,30,16,52,27,-0.03,-0.5,-0.17,-3.54,0,1,2,1,,,,,,,,,,,
1791495149,zzjkh1hLbvsFJXWLfE6h4JNbcnRj4eteuKRw42PN2tC,MM,AbXLP7NmNiPn7iJiRJKRVoQ8Vs6SNzkuBRMFiRVygvtY,raydium,1788964414,0.000007635,6691.28,7635,7635,1.84,5.26,33.58,155.34,1,0,4,1,21,14,54,31,0.73,2.04,4.73,-4.38,0,1,1,1,CLMM,,,,,,,,,,
1791495148,GHcha5wmPV629D2aUnXsAz8x5EgEXTwPzC2YvuFJua5u,METCAT,2kXGtRwAM7VFYAtkXKZbzeXpbe6WwAWnoC65eMTQPDeD,meteora,1788994662,0.00003534,26557.57,35332,35332,0,700.43,5279.43,48905.92,0,0,2,4,29,26,266,179,,2.38,-17.24,-10.63,0,0,1,1,DYN2,,,,,,,,,,
1791495141,5GefefPX1mDs6ZJB1apYmz6fCTCiNJpHturZ9bvFpump,Pumpoween,8NVFB1unNk9aDtL5hooF8Hahf2rt4GLPWx9ctEadikHg,pumpswap,1788551378,0.0009976,91401.64,937926,937926,415.81,951.59,23289.76,100607.27,3,3,40,23,658,338,3375,1148,0.65,0.46,-5.39,-12.67,0,1,2,1,,,,,,,,,,,
1791495145,BGU4TfDLpV1JeJGXVgSbZkLSRxgAzcsQci1vEbaWJVcm,CATAI,HKPrXoz4EqJ5HU9m9PmTTTxSRwoB2Hbknd6UqUTsf2Yt,raydium,1789149044,0.000005992,8037.03,5992,5992,0,20.65,65.81,370.42,0,0,4,4,33,18,54,42,,0.01,-0.68,-11.72,0,1,2,1,CPMM,,,,,,,,,,
1791495149,J2X88a37smFUnpehNJHtR1CZcx8yRVUkx3nNW8zupump,XRPCAT,3i3iYrmMGyrQS4JM2Kqg4h7U4tSanXsRPRfz8QJV4L5G,pumpswap,1789147680,0.000002640,2998,2616,2616,0.02,4.41,52.52,111.65,1,0,3,4,51,27,94,51,1.43,1.84,1.72,-0.53,0,1,1,1,,,,,,,,,,,
1791495147,FLk6FKAN26m1FT4ucguwy3uHBMzLKcEu8KMTYD2Zpump,Stunk,8Tfvhwk6swWCjo7DNKrp89wWqrTdj6o9HBoDhfXT2dy6,pumpswap,1789150357,0.000004454,6051.17,4427,4427,0.27,4.85,51.64,62.98,1,0,6,2,36,19,41,27,0.16,2.52,-0.97,-2.41,0,1,2,1,,,,,,,,,,,
1791495146,DrHDDvxdmLEpb4d1DiCgiAnLNATiw2MC7EEuiyqfHGpg,minecat,6AYjEjwzu2AvHVjQRvYXdm7c1RReSdtSicBCQHAPFAjH,raydium,1789146234,0.000008709,12019.18,8710,8710,0,0,146,346.8,0,0,0,0,2,2,4,4,,,-2.49,-1.35,0,1,1,1,CPMM,,,,,,,,,,
1791495143,7pBPhnFP39W8WF7Wo5QPDvDR9avQ1me8QAUHqStHapzh,BAG,9o6sjTyk4MHsTM5BVUvnmPnqTK1rqrAvbArEx2mtatZD,raydium,1789214175,0.000004949,4927.43,4950,4950,0,0,2.37,163.36,0,0,0,0,1,1,2,8,,,-1.42,-27.25,0,0,1,1,CPMM,,,,,,,,,,
1791495145,ApikwMrgm6XPupi6ggR9mCLTzXSzvnHqAQjdKgpgpump,caton,3m8SCCaFvcFVDuGX762xxyyukfoB6X94fJLfU925stya,pumpswap,1789222090,0.000003207,3272.22,3173,3173,1.05,27.88,222.55,396.71,2,2,27,17,181,84,323,171,-0.14,1.83,7.68,9.48,0,1,1,1,,,,,,,,,,,
1791495148,HVVAKKU6QBq5WjaDhwXmxdBshH7w9d5nXcsuzV1KC6x7,STONKHOUSE,TMjyYk94wPVek8tnqrnBVT7sY8BQY4tr4AvQKWVG4Pc,raydium,1789228598,0.000002742,3306.35,2743,2743,0,10.1,10.73,11.16,0,0,0,1,4,1,6,2,,9.66,-8.46,-6.97,0,1,2,1,CPMM,,,,,,,,,,
1791495141,3nqHijNUExsnjNBb15WJsJ2xisyMVGN6FK4aUgZk1Rwj,TACZ,HXMUEuh1h9NvZodH9yRVwv2PRegC9w3kw8biM9pxFzXH,raydium,1789222622,0.0003194,38440.85,319441,319441,0,804.29,1626.42,9195,0,0,3,2,26,6,90,32,,10.23,30.81,8.15,0,0,1,1,CPMM,,,,,,,,,,
1791495143,84uuSMjPYDEAcsr8FXoBvCK2HwZS94c6BA8kk4jNpump,faucat,4WqrYJ1PfoB5Mjr9WCvRDLFLWWvD8nrufxvqEQSz65KZ,pumpswap,1789230886,0.000003810,3896.97,3754,3754,2.72,54.08,316.21,500.45,1,0,49,17,244,123,419,232,0.05,4.53,13.57,14.16,0,1,1,1,,,,,,,,,,,
1791495141,3o9FX3rc2VbcHugk8MjFxLn3fgHMLiFkDA3QWoUSpump,HODL,6VcDLAMaKGEQLX7YiR8JnwUnoyU9mMJuMSYZnK9XmVTN,pumpswap,1789232417,0.00001155,11200.67,11311,11311,0,0,0,0.18,0,0,0,0,0,0,2,0,,,,-6.08,0,1,1,1,,,,,,,,,,,
1791495144,9oXA1VWKNiYDYa6VKHBFFBBvZdvuhw1b2eD5Aka7YrVt,FLAME,23B6d3FvDu2eiZxyBLgWdm2W2vn1bdRwJTR6NCfQpxGE,meteora,1789122774,0.0002621,34627.47,262140,262140,0,478.82,11289.17,48649.69,0,0,17,3,83,63,311,311,,8.71,-0.25,1.06,0,3,1,1,DYN2,,,,,,,,,,
1791495145,AmPojoiSMGzwMMmrXFzovcnUA8UuwSTBf1myCBbhR4Mf,HODL,GDFfXyHBGy3fLpRC1BAZLvtmAhYtPB45NV2uFNidEYrs,pumpswap,1789233379,0.00002446,17940.32,24174,24174,0,73.4,869.76,1052.97,0,0,0,1,4,3,9,8,,-2.3,21.64,14.3,0,0,1,1,,,,,,,,,,,
1791495143,7vSG4GX8qz5V36noSde5Z9xV8xAXAGqivDyaNytPVDJf,Tulip,r9cBueKD9ZLzN2kXyNCzpX5iJmYLw5fWhDzCtbDCz6K,raydium,1789236507,0.00003513,16353.28,35140,35140,0.01,193.26,1338.72,2187.42,0,1,1,7,9,23,22,40,,0.05,36.82,72.4,0,0,1,1,CPMM,,,,,,,,,,
1791495142,66aBzVKucLmWvY2JEU5CjAYcUSz7YcpoBDfXXWV9pump,stonkbaton,Hq2mjD6bVncRiTaQnaQSDkjEubzJuuZa35trHJthbEuv,pumpswap,1789234383,0.000002914,3134.62,2887,2887,1.31,16.36,124.38,219.99,2,1,14,5,112,41,188,84,0.09,0.22,3.85,2.19,0,1,1,1,,,,,,,,,,,
1791495148,GJnF3R7QXZdquYEeCFUE5YJuSkR9wdL9B3ojE5bNpump,Cupsey,8KeSrh4fKnDsDzRExi2BH3cBQSWPLU6Kd52or6xgSscq,pumpswap,1788985996,0.00003078,19245.32,29892,29892,0,136.33,4746.62,9636,0,0,3,4,39,38,68,62,,0.47,17.43,-2.37,0,0,1,1,,,,,,,,,,,
1791495147,Fuo63YDw3vg68VVCF79gDc9MrP5k8MUjHkKiRG9Y5Nnj,RONNIE,CT3hniTz3tye14nH93rBhEaCSMt5Gn3UNsG8AVAJ8omz,raydium,1789241381,0.000006698,8627.56,6698,6698,0,0.22,0.39,69.16,0,0,0,1,0,3,1,6,,1.16,-0.05,-0.92,0,0,0,1,CPMM,,,,,,,,,,
1791495144,Adgt7dseCq71eN6GDuoUgpsNQp81ZNhq24nrF7pxpump,Noiz ,8zVwLfWw8KpbKoTGdufn6BwTg6Z12SFREHBuZM6UUrVs,pumpswap,1789239852,0.00008237,30349.31,78500,78500,0,1.28,3116.37,6903.21,0,0,2,0,36,10,71,29,,1.28,11.45,7.58,0,1,2,1,,,,,,,,,,,
1791495146,CNWxmoBSQZo2Sgp5KSAK5m9FwSqDbXQRP4CNMuoe78Gm,TWINE,5x74XfDESP5j2vfr7nW76mqgQkKMUJUhGWXog4FaJs9X,pumpswap,1789241802,0.00001526,12738.77,11025,11025,0,0,0.01,335.61,0,0,0,0,0,1,2,6,,,-3.7,-7.22,0,1,1,1,,,,,,,,,,,
1791495147,FLWSojG1gB5VStYR3Sb4nQFRt43UBYkqih1j2CpVLqgd,FLWS,62sCoQRHneRNWeDXvDvTz7s5uTNgBZD9JE3389DVZ9if,raydium,1789236249,2.70,2570.64,,209332,0.27,84.08,593.1,2385.79,0,2,1,10,13,38,34,92,,-0.5,1.26,2.97,0,0,0,1,CLMM,,,,,,,,,,
1791495148,H22aquDouZNFyfykwnXmY5Y9z5sMQtLFy5tUKR99pump,NINA,FNFAKndFFyNzJ9o6VwVBtXXQHVUGVMAwRRoXCgB4Dk1y,pumpswap,1789315712,0.000006895,7565.8,6789,6789,0,32.22,35.76,364.1,0,0,1,0,3,0,9,6,,1.66,1.2,-13.01,0,0,3,1,,,,,,,,,,,
1791495144,9GPG5ifxoBXQroVTHmGanxmFGxYDTFPZqKunGueKpump,BATONIUS,8gyEQkyS7nVmUEhwBfDppe1dnCyMKgtQXE6ohZFVCCa7,pumpswap,1789313618,0.000002727,3129.99,2708,2708,0,9.79,43.98,57.97,0,0,11,1,46,12,58,18,,2.3,-1.43,-1.74,0,1,2,1,,,,,,,,,,,
1791495140,3Sv4Jriwo2V7c1wturGVrrpfKc9XbGxewnDHpMLrpbWQ,INDEX,2ERrusBSySAXcfnEp4CBoLE4b2ZSiRVJd55Yz9im2yg4,raydium,1789313762,0.000009581,9075.67,9582,9582,0,0,0,11.18,0,0,0,0,0,0,2,3,,,,-3.33,0,1,1,1,CLMM,,,,,,,,,,
1791495145,BeXQ21cHNExQTbTbm6Fd2Mnsy4nAw3N3r7WNWTFfpump,batonguy,CZ3RCuQfxB7WPG7j9wtyptDh3CSHnRQtAaHiM75hAjdQ,pumpswap,1789311795,0.000002677,3141.45,2651,2651,0,5.12,51.77,83.06,0,0,5,3,51,23,78,35,,-0.48,-0.98,-2.43,0,1,1,1,,,,,,,,,,,
1791495149,J53EGLkGxyC3mh45RVWxYtETEj2T9G3YnUPX5nn6AXGc,EBT,Ct95dqvF3kqhcnEFaQYM8wkvHypy7j58yEGYJQvyHHd2,raydium,1789313427,0.00001698,12346.29,16985,16985,0,0,9.5,289.49,0,0,0,0,4,0,8,4,,,0.31,-4.31,0,0,1,1,CPMM,,,,,,,,,,
1791495141,4775QEyTS7ECpvhbeEg1a5XUjpK6CtEJwRpw6vvwpump,ニーナ,F7Ec4mc9RcRGYFEyHB1gFxJXeGsCo87dELpXNDKa4JZA,pumpswap,1789318876,0.00002563,14311.05,24911,24911,0,67.68,3335.63,6617.54,0,0,6,10,68,58,158,153,,-1.99,-12.1,-33.59,0,1,5,1,,,,,,,,,,,
1791495141,5KGs4UpLsbEfHCXEDGWNcYb3WsLUvcBJSGzoTTvkpump,SAILOR,6U9HJU24RZxixDsWR2aUAYUiZM757r6xvYNUGNodSs9v,pumpswap,1789392608,0.000003500,3515.81,3465,3465,1.66,50.26,239.7,422.8,2,1,34,23,203,127,363,216,1.16,3.57,10.86,12.45,0,1,1,1,,,,,,,,,,,
1791495148,Hbwg9XfY1wS3raFwhbqXT2Af3zKqXJqdt3PbVKt8722h,GUGUGAGA,2rouRzLwPDpyyhkigo9tNj4vU61WHAYTBmWF34LWkSks,raydium,1789392126,0.000004465,5577.07,4466,4466,0,0,1.37,91.97,0,0,0,0,0,2,0,7,,,-1.15,-8.21,0,1,3,1,CPMM,,,,,,,,,,
1791495142,5THtNEGTF1y67eRWvcgz3MomDZePCVx1xdskHHeCpump,Saturween,HJZMbpTZGuq5Nkss7CrDV4ooxfYKLv7p5aWiqYSBDdq2,pumpswap,1789104643,0.0003566,58147.37,346221,346221,96.96,1308.55,3599.73,19992.95,6,2,39,18,152,87,411,7417,0.63,-1.97,1.17,10.26,0,1,3,1,,,,,,,,,,,
1791495146,DJTu7vi8norVzdVAffgvb39VP7wjKeTsgaMBJrzfxvoF,DJT,7gkB2D1SqhUYgKrSpDU5cma4tK9efijHouYituABdJcG,orca,1788976702,8.16,498822.49,155900,1059539,0.28,6101.83,194140.86,664892.7,0,1,23,44,812,931,3131,3512,,-0.6,0.8,-1.01,0,0,0,1,wp,,,,,,,,,,
1791495147,ED5sSiNyupMpgV9UwcsKRN9yMGiPKojQ3Vx5f6rYpump,PUI,C1p5VyMXuzUJBYEu4fHQThVWqLW61ufFQbLLdgb7YHYp,pumpswap,1789406615,0.000002565,2563.27,2463,2463,0,0,0,2.56,0,0,0,0,0,0,0,3,,,,0.23,0,1,3,1,,,,,,,,,,,
1791495141,43YTfnYFLyYiiRFr5YZ1mJFVUJrY9PgeodQ9ofNCpump,triketyson,3nYu83SuZywkEvebBa7ehk4ArqXSvEB4ZAH5ujGYagNw,pumpswap,1789407104,0.000006597,5372.73,6394,6394,3.89,45.14,210.75,355.69,2,2,31,24,181,81,316,155,-1.16,0.18,4.7,4.34,0,0,1,1,,,,,,,,,,,
1791495144,ACUwRujuT8fwQWh7Z6qwndJeWddzkHjUtnhiQygmyG1D,scat,EdWvSkpnUgiiranmboeq5Asu7BQaCFTxGHCDexBb6S3Q,raydium,1789147272,0.000004041,4842.24,4041,4041,0,0,2.15,111.94,0,0,0,0,1,1,10,5,,,-8.85,-9.64,0,0,1,1,CPMM,,,,,,,,,,
1791495149,J6AzegrwPyA8ti3Q6qvByEqM4r3E77A62xSdGZ7Xpump,TRUMPET,HDFepMMnneaeo8SpsFsJ1bUTHupCF2AwAyQbeQpukCW8,pumpswap,1789406630,0.000002446,2639.74,2423,2423,0,0,0,4.02,0,0,0,0,0,0,0,4,,,,-3.17,0,1,1,1,,,,,,,,,,,
1791495149,HrZh7koZFedTSHng4bVmhULwejpmVdSKUYxaf2N5im1b,CATOSHI,3ymDaFRGWYGY4jD1AX1GPAhsd6m5MNwSA5cUm35wpqg8,raydium,1789406889,0.0003250,69605.22,325018,325018,27.13,2085.67,5278.29,11756.28,2,0,12,9,59,51,126,129,1.44,-1.13,-0.53,13.74,0,1,2,1,CPMM,,,,,,,,,,
1791495143,8VJ9ksmzQbVnz8dzT9ggzo3WuXtxnurBqLAvLGFGSTNK,BELIEVE,C371GYu6eMZf4KCkrzPdwoSDQy1tGeQYUqeeJnpyu5KQ,raydium,1789408396,0.000005461,5626.85,5462,5462,0,0,192.5,7340.06,0,0,0,0,6,4,67,69,,,-13.33,-31.97,0,0,1,1,CPMM,,,,,,,,,,
1791495143,7YkVB7wohCf51NFWMWY2h6FHpJsYa8VZVDvAczx8pump,thewok,2p7SwekMNiYM8qdSeZR3Fk2Pcqi3Pe4ZNsHjhN39mT3t,pumpswap,1789394358,0.000005247,4585.04,5066,5066,0,0,0,12.11,0,0,0,0,0,0,0,1,,,,,0,0,1,1,,,,,,,,,,,
1791495147,FsEQGePjwwnH3iJzRLekPNMqMdYZLi5L2oCLsKGppump,Catez,aKBt61bhKkHNYUBwrvcWmj3iJJNujLkTqcknHEhFFnw,pumpswap,1789410723,0.000004382,4482.3,4241,4241,0,2.11,38.37,73,0,0,2,3,25,13,46,22,,0.09,7.92,-36.27,0,1,2,1,,,,,,,,,,,
1791495140,2CFiKwy5ATZZQkjrVtrvXPFaa5WZddv2uJ25Acs8uz6J,AIRDROP,6MPGodFxvn2NrtXZyyVt7stm7yyNmz3aJZLLjM1AabPA,pumpswap,1789412586,0.00001827,13526.22,17678,17678,0,209.8,468.69,871.43,0,0,1,4,9,6,10,9,,2.45,33.41,36.36,0,0,2,1,,,,,,,,,,,
1791495143,7PboeXUhu35TYV4TFfKzvMGPj9TfgsbSADjWcasE35zu,SENGI,GkXQF2TQZMb8DBEHbgofmACU7o7Ctn6gjp3qwba8ZTve,pumpswap,1789488030,0.000002347,2347.85,2253,2253,0,0,0,0.18,0,0,0,0,0,0,0,1,,,,,0,0,2,1,,,,,,,,,,,
1791495141,536Y2Cf53iJ64N8JsQHnVPkCTPoXLhAHx5dCRX7XW7fM,SME,95yx64LVVBaahpwa14N9jVYyTRKXGGMSYA3Ve5zuastP,meteora,1789486161,0.000004598,7071,4589,4589,0,0,10.99,22.85,0,0,0,0,0,1,0,4,,,-4.19,-6.29,0,1,1,1,DYN2,,,,,,,,,,
1791495146,CvegBNDMn69RfvXgM6rEVKbuoeWP7pGHjUD6bsGDSwPd,WILL,6hDF7a9VigajdYDe4eqX8CZcZKLBZcLQWxCfAtHCHUbY,raydium,1789484841,0.000002859,4181.97,2859,2859,0,0,0,0.59,0,0,0,0,0,0,0,2,,,,-1.38,0,0,0,1,CPMM,,,,,,,,,,
1791495144,AdgZULsSbgvopxu9Avv53F8dtrZasPpEdXXZUAdWTdyT,CAT,DsJrexcGSjWQg6XGLo4tcqwDGeVWZrW5psRwC4sMtuid,pumpswap,1789490920,0.000003606,4254.89,3513,3513,0,30.77,121.9,153.72,0,0,2,1,3,5,5,6,,1.65,-1.35,-3.76,0,0,0,1,,,,,,,,,,,
1791495146,Caej3LQSaGou4ZFgFtCtbMo6yegpPRaw31MawHEkpump,BLAST,GXGUrB9qSoVpR4EpGtseTt6EWMKqXtZ9qev1NZKbNTvC,pumpswap,1789492841,0.000006019,5718.1,5185,5185,1.41,35.06,276.94,443.02,2,3,40,20,240,121,386,209,3.07,1.06,10.53,0.71,0,1,1,1,,,,,,,,,,,
1791495143,76a7g4P4HJmQk4Mrwe6sb6dte7BEMKCaWuHNo51tSTNK,FART,4LkS8nePcAdGtxP4PkA3hYTehepDgqpfpRimE2A9rAkK,raydium,1789492044,0.000002428,4496.23,2429,2429,0,3.33,4.89,5.22,0,0,0,1,0,3,0,5,,2.77,-4.85,-6.04,0,1,1,1,CPMM,,,,,,,,,,
1791495148,H7Y3TzFyyfPBnn5Dpwa5m79NdgDQnFS8TcAtQe2Tpump,ALLCAT,FRbbs4H1UkpQHEYJUt3Lwqg1rx8wQxYan12SgFxVj5Rr,pumpswap,1789496538,0.000002326,2575.71,2291,2291,0,0,0,4.46,0,0,0,0,0,0,0,2,,,,0.02,0,1,1,1,,,,,,,,,,,
1791495140,2pPPGoFjQtkFjGkwDDUfVofdgEUrFZEiU6D8SuedZupM,BACKD,76dgJVMiCnvZKaKSDxWJPgzZ9NxxZHk1Qc9LhQq6XCJ3,meteora,1789496266,0.00005411,21450.82,53684,53684,0,57.39,1826.6,15312.96,0,0,4,3,34,19,228,177,,0.1,-4.2,-21.38,0,1,2,1,DYN2,,,,,,,,,,
1791495144,ARXGZZiQTQ5LkdK6HarDbKeJrzGC1mfMY4bkchUWNmEW,fun,AkReZPmRoKEnoxthXe2k61Ldzt1rqyAZd9U2TLFtTGL,pumpswap,1789568986,0.00001380,11330.31,12972,12972,0,737.59,4912.27,5755.21,0,0,1,0,9,6,14,10,,4.41,-7.92,-13.84,0,1,1,1,,,,,,,,,,,
1791495144,AMD8XwJXgQ9WV45Wyj9yFLejxzf2J6VM1PJY8bJEjeES,AMD,CXioobgkWZiBLFdqvAFGwvjqQsX67HJVQoXVXyqSaYnR,raydium,1789570781,621.79,43611.36,,,13.64,632.35,16390.96,46133.97,0,1,0,35,234,330,620,630,-0.15,-0.02,-2.38,-3.47,0,0,0,1,CLMM,,,,,,,,,,
1791495145,AowPHdsFTZNTa7JDGFUCRpyGa4niTS9GBG26CNWtpump,PAIDLON,6m5D4TwmRKyAJrUYmHTRGgjunneaqFifUuczA17Wy6op,pumpswap,1789570255,0.000002709,3135.5,2680,2680,0.28,9.61,64,118.95,0,1,10,4,52,21,96,49,-1.26,0.14,1.24,0.29,0,1,1,1,,,,,,,,,,,
1791495144,9GEUA6pXNmf1c8nujWRoJDq17K8gfMyWBNp5d9cfw8xG,GB,AJjEj8KKGFHQCE3XrfyR6atGhnPkzVnkBiLkbayHhZ8h,raydium,1789571369,0.00001001,10335.57,10016,10016,0,0,458.66,650.67,0,0,0,0,2,20,6,28,,,-17.99,-19.51,0,0,1,1,CPMM,,,,,,,,,,
1791495144,ADwZDpksXiV3jq9UJ7BWCYcttzNezHJMhC1i1YqkiKZW,AMD,GttvKoRmEYNBVCRv6GaFuxPomnPKmDrn4qjZ4yASsxnw,raydium,1789570833,0.000004152,6334.52,4152,4152,0,0,0.19,0.19,0,0,0,0,0,1,0,1,,,,,0,1,1,1,CPMM,,,,,,,,,,
1791495146,DM8CTfQPoMtXRoeEPyq8NahPVfhQbvxvWDon5bz7pump,ELONIUS,7LCNhCXbB7L91wxX1s2tqQT7mfk5yqeJry6y2UfSQDH9,pumpswap,1789573856,0.000003473,3546.56,3412,3412,2.08,31.55,225.24,418.94,5,1,42,19,250,88,395,182,1.24,1.82,13.61,12.29,0,1,2,1,,,,,,,,,,,
1791495148,GNuKpXCeNwzfBWXJ4i24n63kRSdoG3mgMYLaEpGppD33,STIV,21fHJWPXthzwA6Fn3gpWg1YsmSdbE13HmpD6h14sVSBH,raydium,1789568891,0.000006273,6552.26,6273,6273,0,14.52,16.36,26.9,0,0,5,0,5,1,5,2,,6.16,-2.49,-2.49,0,1,2,1,CPMM,,,,,,,,,,
1791495145,BgPVa7sDjUaS5gBFZTFLsgFJBCYYmLcuBuNwsGcRRgxv,FLY,AWcbi1XhawJgroiGGVPtpcwSUv77L1mstQLpKhbAUA1z,raydium,1789574814,0.00008447,25556.71,84479,84479,0,21.03,1855.43,5733.87,0,0,1,2,8,11,27,26,,0.26,1.62,-9.26,0,1,1,1,CPMM,,,,,,,,,,
1791495149,UPSqUeMHcWbkdg784XuBUEF9DtySSnW9ur5LAVdcuB9,UPS,FYdQbwGYnQf7mp22dvd7LxRkUAxZPNNniHN462WvUbXu,raydium,1788977169,94.16,57993.19,163376,163376,0,15.23,3764.98,4305.11,0,0,2,2,39,26,45,49,,,1.36,1.4,0,0,0,1,CLMM,,,,,,,,,,
1791495141,42pb6W54vpYt4WGMwZ57Wz4TedsoydKVgHFgjjnip1pa,CROWN,BbghZpbH17FBy3j7PENM7v2zafofGUwRfP2snEBsTnJ4,pumpswap,1789575507,0.000009064,6797.11,8474,8474,0,799.32,882.22,883.48,1,0,6,1,8,1,8,4,3.91,32.18,27.11,26.41,0,1,1,1,,,,,,,,,,,
1791495143,8MinWCVhsVpnSp3mHM41K7m1Y5jySA4BdsWYREWPcsXc,XCoin,3GoZZFeqaehuaxHvDNQiiz5iGCLQQM9A35ki9smjGu9X,pumpswap,1789580249,0.000003799,4117.05,3735,3735,0,0,45.21,50.86,0,0,0,0,0,1,0,3,,,-9.15,-9.98,0,0,1,1,,,,,,,,,,,
1791495149,MRVLSjkR2ceUBukujaD3xCyHP1H3B2SzpsNTZF546jo,MRVL,FLh2eh5FYqnhWZjMYkH3pcX4wHTjn7R1dtTN7xVf8v3T,raydium,1787837495,274.13,19734.03,249739,249739,0,38.23,8508.86,69258.44,0,0,4,3,142,202,451,665,,0.04,-0.68,-3.7,0,0,0,1,CLMM,,,,,,,,,,
1791495144,9FjBTDubXmk7VWKhk7MN5yFiNgnLxQuhRE2dp49nHxu4,PRAXIS,GAin7nzKU9t9TBCBJX4zBtX2ARbgPMtp84BuCdH8CCAz,pumpswap,1789579234,0.000006345,5615.95,6065,6065,0,4.26,4.26,1039.09,0,0,1,1,1,1,1,10,,-5.8,-5.8,-41.19,0,0,1,1,,,,,,,,,,,
1791495140,2eMoMqs194VxPHSWtCCzkBGqwCUbD4ZcqhecoGuh4tTp,casinu,CgV97a8rm9sKLFcZDbM2avuUA6NQE64pnBzDv7tLUPSA,pumpswap,1789582867,0.000003338,3525.6,3209,3209,1.13,6.18,46.11,73.33,1,0,8,3,40,13,68,26,-0.07,0.73,3.17,-1.8,0,1,2,1,,,,,,,,,,,
1791495141,52qkNpgTHcjuDYhKVcg6rJS4uYYtJHpDRcJoSdKqpump,PAIDDOGE,Bs7Ad8EhZb4NjfcsnewodG2yULXrvdNpLU4wgKJJ2sqj,pumpswap,1789583060,0.000003005,3676.69,2992,2992,0,6.55,35.77,43.07,0,0,6,2,38,14,44,19,,2.01,0.45,-2,0,1,2,1,,,,,,,,,,,
1791495145,AyYNfPtftg2zDP4ZbgcoQMggQtwLh4zpfVVmUJs2thto,Tilcayo,ASgoadVEDL8zJn6KLUiMSh9m8x2yYAEZPsUSpvxHj3LY,pumpswap,1789657930,0.0002274,62893.89,222061,222061,0,1959.52,5865.07,22071.79,0,0,6,2,34,31,143,101,,5.85,-2.58,-24.68,0,1,2,1,,,,,,,,,,,
1791495141,4J7ahY9b4aEvVtwYq2ygDejG1xPYX7SRQGCftJJ3pump,Gatsby,EEWsjNB5Lvfcm1xM3KYBP1WbHrjbiznvtNxxGYjGrys8,pumpswap,1789655736,0.000003723,3902.6,3678,3678,0.69,30.68,279.07,445.16,0,1,31,13,236,119,381,207,,1.73,11.25,11.25,0,1,2,1,,,,,,,,,,,
1791495143,7tbyoEq8qewX8fCv9L9GLDVi56NmY3EdS4yJVaiBpump,GrokBot,9UQYgaSsctW9wqmFKYF4j1Vh9o1rEdFYY7RkE8v8CpHH,pumpswap,1789656250,0.000003470,3773.84,3419,3419,2.61,35.17,192.29,386.49,3,1,37,16,196,92,331,191,-1.25,0.94,7.42,4.3,0,1,1,1,,,,,,,,,,,
1791495149,WULFeyfrj1VJKD9HhRTcW8R4g5HefUA11HDEdBv2WxD,WULF,6enYb3XWADhxVPTinuReNpUBjDXd6gU7yvXRfzfkdNZF,raydium,1789658876,13.58,52616.75,,,0,0,5542.51,15338.42,0,0,0,0,17,11,24,39,,,0.37,-4.92,0,0,0,1,CLMM,,,,,,,,,,
1791495144,9CPfv7rc6vxBd3jtovmZtf5Zy8bdvssv8c4BwzbGk147,NINJACAT,HSJ3UmgN1HpVVhY3kQi1V3kmASxFDSGeVVWSxp5MAJzw,raydium,1789656471,0.001552,135438.19,1552270,1552270,2041.03,19707.5,900834.92,1609887.74,9,7,75,65,2229,2120,3985,3763,1.69,-14.43,37.9,152,0,1,1,1,CPMM,,,,,,,,,,
1791495148,GCjgZ2X4XmSrLX7SVuiAVkA3c1ptXdtWiVQN4u1P9GeR,GNOME,7HeQ9A8DcT5jBsx1rCeT7VZhLEgNaqKYevnxR5iLdjgR,raydium,1789620343,0.00003500,9893.87,35000,35000,0.08,21.61,742.85,2391.87,1,0,7,5,57,23,100,34,-0.13,1.31,45.1,-15.19,0,1,1,1,CPMM,,,,,,,,,,
1791495144,99wkUqrEX5jQsoidGPzeinXctDwMvJiLrei596bNpump,XSEND,GMANM6i6piWPxAMzaVMPsDCp1DvtwL9eEdVwopC7fzW3,pumpswap,1789659594,0.000003787,3983.24,3702,3702,3.39,40.21,266.3,454.64,2,2,39,18,218,103,402,192,-1.36,0.95,10.77,10.49,0,1,2,1,,,,,,,,,,,
1791495146,CrrcQsPD5zNW2hEKhBy5ARP1haGBKAmoqsgD8dqPpump,SUUB,Cs8i2JEMYYun9e15Ca9cq9UXGQ2uaML8nKLcEXkF5gxG,pumpswap,1789662772,0.000005291,5888.35,5188,5188,0,1.64,26.63,83.33,0,0,3,4,33,18,75,44,,1.81,0.14,-2.62,0,1,2,1,,,,,,,,,,,
1791495146,DdWMWacKQKkfBZsXsbBnha6LxBfPdJeoBdsn5NYSpump,SVEN,ECcdtLPLMrkmLqSWBvEML61mVZKXrSKkDg1AyH2X11MD,pumpswap,1789662025,0.000003727,3646.82,3647,3647,0.01,6.23,26.14,55.13,1,0,4,4,24,11,44,25,1.49,0.81,3.15,-3.42,0,1,1,1,,,,,,,,,,,
1791495143,7rUNV1HjfCzbtGi3ZbKQ5hYXVjzbAfyCTcgTULQxCwki,$EPEP,BXRcBvpUjtupBYw9STTFugriMkQmDEzQspqbyxZRaYQo,raydium,1789659638,0.000004009,5967.02,4009,4009,0,0,10.37,413.88,0,0,0,0,0,8,6,31,,,-5.72,-19.04,0,0,1,1,CPMM,,,,,,,,,,
1791495149,J3798uy2xE7Ni4sUkjvzJEDRkkNfY9LHDmpTUhgVpump,ROT,55G4exym75EHCzzBz1i11613aYF4CVwrZLt5iP6BHGJK,pumpswap,1789659492,0.000003396,3238.52,3253,3253,0,0,0.11,0.11,0,0,0,0,0,1,0,1,,,,,0,1,0,1,,,,,,,,,,,
1791495142,5cT9mMKGwJP42xdgwSxu9zsYCScCXqwpq49GfQoXpump,catwifout,GF5KiRvxGZ9ermv4A8cMaeHr1cCW6HwhSux8WN1Eyv4i,pumpswap,1789662288,0.000002758,3267.2,2733,2733,0.18,3.2,35.57,60.48,1,0,5,1,34,8,57,28,0.18,0.83,-0.65,-1,0,1,1,1,,,,,,,,,,,
1791495144,ARENA551cbiMFSFzXv1V1RDxufZEw9Q2Kbd5uD7FrFeR,ARENA,CxKu5DQgzCPGZCwkHF3pCL3ngPWunkEoHCcMmSr65u71,meteora,1789655488,0.005460,208282.36,5456760,546051,37.19,321.88,2733.49,11348.41,7,1,91,7,602,46,2557,105,-0.01,0.14,-0.11,6.68,0,0,0,1,DYN2,,,,,,,,,,
1791495144,9n8rBV1L917EUSVDa9KTX2uMxvPfKZxLLtwKnYs8pump,PAIDCAT,83X1pyFkuh2QEaKzeYeaKW5nhJiSkFfVqVUTgeQE2iAd,pumpswap,1789666818,0.000005793,5437.7,5717,5717,0,4.6,50.25,150.79,0,0,2,2,30,19,79,44,,-0.79,-0.99,-6.23,0,1,1,1,,,,,,,,,,,
1791495147,F7CTvENFnkDJysMhaFFicDT2FwnbW2oasFZGG6WJnar7,STONK5,Yu7b2bVsMtvuJQTFihKmrxLeexFNo9LP8FzUo9psckr,raydium,1789668324,0.00001683,12255.53,16670,16670,0,20.57,768.06,1898.64,0,0,1,0,4,6,15,11,,1.17,-4.03,-6.24,0,1,2,1,CPMM,,,,,,,,,,
1791495142,65eAVaiM8XZKqY6NsEY5cx4XcGWDGZadbHaGVL5QxikW,NASDOG,FEMHMyNvZsDoXJVU1HgkSDsYyuEt4tKhKyKsd9L5L5hw,raydium,1789748023,0.000006698,8765.57,6699,6699,0,0,0,216.9,0,0,0,0,0,0,0,8,,,,-5.74,0,1,1,1,CPMM,,,,,,,,,,
1791495145,BeUcez6cqhZbjPrNirkLsYADwfHUTzv7YSY3ATaWZqPC,HLOOP,4JXvqa2Gfw13MhLHydspKp6EnC3bDRChq94o1EH4xoJX,pumpswap,1789503874,0.000003384,378.08,3371,3371,0,2.9,10.9,20.09,0,0,1,0,13,2,15,9,,1.98,2.14,-3.43,0,1,2,1,,,,,,,,,,,
1791495140,2ThD6YT58UUYG4u8Zj7kKECY1ArKdsiFhRCwR6UK5ryU,CDOG,6St5RuWpcVKvgZEtAmg4PfTzSpxcJ5kaDJ8chwk2TNJP,raydium,1789748029,0.000007094,7134.14,7095,7095,0,0,0,129.35,0,0,0,0,0,0,0,6,,,,-10.44,0,1,1,1,CPMM,,,,,,,,,,
1791495146,CYPHuMmCL1GxJWa2tsPhLKykC7GrHJTCHwbXD4g5uawK,CYPH,C7esEMj5yvs5njfsYWii7d8hD11ftgcQ7RGruUS4H13u,raydium,1789748780,2.81,27310.51,,,206.44,869.82,30249.46,82433.9,3,1,15,11,660,666,1175,1216,0.01,0.01,8.9,-7.01,0,0,0,1,CLMM,,,,,,,,,,
1791495146,DeBEtV2ycUcZ7c4h7MnJAyjN2MCR4enmFbfDRZempump,LTC,4rcZd6LP7kKyUvZHHapxjwkGhqSqRELbGRJ1Pxf13zbu,pumpswap,1789748452,0.000002347,2433.69,2288,2288,0,19.25,35.96,58.47,0,0,9,1,22,9,38,23,,3.23,1.1,-1.62,0,1,2,1,,,,,,,,,,,
1791495147,G1oRgcKJSV9nXyqWxGhwFpzckYKmhpkGyRERaAHApump,SCAT,BP2rR8KqVryMEkpdiHreSfRSGtjiTDjEpWC9jq939UZs,pumpswap,1789748626,0.000002671,2872.25,2580,2580,0,0,0,61.95,0,0,0,0,0,0,1,2,,,,-6.13,0,0,1,1,,,,,,,,,,,
1791495141,4QsNTBKwHgyYUUHq9tDzk1CCVu7y5hK7z3GE9R36pump,nub,BMh3pFZw5M4PvQvENd9yRQFKePjjUM2zTtKrKTvXMYSt,pumpswap,1789750120,0.002483,621734.45,2483239,2483239,0,51.42,10853.81,33130.28,0,0,1,3,27,18,72,85,,0.82,1.25,-8.62,0,1,3,1,,,,,,,,,,,
1791495144,ABj66a6Xgo6NkgqPneqwi7ovon1B4DTtJXYU7yLGgGxq,CHEEMS,GVGCeKvVqfYJwfJhcG4t3iH4TUJydnBbYjX7NfUAKpdA,raydium,1789731916,0.000004065,6005.31,4065,4065,0,0,0,69.45,0,0,0,0,0,0,0,5,,,,-0.38,0,1,1,1,CPMM,,,,,,,,,,
1791495142,6TszfeLBfrBR5RMPSChMGPHfkwuNrQZDxV1ogr9chxCL,TSUTSUJI,8rHsH1oKmrnPyZ4qEYQj8R9rTocdMi6118bonvqkVg9t,raydium,1789748426,0.000002006,3019.76,2007,2007,0,0,54.39,54.39,0,0,0,0,0,2,0,2,,,-0.62,-0.62,0,0,1,1,CPMM,,,,,,,,,,
1791495146,D3Z5RXPGWtvAc7UxFSeN4itLBPHyNVhVLRzXBMmUpump,BABYCATE,uPzH2dgR1VSozVVbMNmE24jXitDWNPKm8SgUZcvLU4R,pumpswap,1789749607,0.00001578,10935.64,7427,7427,0.11,2,28.54,48.89,1,0,6,1,37,15,54,26,-0.5,-0.47,0.33,-35.81,0,0,1,1,,,,,,,,,,,
1791495141,57eBR7XfEEdWR44gTfL2cA2nhTpGbzXph4BHBzWjcCgi,GITCAT,GRsJJtXGuAQetRpjVu1QYnTS6vGUXchQRCKvrgv7DCsS,pumpswap,1789752486,0.000003620,3779.93,3574,3574,0,3.72,40.95,67.22,0,0,3,3,30,16,61,29,,0.41,-0.64,-2.58,0,1,1,1,,,,,,,,,,,
1791495142,6AUURRdHb9TrfPHv9AMofa8NEVoZDXcsbWKcUBpFSRXs,CYPHERCAT,4csHMs7d6ZYghbq6mS2o56BQ528eLjugQeFVhDjyWNS5,raydium,1789749517,0.0003443,52711.34,344370,344370,0,39.03,9498.29,27079.59,0,0,3,0,50,34,111,85,,0.43,-0.29,-30.6,0,1,1,1,CPMM,,,,,,,,,,
1791495145,CCv5c2LVTQyDxyodV7rKQwYaZK5KkNJdQ7c6jsmgsnXz,MAGATARD,9eC1ZTTKnjWSxhoMQ7GBcoBwHH84Cbm6TBQTzbzGeq8d,pumpswap,1789771429,0.00001941,10888.67,18271,18271,0,0,507.2,1451.25,0,0,0,0,2,3,12,8,,,6.75,3.27,0,1,1,1,,,,,,,,,,,
1791495142,67buYJjYX5usoVtefwS5vXJvELK2ijxD334igCjXsNh4,SI,DaQiKrJE2cokUz3VDa1L6zCqfHaRvqLUjLTaHEEiJF8j,raydium,1789831994,0.000005335,7802.51,5336,5336,0,0,0,9.72,0,0,0,0,0,0,0,1,,,,,0,0,0,1,CPMM,,,,,,,,,,
1791495144,98rAFRoTjWVS6au9zRHcLuc3NdfaXQzvR6wJLKu2pump,CC,CMhv5RKL7axdiMoaesxqJLvAb7rJiSbR7RnH6eMPvqtS,pumpswap,1789832675,0.000003752,3878.6,3619,3619,0,0,0.32,0.71,0,0,0,0,0,1,0,3,,,-6.15,-7.28,0,1,1,1,,,,,,,,,,,
1791495145,Bc3qHg2vppBvuW8gbamt1NDJxhc1EZs92Mpnn4jhDh2W,DIESEL,3rRbVDkjQpjFYH1MPTGBFLjQuqNShu6Ewk8Etw95FXya,raydium,1789739886,0.000006488,6794.38,6488,6488,0,0,1124.42,1126.19,0,0,0,0,8,6,9,7,,,4.99,7.87,0,0,1,1,CPMM,,,,,,,,,,
1791495147,EBsK6LyH8ZCF6aq2uD4fTkFHuPzA1DLUE7fLjMyJpump,Annoyed,BNq95e7uvYYyER4VzhSD3yGPgTr3vQG27fmXqQHFjUhU,pumpswap,1789811272,0.000004081,4314.66,3904,3904,0,0,0,0.81,0,0,0,0,0,0,0,2,,,,-3.08,0,0,2,1,,,,,,,,,,,
1791495140,3D9t1rYM9ZDTYC6tz5X7FoFHxe7aoKPnppt7Yi9xCcc8,EPEP,9MLrwMgK6yBuK8zAYwabmc9VTDaugY8UpjMmmX5AZNN3,raydium,1789794291,0.000002533,4514.35,2533,2533,0,1.84,1.84,3.9,0,0,0,2,0,2,0,4,,-4.37,-4.37,-4.55,0,1,1,1,CPMM,,,,,,,,,,
1791495144,927iWr8JTH7XVz6uHxvrqxTvYpoHzUEuNuteSMogu6Kw,WELOVEDOGS,6jdsGzc6zkdcYxyqBUxJQNJTd7F7rnCEfN6Du95LqjkB,raydium,1789837445,0.000006048,6850.72,6049,6049,0,0,74.92,405.63,0,0,0,0,0,4,2,16,,,-5.62,-19.11,0,1,2,1,CPMM,,,,,,,,,,
1791495149,tipp4C4Jnpft26HC9VXNjUPidojZqxXf8nzKvrKf5BS,TIPPED,CJieB7FUMhEFMaEFjAxQJnkVXNMvaBm3DHHP8RTgBeG1,pumpswap,1789837333,0.000009554,9849.55,9467,9467,0,0,35.05,162.87,0,0,0,0,2,4,4,11,,,-5.67,-4.08,0,1,1,1,,,,,,,,,,,
1791495147,FatoMrm2ChLmPR3f7PGYRKv1p6HQU7pwyct3tz4vpump,PUMPINU,9TKf1ECwDpjW6trk8RGJ29rLKt4PzCSePzRtix4CZATd,pumpswap,1789835037,0.000004354,4135.41,4257,4257,0.33,8.59,29.4,34.06,0,1,5,4,24,10,28,12,-1.13,-0.02,-0.99,-3.39,0,1,1,1,,,,,,,,,,,
1791495147,FhRfUoGTgQYJ1EJGcNtqr1Qxt4AA3K1Honikzjxkakr7,LOOOOOOOOOOOOOOOOOOOOOOOOOOOOOOOOOOOOOOO,GXfafufYpMV9Xe3P2UYvAjp42ytVT2SErwXe4HnQtehE,raydium,1789833512,0.000005489,6893.75,5489,5489,0,0,10.72,45.52,0,0,0,0,0,3,1,5,,,-17.02,-16.1,0,0,1,1,CPMM,,,,,,,,,,
1791495140,2TqMkSTqMpxACay3j8Cjt7uqUAWTG8HYqwWJ3xmbpump,XCrypto,Dui133EZMfjAJnNxf85hmNzxqF94uopJ8egGLeFr3k68,pumpswap,1789801387,0.000003759,3842.59,3586,3586,0,0,0,67.66,0,0,0,0,0,0,1,1,,,,-1.72,0,1,1,1,,,,,,,,,,,
1791495149,YteuJZz7Rk7yL8ZZ5ixvPihoipq36jiSJPUjdtemZuD,OILRIG,4r998TUQknQgaLR6mtZ24iDh1APmY6B3ToFiuBZqArJU,raydium,1789742608,0.00002058,13304.44,20580,20580,0,0,931.47,3621.17,0,0,0,0,9,16,51,40,,,-6.58,26.24,0,2,1,1,CPMM,,,,,,,,,,
1791495144,93RroVik9JkscUWwKWqRq9y8ALMxDHrAAqWWf5SM5Yjh,OILINU,78Msn3ZRZchqJeAWr41R6rCJpmpdRSzyCfRyZLr6WReF,raydium,1789739662,0.000006982,7654.66,6982,6982,0,2.93,304.14,1296.19,0,0,0,1,4,8,14,17,,-0.8,-2.09,-3.91,0,0,0,1,CPMM,,,,,,,,,,
1791495145,BT845WxZtv9qmmEiGXB9rueBi1LT1ViHr6gbYx142FFP,TOPCAT,4my19rfJCT6AAL56ai4ZGRtjFocF1nYts5kXmSFLfhvH,raydium,1789773111,0.00001776,12284.87,17766,17766,0,14.46,125.05,3407.36,0,0,2,0,5,5,17,86,,1.32,-3.03,-51.3,0,1,1,1,CPMM,,,,,,,,,,
1791495141,4cBCbqh7Ra22cLSZU1baMpHw4tLfu5Zz7isyx2fupump,PAIDCATE,8r76XGVKMyMoBfJ7pE1syhf7xvaeXtZ3Tt4vKBrm4Fx,pumpswap,1789839826,0.000003064,3172.19,3020,3020,0,7.27,89.87,140.23,0,0,5,2,17,10,45,31,,2.17,-5.29,-8.14,0,1,1,1,,,,,,,,,,,
1791495145,BmnGRH8N1ZXoXQGsE8dgSege1b4PaAhD6bAnoWcSdpHk,KERMIT,2Wxh5hWsGnxdaM2eKFB8cDKwKA9nGtujMN2ntXRpuwUN,raydium,1789841840,0.000006636,7368.38,6637,6637,0,0,0,53.7,0,0,0,0,0,0,0,1,,,,,0,1,2,1,CPMM,,,,,,,,,,
1791495149,tDaipedqjB6y4pzV2Mrgv44X1nd1pQGvVoHTZZB1aC4,BOLD,2UC5VpUMKU1ViqvQYEVjvwKoTRE9ZD7NGVLT89fShAHe,raydium,1789834620,0.000002822,4711.11,2823,2823,0,0,0,0.1,0,0,0,0,0,0,1,0,,,,,0,0,1,1,CPMM,,,,,,,,,,
1791495146,DgAEy7sL4FWyqguDvYA5a3YzE2VnhTeL5iEjCi79pump,JEANTRUMP,C6EnKYSBVN22gXF6kmiZoJtLYr8mD3vQ53A5aYPR8Np3,pumpswap,1789861828,0.000003077,3321.71,3038,3038,1.39,14.9,158.29,300.81,2,0,18,7,160,66,288,124,-0.03,1.03,5.7,7.05,0,1,2,1,,,,,,,,,,,
1791495145,C3b3fpyRWsJf3bo6vay2vo1bQ7CezwumZwTrP82Lpump,Tokens,Cc1EFpiwYod6rnj198HhVQn9vnMN73m1vxEHY8ab3994,pumpswap,1789849487,0.00001015,9214.35,9159,9159,0,21.13,870.21,4427.65,0,0,2,2,13,14,59,53,,-1.42,-21.47,-38.09,0,1,1,1,,,,,,,,,,,
1791495140,38EsA6oXoBW9ndYKHWghSVFAW7nLd4DRzJFwM9USSTNK,XMAN,56TYxeqQEAEHasqBgU7J5wb7d22sMQaGoXCTDYyupA3F,raydium,1789906379,0.000004127,5953.22,4128,4128,0,0,0,8.29,0,0,0,0,0,0,0,1,,,,,0,1,1,1,CPMM,,,,,,,,,,
1791495148,Hi421CWivcf6SKMq2v7LiwdGRCHrwa7qdMvbysZupump,BABYPHIL,34446HcTtd8HZ97Kn3voNAAwZceMxUWcWqEWHLRfEZFu,pumpswap,1789913022,0.000003381,3355.5,3256,3256,0,0,99.59,840.56,0,0,0,0,3,1,8,6,,,0.95,-2.24,0,0,1,1,,,,,,,,,,,
1791495141,55wNKcF14DxhfC4Wkh6vLPfhZEsiZUJxG5XKRGMWpump,GREMBLE,5gyJWLa3FGRtqjZydNjkaFpFi4bTzNxRccjHVnUTwzF2,pumpswap,1789868976,0.000003141,3052.25,3019,3019,4.21,10.98,41.15,66.81,1,2,4,7,23,15,42,23,0.21,-0.3,-1.06,-2.74,0,1,4,1,,,,,,,,,,,
1791495149,sdyKwWzC8EnriZWBBwm8YX25nKGmtQdZAHBEGLUpump,INU,EkFd3k5DYdwqf4zmoqeUxgB1sG8jqVyT4DmAAyuMhKjU,pumpswap,1789898860,0.000003761,3804.25,3452,3452,0,7.94,45.3,79.96,0,0,7,3,41,22,67,38,,2.31,0.36,-4.16,0,1,1,1,,,,,,,,,,,
1791495145,CDAC33JvozJ1UjxBMkvZgJcVXoxdH9iGxeBXUJdXpump,JEANJAK,7kXuEjAZ8xcH5G2XmKaUcMeraxvVVZndf7qryDiSW7o5,pumpswap,1789920370,0.000002666,3172.23,2636,2636,0.25,3.19,45.57,60.59,0,1,3,2,34,17,51,30,-1.26,0.49,-0.62,-3.03,0,1,2,1,,,,,,,,,,,
1791495146,DTe5B1QcCTbFPTB7ULCWLZtiB32LSqaeTNy51SpLvvsJ,BABYPHIL,j4qvNWSZLPy18jSWfkCa5VbPnD9PqEGBC3LAjjzA1kG,raydium,1789918495,0.000004534,5413.46,4535,4535,1.6,20.97,49.03,170.3,1,0,4,5,29,20,58,48,-0.41,3.02,11.05,36.86,0,0,1,1,CPMM,,,,,,,,,,
1791495142,5bLx1yNGmTysEpkxH94pypEXnrQxXY63UwLPyAhspump,BABYPHIL,8VayPL15g9ikXv4e9rLmhcPwa4z1qSBZHRWKtgB2yMYL,pumpswap,1789919214,0.000004261,3942.54,4080,4080,0,0,433.46,950.58,0,0,0,0,5,1,13,10,,,18.84,14.45,0,0,0,1,,,,,,,,,,,
1791495145,CAChj6vhzvrzGhXaMKnmfiixU7V4aMZwg4nhhWKLpump,DogWifTipped,8Yitd6791za79eMcDQosErTvauhBR1RTLvibtK3ocbHc,pumpswap,1789926445,0.000003412,3397.06,3354,3354,1.57,46.27,292.99,455.23,1,1,37,20,251,110,389,190,-0.07,3.74,12.61,11.75,0,1,1,1,,,,,,,,,,,
1791495141,5FL8wR86NNBbqFTZvf7vSVHGtARtLGTH8nfVjuuXpump,OnlyCats,6SBnbgqYA1kcWfqY7s2MXbvBaJSizVKVtKKibsFqo3Z,pumpswap,1789925772,0.000003383,3521.15,3330,3330,1.78,46.35,233.72,434.82,2,2,40,23,188,103,354,217,-1.27,2.76,9.49,10.94,0,1,2,1,,,,,,,,,,,
1791495141,3mgavJ1bFAaK1gvxpacPWT9nPkBttPbJubFLy7K5nL4f,sat,7T7HGPM5wQ11aTSha1Haj9mpavVDjL1nnqgTfd8Vh2QU,raydium,1789928335,0.000003490,5680.05,3490,3490,0,0,0,3.11,0,0,0,0,0,0,0,2,,,,-0.67,0,0,0,1,CPMM,,,,,,,,,,
1791495147,EKtmPPLaCbEEKiwoHHtV7TsRsmPXs5CMGtQtZFSiinsc,Stamp,Bgf45Fjqeobgd5viMX8P8AfhiydRewEFKPd7nmcFNQRb,pumpswap,1789929849,0.0002804,62765.68,277732,277732,0,430.46,3732.39,8015.63,0,0,5,1,48,48,127,80,,0.94,-4.36,-6.01,0,1,1,1,,,,,,,,,,,
1791495141,4gBUMKWQgGtDS3HgwYLZCytvzzNxr8JCE5gVRhj8pump,CATESHI,GDdKchK5DVPTYnGNhuQwLMEW4CVkw8Ndb9Vpyd7qeX8A,pumpswap,1789927941,0.000004716,4406.54,4617,4617,0.28,6.7,45.87,74.34,1,0,7,3,34,19,57,34,0.05,0.69,0.62,-4.46,0,1,1,1,,,,,,,,,,,
1791495145,Ak2dUwvkPPkXsH91J1i667nvxeKuzMBc4xGmFJGipump,BABYJEAN,FKsbbbeAfrLDrRExnRGMEfzbesGsMARxX6X7Gvdni8gb,pumpswap,1789929550,0.00001376,8487.29,13203,13203,0,0,0,240.31,0,0,0,0,0,0,0,2,,,,-4.19,0,1,1,1,,,,,,,,,,,
1791495144,94jwPm2zZUoMmz7gciMyqGubfsmub9Z4MUzs6WuFpump,bullcoin,96WopUR8tPBR8xqZdTKBvjU6hkU5UF6beRC6TKyMu6hW,pumpswap,1789929746,0.000003045,3012.93,2936,2936,0,1.41,27.98,47.15,0,0,2,2,27,13,47,25,,0.85,-1.65,-3.99,0,0,1,1,,,,,,,,,,,
1791495144,9KmeDWVt7TtrEZT2567kxeDkDZxd3cDoTZ1ZrLow9soG,STONKBROS,A1PNnKCqEBF9Gtwp7MhB3SpDm3Q7RaDcHa1MnK2dGBzV,raydium,1790002998,0.000001763,2590.17,1764,1764,0,4.5,4.5,4.5,0,0,0,1,0,1,0,1,,,,,0,1,1,1,CPMM,,,,,,,,,,
1791495146,DuyDWMnvTrii9tm7x8E2vnZVYQbShhheyom839MrfcaW,Glorp,Ah5WAYBNg4kCyX22HxdmBkwFKG6Nt5TuHtDbDyjv4HnL,raydium,1790003490,0.000003245,4808.07,3245,3245,0,0,0.17,21.95,0,0,0,0,0,1,0,4,,,-2.56,-5.76,0,0,1,1,CPMM,,,,,,,,,,
1791495141,4ArNPRk8ATz6vVobaLgpvWxK2dQm6BeGi8TPDhCrfSPX,AMD,3sbSwgmnpypu5q3VCanuMjWRei3gGq7msaveUBURrcVq,raydium,1790002486,0.000005553,7488.51,5554,5554,0,0,712.16,941.91,0,0,0,0,0,16,1,25,,,-31.88,-33.8,0,0,1,1,CPMM,,,,,,,,,,
1791495146,CKNAaAgULzreuEvJ8C2hGuAPcxSUZmGHhXTos5E4FGdC,iCoin,9sfPSXWwZsHqaeViab7W4zKsC5ecDwvz3buY68VQDnbS,raydium,1790003502,0.000004540,6648.74,4540,4540,0,0,216.63,286.73,0,0,0,0,2,2,2,11,,,0.98,-0.84,0,1,1,1,CPMM,,,,,,,,,,
1791495148,He5XcCaLrygisurxfDYH7vumKW5yopVZcA9DKPvpH4Lz,SCAT,7aQ3uqa5stLSpGtah9rjUj4DEyZ6ToQrXc3RwAFJYoHb,raydium,1789942489,0.000004628,5995.82,4628,4628,0,111.49,111.49,179.08,0,0,1,3,1,3,3,5,,-11.44,-11.44,-13.15,0,0,1,1,CPMM,,,,,,,,,,
1791495141,5JgioXRQSq1Nw4VJvpRyXxnvm8jVtLSUC7vbf1zzDg3L,DOGINU,Gxy3xbjisxAWiNGMRU8Bv3wV66HuKR4vw6ZuRGmRW5w1,raydium,1789872883,0.00001875,12575.15,18751,18751,0,0,58.81,341.82,0,0,0,0,1,0,2,4,,,2.11,-6.76,0,1,2,1,CPMM,,,,,,,,,,
1791495146,DEW9dSN6QpWyNthphCpMmAbZP1Q4cEKR9xQXAri98WDP,SI,B4VFURUHHzyt8YzBGBV9jiarBvjh1EbMAbRNBnNqaxUD,raydium,1790005501,0.02709,748864.53,27091287,26993445,35195.04,209308.9,705301.82,1071464.91,17,36,344,194,1070,927,2006,1866,2.97,22.47,41.3,8.82,0,2,1,1,CPMM,,,,,,,,,,
1791495140,1NJMqVM4PadjuzYmeB7zV7q7DV8oB3ExaQCd9x6KsLz,INJ,3nQVsxL89GC1UDQgz9YcwvW6Q1NR2n3EiaxCDnG6BETW,meteora,1789654054,6.74,16000.44,551481,551481,175.29,21666.68,773308.97,1167453.42,1,5,111,150,2897,3929,4823,6483,-0.3,-0.6,-1.05,-8.73,0,0,0,1,DLMM,,,,,,,,,,
1791495140,2ckoBLmBQeJ3RTP4oJYtpE48f7LTtAVxAGXkDbc6T4eM,QUILL,HUUXvFtMinHJ5gFRDbayq4uQReU16ahTSg9HpaHsvrYo,pumpswap,1790009668,0.000003385,3728.49,3327,3327,0,0,3.93,10.25,0,0,0,0,0,1,0,2,,,-6.64,-6.64,0,1,1,1,,,,,,,,,,,
1791495143,8erE7RkkoiGYJtCyQdfwMpnNA8cAkY14Xe6RYjjHAdKP,CAT,7sY6BrhDBkJdcYFrDd1M49hinSXrqk2bzS3rT6Juanch,raydium,1790006001,0.0007073,74679.11,707368,707368,0,1218.65,13495.84,28963.49,0,0,8,15,95,79,195,164,,-4.64,2.48,28.33,0,1,2,1,CPMM,,,,,,,,,,
1791495147,EYMBTNraihZkLhjVQhDivPhjAWFgRF1By2zVd8rcNcGz,INURANUS,8AbfaMZNF82LLPiSKka9947dzs9umnZiVmJ7LYs25JJT,raydium,1790002733,0.00002516,15210.92,25167,25167,0,0,263.3,2310.73,0,0,0,0,5,3,13,19,,,-1.71,-30.15,0,0,1,1,CPMM,,,,,,,,,,
1791495145,CASs9vMniGPtsnnKrV9uziBHA7JU5dS9MQY15WsRqVfx,DUEL,3Nd4agisJL44bvDnzabHB347d8A1W3XVS6e2ZFdJXKuD,raydium,1790092673,0.000003246,2430.73,3246,3246,0,12.98,23.93,214.26,0,0,1,0,2,2,23,12,,3.36,22.74,-10.58,0,1,1,1,CPMM,,,,,,,,,,
1791495146,DCgPcq6DpS3MwjCpBzVY7DvaqPqhZ3eUudVezNTgEpF7,QI,7HJEiNPB7HeEEEyjq4srWzFSipEqkPv8HYbzVdqtii1j,raydium,1790091166,0.000002779,4857.11,2780,2780,0,0.4,790.37,794.93,0,0,0,1,13,15,13,16,,0.52,-4.94,-4.94,0,0,1,1,CPMM,,,,,,,,,,
1791495141,5Cw3aUR8NMrQ1xpka537zR4WDpBfqQfKEZdyXwAdB7na,Project,2iUGkVrpsw3b39pNWRPLhyjzMp4vG9PCj8pKyUnoXpgA,pumpswap,1790092843,0.000007275,8612.43,7194,7194,0,0,119.36,156.44,0,0,0,0,3,4,3,10,,,-5.73,-12.69,0,0,1,1,,,,,,,,,,,
1791495147,Eii9T6RPJXaFeWgLg5jYrnco7Fwz1RChFj6A5eqh39Ab,Inu,5wLXRmp2mMKUjr7s1GTj2aqqQJrjVeoQpQsjbtQrg9U2,meteora,1790094593,0.0001056,77127.45,101404,101404,0,0,1809.01,3436.07,0,0,0,0,9,24,52,39,,,-7,-8.1,0,0,1,1,DYN2,,,,,,,,,,
1791495140,3F9uDe48cNtLaDz69cEMWUmvizZ5wKkppmJanh86yYsZ,Goblin,Db5fSvKjtPdsQ4qsY1DrbQ6N2WCwY4LV3d244WZhkWaB,pumpswap,1790096092,0.000002892,2877.43,2735,2735,0,0,0.53,228.06,0,0,0,0,0,1,1,2,,,-9.88,-10.97,0,1,1,1,,,,,,,,,,,
1791495145,Be7ZBWaawENTSh6S2Nz3Dj76LptXW6AMBNQyZJ1upump,PUMPBACK,FAmgCbui3RsHCVsEy9qtJnx63TzwwqKzpALvyHunVetn,pumpswap,1790101913,0.000005473,5395.41,5259,5259,0,0,0,18.26,0,0,0,0,0,0,2,2,,,,-6.6,0,1,2,1,,,,,,,,,,,
1791495141,527PdUTGwcFxVEMXt8tyRJA1nYbVedgSiSfh4s2LWTWz,BOP,2Sra9Xw28W25LecbFhHzV4nP2BoWx7G1mqyMJPnJHFF5,raydium,1790054892,0.0002462,50061.44,246281,246281,64.12,921.87,8899.28,33813.19,1,0,5,10,62,58,244,271,0.46,0.4,-10.8,-31.4,0,1,1,1,CPMM,,,,,,,,,,
1791495145,C1MHyoTJpRTeS9AQCyspNVu2EWAYCZwmJ1jNkEArFP1f,APE,88v4aoey74npmh3yJS9PWfzWFnuxAyZRkeTLveY7VJrn,raydium,1790097516,0.1410,68204.78,169274,169274,0,97.51,11011.97,36812.63,0,0,1,0,53,23,272,104,,0.39,-0.71,-3.95,0,1,2,1,CLMM,,,,,,,,,,
1791495146,CgxXsJnDszZ4E2mhrXU4tQBKrwSk138o7PVgtCkJDDPC,⠁⠏⠑,DQYg5fWonEYHKW142GXupcS4pcgtx32B49AEqXDXSesx,pumpswap,1790100178,0.000005145,5343.16,5029,5029,0,0,7.64,62.37,0,0,0,0,0,1,5,5,,,-8.4,-8.32,0,1,1,1,,,,,,,,,,,
1791495141,4jcEvtDhFC6Jw7iaJpm6dtJjQi5nFS94MCHkxkLipump,sPL.001,B62sPEpxD3RSHYNt7cdemdDdjJvBpRAGPpKufRjG98Hk,pumpswap,1790101678,0.00001403,9873.06,13487,13487,0,0,16.93,107.82,0,0,0,0,4,6,5,8,,,-3.43,-6.56,0,0,1,1,,,,,,,,,,,
1791495144,AKyGUS7ueqtm4oUVBRxCNoyK7BV39HcfrXk4d6Gxpump,PUMO,rH1SEQi833Z9WzWrMNbStwacLN7CVFZFvVJkeuG3g3S,pumpswap,1790103324,0.000004854,4314.89,4720,4720,0,0,38.09,321.5,0,0,0,0,3,1,7,9,,,0.46,-3.27,0,0,0,1,,,,,,,,,,,
1791495148,GuAyLSJKDaD6NWoJEyn774HobZnhQaqiskSfNvmLpump,BET,2jQyVRTYEdL8BgQb45aFgAoSngp1aUHAqvMwRAsQSCCS,pumpswap,1790102890,0.000003075,3231.23,2967,2967,0,1.06,4.51,11.21,0,0,0,1,0,2,0,3,,1,-5.87,-5.87,0,2,1,1,,,,,,,,,,,
1791495149,Hwt6RPBRYSven1aZcomG45n7inXrEKbMcab2v4dPrNMP,NEETBUX,GtMyn4wpPJ7EbcyyezauAEFfzeDeJWEdn9rKsRiXa4E8,raydium,1790095229,0.00001158,9990.23,11583,11583,0,0,32.53,230.84,0,0,0,0,1,1,4,8,,,0.1,-9.31,0,1,1,1,CPMM,,,,,,,,,,
1791495146,DXLzxcDbEwmVhoK5m8UcJM44TRcE9TCBPxNr4FkLEC2a,WCAT,GDzDGm9dg3RLFmfsUJPNaZRTJbbZiQ8JTZ54rczx9WRh,raydium,1790093059,0.000003535,5642.73,3536,3536,0,0,422.26,641.46,0,0,0,0,4,6,4,12,,,3.47,-9.25,0,0,1,1,CPMM,,,,,,,,,,
1791495145,BG9JzUixbVqwBgtgTWtdDaJgK1wUTnCESZkHskLbZjNg,Bobcoin,CdbvkUy59ruP6ficdSHa57C7eVxowgmtzi7uZa4TsXsY,raydium,1790104906,0.00002148,14285.09,21485,21485,14.06,2299.16,89204.38,290305.98,0,2,18,22,673,692,2656,2337,-0.4,16.52,-41.47,606,0,1,1,1,CPMM,,,,,,,,,,
1791495148,G9tP63sMuWx3HmWgVfk1ZfVDeUbAZqt4cu4VSTyYvXnL,BURRITO,FYas3btBCr8GH8TRPoHenzgqwdEvSB5hKGbXA7zU79Ju,raydium,1790171108,0.000002489,4160.36,2490,2490,0,0,38.65,39.47,0,0,0,0,0,1,0,3,,,-11.23,-15.12,0,1,1,1,CPMM,,,,,,,,,,
1791495147,FVsZHrjBWRJA7nBk6XNJ2Jg9M8v4MPsVdprpg3EAgMHr,CMC,7McrNmv2mZ4u9XpdqSuPtm1iiTWhYjsUA7APZx6ZivuL,pumpswap,1790188414,0.000003745,3798.39,3549,3549,0,0,0,45.03,0,0,0,0,0,0,1,2,,,,-1.3,0,0,1,1,,,,,,,,,,,
1791495148,Gcku9A4XsNEv42WjHFrpyNJt5u5nwZDDh1BFyrqGpump,FUD,FzEffYDrAekMdcgBqp92bzqGcee8VQN1nXgZKJLsB2pr,pumpswap,1790189205,0.0001312,30376.83,129899,129899,0,2.96,2.96,2.96,0,0,0,1,0,1,0,1,,,,,0,4,3,1,,,,,,,,,,,
1791495140,2z1s9nrjhTdr26kpNYJrM29h3tyjAp6aKNofbkV9pump,Titcoin,DqmLHwB52rqAM6cEAxiPDMreYe4Rhe6vDy6t5NbNxLYg,pumpswap,1789684151,0.001372,121964.16,1367881,1367881,0,421.58,4481.36,9262.93,0,0,4,2,31,13,90,36,,-0.33,1.69,32.26,0,1,2,1,,,,,,,,,,,
1791495141,4AdFwKHbivTpGjBjenyYxbdtrUdZ6uVGwjhofmh2KN3x,hyENA,DbyLi54EjxaVBWaJxichPnQhMaWePVa1uckhNJ3qdnxk,raydium,1790193679,0.00001519,12332.47,15193,15193,0,0,296.2,811.86,0,0,0,0,4,1,6,9,,,-11.29,-23.47,0,0,1,1,CPMM,,,,,,,,,,
1791495147,FNV7tM5GbbUPvXUaLXDBt9Udd9v4yranCWmNkWcSrj38,KORILA,hxkaYJUAzXkYgfcT19rZPmGoN5ARy76LFW654MMRY1w,raydium,1790193821,0.000002672,3924.02,2672,2672,0,0,0.34,0.34,0,0,0,0,1,0,1,0,,,,,0,1,0,1,CPMM,,,,,,,,,,
1791495140,2YPWT4QK1Why57mxBZGwBAFckBC4nLwEAL2t6CcCQtvw,FCAT,13L9ZwrkeBXcZL8y1yhxnAkEDaMgyMZRmgvhs6hgLdMh,raydium,1790195440,0.00002576,15827.98,25766,25766,0,121.39,1042.91,2102.72,0,0,4,1,23,3,35,23,,4.78,20.97,6.4,0,1,2,1,CPMM,,,,,,,,,,
1791495149,f1ippXecgRpYmsZt6uVRwJJKiBKjN579sVRHsAg2RR3,FLIP,6gHUvXHYaWRgwLZQbB7MQJk2qEkcnEvZTG9RWTiSWCGH,pumpswap,1790194915,0.000002886,3075.87,2749,2749,0,0,0,8.6,0,0,0,0,0,0,2,2,,,,-0.64,0,1,1,1,,,,,,,,,,,
1791495140,27XVtvjVVwBgZKDfBQfQ3L8TvWvBWCDYL7vBnFtjbdLc,PURRP,25PvsPm2Tm9DrgE9FqJn3yZT9RtYCrPYBsKaCsDPy2RA,raydium,1790196712,0.000004629,5897.74,4630,4630,0,0,17.48,217.4,0,0,0,0,0,3,2,9,,,-0.2,-14.18,0,0,1,1,CPMM,,,,,,,,,,
1791495141,4mS5JinFf5f1GCr5K2MRLgQiu95ifd4X763Uhj2Ypump,UDR,E3fvyZyvr3pbhvgHTNXxbnu7Uvr9KG3wUY9TWijSv1kN,pumpswap,1790194019,0.002840,153816.74,2835467,2835467,584.07,18339.45,63987.76,219721.47,22,12,296,144,843,610,2522,2430,-0.43,30.93,105,2.55,0,0,0,1,,,,,,,,,,,
1791495148,HSUMi4rMgjrx7zRUabw3ogGu1pa5hmF2eVcXj9Apump,goon,9PYormkWiWYAALGWkNNBjSEqKk79HPoRaLgQhMfY4fuv,pumpswap,1790202863,0.00005371,26401.71,52491,52491,0,503.46,7210.21,21921.6,0,0,4,4,45,58,177,148,,4.26,2.04,-9.31,0,1,2,1,,,,,,,,,,,
1791495144,9ozog1uC6rMQtirX6N11c3PfNRW6ZNTFTcTn9YDpvXVk,jorkin,BfmLKAH4oYdP2cxTYyDL3gwDStxUTywCh3zUHknCzmoZ,pumpswap,1790206026,0.000003515,3771.74,3411,3411,0,0,0,50.75,0,0,0,0,0,0,5,2,,,,-2.9,0,1,1,1,,,,,,,,,,,
1791495145,BWbxfHtvfufeXvZ1DBTR7nhQh3zcJxLwKA99rwT9pump,SOI,7m7SQ7v4JCby9mGepXPiCnjbefynhro1Asp5UAz6TfeU,pumpswap,1790869489,0.000002369,2529.52,2301,2301,0,0,0,4.61,0,0,0,0,0,0,0,1,,,,,0,0,0,1,,,,,,,,,,,
1791495141,4E5SUG74yBb6DR94Ain8ifsKbDtvcJo6bshAHxNMRBQq,DINO,Ft7ZnShaVKnbmCpNEiUzMkUrHFgamP1bA3as4XLBcKKv,pumpswap,1790916516,0.000002596,2578.94,2311,2311,0,0,0,2.67,0,0,0,0,0,0,1,5,,,,-1.33,0,1,0,1,,,,,,,,,,,
1791495141,4XoNCZgEpGFb3JZt94e9FVqVm3BQaBWuEFTuYyjAKYc6,FRANK,DH4W8MKUKXenRofYYApwtr8DztygFR8xij9aC65kaDN3,pumpswap,1790976209,0.000002523,2485.46,2215,2215,0,0,21.22,21.22,0,0,0,0,0,1,0,1,,,,,0,0,2,1,,,,,,,,,,,
1791495145,BzLRJmKYYvDaKW5ewyaJADiMV4eRCFV8scCEENbUpump,VTubePro,2RcvEzx6fbeaQoNBYjqpDvaKs9ovK7qeRHMh91mdXcoD,pumpswap,1791014784,0.000003283,3261.58,3079,3079,0,0,37.44,351.59,0,0,0,0,3,2,7,9,,,-3.23,-15.25,0,1,1,1,,,,,,,,,,,
1791495148,GrGKeeA53885t46YxxgjCw63S9tsubHHVzuKwaWQMBbD,ALADDIN,Gk3maciSYw9SFbnARiDkCgqtw8Mjgkq6EEurdzA7a1DR,raydium,1790973528,0.000002541,4721.01,2541,2541,0,0,0,142.44,0,0,0,0,0,0,2,4,,,,-2.67,0,1,1,1,CPMM,,,,,,,,,,
1791495149,PFCy4bbBV65EkEbxWyqHjq5Sx6XCGG9AThczD8Dpump,ARMY,5URuhBmWRyW3R58brtuy8tdVXF95dY6ADq84RUstjkba,pumpswap,1790974312,0.000003248,3770.45,3166,3166,0,0.04,65.78,279.79,0,0,0,1,3,3,5,15,,-1.61,-6.06,-19.14,0,2,1,1,,,,,,,,,,,
1791495149,JfyaeBaLuXVRQgjKe7fes5Et44m3ywmpbLnWB86DmWn,STATEMENTS,CFKSruNUTALTLg4bmFj8rFQ2feUG7qNsLbVgaLjD9xT8,pumpswap,1790977254,0.000004780,4412.08,4666,4666,0,0,130.57,466.39,0,0,0,0,2,2,4,6,,,1.69,1.08,0,1,1,1,,,,,,,,,,,
1791495140,3YJSqXQkN5gXoZkHrHFnAMKwqyGv7B7WmRdyYVFAXnmh,USDC,8vkx9CJBpfqDe8DZiRcyrKQfD9Xsa1PK3M98nbNbwhtd,meteoradbc,1790873342,0.00001902,,19025.09,19025.09,0,1908.6,30920.66,34832.96,0,0,6,8,125,101,165,113,,-15.01,1.92,86.36,0,0,1,1,,,,,,,,,,,
1791495145,Bt4npH7BNNGLBohhbcrybbkUn6RUJJzJbvnd4hznnMYJ,RFX,4UaR4ZewzMFaXbKGD57uxS7hKiKuuATJyJ6XSGGun9So,meteora,1790975392,0.000003276,5134.08,3277,3277,0,0,50.48,131,0,0,0,0,0,2,1,5,,,-6.69,-8.07,0,2,1,1,DYN2,,,,,,,,,,
1791495143,7gLU4wTY2gi5C1L4tWMxVSUy3RRhJoZkJxGTdCsxgEWW,PUSS,CQYYfnRziiLdYnHM2x4odFDQRNVserU4AiB3gHZbKsoR,raydium,1790968041,0.00001768,9891.58,17690,17690,0.34,42.14,688.46,1453.02,0,1,0,57,48,194,201,268,-0.21,20.39,39.35,8.11,0,1,1,1,CPMM,,,,,,,,,,
1791495142,5tV3Lfx8WNE63ZfCUWnBoFBwe8v6idUhuqg9ipDsDJyy,POOPYBOT,7BPpheNFaSfNHaPnXqVuHCMxEyijZ7LmuAhPbkwyjFTB,pumpswap,1790976698,0.000004524,5085.47,4398,4398,0,0,33.37,639.26,0,0,0,0,1,6,8,44,,,-5.13,-21.16,0,0,1,1,,,,,,,,,,,
1791495147,FLXmqULjxa5neWG8thsPZcAGX93VFCB4ZbniCy9Tpump,PAYROLL,4ZAEW8sJ9sXwCCVZdnhpyrhANM4sBcqsXwsV14mszDfQ,pumpswap,1790979275,0.000002392,2449.52,2297,2297,0,0,0,46.91,0,0,0,0,0,0,0,1,,,,,0,0,0,1,,,,,,,,,,,
1791495143,6hTLdzZaaCjmqtn7RtaEMQsCbXT5Pg8q76tRViEGpump,ABU,2qWF4dn1JnqhCpAYJQnKVaKezzuUiG4xdnbnCSK1Pgcw,pumpswap,1790981217,0.0001864,41956.01,180145,180145,811.1,6269.8,46495.16,110929.37,3,7,406,219,778,527,1372,1271,5.09,8.48,157,129,10,0,3,1,,,,,,,,,,,
1791495144,AYuNTGHHYzmH6LgwveNVc9TZFmPVZKUsM4k5tPqEpump,ROOT,Dw3spFXApoDNFpnh9AN4AvbBt4R6BnQKPiocDEcxRwqb,pumpswap,1790988154,0.000003233,3293.51,3176,3176,0,15.7,22.43,56.45,0,0,0,1,1,7,2,11,,-0.57,-3.79,-8.79,0,1,1,1,,,,,,,,,,,
1791495142,6T4NrctGAuD4z9BRAdgHfpD8g67du8E46X6Fp2DJpump,Supercate,J6yw89zqkgwgQnsZeUytp3G5n848X88Hkb6M4rWUJw58,pumpswap,1790984310,0.000002329,2312.08,2240,2240,0,0,0.28,5.74,0,0,0,0,0,1,1,3,,,-5.74,-6.34,0,0,1,1,,,,,,,,,,,
1791495143,6fsiFuTnLN78VX5MVy2KZo3gCt3f8M1iSrmJzje6Jk3k,Don,3tUPUq8ZPqmowz5vx9G1pAuThJ38mGbMYuyBbkLQ7iXV,pumpswap,1790648383,0.000004412,4124.13,4327,4327,0,0,11.02,17.4,0,0,0,0,0,1,0,3,,,-5.29,-8.04,0,3,1,1,,,,,,,,,,,
1791495149,MktBuHr1H4emrqAhbnChkCW2X2EP4BbeZG1LzTV5cMQ,MirrorPad,H9rYMiR9mZ1S9nPdp5FZTpoGDZGiWRdu2VnitxZMrVsK,pumpswap,1790982742,0.000002319,2369.2,2253,2253,0,0,0,5.66,0,0,0,0,0,0,0,2,,,,0.06,0,0,0,1,,,,,,,,,,,
1791495140,2RKkd7aG13o926CTUNHjE3T43NwS9QyLMyf5pHa9pump,PUMPMASK,8qbRgJK371zn6DfpTHsX4FN6FBDZkWs5AN4Cf1ugYJms,pumpswap,1790982395,0.000002587,2988.2,2525,2525,0,0,0,0.08,0,0,0,0,0,0,0,2,,,,-0.69,0,1,1,1,,,,,,,,,,,
1791495141,5FKPLjhNrez3iu2oSKfFjy6kNxRVf2jL1jc8dAwCbu9E,STUPIDINU,EvEV7ie5Dwd7r25YR5UyshFqSJdy32nztwT5AZytPRSE,raydium,1790980002,0.00002170,14213.37,21708,21708,0,320,2545.61,10691.13,0,0,7,2,17,17,89,109,,3.48,-3.48,-53.96,0,1,1,1,CPMM,,,,,,,,,,
1791495148,GWGUDFY1dDxQoAMsWfg6zfhvYNF1toKPHMVT3DFBwMJq,POOPYBOT,MTvmphUn6T7FUSY743PAct75RSNqVRZYRdf5GM2ieiY,pumpswap,1790985384,0.000004571,4529.61,3641,3641,0,4.19,4.19,229.48,0,0,1,1,1,1,7,12,,-2.63,-2.63,-11.41,0,0,1,1,,,,,,,,,,,
1791495149,JCsosnu7oSHEjo3vHc4XJnyfDAKpzv9qRJtJCMzSJeGk,enu,GPwbbEtjA6dRTDiyMU7AyRAFbYnehQdEnXd3NGJwgnWB,pumpswap,1790993244,0.000002602,2842.51,2527,2527,0,0,0,1.05,0,0,0,0,0,0,0,3,,,,-2.1,0,0,1,1,,,,,,,,,,,
1791495149,difL81fA3eHQf1aU1MRH5NeP8er86JdEjpeNigkpump,DOTPAD,HsErZjYq5GwpvwRBCz7jsCzTMcouW84Ea8bTj7iK5h9z,pumpswap,1790993134,0.000002952,2916.31,2855,2855,0,0,0,46.35,0,0,0,0,0,0,1,4,,,,-4.91,0,1,1,1,,,,,,,,,,,
1791495149,eyydA9bbqVpmRqTqfe36aQiVzxCDHwATLdWhDrYpump,ATFS,Efh8cwNx3aE62NY4ui3sZ1zPHeauAxzPYRYW1bLoBZoU,pumpswap,1790994039,0.000004981,4382.2,4981,4981,0,0,0,715.05,0,0,0,0,0,0,5,0,,,,50.02,0,0,0,1,,,,,,,,,,,
1791495144,AXC2XcQiVx6UfCgLHjpRBU4nupF4WdsptydKQCvxsRuU,AI,hbXdZafYL5u1KCyXhwgPe3hwU1dJxcP31jwgmTkk4n7,pumpswap,1790995343,0.00007153,25069.19,66013,66013,169.12,3409.39,15801.28,52147.43,2,1,54,26,201,192,520,440,-0.77,-7.67,52.58,85.26,0,0,1,1,,,,,,,,,,,
1791495141,4MHsG8YKtqUskMruk7o53ETHjrfHkMz6rnRtDW9vpump,LATINU,FVaFW1td8uyBTAyMrTb1Dn8r9FY19aQXMYFJYoSr6fxw,pumpswap,1790993937,0.000009194,6526.19,8925,8925,0,0,27.84,27.84,0,0,0,0,0,1,0,1,,,,,0,1,1,1,,,,,,,,,,,
1791495149,cGyrGVj2CUZUXCGh9q9XXVwCMj5uLocbKy6WdMspump,TIPTOE,Di7sEKgCz2q3Zp3Y2U5eGEHzmf1jUP2JQzZRpsDhPR3u,pumpswap,1790992026,0.00005358,19533.31,51275,51275,66.31,1407.18,17047.06,453747.57,1,0,20,14,180,198,4305,3833,3.35,-4.92,43.11,-75.89,0,1,3,1,,,,,,,,,,,
1791495140,2bQBNJfkGLsCkKEHJUgdFnPoQvDqpW6SYoJ6Zfrtpump,REP,4cftQSYQhW2RcASwQR3hW3J4UVGc4u2YCvY4PmZ4B86j,pumpswap,1790996261,0.000004155,3987.7,3827,3827,0,1.55,24.19,83.42,0,0,2,4,17,18,58,43,,1.69,-2.18,-3.21,0,0,1,1,,,,,,,,,,,
1791495148,GK5xmYzh6axzYKRwWH56pbXvaUDVNdJBFJ2pD7Papump,PENIS,5TN2PjsbMQ965W3scNTbkBGEKGxhqwqchhR38jbFxgUf,pumpswap,1790996986,0.00001269,9028.32,12485,12485,0,0,339.18,1539.03,0,0,0,0,0,3,4,7,,,-16.49,-23.65,0,0,0,1,,,,,,,,,,,
1791495149,gL9Q3xjXM1BdopmHn1R7Kb3Eim5NAQ1eWGNaTj3pump,TIPTOE,BL7ban83XxQ5uxXUXFqKEti3Qgdx1QCpT7k4tpW9Ag6Z,pumpswap,1790997315,0.0002346,47594.24,226739,226739,1080.94,17105.11,110027.06,517819.99,14,18,224,164,1060,762,3662,3088,6.63,10.2,-30.46,87.07,0,0,2,1,,,,,,,,,,,
1791495141,4RbsHw9H3EayjgfWXq2KaLvbREFua8wkER3gdLViLK3T,BAG,86uTMS774PnKXVjXdzaJ1qEKjpwkk9vcCFpWEVW8UX3J,raydium,1790983311,0.0001641,45247.74,164186,164186,0,451.69,5771.05,20575.78,0,0,1,4,54,38,148,105,,-0.7,90.02,14.64,0,0,0,1,CPMM,,,,,,,,,,
1791495144,9ZfC2qaXFYxwuh1c27K8bce1jHb4oReQgAvrjwWdpump,BOXY,92knjGRwJaehxfdTJxrbqa2Yum9X1EhWnUJ35YG7nevX,pumpswap,1790995161,0.000003280,3574.72,3172,3172,1.57,31.97,194,316.06,3,0,25,11,154,71,275,138,,3.45,7.24,6.06,0,1,1,1,,,,,,,,,,,
1791495140,26VsYcDJ4Vv8C1TbbCg8K9ZQau8xre6CK1CD2hdEpump,ミズラ,Gko2ceqFsNjPbwdt9vVzNKUBHC5vjjviWAYbHzgsCi81,pumpswap,1790998356,0.000002918,3042.34,2828,2828,0,0,10.92,202.44,0,0,0,0,3,2,5,10,,,0.15,-12.54,0,0,1,1,,,,,,,,,,,
1791495143,8HQgEcbhR5Xoh735zvndAocCLd7wdAYJfWHV55J8pump,PUDU,95WhUbKGxbWEjj9UgZtcEAMXoBmTSmHRAFiAxPLFf1FJ,pumpswap,1791000628,0.000003404,3502.22,3318,3318,0,0,0,254.4,0,0,0,0,0,0,2,1,,,,5.2,0,0,1,1,,,,,,,,,,,
1791495142,5ndxUPCiE6UBq8TSiuUT7M2eph7QmhLRbG9HSh3KJnb5,SAND,3KucCcgUJN7jPU4PkZzr71NCgPFWv6zLeQAhV6Uwz79U,raydium,1790956083,0.06231,62048212.97,62317079,62317079,0,43797.76,88260.19,340825.39,0,0,1,1,10,10,40,40,,,,,0,0,0,1,CLMM,,,,,,,,,,
1791495142,6REnZgtxhwdSAHczAp4J5PRsGQYQt7T3x4kEDyfs9U7y,HOLD,FJtWKJjJj18ySYBATorRXJNyM3YHXiob1aifGNyoVP53,pumpswap,1791001585,0.000002709,2864.37,2514,2514,0,3.9,3.9,196.1,0,0,1,1,1,1,2,10,,-8.67,-8.67,-18.16,0,1,1,1,,,,,,,,,,,
1791495141,45tPsmYeExLfo7FTDtenPNR5tkFBTza5XERis4Z1pump,t1t2,A9tyH2nNGxgqKGjacFFZgFrX1MdFDpz1BGGDz9Evqx1F,pumpswap,1791006461,0.000002721,2684.18,2578,2578,0,0,0,0.45,0,0,0,0,0,0,0,1,,,,,0,1,1,1,,,,,,,,,,,
1791495144,9Xax6YJkh3MqE1BTtJ99K16xMFbeJ45mEeBZYG9Lpump,BREAST,DzNSq5jnNZdP2L7cbptbPsbX4DF2Hobsd8ya3HADp3s3,pumpswap,1791002922,0.000002729,2925.49,2661,2661,0,0,7.94,34.08,0,0,0,0,1,4,1,9,,,-5.98,-8.33,0,0,2,1,,,,,,,,,,,
1791495140,2x2Q2JH81iMqvFCSQAJVKhHcSBHko7TqYPXyM4eypump,PHROG,6bfjhUYVgXXenfLzDTBD6rr3434yqWuAvbZJJxa5QDn7,pumpswap,1791005973,0.000002569,2589.97,2473,2473,0,0,0,11.06,0,0,0,0,0,0,0,2,,,,-0.68,0,0,1,1,,,,,,,,,,,
1791495147,FKQCt17wdmUokbMwNnn2Bs55TYvSWgikKcRCFEAFpump,ESCRO,9KTHkYoPBc8a3y259Cg7gyg5BgVfJkdAMA7gubocPgTt,pumpswap,1791003824,0.000002873,3020.78,2686,2686,0,0,6.06,15.29,0,0,0,0,0,4,0,6,,,-3.72,-6.73,0,1,1,1,,,,,,,,,,,
1791495147,FWwnHcbPSrnuhQ5kFQEBu7fWsMemWskvLK9zqX4Fnjh5,🍟,98ybGp4VDhLDLUcAbjnu7QukMWBwzMcj4BEY7SY9Ws7c,raydium,1791006299,0.000004069,6351.01,4070,4070,0,0,320.67,361.3,0,0,0,0,1,10,3,19,,,-15.89,-16.66,0,0,1,1,CPMM,,,,,,,,,,
1791495141,53c62brTyYpWn9v9mWYHRQtBBZY6PHBEcXweEbEmtLtM,Dexter,DWKzC78t5EriXNyxCZXFAHzwM3m7GZnkyWtDYAd8G1gv,pumpswap,1791002228,0.000003929,3647.62,3743,3743,0,74.98,1570.41,1842.62,0,0,1,1,21,14,24,25,,-2.5,2.7,-14.26,0,0,2,1,,,,,,,,,,,
1791495143,8Y6pHi3cMhxhtHuzgGAsWgAJMyw3zaQLeFFf3qvRpump,PRINTR,BoiL8W7CfhoGfjr3VHFH34GfKdkmGm7y1YyXbweLfcX7,pumpswap,1791005331,0.00001241,9128.56,11370,11370,0.25,26.57,201.54,1877.99,0,1,6,5,28,26,81,77,-0.15,0.64,1.32,-12.88,0,1,1,1,,,,,,,,,,,
1791495140,2zXY3fGVBqGK6Bqk4p9U1iC3gstsM2riHFik1Gb33HuV,PRINTRCAT,B2ac8k8h1osFXiCUPDjrsN2XrPGJTZDEdjWuVXvVZRR,raydium,1791006103,0.000002256,4372.19,2257,2257,0,0,0,16.22,0,0,0,0,0,0,0,1,,,,,0,1,1,1,CPMM,,,,,,,,,,
1791495147,ETbqN5nKYWSjin1BDqbLYQJNdmcEghAKnjQCiCPSpump,CLTR,5gW3wH27sbdoPyip8qcY6gvH6sDxDAshbm4dErYMt1Dv,pumpswap,1791029285,0.000002490,2540.33,2402,2402,0,0,0.11,3.76,0,0,0,0,0,1,0,3,,,-6.52,-6.7,0,1,1,1,,,,,,,,,,,
1791495142,5dyyu2XWGhWHua52JjfhoNSbDLni654DD5yR6DcYe3zV,PCAT,DuJRqJTcyHNB56xomwF6eqaQdQYp3RJmryEf5vr1ZJyq,pumpswap,1791016951,0.000003151,3267.57,3067,3067,0,15.53,15.53,411.54,0,0,0,1,0,1,4,6,,-5.05,-5.05,-1.08,0,0,1,1,,,,,,,,,,,
1791495141,4jxHBQ5YcUeu582x4h4firETkz1MTFAfmzys68xQpump,PumpFlare,CC2fHvC583SNAUFz3qbpXFW89BnV7FEy9W6YCysrJqTd,pumpswap,1791031849,0.000002678,2620.59,2519,2519,0,0,13.46,73.71,0,0,0,0,1,2,3,4,,,-2.08,-9.15,0,2,2,1,,,,,,,,,,,
1791495142,6FhVPctYg363pQbs4iSvqyHe2cJzfsvFD96gePy6pump,EXFIL,2zPfdGd48k7B2U9yqZ4hJSPAPtoVU9uiEbFQYXEoeXkv,pumpswap,1791018416,0.0001245,31696.2,121133,121133,56.2,3824.74,21108.87,82137.85,0,3,26,35,202,157,530,420,-1.92,13.77,0.44,51.39,0,0,1,1,,,,,,,,,,,
1791495146,CkKGSFGZy9aJVBzkLH4huNo8P2YxsYXVYwFyZTSYpump,MONAWEEN,46n4uoWZs2diVMym9gE3mVQEJdD99VeLQxN1unziumGv,pumpswap,1791018845,0.000003028,3732.73,2926,2926,0,0,0.01,0.21,0,0,0,0,0,1,0,2,,,-5.42,-5.42,0,1,1,1,,,,,,,,,,,
1791495148,GFkfaUEJApu9Jf2AmAN2hgk5SteXRXJ19opJoL5bZwKw,JUF,AxsATeRkuWjW9eP8HB6uGu6teumn1hoah8rJHZbz4KUP,meteora,1790712022,0.0002700,49640.5,224104,224104,24.84,1128.13,13836.15,67662.77,1,0,20,3,166,53,592,398,0.12,3.56,-19.77,-21.03,0,1,1,1,DYN2,,,,,,,,,,
1791495145,AtbUhKwvrGbq9bc6iQ6z1JzuBjs2Crq3xhRfwYrnpump,Apollo,FrKX9WaRnAypMLTsnxtUuLJFCyQLWYGwKkxCxr22us3C,pumpswap,1791085294,0.000002820,2763.69,2626,2626,0,0,7.75,9.66,0,0,0,0,0,1,0,3,,,-5.03,-6.28,0,1,1,1,,,,,,,,,,,
1791495140,2gafU5vS2nVKN4poA9zeQTDM5MXbwWJfcayeJBw5pump,Crawler,3VF1KNPWuQijvKkGHrqfh4kyxM15e5E6MhjfuWcgdEnN,pumpswap,1791065981,0.000007186,6202.23,6732,6732,0,188.02,707.8,3928.74,0,0,7,2,19,9,50,67,,7.74,-0.94,-21.47,0,0,0,1,,,,,,,,,,,
1791495147,ERHreMRMyGaZPaVcUiBrveb5f1Bc8dbuDuFyLPgMpump,Prime,5HSKJpMZQQ5eDYELf8f6fj1LVfoy7tkKZzy18ehGwhBN,pumpswap,1791084611,0.000002835,2919.36,2751,2751,0,0,0,0.11,0,0,0,0,0,0,0,1,,,,,0,1,1,1,,,,,,,,,,,
1791495149,J922v56nTmbxtQ5EHDqfxctBUVZZEWgHmigxWnh3pump,UPTOBER,GZFU2cDWexUzHaKYHCsnH1tfPUtfyW5QAAMDjZJ4q3AX,pumpswap,1791085133,0.000002837,2799.38,2702,2702,1.13,11.4,42.52,91.52,1,0,8,5,31,12,40,22,1.32,1.4,2.23,-4.99,0,0,1,1,,,,,,,,,,,
1791495140,3XBKc5N6ecPdxSBxPRSobzZ4wWiEqtVxVMjYqPeNTrDb,SLEUTHY,2DmW3RhBeSyXBQypBcfvyAcySEw8AZh4Vhvu1PWgLLoV,pumpswap,1791079671,0.000009060,7044.28,7993,7993,0.33,11.37,87.76,968.15,1,0,6,0,29,11,94,35,0.22,1.2,1.7,-7.4,0,1,1,1,,,,,,,,,,,
1791495145,B32ocrADBEo1XHsGVnxqP81SaK2NiZkQmmAoTnmT8Ybu,BANKROLL,9YaWadPw6k78iLFF78KotaNiGERCi75ySDvvXGt8jWyT,raydium,1791072171,0.002351,142614.49,2351378,2351378,223.22,1810.23,9713.71,99964.39,1,1,2,3,65,20,327,175,-0.61,-4.87,12.25,169,0,1,2,1,CPMM,,,,,,,,,,
1791495149,J8fqfTxh6pANxy6ezchns8e3ZeEcF3xCFASetWnpump,PUMPKINGUY,CABFDkXdciZpQNHBpDSsPYVsv4dPET21iVMmy2N8aWFa,pumpswap,1791082298,0.000003619,3511.38,3473,3473,0.18,5.56,25.49,113.93,1,0,6,5,26,16,49,32,1.3,0.42,-0.46,-1.74,0,0,1,1,,,,,,,,,,,
1791495144,8zYPhpgPPbS3KbMGoET6VQ8DchDCraQc92cX33icpump,CAIN,4RzTUehsv9JhMWgGFP5NVvXesDhHBrbShSiVXD23YEg1,pumpswap,1791044682,0.00001263,8508.2,12253,12253,3.29,3.29,131.12,465.12,0,1,0,1,1,3,3,13,-0.24,-0.24,4.43,-0.76,0,1,2,1,,,,,,,,,,,
1791495143,6vSxbc1btRLZ24kBcdhJTTHfg8U1EeLkqL7oapw41pad,PAD,251JNe3FRBHGqKh2pnj6UhM6riD4PRRN9g6EQr3hbah8,pumpswap,1791093721,0.000002613,2587.95,2482,2482,0,0,0,2.94,0,0,0,0,0,0,0,2,,,,-1.32,0,1,1,1,,,,,,,,,,,
1791495143,86PvZw3iGbfbnCnMbJqDBUaci7uEF23qFHo7t6jBGqxQ,STIMMY,BQJmK4nTokCgMHHcjMfSaLpcWdv4YuQ2CpHUspp3RtyS,pumpswap,1791085701,0.000002543,2561.07,2434,2434,0,0,11.93,22.72,0,0,0,0,1,2,4,6,,,-5.31,-7.88,0,0,0,1,,,,,,,,,,,
1791495142,6MnQ921sqsShymdoqPv2RfhL5g2Hk2hoqPvgpDGcpump,APP,3qsLAK2seZi8s25TXDnR8gSdXb9jbMzi8DoyMZsWPiWv,pumpswap,1791195488,0.00008762,24019.86,83630,83630,0,1032.78,10147.76,28488.05,0,0,16,7,90,50,270,177,,-12.29,58.12,34.08,0,2,1,1,,,,,,,,,,,
1791495143,72BNB9aZvqv9hokQoXRpkVe8eE48vxQ4wR6Wh3J1pump,trade/up,J9j9M3sGhmCmSJmtESD2KpNBmdTYhkV9uxeXmxY5fSCV,pumpswap,1791150066,0.000002300,2437.8,2243,2243,0,0,3.77,3.79,0,0,0,0,1,1,1,2,,,-7.86,-7.86,0,1,1,1,,,,,,,,,,,
1791495149,eyfwpQxwtUgC8Vmvk1daRxeLe3RTA9FrpK1HHrFpump,PLAGUE,FqycVQND5KbRMzQ9EgyUySZpoQp15p1oe5iDpTeEpu2y,pumpswap,1791155341,0.000009578,6771.45,9236,9236,0.98,73.47,688.49,3837.29,1,0,5,3,54,25,120,63,0.17,-0.82,-10.08,13.68,0,1,2,1,,,,,,,,,,,
1791495148,H7wJ1wbbdu4ZCom6yegVaJxWBvdjLQ3NaNZbJsb8vAni,QUOTA,7D6L3Z1Vwz1WMmwc2SA4hDiRWHa2jhPg9FxWVjVRYwLH,meteora,1791141770,0.000003499,5874.33,3435,3435,0,0,4.78,51.17,0,0,0,0,1,1,4,8,,,-5.49,-9.97,0,1,1,1,DYN2,,,,,,,,,,
1791495144,9XKzy4KahcZaGJPJtz1PtqGPB3CiseoBrx7TcQhEpump,GOMO,5a7QurJLARt146JajJYPe5nh6vLyFpN2QrHUSLqbsCZy,pumpswap,1791150590,0.0007374,82445.52,612188,612188,433.37,10815.05,86162.21,523305.1,1,1,35,22,361,284,2295,1860,0.94,7.87,10.22,-34.49,100,1,1,1,,,,,,,,,,,
1791495148,HM96W5SAoGfUvP7aorB5BAQyjFRhjgFusoUFq5JboM33,SHARKTANK,Hd78uoWGxJ1rG2KYHQYZnpjnVEpmfy8MxTWjQY1zroZR,pumpswap,1791147296,0.000002421,2576.36,2306,2306,0,0,4.8,6.91,0,0,0,0,1,2,1,3,,,-5.98,-5.98,0,1,1,1,,,,,,,,,,,
1791495143,6bmC8NGLPhUK26neLjmYhdyTh8WQteuNK6rVDx35ncv5,xSI,3T55WGUyZG5zVQMENcQp11jZRfREA5jyW4fo7rMoxgdB,pumpswap,1791152267,0.000005391,5038.7,4727,4727,0,0,293.19,296.67,0,0,0,0,0,2,2,4,,,-16.38,-16.62,0,0,1,1,,,,,,,,,,,
1791495141,4KjbJ4SUWVNXGAoN89s2QLVdZ6PtNvWFykp999Tfpump,Stickman,6Gs6t9J94PKnFp4G2EPEzjXCUiUPxGg8VCMUjLsSNDc4,pumpswap,1791152025,0.000002477,2509.8,2363,2363,0,0,0,2.35,0,0,0,0,0,0,0,1,,,,,0,0,1,1,,,,,,,,,,,
1791495140,2rFNkrUaPdTFSCNu5KJoGL2Aiq7YZDE8DYZGZzAJCoKc,king,7GnXYByz4K5DXpvCGSr62TyYhtVHSvqzq5hCsa4W2yCX,pumpswap,1791152563,0.000002745,2683.86,2548,2548,0,4.42,31.92,51.23,0,0,2,5,19,18,29,30,,-0.82,-0.57,-3.77,0,1,1,1,,,,,,,,,,,
1791495145,C8ivuAd8xzEyf7aCKDXF4cD4oYsbamtvdNqiC1oNpump,BABYBATON,EdzPCPKCGFpBUbbbv4Tech8wa1pGf2oZpjASqGGZfrbg,pumpswap,1791153042,0.00002705,12392.98,25336,25336,56.56,745.45,12244.77,39234.58,3,1,16,7,154,95,557,404,16.41,33.58,48.77,3.89,0,1,2,1,,,,,,,,,,,
1791495148,GbdUYiGiRxhr146N8d5hemgcscU8YUW8oYbKJhuApump,XFUN,GTVJzZc2PfPKSWWGw5LJPBpqaUDsTXux1Lw9xvXqZqiS,pumpswap,1791152088,0.000003195,3373.02,3146,3146,1.64,9.73,26.25,59.89,1,0,7,3,21,13,45,36,0.22,2.46,-0.12,-3.08,0,1,1,1,,,,,,,,,,,
1791495147,EDGZJJi7UhkqTNLsSEamNVZBDTVXPKepzEGvwEUCYJGK,Caviar,5CxBjKdtzYsgKMDUdjhiFDQkkCDXvtaGAVFP3br6LjAr,pumpswap,1791149803,0.000008048,5993.64,7773,7773,0,645.01,2155.71,3075.32,0,0,0,8,12,19,15,24,,-24.91,-7.11,-13.79,0,0,1,1,,,,,,,,,,,
1791495149,WPQCYWEtt34y8LK8DKfnod47WrytYVWDYRfNNbmdYB8,SHIP,J2VvG2BvjdrgpW9BCmBG9UcmFx11pmuYEWgZVJQV9nyY,meteora,1790977091,0.00001040,7005.99,10280,10280,0,1.53,1951.09,6422.2,0,0,1,1,31,25,85,76,,0.36,37.75,-43.81,10,1,1,1,DYN2,,,,,,,,,,
1791495147,EvwGJQ3Xp3h8hgHrSwAhBgSy7QAAzh7XSeah5gjBpump,bracket,DLydQhvexbV93mowsKVWJSxK6jXiPWCeRnTn5uA9H1Sk,pumpswap,1791154140,0.00003136,13778.94,28978,28978,15.53,3884.1,36445.08,56334.12,1,0,32,18,227,170,403,312,4.09,10.97,103,99.97,0,1,1,1,,,,,,,,,,,
1791495148,HbPDWSqu8hpVMX6gMjwMDGe5rVgicWo3Qh3Jaojypump,Frank,745ATaSSWxvry5qt1XVv9eXuG884hDvNJfvA2o82dNBi,pumpswap,1791152156,0.0007039,84707.5,669150,669150,4123.73,62244,428163.44,1615225.88,121,72,1620,1010,9271,5171,32802,21210,-4.23,9.29,-15.1,22.21,30,0,3,1,,,,,,,,,,,
1791495143,7HE2WmPoYE7uaA7DKh25N5cUwEcUoiyjwZU9ZeaQpump,pup,TkDnwe4TZETkX4gUzPj6k35dE9ryvuJVeBrhiqECxvn,pumpswap,1791152610,0.000008600,6549.52,8385,8385,0,90.58,711.16,1056.04,0,0,2,1,7,8,15,19,,7.83,10.34,-13.07,0,1,1,1,,,,,,,,,,,
1791495146,CkYC13iy8CsrWXKz3zqhjoyLvGBH2zFFwQKrcrvApump,CHARLES,7FMstDyWNvDdG78m8mrGWVwc4MWMCuFybAe6nF1sZFpo,pumpswap,1791152177,0.00003980,16030.07,36876,36876,0,457.76,5103.77,44718.84,0,0,4,4,58,45,365,346,,-1.56,-26.39,-40.47,0,0,2,1,,,,,,,,,,,
1791495144,8nKp4JkesNtDgu3PiSjdTdNSrtBt8YCHhW8BU14wpump,BATONROGUE,CGFDdPEpn1SfTJXDnRYb1BWS6aTAuWXBd4gCf1LddVt6,pumpswap,1791149814,0.000003033,3842.52,3002,3002,0.09,9.68,43.18,94.83,0,1,6,4,36,13,71,31,0.1,-0.2,0.36,-2.53,0,1,1,1,,,,,,,,,,,
1791495142,5YQYeEqfMWDY8uCaTTfwMqKQPpJn1jMwf1XU6okqWzRR,SHIBLING,9qnQYmAbJNf7KsGTvTz1yPo83N6VrZkzQJ21cRocDddx,raydium,1791149450,0.0001584,36496.69,158495,158495,0,1251.64,5425.4,17215.91,0,0,11,9,70,42,139,106,,-12.22,15.76,-19.2,0,1,2,1,CPMM,,,,,,,,,,
1791495149,mj84V4jxj6dtJMBNUhcxcZDJRZTixwBtsTnKFm3pump,SI,FjDawnHkFvpz53s2hf2arAsXpuTsSZYVACrM3mCkSW2o,pumpswap,1791209344,0.000008139,6866.97,7914,7914,0,10.87,13.22,451.7,0,0,0,1,0,2,2,15,,2.22,-1.29,-21.33,0,0,1,1,,,,,,,,,,,
1791495149,bgzZngPG4bZTPRFjsyaVA12LMP64ZgFjdjjzHZ9qQNR,PSTR,JBn3psJ6PCDCp5t7e6NtJtjAYBBFtZoQsXFe7v6Y1JbX,raydium,1791153877,0.00002634,15726.63,26349,26349,0,894.01,1686.15,5905.67,0,0,4,5,15,16,109,64,,-12.81,-5.71,-9.08,0,0,1,1,CPMM,,,,,,,,,,
1791495142,5nv89wwFitM1K54YHS6RxP5B4MQw6HSLXvCnG9NMpump,MRSKIBIDI,H37ggfEnmtSd2sCChCMXzs4KLG4y75PThs22Bs9ZG8DH,pumpswap,1791153912,0.000002276,2372.42,2216,2216,0,0,0,0.1,0,0,0,0,0,0,0,1,,,,,0,0,0,1,,,,,,,,,,,
1791495144,AYHHpvAVf27Rv64PBPXHEJKg8MXaJ35vmsn8GV6wFigf,zDOG,A9aYRn45tHVBnXkhASb5AjkPgKxvdrqvreeZUsCm1rDh,raydium,1791155823,0.000004566,6395.71,4567,4567,0,0,193.51,1827.49,0,0,0,0,1,3,26,58,,,-6.13,-48.63,0,1,1,1,CPMM,,,,,,,,,,
1791495143,7mv1ijAoQFf8YVCiit55NamECzYoRaGT2kuHSH6gpump,JOEkin,AtZdn4fc9p9X6suMfZn3Q9i4c4arRdh2UMFkUA9H1j1s,pumpswap,1791154715,0.000003682,4886.25,3535,3535,0,0,4.51,12.32,0,0,0,0,0,1,1,3,,,-5.7,-8.57,0,1,1,1,,,,,,,,,,,
1791495144,9BMbyUfW6g4ptTGqyZeLdKRMz9tM4ssSgUEKYK94hook,HOOKER,CpEJX4hDGhce57vfyzbZV3UougyS9GGw5rnNGRxW8Bao,pumpswap,1791154117,0.00001796,10946.51,16831,16831,0,0,1999.25,6973.74,0,0,0,0,46,32,126,87,,,20.68,75.17,0,2,1,1,,,,,,,,,,,
1791495141,59dv3aw6NMNKTXskt5BNqZUWnDTs2MkX2KYobBsgpump,AGENTCAST,43EMdiPiMonst54JdBouBYh3NH6GyyZAxDoTuBDak1UF,pumpswap,1791155832,0.000002717,2794.57,2607,2607,0,0,0,17.6,0,0,0,0,0,0,0,5,,,,-5.76,0,1,1,1,,,,,,,,,,,
1791495143,7jXpuNLyxAfVWS5x4Za6bjqBwnrz22iR7aQCSeLLpump,AlterLife,61HBL2Z5N4sdgyRjYntxSG6KEB4sCybbbm9RwV55v93v,pumpswap,1791155394,0.000002590,2699.94,2529,2529,0,5.1,24.93,33.5,0,0,1,1,1,3,1,8,,1.02,-4.34,-7.99,0,0,0,1,,,,,,,,,,,
1791495143,6roVXGp6izrreewkZNbuAd5yZrzwLfX4Zmyh1U5nLeEp,HODL,5dsESnstQMQcJCbDWqy4efXRGu9qu2aRATMMH8nKoAYQ,meteora,1790830672,0.00001486,7430.55,14862,14862,0,38.66,1330.12,1949.94,0,0,1,1,5,18,7,32,,-0.03,-36.07,-47.44,0,2,2,1,DYN2,,,,,,,,,,
1791495148,G7JkKqGb69cCWC2XkDXc8LG8qbifTkCKpsAcr6kApump,BANANA,DfpVbQUq6Z8AAcMwkqWdc329K6nDm9ihEkMBCTdKhQwZ,pumpswap,1791172138,0.000003138,3108.03,3062,3062,0,0,31.11,214.35,0,0,0,0,2,2,3,10,,,-2.37,-14.97,0,0,0,1,,,,,,,,,,,
1791495142,5w1zctCm4Y5YgWHvaS1sFYkaDQJzGgbQ5jK2nouQEm8U,RSN,2FbjDkz9NTFuC5etJ5TT91LPfesihHYKBcPMYZaymrt7,pumpswap,1791173339,0.000003530,3540.59,3347,3347,0,2.08,181.46,3148.86,0,0,0,1,1,6,37,48,,0.84,-13.73,-36.29,0,1,1,1,,,,,,,,,,,
1791495140,3W4fNiCbL1DkAAxV1MQDGL8JKbCMMy5pAkpsXxgm79HJ,si16z,HxAtySJiZf1DzdTXsVYGfg5mmG53GRvZatZ8p8493uKi,raydium,1791173106,0.000005142,6419.99,5143,5143,0,25.04,1182.98,3179.05,0,0,1,0,12,31,66,155,,2.25,-26.87,-48.32,0,0,1,1,CPMM,,,,,,,,,,
1791495143,6hSDjfX8gsuj3NbfPi2QteWa4SUrKo95vvcySx9Fpump,STACK,DBRgkF7Y1xKDqgskej9hCojEnQZzB6MdK7JHB3a21KMq,pumpswap,1791172682,0.000004672,4589.75,4289,4289,0,5.9,171.93,666.38,0,0,4,2,23,18,77,53,,-0.53,-8.83,-13.86,0,1,1,1,,,,,,,,,,,
1791495143,6iQp3cxTYPKaHHRX3SnmuFisLdrr9DznDU6gKnQtpump,STREET,DwfWc9gmYGvcmHp6sQBW6sug3R5XkF3zQ1DM7DK2pvm3,pumpswap,1791174146,0.000002965,3058.71,2706,2706,0,0,0,30.31,0,0,0,0,0,0,1,2,,,,-2.19,0,1,1,1,,,,,,,,,,,
1791495146,DuFkeKBzCHYuvUZRhBJNm4zX7hmkcG7gtQZJVjXXpump,Gizmo,AARHDvMUm4V3i9bqjkMomexQGbgrzMkDP99FHgimawBZ,pumpswap,1791175126,0.000003526,3810.88,3402,3402,2.38,29.16,272.18,471.14,3,1,32,20,226,119,395,228,-0.09,1.4,13.42,11.74,0,1,1,1,,,,,,,,,,,
1791495144,8vDuxcypxP1W7QzDs537zUqnLbxPbyD6G1i7q49Vpump,XMAN,CAgJ6EZgBTAgh6NLMgunPkxJ81zWrVoNWfHJi87U8zUQ,pumpswap,1791174166,0.000003467,3802.88,3395,3395,3.71,45.38,276.22,882.1,2,3,41,22,245,101,403,194,-1.33,1.2,12.9,11.76,0,1,2,1,,,,,,,,,,,
1791495142,5cyP8YurRNCZeUtwXoaWtBwSH7pUxVDVCUauHGRUpump,Pip,6n63cxeGSEaWAuzNhXJztHwWjfWVSK1p8asUfbKGv8m6,pumpswap,1791174408,0.000002908,2944.12,2769,2769,0,1.57,15.76,690.31,0,0,0,2,2,5,7,13,,0.25,-4.3,-8.4,0,1,1,1,,,,,,,,,,,
1791495145,AjwghPUHEtXSuUuwQEFDuSbkFEVD2py9FCyTomS9pump,si16z,44L21jScTbv1D4xWc99mQ5Kg7ZoAo2sTXGWoAbg6XaC5,pumpswap,1791176950,0.000004379,4251.29,4175,4175,0,0,89.59,374.7,0,0,0,0,6,1,7,10,,,1.77,-13.19,0,0,0,1,,,,,,,,,,,
1791495145,BDZgoGZXjmy3GhM6YoMoahtC4nHZdn857rvKSyxUpump,HUMAN,542yUKc6QtDBgqtv3jhyw5NAScS5qn3VhGYchav1ow9p,pumpswap,1791177058,0.000003587,3362.1,2727,2727,0,0,0,1.39,0,0,0,0,0,0,0,1,,,,,0,0,0,1,,,,,,,,,,,
1791495144,9m4wLakNBU4f2Vi1cMKVdmfY5bWafa9EqugmCGhipump,FO,4CqMmfNRkRzdEZ8ALHdMkxWwLZYLnJpVUzyVz1bCxHwQ,pumpswap,1791194055,0.000003115,2986.59,2943,2943,0,0,7.85,13.87,0,0,0,0,2,1,3,4,,,-3.45,-5.46,0,0,1,1,,,,,,,,,,,
1791495140,3hAjWscgw2hn16piWaAZ6qWxp4S5cqt2LbdbDfg2pump,SI,HjnWwJ2LWqH6aKiB7JFRXhvLD5HGoBs9mfTtwk4QmXG3,pumpswap,1791195133,0.000002716,3070.21,2531,2531,0,0,3.67,3.87,0,0,0,0,1,6,1,8,,,-5.32,-7.28,0,0,1,1,,,,,,,,,,,
1791495141,4sXEdQ7WwZAjLGC8nj6GNrpSq9csTvm7KAYL3sYhx6xi,Jaguar,74jhWzTkfk9XaANpaNVzSPpQ8zHXRUCZQnZuvp55Hvto,pumpswap,1791196627,0.000002087,2087.42,1970,1970,0,0,1.58,5.05,0,0,0,0,0,1,0,3,,,-9.58,-10.33,0,0,2,1,,,,,,,,,,,
1791495146,DFSUu3aM5VT6cGi9xBGkJSxpWdeVMD1kp4o9N1ipump,Spread,8FPv9Go47yQWApFpvBWLvyZZDvfz4LvzfgGvgmBMgsGw,pumpswap,1791194256,0.000003639,3638.77,3508,3508,0,0,0.01,52.3,0,0,0,0,0,1,0,9,,,-3.07,-9.03,0,1,1,1,,,,,,,,,,,
1791495144,9KAPRaT35wY9FF1NYhfKyLtt9sq3CgGtB6ChrMgVSTNK,Stompy,9iZxBRz4qMXKDJ3y5ZWwKemxc2CJqvLMQ2PM8QXT5Gh1,raydium,1791195810,0.00001746,12908.39,17465,17465,0,29.96,1215.64,4397.81,0,0,3,5,40,32,113,109,,-0.82,-19.11,-14.79,0,1,1,1,CPMM,,,,,,,,,,
1791495148,H8oe2SCksJcYzhPeS4TsbteusgZW5k7QaZ4boKyq8C7U,quarantinu,BgYok2svUaAmqczUDEvDucvSwnwq7JnvdL4Q8XqXD95n,pumpswap,1791198556,0.000002982,2935,2876,2876,0,7.7,49.38,435.93,0,0,0,1,0,5,4,21,,-0.38,-4.58,-31.02,0,0,1,1,,,,,,,,,,,
1791495141,4MTY4PJDCdDEEKWokm1AssHyX2jLxK5s4wtVwVEd4RzK,HUMAN,5YqX7CDNdCUVwXyA4m427d1AAr16ecW6ohfxbdZbpGBG,pumpswap,1791192605,0.000003997,3806.55,3898,3898,0,0,1.17,4380.38,0,0,0,0,0,1,38,38,,,-8.15,-21.82,0,0,0,1,,,,,,,,,,,
1791495144,9aQwx5QQSpvrntr7EvHqRNbAqKrLUd9WaiqHGZoppump,ANY,9oFLeTXh5DTPxTJDgfP3yTem9wJekJQg5qwzH1XtWsr5,pumpswap,1791199234,0.000003111,3216.19,2832,2832,0,54.65,65.04,88.33,0,0,0,1,0,5,2,8,,-0.81,-5.19,-9.9,0,1,1,1,,,,,,,,,,,
1791495147,FiJ4gnd4dhqNeBKfS4E8wnERMEpjMPdUfJhu8foipump,BRAIN,4HPnRSbQa1jPkxoYi9hKTUnTv5aUj77G2ereaAYdAgmm,pumpswap,1791200226,0.00005034,18789.54,46237,46237,0,1298.7,5214.72,20383.54,0,0,11,15,26,44,144,193,,-1.25,4.88,-31.76,0,1,1,1,,,,,,,,,,,
1791495143,6hRVzQGXDPhtcUwMQ5fiwxsqUzkmj5pWdsQpjFZn1bNc,catbal,4MvK15NkxsdeYFGzRQBEM8XexgmL1FQtv6nCYwfWWLG6,pumpswap,1791235653,0.000003267,3091.07,3090,3090,0,0,48.61,276.63,0,0,0,0,1,3,2,13,,,-8.52,-23.13,0,0,1,1,,,,,,,,,,,
1791495140,26Zmky7RFLH82XS37XNMLntMJ2bXS6b3wxc4k2Qipump,pumpanion,GzuSNdoyNHUQpP1FuDPHpVaxuT8gwzL261kSRn1tf8xM,pumpswap,1791219184,0.000002407,2387.79,2166,2166,0,0,0.18,0.18,0,0,0,0,0,1,0,1,,,,,0,1,1,1,,,,,,,,,,,
1791495149,ie8FuxvKNFcHwpBxHKCSUpsNCLgacLPDZEYsvubynCQ,PATIENTZERO,C7fX8p9VqNSujLAwGvh4HZCbz4837eHxez5ooGLHe1X8,pumpswap,1791221548,0.000005161,4557.61,4921,4921,0,34.51,1012.21,8722.56,0,0,1,4,21,34,104,143,,-2.3,-23.94,-51.19,0,1,2,1,,,,,,,,,,,
1791495145,Bm6ffo3zf1ieouZKxwRwdfo9zWKv5oQt1F72QZsXpump,TRILLION,FvFM6mSEQUTkoh2wyreNFut3rECynzcrLbfbQHugrjwB,pumpswap,1791224800,0.000002270,2253.15,2173,2173,0,0,0.31,0.31,0,0,0,0,0,1,0,1,,,,,0,1,2,1,,,,,,,,,,,
1791495145,BiqAUhoLcBAyfCtcYnV2DjMWCPsGbwDfL64xnvud8L1R,HTTPS,9CkRHNA5JpyoMqoaEyJZy2LDdtn4H8CaJtsZR6pwnEBM,raydium,1791218665,0.000002177,4215.29,2178,2178,0,0,0,0.13,0,0,0,0,0,0,0,1,,,,,0,1,1,1,CPMM,,,,,,,,,,
1791495140,2SiMF9sdDBgZgXxf8e6VVYJ63uoVEWKSgPdBbp9Upump,IPO,CVF983RYm1Hh62XG6aZqPRrBfYPWFf96jJMBKFTk23De,pumpswap,1791217941,0.000002556,2619.6,2382,2382,0,0,0,6.66,0,0,0,0,0,0,0,4,,,,-3.38,0,1,1,1,,,,,,,,,,,
1791495141,4HH11MVVquHXrZjKV9q9otg2R4AqS1CLiiWoaHPhRUNE,RUNES,3ruBYRXmRSJu6Nh2oQaBgW1zzPjjufvaTZUvA5UXJUdJ,pumpswap,1791218224,0.000004407,4243.98,4352,4352,0,0.79,17.9,207.52,0,0,0,2,2,4,4,13,,-2.62,-2.33,-14.87,0,1,1,1,,,,,,,,,,,
1791495143,6uSyzbHwcykb3uHSa68gEsZ8ixu72Jk6FS4sUGj7Fquz,STOCKED,AqktpLhMswYVSNfji51mWe16Fm9AGsS2iH8pXec7spS4,meteora,1791220595,0.000002291,4430.12,2223,2223,0,0,0,0.61,0,0,0,0,0,0,0,1,,,,,0,1,1,1,DYN2,,,,,,,,,,
1791495141,4YN82xV5B5WsskNA8mJovmgtTtjMrqbp6i4CA5Hapump,REMORA,2Abg9fETJDY5nCp2TUTzweRBqzRYfcfoYWozUZLPEqFG,pumpswap,1791220513,0.000002729,2681.94,2630,2630,0,0,3.52,34.59,0,0,0,0,0,1,1,3,,,-4.36,-7.32,0,1,1,1,,,,,,,,,,,
1791495141,4unydQjvYdqR31pkuBYGu2nGst8r8j5XMW8KXRXtpump,QINU,Ey4Hdtm1eJF7M1L6qWfEFcPYtGVjX6xGxAsDa3tHrPF3,pumpswap,1791219790,0.000003923,3944.25,3689,3689,2.05,2.05,2523.52,2598.72,0,1,0,1,20,25,21,32,-2.99,-2.99,10.09,6.8,0,1,1,1,,,,,,,,,,,
1791495148,GJTqH5mcP17tX16Xok9VnajoPBfKNHa6nAx1zrtupump,launchpad,J8194aC1cqTNcAJTxCpN8Cm4nnUBdskWUrfHrEsCYCuF,pumpswap,1791220342,0.000002321,2547.64,2251,2251,0,0,1.45,6.59,0,0,0,0,0,1,1,5,,,-5.65,-8.2,0,1,1,1,,,,,,,,,,,
1791495146,CSidjwTzf8rETX6DQ3kkacFcm5csDCrSYZqyKC5XxufM,NEAR,Gh89UeyQD6jNo8CJphVJQU6iymQf4KTFYZtbJJhvXoaY,raydium,1791221406,5.010,1051852753.46,1052187865,1052187865,16.42,16.42,81.11,267.18,1,1,1,1,9,9,33,33,,,,,0,0,0,1,CLMM,,,,,,,,,,
1791495146,DVPvDA3VudJb1dgQ2TFGCo7KX7xY7kkpe7wStL2wChou,Chou,3CDFYXdWggXrR1Yyu8YiAvaYuL2tBHCH4CXm7g2nRHLF,pumpswap,1791221344,0.000002873,2911.14,2792,2792,0,0,16.91,597.76,0,0,0,0,3,1,10,8,,,-4.8,10.11,0,0,0,1,,,,,,,,,,,
1791495149,hAN9GVwNdteB4hTr3k5DmfA7CPjBQTLRxpN1PdTpump,belly,G4Xw5DeL7NTnv8PqCP968MLHHWsTrXsfTZYLyw1tvLHV,pumpswap,1791221339,0.000006090,5139.5,5882,5882,0,0,83.71,9748.92,0,0,0,0,3,2,100,78,,,1.31,23.89,0,0,2,1,,,,,,,,,,,
1791495144,AZ1zu3GSbhBAqnaVxZiHE5akV6BtF1knyrbWULAupump,BALLIN,6F4tYCVSyvfB1KAGGXazTVpQ9WVb9Jn9HMoLmNwwCQ3w,pumpswap,1791134083,0.000002990,2921.24,2875,2875,108.61,117.62,207.5,615.68,1,0,2,1,2,3,5,9,4.74,18.07,4.35,-1.67,0,1,1,1,,,,,,,,,,,
1791495149,weLLw2Rn1PzFb4UNYjTPZzoBCdVy3mqYb8FMMYteR8H,BUILT,2ybJTFn1zENXZ3Q4C1jNKNoMF5LuhnhmC3oysuhXT1i1,meteora,1791235044,0.000002620,4477.36,2621,2621,0,0,78.07,78.76,0,0,0,0,0,2,0,4,,,-9.52,-9.46,0,1,1,1,DYN2,,,,,,,,,,
1791495145,CJvUiDYipsWkjBqYJGJ5KxpX3muZPz3zU1qYaFM8Y47u,TIT,HjAyMh3gmzQn6JLR4pzApcVLC9n97W1ipcLzTEy4fkza,raydium,1791234541,0.000002935,4856.54,2934,2934,0,0,0.96,22.91,0,0,0,0,1,1,1,8,,,-8.43,-7.18,0,1,1,1,CPMM,,,,,,,,,,
1791495140,2EejKrJxQAf5RFmFNjF8vJ1VkVa3Fs3fqJ1v4sV7boot,BOOT,5ex5dxTeJN4DRnoWGahwmJNJnA2cctdwGGKcUg2WiP48,meteora,1791233378,0.000001725,3409.1,1726,1726,0,0,4.68,5.17,0,0,0,0,1,1,1,2,,,-7.2,-7.2,0,1,1,1,DYN2,,,,,,,,,,
1791495142,6HEDwKSR1UpV8dJW7sVjFQoh2UnXKCZZCWi8uZVgpump,Sirius,GTkRge26uP28LKXmJpF7iENhn1BnVxtB8R1bukhuTWj3,pumpswap,1791233140,0.00001203,8228.03,11671,11671,15.35,984.13,5250.53,20428.78,2,0,15,7,40,39,170,134,2.32,-0.46,-53.01,-40.61,0,1,2,1,,,,,,,,,,,
1791495145,BrUimx7KncgRNTggAdZdaX2s5XUqQyR6XMRmEg4mpump,MINTRO,8t34p7n94man8wcmFdHedYkJaWEhA9nKGJMLZyZUzbn,pumpswap,1791225432,0.000003292,3855.98,3269,3269,4.6,5.23,22.27,196.18,1,1,4,2,25,9,60,39,-0.81,-0.47,-1.04,-8.83,0,1,1,1,,,,,,,,,,,
1791495147,EC7JXhzfSDe9BhU1tnfyzvv1eUUaTQQi4TTnrSHKsaET,BLU,Chysf3VjqUGexsXHyXzzA5htu3KLueAAZzCUSa47AFP8,meteora,1791232006,0.00005940,21599.88,55743,55743,0.71,540,8719.44,96122.4,1,0,17,14,153,97,742,609,0.09,-6.63,-18.61,-12.09,0,1,1,1,DYN2,,,,,,,,,,
1791495147,FKLrrPTKbAaSMwDrJXe8rTc2CrvtuA1RyJNJmB1Vpump,sizeinu,8BC6kqZUR6i1JSUa3q1nf6U7s9mWrNc4sxbsZsbj9MMJ,pumpswap,1791230368,0.000007735,6272.34,7482,7482,0,0,270.04,2791.06,0,0,0,0,7,8,39,43,,,-21.6,-44.77,0,1,2,1,,,,,,,,,,,
1791495142,6VsnbKz6erJRTPiiD34Msq7eWmmgZHDnh4Bxan4MpGjm,SOUVENIR,7th6RZFyWytqVFozBUDPpZgTt7jeYAi8X7XZcLgyVV4p,meteora,1791064118,0.0001924,39897.09,191157,191157,1286.16,6932.42,59389.8,181383.9,2,10,83,45,435,281,1525,1091,8.4,25.36,-27.11,-44.59,0,1,1,1,DYN2,,,,,,,,,,
1791495145,BuknMeQoreSUzXXZq8Nn973EkqrWhRzKU34KAhyrPpyb,INCOGNITO,9gJHwbyEn3U7eZyf61sTX31mqPNNhwnyDoA9Fn3pMqdq,raydium,1791223040,0.00003485,16432.01,34853,34853,1.83,343.45,2511.16,18227.56,1,0,14,5,60,44,311,226,0.21,4.63,13.13,-26.41,0,1,1,1,CPMM,,,,,,,,,,
1791495141,4LBzGyaRha2yLDVNevW6SYr2xHa4SWH8MZuMEFyr24CB,CLAY,J2jEyN9XVND7AhvxU6qytMgcLdbHbC2MoZYBkTQABDuN,meteora,1791228274,0.00008606,28891.19,82404,82404,0,2407.47,24112.55,181752.76,0,0,20,22,156,165,1315,1011,,14.02,38.66,-41.7,0,1,1,1,DYN2,,,,,,,,,,
1791495145,BvLqum9qd4TWQ1c9WPmLYMvxxzoXUjsFycVffvjyq16,TRANNIE,AbWW6Bxz86kXD7yxM3EC29tT9YwoENowkFVd1JxgsTmc,pumpswap,1791236529,0.000002825,2750.89,2671,2671,0,5.23,54.03,68.39,0,0,0,1,3,5,3,9,,-0.75,-1.32,-7.88,0,0,0,1,,,,,,,,,,,
1791495146,CpCeYbZAk2aLPRGhm75ZQtLbYJdSFnnz2ssLGKpvpump,Ark,3xRe9XkTZTNxdi9aKg5d13eRdNopDbUpWnoUtjbyBaum,pumpswap,1791236738,0.000002942,2865.81,2539,2539,0,0,0,1.2,0,0,0,0,0,0,0,2,,,,-0.44,0,0,0,1,,,,,,,,,,,
1791495140,2vPqP8RtfGcvpvV5WbDdDtU4qRQqXWGXJVuLTatXXcCi,TIMECOIN,7H6nf5rV6zowhr27ZJENEm4WMg2DKrgXJXdpxdFB7tfr,meteoradbc,1790856404,0.000005046,,5046.94,5046.94,0,237,237,565.65,0,0,0,2,0,2,1,4,,-9.36,-9.36,-16.77,0,0,1,1,,,,,,,,,,,
1791495143,6tNogHW8XKFVZNYfdXrDjmZx3HsFtZtKpboh1b3D23oj,ASS,4pDwFmomT3iMfGqsWctH4smsc1v4rPsJuAR6tUTcyH7Y,pumpswap,1791240698,0.000004644,4628.34,4548,4548,0,5.78,176.91,1535.29,0,0,0,2,5,12,37,56,,-0.71,-6.2,-28.42,0,1,1,1,,,,,,,,,,,
1791495145,BAd3K2KWzVwxAjhZ1rpTURusXaMDpuqFEqMSWrvNiFu,maxi,EdvN4WnKSVXU7muAwLRFSZ1fNhm1xfrSFDyWncRCtiUa,pumpswap,1791240936,0.000002616,2613.52,2513,2513,0,0,0,194.14,0,0,0,0,0,0,1,13,,,,-14.88,0,0,1,1,,,,,,,,,,,
1791495142,5oHT7xrEzk9PkuD3Uah29RggyEmQvaWo8rNSGTzr9aTb,SINU,EmkAyziEcFGHEA2EdUWcKk3RLGU7UuAvmVDyK1LRtfAz,raydium,1791240112,0.000004288,5982.35,4288,4288,0.68,11.48,33.79,376.18,1,0,2,0,4,4,11,29,22.04,18.55,28.64,19.25,0,0,1,1,CPMM,,,,,,,,,,
1791495149,HkJgBTK4d3mrrf9Y3TqsiyqLEkbtoEFhzeqMtLnLpump,SPROUT,68xZt5cWDAgWBjxfkpMnBtoZj75uBQZJzzNExKsoetWm,pumpswap,1791239244,0.000004390,4403.61,4364,4364,0,8.88,95.56,326.22,0,0,0,2,3,7,11,18,,1.42,-0.15,-6.06,0,1,1,1,,,,,,,,,,,
1791495144,9rXa6VHbLpvNJnbfNvJxg81sbVAPyHuFP6DZqH3rTHVF,CLIP,F8MvDdrv3NWqFWqCMvWmUWD8F6wQk7URpMDhxrnC9zjx,pumpswap,1791236606,0.00001393,8171.41,13836,13836,0,306.86,1374.42,1972.86,0,0,3,0,11,6,21,19,,14.96,-3.77,-12.83,0,1,1,1,,,,,,,,,,,
1791495147,FMyuTjciDFwusZm8sHjfL9fNh9Mfn1e4MZcGC81Cpump,ANA2LY,8T5sxJemPR3h4ZG2GxLB4xJJXodJUSgc4jj7x8DKUaFd,pumpswap,1791240423,0.000003307,4242.35,3210,3210,0,0,0.23,0.33,0,0,0,0,0,3,0,6,,,-6.02,-5.67,0,1,2,1,,,,,,,,,,,
1791495141,4fzvQ1p5GHHNfSWuAgZs393nW5iRnvTWxgwF86Hhpump,BACTERIA,7mfMS4fRC9riPEiQR1DqkMMpz9pMsjwcpjyRDqACbC1q,pumpswap,1791242271,0.000003474,3361.87,3285,3285,4.91,56.58,278.62,502.9,6,1,45,25,251,117,425,215,0.27,2.28,10.76,8.44,0,1,1,1,,,,,,,,,,,
1791495140,2Jrkp1PWkz33BAy5s5MUwqUs5odMgYj1fZYaxC8RygpG,SATOSHI,7Q9VVwh6Th9BWDXyU3ojTGVsjWoGxgmWCHe4LUmBtyhg,pumpswap,1791121161,0.000005984,5290.91,5887,5887,1.73,11.61,248.22,3314.06,2,0,4,2,44,26,104,93,1.07,0.33,-3.35,-34.51,0,1,0,1,,,,,,,,,,,
1791495143,7E17FfBVYfQLAdQiSMK3ESNwkiYGdZPTVvB5b5oypump,INK,A9Gb1uQMGPU3hPSwFrvz4H3jeKPhtCkTFCQeh9Dt6kXH,pumpswap,1791241221,0.00003262,14448.87,31256,31256,0,365.5,8091.19,45466.09,0,0,1,5,84,72,453,476,,-6.86,-30.06,-36.11,0,1,1,1,,,,,,,,,,,
1791495149,vAu3ZQ6Aon6uEqHhzaKf8QLxVCxT1KKLkLN2qKopump,SARP,2CFTdXFV1PvVbAbiWHosECLGHKpRGdYAeKiLTcUND5Pu,pumpswap,1791243021,0.000002497,2504.07,2497,2497,0,0,0,237203.94,0,0,0,0,0,0,188,2173,,,,-99.99,0,0,0,1,,,,,,,,,,,
1791495141,5EgW8f1SiJyRtJQiA7P7jMXczxsvDVTLRiBHqyN6pump,WC,EgcEpc841ZUaWhcxgxzN2Rtx2jrjA9YhTw6DYGfSLbvk,pumpswap,1791242667,0.000002299,2468.72,2219,2219,0,0,0,4.23,0,0,0,0,0,0,1,5,,,,16.87,0,0,0,1,,,,,,,,,,,
1791495143,8cp1WhUDxTbfX8nDe1kAB1ogPUyQvUSKgzFz365LbQyZ,CAESAR,9ebYNt7c7aZtaKQS8UPbCT6gdzyXWAje3x8Ca28ysyGT,pumpswap,1791262262,0.00002325,13742.96,22454,22454,0,1146.2,3994.31,32818.35,0,0,13,12,68,62,453,422,,12.52,-13.84,-15.78,0,0,2,1,,,,,,,,,,,
1791495143,7PBEBENwvvaax9PSAAPKZrJr6J2skuNneBkZEMGDS7v9,ROOTS,38Xwr1h6kCTWxJckNc7yHgMJRBUsFi7XmUaPaPCmTW36,meteora,1791261136,0.000004951,6074.02,3899,3899,0,187.13,1060.32,11407.96,0,0,4,2,15,11,137,112,,-8.2,-32.08,-69.21,0,1,1,1,DYN2,,,,,,,,,,
1791495142,5VnbrKp28Qs9CAH6PyZdxBNvLxZcbeX3YBsozgWnpump,darwin,53W7r4XUxCSnLGoAvj3nPiXnSzyWGZkYHVavYtLpyaXM,pumpswap,1791078359,0.0004401,72111.64,416996,416997,418.18,27766.25,95553.81,725940.92,7,3,164,235,669,942,4189,4825,-0.55,25.64,-1.22,-48.69,0,1,1,1,,,,,,,,,,,
1791495147,FKB4cff48QyEyKDkPdmqV3AAUEZKZJPWnAGCEcxmpump,LIQA,HWkc2hbojhAXGDnhK1GsMxVeGrpUuMxrV8BPRpx9yPUn,pumpswap,1791262594,0.000002477,2773.54,2399,2399,0,0,0,4.45,0,0,0,0,0,0,1,5,,,,-2.51,0,0,0,1,,,,,,,,,,,
1791495141,4dekGZnRHzCjLseW8QMuwyYFpgDUDWfe8u8u6ywKw64B,Robinhood,AiNmzBK7JfJ18tM9rHnSdeYzNiRZz9SJMnpiLxY27R1d,pumpswap,1791264222,0.000002095,2112.89,2061,2061,0,0,0,1.13,0,0,0,0,0,0,0,1,,,,,0,0,0,1,,,,,,,,,,,
1791495146,E2aH2DacQFhD1VNUvPogjBkrPLPKzrJxXLELmSF7pump,PLAGUEAURA,9zhAgMXvKkZ7gcHELsz8V8uzBC16YmuMRVeo6NNn7gsw,pumpswap,1791264022,0.000002390,2559.53,2312,2312,0,0,0,4.01,0,0,0,0,0,0,1,2,,,,1.23,0,0,0,1,,,,,,,,,,,
1791495147,EtLCJUjYiUmQ1rpEfWeBK1E7ZyWRFPGz5sJc9Ksrpump,hooksocial,9Db6Not1kYREpuJMg1nBje5UwzZ12vmQpWMAMr78SDVW,pumpswap,1791263894,0.000004005,3653.47,3603,3603,0,3.81,117.71,179.3,0,0,0,1,0,6,0,13,,-0.02,-12.48,-15.68,0,0,0,1,,,,,,,,,,,
1791495142,5ajpbjbjhmEvhTPrNqGhqy5A78vu7M6epbijSbe8TFXJ,Fox,HB6mjqob8hb3x5cWngmSQHtGiFwJfwgPkEfKEoJQniin,pumpswap,1791279004,0.000003589,3439.28,3463,3463,0,154.09,1423.09,13144.11,0,0,1,8,16,59,209,281,,-10.51,-53.45,-83.12,0,0,2,1,,,,,,,,,,,
1791495143,6mzzVeGWiH8zkVyr2Sytp2HzxGAnWVM8mYzqTjnEpump,臺北,E9rcbm53APE4QfbCJUrU24N5K2CYNaQ2i6o5KyAqvAz,pumpswap,1791279449,0.000003562,3413.65,3425,3425,0,0,60.4,676.01,0,0,0,0,2,3,12,15,,,-1.68,10.94,0,1,1,1,,,,,,,,,,,
1791495147,FiDXDYxJqwBj9vRy5WcZwwAUE8ehvTY4qBuj1NgENX1Z,OUTBREAK,3fZpA4XmuwQrvmw3AvVVT5iCMh1c5oYSBbj8tnXxkoig,pumpswap,1791278545,0.000002741,2726.62,2646,2646,0,0,27.73,123.97,0,0,0,0,0,3,4,21,,,-7.21,-12.2,0,1,1,1,,,,,,,,,,,
1791495147,FDnUbxKwmECu1jVaFcfDsaMRCrSCiCiXcbVvwjSCv3Fg,GemSearch,DWL5iMtcqa1mvmD4bTnJ8hp6WiDpTzCj9XTFgkqnWGaM,pumpswap,1791280548,0.000002593,2585.4,2504,2504,0,0,0.3,14.04,0,0,0,0,0,1,1,5,,,-4.56,-7.6,0,1,1,1,,,,,,,,,,,
1791495143,7369SFFekWNNpbz4sZrgpaykzd7rCJ1ssi5pwTtppump,Bid,AT1QCJ9z8wNAMT4Hwm8nErtiHMP6Kaj1YpCNGXtqyZoP,pumpswap,1791279807,0.000002634,2588.63,2414,2414,0,0,76.92,189.74,0,0,0,0,1,2,2,6,,,-10.71,-16.29,0,1,1,1,,,,,,,,,,,
1791495149,JDWfTE92XEMDUtxmw27YLJUsW17RenLgC6E8Q6XduPb5,.meowfart,5QfjLF6inpkWqc75pDpd5Q9zNaKXwVAB2ZBDxU8pqnPE,pumpswap,1791281740,0.000003014,3107.38,2910,2910,0.06,0.06,118.15,1758.17,0,1,0,1,3,6,24,47,0.7,0.7,-3.36,-23.75,0,1,1,1,,,,,,,,,,,
1791495144,A8ReJQdBygEQ2kce1oNZ2brMQWVA6HwetfkhK3J7pump,catagency,AgnLE8xs8m2YEHu8tveAzP2VGiwazT7ewN6ywr35kZJa,pumpswap,1791281617,0.000002486,2715.09,2418,2418,0,0,61.79,69.67,0,0,0,0,0,1,1,4,,,-7.8,-10.26,0,1,1,1,,,,,,,,,,,
1791495145,C3NukjAkXubpUcKmYCfzQ2qyKtQd9HLQbLqyuL1Npump,.FART,81zGs4ubWmx7cTKUJrkPkupzH3NRgUdv6VtFKQ4twtEC,pumpswap,1791281144,0.000002494,2662.42,2417,2417,0,0,0,195.24,0,0,0,0,0,0,0,8,,,,-14.3,0,0,1,1,,,,,,,,,,,
1791495143,8FffCcpYMCTc3QC6FmafKq4JGmo4UmsvfHtGZxQWNTKv,SGSI,7voWnnVLJHHwzw6uDGbyMPHRMhPrfuoB8W7WFjg6HnPo,raydium,1791142683,0.000008612,9022.37,8612,8612,0,6.56,63.25,3036.91,0,0,0,1,1,6,29,35,,0.21,-3.27,-11.18,0,0,1,1,CPMM,,,,,,,,,,
1791495147,EhbRLi1rCuZ5A4MjjyxZ86iELXzFtdT68x5HaZTBpump,trickpepes,5n9cfa2hn9Wy52zP28HmhDxTXh6GYqvx4PCULdBFvNxw,pumpswap,1791281673,0.000002514,2929.49,2479,2479,0,0,0,6.9,0,0,0,0,0,0,0,7,,,,0.07,0,0,0,1,,,,,,,,,,,
1791495141,4RoFANLQpQ4o23zfyd1aoQCxVehwVBU2YeyCCQyvpump,swordhood,Gpre8KNPSyUC21NwLR3U3VFRz7T6Zgru79h5uivqwowF,pumpswap,1791284111,0.000002755,3261.67,2711,2711,0,0,16.53,32.13,0,0,0,2,3,8,5,16,,-0.14,-2.99,-5.71,0,1,1,1,,,,,,,,,,,
1791495147,EGTmKUrrAQHWuyWgkeEsAgnRskUuQjw7Z6rwLXYZpump,VALLEY,AyUzdSbkeSm9AtiKrd2s9yFVT3qK5xXytvnQv6R2eADg,pumpswap,1791283445,0.000002432,2420.97,2235,2235,0,0,0,4.28,0,0,0,0,0,0,1,1,,,,-1.29,0,1,1,1,,,,,,,,,,,
1791495147,E4jLbVAq763MavfQE8BFsTznFhVJZQFCpTgbuu8Wphzq,MultiStonks,G1ZrWh1v66zUxZM1q8Nbang6XH4xfuBwDixAkgBdSPvb,raydium,1791283476,0.000003022,4718.98,3022,3022,0,0,63.28,810.05,0,0,0,0,1,9,14,32,,,-9.29,-13.72,0,1,1,1,CPMM,,,,,,,,,,
1791495145,BusD65DExwyuMDA31cB6THeyjFvgYgcGpuUnDRJ1pump,TLT,HPPLtMKGQSqf5XNc2p1Xw4yvDLWpo71CHYTG4JHHvz8f,pumpswap,1791284221,0.000003521,4568.99,3474,3474,0,0,2.97,31.15,0,0,0,0,1,4,4,18,,,-4.11,-7.1,0,1,1,1,,,,,,,,,,,
1791495140,3NPQemdkbzR4sG4u5w3wH9xbqxZjuUijTvbwbvD2A8jS,ROCKET,ARsx88y9tFTcxDn4er25u974ZWC7KF4EY9Pb3MKiEj8G,pumpfun,1791059823,0.000005740,,5740.88,5740.88,231.63,1459.39,3419.57,9640.84,0,3,19,11,40,32,163,139,-9.51,0.79,-6.69,-27.43,0,0,0,1,,,,,,,,,,,
1791495140,3VLfb4PAgDAXxwMnnCAhJVUut1zgVwYkwpPce25EhjyW,NINU,7A9uEcxPHvp5HSs2JF6qC87NMgB7jqva7VCA4dCbHCez,meteora,1791283009,0.0002293,7266.38,6880,6880,0,0,0,78.36,0,0,0,0,0,0,2,7,,,,-18.2,0,3,2,1,DLMM,,,,,,,,,,
1791495142,61BkPLSPrgzYdJL1n2eVfauWRy92qd3bE7yjUBzc4fiD,KOTH,4F5w63zCY7WGYGcdiQtmVrSfhREWZRus34jyGgz2kyJJ,meteoradbc,1791142608,0.00001287,,12877.95,12877.95,0,780,10260.65,31948.98,0,0,1,4,48,45,182,123,,-11.69,-37.57,15.48,0,1,1,1,,,,,,,,,,,
1791495145,CBfvJTZruJjouy878ggEXAtXsNxpU4vsxFNn2tQQE2nV,TTT,ARX71PegXtepfQ41uMnyk32iPKvWdMFdWLpqhTA16VqU,pumpswap,1791131793,0.000005235,4693.89,5051,5051,0,304.53,476.06,2938.59,0,0,6,1,15,6,38,45,,18.66,8.38,-12.27,0,1,3,1,,,,,,,,,,,
1791495145,ArenDYANqFNkp8ZqAXt69vT5Dz7WD4zDfSpVw6oPpump,Cartridge,qikS6TVXgNocaDuhRB3B94cyeaUJevP1c7XEyMfYT7Z,pumpswap,1791049197,0.0001479,41489.08,138351,138351,167.99,8095.8,40494.29,146219.48,6,1,74,37,273,183,905,660,0.55,4.05,2.42,46.98,0,1,1,1,,,,,,,,,,,
1791495143,7VGNv4Nkd3vZ8R8rW4tpV2EnS6YuwPMAm5EsApVMpump,PADLOCAT,BU1ccqA9MsRuL4oT8GVyEh5rB1VSYiT1DK4HDfSt4vqt,pumpswap,1791301881,0.000002127,2299.94,2109,2109,0,0,0.01,0.02,0,0,0,0,0,1,0,2,,,-3.36,-3.36,0,1,1,1,,,,,,,,,,,
1791495146,CyJ4cWzi5dUD6gq8SxGW67k5bRMKzPTL5yGE7ARgT2RY,EXTRACTOR,9LE88U9ao6sRr5PAL229mUPELWFWApB7U2qPCsJVoeD6,pumpswap,1791302838,0.000004074,4267.35,4008,4008,0,49.66,459.54,1034.24,0,0,0,2,5,18,20,55,,-2.61,-11.94,-25.03,0,1,1,1,,,,,,,,,,,
1791495141,44YsqoCSYZsi3jvxB8ougVYG9X9dYxDcxhViAyygpump,MAX,2HY7YUsdxQVTBwALRCpTrMJgBgwvF5iW971jMbdBoXf2,pumpswap,1791302902,0.000002549,2590.96,2336,2336,0,0,0,4.76,0,0,0,0,0,0,0,2,,,,-0.55,0,0,1,1,,,,,,,,,,,
1791495144,9piNDWBS4gL5SsyXp44PodRpj4ojZpazcjNZTDFSycss,EXTRACTOR,2hM2uZzzMfK2hmAFcGa7j6ijf2Btx249Hta4FTuZBqxK,pumpswap,1791303188,0.00003428,15089.11,33689,33689,6.52,6.52,5727.99,16751.15,1,0,1,0,17,38,71,105,1.22,1.22,-21.13,-38.56,0,1,1,1,,,,,,,,,,,
1791495149,Hpuz6VaVd2M2pz17sCEgovMLHZV51sEtca2Ant4DNPDo,HIROI,2F165xM8soFUUJm7kXDjoNtVaWYjwpWuQEiiFt6xjLoK,pumpswap,1791305471,0.000002705,2685.79,2596,2596,0,0,0,152.6,0,0,0,0,0,0,0,6,,,,-12.81,0,0,1,1,,,,,,,,,,,
1791495145,BffwFrxLQ82QxuHwjb1hLQ3MdSs6YVfDkRa2cyiadH5y,CHATON,2QQRqqf4AbvcE4869KwhE13GPibaGbhMBg1DGpKWHvR4,pumpswap,1791045503,0.00003374,15255.71,29738,29738,3.18,1308.14,9169.98,48769.96,1,0,28,22,117,93,476,411,-0.06,-7.49,-29.27,-54.14,0,2,2,1,,,,,,,,,,,
1791495144,941BtBo8qDbuo33H4kYqK7YvsFEJ4gHhEuHM3JJTkcR8,TARD,EburKyhpqoXP63rDvYTpvHH4B87Vr34ZfLZQ2ERB3net,raydium,1791303908,0.000003124,5204.59,3125,3125,0,486.02,912.48,934.43,0,0,6,5,10,8,11,26,,1.94,36.7,32.8,0,0,0,1,CPMM,,,,,,,,,,
1791495149,HrK6mamxc2anu1isSPYLzWAbx6UmWqJwhbAtDy6Xu4An,onkey,Fqq451n7TJcp96486sGvnD7FsjMSpSYVbK8551hynKJM,pumpswap,1791306388,0.000004284,3840.98,4085,4085,0,26.16,102.97,497.27,0,0,0,2,5,10,13,26,,-1.33,-5.03,-20.77,0,0,2,1,,,,,,,,,,,
1791495142,5zkj7ptEyk8X5prmZUhzNfENuR8fCZx45grPq7avpump,SUPERCAT,A8yMHEXmtsBtVz3rGMpf5yeTXxQYEryoWuzV8xT52Pwm,pumpswap,1791306015,0.000004815,4260.08,4747,4747,0.51,57.13,304.03,802.4,2,0,37,19,236,110,404,196,-0.07,1.3,11.21,26.23,0,1,1,1,,,,,,,,,,,
1791495147,FgUggmfF79fWC2gp1gtdD5LaftsmCtDPK2Sm47GFpump,HALLKITTY,ECqH2uc7zEBk7EGw4EAXmBGFXd9YZnWu4ryi6jkkkjnr,pumpswap,1791305327,0.000002546,2984.73,2518,2518,0,0,0,4.52,0,0,0,0,0,0,0,4,,,,-2.85,0,1,1,1,,,,,,,,,,,
1791495147,EgmZ2V7LeCRGTRNcEMPHRWj8iezyrHztap5vRpAkpump,fomogpt,7WuNH3c371EBqZbTzsvEArz7hdVNAzPamJ3hbQF1Yf2B,pumpswap,1791305981,0.000002299,2294.76,2182,2182,0,0,0,5.64,0,0,0,0,0,0,1,3,,,,-1.95,0,1,1,1,,,,,,,,,,,
1791495144,ASYY2YVsKmhWMSLDQVzVsXb8s5thY3a5YdtgDeLupump,DAO,EyQd3XPWhsuy49JXgaVXxuiUebfeq1XrjL7gKTVbAnZA,pumpswap,1791306525,0.000002521,2578.73,2409,2409,0,0,0.04,31.9,0,0,0,0,0,1,3,9,,,-0.45,-7.41,0,1,1,1,,,,,,,,,,,
1791495146,D9MY25yE86DA3VSgjuoL69KihGWaLXpd1MF8EvXupump,discat,9GHMXBUsGYvYniBhHvWyqGLnmFjrJ36RPeqVGNc1DBN3,pumpswap,1791306358,0.000003225,3253.35,3180,3180,0.54,42.3,304.12,544.45,1,0,48,11,241,104,417,209,0.04,4.69,19.06,17.79,0,1,2,1,,,,,,,,,,,
1791495148,HK1Fhpk6R49xQeCMqN8yMeBh8ygDwhGikyLz4u37NUtZ,eˣ,AGeWVpLd8SdjHTZT26v6VM4eV9nFK3ScX3FPaNuMBRVd,pumpswap,1791307126,0.000002737,2729.36,2629,2629,0,0,116.53,370.83,0,0,0,0,4,4,7,19,,,-0.08,-4.15,0,0,1,1,,,,,,,,,,,
1791495149,mGEDDX5FNFxZR4iWKAZzkB7eZHzVNU91be3LYH8Echo,ECHO,Afs5UCJrvEGo48hyJ641zsHbAeQpDwyJF7sbV8Q3cLPh,meteoradbc,1791306319,0.000005869,,5258.32,5258.32,0,0,0.01,82.04,0,0,0,0,0,1,0,11,,,-2.86,-8.06,0,1,1,1,,,,,,,,,,,
1791495146,D8GWC95Nd3XN4wWzMH5aT4CoAPnafoQQ1sPKNZ42R2Lb,ser,9QQ53i6o3tFNfcCrxwhb5tepdwaiBiq5PHc5nzLGGz9u,pumpswap,1791297521,0.000008819,6747.55,8419,8419,36.22,279.59,6292.46,40557.57,1,1,3,8,65,63,366,318,0.14,-1.99,-29.21,-36.61,0,0,1,1,,,,,,,,,,,
1791495143,87xugDPLEmqRPqkK1kFqLRN2VR59rtH2XmerSRqrpump,USDF,298tmGN5tSxaVvFbWhZLfv95sybxhf7f3MjtkvestkDH,pumpswap,1791306469,0.000002179,2202.32,2180,2180,0,10.86,10.86,20.46,0,0,0,1,0,1,2,2,,-3.99,-3.99,-6.3,0,0,0,1,,,,,,,,,,,
1791495149,SadFNaxi3FocLQn8ViKQh5kzy1Km9XqNBrLtrcMeypJ,00,5ghY1j5K4sqj3txAr2yYdXQh6TfN4o9kL1StC5ceMbcj,pumpswap,1790902376,0.000009164,7069.94,8963,8963,0,0,632.26,1770.01,0,0,0,0,5,5,21,30,,,-19.83,-46.8,0,0,1,1,,,,,,,,,,,
1791495146,DiPUfZc8zyc6pFW6ZK35UFKbpBmxiQd1j6FLTaiipump,PROXY,7k53jKPFV746TyPu2tH3FdQeVCGEnbbarkui4bEbi8vN,pumpswap,1791322144,0.000002414,2412.25,2311,2311,0,0,0,19.54,0,0,0,0,0,0,0,2,,,,-2.16,0,1,1,1,,,,,,,,,,,
1791495141,54ogNATgz6PWEDUyRF2bh4fmiqFEsZvyy5dB9KE3Ah5N,Signs,EYyQUQi1Hn48fSNXw9E4NGj6N11u1eHX83q6SAbfZfJz,pumpswap,1791321816,0.000002506,2528.49,2356,2356,0,0,93.65,102.79,0,0,0,0,0,2,2,4,,,-3.48,-3.82,0,0,1,1,,,,,,,,,,,
1791495147,Euz6EjyubNjJmCkahGEfCXmnCwNVLunxc1LZWsmV3wKf,TRADE,JL38KcotuQgVd97gvCZdJcLpCyAapm4ALx48Xgn8Wde,pumpswap,1791321509,0.000004759,4390.37,4678,4678,0,544.14,546.13,661.1,0,0,1,1,1,2,5,13,,45.56,40.15,33.59,0,0,1,1,,,,,,,,,,,
1791495148,GfBwZAaRLdarL7mmUce8wkFc2xALuTSzyrREVKixpump,DONSOM,9DrKrm66SnAASPLfHqHG1mgs6YeGM49UFr8QqiK3KDLH,pumpswap,1791320712,0.000002333,2572.65,2300,2300,0.08,5.28,31.63,51.93,1,0,10,1,35,14,62,28,1.43,1.06,-0.01,-3.08,0,1,1,1,,,,,,,,,,,
1791495140,3b8KjoBtLjkj2wTNNzNMsbusGCNEMEFdEsiGHDqAtLRy,CHONK,4FAWyGJhRdxXjqrpfFGATtmBwZASd8XMkfcu1SGZA1f3,pumpswap,1791322219,0.000002737,2679.8,2400,2400,0,0,0,0.71,0,0,0,0,0,0,0,1,,,,,0,1,1,1,,,,,,,,,,,
1791495143,6zbKnLKRtPSMVLiv2HmYz4JW4jBvsaHrYWa2doJ7pump,WRAITH,4rJs9GUVVek4gjgHXy6YLztfJA26BqxdQrPbdmeWR8JR,pumpswap,1791321919,0.000002671,2741.22,2575,2575,0,75.86,162.75,162.75,0,0,0,4,0,6,0,6,,10.54,4.18,4.18,0,2,1,1,,,,,,,,,,,
1791495148,HCHL2NsA33g5vpFyJLiV89ahcDRbbBKWBLzBuSa9pump,RULR,B1okNzqqDYVZP89nEJY7PWx4BuY8mGfGCZLzwJYKZF3x,pumpswap,1791320159,0.00003854,17477.28,37073,37073,2134.28,7845.3,45159.3,108611.82,35,9,118,102,370,364,918,823,-11.92,-36.72,-35.89,55.88,0,1,1,1,,,,,,,,,,,
1791495147,FCqjM3hefD8YdxvyJmudE9ah4V3ZtUBCs1R58hG4pump,Gemini,AyxsWZD5vGzJE96zUdda3vFbZqBT4YgB9THzTrSiS7fE,pumpswap,1791321184,0.000002060,2088.65,2051,2051,0,0,0,5.04,0,0,0,0,0,0,0,1,,,,,0,0,0,1,,,,,,,,,,,
1791495141,41171nKBsLCMhnLGAw3QtHsJqR9pRq7WJMdyRAPHpump,VINI,4C5JFk8QzMXeG2srBuQ3aAFJH3ojjiqVQS3o9gHP9Q1p,pumpfun,1791242198,0.00001193,,11930.36,11930.36,0,0,0,2535.67,0,0,0,0,0,0,19,17,,,,11.76,0,0,1,1,,,,,,,,,,,
1791495140,2BVfJ4AHMvHdKtEZNHaBr48dQzTfZvYkjaaxbM6bpump,swordinu,69fyvgoTXQxBdv7Tazd99m1vycwoS3Pyjkj8RRFFzSzJ,pumpswap,1791311637,0.000009129,8212.59,9067,9067,47.31,172.26,384132.47,6114281.81,0,1,12,8,11524,30950,92740,58781,-1.45,1.48,-93.77,-99.96,0,1,1,1,,,,,,,,,,,
1791495142,5sLHWDe5yLwjjGvjpPgyceMgLo5HG1a6JH77XN1Spump,LOOT,XDTrVqPDAn3Hxqf5VMDDSTjkAVhvbunjG57pumLMP5M,pumpswap,1791322499,0.0002031,44965.94,200523,200523,67.84,9040.15,26962.49,211169.61,0,2,37,42,154,152,1334,1322,-0.44,-23.29,-16.27,-2.61,0,1,1,1,,,,,,,,,,,
1791495146,CN3JbGE13Gw21mQwBNS7NV2PE653qAkq5DCEABvApump,FYP,2f6o7ZbEGvaD7Two98wyx2hWUz7LtJpAD1nQ3bxBwb89,pumpswap,1791324216,0.000003958,3643.09,3155,3155,0,0,0,2.81,0,0,0,0,0,0,0,2,,,,0.25,0,1,1,1,,,,,,,,,,,
1791495146,DgS9d7epCnUKMum6R5uKR1zqpcnWFLgDR1rdWAsPLiCe,splice,DAMF1f949BaMBRwSfddn3H2XPSy4NqQ6SoWKRQzyWkfU,pumpswap,1791322057,0.000002515,2540.37,2338,2338,0,1.82,1.82,25.38,0,0,0,2,0,2,0,5,,-3.72,-3.72,-6.67,0,1,1,1,,,,,,,,,,,
1791495144,A9AwQtRfDZg5yyCeb87fbxk52HJt6B4q7mjnj1ieMket,MARKET,EwQybQyYozMxW4f9qkvXk37emxE3bJkgGvU5NoPmkUob,meteora,1791324221,0.00001969,11588.11,19691,19691,0,1106.84,5721.18,13907.99,0,0,9,6,89,36,293,112,,24.99,19.39,117,0,2,1,1,DYN2,,,,,,,,,,
1791495145,BgyfZsq6msH7xqv9ns9HoSvtQnGL4c3ed4xtcnrNpump,PLUGGED,FzQbyfMGpoa5KaopaDhJn8tpKqqPimEymUz3ZrYTg4Hn,pumpswap,1791328129,0.000002603,2652.87,2517,2517,0,0,0.08,25.9,0,0,0,0,0,1,3,16,,,-3.29,-7.02,0,1,1,1,,,,,,,,,,,
1791495148,GfTiG9mt3jEqiCriYkxJp9jsVSBf8GNeUAXkWfuGpump,Arcteryx,2eqYw47aaJ9FKwfLA2GZb4PAntXSJ5RjFq5Rd4wFsQYw,pumpswap,1791329292,0.00001729,9770.48,16672,16672,0,60.88,3500.01,25937.97,0,0,1,7,58,42,255,234,,-0.24,-29.09,-48.94,0,0,2,1,,,,,,,,,,,
1791495145,B574RvQ3aj2MCBbV2rta118uLwYYKf33nyLkjUcpump,patryczek,FV8Kwkvp7hNBsyuPzvtgU5quHEcLV8rBN2DwSaeWQ4vM,pumpswap,1791326652,0.000002536,2568.06,2410,2410,0,0,1.15,773.84,0,0,0,0,0,2,6,20,,,-6.3,-42.22,0,0,2,1,,,,,,,,,,,
1791495140,2T6Wg3urxPQHaoGh4gqNHyYL6FAfyWA5BaH6Lo37pump,MINER,8J42or3k3kbGnGuQR2rBZCRWetA7jHrNsCJmscipv8in,pumpswap,1791318043,0.0001482,35020.72,104937,104937,3047.24,6723.34,41741.17,206536.8,39,7,99,42,418,283,4710,2531,-2.87,-14.13,-10.3,33.57,0,1,1,1,,,,,,,,,,,
1791495146,CQriCWn2o495JDpGMsRvsGanisYgkVM3yhXfDVTopump,Buto,EzG86RKYW1N2mYsubsW6X7dtMWXfe1Zm5TPg59ZFtw9K,pumpswap,1791327842,0.000003545,3340.82,3039,3039,0,0,0,49.53,0,0,0,0,0,0,0,4,,,,-2.48,0,0,2,1,,,,,,,,,,,
1791495149,ondohH8Vssxiqcy5u6Efi4AYN17KZrzQtv2a91dnrgW,ONDO,AASUUrCuG95wUAcXzhGcxEkz8SEoXam13byBfv67y6hT,orca,1790949931,0.4811,139184.47,384913,384913,620.83,11316.73,88198.59,162369.51,0,7,1,104,313,211,853,417,-0.23,-3.07,3.06,3.91,0,0,0,1,wp,,,,,,,,,,
1791495141,4cF8xUrQNnHe4FN9QAsutwnHLhzzetuHDbpr2hn1Viek,Furrari,D8panJK2hzPTtQK64R3ismfybkfLSGv8yzejJFbfkosF,raydium,1791316929,0.000009185,9683.17,9185,9185,3.26,17.92,957.98,18103.97,1,0,4,4,28,24,272,208,0.28,0.44,11.67,-59.16,0,0,1,1,CPMM,,,,,,,,,,
1791495149,Hp6sG21D3Cpz7f6RCbaEFPMupHQz4bcpF5xUgNBrhSiq,CMO,8VFBSM3Riy1SNTz2rByBdFPU5DuQqqiSQzKSsjrF4TXb,pumpswap,1791328534,0.000003481,3374.71,3379,3379,0,0,6.98,7208.51,0,0,0,0,0,3,57,75,,,-8.77,11.4,0,1,1,1,,,,,,,,,,,
1791495141,3zo1QMYmEWLJyFrqURTrntGJJzieGWrqWofNbuqKpump,I O F,6kNjQNhYcezJsvkX5Gp4ANs1xVnzprdYZENcCRcLBjKh,pumpswap,1791329202,0.000002047,2064.71,2047,2047,0,0,0,5.68,0,0,0,0,0,0,0,1,,,,,0,0,0,1,,,,,,,,,,,
1791495146,E2XS6Jek6gNjqG2p9zC99GLjCoDHgFJvCvyLFc7Apump,BTT,ER6JgJ37EkXvxGU5xm169DgaL7BDbPA5CDGyjCTLMdcn,pumpswap,1791236118,0.000002994,3121.7,2701,2701,0,0,0,237.06,0,0,0,0,0,1,3,9,,,-5.47,-8.18,0,0,0,1,,,,,,,,,,,
1791495141,546KkLu9bXk3E32CaGmRixxfvdMRjpPqH8HD8kJYpump,BABYBATON,6Ri3bSncKVPUozdt3hCBHNc7uoonSBGeT5wDVpT89Vh8,pumpswap,1791330076,0.000002835,3086.5,2821,2821,0,0.08,0.08,207.51,0,0,0,1,0,1,3,9,,-1.03,-1.03,-4.98,0,1,2,1,,,,,,,,,,,
1791495148,HTiAxSbf2GbYpTS8Skt1zvGqL1yUBHdKzw2zmCwS4bJg,NIGGER,Get1dbCp4NBNsnPv3j5Y5YhNqrvaKhxChSJeMYLb9btj,raydium,1791330394,0.000002689,4886.69,2690,2690,0,0.05,0.46,774.64,0,0,0,2,0,4,947,436,,3.4,3.95,-6.36,0,0,1,1,CPMM,,,,,,,,,,
1791495147,EC1cNLoVszLie53fyVRDXkhygYR1ShUE7DWcG6mfDHBz,BRIDGES,G8y5ezeAayVTQYF6sVTpXMrjdmCvC1zV2rRZZgStf1ps,pumpswap,1791333829,0.00002741,12854.3,26159,26159,72.18,2745.57,14097.05,55440.85,4,0,34,22,152,118,538,449,2.53,12.8,-14.38,55.94,0,1,1,1,,,,,,,,,,,
1791495148,GSwxe4yLGWMHU7phbJw8EPJm7WRMXXL7mr7emwz1jkbx,jukebox,5V6rNH61u9aKohnLDZYVdQH4USZ8RUn6VXzsBYhPf7fj,pumpswap,1791334443,0.000002484,2570.87,2378,2378,0,0.38,1.7,27.64,0,0,0,1,0,2,1,9,,1.84,-6.36,-5.35,0,1,1,1,,,,,,,,,,,
1791495140,29aF6EWpTTMs5H1AVz84b6GKXC6oR39nLYvvPW72pump,NOODL,EKufotmNdS4zLpY5bsdExxnjnVBw2yJV55Jn7Mdwaq8w,pumpswap,1791334354,0.00002068,10818.15,19873,19873,0,2189.12,8984.17,47006.86,0,0,22,18,120,93,421,363,,4.39,17.92,3.05,0,1,1,1,,,,,,,,,,,
1791495143,8gJvjpL68h8TzxaMf2UWNThkSCgD6WS4EATMDszLpump,DEXPAD,9nuW8PthPxJvg7ZymPGoJkyW5vsRHYK82RKaMPv6xkS,pumpswap,1791334046,0.000003410,3500.35,3269,3269,207.84,270.3,632.57,2586.4,0,2,2,4,19,11,56,156,-13.28,-17.08,1.86,-61.16,0,1,1,1,,,,,,,,,,,
1791495146,CLipF7oeucAct1fPFiYsLXzijsjoXbkht21Pr4pCD3xo,Clippy,Bc5xpabe1RnpXXyUG7XvtpbdvMNixJwQfxK1zzvbbV7J,meteora,1791333558,0.000001882,3744.42,1882,1882,0,0,4.15,10.36,0,0,0,0,1,1,2,3,,,-8.7,-8.3,0,1,1,1,DYN2,,,,,,,,,,
1791495145,C4SEH75d8xYXXFvZkPrCv3ACsybMzwEgmcLoMkv8xp1x,cashrat,HJZzn96TePS2o3aAmNErH1B2ECSR2K4ZTdHHX9XCwWV7,pumpswap,1791335062,0.000008716,6843.39,8495,8495,0,544.02,3532.87,18782.62,0,0,2,5,50,50,288,274,,-13.2,0.04,6.91,0,0,1,1,,,,,,,,,,,
1791495149,b75jH3oa5vMcfc96GbDCHvKdTG9hGNy56fHF4u7pump,AP,C4YRjsfzkxaUZURDymbrJvAVxDgtaw1QQSvrscDt78Sr,pumpswap,1791335696,0.000002630,2524.46,2429,2429,0,0,0,121.47,0,0,0,0,0,0,0,9,,,,-15.79,0,1,1,1,,,,,,,,,,,
1791495146,CzwKTWrasXasdHq5D8tF4PDZCpMSf6K3qRLZ9qmpJPEG,SWEEP,A31pAdXqwx3Qy23U8AKKi1Ww4M4pyvrn1NXm6wQvLvQm,meteora,1791335466,0.000001961,3711.18,1961,1961,0,0,0,116.27,0,0,0,0,0,0,2,2,,,,3.64,0,1,1,1,DYN2,,,,,,,,,,
1791495140,273nxxjAFWoK7dXvyFoibKHfvix2YsL4C3poXFasUSox,ORCASM,A6Q74Ph8c2GW1fYKGECfnCDpmeMcPXNQaEnBuJF5sq3G,raydium,1791335176,0.000003775,5032.46,3775,3775,0,509.58,725.76,10924.9,0,0,3,3,5,9,93,112,,4.54,-20.11,-41.95,0,0,1,1,CPMM,,,,,,,,,,
1791495140,3CrvvHzAYTRFYatnLzV6ANPfvUCu56pPojG2ZSuqpump,XPAD,9ToPjQEzc66cdwqiSZ2Yk449T2nnZeH3jk6DLs29eqSc,pumpswap,1791334771,0.000003022,3073.87,2951,2951,0,0,5.12,29.23,0,0,0,0,0,1,0,8,,,-3.55,-5.6,0,0,1,1,,,,,,,,,,,
1791495140,1rDVLWbJDnWp4s62epqyRqTPGb4HiUNtoFDf779pump,UDR,G6GoCcyEe5Hv17AyhZ2QPrb5UhG4JaxVLU5Lau1gmSY5,pumpswap,1791336226,0.000002229,2254.57,2229,2229,0,0,0,26.3,0,0,0,0,0,0,0,2,,,,-0.53,0,0,0,1,,,,,,,,,,,
1791495143,8bLu8i3uJtctTRyv8GgbaHNUbuQRxot6cQb8Cgsupump,SpiderMan,Bcph2ADYu6YKferCdjnAywZ3bBFc94WLnNMfQPWwASs4,pumpswap,1791335459,0.000002075,2105.56,2068,2068,0,0,0,5.66,0,0,0,0,0,0,0,1,,,,,0,0,0,1,,,,,,,,,,,
1791495146,D7zz38ckytyPFWjSe39XrUZF6VuNbW6YizgetxGFgY2,ORCAT,8wXobaAAf3gJeaXaKLpiApjtpxT2pb7SFdi8QWYP2JR3,raydium,1791335924,0.000008830,7860.06,8831,8831,14.99,36.23,2073.91,35600.36,0,1,2,5,26,38,383,411,-0.95,-0.57,-30.83,-68.64,0,0,1,1,CPMM,,,,,,,,,,
1791495141,43eyPUbL3tGBrYPHNk3XyWeZKT24RTuRjkLnyoWvpump,BLOX,DAg3uPtiUPDiXxZQ4Y5Sya4rDScTojwQF8cpmkgXTr7L,pumpswap,1791337994,0.000002416,2418.03,2305,2305,0,0,0,489.71,0,0,0,0,0,0,16,6,,,,-0.51,0,1,1,1,,,,,,,,,,,
1791495141,4rzygptJnVVRU5MEJckEDkP1Y1BQxD6FAaYpVWsvpump,BUB,9XPevZcgufU4HBj6DJD5qBScn6FhcpPStGGFb4kJGh8e,pumpswap,1791332719,0.000007285,5769.36,6844,6844,41.99,41.99,1067.18,8199.47,0,1,0,1,13,21,65,88,-0.22,-0.22,-27.77,-20.85,0,1,3,1,,,,,,,,,,,
1791495140,2j5SaS7xy776qCBpyPQbZjyQSAtKiFgrwjfErthnW2ZM,CLAUDIA,Fe7bpDYCs74GqiCUF14HwgUMToPKV1d9mDYVX5BTohFr,pumpswap,1791337470,0.0003488,63278.55,330068,330068,566.71,6203.41,119791.07,857120.53,3,6,39,67,717,1046,4440,5169,2.08,6.85,-16.84,30.36,0,1,2,1,,,,,,,,,,,
1791495145,B3LTdq3uMzChU8vmExUwF5LmYcpphNYJwWnqhfBBpump,Virlx402,5gZ1uPNs4FPoaQyqh2yo2DA92CaqTVYjPpDST3zR3Y2Q,pumpswap,1791341834,0.000002375,2338.03,2275,2275,0,0,0,55.67,0,0,0,0,0,0,2,4,,,,-8.41,0,1,1,1,,,,,,,,,,,
1791495144,8jDzSFDmRator8A95eAfH9KFNVqwYYjbzzjv2K21pump,FOMO,EURArKvJJiG5K3NHRCsU6YzWoR4WecGavrNjTsGd4i8P,pumpswap,1791339837,0.000002098,2123.9,2091,2091,0,0,0,24.31,0,0,0,0,0,0,1,1,,,,1.22,0,0,0,1,,,,,,,,,,,
1791495146,DmST7JayW46G1z8Xa4hQNUy932m6nto87n2YGCjSpump,Souls,9XpP7VwFv3LsYYuGJhuBxbMLAQr81UaKscV8h4xas4pB,pumpswap,1791327477,0.000002922,2892.91,2828,2828,0,0.11,5.17,54.91,0,0,0,1,0,3,2,20,,,-2.46,-8.6,0,1,1,1,,,,,,,,,,,
1791495147,FmybF8WBgdCuk1ZYrLQsNdFkauiU23Z8wD8QXoXupump,FullMargin,8LXqhybMxAKUtJTrQ8LCda6Z397NdrrTtYdNLoeakark,pumpswap,1791343844,0.000003534,3922.14,3403,3403,0.83,69.48,351.51,1397.65,0,3,7,11,68,48,179,134,-0.04,-5.01,1,-32.93,0,1,1,1,,,,,,,,,,,
1791495143,8RKs6L9hXYz3LJqRXP4aP7hGrVDNPjPAMpTrYwW9L5st,MINE,CH6QPr5kZFsw7idJFgwC88fpGk38877je2ZbkS12V6pL,meteora,1791342468,0.0001723,5101.03,3602,3602,0,0,127.08,2495.22,0,0,0,0,7,4,51,72,,,2.47,-7.94,0,1,1,1,DYN2,,,,,,,,,,
1791495146,DJHQJEZcPkyTv3AfVjXs7rNVn4pwNEwcVf6epZXUpump,Unccat,Da8gi1g915sumnAwmwHuCNbCgemTRwNArca3vZjJgEEe,pumpswap,1791342991,0.000004630,4385.3,4458,4458,0,0.46,39.25,6522.14,0,0,0,1,0,11,67,142,,0.18,-2.29,-51.06,0,0,0,1,,,,,,,,,,,
1791495146,CKScFRuDAuDhv5Sszh5VNJgULPMLxZKQmr66hjgWpump,Ningen,BYssqWt38E8WmkJqc7fXFtnwBzF2Mnahx4pF4KiMWXg1,pumpswap,1791344040,0.000002155,2174.23,2068,2068,0,0,0,1.78,0,0,0,0,0,0,0,1,,,,,0,0,0,1,,,,,,,,,,,
1791495146,E1XcTA1SgF3XtCNcwUi5KYV6WPdL9xY6jsb99v2ipump,PUMPKIN AI,13fHn6AaB6mZgVGZLGqJKYtq7C1hTta2oF63yAeUEvcJ,pumpswap,1791343499,0.000002291,2413.33,2224,2224,0,0,0,7.49,0,0,0,0,0,0,1,4,,,,-2.55,0,0,0,1,,,,,,,,,,,
1791495143,87UNUJn5Mu947FLu14nPHjw7gFPHpNsYS6bdzJKeRJ1p,FIX6900,ESP1yPPg7YvxJ6tmBDNijzip61sgLSMw1FwaX4yxcb6q,pumpswap,1791344390,0.000003799,3681.18,3524,3524,0,4.28,133.91,978.52,0,0,1,1,3,2,19,37,,-0.52,-6.68,-37.85,0,1,1,1,,,,,,,,,,,
1791495143,7S9yXATuo8jRNxdiP4csD5QdmZarSLZmGBKZ4s7abwN1,odin,EHeoxRzf2fh1vwyCCWCB4mS2r7e6cwmWErnzED5N4gUK,pumpswap,1791345510,0.000002219,2217.23,2098,2098,0,0,21.79,74.24,0,0,0,0,0,1,1,13,,,-6.62,-13.08,0,1,1,1,,,,,,,,,,,
1791495143,77NRUa6sV87enFNmA1PdMJfaMoD1Nw4Yyh9PYSaFpump,WIKIPAD,akjVRzFkKAVwLHgAoZuUHjN87HRPQpvrpmNpQwmZ86G,pumpswap,1791345655,0.000002579,2553.01,2466,2466,0,20.8,31.46,262.58,0,0,0,1,0,3,4,20,,-0.48,-4.12,-19.27,0,1,0,1,,,,,,,,,,,
1791495148,GKboyzRdB93iEpfr6Gjs8A2wXe7Tp4kVD5WwkNfepump,TANG,Fd2JgWzgt5ba9WbnJnRqNuf9NNTTu6eMHWpFpEWwyPfQ,pumpswap,1791225821,0.0005359,67801.79,508218,508218,96.59,3684.55,46498.8,118371.85,1,0,24,6,213,113,799,422,1.5,3.89,13.17,113,0,1,1,1,,,,,,,,,,,
1791495143,78HiFwXZFSykaV1kFuGecw4CEeF1M2yYBUtgXnCRpump,CLAUSAG,AxoaWjKEGVHkDvYHxBLHnsjJ3e5gLLL9Hp6KyZJahXfD,pumpswap,1791344722,0.000002331,2482.66,2264,2264,0,0,0,0.02,0,0,0,0,0,0,0,2,,,,18.09,0,0,0,1,,,,,,,,,,,
1791495143,8X49BHxGXYh1yhfdFHuoraBB2bHwC9sb23mNDhZupump,NIB,9GRQGESGFenL4ECAVprUhqSaJFaw8cuDjmACMHFGE6y1,pumpswap,1791345235,0.000002281,2334.33,2139,2139,0,0,2.13,13.43,0,0,0,0,0,1,1,4,,,-4.94,-6.22,0,0,0,1,,,,,,,,,,,
1791495149,QbWtMY6hwnX5JtiRi1n8CziEmT6dmtL4BLPqGwxAV4j,COW,AYEu3qCKYjZN4PrvcTaEwuXgwHA4heXW8Y5BLH4fzP88,pumpswap,1791347949,0.000003283,3147.4,3087,3087,0,0,1086,2738.88,0,0,0,0,10,14,25,47,,,-5.16,-39.72,0,0,1,1,,,,,,,,,,,
1791495146,DvzmnamYWag5MpZzLEsVPARLHVkxng2jnCGrZuVEpump,FELIX,FgxyjUCWHGnh3pc1erZHHYxUMbxu3VbXZRfkUfDqMMPb,pumpswap,1791345629,0.00002056,10939.4,19507,19507,0,991.85,7694.11,32308.16,0,0,3,6,46,30,248,159,,-18.28,23.11,-34.8,0,1,1,1,,,,,,,,,,,
1791495149,HzReQA8ee2VjfkLGBvBV7EXYFJVUmAaWCFZFRcCUpump,AxeCat,HN2unQzjxybXY8CZ5nuPEZHHo8B8Cgy4wqHDT84QThra,pumpswap,1791347718,0.000008535,6508.68,8182,8182,199.9,1939.13,8619.18,72797.57,0,2,18,15,96,80,938,768,-7.32,3.17,38.41,74.12,0,1,1,1,,,,,,,,,,,
1791495147,FnrEZc11WBFD1MQNZKwN32oKLob3MywskpxCFSu2pump,CHILLAUTON,CSxFjC5BXYeykWKvFRXU2ieD3pCkPyWTd1RXpeB6VozF,pumpswap,1791349178,0.000002680,3302.83,2609,2609,0,0,1.88,1.9,0,0,0,0,0,1,0,3,,,-6.55,5.06,0,0,0,1,,,,,,,,,,,
1791495141,4dwmQNVWQbeEhsTuofWNVrmN7JPnmPXgGETLW6kvHwPM,TITS,AVwW7m3uvrBUpMNsXJ4K3WHgaoVDZ3GQr7PSA4XMHtGU,raydium,1791349318,0.00007125,27939.74,71259,71259,0,4195.9,58056.68,394502.8,0,0,43,34,602,435,2768,2444,,-6.68,-36.7,-81.99,0,0,1,1,CPMM,,,,,,,,,,
1791495147,FQ5THu5YALHmejeuWQFViiQ5BvpC8x8DFL6dnU5epump,HALO,8d4Q2N5Cuqdi4QXfAbFRyzzSVM7jevp9mgxCY6KAnGrX,pumpswap,1791350554,0.000002112,2156.92,2028,2028,0,0,6.94,54.12,0,0,0,0,0,1,8,7,,,-9.13,-20.23,0,1,0,1,,,,,,,,,,,
1791495143,6dCLpuU5AV8cchdDZf6JkoFgF8hQCaNpN8vmY1HLpump,Atlas17z,BJqgzohwmMEqrihyQj3Tz76R66NN2A9BomaNzCfJdR9M,pumpswap,1791351073,0.000004150,3751.56,3849,3849,0,0,97.97,1719.23,0,0,0,0,1,4,25,31,,,-9.01,-20.14,0,1,1,1,,,,,,,,,,,
1791495140,2BCCz8cZL84PHUjmac3SmHN1qcPLBnu7UPqgqkympump,Jose,22sVFPtsyuEEC9Y3ExUkYvTHkUeTaRa5T9xAqbXR1ZmS,pumpswap,1791350975,0.000002277,2325.31,2174,2174,0,0,0,2.74,0,0,0,0,0,0,0,1,,,,,0,0,0,1,,,,,,,,,,,
1791495149,scRkeaxZpwJvGRfM3fghmWtXyMLjY4gFFELKDqRpump,USDP,2jVKux6QjvXkW9veEiVaELahJyY2C5M1apzsz2gXbRU8,pumpswap,1791347792,0.000002056,2080.97,2056,2056,0,0,0,7.95,0,0,0,0,0,0,0,2,,,,1.01,0,0,0,1,,,,,,,,,,,
1791495149,aR2sB3Pt2he2y66MAkbQnfnaZsw9UdqyCswY85zpump,GOIF,AzfHgMbzKCUkpFuYMtTs8YJJ7YBP3xsBbVfmqfs5F2q5,pumpswap,1791347826,0.000002644,2639.79,2644,2644,0,0,87.64,950393.84,0,0,0,0,1,0,2745,365,,,5.81,-100,0,0,0,1,,,,,,,,,,,
1791495149,gHsAKJR1vwM75HVfzXKwSX8b8bC2KAk6quMd1VMpump,VSOF,VFy2QcKAR4mjM3j2rEpDPfkHKAa9bcZpXbXYy64JyP6,pumpswap,1791347909,0.000002452,2458.81,2453,2453,0,0,0,968270.59,0,0,0,0,0,0,8720,3161,,,,-100,0,0,0,1,,,,,,,,,,,
1791495140,31AZgaGGQuBP8Ca4z8TRUprjjPcBqyRYLxjTFqK8XrFV,dotcoin,8Z2uyYef4C3gL1BhZtqCTLuAaPN4fc72ahgGRCL8baP4,pumpswap,1791350232,0.000003633,3775.1,3359,3359,0,15.96,169.95,13995.46,0,0,0,2,4,14,163,236,,-1.22,-9.1,-61.57,0,0,0,1,,,,,,,,,,,
1791495145,B3TwEvsWvoGPJMCtjVttuXjGs17ubTt2TsdPYkq8pump,RJEAN,71CcPvbgmhGCpc73xpxxpqCB1DNgxY9hWHwoGG1DtphU,pumpswap,1791352584,0.000002449,2454.39,2192,2192,0,0,2.11,7.77,0,0,0,0,0,1,1,4,,,-4.85,-6.56,0,0,0,1,,,,,,,,,,,
1791495141,4Zt4FbZpsUWRnndFJb4LH1G3deb8hDgectmVDvzBpump,Google AI,B2A8jbp567TJc2dK7PkWvhReynwkGmEu5NDwkVqcXwNM,pumpswap,1791351327,0.000002090,2132.16,2080,2080,0,0,0,5.65,0,0,0,0,0,0,0,1,,,,,0,0,0,1,,,,,,,,,,,
1791495144,92QPy1K3yiQfEf6chrq8k1LbXWgsw4sAUQWxuqxupump,BRUN,Aqmrqimz5wAjiYA5sbtVQhBRLQ7cvMnaVBY2fP6spMvc,pumpswap,1791352544,0.000002525,2516.36,2432,2432,0,21.43,24.7,1255.52,0,0,0,1,1,1,17,23,,-1.86,-0.69,-11.53,0,0,0,1,,,,,,,,,,,
1791495144,9ZC9jtCShGFZkazbn9bMGtxrKntAuBgNYd6SamiEaonQ,Nike,J29b2pRBFwgdJXznTXRP48CKCddvmFfEAJ48pX9Mijip,pumpswap,1791351367,0.000002072,2106.46,2062,2062,0,0,0,3.64,0,0,0,0,0,0,0,1,,,,,0,0,0,1,,,,,,,,,,,
1791495140,2dupHk9JPfYepDGW3Rft9WZJaoGZanQ6b6Zivqm2NGMn,.si,6sNnRLWKfARYmguWj66RZ4HZVeurDxQ96gkUSbrRBqeD,pumpswap,1791352891,0.000003734,3669.95,3640,3640,0,0,336.22,1584.97,0,0,0,0,8,10,41,68,,,-9.96,-1.52,0,1,1,1,,,,,,,,,,,
1791495146,DE4drVHGqjXrQyJtKJxeWxA6PyzbKJ23onYwFje3pump,KEY,66yFmvmx4uztEn3of8NoFvK4JotctMGED7CUQPaX7MQ3,pumpswap,1791355177,0.000002555,2654.57,2452,2452,0,0,0,194.28,0,0,0,0,0,0,1,1,,,,-1.52,0,1,1,1,,,,,,,,,,,
1791495149,LotTNATtoSiXpV3vsb4kBfQZKpUcYx8UGRkkWRopump,him,H8ihZTpCShqL8jxm3UCnvh7eoBaH4nWiE2ppqq5HPZWB,pumpswap,1791355994,0.000003687,3605.24,3562,3562,0,0,61.32,938.96,0,0,0,0,4,4,23,56,,,3.95,-27.83,0,1,1,1,,,,,,,,,,,
1791495147,FaKnSu727DbTLsr3nWvKNdHJJJAmrgu8xJA1nU7CyX9B,COUSCOUS,dD9RQQAvbo2Lj92FFGxyv3cE3JWRCDdyB1mP92fF8yJ,pumpswap,1791355328,0.000003930,3740.7,3537,3537,0,80.74,409.06,32379.16,0,0,0,3,2,14,263,345,,-4.9,-25.09,-78.68,0,0,1,1,,,,,,,,,,,
1791495141,3wYAt6BcxU6hVhyjVcNrnhCfGHyDzBffghbTaq9jpump,Morocho,41iSW1xoZPsCj1wYp9PvQK1dP1Ps4v7B1W1jU88iooYg,pumpswap,1791359271,0.00001285,8067.98,12137,12137,4.87,841.69,7746.46,51078.02,0,1,10,13,109,104,624,498,-0.81,0.21,-27.05,41,0,0,2,1,,,,,,,,,,,
1791495141,5FgVMj5CRkPif2wHDpTjBwVnau8k2WGkqKt2KZBspump,APHONE,UifGDnTpixb2jSdPVJQvBhJ4EjrCxBXrH66UMBAs3YC,pumpswap,1791355216,0.000002494,2913.36,2428,2428,0,0,1.97,111.84,0,0,0,0,0,1,2,6,,,-6.95,-12.98,0,0,0,1,,,,,,,,,,,
1791495147,F6FWAr2xuMu4Kafes6WdprBTp2x3TP5aK4TvDHeYaweL,Anthropic,6F6QW8g7LX4XEVAQSfuansgaHVUxZg7rnSXiUpJwtW23,pumpswap,1791356187,0.000002076,2098.54,2066,2066,0,0,0,7.95,0,0,0,0,0,0,0,1,,,,,0,0,0,1,,,,,,,,,,,
1791495145,AwCs7Ru2BmKzdGT4r9YZodrf3LxC6SYKQAiqVsezpump,FOMO,H1PwVFBMpZ4CuitzMCX3ogGmSqhrrM1AnTY61sK8uBr5,pumpswap,1791356162,0.000002079,2110.87,2072,2072,0,0,0,7.88,0,0,0,0,0,0,0,1,,,,,0,0,0,1,,,,,,,,,,,
1791495147,FZdJcanccAy4QoAa4zwNcH2AVHmhFDR8RyX2DH83bKUV,Luddite,7duAci8oH4AwbNx5e7cVdpgoDEVaeX96WgdmWM4ChWJP,pumpswap,1791358442,0.000002591,2547.39,2450,2450,0,1.1,1.94,540.61,0,0,0,1,0,3,8,12,,1.92,-4.33,-12.16,0,1,1,1,,,,,,,,,,,
1791495143,85WdpEBNDSN9oNkPomBGspnBZsaKb7WF1NQ51pdouxML,HASHERS,28CJf2tS6y2CyhNufSEi7b9fZSYtDYULrxfnhqYdxAXS,pumpswap,1791356636,0.00002389,13508.78,22485,22485,10.76,1877.29,13111,135390.81,1,3,18,25,114,136,1513,1652,-0.55,11.46,-45.55,-77.28,0,1,1,1,,,,,,,,,,,
1791495145,BaKvKMSBXqroSaAar3RsFN82gRpf1a6WTpQ82sJcheim,SOLHEIM,FyoKbhrBh97zTHqy9iUBKuvDRRToRvT4p9CNc8VwbY4u,meteoradbc,1791361022,0.000004983,,4954.99,4954.99,0,0,1690.28,1992.83,0,0,0,0,1,24,6,29,,,-78.61,-79.51,0,0,0,1,,,,,,,,,,,
1791495148,HixVBBRt2q8ewBRPvboAVBXDjUS2efMdmHVEdKiPAPnf,Plague,DxQUtj7EncpB7CiUSj95pT1o7wdEW5dSfLJGxjBb7ipS,pumpswap,1791365055,0.000008677,6555.35,8397,8397,0,25.97,2356.54,40605.53,0,0,2,2,42,34,580,438,,1.24,0.59,-79.24,0,0,1,1,,,,,,,,,,,
1791495147,F84zqar8g8srbxEACA2i8DESB2LM95n6m2ZAn6xhpump,swordguy,3zMNZ5cS1uVc6P5d4f2jMUJRfFDpadLzZ1wvAyRSUiRN,pumpswap,1791362085,0.000002248,2466.82,2205,2205,0,0,0.81,3.75,0,0,0,0,0,1,1,3,,,-5.76,-6.29,0,1,1,1,,,,,,,,,,,
1791495148,GG838VyrRQdGYCr2oUeytvWKgewAnbcUTzaCFhMCpump,BI,Dq1aHJe82hStrErxnQRix8JzYECM2xraE4y5K63nd446,pumpswap,1791375280,0.000007469,5689.56,7108,7108,0,14.48,1255.91,16733.91,0,0,5,5,48,49,246,257,,1.62,-25.98,-79.07,0,1,2,1,,,,,,,,,,,
1791495147,EWtVtmYPwTEk8abdZa7WK42sD3sgLjqU1T5JGpkusUgF,BUDAH,6xuwLGPBjmrnWErgWA6c6dwnSJv3KR6f32sCCJT3GHiZ,pumpswap,1791363506,0.000003244,3093.67,3019,3019,0,2.93,2.93,968.68,0,0,0,1,0,1,3,22,,-8,-8,-29.93,0,0,1,1,,,,,,,,,,,
1791495147,Foxea3gmMjmAcEJ66M4fQHGLWqWFPfCfz9cFPpgApump,Cayetana,7mkkRKHmHbd14bgeE9ig9xjA5tP7nYQtm4Do2H4aLtBy,pumpswap,1791363465,0.000002538,2588.54,2317,2317,0,0,0,0.15,0,0,0,0,0,0,0,4,,,,-1.31,0,0,0,1,,,,,,,,,,,
1791495142,6Cgpdx3Cfd8fFgEDoCC9mzxrEfogFqdxUtyrhQ9pump,UDR,Gs6hrh68ws9Bvp8c5Edxx7JHvk5yQM12tT1HoauFiizL,pumpswap,1791360487,1.56,3485983.84,1565046037,1565046037,2230.58,34327.7,206138.42,810812.21,225,5,3343,67,19214,423,75669,1703,-0.01,2.57,12.39,49.6,0,0,0,1,,,,,,,,,,,
1791495145,AniGX227s9vLzfxnafADi3BKxDb5wvu3we3EdbbWnvSq,Nike,D3QgSrNtotLHqRQs32WqbmBe3vpp2bhpR8pi1feFcyMW,pumpswap,1791365192,0.000002064,2075.65,2054,2054,0,0,0,5.68,0,0,0,0,0,0,0,1,,,,,0,0,0,1,,,,,,,,,,,
1791495143,8emnW3eCfHw6ivi7cm2WdKL8JDWXiw45CqD2LhEmpump,Apple,3XnAfSn6EZA2NtExUStswnVpGj1hhL6H4pzsh5x88N7o,pumpswap,1791364706,0.000002068,2092.29,2062,2062,0,0,0,5.62,0,0,0,0,0,0,0,1,,,,,0,0,0,1,,,,,,,,,,,
1791495144,8n2BE3HdAEmLgXsWyVt2q5wBygrGmuzH87Xh46kCpump,Si27,X7aEa787BBwNpfRSWmAKnwdmXszAHXiAGmZWiM576vg,pumpswap,1791366802,0.000002988,2945.54,2889,2889,0,0,0.18,635.29,0,0,0,0,0,1,2,41,,,-3.47,-39.23,0,1,1,1,,,,,,,,,,,
1791495140,2tjcqGFnUjQYFmqa3iC7915VHxmvPjSM5WR1qwDApump,ELONPHIL,9JpVdgHUzJ3yhfxXazofvBJNrhw5ZQiM8yYVfSXAm8aX,pumpswap,1791366790,0.000002742,3033.71,2690,2690,0,0,0.27,123.01,0,0,0,0,0,2,2,17,,,-2.63,-5.47,0,1,1,1,,,,,,,,,,,
1791495142,5jE3vuAV9xcjUsMRaZdk69LULRTkmt1os6sNpBBjU658,Mongo,BffxqaZquanLeu87c2kExbmHEJfLvmTz1tqucL33EfuD,pumpswap,1791367485,0.000003233,3065.9,3052,3052,0,0,8.94,1415.24,0,0,0,0,1,3,26,51,,,-3.24,-32.28,0,0,2,1,,,,,,,,,,,
1791495141,4LoLN8oXiDE2fdFyiSA8uVTpzehdomtrSbjUETtapump,PLAGUEGUY,46vuzpRyg8eCV8HFbUbZwLTfNuvVp4z5y5W6TbN2UXyc,pumpswap,1791365906,0.000002297,2436.33,2245,2245,0,0,0,0.26,0,0,0,0,0,0,0,2,,,,0.19,0,1,1,1,,,,,,,,,,,
1791495142,5NervA6LyRtqeacVug3wint61ExBJn2paE7xG3iPW9Tv,GACHA,EY9vcdftPaR3V9ezK4XAmGRERkupHtb4pRWC8nRSmSvm,raydium,1791330169,0.00008870,24686.01,88710,88710,0,0,301.6,11313.96,0,0,0,0,0,8,25,40,,,-9.71,-38.04,0,1,2,1,CPMM,,,,,,,,,,
1791495140,2VYvcfZNiQmFNFT9DAVtDDyHEZK7D743JYmgSpBPpump,PPAV,2or8ATkUjDL7pTXs8ncW2PVo4oeZMtgWnbDuHgbfaw6p,pumpswap,1791358862,0.000002448,2512.19,2412,2412,4.67,20.68,140.23,209.36,4,1,14,16,112,66,176,100,1.32,1.85,5.6,4.5,0,1,1,1,,,,,,,,,,,
1791495147,EgujEgDrApiVfUgeqUjLwnHWJhore3P5EwnH9QiJpump,Cayetana,2fkZrRCBhcp51Q2WJCN3d3KBFP7oGLcYPJg7xgPfhXLK,pumpswap,1791365473,0.000002079,2105.89,2068,2068,0,0,0,5.63,0,0,0,0,0,0,0,1,,,,,0,0,0,1,,,,,,,,,,,
1791495143,81qCsgYnVdfmCDg4eV4Aq1XquXmXDGLpbXPEVfoRU9M,POKEMON,5FzQpTL6w8QXFhn4bR5RDRfK2CM2DNSrLhBC1JBTydrz,pumpswap,1791361515,0.000002075,2099.95,2065,2065,0,0,0,5.66,0,0,0,0,0,0,0,1,,,,,0,0,0,1,,,,,,,,,,,
1791495146,DDGaG24dubWq1h8iULGYkgTbJbYg7rwaQR9NUmiGpump,EIN,AA9bkEEGJSKyZ7nCPj5VgqEHr78XoPsfQ6J1EY1XdZi5,pumpswap,1791372161,0.000006394,5211.61,6092,6092,0,1166.73,4069.44,33804.06,0,0,13,6,46,41,332,370,,-33.91,-8.22,-79.21,0,1,2,1,,,,,,,,,,,
1791495144,AXpyuszGu835wkqxUU1gCH8AwDYB9q5yfpqEYNaipump,SP,GU1mBU6wLdbwmAriUShzqMUGqyYxQ9TRzJ9vzbCzJ5cg,pumpswap,1791371854,0.000002511,2961.37,2471,2471,0,0,0,76.68,0,0,0,0,0,1,4,19,,,-0.86,-6.84,0,1,1,1,,,,,,,,,,,
1791495143,75CDpEJgiXHjhFha7yefaDH21svJhq68aiaoQ75TBQyM,RANDY,8xhU7AqPpJPcdPEiuNyX2ELYT3iVewfGje4k4huzXXP6,pumpswap,1791378958,0.00002633,12362.14,25147,25147,27.74,4790.28,7072.91,36324.97,0,2,37,30,60,65,320,291,-2.5,-30.09,-37.24,-25.4,0,0,2,1,,,,,,,,,,,
1791495148,GivbRJhQfNS3NPq6r9gb3qyhq1fumRs8Zfd25XuvbmgJ,RLC,14N2Qjvter9doKs7DdvVQfWx4yabo64xqsFRCpvgZQCQ,raydium,1791294544,0.8901,889237025.01,890127104,890127104,0,0,47020,170117.76,0,0,0,0,3,3,9,8,,,,,0,0,0,1,CLMM,,,,,,,,,,
1791495144,99MyMk7gwzvZekKntq3jTEDpENT2nNtWhafbkrbhpump,CORNYBOB,EVcJU4r4WYNuAyMSVoRoXmdWEygfQP1nidXz2bY3K8SU,pumpswap,1791374644,0.000002786,2749.64,2690,2690,0,0.37,20.8,5589.82,0,0,0,1,1,9,50,86,,-0.69,-3.98,-43.1,0,0,2,1,,,,,,,,,,,
1791495142,5iBXD3xQDgH6DnLaY9wC4dcXfWfrF6BpVdotFtKWpump,MARU,7fDR6YRjicNd8MfToQXVjyukVTVTiaCu4coUTQEs9RTL,pumpswap,1791372718,0.000004428,4265.55,4173,4173,0,260.61,482.78,7040.41,0,0,1,2,5,13,92,109,,-3.02,-21.07,-51.95,0,0,1,1,,,,,,,,,,,
1791495146,CKFpfymqUqrkbcPWopQvvurYN7GBgRdqVvQoZmeMpump,FROGMAN,BDR8z6kFWon2Q7fYditCF3BkT26r9xp8MDtvgHhjom3B,pumpswap,1791375115,0.000002169,2227.72,2102,2102,0,0,0,0.36,0,0,0,0,0,0,0,1,,,,,0,0,1,1,,,,,,,,,,,
1791495145,AjbabVhvwkFhveiWXJtgDqz6oimEu9ySAzn6ZYT1XNb2,Karl,8dfPAs3dWqZZmJk9nDcMKBYS57gWUHD3SCK2bMHyYude,pumpswap,1791376376,0.000002384,2359.34,2140,2140,0,0,1.57,765.58,0,0,0,0,0,1,3,25,,,-12.07,-28.25,0,0,2,1,,,,,,,,,,,
1791495145,ApAFybcDAdqusbd2fsAtJpqbQdvZVCJs3nTtAnUhpump,XEC,3khFt2SimvrtiKpeVLevBJGznFVvkgXEAsw3n7DwE2EZ,pumpswap,1791376863,0.000002616,2594.84,2513,2513,0,4.23,127.03,136.9,0,0,0,1,0,5,0,11,,2.06,-13.04,-15.93,0,1,1,1,,,,,,,,,,,
1791495148,G5Xe1XnUnASPTJBacmG5Vn6x1zjtEf1xJepyc1Kkpump,AUTONCH,GckvZpsZLekLWegCSxJxAXvbV5wmq1EQWj8LcJ6Vwp3G,pumpswap,1791375339,0.000002098,2196.42,2053,2053,0,0,29.51,39.98,0,0,0,0,0,1,1,6,,,-6.81,-9.97,0,1,1,1,,,,,,,,,,,
1791495142,5iTChnBiRcztmyJLjUNpW1DgJnj6HZJBGuKtBePzpump,VIBERS,Ajm1VazXG4M4j6GDT6JJYSvvM6JBVkRMmD3mzpvW7Znj,pumpswap,1791378667,0.000002611,2566.52,2388,2388,0,1.51,80.63,1443.93,0,0,0,1,0,4,15,59,,-2.96,-6.38,-48.97,0,1,1,1,,,,,,,,,,,
1791495144,9yfiomKJ2fdHiZQ3MK9AJniu8eR2eSjCzfMEo1zXpump,FROGMAN,7KYba5LhKnfvTphhFYCAodvyVLAWyNcZCJjipr8gWwGP,pumpswap,1791365599,0.000008119,6672.53,7725,7725,0,499.44,3178.91,33705.19,0,0,3,17,56,79,680,730,,-18.29,-13.16,-71.33,0,0,1,1,,,,,,,,,,,
1791495141,5ArSbmgxCJbMaAk8p74jmADmU1wmWmhr2DbMH37Mpump,APES,Cr7Caxi4uKbFUV1WE8TNrNTbtBVhT1ZFrmZAsHPmMPws,pumpswap,1791377680,0.000002600,2553.88,2440,2440,0,0,4.26,103.38,0,0,0,0,0,2,2,12,,,-4.21,-4.76,0,1,1,1,,,,,,,,,,,
1791495144,9Hxn3sgPfg649bUFoV68fogYekS98grDGDsoLt9KMyfL,Playground,2pdpLymBEVXhserS85Jjz7WigsTTkqdMjjizZcLQhnna,pumpswap,1791376597,0.000009946,7406.16,9723,9723,0,101.15,5913.31,30572.54,0,0,2,8,52,78,349,328,,-1.39,-51.25,-30.06,0,1,1,1,,,,,,,,,,,
1791495146,DUmZ94R9jhtzFKhz96KMreCBFGKzrWCCicAwWbtppump,TRUMPTON,GSuBUdczPdzKV8yTYHfeX5qKfjtt2kZdtzXcBEdxe7XY,pumpswap,1791377744,0.000002760,2733.64,2357,2357,0,0,0,0,0,0,0,0,0,0,0,2,,,,0.32,0,0,0,1,,,,,,,,,,,
1791495141,4g2ToCkuFSBdW8GTJWMgnL7hGH2b2G2WkxgmS87Rpump,REF,FsojuJgSRgaSQ5Ud5fzhbguzJH5F8SXZkb2bLnLbG6Sf,pumpswap,1791372008,0.000008005,6577.72,7700,7700,0,180.72,1880.5,31807.95,0,0,10,3,44,68,543,645,,9.04,-8.96,-65.8,0,0,2,1,,,,,,,,,,,
1791495147,F6h6za43GmME3jJ5ccSGkivk8XKb29ZhrR93NNHuFeS2,HIGHER,FZLeARDhQqVpbm1BGkEf56k6SUMZjoCqUZq9z4JjjVFs,pumpswap,1791379772,0.000002470,2449.81,2290,2290,0,0,0,6.19,0,0,0,0,0,0,0,3,,,,-3.59,0,1,1,1,,,,,,,,,,,
1791495147,F6EDRhRzXGmkBabhSHdAnqx26XLhG6NCa83wwuqFpump,ECSTASY,UCWmMumV5XnCimXXYMfW2eRLqzjFyFbs47bThptGrz1,pumpswap,1791379754,0.000005253,4835.42,5080,5080,0.46,423.13,61894.64,527105.24,2,1,39,18,1017,716,12967,4822,0.06,27.27,-93.98,-94.13,100,1,2,1,,,,,,,,,,,
1791495145,CGKLJQbyWdByW655s3JQb69UaYjWAm4bsFswfUv5pump,GR,4xcFAQcPm2CwTUCPJoDNiMnuEUVowzc5P8Zpgxpr9Vut,pumpswap,1791380054,0.000002330,2335.85,2180,2180,0,0,0,19.43,0,0,0,0,0,0,1,6,,,,-0.81,0,1,1,1,,,,,,,,,,,
1791495147,FvfX6xmM8UPmbmQJaFpDfuz5kqnbe2pB75c4xdKLpump,SPAWN,6vbvxqs4qjTv35XnmYe1wGk9YanfNuaNeCNEKvGbETKA,pumpswap,1791379163,0.00005644,20424.33,53238,53238,146.7,2672.43,22968.4,180385.46,0,8,22,24,199,205,1616,1505,-3.64,3.36,-31.73,-25.56,10,1,1,1,,,,,,,,,,,
1791495141,3v8dpQtLdG2zLjACHGLwNLo5pqCobeonxPqYRKSppump,Gamby,AFsEwPX18KsVqF8pVEGMkcRx8Jr7kScoPjHfqg12eDzs,pumpswap,1791379805,0.00009396,25335.13,89523,89523,120.7,6695.64,21591.42,41490.17,2,0,24,22,139,108,330,281,2.82,2.5,-41.84,-10.74,0,1,1,1,,,,,,,,,,,
1791495146,DEQKHY5YVPFiwcVhoUUE5gnkWj66LVPoPgLHAswqpump,ART,6Fpp3Cbenqgr9sBMkqovV2oAprUiMMMSJLq2XVsxWheA,pumpswap,1791377202,0.000007217,6340.81,6854,6854,0,153.82,3901.87,46990.3,0,0,3,6,98,85,681,846,,6.26,6.2,-83.51,0,0,1,1,,,,,,,,,,,
1791495140,2z1u1FrY6Wf4LA5ZXYAuGJ5TAkWutnmXs6QCfzR5YzJu,TDF,5tJYz7F9DnWaMaVFe3r4sjFGMYFbGsp36v9CnPQEv9Xb,meteora,1791230902,0.001063,23621.55,1063331,1063331,0,3.96,96.03,579.49,0,0,1,0,10,1,38,13,,0.04,1.59,1.04,0,1,0,1,DYN2,,,,,,,,,,
1791495146,DTZJdzvBkmfVXv1JhL6wUC68k2ktnCXHYG6dz4ACS984,BLASTAR,FunTGjZq2Y8UfMKPssyNvR3VaGoFMHgTJyHZ4FxPwfS7,pumpswap,1791380075,0.00005026,19054.16,49479,49479,14.65,4392.8,13300.64,204946.66,0,2,38,31,125,149,1667,1521,-1.58,6.34,159,401,0,0,1,1,,,,,,,,,,,
1791495142,5wRNycheAbuqufLjpYWaTUHqcKFK6jHXjEeBmNLppump,Hama,GKJqoq1wwsQjkeZWaEMmJqoZtvLdL2NRYPYbqA2eJCxo,pumpswap,1791381593,0.000002762,2743.12,2660,2660,0,0,0,4273.83,0,0,0,0,0,0,35,66,,,,-42.53,0,0,2,1,,,,,,,,,,,
1791495140,2EpKdxcDB2w6GdaPabDEvV9VNk4uT8PUMzXS8rnVpump,Benben,FZkmnKhs9BSZ22PmT4v1YcdiR6moCj1wETXf8rXkW9gt,pumpswap,1791380824,0.000007093,5455.94,6666,6666,0,0,67.9,3058.09,0,0,0,0,0,1,20,31,,,-5.3,-8.55,0,0,1,1,,,,,,,,,,,
1791495146,CZiwA6eLUthZFLvTVEWG9v1K9Pc7p3eiBKRba2G7pump,BOMBERS,7uQNr3qvET7GcVbA4bbpwevfaP4L3sttrJhxDugYgq41,pumpswap,1791403127,0.0002122,39403.55,203454,203454,852.18,6095.79,24222.6,74492.84,16,3,99,60,464,222,1531,751,8.22,1.11,76.03,328,0,1,3,1,,,,,,,,,,,
1791495143,6ancaiRWW4dfbQ99ehjzhguD3sDjsavRFCaDzmtjpump,$HNITE,ADptfpqJHmZK1BDHqk4SqfkfV6zfsGWYeasVPeZfvcbK,pumpswap,1791379997,0.000002182,2310.04,2127,2127,0,0,4.15,378.03,0,0,0,0,0,2,3,13,,,-8.92,-8.66,0,1,1,1,,,,,,,,,,,
1791495140,2XauZLfyEtqCwFjeegbaJpnXexA86vmefpx8R4W5pump,Tweetboy,ATJ6YUTeq9ms8W6ifpFMouGPaSF7zDnjqeDLVhYcWyb,pumpswap,1791377942,0.000009458,7122.14,9209,9209,525.54,1721.78,24919.36,78400.37,0,7,14,24,219,241,798,783,-4.49,16,-4.34,-33.18,0,0,1,1,,,,,,,,,,,
1791495147,EHZF3dZmgRyLbe6cXYnor4nH94pkRgE9CNntxcinpump,World,EpExi2Wen3i82efukLDpqmCnPe82gN3JXpcZT3sAcgfv,pumpswap,1791381339,0.000002380,2430.41,2302,2302,0,0.53,14.28,339.67,0,0,0,1,1,5,11,40,,-0.29,-3.17,-28.88,0,1,1,1,,,,,,,,,,,
1791495147,F6DPzjeqR75mqVLZVAACtD4JSUM2oJKqL7DKtwt1pump,GOMOCAT,2ddkUY8TnuziF5SNULx8CWn1J9yd2X8HkyTUUN838zk5,pumpswap,1791374597,0.000002179,2328.53,2150,2150,0,0,17.22,712.48,0,0,0,0,1,4,14,979,,,-3.52,-42,0,1,1,1,,,,,,,,,,,
1791495146,CwSNUU54NLJt4qbGg5S8TUzJYxjYAfL4VrPr7zvJpump,SIGF,3cK7Bf6Ejih4NGshnE5VPy2eCVVfGb6dpp1cnHGbQYuK,pumpswap,1790892514,0.0005023,81814.94,468450,468497,19.79,5795.42,99870.28,362254.29,1,0,24,19,290,252,1379,989,0.05,-2.97,82.93,2.25,0,1,1,1,,,,,,,,,,,
1791495146,DcqjTXZeE2nY6s2jXuQaeR1FEW4ZDziddhijxGPnmPsE,AI,7be1Cdw2t39pUXPgeXu9k7dZNC7ptWhXvpjvsWnKWhA3,pumpswap,1791383076,0.000003826,3896.31,3704,3704,0,20.77,1312.93,3115.67,0,0,0,5,10,28,49,123,,-3.72,-16.64,-38.83,0,1,1,1,,,,,,,,,,,
1791495147,FbiZknTew5dVhZUdPhZUXhcWPKR8EPR2aqCkySFgdoom,DoomTweet,4gHCanVpRjuP7fxSjMKCEzAbZBwt6vVLwgdZMf2rdSQt,pumpswap,1791383302,0.000002779,2720.9,2534,2534,0,0,0,244.45,0,0,0,0,0,0,0,13,,,,-16.45,0,0,1,1,,,,,,,,,,,
1791495145,BGwKCbgcznpuzaRvenWh3dMboXuz1hYmm7XTzAYJZcEv,SKIDMARK,6NSvJoFdUiskaQ6jcXgeTECci2gn243m9yM5hyNffm6t,raydium,1791380533,0.00002632,13679.29,25346,25346,0,0,519.46,5176.17,0,0,0,0,6,6,57,59,,,-1.65,-41.52,0,1,2,1,CPMM,,,,,,,,,,
1791495142,6Rut47jLqecEQVmaPrGj6Lw3evnZqyAyH5yNw12MvkMB,CATCHA,7rTnGNW3jyczx8qAyq1wVGTFtSPqbVhS7DVpx4HEvKvA,pumpswap,1791382184,0.000003223,3340.15,3083,3083,0,0,79.37,2421.23,0,0,0,0,1,6,40,71,,,-8.28,-61.32,0,1,1,1,,,,,,,,,,,
1791495144,9yXqev3LRVNCdPhAtYNXj8gd9fgEQZ4dVisMJj2vpump,FIAT,9okRiw1aoMdyWsVSw25jDLkUHgo4i1PCpZrnj4hG3r6q,pumpswap,1791381691,0.000002541,2706.4,2475,2475,0,2.41,100.1,493.29,0,0,0,1,2,5,8,43,,3.54,-8.85,-27.15,0,1,1,1,,,,,,,,,,,
1791495144,9BkorQ9bvmbbpUtEMEyYggG8ApSgGfLZVsM9nSbJpump,UI,8sbe1R1tZiBGoJe85SrgPv3PkapnTBBJ1WN7sToo2Wht,pumpswap,1791382150,0.000002322,2452.39,2204,2204,0,0,0,4.39,0,0,0,0,0,0,2,6,,,,-3.06,0,1,1,1,,,,,,,,,,,
1791495148,G6SuvTdAAhdVZ9w1JneMpkjAArQ8vi9zqdSGGuhepump,INUTON,BZ6bURvmQrpp1snHnaEEcr98mjbguftdx8RTwML1zp2j,pumpswap,1791381054,0.000002604,3088.37,2519,2519,0,0,0,51.08,0,0,0,0,0,1,2,17,,,-1.02,-10,0,0,0,1,,,,,,,,,,,
1791495148,HhGnytP9WdwTF2iEmVmjXJppbXjSS7q1hquMt4RGpump,BOND,GPZFDYddG4XomjunR76ehKj8y5Jdfb7camGJ6QpoKboz,pumpswap,1791408313,0.000002275,2292.56,2198,2198,0,0,21.66,28719.19,0,0,0,0,2,2,292,690,,,-3.81,-95.86,0,2,1,1,,,,,,,,,,,
1791495142,5Qp2CwEHHNgjvuCEcqFsCfPq2C5beGpMSYgNFoBdY3Jx,BEARY,AUKv5bH8eWVSSZhBcHioP92RwL4z4BCLaLdYHbueEh5,raydium,1791406282,0.00002948,15681.68,29482,29482,0,45.79,1535.89,18474.57,0,0,4,2,19,19,158,112,,1,-17.95,-20.79,30,1,1,1,CPMM,,,,,,,,,,
1791495145,Bn7ga2URqhCaT23HfLRZNHhVBpxxhycVdUSQAVpYpump,DMT ,CDJTjDU7r2DBNxFj1MtNxPHxwQKEGJtGdkbLj7TwTLyb,pumpfun,1791404967,0.00001695,,16959.95,16959.95,0,80.56,4722.65,64857.29,0,0,1,4,56,61,615,561,,1.62,-13.16,-29.48,0,1,2,1,,,,,,,,,,,
1791495142,6VfJqDpfz1yH14Tisw1cKrzbbKDS2vuNyLwF2RNqpump,doxxed,FUt6Bkuu4adQ6UB8HMyEHeVNSXhbdHK3om1Nm9CodZkb,pumpswap,1791406890,0.000003288,3366.83,3172,3172,0,1.03,245.75,282043.08,0,0,0,1,4,15,2456,1996,,0.36,-11.34,-96.94,0,1,1,1,,,,,,,,,,,
1791495144,ACLfqG81XNn6hyisGmxXePST9MYbr7ytNvkitr84pump,TRENCHCRAFT,7bb5jt7Du1msvaRN4vRVLxiZvo6V8yT3uUaJT7YDjzGc,pumpswap,1791409763,0.000003637,3370.67,2788,2788,0,0,34.44,31605.91,0,0,0,0,0,3,297,530,,,-4.89,-92.43,0,1,1,1,,,,,,,,,,,
1791495146,DbjKCe4y56gJyiMxnka76J6HYiQgXc6TaZmUcw1tpump,HUGHOG,5PB8aHdYt3nhD2MVFgqfGg4yPHHPGk8jvGrYzcYz6bMQ,pumpswap,1791404412,0.000002315,2323.72,2213,2213,0,2.42,142.34,61364.94,0,0,2,1,27,23,123,135,,-0.53,-10.32,-95.36,100,1,1,1,,,,,,,,,,,
1791495145,BinxXp681bwTymTZEDdewimrkgiQMZiR9hBiFNaqmfXc,KFX,DVZRJDa37XU14u1wKe4mG47i3RXqw4RRUhXo6PsKgPhP,raydium,1791393863,0.0001081,11483.84,108142,108142,1.05,2.15,2.15,1502.86,1,0,2,0,2,0,56,30,0.04,-1.45,-1.45,19.13,0,0,0,1,CPMM,,,,,,,,,,
1791495141,4kd5nA69Yqcbc1zUzSPDUrXKzquFJW7j9oAyYQbEpump,kfc,dALY6kspUGsTHa1aZtXiZGxg5PFTu3qRD1LhAooB2cz,pumpfun,1791408564,0.0001468,,146860.27,146860.27,0,0,0,38.47,0,0,0,0,0,0,4,4,,,,0.06,0,0,0,1,,,,,,,,,,,
1791495149,fEnxSbFLYxLUTSqe2b5C1uaF5E1T8SwrtoKfTvjhVy3,AnyPS5,5kDBHARmJEkxC4Xr76CAtfdrARwQbnKKdM5UvSiNg28h,meteora,1791408608,0.0000000004652,0.83,,,0,0,0,0.06,0,0,0,0,0,0,1,4,,,,-20.81,0,0,0,1,DYN2,,,,,,,,,,
1791495140,3U978cSDRFuMuYKp25qBc3AuxE8x7sXWHb27N2ELkTvz,BUTTERIN,3vckP3PR1A8xAeJxgtE8SWxzbobPd3viqcfoNfPLbKmf,meteora,1791408630,0.0000000006315,1.08,1,1,0,0,0,14357.78,0,0,0,0,0,0,445,459,,,,-100,0,0,0,1,DYN2,,,,,,,,,,
1791495148,H4dSPeXVfBtG5CsnUko8614rRrYZpgEaf3Te6EZMZqjp,XP,4m7at8vehHqC3aKz34ZqiiRcHtMunpKjy5rQaYJsDm3A,meteora,1791408609,0.0000000008880,1.29,1,1,0,0,0,0.18,0,0,0,0,0,0,2,4,,,,-0.69,0,0,0,1,DYN2,,,,,,,,,,
1791495140,32sJZJeYuHbF6iucSKnGJRzt7yHWHTgMTHvkSvPeKzWE,ZEVIO,JvBUMA54f885pyH5HoJ8jF7zUnW2PnMF36X3YwaCLkb,meteora,1791408611,0.0000000007053,0.97,1,1,0,0,0,1.16,0,0,0,0,0,0,13,9,,,,-14.92,0,0,0,1,DYN2,,,,,,,,,,
1791495149,HrojrVWFibKMzP7JJ6Fhoxd3UmZr2WLwy11jEkYUMWSW,DD,fdzouj9t5zeDwPR8pH2tGxwvTuBgtLYRi7D1JDxp7Qq,meteora,1791408617,0.0000000006920,1.12,1,1,0,0,0,31102.22,0,0,0,0,0,0,533,531,,,,-100,0,0,0,1,DYN2,,,,,,,,,,
1791495149,WLDTE73PPdfFFjhpBz8Yuhvx5N45gvgEgyMXqwa3rFn,WLD,8zAt7vY7HYAh4pPgiLcN6FtEoZXs2Zib2QH6QkVGwSnk,orca,1791407652,0.5037,13.17,453594,453594,0,0,5.04,500001.46,0,0,0,0,0,2,5402,4963,,,-3.25,-2.43,0,0,0,1,wp,,,,,,,,,,
1791495141,4TYZirGGN2PkbjV3jeNNGZdsHev3pTfy5vexENMJpump,TREEPAD,EM5RfnvvjngRJn6ZR2cGxsiXo2yuvfzuaQ9zXnnwKsGe,pumpswap,1791409828,0.000003007,2897.19,2815,2815,0,0,15.27,94186.49,0,0,0,0,1,6,1266,1185,,,-2.98,-93.67,0,1,1,1,,,,,,,,,,,
1791495147,F8TgYKeiKqmipbk2X6XchYKQeHHeEkL2EHZaMZ5EiDRE,XP,6GWnXb2B1x1gPdm55sTo56YDqXMyLdvA8V1mL83dkA8j,meteora,1791407490,0.00002012,13493.28,20121,20121,0,336.51,5976.62,824092.29,0,0,2,15,99,92,5840,5199,,-8.44,-22.75,-96.05,0,0,1,1,DYN2,,,,,,,,,,
1791495146,CY25yLCHjo91Xmh6AqwhARp1bpYTKgzMhUpV3esWpump,Gemini,5yazdFw9Q4zaUFszv8kFZ1RbYtFQkmCJHSjLPhTf7o75,pumpswap,1791410211,0.000002103,2137.07,2093,2093,0,0,0,211547.1,0,0,0,0,0,0,31259,32573,,,,-95.61,0,0,0,1,,,,,,,,,,,
1791495145,BbokgcBZSnzmu11CB8yQPDL1BCB3JwP5FKhFx4cHyWVK,RARINU,G3cQpoybSswT8FMF3Z3gfqVhHtDB6ggJt1q97m27nriz,meteoradbc,1791410094,0.00005693,,56933.94,56933.94,0,0,0,3916.47,0,0,0,0,0,0,112,120,,,,34.06,0,0,0,1,,,,,,,,,,,
1791495140,24mj6WJZFk3sBTiQYHXfzyBv2LxtFqPeiFy2WEJk4dJF,SHITCOIN,3xC5rcBxXUnQEQmKqFCpKu76QUVWTug3NkByDJNjMUTo,meteoradbc,1791410223,0.00005190,,51909.51,51909.51,0,0,0,5638.63,0,0,0,0,0,0,181,223,,,,6.37,0,0,0,1,,,,,,,,,,,
1791495143,8dTA4XpKTiGQfJxXxTvkNPdNqnDguAZpNRrVWGCQf52D,AGENTS,pHLa8D485x8QXhRsBkMuvPWVC7rxD7Hrsn9uqwjovU3,meteoradbc,1791410164,0.00004581,,45814,45814,0,0,0,3046.26,0,0,0,0,0,0,78,104,,,,204,0,0,0,1,,,,,,,,,,,
1791495143,7eXei6frmEWVq1DAuUFPLyXSo7Tf8NBCMwdRW5WfRZAT,SHITCOIN,HoNByegXTbVYSpS33sc9ZsAQbiv2R8hVAseuUNsVQjGd,meteoradbc,1791410160,0.00004036,,40364.21,40364.21,0,0,0,4856.83,0,0,0,0,0,0,92,151,,,,146,0,0,0,1,,,,,,,,,,,
1791495149,Ue25i1diACgykQfjFrQSsBCnrf9npB49Zm7PQPk1Kyc,OpenAI,AVQmQjCk7zEddZkmDi9ZCJryVHKRqDUkqZdvonEYruKX,pumpswap,1791410240,0.000002063,2085.35,2054,2054,0,0,0,91372.1,0,0,0,0,0,0,6832,6603,,,,-95.69,0,0,0,1,,,,,,,,,,,
1791495141,4eigci7z9McJExoodiHU9kuZS1PbvWRBFrCaYk2DcZW3,CR7,75pWsJU1ET9Spg3cDzzBqKm1VAML8wnonqA7AtJFJNWu,pumpswap,1791409466,0.000002071,2096.06,2061,2061,0,0,0,129697.6,0,0,0,0,0,0,12851,11802,,,,-95.69,0,0,0,1,,,,,,,,,,,
1791495142,5xTqC8MhGcgnWTM8cdxgJLfV2KAbSqMMT4KeA4hrpump,HUMAN,FKcNmNnnDzuwb83RiS9usTmf4K5EhHSAfZV9FcSNTA6E,pumpswap,1791424072,0.000002176,2257.92,2123,2123,0,0,0.24,369606.52,0,0,0,0,0,1,5088,3490,,,-5.91,-97.41,0,1,2,1,,,,,,,,,,,
1791495148,HXqxTwCzREUXNK4CbNDgNEUEh2jLzFKdC4tvTuojpump,ZKDARK,CR5dTgvTddGAqDjP8dGHTL51N6PKRaXqxFBp9FQ5PrKn,pumpswap,1791418204,0.0006552,73083.13,646368,646368,5616.55,50585.24,291059.6,1870064.57,29,22,313,320,2710,1938,17207,7548,7.26,-14.1,-52.12,753,0,1,1,1,,,,,,,,,,,
1791495143,7n7zqkVxSb5dCXb6ZbMZjSdX2RJgcK4UKJCdhZ1McB8d,GIF,5kwL3JepypTyKMko6X7nzQ7PHTzgpmRYX27H5nR7bkCD,meteoradbc,1791424730,0.00005760,,57602.23,57602.23,0,0,0,4144.07,0,0,0,0,0,0,122,129,,,,34.77,0,0,0,1,,,,,,,,,,,
1791495142,6Mix12LiHrQFojaQEnfPUC65Qkwd6X4Y5Qg93oFbordr,BORDR,GLnPx7tg3f1oyMW5cJioJAtQjNG4PzokEzUkQMCj2EEF,meteoradbc,1791422260,0.00006974,,69740.21,69740.21,0,0,0,13092.27,0,0,0,0,0,0,286,16,,,,1092,0,1,1,1,,,,,,,,,,,
1791495144,9n2RHJYZDrnsFbkdDkxEKK8LeDFHMUKsZLgZLg1upump,cowe,CHbfKoxeKVkYf3Sxzai6pJpprAD7MRY6quCYVSVQv9Pr,pumpfun,1791424397,0.00004772,,47723.73,47723.73,0,0,0,116524.69,0,0,0,0,0,0,504,444,,,,1277,0,0,0,1,,,,,,,,,,,
1791495147,ELgbR8doDiL2rV8rkXLTJaD7jk9W8KWrTpeto4YVpump,SpaceX,7oCHE29HFRd7wv5zbMiV7CkeiasZV8YwLssoo2zR4ih3,pumpswap,1791424211,0.000002082,2121.27,2073,2073,0,0,0,237774.38,0,0,0,0,0,0,25988,26563,,,,-95.69,0,0,0,1,,,,,,,,,,,
1791495143,7eZcomYJABTJ55ozi22Gd2Fm4CdLZRkbAQXsLtvzauG8,KISHU,B3NFR8fgDaXZo3Gc7HUrai1h81sLoPHxsvErCSgkHSd1,pumpswap,1791424706,0.000003664,3566.33,3498,3498,0.73,7.18,168.68,532805.79,0,1,0,4,5,27,8524,6977,-0.23,0.05,-5.04,-92.18,0,0,0,1,,,,,,,,,,,
1791495145,BCmLeWBtGCP7QB5q4STzDwQooNpnJNdgtK4RA6npjEH,BARRON,DkPd4BWFizLj4kihTqeH2DoPFLq9DwkHw1R5HDdMuiuW,pumpswap,1791424362,0.000002070,2095.78,2070,2070,0,0,0,111560.88,0,0,0,0,0,0,8526,5922,,,,-95.71,0,0,0,1,,,,,,,,,,,
1791495144,9raEmV8Se7eq5CNy12LG7FGfiQLU2GvLEWh9j2DZpump,403,6oy6gLgv37bsswsTBpoShYDhin8oaPTtEKSX38o2zdc3,pumpfun,1791325633,0.00001348,,13488.16,13488.16,0,80.57,2973.8,15180.76,0,0,2,1,34,31,148,138,,-4.67,-13.84,-21.96,0,1,2,1,,,,,,,,,,,
1791495144,AinufyoVUdPwf3KQCpAtLvZYoA2MTX5WwnFzT62Rpump,QUANT,32bsyVLDyYpnUKywnTALqa9YpUfWKHAySbNXaxoAExWN,pumpswap,1791429562,0.00001522,8926.73,14560,14560,0,2502.78,8955.35,271418.62,0,0,24,12,83,81,2754,2328,,108,32.64,-64.43,0,0,1,1,,,,,,,,,,,
1791495147,EbPspFXCYx7QVAPmL1UBD1SZ7E5PjxLvHTGUcheJjkqo,GOMOCAT,FcssnrQRisnSfk9MZFNCz8RyxUbpdqmdZV8d3BQQYwGy,meteora,1791203930,0.00002117,11526.92,21171,21171,296.13,520.18,3680.79,47322.68,3,0,4,5,67,43,567,440,9.36,6.9,14.47,-50.87,0,1,2,1,DYN2,,,,,,,,,,
1791495140,2UmgFQEFGYwc4GGnM6CX3Eo7qRDirBL9ZNJMcpecLRMB,ECSTASY,4AWFSPSoFfR6r5KwpPiyqwt7h18m9WbCuYMB3owJN49P,meteoradbc,1791430231,0.00005753,,57537.56,57537.56,0,0,0,3407.01,0,0,0,0,0,0,93,97,,,,34.71,0,0,0,1,,,,,,,,,,,
1791495146,CXobHamBqvAYxdv7BKj7JNAokoMu94ECMyTVRtJ4o4kW,PQC,66pMCP5gVznXtvtYaVp1TEDJDATzP1vwRLrgUtbnSH3P,meteoradbc,1791430043,0.00004486,,44865.82,44865.82,0,0,0,17675.33,0,0,0,0,0,0,416,467,,,,103,0,0,0,1,,,,,,,,,,,
1791495149,Ra1orPpp4RKimuvNesuZXh26i1x7Da7LwqN3SB2pump,PONS,HSEZfaMwDTXHCFn6Ct8M1tZFTSbx9WXAJLw2qNufJWwp,pumpswap,1791429445,0.000002055,2071.52,2055,2055,0,0,0,79649.18,0,0,0,0,0,0,10090,10400,,,,-95.73,0,0,0,1,,,,,,,,,,,
1791495145,BKpV1cS1C46GAthMCfeZQ1eQ61T8abZXqaZ3CYgQ88dQ,BARRON,Bvjqh8HfLtjyweS8U7TetcjXF4Lpfj3X3X1Dg8Q6sKDE,pumpswap,1791429984,0.000002078,2097.51,2078,2078,0,0,0,73007.88,0,0,0,0,0,0,4601,4326,,,,-95.69,0,0,0,1,,,,,,,,,,,
1791495148,Gqpsjtj5qHQzrktnkew5rE7SSKyAz5QNZKCjZ4oepump,Tesla,3fFiU8oDwGTzLWs6g288Q6BD4jRYj1xBjXqtfDUZghqM,pumpswap,1791429883,0.000001978,1987.3,1947,1947,0,2.77,2.77,42397.39,0,0,0,1,0,1,1165,2872,,-3.03,-3.03,-95.9,0,0,0,1,,,,,,,,,,,
1791495149,e39GZrAh4t1XazuQAELFKeGteoPmnxzKZzCB6uQpump,PAYBACK,BZJYVTWgpcT2y7Mk2vbQ3sJoboHtS5xnTpY3hJZ1bEq4,pumpswap,1791431281,0.000004180,3997.4,3885,3885,0,58.96,462.21,567851.42,0,0,2,4,17,47,5736,7532,,-6.97,-5.31,-90.33,0,1,1,1,,,,,,,,,,,
1791495142,6Er8A3wH82Vrnf68aFzEGTmFeA9TVoX86yeyU4mSCfqR,ECSTASY,9ZAaXKH7WoV9rEvvxTh5zxHd3jhhXY9Phd4U1P87pZYV,meteoradbc,1791431772,0.00005758,,57586.93,57586.93,0,0,0,3522.88,0,0,0,0,0,0,97,95,,,,35.09,0,0,0,1,,,,,,,,,,,
1791495148,HPiMcRYgD3o129GGM1yaypgj5jsYxfQ8nEY5UPwr4H9G,DARK,CErG75BoX9Nx3PpgNrr7YUFqsRbZxydyXyeJwZvQfaL1,meteoradbc,1791431758,0.00005744,,57448.95,57448.95,0,0,0,2422.89,0,0,0,0,0,0,71,53,,,,34.78,0,0,0,1,,,,,,,,,,,
1791495142,5qETfrjCXVTtTKaRaNrpLiP4svtzci2tVU9us9CaxCW,ECSTASY,8LTDXQcqcG5N1YX873wuMYZp9T6txiHd2egTJ7CDaoit,meteoradbc,1791431672,0.00005767,,57677.11,57677.11,0,0,0,5252.74,0,0,0,0,0,0,163,166,,,,35.35,0,0,0,1,,,,,,,,,,,
1791495145,Br9f1Tjv8M7TKhycVnHUy71sZatkun3h1iLHWMg2pump,Nike,92P2ZdAhxauWoVWJWKoTgHDWotVSkWt4Mj4AnX5abuvo,pumpswap,1791431537,0.000002035,2054.13,2036,2036,0,0,0,89591.27,0,0,0,0,0,0,6640,8513,,,,-95.77,0,0,0,1,,,,,,,,,,,
1791495146,CUDaYTpsWoJEakpv62vQgNLG9Jxrm4djmsFTgEaQpump,BATONPASS,BERQeJZDTqMU5Ac2Q9SaX7AWpuEZRT2wiCSbUqmCETW4,pumpswap,1791434574,0.000002180,2320.56,2159,2159,0,0,0,616042.61,0,0,0,0,0,0,5046,4674,,,,-96.72,0,1,1,1,,,,,,,,,,,
1791495141,4QTZ4dR2SmHdP48KAxpqa6edUDc1N4NwZoFnyZHnvnbw,Tincan,4sVitreiU8kkrPeY3ooNUkcF7SqyxV9k3UuaTpqn6TRz,pumpswap,1791436976,0.000008704,6913.11,8321,8321,4.51,142.03,11152.04,1320181.1,1,2,4,11,182,257,13899,10648,-1.13,-4.51,-48.06,-81.37,0,1,1,1,,,,,,,,,,,
1791495144,A7jqmMTdF1ZoLqNykhDh8zB9HuSLSVfwh2WKM2yHk9wy,Bot,D8uCRrZbMdTFdor12yJUkd1yncYS8p4amQHGrt8EkaYp,meteoradbc,1791437310,0.00005657,,56577.18,56577.18,0,0,0,4983.43,0,0,0,0,0,0,98,136,,,,209,0,0,0,1,,,,,,,,,,,
1791495140,2PsWGYJSCWykuwcnJrPc7ptDmQSPr6TCaTQVzqAkPjmd,CAPYBARA,4XWgsLDyjgCJzsDwf9B33sVuQWj1zbMa94f5GM2CVVHU,meteoradbc,1791437327,0.00004547,,45477.03,45477.03,0,0,0,8740.88,0,0,0,0,0,0,224,269,,,,219,0,0,0,1,,,,,,,,,,,
1791495140,2pq7nDKZDysiFAC5DUqz3NcTvVGB2mVqnL6LizTotaDu,Tincan,9Lcm2zJ2U1MR8JEoJjDmhgAqrMswisgYKNyxse57Qekd,meteoradbc,1791437335,0.00003611,,36116.7,36116.7,0,0,0,6411.8,0,0,0,0,0,0,226,241,,,,135,0,0,0,1,,,,,,,,,,,
1791495140,12C6LFJK3i2tRGYB8Df4Hh1wspBp53bQqnrFsdgAUDoX,CAPYBARA,5divuH9XpAb83FuVSV56yE88TMyhrMvMBfePnmPC4FpB,meteoradbc,1791437271,0.00003654,,36540.9,36540.9,0,0,0,2740.92,0,0,0,0,0,0,69,74,,,,157,0,0,0,1,,,,,,,,,,,
1791495145,BcEzK1prWTBAF7rMwZWwqFcRWBZo1hP5uiDbPiq9pump,ABU,3KBo5ceVvba3w8WmSWWezmBmzatrP97YHgqq8ojs3LuF,pumpfun,1791437320,0.00002958,,29582.33,29582.33,0,0,0,1389.18,0,0,0,0,0,0,15,5,,,,759,0,0,0,1,,,,,,,,,,,
1791495147,EvcPMthfynwpiBR1dj6hkDGJYrDZNyV6LkwHXwnNLevT,JUP,88DDPpSoeCPvFn5PuEHddekhuqESero46m3puLh6ABYK,meteoradbc,1791436131,0.00004554,,45540.78,45540.78,0,0,0,19380.81,0,0,0,0,0,0,1161,1150,,,,194,0,0,0,1,,,,,,,,,,,
1791495144,9MPpW7J2Pz78YgLjsoUrbtBJyREYXnTisGQZM84Jpump,Uber,6fm4JhDXfba3zrjgm9ubgP1FNw4pzJqj1dxixMhhGYja,pumpswap,1791436262,0.000001945,1977.45,1937,1937,0,0,2.14,191519.85,0,0,0,0,1,1,24598,19302,,,-5.32,-95.93,0,0,0,1,,,,,,,,,,,
1791495149,fKnhYdQEjqJ4GpRzN65ACHNmKY1o8LFgUdaGMaMpump,Joker,HHFFSVC5UfeV6c4o8s58DvUVdA9hQQR4xojnJpe2NCCm,pumpswap,1791435793,0.000002035,2051.48,2025,2025,0,0,0,77658.98,0,0,0,0,0,0,17160,16025,,,,-95.74,0,0,0,1,,,,,,,,,,,
1791495146,E4ZFpCKre3XGeJLD6LZQosgnkLKYti54ifhC4bkBpump,X,7P5XZNNBbmQNgxrTdHnj7nUQjsiKULjFojm59NiHFbx,pumpswap,1791435771,0.000002054,2086.67,2045,2045,0,0,0,186775.39,0,0,0,0,0,0,18795,19999,,,,-95.7,0,0,0,1,,,,,,,,,,,
1791495141,4zHofAZWJxqB5zrQrPZ8yh4FWxi7TCXQTM9gLv9STUK4,C3PO,Gb79ZGP981qTyswJ8py3LQUeGT2tcQeEeNve3bRqAD5r,pumpswap,1791439023,0.00001994,10987.17,19342,19342,84.25,7582.59,38106.35,384009.77,6,4,94,62,336,248,3516,2593,1.34,-16.14,-46.28,-54.15,0,1,1,1,,,,,,,,,,,
1791495142,6VCgZL6sCG6VGxHBNtrv5oeAsigPGFNguqWEgtAsVyXP,PI,AtK8EHTWGZSibpJjhG3uPDcFTG2doxQ5MksfoqW2EWsG,raydium,1791439164,0.08252,82203829.61,82525837,82525837,0,43814.49,178701.75,351237.05,0,0,3,3,16,15,70,31,,,,,0,0,0,1,CLMM,,,,,,,,,,
1791495143,6aZPUt12DiuCzgtzEt3FLojkqfMg4X7ihjGtTV8ABxdz,C3PO,J4yygpduLrCmUircWW9U2F1ktdXfANtzy7oUUGuh7eWG,meteoradbc,1791439081,0.00003369,,33695.31,33695.31,0,0,0,8288.03,0,0,0,0,0,0,246,282,,,,84.05,0,0,0,1,,,,,,,,,,,
1791495149,JAgqtscae3UPqZY5eeGUC7MYYibgTYbjeRo42gsYEjHw,UHORSTAR,3WD9NgSuu7AC6Jd6GnDaU5A2kzhyrSKiHmnYNKpkuMvT,meteoradbc,1791439189,0.00005648,,56488.01,56488.01,0,0,0,2993.28,0,0,0,0,0,0,59,57,,,,222,0,0,0,1,,,,,,,,,,,
1791495147,Ev3WcYkDJZprmkF8p1Mvo4ZRsD1WwyuhdiZTWVNjpump,NVIDIA,BjaJfJ654qRPBeskWfr8PrVnoP2eDd8SPgrZRZH572Fj,pumpswap,1791438213,0.000002047,2065.81,2036,2036,0,0,0,92096.27,0,0,0,0,0,0,10221,11781,,,,-95.74,0,0,0,1,,,,,,,,,,,
1791495140,3PE6gBmCYrkKfzupjM4rexqDGE64ZR33VSxwFUpApoS3,X,G2No3YeFw3btG4LEUVqeT2q1VwJcyk3x1FrWhW1eQ4qo,pumpswap,1791438396,0.000002072,2097.81,2072,2072,0,0,0,125470.32,0,0,0,0,0,0,13539,7870,,,,-95.68,0,0,0,1,,,,,,,,,,,
1791495149,Hm1SEzAiE7sz97d2uMLdMTtsNgCCaB4tGBQASV43JREC,Tincan,2sGkFcTrCowwTJ8Ry2SSxsRByJEx2SSKfZdpvKW4eX6C,meteoradbc,1791438724,0.00003373,,33736.8,33736.8,0,0,0,6804.68,0,0,0,0,0,0,229,223,,,,89.23,0,0,0,1,,,,,,,,,,,
1791495142,6Aug5n6KjCfu8JmMk1xxCxoqtyprD3uNcmHF4Phdpump,Penguin,H4Jn1yGe39YgCySJoUigduLb314ujzfEMN29BTMJXuX2,pumpswap,1791445451,0.000002713,2675.81,2589,2589,0,0,1311.63,224908.32,0,0,0,0,15,21,3079,3072,,,1.96,-94.29,0,0,2,1,,,,,,,,,,,
1791495149,agYKZgcBE2XUzTypkkdJqvwPbu7k5CUZjA6Cm3jpump,$BITFOOTS,KoQr2pvCYFiWvidqtBxaKcMGQqJWaNw4oed9CLjfLnA,pumpswap,1791439252,0.00004636,18668.08,43644,43644,1279.47,19267.21,140054.05,1352789.09,31,29,407,402,5983,3256,24522,14680,5.95,4.61,-12.83,-1.75,0,1,2,1,,,,,,,,,,,
1791495144,8qejPoJoKyNPXrJ6mJCeGCYkpi4BPFtJKdHoSV7tExMp,LINE,5p1jPcvrazSKbsZehSqusJEPXfyBX2SbKQsReHsJAtmN,meteoradbc,1791446275,0.00003436,,34367.36,34367.36,0,0,0,6065.46,0,0,0,0,0,0,152,177,,,,85.81,0,0,0,1,,,,,,,,,,,
1791495148,GSihbCkLNMoERPnntMQ1wGNdGcafwTM9Ty3TyvP9EbT,97,2fZ2exEV1BS2t52CuAYcddtZwdyMVLxVES5kj2W2wDGd,meteoradbc,1791446362,0.00004937,,49375.74,49375.74,0,0,0,14397.97,0,0,0,0,0,0,311,402,,,,352,0,0,0,1,,,,,,,,,,,
1791495147,FmAJsXEkq5qBRtdTCXon2LbYW6aznKyZsYQsLqvvpump,BUNBARA,HDL6PigHxBcqHvsVwtNwP2GtwpQRGdy91qCczCRNTZ76,pumpswap,1791445561,0.000002152,2265.32,2134,2134,0,0,0,613557.25,0,0,0,0,0,0,4688,4508,,,,-96.9,0,1,1,1,,,,,,,,,,,
1791495149,NFnNxNruqhdpDP2vzRHHw56ApAZE8sRWUSy1hurpump,SpaceX,H4mQSkUVtEXpVyJkBtm25BpKa5ryKgtPWBsvUu79pPYx,pumpswap,1791446013,0.000002038,2054.25,2028,2028,0,0,0,61146.08,0,0,0,0,0,0,8047,8850,,,,-95.74,0,0,0,1,,,,,,,,,,,
1791495146,CX7uawAPJG22ttctsWP8pqxjHiAdD79uWo1ywmcNpump,CATSLOP,AM2wZioQTVVQ3UW6AaE429LRtaKxn3LeAgMm6kEHK8bd,pumpfun,1791451695,0.000004223,,4223.18,4223.18,0,2.42,3325.11,99523.23,0,0,1,2,20,50,778,612,,22.24,-53.92,19.56,0,0,0,1,,1791495229,,,,,,,,,100.0
1791495140,2WNiZqRefcndEA9c1T6A1bdie31pbBGdFQpyR52h9TWr,BUNKER,3UGeVuMzWAjsXnHfZnqEFBCviZczxXBGEVtDsZCF5aqu,pumpswap,1791453278,0.00002218,11484.31,21077,21077,504.84,12477.9,85278.49,516014.03,17,3,131,94,978,753,6230,4775,9.49,26.02,54.56,-53.59,0,1,1,1,,1791495229,17,3,69,62,321,308,2138,2093,
1791495149,gwjkLiDxsP9oPmAqHaJZpDBRePYxmxJSv1LwpTQpump,Pumpcord,DDiR9hdcP3iS6w7wQrRhc9MzuRiDTzgx3QjFqJB2ib1C,pumpfun,1791452066,0.00004723,,47234.78,47234.78,0,0,0,9772.21,0,0,0,0,0,0,7,0,,,,1360,0,1,1,1,,1791495229,0,0,0,0,0,0,7,0,
1791495142,5RodQQJ5e3kv4z3E8P8E3wo79fSRZBRr43Ht455hpump,HFAI,AnLe3U6R59HyEfo3oTiZscqJ2Q18JepmUiEQrbvcVnmb,pumpfun,1791139671,0.00001377,,13773.44,13773.44,0,106.59,2555.61,4732.73,0,0,1,18,58,58,77,80,,-2.66,-3.25,-31.89,10,2,3,1,,1791495229,0,0,1,6,55,43,69,63,100.0
1791495141,4KwgWX883tz4CDQH6BKTD4vZaYFXanvXNvkypNAVpump,ATFS,HCzGiZkg4fncKEtbQorrjke28xFeUFLrEKfLzMJjtn9y,pumpswap,1791421940,0.2679,1439679.31,267936661,267936661,834.51,13217.2,70358.93,748085.69,239,0,3447,1,19307,10,70448,50,0.1,4.24,23.71,552255,0,0,0,1,,1791495229,211,0,1507,1,1514,5,1552,33,100.0
1791495149,vZiMwNxyHz4gtqaPYcDymFtjQ68C5tBMYnzKkixpump,LEGO,EGz2ud3z8ukZUhxeDrF2zMg6rQw5FCH5E3bLVxWrKw51,pumpswap,1791451861,0.000002007,2026.55,1998,1998,0,0,0,88947.81,0,0,0,0,0,0,21523,19438,,,,-95.8,0,0,0,1,,1791495229,0,0,0,0,0,0,356,906,100.0
1791495145,BzGGcKBppByKXfRc8vX16WMtuyAEQAMnfvtGBfx9pump,NASA,Fs6hKhkgWSMx24kYzXUFcKXxuw4966BfBsy64QA6Gtyk,pumpswap,1791453124,0.000001928,1953.03,1920,1920,0,0,1.93,135820.63,0,0,0,0,1,1,18090,14026,,,-5.33,-95.97,0,0,0,1,,1791495229,0,0,0,0,1,1,2041,2098,100.0
1791495140,14eM3ETGKnHdhQKSoEkv9ZTP2J3xyUGSm8rJMVUVpump,OpenAI,Hd8UDyEDf52VT4ptiKoDXZx4n8caiK6iEicc4SNCVYbw,pumpswap,1791452371,0.000002008,2034.81,1999,1999,0,0,0,129915.23,0,0,0,0,0,0,12312,11410,,,,-95.81,0,0,0,1,,,,,,,,,,,
1791495143,6ioAqduF6uAXqoQ6Hsndv8hXCygey3Ly7PkhG1UBpump,Claude,2J47pgVH8fhDx5fJVsEW1i52oBjJmGVyaMrNEqMHHy3g,pumpswap,1791452334,0.000002020,2047.72,2011,2011,0,0,47.17,163073,0,0,0,0,1,0,16352,17644,,,-0.89,-95.78,0,0,0,1,,,,,,,,,,,
1791495146,CN2hyxJgVbcnTC7jDhXuoJhZYA8aZ82LYwjM6MbU1Sen,DICK,EodzsjuN6SQFew2aA94eS4gw1scT8WJFkyXRwtV32hcB,pumpswap,1791460714,0.000003396,3287.31,3135,3135,0,0,165.12,89048.78,0,0,0,0,2,1,1342,1232,,,18.51,-92.38,0,1,1,1,,1791495229,,,,,,,,,
1791495146,Cr8kuNqKwiVVuzqLYKcJhmpSHy767837BwLFr9GDYXUf,b,44n9abhJKqpVUXS3rKgNo3YKqiSqu8zdyf9BgUyujRQr,pumpswap,1791459767,0.000007463,6020.04,7254,7254,0,560.52,2501.55,312335.63,0,0,12,13,51,50,3478,3039,,19.38,-7.55,-83.67,0,0,1,1,,1791495229,,,,,,,,,
1791495144,9qtTK7WWYSwT26angJUbuhVAe1QggTKhwaYR8H6w1Qx9,NOOCCAR,FvJ9F1Br35m9zBSdGEx7yE2vQoMFPenKrzzqaULR9qLw,raydium,1791401148,0.00006915,24471.22,69153,69153,0.26,1406.21,3203.44,10170.13,0,1,6,11,16,30,109,82,1.45,-15.7,-18.06,115,0,0,1,1,CPMM,1791495229,0,1,3,4,17,9,54,43,100.0
1791495144,9AALmABCJjvKmaKBbSZZLYLeBsshphC69eM3DVJCpump,LUDOR,7dgSzS3qNf9n7Vm6E7eWEDqfsxrrnKaroQDsAaahAt77,pumpswap,1791462284,0.000002947,2850.68,2802,2802,0,0,7046.89,98172.82,0,0,0,0,79,136,1313,1278,,,-77.06,-93.42,0,1,1,1,,1791495229,0,0,0,0,57,135,665,700,100.0
1791495140,3cdaNw1CEJqwZyZh3DDUFadeyRUMbfMwWtaxnjerpump,USDF,GJ2gLk6WTKqdg17s8P7hNPxRn6LdBvrMgDdqu4qWu4U6,pumpswap,1791460772,0.03194,496126.14,31943617,31943617,1984.97,26818.13,157472.68,475695.78,301,60,4376,885,25898,5338,41317,8832,0.46,2.34,13.29,67774,0,0,0,1,,1791495229,228,49,1905,475,2039,1721,2087,2026,100.0
1791495146,CWCUcARvjEVkjfpC35fr8r3nwcrDBR82C1YX4WAQAvZ6,memesi,6mxJB83TDfpEuWW5ocF6H6jN9R8KMpjUkUg7ws85zbfE,meteoradbc,1791460789,0.00003343,,33434.21,33434.21,0,0,0,10684.01,0,0,0,0,0,0,284,342,,,,82.06,0,0,0,1,,1791495229,0,0,0,0,0,0,173,186,
1791495146,CKxx4uPRwtSEdrjiyL399qtfonDZbunnCzL1pz1fcdFu,ECSTASY,5oEfm46sNUcrFd8Y9fd9N7b4o69TqkUKXtemTWJ4WQjx,meteoradbc,1791460789,0.00005626,,56265.09,56265.09,0,0,0,6327.51,0,0,0,0,0,0,230,241,,,,34.97,0,0,0,1,,1791495229,0,0,0,0,0,0,138,127,
1791495149,JCpw3cNBc2hvkkMJEKCSPN2YakKnNxqNmQ5AE6XJpump,PENGUE,5DyoYU9fJiKSDsXu1D3aPsHCCtmmi7AvW9ya6wEhjSJK,pumpfun,1791459561,0.00004663,,46634.9,46634.9,0,0,0,9648.1,0,0,0,0,0,0,7,0,,,,1369,0,0,0,1,,1791495229,0,0,0,0,0,0,7,0,
1791495143,6xg49oRznwRDfpN61tUsGprP6om7yWD2MEB9EoQCjTFP,Anthropic,8T7iQ6DRfM5darT1wFH3tgXcSQUXP6JtaK8haMr3miDC,pumpswap,1791459092,0.000001999,2019.53,1989,1989,0,0,0,104766.6,0,0,0,0,0,0,17925,15363,,,,-95.77,0,0,0,1,,1791495229,0,0,0,0,0,0,197,741,100.0
1791495146,CYfHVdmEBTSNqAmdfgDME8MDJs55uZMnZziv8zKTDrVy,B,CDy3iabHecoxnUsCrzCCNeYq5nN5KdqjcYZhBKtRGbCZ,meteoradbc,1791459950,0.00003350,,33503.58,33503.58,0,0,0,19346.03,0,0,0,0,0,0,724,765,,,,90.52,0,0,0,1,,1791495229,0,0,0,0,0,0,211,207,
1791495146,DR94q98gJAnLiQP9S6gF1pD3jaKss5YYb9otXpzjMcEp,BAID,CaXdgRpDb6zCZcrBVRK8oqJ4QEDzQcnBav32KwVEjbNy,meteoradbc,1791460419,0.00003352,,33520.82,33520.82,0,0,0,8953.95,0,0,0,0,0,0,219,274,,,,82.37,0,0,0,1,,1791495229,0,0,0,0,0,0,160,169,
1791495143,72h5pR8EFDKdRw8s2nfvxWV6HeXBrgELmnYV964VHqDU,GOOSE,FWV6Z3BvjhFC2W4tNBUWGf5rCjuxDKEC8CVuwEVrQJVX,pumpswap,1791459052,0.000008585,6547.28,8329,8329,0,257.73,156199.18,649131.3,0,0,5,17,1481,1041,7511,6419,,-7.66,19.01,-81.32,0,0,0,1,,1791495229,0,0,4,18,538,525,2771,2728,100.0
1791495140,29Vp6MThvxvSNuwtii3agTwaXcC4NGqqekAoYAX657E4,[cat],4FpNtqL4KqKJzFKvUjtMoSJ7ApmEnS5cK51GiRR3azo7,pumpswap,1791454900,0.000006138,5417.99,5947,5947,35.3,943.67,18787.78,598175.4,1,1,9,23,312,291,7282,5607,3.05,-32.87,-61.65,-86.45,10,0,1,1,,1791495229,1,4,9,21,112,167,623,735,100.0
1791495145,AwdfqHLnUTdAo5rNc7N6uxr5td8yBDKUe88FJcmLpump,JEZ,73cbwUULj7pRpkk2q4tSbNx6yU8R52mJehCLWCrFX6MW,pumpswap,1791466654,0.000002065,2091.54,2007,2007,0,0,0.62,96053.13,0,0,0,0,0,3,4369,1330,,,-2.74,-96.46,0,0,0,1,,1791495229,0,0,0,0,0,3,1616,907,100.0
1791495145,BfHsgmptvbavGSW6qxdmczuFp9RDKYotTZSyWaRhvKnb,CAPYBARA,6CayEYy1wxidnaqScT3JbuGs3jhjC5Xh5praQ7DxT3Fj,meteoradbc,1791466054,0.00005489,,54894.83,54894.83,0,0,0,5313.55,0,0,0,0,0,0,175,163,,,,32.55,0,0,0,1,,1791495229,0,0,0,0,0,0,124,93,
1791495147,F25oEgN35VCq13t6yuXjS834Se9aL2zrDMez7LXMiujc,nox,52L2wqg5AR23bpdg2XPzZ7EdZvGFQVMhhFMohBxR278a,meteoradbc,1791466068,0.00005040,,50403.71,50403.71,0,0,0,2131.26,0,0,0,0,0,0,103,65,,,,5.72,0,0,0,1,,1791495229,0,0,0,0,0,0,82,57,
1791495143,8ZCmwpW3MtC5UpNcZf7U4HMvRNTo71syU11BDiAFpump,Gary,2uZuTQEjcXcR1ESwMdGTpqEwM5PCekEwrSNVRPc1EhS1,pumpswap,1791466106,0.002977,163922.11,2960158,2960158,16227.98,799221.98,3428071.68,4400407.12,214,134,7318,4066,38421,21117,48150,26241,-2.81,25.78,327,2452,500,1,1,1,,1791495229,79,30,1308,939,7543,5183,11995,8479,100.0
1791495145,BBExNpFTTMTW5TrLn8JVX23Kv6Wa4BcUqTHKCKcHqWeX,BULLISH,4dTxFbsQDxGz25bcEhvoknGzUj6iZqNAyHdQFFsTdH1X,meteoradbc,1791466025,0.00005600,,56007.32,56007.32,0,0,0,9095.32,0,0,0,0,0,0,253,250,,,,35.24,0,0,0,1,,1791495229,0,0,0,0,0,0,145,124,
1791495140,2zTTf7QdLtMMzVfzexLP5idptSr1tzM9YtPseN3gpump,Rick,BcDhRNRDgYux2NY3QLq7FXMLmrJWR4aUPzrvGLbWAV8t,pumpswap,1791465443,0.000002049,2091.38,2004,2004,0,0,0.22,170476.84,0,0,0,0,0,2,4503,2551,,,-1.15,-96.8,0,0,0,1,,1791495229,0,0,0,0,0,3,1859,1516,100.0
1791495146,CMQTDxcXezBD9unnTQ6JbLmdSCpt8hx5N5ksGEGapump,Nike,2eNm8g9jq63SJLHVK63UN1QNDtGpibojrFyQ2j4KCdM3,pumpswap,1791464959,0.000002006,2032.88,1996,1996,0,0,0,144610.34,0,0,0,0,0,0,15151,16714,,,,-95.69,0,0,0,1,,1791495229,0,0,0,0,0,0,764,2240,100.0
1791495141,4xMRDz8UU3diHJ6TqhH4MXRDG2hcbaeDoy87HZ51pump,BBC,BupfK5hhBZYNcWFo3wvPCpwMAgwA849ZvFbf6YU8UtCv,pumpswap,1791463545,0.000001982,2004.46,1973,1973,0,0,0,113049.59,0,0,0,0,0,0,19175,20490,,,,-95.77,0,0,0,1,,1791495229,0,0,0,0,0,0,378,2070,100.0
1791495146,DRDEKFoEqf4y5C6z3FEPpsNrmDRSqNajvhPgs8KHKbsz,OMARCHY,DjqmfHfybyooqVJSJAnkqvZMARTLzoaf8Ze44DoFm4Mj,pumpswap,1791464555,0.00001926,11525.54,18877,18877,47.57,2307.16,49875.43,1567936.48,0,3,35,40,622,688,16023,12612,-1.54,11.52,-64.61,-57.55,0,1,1,1,,1791495229,0,2,25,37,331,519,5195,4799,100.0
1791495143,8Wtg9wQCuDVLrQqH8pw2yKyvurmrjEeFcp9ysdDKpump,MINESTOCKS,HTFaPY9rYmFiSfLVUXVjqmTs5KYTtqWjoABHJjxNAtMX,pumpswap,1791473097,0.000003934,3594.61,3304,3304,0,8.78,59870.92,111628.8,0,0,1,5,833,733,1623,1490,,-0.28,-82.75,-91.06,0,1,1,1,,1791495216,0,0,2,6,380,433,661,826,100.0
1791495140,2bN9YoTKiejNonS4Q1EjhypvRfndZLEiYJZUHLwYpump,PANDA,GPdzMNfQ9NY9uCmchHeTVAdfQAho3yYSM89BAZt46CzZ,pumpfun,1791472754,0.00004566,,45661.11,45661.11,0,0,0,58606.8,0,0,0,0,0,0,137,70,,,,1315,0,0,1,1,,1791495216,0,0,0,0,0,0,106,44,
1791495148,HGWNoTg8GHdyjfRamaaVpKmXoZYhYmB4gHP1iyftpump,ZERO,46eJ5cSpTXxQLPAXvnfWKWFGejyzfCGc7vrsKBiSgzHZ,pumpswap,1791479725,0.000003555,3327.85,3413,3413,0,51.48,74915.09,74915.09,0,0,1,10,962,885,962,885,,-3.19,-92.06,-92.06,0,1,1,1,,1791495216,0,1,1,10,536,557,536,557,100.0
1791495146,DZQbBPFpTeeyGyvCwXxYQDZFGGHad2bY6sWZuviuX8MN,Altruists,Hpjzjed5Zi6qodv4NgswZYycNe3bxtda3UFU2ZU5AuxY,raydium,1791470923,0.00005414,21913.35,54147,54147,12816.02,31255.5,394527.3,1638923.34,69,54,252,182,3500,2831,13931,11051,15.9,-15.63,-66.43,-35.71,0,1,1,1,CPMM,1791495216,56,38,157,126,1346,1565,5367,4596,
1791495145,BdXfLfcbDE8YvpbvvmmGTduqcDesaQVUm5xLxgUc2S5t,texcat,HHKjh1W82PH2rYh3kzjjZKZVu1VqEw5cxLxr8kyFamrn,pumpfun,1791471431,0.00004624,,46248.67,46248.67,0,0,0,25624.62,0,0,0,0,0,0,142,56,,,,1050,0,1,1,1,,1791495216,0,0,0,0,0,0,101,41,100.0
1791495145,AqmPAcCeriGA6TAq2ZUsowAeWcktZ7VVrYsjAA1zpump,HALLOWIN,E6qy4ZhScxrKfHkeTqF2ZRBq9SJdeVwV8waaZDGbyEf4,pumpfun,1791470239,0.00004624,,46244.56,46244.56,0,0,0,9567.35,0,0,0,0,0,0,2,0,,,,1.86,0,0,1,1,,1791495216,0,0,0,0,0,0,2,0,
1791495145,BuwqDriMjfJqRvRxzdfsWbDZzTMM9LLYMN8ZFqaRpQ13,PvP,HVEdEcJd6HzwpbeFB45qtzJg8nkXbcyfU9ZL4NbQutAx,meteoradbc,1791473329,0.00003771,,37717.39,37717.39,0,0,0,1275.69,0,0,0,0,0,0,25,18,,,,150,0,0,0,1,,1791495216,0,0,0,0,0,0,24,17,100.0
1791495141,4ZzQu6AVmNzPALpKHDgRPyetzbbPGUCWJDGXTfeKjKjj,‮NEVAR,2uBb5Yb7m9NpkiD9kpQcSwsPKxNCZsoc8wyXPWMvZ7cr,meteoradbc,1791473044,0.00005451,,54514.43,54514.43,0,0,0,1881.86,0,0,0,0,0,0,148,26,,,,16.97,0,0,0,1,,1791495216,0,0,0,0,0,0,4,2,
1791495141,3jR7u1qTXrY3ehcTEHuo28tK1mDJe4prKdyYjgQbaZiJ,Altruists,AKbfq1oEBXihdZ4Ww96zy6bDZoUAKr4XARPdyogGCaUa,meteoradbc,1791473375,0.00003101,,31012.68,31012.68,0,0,0,3426.43,0,0,0,0,0,0,111,106,,,,131,0,0,0,1,,1791495216,0,0,0,0,88,97,95,97,
1791495149,HoGDzbK2MhtnRmkRYYhKC4vPErXN3tNg6qn9h5JvJsht,Datacenter,9ciNJATafxW9T2pbuUzLQJygnJtueDqH5j1PmQVKjyAL,meteoradbc,1791473372,0.00004891,,48917.49,48917.49,0,0,0,2120.49,0,0,0,0,0,0,106,68,,,,5.61,0,0,0,1,,1791495216,0,0,0,0,1,0,87,53,
1791495143,8BzTyyAstHX82AqHzymihWByhz2cbNjy7fmba4sJpump,FOMO,27jVAnxfcMwtuMQ2ADwLqL41EgFWgBEj2gzu7DE8WEbQ,pumpswap,1791472496,0.000001951,1969.37,1943,1943,0,4.02,41559.58,76695.99,0,0,1,1,1146,3095,5013,6645,,1.06,-99.72,-95.8,0,0,0,1,,1791495216,0,0,1,1,323,2174,410,2196,100.0
1791495140,2m6SYWPcPzwZUcUJPf21PPihUow6gURJbTmMfJVVpump,UE5.8,DxVZLrLyMzin7yjsKqALsNCQQf2uejLU4kuSo7JWr1Qp,pumpswap,1791471321,0.000001966,1989.95,1937,1937,0,0,33645.42,120356.09,0,0,0,0,1111,3655,8552,8820,,,-99.22,-95.79,0,0,0,1,,1791495216,0,0,0,0,513,2692,2291,2750,100.0
1791495149,NdNZ7dnQWcb9W2FFN9VxN576VQaLD24kJwD4yjepump,Van Cleef,ALDdpWce1sDdZPVYm41t4zDEYT732LpYwwYhKQphTYqn,pumpswap,1791472939,0.000001943,1959.16,1933,1933,0,0,46504.17,71252.04,0,0,0,0,1747,3911,4852,6790,,,-99.62,-95.78,0,0,0,1,,1791495216,0,0,0,0,346,878,372,903,
1791495145,C6mwVkF5zz5N4BCwbouXnQGN2t6AzM3jk9XqWASNpump,HOOD,238cESsWbQR1zHtP55ZFaX2B6PBD61jgYxTUR9pm56aP,pumpswap,1791472919,0.000001955,1968.05,1956,1956,0,0,54721.83,80922.12,0,0,0,0,4892,5839,7796,8184,,,-99.68,-95.75,0,0,0,1,,1791495229,0,0,0,0,1452,2446,1525,2454,
1791495140,3MXzastMpxRgk21PwYuHznzEGAntaoUPUbveAQW3m59L,PRESALES,GwMyWRzjhtDKgQsoQG1fER6YiwU3YUfrk5u3m8etGbBL,meteoradbc,1791474248,0.00005248,,52484.85,52484.85,0,0,52516.53,52516.53,0,0,0,0,464,262,464,262,,,1369,1369,0,1,1,1,,1791495216,0,0,0,0,257,155,257,155,
1791495144,8rDFg4MDov1a59dyWFDkshZ633zvZKRaKdpBQBrd4bJK,LLMAO,8joibXNa8yh7jma7XQGwqHWjZH2AdWN9b55KUJrttfiX,raydium,1791472714,0.00003313,15879.96,33138,33138,5.3,698.23,21406.16,100441.7,1,0,10,2,230,177,941,874,-2.84,18.34,25.77,-29.83,10,0,1,1,CPMM,1791495216,1,0,7,2,147,121,567,531,99.9999999925706
1791495147,FrWjGwdpoLspyzbHZYK1uikMYiAUTBwxK3jibUXTpump,NINJAPUFF,9Ef5Wd7DGV1PMSnwg5vS3H5wYMbSrtn3Gnz1J4MXEYaa,pumpswap,1791471832,0.000002134,2287.32,2114,2114,0,0,453108.96,846849.35,0,0,0,0,5003,5803,7221,6453,,,-98.97,-96.58,0,1,1,1,,1791495216,0,0,0,0,4085,4934,4805,5125,100.0
1791495147,FTKLbHQX9zY1KH9BpdYW8XpeRKSjjJMKJYpZuzBagEtm,NINJACAT,Cz8x8ws9s3JSPDyBdF9t34V4vqZysW1aqQ1o2YDzEMhB,meteoradbc,1791475024,0.00005385,,53850.93,53850.93,0,0,5832.8,5832.8,0,0,0,0,154,123,154,123,,,34.39,34.39,0,0,0,1,,1791495216,0,0,0,0,122,110,122,110,
1791495140,2KCpwx3djJYpMWFNZ3nntVsuNhXC3tc9o8DrVTcxpump,Offchain,689USosAKTN4JGVYhrdYuDYQauRcfBPJMoVkcFLNUWGu,pumpswap,1791474995,0.000005115,4666.66,4960,4960,0.02,394.53,755011.82,755011.82,0,1,12,33,11124,9464,11124,9464,-0.21,-17.11,-88.61,-88.61,0,1,1,1,,1791495216,0,2,8,25,3948,3762,3948,3762,100.0
1791495148,GBNmBRfo4K4VG9K4ZEywx4hB5giVMBEHc3bodupJvBV3,Offchain,2XK7ZzMoFfwipMP4R6FiFTPgbCnXDR29X4GUXj1ymr2K,meteoradbc,1791475143,0.00004880,,48800.85,48800.85,0,0,6124,6124,0,0,0,0,223,254,223,254,,,7.64,7.64,0,0,0,1,,1791495216,0,0,0,0,136,132,136,132,
1791495141,43kV667NiuQbvoP4LudVfyLpoyX1q1uBaZin4mHkBnof,SCC,yMbjQJ8hRFaj6vxubg3gpZ9GT2AHPEW3juUXvzMDaKc,meteoradbc,1791475205,0.00004860,,48609.07,48609.07,0,0,3712.92,3712.92,0,0,0,0,213,183,213,183,,,5.62,5.62,0,0,0,1,,1791495216,0,0,0,0,121,140,121,140,100.0
1791495143,6fCqtpSrsazrLcx3uwSUiyvJNixaZwwikPgejdJJoosm,JUGGERNAUT,4EbWsCWSLickh8Ljib3d7MtTUng6FTsuQ2jnL4W7jmzp,meteoradbc,1791475156,0.00005414,,54148.74,54148.74,0,0,4712.85,4712.85,0,0,0,0,185,176,185,176,,,35.51,35.51,0,0,0,1,,1791495216,0,0,0,0,121,102,121,102,
1791495145,AmjDaRAHUFJv1a85dMyiErBasaVKtNq3scpM5YxPpump,OnlyCats,8ASc6ZW4Mxr1xN2rQfHGPicpY6GiAdiVUSbFTLG1Lw1C,pumpswap,1791474788,0.000001997,2048.22,1967,1967,0,0,206719.96,206719.96,0,0,0,0,2722,2740,2722,2740,,,-97.47,-97.47,0,0,0,1,,1791495216,0,0,0,0,2525,2516,2525,2516,100.0
1791495143,7KWJEZ9gUA839LqaSj2wgEhsTLCxghfsqFdimrDC98WY,DIP,DFq4JeemSd6mJpb45HWpKJGF3vsLLAzPmc7WaGPXydTr,pumpswap,1791474738,0.00001425,8791.94,13730,13730,24.37,3740.64,423874.05,423874.05,0,1,41,49,4437,3601,4437,3601,-1.3,-15.74,-68.31,-68.31,0,0,1,1,,1791495216,0,3,30,41,1799,1702,1799,1702,100.0
1791495147,FPto1KEBYkexcwQ7E1SeuSPo1iW6aYWApGa1sDJvpump,UNPAY,2zNoqeYa5Ek7pzFZx82D7WZkDqEnrgAxfNQmZKNEZHds,pumpswap,1791474992,0.000002250,2255.55,2093,2093,4.8,4.8,63830.45,63830.45,1,1,1,1,1649,1366,1649,1366,0.78,0.78,-96.36,-96.36,0,0,0,1,,1791495216,1,1,1,1,786,799,786,799,100.0
1791495149,xQPQoRicw7Rr1FUAa4zxwCzv2crXZkeSAXwv5KMpump,NYT,43Bwc4Eu5HpSQG8GUK4C8HwLTmVjFHuLVmsXEKMYiZ54,pumpswap,1791474737,0.000001929,1947.53,1920,1920,0,0,85233.06,85233.06,0,0,0,0,7031,7958,7031,7958,,,-95.74,-95.74,0,0,0,1,,1791495216,0,0,0,0,339,895,339,895,100.0
1791495147,FDa36mUFRWLXofQBewDWVs7vCKbhwJBEWAseEEPpump,Joker,DwS2zWDn9w2QcnKrd6vz3EWgBpoozLBigyZBQvFMDgug,pumpswap,1791474994,0.000001964,1978.72,1965,1965,0,0,59396.94,59396.94,0,0,0,0,4103,5674,4103,5674,,,-95.66,-95.66,0,0,0,1,,1791495216,0,0,0,0,336,885,336,885,100.0
1791495143,73oGKD4RXFHLCGPy1m3SyhbdijwrUAthv6CTi14Upump,LATCH,Hpwa88MQ24pego2urMyfD3kscWwKJeevBXoeCWQb64ke,pumpfun,1791473748,0.00004349,,43499.13,43499.13,0,0,8986.09,8986.09,0,0,0,0,183,382,183,382,,,1272,1272,0,0,0,1,,1791495216,0,0,0,0,158,332,158,332,
1791495141,4HVUuPzD37KJpuJVT7HYSWfzJN853EU2g2jdqzz7pump,NASA,EESZMqeEppB8oMND5PQSa4y4Ma17CSkVM4AkA3NGUhfr,pumpswap,1791473786,0.000001895,1916.09,1887,1887,0,0,106999.4,106999.4,0,0,0,0,16343,17451,16343,17451,,,-95.81,-95.81,0,0,0,1,,1791495216,0,0,0,0,404,2090,404,2090,100.0
1791495147,EKroUkizrUsgCGEC82ETnLHpsd8VCFuMkzaJWo8jpump,ECDSA,AnKQwetXfYE7FFGQc5wUdZSsS1hfTtiqhA7mBe7AAvRc,pumpswap,1791476917,0.000002819,2737.12,2464,2464,0,0,34616.71,34616.71,0,0,0,0,380,555,380,555,,,-93.75,-93.75,0,2,1,1,,1791495204,0,0,0,0,268,343,268,343,
1791495144,9s6tPxbG3CGJQK1nD1SnwrmxWbYkm8jYaQ8c9vrApump,swordowl,9nAfeEjHDdnaJiFzcTbriwHJDHrGYJtEGWk35c7Gr6XF,pumpswap,1791473102,0.000003333,3330.1,3303,3303,0,36.64,679329.45,741298.21,0,0,5,3,11542,7977,12001,8055,,-1.28,-98.05,-94.96,100,1,1,1,,1791495204,1,0,5,4,6801,6805,6898,6813,
1791495145,C1a7ZRXhoeKNVWpDiUTvoUchCeTM4oHRBaV2RDvepump,OnlyCats,AYyCF1thE6K7FoQHGTWMMVpZTTzK2JeJ9MNrnDsQmZ1c,pumpswap,1791475774,0.000002247,2333.59,2190,2190,0,2.19,377057.36,377057.36,0,0,2,1,5374,4039,5374,4039,,0.7,-97.14,-97.14,30,1,2,1,,1791495204,1,0,2,1,3107,3062,3107,3062,100.0
1791495145,AsNTKE8BTEkNWtLDazCANmVcPTueQgYLEPtD76Zh2Aac,Shelter,GHNi9H6B3me12MYH831JJiNVYcYaJs6dZJVE56DRbBso,meteoradbc,1791476426,0.00004355,,43552.44,43552.44,0,0,24996.42,24996.42,0,0,0,0,138,58,138,58,,,1229,1229,0,1,1,1,,1791495204,0,0,0,0,101,27,101,27,
1791495145,Brvd8er4qX4N6jdaXMR6gcrUdnMeAbEtAQBMWjX36Adh,MISTAKE,24VUcW7rpTMwec71jZ7CcQ89zWmjUXNp73JNSHxzwudU,meteoradbc,1791477002,0.00005131,,51315.82,51315.82,0,0,2673.01,2673.01,0,0,0,0,65,52,65,52,,,28.15,28.15,0,0,0,1,,1791495204,0,0,0,0,57,43,57,43,100.0
1791495146,E4F9ePQvzDqMZsbYFewVqcHiKn5jgMKcG8TTGDqns7f2,Shelter,GiU176DzUP6LLKHAixN3JBfETxX317jLStPHduUVeWnu,meteoradbc,1791476996,0.00005949,,59491.56,59491.56,0,0,5533.91,5533.91,0,0,0,0,182,191,182,191,,,34.72,34.72,0,0,0,1,,1791495204,0,0,0,0,125,90,125,90,100.0
1791495143,6XJDsVKMGGtS2hb3mn9d5Cp4ngjHdPRr4muUc9ubpump,HALLOGUY,CobUJu8J53unrbTCb56AD7tyzV8bXMaChYZwFSZYDTYQ,pumpswap,1791476695,0.000002158,2257.19,2095,2095,0,0.02,328885.59,328885.59,0,0,0,1,1593,1423,1593,1423,,0.66,-95.34,-95.34,0,0,0,1,,1791495216,0,0,0,1,729,745,729,745,100.0
1791495140,14nBfozsswx8sjKtjQiNmDc14zaMjcx8xMtpMFcwpump,Claude AI,6D22yTzwMKJNm8EAwQTRuGgXMSrjj5AgkpurQXn3CNL6,pumpswap,1791476686,0.000001918,1939.77,1919,1919,0,0,90921.1,90921.1,0,0,0,0,11355,11280,11355,11280,,,-95.76,-95.76,0,0,0,1,,1791495216,0,0,0,0,374,915,374,915,100.0
1791495146,DNWyVjGp1kuMmioPoqSNQ6P98qty4wwvFGXT1xotwExz,CAT,GQRB6B5QSJppyCCL1nAPpRTtSTKzE8RAhi7hnPBqpGyv,meteoradbc,1791452713,0.00004282,,42825.8,42825.8,0,0,95383.91,102751.84,0,0,0,0,815,531,886,593,,,1021,1207,0,1,1,1,,1791495204,0,0,0,0,309,231,357,274,
1791495142,5i21UkuLPaTiCqrSrF7vs6KEo1Vb1T1RWC5tdrbmpump,RAFS,3nxTp3JGRwWsXmLuYjjRriCNrZq6rbErWHBdf9oCMWkb,pumpswap,1791482486,0.00005286,18740.17,50529,50529,989.98,11353.75,291836.98,291836.98,8,8,127,95,2003,1936,2003,1936,-0.31,-23.43,20.86,20.86,0,1,2,1,,1791495204,2,5,57,70,878,808,878,808,100.0
1791495140,2zaRV1r3GoRhAQzzmoqAcWs5cg7RhQfamfeAUNGjpump,DANSE,HRNR6TGMYAVmiJ8T5cbhEYPjPJqFF5Z5tu6snEHPqCck,pumpswap,1791321062,0.00004279,16381.84,40991,40991,42.24,4087.06,25185.22,63799.57,3,2,45,25,201,163,548,485,0.41,28.72,39.9,21.79,10,2,3,1,,1791495204,2,3,32,17,113,99,248,262,100.0
1791495145,CFMrWEP246aYqTKz8tpQQxnFjK2U8UX2UYMB1UoWH2hk,Shelter,85ptBt3Cqfvi8npik5Js5rSumJZFMuKVYbi2oLEwQy8o,meteoradbc,1791478753,0.00004840,,48404.73,48404.73,0,0,7401.25,7401.25,0,0,0,0,449,444,449,444,,,5.96,5.96,0,0,0,1,,1791495204,0,0,0,0,183,191,183,191,100.0
1791495147,FVf264NoJWFKAhZLkUdWGzJNGDuq96TvUFV7UQYV5bTT,TRUMP,CNnkhGqiL19dJgkFtjLHmajDjNX4eUmUS9iqDZKBXDe2,meteoradbc,1791478787,0.00005352,,53524.06,53524.06,0,0,1664.54,1664.54,0,0,0,0,36,18,36,18,,,34.89,34.89,0,0,0,1,,1791495204,0,0,0,0,32,9,32,9,
1791495146,Du5PkZqcUSVLZFDhiiNhycdVh2EsPyZubaGeE1dWAvRY,DICKCOIN,B4s15cXsih7uzFYJHdqaVUaULcRhNyuWYpteUyTQAakH,meteoradbc,1791478787,0.005363,,5363285.17,5363285.17,0,0,1781.58,1781.58,0,0,0,0,165,25,165,25,,,17.1,17.1,0,0,0,1,,1791495204,0,0,0,0,4,2,4,2,
1791495143,7JVDPbS8iYHoUD4yWYxQH9yHcop5oPeBnfBvXkiqpump,SC,MUNE7n1x9Uv8nd5xUuUx9kcZqbxfsxxEGde98UJWMtc,pumpswap,1791478459,0.000001988,2048.2,1953,1953,0,0,232493.36,232493.36,0,0,0,0,3437,3229,3437,3229,,,-97.37,-97.37,0,0,0,1,,1791495204,0,0,0,0,2996,2989,2996,2989,
1791495142,5htFdAP5fBqMHqiRrqmxsrrwVXKJcwYahMvNrud6pump,SpaceXSI,DoH8Y686vaRh9SeiNbvFG8Pm5kQ2vvt1uDWGwqVdXmrf,pumpswap,1791477988,0.000001896,1917.26,1886,1886,0,0,126254.6,126254.6,0,0,0,0,15015,16295,15015,16295,,,-95.8,-95.8,0,0,0,1,,1791495204,0,0,0,0,827,2269,827,2269,100.0
1791495146,Co1y52ynNvvkEk65VEroMJLsqtnb5GZyRgf1ftaDpump,Meta,BVqskzYSAigp8Ng9vCQG9UxzR2UJJEqxAsrKV3Lc6dYq,pumpswap,1791477348,0.000001947,1985.13,1938,1938,0,0,240897.3,240897.3,0,0,0,0,48402,49462,48402,49462,,,-95.67,-95.67,0,0,0,1,,1791495204,0,0,0,0,551,1543,551,1543,100.0
1791495141,4QdbyFbAWvRQSz8qrxB5pZiS9BXUqmPKYCSkTu2Fpump,BCAT,AEzNPGyspR9MBHqHpmu2gWejf6rvCAnf2jd1jMgNLKCP,pumpswap,1791479165,0.000002127,2241.74,2098,2098,0,3.53,521587.78,521587.78,0,0,1,1,7447,5593,7447,5593,,0.4,-98.45,-98.45,30,1,2,1,,1791495204,0,0,1,1,4115,4098,4115,4098,100.0
1791495140,3Dw3jVWff4omjkcj896eyyeVPQXEXrMUQPiYFNb2fvCN,Quantum,9yJ7uxmsCqGkyoJe8F89nYdambFvBXToATwPnfE1qkdB,meteoradbc,1791480345,0.00004759,,47590.1,47590.1,0,0,2303,2303,0,0,0,0,115,78,115,78,,,5.56,5.56,0,0,0,1,,1791495204,0,0,0,0,94,73,94,73,
1791495149,Hw1iG2mQBUWrXkuS2pyBhTjr5x6yBXJ9Z2Ezg15gRjgL,OP_CAT,Bvvfz7Vf1BDn7AJjsSGo678hVU2dfUBENu4p4LK1p2LF,pumpswap,1791481499,0.000002600,2729.4,2531,2531,0,7.79,222044.5,222044.5,0,0,1,1,2493,2324,2493,2324,,-11.08,-94.33,-94.33,0,1,1,1,,1791495192,0,0,2,1,1130,1001,1130,1001,100.0
1791495149,cPfE6Lv7ctWxdvnZvao5GYm9LWS12QJ7VWCnf1xKick,Kickback,DAeaG1uDLGFv2BeVXapDaCzm1HDjDiZPWgNY3tQKZHNi,pumpswap,1791487793,0.000009588,6706.46,8907,8907,45.98,1998.16,51823.69,51823.69,0,3,32,34,569,502,569,502,-2.24,-2.57,-78.87,-78.87,0,1,1,1,,1791495204,0,4,25,33,307,323,307,323,100.0
1791495140,3K2vx7ww6dNcHViJStztSJvTQZWaMkYrYnTop5178iR2,Pao,GxQUv1yA9w1kQENhQyDL9VwrEtPsSsME1CiQTZDXYBXG,pumpfun,1791480609,0.00003953,,39532.32,39532.32,0,0,45615.91,45615.91,0,0,0,0,482,431,482,431,,,464,464,0,0,1,1,,1791495204,0,0,0,0,358,246,358,246,
1791495141,3zu1ae4rjfP9hheyyfT3eCu2SWwyQAtRqd2h6hRv5Xtc,SC,4LBHfoZJ1zEAzWDbPE9fXpeR7Vmm22GcGaM4kxbUyvp8,raydium,1791480025,0.00001754,11827.72,17542,17542,416.5,704,92838.63,92838.63,2,3,8,10,723,532,723,532,4.13,-0.03,-63.14,-63.14,0,0,1,1,CPMM,1791495204,1,1,7,9,324,282,324,282,99.9999999890884
1791495140,2NEyFmjfkBFKFKkSeT3cCm7fbnxMyxGLfAogWukhFcpP,ETH-USDT,FZESL89bFoYyrx8wK3qf6HoDYH3PaB4LgfhEbY31xjAM,fluxbeam,1791482412,0.001351,1337029.33,1350759,1350759,0,0,9491.56,9491.56,0,0,0,0,300,0,300,0,,,918,918,0,0,0,1,,1791495204,0,0,0,0,20,0,20,0,
1791495146,CuK36wnq8rXWuEduq7Y89NNDCj6bn2uBtsda5sWAFNoJ,OP_CAT,9YrKTBQD9AFkjmnJqAd49atRz2F1qfrpURuZQeUGzEqj,meteoradbc,1791482387,0.00004780,,47802.34,47802.34,0,0,1817.68,1817.68,0,0,0,0,42,52,42,52,,,6.2,6.2,0,0,0,1,,1791495204,0,0,0,0,31,33,31,33,
1791495148,H3eCcXkWKuRrBFWRNHpNNkHjHeCfaCS5x72NbnuHWBLK,STEAKSZN,AkVw3gusHdiqatDjfgtDv2yr4rVfEnUaZrf14hHxoGuR,meteoradbc,1791482371,0.00002160,,21608.61,21608.61,0,0,2813.5,2813.5,0,0,0,0,28,0,28,0,,,385,385,0,0,0,1,,1791495204,0,0,0,0,23,0,23,0,
1791495147,FVNccdHg5oqnkAz7vjiVMjv7YX1vDftojw6NAS3Npump,VALKYRIE,9YnmjZ7woZQX38wpytFyJFmDvvKXFnj5ajzUgg3sEtGH,pumpswap,1791481588,0.000002141,2216.32,2067,2067,0,0,294614.3,294614.3,0,0,0,0,2685,2554,2685,2554,,,-95.42,-95.42,0,0,0,1,,1791495204,0,0,0,0,1005,998,1005,998,100.0
1791495149,o7HdcfPyEbM9k1hQWWQTrbdvNwXMF7DsbLxZ8Vzpump,Claude AI,EiJ63q6CHWooxgYihdKKMrTgrgTRXTuZF7537quzsJuz,pumpswap,1791482023,0.000001982,2025.19,1973,1973,0,28.69,89749.23,89749.23,0,0,1,1,8391,6474,8391,6474,,2.27,-95.5,-95.5,0,0,0,1,,1791495204,0,0,1,1,343,328,343,328,100.0
1791495146,CQyLVQs1RqcoDba4SbHv5YApBQMYKRKvHP3aHojqpump,FOMO,LSsb6e2ZxTRktmmoqLtBxsCYK26MkAqM2EDZZADNs25,pumpswap,1791482145,0.000001910,1926.32,1901,1901,0,0,70705.07,70705.07,0,0,0,0,5664,7482,5664,7482,,,-95.67,-95.67,0,0,0,1,,1791495204,0,0,0,0,775,2214,775,2214,100.0
1791495145,AvLz8Xtki5Af8n2hcXshpWNDWiKUeUQZMKPCwyeepoof,POOF,1nYfT3YuTmdWTYmMhxdQZP86aPAkKkG1zMwqr6GfN6G,meteoradbc,1791482146,0.00002638,,26380.6,26380.6,0,0,9284.13,9284.13,0,0,0,0,110,17,110,17,,,706,706,0,3,2,1,,1791495204,0,0,0,0,86,4,86,4,
1791495145,BJkcdsV2v32CiCfh58GsqyqwDYi9PUMpbnrPk485Vg4,PQC,HML2DB7JHuLPPVBTS9obWzXh8HrWbDWZQYFMpCDr2i1D,pumpswap,1791481936,0.000002224,358079.44,222409,222409,142184.33,4473489.17,32259572.16,32259572.16,113,111,3124,3120,25703,20700,25703,20700,0.79,-3.35,171,171,0,0,0,1,,1791495204,29,29,48,48,5020,63,5020,63,0.0000000000369021334651326
1791495148,GNro8TQXagdqX5p4SHaGsXNWcuHrtMyCYnpgijhuAJsX,X,4E51vw7vWAxYPrMDcwuk23LmexJQy4vhX1KV4kuF7hzG,pumpswap,1791482168,0.000001934,1948.63,1924,1924,0,0,62468.26,62468.26,0,0,0,0,5986,4845,5986,4845,,,-95.62,-95.62,0,0,0,1,,1791495204,0,0,0,0,346,897,346,897,100.0
1791495143,7EorPzrfnWKgrvkwAzRa8Y3XiWtBhBjEa2C8WzUrPjrP,Tik,GoQMFYSWTxosWmWgWVjnqBf3eqEkGmP24e84yQdLkAan,pumpswap,1791481713,0.0001190,132404.79,119082,119082,335680.27,4851981.77,19902518.47,19902518.47,452,197,6395,2884,24168,12021,24168,12021,1.53,21.32,1072,1072,0,0,0,1,,1791495204,174,10,1880,17,2020,34,2020,34,0.00000000109556325877729
1791495144,AEu65i3NvYHZEUN679szCqaJkLcJr9XBnEUaZhEfpump,Elonford,92xEEGrsc2SLA7Sqmsu5MKSW4Cq5mgMBrWqzrTK6dJB9,pumpswap,1791482298,0.000002846,2791.01,2724,2724,1.66,6078.17,196345.21,196345.21,0,1,6,91,475,711,475,711,-0.99,-91.95,-93.69,-93.69,100,0,1,1,,1791495192,0,1,5,90,378,292,378,292,
1791495145,CGhvhYKn9zkVJqRFtkVJrs74pejj3vupqA5LTJLJff5K,tardigrade,ApaJyGb6JjeRps1UE6JjbDDLF9yoVRTvn6xgJf4w3ToM,pumpswap,1791480244,0.00001945,10927.73,19153,19153,0.68,3261.37,656617.93,656617.93,0,1,36,68,5853,4845,5853,4845,-0.01,-0.34,-55.98,-55.98,0,0,1,1,,1791495192,2,5,19,46,2370,2103,2370,2103,100.0
1791495148,H6XiYttyMFsKXj6BJzYZMEjhUz6EwymaX4ug35G6pump,MASSIMO,DqJVrQhi8vzEKQfJ2RECrJazsWPRRvoLZJFKTsASCqYT,pumpswap,1791486669,0.000008948,6446.9,8550,8550,133.66,4393.07,122758.85,122758.85,10,2,73,81,1328,1279,1328,1279,1.85,-33.69,-79.49,-79.49,0,0,0,1,,1791495192,3,1,36,52,624,618,624,618,100.0
1791495140,2wyYmA2bQ7MNAqJEbvfot1VUwVjdx813DVmRX2kWTicJ,STAFF,9nUGzb9AHk2XFXqorukgS8vDQKF5eMQy1fTNHRmntxiW,meteoradbc,1791482679,0.00002965,,29652.52,29652.52,0,0,11515.49,11515.49,0,0,0,0,104,18,104,18,,,469,469,0,1,1,1,,1791495192,0,0,0,0,87,16,87,16,
1791495143,6s8RrhWwmD4VsqsVDM846Yowq3vsUBrGLBMcVW6Wpump,YIELDR,8Lw7NhduEjQTfThDHmSgcGN55nenUjDRU8XDB6ZLoeGF,pumpfun,1791483248,0.00004290,,42905.87,42905.87,0,0,43050.15,43050.15,0,0,0,0,397,283,397,283,,,1105,1105,0,1,1,1,,1791495192,0,0,0,0,289,168,289,168,
1791495140,3ffBp3yBPSB86YxoxtDwxsBfa3qrDLp3mJSeJzp4pump,uBTC,DrUHQ5nXyUgXQaeMjhmX8bS7EncYGzTsAxxD37tGsdEr,pumpswap,1791483881,0.000002830,2822.85,2640,2640,0,39.22,37057.8,37057.8,0,0,1,1,437,453,437,453,,3.95,-95.58,-95.58,0,1,1,1,,1791495192,0,0,1,1,245,246,245,246,100.0
1791495142,6LdjC13zbAxmruKrqsAQ4znUrjNe7gXXVeCHDBMYpump,CYBERCAT,6kXEgKseaHhG6XhFYCoumv7y3cHsF1W5aAnxy57VARLD,pumpswap,1791482635,0.000002091,2186.31,2061,2061,0,0,428557.2,428557.2,0,0,0,0,10202,8443,10202,8443,,,-97.53,-97.53,30,1,1,1,,1791495192,0,0,0,0,7418,7415,7418,7415,
1791495145,BwVrWfDgT6UFpJsfH7J8bqtRu8vekE2w1GyEAEuZKa9R,QPEPE,5B4TdNgJA8S5fNT1XEnXBJ8XJUAEpBUjfMgH8pfoVpfq,raydium,1791482534,0.000009119,8329.57,9119,9119,128.03,1058.01,145975.77,145975.77,2,0,17,18,1328,1097,1328,1097,6.41,-0.37,-79.36,-79.36,0,1,0,1,CPMM,1791495192,0,1,18,14,611,607,611,607,
1791495146,CmCHvr99aXrLDQB7jAtFtsBwg3DnXqq4spcTEMt7pump,OWLNIGHT,BGT9hRweDn8TjWHrw14zYsHXRG5SxHJMHRvSrTW1pdcy,pumpswap,1791478718,0.0006643,74460.86,659352,659352,11199.47,150660.39,1912657.39,1912657.39,303,213,5261,2706,31764,12449,31764,12449,0.69,2.79,920,920,500,1,1,1,,1791495192,61,64,770,620,8610,4439,8610,4439,100.0
1791495144,9JtPfLbN32CszHmstoXYdWaazFLaoxhfqf9mKgQMpump,GUNNER,5Tg9D6FeZXY3fACm1jDUNnHeWLvGiuucM8qAN9UznPA,pumpswap,1791476540,0.000002273,2489.56,2229,2229,0,0,748775.54,748775.54,0,0,0,0,11556,9957,11556,9957,,,-96.7,-96.7,0,1,2,1,,1791495192,0,0,0,0,8580,8554,8580,8554,100.0
1791495146,CnwvpMqyJuD3BbSp3DYAK82FUWksTbCkV8Fj5VVPrRUp,PVE,6H4nGJoH8F8n3wUcj3d9xYcMUVahePdktdEHkfsJx3pj,pumpswap,1791484274,0.000004619,4119.96,3493,3493,0,292.75,135022.26,135022.26,0,0,1,4,1045,1116,1045,1116,,-11.13,-89.98,-89.98,0,0,0,1,,1791495192,0,0,4,5,512,515,512,515,
1791495142,6UCR8nmHZGauct3tKfismdYuLFemB6iMtuKEGycq7wCX,pear,4uGatQ9ixmFvFhXqqVBHme9ok1a4hctvkyJEs2D6UFHR,pumpfun,1791483919,0.00004430,,44309.32,44309.32,0,0,11480,11480,0,0,0,0,106,78,106,78,,,866,866,0,0,1,1,,1791495192,0,0,0,0,80,35,80,35,100.0
1791495148,HUEwbJYvPZ9F6pccU1SiYNsyNyyyA73JzpVcanGtpump,GREEPER,zpy3km3N5kZukukMU5B3uZbmzjp4Fdtbyw5tkY9xFut,pumpfun,1791483320,0.00004362,,43627.26,43627.26,0,0,8396.65,8396.65,0,0,0,0,6,0,6,0,,,1365,1365,0,0,0,1,,1791495192,0,0,0,0,6,0,6,0,
1791495145,BWvfXMQi9qti59GFr6DcUkvXewD72phy5yBoQhsCpump,HouseCRAFT,7NgcGR89ndHDyTiUBKJt5jBZB1nTxjxmPdHy4BxXfKZb,pumpswap,1791483518,0.000002264,2509.38,2199,2199,0,0,754641.47,754641.47,0,0,0,0,2456,2144,2456,2144,,,-94.88,-94.88,0,0,0,1,,1791495192,0,0,0,0,961,989,961,989,100.0
1791495147,EdsRowcXQN9rYS3H654CvfCoshnkuRVV31EH29P1pump,STARBUCKS,9YnybwKjeHKwKvf2HV87ykSZTVKUEwuHdzqr7rVt6iRr,pumpswap,1791482787,0.000001924,1942.94,1911,1911,0,0,104290.33,104290.33,0,0,0,0,6621,7930,6621,7930,,,-95.65,-95.65,0,0,0,1,,1791495192,0,0,0,0,2847,2904,2847,2904,100.0
1791495149,LVVmhhwFV4rqrdBd83F6gT5RL1sPb4qMsNqwT2tpump,Nike,B7nVqXT2ghkYaz9JyLeoSGudxoBw6Xm5BL5gNMfURs6K,pumpswap,1791482810,0.000001956,1977.88,1947,1947,0,0,217557.85,217557.85,0,0,0,0,20662,18566,20662,18566,,,-95.58,-95.58,0,0,0,1,,1791495192,0,0,0,0,360,544,360,544,100.0
1791495140,12CZC5SBGVoEikTQXy34U8gKGJnFxeoEFgbboCLpump,FOMO,9arAyjfzoFoNTmrHuB2Y9o9tnD6f4gvkPTAZSSC9mmsK,pumpswap,1791483992,0.000001974,2012.45,1964,1964,0,0,230532.87,230532.87,0,0,0,0,9876,9539,9876,9539,,,-95.59,-95.59,0,0,0,1,,1791495192,0,0,0,0,351,902,351,902,100.0
1791495147,E84EtRWM5ZhMnEZnFXSdGpLmJW9AFiAFKpYVXq6tCoBB,Taylor,37HZUBENpevrWJHyMu2xKWhkxSsL5Y1qRdyHUqTrJphg,pumpswap,1791482892,0.000001932,1958.15,1922,1922,0,0,182105.34,182105.34,0,0,0,0,12919,11850,12919,11850,,,-95.63,-95.63,0,0,0,1,,1791495192,0,0,0,0,397,381,397,381,
1791495142,64oAuE88tNP7KsSyaiJTKGP4sWmLMFGWLUs9eBTLYgCp,TikTok,Bjhum36bzoYbheRgSpkZLZsttbPBDbJCDoeKA7o9N2o,pumpswap,1791485560,0.001193,111088.33,1027845,1027845,37533.41,763806.61,4942154.4,4942154.4,307,253,6554,5690,39855,33451,39855,33451,-11.15,-21.42,2606,2606,0,0,1,1,,1791495192,128,140,2731,2566,12259,9391,12259,9391,100.0
1791495147,FUyZUAF98n3CfyN51gpscGXzsKJgz1o8RpEygy1dgrrP,OFFICIAL,7dsBreaQeLUcw9BjorUGQafKE166dCvVdgXVY9xGbMzc,pumpswap,1791484494,0.00003696,17080.84,35177,35177,1161.83,35686.87,1722710.51,1722710.51,19,10,425,334,14873,12915,14873,12915,-5.89,-8.21,-17.85,-17.85,0,0,1,1,,1791495192,10,6,188,198,5239,4601,5239,4601,
1791495141,4haDaJYKkjL9t6owyPZtx47M6MXimRoZa1EuXS1VJkQe,OFFICIAL,GvShJQmQEZxt6yGr5P4nHrH9qu4zMzj587JJCjXuDvXE,pumpfun,1791485166,0.00004137,,41372.77,41372.77,0,0,11929.63,11929.63,0,0,0,0,110,97,110,97,,,569,569,0,0,1,1,,1791495192,0,0,0,0,71,32,71,32,
1791495146,DConJuX43NkDXJKXRrcqvxVTKYgXGygiqYGBjUSpump,BER,G2DbbKKgiFCB8bKraZrzC6wW8zLhSa97hvVWNf7WRxWe,pumpfun,1791484328,0.00002352,,23520.26,23520.26,0,164.08,106311.02,106311.02,0,0,3,24,283,293,283,293,,-1.12,666,666,0,0,2,1,,1791495192,1,1,4,8,244,133,244,133,
1791495147,FgnSJwFoote99diZUhtRV9Ajcfwzjj6hDx82TDhVpump,puter,687HWjAWqxVNRgy7XFeYRpxUNvVSarECu7aQB5EeaJBp,pumpswap,1791484093,0.00009066,26606.67,89407,89407,22705.69,583376.88,1745146.96,1745146.96,951,156,10221,4098,30336,13483,30336,13483,-26.66,-74.44,-34.28,-34.28,30,1,2,1,,1791495192,281,87,3568,2188,7849,5690,7849,5690,
1791495144,AACtroE9u7vTbLWBbMtkPx4bK79YYxBHgb8tfd1Apump,INU,7pG12sMXaMyMsrPLLFAgmdfKMBPaLe6WomsJqE4sZMxr,pumpswap,1791484404,0.000008708,7129.92,8624,8624,0.04,1931.15,1341611.22,1341611.22,1,1,33,37,9132,7742,9132,7742,-0.08,-39.44,-80.7,-80.7,0,1,1,1,,1791495192,1,1,24,31,3573,2899,3573,2899,
1791495144,9LTa1qUpTS9p9mEG3dMPYXhboZDGZS2a6Y4hVLWK7JPm,INU,FyCJHxeiXj8PDxubh525ZyqHmAbvedRfFcQpwNzPuL6Q,raydium,1791482838,0.00009112,26623.77,91124,91124,652.04,15224.23,399991.25,399991.25,69,53,1096,751,3639,2590,3639,2590,-8.93,-32.8,116,116,100,1,1,1,CPMM,1791495192,32,34,718,716,2112,2353,2112,2353,99.9999999999089
1791495140,2oPjxZA64o4W4XaCHNXHSRZh7HKwv1kPs8wvYN4Fdbyu,CRH,3S6dQMh4NSKVF2uxxpGetaCHGy8mADKRE4WhU56zB1UE,meteoradbc,1791485915,0.00005401,,54019.25,54019.25,0,0,2733.32,2733.32,0,0,0,0,71,67,71,67,,,35.69,35.69,0,0,0,1,,1791495192,0,0,0,0,63,55,63,55,
1791495141,54rZEjbUrniEft51w1Tr8Ssg8FrVmFVQruudR9uWpump,MAIUS,CYJSYL4PxTB3hNVe56qtxsnU1Ft2Q9TdBDBSzH4xkMiT,pumpswap,1791485780,0.000006956,5648.27,6409,6409,71.81,1195.12,109788.74,109788.74,1,1,8,16,1231,1059,1231,1059,-3.01,3.1,-85.23,-85.23,0,0,0,1,,1791495192,,,,,,,,,
1791495147,EVje999h71hW4rtu9aJWtH4Hm4hDPjAiZg8kKXVipump,Gemini,8gpArrakKBE36pJK7FhFGHFHaR1dgzSTBXNKE8zqQXP5,pumpswap,1791485811,0.000001929,1942.37,1929,1929,0,0,55010.48,55010.48,0,0,0,0,3259,5284,3259,5284,,,-95.7,-95.7,0,0,0,1,,1791495192,0,0,0,0,759,2189,759,2189,100.0
1791495147,EM5oiqCacm6PvakBb2TTGAKeHaqkzUeSfGZGPH4BYv9X,KOTH,BrtyvF8cRZFbtVmYLVNDBT6jVG7djzRb3DuTtgGEomge,pumpswap,1791485042,0.00003943,15898.53,35128,35128,269.83,19412.31,228134.02,228134.02,41,18,1021,465,2784,1611,2784,1611,-1.88,-10.82,-14.62,-14.62,0,0,1,1,,1791495179,1,0,607,244,1431,872,1431,872,
1791495145,B4NwYWpvY5LmCvURhZ9bwhcxWCDDhW4ZqihP8quantum,Quantum,9sPVonjUAxNwgzvJNteGafhTPNbbGfqxBvqTYUdULx1,pumpfun,1791486994,0.00003801,,38018.96,38018.96,0,0,18607.87,18607.87,0,0,0,0,177,126,177,126,,,1105,1105,0,0,1,1,,1791495179,0,0,0,0,128,69,128,69,100.0
1791495149,k1atuhpoxqzkATCA6xgDyKEuGEYaPtQgAmQdp52pump,PVE,7d8CRxV6NKXeUExn7yYnL2QMdT4jxfs9Ke5dtFsGbCTr,pumpswap,1791486701,0.000002065,2109.68,2047,2047,0,0.59,157946.66,157946.66,0,0,0,1,9977,6803,9977,6803,,-0.25,-95.41,-95.41,0,0,1,1,,1791495179,0,0,4,7,3232,2572,3232,2572,
1791495147,FeMg8o2Ek7zKWT33MfdfwXrPoMdgqyXYPjTLWvEr34XF,Instagram,FRnihpALpeD2MMmUThF36X7rWaAxfAg5Dx1N8Fsf1TTC,pumpswap,1791489311,0.00002404,12148.43,23356,23356,2063.25,65777.98,386634.43,386634.43,22,20,838,691,5470,4266,5470,4266,19.65,-50.93,-47.67,-47.67,0,0,1,1,,1791495179,13,10,334,469,2341,2137,2341,2137,100.0
1791495141,4FbMtwhidkyyzJLrAVLkCbRcdGdszyp3ygecYZBEpump,TRUCKY,B6u4TdwkRtVVLgymfxBZhdR5D1anLMkinp53sWiQhCsa,pumpfun,1791486503,0.00004458,,44588.72,44588.72,0,0,9224.78,9224.78,0,0,0,0,6,0,6,0,,,1360,1360,0,1,1,1,,1791495179,,,,,,,,,
1791495145,B1EtRYN1CFZA565g8ok5gnNRipgi8gprJRpugBEzpv8C,4CHAN,3s2Fq3k5ubo8w6D6zGc5PmDnbzFTzbPVf1CkU2YKea4s,pumpfun,1791485865,0.00004260,,42609.03,42609.03,0,0,33999.5,33999.5,0,0,0,0,295,282,295,282,,,463,463,0,1,1,1,,1791495179,0,0,0,0,189,137,189,137,100.0
1791495145,B7wApX19fLqadidJzkBDuwpaazjHN6zjT5WxDufMpump,BOYS,ALH47fZernW8B1moexuVZdGrKqrxYDhZxhAKnHiis5gt,pumpswap,1791483552,0.00001891,10167.72,17946,17946,95.62,3394.68,27838.78,27838.78,0,3,55,37,346,273,346,273,-3.32,-17.96,-57.18,-57.18,10,1,2,1,,1791495179,0,1,31,32,215,199,215,199,100.0
1791495140,3Q4sAfSqYBfjkrtYwxSQUBZpKXzyQF48Ec9SsBUyZpE2,TikTok,47p8NPkPUsjWMcWmJgfnV7EiJeseLPyQmjdQHV8PLDWk,meteoradbc,1791487784,0.00004500,,45003.26,45003.26,0,0,2074.35,2074.35,0,0,0,0,38,34,38,34,,,138,138,0,0,0,1,,1791495179,0,0,0,0,31,29,31,29,
1791495149,vo6XLLqCJ6fyShVhZZDoaHFQ92kwGmUnFnG5Leppump,Gemini,GXmDbULno4hnWcfvbzdAtQ5wCD1vSuPzTADm7rTuGRy6,pumpswap,1791487369,0.000001951,1966.35,1942,1942,0,0,59577.47,59577.47,0,0,0,0,6636,7712,6636,7712,,,-95.68,-95.68,0,0,0,1,,1791495179,0,0,0,0,363,901,363,901,100.0
1791495140,37L5iwS2tDr2Zd7WVHTfQ24jJdvjqi4Uzv64vZU3pump,ChatGPT,VP9j15t9X9uYLFsKyXM1vodaWZPxBtKEL3SboFbCj7d,pumpswap,1791487327,0.000001942,1957.29,1934,1934,0,1.49,65442.67,65442.67,0,0,0,1,3937,5743,3937,5743,,-13.06,-95.7,-95.7,0,0,0,1,,1791495179,0,0,0,1,404,2078,404,2078,
1791495144,A2fdU1Axkg7xdZYangLEX6n7ezQasFgiZvZKfXWXpump,MrBeast,53wMZWQXi4MJxCHDSqQAsHrbV53oVNMF7ChqqaP9pFZg,pumpswap,1791487235,0.000001950,1977.6,1942,1942,0,0,149963.5,149963.5,0,0,0,2,15568,16928,15568,16928,,-1.05,-95.68,-95.68,0,0,0,1,,1791495179,0,0,1,1030,468,1891,468,1891,100.0
1791495144,9Hcksg9o6oXbJWN7FTAL2HFrvknqTzmmNybBYP4UA6cP,X,4gDGuPFs8DxS9srSEUioiGiKFSgawQhWm1ebygv6aAzq,pumpswap,1791487223,0.00006005,21884.19,57712,57712,8696.21,533790.72,1164893.74,1164893.74,117,100,4686,3540,10808,8415,10808,8415,-9.71,-40.79,24.57,24.57,0,0,1,1,,1791495192,35,48,1762,1537,3823,3263,3823,3263,
1791495140,25UjGzzVKSKnHrtrnZ6xJUSYyv4GTJ1eSSgWmVs6pump,Instagram ,EeGok64zvNaNyAzocRHuYKpYqFhK18PDSmQxqFNQi7cC,pumpswap,1791489427,0.000004107,3754.29,3947,3947,0.33,39633.29,114918.52,114918.52,0,1,317,441,1456,1256,1456,1256,-0.18,-94.34,-91.8,-91.8,10,0,1,1,,1791495179,0,2,214,316,657,652,657,652,100.0
1791495144,9oxWMhM4QN1hLGNutaTFcBjMjJce6QxrvVxAcGW6pump,Pack,5boXyCRb4ScZMw9uBj52YVQTR2GzJ1hBNxb3Ys9nph82,pumpswap,1791488386,0.0004429,66493.83,431699,431699,141226.93,1299101.8,3146689.78,3146689.78,929,686,10097,9374,24851,22068,24851,22068,0.59,-44.3,830,830,0,1,1,1,,1791495179,422,351,3634,3376,7633,6345,7633,6345,
1791495148,GQD8RSBqZL1B56d471UZqLGzSpmy6XYESHYSacjpump,GAMBL,CMLek7rVT4rRUSQaY1fsLRb3wZFwvJQJbFF2XUPryD9j,pumpfun,1791488818,0.00004483,,44839.35,44839.35,0,0,59174.14,59174.14,0,0,0,0,564,423,564,423,,,1361,1361,0,1,1,1,,1791495179,0,0,0,0,326,239,326,239,100.0
1791495142,6JqMeqVN43dyP7Wp88CqPDv6XXAK7QueSbQYkF6npump,ACRE,GfpH2AcA7CTwfDQgx1FgkNtyLVGHjsD7fT54C7v4iWUp,pumpswap,1791488639,0.000003141,3006.34,2986,2986,0,1309.46,51412.01,51412.01,0,0,19,21,643,551,643,551,,-22.6,-92.96,-92.96,0,1,2,1,,1791495179,0,0,19,21,381,411,381,411,
1791495143,7fT3CWduPRD2EhQB6wbaGBATNtGYQqPGmqJvoX6sehF4,Instagram,7M9xy3R3qJTrrMCN9SqeCicuyGVmF7DgyfeSMNbN9hh4,meteoradbc,1791489550,0.00004906,,49066.81,49066.81,0,0,1670.33,1670.33,0,0,0,0,59,38,59,38,,,5.96,5.96,0,0,0,1,,1791495179,0,0,0,0,47,32,47,32,
1791495147,EnESJrbDyVBX8yuv4nvChxhdonkD7qi2RsCdGVCmZ5u3,TikTok,7FFgQCDcE8tt3fguyYcUqz8t5NYy8y5QxF4xeVo2eUh9,pumpswap,1791489591,0.0001062,100643.85,106286,106286,609756.99,8486315.78,11399261.97,11399261.97,635,356,8934,5074,12268,6864,12268,6864,2.54,127,921,921,0,0,0,1,,1791495179,143,19,1889,27,1975,30,1975,30,0.00000000109556325877729
1791495143,7P6eFLJ6d9etjnhEL9SDEMmhnsouTDARTWQwsYD5s3kc,BONER,HyqmN57QsQPQCyvCVzg6NhzzyqLzG6DSDkxynE5Taoap,meteoradbc,1791489547,0.00005158,,51582.6,51582.6,0,0,1309.92,1309.92,0,0,0,0,28,7,28,7,,,28.24,28.24,0,0,0,1,,1791495179,0,0,0,0,19,6,19,6,
1791495140,23j5oqGt6hsE7mXzrwTmnd3xUTkwJpQfffvdZ31Wpump,PUMP,4aCfxsxTP9j7h2ejRDVx92s1x4CoFHTu1Zwkm8JnkAbt,pumpfun,1791489590,0.00003851,,38517.04,38517.04,0,0,1366.64,1366.64,0,0,0,0,18,8,18,8,,,739,739,0,0,0,1,,1791495179,0,0,0,0,3,3,3,3,100.0
1791495145,BwBU7KVXigH7DKunJynowQCQ3oiEuYv26f4A2F8tABR4,TIKTOK,2MsJJKvDjwDvyVk24381yDXZDFDMtEbJWsHZBsrMcqj4,pumpswap,1791489543,0.000002184,2183.28,2080,2080,0,18.92,20344.56,20344.56,0,0,2,11,259,283,259,283,,-1.12,-95.06,-95.06,0,1,1,1,,1791495179,0,0,2,6,159,170,159,170,
1791495142,5dnaYQvCJuDQWsmkaUSY8M3Wesi5UDB4K1c8yyhSpump,Robinhood,HUAgwgtYwwUmhFoKHBJboKSsfWsiGRodamKu7pn9ct4q,pumpswap,1791488832,0.000001940,1953.98,1931,1931,0,0.01,89539.66,89539.66,0,0,0,1,13037,12775,13037,12775,,-1.43,-95.72,-95.72,0,0,0,1,,1791495179,0,0,1,112,1936,2610,1936,2610,100.0
1791495140,142TDz4pjxUt1Z2xHSM4RS3586DicvwnowiGtZZQZrV5,CR7,58LtcJWam5A2KqE9LTRSGAtgFzJ6PKhD9zJxCxGdGBHB,pumpswap,1791489000,0.000001959,1980.61,1949,1949,0,19.37,101345.55,101345.55,0,0,0,2,7284,6946,7284,6946,,-1.99,-95.68,-95.68,0,0,0,1,,1791495179,0,0,0,2,361,905,361,905,100.0
1791495149,Jig6XK42a4ibdkRS35tKBGiNPDRGgTFU79tat38pump,PVE,B5PXeVETc241Jq1QAU8JoEe7zvynoPUbn2isfhjf98Ac,pumpswap,1791491444,0.000002356,2348.81,2357,2357,0,27867.21,33107.53,33107.53,0,0,104,183,170,220,170,220,,-96.12,-94.85,-94.85,0,1,1,1,,1791495167,0,0,117,131,117,131,117,131,100.0
1791495146,CYoPikME5EKF1wYjBdYCufunNPkLkfi9FwfF1BkYhM2x,PAIRIT,6rfkQ1AJotDDtGWvM8WvpoWBMeGMuarTUmK8cu6c7zXm,pumpswap,1791491120,0.000009388,6762.85,9041,9041,3123.94,170512.1,265787.23,265787.23,25,32,1671,1335,2541,2124,2541,2124,-32.47,-93.74,-80.43,-80.43,0,1,1,1,,1791495167,12,7,620,692,1179,1053,1179,1053,100.0
1791495141,4cGKDHPfm17KEVw55cV75TccxCRT6U9Ss632wwrZmoon,Edenw,Ezv1X6kU516f8Tth7GrXAYMfsU15gvdv9svvsj6wpiKG,pumpswap,1791491250,0.07561,0,75619926,75619926,0,3054.05,26690.72,26690.72,0,0,40,15,224,59,224,59,,4.69,35.76,35.76,0,0,0,1,,1791495179,0,0,82,28,224,59,224,59,0.0000046333566208634
1791495147,Epnr1ZTrDh2yiGLcwi5eRGbqLofnp4GqHzaYh93E8bQc,TIKTOK,HDQmeD8bWQFQTZ6s8KoNrD5pzvRGFG2gCJWohq59D9YA,meteoradbc,1791491268,0.00005457,,54570.97,54570.97,0,0,3216.08,3216.08,0,0,0,0,95,67,95,67,,,35.44,35.44,0,0,0,1,,1791495179,0,0,0,0,80,48,80,48,
1791495143,8ahxhwJdWVro5VFxboqSDEPAwmU1kNWebA9qzSNoNSp7,Pack,49w4uus13PWDzLX2GdQupwrtNHVZ4W7fqB7kv71HDVSy,meteora,1791491338,0.00001705,8.93,17058,17058,0,318306.71,443935.01,443935.01,0,0,1368,813,2189,1307,2189,1307,,5.74,83.32,83.32,0,0,0,1,DYN2,1791495179,0,0,1037,51,1111,55,1111,55,0.0
1791495144,AB596JVcSH1xPHa8r1MonbjPASSujVDdiYT4RWWT6yoK,holiday,9T8RwDmVRZsRx8giTRtiGZYpXPjBhySFW95iHX5LrLv8,meteoradbc,1791491280,0.00003967,,39671.18,39671.18,0,0,8577.35,8577.35,0,0,0,0,277,289,277,289,,,172,172,0,0,0,1,,1791495179,0,0,0,0,166,150,166,150,
1791495149,T2K1haE86tEpdRvkETYBsh1wfMbF8xwoEacDK4Rpump,Anthropic,6vbWdW2tWhVWvb9uco54heCATYzko8pvHzgeUj8Pcy2X,pumpswap,1791491115,0.000001954,1969.61,1955,1955,0,16526.34,59593.12,59593.12,0,0,616,3067,4081,5792,4081,5792,,-97.82,-95.69,-95.69,0,0,0,1,,1791495179,0,0,325,887,361,898,361,898,100.0
1791495142,5evZQo6pfYXf6nSRctQznou9YdvdpzfMnVwB82bKisSu,Pack,HeiovDm2wUdkKPCqPso5EGwAACDHMgo62oy1Qmp3YaXC,meteora,1791490974,0.001610,55.57,1610205,1610205,0,118006.58,1011408.96,1011408.96,0,0,269,132,2435,1204,2435,1204,,-58.25,14346,14346,0,0,0,1,DYN2,1791495179,0,0,493,64,1132,68,1132,68,0.0
1791495142,5XHR1a82F8YRKuNzbdg1S2fwRgGmHG4Ly1JCJDyPpump,X,BsDzNdUcyFaJrfQan5ij8yabcN5WAEnuVn2T4m8rq23D,pumpswap,1791490407,0.0004037,57658.07,377393,377393,96584.88,716730.59,957773.23,957773.23,959,606,6986,5351,9957,7537,9957,7537,72.11,117,800,800,0,0,0,1,,1791495179,596,311,2755,2031,3845,2853,3845,2853,100.0
1791495140,2y8xiGNxKRNWGx9yw2LvYpnzPGS36dnNgC73YXp7qvrY,LOL,5RtHY46Vz6mozCWJMFaBZjo3povbQDw2q3vvuJLKo85m,pumpswap,1791489896,0.00006331,68026.56,63314,63314,8008.09,497596.67,693832.99,693832.99,48,25,1526,941,3374,1311,3374,1311,8.63,50.53,262,262,0,0,0,1,,1791495179,19,13,488,101,2111,107,2111,107,0.000000000809378313301821
1791495148,G4igN5Ufkgg8vQyKVoxvQf1npNFjexxEaNC5pH3CW63N,GACHA,GsKE8RCwJ4esbjcVk37ca3JvFj6Yc4SuTZBmGTtRDNKZ,meteoradbc,1791492963,0.00002034,,20340.07,20340.07,0,9340.65,9340.65,9340.65,0,0,3,0,3,0,3,0,,531,531,531,0,1,1,1,,1791495167,0,0,2,0,2,0,2,0,
1791495141,4mbPZzDCWXvTCJbscMWeDD7TT1pra9mkZHGaBxc2jupx,JPAD,GjZUE8qMh2wv6bHa6HPJxFx3XUZCWZyxhYgfKoyEyn7R,meteoradbc,1791483090,0.00002040,,20407.16,20407.16,245.16,8495.18,40040.28,40040.28,1,2,74,24,544,225,544,225,-2.56,24.74,239,239,0,1,1,1,,1791495167,0,2,43,21,180,127,180,127,
1791495146,E3UskU16Xp2RuW3uZdBPLz2A3vGjDdPbyMTCF75Rpump,FOMO,DxV5f2ZGJ7oQuETSHgGQ1pTk5pXuRU1TEvFoMmHHUZLx,pumpfun,1791492231,0.000003103,,3103.57,3103.57,0.61,215984.34,215984.34,215984.34,0,1,1461,1432,1461,1432,1461,1432,-0.17,-0.05,-0.05,-0.05,0,0,1,1,,1791495167,0,1,323,312,323,312,323,312,100.0
1791495149,J7coeN3BgasMgTjjYn8ZyUecnLqC3GdsU9BEV7fET2rs,PDEX,3H94R9egmP1Fx9Va1KaK2kFJsjb2QDsQGj5DZ9aEGWqM,pumpswap,1791492373,0.000003356,3219.06,3182,3182,5.96,97011.54,97011.54,97011.54,0,2,1030,840,1030,840,1030,840,-0.84,-92.62,-92.62,-92.62,0,1,1,1,,1791495167,0,1,656,566,656,566,656,566,100.0
1791495145,ArASSoxwdXjsw7MeBxr8rzo5tft94Xs4wyT5ukAupump,KYC,J6SUtJ5KvnGVG4GSnjr8eXbg9LoqxM6SdkiwGe7Cpei9,pumpswap,1791494209,0.000002430,2408.33,2430,2430,644.92,19826.29,19826.29,19826.29,0,22,239,260,239,260,239,260,-49.73,-94.65,-94.65,-94.65,0,1,1,1,,1791495167,0,4,148,179,148,179,148,179,100.0
1791495144,ATqTxZZGu52Usy9KUg4jwvZvZxaMtvyQqfUWiqD8pump,INCELS,2h23RpbgsEK9RmpawMHXcwPUfEoRov3duWBjitdJSX8a,pumpswap,1791491800,0.0001209,29376.52,114935,114935,1090.53,247861.6,247861.6,247861.6,18,9,902,776,902,776,902,776,7.96,156,156,156,0,0,1,1,,1791495167,8,7,470,389,470,389,470,389,100.0
1791495143,759x8uLX4VAUUs4abJdKUo21b4FDLPK871ukjdsgWvY2,FIX6900,7NqTp8fEqM1S9ziT5jxUV4SPcV9LCrXYxbGaYiMv9h9N,pumpfun,1791491595,0.00004426,,44267.91,44267.91,0,20388.57,20388.57,20388.57,0,0,213,200,213,200,213,200,,316,316,316,0,1,1,1,,1791495167,0,0,162,117,162,117,162,117,
1791495147,EWHUpE77cW4qP5QctYsscD8hoXArfw7bV33TTfFApump,seed,4qLVnrU8aBoeWEcm5XqTCpDya5JyqdyJUAAfKgqpZc5P,pumpfun,1791491359,0.00004231,,42311.38,42311.38,0,0,38791.73,38791.73,0,0,0,0,188,139,188,139,,,1260,1260,0,1,1,1,,1791495167,0,0,44,24,176,68,176,68,100.0
1791495148,GrGkYxc568qA7wyubW4h8PeqGp8nWMYbjqM9jBGXPAgA,CHIMP,2DQzYtpgVBpAYeZro82mVDLAuQTHuMkxZf1yfC5yMnp6,meteoradbc,1791493131,0.00005429,,54298.34,54298.34,0,3907.34,3907.34,3907.34,0,0,100,105,100,105,100,105,,34.2,34.2,34.2,0,0,0,1,,1791495167,0,0,81,71,81,71,81,71,
1791495141,4CKKzQLZCPtuhKypdDv1RwSJw6pd6Y4VmZN9X4LXGqbp,degens,Gc55eQ9KAAAMXWrKkwM43m7f8FZDTusnqc87bHr7QwWt,meteoradbc,1791492981,0.00004343,,43438.86,43438.86,0,12376.88,12376.88,12376.88,0,0,523,531,523,531,523,531,,221,221,221,0,0,0,1,,1791495167,0,0,206,187,206,187,206,187,100.0
1791495146,DHRnkNihnnj9Lbjxn85qwqwkogZkqFuXupDhWkdePtR3,Simpsons,ECHLVRox1F7dLqzCdGJ1nY5jBzEMa5FmrFp8hppKWY1T,pumpswap,1791492013,0.000001978,1996.82,1969,1969,1.87,86147.12,86147.12,86147.12,1,0,11158,10739,11158,10739,11158,10739,1.42,-95.65,-95.65,-95.65,0,0,0,1,,1791495167,1,0,372,915,372,915,372,915,100.0
1791495142,5gwEQ4JXCXVw4pHosynHPuuPzuHtBUMNGk3afAipump,PQP,Fhvshnkg6XCQSbnUq3NJUdffqUsb49uGPTawt7GSNE14,pumpswap,1791492875,0.000001960,1970.32,1961,1961,0,47204.59,47204.59,47204.59,0,0,4465,4191,4465,4191,4465,4191,,-95.69,-95.69,-95.69,0,0,0,1,,1791495167,0,1,3051,1525,3051,1525,3051,1525,100.0
1791495149,HwaiPaTFasm51uU4B3c8LLw8kNg3WBkSW1wXEjoqpump,SpaceX,99m92Y7p5scWDxTMaVsgj8sjGyL3TAJ4gBCYv76mt5HD,pumpswap,1791491986,0.0009654,84704.18,960976,960976,5337.44,87097.33,87097.33,87097.33,1428,1358,17426,16938,17426,16938,17426,16938,6.65,2028,2028,2028,0,0,0,1,,1791495167,239,228,441,421,441,421,441,421,100.0
1791495144,AB13iPdYAW7p9Lkth5YTwjUgwTmy89YuMaWK8hbeniaq,Pairs,5ckPAQdyRc7Dxrw74bs7iKgL391L5i3W2aCCMCPE22pY,pumpfun,1791494273,0.00002866,,28667.67,28667.67,17028.86,71263.42,71263.42,71263.42,239,175,969,672,969,672,969,672,-2.92,450,450,450,0,0,1,1,,1791495167,73,57,579,387,579,387,579,387,100.0
1791495143,6X2pmNXuzM7DCk1raQh7rChkon5jFmGb6usRECKcpump,PVE,HoP9b9U8TEoUPGbLUgJyAfqwiNvS8aCAeZoMthpUw8Mx,pumpswap,1791494941,0.00006976,21303.89,69709,69709,1278.95,1278.95,1278.95,1278.95,34,17,34,17,34,17,34,17,47.52,47.52,47.52,47.52,0,0,1,1,,1791495167,14,12,32,15,32,15,32,15,
1791495141,4sN5ek6KwNH39pgAusxz29YtcRBqvWH9baCUnP4cpump,Schrodinger,5zhrypzzWDif8QGRxPeioVgf8t9KL5uUbidF3cYa83TS,pumpswap,1791490733,0.0002669,44678.48,263705,263705,35568.68,383133.48,481568.24,481568.24,411,103,4791,1036,5662,1320,5662,1320,-15.41,73.19,40.11,40.11,100,1,1,1,,1791495167,167,56,3405,471,4010,494,4010,494,
1791495142,5dbFWnPbq8f3n6LyC8n1NL15h2ube9m5TBWcFWRDpump,Dip Slayer,F6nrJiStPYmD9riYd28xmN6fgEg5B2ZU3kMYsZfioSXX,pumpswap,1791493338,0.0001539,33703.24,153782,153782,55302.64,622174.84,622174.84,622174.84,721,151,6248,1360,6248,1360,6248,1360,-34.67,213,213,213,0,0,1,1,,1791495167,252,80,1384,589,1384,589,1384,589,100.0
1791495146,DQeCMtkGsRApwq9eJtovmeeBFSUC24zygHTKZyhRpump,MCH,38Y3AkQm6pzv2bAoMp614m75BmP5FS42wpdYjKgofSfF,pumpfun,1791495006,0.00006465,,64658.25,64658.25,3179.25,3179.25,3179.25,3179.25,102,72,102,72,102,72,102,72,1934,1934,1934,1934,0,0,0,1,,1791495167,9,7,9,7,9,7,9,7,
1791495142,6HZVPYRjmXTJES5KASWCiBJnwA75SGZVDFLa1QXYpump,GROK,C2cmZLXoF17cFwVYPPjSt7BQbgiX27m9MQgHK9HkKumg,pumpswap,1791494989,0.00005125,18033.67,51252,51252,20124.59,20124.59,20124.59,20124.59,801,255,801,255,801,255,801,255,-25.66,-25.66,-25.66,-25.66,0,0,0,1,,1791495167,579,211,633,239,633,239,633,239,100.0
1791495143,6c917i1qUoXtpLVppbcWzsaFpbU6mYFu4T6iTb62bonk,Rallyusa,DxnhHdyRgRQhjPV9gcXuFwosa8CwpuGAexZwW5uL1Upq,pumpswap,1791494989,0.07523,132712.4,75230,75230,15368.56,15368.56,15368.56,15368.56,78,19,78,19,78,19,78,19,27.38,27.38,27.38,27.38,0,0,0,1,,1791495167,82,19,82,19,82,19,82,19,
1791495141,55utqTJ3UXeUbmXuKFLQwK2wSduTS6vgArXikLngWjAt,ROBIN,GBAvKa4qnei7MUyZACrSUjtM2jqKK9caDEBopNKnYkP1,meteoradbc,1791494962,0.00005430,,54304.99,54304.99,4293.32,4293.32,4293.32,4293.32,161,152,161,152,161,152,161,152,34.04,34.04,34.04,34.04,0,0,0,1,,1791495167,91,80,104,83,104,83,104,83,
1791495148,G8SNLtRtPsicMwbzH5cXRSyEV13B9HhFK4yzvy2Fpump,PUTINPEPE,7ofsji3i9CHNsvEuh8rhjd7P9yhbVKc732oqXfRNtj21,pumpfun,1791495014,0.00004043,,40439.88,40439.88,338.32,338.32,338.32,338.32,36,25,36,25,36,25,36,25,1209,1209,1209,1209,0,0,0,1,,1791495167,7,6,7,6,7,6,7,6,
1791495144,8qFS72gtn4o1nLFCsQKS9T33AFisEHZDL1K5oH9KYg6X,Taylor,CMMkuTKBhFYPAMDEamkaTrgg23UrtQ24ehX131wM7RQt,pumpswap,1791494065,0.0006072,66669.35,607115,607115,4199.06,29442.07,29442.07,29442.07,1940,1421,8252,6070,8252,6070,8252,6070,14.58,1231,1231,1231,0,0,0,1,,1791495167,282,243,339,320,339,320,339,320,100.0
1791495142,5V8xfRLE6TVYwFeP52sxc22FXNU8CVBdeXvMT8tKpump,Gemini,APqSdsD7ZCRn5VsSXs56dMkmyYaKHeyy9MFGFjAqzLNz,pumpswap,1791494204,0.0004216,55301.51,421623,421623,8086.24,56638.26,56638.26,56638.26,1518,1394,5487,5161,5487,5161,5487,5161,34.81,823,823,823,0,0,0,1,,1791495167,265,236,747,684,747,684,747,684,100.0
1791495149,TLzvZSkBNf8iDSfaCLY194nrymkpV8tVUvQcCVapump,Anthropic,CXMpQnqmi2SnpQNAi4X8zVgn8Hm6EGUYC6DbuPCZdDGs,pumpswap,1791494483,0.0004779,58917.78,477968,477968,3945.01,22759,22759,22759,2393,1878,6006,4740,6006,4740,6006,4740,11.67,946,946,946,0,0,0,1,,1791495167,304,281,340,317,340,317,340,317,100.0
1791495140,33iwq9DawwqZ2GGhKHXfotvGm7fdLQ8Tp77vs6JLpump,AI,AWmJUMXGpzjx6W8cVVjvNCQm72eirRgLEDUM13yvDmPZ,pumpswap,1791493291,0.0002961,46162.69,296117,296117,5495.07,107794.14,107794.14,107794.14,767,550,6278,4435,6278,4435,6278,4435,17.26,549,549,549,0,0,0,1,,1791495167,386,262,2334,2121,2334,2121,2334,2121,
1791495147,FqfyPPAwk3NrmdGe2xgMTUis8C7Z8SCrJWsyDKr5pump,FOMO,8hc5o52LPWn4L6T9N9NS6364N8wSq7ohEU8rLHukuJUG,pumpswap,1791491932,0.0007912,76497.54,787292,787292,4453.26,77907.17,77907.17,77907.17,1333,1230,15589,15071,15589,15071,15589,15071,6.07,1644,1644,1644,0,0,0,1,,1791495167,235,231,415,402,415,402,415,402,100.0
1791495145,BFxThzKNSV2Jn9aoA8yTSdXHAGFfxoGcLgP6zQonsMJq,k1tty,2WZ8NraAX3EdnubqWDWgK8QTWxWwKuyYKi7cbUS6Gngk,pumpswap,1791494195,0.00002201,29608.78,22015,22015,80832.3,332745.46,332745.46,332745.46,690,135,2487,579,2487,579,2487,579,7.85,130,130,130,0,0,0,1,,1791495167,288,16,2030,68,2030,68,2030,68,0.00000000109556325877729
