ts,token,sembol,pair,dex,pair_olusma,fiyat,liq,fdv,mcap,vol_m5,vol_h1,vol_h6,vol_h24,al_m5,sat_m5,al_h1,sat_h1,al_h6,sat_h6,al_h24,sat_h24,deg_m5,deg_h1,deg_h6,deg_h24,boost,n_web,n_sosyal,n_pair,etiket,gt_ts,alici_m5,satici_m5,alici_h1,satici_h1,alici_h6,satici_h6,alici_h24,satici_h24,kilitli_liq
1790415942,FiHpuVdsEqsMC571m9e7C9Ct1mgUCr6x9wB3pq1Fpn56,BODEN,9TymA5XepTVna5DcEuq4dGePRidYbvdQoySvWcyVAY6W,pumpswap,1788956141,0.000004973,5459.62,4852,4852,0,0,27.38,30.52,0,0,0,0,1,2,1,3,,,0.06,0.06,0,1,1,1,,,,,,,,,,,
1790415940,8H5yfL1GoDETLDaLYZzrgQuZs37eiKJjdfP21b6ypump,SAAR,6hzdUCkrzgoJ5ugz2vWwKd56odxziZwyMEN7CCF7hSKy,pumpswap,1788562544,0.001454,119188.68,1384723,1384723,12.07,1216.69,13940.56,72275.08,0,1,10,7,73,56,321,288,-1.24,-0.96,-1.61,-0.86,0,1,2,1,,,,,,,,,,,
1790415938,4mSGtSCjZm6qQcef4p8mNMbSyAiqVBStgHMo5w4MFP6L,BoB,722FSSdCzNEsn3kyeXTX9qxVMnq2n3oYJ16EwaZ6QKP3,raydium,1789118463,0.00002081,19698.7,20811,20811,0,3.56,1420.09,32157.45,0,0,1,1,2,7,205,167,,2.57,-28.3,-58.22,0,0,1,1,CPMM,,,,,,,,,,
1790415944,ZesMGYmokFiEuDvNzWeMhB7jxF6eUW8c512vwSKSTNK,🎒,CW5jBQCAw9btDETXs2hZsDUNHYAaXpx9mgKfzYimsebh,raydium,1788769302,0.003033,320744.96,3033937,3033937,334.99,8317.19,75563.44,806067.97,2,5,20,90,223,321,1823,1553,0.22,2.24,4.61,-31.1,0,0,2,1,CPMM,,,,,,,,,,
1790415942,DrdwSUzt5ZMqa9Yj1cpvNRRx7zQZP5s9Gm2S8m62STNK,STINK,GHp34Zq9EjTjj6DTsCnP2czhWZDuLUdbhuetNK38igqM,raydium,1789124324,0.00001254,10359.86,12541,12541,0,356.58,1406.89,7521.87,0,0,8,4,14,16,62,75,,-4,-29.17,-50.26,0,1,1,1,CPMM,,,,,,,,,,
1790415943,HYm6BfpDQkfUtnCWVnj6YAGzJvnpzuCWDZKrpbAVkBFh,WUFF,7GA65yufYGnzdRaJCjy7QPPrivEsf4f85uaTwy4DQaQL,raydium,1788792411,0.00003137,15888.1,31377,31377,0,0,337,2284.05,0,0,0,0,1,6,12,17,,,-8.32,8.41,0,1,2,1,CPMM,,,,,,,,,,
1790415942,DeCbrdr7VGSL7BTFufojwoJ4gudUrxE9pwBzJ6sApump,poukŸ,5z9oZrUShm7NyiQZdj6NjmuYVAC3sAM12aTTvrmAq89L,pumpswap,1789039185,0.0002640,45402.38,255366,255366,0,0,4.17,270.3,0,0,0,0,2,0,9,9,,,0.29,3.24,0,1,3,1,,,,,,,,,,,
1790415939,6v4XyHhHj6uNsach9W4u59DntpdB7Q216E9fx37upump,SOL4EX,wmbG15V6jRKbsqRzrU9nyVkq5ACPdnv9bitZ4bz756m,pumpswap,1789209215,0.000004258,4232.35,4155,4155,0,0,0,58.43,0,0,0,0,0,0,1,2,,,,3.34,0,1,1,1,,,,,,,,,,,
1790415941,B22s4HtmrsaRysDy6t4XMbDowcJJ61jgs3hPuPHrqodJ,BABYZCAT,GEKD5hRih6VTm7BRdM3p1KysCcNuhvdoKh3pp7jAyBYK,raydium,1789208619,0.000003234,4390.43,3234,3234,0,0,0,21.57,0,0,0,0,0,0,0,4,,,,-1.54,0,0,0,1,CPMM,,,,,,,,,,
1790415938,5g5kvhKsKdiB4GEzxeic7BNLc5njoQMSeKP2kC9pump,fart,GZSJgmePX1BLMygJBdapbtqDwaC3Qx83WFmsrAzhYQiN,pumpswap,1789465002,0.000007963,7856.43,7781,7781,0,18.16,21.95,277.27,0,0,1,1,1,2,1,14,,-1.14,-1.14,-5.74,0,0,1,1,,,,,,,,,,,
1790415940,8npjmNyDuFzhmAqRu4qdWXcL6XEy98u3aH5dUUFAb86b,KEVINFART,4dsqzghyKoci4JJTymQKLfJQRBw4F8zm4bTJ3gisymF7,raydium,1789466299,0.000003488,5794.11,3489,3489,0,0,0,13.41,0,0,0,0,0,0,0,1,,,,,0,0,1,1,CPMM,,,,,,,,,,
1790415943,HEgdLpnfLXufSojtYFu3hd2hKxY8vR2YSrAmJAkPU6NW,TRIPLETS,9eBMnrEUtDiqg6yH2V4CNsj2UQ32Rz2v6JXWAq6jBX3Q,pumpswap,1789573392,0.000003008,3293.63,2944,2944,0,0,0,9.95,0,0,0,0,0,0,2,2,,,,-0.26,0,1,1,1,,,,,,,,,,,
1790415941,AowPHdsFTZNTa7JDGFUCRpyGa4niTS9GBG26CNWtpump,PAIDLON,6m5D4TwmRKyAJrUYmHTRGgjunneaqFifUuczA17Wy6op,pumpswap,1789570255,0.000002691,3168.3,2662,2662,0,0,2.7,14.81,0,0,0,0,0,1,12,23,,,-1.27,1.52,0,1,1,1,,,,,,,,,,,
1790415940,9GEUA6pXNmf1c8nujWRoJDq17K8gfMyWBNp5d9cfw8xG,GB,AJjEj8KKGFHQCE3XrfyR6atGhnPkzVnkBiLkbayHhZ8h,raydium,1789571369,0.00007626,28392.14,76269,76269,291.92,524.64,3781.04,33486.68,1,1,3,5,26,48,171,224,-3.88,-7.35,-18.8,-26.53,0,0,1,1,CPMM,,,,,,,,,,
1790415940,ADwZDpksXiV3jq9UJ7BWCYcttzNezHJMhC1i1YqkiKZW,AMD,GttvKoRmEYNBVCRv6GaFuxPomnPKmDrn4qjZ4yASsxnw,raydium,1789570833,0.000008604,9216.85,8604,8604,0,0,67.23,1372.96,0,0,0,1,2,6,9,21,,0.03,-0.79,-16.13,0,1,1,1,CPMM,,,,,,,,,,
1790415941,DDCimetG22tCrpsPHxoUFuzewU9EvtDp8RMAyCCoBTgj,SPACEBALLS,9WM4YD2sznFTdAfZe5mvFpBN3if2FFgrh2cbkW2cgn14,raydium,1789596068,0.000006285,6930.69,6285,6285,242.73,363.13,601.15,730.77,0,1,1,1,2,1,4,5,-12.74,-6.98,6.59,-0.5,0,1,1,1,CPMM,,,,,,,,,,
1790415938,51mZoUpp9sZ5vHTW5SzvpLLNr3QfpTtk7D3vgWDuzxY1,ROOM,FUXbQY31jLjCyn9QCEUXsjqMDa9g4Zrh7xZujn1go2zJ,raydium,1789595525,0.000008634,9284.16,8635,8635,8.09,8.09,1361.16,4171.17,0,1,0,1,8,16,24,47,-0.71,-0.71,4.73,25,0,0,1,1,CPMM,,,,,,,,,,
1790415942,FstQsxUszLcr6VDsq4e8msQ5t6HFU68RNGwRsJ8a7R1g,XMONKEY,62whWGpKKEvQunyoWWsujbyNdzjxM64nVMod428ACcFa,pumpswap,1789616010,0.000008825,6828.44,8583,8583,0,331.99,11859.95,19817.44,0,0,2,2,123,114,191,158,,-12.97,-32.22,93.94,0,1,1,1,,,,,,,,,,,
1790415937,2TFioVNNgnWiPmBVK83h3NSdffQVdJb3P97poyTgpump,LAIKA,5vMcE32XqP9N53D4x7v3LLaYCZ7BfkFXbbMZk5krk68x,pumpswap,1789598935,0.000002540,2609.13,2486,2486,0,0.55,4.13,73.32,0,0,0,1,2,5,47,75,,-0.94,-0.27,-0.52,0,1,1,1,,,,,,,,,,,
1790415941,BLGM7XgLpm5uUGJXHTGGQvNYk5jeKSr9kfCdqyq3GR8c,ZMINER,CE68Ef6GNbepdEssHCLEVkZsWDFugnwsaUhX2gVGqhnM,raydium,1789024598,0.000007208,8411.17,7209,7209,0,0,397.44,1455.26,0,0,0,0,6,8,45,23,,,-16.53,-23.33,0,0,1,1,CPMM,,,,,,,,,,
1790415938,4gnQhe7haEkyvdTccmiL5YJJLyBerwFLLPsmUC5jpump,DOOF,9W6PYjQTFchdxS5kikhaU9yABvucE2mFSAtdkTPFbt3Z,pumpswap,1789614871,0.000002525,2637.48,2453,2453,0,0,0.3,99.72,0,0,0,0,0,2,0,6,,,0.51,-7.96,0,1,1,1,,,,,,,,,,,
1790415940,8x28YZjDp6FFZvboPygnjsiSZgubUUUqCKZFeMZEu6j7,PIZZA,9Gq3ZP9YeyzKBc6H8aEDj3UJmZqFFWvgZNp1nGs4g7Nz,pumpswap,1789616551,0.000002662,2656.31,2519,2519,0,0,47.63,47.63,0,0,0,0,2,0,2,0,,,2.02,2.02,0,0,0,1,,,,,,,,,,,
1790415940,9CPfv7rc6vxBd3jtovmZtf5Zy8bdvssv8c4BwzbGk147,NINJACAT,HSJ3UmgN1HpVVhY3kQi1V3kmASxFDSGeVVWSxp5MAJzw,raydium,1789656471,0.0003761,67851.87,376175,376175,0,1147.59,32606.48,155038.51,0,0,8,9,58,100,493,465,,0.38,20.63,-32.16,0,1,1,1,CPMM,,,,,,,,,,
1790415942,FkZL1HP8EqZStvyx5myGw7SW2SiCyWbWQVhMNrhjAh8E,ROMANSTORM,2r3KqkhiRjAxWYiiM2ToaDv32fBNThPtXQUM2PpqhL6Z,pumpswap,1789681197,0.000008935,6929.75,8422,8422,0,0,7015.4,15460.55,0,0,0,0,50,53,140,118,,,-17.73,158,0,0,1,1,,,,,,,,,,,
1790415942,F6StsGd3TaUdsLSvuKmAsK9fX4CgtPGegvrZPBfapump,SOLYA,H817A1D2hStachnUBDftsz8X9GtXw5wdsbkMUoJE3uzf,pumpswap,1789681344,0.000002801,3268.37,2768,2768,0,0,7.59,77.02,0,0,0,0,0,8,64,114,,,-0.99,-1.46,0,1,2,1,,,,,,,,,,,
1790415943,SkA82maVyUBgt4HUvMTLRDGyXX1yJpAsMNPhxEeSTNK,SHOEDOG,Cki4EosmaLdYDW2nrHaKz47LbK3ohw9dNHVBP9VgTYJG,raydium,1789566922,0.00001836,12928.12,18362,18362,0,157.8,479.79,2427.79,0,0,3,2,10,9,28,41,,0.02,-2.17,-14.77,0,1,1,1,CPMM,,,,,,,,,,
1790415937,3W3K5i4T2vARM1UzJHh48dw4uNhjtg3Wk8GS2inmNUZV,TRENDS,HBHCoPE5qM7JjVppXsdRejZtqg8YDw1PMZRypiQgJkY7,meteora,1789681602,0.0002788,49544.04,278475,278475,0,174.68,3726.48,53370.27,0,0,1,1,38,13,212,133,,-1.47,5.26,14.76,0,1,1,1,DYN2,,,,,,,,,,
1790415939,6BkJT2Dq8FwqwZmwzSLnADoaKaFKjBad25795nGBpump,niggacat,2smWBvdQhevyeYBG2A9uabGSgG5TVPsZKKAtfmTdZ8ec,pumpswap,1789681444,0.000004204,4041.77,4106,4106,0,0,0.02,5.67,0,0,0,0,0,1,2,12,,,-0.09,1.8,0,1,2,1,,,,,,,,,,,
1790415942,DuUbpUi4yJuam1a8LhG3qDxnfRDppeMRTayZyEdQpump,PIMSY,7yobpLCP2w1n7gbYMWgqBboeoscH5eKRucmoiRYvMkYe,pumpswap,1789674836,0.000003405,3655.44,3076,3076,0,0,0.74,20.23,0,0,0,0,1,3,17,18,,,-2.26,0.25,0,1,1,1,,,,,,,,,,,
1790415938,5hmWwRNw66m1YtQKbnFvfSerhkgD3pdmuQ4JZywepump,SPONK,8CHC2ENdyZMqNyUSLGpWoeZpq55uDyBQgNfvAjFR65X2,pumpswap,1789719215,0.000003267,3392.92,3162,3162,0,0,0,9.03,0,0,0,0,0,0,1,2,,,,-0.27,0,1,1,1,,,,,,,,,,,
1790415943,HhRCWrgTZnTtHqop5wRLyD2ps1UNgKhnG8WhVQNMSTNK,XCAT,6Bd8n8bWtqYtEGQdHCL5hgqGpF2xTQSR6DsGTkv9hmQM,raydium,1789670166,0.00001389,11657.79,13893,13893,0,21.77,432.91,10101.21,0,0,0,1,4,13,148,103,,-0.78,-12.42,-18.56,0,0,1,1,CPMM,,,,,,,,,,
1790415938,48U4GvCPESZHkzqwDGjsPtygG6cuWyCzRLtTGmqLbkMv,PAIR,4cMitNw7RxfC5um7qdPYi47Vp2Wku8pv9TNQ8okMwxc6,raydium,1789696644,0.000004140,7104.58,4140,4140,0,0,0,1.9,0,0,0,0,0,0,0,1,,,,,0,0,1,1,CPMM,,,,,,,,,,
1790415938,692MdH1nbX6gf2xYcULvJUqVDsVgi6cbQatrMqCxpump,GUMBUS,AwTZzVcG6YwDJHDDwVqok6RgS6Dj8vZaTnAaPf2MYPLt,pumpswap,1789744755,0.000002631,3045.21,2604,2604,0,0,0.01,17.26,0,0,0,0,0,1,8,22,,,-2.31,-1.02,0,1,2,1,,,,,,,,,,,
1790415940,8UnFuUEWeKZ9Vs1EPxVspKnVWRbWLMAubJq5YqNabonk,LUCKYDOG,95C5xWpRaWa73oGKV4KZNZKvbpkDqG9JL7Ye157jYTym,raydium,1789745402,0.000005437,8465.83,5438,5438,0,0,0.32,98.17,0,0,0,0,0,3,0,17,,,0.55,-3.41,0,1,1,1,CPMM,,,,,,,,,,
1790415943,HgcxVs6kJhPAaGqnPNGaa7zYgNT49hJrLufiqcNMuYZT,FEELSGOOD,8eRh3PYkBpfADNwkrRuXs6SjiNpNMCL8zCR9SVh3bMQF,meteora,1789769410,0.001677,85517.6,1677963,1677963,58.69,7770.4,63802.43,485189.35,1,3,31,30,250,190,1171,990,0.02,-3.77,-12.77,-18.08,0,1,1,1,DLMM,,,,,,,,,,
1790415938,4rkGWJNSUPBcMicXMRAzohEyeJLFG8gUjwiWaz7Pddr3,CRACKER,71JH7ZFZdSkYP9oyXtCnk2U4dGD8S6fg8tGMowsaPWs8,raydium,1789653761,0.0006240,88068.61,405577,405577,1.37,3087.32,124417.26,216323.43,0,1,20,37,429,465,867,1322,-0.01,-7.57,-81.04,-89.57,0,1,0,1,CPMM,,,,,,,,,,
1790415943,GyrdGn9yrZDeAwXfaGqe3QRuFAd3duYQ5jAdHrPvpump,Internet,7T5cgVfW4JXsaeVtMgENeSnrcJywSj73asJu21E7WfcS,pumpswap,1789769840,0.000002986,3224.44,2945,2945,0,0,0.01,39.44,0,0,0,0,1,0,12,16,,,0.21,1.45,0,1,1,1,,,,,,,,,,,
1790415942,EbkoPUqqDvScXC9Zt62FWhJNzSGjaWMZKhYnqZQafYeJ,CONTRA,3UKp5zpzCZsEyDRxBPSTcBihJ9PcEU7xh3yicvgmeVcQ,raydium,1789765805,0.00001476,12132.41,14763,14763,0,88.41,452.38,7077.75,0,0,4,1,13,4,58,37,,0.53,0.65,20.29,0,1,1,1,CPMM,,,,,,,,,,
1790415940,9iycZomkmZyf4UZVkGrbECEVXLeoop6FzjnK1efkpump,Paid 9/11,EYyucGttC2jpbgtdZTx2uzNXm7To2y1qWKmHDqgaFg7Q,pumpswap,1789795806,0.000002496,2713.09,2405,2405,0,0,0,0.14,0,0,0,0,0,1,0,5,,,-0.27,-1.38,0,0,0,1,,,,,,,,,,,
1790415942,GQW6Mr4buMjJ1Lwj3FgVUgcNQQsXiA3ivzR3ftnFpump,PAMUK,A8ENQdKvRfNtMHgF49FiMgXK1YpeCNYZrM4769ydL1XR,pumpswap,1789811596,0.000002865,2852.23,2751,2751,0,0,0.16,0.6,0,0,0,0,0,1,0,2,,,0.39,0.39,0,0,1,1,,,,,,,,,,,
1790415938,4JHXtNwMogExmcxXB1Ykb1A9s6yyAWKYG7xRurnT14Ws,BABYCATE,8bQnjS5Lw2NPxWMESpo8UY9mf2ErcQ1kwPpDSRfne8xu,raydium,1789817313,0.0002001,43274.5,200123,200123,1.89,414.55,4193.76,52585.9,1,0,1,5,31,49,370,347,-0.59,-5.51,0.76,-3.38,0,2,2,1,CPMM,,,,,,,,,,
1790415943,HbPYRoj7x4m5Bomi6MDMC8XuudFs5cqnqoZCziXjpump,UNO,AmmYghWb6zS2cfsXaQvHiSSTJQ7EUcRKSNq4ii4KZGX4,pumpswap,1789761406,0.00003382,14826.76,32490,32490,0,53.18,1043.81,7861.77,0,0,0,4,9,17,65,84,,-2.22,-16.97,22.8,0,0,1,1,,,,,,,,,,,
1790415940,98XfXyhDpit1UbVnZ8WK3wQzcn4TsdxG6Ymx1UVUMgDR,COINCAT,9QmRbLpCB5cjzqjuSYa5uT9EiUqW9FwgpCWMAXzQHjyB,raydium,1789816790,0.000004990,6997.7,4991,4991,0,0.13,18.92,24.9,0,0,0,1,2,1,4,5,,-0.5,-0.71,2.71,0,1,1,1,CPMM,,,,,,,,,,
1790415939,6wrGbTGsnG5WL9RDRgPRpaSnWpy63FR8tJL8fjPvv6DR,KITTY,Ek4LYGqMNypNaRpLhadsZ4VsK7NcLHmREAFgaotFbGgx,raydium,1789845015,0.00001765,11799.07,17656,17656,0,0,13.5,355.14,0,0,0,0,0,1,6,6,,,-0.44,-1.67,0,1,2,1,CPMM,,,,,,,,,,
1790415941,CDZodzUDKGH1CfSczv7wi5gnM2ZsGz5JYKbkWreNpump,Bidr,3YmuuffNSUtu648mXoCKXdjREkxLTY49QrvnYXgm4JVE,pumpswap,1789854184,0.000003374,3440.23,3136,3136,0,0,0,10.71,0,0,0,0,0,0,0,2,,,,-1.19,0,1,1,1,,,,,,,,,,,
1790415942,F1BQXs8RTr3pugsCddw3dGVWhfTAPhyLJpuWYpzgRZtU,Bogdanoff,8d3fXyUxozZR7jjwmCUZ3axA6yMp7Rs5Hfu9MC4FbB7h,pumpswap,1789851868,0.000007962,7076.64,7681,7681,0,0,45.16,182.52,0,0,0,0,2,0,5,5,,,10.12,10.24,0,0,1,1,,,,,,,,,,,
1790415937,2oYchSWCXvbi5W6vPaJD3hgpqrLrU8TdQ8hPLJhAUavz,Pigeon,6A1u4itnj37F54aHZE3cZzL3VA1n5L5orZCGKnMMWWVx,pumpswap,1789883097,0.000003099,3177.6,2971,2971,0,0.92,4.83,156.37,0,0,0,1,0,2,0,9,,-0.03,-0.66,-9.66,0,1,1,1,,,,,,,,,,,
1790415942,GYJydVwBWWeZJjp8jHew7BLD5G64haZ4G4G3pYkBQU3Q,Harambe,2ysy9GPkqAhbpKgPz17BuaQ22HdWYoM97BZJgCR9V7Sw,raydium,1789898598,0.000003816,5892,3817,3817,0,0,13.05,13.05,0,0,0,0,0,1,0,1,,,,,0,1,1,1,CPMM,,,,,,,,,,
1790415943,Hr455K2m8tdH37ASWLTFFdzLueJpgaJEwbVPweNHg4NL,CUM,3CEL87uXJJKAiLuTev4S3Yak6b6JMPz6biHFgNaQ9bti,raydium,1789942284,0.000002783,4948.65,2784,2784,0,0,24.73,78.73,0,0,0,0,0,1,1,4,,,-1.95,-5.59,0,1,1,1,CPMM,,,,,,,,,,
1790415944,wrRVeGUAh9GHVPQFAFHueL8SAXLbtvS46pFmjJsqRwY,RATE,AZnkLMDHMV2xLLeV4Xu1mYnX6yaP8hKLnSNck3S6bbYY,raydium,1789941704,0.00002866,14896.16,28661,28661,0,0,184.19,3383.24,0,0,0,1,5,11,19,74,,1.71,0.35,-33.86,0,0,2,1,CPMM,,,,,,,,,,
1790415938,5X7o39wuSuwqtLPWCbsjgvzYP8Fu5BqgLEcPeq4upump,PSYXPHIL,BwS2jqqQ5sz25jFPYGb7NKTFktdeZZYWqjfjS19CcqvR,pumpswap,1789941533,0.000002592,2956.11,2527,2527,0,0,0,15.69,0,0,0,0,0,1,1,9,,,-0.27,-3.05,0,1,1,1,,,,,,,,,,,
1790415937,3NZRsipTAuusbz9PdTEHX6faw8Lzr9D9jzFEoYsXJ1j1,BURP,2uZeWgA2ypYE3k9XTfxGigvhBxTxgMEcCz4ZdKNHbQvy,raydium,1789940637,0.000005497,6732.54,5497,5497,0,0,153.41,763.2,0,0,0,0,2,10,12,47,,,-5.31,-21.91,0,0,1,1,CPMM,,,,,,,,,,
1790415943,HFkaKpBvA8UDtufAmFwbBviVzK34KYETYRgWuie5UB3W,QQY,FPW6P3NTxUpdGEaqp8mqwajkLb6PAR2fPMbHQrKzXqeK,raydium,1789940537,0.000003814,6331.17,3814,3814,0,0,0,4.24,0,0,0,0,0,0,1,2,,,,6.9,0,1,1,1,CPMM,,,,,,,,,,
1790415940,9VBh7iBb4XsMtFt6A5MmC13WpAf9qRwtVR82v9pUpump,$Tapout,G6U3DjbgbVXAV7bh7CJeoUeh95iRHE577KNpsBSjKijo,pumpswap,1789939803,0.000004487,4072.26,4261,4261,0,5.91,9.03,2161.45,0,0,1,0,2,5,46,66,,0.56,-0.79,-18.55,0,3,4,1,,,,,,,,,,,
1790415941,BZRfWNggvbRk5DvUjTyucuqT1BjnUAgY2EE8Tj1cpump,WASABI,Fa2JJurYKa81fy5qvNsufX7ihb66scRQPU2yXThAo28z,pumpswap,1789941613,0.000002624,2898.59,2587,2587,0,0,3.98,20.94,0,0,0,0,1,4,3,19,,,0.94,1.59,0,1,2,1,,,,,,,,,,,
1790415941,BJ9mPPkCqnMisMiv7JQW7MJ2fgDyjm9udmwHZuJ2YcTf,DOGE,CKdWdZ7bAWw84h5WKEpKkQmFFoqXQgn5YCP56vPhTiXq,pumpswap,1789939159,0.000004258,4411.31,4168,4168,0,0,876.93,8783.4,0,0,0,0,3,8,57,53,,,-23.17,21.38,0,1,1,1,,,,,,,,,,,
1790415937,3Vx7yJSMWwBzYZtPtiBtfjAS6TxYttvLBCNzLRaJqGyW,SCAT,FPpjNRw94TZZ5MkisGHnwt5v53ozjJMSiWTXyievfFR3,pumpswap,1789939128,0.000004407,4480.65,4167,4167,0,0,23.77,50.78,0,0,0,0,0,1,2,11,,,-1.73,-2.34,0,0,1,1,,,,,,,,,,,
1790415937,36jkatzXHNjJGaE8qCbygu22Vatkf7L34bPvwf1txuv4,DIABLO,2FE4H49WPjkxYrma4obZR5FepHj3uxPbq7F782U9Ebm2,raydium,1789939860,0.000006110,7095.89,6111,6111,0,9.32,609.72,25039.96,0,0,0,5,11,46,164,451,,-0.54,18.65,-87.88,0,1,1,1,CPMM,,,,,,,,,,
1790415942,EqFG72Z35r8cAV8mKu3UK2L8NUTR1ZNyMr88E4BnwN8Q,ZEBRA,8WormohZAE1UHyEX65Y5njDzwgEiCPXskr5QhJRdk68d,pumpswap,1789939278,0.00001697,12855.96,16442,16442,0,60.65,368,9528.57,0,0,1,2,11,19,108,114,,-1.62,-0.69,-15.05,0,1,1,1,,,,,,,,,,,
1790415942,DkrUw74m1nC7QWXcHC81QpZSYBiUgWwde9LzPFGBQmv3,ALLIANCE,5WvxJ7B9dR4GXAv4VbE6By4pfnygQGzrfm6ubEDSai44,raydium,1789856511,0.00003458,10486.14,34586,34586,0,16.5,3204.5,10517.34,0,0,2,0,31,31,219,125,,-4.97,36.3,-35.48,0,0,0,1,CPMM,,,,,,,,,,
1790415937,2xYDU36p5gZeTLTjr4T5V5PGWnfmXCZodfiQ8EaMpump,JEANPHILBB,5NrY5zgvqZsbNCS5XTUWHkWsj8TgKWNZVDKrM7yUTiUF,pumpfun,1789928020,0.000005723,,5723.77,5723.77,0,0,5.78,263.24,0,0,0,0,0,1,3,6,,,-0.43,-4.66,0,1,1,1,,,,,,,,,,,
1790415943,HoxPjbofR1FLxRfqpYo492kj24AcpPxEqmUX2ic6APrp,Exaflopcat,3x783PhswEGmzBMZTFhGHiAn4EGgmJ4HaCNyLNMxUTZj,raydium,1789937818,0.000003552,5722.96,3553,3553,0,0,0,120.73,0,0,0,0,0,0,1,0,,,,,0,0,2,1,CPMM,,,,,,,,,,
1790415944,ihc6LRGHSD6ZK724zLpPcRbW5crQ1a9d9hvUpKbpump,JINU,6UDVvyeuzaBGqm2UQVHsoM9kpyxSdkjLbMPyBGP9bLG1,pumpswap,1789961984,0.000002484,2693.72,2406,2406,0,0,0,5.62,0,0,0,0,0,1,0,5,,,0.21,-0.81,0,0,0,1,,,,,,,,,,,
1790415938,4nianvQxSS5HEtE3fdWe6vyzhuThBEPmQJS8zYZRpump,patryczek,GCBycjY2Ka39wpca3SoQoMpXzTty6noW9sfxxi4AVjpA,pumpswap,1789985255,0.000002911,2901.8,2804,2804,0,0,0,3.71,0,0,0,0,0,0,0,1,,,,,0,0,2,1,,,,,,,,,,,
1790415937,3T4ZBX6amaLpSWe8MpVpgUhaniVq93ATNXcPeNzVTxJV,PONTES,J71hFW2JPHa4Zh8xVaxhnqEjTHQUyR3kB6DtKsmKxJdD,raydium,1789972941,0.000007901,8398.3,7902,7902,0,13.82,92.56,515.7,0,0,1,3,7,9,13,23,,-0.6,-0.48,-15.35,0,1,1,1,CPMM,,,,,,,,,,
1790415939,7y99REwtyMRGwP2vpfNZ1RC1ygkRsggM38Cyx4R4uA2m,COQ,FS7QQNuofziVGmMR4tkTsDo3GYFf1rrRFacf4WfexoDR,raydium,1789954325,0.000003647,4183.04,3647,3647,0,0,294.73,848.18,0,0,0,0,1,7,9,12,,,-21.98,-17.53,0,0,0,1,CPMM,,,,,,,,,,
1790415943,HzaCANKGkhNcQGb1VWL8f4tHJYrCmaXrPWk9eHR7GYYX,SATOSHINU,9MRKwU9aqc8UZxEwW18xBdkJH2sX75Y5VNnCPgiGEMD7,raydium,1790028055,0.0003502,60386.62,350232,350232,251.7,14249.8,67312.02,222422.22,1,1,64,25,300,190,1024,686,0.97,-13.3,-27.11,-44.52,0,0,1,1,CPMM,,,,,,,,,,
1790415941,BtisfPT2fYPVpUuPkVwNCBdUbSX6jcm4ML8D4bRNXWqf,CUMMIES,5rZWwdX1gg641JCDwD75E8PX4i6ZBnHzn2QGByVP8TtE,raydium,1790028187,0.000003331,5503.93,3332,3332,0,0.14,47.14,76.61,0,0,0,1,0,3,0,6,,-0.01,-3.38,-5.43,0,1,1,1,CPMM,,,,,,,,,,
1790415937,3BK9wpt22t9C36XdXCdaDJeS6AzFfxuYBkdhpHQBByf9,TRUMP TV,8dU12B4kFdkqevVjwHNoXo2YNGi9TmTSPQhzxYtnPieF,raydium,1790022062,0.000002842,5094.08,2842,2842,0,0,50.3,336.94,0,0,0,0,0,2,3,8,,,-3.54,-5.43,0,0,1,1,CPMM,,,,,,,,,,
1790415942,FgU8hVMmCss3biVXvmsgBiDNdYLaDHtEcXXMcCSVpump,$,2devq3jXzJ4zfWeNgV6W78r9Na86ZQfwSUJWzn3WRLKs,pumpswap,1790027827,0.000002680,2764.72,2543,2543,0,0,0,2.14,0,0,0,0,0,0,0,5,,,,2.85,0,0,1,1,,,,,,,,,,,
1790415943,HsryXB2BdWJuRXAY29hDcw2g4BPH57Q5nL1qu8kQpump,TRUTHS,Gja6S5zY1rywKXNRWsVWjDDT1wD4ECdXNEhUhqzfR631,pumpswap,1790028940,0.000006797,5961.77,6417,6417,0,29.75,659.71,1653.75,0,0,1,1,3,8,9,13,,0.17,-1.18,-0.47,0,1,1,1,,,,,,,,,,,
1790415939,87XZ8BVFZvxAuiRpbad4B6SWW3ogwSsywM4duDmSrA55,X,2LSsLKQYqLi4YWcWcZezEsvhbrCs6dQCcQmGJSPMp6g7,raydium,1790027014,0.000003478,5353.44,3479,3479,0,0,0,22.14,0,0,0,0,0,0,0,2,,,,-1.49,0,0,1,1,CPMM,,,,,,,,,,
1790415940,9LYqtgmvv888zCX8wHZ25JeRBrjnaXHL1pDx4DSiov2b,SUPER,FNHe2P9gBdkq6MGLSSngf8bGLaxyG2MbM41xbcvt2h6Z,pumpswap,1790027403,0.000002390,2427.23,2338,2338,0,0,0.18,2.51,0,0,0,0,0,1,0,4,,,-0.89,1.89,0,1,1,1,,,,,,,,,,,
1790415938,5kVBJoH6wMFX2x5vxccppcHoFDdyBLPKjugAj2rcSSVd,KF1,79fmbNUXYm5W5H2ejXDxVbg638CjDoivFnYVcHtywzyV,raydium,1790049881,0.000003474,5497.59,3474,3474,0,0,0,43.83,0,0,0,0,0,0,0,3,,,,-1.11,0,0,1,1,CPMM,,,,,,,,,,
1790415941,BLSuVTxKYDL4vm4XmG3oEJfsSGfJZF3cgy98ri68pump,CATEWALK,HdiUXnAwQkLBwdFpSh3gUKM1cM5QAC1G39nM1RGVwGrn,pumpswap,1790046050,0.000004474,5077.17,4446,4446,0,0,84.02,206.1,0,0,0,0,0,2,7,22,,,-5.79,-7.93,0,1,1,1,,,,,,,,,,,
1790415942,DrK9ci66pPJxi9ig327XcVRs8cDzs7frXXoHWwwKvsN5,Chiiba,HSHCtiHwuL7qGQA9AFdU2Vp3GTvYMsMcvJy4teWdiWb2,pumpswap,1790050246,0.000007316,6281.09,7069,7069,0,36,262.8,4626.49,0,0,2,1,3,12,70,109,,2.1,-8.11,-22.66,0,0,1,1,,,,,,,,,,,
1790415942,EJn36q9ywKvv8sFmwyuDeFRsNiVsxA2SYnykKd6Drek,REKT,FKU5B87FnwNA12DsFyw2n2VXmUCrtENHNM8fvpQpCxzC,meteora,1790055625,0.000002359,4416.04,2241,2241,0,0,0,16.58,0,0,0,0,0,0,0,1,,,,,0,1,1,1,DYN2,,,,,,,,,,
1790415941,Cxj4U5ofSx7xjYExKf4LwwsgYA9LQtBgqFJdbXPZpump,Pygoscelis ,AngoNacNjhMqVhCLJ5oHyipZj3gkyopfnczyAW5cyJQq,pumpswap,1790055694,0.000003322,3236.33,3135,3135,0,0,28.37,33.4,0,0,0,0,0,1,0,4,,,-2.79,-0.85,0,1,1,1,,,,,,,,,,,
1790415937,3J1MYQPC2VFPfwzshXLiKYwyUF5xo9xxzH1dNjpd62kF,KEK,B6UWTbQjWXQCHK7wWmMSoK3tLPap42RYUNY4pSo3R2Ce,raydium,1790054730,0.0001057,27535.12,105729,105729,0,0,1548.73,12876.55,0,0,0,0,4,6,52,33,,,-13.38,7.11,0,1,1,1,CPMM,,,,,,,,,,
1790415939,6iQNZnEKzKHnVfFczHhD39EjGN3uH7zDtKumErpq8qFJ,GPU,9CKMrqwYhgvsajXXQ5STmLRgdoSdVu9yPUrRHqYe5Eyw,raydium,1789582199,0.000004989,6572.12,4990,4990,0,2.07,121.8,205.09,0,0,0,1,0,2,0,10,,-0.13,-8.55,-11.82,0,0,1,1,CPMM,,,,,,,,,,
1790415938,4HQfqXp8rawfLCEBW1yEHHDhCWxuk5VJvi9x8XuxudnZ,XMRKAT,CFWSNytCTnPi8nBxoJ6kZGBRRYoPm7Ux9VnjGsKLb7HR,raydium,1789678786,0.000005723,6626.23,5724,5724,0,0,0,27.75,0,0,0,0,0,0,0,2,,,,-0.52,0,1,2,1,CPMM,,,,,,,,,,
1790415942,DupFBba8HP6DpYX9XpLn6uhdYnnEXXUUiAhWitGQc8qN,BM,814NBFxcmVjcP1vjfFm2EnmAPaT5H8j5GUbcp6TdjF8c,raydium,1790053037,0.00005611,22178.09,56114,56114,0,53.62,9704.05,45215.31,0,0,1,4,80,63,338,273,,-2.79,-27.59,-74,0,1,1,1,CPMM,,,,,,,,,,
1790415939,89VdwqRkPoNJRuoAT5q6wCLtyGxAHSaZdk3r1wHhpump,Ponk,GFnWFvSpJ9eKMJpmTThg6qaNmAgGDXMNyLeND2E75qSe,pumpswap,1790055784,0.00001270,10379.79,12263,12263,0,0,317.15,2628.73,0,0,0,0,8,11,84,41,,,-0.99,19.38,0,1,2,1,,,,,,,,,,,
1790415944,h6pRaLfBZ81c3khUjM3Rvtg9WR937vA7rpUetNrpump,Nuts,4X9MJ1NgmNvSKuCbf9LC5QgDdYuyQTQcA1tz6JNv4ryR,pumpswap,1790055289,0.000003485,3378.68,3327,3327,0,0,0.14,0.14,0,0,0,0,0,1,0,1,,,,,0,0,0,1,,,,,,,,,,,
1790415941,D1zD9GjCNocsCxJZJKEbWFhZ71QXqppuyoTUynoMpump,kakacoin,CzTHGiCdRYMXfdd14zMf5FiLg5E1xDqrtNgAvJonjeE8,pumpswap,1790086072,0.000003256,3311.48,3096,3096,0,0,5.3,5.3,0,0,0,0,0,2,0,2,,,-1.17,-1.17,0,1,1,1,,,,,,,,,,,
1790415939,7u5XWQeE6QuMxEdTEB4SrjEiH8G6CJwTqxbAQeNqRwnz,DUALITY,E4riEhzsuvR36S3RNdUQXmVZm2pVY36ePPLgQYbCeyVS,pumpswap,1790076970,0.000003985,3705.19,3774,3774,0,9.34,601.33,2939.05,0,0,0,1,0,8,2,31,,-4.9,-32.88,-73.75,0,0,2,1,,,,,,,,,,,
1790415940,AjnPeDYEXH3FHR43ygN9Z5aNNMQVqkXpyQVAX6Ppump,ZKSVM,E32cduFzjLGsKitP6NpkKPU5EFnxcKPYpWzMeMxrvDzs,pumpswap,1790099147,0.000002850,2903.76,2740,2740,0,0,0,0.86,0,0,0,0,0,0,0,3,,,,2.42,0,1,1,1,,,,,,,,,,,
1790415941,Be7ZBWaawENTSh6S2Nz3Dj76LptXW6AMBNQyZJ1upump,PUMPBACK,FAmgCbui3RsHCVsEy9qtJnx63TzwwqKzpALvyHunVetn,pumpswap,1790101913,0.00001718,11133.84,16515,16515,0,0,288.62,3823.79,0,0,0,0,13,1,64,37,,,19.25,21.63,0,1,2,1,,,,,,,,,,,
1790415938,527PdUTGwcFxVEMXt8tyRJA1nYbVedgSiSfh4s2LWTWz,BOP,2Sra9Xw28W25LecbFhHzV4nP2BoWx7G1mqyMJPnJHFF5,raydium,1790054892,0.0007860,89229.51,786007,786007,2776.35,30596.03,106534.33,401220.29,17,17,191,141,804,695,2201,1916,-0.93,23.55,34.27,-28.96,0,1,1,1,CPMM,,,,,,,,,,
1790415941,C1MHyoTJpRTeS9AQCyspNVu2EWAYCZwmJ1jNkEArFP1f,APE,88v4aoey74npmh3yJS9PWfzWFnuxAyZRkeTLveY7VJrn,raydium,1790097516,0.1536,80168.09,184341,184341,0,1335.82,11337.54,142450.4,0,1,5,2,84,34,768,880,-0.15,-0.85,0.11,-0.38,0,1,2,1,CLMM,,,,,,,,,,
1790415937,3B72iCu6FXMqN1fk5EKrkDxT4Er6cDomoo6Ym23Ypump,BFC,BChHmBF3PwxecJddjk2DQcTc1eM8phUr324ntfyb9UnD,pumpswap,1790113096,0.0001076,28871.94,106123,106123,0,0,199.19,476.33,0,0,0,0,1,1,4,9,,,1.47,1.85,0,1,1,1,,,,,,,,,,,
1790415941,CmQnBhUCvoZbnyvpqzcCiRWYtibbtjAYXT9dTM3FnhfX,HEDGE,8RqJ2iKXT1jXpLfnNZv8eSsLc55cgF8wYxahxfsyvTQj,raydium,1790114009,0.000002479,4724.72,2479,2479,0,0,0,38.88,0,0,0,0,0,0,2,3,,,,0.89,0,1,1,1,CPMM,,,,,,,,,,
1790415942,EG4dCBXrQVcWQStLtkXbr5cecoPjqaLAeCBNG1ybfEXT,BADGER,EC7t9MuzhzA3Z4aFhVqHud9K4QvEB5srsjTr6DvLEtMP,raydium,1790050130,0.000008807,8760.41,8804,8804,0,7.7,1171.42,5543.76,0,0,0,1,6,14,51,45,,-0.38,-37.43,-19.17,0,0,1,1,CPMM,,,,,,,,,,
1790415940,APzCHT3GnJromUFzjkU4gtdo2b7ASnMJoYKZ2UdfPcXV,Schlong,8hh4Jgt3ogGQYtvtaCasnG6BFHgoeM3Nj2e4LvrywvTk,raydium,1790114836,0.000002786,4893.86,2786,2786,0,0,1,50.24,0,0,0,0,1,0,2,2,,,0.13,5.33,0,0,0,1,CPMM,,,,,,,,,,
1790415941,ApQxRdwTq6tTi2t7WgRfi9Joz6BAmdEhMb4gJ5rpump,Driver,4NNNKU5ruNxbvMNcze8we2A7bWsuPYuZF5jUhH3jBQZp,pumpswap,1790115439,0.000003045,3060.35,2927,2927,0,0,0,21.29,0,0,0,0,0,0,1,4,,,,2.8,0,1,1,1,,,,,,,,,,,
1790415938,5xxnT772vG9jMGJp7XNXkKzdErUFBnzGdszGL5mVpump,GOUR,5XSP6ffQypEHLGPr5zWtjDEw2EVxQ8oLrXLtMZmjPX6n,pumpswap,1790156899,0.00001476,9951.65,13994,13994,29.63,208.11,2884.99,18902.26,1,0,7,4,48,41,231,233,1.82,3.44,-15.61,-59.23,0,1,1,1,,,,,,,,,,,
1790415943,HdNtXFrxa4brPCZneezgQjKVFXMEirtuHCrLPBUcpump,CAGRIPPA,HxKhjAZjXujvGLrZwShSToYfQYqYLj2a6gqKpsSgVbB8,pumpswap,1790157916,0.000002567,2825.02,2488,2488,0,0,0,1.89,0,0,0,0,0,0,1,3,,,,0.02,0,0,0,1,,,,,,,,,,,
1790415937,2M84VE4DWD4GkrURatcWJXy4r1pZDLJS7EDto2q8vW3B,TENDIES,GrPygTjRJtrk7c4XEAKe4mAzNxxDTsdS9dGaY4QG6Jnk,raydium,1790093742,0.00007223,23825.63,72240,72240,0,9.24,86.76,1638.8,0,0,1,0,4,1,35,4,,0.13,-0.08,20.19,0,2,1,1,CPMM,,,,,,,,,,
1790415941,AtbAaWSw6q4E4xSqVb6H1953Dq5HKF6WUAwpQdwdpump,APEZCAT,B9wMYfdtSz6Nve324tY5aKVvMemZxHRhyPf3RvxKvErr,pumpswap,1790163246,0.000002814,3176.39,2747,2747,0,0,0,6.2,0,0,0,0,0,0,2,2,,,,-1.49,0,1,1,1,,,,,,,,,,,
1790415943,QrevJp2pxTYFe39SiZfGJ3koUffLtuSNdxLf2ymV8Y5,metball,uYRqVTrLUkFF9tJ4egirDrraQSunAbYfcU4Xsj41QUe,meteora,1790163241,0.00002069,13623.9,17496,17496,57.51,648.01,7887.84,52972.5,1,0,6,9,86,64,473,322,0.64,-14.04,-41.42,-77.38,0,1,1,1,DYN2,,,,,,,,,,
1790415941,CB4mu6ZgM6mjWU8Qqyz46pmLox2GbF8hTBMkaRAWpump,OffShiba,4x2dfqBVkRyxvLXTYZj4c4Jyfj9GQbeuE2x5dPeEEjZc,pumpswap,1790163495,0.000002573,2783.97,2486,2486,0,0,0,0,0,0,0,0,0,0,0,3,,,,-0.24,0,0,0,1,,,,,,,,,,,
1790415938,4EXKnYf7at8s5msWqZbjWd7DMvgV222L1dYsttCFpump,LOOONGUY,6XGHRaVxWX9fki46p6DUyMUeiUXpLcZ58Pgp8n1KAodu,pumpswap,1790162901,0.000002622,2926.62,2529,2529,0,0,1.09,1.2,0,0,0,0,0,1,0,7,,,0.26,-0.64,0,0,0,1,,,,,,,,,,,
1790415940,8MYx2Umiu8vBgkvLCGP5RpqmsHp4kNFXmJE3YpFDpump,GOOD,FhudJbHRCccuCcHnocsHBa4bAzbVE2hNj45h6jY7Dzc3,pumpswap,1790179337,0.000002574,2557.49,2451,2451,0,0,0,0.24,0,0,0,0,0,0,0,1,,,,,0,1,1,1,,,,,,,,,,,
1790415937,338pB21eL9EX7gFP3gJWe9okCDF5BSKRxVa9xs4spump,SATURNCAT,EXsym96wYsF8pxdrk3FmWfK2odjXQfWpXjSuRX9zvo23,pumpswap,1790176991,0.000002346,2457.4,2290,2290,0,0,0,0.57,0,0,0,0,0,0,0,2,,,,1.16,0,1,2,1,,,,,,,,,,,
1790415939,6tXfZXND9VtrbPUqCrqNM5aUxnofebm3Mp2fhG4ctJXu,FOMOCAT,5mmSjJY22QWHXe5ZnrjjbPht4uNw64cj9kvW7msCSSci,pumpswap,1790259649,0.000003288,3164.12,2976,2976,0,0,6.67,94.15,0,0,0,0,2,2,9,18,,,1.02,-0.02,0,0,2,1,,,,,,,,,,,
1790415942,FCP7AaPtanrWKcUfUXjqVhxFgPDoLVWiUYcVizMAKAd2,ARENA,A99czg8Zd16LXVBrYqrefYwFwxbEdofiKeDt43S1MYBh,raydium,1790176989,0.000001528,2542.49,1529,1529,0,0,19.81,502.85,0,0,0,0,0,9,4,33,,,-40.04,-66.41,0,1,1,1,CPMM,,,,,,,,,,
1790415939,6kkihk2DGE6LjpQkJyqWPvkhurPuRgvmUu4ZaHFyySwU,Berry,DBAx7LSQCbd6osr4MqS6u4ACgb99RKKb2VDNFqCd6May,raydium,1790176261,0.00001367,10451.77,13673,13673,0,0,91.01,928.7,0,0,0,0,0,3,3,18,,,-3.53,-21.77,0,0,1,1,CPMM,,,,,,,,,,
1790415943,J6pQQ3FAcJQeWPPGppWRb4nM8jU3wLyYbRrLh7feMfvd,2Z,5Guq7ooZFtNju48kVNRzCVJmE9erW4DPcTQyrAk3z4UE,raydium,1776967399,0.07867,1332505.04,786796410,272978081,19295.36,370434.7,1618445.12,2031294.53,175,129,2251,2202,9768,9946,14197,14950,1.52,8.64,36.48,42.66,0,1,2,1,CLMM,,,,,,,,,,
1790415942,DhZVrg8FzKsed6DYVYpHFZ8fNAhnwsYD7e1GtqWTRpkc,PAPU,C3pTiNkkexcws24hE59rz5QeU7eC55EM3pso7HtAL1if,pumpswap,1790185262,0.000007025,6139.59,6751,6751,114.37,275.89,2420.02,4534.36,0,1,1,4,19,26,63,41,-3.71,-10.74,8.38,20.3,0,1,1,1,,,,,,,,,,,
1790415937,3JJU6j1X6gU7aDMo8DX3zDue1wDV2kjvoTRhmcFWSVvA,BURNT,9wE65t4zH59FsJAJ8ocUh1CJbTyTvi3xSSurpw61kM9V,raydium,1790184572,0.000004505,4460.24,4415,4415,0,32.19,1008.93,15867.86,0,0,0,6,25,59,213,279,,-6.44,-45.95,-86.93,0,1,1,1,CPMM,,,,,,,,,,
1790415943,MadVLQYW7VUzfMdMDHuS3UVgJSNUQGwvobYgYZxpqp6,MADVULT,Csz1UvDq9YkEcsJJQhMLwkMVyos3MZHmdPYhsrvcixka,pumpswap,1790183971,0.000003043,3705.29,3007,3007,0,0,0,13.15,0,0,0,0,0,0,1,11,,,,-1.92,0,1,2,1,,,,,,,,,,,
1790415943,HhXe2PbtXQHzZ5Ch46MBXf7rEbMgnYsCGaEhktyKGZNT,SCHLONG,4RgV4wZLiv64QZjrtLswS5Abr44p6E4m3mrC5sfjtt3P,raydium,1790184649,0.000006685,8084.09,6686,6686,0,89.71,1333.93,13266.23,0,0,1,4,22,38,216,172,,-4.14,-35.17,-67.94,0,1,1,1,CPMM,,,,,,,,,,
1790415940,8WP2QJ2rz9BPBKtP155nWUDkThiPu5xxbvTxtXH2pump,MUSESEM,6fcyUJjWXFRz32vDkGQ6eUzsDkgHaa4HMWqAUFc9E6R9,pumpswap,1790184800,0.000002495,2706.1,2422,2422,0,0,0,0.17,0,0,0,0,0,0,0,1,,,,,0,0,0,1,,,,,,,,,,,
1790415941,Bf6NdK15im7f3o4zd6uWu6YRLrZyEnJ8Fq2uo2dbpump,meme,HdFiTE4oaZT4zF134QRricXfUp9BdveUiEBEsCNCRWbR,pumpswap,1790201875,0.000002749,2740.89,2506,2506,0,0,0.62,1.54,0,0,0,0,0,1,0,3,,,0.12,-0.33,0,1,1,1,,,,,,,,,,,
1790415942,G8TTWtBR6AqxzMC8nSwdVt7NCUDGvqjUEWRr5SXdpump,SCANNY,HDtqwX8psdRRcDiD6aGv9GCbJ4bUucFjFunCKvMbrSQC,pumpswap,1790201643,0.000004015,4050.14,3905,3905,0,0,39.84,642.13,0,0,0,0,4,7,14,36,,,-0.96,-2.75,0,1,1,1,,,,,,,,,,,
1790415941,Cid1om9uBjknK8sBmpbYyft7B9GrNK5HmSL4yC6Upump,fomotemple,919pGzGj88hSfLcgFx98TLvPGsCGS6riJXMs27KMY1DF,pumpswap,1790201012,0.000002442,2624.28,2364,2364,0,0,0,0.04,0,0,0,0,0,0,0,6,,,,-0.81,0,1,1,1,,,,,,,,,,,
1790415937,27XVtvjVVwBgZKDfBQfQ3L8TvWvBWCDYL7vBnFtjbdLc,PURRP,25PvsPm2Tm9DrgE9FqJn3yZT9RtYCrPYBsKaCsDPy2RA,raydium,1790196712,0.0002443,46294.1,244367,244367,3.89,2209.18,37696.85,139643.06,1,0,13,11,145,118,444,464,0.03,2.45,-31.1,-33.41,0,0,1,1,CPMM,,,,,,,,,,
1790415938,4mS5JinFf5f1GCr5K2MRLgQiu95ifd4X763Uhj2Ypump,UDR,E3fvyZyvr3pbhvgHTNXxbnu7Uvr9KG3wUY9TWijSv1kN,pumpswap,1790194019,0.001263,101422.23,1260967,1260967,20.19,158.09,1208.84,6799.35,2,1,19,7,123,54,509,221,0.04,0.34,0.72,3.07,0,0,0,1,,,,,,,,,,,
1790415944,Zdtf2W7jDRXDfMMtq1ujL6ahBm61iRCRVcxNTYgpump,HUSH,C4DzKjefNUKZbbDxNsT5sreaWxRaEoxsCGzpAitVGRRz,pumpswap,1790201134,0.000003023,3070.74,2927,2927,0,0,5.25,10.64,0,0,0,0,1,1,2,3,,,-0.51,-2.03,0,1,1,1,,,,,,,,,,,
1790415943,HSUMi4rMgjrx7zRUabw3ogGu1pa5hmF2eVcXj9Apump,goon,9PYormkWiWYAALGWkNNBjSEqKk79HPoRaLgQhMfY4fuv,pumpswap,1790202863,0.0006762,96058.07,660787,660787,1852.9,32671.01,88794.87,1169396.65,5,7,135,120,395,483,4774,4422,2.1,-17.13,-34.79,-48.95,0,1,2,1,,,,,,,,,,,
1790415940,A2rzoxEZpjRWeXsQUSsCqoQ3VhD52947HVFUdMWvUSfW,Abu,BVpf21otVkxfwUEZwsERwGZXcaRcW8J4fVEV1Ln1ECpN,pumpswap,1790221565,0.000002795,2770.75,2671,2671,0,0,4.25,99.34,0,0,0,0,0,2,0,8,,,-1.57,-7.95,0,1,1,1,,,,,,,,,,,
1790415939,6TcFqnzyxFE6bZPqNL7MimUsvggheDQrjwKUhGUKJFXY,Rufo,Bzun9z1nwRr4pcDA51MGkA3YqzhB5TDonprxRBG7ALpe,pumpswap,1790218653,0.00002430,13502.56,22556,22556,127.06,474.54,18213.94,283463.8,0,2,2,10,179,145,1342,1032,-1.73,-12.4,17.64,123,0,0,0,1,,,,,,,,,,,
1790415937,1gWWhs7qrd9sBHwppQdMU2h2fTnnyoCYCSuVjFBpump,DOGY,9jAaCVm6wcnGmqFNhmYEdzL9YCsJB6psK1iFNT68xziq,pumpswap,1790273862,0.00001387,8920.49,13300,13300,0,1280.31,3361.78,53838,0,0,17,15,62,56,650,545,,-4.69,-17.98,-26.48,0,0,2,1,,,,,,,,,,,
1790415942,G59zeXWwXMw2bb6UJD1ceELXRhNkLXHkYrtBYBV5agnt,.agent,Ac9V1XvCdyF7oreiHhQjZDwT1zy8kGKnhAcwk2U3kAvC,pumpswap,1790244859,0.000007514,6546.49,7141,7141,0,45.26,339.92,10353.26,0,0,1,4,11,32,148,234,,-1.7,-8.73,-57.26,0,1,1,1,,,,,,,,,,,
1790415939,6tabWKDy8cUuuNLn5VnMkj8ijSmrKhGAprb8uBqV71Mf,RWT,DBxThuh558T6nnyWiEZ2xVvRMHQue1YPy6QkVQq1jZEU,raydium,1790238114,0.000001799,2548.89,1800,1800,0,13.84,192.84,2599.83,0,0,1,0,5,20,15,56,,6.31,-23.51,-89.45,0,1,1,1,CPMM,,,,,,,,,,
1790415940,8xtP7TNqK7ND5w7aJjJ1StVzYHqCV98SXdXx6UMspump,TURF,6WQHqoZyx8KaqVaDn1h7SF3ndz5LtYAdfMQqXvZKau7v,pumpswap,1790244085,0.000002826,2918.84,2750,2750,0,0,11.12,312.75,0,0,0,0,0,3,2,19,,,-1.13,-11.44,0,1,1,1,,,,,,,,,,,
1790415943,MLdXKXUGXoYSDx5pcDWMrCdLP2AyxzxaQd3QvFMpump,PINF,5bQ7Mfuh3KcXbPbmfEkKgmVafa7BxqPswJu2T1fBfhxo,pumpswap,1790244236,0.000003671,4537.19,3440,3440,0,0,9.21,971.64,0,0,0,0,2,2,8,22,,,0.23,-0.42,0,1,2,1,,,,,,,,,,,
1790415938,4x8JnqmsTWszJKrnmt1kBKqcc5cRg2SA1JCfq7PNpump,WIFSHART,5EHvCic5xQny3ZK2svf61v51T5dt6fDCR1axaq3wbKg9,pumpswap,1790244808,0.000002512,2714.91,2429,2429,0,0.16,0.16,4.95,0,0,1,0,1,0,2,8,,1.23,1.23,2.9,0,0,0,1,,,,,,,,,,,
1790415943,HMD6LV9hj6SdSKF4oTd7dYTVUhVL8MzYvPZYgb7BQSrW,JIRACHI,BQkWYToxDKqjhesAM1R2gAUMQ7HRunHBKnJor4rQNQe4,raydium,1790247702,0.00003295,19123.29,32959,32959,0,2819.34,12610.24,149172.96,0,0,28,30,111,103,979,776,,10.61,-32.65,-87.23,0,0,1,1,CPMM,,,,,,,,,,
1790415944,dxqSq2hQipTN249zjv78zujvaeEgYyHyYq88pNXpump,ONBOARD,FZAjdc1kStK4MrTdZ4wMaJhSbqs3U4LoCFejWj9a4uGC,pumpswap,1790257150,0.000004303,4615.37,4213,4213,0.22,6.99,20.83,1742.79,0,1,1,2,2,10,95,131,-0.22,-0.79,-0.8,-8.28,0,1,1,1,,,,,,,,,,,
1790415937,23d5EtiLeT1t6seccoNNADa82yUeKrch8g6ei9tVpump,MCNAP,HNyY3tXe5UYiY4SXnkFGWf7GpdpfxdHjuGSTuyV43nH6,pumpswap,1790256041,0.000004211,5613.2,3980,3980,0,0.04,3.27,97.73,0,0,0,1,0,6,8,28,,0.24,0.76,3.49,0,1,2,1,,,,,,,,,,,
1790415940,8K5tbzsAJx1JYj9yvZdtJbFqbf1A3uKGejpw59wNpump,PELON,2RuHs3BdjH3JWUHpny19ekrUvjAGryNQUYApFgmZBWnL,pumpswap,1790255744,0.000002496,2776.68,2444,2444,0,0,0.15,0.26,0,0,0,0,0,1,0,3,,,0.16,0.6,0,0,1,1,,,,,,,,,,,
1790415939,6MPGA9ccfsQfdUDNhWmiWp3CkCYsJnbN6UutMY4icPjo,ROBUX,7EZo4smD2egU1KbFbFxSNG4Utuqmccc4x51QQXPfGGob,raydium,1790249051,0.0004507,58551.63,450798,450798,258.35,1210.27,6042.89,155395.22,2,1,9,6,71,50,1837,994,1.66,-1.63,3.51,-36.09,0,1,2,1,CPMM,,,,,,,,,,
1790415942,FnBS4V6kyWXKWfgH3tT6Xu162WubcgtqjVTHcU5Zpump,ST,9atKbKNbc6fbs8jJFWjgFKdDfCZmKQT4zMhdVwDDRMjW,pumpswap,1790255653,0.000002606,2614.74,2526,2526,0,0,27.84,311.78,0,0,0,0,0,2,0,9,,,-3.66,-20.15,0,1,1,1,,,,,,,,,,,
1790415943,HExJd47752Q2Nqm1EpMDrvfPKWdeVtZ3ATh1TukU1tYn,WIRE,4zqq2kbuL6b98Gx2DjGzkZ2MPUq559nkWrvwJMi3Tkxd,raydium,1790258787,0.000002478,3981.54,2428,2428,0,0,19.72,408.21,0,0,0,0,5,2,13,18,,,-12.36,-38.59,0,1,1,1,CPMM,,,,,,,,,,
1790415941,CLeHYCiRZBbemFGhe19E9miXnGc3LuervrU7TYmVpump,TBR,3JRbixScAM3st3pTRLA66tRi7xFvfBq3jtuockJ8Jtzz,pumpswap,1790259409,0.000002478,2622.69,2383,2383,0,0,0,0.19,0,0,0,0,0,0,0,2,,,,-0.4,0,0,0,1,,,,,,,,,,,
1790415941,BUFtBSEE9LMmaNjPvqUnUQD4QZM6WqGzLyG77jXof6t5,MOONIMALS,1dsCMsWdhg1KkZUyXwQu3GErFZxttAZofm8NEGHf2SW,pumpfun,1790263525,0.000007365,,7365.05,7365.05,0,448.79,1058.85,34492.03,0,0,2,3,12,22,308,324,,-12.99,-18.61,-34.23,0,1,1,1,,,,,,,,,,,
1790415940,AB6GPhv1N39418hYjCqAqnffT7Je4mrXRDjBXtu6pump,BOARDCAT,3TzFDYQXukxhyQbCHHTr74SRpGSNXa22B6bTV9J4FpET,pumpswap,1790263398,0.000002796,3172.13,2757,2757,0,0,0.28,53.13,0,0,0,0,2,0,15,13,,,0.22,2.41,0,1,1,1,,,,,,,,,,,
1790415942,GM9XGgaQMKDRV3YDGed6VhhUAfDE4oGFgcVMZZMKnhci,SEND,Ar1pXnztYs6gb4AUa9wBuUoYknbDPom71QGgG494LPFC,pumpswap,1790263991,0.000002571,2569.16,2407,2407,0,0,0,3473.49,0,0,0,0,0,0,7,22,,,,-64.71,0,0,1,1,,,,,,,,,,,
1790415939,7vj29b4sM8EGX9VDuY95NjgskWC8FML2zu5np2bR9xB6,HTTPS,Dj4kD5dd51Y6qvFCkRwRUVxALMCG3mFoRpy6WjGN581f,raydium,1790262623,0.000002519,4375.79,2520,2520,0,0,0,111.31,0,0,0,0,0,0,0,11,,,,-6.17,0,1,1,1,CPMM,,,,,,,,,,
1790415941,D3EZngMsHrHY6aUZyoRW7feeAFHKhLHc5SVYq47hQbga,OHMINU,GzEWPTFCYwpDEYyXD3Ziv7uLYXt42279Wmy4hh78nASN,pumpswap,1790350499,0.000002921,2859.77,2781,2781,0,0,42.08,22702.39,0,0,0,0,1,2,244,326,,,-2.17,-94.12,0,0,2,1,,,,,,,,,,,
1790415940,AAkZAvAqddCWg284KWY9c5iY415RgCWNqw9vKXHiLeaf,Leaf,5UbWH4bWrPNW9xjbVRCFZ1X3uyYDBStD3ZAJQ1i14xDG,pumpswap,1790264236,0.000002774,2792.42,2667,2667,0,0.34,732.7,841.67,0,0,0,1,6,12,6,25,,-0.82,-2.88,-9.96,0,1,1,1,,,,,,,,,,,
1790415939,6YqakuvZZ26Svz5SGtCV4yWymwyp1NM4M1DgBX7svRpC,MACCA,7xzqbtmk6HK1yAsjemfo7PyvfEqXsUn5wwXemr2G984f,raydium,1790262334,0.0001229,34898.56,122913,122913,0,759.08,8341.78,160279.64,0,0,2,17,49,88,1020,916,,-7.82,36.22,-17.45,0,1,1,1,CPMM,,,,,,,,,,
1790415939,6gtKNF38rosqNRGZsEqxPYXd9itc23cbKcjszZofpump,$SILENT,8YmfMWMCXA5tizeR3nxLbF7NbmpKJLAqUNcDZ14mbRaV,pumpswap,1790263098,0.000002602,2795.23,2517,2517,0,0,0,7.63,0,0,0,0,0,0,1,1,,,,-1.33,0,0,1,1,,,,,,,,,,,
1790415939,6jqjCQg8F4WEiTk4MiEiTm9zNmsYhh4ryaXVdSQZhe6K,GEM,AnPxzzeRfYWfpUepYzD6dA4nvwLhx4EerxwnakofdsRr,raydium,1790270695,0.000003987,5783.85,3987,3987,0,0,123.21,1777.58,0,0,0,0,0,1,21,34,,,-8.33,-20.1,0,0,0,1,CPMM,,,,,,,,,,
1790415939,7dyQxUL6VaT1V1dbw1erkknW8MJHEaKdeEo3SMmFpump,BUFFDUCK,8dNFuhvcq7LACw4x6JiL54z779iSjeJKUU3qnBMmzLmg,pumpswap,1790270364,0.000003101,3122.4,3034,3034,0,0,11.3,27.7,0,0,0,0,0,2,2,9,,,-1.4,-1.89,0,1,2,1,,,,,,,,,,,
1790415937,3hg9cWm29zpMpJdFqu5KtZCziYLJSB4ieKo5jRafpump,HYPEERA,5RxixaE4BzWPz7GkPSnPenbPPFzKTBCSD7k5rvAP7tib,pumpswap,1790271057,0.000002442,2568.2,2375,2375,0,0,0,1.12,0,0,0,0,0,0,0,9,,,,0.75,0,1,1,1,,,,,,,,,,,
1790415944,spwn3Mwjuig2wWfuG2LwzHPZTeZU3J3KtrPdkf11bpk,SPAWN,FvMA1Y38Er6idQwqamubrANu69KtkW8RzECD8prp7iUv,pumpswap,1790270335,0.000003652,3533.7,3493,3493,0,0,38.1,659.79,0,0,0,0,0,5,7,28,,,-1.64,15.28,0,1,1,1,,,,,,,,,,,
1790415943,HNnMeQ4ji2nKk12mG9qnSDuJVZVfbfmodzxdaZPmpump,claudechain,CnhZG3PfBfEBAdF5M2hfT7w8tgeosjq9nmbthsCteVLu,pumpswap,1790271854,0.000002730,2753.71,2499,2499,0,0,0,35.29,0,0,0,0,0,0,1,6,,,,-0.31,0,0,0,1,,,,,,,,,,,
1790415940,9UJswd6e5kzay9SWdRYU5zVtqpfcuFHJJaNC8jMyQ1hA,sBadger,9UgsBpqMzcrTs2HwBZnDJjXXZWXW9AKAQcxL837Emhbw,raydium,1790271541,0.000004373,6091.53,4373,4373,0,0,0,567.59,0,0,0,0,0,0,3,8,,,,9.52,0,0,0,1,CPMM,,,,,,,,,,
1790415939,6TQBFXT7GKY2BZVATXHMFA5QfAUS7SxtdF1aEGnYNSV6,JOLLY,5yv6NiqRuUUHpRSC1GD8sCp6sq4UN6uPyytX714aRQPF,raydium,1790273258,0.000003291,5449.37,3292,3292,0,1.99,7.66,970.88,0,0,0,2,2,7,11,59,,-0.14,-0.28,-34.66,0,0,1,1,CPMM,,,,,,,,,,
1790415941,AouqdqhCsKb1x5Ngw5PktSonaWnxb9UiBF3QzBdvtMH,JOLLY,62DYAL8KNLrRTpvjYhL9Ykm1mHd5Diwx7ZKuXUQo9DGN,raydium,1790204868,0.00001498,12351.78,14984,14984,0,3327.23,6944.12,63108.76,0,0,27,29,59,92,578,607,,3.07,-14.41,-61.3,0,1,1,1,CPMM,,,,,,,,,,
1790415940,8zQmQL6TtSPB3xJSy4cM24rebupNaxEipmr7T8vwpump,trolls,2mZq9W28WJVWxZmcVEo7MJs58e2Cpoh2LQNxuk3dXPCr,pumpswap,1790273275,0.000002571,2845.45,2495,2495,0,0,0.37,12.78,0,0,0,0,0,2,2,15,,,0.77,0.41,0,1,1,1,,,,,,,,,,,
1790415939,7F8EHMBLttDXbx3kWqzCMTxeyP8ExMxWj5DUJUyTpump,MOON,AQ24ke1G8Ww3RC3ZHD76pHsWKYPdTof5am7WQe8vRrmA,pumpswap,1790276057,0.000003101,3046.91,2992,2992,0,2.49,169.73,1472.66,0,0,0,2,0,5,15,47,,-3.37,-13.16,-35.42,0,0,1,1,,,,,,,,,,,
1790415939,6TfTBpkgRX5kzb1qbtijV1nZVTfzfbmbXE1hPsFrpump,Agrippa,8aDqCgNAmrpJRB7ZdGM8a2SkCEKJJGf9wrA7aodszn7a,pumpswap,1790271240,0.000002631,2903.76,2563,2563,0,50.73,54.84,56.61,0,0,0,1,0,2,2,4,,-2.04,-3.31,-3.83,0,1,2,1,,,,,,,,,,,
1790415938,5rzMk1M2ayGPQ3zQLkWV6FMxvaLAXeXrAzotYLF5chcg,CUTHBERT,SHT8pyFXpfB8fH54i5nM13joSh4CNYHErsGm4kPeDzQ,raydium,1790269437,0.000004920,3963.46,4921,4921,25.99,38.42,5423.76,34282.6,1,1,2,5,66,100,254,286,2.66,-1.86,-85.09,-93.55,0,0,1,1,CPMM,,,,,,,,,,
1790415942,GaV58XheErrvHbfNvcQvvxtPEhjdwTBwwbrAZugGpump,call,9yAwkfkA8jSVKaFCaijnPCt1cjpcUqBGwZZ5AxJdCVry,pumpswap,1790273218,0.000002423,2423.92,2312,2312,0,0,0,3.09,0,0,0,0,0,0,0,4,,,,1.65,0,1,1,1,,,,,,,,,,,
1790415942,F8BTnFMCaajnrRYfmVGqJrvm4PYcFb1AiTwLxCpSpump,PLOP,EpMgwgW1gVRPFfLFynHYKk6RT1YDEc9NLXADdQEisath,pumpswap,1790273736,0.000003155,3955.02,3078,3078,0.42,1.94,7.46,99.44,0,1,0,2,0,5,1,26,-0.54,-0.53,-1.05,0.54,0,1,1,1,,,,,,,,,,,
1790415937,12m8Pwr1UHmmyM2Qh9bJBNurR9mmcZa1adCkAvdLpump,OnlyCats,C2U372C8rN2XHZeGn3LJrhcrEpgaNx92SDNs9qXsewo,pumpswap,1790273764,0.000002387,2600.73,2352,2352,0,0,0.3,18.47,0,0,0,0,0,1,2,4,,,-0.72,-0.62,0,1,2,1,,,,,,,,,,,
1790415941,D8aHDLTQtDqMLAghU6KKVGtgFEDvJU1NAkn6vbKVpump,catfone,3i3rnbKa6Rbs5dksuEU8v5a18Banpk4ppzXUpcVzmykW,pumpswap,1790277814,0.000002518,2612.23,2470,2470,0,0,0,0.13,0,0,0,0,0,0,0,1,,,,,0,1,1,1,,,,,,,,,,,
1790415939,6dPweBFhc13AjGQ5MBYJUs9EYDJ3zXfGPi61zDAVEwDb,SAGASU,2AjPHG6oX7cKdE1BcpQQ1mbcS2b7CBHwrdRXAELnPuL6,raydium,1790276982,0.00002730,14888.38,27300,27300,0,351.64,1740.14,43999.98,0,0,3,4,18,21,333,332,,-7.06,-22.35,-16.4,0,1,1,1,CPMM,,,,,,,,,,
1790415937,1LHsACGWsizxXZ7SL8Wth8jkjKrK524kqdWC2bz4ix7,MET,3m1C7arHYT1RKvjtZSUBYhYN7pJ7X3LKrAtmvq5CmL6B,meteora,1790278830,0.000006860,13275.56,6861,6861,0,0,5.25,9.04,0,0,0,0,0,1,1,2,,,3.67,3.93,0,1,1,1,DYN2,,,,,,,,,,
1790415941,B5pXX5vFbMNuX2aLNq5KArX62dwqsMvb2FNhLoiRpump,BELUGA,6K6HzwNdeBJkp9UjwKDGGSMKtMS9EJpW7gxafAfaMCjt,pumpswap,1790278979,0.000002304,2420.42,2273,2273,0,0,0,0.52,0,0,0,0,0,0,0,3,,,,2.35,0,1,1,1,,,,,,,,,,,
1790415943,GycDqcYhjbRHjexjwFdcsLupoW8rQ7smBXwnagzqpump,SPOON,88NJN8esHEiDTkETgZMmznjzxv4qrC8wQAooYne7KY8W,pumpswap,1790278671,0.000002508,2700.11,2447,2447,0,0,0,21.92,0,0,0,0,0,1,1,18,,,-0.17,1.53,0,0,0,1,,,,,,,,,,,
1790415940,ACvqgrkji3xvr4wVjbjxup7XJRPdDWZQGS5aapEQpump,HOOD,Fo86Ex9aoJgrsovfAD5RiWB4L6H2u5e1a1TDJ6jXtAbM,pumpswap,1790278241,0.000002198,2227.61,2189,2189,0,0,0,0.85,0,0,0,0,0,0,1,0,,,,,0,0,0,1,,,,,,,,,,,
1790415938,4Cf16dgFaaMtYAdjLq5HvaH4RLHtAyFj6ZVSNuwyi35K,MONKEY,5ZqhifSFJj1rMsUHqdbbmDP3iGu6mbQSUP1xg1GkBwLf,pumpswap,1790278843,0.000002524,2515.93,2363,2363,0,0,4.38,59.55,0,0,0,0,0,1,0,20,,,-1.26,-5.72,0,0,0,1,,,,,,,,,,,
1790415940,AotNyzGfP8wRy9mvi3JggMii2deNFaCvAT5qULojWF3t,SCYTHE,933F3FgQMcGu7ewFrsjC9UYHojjrqkVbC2Gr2e63QDfk,raydium,1790285251,0.000001258,1874.71,1259,1259,0,0,3.53,8593.77,0,0,0,0,2,4,57,154,,,-25.43,-96.14,0,1,2,1,CPMM,,,,,,,,,,
1790415943,HiiRvVQmdETji3hRJArjJr6QxLKryYHKkREXrDEwNa4E,LIQUINU,4urS7v33AaAcxWJuc5JcPkkc1NzHPg9FDQxEmZvDrgTe,raydium,1790271305,0.00008140,25346.67,81402,81402,333.98,3005.65,7822.8,101771.84,0,1,0,8,9,34,276,275,-5.1,-34.93,-48.41,-65.69,0,1,1,1,CPMM,,,,,,,,,,
1790415944,hGq6x3FwjMcNYX9WitsSRph2nnaoA6KuN7HPk9FMpad,fomo,7ScKdre83kTjKRtxBk7PSs7VC32JTJtKFgf1hDrh6ycp,meteora,1790288454,0.000002867,5248.5,2863,2863,0,0,0,98.07,0,0,0,0,0,0,4,6,,,,3.47,0,1,1,1,DYN2,,,,,,,,,,
1790415938,4dtNo5GHzbQTU39fykpy55NuLaWyVSpB3HQ8UdUbCwxn,UI,F6DMJtuSqWP6nx8NA4Xat8obzPTFFYyBwuE6CF4PFZLA,raydium,1790286040,0.00009253,29520.97,92540,92540,0,9.92,370.88,5830.82,0,0,0,2,6,11,58,78,,-0.75,3.84,-11.82,0,1,1,1,CPMM,,,,,,,,,,
1790415941,B2JBQ98ZARAABHvDmhjrkviz1XzoQrXr75G7RTFQpump,LASTDITCH,CagyRzTfkTkZ2VQ6fNqKdbWqk5Cj6fEfpSgraKNf8ayT,pumpswap,1790288303,0.000007266,5732.19,6838,6838,0,223.08,6510.26,20914.48,0,0,0,2,43,51,164,173,,-9.94,11.41,8.92,0,0,2,1,,,,,,,,,,,
1790415943,HyhYW8wCTkx3x16EVk1tyJuwjpvbt4WhEbHHXKdLA4sE,MESO,s7S3QCDrvRTC6YYrz9WhUjsHWirg3eCiSwUUPeHkSMM,raydium,1790283957,0.0000009276,1731.77,928,928,0,0,27.67,19651.57,0,0,0,0,0,3,226,494,,,-28.29,-99.18,0,0,1,1,CPMM,,,,,,,,,,
1790415939,7xgHHNdgyLoLbXgykRFXa9D598d3ifVXVJfDuQ4vpump,BLOOM,5xupXrw1JQ5Ykft3vUb9M9WGyT6xeGKXTn1SJDG1Nmh,pumpswap,1790287877,0.000002497,2692.5,2429,2429,0,0,11.32,12.37,0,0,0,0,0,1,0,13,,,14.04,-0.79,0,0,0,1,,,,,,,,,,,
1790415939,7c67PJmH6xVEQtnPRBhD4qVkzdKqn6j1xPfgokchjpo7,Xi,5cUdDWFPB2xLQg4nbW2sZsvJ4VBujeeuMPRsBQbVh6oR,pumpswap,1790287611,0.000002780,2909.02,2699,2699,0,0,6.33,1791.62,0,0,0,0,0,2,18,46,,,-1.27,-1.79,0,0,0,1,,,,,,,,,,,
1790415943,Qb7fGETNkskcgJPNVqfbYz8H8SpNrNKnH1B6faomXJG,Jandi,2FChrCNqxVR9Wiv9XJepwivGVTPS9x6EUDnBnerfSuc1,raydium,1790301840,0.000002867,5370.07,2868,2868,0,0,104.39,276.37,0,0,0,0,0,1,0,9,,,-5.64,-3.92,0,0,1,1,CPMM,,,,,,,,,,
1790415937,2q5g2nx9gJdpxCK6JtnKvq9rPAa6fQLkRCQMFvm1STNK,afk,DvfKmzPu5VWFeq3VVxH8eCnCpwb8Z2V5mt5xv7ERKsMY,raydium,1790302713,0.00001378,12201.28,13781,13781,0.92,687.04,6859.44,121828.52,1,0,8,8,103,90,1082,834,0.61,-4.82,-12.78,-76.35,0,1,1,1,CPMM,,,,,,,,,,
1790415939,6sEfSA57vXerqm3cFmwQxa78rmBgRBR6pyEPJG74pump,COMPANY,CmUWC35z3Vc7quZtEM5yT5AQpSr7xuJBZKGe1KbtX7qF,pumpswap,1790302436,0.000002693,2712.11,2493,2493,0,1.23,1.34,205.87,0,0,0,1,0,3,3,20,,0.03,-3.19,-6.82,0,1,1,1,,,,,,,,,,,
1790415937,2FHeJNKDR4yEnGGBefwYeguYSPKv7VdUFHbx18ANpump,DEVIN,DKRH6Y79e3f1MqjyM9DBQvKzZMwP2Fepb1wTqDNBhakC,pumpswap,1790302148,0.000002587,2569.82,2448,2448,0,0,0,13.83,0,0,0,0,0,0,2,5,,,,2.03,0,1,1,1,,,,,,,,,,,
1790415937,3qm8LhrCbpaHbcQexV37JgDGTrrjNfxDPEdf9yuLXLYs,CHIPS,G5KBo4iHfad1Y9J3AE8dgLK85fRxksct66Jbo8MmqV2j,raydium,1790300736,0.00001227,10684.31,12278,12278,0,236.87,4250.42,124883.04,0,0,2,8,59,89,1276,1076,,0.95,-32.43,-87.16,0,1,1,1,CPMM,,,,,,,,,,
1790415941,BVV7metAePDu4HWgP41PiD4x73tNiKMVdaugtYQXJUKU,BITCOIN,Fvd2ifVqHtqmQqzUrFYXQtkqLp8CnFgAXPLMj7PrP9Be,raydium,1790302273,0.000002237,4288.99,2237,2237,0,0.6,7.16,240.87,0,0,0,1,0,3,1,23,,0.07,-0.51,-18.88,0,1,1,1,CPMM,,,,,,,,,,
1790415942,EceTFYrHRTmDPJ5gE7EyJUE76stTzaowALKjMdyGpump,Muse,7CcXUzyToQAnfHSeUiYyatnsr4XrimvFSCy7pWUZMhTD,pumpswap,1790302610,0.000002125,2140.76,2114,2114,0,0,0,11.41,0,0,0,0,0,0,1,1,,,,-0.55,0,0,0,1,,,,,,,,,,,
1790415942,DfNzVmJPjeYTXDSEZDWurP1PVpejsE8nNghX53wzkz8Q,MICKIEY,Hn1YWr4mZJouZR4YqvLzCHuLqduookHPT88Sh2XLWdiX,pumpswap,1790301617,0.000002146,2165.39,2138,2138,0,0,0,11.83,0,0,0,0,0,0,1,2,,,,-0.01,0,0,0,1,,,,,,,,,,,
1790415942,Ekfbe93ybDm7JnS3xFbTVrfiov2xtx7bgJkbQc74SLWo,RPG,HMwfxasodv8rG5j6tyKBGf5WwS4fkB5RQqYDhL98TkcE,raydium,1790321273,0.00002222,12706.1,22228,22228,0,315.86,7246.68,101723.52,0,0,5,7,67,59,803,546,,1.99,-41.46,-77.16,0,1,1,1,CPMM,,,,,,,,,,
1790415942,G4i1oQ9QHpZt8jVwomeroySgUpk8gHv7SuyjJBr2QNQj,Adora,14n4N6eMjhFJPoPY76cB5zA2FDJud4D88UtaFPy47Xdq,pumpswap,1790322749,0.000004691,4269.58,4507,4507,0,307.32,2959.22,32129.89,0,0,1,5,70,55,490,459,,-13.99,13.33,22.22,0,0,1,1,,,,,,,,,,,
1790415938,5mXiJ166yyCZvaBABnP3gLksmecGtWk2gW9S7StUpump,MATERIA,Hvnnk2QjdbtYDEoZszBaGFHnFgQQLeceM97BccQkDaYw,pumpswap,1790324309,0.000002832,2789.46,2632,2632,0,0,3.35,994.44,0,0,0,0,0,3,17,68,,,-0.51,-37.04,0,1,1,1,,,,,,,,,,,
1790415941,CYUTE2SDapGQepdXeXCgmo5cepf8D1wgQYHB41Lrpump,Amazon,4m3mjQfxckkAYmVVF2sFiPe4DYSFsvTojnzeTddGbBfu,pumpswap,1790323958,0.000002147,2178.76,2138,2138,0,0,0,0.05,0,0,0,0,0,0,0,3,,,,1.64,0,0,0,1,,,,,,,,,,,
1790415944,nrwJ1yLM1SyaQnvXU1uiLBRBSeXvcpGD9s8gVdRpump,CNN,7eFYJUXcbTDucF9B9f98njLUJv1AussXTfFMsBvXPw5H,pumpswap,1790324041,0.000002184,2212.16,2174,2174,0,0,0,5.7,0,0,0,0,0,0,1,2,,,,0.27,0,0,0,1,,,,,,,,,,,
1790415940,AotFYJVM4hFQS97MWq6c2KoDgDYWFDCxLF9i8ZCfABPt,SALLY,3jX6WuYTBdUmWoLChPq6jnU1fhdYxp8txi5wwETvkHJT,meteora,1790185635,0.00002437,12873.65,24374,24374,0,1829.53,11528.22,53248.61,0,0,12,6,84,67,425,331,,-6.76,-8.44,-51.19,0,0,1,1,DYN2,,,,,,,,,,
1790415942,Dpf9rWHgHyuTM3JmGZwCGxXkiL2gJnafRaxTk77Jpump,SpaceX,DuH1G5siPEaCumZQBozzuefZeMwD5d8M86YttYqqdqex,pumpswap,1790327812,0.000002143,2159.5,2132,2132,0,0,0,70537.2,0,0,0,0,0,0,4384,6424,,,,-99.82,0,0,0,1,,,,,,,,,,,
1790415938,64S9QFTFhrcLWsXWjTBkaWPS4asdcrQGwvVQWxUjpump,BMC,7CHKmWPXYVpEPae72WWuttJn5SbK1iNjy9UUDYTxXoCw,pumpswap,1790332439,0.000002631,2607.44,2386,2386,0,0.73,0.73,31848.87,0,0,0,1,0,1,408,515,,-0.96,-0.96,-94.52,0,1,1,1,,,,,,,,,,,
1790415938,534psZzFePPFdT8E2u6wkt44vyYjjGQwLKPtj9CApump,Grok,Cnbn7RV3YwrCqFMPP1x8zPdMGrithjaVArSVdZ8hUWCM,pumpswap,1790330015,0.000002184,2212.97,2175,2175,0,0,0.88,313239.49,0,0,0,0,1,0,45806,47774,,,2.3,-95.55,0,0,0,1,,,,,,,,,,,
1790415942,Dms6DDvZNN4u6zpMQJZj4pRFb1jmHGFYY4imVRRMpump,GTAK,2L8zHFz3iQwa1QxeSDN1o9VYTnpEpA8ZNnjDWqnJqgjc,pumpswap,1790331383,0.000002134,2159.25,2129,2129,0,0,0,137724.19,0,0,0,0,0,0,7230,8823,,,,-95.65,0,0,0,1,,,,,,,,,,,
1790415940,9JtsorjnocdHJcxovUBVZPaGmDW91KhiNewoKTaUpump,もも,BH3vvZYGoZ42R1xvB5yL87eFuXnZLX91wvBmwVXvt7Y4,pumpswap,1790336447,0.000003056,2983.05,2848,2848,0,0.22,17.51,120610.68,0,0,0,1,1,6,1986,1848,,0.2,-0.41,-93.87,0,0,1,1,,,,,,,,,,,
1790415943,J141JCiXKGcrhDCgWUTCL9qz7h943iCibNiLNfqZpump,0xquit,8R4DDi9X3RBLr876hhRJCv4Gvsy8d9SkABgb8YiHapo9,pumpswap,1790333122,0.0001332,35595.25,128875,128875,1291.84,21855.03,133300.29,2091195.98,11,14,185,191,937,951,21300,18007,-0.63,-23.12,62.31,183,0,0,1,1,,,,,,,,,,,
1790415941,CYD8vaCeDR78rxrFU84MzRvmmxsWRmYQQYM582AFUivT,Milly,4uMY11VhZvnQBB8peZDKaWzEbHsDGD3wt9ZuAinyXEUU,meteoradbc,1790334510,0.00005385,,53855.91,53855.91,0,0,0,4522.48,0,0,0,0,0,0,73,110,,,,153,0,0,0,1,,,,,,,,,,,
1790415938,5oA7EoAHoRBS1MaJ3DS2dt1SndYu2TWqn5F7Jingpump,FOMOMAN,Buqq1wgjpNN4T4uji2iZNT2L2wrEwZuksAVCi8ij6ZAc,pumpfun,1790334446,0.00004906,,49067.31,49067.31,0,0,0,10151.33,0,0,0,0,0,0,6,0,,,,1365,0,0,0,1,,,,,,,,,,,
1790415937,2VeuwcJYtu9P1g27a1UahFsJmVZRBWfBvLJcuzvApump,GOCAT,7ExZPpQWWXBuf92bVGGser6S1ANE28po75rwwZ1TnG4g,pumpswap,1790341511,0.000002406,2505.86,2350,2350,0,0,0.04,381712.52,0,0,0,0,0,1,7076,6438,,,-0.8,-96.64,0,1,2,1,,,,,,,,,,,
1790415937,2pawBaYZZkirQMSFRUDR5xkovFJVUfuM31Jort35pump,APE,5NdWUf177soALxYwEEYRPP8YVWjHzf6Xw8XFJePN8b1J,pumpswap,1790344666,0.000002387,2381.27,2277,2277,0,0,9.31,20915.47,0,0,0,0,0,2,184,266,,,-2.06,-95.16,0,0,1,1,,,,,,,,,,,
1790415943,H6XgEH1wxmE9urKgCFCm4W6ssY99moATFtsbpUmoh9MD,PB,r1ATQGDRe3jCNGDsuiqbRgFWRQLWUtkw3bnkQSuxRE7,raydium,1790342583,0.000003763,5854.27,3763,3763,9.96,21.93,123.97,390044.58,0,1,1,3,3,8,3758,3305,-0.69,2.6,-8.25,-91.59,0,1,1,1,CPMM,,,,,,,,,,
1790415939,6BZY2BgeqVKEYCTgU9Q9oUwx6bDqv32djy6WGaXTci1i,WODL,Bgu3DH5p46JU3Jp67vkzLA9dbhBNcq1L9wUSyqmH3vC7,raydium,1790340601,0.0005232,68651.43,523209,523209,1870.84,9627.47,98906.98,1392811.56,0,2,35,22,346,271,4388,3840,-10.58,-9.92,247,931,0,1,1,1,CPMM,,,,,,,,,,
1790415944,gMHLd212gNGQNiAG5BCkJJKhFv3RvL2dRFFWFruehaJ,Pizzly,BiJQZMD8QMa62P5EJu71b6nMjWtE23LZxYQcyXFi6FN2,meteoradbc,1790343971,0.00003838,,38387.38,38387.38,0,0,0,3691.45,0,0,0,0,0,0,107,112,,,,134,0,0,0,1,,,,,,,,,,,
1790415938,5Ckp4APcw7DdYsagnXgNBfsMNvuzaVRH8rsbBT2mw1zm,NFL,G7fA6mkcFq16KYfiLeFwpQefzbecZ7mhq1aQq9hq77f7,pumpswap,1790343968,0.000002162,2174.34,2151,2151,0,0,0,78623.05,0,0,0,0,0,0,10313,9897,,,,-95.65,0,0,0,1,,,,,,,,,,,
1790415944,s8pc6Thv8U4g9yPwmkGj5TTGLuHGvDRr6wPcF91pump,Pizzly,3XLHXdzPrSJn5MebQfKEeqb1vtMbpv1qEAXRnwLoZddM,pumpswap,1790344227,0.000002312,2340.58,2243,2243,0,17.3,521.36,138763.55,0,0,0,2,2,6,1168,1385,,-1.69,-10.33,-95.27,0,0,1,1,,,,,,,,,,,
1790415937,2JyZvV9dRBkSBdeh8moXTkgmiksdGAzeAsU9s79Vpump,APE,2MNFdYk6kPKTsGP2xxR727NkmeutcXXiG12suvRAJmgo,pumpswap,1790344255,0.000002582,2701.05,2497,2497,0,0,549.69,624321.71,0,0,0,0,8,6,3089,2864,,,-11.69,-94.77,0,0,1,1,,,,,,,,,,,
1790415942,G1SDZGjmMUz6CHa64GAZtx9iam5FCRCk5XndD3W8pump,Claude,GuZ7XSwSWC1MMqGvSiae5SwbLXSJnCvk6NZYyYTUTN5B,pumpswap,1790343639,0.000002175,2192.5,2166,2166,0,0,0,129661.04,0,0,0,0,0,0,7318,9284,,,,-95.63,0,0,0,1,,,,,,,,,,,
1790415943,JA4ojpx2pDWHfNy6cq63ipvkNy15LP3mfpPHxQKhpump,Harvard,9S3phoaqcEVJRAQEHWCyK7YipGkVDsMTnqqfFbDJBuHR,pumpswap,1790343811,0.000002155,2170.05,2149,2149,0,0,0,75700.34,0,0,0,0,0,0,1821,4269,,,,-95.66,0,0,0,1,,,,,,,,,,,
1790415938,5RUrbAftnTBptroKfpiJKyGF5v7aGsX9zYzNjSXjpump,Ecat,9mCj2UKnVdZ5XQS2ggxaSQKRBquVhC1Gbd45FEUz1qzB,pumpswap,1790352592,0.000003823,3589.12,3679,3679,0,201.59,552.51,97850.18,0,0,5,4,7,20,1404,1303,,3.43,-16.17,-92.33,0,1,1,1,,,,,,,,,,,
1790415939,7Da5hXJsQgmPsmFyRRmXrVKJUyNh5i79sqDFLUak6v8n,Income,8kGyw2YvPe1MTKBzT86pAyfsQ2WdA92qDPsAT85GQxse,pumpswap,1790350616,0.000003981,3994.4,3786,3786,0,4.54,499.4,269847.86,0,0,0,1,7,15,3250,2645,,-1.19,-9.14,-94.41,0,0,1,1,,,,,,,,,,,
1790415941,C3w6C6T4W72oDQVnjjvQrkSafLQV3DpMhWRYSpd91Ewc,GOCOIN,5owGNBjcY2u2yNnKNsyvMGTuWoT3kBpWvquMHCm5zVqy,raydium,1790281649,0.00001009,9136.84,8854,8854,0,0,245.07,23962.83,0,0,0,0,1,4,160,147,,,-5.43,-9.43,10,1,1,1,CPMM,,,,,,,,,,
1790415937,3bdsNrvFyD7jxbLLriPZrFS6ngaRoFfr5Y1soGfUGTFy,Anon,BUryJ47dwiDHQEz9VrKuEWCDbGX7ZZFDp9fYAfD6CiWT,raydium,1790351076,0.000002419,4545.21,2419,2419,0,0,5.67,135280.09,0,0,0,0,0,5,1391,1357,,,-1.14,-94.95,0,0,0,1,CPMM,,,,,,,,,,
1790415937,3xfsfopm2xR89PFbsGGBhT1BfJqrbcoN8Mpxcp1jpump,OnlyPump,8Eq2jxtFcVxE5TRhWi8koKUV7AjAKud1pcBUywsJy9M2,pumpswap,1790357391,0.000002393,2604.93,2354,2354,0,0,0.02,935808.94,0,0,0,0,0,1,17940,12061,,,-1.47,-97.26,0,1,1,1,,1790416013,0,0,0,0,0,1,6873,6841,100.0
1790415940,9XfSJK2VPRmYuBCPbcpJiw7svNPEFrzGAeHDbUz7pump,Terrence,BsEJv51uA1osRFvQpNHWL1SEeLaKsGLBabGQYW5xG7bL,pumpfun,1790172398,0.00001482,,14823.91,14823.91,253.96,805.41,6263.19,31645.26,4,1,5,14,70,57,421,292,-1.27,-14.72,-29.52,20.26,0,0,3,1,,1790416013,4,2,5,13,52,46,206,159,100.0
1790415942,GqUi4QApDfK8LvVAHvUwKpRQ5CMZqFuE7mht9cGLnviK,GENIE,EVCspdPjAjfrNBbi21ozJbHue93w812knFbCVZ8mX2c8,raydium,1790227400,0.00001979,7887.53,19791,19791,0,553.28,5479.15,25173.02,0,0,0,4,62,36,248,170,,-23.2,-46.92,-74.88,0,1,0,1,CPMM,,,,,,,,,,
1790415939,6eLWCTf9vd2FbdrTiAb9npTMd7VEtsjtTsmVJdPuKCot,DEEPDIVE,7bJBediHnZoaCVKxCZEwkLkCbweny2Nkm5TLSNU5LZda,raydium,1790355452,0.00007470,25249.59,74704,74704,194.88,2476.72,8831.66,56718.21,2,0,30,6,107,49,422,294,3.14,17.14,9.98,48.68,0,1,2,1,CPMM,,,,,,,,,,
1790415939,7tPks6AbTE2Kz4KkxxVYN9sBETMtzSL5Kqj2jbrXpump,OnlyJeans,CWsbPMbpURCwcHsexnhF65m38mkmWksmpMsrXoe9TCEe,pumpswap,1790356123,0.000002481,2781.56,2440,2440,0,0,0.1,1441302.19,0,0,0,0,0,1,25306,17802,,,-1.35,-97.12,0,1,1,1,,,,,,,,,,,
1790415942,EHQeg6foBFzAi7o5suLQHevpf4uyWzR8Ppi3hfeqxGwQ,NOLAN,6b6NtM9DTwRfaAfdwLJick4xNwA7jkbgGTdSvunFTrZ9,pumpfun,1790355133,0.00002084,,20846.38,20846.38,0,377.78,28981.19,106228.44,0,0,6,15,304,225,1198,844,,-6.76,19.54,467,0,2,1,1,,,,,,,,,,,
1790415944,TXtWMznUZ4SqBp6YhED13ikG3ASesV5Kyz6FcfTpump,7,DQe3c3WnStCFssJ8GeDSzsNLmFgCxk9qA4PRAyfHV2nK,pumpswap,1790358289,0.000002695,2697.68,2596,2596,0,3.5,88.18,151894.43,0,0,0,2,1,14,1902,1813,,-0.69,-2.83,-94.58,0,0,0,1,,,,,,,,,,,
1790415937,3qGGsQNgdRPo2Q2BDsCfwCRDF88ZvbLmdPKVbZ7qpump,DISNEY,6gDVfZe2UxP4Za7DGdRp4q31m7uXXt2T9eSakjPCJzDh,pumpswap,1790358076,0.000002015,2061.29,2016,2016,0,0,0,313619.75,0,0,0,0,0,0,16023,15480,,,,-95.98,0,0,0,1,,,,,,,,,,,
1790415940,9wuK5WMLy2d2yma4hvJRxNBfq6WGv2noaXXReSbSpump,fomo,H9FZNyUgQg6xHHmTUMFK9J8LAVwipEoBhPuLcjrQLvJc,pumpswap,1790357927,0.000002189,2214.58,2179,2179,0,0,0,292027.79,0,0,0,0,0,0,12276,12437,,,,-95.63,0,0,0,1,,,,,,,,,,,
1790415944,cbLTC4T5NpzSUtQ7ekgEMZGaUPVJY1ko6BUikqa4gGf,cbLTC,3LyFfmy4a3k6eZ4jGgATtb6DL5Af9gnFTYQQ3Qd9N4AK,raydium,1790357665,72.67,81735,327031,327031,0,656.62,15398.35,4174515.56,0,0,16,8,40,127,20261,22603,,,-0.09,-6.31,0,0,0,1,CLMM,,,,,,,,,,
1790415940,Adzxf48PWV4j3PNnnbzgy9zQQWiMBFqmdT2c6jJbpump,fomo coin,qzxjktoxvc81rEL8PLo4gy1bwe1gFJPpDfKTyAozvrg,pumpswap,1790357899,0.000002155,2179.04,2146,2146,0,0,0,214255.44,0,0,0,0,0,0,15347,16982,,,,-95.7,0,0,0,1,,,,,,,,,,,
1790415939,7rJkTjAwt1odXZ8nrSnrr1iYEaMHtepNrmyRg5NJpump,SWARM,ECZ5a2rYvfrWUHR6qbNv3NV8Tk584WwEvaNJu3FZtWyn,pumpswap,1790357397,0.000002192,2216.68,2186,2186,0,0,0,199723.79,0,0,0,0,0,0,17015,16696,,,,-95.63,0,0,0,1,,,,,,,,,,,
1790415941,AzwaixEgjszRfsM8mdjbvR6mAh9kJHrAYRkSJNfmpump,PUMPCAT,J94vh4ynv3FP6dfUQSFxXuhmPGHKk2jiSou7XFgTwCKC,pumpswap,1790357811,0.000002387,2588.3,2354,2354,0,0.46,0.58,979120.22,0,0,0,1,0,2,12751,8126,,-0.31,-0.81,-97.27,0,1,2,1,,,,,,,,,,,
1790415942,FU5nq9if5tredi4sLSyX2sumwytrz3Xt4BFTa6Q5pump,FLOW,86iyfDVYnE1oPxJ2g37w1LCuFoE7DTo88FyJDZMAa36h,pumpswap,1790359951,0.000002891,2913.11,2760,2760,0,11.85,480.38,385250.4,0,0,1,0,3,10,4120,3524,,1.04,-25.7,-94.1,0,1,1,1,,1790416013,0,0,1,0,3,10,1769,1712,100.0
1790415940,9N9tAT19ncQvxtjpQNevrGP3zmWRNrAZZtonTygMpump,ETCH,55qFD26HZ8QT6RxBtnwRWmXKEbX24tmeuJkkiaWJusts,pumpswap,1790359277,0.00001818,11367.7,15849,15849,46.68,5242.3,17113.02,1436720.17,0,2,57,74,267,237,14767,11808,-1.11,-50.15,52.96,-62.88,0,1,1,1,,1790416013,3,6,50,69,154,182,5090,4703,100.0
1790415937,2EuNVtEvLUZbfwZTaDyyvye1hR47A5a6aUQwPXbQpump,GoWifHat,3Dktt4cwDbao6VVqqT5JBG7twPJarcX2374qwmPdpMJT,pumpfun,1790358662,0.00004964,,49646.65,49646.65,0,0,0,10271.19,0,0,0,0,0,0,6,0,,,,1360,0,1,1,1,,1790416013,0,0,0,0,0,0,5,0,
1790415942,GLiphm9DxdyCDy8fjgP2B1B3R46puVUA6rfKUaYtNVb3,LESTER,DoZH9kPTvdw9cYFHsQK1MF6gyxHSKsuoxATxKJAvUsSc,raydium,1790357822,0.00001264,10907.77,12646,12646,21.2,842.23,5730.92,1351128.85,0,3,7,13,71,90,9008,6957,-0.75,12.71,165,-71.16,0,0,0,1,CPMM,1790416013,3,0,13,7,74,54,2504,2749,100.0
1790415941,BTjQvwhLXGaAqZmXwpyNEYRXTzaKxqDNZn5b7bNmr7T3,MuseMaxAI,C6mmpqKHaFNcmBMtBaSntvn5BBRwvsKfbekxbgLFCqAo,pumpswap,1790360352,0.000002253,2265.77,2240,2240,0,115.82,234.71,59279.13,0,0,0,1,1,1,3547,4118,,-1.94,4.19,-95.57,0,0,0,1,,1790416013,0,0,0,1,1,1,165,1535,100.0
1790415943,HnBt2rSmfVs83hcbJTzBW9Pjo6DHWjukQbyo6doHs2U6,ROBIN,CGFSxtzv1P3shgw3ksSSh6Qz4fnQqH5f3AKjCnkJrfDZ,meteoradbc,1790360395,0.00006077,,60771.62,60771.62,0,0,0,8979.97,0,0,0,0,0,0,349,350,,,,34.91,0,0,0,1,,1790416013,0,0,0,0,0,0,179,166,
1790415942,FzVLxoL3T2GQELH4fGDfgpvJw3ouyk8NUoPnvk81pump,rocky,CZ9J4qx349F7ocu6NgAwTakkz21tuh2g3oBAT31wJxA2,pumpswap,1790367019,0.000002736,2742.96,2546,2546,0,130.29,236.69,249733.98,0,0,1,3,1,20,3447,2980,,-9.45,-17.31,-94.28,0,1,1,1,,1790416013,0,0,1,2,1,19,1420,1498,100.0
1790415939,79xB7iLghccAWuoab7qXkaDpQggmu6D2zrpKtfXipump,Apu,9qqraQhckPw2ZCwxyD2GjVmbG2pwJBFZGyN31pJwCjEn,pumpswap,1790366852,0.000004053,4112.12,4024,4024,0,0,133.93,692516.52,0,0,0,0,2,15,3353,2653,,,-4.74,-93.62,0,1,1,1,,1790416013,,,,,,,,,100.0
1790415941,B3ZJ2BzcMxCwz97vL2MWVBtkyhAj5rBdSqTZC8idpump,Orvix,Ccs7eUFnWpYfuMSxegbzjfNxB1uxoXfCzoY8zCfs8yiU,pumpswap,1790367797,0.000002381,2412.82,2292,2292,0,0,13.02,115978.18,0,0,0,0,1,5,1484,1707,,,-1.06,-95.26,0,1,1,1,,1790416013,0,0,0,0,1,5,452,497,100.0
1790415943,Hv5r1v7d4yTbQMwokrhs2zAMWvebVdzE33vqft8gUXob,Cassie,2ZLs6aCCaKxFskpPP6X8vevaQaLtBHJPbVTG87eteJWV,pumpswap,1790366321,0.000002678,2695.28,2579,2579,0,0,112.35,172590.88,0,0,0,0,1,4,2436,2179,,,-4.25,-94.68,0,2,1,1,,1790416013,0,0,0,0,1,4,951,1042,100.0
1790415942,FDfxBRSc3MraBGcGmkHgfkvwHTUDMEA2hRV2cRNbpeg,UNPEG,DE2UDrSarFRGYUe8PtjCkbSwDqTZDLGLJMCxwmxEZ8RK,meteoradbc,1790364006,0.00005110,,51105.09,51105.09,0,0,0,39863.52,0,0,0,0,0,0,241,204,,,,1283,0,1,1,1,,1790416013,0,0,0,0,0,0,158,71,
1790415942,FbvPc772EQ8j2rxNTW4jxC9NSsZDYjTtcVRMqFPqpump,MILK,EznYhmU9tmrkc89x9vXAYWpntn5Y7NdP85cRa989LTsz,pumpswap,1790367215,0.000002618,2609.08,2418,2418,0,0,14.26,105177.23,0,0,0,0,0,6,1195,1273,,,-2.47,-94.76,0,1,1,1,,1790416013,0,0,0,0,0,6,689,779,100.0
1790415940,A7cWE5f8UKBEKZdQEtRuraC4vgKkHYuRUdVDSAndDDM,GIGACAT,2xgcbPzXN2ung74sd8ACWF4NCCGQijTFoH5acd1DsTx1,meteoradbc,1790367485,0.00004762,,47621.23,47621.23,0,0,0,16090.67,0,0,0,0,0,0,417,458,,,,185,0,0,0,1,,1790416013,0,0,0,0,0,0,111,111,
1790415942,DTswoWf3H8UVvmFyFtw4J4qk5bxLq2XUN4SAeh3pj8mx,WORLD,6Cu8TVBoLSeVjCecepr3rVY6htBxVpPEbFWb6WY6fdUs,meteoradbc,1790367351,0.00002751,,27518.05,27518.05,0,0,0,2982.37,0,0,0,0,0,0,34,141,,,,73.19,0,0,0,1,,1790416013,0,0,0,0,0,0,32,91,
1790415939,7kUu9AwY1oxYVC8M1ZSy2KAcr8y7eEC2rHQoGvXKDqqA,GIGACAT,4y5HdYYrcfi4RgJFfbZ3zP6mMPhF4JmtLYPrw2PAAVn,meteoradbc,1790367345,0.00004812,,48121.98,48121.98,0,0,0,12317.51,0,0,0,0,0,0,265,336,,,,188,0,0,0,1,,1790416013,0,0,0,0,0,0,101,105,
1790415940,98CVfKawsiAbnTFLNbLkkeasBvmWfVMobcjCMED1pump,ASTR,5RmScKWCkaXr4pmMSfagJobw7qVoyFDWsM6WrbSWM2eX,pumpswap,1790372581,0.000003017,2958.94,2730,2730,0,0,0,81734.72,0,0,0,0,0,0,743,868,,,,-93.99,0,1,1,1,,1790416013,0,0,0,0,0,0,529,579,100.0
1790415937,26JCsJvgj7Yp59cgLzP5p4194S18JgfYN6k5KYTypump,Agents,9zaSYCU817bHttLuojexoeYfVfsgrayA2zcsgvHtzFpS,pumpswap,1790372336,0.000005184,4611.29,5012,5012,0,12.33,1935.66,253579.08,0,0,1,1,23,46,2806,2046,,-1.21,-20.33,-89.43,0,1,1,1,,1790416013,0,0,1,1,19,41,1060,1078,100.0
1790415938,61oRmYaEgdUS2PvLsL1Z8bJz43XLq6zSKrsPbRHFpump,VENOM,CWBp2HsBPsEcUF5BVsjRQb5EaDrBnLkoAW6vyN2xyHKP,pumpfun,1790372634,0.00002431,,24317.42,24317.42,0,0,0,2170.93,0,0,0,0,0,0,30,14,,,,602,0,0,0,1,,1790416013,0,0,0,0,0,0,4,4,100.0
1790415942,DN8mayGGf5VWoNF1Fp5bBT9Pm8HmkrP1AYkJU8Xepump,WOJAK,EHKMNiHWiHU8R25jtYt1z4V4xQv46ierRg95sZwPiVzV,pumpswap,1790372446,0.000002178,2199.72,2165,2165,0,0,0,124527.97,0,0,0,0,0,0,5240,6743,,,,-95.67,0,0,0,1,,1790416013,0,0,0,0,0,0,2143,2612,100.0
1790415941,CtFc55to2syfMCnihwB2yW7p8DGDz6UCNYdBJkMtpump,CATECOIN,5Rwh3DN6ap9bTud64SPG2CzRu6aaM5Kr8tQRoUsedxg1,pumpswap,1790373758,0.000002389,2441.6,2313,2313,0,0.53,5.51,204223.17,0,0,0,2,1,6,2353,2255,,-0.68,-1.75,-95.19,0,1,1,1,,1790416013,0,0,0,2,1,6,612,586,
1790415940,Aamxs1dJieNfP45XubXLVpijQma1nZBj7h33yNb6eon,EON,8J2rxEkMLWs3ydMK4iLytBBopx346ZegMab49K2W5bQV,raydium,1790372272,0.00002311,16535.55,23116,23116,0,12.07,1331.6,127415.45,0,0,1,4,10,25,539,587,,-0.64,-13.83,-42.91,0,2,2,1,CPMM,1790416013,0,0,1,4,7,12,291,269,100.0
1790415941,BArKYT7FAEmgvmrGSczAPeyiY5RAbdZgzj2GX7HyR5vw,GIFT,Dtb73EpG1G1Zo83oqtHNBbMW62b8nGLZvmPfZHXUTrAX,raydium,1790373518,0.000002642,5017.29,2642,2642,0,0,51.88,418092.72,0,0,0,0,1,7,2360,2370,,,-4.03,-94.61,0,1,1,1,CPMM,1790416013,0,0,0,0,1,7,1089,1102,99.9999999975925
1790415943,JDeaoNo5thghzg6UZcKi6HFRmZJtmANZ5pC3MMwRBAGS,CHAINLINGS,3nHQ8GtozShWbi9W1afy8ohMN1t39hDjKKWrSjCVS1DR,bags,1790374588,0.00006819,,68199.09,68199.09,0,0,0,1.19,0,0,0,0,0,0,1,0,,,,,0,0,0,1,,1790416013,0,0,0,0,0,0,1,0,
1790415941,BQ1bHJKp3NVuTBMRhTKnqsneHvGK653Ue2LCbfxuDA3F,Pumpkin,Dpj6M6gzQ8wJ9BVBjtJkLoN3tW5yBfev6CmkAUmyy8ux,meteoradbc,1790374600,0.00006011,,60113.94,60113.94,0,0,0,14003.58,0,0,0,0,0,0,709,732,,,,287,0,0,0,1,,1790416013,0,0,0,0,0,0,205,200,
1790415939,6TvpgZ6XuDzWkxEN2SEecxcQpyUbjyuinPQoanfdkszj,Entry,7nLuivWDPLsbHYjcXMCFhbfcLazoySjzv4v6qExQHezd,meteoradbc,1790374478,0.00004760,,47601.79,47601.79,0,0,0,11348.49,0,0,0,0,0,0,427,512,,,,199,0,0,0,1,,1790416013,0,0,0,0,0,0,181,177,
1790415940,9ZGnJ4erx7RzLKEdNoJjLjyYXkjgXnRcPYvvT3eJpump,TOM,E8mAoUH2BCCHBCvEJXK7JZj22FWbS8u6mXZ71dm1Xiwg,pumpswap,1790373900,0.000002195,2248.75,2190,2190,0,0,0,303140.09,0,0,0,0,0,0,10601,10611,,,,-95.64,0,0,0,1,,1790416013,0,0,0,0,0,0,2495,2616,100.0
1790415939,7XomEJBtb1EiF4Z8ZVzspCKFW2UuaRkaiq3AJJCFpump,e/cat,Eoakoye4ne6tPp6ou5TZo46qCafPvQpUPpKcqubV38TK,pumpswap,1790386020,0.000007906,6433.15,7808,7808,0,850.21,6648.14,1080185.37,0,0,10,16,160,133,21187,11195,,-10.88,136,-92.23,50,1,1,1,,1790416000,0,1,10,19,162,2708,4661,4567,100.0
1790415942,GT5FKgCGWgDdmwNNAEWdG91qgMZ2UctBYb7TeNYCmoon,OFFWORLD,2pkHkwbC5gwDFwCMob2zb4qDBCEU1wr4fLHokF4VHzmd,pumpswap,1790386781,0.000003039,3029.55,2781,2781,0,0,128.94,20786.15,0,0,0,0,0,4,46,74,,,-7.69,-94.97,0,1,1,1,,1790416000,,,,,,,,,100.0
1790415940,9NyBpUhofRBe9VDCLDDEYhPDYBPcEiYfQDaGnUFrjDwt,GROKPOD,Bh8XPiJpZXs8e6XzHY11VcPwyjBZwZg1t1K3SogyNnfa,pumpswap,1790386201,0.0001969,40366.5,185479,185479,1625.83,46618.35,190769.02,697327.89,13,9,218,199,1279,989,4801,3750,6.68,103,89.04,294,0,1,1,1,,1790416000,11,9,124,131,492,434,1476,1278,100.0
1790415941,B1wx2DwNV3CLBRrzG2Nz4hDmeXg1B3Riu648WDh7paid,BANKS,H9JXyzQmgcGi7FhRmEQ6BEFJyVTaNF3MPWZ6tZvTdw1W,pumpswap,1790387068,0.00001810,10400.54,17416,17416,244.35,3293.84,35940.68,269586.05,2,1,35,34,382,303,2945,2265,-6.75,-18.23,16.69,-63.44,0,0,0,1,,1790416000,2,1,29,33,196,194,1216,1122,100.0
1790415940,9LnufUxbgFwHJu9SmWsZhA5H2u9AFwQjYK5Gwtzepump,BLUEPRINT,EsdSTHtSiebxRStCYYK3zdBJsAK4d5vsCzVtx9a9fATP,pumpswap,1790387044,0.000002162,2183.44,2154,2154,0,0.85,0.85,148126.48,0,0,3,1,3,1,3603,5804,,-0.99,-0.99,-95.74,0,0,0,1,,1790416000,0,0,1,1,1,1,1870,2531,100.0
1790415938,558hgR89ttJdJUWC7dkgKytyXtmx3bKeVNW1jGkApump,Robinhood,GMs8mDuoiKEL9mdrkGv6SRwbJBznzc2M2bR3YzPNBKRL,pumpswap,1790386373,0.000002194,2250.79,2184,2184,0,0,0,319987.97,0,0,0,0,0,0,6728,9747,,,,-95.66,0,0,0,1,,1790416013,0,0,0,0,0,0,2738,3126,100.0
1790415944,zpTj1yA68UauZqdz5276qrpTV7ALkeoLp9LLa7Bpump,DDOS,EuDAiu3ZeWQ6tZomufzVeK7TsLnmyDra3VrU4syhpgHh,pumpswap,1790387138,0.000008371,6845.71,8168,8168,59.27,1120.09,190025.79,1074971.62,1,0,15,25,1245,1223,7876,6721,2.54,0.31,-95.71,-83.08,0,0,1,1,,1790416013,1,0,14,25,474,629,2598,2544,100.0
1790415942,FHZjVnetL5QyenPh8x9Z8k8zik1BinnbuYhpu2s7vDJD,E/CAT,FboJRB4jgqUrXZcMGMLcpnEs7eGUwNyMCAY5S5o23Ma1,pumpswap,1790387937,0.0001473,35813.84,143335,143335,2016.84,21570.67,374069.01,1225242.75,22,11,253,201,2927,2160,10140,7834,13.38,39.81,137,215,0,0,1,1,,1790416000,23,15,118,127,1025,949,3171,2833,100.0
1790415940,AEUbt2MMUQZvrwnn4kSPfGXRZC4BBY1Az2hqPj7Fpump,Theranos,FqhJKXK46i1wGKCS86XBMNDr9yy4Ko57YcjtdseVynk1,pumpswap,1790386100,0.00002570,13453.65,25381,25381,50.14,2844.53,51133.43,1197969.96,0,1,60,25,404,311,7814,7550,-0.8,-10.11,-50.06,-47.95,0,1,1,1,,1790416000,0,2,50,24,219,220,3000,2734,100.0
1790415942,EySAZqTACaRmQHSJkUXc9wdZXybsZKht38fxvdePpump,sittingdog,865DXa82PJqgbKMQLuTHtbdTEiNdd6nY37PbfVx1nRts,pumpswap,1790389095,0.000002965,2910.51,2525,2525,0,0,1.19,96876.72,0,0,0,0,0,3,890,670,,,-0.59,-93.94,0,0,0,1,,1790416000,0,0,0,0,0,3,770,548,100.0
1790415942,FrqT2n33PQY1JxUMUWFVTbG8LUFA7yKzKnnrNctcpump,AMERICA,FvnCWX4ekN4tg7X29du6RLVFcab2TBmiPkGiHbwUH3NW,pumpswap,1790388879,0.000002199,2219,2199,2199,0,0,0,103598.32,0,0,0,0,0,0,3356,5435,,,,-95.67,0,0,0,1,,1790416000,0,0,0,0,0,0,1639,2467,100.0
1790415941,DMNtou2ANqxevM4UngRzTdxVrRgfR1ZLzJyCT5sCpump,PCAT,Nan2eHQcJUjoqapEbLjvv25MaAApdyjjZVpgD2tqS1z,pumpswap,1790388495,0.000002483,2680.34,2449,2449,0,0,116.85,873580.32,0,0,0,0,0,1,6904,5687,,,-5.23,-97.13,30,1,1,1,,1790416000,0,0,0,0,0,1,4618,4606,100.0
1790415942,FBqoqLotXBypGPJ3ccCV27pUb9tjhMzFM4dTDyqeRmua,MEMELORD,9rUxoWTU5pjVn3kAezsyhJVhuVwM1LGEetxmQY75TZoc,pumpswap,1790388498,0.00004260,17052.21,40004,40004,688.88,9504.56,109676.78,332212.12,10,10,86,61,757,646,2985,2616,-1.57,63.67,163,-13.53,0,1,1,1,,1790416000,10,11,42,32,285,286,1297,1274,100.0
1790415940,8V1JHHQbfBPVTr255VNwADJ4outZZwwAaCkDZoVRpump,a/aut,C6kGMAd6pZqPKD4z9EjPLgvjqW32yXgmhxEwUhVrTXtx,pumpswap,1790393714,0.000002758,2860.87,2678,2678,0,0,455263.75,509508.14,0,0,0,0,2530,2305,3010,2570,,,-98.59,-94.51,0,0,1,1,,1790416000,0,0,0,0,1607,1458,1698,1513,100.0
1790415939,6E1ey7oZ8uVEKwC9ByQp8d5WfatRfmNuXFWHYBn6pump,DONATE,BvW6xjXg7fcCCG3NuqCs5rN6ZyMWJqZXTbBuqLJ72sV8,pumpswap,1790393780,0.000004204,3926.55,4094,4094,0,1.16,61584.75,217321.48,0,0,0,1,451,464,1592,1428,,-0.77,-95.52,-91.26,0,1,1,1,,1790416000,0,1,0,1,445,587,792,782,100.0
1790415938,4AL1nAp9gnHygZVpjcWLaPFgLPcqDXAyKuRH25Bzpump,XMONEY,HMhM4ZEkep5vsenFzonrLsjPgW7R4hUFnajkMZW9ysmR,pumpswap,1790392857,0.000002594,2727.81,2544,2544,0,19.73,118476.38,524948.96,0,0,1,2,1724,4359,8541,5621,,-2.04,-97.65,-97.03,30,1,1,1,,1790416000,0,0,1,2,1260,4204,4712,4688,100.0
1790415942,G4PZQ4tTMjeNQfrSyMUMXN919NTeKA8hXUEzjRmr9btr,PIGGYBANK,BjdtEjiPvvcWyBGE2RhHyTkF9qgPnGDZVBhkmvyWoiMM,raydium,1790136127,0.0003411,57453.66,341127,341127,12.1,2739.44,33058.61,447672.34,10,0,97,23,425,172,2900,1451,0.26,-16.16,-13.84,13.35,0,2,1,1,CPMM,1790416000,0,3,20,13,96,127,599,735,100.0
1790415940,ABNbjwfaiDLfomrLH21RzscZ8rnNkrDEHKfSC9vY7XZ6,MEME,DLkg3Ma5QFnKaxdP7APtNfhCca44jG7t9jMN4rLGTDWr,pumpswap,1790394423,0.00002369,12853.63,23165,23165,1.19,2509.42,949297.81,949297.81,0,1,23,19,7281,6296,7281,6296,-0.06,-15.48,-52.71,-52.71,0,0,0,1,,1790416000,0,1,20,18,2761,2406,2761,2406,100.0
1790415941,B6kHfRdRWUPDzmsoZ9qkFkGsJK5bCU7mFdTnpLRGpump,AMERICA,A4txXxaTDqq46pEdyVcifGrXnsSYeUvdPmUZgP9a6os9,pumpswap,1790393745,0.000002179,2205.81,2167,2167,0,0,109493.58,182493.87,0,0,0,0,2361,4971,5442,7491,,,-99.66,-95.66,0,0,0,1,,1790416000,0,0,0,0,2369,3080,2636,3095,100.0
1790415942,DQTfuVTgCsv6oL414GoGTfotBXuRRsQW4vxpM2R1pump,CCNPC,BqwJmQZ6dkAo9VEdcXxCdLXKw2gfJ6wLLEhuqRPgKikL,pumpswap,1790393896,0.000003619,4302,3515,3515,0,48.05,3289542.31,3720278.46,0,0,1,4,8341,8060,10432,9644,,-1.59,-97.21,-92.76,0,1,1,1,,1790416000,1,0,1,5,3347,3377,3581,3408,100.0
1790415939,81eHVbWVUJQMFKGX6ztusNNL9oXGtK1GcUcpZFar3ch,SpaceX,4xbNQWaGRFEGpiutdmEqoHtJee88giWtsiLACrcBSDcM,pumpswap,1790392913,0.000003672,601937.06,367241,367241,30227.85,644970.69,58824694.91,61123107.15,167,102,2389,1494,45259,36485,48015,38023,0.25,2.96,82.79,180,0,0,0,1,,1790416000,49,50,52,52,4125,59,5028,70,0.0000000000310405333107518
1790415939,7qD9PqwCYmUQmgeLfNSaNjz5KZ2Nea6Y6Hfghp2rpump,fomo,BM9HBiaa2rPpc3reVGhNgjiAhzEDvBpZw6spcFEHPvh4,pumpfun,1790393923,0.00004969,,49691.85,49691.85,0,0,0,10280.54,0,0,0,0,0,0,6,0,,,,1365,0,0,0,1,,1790416000,0,0,0,0,0,0,1,0,
1790415944,Xr7w8DFxf53RBC2fBGa4vUgjVDXBtsNUvpjZsFRuADn,JESSE,Gg21feWi4ZXpwLyNfWgjuff6oFPzT7jkcm6DPkZNuigf,pumpswap,1790394196,0.000007080,5757.14,6885,6885,0,29.22,171160.29,311001.07,0,0,0,5,1407,1481,2358,2541,,-2.68,-89.83,-85.55,0,0,0,1,,1790416000,0,0,0,4,647,866,1027,1028,100.0
1790415942,DMZtsWeDaPRGU4ziXxcEMuPbXh1BmDm5iR9LirT8ZoHG,BEEPLE,A2ZBmfRQbkLH9KaGSfauCEhWMhmYADQYEST4hzjRcPZr,pumpswap,1790395582,0.0001217,32240.17,118673,118673,378.01,17960.41,1396087.73,1396087.73,4,8,113,140,9501,8306,9501,8306,-2.67,-33.17,149,149,0,1,1,1,,1790415988,5,11,81,120,3529,3080,3529,3080,100.0
1790415944,kBGDBnUrxjqNcEsvX2Zk1gtGpNix6sasfQ5auP8pump,KITSU,J7jZ7ZjPCYTsK2QGoGDTDGzpDvxPm8sd9N1YBg2H8umQ,pumpfun,1790394493,0.00002986,,29865.16,29865.16,12.47,505.58,41515.53,41515.53,2,0,22,14,479,207,479,207,0.22,-0.06,757,757,50,1,2,1,,1790415988,2,0,20,14,367,122,367,122,100.0
1790415942,GmPuERh5xhjdH3zGKz1nJdZ7WsqXYMpdxTju9hdDpump,TOC,DTHgTd9gN3LM3fTdJWkTP4FqjkWyYpJ6axZwD2qRnA5w,pumpswap,1790394317,0.000002673,2961.74,2584,2584,0,0,987303.25,994186,0,0,0,0,8212,6624,8274,6653,,,-96.28,-94.54,0,1,1,1,,1790415988,0,0,0,0,2572,2563,2572,2563,100.0
1790415938,4LBPTZUaJdBNHEEBbzFeMXaaZzD5cggtsorwYaPtzbiZ,x/acc,5kZLBoyQnpoiCkwMjv971MrkhuJBPW8cBfyz6G4uYkxU,pumpswap,1790393512,0.00008510,26860.82,82202,82202,270.97,18284.85,1340673.05,1545646.25,6,10,243,177,8920,7055,10890,8634,1.99,11.02,-21.19,71.25,0,0,1,1,,1790416000,7,11,104,92,2988,2699,3556,3095,100.0
1790415938,41g3m5wZ6S954QG2EKtHZ4qpv3CfDHV5LHSVfbdCgnAM,a16z,Bskm7ycvt2aoVK5xW8MnyQLyzrgPnfcnehC7nF2ByVFu,pumpswap,1790396313,0.000006218,5205.82,5574,5574,39.45,717.79,193492.31,193492.31,0,1,10,6,2467,1965,2467,1965,-2.35,27.11,-87.48,-87.48,0,0,0,1,,1790416000,1,1,7,6,805,893,805,893,
1790415942,GyRNoQz54LJoc7EJDC9GRx8ea8d7MoNapEiX5UjSWrv2,34%,CX4Na9GKgcGZ7Wki4tQhhTB5LhEqJ2VK789Gn6L7arnT,meteoradbc,1790396355,0.0001024,,102441.08,102441.08,0,0,12277.17,12277.17,0,0,0,0,443,464,443,464,,,75.93,75.93,0,0,0,1,,1790416000,0,0,0,0,186,166,186,166,
1790415942,GG91WEVMPkEbLw7Fh7vY4Ab8i8gQhHyERBXQiHu7oWvG,BEEPLE,73e1SW8w7c2W3arQVAUnHjWY1VSp88xkarYkLm9mRRnk,meteoradbc,1790396241,0.00006034,,60346.13,60346.13,0,0,3537.26,3537.26,0,0,0,0,96,98,96,98,,,298,298,0,0,0,1,,1790416000,0,0,0,0,75,82,75,82,
1790415938,56UCBMNousmZwF9GAoGoztrs2LsavxoxBhbbPdJQpump,RICHARD,J2EXuATW6kE5p51WxeWCYiSqXMBoVVHNg1eTHynC1w2k,pumpswap,1790395585,0.000002207,2237.97,2194,2194,0,0,156145.67,156145.67,0,0,0,0,8506,10202,8506,10202,,,-95.6,-95.6,0,0,0,1,,1790416000,0,0,0,0,2235,2463,2235,2463,100.0
1790415938,5pWERprPbEXM6xGvtk828HYpEDDP5bWmtRSU114pump,OpenAI,DTxa5jSMZSfdK2ovqvHjrAejJqc9G2cXmeiequDdrbgP,pumpswap,1790396063,0.000002143,2162.86,2143,2143,0,0,110935.35,110935.35,0,0,0,0,2157,4932,2157,4932,,,-95.73,-95.73,0,0,0,1,,1790416000,0,0,0,0,1991,3164,1991,3164,100.0
1790415937,2iUa6AB9PFFdNt2uySNgTg7PUyTBTEh91JP5CjBJpump,e/acc,71pksUuBXUNtyR1c5hrzTfCdnSeSVyrAYSPNzorVPpvz,pumpswap,1790395479,0.000002189,2233.59,2189,2189,0,0,252261.12,252261.12,0,0,0,0,7946,9638,7946,9638,,,-95.64,-95.64,0,0,0,1,,1790416000,0,0,0,0,2859,3107,2859,3107,100.0
1790415941,BjN5fCYKwYL5kiiNEV1Q4QZwfEP8Nu8zGrC1tFQ3pump,GTA 6,DtvFSqHGT8r9wJD2pu54QaizBseWPf2472Y7cmJJ4xYE,pumpswap,1790393729,0.000002161,2196.36,2149,2149,0,0,189712.84,212762.01,0,0,0,0,24606,26063,28104,27643,,,-99.5,-95.7,0,0,0,1,,1790416000,0,0,0,0,394,1415,2414,1502,100.0
1790415937,12VeN3CtAwWRpobBmat82hfnC9oGuxjSYwB8EXf5pump,ChatGPT,EVy3n5cn4geFfy4HYo7YPEhxb8GERgnGH2xnGnD1YQkZ,pumpswap,1790396166,0.000002153,2183.91,2143,2143,0,2.35,73149.43,73149.43,0,0,1,1,2750,1319,2750,1319,,-1.04,-95.71,-95.71,0,0,0,1,,1790416000,0,0,1,1,351,340,351,340,100.0
1790415943,HSnCtWsw5YmfAkJo9S3eetWtGHPMrc2pAxvCu24AnQEa,DDOS,FEGPrAa4aFNeYaXycKh45GBKVYAJMFuDEyronAceRLgV,pumpswap,1790397348,0.0007768,90776.09,762312,762312,4063.25,115128.04,5836991.87,5836991.87,20,37,579,723,31213,29254,31213,29254,1.61,1.95,1454,1454,0,0,1,1,,1790415988,21,46,378,427,9355,7578,9355,7578,100.0
1790415942,FdqkwEGXhyvZ8huTDDHLQE2ZnTEfTQQ964vEqQhDrWAQ,D/ACC,3gcFdPjJF2ZS6udTywbVhaSx2yaH1HpWqU7LzgKKVAUx,pumpswap,1790388212,0.00002998,14164.31,28849,28849,1344.37,10509.13,124176.13,371657.44,16,18,113,87,974,733,2911,2259,11.98,-11.17,-51.37,-40.18,110,0,1,1,,1790415988,13,16,66,64,381,345,1248,1099,100.0
1790415937,122A6WuGkfy4YBephkDGKbmWD3bgVqxNg6ZPucZipump,CNN,6Wyhp7njsVoh6ekjF4sceUT5u5AHQDLcocse4XPxCoqr,pumpswap,1790397837,0.000003508,3531.82,3509,3509,0,0,152354.39,152354.39,0,0,0,0,17331,14557,17331,14557,,,-93,-93,0,0,0,1,,1790415988,0,0,0,0,171,1149,171,1149,100.0
1790415941,BnMGVbPNo4fwX6yHMdgZfGsRqFnHLhJ5ZEr1ja3rpump,COLLECT,Aiw8b54LrVQUCL3GvMS2urtwgqYFV5tEHWaCnF2hP5xB,pumpswap,1790397843,0.000002201,2222.06,2188,2188,29.22,29.22,102385.98,102385.98,1,0,1,0,5099,7139,5099,7139,2.4,2.4,-95.61,-95.61,0,0,0,1,,1790415988,1,0,1,0,1978,2448,1978,2448,100.0
1790415942,FgYSMyuNJ3BPRbQmWAWbrTYKXEhHmQBDkkQoa4TDSL4L,MAX,Gc1ZnJjKpQPqixbyYHaLF5Ks1X4tDVk89fJtHGwGKyGC,fluxbeam,1790397898,0.001509,1493815.86,1509156,1509156,0,0,10696.32,10696.32,0,0,0,0,300,0,300,0,,,901,901,0,0,0,1,,1790415988,0,0,0,0,20,0,20,0,0.0
1790415944,aLfzSSmjzHPfoTh3mHczDXsE8FcRdGKnQeswqampump,GINGER,E6m2WvWbx829zCXKJTPp239k4bd94rqRXEM2QrnW8Y52,pumpswap,1790397679,0.000003873,3688.08,3699,3699,0,3.96,253437.5,253437.5,0,0,1,0,2042,1872,2042,1872,,0.69,-92.6,-92.6,0,0,0,1,,1790415988,0,0,1,0,845,846,845,846,100.0
1790415940,AhCEyMhCQ9HPUNSWTy9FJTSyuPAGHEtFFCpg1cTVpump,FROGPAID,2XzUnJ1dGE3CqajXLMwcuVLS7ehUD2idDVNLSKjnrghN,pumpfun,1790396808,0.00004955,,49552.15,49552.15,0,0,10251.64,10251.64,0,0,0,0,6,0,6,0,,,1365,1365,0,0,0,1,,1790415988,0,0,0,0,6,0,6,0,
1790415942,F1Zx9ye3wRxUmCVcbxgrW6raDh4F64zH25jQyW7Y1L1N,ANTI,GVixLXFp7dcNvwi9c4D2ca4hC9t2qEhaj6ApeuhXtZXM,pumpswap,1790397070,0.00001036,7598.99,10165,10165,0,512.59,663463.58,663463.58,0,0,6,12,5301,5595,5301,5595,,-17.42,-79.28,-79.28,0,0,0,1,,1790415988,0,0,18,25,1945,1794,1945,1794,100.0
1790415944,afiwLjKsoyRziEKPgsAqsqRBV6cqeHt1MmFJmAUpump,e/pump,BuzTboy7HdCuCpBhfKuVEc3vSH6JQaqkkPnxDiUGcyAn,pumpswap,1790396590,0.000002337,2430.5,2323,2323,0,0,598451.85,598451.85,0,0,0,0,4532,3628,4532,3628,,,-98.29,-98.29,0,1,2,1,,1790415988,0,0,0,0,3138,3134,3138,3134,100.0
1790415941,CgNTQEHhX7QGc7HjthxEzujU9bWz8bddk9n1ihYwpump,ZCALI,C5MnXX9moA8fFUw88Jt6N7X9CTjXnjnmUyEGo5tFkdVF,pumpfun,1790399173,0.00004954,,49548.04,49548.04,0,0,10250.79,10250.79,0,0,0,0,10,0,10,0,,,1369,1369,0,1,1,1,,1790415988,0,0,0,0,10,0,10,0,
1790415938,4hP6EiDZGEkqzRguzAWKJ2QYht5VRxn4t78evNELpump,e/pepe,C8zZKJH6E7karChW3xgbyRra6TUKtTgHqQu7noocNrjH,pumpswap,1790399229,0.000003095,3299.16,3007,3007,0,4.71,772464.86,772464.86,0,0,1,2,2732,2643,2732,2643,,0.73,-93.79,-93.79,0,1,1,1,,1790415988,0,0,1,2,959,921,959,921,100.0
1790415942,Fj886GvHFyxQhunb4pw7WLRPRASNh25LT8Zpv8qqr3Ab,MUTANT,3ZQgaXJ178jvp8pCmNhgdwiHoaFn7FYVwnADfRGJVyF6,pumpswap,1790390873,0.00007352,27485.82,71379,71379,189.03,5846.61,202298.12,644771.46,2,4,67,94,1306,1270,3812,3516,-1.63,-16.12,0.51,47.06,0,1,1,1,,1790415988,2,3,37,39,626,596,1808,1529,100.0
1790415942,EHJbGf1dPexKsy2GvahP88qeofnWErm5Cy4y5dWRpump,AGENTC,DpBRbN8AXrBLxkPkAhreTAZg4BaKtW4phksq8s414TYa,pumpswap,1790381930,0.00001561,9515.23,14800,14800,0,803.04,17953.55,302835.25,0,0,7,19,249,222,2842,2422,,-2.82,-6.58,-67.91,30,1,1,1,,1790415988,1,2,7,19,109,139,1087,1037,100.0
1790415938,5MYP5twDbjocd3tQ7xmLgDQ6BnxsxFwLmoLabYp1zQH2,TOSV,DQtVxwBsWHQMCX7TfUjxRugehA4vFeLxAKCWAgC8YTuL,pumpswap,1790393966,0.00002503,12470.9,23829,23829,478.1,5179.32,94978.64,147842.49,11,3,56,56,1076,845,1755,1359,7.6,-24.27,-28.64,-48.69,30,0,0,1,,1790415988,16,3,39,42,499,518,783,758,100.0
1790415937,3SphQDFbEvebehWuMPRyyUiHvDTswa7AVFyEPMKvpump,a16z,2abNfZyym4mBT7rzPJLxYWosdCMQLkmtuujq1uJiRufv,pumpswap,1790399556,0.000002135,2159.17,2136,2136,0,0,96792.04,96792.04,0,0,0,0,5861,7759,5861,7759,,,-95.74,-95.74,0,0,0,1,,1790415988,0,0,0,0,2056,2446,2056,2446,100.0
1790415942,FgzsaQEoWMhEqx5vSQAFXDeHbY7oFFW3LmmEo9MBAfuX,p(doom),4wQQQqiRrQpoM6PG7BhdSUyAS5vqPAnynFAmHAg2R2Xz,pumpswap,1790399419,0.00001080,7576.19,10341,10341,5492.19,20841.97,308902.58,308902.58,53,43,207,173,3382,2972,3382,2972,79.31,-49.74,-77.88,-77.88,0,0,0,1,,1790415988,43,25,109,110,1366,1322,1366,1322,100.0
1790415943,J9oEcJ3GgtowQuWdtc6D5H8B3FvJG9snXGnMTs2Mpump,Muse,JBZkWXyEqxJw9YCwYYVNTseeybjE7BGhVZ4h6eJJhRGv,pumpswap,1790397365,0.000002148,2174.83,2135,2135,0,0,141670,141670,0,0,0,0,12832,11678,12832,11678,,,-95.71,-95.71,0,0,0,1,,1790415988,0,0,0,0,2383,2175,2383,2175,100.0
1790415940,8ncS5CY9sL2tpDuZC3y1nGs9D6q3kpeso2AkeiZsiXzG,GTA VI,B3fgCZFRdaqKU5m697PrAGtQZef7ZgXMNxFESTMegrPr,pumpswap,1790399256,0.000002182,2216.88,2183,2183,0,0,177246.09,177246.09,0,0,0,0,7632,5388,7632,5388,,,-95.64,-95.64,0,0,0,1,,1790415988,0,0,0,0,509,2272,509,2272,100.0
1790415942,EFv1JzU84iHk8j6EkdBmd9ACgoV77GUhh2xJqNdFpump,MEMECARDS,3kSeomZ3FTSnqNEgWyMpzFHWcVMR4Y6n8nSh5vKc6cV1,pumpswap,1790404649,0.0004677,66875.62,451018,451018,10442.29,244412.6,355763.58,355763.58,50,529,1300,5074,2640,7089,2640,7089,-2.23,94.74,696,696,100,1,1,1,,1790415975,,,,,,,,,100.0
1790415937,3Ugvzc5xPZsFjgyQHKh7Pj5MMvUnPG2gpYdvQTk8pump,MUSKPEPE,DvybRFbL1Azp2S6c72vaR9m69F8KzFXFKbzz6TMGMiYE,pumpfun,1790401266,0.00004950,,49502.84,49502.84,0,0,10241.44,10241.44,0,0,0,0,6,0,6,0,,,1365,1365,0,1,1,1,,1790415975,0,0,0,0,6,0,6,0,
1790415937,36j719PhVNA9Pf27UnWs9y77iHVN9Q9c9LmPGz6V97h4,CCRU,YYR1bqVWRzQbWBVso4fKxnR1kHDQiM9i7WeUpDnYQLP,pumpswap,1790398981,0.000002661,2635.51,2565,2565,0,19.19,28991.64,28991.64,0,0,1,1,150,190,150,190,,-0.06,-94.65,-94.65,0,2,1,1,,1790415975,0,0,1,1,113,161,113,161,100.0
1790415941,DGQeai3pAeWPjbPsgnhYyZ2dfNah96J1CEjVn4nF5AWV,YAP,AbvLk7D7qTQoNb6BVZ9cBHjgzKMkYQHiCKBDWxJP6MyQ,meteoradbc,1790401375,0.00003489,,34896.18,34896.18,0,0,5591.47,5591.47,0,0,0,0,119,156,119,156,,,144,144,0,0,0,1,,1790415988,0,0,0,0,110,138,110,138,
1790415939,75PXpcdFJbEK2k13GzyJmZU8aUFiekobQEZdhZeb71kB,QUOTE,3YE2onNViQDPsTYjCt7TjNe19eUaK5chpcGAVezA8rRf,meteoradbc,1790401354,0.0001212,,121259.82,121259.82,0,0,11834.57,11834.57,0,0,0,0,321,352,321,352,,,50.89,50.89,0,0,0,1,,1790415988,0,0,0,0,162,126,162,126,
1790415941,BG3aDfHDs1qi2Rqk8tGrNXcTXdA65M6sb6hc3eHgmV4e,Walter,ArS2WkWYA2AcGRAUTq1LccCReFiyE6pWf7zhdYttkJ76,pumpswap,1790401622,0.000004447,4026.56,3264,3264,0,0,43902.69,43902.69,0,0,0,0,463,650,463,650,,,-91.08,-91.08,0,0,0,1,,1790415988,0,0,0,0,293,452,293,452,
1790415943,Hduq7qPdheYwLu4nKBjwTciHXLm428PJM25b9fSQZZre,KIDBUU,5CBU88XnyXefChroaywP2aTYJD7wF3ZAMat55fSckUYg,meteoradbc,1790401333,0.00005897,,58978.91,58978.91,0,0,7456.63,7456.63,0,0,0,0,150,201,150,201,,,220,220,0,0,0,1,,1790415988,0,0,0,0,99,116,99,116,
1790415943,HoXm1HcgnVxdbyWD8ic54DkmLqww4qmtF7WNH5Ezpump,STARBUCKS,3PRCtDVppgf2cj1fNukWBQujLyvzip6h8H1JK1cngx7A,pumpswap,1790400994,0.000002207,2304.25,2195,2195,0,0,483772.36,483772.36,0,0,0,0,9584,11745,9584,11745,,,-95.59,-95.59,0,0,0,1,,1790415988,0,0,0,0,2991,3153,2991,3153,100.0
1790415943,SazcJX5RWtuxCdPs67RweFh66eiZhWjx7MH3139mMRQ,DDOS,6zev3sDgFW8hhd33TPeAcPovuu8mK7xJmfmkwa7vVvgH,pumpswap,1790400595,0.0002371,358691.28,237160,237160,470342.61,6160926.5,43364833.81,43364833.81,548,268,7214,3534,39283,24624,39283,24624,-1.96,15,277,277,0,0,0,1,,1790415988,397,48,3588,49,5021,61,5021,61,0.000000000451956987048288
1790415941,B3oVHCtXZjr8E4Ec1PHmBDRRpQqRBgGBiLGYvqwMpump,NFL,9SUjK2Le28TxSm2YG2zarLJSz4TDrWRy6CYo6ACEd7Mz,pumpswap,1790399197,0.000002152,2184.65,2140,2140,0,0,182988.48,182988.48,0,0,0,0,24416,23634,24416,23634,,,-95.7,-95.7,0,0,0,1,,1790415988,0,0,0,0,2415,1469,2415,1469,100.0
1790415943,H6bdwt34zKNGmhUNa8xkEQWMVR4nj5Ncw13RCbH7moNr,ANTIFUND,ECUqb3RgHWhEaBe3UeUgVRw8vRnWdNnvbVimTpE5aQ1u,pumpswap,1790390123,0.000009501,7445.82,9246,9246,254.04,811.1,368364.81,1218745.96,2,3,12,11,2331,2056,7277,7113,4.29,-4.1,-0.1,-79.58,0,0,0,1,,1790415988,2,2,11,10,727,699,2152,2073,100.0
1790415937,3pVv9iav75CfaVb2YFLtX1ijYDXSEPLmweWxUYp8q8nG,STEVEWILLDOIT,6VjSkPCGpTE5RYXgJv5Hs5FD9c2Lk9B9QHSaVjw8kqbE,pumpswap,1790389345,0.00006681,25192.27,65486,65486,873.08,26893.98,1178906.61,3458785.73,13,9,218,195,8254,7272,24419,20342,-10.05,-32.69,-81.38,37.53,0,1,1,1,,1790415988,13,10,141,157,2879,3153,7222,6411,100.0
1790415937,35MmkVyoE3PHieNwxjV1wvmHHQqvc4fgkAXWtawtpump,SHOGGOTH,FkYRV3CJhGDFfw3sSgWhPqjDKtRcAopnXDorUEfW56JU,pumpswap,1790404378,0.000009064,6649.56,8625,8625,82.14,8689.82,82124.06,82124.06,0,1,151,124,1262,1675,1262,1675,-1.87,10.63,-81.68,-81.68,0,1,1,1,,1790415975,0,1,64,64,471,540,471,540,100.0
1790415939,693L8NbWor3m3TGdSML15GftutdewRvEKLRUhJFFpump,manifest,EssHySxHEMuE5et9ConhrXG6Qbbxe6nQWQbBoKhM8Ly5,pumpswap,1790398746,0.000002384,2448.26,2310,2310,0,11.87,257495.09,257495.09,0,0,0,2,8215,7053,8215,7053,,-2.39,-95.53,-95.53,0,1,1,1,,1790415975,0,0,0,2,7810,6452,7810,6452,100.0
1790415938,68Ky3HnCTkFhnAkViJUW1dpcoZ9C77efgiwjSQq9f1BC,FM,ExvMH86hweTtdoTVPnmPTz1qbVvcUHV4rbT1XvCZrfK7,meteoradbc,1790403758,0.00005111,,51119.03,51119.03,0,0,4171.98,4171.98,0,0,0,0,70,93,70,93,,,143,143,0,0,0,1,,1790415975,0,0,0,0,65,83,65,83,
1790415942,FgS2tT9p6taf7SVDSwQYnqHaukxhuJGWi2zxr2JKowRG,treecoin,CvUz9EcVsiHjwupnMfCu651ZCw6BLuVPjjGzeQQsthDg,meteoradbc,1790403733,0.00004571,,45712.71,45712.71,0,0,19659.2,19659.2,0,0,0,0,548,633,548,633,,,229,229,0,0,0,1,,1790415975,0,0,0,0,160,155,160,155,
1790415939,7j5z39HQouRPDjbBsdzajbaZfzKofvc6hKETiZ7Vpump,A/ACC,HscQER3BXi7Ab8hsazG2ibZP6ZoevYbh8ZPB8LHkrQeC,pumpswap,1790403303,0.000002161,2202.53,2149,2149,0,0,243355.63,243355.63,0,0,0,0,5811,7806,5811,7806,,,-95.68,-95.68,0,0,0,1,,1790415975,0,0,0,0,2687,3104,2687,3104,100.0
1790415939,84PCeAcEoACNYEMqG59tuo6o2GoeadDLiZYztW7upump,AIMUSEBOOK,Wit3WoCYoAnFm1Y4Txdc4i4NmU8XYPvnVTdq8Jj93Gx,pumpfun,1790403531,0.00004942,,49424.78,49424.78,0,0,10225.29,10225.29,0,0,0,0,9,0,9,0,,,1369,1369,0,0,0,1,,1790415975,0,0,0,0,9,0,9,0,
1790415942,E1h2Y21X2AzTQo2Gqm6sAeVnyx4un4EJckvSraXKpump,Ethel,FvrQzYmGP5FP4GRd7MTaRGhKxHdidoF5WFnhHj4mkxHM,pumpswap,1790403138,0.00001159,7822.9,11125,11125,203.51,2785.25,150588.44,150588.44,6,3,45,36,1603,1370,1603,1370,1.46,-29.33,-75.97,-75.97,0,1,1,1,,1790415975,14,4,35,28,618,609,618,609,100.0
1790415939,7haJedyf6kQbiDNqzg31pyKQULm1qdeKAYd5VfAhpump,e/pump,6jyQnT1LeiHcyHkaXKCE7JcjHiUuVQ8zumqdqPQ4H3BL,pumpfun,1790404396,0.00001272,,12725.46,12725.46,543.6,10383.6,197080.92,197080.92,11,7,159,117,2454,1810,2454,1810,6.23,4.93,179,179,30,1,1,1,,1790415975,10,7,90,94,1075,905,1075,905,100.0
1790415940,8TP6xYfjHZPeBAuVtkQXonUjnXjdJuEktHFR2sGcpump,pwease,8NGPQhWc2TQ45zePffVZkexRvQM77cdF8L4tnBTck9ub,pumpswap,1790404692,0.00001083,7716.65,10461,10461,1584.7,2255.5,454493.42,454493.42,37,8,47,46,4336,3889,4336,3889,97.99,65.11,-78.12,-78.12,0,1,1,1,,1790415975,28,10,38,40,1726,1584,1726,1584,100.0
1790415939,7iRw29LLSFG6wgCtv9tKumP7GSBKu1yupmXR7VwUpump,SHIBOB,CzaCkrv6w5kJDFwzVmd5wFtqQUuZ5TYf6uhjWkP1S65P,pumpfun,1790404590,0.00004949,,49490.52,49490.52,0,0,10238.89,10238.89,0,0,0,0,6,0,6,0,,,1365,1365,0,1,1,1,,1790415975,0,0,0,0,6,0,6,0,
1790415937,2KjgagqiBaR564BrJXE5KjHaxEPTW5pSgLHVn9k8VHwZ,FLUFFS,7jFEmns8yjNZVMiuUj4dADx7nLn6EpQszJepaS2zMbbr,raydium,1790346481,0.00004157,10782.4,41577,41577,0,222.78,3835.02,13185.48,0,0,2,2,155,8,262,62,,-2.13,180,14.96,0,1,1,1,CPMM,1790415975,0,0,2,2,10,6,49,45,
1790415943,KVK2wQJUrb5RZcjmN4QLV6UiMcZ3wUMfENUUPcYQA9S,ZEPE,Dx64iYVsMSwav5e7pAKjYQd91nEWYtDNhqwdjZzBKw3Z,meteoradbc,1790405197,0.00005852,,58522.14,58522.14,0,0,9987.07,9987.07,0,0,0,0,171,228,171,228,,,219,219,0,0,0,1,,1790415975,0,0,0,0,121,129,121,129,
1790415941,BXzwGm1MiRRSuqjA7qNinoSPxeETevXL7wA8GBY6g6p8,ZEPE,9HtQsE9BwkY5WyFRpBsUmgApmj7d8GkJMBq4KpCDs8Ec,meteoradbc,1790405158,0.00005691,,56915.56,56915.56,0,0,2827.96,2827.96,0,0,0,0,68,61,68,61,,,277,277,0,0,0,1,,1790415975,0,0,0,0,57,45,57,45,
1790415942,DXL7mRmhNQb9bwAT5gZZR2N1tUfFBhj6vXtqW8sJd8qv,e/alt,Cn32XQrSis75FWRK1CjYT18joxRBV7NqP2Yk44cvzzqh,meteoradbc,1790405169,0.00005088,,50882.45,50882.45,0,0,3455.86,3455.86,0,0,0,0,48,71,48,71,,,141,141,0,0,0,1,,1790415975,0,0,0,0,44,64,44,64,
1790415942,F9M8xSoV2CW633ven9ee2hxvLXRVLAQE6kXMSVjrK9YB,DUST,6YaVCmfh9WC9oNUvFGLnCpD3HvwEJk8bTQrcGmn7fqnW,meteoradbc,1790405191,0.00005643,,56434.68,56434.68,0,0,10330.78,10330.78,0,0,0,0,195,316,195,316,,,296,296,0,0,0,1,,1790415975,0,0,0,0,141,184,141,184,
1790415938,4okRKDA3FmHLEZhTaefJean7JcYubujFYj7c19kLpump,NVIDIA,GMW9mp3eBcJLpaaCS5wbitwhr2wfn4xNmbg8xvuWoaU9,pumpswap,1790405333,0.000002142,2156.57,2143,2143,0,0,62829.65,62829.65,0,0,0,0,3897,4428,3897,4428,,,-95.72,-95.72,0,0,0,1,,1790415975,0,0,0,0,2409,2109,2409,2109,100.0
1790415937,3qA5L2EDyDeTLvF3t69uEXzGUjJD3K3jzj5cgA8zm5ic,ZEPE,AuMoPidTwEuuLuewsU6GeVgxwPWaqDAnoskGpeqgRL4H,raydium,1790404972,0.0001506,35271.09,150610,150610,120.31,22855.67,94261.42,94261.42,8,1,130,91,523,425,523,425,1.19,202,203,203,0,0,0,1,CPMM,1790415975,6,2,88,56,269,210,269,210,99.9999999726813
1790415944,dQdThfv9BEgAKyWHCfJjXzcSU5rzVpGow66ayqQpump,KMbappe,GhGMyFVmBBT2fRqF6K3nsM2sUS2QsAsZJZ2NQRyp8R9B,pumpswap,1790404543,0.000002149,2178.52,2139,2139,0,0,174505.61,174505.61,0,0,0,0,6120,8616,6120,8616,,,-95.71,-95.71,0,0,0,1,,1790415975,0,0,0,0,2697,3132,2697,3132,100.0
1790415943,J3XreXPxhdQENpToUihgzrggF4kr9ofnUvjgaNcWpump,wifpaid,2HcFz8q5WrWPGqboCtTGMBv95KXRuZ1vPY6R2m7GzrnA,pumpswap,1790404837,0.000002476,2664.99,2386,2386,0,1.13,602159.45,602159.45,0,0,0,3,2610,2720,2610,2720,,-0.96,-94.91,-94.91,0,0,0,1,,1790415975,0,0,0,3,1005,1047,1005,1047,100.0
1790415938,4qLLkjMktmxLdA7DdzLBxhP6PNwJd4aiuuLwKQKHpump,roon,4jNXSXD82nWGGGN8QdcqNaeLW5u5RxCgoc9qVtCZgxiv,pumpswap,1790405028,0.000002164,2205.96,2153,2153,0,0,312182.7,312182.7,0,0,0,0,7969,9632,7969,9632,,,-95.67,-95.67,0,0,0,1,,1790415975,0,0,0,0,2834,3097,2834,3097,100.0
1790415941,Bwzt3RwBURLDA2WBkj1TS8BEwMEZbqoeiwugZTM5pump,TOM,ENiSGjM3kD35Gq47DdnPaoHwvgfaba6QxF4CBihdR4Zs,pumpswap,1790404834,0.000002183,2253.89,2183,2183,0,0,85950.13,85950.13,0,0,0,0,4330,3205,4330,3205,,,-98.38,-98.38,0,0,0,1,,1790415975,0,0,0,0,1437,1243,1437,1243,100.0
1790415943,Jd3whkBk8mNB8LLn3s8C6PKYZfKT8JNphrgmHc7pump,Chanel CF,HnBkPkyB1riXpDLSN1TrJnGr42rishT7QDEGhAhehJHF,pumpswap,1790404635,0.000002151,2189.54,2152,2152,0,0,270812.42,270812.42,0,0,0,0,14439,12923,14439,12923,,,-95.7,-95.7,0,0,0,1,,1790415975,0,0,0,0,333,2523,333,2523,100.0
1790415939,6nzwhYEyyy7oXurXJtuE2z1v8gUfsupcP1KN8sFWpump,DDOSINU,8Ddwa1xDvpBb1NBN3aGRHkph1Jmg1cZEps3TtkgAvWmP,pumpswap,1790406439,0.000002268,2339.99,2228,2228,0,0,277747.62,277747.62,0,0,0,0,4366,3513,4366,3513,,,-96.87,-96.87,0,1,2,1,,1790415963,0,0,0,0,3183,3177,3183,3177,100.0
1790415937,2bpoWJA8w1zE5SUZYGq7g1UQEYecsMUSarpTmLmobRyV,pwease,4uDvVeBh3L3kWSXtoft46K6LMchktbgDR7vmL7FpA1xU,meteoradbc,1790406606,0.00006002,,60027.78,60027.78,0,0,23901.14,23901.14,0,0,0,0,936,971,936,971,,,35.11,35.11,0,0,0,1,,1790415963,0,0,0,0,208,205,208,205,
1790415941,C7PwjAobgcKMmcTR4qtcqo4yMG7BLAARA8BSdBma2kzH,Gemini,7egx9sWdtkwWY2vhxirJfqNXJB7MyxreHKZHRiu34MGj,meteoradbc,1790407050,0.00005863,,58639.81,58639.81,0,0,6977.63,6977.63,0,0,0,0,159,202,159,202,,,178,178,0,0,0,1,,1790415963,0,0,0,0,103,126,103,126,
1790415944,qu65SiodgP7sYZEqhaGq7s8Y84zmwKkjAN3Svqipump,Robinhood,ArFi2fXibXc5p2MP3A3TUmK2ZXZm2u8sy8FwXEYANB36,pumpswap,1790407075,0.000002157,2190.87,2147,2147,0,0,182093.71,182093.71,0,0,0,0,29581,10140,29581,10140,,,-95.69,-95.69,0,0,0,1,,1790415963,0,0,0,0,414,2576,414,2576,100.0
1790415942,FhA1uYvyK4nUZM6agYaQ16mJrqYgR7edbi7rrry8pump,DDOS,66jtMVm432fNzsJdsML9PNHS7QvVQbxFiCYm7zGnsD3u,pumpswap,1790407067,0.000002182,2236.58,2183,2183,0,0,383839.06,383839.06,0,0,0,0,9095,10604,9095,10604,,,-95.64,-95.64,0,0,0,1,,1790415963,0,0,0,0,2903,3096,2903,3096,100.0
1790415938,67h9ZTs7Cm8uZak7ZEsVJq32iRWkMrkrkmFZkGTVBAGS,DDOSINU,5krfQuwUMDrLW8zvPamCRdxBu8PVVMcxZCVE5KiJ8fRU,bags,1790406949,0.00006753,,67538.27,67538.27,0,0,1.18,1.18,0,0,0,0,1,0,1,0,,,,,0,0,0,1,,1790415963,0,0,0,0,1,0,1,0,
1790415943,HvtZuBzKrWgb9kDY4MNAzsveW1ScHBDdAz1e8LaAz7mN,m/acc,CZi9R5weU6Utad2vsMkVxhJBMHkypR9CRJ16965vvzqx,meteoradbc,1790406900,0.0001272,,127294.99,127294.99,0,0,6942.6,6942.6,0,0,0,0,189,202,189,202,,,804,804,0,0,0,1,,1790415963,0,0,0,0,140,124,140,124,
1790415939,7QcJh428tMBAAfNQv18GbwavfvVDZYV9dcjEVxFFpump,SKY,FBYzDb7Xo8rR3WenT2qr5Dnc9oPnPdtL2XPuN6x1wyqc,pumpswap,1790407045,0.000002192,2270.26,2182,2182,0,0,132312.83,132312.83,0,0,0,0,6920,5589,6920,5589,,,-98.37,-98.37,0,0,0,1,,1790415963,0,0,0,0,2340,2295,2340,2295,100.0
1790415942,G5P6xrwS6tQprGWMaZbwo82A5ecpXCrtkzwEH9vDJ4y4,PHISH,DKygD2y1W169aVRKtrJaixHtzjRDcXsdnbGcNMEkGTkg,meteoradbc,1790406960,0.00004662,,46629.41,46629.41,0,0,21860.96,21860.96,0,0,0,0,700,775,700,775,,,213,213,0,0,0,1,,1790415963,0,0,0,0,204,204,204,204,
1790415942,FCMpNVWDqZw7Fr48CoowXxitQxbZJsTmhV1kYDUCJaZz,m/acc,A3iFoMfoQcLrPoJZFi9MvgFZy8vpcWYZfFPS7jqHF3Ps,meteoradbc,1790406810,0.00004747,,47477.76,47477.76,0,0,15271.5,15271.5,0,0,0,0,383,470,383,470,,,241,241,0,0,0,1,,1790415975,0,0,0,0,180,182,180,182,
1790415940,A5BF2qSTSPzxafHvffWTHDzjPhNhdv3VPaCC74AjagUR,TUKI,FsofYSTWbensJeSws6NUF6GRU5z1wniyejquy6uWHZoo,meteoradbc,1790406968,0.0001197,,119740.16,119740.16,0,0,17409.38,17409.38,0,0,0,0,281,399,281,399,,,947,947,0,0,0,1,,1790415975,0,0,0,0,170,195,170,195,
1790415937,2QsjpbHbDLXPMRRHsLata4p5a81Cod1MWpRELVDWpump,h/acc,GeFzcJNWnu5QsTu6Aj6h6krWdubzz6vAmk1G9gWRWXio,pumpswap,1790405647,0.000003330,3819.45,3225,3225,0,0.95,2347459.46,2347459.46,0,0,0,3,10850,9469,10850,9469,,-0.46,-93.3,-93.3,0,0,0,1,,1790415975,0,0,2,7,3818,3546,3818,3546,100.0
1790415943,HE6xH4wPbBDUKSyBJnHpmMVhQCjLU5Krt24R3FnGpump,Nike,31iioGw3GLYJryzFYRc7J7Rh2yqCoDWdruGSn4dgaNJB,pumpswap,1790405096,0.000002187,2217,2173,2173,0,0,180711.84,180711.84,0,0,0,0,19141,17970,19141,17970,,,-95.63,-95.63,0,0,0,1,,1790415975,0,0,0,0,2386,2173,2386,2173,100.0
1790415943,HGLzDFzFLS7iNxw2jPYDFGGFP3SR6LEAnTM4jzzvpump,m/acc,79CuRHX5zAcgWZj7jibexUMjgw8FNrx24tJzw7bb8Eta,pumpswap,1790406372,0.000004718,4310.09,4556,4556,1.69,300.1,372578.1,372578.1,0,1,12,27,4795,4238,4795,4238,-1.64,-6.34,-90.21,-90.21,0,0,0,1,,1790415975,0,2,11,24,1868,1798,1868,1798,
1790415937,3vz2nmiCkwoiMF97k2oyKEJTPab6dvuqvD1f7PfUgkAL,CATDOG,GMU1ZVUNQWaQbWyNJgL8GP4wPGbWsmRUTHaxPPgU3rGC,raydium,1790399896,0.00002101,13227.57,21012,21012,31.31,5177.17,149760.24,149760.24,3,1,60,71,1667,1245,1667,1245,-0.2,-55.99,-56.75,-56.75,0,1,1,1,CPMM,1790415963,1,1,43,61,778,668,778,668,99.9999999998848
1790415937,3G8t77KrT6quRUyAoaYUcNWHDnJZ1iB9MWUkf8MGpump,Elon Mask,ANQMpRgBD66bxBN8ufDrkkjQKWr5D42mCjfvPJ4jVbMK,pumpswap,1790407289,0.000002743,3053.16,2652,2652,0,46.5,1046135.6,1046135.6,0,0,1,9,4478,4471,4478,4471,,13.37,-94.52,-94.52,0,1,1,1,,1790415963,0,0,1,4,1906,1948,1906,1948,100.0
1790415941,B27WTNiDZ2wxm1re1vhRckt7F7mXjwLV55igcwYzpump,nst,2AUyQYuV6QMMAC6XGjEmwdXuVrwp77TVcKb2SZiSpTWk,pumpfun,1790408546,0.00002728,,27282.26,27282.26,0,0,731.69,731.69,0,0,0,0,36,23,36,23,,,706,706,0,0,0,1,,1790415963,0,0,0,0,8,7,8,7,
1790415942,GDzirCi6Q6xNCAxiunpNNrr3zuBjB6x4AkWzKhUUVEH1,Tetsuoai,49wN7i7Z3uEzub35XVwcHtf7CD79Si9YgZJUX8che2ei,meteoradbc,1790408485,0.00004602,,46025.41,46025.41,0,0,8702.67,8702.67,0,0,0,0,115,113,115,113,,,177,177,0,0,0,1,,1790415963,0,0,0,0,104,88,104,88,100.0
1790415938,5SByDU6ZnoWTYNK1GUWB3VDBbLTGV4rNVqcJXK5H22Zn,‮TOOL,8KSVnrAZmavgs3iXAM3z7r5E5L6Fmhi9dUtWcRXTsjBG,meteoradbc,1790408507,0.00006019,,60197.62,60197.62,0,0,1634.12,1634.12,0,0,0,0,104,53,104,53,,,17.42,17.42,0,0,0,1,,1790415963,0,0,0,0,3,1,3,1,
1790415939,6Rr4YronFAxCKC8aZW4ri7eZyYsuZnUfgfDv8T7TAMNE,OUROCHAT,1FxM3dViLS1JiNyVB3V5Ut4jBvFSCA1HduBGDzEr9Af,meteoradbc,1790408367,0.00004692,,46920.78,46920.78,0,0,15871.2,15871.2,0,0,0,0,456,497,456,497,,,237,237,0,0,0,1,,1790415963,0,0,0,0,188,190,188,190,
1790415941,CjiEVKRURpNaCpxpGmy9WatX8Rfi3EjCj9sAbC2EBAGS,BUTTPHIL,4aS56LdrQH43QWSQuP8VnPQ7UXpyS94Ya6uvQuG43Stx,bags,1790408448,0.00006753,,67532.67,67532.67,0,0,1.18,1.18,0,0,0,0,1,0,1,0,,,,,0,0,0,1,,1790415963,0,0,0,0,1,0,1,0,
1790415943,HPLnhEZJvXko9DV4tqWNHXbLVdpbz1YbvYZ3hicuxRVT,Hopeful,2eZfksUw1LWqNLmQKVoambftJLnQKj9o2GB1wfggif9P,meteoradbc,1790408494,0.00006001,,60018.79,60018.79,0,0,4782.75,4782.75,0,0,0,0,143,139,143,139,,,296,296,0,0,0,1,,1790415963,0,0,0,0,118,108,118,108,
1790415942,EP3gd3bypwS2je4B5n62WvCs2kkFf3nXDu1PWvd8FbMa,XDC,HQVEBGSRi7WLMcW7cKqh8fbQh1EWMMeRjv1rFak3tohY,fluxbeam,1790408552,0.001507,1491941.96,1507255,1507255,0,0,10698.72,10698.72,0,0,0,0,300,0,300,0,,,900,900,0,0,0,1,,1790415963,0,0,0,0,20,0,20,0,
1790415943,HBDCdfDAYAi124A5ssqi4KN17Bgs15SBUrCoa1e2pump,BUTTPHIL,CoD8kT5ZFnTrAEhVvhfb8VwS3YUMydimi3dC2M3KwsBR,pumpfun,1790408200,0.00004949,,49498.73,49498.73,0,0,10240.59,10240.59,0,0,0,0,8,0,8,0,,,1368,1368,0,1,1,1,,1790415963,0,0,0,0,8,0,8,0,
1790415938,5wW9mhbwq1HTFh341iimpmrqBB4mfxdXiYhdYBL7hUnp,KARDASHEV,3QaH1ifhQgUXHQdX3DHi9oMrWzTQfKLcomoCyeRRLMh6,pumpswap,1790407564,0.002267,154488.27,2232520,2232520,145094.03,3001176.53,5845529.51,5845529.51,714,496,14089,11873,32575,27410,32575,27410,-1.47,48.06,4537,4537,0,1,1,1,,1790415963,523,394,4647,3936,8573,6497,8573,6497,100.0
1790415942,GYyB82frdo92L6dLkwynMHy4htcM4U3PXVYG2Uk6pump,Gemi,324gMwpyBqg2jNYdDMxcNbD15pX8GoKkVCU4LyCSKeAQ,pumpswap,1790407495,0.000002883,3346.97,2814,2814,0,0,1579702.31,1579702.31,0,0,0,3,11582,7735,11582,7735,,-0.09,-94.24,-94.24,0,0,0,1,,1790415963,0,0,0,2,696,687,696,687,100.0
1790415939,79FCJqG2DrYzH2G3eCQedRoWRbjri7MSgMkyGeZ7cLrm,TETSUOAI,6k4pXniPnwjnzfuhubkJeLatyysr8oJc6B5o1kUHjmmY,pumpswap,1790408251,0.00008276,24943.46,80647,80647,2082.39,39976,347896.45,347896.45,17,13,368,298,2789,2540,2789,2540,-11.59,21.52,69.66,69.66,0,0,0,1,,1790415963,21,14,213,192,1277,1068,1277,1068,100.0
1790415938,5UXcjspn6pxPqjkj4tqPwgzDju4W59LXzGJNBcKtpump,Windows,Dt6YHLCAHGB2jn7NwSCJ3TzgMHFYZPBnKHBuK4CMk4LG,pumpswap,1790406194,0.000002476,2488.08,2463,2463,0,2.74,218299.27,218299.27,0,0,1,0,23600,22706,23600,22706,,2.24,-95.05,-95.05,0,0,0,1,,1790415963,0,0,1,0,2437,2180,2437,2180,100.0
1790415943,HccKMtfAP6JrJtPEeYzukq4Txg5suvMCoA2jkW7WUkS4,CLAV,CUoUjZBqBkRc9PuDnRrzqmoNTZiVuZckbfMvEz9bf8vj,pumpswap,1790408910,0.00002066,11106.91,19639,19639,1157.88,6134.39,58230.58,58230.58,19,6,185,139,989,773,989,773,34.71,6.56,-57.58,-57.58,0,0,0,1,,1790415950,18,7,65,72,380,376,380,376,100.0
1790415938,55Vr2VpSwxsDkB6uGGHAvRv86K6zax2Zb4TT8ivwDEzW,slopcannon,BNG5962Zkbd6ZFmfAKjtCF6Z2mJbA7qn97oMsQShspLP,pumpswap,1790409726,0.00006612,22913.05,63771,63771,2337.51,286964.56,997253.11,997253.11,22,31,2664,2185,8803,6950,8803,6950,-16.29,-71.94,33.23,33.23,0,1,1,1,,1790415950,32,35,1099,1295,2760,2477,2760,2477,100.0
1790415940,8DqDh6vPehmRjZepVUp4bo5Rf9yMvTa6WMfDsrXHtEdH,CHRISLOM,GY9SWsKwZMp8BrsghH8pz6TccRqMDjZEJgqdXQJUm3Cf,meteoradbc,1790410780,0.00005902,,59029.89,59029.89,0,0,6124.92,6124.92,0,0,0,0,91,125,91,125,,,221,221,0,0,0,1,,1790415950,0,0,0,0,72,94,72,94,
1790415938,4yduE6LcMuNozrHQwKB8FbPDyzXfe6sEVYFB2S6zchYo,MARIO,2mDd2xXUHcff3FVyF6AyP448Zw6tnhMHw6vGRPRYUcRB,meteoradbc,1790410682,0.00004658,,46582.96,46582.96,0,0,2701.41,2701.41,0,0,0,0,68,57,68,57,,,235,235,0,0,0,1,,1790415950,0,0,0,0,57,51,57,51,100.0
1790415937,3qJgMTbnx5ZsXoHicu6GrGARRm4WCvfBaZAeU9CWypXt,/ACC,HPnro7AKDtRYEPw3VBu6m34A35sSANhfbG1hVA7PUr6G,meteoradbc,1790410797,0.00005612,,56129.08,56129.08,0,0,5137.08,5137.08,0,0,0,0,113,139,113,139,,,271,271,0,0,0,1,,1790415950,0,0,0,0,98,106,98,106,
1790415937,3BLSsAu7aNkF24xHN2hju95QpHJKPpfmyD5AHXnUwikM,NEWGUY,8aZwEzC634J7rUEZSBG5Zen2UR9Ma7FZEom7puvwjCc7,pumpswap,1790410756,0.00001040,7350.61,10043,10043,84.65,6293.47,177659.19,177659.19,4,7,152,112,2487,1866,2487,1866,-1.34,81.4,-78.98,-78.98,0,0,2,1,,1790415950,4,6,74,66,857,841,857,841,
1790415938,5pkC28tMKiCNbRCLVmxSFwrt4heyRyoP3vqWp9R2zKL,MARIO,8EeEN3iLuTBZnVp636y1izp1wBReEmwVzw6a7HUBCN1x,meteoradbc,1790410751,0.00002993,,29931.36,29931.36,0,0,12333.65,12333.65,0,0,0,0,356,421,356,421,,,115,115,0,0,0,1,,1790415950,0,0,0,0,157,158,157,158,
1790415937,3WJuC54ui7MfK5b76MF32TgC49yGhuLCeMJHGH9WYYrS,GOAT,DKsH4P3LpFZoSCJCdUMHHL7k5hH1BxrbBKJcAx4bok5V,meteoradbc,1790410643,0.00005893,,58934.44,58934.44,0,0,6147.14,6147.14,0,0,0,0,107,133,107,133,,,221,221,0,0,0,1,,1790415963,0,0,0,0,77,94,77,94,
1790415937,3hYsXyZiyH1iZAuPz6wMimd4PKVrkk8PMsDjZwQZwSjp,刘欢,F61yxgJaxNmw6bfxekX1qiv4ihU4idZUSHn7SNgjziLD,pumpswap,1790410719,0.00005745,0,57451,57451,0,269760.59,1099459,1099459,0,0,233,268,2964,992,2964,992,,7.37,353,353,0,0,0,1,,1790415963,0,0,51,49,2058,53,2058,53,100.0
1790415943,HghHW5hbWsYRpte7HG6b8Z6cHzFm1WGK2E4X7jFrMyhe,BOAR,jbYGy9EN1gbJNJeg55K1Y3KSSUbkwMboQZUa19rwcdC,fluxbeam,1790410711,0.001512,1497164.92,1512539,1512539,0,4096.7,10710.9,10710.9,0,0,117,0,300,0,300,0,,52.63,904,904,0,0,0,1,,1790415963,0,0,20,0,20,0,20,0,0.0
1790415943,HmhNrQQvkaApMUww36NQGndCxf1TVV8pSbwuEqsRpump,Clashpad,91npGhVcF2ke7q1Znfz95BJen2R95daXJJw1KnTN7fZV,pumpswap,1790410581,0.000002402,2541.77,2341,2341,0,45.4,522185.63,522185.63,0,0,2,6,4999,2546,4999,2546,,-1.92,-95.15,-95.15,0,0,0,1,,1790415963,0,0,2,6,601,614,601,614,
1790415942,ELbUyy8nhWf552kYJoDvwRhtUZEyqaCRiRWLXceCpump,e/acc,2bc3MD9quongJAdRBkweMiE1wgvfbE4HU5oJ9PQK2SXc,pumpswap,1790410140,0.000002163,2191.91,2164,2164,0,0,169489.54,169489.54,0,0,0,0,5585,7318,5585,7318,,,-95.68,-95.68,0,0,0,1,,1790415963,0,0,0,1,1977,2443,1977,2443,100.0
1790415941,Axzb8BJ4y3n9RUy7wBpAWHWKBVT6dZ6HDJfQ2BwFcwnc,e/acc,BgAhtezPSEVDKCMQyHRmsV1am4o63vYkMuWm1gdMsnPX,pumpswap,1790410339,0.00004131,50406.4,41319,41319,32044.53,412636.59,644917.05,644917.05,261,259,3440,3403,6442,5443,6442,5443,8.95,46.44,165,165,0,0,0,1,,1790415963,96,92,100,103,1133,128,1133,128,0.000000000925904386361442
1790415942,DzdAwbvBsdXztamr8D6gwT3hE7ZLiWitWowbz6SBpump,MrBeast,9mxD9QbitQoLVHqYfC4XB5645PRDaWUpiwJNC3mGE4W4,pumpswap,1790409653,0.000002150,2170.35,2139,2139,0,0,100484.68,100484.68,0,0,0,0,7642,9889,7642,9889,,,-95.72,-95.72,0,0,0,1,,1790415963,0,0,0,1,2444,2134,2444,2134,100.0
1790415937,2VbTPXqtHLmB7keTjbS6UxqWtdZB8qXXv4GFCERUhEUR,bio/acc,G6uL7w3rgboRtAVEe1FvErLSWTmVPyRTatiiTzBY6gGs,pumpswap,1790412231,0.00001898,10599.82,18171,18171,640.81,94343,108155.22,108155.22,9,13,1245,825,1496,955,1496,955,-0.29,-48.73,-61.85,-61.85,0,1,1,1,,1790415950,12,12,480,440,524,484,524,484,100.0
1790415938,5MQv3VpBJDuDwWzPnRpCGi5U5xXQqTiH9oYgjnhWpump,acc/acc,4fX65S8vhGJ1VN2caarBFZcEnBtQXHnPZ7VgvRA9zJ59,pumpswap,1790412235,0.000002930,2867.07,2743,2743,17.53,29628.82,44871.83,44871.83,0,2,354,473,525,642,525,642,-1,-90.81,-94.21,-94.21,0,1,1,1,,1790415950,0,2,221,369,297,410,297,410,100.0
1790415938,4v2JrrXUD9adB2uZcQ4HnFHVHah4US5JvQQpf69kWhb8,PEACHY,EFZVJys8bueYzTfU1gHcdEeVE8N4rDdSPaizGozGVh9K,pumpswap,1790401826,0.0001564,36449.37,150868,150868,1061.42,48750.03,1055228.25,1055228.25,14,10,349,299,10095,7480,10095,7480,1.62,-5.92,221,221,0,0,1,1,,1790415950,15,12,207,203,3088,2541,3088,2541,100.0
1790415943,HTv8WSyDs4iYE3W9V8bV88gaFnLLRbix1mezgj7wsoJo,NEWGUY,ByBWdVevwG44BvfgJN9W4nirDSMyU3fvs2pGANrY4p8W,meteoradbc,1790412257,0.00006020,,60205.27,60205.27,0,986.27,1595.31,1595.31,0,0,76,44,105,55,105,55,,0.8,17.05,17.05,0,0,0,1,,1790415950,0,0,7,4,7,4,7,4,
1790415937,3Fu7YBMaCLc2uAeWXop3dNhVFUJDRVobeLy67QqTxU2Q,GAZETTE,Hacyx35D8koKTh3W23XJXajscrrNXQAGXTCe83GV3hBi,meteoradbc,1790412245,0.00004781,,47815.96,47815.96,0,10746.54,15615.46,15615.46,0,0,436,477,630,671,630,671,,60.87,197,197,0,0,0,1,,1790415950,0,0,185,189,202,195,202,195,
1790415940,8yoK9z8aRvBJ6q5RTi5VPBMowwNWaB6BTmzHzmXGLVRA,KARDASHEV,C5jU9u96TY3TgdnuDZeB24hgzcD9GoVbW4VqV9FwsQxm,pumpswap,1790411618,0.0003801,0.01,380115,380115,0,354257.55,655498.76,655498.76,0,0,607,729,3119,1296,3119,1296,,834,3210,3210,0,0,0,1,,1790415950,0,0,1012,56,2067,63,2067,63,0.00000000142835569799672
1790415938,4GTsQHj7EDresJjnjg2fuH98cojtJdq4F8u4UpFipump,ELON,CPfraBN5foYz6x15aVLpWLs56CCqTbVyq1KqNbiCfVQj,pumpswap,1790408298,0.000002137,2169.75,2128,2128,0,90898.73,188668.64,188668.64,0,0,3819,5659,16707,15836,16707,15836,,-99.86,-95.73,-95.73,0,0,0,1,,1790415950,0,1,490,1833,2581,1967,2581,1967,100.0
1790415938,5k65PgqkazbaCCMekpxdutv9tGuoVY7wXg2mwdbXpump,birds,DH1Dh1aoktbujvwiv6L82fFjSxQKS3YkbpjjQ4dSYZ2B,pumpswap,1790411642,0.000003106,3079.41,2996,2996,1.58,159085.73,198351.4,198351.4,0,1,4637,5306,4794,5599,4794,5599,-0.1,-96.37,-93.74,-93.74,0,1,1,1,,1790415950,0,1,4457,4372,4545,4429,4545,4429,
1790415939,6aHoh5Q5Bw41DH8c5X3aYZufnGHoytUsFXiNChv8pump,P(DOOM),G5Qd4HB2Y793xakWTUwyFGfcoFvgNZaTVG9bjwAgYySC,pumpswap,1790413014,0.00001093,7808.03,10496,10496,2027.06,549637.3,549637.3,549637.3,38,53,4934,4108,4934,4108,4934,4108,10.02,-77.97,-77.97,-77.97,0,1,1,1,,1790415950,25,37,1630,1558,1630,1558,1630,1558,100.0
1790415937,2vBFCpusXscNfAHnB4AzbQwPEEj1jJetN77gtFP8pump,GNB,9GqNwCuBrPLtNX65AadCkgkVH9kyw8xN7i1z4M989Fra,pumpfun,1790414280,0.00005989,,59899.86,59899.86,0,2765.05,2765.05,2765.05,0,0,45,31,45,31,45,31,,1653,1653,1653,0,0,0,1,,1790415950,0,0,6,6,6,6,6,6,100.0
1790415940,ARPwPPWbaj3FYBf6k1Lt2jqRkv9JJUg3Hxav5aHKTEem,P(DOOM),AKKjxxmVZyrWGKrWyDL3HxVEMk6bp4LpfXWge4uoDob,pumpswap,1790412550,0.0004344,62825.94,426249,426249,57573.9,1848153.76,1848153.76,1848153.76,453,297,11667,9513,11667,9513,11667,9513,-28.8,775,775,775,0,1,1,1,,1790415950,343,263,3609,2781,3609,2781,3609,2781,
1790415943,HkuzMEVrEQyRZBkz8vdJUbgz7TXMSv2dNLmuM8JWUmJY,e/acc,AjAdHQo72PMG9SuymAXdF1ttFZDoAbxkYEcts7YbzisW,meteoradbc,1790414033,0.00003194,,31941.57,31941.57,0,25861.18,25861.18,25861.18,0,0,688,891,688,891,688,891,,120,120,120,0,0,0,1,,1790415950,0,0,184,166,184,166,184,166,
1790415937,2RAtoKAhhkUmcRyJJsrGgZWDnoWdes3GWqt5k5pGpump,AGRIPPA,Fa7aj3GaL66Ex6oxgW6AeWf4BpYXQmeo1cgy4dvVfL6r,pumpswap,1790414036,0.000003928,3958.51,3929,3929,99.44,718301.76,718301.76,718301.76,1,1,3378,3345,3378,3345,3378,3345,5.39,-91.8,-91.8,-91.8,0,0,0,1,,1790415950,1,1,1606,1562,1606,1562,1606,1562,100.0
1790415939,7E6dYdPMbfoZR47sNMmdVVKyZodkTeJwTanjDJhMpump,WOAR,3iJWqzFjDLbHEi2omLSM2jCCcCKkTDvHvJf9Y3NCzsRh,pumpswap,1790414168,0.003684,174355.7,3684367,3684367,485.15,78166.53,78166.53,78166.53,13,5,3474,3394,3474,3394,3474,3394,0.2,7270,7270,7270,0,0,0,1,,1790415950,69,58,2091,1923,2091,1923,2091,1923,100.0
1790415938,55FVcCxPHXN7XaBBezroJBnjaQkxLs37mj2Z8Pdbpump,Rockstar,GjJy25jdErrvE4d9NLr4HGuqD9syo7WZiuYoxwbec6MN,pumpswap,1790412287,0.000002139,2165.05,2127,2127,0.03,123894.2,140570.63,140570.63,0,1,17300,17368,18022,17583,18022,17583,0.02,-99.39,-95.75,-95.75,0,0,0,1,,1790415950,0,1,2394,2131,2397,2131,2397,2131,100.0
1790415942,Gff9cuQKSZMSpTiJaqTqKwSkeaecFm7RurrbvXrFJyx4,KARDASHEV,23nLuXKsspC9d9wC7JiHugsS6oUi1zp6bwRpSLcoNojQ,pumpswap,1790412399,0.0001109,195266.61,110961,110961,518342.2,9112321.73,9112321.73,9112321.73,337,237,5631,4332,5631,4332,5631,4332,1.15,62.72,62.72,62.72,0,0,0,1,,1790415950,157,27,1330,37,1330,37,1330,37,0.000000000429495687903434
1790415943,H6GxSRkVqQMQ3cJPUgjqKx7RaSXAF2mdGVtoSqKQ29aP,P(DOOM),8SZ1kn4QasLBvxkJwrm7KG4zwHVbWP6WCiH4uYa6VoBp,pumpswap,1790413907,0.00003079,0,30792,30792,0,484444.94,484444.94,484444.94,0,0,3213,1224,3213,1224,3213,1224,,194,194,194,0,0,0,1,,1790415950,0,0,2123,117,2123,117,2123,117,100.0
1790415943,SrxA8v7miPUyfUBpZi1bKoQNfVZTdK46q5Rni8Zpump,Robinhood,Bpcrd8K7sejaPeDnzRpc2MnEDNYonCSPc1nTzGCGaYJK,pumpswap,1790414052,0.0007210,76041.62,721008,721008,4752.15,57935.83,57935.83,57935.83,1573,308,11358,2240,11358,2240,11358,2240,12.72,1342,1342,1342,0,0,0,1,,1790415950,298,231,354,339,354,339,354,339,100.0
1790415944,U2DcbVJm1FVkogaL9Ti2vU5XN7g1shvCFei3RjSpump,XRENT,9fnKXpZ4Em6UEn2Et8SnJdbw7Mdqxsxxnv7d3xPRkMrv,pumpswap,1790415599,0.0001027,27475.43,102686,102686,61581.68,71663.18,71663.18,71663.18,849,473,1078,553,1078,553,1078,553,97.56,105,105,105,0,1,1,1,,1790415950,463,332,471,333,471,333,471,333,100.0
1790415941,BVNvrQzUKNsgZtuKg2G4NPVrsbZGbxancDqYkVCdQsn3,GLANCE,DMLyYmUYU81PWHawfnezn7YZyE6Efa57HAZG3B3fKEaJ,pumpswap,1790414360,0.00001930,10734.37,19310,19310,6223.19,137688.35,137688.35,137688.35,89,79,1941,1752,1941,1752,1941,1752,3.87,-60.86,-60.86,-60.86,0,1,1,1,,1790415950,59,37,830,816,830,816,830,816,100.0
1790415938,4nSGua5p19amJUzpV5cichfhyShztp8hXc531NMfBTE2,YAP,E4QYNfqg5tUq3A5tUiy47XCXhufpwBvGP5Diwd5pYhoX,pumpswap,1790415776,0.0002629,23884.51,262954,262954,22108.12,22108.12,22108.12,22108.12,167,147,167,147,167,147,167,147,-11.91,-11.91,-11.91,-11.91,0,0,0,1,,1790415950,99,83,99,83,99,83,99,83,
1790415937,3XcYvJM3WtyX22vDGYnnuEA7YLcMxvgYX3fLmKygoiUp,GATOR,49kGVH1vrcs57BFby2QzFjkzJ2RrSkRGEJj7Gj9D8Qwy,meteoradbc,1790415767,0.00008081,,80818.12,80818.12,10378.97,10378.97,10378.97,10378.97,500,475,500,475,500,475,500,475,38.93,38.93,38.93,38.93,0,0,0,1,,1790415950,147,128,147,128,147,128,147,128,
1790415942,GJiVAMK9PHtJ4SY7BCL843yucDLZL9U3eEUdrXjFvKXr,KARDASHEV,EFrH7SfR1LnHVp5BxLEZb64L4aXDadBaY2DuB1LKJ1AP,meteora,1790415798,0.00002181,29831.79,21814,21814,63253.03,63253.03,63253.03,63253.03,459,289,459,289,459,289,459,289,114,114,114,114,0,0,0,1,DYN2,1790415950,393,89,393,89,393,89,393,89,
