ts,token,sembol,pair,dex,pair_olusma,fiyat,liq,fdv,mcap,vol_m5,vol_h1,vol_h6,vol_h24,al_m5,sat_m5,al_h1,sat_h1,al_h6,sat_h6,al_h24,sat_h24,deg_m5,deg_h1,deg_h6,deg_h24,boost,n_web,n_sosyal,n_pair,etiket,gt_ts,alici_m5,satici_m5,alici_h1,satici_h1,alici_h6,satici_h6,alici_h24,satici_h24,kilitli_liq
1790451832,2fRDA5f353VXLs2PeLJNqqHqTMhrjJunAXmWWpLkpump,Duplicate,DtbMVnPihodk3ch6T1yZKPPLXYoQX3MAc6zRUWTCmEwr,pumpswap,1789157984,0.000004132,4318.72,4097,4097,0,1.44,4.15,23.58,0,0,0,4,2,8,9,27,,-0.26,0.25,-1.04,0,1,1,1,,,,,,,,,,,
1790451832,2QRqp5k3uefWisqCXSpSRWmMPu5pWFfEP9JXXbSA6ALL,ALLDOG,6QA6nMogzms87YjRGVQNZA2PEDyobw1ppfxEXEEC5WPc,pumpswap,1789160767,0.000003581,3474.74,3431,3431,0,0,8.29,182.63,0,0,0,0,0,3,1,14,,,-0.44,-8.95,0,1,0,1,,,,,,,,,,,
1790451835,DBDqhnAi5MjaHsk1JyUonAtUUrmRBJPjJi3GdiBLpump,OGCALLERS,EvWn2BHHo1431m3sUGvcBv7QU1L5PLDdParJJtfjs3rE,pumpswap,1788640178,0.00002462,12404.38,23408,23408,0,42.67,268.12,2204.88,0,0,1,1,6,7,29,23,,-0.94,2.34,-5.38,0,1,1,1,,,,,,,,,,,
1790451837,HNEJCJwrfaFbD5yBjw7V1GPUQGY5P9Reqie8nTHESGEy,O’MEAL,GNa9zeB81FUQ3h6TakbCoWtxRuAj4PmfuwD6JXdXCQD,raydium,1789330192,0.000002928,4633.34,2929,2929,0,1.62,6.49,11.15,0,0,1,0,1,2,3,2,,0.14,-0.29,-0.4,0,0,1,1,CPMM,,,,,,,,,,
1790451836,GpTEmPGmgx9HDThCR44xMyJoXZkDYtzTkPs5zAY7YDcY,AMC,4e8nUMuLrD4y4YbrS4nVtFkbp9fnb5Y2Y4wtXCH1kQ2D,raydium,1789329221,0.00001204,11213.42,12042,12042,0,12.75,546.94,2070.11,0,0,2,0,14,9,48,60,,0.47,-8.59,-8.48,0,1,2,1,CPMM,,,,,,,,,,
1790451835,DjrtmQM3tQj51YDCrMYETG8PF4crqy9nLUyE5CEGpump,CatDamon,E2187xKG5pGt7ZdhU4221b9a9ittMwucMm2C2ztmr8Pd,pumpswap,1789416407,0.000004919,4374.1,4776,4776,0,0,3.29,144.61,0,0,0,0,0,1,0,3,,,0.77,-3.48,0,0,1,1,,,,,,,,,,,
1790451833,7Vv1veMsBcBWAiSP1JTkRKvNeWmwf5Z7KbQuuKH1pump,PS500,FttBL57hVwM9DvRwRUrtBM1wWs8HMuTF8JxKj5g5rXb2,pumpswap,1789415891,0.000004339,4503.93,4202,4202,0,0,0.16,184.69,0,0,0,0,0,2,0,5,,,-3.34,-2.58,0,1,1,1,,,,,,,,,,,
1790451834,8HFKgQFayak7xevaqYvyesUJWijrFrDaA6iVpHK1Nurf,STONKX2,BDFso7wTdifCHY25vEbiycPmSU9ZhK43Qc8tf21QLsFZ,raydium,1789412787,0.00005603,23601.42,56031,56031,0,0,79.3,590.42,0,0,0,0,4,0,8,5,,,5.56,-11.79,0,1,2,1,CPMM,,,,,,,,,,
1790451837,PTNzAfFAB4LvoUQEUUGrFMyUoRLExMYjH6CcfyQfsVP,PTN,9gDcEZCzYMPyDWBgSoGaTEdcVHuznPfGeBrMjpTpefMQ,raydium,1789415699,9.78,53436.98,,,19.33,188.21,3480.37,18668.72,0,1,2,9,23,40,148,285,-0.01,-0.01,-0.38,-0.63,0,0,0,1,CLMM,,,,,,,,,,
1790451833,62QNjgBCZeAwkYMJQvC7osvdSdo5yPr2aahq8qMGpump,SQUEEGEE,2pBUTfKeczvdXyQeNMJJmr7TEjZzik1qaPUQxnGX2MyM,pumpswap,1789438041,0.000001925,1850.23,1842,1842,0,0,0,76.06,0,0,0,0,0,0,0,2,,,,-1.18,0,0,1,1,,,,,,,,,,,
1790451836,F8Sc8HoZvJcMrTY6vBsetTqGPv6XQmM2XgVAZo1sSTNK,MARINE,BnkYfw796XXq9UQ9kMYoX9iqSgXnjw7sFCsCVWVDiCUa,raydium,1789328900,0.00009235,29221.7,92351,92351,0,142.15,1820.28,16370.46,0,0,2,3,20,26,152,129,,-1.92,-11,-36.02,0,1,1,1,CPMM,,,,,,,,,,
1790451834,98kfF7rmsg1QDUEoCqNE7g7M1FdrTt92TEp2CLzypump,PAID,6e3jZLtf4tQbWZm3f7A66jF8tfZn6MRQVrbDFgcNWarA,pumpswap,1789500144,0.03583,1223917.53,33704693,33704693,401066.51,4254652.78,6859565.54,45098646.18,855,548,6764,5192,13398,11216,81553,77577,-7.5,-19.47,-14.66,230,0,1,1,1,,,,,,,,,,,
1790451833,5auB5jWUuZAWvMyWD3uP51LbdNCfcbGe2qrc3sZSpump,NUT,5fSV8adyMaZG7P9KsVd2PahNiXATLi4JmQ7w8PiQsqxw,pumpswap,1789489945,0.00001935,11714.57,18706,18706,0,47.15,412.92,6501.92,0,0,2,0,4,7,71,68,,2.22,6.25,-4.59,0,0,1,1,,,,,,,,,,,
1790451836,FHPg1sktNjCTmAb1mv4DRDGrb2hk9jBDX1V9a8JRsmaB,STNKSCRN,6u6V8AgCNj7v3B8kZnc1m7z3itbC7aQHFzMekUjUMtM7,raydium,1788932630,0.000004133,7470.61,4134,4134,0,0,1.59,1.59,0,0,0,0,0,2,0,2,,,3.2,3.2,0,1,2,1,CPMM,,,,,,,,,,
1790451835,BRVaZKg6J9iF2BEsdpsxJ9NyvN9PPxPZuoQUX2v8qqkk,BROS,ErrpoipfuWktq6DccoNCbmKWtFy9WiDUkQPJZ9X81Jge,raydium,1789502164,38.0088,931.26,,,0,0,24.41,597.98,0,0,0,4,0,5,16,29,,,-0.71,-0.11,0,0,0,1,CLMM,,,,,,,,,,
1790451834,9tgSydUxn1KDwoHyBLnCMN6MTPqYnbeorZdz88N33koC,Democrat,9onPcyXXQtYQqgf9AEdVeZ64QUMaEu5egq9J3dj1XvRK,pumpswap,1789501286,0.000002969,3214.09,2892,2892,0,0,0.36,56.68,0,0,0,0,0,1,0,3,,,0.34,-2.38,0,0,0,1,,,,,,,,,,,
1790451836,Eu1e7uuuYzhup2CbHc9CqCyfDmrLJ6wMviYQjUhnmZaB,QUALITY,83RqCjC29ppA3WmBPQntr8DyRVrwCPCLdGYW27SkYoQ4,pumpswap,1789609755,0.000003327,3474.78,3124,3124,0,4.45,4.59,6.76,0,0,0,1,0,2,0,4,,0.3,0.6,5.01,0,1,1,1,,,,,,,,,,,
1790451836,GgePjaaXRYgU5foqPjbZANbVHGqJY7gTCoeYq7vjpump,ERROL,5XPbhhXrPQMjm6aYNp47RH1WHDRGLZkhaRWwZcHspAoM,pumpswap,1789611112,0.000006628,6256.37,6467,6467,0,424.75,1883.78,17817.23,0,0,2,2,8,8,127,115,,2.57,-20.78,36.48,0,1,1,1,,,,,,,,,,,
1790451833,6GewNzedSYD8d4U87ekZzLCPmNTV9o9D8GrV5T3wkgP4,MEMEFIGHTER,NKRSfruyT68Ny9B9zpWZqZ84qzCPAuDyatVkBvMr5oG,pumpswap,1789652443,0.000004425,4370.87,4299,4299,0,2.3,379.7,2444.45,0,0,0,1,2,6,27,23,,0.05,-19.81,27.02,0,1,1,1,,,,,,,,,,,
1790451833,6vn3Jpg4f2oY21ZmKYnYFfvZh1mTKuyhQBNTbfw8pump,catwif,GkhraC6gAhbRdWh1Pwy7DTgvPe9S3hrm3gKKmEstEra5,pumpswap,1789650800,0.000002574,2803.79,2532,2532,0.06,10.6,24.93,62.6,1,0,3,12,13,30,24,74,-0.15,-0.71,0.57,-2.31,0,1,1,1,,,,,,,,,,,
1790451832,2QsUQt6bGQ9zT6VQ1wewLZY87h8C9qVeE8f1fQJ8pump,NasWhale,EfHGjvCVPu6yCBhXZJ6pz6ynnNWHNT1ferwE16nTKsML,pumpswap,1789651739,0.000003270,4119.69,3137,3137,0,0,0,0,0,0,0,0,0,1,0,5,,,0.82,,0,1,2,1,,,,,,,,,,,
1790451832,3c7mmVSyEH8jfZXgxvpLsETtko1Y16DyRJ5XYB4snhGt,SANTA,GSdTwSpxKyrBhsEYUMpCNfDGTEzrKX5L1tNhpHenbcNj,raydium,1789676363,0.0006385,68796.1,638599,638599,11.43,9203.38,58412.07,264248.85,1,1,68,26,302,174,985,464,6.06,81.08,63.87,-54.81,0,1,1,1,CPMM,,,,,,,,,,
1790451832,3Dej5wv7kiRzFrUkYaBpxKZDDZ91hMSU8JJsh7DTy8S4,ZKSTR,CtC4kcqZN5CztxHJAh9EwgW2MyfXXGNeP1rHfgemoviQ,meteora,1789696179,0.000007287,8631.56,7287,7287,0,0,101.4,429.68,0,0,0,0,0,1,2,7,,,1.56,-15.14,0,1,1,1,DYN2,,,,,,,,,,
1790451834,8Ko3GWjAvVnVTD5sQL7g6SFdcPRTnYKdrnyUj7tDpump,Cover,Bb9jd73HKRGT9yzsFigL6WfXBwc4kSRuPqvrQUpbRHei,pumpswap,1789695426,0.000003342,3535.31,3229,3229,0,0,2.77,3.82,0,0,0,0,0,1,0,3,,,0.26,-0.71,0,1,1,1,,,,,,,,,,,
1790451837,HwdXjVeKNndwCk5BBKWViddkrEaEWUTH3ntiA98Tpump,NOCTUNE,URFsU56STEdeF4Z4SNZZMK31pTWUvzmGfK7EfZ6RtYD,pumpswap,1789736652,0.000002899,3429.55,2798,2798,0,0,0,0,0,0,0,0,0,1,0,7,,,1.1,,0,0,0,1,,,,,,,,,,,
1790451833,5YR4QciAMw5NqV95Ahjpvc5F6cvqsTCZAddu4hZpBbVx,Cali,HsLEjmRbJwn6cxhDkiXL9FGhFDKYq27351RRNLMBxFEi,pumpswap,1789737680,0.000006658,5791.17,6515,6515,0,132.66,1479.92,16211.17,0,0,1,1,16,14,116,85,,-5.48,-5.68,72.04,0,1,1,1,,,,,,,,,,,
1790451832,41tE1JqzfNvsqP9P8XyMUzRa5H8bHJg5mGhQcgtCP8BD,Wolf,GoUntqFS6kciYkD79tUV51APzg5QxCengQeuVAFiFX7C,raydium,1789658065,0.000003512,5092.43,3513,3513,0,0,0,22.97,0,0,0,0,0,0,1,4,,,,0.09,0,0,0,1,CPMM,,,,,,,,,,
1790451834,9NR6u9J7KvfyZdi2n9VnEjv5JgV3BRE4WLvXWQiRJ4dk,MONEKO,38jN4Ss4S6GPArRBPy8YG3i91xXqV8Zfso2taBiYbpQg,raydium,1789753719,0.000003989,5781.07,3989,3989,0,0,56.31,403.83,0,0,0,0,0,3,9,12,,,-2.98,-15.85,0,1,1,1,CPMM,,,,,,,,,,
1790451832,39hwobt97VfVF5WAwzkEbEkE9w8bZMtBTx4NWjFMhctd,MSGA,AsrheTT6GBSvfyEV98iKh5WQaUSb2CistBAvurtzJ8xf,pumpswap,1789844823,0.000003239,3126.67,2895,2895,0,4.73,4.73,6.19,0,0,1,1,1,1,1,2,,0.42,0.42,0.42,0,0,2,1,,,,,,,,,,,
1790451833,7vD6CsCqfx9Av9hPW5W1PBMEkZbY4FnUQcuDTbxjhYrX,PURPLECOW,8aKt2iG6vGHtfoFpan4Cfnts5xY3hQoY2N2NFvMjyAjB,raydium,1789759966,0.00001240,9850.05,12402,12402,0,0,173.69,246.33,0,0,0,0,0,3,6,4,,,-6.71,-4.58,0,1,2,1,CPMM,,,,,,,,,,
1790451836,FYZcYCHSp8FzNba1UtDZydKKGosmxVNpFBiVuia38AhT,MONARK,GhCGq9qTCBWZvpBY4fzfvxvENWe1syryLuGACgj3Lhvg,pumpswap,1789324540,0.0001597,36109.89,152247,152247,0,152.34,4500.36,21322.71,0,0,5,3,28,35,156,149,,-1.64,16.27,-4.04,0,1,1,1,,,,,,,,,,,
1790451833,4ijnHeHgNnXmg45rhUV6aETFSbTwvjJG2Zmd1MePMevW,BCC,8V8aMzMdmTSJevjeHf2EBpo8orPbhMcidLGddi8hSXAW,raydium,1789783017,0.000008940,8845.04,8941,8941,0,0,157.41,740.58,0,0,0,0,2,3,4,19,,,-6.65,-24.34,0,1,1,1,CPMM,,,,,,,,,,
1790451833,53rZTtfGghxqdd6qTeDdfS8MBqg2CTyQeLW1LHCRpump,Pigeon,EyTL6ovdNrrnfyuvfsEkFDAmGk8nbt2dkxG6AdubaXC4,pumpswap,1789783333,0.00001435,11056.98,13700,13700,24.43,381.77,2221.03,22731.69,0,1,5,10,54,53,291,256,-0.54,5.7,8.47,-42.95,0,1,1,1,,,,,,,,,,,
1790451833,4cNw6oWoBpDHC7pkwrZoTgMePtzQ3suCjNbw2zAppump,Botstrap,AmdKtDsm4Q6PPV8ppP1ky37CSRFHKjxQMLsGjUQPd36X,pumpswap,1789782841,0.000003186,3182.01,3062,3062,0,0,0,4.02,0,0,0,0,0,0,1,1,,,,-1.28,0,1,1,1,,,,,,,,,,,
1790451833,7PHD6WwEPa4JigfTSQDeoBjW5HEkJ2ZdGTfuXFfrFA52,DEGODS,5dWjH3327LqLHwJNHrsne8NbNLyzf3cF3HX6W1mkTpNv,pumpswap,1789788963,0.000002833,2858.9,2732,2732,0,0,0,237.42,0,0,0,0,0,0,1,1,,,,-1.27,0,1,1,1,,,,,,,,,,,
1790451836,FwJNkgud84vQNq3zPycwhD6RAqSTP43f9HiVyKwJpump,SPLIT,8yq53H8ctWsC8vP1hfR2RmwLHnWt3d8vSQ3QtqwoHmBC,pumpswap,1789787703,0.000003413,3343.96,3182,3182,0,0,0,107.02,0,0,0,0,0,0,2,3,,,,-1.25,0,1,1,1,,,,,,,,,,,
1790451837,TVvnJTedD3WgAPede2xUmRjweJqNdhCEgyjtKv3rCq4,SHEEPLE,AkM2Ua4ZJwkcjQ3dKiV2wMeiK1b1a9TaUXoWjf3c94Wr,raydium,1789729309,0.00005427,20532.38,54279,54279,0.03,251.64,1297.19,6596.47,0,1,22,5,36,28,116,89,-0.05,-0.53,1.24,-15.64,0,1,5,1,CPMM,,,,,,,,,,
1790451837,fvHLJUwsynVHJrssbZ8MLNyku9jt2izUspbBD4Spump,FLEX,8qwgwpdfbBMNhdG76bDmtvLeSqtG9cEwuGGy6wGKhTB9,pumpswap,1789784302,0.0004819,79556.46,462164,462164,45.97,12679.85,50540.56,238091.09,0,6,22,120,272,534,1808,2733,-0.38,9.66,-10.19,-40.03,0,1,1,1,,,,,,,,,,,
1790451837,biddm3N7RjyjfcnzmjgrQJ24QKooBGUy1RYP1aEgtzW,BIDDY,5jg5hzfX8SHJ65EnbM1BHkjirv4nfRk5aQkKhUWhfvU5,pumpswap,1789777823,0.000007278,7161.96,7177,7177,0,2.78,143.19,688.82,0,0,0,1,6,4,20,23,,-1.42,5.03,0.15,0,1,1,1,,,,,,,,,,,
1790451835,CioXPeh5YTprP3gPob4qgdg3H6LfYT8DvEESS3QYpump,glitter,JtLtESfcH3iMQKcF1cR3fnE7DNxUphtwCNKfgzbU5Er,pumpswap,1789802204,0.000002290,2389.21,2238,2238,0,0,0,0,0,0,0,0,0,0,0,3,,,,-0.83,0,0,0,1,,,,,,,,,,,
1790451836,H24uTio4iVmRvLik1tTikFkq6JHj2tAFhEcz5i1jpump,SocialFi,EqXkCLFAZDzuGhrYafuPM5tziQeyBSkXeqFBEFGJbDio,pumpswap,1789810383,0.000002628,2645.06,2529,2529,0,0,79.05,80.66,0,0,0,0,0,1,1,3,,,-2.94,-3.43,0,1,0,1,,,,,,,,,,,
1790451832,2o7GSmHtgYt7Tbub6ceyDp5FbrbaT32ED5VyaYkTD5qb,URANUS,G8H8naxpVrhaUvRbJH9QSeW93rv6b649drAKtais7uF9,pumpswap,1789795371,0.000004880,5240.36,4730,4730,15,49.84,81.6,190.71,0,1,3,1,4,6,8,18,-0.88,1.35,-0.37,-4.45,0,0,1,1,,,,,,,,,,,
1790451836,F25HbBTHEtKuQMAVzrtKgz36UihMu5hA4MFu2CgXuwzK,ACHI,24VDbP9qWQHy7mtHxSHXXqzPsjxiVyEtQAiK3WEosQ11,raydium,1789810688,0.000005524,7509.72,5525,5525,0,172.23,172.23,512.07,0,0,0,1,0,1,5,11,,-9.27,-9.27,-16.28,0,1,2,1,CPMM,,,,,,,,,,
1790451836,EYoepkwPGRRJ7fg3LbL51NZCQXMeyi6pH9Cc5Wtbpump,Hosico,DRhz8ozRLLSGKasEkQQVmg86kBSNFexz1oGt1R4aoVoc,pumpswap,1789824434,0.000002626,3014.29,2603,2603,0,4.97,9.68,26.52,0,0,1,3,3,8,11,29,,-0.25,0.83,-1.42,0,1,1,1,,,,,,,,,,,
1790451834,AX13DzQ9zQxx1fvhb4hXtj7YsJvvABNtkwdsv5xGpump,Axis,6UwRn6AiUFMgNmJ8iCpNU7qzgj8CShqMa32wj8jEkfRM,pumpswap,1789827136,0.000002658,2634.48,2429,2429,0,0,0,1.01,0,0,0,0,0,0,0,2,,,,-0.24,0,0,1,1,,,,,,,,,,,
1790451836,FgRjrh8ZRCwQSdv2fBQRNvuiYZ1B5G8S37Xw6Jtapump,JP,BdSytpDu2pqeiVMzPNTk1fuDjfyjMiUaQ7FwS7iPqZJT,pumpswap,1789829649,0.000003004,3064.49,2901,2901,0,0,0,1609.08,0,0,0,0,0,0,15,24,,,,-1.84,0,0,2,1,,,,,,,,,,,
1790451833,7GuTYEM2bF7fWF7zKfJ8UWMrs7i6xeoDMFJYnGXDH9ke,HABIBINU,5atfaxXcXZoKeuYBhtivg7Z6xDWBvNHTfYeNDNix11ca,raydium,1789740797,0.000009425,8870.29,9425,9425,0,143.94,364.45,1513.79,0,0,2,2,5,4,13,29,,-1.91,-10.68,-14.08,0,0,0,1,CPMM,,,,,,,,,,
1790451833,58bv7kqcc7ybfCLfaKXLz8B1PH569De9gYcn97Cdpump,WOBBLE,JCt5622uTeeQUQvv2GtoA4BaJK6rdYkTBBkkW36Z1zaX,pumpswap,1789847469,0.000003240,3620.82,2911,2911,0,0,0,15.93,0,0,0,0,0,0,3,3,,,,-1.99,0,1,1,1,,,,,,,,,,,
1790451836,EPeReW6ScEqdeC7eVDceLuJDLrW7m1ggnaenSeQoP9b2,UMADBRO,Cd8pTuwmwbf3rBRJ2VeXJJXX92kXKzraY6Nx6B7sut2Q,raydium,1789844091,0.00002654,15968.77,26549,26549,0,154.48,1174.67,6469.89,0,0,4,1,8,13,30,49,,1.75,-18.51,-29.67,0,0,0,1,CPMM,,,,,,,,,,
1790451836,GTBxUiw6wJdmmkCGZgRHLyYxqu1vG4KtRpeox6yDpump,JEANPHIL,4R8CiMnJWDNoes3fQi1ccPFJygPXazaHaWpHrN3rZeNj,pumpswap,1789844819,0.004844,314058.29,4696703,4696703,2368.78,32135.51,604965.96,2377671.32,15,11,121,141,2249,1741,7978,6838,2.42,9.21,-8.37,-40.59,0,0,3,1,,,,,,,,,,,
1790451834,9RPHFUTADgLmowMGVp7SFMNrmXzHzZqrTohxWCiLpump,PRISMCHAD,9VF5JGuPeR597ftfZF5pvRgXvo5f5CgifcUqPxhxSdEx,pumpswap,1789870582,0.000002407,2527.88,2329,2329,0,0,4.24,4.24,0,0,0,0,1,1,1,4,,,1.35,0.53,0,0,0,1,,,,,,,,,,,
1790451835,CVoNMSYK9mVd3TzAutnrRTKmptQUQ7r9qBg1ejb7vVd2,WIBBO,D6q3JkB1iKJEmG2fk7UFodXePKbBuMqtkV5pWFq3NoWz,pumpswap,1789869213,0.000004315,4500.89,4098,4098,0,0,2.59,49.13,0,0,0,0,0,2,3,11,,,1.22,-1.97,0,1,1,1,,,,,,,,,,,
1790451838,wXbiXbyVLX5tpcPvWvowYFHjDi4ikkGiG5RsLcXGgPf,UNCINU,EkYTFw676md46Dya2qJMQKdwZPi6KcuNWD2WHPjQ6kDu,raydium,1789789499,0.000006258,8083.45,6258,6258,0,0,128.58,679.87,0,0,0,0,1,5,4,20,,,-2.88,-4.79,0,0,1,1,CPMM,,,,,,,,,,
1790451834,9CQXMafrzB77Q8kphj4Mb7VxaaBXi2e7uYFYcHDoWAaA,XTZ,FLrv35hhFZEzgZsHnZYVDozSoWdLjaeY5ciB4ktsqrBw,raydium,1789875825,0.3431,71753440.98,72059485,72059485,0,0,72374.67,186797.68,0,0,0,0,10,9,36,35,,,,,0,0,0,1,CLMM,,,,,,,,,,
1790451835,DCixmHczeozajxxk4CitwnQftrTK6ryPNJ9ATD5cFoCQ,BITSHARK,6sEoBEePNsa4S4k2EuGKsXae8iPTWwks3tsXz3eXE8mq,raydium,1789912091,0.000003882,5897.64,3883,3883,0,0.24,0.46,38.62,0,0,2,0,3,0,26,20,,-0.28,-0.08,-0.1,0,1,1,1,CPMM,,,,,,,,,,
1790451835,CVG9CZzGzGsdxaKcNdXQWpJsBYq2FpZgq4NbAQN7pump,TIKCAT,Ev8gpNM4vK4jYoR8T37p9d5x1xi4DMXwTcitBWMfspZG,pumpswap,1789912214,0.000002498,2607.06,2458,2458,0,9.39,31.22,77.33,0,0,6,18,17,38,63,106,,-0.44,-0.12,-3.26,0,1,2,1,,,,,,,,,,,
1790451836,EnGnwy5koQkE8i2HLAfmNqyCmjdPhyG12yyPutTQpump,W,Aqww2uSh3oenGSuBQ3dYjiJGjGALPDco8tffnVzVMrYP,pumpswap,1789911810,0.000003090,3275.26,2972,2972,0,1.49,2.59,18.75,0,0,0,2,1,4,10,21,,-0.31,-0.06,-2.51,0,1,1,1,,,,,,,,,,,
1790451836,F8rFVpXYtsEchbAfKChpTKAjBbtVyCnpX2yy5i7Bpump,TUTU,6Z3cpe5eUHocMF7YsbnaybC8UH7kpk5HtPLKoZiZpyE5,pumpswap,1789918672,0.000002775,2869.41,2675,2675,0,0,9.05,16.71,0,0,0,0,1,3,2,7,,,0.25,-2.5,0,0,1,1,,,,,,,,,,,
1790451833,4QCKwhetNJ2Sd5xKhtmUYw5aC2rT9gKW2W72ix2Wpump,JEANSEM,6vEJEappW1ZuFX2pVhQKEaDChrHfGtE6duAor6gHrsRx,pumpswap,1789915426,0.000002417,2556.01,2397,2397,0.51,6.95,17.65,72.68,1,1,7,6,21,30,52,80,-0.02,0.71,-0.97,-2.89,0,1,1,1,,,,,,,,,,,
1790451835,Axry7dMTys16Mc4XJCRXzibsXkKZPNfgoVDGTCtEtSzy,Shame,G7JQWJWKRsfiKqjiRjJwBaC8vsyUpKeHiy8P1z1DGdv1,raydium,1789915955,0.000004114,5831.51,4115,4115,0,0,2.03,48.99,0,0,0,0,0,1,0,7,,,-0.14,-3.35,0,1,1,1,CPMM,,,,,,,,,,
1790451832,2oguDsc3BG5N7WdjaJtkeamij9VycCuyCnB455ZaJbXP,SPURDO,E6E8oTz6tPx52eU8q7gxHjAuNZinzituSpGUxcLJdk7R,raydium,1789917086,0.000003542,5929.88,3543,3543,0,0,53.2,155.9,0,0,0,0,1,5,2,12,,,0.22,-7.91,0,0,2,1,CPMM,,,,,,,,,,
1790451834,8rq59Z7rjezyuJpEYBCCWG7iEdEuL6EevpUfMoqbcBQ5,STX,464iJip1fGczMYgCjVGZ7D5dYEbUApgdzkzN6bt5jwWt,raydium,1789933494,0.000004502,2857.85,4503,4503,0,0,245.02,1465.44,0,0,0,0,12,7,64,42,,,-26.57,27.46,0,1,1,1,CPMM,,,,,,,,,,
1790451833,6ZuNFbwU4L9TEhLqybDdWuqBTb8Lh2znF2sou5urpump,FLUX,A3b6BDcDQ65R2U4naL4gJXp948rArcpUoUpqyNpw54Zg,pumpswap,1789935321,0.000002494,2542.23,2393,2393,0,4.98,5.1,6.35,0,0,0,1,0,3,0,6,,-0.66,-0.26,-0.79,0,0,0,1,,,,,,,,,,,
1790451836,EzfgjvkSwthhgHaceR3LnKXUoRkP6NUhfghdaHAj1tUv,FTX Token,3zWAgdSKF5MgZTbq3XwHjWJg6QvFTWBxT7awxqYqcY4N,raydium,1789931721,0.2494,25629.91,59641,59641,0,14.9,313.37,44712.7,0,0,0,3,17,8,417,378,,-0.32,-0.79,-1.64,0,0,0,1,CPMM,,,,,,,,,,
1790451838,zecYuRMvzRiLktRNQywZbkD3M64rF8Qth8x6pYVyQoV,Stablezats,B7DDyHBauUB8gXa9dWascwXiD6JU4ovaVXfn4GgLx8WF,pumpswap,1789957180,0.000005392,6132.09,5141,5141,0,0,0,11.4,0,0,0,0,0,0,1,3,,,,-3.01,0,1,1,1,,,,,,,,,,,
1790451837,HqCa6XCRrzauqsxLGX7tbnU2MTNEZBGSD1p6zUYukknK,DCAT,P3VZ7JyjAtwE32d74HUuEQRzGNEYVYfsMH5XHdsu6UF,raydium,1789956333,0.000006593,7558.16,6594,6594,0,1.99,48.84,476.32,0,0,0,1,0,3,6,18,,-1.34,-3.73,-8.41,0,1,0,1,CPMM,,,,,,,,,,
1790451836,ERgezJ3dtnivUSsi5c5b85ie53YyQBebqGNngibktiBT,DEGODS,Bj54miKtexz1NkcNxGQwh8kivN7ULqFsdbhMZXSTR6rW,pumpswap,1789956053,0.000004976,4626.01,4773,4773,0,0,392.91,2652.25,0,0,0,0,2,4,25,31,,,-13.77,-14.93,0,1,1,1,,,,,,,,,,,
1790451836,GdqXb5EQCwoqDKqY2PPMe9uWXUX7p7Hyiph2zbxKPcFr,Avalanche,7CipXLhPVDUVTMmdN3JoUgqLpD46LgpqWEuHZHo1YR9h,raydium,1789956064,0.000002361,4182.1,2361,2361,0,0,4.62,43.43,0,0,0,0,0,1,0,2,,,1.79,1.79,0,1,1,1,CPMM,,,,,,,,,,
1790451837,HUUNgfzw1DdyTU99Xp3bRTk5AQg5bmnyKbnHCWQCpump,ZPAD,CWhvJhR4XcgEXDqNFvusD6eiCA9yyuHYofFKpQaf4tRc,pumpswap,1789988331,0.000004923,5021.99,4756,4756,0,0,0,202.41,0,0,0,0,0,0,2,5,,,,-1.11,0,1,1,1,,,,,,,,,,,
1790451837,HfHsU5Nmf2ei2YzzBAgNH1VhPwBreau8zPZauvgMmoon,UNITY,GMT9s3JTAw4PRKuQ7i1eHuxDj5KBsFWJEE6K5W8Fi7pt,meteoradbc,1789694976,0.000005631,,5631.07,5631.07,0,0.1,0.1,23.01,0,0,0,1,0,1,0,7,,-0.2,-0.2,-0.85,0,1,1,1,,,,,,,,,,,
1790451832,3fAxeRbjd75zp9TZ5xGYAnannU7h9qvcPbSzh95vvt4Y,REMARC,BLWcwm78E92c2gQV8ijua1ktRTxCUfspDvLp1xguSVjq,raydium,1789980004,0.000009119,9253.96,9120,9120,0,0,81.52,595.69,0,0,0,0,0,1,6,14,,,-3.45,-6.87,0,0,1,1,CPMM,,,,,,,,,,
1790451835,CMVpE5U37XtXka3h7RqW4J567RuakJ4iYwubFZPRpNqv,iDollar,Dpd7wD6AQeDamZi6m34XKuUVTT2R919cfMwTxo8Ym9di,raydium,1789983923,0.000003724,5866.31,3724,3724,0,0.05,3.52,59.95,0,0,0,1,0,3,0,9,,,-0.35,-1.33,0,1,1,1,CPMM,,,,,,,,,,
1790451836,GrSAmzoJ7pNjrRyhDgaFjHNu4WJcBkLNMCzJa1RLpump,CASHED,wMN9UWyZpauc2efk3iBs1cu2eZNs3G7URot9WpNevWV,pumpswap,1790005103,0.000002659,2762.61,2597,2597,0,0,0,0.09,0,0,0,0,0,0,1,1,,,,-1.27,0,1,1,1,,,,,,,,,,,
1790451832,2xDxL9jW7SNg6YB313N8Tb7UYYboTqMBdKP96qo3Gf8a,MONCAT,FNoViPcd5Vn1GJQJw9RNL4JzSEUArzaFao8giUZA3Q7Y,raydium,1789996629,0.000006625,7369.82,6626,6626,0,29.3,177.21,637.99,0,0,1,0,3,6,5,26,,1.36,-4.34,-11.4,0,1,0,1,CPMM,,,,,,,,,,
1790451833,6pNCsonJmgxUdRPGAgMoAgzPj2kXyLKiqC3P6aBgpump,LONG,7pGKWszCqEFRe8j7GGveaYTy9xgiZncKa2KymPnakcUg,pumpswap,1790019176,0.000002532,2564.96,2395,2395,0,0,0,21.21,0,0,0,0,0,0,2,3,,,,-1.35,0,1,1,1,,,,,,,,,,,
1790451833,6HU4CmRb15C2nQDx8Ld2f2W2wTdmog6aZiiXdrT5Pzi8,GROK,3NAxQ3UgevvpTLSTjT4e6PuzLrk8YoW6BsLhTYcU9XeG,raydium,1790016873,0.002547,187730.24,2547164,2547164,3840.44,24718.33,241482.74,1147455.36,4,9,62,67,564,580,2742,2750,-2.31,9.56,-15.04,-28.59,0,1,1,1,CPMM,,,,,,,,,,
1790451837,TqUWvYLQMTddRfkQQBjSzM1LTQQGHUnnmNNacGLSTNK,COPPERINU,CEj3iSTG1DhMjsbv6iBQ31KpjF42pvP6NQBHseQmvNBe,raydium,1790021096,0.00001521,12069.02,15215,15215,105.23,198.94,293.46,2464.38,0,2,1,3,9,8,31,42,-3.42,-6.33,-6.28,-25.45,0,0,1,1,CPMM,,,,,,,,,,
1790451832,2jjbtFBnsZNqgNR3N3LVbDtVCLKHK23w3MZzr4a5PooH,PENNY,GvBAfYih9cAw1vaJMmaWJtuFVs6W7ayHr3nK5cF3GhBk,raydium,1790020492,0.000007499,7812.93,7500,7500,0,0,143.95,1471.87,0,0,0,0,4,4,12,31,,,-1.28,-28.98,0,0,1,1,CPMM,,,,,,,,,,
1790451836,H1L5hW33MEbfNu13991ZREJSZrPzor2KXPFQwtMZpump,RAGEBAIT,9FN3RTt7zfhd4yKhet4iixq24P3XFNx948fGkNfzjMnY,pumpswap,1790018501,0.00006919,25099.4,67424,67424,0,346.45,1074.51,15956.47,0,0,0,2,3,6,49,42,,-4.72,-12.5,-10.64,0,1,1,1,,,,,,,,,,,
1790451837,Hkg5ffPaEthdtTqucQxMDaS3B8ZJ9rag4GnV9SWJe43g,TARD,GG1nhmhY2qDKLP1abjjfLQuRssTYaEJmRCRjuxMG76nC,raydium,1789781240,0.00004287,20652.62,42876,42876,0,6.63,734.47,2896.35,0,0,1,0,21,5,25,21,,0.13,10.34,17,0,1,2,1,CPMM,,,,,,,,,,
1790451835,CzLTZppPdZtTjyq3WGpHLstoc3GLhu7zH5Zg6xUa6Gv5,COPX,51AhFzj1wHv8Em7dNpfarA1fKP9u4iBY5YNkFS1r2kRK,meteora,1790021425,85.69,42194.86,299927,299927,539.36,9673.21,41099.53,113507.4,3,7,77,99,295,300,693,1011,0.2,0.3,0.2,-0.89,0,0,0,1,DLMM,,,,,,,,,,
1790451835,BjJyQFGTzu6JQfpdXEZ1mmFzhWgFYgEscRz472Zkpump,CASHTAG,5KiorPssHsHpgwJhz9CDbFiARgCitGTHmhnfHcMn6rY4,pumpswap,1790043174,0.000006460,6157.57,6296,6296,0,0.85,428.04,1420.34,0,0,0,1,7,6,34,42,,-0.2,-3.17,15.84,0,1,1,1,,,,,,,,,,,
1790451834,96LWLstUJqsCHFhBgRxtsuQJEcMYJ2gDkApo9qHU8p9c,ALTA,38UHTJd3bRsyXNFFTAVxYzvzN16v49GEWS7SXLkcNuPH,meteora,1790042151,0.000002104,3903.17,2073,2073,0,0,4.19,22.38,0,0,0,0,1,1,1,3,,,0.35,-1.85,0,0,0,1,DYN2,,,,,,,,,,
1790451833,6QxMcEpYULAUs4Qa28ui2GJ55daY2KqFLRJXHEosNPAu,PICKAXE,FqpWecjYyc2VUqMoTswxn11Bu9Ni1UZBX3WWwZgw19fk,raydium,1790040430,0.000004723,4632.75,4723,4723,0,64.5,260.27,8598.73,0,0,3,0,16,21,85,172,,7.86,9.72,-80.31,0,1,1,1,CPMM,,,,,,,,,,
1790451837,H7buF7zFb23WLL5DMrdKRKcEkb4BpHZRGvv1n6NE67XT,RAFFLE,3Dmf6oXMP3Kf3xHtKgRGUYBzz2aSwHrnsxrRrt79amBT,raydium,1790047558,0.000005170,6687.31,5170,5170,0,0,0,1510.98,0,0,0,0,0,0,7,15,,,,-11.93,0,1,1,1,CPMM,,,,,,,,,,
1790451836,EtSVEVHfw75944qMeJs8JZKy3TpgU69pTXY78JvduBY1,USDC,6MiUBKiiJZ8EMTgwNtp56Fnh5UpCrKpUh17bPXN8hDBJ,raydium,1790047683,0.000005755,7772.84,5756,5756,0,0.46,191.3,573.2,0,0,0,1,3,7,9,35,,-0.02,-2.69,-6.65,0,1,1,1,CPMM,,,,,,,,,,
1790451837,HXQ66zSRqynwJQ6vYEYa85qGY9C2Ycz8rnYQHgApn391,GO,C2BB8PEdsZbEWm8QTmf9YBWHor5R5ecb5KkBJfb2b5so,raydium,1790067701,0.0001452,38298.3,143123,143123,0,1616.48,56859.8,80755.86,0,0,7,4,183,150,316,308,,15.24,142,176,0,1,1,1,CPMM,,,,,,,,,,
1790451835,BaLU8Mu1mw1j98Siih6kcSH2j2SkNiLjKYUYgNFppump,jeantard,8uf1VT41sBgWcaEv7n21GyVm57yL5zgRiapFh69ToNN7,pumpswap,1790069572,0.000002535,2775.63,2459,2459,0,0,0,1.45,0,0,0,0,0,0,0,2,,,,-1.46,0,0,0,1,,,,,,,,,,,
1790451837,H9X1jw4QKk5vfv2S84UNWNe8VwP4xXKtLvWTnuoDpump,VOICE,FLo9uh2QeM2HS7BGHD6c65LnsLRhtNZsAcFbaH1299fD,pumpswap,1790091320,0.000002960,2907.27,2813,2813,0,4.52,4.52,9.35,0,0,1,1,1,1,1,3,,-0.78,-0.78,-1.1,0,1,1,1,,,,,,,,,,,
1790451834,8Vte25yt28L8BfLXm8DrzjSYEyaKX8yry6hRKRmX7FGd,UPTOBER,HJHA6AFiUQVR4nUScs7ZAR775427PJtVFqj3kmLgP9WL,pumpswap,1790091690,0.0001952,43430.25,189833,189833,838.8,22996.57,135600.68,534494.52,21,8,275,155,6779,1182,16060,5623,-1.53,-1.93,-10.87,-25.83,100,1,2,1,,,,,,,,,,,
1790451833,5nLfR5k6SWP8wXWnrBHRQ5jRjtkFKBGxTmvEu8eqpump,SCAT,Gen8kU9zKiEX2wHL5X2ded8ZEqM2ySN3UkJEWeM2Ej9w,pumpswap,1790090859,0.000002468,2533.53,2357,2357,0,0,0,4.12,0,0,0,0,0,0,1,1,,,,-1.3,0,0,1,1,,,,,,,,,,,
1790451833,82g6qBXnXcX9UURMowGynkmZg2MD1TQhGrEJLs2epump,KCAT,85unTGCSGj6gn2fUp2R3FszeJQNvpxAGVZhg2LEdjUux,pumpswap,1790090416,0.000002978,3523.65,2937,2937,0,2.66,2.75,4.23,0,0,0,1,0,3,0,8,,-0.52,0.21,16.6,0,1,1,1,,,,,,,,,,,
1790451837,NQ5hSuXQZrbnrwcDVk2qN73njjd3E3v3badYHnj5thF,IONQ,6bMXSku5MEj6DRUVE9DGaEtD4yreAZdB22v6kvtHMdRA,raydium,1790091583,45.19,72945.79,983763,983763,0,843.89,2947.19,64971.28,0,0,1,12,14,44,300,444,,-0.07,0.1,-0.4,0,0,0,1,CLMM,,,,,,,,,,
1790451835,C9GVVfB6P67FEMvhD1YHyCVPrGLGbpAHtXgnJrig4MKY,SCHRÖDINGER,AMZKXrQjS6JLZXMob2s6P9ZzZ6UZMCufbK3iEf78exZP,raydium,1790091250,0.000005524,7715.91,5524,5524,0,0,81.62,6883.89,0,0,0,0,13,8,55,74,,,0.47,-39.1,0,0,1,1,CPMM,,,,,,,,,,
1790451837,HraqV71uEgzmhRWupWfMT7vSkkm7YMBYq7moBRHceWxP,REALLY,2dVkTVmcGB1erkATESQoKL2DTNw3u2g6VHPkAt6iXZiA,raydium,1790101688,0.000001622,1879.35,1622,1622,0,0,10.03,552.91,0,0,0,0,0,2,14,12,,,-14.2,-9.06,0,0,0,1,CPMM,,,,,,,,,,
1790451838,wAifunvXK3VY8MPZo6ECke8We32LcGwehEr9KEz5zT9,WAIF,4wKzaZk9kQpyBDcq3mSdJB7HrtapRSZbAEX8ZfvCtSd1,meteora,1790103712,0.001316,53919.92,1316142,1316142,2.47,32.17,944.43,4636.01,1,0,12,1,79,8,322,35,0.02,0.2,1.37,5,0,1,0,1,DYN2,,,,,,,,,,
1790451835,CfJjsR7S9KkYTihbL9NJ5ZVDyoVtef3HUJuoWJtK7rgq,DAQ,8DcUHCdXob6PNzKs4v9wJ8vB4vbQvXHYPhyUiWMbJxWR,raydium,1790105248,0.000002614,4793.32,2615,2615,0,0,0,0.88,0,0,0,0,0,0,0,3,,,,0.2,0,1,1,1,CPMM,,,,,,,,,,
1790451835,BG9JzUixbVqwBgtgTWtdDaJgK1wUTnCESZkHskLbZjNg,Bobcoin,CdbvkUy59ruP6ficdSHa57C7eVxowgmtzi7uZa4TsXsY,raydium,1790104906,0.000004076,5948.61,4077,4077,0,4.44,4.44,276.98,0,0,0,1,0,1,2,20,,-0.93,-0.93,-5.36,0,1,1,1,CPMM,,,,,,,,,,
1790451834,9Uqpbbpq7EzAtotoQJhRhD9DUnWAQKB2Bzc2ym7J4yzD,POLYCAT,AcMgAuY1kkBzCcbTGd4YRzp36xtmwCEpotoqEgBmv8W7,raydium,1790103729,0.00004255,18788.61,42550,42550,78.03,229.49,10523.36,24593.44,1,0,3,2,114,53,290,182,1.67,-0.99,-1.43,-46.86,0,1,2,1,CPMM,,,,,,,,,,
1790451832,3y4KW6Yere8NAjVSPVVWEXkUoDfXV8b6t3EDGS2W5wP2,BAKARI,G81USzwt5ud94BDBke2SbdQkeUazVfdGDt8tx8aJdQFe,pumpswap,1790105666,0.000005676,5540.18,5543,5543,0,0,235.05,1637.63,0,0,0,0,2,13,19,60,,,-8.02,-28.08,0,1,1,1,,,,,,,,,,,
1790451835,BeUAXnAoF1ip3kMLCpgdJ8WRQFTzntDkgfyVYyMwpump,Archi,EhTtok6JCcNauGLr1Rwgi4ZZm7u8k1hRNYmyCDxHWpvw,pumpswap,1790104775,0.000003700,3860.31,3581,3581,0,0.01,12.31,38.86,0,0,0,1,1,4,3,16,,-0.26,1,-0.7,0,0,1,1,,,,,,,,,,,
1790451834,ARMbSB1MBRQrY6PNMao1HdQ431VafC6JRJCsGZ2Yv3iJ,ARM,H8v6Tm46g7AShbL3h1RsD3mUAiPuCizfABGAJTfQG2kR,raydium,1790107878,308.87,52728.24,285705,285705,0,0,498.01,4885.61,0,0,0,2,4,8,25,42,,,0.23,-2.02,0,0,0,1,CLMM,,,,,,,,,,
1790451834,8P1XmDhzU8qR3oiXHd2YfmBpB92Rn4hwunMsMGdghvCn,SOLTAO,H56x9EzRFiMgfvXYwyE927qjJuG4QnFGh45tDN7UrFXo,raydium,1790127553,0.000008873,9544.72,8865,8865,0,0,389.57,1207.04,0,0,0,0,8,14,18,26,,,-10.57,-2.77,0,1,1,1,CPMM,,,,,,,,,,
1790451834,AD7cjPhebfrtXSNmBRs6rxnawF87zCeUE2Mxc4ZmWmrH,TYGR,23xAFZzbCer38XYT6VEZE7QLcNwjetT34VowF4Fd8gVh,raydium,1790127358,0.0002373,43801.05,237356,237356,83.84,2151.08,33097.92,82196.4,0,1,7,7,98,119,283,319,-0.77,2.61,50.65,57.24,0,1,2,1,CPMM,,,,,,,,,,
1790451835,DpHfXmbiPiqcA8agUnzEttFQg968xxhYBsvUivQbmoyp,CI,BpiURyGawT9onANR99qrm4An6E7SABwqxoZQYh5M3Ahh,raydium,1790128125,0.000003800,5672.51,3801,3801,0,12.08,109.49,1298.49,0,0,1,0,2,1,8,19,,0.85,7.45,-21.83,0,0,1,1,CPMM,,,,,,,,,,
1790451834,9RL1WFSXYyV4ZhdVbRyfm5zLFu1zPdkaPVQXo879pump,FROG,7EL95eh9e9vrvus3y6eMfT1sqT1HyxivzUyMPWN4Ms4i,pumpswap,1790128561,0.000002758,3212.97,2695,2695,0,0.03,0.03,1.91,0,0,0,1,0,2,1,4,,0.84,1.32,0.77,0,1,1,1,,,,,,,,,,,
1790451835,CfEKLtLG6BDXZeY2YwL9EETK1PRTdpUhqJsy9X7CkzbQ,₽,HGuWbSNsj44HmedYrfat22noKyFUxxhhguNjPtYCE4R9,raydium,1790129402,0.00003172,16712.75,31725,31725,0,22.44,758.86,6587.16,0,0,0,2,5,10,37,60,,-0.11,-5.32,-49.72,0,1,0,1,CPMM,,,,,,,,,,
1790451835,BQtbEDcZRciafnXk5t5pFFaAiDkBAGufsRV3Ms9GJbiU,BASEDCAT,FmPbnsKeb1e2iVYbCiz7ZxmNhD5jnzzDCn5exdZmiAAG,pumpswap,1790128632,0.000003696,3713.58,3431,3431,0.16,1.07,1.92,153.76,1,0,2,2,5,5,7,26,1.15,1.22,2.11,-2.74,0,1,1,1,,,,,,,,,,,
1790451835,Du2r1SrGZMjw6e8Fr6dVFz9qf4zW66LeSRV13w69GX7h,BEER,EzPiMeA1EoF2DuVaNvcb9Vv5aUvK1VxQ3r9oGn4e1vZe,raydium,1790129061,0.00005737,17558.14,57379,57379,145.52,737.24,21576.02,90031.81,3,2,19,13,244,177,636,446,7.24,41.67,226,-86,0,0,0,1,CPMM,,,,,,,,,,
1790451836,FVTUxu2SAsgoRaWHK2RjnNNkdLNkPWYER1WjHPrpump,WOTF,GXmTViz51UWxPRwyXDNKvtjmAJWyGiqYtNY8f418imbd,pumpswap,1790129788,0.000002669,2669.96,2669,2669,0,0,0,107.79,0,0,0,0,0,0,3,0,,,,7.32,0,0,0,1,,,,,,,,,,,
1790451834,A5ZiQNqMPuNY2VvmwpbYJ9m4vpsbTnAqKSgvuCKFpump,UNIJAK,CLdTbhxZf3CH3SLN8ZKhc3LqsqLtEs1bK5cFWsdMrJiV,pumpswap,1790129315,0.000002952,3442.29,2867,2867,0,0,4.48,18.5,0,0,0,0,1,1,4,11,,,16.18,-1.68,0,0,0,1,,,,,,,,,,,
1790451835,BsjP6w64epXVzeArctjwWTyu6Hpnezm4vuxb2AR1s2PN,sold,4ft94iU4fSYgCJhCztcUWQSAvXYqVrsLTm2fhkfHvL6i,raydium,1790129668,0.000003289,5235.17,3290,3290,0,0,0.47,40.57,0,0,0,0,0,1,0,8,,,0.49,-2.12,0,0,0,1,CPMM,,,,,,,,,,
1790451835,AxZYPsQc2tFUWCvWCUd6sR2FWSJ8huqJbEuexmqXvGXo,LYSIOS,BfMWpbqDue7VTSShxb6BjmNzap4Ma3CShwEgLXssnwDm,pumpswap,1790252797,0.000008148,6240.75,7877,7877,0,482.71,2217.03,32329.56,0,0,2,4,16,28,266,256,,-6.1,-39.04,-27.14,0,2,1,1,,,,,,,,,,,
1790451833,6CJ92jwMXTJsjmXdh5TZgPbbMwyWdSG44hRUQ7kwpump,MINESTOCK,FJ7TY6rtwboVc7vQ2sxxty1ieiAHWeecuvW5BA3NnGSg,pumpswap,1790216812,0.000002739,2706.87,2595,2595,0,0,0,5.87,0,0,0,0,0,0,1,2,,,,-1.06,0,1,1,1,,,,,,,,,,,
1790451836,FPiSWxP6he8Q4WWAgqNaW62rvxfxQzwmDBGwdkrsSTNK,FATPIKACHU,4dPWMNCL2Zqn8cwnti8ydsjbFTfUSnapGkSPz9bQUBfZ,raydium,1790209660,0.000005946,7154.48,5946,5946,0,0,1050.47,3760.92,0,0,0,0,8,5,22,34,,,9.16,-40.95,0,0,1,1,CPMM,,,,,,,,,,
1790451835,DCborDQ2RjUJrCSNPNq5wjv7F1xMX8idwMntK1K4KBnM,zen,zgd9RR1SoFK4z6s15xdmmjJdu3xEjydrcMCoaWYsoms,pumpswap,1790215446,0.000007857,6361.79,7525,7525,0,1.98,7071.32,11050.34,0,0,1,0,74,62,109,115,,1.14,57.63,-18.45,0,1,1,1,,,,,,,,,,,
1790451837,dxqSq2hQipTN249zjv78zujvaeEgYyHyYq88pNXpump,ONBOARD,FZAjdc1kStK4MrTdZ4wMaJhSbqs3U4LoCFejWj9a4uGC,pumpswap,1790257150,0.000004252,4586.66,4163,4163,1.06,1.77,47.04,499.05,0,1,0,3,2,16,18,83,-0.18,-0.28,-1.52,-20.82,0,1,1,1,,,,,,,,,,,
1790451832,23d5EtiLeT1t6seccoNNADa82yUeKrch8g6ei9tVpump,MCNAP,HNyY3tXe5UYiY4SXnkFGWf7GpdpfxdHjuGSTuyV43nH6,pumpswap,1790256041,0.000004228,5638.05,3996,3996,0,0,1.86,30.85,0,0,0,0,0,4,3,20,,,1,1.7,0,1,2,1,,,,,,,,,,,
1790451834,8K5tbzsAJx1JYj9yvZdtJbFqbf1A3uKGejpw59wNpump,PELON,2RuHs3BdjH3JWUHpny19ekrUvjAGryNQUYApFgmZBWnL,pumpswap,1790255744,0.000002496,2776.68,2444,2444,0,0,0,0.15,0,0,0,0,0,0,0,1,,,,,0,0,1,1,,,,,,,,,,,
1790451833,6MPGA9ccfsQfdUDNhWmiWp3CkCYsJnbN6UutMY4icPjo,ROBUX,7EZo4smD2egU1KbFbFxSNG4Utuqmccc4x51QQXPfGGob,raydium,1790249051,0.0006323,69716.48,632342,632342,49.63,1636.92,20516.52,83920.54,4,0,27,16,213,123,1271,530,0.28,2.6,21.79,1.49,0,1,2,1,CPMM,,,,,,,,,,
1790451836,FnBS4V6kyWXKWfgH3tT6Xu162WubcgtqjVTHcU5Zpump,ST,9atKbKNbc6fbs8jJFWjgFKdDfCZmKQT4zMhdVwDDRMjW,pumpswap,1790255653,0.000002540,2555.9,2462,2462,0,0,32.89,73.43,0,0,0,0,0,3,0,7,,,-2.52,-6.13,0,1,1,1,,,,,,,,,,,
1790451837,HExJd47752Q2Nqm1EpMDrvfPKWdeVtZ3ATh1TukU1tYn,WIRE,4zqq2kbuL6b98Gx2DjGzkZ2MPUq559nkWrvwJMi3Tkxd,raydium,1790258787,0.000002364,4060.08,2318,2318,0,5.05,17.14,375.23,0,0,0,2,0,5,9,15,,10,7.94,-31.6,0,1,1,1,CPMM,,,,,,,,,,
1790451835,D8aHDLTQtDqMLAghU6KKVGtgFEDvJU1NAkn6vbKVpump,catfone,3i3rnbKa6Rbs5dksuEU8v5a18Banpk4ppzXUpcVzmykW,pumpswap,1790277814,0.000002517,2612.75,2469,2469,0,0,0,14.97,0,0,0,0,0,0,0,1,,,,,0,1,1,1,,,,,,,,,,,
1790451833,6dPweBFhc13AjGQ5MBYJUs9EYDJ3zXfGPi61zDAVEwDb,SAGASU,2AjPHG6oX7cKdE1BcpQQ1mbcS2b7CBHwrdRXAELnPuL6,raydium,1790276982,0.00002916,15307.18,29161,29161,0,441.77,7020.17,21367.9,0,0,6,5,83,57,203,193,,-5.41,73.45,-28.54,0,1,1,1,CPMM,,,,,,,,,,
1790451832,1LHsACGWsizxXZ7SL8Wth8jkjKrK524kqdWC2bz4ix7,MET,3m1C7arHYT1RKvjtZSUBYhYN7pJ7X3LKrAtmvq5CmL6B,meteora,1790278830,0.000006860,13275.56,6861,6861,0,0,0,5.25,0,0,0,0,0,0,0,1,,,,,0,1,1,1,DYN2,,,,,,,,,,
1790451836,GycDqcYhjbRHjexjwFdcsLupoW8rQ7smBXwnagzqpump,SPOON,88NJN8esHEiDTkETgZMmznjzxv4qrC8wQAooYne7KY8W,pumpswap,1790278671,0.000002518,2711.08,2457,2457,0,0,0.04,0.07,0,0,0,0,0,4,0,12,,,0.07,-0.41,0,0,0,1,,,,,,,,,,,
1790451833,4Cf16dgFaaMtYAdjLq5HvaH4RLHtAyFj6ZVSNuwyi35K,MONKEY,5ZqhifSFJj1rMsUHqdbbmDP3iGu6mbQSUP1xg1GkBwLf,pumpswap,1790278843,0.000002519,2512.81,2358,2358,0,0,0.71,28.05,0,0,0,0,0,3,0,11,,,0.88,-2.12,0,0,0,1,,,,,,,,,,,
1790451835,AotNyzGfP8wRy9mvi3JggMii2deNFaCvAT5qULojWF3t,SCYTHE,933F3FgQMcGu7ewFrsjC9UYHojjrqkVbC2Gr2e63QDfk,raydium,1790285251,0.0000007091,1109.08,709,709,0,13.56,43.98,623.91,0,0,2,0,6,11,19,58,,21.35,-43.02,-65.66,0,1,2,1,CPMM,,,,,,,,,,
1790451837,HiiRvVQmdETji3hRJArjJr6QxLKryYHKkREXrDEwNa4E,LIQUINU,4urS7v33AaAcxWJuc5JcPkkc1NzHPg9FDQxEmZvDrgTe,raydium,1790271305,0.0001724,36945.02,172481,172481,0,688.54,9776.63,61412.85,0,0,4,5,36,34,167,190,,2.14,40.25,-41.79,0,1,1,1,CPMM,,,,,,,,,,
1790451838,hGq6x3FwjMcNYX9WitsSRph2nnaoA6KuN7HPk9FMpad,fomo,7ScKdre83kTjKRtxBk7PSs7VC32JTJtKFgf1hDrh6ycp,meteora,1790288454,0.000002802,5170.94,2798,2798,0,0,3.15,81.5,0,0,0,0,0,1,3,3,,,-0.13,0.3,0,1,1,1,DYN2,,,,,,,,,,
1790451833,4dtNo5GHzbQTU39fykpy55NuLaWyVSpB3HQ8UdUbCwxn,UI,F6DMJtuSqWP6nx8NA4Xat8obzPTFFYyBwuE6CF4PFZLA,raydium,1790286040,0.00009139,30288.17,91391,91391,0,0,837,2981.03,0,0,0,0,14,18,35,53,,,-8.55,-8.22,0,1,1,1,CPMM,,,,,,,,,,
1790451835,B2JBQ98ZARAABHvDmhjrkviz1XzoQrXr75G7RTFQpump,LASTDITCH,CagyRzTfkTkZ2VQ6fNqKdbWqk5Cj6fEfpSgraKNf8ayT,pumpswap,1790288303,0.000004749,4240.12,4469,4469,0,0,1839.59,10093.47,0,0,0,0,13,24,72,102,,,-35.1,-50.55,0,0,2,1,,,,,,,,,,,
1790451837,HyhYW8wCTkx3x16EVk1tyJuwjpvbt4WhEbHHXKdLA4sE,MESO,s7S3QCDrvRTC6YYrz9WhUjsHWirg3eCiSwUUPeHkSMM,raydium,1790283957,0.0000005043,928.66,504,504,0,0,14.99,9036.37,0,0,0,0,9,3,57,220,,,-35.56,-99.33,0,0,1,1,CPMM,,,,,,,,,,
1790451833,7xgHHNdgyLoLbXgykRFXa9D598d3ifVXVJfDuQ4vpump,BLOOM,5xupXrw1JQ5Ykft3vUb9M9WGyT6xeGKXTn1SJDG1Nmh,pumpswap,1790287877,0.000002068,2282.96,2012,2012,0,0,4.1,15.97,0,0,0,0,0,2,0,8,,,0.93,-5.73,0,0,0,1,,,,,,,,,,,
1790451833,7c67PJmH6xVEQtnPRBhD4qVkzdKqn6j1xPfgokchjpo7,Xi,5cUdDWFPB2xLQg4nbW2sZsvJ4VBujeeuMPRsBQbVh6oR,pumpswap,1790287611,0.000002784,2915.35,2704,2704,0,0,3.37,34.06,0,0,0,0,0,2,0,11,,,0.16,-2.3,0,0,0,1,,,,,,,,,,,
1790451837,Qb7fGETNkskcgJPNVqfbYz8H8SpNrNKnH1B6faomXJG,Jandi,2FChrCNqxVR9Wiv9XJepwivGVTPS9x6EUDnBnerfSuc1,raydium,1790301840,0.000004235,6866.34,4235,4235,0,23.18,472.25,581.43,0,0,1,1,7,2,7,5,,8.78,49.07,39.35,0,0,1,1,CPMM,,,,,,,,,,
1790451832,2q5g2nx9gJdpxCK6JtnKvq9rPAa6fQLkRCQMFvm1STNK,afk,DvfKmzPu5VWFeq3VVxH8eCnCpwb8Z2V5mt5xv7ERKsMY,raydium,1790302713,0.00001656,14147.86,16564,16564,0,417.23,5681.34,58647.96,0,0,3,11,67,61,617,480,,-5.36,23.42,-62.37,0,1,1,1,CPMM,,,,,,,,,,
1790451833,6sEfSA57vXerqm3cFmwQxa78rmBgRBR6pyEPJG74pump,COMPANY,CmUWC35z3Vc7quZtEM5yT5AQpSr7xuJBZKGe1KbtX7qF,pumpswap,1790302436,0.000002698,2718.41,2498,2498,0,0,9.58,169.39,0,0,0,0,0,2,2,13,,,0.18,-10.29,0,1,1,1,,,,,,,,,,,
1790451832,2FHeJNKDR4yEnGGBefwYeguYSPKv7VdUFHbx18ANpump,DEVIN,DKRH6Y79e3f1MqjyM9DBQvKzZMwP2Fepb1wTqDNBhakC,pumpswap,1790302148,0.000002587,2569.82,2448,2448,0,0,0,0.73,0,0,0,0,0,0,1,1,,,,-1.95,0,1,1,1,,,,,,,,,,,
1790451832,3qm8LhrCbpaHbcQexV37JgDGTrrjNfxDPEdf9yuLXLYs,CHIPS,G5KBo4iHfad1Y9J3AE8dgLK85fRxksct66Jbo8MmqV2j,raydium,1790300736,0.000007786,8579.05,7786,7786,0.1,58.3,1658.63,41236.49,0,1,3,8,29,59,434,447,,-1.64,-37.68,-90.97,0,1,1,1,CPMM,,,,,,,,,,
1790451835,BVV7metAePDu4HWgP41PiD4x73tNiKMVdaugtYQXJUKU,BITCOIN,Fvd2ifVqHtqmQqzUrFYXQtkqLp8CnFgAXPLMj7PrP9Be,raydium,1790302273,0.000002229,4280.25,2230,2230,0,0,0,156.25,0,0,0,0,0,0,1,11,,,,-3.56,0,1,1,1,CPMM,,,,,,,,,,
1790451836,Ekfbe93ybDm7JnS3xFbTVrfiov2xtx7bgJkbQc74SLWo,RPG,HMwfxasodv8rG5j6tyKBGf5WwS4fkB5RQqYDhL98TkcE,raydium,1790321273,0.00001455,10289.43,14554,14554,19.49,183.63,4142.29,29949.35,0,2,4,5,28,39,250,229,-0.76,1.38,-48.59,-65.88,0,1,1,1,CPMM,,,,,,,,,,
1790451836,G4i1oQ9QHpZt8jVwomeroySgUpk8gHv7SuyjJBr2QNQj,Adora,14n4N6eMjhFJPoPY76cB5zA2FDJud4D88UtaFPy47Xdq,pumpswap,1790322749,0.000003200,3164.18,3075,3075,0,11.52,349.15,7298,0,0,0,2,3,21,128,157,,-0.74,-17.75,-63.68,0,0,1,1,,,,,,,,,,,
1790451833,5mXiJ166yyCZvaBABnP3gLksmecGtWk2gW9S7StUpump,MATERIA,Hvnnk2QjdbtYDEoZszBaGFHnFgQQLeceM97BccQkDaYw,pumpswap,1790324309,0.000002747,2714.37,2554,2554,0,0,0,254.41,0,0,0,0,0,0,3,19,,,,-15.4,0,1,1,1,,,,,,,,,,,
1790451838,nrwJ1yLM1SyaQnvXU1uiLBRBSeXvcpGD9s8gVdRpump,CNN,7eFYJUXcbTDucF9B9f98njLUJv1AussXTfFMsBvXPw5H,pumpswap,1790324041,0.000002184,2212.16,2174,2174,0,0,0,5.7,0,0,0,0,0,0,1,2,,,,0.27,0,0,0,1,,,,,,,,,,,
1790451835,AotFYJVM4hFQS97MWq6c2KoDgDYWFDCxLF9i8ZCfABPt,SALLY,E7V6QX4o1MuHaAE7cbZeBd2zo7GA3HWbh5a7uzdFxEuW,meteora,1790187353,0.00003154,153.4,31542,31542,0,0,0,14.35,0,0,0,0,0,0,12,11,,,,-5.74,0,0,1,1,DLMM,,,,,,,,,,
1790451833,64S9QFTFhrcLWsXWjTBkaWPS4asdcrQGwvVQWxUjpump,BMC,7CHKmWPXYVpEPae72WWuttJn5SbK1iNjy9UUDYTxXoCw,pumpswap,1790332439,0.000002630,2606.12,2385,2385,0,0,1.14,25.8,0,0,0,0,0,1,1,10,,,0.33,-2.35,0,1,1,1,,,,,,,,,,,
1790451833,534psZzFePPFdT8E2u6wkt44vyYjjGQwLKPtj9CApump,Grok,Cnbn7RV3YwrCqFMPP1x8zPdMGrithjaVArSVdZ8hUWCM,pumpswap,1790330015,0.000002184,2212.97,2175,2175,0,0,0,0.88,0,0,0,0,0,0,1,0,,,,,0,0,0,1,,,,,,,,,,,
1790451834,9JtsorjnocdHJcxovUBVZPaGmDW91KhiNewoKTaUpump,もも,BH3vvZYGoZ42R1xvB5yL87eFuXnZLX91wvBmwVXvt7Y4,pumpswap,1790336447,0.000002993,2931.59,2789,2789,0,0,30.23,288.48,0,0,0,0,0,5,4,23,,,-2.33,-13.6,0,0,1,1,,,,,,,,,,,
1790451837,J141JCiXKGcrhDCgWUTCL9qz7h943iCibNiLNfqZpump,0xquit,8R4DDi9X3RBLr876hhRJCv4Gvsy8d9SkABgb8YiHapo9,pumpswap,1790333122,0.00007086,25646.65,68523,68523,22.62,5543.62,35985,600055.39,2,2,45,31,325,412,5341,5562,1.32,-10.1,22.63,-33.87,0,0,1,1,,,,,,,,,,,
1790451833,5oA7EoAHoRBS1MaJ3DS2dt1SndYu2TWqn5F7Jingpump,FOMOMAN,BeWtrSfK3ifo8E2tHLmze2UhLWFfD4na7ztKSGhoMM9h,pumpswap,1790334446,0.000002426,2570.81,2341,2341,0,0,0.37,0.37,0,0,0,0,0,3,0,12,,,1.3,0.54,0,0,0,1,,,,,,,,,,,
1790451832,2VeuwcJYtu9P1g27a1UahFsJmVZRBWfBvLJcuzvApump,GOCAT,7ExZPpQWWXBuf92bVGGser6S1ANE28po75rwwZ1TnG4g,pumpswap,1790341511,0.000002398,2498.47,2343,2343,0,0,0,2.05,0,0,0,0,0,0,0,3,,,,-1.09,0,1,2,1,,,,,,,,,,,
1790451832,2pawBaYZZkirQMSFRUDR5xkovFJVUfuM31Jort35pump,APE,5NdWUf177soALxYwEEYRPP8YVWjHzf6Xw8XFJePN8b1J,pumpswap,1790344666,0.000002438,2429.54,2326,2326,0,12.74,13.08,29.62,0,0,1,0,1,1,2,6,,1.91,1.98,-0.3,0,0,1,1,,,,,,,,,,,
1790451836,H6XgEH1wxmE9urKgCFCm4W6ssY99moATFtsbpUmoh9MD,PB,r1ATQGDRe3jCNGDsuiqbRgFWRQLWUtkw3bnkQSuxRE7,raydium,1790342583,0.000006134,7882.88,6134,6134,10.85,505.35,945.77,3782.3,1,0,13,5,25,10,56,109,0.05,23.14,59.3,-16.62,0,1,1,1,CPMM,,,,,,,,,,
1790451833,6BZY2BgeqVKEYCTgU9Q9oUwx6bDqv32djy6WGaXTci1i,WODL,Bgu3DH5p46JU3Jp67vkzLA9dbhBNcq1L9wUSyqmH3vC7,raydium,1790340601,0.0006574,76887.38,657442,657442,338.13,11698.17,56349.53,348793.12,1,3,39,52,214,189,1202,1022,0.16,-8.2,90.52,-5.55,0,1,1,1,CPMM,,,,,,,,,,
1790451838,s8pc6Thv8U4g9yPwmkGj5TTGLuHGvDRr6wPcF91pump,Pizzly,3XLHXdzPrSJn5MebQfKEeqb1vtMbpv1qEAXRnwLoZddM,pumpswap,1790344227,0.000002378,2404.31,2307,2307,0,12.73,12.73,550.61,0,0,2,0,2,0,6,11,,2.83,2.83,-8.9,0,0,1,1,,,,,,,,,,,
1790451832,2JyZvV9dRBkSBdeh8moXTkgmiksdGAzeAsU9s79Vpump,APE,2MNFdYk6kPKTsGP2xxR727NkmeutcXXiG12suvRAJmgo,pumpswap,1790344255,0.000002507,2631.22,2425,2425,0,0,9.48,928.23,0,0,0,0,1,1,20,15,,,1.44,3.62,0,0,1,1,,,,,,,,,,,
1790451837,JA4ojpx2pDWHfNy6cq63ipvkNy15LP3mfpPHxQKhpump,Harvard,9S3phoaqcEVJRAQEHWCyK7YipGkVDsMTnqqfFbDJBuHR,pumpswap,1790343811,0.000002130,2145.41,2124,2124,0,0,0.18,1.45,0,0,0,0,0,1,0,2,,,0.3,0.3,0,0,0,1,,,,,,,,,,,
1790451833,5RUrbAftnTBptroKfpiJKyGF5v7aGsX9zYzNjSXjpump,Ecat,9mCj2UKnVdZ5XQS2ggxaSQKRBquVhC1Gbd45FEUz1qzB,pumpswap,1790352592,0.000003377,3251.62,3250,3250,0,61.92,190.37,2004.98,0,0,0,1,2,12,35,109,,-2.63,-9.37,-25.96,0,1,1,1,,,,,,,,,,,
1790451833,7Da5hXJsQgmPsmFyRRmXrVKJUyNh5i79sqDFLUak6v8n,Income,8kGyw2YvPe1MTKBzT86pAyfsQ2WdA92qDPsAT85GQxse,pumpswap,1790350616,0.000003998,4037.83,3801,3801,0,0.34,98.39,4641.07,0,0,0,2,2,10,30,110,,-0.03,1.2,-54.44,0,0,1,1,,,,,,,,,,,
1790451835,C3w6C6T4W72oDQVnjjvQrkSafLQV3DpMhWRYSpd91Ewc,GOCOIN,5owGNBjcY2u2yNnKNsyvMGTuWoT3kBpWvquMHCm5zVqy,raydium,1790281649,0.000008726,8497.34,7657,7657,0,22.15,209.01,3424.33,0,0,0,1,1,6,30,46,,-1.01,-4.37,-40.04,0,1,1,1,CPMM,,,,,,,,,,
1790451832,3bdsNrvFyD7jxbLLriPZrFS6ngaRoFfr5Y1soGfUGTFy,Anon,BUryJ47dwiDHQEz9VrKuEWCDbGX7ZZFDp9fYAfD6CiWT,raydium,1790351076,0.000002618,4770.92,2618,2618,0,1.98,4.83,95.15,0,0,1,0,1,5,4,23,,-0.25,0.93,5.57,0,0,0,1,CPMM,,,,,,,,,,
1790451832,3xfsfopm2xR89PFbsGGBhT1BfJqrbcoN8Mpxcp1jpump,OnlyPump,8Eq2jxtFcVxE5TRhWi8koKUV7AjAKud1pcBUywsJy9M2,pumpswap,1790357391,0.000002406,2619.46,2368,2368,0,0.06,1.5,5.12,0,0,0,1,0,5,2,9,,-0.35,-0.93,-0.31,0,1,1,1,,,,,,,,,,,
1790451834,9XfSJK2VPRmYuBCPbcpJiw7svNPEFrzGAeHDbUz7pump,Terrence,BsEJv51uA1osRFvQpNHWL1SEeLaKsGLBabGQYW5xG7bL,pumpfun,1790172398,0.00001055,,10551.66,10551.66,4.24,1244.75,5812.89,19757.9,0,1,16,25,113,126,312,304,-0.13,-14.14,-26.22,-46.71,0,0,3,1,,,,,,,,,,,
1790451836,GqUi4QApDfK8LvVAHvUwKpRQ5CMZqFuE7mht9cGLnviK,GENIE,EVCspdPjAjfrNBbi21ozJbHue93w812knFbCVZ8mX2c8,raydium,1790227400,0.00002887,7504.14,28871,28871,0,1436.7,2493.5,17859.08,0,0,14,2,42,19,195,124,,203,190,-67.35,0,1,0,1,CPMM,,,,,,,,,,
1790451833,6eLWCTf9vd2FbdrTiAb9npTMd7VEtsjtTsmVJdPuKCot,DEEPDIVE,7bJBediHnZoaCVKxCZEwkLkCbweny2Nkm5TLSNU5LZda,raydium,1790355452,0.0001466,35571.33,146661,146661,25.87,10139.11,76596.62,117304.68,1,0,27,24,226,228,573,384,0.29,-12.15,74.11,222,0,1,2,1,CPMM,,,,,,,,,,
1790451833,7tPks6AbTE2Kz4KkxxVYN9sBETMtzSL5Kqj2jbrXpump,OnlyJeans,CWsbPMbpURCwcHsexnhF65m38mkmWksmpMsrXoe9TCEe,pumpswap,1790356123,0.000002545,2845.2,2502,2502,0,5.83,16.71,77380.55,0,0,5,4,11,5,1413,3102,,-0.24,2.55,-99.28,0,1,1,1,,,,,,,,,,,
1790451836,EHQeg6foBFzAi7o5suLQHevpf4uyWzR8Ppi3hfeqxGwQ,NOLAN,6b6NtM9DTwRfaAfdwLJick4xNwA7jkbgGTdSvunFTrZ9,pumpfun,1790355133,0.00001574,,15747.49,15747.49,523.48,3107.48,12193.59,68536.2,1,4,38,22,129,119,781,608,-11.82,5.29,-15.75,-24.17,0,2,1,1,,,,,,,,,,,
1790451837,TXtWMznUZ4SqBp6YhED13ikG3ASesV5Kyz6FcfTpump,7,DQe3c3WnStCFssJ8GeDSzsNLmFgCxk9qA4PRAyfHV2nK,pumpswap,1790358289,0.000002984,2951.05,2873,2873,0,38.45,202.16,1001.97,0,0,0,3,1,8,6,78,,-1.98,10.17,-24.58,0,0,0,1,,,,,,,,,,,
1790451834,9wuK5WMLy2d2yma4hvJRxNBfq6WGv2noaXXReSbSpump,fomo,H9FZNyUgQg6xHHmTUMFK9J8LAVwipEoBhPuLcjrQLvJc,pumpswap,1790357927,0.000002189,2214.58,2179,2179,0,0,0,52.01,0,0,0,0,0,0,1,2,,,,-1.26,0,0,0,1,,,,,,,,,,,
1790451837,cbLTC4T5NpzSUtQ7ekgEMZGaUPVJY1ko6BUikqa4gGf,cbLTC,3LyFfmy4a3k6eZ4jGgATtb6DL5Af9gnFTYQQ3Qd9N4AK,raydium,1790357665,72.50,126222.77,326277,326277,179.91,157233.82,163738.76,774813.51,2,2,755,942,774,1070,5201,5852,,-0.14,-0.21,-0.4,0,0,0,1,CLMM,,,,,,,,,,
1790451835,AzwaixEgjszRfsM8mdjbvR6mAh9kJHrAYRkSJNfmpump,PUMPCAT,J94vh4ynv3FP6dfUQSFxXuhmPGHKk2jiSou7XFgTwCKC,pumpswap,1790357811,0.000002408,2611.85,2375,2375,0,0.83,2.26,102.97,0,0,0,1,4,4,5,10,,0.1,0.91,-6.47,0,1,2,1,,,,,,,,,,,
1790451836,FU5nq9if5tredi4sLSyX2sumwytrz3Xt4BFTa6Q5pump,FLOW,86iyfDVYnE1oPxJ2g37w1LCuFoE7DTo88FyJDZMAa36h,pumpswap,1790359951,0.000002841,2873.23,2712,2712,0,2.49,46.43,1829.69,0,0,2,2,3,9,23,94,,0.52,-1.73,-55.82,0,1,1,1,,,,,,,,,,,
1790451834,9N9tAT19ncQvxtjpQNevrGP3zmWRNrAZZtonTygMpump,ETCH,55qFD26HZ8QT6RxBtnwRWmXKEbX24tmeuJkkiaWJusts,pumpswap,1790359277,0.000007654,6660.3,6673,6673,2.43,803.5,14947.79,259440.86,1,2,14,23,216,246,3036,2744,0.1,22.01,-63.69,-91.95,0,1,1,1,,,,,,,,,,,
1790451832,2EuNVtEvLUZbfwZTaDyyvye1hR47A5a6aUQwPXbQpump,GoWifHat,6pJeq3QNvsH8KVDR6znZZ4ZnjSoo7KWyFdWdynszA43,pumpswap,1790358662,0.000002688,2696.64,2444,2444,0,0,0.26,51.23,0,0,0,0,0,1,4,7,,,-0.02,-3.34,0,1,1,1,,,,,,,,,,,
1790451836,GLiphm9DxdyCDy8fjgP2B1B3R46puVUA6rfKUaYtNVb3,LESTER,DoZH9kPTvdw9cYFHsQK1MF6gyxHSKsuoxATxKJAvUsSc,raydium,1790357822,0.000007022,8095.82,7023,7023,0.53,309.16,1757.25,44635.97,0,1,3,7,31,38,674,535,-0.03,-0.87,-35.85,-81.97,0,0,0,1,CPMM,,,,,,,,,,
1790451835,BTjQvwhLXGaAqZmXwpyNEYRXTzaKxqDNZn5b7bNmr7T3,MuseMaxAI,C6mmpqKHaFNcmBMtBaSntvn5BBRwvsKfbekxbgLFCqAo,pumpswap,1790360352,0.000002143,2156.1,2130,2130,0,0,0,241.37,0,0,0,0,0,0,3,3,,,,-2.08,0,0,0,1,,,,,,,,,,,
1790451836,FzVLxoL3T2GQELH4fGDfgpvJw3ouyk8NUoPnvk81pump,rocky,CZ9J4qx349F7ocu6NgAwTakkz21tuh2g3oBAT31wJxA2,pumpswap,1790367019,0.000002708,2721.69,2520,2520,0,0,3.91,249744.99,0,0,0,0,0,5,3447,2989,,,-0.06,-94.33,0,1,1,1,,,,,,,,,,,
1790451833,79xB7iLghccAWuoab7qXkaDpQggmu6D2zrpKtfXipump,Apu,9qqraQhckPw2ZCwxyD2GjVmbG2pwJBFZGyN31pJwCjEn,pumpswap,1790366852,0.000004153,4187.42,4123,4123,0,0,24.31,692543.5,0,0,0,0,1,1,3354,2657,,,3.12,-93.46,0,1,1,1,,,,,,,,,,,
1790451835,B3ZJ2BzcMxCwz97vL2MWVBtkyhAj5rBdSqTZC8idpump,Orvix,Ccs7eUFnWpYfuMSxegbzjfNxB1uxoXfCzoY8zCfs8yiU,pumpswap,1790367797,0.000002425,2455.08,2334,2334,0,12.73,24.04,116008.9,0,0,1,0,4,1,1488,1710,,0.24,1.99,-95.17,0,1,1,1,,,,,,,,,,,
1790451837,Hv5r1v7d4yTbQMwokrhs2zAMWvebVdzE33vqft8gUXob,Cassie,2ZLs6aCCaKxFskpPP6X8vevaQaLtBHJPbVTG87eteJWV,pumpswap,1790366321,0.000002676,2693.31,2577,2577,0.15,0.15,28.64,172737.29,0,1,0,1,3,7,2440,2190,-0.27,-0.27,0.09,-94.68,0,2,1,1,,,,,,,,,,,
1790451836,FDfxBRSc3MraBGcGmkHgfkvwHTUDMEA2hRV2cRNbpeg,UNPEG,5hd5o7cWeBQWq7SxTKTYbf9N5a9AbAe8jH1xbq31Aedk,meteora,1790364046,0.0002388,47753.58,238808,238808,1911.58,4902.25,72803.53,712607.56,8,2,21,16,330,281,3527,2691,13.32,12.89,-39.06,51.37,0,1,1,1,DYN2,,,,,,,,,,
1790451836,FbvPc772EQ8j2rxNTW4jxC9NSsZDYjTtcVRMqFPqpump,MILK,EznYhmU9tmrkc89x9vXAYWpntn5Y7NdP85cRa989LTsz,pumpswap,1790367215,0.000002636,2626.91,2434,2434,0,0,0.06,105177.3,0,0,0,0,0,1,1195,1274,,,0.68,-94.73,0,1,1,1,,,,,,,,,,,
1790451834,A7cWE5f8UKBEKZdQEtRuraC4vgKkHYuRUdVDSAndDDM,GIGACAT,2xgcbPzXN2ung74sd8ACWF4NCCGQijTFoH5acd1DsTx1,meteoradbc,1790367485,0.00004762,,47621.23,47621.23,0,0,0,16090.67,0,0,0,0,0,0,417,458,,,,185,0,0,0,1,,,,,,,,,,,
1790451835,DTswoWf3H8UVvmFyFtw4J4qk5bxLq2XUN4SAeh3pj8mx,WORLD,6Cu8TVBoLSeVjCecepr3rVY6htBxVpPEbFWb6WY6fdUs,meteoradbc,1790367351,0.00002751,,27518.05,27518.05,0,0,0,2982.37,0,0,0,0,0,0,34,141,,,,73.19,0,0,0,1,,,,,,,,,,,
1790451833,7kUu9AwY1oxYVC8M1ZSy2KAcr8y7eEC2rHQoGvXKDqqA,GIGACAT,4y5HdYYrcfi4RgJFfbZ3zP6mMPhF4JmtLYPrw2PAAVn,meteoradbc,1790367345,0.00004812,,48121.98,48121.98,0,0,0,12317.51,0,0,0,0,0,0,265,336,,,,188,0,0,0,1,,,,,,,,,,,
1790451834,98CVfKawsiAbnTFLNbLkkeasBvmWfVMobcjCMED1pump,ASTR,5RmScKWCkaXr4pmMSfagJobw7qVoyFDWsM6WrbSWM2eX,pumpswap,1790372581,0.000003013,2957.04,2726,2726,0,0,11.15,81748.18,0,0,0,0,1,2,744,871,,,0.26,-94,0,1,1,1,,,,,,,,,,,
1790451832,26JCsJvgj7Yp59cgLzP5p4194S18JgfYN6k5KYTypump,Agents,9zaSYCU817bHttLuojexoeYfVfsgrayA2zcsgvHtzFpS,pumpswap,1790372336,0.000004738,4326.34,4581,4581,0,209.77,2822.16,256822.46,0,0,2,3,22,23,2830,2080,,-10.59,18.55,-90.34,0,1,1,1,,,,,,,,,,,
1790451833,61oRmYaEgdUS2PvLsL1Z8bJz43XLq6zSKrsPbRHFpump,VENOM,CWBp2HsBPsEcUF5BVsjRQb5EaDrBnLkoAW6vyN2xyHKP,pumpfun,1790372634,0.00002431,,24317.42,24317.42,0,0,0,2170.93,0,0,0,0,0,0,30,14,,,,602,0,0,0,1,,,,,,,,,,,
1790451835,DN8mayGGf5VWoNF1Fp5bBT9Pm8HmkrP1AYkJU8Xepump,WOJAK,EHKMNiHWiHU8R25jtYt1z4V4xQv46ierRg95sZwPiVzV,pumpswap,1790372446,0.000002178,2199.72,2165,2165,0,0,0,124527.97,0,0,0,0,0,0,5240,6743,,,,-95.67,0,0,0,1,,,,,,,,,,,
1790451835,CtFc55to2syfMCnihwB2yW7p8DGDz6UCNYdBJkMtpump,CATECOIN,5Rwh3DN6ap9bTud64SPG2CzRu6aaM5Kr8tQRoUsedxg1,pumpswap,1790373758,0.000002405,2458.28,2329,2329,0,0,0.04,204223.34,0,0,0,0,0,1,2353,2257,,,0.03,-95.16,0,1,1,1,,,,,,,,,,,
1790451834,Aamxs1dJieNfP45XubXLVpijQma1nZBj7h33yNb6eon,EON,8J2rxEkMLWs3ydMK4iLytBBopx346ZegMab49K2W5bQV,raydium,1790372272,0.00002637,17764.49,26370,26370,0,167.27,3261.53,132908.94,0,0,0,4,21,40,587,650,,-3.81,29.13,-34.87,0,2,2,1,CPMM,,,,,,,,,,
1790451835,BArKYT7FAEmgvmrGSczAPeyiY5RAbdZgzj2GX7HyR5vw,GIFT,Dtb73EpG1G1Zo83oqtHNBbMW62b8nGLZvmPfZHXUTrAX,raydium,1790373518,0.000002654,5041.78,2654,2654,0,0.37,0.42,418093.17,0,0,0,1,0,4,2360,2375,,-0.16,-0.04,-94.59,0,1,1,1,CPMM,,,,,,,,,,
1790451837,JDeaoNo5thghzg6UZcKi6HFRmZJtmANZ5pC3MMwRBAGS,CHAINLINGS,3nHQ8GtozShWbi9W1afy8ohMN1t39hDjKKWrSjCVS1DR,bags,1790374588,0.00006795,,67952.68,67952.68,0,0,1.18,2.38,0,0,0,0,0,1,1,1,,,-0.36,-0.36,0,0,0,1,,,,,,,,,,,
1790451835,BQ1bHJKp3NVuTBMRhTKnqsneHvGK653Ue2LCbfxuDA3F,Pumpkin,Dpj6M6gzQ8wJ9BVBjtJkLoN3tW5yBfev6CmkAUmyy8ux,meteoradbc,1790374600,0.00006011,,60113.94,60113.94,0,0,0,14003.58,0,0,0,0,0,0,709,732,,,,287,0,0,0,1,,,,,,,,,,,
1790451833,6TvpgZ6XuDzWkxEN2SEecxcQpyUbjyuinPQoanfdkszj,Entry,7nLuivWDPLsbHYjcXMCFhbfcLazoySjzv4v6qExQHezd,meteoradbc,1790374478,0.00004760,,47601.79,47601.79,0,0,0,11348.49,0,0,0,0,0,0,427,512,,,,199,0,0,0,1,,,,,,,,,,,
1790451834,9ZGnJ4erx7RzLKEdNoJjLjyYXkjgXnRcPYvvT3eJpump,TOM,E8mAoUH2BCCHBCvEJXK7JZj22FWbS8u6mXZ71dm1Xiwg,pumpswap,1790373900,0.000002195,2248.75,2190,2190,0,0,0,303140.09,0,0,0,0,0,0,10601,10611,,,,-95.64,0,0,0,1,,,,,,,,,,,
1790451833,7XomEJBtb1EiF4Z8ZVzspCKFW2UuaRkaiq3AJJCFpump,e/cat,Eoakoye4ne6tPp6ou5TZo46qCafPvQpUPpKcqubV38TK,pumpswap,1790386020,0.000003753,3784.73,3707,3707,0,3.66,1178.39,1083741.82,0,0,0,1,10,30,21224,11261,,-0.34,-32.78,-96.31,0,1,1,1,,,,,,,,,,,
1790451836,GT5FKgCGWgDdmwNNAEWdG91qgMZ2UctBYb7TeNYCmoon,OFFWORLD,2pkHkwbC5gwDFwCMob2zb4qDBCEU1wr4fLHokF4VHzmd,pumpswap,1790386781,0.000003039,3029.55,2781,2781,0,0,0,20786.15,0,0,0,0,0,0,46,74,,,,-94.97,0,1,1,1,,,,,,,,,,,
1790451834,9NyBpUhofRBe9VDCLDDEYhPDYBPcEiYfQDaGnUFrjDwt,GROKPOD,Bh8XPiJpZXs8e6XzHY11VcPwyjBZwZg1t1K3SogyNnfa,pumpswap,1790386201,0.00008942,27278.58,84214,84214,678,37665.79,262777.11,1085069.88,11,10,213,210,1821,1597,7289,5812,-0.65,-25.55,-23.28,78.74,0,1,1,1,,,,,,,,,,,
1790451835,B1wx2DwNV3CLBRrzG2Nz4hDmeXg1B3Riu648WDh7paid,BANKS,H9JXyzQmgcGi7FhRmEQ6BEFJyVTaNF3MPWZ6tZvTdw1W,pumpswap,1790387068,0.000007029,5703.67,6759,6759,8.59,55.13,5077.39,282050.26,1,2,2,11,70,77,3105,2436,0.7,-1.59,-21.79,-85.81,0,0,0,1,,,,,,,,,,,
1790451834,9LnufUxbgFwHJu9SmWsZhA5H2u9AFwQjYK5Gwtzepump,BLUEPRINT,EsdSTHtSiebxRStCYYK3zdBJsAK4d5vsCzVtx9a9fATP,pumpswap,1790387044,0.000002162,2183.44,2154,2154,0,0,0,148126.48,0,0,0,0,0,0,3603,5804,,,,-95.74,0,0,0,1,,,,,,,,,,,
1790451833,558hgR89ttJdJUWC7dkgKytyXtmx3bKeVNW1jGkApump,Robinhood,GMs8mDuoiKEL9mdrkGv6SRwbJBznzc2M2bR3YzPNBKRL,pumpswap,1790386373,0.000002185,2240.59,2174,2174,0,0,0,319998.83,0,0,0,0,0,0,6730,9749,,,,-95.68,0,0,0,1,,,,,,,,,,,
1790451838,zpTj1yA68UauZqdz5276qrpTV7ALkeoLp9LLa7Bpump,DDOS,EuDAiu3ZeWQ6tZomufzVeK7TsLnmyDra3VrU4syhpgHh,pumpswap,1790387138,0.000005186,4952.78,5060,5060,0,312.33,1257.34,1078514.37,0,0,3,2,12,56,7912,6834,,4.32,-26.94,-89.52,0,0,1,1,,,,,,,,,,,
1790451836,FHZjVnetL5QyenPh8x9Z8k8zik1BinnbuYhpu2s7vDJD,E/CAT,FboJRB4jgqUrXZcMGMLcpnEs7eGUwNyMCAY5S5o23Ma1,pumpswap,1790387937,0.00004778,19778.68,46498,46498,4546.8,41978.64,114937.78,1407799.5,40,17,318,187,1003,748,11778,9092,5.92,61.69,-31.2,2.03,0,0,1,1,,,,,,,,,,,
1790451834,AEUbt2MMUQZvrwnn4kSPfGXRZC4BBY1Az2hqPj7Fpump,Theranos,FqhJKXK46i1wGKCS86XBMNDr9yy4Ko57YcjtdseVynk1,pumpswap,1790386100,0.00002421,13062.9,23910,23910,426.49,9324.49,52070.72,1256225.93,2,7,49,61,500,424,8420,8064,-7.78,6.15,59.71,-50.96,0,1,1,1,,,,,,,,,,,
1790451836,EySAZqTACaRmQHSJkUXc9wdZXybsZKht38fxvdePpump,sittingdog,865DXa82PJqgbKMQLuTHtbdTEiNdd6nY37PbfVx1nRts,pumpswap,1790389095,0.000002953,2901.19,2514,2514,0,0,83.36,96969.35,0,0,0,0,2,3,892,674,,,-0.13,-93.96,0,0,0,1,,,,,,,,,,,
1790451836,FrqT2n33PQY1JxUMUWFVTbG8LUFA7yKzKnnrNctcpump,AMERICA,FvnCWX4ekN4tg7X29du6RLVFcab2TBmiPkGiHbwUH3NW,pumpswap,1790388879,0.000002199,2219,2199,2199,0,0,0,103598.32,0,0,0,0,0,0,3356,5435,,,,-95.67,0,0,0,1,,,,,,,,,,,
1790451835,DMNtou2ANqxevM4UngRzTdxVrRgfR1ZLzJyCT5sCpump,PCAT,Nan2eHQcJUjoqapEbLjvv25MaAApdyjjZVpgD2tqS1z,pumpswap,1790388495,0.000002387,2588.52,2355,2355,0,0,0.07,873580.48,0,0,0,0,0,2,6904,5690,,,1.03,-97.24,0,1,1,1,,,,,,,,,,,
1790451836,FBqoqLotXBypGPJ3ccCV27pUb9tjhMzFM4dTDyqeRmua,MEMELORD,9rUxoWTU5pjVn3kAezsyhJVhuVwM1LGEetxmQY75TZoc,pumpswap,1790388498,0.000006620,5466.18,6216,6216,0,1371.83,15831.11,377345.52,0,0,24,18,143,168,3313,2993,,-5.51,-55.82,-86.56,0,1,1,1,,,,,,,,,,,
1790451834,8V1JHHQbfBPVTr255VNwADJ4outZZwwAaCkDZoVRpump,a/aut,C6kGMAd6pZqPKD4z9EjPLgvjqW32yXgmhxEwUhVrTXtx,pumpswap,1790393714,0.000002690,2800,2613,2613,0,0,0,509634.7,0,0,0,0,0,0,3010,2572,,,,-94.64,0,0,1,1,,1790451908,0,0,0,0,0,0,1698,1515,100.0
1790451833,6E1ey7oZ8uVEKwC9ByQp8d5WfatRfmNuXFWHYBn6pump,DONATE,BvW6xjXg7fcCCG3NuqCs5rN6ZyMWJqZXTbBuqLJ72sV8,pumpswap,1790393780,0.000003813,3648.27,3714,3714,0,0,129.35,217502.02,0,0,0,0,1,5,1593,1437,,,-6.38,-92.07,0,1,1,1,,,,,,,,,,,
1790451833,4AL1nAp9gnHygZVpjcWLaPFgLPcqDXAyKuRH25Bzpump,XMONEY,HMhM4ZEkep5vsenFzonrLsjPgW7R4hUFnajkMZW9ysmR,pumpswap,1790392857,0.000002420,2563.47,2373,2373,0,0,52.04,525064.04,0,0,0,0,0,3,8544,5626,,,-3.43,-97.23,0,1,1,1,,,,,,,,,,,
1790451836,G4PZQ4tTMjeNQfrSyMUMXN919NTeKA8hXUEzjRmr9btr,PIGGYBANK,BjdtEjiPvvcWyBGE2RhHyTkF9qgPnGDZVBhkmvyWoiMM,raydium,1790136127,0.0004885,70487.68,488593,488593,2367.79,11959.15,93795.39,434464.72,4,3,53,34,421,327,2771,1494,0.52,0.52,18.03,6.49,0,2,1,1,CPMM,,,,,,,,,,
1790451834,ABNbjwfaiDLfomrLH21RzscZ8rnNkrDEHKfSC9vY7XZ6,MEME,DLkg3Ma5QFnKaxdP7APtNfhCca44jG7t9jMN4rLGTDWr,pumpswap,1790394423,0.00001155,8368.64,11291,11291,385.42,3356.86,15166.78,972089.41,5,2,38,30,150,196,7494,6611,10.45,-12.9,-27.77,-76.95,0,0,0,1,,,,,,,,,,,
1790451835,B6kHfRdRWUPDzmsoZ9qkFkGsJK5bCU7mFdTnpLRGpump,AMERICA,A4txXxaTDqq46pEdyVcifGrXnsSYeUvdPmUZgP9a6os9,pumpswap,1790393745,0.000002225,2251.69,2213,2213,0,33.02,33.02,182526.9,0,0,1,0,1,0,5443,7491,,2.11,2.11,-95.57,0,0,0,1,,,,,,,,,,,
1790451835,DQTfuVTgCsv6oL414GoGTfotBXuRRsQW4vxpM2R1pump,CCNPC,BqwJmQZ6dkAo9VEdcXxCdLXKw2gfJ6wLLEhuqRPgKikL,pumpswap,1790393896,0.000003498,4203.7,3398,3398,0,0,46.56,3720483.57,0,0,0,3,2,29,10436,9693,,-0.34,-1.72,-93,0,1,1,1,,,,,,,,,,,
1790451833,7qD9PqwCYmUQmgeLfNSaNjz5KZ2Nea6Y6Hfghp2rpump,fomo,BM9HBiaa2rPpc3reVGhNgjiAhzEDvBpZw6spcFEHPvh4,pumpfun,1790393923,0.00004969,,49691.85,49691.85,0,0,0,10280.54,0,0,0,0,0,0,6,0,,,,1365,0,0,0,1,,,,,,,,,,,
1790451837,Xr7w8DFxf53RBC2fBGa4vUgjVDXBtsNUvpjZsFRuADn,JESSE,Gg21feWi4ZXpwLyNfWgjuff6oFPzT7jkcm6DPkZNuigf,pumpswap,1790394196,0.000005526,4853.05,5374,5374,0,6.38,1700.74,313097.08,0,0,1,1,12,22,2371,2572,,-0.35,-11.18,-88.72,0,0,0,1,,,,,,,,,,,
1790451836,EFv1JzU84iHk8j6EkdBmd9ACgoV77GUhh2xJqNdFpump,MEMECARDS,3kSeomZ3FTSnqNEgWyMpzFHWcVMR4Y6n8nSh5vKc6cV1,pumpswap,1790404649,0.000004246,4168.65,4094,4094,0,40.79,1094.23,510725.47,0,0,1,2,27,71,3918,12101,,2.28,-19.46,-92.78,100,1,1,1,,1790451908,,,,,,,,,100.0
1790451832,3Ugvzc5xPZsFjgyQHKh7Pj5MMvUnPG2gpYdvQTk8pump,MUSKPEPE,DvybRFbL1Azp2S6c72vaR9m69F8KzFXFKbzz6TMGMiYE,pumpfun,1790401266,0.00004950,,49502.84,49502.84,0,0,0,10241.44,0,0,0,0,0,0,6,0,,,,1365,0,1,1,1,,1790451908,0,0,0,0,0,0,6,0,
1790451832,36j719PhVNA9Pf27UnWs9y77iHVN9Q9c9LmPGz6V97h4,CCRU,YYR1bqVWRzQbWBVso4fKxnR1kHDQiM9i7WeUpDnYQLP,pumpswap,1790398981,0.000002661,2637.54,2565,2565,9.56,9.56,11.51,29005.1,0,1,0,1,0,2,151,192,-1.19,-1.19,-1.67,-94.65,0,2,1,1,,1790451908,0,1,0,1,0,2,114,162,100.0
1790451835,DGQeai3pAeWPjbPsgnhYyZ2dfNah96J1CEjVn4nF5AWV,YAP,AbvLk7D7qTQoNb6BVZ9cBHjgzKMkYQHiCKBDWxJP6MyQ,meteoradbc,1790401375,0.00003489,,34896.18,34896.18,0,0,0,5591.47,0,0,0,0,0,0,119,156,,,,144,0,0,0,1,,1790451908,0,0,0,0,0,0,110,138,
1790451833,75PXpcdFJbEK2k13GzyJmZU8aUFiekobQEZdhZeb71kB,QUOTE,3YE2onNViQDPsTYjCt7TjNe19eUaK5chpcGAVezA8rRf,meteoradbc,1790401354,0.0001212,,121259.82,121259.82,0,0,0,11834.57,0,0,0,0,0,0,321,352,,,,50.89,0,0,0,1,,1790451908,0,0,0,0,0,0,162,126,
1790451835,BG3aDfHDs1qi2Rqk8tGrNXcTXdA65M6sb6hc3eHgmV4e,Walter,ArS2WkWYA2AcGRAUTq1LccCReFiyE6pWf7zhdYttkJ76,pumpswap,1790401622,0.000004427,4016.75,3249,3249,0,0,17.61,43922.63,0,0,0,0,2,5,465,656,,,-0.12,-91.12,0,0,0,1,,1790451908,0,0,0,0,2,5,294,458,
1790451837,Hduq7qPdheYwLu4nKBjwTciHXLm428PJM25b9fSQZZre,KIDBUU,5CBU88XnyXefChroaywP2aTYJD7wF3ZAMat55fSckUYg,meteoradbc,1790401333,0.00005897,,58978.91,58978.91,0,0,0,7456.63,0,0,0,0,0,0,150,201,,,,220,0,0,0,1,,1790451908,0,0,0,0,0,0,99,116,
1790451837,HoXm1HcgnVxdbyWD8ic54DkmLqww4qmtF7WNH5Ezpump,STARBUCKS,3PRCtDVppgf2cj1fNukWBQujLyvzip6h8H1JK1cngx7A,pumpswap,1790400994,0.000002229,2326.89,2217,2217,0,0,0.13,483797.46,0,0,0,0,0,1,9586,11748,,,0.05,-95.54,0,0,0,1,,1790451908,0,0,0,0,0,1,2992,3156,100.0
1790451835,B3oVHCtXZjr8E4Ec1PHmBDRRpQqRBgGBiLGYvqwMpump,NFL,9SUjK2Le28TxSm2YG2zarLJSz4TDrWRy6CYo6ACEd7Mz,pumpswap,1790399197,0.000002152,2184.65,2140,2140,0,0,0,182988.48,0,0,0,0,0,0,24416,23634,,,,-95.7,0,0,0,1,,1790451908,0,0,0,0,0,0,2415,1469,100.0
1790451836,H6bdwt34zKNGmhUNa8xkEQWMVR4nj5Ncw13RCbH7moNr,ANTIFUND,ECUqb3RgHWhEaBe3UeUgVRw8vRnWdNnvbVimTpE5aQ1u,pumpswap,1790390123,0.000005035,4861.6,4898,4898,0,94.75,1805.74,1222809.57,0,0,7,4,43,54,7385,7236,,-4.64,-42.51,-89.18,0,0,0,1,,1790451908,0,0,5,4,28,47,2171,2113,100.0
1790451832,3pVv9iav75CfaVb2YFLtX1ijYDXSEPLmweWxUYp8q8nG,STEVEWILLDOIT,6VjSkPCGpTE5RYXgJv5Hs5FD9c2Lk9B9QHSaVjw8kqbE,pumpswap,1790389345,0.00004995,21774.93,48962,48962,777.89,12965.95,75863.53,3581716.99,10,12,98,134,695,783,25572,21612,4.08,-14.84,-0.56,2.83,0,1,1,1,,1790451908,8,10,65,76,377,422,7510,6827,100.0
1790451832,3vz2nmiCkwoiMF97k2oyKEJTPab6dvuqvD1f7PfUgkAL,CATDOG,GMU1ZVUNQWaQbWyNJgL8GP4wPGbWsmRUTHaxPPgU3rGC,raydium,1790399896,0.00001154,10173.41,11547,11547,4.96,2966.51,7681.2,176088.56,1,0,43,30,116,172,1985,1611,0.19,20.73,-47.76,-76.23,0,1,1,1,CPMM,1790451908,1,1,29,22,72,110,863,800,100.0
1790451832,3G8t77KrT6quRUyAoaYUcNWHDnJZ1iB9MWUkf8MGpump,Elon Mask,ANQMpRgBD66bxBN8ufDrkkjQKWr5D42mCjfvPJ4jVbMK,pumpswap,1790407289,0.000002298,2636.7,2222,2222,0,0.07,45.24,1046194.6,0,0,0,2,1,14,4480,4494,,-15.6,-16.76,-95.41,0,1,1,1,,1790451908,0,0,0,1,1,11,1907,1963,100.0
1790451835,B27WTNiDZ2wxm1re1vhRckt7F7mXjwLV55igcwYzpump,nst,2AUyQYuV6QMMAC6XGjEmwdXuVrwp77TVcKb2SZiSpTWk,pumpfun,1790408546,0.00002728,,27282.26,27282.26,0,0,0,731.69,0,0,0,0,0,0,36,23,,,,706,0,0,0,1,,1790451908,0,0,0,0,0,0,8,7,
1790451836,GDzirCi6Q6xNCAxiunpNNrr3zuBjB6x4AkWzKhUUVEH1,Tetsuoai,49wN7i7Z3uEzub35XVwcHtf7CD79Si9YgZJUX8che2ei,meteoradbc,1790408485,0.00004602,,46025.41,46025.41,0,0,0,8702.67,0,0,0,0,0,0,115,113,,,,177,0,0,0,1,,1790451908,0,0,0,0,0,0,104,88,100.0
1790451833,5SByDU6ZnoWTYNK1GUWB3VDBbLTGV4rNVqcJXK5H22Zn,‮TOOL,8KSVnrAZmavgs3iXAM3z7r5E5L6Fmhi9dUtWcRXTsjBG,meteoradbc,1790408507,0.00006019,,60197.62,60197.62,0,0,0,1634.12,0,0,0,0,0,0,104,53,,,,17.42,0,0,0,1,,1790451908,0,0,0,0,0,0,3,1,
1790451833,6Rr4YronFAxCKC8aZW4ri7eZyYsuZnUfgfDv8T7TAMNE,OUROCHAT,1FxM3dViLS1JiNyVB3V5Ut4jBvFSCA1HduBGDzEr9Af,meteoradbc,1790408367,0.00004692,,46920.78,46920.78,0,0,0,15871.2,0,0,0,0,0,0,456,497,,,,237,0,0,0,1,,1790451908,0,0,0,0,0,0,188,190,
1790451835,CjiEVKRURpNaCpxpGmy9WatX8Rfi3EjCj9sAbC2EBAGS,BUTTPHIL,4aS56LdrQH43QWSQuP8VnPQ7UXpyS94Ya6uvQuG43Stx,bags,1790408448,0.00006779,,67795.87,67795.87,0,0,1.18,2.36,0,0,0,0,0,1,1,1,,,0.39,0.39,0,0,0,1,,1790451908,0,0,0,0,0,1,1,1,
1790451837,HPLnhEZJvXko9DV4tqWNHXbLVdpbz1YbvYZ3hicuxRVT,Hopeful,2eZfksUw1LWqNLmQKVoambftJLnQKj9o2GB1wfggif9P,meteoradbc,1790408494,0.00006001,,60018.79,60018.79,0,0,0,4782.75,0,0,0,0,0,0,143,139,,,,296,0,0,0,1,,1790451908,0,0,0,0,0,0,118,108,
1790451836,EP3gd3bypwS2je4B5n62WvCs2kkFf3nXDu1PWvd8FbMa,XDC,HQVEBGSRi7WLMcW7cKqh8fbQh1EWMMeRjv1rFak3tohY,fluxbeam,1790408552,0.001507,1491941.96,1507255,1507255,0,0,0,10698.72,0,0,0,0,0,0,300,0,,,,900,0,0,0,1,,1790451908,0,0,0,0,0,0,20,0,0.0
1790451837,HBDCdfDAYAi124A5ssqi4KN17Bgs15SBUrCoa1e2pump,BUTTPHIL,CoD8kT5ZFnTrAEhVvhfb8VwS3YUMydimi3dC2M3KwsBR,pumpfun,1790408200,0.00004949,,49498.73,49498.73,0,0,0,10240.59,0,0,0,0,0,0,8,0,,,,1368,0,1,1,1,,1790451908,0,0,0,0,0,0,8,0,
1790451833,5wW9mhbwq1HTFh341iimpmrqBB4mfxdXiYhdYBL7hUnp,KARDASHEV,3QaH1ifhQgUXHQdX3DHi9oMrWzTQfKLcomoCyeRRLMh6,pumpswap,1790407564,0.001328,124077.33,1308242,1308242,108482.5,231862.72,1122622.04,8653719.25,384,407,968,948,5040,4768,46385,39422,27.72,72.87,-6.12,2617,0,1,1,1,,1790451908,300,235,587,527,1917,2027,11177,9488,100.0
1790451836,GYyB82frdo92L6dLkwynMHy4htcM4U3PXVYG2Uk6pump,Gemi,324gMwpyBqg2jNYdDMxcNbD15pX8GoKkVCU4LyCSKeAQ,pumpswap,1790407495,0.000002865,3333.33,2797,2797,0,0,3.84,1579725.25,0,0,0,0,0,6,11583,7750,,,0.2,-94.28,0,0,0,1,,1790451908,0,0,0,0,0,6,697,696,100.0
1790451833,79FCJqG2DrYzH2G3eCQedRoWRbjri7MSgMkyGeZ7cLrm,TETSUOAI,6k4pXniPnwjnzfuhubkJeLatyysr8oJc6B5o1kUHjmmY,pumpswap,1790408251,0.00003432,15428.38,33447,33447,151.56,2234.39,31761.29,425706.91,0,2,9,22,259,289,3500,3267,-4.27,-11.48,-9.04,-29.64,0,0,0,1,,1790451908,0,2,9,22,137,170,1449,1326,100.0
1790451833,5UXcjspn6pxPqjkj4tqPwgzDju4W59LXzGJNBcKtpump,Windows,Dt6YHLCAHGB2jn7NwSCJ3TzgMHFYZPBnKHBuK4CMk4LG,pumpswap,1790406194,0.000002384,2401.2,2371,2371,0,0,2.19,218345.82,0,0,0,0,0,2,23601,22709,,,-0.56,-95.23,0,0,0,1,,1790451908,0,0,0,0,0,2,2437,2181,100.0
1790451836,GPyM1ohx7tnN7CbTshXfW1m8mHRPtHKNxjW1988nquyn,ELIZA,DuT5bJns6BpRFAanPhTv1mAS4te5vLtWkuq1NrPpr5Gb,pumpswap,1790417940,0.000002609,2610.13,2504,2504,0,0,64.37,92848.32,0,0,0,0,7,16,1512,1322,,,,-94.74,0,1,1,1,,1790451896,0,0,0,0,2,7,1209,928,100.0
1790451834,8JoJT3v6DftAyPyNvcQMAaDBQnbU3NxbRkatihBXpump,Jeanjak,AiyzqgEN2z7mZbVdW4a5RUBgQegjjXs2HshkG87LoV5w,pumpswap,1790417168,0.000002806,3067.43,2742,2742,0,70.94,142.81,991565.73,0,0,0,3,4,21,3000,3061,,-5.48,-8.58,-94.37,0,1,1,1,,1790451896,0,0,0,3,2,17,1147,1142,100.0
1790451836,GKaWJkSUgraALkF5GaCNpomH9ed3Vz6xnKR62WFkpump,T/ACC,iZCdZPhN6bxeZ5JuMTyzXa5me6ZEkCmZgStnYhcFpm8,pumpswap,1790431766,0.000006969,5580.23,6659,6659,0,429,41497.28,41497.28,0,0,8,6,380,592,380,592,,-6.86,-85.73,-85.73,0,1,1,1,,1790451896,0,0,5,6,222,361,222,361,100.0
1790451837,VFjAfiVh1p8xFkLpNnfqHrZQBDwtmNizS8cThcqpump,FUND,AY4K2Ev9v3jmueiv9zPBTLAR7GBpNVFGiiLEU9QN9ApW,pumpswap,1790418649,0.000003185,3083.06,2831,2831,0,0,38.16,30414.44,0,0,0,0,1,13,353,565,,,0.62,-93.47,0,1,1,1,,1790451896,0,0,0,0,1,27,180,288,100.0
1790451835,BmP71ELowgA534tLn6EWfivamA4f4mcv85LPmEGPNPAY,PAY,7HvEziZejHNGPDx4AMMyxDdEQUa4mWDwKDFCDDG7aGkJ,pumpswap,1790417225,0.000004551,4377.29,4465,4465,0,238.47,4410.62,885878.3,0,0,6,13,51,160,9667,7524,,-3.13,-62.02,-90.66,0,1,1,1,,1790451896,0,0,4,13,29,140,2916,2815,
1790451832,2nJpGnrkX6pDPstr4JELcWnGsjiN57vajfR89iZkpump,MUNKIEAI,ENCjfNPwv94kmzc483qmA6GQwMDrQrCbhpSknGgWD9Zt,pumpswap,1790414827,0.0008306,90152.45,822255,822255,7124.66,17721.32,301388.66,3568124.2,78,35,1017,370,6491,2451,12406,5297,-25.91,-5.35,97.72,1566,0,1,0,1,,1790451896,77,1,824,268,2248,1525,3151,2445,100.0
1790451837,Hi9TFJLXmuDYnqA8npMgFWAZXx7FfyxADNkoAAZNpump,$KASH,4uKYQe34uq4eyNNrhJMCMNrPNnnvFy8qhACLzQU55LDR,pumpswap,1790411496,0.00005580,19716.61,53791,53791,0,0,34.74,17815.81,0,0,0,0,1,5,74,76,,,-0.04,12.21,0,0,0,1,,1790451896,0,0,0,0,1,5,63,70,100.0
1790451838,uNJqEVuqQDN1JEi32X6KG7gUHopUzfmEgsbFzvppump,₽,F44dJ63bSVSxKtRL1aQbo4pDFwDhv2EhuSoHHKw71XzG,pumpswap,1790417839,0.000002620,2728,2606,2606,0,0,0,419967.06,0,0,0,0,0,0,609,407,,,,-95.56,0,0,0,1,,1790451896,0,0,0,0,0,0,311,199,100.0
1790451833,4qNTAtUBe9Tp3wHHfRqQsTkrq4zgsmESDThsFUXa9eP1,ELIZA,4dfdAt9cNovQKVKVGwjK85ZmG711fhUsJyhZGy46uBS8,meteoradbc,1790417872,0.0001128,,112885.87,112885.87,0,0,0,5658.88,0,0,0,0,0,0,95,122,,,,744,0,0,0,1,,1790451896,0,0,0,0,0,0,87,83,
1790451834,82w6YGQD7cb7SypvkoQrRTHG3qNzmVTNUcZ6njNRpump,AROS,72KncRNeokKeEKjW3zyNML6926otSBM8bdNoRMzCoLcf,pumpswap,1790417876,0.3866,1814984.54,386672187,386672187,2397.68,34207.14,220122.37,1062312.17,152,15,1851,253,12453,1667,19882,2615,-0.22,3.32,29.84,773427,0,0,0,1,,1790451908,98,16,794,110,2710,120,2743,143,100.0
1790451835,CQ1v3S8nCbEqHtamChaF7gjExawo5TwgHXDL4rkgpump,fomoapple,3zDD16VLaPj38oQYJkPifzV2GjiGAhwkBKruQCX4bY3E,pumpswap,1790417899,0.000002793,2785.1,2314,2314,0,0,5.21,98379.93,0,0,0,0,1,5,549,691,,,-10.54,-94.4,0,0,0,1,,1790451908,0,0,0,0,1,5,378,405,
1790451836,EcwFm5TJ3zuBXnsT6DngXMAMfsfELhwGc9JFgeVWpump,woj/acc,5Y7KYB9bqERsy1L4F6qRJPECzuR8zyRWz9e9tVNPGGV8,pumpfun,1790417252,0.00004936,,49363.14,49363.14,0,0,0,10212.54,0,0,0,0,0,0,8,0,,,,1368,0,0,0,1,,1790451908,0,0,0,0,0,0,7,0,
1790451832,2ECCuDqFRmATbdxFgk7AyafCswgnd8mcGXagKVhvpump,Rockstar,7XffnUpEaHnbVkXGg3fn7HThxvXVpeBhqL1yZhsZZwD3,pumpswap,1790417768,0.000002206,2234.33,2169,2169,0,0,0.21,43414.5,0,0,0,0,0,1,2131,371,,,0.42,-95.59,0,0,0,1,,1790451908,0,0,0,0,0,1,2050,348,100.0
1790451832,231eFPGosPmSiEMsYxQNVhAAWj3B1DvGtfwaj9ztidea,STARTUP,5KD6fvmig4bfbeL6soS35eAZN9tqXjXZ6Y46zAAfpy7Y,pumpswap,1790432432,0.000005188,4820.93,5033,5033,0.05,84.65,760675.3,760675.3,0,1,8,16,7695,6617,7695,6617,-1.08,-0.47,-89.57,-89.57,0,1,1,1,,1790451896,0,1,7,15,2925,2759,2925,2759,100.0
1790451833,6hzyHMwR1S2wAbPfDjTcQtM5fTq4XZBWFTRSdTsvZ2DH,tinycat,4TcaXZVY5o6DE31v9GBgw9qneFg1Ud7nRsJUF1kRPyaQ,pumpswap,1790429062,0.00001924,10997.99,18754,18754,153.21,10782.38,233600.73,453404.61,1,5,123,122,3131,2373,5475,3899,0.75,-17.73,-79.62,-61.35,0,1,2,1,,1790451896,0,5,60,65,1050,1181,1909,1779,100.0
1790451834,92hjfSi5HrUgUpPWvgKtVrz2MQn2zJrAPQSRzdjmpump,>_,3Tr5pyx3r6EmWyB3N78Y2vnv18QxqYWqR2S42mGPPheM,pumpswap,1790427742,0.000004839,4488.14,4631,4631,0,860.72,161191.16,465456.98,0,0,3,20,1478,1434,3968,3381,,-35.02,-96.72,-90.12,0,2,0,1,,1790451896,0,0,3,20,553,754,1497,1430,100.0
1790451835,CgqM4NtkPU8xuHytmZzPYSsY4zYkWYdjfFVjv6f4BJvg,BOREDELON,Fzf5AkfjvEUPfvVwGnQbXJNcj39FdX5Up1CqeELGWqi1,meteoradbc,1790430108,0.00005897,,58979.44,58979.44,0,0,0,4727.82,0,0,0,0,0,0,134,174,,,,30.51,0,0,0,1,,1790451896,0,0,0,0,123,108,123,108,
1790451837,HngWDj8GtF5VwMxLKJWRXw4UpC3Uk2n3xXXNe4JuEHdK,bPay,FjDZaQ95qb5LVbnbqiHjWbaAiG2nFLExNCnyx5fNBxRY,meteoradbc,1790430183,0.00006013,,60131.23,60131.23,0,0,11555.88,16964.32,0,0,0,0,458,597,625,819,,,16.12,32.86,0,0,0,1,,1790451896,0,0,0,0,208,196,208,196,
1790451833,6VMTDo5TyNZ7reerj2uDpDmX7mbVopysG9n19GZZCEnj,Jonesy,28NAJuVX7jwmPUa8nvsh4d6TTvJJ8VKdxcgnwTFk9ewp,pumpswap,1790430076,0.000004025,3793.88,3725,3725,0,0,68448.76,318566.86,0,0,0,0,855,971,2992,3083,,,-87.6,-92.01,0,0,0,1,,1790451896,0,0,0,0,311,612,1350,1340,100.0
1790451835,DnNXcqYRLN8F5UfBvw3XW976jSS627bzb63phkwPpump,BBC,DdCXFb3yNBtsPXii6ULb8vuqYodLuUAALeB2yikfpV3r,pumpswap,1790427567,0.000002208,2246.79,2199,2199,0,0,145860.76,229088.67,0,0,0,0,19870,21117,33892,33368,,,-99.86,-95.61,0,0,0,1,,1790451896,0,0,0,0,520,2222,2560,2340,100.0
1790451835,DBFcomeF97mTgRoKvHj2YtdFdvFcrLP4pFTBEPpKpump,LILVADER,6BSARLZhc1YEhCfdwwudDsMXK3TMMcWCEAK74TPrmAHy,pumpswap,1790381508,0.00009882,27069.14,94224,94224,1181.24,8570.63,60794.24,141094.79,6,2,48,47,563,402,1450,1185,-6.46,-13.48,136,99.86,0,3,0,1,,1790451896,7,1,39,34,280,222,623,549,100.0
1790451836,FPVy8zJvHsf3ZdLoNokQVzYLrkcoQ6LMTZ7riJNWpump,s/acc,FfjGMDK2X5mzcCVGh8bizkPfxbeJx26p5StCz1T6DNV6,pumpswap,1790434964,0.000007407,5826.78,6841,6841,8.96,414.3,71974.63,71974.63,0,2,7,11,1140,1104,1140,1104,-0.54,-6.14,-84.78,-84.78,500,0,1,1,,1790451896,0,2,6,11,589,729,589,729,100.0
1790451838,qjjgxM2z3B6oNTvUzYJA7bsUVyG69C5jKc57v4SaMYT,e/acc,2UCdcyGrFpzjbT7xS4AjPEoUUNhQq7a8Tpvnh8PnBaAH,meteoradbc,1790432170,0.00006042,,60421.9,60421.9,0,0,16683.84,16683.84,0,0,0,0,566,731,566,731,,,32.94,32.94,0,0,0,1,,1790451896,0,0,0,0,194,183,194,183,
1790451836,GsJh3U3DP8D5w8chmBdD7KKxztjWB77qLWCXRDyQAkmo,DEBT,GXLnLvEuAZZc2RyWiqPwFYyXVrMGxuzk7hS79RHYryht,meteoradbc,1790432278,0.00006012,,60127.19,60127.19,0,0,10723.16,10723.16,0,0,0,0,346,389,346,389,,,32.65,32.65,0,0,0,1,,1790451896,0,0,0,0,186,188,186,188,
1790451838,jYzqoJtjsQ8VsRWssECjDbrtLZ2y7T65PeEyseMpump,Robin hood,368gGWD5pf3fcFhxnyMK2LjdxMb7m8Ht8NNZhCjJzfuM,pumpswap,1790430184,0.000002187,2233.44,2170,2170,0,0,227588.41,252607.3,0,0,0,0,25483,21278,25957,21622,,,-99.16,-95.64,0,0,0,1,,1790451896,0,0,0,0,386,2563,386,2563,100.0
1790451833,74fZWu5jcHUpGL6ooZhPJRoidpMRwPGwYNdrVoW9pump,Meta,86bMSdWWos2uvoTS5EemE7wBygL2M1WMEWBv5ZrRdDih,pumpswap,1790431824,0.000002187,2207.25,2187,2187,0,0,100826,100826,0,0,0,0,6328,7825,6328,7825,,,-95.64,-95.64,0,0,0,1,,1790451896,0,0,0,0,2445,2125,2445,2125,100.0
1790451835,Avk25UtvVCimfCh5dn7pBAvo39GDqLUoYZg78L6pump,PAIDHOUSE,EQSZN8RfTGNwQ7c4LLn1xqPGo1UrT6QiB42vLiSTDoRK,pumpswap,1790431758,0.000002549,2761.01,2497,2497,3.26,3.26,787972.89,787972.89,0,1,0,1,5341,3964,5341,3964,-0.42,-0.42,-96.94,-96.94,30,1,1,1,,1790451896,0,0,0,1,3061,3033,3061,3033,100.0
1790451832,2TM7VbMsyRsNpvbTuSyYg1m529b1g1WujbjVnBYppump,Google,6RDM7aPEya1YqNofPESzyevemp5Czr7mkz4Jgjo5X2Bg,pumpswap,1790429264,0.000002164,2196.75,2154,2154,0,0,144331.63,171317.37,0,0,0,0,17929,18820,22331,21447,,,-99.6,-95.68,0,0,0,1,,1790451896,0,0,0,0,405,2138,2436,2243,100.0
1790451835,Cu1pUSrEMSg37eJPc9h6REn8vS5PitmkJCXaQt4zwoAJ,NPM,DsYmomDbJ1dBLxTXZ27T5UTsjPNUqbnikSLMdRT76kEG,pumpswap,1790433401,0.000008231,6254.3,7581,7581,0,421.07,71475.63,71475.63,0,0,0,17,587,640,587,640,,-17.44,-83.15,-83.15,0,1,1,1,,1790451896,0,0,0,17,364,416,364,416,100.0
1790451838,p6zDRmZU1iwe5bhEv7gCfp7bRZeqhyHvp3HfUVSpump,ZVM,Zmvh28SnH784Kgjg7kqcU44J8YwQ46UJt8YYeC3dF9f,pumpswap,1790433807,0.000003715,3564.34,3006,3006,0,0,157523.74,157523.74,0,0,0,0,1034,1229,1034,1229,,,-92.55,-92.55,0,1,1,1,,1790451896,0,0,0,0,528,585,528,585,100.0
1790451833,7R91hXAJiDGgGwFN7Nhu8roEdMmA6u29fsvucwEvpump,e/LGBT,7mFxLo1KJ182wwLQX5jyogau7E2dL1T2S44Yv55v92t2,pumpfun,1790433591,0.00004967,,49675.41,49675.41,0,0,10277.14,10277.14,0,0,0,0,6,0,6,0,,,1360,1360,0,1,1,1,,1790451896,0,0,0,0,6,0,6,0,
1790451833,5mKz8MdcxsVwSAASRMM8qUKryknSVMNmRL4T5Zvm4hZA,CHILLHOUSE,Fbi2vgJgCEPezCD6NMtJZBbAiNVdUcQ974RwyQiiQQjv,pumpswap,1790433154,0.0001509,35932.41,144978,144978,3933.34,36635.64,1113616.99,1113616.99,30,43,264,290,9935,7584,9935,7584,26.52,20.29,204,204,0,1,1,1,,1790451896,22,37,156,168,3222,2831,3222,2831,100.0
1790451834,9p1mjutXmGgb3X7XZWBVHreMPWRzFG5odELTG7dapump,d/acc,5d8GdFhCo52gNVyJmgZTDNaVeusLfovfdQR4RPdNRiAB,pumpswap,1790432738,0.000002329,2429.84,2299,2299,0,0,409979.95,409979.95,0,0,0,0,6292,4970,6292,4970,,,-97.71,-97.71,0,1,1,1,,1790451896,0,0,0,0,4563,4563,4563,4563,100.0
1790451833,4gXs7qf5dEqFCY2zfyTRBzr8w7CEq8JDs8KABGmgpump,REFLECTOR,DKPkCmYVsVWjoeHVTD4De3enG82khgK2trVSg1ZbxYbH,pumpswap,1790395034,0.000006130,5106.6,5784,5784,0,0,18839.06,40442.77,0,0,0,0,182,230,335,422,,,-87.36,-87.68,0,1,1,1,,1790451883,0,0,0,0,32,62,136,177,100.0
1790451832,3WcZUVcto1FUE9Q14BxMU1Z5F3Kye6xrSeTFLbRGpump,QUACC,nrdaBDZ9jMW7BWYVbgh5bP7CJKmyLkshACKTpjFEG81,pumpswap,1790433380,0.0004045,60686.95,400372,400372,9375.06,180147.3,1837087.01,1837087.01,994,84,8537,1556,45600,10157,45600,10157,-0.28,-10.35,503,503,500,1,1,1,,1790451883,443,31,1982,732,9850,3112,9850,3112,100.0
1790451836,FfKYgnKnfPpshYsgZ14FHJr5cB3B2ys9tVvDkdNT7WYr,𝕏/ACC,AUZtEW2w9LhgzA4BdULjY2k6E5qTASwRyzZjrnBAQuVU,pumpswap,1790436366,0.000004355,3982.34,4128,4128,0,405.18,102207.46,102207.46,0,0,4,13,1727,1417,1727,1417,,-3.92,-91.13,-91.13,0,1,1,1,,1790451883,0,1,3,13,720,844,720,844,100.0
1790451832,127AcbXjeLujzbu6Ms8NftPvEDAMp154TTyBsi6Apump,$TAPE,5xy4MgpSuKz4KF5cXmEdaSYfih6MjCykNc8yqGkPRgdi,pumpswap,1790434020,0.000002658,2954.67,2568,2568,0,0.37,926082.6,926082.6,0,0,0,1,9565,3820,9565,3820,,-0.27,-94.65,-94.65,0,1,1,1,,1790451883,0,0,0,1,1127,1094,1127,1094,100.0
1790451836,GhKjUTP5vjPBALTwgrEwqhMEUjL3tnM8F4aF1Q2cozq,ELON,9fQ4gqyEQSQco1o5QWZj1BRsoRp2YxyZ8iMnatwNhwMV,meteoradbc,1790435737,0.00006026,,60267.24,60267.24,0,0,7743.94,7743.94,0,0,0,0,365,368,365,368,,,35.21,35.21,0,0,0,1,,1790451883,0,0,0,0,167,164,167,164,
1790451834,85ESWy4i1Prj4PS7TE7PuFyacRGqdS8bmoS31P7SPzbM,KINDRA,EKyytjvC9FD1edg6tn7EzbkWm5i3YUwQywDg7nbDmzNs,meteoradbc,1790435848,0.00005725,,57254.6,57254.6,0,0,1327.69,1327.69,0,0,0,0,4,0,4,0,,,28.12,28.12,0,0,0,1,,1790451883,0,0,0,0,3,0,3,0,
1790451833,7kJQLaDeBpuSvusWKidrAMVU2WxbwwLKinJJzsqwB6BU,DEBT,7FVssWhTXhpaYa8RFg2MKHQ5tgeVA3mzHKJb1zK8sUcM,meteoradbc,1790435753,0.00004913,,49136.39,49136.39,0,0,9734.63,9734.63,0,0,0,0,287,325,287,325,,,252,252,0,0,0,1,,1790451883,0,0,0,0,160,171,160,171,
1790451837,HXYQJ3xXXCHtMDgA3FzrzpXMKkR3CVrfpMsusuAxLBPh,PRIVACY,9LeVx1BRBS4WXzug5wWDrD3N675Ar7uu5wjjmNdZ5bPm,pumpswap,1790435201,0.00002285,12082.01,21912,21912,547.69,8967.1,351287.52,351287.52,9,11,129,112,4480,3463,4480,3463,-0.22,35,-53.99,-53.99,0,0,0,1,,1790451883,7,6,71,60,1561,1480,1561,1480,100.0
1790451838,smZwEQgGtVHd5jVeSSFAdGZA5hjHvYsXGQ2adRypump,GTA VII7,61XomdoQoTgsh65dN85vxNrHk3gwcbEQg6XYmfuxhqP6,pumpswap,1790435286,0.000002229,2245.67,2218,2218,0,0,75057.78,75057.78,0,0,0,0,10665,10371,10665,10371,,,-95.56,-95.56,0,0,0,1,,1790451883,0,0,0,0,401,2562,401,2562,100.0
1790451833,5fjoCCvCQ7paFgsUq7vbShceXRakTTEvpZgf3hPbpump,MrBeast,DpGYiufRf1hA9mwUY2CC2KUAHvnU98QMUwh3KQxGMmpY,pumpswap,1790433688,0.000002196,2230.63,2186,2186,0,0,218546.81,218546.81,0,0,0,0,16135,21699,16135,21699,,,-95.63,-95.63,0,0,0,1,,1790451883,0,0,0,0,2420,2116,2420,2116,100.0
1790451835,CRHYQixMGwqZPtCjMzLxaxQsC2ovZmJ7c71wKhw5pump,GTA 6,Gm4D9rAKRrodJbjg9JCFKcZP6Sre1oPLSM662kq2W6GN,pumpswap,1790434236,0.000002166,2195.05,2156,2156,0,0,157979.53,157979.53,0,0,0,0,18893,18082,18893,18082,,,-95.69,-95.69,0,0,0,1,,1790451883,0,0,0,0,2593,2220,2593,2220,100.0
1790451832,39Js38M4nUxkjVpEjQVTnxKBL2FvedktMPS619Cmpump,Meta,6HhzmHLeS62uQt4yfTJoByYDub8jGCECm3DiKttTZMJk,pumpswap,1790434889,0.000002153,2170.3,2142,2142,0,0,69889.28,69889.28,0,0,0,0,6359,6641,6359,6641,,,-95.72,-95.72,0,0,0,1,,1790451896,0,0,0,0,2366,2289,2366,2289,100.0
1790451836,EFb4g45VGNQyLQGnwCrz5oHdbTxL2QsmGqvJJQ8upump,t/acc,5sUewyXWnqzwBpEo7KmXkPYFySdRQq7dQzPP2v9EkmeR,pumpswap,1790434523,0.000002281,2378.21,2257,2257,0,0,457749.22,457749.22,0,0,0,0,4432,3635,4432,3635,,,-96.69,-96.69,0,1,1,1,,1790451883,0,0,0,0,3125,3119,3125,3119,100.0
1790451834,9fgGFfdHUfeMeDUd9DjJaRjpJ7oz38j4ikwf3uxrayPS,FROGE,4RtXmksfJYaQoBJvGaP4e6ByDdvyXvf9BrVjxFBDHh9q,raydium,1790436855,0.000002935,5303.55,2935,2935,0.81,12.88,158092.95,158092.95,0,1,0,9,1871,1714,1871,1714,2.36,2.77,-94.3,-94.3,0,0,1,1,CPMM,1790451883,0,0,8,0,927,875,927,875,99.9999999928623
1790451836,G4PF5viRAdYCA3QLf3g81J7NoWyMWoyZxMLJ52f4xon7,froges,5DUpy9CDCrgpECg5ZzL9B6Ae75euUvq64sKVCDZDfLdr,raydium,1790436712,0.00009677,32763.05,96774,96774,2291.01,26497.02,1682565.62,1682565.62,15,16,201,189,11490,9584,11490,9584,-16.87,-8.49,96.87,96.87,0,1,1,1,CPMM,1790451883,15,12,147,138,3502,4071,3502,4071,99.9999999929444
1790451834,9M374yVvrcinzMNiACjzoEaZ7e1dFMniy5n9Zcnzpump,FIRM,FggyYbQ4ghrHPwLtvJ3ZdJE9Ahiy5QEfQBu7BjnCJaNv,pumpswap,1790437042,0.000002935,3164.54,2849,2849,0,13.29,1128203.12,1128203.12,0,0,1,10,24572,11536,24572,11536,,-0.95,-94.19,-94.19,10,1,1,1,,1790451883,0,0,1,8,1862,1765,1862,1765,100.0
1790451835,DT3t4sKiJViZDiL5jx4mbwuyouTkfhDh3GBh2SQNpump,DEBT,3fe9hkDDUhanZY38J1RPn884k4dgy2w6wccY4Mu25EHD,pumpswap,1790436011,0.000002538,2801.06,2454,2454,0,0.05,1185298.2,1185298.2,0,0,0,1,5455,5058,5455,5058,,-0.17,-94.95,-94.95,0,0,1,1,,1790451883,0,0,0,1,1573,1555,1573,1555,
1790451833,4RQUffJw21gc53u6Somr9ZXSmPzTYY81dLC7E3BWu4hJ,Faker,AaG8HbrpnBghadp8XxBTYvxRe5xKvs7nSxBzxodmV3M3,raydium,1790435097,0.00001388,10555.03,13881,13881,80.9,3605.5,350885.72,350885.72,5,8,38,43,3519,2777,3519,2777,-0.73,-22.1,-71.6,-71.6,0,0,1,1,CPMM,1790451883,3,7,24,41,1587,1474,1587,1474,
1790451835,Dbkrw1Efvv4ba4eazop37p88mHo6DtiSLfhWZvtLuGN,666,Cx1Ho9JP61z9HpkVZrSMazxstex7taJKSR7us6PMeWhg,meteoradbc,1790437126,0.00006052,,60523.02,60523.02,0,0,1073.14,1073.14,0,0,0,0,84,66,84,66,,,16.79,16.79,0,0,0,1,,1790451883,0,0,0,0,3,2,3,2,
1790451833,4fVooKMvWu1tTtZ1bdbH7ktBuQw9rnsMs8W5hvx943nK,QUOTIENT,Esb6ggEn9F7PyYrW3jXadjcUwXLQ3fK1vVXHWrMQA8m2,meteoradbc,1790437454,0.00005755,,57556.28,57556.28,0,0,1334.05,1334.05,0,0,0,0,8,0,8,0,,,28.18,28.18,0,0,0,1,,1790451883,0,0,0,0,7,0,7,0,
1790451834,93hZUsbHWtgQrvjQbpujrSbKEkVF9hV9DC88nwCQe4mB,froges,8eMWw71HLqxJtYw9UiqEXLA6DjWYqwppUaf6WLXgYtD,meteoradbc,1790437463,0.00005480,,54803.24,54803.24,0,0,15324.46,15324.46,0,0,0,0,660,750,660,750,,,5.97,5.97,0,0,0,1,,1790451883,0,0,0,0,158,144,158,144,
1790451833,68HM88aAJRmct4oH4CzVeL95x69XKEvvRzzT6ofY7AS,froges,EK41xWahoREH2Q7Xqu2A8d34N14w2sGMQHis4CJ1MPg,meteoradbc,1790437390,0.00005971,,59716.77,59716.77,0,0,7697.58,7697.58,0,0,0,0,122,108,122,108,,,291,291,0,0,0,1,,1790451883,0,0,0,0,72,68,72,68,
1790451836,ExTwCDVSEkzbQzfdTpf6MbzDdHrWzsWJd5qTxu4cpump,Harvard,M4GPVnFGPZnLBtvq89GhtKy9a7wYWHdc635aSoHXUTk,pumpswap,1790436978,0.000002182,2220.98,2183,2183,0,0,220405.45,220405.45,0,0,0,0,4882,7075,4882,7075,,,-95.68,-95.68,0,0,0,1,,1790451883,0,0,0,0,2716,3080,2716,3080,100.0
1790451837,Zdmub6A5aHjN1JvKM5UFwrCpzijEJEFj4h5EmdVpump,Anthropic,6pKD7hsuosAz6MjRxig1MoGb6vAtEdi5dhTtj8oFRKGM,pumpswap,1790437080,0.000002192,2208.46,2192,2192,0,0,72870.71,72870.71,0,0,0,0,8900,9043,8900,9043,,,-95.66,-95.66,0,0,0,1,,1790451883,0,0,0,0,336,2519,336,2519,100.0
1790451836,EgHU78SQ7Q9ESYQFo7q8zf8euHtzLZGABZ2Gi8Tppump,Jerry,59z4HKSwS3nE6bBx8i7My4NUfb2j7GVCnzs8yiN1aExd,pumpfun,1790378341,0.00002376,,23762.45,23762.45,191.78,2362.96,23381.12,25236.61,3,1,21,12,210,183,245,216,3.62,41.07,517,595,0,0,1,1,,1790451871,3,1,16,9,115,82,142,105,100.0
1790451837,HeEC24FVai9uFMnz4PHCjuAdHcCMQQ1Uw3MZPWyxBGMe,Elizabeth,7EpPd5jbLy1oeNQcx7ErFeCoVW7UekLuR1tf4BYURHS3,pumpswap,1790439445,0.000003568,3393.28,3152,3152,4.01,45.85,109514.12,109514.12,0,1,0,5,1616,1642,1616,1642,-0.45,-3.64,-92.9,-92.9,0,1,1,1,,1790451871,0,0,0,4,805,1072,805,1072,100.0
1790451835,DMPAgkCZmz4TZKJrbV11KGvHZUnCqc8uvnLL62SapDZJ,SCAR,7hBA7i3LkN3YZLyjK6KJL7aCNdr4VpR1Y7sgi8tzNMWC,meteora,1790430705,0.00003350,15506.61,33509,33509,904.91,1478.56,96214.66,96214.66,1,3,9,10,814,355,814,355,-13.57,-26.26,929,929,0,1,1,1,DYN2,1790451871,,,,,,,,,
1790451837,H9JtGSXhYA7pVec4w1uZ8KkTNXYNuh3C5E6NSzUqwLVL,LEVEL,9XzQ5TR4LPSQhQnNhHjtwe9Mqx11ns2Z1BD8ULX6sN4r,meteoradbc,1790433070,0.00004977,,49772.19,49772.19,0,0,40891.95,40891.95,0,0,0,0,215,136,215,136,,,1325,1325,0,1,1,1,,1790451871,0,0,0,0,120,82,120,82,
1790451832,22aZ5WdTbhBo6i4QAKbdNj1z6wNuZ1MrD8mDEWhUwnbD,GKAITO,FYdmfu5V2hQ2qFJ9MknPk78ozu54ThFuFRec8hYTRToT,pumpfun,1790429137,0.00001559,,15598.26,15598.26,17.8,2465.81,38366.21,44160.51,3,0,25,44,546,348,685,431,5.5,-15.64,125,345,0,0,1,1,,1790451871,3,0,23,39,332,215,435,284,100.0
1790451837,J6rYa7tX5UeFs3dSKiSLjgq4RE7ywaorkSSjpykqSiSL,RELOOT,CgWe8h6wW7j8ijhQeLe6i5a4mV4i5kdyXL3nijTEEBe2,pumpswap,1790438118,0.0001088,29555.36,103990,103990,2250.95,51488.82,651426.67,651426.67,16,15,393,387,6899,5247,6899,5247,-5.54,46.15,131,131,0,2,2,1,,1790451871,14,16,208,227,2691,2376,2691,2376,100.0
1790451835,DH1nPfpA9mBVeS4X7Roz9NN97GtuuM8zyEKaGW2a7P6,STARLINK,HBE6JpFPMFMShtkzGyJqpLZvWZq6M18rsu41KE8uLGnB,pumpswap,1790438798,0.00002810,13446.64,26965,26965,39.42,12874.69,132390.9,132390.9,5,1,125,131,1751,1462,1751,1462,0.85,-32,-43.11,-43.11,10,1,1,1,,1790451883,5,5,81,103,879,775,879,775,100.0
1790451832,3aKooJZgnVXGWr4YgJsiaNqq1KQyYHtrBfNf6vHox7ZX,elizabuth,CAiqWqCWQw5PW9sbP9xKR9XFbS3DMmAfDcnkN4Q6g3KS,meteoradbc,1790439283,0.00005827,,58273.85,58273.85,0,0,4997.47,4997.47,0,0,0,0,79,76,79,76,,,282,282,0,0,0,1,,1790451883,0,0,0,0,76,64,76,64,
1790451835,DaZmXhy9vkagbk7R6yG7SrFQZJGrBP3fYkrRATReXp9S,枣泥,AfixhaHxAwp16Eg7LZP7FNmV8PVPWJj1Kr8HQnU6rkHP,meteoradbc,1790439181,0.00005468,,54684.51,54684.51,0,0,15834.18,15834.18,0,0,0,0,704,808,704,808,,,5.75,5.75,0,0,0,1,,1790451883,0,0,0,0,205,202,205,202,
1790451837,HWHSnSg3VzPWgUhd1edbQV41ou3XqtehrdjiNn23pump,Gemini,7x2nmKwA7dhVb1j7tJhgVRkszoKViGsUtB74r9KpNhcd,pumpswap,1790438077,0.000002183,2218.33,2173,2173,0,35.77,216372.75,216372.75,0,0,1,1,21021,20300,21021,20300,,-1.45,-95.69,-95.69,0,0,0,1,,1790451883,0,0,1,1,2631,2301,2631,2301,100.0
1790451835,B9XxyoQ1jJrZ12A46Cf6h4xGwsRwQ4mDrdg3bXzJpump,Meta,8itxsADRRPkQFPgi7fk7VqtEpurrUS9xvRHSSNsHRoWC,pumpswap,1790438194,0.000002160,2193.74,2151,2151,0.2,0.2,189953.3,189953.3,0,1,0,1,12826,16574,12826,16574,-0.12,-0.12,-95.73,-95.73,0,0,0,1,,1790451883,0,1,0,1,2449,2129,2449,2129,100.0
1790451836,FzK72K1PHLbLbkKCyEQ65aYn8ZYVnigouG8wEhDjpump,Grok,rVsst9rNWWPk28uYe51b7ZP3agvwTmdamdxruEZaS13,pumpswap,1790438873,0.000002157,2179.38,2147,2147,0,8.19,174105.41,174105.41,0,0,0,2,10612,12121,10612,12121,,-1.94,-95.74,-95.74,0,0,0,1,,1790451883,0,0,0,2,448,2338,448,2338,100.0
1790451836,Dzxv15vQ3TYcPM8tySUqf872jquTZRAVW9bReBM8pump,Kettlebell,G3aXEAqvdrQ5RJ9r8QZNK8CKgqWYmb7VD4HTYjwxrSzH,pumpswap,1790439065,0.000005373,4738.89,5175,5175,11.95,943.62,309566.15,309566.15,1,0,13,36,3810,3392,3810,3392,1.33,-4.77,-89.26,-89.26,0,0,0,1,,1790451883,0,0,10,24,1585,1600,1585,1600,100.0
1790451835,CDbZLeUgK5P82xXU7FG52c2mmWfpucmXabDwMGWKTAGG,TAGG,73N22tNPwZfLuAVjzXawWWrmQ8B1PJwKoWzWPbmYjABS,pumpswap,1790440340,0.000008061,6399.18,7825,7825,75.37,8375.4,551155.3,551155.3,2,4,101,103,7022,6277,7022,6277,-2.43,-57.42,-83.87,-83.87,0,1,1,1,,1790451871,1,5,55,67,2619,2556,2619,2556,100.0
1790451835,BY5hK5yhx8NmftPhpo3jgJ7NraDXdicNmyLQd7w2pump,STONX,4UuHQ8q3DtNEhJupD9RPGsfVA2jYpPjxupP2Q3MjJnyn,pumpswap,1790439551,0.0002744,46512.26,267734,267734,441.63,891,108421.44,108421.44,7,1,10,17,701,394,701,394,5.07,0.19,446,446,0,0,0,1,,1790451871,7,4,10,18,372,254,372,254,100.0
1790451837,J8gyXxEMvB8hTxALkwSX9e84xkADG45Zm4mDRYsRXeQo,ShillPay,9aTJksJKdnSXFue4FbJ1rjicLt5SUFLcEjFtxjB9R491,pumpswap,1790441319,0.000003599,3416.02,3321,3321,9.23,324.67,79207.96,79207.96,0,3,2,16,1215,982,1215,982,-0.86,-13.12,-92.83,-92.83,0,1,1,1,,1790451871,0,3,2,15,499,620,499,620,100.0
1790451832,3YwvsjGxZGjbFNwTvYnyEzBZHRwi8kENhXFUeUqc7h3R,UPTOBER,AtUeuZ7w6fkjvaD1i9ovvFxE343wdeDAj1qmo8XydZ2E,meteoradbc,1790440971,0.00006016,,60163.69,60163.69,0,0,10207.24,10207.24,0,0,0,0,400,401,400,401,,,34.38,34.38,0,0,0,1,,1790451871,0,0,0,0,184,174,184,174,
1790451836,G6CyshxSaA5AcmnVbXCUtFNjt1ER3oErEJsZxd8zyaeB,TIKTOK,9ixadFz3neBfDiuAaNLBvVYEmVhqB3ej15HVL5sFGp8p,meteoradbc,1790441058,0.0001279,,127923.37,127923.37,0,0,1312.12,1312.12,0,0,0,0,31,3,31,3,,,9908,9908,0,0,0,1,,1790451871,0,0,0,0,19,3,19,3,
1790451835,Cuu9rNw8L56JHDwu6QxkCgCSKHcestyD4u2atX6Qx2oD,/ACC,DQs2T6gDADhNjUniRRxzhNGnSp7xnNfxSc2VrSfuimR3,pumpswap,1790410061,0.00001398,8857.66,13342,13342,58.06,600.52,24403.59,187152.19,3,1,17,14,417,313,2543,1962,0.21,-14.27,147,-71.4,0,0,1,1,,1790451871,2,1,2,11,150,148,884,899,100.0
1790451836,Gs8f8yPJbkBmwU1QqwNrdSoC5XQWqJs5kCk74YmKpump,Paidrop,DcSPN1NTozLcwiwTLNpQEpWCyQbmvYuXfo5ktt2GWutY,pumpswap,1790440891,0.000004978,4661.68,4893,4893,0,901.41,772160.13,772160.13,0,0,27,6,6978,4573,6978,4573,,56.11,-94.07,-94.07,30,1,1,1,,1790451871,0,0,10,6,3643,3616,3643,3616,100.0
1790451837,VH8jXt2XqqyEtnSfmBwSmt4U8ZXhGxrj3dYDRCG2vbC,gork,tacKdqzxYJEFTGBZXVWpvqxZYPPehoueP3i5KonfYTK,pumpswap,1790442636,0.000008564,6513.47,8225,8225,807.93,4390.46,259003.8,259003.8,4,9,60,83,3596,3194,3596,3194,-6.22,-19.58,-82.56,-82.56,0,1,1,1,,1790451871,4,6,44,66,1590,1580,1590,1580,100.0
1790451835,BkuopU9ufiJoEHScHDF8MS14J3McWSPjHk5GkghhKbhj,SC,CdWRdNHYwVPLop4nJ8aLeSH4DsfXghVQJ3SDBFz9xHSK,raydium,1790441853,0.00002047,12945.71,20475,20475,106.4,4724.01,129608.01,129608.01,2,6,70,57,1699,1351,1699,1351,-0.42,33.41,-59.21,-59.21,0,0,1,1,CPMM,1790451871,1,6,40,42,785,785,785,785,
1790451834,9Hmbno2QCaeM9s9H56sLwVfavZo48xsBrBLtnRHVeb1d,BOON,ANMCnHqF9KvndLbt4fKBmjvF7bp3v11L3TZaFTdjmtBc,meteoradbc,1790433101,0.00001502,,15026.76,15026.76,0,111.32,48971.94,48971.94,0,0,2,2,406,239,406,239,,-0.37,203,203,50,1,1,1,,1790451871,0,0,2,2,241,176,241,176,
1790451836,GFWj43Huw6LMYT5yfyf5k4MVRuRUFfZvcRZJRa9MWcs3,CHATTY,Ar8G9QgTEqxyY4kiPT1asnXErdyZtQ3447r96YgTq4w6,pumpswap,1790442143,0.000003339,3213.15,3198,3198,0.11,1232.14,49033.18,49033.18,0,1,6,38,501,669,501,669,-1.73,-37.1,-93.34,-93.34,0,1,1,1,,1790451871,0,0,6,36,281,379,281,379,100.0
1790451834,9jEbkZPhcwYCpYEiyNj5NPdj1ewNRppc7XQBSupVpump,AMP,6sCKfP4A5ZCi4ESAEAXJKbTJfry5EpL4ywMoViYrsn7h,pumpswap,1790442422,0.00009394,26370.58,88420,88420,1180.39,85333.97,195933.84,195933.84,17,20,537,461,1896,1654,1896,1654,-0.74,119,87.43,87.43,0,1,1,1,,1790451871,9,13,322,272,823,752,823,752,100.0
1790451837,HFvfeMPSsoCVPTJF8cSdKAW3TL8thvajsmiE1Lo5aeUJ,POG,7xxCrTwmmnAYrKUEbBkHRJatxviipjVjbkDJePempjzz,pumpfun,1790402976,0.00002576,,25761.87,25761.87,593.65,9947.22,71461.59,161332.28,7,7,82,85,628,517,1355,1130,5.96,-11.7,389,462,0,2,1,1,,1790451871,10,6,51,58,336,262,663,583,100.0
1790451836,GvqnfTBXse9FxEPjJ78o3a963CPkQQgcJbx7wqmEpump,FLETCHER,C8weDbp7Ku6JhLrzMVeWnkpMeqkMZuftnaTY8r3FipAC,pumpfun,1790441158,0.000004337,,4337.39,4337.39,133.06,4018.65,94672.09,94672.09,0,1,25,46,951,1010,951,1010,-6.32,-40.72,3.82,3.82,0,0,2,1,,1790451871,0,0,16,37,526,515,526,515,100.0
1790451834,96ghzgf4YBEfdpJbyWjHfuFskigagFYbzRCsyfX8pump,沙耶,3hQfAfNmcytCQpoCbh5CSogytrgs9T94YV9nPSqfLZxa,pumpfun,1790442443,0.00004992,,49921.94,49921.94,0,0,10328.15,10328.15,0,0,0,0,9,0,9,0,,,1369,1369,0,1,1,1,,1790451871,0,0,0,0,9,0,9,0,
1790451832,3joBKrDcrvJX7T97n6TGq2tqvCkfS1UpYk5mnuRAGjR4,MERID,8arU1AdGoKR4Ejv4JAmdakYnhSfGPmuAaQXYAfjHHy5n,meteoradbc,1790442992,0.00005888,,58884.12,58884.12,0,0,5520.36,5520.36,0,0,0,0,79,81,79,81,,,288,288,0,0,0,1,,1790451871,0,0,0,0,60,56,60,56,
1790451837,HgkJyiFRaCd6b9kmmrYGJLKnufVf6ZbKQawyqTUSpump,Youtube,2uNVy3FedDsUDipRvbXt2UyVzMvmoebcAx1aNaAGduze,pumpswap,1790439880,0.000002351,2391.58,2337,2337,0,9.99,301162.08,301162.08,0,0,0,1,26850,26624,26850,26624,,-1.34,-95.35,-95.35,0,0,0,1,,1790451871,0,0,0,1,2360,1882,2360,1882,100.0
1790451832,25UThw41PUqCTRpGSBzoZRB1MYEZsjVo7AUAn7Nupump,E/DOG,4wkTST18ejFAV2wWTBW5jvgVAiAD2d6VnaGXawPbFRC,pumpswap,1790442665,0.000002296,2365.89,2238,2238,0,0.08,252815.33,252815.33,0,0,0,1,4398,3694,4398,3694,,-1.53,-96.86,-96.86,0,1,2,1,,1790451871,0,0,0,1,3313,3309,3313,3309,100.0
1790451838,p5nP7S29nCpjgUY1iaSts9iCuZZmMmiHNwdNfm5gpad,pad,CKbDZLmixy1cfKv4JFJZT5QnrrJ31Kx4xfmdTfwibYfx,pumpswap,1790443054,0.000002823,2779.32,2630,2630,0,7.9,60058.05,60058.05,0,0,0,7,875,959,875,959,,-0.62,-94.38,-94.38,0,1,1,1,,1790451858,0,0,0,6,499,610,499,610,100.0
1790451832,3aqDJN1XKC31xzQ9TssUMFuSW9K8pJ1MAvrMXS8fe4EY,REALFI,kukmNH76kgvV4PQvdUsUWXH729mSMjgeNxtyQnNythu,meteoradbc,1790444422,0.00005809,,58097.17,58097.17,0,0,5297.85,5297.85,0,0,0,0,118,183,118,183,,,281,281,0,0,0,1,,1790451858,0,0,0,0,99,121,99,121,
1790451837,HmvMVmjQ93Wjws9ythsyhQbQ2Dw5MBNvb2AsT1cKMvLy,BLUB,Er9zc3zL4kRHN1UQFWmm13b6ppue3aF4upb4jYfRv3nK,meteoradbc,1790444412,0.00004783,,47831.65,47831.65,0,0,8297.85,8297.85,0,0,0,0,185,227,185,227,,,187,187,0,0,0,1,,1790451858,0,0,0,0,88,99,88,99,
1790451835,Cs579ZjQsEGgwf43ywrh7G27W1YgVm9ouaUBV4PFo26a,FRANKLIN,4MqGe4rrj8NWjPe9KZ4uJkHNswB8acFNxRLpdJFZfKqF,meteoradbc,1790444422,0.00004009,,40099.49,40099.49,0,0,6789.11,6789.11,0,0,0,0,191,226,191,226,,,168,168,0,0,0,1,,1790451871,0,0,0,0,139,150,139,150,
1790451835,ArzczqFybc57dwybm4BTQ8e6JZWgYinuD9gyioRYLA4w,ROBIN,3YbVtk98NoMdgMDRS5gNttmW1gRMwFH5TvNAeP1DwF3H,meteoradbc,1790444172,0.00005990,,59905.56,59905.56,0,0,8800.64,8800.64,0,0,0,0,351,366,351,366,,,34.33,34.33,0,0,0,1,,1790451871,0,0,0,0,164,162,164,162,
1790451836,FnH5wcKW1wabRd7vLBoh12qUnNSo8nv1BJtZULfSB7Qz,Sift,2jC8GUPY7mgq7zwXWvAqdezaAV2EdHUrEsoPoVBKA4da,meteoradbc,1790444319,0.00005991,,59917.91,59917.91,0,0,11861.33,11861.33,0,0,0,0,326,380,326,380,,,31.92,31.92,0,0,0,1,,1790451871,0,0,0,0,171,171,171,171,
1790451837,HvTe8XR5riVcZnfwMRpxtVBTXBKMdy6tkSeJqhPapump,CASH/ACC,96rYHCkwuEmoCGurKMV7vzfkpLZ4CTwV8ShUNceh4A4S,pumpfun,1790444403,0.00004981,,49811,49811,0,0,10305.19,10305.19,0,0,0,0,11,0,11,0,,,1369,1369,0,0,0,1,,1790451871,0,0,0,0,11,0,11,0,
1790451835,AkjNzG1RJmkB8MLPJeuji5V6dP7yKkJDwyJg7ocVUgHJ,PROLOGUE,ESGkxpyqcG72hSzJGcXQLvfNMjnEoLGicnMcXbJeBxct,meteoradbc,1790444402,0.00005449,,54497.77,54497.77,0,0,1332.53,1332.53,0,0,0,0,5,0,5,0,,,5.69,5.69,0,0,0,1,,1790451871,0,0,0,0,4,0,4,0,
1790451835,DHzjVpsQPzcZP7ugHTD4N9yNHRvSB6NGVQinawRwpump,Mr Beast,679n7pNezPawzgQbNrYLiqjqWUa9oksYWX4VSAQKwuqu,pumpswap,1790443995,0.000002182,2200.02,2172,2172,5.49,5.49,85500.11,85500.11,1,0,1,0,5988,5949,5988,5949,0.83,0.83,-95.67,-95.67,0,0,0,1,,1790451871,1,0,1,0,2559,2282,2559,2282,100.0
1790451836,GDT8UZGGuaa9YAevWxh7yBcNvj4otQUv4xf6j4RsForK,FORK,2J3vgXB69wrU4524c5Jeqc2qWUkMvGk6ngGW33sSWZsh,pumpswap,1790446616,0.0004051,61895.57,395130,395130,175294.91,1313849.06,1911783.31,1911783.31,1202,813,10405,7487,15785,11897,15785,11897,-18.94,58.99,726,726,0,1,1,1,,1790451858,574,413,3498,2754,5257,4045,5257,4045,100.0
1790451837,URWURmymQmLqKCy4rADpXupT7NaZXcRF2Z7AvgYpump,BOTX,DhSPArd5jLtLR3xTsNLkay6CG72RJ73PEPJXBJoax6uh,pumpfun,1790445498,0.00001688,,16887.83,16887.83,126.35,13753.24,86543.15,86543.15,2,6,103,80,777,587,777,587,-3.04,-8.3,388,388,0,1,1,1,,1790451858,1,4,52,48,437,375,437,375,100.0
1790451833,777XNvfVmvumMEc6M9yxJQJQnQtjbUYJyx53cqrwo777,7,FPXKc5Bc6ZVvCwrysTbQvPvcRvzhRNLih8fey1Jw72LG,raydium,1790445570,0.001172,258719.92,1172324,1172324,13187.34,471387.35,2166695.22,2166695.22,91,35,1507,1013,5792,4736,5792,4736,16.25,176,2085,2085,0,1,1,1,CLMM,1790451858,50,26,690,539,1950,1429,1950,1429,0.0
1790451836,FBdrdZaGSfum5Wymyb7ztUK2t9T9oFS8Kji8aHVs14Gf,FREEDOM,BPVVR2NYprXGPfWqESFaSPxzr4diCUzMakt7Dwujr4M4,raydium,1790367001,0.00003484,17460.39,34845,34845,100.12,8312.97,62569.99,125449.05,2,1,34,31,235,237,611,663,-0.25,10.99,45.25,-36.37,0,0,1,1,CPMM,1790451858,1,2,25,25,128,138,332,350,100.0
1790451834,8nYn8uhfJxem48hC8daXA36GDoG7srezMbMyuiCgpump,$COLLEAGUE,FNeYqbJayaGYzLVbAAmU9LdC3ontD2dWMzqjKQXdVR8K,pumpswap,1790444097,0.000002459,2655.76,2410,2410,0,25.74,862222.03,862222.03,0,0,4,9,13097,2972,13097,2972,,1.29,-96.88,-96.88,0,0,1,1,,1790451858,0,0,2,9,1117,1065,1117,1065,100.0
1790451833,4TQiE8UY2pbpsguBDjm2hEkxCExzU9Z2CzbkAE4Sw3nw,SIDELINED,EzQ2KkJn9dbyxqAi8dGLbUCa7nMJHyThwFDz1W8hSb9y,raydium,1790446080,0.00004171,18576.61,41713,41713,1200.35,63056.21,279577.82,279577.82,15,6,476,365,1976,1448,1976,1448,19.3,-9.09,-29.64,-29.64,0,0,0,1,CPMM,1790451858,2,9,209,220,723,877,723,877,
1790451836,Fy2LmMV6dVmYx12cGwGhYoHwT2xvdNToNwicTJ3U5WKq,‮NEDLOG,ACxjNAT5vVQPQNNsJXKf79U7DYkc3G5qdrwXNoupwzSH,meteoradbc,1790446539,0.0006048,,604879.43,604879.43,0,0,2075.79,2075.79,0,0,0,0,123,53,123,53,,,17.22,17.22,0,0,0,1,,1790451858,0,0,0,0,6,5,6,5,
1790451835,B72oTzL4dqWBMb9DWpQfykREwTX26AEb7gHsLJJaBAGS,ELIZABETH,DoRYy71BMCWNuU3umGRuSwFmNa55dRv3BrU9RLs6MjTR,bags,1790446862,0.00006793,,67935.88,67935.88,0,0,1.18,1.18,0,0,0,0,1,0,1,0,,,,,0,0,0,1,,1790451858,0,0,0,0,1,0,1,0,
1790451832,31j8Ks1si746R6nPkxKR7CjgCdghUuFfjFRaKDJoTcWc,QUACC,H2zPiwp6tLuN344HGKxyfVqyfTbASFaQqdGDJdvwVq99,meteoradbc,1790446822,0.00006022,,60226.04,60226.04,0,0,7793.12,7793.12,0,0,0,0,306,278,306,278,,,34.84,34.84,0,0,0,1,,1790451858,0,0,0,0,157,152,157,152,
1790451837,Hb96o7GjRZfJon7EqBrc9PEs2kC2iU6zAmD5YwNrrumD,QUACC,6RmGmBWPtRCCUYMnmiQebLLYZ4166nLpf9QbS1fEA5jt,meteoradbc,1790446711,0.00006043,,60436.81,60436.81,0,0,6803.95,6803.95,0,0,0,0,265,248,265,248,,,35.31,35.31,0,0,0,1,,1790451858,0,0,0,0,155,137,155,137,
1790451833,5AQUowXY9oS8JZB78b2UzPc9ith2unRaJGAU74WnBAGS,FORK,31Xj3vRvuzKeF3NNPWWgG2CthVwD7r4v94uyPRwkLsfg,bags,1790446852,0.00006792,,67926.35,67926.35,0,4.23,108.91,108.91,0,0,1,1,5,2,5,2,,0.06,-0.01,-0.01,0,0,0,1,,1790451858,0,0,1,0,5,2,5,2,
1790451835,D3ZiebyGkRF54GqBFaZB4moad6FxeYQ18VfcSD5iijdP,SIDELINED,4rS2eH6bHHdB5tSvyrXiiHQBxTLoQGN25cwdN5n7yDX5,fluxbeam,1790446858,0.001519,1503739.1,1519181,1519181,0,5336.23,10750.78,10750.78,0,0,151,0,300,0,300,0,,82.05,902,902,0,0,0,1,,1790451858,0,0,20,0,20,0,20,0,0.0
1790451834,8H5RwH4CGQ11sx4BDWbf94iTuM6CP1uxSLNJBbWuhGuE,circlejerk,GjU4epcX1gpMaqubDrxnXzdTR2fyXPDeLS8YFe2UXLyA,meteoradbc,1790446762,0.00003700,,37009.94,37009.94,0,0,4519.76,4519.76,0,0,0,0,113,159,113,159,,,133,133,0,0,0,1,,1790451858,0,0,0,0,84,114,84,114,
1790451838,t5Nt9DKbHwxuD15uUJ7ByRgK8tZFhLZxagwwruGpump,LAPTOP,7ivoYLmYL8AWTDbhMY6KNKgGRpb49QKMMrLcAd6dJJQo,pumpswap,1790447027,0.000005079,4453.85,4056,4056,10.28,734.42,49466.72,49466.72,0,1,8,25,592,712,592,712,-0.47,-21.93,-89.82,-89.82,0,0,0,1,,1790451858,0,0,2,23,338,456,338,456,
1790451833,6UBAs62ToGbnXpo3HsVQsFNmkG6ttEv3b7Jn5jWm2p7u,Randomcoin,4AkqXXMxPKxNdDdS5i9JGKo5XmLLvD4aLVhcDDk4piSC,meteoradbc,1790446854,0.00004739,,47396.59,47396.59,0,0,5542.53,5542.53,0,0,0,0,234,277,234,277,,,194,194,0,0,0,1,,1790451858,0,0,0,0,158,145,158,145,
1790451836,FQL8fx1wZfV3xkc2mGp17xnXxa3Z7Z3zpbpAmh6TVgAL,ROBIN,1zAP3bnVjDKMrSp7EupnXDYvd51V2UeM9p9qP6VetTD,meteoradbc,1790446865,0.00006030,,60303.27,60303.27,0,0,9640.76,9640.76,0,0,0,0,364,368,364,368,,,35.01,35.01,0,0,0,1,,1790451858,0,0,0,0,168,156,168,156,
1790451837,J77QVaVJwY3Tww67NG1PYEW1EhbNfGvCMTWA8Taypump,Randomcoin,6Y1AF3xM2NnwAoT2b3QTsrLAvY2Hv3HXFPsKtqhgdmW6,pumpswap,1790441256,0.00002921,14351.57,28149,28149,3864.51,68207.27,782059.26,782059.26,40,27,815,647,7454,5847,7454,5847,-15.51,-58.28,-41.8,-41.8,0,0,0,1,,1790451858,28,19,331,414,2648,2467,2648,2467,100.0
1790451837,LTQB9HtFz5LExQKhfGmZRuHeuQ3iVs6SJ8ZxhokNu1q,bPay,6v79snLk5NQsMgJGsVfkCecTuRL2uoX4iF66wWckkELM,pumpswap,1790444967,0.0001807,0,180783,180783,0,1241866.45,8787436.28,8787436.28,0,0,1029,699,8413,4978,8413,4978,,8.47,139,139,0,0,0,1,,1790451858,0,0,309,50,3278,62,3278,62,0.000000000412578394714018
1790451838,j7HvTmrr9QGbiz1gwiSuB4QbyfnfwRuYkvUphncpump,e/cat,EuYf5JtckokJor1HoLZgZWyYRZUiCLagk5eTo5oYMrM8,pumpswap,1790444746,0.000002463,2545.82,2365,2365,0,39.89,282209.19,282209.19,0,0,0,3,4157,3582,4157,3582,,-2.03,-94.98,-94.98,0,1,2,1,,1790451858,0,0,0,2,3099,2983,3099,2983,100.0
1790451834,8sfkkCn14rR4Sqa7dkFCXuuxVJbVyECS61yRBNN3pump,Apple,FxuPtzn2CuNx4oqjkpcim3PSxVvapmYLBWBH42D3EkZ8,pumpswap,1790444916,0.000002162,2189.12,2151,2151,0,0,231113.92,231113.92,0,0,0,0,14785,16564,14785,16564,,,-95.71,-95.71,0,0,0,1,,1790451858,0,0,0,0,398,2302,398,2302,100.0
1790451833,4NeDhc3jnUGGzKcsFgmPkyCKk9gVaqPpCkSNJ8kGpump,Elizabeth,FxqefiEAZKFM9SsicogcFGrewe8rrxtGchhz49FK9xD3,pumpswap,1790446663,0.000009793,7077.49,9329,9329,600.23,8123.35,200924.61,200924.61,10,7,101,207,2486,2285,2486,2285,21.91,-27.92,-80.42,-80.42,0,0,0,1,,1790451858,8,4,68,147,1018,1148,1018,1148,100.0
1790451832,2cCyyfWjbTemaSgfLzNMfMHcG3RY4Bqt3mkCjkSKpump,Google,CEM2ah6RSfgaDkYwcTMsdJw9rjXEN4KGp7QLv5ZCDCx9,pumpswap,1790445813,0.000002151,2174.8,2142,2142,0.15,52115.52,120453.52,120453.52,0,1,484,2480,14572,14131,14572,14131,-0.74,-99.83,-95.74,-95.74,0,0,0,1,,1790451858,0,0,108,2109,2551,2274,2551,2274,100.0
1790451836,Ghvn5nKzvtmrT96YpwEq8dQq9eUaw9upjvDF5ZBypump,e/Z,7Kkdpkz1LGfjibQHa4oA4rLXLi2ApwhRjFhpfDc2mb3y,pumpfun,1790446641,0.00004988,,49884.96,49884.96,0,0,10320.5,10320.5,0,0,0,0,9,0,9,0,,,1369,1369,0,1,2,1,,1790451858,0,0,0,0,9,0,9,0,
1790451837,JAccgVwonRw28jZ3fHdgwtyAfKJRPd5qMqaVP2xipump,FLETCHER,CmcL1kMybybZV5tKAwz34xnsRMpxpDfuWAMPSU53bJAq,pumpswap,1790447880,0.00007415,23472.38,71220,71220,2259.62,155433.53,287648.51,287648.51,22,16,1399,1171,2708,2288,2708,2288,13.63,38.32,50.84,50.84,0,0,2,1,,1790451846,16,12,654,646,1247,1109,1247,1109,100.0
1790451836,G4zJATx1sgRCp4kMqxd8dnDPtyK6Qqe6a9XHL7avpump,DIGI,8ot7d5mih1puscx9pPx4z7aYMoxwW68m1cyhh8c95TFe,pumpfun,1790445664,0.00001526,,15267.19,15267.19,817.76,11876.46,55521.99,55521.99,12,11,94,98,460,373,460,373,4.83,-36.7,340,340,0,1,1,1,,1790451846,1,0,61,70,298,233,298,233,100.0
1790451833,4Kz2FwUJVEb2P2dFBbj4AHFM7Li6rn5mJdFsUU2nWNkC,SPAM,VVUmmg2f2HaUshgbRkQKHokTgJ2fNeHNeGUhbaSKymq,raydium,1790445736,0.00008364,26731.23,83646,83646,3530.09,89299.94,158215.65,158215.65,19,17,401,406,887,801,887,801,10.22,105,70.46,70.46,0,0,1,1,CPMM,1790451846,13,14,208,224,422,499,422,499,99.9999999998365
1790451837,SaPFjDCz4bcrqVkU6JWjskJftp9jENNxP5T9Ur1pump,TIFFANY,8Xa7oP25VtGznGNU7rtMHtb3MYk2Qzd5NHxdV4nKskMD,pumpswap,1790437692,0.00006458,23649.05,61744,61744,4798.75,138758.52,1852060.51,1852060.51,71,40,1433,1218,17990,15056,17990,15056,-19.43,-58.7,28.49,28.49,150,1,1,1,,1790451846,52,30,551,647,5561,4979,5561,4979,
1790451834,AHqVmre8zTGahFJVvMYLwj7kLhhdHoUGJ7LmGsfLavpQ,ATTENTION,7QDM8r6LyRCK39NmBopJintKsNZ21zkVZFagAw7vbyg6,meteoradbc,1790448232,0.00004139,,41393.99,41393.99,0,12939.26,12939.26,12939.26,0,0,245,326,245,326,245,326,,148,148,148,0,0,0,1,,1790451846,0,0,29,31,139,128,139,128,
1790451835,AzCW8dQ8WMrmgYyrtTpJCYBJEFKbq2aURcZXdJyz9aeC,KARDASHEV,86Nao2GQNb8MjQUGp85B9AZH8K7h8i1LzJGyKpjMuoxV,meteoradbc,1790448312,0.00004701,,47010.4,47010.4,0,6643.7,6643.7,6643.7,0,0,140,180,140,180,140,180,,236,236,236,0,0,0,1,,1790451846,0,0,100,132,100,132,100,132,
1790451835,CE29TZrWTMuTX6TS73UiRdyY2rXh137qtfoFpHwU1LUm,PIZZA,DZHEzvcAy6SFHAg23ABn8cqLVZzGsSEVpTaHMxu91KwX,meteora,1790448309,0.00002113,2.91,21133,21133,0,109960.79,109960.79,109960.79,0,0,668,444,668,444,668,444,,103,103,103,0,0,0,1,DYN2,1790451846,0,0,391,105,391,105,391,105,
1790451835,DHqF3WCrD2YvLMC3KFcYBZcmc9BcpMmwUXZXdvwhocUZ,FORK,AM7WMqYviQyw7jM1KvutMkobFvcwZwiDHribyD9TTNBm,meteora,1790448311,0.00001685,1.89,16851,16851,0,84759.65,84759.65,84759.65,0,0,615,380,615,380,615,380,,55.04,55.04,55.04,0,0,0,1,DYN2,1790451858,0,0,405,80,405,80,405,80,
1790451835,CgXXVX4E7HihNxVrSfCex4rhsj8zSkGki1wgZY3hpump,AMERICA,5SKYfftwobiLvAfX6cA4CjNapoc4YBQPQ49cacxwpJop,pumpswap,1790448159,0.000002191,2252.71,2179,2179,0,379823.72,395357.12,395357.12,0,0,7567,9252,7930,9592,7930,9592,,-99.33,-95.65,-95.65,0,0,0,1,,1790451858,0,0,2239,2595,2288,2598,2288,2598,100.0
1790451835,ByTRAKBNdt8RCQkUeUbURyS4skRwFVZYtsBaBadzpump,Mercedes,9GpcyQmk9fRWwWgpSWrEU6sq4F5hcJzb5hgUuQszB7DC,pumpswap,1790448113,0.000002189,2217.05,2179,2179,0,242178.02,260273.58,260273.58,0,0,16588,18077,16615,18079,16615,18079,,-99.45,-95.65,-95.65,0,0,0,1,,1790451858,0,0,425,2327,451,2331,451,2331,100.0
1790451833,6yfKz9zWqoMVEfB6SQmeLj9SeNXV1w7ToBn4MCCrpump,SpaceXAI,Db1akPfYavQHvK32nLdJu5pR6cAbRnZyzR36TWdhfp3j,pumpswap,1790445933,0.0006358,72240.64,628766,628766,10655.01,146711.51,284043.84,284043.84,1565,1433,17565,17480,30526,28440,30526,28440,68.55,30.35,1159,1159,0,0,0,1,,1790451858,222,136,313,316,2364,818,2364,818,100.0
1790451837,HCFC1EyKA1WyPNeLNdB3L6YhcBoMGugNpTnVrGQxpump,BOOM,BDaCn4LbmkWDgsbrfdciswcoXCDEuggY6yjNUJfSofcZ,pumpswap,1790449518,0.000002335,2392.82,2335,2335,0,178001.75,178001.75,178001.75,0,0,815,807,815,807,815,807,,-96.53,-96.53,-96.53,0,1,2,1,,1790451846,0,0,608,598,608,598,608,598,100.0
1790451836,GRFTGXdvMst8FSHTh65GFoLdQg4mDr63YWo5aVhrZrAB,WASTE,D89W4obeH6ueP2faiarho8ZSh4zDEdmvpL6s98RzMu7d,pumpswap,1790451424,0.00002894,13572.37,28944,28944,6017.67,10784.94,10784.94,10784.94,63,77,132,123,132,123,132,123,-35.37,-40.72,-40.72,-40.72,0,1,1,1,,1790451846,28,34,98,84,98,84,98,84,
1790451838,yqmDP7DVtL78nqmVH1jMYRxTR7LixpssPBgKFynpump,PUPPET,DTzSNGRGJSV2UDAPT16wimEnz6HZF7zdLjMvXc44Zs9W,pumpswap,1790450295,0.00001214,8086.67,12144,12144,1342.21,75840.59,75840.59,75840.59,17,49,702,722,702,722,702,722,-27.19,-75.28,-75.28,-75.28,0,1,1,1,,1790451846,7,21,431,440,431,440,431,440,100.0
1790451833,5js573e117ihF58qeg82ChJ1N5xz9SvTeWUps9k2CDS2,BSCNews,J7LUxEkv2xUeZmQ1f5mrs7RLjUjNP3zxDkjFcmJ6J9TA,pumpswap,1790445019,0.00001688,9940.59,16196,16196,1115.15,40107.8,206500.97,206500.97,8,16,407,299,2868,2223,2868,2223,-19.41,-46.42,-66.31,-66.31,0,0,1,1,,1790451846,2,6,141,154,1089,1069,1089,1069,100.0
1790451837,ZrQdfsbm4XVBXMBr8V9Qxvy4Jkt36b5K9iEZmR9pump,TROLLOWEEN,2Uzgmpwp45rw2eNUzBgXvYjmLLe3tFX7qRM64ELu9bM9,pumpswap,1790448726,0.00009468,26639.73,91506,91506,6846.97,176373.46,176373.46,176373.46,91,589,1981,3479,1981,3479,1981,3479,16.64,90.43,90.43,90.43,0,0,1,1,,1790451846,67,41,1187,660,1187,660,1187,660,100.0
1790451836,EVDWrRqGzad4GNwdSrAR4dpYGHb6xBLe8hHbLpeypump,Waah,EdGCHjN9Vd832cHYyQBkzQkrky4ie2mGJAMUaqrTVfcv,pumpswap,1790451320,0.00006564,21579.39,65645,65645,25452.6,34453.78,34453.78,34453.78,243,150,348,238,348,238,348,238,37.21,34.22,34.22,34.22,30,0,3,1,,1790451846,139,95,252,167,252,167,252,167,
1790451835,DU5L11pfQ1EyDWvBhM5sp2piGeHEYDy9sdTvDkfcKrNs,ASH,CMFHoNSG2f4MD6zkhmtKMV2XLmxaE6unvCE1X1gmkhgg,raydium,1790445428,0.000003189,19743.9,31891,31891,259.41,12017.83,68489.62,68489.62,6,8,123,90,678,353,678,353,-5.04,-35.82,280,280,10,1,2,1,CPMM,1790451846,2,6,69,70,356,233,356,233,98.99999999937
1790451832,2z9BdWALijR8BgQDW3bQmQDJpivxzkPvUirFUdPDBAGS,BILLIONS,6QiPLh17Bp9trjXU8PgYedyfAPnBfniYmjqCgLArzbTD,bags,1790450154,0.00006790,,67900.25,67900.25,0,1.85,1.85,1.85,0,0,2,0,2,0,2,0,,0.01,0.01,0.01,0,0,0,1,,1790451846,0,0,2,0,2,0,2,0,
1790451834,8b9MNFnJn5ayeNnmxFQuJZexmHSXK8dizYXvznLZ8HvC,GARY,4Hpj3BhNw42nGzVT7DaGVpUa5gN72xLAH55qr7AAGLsm,meteora,1790450118,0.00001808,3.6,18080,18080,0,152345.84,152345.84,152345.84,0,0,1108,700,1108,700,1108,700,,71.43,71.43,71.43,0,0,0,1,DYN2,1790451846,0,0,558,105,558,105,558,105,
1790451833,7rk2Kf2MxJB2h73UTg7p6MwdZk1x5PEtDtAjkyFY48Fr,BILLIONS,HQJucdd8kLNULM9nQ4H6seBx9bxiwMS924xQjaDqSAah,raydium,1790450098,0.000003732,5864.28,3732,3732,29.58,328318.35,328318.35,328318.35,3,4,2168,2100,2168,2100,2168,2100,-0.36,-92.64,-92.64,-92.64,0,0,0,1,CPMM,1790451846,2,2,1017,969,1017,969,1017,969,100.0
1790451833,6KEMkWRpRj9TKrreUxz3TsTfrcTvVov2Re6DdDCFF7Lt,MarsCoin,9b48trkydNbLwkE9WyYCcZVV8uBqWjho8vZH97CzZ7YM,meteoradbc,1790450150,0.00006004,,60046.79,60046.79,0,8066.97,8066.97,8066.97,0,0,301,297,301,297,301,297,,34.52,34.52,34.52,0,0,0,1,,1790451846,0,0,172,161,172,161,172,161,
1790451835,BcUMXs2HtEkTAnfCfH8tfGbUKTcq8gpGwpnd5ZaxqLtM,SURF,Bxs2hCKQuy6k1AKW7fMN1w4amCYJGVo3sPoE5A13tFcP,meteoradbc,1790449998,0.00003019,,30195.87,30195.87,0,7066.42,7066.42,7066.42,0,0,401,451,401,451,401,451,,87.09,87.09,87.09,0,0,0,1,,1790451846,0,0,181,185,181,185,181,185,
1790451832,13iZbQ7GHyUysNZA5uZX4vWuJSgwWWp4UmtRzCrbzekr,bPay,5U6pQc7KMAF1pjQ9r21edUy2knFSzoEg3YqE1vqv2MqL,pumpswap,1790448822,0.0001766,248916.08,176631,176631,982568.02,9161068.68,9161068.68,9161068.68,765,545,7638,5173,7638,5173,7638,5173,15.56,138,138,138,0,0,0,1,,1790451846,199,49,2340,64,2340,64,2340,64,0.000000000416060130658448
1790451836,EKZwDZR1SVdEQHCdnCKFMCbG9ZLpZCHf8jHQtD6tpump,Meta,SgNYhK3Puh1b7kk5z4qpHjFK9xmycMAznJzhqhz9PTc,pumpswap,1790449747,0.001137,96570.48,1137407,1137407,13245.62,104004.12,104004.12,104004.12,1380,1876,9651,10750,9651,10750,9651,10750,32.61,2157,2157,2157,0,0,0,1,,1790451846,185,146,2429,408,2429,408,2429,408,100.0
1790451833,5CF7XmgB4KVz9MecgP598fpN8MV5B7zXY92jZR4KSELQ,AGENT,H4ZqimfJDKUdtu7pgy6YC3hfqf85qLeNj3RFgNgEuUv2,meteoradbc,1790449263,0.00005454,,54546.14,54546.14,0,17004.44,17004.44,17004.44,0,0,728,872,728,872,728,872,,5.98,5.98,5.98,0,0,0,1,,1790451846,0,0,205,197,205,197,205,197,
1790451835,CZhArjZE1zAhg6p8QJQ7Vs734q6jK1Y74Rggpr52VxNV,SURF,8uaCVoPUDmy82hn8ktYSenhWyj171TmWtKvvx9w9DF9d,raydium,1790449981,0.000003839,5820.07,3839,3839,2546.99,112982.42,112982.42,112982.42,15,58,1060,951,1060,951,1060,951,-59.23,-92.24,-92.24,-92.24,0,0,0,1,CPMM,1790451846,8,20,553,645,553,645,553,645,100.0
1790451836,FEamXZx6VAawJeM82Dan8gVKjEyk8Nd1xmic5Cxypump,e/send,EfBfThQE6xJiLuoCP6TBF587ycaz7qdWjjTGZZLKz1pC,pumpfun,1790450315,0.00004982,,49823.33,49823.33,0,10307.74,10307.74,10307.74,0,0,9,0,9,0,9,0,,1369,1369,1369,0,1,2,1,,1790451846,0,0,9,0,9,0,9,0,
1790451836,H6cWLaPi1ZdoSofgLSR3ZUXAXDRcM7gexkrvzPmrpump,WINTER,CcMDvjMY9qoEXHFYQh8QHk3faq7MaYJ8cEqn1HYABU66,pumpfun,1790450430,0.00003925,,39252.52,39252.52,155.83,56048.05,56048.05,56048.05,8,6,264,203,264,203,264,203,0.21,952,952,952,0,0,2,1,,1790451846,6,4,244,153,244,153,244,153,
1790451835,DtP8Vz92Ca6oNGW6vH2bSsXzrT76HKSodn8Kus8MBAGS,SOLARIS,5r9jonJAzR2H2ww63CtZzHELdKStVh3g6rWWdwjvPU9T,bags,1790451362,0.00006784,,67846.28,67846.28,0,1.18,1.18,1.18,0,0,1,0,1,0,1,0,,,,,0,0,0,1,,1790451846,0,0,1,0,1,0,1,0,
1790451836,FjXJFjV8FmD7f5WeNSpJxsmKRwvaH3nAunMFmSjCptxH,SPLIT,741grBxGyL4Hy6hLw2b4Ed3u8Pm91oktL1EvdJusTQur,meteoradbc,1790451325,0.00004038,,40387.6,40387.6,0,1692.49,1692.49,1692.49,0,0,28,21,28,21,28,21,,151,151,151,0,0,0,1,,1790451846,0,0,25,20,25,20,25,20,
1790451833,7Pyhmi1QhVY4PsAd68KFh3GdGT4EFjJw3LPfwmxepump,e/acc,CWamHuWLZkazit8AsfUgkEDpzNidyCzgC1KPz95m9ioT,pumpswap,1790450524,0.0004034,56837.99,403498,403498,79667.48,205698.53,205698.53,205698.53,1482,1218,6096,5471,6096,5471,6096,5471,-56.9,701,701,701,0,0,0,1,,1790451846,839,757,2103,2194,2103,2194,2103,2194,100.0
1790451837,J2RKtqGFatz1f9vZkirheoVJU2w2yR17qL8XmVe9pump,White House,CuezpVoXMYeLofVaMk59A525Pz8kejaQWEXiqgVa5eZB,pumpswap,1790450082,0.0001974,39332.48,197417,197417,57402.97,278480.67,278480.67,278480.67,1074,1185,5778,6330,5778,6330,5778,6330,119,292,292,292,0,0,0,1,,1790451846,699,776,2620,2880,2620,2880,2620,2880,100.0
1790451835,DRKGYsGALqr5p2aTcGLK9zqiPB5wk7JV78bJv4mPpump,SPLIT,6BZF1A29Pkke5bjkW2SM64HnaYYRWVFAHKNRK3emoCwe,pumpswap,1790451061,0.0003234,52540.41,321794,321794,335906.23,728229.51,728229.51,728229.51,2472,2278,6398,5189,6398,5189,6398,5189,183,543,543,543,0,0,0,1,,1790451846,1004,849,2877,2044,2877,2044,2877,2044,
