ts,token,sembol,pair,dex,pair_olusma,fiyat,liq,fdv,mcap,vol_m5,vol_h1,vol_h6,vol_h24,al_m5,sat_m5,al_h1,sat_h1,al_h6,sat_h6,al_h24,sat_h24,deg_m5,deg_h1,deg_h6,deg_h24,boost,n_web,n_sosyal,n_pair,etiket,gt_ts,alici_m5,satici_m5,alici_h1,satici_h1,alici_h6,satici_h6,alici_h24,satici_h24,kilitli_liq
1790581805,4MT4NAgPGXLa6ZCPdCyRWPKZsyD22Y3rUcUZhLjyqJar,OSMA,8Ax75NZniL9cowGMQNjuEQDvCKNQ7kKyDcrYFrBsu1kG,pumpswap,1789115327,0.000002781,2821.67,2701,2701,0,0,0.92,0.92,0,0,0,0,0,2,0,2,,,-1.7,-1.7,0,1,1,1,,,,,,,,,,,
1790581808,C5tGuxaPnbxHHP6RTpAQs34x8TN8A9ZfJxcfizd2WF3u,stocklana,HwSUdcDqu1yUuvjsrVhwzSPhrfRjsxcrAWT1AMurtrt9,raydium,1789133472,0.000005555,6873.04,5556,5556,0,0,4.66,441.56,0,0,0,0,0,1,2,6,,,-0.46,-10.96,0,1,1,1,CPMM,,,,,,,,,,
1790581808,CGwAi8WwEcte6XmbgqSAXEQF7ZLdHfrj3HDtv1NUpump,STONKY,5WNMuqfq2RuvoBCr2AzCw9Nyy5UP9EButURvpRe87Km7,pumpswap,1789133199,0.000002652,2737.13,2583,2583,0,5.58,20.79,144.17,0,0,1,2,14,15,99,63,,-0.55,-4.39,-2.25,0,1,1,1,,,,,,,,,,,
1790581805,2NdgMAFbWVHvXJcoAwuRkTfYn1j97THVCThWATKHSTNK,UHI,HxaoMaQrpZH947ujX9hbN16jhWAjdbBScgTqZApeNrMb,raydium,1788840437,0.00001072,9496.36,10722,10722,0,31.88,495.92,8153.76,0,0,0,1,4,8,42,61,,-1.62,-2.98,7.7,0,0,1,1,CPMM,,,,,,,,,,
1790581809,D19orhRdeNGPYypFg5JgqDRhpXq53JnAQ8nTPWe3i4J6,Rock,F4MD91Xs5GLrEvs2vkekPF9srJYoJChK1vKcRM33SkzF,meteora,1788930894,0.000009245,11070.22,9245,9245,0,0,0,18.57,0,0,0,0,0,0,5,7,,,,4.49,0,1,1,1,DYN2,,,,,,,,,,
1790581806,5Zspimi8VD6LctJLtaSjLqaSUvmh3Rs849iPtGocpump,MIZO,G2pNaeFEUaq8ArWbCYe1wv8vRfd2ZL8LjPN8mcJqGeop,pumpswap,1789289607,0.000005820,6395.41,5647,5647,0,0,82.08,3348.38,0,0,0,0,2,4,23,50,,,-0.24,-59.96,0,1,2,1,,,,,,,,,,,
1790581806,6Mmpe862mSEcDgWMwh3Y4pE1afBFsJtD8LFVDkixHCVJ,uniPCs,Dnm84Poh7aZebvKf4rUe7aGUwU2EqT3vwhXWzJJCBD2h,raydium,1789263779,0.000007253,8420.25,7253,7253,0,0,135.09,356.99,0,0,0,0,0,6,1,16,,,-11.55,-21.17,0,1,2,1,CPMM,,,,,,,,,,
1790581806,5YR4QciAMw5NqV95Ahjpvc5F6cvqsTCZAddu4hZpBbVx,Cali,HsLEjmRbJwn6cxhDkiXL9FGhFDKYq27351RRNLMBxFEi,pumpswap,1789737680,0.000005245,4878.95,5132,5132,0,0,3,147.91,0,0,0,0,0,2,1,7,,,-2.43,-4.97,0,1,1,1,,,,,,,,,,,
1790581805,41tE1JqzfNvsqP9P8XyMUzRa5H8bHJg5mGhQcgtCP8BD,Wolf,GoUntqFS6kciYkD79tUV51APzg5QxCengQeuVAFiFX7C,raydium,1789658065,0.000003389,5000.26,3389,3389,0,0,0,47.95,0,0,0,0,0,0,1,4,,,,-1.91,0,0,0,1,CPMM,,,,,,,,,,
1790581807,9NR6u9J7KvfyZdi2n9VnEjv5JgV3BRE4WLvXWQiRJ4dk,MONEKO,38jN4Ss4S6GPArRBPy8YG3i91xXqV8Zfso2taBiYbpQg,raydium,1789753719,0.000006208,7149.21,6208,6208,0,12.45,154.25,5448.42,0,0,2,2,6,6,107,114,,1.03,-9.34,-43.65,0,1,1,1,CPMM,,,,,,,,,,
1790581806,7vD6CsCqfx9Av9hPW5W1PBMEkZbY4FnUQcuDTbxjhYrX,PURPLECOW,8aKt2iG6vGHtfoFpan4Cfnts5xY3hQoY2N2NFvMjyAjB,raydium,1789759966,0.00001062,9059.24,10629,10629,0,0,2.46,329.44,0,0,0,0,1,0,1,6,,,-1.59,-14.54,0,1,2,1,CPMM,,,,,,,,,,
1790581810,FYZcYCHSp8FzNba1UtDZydKKGosmxVNpFBiVuia38AhT,MONARK,GhCGq9qTCBWZvpBY4fzfvxvENWe1syryLuGACgj3Lhvg,pumpswap,1789324540,0.0001318,32311.92,125656,122770,0,126.03,2793.96,26162.34,0,0,2,3,21,22,142,127,,-0.6,-13.65,-32.37,0,1,1,1,,,,,,,,,,,
1790581806,4ijnHeHgNnXmg45rhUV6aETFSbTwvjJG2Zmd1MePMevW,BCC,8V8aMzMdmTSJevjeHf2EBpo8orPbhMcidLGddi8hSXAW,raydium,1789783017,0.000008859,8775.18,8860,8860,0,0,8.7,208.63,0,0,0,0,1,2,3,7,,,-1.47,-0.63,0,1,1,1,CPMM,,,,,,,,,,
1790581806,53rZTtfGghxqdd6qTeDdfS8MBqg2CTyQeLW1LHCRpump,Pigeon,EyTL6ovdNrrnfyuvfsEkFDAmGk8nbt2dkxG6AdubaXC4,pumpswap,1789783333,0.000008692,8075.42,8298,8298,0,25.05,1214.4,4010.54,0,0,1,1,14,17,39,70,,1.05,-15.13,-24.63,0,1,1,1,,,,,,,,,,,
1790581806,4cNw6oWoBpDHC7pkwrZoTgMePtzQ3suCjNbw2zAppump,Botstrap,AmdKtDsm4Q6PPV8ppP1ky37CSRFHKjxQMLsGjUQPd36X,pumpswap,1789782841,0.000003095,3094.35,2974,2974,0,0,0,4.82,0,0,0,0,0,1,1,2,,,-2.2,-3.48,0,1,1,1,,,,,,,,,,,
1790581811,TVvnJTedD3WgAPede2xUmRjweJqNdhCEgyjtKv3rCq4,SHEEPLE,AkM2Ua4ZJwkcjQ3dKiV2wMeiK1b1a9TaUXoWjf3c94Wr,raydium,1789729309,0.00007240,23066.55,72405,72405,0,8.04,545.15,9937.22,0,0,1,1,37,14,259,99,,-0.96,-2.64,-3.45,0,1,5,1,CPMM,,,,,,,,,,
1790581811,fvHLJUwsynVHJrssbZ8MLNyku9jt2izUspbBD4Spump,FLEX,8qwgwpdfbBMNhdG76bDmtvLeSqtG9cEwuGGy6wGKhTB9,pumpswap,1789784302,0.0001748,46818.45,167621,167621,54.05,6642.99,17315.4,101685.02,2,7,79,69,138,222,733,926,-1.42,-7.74,-13.92,-42.41,0,1,1,1,,,,,,,,,,,
1790581811,biddm3N7RjyjfcnzmjgrQJ24QKooBGUy1RYP1aEgtzW,BIDDY,5jg5hzfX8SHJ65EnbM1BHkjirv4nfRk5aQkKhUWhfvU5,pumpswap,1789777823,0.000005975,6241.34,5892,5892,0,0.27,6.58,3098.88,0,0,0,1,1,5,17,31,,-0.13,-3.15,-18.81,0,1,1,1,,,,,,,,,,,
1790581810,H24uTio4iVmRvLik1tTikFkq6JHj2tAFhEcz5i1jpump,SocialFi,EqXkCLFAZDzuGhrYafuPM5tziQeyBSkXeqFBEFGJbDio,pumpswap,1789810383,0.000002469,2493.17,2376,2376,0,0,0,1.16,0,0,0,1,0,1,1,3,,-3.9,-3.9,-4.66,0,1,0,1,,,,,,,,,,,
1790581805,2o7GSmHtgYt7Tbub6ceyDp5FbrbaT32ED5VyaYkTD5qb,URANUS,G8H8naxpVrhaUvRbJH9QSeW93rv6b649drAKtais7uF9,pumpswap,1789795371,0.000005556,5765.56,5385,5385,0,6.95,48.77,1366.91,0,0,0,2,1,3,16,23,,0.33,0.7,2.37,0,0,1,1,,,,,,,,,,,
1790581809,F25HbBTHEtKuQMAVzrtKgz36UihMu5hA4MFu2CgXuwzK,ACHI,24VDbP9qWQHy7mtHxSHXXqzPsjxiVyEtQAiK3WEosQ11,raydium,1789810688,0.000005339,7376.8,5340,5340,0,0,0,58.82,0,0,0,0,0,0,0,3,,,,,0,1,2,1,CPMM,,,,,,,,,,
1790581809,EYoepkwPGRRJ7fg3LbL51NZCQXMeyi6pH9Cc5Wtbpump,Hosico,DRhz8ozRLLSGKasEkQQVmg86kBSNFexz1oGt1R4aoVoc,pumpswap,1789824434,0.000002586,2968.27,2564,2564,0,0,0.19,31.91,0,0,0,0,2,1,30,14,,,-1.98,-0.77,0,1,1,1,,,,,,,,,,,
1790581810,FgRjrh8ZRCwQSdv2fBQRNvuiYZ1B5G8S37Xw6Jtapump,JP,BdSytpDu2pqeiVMzPNTk1fuDjfyjMiUaQ7FwS7iPqZJT,pumpswap,1789829649,0.000002935,3008.16,2834,2834,0,0,0,39.23,0,0,0,0,0,0,0,6,,,,-3.34,0,0,2,1,,,,,,,,,,,
1790581806,7GuTYEM2bF7fWF7zKfJ8UWMrs7i6xeoDMFJYnGXDH9ke,HABIBINU,5atfaxXcXZoKeuYBhtivg7Z6xDWBvNHTfYeNDNix11ca,raydium,1789740797,0.00001072,9467.14,10724,10724,0,0,19.52,1188.4,0,0,0,0,1,0,13,10,,,1.6,25.27,0,0,0,1,CPMM,,,,,,,,,,
1790581806,58bv7kqcc7ybfCLfaKXLz8B1PH569De9gYcn97Cdpump,WOBBLE,JCt5622uTeeQUQvv2GtoA4BaJK6rdYkTBBkkW36Z1zaX,pumpswap,1789847469,0.000003180,3554.2,2856,2856,0,0,0,0.02,0,0,0,0,0,1,0,2,,,-2.23,-2.23,0,1,1,1,,,,,,,,,,,
1790581809,EPeReW6ScEqdeC7eVDceLuJDLrW7m1ggnaenSeQoP9b2,UMADBRO,Cd8pTuwmwbf3rBRJ2VeXJJXX92kXKzraY6Nx6B7sut2Q,raydium,1789844091,0.00001429,11222.64,14292,14292,0,7.62,196.39,3319.68,0,0,1,0,6,4,29,22,,0.7,-0.07,-32.73,0,0,0,1,CPMM,,,,,,,,,,
1790581810,GTBxUiw6wJdmmkCGZgRHLyYxqu1vG4KtRpeox6yDpump,JEANPHIL,4R8CiMnJWDNoes3fQi1ccPFJygPXazaHaWpHrN3rZeNj,pumpswap,1789844819,0.003228,256746.17,3130062,3130062,680.58,17620.22,132194.76,1323382.86,11,4,77,56,573,408,4897,3516,0.47,4.53,14.4,-33.38,0,0,3,1,,,,,,,,,,,
1790581807,9RPHFUTADgLmowMGVp7SFMNrmXzHzZqrTohxWCiLpump,PRISMCHAD,9VF5JGuPeR597ftfZF5pvRgXvo5f5CgifcUqPxhxSdEx,pumpswap,1789870582,0.000002350,2469.5,2273,2273,0,0,0,0,0,0,0,0,0,1,0,4,,,-2.15,-3.76,0,0,0,1,,,,,,,,,,,
1790581808,CVoNMSYK9mVd3TzAutnrRTKmptQUQ7r9qBg1ejb7vVd2,WIBBO,D6q3JkB1iKJEmG2fk7UFodXePKbBuMqtkV5pWFq3NoWz,pumpswap,1789869213,0.000003819,4087.99,3628,3628,0,0,16.69,154.87,0,0,0,0,0,2,0,6,,,-6.7,-11.97,0,1,1,1,,,,,,,,,,,
1790581811,wXbiXbyVLX5tpcPvWvowYFHjDi4ikkGiG5RsLcXGgPf,UNCINU,EkYTFw676md46Dya2qJMQKdwZPi6KcuNWD2WHPjQ6kDu,raydium,1789789499,0.000005756,7530.65,5757,5757,0,52.92,52.92,170.78,0,0,0,1,0,1,2,8,,-8.19,-8.19,-5.62,0,0,1,1,CPMM,,,,,,,,,,
1790581807,9CQXMafrzB77Q8kphj4Mb7VxaaBXi2e7uYFYcHDoWAaA,XTZ,FLrv35hhFZEzgZsHnZYVDozSoWdLjaeY5ciB4ktsqrBw,raydium,1789875825,0.3431,71751263.31,72057255,72057255,21774.77,43551.77,84008.79,298539.66,0,1,1,1,11,11,40,40,-0.01,,,,0,0,0,1,CLMM,,,,,,,,,,
1790581809,DCixmHczeozajxxk4CitwnQftrTK6ryPNJ9ATD5cFoCQ,BITSHARK,6sEoBEePNsa4S4k2EuGKsXae8iPTWwks3tsXz3eXE8mq,raydium,1789912091,0.000003958,5926.12,3959,3959,0,0,50.7,69.45,0,0,0,0,4,0,8,6,,,2.04,1.07,0,1,1,1,CPMM,,,,,,,,,,
1790581808,CVG9CZzGzGsdxaKcNdXQWpJsBYq2FpZgq4NbAQN7pump,TIKCAT,Ev8gpNM4vK4jYoR8T37p9d5x1xi4DMXwTcitBWMfspZG,pumpswap,1789912214,0.000002499,2602.5,2459,2459,0,0,8.91,98.84,0,0,0,1,10,8,72,36,,-0.37,-4.29,-2.78,0,1,2,1,,,,,,,,,,,
1790581809,EnGnwy5koQkE8i2HLAfmNqyCmjdPhyG12yyPutTQpump,W,Aqww2uSh3oenGSuBQ3dYjiJGjGALPDco8tffnVzVMrYP,pumpswap,1789911810,0.000002991,3175.74,2876,2876,0,0,3.67,12.06,0,0,0,0,0,2,4,4,,,-3.06,-5.78,0,1,1,1,,,,,,,,,,,
1790581809,F8rFVpXYtsEchbAfKChpTKAjBbtVyCnpX2yy5i7Bpump,TUTU,6Z3cpe5eUHocMF7YsbnaybC8UH7kpk5HtPLKoZiZpyE5,pumpswap,1789918672,0.000002645,2744.23,2550,2550,0,0,0,29.39,0,0,0,1,0,1,0,6,,-2.87,-2.87,-5.41,0,0,1,1,,,,,,,,,,,
1790581805,4QCKwhetNJ2Sd5xKhtmUYw5aC2rT9gKW2W72ix2Wpump,JEANSEM,6vEJEappW1ZuFX2pVhQKEaDChrHfGtE6duAor6gHrsRx,pumpswap,1789915426,0.000002357,2493.36,2337,2337,0,3.89,10.79,59.87,0,0,1,1,4,8,41,32,,-0.12,-2.93,-2.17,0,1,1,1,,,,,,,,,,,
1790581805,2oguDsc3BG5N7WdjaJtkeamij9VycCuyCnB455ZaJbXP,SPURDO,E6E8oTz6tPx52eU8q7gxHjAuNZinzituSpGUxcLJdk7R,raydium,1789917086,0.000003328,5607.36,3328,3328,0,0,0,4.59,0,0,1,0,4,0,4,3,,4.2,-4.34,-4.56,0,0,2,1,CPMM,,,,,,,,,,
1790581807,8rq59Z7rjezyuJpEYBCCWG7iEdEuL6EevpUfMoqbcBQ5,STX,464iJip1fGczMYgCjVGZ7D5dYEbUApgdzkzN6bt5jwWt,raydium,1789933494,0.000004718,2888.04,4719,4719,0,17.58,150.24,322.35,0,0,1,0,5,3,15,15,,1.79,-10.27,-0.61,0,1,1,1,CPMM,,,,,,,,,,
1790581806,6ZuNFbwU4L9TEhLqybDdWuqBTb8Lh2znF2sou5urpump,FLUX,A3b6BDcDQ65R2U4naL4gJXp948rArcpUoUpqyNpw54Zg,pumpswap,1789935321,0.000002480,2529.55,2380,2380,0,0,0,0.56,0,0,0,0,0,0,0,3,,,,-0.57,0,0,0,1,,,,,,,,,,,
1790581809,EzfgjvkSwthhgHaceR3LnKXUoRkP6NUhfghdaHAj1tUv,FTX Token,3zWAgdSKF5MgZTbq3XwHjWJg6QvFTWBxT7awxqYqcY4N,raydium,1789931721,0.2419,24935.78,57846,57846,1.43,19.05,242.87,890.29,0,1,1,1,3,10,15,41,-0.46,-1.11,-1.95,-8.42,0,0,0,1,CPMM,,,,,,,,,,
1790581810,HqCa6XCRrzauqsxLGX7tbnU2MTNEZBGSD1p6zUYukknK,DCAT,P3VZ7JyjAtwE32d74HUuEQRzGNEYVYfsMH5XHdsu6UF,raydium,1789956333,0.000006050,7476.47,6051,6051,0,11.1,11.1,58.37,0,0,0,1,0,1,9,4,,-0.6,-0.6,9.78,0,1,0,1,CPMM,,,,,,,,,,
1790581809,ERgezJ3dtnivUSsi5c5b85ie53YyQBebqGNngibktiBT,DEGODS,Bj54miKtexz1NkcNxGQwh8kivN7ULqFsdbhMZXSTR6rW,pumpswap,1789956053,0.000007941,6348.99,7616,7616,0,65.18,361.44,3628.97,0,0,1,1,5,10,55,53,,2.46,0.58,55.2,0,1,1,1,,,,,,,,,,,
1790581810,HUUNgfzw1DdyTU99Xp3bRTk5AQg5bmnyKbnHCWQCpump,ZPAD,CWhvJhR4XcgEXDqNFvusD6eiCA9yyuHYofFKpQaf4tRc,pumpswap,1789988331,0.000004680,4819.15,4521,4521,0,2.38,39.47,66.34,0,0,0,1,0,3,1,7,,-1.18,-4.2,-7.87,0,1,1,1,,,,,,,,,,,
1790581810,HfHsU5Nmf2ei2YzzBAgNH1VhPwBreau8zPZauvgMmoon,UNITY,GMT9s3JTAw4PRKuQ7i1eHuxDj5KBsFWJEE6K5W8Fi7pt,meteoradbc,1789694976,0.000005622,,5622.19,5622.19,0,0,2.24,2.93,0,0,0,0,0,2,0,5,,,-0.09,-0.1,0,1,1,1,,,,,,,,,,,
1790581805,3fAxeRbjd75zp9TZ5xGYAnannU7h9qvcPbSzh95vvt4Y,REMARC,BLWcwm78E92c2gQV8ijua1ktRTxCUfspDvLp1xguSVjq,raydium,1789980004,0.000008935,9193.23,8935,8935,0,0,0,21.05,0,0,0,0,0,0,0,4,,,,-1.15,0,0,1,1,CPMM,,,,,,,,,,
1790581808,CMVpE5U37XtXka3h7RqW4J567RuakJ4iYwubFZPRpNqv,iDollar,Dpd7wD6AQeDamZi6m34XKuUVTT2R919cfMwTxo8Ym9di,raydium,1789983923,0.000003494,5682.53,3495,3495,0,0,72.11,78.89,0,0,0,0,0,2,0,5,,,-5,-5.01,0,1,1,1,CPMM,,,,,,,,,,
1790581810,GrSAmzoJ7pNjrRyhDgaFjHNu4WJcBkLNMCzJa1RLpump,CASHED,wMN9UWyZpauc2efk3iBs1cu2eZNs3G7URot9WpNevWV,pumpswap,1790005103,0.000002592,2694.85,2532,2532,0,0,0,1.7,0,0,0,0,0,1,0,5,,,-2.37,-4.49,0,1,1,1,,,,,,,,,,,
1790581805,2xDxL9jW7SNg6YB313N8Tb7UYYboTqMBdKP96qo3Gf8a,MONCAT,FNoViPcd5Vn1GJQJw9RNL4JzSEUArzaFao8giUZA3Q7Y,raydium,1789996629,0.000006965,7812.58,6965,6965,0,94.05,215.88,675.85,0,0,1,3,3,6,20,20,,4.49,12.6,21.72,0,1,0,1,CPMM,,,,,,,,,,
1790581806,6HU4CmRb15C2nQDx8Ld2f2W2wTdmog6aZiiXdrT5Pzi8,GROK,3NAxQ3UgevvpTLSTjT4e6PuzLrk8YoW6BsLhTYcU9XeG,raydium,1790016873,0.002847,201706.09,2847451,2847451,1279.95,35025.58,121681.18,553868.44,0,2,27,69,193,302,1342,1455,-2.44,-1.28,22.72,-9.22,0,1,1,1,CPMM,,,,,,,,,,
1790581811,TqUWvYLQMTddRfkQQBjSzM1LTQQGHUnnmNNacGLSTNK,COPPERINU,CEj3iSTG1DhMjsbv6iBQ31KpjF42pvP6NQBHseQmvNBe,raydium,1790021096,0.00001408,11572.7,14080,14080,0,179.73,180.64,1838.73,0,0,1,0,1,1,18,25,,5.88,6.92,-3.3,0,0,1,1,CPMM,,,,,,,,,,
1790581805,2jjbtFBnsZNqgNR3N3LVbDtVCLKHK23w3MZzr4a5PooH,PENNY,GvBAfYih9cAw1vaJMmaWJtuFVs6W7ayHr3nK5cF3GhBk,raydium,1790020492,0.000007131,7614.65,7131,7131,0,0,9.64,212.45,0,0,0,0,2,1,10,15,,,0.18,-0.13,0,0,1,1,CPMM,,,,,,,,,,
1790581810,H1L5hW33MEbfNu13991ZREJSZrPzor2KXPFQwtMZpump,RAGEBAIT,9FN3RTt7zfhd4yKhet4iixq24P3XFNx948fGkNfzjMnY,pumpswap,1790018501,0.00004848,19948.2,47245,47245,0,0,1672.45,4995.4,0,0,0,0,10,5,21,15,,,-1.4,-29.6,0,1,1,1,,,,,,,,,,,
1790581810,Hkg5ffPaEthdtTqucQxMDaS3B8ZJ9rag4GnV9SWJe43g,TARD,GG1nhmhY2qDKLP1abjjfLQuRssTYaEJmRCRjuxMG76nC,raydium,1789781240,0.00003160,17477.87,31606,31606,159.85,159.85,240.3,1938.95,0,1,0,1,10,2,27,9,-4.54,-4.54,-11.57,-24.25,0,1,2,1,CPMM,,,,,,,,,,
1790581809,CzLTZppPdZtTjyq3WGpHLstoc3GLhu7zH5Zg6xUa6Gv5,COPX,51AhFzj1wHv8Em7dNpfarA1fKP9u4iBY5YNkFS1r2kRK,meteora,1790021425,84.16,41617.37,294575,294575,0,3053.23,10313.74,45399.25,0,0,11,18,72,170,582,921,,-0.9,-1,-1.09,0,0,0,1,DLMM,,,,,,,,,,
1790581808,BjJyQFGTzu6JQfpdXEZ1mmFzhWgFYgEscRz472Zkpump,CASHTAG,5KiorPssHsHpgwJhz9CDbFiARgCitGTHmhnfHcMn6rY4,pumpswap,1790043174,0.000005836,5704.98,5688,5688,1.65,9.89,301.87,741.47,0,1,0,2,3,14,13,43,-0.3,-2.16,-9.01,-10.36,0,1,1,1,,,,,,,,,,,
1790581806,6QxMcEpYULAUs4Qa28ui2GJ55daY2KqFLRJXHEosNPAu,PICKAXE,FqpWecjYyc2VUqMoTswxn11Bu9Ni1UZBX3WWwZgw19fk,raydium,1790040430,0.000006210,4608.85,6210,6210,0,3.76,235.09,1038.38,0,0,2,0,4,4,32,30,,-4.47,-3.14,56.38,0,1,1,1,CPMM,,,,,,,,,,
1790581810,H7buF7zFb23WLL5DMrdKRKcEkb4BpHZRGvv1n6NE67XT,RAFFLE,3Dmf6oXMP3Kf3xHtKgRGUYBzz2aSwHrnsxrRrt79amBT,raydium,1790047558,0.000005395,6924.56,5396,5396,1.39,1.39,1.39,185.35,0,1,0,1,0,1,6,6,-6.89,-6.89,-6.89,4.17,0,1,1,1,CPMM,,,,,,,,,,
1790581809,EtSVEVHfw75944qMeJs8JZKy3TpgU69pTXY78JvduBY1,USDC,6MiUBKiiJZ8EMTgwNtp56Fnh5UpCrKpUh17bPXN8hDBJ,raydium,1790047683,0.000006147,8035.88,6148,6148,0,2.45,42.61,493.56,0,0,0,1,1,4,6,18,,-0.12,-2.08,-1.75,0,1,1,1,CPMM,,,,,,,,,,
1790581810,HXQ66zSRqynwJQ6vYEYa85qGY9C2Ycz8rnYQHgApn391,GO,C2BB8PEdsZbEWm8QTmf9YBWHor5R5ecb5KkBJfb2b5so,raydium,1790067701,0.00006956,26305.56,68558,68558,0,4.05,1170.83,19181.27,0,0,0,1,18,7,169,134,,-0.3,7.3,2.45,0,1,1,1,CPMM,,,,,,,,,,
1790581810,H9X1jw4QKk5vfv2S84UNWNe8VwP4xXKtLvWTnuoDpump,VOICE,FLo9uh2QeM2HS7BGHD6c65LnsLRhtNZsAcFbaH1299fD,pumpswap,1790091320,0.000002830,2787.49,2690,2690,0,0,0,24.1,0,0,0,1,0,1,0,4,,-3.59,-3.59,-4.3,0,1,1,1,,,,,,,,,,,
1790581807,8Vte25yt28L8BfLXm8DrzjSYEyaKX8yry6hRKRmX7FGd,UPTOBER,HJHA6AFiUQVR4nUScs7ZAR775427PJtVFqj3kmLgP9WL,pumpswap,1790091690,0.0001726,41206.68,167888,167888,101.41,7296.8,19659.1,283823.12,2,3,71,83,231,225,4480,2405,-0.95,8.4,35.53,-15.04,100,1,2,1,,,,,,,,,,,
1790581810,NQ5hSuXQZrbnrwcDVk2qN73njjd3E3v3badYHnj5thF,IONQ,6bMXSku5MEj6DRUVE9DGaEtD4yreAZdB22v6kvtHMdRA,raydium,1790091583,44.13,61826.64,960752,960752,0,656.18,8358.42,23068.26,0,0,0,10,18,47,83,131,,-0.24,-1.78,-2.63,0,0,0,1,CLMM,,,,,,,,,,
1790581808,C9GVVfB6P67FEMvhD1YHyCVPrGLGbpAHtXgnJrig4MKY,SCHRÖDINGER,AMZKXrQjS6JLZXMob2s6P9ZzZ6UZMCufbK3iEf78exZP,raydium,1790091250,0.000006151,8057.65,6152,6152,0,0,20.65,3432.72,0,0,0,0,0,4,58,47,,,-3.3,9.52,0,0,1,1,CPMM,,,,,,,,,,
1790581810,HraqV71uEgzmhRWupWfMT7vSkkm7YMBYq7moBRHceWxP,REALLY,2dVkTVmcGB1erkATESQoKL2DTNw3u2g6VHPkAt6iXZiA,raydium,1790101688,0.000008649,4553.81,8649,8649,0,33.38,768.47,14132.55,0,0,1,0,6,10,126,112,,7.94,-34.83,1.49,0,0,0,1,CPMM,,,,,,,,,,
1790581811,wAifunvXK3VY8MPZo6ECke8We32LcGwehEr9KEz5zT9,WAIF,4wKzaZk9kQpyBDcq3mSdJB7HrtapRSZbAEX8ZfvCtSd1,meteora,1790103712,0.001408,55773.6,1408191,1408191,0,962.3,1208.43,8513.74,0,0,4,1,64,3,298,21,,0.06,1.08,4.65,0,1,0,1,DYN2,,,,,,,,,,
1790581808,BG9JzUixbVqwBgtgTWtdDaJgK1wUTnCESZkHskLbZjNg,Bobcoin,CdbvkUy59ruP6ficdSHa57C7eVxowgmtzi7uZa4TsXsY,raydium,1790104906,0.000003096,5196.23,3097,3097,0,0,18.6,225.54,0,0,0,0,1,3,4,19,,,0.72,-9.81,0,1,1,1,CPMM,,,,,,,,,,
1790581807,9Uqpbbpq7EzAtotoQJhRhD9DUnWAQKB2Bzc2ym7J4yzD,POLYCAT,AcMgAuY1kkBzCcbTGd4YRzp36xtmwCEpotoqEgBmv8W7,raydium,1790103729,0.00008616,26725.71,86167,86167,13.81,18.97,3658.17,20307,0,1,0,3,35,26,202,114,-0.21,-0.35,12.96,22.68,0,1,2,1,CPMM,,,,,,,,,,
1790581805,3y4KW6Yere8NAjVSPVVWEXkUoDfXV8b6t3EDGS2W5wP2,BAKARI,G81USzwt5ud94BDBke2SbdQkeUazVfdGDt8tx8aJdQFe,pumpswap,1790105666,0.00001129,8604.08,11024,11024,128,128,2280.13,15887.72,0,2,0,2,35,27,220,188,-4.79,-4.79,6.66,82.95,0,1,1,1,,,,,,,,,,,
1790581808,BeUAXnAoF1ip3kMLCpgdJ8WRQFTzntDkgfyVYyMwpump,Archi,EhTtok6JCcNauGLr1Rwgi4ZZm7u8k1hRNYmyCDxHWpvw,pumpswap,1790104775,0.000003504,3690.51,3390,3390,0,0,0.05,40.94,0,0,0,0,0,1,1,7,,,-1.35,-5.35,0,0,1,1,,,,,,,,,,,
1790581807,ARMbSB1MBRQrY6PNMao1HdQ431VafC6JRJCsGZ2Yv3iJ,ARM,H8v6Tm46g7AShbL3h1RsD3mUAiPuCizfABGAJTfQG2kR,raydium,1790107878,301.48,52094.02,278875,278875,0,93.54,3220.43,10398.82,0,0,0,6,0,44,48,74,,-0.12,-2.77,-2.01,0,0,0,1,CLMM,,,,,,,,,,
1790581807,8P1XmDhzU8qR3oiXHd2YfmBpB92Rn4hwunMsMGdghvCn,SOLTAO,H56x9EzRFiMgfvXYwyE927qjJuG4QnFGh45tDN7UrFXo,raydium,1790127553,0.00001745,12842.88,17437,17437,0,561.11,3956.72,15387.08,0,0,18,4,45,25,129,78,,4.4,16.96,93.59,0,1,1,1,CPMM,,,,,,,,,,
1790581807,AD7cjPhebfrtXSNmBRs6rxnawF87zCeUE2Mxc4ZmWmrH,TYGR,23xAFZzbCer38XYT6VEZE7QLcNwjetT34VowF4Fd8gVh,raydium,1790127358,0.0001267,31905.89,126787,126787,26.72,95.26,6080.3,28521.09,0,1,0,2,19,23,101,118,-2.09,-2.04,-10.75,-28.55,0,1,2,1,CPMM,,,,,,,,,,
1790581809,DpHfXmbiPiqcA8agUnzEttFQg968xxhYBsvUivQbmoyp,CI,BpiURyGawT9onANR99qrm4An6E7SABwqxoZQYh5M3Ahh,raydium,1790128125,0.000003461,5415.31,3462,3462,0,0,0,117.6,0,0,0,0,0,0,0,7,,,,-6.15,0,0,1,1,CPMM,,,,,,,,,,
1790581807,9RL1WFSXYyV4ZhdVbRyfm5zLFu1zPdkaPVQXo879pump,FROG,7EL95eh9e9vrvus3y6eMfT1sqT1HyxivzUyMPWN4Ms4i,pumpswap,1790128561,0.000002684,3132.67,2622,2622,0,0,0,0.15,0,0,0,0,0,1,0,5,,,-3.23,-1.97,0,1,1,1,,,,,,,,,,,
1790581808,CfEKLtLG6BDXZeY2YwL9EETK1PRTdpUhqJsy9X7CkzbQ,₽,HGuWbSNsj44HmedYrfat22noKyFUxxhhguNjPtYCE4R9,raydium,1790129402,0.00002357,14538.84,23571,23571,0,4.74,242.26,2544.51,0,0,1,0,1,6,13,26,,-1.53,-12.75,-32.29,0,1,0,1,CPMM,,,,,,,,,,
1790581808,BQtbEDcZRciafnXk5t5pFFaAiDkBAGufsRV3Ms9GJbiU,BASEDCAT,FmPbnsKeb1e2iVYbCiz7ZxmNhD5jnzzDCn5exdZmiAAG,pumpswap,1790128632,0.000003399,3464.7,3155,3155,0,0,55.99,82.03,0,0,0,0,0,6,16,19,,,-5.47,-8.7,0,1,1,1,,,,,,,,,,,
1790581809,Du2r1SrGZMjw6e8Fr6dVFz9qf4zW66LeSRV13w69GX7h,BEER,EzPiMeA1EoF2DuVaNvcb9Vv5aUvK1VxQ3r9oGn4e1vZe,raydium,1790129061,0.00005136,15327.04,51368,51368,0,31.51,3323.17,16985.86,0,0,7,3,38,39,259,183,,6.53,42.9,429,0,0,0,1,CPMM,,,,,,,,,,
1790581810,FVTUxu2SAsgoRaWHK2RjnNNkdLNkPWYER1WjHPrpump,WOTF,GXmTViz51UWxPRwyXDNKvtjmAJWyGiqYtNY8f418imbd,pumpswap,1790129788,0.000002639,2644.89,2638,2638,0,0,0,102.71,0,0,0,0,0,0,0,2,,,,-4.15,0,0,0,1,,,,,,,,,,,
1790581807,A5ZiQNqMPuNY2VvmwpbYJ9m4vpsbTnAqKSgvuCKFpump,UNIJAK,CLdTbhxZf3CH3SLN8ZKhc3LqsqLtEs1bK5cFWsdMrJiV,pumpswap,1790129315,0.000002505,3009.01,2433,2433,0,0,0,0.02,0,0,0,0,0,1,0,4,,,-10.58,-11.38,0,0,0,1,,,,,,,,,,,
1790581808,BsjP6w64epXVzeArctjwWTyu6Hpnezm4vuxb2AR1s2PN,sold,4ft94iU4fSYgCJhCztcUWQSAvXYqVrsLTm2fhkfHvL6i,raydium,1790129668,0.000003202,5182.59,3202,3202,0,0,0,43.2,0,0,0,0,0,0,0,4,,,,-3.01,0,0,0,1,CPMM,,,,,,,,,,
1790581808,AxZYPsQc2tFUWCvWCUd6sR2FWSJ8huqJbEuexmqXvGXo,LYSIOS,BfMWpbqDue7VTSShxb6BjmNzap4Ma3CShwEgLXssnwDm,pumpswap,1790252797,0.000003276,3173.8,3167,3167,0,0,246.26,1579.11,0,0,0,0,0,3,5,19,,,-15.94,-51.7,0,2,1,1,,,,,,,,,,,
1790581806,6CJ92jwMXTJsjmXdh5TZgPbbMwyWdSG44hRUQ7kwpump,MINESTOCK,FJ7TY6rtwboVc7vQ2sxxty1ieiAHWeecuvW5BA3NnGSg,pumpswap,1790216812,0.000002726,2699.01,2583,2583,0,0,0,0.65,0,0,0,0,0,0,0,2,,,,-0.22,0,1,1,1,,,,,,,,,,,
1790581810,FPiSWxP6he8Q4WWAgqNaW62rvxfxQzwmDBGwdkrsSTNK,FATPIKACHU,4dPWMNCL2Zqn8cwnti8ydsjbFTfUSnapGkSPz9bQUBfZ,raydium,1790209660,0.000005428,7145.83,5429,5429,0,0,0,574.52,0,0,0,0,0,0,3,4,,,,-12.28,0,0,1,1,CPMM,,,,,,,,,,
1790581809,DCborDQ2RjUJrCSNPNq5wjv7F1xMX8idwMntK1K4KBnM,zen,zgd9RR1SoFK4z6s15xdmmjJdu3xEjydrcMCoaWYsoms,pumpswap,1790215446,0.00001209,8330.01,11581,11581,0,6.04,84.05,10558.93,0,0,0,1,0,5,92,86,,-0.99,-7.09,-3.37,0,1,1,1,,,,,,,,,,,
1790581811,dxqSq2hQipTN249zjv78zujvaeEgYyHyYq88pNXpump,ONBOARD,FZAjdc1kStK4MrTdZ4wMaJhSbqs3U4LoCFejWj9a4uGC,pumpswap,1790257150,0.000003733,4138.3,3655,3655,0,7.14,18.49,91.3,0,0,0,2,0,5,8,37,,-1.54,-4.01,-8.07,0,1,1,1,,,,,,,,,,,
1790581805,23d5EtiLeT1t6seccoNNADa82yUeKrch8g6ei9tVpump,MCNAP,HNyY3tXe5UYiY4SXnkFGWf7GpdpfxdHjuGSTuyV43nH6,pumpswap,1790256041,0.000004103,5493.28,3878,3878,0,0,0,12.26,0,0,0,0,0,1,2,10,,,-2.9,-5.18,0,1,2,1,,,,,,,,,,,
1790581806,6MPGA9ccfsQfdUDNhWmiWp3CkCYsJnbN6UutMY4icPjo,ROBUX,7EZo4smD2egU1KbFbFxSNG4Utuqmccc4x51QQXPfGGob,raydium,1790249051,0.0003459,36409.35,345921,345921,9.59,417.38,11250.76,66695.56,0,1,5,2,91,68,12241,11154,-0.36,6.26,-26.1,-44.21,0,1,2,1,CPMM,,,,,,,,,,
1790581810,HExJd47752Q2Nqm1EpMDrvfPKWdeVtZ3ATh1TukU1tYn,WIRE,4zqq2kbuL6b98Gx2DjGzkZ2MPUq559nkWrvwJMi3Tkxd,raydium,1790258787,0.000002071,3686.67,2030,2030,0,0,0,62.55,0,0,0,0,0,0,0,5,,,,-18.03,0,1,1,1,CPMM,,,,,,,,,,
1790581806,6dPweBFhc13AjGQ5MBYJUs9EYDJ3zXfGPi61zDAVEwDb,SAGASU,2AjPHG6oX7cKdE1BcpQQ1mbcS2b7CBHwrdRXAELnPuL6,raydium,1790276982,0.00006315,21862.53,63156,63156,0,375.24,3023.1,50606.17,0,0,8,5,42,31,438,372,,-3.98,-4.86,-27.45,0,1,1,1,CPMM,,,,,,,,,,
1790581810,GycDqcYhjbRHjexjwFdcsLupoW8rQ7smBXwnagzqpump,SPOON,88NJN8esHEiDTkETgZMmznjzxv4qrC8wQAooYne7KY8W,pumpswap,1790278671,0.000002469,2659.46,2409,2409,0,0,0,0.11,0,0,0,0,0,1,0,9,,,-2.9,-3.76,0,0,0,1,,,,,,,,,,,
1790581805,4Cf16dgFaaMtYAdjLq5HvaH4RLHtAyFj6ZVSNuwyi35K,MONKEY,5ZqhifSFJj1rMsUHqdbbmDP3iGu6mbQSUP1xg1GkBwLf,pumpswap,1790278843,0.000002532,2525.87,2370,2370,0,0,0,2.99,0,0,0,0,0,0,0,3,,,,-1.67,0,0,0,1,,,,,,,,,,,
1790581805,2q5g2nx9gJdpxCK6JtnKvq9rPAa6fQLkRCQMFvm1STNK,afk,DvfKmzPu5VWFeq3VVxH8eCnCpwb8Z2V5mt5xv7ERKsMY,raydium,1790302713,0.00002575,18053.73,25755,25755,0,194.07,6154.08,38149.88,0,0,6,0,58,45,305,312,,-2.19,-29.78,-4.35,0,0,1,1,CPMM,,,,,,,,,,
1790581806,6sEfSA57vXerqm3cFmwQxa78rmBgRBR6pyEPJG74pump,COMPANY,CmUWC35z3Vc7quZtEM5yT5AQpSr7xuJBZKGe1KbtX7qF,pumpswap,1790302436,0.000002685,2707.56,2486,2486,0,0,0,6.44,0,0,0,0,0,0,1,2,,,,-0.14,0,1,1,1,,,,,,,,,,,
1790581805,3qm8LhrCbpaHbcQexV37JgDGTrrjNfxDPEdf9yuLXLYs,CHIPS,G5KBo4iHfad1Y9J3AE8dgLK85fRxksct66Jbo8MmqV2j,raydium,1790300736,0.000007206,8110.16,7206,7206,0,93.53,517.61,2207.19,0,0,1,0,4,13,33,46,,4.85,-14.87,-33.15,0,1,1,1,CPMM,,,,,,,,,,
1790581808,BVV7metAePDu4HWgP41PiD4x73tNiKMVdaugtYQXJUKU,BITCOIN,Fvd2ifVqHtqmQqzUrFYXQtkqLp8CnFgAXPLMj7PrP9Be,raydium,1790302273,0.000002181,4223.52,2181,2181,0,0,2.43,2.43,0,0,0,0,0,1,0,1,,,,,0,1,1,1,CPMM,,,,,,,,,,
1790581809,Ekfbe93ybDm7JnS3xFbTVrfiov2xtx7bgJkbQc74SLWo,RPG,HMwfxasodv8rG5j6tyKBGf5WwS4fkB5RQqYDhL98TkcE,raydium,1790321273,0.00001876,11603.24,18768,18768,0,0,1256.67,6568.37,0,0,0,0,6,6,53,52,,,7.86,-14.63,0,1,1,1,CPMM,,,,,,,,,,
1790581810,G4i1oQ9QHpZt8jVwomeroySgUpk8gHv7SuyjJBr2QNQj,Adora,14n4N6eMjhFJPoPY76cB5zA2FDJud4D88UtaFPy47Xdq,pumpswap,1790322749,0.000002989,2976.79,2872,2872,0,3.69,7.44,125.55,0,0,0,1,1,1,6,12,,-1.42,-3.81,-2.47,0,0,1,1,,,,,,,,,,,
1790581806,5mXiJ166yyCZvaBABnP3gLksmecGtWk2gW9S7StUpump,MATERIA,Hvnnk2QjdbtYDEoZszBaGFHnFgQQLeceM97BccQkDaYw,pumpswap,1790324309,0.000002619,2596.07,2435,2435,0,0,0,6.89,0,0,0,0,0,1,0,8,,,-2.97,-5.17,0,1,1,1,,,,,,,,,,,
1790581805,2VeuwcJYtu9P1g27a1UahFsJmVZRBWfBvLJcuzvApump,GOCAT,7ExZPpQWWXBuf92bVGGser6S1ANE28po75rwwZ1TnG4g,pumpswap,1790341511,0.000002378,2477.15,2323,2323,0,0,0.07,0.2,0,0,0,0,0,2,0,3,,,-3.84,-3.84,0,1,2,1,,,,,,,,,,,
1790581805,2pawBaYZZkirQMSFRUDR5xkovFJVUfuM31Jort35pump,APE,5NdWUf177soALxYwEEYRPP8YVWjHzf6Xw8XFJePN8b1J,pumpswap,1790344666,0.000002372,2366.13,2263,2263,0,0,4.88,5.36,0,0,0,0,0,2,0,5,,,-3.66,-4.2,0,0,1,1,,,,,,,,,,,
1790581810,H6XgEH1wxmE9urKgCFCm4W6ssY99moATFtsbpUmoh9MD,PB,r1ATQGDRe3jCNGDsuiqbRgFWRQLWUtkw3bnkQSuxRE7,raydium,1790342583,0.000003296,5529.95,3296,3296,0,2.44,35.09,3069.15,0,0,0,1,0,4,53,47,,-0.67,-4.48,-20.88,0,1,1,1,CPMM,,,,,,,,,,
1790581806,6BZY2BgeqVKEYCTgU9Q9oUwx6bDqv32djy6WGaXTci1i,WODL,Bgu3DH5p46JU3Jp67vkzLA9dbhBNcq1L9wUSyqmH3vC7,raydium,1790340601,0.0002452,46332.65,245276,245276,11.78,3210.63,15287.14,54617.02,0,1,26,7,61,41,195,157,-0.35,19.98,-26.79,-41.58,0,1,1,1,CPMM,,,,,,,,,,
1790581811,s8pc6Thv8U4g9yPwmkGj5TTGLuHGvDRr6wPcF91pump,Pizzly,3XLHXdzPrSJn5MebQfKEeqb1vtMbpv1qEAXRnwLoZddM,pumpswap,1790344227,0.000002313,2340.6,2244,2244,0,0,0,10.37,0,0,0,0,0,1,3,4,,,-3.13,-5.36,0,0,1,1,,,,,,,,,,,
1790581805,2JyZvV9dRBkSBdeh8moXTkgmiksdGAzeAsU9s79Vpump,APE,2MNFdYk6kPKTsGP2xxR727NkmeutcXXiG12suvRAJmgo,pumpswap,1790344255,0.000002408,2532.85,2329,2329,0,0,0,5.96,0,0,0,0,0,1,1,3,,,-3.95,-3.79,0,0,1,1,,,,,,,,,,,
1790581810,FzVLxoL3T2GQELH4fGDfgpvJw3ouyk8NUoPnvk81pump,rocky,CZ9J4qx349F7ocu6NgAwTakkz21tuh2g3oBAT31wJxA2,pumpswap,1790367019,0.000002726,2741.07,2536,2536,0,0,0,0.18,0,0,0,0,0,0,0,1,,,,,0,1,1,1,,,,,,,,,,,
1790581806,79xB7iLghccAWuoab7qXkaDpQggmu6D2zrpKtfXipump,Apu,9qqraQhckPw2ZCwxyD2GjVmbG2pwJBFZGyN31pJwCjEn,pumpswap,1790366852,0.000004342,4397.84,4311,4311,0,0,0,0.16,0,0,0,0,0,0,0,1,,,,,0,1,1,1,,,,,,,,,,,
1790581808,B3ZJ2BzcMxCwz97vL2MWVBtkyhAj5rBdSqTZC8idpump,Orvix,Ccs7eUFnWpYfuMSxegbzjfNxB1uxoXfCzoY8zCfs8yiU,pumpswap,1790367797,0.000002454,2484.45,2362,2362,0,0,0,11.49,0,0,0,0,0,0,1,2,,,,-1.86,0,1,1,1,,,,,,,,,,,
1790581810,Hv5r1v7d4yTbQMwokrhs2zAMWvebVdzE33vqft8gUXob,Cassie,2ZLs6aCCaKxFskpPP6X8vevaQaLtBHJPbVTG87eteJWV,pumpswap,1790366321,0.000002653,2674.18,2554,2554,0,0,0,2.4,0,0,0,0,0,0,0,5,,,,-2.02,0,2,1,1,,,,,,,,,,,
1790581810,FDfxBRSc3MraBGcGmkHgfkvwHTUDMEA2hRV2cRNbpeg,UNPEG,5hd5o7cWeBQWq7SxTKTYbf9N5a9AbAe8jH1xbq31Aedk,meteora,1790364046,0.0002545,47584.27,254490,254490,1995.9,8453.12,60240.4,206884.63,32,3,67,17,341,182,784,630,-2.4,-27.21,-26.5,-49.64,0,1,1,1,DYN2,,,,,,,,,,
1790581810,FbvPc772EQ8j2rxNTW4jxC9NSsZDYjTtcVRMqFPqpump,MILK,EznYhmU9tmrkc89x9vXAYWpntn5Y7NdP85cRa989LTsz,pumpswap,1790367215,0.000002556,2548.59,2360,2360,0,0,0.14,1.89,0,0,0,0,0,2,0,4,,,-2.95,-3.22,0,1,1,1,,,,,,,,,,,
1790581810,FHZjVnetL5QyenPh8x9Z8k8zik1BinnbuYhpu2s7vDJD,E/CAT,FboJRB4jgqUrXZcMGMLcpnEs7eGUwNyMCAY5S5o23Ma1,pumpswap,1790387937,0.00004256,18587.94,41417,41417,504.43,3509.51,42103.72,82826,2,3,32,28,313,262,733,701,-5.46,11.56,19.43,71.23,0,0,1,1,,,,,,,,,,,
1790581807,AEUbt2MMUQZvrwnn4kSPfGXRZC4BBY1Az2hqPj7Fpump,Theranos,FqhJKXK46i1wGKCS86XBMNDr9yy4Ko57YcjtdseVynk1,pumpswap,1790386100,0.00001529,9871.11,15100,15100,0,31.01,13695.67,33167.41,0,0,3,1,83,72,263,281,,0.89,0.26,13.88,0,1,1,1,,,,,,,,,,,
1790581809,EySAZqTACaRmQHSJkUXc9wdZXybsZKht38fxvdePpump,sittingdog,865DXa82PJqgbKMQLuTHtbdTEiNdd6nY37PbfVx1nRts,pumpswap,1790389095,0.000002868,2818.92,2441,2441,0,4.9,4.9,5.22,0,0,1,1,1,1,1,3,,-3.95,-3.95,-3.66,0,0,0,1,,,,,,,,,,,
1790581809,DMNtou2ANqxevM4UngRzTdxVrRgfR1ZLzJyCT5sCpump,PCAT,Nan2eHQcJUjoqapEbLjvv25MaAApdyjjZVpgD2tqS1z,pumpswap,1790388495,0.000002474,2670.52,2441,2441,0,0,0.26,1.4,0,0,0,0,0,1,0,2,,,-3.61,-3.61,0,1,1,1,,,,,,,,,,,
1790581810,FBqoqLotXBypGPJ3ccCV27pUb9tjhMzFM4dTDyqeRmua,MEMELORD,9rUxoWTU5pjVn3kAezsyhJVhuVwM1LGEetxmQY75TZoc,pumpswap,1790388498,0.000005034,4467.29,4727,4727,0,61.83,600.36,1122.25,0,0,0,1,11,13,24,37,,-2.93,12.73,-15.86,0,1,1,1,,,,,,,,,,,
1790581806,6E1ey7oZ8uVEKwC9ByQp8d5WfatRfmNuXFWHYBn6pump,DONATE,BvW6xjXg7fcCCG3NuqCs5rN6ZyMWJqZXTbBuqLJ72sV8,pumpswap,1790393780,0.000003506,3397.91,3415,3415,0,0,3.86,13.7,0,0,0,1,0,2,0,4,,-1.63,-2.51,-2.89,0,1,1,1,,,,,,,,,,,
1790581805,4AL1nAp9gnHygZVpjcWLaPFgLPcqDXAyKuRH25Bzpump,XMONEY,HMhM4ZEkep5vsenFzonrLsjPgW7R4hUFnajkMZW9ysmR,pumpswap,1790392857,0.000002349,2491.08,2304,2304,0,0,4.7,5.05,0,0,0,0,1,2,1,3,,,-2.75,-2.75,0,1,1,1,,,,,,,,,,,
1790581810,G4PZQ4tTMjeNQfrSyMUMXN919NTeKA8hXUEzjRmr9btr,PIGGYBANK,BjdtEjiPvvcWyBGE2RhHyTkF9qgPnGDZVBhkmvyWoiMM,raydium,1790136127,0.0004986,69252.59,498656,498656,257.82,4702.32,23543.86,89110628.4,30,1,110,5,213,59,848,484,0.93,24.39,-5.18,-32.29,0,2,1,1,CPMM,,,,,,,,,,
1790581807,ABNbjwfaiDLfomrLH21RzscZ8rnNkrDEHKfSC9vY7XZ6,MEME,DLkg3Ma5QFnKaxdP7APtNfhCca44jG7t9jMN4rLGTDWr,pumpswap,1790394423,0.000008090,6609.98,7907,7907,0,0.35,592.97,8623.6,0,0,1,0,2,10,72,116,,1.06,-22.39,-52.77,0,0,0,1,,,,,,,,,,,
1790581809,DQTfuVTgCsv6oL414GoGTfotBXuRRsQW4vxpM2R1pump,CCNPC,BqwJmQZ6dkAo9VEdcXxCdLXKw2gfJ6wLLEhuqRPgKikL,pumpswap,1790393896,0.000003085,3797.67,2997,2997,0,13.97,28.05,46.43,0,0,1,4,2,9,3,32,,-3.59,-2.82,-5.74,0,1,1,1,,,,,,,,,,,
1790581806,7qD9PqwCYmUQmgeLfNSaNjz5KZ2Nea6Y6Hfghp2rpump,fomo,A7pmVMV5XUkakZ4fs67eH5gSZrLw3rQD8gRL3hN7qnnm,pumpswap,1790393923,0.000002373,2564.41,2320,2320,0,0,0,2.82,0,0,0,0,0,1,0,10,,,-1.93,-4.15,0,0,0,1,,,,,,,,,,,
1790581811,Xr7w8DFxf53RBC2fBGa4vUgjVDXBtsNUvpjZsFRuADn,JESSE,Gg21feWi4ZXpwLyNfWgjuff6oFPzT7jkcm6DPkZNuigf,pumpswap,1790394196,0.000007325,5892.66,7123,7123,0,0,15.99,55.91,0,0,0,0,1,4,3,12,,,-1.93,-4.92,0,0,0,1,,,,,,,,,,,
1790581810,GPyM1ohx7tnN7CbTshXfW1m8mHRPtHKNxjW1988nquyn,ELIZA,DuT5bJns6BpRFAanPhTv1mAS4te5vLtWkuq1NrPpr5Gb,pumpswap,1790417940,0.000002587,2589.58,2482,2482,0,0,0,9.74,0,0,0,0,0,0,0,2,,,,-2.56,0,1,1,1,,,,,,,,,,,
1790581807,8JoJT3v6DftAyPyNvcQMAaDBQnbU3NxbRkatihBXpump,Jeanjak,AiyzqgEN2z7mZbVdW4a5RUBgQegjjXs2HshkG87LoV5w,pumpswap,1790417168,0.000002706,2965.37,2644,2644,0,0,0,0.14,0,0,0,1,0,2,0,16,,0.41,-1.53,-3.28,0,1,1,1,,,,,,,,,,,
1790581810,GKaWJkSUgraALkF5GaCNpomH9ed3Vz6xnKR62WFkpump,T/ACC,iZCdZPhN6bxeZ5JuMTyzXa5me6ZEkCmZgStnYhcFpm8,pumpswap,1790431766,0.000005459,4667.24,5217,5217,53.77,441.02,2502.77,14949.15,0,1,4,3,25,21,146,171,-3.01,-14.56,3.79,-57.94,0,1,1,1,,,,,,,,,,,
1790581811,VFjAfiVh1p8xFkLpNnfqHrZQBDwtmNizS8cThcqpump,FUND,AY4K2Ev9v3jmueiv9zPBTLAR7GBpNVFGiiLEU9QN9ApW,pumpswap,1790418649,0.000003211,3113.8,2854,2854,0,0,0,27.06,0,0,0,0,0,0,0,1,,,,,0,1,1,1,,,,,,,,,,,
1790581808,BmP71ELowgA534tLn6EWfivamA4f4mcv85LPmEGPNPAY,PAY,7HvEziZejHNGPDx4AMMyxDdEQUa4mWDwKDFCDDG7aGkJ,pumpswap,1790417225,0.000002965,3111.6,2909,2909,0,106.24,300.97,529.31,0,0,0,1,0,10,5,49,,-4.42,-20,-29.89,0,1,1,1,,,,,,,,,,,
1790581805,2nJpGnrkX6pDPstr4JELcWnGsjiN57vajfR89iZkpump,MUNKIEAI,ENCjfNPwv94kmzc483qmA6GQwMDrQrCbhpSknGgWD9Zt,pumpswap,1790414827,0.0006905,81174.27,683555,683555,71.27,4612.77,5953.56,44510.04,2,0,33,6,41,19,162,143,0.28,10.05,12.75,-41.06,0,1,0,1,,,,,,,,,,,
1790581810,Hi9TFJLXmuDYnqA8npMgFWAZXx7FfyxADNkoAAZNpump,$KASH,4uKYQe34uq4eyNNrhJMCMNrPNnnvFy8qhACLzQU55LDR,pumpswap,1790411496,0.00005425,19202.8,52300,52300,0,0,0,55.11,0,0,0,0,0,1,2,3,,,-2.86,-5.69,0,0,0,1,,,,,,,,,,,
1790581807,82w6YGQD7cb7SypvkoQrRTHG3qNzmVTNUcZ6njNRpump,AROS,72KncRNeokKeEKjW3zyNML6926otSBM8bdNoRMzCoLcf,pumpswap,1790417876,0.000002142,2177.08,2143,2143,0,0,0,0.6,0,0,0,0,0,1,1,2,,,-2.46,-3.7,0,0,0,1,,,,,,,,,,,
1790581808,CQ1v3S8nCbEqHtamChaF7gjExawo5TwgHXDL4rkgpump,fomoapple,3zDD16VLaPj38oQYJkPifzV2GjiGAhwkBKruQCX4bY3E,pumpswap,1790417899,0.000003048,2985.09,2525,2525,0,0,0,0.15,0,0,0,0,0,2,0,11,,,8.98,7.05,0,0,0,1,,,,,,,,,,,
1790581809,EcwFm5TJ3zuBXnsT6DngXMAMfsfELhwGc9JFgeVWpump,woj/acc,DdJqRCiWKL7E7LjbAXTicxoWsEufZ6tyzjSK26QbetYm,pumpswap,1790417252,0.000003368,3951.86,3250,3250,0,0,169.63,751.76,0,0,0,1,3,10,10,55,,-0.99,-8.12,-31.38,0,0,0,1,,,,,,,,,,,
1790581805,231eFPGosPmSiEMsYxQNVhAAWj3B1DvGtfwaj9ztidea,STARTUP,5KD6fvmig4bfbeL6soS35eAZN9tqXjXZ6Y46zAAfpy7Y,pumpswap,1790432432,0.000003983,3939.52,3863,3863,0,0.03,0.46,487.18,0,0,0,1,1,4,11,49,,-0.42,-2.92,-20.46,0,1,1,1,,,,,,,,,,,
1790581806,6hzyHMwR1S2wAbPfDjTcQtM5fTq4XZBWFTRSdTsvZ2DH,tinycat,4TcaXZVY5o6DE31v9GBgw9qneFg1Ud7nRsJUF1kRPyaQ,pumpswap,1790429062,0.0001134,30271.74,110512,110512,615.41,1481.89,19733.21,341233.5,2,1,16,24,272,230,3703,3006,0.06,-1.4,-4.33,102,0,1,2,1,,,,,,,,,,,
1790581807,92hjfSi5HrUgUpPWvgKtVrz2MQn2zJrAPQSRzdjmpump,>_,3Tr5pyx3r6EmWyB3N78Y2vnv18QxqYWqR2S42mGPPheM,pumpswap,1790427742,0.000003196,3239.03,3058,3058,0,0,210.07,1777.94,0,0,0,0,3,5,17,49,,,4.49,-15.37,0,2,0,1,,,,,,,,,,,
1790581806,6VMTDo5TyNZ7reerj2uDpDmX7mbVopysG9n19GZZCEnj,Jonesy,28NAJuVX7jwmPUa8nvsh4d6TTvJJ8VKdxcgnwTFk9ewp,pumpswap,1790430076,0.000004211,3909.03,3896,3896,65.21,65.21,68.69,1246.52,0,1,0,1,0,2,15,19,-3.76,-3.76,-4.76,12.47,0,0,0,1,,,,,,,,,,,
1790581809,EFb4g45VGNQyLQGnwCrz5oHdbTxL2QsmGqvJJQ8upump,t/acc,5sUewyXWnqzwBpEo7KmXkPYFySdRQq7dQzPP2v9EkmeR,pumpswap,1790434523,0.000002201,2296.19,2178,2178,0,0,0,12.04,0,0,0,0,0,1,0,3,,,-3.36,-3.94,0,1,1,1,,,,,,,,,,,
1790581807,9fgGFfdHUfeMeDUd9DjJaRjpJ7oz38j4ikwf3uxrayPS,FROGE,4RtXmksfJYaQoBJvGaP4e6ByDdvyXvf9BrVjxFBDHh9q,raydium,1790436855,0.000002750,5198.62,2750,2750,0,0,36.82,116.42,0,0,0,0,0,1,0,9,,,-5.1,-6.45,0,0,1,1,CPMM,,,,,,,,,,
1790581810,G4PF5viRAdYCA3QLf3g81J7NoWyMWoyZxMLJ52f4xon7,froges,5DUpy9CDCrgpECg5ZzL9B6Ae75euUvq64sKVCDZDfLdr,raydium,1790436712,0.00002585,17334.43,25851,25851,0,32.3,2695.24,24473.54,0,0,1,4,18,29,249,345,,-0.57,30.87,-51.84,0,1,1,1,CPMM,,,,,,,,,,
1790581807,9M374yVvrcinzMNiACjzoEaZ7e1dFMniy5n9Zcnzpump,FIRM,FggyYbQ4ghrHPwLtvJ3ZdJE9Ahiy5QEfQBu7BjnCJaNv,pumpswap,1790437042,0.000002804,3037.23,2721,2721,0,0,0.18,23.75,0,0,0,0,0,1,3,17,,,-2.22,-5.28,0,1,1,1,,,,,,,,,,,
1790581806,4RQUffJw21gc53u6Somr9ZXSmPzTYY81dLC7E3BWu4hJ,Faker,AaG8HbrpnBghadp8XxBTYvxRe5xKvs7nSxBzxodmV3M3,raydium,1790435097,0.000004180,5666.09,4180,4180,0,0,313.34,3106.42,0,0,0,0,3,9,60,88,,,-21.24,-38.3,0,0,1,1,CPMM,,,,,,,,,,
1790581811,p5nP7S29nCpjgUY1iaSts9iCuZZmMmiHNwdNfm5gpad,pad,CKbDZLmixy1cfKv4JFJZT5QnrrJ31Kx4xfmdTfwibYfx,pumpswap,1790443054,0.000002673,2642.86,2490,2490,0,0,0.11,0.11,0,0,0,0,0,1,0,1,,,,,0,1,1,1,,,,,,,,,,,
1790581810,HvTe8XR5riVcZnfwMRpxtVBTXBKMdy6tkSeJqhPapump,CASH/ACC,9LisFKMsoMoW9p29DKo2rVUMLGQ6c36k3u3QV6Hny9Lt,pumpswap,1790444404,0.000002493,2528.51,2307,2307,0,0,0,0,0,0,0,0,0,2,0,17,,,-1.93,-3.67,0,0,0,1,,,,,,,,,,,
1790581809,DHzjVpsQPzcZP7ugHTD4N9yNHRvSB6NGVQinawRwpump,Mr Beast,679n7pNezPawzgQbNrYLiqjqWUa9oksYWX4VSAQKwuqu,pumpswap,1790443995,0.000002929,2877.87,2916,2916,0,0.01,118.73,299.58,0,0,0,2,1,2,4,7,,1.84,7.26,-4.44,0,0,0,1,,,,,,,,,,,
1790581810,GDT8UZGGuaa9YAevWxh7yBcNvj4otQUv4xf6j4RsForK,FORK,2J3vgXB69wrU4524c5Jeqc2qWUkMvGk6ngGW33sSWZsh,pumpswap,1790446616,0.000008307,7429.3,8099,8099,0,47.2,881.25,12907.43,0,0,0,2,12,30,245,468,,-3.36,-19.74,-62.71,0,1,1,1,,,,,,,,,,,
1790581806,777XNvfVmvumMEc6M9yxJQJQnQtjbUYJyx53cqrwo777,7,FPXKc5Bc6ZVvCwrysTbQvPvcRvzhRNLih8fey1Jw72LG,raydium,1790445570,0.0003104,127042.04,310450,310450,343.7,13730.5,163183.14,1261145.83,4,2,63,40,799,590,4864,4320,0.73,-10.63,-53.51,-76.04,0,1,1,1,CLMM,,,,,,,,,,
1790581810,FBdrdZaGSfum5Wymyb7ztUK2t9T9oFS8Kji8aHVs14Gf,FREEDOM,BPVVR2NYprXGPfWqESFaSPxzr4diCUzMakt7Dwujr4M4,raydium,1790367001,0.000009730,8723.42,9730,9730,0,56.62,3326.49,7690.47,0,0,3,0,23,49,71,104,,2.48,-51.49,-52.45,0,0,1,1,CPMM,,,,,,,,,,
1790581807,8nYn8uhfJxem48hC8daXA36GDoG7srezMbMyuiCgpump,$COLLEAGUE,FNeYqbJayaGYzLVbAAmU9LdC3ontD2dWMzqjKQXdVR8K,pumpswap,1790444097,0.000002363,2557.37,2317,2317,0,0,1.61,1.82,0,0,0,0,0,3,0,19,,,4.64,-4.69,0,0,1,1,,,,,,,,,,,
1790581806,4TQiE8UY2pbpsguBDjm2hEkxCExzU9Z2CzbkAE4Sw3nw,SIDELINED,EzQ2KkJn9dbyxqAi8dGLbUCa7nMJHyThwFDz1W8hSb9y,raydium,1790446080,0.00004975,18095.8,49756,49756,175.33,422.51,12073.02,47506.74,1,0,3,3,61,63,348,265,3.03,1.62,-20.54,-30.62,0,0,1,1,CPMM,,,,,,,,,,
1790581806,5AQUowXY9oS8JZB78b2UzPc9ith2unRaJGAU74WnBAGS,FORK,31Xj3vRvuzKeF3NNPWWgG2CthVwD7r4v94uyPRwkLsfg,bags,1790446852,0.00006927,,69279.92,69279.92,0,0,0,1.21,0,0,0,0,0,0,0,1,,,,,0,0,0,1,,,,,,,,,,,
1790581811,t5Nt9DKbHwxuD15uUJ7ByRgK8tZFhLZxagwwruGpump,LAPTOP,7ivoYLmYL8AWTDbhMY6KNKgGRpb49QKMMrLcAd6dJJQo,pumpswap,1790447027,0.000003577,3390.69,2857,2857,0,0,122.76,786.99,0,0,0,0,0,2,5,14,,,-8.83,-32.81,0,0,0,1,,,,,,,,,,,
1790581810,J77QVaVJwY3Tww67NG1PYEW1EhbNfGvCMTWA8Taypump,Randomcoin,6Y1AF3xM2NnwAoT2b3QTsrLAvY2Hv3HXFPsKtqhgdmW6,pumpswap,1790441256,0.00001916,11180.62,18464,18464,0,194.96,5114.35,52425.33,0,0,2,0,42,38,456,417,,4.78,-36.78,-15.87,0,0,0,1,,,,,,,,,,,
1790581805,4NeDhc3jnUGGzKcsFgmPkyCKk9gVaqPpCkSNJ8kGpump,Elizabeth,FxqefiEAZKFM9SsicogcFGrewe8rrxtGchhz49FK9xD3,pumpswap,1790446663,0.000007264,5764.91,6920,6920,0,0,1553.14,2283.68,0,0,0,0,10,15,19,48,,,-4.24,-18.98,0,0,0,1,,,,,,,,,,,
1790581810,Ghvn5nKzvtmrT96YpwEq8dQq9eUaw9upjvDF5ZBypump,e/Z,EXswV9vPSFMvRoknQuvn1pLqkpN9Wd55ggv56PBvoQod,pumpswap,1790446641,0.000002528,2799.2,2435,2435,0,0,0,133.53,0,0,0,0,0,2,3,26,,,-1.93,-5.89,0,1,1,1,,,,,,,,,,,
1790581807,ADfTFJzD4bUTkTPubb9srfeQtBVgxdUv3eTaR9fJMRXn,NIPPLE,JB93b1KzMR22RdiAib4VJPKfM9qKjnApkd7HJzyUv3mi,raydium,1790436050,0.000005682,6834.89,5682,5682,0,0,200.6,16558.94,0,0,0,0,1,12,96,152,,,-9.6,-77.21,0,0,1,1,CPMM,,,,,,,,,,
1790581805,2bX5CKZ7SHvacmMQFq7nBjQMmpPFbCZkpA7367du9Wa2,o,JCkhLmbn7116hzixaDs1uR7ckiJ1c4sm1hNNwpBQTYVe,raydium,1790450973,0.0006596,85141.1,659686,659686,216.83,7479.48,76517.01,438976.3,4,1,53,27,308,185,1878,1594,0.92,11.63,-3.93,5.92,0,0,1,1,CPMM,,,,,,,,,,
1790581805,2Zo9tzs3YQk2D3iKxM4A1AB8s2jfEGmgnwPnhpnbpump,Grok,ETUzZyHcPowasMjRw3QvYc492WPL2NCAAkaTQahCP2Ki,pumpswap,1790452979,0.000002180,2218,2169,2169,0,0,0,0.98,0,0,0,0,0,0,0,3,,,,-1.68,0,0,0,1,,,,,,,,,,,
1790581806,7sVnxUhDTn5TMXCuTsXxdLgojt99ZyAzpC9N9TVHpump,MrBeast,HJkYji8trd9vTdyvtgU36Fc8CkymUbngYj2xQjyLrJkE,pumpswap,1790453552,0.000002193,2213.21,2184,2184,0,0,0,1.46,0,0,0,0,0,0,0,5,,,,-0.1,0,0,0,1,,,,,,,,,,,
1790581806,4dBsoKgo7XypAQjKH8MYiddJ2VEhdK9kJpLYHJ6zpump,PAIDBOT,D2cumxJRpur9bPYdxsyphNu16JdQJbqWHiKBQEgUrpYu,pumpswap,1790459683,0.000002808,3390.88,2760,2760,0,0,0.01,264472.86,0,0,0,0,0,2,1260,8425,,,-2.38,-99.36,0,1,1,1,,,,,,,,,,,
1790581806,7amYuaF1XF2mMvRrsnGrbanQgUT2wJxSgrBuTmt1pump,CopiumCat,8iFiCyv6stFFKMeXJnZdSf9QMaz48PwPZu3tmU7Wge7U,pumpswap,1790460165,0.00001512,9225.55,14725,14725,0,9.95,3398.74,45870.79,0,0,0,3,32,48,661,548,,-0.73,-37.71,-67.21,0,1,1,1,,,,,,,,,,,
1790581809,EbTid14ggLpp6C7kjCmh6hmE9m7yMDTfVuSLC77Bpump,COMPUTE,45jzscfQhA6ykbSgkAvfocSy2vzfSU5uJJLmyQaQebZC,pumpswap,1790460485,0.000002578,2579.65,2431,2431,0,1.29,1.53,74.8,0,0,0,1,0,3,0,26,,-0.84,-2.69,-10.52,0,1,1,1,,,,,,,,,,,
1790581810,G6vNKu5xhB2RN7tK6HXRPTG5pYgy5nc6CEnWqPuG2edn,WOOLLY,8DY32U41qDx6rGj1zDkPzwL2FZi34j6wQANc27N75mKb,pumpswap,1790459555,0.000008561,6705.63,8160,8160,1.43,74.75,2895.19,38791.48,0,1,3,3,25,35,379,419,-0.24,0.4,-11.59,-28.61,0,1,1,1,,,,,,,,,,,
1790581807,99WxCfiVSpFKpALnFhhT7uh1YKjjsQztLkRvGrDUPeng,PCAT,CdzePwJzsrKEShtVeDq8xMvfUK6j1Gsw35WjDp2XNhFX,pumpswap,1790531862,0.000002870,2809.42,2719,2719,0,0.5,77.19,22590.18,0,0,0,1,11,17,267,412,,-0.52,-4.05,-94.3,0,0,2,1,,,,,,,,,,,
1790581805,14kH2osUyEJnqBZ7yFK4pLKJGuPZU4pr1enhi2ZLEmRw,DRU,4X3wyYcGk6GzVR8nmsfXeZcGniAehAE7yPiTALoUfRAy,pumpswap,1790455242,0.000008140,6324.14,7955,7955,0,27.06,868.83,14265.8,0,0,0,3,20,20,244,254,,-1.63,-3.25,-48.88,0,1,1,1,,,,,,,,,,,
1790581806,6dJiJzkJ8XMYH7c1xh1SyPS1Njy4w9Ek9F6UcmnFpump,alon/acc,EJdS7cxmMyPW65JbfCSrky9ouJxgf9Xuab9aA1byJdCR,pumpswap,1790460939,0.000002266,2324.97,2033,2033,0,0,0,7.32,0,0,0,0,0,3,0,23,,,-1.93,-3.84,0,0,0,1,,,,,,,,,,,
1790581806,4ecSqqdPi5DZ5wpajg5kVUGDU13rjr19weBHLz2Kpump,RELOAD,AZvuEGCYsqAmezK9MxryDME5oVVu28Zqa6PUkLdt42P8,pumpswap,1790459710,0.000003550,3716.91,3311,3311,0,0.77,134.31,1214.4,0,0,0,1,1,7,29,135,,-1.48,-10.49,-39.84,0,0,0,1,,,,,,,,,,,
1790581807,8vdJA3MYhUhirZZzjZ5i8jXhNkHgrCnirCrqDG23pump,manifest,EGfAPuqSzg4zV1eFmNFpRmCX6DbmyPjVxQ3wQ3MqU79M,pumpswap,1790455900,0.000003155,3471.38,3053,3053,0,11.97,28.59,996.16,0,0,0,1,1,4,23,42,,-0.59,-4.98,-25.13,0,0,1,1,,,,,,,,,,,
1790581805,2PiCu43DNW5Yk1tozwvh67PxtFqu4CU91LSMYKzppump,GROKTOWN,GKdeygbDczSvJq36PxHVLQAjMywRjrvxjguZ3soXLGc2,pumpswap,1790467981,0.000005368,5216.82,5229,5229,0,4.2,300.01,13950.15,0,0,0,1,3,13,162,226,,-1.08,-12.21,-64.13,0,1,1,1,,,,,,,,,,,
1790581811,chEGinPAaVsgkdDPNxL9zBmaGXqg4ErAxEuc93tpump,STARGRACE,7obFH5ds6nYnW64iQpsPc9LxjaGvSRUKnUzEx77ZrxZn,pumpswap,1790480681,0.000002132,2147.19,2121,2121,0,1.12,1.12,1.29,0,0,2,1,2,1,2,2,,-3.19,-3.19,-3.19,0,0,0,1,,,,,,,,,,,
1790581808,CU7xTSri6a2RwSooegUVMz6nsX21DwjwQWXN4UHZpump,GOONACC,Arxp8qS48cVYBVF8KsNUAbSEcccPmB9vsk5nWZ2KuM7y,pumpswap,1790479588,0.000003227,3887.77,3133,3133,0,0,63.95,337.01,0,0,0,1,0,16,9,87,,-1.59,-7.76,-18.66,0,1,1,1,,,,,,,,,,,
1790581807,9sKzdnoSLQqtjAKX7AttoNWXrG8bxU9oF8c6ECs8pump,PLAY,HgwUQhiymkLseCFoSCAWLBKtnzvPArE2FPWCAScndg4P,pumpswap,1790479962,0.000002200,2222.27,2188,2188,0,0,0,7.37,0,0,0,0,0,0,1,2,,,,-0.69,0,0,0,1,,,,,,,,,,,
1790581807,87pa2UbBB2dhD4b7CHDPHzzKjrdrUtEcBHueXnVz6CJp,JIZZCOIN,BZq5dv5SD9R8UyFHFXtJLt6q3qHjAVVMHh4VFAQf1qa1,raydium,1790116937,0.00002306,14852.22,23068,23068,66.09,591.73,2475.08,101601.03,0,1,1,6,22,20,583,535,-1.76,-11.33,17.33,-20.08,0,1,1,1,CPMM,,,,,,,,,,
1790581807,Ab6CVmhqD3x1bvMZBnjJBJqeTLMm7tAapcZwSU6apump,MPAID,H7Aicjj6jYXQM5LBFW3etUEu8YhT9qy4LvL4EkvWx2C9,meteora,1790487829,0.00002989,460.21,29225,29225,0,0,0,23.23,0,0,0,0,0,0,0,3,,,,-16.96,0,1,1,1,DLMM,,,,,,,,,,
1790581809,F49nJME4Hwp8mDEnxx1zhwownt93z1viL5SyzuXmPHLT,METAFARM,7yj931hRQyKVvnMDTn6RKV7j5NcVfH6a1h8MgaJdK75x,meteora,1790487890,0.0000000004978,0.92,,,0,0,0,0,0,0,0,2,0,2,0,2,,-0.91,-0.91,-0.91,0,0,0,1,DYN2,,,,,,,,,,
1790581805,3sunKxwNE6LgzKtbJbCwHjLz8F8uwseWUqj5dAYb6bdY,キンクマ,GSLRSQ1PWotLHXqHt7STJcxrQF3Yvb9m5CYf2gCvtJn3,meteora,1790487859,0.0000000004617,0.79,,,0,0,0,0,0,0,0,2,0,2,0,2,,-0.91,-0.91,-0.91,0,0,0,1,DYN2,,,,,,,,,,
1790581809,DKw6VL437DG7cD3Ce6uR1A6JFfQbvVaU7QTMLvHTkTZM,TEMU,B9874Jvu8CrVz6yaaw8QtTTMZZ8B5r8n2buQjYAmVBMk,meteora,1790487876,0.0000000006070,1.08,1,1,0,0,0,0,0,0,0,0,0,2,0,2,,,-0.74,-0.74,0,0,0,1,DYN2,,,,,,,,,,
1790581808,Cd2CqUn8LbdAv5jz7biLbKHHDAt1FjS1n86tntnDpump,FORBES,4ZHNKk2fNqh5Q3p9EnkJEpvVZWN7TSCWtWKJgBYAXrFH,pumpswap,1790486582,0.000002137,2186.3,2125,2125,0,0,0,0.01,0,0,0,0,0,1,0,2,,,-4.27,-4.27,0,0,0,1,,,,,,,,,,,
1790581808,BSfMd4cDRM29JtuYCfAkpEBXsFUpUUxZ535nPKH3pump,KOKO,Ghn5HScsQPQvpNZwfYDEpfrq93MxApHLydupHuxqRybG,pumpswap,1790492296,0.000002324,2370.17,2218,2218,0,0,0,18558.78,0,0,0,0,0,1,60,278,,,-3.54,-97.58,0,1,1,1,,,,,,,,,,,
1790581808,BS1xEuDHvJhuqgTjCy1F2gZNkuCDQxhUMDpKSdtRpump,XLedger,6M4SNP2QcM38vfqLfxVRoMPqVgiSD93WatT4977MCWxS,pumpswap,1790499586,0.000004215,3856.53,4021,4021,0,0,736.8,100784.85,0,0,0,0,0,21,1155,1062,,,-37.12,-91.55,0,1,1,1,,,,,,,,,,,
1790581806,6uxQr524uP6L4D1nEzQUaDjpuGcq7RFdtbbbU7YhE9g1,Luna,ALKmB33HoJhp1wmMWZmXSPm4TNbC5hXrwYH4kN3U7Ed8,meteora,1790494965,0.0000000007126,1.17,1,1,0,0,0,0.04,0,0,0,0,0,0,0,2,,,,-8.03,0,0,0,1,DYN2,,,,,,,,,,
1790581810,G4fJAdpYKKJdAW7vWGA4GwQiYp72mcn5gmiS2TWxHBYq,LOOT,6Pw7MAwj5RFyQVHJuJ9FRmAajioQKkZ6xNoqZohxaoGs,meteora,1790495056,0.00000000009078,0.05,,,0,0,0.01,0.07,0,0,0,0,0,2,2,3,,,-37.17,-60.11,0,0,0,1,DYN2,,,,,,,,,,
1790581809,DnMk4UuNtECmCV1bKvZ496avhwr2nCpboznqthAS8RX4,LOOT,GyFNDi43HrpNYeigS24xuUCdzEFKeRjyj1afmD5GoYLg,meteora,1790495088,0.0000000006371,1.09,1,1,0,0,0,0.01,0,0,0,1,0,1,0,2,,-6.78,-6.78,-6.78,0,0,0,1,DYN2,,,,,,,,,,
1790581808,CPJUAHUKMSeJJ34XC6KAt1hii4fGQuLW4256XQvepump,FOMO,2rhRmH7pnbKg8rMhiE9RUdJcM8dGNt1pzGaR2FhA3KjH,pumpswap,1790494983,0.000002113,2139.38,2102,2102,0,0,0,124658.77,0,0,0,0,0,1,19219,19861,,,-4.23,-99.55,0,0,0,1,,,,,,,,,,,
1790581809,D2BfiqfHo3UMHbo7kcAYxFLCbaRMcnvqXNYNCgfpump,ELON,2BrxfXBZE6bh3Z3A4bE3pQwEenHqsi6ZsgNk8QydMDkC,pumpswap,1790495050,0.000002160,2174.56,2149,2149,0,0,0,40343.98,0,0,0,0,0,0,11256,10920,,,,-99.51,0,0,0,1,,,,,,,,,,,
1790581810,GH1jp9kVm23gx5CeY8LfLhghyGk3oeytae1qZPbhpump,Robinhood,7NzL19Dpsx1paXtokDfEBL1pUBtHkHEs4DSXBCWtdusH,pumpswap,1790494986,0.000002680,2669.93,2678,2678,0,1.24,21.49,305486.23,0,0,0,1,2,3,6064,7872,,0.01,-3.1,-99.9,0,0,0,1,,,,,,,,,,,
1790581806,6gUbPAgMx2gTMCVH9wCEWUpKztmabuHosW8gvtXBpump,LABRAT,7yU4ANNosLZ3wBGu5oW1qwr5k4GHAUvXGADkNuoGfo35,pumpswap,1790494486,0.000002533,2580.79,2462,2462,16.85,17.14,52.13,4025.58,0,1,0,2,0,10,54,235,-0.81,-1.7,-6.61,-61.72,0,0,0,1,,,,,,,,,,,
1790581809,DYun3JRTnnmznKuAcHoeYxzJGjNJi1c4JGoJMNT1pump,Rockstar,HFdUaZc27h46qUstYyYTpWezn4hJ8h5ptJpSMToKhMFK,pumpswap,1790494292,0.000002121,2144.14,2110,2110,0,0,0.1,62910.74,0,0,0,0,0,1,4047,5842,,,-3.74,-99.61,0,0,0,1,,,,,,,,,,,
1790581810,Hk2No4cHkAV1Sz6Q1imbmFpUy1cMJr1vMpGugTGzpump,LOOT,3TQ5TEMsqB8T8jHBCHo7AC96D3cMpPD7gKCHgtgQ9Ymp,pumpswap,1790494907,0.000002525,2548.43,2425,2425,0,0,8.66,24232.8,0,0,0,1,0,3,284,761,,-1.99,-4.05,-95.73,0,1,1,1,,,,,,,,,,,
1790581806,5UwDB5oy5muNkLW7W8i9cnmedxysygs4J2xybMAjpump,d/acc,14e1zaPuEkDjXjQiRSTPTDw3HZYJnhxdyjercvGiLxfX,pumpfun,1790501115,0.00005087,,50875.18,50875.18,0,0,0,10525.36,0,0,0,0,0,0,9,0,,,,1369,0,1,1,1,,,,,,,,,,,
1790581811,ShZfJBVRP38C4syKJGK5rwAhH6KEwrR2bQ2njBysQY1,SQUID,3wTZYiqfAbVHSG6hRvDscF5mtB37skZ8u5ytQbfn1NdB,orca,1790194350,0.00003739,17078.61,38159,38159,25.33,2334.6,11263.14,188399.89,2,0,16,13,95,66,1376,1020,1.55,-0.19,68.29,1490,0,1,1,1,wp,,,,,,,,,,
1790581810,GyxJsDe9T9KBjMZgAKofsi3cKv31u6th1TANoqQbpump,SMcD,9d2Ln9LzUFRPKUYzK7L3w3nXSUuVnJ7HSXQukz7xG79A,pumpfun,1790500918,0.00005085,,50850.53,50850.53,0,0,0,10520.26,0,0,0,0,0,0,7,0,,,,1368,0,1,1,1,,,,,,,,,,,
1790581811,XZCXQ7R97MTA5VSqDsfjpRS3JMtE7VpbgbAZEyZpaid,REPLIGATE,2yddqh43Qu3dK38JC5pHdDu6o5UUbrPmKG2u8WbjwyWc,pumpswap,1790503765,0.000004691,4308.43,4509,4509,0,92.5,504.34,411429.87,0,0,1,1,6,16,5094,4081,,0.04,-20.69,-90.91,0,1,1,1,,,,,,,,,,,
1790581806,637zoF2cB4QpQUoCsxyiK9AZcRYAaZz1w2pthgjycb4,AQUAMAN,HMmL9wCmAFRs2C5Sa5nggMbnSdNHsuKjiWjbv3iSHw6Q,orca,1790237405,0.00001888,13960.98,18890,18890,8.43,80.63,2156.28,69562.96,0,2,2,7,22,36,494,501,-4.06,-6.84,2.24,-68.96,0,0,1,1,wp,,,,,,,,,,
1790581805,2rX8RDYNYaRDjJ3GzRJYR1VUkaQzTVMhQgz1X1piLqCr,Schizo,7WHAvsfvvxWz8qGgFiJGj3nAQSmBgtWXgu9hHvte8RzQ,meteoradbc,1790504223,0.00006050,,60507.73,60507.73,0,0,0,7782.23,0,0,0,0,0,0,203,250,,,,219,0,0,0,1,,,,,,,,,,,
1790581806,5QNVzThn6F2DzPn2gYMepoHdbY6gdXdo79Eck36xgdJB,Schizo,AdQQsbmG8iUUXKMFkZi5ZAHH78ia5ZWpWrhmmWHUbeGY,meteoradbc,1790504182,0.00005620,,56202.92,56202.92,0,0,0,3342.87,0,0,0,0,0,0,68,63,,,,158,0,0,0,1,,,,,,,,,,,
1790581808,Cfo6auwfDHBaHKkb2dc44PhoPB3WrJuqB2gQyFjUmzPR,JACK,zrZhTM94RT35MLgnauJVwPmCR9aWhsU45Sad7D5rSZ7,fluxbeam,1790504294,0.001553,1536917.03,1552694,1552694,0,0,0,11004.73,0,0,0,0,0,0,300,0,,,,897,0,0,0,1,,,,,,,,,,,
1790581810,HRqJYwz1pQk137jobbZPVvuhn1VsUPAKX5vWL6XQpump,Grok,87bA3qht33L3YBUEhhQpTeDqjSiX4oRHuxrxC2uM6ZeR,pumpswap,1790501860,0.000002113,2142.99,2103,2103,0,0,0,184819.59,0,0,0,1,0,1,18941,18622,,-2.86,-2.86,-95.91,0,0,0,1,,,,,,,,,,,
1790581807,9tg583Fkp7DmPcSQyvUYeiBGPCDs7pryaCrFvQoopump,VERSE,2m59sbdtBtLPqSYax7axjJ7QKeJvRr7hSX3zHmLrwxXB,pumpfun,1790430558,0.000008920,,8920.84,8920.84,781.03,1251.49,7511.61,35340.63,7,8,10,12,83,81,375,365,-3.26,-0.52,33.23,-50.66,0,1,2,1,,,,,,,,,,,
1790581805,33DkAfNTNTSjqJamEzopR4suDDqVAX1Z1aZimKdR7ewd,Roach,GLn7tjYvRoti2fYkH7im8s2sg4LLBEshviEr4wnW1h1N,meteoradbc,1790509317,0.00006057,,60573.31,60573.31,0,0,0,5733.6,0,0,0,0,0,0,107,129,,,,306,0,0,0,1,,,,,,,,,,,
1790581808,CoGDeDkwbKo7qvn83byTCmYxHjjWQe16xoEY3tS79urR,eff/dash,TmcytogZ4eQxsbWP5g19NJpA192ragWHcKqWge86yYP,meteoradbc,1790509384,0.00004000,,40001.52,40001.52,0,0,0,2662.91,0,0,0,0,0,0,81,91,,,,162,0,0,0,1,,,,,,,,,,,
1790581810,Hsyt82zDkC3w3d3JLYKE75Gw6bBnMW56VpZUCxrpump,x7,kKC39c9H59XV9miqgAErhdQP3MNFP7ozp4i69eHRe8f,pumpswap,1790509400,0.01775,382787.99,17752703,17752703,665.32,8742.33,53205.16,358877.13,15,9,177,116,1050,704,4957,2489,0.46,0.44,0.11,34442,0,0,0,1,,,,,,,,,,,
1790581808,BJp2yEbtkc8BDXTS6nMwgy7FSS2U4oJdc5Jb23Hypump,eff/dash,GmUYRX15Vg3kcG3yoaEpfQuJqVBtnyfeuPbkcATQnFWZ,pumpfun,1790508647,0.00005094,,50940.92,50940.92,0,0,0,10538.96,0,0,0,0,0,0,7,0,,,,1368,0,0,0,1,,,,,,,,,,,
1790581811,w9hbssKVKC1H8mby7VdR4N7sJheyGPS8iSn665Lpump,MetaMask,Et55L7HJuQ1QC1BkZ7KQGq7FRPrY1ee38YeWP6t8crXb,pumpswap,1790505423,0.000002111,2133.97,2100,2100,0,0,1.21,112634.97,0,0,0,1,3,3,39071,30261,,-1.86,-2.87,-95.91,0,0,0,1,,,,,,,,,,,
1790581806,7rZAhiQtmJy6XYXxvkwYNCy3qqzFUYEozpQzjcHUpump,KITTY,FmXmCJG2JHUHxJ7Uw4tyfoikLFSRzuH9a9uQxPvjqJsj,pumpswap,1790516097,0.000002397,2471.03,2320,2320,0,0,0,251214.53,0,0,0,0,0,0,1679,1740,,,,-95.28,0,0,1,1,,,,,,,,,,,
1790581806,6Rhs8iuUiepGYpiP6ZEhNF9jRemVV8xYdD3hVuqtKTAR,NEARCAT,A9csKWAsi6J4UDkzLrg5gUgAs9XXn2i44PAceSXGdoZH,pumpswap,1790518834,0.000005186,4677.92,5025,5025,0.37,708.56,1837.65,454581.32,0,1,12,13,26,87,4967,4135,-0.9,20.42,-27.1,-89.73,0,1,1,1,,,,,,,,,,,
1790581806,5hkZHERg1EWVtJfXFkpSsrTZk97N7tDqywEzmMtzpump,RWM,48UUyoDSPvajggQLgZMMiozBygkCftA8y27kV7BBgJia,pumpswap,1790516336,0.000002906,2844.9,2601,2601,0.13,0.37,40.54,80538.38,0,1,0,2,1,4,1304,1408,-0.1,-1.3,-0.6,-94.29,0,1,1,1,,,,,,,,,,,
1790581807,92BVgXufGjaMUyANA97dvg8LqNb5VMg2wgRfve9tPdCG,DELREY,GZwsYYmc2a54HhX9ZGYTzo7LBChq1SSRDiV6RvvCBXzx,pumpswap,1790515531,0.0006658,77637.35,637381,637381,4534.82,154617.23,625876.7,1958316.8,19,13,516,534,3771,2364,10874,7227,-11.08,36.18,28.96,1215,30,0,2,1,,,,,,,,,,,
1790581809,D7Fc5JBDBq1Dui1zJXorrPqRTUpBpZFbWfH61Djppump,MOMO,9QbRp3mG7ahMojW4LzJSGMEe4sKRYSs8CtAHs8ucBbAE,pumpswap,1790517348,0.000002437,2431.92,2307,2307,0,0,0,34609.06,0,0,0,1,0,1,244,415,,-2.28,-2.28,-95.17,0,1,1,1,,,,,,,,,,,
1790581807,8Re8CFwNfXqN9hMxmPhwnK6A7y4pqjgfdVScmFKbFgAH,WOW,FvvADWC7RezXCFYkj5tprHyfv3Ajxc4kFaKZv82YXVVE,meteoradbc,1790516282,0.00005529,,55293.41,55293.41,0,0,0,6494.99,0,0,0,0,0,0,226,205,,,,5.48,0,0,0,1,,,,,,,,,,,
1790581807,8jz9dGRdSQtjkeud7Y1qWWforkU16qSFf7A1XWB9Rx91,NEARPAD,25cefHyPbdAL9PbQXnDMFFunBVTT8YHmR8bsQdPSh3b2,meteoradbc,1790516272,0.00006128,,61287.29,61287.29,0,0,0,7118.57,0,0,0,0,0,0,223,252,,,,239,0,0,0,1,,,,,,,,,,,
1790581805,45Bzv83gfhP6RPxX4AFNeB65NxKYba8vvzyb5Bqwpump,Apple,6fUvFiTfJ49dCH2AzGDoGb9Adgb3ufkew2hpXFAbAvYN,pumpswap,1790514859,0.000002133,2170.1,2120,2120,0,0,0,238290.29,0,0,0,0,0,1,22107,22579,,,-3.76,-95.83,0,0,0,1,,,,,,,,,,,
1790581810,J2sy2AjTtC5sPEW9dwJL5a2hFQ8zhwg8ZbEaB2Dhpump,JACK,55Gw9h8YmqWv6xoDszLzwzSb4XDobVUCZTj4CiqmyiSH,pumpswap,1790515184,0.000002184,2207.59,2173,2173,0,0,0,118235.56,0,0,0,0,0,0,8661,10287,,,,-95.71,0,0,0,1,,,,,,,,,,,
1790581810,Fhd3UCjJWHg9TCcY9SmSskW13S6uqZ2MfTCUvJ9spump,Gemini,Cu78QaAin3bNrUHZfjNhDtmAh3Yys4Yk5TTaDh1koVxt,pumpswap,1790516070,0.000002127,2165.73,2118,2118,0,0,0,228418.82,0,0,0,0,0,1,13870,17592,,,-2.41,-95.84,0,0,0,1,,,,,,,,,,,
1790581807,8TDzS6riLub2RCyz2DBKgu9UrUTNLZjmAAyZTeAApump,Google,AXLkTuYN9xnLs2F9VXazUasZhwu1pKb2MeFJ3CeZssNp,pumpswap,1790515514,0.000002117,2147.97,2106,2106,0,0,7.75,182388.22,0,0,0,1,1,2,13857,13166,,-0.15,-3.54,-95.85,0,0,0,1,,,,,,,,,,,
1790581810,GAqBdwSUX9DoXupoU4TAqUXU1XHL4nzWzJEqPRH6pump,WANT,8tn8EByDSTRUFZUifxHZogQTDFKnMVrXPGiNt9898oUD,pumpswap,1790519489,0.000003323,3300.43,3197,3197,0,0,0,59669.59,0,0,0,0,0,0,265,605,,,,-94.42,0,0,1,1,,1790581887,0,0,0,0,0,0,172,238,100.0
1790581809,DuqU3KS8H11BZAAXBQHJEaesWLwxER2ZsAC5rfJopump,SNOWKIT,9KB3j9rMVnWfZqg5mxcY34w8J4vo9rLSC77hAAspjstA,pumpswap,1790515968,0.000002270,2409.03,2250,2250,0,0,0.04,685230.74,0,0,0,0,0,1,5453,4570,,,-1.54,-96.93,0,1,1,1,,1790581887,0,0,0,0,0,1,3442,3882,100.0
1790581806,4rwGjVhCf7nDiJBEhkyFRwJQAdvTmLSxqsiqZwAAz1ve,부캉이,9j9XXMFv4Zw8upuCas3DdMVT8CgFxpUEnBjHt4tFdd8j,pumpswap,1790518454,0.000004820,4305.75,4573,4573,0,139.5,618.6,211644.14,0,0,2,1,10,7,2427,2229,,8.27,-2.75,-90.34,0,1,1,1,,1790581887,0,0,2,1,10,7,961,1042,100.0
1790581807,9n8LcQVsryuRm2GM1tYsxFCxTUjvy86jAwuciX8xpump,CINEMAPAD,BfUeoP5FUPEL3ykp2L9Xr3KdAt1xC63xupRwCyaNXMqm,pumpswap,1790518340,0.000002686,2698.54,2596,2596,0,0.7,4.27,149024.4,0,0,0,2,1,6,1602,1685,,-0.21,-3.98,-94.69,0,1,1,1,,1790581887,0,0,0,2,1,6,856,975,100.0
1790581805,3eSai2ARUTmetz1D5S6Bz2WYoUNEgojETguwYT31pump,Yes Yes,SiTur9JmtFwwWYJyNTkztJi9wFWshUHw4aMAfYHL1yi,pumpfun,1790470995,0.000009338,,9338.8,9338.8,0,708.84,8560.24,94228.4,0,0,1,10,84,66,863,708,,-20.42,-19.24,4.59,0,0,2,1,,1790581887,0,0,1,10,56,55,401,374,100.0
1790581810,GtAUoL7YiDQoRtoZEvBKkUXEftsouJkxoGXqLERa9Thg,DOOMSCROLLER,FSseV1hZGX7Am1tNGdeP2Fq2AtGfUkEWw9xywzbXFmx2,pumpswap,1790517781,0.00004048,16444.25,38773,38773,3.62,1578.69,11625.95,236510.6,1,0,17,9,109,89,2398,2084,0.11,18.26,34.68,-19.94,0,0,1,1,,1790581887,0,1,14,10,69,61,1038,1022,100.0
1790581809,EhNdaeU6FkoHsKgGbXqWbkgfsQQK7YrvsUk7CGwx2WFZ,BAGSPAYBOT,2n3M9jeLinJB8pmanNyC4PFrTMV4S4LowrsSqs7vkovB,meteoradbc,1790518235,0.00006049,,60499.88,60499.88,0,0,0,6891.36,0,0,0,0,0,0,251,242,,,,33.39,0,0,0,1,,1790581887,0,0,0,0,0,0,149,128,
1790581809,EYKCi9xJVqi7VmcpTGhNLyShdwhgjvhCQAef2t8Cpump,FERSPE,ACQAkD5UyocWRkdr9L5Xj8DNG6fACyCxZunrv9n3iPFZ,pumpfun,1790518280,0.000006037,,6037.54,6037.54,0,0,0,917.42,0,0,0,0,0,0,54,51,,,,73.75,0,0,0,1,,1790581887,0,0,0,0,0,0,9,8,
1790581807,ABN6QnKHYayVnymHRUoviNm6sRjPViQGNC5pGc8mpump,NEARPAD,D1T6EQthpR1Mmyy8zZnv5piBoBXzYpUBDA6V3JovzqKY,pumpswap,1790518280,0.000002796,2784,2781,2781,0,0,0,121542.33,0,0,0,0,0,0,8690,10412,,,,-94.53,0,0,0,1,,1790581887,0,0,0,0,0,0,2282,2431,100.0
1790581810,G7dFCwR48WpP4za4q5Z8sqFodPeT3coonB5S5nYwBpey,부캉이,6AK5kobMg7FLitu4P86uupghEuQ6EmWkztnEZeydri6j,meteoradbc,1790518197,0.00004822,,48227.61,48227.61,0,0,0,7811.54,0,0,0,0,0,0,169,234,,,,195,0,0,0,1,,1790581887,0,0,0,0,0,0,138,147,
1790581806,7iXV9RLQQAvBnfjeK9BDMAbrGcLZMMUGspSzYYhsM5bx,REGULARS,5NztHzzu6z7zff61RQmeSZBHQhXQzZCpWAWgakvqVeSk,meteoradbc,1790518237,0.00005919,,59197.24,59197.24,0,0,0,7323.94,0,0,0,0,0,0,218,273,,,,227,0,0,0,1,,1790581887,0,0,0,0,0,0,134,129,
1790581805,12kirxTVGEGRWVCXSLuJyd9yGpX7nTnXAZFsbYfAGBmK,THESIS,53mbTzHM4q1dYHUP8GptTMMigwajGwFNoXCNW6Up9PTj,meteoradbc,1790518139,0.00006046,,60468.02,60468.02,0,0,0,10104.62,0,0,0,0,0,0,304,328,,,,31.13,0,0,0,1,,,,,,,,,,,
1790581811,cewSp1NJDcSgrzEsFfWuoQgarHBeVx2NQ334HJxpump,AORP,ATfHSvXRAHGodLaYZaKU1YPhiLg8Hdi89ggEEGf36tPw,pumpswap,1790514429,0.003801,176259.67,3798742,3798742,722.57,8891.59,55282.51,266712.14,14,10,174,116,1035,689,8808,4513,-0.94,0.19,2.91,7340,0,0,0,1,,,,,,,,,,,
1790581806,6nSM2HxvaetyDrUYjjAUKwgWGi8CGjmboLee7wcHeKN4,ZSHIB ,GUiuqUy3kekuEwkKtvAQqCWjZP3HNHd64vdRiSrVMF3B,raydium,1790523015,0.0001125,27553.72,110258,110258,127.67,9718.15,59765.74,256913.91,6,1,76,57,465,384,2541,1994,2.24,-19.8,27.54,169,0,1,2,1,CPMM,1790581887,3,0,50,35,244,221,867,1126,100.0
1790581808,BwgWHpEAyPnHxmRfYN1tNPS5ADLSiZG3io7uHLJQiT4A,V,6KW5jxKzkKgb8NFS5h6VGaLUyB9oVEFbJktThEbQdCx7,raydium,1790470956,0.00002319,13204.48,23190,23190,0,52.12,2596.3,44468.94,0,0,0,6,69,32,605,370,,1.99,-22.48,-2.01,0,1,2,1,CPMM,1790581887,0,0,0,6,31,26,240,201,
1790581808,CUJNLUPMreMVs3GBBkLduwToNyz8AQF8tvCtrW2Lpump,e/paid,9VrxwHusWCg1SkRqBWTC2bcEzV9hq1qz6oHCE7NQiVkf,pumpfun,1790523248,0.00005001,,50016.44,50016.44,0,0,0,10347.7,0,0,0,0,0,0,7,0,,,,1360,0,1,1,1,,1790581887,,,,,,,,,
1790581807,87wamMPCTf1399DZWxBD5YYz6YcE3cPyk5iBjUSeWAra,CURECANCER,9c5RkY1mj7mKMZ7QfE1o4gCCbLtZqexVaeM1xzBap6Xz,pumpswap,1790524103,0.000005965,5629.95,5847,5847,0,53.89,709.44,1999357.65,0,0,3,10,17,51,17041,15091,,0.07,-12.76,-88.07,0,1,1,1,,1790581887,0,0,3,10,13,46,5518,5089,
1790581811,WnDXtig5mAKxnQtv8xdYnFfXRLH5nYHSXLD4QRuNm9q,CALI,Az7ootdPUnHJk9SJTG5o2m2WeFbaomQMqWrZDVNSaeek,raydium,1790523456,0.00002102,12349.25,21029,21029,6555.54,9507.96,188245.77,466912.98,8,606,123,759,738,1567,1941,3130,-75.92,-75.73,-96.95,-94.52,0,0,0,1,CLMM,1790581887,8,606,123,759,734,876,1935,887,0.0
1790581806,7zVwaMQ1icjrJewjDzYNdVNaA7zqEa5T87Yjju5DA4LN,‮DIAPNU,4pN2gkyKnXWnPywVKARa9eBvqxqf5PouKEc65Hz6rvkE,meteoradbc,1790523088,0.0001820,,182069.03,182069.03,0,0,0,3174.3,0,0,0,0,0,0,108,56,,,,17.22,0,0,0,1,,1790581887,0,0,0,0,0,0,6,5,
1790581807,8HnLRKJ6XkeGq1tpmKPqn3yB5ruqbSR5LR5nVCNAshop,REGULARS,6UNreUfUuNwX9EorTRcLgmJ29nH6gCVuQsJogsq569eN,pumpswap,1790513572,0.0001854,42501.88,177808,177808,2222.96,37663.09,271109.56,3029381.39,27,17,316,229,1582,1564,20975,17259,-3,-17.62,-7.38,264,0,1,1,1,,1790581887,1,5,168,109,627,609,6111,5581,100.0
1790581809,E5E1x6B2Df8Q6Us8e2vfDgngSYWNvYgTeV7RjcXuhhFt,SW,9NH946f7TqdE3QUu3Fki2gFTCrEpParkh4RhAupmkFXU,meteoradbc,1790530982,0.00005480,,54808.25,54808.25,0,0,0,15161.15,0,0,0,0,0,0,655,774,,,,5.77,0,0,0,1,,1790581887,0,0,0,0,0,0,176,162,
1790581806,4Sbqpaa1pvn7RibuKc6caNJ77tjcQC9WuxHRnzdSpump,BOARD,EXiFdYnwHEZ38rRZ68X8T81BVgFHc9kuYc7cd5eq4JEQ,pumpswap,1790530995,0.00007891,24169.05,76707,76707,0,67.19,68.52,307952.65,0,0,1,2,1,3,787,682,,-1.02,-2.03,30.35,0,1,2,1,,1790581887,0,0,1,2,1,3,339,260,100.0
1790581806,4SDGSn3GcNwfAdLPtSJrzNx1q4MaQ5vqsSMQCoVoQZHZ,BIGBOOBS,BNPxQ7Ww7vzvWZogB91upGLPXBxhBnHgUyHnM3xps6bA,meteoradbc,1790530990,0.00005473,,54732.51,54732.51,0,0,0,8541.77,0,0,0,0,0,0,143,133,,,,5.37,0,0,0,1,,1790581887,0,0,0,0,0,0,58,54,
1790581805,3coQQxEHoDf8jEmjgvXUAAAUfiaXPTfvW51PvS42pump,SWISH,35AtT2ojgDPiaJ9WLFtAmeaY4zXBe1L2ArCpDPcL2bSs,pumpswap,1790530989,0.000003296,3164.55,2676,2676,0,0,4.75,29047.16,0,0,0,0,0,62,953,535,,,-3.37,-93.44,0,0,0,1,,1790581887,0,0,0,0,0,3,894,402,100.0
1790581807,AAsNyhyZSghec1VrirmrXWETZQGM9wpr6nuhK76V2kFW,‮TEPPMUP,31Rj7USs3bDY9B8pTzmDDyUT8wgENf46e8TUbytX9RgC,meteoradbc,1790530662,0.001217,,1217439.42,1217439.42,0,0,0,3554.11,0,0,0,0,0,0,131,46,,,,17.44,0,0,0,1,,1790581887,0,0,0,0,0,0,7,6,
1790581808,B2kipu1WYBPBDQrCX5yv9p7dhjhG1FwwnxBjUDhSkbdG,RAMP,GN5bbAjNeQUpQQiebWmuMwxFarg11UaajHHNc4eoQqXH,pumpswap,1790529919,0.0001071,31088.81,104483,104483,15.91,3299.41,49216.22,2353311.93,3,1,39,28,396,498,20498,17750,1.51,3.68,19.5,114,0,1,1,1,,1790581887,0,1,29,25,231,278,6656,5895,100.0
1790581809,Dxz3LSztqekB38wLNZSJuASLDXouphBnUkZnrrj6t7it,TITCOIN,Ai7VCpXLCSuQPiNuaPhSqjwSzELKH1G8b1GbrwsRAeve,pumpswap,1790531859,0.000002634,2613.39,2470,2470,0,0,293.54,115353.52,0,0,0,1,2,17,1396,1433,,-0.14,-18.91,-94.67,0,1,1,1,,1790581887,0,0,0,1,2,13,648,806,100.0
1790581806,76R3Mbb3w66VQg7u7tQHoCMqq6QofD59bncoZKnpump,NTDA,3rEMJwD6wgpgQyubwhGDj5sBhLBzeJRbCsjBbczwM4Aq,pumpswap,1790526052,0.008671,267046.05,8668509,8668509,712.3,8994.76,56119.73,304125.41,12,10,171,116,1065,693,11542,5257,-0.66,0.27,4.7,16986,0,0,0,1,,1790581887,1,2,10,11,27,15,2424,1473,100.0
1790581806,5cg6QnabuagTDFyqt6GmYjsYaLmcPc7X4WCoeCS3pump,Meta,45yz4vDcBMEKFJRieh2yLzbL3foBboGcmLVKJLhKmaCE,pumpswap,1790530289,0.000002111,2146.9,2102,2102,0,0,0,242782.9,0,0,0,0,0,1,16357,22306,,,-3.73,-95.83,0,0,0,1,,1790581887,0,0,0,0,0,1,2409,2114,100.0
1790581806,4mgGg9zy7krWaGDj9TaFra4R5LUUJXtWYyevFBwdeJyf,WUKONG BM,9gThBQnPXUxk9qfaPCCU94zDmBLGY1vV3PC3or3emLVD,pumpswap,1790529596,0.000002114,2148.24,2105,2105,0,0,0,198244.18,0,0,0,0,0,1,10783,6908,,,-4.09,-95.83,0,0,0,1,,1790581887,0,0,0,0,0,1,506,2268,100.0
1790581809,E5PMiZKfEe1NQhw32izNihZFT2FEERT9WRyKGiq9ZK3u,kidney,atAs6rpdxKt1RzX25YRvvKu6LRUg5nHUtYuJ5ExWowU,pumpswap,1790532709,0.000003415,3284.6,3209,3209,0,51.88,655.93,230626.06,0,0,0,3,6,20,3050,3082,,-2.34,-31.42,-93.19,0,1,1,1,,1790581875,0,0,0,3,4,20,1400,1593,100.0
1790581808,BgLULABxd8THAz1AMmJw6HbqFKkKzwqG1Ecs9BT28koS,nLAUNCH,5gJisonjgV7NEiX77V2LR21VEShcVYZMPSJwW7N9it2q,pumpswap,1790532395,0.000003364,3316.81,3072,3072,0,42.75,197.57,437676.05,0,0,0,4,4,18,4122,3599,,-3.5,-13.16,-93.29,0,1,1,1,,1790581875,0,0,0,4,4,18,1475,1623,100.0
1790581810,FpZBwwRzh7yohba5vutPfQRHTsEGBtGAtXG7YkZd2SZM,LAND,9SzTE7cJ6taDiNurRi9YwogYSKP7TVi3ZDiVQZrjqc7J,raydium,1790532656,0.00001707,12057.76,17068,17068,0,43.77,1072,45835.07,0,0,2,5,7,26,446,329,,-0.44,14.86,-66.05,600,1,1,1,CPMM,1790581875,0,0,1,5,6,26,235,211,100.0
1790581806,6VBYcASoDPibvMwDHidGinZ3b93yLUrwb7WZ65MkBAGS,BLUE,9RWvrbvdX8xDUmv8ad4wVQzL9gTgeKPcjeJchJrdU8u3,bags,1790533272,0.00006905,,69055.91,69055.91,0,0,0,705.21,0,0,0,0,0,0,15,15,,,,0.45,0,0,0,1,,1790581887,0,0,0,0,0,0,5,5,
1790581806,64tUZQBCDKhkxPYNey9PXdV8Hz36ra28FuDhMMULpump,WARP,FQjKR5ANojed3skqDFpvM5PcHGQHvBsexhwd9qHcUowe,pumpswap,1790529503,0.00001551,9757.94,14992,14992,40.34,2702.51,11266.15,789107.64,3,1,37,38,148,193,8836,7072,2.1,27.2,-7.1,-69.15,0,1,1,1,,1790581887,3,1,28,30,87,120,2991,2843,100.0
1790581805,2WXCWg6wt4eYUoGmXq3U39cFcALBfoiknVGKKWyapump,orbocoin,Gwp1YTpvWi5uhxedDd12LDotctnVFVLXDsihGqtxxtHG,pumpfun,1790538966,0.00005060,,50604,50604,0,0,0,10469.26,0,0,0,0,0,0,6,0,,,,1350,0,1,1,1,,1790581875,0,0,0,0,0,0,6,0,
1790581805,2VFMP986aVo4oFsdFoLRsgw5ez7zZmc4kwyLt2papump,ROBOPAD,4Swu4N6Fem7DSdGEjnUqF3E13EkoXuhWBz1vRaBHo5u6,pumpswap,1790539072,0.000004294,3922.88,4094,4094,0,55.91,483.7,93002.35,0,0,0,1,8,10,835,832,,-4.16,-1.53,-91.55,0,1,1,1,,1790581875,0,0,0,1,8,10,404,474,
1790581810,FoE6vWnSb7HGMiYJL9b2gp6Hn3SxwCKNBkbftnKKq9Pu,VAULT,UqbFbyMdCsbMFnBhse3qMEuVeTS1WHTuFh9iK5i2M16,meteoradbc,1790540128,0.00006080,,60802.86,60802.86,0,0,0,10743.13,0,0,0,0,0,0,382,420,,,,236,0,0,0,1,,1790581875,0,0,0,0,0,0,167,149,
1790581807,AqqN9zt4rTLcfgq53z1b991GjoryD89rEHYftB2aTdwq,NAND-16,6nr2s4yjiEY9nufPw4pwNtMU2UEgv8tUJskp2Hn13Ss,meteoradbc,1790540246,0.00005539,,55399.74,55399.74,0,0,0,4676.54,0,0,0,0,0,0,63,75,,,,5.49,0,0,0,1,,1790581875,0,0,0,0,0,0,39,50,
1790581805,2yaBTb7TJCoP5fmoEhDzXhrkxa6zyLwDbHB5iDmktqPf,PONS,JCa7ApNCjkzsGpQcgpWK9joip6tqzDdaaVFDAFEWPBVk,meteoradbc,1790540162,0.00005540,,55407.75,55407.75,0,0,0,15164,0,0,0,0,0,0,686,778,,,,5.69,0,0,0,1,,1790581875,0,0,0,0,0,0,205,189,
1790581805,2afBmQKoj924x63jJZNAHfF1diwSs84cN3gSfR6Xpump,BLISS,DroyBnHQ4YTP43qJwTBvWq9RK1zXDesRMsv3pnLbfbhn,pumpfun,1790540290,0.00002726,,27266.81,27266.81,0,0,0,2462.67,0,0,0,0,0,0,78,61,,,,685,0,0,0,1,,1790581875,0,0,0,0,0,0,12,11,
1790581808,CpPtDjmh9rU2MQGvf9rcsdfkZMYyYbc6VHH5ape8cXJn,NAND-16,4H8eC3d2Fch8u9E8xCyJzb1BbWBpX6bx5UoqDR79d3oR,meteoradbc,1790540302,0.00005533,,55330.89,55330.89,0,0,0,6353.63,0,0,0,0,0,0,95,91,,,,5.31,0,0,0,1,,1790581875,0,0,0,0,0,0,49,46,
1790581809,EAqafjVn3e6SYiTFtUWCWdkqs1TNejhqvviTVoZWPpcp,NEAR,9NVVDf43fw3EQbQGVakByFokzivRD5Vd8DXictPzAmUu,meteoradbc,1790540296,0.00006159,,61595.94,61595.94,0,0,0,7538.48,0,0,0,0,0,0,281,262,,,,35.61,0,0,0,1,,1790581875,0,0,0,0,0,0,143,131,
1790581806,7tEsDuij7aj4b2jLUAS5oXcp6B3zWratYVmviS5zpump,VAULT,DqXXV4vcBjSf39TYCnC9uFUsohzhgScewXwoX4Q7XUzH,pumpswap,1790539588,0.0001106,32948.14,109785,109785,575.49,16960.13,171985.25,5041186.35,11,16,136,199,1322,1305,31464,25414,0.77,-9.24,-71.17,119,0,1,1,1,,1790581875,11,14,90,121,565,757,9955,8165,100.0
1790581805,2zSroydg93rpA7poQjPwhCMAx6iW3HM6MuR4LrWopump,Hermès,56hHQNSEg4xCH6g7d7fr3rKEW4wJEXNR9oYLVJEbMngM,pumpswap,1790537827,0.000002119,2164.29,2110,2110,0,0.46,1.62,296258.62,0,0,2,3,7,8,28444,27299,,-0.26,-3.77,-95.85,0,0,0,1,,1790581875,0,0,1,2,1,2,2621,2336,100.0
1790581810,GUuw78fGcaCu3HCbYP91T3WfUeaPansbPXzsyLwrpump,NFL,6xi9Emo6SdbwyvAW6HTJ7s3ZeUPBguVEi9LmU4BTbuVM,pumpswap,1790539070,0.000002098,2112.06,2087,2087,0,0,0,95124.44,0,0,0,0,0,1,8616,10344,,,-3.53,-95.9,0,0,0,1,,1790581875,0,0,0,0,0,1,438,2341,100.0
1790581808,BxpWDdkV7wbfU5ipCPURJgmYR5Nn4N2vGK9A8Qdrpump,CLAUDEPUTER,5z9k9GhqKs9iF8MWnSNPC1nJQw2GmTz8D1ArTj5xHmaY,pumpswap,1790540466,0.000003520,3412.54,3377,3377,0,60.88,183.72,304020.9,0,0,0,3,3,25,3836,3536,,-4.69,-7.71,-93.05,0,1,1,1,,1790581875,0,0,0,3,3,24,1580,1681,
1790581810,HmAeDSq9ANTp3sToUUijC64QYXrVkS9RyJyc3H2spump,Beast,6Nez2A4W17HAFjEEWUXay97fJFhpzU4SrnMqcTzotkJM,pumpswap,1790539479,0.000002227,2329.2,2209,2209,0,9.79,9.8,615043.97,0,0,1,0,1,1,8290,7329,,1.44,-1.25,-95.65,0,0,0,1,,1790581875,0,0,1,0,1,1,4187,3635,100.0
1790581808,C5YjyjnbJhPmW41mXZWiFJF3FSHtUu5Z8sefqhmGpump,Tabless,4jMQ6JYVSdp15C98AdyBAVuWf9e2QZzz5MXHPUqqzUu5,pumpswap,1790527577,0.000003738,3596.82,3607,3607,0,15.87,2574.07,374830.79,0,0,2,2,29,47,5141,4495,,-0.48,-57.08,-92.53,0,1,1,1,,1790581875,0,0,2,2,26,41,2231,2210,100.0
1790581810,HTKyJy9CVRkexzedUwUHVU8G2r5PN2qRWPVd9WmGpump,:),FDVHKvcgkhwGYTmVvREuZ8Rb48JMJjnoWMLhhbm1WLqP,pumpswap,1790547466,0.000003090,3013.13,2908,2908,5.47,568.91,815.79,175678.1,0,2,12,11,17,28,2093,1846,-0.93,6.08,2.48,-93.69,0,0,1,1,,1790581875,0,2,10,10,15,27,864,903,100.0
1790581806,6KqbfB3zL5SockYzfNAFHrTQ9429RZaRPPmQif68U2Hq,VBUCKS,ChvAn5p472Ugr9Bnq3158SX68zaikXcXPE8VmpfqkfJR,pumpswap,1790546490,0.00001209,8643.5,11920,11920,0.33,272.29,8646.5,1195664.75,0,1,3,20,124,176,11571,9298,-0.7,-7.6,14.71,-76.04,0,1,1,1,,1790581875,0,1,2,16,74,124,3965,3722,100.0
1790581810,FJGWEmtCEtvyviC8w86twWNiTcXwn7YiAoHmJgxWpump,wiffomo,EWgX3RebidhrzcMattsrNuqnMqzynTr6J3jxshU1YUgu,pumpswap,1790546183,0.000003969,4888.83,3831,3831,7.47,16.71,9287.02,5910939.39,1,0,5,6,48,79,13977,12513,1.55,1.42,-85.35,-92.22,0,1,1,1,,1790581875,0,1,4,6,22,55,2921,2737,100.0
1790581808,Ct1tR17mRtpdf3WsMqSeFEVmw6ThdyoBtLPiW5Hqspot,SPOT,25evsdVGodjZ3ftddnwaPhbzQKjyZcTw3von8K9y3Jby,meteoradbc,1790545757,0.00002444,,24444.67,24444.67,0,0,0,6008.21,0,0,0,0,0,0,54,8,,,,1383,0,1,1,1,,1790581875,0,0,0,0,0,0,46,4,
1790581805,3RNy7erxjwGRRYvM6KzVKVtuFnNSpkQFwwiHhUH26xoa,PKMN50,8X65G996GZAiUeuH6A9hJxJWaSzoAcez5aX98wD1NqFT,pumpswap,1790544931,0.00005698,20790.46,55585,55585,734.39,10050.16,36794.68,890875.74,20,7,163,86,510,420,7490,6062,10.34,44.03,37.65,12.35,0,1,1,1,,1790581875,16,7,111,64,302,273,2554,2312,100.0
1790581805,4Gx1X1BpGZVGu51xfaKrp4qcM9oUEVGLFstQv9owpump,Penque,ws9MXVCbx98Hnf7bRvbhkuyeAK3EUzQSYZEjDRAJoNS,pumpswap,1790547470,0.000002350,2344.28,2215,2215,0.95,0.95,1.36,28600.94,0,1,0,1,0,4,749,414,-0.41,-0.41,-2.9,-95.31,0,0,0,1,,1790581875,0,1,0,1,0,4,689,359,100.0
1790581805,2fFXPHLVQcoxXsYHiz4WgJzZBkYUiqz26E5YJAeYeD3u,OOLONG,DWjq8YvZe9JCWg71bFirVDUzkEBBPXvspYVioskDBppp,raydium,1790560452,0.000005698,6788.67,5699,5699,15.92,265.45,116689.95,116689.95,1,1,4,11,1080,1054,1080,1054,0.48,-2.82,-89.05,-89.05,0,0,0,1,CPMM,1790581862,1,1,3,8,517,572,517,572,99.9999999996314
1790581810,FFzTy32bZbPA8zRLbbiWoNzW2emGv86tUxaoqhz1pump,XPAD,tv16dBftigYeN75Y8z9PSGDUs1mfZvkwnwrQDLkMk8M,pumpswap,1790559685,0.0008127,85382.77,807106,807106,15741.79,198894.95,2134258.52,2295266.22,775,491,9215,6221,52863,31250,53836,31798,3.9,7.95,131,545,500,1,2,1,,1790581875,48,36,1744,1563,8963,7479,9404,7701,100.0
1790581809,DTeiRSZamHZ48n9zEEVP4ACvxTaXXzdJgSnN5ZrQND6U,CAKE,9DEXLXMerFn4hqvPXdqpfp5uUj3hCCbPS8jNCkqSxZEk,raydium,1790560192,0.000008320,8308.21,8320,8320,0,7413.76,201056.03,203515.35,0,0,92,67,2163,1805,2176,1826,,-40.18,-82.52,-83.51,0,0,1,1,CPMM,1790581875,1,0,45,43,866,890,868,896,99.9999999996324
1790581806,7zHQ4w6nBFGP9d5JfQjg65vQuC13LdsNdEZprikYMN18,BANK,3XYPgnWxNMh3p2dnXEKNLLdmsqD61rJdqLHw7ZtvkrPf,meteoradbc,1790561818,0.00004597,,45977.22,45977.22,0,0,12366.19,12366.19,0,0,0,0,227,213,227,213,,,186,186,0,0,0,1,,1790581875,0,0,0,0,156,141,156,141,
1790581810,HcPYnMt65E1yqERVUqtsbtyY8d2boCy7FmvJ8RfrECQr,CORIUM,CBLyGvRMba44K3bL8qBCCnHgQ19xv63UCKj8Ceyw2P2d,meteoradbc,1790561009,0.00005143,,51432.07,51432.07,0,0,67206.34,67206.34,0,0,0,0,506,323,506,323,,,1480,1480,0,0,0,1,,1790581875,0,0,0,0,279,183,279,183,
1790581808,CP9MpsAzBQwXgUsuvduSsnUsyGgFCCvNz6WTsWQgT2FB,BGTEST,CeAcgJdUscjDYbz1uU57E2LuZ4HgKxMkwZsTeQiMQu75,meteoradbc,1790557728,0.00003001,,30011.42,30011.42,0,0,47.19,47.19,0,0,0,0,2,2,2,2,,,,,0,0,0,1,,1790581875,0,0,0,0,2,2,2,2,
1790581808,B4P9shStmuSBYjrtSoDQ3v7ZRUZi9RBdVa65tWLXpump,FOMO,3Qs2CcEks1XtNjXpnmnEgq51XnSGzGsTZiTgmwKB9tdR,pumpswap,1790559562,0.000002147,2181.67,2137,2137,0,0,173803.18,204832.05,0,0,0,0,13581,21119,16974,22924,,,-99.61,-95.76,0,0,0,1,,1790581875,0,0,0,0,2470,1707,2470,1707,100.0
1790581811,oFwtoyaDtY7FKqZtKnz6J9y4zb9GiifQ3D9pjYKpump,Elon Coin,FDgUp4CA1d3UbShoCJ11eG11i1YUVHYbQNdb63daRLUV,pumpswap,1790560013,0.000002114,2141.89,2103,2103,0,0,142859.66,160876.82,0,0,0,1,13393,13921,15217,14134,,-1.19,-99.48,-95.8,0,0,0,1,,1790581875,0,0,0,1,682,2254,2462,2267,100.0
1790581809,Dc71BqUvJJoWo3KukxyABjVoMjAJATQ6y9SvNBHpump,DOGHOUSE,G3VADcMfdEDKqFY8USH7jQJRFehaRDyvbLkncCN3evWv,pumpswap,1790564864,0.000002876,2813.85,2674,2674,0,16.8,35252,35252,0,0,0,4,463,596,463,596,,-2.32,-94.19,-94.19,0,1,1,1,,1790581862,0,0,0,4,303,439,303,439,100.0
1790581809,DJ92CL7Z2dvVSE8reTUXTaKCax8jbYzfU3C66ziQpump,foom,axd1iRwfborKAmpRx52kENNtdZAStwfKnNSbab26Cnf,pumpswap,1790563287,0.00001258,9059.2,12183,12183,0,296.79,355956.54,355956.54,0,0,10,10,4054,3219,4054,3219,,6.08,-79.13,-79.13,0,0,1,1,,1790581862,1,0,8,10,1593,1635,1593,1635,100.0
1790581811,bxyWXs5kPUbSzKc3P28ydpwmdaeHGaTo3TK1Yf5pump,SAMO,5C65tbuZwHBN3DWKNKvGk3hGrsaVzZLbAmQWbUrLFZcm,pumpfun,1790562066,0.00002934,,29342.69,29342.69,17.24,689.8,49532.02,49532.02,4,0,27,10,397,227,397,227,0.26,-2.84,752,752,50,1,2,1,,1790581862,3,0,27,10,340,153,340,153,100.0
1790581807,9VXMEkhYKcj9s4dvzz3GF4ZfHGc5oAURiSY7ftPpump,peptober,FWiWJPeBytjWosLppouT32b3BBMaNko685Jb87SYxZQj,pumpfun,1790562128,0.00004960,,49605.56,49605.56,0,0,10262.69,10262.69,0,0,0,0,7,0,7,0,,,1365,1365,0,1,1,1,,1790581862,0,0,0,0,7,0,7,0,
1790581806,5ErsqA6ZXbV1kW36FJdbmH1ccKZiDNFNedAj1MrNc6Hp,YAMSTER,H4Q74eF2x7DVKMA3vaA2UK6kpqwZYvAU1YQN37XG9mio,meteoradbc,1790563482,0.00005807,,58075.26,58075.26,0,0,3566.86,3566.86,0,0,0,0,56,69,56,69,,,217,217,0,0,0,1,,1790581862,0,0,0,0,46,59,46,59,
1790581810,GtCToMycmxSbXzLpuQZVvM4QUGV5nHGLfRU3auhVpump,MrBeast,2ZDA1CBfgiJMeteFXNgMnYb821VBe2cBSMQB2aR6X59Y,pumpswap,1790555476,0.000004991,4605.43,4967,4967,0,0,557833.86,1541897.64,0,0,0,1,16263,10760,28024,15317,,-0.46,-99.61,-90.2,0,0,0,1,,1790581862,0,0,0,1,3968,3178,4371,3669,100.0
1790581807,8xzeMhd2Uy2AWQeTGaMonjvsmfWGnkiuYkzcuuzSpump,DIAMOND,F4ak38g4nZWP9izfbfgeZxkgJUyb5BmhaReyCuYXGEtE,pumpswap,1790568751,0.000002950,2879.38,2725,2725,0.24,23.72,69636.57,69636.57,0,1,1,8,1241,6407,1241,6407,-0.1,-2.03,-94.02,-94.02,0,1,1,1,,1790581862,0,1,1,8,478,498,478,498,100.0
1790581810,HxaaNjii1pt9kKFra7HbFe9cmq91F8LyjcxBMxbpPNyR,dingbotics,33Mh1bWQ2EKwnDjLt9aNDDTRCr2bjpouasNR7KdqtDzg,pumpswap,1790564301,0.00002066,11165.5,18573,18573,131.45,7928.72,346957.4,346957.4,4,4,102,80,3661,3409,3661,3409,-1.66,-48.52,-58.55,-58.55,0,1,1,1,,1790581862,4,6,43,61,1495,1483,1495,1483,100.0
1790581806,4vvmFPzhuW2cdfSxtHUfJQCSFFb7zPBXH4neBooipump,all/inCat,8MSRkCNgv3R3wtiS9Gd2YnaHSsG2oK3W7w5XHDHEGcTr,pumpswap,1790563999,0.000002295,2431.3,2245,2245,0,0,505654.16,505654.16,0,1,0,1,15076,10494,15076,10494,-1.57,-1.57,-97.27,-97.27,0,1,1,1,,1790581862,0,1,0,1,8120,8123,8120,8123,100.0
1790581806,4UMfNn34DQVnhh6TphH4dGYYuJWuVskq5mKNZ4ZMpump,two,GQxeZf5KKpMfeuNtwaSMmcFyt4qcUFR7mkZDMC4zXgia,pumpswap,1790565231,0.000009911,7561.6,9660,9660,527.7,2066.45,1095088.12,1095088.12,11,9,46,45,11685,9588,11685,9588,11.36,-2.89,-80.04,-80.04,0,1,1,1,,1790581862,8,9,26,38,3428,3195,3428,3195,100.0
1790581808,BwXpEcb8a1oXenTgWm5HNZNnEcZjjwVNTxmk58srP8We,BANK,5eiZXqYsAqfVGNfvuMhmsc8ZqEBCgnB9V6FHZS3FKAR,meteoradbc,1790565398,0.00004650,,46501.28,46501.28,0,0,12255.3,12255.3,0,0,0,0,144,148,144,148,,,192,192,0,0,0,1,,1790581862,0,0,0,0,123,108,123,108,
1790581809,DbJmutiAqQszf6Sn3RmysWipqVLxAGbFpXf3GkYcpump,NIGHTCAT,5tSzdyweSpPsTZNEVakJDDB4twXgtW186KkTM6LejUL9,pumpfun,1790565567,0.00002511,,25113.67,25113.67,0,0,759.77,759.77,0,0,0,0,97,90,97,90,,,558,558,0,0,0,1,,1790581862,0,0,0,0,7,7,7,7,100.0
1790581811,k6BKQ8wPT4KDjznP5G7ipwcRzXqZhCRRt2KqSkrMoGa,BOBMONAD,2cb5yhwWz5optCqQ3Sr1c82CdWimVcD2LX9tKtA6mczT,meteoradbc,1790565525,0.00004142,,41422.01,41422.01,0,0,6980.14,6980.14,0,0,0,0,121,142,121,142,,,125,125,0,0,0,1,,1790581862,0,0,0,0,87,103,87,103,
1790581809,EAuQELptqaQhr3qxAEPXsxC3EcsPSuTmKwxcHfH5irx8,BEZEL,4cMGq4ieEXJFx8HobTyZoe7edWcFinyKXrSAEDcUUz5a,meteoradbc,1790565481,0.00005891,,58919.59,58919.59,0,0,12110.59,12110.59,0,0,0,0,299,354,299,354,,,306,306,0,0,0,1,,1790581862,0,0,0,0,150,158,150,158,
1790581810,JC1LhLBc4VDFX6s5d8bPQohLkP4e62rfFiqW5PYbpump,$MFRG,Hnk6TmwEDp6xyHpLRhM4WCh1yFtRittbiat9fzuf1Wa8,pumpfun,1790565568,0.00005097,,50974.23,50974.23,0,0,657.56,657.56,0,0,0,0,22,14,22,14,,,1406,1406,0,0,0,1,,1790581862,0,0,0,0,5,5,5,5,100.0
1790581810,JB6PCkfSjK8ppRMR9yS2AUpNZFe7r8c3wfLZZQnXL8fM,GrokRocket,7UMFuB2b3XFDUNKkaWtemjBUhdi6yEHmkZ2b3gBi2PnS,meteoradbc,1790565571,0.00005707,,57077.9,57077.9,0,0,4099.44,4099.44,0,0,0,0,93,108,93,108,,,173,173,0,0,0,1,,1790581862,0,0,0,0,73,87,73,87,
1790581805,1HchZjXpgU2pceX24cmRsfjtbf6TwErspscg9hhpump,GRUMPY,6mtaXVsT52xQoZHeZ8icDmgFhXoiWa9q97WbP42Cb2q9,pumpswap,1790561527,0.000002259,2408.03,2241,2241,0,0,1179213.54,1179213.54,0,0,0,0,9858,6760,9858,6760,,,-95.5,-95.5,0,0,0,1,,1790581862,0,0,0,0,2804,2815,2804,2815,100.0
1790581809,D3WVWCXvBaEXNmaefoD69HaAp8jRAvkYNs3Dj49Gpump,MrBeast,c6rsMaJoAkphgbwYr8crhy6LuKYzm6jQdfLWcrXuUPo,pumpswap,1790564382,0.000002509,2611.41,2496,2496,0,0,751175.95,751175.95,0,0,0,1,9832,7841,9832,7841,,-0.73,-94.97,-94.97,0,0,0,1,,1790581862,0,0,0,1,4295,4271,4295,4271,100.0
1790581808,BXxiivUY6xPGmAMjTybeaPk4uqsdWLVVtyLKcczMpump,k/acc,2d9Dx2kKmWNxyvicxGka5Yr1JLcgYyjmMBexA8KyPAop,pumpfun,1790565465,0.00004940,,49404.23,49404.23,0,0,10221.04,10221.04,0,0,0,0,7,0,7,0,,,1369,1369,0,0,0,1,,1790581862,0,0,0,0,4,0,4,0,
1790581805,457d4dJsbDBowCphtVmKH7JiJWhsRaw9nG76GrBKpump,NVIDIA,HmXLnnAutEnC7Q5YVBLrGmtVDd7cDnxZ3Q9qwt6BzyZR,pumpswap,1790565279,0.000002094,2131.86,2085,2085,0,0,227817.5,227817.5,0,0,0,1,26285,25336,26285,25336,,-1.94,-95.81,-95.81,0,0,0,1,,1790581862,0,0,0,1,2595,1937,2595,1937,100.0
1790581810,JE8bGHEScfgPz7wrYUMko2nFJcZD42zN8VEX8EH2VDQ6,STAN,EB3BrKyJDqoSnS9G7rP9GgWqiamBTW94qsHntpRDtvys,meteoradbc,1790566688,0.00005551,,55510.29,55510.29,0,0,3496.26,3496.26,0,0,0,0,71,85,71,85,,,166,166,0,0,0,1,,1790581862,0,0,0,0,57,68,57,68,
1790581810,MfFFq8n2XLK2Tof4h4D3WVV1NVaKu49i9jtFfZkpump,GO,D3XbzfZ6HtLUYZfgdDa9Li38iFJCZbCdiMoMLgLwLbUt,pumpswap,1790566621,0.000002208,2316.6,2201,2201,0,0,457689.79,457689.79,0,0,0,0,2544,1722,2544,1722,,,-95.56,-95.56,0,0,0,1,,1790581862,0,0,0,0,1245,717,1245,717,100.0
1790581806,5wXgrQPGeuHT3EkmL5U5ioBr72QJbQLXXrV6Wrdjfcuu,HASH,Cwr5b6C8Ajk5RJ45gDesVb5VoM7ZziYtGiWYgyy2mAcj,fluxbeam,1790566700,0.001516,1500833.18,1516422,1516422,0,0,10791.89,10791.89,0,0,0,0,300,0,300,0,,,914,914,0,0,0,1,,1790581862,0,0,0,0,20,0,20,0,0.0
1790581806,7HnfEv94N21iVruRE614hnBhvKQjzPJAeSPKXTJKzqfT,Wazz,HmswprYDAfrG9Dyj9aah6scceKxzZ3BXgLg5HUBFtb54,meteoradbc,1790566556,0.00004837,,48370.8,48370.8,0,0,7665.44,7665.44,0,0,0,0,151,175,151,175,,,234,234,0,0,0,1,,1790581862,0,0,0,0,107,119,107,119,
1790581807,8vayZ12rUQPe1moHZXTazHwwxHMcJc4KAwu36hegoNKX,FART,AmbX1kZHVJMaHYRSbnPdFgQSEhQxKv3pRMz1SP6rz3dq,meteoradbc,1790566597,0.00004669,,46698.56,46698.56,0,0,15319.27,15319.27,0,0,0,0,265,272,265,272,,,194,194,0,0,0,1,,1790581862,0,0,0,0,158,146,158,146,
1790581806,5SHWDW4Tw9x6e7cXoL7RxwQZjF4pbFhCTTcxY9PFRCG,pnut/acc,41qXnVYriuMgFzHuBqPcY6Bka15Jg3d6rv5ZQyJpJGHa,meteoradbc,1790566570,0.00005844,,58447.46,58447.46,0,0,5649.85,5649.85,0,0,0,0,172,200,172,200,,,28.77,28.77,0,0,0,1,,1790581862,0,0,0,0,153,136,153,136,
1790581808,CgD9Ps3HkDuM5QqoXLRKxt9ajEBneoH5CvSb3wHWpump,E/INSTA,3qPVtPg9TBLP3LdF7Sb2pksjWp3PmWN1xk7yM5KKTqXe,pumpfun,1790565436,0.00004940,,49404.23,49404.23,0,0,10221.04,10221.04,0,0,0,0,6,0,6,0,,,1365,1365,0,0,0,1,,1790581862,0,0,0,0,6,0,6,0,
1790581808,BC9ebK4rdQThDof6tnv6vZ7fp8P3jiaRt8Qrfh6dDexX,STAN,HateBof7jRH7eAp75AYa9i8H9HKM428coxjGfKETvEY9,raydium,1790566503,0.000003015,5156.47,3016,3016,0,167.51,251088.64,251088.64,0,0,1,7,2439,2248,2439,2248,,-3.73,-94.02,-94.02,0,0,0,1,CPMM,1790581862,0,0,1,7,1030,1066,1030,1066,99.999999987013
1790581809,CyovMnzMaKGApYsnm55d8rNWhEkskPSidKswnhgzMkGm,BYTE,EaBZLEBQXbbzUyPxpE4Uev7sh6xQTz2NdmJdQ4NqaXx3,raydium,1790568510,0.00002860,16568.45,28609,28609,98.04,25187.41,736859,736859,1,5,177,145,6964,4920,6964,4920,-0.45,25.16,-41.56,-41.56,0,1,1,1,CPMM,1790581850,5,1,113,122,2156,2410,2156,2410,
1790581806,7SFUQhwC9qpPXtxN3vwHkPwMUCd99BvCYtmWCsemqAsp,BYTE,6Cv1PwZQWGUHm65Dafm7bf9QERDtzte9A3qz75gtgCKC,raydium,1790568813,0.000003853,5795.76,3853,3853,7.44,38.21,122785.12,122785.12,0,1,0,4,1104,1055,1104,1055,-0.52,-2.62,-91.35,-91.35,0,1,1,1,CPMM,1790581850,1,0,4,0,596,520,596,520,99.999999991543
1790581808,CGfVJX4D35wE8kviKKE1XyKU9EHRXe4Zsw3R55ABpump,hippo/acc,7rC7ZiDNEMM3vwz1aTD2XM5HqwWMkQGSrWSQz7f1WYWf,pumpfun,1790566804,0.00004936,,49367.25,49367.25,0,0,10213.39,10213.39,0,0,0,0,8,0,8,0,,,1365,1365,0,1,1,1,,1790581850,0,0,0,0,5,0,5,0,
1790581807,AjxqTiS6TnK75xG6pWAMJgNQuhkip3LzN36uy2wBbwmH,CLAUDECHAN,7ckTVPGFmFW7kmV814GLcVDZj5wVwnnGfb6tEBvgLgDz,raydium,1790549647,0.0001189,33560.24,118999,118999,1662.27,46684.02,151441.82,1273481.91,9,2,163,138,787,584,7334,5202,8.93,31.59,98.2,135,0,0,1,1,CPMM,1790581850,9,2,138,101,509,414,3352,2421,99.9999999927989
1790581811,XrR9rqzFCBEcYoeyKrHV2uYFmEkwPCh6cxB3KuPCGd5,KOKOS,7RngyNPVmrZjCm34HksS5t7v2Uuq1APm5ELxNAJPQbng,pumpswap,1790554764,0.00002454,12675.96,23841,23841,499.66,3510.73,103257.75,512094.3,4,5,49,46,910,820,4522,4147,-9.93,0.15,17.51,-51.14,0,1,2,1,,1790581850,4,5,39,35,398,390,1666,1592,100.0
1790581805,3boGmtdYQfRMAkaFwv1d3spzchEECN1vi9jbUVRhpump,MrBeast,GWwgYPmKcZ7VR6sa7thjmqVE5cpfEVgEKpsqWGDeY35g,pumpswap,1790569296,0.000002206,2331.96,2195,2195,0,49168.42,927403.73,927403.73,0,0,277,4323,19956,10983,19956,10983,,-99.63,-95.58,-95.58,0,0,0,1,,1790581850,0,0,272,4236,4289,4282,4289,4282,100.0
1790581811,s9xjoP2D3r6dTd66J6mz3YLtaCvzxz4pac7pXtFWrsp,bukangi,9W2zEp7htAVvxkuk7R5BD9k7QnhzGAXNCmtke2tZ2JfM,meteoradbc,1790569068,0.00006002,,60022.21,60022.21,0,0,16012.19,16012.19,0,0,0,0,314,434,314,434,,,293,293,0,0,0,1,,1790581850,0,0,0,0,166,196,166,196,
1790581806,5Pv5usU8GmBtnUL9kGJbABRptr3VV26WDVa5hHPj1MtG,metachrosis,77iduhRVHkvbP31QACCy244YEcR2yBnhEwnVtxfn7ebh,meteoradbc,1790567885,0.00004552,,45527.5,45527.5,0,0,24999.35,24999.35,0,0,0,0,3044,3062,3044,3062,,,349,349,0,0,0,1,,1790581862,0,0,0,0,208,207,208,207,
1790581807,A8rzp7TJbkjrozzeHRurh2qDCLAg3L4KsCv8wDuGpump,SJ,5MhxNdPHTHw54eTTSjvkFkLaThhnsT3BNz49rtnzDqf5,pumpfun,1790570619,0.00004928,,49285.08,49285.08,0,0,10196.39,10196.39,0,0,0,0,6,0,6,0,,,1365,1365,0,1,1,1,,1790581850,0,0,0,0,6,0,6,0,
1790581806,5b9xTUBEPTWBHhKNRp7WWP5FDEtDyDBEv9P2yij7pump,SIDEKINU,HBQuYkg4P863uNBJydTtZPwbBeZkLtF4wfemsiLB3tqt,pumpswap,1790568930,0.000002314,2500.66,2289,2289,0,2.84,978008.51,978008.51,0,0,0,3,10358,8037,10358,8037,,-0.27,-96.51,-96.51,0,1,1,1,,1790581850,0,0,0,3,6040,6333,6040,6333,100.0
1790581806,7Zr7D2iyR5AiNYvXz5kSerRmivRNNWGbLBkM5kfEpump,discat,7JVTv2FwBvM8cTYtAd8hrRCLTF8qUzxVYE9s5YNVQjS6,pumpswap,1790569482,0.000002290,2383.06,2240,2240,0,0,374137.07,374137.07,0,0,0,0,5837,4403,5837,4403,,,-97.36,-97.36,30,1,2,1,,1790581850,0,0,0,0,3787,3774,3787,3774,100.0
1790581805,4RLhqc1jfpMLhtALMeUeVeJ5vySyL6eQca4cBjgCpump,BEZEL,FQJtTnQysivBCHr6uNTnuftbUdvTsppDY3dVT7K3RFvA,pumpswap,1790565430,0.00001692,10685.44,16450,16450,506.7,4299.58,659478.25,659478.25,3,2,45,72,4726,3266,4726,3266,-5.74,-30.44,-70.44,-70.44,0,1,1,1,,1790581850,,,,,,,,,100.0
1790581806,4ZBwbeeHuN2U5cydtsHg8pdpEvcbbx78pngdPw4PEfbC,BOT,2Wup9Tm1p897Bc4Xa2RhTAtX9X3VqJDm2NBAdUWnLFAt,meteoradbc,1790570857,0.00004977,,49772.5,49772.5,0,0,4202.45,4202.45,0,0,0,0,58,81,58,81,,,129,129,0,0,0,1,,1790581850,0,0,0,0,51,70,51,70,
1790581806,813bhqs7MBX9K6zv8ZF1CP6smYmewzwUqMQyLCdZEKc,bukangi,2YxA5yq8468PRjoEAhiGnkbcJGNdfQabvCKGiZF4xHRP,pumpswap,1790570867,0.000001848,302529.75,184896,184896,485958.78,6116892.74,18247219.13,18247219.13,550,278,6902,3507,20610,10502,20610,10502,1.22,15.82,102,102,0,0,0,1,,1790581850,329,31,3453,32,4986,45,4986,45,0.000000000037404226387615
1790581810,FwJVuTZZYm4GBXQfq517W9FEL4FsU2iqgYguANTyg9bg,BYE,88484UUW1PWusXWmyp5Ubjo6b1U7JwngDBMgSW1wWMCA,fluxbeam,1790570862,0.001514,1498447.91,1514011,1514011,0,0,10781.76,10781.76,0,0,0,0,300,0,300,0,,,908,908,0,0,0,1,,1790581850,0,0,0,0,20,0,20,0,
1790581807,89nk99jM9wo3tFuCoUbqrHpDHahcTQmGBD4k6EQKVTSj,Minions,HR7w2qpqFmVznTGjJ9F4dtuhws7EvtyirpHADatZSqBK,pumpswap,1790570906,0.00007460,84407.15,74609,74609,67384.5,836889.84,2485212.28,2485212.28,279,280,3514,3523,10991,10624,10991,10624,3.47,-1.13,228,228,0,0,0,1,,1790581850,95,88,100,100,611,106,611,106,0.000000000776946063833039
1790581808,CXM6rNB6wtsUBswpj1ypYwR93jdwrzcvunENMqd8pump,NEARCAT,2HfmXxyrXB2JyEur27MoSS4gjVSTNM2B6hoxSPZzdz2G,pumpswap,1790570934,0.000002334,2470.47,2297,2297,0,0,622778.76,622778.76,0,0,0,0,20375,9181,20375,9181,,,-97.32,-97.32,30,1,1,1,,1790581850,0,0,0,0,6934,3526,6934,3526,100.0
1790581806,7o4KxFi7aLrN7yezHRkRgCg8oDubZLB1QkLvcpRdpump,$RogueLUV,AWtJmAn18g5eTW5228Mu6xxFzmNdrEWTMq947JuhC14P,pumpfun,1790570839,0.00007356,,73567.06,73567.06,0,0,1949.69,1949.69,0,0,0,0,84,68,84,68,,,2082,2082,0,0,0,1,,1790581850,0,0,0,0,7,6,7,6,
1790581806,6cqCqayik1M6wYtq7hpEdF6jKypUYgiRxgeoi7k5kZ5R,SNARKSTR,7YS6iQi86QadmVE4WgNvJCsdzXqDoET7LXHNm1Qw2buZ,meteoradbc,1790570688,0.00004653,,46534.99,46534.99,0,0,11865.59,11865.59,0,0,0,0,138,134,138,134,,,192,192,0,0,0,1,,1790581850,0,0,0,0,119,111,119,111,
1790581805,3bNJqV9vSMVQKeCPNToEAdHzENjrMazhxDRoP17LKWxF,bukangi,BhrUr9oFRHDKSB5pZ21vDjnEjR6BmpvLFzQXa864u8ye,meteoradbc,1790570814,0.00005679,,56795.35,56795.35,0,0,8992.51,8992.51,0,0,0,0,174,245,174,245,,,268,268,0,0,0,1,,1790581850,0,0,0,0,125,169,125,169,
1790581809,DHLhw6VtsWdPbCtjbGnveYJ7Tx7EN6ksierLTBV7bHEd,SJ,5uw3wo2SM4LhZ7LkEavyfXFSPk3YVSn6k2RNdH4DGbAc,meteoradbc,1790570832,0.00005991,,59916.85,59916.85,0,0,4865.76,4865.76,0,0,0,0,96,111,96,111,,,227,227,0,0,0,1,,1790581850,0,0,0,0,80,82,80,82,
1790581809,EukRkywcKhfoLkr3NtqnruGvmXbaL2MyxKABVjkwpump,GYMCAT,HwpxhWbsaLTCNAgF2kzaGbeZB6mHYnxNkxyZucznYBgN,pumpswap,1790571015,0.000002297,2351.67,2209,2209,0,1.31,188976.95,188976.95,0,0,0,1,733,787,733,787,,-7.2,-95.33,-95.33,0,1,1,1,,1790581850,0,0,0,1,265,299,265,299,100.0
1790581807,A2Kz4oAJvg9yuQR9znDicg8QvFDgrxaHp68ih3HCpump,GRAYMATTER,FrwmBmCoJ3EjA8gP4GKejP87pikZ1oFiBk5iq133G3rK,pumpswap,1790570802,0.00009017,27541.72,85697,85697,8251.99,37946.04,1444596.81,1444596.81,70,73,468,387,13537,11126,13537,11126,22.85,16.39,82.64,82.64,0,1,1,1,,1790581850,64,69,263,242,4005,3541,4005,3541,100.0
1790581806,6avWn3wAN8YeVaf8gdJnBt58ffWqW3Qf4p1tYoKedHf,hippo/acc,9BbUbLWxb6TW35BmecokNbNdh8kSGxr5KESLrbdPKb2h,pumpswap,1790569820,0.0002453,392024.57,245359,245359,172966.63,11957409.65,52910873.15,52910873.15,454,172,11388,7950,42558,32062,42558,32062,0.83,-18.83,251,251,0,0,0,1,,1790581850,352,49,3463,54,4968,71,4968,71,0.000000000427059211081363
1790581809,E947nFnefYwu9MypAR88CnqzEeCcnTZWneJbyiNApump,Meta,52v1k4pLqEREDmhBo1d7LurX5tNSYRNTemuQvYuCLbbM,pumpswap,1790570175,0.000002132,2152.42,2123,2123,0,1.87,99122.64,99122.64,0,0,1,0,7196,9094,7196,9094,,1.04,-95.72,-95.72,0,0,0,1,,1790581850,0,0,1,0,2449,2130,2449,2130,100.0
1790581806,5J3iNVaXYXgQ62sreiwiKt7zGssbD5cdhWMjffaSpump,ETH,GGLyDB9cwh9STCciFq5jLvGd6kvaCGL5Vf2r4xFAZDLn,pumpswap,1790570245,0.000002145,2165.4,2133,2133,0,0,102039.12,102039.12,0,0,0,0,11145,11161,11145,11161,,,-95.69,-95.69,0,0,0,1,,1790581850,0,0,0,0,2444,2217,2444,2217,100.0
1790581810,GEXjq9Tb7perRs6fwBmuNZL5QAEsS2AWrGeZNBYBpump,GRAYCAT,4NxPoidGXJAmGcYEczHKS1qxurgCedzsAFxZWWZA9rS3,pumpswap,1790572207,0.000002454,2734.31,2407,2407,0.49,125366.49,1606414.91,1606414.91,0,1,5683,6648,26135,14203,26135,14203,-0.01,-98.27,-97.17,-97.17,30,1,2,1,,1790581837,0,1,2120,5820,7662,7615,7662,7615,100.0
1790581807,AQ6aeWWuqKL46YWChZoYpt3j4cEZnko5ovuDQVAspump,Mail,5Tf29XCbb6fdUEK3sdbJSwyHi2kxeVQk6WTUtRXHyvQq,pumpfun,1790571514,0.00001957,,19577.55,19577.55,324.49,7972.82,159741.3,159741.3,6,3,105,87,1807,1428,1807,1428,-0.79,8.86,446,446,0,1,1,1,,1790581837,3,3,73,58,893,764,893,764,100.0
1790581809,F3qyW7fB1K6yTpbQVCK4CqYrgHjnXYZ8ou3gQP6Kw8cN,FIM,6DXMnRJaoNh5WJs64MQQPXPe8G1XfSEkN5fntiXjSRhM,pumpswap,1790572274,0.00001252,9264.57,12173,12173,1392.43,45686.82,769155.13,769155.13,19,16,620,410,7860,5556,7860,5556,-26.17,-84.78,-80.73,-80.73,0,0,1,1,,1790581837,,,,,,,,,100.0
1790581807,9xQGJ2EfZRBEw9ZcTxCUEfTyuCErwamwNLbjHx7Mpump,NEWSOM,H6f2gZTSi1A29rGxuRyTn8H1HYeQSHUW72prkgTV4Etr,pumpswap,1790572805,0.000002687,2713.76,2479,2479,0,157.11,232171.24,232171.24,0,0,1,6,2220,2630,2220,2630,,-1.16,-94.52,-94.52,0,0,0,1,,1790581837,0,0,1,6,1061,1260,1061,1260,100.0
1790581806,5SJ52NMyGXQuehCUW74b3qiTgKhWZKNj9HhbrHZmJnRc,GRAYMATTER,icRn3YSBU6zXJMQETovuc3BzKBtHYYqfLnCiQGAV1c3,pumpswap,1790572782,0.0001779,104051.94,177956,177956,34034.7,413706.9,1017451.79,1017451.79,279,266,3553,3346,10854,8397,10854,8397,-1.25,73.97,1052,1052,0,0,0,1,,1790581850,67,55,100,96,2129,124,2129,124,0.000000000925904386361442
1790581806,523obP3CjYM9SMi9X6CGSzQiND3YPLhNpQTxr28Fdasx,NEWSOM,94AYxeLoHfknkiRgMGXvgtmzvqdQWZtpWv35VBN4WFvw,meteoradbc,1790572765,0.00005776,,57764.6,57764.6,0,0,1310.62,1310.62,0,0,0,0,4,0,4,0,,,27.74,27.74,0,0,0,1,,1790581850,0,0,0,0,4,0,4,0,
1790581805,14YMUuZfdm8uUTtbJbMbszxme2M2xHbnteSZqUkRpump,Elonhotdog,FXawWenAL7y4R1at8YoNerEjumy2trVvWQmvzFbrV2hT,pumpswap,1790572759,0.000002116,2134.3,2103,2103,1.14,1.14,82591.57,82591.57,0,1,0,1,33273,27282,33273,27282,-0.62,-0.62,-95.73,-95.73,0,0,0,1,,1790581850,0,1,0,1,388,2297,388,2297,100.0
1790581811,TTwA29nT5v7Vti9xdvYrhMnHxo7mXNbx8aLcFLjpump,SOLFROG,FF2No1FHnWMibH9BDNwuyTGFgnXURxsZAMcvXMb4yENa,pumpfun,1790572029,0.00004921,,49219.34,49219.34,0,0,10182.79,10182.79,0,0,0,0,8,0,8,0,,,1365,1365,0,1,2,1,,1790581850,0,0,0,0,8,0,8,0,
1790581805,3dXvebmtPyPcofzyUwWDt6yjV2E6Gsmxk1YsBTxQJVeQ,ETH,F8ZbGNZ6b7e2HcVSHsnsd36XvsNBgmxNh1kBwfSRwcMK,meteoradbc,1790572155,0.00003226,,32264.66,32264.66,0,0,8492.77,8492.77,0,0,0,0,429,442,429,442,,,119,119,0,0,0,1,,1790581850,0,0,0,0,186,164,186,164,
1790581809,DGXf3mT2TaHsfy1Cn2p9CCSxfKENNM3oHPoR59Uwpump,tr/acc,8im31AL1agXK9JMd9GC8bsnz7gCXryoH6RhdXZ36VY8Z,pumpfun,1790573329,0.00004893,,48939.94,48939.94,0,0,10124.98,10124.98,0,0,0,0,7,0,7,0,,,1369,1369,0,1,1,1,,1790581837,0,0,0,0,7,0,7,0,
1790581808,BdDnt2UWuv9hbUzPPAdzqp8zUkez5QHy1Ypexnejpump,UNDRGROUND,85oFh9Jhon3L8gtYQRGgLGY6fikgUN4GSsJFzTrCbvhf,pumpfun,1790539714,0.00002625,,26258.21,26258.21,17.72,85.85,9787.91,31926.59,0,1,1,9,81,73,353,247,-0.45,-1.41,86.7,455,50,1,2,1,,1790581837,,,,,,,,,100.0
1790581806,7KnRVZACbYc4fyun8w1oHRVtAJRkc4P87XmTGGjkLHai,stashdfun,km6eMb6pZQH1VXVdpVJFb61EgJnYHp1HSzQnhz81gFZ,meteoradbc,1790574152,0.00004405,,44051.07,44051.07,0,0,10819.3,10819.3,0,0,0,0,448,495,448,495,,,202,202,0,0,0,1,,1790581837,0,0,0,0,165,153,165,153,
1790581811,hUBtKcpGRFkJR4SRpC6EhEPp54jdXgjHKN4tNTHpump,PONS,B3FckyqboUHBfkS26kzV9Td28C9bKnnHDZ5xxaAo7tW,pumpswap,1790574301,0.000002314,2419.06,2304,2304,0,104008.8,492542.04,492542.04,0,0,713,2347,4884,3383,4884,3383,,-99.81,-95.32,-95.32,0,0,0,1,,1790581837,0,0,373,1130,2214,1319,2214,1319,100.0
1790581807,9h714FV9bFUhFYksXC5m9ZYhnQaGU4kDRhuoWzPaf9Z2,BYE,FDGgBziXupmzwcrMFEfL4NdX7rHrdpsuHUBsNszBRNUH,fluxbeam,1790574284,0.001513,1498071.29,1513631,1513631,0,0,10715.73,10715.73,0,0,0,0,300,0,300,0,,,925,925,0,0,0,1,,1790581837,0,0,0,0,20,0,20,0,
1790581805,3zY26zcfFoDi6Dgzedq5Y6FZGsUpYZcQK6C22KSzpump,GrenCAT,BEJKTxmJ2igjDsA2taWC1jEadHtiocRAJGujQtDN5G8A,pumpfun,1790574334,0.00002172,,21726.94,21726.94,0,0,480.7,480.7,0,0,0,0,9,3,9,3,,,543,543,0,0,0,1,,1790581837,0,0,0,0,2,2,2,2,100.0
1790581811,xqHXTrt2mXf4DGMhqYZdDWeYvS6Yonv6DRBUpqgpump,Joker,Auz77BSXGNE8FBycxfinEqpjwt1z4JLKSG68bK1dUJup,pumpswap,1790573768,0.000002130,2150,2114,2114,0,0,98713.28,98713.28,0,0,0,0,19676,17247,19676,17247,,,-95.67,-95.67,0,0,0,1,,1790581837,0,0,0,0,445,2592,445,2592,100.0
1790581810,HhPX98NjU6TV4tRZWu977VxQDnQfjGPUxqQXgpa8pump,FOMO,9Q8w5BKuMZUDpUJJW7AX177N9yZnG3TtAK6UmKokwogY,pumpswap,1790572426,0.000002109,2134.96,2098,2098,0,0,145578.82,145578.82,0,0,0,0,18806,18127,18806,18127,,,-95.76,-95.76,0,0,0,1,,1790581837,0,0,0,0,2384,2274,2384,2274,100.0
1790581809,Ees9nBcWavLJiE4P1inKwhXpNQSzL64zntyqWjpec6Dc,CROCS,EmnjqdjYrR3C9KhbNsBryE7B9EdjAkZe2Xk7FFF1eHzF,pumpswap,1790576506,0.00005858,22396.07,56347,56347,10811.55,153588.08,358544.62,358544.62,220,110,2046,1223,3863,2524,3863,2524,-6.39,-44.31,-0.85,-0.85,0,0,2,1,,1790581837,131,102,921,769,1659,1329,1659,1329,100.0
1790581808,BM2k8mJUbMthHoioykyUm2NjMrXvLBYhoXruwYLpump,LEVERAGE,51iLLzeznQMpJAJMNn4RiDRn3qybdYPD2vU7MbnrUwxM,pumpswap,1790575751,0.0003002,50458,280077,280077,25848.1,305441.84,902519.23,902519.23,340,212,3975,2736,10991,7963,10991,7963,-7.82,106,514,514,0,1,1,1,,1790581837,181,150,1359,1048,2959,2276,2959,2276,100.0
1790581810,FbrMGVE2548HfpMVhYsybmYyUQVHMefMiUSkckyipump,TOBEY,5kJMCjNZaV5AHAniiqYNNM3LxZEUh76MhRJ6Gs1x5den,pumpswap,1790570553,0.00005285,19071.44,51180,51180,405.28,8021.52,141890.39,141890.39,1,2,65,35,785,640,785,640,3.81,77.77,8.63,8.63,0,0,0,1,,1790581837,1,2,46,26,440,410,440,410,100.0
1790581806,5VRBgV7K73pUGSmuV9ywNEfvUNmVr5zMyz41WpGFCoLf,CROCS,BAkBTAUUCuLKBzVW45gSMaiQ61MLPtj1L2bsFhybV3xu,meteoradbc,1790576737,0.00005739,,57392.54,57392.54,0,0,7092.83,7092.83,0,0,0,0,164,182,164,182,,,205,205,0,0,0,1,,1790581837,0,0,0,0,128,127,128,127,
1790581808,AwPrGjMe6jd5hCvp31Ntt2ph3EdwXf63XVf7tpyLSTDw,BEAR,BjLAZpUGQkkzJnpEkrzfmRg8494cYLF4sK1FEV9vMao3,meteoradbc,1790576846,0.00005224,,52243.65,52243.65,0,0,3817.18,3817.18,0,0,0,0,57,83,57,83,,,151,151,0,0,0,1,,1790581837,0,0,0,0,48,73,48,73,
1790581807,ANRb8hkoCj1B4xW9saNMUtzfLTUH2wxgzooN7UZr8FGP,SFM,54g42EiUVeuX5e4TdftYd9synrLW7bJe7HuGB5mquHhK,fluxbeam,1790576842,0.001487,1472108.73,1487226,1487226,0,5126.6,10531.86,10531.86,0,0,148,0,300,0,300,0,,78.8,901,901,0,0,0,1,,1790581837,0,0,20,0,20,0,20,0,0.0
1790581807,8qj3D1qAKjQC9hns7ChiGsa1MvGkq7TdapKsqxdPvf2f,IPAY,JDoizETBJBhcCPdXf5mz5RmY8Auh5mEpBbmGSn9Yvahw,pumpswap,1790576803,0.000005671,4794.99,5032,5032,42.14,4511.64,51046.37,51046.37,1,2,79,93,740,721,740,721,-1.32,8.53,-88.39,-88.39,0,0,0,1,,1790581837,1,2,41,49,365,459,365,459,100.0
1790581806,5d8xiVKH4F6ADPdB7vrZ1ifJWdhsNdXZCHzPUsWgCaC2,CROCS,2FDoiZ1fgwUiXhBpKgv3pngErZfgwDU1PouTAgr5U5FM,meteoradbc,1790576808,0.00005845,,58452.11,58452.11,0,0,2136.34,2136.34,0,0,0,0,56,44,56,44,,,29.93,29.93,0,0,0,1,,1790581837,0,0,0,0,53,36,53,36,
1790581808,BLWdyYy3tEojNPb12KDLHNr4kQEgrodCHFsziPVwz5Pc,MCDOG,QqTTdKS89K3mNBUJei4H3Ej161cMzngD7F9sypWuRfi,meteoradbc,1790576720,0.00003809,,38091.35,38091.35,0,0,8165.17,8165.17,0,0,0,0,307,304,307,304,,,141,141,0,0,0,1,,1790581837,0,0,0,0,175,153,175,153,
1790581808,CaL2h7rDKUHKV66nXGscnBNCPQXGx6BJ7GHW9tEZpump,SICKT,3AoJR4fVVdoL1dy7U7H2Z4ZS33x23T2UdE2FfFtm3XBq,pumpfun,1790576379,0.00004903,,49030.33,49030.33,0,0,10143.68,10143.68,0,0,0,0,7,0,7,0,,,1369,1369,0,0,0,1,,1790581837,0,0,0,0,7,0,7,0,
1790581809,DEXbkmctTYqnnTmNoP4Rm2eeL9Ybg6WbMpaWrcYjpump,lulu,B5miSE6gXWQ4G8SRWR67LvFJMg8Z3gffG7LiUi7My1CK,pumpswap,1790576361,0.000002520,2665.3,2429,2429,0,126790.29,510411,510411,0,0,481,708,5223,5306,5223,5306,,-98.09,-94.86,-94.86,0,1,1,1,,1790581837,0,0,255,398,2492,2504,2492,2504,100.0
1790581805,3P92SmuxcYVGD7Y72YuvQ1KmBvQtbQEShQXLZcMqpump,e/trump,G3WL4ocFajJHn3exN85iAnM4uPFQVCbjMSeprvXNRiL6,pumpfun,1790576076,0.00004898,,48981.02,48981.02,0,0,10133.48,10133.48,0,0,0,0,6,0,6,0,,,1365,1365,0,0,0,1,,1790581837,0,0,0,0,6,0,6,0,
1790581807,8sN61KqBEUSCTwGMs6cmMNRBCXg6prn1z8TF62h6pump,NYT,Bvtu2Hskt1t1cAhhoEcp9zr8e2J4BPYHQKgwZfFuGGvU,pumpswap,1790574905,0.00003706,15640.14,36845,36845,41938.82,152497.28,266544.1,266544.1,1666,1727,21119,21378,40602,39402,40602,39402,-95.32,-93.55,-24.98,-24.98,0,0,0,1,,1790581837,193,1315,312,1429,2363,1881,2363,1881,100.0
1790581808,CBvZhtHHnK2s8F3WN9e2v7Ci9WMfChuAZcuNumVoUDXr,e/acc,5HqRq7PGH1CPABu2FmoagrmeA1GbnRyPdX9x6pxi5z1b,pumpswap,1790576497,0.000003277,0.01,3278,3278,0,166892.3,938508.97,938508.97,0,0,272,285,3593,1670,3593,1670,,-88.28,-67.68,-67.68,0,0,0,1,,1790581837,0,0,67,65,2115,106,2115,106,0.00000000109556325877729
1790581810,H7TsCXbbAjbLfwYZnSdQcYsPpQ4CxQ4rKh7AP9dLpump,ELON,4z43GboohhbgKJSr9LeAGZAKsCQzZzxC9go3kE1qpNA8,pumpswap,1790576420,0.000002133,2158.14,2123,2123,0,84997.18,140108.67,140108.67,0,0,7795,9652,16282,16275,16282,16275,,-99.7,-95.69,-95.69,0,0,0,1,,1790581837,0,0,405,2125,2343,2192,2343,2192,100.0
1790581805,29BXYJnEa4BksBQLEtXnj51gpCidZiPCpGqXCSwGpump,ABUNUTTY,DYG4zXD9AkHQ9ujbctr2xTh4H5L559WtiyuayY3xJGSt,pumpswap,1790568818,0.00002024,10903.23,19197,19197,0,2202.54,34780.88,34780.88,0,0,22,37,424,552,424,552,,-24.01,-58.97,-58.97,0,2,2,1,,1790581825,7,3,18,31,208,232,208,232,100.0
1790581810,HVn7RNRohg2H2yTJPt8h5UcKuPqchcwh8iYdad4nhKAJ,NEVERDOOM,9dmcvcUuc4nGRnAeAMh8ibMxrjW4ryfGPCYp6DaQSveK,meteora,1790578368,0.00001623,5.14,16238,16238,0,231633.11,231633.11,231633.11,0,0,2349,1607,2349,1607,2349,1607,,60.98,60.98,60.98,0,0,0,1,DYN2,1790581825,0,0,845,120,845,120,845,120,
1790581810,HBmnvSoG9QNT8QACD8WZsuTxjaFuqfw4EyrsGuE8pump,RIVER,2xmZH1rk2GgK784FzHSGNWp6jjC748BymF16121qj1Cy,pumpswap,1790578352,0.000003495,3336.01,3316,3316,180.29,124787.72,124787.72,124787.72,2,11,1796,1644,1796,1644,1796,1644,-5.84,-92.84,-92.84,-92.84,0,0,0,1,,1790581825,2,10,735,861,735,861,735,861,100.0
1790581810,FcrWnyw86GoZ8C1g9hZ2q93xkVVvCyKH39qnBVQ2VRDx,Jak,DF5Bf9iPtG1YkrUbuantkW1gywV85dLLecW4uJ2JkU7i,meteora,1790578344,0.00005276,28.31,52761,52761,0,663692.66,663692.66,663692.66,0,0,3975,2420,3975,2420,3975,2420,,411,411,411,0,0,0,1,DYN2,1790581825,0,0,1647,107,1647,107,1647,107,
1790581807,AgBzT3DtbMHQnMhfNtxjuwsZNJ7yNBXtsvkVPWQuVGhG,ブロッコリー,FLkh9pd7A2DTdxLzumpNLdDCX6kcM6CcyMuCusPnwdHd,meteoradbc,1790578272,0.00005758,,57585.66,57585.66,0,5732.96,5732.96,5732.96,0,0,136,148,136,148,136,148,,218,218,218,0,0,0,1,,1790581825,0,0,85,88,85,88,85,88,
1790581809,D83d3KEgcuMJc8MFRpYmSnnNvy9uWnUoZiEny5GSagew,TREND,4z3hpyPYZAydTTnmdJDYHcyaYTk7cDukSYMSVD8bnhxi,pumpswap,1790577959,0.00004715,39453.82,47160,47160,138828.84,1571103.8,1666432.81,1666432.81,199,206,3332,2366,4514,2512,4514,2512,-25.12,41.72,305,305,0,0,0,1,,1790581825,43,46,1036,59,2065,60,2065,60,0.00000000136200754667226
1790581806,5ZEARh8jSszoxNkHuHs4DbGSztaJrB19G7TfSoYopump,Jak,HrQZjeLimoD6MBdjPvakgjyyzJ1LSoKt9yw9vDGiSHcG,pumpfun,1790578242,0.00004876,,48763.26,48763.26,0,10088.43,10088.43,10088.43,0,0,6,0,6,0,6,0,,1365,1365,1365,0,0,0,1,,1790581825,0,0,6,0,6,0,6,0,
1790581807,9sgL8Zzh1K88xaUGi9YKYSjcGxeyLNQDNBqyrAWN3gFM,NewGuy,DkQxVFVdpfKRRH8kLWmL7HwLEukwTBFQSWopGvCoFLuH,pumpswap,1790578001,0.00002097,0,20976,20976,0,576956,791430.38,791430.38,0,0,2627,1768,3360,2164,3360,2164,,27.94,67.63,67.63,0,0,0,1,,1790581825,0,0,1451,163,1791,168,1791,168,0.00000000109556325877729
1790581806,615FZpK6iLgXhSLJ2sYbaakmd6FuCt1dwBXA3C9eSos,LEVERAGE,HQSs3oKhRZH3zbdpwpiSLghPqkYQkN8gtvTa5BM3qjtD,pumpswap,1790577601,0.0000008367,0,83679,83679,0,655579.75,1348713.84,1348713.84,0,0,917,498,2097,1071,2097,1071,,9.33,71.41,71.41,0,0,0,1,,1790581825,0,0,378,22,877,30,877,30,0.0000000000505303272972986
1790581810,FU12gWANUeCgjdSELAkejzzUWypSosRuRGKYqqGpump,BARRON,41BQ22XMB5iYy6HT7myH5DdqLc1Yjx1osMds82PrUSk7,pumpswap,1790577866,0.0004847,61462.67,481584,481584,732.71,9413.73,27012.53,27012.53,2093,1565,26385,19842,29015,21780,29015,21780,2.27,36.53,884,884,0,0,0,1,,1790581825,297,280,312,312,329,317,329,317,100.0
1790581810,K3aw8SCvWfy15iPSkvScRGkGjTDkjUxGCP3KyKBpump,Anthropic,mKz7hcWVmZS462pfgY7fPhG4KDercERpiyNHRsBAdX4,pumpswap,1790577212,0.000002110,2124.6,2100,2100,3.7,76818.44,99451.13,99451.13,0,1,20407,17792,27759,23285,27759,23285,-1.42,-99.57,-95.71,-95.71,0,0,0,1,,1790581837,0,1,399,2380,425,2395,425,2395,100.0
1790581806,4hnrXgmtCYZekuZLUB7C6zRLvv5ZCiJVEWmsEXQedon3,NEWGUY,48rUA8DpxjWiRrz5F9XNAbYNV4uYniiA9ejMm8ohkEXA,meteoradbc,1790577885,0.00005761,,57611.29,57611.29,0,0,3189.19,3189.19,0,0,0,0,52,57,52,57,,,218,218,0,0,0,1,,1790581837,0,0,0,0,45,46,45,46,
1790581811,TpW94n1wSXxBdVST7W88bjz29QibRYPXS2sPjEjpump,Google,AEN2rNaTo5MbmmzHycGHnmWwiBnxg1jzKWnmVeZgGMs8,pumpswap,1790577146,0.000002103,2132.78,2094,2094,0.04,134025.68,177444.93,177444.93,0,1,10085,16483,15158,20724,15158,20724,-0.11,-99.65,-95.73,-95.73,0,0,0,1,,1790581837,0,1,339,2058,2418,2119,2418,2119,100.0
1790581806,7GD3mq4vnrrTQfcZhm6fuC9S3LA9kiFUCZySEEsFpump,topless,9oE7HuPmEAUaNinDXy6QhqMZfhjW2x1PtkTWKGdJcTpn,pumpswap,1790579473,0.00001428,8858.93,14286,14286,11023.44,190462.86,190462.86,190462.86,142,129,3156,2135,3156,2135,3156,2135,-49.17,-69.84,-69.84,-69.84,0,0,1,1,,1790581825,82,101,1112,1047,1112,1047,1112,1047,
1790581805,3S8ruoxzsLnNZdFGdc9f9k4D9gfNMpaWo7qM5wPupump,Foki,6WKEG25os9Td5nthpeqrvQsUjYejXbUn6U5MHdixaiC6,pumpswap,1790580092,0.000003222,3116.53,3223,3223,0.02,62158.92,62158.92,62158.92,0,1,870,899,870,899,870,899,-0.08,-93.39,-93.39,-93.39,0,0,1,1,,1790581825,0,1,452,559,452,559,452,559,
1790581809,ExNpntA6nVNyNeLcdeuTCYMfwadX4Fe31S1r3hW8BAGS,Crewcan,2A1ZDzNR3Ve46VNNP9T3bcs5nPpZZHSCnvEV5gA7hJGX,pumpswap,1790580068,0.05231,0.01,52310,52310,0,31049.42,31049.42,31049.42,0,0,249,67,249,67,249,67,,-34.57,-34.57,-34.57,0,0,0,1,,1790581825,0,0,249,67,249,67,249,67,0.0000184123214904003
1790581808,C6WWqiyJwDB9sdQguNdP2szP2wUnvcbV92Gjw9utn1oE,e/acc,nUFxiyi7ChMuguzSM3LsqaSgcdHJ5ZvJq7oADU41zDi,meteoradbc,1790580032,0.00004696,,46963.35,46963.35,0,2534.4,2534.4,2534.4,0,0,73,72,73,72,73,72,,222,222,222,0,0,0,1,,1790581825,0,0,69,37,69,37,69,37,
1790581811,wxrnwqBDqcUTHZ3VHTxmrZuxjTdD5MTc5YUaqa5s43B,POKEMON,F7uCUUbMa2Lmps1NJuz3o2nrh62MxCZPF41URxABUJMw,pumpswap,1790578807,0.00009866,26621.45,98149,98149,686.2,41944.65,41944.65,41944.65,861,585,17498,12368,17498,12368,17498,12368,5.19,100,100,100,0,0,0,1,,1790581825,369,311,461,454,461,454,461,454,100.0
1790581806,4RSTi8czGPMFfg8Xt1cW1ubBFp4BmLZpDLJTugK5pump,X,4xNiyWCBvf5itiKD5aZqNkPz1aTQbbAYd8F8FW56aHwt,pumpswap,1790578641,0.0006662,72453.67,662705,662705,3213.16,50016.93,50016.93,50016.93,1221,1250,14041,11463,14041,11463,14041,11463,4.1,1250,1250,1250,0,0,0,1,,1790581825,270,252,2373,822,2373,822,2373,822,100.0
1790581811,ufviMtQL3UdyekEbnihKciBX8YvAY5x2zbFNHMqpump,MetaMask,EBXMCpbpvLvrR6fAD9Fe8gAabDGuEGZXb41BmoSVdgyN,pumpswap,1790575691,0.0009975,89218.14,991518,991518,971.82,74659.2,100926.29,100926.29,2172,1620,27435,20004,46053,33984,46053,33984,1.59,122,1917,1917,0,0,0,1,,1790581825,108,103,115,118,153,150,153,150,100.0
1790581809,ERxPBCJjKwDQhHSNriiTMWpdwJWQUJ8EQSCi32ppock,LEVERAGE,ARdCfg1oSwHS3dqGfokAvWqPCJnmdBvi69BvjEJP1Kgr,pumpswap,1790578991,0.000001132,160553.77,113211,113211,766058.14,5229493.42,5229493.42,5229493.42,563,519,6270,3826,6270,3826,6270,3826,0.12,132,132,132,0,0,0,1,,1790581825,20,20,2015,31,2015,31,2015,31,0.0000000000505303272972986
1790581806,5iUHt6dc2EevP2d3vAR1RiX2ixsMBodty3xpYuJtpump,GTA 6 Coin,6wYZmMwxSM1Ps5178yCeCYctLZ8btpmKt26NdrwTcdQM,pumpswap,1790579069,0.0009689,89923.69,963707,963707,10056.52,692389.87,692389.87,692389.87,577,175,7297,2685,7297,2685,7297,2685,56.12,1865,1865,1865,0,0,0,1,,1790581825,600,182,4272,1420,4272,1420,4272,1420,100.0
1790581809,DtikPz1qMoLduyZgBpW4TZGCTSPXx7EFTVV7gzxNpump,PumpTok,GsbMJZp4wmQ8eNtaZFnS3YgxxUsyN7AugntJaooYwZKG,pumpfun,1790579692,0.00002351,,23516.43,23516.43,9337.33,39669.24,39669.24,39669.24,78,58,439,313,439,313,439,313,2.96,423,423,423,0,1,1,1,,1790581825,59,39,280,191,280,191,280,191,100.0
1790581807,9p3NuCz29u7KUsjfrZcBPNGB2pryDpACggjSjYWbkpds,cum,6C8heAzKjQU9m5rSy2A8FG61bgMFd2rwwvM3GGA9TufY,pumpswap,1790581287,0.0001540,34008.66,147503,147503,59969.53,123366.95,123366.95,123366.95,371,332,822,706,822,706,822,706,96.89,223,223,223,0,0,1,1,,1790581825,261,210,483,345,483,345,483,345,100.0
1790581808,Bed85SdUdBaasZTiEtyTWWb4SHh2CAeFPCgqUAgDptoB,TEST,AGKXfsCAFi5cAfC9eALpaV9waBdh9QgDbgxe4hvzjzJ9,meteoradbc,1790581664,0.00003794,,37943.62,37943.62,7464.93,7464.93,7464.93,7464.93,132,177,132,177,132,177,132,177,126,126,126,126,0,0,0,1,,1790581825,121,148,121,148,121,148,121,148,
1790581810,Gt57oDKYzfjTbgUfiDFKjL4tmjhxE24CvpmMYeRuMACf,Qenis,7zLKesuvAiwxwFSdM5JWNHDniQJ6zQ9CMgnRAiLhbG7j,meteoradbc,1790581495,0.00005904,,59045.94,59045.94,8847.75,9823.68,9823.68,9823.68,592,617,598,617,598,617,598,617,11.68,35.39,35.39,35.39,0,0,0,1,,1790581825,196,201,198,201,198,201,198,201,
1790581809,F9g92F4jC2iZKqymWBvEyhNMHH3iuPbxfAhe9C3XBC1Y,cum,Ht7AdaZEG3V3ptkap4CJuaGSqSTevLWgUyJAUScgK13y,meteora,1790581709,0.00001221,22172.91,12220,12220,28464.44,28464.44,28464.44,28464.44,168,100,168,100,168,100,168,100,21.61,21.61,21.61,21.61,0,0,0,1,DYN2,1790581825,131,60,131,60,131,60,131,60,
1790581808,C91pshEeupnL6U3u3qTZqkewx9jK8DpZ9s5ugTDEbvhC,cum,27v5dmwc1VpEUY5xYHHBCaRLJUtHDhCeJFWHqMdEjQja,meteora,1790581728,0.00001360,23396.14,13605,13605,15199.02,15199.02,15199.02,15199.02,135,93,135,93,135,93,135,93,32.3,32.3,32.3,32.3,0,0,0,1,DYN2,1790581825,135,64,135,64,135,64,135,64,0.0
1790581806,52UjULx28BZKdN5XefsH1ypq9X3TQf5dfroJA5J3JKv2,AXIOM,FSaT7JubQnGa57vaJkvEzxsDtETVRKDvPA5y7j4DJe5,meteoradbc,1790581557,0.00004625,,46258.29,46258.29,16284.02,16284.02,16284.02,16284.02,483,607,483,607,483,607,483,607,218,218,218,218,0,0,0,1,,1790581825,191,196,191,196,191,196,191,196,
1790581808,CQbGbMW5xnyGvFCgevPsxu1RwpiuWojKquk7GWh9pump,MrBeast,9rfqMQb1uWcaa177NQkrdzNNxvXXHkU3pdSsmsGbqdGh,pumpswap,1790580153,0.0003518,52823.91,351818,351818,74301.96,416520.4,416520.4,416520.4,837,315,4675,1757,4675,1757,4675,1757,-0.33,614,614,614,0,0,0,1,,1790581825,786,181,3508,858,3508,858,3508,858,100.0
1790581810,HPmrRWHrbwWVzJiQfnxgPSRDDkD6ShMLnEN6VuEzvyEV,AXIOM,ENY6mbPK9mK4jGQppjYSFjkaFNAqnRedcqbsVfYgzvjz,pumpswap,1790581582,0.00003254,14378.8,32548,32548,46639.49,46639.49,46639.49,46639.49,903,611,903,611,903,611,903,611,-32.03,-32.03,-32.03,-32.03,0,0,0,1,,1790581825,447,364,447,364,447,364,447,364,
1790581805,3SmEkbh7XSCPMcNFbi237kdDu3pkbCKHUcbE9LBrRDbq,PONK,EgrvoMZxZGdBv9WxUNtNYvcnf5ivTYgPUiAuLm8N4adV,meteoradbc,1790581460,0.00004676,,46769.17,46769.17,1612.64,3678.11,3678.11,3678.11,79,88,113,132,113,132,113,132,16.17,109,109,109,0,0,0,1,,1790581825,39,43,96,79,96,79,96,79,
1790581811,bRwgPi7vKjn4uabXwBu43UYS8yAiQLuWigfyVjBpump,INSTA,AdSVjCoGbgrECurMjN6GnNttvE678JPn84aEimCMfKgZ,pumpswap,1790581366,0.0004741,61818.52,474121,474121,178518.24,296361.13,296361.13,296361.13,389,104,599,132,599,132,599,132,13.32,865,865,865,0,0,0,1,,1790581825,260,76,352,91,352,91,352,91,100.0
