ts,token,sembol,pair,dex,pair_olusma,fiyat,liq,fdv,mcap,vol_m5,vol_h1,vol_h6,vol_h24,al_m5,sat_m5,al_h1,sat_h1,al_h6,sat_h6,al_h24,sat_h24,deg_m5,deg_h1,deg_h6,deg_h24,boost,n_web,n_sosyal,n_pair,etiket,gt_ts,alici_m5,satici_m5,alici_h1,satici_h1,alici_h6,satici_h6,alici_h24,satici_h24,kilitli_liq
1790310110,EacamThc6ZJZTDrMGoShDVHVtN7zRMWk7dNpTrVzPALL,CATON,9Rg4BqCAhZ2ZJERfx52NJ3tWybtnem4MfB8txgU8RqRv,pumpswap,1789198517,0.000002838,2804.11,2715,2715,0,0,0.33,0.65,0,0,0,0,0,1,0,7,,,-0.29,0.96,0,0,0,1,,,,,,,,,,,
1790310109,AbqBVEVebBazAydzVAUGYkS5MEGCEpvVkKNujnJrpump,GGEZ,6Wo6EgP7X7kXdphrUuyBNaPL4ucvPh1gJ35K1Wwggiph,pumpswap,1789189362,0.00002295,13152.16,22258,22258,0,169.69,484.77,8487.56,0,0,7,2,9,7,97,86,,4.09,-3.61,-1.63,0,0,1,1,,,,,,,,,,,
1790310111,HoCeDUrd5BqfYmaRk2eiUpzshEvpwfYpgrJ4YKFCpump,APU,3CrSfcLW2b8d5LwR8sq8C6eHUL2V5DnrQHZZYHRHq9YX,pumpswap,1789274585,0.000003822,3953.34,3668,3668,0,0,314.42,348.04,0,0,0,0,3,2,4,3,,,4.36,2.29,0,1,1,1,,,,,,,,,,,
1790310109,C16DJQGGPy48ZPQe1ERe7Gh21XRrTDsuX1BSwV7GGyTC,KNOTTY,EyNrveMscT7voSUri9gQge27ZeYhYfvNMY52fcKktakK,raydium,1789266148,0.000004279,3224.17,4280,4280,0,0.97,19.02,435.06,0,0,1,0,1,2,10,15,,-7.68,-18.06,12.67,0,0,1,1,CPMM,,,,,,,,,,
1790310107,5TvxfHoP7F5rGZ5HjwhQMu4NNJ5M9qEQo6WE56Xupump,PQ,8FHoDcHw6obHHeUoiMb489ZNMSf5shaWUKFzUKDpRZXe,pumpswap,1789268253,0.00001011,7038.86,9795,9795,0,0,0,2.76,0,0,0,0,0,0,0,1,,,,,0,1,0,1,,,,,,,,,,,
1790310107,6UtY9iTZMQQ5QZVrbzFnNaJntV7oySm9k97mvwnuZcxr,NEARKAT,G19cwhvY4teiUm3jgjrDX5RfzfCnSXe1s5upRXVmTQki,raydium,1788752871,0.007595,404456.64,7595537,7595537,242.41,6623.57,98989.14,524954.92,2,1,26,15,203,168,814,765,0.57,-2.32,0.2,8.16,0,1,1,1,CPMM,,,,,,,,,,
1790310110,DKyxHEbjGqzp7Fn6uMXCNmyYnrKz6nSnURRdvWwRpump,HOUSECAT,EM5LP3to172AxfCppbFFKu2r6QWWJCnVwVzauo7Ur6Fc,pumpswap,1789270757,0.000003888,3915.31,3724,3724,0,0,15.05,3506.74,0,0,0,0,1,2,15,15,,,2.36,0.11,0,0,1,1,,,,,,,,,,,
1790310110,FMKwCXdY82JnfnJ3r4CqFgkEWPTL7rZTkfLZKg4xpump,DIVIDEND,DwUyjbdT9Z7rntPUDmWM5Bf5QMU2ahn1YxEp1Wru8c84,pumpswap,1789366435,0.000002900,2914.41,2770,2770,0,2.78,28.77,92.5,0,0,2,6,25,33,88,102,,-0.19,1.4,-5.28,0,0,1,1,,,,,,,,,,,
1790310111,FbYYdLRX2sL5xzLGjdhfaWNhtpxqXBSoqvUY8o8W8eNF,TOEROGAN,6xRJbNNwpZxQ7kSgufpiJbKFvR2j3pGbRcHkKjnWphAC,raydium,1789355026,0.00009672,32001.09,96726,96726,4.65,2080.28,5979.55,41905.19,1,0,14,8,52,34,354,256,-0.21,-13.07,-5.89,-36.64,0,1,1,1,CPMM,,,,,,,,,,
1790310107,6jmxfS3MYf7yuD62ja2Yv4LbTPm4cnnKpkkp73WToXz1,EPYH,H5rKwEiGhfpayMuXicSQ4hQ3mS14NJdTgZCNic6AbYnc,raydium,1789358100,0.000007083,7973.42,7083,7083,0.19,21.01,562.51,6238.9,1,0,3,0,8,9,75,62,0.71,1.62,-17.22,-17.95,0,1,0,1,CPMM,,,,,,,,,,
1790310109,CeSFzoAqSMXMgodeLzrTMe3V5MdV5Nhinehedxohpump,Humanity,89PieZz9CT5HJqnwRMBgKE2mScBUSHovqU57fC4XLvk8,pumpswap,1789359589,0.000003487,3599.46,3189,3189,0,0,0,1.07,0,0,0,0,0,0,1,2,,,,3.49,0,0,1,1,,,,,,,,,,,
1790310109,9h5AzEQzYu9CV5K6uLtFRMD1KcbxZSFNxZEgBTNfw5Na,STONKCATS,C1CNCihCBJ2Jztbv7vfrXKrw9fKrma5fa3hhSjqyw9GH,raydium,1789445346,0.002213,169410.21,2213986,2213986,27.21,4600.15,97655.38,361952.82,1,0,19,16,282,261,1060,927,0.06,-4.4,10.55,37.45,0,1,2,1,CPMM,,,,,,,,,,
1790310110,FP9oGbU3JwkrFEXqAgTThg33aRzHL8u1KzXEkuZKpump,NINAFONE,CTEqbjwwyWP1mn1uSCK6vLuz2uopVx3VfiKJpxZtwfwo,pumpswap,1789445074,0.000002440,2696.48,2357,2357,0,0,0,0,0,0,0,0,0,1,0,14,,,-0.42,1.65,0,1,1,1,,,,,,,,,,,
1790310107,6rHkNb7HCtkpvdnVJsBCZHH5dw3AndqEjfmbEGhooR7t,SCRIBE,Cdh7YrCbKt9TuQtb6LYRdvKrJjN8x9NYqVGK1UZcN8RP,meteora,1789466460,0.0001897,39728.61,181369,181369,29.95,1419.55,14118.77,26909.79,0,1,9,5,85,26,187,111,-0.35,0.29,67.19,63.67,0,1,1,1,DYN2,,,,,,,,,,
1790310106,3jA7ZVkQNZjkb8viWmsiHPbhtTqrotzhDcdCixAqKcTw,MANIFEST,DREQ7fyveGL7dXxB7EsjgSDmRNceuD5W7J4hUgznZbFM,raydium,1789438634,0.000002189,4175.36,2189,2189,0,0,0,0.84,0,0,0,0,0,0,0,3,,,,1.01,0,1,1,1,CPMM,,,,,,,,,,
1790310107,6uNBMZ6Ht3DbBqgxtebLetGeXpxyuftmmL6KMSSupump,snake,FHLxcRBBmWQbAPkd5XXy3CNGmY1AK5Dqc2RXho2ij5F1,pumpswap,1789473006,0.000003280,3219.21,3070,3070,0,0,0,188.71,0,0,0,0,0,0,0,3,,,,-11.48,0,0,1,1,,,,,,,,,,,
1790310111,GgNievf2eNHc6vvNU97WKTcJGqzssK9TTCdY8K8Ysons,POF,A4BAErJguScXYtnSCeKVrrdthxW7Yk6jtCefmY4qJSH4,pumpswap,1789474652,0.000003129,3025.32,2983,2983,0,0,0,62.82,0,0,0,0,0,0,0,2,,,,-0.49,0,2,2,1,,,,,,,,,,,
1790310107,5DeJdGTtMa7QrbgxSMJs7ZuQLfqydYPVo7481DKYpump,wifwaifu,74UpawrXuwM4PxUK3SzGtPWARrWWDoVNQurwjjRjGcCs,pumpswap,1789473500,0.000002893,3378.08,2805,2805,0,0,0,4.69,0,0,0,1,0,1,1,4,,-0.75,-0.75,1.41,0,0,0,1,,,,,,,,,,,
1790310107,7xwPE6M7h19FT5U7pd6HejjNmrh3rDSMFCoAwibVCRwT,PAIDCAT,EhjoDnxpZEzaU1hFSAG22tog4Z8x36feVAxTyfNAkTZg,pumpswap,1789510526,0.00001841,12690.13,18157,18157,0,844.47,2287.95,14278.62,0,0,12,7,23,18,125,125,,-12.04,-20.77,-17.21,0,1,1,1,,,,,,,,,,,
1790310107,67rVP2rxtgJR5kgHCmm1UwJNPuuemyhcng86J4WMyGXU,SHIRLEY,C1zDi5aF8VbT1rKGd6zdhfEofchhhjxjtGyeYYVW2CEG,pumpswap,1789511799,0.000005722,5378.95,5579,5579,0,0,334.12,1162.54,0,0,0,0,0,3,4,9,,,-12.5,-11.81,0,1,1,1,,,,,,,,,,,
1790310109,B3jjDNkBw48utaFxRRSWxg4oUkN23YxodChdEf4bxhQS,BITDOG,A6h4FGP3AAtGfXX5VZQhCcyZmctHZir2a1VooFtbcfD3,raydium,1789549543,0.0003160,51069.68,316034,316034,0,266.28,15767.29,59357.95,0,0,4,5,55,37,266,169,,-0.05,-9.82,-3.02,0,1,2,1,CPMM,,,,,,,,,,
1790310109,CJBTztxBJ5NNLnHSzvSk9yAsVpV19QZAaQ5C4MzNpump,bikegiga,924kBUVx4vpQDzK1nBKuHPr3xzKYAtR9fou8HNpCCE6d,pumpswap,1789553398,0.000002286,2391.94,2218,2218,0,0,4.29,4.3,0,0,0,1,0,3,0,10,,-2.22,-2.11,-0.01,0,0,0,1,,,,,,,,,,,
1790310109,AQVcP67EpMyu4cBZZjqMu91cVsWy1aX98JmcZm1FyY9,AQUA,9TT3NbWogWjbQh7b3s1hfcqYF7VJHmg8uNcXDjtPRnh4,orca,1789551211,0.0008697,140267.01,869706,869706,2.83,1366.19,30491.46,264416.32,0,1,15,16,111,173,1191,1084,-0.19,-0.69,-20.12,8.91,0,1,1,1,wp,,,,,,,,,,
1790310110,DM8CTfQPoMtXRoeEPyq8NahPVfhQbvxvWDon5bz7pump,ELONIUS,7LCNhCXbB7L91wxX1s2tqQT7mfk5yqeJry6y2UfSQDH9,pumpswap,1789573856,0.000002669,2896.52,2621,2621,0,6.14,48.08,102.54,0,0,5,10,50,38,125,112,,-1.69,-0.09,2.75,0,1,2,1,,,,,,,,,,,
1790310106,2rjdEHYjnR7YmnTgUGRkEtDwCuhiZ2rGA3zhnWaA9jcV,microchip,DyP3FcZmk4cVRSxcvbFEfc8sByBCeNJ8urPgR25MuhnH,raydium,1789573509,0.000003594,5243.16,3595,3595,0,0,0,162.38,0,0,0,0,0,0,0,4,,,,-0.78,0,0,1,1,CPMM,,,,,,,,,,
1790310111,GNuKpXCeNwzfBWXJ4i24n63kRSdoG3mgMYLaEpGppD33,STIV,21fHJWPXthzwA6Fn3gpWg1YsmSdbE13HmpD6h14sVSBH,raydium,1789568891,0.00002517,19474.21,25177,25177,0,495.38,1068.43,10182.51,0,0,2,2,19,5,1152,1225,,-7.41,-14.92,4.82,0,1,2,1,CPMM,,,,,,,,,,
1790310110,FZ37MVb7kXLPWv6qn8QoCZaWLSbD3fXqDjj9wZbAkT77,AFK,ER3BmntkKcWSvjMAzwwqesuFPgR6CjRibKn4nNBQpzDb,raydium,1789595602,0.000008566,8476.54,8567,8567,0,0,120.96,1199.54,0,0,0,0,2,2,8,11,,,-4.12,-18.82,0,0,1,1,CPMM,,,,,,,,,,
1790310111,mMHUFPJma7sGuFxYteoHJkfzb5iW6oLxsvVnUYfSTNK,LinkedInu,5mM3i5gZ8KGjJc4MRMsvdUWRWaiW5i1rfUSfvkpXQXg8,raydium,1789598251,0.000002866,4730.92,2866,2866,0,0,0,27.91,0,0,0,0,0,0,1,2,,,,-0.59,0,0,0,1,CPMM,,,,,,,,,,
1790310106,4qpraJNwVi8yXn2hx6xxVnsifin1PEhJ8Nv61sab5a3U,WISH,EqhjvdrGEe9q2jeCGpEMTeYj1R9yp9uneFvKzuEcKfZd,pumpswap,1789618389,0.00002223,13688.3,21275,21275,0.27,41.74,2406.56,7784.98,0,1,2,4,14,16,68,77,-1.42,-0.38,16.44,26.72,0,1,1,1,,,,,,,,,,,
1790310106,4fBiGYVbKJGZybXutS8Q8C1YhtjkbeZ8DsBxWjETpaid,PAID,89Gh6PssFKhsvA9Epg69JmvHa5rtUYXySmiQ3LQDr3WY,pumpswap,1789618472,0.000002985,2948.85,2877,2877,0,20.9,127.92,261.35,0,0,1,0,2,2,4,5,,2.25,4.01,5.84,0,1,1,1,,,,,,,,,,,
1790310109,CnarsBjoBKbtoF6xQsvnp1g4MQ22mYDetJ1cih62pump,ALLPAID,5LW4qa9UUxX7oYdausAxKaZKzha1z8bMeLcFYFz7tbac,pumpswap,1789617144,0.000002263,2395.83,2206,2206,0,0,0,0,0,0,0,1,0,2,0,8,,-2.33,-1.81,0.3,0,1,1,1,,,,,,,,,,,
1790310110,DLEdharFALn6K65DxtKq29AzFERPvg45dY5rue9Wpump,FAPMAX,8WkXnimY96oAGSVDeC8HdrLC7gESFthTVkomizrDgbw4,pumpswap,1789618276,0.000002579,2727.55,2505,2505,0,1.67,17.29,49.18,0,0,4,2,14,19,52,61,,0.97,1.34,2.16,0,1,1,1,,,,,,,,,,,
1790310109,BjthYsyHKCMkEhFoNcANF4VVU4UPTLQjLxiH7jXjQdjS,SAT,3Ec5AhcigvM3nmcX5MiCx14yD47R5wDZNCnuRhddyMLk,raydium,1789608439,0.00001055,10186.66,10553,10553,0,0,101.38,2108.93,0,0,0,0,2,3,9,25,,,2.99,-22.74,0,2,1,1,CPMM,,,,,,,,,,
1790310111,GCjgZ2X4XmSrLX7SVuiAVkA3c1ptXdtWiVQN4u1P9GeR,GNOME,7HeQ9A8DcT5jBsx1rCeT7VZhLEgNaqKYevnxR5iLdjgR,raydium,1789620343,0.0009987,167763.73,998721,998721,0,194.46,14006.94,83300.39,0,0,0,1,33,66,349,272,,-5.95,-3.95,3.34,0,1,1,1,CPMM,,,,,,,,,,
1790310108,99wkUqrEX5jQsoidGPzeinXctDwMvJiLrei596bNpump,XSEND,GMANM6i6piWPxAMzaVMPsDCp1DvtwL9eEdVwopC7fzW3,pumpswap,1789659594,0.000002916,3296.65,2853,2853,0,4.53,38.99,123.28,0,0,9,4,38,38,125,118,,-1.32,0.84,3.73,0,1,2,1,,,,,,,,,,,
1790310110,Di9xzs3ztiBBMzWbY7UDXuVC87GfeP8oV4H1fNQVTxk6,DOGGO,CN4otfn2aC6FYuFkXEUUy8SwFYZBSRLJ6RbVLf3JcMPS,raydium,1789660258,0.000002720,4434.14,2720,2720,0,0,0,62.58,0,0,0,0,0,0,0,3,,,,,0,0,2,1,CPMM,,,,,,,,,,
1790310107,8BBNS7hURKU4whJ9L7BpjnAR8n9bKFiPA4ZKcYs76qHu,PCAT,GVjvA5pTgSpHLYk3H6dGjV5uxSK8GZKqccpUatqq3ZJ5,pumpswap,1789685150,0.000003685,3665.08,3575,3575,0,0,9.84,91.93,0,0,0,0,2,3,14,9,,,1.04,4.36,0,1,1,1,,,,,,,,,,,
1790310109,CYxv8mm44tqjYu6fvTMiZSrAWaM7QKwTSto179xuK7tS,RIM,BKMyB8P88wbDLUmWkaSnBcbm2kbZKQSJHHhK65vACUJj,raydium,1789683733,0.00001224,11150.96,12246,12246,0,0,145.68,5484.73,0,0,0,0,3,7,37,48,,,0.43,-37.69,0,1,1,1,CPMM,,,,,,,,,,
1790310111,GXL9wD1F5TzVXfZ33fKkBxeuNi7wKMUR25SDEBGEZ9mN,NIU,2p9TwpERb2tht36ut5QUgQnwoLnopXL3tGweMJLqq9Lj,raydium,1789682334,0.000007588,8113.67,7588,7588,0,0,429.76,1503.28,0,0,0,0,6,4,21,26,,,-0.46,-20.96,0,1,1,1,CPMM,,,,,,,,,,
1790310109,9w6XCPQDKpiiuQY6MFBfuawUEpxpbNvsVyLq1RJgjupx,Uranus,11UR6BRh3TMCMrvk9qM2DSvC1PGEfGn9mnhJDkwhjTM,meteora,1789681893,0.000006783,10595.05,6783,6783,0,0,2.36,114.34,0,0,0,0,0,1,0,10,,,-0.05,-0.25,0,0,1,1,DYN2,,,,,,,,,,
1790310111,HxG3mtV1opzte837rKM5wBR2rPNTdRF5kYkMxf9dpump,NEKO,2yPrkVCdDBaa3JybuYRuSwMxXH8tx1RTrFSMj4rBuRJn,pumpswap,1789689045,0.000003126,3236.51,3017,3017,0,0,0,1.98,0,0,0,0,0,0,0,1,,,,,0,0,0,1,,,,,,,,,,,
1790310109,ChGkEmqxUuggy9NG9X3PEnv1q2bHFNgFhZmxJUowQtco,COLOSSEUM,4y8MN48PDjxWe354LNWnYQsPLsEG1uEAJKWbbBGnfuGh,pumpswap,1789689968,0.000009021,7957.99,8939,8939,0,0,585.58,2195.14,0,0,0,0,17,18,35,40,,,12.69,4.14,0,1,1,1,,,,,,,,,,,
1790310111,FzEh8uAxjUWRgGhzb4TGGBBsKUzsZn8zoSoZGmEppump,DEX,F2TAJwEFSGjq1XSdfpLsCuoSeni84kSPCtpQ5oWpVcdf,pumpswap,1789704123,0.00001282,6976.63,12544,12544,0,9.63,224.7,3276.69,0,0,1,0,7,7,96,82,,-1.87,-6.18,-10.47,0,1,0,1,,,,,,,,,,,
1790310106,25Lrwta8CGeMt3pmxy7DivhJzRzBp5Ne76bdaxbPpump,$Gatto,8WptpTnYqkjgZuxRhoPaR4Z323RaUaoagRrarUUMJYmn,pumpswap,1789703432,0.00002212,11462.97,21080,21080,23.41,96.55,1290.39,2602.64,1,0,2,6,41,22,75,40,1.66,-0.61,3.39,-2.31,0,1,1,1,,,,,,,,,,,
1790310111,GsN18GJ2zWoMh32QENu3rwH3iPYzF3SmJxaAnaAopump,SXM,69BGzG97DpenQoXNr9dfUYcAtfteUnsh5KGgawwGS6uz,pumpswap,1789696742,0.000006027,5067.17,5767,5767,0,5.04,491.33,578.45,0,0,1,0,15,7,21,11,,1.03,16.6,19.06,0,0,0,1,,,,,,,,,,,
1790310107,4zv9pgsqM3Ey1pputaKj8mXw1kgzR2QJkZRhgmmspump,MINIONS,5ztv8FTUZFor2BPzYyMSQ9mGDa3TFG73i4RPCQjGsnni,pumpswap,1789688193,0.000004852,5280.12,4715,4715,0,0,1234.18,1322.68,0,0,0,0,3,7,3,16,,,-24.05,-25.82,0,1,1,1,,,,,,,,,,,
1790310107,8hbfVUpsZ9ttdixBzB2PXwYNUJHySaXT9pFoyAEjrTKW,Pokeballs,HCNLrjsWhtCtHKJhivCMf9PzUN1EWzXqYjWjhbkm4MCi,raydium,1789770283,0.000004766,6595.19,4766,4766,0,26.03,2621.28,7928.75,0,0,0,2,12,20,74,74,,-0.07,-2.77,4.38,0,0,1,1,CPMM,,,,,,,,,,
1790310107,5zNmPYCm724a7HLE8FXB2d6R3BbsuPSjzNAxBmkHpump,Prism,CjLTexDv7TZWUXrfabMXXuKXETiE91zMrSj4T5GEJaQW,pumpswap,1789770202,0.000005912,6065.19,5589,5589,0,0,60.47,1289.68,0,0,0,1,2,7,21,51,,-12.18,-13.34,-34.77,0,1,1,1,,,,,,,,,,,
1790310111,HAa5JGYxRP7H4Y2hMnyumDkfaqyCzu8YPSgaVURE6b8J,HYPEBEAST,Bo6XQWY9eMYL6JK4mHXRyb1xmLqBDxiTHr1wM99FW5og,raydium,1789774223,0.000003911,5796.5,3912,3912,0,0.13,7.36,1230.48,0,0,0,2,0,9,9,50,,0.15,-0.75,-22.82,0,0,1,1,CPMM,,,,,,,,,,
1790310108,8pCYnTGuzeLEs5PQkB9pofFrKetSgxySYffCXDwQy8hf,Apu,GkuMtEyn3XzYAB2KDiD3iSmTLvn1HcvkqEeiJVHZ5FjV,raydium,1789766255,0.00001683,13355.76,16835,16835,0,88.94,710.19,3123.51,0,0,0,3,6,7,21,31,,-0.64,2,-26.29,0,0,1,1,CPMM,,,,,,,,,,
1790310107,7vNWJPnAy76xJR6yHQYfFeEbe3WXCZCm9npM4cBHpump,ALLINU67,E9i9oSTgS35fy8D75nduc8VDWaDDiXiRULBpcd2sjkYH,pumpswap,1789775815,0.000002586,3290,2517,2517,0,0,0,0,0,0,0,0,0,0,0,3,,,,1.77,0,0,0,1,,,,,,,,,,,
1790310107,671HGnyBtSdL9D6W4684nuARBWCZDN9gK7HidDsKGgwP,GGWP,BsxE1GF2URNCnfLmST8wex7y7M4y9nU4jLc7sMQcDHaE,meteora,1789802550,0.000002151,3381.17,1876,1876,0,0.41,11.4,79.71,0,0,0,1,7,7,22,21,,-0.07,0.71,-4.11,0,1,2,1,DYN2,,,,,,,,,,
1790310106,3aYys1eiPuQKgxDnsd7CYhQeYx73DKeP7wwZW9vLpump,CLAWDY,HcJfNTk3WFeq4dTKNtTcXUVT5Txzk9WwHQkUwKwZ5WYy,pumpswap,1789813818,0.000002351,2466.97,2289,2289,0,0,0,0.08,0,0,0,1,0,2,0,19,,0.19,-0.23,1.26,0,0,0,1,,,,,,,,,,,
1790310111,J1FRQZoNH62eWNTavDdGScFryNzyTdLth7cM8UZbpump,DoubleT,9MieC6wcCc3iHz5UTpVzwdxGYsWaZcCfvYpYiz4twzTH,pumpswap,1789817995,0.000003892,3785.69,3715,3715,0,0,0,4.25,0,0,0,0,0,0,0,4,,,,2.07,0,1,1,1,,,,,,,,,,,
1790310111,FuriVrfyZgnXjABipp7ZdGsMCoRCgVXYp4LbdPNB1HrC,BabyDoge,GpGbFpGdE9w5fssEf12P9B6qAuSqz6JcbBtEpZeVjfy,raydium,1789819283,0.000004257,6241.9,4257,4257,0,0,0,187.3,0,0,0,0,0,0,1,7,,,,2.1,0,0,1,1,CPMM,,,,,,,,,,
1790310107,6LU9buMQMs2GfBoujmxZdemFu71e1QdfVvBPJpiNPQZU,BABYCATE,8WZv7wLcNJzRTHgwGNZfKLj41oPdvVx4hojXiSYhmeXr,pumpfun,1789817495,0.00001054,,10542.38,10542.38,0,0,0,32.96,0,0,0,0,0,0,1,0,,,,,0,0,0,1,,,,,,,,,,,
1790310107,5TPNaSi63HSfEHwVSBL2STi7yTPwgtedeXCowjnYHVG5,LEEROY,DzeAVk5P2sy5vpNYSrLMNcTsgxVXeTyZyghyHuBih3Zg,raydium,1789837872,0.0001512,30708.85,151226,151226,437.99,7691.23,83237.7,381278.14,6,1,46,19,294,187,1863,1338,11.41,-24.78,-54.61,-2.92,0,0,1,1,CPMM,,,,,,,,,,
1790310109,Ad881PycCzmgVmSvuvynMVQnhN929QDVykLf9iNLpump,PHILANDOG,5xzfbPzKqXqWXRENBfc49guVrEsZa22SqXiqNtnAYHAR,pumpswap,1789857548,0.000002751,2822.72,2660,2660,0,0,0,5.52,0,0,0,0,0,0,1,2,,,,-1.64,0,0,1,1,,,,,,,,,,,
1790310107,7xz6t8qyPASohr2EoFLv1TvZdZougw7ZA7emmt3YnxXx,TRILOGY,FrwZxS7D2DZFsKKaSqj3W5aYM94mKM6HAyCejni3vyAL,raydium,1789856943,0.000002724,4884.68,2724,2724,0,0,0.07,10.17,0,0,0,0,0,1,0,4,,,-0.27,1.05,0,1,1,1,CPMM,,,,,,,,,,
1790310106,2izUeeTezLa77D9GEzytE12jb9WtYRvhQ9rvAv4aKY2v,CHEEZ,4YvGihWcC4j6FWBEoX8mBiSu7dxzQbBBC2gVyKedann4,raydium,1789857465,0.000002943,5195.14,2944,2944,0,0,1.27,63.19,0,0,0,0,0,1,0,9,,,3.25,0.77,0,1,1,1,CPMM,,,,,,,,,,
1790310111,Fb2FLgGxMVNg7mpL9Asf5K6dvwuVvp8Yrmpp7i7ysRcV,Computin,BH86uuwvTXELko17Mxws5zCdfmJBYfq4Swrwdz1ypemJ,raydium,1789857355,0.000004040,5819.89,4041,4041,0,0,0,192.8,0,0,0,0,0,0,0,4,,,,-5.96,0,0,1,1,CPMM,,,,,,,,,,
1790310111,Hqa3scJGHpXQ8wgcEsugqqzrvwTcugRptHL1LgBCpump,HOLT ,PQeDKZTyXek1zcX8JNRixR6a3oDqaRtE9C4sRAuWoCr,pumpswap,1789889027,0.000005491,5133.83,5238,5238,0,1002.2,1014.17,1805.53,0,0,8,4,8,7,18,25,,10.74,9.17,14.12,0,1,2,1,,,,,,,,,,,
1790310106,4KxtNWc5XTL3cuyc8PJMchqB6RYggvEFeMub727GBAGS,SALVOR,4WzfxBthxkz3YdFrJV9VUwN3pPXGRnCojLCUrMeyLcjR,meteora,1789885968,0.0003302,53326.89,330216,330216,0,355.99,614.54,36047.99,0,0,2,2,13,5,126,102,,2.36,3.76,-12.35,0,2,1,1,DYN2,,,,,,,,,,
1790310107,72qdjY9F1ZtLaB8nJTrkX8ek3mudB9VFhKAK1Fti2HrY,CHUD,GJrdPGjivHsjd55RMbGxjGe142EcRDQytRRAdwoSpYP8,raydium,1789884439,0.000003828,5865.25,3828,3828,0,18.94,21.29,63.74,0,0,0,1,2,1,7,7,,-1.38,-1.3,-0.16,0,1,1,1,CPMM,,,,,,,,,,
1790310109,BEcNuoY5G3XbaV61kLAQJcuCSf62kdaQide2mvhCpump,wojblob,AqaMQADavdjNPGt5NtivyqRsfegDXqXSAVmpuEdeBwwh,pumpswap,1789885161,0.000002323,2439.21,2234,2234,0,0,0,0,0,0,0,0,0,1,0,17,,,-0.42,1.06,0,0,0,1,,,,,,,,,,,
1790310106,25YtfFX8DWMA8zwyJKEb9FrYDLxDSa1eqPgZBqsrpump,CATRINO,8SKwABxMfeHz7pQtviZgoG9eNTQ79P74uMu6MhnBQW2m,pumpswap,1789885321,0.000002228,2295.87,2164,2164,0,0,0,0,0,0,0,1,0,2,0,19,,-0.06,-0.48,1,0,0,0,1,,,,,,,,,,,
1790310111,GEjbUiakaKUyQpxPBawWYuHsJwumrUtr9Z8tVum1CdgJ,BARREN,3Lt6n2TyH3b12CWauaYzKwusVqH7SWdhURqJAtcEi29z,meteora,1789899514,0.00001042,9171.76,10420,10420,0,64.33,1794.53,3010.74,0,0,4,1,18,9,26,20,,3.87,36.25,64.35,0,1,2,1,DYN2,,,,,,,,,,
1790310106,38EsA6oXoBW9ndYKHWghSVFAW7nLd4DRzJFwM9USSTNK,XMAN,56TYxeqQEAEHasqBgU7J5wb7d22sMQaGoXCTDYyupA3F,raydium,1789906379,0.000004579,6361.61,4580,4580,0,99.6,104.62,193.39,0,0,1,0,1,1,5,10,,4.41,6.41,10.78,0,1,1,1,CPMM,,,,,,,,,,
1790310109,CiV2To3hYpXXwimzRGWVcD6LJUX2ryKCMCwpRs5Ppump,RSOLVE,ALW9X7QZgs6yoM8cJVk7xz6XSzBBBoAkWB5Xjk6YrQ7n,pumpswap,1789943925,0.000002746,2804.06,2663,2663,0,0,6.72,8.23,0,0,0,0,1,3,1,8,,,0.18,2.65,0,1,1,1,,,,,,,,,,,
1790310109,AscqW6JHTSTxhrug8omyuN6eaG7XQAE19dhS9r8rrcPi,Pray,5dz9d7cYFkdcrwgyYJZXnGktzG2XX9w2w4Hxi76x9xBn,pumpswap,1789946043,0.000002692,2665.6,2476,2476,0,0,0.65,5.1,0,0,0,0,0,1,1,3,,,2.12,0.93,0,0,1,1,,,,,,,,,,,
1790310109,CHQeLyR3kiywgkq6CQuTruNq64bi8RFUyLb3WCCX4iv7,JUBJUB,5zhXTXspNZceVuJmK99trMZGi6fbpDgDhnkvKu8UwsqK,pumpswap,1789943064,0.000004026,4062.26,3925,3925,0,0,1.08,8.59,0,0,0,0,0,1,0,7,,,0.18,1.48,0,0,0,1,,,,,,,,,,,
1790310111,YuZU1EYaovxEHN2sA7oSy3SDNEZovEuUce9edtmSTNK,KURUMI,HP6iQsFkRu6NR88aQR9ZAgjRfjqAN8GDm7sPbqm5pjGj,raydium,1789939062,0.00002069,12849.6,20699,20699,0,0,190.92,2188.97,0,0,0,0,5,6,24,32,,,1.76,0.89,0,0,2,1,CPMM,,,,,,,,,,
1790310107,5HZHzdeCtPUdzxz31W255uB6Umugu9kfe3bxbrya4DP2,ZCAT,9wCYQZBUL1CmXF1iHoBT2X82iTs47uR5obFmkekwBYDT,pumpswap,1789939564,0.000004096,4037.85,3694,3694,0,0,0,147.32,0,0,0,0,0,0,2,10,,,,-4.41,0,1,1,1,,,,,,,,,,,
1790310106,2SgRLprSBdkLrnRiqaCDw5avrRyYbrvZwyNbYgd3oAJm,Buck,7P2WRG1pB5WoNdR7c8asV6HjfE4jeZ7t7XtZkf79oe4o,raydium,1789962999,0.000002851,5028.38,2851,2851,0,0,2.58,87.15,0,0,0,0,0,2,0,7,,,-0.53,-2.83,0,1,1,1,CPMM,,,,,,,,,,
1790310109,B8WvjPmz1wJ9xPRKEkyWHFzPZoaqkKWCytgtFjhTpump,ZIRON,BEw6orDmhs55ySpyR7Rzn73qRUaMYkp1sXL7uNBqzgUJ,pumpswap,1789962192,0.000007259,6883.82,7021,7021,0,0.01,400.59,983.41,0,0,0,1,1,8,4,21,,-0.2,-13.48,-15.82,0,1,1,1,,,,,,,,,,,
1790310106,3TU5PGrkEtYpqjmZNke2JYWXWqP1Dou9PnHyGBpgc4oZ,REK,4EAFyjXeXe7TALqQLqt3JnMrSiujajLGS8dvsM8exoVt,pumpswap,1789985788,0.000004677,4711.79,4540,4540,0,0,2.09,229.75,0,0,0,0,0,1,2,18,,,0.55,-8.58,0,0,2,1,,,,,,,,,,,
1790310111,HzdBPsFDzrWvFbZ6xs4MSFfPyEWdu49fzaJVA1FVpump,iDollar,357Qoaw6PHRNRVpmCSyX4oFL3Zf5425kPccDJRmV3XXQ,pumpswap,1789992823,0.000002116,2141.17,2067,2067,0,0,0,4.67,0,0,0,0,0,0,1,1,,,,-1.33,0,1,1,1,,,,,,,,,,,
1790310111,HYc4omsnZ1qaHSDkKv4PdXPJGLU514mdrs4V5dK9wU7F,iNU,8cyzpAWx1dwUfv94m8CtaSxqY4MCUwb3g2qiHEHjgCSJ,raydium,1789992836,0.000004381,6197.24,4382,4382,0,0,1.37,178.64,0,0,0,0,0,2,1,8,,,-0.53,-10.46,0,1,1,1,CPMM,,,,,,,,,,
1790310108,8q6aSV7HsmHFSuVS6gwyxFQzLgohhtaNnrxWYvgJpump,SCOPE,GskL1soSzcAYNHhN6vHCP1oBUTQ7QmaDd7DzBA95r4YN,pumpswap,1789991856,0.000002378,2468.68,2288,2288,0,0,0,0.02,0,0,0,0,0,1,0,3,,,-0.48,2.66,0,1,1,1,,,,,,,,,,,
1790310106,3JV8p4NxP5bQPupSt57rBMWP4SHaXeNwmxM7e1Sjpump,PSYOPPHIL,6QRgcrDdbiQcwaUKbv5CtFmZbNCs8g81WLfcGaYvaDRJ,pumpswap,1789990888,0.000002590,2939.82,2541,2541,0,0,0,8.76,0,0,0,1,0,2,1,26,,-0.06,-0.48,0.55,0,1,2,1,,,,,,,,,,,
1790310109,A92GtLJv3ZspDG4WaQwWMP5avZfm6wkkE78NwvKxpump,degen,Eku2Fsu17BpdPjaQ5LCZQ56HXTpM1E5XpAeQxpQrGcN8,pumpswap,1789992763,0.000002673,3039.8,2605,2605,0,0,0,0,0,0,0,0,0,1,0,17,,,-0.42,1.06,0,1,1,1,,,,,,,,,,,
1790310108,9MgrvtBDvT7EtZwb3Vy7qmKENFRjSkf7GgHXTNAjuRWA,COPE,BLtTXomqesLwKB14jVPk2jx3Hoh4sj6BUdjSBBn9U4VR,raydium,1790025637,0.000002884,4918.04,2884,2884,0,0,0.58,19.4,0,0,0,0,1,0,2,8,,,0.2,-0.7,0,1,1,1,CPMM,,,,,,,,,,
1790310111,H4efHkqMcZx3hYDtQEznWxjVzCmyqYKEPe8KK9idpump,SITM,6Fx7dRhLUtwiUC2GFZ34FKMo7sFq6NiXwfmPsMmtgnpy,pumpswap,1790030107,0.000002558,2616.18,2468,2468,0,0,0.38,974.81,0,0,0,0,0,2,8,22,,,0.49,-1.27,0,0,0,1,,,,,,,,,,,
1790310111,G4AYGTaY1rPc42HghU5rk9Cw37hj9hijXFL8249F8kUk,AX,5wuRhz3i9DD72XbT5b6xciF75hsGZtkB6bq2pYaCRs2W,raydium,1790035783,0.000004663,6220.62,4663,4663,185.51,185.51,263.23,1213.46,0,1,0,1,1,5,13,9,-11.04,-11.04,-11.2,11.5,0,1,1,1,CPMM,,,,,,,,,,
1790310107,63qoV3oPkxZ7TBvNnAe8L1gAgsLR3quNViRQuMzKYBqK,WASH,8ESDhoZhTqJv8gvW6WgL5diFqRPcZM14UHtsahvqEnfC,raydium,1790013558,0.000007180,7859.35,7181,7181,0,64.6,205.6,6437.43,0,0,0,3,4,10,100,95,,-3.23,-7.1,-14.67,0,0,1,1,CPMM,,,,,,,,,,
1790310110,EkEq6teGMFEwrs2pWNbCEgSqEoV4q8WLBg9k6SKcgvh,kirkinu,7r69UthQa8nZdiZMHCkSBFm6D9HLGMadLHmKk8zWqX5A,pumpswap,1790031028,0.00002930,15036.8,28269,28269,0,124.28,7038.6,29667.1,0,0,1,4,80,59,235,213,,1.43,-19.13,-53.72,0,0,1,1,,,,,,,,,,,
1790310110,DfbhY8XtNc317jpSEJDQejLD83QUMHtBzyn9EjgSTWGW,BITCOINU,5DzXJzmTsrvmPZBEBjyeR2qJtH2tTrCiT7o55M5Uuzci,raydium,1790034852,0.000007816,8353.06,7817,7817,0,66.33,2743.76,3395.08,0,0,2,1,27,29,54,76,,93.51,9.38,128,0,1,1,1,CPMM,,,,,,,,,,
1790310108,9Vkx8JzfdARs59TFJvJbHALjgxSzvttja3kdCTb82HAX,JOLLYBOT,BHVajyjoMBkDY5d5rMJmAk7LYjbxtmxxsM8KSH4pBDVQ,raydium,1790032548,0.00003406,18674.05,34062,34062,0,0.35,5146.9,116668.18,0,0,0,1,62,50,697,549,,-0.07,4.7,-15.66,0,0,0,1,CPMM,,,,,,,,,,
1790310106,3ULoD6ffRdG3B5Dndm1cQh7VNATqoitqQ1EVoAwWQZWk,USDC,3qkKyoqTMN4tj17HGfTxRRppsZ8PxRxynGsguCG85kYp,pumpswap,1790051776,0.000003576,3617.26,3425,3425,0,0.12,4.3,5.38,0,0,0,1,0,4,3,8,,-0.01,-0.28,-0.28,0,1,1,1,,,,,,,,,,,
1790310110,E6MCyEnju61ZSQy1CBRu31hXFQRtKiUMnG4A1N7yRoLu,Aether,GBTnRPyXFtM2SziRK41PzZNvJBimqxqfSNFEeV8cWmrx,raydium,1790050865,0.000003062,5068.91,3062,3062,0,0,32.9,529.76,0,0,0,0,0,1,3,20,,,-2.53,-23.72,0,1,1,1,CPMM,,,,,,,,,,
1790310109,CdhZy8wrRxNxoV8HtoByXKN7mvS46avtuZ1b39tKfx7,X7,DM7mLVfNUJTbWzwep9BWMVDDhwR1PQU3t2wQ66WTvgqo,meteora,1790049638,0.0003611,113038.06,325766,325766,133.08,2246.48,54204.66,242626.92,0,3,11,14,176,154,810,665,-0.36,-6.17,-19.92,-47.26,0,1,1,1,DYN2,,,,,,,,,,
1790310106,4f8di1oKa98VSEN8n4xkPwCLMsc5E7f68AuGj7k4pump,TANK,3PspaZ4WZvWwMTzm9qyuciZNfRhS2tLJancRzPVsQJLF,pumpswap,1790052239,0.000003523,3473.65,3432,3432,0,0.47,119.61,2788.53,0,0,0,1,1,3,24,40,,1.53,8.55,-19.43,0,0,0,1,,,,,,,,,,,
1790310109,BkJxJ1wk9i1aPE4MSTm4ozg1qBYKw7h1asxzmEu1pump,STUNKER,38XyuRw8EVevzFXr2x3fVjPY5hoSUWtsdjqE97Jetmru,pumpswap,1790057411,0.000002660,3058.07,2594,2594,0,0,1.51,1.55,0,0,0,1,0,4,0,11,,-0.81,-0.75,1,0,1,1,1,,,,,,,,,,,
1790310109,AxpiTsZTUYKiayfZoWeTruUHZaEoNVBgZaw9BN3tpump,Bengal,BkEC327JzpyUNrhVXXFCA9ei8YkWLixScio3pxZ7EawE,pumpswap,1790058252,0.000002389,2491.47,2291,2291,0,0,3.84,48.94,0,0,0,0,0,1,0,7,,,-0.86,-5.51,0,0,1,1,,,,,,,,,,,
1790310110,FMinJE1XKP4WoF7TuRhJK9JgRy6gwsrkifSHYW6Mpump,STONKPOT,C6x94vbFn4d8SCjMH5xLkFVZPVgSNiBFbmVG4pgqDBDu,pumpswap,1790058343,0.000002827,2819.31,2632,2632,0,0,1.16,12.88,0,0,0,0,0,1,1,6,,,0.84,0.44,0,1,1,1,,,,,,,,,,,
1790310106,2k1g1NKB85swTVLYijWkutRFMS9MjXfJnqzzqfSypump,CashFrog,FAKr6zhYTLAqpUowErobB1mvJr2xmtaANxYNLszGHhrg,pumpswap,1790054009,0.000002924,3079.28,2838,2838,0,4.57,25.94,162.61,0,0,5,5,37,26,156,87,,-1.68,-1.36,6.72,0,1,1,1,,,,,,,,,,,
1790310111,H133TpJVPTKeA7AWtvgQ15zKegPBDgGPaGdX94UgJ8sq,STONKY,8ob21mMfvX9GY2qcW5NR9bjxuxnUhZ2z96HhiHjbQRtV,raydium,1790072309,0.000006142,7564.53,6142,6142,0,0,246.66,3943.38,0,0,0,0,3,16,29,130,,,-9.02,-44.54,0,1,1,1,CPMM,,,,,,,,,,
1790310111,GywZePx2X4V129RjR1J3MgnFSWHV4F2Hj1P3Dcwpump,quiet,H9ii44KVCkJtiT9GUSoHTDMma8Cm5ev7PNw8vgDYPfYd,pumpswap,1790071881,0.000002620,2594.15,2480,2480,0,0,0,2.49,0,0,0,0,0,0,0,1,,,,,0,1,1,1,,,,,,,,,,,
1790310109,Cf5oefTR54C986wvG49wRYwKkoCaRHDnhuZpd96dpump,MSC,Cju7t5AndhKGKAi4T59drhAtHMEaBWSQkQpjfrHYQUmt,pumpswap,1790078532,0.00007253,28258.96,60563,60563,11.77,768.09,7355.02,48993.21,2,0,6,3,55,50,389,245,0.2,-4.84,-20.22,94.03,0,1,1,1,,,,,,,,,,,
1790310106,4wzLxapFN8VCKVDXENHU9y9rMwNRjTtuqKXb5TZod7uF,BTC,4Hd1HPaJCMjhpNMF1W1BhBhHVKszqaxoinzL74VhgYXK,raydium,1789506601,0.00002010,12396.48,20106,20106,0,4.3,99.73,1677.81,0,0,1,0,1,3,27,13,,-0.04,-2.97,-13.62,0,1,1,1,CPMM,,,,,,,,,,
1790310112,uRjcWjr52UF43zqtLyU4Sqoxwa9qUkaHWVZJahJQMHN,Memo,26UHN1rVZ74R6BJ73BMvbQXnnVaXEyaXXxBXVmTtivNY,pumpswap,1790071944,0.000002561,2635.49,2492,2492,0,0.04,0.04,7.51,0,0,0,1,0,1,0,5,,-0.76,-0.76,0.99,0,1,1,1,,,,,,,,,,,
1790310106,26Ckbym8TgPHmZidytRoUiC8Qu6eLpbpgWCsqCuzpump,Abu,E2vyLpRdwcuCAfb5WighaL9AXX3H7netTBQRcM5HvrSH,pumpswap,1790079190,0.000003809,3548.4,3378,3378,0,182.65,182.65,970.6,0,0,0,1,0,1,10,12,,-8.2,-8.2,3.24,0,1,2,1,,,,,,,,,,,
1790310106,2NCvMsFYBdvGoWgmbKZfNPvYUzpDEMUPCtcUqVk2hyHW,GHOLDENGO,CtREcJuGs4MktpMD4jXf6PrMMmY75MbhiwSQUzRojtZQ,raydium,1790076246,0.000004996,6357.76,4996,4996,0,0,109.24,574.78,0,0,0,0,0,1,3,9,,,-6.56,-12.12,0,1,1,1,CPMM,,,,,,,,,,
1790310106,2y42ZAm8Zg2m1rMszPpKxaCYxnFQzZJ9sDev58KN2vrk,ANONCOIN,GjkuRFGp2e8PAuyuoNRuzwUKTH8hL3uk2bgtC7vc8sSz,raydium,1790060337,0.000003475,5716.27,3475,3475,0,0,0,683.2,0,0,0,0,0,0,7,36,,,,-20.87,0,0,1,1,CPMM,,,,,,,,,,
1790310106,26j97ZBGjaEZNzqZ3eSqKqPLZwS45aYp5BobLRQVpump,MORE,5WSRXJYpEQkqdpAg9fsU4e1gVxNiGy11EnLp6pSeB2wY,pumpswap,1790102254,0.00001545,11546.68,14818,14818,26.22,161.09,1127.3,7193.01,0,1,1,5,13,17,119,82,-0.76,-2.47,3.65,12.97,0,1,1,1,,,,,,,,,,,
1790310106,42oZyfUViDXhfgE814YPyfX4knaNMg9ntmTeZyirpump,1000x,BMdWAzXUj7SSUFARcWWB9xq5YBdttUo91J76q4kWBt8t,pumpswap,1790116811,0.000006004,5011.27,5743,5743,0,0.55,112.26,619.11,0,0,0,2,0,11,11,41,,-0.46,-7.54,11.85,0,0,2,1,,,,,,,,,,,
1790310111,GmXUcQygAP6kfuDJCHhxRoYY4nV1LRiCMhL49XXgpump,INU,AxhqwQbdBCGaG7Exa1Nxufyst6XKunggD8kuDdPwtAET,pumpswap,1790120143,0.000002506,2497.03,2421,2421,0,0,78.32,119.8,0,0,0,0,0,2,1,8,,,-3.44,-5.64,0,0,1,1,,,,,,,,,,,
1790310109,Atf7KaBLF257KQosBM2rCxhhdRfDtRNnpwmUH4bkrMMV,BOB,GUzGgimx7FFFbWZEw9dn3DEmKmsmncGqVJVDGaM9mPBZ,raydium,1789699872,0.0004536,89460.66,453690,453690,13.09,1700.59,31942.7,83475.83,1,1,19,16,172,166,521,531,-0.21,-4.21,19.2,-26.85,0,1,1,1,CPMM,,,,,,,,,,
1790310111,a3hycPkLp4jjAVE7cf4JkqChYsTUnCytQuENa97pump,suitelon,5P9ZimskePgSxZiyRg9oqo5uf7Dx1AfMuTyqkKMMBS37,pumpswap,1790138693,0.000002323,2429.8,2236,2236,0,0,0,0,0,0,0,0,0,0,0,5,,,,1.59,0,0,0,1,,,,,,,,,,,
1790310108,9G5vJSw3Zp2x9Cmj9gEsw1GeJqWX2iYMsfsC6uR41jT4,MAU,DMYCTeMRFCs8i4m1aDbNaEoeBxQwLkH2oqUVsiJdHvfg,raydium,1790143738,0.000008066,8229.44,8067,8067,0,0,50.72,5511.42,0,0,0,0,1,2,68,58,,,2.58,-18.1,0,0,1,1,CPMM,,,,,,,,,,
1790310106,224wFuUYY7kZMHSLSCGNJKU1kDde51NcmwjtMVeqpump,runner,BRh96u7h3AkvBsZ7m891ddkwxgX1mQmR3s3cMkPZqQqg,pumpswap,1790144321,0.000002368,2519.11,2307,2307,0,0,0,2.32,0,0,0,1,0,2,0,9,,-0.81,-0.58,1,0,0,0,1,,,,,,,,,,,
1790310107,6GH3fLq5W1wHGTE6m2jmUMqBgHtB7sUeeLzRKt7opump,SHINYHUNTERS,8nwBe7qr2Tvdtk5NZ7tn3hWPBSYxvR2hFP1qsTDJbYtd,pumpswap,1790146009,0.000002219,2242.08,2155,2155,0,0,0,1.82,0,0,0,0,0,0,0,2,,,,-0.04,0,0,1,1,,,,,,,,,,,
1790310107,7uNUAogctSAby1pZUAt2QmBpe2bradWeep78adZmpump,todd,GUK8N22XBkFEguoHbb3unVLM5PYYbCydAHdysjtetA15,pumpswap,1790144392,0.00001784,10164.53,17203,17203,52.03,461.02,3530.73,25666.5,2,4,15,10,41,61,330,355,-1.98,1.8,-41.92,-37.35,0,2,5,1,,,,,,,,,,,
1790310107,5rmtzMA9HpfstYfv544XhppMqcc9v9gL2e3CzCEppump,JOTC,6VdenfDna1Z5mrvxUozH8dxz22Jr1W8ZnaxZdfuSojiw,pumpswap,1790146132,0.000002461,2696.64,2407,2407,0,0,5.37,20.81,0,0,0,1,0,7,1,40,,-0.37,-1.45,-0.69,0,0,0,1,,,,,,,,,,,
1790310106,4sEXKWMhwUyMAKtK4naKbj9KP9Ye5W2jmkH75kfkList,LISTED,8Va4mu2i433UTAnECFqoGvNgpG1e12kPcp6Azjbq25MR,pumpswap,1790145631,0.000002479,2493.95,2361,2361,0,0,0.89,25.82,0,0,0,0,0,3,0,11,,,0.68,0.15,0,0,0,1,,,,,,,,,,,
1790310111,GkBZGFgNy9Q6jHjBuYeTqsvugfEMhniACF9ieV8H3TtC,BLEE,8JYxsCzn5ejiLVcqPfRbb2jduBjAM7m8NcUwZsUrcwdU,raydium,1790146216,0.00005349,23020.01,53494,53494,0,2029.31,9514.56,70288.26,0,0,11,9,61,70,615,625,,10.78,27.15,-33.78,0,1,1,1,CPMM,,,,,,,,,,
1790310107,6tstGNZjFwowUP15a1teR98ixXCPH9cVurC4sYXTLdXH,1111111,GeJdDiUyCXeGQbEoT2bAhUrCgzeUhR1EbfjjQyAwisdR,raydium,1790150876,0.000003069,5242.37,3069,3069,0,0,2.74,129.97,0,0,0,0,0,3,0,19,,,1.34,-6.64,0,0,1,1,CPMM,,,,,,,,,,
1790310110,DBKByfTTYMuxY9juMKgfToptB6YJf6kkV3ddgyAeBu6,OH,Frv4iE1xeSmeNkKtLndhBQRyHaRRvDtJPLxzEG6tbv1B,pumpswap,1790165171,0.00001144,7647.5,10870,10870,0,51.71,4175.88,20842.32,0,0,0,4,30,24,180,169,,-3.81,7.02,-22.06,0,1,1,1,,,,,,,,,,,
1790310106,2ySjQh2LL8msX5ppfE1ZFenQVWK5QAmmznukQWbNpump,musejak,6vRm6t32yRGrYnA82vSqfN8Ud5nv6iaDtafm4Ndda8VZ,pumpswap,1790150795,0.000002823,3391.32,2734,2734,0,0,0,0.37,0,0,0,1,0,2,0,9,,-0.4,-0.58,1,0,1,1,1,,,,,,,,,,,
1790310106,2jcvq8QcJ8TzEYJKYMCjR61kXVSzib4mEkz89tQxpump,GIGACAT,72tZoSAHAutvD7dP2fNC56aASLxbPXro9jBPohZ8aAvY,pumpswap,1790152341,0.00004015,18603.84,38958,38958,612.69,7132.72,68645.3,367457.7,3,8,93,65,803,677,4288,3597,-11.39,-26.2,-65.86,-64.24,0,0,1,1,,,,,,,,,,,
1790310111,J8YvongBwt8d9XzeqrrmsouwvLWYcG5iYkBoxuV8pump,Hsin-Ju,8Euj7T4jpJfSftx1ov58rTy4RRSd1D1arr8B8kYsgERs,pumpswap,1790160586,0.000003176,3094.41,3054,3054,0,0.13,0.13,145.8,0,0,0,1,0,1,3,23,,-1.16,-1.16,-5.98,0,0,1,1,,,,,,,,,,,
1790310107,58TYyM2LTcex8juCuM4mDGcrAYY6bxumqUgJvbPepump,MONKINU,F5tPfay73T95E95iPCfHEVAVPT9eQ5CmNjehGDNFUibM,pumpswap,1790158582,0.000002558,2682.13,2517,2517,0,0,0,446.87,0,0,0,0,0,0,3,8,,,,-0.72,0,1,0,1,,,,,,,,,,,
1790310107,4zTjMcyNxcogz2gbgsk1LqCPJ2ovdtecWPG41eTQs2fb,Ref,ERzqqf81GKdHmVycQf1Tvjcinc854pnh2x3qwdaB13JV,pumpswap,1790158547,0.000002969,3057.2,2789,2789,0,0,48.29,3506.42,0,0,0,0,0,5,22,50,,,-4.35,-21.49,0,0,1,1,,,,,,,,,,,
1790310111,FiyPnPU7nPgx73A94pntqUPhyfBPhMM54u25DWMzTwkH,APED,9fLwvhBYLcbQvDtitpoX9jApQXGVBGdAdigHsmpnJ67h,raydium,1790097534,0.00001595,12874.69,15951,15951,0,69.49,625.45,11756.19,0,0,1,4,13,22,300,285,,0.73,5.62,-32.65,0,0,1,1,CPMM,,,,,,,,,,
1790310111,FdWgweu4TULjE6Vx9UDt44FZfpeVV3ixVFpthwtmWCWg,Bear,4kvXTSTqMNZRFBeen5NvF3wEGHYxG91ZXdB65avsXkCb,pumpswap,1790165779,0.000002595,2614.51,2508,2508,0,0.03,4.88,1052.99,0,0,0,1,1,3,10,54,,-0.39,-0.11,-27.2,0,0,1,1,,,,,,,,,,,
1790310108,9LYpEqkpgCoZ99NsrPuoobDZsShteajdqtCtpKscStq7,EMBER5,FMx8Pvo2LxLDRGHr5wf3PYxovpvbf12tqypqfBfHmrEQ,meteora,1790161210,0.00007434,25754.37,74342,74342,0,1676.75,25836.6,111572.81,0,0,3,17,230,164,895,626,,-13.79,11.87,-4.25,0,1,1,1,DYN2,,,,,,,,,,
1790310107,5LkMZqW6LjHr2kGaX7HtZgZQLPssDN3ZiaftZwpJpump,JPEPE,6JrZBhP2DEaV7h8Qmd4sWp5zmX2AqH6KN8ucxVDdeyVD,pumpswap,1790166201,0.000002117,2185.17,1948,1948,0,0,0,6.83,0,0,0,0,0,1,0,6,,,0.82,1.83,0,0,0,1,,,,,,,,,,,
1790310110,F6n9Z6amRkcYf3RdAYKPZjw4gfH86C9rYHPZkCbwpump,IA,DEF5pbadK526U9ErNS32x6ETrrVk6vPfuk7nbhWnKhQJ,pumpswap,1790165976,0.000002608,2884.84,2526,2526,0,0,0.09,49.99,0,0,0,0,0,1,2,10,,,0.38,1.08,0,0,0,1,,,,,,,,,,,
1790310111,HaYRgD7rjwj1AwoWjafokj4196sufYm4vKFamLZVpump,ARCHIBROWN,4giAj2vcyNSuEeVPcrv8hu4QMLm8mXzBpSrx2ExHAuVz,pumpswap,1790153612,0.0001807,40546.82,161040,161040,1023.36,7066.67,87533.88,388978.35,25,14,178,265,1044,1564,3532,3884,5.58,-10.69,5.27,-55.69,0,1,2,1,,,,,,,,,,,
1790310109,AbKaeNaS8FeyykruJ7sAT9pYyeAHSE4bni9RxirrZxMT,BAGEL,AUZai5GeUZuoR4J2SMH5CyMcnmfKnRCguyWJkUwouRb3,meteora,1790112265,0.0002176,3739.56,217691,217691,0,0,0,329.1,0,0,0,0,0,0,1,20,,,,2.65,0,1,1,1,DLMM,,,,,,,,,,
1790310111,G9tP63sMuWx3HmWgVfk1ZfVDeUbAZqt4cu4VSTyYvXnL,BURRITO,FYas3btBCr8GH8TRPoHenzgqwdEvSB5hKGbXA7zU79Ju,raydium,1790171108,0.00001644,12300.95,16442,16442,65.53,678.59,2687.83,39972.67,1,1,5,3,19,19,286,292,2.02,19.15,2.25,-65.62,0,1,1,1,CPMM,,,,,,,,,,
1790310111,GUpj4DMVdL1B31XaBQUGWvCoViUEyc9CXqmkcYHJpump,Dogecoin,DbyYLysC41nxmtg74QQ8CMQgEWpG6bUmhZJiw6Dmw4X7,pumpswap,1790170933,0.000002503,2712.67,2422,2422,0,0,0.08,7.2,0,0,0,0,0,1,2,5,,,1.67,1.84,0,0,1,1,,,,,,,,,,,
1790310109,B3m3Mqp5WJoaBbqCKTm2akrnsLz2ASxiqHFESqHw3mzX,LAYOFF,GyjUqvQGtWkNFXuBGc5inUaRsKUR5n9cabcdxyjrEHos,raydium,1790172125,0.000004869,7760.68,4870,4870,0,8.51,230.69,2487.54,0,0,0,5,5,12,27,64,,8.79,48.29,26.02,0,0,0,1,CPMM,,,,,,,,,,
1790310109,BTzHfjKZnPpNaojtNs38eKReNssZM5LEbRrdK5ZrVyN7,SGO,6qf9kEvtgoKgAjN6EW9tAidJWj8JXjaTDyNHZWDM6sWS,raydium,1790180335,0.00002159,14390.04,21594,21594,200.24,415.93,9079.26,135777.14,1,1,4,9,87,97,1015,981,5.55,4.36,-48.75,-73.06,0,1,2,1,CPMM,,,,,,,,,,
1790310109,AEVjdvYXXDRBSkt4V7HJ8oL8qVSG3quWCTHvQ7LApump,BUBL,48iVS1iRT3zkFceU43eRyvxd12qVNXvNf3u4AYC4mzTo,pumpswap,1790180148,0.000002879,2856.1,2739,2739,0,0,15.21,14424.57,0,0,0,0,0,1,90,96,,,-0.64,1.7,0,1,1,1,,,,,,,,,,,
1790310109,D5Sd6RGFcsyCg4UgKMTax22ZYjBrivQXAAGAVAaQpump,APEZCAT,CZ6cVMaSxiQiySYNDwqmZwCZPRaacyjAYzmhtfsoooQx,pumpswap,1790179776,0.000003549,4519.64,3403,3403,0,0,1.46,28.21,0,0,0,0,1,0,4,9,,,1.99,0.66,0,1,1,1,,,,,,,,,,,
1790310107,84TgGLh8Pgm9R9YYnmjD5Z18cy2gDUkjTr7B8Zjfpump,JEANDICK,HfzpxoYCmDmkkuEYrEpyXA9XfPD7zy3vcmkwvWp6WFeR,pumpswap,1790179362,0.000002471,2847.7,2433,2433,0,0,0,4.85,0,0,0,0,0,5,1,45,,,0.38,1.38,0,1,1,1,,,,,,,,,,,
1790310109,ARTEvs8XSpVJRYPVHuTZz4bEJwfpNVVzgKbrfyWMtXuB,AURACAT,4PmRK4TYca6fmrrZyNg4cm5uMoeUV5Fh5Yb1saq135A1,pumpswap,1790178242,0.000003269,3449.98,3157,3157,0,1.23,726.51,6028.49,0,0,0,2,3,11,24,65,,-0.17,-0.97,-16.3,0,0,1,1,,,,,,,,,,,
1790310111,FjapQEucYhJj4DS91AW3nLTNgrEpwozLVdbcjxQ9rZCn,SCAR,622SbdD9Tm6Q8fkpcmiDRFSxHJLRr18mxjiRNskwbXNq,raydium,1790179603,0.00002665,15097.36,26653,26653,0,1091.42,5624.88,90279.93,0,0,14,7,62,56,737,557,,0.95,-26.7,-15.69,0,2,1,1,CPMM,,,,,,,,,,
1790310110,FB6gcsYM4oK5X8TBi3A8xx9Pd5Y4ndRsW21Rk93Rpump,COWF,3EuNitsRnCFrRrxY2VFavgkK9AXp45LRUzzizp5f75kD,pumpswap,1790177352,0.000002175,2270.08,2150,2150,0,0,0,22.4,0,0,0,0,0,0,0,1,,,,,0,1,1,1,,,,,,,,,,,
1790310107,5ZCj8oeku8NL4fPk6L5WFbR6A2mWJAkScXw1MMrB828g,KDHC,5NNYEiQYP6EvHHcFFMxHo4VyymLJ47sSyDQMzXTofDHa,orca,1790179204,1.00011,253774.35,100011030,100011030,0,0,0,516.22,0,0,0,0,0,0,1,0,,,,,0,0,0,1,wp,,,,,,,,,,
1790310111,GtmQ6DAJsyx37Nb46jmooYGGa9RVcVeyAftbEgZ2pump,MUSESTREAM,BAP67oZyJuPvATVoV5Cq4aEnGFcdQGBJieedCBhxikAj,pumpswap,1790189891,0.000002655,2715.74,2557,2557,0,0.6,10.25,28.25,0,0,1,1,2,1,5,13,,-0.2,1.63,2.82,0,1,1,1,,,,,,,,,,,
1790310107,7Qy2cXpdj4Fu2DUPVWdN3oogM3JSwLUV2LZaKVgVcPZh,HYPERCAT,EWQKo1GFY9pEyUcwuPwbyLHnnZh5Q7WbuNw1BibQjkwM,raydium,1790185191,0.001635,116102.13,1635364,1635364,268.3,8105.96,108445.85,612796.82,0,6,25,27,297,341,2045,1605,-0.96,-13.23,17.49,30.64,0,1,1,1,CPMM,,,,,,,,,,
1790310109,CjkD1qwNPVP9VKshVn2BzqxiPtmdSnwA8SNV9HJBpump,FXFUN,3kYRNXZVPa5euQ68BvwZoSaWz2QgCmHboZAUsQvJeVZq,pumpswap,1790189011,0.0001000,27961.36,91863,91863,268.91,4507.94,48916.35,404593.61,1,4,61,61,591,877,3137,3144,2.87,-1.34,-8.96,334,0,1,1,1,,,,,,,,,,,
1790310111,G8vXA8zj9kd99ZLjSqyFLKzB3MLxUp5GNR7nMMMuzpad,zpad,8BZzbbJFwSHFxKa4MPV87zns1W1acPhbCksceUYRG7qz,pumpswap,1790188262,0.000003181,3239.46,3079,3079,0,0,13.69,830.23,0,0,0,0,8,4,22,54,,,0.24,-14.37,0,2,1,1,,,,,,,,,,,
1790310107,563JVQQrNwonELv9svhGLQV8nDFoZLYyfmrcEVkiZLFt,MULTIPLEX,32GNLvApTzMrwbuNWiB7CjVpBUPGvmCwGS8QbNhPjviZ,pumpswap,1790188096,0.000002841,2852.66,2723,2723,0,0,0.83,359.51,0,0,0,0,0,3,2,28,,,-0.02,-20.25,0,1,1,1,,,,,,,,,,,
1790310107,87MGdKoaYui4eRbbnE6Uuu2ZByRT4N9HqoSbipqQ2hbc,LEVERAPE,Hec2j8aVBXsJBdhds2qUj9xqfR2ihzXJg9K1T277kmVy,raydium,1790186822,0.000002154,4151.11,2155,2155,0,0,0,2252.37,0,0,0,0,0,0,2,26,,,,-76.57,0,0,1,1,CPMM,,,,,,,,,,
1790310107,6gxc6ZWCMA2XzwWFGD9CKFHe8UMBmPxdKDHC1w3HfzDw,BLUE,A9eyX7dDHbR1C7AZADm7mD4bz5eN5QNBRHLrfKmcgHLu,raydium,1790134180,0.0004488,32052.91,448835,448835,57.61,993.94,25026.95,89546.59,1,0,6,17,235,192,926,606,5.8,-5.3,63.88,17.06,0,1,0,1,CPMM,,,,,,,,,,
1790310107,8fX5dLhfTao12RTr7iFvQQX1AGiACe2Au92U3gdspump,Hermès,DBnBgHqaK1pNTXS99iiRQXpuzhnsbHigQDsumd2wysxn,pumpswap,1790185549,0.000002064,2101.33,2055,2055,0,0,0,0,0,0,0,0,0,0,0,2,,,,-0.16,0,0,0,1,,,,,,,,,,,
1790310106,48n3WfUWrzQ6mNzwqNDFNVVvFLQBWn3bCHuTEsXPpump,Cateoween,AnuGZ5gQoLfqRHVjTj9FKGeuT6vJTRCTVrxcR27SMbFX,pumpswap,1790195139,0.000003472,3301.91,3243,3243,0,0,6.68,582.25,0,0,0,0,0,2,8,19,,,0.96,7.68,0,0,2,1,,,,,,,,,,,
1790310110,FVsZHrjBWRJA7nBk6XNJ2Jg9M8v4MPsVdprpg3EAgMHr,CMC,7McrNmv2mZ4u9XpdqSuPtm1iiTWhYjsUA7APZx6ZivuL,pumpswap,1790188414,0.00001752,10582.12,16605,16605,183.67,387.86,10626.99,233242.62,6,2,15,14,156,145,2238,1781,-3.96,-5.93,-52.03,22.21,0,0,1,1,,,,,,,,,,,
1790310111,Gcku9A4XsNEv42WjHFrpyNJt5u5nwZDDh1BFyrqGpump,FUD,FzEffYDrAekMdcgBqp92bzqGcee8VQN1nXgZKJLsB2pr,pumpswap,1790189205,0.0001907,38117.92,188729,188729,0,31.55,36.52,10533.7,0,0,1,1,2,1,41,61,,-0.47,0.16,-16.42,0,4,3,1,,,,,,,,,,,
1790310106,2z1s9nrjhTdr26kpNYJrM29h3tyjAp6aKNofbkV9pump,Titcoin,DqmLHwB52rqAM6cEAxiPDMreYe4Rhe6vDy6t5NbNxLYg,pumpswap,1789684151,0.0002956,55521.96,294563,294563,4.69,4.69,1689.75,3153,1,0,1,0,4,6,28,24,1.81,1.81,-10.98,-7.87,0,1,2,1,,,,,,,,,,,
1790310107,5nQhjm5FuveEQuKsQtewTBZPSVXqbWhw1A6HEojf6JCi,Crypt,3wxoJjHk3iLk3rWizL2YhfZEZRYzPpkEKs7Cc7AbTQ3L,raydium,1790194732,0.000007862,8364.36,7863,7863,0,256.63,3558.08,95857.94,0,0,3,2,37,35,598,588,,10.45,-18.63,-47.36,0,0,1,1,CPMM,,,,,,,,,,
1790310106,4AdFwKHbivTpGjBjenyYxbdtrUdZ6uVGwjhofmh2KN3x,hyENA,DbyLi54EjxaVBWaJxichPnQhMaWePVa1uckhNJ3qdnxk,raydium,1790193679,0.00008433,29452.68,84333,84333,207.13,2687.91,41461.11,323913.15,1,1,13,26,235,221,1873,1581,-2.18,7.36,14.55,85.35,0,0,1,1,CPMM,,,,,,,,,,
1790310110,FNV7tM5GbbUPvXUaLXDBt9Udd9v4yranCWmNkWcSrj38,KORILA,hxkaYJUAzXkYgfcT19rZPmGoN5ARy76LFW654MMRY1w,raydium,1790193821,0.00002758,14453.6,27583,27583,0,281.09,13869.96,83360.28,0,0,6,2,103,83,778,560,,-1.56,-28.57,28.11,0,1,0,1,CPMM,,,,,,,,,,
1790310106,2YPWT4QK1Why57mxBZGwBAFckBC4nLwEAL2t6CcCQtvw,FCAT,13L9ZwrkeBXcZL8y1yhxnAkEDaMgyMZRmgvhs6hgLdMh,raydium,1790195440,0.00004694,20465.39,46948,46948,48.9,1195.84,28048.92,270349.34,3,0,12,20,188,164,1578,1341,0.96,3.36,-53.87,85.14,0,1,1,1,CPMM,,,,,,,,,,
1790310106,3oCn1NL6FEAsiSGsiKdFvCdrgMSomnZya3tExgAjpump,TOWN,3XTtfFmDyAbpaXwqAinxi35tt4xFk3hP2VMSGGcUoanb,pumpswap,1790089754,0.00001691,10221.72,16378,16378,0,0,1557.78,34208.69,0,0,0,0,21,20,241,237,,,-5.91,-25.48,0,1,1,1,,,,,,,,,,,
1790310108,9GJQgnwKZL6oqsPcLmSohBb61w6cdj629b1RFhWvUe7j,RICH,8NqiynvTiprF3DZR5XvUAWKkdX5DjgJP9SPBHdeWMJ5A,raydium,1790195442,0.000003947,5760.07,3947,3947,0,146.03,246.15,22197.11,0,0,0,4,2,9,140,198,,-9.48,-10.78,-87.76,0,0,1,1,CPMM,,,,,,,,,,
1790310109,9yyxC9AtYxuijVrVfZjoYY2m3fRDuyYYF1VmKzRp9joC,BOB,6pL1AMUdVzd8Ecgz1XJEbxVoTsE4KFwKMo3yGTzFbW5j,pumpswap,1790195693,0.000003849,3621.85,3721,3721,0,4.34,12.89,33.43,0,0,0,1,1,4,4,20,,-1.56,-0.79,0.43,0,1,1,1,,,,,,,,,,,
1790310111,f1ippXecgRpYmsZt6uVRwJJKiBKjN579sVRHsAg2RR3,FLIP,6gHUvXHYaWRgwLZQbB7MQJk2qEkcnEvZTG9RWTiSWCGH,pumpswap,1790194915,0.000003913,3927.9,3730,3730,0,0,121.6,1099.71,0,0,0,0,2,6,26,93,,,-1.44,-27.68,0,1,1,1,,,,,,,,,,,
1790310110,FYayBW6PMhzuNUVTJSr4ruk66p1nVhJ3bSmYueMr1ZMS,NightTrader,FnP4qt7ap1JYpMGWDbUULhA9mzsnveMHigu4sG27hMU6,raydium,1790194593,0.000003322,5402.13,3323,3323,0,0,34.04,2169.24,0,0,0,0,0,5,62,66,,,-2.32,-2.7,0,0,1,1,CPMM,,,,,,,,,,
1790310111,HkjCexiXUFRyo7KiaTT3VxzrWpoJhTWA9DkwnBVtpump,MOMMY,97SR2Q1vv6yszr22auKswJMRcXHZmakUscgR5B38P69j,pumpswap,1790193651,0.000003674,3759.32,3574,3574,0,0,178.77,2994.36,0,0,0,0,0,7,40,213,,,-10.93,-54.39,0,0,1,1,,,,,,,,,,,
1790310109,AyYcWNth3J17nQy611iHNvQ4Ue9VyDswveBn5ou4pump,Agripepe,46pT2FDUFuEZKijwtnj6cTXqnefsv1finQZg71hb2yei,pumpswap,1790202303,0.000002683,3342.25,2618,2618,0,0.49,4.29,277.48,0,0,0,2,0,5,5,49,,-12.86,-12.86,-2.44,0,0,1,1,,,,,,,,,,,
1790310107,7HiuKQ7zGZ8uUDYRX1YRiC5ocMcNs2oQ5x3Mjv51pump,FOMOPEPE,FDrASigNLNJF88Cuyo3Sb88G9Zp1kTPCXeHU57HPsPpo,pumpswap,1790202517,0.000002465,2731.17,2395,2395,0,0,19.48,94.73,0,0,0,0,1,1,3,16,,,1.58,-0.89,0,1,1,1,,,,,,,,,,,
1790310111,J2q68X3PC3uZFY6ydDGuB1ztDsoawikkqe3yFX3Cpump,MMKT,24c3yDbFxMZGN8vDMRE8iyTZX2cwgZWaQSDzC1HwQfG2,pumpswap,1790194221,0.00003388,14676.92,32166,32166,0,0,16.72,964.34,0,0,0,0,4,0,31,16,,,1.9,16.69,0,0,0,1,,,,,,,,,,,
1790310111,Fn9cGz6iLubpjZSJF6wiBD2zbdqANubuQ64UKSDXpump,LOOKUP,2zd8zQNaYdE4ZJarKVHFE12pAAdshc9siFBUKrDnDJfA,pumpswap,1790204741,0.000003026,2960.45,2912,2912,0,0,4.28,21964.69,0,0,0,0,1,3,605,677,,,1.77,-92.84,0,0,3,1,,,,,,,,,,,
1790310109,B2J1abkD18a5VrP2yc8XbJQ5BGDXwsRu9vWAjM1piEv8,Computer,8Z67KtuJXMiWjSyubve83mqhAVT5Q5XRi7Fn7BJMwSbr,pumpswap,1790209280,0.000008149,6495.83,7950,7950,3029.04,5122.21,10713.74,20206.53,36,17,50,36,101,87,233,274,82.45,30.54,29.43,-13.63,0,1,1,1,,,,,,,,,,,
1790310111,Hc7zFXMbe6RVhHhoUe82kap1iCjVHPXHxAYfs5frpump,poopepe,3xhauU19rewJq2j35psthQoZruENN2NJsLkxCD33DPD2,pumpswap,1790208918,0.000002788,3261.5,2727,2727,0,0,29.73,118.93,0,0,0,1,1,3,7,39,,-3.36,-2.94,-5.96,0,1,1,1,,,,,,,,,,,
1790310107,7T3XGNziCNwgiETftmQPW1Qj47KfVQyvZj7YQjrgE4K7,GETF,1GosW12AMzqoenq6FmaQdF8X8TCLgRAq19TBY34krNd,raydium,1790208542,0.0007432,70455.41,743200,743200,1122.07,9853,407478.4,827258.27,3,1,63,28,2079,1052,4004,2161,-3.76,-16.87,69.22,1323,0,1,1,1,CPMM,,,,,,,,,,
1790310111,H3MfB5wk9zks9CV8GTLDALCG3DWGX2CTyMrPeURgAz4z,GF,7iiehNdT1Rp8yjufDNiVrkzrdJutbKWZx9sEUGaDxTmZ,raydium,1790208211,0.0001495,32596.29,149529,149529,37.59,1900.83,94114.39,209441.23,1,1,25,32,838,1079,2230,2314,-5.3,1.17,-34.91,106,0,0,1,1,CPMM,,,,,,,,,,
1790310108,8mqcd11jFaXegrWYQSMQkBMNjo8aXBseKrdQENPGpump,PUMPY,2C22q8wkAqb1Uh5bTmBi7utxh5F7Xgup2iBa2e5K1u14,pumpswap,1790210313,0.000002895,2838.15,2607,2607,0,0,253.93,2962.12,0,0,0,0,2,7,29,83,,,-15.42,-17.74,0,2,1,1,,,,,,,,,,,
1790310109,CvUX4G2tzq7J3ECmNvWZLayZYV6KpgQp6SJ5K8Uvsu5g,parafactual,8VHKSU5pij3V5DVKFQv1WceEzwKeZQpSZiCh9rja2G6N,pumpswap,1790207810,0.0006863,82693.1,646854,646854,2480.82,18137.44,422868.54,1246089.2,5,5,124,204,2332,2633,7343,7716,-3.34,-8.29,23.95,224,0,1,1,1,,,,,,,,,,,
1790310111,J1GRFyyw7AkGMDEqn3YF6A4LE3BQrmzMM1XpnKkTymLC,ELVARG,E18oGSyQRuM37Z6UQDNjA9ntFbjwBU9eqebLKteEAEKs,raydium,1789767445,0.00001197,13331.78,11978,11978,0,0,1089.46,3562.43,0,0,0,0,6,16,46,52,,,-21.88,-22.44,0,1,1,1,CPMM,,,,,,,,,,
1790310106,3tzkdxJ1qVCaPAuWmd8FjRFKUbwMYpLUAq5gg4Vopump,UNTXD,B1zosT5SqjsEGRSU1cGbSVJrkVYL9zzFXDa9cmZWRhZt,pumpswap,1790207523,0.00002206,12777.72,21588,21588,12.11,2844.33,16511.3,164837.76,2,0,28,34,229,242,2491,2216,-4.23,3.67,-50.05,-72.12,0,1,1,1,,,,,,,,,,,
1790310111,J6QTngAJdsRnVy9h3t9BqUxT7Q4EcRv3JjCwb6Cmpump,CHROME,5YwU5AiPcgspZq8tx9oJpmDysszTwmBGnukbQ38m5PTU,pumpswap,1790209046,0.000002285,2466.36,2251,2251,0,0,0,0.42,0,0,0,0,0,0,0,4,,,,3.04,0,1,2,1,,,,,,,,,,,
1790310111,axMyMagH81BMfeDGaii1yZbt2N2QVgSKkZaZ8NCydZH,SOLBROKER,2GozbeCqiV7oqgD5FwcjHCGwhj2v81QBNdz5uDUAkN7R,raydium,1790210950,0.00001031,9350.69,10310,10310,0.11,571.15,2054.34,16827.97,1,0,3,4,32,23,218,271,-0.26,-20.29,-4.85,-65.59,0,0,0,1,CPMM,,,,,,,,,,
1790310110,E2rTYWpcD8MS6Bg36VYuE2CNsRP4ugYQchLxFvY39Cws,Trader,7pZusSzceyWSnCwxRc3Bf4TZvTCfPjAaRcgiPKm2kxjt,pumpswap,1790209917,0.00001522,9949.55,14189,14189,24.45,1068.52,24733.86,280600.75,1,0,31,25,268,235,3000,2469,0.68,-2.97,-63.61,-74.33,0,1,1,1,,,,,,,,,,,
1790310107,7CEBEYQVe3RvapwgS4QttVehqN9C2Hh859ZGbRWduRDm,OAT,9mmbtyUSNyaa34D1gNf58Mw96ZBdBqK1e5HfnPazPvnJ,raydium,1790215884,0.000003820,5721.95,3821,3821,0,21.17,2649.48,36740.58,0,0,0,2,13,34,296,335,,-1.75,-40.74,-59.78,0,0,1,1,CPMM,,,,,,,,,,
1790310107,5v4kteCUTdGhw8yUWEBmq7SrFoyGbPQk1FS3qWawpump,Fomoguy,3m64gKXEeZQ5vbSuhiDHUEhfJtTiFMHPVUZ1TjgiDwcV,pumpswap,1790225150,0.000003497,3320.97,3372,3372,0,0,181.25,64943.22,0,0,0,0,1,8,861,7567,,,-11.56,-92.66,0,0,1,1,,,,,,,,,,,
1790310109,Arjt82Pre54RwdUMfsd9mwpE64Thf1bf3euRinA6pump,ACTSMUSE,AbcPPxWTDwBvWYF4tMyjdawThztikcPzshtZEjeFWMRg,pumpswap,1790217505,0.000002234,2244.08,2157,2157,0,0,0,76.58,0,0,0,0,0,0,1,3,,,,-5.07,0,1,1,1,,,,,,,,,,,
1790310109,9rb2he5QW4ukwGnE6HMCGDxuyfUdkRoWok5VuK4weeun,GrokAI,8NociZX1facrbEVbe35eQShJvzj8myhEqv79U2W6PwwZ,pumpswap,1790217571,0.000003122,3051.99,2938,2938,0,0.04,17.6,336.21,0,0,0,1,0,12,11,88,,-0.67,-2.55,-14.92,0,1,1,1,,,,,,,,,,,
1790310107,7GUnr7krtQhJwd6ASY2VUprd9t4c64zcgCsjdmZepump,NPC,BRjMA8UALNp3diTKHfdeAn5riQrYPoaYez7KhYWD4oEs,pumpswap,1790216955,0.002613,173235.14,2446325,2446325,11790.81,149163.37,2112517.01,4323398.69,43,62,803,764,10422,8338,26965,20935,8.38,24.86,258,353,0,1,1,1,,,,,,,,,,,
1790310109,AHG5JmpeXhbKss3bDzhzA9C7iTkq7CxgeXuYGNtXpump,USDF,EQ48FRqtg8sanJX6E2Xm4bPhrJEswSTzTa2nQxg6aWgG,pumpswap,1790203052,0.000002098,2130.44,2098,2098,0,0,0,1573710.11,0,0,0,0,0,0,23109,3228,,,,-100,0,0,0,1,,,,,,,,,,,
1790310110,Ej6LSbXbuYfaGKF2aZtbxEkr3eWjYu7BrDsHGkEKpump,METHANE,EwPK6YbfLZEp8wJ5iUvgw4SZ1hAd5vYxwZhHgFi58xza,pumpfun,1790220982,0.000004611,,4611.14,4611.14,139.48,150.81,358.63,83205.88,0,1,2,2,2,11,905,761,-6.1,-7.91,-16.19,-85.27,0,0,0,1,,,,,,,,,,,
1790310107,82ezhRLKdKwkSC9jkM3js1yf93VbmvLXNMPkBmompump,SI,3odkxoFB7KvujaRFoLbCQbbZv93R9njJr9KQTH5cKDKT,pumpswap,1790222862,0.0002684,51085.36,262041,262041,867.54,16246.95,163291.34,3176836.28,28,8,345,335,2195,2481,27537,22151,0.58,7.03,9.43,163,0,1,1,1,,,,,,,,,,,
1790310109,B4cqDdBWDf6hgy1rma8u4JpoTnoycDQyg33aR48mfFvE,RUNE,5kCLMA7J61yW48EF1MAp54deaQdMWNTSSzbUf1BEge6G,raydium,1790221874,0.0002647,45843.56,264726,264726,545.5,16706.92,37079.81,753259.82,2,1,63,33,169,152,3527,2356,1.79,57.85,65.43,131,10,1,2,1,CPMM,,,,,,,,,,
1790310111,GAdFNQFpwfrvPfMYP8CPGi3AS1g6XNsqZE99w8CWeAmq,WAGE,EzHmrXzyBahyvyNE77W3ycjCMsUWkpNtJGjnPWNE8HLw,raydium,1790218760,0.00006249,25011.85,61452,61452,0,64.27,1461.27,6007.15,0,0,3,3,34,30,144,108,,-4.17,-13.85,-16.14,10,1,2,1,CPMM,,,,,,,,,,
1790310108,9aUQJCY8dHrW2cdLdnmitHYxGDivw7tEQNSKiVHSEG2s,SI,DLNzP4xCcXw5KfgYkENvBb5Pyi3MybAsdtBwjeLYoZS6,meteora,1790223616,0.0000000006655,1.1,1,1,0,0,0,3353.06,0,0,0,0,0,0,204,175,,,,-100,0,0,0,1,DYN2,,,,,,,,,,
1790310110,FUeN2SdvCxYhgJFQeXuKR9bXNRbXqvGGBkZ3WgekCHqQ,JOSHUA,BBrYAFjFrX4M71ZEjLgu426zyiQmRAqYzBKKfE2dWBQr,pumpswap,1790222893,0.000005671,5493.83,5360,5360,0,0,363.73,134016.49,0,0,1,0,5,13,960,990,,-3.92,-18.88,-92.85,0,0,0,1,,,,,,,,,,,
1790310111,GPARbQxQCWMkfBDUGxdaXMksJ6av9Mmp6sdwizEpe2dd,PENIS,HbiVN9yLACzygJxbDjzo9PQCUiTT8836eKzQ6XefgfN5,meteora,1790223609,0.0000000004013,0.73,,,0,0,0,0.04,0,0,0,0,0,0,0,3,,,,-19.72,0,0,0,1,DYN2,,,,,,,,,,
1790310108,8xkvAYMZGLR8HDXCzCoafo3SLSQaiBd6RGhyE5qUpump,Muse,9HDAP4kCsFEb4Hcq4TLp8RdQqFvUcsWRR5D6zXfwce7g,pumpswap,1790220981,0.000002049,2079.56,2039,2039,0,0,0,86044.52,0,0,0,0,0,0,3299,4924,,,,-99.89,0,0,0,1,,,,,,,,,,,
1790310106,2vb88JnCNRqWi48z5zgDNVzz5mWndnDUjtURipxbRtRY,nocapy,DccxK6BKk2GzRJrAKLtKrFfhYbuANZYJvCNmurjz14MC,pumpfun,1790224568,0.00001145,,11458.71,11458.71,0,21.46,879.31,83269.28,0,0,0,2,17,16,579,845,,-1.03,-14.53,234,0,0,0,1,,,,,,,,,,,
1790310106,3EDzSJKb4aAYYPt3nUHj8SELUMtMBWB8Lvnw2eb8pump,Double,6vRo11Ao6LssoLkJzu56Y4VeXDXY4F59WmH6fRyKhjYD,pumpswap,1790225138,0.00003811,16666.47,37174,37174,0,1207.16,13496.88,165438.12,0,0,7,4,95,68,1080,812,,6.14,15.59,-31.57,0,1,1,1,,,,,,,,,,,
1790310106,4avvsHkpZAfAMmTDRiEHRsuhU4c2oWVgpazYKCykgeHz,MrLeast,6ij8Ne4tiwHdSHzZAwSDkkd89q3b5vj2hAh98eNTj5Zs,pumpswap,1790224608,0.000002756,2787.45,2654,2654,0,1.12,69.39,286400.95,0,0,0,1,0,8,4841,3802,,-1.11,-5.68,-94.17,0,1,1,1,,,,,,,,,,,
1790310111,FdCQhzKRrADd5Ffmu1TPxzbUz9t89HpHm1U7YuTMpump,BROOD,DaJBMxAUfZbAuc7Z3fJmfvEYzrBUo5ocaNUtcB7C9aTX,pumpswap,1790225561,0.000006274,5545.15,4982,4982,0,27.13,2868.64,1075565.49,0,0,0,5,47,59,9501,8089,,-1.94,11.53,-86.73,0,1,1,1,,,,,,,,,,,
1790310112,pH484pvVHtVuDnJRpdU8GM3ymfEPZUJfNkhJjFhpump,Beast,5Fp6QTGj2BxYH36531zDri3NoefuDMAr3QrAm7ygDEUr,pumpswap,1790225110,0.000002148,2174.13,2138,2138,0,49.08,49.08,161200.07,0,0,1,0,1,0,22360,10583,,5.17,5.17,-95.5,0,0,0,1,,,,,,,,,,,
1790310111,QJEtbXB6eVGfqJWyPWHciqw5LFd7pqXGPKgCvWxpump,UDR,5KQeepGMtWFzcCJCP6AAU9VcyfqCyocPXq3rqRJDvdaa,pumpswap,1790225121,0.000002040,2055.49,2040,2040,0,0,0,224265.42,0,0,0,0,0,0,1631,618,,,,-95.72,0,0,0,1,,,,,,,,,,,
1790310112,z4bzzjcX6yCJH17Xj71brWmakLyQChedL1Pvoa3BrK4,INUPCS,6eYsnTdU9wTwVFisKxz1uGqEAQeVHifjWZeR6F5K2N9K,meteoradbc,1790225109,0.00005112,,51126.97,51126.97,0,0,0,6969.8,0,0,0,0,0,0,153,189,,,,269,0,0,0,1,,,,,,,,,,,
1790310109,BDKC1AV3saXrN8jKnWB2TTQmDD6z8CFdY55ku7eAfunk,FUNKOS,Hhe2TY1dGPr7SdMJC2hTACq7dTxfr5f6BF3n2nWwkoce,pumpswap,1790225555,0.00009403,29609.11,90650,90650,432.83,8232.84,47642.06,3033467.59,11,2,97,79,526,497,24454,21559,7.77,33.77,65.04,95.74,0,1,1,1,,,,,,,,,,,
1790310109,AirBM2cu9ECXxZFPMaT1KTad8GnZPYYnuuNon5udpump,MrPedo,796uXjsGQ8yNBkB3KvZxM5hMx4Du24nsNv1BLoPeSzZf,pumpswap,1790223786,0.000004995,4625.4,4876,4876,0,77.88,1776.05,792443.36,0,0,0,9,31,49,10376,9752,,-4.75,-21.52,-89.13,0,0,0,1,,,,,,,,,,,
1790310111,Q8FQ3nNzL2uFKVaJFJTJYBFWqb2Fi31p9VWrrutpump,BMW,7Tc7ezBUNFbtPpJSR9UfGtVjz9vnqZ6UrCkejk1atB1u,pumpswap,1790224806,0.000002083,2106.58,2070,2070,0,0,0,113815.14,0,0,0,0,0,0,8756,4879,,,,-95.64,0,0,0,1,,,,,,,,,,,
1790310110,FKhivsstimUPv5JADynbb8PiNYHVgst5dS8CWqdhpump,CATO,BWRAnxVKvm9Hke3U2CxpEHsHoYmqy4RLsaidf8P1ar2P,pumpswap,1790227978,0.000002207,2252.67,2127,2127,0,0,0,184815.09,0,0,0,0,0,0,6514,4847,,,,-95.45,0,1,1,1,,,,,,,,,,,
1790310110,DUVvyz6wAis45G6YMfK1LcFbE5e4R7wkR4siJZ6fSvDH,Orang,8dKHdHsTJM3XrVkuni9hf5XNF27rq5vZZyTNm1TghWFM,pumpswap,1790230503,0.000003357,3364.71,3230,3230,0,115.05,241.13,174602.6,0,0,0,3,0,8,2091,1810,,-6.95,-11.23,-93.78,0,0,1,1,,,,,,,,,,,
1790310111,Ga2mC8UReqPTJdyGUAMeHxkKuQxQx4D29HENNVhm6qAz,SIDELINED,G7nqxTtt2ioQn73UtP7LiZSaWdBgjkoA4ePV7UR2W818,raydium,1790230004,0.000003903,5751.66,3903,3903,104.2,136.79,566.36,242882.49,0,1,2,3,10,22,2621,2272,-6.92,-7.48,-12.54,-91.81,0,0,1,1,CPMM,,,,,,,,,,
1790310107,7PHFykj3zD4Cy1gerCdU9L44m12jUV6Dc57aCaeApump,GOODS,FuoAdKjc1B2XeL6uKkXfeiyGTKuRgjtA4NtAkzhgnqu6,pumpswap,1790230942,0.000007165,5956.14,6899,6899,0,228.37,2153.8,786343.59,0,0,10,11,50,65,9378,7956,,6.12,-16.55,-84.86,0,1,1,1,,,,,,,,,,,
1790310109,AvEygAtPanVzKjXAfkZvmArkKmDoGvuWyLZ31zTfpump,Gemini,8BMKVtMA9ntbsJWWiYE6ABCGvuFnNrhmeBg5p3JgorHh,pumpswap,1790230879,0.000002099,2126.52,2078,2078,0,1.12,1.12,44867.41,0,0,0,1,0,1,2195,537,,0.12,0.12,-95.61,0,0,0,1,,,,,,,,,,,
1790310109,A8otEGnvKPsx4BNx9CXqPvTyxfTnE74f3ET1A6jdodED,NPC,8VNxfMxWTQssJqZE3HS41FddeU3CWPojSnguTCd6QXKa,meteoradbc,1790230425,0.00005683,,56837.64,56837.64,0,0,0,34845.64,0,0,0,0,0,0,1446,1461,,,,33.71,0,0,0,1,,,,,,,,,,,
1790310106,3ADALvHeDsVSmSGVjy7cGj4zYAh37r59wMpGvnQuC5YM,BROOD,bCnfgfx2SG8vNeKvqK9vT62AoE5aMvANb2FJ6fy7rCu,meteoradbc,1790230898,0.00005515,,55159.72,55159.72,0,0,0,4113.36,0,0,0,0,0,0,97,120,,,,282,0,0,0,1,,,,,,,,,,,
1790310106,3Wym8kq2LCg4HuS5Squ7iEFzJGm5H4xibBPU6d23cuJk,SI,6XNJ3B7qnyy3dtkZvxzEipdvyH2YWrDMmUCabZ3ADYPU,meteoradbc,1790230838,0.00004447,,44474.22,44474.22,0,0,0,12106.12,0,0,0,0,0,0,212,238,,,,181,0,0,0,1,,,,,,,,,,,
1790310107,8HmK2961xc821UuHd8oZy6dHHUxxK4Kavo8V9cQf68z6,SLOP,GTKdDojHmYoebS31prwgSXRT84JLjQS8E5kAxnahp9Fg,meteoradbc,1790230908,0.00005147,,51473.76,51473.76,0,0,0,13003.71,0,0,0,0,0,0,179,279,,,,278,0,0,0,1,,,,,,,,,,,
1790310107,7szKRHvGoGAJkGEXA6SQ2sxqfhy6i7zHLVPwNtA7Hswu,pBTC,ELg4YbKcXG2Qqiquvx1PQkC4n3m7rXJnmu2Gy1N6k4HY,meteoradbc,1790230938,0.00004655,,46553.39,46553.39,0,0,0,4711.1,0,0,0,0,0,0,79,126,,,,131,0,0,0,1,,,,,,,,,,,
1790310106,3MvWUZoP4XWPPYmFykSm5e73iXvFkXJuTRFvuzpQpump,QUANTA,9rm1CCukwaG86NyqpqjYK8Xmora1TmWXUqKgzk5iok3a,pumpswap,1790230308,0.000002069,2092.12,2070,2070,0,0,0,110773.84,0,0,0,0,0,0,6650,8374,,,,-95.67,0,0,0,1,,,,,,,,,,,
1790310106,2r1QzuF3qG3Xq5NTNYG5XkPTsbUF3zWrdTs2JvGHpump,OTC,C3UvH3qX9x54cTgb95YNBt2gksX3t8jBF69MGD4tXGSs,pumpswap,1790232241,0.000005207,4818.53,5033,5033,17.58,49.81,1092.63,823720.35,0,2,4,4,23,36,9422,7423,-1.68,-0.25,0.38,-89.08,0,0,2,1,,,,,,,,,,,
1790310111,GCdiWuRagkHuD3edSkc6GPzg3q42ojU2wZBQSbtoZHPq,helmet,CRayVNuqCzeM3rGN5zEgmadUxMDQF1QB2D7D2nBbqA32,pumpswap,1790231812,0.000003534,3389.84,3385,3385,0,1.95,89.07,223955.09,0,0,0,2,2,7,3072,2877,,-1.93,3.06,-92.6,0,0,1,1,,,,,,,,,,,
1790310107,7GCXWPCKksGRbtqGXXQP6hzmsivUwa6DYgrxWayn6pWE,MOONCATS,ACkzsk4vtN5Wtw21o3RYLAMghqP2icnakivxz8uTavv6,meteoradbc,1790232500,0.00008957,,89575.8,89575.8,0,0,0,5648.43,0,0,0,0,0,0,109,137,,,,52.98,0,0,0,1,,,,,,,,,,,
1790310111,GLsKZtqBcRHRP9yec59x5e6u3c3b6BeS7d6MiR53skR2,helmet,A4DJWuTQNtnG58EAWu2mEkGj9fbU1ivpKQecUiWoWMQV,meteoradbc,1790232366,0.00005710,,57105.45,57105.45,0,0,0,7784.77,0,0,0,0,0,0,334,291,,,,34.92,0,0,0,1,,,,,,,,,,,
1790310110,Dfg7P2skxX17dEAsQCJ24Pjj3Bk8jd2NFLHiMNcC2HUV,helmet,gLHHLmBKTXoLCAp56jeTxWMUNMzSY1AkteoNH1Bji7B,meteoradbc,1790232512,0.00005682,,56823.84,56823.84,0,0,0,6652.3,0,0,0,0,0,0,265,236,,,,34.38,0,0,0,1,,,,,,,,,,,
1790310111,GmRb3K45bfzzd1VgfMTxHr1TZwcVS8tEnBAe1aaEFYJB,PENIS42069,BeLw8RoSEMnTRLSuG3n1wCq5SAVgwx6xVAfUucyBRrQx,meteoradbc,1790232513,0.00003597,,35976.64,35976.64,0,0,0,15153.33,0,0,0,0,0,0,315,384,,,,140,0,0,0,1,,,,,,,,,,,
1790310109,9rHbsB8jefY8SHWSAXCLU5VUYBxHZ6QKSiSyvAHCW8CH,XBUBU,2MGMunKUmasbST3hzF5vH1ZJSqJ3tqYGj11vpfiiC5qD,meteoradbc,1790232493,0.00005547,,55479.67,55479.67,0,0,0,14315.69,0,0,0,0,0,0,356,419,,,,301,0,0,0,1,,,,,,,,,,,
1790310110,DmvjByc1BaV849U3Yv7GQPk7h4kKWsFzFi3ACKnQpump,VWA,ET36WCS8XNEjQkUHdRFhKVe33REX8g133G2xoX9jaWHB,pumpswap,1790232540,0.000002233,2255,2233,2233,0,0,0,561302.85,0,0,0,0,0,0,22474,1787,,,,-95.32,0,0,0,1,,,,,,,,,,,
1790310109,A5bAUNKij8u7f3Dg3PuNyuMYcBRXELUm67G7qsrMpump,SI,Bcx1RbVNGuCtRE7b6M8gLe6dE7mxDRFW4BAW4AumqC1,pumpswap,1790232064,0.000002061,2083.43,2061,2061,0,0,0,114474.9,0,0,0,0,0,0,6320,8050,,,,-95.69,0,0,0,1,,,,,,,,,,,
1790310107,6kZDug8bEaMz23GJUxfsgHdKAbTa4zEDqSLKdgFPpump,NVIDIA,Cdhg2JrMW3VTNmYFbcjwDP62U2u8S7o1GGMKCBCjMRtw,pumpswap,1790231072,0.000002037,2061.3,2028,2028,0,0,0,124434.06,0,0,0,0,0,0,11367,15457,,,,-95.74,0,0,0,1,,,,,,,,,,,
1790310111,Ufwjn7mtvgUfRG4nMSxRS84ewXHzdHLJRGzMDBMpump,USDF,6vaH23uiJfqzxGFQYT5hcEE1mSyog8Y4CoLVUNnBjR17,pumpswap,1790232045,0.000002526,2544.37,2527,2527,0,2194133.74,2460944.83,7033532.63,0,0,701,3011,18107,3356,104905,7032,,-100,-100,-94.71,0,0,0,1,,,,,,,,,,,
1790310111,GDsVukNDGukURCAo2pnqXtJwkRyGaHZHEtuk1N1pump,ACRE,CTcakS3g1B16gY46hW9rfswtcguQhguEoC85MgMjQ4bF,pumpswap,1790243338,0.000002792,2743.84,2661,2661,0,0,0,59720.16,0,0,0,0,0,0,287,518,,,,-94.06,0,1,1,1,,1790310186,0,0,0,0,0,0,211,294,100.0
1790310109,9ni8ZTUidhLWyRF1Uch8BAEEVETMZxtcdupSGim4Mcrj,AH,FRAWy57fh5Wj8FLT3Y44112KY4CjpfDV6Etx6oLKC7D8,raydium,1790077244,0.00001584,9746.48,15843,15843,0,1901.8,3616.3,17209.56,0,0,21,11,41,30,198,147,,-45.43,-59.37,-67.39,0,4,1,1,CPMM,1790310186,0,1,10,21,23,38,84,98,
1790310107,7jMAxNVduVyvhh3rvunfGAhH6u46Z2qopqH9vB4hpump,INFUSION,9v7mg2pqnxW2g7vvWFkadjjuEE5zrYeo1eyxNMLMz3Sd,pumpswap,1790236944,0.000006886,5668.72,6661,6661,0,28.9,1097.39,401900.99,0,0,0,2,17,36,5234,4476,,-2.2,-26.91,-85.3,0,1,1,1,,1790310186,0,0,1,2,15,36,2202,2205,100.0
1790310111,HwzAVWkB3oTuRBjkV2LTuHAZY8oFjc377qdfxKHcpump,miao,2xRm77JSzuncvYSimJU91WSRXg97fkK5AaWVqrj9Jbjv,pumpswap,1790238067,0.000002126,2129.06,2055,2055,0,0,0,16986.42,0,0,0,0,0,0,125,255,,,,-95.83,0,0,0,1,,1790310186,0,0,0,0,0,0,75,104,100.0
1790310107,7fSd7XTvSbAFKjGVNPMYF3Tovq3mww9HPqsrpStKy7Tp,Elephant,6dTzKUwpap7MEjZEkTPC6kmdDm3aToZZvhYXwGMunomT,meteoradbc,1790237984,0.00005127,,51274.09,51274.09,0,0,0,11037.35,0,0,0,0,0,0,405,406,,,,270,0,0,0,1,,1790310186,0,0,0,0,0,0,168,156,
1790310110,EQc2VgWRCXqR7YGcYHFfSVp2iY1QBitriuBicdjDTaNd,Tesla AI,GujAWg8NYpL3g4JY6TMW4KzkywRaHr1vccKQJmddp4EU,meteoradbc,1790237977,0.00004270,,42702.78,42702.78,0,0,0,11706.21,0,0,0,0,0,0,204,201,,,,170,0,0,0,1,,1790310186,0,0,0,0,0,0,119,114,100.0
1790310111,Fdo3aHX8M4e5xEQt8kbrTUEDAkLgpn7cL9H3FGPvDLKC,DESKS,7963eVRFAdar2ShfXcBFJt1LEPNCZwnHHck1js71LQuf,meteoradbc,1790238007,0.00005188,,51889.87,51889.87,0,0,0,11839.87,0,0,0,0,0,0,279,364,,,,256,0,0,0,1,,1790310186,0,0,0,0,0,0,162,158,
1790310106,3o4VtGUBx6DzZaj7xUqgvwaNATBjb1dAxMwM7ZGBPt6K,Tesla AI,3nZ3pmjHcjd7g7qyQyBSVCg1wMJok89sdGSvPD1xaRB8,meteoradbc,1790237833,0.00003312,,33125.47,33125.47,0,0,0,21263.48,0,0,0,0,0,0,362,385,,,,109,0,0,0,1,,1790310186,0,0,0,0,0,0,145,144,
1790310110,FMKsTgmQxYhpmF21XRbXk3sk5XaATuyEkHtzp3vwpump,GTA IV,AfizRutUXw9SdepfDLaXx8Thxek5Vh77LmRTQSw4iA3q,pumpswap,1790237693,0.000002038,2068.51,2033,2033,0,0,0,150686.05,0,0,0,0,0,0,9452,10607,,,,-95.75,0,0,0,1,,1790310186,0,0,0,0,0,0,2967,3098,100.0
1790310107,7v8wLGseutfAeYdT56LXjZskF5Ah64sgvCYN9ugDpump,Hermès,Ez4f84q6jX6S47x9ZbRdhzL7uff1yMEfZUN9LsupxSsL,pumpswap,1790237731,0.000002302,2338.94,2294,2294,0,0,0,225386.07,0,0,0,0,0,0,19063,17382,,,,-95.19,0,0,0,1,,,,,,,,,,,
1790310107,7uMUGDr8Kwj8hb68cDFMkmpCvMVejA3VtWDKJJ9Vpump,TikTok,BjE5MRNsYsfYrvG4BNQwd8zBtJ4yizX1ud6qcDxQWV1u,pumpswap,1790237248,0.000002037,2060.52,2027,2027,0,0,0,110828.74,0,0,0,0,0,0,9426,9123,,,,-95.76,0,0,0,1,,,,,,,,,,,
1790310109,A6i4GPVneLUKV5b35QGLPetYfdzWKJ1MYtRGmYyspump,Muse AI,GEoH65VN61opsgeEhM2c2STuiXbhAStAa3ds2Nx7NtMF,pumpswap,1790237376,0.000002140,2170.41,2130,2130,0,0,0,162090.52,0,0,0,0,0,0,14271,19087,,,,-95.54,0,0,0,1,,,,,,,,,,,
1790310109,Az9eyxEaiZD9AX4j5nP19Cm79eyfNriTuddMSQmLNEBm,CADD,3AfrTUBKBytUYnWNCvuoZ58U1EF1mzuVneLfGJaWNneA,orca,1790174281,0.7104,87053.42,56127,56127,0,0,7.1,42.95,0,0,0,0,0,1,1,2,,,-0.08,,0,0,0,1,wp,,,,,,,,,,
1790310112,yFcTuQJCMsd1Asya15GZ7h4KGdxsujRLcUiTWWXpump,SDOG,CBnBZf7o1hZ2eAiqyCSVKTXrbNF8BLkuNeX65mPpd41C,pumpswap,1790239191,0.0001462,34146.49,139445,139445,2234.1,15608.34,64857.83,766728.34,41,94,144,238,844,1205,8047,7608,17.67,81.61,-16.63,212,0,0,2,1,,1790310186,6,24,120,107,551,523,3419,3232,100.0
1790310110,E6asf2mRk7xbQSH816d1m1MAph7ZYFxn5jYCMtcKpump,SIDEHOE,GdWPzVtNJwvcATsQyF8e9TXHFRZe9LU1y2KmZRkhjCPD,pumpswap,1790238314,0.000003284,3222.6,3183,3183,0,18.78,61.02,271722.77,0,0,0,1,1,4,5494,2892,,-2.3,-1,-93.11,0,0,1,1,,1790310186,0,0,0,1,1,4,1392,1394,100.0
1790310109,Ag6Wj8ZWdAc8DjLvN7Wefo1AAVYZUVRMBB1izzbbouEQ,MONADSPIK,AjZ3vmHvTRrVqgPb8S364E8vqLJw4hfSsf8B7stAuzBL,meteoradbc,1790239114,0.00005613,,56130.7,56130.7,0,0,0,5491.43,0,0,0,0,0,0,114,147,,,,222,0,0,0,1,,1790310186,0,0,0,0,0,0,96,113,
1790310111,H65RGwGrruzzpzBNgkrkynzMBFCkaKdPxRAA5Qxdpump,Nike,C6K9HTw2huxk9Y8CxXwij1xWL7c5FdhxW2rRxkE3ZLsb,pumpswap,1790238378,0.000002008,2029.6,2001,2001,0,0,0,127350.02,0,0,0,0,0,0,8864,10083,,,,-95.79,0,0,0,1,,1790310186,0,0,0,0,0,0,2921,3102,100.0
1790310109,9sX2oUuspK3wHV3m4hAFPMCsegZy2jimYpLPXVCcFuZv,PINF,Giv4xZAmsnpSBxrJzCDtgKVFAnAu7TUz9oYKHiuQHqL1,meteoradbc,1790246753,0.00005206,,52061.03,52061.03,0,0,0,11724.44,0,0,0,0,0,0,257,346,,,,260,0,0,0,1,,1790310186,0,0,0,0,0,0,145,142,
1790310109,D1UEDuLUj2WuR5Yv27U7Hx5EFVZ2gMQVhpaqu9YWpump,MIRROR,B7iuhT5x5eU7JJjpDBzG2wZJEyJ5XUXWZ6ACSJTW6Z7P,pumpswap,1790246714,0.000002530,2799.86,2452,2452,0,0,6.04,742712.47,0,0,0,0,1,1,5977,4885,,,0.52,-94.66,0,0,0,1,,1790310186,0,0,0,0,1,1,566,554,100.0
1790310107,68hmMLubTJsZfhBaBMMajPrU84xpxViGoY2eG87Vpump,Spider-Man,DWL2buRGsr5LXQ4hb5h3TWJzwqTjhYvMbHopz9cGNtdN,pumpswap,1790246765,0.000002053,2068.5,2053,2053,0,0,0,74160.55,0,0,0,0,0,0,3178,5516,,,,-95.64,0,0,0,1,,1790310186,0,0,0,0,0,0,2261,3097,100.0
1790310110,EfFWNg8vhConQ4nH6Up1ZpvVCUBAyLpRABVJxVjwdgkX,AURABYTES,4KdXAZukkHYqSRNe1AunP7RupP6sG1gvzWmqcG8YLVKB,meteoradbc,1790246708,0.00003161,,31610.81,31610.81,0,0,0,6322.08,0,0,0,0,0,0,159,197,,,,82.79,0,0,0,1,,1790310186,0,0,0,0,0,0,116,125,
1790310110,FFDCa6WS6VMFa81HSD7cVmLo1hziwZKffPRDBjuapump,FUND,5LQZE8UUQGZbb1UjMMfctuhf9a9EBYS5ZAhzTa7eYCcx,pumpswap,1790252547,0.000002514,2497.63,2336,2336,0,0,0,61268.63,0,0,0,0,0,0,905,794,,,,-94.67,0,1,1,1,,1790310186,0,0,0,0,0,0,444,510,100.0
1790310110,EFW3VwqYPzoc58reVMy2GxEjv78xQ765pQy1JMdBVoB9,PROM,GCdb9dLYKoAzzTWkzDqvaTcevEgAz4AuivvRBD7FbnhE,pumpswap,1790252269,0.00003551,16850.19,34768,34768,89.35,1780.24,25324.55,1869475.85,2,4,38,50,454,372,20243,16970,0.52,-1.41,-11.26,-23.91,0,1,1,1,,1790310186,3,1,33,44,218,253,6391,5923,100.0
1790310109,BszGuLK9RLJ7YHgia55kwcWAuTodx1AwGFLGUcDoxRCK,ape,9TMq92WdTNsJ8oa3ZyiYBsehN41n6b4NadCg3vgrwZ5r,raydium,1790250999,0.000002675,4916.7,2675,2675,0,0,85.7,124339.73,0,0,0,0,2,1,1735,1351,,,-4.41,-94.26,0,1,1,1,CPMM,1790310186,0,0,0,0,3,2,858,729,100.0
1790310111,FpHva8LfsHsCMhcyXXUPTyoiUZmSPpscypM11W7vquh7,CAMPFIRE,ABoaQ5LNzP4w2vVg6c1xthhfe4LsLgKaxy27hH9JHmsV,meteoradbc,1790252502,0.00003175,,31758.37,31758.37,0,0,0,8074.25,0,0,0,0,0,0,210,278,,,,132,0,0,0,1,,1790310186,0,0,0,0,0,0,131,154,
1790310107,6d3kzA7LJ9kxYNWGkaqxKD93B77FTEebTUcMZhEbbtnx,PROM,AqJgJTz7p25CEPPaSmC6abCZ4VjZJ5RJydGqizm2MSAh,meteoradbc,1790252568,0.00003331,,33315.76,33315.76,0,0,0,9858.02,0,0,0,0,0,0,289,346,,,,121,0,0,0,1,,1790310186,0,0,0,0,0,0,166,177,
1790310106,3cFqm75R9izaaaDHL3qARSTW9E3b2xYniQ1AZ2ampump,C@T,Fq843hXGsSwWJkNGYiuDaBYoAdKnBP5HpfVmmnt1Aj1X,pumpswap,1790252283,0.000002161,2252.46,2131,2131,0,0,0,348203.03,0,0,0,0,0,0,5526,4131,,,,-97.37,0,1,2,1,,1790310186,0,0,0,0,0,0,3647,3636,100.0
1790310108,9bvapF8f5bn4xPAdkPATEm72vcQr47r5QiyKvCLcpump,COMPUTER,B6D52zrPiDhZUnhYu5AWv4vB8iWMRYuJTNZWTHi2BB7E,pumpswap,1790252335,0.000002019,2035.98,2015,2015,0,0,0,87218.45,0,0,0,0,0,0,2645,5084,,,,-95.72,0,0,0,1,,1790310186,0,0,0,0,0,0,2111,3091,100.0
1790310109,C8B4hzngbAb2kyM36M4F865tjQUsC57CHV4cHTXLpump,Meta,5kmJkieZgN5fqb6yQbneFwHSqZDJ12AYQeGFyU8AeGGD,pumpswap,1790252526,0.000002172,2198.06,2173,2173,0,0,0,46936.81,0,0,0,0,0,0,2154,333,,,,-95.4,0,0,0,1,,1790310186,0,0,0,0,0,0,2050,326,100.0
1790310110,DY468VySeu6zgnjSEMLLQfrrFShtgHUA9NrrJ59zcUE1,SPEED,CjdRXnpWXYkXWzWLFRBmhJqK8i1t83sYj6hLkkCy2RxP,raydium,1790263687,0.0004629,92229.05,462974,462974,0,0,0,2563.83,0,0,0,0,0,0,39,24,,,,1.84,0,0,0,1,CPMM,1790310174,0,0,0,0,0,0,24,20,0.00000000159515806805699
1790310109,9kp2SNP17fuiAFdP7aEnFNH5LnrVR8yy4outinyypump,CELEDUO,9fqqZQeAiVQYJHHARm8m1pdVX6zxcDwpixKW9fevn12Y,pumpfun,1790266246,0.00004773,,47731.95,47731.95,0,0,0,9875.07,0,0,0,0,0,0,6,0,,,,1358,0,1,1,1,,1790310174,0,0,0,0,0,0,6,0,
1790310106,4aN426Gw1h2Kn5GFnJ62Fr43MjNY9TD8JH5dj96Wpump,OFFBOARD,9jxxiMJMhKvFw7EHMphcumXafubhbBy92e6j4uq19yE5,pumpswap,1790265299,0.000002302,2408.37,2272,2272,0,0,0,410547.57,0,0,0,0,0,0,7820,6782,,,,-97.26,0,1,1,1,,1790310174,0,0,0,0,0,0,6342,6319,100.0
1790310107,6XhzSy3VTTkwqMUSQsStM3ncGy6ozcPnzLVmv4HZ64cC,STONKINU,98T82C2aQXYBG72NfpWbtssV21J1VvxTE2fM7ixyyNmf,raydium,1790235988,0.0001865,37210.15,186565,186565,5.86,12218.16,17033.86,365059.18,1,0,140,30,159,63,1299,1002,0.06,-21.81,-36.77,291,0,0,1,1,CPMM,1790310174,2,2,25,60,39,74,368,603,100.0
1790310107,6f1zVLoGUwWn4Yj6a9MqNkeQC6DaGiGii3rNnnUApump,CYBER,HbA3dyjYy4cNogbyTAYpgHRmxgAkRWGesuuBAduNNZa8,pumpfun,1790264918,0.00001161,,11614.88,11614.88,44.13,2166.15,11751.92,179208.96,1,0,35,21,158,131,2364,1838,1.35,-17,-30.14,236,0,1,1,1,,1790310174,1,0,29,21,101,99,1166,1051,100.0
1790310109,A8nBnsmsAu545yQEEh9CmStmNXa51xA7Zwmu4urmXokN,YCAT,DPNk4oGMs6sJTjCdfMY5QUNiM741HqzoekmyZauZegSp,raydium,1790265108,0.000004333,6149.27,4333,4333,0,18.41,1674.35,267067.43,0,0,0,2,12,36,2856,2592,,-1.22,-41.52,-90.94,0,1,1,1,CPMM,1790310174,0,0,2,0,34,12,1426,1350,100.0
1790310106,3SCi94ePA14dVj8XvM3jAFWPmCWs3p9zEsXRgdELPXfY,WEED,3ap1faXAkBzHZYVbG4u5MNWWHvXTxgRj5z713gEgLB3T,raydium,1790234775,0.0001394,37283.15,139405,139405,0,3759.15,33539.91,133858.79,0,0,17,20,253,131,1098,652,,1.23,-17.55,131,0,0,1,1,CPMM,1790310174,0,0,12,20,133,73,463,289,
1790310109,BewoWqr56gfPQXzWiMUSCVY4fJbthPZrdj17L3qCXEmg,HI,Dd6qGG7ZHSk2npp1B8XGNQCUT8Wi11yPN2CH3MpKaxkc,pumpswap,1790265948,0.000004003,3811.03,3892,3892,0,3305.93,3850.68,383921.75,0,0,8,10,16,51,5141,4369,,0.78,-20,-91.63,0,0,1,1,,1790310174,0,0,8,8,13,47,2067,2063,100.0
1790310109,A4nT9WTd3jJkDhCKJU7E4TF75dFohE81mMYDEP38YfoF,Museify,3kiaoztZVb6NBQRvUpQWsA5xu4cu2ftMa7SHtsofKVY9,raydium,1790218556,0.0002260,46848.41,226002,226002,156.71,17346.62,455856.93,809657.21,3,2,138,81,2038,1467,4189,3228,0.27,-20.17,147,487,0,1,1,1,CPMM,1790310174,2,1,84,64,947,756,1683,1469,100.0
1790310108,9GgNC3RY89AD6GA2b2CPgNGtp7vP8ejyLEjqWB6VL6Qh,STRAY,CAhHJsDDfwv5knojg51AmCSzQG2V9hefWJMj5r6M11yu,raydium,1790264414,0.00005912,19629.77,59121,59121,0.1,3894.55,9861.69,142157.61,0,1,23,18,94,86,999,806,0.77,41.48,38.35,15.54,0,1,1,1,CPMM,1790310174,0,2,17,11,63,54,532,440,
1790310106,2PT3ZosbbwwtfzrbawaXoUmG642axAiVCL4yeN5Fpump,pmiliars,A5N2aowUzTKHL1mVwZvA2ga7HbhtDVEdT1CEg9CyrgWb,pumpfun,1790264870,0.00004773,,47731.95,47731.95,0,0,0,9875.07,0,0,0,0,0,0,6,0,,,,1360,0,1,0,1,,1790310174,0,0,0,0,0,0,6,0,
1790310107,7HhhNkqQkG4vj4tdVNTFUtqHBFZeLJWugaxtwccMxSwd,PUPTOBER,7NyczcJGeA2xW88jzjQMYER2ipkKEybgSM7bVHa5vbaJ,meteoradbc,1790266801,0.00004631,,46318.33,46318.33,0,0,0,15492.2,0,0,0,0,0,0,390,484,,,,188,0,0,0,1,,1790310174,0,0,0,0,0,0,148,128,
1790310109,BcAVkaWKrqVEfyYKy9ohNMGFc3Zw7RuCm9GBBNeRa4N1,MASO,4ZaEYxQa2bLkxWtu8cdJxDcLknaTAPtrQMdBWF6cF43p,meteoradbc,1790266701,0.00004387,,43876.39,43876.39,0,0,0,5087.39,0,0,0,0,0,0,185,214,,,,186,0,0,0,1,,1790310174,0,0,0,0,0,0,121,120,
1790310106,4pBpAeNKP3pwYjNbFDCC3QypG1WB6pM9s6ByHzYFAgwY,Goomba,3kQvHeMpZHw49DJafRqK5A9gcXA5wCR462W12Tjdt641,pumpswap,1790267313,0.000003605,3433.93,3417,3417,0,452.75,12242.64,243813.38,0,0,0,4,86,142,2963,2942,,-26.76,-75.5,-92.54,0,0,0,1,,1790310174,0,0,0,4,65,111,1462,1732,100.0
1790310111,FyUKNr9aUFW9ZReKtqLAZNkdrsJScpFi5CPvhm4d333C,PRD,91ERiNyXkzWRJ6bk757e3a4KNSVMemWFb5sWRH2MXeNQ,meteoradbc,1790266801,0.00004667,,46679.39,46679.39,0,0,0,12527.83,0,0,0,0,0,0,424,436,,,,200,0,0,0,1,,1790310174,0,0,0,0,0,0,186,178,
1790310106,2DznHsR5j6XHARnTVGubwAXxfmF9aQ8Pwwu3TN7ppump,AROS,2d77EYAt6WeCNwsjEior7N91mw1uj7tayXtVMub7mXcQ,pumpswap,1790254944,0.4169,1849612.24,416976766,416976766,1702.77,22598.58,136012.48,1024802.63,107,23,1432,305,8560,1859,22804,5554,0.07,2.88,21.36,881786,0,0,0,1,,1790310186,72,15,1033,227,2608,794,2665,1770,100.0
1790310110,EeGLNoEApbPmuyzbgMVifs4WYAKB9WLa5f5ar67Npump,TRUMP,9AbZ9CSysJfF9wERoNyiseGmED7LVZ4421WRyXwizd7q,pumpswap,1790266231,0.000002080,2111.74,2072,2072,0,0,0,293075.57,0,0,0,0,0,0,46591,26279,,,,-95.69,0,0,0,1,,1790310186,0,0,0,0,0,0,2561,2551,100.0
1790310107,6ke5nJemzDtHqSY4hE1jhhp5qcKr9vbJJF6Zpi8Fpump,ROOM,EaPmVHtFQ4VMNbvaiE6wsK9vvXnGzHfAxZaCs34FHv7B,pumpswap,1790264851,0.000002086,2108.93,2076,2076,0,0,0,224419.69,0,0,0,0,0,0,15950,17018,,,,-95.68,0,0,0,1,,1790310186,0,0,0,0,0,0,483,2380,100.0
1790310109,CoVq2NkiG1WWydA35cnvdoqge9FLBm9Stf5GUb7zpump,Nike,FrDpoiiR9GYptza169x1EsgJiourqXNoSH5Uo1G7Z3c7,pumpswap,1790265519,0.000002107,2126.06,2097,2097,0,0,0,151983.52,0,0,0,0,0,0,12216,19723,,,,-95.64,0,0,0,1,,1790310186,0,0,0,0,0,0,408,2399,100.0
1790310110,D9U424Wi8QQJukgppJqJ8FybbgJnvzaS1GzTH2BHWGLT,HYPE,toCKvFnJJYs1h8ranYMJSTApr3oyWcpwHwfzR5Qziar,raydium,1790029238,93.37,1960497410.63,1960778610,1960778610,0,0.55,56999.88,174108.09,0,0,2,2,12,12,40,40,,,,,0,0,0,1,CLMM,1790310186,0,0,2,2,3,3,6,6,0.0
1790310108,9NnvxfavSswySguwuQ4Pa2wVZxM58x24rCXMb8rKpump,SuperBowl,7LgDUm7jmZ2TQc7GBzVuGSBPscWGtph4sQXrKZZ22ztg,pumpswap,1790275414,0.00005608,19821.91,53933,53933,0,0.93,1078.79,260088.35,0,0,0,1,15,20,721,1012,,,9.85,16.36,30,1,1,1,,1790310174,0,0,0,1,11,19,531,438,100.0
1790310107,5WpdKV43mFmVQgy6KhgqmU1N4xtLE4rAFtnsTf8rApwd,ZOP,DUV3nWn9ykL72GV1B7uV38bpGiCoeAJvL8RmExBQ1tCv,raydium,1790275243,0.0001984,43586.64,198453,198453,3502.47,12630.41,180479.86,1192863.9,30,13,106,64,1162,820,9262,7496,13.81,84.35,314,312,0,1,1,1,CPMM,1790310174,8,6,77,54,498,466,3617,3202,99.9999999976154
1790310107,7YQGD6vjEHgSUT5tkHuaCu5TgHc6NMwjxXrhKkYHpump,capcheck,GZvYTwbiae6hVPcwaeiJfQjkj74sKrkHLTw7wTZGEHYs,pumpswap,1790274845,0.000004147,3819.56,3888,3888,7.07,371.14,17990.48,247014.25,0,1,5,15,228,265,3504,3100,-3.1,-6.07,-83.79,-91.43,0,1,1,1,,1790310174,0,1,3,14,127,170,1565,1703,100.0
1790310112,qe5iaQ3GkKa1T11XvFirmyZZ7vy7uYZX994UhwVpump,JEANINU,C3sJPraWPRGcY6nRKsNn5Wpy8YSBiwjVurMrhCBcpZ5x,pumpswap,1790271614,0.00004302,17452.51,42156,42156,96.88,1312.98,8000.18,515104.67,0,4,11,35,181,298,1711,2145,-1.65,-13.22,-32.95,-45.94,500,1,1,1,,1790310174,0,3,10,24,122,129,1026,601,100.0
1790310107,8hzFp8vhom4iv3dvxxdBjDrCTrixqrrDX42ZyTRYDVVm,Zerocoin,BkFdDSCxXc7BAnXPBaM7mRSPmUV2MV2UKo478N2jQ79s,meteoradbc,1790275622,0.00006911,,69112.95,69112.95,0,0,0,1602.13,0,0,0,0,0,0,33,3,,,,36.45,0,0,0,1,,1790310174,0,0,0,0,0,0,27,3,
1790310111,FbJMNyaXUGbFWD9gs3TVD2Q2q61Pz4td5QNFxj1Xpump,BONZI,EnFj5TwRJHZEnA4DhejBufPPR9oWrW6uQ89oLLQUvKdj,pumpswap,1790275604,0.000002080,2099.87,2073,2073,0,0,0,97037.33,0,0,0,0,0,0,6804,8290,,,,-95.72,0,0,0,1,,1790310174,0,0,0,0,0,0,2345,2651,100.0
1790310109,CW1mrqPVKs42MYWfiEePFcKasEzqXsS64rrLwF7kpump,SNACKED,4xhjKom7D17hQm5mASdT8AKGKSKedtY62CpapccNJvk7,pumpswap,1790275849,0.000002379,2509.22,2315,2315,0,0,5.61,423642.3,0,0,0,1,0,5,2085,1896,,-1.84,-0.43,-95.08,0,1,1,1,,1790310174,0,0,0,1,0,5,994,1010,100.0
1790310110,EgKiresmhwZWDGcz1579XRzvSYcEKWzVMtHXqct7pump,Nike,3pLCkMTPDHfessKVgWnr1w5a1ZsWUnWpoUpZ9BcVPnfG,pumpswap,1790274687,0.000002091,2115.13,2083,2083,0,0,0,203111.02,0,0,0,0,0,0,11894,12177,,,,-95.71,0,0,0,1,,1790310174,0,0,0,0,0,0,2478,2464,100.0
1790310109,Aw2YHvb8swJUFDjf7Fi8fo4JH88XsmS77njdsk44pump,Fomo Cat,DAYof7vYx26ti91qkcRCQHvTth634pxferfxPa5be96H,pumpswap,1790275203,0.000002059,2072.8,2050,2050,0,0,0,90078.61,0,0,0,0,0,1,4162,6420,,,-0.83,-95.76,0,0,0,1,,1790310174,0,0,0,0,0,1,402,2385,100.0
1790310107,8LHgAXXPbMVqd3wmAQbTu4NxuRRe3qowgUSLiKmFpump,dap,AatUCcoFPRovvTrSLUzN8yfjuvnQHfVoThKQiyfsHvEr,pumpswap,1790280704,0.00001698,10839.12,16612,16612,188.79,2431.44,59968.87,1701533.67,5,3,51,38,884,874,15206,13740,3.27,-3.49,-71.5,-64.91,30,2,1,1,,1790310174,0,1,30,31,399,568,5172,4620,100.0
1790310107,74QqbxgSWRTM6TvxpggsosuEwN21tmjZRSegyfFANAf9,AI,8iXGs3rSqshaWD9iCZEXu5XLvD5CUhuu7DSA7kd3Cg92,pumpswap,1790279430,0.00006260,23559.53,61275,61275,975.05,15323.31,195248.07,1257553.05,8,6,142,78,1360,967,10443,7549,-11.34,-46.76,-51.92,21.26,0,0,1,1,,1790310174,,,,,,,,,100.0
1790310108,9DfJAWccJy9W39uwqubRJfBs8odgGgphxwkucvcTpump,$ATTN,7KochGrANK7TPtA9dAbYGoC2XHLUKRDFTHJtvhjTFYRi,pumpswap,1790280099,0.000002398,2548.33,2315,2315,0,0.02,19.36,517226.73,0,0,0,1,2,6,5899,2685,,-0.65,-6.87,-95.02,0,0,1,1,,1790310174,0,0,0,1,2,6,1084,1090,100.0
1790310106,2Ngvnnkwrwq5u4RYV5WYKJ2wiQoEkKaVCc4LuuhYSTNK,STONKBLEND,CKEsUxqASEAEMwJE2Yn9SV5HPyFgcQhPcM5bF5vaJPP7,raydium,1790278499,0.0005974,76290.99,597473,597473,6031.87,95551.65,828705.76,3783420.96,12,34,450,366,5030,3748,20741,16994,18.24,11.31,-2.37,1120,0,1,1,1,CPMM,1790310174,3,11,217,232,1596,1677,5880,5000,99.9999999998667
1790310106,36sXP4TobquwgkfNDNa4r5gDxoLZdJmy3cJNUgUXpump,MOREKNOW,Hsk4fwYcysYo88ATo6Us1g18W9iL5ZjaVxVmD9x1SrZr,pumpfun,1790279108,0.00004823,,48237.33,48237.33,0,0,0,9979.62,0,0,0,0,0,0,6,0,,,,1360,50,1,1,1,,1790310174,0,0,0,0,0,0,6,0,
1790310109,CQ3ErtPd6JsH2xjxbzAAXNCUc7yW5UUvkX3c8pGLpump,BBC,2R93EAvLGRdhdKwfSRMfkhiSRVGSfUy2ZkpkT88VT5xp,pumpswap,1790280682,0.000002084,2106.37,2073,2073,0,0,0.05,134947.3,0,0,0,0,0,1,8815,10676,,,-1.14,-95.72,0,0,0,1,,1790310174,0,0,0,0,0,1,445,2348,100.0
1790310106,26GZYEWdhxiP8wEzVyj9reBo59tL6wTkoYPJ2c4Cpump,RICO,CwQRYv4iyze3zFxsF8YrF3pPZ5wiVfNPoSzieRU569eL,pumpswap,1790288555,0.00003561,15924.71,34542,34542,233.59,9058.59,888327.57,888327.57,2,1,122,96,9276,7393,9276,7393,5.04,-2.51,-25.6,-25.6,10,0,2,1,,1790310161,0,1,73,60,2846,2703,3195,2899,100.0
1790310110,EjRTTpDxvJoeGGeZua3deZxs5wvGUQXbqGDfXzuTMXkp,SCAPERS,4MkWrsUTDKEY4YXWgF82Qoeyf9wdtmM5m6cZmLpSp5Dj,raydium,1790288432,0.00003578,17544.12,35787,35787,0,374.35,11864.04,17526.29,0,0,4,6,144,95,189,144,,1.4,-0.43,-29.32,0,1,1,1,CPMM,1790310161,0,0,4,6,114,98,114,98,
1790310106,4cMsJv1KUjBncSGdH3AHRXMzWTz7EeDMdUdwLbYopump,Solly,5xWKEL8JGbdQxQrHfYpCAw2kr7h3seyLmdcQhKaEgLLr,pumpfun,1790289209,0.00004785,,47851.1,47851.1,0,0,9971.19,9971.19,0,0,0,0,19,1,19,1,,,1365,1365,0,0,0,1,,1790310161,0,0,0,0,19,1,19,1,
1790310110,DagVscuY2sGmYQ9Gg7oEGTsBTUgMdm6hXzjeYJFSCvDf,GTA VI,BAJ9it9GVbgSwuKFDJTn47gX5Kbm1Er7nR12ueKvPSHW,pumpswap,1790289188,0.000002138,2153.8,2138,2138,0,0,69269.07,69269.07,0,0,0,0,2835,2597,2835,2597,,,-95.58,-95.58,0,0,0,1,,1790310161,0,0,0,0,207,1448,207,1448,100.0
1790310106,2pZfePnR2gGzASt8sJ7AzUqwXZh2XAaGajHrGV8vfGCW,AquOS,F1ZJ8mXBXARHMBDiPNonA998TYuzQYgBdygny2yUwwxp,meteoradbc,1790289177,0.00005738,,57387.9,57387.9,0,0,12989.97,12989.97,0,0,0,0,603,634,603,634,,,286,286,0,0,0,1,,1790310161,0,0,0,0,204,203,204,203,
1790310107,7HoyjnqePc4GWicKxZ7CgHAFYGnV3Cs6bdkLiUJbn69G,RICO,5tK4NZ5tGGjQgtw2k9FSQy8RVLs37jVkzLeiAy5R1Z46,meteoradbc,1790289089,0.00005714,,57149.35,57149.35,0,0,12511.74,12511.74,0,0,0,0,392,528,392,528,,,234,234,0,0,0,1,,1790310161,0,0,0,0,156,144,156,144,
1790310111,HEHgYVSoCrXBPK4xho25QWqncTDYe9y9ioAKmDCT1b2o,RICO,EdGdbeTfye9QdPfLCK6BQjysr3QQ2jtXEQwPhHB7QDEX,meteoradbc,1790289106,0.00005627,,56273.16,56273.16,0,0,6374.3,6374.3,0,0,0,0,233,304,233,304,,,29.09,29.09,0,0,0,1,,1790310161,0,0,0,0,160,152,160,152,
1790310107,7zKqEhtDgqpoPrwMMeybcfnu46VKWnjDLMFUts7hpump,Samsung,BVW2r7AARa3CnP1GrHvM6tdhRGVoyx1qrgch4SC4dDbk,pumpswap,1790288547,0.000002081,2105.07,2072,2072,0,0,243355.79,243355.79,0,0,0,0,19984,20551,19984,20551,,,-95.7,-95.7,0,0,0,1,,1790310161,0,0,0,0,484,2458,484,2458,100.0
1790310106,3DuJTA95gXkLAJ8zC4GDd9d9GtAArFcY7bV739isweep,Sweep,CA3NBnjDkj6pygsqrj38wnU5f9mDSVS4UB5XV1mfZK2J,meteoradbc,1790291236,0.00005782,,57824.18,57824.18,0,0,10798.25,10798.25,0,0,0,0,407,14,407,14,,,890,890,0,1,1,1,,1790310161,0,0,0,0,218,13,218,13,
1790310109,Bg75GaeTN7uVqtUEsquh61hwENeaA8TD5K8HwX4Lfomo,FomoFantasy,EJXEbdsXFJ9AFEu1EqNHycfAEoBN7BFtfLVWx4DsEWUG,pumpswap,1790291202,0.00001011,7725.29,9884,9884,430.56,913.13,1422140.78,1422140.78,1,7,25,26,13602,12436,13602,12436,-15.33,-6.15,-78.99,-78.99,0,1,1,1,,1790310161,0,2,18,20,4409,4056,4409,4056,
1790310108,8kLXfR9oeduKNujdY7qwJTPR58a2knKCVfYAPZuEcdc8,HOP,6JZGQyVXmS2okHkip2uhmduLqDhQfkvVpNrhdWipvrt6,meteoradbc,1790289788,0.00004660,,46600.21,46600.21,0,0,12294.29,12294.29,0,0,0,0,86,12,86,12,,,1268,1268,0,1,1,1,,1790310161,0,0,0,0,47,5,47,5,
1790310106,4G5YDqDvwgwSS3nLPDGDpGuetbG7rZYzNSBb1U4Tqbzi,ARENA,RbHYPnS9j1WYBsSsvorm9NXt8hLvsDV3YECZwGMV68T,raydium,1790289911,0.0004284,59164.89,424923,424923,15.18,9197.74,892215.37,892215.37,1,0,674,228,3789,1331,3789,1331,0.1,-0.95,50.88,50.88,100,1,2,1,CPMM,1790310161,2,1,466,235,2681,1228,2681,1228,100.0
1790310110,EqUq25VWh84UvNh4nYaAPQRQpszejHbmL8DZSmsriC7V,COIN,AVdEVW1yZ14fFdJkmEnqMYa7KME824C2oBRB99AkgFFP,raydium,1790279417,0.00008363,26363.43,83633,83633,766.91,5147.96,68241.31,184803.17,12,0,93,28,711,444,1931,1257,12.46,43.58,173,66.44,0,0,1,1,CPMM,1790310161,1,1,42,21,289,247,747,668,100.0
1790310110,DJrY9mfDpaDCaPQJp5jprgegxZZ87CMftWs1b7x5bonk,Golden,6oLWH77vTVhRsyShHCxrGe9iGVUowih9aEJE58DRuWon,raydium,1790289362,0.000004089,5933.71,4088,4088,0,816.55,196634.73,196634.73,0,0,9,14,3462,1720,3462,1720,,2.36,-91.07,-91.07,0,1,1,1,CPMM,1790310161,0,0,10,12,875,942,875,942,99.9999999861043
1790310109,BrS8PDULcLCPYdveEiWxwXQBbEyeKkTKAZspRRD7BxvR,LESGOH,tbgTz1cxfdJhV832A7FfhqbLWVoppZZUQ3qRNyusxP1,meteoradbc,1790291784,0.00005806,,58064.08,58064.08,0,0,2551.01,2551.01,0,0,0,0,94,103,94,103,,,35.04,35.04,0,0,0,1,,1790310161,0,0,0,0,81,69,81,69,
1790310111,h56ZSovFgZ44325MGv22sAxr8QmoY9kNuVgoTRuL25i,NPC,6hkBvQMx5g7XrmgDV89UppjZyySxLmXmMwkBLc3jxJzT,meteoradbc,1790291702,0.00005798,,57980.69,57980.69,0,0,16677.78,16677.78,0,0,0,0,644,796,644,796,,,32.46,32.46,0,0,0,1,,1790310161,0,0,0,0,204,196,204,196,
1790310107,6F2e2Lkh3CSFHFpzwfnfT5QKtRosUNNrbWvyQDS8hB6S,S&P500,HzHBCQsk2Wxc3CJHtspUTPiEsZ5x1xxzwfmhkYmHskRu,raydium,1790291823,0.00002467,15109.95,24673,24673,38.62,3256.16,737475.87,737475.87,1,3,29,43,6983,5806,6983,5806,0.01,-0.96,-48.99,-48.99,0,1,0,1,CPMM,1790310161,9,2,40,27,2487,2699,2487,2699,
1790310109,CBXs6RDnfV93SvsAR9dUqeFj3tuFEM9bNJisnJ8Lpump,Mercedes,E36fi2hUsjkiLJSLAXHwL6FSFnywEyqJ1GTM845rAL52,pumpswap,1790290580,0.000002071,2091.87,2071,2071,0,0,214831.99,214831.99,0,0,0,0,14712,14204,14712,14204,,,-95.72,-95.72,0,0,0,1,,1790310161,0,0,0,0,2530,2502,2530,2502,100.0
1790310108,8rBez9rwEqErKCVZv6hxDSYpP9GuFmWowzj4B42spump,ETCH,ByWiYdXP9Q9kmnVx4zK5ps57Q83AsueEB6Jx1Dv8E6LT,pumpswap,1790291398,0.000002760,2760.53,2667,2667,0,88.88,198627.89,198627.89,0,0,0,2,1975,1932,1975,1932,,-7.58,-94.17,-94.17,0,1,1,1,,1790310161,0,0,0,2,865,858,865,858,100.0
1790310111,GFcaDvCXpgfsMMd9ciMd7YvgdqRsne29nVoj5ThQpump,GOINU,FnPXX7ueFaYmkWPQqfTjJUoMzRsreF6WxuWVk7biLZAY,pumpswap,1790292630,0.000002703,2795.37,2664,2664,0,0,484228.96,484228.96,0,0,0,0,6555,4529,6555,4529,,,-96.95,-96.95,50,1,1,1,,1790310149,0,0,0,0,3776,3756,3776,3756,100.0
1790310107,5ZReQhpsFrvx22dcBMoLuawT68wPtFj1rQ4w7jfYnEpo,SLOP,4LS2seBZX3fA6TsNds78VkVngWp5Z8Jns1n8waCDMMHR,raydium,1790292668,0.000002349,4346.12,2349,2349,0,0.16,13280.19,13280.19,0,0,0,1,68,241,68,241,,-0.08,-95.19,-95.19,0,1,1,1,CPMM,1790310149,0,0,0,1,53,188,53,188,99.9999999893908
1790310107,5a1CvpaxMtXN3bnWERo5WUo34tdQKUGSrFWd5DW73Qsx,CHECK,E9YPPwELTXURFnJepg9VZ2WRSLzFQoe391owN3UX4SZN,pumpswap,1790294075,0.000003345,3216.74,3193,3193,31.03,44.68,123220.11,123220.11,0,1,1,7,1900,1616,1900,1616,-1.45,-0.85,-92.89,-92.89,0,1,1,1,,1790310149,0,1,1,7,860,946,860,946,100.0
1790310106,13n8p7LcgLFY93t9GRo3QNWXCsyxjRJx6fqjNgeVEASY,FATCAT,2kSjiQB516WJ6moVDZwy53PfFUCwdeqr2puw8p5mmErm,meteoradbc,1790290365,0.00004793,,47938.35,47938.35,839.14,6140.84,53954.09,53954.09,34,1,81,19,436,230,436,230,12.53,65.94,1279,1279,0,2,2,1,,1790310149,8,1,35,16,209,146,209,146,100.0
1790310108,9TdmrDoTNUCzHuuhMfdfDbATg6tTgenNHFpUCvAMpump,LOUIS,8gHKZnGT85nfrKdHMaX6BpFJ4ECwAWeRVep8Ms17TgxZ,pumpswap,1790292150,0.000002309,2490.32,2278,2278,0,0,818697.41,818697.41,0,0,0,0,11119,7070,11119,7070,,,-97.26,-97.26,0,1,2,1,,1790310161,0,0,0,0,5091,5078,5091,5078,100.0
1790310107,7vZ66L4fMSbkbK9M8rXhsfANNgJCPRZCkh9Kzsp9pump,Holdsgiving,FPe1d5Aea7r1MoqnDedyzQHFTxwczbG9boicaKxjwazd,pumpswap,1790297674,0.000007255,5673.86,6880,6880,52.53,21634.83,93110.23,93110.23,1,4,331,3970,1578,20242,1578,20242,-3.39,-84.4,-84.68,-84.68,10,0,1,1,,1790310161,0,1,139,223,790,696,790,696,100.0
1790310109,CgMTyUGeUhz7qsbxr46Uw2vjkEXioWEtJUoMcpgUpump,Jeanjak,5kbh1rRPGcBaoSKcNAtktKRLPr15vCJGfWYdahJHPUog,pumpswap,1790293385,0.000003208,3617.59,3123,3123,0,0,1884578.86,1884578.86,0,0,0,1,5119,4713,5119,4713,,-1.26,-93.37,-93.37,0,1,0,1,,1790310161,0,0,0,1,1671,1503,1671,1503,100.0
1790310106,3FkeMVUjPLeM2exCpbcxmZuN1H85Tmm8uG528bCShh1s,Wumpus,3SevCariiyfXnFSm8suTXTHN7hXGpE14Cb1mP7C3D1BR,meteoradbc,1790293205,0.00005627,,56270.93,56270.93,0,0,17682.23,17682.23,0,0,0,0,468,602,468,602,,,227,227,0,0,0,1,,1790310161,0,0,0,0,187,197,187,197,
1790310108,9BneT2FuDZQ6YL3yhnL4Aif1PEh5mudTGRkmL3wpump,Pills,6dGrCCWARTUCJKRAso4v9rrJdTafPRRxAUDbkp88pWrF,pumpswap,1790293547,0.000002807,2770.08,2606,2606,0,4.01,165237.4,165237.4,0,0,0,2,2680,2098,2680,2098,,-0.37,-94.09,-94.09,0,1,1,1,,1790310161,0,0,0,2,1055,1090,1055,1090,100.0
1790310108,9CFqbE3h4SV6Z6jAWb2TzJXEBopNH3fRZ9tvQzGipump,SJP,6Lpi6dkgvFZmCux4yEnxSQn72yJTVxmZCTE2Uv2NVqZH,pumpswap,1790293034,0.000002586,2898.99,2509,2509,0,0.37,994887.02,994887.02,0,0,0,1,4825,4010,4825,4010,,-0.45,-94.65,-94.65,0,0,0,1,,1790310161,0,0,0,1,1430,1341,1430,1341,100.0
1790310106,36FbaZEe2P1dA82QQw6psmLKvTRGfRzrbAEKMmeg7rdR,Wumpus,kvYdKkPpv7V3tQMCrX5xYbZApfXwnt62yC8th5kCFpn,pumpswap,1790292774,0.000003914,3845.2,3807,3807,0,93.55,593761.45,593761.45,0,0,1,13,7456,6065,7456,6065,,-4.61,-91.86,-91.86,0,1,1,1,,1790310161,1,0,1,10,2561,2457,2561,2457,
1790310106,32QqpWeq45UJgvbSbb3yEASwv6UnoAZEbPBhJ4sqpump,MrBeast,FuuDfauW2FzbJTgtLBXffiyBXdNWxWwCKM7KoZ9t6cvc,pumpswap,1790292646,0.000002109,2127.15,2099,2099,0,0,151590.22,151590.22,0,0,0,0,5708,9600,5708,9600,,,-95.66,-95.66,0,0,0,1,,1790310161,0,0,0,0,479,2445,479,2445,100.0
1790310109,BcgpyBwFuVDgNivYmBUJAGpjfL3yWVqCmmSSUfDVpump,VISE,9CZcuz78USxBKL88TpncKyJP5dKY7DV8H2RDj7bJYofk,pumpswap,1790244549,0.01419,340008.38,14185849,14185849,311.85,4738.24,118055.04,317326.03,89,60,801,399,5551,4254,8088,4625,0.63,4.25,32.88,30143,0,0,0,1,,1790310161,44,24,236,119,301,300,352,342,100.0
1790310106,499qMRceZEZZBHhNTZMzJSnQqFjWUpts6fo7mYuaPfzt,FomoFantasy,5uT8UYTfpQpMaZaugVogRgmS8nMym6ZhwYrjzeKHSmhR,meteoradbc,1790292849,0.00005728,,57287.3,57287.3,0,0,3839.08,3839.08,0,0,0,0,149,143,149,143,,,32.67,32.67,0,0,0,1,,1790310161,0,0,0,0,115,99,115,99,
1790310109,CRR1DtGFMcbyX6CW6sj77cqcffHe7t3EHuus3E5apump,goon,4bsAEqfHzPifjsznXnEzx61hosNsrD8Lu25cGgD1jPuc,pumpswap,1790293184,0.000002105,2139.23,2100,2100,0,0,198389.82,198389.82,0,0,0,0,5698,6802,5698,6802,,,-95.68,-95.68,0,0,0,1,,1790310161,0,0,0,0,2197,2654,2197,2654,100.0
1790310106,4tKvrN5mhanCowMKcNmiM2pYADVX9uN6JQW2HruCpump,1SOL,CtMKwGHcxZYEFC9X2T38g8g9visbWoVcVCztJYBM7RYo,pumpswap,1790295037,0.000002405,2409.71,2305,2305,0,0.17,70716.49,70716.49,0,0,0,1,692,687,692,687,,-0.53,-95,-95,0,0,2,1,,1790310149,0,0,0,1,355,388,355,388,100.0
1790310106,3znS89gifim2Hhhu8wjb2PfSgaCDdma187D5NMkDpump,BRAIN,HnFhnuZP8WT3U2MFG5gWS8Hbkvd45rKcwoHn1i9BjYtk,pumpswap,1790294651,0.0006985,83646.23,684645,684645,7560.11,391506.89,3657186.54,3657186.54,78,105,2542,2437,29808,25850,29808,25850,0.79,48.37,1378,1378,150,1,1,1,,1790310149,55,63,1340,1285,9160,7692,9160,7692,100.0
1790310109,CcY1oA55vGEZBwVwfichY67nRyfhAdDj1tNniDeNk8WW,HAROLD,EunkC2XDe3HH6b434LCYVMKA3VEja1bbrFHp9GHaLB2C,raydium,1790286855,0.00003071,16379.61,30712,30712,300.23,13169.28,134236.46,306587.32,4,2,119,80,1132,807,2190,1800,2.88,-42.69,-68.26,-40.28,10,0,2,1,CPMM,1790310149,1,3,65,98,452,491,875,997,99.9999999837966
1790310106,4N6vTE35V77VXPFHGZMXgcgyFFRdq4ono9m3DTn3coZg,BRAIN,GUUYzu1kDXtaPPfZSYvr6mYbPPENKVN1K8H3Bg1hpQdt,meteoradbc,1790295933,0.00005041,,50419.07,50419.07,0,0,2159.49,2159.49,0,0,0,0,80,65,80,65,,,257,257,0,0,0,1,,1790310149,0,0,0,0,14,12,14,12,
1790310112,uSnUerPhk9PyiJAHsb64y1QYJmMv3HJ66WPdwnPpump,AROS,7unTgKFaesnZccdp5xhVLDqWeCq1VCFXp3UHYL89uE6E,pumpswap,1790295966,0.000002093,2119.49,2094,2094,0,0,2372380.85,2372380.85,0,0,0,0,1416,968,1416,968,,,-95.71,-95.71,0,0,0,1,,1790310149,0,0,0,0,1304,488,1304,488,100.0
1790310111,HvBPM4ZjR4DirP8V9HZBZCbDXEUiswnnEYaNJFBVpump,ASD,A6prBETDNp4gS9AjaX746bjJcexaWRut6EKrbaANZQAD,pumpfun,1790295929,0.00002047,,20472.28,20472.28,0,0,3736.4,3736.4,0,0,0,0,55,29,55,29,,,449,449,0,0,0,1,,1790310149,0,0,0,0,13,13,13,13,
1790310106,3K54D4aE9ewEEyo8ycJnuQFHqT3NnCq7PBtRpKhHCDME,GOONCOIN,E2ChaGn4GAdoCF8UYVs3ZHYqQ3Ep5kr2DUYuaz6rUY9a,pumpswap,1790295643,0.000009956,7023.56,9406,9406,0,27296.04,207287.25,207287.25,0,0,256,182,2659,2305,2659,2305,,23.08,-78.7,-78.7,0,0,0,1,,1790310149,4,4,127,108,1036,1162,1036,1162,
1790310108,9PxibZ69bKh76EMXvQ6mESWiJvSx7NRmo4bngdxppump,CASTLE,4AYFyep4DPnjvxwNS39ayWycBoQUUxeAdy4PuF3Sfn4C,pumpswap,1790295084,0.000002836,3307.4,2802,2802,0,2.75,2418088.58,2418088.58,0,0,0,3,6035,5701,6035,5701,,-0.69,-94.14,-94.14,0,0,0,1,,1790310149,0,0,0,3,1995,1780,1995,1780,100.0
1790310109,D5qLnkRpzvuizsp4BfcrEWgUHiwrLoxVNZHoCx3Rpump,OG,6wGu5MNnJ1Tjzr9arV6LYULrybZpNfpgD93t7EioZHrQ,pumpswap,1790297279,0.000002373,2608.63,2335,2335,0,38440.81,1150892.57,1150892.57,0,0,682,5537,28599,9585,28599,9585,,-98.42,-97.52,-97.52,80,1,1,1,,1790310149,0,0,420,5519,6634,6605,6634,6605,100.0
1790310110,DSLQn7hm3SWbGgQrBFyTAmDjcnUnH7kMAQwpLXBp2BMF,NPC,GtEfsWAaaj8p5t77hL8rSqXNSPBaU1ntyGWoUzy43EJo,meteoradbc,1790297240,0.00005804,,58049.51,58049.51,0,0,3390.28,3390.28,0,0,0,0,93,104,93,104,,,34.03,34.03,0,0,0,1,,1790310149,0,0,0,0,81,73,81,73,
1790310107,5iqjhP5ig6JWdXQf6hYAwojZeMf11pTCvH87gCQtpump,TTP,359UV3H3g2ZVff14AnZTWGeKaykLGdd7Ze3Kar68n6xR,pumpswap,1790296706,0.0008433,90593.79,823240,823240,28471.01,723002.4,3329893.33,3329893.33,137,236,3770,3175,21205,17401,21205,17401,5.48,-7.32,1640,1640,0,4,3,1,,1790310149,58,42,1589,1487,6515,5545,6515,5545,100.0
1790310108,9DLdzhLysYHg5YNd5uC9j4qhiyJYsfWXeW5kYkhxpump,T22,CmUjD2jidQLMxPRPrUq2uUnE3E9pReupUeGpZaroGdM5,pumpswap,1790296172,0.000002109,2134.69,2109,2109,0,0,136747.95,136747.95,0,0,0,0,7679,8662,7679,8662,,,-95.68,-95.68,0,0,0,1,,1790310149,0,0,0,0,2504,2647,2504,2647,100.0
1790310106,2TQhy9GWkYx9R7CtmCKLGPJXiMaBc77gk782igPCpump,FOMO,5mgJwSwYkiMzgdZkTYMvtSgMoGjUHLYu5UzRuGQ8KaNK,pumpswap,1790296198,0.000002119,2140.23,2120,2120,0,0,193296.28,193296.28,0,0,0,0,12570,13885,12570,13885,,,-95.66,-95.66,0,0,0,1,,1790310149,0,0,0,0,439,2355,439,2355,100.0
1790310107,5qfodizArUwfzWxnHqvaK45eVdzv1mj8L6QPY8gUpump,TUGGIN,8L39UjsHgnZCKrTwqFDqfZF1iV8YpWGfkAskvrkEgyPc,pumpswap,1790296241,0.000002338,2420.54,2287,2287,0,0,318102.81,318102.81,0,0,0,0,6292,5878,6292,5878,,,-96.7,-96.7,0,1,2,1,,1790310149,0,0,0,0,5307,5298,5307,5298,100.0
1790310107,5aL8e14oZ1RWzZR9R6gmjpxQuRCX29bW9wPGhy4Hpump,SOLRAIN,DT9hkfSwxyMThGkwntkJG5zFHbUjpbjgxqcLKw3Lnk7m,pumpfun,1790297510,0.00004822,,48229.11,48229.11,0,0,9977.92,9977.92,0,0,0,0,6,0,6,0,,,1360,1360,0,1,2,1,,1790310149,0,0,0,0,6,0,6,0,
1790310112,nDZknLvfFRp5rgUHdzTrQsmSY5NKzoavqdLjSHVpump,COLLECT,99C6TUp7WgTvnwQVVhAbD8HbxPdo5LJCXr7VFCvTmJf1,pumpswap,1790297927,0.001069,114507.82,1057950,1057950,17912.21,156905.04,3628790.4,3628790.4,72,59,913,611,19407,18442,19407,18442,10.89,29.41,1776,1776,0,1,1,1,,1790310149,25,4,433,393,5269,4191,5269,4191,
1790310109,AJptdzQJESribvtb8mNuc4ArfUz66TUxQgoenKZrpump,cummin,GWPKguhcMmwuN2kmWUD1DC4XbEjvGBAGkw47zHpotd5i,pumpswap,1790299103,0.00002112,12403.7,20488,20488,226.86,8947.85,309869.29,309869.29,7,3,163,138,4644,3489,4644,3489,0.36,-28.15,-63.52,-63.52,0,0,1,1,,1790310149,,,,,,,,,100.0
1790310111,HmKf5kYjB6USAZB3Mnbqr29md2UwkjUiZU2ePyCZRp1Q,GO,FmpSVvj5Fee6q7J9hmPKvExxmw1hru8y7FFLh3ZSfYM4,fluxbeam,1790299046,0.001470,1454787.08,1469721,1469721,0,0,10410.92,10410.92,0,0,0,0,300,0,300,0,,,898,898,0,0,0,1,,1790310149,0,0,0,0,20,0,20,0,0.0
1790310106,4Lineqg4q9ZpDzJg1QG6kqoeXigPdGsmfUVeYnQEpump,OpenAI,6wKmtwZHKY9LVJ2ER6Lzcm72uALf6Mtqg9o1ua4iiiB2,pumpswap,1790298078,0.000002101,2119.61,2101,2101,0,0,144435.79,144435.79,0,0,0,0,8102,10024,8102,10024,,,-95.69,-95.69,0,0,0,1,,1790310149,0,0,0,0,413,2397,413,2397,100.0
1790310110,FWnqyEn7GTJgYN3qnZSFn6h6QscuqgBSYDVZ5yGFpump,Mercedes,9NvDmJFh3GnxC5565hEJcWjHeTaf1Pj4KZwK445TRrV5,pumpswap,1790298630,0.000002088,2099.37,2077,2077,0,0,71073.93,71073.93,0,0,0,0,2067,4073,2067,4073,,,-95.73,-95.73,0,0,0,1,,1790310149,0,0,0,0,408,2326,408,2326,100.0
1790310106,3s5g5xhJDNkqnehL1baRdUQJ3SAfaVFDKJ2dckf5pump,NVIDIA,GCX6YY1GJHdWKu1npHA3JaaMWAAcrkwNYiTjzSQQMjpn,pumpswap,1790297767,0.000002109,2127.64,2099,2099,0,0,143854.65,143854.65,0,0,0,0,6411,11109,6411,11109,,,-95.68,-95.68,0,0,0,1,,1790310149,0,0,0,0,415,2404,415,2404,100.0
1790310109,ByaJJyfRWLpRxv7Poop5NDMh1EakKDaWdfngwYB73PSJ,BINGO,C6euAyxvmSaXQ8pBV7kf5ikvH25TsHATz3RoMx7zpBjJ,meteoradbc,1790299939,0.00004968,,49683.43,49683.43,0,0,18746.23,18746.23,0,0,0,0,159,26,159,26,,,1350,1350,0,1,1,1,,1790310136,0,0,0,0,77,18,77,18,
1790310106,2wjkRnzHonJH4iRzivwZ2Uost9dQyXx6MmZrPNijpump,GOCAT,EpHqbAqkxCGRHxAK9KLanjHyiKoqfL3GEqFzFDwtcme5,pumpswap,1790299450,0.000002271,2446.17,2241,2241,0,0,699561.62,699561.62,0,0,0,0,9226,6047,9226,6047,,,-97.33,-97.33,0,1,2,1,,1790310149,0,0,0,0,4895,4881,4895,4881,100.0
1790310107,6WgVQG1yjXA7cjJQYt8VpJGX7aVjbyXz6Aaq1UPapump,RIP,HT6Lkwg7QVNLkq6WPt8gCa2nfYfu8AGAfe81wUAxeu1k,pumpswap,1790302929,0.00006437,21035.26,61933,61933,445.39,11253.54,65919.01,65919.01,1026,17,10588,4404,21150,10969,21150,10969,2.53,11.81,35.65,35.65,0,1,1,1,,1790310149,8,7,178,148,714,554,714,554,100.0
1790310111,H6MjER3jX3EbfBEMxsMKq1Z6jnFRwwKAbDL4JD72pump,GG,76WE7XEPWAHNonNtCqMDnkSjeLajVYu1Af1Dn1ikXtyX,pumpswap,1790299610,0.000008767,6541.15,8268,8268,268.48,11438.98,319485.16,319485.16,6,5,185,129,3715,2982,3715,2982,-7.92,-39.51,-81.58,-81.58,0,1,1,1,,1790310149,2,1,78,105,1417,1432,1417,1432,
1790310106,4f2xq5eUiHg22qKTPqccCTfw1MDnBNNp1fVzc4o8pump,GTFO,6toVDaCqTxS9ViZEo9vJfDYnbFqNYRFiqLqLwpZXK7sy,pumpfun,1790300090,0.00002574,,25741.71,25741.71,0,0,524.63,524.63,0,0,0,0,24,17,24,17,,,681,681,0,0,0,1,,1790310149,0,0,0,0,5,5,5,5,100.0
1790310106,4kAVkVZvgR2Eyd24KZpJBFuRMqXuA5XwwDkBQNrRpump,MrBeast,GPXuR69bYuabnnUUKs7cmzVd1o9XaV1LfCUBs123mvCd,pumpswap,1790299788,0.000002101,2123.53,2101,2101,0,0,221299.91,221299.91,0,0,0,0,14831,15920,14831,15920,,,-95.7,-95.7,0,0,0,1,,1790310149,0,0,0,0,469,2375,469,2375,100.0
1790310111,Qb7fGETNkskcgJPNVqfbYz8H8SpNrNKnH1B6faomXJG,Jandi,2FChrCNqxVR9Wiv9XJepwivGVTPS9x6EUDnBnerfSuc1,raydium,1790301840,0.000003948,5750.2,3948,3948,4.5,4782.49,96764.76,96764.76,0,1,36,39,695,782,695,782,-0.52,-20,-91.97,-91.97,0,0,1,1,CPMM,1790310136,0,1,30,40,388,435,388,435,99.9999999998521
1790310106,2q5g2nx9gJdpxCK6JtnKvq9rPAa6fQLkRCQMFvm1STNK,afk,DvfKmzPu5VWFeq3VVxH8eCnCpwb8Z2V5mt5xv7ERKsMY,raydium,1790302713,0.00007709,25894.15,77092,77092,2337.02,60036.35,418222.23,418222.23,10,11,421,324,2958,2528,2958,2528,-5.19,56.26,58.27,58.27,0,1,1,1,CPMM,1790310136,3,0,204,159,1100,990,1100,990,99.999999999852
1790310107,6sEfSA57vXerqm3cFmwQxa78rmBgRBR6pyEPJG74pump,COMPANY,CE8R8gSjtwri87Qbaq8Q8BrwqHwTkZ9tHe16vWSDA6MB,pumpfun,1790302418,0.00004858,,48586.58,48586.58,0,0,35080.46,35080.46,0,0,0,0,248,72,248,72,,,1277,1277,0,1,1,1,,1790310136,0,0,0,0,210,50,210,50,
1790310106,2FHeJNKDR4yEnGGBefwYeguYSPKv7VdUFHbx18ANpump,DEVIN,8NPuPfB437xQep56ASbr2TMsSjkaXjuNEhsABhHDDFvA,pumpfun,1790302082,0.00004855,,48557.82,48557.82,0,0,46859.85,46859.85,0,0,0,0,373,166,373,166,,,1368,1368,0,1,1,1,,1790310136,0,0,0,0,263,98,263,98,100.0
1790310106,14nnVFAdHZ2braEkVPu3Pf54jUZkzTmy8nDVxxFwpump,XOLOFOX,98VpkdzXhxK7sexjw1d9EdfPfbmMfh84m3E84CGuJPdQ,pumpfun,1790300712,0.00002580,,25803.07,25803.07,8.62,1290.23,39624.52,39624.52,1,1,48,13,784,130,784,130,-0.12,2.56,682,682,50,1,2,1,,1790310136,1,1,48,15,717,66,717,66,100.0
1790310106,3qm8LhrCbpaHbcQexV37JgDGTrrjNfxDPEdf9yuLXLYs,CHIPS,G5KBo4iHfad1Y9J3AE8dgLK85fRxksct66Jbo8MmqV2j,raydium,1790300736,0.0001093,30922.01,109341,109341,1167.56,44233.53,590519.51,590519.51,8,18,482,300,5710,4004,5710,4004,-10.3,8.42,123,123,0,1,1,1,CPMM,1790310136,5,8,237,194,2187,1794,2187,1794,
1790310109,BVV7metAePDu4HWgP41PiD4x73tNiKMVdaugtYQXJUKU,BITCOIN,Fvd2ifVqHtqmQqzUrFYXQtkqLp8CnFgAXPLMj7PrP9Be,raydium,1790302273,0.000003153,5095.43,3154,3154,0,456.72,28088.57,28088.57,0,0,8,10,229,237,229,237,,4.9,-93.17,-93.17,0,1,1,1,CPMM,1790310136,0,0,6,10,107,158,107,158,100.0
1790310111,Frv6fVYSVkGAi9pFPWZBeVF9Jb8YNYEPyP3ySrFkpump,$MFRG,4QUnFUP3kjXqY41ZGBYPoKFiRLJoKcTzuF9rwNUasmms,pumpfun,1790302650,0.00007234,,72347.86,72347.86,0,0,901.65,901.65,0,0,0,0,74,58,74,58,,,2080,2080,0,0,0,1,,1790310136,0,0,0,0,7,6,7,6,100.0
1790310110,EceTFYrHRTmDPJ5gE7EyJUE76stTzaowALKjMdyGpump,Muse,7CcXUzyToQAnfHSeUiYyatnsr4XrimvFSCy7pWUZMhTD,pumpswap,1790302610,0.000002118,2134.13,2119,2119,0,0,105875.57,105875.57,0,0,0,0,5073,7176,5073,7176,,,-95.69,-95.69,0,0,0,1,,1790310136,0,0,0,0,430,2345,430,2345,100.0
1790310109,BbWaZxgo51Na37XYCn6SzSvVoZTCkCT23RLxxiJJpump,GROK,ES2Zm2SyNUwXFCs8udfTbn9K4HtqkhGGSyi4wQoYWvLs,pumpswap,1790302164,0.000002068,2086.8,2060,2060,0,0,92942.47,92942.47,0,0,0,0,4751,6748,4751,6748,,,-95.79,-95.79,0,0,0,1,,1790310136,0,0,0,0,2534,3106,2534,3106,100.0
1790310110,FAaJkNmMF2JFy9WioMLWDS24NuTYMH72SFBdFfrge4r,COLLECT,HoeJqzSpF8rLAQYJTDQMRHQPxe9JZinDTqc8195nDi6s,pumpswap,1790300701,0.0002532,0,253259,253259,0,4672419.87,27583993.6,27583993.6,0,0,4110,2717,21850,16434,21850,16434,,-2.82,199,199,0,0,0,1,,1790310136,0,0,1474,50,3296,58,3296,58,0.000000000381973370558139
1790310110,EV64BxKLkf2XmeM1XUwUYCLnTKy5YBiZeDyDVHFapump,X,35ycZVpYxd4R7gNQidvN38FwLJyf3NBiu7Eh7XXTRepj,pumpswap,1790300996,0.000002088,2124.14,2078,2078,0,0,214238.26,214238.26,0,0,0,1,10523,13097,10523,13097,,-0.91,-95.72,-95.72,0,0,0,1,,1790310136,0,0,0,1,2499,2214,2499,2214,100.0
1790310110,DfNzVmJPjeYTXDSEZDWurP1PVpejsE8nNghX53wzkz8Q,MICKIEY,Hn1YWr4mZJouZR4YqvLzCHuLqduookHPT88Sh2XLWdiX,pumpswap,1790301617,0.000002846,2858.03,2846,2846,0,0,98781.81,98781.81,0,0,0,0,5506,3718,5506,3718,,,-94.16,-94.16,0,0,0,1,,1790310136,0,0,0,0,172,1448,172,1448,100.0
1790310109,Anda6uKnJcbzTimJtqhufWJ61JmsdQqYJVTNjVkGmkKd,ASL,Cu8VvHJBfLyUfNwb91zmqxYCY18GjyKexMfUooYskXj2,raydium,1790302310,0.00004944,20242.97,49444,49444,148.23,19123.75,44796.94,44796.94,3,5,154,110,375,286,375,286,-0.69,140,-3,-3,0,1,1,1,CPMM,1790310136,3,10,105,77,220,186,220,186,
1790310111,GaSqnZJnuwFfxhTHJnLDCevHKMfgo5KuqzxuFqSWqoYN,WEED,Eq3cFGAkquVzPKSY96xrKvodDwvTXGXJbpQfXYYZgYUY,raydium,1790302518,0.00001759,12116.66,17593,17593,378.27,14589.38,231120.61,231120.61,16,2,279,169,2819,1953,2819,1953,12.96,-43.9,-64.85,-64.85,30,1,1,1,CPMM,1790310136,6,2,115,113,1045,987,1045,987,99.9999999998504
1790310109,Bibg9j1G3DPj7uCQ9vFLDi2RCiAQNUaN5ttw45Akpump,DICE,7LVxUCBcRNtDEXYQUmNezJ38wphY1eF9LBcJxt3bpXNv,pumpfun,1790304251,0.00003508,,35080.09,35080.09,0,0,201.49,201.49,0,0,0,0,24,18,24,18,,,965,965,0,0,0,1,,1790310136,0,0,0,0,4,4,4,4,
1790310107,7AiipkYByyRKG3UDpKfxZJczsZ6JBdzKMCX6MJ5opump,FOMOBLISS,H9FKx2EVDu5n68woe6BCvmqmd85Goi5gNBWHLTGfWYof,pumpswap,1790304254,0.000002357,2405.59,2218,2218,0,0,210175.39,210175.39,0,0,0,2,752,950,752,950,,0.98,-95.14,-95.14,0,0,0,1,,1790310136,0,0,0,2,408,425,408,425,100.0
1790310107,872L2mkE95HAseXSJarPV4KV8dtKXDTf3M83kHeFtTjs,KAS,Df46MRw1ENQDcyr6EZ89k1UnC9owQppoSLpP4ds6xXrk,fluxbeam,1790304298,0.001488,557.74,1487795,1487795,0,0,10533.51,10533.51,0,0,1,0,301,0,301,0,,0.28,914,914,0,0,0,1,,1790310136,0,0,1,0,21,0,21,0,
1790310106,2SE4qjAbNtq9kTLktRA9aZzGpYhRwran2TVwuZ2VJgan,星链,9euQrmQdQrFNFCbkaxxQXBowXTQcBXEF3EFVBXdDNqkU,meteoradbc,1790238236,0.00002406,,24066.62,24066.62,0,0,8083.41,50324.39,0,0,0,0,148,91,1415,524,,,33.82,1131,0,0,0,1,,1790310136,0,0,0,0,84,66,424,246,
1790310109,C61oA922BKGFkQMEE27QYkAd15NsRh9T6H462LYHk4DU,POKESTRTGY,2JcCoETAWYmEvpM8ixSDoQZpRbYXzXk4XPdLHkCjGgVi,pumpswap,1790303869,0.00001492,9478.83,14636,14636,159.7,5684.08,726311.52,726311.52,3,5,73,78,6537,6098,6537,6098,-2.69,41.04,-69.25,-69.25,0,0,0,1,,1790310136,1,1,40,63,2502,2351,2502,2351,100.0
1790310106,4fYzYT8QCty1Y7bzFonwkgz7nwswbBNK8hbfLTwrpump,Hermès,C8giAQswt9ocMT65mKrhAPQpq6fiJVKMaNsumjAANKEz,pumpswap,1790302715,0.000002125,2156.33,2116,2116,0,0.92,172363.64,172363.64,0,0,1,0,13011,13154,13011,13154,,0.04,-95.67,-95.67,0,0,0,1,,1790310136,0,0,1,0,1706,2178,1706,2178,100.0
1790310106,4bC8X3gaQ4EZjnr5CPtZkCc2i4MGptf9XZvAMT8hHstm,FARTCOINU,9AUt3jFtKiLMywm5KKyzRHZQbYBkBTVVws5hiyrseDfg,pumpswap,1790306420,0.00005106,18206.6,49015,49015,4667.08,222742.36,245363.83,245363.83,49,42,2838,2060,3104,2254,3104,2254,37.94,-4.42,13.44,13.44,0,0,1,1,,1790310124,,,,,,,,,100.0
1790310106,2xENFwp9jh3VY7yCQgKgeQ3KsgVCzm7AZVWWruUcFLEX,TRUMPCAT,EQjpZ3VmjdM4zX98zV2oCNJA6wnxFvgWYYvKpwZqHFoS,meteoradbc,1790305401,0.00003973,,39735.05,39735.05,0,0,20662.52,20662.52,0,0,0,0,162,47,162,47,,,605,605,0,1,1,1,,1790310124,0,0,0,0,109,30,109,30,
1790310106,3xVhF6rpdFsJFcpURDVg3bZvXwuAWEFwgP5yKp4HrvtA,GO10,FifzV9VuahjqgDTPMmFRZrjvki95MPr1spidBM4ZcBuE,meteoradbc,1790295264,0.00004994,,49940.15,49940.15,0,0,43075.44,43075.44,0,0,0,0,296,144,296,144,,,1421,1421,0,1,1,1,,1790310124,0,0,0,0,173,95,173,95,
1790310108,9a6BEKKxBDigghehcyMg5v4wM9MA3Mjmtyardzqjpump,MINILLA,3zNqsnvwf5CNxQu1YdMDYnAe31MUCPKwigZpxWyqKQK3,pumpswap,1790307784,0.00008134,23959.86,81344,81344,14096.82,100440.29,100440.29,100440.29,70,68,869,787,869,787,869,787,20.47,73.5,73.5,73.5,0,0,2,1,,1790310124,30,26,446,411,446,411,446,411,100.0
1790310110,EXXR9Wt3mjxbjmzhPVj7EcA3zfxZd9uk1WhMioeipump,Shurikane,CDZMG8hza43irMPes1mXnKdCByt13hdcHZMbztXaRP9j,pumpswap,1790303015,0.0002498,45296.79,242595,242595,36718.86,304588.82,698581.22,698581.22,4075,2824,5469,3555,15223,7976,15223,7976,33.87,143,305,305,30,1,1,1,,1790310124,55,28,2504,2408,4998,4660,4998,4660,100.0
1790310106,4QPcyuJCJ8nYXb9Pk92eDezpYByPyQ57MZ68Y9RhSewi,VSOF,F75wEtb7pxyX1sTjJMKxeWG3fdaGXG6LgmEddJtfw5n9,meteora,1790306278,0.7306,14615.94,730644049,730644049,0,60155.6,86745.23,86745.23,0,0,2268,321,2681,386,2681,386,,302,6251132,6251132,0,0,0,1,DYN2,1790310124,0,0,1918,54,2057,56,2057,56,
1790310107,6q4tRLvsbKV2Rgo2RTbZpoBKcDjT3c4SLP7bUjuypump,LESPUMP,HJuFRbueqXM7tg3ex3PFcsSqrda8GfxjZ2h2PVLDY4W7,pumpfun,1790306249,0.00004815,,48159.26,48159.26,0,0,9963.47,9963.47,0,0,0,0,7,0,7,0,,,1369,1369,0,0,0,1,,1790310136,0,0,0,0,7,0,7,0,
1790310106,4KFre4xLKAyv64BjprnJqe6uExSBL3bMjPN7DXWj88Bk,COLLECT,EbG2Pw8uUErFA8dLGzrr8gunH1b8oD4seoPxbvRgpu13,meteoradbc,1790306196,0.00005832,,58323.3,58323.3,0,0,6904.35,6904.35,0,0,0,0,264,252,264,252,,,35.22,35.22,0,0,0,1,,1790310136,0,0,0,0,153,142,153,142,
1790310110,EUteVf9Qpu6af4Wd8DdrRqBHgdV1BCRzgcPCegffpump,GOPEPE,C1JWXjqWEG3V6zjK1Ro8X4SmtL3nn2SeSHtPwyrSHnqT,pumpswap,1790305821,0.000002635,2934,2552,2552,0,258167.51,941956.41,941956.41,0,0,1149,1245,4546,3909,4546,3909,,-97.54,-94.56,-94.56,0,0,0,1,,1790310136,0,0,517,712,1170,1114,1170,1114,100.0
1790310107,6mVv7MvCFEB9pxBsqu8T2Ri25y6zYJiSEAxKXdKqDjH,NPC,6EJxFpzmmYC7E5r3MvdguLHnjBkDYSMKQb9YPXw8FMju,pumpswap,1790305299,0.000002419,0,241995,241995,0,5375294.39,8762408.91,8762408.91,0,0,4839,3200,7891,5271,7891,5271,,11.59,85.82,85.82,0,0,0,1,,1790310136,0,0,1697,50,2488,57,2488,57,0.0000000000317995826410878
1790310106,33owuxq97P85XaV2oXvBFmMoykb3ZjLH5wdAV4uDpump,IMU,RU8besjVdGtjw6WpYSgUABcbs7NSf4MUAKbkT56uEKx,pumpswap,1790305688,0.0005349,66770.06,519353,519353,72247.53,579583.02,768775.86,768775.86,359,163,3335,1791,7367,5312,7367,5312,52.8,355,1014,1014,30,1,1,1,,1790310136,95,65,469,318,2619,2426,2619,2426,
1790310108,9CVaRubmGqQk1TgjpY5nxn2MmzCkmab4a8L4cgYjpump,Google,CUoHZNX2xCNbB3pVu8vkH5FGEsc7TEmnM3qTBk3PgSzs,pumpswap,1790305453,0.000002099,2117.72,2100,2100,0,73983.29,147146.69,147146.69,0,0,1929,3743,8747,10303,8747,10303,,-99.86,-95.67,-95.67,0,0,0,1,,1790310136,0,0,375,2315,450,2360,450,2360,100.0
1790310110,E1nptw3NrtfnpTVJXdPBwYnBnUW3iBkVW9eFG1zS4z6B,Bill,75QC2RNG7TT4cXRosC1NQWK9QfmcwbANxBktbgUo6kQR,pumpswap,1790305948,0.00001444,0,14446,14446,0,0,281417.49,281417.49,0,0,0,0,1149,886,1149,886,,,41.31,41.31,0,0,0,1,,1790310136,0,0,118,44,526,110,526,110,0.00000000109556325877729
1790310111,Go82SBqh86KybBFFjsfy2iL6P8FE7JY3FmqJfPSwWn7U,玉兔,D68Xha5R2BvYeLbbJjJhudFBBQHd3dw7piTVnAJtsGSj,pumpswap,1790303632,0.0001331,218922.34,133121,133121,225054.52,4465548.13,11881743.65,11881743.65,198,96,3311,2002,7977,5627,7977,5627,3.84,30.79,101,101,0,0,0,1,,1790310136,71,25,1286,34,2406,45,2406,45,0.000000000430274465855585
1790310110,FHPGNGNWPJsARRQ99V1qeokG128wWe7Mh4NM984ZGSoP,Journey,8pT9iEdbDZekCgm2g2szb9SFcC7dEb4KMEDA3Y8poHH6,pumpswap,1790308207,0.00003535,15025.57,35355,35355,805.35,68307.24,68307.24,68307.24,20,7,695,596,695,596,695,596,9.11,-26.24,-26.24,-26.24,0,1,1,1,,1790310124,4,0,408,375,408,375,408,375,100.0
1790310111,GavQxkBXLg9Qwvxgni8SLJAnxLL592j55jVS2fnFpump,SRUN,7wJSkAxZbKUEGcZPRUxBiQzwkPdmsepRvsvcJuyBWGwU,pumpswap,1790307923,0.0002527,45087.99,252767,252767,52302.2,577757.78,577757.78,577757.78,499,413,5721,4616,5721,4616,5721,4616,22.41,437,437,437,0,1,1,1,,1790310124,101,97,2448,1874,2448,1874,2448,1874,100.0
1790310109,AXpERbBdffajw45ru6RQjYFa1F6V1Wst7QrjvyzoSWRM,SWARMS,31MFYKFLjwD4nrC1wwR3yCBWparEGSzyFMVxwnARzFmp,pumpswap,1790306611,0.000003934,3688.73,3741,3741,266.79,250368.08,250368.08,250368.08,5,12,3357,2846,3357,2846,3357,2846,5.06,-91.82,-91.82,-91.82,0,1,1,1,,1790310124,0,5,1270,1316,1472,1470,1472,1470,
1790310109,CeHmaAQFMttdbgvuF3xy4QDgP1fjtb9avDynvf6emacj,中秋,CScqLVBeUDa1Hofo4fwooh9H8ik8BRHR8jzyDJb65Sme,meteoradbc,1790307881,0.00004581,,45812.84,45812.84,0,2718.18,2718.18,2718.18,0,0,45,30,45,30,45,30,,185,185,185,0,0,0,1,,1790310124,0,0,40,25,40,25,40,25,
1790310106,45efrsQ6BBhXaKUHJdtFH1UJSNCJ2c6fU1RnT7LNBAGS,GOOGLE,A6Ff79abvxfzE7JALE19izRw4rYQ2b3C6UJccfKofNCM,bags,1790307948,0.00006534,,65343,65343,0,1.14,1.14,1.14,0,0,1,0,1,0,1,0,,,,,0,0,0,1,,1790310124,0,0,1,0,1,0,1,0,
1790310110,DHywLabqL22pJotZtBhXdcX5QcTT55KLJG8tCBakFSSb,中秋,5LBMAPpZqhifYrz5MbZVf3icPagvXNaJ7s4sjevPHupp,meteoradbc,1790307822,0.00004485,,44852.9,44852.9,0,5630.75,5630.75,5630.75,0,0,64,65,64,65,64,65,,179,179,179,0,0,0,1,,1790310124,0,0,63,57,63,57,63,57,
1790310108,8m9CHw589xBwF5HfekPHZy3zmtsGkq9b2rXPV9q4gbXG,中秋,FEUmLRiarfgdce7xWXKV4LeadP2jRqPd1HyyvRVPibSr,meteoradbc,1790307944,0.00004582,,45824.42,45824.42,0,6937.47,6937.47,6937.47,0,0,84,85,84,85,84,85,,186,186,186,0,0,0,1,,1790310124,0,0,81,67,81,67,81,67,
1790310108,9VDGMHGWETaH6S4F3gzfT4KACYNLibv3DjQ4Q8Y1pump,AI,9E8SoEzx8QdPRJzu8iFE8MVPEm7jcf58ad5AoMMsgo34,pumpswap,1790307149,0.000002094,2119.91,2095,2095,0,136645.95,136645.95,136645.95,0,0,8061,9471,8061,9471,8061,9471,,-95.68,-95.68,-95.68,0,0,0,1,,1790310124,0,0,2887,3094,2887,3094,2887,3094,100.0
1790310111,HEAYq9nw8KAQs9ZmLUCpErELHWFtfWgVDMnAU1GApump,Apple,4WJkVArFPgv4CQjBy6ASGrZYPPBhSHtVVEHChr6Em79D,pumpswap,1790304653,0.000002122,2160.95,2112,2112,0,178910.98,243838.23,243838.23,0,0,7097,11157,15790,20412,15790,20412,,-99.82,-95.64,-95.64,0,0,0,1,,1790310124,0,0,333,1441,2507,1590,2507,1590,100.0
1790310106,2EKYRo3WaXNUpa1g99cEaRqJQ5a1F8HjBxg81KGypump,TTP,6XCofpVxBEqixa8Zms7NrZbEuA7Lh7VdMx2DycVqNTEb,pumpswap,1790307318,0.000002092,2134.58,2091,2091,0.01,269544.18,269544.18,269544.18,0,1,13080,13541,13080,13541,13080,13541,-0.11,-95.68,-95.68,-95.68,0,0,0,1,,1790310124,1,2,1100,2168,1100,2168,1100,2168,100.0
1790310110,DY4YF5NWDRVzrwMStrL2287ReEP4ktbgsoFJ5Fbmcs9H,NPC,52M42tpiP2UxHRVkCwQPEomBM47FA9bTe3HMKEnwy3Fw,pumpswap,1790305421,0.0001240,206945.33,124076,124076,217002.24,6899765.72,10258268.42,10258268.42,197,93,4669,3295,6775,4994,6775,4994,1.41,33.14,92.64,92.64,0,0,0,1,,1790310124,56,19,1348,33,1837,44,1837,44,0.000000000430665446822985
1790310112,uQqPS6weHffFsTYNrGwD9L2yq7aM85QJdT1ZCzapump,CNN,BaUiacNK4a7cVQUdMt5dwepDtozh1sVjuwUTkNF2eZtp,pumpswap,1790306940,0.000002091,2110.26,2092,2092,0,98481.62,98481.62,98481.62,0,0,4781,3164,4781,3164,4781,3164,,-95.69,-95.69,-95.69,0,0,0,1,,1790310124,0,0,170,1235,170,1235,170,1235,100.0
1790310106,2TsQFwDuKnGYrxDYSnXNYQVJaFDLv8vjgkTS83noE9tJ,白头鹰,ASGx5mAJ8gK99P4CvRunuVipQ4NRZNBUbC7zAuzGtUoz,pumpswap,1790306612,0.0001850,121036.63,185077,185077,107090.59,1019859.34,1019859.34,1019859.34,136,132,3762,1691,3762,1691,3762,1691,-3.09,886,886,886,0,0,0,1,,1790310124,37,37,1961,57,2059,57,2059,57,0.000000000801007290879893
1790310107,53JuadM26TUWLNDLc2w67EeqRbe7mEernmdvEqFWWVpZ,Agrippa,9tYRj49rseg6vu3pQ5wCyS2Am1jTRAkNDURGQVsP3Uht,pumpswap,1790306901,0.00002310,0,23100,23100,0,345345.71,345345.71,345345.71,0,0,2534,663,2534,663,2534,663,,129,129,129,0,0,0,1,,1790310124,0,0,1983,55,1983,55,1983,55,0.00000000109556325877729
1790310111,HEAZyLq6eqmYrJThgw9BJ93aQQX6Xot5LA1Bwn2VqCti,cap,ELQpiTtpqKiHz7kUQZJ9BCk3nZbFmKoCTJmHoej3CWP5,pumpfun,1790309539,0.00002088,,20886.05,20886.05,15887.27,41271.41,41271.41,41271.41,214,124,528,351,528,351,528,351,202,428,428,428,0,0,2,1,,1790310124,132,58,325,226,325,226,325,226,100.0
1790310108,9dAbCu7Phmgss31haeCHtTXSf6TjzG3GdGgFvqK5pump,ONBOARD,diySJbyQoqUmeX79jkA7vosLpgPbMfzAsWZdtANVH7t,pumpswap,1790309765,0.00003061,15154.27,30615,30615,44785.16,63835.2,63835.2,63835.2,614,491,851,614,851,614,851,614,-55.19,-45.77,-45.77,-45.77,0,1,1,1,,1790310124,,,,,,,,,100.0
1790310107,8jpcHKbGtcwyYvo2FrkjStGpwXXpEJtrB91aWaRBpump,MBUM,5NQt4hYTM9U6mG5uQbegDdHgVyAT8bLFB9typTcR6mdm,pumpswap,1790211863,0.00004027,16373,38469,38469,1173.76,5100.1,20802.67,219332.74,15,7,66,34,223,185,3184,2589,-11.74,34.59,5.3,12.63,0,1,2,1,,1790310124,10,4,47,27,130,115,1453,1399,100.0
1790310107,73HdiU21LmVf3qR7HDEoX2LayiBxNQib4teRBKCopump,FomoHood,F6hs5tE4Y1ANyikuhuHRnMzaE8iSzyHq7FTq3RePVuSA,pumpfun,1790309065,0.00004797,,47970.26,47970.26,0,9924.37,9924.37,9924.37,0,0,6,0,6,0,6,0,,1366,1366,1366,0,1,1,1,,1790310124,0,0,6,0,6,0,6,0,
1790310109,CUh9nnRSojHHdLWzVQQ2rZBmnq66zLg8TfcuQUyy6BLr,cow,GYtBXBQhBQ2xvb9RY2TRgNV3QhiCzR8rdNJdqgvwroEw,pumpswap,1790309964,0.00005859,19904.58,58592,58592,18405.61,18405.61,18405.61,18405.61,296,150,296,150,296,150,296,150,22.3,22.3,22.3,22.3,0,0,0,1,,1790310124,129,75,224,119,224,119,224,119,100.0
1790310111,GrpBb7jedErsJVQ7RUU4Q32RMpycfVTVeR8XTxsSpump,Google,A2Rg7ggR9M1hujP1QURLuAxbjwgTkmMkFpLCkkrfPDfs,pumpswap,1790308306,0.002972,154534.98,2972665,2972665,17009.69,120944.43,120944.43,120944.43,2320,2251,13450,12428,13450,12428,13450,12428,32.02,6038,6038,6038,0,0,0,1,,1790310124,280,251,432,410,432,410,432,410,100.0
1790310109,B75Q3EhzfjjJhC3URK2cRaNhisnWREetyrv2SPqNW43A,POH,25Q22g6SM8JWwjCDayvtFJBQLLCcuBqkfGCCxomvcbBu,pumpswap,1790309320,0.00003383,38170.19,33833,33833,113469.16,448818.33,448818.33,448818.33,1037,310,2951,1062,2951,1062,2951,1062,49.46,232,232,232,0,0,0,1,,1790310124,298,55,1928,69,1928,69,1928,69,0.00000000109556325877729
1790310112,r3c9p6GDUj1Q8nn2kWqK9BjnTUHwLxQ6d8L9SuKpump,Robinhood,BjQghrxTpw7mF1g6bUYH98zRtR7tAF1TPyoQW9dqyRFv,pumpswap,1790309618,0.0004996,62072.72,499691,499691,8008.36,45032.61,45032.61,45032.61,1392,522,2411,893,2411,893,2411,893,51.15,930,930,930,0,0,0,1,,1790310124,243,157,345,324,345,324,345,324,100.0
1790310109,CCmVioHV4T4TFrn4BUTXi1p1s7Uum583S4rMM2wxpump,SpaceX,9vixQ4RXHKetCbvW7j1w4vqoCr2WkeERJtwhPF6GK4d,pumpswap,1790309036,0.0006573,71461.88,657343,657343,7582.29,40621.84,40621.84,40621.84,1170,1713,5591,4902,5591,4902,5591,4902,13.39,1255,1255,1255,0,0,0,1,,1790310124,106,98,2440,397,2440,397,2440,397,100.0
1790310107,6wHCU6FAtogWbFDUnGS6aFGaerkNqsv72PGCViNyttDg,COLLECT,543fQpZaW1H2HtQHqVbyCdSj5cRvaEnAnGcZjowNJNWx,pumpswap,1790309399,0.0000008710,131807.59,87109,87109,690874.46,1689624.91,1689624.91,1689624.91,749,489,1762,1214,1762,1214,1762,1214,3.57,68.88,68.88,68.88,0,0,0,1,,1790310124,120,10,577,20,577,20,577,20,0.0000000000504999999999997
