ts,token,sembol,pair,dex,pair_olusma,fiyat,liq,fdv,mcap,vol_m5,vol_h1,vol_h6,vol_h24,al_m5,sat_m5,al_h1,sat_h1,al_h6,sat_h6,al_h24,sat_h24,deg_m5,deg_h1,deg_h6,deg_h24,boost,n_web,n_sosyal,n_pair,etiket,gt_ts,alici_m5,satici_m5,alici_h1,satici_h1,alici_h6,satici_h6,alici_h24,satici_h24,kilitli_liq
1790994193,AY9mRp4v2SoSDr2c8n1AesFohntEu2nw2oLZTS4E7oLv,M3M3,38wcUgK7BpGmeg8LFEcAGXyuXVk2UfZ9D4jMwKfz5s7m,meteora,1788999675,0.000006239,9172.05,6239,6239,0,0,0,580.85,0,0,0,0,0,0,1,5,,,,-22.6,0,0,1,1,DYN2,,,,,,,,,,
1790994193,AqoPZcUumKUBHrnfBsNtoNuneYEjoimaiWYq8GH8gpX9,STONK10,nEnhtdXrHocxDQnmfTWgaLodJP8jxFbY6958iv28GzV,raydium,1789264359,0.0001806,50047.77,180628,180628,0,3203.76,7458.82,23000.58,0,0,33,6,77,31,216,94,,-0.91,-10.32,-25.39,0,1,1,1,CPMM,,,,,,,,,,
1790994194,DAWSx42bkWESmss99qtQdrBggRKCaB5bFVt3q2vcPzVo,DAWS,DnnsZDYJXtUR1LUAmQDZTjQMpWoRFhaKjmUy4Q9i6k27,meteora,1789266853,0.01481,60425.48,5576149,5576149,0,0,876.11,1539.57,0,0,0,0,6,5,14,11,,,0.2,0.8,0,1,1,1,DYN2,,,,,,,,,,
1790994189,3UXV8g2fqQ1NN75KqP3tYMngencsH7j5i9g4i3pVccNb,POORGOAT,Gy21pSwf28P5URvxbzhd1GjwLuTn4vsnHMWNQcdg5Pqb,raydium,1789351203,0.000006599,7292.36,6600,6600,0,3.16,22.78,673.01,0,0,0,1,2,5,10,15,,-4.66,0.73,-26.89,0,0,1,1,CPMM,,,,,,,,,,
1790994194,CggSwX5JbMtzon5AnEeNHGnBpeHzy5ZuY5Bjpanxpump,RichTrump,3zRxC9ya2j2ynN5eg1FWbp81eSuJWTgKEbT18nFgpuUU,pumpswap,1789526295,0.000002376,2501.68,2289,2289,0,0,4.37,4.37,0,0,0,0,1,1,1,2,,,-0.31,-0.31,0,0,0,1,,,,,,,,,,,
1790994190,5oYh831YeK7cJ3YFLF1bAyCTDqPLzxETdQev5exy8TGA,HOODCAT,CB3ofejJiuXP5DgfvPVJm9Sw9WzWgMZCqZLSsjejHCx5,raydium,1789775602,0.000008973,8678.76,8974,8974,0,0,316.97,1386.67,0,0,0,0,0,2,12,11,,,-13.35,-4.31,0,0,1,1,CPMM,,,,,,,,,,
1790994196,G2DPFQW1gdjrYGXmr4q1eZjJUAAU1byv99TtUUm4pump,hoverfly,G4aZ3dTNY5sFPY9rQbv2p1pY5XXcdmTFYFx4tUR2uCgJ,pumpswap,1789782957,0.000002639,2925.56,2570,2570,0,7.87,15.97,45.48,0,0,3,2,6,11,34,29,,-0.53,-0.17,-0.67,0,1,1,1,,,,,,,,,,,
1790994192,8d56tCrMcyLFvpw5aeGNz5xRAAdVBiCtDw6QiVYrs9s1,DONALD,3pMBXbd3LyrrSGNz4TzzzF98h1YotJKMY1ksTmFHHfGL,pumpswap,1789401715,0.000006037,6079.78,5829,5829,0,0,10.66,25.2,0,0,0,0,0,1,0,3,,,-0.26,0.22,0,0,1,1,,,,,,,,,,,
1790994194,DTSnWMjHedLzcc2oVMpRzk1uankCF16v68PUmC65pump,DICKINU,6MWrTvnzghdFR4yZkJ5PGewgCp9Rmoi6rJs4Hu2iaRPL,pumpswap,1789791156,0.000003726,3794.78,3509,3509,0,0,103.67,103.67,0,0,0,0,1,1,1,1,,,-1.27,-1.27,0,1,1,1,,,,,,,,,,,
1790994193,BetHXx7ymnuca1bf8XUzVSwvxdBMen9nEWhScYeJEFX3,GOLDINU,FZVH93iu7jcbwpzW2u2nEXV1vZqcxULDvQkzthDapsxD,raydium,1789771576,0.000002505,4424.03,2505,2505,0,0,3.79,39.27,0,0,0,0,0,1,0,3,,,-0.74,-1.65,0,0,1,1,CPMM,,,,,,,,,,
1790994195,EcSgxsBGoqZNxHgKhon3jSmqjYW57fSgLFrrF8SgTVGR,GL1TTR,7s6ptW2R6WG7opaCUNiKTBjyetfEPJQcM31p6zasHs9T,raydium,1789875519,0.01093,21869.42,10936017,10936017,0,0,0.01,7.49,0,0,0,0,0,1,1,3,,,0.39,-2.93,0,1,1,1,CPMM,,,,,,,,,,
1790994194,CBLgLg4rjkqqwXuZjR1WAqWet2vR68Vne32J2bFLpump,DONATED,851G7eJBavuNfn3QcU951tDZkQZK17XPLE2jCzuqtEEs,pumpswap,1789877215,0.000005022,5076.01,4812,4812,0.01,0.01,0.01,31.9,0,1,0,1,0,1,2,7,0.98,0.98,0.98,-2.1,0,1,1,1,,,,,,,,,,,
1790994189,24G6fv23pPg3UTKAAA4dnC7UBe9SgEoj8HXscHJRpump,SENDING ,E7TcBeZ8JYt2hNfMANwtKzvuYoKo1iKokHbFVUe3cxqR,pumpswap,1789873873,0.000004198,4270.8,4080,4080,0,0,0,0.24,0,0,0,0,0,0,0,2,,,,-2.9,0,0,1,1,,,,,,,,,,,
1790994196,GKHfDWbDZFLHKmNVVW6fVhx7LkFYXXZjMBAEodt8CTB9,FATGF,DsqEQvVk9uegYsjMHBK7SR2JNYYDE5f5KGpXbeef4Vbr,raydium,1789876068,0.000004320,5591.29,4321,4321,0,0,19.39,57.02,0,0,0,0,1,8,3,8,,,-11,-8.54,0,0,1,1,CPMM,,,,,,,,,,
1790994189,2wFHMmHeS5HRhPKUsp4jukK4PjvmsSHNcDA6ccHb7omN,MCPEPE,HnF8wevhHctEgjdG5nXUJmhagHaGnTQk9mdbnbqu2Pqb,raydium,1789873940,0.0001637,35620.22,163783,163783,0,11.9,77.58,3063.68,0,0,1,0,3,3,22,26,,0.43,1.25,-0.17,0,1,2,1,CPMM,,,,,,,,,,
1790994195,FPPGF5RNgCvNzqrRqWrkgkL4YQhzqKMNVtD1kWk1ooqg,+++++,CD2Kmeqr7oQwzixmF1AjUEVb8sEW2X2CtT2s2Gkf63ZV,raydium,1789958616,0.00004801,24876.09,48016,48016,10.5,159.01,7685.11,61877.07,2,0,11,5,48,30,412,279,0.19,1.03,15.14,104,0,0,1,1,CPMM,,,,,,,,,,
1790994189,2tGtqQ7Jvjgvh3S3r7miHFpvVyDxwbLoGWqtXfoh1AFJ,xD,HzhXoGxXT3ny5Hrhp38RYpHc4xFNjVWv3mFPpNSw6Btv,raydium,1789958012,0.000002401,3662.86,2401,2401,0,0,0,59.39,0,0,0,0,0,0,1,2,,,,-2.87,0,0,0,1,CPMM,,,,,,,,,,
1790994189,2Hm8qcnud7LEes2inqHcohQKcD7sqAqX8wb9W2uxwB7g,LEAN,C9QXaGp2kVa6zNzKYYACC3r3YXkfxwKBip2wNKucb7dY,raydium,1789974859,0.00001347,10478.73,13475,13475,0,0,14.05,211.64,0,0,0,0,2,1,6,5,,,-0.18,-4.78,0,1,1,1,CPMM,,,,,,,,,,
1790994190,4hN45GtgCo39FZx3EUK5GiPNkkzUvEYCrAoffPuhpump,cashless,5xQqvk73tzLJWqVUJw3JKojj9AaW9hLoLk73vqizA8aV,pumpswap,1789973250,0.000002809,2925.5,2714,2714,0,6.31,50.19,129.41,0,0,12,4,49,35,130,93,,-0.41,2.18,-0.89,0,1,1,1,,,,,,,,,,,
1790994196,Hgtpj3Rg2BWWeopkAiVy71KT8L8nQWMxxxFdChq2pump,2030,3Y7zyAT227Vcw7u2HhKWqzhiPbzGLgmBUkNt44dEWab7,pumpswap,1790045015,0.000004141,3802.53,3906,3906,0,0.4,7.56,28.21,0,0,0,1,5,6,37,21,,-1.15,0.66,-2.27,0,1,0,1,,,,,,,,,,,
1790994189,2pWXsELtCwtcKUyvNC6igngswUSQjVpJdY4hA4cTdjaL,PHAT,259dyTrR1KgguVwekv71ehmKfSfkC5fDPfBaxMmr3Fsx,raydium,1789618983,0.00001026,9129.57,10265,10265,0,40.82,104.08,183.87,0,0,0,2,2,6,5,10,,-0.97,-2.93,4.54,0,1,0,1,CPMM,,,,,,,,,,
1790994192,7xm3vqykDZVuYqiC2HcTf3VerfmhAieCPZmeJX8qpump,BTRD,59GuPXEBHGwzkeMasS6UZCjaXFKwhV3cZJfYCbjisGi4,pumpswap,1790187315,0.000004066,3814.11,3919,3919,0,0,0,111.19,0,0,0,0,0,0,0,3,,,,-5.6,0,0,3,1,,,,,,,,,,,
1790994195,DxeBjZk1G43XTbGq7rEMHATUgtvYaNiDDweqbqhbnetW,JIMOTHY,7S95zn3ymcxhvQVMUvZSZgPL9Vj7SprgzNzvBuprUuEf,raydium,1790131062,0.000001635,1898.63,1635,1635,0,0,0,434.84,0,0,0,0,0,0,7,5,,,,16.77,0,0,1,1,CPMM,,,,,,,,,,
1790994193,AN49E6FiToLMANJtmUiooirLdFFRumtpB8jZDm6PusU2,VC,DxPoyCU6gT8eSdfXz6rrSVcrkFB2uxUbDhvEFqVhNvLG,raydium,1790135481,0.000002819,4985.82,2819,2819,0,0,84.15,283.19,0,0,0,0,0,2,3,3,,,-6.38,-7.91,0,1,1,1,CPMM,,,,,,,,,,
1790994189,2jcvq8QcJ8TzEYJKYMCjR61kXVSzib4mEkz89tQxpump,GIGACAT,72tZoSAHAutvD7dP2fNC56aASLxbPXro9jBPohZ8aAvY,pumpswap,1790152341,0.00001638,11273.76,15895,15895,10.95,330.59,1882.6,5094.7,0,1,14,2,33,12,129,57,-1.37,8.54,-8.2,-2.3,0,1,2,1,,,,,,,,,,,
1790994193,BTzHfjKZnPpNaojtNs38eKReNssZM5LEbRrdK5ZrVyN7,SGO,6qf9kEvtgoKgAjN6EW9tAidJWj8JXjaTDyNHZWDM6sWS,raydium,1790180335,0.000003345,5747.11,3346,3346,0,4.72,11.76,22.01,0,0,1,1,1,3,1,6,,0.75,-2.87,-2.84,0,1,2,1,CPMM,,,,,,,,,,
1790994194,D5Sd6RGFcsyCg4UgKMTax22ZYjBrivQXAAGAVAaQpump,APEZCAT,CZ6cVMaSxiQiySYNDwqmZwCZPRaacyjAYzmhtfsoooQx,pumpswap,1790179776,0.000003503,4500.79,3359,3359,0,0,0,5.85,0,0,0,0,0,0,1,2,,,,-3.1,0,1,1,1,,,,,,,,,,,
1790994192,84TgGLh8Pgm9R9YYnmjD5Z18cy2gDUkjTr7B8Zjfpump,JEANDICK,HfzpxoYCmDmkkuEYrEpyXA9XfPD7zy3vcmkwvWp6WFeR,pumpswap,1790179362,0.000002501,2882.47,2463,2463,0,0,0,0,0,0,0,0,0,2,0,5,,,-1.42,-3.58,0,1,1,1,,,,,,,,,,,
1790994193,ARTEvs8XSpVJRYPVHuTZz4bEJwfpNVVzgKbrfyWMtXuB,AURACAT,4PmRK4TYca6fmrrZyNg4cm5uMoeUV5Fh5Yb1saq135A1,pumpswap,1790178242,0.000003979,4279.02,3842,3842,0,0,0,0.17,0,0,0,0,0,0,0,3,,,,-6.71,0,0,1,1,,,,,,,,,,,
1790994195,FVsZHrjBWRJA7nBk6XNJ2Jg9M8v4MPsVdprpg3EAgMHr,CMC,7McrNmv2mZ4u9XpdqSuPtm1iiTWhYjsUA7APZx6ZivuL,pumpswap,1790188414,0.000004740,4569.86,4492,4492,0,38.9,43.69,294.2,0,0,0,1,0,2,10,9,,-0.67,-1.52,3.51,0,0,1,1,,,,,,,,,,,
1790994196,Gcku9A4XsNEv42WjHFrpyNJt5u5nwZDDh1BFyrqGpump,FUD,FzEffYDrAekMdcgBqp92bzqGcee8VQN1nXgZKJLsB2pr,pumpswap,1790189205,0.0001285,31058.48,127155,127155,0,0,0,75.48,0,0,0,0,0,0,0,1,,,,,0,4,3,1,,,,,,,,,,,
1790994189,2z1s9nrjhTdr26kpNYJrM29h3tyjAp6aKNofbkV9pump,Titcoin,DqmLHwB52rqAM6cEAxiPDMreYe4Rhe6vDy6t5NbNxLYg,pumpswap,1789684151,0.0006236,82494.48,621468,621468,0,32.98,236.53,1645.52,0,0,4,2,7,5,24,15,,2.59,0.29,5.74,0,1,2,1,,,,,,,,,,,
1790994190,5nQhjm5FuveEQuKsQtewTBZPSVXqbWhw1A6HEojf6JCi,Crypt,3wxoJjHk3iLk3rWizL2YhfZEZRYzPpkEKs7Cc7AbTQ3L,raydium,1790194732,0.00001141,13231.86,11411,11411,0,447.08,1268.55,1283.5,0,0,0,3,7,6,7,7,,-12.14,11.18,11.18,0,0,1,1,CPMM,,,,,,,,,,
1790994190,4AdFwKHbivTpGjBjenyYxbdtrUdZ6uVGwjhofmh2KN3x,hyENA,DbyLi54EjxaVBWaJxichPnQhMaWePVa1uckhNJ3qdnxk,raydium,1790193679,0.00002184,15778.96,21845,21845,0,128.49,255.32,7457.62,0,0,1,1,5,7,61,54,,3.14,-0.58,-38.99,0,0,1,1,CPMM,,,,,,,,,,
1790994195,FNV7tM5GbbUPvXUaLXDBt9Udd9v4yranCWmNkWcSrj38,KORILA,hxkaYJUAzXkYgfcT19rZPmGoN5ARy76LFW654MMRY1w,raydium,1790193821,0.000004031,5272.43,4031,4031,0,0,15.5,107.44,0,0,0,0,0,3,3,6,,,-7.77,-11.14,0,1,0,1,CPMM,,,,,,,,,,
1790994189,2YPWT4QK1Why57mxBZGwBAFckBC4nLwEAL2t6CcCQtvw,FCAT,13L9ZwrkeBXcZL8y1yhxnAkEDaMgyMZRmgvhs6hgLdMh,raydium,1790195440,0.00002564,15156.84,25650,25650,0,0,7799.76,10343.43,0,0,0,0,42,31,79,58,,,28.54,8.21,0,1,2,1,CPMM,,,,,,,,,,
1790994197,f1ippXecgRpYmsZt6uVRwJJKiBKjN579sVRHsAg2RR3,FLIP,6gHUvXHYaWRgwLZQbB7MQJk2qEkcnEvZTG9RWTiSWCGH,pumpswap,1790194915,0.000003051,3237.44,2907,2907,0,0,0,4.7,0,0,0,0,0,0,1,3,,,,-1.89,0,1,1,1,,,,,,,,,,,
1790994196,HkjCexiXUFRyo7KiaTT3VxzrWpoJhTWA9DkwnBVtpump,MOMMY,97SR2Q1vv6yszr22auKswJMRcXHZmakUscgR5B38P69j,pumpswap,1790193651,0.000003584,3707.93,3486,3486,0,0,0,20.7,0,0,0,0,0,0,1,1,,,,-0.83,0,0,1,1,,,,,,,,,,,
1790994191,7CEBEYQVe3RvapwgS4QttVehqN9C2Hh859ZGbRWduRDm,OAT,9mmbtyUSNyaa34D1gNf58Mw96ZBdBqK1e5HfnPazPvnJ,raydium,1790215884,0.000002644,4752.21,2645,2645,0,0,0,19.39,0,0,0,0,0,1,0,3,,,3.22,-5.78,0,0,1,1,CPMM,,,,,,,,,,
1790994191,5v4kteCUTdGhw8yUWEBmq7SrFoyGbPQk1FS3qWawpump,Fomoguy,3m64gKXEeZQ5vbSuhiDHUEhfJtTiFMHPVUZ1TjgiDwcV,pumpswap,1790225150,0.000003204,3112.7,3088,3088,0,0,0,0.13,0,0,0,0,0,0,0,1,,,,,0,0,1,1,,,,,,,,,,,
1790994191,7GUnr7krtQhJwd6ASY2VUprd9t4c64zcgCsjdmZepump,NPC,BRjMA8UALNp3diTKHfdeAn5riQrYPoaYez7KhYWD4oEs,pumpswap,1790216955,0.0001676,49581.34,148389,148462,21.71,3635.8,17439.86,128323.17,0,1,28,22,202,118,1081,925,,0.59,-5.6,-32.03,0,1,1,1,,,,,,,,,,,
1790994197,yFcTuQJCMsd1Asya15GZ7h4KGdxsujRLcUiTWWXpump,SDOG,CBnBZf7o1hZ2eAiqyCSVKTXrbNF8BLkuNeX65mPpd41C,pumpswap,1790239191,0.0003071,60966.63,292856,292856,5385.65,19917.72,70398.99,340701.63,11,11,58,97,317,647,1678,2137,4.25,15.65,34.48,-17.07,0,0,2,1,,,,,,,,,,,
1790994192,8LHgAXXPbMVqd3wmAQbTu4NxuRRe3qowgUSLiKmFpump,dap,AatUCcoFPRovvTrSLUzN8yfjuvnQHfVoThKQiyfsHvEr,pumpswap,1790280704,0.000003603,3955.52,3451,3451,0,0,3.55,83.11,0,0,0,0,0,2,4,8,,,-1.96,-4.51,0,2,2,1,,,,,,,,,,,
1790994191,74QqbxgSWRTM6TvxpggsosuEwN21tmjZRSegyfFANAf9,AI,8iXGs3rSqshaWD9iCZEXu5XLvD5CUhuu7DSA7kd3Cg92,pumpswap,1790279430,0.00001690,13696.57,16539,16539,0,38.81,1482.08,9109.91,0,0,0,3,10,20,90,73,,-3.47,-22.93,-51.19,0,0,1,1,,,,,,,,,,,
1790994189,2Ngvnnkwrwq5u4RYV5WYKJ2wiQoEkKaVCc4LuuhYSTNK,STONKBLEND,CKEsUxqASEAEMwJE2Yn9SV5HPyFgcQhPcM5bF5vaJPP7,raydium,1790278499,0.000006279,6763.37,6280,6280,0,0.04,98.35,420.94,0,0,0,2,6,9,22,45,,0.94,-6.56,-13.24,0,1,1,1,CPMM,,,,,,,,,,
1790994196,GaSqnZJnuwFfxhTHJnLDCevHKMfgo5KuqzxuFqSWqoYN,WEED,Eq3cFGAkquVzPKSY96xrKvodDwvTXGXJbpQfXYYZgYUY,raydium,1790302518,0.000004804,8161.41,4804,4804,0,0.03,1.67,11.68,0,0,0,1,2,2,9,18,,0.9,8.36,0.28,0,1,1,1,CPMM,,,,,,,,,,
1790994189,2SE4qjAbNtq9kTLktRA9aZzGpYhRwran2TVwuZ2VJgan,星链,HDHT1pXjeaXG7J44CUTjcsWeq85uJatkDCEe1KZqnsFq,meteora,1790304210,0.00001577,8660.37,15773,15773,0,9.56,700.81,1842.63,0,0,1,0,20,2,53,24,,0.23,25.23,1.23,0,0,0,1,DYN2,,,,,,,,,,
1790994194,C61oA922BKGFkQMEE27QYkAd15NsRh9T6H462LYHk4DU,POKESTRTGY,2JcCoETAWYmEvpM8ixSDoQZpRbYXzXk4XPdLHkCjGgVi,pumpswap,1790303869,0.000006314,5627.06,6191,6191,0,0,16.9,464.53,0,0,0,0,0,3,5,17,,,-1.65,-3.52,0,1,0,1,,,,,,,,,,,
1790994190,5g9PWcRUHpmqm5uKycpShKXJB18sGLeCEzgB3qrRpump,SWARM,Ftjga524YrS7RPzGCcezMuQnFDYa8PcvWDY5mFmZk5dy,pumpswap,1790326034,0.00001207,10027.56,10547,10547,0,123.77,505.94,3656.83,0,0,4,1,15,23,84,80,,1.35,-1.1,-31.95,0,1,1,1,,,,,,,,,,,
1790994191,6Cw4kWUaZHmh71E3YRiHFRvLA28EiYp4Px2GkUrXfvWM,Shillpad,HsLx3s5UmRTkN5AHYARqGaz2JfphuCY7cVycLAGmafBE,pumpswap,1790325220,0.000002974,3112.19,2885,2885,0,0,0.28,6.61,0,0,0,0,0,1,0,6,,,1.22,-2.66,0,0,0,1,,,,,,,,,,,
1790994190,5NhN6zzDkzwXFGPFqtpTopV4ttBeZ6CWy1oRL9Rkpump,Bagwork,3yXXas5wQqC6LzV9x22GEqVr9Dgg1VC6yynkVGhRWJWM,pumpswap,1790345694,0.00001068,9735.29,10361,10361,32.57,34.7,187.96,723.4,0,1,0,2,5,11,30,46,-0.71,-0.8,-1.29,-9.21,0,1,1,1,,,,,,,,,,,
1790994196,HdFjuK2KPLDXHEvD46FU9GEbujiYJJG3SGKDJttCpump,NUVEX,G3ES4o6JmGUuRqjkjK56fWiGLCwLY3DyoGoG9k87wWHb,pumpswap,1790345098,0.000002756,2784.32,2636,2636,0,0,2.25,19.79,0,0,0,0,0,1,0,5,,,-2.78,-2.95,0,1,1,1,,,,,,,,,,,
1790994197,jLz71QZfjnZZMLjUaCBw7KmUyftkkNq8NkWi2u9dyap,YAP,Ax9GpoBxTKb19NMj4eJhNsy163xuUGmFKrLpELeQK7LX,pumpswap,1790345473,0.00002548,17196.01,23176,23176,0.49,127.5,2725.29,12907.52,0,1,0,7,26,38,183,235,-0.21,-2.52,20.44,-25.74,0,1,1,1,,,,,,,,,,,
1790994194,DYM6DRb9W7dQa58Jn717dDSVKP5KwDSevdptfwwcpump,BackInu,EnzLEU9coGXhz5ggtVQ6y5vRJbaZ43vpriWqZcszxPfP,pumpswap,1790344647,0.000002799,2978.35,2760,2760,0,5.72,60.09,218.2,0,0,8,8,52,56,190,167,,-2,-0.83,0.8,0,1,2,1,,,,,,,,,,,
1790994194,DjUwjdo4eujo8wq9hjdiz8o54hxgGaQ6U61JHixqpump,MEOWLIN ,9nJ2LihFrz7oGdsQBh22aRpsVCzDbXZhVdCHLA14bqY5,pumpswap,1790344193,0.000003237,3666.03,3156,3156,0,0,0,6,0,0,0,0,0,0,0,1,,,,,0,1,2,1,,,,,,,,,,,
1790994194,CmTFnmtW19nCEz5QGmV7ojqhVKaXJVsPwR6t4QvCGiBd,Poocoin,DtN6LWpZy4dsiyMEN1on3xUrUr2pbEm9ELsX71r8qz3y,raydium,1790344630,0.000002227,4223.12,2227,2227,2.83,4.11,20.42,34.71,2,0,3,2,14,10,23,25,0.32,-0.49,2.72,-1.22,0,1,1,1,CPMM,,,,,,,,,,
1790994191,6nNdopDSgM5vn2hTgfWWkM9xE5fqZ6NqhJSBBygveNc8,PSYOPANIME,Ac5rF5VkE8kdSNSf4vA8kkfSJAmigwJVnMTwu1Vr2eQe,pumpswap,1790390377,0.000003465,3389.15,3302,3302,0,0,0,0.13,0,0,0,0,0,0,0,1,,,,,0,0,0,1,,,,,,,,,,,
1790994194,DMZtsWeDaPRGU4ziXxcEMuPbXh1BmDm5iR9LirT8ZoHG,BEEPLE,A2ZBmfRQbkLH9KaGSfauCEhWMhmYADQYEST4hzjRcPZr,pumpswap,1790395582,0.00001101,8571.13,10735,10735,0,0,3560.82,4409.57,0,0,0,0,28,27,36,43,,,1.78,-10.75,0,1,1,1,,,,,,,,,,,
1790994190,4LBPTZUaJdBNHEEBbzFeMXaaZzD5cggtsorwYaPtzbiZ,x/acc,5kZLBoyQnpoiCkwMjv971MrkhuJBPW8cBfyz6G4uYkxU,pumpswap,1790393512,0.00001436,10052.51,13868,13868,0,314.18,3077.88,16037.5,0,0,3,8,41,36,194,202,,3.06,-12.27,-23.05,0,0,1,1,,,,,,,,,,,
1790994192,9fgGFfdHUfeMeDUd9DjJaRjpJ7oz38j4ikwf3uxrayPS,FROGE,4RtXmksfJYaQoBJvGaP4e6ByDdvyXvf9BrVjxFBDHh9q,raydium,1790436855,0.000004271,7948.04,4271,4271,0,0,917.17,956.61,0,0,0,0,4,4,5,5,,,0.47,1.7,0,0,1,1,CPMM,,,,,,,,,,
1790994195,EgHU78SQ7Q9ESYQFo7q8zf8euHtzLZGABZ2Gi8Tppump,Jerry,59z4HKSwS3nE6bBx8i7My4NUfb2j7GVCnzs8yiN1aExd,pumpfun,1790378341,0.000005041,,5041.01,5041.01,0,0,1114.28,2494.73,0,0,0,0,0,9,15,18,,,-36.33,-25.12,0,0,1,1,,,,,,,,,,,
1790994196,HeEC24FVai9uFMnz4PHCjuAdHcCMQQ1Uw3MZPWyxBGMe,Elizabeth,7EpPd5jbLy1oeNQcx7ErFeCoVW7UekLuR1tf4BYURHS3,pumpswap,1790439445,0.000002935,2881.71,2593,2593,0,0,0,0.44,0,0,0,0,0,0,0,1,,,,,0,1,1,1,,,,,,,,,,,
1790994196,J6rYa7tX5UeFs3dSKiSLjgq4RE7ywaorkSSjpykqSiSL,RELOOT,CgWe8h6wW7j8ijhQeLe6i5a4mV4i5kdyXL3nijTEEBe2,pumpswap,1790438118,0.000003335,3432.1,3185,3185,0,0,31.74,55.69,0,0,0,0,2,4,3,8,,,-2.37,-4.97,0,2,2,1,,,,,,,,,,,
1790994194,DH1nPfpA9mBVeS4X7Roz9NN97GtuuM8zyEKaGW2a7P6,STARLINK,HBE6JpFPMFMShtkzGyJqpLZvWZq6M18rsu41KE8uLGnB,pumpswap,1790438798,0.000004482,4080.42,4300,4300,0,0,21.9,423,0,0,0,0,3,1,18,19,,,0.47,-8.83,0,0,2,1,,,,,,,,,,,
1790994193,B8A4bitd8bfsLYZQ67qbuwQxAZAY7D1UCXjJoYd2pump,LOTTO,5hiEDaJaVzGFfktmPLLCnPYznEwECS6TnKYoWTC9eFxF,pumpswap,1790452717,0.000003140,3268.5,3057,3057,0,0,0,22.16,0,0,0,0,0,0,0,2,,,,-1.03,0,1,1,1,,,,,,,,,,,
1790994195,EwtxFx9QtsxtzdGF35RgFLpdmzqwadk65iVyNQkaBAGS,BAGSPAYBOT,64rXssNSnkQ2Kqv7Vew3oWpikZTT8h5tYHtPoNawUZto,meteora,1790453910,0.00001570,10997.79,15694,15694,0.95,577.79,4765.66,20641.02,0,1,16,12,71,84,408,396,0.23,9.2,-15.59,-38.32,0,0,1,1,DYN2,,,,,,,,,,
1790994194,Cjr8n5eCY2HsZ7iyfyiLxcPA3yYTegGFqzRdp2xPpump,pls,J25nLoj9inJz4tyPqxKxnzwG5joVVCxuzoHcLxrcARW5,pumpswap,1790474437,0.000002631,2646.91,2518,2518,0,0,0,0.74,0,0,0,0,0,0,0,2,,,,-1.94,0,1,1,1,,,,,,,,,,,
1790994191,5u21uHjzfqcG9LYK9HNxZCthLHnzkCjqc14GPjSeVnid,MITSUNAKA,2BHD13ySqiFQnr63zcHg4kCR9JJbB3VPjjLja1ek1yWw,pumpswap,1790474944,0.00001980,10888.09,18517,18517,0,51.06,555.11,2341.28,0,0,0,1,7,11,31,37,,-2.08,-9.55,-17.08,0,1,1,1,,,,,,,,,,,
1790994193,B6833pbooyxuTH5ZBriapPrngkt6hiGNviKqkjncv88D,BUCK,C3s6VhHqiVsVpCpr6sH72NTWEvZhdhYcHzxV3Ti9jZ4q,pumpswap,1790474548,0.000003114,3026.03,2917,2917,0,0,1.45,1.49,0,0,0,0,0,1,0,2,,,-1.7,-1.7,0,1,1,1,,,,,,,,,,,
1790994196,FvYjAkbhhzpp3Rk3BoSLVKjYpi2zJ4baAS26R9hupump,XLife,6qhovtHjjSvgRibL33jAyZbfTugghoym72vDX3GHLR7A,pumpswap,1790476478,0.000002830,3008.79,2794,2794,0.13,9.24,55.34,160.09,1,0,15,8,65,50,185,138,0.09,1.3,1.82,-0.05,0,1,1,1,,,,,,,,,,,
1790994194,CTyCxPQSEH3UhJJH7PnWWeXNjqKtTaHeB4qHD6oC9Pz5,ALIVE,2FmKrU1zG9pFVaPSxAQdxNosT2YwvT2yreueWDAWjYx8,pumpswap,1790497988,0.000003476,3315.3,3269,3269,0,0,1.13,466.2,0,0,0,0,0,1,3,5,,,-2.61,-11.86,0,1,1,1,,,,,,,,,,,
1790994196,H7kfBWQqs5asqvzynqRaS6h9jLFc9g1tDQYPnbDSpump,DKILL,9dufQSfLH84Eqan4TCmEPdW3wb1uh4qf3LrczzDfQPYP,pumpswap,1790477080,0.000002667,2749.13,2581,2581,0,0,0,9.53,0,0,0,0,0,0,0,1,,,,,0,0,1,1,,,,,,,,,,,
1790994193,AJaHwyub647xPacnAL8ysByhcf6Xc3HEywChsCBzpump,CYBERPAID,5XXfJ7XZU14WB511CiVf79NaeCcLRYjBGYVoEjJ4tUwu,pumpswap,1790476167,0.000003427,4082.55,3328,3328,0,0,0,0,0,0,0,0,0,0,0,3,,,,-2.19,0,1,1,1,,,,,,,,,,,
1790994193,BJDfhK6xJhj9Ln7PXCFZL6ZofEXfuDAo9cAmKCFvpump,CAKECAT,7aEKLSNcJgjNGvnnYsULYCTxZeUwevbS8qCb9gnKFW7t,pumpswap,1790476744,0.000002841,3050.35,2805,2805,0.52,6.56,61.14,190.72,2,1,13,12,75,66,196,171,0.12,0.72,0.8,-1.57,0,1,2,1,,,,,,,,,,,
1790994190,4uPwkvg3BmL9LapxugKLyGas2PNpNeWzdxgnUtj6pump,TWJ,EBzVDGCzyiXBiutqqvLxQXv3wvpMPyEpECFCNVduNHpm,pumpswap,1790480854,0.000002554,2725.78,2452,2452,0,11.12,11.12,22.48,0,0,0,1,0,1,3,3,,-0.29,-0.29,-2.88,0,1,1,1,,,,,,,,,,,
1790994191,5sNJcSVdsLpaqqMANjUEDs5RFqXgbMshUwPqH9g4NQ4D,BUNDLO,9wabcnQjY3KKXv2WBpwX1Yi4RUnAw7VU2bBSAM1ZC5qy,pumpswap,1790479873,0.000009064,6769.21,8720,8720,5.59,188.88,233.91,3580.85,0,2,0,3,5,10,49,52,-4.11,-7.84,-8.25,-8.91,0,1,2,1,,,,,,,,,,,
1790994189,2dfWu1S1oiToSsnLoZFbMcHgMuy9W665YWzCvdof58zi,AAF,88vff5Cqwes7TbQZYV3TkwgoJSbgz3utngu579CT5qgv,pumpswap,1790481643,0.000006842,5846.8,6664,6664,0,47.54,239.92,2597.72,0,0,1,2,2,10,36,35,,-4.17,-11.73,4.79,0,1,1,1,,,,,,,,,,,
1790994194,CC5D6puFmcsnGaJh7kNXeAcRpL2SZzQfoQezvx45uKjt,WORLD,FGXMnchTt8tQc8mEHgWiWhrUHHUHcMAzCvgaYuaCmghz,pumpswap,1790485934,0.00006084,25561.57,58538,58538,7.47,123.58,10107.93,31230.48,0,1,4,5,72,62,250,253,-0.01,-1.92,17.51,1.15,0,0,1,1,,,,,,,,,,,
1790994192,8C45BmADgZjG3KPCNHCW37XxJujj96A1U8rJb13HWbag,SOCIALBAGS,FhAJpZh2BYH2oafdA6p3BRFqMwRYX9P469sXnLES454F,pumpswap,1790525985,0.000002810,2781.19,2658,2658,0,0,0,1.18,0,0,0,0,0,0,0,1,,,,,0,2,1,1,,,,,,,,,,,
1790994196,HH5btUAy7FCFCJYfDB9FV5x1Zk5SLJtymoPW32U9bJ9m,Em-8ER,CKKp4gZ4UYobGQm5R1CDVs4PeBFt1cLfnbkjcNMGCGTf,pumpswap,1790539879,0.000002821,2909.37,2705,2705,0,0,0.05,635.22,0,0,0,0,0,1,8,11,,,-1.78,-14.9,0,1,1,1,,,,,,,,,,,
1790994191,7fHxQvcWdvNeVx2Ni33t2BEDc1zfnZ8LCRdwX8STtrcH,PRE,GYAVCbcU9xrPNgrpiX2DViA3ituRsmRfFLUBc7LoLLJL,raydium,1790387135,0.00002458,12380.42,24582,24582,0,2.11,127.14,694.76,0,0,0,1,0,2,2,7,,-0.83,-8.28,-24.72,0,1,1,1,CPMM,,,,,,,,,,
1790994192,9UtaRjir5Q4HRG8d8Z8F7jRgHGLBBwp7PR4rgBnoyr3z,MG,J41n3LDS2WYDXNq4RRvG2svir1svEduzH32g5Dt9SEvg,raydium,1790521985,0.00001359,11122.19,13597,13597,0,188.74,1576.02,9576.73,0,0,1,1,15,12,139,112,,-5.89,-29.76,-65.92,0,0,0,1,CPMM,,,,,,,,,,
1790994191,7QiyCnBd4g4d4qY7byX5SeqvtpSmmdhB849qoCiHpump,jeancock,GMGwdnREKQ6FnTfMZ5XAiKuLqXDGQv6kzVf53pX2fNvx,pumpswap,1790525488,0.000002677,3087.07,2641,2641,0,0,0,9.41,0,0,0,0,0,0,1,4,,,,-3.39,0,0,0,1,,,,,,,,,,,
1790994191,7ESoDXqwqKUQBWdeqygNCFZroAtemHxyK8EPcjgPV777,LUCKY,Aavh7YD6RRMVSn8Heb38rH38bk1vqcb5ZDX6PJyVu3XQ,raydium,1790541551,0.000008817,12421.09,8818,8818,0,18.91,52.73,99.65,0,0,0,2,1,4,3,7,,0.57,0.64,-2.21,0,0,1,1,CLMM,,,,,,,,,,
1790994196,HTwigtUK8W3FWke5mD66np7Hnh5XF9i6WDC5GcdMcYkV,Grokler,9ZLRQPNps1XkgWotaqexP3pVxsHHNNRWp1V95fiMZQze,pumpswap,1790541470,0.000002588,2715.98,2528,2528,0,0,0.05,36.22,0,0,0,0,0,1,0,4,,,-1.26,-4.46,0,1,1,1,,,,,,,,,,,
1790994191,6Apwsn3iB12bWaN9XeipPGVPRFeSLpnTTQZ7EgW6pump,100x,61eHK4aq89abydAzqk9PF8JkcJK7obwVa7GpPxcHLQZK,pumpswap,1790541539,0.000002664,2659.12,2543,2543,0,0,0,1.7,0,0,0,0,0,0,0,1,,,,,0,0,2,1,,,,,,,,,,,
1790994196,HcPYnMt65E1yqERVUqtsbtyY8d2boCy7FmvJ8RfrECQr,CORIUM,9xfKyaGV5LYiGeE2zXHwLVsrwisRasc4cTvp2faMhVWo,meteora,1790561817,0.000002163,4159.84,2164,2164,0,0,0,53.08,0,0,0,0,0,0,3,3,,,,-7.35,0,0,0,1,DYN2,,,,,,,,,,
1790994194,Dc71BqUvJJoWo3KukxyABjVoMjAJATQ6y9SvNBHpump,DOGHOUSE,G3VADcMfdEDKqFY8USH7jQJRFehaRDyvbLkncCN3evWv,pumpswap,1790564864,0.000002562,2547.34,2381,2381,0,0,0,11.82,0,0,0,0,0,0,1,1,,,,-1.34,0,1,1,1,,,,,,,,,,,
1790994194,DJ92CL7Z2dvVSE8reTUXTaKCax8jbYzfU3C66ziQpump,foom,axd1iRwfborKAmpRx52kENNtdZAStwfKnNSbab26Cnf,pumpswap,1790563287,0.000004000,4075.46,3871,3871,0,0,0.23,421.26,0,0,0,0,2,0,15,21,,,0.32,5.92,0,0,1,1,,,,,,,,,,,
1790994192,9VXMEkhYKcj9s4dvzz3GF4ZfHGc5oAURiSY7ftPpump,peptober,5duvGDEt9YPVmGPhs3xPoEajzvjUinNXC2HCmpeHs96u,pumpswap,1790562128,0.000003875,4784.52,3709,3709,0,0,4.88,38.05,0,0,0,0,0,2,6,8,,,-1.39,-3.58,0,1,1,1,,,,,,,,,,,
1790994195,ELP7DpZvv41KzWewe513ZPBwTESsuxgzCJzh9zXn8WGd,1000X,7iNfGK8YqCEi3NNCvy8rGyvWrGb4iFgTuTqFkdDmpf9g,pumpswap,1790582906,0.000002789,2843.51,2694,2694,0,0,0,18.23,0,0,0,0,0,0,2,7,,,,-4.11,0,0,1,1,,,,,,,,,,,
1790994192,8keYKKzA3P3Md7nYdXnLy4vejMNVnJNWSHe17vbopump,WATPONS,GxVciB1xsX2ZzSM7rsZDs67wm1ggW5qzgnVS8dr9jfe3,pumpswap,1790583692,0.000002568,2854.94,2489,2489,0,0,0,4.52,0,0,0,0,0,0,1,1,,,,-1.3,0,0,0,1,,,,,,,,,,,
1790994195,FQUrgVHNvNc4GpRk7LohobvfXNEsPf2Khw71Z5h7pump,SPACEPAID,4v9U5YykSfc1LNZuDprgmx3SWqWWVrHHR2wvWBARjY9b,pumpswap,1790583741,0.000002406,2616.29,2332,2332,0,0,0,0,0,0,0,0,0,1,0,4,,,-1.42,-3.58,0,0,0,1,,,,,,,,,,,
1790994190,3wkvhVS8gmT3dSwVYpEwPaJcDjL839gYv9sAD4C2SbVQ,CORGI,2LMStZZJttyTA4k6SDFVXR6EvFRtFS5G8oo5eLsH7yDE,pumpswap,1790583854,0.000002967,3010.44,2849,2849,0,0,0,0.22,0,0,0,0,0,0,0,1,,,,,0,1,1,1,,,,,,,,,,,
1790994189,2GyjqZhMUWxpuiVgypqV6KZ1agbzgitEVUU16mSnpump,BAYPAY,5AMiVtueS8hLsSd5hF9tYEQ8fUtZxrpRcTuSPjgkPxoT,pumpswap,1790612904,0.000002555,2583.25,2474,2474,0,0.11,0.14,10.49,0,0,0,1,0,2,0,9,,0.23,0.88,-2.09,0,1,1,1,,,,,,,,,,,
1790994189,2yu92oYzBWLAdVpu8BoaLzmM1oxPsHoboay2BXmeDDZr,FROINK,5L6SiELCoXrV9CtcfwUGKJf5EzCRTyDDmkbth1yEKp9f,pumpswap,1790608143,0.00004331,22914.09,41637,41637,583.58,716.77,7332.11,46460.35,2,1,8,9,75,65,376,370,-2.53,-3.72,-20.11,-30.31,0,1,2,1,,,,,,,,,,,
1790994193,BW1HeTnP1ZpSyvoExMKCW86vdEAShjwBV6dUfgZwpump,SUBS,whjdPho1efdTJQ6N3kqeSRiM9dab8DkYHFDprGekoqs,pumpswap,1790609333,0.00001695,10390.95,16521,16521,0,5.47,70.49,3541.69,0,0,0,2,1,5,36,48,,-0.46,-1.15,-9.93,0,1,3,1,,,,,,,,,,,
1790994190,4fb2Y9QmrJCs89fj4eRL9GekV8LYz35RCZziKaus6oxB,WAGMI,GPnnXKBNZRvbtfXHnrQBCK895kFcBzT8FBDmjHekMorD,pumpswap,1790612527,0.000002777,2752.33,2603,2603,0,0,0,7.16,0,0,0,0,0,0,0,1,,,,,0,0,0,1,,,,,,,,,,,
1790994192,7qLn9eW3CHiCMJWokv4Kxmgs4daSnnRE4hxAzqqFpump,STILL,CgKUPJruYqA517biEm4kpF3tUqf3ecKDyzyAVxtMLCYH,pumpswap,1790612412,0.000003315,3445.65,3240,3240,0,0,34.7,4382.27,0,0,0,0,0,1,12,22,,,-1.71,-4.96,0,0,0,1,,,,,,,,,,,
1790994189,3NLfcS6P3RpVQ4i4he7xYp9amQScvTvoLMi5iY7cpump,LAP,B426apUrQMYC1ocQRkyfKDpyGV9dNQZ6TbgXugAUUgzd,pumpswap,1790649236,0.000003590,3646.43,3442,3442,0,0,2.87,51.84,0,0,0,0,0,1,1,11,,,-0.54,-4.17,0,1,1,1,,,,,,,,,,,
1790994190,5Y6eKGzrLr36wWd5XB4XkRrPfqgkcswudvJ9mv9Bpump,TEAPARTY,AsAYgWc6WfE4K8m5YnftgoDnHhcGxuYYhQxvC2qqyZ4Z,pumpswap,1790664409,0.000005594,5405.45,5279,5279,0,0,0.38,617.25,0,0,0,0,1,1,9,19,,,0.85,-5.93,0,1,1,1,,,,,,,,,,,
1790994192,A1y5NQWAmtqQahPHP9Jm7sqezAzjgK5Atz3fM6aBc3zV,アル,ArzhwpqAyV6P63fLbvak6KJQt3db4Nefa6KhnsyMJBiZ,pumpswap,1790671089,0.000002818,2795.95,2681,2681,0,0,5.17,5.33,0,0,0,0,1,1,1,3,,,-3.14,-2.57,0,1,1,1,,,,,,,,,,,
1790994195,FTBq3qcxyehLD5VzDG5EfKhWBB5vXZtq7g6qepUAoVpx,K/ACC,7JsJoN7Zj9HqR1J7Cg5HusyoNhKM6uRzJacxLQXaoAoG,pumpfun,1790409310,0.000005086,,5086.63,5086.63,0,0,0.57,139.5,0,0,0,0,0,1,2,8,,,0.3,-8.8,0,0,0,1,,,,,,,,,,,
1790994193,BzX5mofDT6fKSK9zMrrj1eKbEL57kt8d8Fwwdx6Apump,p/acc,AY74fazXqkerpyT8Sq4sUKsSZKNK64o1dQA4mUTfZ69R,pumpswap,1790670932,0.000002657,3047.14,2567,2567,0,0,0.03,4.42,0,0,0,0,0,2,1,8,,,,0.65,0,0,0,1,,,,,,,,,,,
1790994197,Uh722GCeChAY7EgbGFMhK9TX1SMsUuYnMpw42Bnpump,PUP,6AQrtVqCtWTdKiZ8N2pT2mnpgFmUSngxajGZhFzo17G7,pumpswap,1790737298,0.000002569,2564.44,2410,2410,0,0,31.86,66.87,0,0,0,0,1,3,2,11,,,-1.34,-7.27,0,0,1,1,,,,,,,,,,,
1790994196,HoozTija9nnE2ox1neimmMtnGn4DgbnkyySKgRMupump,SI,3obx1ghyX3yj9x7XSGw6KzfEsfADGAoe8zgLvxgtqFJA,pumpswap,1790739079,0.000002554,2563.01,2456,2456,0,0,12.27,24.36,0,0,0,0,1,4,2,8,,,-4.01,-5.29,0,1,1,1,,,,,,,,,,,
1790994190,4UWwX3MknFzvdsy4YxjzE5y3WZVQpn7aHU6qxUqaSTNK,AI,9R9dKVv5VVLx8PFQywwx51Z3ux6bxD3r5QW3bHJW3cTR,raydium,1790734238,0.000002642,5092.83,2643,2643,0,0,2.24,6.04,0,0,0,0,0,1,0,5,,,-0.97,-0.12,0,0,1,1,CPMM,,,,,,,,,,
1790994190,5g7x5tq2KE8T3ZsZBHcgvA8phohcciJsLku3BqG9pump,fight1073,CKhKvVQV9ZUdeY2Ro3LAecdz7MHdAz419R35U5oittJK,pumpswap,1790757461,0.000002435,2700.52,2378,2378,0,0,0.3,0.34,0,0,0,0,0,1,0,2,,,-3.87,-3.87,0,0,0,1,,,,,,,,,,,
1790994193,BuXkyz4FJRpdh3jTmLYYAZUffqXt6w3J2LgfbRJzpump,Grail,7zto6sEiUSGQbGXhAXSGT5987qbHqC6hU4a2RcUuGaEB,pumpswap,1790757846,0.000002587,2630.89,2488,2488,0,0,0,11.73,0,0,0,0,0,0,0,9,,,,-2.26,0,0,0,1,,,,,,,,,,,
1790994191,7BEWiqDzUKMcTRD8nKMbHcUivHmzkWv2J9St5HBEpump,EVEN,6ucxuwb2gzBK3PjWPSWiSLySFDPbpFX59a8aDrD5EBso,pumpswap,1790778348,0.000002484,2489.14,2315,2315,0,0,0,0.65,0,0,0,0,0,0,0,2,,,,-1.7,0,1,1,1,,,,,,,,,,,
1790994191,6hatGWdZbBFuLuicNXGRDStqkGN9mAyfZBTkusUrjLoM,DOTS,TvqCrL7NPCW5sK2qWGLtSNaciB3E7gDtZijfVNZMVxi,raydium,1790776725,0.000008738,8539.71,8739,8739,0,0,502.25,7848.84,0,0,0,0,3,7,43,56,,,-15.29,-64.78,0,1,1,1,CPMM,,,,,,,,,,
1790994189,2PuJ8eLNWeHLhG5YR5SD4mNwkQGduBiW2CWPuYq3vUPy,FLOYDEX,3phDmoE4yJF5abDCHawnPQSpGex7MeQe812fAXqV2bG4,pumpswap,1790794690,0.000003154,3050.07,2883,2883,2.21,198.57,289.37,618.09,0,1,0,2,2,6,8,24,-7.35,-13.27,-17.71,-21.55,0,3,2,1,,,,,,,,,,,
1790994195,FU36e3gRF3oJUgef7Xn18JPUQRuN548S8PhL65rECaYV,SARKA,ALxHEmdDGZayJJVMqiL8ecm8rkRNH1wvJvoSj9kT8Tve,pumpswap,1790777589,0.0003377,54811.77,320975,320975,688.2,7020,63024.84,494284.17,3,4,46,47,346,429,2537,2915,5.2,-2.97,24.35,8.68,0,0,1,1,,,,,,,,,,,
1790994194,CE9u77YGea7MsWK2cXMEcSE8Gpp3dbkWWd8iG4eMpump,inuvestor,EEENNP8xw1W29tfJB2YCjXW1ZS2pjTdqfM7KccixK4Jt,pumpswap,1790799607,0.000002381,2421.82,2287,2287,0,0,0.07,15.74,0,0,0,0,0,2,1,4,,,-2.73,-4.08,0,0,1,1,,,,,,,,,,,
1790994195,FTa2QkKrc1oSkLciZCMS1o6zpRB1L8TZVkiPy56VQX4u,TEXTR,57sTxsma1pbg85XfjZiqpUrbnVbiBoRBsSMrybSpsc4u,pumpswap,1790799059,0.000002994,2955.79,2864,2864,0,0,5.07,14.56,0,0,0,0,1,1,1,6,,,-0.17,-1.67,0,1,1,1,,,,,,,,,,,
1790994191,6weQ1xmYGVDnCe2R3CdRDX5BvXPDg4G2TJhABa8Vpump,DRUG,9ZDCPk4UifwASL8siGtXPmRhhCih8PrF1brDpttnLv3n,pumpswap,1790798383,0.000002995,2956.51,2693,2693,0,0,24.14,37.07,0,0,0,0,0,3,0,8,,,-2.8,-6.42,0,1,1,1,,,,,,,,,,,
1790994190,4Xfph5jWxEj3zzPTsDNPJtJbf24LizaqPQGohodJZ1PV,Quamfy,He5LqnjT4HMgdj4gxMCbCJAhfUZkU2zf9aPkKWgjTb3g,raydium,1790797811,0.00004823,20064.01,48231,48231,3.58,342.8,5851.84,53446.54,1,0,3,4,73,55,427,316,1.13,5.01,0.76,-41.06,0,0,0,1,CPMM,,,,,,,,,,
1790994193,C2HoCAu1nDhV4Zi3ySpez9HXzG9PwMnVLLRTrNzr4NdC,SI,3BF2Au4L4zv7QhRkkXMas6Xs48mYHqMDqytC7UAWjRW9,raydium,1790794984,0.000002360,4494.5,2361,2361,0,0,0,62.33,0,0,0,0,0,0,0,1,,,,,0,1,0,1,CPMM,,,,,,,,,,
1790994196,GjrhXcr8YzUZBbu5rifdqM5CPBS4LFJveq3ZiY2u3g5G,Meridian,6xLfdSfHgxHSLgFt58BTv9z35qsGbmpqLdMU2FwsG2Tf,pumpswap,1790799213,0.0001300,36028.84,125115,125115,257.86,3276.47,34287.93,348611.16,2,1,38,34,316,279,2103,2080,-2.45,2.06,-21.59,-51.43,0,1,1,1,,,,,,,,,,,
1790994189,2y4vg5Top1BYYQ2xiEc472xQ2Q6Bte31Cya8LyHCpump,RIVAL,8Z6MCjzD62SaJhpMejMZCNDzEFcRE5XXHCKmGQhy5g6C,pumpswap,1790800289,0.000002340,2338.21,2208,2208,0,0,4.11,4.11,0,0,0,0,0,1,0,1,,,,,0,1,1,1,,,,,,,,,,,
1790994189,39eBixffUCh2GqF8sEE9fZ1rqoeP2HxNsstN5X5ppump,AHOY,6X2DJ4sAq6fYkUwz2Q5PWEJ4KfSUqzcUD5WRhmTV9zD4,pumpswap,1790799673,0.00004013,17765.35,38041,38041,0,19.23,456.35,2275.16,0,0,1,1,7,5,65,43,,7.19,14.39,17.8,0,1,2,1,,,,,,,,,,,
1790994192,8nSQRjqWKuLYfLgdvYaYm63hBoiKSZvGqN7yVaHMfc8q,Qubit,4pw33MzUncQx9EejM7veokeXayx5RNb7nzBE71FUnMyQ,raydium,1790800727,0.000006036,6800.16,6036,6036,0,4.83,85.06,5916.57,0,0,0,1,2,4,61,62,,-0.64,4.84,-30.98,0,1,1,1,CPMM,,,,,,,,,,
1790994190,5HEe8hq8KcU8rvKv7U5YQ7qZndZkijUcgJzCjMVS2Unb,DEADGUY,CLn6Vf2zbgWdx4j7e6s414E2RfnTG66Z4GbV8jeHz8v4,pumpswap,1790802520,0.000002412,2412.74,2329,2329,0,0,0,4.91,0,0,0,0,0,0,1,5,,,,-1.46,0,0,1,1,,,,,,,,,,,
1790994193,B7yfFFkX4NtxtQwGdegi2DuaVssitc3FGpqF2pxUH1zM,PUMPKINU,5YzMhNDv7X6NCyxoF2HvRGw55cs7x2cjNoRpoHFn9S5o,pumpswap,1790798075,0.000003625,3717.48,3574,3574,0,26.62,53.04,455.08,0,0,1,2,7,7,30,71,,0.79,2.04,12.99,0,1,1,1,,,,,,,,,,,
1790994190,3v4FdwQVLWKGepzX7MstykeJZkCfMaS6W6ASRjiKpump,HOTSHIBA,CYNZatWZDtcxBSZsgxbX3KVd5pKYb6FRHyPWcpx7rZ6T,pumpswap,1790800867,0.000002890,3307.3,2807,2807,0,0,7.53,9.04,0,0,0,0,1,2,1,5,,,0.28,-2.96,0,1,1,1,,,,,,,,,,,
1790994189,2dTGg7tybAVYi81qg1ETfbGXKKGA77of3d8rBjKcE4N2,SI,z6yuzgMZNEAdjkG3zyDNPNm7BzXAkTRzXH5pT8PkuN7,pumpswap,1790801106,0.00003007,14319.29,29607,29607,0,0,318.66,3289.67,0,0,0,0,4,8,19,33,,,0.74,-15.95,0,0,1,1,,,,,,,,,,,
1790994195,Eq8yd78WXjHKRksRpqzXUSDDdzwcV9mdjCBqThkqyY3q,INUINUINUINUINUINUINUINUINUINUINUINUINUI,6XP93srUjoeR3fyubi6ehRkNBoLDVUdnj2n1uNfFkgsG,raydium,1790800152,0.000003509,5748.54,3510,3510,0,0,129.03,465.7,0,0,0,0,0,6,3,26,,,-8.05,-14.54,0,0,0,1,CPMM,,,,,,,,,,
1790994190,5b7xUtsR6SEqwszsSBg5wu9f3o1V6JwUDLkoAxMkpump,SRI,DfwKe9tgR2q7fnz2ME3FYfVUohx4NZFZi2tAX95GrAoY,pumpswap,1790822919,0.000002782,2821.95,2693,2693,0,0,214.66,364.99,0,0,0,0,1,5,1,25,,,-10.81,-20.25,0,1,1,1,,,,,,,,,,,
1790994193,AV9TkfXb8LcAgjKuVBpp7qhaL6wHuAdEtBsgsduQpump,Quest,HYU7woAVxao45T4Q5TuGRgowpimG7b3RGT1Ln1e13WwZ,pumpswap,1790822365,0.00001712,11109.68,16684,16684,0,772.91,7403.34,74724.89,0,0,6,10,78,93,705,701,,-1.99,-17.75,-74.38,0,1,1,1,,,,,,,,,,,
1790994189,26uqr1EAd5o9czpp3CxWGRPBgzya2733WC7faQX4mqNA,TRUMPTY,3wEUjhLesDjHasbWWQng4rSqLHjAGvMLAcA7REspuWvy,raydium,1790822912,0.00008919,27622.54,89200,89200,0,9335.39,20724.69,163950.32,0,0,33,30,84,66,290,269,,-12.14,-1.16,-3.11,0,1,4,1,CPMM,,,,,,,,,,
1790994195,Fht8WJMoC66wrmLA5pzhtXc5JxLsWudJK6i3cPfvpump,WOJAKVRAX,EgXwTAdeXWDNfqam7fAp1CrVXeDLNLSzwYcPs1qSMjvv,pumpswap,1790821965,0.000002578,2915.38,2507,2507,0,0,0,1.33,0,0,0,0,0,0,0,3,,,,11.07,0,0,0,1,,,,,,,,,,,
1790994196,H9qKeikv2EuifXaMCWSFQSUvNHUu2dre9R3Gmz62mvjw,Ajax,EGRWwHLfME2U2rahMu6BMqonMNeG5ND2CdVFPX1CcAE9,pumpswap,1790821407,0.0001810,45352.01,178484,178484,66.5,6996.64,59995.79,410205.89,2,4,49,70,521,476,3361,3386,-1.12,7.58,-19.99,-63.96,0,1,1,1,,,,,,,,,,,
1790994195,EEBNzEpr3132u3QAeWxfVzsDSaMURwFeejwMD1zvpump,human,DiqJa9wy6shELZxeuNYVu5g2Thr9e3saGwQBrV7dang8,pumpswap,1790822770,0.000002366,2377.53,2238,2238,0,0,0.19,2.74,0,0,0,0,0,1,0,5,,,-0.74,-1.97,0,0,0,1,,,,,,,,,,,
1790994192,9WktionM1G1Pz6TY8BXn9qcMjpahxQTDbGMMJKAXKray,WHEN,8PnUx3iDxEBYxYtJzN8nkoR4fYVeaYMWCT911WiSN4i3,raydium,1790789636,0.000002153,2283.44,2153,2153,0,0,2660.24,4940.72,0,0,0,0,1,11,5,32,,,-91.02,-95.71,0,1,2,1,CPMM,,,,,,,,,,
1790994197,si1u9ctHoUjQvQXVhUeTGdLptDvp2aRxFcD5jWYFuEh,dotsi,7eL5bkbTQGXScQyJ6fqEm4BJAo4T6v52irKUWVAT4NiY,pumpswap,1790842297,0.000005392,4735.2,5141,5141,0,15.72,439.74,4299.98,0,0,0,1,0,11,54,115,,-1.76,-21.07,-53.81,0,1,1,1,,,,,,,,,,,
1790994195,F458Huat36hKjLPc7dmL4uEixBAgX7fUjxWwnUEkpump,MASHUP,5mfeK1Pygz1rK6sbKXZUrdYdE24NgsMee56N8HKabVZY,pumpswap,1790846727,0.0001033,29929.97,98164,98164,279.03,7101.8,47086.45,218754.63,2,3,36,38,212,256,1198,1379,-2.14,13.35,-18.6,-16.19,0,1,1,1,,,,,,,,,,,
1790994193,ArStPxnjmUCKXtBoiwNnH57vw82k99JAQ1KnyaAopump,McDonald's,8AW9At5x9FCixTLvUgRgd9f7RqjJtHHHibk5J5HADKxe,pumpswap,1790841485,0.000002169,2200.38,2159,2159,0,0,0,1.11,0,0,0,0,0,0,0,1,,,,,0,0,0,1,,,,,,,,,,,
1790994194,DV8WPt5mPkhtH1CC9Qe6NgYMsyw16sMBUTx3YTTogift,SPLURGE,53ptwYPjqaRncHPAQaQXR9jTUh71aZ3w2AeFNc1K6wE2,pumpswap,1790845358,0.000002964,2893.2,2739,2739,0,0,0.07,238.22,0,0,0,0,0,1,10,18,,,0.31,-2.08,0,1,1,1,,,,,,,,,,,
1790994194,CoDrovyDiKJLCBSLzbf4s5fa1JLdiK2TVJExTFtGi8AK,ZI,HT4v5CrDgyTAAYjAQgzSzHaNpMR7RmwskypnRFG2Hxf5,raydium,1790780974,0.00001170,9635.88,11706,11706,0,1379.39,2085.16,17905.64,0,0,7,13,23,24,204,124,,-35.86,-30.4,-31.19,0,1,2,1,CPMM,,,,,,,,,,
1790994195,EeSLii2CYwTcXX6qWGmsJCrWM8JDujbKi2Zar6d8pump,Google AI,FNzUdaqKhdCvczYqhxJ5zaJJKgRjD9C5gz7yy5bxaBsZ,pumpswap,1790844347,0.000002182,2215.87,2169,2169,0,0,0,0.01,0,0,0,0,0,0,0,2,,,,-0.14,0,0,0,1,,,,,,,,,,,
1790994193,BhaQEvju9852hiJiFs9Y2ecGRb37oUfE9dAA8pLSBAGS,SHL0MS,CPtHUREDE6HYt1UfexGFBXw2wFQj34FwdLeyzJKRAjQb,meteora,1790843179,0.000004261,6021.07,4262,4262,0,1151.32,1682.94,5457.34,0,0,9,25,208,31,256,114,,-24.39,-31.69,-55.67,0,0,0,1,DYN2,,,,,,,,,,
1790994189,3hoQAjDaosQWqKR9jTWu53t5AjWaQuuKdbvmoEzL8u3d,BOB,4qTe4GfpiFHMwyuZnDFEbipfuhhZYcPGdZHTHjHzMEGq,pumpswap,1790850368,0.000003545,3360.54,2751,2751,0,0,0,5.04,0,0,0,0,0,0,1,2,,,,-2.6,0,0,1,1,,,,,,,,,,,
1790994190,4pZ9PdgmGHJyiJoBrS5sn12YznDGYPbr1vGB6tgkSykb,Leo,Drh7JkbBRvw5DsDaLw3p6x7BKdsCbNFHkSZhpBjdYdcp,raydium,1790849746,0.00001867,15366.92,18671,18671,0,346.92,3148.89,24595.35,0,0,0,3,14,15,177,136,,-7.44,17.09,116,0,0,2,1,CPMM,,,,,,,,,,
1790994190,43WhJUaUbdVNSZG6H2khBjTWGs4heEEvhgX68kAvpump,BOOBA,Gps9W2toXuBjbsxkjtou3efm9jS8nwNgGvvocxL6rsso,pumpswap,1790849157,0.000002728,2734.63,2630,2630,0,11.88,474.74,530.7,0,0,0,1,0,10,0,23,,-1.91,-29.62,-33.09,0,1,1,1,,,,,,,,,,,
1790994196,GkDxVeeXvcX6CHz7AYrduhaL4tuschcA19JNWRCjpump,STATS,8aRfzYAwVMFtnR15mD3BpS1zux2yEsGZBTRG8bHF1JY9,pumpswap,1790858096,0.000002317,2320.74,2227,2227,0,0,0,63.83,0,0,0,0,0,0,2,8,,,,-3.26,0,1,1,1,,,,,,,,,,,
1790994196,HFNSKQh7bHzEKzt5m6pe79FmGiZ14PJjJScBshts8Yd8,かのくん,nLeBNhqVgStTozsf5m9jkx8tfgg9zJJTRHbb5QJFyW3,pumpswap,1790850160,0.00001148,7810.38,11047,11047,185.42,1213.54,3662.48,54874.97,0,2,11,11,41,55,746,594,-7.65,-16.3,-32.88,-3.42,0,1,1,1,,,,,,,,,,,
1790994192,9kLnq1AKtsx6WAxTbUyYvQySEpJj4J6pCzQqHHKcpump,MNM,FvhoSArU7vysQmbJT5PBnEvjErXTjie7FTw12zwFZ8qi,pumpswap,1790849558,0.000002417,2586.29,2343,2343,0,0,0,0,0,0,0,0,0,0,0,3,,,,-1.58,0,0,0,1,,,,,,,,,,,
1790994190,4usybUBhbewBx5nUx6PZE59d6WhvYsJjKn6zT5MAZpF8,1HOUR,8EuDo3rY7ivSZWFBf1mTRH422VpGdGvdkSUJa3ZEuPT3,meteoradbc,1790856753,0.000006571,,5563.08,5563.08,0,0,0,72.25,0,0,0,0,0,0,0,2,,,,-1.87,0,1,1,1,,,,,,,,,,,
1790994191,6PS5TzY27BCuh8HYAYpfsiXHy1Y4CPvtCRSEnPz6pump,WOOBY,26nGZWjSJ5yttAQKs9NEwdRA8ZbhfDW2PdhEPoPPQCqC,pumpswap,1790856751,0.000002335,2353.84,2257,2257,0,0,0,4.45,0,0,0,0,0,0,1,1,,,,-1.3,0,1,2,1,,,,,,,,,,,
1790994191,6hjaMcRPvB4DEGpHqgHxmgipb2vrGQWMewZBAVSLpump,STATE?,5WBYceMmszMxy2CxLTtcHLGefL3Y3kfvAqMasdTLFNv8,pumpswap,1790605787,0.00001787,10302.1,17236,17236,5.8,1132.5,6524.07,49713.47,2,0,20,10,83,84,644,495,0.96,11.44,-10.66,-62.54,0,0,2,1,,,,,,,,,,,
1790994192,7mEhH5gsuwPeBC9n9C2XQJdXinWhKGfNhrt4r8db47Cn,Snoopy,5bYtv8P5197JM6oKwAt1hZBo1xJ8m7VTco1NArmqMv6B,pumpswap,1790857169,0.00001277,8681.02,12309,12309,20.61,199.58,3192.17,35943.97,0,1,2,8,55,72,521,502,-0.36,-4.5,5.99,-41.7,0,0,2,1,,,,,,,,,,,
1790994192,82wr8yv9QK44JrjbS2kU8V7TdmdvwkBHLDDtfKdupump,BAGWORK,FYgPCgpTsjNJPRAq4koq6FdMf8mhnVrEhCy5oh9RZCgn,pumpswap,1790856521,0.000003092,3127.31,3000,3000,0,0,0,75.17,0,0,0,0,0,0,2,19,,,,-6.15,0,1,1,1,,,,,,,,,,,
1790994191,6tdakNZRvYskxXorh2wmyKhxRe2G9dQ2m9m8xtQNpump,Bagroom,HW4nRzRRtvzEMcnzbJ6opmhTMWpCjKZnUU6SihxeseRn,pumpswap,1790857893,0.000002279,2283.61,2183,2183,0,0,0,4.93,0,0,0,0,0,0,1,4,,,,-2.79,0,0,0,1,,,,,,,,,,,
1790994190,5M9a7uQ4urDdwdFNitssdfjMBLeAqdCVUc2Wd9Bpump,Athletes,8mDv8GxGfemitAyamp6LLCAnnV3uL6YzD7DHzninAawr,pumpswap,1790857641,0.000002635,2892.73,2541,2541,0,0,0,11.43,0,0,0,0,0,0,2,1,,,,1.12,0,0,0,1,,,,,,,,,,,
1790994190,5DasfQV93VnQJ2tC8q9nwknUppWVjL1kDvuFG4rnKXKc,B,A4M3N3XLN1EMS95ZA9p8HxWg1zfpMcKACxn2GQ8FDAND,raydium,1790864093,0.00001672,12412.63,16729,16729,0,0,5454.09,30087,0,0,0,0,35,37,212,193,,,-7.47,16.89,0,0,2,1,CPMM,,,,,,,,,,
1790994191,6H75PU1Z6Yt6gt9ow8aLpqSubJy6nyfW2jtHffVwDnCt,b,AiucNByHhwgjbR6sSPX13L4sDVMS3mtwJCSpaiccBmtX,raydium,1790863417,0.000004841,6815.52,4842,4842,0,0.34,27.6,727.45,0,0,0,2,1,12,11,60,,-0.09,-1.56,-11.41,0,0,2,1,CPMM,,,,,,,,,,
1790994192,8ypYfW5cjafrfAZij8TZj5SFHAbPNpiRio96LMzypDkn,BTC,MtD7C3bpRPP2LNim3DUfnoVTuRSQHBuCWhu9fKYKJqh,pumpswap,1790862752,0.000006373,5657.62,6124,6124,2.82,52.85,674.07,21723.5,0,1,1,8,13,32,274,392,0.06,0.41,-9.37,-63.62,0,0,1,1,,,,,,,,,,,
1790994196,GULoSAoTe6VMN89iQy7seGsRwUehtLz9uVVW569tpump,UNITES,3TeP2BWpqW1YyKhoGhVf8KxEoYTCKjH6MPYT4mbrMyYk,pumpswap,1790861889,0.000003788,3758.99,3586,3586,0,0,9.95,52.33,0,0,0,0,1,2,2,10,,,-1.73,-1.56,0,0,1,1,,,,,,,,,,,
1790994192,ACLjA8MJypDUutwSnjPoWy8bG4hj73gDCAebuoqDpump,SEEDLESS,BPTK8C1Z5jcd9KTm5auoaG2UgvXBMpVymTRu9ZS9tc5k,pumpswap,1790864575,0.000002863,2814.65,2642,2642,0,0,0,30.56,0,0,0,0,0,0,1,11,,,,-4.56,0,1,1,1,,,,,,,,,,,
1790994194,DpGNFJ4pk4dBwDXR5R4sU9S8qUkfH6pS5nVH4gUWpump,SuperPaid,BuhGf8UjXhx9P7Nqd6DZ14j522rzhHwVDbnj9GR6qerc,pumpswap,1790864243,0.000002489,2577.96,2335,2335,0,0,0,12.44,0,0,0,0,0,0,0,6,,,,-2.85,0,0,0,1,,,,,,,,,,,
1790994195,Fn9yPE7piEUxFn78HuBrSL2yk5goD4mu6dtwz6k2pump,Jane,7i3L1qwprTTCsVqj8tdXDFpQbWXqC91g1TfmDFjhWvys,pumpswap,1790863761,0.000002460,2619.34,2377,2377,0,0,0.05,112.36,0,0,0,0,0,1,2,7,,,0.56,-5.75,0,0,2,1,,,,,,,,,,,
1790994196,HmMDsu7WFPxJVhXEZdkMFgQHgschqA73DnuSTheYpump,Janes,8ybijrpQm5yG6pkPC2k2DaGkv2m52Zz3VCJMgNTyk99y,pumpswap,1790870670,0.000002488,2766.08,2450,2450,0,3.32,11.59,45.06,0,0,4,4,18,12,40,37,,-0.49,1.03,0.29,0,1,1,1,,,,,,,,,,,
1790994196,HXJJiAwtJuwCgqPveEaf8sDG4myXGopSzrZzCnhtpump,POTS,GATjH5XKTfHNLvCzg7M9M8o2UmPhKyvuF9M6RMWZEJxy,pumpswap,1790871495,0.000003295,3221.87,3099,3099,0,0,0.03,168.5,0,0,0,0,0,1,5,30,,,-1.51,-9.98,0,1,1,1,,,,,,,,,,,
1790994192,9matgUN4r3sWb9RcPmBQ2744MS12aD7r9qzWpRS7pump,WOP,DxaqUGf3wvLYq3BW1LVNY1j2qyvPUrq5SSbLKQZQFhNo,pumpswap,1790870776,0.000002987,2929.23,2701,2701,0,0,0,0.35,0,0,0,0,0,0,0,1,,,,,0,1,1,1,,,,,,,,,,,
1790994189,2qizXDtpK92YziSqmt6Kry3Zc6CNuZxjbQodqcEsZXMR,XCAT,GdA9zjFBz6S7ML4MRYjNmxgW87m3Br7qtbdHdvj6wCjy,raydium,1790862404,0.000006819,6859.08,6819,6819,0,7.78,509.41,9964.11,0,0,1,1,9,18,79,247,,0.54,1.43,-53.29,0,0,0,1,CPMM,,,,,,,,,,
1790994194,C7WsYzixPHZSG39ei9W4rdH2TcfWxtDSvBBACNLc3yJN,HARDHAT,4gwtAwmwNMPadM8CEEkdPeXNoajeaEJeyPZnguapyVUr,raydium,1790870499,0.000002886,4808.47,2887,2887,0,0,0,272.26,0,0,0,0,0,1,5,32,,,-0.92,-21.43,0,1,1,1,CPMM,,,,,,,,,,
1790994195,Fcr5Ps2Rn6R6QjNSJCScWMhrGWvaU1t23R7UNv1iGDhk,GG,EmUgaiZJDsZqqpf59XActiu6XMvYNGXHzdCic5DMA9AS,raydium,1790869935,0.00002522,15679.31,25225,25225,0.55,1302,37420.06,336139.7,6,0,42,24,429,358,2902,1992,-0.05,-7.37,-48.19,-85.85,0,1,1,1,CPMM,,,,,,,,,,
1790994195,F1JSxxu5NjNV7D5j3SuqhtQ7VJJN7brSwwVFp95pump,T5K,GR3seHB11eGJDLk5zDd3yxKTBZfC3CAphz68eCe3Ttmk,pumpswap,1790871617,0.04480,612042.3,44806385,44806385,717.34,8693.97,52125.39,212256.94,15,9,174,114,1035,679,4131,2743,0.05,0.34,3.46,7.66,0,0,0,1,,,,,,,,,,,
1790994190,4k6izeEjsmsB2HGem2MMqjMxMMgDg1JZgkC1GaSVpump,SA,8tD5Vd7aP76SCZdgSH1cPcDUcEW6qBgFUnd7k3Em5UM,pumpswap,1790870893,0.000002549,2848.42,2484,2484,0,0,0,2.89,0,0,0,0,0,0,1,12,,,,-2.22,0,0,0,1,,,,,,,,,,,
1790994189,2Vt5vwcSbJySAkbmWaD5DBLRoCq3B4GeAPCtBw6duAjc,Tesla,8j1ydGGySwPfagqfwvRsG41RmzXW9wTF6aXmLUQ2aCQH,pumpswap,1790870327,0.000002143,2182.16,2132,2132,0,0,0,0.02,0,0,0,0,0,0,0,2,,,,-2.36,0,0,0,1,,,,,,,,,,,
1790994195,ELEnRRcKCuuPJBJPeTTGCRocjkBCwbd3R3f8nyg8pump,silent,2bzfurGrmWhEXHpLggzGoJmt4hjHu7EQubtByVrdvBYS,pumpswap,1790880054,0.000002677,2829.06,2636,2636,0,0.98,13.12,223.41,0,0,1,0,1,1,3,36,,1.83,1.1,-11.76,0,1,1,1,,,,,,,,,,,
1790994189,242mDa6NfwdpiZi7cBcHf7Rwn6BQ8LA44fwgEptupump,Ringo,82UwwQvrvKbWQ46TjikbcBkAQXFhq68dcWSdJ5i4EUFK,pumpswap,1790881920,0.000002314,2309.66,2217,2217,0,0,0,36.32,0,0,0,0,0,0,3,11,,,,-2.25,0,1,2,1,,,,,,,,,,,
1790994190,3oKUDGkNqbfKKrYNALjCX3kPsvDTjawnsf9v4dkneUC7,SEC,CctYvZM6eZdx6UwDsdMgpun1dRHC6WGutSSMumBRV2Zq,raydium,1790875613,0.001627,122222.92,1627670,1627670,609.32,31239.57,136806.64,541501.22,8,3,169,68,627,320,2273,1525,1.92,-11.99,12.19,5.41,0,1,1,1,CPMM,,,,,,,,,,
1790994190,5EvrB7f6RPGVeKY54Fy4a1jjGKCZ1cWv3tUafcG3pump,ETF,J6y6kSjY43AjTuu2UJXMktybWGuMLbvpkWTHUuKKtReH,pumpswap,1790879160,0.000003041,2973.63,2683,2683,0,41.31,45.58,278.64,0,0,0,1,1,2,3,28,,-1,-1.12,-16.6,0,1,1,1,,,,,,,,,,,
1790994193,BnkrBHH1HEryHCw4KWKiL13MyukD6uNPGEoJtDCsphn8,Chatgpt 6,F7q9k7cRpwY83iHq3XwoQvUAjDEKetbpLbrDCnrkySF9,pumpswap,1790880040,0.000002205,2229.15,2190,2190,0,0,0,5.2,0,0,0,0,0,0,1,0,,,,,0,0,0,1,,,,,,,,,,,
1790994192,9fJAWKQpkY93hfuZxrHfh5wEh2AV9vjkWNQfzfbziHd2,PUMPE,G7iLGa5Y8CERJaW2asC4bMV5SWjijQ1y2SWU5sBdZxr2,raydium,1790881120,0.0006678,76486.94,667872,667872,67,13752.8,76486.72,395781.17,1,2,24,29,172,227,1127,1234,0.05,-8.24,81.6,48.34,0,0,1,1,CPMM,,,,,,,,,,
1790994190,5Mv6c7taXXkKn4byivDALNJJZ5NGu3aB9WJVXgSVFt3p,STONKR,Fv4G5XJ3WLF73UNAsPLABnCzFF16DuPMp9oehY6otpte,raydium,1790885460,0.0001588,36096.56,158886,158886,430.97,19221.84,57143.95,214235.21,4,3,107,53,273,221,996,848,3.92,-17.69,-37.1,-55.9,0,1,1,1,CPMM,,,,,,,,,,
1790994197,JAqGStn3hvZxb1wmJRigtD2sEPode3KvuGLcEmP4pump,HUNT,2b4RoajTGM8GLv1qbnbw1L8cU4sYpUxF2Ek36gB7dHii,pumpswap,1790885652,0.000005020,5058.83,4788,4788,0,0,0.43,1110.02,0,0,0,0,0,2,5,36,,,6.74,-18.49,0,1,1,1,,,,,,,,,,,
1790994192,8HJY9GTiEGgPoUAs3YSRiwLUukZKhKcH1ngqLB8qcBxx,PUNCH,3o2QaESTB6epYfkLzWndPXhhDZYJsrh5LRsv2ETGPDHa,pumpswap,1790883419,0.00008900,26529.14,86457,86457,7.28,875.03,35344.78,323811.28,1,0,14,18,277,238,2086,1943,1.56,-2.21,-43.31,-64.94,0,1,2,1,,,,,,,,,,,
1790994197,icgvvPx9b76BoJ5CscGzYL8zzAHZNXzgY2NpqnUuhdG,PUMPOWEEN,Dx4s2TDm3p3xGfX9VSTnK4x3jTzLKMYQWCdmnmjxUxit,pumpswap,1790886511,0.00004771,19283.47,45911,45911,0,17.81,3782.11,10595,0,0,1,1,11,14,99,104,,4.11,-5.56,15.37,0,1,1,1,,,,,,,,,,,
1790994197,S8RVrnzKkRpbDffxa8wDBGw9y2Wk8XSC4XFegwkq2Em,QUANT,2nBFtcWnWJBcqbMoXaUz9AimxcrYGd3dD5n3bWLXr1fa,meteora,1790884428,0.000002414,4599.66,2376,2376,0,0,230.48,255.98,0,0,0,0,1,2,2,9,,,3.92,2.44,0,1,1,1,DYN2,,,,,,,,,,
1790994191,7A6pgYtKkN75URKFyrStMBzkBYoceDk4Wo2Es1Ctpump,SJ,39pZ6rFP2FJsQYXQSFMwgQK67vtdmKjF8yRJUSa9whF5,pumpswap,1790883868,0.000002583,2906.94,2537,2537,0,0,0,48.77,0,0,0,0,0,0,2,3,,,,-0.02,0,1,1,1,,,,,,,,,,,
1790994193,BzhEC3LdcMPbzkWfJs4YJ1TTjM2MZKR7DMJfR3Hbpump,Ghost,B7hjMXYsbc1hrsJMmAWN7SXXT2jVXFUeWR9J7RHVEH6F,pumpfun,1790883893,0.00001139,,11394.75,11394.75,115.56,302.52,4426.8,66620.69,1,0,12,2,57,47,738,540,3.6,4.24,2.75,-50.3,0,0,1,1,,,,,,,,,,,
1790994190,3qaWXzYbTnUhbe5YSsP8KL1vkDRerohiusHgNFjGpump,NTDA,9uFQ65JzgeivQEVAA6rZaydyBYZQpdjts9RqbphaERtT,pumpswap,1790886057,0.000002352,2373.2,2352,2352,0,0,0,353391.96,0,0,0,0,0,0,1771,1310,,,,-99.99,0,0,0,1,,,,,,,,,,,
1790994192,8RvkVCzoQ4i1Dc7LKfQV2UopCKtLjxFGhe3vFDzVbTP5,Hutter,FJzw3uikntaw3WZk3YqDi1emoz4973uDTR8bLUJeJY1o,pumpswap,1790885729,0.000003403,3600.62,3354,3354,0,4.22,83.45,908.84,0,0,0,2,1,10,13,71,,-2.21,-4.1,-15.53,0,0,0,1,,,,,,,,,,,
1790994191,7FXUnLBeMGonXs6qx4z3Vyba3VHX6hxwnkCLsYwmpump,Pabu,8jP1Kn5gAU7KBJsRvvfpSwRDZxVnjgXmxgaFLpVCexJ1,pumpswap,1790885170,0.000005725,4973.95,5554,5554,0,0,27.59,6129.07,0,0,0,0,2,6,64,123,,,0.06,-24.75,0,0,1,1,,,,,,,,,,,
1790994194,DRG67aZrzfeSjTa2YfFZvcioYEALwBFt4rgQckiPui8T,Play,8JTFWsXE34YY57fh7YdoEpGXC6CGKM3zDonvrJd2uAxK,pumpswap,1790896722,0.00002584,12678.07,24613,24613,0,3726.89,16411.82,68091.33,0,0,21,25,154,125,582,563,,-8.04,12.08,-5.28,0,0,2,1,,,,,,,,,,,
1790994191,7VertkgF9KLhxxJXHX6uaWuoYZTP9LdGj2bWmVXVpump,Agency,CyJwKnLiiY4fmiwqMCSWFSHxo7T9Ubshgs2uRAuJCrk5,pumpswap,1790894555,0.001982,168391.52,1915185,1915185,2374.43,63924.53,1164663.37,13070646.43,17,26,315,312,3937,4044,45885,40964,1.11,-19.96,13.29,943,0,1,1,1,,,,,,,,,,,
1790994192,8r5faMhtYbc7gp411LQt9oqzQybRfy6LG2FJauTsfnKg,ORBIT,57sSkdadcLBdbgn5gZr4LAgctgyzAh3B6yDf9Zdappai,meteora,1790966306,0.00002581,15575.25,24465,24465,94.04,2172.47,32943.37,96660.88,1,3,14,21,251,196,600,435,-0.22,-18.19,-53.83,-73.5,0,1,1,1,DYN2,,,,,,,,,,
1790994193,BvJUuGCj13QTpF3DwoPtYcpyKFNk8chLnb2rzbpNWXyk,FIX6900,HdMxM2iSnCJ2uLjnyuP9WSq4Z1JyKtdH3JjbBc1oC1tx,pumpswap,1790893303,0.000002905,3115.93,2840,2840,0,0,118.05,1039.52,0,0,0,0,1,9,14,44,,,-3.72,-12.66,0,1,0,1,,,,,,,,,,,
1790994197,quNxJesoKwZjMdRjCWKikDYJ24xLwuS5bupiH3yWCjV,FIX6900,6kz453j5hsyVojKW1s9LFQ5dDSqnzFwWQnGMeTNnNqdR,pumpswap,1790893050,0.000003043,3243.78,2946,2946,0,0,22.63,2440.78,0,0,0,0,0,4,38,80,,,-3.87,-67.65,0,1,1,1,,,,,,,,,,,
1790994193,BJyrtwU1hnK4Q2tgfmNvuDJgZu31MaK6t6xy8BHtWRha,Jane,FWGMbPUG8z3bBuVtaJaahusZD2dCCoLdSJ33qSoNvKXR,pumpswap,1790894494,0.000002979,3053.49,2871,2871,0,0,0,8496.35,0,0,0,0,0,0,92,105,,,,-17.94,0,0,0,1,,,,,,,,,,,
1790994195,EFtMJryTCBdDcc7MS1wnsW41wD6edXcvLkUvH3v1pump,SIP,4BkiAwwFf5Qqjm3ALL9dkLVsoWZsB1i8RamL6eJaiG91,pumpswap,1790900341,0.000003105,3345.31,3034,3034,0,206.5,190443.51,1201247.48,0,0,9,14,3008,1785,19319,9401,,-4.29,-99.54,-99.4,10,1,1,1,,,,,,,,,,,
1790994197,fqT5Ta7LN1s1ghcJVyuhxXp8PXYyjup1jX2AWCHpump,aduse,5q9JUEockjpPNzdw7CwdzRUSdWYAkMmbCBKoDWgTFLNC,pumpswap,1790900631,0.000003034,3059.33,2912,2912,39.8,39.8,55.04,176.1,0,1,0,1,0,6,4,28,-1.5,-1.5,-2.28,-8.7,0,1,1,1,,,,,,,,,,,
1790994197,uPnLjPVtyJ359VMyEC6Kp1suDix79KSh1JzZvPhpump,SLABS,5Mfcy6h2ex3zivnD4fb7faLqMmvg2T4GE8nxBSJhXsgq,pumpswap,1790898399,0.000006263,6299.99,6102,6102,0,0,63.13,10974.15,0,0,0,0,1,7,82,197,,,9.5,-70.27,0,1,1,1,,,,,,,,,,,
1790994197,MN8iFkQt7Y93wmoxcrPdXkQRbWqXYjAYCXKRCmiNDEx,PUMP100,6gsEeFRaz6bDqfbm8Ct1vMcihGvG3YZwJLP2NsU2DGcw,pumpswap,1790900056,0.000003020,3137.24,2963,2963,0,1.54,24.59,718.59,0,0,0,1,0,7,12,55,,-0.92,-0.87,-8.19,0,1,0,1,,,,,,,,,,,
1790994189,2bN51Rmq9bxXoafZMP6m26HfiEB8uqxdD4SpuyPCCASH,CASH,HiNZvNqK9LKvCfFpJyg1sVEFKN2FiQsQrNsohdseQpnY,pumpswap,1790899759,0.000002828,2946.84,2762,2762,0,49.2,125.85,2411.6,0,0,0,3,3,13,66,211,,-2.91,-4.61,-48.46,0,1,1,1,,,,,,,,,,,
1790994191,6D7KHzQWUueMYUo7ERRo6M2y1ni4DEdar39r9jQj5nkk,RAM,BBSUrbytsQJYq6i3Vivk2sszqGxsJfo9ZEpHmPSzrVRL,raydium,1790898939,0.000003445,5159.96,3446,3446,0,374.56,491.76,2930.57,0,0,2,8,5,10,49,73,,-22.19,-16.47,-48.27,0,0,1,1,CPMM,,,,,,,,,,
1790994197,f9t9ZtbmonrKiJP1GECP2HZoFM3sQrpPzs2pAqfpump,TRUMP,G4U559n8t9FnR7dRT2Mn2z1BbhnsJ3Hre6dCeaXc6nf4,pumpswap,1790889206,0.000009989,7913.25,9865,9865,26.49,729.79,5396.56,86736.44,0,1,2,13,75,136,1767,1389,-1.31,-24.31,-39.64,-74.98,0,0,1,1,,,,,,,,,,,
1790994193,BZFYNPeQAEW3HWQ4DNsTVahC1n4ZjTgn6jB2nnBbB96W,SAPLING,6ejg4aYJM3Mk1t2zBKjbJ43df3s7rBMpC9mgo526K51G,pumpswap,1790372353,0.002184,180356.22,1759378,1738952,1845.78,51031.39,364338.94,2529828.08,4,5,89,76,809,766,4575,4478,0.24,-9.02,-37.72,-46.69,0,1,2,1,,,,,,,,,,,
1790994195,Eqj36zHPTboNDYfX24sXvWf9e1wqY7kr823hbSY1pump,CUH,ADAta1RwnJaojRtsSVmN8CF8UFU23fmNdzbsxR1rzBoi,pumpswap,1790981197,0.00004192,18014.57,39854,39854,1.37,372.99,17485.35,17485.35,1,0,9,7,142,111,142,111,0.43,-2.48,-25.33,-25.33,0,1,1,1,,,,,,,,,,,
1790994191,7eXuoiuEo3Tx8Yhq7hguZyyiQYKTzASSyHUe6TExpump,PUMPMAS,Epvwwzecg2XtnGXCbYcY4Jocz8YvK9ycytvvMDANGTdc,pumpswap,1790907526,0.000002572,2551.54,2446,2446,0,0,77.44,16787.44,0,0,0,0,0,1,54,565,,,-4.28,-95.69,0,0,1,1,,,,,,,,,,,
1790994196,GyTy9NX22wdrSeWUvSrZTKGntNLSrFDrXLb2Hxaw7Gqc,INU,LqEhQYvbSjhqnu4UTp1rYSQV4he2zkoWzGRnBKS23WE,pumpswap,1790901811,0.000005496,5210.42,5271,5271,0,47.13,1833.59,47313.33,0,0,0,3,17,30,537,497,,-3.29,-20.25,-56.54,0,0,0,1,,,,,,,,,,,
1790994195,FKGdipWTsvD5z8GqRn9uhMAskN7seAp2yR3Ra7Knpump,FIX6900,Ek7kfc3nEcQMFr1ozkY82pmuMJJfPzCBAd7jHT3Fr2xP,pumpswap,1790902223,0.000004637,4414.54,4497,4497,67.17,113.26,122.6,5021.72,0,1,0,4,1,6,42,79,-2.65,-5.39,-3.61,-40.6,0,1,1,1,,,,,,,,,,,
1790994195,F7FFFjA1c9NxxNasgWpZt3Rbu6nxYdbkoZVSGRE2dvQm,X,58f5ufT9p8b8eKHcHTgTZ2hG6GGcPzBTrk5titdGukD,pumpswap,1790901564,0.000002163,2177.55,2149,2149,0,0,0,0.27,0,0,0,0,0,0,0,3,,,,1.57,0,0,0,1,,,,,,,,,,,
1790994195,FgssigTgpp1EAZaAvmFJDQ8mXEatZZ6CNvmGg7Sppump,Jesus,EbAuPetBjCk3oXQhrDM89WvijUeRjPrrTpmQMphGh51p,pumpswap,1790908973,0.00001153,7791.65,11021,11021,45.31,404.1,8341.03,202361.17,5,0,11,15,128,104,2941,2169,3.06,-8.08,-39.01,-76.6,0,0,1,1,,,,,,,,,,,
1790994193,AxrtKHZhxAvX3znTsi23ZxDc3HR4KyyVJGCze4pwpump,CATWIFSAP,DW4YhbhUkLbc8sZ98VYjnoAuLrjSX8jk9i6invGNGQ5W,pumpswap,1790908015,0.000002264,2380.07,2225,2225,0,0,0.03,439200.74,0,0,0,0,0,1,14777,10225,,,-1.01,-97.47,0,1,1,1,,,,,,,,,,,
1790994192,8K7h7pENULB68kNMYtE7SxKeFx79nZPqHKAWteUfpump,SHIT,D5RBmBQ4AzJP9DXZbwSe1u3TVTBKNakzA3yn4LGAqPK9,pumpswap,1790907189,0.000004820,4540.76,4641,4641,0,28.42,36.68,95433.78,0,0,0,1,0,3,725,716,,-0.8,-1.66,-91.24,0,0,1,1,,,,,,,,,,,
1790994191,6Y59wy7rPAusDXaSxQVrkSGRAHgxaU9UnuDAACzLqcSJ,PSX,J3Uf9B8PqC1iarP2rEkChxtkJ8AtB31WSiS3aqdRbN2v,meteoradbc,1790909099,0.00005353,,53531.66,53531.66,0,0,0,4714.8,0,0,0,0,0,0,92,129,,,,157,0,0,0,1,,,,,,,,,,,
1790994193,B2YmeEq3kUKffKi2UntSrouq6pKpyXzGVAmCahYpump,VORF,741pxtzVVMPF6hBP9XsFCypwFWQQC6dB1Myt9tBN96y2,pumpswap,1790909175,0.003712,174940.54,3709233,3709233,664.75,8680.5,53899.67,276879.59,14,8,170,113,1019,681,4009,2697,1.19,1.41,12.72,7375,0,0,0,1,,,,,,,,,,,
1790994192,8LnwLGk6BEDoyPrETuXoDSeADC1FeuWqQBDADKDPBAGS,TIKTOK,BjtGoEQ6GKfi383KtyQDxYZpaoP8mbwK81mQNr3Pk2V1,bags,1790909235,0.00006724,,67241.45,67241.45,0,0,0,2.35,0,0,0,0,0,0,1,1,,,,0.19,0,0,0,1,,,,,,,,,,,
1790994193,BGnqFdgHEd6RZyerULVqyj2is1uXRMoV3pyr5ecvmNGr,7,FoKHJCJQ4WLvEXWPcaGVSMUA39Hb39P2FaDWoLLRMA6f,pumpswap,1790909196,0.000003865,3627.96,3226,3226,0,16.07,1210.88,186598.56,0,0,0,3,9,20,1468,1886,,-3.28,-10.15,-92.13,0,0,0,1,,,,,,,,,,,
1790994192,9x2eqpEYesq8gD2nbCcxSyPoy22fbqg3o1zbRK4yEqUj,LUCY,2PSG8hKkfk7CErGVQvNAxN8yM2PJzYK7D28jcffPhkJi,meteoradbc,1790909131,0.00004690,,46902.48,46902.48,0,0,0,2880.45,0,0,0,0,0,0,39,50,,,,185,0,0,0,1,,,,,,,,,,,
1790994195,Ey3qxuhRjNKf49G23ZHBPBwZ9NBnto4wQQx7Brm1opjv,LUCY,5vfKCdNSB39reeQ47QKqXuqvRLmLZLnoAqqve18KKVUU,meteoradbc,1790909094,0.00004553,,45538.69,45538.69,0,0,0,8897.96,0,0,0,0,0,0,318,294,,,,180,0,0,0,1,,,,,,,,,,,
1790994191,6tnx86xyDjQZab8b6mN8U9yoPpN5LkC9QmCQV9rKBAGS,LUCY,DN53hEJL4Vj2f6518KjkJcYATKusbREMLuvQL9vso4hr,bags,1790909226,0.00006816,,68165.48,68165.48,0,0,0,2.36,0,0,0,0,0,0,1,1,,,,1.57,0,0,0,1,,,,,,,,,,,
1790994194,CnbDp3n7CoqXZ5hci1JDd9gy2bz5BWfnC1WHAR7eQtXa,LUCY,D7rGSYc4j12ZFDqUQon9uMs8ZN2LFQ85Nb6k8Wx9pT5q,pumpswap,1790908606,0.000005087,5286.69,5038,5038,0,11.68,1887.45,2708543.04,0,0,1,1,28,38,17858,16812,,0.48,-9.34,-89.51,0,1,1,1,,,,,,,,,,,
1790994191,782qmpSHdrjTHf2kcH1i3npPyq8sw3oDSLFLqsiUpump,SAPLING,H2TeoCrws6fc9N7aREGLhXqqyReR7a6DTLSrCEkB42V,pumpswap,1790907380,0.000001745,1777.6,1746,1746,0,0,0,139099.31,0,0,0,0,0,0,4866,6853,,,,-99.74,0,0,0,1,,,,,,,,,,,
1790994194,DFBXVQ1SodqhNKmmw1BYfyhTVMiZCMzLmksKvwk6pump,SUPERMICRO,4zRDyhN6sqSRbVro36ugziCn3kjzAXy8fq2UgPAv2xYm,pumpfun,1790909022,0.00004909,,49091.96,49091.96,0,0,0,10156.44,0,0,0,0,0,0,7,0,,,,1369,0,0,0,1,,,,,,,,,,,
1790994191,6RufsEXSv9Nd4YUmUGah8MeMXZT2rxn3kriGiBcSpump,MIX6900,Ep4PkMyu5BkVaP8RXEJvdu8QFomBjdEsK6g8hUNFH55X,pumpswap,1790913361,0.000002441,2702.14,2403,2403,0,0,31.13,1120565.92,0,0,0,0,1,2,18134,12867,,,-1.16,-97.3,0,1,1,1,,,,,,,,,,,
1790994196,HFmqDN4HYT2Z1fA4ZCpa8JQbPqbwexZdkk6a8Y9gcKnW,https,2PbGERvZC1CRHTd7GfRKVHRGAYQ1eLzXSgFoko1CUbmK,pumpswap,1790914245,0.000006716,5703.48,6393,6393,9.93,169.15,4050.15,1049050.75,0,1,4,10,47,83,8713,7611,-1.34,-7.02,-52.53,-86.3,0,1,0,1,,,,,,,,,,,
1790994192,8BJu7kgjRtPKsreF6n5yrSttU2pufYAPJSWmaY8Jdare,DARE,DwA5aMK41HjjRpYS8AXpTqdCewdpWLsjijsuDn4Ks7X3,raydium,1790913391,0.0003259,59296.98,325906,325906,579.8,6427.52,61950.24,404368.57,5,7,61,79,387,507,2146,2503,-0.36,-5.9,16.51,432,0,1,1,1,CPMM,,,,,,,,,,
1790994194,CNohWHNTurS7PpB55czspwUJfpk9yy92uf1wXdweEGg9,CATGPT,3hSL3G9q4ZYZWLgyQVX2TCVM6hS2izKcDuweHTPzZgfV,pumpswap,1790914072,0.0001917,49257.29,186478,186478,868.72,16588.27,221354.76,9169583.27,13,8,146,162,2050,1752,54209,45955,-2.65,8.73,-8.78,291,0,1,1,1,,,,,,,,,,,
1790994191,6tpfCENhKozjtambBEecWoV1V6trzqNgi1AQHkTqpump,KEN,GhLLUkrj13WU8yPiA8argBUb6xk2ucBoRCRoVDfeuPr5,pumpswap,1790910654,0.000006970,5757.02,6702,6702,0,1265.27,5020.52,441271.23,0,0,14,14,39,80,5092,4067,,18.75,-19.87,-85.95,0,0,2,1,,,,,,,,,,,
1790994193,B2PcRN33YdYaUxPgjJSckyfH85BXpYCL6RBoLDrLQQJ4,Robinhood,GxPaVmoNWJ4qjfSr1yW4pMtKbY73QYww2SXhxQ7ubDr3,pumpswap,1790914832,0.000002192,2203.79,2193,2193,0,0,0,50904.19,0,0,0,0,0,0,2368,3792,,,,-95.63,0,0,0,1,,,,,,,,,,,
1790994193,BdnAEgWU7kgLQRjdBchmbBCdjEXSFap4JieYhyE4pump,BOT,YmUZVaZRmHRi1cjjgJZopRwuenWMmyjnpP5AhaNpJ2E,pumpswap,1790914879,0.000002394,2385.6,2224,2224,0,0,0,35975.47,0,0,0,0,0,0,411,1784,,,,-95.11,0,0,1,1,,,,,,,,,,,
1790994190,5AHB57R3jatNDJ1bYKLwA1YHGSJkJsCrNhQn4Gq6pump,NVIDIA,5uvxfRyzr4jF9BTYsK4KnuNcSVvGxePf9MmtUK3oJPYs,pumpswap,1790912268,0.000002167,2202.16,2157,2157,0,0,0,209016.55,0,0,0,0,0,0,13567,20574,,,,-95.66,0,0,0,1,,,,,,,,,,,
1790994196,HRhf8umQ5rqxCSD7QrQeeTdoNrLg987wQDTDArj8pump,fkaAI,5f4vR2YC2dAfnadZBrnEp5yCvcV2YjK5tHXvWohdSqfh,pumpswap,1790931323,0.000004879,4371.2,4715,4715,0,49.02,1344.54,217250.1,0,0,0,7,19,52,3464,2951,,-3.24,-16.95,-90.14,0,0,1,1,,,,,,,,,,,
1790994197,JERpqiXG9wLuWcbSi51uaqjYzTDd6Tj9VGgpAgik6EW,Netizen,4LykWqvVpE1LmSSYN585EFewvkgFPePnWGojopWsUXPp,pumpswap,1790920802,0.000003151,3078.12,3020,3020,0,38.16,478.74,267810.01,0,0,0,2,5,43,2986,2633,,-2.6,-19.19,-93.74,0,2,1,1,,,,,,,,,,,
1790994193,Aq1CMBoKpYaZEigG3AzWoxNnUa4356uhXosYd9enpump,GVF,F4cGKvbHXR356xCMDsydGA52EK7JXNDPbFBegcJUeMVa,pumpfun,1790922734,0.00001691,,16910.53,16910.53,16.93,220.54,8379.71,122310.29,1,2,5,10,100,100,1430,1250,-0.29,-4.83,13.33,365,500,1,2,1,,,,,,,,,,,
1790994189,13xBzyaPiJ5iUUGoQxMkeCmHG6YBrMRgW1DLpNFZFRgW,SGI,ABWwsyA4E648TUF2HheWAdphrx6JuvYgkvJ5N8gr8pu,meteoradbc,1790929310,0.00008298,,82985.52,82985.52,0,0,0,2805.43,0,0,0,0,0,0,42,49,,,,431,0,0,0,1,,,,,,,,,,,
1790994195,Fb8KgW27VxoPd5tcQsn3mwEDQC1rRY6h9X3jz4is9JmY,HOTPACK,4LxzstAAUWju165MiZ5YWCzovkrJw94298DmxUXB1xV5,meteoradbc,1790929372,0.00004091,,40915.53,40915.53,0,0,0,8073.62,0,0,0,0,0,0,314,345,,,,171,0,0,0,1,,,,,,,,,,,
1790994193,AukhJT5TuGPH9qKL515cVb31vNgmzjnXcQntjtXXpump,DIT,CMoFYkTV1W3VgEv4BZsMVBFDjp29AsM1PRL8Xprj65Gb,pumpswap,1790929427,0.000002489,2721.59,2416,2416,0,0.04,0.04,1571704.73,0,0,0,1,0,1,6795,6405,,-0.47,-0.47,-95.09,0,0,1,1,,,,,,,,,,,
1790994190,3yThPp8Y9Zbt2N3no1yrcVMo623nV6pq7jDujPp53Vh9,MEMAI,BWsxRRsh8C6Ug152N9WriUqDJdL3u1DfMddLaQ3fMx5A,meteoradbc,1790929276,0.00004251,,42510.33,42510.33,0,0,0,5450.31,0,0,0,0,0,0,139,166,,,,160,0,0,0,1,,,,,,,,,,,
1790994192,862YDYXyuZJUmuo5nBZymLaNPo4W5JV6J12KeWym32Ca,‮OAG,DLUJGfo2SHtw2WiSJ7AQPSsKncUu1nK1sy1AgWTtkn4o,meteoradbc,1790929342,0.006111,,6111360.95,6111360.95,0,0,0,651.66,0,0,0,0,0,0,81,19,,,,17.19,0,0,0,1,,,,,,,,,,,
1790994191,6NynHTkUuqpLg6i9PgkcZAFCq2jiVYWNdFnVqCbDJ5J,HOTPACK,6hy3biJi7Z2zckfrk4YLG8NYjSXi66BmD9rqxPCC6cgW,meteoradbc,1790929261,0.00003822,,38224.33,38224.33,0,0,0,3591.29,0,0,0,0,0,0,117,139,,,,153,0,0,0,1,,,,,,,,,,,
1790994195,ERu7vbTVrsevpuMoYmSk2zqBPrhHxU9itTc7FrKftTwr,AGI,Br9htS6a8u5YGxkeE8oc41ZbH89mVMHWgx69XfCWsR3F,pumpswap,1790928823,0.000004057,3942.6,3914,3914,0,81.13,506.75,694068.09,0,0,0,1,2,15,5589,5205,,-2.46,-22.65,-91.94,0,0,0,1,,,,,,,,,,,
1790994190,5PcZbjzCwHMZqZVMr8K7NiMSenaMER1tYfuAo9aqpump,LV,CsFnazw7RKaUxpUT5Nr5bHFPX7cg5zLzUeKAoxLqvJZm,pumpswap,1790928387,0.000002188,2216.39,2189,2189,0,0,0,154079.79,0,0,0,0,0,0,11673,11605,,,,-95.68,0,0,0,1,,,,,,,,,,,
1790994192,9p9Dzwcsv1P3jMeMPqZTC3ywqgL45qL2R2VkCrfHMsby,SGI,8a96pMnpVyKF5NSyDvbeu2RBSpspSVu4ozfygVAwzWfp,pumpswap,1790928175,0.000003789,3813.23,3692,3692,0,60.57,1243.31,1022229.62,0,0,0,2,12,49,7803,6855,,-2.12,-38.81,-92.51,0,0,0,1,,,,,,,,,,,
1790994189,2mTAy2ovMFtfgNBPqJ9yMsiujFdwH71xS3xAUEq5pump,MEMAI,EZdcazYcsQkDhsT4hVgqfUfr18ZHMztfTxRtifxztsha,pumpswap,1790927523,0.000002129,2155.67,2118,2118,0,0,0,135115.86,0,0,0,0,0,0,15368,16259,,,,-95.77,0,0,0,1,,,,,,,,,,,
1790994195,F1fxypJdCQiJRex9yQ7P19AQ41DUnjdR5bYWvG7VnxXe,OM,DoFA56sEs2CJnQLroSYLb5wV2sqHcerxYcitS812baVq,meteoradbc,1790928682,0.00004958,,49588.56,49588.56,0,0,0,18842.5,0,0,0,0,0,0,695,678,,,,199,0,0,0,1,,,,,,,,,,,
1790994192,8tPHPus7JpBFcNoAsK2dawE32Ad7WWuJT6cVDV5ReDuF,RSI,C3EnP7Lwo3tE4UmG8ettzysgY3QcsN8fVgC37EehLxXk,pumpswap,1790934244,0.000002450,2444.16,2331,2331,0,0,124.79,78029.12,0,0,0,0,0,4,740,1133,,,-11.05,-95.13,0,0,1,1,,,,,,,,,,,
1790994197,c17N1z7KdUGeUSYyAzxXPYvBT97B29Jm55xfc4N3YaW,JENNYNARRA,7cd4ggjDxn9c81jA5Ba79ChbgCvqvLchg3uGZEi6Q83P,pumpswap,1790932155,0.000008718,6550.13,8407,8407,0.11,167.36,14679.26,349457.27,1,0,6,3,147,152,2893,2716,0.33,4.77,-46.59,-81.99,0,1,1,1,,,,,,,,,,,
1790994195,E9Jgd2LxMf5ye6DPrTan5mPv1wY6ev6eUf8F4M4pNfYR,SGI,2kY6NuiFPnq4Jpb8PmXGPCMnamTv4iHRyCFzXqw33b1Q,meteoradbc,1790930817,0.00003500,,35009.55,35009.55,0,0,0,22776.17,0,0,0,0,0,0,444,542,,,,119,0,0,0,1,,,,,,,,,,,
1790994195,EdYGXEiSKG2Jfd13ieTRPCcJeBjqRMTdBEjsRdWxRGqC,MGHST,5pqHKiDbjF2DkvMPRe1QHrLoUT9RkvcrpruJAf9GNZgR,meteoradbc,1790930709,0.00004018,,40183.79,40183.79,0,0,0,18601.61,0,0,0,0,0,0,397,495,,,,116,0,0,0,1,,,,,,,,,,,
1790994196,GMrrSfP1afjDmAAaGCTZSUXSr82d7yQFaanDw74USdh5,SGI,EF7gfpJdUdbnjoXS6p4QGpSPtXVGjSn2CcxCWhLTeGfp,meteoradbc,1790930810,0.00008466,,84660.75,84660.75,0,0,0,2818.05,0,0,0,0,0,0,56,52,,,,444,0,0,0,1,,,,,,,,,,,
1790994193,B7kiEGmfR6bF9QmZM9kbYKNm6yQrzsVmdoS5v8CNVCWW,MIM,GqRyuiYWp9cfV7HB985BLFUGWG6Gfo8M5QCB2CP4ijon,meteoradbc,1790930748,0.0001270,,127077.18,127077.18,0,0,0,9720.3,0,0,0,0,0,0,176,244,,,,835,0,0,0,1,,,,,,,,,,,
1790994191,785Hqb1yn5xNHga1dzXRCjBYd4DseXyjWrnxWqUHeDV3,MIM,6YwK4tAziQRwpAF5EdZ5wKUudrPRVEq6fh633t9ekZpJ,meteoradbc,1790930866,0.0001329,,132901.79,132901.79,0,0,0,6455.11,0,0,0,0,0,0,100,150,,,,879,0,0,0,1,,,,,,,,,,,
1790994191,68RUKJSkhT7Z9itn2tUhCzR7t2pbBahqjgG8qbkB5Dux,SGI,Dj5LNTFFCFPEHyA5sFEJgQ8Lrs3z2pHc4ZwLmVYDZD3D,pumpswap,1790929727,0.0001338,37040.14,130445,130445,1744.41,11049.55,166262.2,3841396.32,13,14,111,146,1156,1029,27452,21759,-2.94,7.9,-40.97,170,0,0,0,1,,,,,,,,,,,
1790994190,4ghFqXZdLnakD591oFKhA2tD9q7pSfhBWfkVRs125GGL,SATOSHI,HTGSKCLTjV5HcfMTLKy9xWoKyBkfJV4vTXW7Po9HUrUv,pumpswap,1790930170,0.000003460,3378.72,3316,3316,0,1.79,298.51,356903.33,0,0,0,1,2,19,3973,3357,,-0.42,-17.83,-92.77,0,0,0,1,,,,,,,,,,,
1790994191,7NELwkCyL2crujChTgtdKpR1jn2UHTe115v25rUSpump,OnionWeb,F5jQWstPUV7tfHDZPrHjg81ynev62VMV8qWMfgsnbDS2,pumpswap,1790937829,0.000006863,5918.18,6144,6144,0.21,21.43,1268.46,967341.83,0,1,1,5,36,95,11214,9026,-0.33,-1.66,-10.16,-86.45,0,1,1,1,,,,,,,,,,,
1790994194,CpRmzjoxBDJha4aZ2NCxHAUaZ3VxQpAnSLDK9bMkPAb7,OnionWeb,6gVogVe5tSvzmTBjcq6SCPE49NbSKAyQQEhwt6KS2MBd,meteoradbc,1790938116,0.00004820,,48201.73,48201.73,0,0,0,12336.18,0,0,0,0,0,0,220,270,,,,202,0,0,0,1,,,,,,,,,,,
1790994192,9wMXJFAqTtukyvKBSWntT2GjgFmF1YGrhXWJHAj8q3rD,OnionWeb,3srhJebMgYvxEeybkc4zCDVMgUzYb1ENLZGxLQYP4afj,meteoradbc,1790937992,0.0001047,,104720.95,104720.95,0,0,0,9725.93,0,0,0,0,0,0,282,301,,,,20.9,0,0,0,1,,,,,,,,,,,
1790994195,EwSwuiA5JJ788WV66h7kLed2M1uKK6dbn67cSbeQpump,UPAI,5cZ925n6ckfUma76kqeu4pweAMHaHqfDi4QgvLizSXTP,pumpswap,1790937912,0.000002182,2220.21,2172,2172,0,0,0,220029.08,0,0,0,0,0,0,28350,27259,,,,-95.7,0,0,0,1,,,,,,,,,,,
1790994192,89PNM5oG8RkTSbnRKySNX9HSXXKtVSBDyF9X2Rf5pump,wwg,21Q2MZcKAxCvYqYdMNYv7BF5tAq8Vxh2NHXfgFLmAyqV,pumpswap,1790936706,0.000002407,2522.28,2392,2392,0,0,3.49,794331.78,0,0,0,0,1,1,7233,5138,,,0.45,-98.09,0,1,1,1,,,,,,,,,,,
1790994195,FFtp6pxteF52PX3gryHrhQdxWze23Qzh7vC3kKzVpump,PUMPFOLIO,EGVugw6Fu1nHCxUkx4urwz5gfXzZyzHbmMdZ3PYhDd74,pumpswap,1790950201,0.000003776,3545.76,3599,3599,0,1.62,31.9,104281.75,0,0,0,2,4,8,965,1066,,-1.78,-2.01,-92.51,100,1,1,1,,,,,,,,,,,
1790994197,JCsKWhELRJ8MhEZjUDdCL49mntw8fx27bKAgCMgSGhcQ,SAM,FSX1VaQ8kWRmrY8S5SpCxU94Q6WKUWRP1yJkUS9GYwpK,pumpswap,1790944284,0.00007457,23844.08,67524,67524,259.25,9137.85,117396.2,688414.37,6,2,74,63,855,656,5816,4867,3.83,-7.85,170,48.12,0,1,1,1,,,,,,,,,,,
1790994195,FESndbiwyTH1i1itf3FxV9HCKFNy5U9RnFp8ER8nwPgC,CATGPT,Gp2ZMrbfbQBDYuwLdGV2rmdqUW1xs8ogudtnSMi6Ede2,pumpswap,1790916727,0.00002362,12454.47,20689,20689,0,546.49,34526.95,794406.4,0,0,3,14,387,279,6096,5178,,-12.82,0.86,-52.75,0,1,0,1,,,,,,,,,,,
1790994197,XLBLxbY1Mr7aadnqAbmqSBXLEyUdjvUXtXCnz8Mpump,SOCKET,BA2YYZ4YUKsMCMDGpqrV5FQiotGnyKrc571pFhc66Gje,pumpswap,1790942605,0.0006921,86473.92,675469,675469,7092.36,102706.5,681713.81,4946211.07,23,24,379,392,2561,2826,31217,26943,-5.99,1.76,166,1304,0,1,1,1,,,,,,,,,,,
1790994193,AJPertGGMDmM75fb6jiB8MPfFu61ouLDtW6UBvf3pump,BRUME,H7pt7KK8pB8xHwpF9DHrgdZsZb6yBjZHhGiUkigyaXwZ,pumpswap,1790942221,0.000007204,6191.42,7042,7042,0,3221.05,5090.38,1281122.84,0,0,26,29,64,145,11885,9755,,-1.19,-37.91,-85.83,0,1,1,1,,,,,,,,,,,
1790994197,jSC3hfcrTcxQzRQ3DhbhQvjB86z8ubFY5N6BsGw38pu,TED,9o8T7xsGspSEirqinPiiDhX5dB57pTV7kmevxPzWsPdZ,pumpswap,1790943519,0.000008959,6608.1,8528,8528,0,488.25,5357.25,210507.77,0,0,2,8,67,74,2215,1994,,-10.81,-1.07,-81.84,0,1,1,1,,,,,,,,,,,
1790994196,HcVPPuLp8QBh3UMUYjCFbVEyhxGZyhGNurRntEXwabHZ,SOCKET,DaGZ8WZ5UtMisqpcAHKpuYzZpYs7w1D6Q4E3Rwj4cCNF,meteoradbc,1790943889,0.00008241,,82417.91,82417.91,0,0,0,3024.77,0,0,0,0,0,0,90,99,,,,431,0,0,0,1,,,,,,,,,,,
1790994196,G7k8YPnJL6jKmA1H5Pt9sPLXhcd6YXjexHgmRQ4zpump,TOKEN2049,8E1Zcg4VqnNetv4Pp6fVyYRFbDqUj3RueCcSyJM8sSSX,pumpswap,1790943935,0.001257,103534.06,1236290,1236290,2563.27,35147.72,212457.76,765428.22,65,20,942,292,5709,1772,16743,4822,-0.09,13.42,56.65,2380,0,0,0,1,,,,,,,,,,,
1790994195,FLyxnqLzopiwnHebUF66FRBTAVDi3oRm8Z6zbD753y9P,revenue,BbnxMSGAAdtszi1FGyCMwdQsb3HuWmj9cpSRWgRwj3km,meteoradbc,1790943935,0.00005953,,59532.73,59532.73,0,0,0,2296.08,0,0,0,0,0,0,69,62,,,,32.71,0,0,0,1,,,,,,,,,,,
1790994190,4QqY2xeyStveGr2sAgTPUYH6Jf7xEjZjf5ygkieKpump,DIEWORK,G1ruGEadUBHVNDUqh3HSbKRMPz1ZEPgucLajS95yxHyp,pumpswap,1790943726,0.000002484,2528.4,2411,2411,0,0.48,4.2,227967.89,0,0,0,1,0,8,2767,2665,,-0.19,0.51,-95.06,0,0,0,1,,,,,,,,,,,
1790994191,6PUnY75zYuNkvW1vtcaaHeoV1AehRpJvyTQ4bwBpW8S8,GTA 6 Coin,2AyyZpCjfnEZM4PH6AfpAhCXKx7fgAGrDgJAYAsJ3cHs,pumpswap,1790943376,0.000002169,2186.98,2170,2170,0,0,0,84591.02,0,0,0,0,0,0,12251,11526,,,,-95.72,0,0,0,1,,,,,,,,,,,
1790994190,3nm1s5FJxGBgNnF9hppdnNphKwVD15Acvg8ptHqupump,Minecraft,FwT6eGYwA2h6AkCGrLq2BZEQvMVA1oMmWaNMjonoukgS,pumpswap,1790942886,0.000002115,2155.06,2103,2103,0,0,0,255047.21,0,0,0,0,0,0,30930,29947,,,,-95.82,0,0,0,1,,,,,,,,,,,
1790994192,9JTmrmD2CAtFknRvQR3td3UYSpcSRL21xngjtLnNpump,GIGACHAD,3DdEqdhu1va8yydqbUyKYoVVmn4dznnMZPpa65Gxq7fT,pumpswap,1790951090,0.000003020,3032.8,2859,2859,0,3.37,425.03,432955.56,0,0,0,2,1,28,4296,3620,,-0.26,-24.27,-94,0,0,1,1,,,,,,,,,,,
1790994194,D7BfahPM3uXbQGxNxfxA1CWpqmzD42QnVCRuuSJvBAGS,SOLGUYS,CuxNE52J7KHbwJcHo8J37LyZe21rZppPsGNSBQaKRTwg,bags,1790950884,0.00006712,,67129.45,67129.45,0,0,0,2.37,0,0,0,0,0,0,1,1,,,,-1.87,0,0,0,1,,,,,,,,,,,
1790994192,9nsZJAnyJLLZFh7UgU3mz5sCSqXjuphzQxAyBCA8BAGS,LANDED,bpYNNeZzxFg5tLn1bjUGsTsJQYx2ShpS7KaBkheJHUD,bags,1790950895,0.00006717,,67179.85,67179.85,0,0,0,51.32,0,0,0,0,0,0,2,2,,,,-1.8,0,0,0,1,,,,,,,,,,,
1790994195,F2LF3MkLM6SRDKyQF1m5UJV4R7PQXpEvyAgHENuyBAGS,SUPPERINU,8oGaWNUVSJvMGweSUpAK11fdSL8X7GiirBNo9yDS7mbH,bags,1790950872,0.00006717,,67179.85,67179.85,0,0,0,73.48,0,0,0,0,0,0,2,2,,,,-1.8,0,0,0,1,,,,,,,,,,,
1790994192,8UYxBQBH6UtjXCyCVQzpzY2R6dLwLkfWaRxw6tEkbZSz,CNN,FX2wEdCQLoc4YKj79kY8hKcscADZCqbV5Y2gtsQwaiU,pumpswap,1790950862,0.000002197,2225.71,2185,2185,0,0,0,167791.47,0,0,0,0,0,0,18894,15062,,,,-95.66,0,0,0,1,,,,,,,,,,,
1790994197,fCwnDGBKo71j8tGN4dbpGD7yNqCYCdfKmNnPWCEpump,Claude,82qwXrJzNYDcyCmBxFLLR4QhZKd9VffZ9jHnAvY73qQA,pumpswap,1790950092,0.000002136,2152.36,2136,2136,0,0,0,130000.94,0,0,0,0,0,0,8975,10394,,,,-95.79,0,0,0,1,,,,,,,,,,,
1790994194,Cs7nqUSYyJhU3qHw9XsBWk9hir95rHUbKy4rXbiQpump,Gemini,4kuq9em9nAvgJQ52mvmFGsJtVdbwx1rC9nhandhZsaMx,pumpswap,1790949021,0.000002173,2206.07,2163,2163,0,0,0,181268.07,0,0,0,0,0,0,16149,17162,,,,-95.75,0,0,0,1,,,,,,,,,,,
1790994195,FjTB7N3Uw2pB3U8voKhjBQoN8Ef8dvJMHC9e8aF7pump,MetaMask,2xUCNhFNJJvYe5W9rvaSUHc9UGaVUAzRtREqwjzHAANi,pumpswap,1790950110,0.000002150,2178.8,2138,2138,0,0,0,164104.67,0,0,0,0,0,0,19881,20584,,,,-95.76,0,0,0,1,,,,,,,,,,,
1790994191,6ujCFTQY3mzrtt5wmprFrgfA3nYyPGid3SNvmiiGt7x6,BULLWINKLE,GFW9GjQWFqRaQqUV7vKqkipSDUXhygSNyh832zTjJjwZ,pumpswap,1790957404,0.00002288,12252.58,21386,21386,68.77,2123.09,52458.85,737858.1,0,2,45,40,616,525,7292,5431,-1.72,-12.24,99.18,-52.92,0,0,1,1,,1790994276,0,0,35,26,236,212,2113,2056,100.0
1790994191,6WqaLfa39S2tEpvxquYudUofMzAqNy5ZYr9DzkHdpump,WWWCAT,GpF4fB74X9Tzy2f7nKtUZoU9vzdDNKppB2Brex9DKnPa,pumpswap,1790957054,0.000002382,2527.57,2341,2341,0,0,124.88,661816.03,0,0,0,0,6,9,11111,6800,,,-0.73,-97.26,30,1,2,1,,1790994276,0,0,0,0,2,7,4763,4734,100.0
1790994190,5krNQZMsiM7qT9KhzettHKEamQDUxaPEP8jCpjdQpump,pumpcat,TSq71CzLbZmqBPdjKtwoNJtoUgbbZqUHUaydzhSGrxf,pumpswap,1790956509,0.000002338,2535.41,2302,2302,0,0,0,1004819.48,0,0,0,0,0,0,14071,8721,,,,-97.22,30,1,1,1,,1790994276,0,0,0,0,0,1,5628,5608,100.0
1790994191,6fK5ohw22QHti86MQbcbty7rsW7xKTBjjjx7XZ7oe23V,Met100,6akvw89q1agEPzyQCot5dUSHNfd91oeHYPvTgPDPtC1e,meteoradbc,1790955858,0.00004928,,49287.7,49287.7,0,0,0,52853.97,0,0,0,0,0,0,397,225,,,,1399,0,1,1,1,,1790994276,0,0,0,0,0,0,241,139,
1790994197,TEX8ns7HJ697ZXsXxP9uX7jv1VChGxmg7daZtzjUSpa,CORTEX,4N1ZPAmFAmwdP8kiThydSjVTW1dT6kU9HnSLaQTS5C9J,pumpswap,1790957025,0.000003632,3452.92,3467,3467,0,0,854.99,161545.27,0,0,0,0,4,21,1994,1842,,,-30.88,-92.65,0,1,1,1,,1790994276,0,0,0,0,3,24,935,1021,100.0
1790994192,7keARBfdz79MdMTf3fZrswyvLgAs3Qi8JiRmy3u2pump,SR,AAh3sFjQVobLzSEReScwdAk3ahTucKUafQhgWsqGQBqq,pumpswap,1790956454,0.000002638,3009.8,2592,2592,0.52,4.63,12.81,1764647.76,0,1,4,2,10,4,5703,4902,-1.19,-0.9,0.3,-94.65,50,1,1,1,,1790994276,0,0,3,2,7,3,2012,1997,100.0
1790994194,CxjdQW3ssu23fPwtJqMr7biVH1j7xwzUwb3vPTMhpump,GRANDPA,AiKu21Rg1aDzVsevCkZh7knuMparYKWGdCoRiygSew3k,pumpswap,1790970995,0.00001387,8695.25,13179,13179,5.88,1312.22,30452.65,52906.15,1,0,15,33,408,352,679,583,0.3,-22.12,-50.22,-71.5,0,0,2,1,,1790994276,1,0,12,33,203,202,349,349,100.0
1790994191,6x7R3Z6kyFVfXxphePjNMfzPjJgVDNTUitkPt3L3T7KT,parafactual,5bV5GYiN3oyQLdyGRHkBe9L8tv6vNz4mtFr7HyXdgs8r,meteoradbc,1790958063,0.00005688,,56884.1,56884.1,0,0,0,1317.74,0,0,0,0,0,0,9,1,,,,28.26,0,0,0,1,,1790994276,0,0,0,0,0,0,8,1,
1790994189,2i1oa5TVLeQDCFqSeN9qpF8hzp5UQxMhq3MZ49EXaYPx,inudex,3xrwbC7gcwQqXkjCiRRWwVd5pRjTRcWkd5NXoopZ9Yfz,meteoradbc,1790957990,0.00008280,,82804.69,82804.69,0,0,0,2220.14,0,0,0,0,0,0,32,34,,,,441,0,0,0,1,,1790994276,0,0,0,0,0,0,29,33,
1790994197,ViUYyaji4grdaJh9X8gnKq5tpd1RDynPu7kmkDPpump,Steam,Bi8tvF1fAbXrhxu5a9mRrojHHkuq3zh4T1oavdMLhWVY,pumpswap,1790957973,0.000002385,2397.44,2386,2386,0,0,0,58430.92,0,0,0,0,0,0,28,1060,,,,-95.22,0,0,0,1,,1790994276,0,0,0,0,0,0,25,535,100.0
1790994191,6jZ7huKG82w1TrAkGAudCwBKz7LiWL4asVwBgyjCnTxh,Moose,BCk6C6pccmUSmzfopzkWRZ8CnY4cGFasutxaXcKKSUER,pumpswap,1790957224,0.000004980,5002.86,4843,4843,0.19,32.94,6722.67,1683760.29,1,1,1,10,143,245,18088,15060,0.14,-2.33,-71.57,-89.77,0,0,1,1,,1790994276,0,2,1,9,72,186,5189,4968,
1790994192,7orjDkPS1U7f9Hz1UdLeJVWNyiz9NYqNa4vbSdPnsP39,Monkeys,GwJY43AWDQBEptmkR1qYpUgPRNWE9712KuZ3CQSxXfDw,meteoradbc,1790958067,0.00005396,,53965.61,53965.61,0,0,0,4815.17,0,0,0,0,0,0,126,141,,,,6.15,0,0,0,1,,1790994276,0,0,0,0,0,0,96,104,
1790994197,gGZwv7j9mEJTq4rKVkp7X9Er9iR68bPViauY5q4pump,Skydance,CS32dTdo7Dvh1waM21Lv5sn3qSxiSQsmezsnPfKkJT4y,pumpswap,1790956533,0.000002116,2132.83,2100,2100,0,0,696.54,108327.8,0,0,0,0,1,3,19193,20067,,,-2.19,-95.76,0,0,0,1,,,,,,,,,,,
1790994194,DxWRsRFQPuVXgX4ZvtzD2h1Sqzj48eUDRP2jKdS28RM7,Moose,8XtRvEb7u5pEaDerzUL8HzJxYjzn9frfZpSj77r4djCg,meteoradbc,1790957629,0.00004710,,47100.42,47100.42,0,0,0,8407.15,0,0,0,0,0,0,266,303,,,,195,0,0,0,1,,,,,,,,,,,
1790994194,D5sztT4p3t5L4ByYSNY9mGZCA5igANFvTgv3tKJ3pump,FOLDOUT,6kYZKqbVEeoC9z7uwqe2LX9gEPXT6oSQkvfHcS6uf7GN,pumpswap,1790957950,0.000002290,2292.41,2192,2192,0,0,0,44378.89,0,0,0,0,0,0,1342,522,,,,-95.43,0,0,0,1,,,,,,,,,,,
1790994192,9jiWHAVS15W8gd2rCApmwrqAL9xTehcc7K1wC8PwUMjm,BREAD,8TW8FHvAo3PpDXBqLp1zZvzAfBBefvwoGgsKLZmzPjq3,meteoradbc,1790957730,0.00005681,,56818.4,56818.4,0,0,0,1316.14,0,0,0,0,0,0,9,2,,,,28.31,0,0,0,1,,,,,,,,,,,
1790994196,GZw7LxHtQKSQ1YsGnpNH7SovnBF8X6poYgavHwrmRekp,MASKCAT,G7QKTr9Lr3pF44Kp6ALkW8sExiGDXbG2JaJtzRtUKK15,raydium,1790519021,0.0006919,105533.51,691951,691951,825.1,20772.37,77534.11,846547.78,0,3,110,69,420,342,4433,2718,-3.32,5.15,-15.56,586,0,1,1,1,CPMM,,,,,,,,,,
1790994196,GT5PzaVt2wQvDnowmkNNPGRGL5gEcLb7dovzFwwACgxz,Cashout,6NyWV6kvii8BV4U41HpWS8wJffnhnVLv7EsouegQvAgu,pumpswap,1790967004,0.000003375,3290.69,3036,3036,0,0,15.81,192097.7,0,0,0,0,2,18,2984,2551,,,-0.14,-93.03,0,1,1,1,,1790994276,0,0,0,0,2,21,1349,1452,100.0
1790994193,BpiHPgU64gzmZwdwfr6e1xBVXNqiqxUpBQHwkxEVpump,XingXing,9LAyUvxKYTh1GvU7AhTqte2mGgumiTJb7oABvhC2cUDi,pumpswap,1790967986,0.000003111,3062.33,3001,3001,0,3.18,534.46,179899.62,0,0,0,2,5,46,2504,2208,,-0.14,-28.72,-93.61,30,0,3,1,,1790994276,0,0,0,2,5,44,1115,1188,100.0
1790994189,3NGW414d3hh36tbwbgWeipV2K7VEqnqjvDxj69KKpump,CASINU,4gvR826fJJCkyrArJGekySvAP7aLCVvj4HMcd48W1Kh9,pumpswap,1790964335,0.00009217,26650.53,89959,89959,147.23,1168.1,21995.23,442923.1,3,3,34,51,360,510,1221,1657,0.89,-3.3,10.04,26.78,100,0,2,1,,1790994276,3,2,16,18,194,117,741,419,100.0
1790994195,EVCx8yhknFxZ7MnYRK1LEmL4ycxBKHxSSZ8Gyyaopump,>_,8EX6tgzBVkY66ybkoXN1Ta1JwDMn2dp9ALBigGXPckg3,pumpswap,1790965545,0.000003466,3609.75,3389,3389,2.67,22.49,197.83,1036393.65,0,2,1,8,12,107,11026,9792,-0.27,-1.17,-10.68,-92.92,0,1,0,1,,1790994276,0,1,1,7,4,90,3901,3799,100.0
1790994197,yDp9dCy1UrRTuwv4urMgkSUHNpw76UvyZHXLmPrpump,BTC,BWaXC9ExvjZ1rjLaCtWNYKRys1gvmC9QAkwKkUyxe8mQ,pumpswap,1790965770,0.000002373,2551.91,2337,2337,0,0,63183.34,1148515.02,0,0,0,0,895,3836,18679,10250,,,-99.63,-97.24,0,1,1,1,,1790994276,0,0,0,0,446,3529,4160,4126,100.0
1790994194,DQxG8fJbgAdX8h2D56Cu9cLHPc7G5xSTj84vZNH6pump,FIX6900,6R4xp15uZUZg7FghFC9SXRppBSWTKAQT11Vx2XnFGSM7,pumpswap,1790964145,0.000007957,8242.66,7881,7881,0,21.96,4143.48,1534577.95,0,0,1,3,68,102,9623,8851,,-2.89,-52.73,-85.83,0,1,1,1,,1790994276,0,0,1,3,49,91,2369,2443,100.0
1790994194,Dk2dNCPZxb6wXrP1ADT32CsqBoGi3qeeTDckmjaVvrKC,PEPEINU,8EFjPrGTk9UJwdtGEW1C8FZhuVPnXZyZyqPNFCX1uQ7r,fluxbeam,1790966983,0.001489,1911.13,1488930,1488930,0,0,0,10467.25,0,0,0,0,0,0,301,0,,,,912,0,0,0,1,,1790994276,0,0,0,0,0,0,21,0,
1790994193,AYkTxWJHAgp95Xu1SDkmqzTpvpKmG7wLiUpUgzKVpump,SV,7i8rWKDT6qYFksVDSuvhmu3Ycq9mboPfD7qadYYkec5L,pumpswap,1790974221,0.000003049,3007.65,2786,2786,0,4.9,171923.29,171923.29,0,0,1,2,1826,2269,1826,2269,,-0.05,-93.74,-93.74,50,1,1,1,,1790994263,0,0,1,2,944,1112,944,1112,100.0
1790994195,FbpAkY1wJXFktY7i4xhp5SP9p2xTkgdLEa52BErDpump,CleanMusk,BiwaGLn3pSy4LJvGX5sXSsNgeLYhvUssKweBtqateues,pumpfun,1790973570,0.00004846,,48467.42,48467.42,0,0,10027.23,10027.23,0,0,0,0,6,0,6,0,,,1360,1360,0,1,1,1,,1790994263,0,0,0,0,6,0,6,0,
1790994191,5tzjoTepg3tEupgKBjedF2SapniNaDrt1cVqdU4UfkjG,BLACKROCK,2jEsgfX9zxGeNWTkQ8S9fY94LW19Js8CfvSM5GiuQg8E,raydium,1790971444,0.00008080,26936.08,80806,80806,3532.49,24282.67,416304.16,958638.83,26,17,266,175,4789,2979,9255,6871,-5.7,42.5,-39.28,68.32,0,0,1,1,CPMM,1790994263,9,19,141,122,1462,1537,3247,2989,
1790994189,13uAEB5kTR2kLyTZTdQZ49mGurdU4xznbyBp3J9opump,Nest,6EMkjma2duRyLKRKo8LinUtRSCLjyU5rdhPHahQyQknZ,pumpswap,1790973388,0.000002361,2371.14,2262,2262,0,0.05,87772.62,87772.62,0,0,0,1,475,588,475,588,,0.52,-95.14,-95.14,0,1,1,1,,1790994263,0,0,0,1,378,428,378,428,100.0
1790994192,ADH4cDsEYKFVv4NsNN4ep5pwpMwGUCmzWrGPHZoupump,FOMOMICRO,GhevyJAWjw4nHetT2dM9UnDKmLFGPj21DdmLUntPkupR,pumpfun,1790972421,0.00004847,,48479.75,48479.75,0,0,0,10029.78,0,0,0,0,0,0,5,0,,,,397,0,1,1,1,,1790994276,0,0,0,0,5,0,5,0,
1790994189,2bHz7Uq8arFttDotBgGFsVKXxN2n7hM39Cktna69pump,HIM,HaGMjHTjfy7f3DN54RHix2RCWvaMZbRKszkFGXPmu9c2,pumpswap,1790973057,0.00003442,16037.59,33713,33713,218.08,3335.11,1550854.14,1550854.14,2,5,35,54,12038,11600,12038,11600,-5.42,11.65,-29.15,-29.15,100,1,1,1,,1790994276,1,3,27,45,4581,4268,4581,4268,100.0
1790994193,C5A8hS2PXNPBPKANKXAd8YLBncYBXBMNgRxW11Q5jbot,BotSocial,D2K5X5C97xaLc3bakJQ9L5G4qiEDj5MQjNdTpTSmsVB2,pumpfun,1790972314,0.000005574,,5574.49,5574.49,137.69,171.96,43070.2,54159.45,1,2,2,5,366,386,445,430,0.18,9,-69.39,24.91,0,1,1,1,,1790994276,,,,,,,,,100.0
1790994193,Aa2D1LydKNBv4yhPPLYCna3xcFskxpJn5GbUtaqUs5ru,NPC,Ck34bLoZRB9uCYitp1vgqaKhc8KXWVafZt9GPhu48x5J,pumpswap,1790972531,0.000003142,3051.04,2750,2750,0,0,131696.49,140410.82,0,0,0,0,1058,927,1134,995,,,-87.58,-93.42,0,1,1,1,,1790994276,0,0,0,0,530,570,530,570,100.0
1790994194,DioisRY2M15WKza2te7pCvEAe7B1EVp4N1ZrM6tn52Sp,HAMSTER,9yS6kearLBYAKeXoPr8adHirSa2mwUT86PkPgRrMkDqN,meteoradbc,1790970523,0.001376,,1376393.36,1376393.36,50150.78,196947.44,6232037.19,6289831.95,103,51,466,277,15039,11224,15344,11409,-17.19,-30.37,4482,27011,0,0,1,1,,1790994276,5,4,24,24,734,626,758,639,
1790994194,CiUMqe1wjDY8chvH1q6raW5HxszicL9b3GE3BJGgAL2j,SV,A8oPgbSPJNY1VWZYREtYTQnbZwk4bd9EQAU5SY3WSvKw,meteoradbc,1790974027,0.00005883,,58831,58831,0,0,7697.83,7697.83,0,0,0,0,320,279,320,279,,,35.5,35.5,0,0,0,1,,1790994276,0,0,0,0,151,132,151,132,
1790994189,24DHbzTuuWumwQjRmjS5PJ2Mq7p7NQJecy1NQCrZGKrE,DARK,FV1AzcXEs8CEVzwhHhZ6PmoPfPxQhGpkAMwdf6CAbx5K,meteoradbc,1790974024,0.00005298,,52986.96,52986.96,0,0,8179.56,8179.56,0,0,0,0,294,337,294,337,,,6.26,6.26,0,0,0,1,,1790994276,0,0,0,0,117,110,117,110,
1790994194,CCoN9mk4FWoNrbTCDNo3B4cdbGcAKyM6UBtdo8h8Gd96,ALADDIN,2qqcj9EjF5joE6EbPtaR94B6sFQnWxUUCMxdij1ewfVG,fluxbeam,1790974035,0.001476,1460945.16,1475948,1475948,0,0,10466.3,10466.3,0,0,0,0,300,0,300,0,,,902,902,0,0,0,1,,1790994276,0,0,0,0,20,0,20,0,
1790994193,BvGaSNVZdn52Gp6q7WY527eE1svJus8xHx4jxCQ6pump,.si,5Madst3fKHm148b2gfizPb6Lfkitu8bbZMtYPN8Pb1w1,pumpswap,1790974303,0.000002873,2816.17,2485,2485,0,0,60403.83,60403.83,0,0,0,0,838,436,838,436,,,-94.07,-94.07,0,0,0,1,,1790994276,0,0,0,0,244,231,244,231,100.0
1790994189,2s2M3fRLZ1eLtJuWqeCCV5MAiRy41nsFngskBdrzpump,FomoFamily,EfQaZJiAy7KEXX2ERHVLxDkFacZ23GNA4o7HNz2FDkHN,pumpswap,1790972686,0.000002107,2138.96,2097,2097,0,0,163935.28,163935.28,0,0,0,0,13721,14601,13721,14601,,,-95.7,-95.7,0,0,0,1,,1790994276,0,0,0,0,488,2256,488,2256,100.0
1790994195,EA7ktecGm37YZs1rngs8hQwF1YLNUAR1pzPTtw8hpump,PEBBLE,9PdnnzU445qN6EEN1FXT4jfV6VTaETAWFiefdWsXtzRH,pumpswap,1790974259,0.000002871,2814.04,2443,2443,0,0,50158.63,50158.63,0,0,0,0,1842,784,1842,784,,,-94.11,-94.11,0,0,0,1,,1790994276,0,0,0,0,1297,646,1297,646,
1790994190,4XoNCZgEpGFb3JZt94e9FVqVm3BQaBWuEFTuYyjAKYc6,FRANK,DH4W8MKUKXenRofYYApwtr8DztygFR8xij9aC65kaDN3,pumpswap,1790976209,0.000004259,3895.49,3740,3740,8.43,71.97,89614.11,89614.11,0,2,4,10,1565,1658,1565,1658,-1.26,-2.62,-91.08,-91.08,0,0,2,1,,1790994263,0,0,2,6,798,1024,798,1024,100.0
1790994193,BzLRJmKYYvDaKW5ewyaJADiMV4eRCFV8scCEENbUpump,VTubePro,HzpU6vM8gmjyhwtV9YTzsTXCpydUWHxcRULxWwt3f2DW,pumpfun,1790973268,0.00001768,,17687.88,17687.88,135.56,5598.93,147303.96,147303.96,2,1,56,51,1398,1400,1398,1400,3.31,18.49,407,407,0,1,1,1,,1790994263,14,7,43,39,580,512,580,512,100.0
1790994196,GrGKeeA53885t46YxxgjCw63S9tsubHHVzuKwaWQMBbD,ALADDIN,Gk3maciSYw9SFbnARiDkCgqtw8Mjgkq6EEurdzA7a1DR,raydium,1790973528,0.00001244,10433.85,12445,12445,20.15,978.75,187048.2,187048.2,1,0,16,13,1380,1084,1380,1084,0.84,6.95,-74.7,-74.7,0,1,1,1,CPMM,1790994263,0,1,13,13,658,698,658,698,
1790994196,Hrf2YpUE8PBRVfPzCXntrsCLiGJ9L8hcNSXRdr7Dpump,Ban,Azese9ar3QJf5BaWhoxMyAWZECUD7d5G8zn2H1DiT4Zm,pumpfun,1790974474,0.00004849,,48492.08,48492.08,0,0,10032.33,10032.33,0,0,0,0,6,0,6,0,,,1360,1360,0,1,1,1,,1790994263,0,0,0,0,5,0,5,0,
1790994193,C31VDb574hdxuQm2LWs3G2UCdsxnUw1ff9mKE6xCpump,NEST,CqnUuYYX1LqZYZVLx3naJoSfEWiokQjKqnXT6h16WuVB,pumpswap,1790975865,0.000002844,2794.34,2703,2703,0,0.65,90087.7,90087.7,0,0,0,2,772,818,772,818,,0.09,-94.14,-94.14,0,1,1,1,,1790994263,0,0,0,2,422,502,422,502,100.0
1790994189,36MGGQQDEjUQrFZTZBYqPiSd4CFfUQY1DpdT9pZJcXMv,Comet,AM5PTnHMsyhBGhM4jCdk17TTyJRoFmbNXaYb7a6d3wFS,pumpfun,1790974181,0.00001140,,11406.14,11406.14,511.04,14270.44,241704.16,241704.16,8,3,179,123,3106,2524,3106,2524,-13.71,37.4,186,186,0,0,2,1,,1790994263,2,1,101,88,1201,1109,1201,1109,100.0
1790994197,PFCy4bbBV65EkEbxWyqHjq5Sx6XCGG9AThczD8Dpump,ARMY,5URuhBmWRyW3R58brtuy8tdVXF95dY6ADq84RUstjkba,pumpswap,1790974312,0.000007681,7039.12,7490,7490,0.1,473.17,3587575.1,3587575.1,0,1,12,23,25612,22657,25612,22657,-0.56,12.64,-83.91,-83.91,0,2,1,1,,1790994263,0,3,10,21,7010,6314,7010,6314,
1790994194,CBXJms2q57a9cBwzyzhkNQQJiLzRWxhJvPcJg2XjGi6K,HOOMIES,389B7EiaSiTRJodKtDRBFRnFKNRGHxW91qmYGvXxw3ET,meteoradbc,1790975980,0.000006108,,6108.31,6108.31,0,0,82440.07,82440.07,0,0,0,0,456,356,456,356,,,19.43,19.43,0,0,0,1,,1790994263,0,0,0,0,2,1,2,1,
1790994196,HUGHfDyb9JqQtkBGYaD2dgNdupxheBN15vXZp5HAmdX3,Miaomiao,D2omBMxGd93DnPyKV9JueueQH4XSRkgbVa8Fvkjnb7zM,meteoradbc,1790975847,0.00005841,,58419.45,58419.45,0,0,7560.34,7560.34,0,0,0,0,301,263,301,263,,,34.35,34.35,0,0,0,1,,1790994263,0,0,0,0,168,144,168,144,
1790994194,DFHgdt69T1MMQusTfvqb7cGKQF8Ts35JXxutVhufbtx6,ARMY,Ebj8U2LDiJ5FhHG5NuHvQJxZEsm6ae7M4uAaBq7F2FXF,meteoradbc,1790976002,0.00005311,,53113.24,53113.24,0,0,7912.9,7912.9,0,0,0,0,308,346,308,346,,,6.4,6.4,0,0,0,1,,1790994263,0,0,0,0,171,164,171,164,
1790994196,HG4VPbF5tDFRejD6EHnYFYBx7Sos5CM15MV8hcFu1vfK,XAUt,PF2h5rvuyKtQNVX2T4DEQWBFJ3zDn8wJg6tf54ziww2,orca,1790975968,4171.41,469108.87,4171416592056,4171416592056,0,0,9.91,9.91,0,0,0,0,1,0,1,0,,,,,0,0,0,1,wp,1790994263,0,0,0,0,1,0,1,0,0.0
1790994192,8kpuP2Cdsm8XW76k5CAVojCmf9UGmHNCQHfjqysA1T6a,GROKCAT,FELpjtJGMxnn5esvQJg8HH5Ak7Vs7nXCW9XMcreZ66uo,meteoradbc,1790975843,0.005895,,5895254.89,5895254.89,0,0,903.64,903.64,0,0,0,0,57,21,57,21,,,17.45,17.45,0,0,0,1,,1790994263,0,0,0,0,11,7,11,7,
1790994195,E9HSi9f4TEvAjGHQDNHkEQx7aFnqM3sqcGN63PnkYXZ1,Miaomiao,J56bxYS2V3xQ9JLNwJw4Wi8GEYAj7KQ2GvmAwgALGum9,meteoradbc,1790976002,0.00005852,,58529.21,58529.21,0,0,8029.69,8029.69,0,0,0,0,317,287,317,287,,,34.67,34.67,0,0,0,1,,1790994263,0,0,0,0,168,152,168,152,
1790994197,aisasT6FV3KUxExeVVZncv5LCgSfHsX7cX7aKgKpump,MRG,AktUzWaBPypdKRSGhRk7sQ52nczizXzDT32nDBxNVab2,pumpswap,1790974746,0.000002134,2152.01,2124,2124,0,4341.33,126540.07,126540.07,0,0,1,1,14384,15223,14384,15223,,-89.17,-95.64,-95.64,0,0,0,1,,1790994263,0,0,1,1,2085,2069,2085,2069,100.0
1790994192,7gbJ4SMomkft4EpovfvyFuLWqmsULEfFxQubuyEvpump,PUMPGO,5P1MZ56nzCYUP1uFtQkJv5iqGiH2pDNb6Rh6ggBJiQbg,pumpswap,1790974813,0.000002241,2399.07,2229,2229,0,0,1113851.93,1113851.93,0,0,0,0,13439,8733,13439,8733,,,-98.32,-98.32,0,1,2,1,,1790994263,0,0,0,0,4539,4502,4539,4502,100.0
1790994197,rsryxwZSgSLwvj9CbXVHzMimzpL51bLGM1bzBPSpump,SI,23hRMiRt5mpJJ7GMjMjXmU5PQV9U4LPcnQ3kYHzChwts,pumpswap,1790975739,0.000002088,2103.72,2081,2081,0,0,121632.81,121632.81,0,0,0,0,6037,5613,6037,5613,,,-95.74,-95.74,0,0,0,1,,1790994263,0,0,0,0,2119,2037,2119,2037,100.0
1790994194,DRM8r28emSG2hkpj7xS5D85w3iDKjZ97cSrs2E3opump,X,ARWqtRshabpRj3V6p4WjnpYKqKFTP14Esmro4jpuZzAw,pumpswap,1790975807,0.000002117,2128.15,2118,2118,0,0,43658.49,43658.49,0,0,0,0,1844,3342,1844,3342,,,-95.69,-95.69,0,0,0,1,,1790994263,0,0,0,0,720,1919,720,1919,100.0
1790994197,JfyaeBaLuXVRQgjKe7fes5Et44m3ywmpbLnWB86DmWn,STATEMENTS,CFKSruNUTALTLg4bmFj8rFQ2feUG7qNsLbVgaLjD9xT8,pumpswap,1790977254,0.00002618,13377.83,25560,25560,397.58,3278.93,677197.13,677197.13,4,9,51,45,6931,5998,6931,5998,-3.6,21.85,-44.67,-44.67,0,1,1,1,,1790994251,2,5,34,30,2905,2633,2905,2633,100.0
1790994196,H3vAMRcvEFuNtG9eE3sSMLpqtxhSUMh4kDzC7Ci4UAeC,CHIP,AAczvttcQYFtRQZkYjsUUpdqx8ehXt1MFYuZn11FxidD,meteoradbc,1790976225,0.00004692,,46920.82,46920.82,0,0,11763.78,11763.78,0,0,0,0,145,33,145,33,,,1213,1213,0,1,1,1,,1790994251,0,0,0,0,92,16,92,16,
1790994196,J6nQhwg8CpKjSpo6X3hMNHbcpYtMA2L41AYB5zzPpump,fimble ,AnV8bwFx6UVs2B3h88xgG7MY7qW5CMjSqfwvn5vCMhwW,pumpswap,1790977618,0.000003806,3565.17,3520,3520,0,10.38,95667.32,95667.32,0,0,0,5,1111,958,1111,958,,-1.15,-92.19,-92.19,0,1,1,1,,1790994251,0,0,0,5,494,589,494,589,100.0
1790994189,3YJSqXQkN5gXoZkHrHFnAMKwqyGv7B7WmRdyYVFAXnmh,USDC,8vkx9CJBpfqDe8DZiRcyrKQfD9Xsa1PK3M98nbNbwhtd,meteoradbc,1790873342,0.00003300,,33007.07,33007.07,307.36,10346.7,312725.95,345466.33,6,1,38,70,1284,953,1452,1083,3.73,-59.04,113,175,0,0,1,1,,1790994251,2,1,5,15,137,121,167,156,
1790994189,37PbQspU3ewcqY5ymJbzDiKLQS7fLgjBbph1fUbmpump,FNC,HBt4YRA1S9n7vWqKBK9289ZJEABcGcAkpAt29ng4pP93,pumpswap,1790975693,0.000002373,2419.97,2290,2290,0,0,155976.14,155976.14,0,0,0,0,1832,1741,1832,1741,,,-95.19,-95.19,0,0,1,1,,1790994251,0,0,0,0,527,550,527,550,100.0
1790994191,7QNiWhksE86mGkGtMgwZt6nSevgRVfmDzQeSrMYYFAd5,FINKSTR,GPuZEvWujv7dFycS3Ar4qJtFBXGVDNR51fE1QTeqSBv4,meteoradbc,1790977623,0.00004641,,46411.45,46411.45,0,0,8932.83,8932.83,0,0,0,0,241,292,241,292,,,186,186,0,0,0,1,,1790994263,0,0,0,0,150,174,150,174,
1790994193,Bj3MWQwdADbNniRtDqfuspsAd6MfdFaN5a61T5892uYb,Robinhood,CM4v7SvcfyhrCtW7qgVfP8E36oMD2mTcsbs9p5YCYRhf,meteoradbc,1790977554,0.00004634,,46347.2,46347.2,0,0,7531.28,7531.28,0,0,0,0,197,205,197,205,,,195,195,0,0,0,1,,1790994263,0,0,0,0,111,105,111,105,
1790994190,5cTPKVtDgaWFXx1hsyC98ge1C11G5LK2zYKyiSMekh7C,PokeTrade,42VBwHVAoPr6XRhi9WX9eEQBpz7cXdeweE7vfyyRiVwm,meteoradbc,1790977538,0.00004036,,40362.63,40362.63,0,0,1372.57,1372.57,0,0,0,0,12,6,12,6,,,161,161,0,0,0,1,,1790994263,0,0,0,0,11,6,11,6,
1790994194,DXbrpugoEXpZWoSEeac2qsAeiog4G6qasA3NGMR3wSXy,TAIGAN,EZ17E5Ca9AeZ6ySreJQqgff5Njcc6AcmuepLUZcaU7aZ,meteoradbc,1790977512,0.00005313,,53136.96,53136.96,0,0,6659.73,6659.73,0,0,0,0,265,282,265,282,,,6.4,6.4,0,0,0,1,,1790994263,0,0,0,0,140,130,140,130,
1790994193,AJy3jEbDAZX1vekxyqo7xiUByBGKSurnteatkeDYpump,SIA,94VWKhPurWbVPRqJv8rxyACuTjiEhHsb2UEJr9Q3xsFV,pumpswap,1790977408,0.000002661,2818.36,2585,2585,0,6.98,509104.34,509104.34,0,0,1,2,2410,2304,2410,2304,,0.42,-94.52,-94.52,0,0,0,1,,1790994263,0,0,1,2,1128,1020,1128,1020,100.0
1790994191,75G8SScna7D3GMqRXpicEMxwZ79kVV91GJNUDrhSpump,STONKS,ANtv15beziR2Jtbr9FHkhqMZMXRDhdRJzC2W8tRyziAB,pumpswap,1790976818,0.000002957,3252.09,2722,2722,0,7.67,1655562.53,1655562.53,0,0,2,2,4898,4567,4898,4567,,0.16,-93.5,-93.5,0,1,1,1,,1790994263,0,1,1,3,1568,1338,1568,1338,100.0
1790994192,8sgDqaTGjdpU4fwUusYYXNYdRgPyTx2itSdFWbPXdcxP,Robinhood,7fYUiWa83bxbLuDFL7ZXJ4ZZR2bjp83GrBRZDsRiH3Du,pumpswap,1790977095,0.000002094,2108.41,2083,2083,0,0,100576.43,100576.43,0,0,0,0,19252,16757,19252,16757,,,-95.73,-95.73,0,0,0,1,,1790994263,0,0,0,0,400,947,400,947,100.0
1790994192,9ZbsDUURtB16hMWY7cGbjZM2wSwjHEDLv14znyPqpump,wwp,52JZczV43godkXr4MYfxwFvp7fJu8RhcFpWEYuQ3buhQ,pumpfun,1790977358,0.00004851,,48516.73,48516.73,0,0,10037.43,10037.43,0,0,0,0,6,0,6,0,,,1360,1360,0,1,1,1,,1790994263,0,0,0,0,4,0,4,0,
1790994194,DWicbvP6gbyknRAp4APKJYgqM83TH6fowzjes2DDsx8d,SpaceX,wq1rgXwRbkNx2GA21wGMsq3S7TJ36juciFBPpEMgP7i,pumpswap,1790977210,0.000002117,2133.43,2117,2117,0,0,72620.39,72620.39,0,0,0,0,3427,3621,3427,3621,,,-95.68,-95.68,0,0,0,1,,1790994263,0,0,0,0,472,911,472,911,100.0
1790994196,Fo8QZyEzLPSECptkYNvFUg3ZrabAiHx81qbvxviQpump,VITALY,7BbnMyefgfqsG91zE3HvSFDMXBvfDWdCVxN5W49iFdWS,pumpfun,1790979340,0.000004959,,4959.55,4959.55,0,444.86,210042.91,210042.91,0,0,0,15,2549,2003,2549,2003,,-18.09,-45.39,-45.39,0,0,2,1,,1790994251,0,0,0,14,1200,1112,1200,1112,100.0
1790994189,3aMCV21MnEtpaxRRpNb9qPXEEtaMbfqM87iGh4rupump,2BORN2B,CBwUF2H9crxeNWFUd8Ro5PEHrMyqX7k1YgwGJt3MrJV7,pumpfun,1790978923,0.00004853,,48533.17,48533.17,0,0,10040.83,10040.83,0,0,0,0,6,0,6,0,,,1360,1360,0,1,1,1,,1790994251,0,0,0,0,5,0,5,0,
1790994193,Bt4npH7BNNGLBohhbcrybbkUn6RUJJzJbvnd4hznnMYJ,RFX,FgLBir8mHecNE4v2N2Q6JfujbKHDz2b6hfeCyCJjAowz,meteoradbc,1790975377,0.00004690,,46907.79,46907.79,0,0,12650.02,12650.02,0,0,0,0,132,12,132,12,,,1187,1187,0,2,1,1,,1790994251,0,0,0,0,94,10,94,10,
1790994191,7gLU4wTY2gi5C1L4tWMxVSUy3RRhJoZkJxGTdCsxgEWW,PUSS,CQYYfnRziiLdYnHM2x4odFDQRNVserU4AiB3gHZbKsoR,raydium,1790968041,0.00004100,18596.4,41007,41007,0.83,1802.17,8154.84,19843.15,0,2,99,12,311,190,605,333,-1.94,-17.18,11.15,-11.51,10,0,0,1,CPMM,1790994251,0,2,45,11,126,84,204,141,
1790994192,AA5mQhibz8v2EUugKSkaPqckEn19S3zhXvoZy9mKyrux,lever,Avhan6tmZY4LyGoFUWY4VVftfWYzb8HHebxvEdpHSLDN,meteoradbc,1790979441,0.00004608,,46084.03,46084.03,0,0,10026.47,10026.47,0,0,0,0,282,303,282,303,,,193,193,0,0,0,1,,1790994251,0,0,0,0,169,159,169,159,
1790994189,2VApW1K3tjpe6dJ8n8WDYPUz8PbfHvakrY9c88SJeGys,ARMY,HEH286kcak7YPt5GaS2oZMABXbUYUmz1ThK2qQcDA5ca,meteoradbc,1790979581,0.00006072,,60728.3,60728.3,0,0,7810.85,7810.85,0,0,0,0,199,228,199,228,,,26.74,26.74,0,0,0,1,,1790994251,0,0,0,0,155,153,155,153,
1790994189,31PRDcuLQw9bWb4YZeuMZjD6sstsW7hTv9TYSR7vh6wn,VITALY,7nQHWBYoHNUoJ7fLE9QQtBgd6mUFYJy9DL17DB6q4Ucq,meteoradbc,1790979600,0.00004577,,45770.66,45770.66,0,0,10818.55,10818.55,0,0,0,0,320,392,320,392,,,182,182,0,0,0,1,,1790994251,0,0,0,0,165,164,165,164,100.0
1790994191,5tV3Lfx8WNE63ZfCUWnBoFBwe8v6idUhuqg9ipDsDJyy,POOPYBOT,7BPpheNFaSfNHaPnXqVuHCMxEyijZ7LmuAhPbkwyjFTB,pumpswap,1790976698,0.00009070,30465.63,88328,88328,5498.28,246607.89,5089664.69,5089664.69,56,64,2063,1704,42161,30633,42161,30633,-9.86,-71.81,90.26,90.26,0,0,1,1,,1790994251,41,38,873,1083,10076,8882,10076,8882,100.0
1790994197,pjYNVkYthberD6LxuteShLTPTbx3icG6q96FhYmpump,Red Bull,4tNvmX7zreV2UB2DXMfy8VQ716XYTZKNazGBaXDx2M2o,pumpswap,1790978710,0.000002130,2147.44,2131,2131,0,0,109089.16,109089.16,0,0,0,0,16816,18323,16816,18323,,,-95.66,-95.66,0,0,0,1,,1790994251,0,0,0,0,2033,2023,2033,2023,100.0
1790994197,RAupPfRZGbuh1U6Jw7NLmktGNpaHcqYbMAPWMbcEDjV,ARMY,J9x2R8JkwCMtfqqAwwxzpsZHLzHV9Dc62M5b1jGpc7rS,pumpswap,1790978552,0.000001396,216788.33,139669,139669,0,0,3315535.74,3315535.74,0,0,0,0,3654,2188,3654,2188,,,78.28,78.28,0,0,0,1,,1790994251,0,0,0,0,1256,73,1256,73,0.0000000000396392499872547
1790994195,FUXq4w5D3rdtXVXK7pgLHy1xWpPTPhVoEwwNKTeApump,SGROK,4bz7MRviyRaxCe5ekiGotj5kWwDEDutxpa6uuhkpPDHY,pumpswap,1790978945,0.000002554,2860.07,2489,2489,0,34.76,1144494.71,1144494.71,0,0,1,1,3831,3688,3831,3688,,0.78,-94.74,-94.74,0,1,1,1,,1790994251,0,0,1,1,1296,1251,1296,1251,100.0
1790994195,FLXmqULjxa5neWG8thsPZcAGX93VFCB4ZbniCy9Tpump,PAYROLL,4ZAEW8sJ9sXwCCVZdnhpyrhANM4sBcqsXwsV14mszDfQ,pumpswap,1790979275,0.000002787,2815.2,2676,2676,0,54.36,276996.07,276996.07,0,0,0,9,2502,2418,2502,2418,,-3.2,-93.89,-93.89,0,0,0,1,,1790994251,0,0,0,9,1108,1159,1108,1159,100.0
1790994189,29REVVLFoM2ERuSTt2p86zsn9q7CxTNuzHPw29dnpump,ARMY,ETQ52D2podCHczQHvFrNAQw3XWggJJjdzmAb2zCGBCz5,pumpswap,1790976694,0.000002627,2822.93,2500,2500,0,18.99,2198838.23,2198838.23,0,0,6,5,20909,3943,20909,3943,,1.97,-94.57,-94.57,0,0,1,1,,1790994251,0,0,3,5,1913,1858,1913,1858,100.0
1790994191,6k1E2jVp6EaZYeurvJrXe4mdBoTjfgUKoLkh8CaWpump,memeyin,H1ajCveHK3hUVY41zXxqHXf9b3E17hNNJgd3CzQbTfS,pumpswap,1790979663,0.000003073,3538.74,2891,2891,0,21.17,2731589.92,2731589.92,0,0,1,4,7273,6646,7273,6646,,0.89,-93.7,-93.7,0,1,1,1,,1790994238,0,1,1,5,1846,1626,1846,1626,100.0
1790994190,4dFpLyo4FDeXdSoCokFgYSk1XNuQoNwwWVGz2jnFpump,DL,BYZ2CfZAHJb4SBuWXs6icpypfRMSxJLAuaT6ZXneDAYK,pumpfun,1790980217,0.00004854,,48549.6,48549.6,0,0,10044.23,10044.23,0,0,0,0,6,0,6,0,,,1360,1360,0,1,1,1,,1790994238,0,0,0,0,6,0,6,0,
1790994192,9zu66qTLKCEzsfifm7woEoVJzw82Recitu5S4i2Npump,MOON,6dpTqzK9BhgRfGZu31N5tYZCY5f9uq86ccpGECCbxKd4,pumpswap,1790978408,0.0002530,46922.37,246024,246024,38920.6,310051.47,1283557.77,1283557.77,169,247,2811,1658,18418,6006,18418,6006,40.85,-2.51,420,420,0,1,1,1,,1790994251,85,75,1002,917,9037,2183,9037,2183,100.0
1790994196,GcuTsrnz8TAhaM3v515iXBZtri1PbbZmwa92Et9nCW8W,FIAT,9n8JVEMAXWkNyZZi2T55RfFvL7dZLFjBC6Wg9nnAaz81,meteoradbc,1790975937,0.00004828,,48288.85,48288.85,0,0,27722.64,27722.64,0,0,0,0,202,92,202,92,,,1226,1226,0,1,1,1,,1790994251,0,0,0,0,122,53,122,53,
1790994194,DcsjML99TfewNHnarcWX37drBZerR4jSzorzeSwLpump,TRMPL,69eKSuZY2Cu6p6NBALyiAnBvy2FxiXw6UufcCSPbnXgm,pumpswap,1790981167,0.000002479,2680.52,2410,2410,0,0,671570.59,671570.59,0,0,0,0,2806,2729,2806,2729,,,-94.9,-94.9,0,0,0,1,,1790994251,0,0,0,0,1018,976,1018,976,100.0
1790994196,J5X6Hox4Mj2wrstbSW2j364eWyx8taMZBf2AwKhP4DJG,Chi-Chi,ERKcBR5Mj3DZa5yGoKCEP6G8p5GRxVyAvuEju1VubzUk,meteoradbc,1790981132,0.00004578,,45781.85,45781.85,0,0,8708.93,8708.93,0,0,0,0,249,297,249,297,,,181,181,0,0,0,1,,1790994251,0,0,0,0,120,121,120,121,
1790994193,BpFoHiEnGCw1mvqNxMS1nyX5kXwEuNLJXG4aQX1N7kUW,STUPIDINU,5w8P5EZAQwa9v2CVzULC98g6eXMSo2pzGgG4M1HAbYrL,meteoradbc,1790981102,0.00005329,,53297.1,53297.1,0,0,7588.73,7588.73,0,0,0,0,336,351,336,351,,,6.4,6.4,0,0,0,1,,1790994251,0,0,0,0,169,159,169,159,
1790994193,Bn7hQUaY1EZ6bTdbtB3r93eG8a7nwLWBvtsKLxTcpump,dogs,4RPrGzTjFRp6Jtgi5SY5tMNNHXQitZvXpJFvRtRmHNy7,pumpswap,1790981558,0.000002298,2303.99,2299,2299,0,0,41511.55,41511.55,0,0,0,0,1157,515,1157,515,,,-95.33,-95.33,0,0,0,1,,1790994251,0,0,0,0,1059,432,1059,432,100.0
1790994196,HnnwMzbGHxeMAY6Sr7LoNaxkPebTWY2BgXcM7W8xHhUf,JACK,B3aLwtcmbV57rEw7TKu992RDj8A2X6v5RV9b3UK6truz,meteoradbc,1790981180,0.00005835,,58358.9,58358.9,0,0,8466.37,8466.37,0,0,0,0,343,324,343,324,,,33.77,33.77,0,0,0,1,,1790994251,0,0,0,0,170,147,170,147,
1790994191,6hTLdzZaaCjmqtn7RtaEMQsCbXT5Pg8q76tRViEGpump,ABU,2qWF4dn1JnqhCpAYJQnKVaKezzuUiG4xdnbnCSK1Pgcw,pumpswap,1790981217,0.00007358,23755.71,71088,71088,1888.6,52718.09,693672.97,693672.97,278,88,2718,1125,17068,9818,17068,9818,20.23,-47.86,50.44,50.44,100,0,3,1,,1790994251,101,37,1596,725,8497,4548,8497,4548,100.0
1790994193,Bj8KxXcNAfvWKH64rLjVBLByr1jUUFGcfKnXzHUJpump,HOOKRASCII,8rqqsquXHxZfWvbRaxx3M4EnRgEDPzrNi4bXbsA4zRa,pumpswap,1790980874,0.000002576,2878.93,2515,2515,0,0.37,1095202.33,1095202.33,0,0,0,1,4504,4205,4504,4205,,0.29,-94.71,-94.71,0,0,0,1,,1790994251,0,0,0,1,2051,1934,2051,1934,100.0
1790994189,14V7ak8AJ2smgEoeiHokPwh8bq6TLq6kVdfcZojtpump,ClawdOS,9sCWC1YvPATgzRfoLSMEc1r3cJQL4LQNrLfvyjDZfFw4,pumpswap,1790980816,0.000002254,2298.54,2199,2199,0,0,181404.7,181404.7,0,0,0,0,3953,4828,3953,4828,,,-95.42,-95.42,0,0,0,1,,1790994251,0,0,0,0,2006,2021,2006,2021,100.0
1790994192,9kQTJMnzuPS1FSSs5YgNecYQC5Pqia3b2aMckqDAkpsd,PONS,9nXfme6Q8Z5wR48fssjBfwrKS2kZjeYVwpPJhxhgoFWk,pumpswap,1790981037,0.000002124,2147.3,2109,2109,0,3.77,178534.06,178534.06,0,0,2,1,36815,29517,36815,29517,,-0.75,-95.68,-95.68,0,0,0,1,,1790994251,0,0,1,1,382,470,382,470,100.0
1790994192,9F6713o2fVuKtfT2MdAcAPE8CZpo3VxwssqFV5skjX4t,ELON,6UZeU4gWBU7YQJTPxwUVbGL9FK3VYbs5m7v4cTCiWewN,pumpswap,1790979017,0.000002302,2330.37,2291,2291,0,0,204484.52,204484.52,0,0,0,0,22522,16275,22522,16275,,,-95.31,-95.31,0,0,0,1,,1790994251,0,0,0,0,399,950,399,950,100.0
1790994193,AYuNTGHHYzmH6LgwveNVc9TZFmPVZKUsM4k5tPqEpump,ROOT,Dw3spFXApoDNFpnh9AN4AvbBt4R6BnQKPiocDEcxRwqb,pumpswap,1790988154,0.000007560,6229.86,7431,7431,472.65,78931.82,777966.64,777966.64,26,21,1041,992,8313,6162,8313,6162,11.42,-91.52,-84.63,-84.63,0,1,1,1,,1790994238,14,8,399,674,2861,2593,2861,2593,100.0
1790994196,GPuaTh7duwmbifV7nQkTACqbN4qkdo7KbjmK8uGLrhH7,HOOKER,BAyJ8NbAHpatpnhqmqt3V43UAnbnHqhcTKPRgToyB8iG,meteoradbc,1790981322,0.000007158,,7158.92,7158.92,0,351.65,70222.43,70222.43,0,0,1,10,294,236,294,236,,-3.69,42.67,42.67,0,0,1,1,,1790994238,0,1,1,3,50,29,50,29,
1790994191,6T4NrctGAuD4z9BRAdgHfpD8g67du8E46X6Fp2DJpump,Supercate,J6yw89zqkgwgQnsZeUytp3G5n848X88Hkb6M4rWUJw58,pumpswap,1790984310,0.000003289,3165.43,3163,3163,0,41.21,56685.51,56685.51,0,0,1,6,7145,6157,7145,6157,,-3.36,-93.25,-93.25,10,0,1,1,,1790994238,0,0,2,7,528,507,528,507,100.0
1790994195,E81BGCpweocddeyupAi1ugbjhgdD9cdYjRA7RNpHpump,BLOCKCHAIN,9gTu5hRSuyKgrGGBdUG7ApRoyT8DyC7za6e13jJQHHV8,pumpswap,1790983170,0.00003379,14785.62,32715,32715,109.95,765.46,54549.2,54549.2,0,2,2,13,546,550,546,550,-2.48,-15.72,-30.71,-30.71,0,2,1,1,,1790994238,0,1,2,12,368,346,368,346,100.0
1790994191,6fsiFuTnLN78VX5MVy2KZo3gCt3f8M1iSrmJzje6Jk3k,Don,3tUPUq8ZPqmowz5vx9G1pAuThJ38mGbMYuyBbkLQ7iXV,pumpswap,1790648383,0.00002263,12234.64,22197,22197,113.01,6555.66,86176.91,89043.42,7,2,49,56,659,601,686,634,3.28,-6.28,83.65,66,0,3,1,1,,1790994238,6,2,40,44,248,226,257,247,100.0
1790994193,Bhhasty2TNvQsQ69KZqfsZYqsdJfwBWs4a1QYSzvCCot,SFAI,2zCji6GhMZvq31ApWNMyKfP7qdkAKF7VzcPw21hpXJJ3,fluxbeam,1790983012,0.001486,1470868.7,1485973,1485973,0,0,10519.62,10519.62,0,0,0,0,300,0,300,0,,,905,905,0,0,0,1,,1790994238,0,0,0,0,20,0,20,0,0.0
1790994196,Hrxj7cWQf11UMUGnRanr5QkTdoL5egL16MEgyvpUGnCb,OVER,9G7jnCsXLdszY9fD1tK5D2iiyH2Zi8CJgQ9FZoiQAdJE,meteoradbc,1790983008,0.00005601,,56019.13,56019.13,0,0,1297.92,1297.92,0,0,0,0,8,1,8,1,,,28.25,28.25,0,0,0,1,,1790994238,0,0,0,0,6,1,6,1,
1790994192,8azBUCY1eLLFcc3G16x6mfMyx7Yx5nE6GG64Hb6iDugg,ICO,8oyY9HTdQt6tgDL3x5m5KVbpyzG6nuWzvGx2isuJseip,meteoradbc,1790982960,0.00004052,,40526.57,40526.57,0,0,9052.01,9052.01,0,0,0,0,299,312,299,312,,,157,157,0,0,0,1,,1790994238,0,0,0,0,179,180,179,180,
1790994194,CnnzckzNCkidJyW4PVzz6h1c4BcXWwcCmt7MHZwVtEzm,POOPYBOT,AsHmacoPfgcB1Cigw3Bgz5Q3hKo4am8hbQ8myBMZet9P,meteoradbc,1790982925,0.00003264,,32647.72,32647.72,0,0,8170.1,8170.1,0,0,0,0,262,272,262,272,,,124,124,0,0,0,1,,1790994238,0,0,0,0,157,150,157,150,
1790994197,MktBuHr1H4emrqAhbnChkCW2X2EP4BbeZG1LzTV5cMQ,MirrorPad,H9rYMiR9mZ1S9nPdp5FZTpoGDZGiWRdu2VnitxZMrVsK,pumpswap,1790982742,0.000002568,2606.39,2496,2496,0,9.93,213328.37,213328.37,0,0,0,3,2631,2648,2631,2648,,-0.49,-94.64,-94.64,0,0,0,1,,1790994238,0,0,0,3,1353,1413,1353,1413,100.0
1790994189,2RKkd7aG13o926CTUNHjE3T43NwS9QyLMyf5pHa9pump,PUMPMASK,8qbRgJK371zn6DfpTHsX4FN6FBDZkWs5AN4Cf1ugYJms,pumpswap,1790982395,0.000002997,3393.76,2926,2926,0,51.95,1532874.9,1532874.9,0,0,1,4,6467,5849,6467,5849,,2.86,-93.84,-93.84,0,1,1,1,,1790994238,0,0,1,4,2683,2539,2683,2539,100.0
1790994197,R8JxZuNM9Y9x6ieUifNYRHnDXjT582Tze8ZjguLpump,HOOKED,GvS8fqroyfzdoNC68TVdCCg3n2qHYRL8XTiEBtNgUXtB,pumpswap,1790982662,0.000001872,1888.88,1873,1873,0,0,122234.34,122234.34,0,0,0,0,6723,6039,6723,6039,,,-96.2,-96.2,0,0,0,1,,1790994238,0,0,0,0,2153,2073,2153,2073,100.0
1790994197,kHGzthHUJVvenFrJXcj6EpzT66zBuoFzMGmYC6Rpump,Tesla AI,B91CWpzpqHia8Tkn4rAJxtscLWKCfKmwLbyv4pMHEcDe,pumpswap,1790982495,0.000002115,2140.22,2101,2101,0,0,155143.81,155143.81,0,0,0,0,4235,5094,4235,5094,,,-95.7,-95.7,0,0,0,1,,1790994238,0,0,0,0,1991,1998,1991,1998,100.0
1790994190,5FKPLjhNrez3iu2oSKfFjy6kNxRVf2jL1jc8dAwCbu9E,STUPIDINU,EvEV7ie5Dwd7r25YR5UyshFqSJdy32nztwT5AZytPRSE,raydium,1790980002,0.0001598,39340.28,159805,159805,64.9,22820.86,1509102.06,1509102.06,10,5,161,122,8731,9355,8731,9355,0.2,-7.76,229,229,0,0,0,1,CPMM,1790994238,5,6,106,89,3266,2740,3266,2740,99.9999999967199
1790994194,DbRL5KRAun9g4CWs2MVZsitxee61CapEBgx17WzQjpYG,Dan,77YWbYygECpCe5ubkmQnRG7snhkhC2W9B9mZSqFBLCpp,pumpswap,1790984280,0.00001965,10748.96,18697,18697,0,870.57,42196.69,42196.69,0,0,6,25,508,467,508,467,,-20.01,-59.75,-59.75,0,0,2,1,,1790994226,0,0,5,24,287,275,287,275,100.0
1790994196,GUC1rkyDzhjJjRRda5PQoM6onvHuXsbFE51UwF8Tpump,SlabPay,3CXp4eZecaoEujCDDvhpKT3v3ALB3MaVz9BkjrDtwBkr,pumpfun,1790983263,0.00003587,,35873.64,35873.64,23.05,3888.41,78014.79,78014.79,2,0,42,28,554,352,554,352,1.11,5.07,732,732,90,1,1,1,,1790994226,,,,,,,,,100.0
1790994189,13gLL713ccbsQjYpctDqbYDBQZN1jxFcguYpRhCCpump,ZMASK,HWDGph6N1cydLdJi85dvZqGZHHvJAMhxgTHuMLppq3VZ,pumpfun,1790980611,0.00003750,,37507.04,37507.04,125,1532.9,25558,25558,4,0,51,18,311,145,311,145,2.68,6.62,665,665,10,1,1,1,,1790994238,,,,,,,,,100.0
1790994196,FtCot9E8ynW9cG116aGrHmFGFwwENKzrST5R6SoHpump,MINDS,7heuFSN5bL5QyERbJjVPzziK45Jrqx1VRMHmpno2okeZ,pumpswap,1790983722,0.000004130,3803.17,3793,3793,0,238.55,162513.98,162513.98,0,0,5,21,2403,2027,2403,2027,,-9.31,-91.57,-91.57,0,1,1,1,,1790994238,0,0,2,20,925,1088,925,1088,100.0
1790994196,HWMgoYa2XSBsmnNJ5CbzDiEorQpuucTntDjyJsaP1Tyw,casinu,EEh8JGatt9fXtsZhNGD1BEgdXq69CczkJVqXg1DZg8iw,raydium,1790983432,0.00002528,16039.7,25286,25286,1991.84,40985.76,702193.94,702193.94,19,13,537,440,8070,5563,8070,5563,35.62,-27.41,-49.18,-49.18,0,0,1,1,CPMM,1790994238,12,7,339,228,2572,2830,2572,2830,
1790994194,CSkqNn6sYmqKxyg8Enh7pkmwDq4emHV4J767GjYBn8EJ,LUCKY,AD7ESpWuTqSnne3qTWFb42S5NzgEARjhGqmA7myR3sDc,raydium,1790983023,0.00002201,14066.85,22010,22010,3863.09,35271.3,359373.67,359373.67,36,29,206,195,3487,3311,3487,3311,-35.48,86.88,-55.1,-55.1,0,1,1,1,CPMM,1790994238,13,18,110,131,1610,1584,1610,1584,99.9999999912293
1790994191,6gakzfHSfQWVV3X1Ltj9NoPjWq1q1x5CdWvsPeBhmg3m,SUPG,9hx1LCp2727T4s2bG8goccevtZ6wmPdPzGXpWZoknQrK,meteoradbc,1790984557,0.00005862,,58625.81,58625.81,0,0,6412.09,6412.09,0,0,0,0,250,210,250,210,,,34.19,34.19,0,0,0,1,,1790994238,0,0,0,0,149,123,149,123,
1790994190,4QGRjuLwh27GaNhovpTXptCi5er6tdvWA7fDwyvGLp2r,m/acc,8m1Vfy2yGYforeGCwwoCAbGpEdyi1TC2Nox4FTxL3smk,meteoradbc,1790984637,0.00004695,,46958.97,46958.97,0,0,4236.11,4236.11,0,0,0,0,118,111,118,111,,,197,197,0,0,0,1,,1790994238,0,0,0,0,82,81,82,81,
1790994194,CEhTxVGvVG7QbxnJCSyZBiRttrLskpc9hW3Twsd28f7f,FABLE,HWdGyi355V2N4g9Apv8jtZgdtLNqpTptZPS1YtbpHK4X,meteoradbc,1790984649,0.00003496,,34962.23,34962.23,0,0,1839.72,1839.72,0,0,0,0,41,23,41,23,,,79.18,79.18,0,0,0,1,,1790994238,0,0,0,0,39,19,39,19,
1790994195,FKEAHwHKaZHSdYqLa2XLKDHK6mpqCKpVjk4LVByogtwD,m/acc,Ac5xo8Z7GX8Du3XcrVx3kH5gYKE922yVoVNjA4ZdcLwi,meteoradbc,1790984631,0.00004513,,45138.89,45138.89,0,0,7218.86,7218.86,0,0,0,0,187,227,187,227,,,177,177,0,0,0,1,,1790994238,0,0,0,0,136,144,136,144,
1790994190,5DLtqzwmAm18dAgWyJk1fuTCnnuNbgCUFofhryz6iUwC,m/acc,ToUvJUSZ4igHgUkifZ5xVFfd1YkLAFY99D47rCvhQfm,meteoradbc,1790984568,0.00004011,,40111.24,40111.24,0,0,4690.3,4690.3,0,0,0,0,135,137,135,137,,,146,146,0,0,0,1,,1790994238,0,0,0,0,116,107,116,107,
1790994196,GVdNysyLZ2kgWMykDeDRfFiSy7MNh2Jp7FFpwoUgpump,nana,EQZtEiuEbLeWbLqhxPj49n1yS3fSiYFx8932xSkxowmu,pumpfun,1790984616,0.00005543,,55433.05,55433.05,2974.19,2974.19,5182.85,5182.85,60,52,60,52,207,177,207,177,5.04,5.04,1555,1555,0,0,0,1,,1790994238,9,8,9,8,16,17,16,17,
1790994190,55z3Uv95ALDrV99pSy5RxgNRvbBNPAH7ECg8YFCApump,SUPG,A1PfPb6Nup6EhwQbRDfq4aykXcr27mrRdAts1K9VxzXA,pumpswap,1790984321,0.000002460,2654.64,2409,2409,0.33,23.57,690099.74,690099.74,0,1,1,4,3020,2806,3020,2806,-0.08,-2.76,-94.95,-94.95,0,0,0,1,,1790994238,0,1,1,3,1286,1174,1286,1174,100.0
1790994197,MFhskyRkDPeazb48hfRvDd4NVmW75nqyETZVxBrpump,OpenSea,GTqmsfDEbePmjC4cNTPHwmVS9jsbtEa3QKwrof2fTCWv,pumpswap,1790983821,0.000003911,3916.77,3912,3912,0,0,101156.32,101156.32,0,0,0,0,12861,13612,12861,13612,,,-92.06,-92.06,0,0,0,1,,1790994238,0,0,0,0,2057,2038,2057,2038,100.0
1790994196,HPcL5AHbrhPp4y5ewZWMTZRA3AQT32NuAuXBgAjvpump,m/acc,Ws5pbN3yJN1F2XD2vyhTzP9BnW54KipboeQWB1ozxkT,pumpswap,1790984519,0.0001154,31124.01,111072,111072,4474.49,158894.21,1092772.71,1092772.71,36,51,1414,1057,13757,11274,13757,11274,-0.42,63.64,136,136,0,0,1,1,,1790994238,25,27,613,545,3993,3556,3993,3556,
1790994196,G48jjGY4aFqBXYCPTDU2shdcsc3RLfHkcjuRdfPau8Tb,ROLEX,FcpsNguCBzpU4fWzp29v3H4ucMDMWhNCm8UwHdCYo92N,pumpswap,1790982521,0.000002139,2165.63,2129,2129,0,0,118713.35,118713.35,0,0,0,0,13183,7655,13183,7655,,,-95.66,-95.66,0,0,0,1,,1790994238,0,0,0,0,494,944,494,944,100.0
1790994196,GhE3yZiC2NvzFKQeMNCeh4t7AdnJQxUfV8vds7UyXcuL,SHODL,4dCrrZNEwV44jAfoNuwoPiE2f2cCd24fDvM9ozEffmmw,meteora,1790987754,0.0001222,116.12,122210,122210,0,0,350.08,350.08,0,0,0,0,22,33,22,33,,,-6.63,-6.63,10,0,1,1,DLMM,1790994226,0,0,0,0,16,23,16,23,
1790994189,2DS3bZrBzc4WhZs1cwMLxaEVnyTwNvWYV9Cm5YVW4Acs,STONKERS,9xHbtrjvEAWALCk2FaANkq61y8oqqpKtwBKLwwyx2Fd,raydium,1790986452,0.000003884,5778.31,3884,3884,0.48,95.61,214585.17,214585.17,0,1,2,23,2301,2233,2301,2233,-0.3,-5.88,-92.04,-92.04,0,1,1,1,CPMM,1790994226,0,1,1,8,981,1056,981,1056,99.9999999998949
1790994192,8f5m7Y8po64WviteV1LKnN43M8Z8gUvDnNWRkDK1aSXo,LLAMA,C4BrFAV9S7kVitugS42Xv2YZFWzMb3xRuUr9NZd5qoiw,raydium,1790922039,0.0004597,63337.06,459704,459704,0,1194.67,41850.92,522902.15,0,0,29,13,205,116,1341,1028,,-1.42,148,4191,0,0,1,1,CPMM,1790994226,0,1,12,10,76,95,488,658,100.0
1790994197,gjaDS6RBeS2577qvTRP7BuavKkAKFEV82tkr8JCpump,PAPI,Dd2S5qttRoyS3LZhbPe7ZVjJRVhjVmKhUVHfFmMMQckW,pumpfun,1790984816,0.00004875,,48750.93,48750.93,0,0,10085.88,10085.88,0,0,0,0,48,0,48,0,,,1322,1322,0,1,1,1,,1790994226,0,0,0,0,42,0,42,0,
1790994190,3vwAgtTjv6VvuaXtC4BFHeAzHF6Z7CaUaHCQE2PYpump,EMBASSY,5N6EJeK15sNq8Z4akaJTuSwainkgQ133BvqEiScKa187,pumpswap,1790989298,0.000003051,2985.37,2868,2868,11.96,643.31,85903,85903,0,2,12,47,964,1033,964,1033,-0.53,-29.47,-93.76,-93.76,0,1,1,1,,1790994226,0,2,4,32,513,582,513,582,100.0
1790994191,6VdcGF1YDx3cLNo2mX5knivBHdBvMhMFhmon6xQ5Eray,PPPLABS,3U5kUYSNxAr7MhjZutaKqC2cW7hAwPNyH4yt94JDdv9X,raydium,1790947652,0.00005830,29760.08,58309,58309,0,29.35,6804.7,50631.52,0,0,1,2,33,17,223,131,,-0.59,19.85,124,0,3,2,1,CPMM,1790994226,0,0,1,2,27,13,127,91,90.0000000001921
1790994189,23ah8DM7mAsrtWwsjytJbd4euL7PYoaF8zaGoRNzjYY4,FABLE,BUMbnr19WYQBdNXRFeXnx2NvwudawtpFr4QYPAK7ricr,meteoradbc,1790987105,0.00003564,,35641.73,35641.73,0,0,2248.81,2248.81,0,0,0,0,63,44,63,44,,,82.37,82.37,0,0,0,1,,1790994226,0,0,0,0,60,41,60,41,
1790994196,HoJkE9p9fZV23ABi1eg4SbY7rah5KQek3nP41R9sJmJ1,USATᅠ,8SBHwHRmTGGuHrnTC7FhgEVzSAGHfM2YW24yeDLkDLmy,orca,1790987081,1.010,1234.82,1010216055,1010216055,0,0,316.41,316.41,0,0,0,0,2,1,2,1,,,2.04,2.04,0,0,0,1,wp,1790994226,0,0,0,0,2,1,2,1,
1790994195,F7AMiEa6u74Mf6RPrutosius3BJFvHhW6atgJNPUpump,OpenAI,oc2WqqvNxZxYuCfCAoJekXuQ5fThHm1R62Msu7v9LJe,pumpswap,1790987067,0.000002119,2140.43,2120,2120,0,0,91455.13,91455.13,0,0,0,0,3970,5662,3970,5662,,,-95.7,-95.7,0,0,0,1,,1790994226,0,0,0,0,473,2166,473,2166,100.0
1790994194,DXM1w8BuVrKy4oDeU6RbjDZ4cQtNTQnwDdDz2M6h4oQL,ANON,GKXGeHmbDu4o56Gf3qHobSaUZMP16E2kYTzdiGW1S28M,meteoradbc,1790986980,0.00005916,,59160.1,59160.1,0,0,8163.58,8163.58,0,0,0,0,322,291,322,291,,,35.21,35.21,0,0,0,1,,1790994226,0,0,0,0,172,155,172,155,
1790994194,D5Foz4CXazr8BkTGFrvz32ncBDkC2cngsyMdYhAwgVrH,STARBUCKS,FfLLv1C1LnZWRoLKVmxxSeUBX8eqdN3X71cgNTqhbmNu,pumpswap,1790987118,0.000002105,2117.49,2106,2106,0,0,53539.04,53539.04,0,0,0,0,4117,5013,4117,5013,,,-95.73,-95.73,0,0,0,1,,1790994226,0,0,0,0,160,630,160,630,100.0
1790994193,B6SD2xpKsfc1GFB6zxJgJVNqdsUkvcFsjFr2xm13rJfK,TOP,5xsJBF7YRV1VZEZHTEEfScnJsmuC36zGStQmfMbmXx7r,meteoradbc,1790987114,0.00004282,,42821.45,42821.45,0,0,4777.06,4777.06,0,0,0,0,108,141,108,141,,,162,162,0,0,0,1,,1790994226,0,0,0,0,86,101,86,101,
1790994197,scmrEwQsNYG13urUMr5TmJhiUGAtWaswqxssvVQpump,Kraken,9QhModZw3vaJNchCXWXr51RJ8YyiUHzafbosjpr2zj2R,pumpswap,1790986566,0.000002110,2126.61,2111,2111,0,0,112191.54,112191.54,0,0,0,0,15793,16736,15793,16736,,,-95.72,-95.72,0,0,0,1,,1790994226,0,0,0,0,2074,2058,2074,2058,100.0
1790994197,Z27RcZxbueMBDo4ksqRmZTwx8R97t8DtJ1TCPG8pump,Solaween,J5db2h86ztJ73Fqorwd7rfHmMJXYeE3E2uPJ5na6yZtz,pumpswap,1790991219,0.000003214,3110.98,3102,3102,5.9,60251.37,60251.37,60251.37,1,2,781,3163,781,3163,781,3163,-1.14,-93.46,-93.46,-93.46,0,1,1,1,,1790994226,2,2,459,489,459,489,459,489,100.0
1790994193,Bd4f5FrKaPzWww3r2ojdqXnf2wfT8VsnZeTg46T1uPQv,BOOK,8nFNGsRmmhrqRjZb7LpwrffMNFeTNtKTksFPw97zBfXD,meteoradbc,1790982979,0.00004837,,48376.44,48376.44,0,0,32236.33,32236.33,0,0,0,0,160,218,160,218,,,1249,1249,0,1,1,1,,1790994226,0,0,0,0,130,59,130,59,
1790994189,2Zp29FcxqTpt3JfQ68Fn94DzWCMiBiCVjXkuAG5W64UJ,AMD,vn21aX1djHCMbH14w8ENCWbZ9vKvGUQSb19uTwf6i8s,raydium,1790988538,0.00004648,20279.92,46481,46481,3574.81,144522.43,297897.35,297897.35,43,23,1384,1015,2940,2241,2940,2241,-5.58,-38.04,-3.85,-3.85,0,1,1,1,CPMM,1790994226,21,18,628,568,1329,1165,1329,1165,99.9999998248833
1790994196,HJfWZ4Ns6ydxYUebrH8mh9yqNqvYAuiTMLjYDjJwpump,KING,Cb7J7gjydKgnqMq9pNu3dwTui9raQYzXuVSxPAeUbsB1,pumpfun,1790975740,0.00003593,,35934.94,35934.94,10.77,2059.56,25010.21,25010.21,2,1,41,19,569,250,569,250,0.19,5.07,944,944,110,1,1,1,,1790994226,2,0,30,16,269,127,269,127,100.0
1790994189,39LWc8nAPSZn2kj2kG53pd7EeLFAkUuewKUpKjqNMHxv,STONKR,HJo3pWFqHCcCXuBurRq56i1tfjVKJhbc4rydd14fKJga,meteoradbc,1790988666,0.00005814,,58143.79,58143.79,0,0,3741.46,3741.46,0,0,0,0,123,113,123,113,,,32.56,32.56,0,0,0,1,,1790994226,0,0,0,0,95,84,95,84,
1790994193,B8CAYESHdiwjMixhqa7f1udU7wSrBXfyiBuwxSupump,OpenAI,AA6KDHyaYq19yrshdtdpqsczbrE4QQVGTw6qza2CMXmy,pumpswap,1790988322,0.000002147,2179.41,2148,2148,0,0,112535.39,112535.39,0,0,0,0,17488,17433,17488,17433,,,-95.66,-95.66,0,0,0,1,,1790994226,0,0,0,0,2065,2050,2065,2050,100.0
1790994196,HhE45T4qZsBiwcQXhBMJYNYzzMkXaj8EcMYVp5pedESD,Joker,2RvK6qZEAw3nYwJqGSbiLeGokPgFWw8dHByT6vqcs2bi,pumpswap,1790987436,0.000002157,2196.33,2146,2146,0,1.24,97748.54,97748.54,0,0,1,1,19300,14234,19300,14234,,1.29,-95.64,-95.64,0,0,0,1,,1790994226,0,0,1,1,390,372,390,372,100.0
1790994195,EunyTpEd6YkNq4fcr5UGHfCrtkUNN9CqAAzcffeApump,Tesla,9h8XLLrYrHyqF6ykd6yPkaqyxBTBfeHUM2ZAnTVtuYoi,pumpswap,1790988486,0.000002116,2141.32,2117,2117,0,613.09,138098.11,138098.11,0,0,2,638,11862,13288,11862,13288,,-39.79,-95.72,-95.72,0,0,0,1,,1790994226,0,0,274,2112,529,2208,529,2208,100.0
1790994189,3A75w27ssueStCEEp6KGxKJ3EtP57P9FxT6YxHmDnt7a,Tesla,7xZSFrmsrZ2NqLN76wzQicVtdV877PsCLUAnHvXMGsdW,pumpswap,1790987028,0.000002245,2398.32,2235,2235,0,97111.5,173024.12,173024.12,0,0,10771,7267,32053,13695,32053,13695,,-99.87,-95.45,-95.45,0,0,0,1,,1790994226,0,0,433,425,528,503,528,503,100.0
1790994194,C5CjDhwpVZULajo4kqPKa8pHysd2KxezwmQ4J6iqjHd9,MIMIC,3rbWfefnahK385Wr1d5xeizpD12qoKcJRPzREDgPdrPe,pumpswap,1790985823,0.000009483,6849.39,8860,8860,381.63,12867.02,165710.48,165710.48,1,8,150,175,1830,1593,1830,1593,-13.42,-62.57,-80.54,-80.54,0,2,2,1,,1790994213,1,2,63,102,776,748,776,748,100.0
1790994193,AvReVQWDjFRHZd4GHYxjztFCTNLX2qMQFbiqa6g6vPq4,NYSE,X6wM7p9sb58ckpye6mqGY7fzUcjrjawCo1EfEh4kUZH,meteoradbc,1790876385,0.00005814,,58147.21,58147.21,0,0,0,279931.39,0,0,0,0,0,0,1121,951,,,,542,0,1,1,1,,1790994213,0,0,0,0,0,0,318,264,
1790994192,8dEKKu3ggjm6UFFzD7cdFKu99oy2ndggE8aSTEbGpump,VAMPINU,BTEwpa1bSCXHhCgJz5MyJMFdre2JxY5Q34hiQqqiURFv,pumpswap,1790991923,0.00002487,12388.44,24872,24872,2842.84,69002.29,69002.29,69002.29,38,38,876,672,876,672,876,672,1.02,-49.51,-49.51,-49.51,50,0,1,1,,1790994213,19,15,469,368,469,368,469,368,100.0
1790994192,8WRuTwhnn2VjWD4ZzL5qsxwDMif2f6gcS5BAHdrHorbj,PRESSURE,E5952YKjsJVnrBozAEmj5mftpStw1mKZSyuMboCT7mti,raydium,1790988882,0.00007731,26949.99,77314,77314,24653.17,268433.23,1502683.81,1502683.81,187,141,1880,1428,10091,8368,10091,8368,-46.39,-53.1,54.6,54.6,0,1,1,1,CPMM,1790994226,79,70,602,647,3504,2706,3504,2706,99.9999999970763
1790994194,Cv6Uw6JXf62DF9HgKAZP1XXMNz6kSFgYRP8BNEepTnvh,SQUASH,3em8DeYShg8dcVWN4kkhcZ7f1ELtczGyfmXp8ggG7NS1,meteora,1790990223,0.00002931,39.28,29316,29316,0,887435.47,1619973.62,1619973.62,0,0,2004,1828,4053,3878,4053,3878,,3.52,188,188,0,0,0,1,DYN2,1790994226,0,0,1259,67,1676,78,1676,78,
1790994189,3DhraZsrxQoKZYxKvCHTkMzUxgVRMQiw58qWqzboGxhF,mowro,68GKSsZxcBHDDvvo9Kzp6jZwxR82girMnv8tNGSfT2sB,meteoradbc,1790990177,0.00003790,,37905.57,37905.57,0,0,4807.07,4807.07,0,0,0,0,193,177,193,177,,,158,158,0,0,0,1,,1790994226,0,0,0,0,151,151,151,151,
1790994195,DzwKghirrYij3fZVYMKPjS3Y3sq92Ksp2v6abicXpJ3t,SI,C3BeDYNMFXerMQyMcA5r7X9aYDCXxNoaNBRVt8g8PN7f,meteoradbc,1790990222,0.00005859,,58595.2,58595.2,0,0,3101.07,3101.07,0,0,0,0,106,94,106,94,,,32.97,32.97,0,0,0,1,,1790994226,0,0,0,0,87,76,87,76,
1790994190,3ssLFcVvMgvEQdCkEkN5J7cs11eNz58iFxr21o3Wpump,mowro,AWWw4UbCQHXsFk2RsYXKUJ6zFknXsKDYFy2QcyMmTPja,pumpswap,1790990076,0.000002983,3144.35,2922,2922,14.28,427082.79,912162.87,912162.87,1,3,1784,1700,4424,3717,4424,3717,-0.74,-99.05,-93.98,-93.98,0,1,1,1,,1790994226,0,1,811,896,2773,1686,2773,1686,100.0
1790994191,5rzJyqM4YzCpWsNnRvdCP7ZYgfK1U4NVB2MCBvwc4P3,ROOT,3ru3NVc4of3o1u6wkvrVtjy9zrsFS2ravc7R95JEXGVZ,pumpswap,1790988467,0.000001169,0,116943,116943,0,527703.98,4648571.15,4648571.15,0,0,467,354,5665,3309,5665,3309,,3.33,128,128,0,0,0,1,,1790994226,0,0,271,20,2022,35,2022,35,0.0000000000493125500955469
1790994192,AEVD3UbGVLytG2XYjSmFhBB8Nc5277gysTRz6UQY93cF,Run,BApjEtfBgLg44Svmgzs2iWgABNN4ELCfRBB6a2ALFkSb,pumpfun,1790991727,0.000004737,,4737.07,4737.07,1201.19,112657.32,112657.32,112657.32,23,156,1259,1182,1259,1182,1259,1182,16.5,4.31,4.31,4.31,0,1,1,1,,1790994213,24,16,677,633,677,633,677,633,100.0
1790994196,GWGUDFY1dDxQoAMsWfg6zfhvYNF1toKPHMVT3DFBwMJq,POOPYBOT,MTvmphUn6T7FUSY743PAct75RSNqVRZYRdf5GM2ieiY,pumpswap,1790985384,0.0005170,66318.22,412289,412289,44615.89,587710.65,976141.13,976141.13,307,209,4817,2967,8073,5618,8073,5618,28.95,160,943,943,0,0,1,1,,1790994213,163,93,1688,1177,2717,2009,2717,2009,100.0
1790994190,46YzZrL66v9Ddo4zxFxwTXCe3i34gGjWNyiHSdE6swap,SWAP,CxTkCAHdt4TsCoXmj9rwwTYi5jYJrpSoySVejqvLrvE3,meteoradbc,1790991365,0.00006379,,63792.56,63792.56,0,21633.34,21633.34,21633.34,0,0,158,63,158,63,158,63,,1759,1759,1759,0,1,1,1,,1790994213,0,0,99,34,99,34,99,34,
1790994197,THFjvuT6FW7eEMR97MY5yDBTxEbFZ6u5aH59m32pump,Unun,APtznrwvbzFbSiGjobQh16a4QbdQC9ygc9faL9Pp1Sz,pumpfun,1790990071,0.00003449,,34490.64,34490.64,7479.09,91347.95,145538.85,145538.85,94,66,1135,799,1554,1195,1554,1195,2.7,25.8,898,898,20,0,3,1,,1790994213,38,33,471,329,723,486,723,486,100.0
1790994191,6o3xN14C1KShv3sowiPwQWgVbnYGy6MyFU4kEzgjpump,TYDAL,2AezQQwhPrc31fJVXAtiPGxshYvGrMBmPEuSNULFUh6A,pumpfun,1790989997,0.00001548,,15481.3,15481.3,151.58,78761.69,143086.12,143086.12,4,6,1161,3009,2075,3982,2075,3982,-1.72,-34.65,309,309,0,1,1,1,,1790994213,1,3,304,300,743,650,743,650,100.0
1790994192,9CQS8ex8FW2Jutq4TDRH99FeLyXa3AacdsMzkK3sR2WF,casinu,BWi9pmnLomGDcYHTywKZ446t2XsQKTi8Vrk6kuufVcDd,meteoradbc,1790991962,0.00005581,,55818.64,55818.64,0,1311.32,1311.32,1311.32,0,0,4,0,4,0,4,0,,27.52,27.52,27.52,0,0,0,1,,1790994213,0,0,4,0,4,0,4,0,
1790994190,5FPzEpgVjUxoc4dGKA8z4wCTwhzEwDeGuswJC6SzMcLV,casinu,Gb7B55JGX7gCauRXvJjthKw1akyfkPt8MwipEhXSCnj2,meteoradbc,1790991880,0.00005582,,55828.46,55828.46,0,1311.54,1311.54,1311.54,0,0,4,0,4,0,4,0,,27.52,27.52,27.52,0,0,0,1,,1790994213,0,0,4,0,4,0,4,0,
1790994197,wvukYrkDbBqRgXvSkxtvUrgKxt7tz4iuJBAiS4856AU,HOLDCAT,EYGpSE8eMenURoXE5ER3LWJygszc5rzMAARfTSkKK56a,meteoradbc,1790991902,0.00005865,,58659.37,58659.37,0,12744.24,12744.24,12744.24,0,0,277,347,277,347,277,347,,222,222,222,0,0,0,1,,1790994213,0,0,139,137,139,137,139,137,
1790994196,GwQJo1Sro6YRvjPQB61TdS9KEaSBF2mbH6MRxsRtEoV3,SIGF,7osTjQwnppwnqToAysWmDkCotc4uzEu1W4sP1buErFmX,meteoradbc,1790991881,0.00003425,,34250.17,34250.17,0,12626.1,12626.1,12626.1,0,0,262,338,262,338,262,338,,119,119,119,0,0,0,1,,1790994213,0,0,147,164,147,164,147,164,
1790994192,92SsBDJprvpmdmd6pPkczZoqwQRzUywb6bRipGuj51qf,HUDDLE,3bEs5zZwmZiFzYjw7DqCrUiUxtRETvgvqQe2YsyaA8Ry,meteoradbc,1790991989,0.00005396,,53966.05,53966.05,0,4129.92,4129.92,4129.92,0,0,86,112,86,112,86,112,,160,160,160,0,0,0,1,,1790994213,0,0,75,92,75,92,75,92,
1790994194,CB3M9kSoCUF6ePufAFyYmYmeFWxDrTvNoyqB4tkMBts2,POOPYBOT,GciqWESf4jc7dYhDgV1vJso27iJiZhToyxLF4gWqSqqG,meteoradbc,1790991799,0.00003350,,33501.83,33501.83,0,10387.96,10387.96,10387.96,0,0,370,387,370,387,370,387,,86.51,86.51,86.51,0,0,0,1,,1790994213,0,0,178,184,178,184,178,184,
1790994191,64DfkRCAM1HdjXv8dANXm334iUkwv5QWjtCcRFFuPaEb,ELON,AqRLrdcQXPZxbDe27ZT945n4wrJ4RF74dzehuYkQWZVX,pumpswap,1790991397,0.000002146,2166.19,2147,2147,0,93993.35,93993.35,93993.35,0,0,9764,9612,9764,9612,9764,9612,,-95.67,-95.67,-95.67,0,0,0,1,,1790994213,0,0,424,942,424,942,424,942,100.0
1790994195,EhahRJosPNpYAprufrsHT7DQiHotVaBTt7DHVaRzpump,SpaceX,6WZrLxN6LCqRpseCk5bArSYFjY2q6bDUFbXEe1M3ydt2,pumpswap,1790989503,0.000002121,2151.01,2112,2112,0,120080.89,169808.03,169808.03,0,0,7428,12325,11449,17795,11449,17795,,-99.7,-95.71,-95.71,0,0,0,1,,1790994213,0,0,374,2279,482,2366,482,2366,100.0
1790994197,Lb7Fw8JjVqjfefoD8jDna7dfR49DF8H9dXfYuPAiHDA,PRESSURE,Gv5cRWGEvRtY2gYChFGvGgmrec5RC4vfSFttY864tEvx,pumpswap,1790991039,0.000001090,0,109068,109068,0,3246850.45,3246850.45,3246850.45,0,0,4489,2426,4489,2426,4489,2426,,112,112,112,0,0,0,1,,1790994213,0,0,1772,37,1772,37,1772,37,0.0000000000493125500955469
1790994195,F6N15mekKrDvjYkdwxvRy32d3V7PaPpZiqiTcnHfr1NM,PIECE,F4V49RjbXabeB3actkFLfnwtWgA95CnXUUuvumUjMg1q,meteoradbc,1790991522,0.00004763,,47633.35,47633.35,0,15771.82,15771.82,15771.82,0,0,474,534,474,534,474,534,,180,180,180,0,0,0,1,,1790994213,0,0,190,178,190,178,190,178,
1790994194,CYhrq39zMEV8GGuqE9hf5VUZzavA9DYFvtSYYwaZpump,FROGYO,G8k1qiqy614o2sfyVd1GcV3ENbb9HjYPa3eh4mMM9cfd,pumpswap,1790993945,0.00002054,11041.97,20546,20546,73028.71,73028.71,73028.71,73028.71,1124,1069,1124,1069,1124,1069,1124,1069,-58.07,-58.07,-58.07,-58.07,0,1,1,1,,1790994213,409,576,657,716,657,716,657,716,100.0
1790994197,JCsosnu7oSHEjo3vHc4XJnyfDAKpzv9qRJtJCMzSJeGk,enu,GPwbbEtjA6dRTDiyMU7AyRAFbYnehQdEnXd3NGJwgnWB,pumpswap,1790993244,0.0001070,28905.46,107049,107049,94220.78,500610.91,500610.91,500610.91,1188,970,5903,4996,5903,4996,5903,4996,-18.15,122,122,122,0,0,1,1,,1790994213,352,365,2204,1719,2204,1719,2204,1719,100.0
1790994196,H49xNgg1hMV6LqXK6if2g8CYnrvp7CxQ5SJTnDRwPoS,POS,6suKoFim8x2wMNGdjbZnwrvRTqSZMdaPx4LNiSRdgcZ7,pumpswap,1790992519,0.00001751,10046.02,17512,17512,1045.57,102507.7,102507.7,102507.7,18,6,772,733,772,733,772,733,21.65,-64.5,-64.5,-64.5,0,1,1,1,,1790994213,13,6,450,438,450,438,450,438,100.0
1790994197,difL81fA3eHQf1aU1MRH5NeP8er86JdEjpeNigkpump,DOTPAD,HsErZjYq5GwpvwRBCz7jsCzTMcouW84Ea8bTj7iK5h9z,pumpswap,1790993134,0.00002132,11399.02,21309,21309,8197.47,131869.22,131869.22,131869.22,83,68,1140,1140,1140,1140,1140,1140,-3.48,-56.57,-56.57,-56.57,0,1,1,1,,1790994213,31,35,551,521,551,521,551,521,100.0
1790994197,Semi19QNnfZyQnQVddwNJT8TD6NwR7CN9Zn8uVnVKfh,SEMI,6RkYwQm5pTK3w4BrzbdLWuPEY7t9owHJ6uXw3chsGfSj,meteora,1790987464,0.0008566,77940.05,856646,856646,0,38928.34,62239.12,62239.12,0,0,287,56,288,56,288,56,,3315,3315,3315,50,1,1,1,DYN2,1790994213,0,0,61,50,62,50,62,50,0.0
1790994189,2V4myPR8Mu8aKhXCJ9MA8SoYE6ySvxuZ23H8LcuZCpxK,‮UJIF,EWtRtABcMUTbaYApXHz1wpNSJwByU5vpGm9oKtVuu8JR,meteoradbc,1790993741,0.00005954,,59541.26,59541.26,451.59,1463.18,1463.18,1463.18,59,14,132,36,132,36,132,36,1.71,17.51,17.51,17.51,0,0,0,1,,1790994213,2,1,12,9,12,9,12,9,
1790994197,eyydA9bbqVpmRqTqfe36aQiVzxCDHwATLdWhDrYpump,ATFS,Efh8cwNx3aE62NY4ui3sZ1zPHeauAxzPYRYW1bLoBZoU,pumpswap,1790994039,0.1691,1189794.34,169102846,169102846,584501.6,584501.6,584501.6,584501.6,131,7,131,7,131,7,131,7,341248,341248,341248,341248,0,0,0,1,,1790994213,143,8,143,8,143,8,143,8,100.0
1790994190,4Kztfj5g1uAKXqG448J8Zd4aZnR4RALn4FKrLppCuHBV,enu,Fs8yqMGkR4wyUnR5kN6QovqLHKxgqJd5KkWGBUEguaf5,meteora,1790994067,0.00002747,33371.68,27475,27475,80313,80313,80313,80313,499,310,499,310,499,310,499,310,171,171,171,171,0,0,0,1,DYN2,1790994213,464,62,464,62,464,62,464,62,
1790994194,DsjkTTjAHNr9RZtDRnG1WwAdjuUuJHGHhuyTKGTQYoBZ,CREZA,Bb58qci1qsoHH73HQVVSLE2NhWzuaMriJYkKrR3t7KrQ,meteoradbc,1790993992,0.00005729,,57293.33,57293.33,3689.57,3689.57,3689.57,3689.57,60,68,60,68,60,68,60,68,215,215,215,215,0,0,0,1,,1790994213,46,58,46,58,46,58,46,58,
1790994192,9XZ4ACZxdUBtLu2QPZNwiFzWPTPtamubQrUVtA2wyAeF,Lulu,4Z39Y333jPPZ5j2wUi4RYgPiRhAfBCVXpdq9ne69toiK,meteora,1790994026,0.00001441,24170.98,14412,14412,57696.47,57696.47,57696.47,57696.47,620,377,620,377,620,377,620,377,42.15,42.15,42.15,42.15,0,0,0,1,DYN2,1790994213,580,77,580,77,580,77,580,77,
1790994195,EYPQgqqJ4DTPd22jWyvaHvN3tmjXCZrfv3djLimzTUot,Gemini,GRrqmfH4ejga2AQfsYkagdghfH6Sm6q4Y3xrgFJrcMx3,pumpswap,1790993581,0.0004333,58236.67,433265,433265,5201.7,25588.96,25588.96,25588.96,2340,1727,4781,3541,4781,3541,4781,3541,16.38,775,775,775,0,0,0,1,,1790994213,313,290,370,340,370,340,370,340,100.0
1790994192,8tg1ZDKuTsrohBbdW7ix3NJsmAmfk79Wj6AfHQdxpump,ZKEY,FRWi27sfaTvo5qpV7NKGfJF7acLKhejW8GxtP9FW3SoJ,pumpswap,1790993729,0.00002336,11935.8,23367,23367,17057.9,78005.33,78005.33,78005.33,235,196,1084,853,1084,853,1084,853,106,-52.46,-52.46,-52.46,0,0,0,1,,1790994213,89,55,575,554,575,554,575,554,100.0
