ts,token,sembol,pair,dex,pair_olusma,fiyat,liq,fdv,mcap,vol_m5,vol_h1,vol_h6,vol_h24,al_m5,sat_m5,al_h1,sat_h1,al_h6,sat_h6,al_h24,sat_h24,deg_m5,deg_h1,deg_h6,deg_h24,boost,n_web,n_sosyal,n_pair,etiket,gt_ts,alici_m5,satici_m5,alici_h1,satici_h1,alici_h6,satici_h6,alici_h24,satici_h24,kilitli_liq
1790836153,HunmXDXMNQYVoDnUL6PNnSYEtFaTZA2WzGh1HJTW7aoV,LOOP,HX6nX5hd143EuHnvb5n7iTSuEBsEx4k9Ne6zyCYBbRMi,raydium,1789095430,0.00002268,5428.66,22682,22682,0,8.13,1504.89,4268.23,0,0,1,1,27,8,132,69,,-0.02,-38.77,-49.96,0,1,1,1,CPMM,,,,,,,,,,
1790836153,HEhns9R3D8W4Ls12fjECUEnfPntABqvhTQqc7YYxpump,ZORILLA,GcBQeSEPdnN3hBdB7ZnviVmPsogE5A4JeRDPHYQ6wVxB,pumpswap,1789096565,0.000003128,3584.36,2945,2945,0,0,5.18,56.72,0,0,0,0,8,6,52,34,,,0.17,0.62,0,1,1,1,,,,,,,,,,,
1790836153,JD23tFDPhxyKX53w5dE1SaMFgYAFywGjiCsVn8CbPou6,BABYKNOTS,8SVjFZ4dFuYkpc6nrhz9Te4rWBxmMk25nTasSSGG52dC,raydium,1789092754,0.000001582,1473.79,1582,1582,0,0,31.4,158.09,0,0,0,0,0,2,4,8,,,-18.43,-40.59,0,1,2,1,CPMM,,,,,,,,,,
1790836151,AaEhFTX4naHSWSXz9TVe5QgLbtSLT8ZqYJGZzDDcoroh,JUPCAT,BdFK8v9bVSe9pSXSdGZfL4pzjRpeSyfrkePGiM1cZEdt,raydium,1788689813,0.0002348,58225.51,234803,234803,1528.49,7161.43,13325.5,44679.33,8,2,64,11,91,39,268,164,7.39,-7.26,-17.69,-22.02,0,2,1,1,CPMM,,,,,,,,,,
1790836153,GYHPVwni3ucwizy9BM4TzTMw3PtSgxm5RRYvL8Ecpump,Stocklana,7x1xReLV6ssLcouvY8uidYwHBBYkBFxqecdzPSmaswcJ,pumpswap,1789038718,0.000003332,4038.09,3314,3314,0,0,15.4,50.46,0,0,0,0,11,7,35,22,,,-1.33,0.62,0,1,2,1,,,,,,,,,,,
1790836152,EpEfnZxQyiBXppSKi8sncc8w4corn1UJbF9G91fQpump,PEPENOM,Bd4wKg3xEBKJ4Xrw8skXMmJ4W65gk3x8yd7AovuBJisZ,pumpswap,1789088104,0.0004437,142244.79,262562,262562,1.28,146.83,825.76,8802.43,1,0,8,2,35,17,347,138,1.51,1.68,0.53,-1.39,0,2,2,1,,,,,,,,,,,
1790836150,7MCgYMzq3fov6oERdtTMAYbN2U9LZrrSYS1MBhjixZFr,POLLY,ByKfqBGyHQj1hmEUouXfueLJEU1SHdJz3uMtd1yXGunS,raydium,1789053939,0.001213,130261.36,1213216,1213216,0,1744.68,10936.73,70680.75,0,0,5,4,72,46,358,263,,-4.5,-7.74,7.39,0,1,3,1,CPMM,,,,,,,,,,
1790836150,7paKY5zJ98AgtGsMvRxw68uo9WefQ4eryB5SNfH2pump,holyfrog,A9tsTcTzQ8rLrvCBwWdsVCfcJnZvoe79y6uwgcfAAxNX,pumpswap,1789051123,0.000003016,3240.61,2936,2936,0,0,0.96,28.8,0,0,0,0,1,2,14,16,,,-0.25,-2.69,0,1,2,1,,,,,,,,,,,
1790836149,6CsmCtDAhRcbp3G4KiinKC2JjLJ9BpR7isqcgZefqLym,METH,5Fa9X4whJVKtyyQRzArRda8oJ1ouT2m5LvnqtxiawKxQ,raydium,1788842267,0.00006099,26336.27,60990,60990,5.79,3983.2,4287.8,10885.78,0,1,17,10,18,13,57,51,-0.09,-12.65,-16.14,-37.54,0,1,2,1,CPMM,,,,,,,,,,
1790836153,Hg5Ja55T5wESq4vyFoiVCMeHXtGyVA69X2UHq8hgpump,baton,Cb7ZRgPLhji3Th7htXyKEqbXvNjPpeTvckXuWakBUhXu,pumpswap,1788985934,0.003117,360589.82,3114030,3114030,1377.29,8739.59,54122.1,427249.83,0,5,13,26,129,123,1083,810,-1.11,0.84,13.65,-27.11,0,1,2,1,,,,,,,,,,,
1790836150,A8AdxR4WqCMvE9ZdzSGKtczGpUhYJ7EjcQXNF2YY5smj,Brian,JC5ADeGLYXN2UyZLf4PCPXhiBLYRrMYpmgyacAJFUbgk,raydium,1789015276,0.00002570,17034.82,25702,25702,0,2.97,230.31,3276.87,0,0,1,1,6,2,31,18,,0.69,2.65,-25.66,0,1,1,1,CPMM,,,,,,,,,,
1790836153,H1kXUqEPkQNNeNjGNN5tuHf3nsQK2vB1jUA9c4RggpUf,ATTN,D3haaTZfGAuvVsowEGZAXRKQUqG5NGcQ7XwF5X4zsdnY,meteora,1788883011,0.01364,147360.7,1343678,1343678,9.62,233.03,6416.31,11767.31,0,9,1,97,7,519,32,2072,0.01,0.44,1.96,3.18,0,1,1,1,DYN2,,,,,,,,,,
1790836150,7Y7V1a4m2nWK7BMgbka5B4vR1pDvCK7yva3Hnrqkraze,Nasduck,937nYYCPzqygDm71FX5XJzepDCnJLca9GSfe5essZK2H,pumpswap,1788742003,0.0002391,73364.7,229981,229981,1628.85,4581.78,16633.85,159589.99,20,4,42,19,149,72,773,793,-6.97,-10.48,-10.73,37.94,0,3,1,1,,,,,,,,,,,
1790836150,8RVBk8vxLiUHueLUW1f4izFVqN3nWippLhkohKg6EGkS,KNOTS,BUVzsLLLG7GWoyJVoU31pXiBveazA6GXTavZ9VD3CwS9,raydium,1788674285,0.005828,589669.23,5828033,5822525,0,15148.37,62274.92,269677.09,0,0,17,17,220,70,520,408,,-3.03,-11.18,-33.34,0,2,2,1,CPMM,,,,,,,,,,
1790836149,659xrvMd1Vdc7TUFQ2uL8hFMmbN3i52yqRX3HTGiEbnu,911,DFRju8F4YvLTfMQUhA9L27h1AAGFKUPMb2mfTN9h5ZTB,pumpswap,1789082204,0.000009503,7557.01,9316,9316,0,0,8.23,591.14,0,0,0,0,1,1,14,6,,,1.35,18.85,0,1,1,1,,,,,,,,,,,
1790836150,7LxC96Ag4DnBotK6bMMUj4kdneAo1kdV1xHnzVF5s7W2,ROCK,8iUZBKeXCuHDxjbHVFPqhXy14Wk6ZPtC572g7GAtgRVE,raydium,1789023646,0.0001114,35589.7,111479,111479,0,230.94,2587.15,10965.98,0,0,4,0,12,11,40,53,,3.61,-4.12,-33.48,0,2,1,1,CPMM,,,,,,,,,,
1790836149,5dvXTZ5qwgafnHtwu3Ls3QrWx1U4LQsFeCuJgkk4QEC6,EMBER,2y6PCqa4fEp3jLiFdan9jVMw7LSK8F3gwsTfy8p7traE,meteora,1788992701,0.006665,311028.94,6589416,6589416,391.32,4841.59,52822.8,306153.56,7,3,42,46,387,312,2100,1394,0.46,-0.55,0.3,-14.55,0,1,1,1,DYN2,,,,,,,,,,
1790836151,AGi2s9zPRPHs3zEDPhPTroumTEXK5ufymYSfEFndCSSW,LEVERCAT,CsjcF4mEmJsXZDWzBtuviVEV7JiKTY4NAJ1rdcHhVxi3,raydium,1788780771,0.001017,128142.31,1016519,1016519,947,5245.73,26835.58,128717.12,3,1,10,13,115,59,557,305,2.61,6.34,-14.84,-14.96,0,1,1,1,CPMM,,,,,,,,,,
1790836149,51jek4CRWUgd5m3XaQmt53RzyvFjn3LF3qEB35ZYpump,BABYPUMP,6PbLMbPzbJENsNULiNkGhJWc3kTuVqcEQcxvSYvtVtse,pumpswap,1789299972,0.000006784,6363.3,6427,6427,0,0.28,97.93,820.86,0,0,0,1,9,10,45,35,,-2.13,-6.89,-17.64,0,0,1,1,,,,,,,,,,,
1790836153,GKeUT73KRsvWVYNfQPdghxdHTKKGUAESf3t8BZmfXvih,GROK,At3P9qp8d8LnrJAqm9eGizH5jc1uYpG5m3jMyyeKxrWy,raydium,1789202417,0.001364,111598.9,1364458,1364458,0,45.42,16513.15,142439.82,0,0,3,0,45,50,447,304,,1.08,10.18,-11.08,0,1,2,1,CPMM,,,,,,,,,,
1790836150,8JQXg7t2CQS7QyjqS27dE2HcRyRpn8tVZyxEC7htbXNQ,REBME,H6FsywZ5ZBDqFzVyAWqsWc6yGK5Gpf7jHnJUcu2Zga1f,meteora,1789122034,0.000008759,7229.6,8757,8757,0,0,1014.22,1476.97,0,0,0,0,10,8,16,12,,,-26.12,-29.12,0,0,0,1,DYN2,,,,,,,,,,
1790836149,4JiyyzzVFpkXgmTnggFdjuibMZ42ovozoneZU4xVpump,uncle,9xkoikYUirL96mvqnKV9ggE87RLszXfQpSRhYfY8iZ3A,pumpswap,1789367251,0.000003102,3170.42,2685,2685,0,0,9.63,71.27,0,0,0,0,6,6,67,38,,,-1.11,1.06,0,2,1,1,,,,,,,,,,,
1790836154,vetrcJ3GV7aL4hne2zVjtZqZAmZppwv6tD8KWp1pump,biketrump,EB3ngRRiAJwWgaamiAPy2qsh1qNcSth4HqWZtzAQKxNS,pumpswap,1789452745,0.000002384,2515.79,2276,2276,0,0,0,0,0,0,0,0,0,4,0,11,,,-0.12,0.03,0,1,1,1,,,,,,,,,,,
1790836148,14B28DLfB4S9J7yvyBdhaBoAhqZp3ikxcJKES8Nab6Ni,titcoin,5nGHouF4RZG5cNB6ZoqHB4dvxaGPHsimR5FobNjpjT1J,pumpswap,1789448583,0.000003555,3706,3394,3394,0,0,57.59,726.69,0,0,0,0,2,1,9,7,,,3.07,1.68,0,0,0,1,,,,,,,,,,,
1790836154,bveCUi7gPHCKQWjc1ZgUf4rRSfkqsiUQeu5UuYoLooT,LOOT,713wkRbUeKcoV72yqSvVStjWoPtQanFT1a9ckzGfvQTi,raydium,1789534763,0.000003577,5990.12,3578,3578,0,0,2.98,3,0,0,0,0,0,1,0,2,,,0.64,0.64,0,2,1,1,CPMM,,,,,,,,,,
1790836148,3wrwK9CctFXYedMVBGYD6sWSTfXgbh2DGQAL3z2epump,fomocoin,2HfEvBEBALUyLbA7eaQcMGpBmBcMwNn6KJWjiCLy7oSr,pumpswap,1789625727,0.000003121,3107.71,3023,3023,0,0.6,28.31,150.35,0,0,1,1,35,24,160,97,,0.67,-0.36,2.25,0,0,1,1,,,,,,,,,,,
1790836153,GwGd8qHUppLbALrY3naxZv3TkJ3hSTZqMb3DXm8UfiKS,wif,EYDevwLR1wbMc76SnLpwKZ8qzAHtXwizwMiPe4PQhing,raydium,1789626212,0.000003667,6044.92,3667,3667,0,0,81.51,115.37,0,0,0,0,1,1,1,2,,,6.9,6.9,0,0,1,1,CPMM,,,,,,,,,,
1790836148,4Cn3SW6zi7xF2he5zQa2toKCWt4ukW6Q8AvYFxpkpump,PAIDCOIN,EvtQqaAzz1e4eJyknvU2FoYa23eFYdGi34caP8hdTqRp,pumpswap,1789626129,0.000002455,2726.19,2377,2377,0,0,0,0,0,0,0,0,0,5,0,11,,,-0.07,-0.66,0,0,0,1,,,,,,,,,,,
1790836148,3SWAsu3M9gMLfPW8BV6obPCZR872rkRGv91BAkWwbonk,INU,AC2tZhrszyaQiVAEFXPnYdLawZeEwwK7aCzJsLYixAh,raydium,1789733355,0.000002919,5023.69,2920,2920,0,0,0,1.45,0,0,0,0,0,0,0,1,,,,,0,0,2,1,CPMM,,,,,,,,,,
1790836148,2Af4nXVxiejEXFPbapcfwtXV7iVcjfk7Lg3DHvxEuQhp,BONKCAT,FpJTqPiuLkFXqgKQV8HkBaPoneEt6hoqtnwtWEfSBTHk,raydium,1789732129,0.00001245,11921.13,12451,12451,0,0,302.49,1034.66,0,0,0,0,1,6,6,29,,,-7.59,-22.29,0,0,1,1,CPMM,,,,,,,,,,
1790836148,3KM7dvpUk2Wm8qdXtZpBJHgic4bAaz1MTDHvUEjKpump,TIT,95XExVtMNeEW5NFajZwaL22Q1gPSzMoin864akzRCo7,pumpswap,1789807829,0.00002899,16846.92,27683,27683,0,0,28.15,4774.97,0,0,0,0,2,0,32,25,,,-0.61,-33.24,0,1,1,1,,,,,,,,,,,
1790836151,CAKJYWCH5A8KhXnxojiYCNcYF6oUYuYHQm2ctixipump,MOO,2vKSmEnLyBYf1zNKUq5oXeCdmeGCJNt6PirN3zfEfYEm,pumpswap,1789806160,0.000003050,3393.88,2959,2959,0,0,0,19.13,0,0,0,0,0,0,2,5,,,,0.67,0,1,1,1,,,,,,,,,,,
1790836151,D2yBVc2S2945vsZ8qrzx5DamFKgMY8qfmmnDMBB9tBn3,CURTIS,GiZ1rUBjJBTK3qcYhS8LMQfJbSwvHcbo3SSprpSe9LVF,pumpswap,1789892169,0.000002360,2555.08,2293,2293,0,0,0,0,0,0,0,0,0,6,0,13,,,-0.2,0.03,0,0,0,1,,,,,,,,,,,
1790836150,8iiwv8kdi6LuVXM1WJSruorA1c1e1FybfuHuRn6Upump,JEANKITTY,6dNVLKASWvMSVR2dPWem5m4rfkBCE6nyo7CEpgzkH5Dx,pumpswap,1789891895,0.000002266,2341.62,2195,2195,0,0,0,0,0,0,0,0,0,6,0,13,,,0.07,0.03,0,0,0,1,,,,,,,,,,,
1790836151,AP5YnCZRFHayveJ1zSSWeGpB1Hps4v8pLJ6ASmXLMD6M,SUICAT,6YpUxTGXuNfqmkbJugPw14yT7oNahTv5udhGpXB4MguW,raydium,1789989184,0.00003513,21384.71,35133,35133,0,770.54,2071.58,6725.01,0,0,1,4,14,17,60,85,,-13.06,7.31,1.88,0,0,0,1,CPMM,,,,,,,,,,
1790836153,FvMLDEUDKUr9C34e8Nynz5Aqfdk34a2RBKQxygLpfomo,FAMILY,FdYPSUq2Zrw9vJXkA8uZFVNhNcCvUUuAcSWWVk6MZZhU,pumpswap,1789994213,0.000008438,7925.14,8111,8111,11.74,11.74,35.23,658.24,1,0,1,0,2,4,32,35,1.83,1.83,2.17,8.05,0,1,1,1,,,,,,,,,,,
1790836152,EQFmAhV8Z8TQvY7rCvYmU6yJJF7KqryaxRWYhbT8VzL2,그록,Cm8WBjy7dYHkXarBqnAdAGbv97aopUZsZTvuSEbHeP5q,pumpswap,1789999021,0.000003650,3713.62,3529,3529,0,0,0,3.64,0,0,0,0,0,0,1,2,,,,-3.28,0,0,0,1,,,,,,,,,,,
1790836149,5wZDE8f5uKHbVaHAyz84Lgz7xefAkCpvcwoWYaRCrfn,AWARDED,4epsz7eNAG9qrrENc2dsEJYiYBEQdgWL2Sn3TwZf2q6k,pumpswap,1789999173,0.000006173,5868.85,6077,6077,0,0,99.69,995.05,0,0,0,0,2,5,19,30,,,4.48,-1.73,0,1,1,1,,,,,,,,,,,
1790836151,CSRvuL45tXnqYKqk9RXBksuaFQzsamp3ACT5pgEQTVzn,QUANGO,7Er4xQXyVSKLfUBLsn7i62BsCiy7SH3DrKTtX6fdYw9r,raydium,1789997783,0.00008656,27597.15,86568,86568,0,0,0,4315.18,0,0,0,0,0,0,27,11,,,,-5,0,1,2,1,CPMM,,,,,,,,,,
1790836153,FZixBtMMBxfbr8XqtWxARcDmqsEvQM3dYeAy4WwEjpPq,bub,2WgfGhU2AqsQL96uWozDVLnpSNQhrA3mnu272LUEbz7b,pumpswap,1789998032,0.000002547,2694.27,2474,2474,0,0.16,0.98,22.94,0,0,0,1,3,1,22,11,,-0.2,-0.12,-1,0,1,2,1,,,,,,,,,,,
1790836150,8f9E3iCyYff8QVienqkc8CsAzPuAPP7AWyxGVu6cy91n,BOND,8fbAaFcbUDBzJh9qEr9Qubgxgk2jnqsB5a6JkuzyyARm,raydium,1789938736,0.000002606,3206.18,2587,2587,0,181.06,181.07,617.03,0,0,8,2,9,2,24,17,,-14.24,-26.22,-57.52,0,1,0,1,CPMM,,,,,,,,,,
1790836149,4sELcy2vtPDccNkAfA1MXp9UcdA3xyf2QYYKH8gfcVwb,AVAXCHAN,Dqrok6Yu6ZrE87V92xHAuMdwXhwCGk5usDcng1EUKMWu,raydium,1789990537,0.000008812,8575.4,8813,8813,0,0,601.76,1622.53,0,0,0,0,11,8,24,27,,,6.31,-7.2,0,0,1,1,CPMM,,,,,,,,,,
1790836150,9DdHxVe1BSPaTy3iGEwvWsooRchNLK61XFAvzot59FwD,CLIP,7LkLGUUwAASDy85V3YEogtkwdzDKEYFhADp41MXr6wZ,pumpswap,1789999762,0.00003267,20367.88,31113,31113,0,44.78,1439.39,10473.44,0,0,2,1,17,9,114,103,,1.06,13.77,-6.13,0,1,1,1,,,,,,,,,,,
1790836150,8erE7RkkoiGYJtCyQdfwMpnNA8cAkY14Xe6RYjjHAdKP,CAT,7sY6BrhDBkJdcYFrDd1M49hinSXrqk2bzS3rT6Juanch,raydium,1790006001,0.0002889,47293,288905,288905,363.45,391.58,676.3,5947.07,3,0,5,2,14,22,21013,130,3.1,3.09,3.32,4.48,0,1,2,1,CPMM,,,,,,,,,,
1790836152,EYMBTNraihZkLhjVQhDivPhjAWFgRF1By2zVd8rcNcGz,INURANUS,8AbfaMZNF82LLPiSKka9947dzs9umnZiVmJ7LYs25JJT,raydium,1790002733,0.00003578,18453.32,35783,35783,284.8,284.8,2898.51,8504.57,1,1,1,1,13,8,42,42,-5.86,-5.86,-33.21,-15.26,0,0,1,1,CPMM,,,,,,,,,,
1790836152,E28eQFoCPndfLUPnxYgEWHhbnEVqSpyNPgAacoAEpump,inu,FVc7EaaSg9a5BYz2y3nuemmjvfq2BRWXopjjocA1G593,pumpswap,1790037054,0.0002201,49851.4,213923,213923,196.2,7566.79,15654.36,217148.85,0,1,30,23,83,78,1335,1113,-1.48,1.93,-5.25,77.62,0,1,1,1,,,,,,,,,,,
1790836151,AVXPQqxd32ABAP5F7shHKNeWBpos9miktdH3uKqgXYJZ,suit,FrCvbU6p7CmvRxxuGca9t14Bu3LGk9wKFzJyZQHVjLrC,raydium,1790035877,0.0003502,58593.19,350222,350222,0,4688.64,41781.85,329738.37,0,0,11,15,170,172,1795,1315,,2.9,-2.86,-15,0,1,1,1,CPMM,,,,,,,,,,
1790836149,65d9zPGzAGDz5ia2V1iHTbtAFHQYd3WjSxmeVGp3UKqa,F-35,4328JUM9dukgcGittLVP6q31WUCzc33o1nXfRYrmU65x,raydium,1790017627,0.0001016,29478.92,101651,101651,44.26,733.15,5363.94,23346.78,1,1,13,13,111,120,501,526,0.1,2.52,-2.55,-3.05,0,1,1,1,CPMM,,,,,,,,,,
1790836151,BWTZ5QSqaoDBTTF6ntjn3euinB54ZBga9qmDfgQtpxTV,NEARCHAN,FLsUy91LM9RT2L2wbTQgzWYZsceFCNC8NYcMDA82wEWA,raydium,1789691355,0.00001478,14774.8,14784,14784,0,33.27,376.99,2762.49,0,0,0,1,1,7,12,26,,-0.54,-1.57,-14.4,0,2,1,1,CPMM,,,,,,,,,,
1790836152,EV9qfjb2bGMXByQiS6vZ4n53HHCAcWdGzrbGXE8Wpump,JEANBEAN,EPrHqn1TUhqCeYb4EqCnyrCXYVoto2ZtDKWdgNuFbrBJ,pumpswap,1790064634,0.000002748,3225.92,2701,2701,0,5.44,5.44,13,0,0,1,1,1,8,3,14,,2.12,2.12,2.14,0,1,1,1,,,,,,,,,,,
1790836152,EoCvLdAnZKbuqEq8zgTi2X2PmYmuhKLLngeJp5w8hK8P,BITCOINU,EqgeAGkSU9uaCFks8ar18Q7TTQr8yi5BoAyRcTiWP6hw,pumpswap,1790169483,0.000002707,2668.14,2582,2582,0,0,0,14.38,0,0,0,0,0,0,1,2,,,,0.78,0,0,2,1,,,,,,,,,,,
1790836149,4jcEvtDhFC6Jw7iaJpm6dtJjQi5nFS94MCHkxkLipump,sPL.001,B62sPEpxD3RSHYNt7cdemdDdjJvBpRAGPpKufRjG98Hk,pumpswap,1790101678,0.00001511,10092.1,14526,14526,0,0,0,25.7,0,0,0,0,0,0,2,7,,,,-0.28,0,0,1,1,,,,,,,,,,,
1790836151,AKyGUS7ueqtm4oUVBRxCNoyK7BV39HcfrXk4d6Gxpump,PUMO,rH1SEQi833Z9WzWrMNbStwacLN7CVFZFvVJkeuG3g3S,pumpswap,1790103324,0.000006119,5217.14,5950,5950,0,0,50.08,61.81,0,0,0,0,4,1,4,4,,,2.58,2.88,0,0,0,1,,,,,,,,,,,
1790836153,GuAyLSJKDaD6NWoJEyn774HobZnhQaqiskSfNvmLpump,BET,2jQyVRTYEdL8BgQb45aFgAoSngp1aUHAqvMwRAsQSCCS,pumpswap,1790102890,0.000003633,3744.81,3506,3506,0,0,0,86.68,0,0,0,0,0,0,0,4,,,,-6.33,0,2,1,1,,,,,,,,,,,
1790836153,Hwt6RPBRYSven1aZcomG45n7inXrEKbMcab2v4dPrNMP,NEETBUX,GtMyn4wpPJ7EbcyyezauAEFfzeDeJWEdn9rKsRiXa4E8,raydium,1790095229,0.00003487,19135.41,34873,34873,0,0,38.27,3403.43,0,0,0,0,5,3,30,25,,,-5.62,-25.62,0,1,1,1,CPMM,,,,,,,,,,
1790836152,DXLzxcDbEwmVhoK5m8UcJM44TRcE9TCBPxNr4FkLEC2a,WCAT,GDzDGm9dg3RLFmfsUJPNaZRTJbbZiQ8JTZ54rczx9WRh,raydium,1790093059,0.000006164,7924.28,6164,6164,0,12.48,26.85,4224.46,0,0,0,1,0,2,36,56,,0.49,0.24,-5.6,0,1,1,1,CPMM,,,,,,,,,,
1790836153,HqyTxEqk7qmLu2Gnx46eEZwQhzCf2yVqRompLaKYpump,STORMIE,GaK5yYzBuUdGF4jZeULounvLHLD65GLNu1G4cYSkE5e1,pumpswap,1790121580,0.000009524,7532.74,9090,9090,0,0,1.93,661.23,0,0,0,0,1,0,15,5,,,0.19,0.66,0,1,1,1,,,,,,,,,,,
1790836153,L2pnNX8eBbNLYYH2Sr3riBksJJSpauQueazTJ8epump,HACKA,7xtpGvFTzKLKtVvV1kVgTL2ZyvGyxa3gRtXh6uZojGit,pumpswap,1790123910,0.000003716,3918.74,3504,3504,0,0,6.49,18.94,0,0,0,0,1,3,1,7,,,0.77,-2.87,0,1,1,1,,,,,,,,,,,
1790836154,c4AtfqMRbC9FuHtVEHDhCm453tytU9E34MXXrp6bLuf,BLUF,BJ6pFMwat4EG3UE6eSXY2Qtt8t74JAwioDE2T4WE233Y,pumpswap,1790178656,0.00001014,8809.89,9702,9702,0,90.33,368.75,1951.33,0,0,4,0,18,14,59,60,,2.93,5.15,-24.65,0,1,1,1,,,,,,,,,,,
1790836148,3mTqyvxZiEB7stf4NpAh8BcZifTEEyzzxd4F7dCap929,TEHC,83miXHemgsgutu74NHUbtmxLJr1jRAypeD1pTgAjYQvF,pumpswap,1790124137,0.000003573,3424.17,3439,3439,0,0,0,121.93,0,0,0,0,0,0,0,1,,,,,0,0,1,1,,,,,,,,,,,
1790836153,G2KB6Yvhs2ojSVtQ8AmCLAMR6wLxzAscS8nNERcYtUVD,LOOMI,8SrzuBHchAuBmfyWyi9wA38jSSCyJE5jfq7EckXaR3ah,raydium,1790118039,0.0001407,37113.48,140738,140738,119.49,544.18,5053.25,79744.36,1,0,1,2,29,23,365,248,1.43,-2.98,2.24,2.87,0,0,1,1,CPMM,,,,,,,,,,
1790836148,3i43bRLKSomUXyin1jgGsd3y9MgBW1cdX3nh43YD3W4R,SHIELD,BKfCLvEgu526TexE4HuQRBgs3Xggbj91WbJF2ARxLJHj,pumpswap,1790123283,0.000003916,3977.59,3791,3791,0,0,0,163.68,0,0,0,0,0,0,3,3,,,,7.17,0,1,1,1,,,,,,,,,,,
1790836150,9G5vJSw3Zp2x9Cmj9gEsw1GeJqWX2iYMsfsC6uR41jT4,MAU,DMYCTeMRFCs8i4m1aDbNaEoeBxQwLkH2oqUVsiJdHvfg,raydium,1790143738,0.000005439,6855.02,5440,5440,0,0,0,252.12,0,0,0,0,0,0,1,4,,,,-0.75,0,0,1,1,CPMM,,,,,,,,,,
1790836150,7uNUAogctSAby1pZUAt2QmBpe2bradWeep78adZmpump,todd,GUK8N22XBkFEguoHbb3unVLM5PYYbCydAHdysjtetA15,pumpswap,1790144392,0.00004605,17791.78,44403,44403,0,13.62,1101.2,8432.51,0,0,2,1,21,20,124,99,,1.5,-8.15,20.59,0,2,5,1,,,,,,,,,,,
1790836149,5rmtzMA9HpfstYfv544XhppMqcc9v9gL2e3CzCEppump,JOTC,6VdenfDna1Z5mrvxUozH8dxz22Jr1W8ZnaxZdfuSojiw,pumpswap,1790146132,0.000002443,2682.27,2389,2389,0,0,0,0,0,0,0,0,0,7,0,18,,,-0.09,-0.51,0,0,0,1,,,,,,,,,,,
1790836153,GkBZGFgNy9Q6jHjBuYeTqsvugfEMhniACF9ieV8H3TtC,BLEE,8JYxsCzn5ejiLVcqPfRbb2jduBjAM7m8NcUwZsUrcwdU,raydium,1790146216,0.00004772,22218.03,47724,47724,746.39,1038.73,6470.51,60078.92,5,3,12,7,30,30,305,247,13.83,10.21,-15.14,-9.65,0,1,1,1,CPMM,,,,,,,,,,
1790836151,DBKByfTTYMuxY9juMKgfToptB6YJf6kkV3ddgyAeBu6,OH,Frv4iE1xeSmeNkKtLndhBQRyHaRRvDtJPLxzEG6tbv1B,pumpswap,1790165171,0.000003378,3239.72,3207,3207,0,128.71,128.71,3626.89,0,0,0,3,0,3,19,32,,-8.77,-8.77,-34.98,0,1,1,1,,,,,,,,,,,
1790836153,G9tP63sMuWx3HmWgVfk1ZfVDeUbAZqt4cu4VSTyYvXnL,BURRITO,FYas3btBCr8GH8TRPoHenzgqwdEvSB5hKGbXA7zU79Ju,raydium,1790171108,0.000004428,6202.38,4428,4428,0,0.16,1.27,10.34,0,0,0,1,0,2,1,6,,2.04,-0.78,2.91,0,1,1,1,CPMM,,,,,,,,,,
1790836153,GtmQ6DAJsyx37Nb46jmooYGGa9RVcVeyAftbEgZ2pump,MUSESTREAM,BAP67oZyJuPvATVoV5Cq4aEnGFcdQGBJieedCBhxikAj,pumpswap,1790189891,0.000002626,2694.63,2528,2528,0,0,0,7.54,0,0,0,0,0,0,2,1,,,,-1.2,0,1,1,1,,,,,,,,,,,
1790836150,7Qy2cXpdj4Fu2DUPVWdN3oogM3JSwLUV2LZaKVgVcPZh,HYPERCAT,EWQKo1GFY9pEyUcwuPwbyLHnnZh5Q7WbuNw1BibQjkwM,raydium,1790185191,0.00001975,12531.87,19757,19757,0,2.53,67.39,2485.83,0,0,0,3,3,19,71,80,,-4.03,-5.52,26.56,0,1,1,1,CPMM,,,,,,,,,,
1790836151,CjkD1qwNPVP9VKshVn2BzqxiPtmdSnwA8SNV9HJBpump,FXFUN,3kYRNXZVPa5euQ68BvwZoSaWz2QgCmHboZAUsQvJeVZq,pumpswap,1790189011,0.000007403,6391.15,6575,6575,0,45.91,197.48,15126.31,0,0,2,1,9,5,201,156,,2.28,8.32,-68.44,0,1,1,1,,,,,,,,,,,
1790836153,G8vXA8zj9kd99ZLjSqyFLKzB3MLxUp5GNR7nMMMuzpad,zpad,8BZzbbJFwSHFxKa4MPV87zns1W1acPhbCksceUYRG7qz,pumpswap,1790188262,0.000002955,3056.55,2859,2859,0,1.87,1.87,7.33,0,0,0,1,0,1,0,3,,0.93,0.93,0.73,0,2,1,1,,,,,,,,,,,
1790836149,4n9fZ9zC1HBgeKEQD7nDKTk5GYatjuCV56WLocTdpump,NYXEN,37X8gHr2RfeoeWt8sqDqFgRHAgH4dmgu7yumUeXc8JQv,pumpswap,1790205867,0.000002244,2643.67,2187,2187,0,0,0,0,0,0,0,0,0,3,0,4,,,-0.13,-0.13,0,1,1,1,,,,,,,,,,,
1790836151,B2J1abkD18a5VrP2yc8XbJQ5BGDXwsRu9vWAjM1piEv8,Computer,8Z67KtuJXMiWjSyubve83mqhAVT5Q5XRi7Fn7BJMwSbr,pumpswap,1790209280,0.000005300,5089.69,5170,5170,0,0,56.66,794.89,0,0,0,0,2,1,8,20,,,1.7,-9.76,0,1,1,1,,,,,,,,,,,
1790836150,7T3XGNziCNwgiETftmQPW1Qj47KfVQyvZj7YQjrgE4K7,GETF,1GosW12AMzqoenq6FmaQdF8X8TCLgRAq19TBY34krNd,raydium,1790208542,0.00001089,4551.64,10895,10895,0,378.81,930.72,2999.65,0,0,3,2,18,10,62,42,,22.2,-18.79,-54.87,0,1,1,1,CPMM,,,,,,,,,,
1790836153,H3MfB5wk9zks9CV8GTLDALCG3DWGX2CTyMrPeURgAz4z,GF,7iiehNdT1Rp8yjufDNiVrkzrdJutbKWZx9sEUGaDxTmZ,raydium,1790208211,0.000002714,2184.84,2714,2714,0,7.37,277.65,3221.47,0,0,2,0,8,5,36,40,,6.81,-38.83,-81.05,0,0,1,1,CPMM,,,,,,,,,,
1790836151,CvUX4G2tzq7J3ECmNvWZLayZYV6KpgQp6SJ5K8Uvsu5g,parafactual,8VHKSU5pij3V5DVKFQv1WceEzwKeZQpSZiCh9rja2G6N,pumpswap,1790207810,0.0003062,61797.09,288619,288619,11.83,4469.39,27318.77,190595.6,1,0,12,17,106,96,946,763,0.21,-6.47,1.4,-11.15,0,0,1,1,,,,,,,,,,,
1790836153,J1GRFyyw7AkGMDEqn3YF6A4LE3BQrmzMM1XpnKkTymLC,ELVARG,E18oGSyQRuM37Z6UQDNjA9ntFbjwBU9eqebLKteEAEKs,raydium,1789767445,0.000001456,2315.01,1457,1457,0,108.96,108.96,188.81,0,0,0,4,0,4,5,10,,-27.36,-27.36,-42.76,0,1,1,1,CPMM,,,,,,,,,,
1790836148,3tzkdxJ1qVCaPAuWmd8FjRFKUbwMYpLUAq5gg4Vopump,UNTXD,B1zosT5SqjsEGRSU1cGbSVJrkVYL9zzFXDa9cmZWRhZt,pumpswap,1790207523,0.000005528,5411.38,5408,5408,0,143.79,219.14,596.49,0,0,2,0,5,3,13,17,,9.26,6.53,12.29,0,1,1,1,,,,,,,,,,,
1790836154,axMyMagH81BMfeDGaii1yZbt2N2QVgSKkZaZ8NCydZH,SOLBROKER,2GozbeCqiV7oqgD5FwcjHCGwhj2v81QBNdz5uDUAkN7R,raydium,1790210950,0.000007393,8127.71,7394,7394,0,0,23.65,65.98,0,0,0,0,1,4,1,12,,,0.35,-3.43,0,0,0,1,CPMM,,,,,,,,,,
1790836152,E2rTYWpcD8MS6Bg36VYuE2CNsRP4ugYQchLxFvY39Cws,Trader,7pZusSzceyWSnCwxRc3Bf4TZvTCfPjAaRcgiPKm2kxjt,pumpswap,1790209917,0.000003518,3728.64,3278,3278,0,0,0,40.19,0,0,0,0,0,0,0,9,,,,-3.3,0,1,1,1,,,,,,,,,,,
1790836150,7PHFykj3zD4Cy1gerCdU9L44m12jUV6Dc57aCaeApump,GOODS,FuoAdKjc1B2XeL6uKkXfeiyGTKuRgjtA4NtAkzhgnqu6,pumpswap,1790230942,0.000003117,3249.97,3001,3001,0,0,0,0.96,0,0,0,0,0,0,0,2,,,,1.87,0,1,1,1,,,,,,,,,,,
1790836153,GCdiWuRagkHuD3edSkc6GPzg3q42ojU2wZBQSbtoZHPq,helmet,CRayVNuqCzeM3rGN5zEgmadUxMDQF1QB2D7D2nBbqA32,pumpswap,1790231812,0.000002623,2641.1,2513,2513,0,0,4.08,11.42,0,0,0,0,1,1,2,2,,,-0.61,-1.89,0,0,1,1,,,,,,,,,,,
1790836152,EFW3VwqYPzoc58reVMy2GxEjv78xQ765pQy1JMdBVoB9,PROM,GCdb9dLYKoAzzTWkzDqvaTcevEgAz4AuivvRBD7FbnhE,pumpswap,1790252269,0.000004017,4329.55,3932,3932,0,0,235.67,266.66,0,0,0,0,1,2,1,16,,,-9.77,-11.82,0,1,1,1,,,,,,,,,,,
1790836151,BszGuLK9RLJ7YHgia55kwcWAuTodx1AwGFLGUcDoxRCK,ape,9TMq92WdTNsJ8oa3ZyiYBsehN41n6b4NadCg3vgrwZ5r,raydium,1790250999,0.000002563,4819.4,2564,2564,0,0,0.21,2.04,0,0,0,0,0,1,0,2,,,-3.6,-3.6,0,1,1,1,CPMM,,,,,,,,,,
1790836152,F8BTnFMCaajnrRYfmVGqJrvm4PYcFb1AiTwLxCpSpump,PLOP,EpMgwgW1gVRPFfLFynHYKk6RT1YDEc9NLXADdQEisath,pumpswap,1790273736,0.000002998,3788.53,2925,2925,0,0,0,0,0,0,0,0,0,6,0,8,,,-0.07,0.19,0,1,1,1,,,,,,,,,,,
1790836150,9NnvxfavSswySguwuQ4Pa2wVZxM58x24rCXMb8rKpump,SuperBowl,7LgDUm7jmZ2TQc7GBzVuGSBPscWGtph4sQXrKZZ22ztg,pumpswap,1790275414,0.00006409,21508.96,61635,61635,0,0,2.56,7895.95,0,0,0,0,0,2,45,32,,,-0.12,-7.76,0,1,1,1,,,,,,,,,,,
1790836149,5WpdKV43mFmVQgy6KhgqmU1N4xtLE4rAFtnsTf8rApwd,ZOP,DUV3nWn9ykL72GV1B7uV38bpGiCoeAJvL8RmExBQ1tCv,raydium,1790275243,0.000007844,9210.15,7844,7844,0,18.42,96.71,1742.47,0,0,0,2,2,4,18,48,,-0.8,-2.51,-36.64,0,1,1,1,CPMM,,,,,,,,,,
1790836150,7YQGD6vjEHgSUT5tkHuaCu5TgHc6NMwjxXrhKkYHpump,capcheck,GZvYTwbiae6hVPcwaeiJfQjkj74sKrkHLTw7wTZGEHYs,pumpswap,1790274845,0.000002609,2609.24,2446,2446,0,0,0,0.08,0,0,0,0,0,0,0,2,,,,-0.55,0,1,1,1,,,,,,,,,,,
1790836154,qe5iaQ3GkKa1T11XvFirmyZZ7vy7uYZX994UhwVpump,JEANINU,C3sJPraWPRGcY6nRKsNn5Wpy8YSBiwjVurMrhCBcpZ5x,pumpswap,1790271614,0.000004094,3980.47,4011,4011,0,0,8.73,72.85,0,0,0,0,10,5,36,22,,,-0.03,-0.84,0,1,1,1,,,,,,,,,,,
1790836151,CW1mrqPVKs42MYWfiEePFcKasEzqXsS64rrLwF7kpump,SNACKED,4xhjKom7D17hQm5mASdT8AKGKSKedtY62CpapccNJvk7,pumpswap,1790275849,0.000002330,2464.01,2267,2267,0,0,0,0.36,0,0,0,0,0,2,0,6,,,0.27,-1.63,0,1,1,1,,,,,,,,,,,
1790836151,D5qLnkRpzvuizsp4BfcrEWgUHiwrLoxVNZHoCx3Rpump,OG,6wGu5MNnJ1Tjzr9arV6LYULrybZpNfpgD93t7EioZHrQ,pumpswap,1790297279,0.000002821,3040.11,2776,2776,0,1.01,34.08,205.05,0,0,1,1,39,22,188,134,,0.85,2.29,4.34,0,1,1,1,,,,,,,,,,,
1790836149,5iqjhP5ig6JWdXQf6hYAwojZeMf11pTCvH87gCQtpump,TTP,359UV3H3g2ZVff14AnZTWGeKaykLGdd7Ze3Kar68n6xR,pumpswap,1790296706,0.0001240,36695.58,121109,121109,3.87,938.18,16529.54,68616.36,1,0,11,11,175,101,636,426,1.28,2.01,-23.05,-10.3,0,4,3,1,,,,,,,,,,,
1790836148,3aom1gqjVhPEgxH2voXXTFCG2hzgM3XLk4iEy5vRpump,F2G,8FnzVGdCaV5Fk2hr9hKNZvXrKAbQnPfUwi1vXrTV65yi,pumpswap,1790315533,0.000003328,4106.52,3209,3209,0,0,0,11.55,0,0,0,0,0,4,2,8,,,-0.12,-2.83,0,1,1,1,,,,,,,,,,,
1790836150,7LyGaHN7THD7V5ahB6kK2BLY1maByQhCzQEnWb8pump,LESPOOP,DX9YLvCF6yemWFPhhf6coXUdW1N6KFyLgCnzVtvWDBiJ,pumpswap,1790317078,0.000002384,2596.51,2328,2328,0,0,42.53,42.58,0,0,0,0,2,9,2,24,,,0.01,-0.51,0,0,0,1,,,,,,,,,,,
1790836152,F9PvspnWkP3hSLaYxQb2LvFRBgyrLVhdUJ5q39tZZPbC,BRICK,DFTbcYRFZRkm5hVp9SLkSDrhZSn4aftLqZABXes1rzt7,raydium,1790336879,0.00003317,20013.34,33179,33179,197.21,6593.14,164688.52,172598.67,3,1,55,38,1014,805,1111,932,3.5,-26.19,99.92,141,0,1,1,1,CPMM,,,,,,,,,,
1790836154,gBKgRzx2JZ3gSanVAN7aWDKNDbSTxSx4WTWNvywpump,UNPEG,AL8E3nwfLdMXpPrha9bhDgpRsTA9pymikjwp1BughfyK,pumpswap,1790328593,0.000004760,4681.21,4599,4599,0,0,14.05,48.06,0,0,0,1,0,3,2,12,,,-0.14,-0.72,0,1,1,1,,,,,,,,,,,
1790836149,5vykgir6ikU8cP55aZfzdkKokSFCPBbJt4EYsDL9K3Fw,SCOUT,8XkaupksVZfxdkxMxA85zdRZady93CNRtx4dj47CJE3L,pumpswap,1790434263,0.000002568,2547.43,2376,2376,0,0,32.61,43.01,0,0,0,0,0,1,0,2,,,-5.13,-5.13,0,0,0,1,,,,,,,,,,,
1790836153,HccKMtfAP6JrJtPEeYzukq4Txg5suvMCoA2jkW7WUkS4,CLAV,CUoUjZBqBkRc9PuDnRrzqmoNTZiVuZckbfMvEz9bf8vj,pumpswap,1790408910,0.000002907,2845.06,2763,2763,0,0,0,64.55,0,0,0,0,0,0,0,3,,,,-2.9,0,0,0,1,,,,,,,,,,,
1790836149,55Vr2VpSwxsDkB6uGGHAvRv86K6zax2Zb4TT8ivwDEzW,slopcannon,BNG5962Zkbd6ZFmfAKjtCF6Z2mJbA7qn97oMsQShspLP,pumpswap,1790409726,0.00002650,13881.71,25561,25561,155.13,39438.51,187643.87,191312.7,3,4,327,270,1365,1133,1384,1167,1.77,-35.45,563,373,0,1,1,1,,,,,,,,,,,
1790836148,3BLSsAu7aNkF24xHN2hju95QpHJKPpfmyD5AHXnUwikM,NEWGUY,8aZwEzC634J7rUEZSBG5Zen2UR9Ma7FZEom7puvwjCc7,pumpswap,1790410756,0.000002782,2786.79,2685,2685,0,0,13.99,572.34,0,0,0,0,0,1,6,20,,,-1.65,-29.98,0,0,2,1,,,,,,,,,,,
1790836151,DBFcomeF97mTgRoKvHj2YtdFdvFcrLP4pFTBEPpKpump,LILVADER,6BSARLZhc1YEhCfdwwudDsMXK3TMMcWCEAK74TPrmAHy,pumpswap,1790381508,0.00002022,11485.37,19285,19285,0,16.24,729.94,21818.27,0,0,0,1,12,17,260,250,,-1.06,-3.53,24.13,0,3,1,1,,,,,,,,,,,
1790836152,FPVy8zJvHsf3ZdLoNokQVzYLrkcoQ6LMTZ7riJNWpump,s/acc,FfjGMDK2X5mzcCVGh8bizkPfxbeJx26p5StCz1T6DNV6,pumpswap,1790434964,0.000006762,5446.82,6245,6245,0,0,105.81,1499.03,0,0,0,0,12,9,55,49,,,1.17,12.16,0,0,1,1,,,,,,,,,,,
1790836153,JAccgVwonRw28jZ3fHdgwtyAfKJRPd5qMqaVP2xipump,FLETCHER,CmcL1kMybybZV5tKAwz34xnsRMpxpDfuWAMPSU53bJAq,pumpswap,1790447880,0.00001323,8642.1,12710,12710,0,0,0,4675.48,0,0,0,0,0,0,51,53,,,,-28.31,0,0,2,1,,,,,,,,,,,
1790836153,G4zJATx1sgRCp4kMqxd8dnDPtyK6Qqe6a9XHL7avpump,DIGI,959hmwUw8SGXsukXzETMWn1z4FE2oeDsGxjiF3YaJfdK,pumpswap,1790537446,0.000002639,2612.11,2529,2529,0,0,0.19,15.74,0,0,0,0,0,1,0,2,,,-0.87,-0.87,0,1,1,1,,,,,,,,,,,
1790836149,4Kz2FwUJVEb2P2dFBbj4AHFM7Li6rn5mJdFsUU2nWNkC,SPAM,VVUmmg2f2HaUshgbRkQKHokTgJ2fNeHNeGUhbaSKymq,raydium,1790445736,0.000003069,5175.52,3070,3070,0,0,0,1148.19,0,0,0,0,0,0,6,16,,,,-3.01,0,0,1,1,CPMM,,,,,,,,,,
1790836153,SaPFjDCz4bcrqVkU6JWjskJftp9jENNxP5T9Ur1pump,TIFFANY,8Xa7oP25VtGznGNU7rtMHtb3MYk2Qzd5NHxdV4nKskMD,pumpswap,1790437692,0.000004882,4958.76,4667,4667,0,0,151.18,352.73,0,0,0,0,3,6,34,46,,,5.39,5.61,0,1,1,1,,,,,,,,,,,
1790836151,AciM27Z9vURTsPo2ZCm14WnsYNjANs8SvC1Zp72Epump,Jon,3ntM7FzFh54cgbRPptV33uCgkcy9qZrJ7QSTXg8psvhD,pumpswap,1790468741,0.000002417,2468.92,2333,2333,0,0,0,0.45,0,0,0,0,0,0,0,1,,,,,0,0,1,1,,,,,,,,,,,
1790836152,DR2CrHgbSo6knEmKyNeRoDEDQstPGhUQPBP11rsUpump,whale/acc,J8eNgr5LU7bN1teSJPVWqu8TynCkH34tm8FgrNFEUPbg,pumpswap,1790468278,0.000002360,2772.5,2278,2278,0,0,0,0,0,0,0,0,0,4,0,6,,,0.07,-0.04,0,0,0,1,,,,,,,,,,,
1790836153,Hd6U8SfLWCZCREYrT5XfwK2Nzat5QB3B8pbBvST4Tg5X,mog,EB8MDKHHdwZbfHcQQeXVUyGh35zr9mJorTaSi1YKa8PR,pumpswap,1790468590,0.00001738,11538.63,16957,16957,0,189.93,2515.33,31194.39,0,0,4,6,71,50,465,353,,1.64,1.37,-51.52,0,0,1,1,,,,,,,,,,,
1790836152,DsmdxZvkwZqsNvpmBczkW1WDcQnNcUivBa8b3x7r2TGD,AROS,Bq1n6cHkQc9WobSxzm9zPd57VkMHqeZmyuxUTbbBBCPn,pumpswap,1790476149,0.000002102,2120.87,2089,2089,0,0,0,0.11,0,0,0,0,0,0,0,1,,,,,0,0,0,1,,,,,,,,,,,
1790836154,mBj64o7MdEE3TtG5bYFaYX7eVzpMg1SeP8f78G7pump,LOVERCAT,BSef69xExzriPhqKNV9vh1c1BTaTJ5yUFmF9WJXwZLWP,pumpswap,1790496426,0.000003222,3914.55,3109,3109,0,0,0,5.46,0,0,0,0,0,5,0,12,,,0.07,-1.11,0,1,1,1,,,,,,,,,,,
1790836151,Cmrq8EkYn8qhjtq6iYfqrfzet3q4aC5F38tLQGUvearn,EARN,DBKNh5amypLurhDGSwUgni8JeoMPpe1QS2cUs4Z9dZDj,pumpswap,1790534914,0.000004499,4525.72,4373,4373,0,19.91,28.52,447.7,0,0,1,1,1,9,12,36,,1.38,0.52,25.64,0,2,1,1,,,,,,,,,,,
1790836149,4JjcFYnYQnFnGWRr43V1WaqV8ot7AZV6n1BJ9Cp7pump,FTRENCHER,2XbNX4DKZTgBEUzhHQdnjn2DAGXoQGPABip4Q86hHeEV,pumpswap,1790533651,0.000002321,2423.41,2234,2234,0,0,0,0.8,0,0,0,0,0,4,0,9,,,-0.11,-0.26,0,1,1,1,,,,,,,,,,,
1790836152,DewVDYjRN5n1mzAsnQbatvCKqQjgLFLNXnHaTYC2pump,SOA,Hq2b6tPbHmxbryceBcx9ugZWnqZ7ErwNZ6WsNFUuVV51,pumpswap,1790555984,0.000002728,2767.6,2663,2663,0,0,5.95,41.11,0,0,0,0,1,1,2,3,,,-1.45,-1.3,0,1,1,1,,,,,,,,,,,
1790836154,rsE4qbZ6Decdu1stnoHnC7QrNtqjuzuAuD9xnNGpump,OMNINU,HnSiwJKhNNEZkm4HmVbXFVcviKF8ynCKc94hfy9MrGsB,pumpswap,1790554360,0.00003780,20149.57,35087,35087,0,148.96,8771.33,103693.45,0,0,5,5,175,89,1039,574,,0.55,24.94,-78.58,0,1,2,1,,,,,,,,,,,
1790836152,Ees9nBcWavLJiE4P1inKwhXpNQSzL64zntyqWjpec6Dc,CROCS,EmnjqdjYrR3C9KhbNsBryE7B9EdjAkZe2Xk7FFF1eHzF,pumpswap,1790576506,0.000005324,5067.88,5121,5121,4.84,9.79,13.05,457.58,1,0,2,1,2,3,5,27,0.25,1.07,0.76,-17.15,0,0,2,1,,,,,,,,,,,
1790836151,BM2k8mJUbMthHoioykyUm2NjMrXvLBYhoXruwYLpump,LEVERAGE,51iLLzeznQMpJAJMNn4RiDRn3qybdYPD2vU7MbnrUwxM,pumpswap,1790575751,0.00001304,10002.69,12162,12162,0,35.56,1078.81,2833.15,0,0,2,4,21,37,89,152,,-1.39,7.8,0.54,0,1,1,1,,,,,,,,,,,
1790836153,FbrMGVE2548HfpMVhYsybmYyUQVHMefMiUSkckyipump,TOBEY,5kJMCjNZaV5AHAniiqYNNM3LxZEUh76MhRJ6Gs1x5den,pumpswap,1790570553,0.000004023,4322.84,3895,3895,0,2.14,45.93,1519.17,0,0,0,2,3,9,65,129,,-0.14,-2.87,-22.29,0,1,3,1,,,,,,,,,,,
1790836150,8qj3D1qAKjQC9hns7ChiGsa1MvGkq7TdapKsqxdPvf2f,IPAY,JDoizETBJBhcCPdXf5mz5RmY8Auh5mEpBbmGSn9Yvahw,pumpswap,1790576803,0.000002985,2908.58,2648,2648,0,0,0,5.91,0,0,0,0,0,0,0,1,,,,,0,0,0,1,,,,,,,,,,,
1790836151,CaL2h7rDKUHKV66nXGscnBNCPQXGx6BJ7GHW9tEZpump,SICKT,4Hi7m1tfi9WWr3KVeeWvFg5Ze3gmkuKnVJZvUKL5Gv5s,pumpswap,1790576379,0.000002333,2506.6,2273,2273,0,0,0,15.82,0,0,0,0,0,9,0,34,,,0.46,-1.67,0,0,0,1,,,,,,,,,,,
1790836148,3P92SmuxcYVGD7Y72YuvQ1KmBvQtbQEShQXLZcMqpump,e/trump,Cc9sEETaYYLqyYCT7iL6NqGRXhSMJtADPQ3Vc14kuAEE,pumpswap,1790576076,0.000002524,2833.32,2455,2455,0,0.01,0.06,0.06,0,0,0,1,0,6,0,12,,1.55,1.92,1.32,0,0,0,1,,,,,,,,,,,
1790836154,wxrnwqBDqcUTHZ3VHTxmrZuxjTdD5MTc5YUaqa5s43B,POKEMON,F7uCUUbMa2Lmps1NJuz3o2nrh62MxCZPF41URxABUJMw,pumpswap,1790578807,0.000002117,2155.75,2106,2106,0,0,0,1.16,0,0,0,0,0,0,0,1,,,,,0,0,0,1,,,,,,,,,,,
1790836152,DS6ePhDssKU2aW4Wyw424CRC7fYDHygmNu4cyMCc5vq4,Gentoo,3G8tvCiP7JnTWBr78WrgDFyTAS17VAcw9kDYDv7vmbrL,pumpswap,1790603769,0.00003670,17507.11,34904,34904,10.35,4437.53,22679.95,224940.72,3,1,31,43,306,220,2180,1660,0.02,29.13,-7.12,-0.15,0,1,1,1,,,,,,,,,,,
1790836154,YyLYgsifFQNydkPA3Q6mheStZqbJ4HKLkUfXoUEPb39,PEAR,CoM1GKy6F2Q9u7xJ2fok19txyTiudua2eYDSwR6JCR2X,pumpswap,1790608066,0.000003238,3253.89,3131,3131,0,0,0,3.81,0,0,0,0,0,0,0,2,,,,-0.62,0,1,1,1,,,,,,,,,,,
1790836150,9FXqYhYq7VUa9HubXq1XXiT6D45LPN9LDcm4BnyKpump,E/FLY,8Xn9ZgZLup1f4dUxnpxj9hbD4eq2HrwUe59eFap7xDGs,pumpswap,1790605371,0.000002621,2601,2312,2312,0,0,0,0,0,0,0,0,0,4,0,8,,,0.44,0.43,0,0,0,1,,,,,,,,,,,
1790836150,6qBR7sk15ZVdt1vx6j1JgtkuurK8WrapugFptWQCyzL6,Pygoscelis,5fPMykyh2Gc3HC3Rpj2TJQR2LnNuEm2tEEN6Nz9HMBv,pumpswap,1790603435,0.00008532,29267.75,82397,82397,275.55,4109.58,44937.88,516414.32,3,63,63,118,550,489,4679,4077,-2.02,12.79,-21.55,-64.77,0,3,1,1,,,,,,,,,,,
1790836153,N7Q5fYX7YRnDQksfdBKnoUb3awm92n7QNAD35X3Rq1X,NOK,7BRs41whky17xEGvADRgHngEiHVKnQ4CGnP2J1z2TpgT,raydium,1790604565,10.23,55852.56,401728,401728,0,51.75,6207.14,72747.84,0,0,2,1,61,48,411,596,,0.02,1.44,-1.02,0,0,0,1,CLMM,,,,,,,,,,
1790836153,J2ja4UNgju4zVPPZ9x5GQ1VmKhfpTVo3qaETHUEzpump,C@T,3cfmmX9Z1rbCDDZjBitN4CmtL6nEqDCNf51McNTRk74v,pumpswap,1790619114,0.000002227,2294.49,2186,2186,0,1.27,1.27,1.27,0,0,0,1,0,1,0,1,,,,,0,1,2,1,,,,,,,,,,,
1790836151,BBwH6xYy2LTmbjYX3e9uS5UKgNqmrx7PVSsfpwgsXcNL,HUGEKINSON,J3i3si9daeYrCXaNmmsdhjf6y9fT5oPQPX8UCsiMaCLy,raydium,1790619765,0.00001537,11555.15,15379,15379,3010.57,3765.37,12410.85,12452.72,15,14,23,28,105,89,106,107,49.51,74.95,489,470,0,1,0,1,CPMM,,,,,,,,,,
1790836148,3YWbeb3gozGGQFNSv384BeZqTexPMmNns5vvjb7Kpump,Joe,EgqpnnVwb6aFZcWgaF932jbTtzc3kmGpZWphM9MgwQeA,pumpswap,1790620820,0.000003401,3678.81,3342,3342,0,0,0.66,16.53,0,0,0,0,0,4,1,21,,,0.61,-0.11,0,1,1,1,,,,,,,,,,,
1790836148,2URzCYAiUypdmbiKBUv2xGLbaRxxNUFryhawJKTamoon,LIFT,J9ewXG8nUTryRFRAmYBSGLttVgkrn1sGfKDb5fpuZKEJ,meteoradbc,1790620850,0.000005563,,5563.7,5563.7,0,0,0,0.34,0,0,0,0,0,0,0,1,,,,,0,1,1,1,,,,,,,,,,,
1790836150,7mP77b3RoMo69FJAh8xARRynAttK4DKzBKst2tqy2tiZ,PERSONA,FTPV5fM4HowUbVtJxC4LbC8JRbeCaeq5z5Su7VEDFsHp,pumpswap,1790619684,0.000004417,4237.48,4283,4283,0,0,0.01,3032.58,0,0,0,0,0,1,15,146,,,-2.59,-58.28,0,0,0,1,,,,,,,,,,,
1790836153,HGN8K3x5ZLfYNjvE8b1hCqqu7RwupuKU6EkEhemzpump,SNOWBALL,AvF6mHTXDcSLuq7NUWyTffaRopRkM9Sjh7ruFPNGnZqs,pumpswap,1790626465,0.00006716,25333.35,52268,52268,89.16,852.74,11351.79,182142.42,1,1,26,12,205,197,2065,1943,-0.08,1.47,9.41,-31.67,30,1,1,1,,,,,,,,,,,
1790836151,C1mBfBoDkwWfd6uTFZp62ARHLjeVp3bDpCDMfMZtPngE,HOOKED,C7r9jXWiVYmBYR2Jj5YSLiEitUGJPjQXWeg7HPU8NwUk,meteora,1790625916,0.0007224,82151.19,712681,712681,56.72,5844.45,79802.82,388759.33,1,0,17,20,182,251,1438,1381,-0.1,9.88,30.71,24.33,0,1,1,1,DYN2,,,,,,,,,,
1790836153,FjKd8GR4uwYQymh87VhknT7w5iS8qz1DM8ZHPCWZpump,HAUNTED,DR9mPT44EBnhzw19UDi2FeGxBXKFfxqKBmnY8qY2aiZM,pumpswap,1790624265,0.000002782,2924.53,2704,2704,0,0.42,7.51,213.77,0,0,0,1,12,9,76,68,,-1.13,1.04,-0.29,0,1,1,1,,,,,,,,,,,
1790836150,8T193DFGTGcimGaotbnYdHTsTRGgLAaiy3sMGgL6pump,FOMOCANDLE,BuaA3jui2qmGDkdTF7Eut8pKbgsyhH4okQopUVXWg7G2,pumpswap,1790626194,0.000002597,2990.59,2542,2542,0,0,0,32.62,0,0,0,0,0,4,0,13,,,0.28,-2.25,0,1,1,1,,,,,,,,,,,
1790836150,8CeF2mccj1DsBM7zgB2zMRGk2JsaeFCwzFVxU7xm1QWm,stillwet,C1qTQgqh5Xfs4DfS7Zxv1SnQwU8YqvFC5kLu3T2SZY5n,pumpswap,1790642461,0.000003253,3148.1,3099,3099,0,0,0,7.06,0,0,0,0,0,0,1,3,,,,-2.34,0,1,1,1,,,,,,,,,,,
1790836153,T4zBzW6R2o5izt1CBBwSWUuBEgkJA5Mu5ZDNiYSpump,FOMOWEEN,2UpeSpYySumVkEci64bdPjqtNJpSWCEFTpPzLouiSCqN,pumpswap,1790643304,0.000003044,2998.51,2908,2908,0,0,37.54,118.12,0,0,0,0,1,2,6,14,,,-0.66,-3.61,0,1,1,1,,,,,,,,,,,
1790836153,HjY29mPUx2eazudtp6VYGP9PnbmfwiFa5kydqLfJpump,BUN67,FcTH57vQxczD3uwe9XxPoNqmn5F1aN45v3QATm7ZYpUW,pumpswap,1790642856,0.000002490,3055.61,2428,2428,0,0,0,2.86,0,0,0,0,0,8,0,16,,,0.55,0.36,0,1,2,1,,,,,,,,,,,
1790836153,GrXMbn56JtFngA2FgoXenJG5HeD1GhvFnjyFPWbfpump,CANDACE,BujrCFCvPo9wAJz58KAATWYeporERSp7b2ymgeSPHF7p,pumpswap,1790638967,0.000005428,4753.65,5242,5242,104.8,115.59,4435.73,50618.68,0,1,0,3,64,65,495,458,-2.95,-3.59,-7.17,-58.77,0,0,0,1,,,,,,,,,,,
1790836149,4hQ2Gd1d5R1ax8B7DQPPxXExxHorYPnXBGXXA4DKpump,SF,G1ZakNNJov4jN2PEzEQJwJiAnUYeut1aky5bKekZtAMQ,pumpswap,1790664208,0.000002633,3065.05,2565,2565,0,0,0,8.06,0,0,0,0,0,7,0,19,,,1.01,-1.23,0,0,0,1,,,,,,,,,,,
1790836150,8q1MCDyUHDUtKQ8ybwDAjPLK2jQBYMiyze9Sgufcpump,sworddog,Gi7XaoxNEnabMkjJEadzvHzmaTMR4foG8cNHWLHoZa28,pumpswap,1790664265,0.000002526,2816.5,2448,2448,0,0.46,0.46,0.5,0,0,0,1,0,6,0,13,,1.45,1.82,1.85,0,0,0,1,,,,,,,,,,,
1790836152,EdfUDQxVihNgHf7KDjhxC3ZSdXtNr33tojuKq3rgUCfv,BOPE,79CW1Udnkce4cgnszHri1aTR97cFKaZ9yU9pooCMwJes,pumpswap,1790663962,0.000003325,3306.52,2932,2932,0,0,53.1,480.91,0,0,0,0,0,6,13,49,,,-3.13,-26.22,0,0,1,1,,,,,,,,,,,
1790836151,B2N8d8SgQY5JZ34g1g3QrkcgJF7hmFYAqwEv3L9MrRt4,GFB,FLr3SynHFCw9pjS9uoJ3nrWmSP9yVbopMvdHdwNMN1VS,raydium,1790668621,0.000004179,6159.2,4180,4180,0,0,284.04,1781.73,0,0,0,0,2,4,23,34,,,-2.09,-35.37,0,1,2,1,CPMM,,,,,,,,,,
1790836153,HJnaT5oeSH4L8TGJPLLBYQ1zzmpLbYuMAbTbpiBkpump,PROPANA,EWVKsAS9AC5bQvbBgUu6QkD7hknqxiNPnLRiw7MBDMu5,pumpswap,1790678077,0.000003078,2994.58,2905,2905,0,0.24,0.24,72.51,0,0,0,1,0,1,1,16,,0.73,0.73,-4.36,0,1,1,1,,,,,,,,,,,
1790836149,5Y6eKGzrLr36wWd5XB4XkRrPfqgkcswudvJ9mv9Bpump,TEAPARTY,AsAYgWc6WfE4K8m5YnftgoDnHhcGxuYYhQxvC2qqyZ4Z,pumpswap,1790664409,0.000006684,6149.09,6308,6308,0,242.71,563.62,4403.45,0,0,0,3,3,17,41,89,,-8.19,-17.38,-48.73,0,1,1,1,,,,,,,,,,,
1790836150,A1y5NQWAmtqQahPHP9Jm7sqezAzjgK5Atz3fM6aBc3zV,アル,ArzhwpqAyV6P63fLbvak6KJQt3db4Nefa6KhnsyMJBiZ,pumpswap,1790671089,0.000002947,2910.27,2803,2803,0,5.56,188.37,7520.46,0,0,1,2,1,10,127,129,,0.21,-13.35,-27.31,0,1,1,1,,,,,,,,,,,
1790836152,FTBq3qcxyehLD5VzDG5EfKhWBB5vXZtq7g6qepUAoVpx,K/ACC,7JsJoN7Zj9HqR1J7Cg5HusyoNhKM6uRzJacxLQXaoAoG,pumpfun,1790409310,0.000005058,,5058.66,5058.66,0,0,3.14,5675.75,0,0,0,0,0,1,73,64,,,-0.13,-2.8,0,0,0,1,,,,,,,,,,,
1790836150,9XfpZm62wSzbN6XCpu3bM4HbTHwzPYEKhqnEh3vHpump,CHONKCAT,7mNR4DqXEZ5HMaSFXc1BMmFhCzkwBGezYVHmSUHC2sum,pumpfun,1790670659,0.00001808,,18086.62,18086.62,0.69,619.83,6081.77,33346.69,0,1,5,10,75,64,438,374,-0.02,-8.63,0.53,35.17,0,0,3,1,,,,,,,,,,,
1790836153,PTCCtcJfLXwL2cM28jYu7cpJJXd3pc6ryAayKvvG5JJ,PTC,FJVgEKawcLpY1i9MQ3N1tp3Gy7JmLMFYGTzXArcf9mru,meteora,1790667788,0.006972,70916.48,69721099,69721099,0,0,0,112.57,0,0,0,0,0,0,3,3,,,,-1.63,0,2,3,1,DLMM,,,,,,,,,,
1790836151,BzX5mofDT6fKSK9zMrrj1eKbEL57kt8d8Fwwdx6Apump,p/acc,AY74fazXqkerpyT8Sq4sUKsSZKNK64o1dQA4mUTfZ69R,pumpswap,1790670932,0.000002628,3017.18,2539,2539,0,0,0.11,0.14,0,0,0,0,0,14,0,48,,,0.42,-0.21,0,0,0,1,,,,,,,,,,,
1790836152,EThAHDXisQrhvv9MPrv5DgZuRHkjUzNcTwnLzVjCpump,PAYDAY,FSPhtif5wPhewj9kgkUSWEUrQxSAC7sGGioRkFZP82Eg,pumpswap,1790676501,0.00001163,8414.24,11013,11013,0.01,341.78,2070.77,19783.09,0,1,4,6,21,35,237,341,-1.09,12.09,-21.48,-34.97,0,1,1,1,,,,,,,,,,,
1790836151,CF5oJbwwaqCCN2e3PzxyDopAj3oRDPb32RhbqjX5pump,CX,9Z9EgJ21BCd7S3a298pKGjNPotTCNGJF85zDyBpHKy5G,pumpswap,1790678765,0.000002910,2850.16,2471,2471,0,0,0,0.47,0,0,0,0,0,0,0,6,,,,0.62,0,0,0,1,,,,,,,,,,,
1790836152,EtV9vmJXhV4gTgxzgzn7xpbjRX2ne2Vb8T58mwabpump,BLINGBOY,7qvv2vkJLVx49N2ow8p3Scncx2FNeFpZP63ZQdKHZf5i,pumpswap,1790682809,0.00001086,7881.38,10441,10441,422.56,3235.7,10686.56,32001.74,11,3,40,38,147,115,450,460,10.98,-11.88,78.64,-52.55,0,0,2,1,,,,,,,,,,,
1790836154,fSK8y3f3Hz1mTeSYap6FeqhZ8ResekAAuhZYddnpump,NTDA,5c4jXRKJQgw1gJahpRW3WvDNLkTUrzwK8omoZovszj3p,pumpswap,1790684662,0.01160,311297.99,11600156,11600156,632.72,9033.07,54290.96,210831.08,13,8,173,112,1047,683,4145,2752,0.24,1.45,4.48,22.68,0,0,0,1,,,,,,,,,,,
1790836150,8CMH8UTpXVSKSBA5sNtscfzxD9yQUC7VYP415p6Ezpad,ZPAD,6v5dr3ppBUgCFVWxKURCgZeSC5TA7fqhTmeS6e2Tnet7,pumpswap,1790691644,0.000003781,3670.89,3429,3429,0,0.11,16.16,674.63,0,0,0,1,0,8,9,45,,0.26,-0.4,3.07,0,1,1,1,,,,,,,,,,,
1790836151,AToRAsGvaSXdDw9jne9ZQz34vjhfg7nocktQyHR5VDJC,67OHIO,8rwyMMyp6DReswrrPDvZquXVWKNsxKkZoqRSroUBqoet,raydium,1790690561,0.000002732,4888.34,2732,2732,0,0,0.35,65.95,0,0,0,0,0,2,0,12,,,-0.05,-4.97,0,1,1,1,CPMM,,,,,,,,,,
1790836154,ZrueWB1YvjruJpTGiJSYYfyuL71FZeeSUwJY1ZPeyes,EYES,BkYnXoVkNXQxSBKF3R7nRADoiTPZaWotUp1NhWRm15j7,meteoradbc,1790167729,0.0001974,,185642.99,185642.99,0,3.35,878.68,79009.61,0,0,0,1,3,5,139,123,,0.02,-7.16,-53.27,0,3,1,1,,,,,,,,,,,
1790836149,5x7HwzMt2dc4Mwpm1KDZRacUN9FaYRDwgHEQ89eUpump,RERO,6qweZqjmc7ACE84Pr4DmY1iCLBtW4qDaxuh6d22KDiug,pumpfun,1790187275,0.00001734,,17347.73,17347.73,0,0,0,1146.66,0,0,0,0,0,0,11,28,,,,-9.74,0,1,2,1,,,,,,,,,,,
1790836151,C81nw4y7WhDbKhEpgMcJ8D1FtBdJYuXAfofg4yDWpump,SP,2vYaj122GYxAucBWWGtpACyLQGA886sjAr6kt2V3Wz5q,pumpswap,1790691327,0.000002312,2520.51,2249,2249,0,0,0,7.09,0,0,0,0,0,8,0,24,,,-6.51,-7.08,0,0,0,1,,,,,,,,,,,
1790836148,3KdoU8X1DJBvmmxYYttJWQ1KiMfarg3bFAdeCAmspump,SINU,D4W5PL9DdRBi2vnp9wSb3N9eY4Bhgp7KHpENhXMJ1Nxi,pumpswap,1790696398,0.000002360,2542.09,2320,2320,0,0,0,14.63,0,0,0,0,0,0,0,2,,,,-0.99,0,1,1,1,,,,,,,,,,,
1790836152,EVxVeEy86fPq1WE5B6h5ZCKR49UEC3ziTc8HJ68hhxu8,MUTATE,J53bL3pmf64EoNgv8LhC87iWiw6Wg4c9vX4BMc8LdvBa,pumpswap,1790699844,0.000002761,2721.59,2514,2514,0,0,0.63,51.91,0,0,0,0,0,1,0,16,,,0.03,-3.52,0,1,1,1,,,,,,,,,,,
1790836148,49aM4HrGABwG9F8iAn385zzcsS6mxHEFY8YN3H7y1Cd9,MARTIN,89KzBPsRxM2JiHMzrUqTaqSS8nAeqpft9mX4ZaH7uSKi,pumpswap,1790697895,0.000002551,2562.97,2448,2448,0,0,34.83,535.4,0,0,0,0,0,2,2,29,,,-2.74,-33.97,0,0,2,1,,,,,,,,,,,
1790836148,2KmfRLBXwSeJ4btMBMVYYptoxKN9kQpiuWfKDGEGixwo,TSUKI,E1RsJmP2C6hkpvHQTh94hizYFeRQiaFs46Z4RD65q4ZU,pumpswap,1790696881,0.000002687,2677.76,2477,2477,0,0,121.67,4534.98,0,0,0,0,0,2,36,40,,,-9.67,-22.66,0,1,1,1,,,,,,,,,,,
1790836150,A71Uf3jwg57fNedSao9eFwm9eKSLYFbVJ85T4fuXpump,cNFTs,H2UTFeuwA6yQP2L3DegdvtA4wCCwLJjKwq2zXepzU1ae,pumpswap,1790698801,0.000007783,7290.22,7647,7647,0,28.11,599.33,11848.49,0,0,2,3,15,26,282,442,,-0.52,-4.71,-59.17,0,1,1,1,,,,,,,,,,,
1790836150,791eSKPNjzckZRNn9q7oy3QhBHFYEALRnAHV7XPppump,BMW,EkcCWykPRkiWCHCSbCg63BaUv4JvbRDS1Rne5eHuyBd1,pumpswap,1790698236,0.000002204,2243.02,2193,2193,0,0,0,13.61,0,0,0,0,0,0,2,0,,,,0.94,0,0,0,1,,,,,,,,,,,
1790836148,2KnfNsfzmNoqMtQhWS1vMAxfxNv1WvA5h6KjFbFFpump,WOJAKINK,6wjbz7imAMnvGTomhxLxvYnzsEPVZMhEEJL4aU2ZrPq8,pumpswap,1790706975,0.000002419,2594.11,2350,2350,0,0,0,97.26,0,0,0,0,0,9,0,19,,,0.55,-7.04,0,1,1,1,,,,,,,,,,,
1790836152,EgD4T9kQEhgw9bDzNPShDQwutjcXTJ9h1JBxri6Qpump,Penisguy,4McnPFxtaTMJgJRvTm2njGEGbjnzQxhZ2FiAhKJJuCzs,pumpswap,1790713077,0.000002633,2608.86,2415,2415,0,7.57,50.67,703.12,0,0,2,1,2,3,6,36,,0.26,-2.5,-38.05,0,1,1,1,,,,,,,,,,,
1790836149,6JNJxKtB1X7rYs1GbVfhE6UXXRw38HrMJCH6kTY83GDX,HI,pYXcN85J6vpMn3cmb5onGhwJ3UUtU6XZLhF6NHNyyDN,pumpswap,1790706318,0.000002636,2648.63,2530,2530,0,0,63.87,1246.26,0,0,0,0,2,4,16,30,,,-0.1,-1.67,0,0,1,1,,,,,,,,,,,
1790836150,7GYk6spb1x9V3YS5F4qcARfhp242Nd64Dq1rhHCAmtb3,SI,82TFFee2RcuD64bvSma4A7gvaWt2GvZKPbf9csE2uHT7,pumpswap,1790707459,0.000004656,4592.1,4505,4505,0,0,48.21,10144.19,0,0,0,0,5,10,114,162,,,0.43,-11.81,0,1,1,1,,,,,,,,,,,
1790836150,7exuudgumgCRTWQBrC4CEyVJ8XL9Rrtbx6UBdEqGiaMX,INu,37emwx9PKPmPs5M2cm2amvu9WdZGhKbW3x8TmbjzqcHa,raydium,1790713010,0.000002596,4636.77,2596,2596,0,0,0,80.42,0,0,0,0,0,0,2,10,,,,-1.54,0,0,1,1,CPMM,,,,,,,,,,
1790836150,97SkmPTaFH5zT4QD2KjSsmxaPmKG3PL9kxb3KMtsJwfs,SI,p9zx8yKoe4jFDmwhJ9LtpdorJmEMsSWvUmC6W7Zivng,pumpswap,1790712345,0.00001229,9062.39,12024,12024,2.62,39.34,1708.06,62410.74,0,1,2,2,23,38,690,646,-0.13,1.35,-3.92,-5.05,0,0,1,1,,,,,,,,,,,
1790836150,8mnDxKCJUS59RzvesoYEk2ivtVhn5mBS2tmKj32ppump,XSI,Bs9YRoC3FPeKRv6odW24o2amyN4nPydV9tFbbXTBwPbB,pumpswap,1790712256,0.000002385,2615.08,2344,2344,0,0,0,5.06,0,0,0,0,0,0,1,3,,,,-0.92,0,1,2,1,,,,,,,,,,,
1790836151,D1qPV7yMjZ8qP5GqUEWz8udSnuP8sXec7BNqEDe1pump,NERO,GSJpq28AufoyToyrgtYccSdyCxxSsRFFNXJUeDbcFxcJ,pumpswap,1790712920,0.000003623,3689.73,3484,3484,0,0,0.02,128.7,0,0,0,0,0,2,5,29,,,0.89,-4.73,0,1,1,1,,,,,,,,,,,
1790836149,4WPn1oGVE7rza6PjFJwYpEXZn6qtjwxEKkCV9EtAxhUU,BOT,B7nYoGHqCGoFRiPB4AoT1NqbqrFWJDfiEkD3WNXxSCnt,raydium,1790702662,0.0002603,56993.97,260318,260318,4650.55,25643.94,131381.1,841862.7,18,20,134,85,606,496,3862,3205,0.88,-14.2,-9.76,-52.59,0,0,0,1,CPMM,,,,,,,,,,
1790836153,ViLRh6pY18yu81qQ8wFf7EMpZFXqJYpt6i4n7uCduRv,McPerk,2orwVWzHjocYyYPA4pfqS1sAUcWBREHJ8NmYygevbskx,raydium,1790711192,0.000002591,4688.6,2525,2525,0,0,0,91.65,0,0,0,0,0,0,0,10,,,,-7.7,0,0,1,1,CPMM,,,,,,,,,,
1790836154,zbU56xCdDXNW1ijTVLJB3DSaA4BEzppojrGB4wPsunc,UNCLAIMED,91FoUhZi1t4fcNHyN8ko13EyfszSowoPdMQKGtYGS8U7,pumpswap,1790718013,0.000002823,2778.06,2707,2707,0,0,17.69,719.67,0,0,0,0,1,4,7,52,,,0.09,-32.12,0,2,1,1,,,,,,,,,,,
1790836151,BGKX2Vk5RMCrnmAn9kCnF6EKCVVFziX4GybEM2jhCV7P,BUTTHOLE,CT1kdk4eSX22QLVSfce7b7a6CxdNGMCA9QpjKHXmw5qP,pumpswap,1790721558,0.000003014,3026.73,2894,2894,0,75.11,76.59,817.77,0,0,1,2,1,6,10,35,,1.62,1.56,-1.11,0,1,1,1,,,,,,,,,,,
1790836150,A3dtfF75L6Aj9QZ4EEz8LpxZpSZHHcactYtv571Gpump,SC,9tzq4aV2BPd2fSW8cjkcCiBbCYzNzEkznMh11bHYrvQ1,pumpswap,1790721313,0.000002389,2629.57,2345,2345,0,0,0.05,5.55,0,0,0,0,0,1,0,4,,,0.85,-0.51,0,1,2,1,,,,,,,,,,,
1790836148,2RFUG2WSvR3v4pGSGj5yNKiFrNM1EhyQWr4XvvHBpump,dotbook,2aYPEYk6Mxguhqfv6frMkFpNhiPZZYVunLspuX7GRqBu,pumpswap,1790721759,0.000004629,4247.82,4361,4361,0,0,34.32,19203.84,0,0,0,0,5,9,232,340,,,2.26,-83.47,0,1,1,1,,,,,,,,,,,
1790836151,AoJUHgDTYAFVQbUDsk7SJWh9gajG28UJKjNN8DGfpump,MYCOIN,FrPGzDYaMCX5yUdmG7u1pLShncKUcGqNCLM1CjrUmugb,pumpswap,1790722294,0.000002449,2443.35,2350,2350,0,0,0.11,5.55,0,0,0,0,0,1,1,4,,,0.01,-0.64,0,1,1,1,,,,,,,,,,,
1790836152,DZ6RSpHaBaKBowHgaRvBCVeY7aEDBTRqVd23HUTbpump,FINGER,6Y79SAWtVQYbwDm46KSmWPHL1583yNmVNXD95xaa6pW1,pumpswap,1790721168,0.000002408,2531.33,2331,2331,0,0,1.18,39.79,0,0,0,0,0,5,6,22,,,0.62,-0.73,0,1,1,1,,,,,,,,,,,
1790836150,9SSe89entupJKK7bZ8WbaX1YY5b78CGUaUNzfGonst9d,S23,6q5VjAAgUjYzjh25tPa93kAgzQ3vs4jvtatpXpMWcsyB,raydium,1790706317,30.91,31723.22,170038179,170038179,0,2.16,11.85,235.94,0,0,1,0,8,0,45,35,,0.03,0.15,1.65,0,2,1,1,CLMM,,,,,,,,,,
1790836153,J87P1JJmGQSV2CdWx5cw8qKkYacoN7i1jmgmjfZUpump,MrBeast,FQCryTPGHq6EKCwAexDY9JzsYjeAGiCMqAYNfABGQB9N,pumpswap,1790721838,0.000002101,2116.92,2092,2092,0,0,0,0.05,0,0,0,0,0,0,0,2,,,,-0.15,0,0,0,1,,,,,,,,,,,
1790836150,9aqmJjCnnMQv42TXLk921ceUkN35nea2QP969n1caqjj,SI,7Nj7mBE7iVmjvnBHNvjgaz6G3ZktTHFNbf7aQDfZ7iNR,pumpswap,1790721877,0.006382,308968.78,6197242,6197242,53891.82,1072822.11,2481344.96,17450482.06,178,275,4214,3490,12274,10123,84798,65103,9.5,-7.51,31.32,1468,0,1,1,1,,,,,,,,,,,
1790836152,DtFkKBC3Cmi9j3SxBGRUd8gvBLw7nAasrvUJFB69yubM,SI,FFwYzQCxhGGeARtyDr77nsCHbXqSnKd3neUWKLaanwdc,pumpswap,1790721534,0.000009403,8388.52,9244,9244,0,901.17,1964.26,27048.32,0,0,6,8,13,33,262,334,,-23.02,-20.49,-43.7,0,1,1,1,,,,,,,,,,,
1790836153,J47Jmw8ndwu6Vt6ZubD9C9VUVHi6uWsBE2XPsEjmpump,FKCANCER,GmidegQQZSu1GqxQKLmANEzEbHGCri86M2iQhY2ipidV,pumpswap,1790727007,0.000003281,3319.66,3185,3185,0,25.12,1384.94,58159.5,0,0,1,5,23,73,1260,1426,,-0.68,-49.01,-96.79,0,2,2,1,,,,,,,,,,,
1790836149,6e8LLHkqCTa4mzGuL1PoUxSfeHmDeceJ3DaJSSUNg937,ARTHUR,Ftejc2f8dKL9q9RmrtTen6aXPhNdbr8dvNvDbEx56p3H,raydium,1790725047,0.001306,112762.01,1306501,1306501,1337.62,23098.21,330609.91,2207773.27,8,7,126,107,1564,1314,9986,8925,-0.13,4.87,25.17,-2.13,0,1,2,1,CPMM,,,,,,,,,,
1790836151,Azjiz2uzEDUzUCgkVfoY2e3dwmCvkVLs3UymURppump,XSCAPE,4W7q2pZXS4wgqZrx4cC8Zf2L8ibj3UBxGeU375rZeRFw,pumpswap,1790728093,0.000004022,3733.2,2941,2941,0,0,0,13.71,0,0,0,0,0,0,1,6,,,,-0.79,0,1,1,1,,,,,,,,,,,
1790836153,NFLX7qV57zuVxCoHy3s1jiGZyALraLNwttbxdvmYJLJ,NFLX,5QgXfdEtmJhEMhLbNDdrP2KLcEMb9Tosf4fUTccddixR,meteora,1790714189,69.81,16611.69,396908,396908,0,4465.8,46516.75,532638.93,0,0,21,9,199,214,2010,2786,,0.02,,-0.9,0,0,0,1,DLMM,,,,,,,,,,
1790836151,DHtja2SZXbgLi3Xm35wtPZ6R6dyMoTRi7b8UcDhmpump,SUPERARTHUR,ANXTUKmgmzVypy1hqnKWLQwz7F7CWt3aKvv25VB6TBc7,pumpswap,1790727783,0.000002345,2543.29,2302,2302,0,0,2.1,2.56,0,0,0,0,2,3,2,5,,,0.08,-1.65,0,1,1,1,,,,,,,,,,,
1790836153,Uh722GCeChAY7EgbGFMhK9TX1SMsUuYnMpw42Bnpump,PUP,6AQrtVqCtWTdKiZ8N2pT2mnpgFmUSngxajGZhFzo17G7,pumpswap,1790737298,0.000003326,3209,3120,3120,0,6.93,266.82,6343.14,0,0,2,0,4,7,93,101,,1.76,0.33,8.08,0,0,1,1,,,,,,,,,,,
1790836153,HoozTija9nnE2ox1neimmMtnGn4DgbnkyySKgRMupump,SI,3obx1ghyX3yj9x7XSGw6KzfEsfADGAoe8zgLvxgtqFJA,pumpswap,1790739079,0.000002590,2593.25,2491,2491,0,0,9.49,280.04,0,0,0,0,0,1,2,21,,,-0.32,-16.29,0,1,1,1,,,,,,,,,,,
1790836149,4UWwX3MknFzvdsy4YxjzE5y3WZVQpn7aHU6qxUqaSTNK,AI,9R9dKVv5VVLx8PFQywwx51Z3ux6bxD3r5QW3bHJW3cTR,raydium,1790734238,0.000002618,4973.09,2618,2618,0,4.36,2008.67,2980.31,0,0,1,1,23,22,32,75,,2.37,1.38,-25.84,0,0,1,1,CPMM,,,,,,,,,,
1790836152,E3x7rY6P85ud6WsP5vUCrfTE7e96mrsCHqRzYWcUes86,TRENCHDOTS,59M6PvDv1vvPTCHpZHZPijVX8ug6wk5SFgTgRqxzkgMm,meteora,1790736363,0.0000000004005,0.7,,,0,0,0,0.01,0,0,0,0,0,1,0,2,,,-3.21,-3.21,0,0,0,1,DYN2,,,,,,,,,,
1790836150,8vBkawVRajyfPek5GzAjcwTAa4C83zWcTU4VfHmxek42,ARTHUR,A8FxMvnhCzPdRVLkLgLjpeXH7tKth1jMHStM9iFTzKxS,meteora,1790736321,0.0000000004485,0.78,,,0,0,0,0.01,0,0,0,0,0,1,0,2,,,-2.8,-2.8,0,0,0,1,DYN2,,,,,,,,,,
1790836150,8avX517abyeyQe8uv23TBEhBQtJ52P9BQQLdEpSkQ8iB,PRICELESS,CSW5RSZ6ZBdriJrBkHNm5BinXq8wrMPA14vkUJyPLr2A,meteora,1790736319,0.0000000006339,1.1,1,1,0,0,0,0,0,0,0,0,0,1,0,2,,,-1.47,-1.47,0,0,0,1,DYN2,,,,,,,,,,
1790836153,FutN7pjfoJjEsfRG8BMtam2jtWdbg2up9HMa7dYwpump,Mitch ,5DSATobDv9idz7YQCenTUZeC3rwxTSc8LTttYr47zGfF,pumpswap,1790735885,0.000002929,3643.96,2852,2852,0,0,0,8.37,0,0,0,0,0,8,0,32,,,0.55,-0.15,0,1,1,1,,,,,,,,,,,
1790836148,47UZ1hDkjQ6qhReE1oD84cj24m2eXCK4RwXevWyZWJJy,GTA 7 VII,A3zdnfPk1igKc3x6Tn7H47LLd4kPQQXoTpsA5zeDJ2E3,pumpswap,1790736128,0.000002113,2126.15,2102,2102,0,0,0,4.92,0,0,0,0,0,0,2,1,,,,-0.03,0,0,0,1,,,,,,,,,,,
1790836152,ETneXyW9cy26bqTQ2Y38Nj6JUfKmzM4pwwqi2VeDpump,VeilPay,HRgttKGffKurPHEoRDguCeis4piS9gXkqe5sxZVcXshh,pumpswap,1790755322,0.000005321,4590.32,5032,5032,0,41.88,183.28,58097.24,0,0,1,2,6,25,861,948,,-0.42,-3.02,-89.11,0,1,2,1,,,,,,,,,,,
1790836153,Fba1XgGz8t44FAGeqrXFMkPVfjsWXG6eLnrAJECnSTNK,SLOP,7HzYi61Zrb8VXUr3o6dMB3ySqNif2exQtxpky3c9BaqQ,raydium,1790742843,0.000002906,4943.11,2906,2906,0,0,109.49,1339.3,0,0,0,0,2,1,18,37,,,8.09,-9.27,0,0,1,1,CPMM,,,,,,,,,,
1790836152,EDETAdjB1N8AARfoWWTwxeUJiNFjGAEhBv1JBePnagoh,POTUS,BoEM6zfdAKAXGMF2abSqYvJLk5jbC8RwV1Kr4ViBehr7,raydium,1790739633,0.0003923,68970.01,392378,392378,1236.23,18460.29,132894.26,2881025.3,4,6,96,85,895,820,17810,13116,2.11,9.41,27.73,1.97,0,2,1,1,CPMM,,,,,,,,,,
1790836151,CrJMt64s4P84ofhz6cGek9985fb8vQv7UhKRTVr9aK8r,enu,FQMwjPus2jSjpfvaddrTsz35x17ftUZ7rKhT22xgwXBC,pumpswap,1790741412,0.000003785,3610.24,3571,3571,0,205.24,390.88,17127.03,0,0,0,6,3,19,236,313,,-13.01,-15.93,-63.6,0,0,1,1,,,,,,,,,,,
1790836149,5SzKuVBmGsfHsU9vqicDk4RY1EawVMQhGERspD8xnYnD,MIM,2gjs7AptRJMebiN6aB4zDnhQN6MhEKVkcA25QC6GABsq,meteora,1790743393,0.0000000006355,1.1,1,1,0,0,0,0.01,0,0,0,0,0,1,0,3,,,-1.53,-3.43,0,0,0,1,DYN2,,,,,,,,,,
1790836151,AX8JAvfaaKZaBGpwZe7uNbKWd6oUTRprcSvq8tBhcoSb,hSEAL,4fN8CdGQF6CxCUEaMTorBmgwcJzY9qw69XSNpza7RY3X,meteora,1790743481,0.0000000007440,1.31,1,1,0,0,0,0.01,0,0,0,0,0,1,0,3,,,-1.14,-2.67,0,0,0,1,DYN2,,,,,,,,,,
1790836152,DmUJmZXVqPzUV8Y2HHWy7wK44KiMh9qRRzepgfyVpump,SI,6PwA2PEwEEahCqzwyjYY5K3nUky927cjKrrkZ8c4EcN2,pumpswap,1790743370,0.000002128,2157.34,2114,2114,0,0,0,45.88,0,0,0,0,0,0,4,3,,,,-1.63,0,0,0,1,,,,,,,,,,,
1790836152,ExudY7cnruWoUe3dpcpbgpnWiUKZwEzGsKhC9rHW6rk6,SLOP,arCf9WBPmuQWJXJmCAzpEeYvrtiqqF8RyVhXFyWkz89,meteora,1790743264,0.0000000004452,0.72,,,0,0,0.01,0.02,0,0,0,0,0,1,0,3,,,-3.95,-7.18,0,0,0,1,DYN2,,,,,,,,,,
1790836152,DnC4X2axdTNZLofsap7r6EwR6YGEehxfw5t5RcR8qGnH,iPet,8KUWuSnGP4FKhKZXmGLT1DL9gYKBX3dZa7uaHNTTvwWd,raydium,1790743306,0.00001503,11983.18,15034,15034,5.07,261.81,4487.84,120799.41,1,0,8,6,24,49,1095,1002,0.17,2.53,-38.32,-70.67,0,0,2,1,CPMM,,,,,,,,,,
1790836153,PfyCGMFxHbMVbjYDb8ZRWF77LNSZFSEwMsjEvb6qH9m,iPet,A1C11PSwfrnSZV5jKUFELtLraCZHfrGsow6cJ5KS8ZJy,meteora,1790743125,0.0000000007055,1.15,1,1,0,0,0.01,0.01,0,0,0,0,0,1,0,2,,,-2.6,-2.6,0,0,0,1,DYN2,,,,,,,,,,
1790836154,bsVFNjW9znB9LnWDXf7rQW9Bv7SXV1gqDRneZ2kpump,SI,AvU4CXfounqvXqyzBJP4VAbDeq1iyP5yojvRiGBnqyJE,pumpswap,1790751350,0.000003237,3174.98,3128,3128,0,342.82,725.44,279045.66,0,0,2,3,16,16,2909,2576,,-17.58,-12.68,-93.24,0,0,1,1,,,,,,,,,,,
1790836150,7hGwu7u8X6Bb88B1eGYKWbTsUiWtpmBLQ9YQ1nxFpump,ASI,8AJRg5oJrbABfjNrtUFkKcELLba9S1Zxkkk21yEu5jUe,pumpswap,1790750034,0.000002520,2591.96,2479,2479,0,0,205.27,372546.96,0,0,0,0,2,1,6160,4530,,,4.35,-97.06,0,1,1,1,,,,,,,,,,,
1790836148,3sL58KKh2QdNSfN9VRz8bHGGU5zStdfManVHCTkhpump,PI,HEs7k4Q6pFKWx5ExpFvxfowoe4YaAfg7ZApeJdbGtPKD,pumpswap,1790749673,0.0002648,55225.76,255645,255645,361.41,28193.96,155745.49,3181782.11,4,6,144,137,1024,768,23171,15977,-0.03,15.89,84.97,284,0,0,2,1,,,,,,,,,,,
1790836152,DMCVA4hfADjZF9ctYxn1xk2Fj2Aakz3EnM5M2SQ6Hkdt,Hijackinu,H2oJwHCGcMFx7ntT9kZPhknPPyjddwJojUn9uUBsivA3,meteoradbc,1790750830,0.0001265,,126599.2,126599.2,0,0,0,13404.21,0,0,0,0,0,0,251,354,,,,1029,0,0,0,1,,,,,,,,,,,
1790836151,CwgRssVKQFZfTFKungKz5Bgme2x4qDAtGWyFmg2LWqZw,TRENCHDOTS,HSR8n82tCJTp1rmxEcttKPELqR6zhQLgJeTM9imWbgHj,meteoradbc,1790750879,0.00004485,,44854.15,44854.15,0,0,0,15433.56,0,0,0,0,0,0,301,356,,,,190,0,0,0,1,,,,,,,,,,,
1790836150,9FWe3e6X6vLCvmWfB42tGxCuWmwj9kvbtH5bvGvmpULV,PI,46fRmxkth4wbXCNignqWjwAvTdBVbyM9rJLyxUztJnp3,meteoradbc,1790750837,0.00006420,,64201.38,64201.38,0,0,0,6863.49,0,0,0,0,0,0,165,188,,,,56.85,0,0,0,1,,,,,,,,,,,
1790836153,GnFRtt2GdZnfE9Xm33NfsTFt6GL1vaUSRsssa6z1n6YS,TRENCHDOTS,6GMuLoaETAFxQRM6u4t55gCvGtVewUnmtK3ySRVrWxfq,meteoradbc,1790750756,0.00004570,,45702.54,45702.54,0,0,0,11730.96,0,0,0,0,0,0,244,290,,,,195,0,0,0,1,,,,,,,,,,,
1790836148,3wnEDmZK3hLSehJ5sFudFE8rRZNSJRRfQVKYyvJCYtGh,HOOKPAD,AEWNZtkQkSNG7icrNdeF4YyLcdUYiAdT2N9TLrPqMVa7,meteoradbc,1790750848,0.00005699,,56998.4,56998.4,0,0,0,3260.68,0,0,0,0,0,0,74,69,,,,216,0,0,0,1,,,,,,,,,,,
1790836152,FJkKwSrxo3xZGjtda8VxEJat5HG4sbBge5Ws6Lyrpump,奶龙,ChdDiJVkhjkhQNdoFdjQxro4qmUmCu9zWnbE8eY9rtr3,pumpswap,1790749907,0.000002104,2129.54,2104,2104,0,0,0,133095.57,0,0,0,0,0,0,8803,9619,,,,-95.73,0,0,0,1,,,,,,,,,,,
1790836151,DDUcJNVYVbXFhG3iJQdDaUs4odFZ8x35GxTAYGDaQxQv,pekechu,BqbrYFnV4xSeF132pGRDw7MLEmP68vUhXhyqcUSxiHHx,meteoradbc,1790758095,0.00004324,,43248.94,43248.94,0,0,0,9441.6,0,0,0,0,0,0,210,246,,,,176,0,0,0,1,,,,,,,,,,,
1790836153,GbSjjVfS1obBDYUK6jeT7r6wBk5k5G2RUMGsjez3pjNw,pekechu,4cLhxnvGQu3cDWE4d1tYzcp12AQrb2JLbgWtAjXnjS1S,meteoradbc,1790758169,0.00004509,,45096.2,45096.2,0,0,0,17187.15,0,0,0,0,0,0,386,431,,,,187,0,0,0,1,,,,,,,,,,,
1790836149,5g7x5tq2KE8T3ZsZBHcgvA8phohcciJsLku3BqG9pump,fight1073,95VgiUG9YXsUvnRtUFPGKnXfY1j8GauknTsHRXR6TB24,pumpfun,1790757460,0.00004844,,48446.88,48446.88,0,0,0,10022.98,0,0,0,0,0,0,7,0,,,,1368,0,0,0,1,,,,,,,,,,,
1790836151,BuXkyz4FJRpdh3jTmLYYAZUffqXt6w3J2LgfbRJzpump,Grail,7zto6sEiUSGQbGXhAXSGT5987qbHqC6hU4a2RcUuGaEB,pumpswap,1790757846,0.000002766,2794.48,2661,2661,0,7.53,27.18,320628.98,0,0,0,2,0,11,3999,3652,,-0.31,-0.88,-94.21,0,0,0,1,,,,,,,,,,,
1790836150,82MP84Vjfxd21VHup3jjfJFcsr8SAji9MHy7VHCeSTNK,CROOK,4xBbEPDybPz2Pn5wUyte271C6rt1vvLosHWvQW3QzHxh,raydium,1790771243,0.0001298,36837.76,129841,129841,125.22,9071.07,118785.57,2385507.33,8,4,122,45,948,504,13401,10257,-0.84,-8.86,-49.81,173,0,1,1,1,CPMM,,,,,,,,,,
1790836150,96u17tapbFpuob6QzF3hUwseJ92PZfheachP51Vxpump,ㅤㅤㅤㅤ,oGHDtWqyp7vhLTJkKKN5Wa2BMq7dFgVpLC3XqUHkDRo,pumpswap,1790770499,0.000002684,2706.08,2570,2570,0,0.02,22.81,247149.71,0,0,0,1,0,8,3512,3077,,0.38,-0.97,-94.45,0,1,1,1,,,,,,,,,,,
1790836153,FUuH1aufXBQQwUJGQPErV9Pa7d1dvv4iuRhrf1A3fvR3,terrafying,56cvMnUZnZzVDa4c4bWctU1sMDiKApdFuDLXS1r5Q3Jv,pumpswap,1790765922,0.000006704,6409.8,6514,6514,4.85,569.74,3514.76,2608334.52,0,1,9,15,62,94,17716,14978,-0.02,-0.32,-18.99,-86.53,0,1,0,1,,,,,,,,,,,
1790836148,2e7TzGXZfJ72jxviM6kxqWVbH3dndh2TrHzwg3cZpump,Pain,GeHprCgwQrbWS97e4JZQZwBBHWy7zJtqx6ijKoeCorkQ,pumpswap,1790769450,0.000004016,3745.39,3795,3795,35.8,153.22,668.03,286257.84,1,0,1,6,7,19,3276,2735,1.84,-5.35,-12.17,-91.83,0,0,1,1,,,,,,,,,,,
1790836148,3bkpvrDMsd7ERrjhCB7gJPt6drDkTYgmbP9ayfCmzyGZ,ALTMAN,9MjgvcMtMzcgAcbaSCswwMaVTqx8vCwYnjN3fFFUz2Q1,meteoradbc,1790771039,0.00005748,,57486.65,57486.65,0,0,0,7833.43,0,0,0,0,0,0,192,223,,,,214,0,0,0,1,,,,,,,,,,,
1790836151,CL7wHcquRuezB9Q8rBBTmbR7c464aptg3AtV5pvypump,Google,8z44qLzEicmnkBN1NEiyt7wWMKfAQ7NGvFxzGph7aWsD,pumpswap,1790770603,0.000002154,2174.92,2147,2147,0,0,0,118863.91,0,0,0,0,0,0,4627,7801,,,,-95.67,0,0,0,1,,,,,,,,,,,
1790836150,8nh9t5MHFRyEWn5K9oUqx3LJayLMMHhE4BPdgno5pump,SS,9u54TeLYpmHQ3v1fdetkmjWQSXY8UmcLtAQpj9gPfaFg,pumpswap,1790770073,0.000002308,2429.15,2267,2267,0,0,0,432473.82,0,0,0,0,0,0,7268,5210,,,,-97.69,0,0,0,1,,,,,,,,,,,
1790836154,jJs5QB9X4paE5A6XsZg76ivsqieqJcUNTU2Zn5bpump,CocaCola,2AsXUHvKDsM7LtbSn1eUFo5S6D5tEzPfodPphnvJ3qs8,pumpswap,1790770425,0.000002208,2230.1,2176,2176,0,0,0,122662.6,0,0,0,0,0,0,17567,19541,,,,-95.55,0,0,0,1,,,,,,,,,,,
1790836150,7UAVwP31h7KZ3fy6wfx1poe264rwyi5sPVcG8vtXpump,ChatGPT,Akb5seqenjuWkSKJ4GUfPwDCGpNidifjo8khWSAkHU8N,pumpswap,1790770876,0.000002122,2140.09,2113,2113,0,0,0,77981.89,0,0,0,0,0,0,3423,6774,,,,-95.73,0,0,0,1,,,,,,,,,,,
1790836150,7BEWiqDzUKMcTRD8nKMbHcUivHmzkWv2J9St5HBEpump,EVEN,6ucxuwb2gzBK3PjWPSWiSLySFDPbpFX59a8aDrD5EBso,pumpswap,1790778348,0.000002484,2487.49,2315,2315,0,0,1.94,113126.15,0,0,0,0,0,2,1469,1457,,,-0.23,-94.87,0,1,1,1,,1790836228,0,0,0,0,0,2,731,852,
1790836150,6hatGWdZbBFuLuicNXGRDStqkGN9mAyfZBTkusUrjLoM,DOTS,TvqCrL7NPCW5sK2qWGLtSNaciB3E7gDtZijfVNZMVxi,raydium,1790776725,0.00001702,12370.35,17026,17026,0,848.44,10082.64,50467.98,0,0,6,3,93,38,419,359,,8.61,156,-65.45,50,1,1,1,CPMM,1790836228,0,0,3,7,31,54,241,233,100.0
1790836148,2PuJ8eLNWeHLhG5YR5SD4mNwkQGduBiW2CWPuYq3vUPy,FLOYDEX,3phDmoE4yJF5abDCHawnPQSpGex7MeQe812fAXqV2bG4,pumpswap,1790794690,0.000005614,4769.36,5131,5131,126.17,738.19,1286.75,27946.36,4,4,13,12,27,42,416,480,1.97,32.38,22.7,-86.84,0,3,2,1,,1790836228,4,2,9,9,20,37,199,335,
1790836153,J2ghq3D6c5R24SxwYzLWNaU1dbhDNAWg6UqLWmW7SX58,SICoin,286soaTukqzj8QNpnvho9FhycZVLrj1cff3PGjQ5M1gn,raydium,1790776582,0.000004398,5250.8,4399,4399,3.78,181.03,707.23,510187.93,0,1,6,11,29,75,5325,3970,-1.31,-2.38,26.08,-90.08,0,1,1,1,CPMM,1790836228,1,0,11,7,74,27,1812,2291,
1790836153,FU36e3gRF3oJUgef7Xn18JPUQRuN548S8PhL65rECaYV,SARKA,ALxHEmdDGZayJJVMqiL8ecm8rkRNH1wvJvoSj9kT8Tve,pumpswap,1790777589,0.00007725,23914.46,73416,73416,240.83,15638.18,86056.12,428910.35,0,2,126,99,586,544,4226,3536,-3.51,-27.7,52.46,55.64,0,0,1,1,,1790836228,1,0,84,72,279,290,1567,1560,100.0
1790836153,FiDaPTHLv7mXaP5nFR7GhPdvTQkWaHUwotoQWUwzJKLa,Fred,99k6VngG4g71tery1uKYMqASp3dRx5bDrdcc1GLZWagf,meteoradbc,1790778027,0.00005910,,59100.05,59100.05,0,0,0,10681.89,0,0,0,0,0,0,381,406,,,,235,0,0,0,1,,1790836228,0,0,0,0,0,0,176,167,
1790836149,6ETQ8Gvzind59JXBcj5XH8y4sGKLSijChDHfM2NRBmDy,SICoin,HnCrxptBATfjNKAFkgKni8TyVnZni5TL9WAuiCzTSaXy,meteoradbc,1790778117,0.00003548,,35487.8,35487.8,0,0,0,2018.05,0,0,0,0,0,0,34,28,,,,80.17,0,0,0,1,,1790836228,0,0,0,0,0,0,32,25,
1790836152,EyxcFnVpvw6vxRjvqiSkGcKT2R3j6YPJ9u4b6QZhpump,MrBeast,DEQVXTB1RftaSUab5y4RaXnA9WdvRqZndzogLzi67vmY,pumpswap,1790778066,0.000002107,2122.63,2107,2107,0,0,0,69580.15,0,0,0,0,0,0,7089,8033,,,,-95.79,0,0,0,1,,1790836228,0,0,0,0,0,0,1515,2128,100.0
1790836151,AnDrZSSzsFHJVGM3p32Jn5KXoqiXbbiA365WGfuxpump,FLARE,nxxeXqz1VPzW9GVrrbytX6Nv4yuFVobxHrp4DNQRhto,pumpswap,1790783472,0.000002412,2475.07,2324,2324,0,1.49,675.43,273954.51,0,0,0,2,3,5,548,836,,0.55,-40.19,-95.96,0,1,1,1,,1790836228,0,0,0,2,3,4,366,310,100.0
1790836151,BSEbDPjYB5XPVTDhSmL5qyYkfyw1Rz4cwpZYYJKPpump,INFERRR,2dfkviFwYzJamdWoC1u27dHGQyvspiXiwDJ1aMKaZSEU,pumpswap,1790784647,0.000002692,2669,2486,2486,0,0.47,3.85,73582.63,0,0,0,1,0,2,592,679,,1.08,-2.76,-94.58,0,1,1,1,,1790836228,0,0,0,1,0,2,345,407,100.0
1790836149,6BLbav5mMbuETvk4dBdm4BE7NL7yZeZdbd2krNmtpump,GLOBE,B8y9pzCC9hBAzoPaj9EDh3TtZk3Dy8AMLqB3PBtw1jEk,pumpswap,1790785614,0.000003071,2986.22,2655,2655,0,2.14,3.23,48707.61,0,0,0,1,0,2,527,625,,1.03,-2.62,-93.79,0,1,1,1,,1790836228,0,0,0,1,0,2,305,458,100.0
1790836153,Gu2bpydt5bHVHtko5vvsWH5KQUT3Wxvt6hzYvKdND6ur,si16z,Vptu7kbcUHWNHKSCw1Qn1MhgP9fqKmQnTAzTqETCAs5,pumpswap,1790784420,0.000005051,4740.13,4903,4903,0,22.41,543.29,882057.82,0,0,1,5,17,37,9437,8810,,-0.93,-24.37,-89.78,0,1,1,1,,1790836228,0,0,1,5,10,35,3218,3007,100.0
1790836148,3oARogngXJLFnSMSooDq3V3DLgthusQWeNXD7RE2pump,GrokSaw,ASCNoNrXxdr2xNVa47CG5BsMbkhRDN3hUf2gDwtPdttn,pumpswap,1790783933,0.000002678,2660.94,2546,2546,0,8.15,53.87,228049.14,0,0,0,2,1,9,3527,3085,,-0.54,0.43,-94.44,0,1,1,1,,1790836228,0,0,0,2,1,8,1587,1706,
1790836150,A8f6L4hMAe6EADayA91e7ZhAZrT76AsVvK5dXRRnpump,SGI,6BEszw9ysBSRyefUkEF5vpJdfyUTrV7iYoA8NfmzC1gP,pumpswap,1790783339,0.000002399,2557.85,2332,2332,0,0,5.03,511967.24,0,0,0,0,1,2,3365,3729,,,0.73,-95.15,0,0,1,1,,1790836228,0,0,0,0,1,2,1645,1729,100.0
1790836151,CJS2EN7zGiZhVAYXsHqdXQJvNk8niiH2ZR9oWcrNpump,Arthur,9MPbUqaHVN3QMEkDQS5PgsuKcbsUkygq4cVkE1jM7zjQ,pumpswap,1790783228,0.0001196,31958.31,117216,117216,555.53,21590.88,165978.85,1237530.23,8,7,146,257,1771,1433,10440,9759,-1.23,-29.27,12.34,142,10,1,1,1,,1790836228,7,7,115,173,856,743,3786,3399,100.0
1790836148,4JYXrbd8RyAQ9Jsh7ksphHvrkkCDPKimtcMYh3uhdzPc,si16z,CenAqn62Q9WjiAjDnLMzZsCvTWhoW8iL9x6mMF9HPq9b,meteoradbc,1790785416,0.00005390,,53903.52,53903.52,0,0,0,1971.21,0,0,0,0,0,0,37,18,,,,5.58,0,0,0,1,,1790836228,0,0,0,0,0,0,33,17,
1790836150,9vGNPwgqjpAJuu9654YejnctwJsV6Pe68aPXaT2Vpump,swordpepe,4bbSo5RpCn3NKXnMLMSJvoqyDL1ySsNioD3x3KGNz3BV,pumpfun,1790785441,0.00004917,,49178.25,49178.25,0,0,0,10174.29,0,0,0,0,0,0,6,0,,,,1360,0,1,1,1,,1790836228,0,0,0,0,0,0,6,0,
1790836148,3udscgoKmgJofxiUYPtnXBsgxxBP8brB4jtG6sBni5sc,DAN,7itXShSXCByHf4LV379tVNTHLvZASs2T6sP6Psfb9Mig,meteoradbc,1790785431,0.00005611,,56110.76,56110.76,0,0,0,2978.99,0,0,0,0,0,0,82,72,,,,219,0,0,0,1,,1790836228,0,0,0,0,0,0,61,54,
1790836151,BizeLNXEQjrTjmtQbNA6Qi22h5HKQe9Gjwys3ZkT1Nc9,ELON,Bq6qtrFcr1GdVhmZYCNKBBi9oeN1MTvET26J66zf9giT,pumpswap,1790789710,0.0002560,53079.24,246799,246799,3682.18,31574.87,167468.15,2084390.07,24,13,245,156,1191,906,16734,12001,1.82,0.67,13.19,328,0,0,1,1,,1790836228,15,13,144,122,509,537,3689,2830,100.0
1790836153,JCX5nDG99k1CWB9AttJ3U57NmjSgnCoagFaZhqfEf7Ah,BANDIT,6L2q7ZrUQCzUBm7RHV2w336ZCVVrVGqA6z5oNmQmUidP,pumpswap,1790793667,0.0006559,90798.49,652601,652601,1723.99,89641.6,606459.91,10032060.92,22,20,540,564,3941,3995,59165,49181,3.4,-2.02,212,1234,0,1,1,1,,1790836228,17,17,305,370,1917,2064,15955,14074,100.0
1790836149,4wkmgCy5HLjShuK2W5RUbhgGFzbHN9qopEGM3FUGpump,SIT,HXkyMC9TxgMdWFJWqoim1GWUP4nfLYRAT8oaEoqYASUa,pumpswap,1790791529,0.000002361,2487.79,2322,2322,0,0,187.99,556784.62,0,0,0,0,1,1,9013,5742,,,4.22,-97.26,50,1,2,1,,1790836228,0,0,0,0,1,1,4529,4505,100.0
1790836153,FgjwkSqMK67Ypxikxvm4PHzyHiSXAcDfuXWqZLey3ieN,AI,8CABThxZMhWLjh4usvcUbNNh6X9HVnydNaWR793s9Kzk,meteoradbc,1790794181,0.00005826,,58263.47,58263.47,0,0,0,5671.34,0,0,0,0,0,0,210,202,,,,33.79,0,0,0,1,,1790836228,0,0,0,0,0,0,137,130,
1790836149,6a7pzJRWEsdnFU7U5mq8wuqvkuRmxX4pSVmueZj9D83T,BANDIT,vQDtKTKwAB7wThoVa9eyXQgmMGMdiWPhUqcsMeUhfKL,meteoradbc,1790794265,0.00005329,,53293.77,53293.77,0,0,0,5713.73,0,0,0,0,0,0,306,293,,,,6.11,0,0,0,1,,1790836228,0,0,0,0,0,0,155,175,
1790836153,G98CWNR7hScbVHM3pmtjDw4mtrZpdT7DxkytvB6hWTA1,PEPONS,6ZUCfxqT4UASSvTpRdMoCEwsP1T6uxDhXagEyscyPM8q,meteoradbc,1790794178,0.00005789,,57899.83,57899.83,0,0,0,7657.37,0,0,0,0,0,0,298,308,,,,32.95,0,0,0,1,,1790836228,0,0,0,0,0,0,153,143,
1790836151,AZXVHqb17yLHv6AMdJsAa4NEpseGYBP8a8reSCZbpump,Grok,5DuQ6qp3Zfn47qmL5QyNDM9E24R7qvrhhFjUcvNiXGbC,pumpswap,1790794287,0.000002188,2198.22,2136,2136,0,0,0,46867.26,0,0,0,0,0,0,178,1871,,,,-95.55,0,0,0,1,,1790836228,0,0,0,0,0,0,145,1836,100.0
1790836151,CE9u77YGea7MsWK2cXMEcSE8Gpp3dbkWWd8iG4eMpump,inuvestor,EEENNP8xw1W29tfJB2YCjXW1ZS2pjTdqfM7KccixK4Jt,pumpswap,1790799607,0.000002628,2651.98,2524,2524,0,0.42,39.38,157751.17,0,0,0,1,4,6,4904,3886,,-0.48,-1.6,-94.62,0,0,1,1,,1790836216,0,0,0,1,3,6,4223,3314,100.0
1790836153,FTa2QkKrc1oSkLciZCMS1o6zpRB1L8TZVkiPy56VQX4u,TEXTR,57sTxsma1pbg85XfjZiqpUrbnVbiBoRBsSMrybSpsc4u,pumpswap,1790799059,0.000003198,3128.47,3060,3060,0,6.92,60.42,177394.86,0,0,0,1,2,9,2393,1778,,-0.18,2.19,-93.11,0,1,1,1,,1790836216,0,0,0,1,2,8,1021,1025,100.0
1790836150,6weQ1xmYGVDnCe2R3CdRDX5BvXPDg4G2TJhABa8Vpump,DRUG,9ZDCPk4UifwASL8siGtXPmRhhCih8PrF1brDpttnLv3n,pumpswap,1790798383,0.000003897,3670.18,3504,3504,0,2.37,129.34,213317.06,0,0,0,2,2,18,2282,3220,,-0.02,-6.5,-91.78,0,1,1,1,,1790836216,0,0,0,2,2,16,903,919,100.0
1790836149,4Xfph5jWxEj3zzPTsDNPJtJbf24LizaqPQGohodJZ1PV,Quamfy,He5LqnjT4HMgdj4gxMCbCJAhfUZkU2zf9aPkKWgjTb3g,raydium,1790797811,0.00008398,27910.75,83981,83981,89.57,5359.12,67492.37,1545257.39,1,1,54,32,492,436,9477,8614,1.17,11.5,88.28,68.33,0,0,0,1,CPMM,1790836228,2,1,29,45,225,222,3142,3509,
1790836151,C2HoCAu1nDhV4Zi3ySpez9HXzG9PwMnVLLRTrNzr4NdC,SI,3BF2Au4L4zv7QhRkkXMas6Xs48mYHqMDqytC7UAWjRW9,raydium,1790794984,0.00003852,17956.85,38522,38522,0,0,9441.6,125709.95,0,0,0,0,413,414,1246,1298,,,0.02,-23.39,30,1,0,1,CPMM,1790836228,0,0,0,0,83,87,242,242,99.999999989323
1790836148,3rG2YyNY9py43BKgASfshThdLCjwrT69e9UN9dFGtRgc,NOKO,BZSU7tHnJbvycFvhuZ7rQXQjW3LoUHxYAv4TTR1j2Yrv,meteoradbc,1790799597,0.00005291,,52915.69,52915.69,0,0,0,3475.54,0,0,0,0,0,0,165,148,,,,6.11,0,0,0,1,,1790836228,0,0,0,0,0,0,118,129,
1790836153,GjrhXcr8YzUZBbu5rifdqM5CPBS4LFJveq3ZiY2u3g5G,Meridian,6xLfdSfHgxHSLgFt58BTv9z35qsGbmpqLdMU2FwsG2Tf,pumpswap,1790799213,0.0004374,65482.06,420979,420979,3026,33647.66,723804.67,3329041.5,26,24,309,436,4629,4423,23637,18674,-2.06,-15.09,-0.22,806,0,1,1,1,,1790836228,24,11,215,218,2091,2028,7812,6366,100.0
1790836152,EtnVZjvrZwcU5AL5p2y5dHR845U3fWs2DjQbmDG4pump,MIT,9WCasM6maveiCYqqjn9bmjZpBLwTCmnqwV9eRVm4ZjES,pumpswap,1790799140,0.000002088,2105.18,2088,2088,0,0,0,80550.31,0,0,0,0,0,0,4175,7867,,,,-95.72,0,0,0,1,,1790836228,0,0,0,0,0,0,408,2270,100.0
1790836148,2y4vg5Top1BYYQ2xiEc472xQ2Q6Bte31Cya8LyHCpump,RIVAL,8Z6MCjzD62SaJhpMejMZCNDzEFcRE5XXHCKmGQhy5g6C,pumpswap,1790800289,0.000002370,2366.75,2236,2236,0,0,997.16,89332.09,0,0,0,0,19,20,392,516,,,-0.33,-95.16,0,1,1,1,,1790836216,0,0,0,0,3,4,263,316,100.0
1790836148,39eBixffUCh2GqF8sEE9fZ1rqoeP2HxNsstN5X5ppump,AHOY,6X2DJ4sAq6fYkUwz2Q5PWEJ4KfSUqzcUD5WRhmTV9zD4,pumpswap,1790799673,0.00003771,17417.86,35743,35743,0,66.95,5033.67,104123.56,0,0,3,1,88,60,1114,842,,4.99,11.12,-32.12,0,1,2,1,,1790836216,1,0,3,1,54,34,144,116,100.0
1790836150,8nSQRjqWKuLYfLgdvYaYm63hBoiKSZvGqN7yVaHMfc8q,Qubit,4pw33MzUncQx9EejM7veokeXayx5RNb7nzBE71FUnMyQ,raydium,1790800727,0.000005972,7170.02,5972,5972,189.53,546.95,2237.95,279719.7,3,0,7,8,27,39,2191,2037,11.31,5.32,18.68,-86.27,0,1,1,1,CPMM,1790836216,0,3,8,6,39,24,1047,1047,99.999999987984
1790836149,5HEe8hq8KcU8rvKv7U5YQ7qZndZkijUcgJzCjMVS2Unb,DEADGUY,CLn6Vf2zbgWdx4j7e6s414E2RfnTG66Z4GbV8jeHz8v4,pumpswap,1790802520,0.000002414,2414.22,2331,2331,0,0.26,11.88,39203.96,0,0,0,1,1,4,399,1725,,0.27,0.78,-95.03,0,0,1,1,,1790836216,0,0,0,1,1,4,301,377,100.0
1790836151,B7yfFFkX4NtxtQwGdegi2DuaVssitc3FGpqF2pxUH1zM,PUMPKINU,5YzMhNDv7X6NCyxoF2HvRGw55cs7x2cjNoRpoHFn9S5o,pumpswap,1790798075,0.0002861,49331.21,282123,282123,48.83,3805.38,66360.13,816996.4,3,3,99,112,1043,1138,3256,3858,0.27,-1.64,16.96,187,50,1,1,1,,1790836216,2,1,84,56,471,288,1472,785,100.0
1790836148,3Gaoc2AAgtSa4w6FQqVLmz8o1MD25t7Vfm5wcw2nmono,HOTSHIBA,CTKuberULrqDGopPtJFTuT73DEFGE49wX5HzS588u7uj,meteoradbc,1790801156,0.00004077,,40779.64,40779.64,0,0,0,2643.4,0,0,0,0,0,0,89,105,,,,164,0,0,0,1,,1790836216,0,0,0,0,0,0,76,77,
1790836148,21JktygSUu1km1Uos6yBkE6pizKBmCUnmDhaKBZbgqw3,Nike,F3AX1mKDUH8t2D5rnpmw1mA9yJBxpZi1C16J3dUPFhzr,meteoradbc,1790801195,0.00004713,,47131.09,47131.09,0,0,0,7818.86,0,0,0,0,0,0,422,460,,,,200,0,0,0,1,,1790836216,0,0,0,0,0,0,193,180,
1790836149,5u4PumfL9ceeNXHByNjBmzoAdvmarR4J4MdzUSKiAUR5,SI,DjnBDzuPhKdhEEx3ZFGjrR6PScpVtzgtsEhBQ2yMuirx,meteoradbc,1790801182,0.00005306,,53069.08,53069.08,0,0,0,4653.73,0,0,0,0,0,0,238,221,,,,5.94,0,0,0,1,,1790836216,0,0,0,0,0,0,145,152,
1790836148,3v4FdwQVLWKGepzX7MstykeJZkCfMaS6W6ASRjiKpump,HOTSHIBA,FhMsRGE5i734whpdCV5JmeDJET8CFCXDboPpRRujPvoi,pumpfun,1790800867,0.00004847,,48475.64,48475.64,0,0,0,10028.93,0,0,0,0,0,0,6,0,,,,456,0,1,1,1,,1790836216,0,0,0,0,0,0,5,0,
1790836148,2dTGg7tybAVYi81qg1ETfbGXKKGA77of3d8rBjKcE4N2,SI,z6yuzgMZNEAdjkG3zyDNPNm7BzXAkTRzXH5pT8PkuN7,pumpswap,1790801106,0.00005709,20601.36,56210,56210,18.42,695.29,16475.01,740743.71,0,1,2,7,156,138,4680,3233,-1.36,-10.71,-48.44,13.79,0,0,1,1,,1790836216,0,1,2,7,90,123,1705,1579,100.0
1790836151,BSgjBS4TuxsUNYjyqo7mLNxPrh12zTDZt2re2CLECUue,GTA 7 VII,D13ta2xWMHHhG25WHi3smUtqQygVs71wg3u1nrmQmjcQ,pumpswap,1790800721,0.000002087,2102.75,2088,2088,0,0,0,111609.02,0,0,0,0,0,0,8270,8530,,,,-95.74,0,0,0,1,,1790836216,0,0,0,0,0,0,400,2577,100.0
1790836152,Eq8yd78WXjHKRksRpqzXUSDDdzwcV9mdjCBqThkqyY3q,INUINUINUINUINUINUINUINUINUINUINUINUINUI,6XP93srUjoeR3fyubi6ehRkNBoLDVUdnj2n1uNfFkgsG,raydium,1790800152,0.00001303,11073.96,13031,13031,19.21,331.07,8878.68,773619.75,1,0,5,7,102,130,5135,4481,0.69,6.24,-17.2,-73.3,0,0,0,1,CPMM,1790836216,1,0,5,6,63,103,2104,1975,99.9999999976034
1790836150,7SG8ap8SqDB1dVmJ9RZhXd3VBkbgwPitxt9Jhj4Spump,FORGE,E57PhrFybNQG6QZLwxAeu1t4Dzf59tLTbNhnJtLYzjhB,pumpswap,1790804855,0.0001260,30885.32,124094,124094,10.52,1073.65,15522.54,281878.98,2,0,13,7,122,117,937,1066,0.13,2.18,-1.15,113,0,1,2,1,,1790836216,5,1,14,7,86,105,513,493,100.0
1790836149,5CM4i8KJVew1tJJEEz1iFyCdUGh1WCLXJHsZFhEKf6H2,SI,5MguXvYfBqEWAnB2kQgCwxjQSjoaVp6MsRM3hzvx2TRh,pumpswap,1790805813,0.00003020,13852.67,25693,25693,13.62,3460.39,26542.76,125916.98,1,0,25,24,245,211,1604,1620,0.23,-5.86,82.89,-35.81,10,0,2,1,,1790836216,1,1,19,19,119,111,746,906,100.0
1790836152,EWhwKSyEAYcFZoY3CED9qyvTsA8pzGJrFCCZxb5jpump,SFAI,Hmqh9W75WpnsYhYGnkeZMY9M2fhMzPvdUixLoGjxgz52,pumpswap,1790808018,0.000002699,2675.18,2442,2442,0,4.26,80.94,85712.33,0,0,0,1,0,4,589,545,,0.18,-5.43,-94.45,0,2,2,1,,1790836216,0,0,0,1,0,4,283,318,100.0
1790836152,EMdFVxBzhkYGENzqTmnuAStJoLp8R42R6VupnRGApump,GNUT,7F9hPnDxZAgpSqNZk91wtoGSRXiRG1meAYyzNNULtCKz,pumpswap,1790808408,0.000002998,2953.88,2799,2799,0,23.5,352.45,114665.08,0,0,1,0,11,19,1203,1566,,2.41,-13.63,-93.63,0,0,1,1,,1790836216,0,0,1,0,6,19,618,779,100.0
1790836150,9hde9syQu3e2yWtfnSjgoopAxwSEjQfzoDpsTMZaH5jv,hiku,4wXjTfniw5GKzvbWinzMDqcCcB9EwkjwCvZtVCFF5ZCD,meteoradbc,1790808420,0.00004269,,42693.58,42693.58,0,0,0,1414.29,0,0,0,0,0,0,45,52,,,,153,0,0,0,1,,1790836216,0,0,0,0,0,0,39,44,
1790836151,Brrz82VXgh7sTKem6gqkwupc1dZbWbXQXry6ps1Gpump,Flight69,6yJodH7gdyLjTSGZy6uCwy7R6E5b5uDY3pTxM6xSnauk,pumpfun,1790808378,0.00002113,,21130.93,21130.93,0,0,0,854.1,0,0,0,0,0,0,35,29,,,,532,0,0,0,1,,1790836216,0,0,0,0,0,0,3,3,
1790836153,G6V1bkkLcXW8Vnu1GXvd4ceUoNN4pctcfQgdfhWY6xjc,tail,Bhikpggt9Z4ugHbyDyQMPYTMTREsUMgTaxHRk7Wpihg3,meteoradbc,1790808387,0.00004693,,46930.81,46930.81,0,0,0,6583.95,0,0,0,0,0,0,214,221,,,,198,0,0,0,1,,1790836216,0,0,0,0,0,0,150,144,
1790836148,3L27XJ8Yv5MH7xJCrKNgU7EJSaKQtG4whUqHsJZQpump,20FOMO,AGkDTXdpM3MramRCfySPAW45Ud6R5mXTBkMAwTe7R5uR,pumpfun,1790808247,0.00004867,,48676.97,48676.97,0,0,0,10070.58,0,0,0,0,0,0,6,0,,,,434,0,0,0,1,,1790836216,0,0,0,0,0,0,6,0,
1790836153,FgnP3f328UvwmbQBG2vABSwZJQRS7ypkqtYGAHVRpump,tail,65MfAJyt8UKNJc345eEV1BpTqhHnTaw9hTFrJkLdzPY9,pumpswap,1790808461,0.000002566,2629.6,2482,2482,0,2.05,184.92,302404.29,0,0,0,5,3,31,3984,3556,,-0.29,-9.93,-94.88,0,0,1,1,,1790836216,0,0,0,5,2,31,1599,1701,100.0
1790836153,HpTHwN4Bqu9BCqJdGybKtSxSnRtsoLL8yZqZE6Q3pump,SW,8pL1zYUETujg1GHMGn21J9gUcXZHrnX1Kczz2DHfPiLG,pumpfun,1790813475,0.00004843,,48438.66,48438.66,0,0,0,10021.28,0,0,0,0,0,0,7,0,,,,1368,0,1,2,1,,1790836203,0,0,0,0,6,0,6,0,
1790836151,BZERM5ET7txBTK4mM8pA3fph64marhkvTGEXiwM3pump,CLM,GPB1BYWPJShRr6V8my1DFYRZAPzrdGBCLmHVH7SH8P8w,pumpswap,1790813803,0.00001851,10632.17,17434,17434,1463.93,4975.9,313828.35,363579.06,17,11,91,50,3060,2294,3477,2706,-14.11,45.17,-56.29,-61.81,0,1,1,1,,1790836203,11,7,40,35,968,888,1193,1070,100.0
1790836150,8kVuY7Yir9NLaai9V73ZejscWdJ9q7aczidLtr38oL4r,Collateral,84EGAwMQhs4Jnz3dEdxvVuk3fPD3g5qA8zyskPTZkRMZ,pumpswap,1790813443,0.00001790,11752.42,17633,17633,15.27,5789.57,1339177.36,3250562.31,2,1,67,78,10876,9647,22230,20892,1.49,6.06,-96.81,-63.11,0,1,1,1,,1790836203,3,4,55,70,3197,3734,6804,5888,
1790836150,6mF3wKGm377EFN8Jxm1mPUk46rnirNu3jASSvp3sBg6u,Chunkee,54xnep45xfFBkaPweHLi3kpg348cNR4UWmD3Ax7Ric5z,raydium,1790262291,0.00002267,14437.72,22680,22680,0,0,2950.58,12520.83,0,0,0,0,12,16,73,83,,,-6.43,51.21,0,0,1,1,CPMM,1790836203,0,0,0,0,15,12,53,58,100.0
1790836151,AqYdSQ6oFq8HjLoFkvHW6kYcRM1p94Q1FcvGFxDfpump,SIS,E7UkvNaWaKcWRZVpM7LZDYHYu3XjmXrzVgw4jZCB7yG8,pumpswap,1790811661,0.000002385,2559.18,2344,2344,0,3.67,44993.51,893736.09,0,0,0,2,1282,4036,11675,7522,,0.92,-98.79,-97.21,30,1,2,1,,1790836203,0,0,0,2,597,3868,5367,5344,100.0
1790836149,5kgkCxPvkfVHUVVf1Dh8mMJ7XuAzEkftSEZ1SdBTpump,NASA,J9TSBvrsMjPVJxL7G2kusMDaRLu2JFyzb3LQSUfXXTao,pumpswap,1790814536,0.000002393,2410.4,2381,2381,0,0,124891.35,142718.18,0,0,0,0,9357,12194,9371,12194,,,-99.36,-95.13,0,0,0,1,,1790836203,0,0,0,0,2501,2371,2501,2371,100.0
1790836150,9g9HAQ2zE3UhLVN7cbUhchCzqPszdij4PGgUDvK29Xui,Pengpeng,8qtBbMwVprFNk8perP3R1cBq5PMw4kaiG38isGeMyVWk,pumpswap,1790814670,0.000003843,3589.95,3121,3121,5.1,220.56,81249.71,81249.71,0,1,4,5,1106,1114,1106,1114,-1.3,-3.65,-91.96,-91.96,0,0,0,1,,1790836203,0,1,2,5,538,733,538,733,
1790836153,FrvQ9ubmZytSHwaxKbNmKq5vyyVRLaHFYkGVbZdhNJUq,VRAX,41p7mQiDA5g7SGH2uDWMSZKtWWkfqgbFs3FbeanKKF5k,meteoradbc,1790814554,0.00005586,,55867.54,55867.54,0,0,1295.25,1295.25,0,0,0,0,5,0,5,0,,,28.14,28.14,0,0,0,1,,1790836216,0,0,0,0,4,0,4,0,
1790836151,B72oHBu5JuJ7Gh9RJdseLYNGZCEkuvLhp5Nk7dC5pump,IN,4k9oFNHxVryiv3CU6J1bapNUvb817SFMH8a12eetTLK7,pumpfun,1790813972,0.00004843,,48438.66,48438.66,0,0,0,10021.28,0,0,0,0,0,0,7,0,,,,434,0,0,0,1,,1790836216,0,0,0,0,7,0,7,0,
1790836149,5sD8hmitvDkDxbAjZF4CrX1NX8eA5Cwn8kK67tp9DevH,Pongpong,GQADs9oy7uVQTNJ7DEew2y8YvcfusRVbspx4ve1vnBpq,pumpswap,1790814255,0.00009817,29276.26,96444,96444,2186.27,30500.72,1375414.68,1626334.3,20,23,298,310,13599,10985,15344,12579,-12.63,15.9,-11.81,105,0,0,1,1,,1790836216,19,17,188,168,3960,3589,4550,3929,100.0
1790836152,EKt2EQsweb2zN3ie8iz6JrD6frKwpbCU4ja8P3Vgpump,ONLYSUPER,JaxytqRmLcChNDZJqGxBtt5ZxQU1BvfAeivfPHxXhjB,pumpswap,1790814090,0.000002366,2557.16,2321,2321,0,8.22,550713.12,737296.17,0,0,0,2,18396,12318,20994,12847,,0.15,-96.02,-97.14,30,1,1,1,,1790836216,0,0,0,2,6723,7491,7706,7665,100.0
1790836153,HVUFFsRbWFV2kRS467iRJGLdJ9o93yQJqmSWa9fkpump,Trump,GZjhB454hC23JQThwkYv2k6tqBTKtMatgS3kdvit2RrV,pumpswap,1790813964,0.000002468,2591.62,2428,2428,0,81.01,414926.67,586536.3,0,0,1,2,5624,5969,9382,6297,,-4.25,-97.39,-96.9,50,1,2,1,,1790836216,0,0,1,2,2768,4892,5079,5054,100.0
1790836152,EB8SwF6Xsu2AP73KQhqNFYzV4U3hVwtoEGuL4SgRpump,X,FU2bA3cv2ginTeP4eHVX3hPqUGfEvD1saXUQyLF5q6u4,pumpswap,1790814030,0.000002126,2153.89,2126,2126,0,0,114417.15,141889.44,0,0,0,0,6124,7458,7683,8868,,,-99.64,-95.66,0,0,0,1,,1790836216,0,0,0,0,474,2251,474,2251,100.0
1790836148,3ch8XtucboUNvcJ66eJzsZmhj7ebJiNKJ6hrD7Tipump,Cognition,G1RkBTEJfFMpJMmxXU21snW17EWa4gSxGaWAiJpvWuvf,pumpswap,1790815615,0.00001098,7513.53,10330,10330,0,64.17,34258.14,34258.14,0,0,2,4,464,439,464,439,,-0.21,-77.35,-77.35,0,0,1,1,,1790836203,0,0,1,3,251,303,251,303,100.0
1790836150,79rbaxRXKm7mbNRiBzroyZAvX4Yv1KyR57eiUvEgFaQe,Kuma,HrpoUHLSWNYRa9zKR72fGH5RzwQ2wvtkBZL6pRJtFmot,pumpswap,1790815716,0.000003129,3040.49,2891,2891,0,0.05,84691.73,84691.73,0,0,0,1,1195,1027,1195,1027,,-1.66,-93.55,-93.55,0,1,1,1,,1790836203,0,0,0,1,603,631,603,631,100.0
1790836153,Hp2GZbNAwj9HBvog8yoowtHimHyDTe7Bfb6BkTkaws8C,HIKU,61xLyRrZUo5X7pFqPcjJjE2AvuAhS3r7Vg1YrXQSL6Pj,meteoradbc,1790814389,0.00004717,,47170.82,47170.82,0,0,21754,24467.86,0,0,0,0,225,98,240,109,,,979,1282,0,1,1,1,,1790836203,0,0,0,0,119,61,119,61,
1790836154,aEkwu37NFzqcdCc5ZazYEdv59oFRauvz8z8ysQukaU6,‮XIVRO,3AoQ3ZDBKofEf2BynjsWR8Qo7kJ57soZtzEsHHDiv7f9,meteoradbc,1790815662,0.00005891,,58912.26,58912.26,0,0,2512.05,2512.05,0,0,0,0,133,26,133,26,,,17.38,17.38,0,0,0,1,,1790836203,0,0,0,0,11,8,11,8,
1790836150,7QHUeDpv46GbZM9fX8jV41YbQ9vWFKnNegJt5NqEPnrc,Pongpong,HMF1ao96Q8Fz4nww6xvkq282NEUn9FTjEwawnxu6D94R,meteoradbc,1790815961,0.00003598,,35980.13,35980.13,0,0,1358.52,1358.52,0,0,0,0,5,0,5,0,,,148,148,0,0,0,1,,1790836203,0,0,0,0,3,0,3,0,
1790836150,9pc91ipE8n1yyrxbnTp4KofGT3yYp1pMMvEGXRhz7qPA,WFM,122geHZbgjhJrZz6KaDsxsK2JkCUaCo4nSVx6svpkHmv,fluxbeam,1790815975,0.001480,1464819.74,1479837,1479837,0,0,10475.48,10475.48,0,0,0,0,301,1,301,1,,,904,904,0,0,0,1,,1790836203,0,0,0,0,21,1,21,1,0.0
1790836151,DHPyQ7GskqjRxJSuxseabJ1P8gGaLrkVLKUQAzZEpump,MEREDINU,B7S6DprWmwUKEmPyBwZASSiFJxuTpnJzknATdtGST7Kq,pumpfun,1790815778,0.00004849,,48492.08,48492.08,0,0,10032.33,10032.33,0,0,0,0,6,0,6,0,,,434,434,0,0,0,1,,1790836203,0,0,0,0,6,0,6,0,
1790836153,HMcC3e4yePVNZUQwxNHFacRwBpQaPyo7dB2MzR2dpump,SIWH,6apPq2Jrt1UpQSMkM6DgwspWY9ExKLG4WojYoLLMmeKp,pumpfun,1790815793,0.00004849,,48492.08,48492.08,0,0,10032.33,10032.33,0,0,0,0,7,0,7,0,,,1368,1368,0,0,0,1,,1790836203,0,0,0,0,7,0,7,0,
1790836150,6qf9kEhwGzHbX14P98C1QAPW8HcnxSPADkSXeyBMpump,.si,5wDkASbrAHrR1aEqZSYBqBmsn6ixixuBqYTJhSmakKhz,pumpswap,1790815890,0.000002820,2821.5,2538,2538,0,0,188732.96,188732.96,0,0,0,0,1980,2233,1980,2233,,,-94.1,-94.1,0,0,0,1,,1790836203,0,0,0,0,1048,1118,1048,1118,100.0
1790836152,DNsBHDTtw69dKCoMmiuDFndocnRn9q7m2nJPTL4qpump,SC,3u1BUwQmw8WZhw7Fo28HEVvAif1ZBAaWZDRjAEkcEFgJ,pumpswap,1790816522,0.000002262,2385.48,2224,2224,0,0,462489.92,462489.92,0,0,0,0,5550,4760,5550,4760,,,-97.35,-97.35,50,1,2,1,,1790836203,0,0,0,0,4274,4003,4274,4003,100.0
1790836149,5mmu1g6HDSTtvsZW4YtHXmUWcdXCfTgzVYtcEDuAf2N3,XSEED,26qq6as91VxzxtSFXvS5QLxP553auwBdXPkVUiAVHbLc,meteoradbc,1790816703,0.00005886,,58869.61,58869.61,0,0,29239.29,29239.29,0,0,0,0,157,69,157,69,,,1466,1466,0,1,1,1,,1790836203,0,0,0,0,106,46,106,46,
1790836149,5yGwhoX8xUXkwiTF8sna9bvfQTSd1YYG6CLjzQWypump,copyfomo,DgenXyJRwJhMUvvTS5kSZMi2q4n61LwvwN8HLTSxjuj3,pumpswap,1790816904,0.000002355,2355.5,2263,2263,0,1.17,32951.54,32951.54,0,0,1,0,413,865,413,865,,2.38,-95.17,-95.17,0,1,1,1,,1790836203,0,0,1,0,314,402,314,402,100.0
1790836149,65HYab2DVtYjETBBVWkmABCWNiFYkoVFWG3UQfQXQbZY,Pongpong,J3v1zaJbCLJtfSMF3dTnG3KYRJeQpE446pfEieBQp3a7,meteoradbc,1790817477,0.00004683,,46838.02,46838.02,0,0,15316.85,15316.85,0,0,0,0,402,477,402,477,,,179,179,0,0,0,1,,1790836203,0,0,0,0,183,184,183,184,
1790836149,4qfFYQ4ZW92pzRWDcqhzZWrS4orvAsQe13DRVTSWajHL,ICEBOB,4yuRr4WukCgdy9PCPcziuK9MmCAFiiw7xGFcMdGeGgqo,meteoradbc,1790817641,0.0001271,,127126.13,127126.13,0,0,17471.32,17471.32,0,0,0,0,323,469,323,469,,,1034,1034,0,0,0,1,,1790836203,0,0,0,0,179,198,179,198,
1790836151,ChcJ4FJR8bgH4YWREVP2dJSZyjvXCaDq6AwNQa4KYDRD,XDOGE,62RkYJPkfY2FfVYjtK1jJmkCXp9KB35sZ1ZswZGNaxQK,meteoradbc,1790817496,0.00005843,,58432.44,58432.44,0,0,15013.93,15013.93,0,0,0,0,328,434,328,434,,,237,237,0,0,0,1,,1790836203,0,0,0,0,163,174,163,174,
1790836154,i72eLXe6VuL2jtSEeZBDRAsbDoTjmd2tAWkBKizRFCJ,pill,5zrXjstunv3k2iYbTRbBmutvEefEjMCuvnj6MxNVnbAE,meteoradbc,1790817120,0.00007909,,79097.85,79097.85,0,0,7462.21,7462.21,0,0,0,0,172,210,172,210,,,426,426,0,0,0,1,,1790836203,0,0,0,0,134,150,134,150,
1790836152,DkQYd9q2p7VSruiKhj54wu4F9CbyqruCRKFewg3dpump,AGI,5Mp4Z17NNdanseQa2yqg2eEE5xVSognN3ffDgksWeCm1,pumpswap,1790812557,0.0002509,48091.92,236516,236516,3701.98,26604,1862627.58,2505012.71,22,33,176,195,10974,8980,14581,12326,6.05,16.31,-26.39,453,0,1,1,1,,1790836203,15,32,118,129,4000,3572,5034,4365,100.0
1790836153,HhjNowJGHi3wsg2u9ZNEWXo7CQCEgkELFbPcQLX7pump,BRICK,C7EAi8aELckf7sfcQu7CZrRuBvRTX6sBLPi7yZS7gsh2,pumpswap,1790819212,0.000003360,3255,3207,3207,0.97,153.64,183251.93,183251.93,1,0,2,6,2561,2261,2561,2261,1.42,-9.07,-93.09,-93.09,0,1,1,1,,1790836191,1,0,2,6,1025,1077,1025,1077,100.0
1790836150,7MqX5D55R8kJgxZGM7U18iifjQf2Kb9caZxaMHvfpump,EMPIRE,HTCe3KNeu22CmXn4jiZucrxJvoAdyTX3x39UYoNGqzQy,pumpfun,1790814030,0.00001520,,15206.31,15206.31,417.76,6913.05,138419.34,138420.33,4,3,76,56,1346,993,1347,993,-6.52,-24,361,361,10,2,1,1,,1790836191,11,8,51,48,532,441,532,441,100.0
1790836149,6TBhA3tbds13NgqAB4Sa1vc3EUprehTb2XxX5iYmtKVX,‮EGOP,26jDz2qMQvR2EwmTjv28FnwPrgHUa8RcagRMWPBajkdq,meteoradbc,1790819061,0.0001647,,164782.3,164782.3,0,0,1773.9,1773.9,0,0,0,0,4,0,4,0,,,9.28,9.28,0,0,0,1,,1790836191,0,0,0,0,2,0,2,0,
1790836151,DM38zpPps8FMJwzMxWPhhPWn1sM39KMqQhCHSNNNmow4,AI,CWtZEVWUVxwtHNfwWeBdoRNgFtw5hGjvpPsn8epUFbku,meteoradbc,1790818924,0.00009718,,97189.86,97189.86,0,0,10325.05,10325.05,0,0,0,0,398,405,398,405,,,22.01,22.01,0,0,0,1,,1790836203,0,0,0,0,177,155,177,155,
1790836150,7J7zBranXoU7BQWCNZo8aSvFV3uQbHaNxVjN2oTKnPHe,AI,32wPzejvKxDf9Q9ZmZS96X2tCWKDdV1og78rZULF3Si4,meteoradbc,1790818925,0.0001290,,129045.66,129045.66,0,0,13000.42,13000.42,0,0,0,0,262,383,262,383,,,1051,1051,0,0,0,1,,1790836203,0,0,0,0,154,188,154,188,
1790836152,DPyv4bHXFcWVbAB3PUCzWtVETopnYZMmyKsapJUsCZGN,STEVE,AnQkvksC48cH53EqfTGpz6UpeuV8Z8yKuBSV1eGQ2fjD,meteoradbc,1790819004,0.00005739,,57394.74,57394.74,0,0,6735.96,6735.96,0,0,0,0,122,146,122,146,,,230,230,0,0,0,1,,1790836203,0,0,0,0,91,105,91,105,
1790836151,D3Rna5XrQWaW3Ydzxt5PicEbQnMbSv8qX97x14qEsVd,AI,BGWXhL7pus7jNZ4pXrdkwincYFxvi4rKdRkyqXXemW4w,raydium,1790818620,0.00004264,21160.33,42642,42642,153.45,9225.92,2323394.64,2323394.64,3,4,105,107,15820,13646,15820,13646,1.52,-28.44,-12.54,-12.54,0,0,0,1,CPMM,1790836203,3,3,74,94,5058,4418,5058,4418,99.9999999894278
1790836149,5Xxd4jTPp1jwmYBEFvQ6xNsHxsSMT73KDWDwHxDFpump,SENSEI,57VzFpFEVkCDCfhj8ebNw2xXZ1CRmbQzjYF3eWySpyW4,pumpswap,1790818296,0.000002794,3171.76,2713,2713,1.96,1.96,1356222.19,1356222.19,0,1,0,1,4785,4237,4785,4237,1.99,1.99,-94.3,-94.3,0,0,0,1,,1790836203,0,1,0,1,1350,1286,1350,1286,100.0
1790836153,FwumrnWPVgoNGZ7Zt5n56MhSiGuENLXyC6AHdVWzPhF3,CoinBase,HxP8UvzdAMzVhUJisBjjstKdXbtLbxvqZyDAXwcPW8Dy,pumpswap,1790817379,0.000002100,2123.87,2089,2089,0,0,122261.67,122261.67,0,0,0,0,10781,6542,10781,6542,,,-95.72,-95.72,0,0,0,1,,1790836203,0,0,0,0,296,2071,296,2071,100.0
1790836151,AzDHbuhbJfUaX7tzcHXFjgk8EvSdUmWMEsr588fVpump,FI,6ryFML9TK2Gf9y1DD536VE6nSG6wBn1xoiX8mbNU5EM6,pumpswap,1790819541,0.000004834,4400.88,4660,4660,15.26,71.38,291242.85,291242.85,1,3,2,7,27983,16407,27983,16407,-0.44,-1.22,-90.09,-90.09,100,0,1,1,,1790836191,0,1,2,7,1545,1345,1545,1345,100.0
1790836148,3MQLR69vhsFi86MJ5Lf4jsUT2SdcTpdrPixTqGeFhvE6,elephant,7UFq7aLYp7yLQ6oPbz3UWKMG32NC4Pwm91vtWHcu4gxq,pumpswap,1790820219,0.000006503,5467.45,6347,6347,0,599.78,390314.08,390314.08,0,0,7,17,4140,3873,4140,3873,,-0.64,-86.42,-86.42,0,0,1,1,,1790836191,0,0,6,14,1619,1665,1619,1665,100.0
1790836148,4ByRNjKEQbtexsJie54vCdPnSuSWibWHn49dAXmcpump,GND,HMbMsCJ1JBjhmqdbSbQvopXm3WkCpsAvJZNycrgEy8mf,pumpswap,1790819890,0.00004785,18283.85,44145,44145,156.93,9548.74,280509.16,280509.16,1,5,91,98,2033,2105,2033,2105,-3.21,-32.15,0.45,0.45,0,0,2,1,,1790836191,0,3,62,72,976,909,976,909,100.0
1790836153,GAjY2iJpfxPqkwaNhXBKCH8Y8RVt38nH21CDvPkV9SZ5,AI,ESzEi4RsCeD9zZREvkAzNDm6kSYZRfr9C4jDVjKH69Ux,meteoradbc,1790821147,0.00005310,,53100.95,53100.95,0,0,5078.9,5078.9,0,0,0,0,135,160,135,160,,,18.69,18.69,0,0,0,1,,1790836191,0,0,0,0,119,119,119,119,
1790836148,4BXvjwTYDEcpFfiJiktgudX2C4qZ163DP8C2RY6RZyZj,Leo,3hekApEKjEZMMYeTMEZjZ49QsdTrg9Rmwp3QdmzfwyvX,meteoradbc,1790821180,0.00004657,,46571.95,46571.95,0,0,12238.48,12238.48,0,0,0,0,246,327,246,327,,,177,177,0,0,0,1,,1790836191,0,0,0,0,133,145,133,145,
1790836149,4vEX32B4LLr2hL4tzdgz724rSYXGccAGT8MRSUaNpump,DEGEN,8vyH9f4CyuK1kEZoRnTwKiFh1zDubrGMBNhSUSnmLQQa,pumpswap,1790820459,0.0006227,74044.16,615285,615285,660.87,38485.98,1733371.76,1733371.76,16,8,314,321,9927,7200,9927,7200,0.89,14.52,1177,1177,100,1,3,1,,1790836191,17,6,153,159,4192,3305,4192,3305,100.0
1790836152,FBMtDdrUASCsGyAg9iKG8oCJASTyv67UGzES7sBKpump,TRUMPCARD,GQ5zJqVjLsH5QVjzssbp2GLgqbVH41GeP7Pj3PE1MTcc,pumpswap,1790820800,0.000002284,2399.99,2285,2285,0,0,480977.5,480977.5,0,0,0,0,12572,9589,12572,9589,,,-97.42,-97.42,0,1,1,1,,1790836191,0,0,0,0,8086,7862,8086,7862,100.0
1790836149,6VjXNN6YZrBGPhoV9Ufp3xhkuuFE4p4aH4xFT6spump,GCAT,DDBnC7x7FmN7ZgDbgwtE67AXDVyXtToYiSPSAFmg4BjW,pumpfun,1790821115,0.00002719,,27198.32,27198.32,47.63,816.91,45802.33,45802.33,2,1,29,7,308,186,308,186,-0.11,4.8,713,713,50,1,2,1,,1790836191,2,1,28,5,259,101,259,101,100.0
1790836149,5b7xUtsR6SEqwszsSBg5wu9f3o1V6JwUDLkoAxMkpump,SRI,DfwKe9tgR2q7fnz2ME3FYfVUohx4NZFZi2tAX95GrAoY,pumpswap,1790822919,0.000005037,4524.31,4877,4877,0.25,310.3,326458.45,326458.45,0,1,3,16,3895,3498,3895,3498,0.09,-1.73,-89.18,-89.18,0,1,1,1,,1790836191,0,1,3,15,1581,1592,1581,1592,100.0
1790836151,AV9TkfXb8LcAgjKuVBpp7qhaL6wHuAdEtBsgsduQpump,Quest,HYU7woAVxao45T4Q5TuGRgowpimG7b3RGT1Ln1e13WwZ,pumpswap,1790822365,0.0001443,35289.15,140687,140687,10125.12,110323.89,1364473.59,1364473.59,85,69,936,774,11597,8969,11597,8969,-7.85,-49.25,197,197,0,1,1,1,,1790836191,68,47,434,426,3760,3260,3760,3260,100.0
1790836148,26uqr1EAd5o9czpp3CxWGRPBgzya2733WC7faQX4mqNA,TRUMPTY,3wEUjhLesDjHasbWWQng4rSqLHjAGvMLAcA7REspuWvy,raydium,1790822912,0.00008105,26060.88,81057,81057,97.36,242.18,42017.09,42017.09,0,1,1,2,229,142,229,142,-1.55,-1.25,62.49,62.49,0,1,4,1,CPMM,1790836191,0,1,1,2,110,99,110,99,99.9999999976034
1790836151,AQ8MLS1ySnCWPEPXaSqXRDVLdXQcyTozcRjUNkZkzDZf,SIGOV,6PqA8QrL6SR12DzJo5v2Ad5HzKdNmJQeLjtJcvqTJ9R,meteoradbc,1790822751,0.00004591,,45910.85,45910.85,0,0,11792.81,11792.81,0,0,0,0,241,301,241,301,,,173,173,0,0,0,1,,1790836191,0,0,0,0,122,137,122,137,
1790836152,Doc1obJgjeuxjFYLfWarQznaypPdnLeBspWP3b2snZwR,human,4Ju2ZsJkkhtLDZHWscExXY7nNVgydhAHUJQaohPkjEvm,meteoradbc,1790822833,0.00007471,,74716.61,74716.61,0,0,1729.8,1729.8,0,0,0,0,9,0,9,0,,,28.58,28.58,0,0,0,1,,1790836191,0,0,0,0,8,0,8,0,
1790836148,4GT8GneqNybavJ6w19tzg1SuPsZCddqJ11YvpyviXshN,GTA 7 VII,GD7PzUTxpYaegPAeuZ2Nwk12HTMXjUGnxAoPVKN4BWf4,pumpswap,1790822885,0.000002261,2272.07,2262,2262,0,0,53854.54,53854.54,0,0,0,0,4602,5823,4602,5823,,,-95.39,-95.39,0,0,0,1,,1790836191,0,0,0,0,353,2434,353,2434,100.0
1790836153,HERaQHxchKvb6YCcUNineUN16Xgq7xnDaWggH9vFS12n,GIGA,CB68SQjNx3ER5rqJxphQrDPvdtm1BUvbr3rPmLoGra2Q,meteoradbc,1790822859,0.00005804,,58040.65,58040.65,0,0,3378.63,3378.63,0,0,0,0,60,59,60,59,,,235,235,0,0,0,1,,1790836191,0,0,0,0,52,53,52,53,
1790836153,Fht8WJMoC66wrmLA5pzhtXc5JxLsWudJK6i3cPfvpump,WOJAKVRAX,EgXwTAdeXWDNfqam7fAp1CrVXeDLNLSzwYcPs1qSMjvv,pumpswap,1790821965,0.000002625,2963.45,2553,2553,0,0.32,1123641.01,1123641.01,0,0,0,1,4421,3876,4421,3876,,0.56,-94.6,-94.6,0,0,0,1,,1790836191,0,0,0,1,1143,1101,1143,1101,100.0
1790836153,H9qKeikv2EuifXaMCWSFQSUvNHUu2dre9R3Gmz62mvjw,Ajax,EGRWwHLfME2U2rahMu6BMqonMNeG5ND2CdVFPX1CcAE9,pumpswap,1790821407,0.0008777,96611.14,865404,865404,15575.03,615634.01,4214266.87,4214266.87,109,112,4087,3093,29556,23448,29556,23448,5.85,4.12,1773,1773,0,1,1,1,,1790836191,82,94,2014,1698,9575,7625,9575,7625,100.0
1790836150,9X8q7MgEE75Z1XQ7ZmSiSoR83sVV3JResZD4X8bZpump,LoL,55MXduMJxSuPMUUa7hie8w3F58oJfKJTPg8V15PWWQJM,pumpswap,1790821202,0.000002197,2230.35,2185,2185,0,5.44,183853.32,183853.32,0,0,0,1,18120,18827,18120,18827,,-0.06,-95.52,-95.52,0,0,0,1,,1790836191,0,0,0,1,1211,2127,1211,2127,100.0
1790836152,EEBNzEpr3132u3QAeWxfVzsDSaMURwFeejwMD1zvpump,human,DiqJa9wy6shELZxeuNYVu5g2Thr9e3saGwQBrV7dang8,pumpswap,1790822770,0.000002621,2613.26,2479,2479,0,0.31,135701.74,135701.74,0,0,0,1,1441,1598,1441,1598,,-0.11,-94.51,-94.51,0,0,0,1,,1790836191,0,0,0,0,678,833,678,833,100.0
1790836152,FLx9UiCZYzQYoWRCL7CGZHDmVF51QHkryXpuoMwVpump,MrBeast,GBap2vE9DfPntv56h6F1cQ9CkWseAnrJV1fENNmV7TSg,pumpswap,1790821725,0.000002125,2154.41,2126,2126,0,0,154619.3,154619.3,0,0,0,0,12204,13389,12204,13389,,,-95.66,-95.66,0,0,0,1,,1790836191,0,0,0,0,840,2212,840,2212,100.0
1790836152,DQ2XhGDN9Mbw3KgqixGenhr7edwyhS99V5RSEHkRpump,s/acc,EeFUBUgYangRgaCsDBiFDW97EcDV7j5SN2qdmiQqpJ7M,pumpswap,1790824015,0.000002536,2881.43,2496,2496,0,20.01,1842442.1,1842442.1,0,0,2,5,24169,14049,24169,14049,,-1.05,-97.03,-97.03,30,1,2,1,,1790836178,0,0,1,5,8375,8321,8375,8321,100.0
1790836151,BFdFhgZWKpHEvtCRA3R7fQwJfj51kZCk9WR9q3LLpump,SII,FnmwumGkfxFgwQ9ERk2vUsuJ2kXNx6Xf5oU2UyE41ars,pumpswap,1790823152,0.001195,101117.59,1178048,1178048,8437.74,144602.91,762978.3,762978.3,127,38,2053,870,10903,3536,10903,3536,6.44,64.51,1444,1444,30,1,1,1,,1790836178,91,23,1738,717,8894,2535,8894,2535,100.0
1790836148,27x37KmyRQJRVrD3cra6iEdpDcME4vPKziDXkb9xpump,Weebjak,HmWySkAZYaGiRkCjR1KiRgNs94hu8vjW2FmuSvN64dmq,pumpfun,1790822791,0.00001517,,15172.79,15172.79,135.15,6214.84,140054.37,140054.37,3,7,100,71,1387,1125,1387,1125,-1.55,11.77,360,360,0,0,1,1,,1790836191,4,5,70,49,669,573,669,573,100.0
1790836148,43GH9ktJt58erbuGyqRzCwYsMirKYeiobtTP4cGepump,SK,8RSVcAxCQPDLhVovLwDai5oNehApugRswx2abTSnxWEY,pumpfun,1790822830,0.00004844,,48446.88,48446.88,0,0,10022.98,10022.98,0,0,0,0,7,0,7,0,,,1369,1369,0,1,1,1,,1790836191,,,,,,,,,
1790836152,EQoTL7T8VFigYKqtfDxL6bqs7ZpqXRKrMbK49WvEpump,SOLDOG,Con3qeGmAgMkSYGpJrk2d2e9ELXGEsmeHzKCNbhsqBQa,pumpfun,1790823102,0.00004845,,48459.21,48459.21,0,0,10025.53,10025.53,0,0,0,0,8,0,8,0,,,1365,1365,0,0,0,1,,1790836191,0,0,0,0,8,0,8,0,
1790836153,FvzXxSZ437prKXkBwwodNKJNUmFEkZMm9fdtBkPc5hAL,Blob,9VYHbNPN1AngeX1AqHbKS5To2yrymwAoMae7HR4xAx2,pumpswap,1790824450,0.000002550,2574.41,2455,2455,0.42,85.02,203925.43,203925.43,0,1,0,6,2533,2332,2533,2332,0.06,-7.48,-94.66,-94.66,0,0,0,1,,1790836191,0,1,0,6,1071,1169,1071,1169,100.0
1790836154,yAxWqZj43Eeq3SgMVBZcwNhnSCumkEgCiYZvBRppump,UNITES,4HDQmfyYNPPx9gjUtmUYziALxVg2k4VeqDG3Vdw43Cn2,pumpswap,1790823517,0.000002404,2588.48,2381,2381,0,0,944101.82,944101.82,0,0,0,0,3089,2645,3089,2645,,,-97.27,-97.27,0,0,0,1,,1790836191,0,0,0,0,1699,1689,1699,1689,100.0
1790836148,3BHRBatjdwJqWjj9HZQxknrH154M7pcgGrcY3wtk44FS,招财猫,5MNekNbkGyCeECm7dgSEgwZFzahuWb6LhR4EbdHeKAj6,pumpswap,1790821196,0.0001754,269995.52,175498,175498,250849.27,3453258.95,18174934.77,18174934.77,104,104,2461,1913,13456,8543,13456,8543,2.04,5.04,165,165,0,0,0,1,,1790836191,28,28,567,32,4953,43,4953,43,0.000000000430274465855585
1790836150,7zpsmTf684ecfZpiSzcHG6pqPXJG1WEDj23B9sfesJc,STARBUCKS,CesRBn5HbSVjf4furXsh89dtFQH5AZiwJiZZpVAav6pC,pumpswap,1790824631,0.000002119,2136.38,2119,2119,0,0,76784.97,76784.97,0,0,0,0,10477,10187,10477,10187,,,-95.68,-95.68,0,0,0,1,,1790836191,0,0,0,0,356,2535,356,2535,100.0
1790836152,EEGtwsf5wLWDG4THEu4TdFKTTRpsEoxArWZsetWZpump,NUVI,8MxvegL1C14ddbBczqpfMLdBvnmDDPGqqTJWqJAYKuhP,pumpswap,1790826457,0.00002461,13224.91,23744,23744,2415.56,59937.01,1004721.38,1004721.38,39,49,840,774,12865,10406,12865,10406,-7.12,-62.01,-50.45,-50.45,0,1,1,1,,1790836178,28,42,365,398,3759,3465,3759,3465,100.0
1790836149,4y6afgeh9JbeUJrXrVaU4A4uDYxDN6AugnnYwhrapump,SXI,5SUSFTqv4WLodUCnt8j8trA4NsrtmpBFRtbeS4fb9FgL,pumpswap,1790825472,0.000002393,2600.73,2346,2346,0.05,79292.74,840359.38,840359.38,0,1,564,8127,22985,14766,22985,14766,-0.11,-98.06,-97.29,-97.29,30,1,1,1,,1790836178,0,1,283,7905,9504,9482,9504,9482,100.0
1790836152,DcJsfF4F2Gj2JHw7SwjbLyn8PfTCXSjCZrPwMWdMQLL7,DeStrat,9Tk6BaeSCkMy2mMmfdcxsRVEqiHGXwpLeV8xTZkdLoyi,meteoradbc,1790825624,0.00004180,,41805.16,41805.16,0,0,36761.91,36761.91,0,0,0,0,106,44,106,44,,,1264,1264,0,1,1,1,,1790836178,0,0,0,0,70,19,70,19,
1790836150,92z4XTZppdYRZZsnXJdUPca9h5mFjGWWgGxAVT8jpump,Fuel,HGscLw722fa5LWgQ4Ez2b45KTZVts4khepXA5xHSfxY8,pumpswap,1790825883,0.000002775,2787.91,2649,2649,0,6.56,212600.55,212600.55,0,0,0,2,1493,1526,1493,1526,,-0.59,-94.19,-94.19,0,1,1,1,,1790836178,0,0,0,2,767,789,767,789,100.0
1790836148,2j2EvgkB8tPNLrnejXdD3hLZN4Q4ge4wjfodLh7zPnZy,agi,D6F1GLZAuAmh5cDuBS733T717fcQhoocuzHzu791igHh,meteoradbc,1790826499,0.00003690,,36906.65,36906.65,0,0,2952.58,2952.58,0,0,0,0,154,140,154,140,,,154,154,0,0,0,1,,1790836178,0,0,0,0,121,89,121,89,
1790836151,AMGxH5NWeeZbhsgYGxmU5rHZHRC1UpgY1wtGYM5mpump,Ajax,2QT7ZiVh4Zdp8H8C3STY9G1kfjVLL1iLbxH3dCEs3R57,pumpswap,1790825545,0.000002101,2124.74,2101,2101,0,0,129140.06,129140.06,0,0,0,0,8744,9519,8744,9519,,,-95.71,-95.71,0,0,0,1,,1790836178,0,0,0,0,2281,2468,2281,2468,100.0
1790836150,7sa2NMs1kT2kCXHgnzbCpq4Y6wU3fF5bCtMPtASqpump,agi,2dXAnAshLR7h9Tor5UTzdFWKWq6QqKMYG5J6qQCRnKdm,pumpswap,1790826123,0.000003366,3264.35,3222,3222,0,9.51,219163.26,219163.26,0,0,1,4,2858,2614,2858,2614,,-0.21,-92.86,-92.86,0,0,0,1,,1790836178,0,0,1,5,1226,1256,1226,1256,100.0
1790836150,9CpRDFevggadw6DYknRUspwTCtqNvCQs8RmWVWLupump,SZCAT,ELAYLMMSVQDCJdFrPex99XevQdJZCovctefECinxiQsE,pumpfun,1790825607,0.00004844,,48442.77,48442.77,0,0,10022.13,10022.13,0,0,0,0,6,0,6,0,,,1365,1365,0,0,0,1,,1790836178,0,0,0,0,6,0,6,0,
1790836151,B71rHv4mjQsn76RhEDmyNDTRdNAQq6swsvYuLKjKpump,Apple,Bni9Ez8zctkxrNbBuxmGMnLUw7RzKJ6MLsWtmbJUexVR,pumpswap,1790825088,0.000002138,2174.58,2129,2129,0,0,217743.04,217743.04,0,0,0,0,19503,19083,19503,19083,,,-95.64,-95.64,0,0,0,1,,1790836178,0,0,0,0,2386,2230,2386,2230,100.0
1790836150,8Z3Y2xrF7PydjA2WN9rCXGDos9Lsqyf1xptnMmoVpump,NUVI,5P7sfVdi8m6GwfaCzNFEhqp9QszBUEtJ4EtLBE7bZpxi,pumpswap,1790826394,0.000002394,2448.89,2294,2294,0,0.08,237379.38,237379.38,0,0,0,1,1896,2880,1896,2880,,0.49,-95.12,-95.12,0,0,0,1,,1790836178,0,0,0,1,1027,1077,1027,1077,
1790836150,9GW1GMaVeV41yiYYzfgQdnEf8ocGFenX8AsgvhWEARLY,EARLY,Em9Ru5DrybRSZL161CtKVSCF7tEwUyJ5GaWpgTFGiBPS,pumpswap,1790827778,0.00004177,16814.43,40017,40017,3439.08,30282.27,192462.28,192462.28,56,33,447,296,2622,2050,2622,2050,-6.06,165,-12.96,-12.96,0,1,1,1,,1790836178,44,20,214,147,1100,1021,1100,1021,100.0
1790836153,HpsfKJnkBu53mxLGUCdr4PiTodXouZiVvZD5AoRWdHkY,snowball,FivAjNRmjWeDdepuTJbqjgwfsDsg1LZSj7q3soLbW2gv,pumpswap,1790827656,0.000005410,4732.16,4936,4936,2.04,392.68,298545.18,298545.18,0,1,14,24,3471,3074,3471,3074,0.04,-5.18,-89,-89,0,0,1,1,,1790836178,0,1,12,22,1402,1488,1402,1488,100.0
1790836153,Fq7wzJ9S6TRm7NrPGEwWKmQPqdF8K1g5uTp9DGFcpump,FORREST,ErgojZ4yKHxJkVgQqWEbPAbt7NHctL5a3oLyP1iTin8Y,pumpswap,1790827477,0.00002896,13748.3,27584,27584,757.78,14930.88,283876.65,283876.65,11,10,193,182,3452,2894,3452,2894,-3.05,-1.85,-40.61,-40.61,0,0,1,1,,1790836178,8,5,86,112,1467,1354,1467,1354,100.0
1790836153,MPMQMtEs1r1XztZvhHEf13t89pY9DLZsEdtsg6p73sk,雪王币,HxXj3anAtx46VwackRjvk1NqkChisqoSPwXZ91ivAtvR,pumpswap,1790828423,0.000001174,198417.69,117469,117469,317158.82,7890774.45,17277373.78,17277373.78,322,270,6219,5629,15414,12178,15414,12178,-0.58,-12.56,124,124,0,0,0,1,,1790836178,20,20,22,21,2018,30,2018,30,0.0000000000487357752820878
1790836151,BHu6sxxxkUrNTg7w5cZoj2hnWykFPZ4gbGDUENxtoxvw,EARLY,3oU2HuCXuSDzg8a3UexkAmK1PtuPmVYQARBrq8inizXV,meteoradbc,1790828360,0.00005715,,57158.02,57158.02,0,0,8341.12,8341.12,0,0,0,0,234,286,234,286,,,27.37,27.37,0,0,0,1,,1790836178,0,0,0,0,162,180,162,180,100.0
1790836151,CCAueKh8QPoiNKRAExHp3HFGjDiYzi8h4GXt5nFHhUoF,Kids,CYJpRb8a8jAHbfyuGyeKC1iGfiiUAAy56tfAJRVwdmEF,meteoradbc,1790828429,0.00004523,,45236.57,45236.57,0,0,22272.95,22272.95,0,0,0,0,535,660,535,660,,,168,168,0,0,0,1,,1790836178,0,0,0,0,144,142,144,142,
1790836151,D7WxbVVjoh9G3JcctpeoFE8suSY3s6DM4tr6DYjLpump,Gemini,7RAGEtvQRZLkWuBpXrsRjXxzGK4a4zxvPgnxVQv1fRCe,pumpswap,1790827911,0.000002128,2145.12,2128,2128,0,0,76569.47,76569.47,0,0,0,0,3073,4695,3073,4695,,,-95.68,-95.68,0,0,0,1,,1790836178,0,0,0,0,484,2249,484,2249,100.0
1790836151,B14c2LGWBmkUo3gPsKqPYqGheK6GkZEda98th9Hhpump,TFM,G3iHAfW3jqPqtTzJZ6nuaPfUPj932joN3SdBmq31uGEM,pumpswap,1790827949,0.000002801,2978.97,2543,2543,0,0.41,702173.29,702173.29,0,0,0,1,2337,2124,2337,2124,,0.44,-94.3,-94.3,0,0,0,1,,1790836178,0,0,0,1,970,933,970,933,100.0
1790836148,3P9KW7fa5LnYpBecLrZV92WmA4rsCErQPP7YdM6Jpump,BREAST,JjiK9JSzbobKdjRgxuqSTPwCe693pe5QBdJniBBan7N,pumpswap,1790829717,0.000004229,3972.8,4030,4030,7.71,569.64,335019.9,335019.9,0,1,22,31,4269,4820,4269,4820,-0.3,-6.93,-91.06,-91.06,0,0,0,1,,1790836166,0,2,17,31,1737,1691,1737,1691,100.0
1790836151,CuP5Ng85HiCdHiKnc9pKe9MVEVkJDHmMsyEvbXHopump,REV,5Hiw6ED2r26LPrK7X4v9AKUMaAuVE1hQN5imrCvuWgk3,pumpswap,1790828506,0.0004801,64760.05,473892,473892,124590.11,703152.7,1271272.31,1271272.31,687,527,4339,2886,9782,6684,9782,6684,10.7,92.01,877,877,0,1,2,1,,1790836166,435,315,2191,1370,4444,2944,4444,2944,
1790836151,BUMVrmrCrjybFfbAPRUYNh6ec22Q8WnX5cWrQyukfSPW,TED,DzfXvJv6uZ5SPHh1jM7GZ5LGpcSbco9SWTjyRvdToDEj,meteoradbc,1790830037,0.00004706,,47068.12,47068.12,0,0,8570.65,8570.65,0,0,0,0,299,308,299,308,,,191,191,0,0,0,1,,1790836166,0,0,0,0,150,143,150,143,
1790836148,3VDcx89deWbwKNZPnvZcY9N2pcwbARodi3dBXs8gQcUJ,TED,C3Ev6n7PA2HQ5NyKsHqDPpjSS3yaNMwBTNjaJj9DKBbM,meteoradbc,1790830007,0.0001215,,121583.26,121583.26,0,0,20835.55,20835.55,0,0,0,0,401,567,401,567,,,980,980,0,0,0,1,,1790836178,0,0,0,0,186,208,186,208,
1790836153,HzmypKm9MVq7N5qZqKq5AuzWX4Qt7b4YY67P6KDWwZnu,ENA,7k8SnhpmDt85pztjv8dR8RozowwhkQqdxWhuQLKu1wQ3,raydium,1790830157,0.2730,272744987.57,273015784,273015784,0,16.55,50616.66,50616.66,0,0,2,1,34,2,34,2,,,,,0,0,0,1,CLMM,1790836178,2,1,2,1,34,2,34,2,
1790836149,5vSk28bhpezR7PnSRgLQj7c5DzG1ig4jt5NDw1euijim,Jackass,5LNJK9WaZU6QtfdFY95jhu4drvrzQY1DustskCuNGby4,meteoradbc,1790830150,0.00005766,,57667.63,57667.63,0,0,7773.21,7773.21,0,0,0,0,190,242,190,242,,,27.83,27.83,0,0,0,1,,1790836178,0,0,0,0,155,150,155,150,
1790836148,4CUBfWr2LbYbmxwJwRT48JiXuWtBxVPdsJgq1H5MM7F9,TED,Hz3H7k6ANpgdJ8gaM2ypwfoUZhZQ4xqfWomAJYEdHUTQ,meteoradbc,1790830191,0.00004569,,45696.02,45696.02,0,0,11168.1,11168.1,0,0,0,0,361,384,361,384,,,182,182,0,0,0,1,,1790836178,0,0,0,0,150,141,150,141,
1790836150,ABb2gs9spE1XU5hQzNsrwEytVM7UR9pYu4YXxoVBpump,NASA,6cvKY7GWM8R7W6a3jxbwhvx3Gy4ak7p7xAdkPcURgu5A,pumpswap,1790830168,0.000002186,2214.49,2150,2150,0,11.2,46394.03,46394.03,0,0,0,1,2052,58,2052,58,,-1.27,-95.57,-95.57,0,0,0,1,,1790836178,0,0,0,1,2045,55,2045,55,100.0
1790836153,GisHo2MuMfGKAkH1JPK9S6hXA3Q33AyEJ4xhFEoNuzUL,Quest,AfdHfv6ccfPNqLPgWxMeenTmgeckuCvgHTXPzVzDNkuU,meteoradbc,1790830168,0.00004554,,45540.83,45540.83,0,0,15638.51,15638.51,0,0,0,0,534,576,534,576,,,204,204,0,0,0,1,,1790836178,0,0,0,0,199,207,199,207,
1790836151,BgcWzAfRQPDf5kY1nY9QeXsLy1FknxuHhjvat1KiTmFv,CT,6rTprTYwmvdJVwDTFbeKUVf3ftSn3HWzK2Wq41SSwPWi,pumpswap,1790828047,0.00001923,0,19234,19234,0,2763849.19,14560963.2,14560963.2,0,0,2955,1504,14959,8122,14959,8122,,-76.34,70.3,70.3,0,0,0,1,,1790836178,0,0,1175,18,2017,31,2017,31,0.00000000109556325877729
1790836148,3Nuvwg9s5wT8xYXw3nKvwYrgPMhjWYX7nB891PuTpump,Ember,7BM3qHdQfAAw8wsP6mHV2FeXAKc9ESzer8dmZp2kD9eB,pumpswap,1790829243,0.000002126,2148.83,2116,2116,0,4.88,107108.27,107108.27,0,0,0,1,6851,8191,6851,8191,,-0.21,-95.68,-95.68,0,0,0,1,,1790836178,0,0,0,1,478,2251,478,2251,100.0
1790836148,2CYX77hz6AdyWTmTByCK72AtM42t5JxVymy14Lrnpump,MINDX,BVCegjZWPoRhJqZn4NwVbEjSyGaXdG9rVej8UUXEY17B,pumpswap,1790829708,0.000002177,2220.61,2165,2165,0,162947.7,263948.91,263948.91,0,0,10545,11627,27842,26736,27842,26736,,-99.87,-95.58,-95.58,0,0,0,1,,1790836178,0,0,361,1780,2477,2002,2477,2002,100.0
1790836151,DFgiNSevZfjQt5EDMtbC4onjMLs1H1UShrwPNYXG9m3,RO,CgqpBgNmzYKgimksGjAyX81byPNxtj55erfA1vzxCeJm,pumpswap,1790829487,0.000001809,306270.14,180927,180927,514070.68,6361850.33,11577237.99,11577237.99,575,291,7000,3554,12825,6510,12825,6510,1.96,3.11,67.54,67.54,0,0,0,1,,1790836178,289,29,3451,31,4879,40,4879,40,0.0000000000340675397140613
1790836151,ANzrdoVonAtNJk3ZG28CXCjNjfPkc8qVWXW7MQe7vSqz,@bot,EPTGJ5RUwNr82vJimGFNoRGZFBXiKgLrxz3EZpqAAaGq,raydium,1790830738,0.0001099,31328.85,109947,109947,12887.58,85945.65,335090.19,335090.19,72,35,804,572,3729,2516,3729,2516,240,69.27,122,122,0,0,1,1,CPMM,1790836166,45,83,404,382,1302,1514,1302,1514,
1790836150,8yVpaQ7vpRdmqepBoktmb3fMWh6zHhDTiSw95tUvZ3Zk,ONIT!,Cws7Xfdd1EntpNf3VKUfs53Z145UYH6iuWiKpkUtZZSi,raydium,1790831040,0.00001680,12143.41,16804,16804,702.48,53303.67,196862.79,196862.79,13,9,468,402,1795,1614,1795,1614,-5.86,-60.91,-65.92,-65.92,0,0,1,1,CPMM,1790836166,7,13,267,215,822,822,822,822,99.9999999914511
1790836153,Fs4p664NY13ZXARqXPheBYVnopBjX3398Pz3tk5npump,Jackass,G14K8wGzv8m3nAhhrrwsxkT4dDi6PAYtrxFsGKzFKNF4,pumpswap,1790829726,0.00004100,17412.76,37633,37633,3992.17,338121.82,958151.38,958151.38,65,48,3600,2898,11574,8209,11574,8209,27.73,-51.41,-15.87,-15.87,0,0,1,1,,1790836166,37,37,1370,1348,3443,3063,3443,3063,100.0
1790836149,5oHsZbut1q6MrmBPJxibuqZwJnadkkU5TFjFVZXVcFHt,FLAPDOG,46QqopWjCWVdSsnbdD3sZNGoQFtRbsycEwcTckDZzM6J,meteoradbc,1790831999,0.00005800,,58006.5,58006.5,0,0,9359.77,9359.77,0,0,0,0,183,234,183,234,,,219,219,0,0,0,1,,1790836166,0,0,0,0,120,140,120,140,
1790836151,BVF8hFGqYfJhiGiMieYWHqnSmz8AzY6Cm8PintrXhMj2,MSI,Dw2JVD6VZJeDBUoPwjKbJDgUNekJtjHLX3YzKRCKxKiB,meteoradbc,1790831937,0.00009281,,92819.1,92819.1,0,0,4262.3,4262.3,0,0,0,0,66,81,66,81,,,15.5,15.5,0,0,0,1,,1790836166,0,0,0,0,50,68,50,68,
1790836152,EPtCBc4YR7b5Nv8KeCLAEDGmnWSG66fCjd977p1gpump,retard,DTxuyUA8i7xyy97BPDfof6YPcW66sHhZMCvwEysn34ku,pumpfun,1790832022,0.000004641,,4641.02,4641.02,3.57,51744.04,128142.02,128142.02,0,1,449,475,1338,1192,1338,1192,-0.01,-78.42,15.38,15.38,0,0,1,1,,1790836166,0,1,196,288,688,648,688,648,100.0
1790836149,4SZYtudhizmNzVxcXawdgQuwijxyXySUNuJsYeU4PPGR,HOOKR,5SwdjE4pxjuJXWGRa6Dm5HbBnR4ng9QQmrLHR1bVi5WJ,pumpswap,1790831998,0.00006994,54622.73,69946,69946,23127.91,339599.27,387463.34,387463.34,74,75,2220,971,3149,1125,3149,1125,17.12,206,463,463,0,0,0,1,,1790836166,40,43,1179,58,2065,61,2065,61,0.00000000109556325877729
1790836151,Adc6CqM3eekMMvjhZKxDjmE4E3D6kDoJqZWHFrCnpump,NASA,FqCBK7dTRkD9JbS4rGHDy1UmrAcdaEvff9k2zgVG2yKS,pumpswap,1790830995,0.000002158,2176.81,2159,2159,0,1.39,89794.81,89794.81,0,0,1,1,6398,8159,6398,8159,,0.49,-95.64,-95.64,0,0,0,1,,1790836166,0,0,97,2113,2445,2320,2445,2320,100.0
1790836151,CfxZ9ZYrj8h3dU86NmKafjDF6tppczzpjd8rKnvypump,Luna,9Ahfqtsg3S98DY1dVDbEGXaSGdvPq7ZzmmAAYstoAGjH,pumpswap,1790833449,0.000004120,3809.6,3944,3944,9.26,91351.78,91351.78,91351.78,0,4,1344,1230,1344,1230,1344,1230,-0.78,-91.61,-91.61,-91.61,20,0,3,1,,1790836166,0,2,686,766,686,766,686,766,100.0
1790836149,5gok7WzHvMFmFfcvnHuuBqRh9GTcQckHXBBwZywkpump,NOXBANK,GdjVV2smNXVvBouXKp1pUDuVhUpJBGRvgR9toPCC9FKc,pumpfun,1790825754,0.00002468,,24683.13,24683.13,167.53,22277.24,71880.42,71880.42,7,3,252,177,814,585,814,585,1.74,-18.25,602,602,500,1,1,1,,1790836166,4,1,130,91,425,275,425,275,100.0
1790836150,79VSPXPRKcwAMtHXfJ1QoD7vQf352qVUpU6sWhgg9Vf9,THESIS,9rVAWo4rHGijp15Jw3kwmxJH9rvXAVytcQZSbagpTNCu,fluxbeam,1790833685,0.001513,1497820.21,1513377,1513377,0,10742.24,10742.24,10742.24,0,0,300,0,300,0,300,0,,915,915,915,0,0,0,1,,1790836166,19,0,20,0,20,0,20,0,
1790836151,B4YkVxjifyodQYsYHs7GQqpXyq5AznDMBtpRLvAtL73F,ONIT!,hfbkfjMuD2M6DQEq3HDy51cmGm37suAtRjfcLR7HniD,fluxbeam,1790833670,0.001401,1387775.48,1401287,1401287,1145.51,9839.13,9839.13,9839.13,32,0,275,0,275,0,275,0,11.87,840,840,840,0,0,0,1,,1790836166,20,0,20,0,20,0,20,0,
1790836150,9gtE5NcqPS5oKpGrBNtEPwwZaaB1cpUxoTxD9wU3pump,PARASITE,9VYGtyoRuuuUUhRqdUA6RpzHe83EtEzg7KGoVL59ceGN,pumpfun,1790833634,0.00008362,,83628.77,83628.77,0,1394.46,1394.46,1394.46,0,0,39,17,39,17,39,17,,2398,2398,2398,0,0,0,1,,1790836166,0,0,6,6,6,6,6,6,100.0
1790836150,9dh3KbZzU4ERcvYdNhF1u5TM259PBEmW8yU3ofRjpump,SuperBonk,6w9YfaAoB86gmFY1btnsLWdyhHhiYmLWTCm1SCvk9yj2,pumpfun,1790833201,0.00004906,,49067.31,49067.31,0,10151.33,10151.33,10151.33,0,0,7,0,7,0,7,0,,1365,1365,1365,0,0,0,1,,1790836166,0,0,7,0,7,0,7,0,
1790836150,8zHhtBhA3jLp5UpDkfBnCZVhGJuFxtmdvRQm697Rpump,Tesla,C2KvLkVzJAMH5BeLAtmotRFwHo6Nv4Nv6BKMd6tmaTeD,pumpswap,1790833105,0.000002193,2219.26,2194,2194,0,139989.82,139989.82,139989.82,0,0,9628,12518,9628,12518,9628,12518,,-95.58,-95.58,-95.58,0,0,0,1,,1790836166,0,0,2462,2346,2462,2346,2462,2346,100.0
1790836150,7vAvQwf1UKLJoATb1eiMjy8KEH8vnm1TX9UZjWGtpump,KITTY,J9SoA61oxGULrfX8fDQfns8Zj8a69inxqXPq4s51Fp3y,pumpswap,1790832699,0.000002143,2165.99,2144,2144,0,108032.68,108032.68,108032.68,0,0,6120,7457,6120,7457,6120,7457,,-95.67,-95.67,-95.67,0,0,0,1,,1790836166,0,0,451,2238,451,2238,451,2238,100.0
1790836153,H5Kugtkfc5vrm3oSdX6FDkxuutRK1S3GW7Rr7UgnoDhP,PUTIN,EjHSLEKLautwaTSXDH5mTg6SVq2iGwo5eLeXr5CaeGdc,pumpswap,1790833808,0.00009213,26558.79,92134,92134,27978.95,416428.46,416428.46,416428.46,406,206,5336,3976,5336,3976,5336,3976,34.9,87.81,87.81,87.81,0,1,1,1,,1790836166,203,125,2003,1571,2003,1571,2003,1571,100.0
1790836150,7MuvW6G2pDTGSjzpjqeDYigUsXqqd6TmEzLgvRRopump,USDF,Aqp9EKhgp1U35UsBDaYgLpgnVZUyeZLsHFXfzKw3cYE9,pumpswap,1790731802,0.0007800,79062.65,737726,737726,1.74,10083.97,35433.3,74911.31,0,1,34,26,148,106,340,245,-1.2,0.66,5.82,24.17,0,0,0,1,,1790836166,0,1,21,7,66,18,112,52,100.0
1790836153,FhdD89uaEZ4xYeQFBkDvBjCzKUFRXicSqFVD7KZzy6WW,PUMPGO,HiWZ4EEmtrT8UDVf8L9fc4CdmdA4hiWK7tHSTT1mkD4f,meteoradbc,1790835979,0.00005886,,58868.3,58868.3,12689.69,12689.69,12689.69,12689.69,330,401,330,401,330,401,330,401,223,223,223,223,0,0,0,1,,1790836166,146,139,146,139,146,139,146,139,
1790836153,J6qjFrowfiAcieVzu7fzSHEzuPBZp3AGCNe7Tbazpump,NVIDIA AI,8uWTYXM7KpYTe6uBZUgoRMLtRn4c2w4g5RAfnvuq32sV,pumpswap,1790836011,0.0003644,53278.04,364414,364414,16704.09,16704.09,16704.09,16704.09,1353,368,1353,368,1353,368,1353,368,634,634,634,634,0,0,0,1,,1790836166,1440,333,1440,333,1440,333,1440,333,100.0
1790836150,7jadcmZKrRseZ7zFktkdmPqAUdPr6zczoTJp7KWapump,boobies,3gvrjX1ceufkiJ3ugpdcydks55eRdz6Lwt6qnanWtrpJ,pumpfun,1790835992,0.00002076,,20769.12,20769.12,36419.77,36419.77,36419.77,36419.77,419,334,419,334,419,334,419,334,523,523,523,523,0,0,0,1,,1790836166,297,164,297,164,297,164,297,164,100.0
1790836149,5FgZaoStG9gmmuc4XBMiZGbuu6ybFxsmzWNLwX8t9B1c,ELON,5FNeNZmdZNKWGMiMptTQGFJv5Li6cAG2sYSSJ4KaH88p,pumpswap,1790835990,0.00001519,24939.1,15192,15192,36394.14,36394.14,36394.14,36394.14,573,93,573,93,573,93,573,93,46.18,46.18,46.18,46.18,0,0,0,1,,1790836166,613,52,613,52,613,52,613,52,
1790836150,7pVEFrJMainpMkF1MqPoDSojoiSyE8pmy7wYJCyrpump,SuperBonk,6jDcBPQpBfpLmTPcNSqBxiuFu1pikUEYz7T8wKkNqPwk,pumpswap,1790835528,0.0009190,86044.69,919008,919008,43870.34,104545.9,104545.9,104545.9,701,458,1856,1248,1856,1248,1856,1248,57.05,1752,1752,1752,0,0,0,1,,1790836166,555,341,1356,924,1356,924,1356,924,100.0
1790836152,FCAT9HHQ3SgHS3XBcVywkstqEsdPhRxFbMadiJQwpump,STARBUCKS,Ep6tAYD1Ek4KgJguHoyQUxwyk6HvU1ikyMHEaiDNZhhU,pumpswap,1790835343,0.0004587,60210.39,458709,458709,41157.45,100853.89,100853.89,100853.89,708,427,2408,1662,2408,1662,2408,1662,-24.28,824,824,824,0,0,0,1,,1790836166,508,262,2038,1442,2038,1442,2038,1442,100.0
1790836151,CmdjjxLtp8ZWsNz4P1URma81wpkbjg6TjHuNG6WDQ21,REV,F8ytktpcEmUtoR9TrDUjMs7S4LvEaADyvP1oLztw1Q8a,pumpswap,1790834568,0.00005207,57005.01,52079,52079,826683.88,3833122.84,3833122.84,3833122.84,790,441,4008,2128,4008,2128,4008,2128,13.58,358,358,358,0,0,0,1,,1790836166,256,20,1556,31,1556,31,1556,31,0.00000000109556325877729
1790836150,9brMhJW8BwhRFrVJg6BfgZ7VDRSjSKGC2E8Z5qBZpump,Ajax,D3iX1DMUeafiXktEQSUC1E9ykxdn4BhjDkfGVc96LzKg,pumpswap,1790835897,0.0003834,54762.08,383424,383424,42868.32,42868.32,42868.32,42868.32,1224,995,1224,995,1224,995,1224,995,673,673,673,673,0,0,0,1,,1790836166,913,723,919,723,919,723,919,723,100.0
1790836150,9n6QhCoHL62Go1tF7rCLAHuPUN1uSDjXRGqJ4oxJpump,GTA6 Coin,9UKvnt7mh6575CeNsZKYY8YdTKfQxmPhwapX96kvwsNS,pumpswap,1790835763,0.0005613,66650.66,561393,561393,6539.16,24733.14,24733.14,24733.14,1069,1027,1194,1076,1194,1076,1194,1076,41.4,1032,1032,1032,0,0,0,1,,1790836166,329,269,394,276,394,276,394,276,100.0
