ts,token,sembol,pair,dex,pair_olusma,fiyat,liq,fdv,mcap,vol_m5,vol_h1,vol_h6,vol_h24,al_m5,sat_m5,al_h1,sat_h1,al_h6,sat_h6,al_h24,sat_h24,deg_m5,deg_h1,deg_h6,deg_h24,boost,n_web,n_sosyal,n_pair,etiket,gt_ts,alici_m5,satici_m5,alici_h1,satici_h1,alici_h6,satici_h6,alici_h24,satici_h24,kilitli_liq
1790886213,G1jonmoSEbMJSwEg1AmgDAJq2utmuBSZct8oqttBf9rT,GRAMS,FxeRAf7vpaHjH2pzPQhR5bdh85gMLni11k7izjwaJMAa,raydium,1789149132,0.0004146,77448.94,414696,414696,0,369.13,15165.23,30675332.89,0,0,1,2,60,28,195,178,,-1.33,-99.99,28.16,0,3,2,1,CPMM,,,,,,,,,,
1790886209,4t58A221u1fMfxy3KgeZ8oRhQKQjTghUYFWZZ9rZpump,FATMUSIC,Ea56cDwWjp2L5YXbor5Hd4FjRQcXwS4UGPyh3pg2XdgZ,pumpswap,1789188175,0.00001525,9723.43,14658,14658,0,244.6,618.97,1792.15,0,0,0,3,3,6,17,23,,-8.86,-3.19,-23.48,0,0,2,1,,,,,,,,,,,
1790886209,4tkupXEGfbYPCVN37CagviJd3tgWnudT9avKZvouT3Dm,HEV,Bkkau4CqFzUjyqLb5mfTXkpwBCknbMQYLBbwuQWNNJHU,raydium,1789153968,0.0002147,55420.22,214785,214785,0,1.21,1973.6,9955.37,0,0,1,4,8,16,58,67,,-1.91,-11.27,-3.44,0,1,1,1,CLMM,,,,,,,,,,
1790886212,CdAoD87kYKHbtRFawiSqQJMX1pbKisoG7Ha1oJ47kB26,DKNG,6zCSdnTE8c3KXWuosxSnBt4wWsN9zTA73umKijP2p6au,raydium,1789157181,0.00003234,15451.18,32343,32343,0,49.53,630.88,9996.55,0,0,1,3,6,10,75,67,,0.28,-2.06,94.05,0,1,2,1,CPMM,,,,,,,,,,
1790886214,H1q6vF9X2ewo7XxqJ2qb2uTdwkjDLAWF1Y3SefRAUTGZ,WET,8dAEnVvvbHPoh5fAGrGcMqH75r5wwN1qbHn2FRRcJzqQ,raydium,1789416368,0.00001759,11431.47,17595,17595,0,0,888.45,1410.69,0,0,1,0,13,9,27,19,,-0.07,-2.82,-14.05,0,1,1,1,CPMM,,,,,,,,,,
1790886208,3bNtq6ZYQ11PNXq5ZKeWBrfmTWUEcotJtSN5eyL5DFfX,DOLLO,78KfKhK9hUQkXgb9BhAN3Zd254YTSwtZk21G9iBfK2sG,raydium,1789503643,0.00001366,11467.98,13669,13669,0,45.28,5454.44,19427.5,0,0,1,3,31,36,106,130,,3.01,-1.74,67.64,0,0,1,1,CPMM,,,,,,,,,,
1790886212,BsogQYJki12Nj7kB4S3T3XGhCHjpVpFaio8Zap3r7u2F,BROS,Bd8XHh8uQxhoGP2HNrE55fiYWpS6dPfcdGbufZr4bpyq,raydium,1789502501,0.000004120,3883.6,4120,4120,0,0,0.17,10.58,0,0,0,0,0,1,1,2,,,-1.83,-2.47,0,1,1,1,CPMM,,,,,,,,,,
1790886211,9HB7uiNQeWTGG1tkuGaMQLhdt9Lg6vmJ4vtLJc1Wpump,DONO,5giBZ4FZ89ToVRN3LEjcKPHcV1w53zLdiMCmrjNbAFpm,pumpswap,1789588430,0.000006022,6768.5,5925,5925,0,0,3.55,147.17,0,0,0,0,0,2,2,8,,,1.24,-3.82,0,1,1,1,,,,,,,,,,,
1790886212,DVdVsMUC8RyZcWtd6jn7BnyTd7dHEh7k4C5zsM9PCMtd,AROS,DS3M7NqPD2Rvh97yA3yuLCH7UmTCmngxz7FAnhz7gdd5,meteora,1789586671,0.000009889,8438.21,9889,9889,0,0,659.6,1475.98,0,0,0,0,3,7,13,18,,,38.43,84.18,0,1,0,1,DYN2,,,,,,,,,,
1790886210,7Q5vqMfVjx8kkWE19zfbG7M9NuoWUAKeWXMFXVqenwbQ,SALAMI,2m1i2pSJ9uddDJvpESMWRFy9ckNVZ41HhWjLweFp2dqo,raydium,1789589206,0.00001390,11921.2,13903,13903,0,0,0.13,147.45,0,0,0,0,0,1,2,11,,,-0.1,-2.38,0,0,0,1,CPMM,,,,,,,,,,
1790886210,8gMWXHfSwBRSLc2wKtLv24JYboCAsKaEqfC5cXLeZJXL,ZILLIONS,82BhSZXxSXBKsAmyHJ5NxkCd6JrSUBrmPsxYgu7Byvns,raydium,1789676194,0.00001080,8919.93,10801,10801,4.97,4.97,5.2,172.08,0,1,0,1,3,1,10,6,-0.12,-0.12,-5.17,-11.5,0,1,1,1,CPMM,,,,,,,,,,
1790886213,DsqWokHaPHi6p9TtkEFryf6qBQFxYkUiGss2sFnBpump,juicelee,D5Van4Ljtfkiysa5mMeRu6Xxd5aYTxzvrhMKRXgSZ1Aq,pumpswap,1789675813,0.00005365,20003.24,51839,51839,31.81,398.38,1901.55,6915.1,1,1,3,7,25,27,100,80,0.82,-3.28,-14.21,-21.68,0,1,2,1,,,,,,,,,,,
1790886208,2roJPefsSF4zucVFUmD5XcpSHhXuQHN7ySC8CcqeFKD2,EGOD,CmPuV2rvTvAVJoZok29TSjwaduWJe12aF6Xys8DQCJZM,raydium,1789677035,0.00001208,10093.43,12090,12090,0,446.41,611.95,1269.35,0,0,0,3,1,7,3,25,,-15.9,-19.32,-31.12,0,1,1,1,CPMM,,,,,,,,,,
1790886209,6dAo1eJMfaktGsi4s3wte8SJAYGLm2rRfJLntyLTSRNN,BLVINU,HsyidEyMzgMQEEk1Xsx8xoBdNg9Pfy32kC5pGNTEQXF9,raydium,1789637468,0.000003897,5398.69,3898,3898,0,0,0.03,107.54,0,0,0,0,0,1,3,4,,,-0.4,-5.01,0,1,1,1,CPMM,,,,,,,,,,
1790886212,CHsC7xqDLrTy8NMizomPUx3sNKxJzXGDaswc9Zs9DeLn,BUNNY,9tkeoJW4TdWSh5yYh1tDECB2zbVd3AyrBSBTMquJvvMh,raydium,1789666968,0.0001693,33924.82,169306,169306,0,198.68,231.56,424.72,0,0,2,0,5,0,8,1,,2.42,2.65,0.82,0,1,0,1,CPMM,,,,,,,,,,
1790886210,7nTAA8U8kAD7t8Z1W9g6DXNTfMf4YYg2PzV9PiNRWaas,ROW,8h2WCve1CfgYCohLa7t8DtmC7YsacL1Gqdp7ewNeUFcf,raydium,1789764079,0.000005223,5014.72,5224,5224,0,79.48,104.03,653.16,0,0,6,0,8,6,10,43,,19.88,-17.25,-40.7,0,0,1,1,CPMM,,,,,,,,,,
1790886212,BtFegYSVBRxyiKj3pDotZm4eASjoD51x6vp1VuryB12K,KEK,G5SG3RkWycHm2eGozAJSUTuYLMbRJcD63kShB8Ki9VCV,raydium,1789844406,0.000008044,8669.94,8044,8044,0,0.2,225.91,452.89,0,0,0,1,1,3,3,9,,-0.75,-5.43,-8.99,0,1,1,1,CPMM,,,,,,,,,,
1790886210,8QfGp7PrMjrQuZEUCWn4SbrXuKy7xsrkNjjQGCVZrz2G,FEELSBAD,AgwrAB8u4sZerV2v3bcobydXNZFK3DhrSXP71yaUVPJt,raydium,1789838537,0.000003622,5817.32,3623,3623,0,0,0,129.6,0,0,0,0,0,0,2,8,,,,-4.21,0,0,2,1,CPMM,,,,,,,,,,
1790886211,At541hRZhK9LWKj9w2dqN2wCdpFyZgRa1Un2yG7xa43m,VBUCKS,7YoDHgiziucUwikCxXM5pfjG8EoYaDvx28FJgBMkh24i,raydium,1789786206,0.000007657,4972.45,7658,7658,29.09,291.83,22882.98,76327.45,1,0,17,8,387,313,831,639,2.38,8.95,-62.74,-95.5,0,1,4,1,CPMM,,,,,,,,,,
1790886213,DsjPNCjFrQDXGZ96UzohaMm9PQJJUxWFQ6Gy6do9CSLT,BINGUS,F9yYscWarHyAusNr5x8SVZ8yCD8HtSxGhSaWRWsavovk,pumpswap,1790017307,0.000003253,3126.09,3079,3079,0.86,17.66,126.38,217.57,1,3,33,23,129,101,225,177,-0.07,0.29,1.52,2.17,0,0,2,1,,,,,,,,,,,
1790886210,8fogMoMGVZUwtoCB2ZrMkBhq76BzBNw4o2syZCYEvCZG,WAT,Fpiwj7PmH5QcLqaKkqQ9izC9pgZKtKfA6894e5jc7xyX,raydium,1789936431,0.000002287,4401.82,2287,2287,0,0,0,71.5,0,0,0,0,0,0,1,1,,,,-3.06,0,0,1,1,CPMM,,,,,,,,,,
1790886213,DbVQ9vYSaxwNuoVopPL3v2KeHtY3hCfS9z3oHQTYWXWx,HWG,5oE1nZHwCZeCgWbTqtZHAdCxMvNwvNz28mqfcnuEq4zy,raydium,1789925186,0.00005920,19842,59196,59196,0,29.02,183.32,610.43,0,0,0,1,1,2,10,8,,0.19,-2.53,1.21,0,1,2,1,CPMM,,,,,,,,,,
1790886213,DifgEZC24HbYZwDq2og89hUJTjFixsyYZtV7Hrzepump,ZEPE,CJ4YEU7zDigfh6qwDU45fF4QxwUvgSatXTWNQDtJwpcB,pumpswap,1789955189,0.000005987,5503.65,5774,5774,0,129.02,141.7,308.45,0,0,1,2,3,3,6,7,,-2.86,-8.13,-12.87,0,1,1,1,,,,,,,,,,,
1790886213,FSJfPYF6VjuDuUxMFdUrCEkVr96bhC5oXKhv4o6JJxiK,Mentor,9skwAP585Et2bs6TS9KJ6SrAzXgSjxPgs8xDLes2uWHS,pumpswap,1789936262,0.000004135,4193.38,4036,4036,0,0.41,21.89,311.66,0,0,0,1,1,4,7,11,,-0.13,-1.38,15.75,0,0,0,1,,,,,,,,,,,
1790886212,CbouD8khLcz1Y1QngvRtQufUimSRKpHkvGn6y1n8pump,UTILITY,9dyeuZaENy1TfKwkR4rV8mGZcAWWw4pkubyHBkUG85oZ,pumpswap,1790022917,0.00009084,28322.91,88986,88986,500.41,4989.57,29636.94,103109.42,7,3,100,43,405,221,1193,945,-4.59,-0.91,106,-54.78,0,1,1,1,,,,,,,,,,,
1790886211,A2YYjpUbWMGwYbrfqnWBfxL4RtVoszTMuNff3MDTpump,Higher,HGYuKUx86WJvPMnMob5Cx4SLqMF4yCgcoaLm7WLvFUmu,pumpswap,1790022403,0.000002394,2411.9,2288,2288,0,0,0.02,0.23,0,0,0,0,0,1,0,2,,,-0.6,-0.6,0,0,1,1,,,,,,,,,,,
1790886214,GvFe6EjSXAP31EbkSAYpHgX9mcgTUZWHkTuDjRUUncWL,UNC,6viWAMHocDwDAbkvXUUCH1AgbKQh3rzQje55TBihjgUK,raydium,1790016002,0.000004161,5502.69,4161,4161,0,0,233.49,371.18,0,0,0,0,4,5,9,8,,,-1.72,-13.58,0,1,1,1,CPMM,,,,,,,,,,
1790886214,HhcfXbZ2rukoKx8oAH8rfkmzXbwvfdh6MMLZjneg4rWk,COPCAT,FDy48HT3x8xV27vwemC5VZjJwX2WBnCgKMJYuAnmoBdZ,raydium,1790021024,0.0001323,36904.31,132317,132317,174.93,669.34,5926.46,25121.34,0,2,5,16,33,70,157,245,-1.88,-2.04,-3.28,-31.06,0,0,1,1,CPMM,,,,,,,,,,
1790886214,Hgtpj3Rg2BWWeopkAiVy71KT8L8nQWMxxxFdChq2pump,2030,3Y7zyAT227Vcw7u2HhKWqzhiPbzGLgmBUkNt44dEWab7,pumpswap,1790045015,0.000004204,3841.08,3966,3966,0,5.39,21.44,30.25,0,0,7,1,21,7,37,17,,0.35,1.27,1.51,0,1,0,1,,,,,,,,,,,
1790886209,5gNhoFFz6UuyWugjiMc1fiuixrH8NvibMFbDKYGKr1Mc,FIBONACCI,6SXbUNMzNx2PjjEdeTs3jmmrKNWSGJ4HQgyxaQVQoUh5,pumpswap,1790065554,0.000004172,4395.7,3676,3676,0,0,0.55,13.53,0,0,0,0,0,1,1,8,,,-0.18,-0.55,0,1,1,1,,,,,,,,,,,
1790886212,CASs9vMniGPtsnnKrV9uziBHA7JU5dS9MQY15WsRqVfx,DUEL,3Nd4agisJL44bvDnzabHB347d8A1W3XVS6e2ZFdJXKuD,raydium,1790092673,0.00001057,6577.83,10573,10573,0,1.82,903.9,2953.18,0,0,1,0,11,16,34,42,,-3.16,-16.58,-13.29,0,1,1,1,CPMM,,,,,,,,,,
1790886212,DCgPcq6DpS3MwjCpBzVY7DvaqPqhZ3eUudVezNTgEpF7,QI,7HJEiNPB7HeEEEyjq4srWzFSipEqkPv8HYbzVdqtii1j,raydium,1790091166,0.000003688,5911.51,3688,3688,0,60.4,288.35,1725.8,0,0,0,2,0,8,4,30,,-4.13,-17.74,-50.77,0,0,1,1,CPMM,,,,,,,,,,
1790886209,5Cw3aUR8NMrQ1xpka537zR4WDpBfqQfKEZdyXwAdB7na,Project,2iUGkVrpsw3b39pNWRPLhyjzMp4vG9PCj8pKyUnoXpgA,pumpswap,1790092843,0.000008631,9894.62,8538,8538,0,0.01,110.88,166.15,0,0,0,1,2,8,5,19,,0.26,-0.13,-4,0,0,1,1,,,,,,,,,,,
1790886212,DEuwDKst8JDNRcuRjth6Vhpk98FSZwenv1TZZvz1a8ua,SOL,74AUwSRphK5AzEiSDjqhgVAKPwz2zqgHYWqwjYAEubSB,raydium,1790100802,0.000009227,13387.95,9228,9228,0,1.79,1066.97,1669.26,0,0,0,1,5,6,8,8,,0.52,6.12,-0.18,0,1,1,1,CPMM,,,,,,,,,,
1790886213,FDaJxBqw1fDhwPQTn8XU3bKH8sXXRe8o5kzC3CdUAv7X,SWEEP,EzN9f2oGkMzkEJxdJtySURqvBd6Y8Ah2EoEXsbgutbc1,pumpswap,1790108522,0.000006671,6722.71,6459,6459,0,8.13,260.23,438.48,0,0,0,1,4,8,13,24,,-0.88,-0.1,4.51,0,1,1,1,,,,,,,,,,,
1790886209,6gPfmDMs4gXE77M5rpsPkj29mgrvDypkaYcRsSzVf4GD,ACAT,BgsFBcHRxPMgLQdyfhDTrLkg7cozRbsMZVqFvb1QwcvA,raydium,1790108644,0.000002223,3954.75,2224,2224,0,0,0,4.31,0,0,0,0,0,0,1,2,,,,-0.5,0,0,1,1,CPMM,,,,,,,,,,
1790886211,AvciVw95QA2nrPrwFYCLsp3n425MPCuF8iFU5BZrpump,GTACAT,8as8cBuvW3exppt6yV6KqivuaYexSz3kSH2R7Nc6PeS8,pumpswap,1790110541,0.000002513,2503.22,2393,2393,0,0,0,4.83,0,0,0,0,0,0,0,1,,,,,0,0,1,1,,,,,,,,,,,
1790886208,2pWXsELtCwtcKUyvNC6igngswUSQjVpJdY4hA4cTdjaL,PHAT,259dyTrR1KgguVwekv71ehmKfSfkC5fDPfBaxMmr3Fsx,raydium,1789618983,0.00001062,9356.71,10621,10621,0,0,84.96,906.01,0,0,0,0,3,3,5,12,,,-15.2,-41.13,0,1,0,1,CPMM,,,,,,,,,,
1790886210,7xm3vqykDZVuYqiC2HcTf3VerfmhAieCPZmeJX8qpump,BTRD,59GuPXEBHGwzkeMasS6UZCjaXFKwhV3cZJfYCbjisGi4,pumpswap,1790187315,0.000004046,3782.59,3900,3900,0,0,13.65,104.11,0,0,0,0,1,3,4,4,,,-1.59,3.28,0,0,3,1,,,,,,,,,,,
1790886213,DxeBjZk1G43XTbGq7rEMHATUgtvYaNiDDweqbqhbnetW,JIMOTHY,7S95zn3ymcxhvQVMUvZSZgPL9Vj7SprgzNzvBuprUuEf,raydium,1790131062,0.000001330,1784.92,1330,1330,0,49.59,185.69,412.07,0,0,0,1,0,4,5,4,,-6.68,-39.33,-33.43,0,0,1,1,CPMM,,,,,,,,,,
1790886211,AN49E6FiToLMANJtmUiooirLdFFRumtpB8jZDm6PusU2,VC,DxPoyCU6gT8eSdfXz6rrSVcrkFB2uxUbDhvEFqVhNvLG,raydium,1790135481,0.000003140,5346.45,3140,3140,0,0,0,1.83,0,0,0,0,0,0,0,3,,,,0.36,0,1,1,1,CPMM,,,,,,,,,,
1790886208,2jcvq8QcJ8TzEYJKYMCjR61kXVSzib4mEkz89tQxpump,GIGACAT,72tZoSAHAutvD7dP2fNC56aASLxbPXro9jBPohZ8aAvY,pumpswap,1790152341,0.00001830,11993.45,17762,17762,0,59.34,2352.33,7724.15,0,0,0,3,42,37,154,103,,-3.05,-18.34,-25.24,10,1,2,1,,,,,,,,,,,
1790886211,BTzHfjKZnPpNaojtNs38eKReNssZM5LEbRrdK5ZrVyN7,SGO,6qf9kEvtgoKgAjN6EW9tAidJWj8JXjaTDyNHZWDM6sWS,raydium,1790180335,0.000003329,5683.09,3330,3330,0,0,0,0.15,0,0,0,0,0,0,0,1,,,,,0,1,2,1,CPMM,,,,,,,,,,
1790886211,AEVjdvYXXDRBSkt4V7HJ8oL8qVSG3quWCTHvQ7LApump,BUBL,48iVS1iRT3zkFceU43eRyvxd12qVNXvNf3u4AYC4mzTo,pumpswap,1790180148,0.000003046,3003.52,2898,2898,0,0,0.35,0.99,0,0,0,0,0,2,0,3,,,0.89,0.89,0,1,1,1,,,,,,,,,,,
1790886212,D5Sd6RGFcsyCg4UgKMTax22ZYjBrivQXAAGAVAaQpump,APEZCAT,CZ6cVMaSxiQiySYNDwqmZwCZPRaacyjAYzmhtfsoooQx,pumpswap,1790179776,0.000003465,4451.74,3322,3322,0,0.01,3.83,3.9,0,0,0,1,0,3,0,4,,-0.13,-0.91,-0.91,0,1,1,1,,,,,,,,,,,
1790886210,84TgGLh8Pgm9R9YYnmjD5Z18cy2gDUkjTr7B8Zjfpump,JEANDICK,HfzpxoYCmDmkkuEYrEpyXA9XfPD7zy3vcmkwvWp6WFeR,pumpswap,1790179362,0.000002478,2856.7,2441,2441,0,0,0,0.05,0,0,0,0,0,1,0,12,,,-0.96,-0.31,0,1,1,1,,,,,,,,,,,
1790886211,ARTEvs8XSpVJRYPVHuTZz4bEJwfpNVVzgKbrfyWMtXuB,AURACAT,4PmRK4TYca6fmrrZyNg4cm5uMoeUV5Fh5Yb1saq135A1,pumpswap,1790178242,0.000004396,4725.6,4243,4243,0,2.26,2.45,11.94,0,0,0,2,0,3,0,5,,4.41,0.36,-2.53,0,0,1,1,,,,,,,,,,,
1790886213,FjapQEucYhJj4DS91AW3nLTNgrEpwozLVdbcjxQ9rZCn,SCAR,622SbdD9Tm6Q8fkpcmiDRFSxHJLRr18mxjiRNskwbXNq,raydium,1790179603,0.000002504,4605.17,2504,2504,0,0,16.91,43.61,0,0,0,0,0,1,0,2,,,-1.92,-1.92,0,2,1,1,CPMM,,,,,,,,,,
1790886209,48n3WfUWrzQ6mNzwqNDFNVVvFLQBWn3bCHuTEsXPpump,Cateoween,AnuGZ5gQoLfqRHVjTj9FKGeuT6vJTRCTVrxcR27SMbFX,pumpswap,1790195139,0.000002654,2624.56,2479,2479,0,5.07,235.06,235.06,0,0,1,1,2,3,2,3,,0.15,-8.91,-8.91,0,0,2,1,,,,,,,,,,,
1790886213,FVsZHrjBWRJA7nBk6XNJ2Jg9M8v4MPsVdprpg3EAgMHr,CMC,7McrNmv2mZ4u9XpdqSuPtm1iiTWhYjsUA7APZx6ZivuL,pumpswap,1790188414,0.000004569,4437.28,4330,4330,0,4.93,37.51,672.92,0,0,1,0,1,3,4,19,,0.8,-0.6,-18.95,0,0,1,1,,,,,,,,,,,
1790886213,Gcku9A4XsNEv42WjHFrpyNJt5u5nwZDDh1BFyrqGpump,FUD,FzEffYDrAekMdcgBqp92bzqGcee8VQN1nXgZKJLsB2pr,pumpswap,1790189205,0.0001299,31341.13,128587,128587,0,0,248.54,292.17,0,0,0,0,0,4,0,5,,,-2.8,-2.8,0,4,3,1,,,,,,,,,,,
1790886208,2z1s9nrjhTdr26kpNYJrM29h3tyjAp6aKNofbkV9pump,Titcoin,DqmLHwB52rqAM6cEAxiPDMreYe4Rhe6vDy6t5NbNxLYg,pumpswap,1789684151,0.0005696,78791.89,567679,567679,0.2,0.36,207.88,3765.47,0,1,1,1,10,11,23,22,-4.04,-3.24,-0.87,12.7,0,1,2,1,,,,,,,,,,,
1790886209,5nQhjm5FuveEQuKsQtewTBZPSVXqbWhw1A6HEojf6JCi,Crypt,3wxoJjHk3iLk3rWizL2YhfZEZRYzPpkEKs7Cc7AbTQ3L,raydium,1790194732,0.000007587,8920.9,7587,7587,0,0,322.14,336.59,0,0,0,0,0,4,0,5,,,-13.89,-13.89,0,0,1,1,CPMM,,,,,,,,,,
1790886209,4AdFwKHbivTpGjBjenyYxbdtrUdZ6uVGwjhofmh2KN3x,hyENA,DbyLi54EjxaVBWaJxichPnQhMaWePVa1uckhNJ3qdnxk,raydium,1790193679,0.00004566,23390.14,45665,45665,0,532.27,1210.83,11776.88,0,0,2,5,11,11,45,74,,-8.04,-18.42,-17.85,0,0,1,1,CPMM,,,,,,,,,,
1790886213,FNV7tM5GbbUPvXUaLXDBt9Udd9v4yranCWmNkWcSrj38,KORILA,hxkaYJUAzXkYgfcT19rZPmGoN5ARy76LFW654MMRY1w,raydium,1790193821,0.000004511,5518.31,4512,4512,0,0,62.78,181.64,0,0,0,0,1,2,4,15,,,-7.38,-10.84,0,1,0,1,CPMM,,,,,,,,,,
1790886208,2YPWT4QK1Why57mxBZGwBAFckBC4nLwEAL2t6CcCQtvw,FCAT,13L9ZwrkeBXcZL8y1yhxnAkEDaMgyMZRmgvhs6hgLdMh,raydium,1790195440,0.00002521,15125.27,25211,25211,0,107.59,2068.92,9104.86,0,0,1,2,21,20,93,54,,-2.36,-22.79,13.86,0,1,2,1,CPMM,,,,,,,,,,
1790886214,f1ippXecgRpYmsZt6uVRwJJKiBKjN579sVRHsAg2RR3,FLIP,6gHUvXHYaWRgwLZQbB7MQJk2qEkcnEvZTG9RWTiSWCGH,pumpswap,1790194915,0.000003012,3195.02,2870,2870,0,6.83,12.11,30.65,0,0,1,1,2,2,3,5,,-0.71,-0.59,-3.03,0,1,1,1,,,,,,,,,,,
1790886213,FYayBW6PMhzuNUVTJSr4ruk66p1nVhJ3bSmYueMr1ZMS,NightTrader,FnP4qt7ap1JYpMGWDbUULhA9mzsnveMHigu4sG27hMU6,raydium,1790194593,0.000003014,5151.47,3015,3015,0,0,0,40.93,0,0,0,0,0,0,1,0,,,,,0,0,1,1,CPMM,,,,,,,,,,
1790886214,HkjCexiXUFRyo7KiaTT3VxzrWpoJhTWA9DkwnBVtpump,MOMMY,97SR2Q1vv6yszr22auKswJMRcXHZmakUscgR5B38P69j,pumpswap,1790193651,0.000003511,3634.3,3415,3415,0,0,0,6.39,0,0,0,0,0,0,1,3,,,,-0.23,0,0,1,1,,,,,,,,,,,
1790886210,7CEBEYQVe3RvapwgS4QttVehqN9C2Hh859ZGbRWduRDm,OAT,9mmbtyUSNyaa34D1gNf58Mw96ZBdBqK1e5HfnPazPvnJ,raydium,1790215884,0.000002820,5025.53,2820,2820,0,0,0,13.73,0,0,0,0,0,0,0,2,,,,,0,0,1,1,CPMM,,,,,,,,,,
1790886209,5v4kteCUTdGhw8yUWEBmq7SrFoyGbPQk1FS3qWawpump,Fomoguy,3m64gKXEeZQ5vbSuhiDHUEhfJtTiFMHPVUZ1TjgiDwcV,pumpswap,1790225150,0.000003126,3032.18,3013,3013,0,0,21.99,26.26,0,0,0,0,0,2,1,3,,,-0.68,-1.97,0,0,1,1,,,,,,,,,,,
1790886211,9rb2he5QW4ukwGnE6HMCGDxuyfUdkRoWok5VuK4weeun,GrokAI,8NociZX1facrbEVbe35eQShJvzj8myhEqv79U2W6PwwZ,pumpswap,1790217571,0.000003029,2981,2850,2850,0,0,0,0.48,0,0,0,0,0,0,0,1,,,,,0,1,1,1,,,,,,,,,,,
1790886210,7GUnr7krtQhJwd6ASY2VUprd9t4c64zcgCsjdmZepump,NPC,BRjMA8UALNp3diTKHfdeAn5riQrYPoaYez7KhYWD4oEs,pumpswap,1790216955,0.0003179,68366.21,281882,281882,430.03,13614.97,143224.77,587493.1,1,19,82,238,1098,1009,7318,3891,-3.63,7.61,-36.44,40.99,0,1,1,1,,,,,,,,,,,
1790886211,9ni8ZTUidhLWyRF1Uch8BAEEVETMZxtcdupSGim4Mcrj,AH,FRAWy57fh5Wj8FLT3Y44112KY4CjpfDV6Etx6oLKC7D8,raydium,1790077244,0.000004004,3102.31,4004,4004,0,0,20.7,250.5,0,0,0,0,1,2,5,11,,,-16.2,1.85,0,4,1,1,CPMM,,,,,,,,,,
1790886210,7jMAxNVduVyvhh3rvunfGAhH6u46Z2qopqH9vB4hpump,INFUSION,9v7mg2pqnxW2g7vvWFkadjjuEE5zrYeo1eyxNMLMz3Sd,pumpswap,1790236944,0.000003367,3353.87,3256,3256,0,0,0,55.53,0,0,0,0,0,0,0,3,,,,-2.26,0,1,1,1,,,,,,,,,,,
1790886214,yFcTuQJCMsd1Asya15GZ7h4KGdxsujRLcUiTWWXpump,SDOG,CBnBZf7o1hZ2eAiqyCSVKTXrbNF8BLkuNeX65mPpd41C,pumpswap,1790239191,0.0005470,80500.36,521653,521653,633.8,29186.16,131935.95,492838.46,1,5,140,140,632,617,2566,2554,-2.46,-8.59,-24.1,-33.07,0,0,2,1,,,,,,,,,,,
1790886210,8LHgAXXPbMVqd3wmAQbTu4NxuRRe3qowgUSLiKmFpump,dap,AatUCcoFPRovvTrSLUzN8yfjuvnQHfVoThKQiyfsHvEr,pumpswap,1790280704,0.000003630,3982.68,3477,3477,0,0,0,16.27,0,0,0,0,0,1,2,7,,,1.1,-1.58,0,2,2,1,,,,,,,,,,,
1790886210,74QqbxgSWRTM6TvxpggsosuEwN21tmjZRSegyfFANAf9,AI,8iXGs3rSqshaWD9iCZEXu5XLvD5CUhuu7DSA7kd3Cg92,pumpswap,1790279430,0.00003028,19714.38,29643,29643,0,380.42,2685.25,17690.42,0,0,9,6,25,32,176,175,,8.15,-16.36,-44.52,0,0,1,1,,,,,,,,,,,
1790886208,2Ngvnnkwrwq5u4RYV5WYKJ2wiQoEkKaVCc4LuuhYSTNK,STONKBLEND,CKEsUxqASEAEMwJE2Yn9SV5HPyFgcQhPcM5bF5vaJPP7,raydium,1790278499,0.000007144,7440.38,7145,7145,0,11.1,129.62,731.17,0,0,1,1,4,17,22,65,,-0.25,3.72,14.71,0,1,1,1,CPMM,,,,,,,,,,
1790886213,GaSqnZJnuwFfxhTHJnLDCevHKMfgo5KuqzxuFqSWqoYN,WEED,Eq3cFGAkquVzPKSY96xrKvodDwvTXGXJbpQfXYYZgYUY,raydium,1790302518,0.000005081,8341.52,5082,5082,0,3.75,16.03,63.13,0,0,7,2,20,8,34,24,,0.96,7.16,3.51,0,1,1,1,CPMM,,,,,,,,,,
1790886208,2SE4qjAbNtq9kTLktRA9aZzGpYhRwran2TVwuZ2VJgan,星链,HDHT1pXjeaXG7J44CUTjcsWeq85uJatkDCEe1KZqnsFq,meteora,1790304210,0.00001546,8542.58,15468,15468,0,0,237.14,1076.93,0,0,0,0,11,3,43,23,,,8.83,9.77,0,0,0,1,DYN2,,,,,,,,,,
1790886212,C61oA922BKGFkQMEE27QYkAd15NsRh9T6H462LYHk4DU,POKESTRTGY,2JcCoETAWYmEvpM8ixSDoQZpRbYXzXk4XPdLHkCjGgVi,pumpswap,1790303869,0.000006030,5439.58,5912,5912,0,101.01,473.6,881.92,0,0,0,1,3,5,6,23,,-2.76,-6.86,-22.97,0,1,0,1,,,,,,,,,,,
1790886209,5g9PWcRUHpmqm5uKycpShKXJB18sGLeCEzgB3qrRpump,SWARM,Ftjga524YrS7RPzGCcezMuQnFDYa8PcvWDY5mFmZk5dy,pumpswap,1790326034,0.00001904,13092.83,16769,16890,58.17,256.34,3208.81,17086.84,0,1,14,3,58,34,7154,182,-0.65,0.92,-11.42,25.69,0,1,1,1,,,,,,,,,,,
1790886209,6Cw4kWUaZHmh71E3YRiHFRvLA28EiYp4Px2GkUrXfvWM,Shillpad,HsLx3s5UmRTkN5AHYARqGaz2JfphuCY7cVycLAGmafBE,pumpswap,1790325220,0.000002950,3082.9,2862,2862,0,0,0.05,0.23,0,0,0,0,0,1,0,2,,,-0.52,-0.52,0,0,0,1,,,,,,,,,,,
1790886209,5NhN6zzDkzwXFGPFqtpTopV4ttBeZ6CWy1oRL9Rkpump,Bagwork,3yXXas5wQqC6LzV9x22GEqVr9Dgg1VC6yynkVGhRWJWM,pumpswap,1790345694,0.00001123,10010.16,10899,10899,0,11.26,1501.53,5478.88,0,0,3,1,20,22,78,116,,1.26,-10.54,-17.61,0,1,1,1,,,,,,,,,,,
1790886214,HdFjuK2KPLDXHEvD46FU9GEbujiYJJG3SGKDJttCpump,NUVEX,G3ES4o6JmGUuRqjkjK56fWiGLCwLY3DyoGoG9k87wWHb,pumpswap,1790345098,0.000002809,2828.98,2686,2686,0,0.03,4.96,45.26,0,0,0,1,0,2,0,11,,0.28,-0.44,-3.71,0,1,1,1,,,,,,,,,,,
1790886214,jLz71QZfjnZZMLjUaCBw7KmUyftkkNq8NkWi2u9dyap,YAP,Ax9GpoBxTKb19NMj4eJhNsy163xuUGmFKrLpELeQK7LX,pumpswap,1790345473,0.00003895,21686.69,35436,35436,36.71,171.57,5671.29,26269.36,1,1,7,6,67,84,488,375,-0.05,-1.61,-15.75,-26.15,0,1,1,1,,,,,,,,,,,
1790886212,DYM6DRb9W7dQa58Jn717dDSVKP5KwDSevdptfwwcpump,BackInu,EnzLEU9coGXhz5ggtVQ6y5vRJbaZ43vpriWqZcszxPfP,pumpswap,1790344647,0.000002802,2978.9,2764,2764,0.68,17,75.71,223.24,1,1,24,13,86,64,217,151,0.01,0.35,3.73,3.19,0,1,2,1,,,,,,,,,,,
1790886213,DjUwjdo4eujo8wq9hjdiz8o54hxgGaQ6U61JHixqpump,MEOWLIN ,9nJ2LihFrz7oGdsQBh22aRpsVCzDbXZhVdCHLA14bqY5,pumpswap,1790344193,0.000003143,3556.87,3064,3064,0,0,5.68,13.16,0,0,0,0,1,1,3,10,,,0.64,1.43,0,1,2,1,,,,,,,,,,,
1790886212,CmTFnmtW19nCEz5QGmV7ojqhVKaXJVsPwR6t4QvCGiBd,Poocoin,DtN6LWpZy4dsiyMEN1on3xUrUr2pbEm9ELsX71r8qz3y,raydium,1790344630,0.000002292,4296.65,2292,2292,0.34,3.78,51.78,75.07,0,1,6,3,25,13,40,25,-0.18,1.95,0.32,-0.54,0,1,1,1,CPMM,,,,,,,,,,
1790886209,6nNdopDSgM5vn2hTgfWWkM9xE5fqZ6NqhJSBBygveNc8,PSYOPANIME,Ac5rF5VkE8kdSNSf4vA8kkfSJAmigwJVnMTwu1Vr2eQe,pumpswap,1790390377,0.000003381,3307.12,3222,3222,0,0,0.1,1.03,0,0,0,0,0,1,0,3,,,-0.49,0.46,0,0,0,1,,,,,,,,,,,
1790886212,DMZtsWeDaPRGU4ziXxcEMuPbXh1BmDm5iR9LirT8ZoHG,BEEPLE,A2ZBmfRQbkLH9KaGSfauCEhWMhmYADQYEST4hzjRcPZr,pumpswap,1790395582,0.00001205,9032.79,11754,11754,0,2.56,4091.43,8457.41,0,0,0,1,39,43,78,96,,-0.18,-9.71,-5.73,0,1,1,1,,,,,,,,,,,
1790886209,4LBPTZUaJdBNHEEBbzFeMXaaZzD5cggtsorwYaPtzbiZ,x/acc,5kZLBoyQnpoiCkwMjv971MrkhuJBPW8cBfyz6G4uYkxU,pumpswap,1790393512,0.00001972,12107.34,19056,19056,0,583.87,56783.1,72241.48,0,0,7,7,692,484,856,631,,-9.77,103,72.5,0,0,1,1,,,,,,,,,,,
1790886209,41g3m5wZ6S954QG2EKtHZ4qpv3CfDHV5LHSVfbdCgnAM,a16z,Bskm7ycvt2aoVK5xW8MnyQLyzrgPnfcnehC7nF2ByVFu,pumpswap,1790396313,0.000002868,2850.9,2571,2571,0,0,0.04,3.33,0,0,0,0,0,1,0,3,,,-0.35,-0.59,0,0,0,1,,,,,,,,,,,
1790886211,9fgGFfdHUfeMeDUd9DjJaRjpJ7oz38j4ikwf3uxrayPS,FROGE,4RtXmksfJYaQoBJvGaP4e6ByDdvyXvf9BrVjxFBDHh9q,raydium,1790436855,0.000004236,7962.88,4237,4237,0,0.11,0.11,0.11,0,0,0,1,0,1,0,1,,,,,0,0,1,1,CPMM,,,,,,,,,,
1790886213,EgHU78SQ7Q9ESYQFo7q8zf8euHtzLZGABZ2Gi8Tppump,Jerry,59z4HKSwS3nE6bBx8i7My4NUfb2j7GVCnzs8yiN1aExd,pumpfun,1790378341,0.000006702,,6702.31,6702.31,0,0,0,357.4,0,0,0,0,0,0,0,3,,,,-10.26,0,0,1,1,,,,,,,,,,,
1790886214,HeEC24FVai9uFMnz4PHCjuAdHcCMQQ1Uw3MZPWyxBGMe,Elizabeth,7EpPd5jbLy1oeNQcx7ErFeCoVW7UekLuR1tf4BYURHS3,pumpswap,1790439445,0.000002824,2772.27,2495,2495,0,0,0,2.53,0,0,0,0,0,0,0,2,,,,-0.74,0,1,1,1,,,,,,,,,,,
1790886214,J6rYa7tX5UeFs3dSKiSLjgq4RE7ywaorkSSjpykqSiSL,RELOOT,CgWe8h6wW7j8ijhQeLe6i5a4mV4i5kdyXL3nijTEEBe2,pumpswap,1790438118,0.000003425,3506.97,3271,3271,0,0,5.94,8.37,0,0,0,0,1,3,1,7,,,-0.58,0.31,0,2,2,1,,,,,,,,,,,
1790886212,DH1nPfpA9mBVeS4X7Roz9NN97GtuuM8zyEKaGW2a7P6,STARLINK,HBE6JpFPMFMShtkzGyJqpLZvWZq6M18rsu41KE8uLGnB,pumpswap,1790438798,0.000004255,3919,4082,4082,0,0,289.81,376.62,0,0,0,0,5,6,15,20,,,1.06,-0.6,0,0,2,1,,,,,,,,,,,
1790886211,B8A4bitd8bfsLYZQ67qbuwQxAZAY7D1UCXjJoYd2pump,LOTTO,5hiEDaJaVzGFfktmPLLCnPYznEwECS6TnKYoWTC9eFxF,pumpswap,1790452717,0.000003139,3258.87,3057,3057,0,0,0,1.02,0,0,0,0,0,0,0,2,,,,-1.24,0,1,1,1,,,,,,,,,,,
1790886213,EwtxFx9QtsxtzdGF35RgFLpdmzqwadk65iVyNQkaBAGS,BAGSPAYBOT,64rXssNSnkQ2Kqv7Vew3oWpikZTT8h5tYHtPoNawUZto,meteora,1790453910,0.00004075,17610.25,40719,40719,74.94,1628.63,26457.39,261109.1,2,2,31,36,401,414,3158,2738,-1.38,-0.7,-34.02,204,0,0,1,1,DYN2,,,,,,,,,,
1790886214,Hi1as6uhggN1rGGyjptvtdyqk22tLiQLBusag4C6pump,PaidTok,GRARkUKsJ2DwQL5JAwNB6Us3zEihNRaLJMJZ2x8XSrs6,pumpswap,1790454414,0.000002535,2548.29,2375,2375,0,0,0,74.4,0,0,0,0,0,0,0,1,,,,,0,1,1,1,,,,,,,,,,,
1790886212,Cjr8n5eCY2HsZ7iyfyiLxcPA3yYTegGFqzRdp2xPpump,pls,J25nLoj9inJz4tyPqxKxnzwG5joVVCxuzoHcLxrcARW5,pumpswap,1790474437,0.000002573,2587.99,2462,2462,0,0,0,0.35,0,0,0,0,0,0,0,1,,,,,0,1,1,1,,,,,,,,,,,
1790886209,5u21uHjzfqcG9LYK9HNxZCthLHnzkCjqc14GPjSeVnid,MITSUNAKA,2BHD13ySqiFQnr63zcHg4kCR9JJbB3VPjjLja1ek1yWw,pumpswap,1790474944,0.00002428,12254.87,22708,22708,24.22,93.6,3089.81,17761.26,1,0,2,1,22,23,145,116,1.32,2.29,-16.49,32.05,0,1,1,1,,,,,,,,,,,
1790886211,B6833pbooyxuTH5ZBriapPrngkt6hiGNviKqkjncv88D,BUCK,C3s6VhHqiVsVpCpr6sH72NTWEvZhdhYcHzxV3Ti9jZ4q,pumpswap,1790474548,0.000003114,3025.46,2917,2917,0,0,3.46,12.73,0,0,0,0,0,1,0,2,,,0.17,0.17,0,1,1,1,,,,,,,,,,,
1790886213,FvYjAkbhhzpp3Rk3BoSLVKjYpi2zJ4baAS26R9hupump,XLife,6qhovtHjjSvgRibL33jAyZbfTugghoym72vDX3GHLR7A,pumpswap,1790476478,0.000002754,2937.18,2720,2720,0.88,9.78,90.41,208.49,0,1,17,10,87,67,189,155,-1.18,0.38,2.1,0.65,0,1,1,1,,,,,,,,,,,
1790886212,CTyCxPQSEH3UhJJH7PnWWeXNjqKtTaHeB4qHD6oC9Pz5,ALIVE,2FmKrU1zG9pFVaPSxAQdxNosT2YwvT2yreueWDAWjYx8,pumpswap,1790497988,0.000003560,3379.11,3347,3347,0,0.72,0.72,4.21,0,0,0,1,0,1,0,3,,0.69,0.69,-0.94,0,1,1,1,,,,,,,,,,,
1790886214,H7kfBWQqs5asqvzynqRaS6h9jLFc9g1tDQYPnbDSpump,DKILL,9dufQSfLH84Eqan4TCmEPdW3wb1uh4qf3LrczzDfQPYP,pumpswap,1790477080,0.000002629,2708.74,2545,2545,0,0,1054,1094.68,0,0,0,0,5,9,7,13,,,-17.19,-18.32,0,0,1,1,,,,,,,,,,,
1790886211,AJaHwyub647xPacnAL8ysByhcf6Xc3HEywChsCBzpump,CYBERPAID,5XXfJ7XZU14WB511CiVf79NaeCcLRYjBGYVoEjJ4tUwu,pumpswap,1790476167,0.000003344,3983.75,3247,3247,0,0,0,0,0,0,0,0,0,0,0,17,,,,-0.64,0,1,1,1,,,,,,,,,,,
1790886211,BJDfhK6xJhj9Ln7PXCFZL6ZofEXfuDAo9cAmKCFvpump,CAKECAT,7aEKLSNcJgjNGvnnYsULYCTxZeUwevbS8qCb9gnKFW7t,pumpswap,1790476744,0.000002797,3007.44,2762,2762,0.09,14.57,108.91,252.93,0,1,28,20,103,72,210,158,-1.26,-0.99,2.98,1.35,0,1,2,1,,,,,,,,,,,
1790886209,4uPwkvg3BmL9LapxugKLyGas2PNpNeWzdxgnUtj6pump,TWJ,EBzVDGCzyiXBiutqqvLxQXv3wvpMPyEpECFCNVduNHpm,pumpswap,1790480854,0.000002526,2696.48,2426,2426,0,0,0.75,0.87,0,0,0,0,0,1,0,9,,,-0.35,1.16,0,1,1,1,,,,,,,,,,,
1790886209,5sNJcSVdsLpaqqMANjUEDs5RFqXgbMshUwPqH9g4NQ4D,BUNDLO,9wabcnQjY3KKXv2WBpwX1Yi4RUnAw7VU2bBSAM1ZC5qy,pumpswap,1790479873,0.00001048,7415.27,10090,10090,0,303.23,3807.06,7486.86,0,0,0,4,51,43,103,96,,-12.21,-21.59,11.52,0,1,2,1,,,,,,,,,,,
1790886208,2LSBaYZ838GsbC1wzZCzyQo7bYL7ZLPqxBhsAV3Ppump,TIPPED,T5cm59Dv4rz9L7cUTtZQ783kiX1SWiSw59R7QMBDoDc,pumpswap,1790482767,0.000002502,2578.93,2421,2421,0,0,0.05,1.57,0,0,0,0,0,1,0,6,,,-0.92,-0.91,0,0,0,1,,,,,,,,,,,
1790886208,2dfWu1S1oiToSsnLoZFbMcHgMuy9W665YWzCvdof58zi,AAF,88vff5Cqwes7TbQZYV3TkwgoJSbgz3utngu579CT5qgv,pumpswap,1790481643,0.000006736,5774.34,6561,6561,0,280.23,783.83,2464.81,0,0,1,2,7,7,35,40,,-8.08,-8.33,-10.72,0,1,1,1,,,,,,,,,,,
1790886212,CC5D6puFmcsnGaJh7kNXeAcRpL2SZzQfoQezvx45uKjt,WORLD,FGXMnchTt8tQc8mEHgWiWhrUHHUHcMAzCvgaYuaCmghz,pumpswap,1790485934,0.00004126,20542.1,39700,39700,182.63,339.29,10963.67,31894.37,1,2,5,14,157,214,347,542,0.32,-1.19,28.05,81.6,0,0,1,1,,,,,,,,,,,
1790886208,3K9XzpAs2wn5bXJPpgxpExmNjJLvFCV9BhPGFuPipump,PUMPPET,BsXuKLwGEkBZP23N8nTyBc2zGz8SybJbCDh5QDqvQ7DQ,pumpswap,1790525588,0.000002485,2548.22,2384,2384,0,0.06,3.87,9.01,0,0,0,1,0,2,1,3,,0.04,-0.65,-1.96,0,1,1,1,,,,,,,,,,,
1790886210,8C45BmADgZjG3KPCNHCW37XxJujj96A1U8rJb13HWbag,SOCIALBAGS,FhAJpZh2BYH2oafdA6p3BRFqMwRYX9P469sXnLES454F,pumpswap,1790525985,0.000002735,2704.52,2588,2588,0,0,0,139.36,0,0,0,0,0,0,2,6,,,,-6.96,0,2,1,1,,,,,,,,,,,
1790886209,6EnB3XhTqXbAcRaLwk86zRQCLFrFwM3nL9W5CdXSpump,FOMO,8QXh7JAQ12iFJkrqFCyJ2tVumXiahdKXhvjHU9pthkpy,pumpswap,1790524651,0.000002903,3279.72,2723,2723,0,0,9.9,9.93,0,0,0,0,0,2,0,9,,,0.98,-0.15,0,1,1,1,,,,,,,,,,,
1790886214,HH5btUAy7FCFCJYfDB9FV5x1Zk5SLJtymoPW32U9bJ9m,Em-8ER,CKKp4gZ4UYobGQm5R1CDVs4PeBFt1cLfnbkjcNMGCGTf,pumpswap,1790539879,0.000004037,3948.11,3871,3871,0,0,150.46,458.73,0,0,6,0,6,3,8,10,,26.48,22.64,6.19,0,1,1,1,,,,,,,,,,,
1790886210,7fHxQvcWdvNeVx2Ni33t2BEDc1zfnZ8LCRdwX8STtrcH,PRE,GYAVCbcU9xrPNgrpiX2DViA3ituRsmRfFLUBc7LoLLJL,raydium,1790387135,0.00003191,14562.42,31913,31913,0,0,878.8,7384.47,0,0,0,0,0,3,1,42,,,-18.02,-74.59,0,1,1,1,CPMM,,,,,,,,,,
1790886211,9UtaRjir5Q4HRG8d8Z8F7jRgHGLBBwp7PR4rgBnoyr3z,MG,J41n3LDS2WYDXNq4RRvG2svir1svEduzH32g5Dt9SEvg,raydium,1790521985,0.00003122,16860.35,31221,31221,9.55,337.69,6188.13,13064.94,0,1,1,5,68,47,191,115,-0.16,-7.32,-25.51,-37.87,0,0,0,1,CPMM,,,,,,,,,,
1790886210,7QiyCnBd4g4d4qY7byX5SeqvtpSmmdhB849qoCiHpump,jeancock,GMGwdnREKQ6FnTfMZ5XAiKuLqXDGQv6kzVf53pX2fNvx,pumpswap,1790525488,0.000002638,3040.33,2602,2602,0,0,0,0,0,0,0,1,0,1,0,9,,0.62,0.62,0.87,0,0,0,1,,,,,,,,,,,
1790886210,7ESoDXqwqKUQBWdeqygNCFZroAtemHxyK8EPcjgPV777,LUCKY,Aavh7YD6RRMVSn8Heb38rH38bk1vqcb5ZDX6PJyVu3XQ,raydium,1790541551,0.00001041,13465.95,10415,10415,0,0,123.49,1651.42,0,0,0,0,1,3,6,12,,,-3.99,-34.49,0,0,1,1,CLMM,,,,,,,,,,
1790886214,HTwigtUK8W3FWke5mD66np7Hnh5XF9i6WDC5GcdMcYkV,Grokler,9ZLRQPNps1XkgWotaqexP3pVxsHHNNRWp1V95fiMZQze,pumpswap,1790541470,0.000002708,2825.82,2645,2645,0,3.99,6.13,13.5,0,0,1,1,1,3,1,10,,-0.11,0.27,-0.62,0,1,1,1,,,,,,,,,,,
1790886213,E2BhyHh5BU14h4FQSdzRreFrq3pTdPoQ5ahznpq4pump,TRUMPTXT,8j1NxmMFQRru5nWe6i2RhyPAXKPPusPf8ci3QPRibvVJ,pumpswap,1790540662,0.000002454,2671.43,2379,2379,0,0.17,0.17,0.17,0,0,0,1,0,1,0,5,,0.86,0.86,0.94,0,1,1,1,,,,,,,,,,,
1790886209,6Apwsn3iB12bWaN9XeipPGVPRFeSLpnTTQZ7EgW6pump,100x,61eHK4aq89abydAzqk9PF8JkcJK7obwVa7GpPxcHLQZK,pumpswap,1790541539,0.000002612,2603.79,2494,2494,0,0,6.44,266.33,0,0,0,0,1,1,1,6,,,-7.97,-18.42,0,0,2,1,,,,,,,,,,,
1790886208,3aX2LiRHxAZvyKD14s5cMSvzcNXVDbGPvE3A1qBvpump,FOMOs,4dYGhTSFe7w3o96BN9hSnW7UvqXU2FhYVx3KsAKPYqoe,pumpswap,1790540645,0.000003444,4373.57,3354,3354,0,0,0,23.44,0,0,0,0,0,0,0,8,,,,-0.88,0,1,1,1,,,,,,,,,,,
1790886213,Dc71BqUvJJoWo3KukxyABjVoMjAJATQ6y9SvNBHpump,DOGHOUSE,G3VADcMfdEDKqFY8USH7jQJRFehaRDyvbLkncCN3evWv,pumpswap,1790564864,0.000002484,2469.28,2308,2308,0,1.97,1.97,10.2,0,0,0,1,0,1,0,4,,-0.28,-0.28,-0.82,0,1,1,1,,,,,,,,,,,
1790886212,DJ92CL7Z2dvVSE8reTUXTaKCax8jbYzfU3C66ziQpump,foom,axd1iRwfborKAmpRx52kENNtdZAStwfKnNSbab26Cnf,pumpswap,1790563287,0.000003741,3844.89,3621,3621,0,0,1.06,412.88,0,0,0,0,0,2,10,16,,,-0.07,-17.69,0,0,1,1,,,,,,,,,,,
1790886211,9VXMEkhYKcj9s4dvzz3GF4ZfHGc5oAURiSY7ftPpump,peptober,5duvGDEt9YPVmGPhs3xPoEajzvjUinNXC2HCmpeHs96u,pumpswap,1790562128,0.000003893,4794.92,3726,3726,0,1.28,1.28,49.06,0,0,0,1,0,1,6,18,,0.49,0.49,-0.9,0,1,1,1,,,,,,,,,,,
1790886214,GtCToMycmxSbXzLpuQZVvM4QUGV5nHGLfRU3auhVpump,MrBeast,2ZDA1CBfgiJMeteFXNgMnYb821VBe2cBSMQB2aR6X59Y,pumpswap,1790555476,0.000004316,4138.25,4296,4296,0,0,0,215.7,0,0,0,0,0,0,0,4,,,,-6.68,0,0,0,1,,,,,,,,,,,
1790886213,ELP7DpZvv41KzWewe513ZPBwTESsuxgzCJzh9zXn8WGd,1000X,7iNfGK8YqCEi3NNCvy8rGyvWrGb4iFgTuTqFkdDmpf9g,pumpswap,1790582906,0.000002901,2943.94,2803,2803,0,0,4.17,25.69,0,0,0,0,1,2,3,8,,,-0.42,0.77,0,0,1,1,,,,,,,,,,,
1790886213,Eo9Vh9YyheFfZBkRme4vgGP7bCbBoKH4mKgRKU87pump,e/l,EhAWwNENJahxZDN9BE4Dj4SkJQFYnBwgq5yw1Kt68DZY,pumpswap,1790583580,0.000002391,2502.3,2307,2307,0,0,0,7.04,0,0,0,0,0,0,1,2,,,,-0.09,0,0,0,1,,,,,,,,,,,
1790886210,8keYKKzA3P3Md7nYdXnLy4vejMNVnJNWSHe17vbopump,WATPONS,GxVciB1xsX2ZzSM7rsZDs67wm1ggW5qzgnVS8dr9jfe3,pumpswap,1790583692,0.000002478,2758.64,2402,2402,0,0,0,0,0,0,0,0,0,0,0,10,,,,0.67,0,0,0,1,,,,,,,,,,,
1790886213,FQUrgVHNvNc4GpRk7LohobvfXNEsPf2Khw71Z5h7pump,SPACEPAID,4v9U5YykSfc1LNZuDprgmx3SWqWWVrHHR2wvWBARjY9b,pumpswap,1790583741,0.000002407,2617.83,2334,2334,0,0,0,0.05,0,0,0,0,0,0,0,18,,,,-0.5,0,0,0,1,,,,,,,,,,,
1790886209,3wkvhVS8gmT3dSwVYpEwPaJcDjL839gYv9sAD4C2SbVQ,CORGI,2LMStZZJttyTA4k6SDFVXR6EvFRtFS5G8oo5eLsH7yDE,pumpswap,1790583854,0.000002944,2984.95,2827,2827,0,0,11.5,139.28,0,0,0,0,0,1,1,8,,,-0.02,-9.57,0,1,1,1,,,,,,,,,,,
1790886210,8mXrmxobq3kx8FCgNJvo652S7Nqta4Uo4sK5LyuDpump,truin,7enZAECMVJVxu1iguLSKsjPJ38RQjcXNbRMAj8j8xCsb,pumpswap,1790585008,0.000002431,2520.29,2284,2284,0,0,0,0,0,0,0,0,0,0,0,6,,,,0.67,0,0,0,1,,,,,,,,,,,
1790886208,2GyjqZhMUWxpuiVgypqV6KZ1agbzgitEVUU16mSnpump,BAYPAY,5AMiVtueS8hLsSd5hF9tYEQ8fUtZxrpRcTuSPjgkPxoT,pumpswap,1790612904,0.000002567,2592.32,2485,2485,0,0,9.59,9.67,0,0,0,0,0,4,0,7,,,-0.24,-0.75,0,1,1,1,,,,,,,,,,,
1790886208,2yu92oYzBWLAdVpu8BoaLzmM1oxPsHoboay2BXmeDDZr,FROINK,5L6SiELCoXrV9CtcfwUGKJf5EzCRTyDDmkbth1yEKp9f,pumpswap,1790608143,0.00006974,29442.54,67045,67045,0,2748.81,24818.75,140267.91,0,0,38,24,255,186,1177,1044,,2.72,-19.78,-52.35,0,1,2,1,,,,,,,,,,,
1790886211,BW1HeTnP1ZpSyvoExMKCW86vdEAShjwBV6dUfgZwpump,SUBS,whjdPho1efdTJQ6N3kqeSRiM9dab8DkYHFDprGekoqs,pumpswap,1790609333,0.00002159,11951.94,21038,21038,0,910.04,2987.64,15240.31,0,0,10,10,29,41,138,117,,5.77,-8.56,175,0,1,3,1,,,,,,,,,,,
1790886211,8zQpvE4DFGYVZ5kx6mV2gNUgcTjNHTbhYcemxGNnyeGc,UNDERKOFER,HnMroL61nSi3ekGfEicrkWuMxLCRfVyeSAchRgwR8EDQ,meteora,1790610272,0.000001860,3554.94,1861,1861,0,0,0,98.6,0,0,0,0,0,0,2,1,,,,-5.27,0,1,1,1,DYN2,,,,,,,,,,
1790886209,4fb2Y9QmrJCs89fj4eRL9GekV8LYz35RCZziKaus6oxB,WAGMI,GPnnXKBNZRvbtfXHnrQBCK895kFcBzT8FBDmjHekMorD,pumpswap,1790612527,0.000002695,2665.26,2526,2526,0,0,83.12,84.51,0,0,0,0,0,2,0,4,,,-5.98,-5.88,0,0,0,1,,,,,,,,,,,
1790886210,7qLn9eW3CHiCMJWokv4Kxmgs4daSnnRE4hxAzqqFpump,STILL,CgKUPJruYqA517biEm4kpF3tUqf3ecKDyzyAVxtMLCYH,pumpswap,1790612412,0.000003402,3515.08,3327,3327,0,0,168.91,241.33,0,0,0,0,0,8,0,26,,,-10.1,-14.59,0,0,0,1,,,,,,,,,,,
1790886211,9N6ACb1W2GphDbAXXtXCBRCAQ4XHVBcafmBuf8Yhpump,MrBeast,2WJ3RX5N8gS8gDE2eZMFcpqvctj7sby4gNV1kJT4bQkH,pumpswap,1790612048,0.000002106,2124.84,2097,2097,0,0,7.97,7.97,0,0,0,0,1,1,1,1,,,-1.27,-1.27,0,0,0,1,,,,,,,,,,,
1790886208,3NLfcS6P3RpVQ4i4he7xYp9amQScvTvoLMi5iY7cpump,LAP,B426apUrQMYC1ocQRkyfKDpyGV9dNQZ6TbgXugAUUgzd,pumpswap,1790649236,0.000003859,3858.72,3700,3700,0,5.76,77.9,435.29,0,0,0,2,1,5,6,21,,-0.19,2.67,-4.51,0,1,1,1,,,,,,,,,,,
1790886209,5Y6eKGzrLr36wWd5XB4XkRrPfqgkcswudvJ9mv9Bpump,TEAPARTY,AsAYgWc6WfE4K8m5YnftgoDnHhcGxuYYhQxvC2qqyZ4Z,pumpswap,1790664409,0.000006092,5751.35,5748,5748,0,0,0.16,931.96,0,0,0,0,0,1,8,33,,,-2,-24.99,0,1,1,1,,,,,,,,,,,
1790886211,A1y5NQWAmtqQahPHP9Jm7sqezAzjgK5Atz3fM6aBc3zV,アル,ArzhwpqAyV6P63fLbvak6KJQt3db4Nefa6KhnsyMJBiZ,pumpswap,1790671089,0.000002854,2826.35,2714,2714,0,0,1.58,239.63,0,0,0,0,1,2,3,18,,,1.67,-14.72,0,1,1,1,,,,,,,,,,,
1790886213,FTBq3qcxyehLD5VzDG5EfKhWBB5vXZtq7g6qepUAoVpx,K/ACC,7JsJoN7Zj9HqR1J7Cg5HusyoNhKM6uRzJacxLQXaoAoG,pumpfun,1790409310,0.000005398,,5398.55,5398.55,0,56.8,4060.04,5376.13,0,0,0,1,31,24,44,48,,-2.98,10.89,-21.07,0,0,0,1,,,,,,,,,,,
1790886211,9XfpZm62wSzbN6XCpu3bM4HbTHwzPYEKhqnEh3vHpump,CHONKCAT,7mNR4DqXEZ5HMaSFXc1BMmFhCzkwBGezYVHmSUHC2sum,pumpfun,1790670659,0.000008679,,8679.16,8679.16,0,416.31,6450.53,22945.27,0,0,4,8,50,62,244,239,,-9.08,-45.51,-47.47,0,0,3,1,,,,,,,,,,,
1790886212,BzX5mofDT6fKSK9zMrrj1eKbEL57kt8d8Fwwdx6Apump,p/acc,AY74fazXqkerpyT8Sq4sUKsSZKNK64o1dQA4mUTfZ69R,pumpswap,1790670932,0.000002628,3017.18,2539,2539,0,0,0,0.11,0,0,0,0,0,0,0,25,,,,0.25,0,0,0,1,,,,,,,,,,,
1790886211,BGKX2Vk5RMCrnmAn9kCnF6EKCVVFziX4GybEM2jhCV7P,BUTTHOLE,CT1kdk4eSX22QLVSfce7b7a6CxdNGMCA9QpjKHXmw5qP,pumpswap,1790721558,0.000002934,2953.89,2817,2817,0,0,3.98,119.35,0,0,0,0,0,3,3,14,,,-1.14,-1.61,0,1,1,1,,,,,,,,,,,
1790886211,A3dtfF75L6Aj9QZ4EEz8LpxZpSZHHcactYtv571Gpump,SC,9tzq4aV2BPd2fSW8cjkcCiBbCYzNzEkznMh11bHYrvQ1,pumpswap,1790721313,0.000002448,2687.18,2403,2403,0,0,0.1,29.32,0,0,0,0,0,1,1,3,,,0.62,2.46,0,1,2,1,,,,,,,,,,,
1790886208,2RFUG2WSvR3v4pGSGj5yNKiFrNM1EhyQWr4XvvHBpump,dotbook,2aYPEYk6Mxguhqfv6frMkFpNhiPZZYVunLspuX7GRqBu,pumpswap,1790721759,0.000004299,4010.97,4050,4050,0,0,23.17,1827.23,0,0,0,0,1,5,21,46,,,0.56,-22.89,0,1,1,1,,,,,,,,,,,
1790886211,AoJUHgDTYAFVQbUDsk7SJWh9gajG28UJKjNN8DGfpump,MYCOIN,FrPGzDYaMCX5yUdmG7u1pLShncKUcGqNCLM1CjrUmugb,pumpswap,1790722294,0.000002449,2443.35,2350,2350,0,0,0,2.8,0,0,0,0,0,0,0,2,,,,0.01,0,1,1,1,,,,,,,,,,,
1790886213,DZ6RSpHaBaKBowHgaRvBCVeY7aEDBTRqVd23HUTbpump,FINGER,6Y79SAWtVQYbwDm46KSmWPHL1583yNmVNXD95xaa6pW1,pumpswap,1790721168,0.000002391,2514.91,2314,2314,0,0,0,1.21,0,0,0,0,0,2,0,9,,,0.27,-0.1,0,1,1,1,,,,,,,,,,,
1790886211,9SSe89entupJKK7bZ8WbaX1YY5b78CGUaUNzfGonst9d,S23,6q5VjAAgUjYzjh25tPa93kAgzQ3vs4jvtatpXpMWcsyB,raydium,1790706317,29.90,31202.57,164494853,164494853,0,254.26,269.13,297.5,0,0,0,2,6,3,14,11,,-3.19,-3.06,-3.12,0,2,1,1,CLMM,,,,,,,,,,
1790886211,9aqmJjCnnMQv42TXLk921ceUkN35nea2QP969n1caqjj,SI,7Nj7mBE7iVmjvnBHNvjgaz6G3ZktTHFNbf7aQDfZ7iNR,pumpswap,1790721877,0.004242,258199.21,4119603,4119603,6834.12,196991.79,1920343.32,9954960.01,62,51,1310,855,10634,8435,52100,41980,0.04,-16.5,-42.19,27.28,0,1,1,1,,,,,,,,,,,
1790886213,DtFkKBC3Cmi9j3SxBGRUd8gvBLw7nAasrvUJFB69yubM,SI,FFwYzQCxhGGeARtyDr77nsCHbXqSnKd3neUWKLaanwdc,pumpswap,1790721534,0.000008384,7780.99,8242,8242,0,44.16,594.37,4300.07,0,0,3,0,9,17,59,108,,2.45,-10.05,-25.84,0,1,1,1,,,,,,,,,,,
1790886214,J47Jmw8ndwu6Vt6ZubD9C9VUVHi6uWsBE2XPsEjmpump,FKCANCER,GmidegQQZSu1GqxQKLmANEzEbHGCri86M2iQhY2ipidV,pumpswap,1790727007,0.000003972,3856.65,3855,3855,1.96,6.17,32.22,3343.75,1,1,12,3,30,13,77,155,-1.23,-1.08,0.81,-59.57,0,2,2,1,,,,,,,,,,,
1790886209,6e8LLHkqCTa4mzGuL1PoUxSfeHmDeceJ3DaJSSUNg937,ARTHUR,Ftejc2f8dKL9q9RmrtTen6aXPhNdbr8dvNvDbEx56p3H,raydium,1790725047,0.0009358,96876.33,935845,935845,2006.6,40999.46,272056.11,1237651.91,15,4,229,132,1413,1078,5919,5044,-1.79,-19.62,-18.93,-2.51,0,1,2,1,CPMM,,,,,,,,,,
1790886211,Azjiz2uzEDUzUCgkVfoY2e3dwmCvkVLs3UymURppump,XSCAPE,4W7q2pZXS4wgqZrx4cC8Zf2L8ibj3UBxGeU375rZeRFw,pumpswap,1790728093,0.000003997,3712.44,2923,2923,0,0,0.92,8.47,0,0,0,0,0,1,1,6,,,0.06,-0.7,0,1,1,1,,,,,,,,,,,
1790886214,NFLX7qV57zuVxCoHy3s1jiGZyALraLNwttbxdvmYJLJ,NFLX,62sHycti7wLRMT16xA3cSpaiEiJCMBtjkLW2tNXUVmGL,raydium,1790712987,67.85,40856.75,385756,385756,0,31998.03,135687.72,224398.6,0,0,109,118,866,771,1365,1387,,-0.68,-0.8,-2.5,0,0,0,1,CLMM,,,,,,,,,,
1790886212,DHtja2SZXbgLi3Xm35wtPZ6R6dyMoTRi7b8UcDhmpump,SUPERARTHUR,ANXTUKmgmzVypy1hqnKWLQwz7F7CWt3aKvv25VB6TBc7,pumpswap,1790727783,0.000002342,2540.42,2300,2300,0,0,0,2.12,0,0,0,0,0,0,2,4,,,,-0.39,0,1,1,1,,,,,,,,,,,
1790886214,Uh722GCeChAY7EgbGFMhK9TX1SMsUuYnMpw42Bnpump,PUP,6AQrtVqCtWTdKiZ8N2pT2mnpgFmUSngxajGZhFzo17G7,pumpswap,1790737298,0.000002711,2689.1,2544,2544,0,1.29,78.09,4433.64,0,0,0,1,2,6,67,69,,-1.32,-1.07,2.54,0,0,1,1,,,,,,,,,,,
1790886214,HoozTija9nnE2ox1neimmMtnGn4DgbnkyySKgRMupump,SI,3obx1ghyX3yj9x7XSGw6KzfEsfADGAoe8zgLvxgtqFJA,pumpswap,1790739079,0.000002552,2556.7,2454,2454,0,0,5.83,15.51,0,0,0,0,0,1,0,5,,,-0.88,-1.67,0,1,1,1,,,,,,,,,,,
1790886209,4UWwX3MknFzvdsy4YxjzE5y3WZVQpn7aHU6qxUqaSTNK,AI,9R9dKVv5VVLx8PFQywwx51Z3ux6bxD3r5QW3bHJW3cTR,raydium,1790734238,0.000002680,5156.82,2680,2680,0,4.55,42.33,2053.7,0,0,0,1,6,4,30,30,,1.6,4.1,4.65,0,0,1,1,CPMM,,,,,,,,,,
1790886213,FutN7pjfoJjEsfRG8BMtam2jtWdbg2up9HMa7dYwpump,Mitch ,5DSATobDv9idz7YQCenTUZeC3rwxTSc8LTttYr47zGfF,pumpswap,1790735885,0.000002958,3673.23,2880,2880,0,0,0.18,220.71,0,0,0,0,0,2,1,16,,,1.53,1.65,0,1,1,1,,,,,,,,,,,
1790886209,47UZ1hDkjQ6qhReE1oD84cj24m2eXCK4RwXevWyZWJJy,GTA 7 VII,A3zdnfPk1igKc3x6Tn7H47LLd4kPQQXoTpsA5zeDJ2E3,pumpswap,1790736128,0.000002113,2126.15,2102,2102,0,0,0,4.92,0,0,0,0,0,0,2,1,,,,-0.03,0,0,0,1,,,,,,,,,,,
1790886213,ETneXyW9cy26bqTQ2Y38Nj6JUfKmzM4pwwqi2VeDpump,VeilPay,HRgttKGffKurPHEoRDguCeis4piS9gXkqe5sxZVcXshh,pumpswap,1790755322,0.000003235,3113.6,3060,3060,0.06,2.87,13.18,1911.32,1,0,7,3,17,13,49,80,0.32,1.42,1.56,-45.55,0,1,2,1,,,,,,,,,,,
1790886213,Fba1XgGz8t44FAGeqrXFMkPVfjsWXG6eLnrAJECnSTNK,SLOP,7HzYi61Zrb8VXUr3o6dMB3ySqNif2exQtxpky3c9BaqQ,raydium,1790742843,0.000003264,5265.8,3265,3265,0,0,13.28,642.59,0,0,0,0,2,2,9,9,,,-3.74,24.66,0,0,1,1,CPMM,,,,,,,,,,
1790886213,EDETAdjB1N8AARfoWWTwxeUJiNFjGAEhBv1JBePnagoh,POTUS,BoEM6zfdAKAXGMF2abSqYvJLk5jbC8RwV1Kr4ViBehr7,raydium,1790739633,0.0003054,60671.11,305482,305482,486.25,30257.38,150484.57,627359.89,3,4,150,133,774,692,3800,3458,-2.48,29.87,35.94,-25.56,0,2,1,1,CPMM,,,,,,,,,,
1790886212,CrJMt64s4P84ofhz6cGek9985fb8vQv7UhKRTVr9aK8r,enu,FQMwjPus2jSjpfvaddrTsz35x17ftUZ7rKhT22xgwXBC,pumpswap,1790741412,0.000003139,3095.48,2961,2961,0,0,135.37,1820.71,0,0,0,0,0,4,14,46,,,-5.36,-31.44,0,0,1,1,,,,,,,,,,,
1790886213,DnC4X2axdTNZLofsap7r6EwR6YGEehxfw5t5RcR8qGnH,iPet,8KUWuSnGP4FKhKZXmGLT1DL9gYKBX3dZa7uaHNTTvwWd,raydium,1790743306,0.00001096,10178.17,10961,10961,0,240.38,1207.45,28696.65,0,0,2,3,10,33,177,223,,-4.3,-16.58,-33.19,0,0,2,1,CPMM,,,,,,,,,,
1790886214,bsVFNjW9znB9LnWDXf7rQW9Bv7SXV1gqDRneZ2kpump,SI,AvU4CXfounqvXqyzBJP4VAbDeq1iyP5yojvRiGBnqyJE,pumpswap,1790751350,0.000003309,3228.41,3197,3197,0,1.28,663.79,109741.43,0,0,0,1,7,20,1078,887,,-0.18,-20.96,13.45,0,0,1,1,,,,,,,,,,,
1790886210,7hGwu7u8X6Bb88B1eGYKWbTsUiWtpmBLQ9YQ1nxFpump,ASI,8AJRg5oJrbABfjNrtUFkKcELLba9S1Zxkkk21yEu5jUe,pumpswap,1790750034,0.000002290,2373.84,2253,2253,0,0,56.62,297.02,0,0,0,0,0,1,2,3,,,-3.52,-9.86,0,1,1,1,,,,,,,,,,,
1790886208,3sL58KKh2QdNSfN9VRz8bHGGU5zStdfManVHCTkhpump,PI,HEs7k4Q6pFKWx5ExpFvxfowoe4YaAfg7ZApeJdbGtPKD,pumpswap,1790749673,0.0001388,39241.5,133955,133955,484.21,7235.32,78162.05,435492.91,5,2,61,55,1501,779,4395,2779,5.77,48.6,-23.51,-17.01,0,0,2,1,,,,,,,,,,,
1790886209,5g7x5tq2KE8T3ZsZBHcgvA8phohcciJsLku3BqG9pump,fight1073,CKhKvVQV9ZUdeY2Ro3LAecdz7MHdAz419R35U5oittJK,pumpswap,1790757461,0.000002425,2689.01,2368,2368,0,0,2.22,2.27,0,0,0,0,0,2,0,16,,,-0.47,0.17,0,0,0,1,,,,,,,,,,,
1790886212,BuXkyz4FJRpdh3jTmLYYAZUffqXt6w3J2LgfbRJzpump,Grail,7zto6sEiUSGQbGXhAXSGT5987qbHqC6hU4a2RcUuGaEB,pumpswap,1790757846,0.000002622,2663.93,2522,2522,0,0,1.65,81.48,0,0,0,0,0,3,0,28,,,1.18,-6.2,0,0,0,1,,,,,,,,,,,
1790886210,82MP84Vjfxd21VHup3jjfJFcsr8SAji9MHy7VHCeSTNK,CROOK,4xBbEPDybPz2Pn5wUyte271C6rt1vvLosHWvQW3QzHxh,raydium,1790771243,0.00004999,23087.47,49990,49990,129.32,4346.89,88214.24,521325.08,1,4,54,40,585,482,3414,2397,-2.05,-25.8,-69.56,-83.58,0,1,1,1,CPMM,,,,,,,,,,
1790886211,96u17tapbFpuob6QzF3hUwseJ92PZfheachP51Vxpump,ㅤㅤㅤㅤ,oGHDtWqyp7vhLTJkKKN5Wa2BMq7dFgVpLC3XqUHkDRo,pumpswap,1790770499,0.000002504,2540.99,2397,2397,0,0,20.6,169.35,0,0,0,0,1,4,5,32,,,-0.41,-9.22,0,1,1,1,,,,,,,,,,,
1790886213,FUuH1aufXBQQwUJGQPErV9Pa7d1dvv4iuRhrf1A3fvR3,terrafying,56cvMnUZnZzVDa4c4bWctU1sMDiKApdFuDLXS1r5Q3Jv,pumpswap,1790765922,0.000004892,5146.86,4753,4753,0,412.2,1026.77,14616.1,0,0,3,3,8,25,213,372,,-2.37,-19.86,-69.44,0,1,0,1,,,,,,,,,,,
1790886208,2e7TzGXZfJ72jxviM6kxqWVbH3dndh2TrHzwg3cZpump,Pain,GeHprCgwQrbWS97e4JZQZwBBHWy7zJtqx6ijKoeCorkQ,pumpswap,1790769450,0.000004256,3911.82,4022,4022,0,216.7,2822.34,13169.21,0,0,5,4,22,32,139,158,,0.48,-54.66,-18.04,0,0,1,1,,,,,,,,,,,
1790886210,8nh9t5MHFRyEWn5K9oUqx3LJayLMMHhE4BPdgno5pump,SS,9u54TeLYpmHQ3v1fdetkmjWQSXY8UmcLtAQpj9gPfaFg,pumpswap,1790770073,0.000002247,2365.4,2207,2207,0,0,0,3.23,0,0,0,0,0,0,0,3,,,,0.31,0,0,0,1,,,,,,,,,,,
1790886214,jJs5QB9X4paE5A6XsZg76ivsqieqJcUNTU2Zn5bpump,CocaCola,2AsXUHvKDsM7LtbSn1eUFo5S6D5tEzPfodPphnvJ3qs8,pumpswap,1790770425,0.000002189,2211.23,2157,2157,0,0,0,63,0,0,0,0,0,0,1,1,,,,-1.21,0,0,0,1,,,,,,,,,,,
1790886210,7BEWiqDzUKMcTRD8nKMbHcUivHmzkWv2J9St5HBEpump,EVEN,6ucxuwb2gzBK3PjWPSWiSLySFDPbpFX59a8aDrD5EBso,pumpswap,1790778348,0.000002467,2472.07,2299,2299,0,0.34,0.92,39.77,0,0,0,1,0,4,0,15,,-0.22,0.78,-2.98,0,1,1,1,,,,,,,,,,,
1790886209,6hatGWdZbBFuLuicNXGRDStqkGN9mAyfZBTkusUrjLoM,DOTS,TvqCrL7NPCW5sK2qWGLtSNaciB3E7gDtZijfVNZMVxi,raydium,1790776725,0.00003179,16828.5,31795,31795,0,228.36,5447.22,28149.1,0,0,3,1,25,15,187,104,,5.78,3.82,277,0,1,1,1,CPMM,,,,,,,,,,
1790886208,2PuJ8eLNWeHLhG5YR5SD4mNwkQGduBiW2CWPuYq3vUPy,FLOYDEX,3phDmoE4yJF5abDCHawnPQSpGex7MeQe812fAXqV2bG4,pumpswap,1790794690,0.000004143,3791.31,3787,3787,0,12.51,674.69,4188.95,0,0,0,2,11,19,80,141,,-1.27,-10.29,-20.74,0,3,2,1,,,,,,,,,,,
1790886213,FU36e3gRF3oJUgef7Xn18JPUQRuN548S8PhL65rECaYV,SARKA,ALxHEmdDGZayJJVMqiL8ecm8rkRNH1wvJvoSj9kT8Tve,pumpswap,1790777589,0.0003079,50914.69,292645,292645,2930.66,56473.55,248260.02,643872.13,26,20,361,306,1517,1327,4061,3502,6.58,40.9,75.4,349,0,0,1,1,,,,,,,,,,,
1790886211,AnDrZSSzsFHJVGM3p32Jn5KXoqiXbbiA365WGfuxpump,FLARE,nxxeXqz1VPzW9GVrrbytX6Nv4yuFVobxHrp4DNQRhto,pumpswap,1790783472,0.000002377,2439.4,2290,2290,0,0,0,766.97,0,0,0,0,0,0,5,12,,,,-42.45,0,1,1,1,,,,,,,,,,,
1790886211,BSEbDPjYB5XPVTDhSmL5qyYkfyw1Rz4cwpZYYJKPpump,INFERRR,2dfkviFwYzJamdWoC1u27dHGQyvspiXiwDJ1aMKaZSEU,pumpswap,1790784647,0.000002453,2450.63,2266,2266,0,0,22.91,367.14,0,0,0,0,0,1,0,15,,,-0.65,-25.51,0,1,1,1,,,,,,,,,,,
1790886209,6BLbav5mMbuETvk4dBdm4BE7NL7yZeZdbd2krNmtpump,GLOBE,B8y9pzCC9hBAzoPaj9EDh3TtZk3Dy8AMLqB3PBtw1jEk,pumpswap,1790785614,0.000003013,2930.14,2604,2604,0,0,0.18,196.23,0,0,0,0,0,1,0,8,,,-1.57,-14.25,0,1,1,1,,,,,,,,,,,
1790886214,Gu2bpydt5bHVHtko5vvsWH5KQUT3Wxvt6hzYvKdND6ur,si16z,Vptu7kbcUHWNHKSCw1Qn1MhgP9fqKmQnTAzTqETCAs5,pumpswap,1790784420,0.000003407,3513.52,3308,3308,0,3.96,558.77,13359.75,0,0,1,1,9,18,92,180,,1,-25.49,-54.36,0,1,1,1,,,,,,,,,,,
1790886208,3oARogngXJLFnSMSooDq3V3DLgthusQWeNXD7RE2pump,GrokSaw,ASCNoNrXxdr2xNVa47CG5BsMbkhRDN3hUf2gDwtPdttn,pumpswap,1790783933,0.000002468,2467.91,2347,2347,0,0.11,32.37,343.02,0,0,0,1,0,11,6,46,,-0.68,-2.63,-9.31,0,1,1,1,,,,,,,,,,,
1790886211,A8f6L4hMAe6EADayA91e7ZhAZrT76AsVvK5dXRRnpump,SGI,6BEszw9ysBSRyefUkEF5vpJdfyUTrV7iYoA8NfmzC1gP,pumpswap,1790783339,0.000002387,2545.75,2321,2321,0,0,2.5,9.06,0,0,0,0,0,1,1,6,,,0.23,0.24,0,0,1,1,,,,,,,,,,,
1790886212,CJS2EN7zGiZhVAYXsHqdXQJvNk8niiH2ZR9oWcrNpump,Arthur,9MPbUqaHVN3QMEkDQS5PgsuKcbsUkygq4cVkE1jM7zjQ,pumpswap,1790783228,0.000006728,6106.69,6594,6594,33.64,1295.33,142118.75,784076.68,0,4,19,55,1306,1190,7251,7334,-2.75,-24.35,-96.05,-91.11,10,1,1,1,,,,,,,,,,,
1790886211,9vGNPwgqjpAJuu9654YejnctwJsV6Pe68aPXaT2Vpump,swordpepe,9jjob846nsC55MihrQnh8aJkEcpLHsRpQy1GcYJYGfUG,pumpswap,1790785441,0.000002308,2430.59,2240,2240,0,0,1.11,8.62,0,0,0,0,0,1,1,15,,,-1.47,-0.15,0,1,1,1,,,,,,,,,,,
1790886212,BizeLNXEQjrTjmtQbNA6Qi22h5HKQe9Gjwys3ZkT1Nc9,ELON,Bq6qtrFcr1GdVhmZYCNKBBi9oeN1MTvET26J66zf9giT,pumpswap,1790789710,0.0004044,68442.58,389856,389856,2383.89,50694.19,914921.76,2110532.75,23,13,336,206,8798,4812,18737,11541,6.67,-31.35,120,-13.76,0,2,1,1,,,,,,,,,,,
1790886214,JCX5nDG99k1CWB9AttJ3U57NmjSgnCoagFaZhqfEf7Ah,BANDIT,6L2q7ZrUQCzUBm7RHV2w336ZCVVrVGqA6z5oNmQmUidP,pumpswap,1790793667,0.0003245,64852.59,322867,322867,6613.7,193355.85,347721.1,2770115.39,35,38,1134,1040,2683,2523,19279,17639,3.93,162,42.94,-64.97,0,1,1,1,,,,,,,,,,,
1790886209,4wkmgCy5HLjShuK2W5RUbhgGFzbHN9qopEGM3FUGpump,SIT,HXkyMC9TxgMdWFJWqoim1GWUP4nfLYRAT8oaEoqYASUa,pumpswap,1790791529,0.000002282,2411.84,2244,2244,0,0,0.03,205.23,0,0,0,0,0,1,2,7,,,1.35,-0.17,0,1,2,1,,,,,,,,,,,
1790886209,6a7pzJRWEsdnFU7U5mq8wuqvkuRmxX4pSVmueZj9D83T,BANDIT,64Y3ksrzCXpVdnCypNcaRcpkgc8EVJhbf1N5oCgz8XrF,meteora,1790794343,0.0000000004935,0.86,,,0,0,0,0.01,0,0,0,0,0,0,0,2,,,,-2.99,0,0,0,1,DYN2,,,,,,,,,,
1790886211,AZXVHqb17yLHv6AMdJsAa4NEpseGYBP8a8reSCZbpump,Grok,5DuQ6qp3Zfn47qmL5QyNDM9E24R7qvrhhFjUcvNiXGbC,pumpswap,1790794287,0.000002198,2208.46,2145,2145,0,0,0.05,0.11,0,0,0,0,0,1,0,2,,,0.54,0.54,0,0,0,1,,,,,,,,,,,
1790886212,CE9u77YGea7MsWK2cXMEcSE8Gpp3dbkWWd8iG4eMpump,inuvestor,EEENNP8xw1W29tfJB2YCjXW1ZS2pjTdqfM7KccixK4Jt,pumpswap,1790799607,0.000002382,2422.19,2288,2288,0,1.29,9.89,114375.15,0,0,0,1,0,4,3977,3450,,0.22,-0.51,-95.76,0,0,1,1,,,,,,,,,,,
1790886213,FTa2QkKrc1oSkLciZCMS1o6zpRB1L8TZVkiPy56VQX4u,TEXTR,57sTxsma1pbg85XfjZiqpUrbnVbiBoRBsSMrybSpsc4u,pumpswap,1790799059,0.000003025,2981.26,2894,2894,0,0.29,17.16,55662.22,0,0,0,1,2,6,539,694,,0.03,-0.24,-95.59,0,1,1,1,,,,,,,,,,,
1790886210,6weQ1xmYGVDnCe2R3CdRDX5BvXPDg4G2TJhABa8Vpump,DRUG,9ZDCPk4UifwASL8siGtXPmRhhCih8PrF1brDpttnLv3n,pumpswap,1790798383,0.000003153,3087.72,2836,2836,0,0,281.73,132736.42,0,0,0,0,3,4,1558,1295,,,-2.62,-81.1,0,1,1,1,,,,,,,,,,,
1790886209,4Xfph5jWxEj3zzPTsDNPJtJbf24LizaqPQGohodJZ1PV,Quamfy,He5LqnjT4HMgdj4gxMCbCJAhfUZkU2zf9aPkKWgjTb3g,raydium,1790797811,0.00006357,22887.79,63575,63575,39.69,2544.27,40889.91,538535.92,0,1,27,34,295,264,3482,2928,-0.71,-22.44,-46.3,-78.74,0,0,0,1,CPMM,,,,,,,,,,
1790886212,C2HoCAu1nDhV4Zi3ySpez9HXzG9PwMnVLLRTrNzr4NdC,SI,3BF2Au4L4zv7QhRkkXMas6Xs48mYHqMDqytC7UAWjRW9,raydium,1790794984,0.000002419,4513.36,2420,2420,0,0,0.57,70815.44,0,0,0,0,0,1,842,947,,,0.26,-91.63,0,1,0,1,CPMM,,,,,,,,,,
1790886208,3rG2YyNY9py43BKgASfshThdLCjwrT69e9UN9dFGtRgc,NOKO,CdxhS16RQbEhF58TtsaQXBAsUBGvW72kQhFxgac5Ct8u,meteora,1790799633,0.0000000004592,0.83,,,0,0,0,611.55,0,0,0,0,0,0,31,30,,,,-100,0,0,0,1,DYN2,,,,,,,,,,
1790886214,GjrhXcr8YzUZBbu5rifdqM5CPBS4LFJveq3ZiY2u3g5G,Meridian,6xLfdSfHgxHSLgFt58BTv9z35qsGbmpqLdMU2FwsG2Tf,pumpswap,1790799213,0.0003308,57394.53,318400,318400,967.46,39394.59,320011.78,3699788.45,13,14,274,228,2114,2203,25703,21602,0.35,0.62,-51.22,153,0,1,1,1,,,,,,,,,,,
1790886213,EtnVZjvrZwcU5AL5p2y5dHR845U3fWs2DjQbmDG4pump,MIT,9WCasM6maveiCYqqjn9bmjZpBLwTCmnqwV9eRVm4ZjES,pumpswap,1790799140,0.000002088,2105.18,2088,2088,0,0,0,45209.08,0,0,0,0,0,0,1390,4064,,,,-99.65,0,0,0,1,,,,,,,,,,,
1790886208,2y4vg5Top1BYYQ2xiEc472xQ2Q6Bte31Cya8LyHCpump,RIVAL,8Z6MCjzD62SaJhpMejMZCNDzEFcRE5XXHCKmGQhy5g6C,pumpswap,1790800289,0.000002376,2373.97,2242,2242,0,0,0,89335.02,0,0,0,0,0,0,392,517,,,,-95.15,0,1,1,1,,,,,,,,,,,
1790886208,39eBixffUCh2GqF8sEE9fZ1rqoeP2HxNsstN5X5ppump,AHOY,6X2DJ4sAq6fYkUwz2Q5PWEJ4KfSUqzcUD5WRhmTV9zD4,pumpswap,1790799673,0.00003728,17236.55,35337,35337,1.5,33.12,1058.15,45691.18,1,0,1,3,26,24,743,515,2.88,0.75,-0.61,-38.67,0,1,2,1,,,,,,,,,,,
1790886210,8nSQRjqWKuLYfLgdvYaYm63hBoiKSZvGqN7yVaHMfc8q,Qubit,4pw33MzUncQx9EejM7veokeXayx5RNb7nzBE71FUnMyQ,raydium,1790800727,0.00001312,10128.15,13128,13128,0,3566.28,18716.52,346442.15,0,0,30,15,142,122,2767,2442,,27.18,39.7,-69.81,0,1,1,1,CPMM,,,,,,,,,,
1790886209,5HEe8hq8KcU8rvKv7U5YQ7qZndZkijUcgJzCjMVS2Unb,DEADGUY,CLn6Vf2zbgWdx4j7e6s414E2RfnTG66Z4GbV8jeHz8v4,pumpswap,1790802520,0.000002379,2379.33,2297,2297,0,0.85,4.05,39217.16,0,0,0,1,0,2,400,1728,,0.55,-0.25,-95.1,0,0,1,1,,,,,,,,,,,
1790886211,B7yfFFkX4NtxtQwGdegi2DuaVssitc3FGpqF2pxUH1zM,PUMPKINU,5YzMhNDv7X6NCyxoF2HvRGw55cs7x2cjNoRpoHFn9S5o,pumpswap,1790798075,0.0003390,53790.18,334236,334236,30.17,6509.67,37521.78,271704.36,5,7,116,142,579,721,4333,5047,-0.1,5.08,12.28,199,0,1,1,1,,,,,,,,,,,
1790886208,3Gaoc2AAgtSa4w6FQqVLmz8o1MD25t7Vfm5wcw2nmono,HOTSHIBA,CTKuberULrqDGopPtJFTuT73DEFGE49wX5HzS588u7uj,meteoradbc,1790801156,0.00004077,,40779.64,40779.64,0,0,0,2643.4,0,0,0,0,0,0,89,105,,,,164,0,0,0,1,,,,,,,,,,,
1790886208,21JktygSUu1km1Uos6yBkE6pizKBmCUnmDhaKBZbgqw3,Nike,F3AX1mKDUH8t2D5rnpmw1mA9yJBxpZi1C16J3dUPFhzr,meteoradbc,1790801195,0.00004713,,47131.09,47131.09,0,0,0,7818.86,0,0,0,0,0,0,422,460,,,,200,0,0,0,1,,,,,,,,,,,
1790886209,5u4PumfL9ceeNXHByNjBmzoAdvmarR4J4MdzUSKiAUR5,SI,DjnBDzuPhKdhEEx3ZFGjrR6PScpVtzgtsEhBQ2yMuirx,meteoradbc,1790801182,0.00005306,,53069.08,53069.08,0,0,0,4653.73,0,0,0,0,0,0,238,221,,,,5.94,0,0,0,1,,,,,,,,,,,
1790886208,3v4FdwQVLWKGepzX7MstykeJZkCfMaS6W6ASRjiKpump,HOTSHIBA,FhMsRGE5i734whpdCV5JmeDJET8CFCXDboPpRRujPvoi,pumpfun,1790800867,0.00004847,,48475.64,48475.64,0,0,0,10028.93,0,0,0,0,0,0,6,0,,,,456,0,1,1,1,,,,,,,,,,,
1790886208,2dTGg7tybAVYi81qg1ETfbGXKKGA77of3d8rBjKcE4N2,SI,z6yuzgMZNEAdjkG3zyDNPNm7BzXAkTRzXH5pT8PkuN7,pumpswap,1790801106,0.00003830,16441.94,37710,37710,2.04,239.72,5591.68,752581.49,0,1,0,5,26,54,4768,3365,0.17,-4.92,-41.74,-23.67,0,0,1,1,,,,,,,,,,,
1790886211,BSgjBS4TuxsUNYjyqo7mLNxPrh12zTDZt2re2CLECUue,GTA 7 VII,D13ta2xWMHHhG25WHi3smUtqQygVs71wg3u1nrmQmjcQ,pumpswap,1790800721,0.000002087,2102.75,2088,2088,0,0,0,111609.02,0,0,0,0,0,0,8270,8530,,,,-95.74,0,0,0,1,,,,,,,,,,,
1790886213,Eq8yd78WXjHKRksRpqzXUSDDdzwcV9mdjCBqThkqyY3q,INUINUINUINUINUINUINUINUINUINUINUINUINUI,6XP93srUjoeR3fyubi6ehRkNBoLDVUdnj2n1uNfFkgsG,raydium,1790800152,0.000005918,7453.83,5918,5918,0,282.73,2311.5,778995.64,0,0,1,6,13,55,5194,4608,,-13.81,-41.21,-87.87,0,0,0,1,CPMM,,,,,,,,,,
1790886210,7SG8ap8SqDB1dVmJ9RZhXd3VBkbgwPitxt9Jhj4Spump,FORGE,E57PhrFybNQG6QZLwxAeu1t4Dzf59tLTbNhnJtLYzjhB,pumpswap,1790804855,0.0001768,36904.89,174071,174071,607.05,1935.14,25445.78,315558.79,2,2,9,12,102,145,1087,1261,5.61,5.21,34.78,199,0,1,2,1,,,,,,,,,,,
1790886209,5CM4i8KJVew1tJJEEz1iFyCdUGh1WCLXJHsZFhEKf6H2,SI,5MguXvYfBqEWAnB2kQgCwxjQSjoaVp6MsRM3hzvx2TRh,pumpswap,1790805813,0.00001773,10084.94,15089,15089,0,408.53,7090.17,139479.33,0,0,1,6,64,81,1761,1780,,-12.01,-9.66,-62.3,0,0,2,1,,,,,,,,,,,
1790886213,EWhwKSyEAYcFZoY3CED9qyvTsA8pzGJrFCCZxb5jpump,SFAI,Hmqh9W75WpnsYhYGnkeZMY9M2fhMzPvdUixLoGjxgz52,pumpswap,1790808018,0.000002729,2698.32,2469,2469,0,0,0,85741.11,0,0,0,0,0,0,590,546,,,,-94.39,0,2,2,1,,,,,,,,,,,
1790886213,EMdFVxBzhkYGENzqTmnuAStJoLp8R42R6VupnRGApump,GNUT,7F9hPnDxZAgpSqNZk91wtoGSRXiRG1meAYyzNNULtCKz,pumpswap,1790808408,0.000002725,2714.85,2545,2545,0,8.49,80.14,114813.89,0,0,1,2,1,7,1205,1584,,-0.51,-5.87,-94.21,0,0,1,1,,,,,,,,,,,
1790886211,9hde9syQu3e2yWtfnSjgoopAxwSEjQfzoDpsTMZaH5jv,hiku,4wXjTfniw5GKzvbWinzMDqcCcB9EwkjwCvZtVCFF5ZCD,meteoradbc,1790808420,0.00004269,,42693.58,42693.58,0,0,0,1414.29,0,0,0,0,0,0,45,52,,,,153,0,0,0,1,,,,,,,,,,,
1790886212,Brrz82VXgh7sTKem6gqkwupc1dZbWbXQXry6ps1Gpump,Flight69,6yJodH7gdyLjTSGZy6uCwy7R6E5b5uDY3pTxM6xSnauk,pumpfun,1790808378,0.00002113,,21130.93,21130.93,0,0,0,854.1,0,0,0,0,0,0,35,29,,,,532,0,0,0,1,,,,,,,,,,,
1790886213,G6V1bkkLcXW8Vnu1GXvd4ceUoNN4pctcfQgdfhWY6xjc,tail,Bhikpggt9Z4ugHbyDyQMPYTMTREsUMgTaxHRk7Wpihg3,meteoradbc,1790808387,0.00004693,,46930.81,46930.81,0,0,0,6583.95,0,0,0,0,0,0,214,221,,,,198,0,0,0,1,,,,,,,,,,,
1790886208,3L27XJ8Yv5MH7xJCrKNgU7EJSaKQtG4whUqHsJZQpump,20FOMO,AGkDTXdpM3MramRCfySPAW45Ud6R5mXTBkMAwTe7R5uR,pumpfun,1790808247,0.00004867,,48676.97,48676.97,0,0,0,10070.58,0,0,0,0,0,0,6,0,,,,434,0,0,0,1,,,,,,,,,,,
1790886213,FgnP3f328UvwmbQBG2vABSwZJQRS7ypkqtYGAHVRpump,tail,65MfAJyt8UKNJc345eEV1BpTqhHnTaw9hTFrJkLdzPY9,pumpswap,1790808461,0.000002481,2549.24,2399,2399,0,0,343.11,303290.87,0,0,0,0,3,11,3994,3587,,,0.43,-95.05,0,0,1,1,,,,,,,,,,,
1790886214,HpTHwN4Bqu9BCqJdGybKtSxSnRtsoLL8yZqZE6Q3pump,SW,8pL1zYUETujg1GHMGn21J9gUcXZHrnX1Kczz2DHfPiLG,pumpfun,1790813475,0.00004843,,48438.66,48438.66,0,0,0,10021.28,0,0,0,0,0,0,7,0,,,,1368,0,1,1,1,,,,,,,,,,,
1790886212,BZERM5ET7txBTK4mM8pA3fph64marhkvTGEXiwM3pump,CLM,GPB1BYWPJShRr6V8my1DFYRZAPzrdGBCLmHVH7SH8P8w,pumpswap,1790813803,0.00002690,13239.75,25336,25336,0,2935.54,28986.21,457129.78,0,0,22,21,352,294,4516,3501,,4.21,-31.16,-44.5,0,1,1,1,,,,,,,,,,,
1790886210,8kVuY7Yir9NLaai9V73ZejscWdJ9q7aczidLtr38oL4r,Collateral,84EGAwMQhs4Jnz3dEdxvVuk3fPD3g5qA8zyskPTZkRMZ,pumpswap,1790813443,0.00001261,9498.04,12419,12419,0,97.51,2236.78,3261563.21,0,0,0,6,26,70,22386,21198,,-3.44,-12.59,-74.02,0,1,1,1,,,,,,,,,,,
1790886209,6mF3wKGm377EFN8Jxm1mPUk46rnirNu3jASSvp3sBg6u,Chunkee,54xnep45xfFBkaPweHLi3kpg348cNR4UWmD3Ax7Ric5z,raydium,1790262291,0.00002827,15999.7,28278,28278,0,1206.34,26649.26,34984.96,0,0,4,8,144,133,207,174,,-22.7,13.02,99.35,0,0,1,1,CPMM,,,,,,,,,,
1790886211,AqYdSQ6oFq8HjLoFkvHW6kYcRM1p94Q1FcvGFxDfpump,SIS,E7UkvNaWaKcWRZVpM7LZDYHYu3XjmXrzVgw4jZCB7yG8,pumpswap,1790811661,0.000002336,2508.96,2296,2296,0,24.54,24.55,893761.76,0,0,0,1,0,2,11676,7526,,-1.59,-1.68,-97.27,0,1,2,1,,,,,,,,,,,
1790886209,5kgkCxPvkfVHUVVf1Dh8mMJ7XuAzEkftSEZ1SdBTpump,NASA,J9TSBvrsMjPVJxL7G2kusMDaRLu2JFyzb3LQSUfXXTao,pumpswap,1790814536,0.000002371,2388.05,2359,2359,0,0,0,142722.81,0,0,0,0,0,0,9372,12195,,,,-95.17,0,0,0,1,,,,,,,,,,,
1790886211,9g9HAQ2zE3UhLVN7cbUhchCzqPszdij4PGgUDvK29Xui,Pengpeng,8qtBbMwVprFNk8perP3R1cBq5PMw4kaiG38isGeMyVWk,pumpswap,1790814670,0.000003431,3274.39,2786,2786,0,0,351.97,83342.39,0,0,0,0,7,6,1138,1151,,,-4.71,-92.82,0,0,0,1,,,,,,,,,,,
1790886213,FrvQ9ubmZytSHwaxKbNmKq5vyyVRLaHFYkGVbZdhNJUq,VRAX,41p7mQiDA5g7SGH2uDWMSZKtWWkfqgbFs3FbeanKKF5k,meteoradbc,1790814554,0.00005586,,55867.54,55867.54,0,0,0,1295.25,0,0,0,0,0,0,5,0,,,,28.14,0,0,0,1,,,,,,,,,,,
1790886211,B72oHBu5JuJ7Gh9RJdseLYNGZCEkuvLhp5Nk7dC5pump,IN,4k9oFNHxVryiv3CU6J1bapNUvb817SFMH8a12eetTLK7,pumpfun,1790813972,0.00004843,,48438.66,48438.66,0,0,0,10021.28,0,0,0,0,0,0,7,0,,,,434,0,0,0,1,,,,,,,,,,,
1790886209,5sD8hmitvDkDxbAjZF4CrX1NX8eA5Cwn8kK67tp9DevH,Pongpong,GQADs9oy7uVQTNJ7DEew2y8YvcfusRVbspx4ve1vnBpq,pumpswap,1790814255,0.00003936,17978.85,38668,38668,187.84,6670.16,102434.56,1900355.64,2,2,73,71,1157,1185,18267,15316,-0.25,-9.86,-36.64,-17.75,0,0,1,1,,,,,,,,,,,
1790886213,EKt2EQsweb2zN3ie8iz6JrD6frKwpbCU4ja8P3Vgpump,ONLYSUPER,JaxytqRmLcChNDZJqGxBtt5ZxQU1BvfAeivfPHxXhjB,pumpswap,1790814090,0.000002318,2505.72,2275,2275,0,0,0,737297,0,0,0,0,0,0,20994,12850,,,,-97.19,0,1,1,1,,,,,,,,,,,
1790886214,HVUFFsRbWFV2kRS467iRJGLdJ9o93yQJqmSWa9fkpump,Trump,GZjhB454hC23JQThwkYv2k6tqBTKtMatgS3kdvit2RrV,pumpswap,1790813964,0.000002498,2617.66,2457,2457,0,10.95,47.88,586600.96,0,0,15,3,40,15,9423,6315,,0.74,5.19,-96.86,0,1,2,1,,,,,,,,,,,
1790886213,EB8SwF6Xsu2AP73KQhqNFYzV4U3hVwtoEGuL4SgRpump,X,FU2bA3cv2ginTeP4eHVX3hPqUGfEvD1saXUQyLF5q6u4,pumpswap,1790814030,0.000002126,2153.89,2126,2126,0,0,0,141889.44,0,0,0,0,0,0,7683,8868,,,,-95.66,0,0,0,1,,,,,,,,,,,
1790886208,3ch8XtucboUNvcJ66eJzsZmhj7ebJiNKJ6hrD7Tipump,Cognition,G1RkBTEJfFMpJMmxXU21snW17EWa4gSxGaWAiJpvWuvf,pumpswap,1790815615,0.000006698,5379.47,6297,6297,0,0,524.75,35754.05,0,0,0,0,1,18,473,472,,,-23.94,-86.19,0,0,1,1,,,,,,,,,,,
1790886210,79rbaxRXKm7mbNRiBzroyZAvX4Yv1KyR57eiUvEgFaQe,Kuma,HrpoUHLSWNYRa9zKR72fGH5RzwQ2wvtkBZL6pRJtFmot,pumpswap,1790815716,0.000003017,2946.22,2787,2787,0,0,16.5,84757.57,0,0,0,0,1,4,1197,1043,,,1.18,-93.78,0,1,1,1,,,,,,,,,,,
1790886214,Hp2GZbNAwj9HBvog8yoowtHimHyDTe7Bfb6BkTkaws8C,HIKU,61xLyRrZUo5X7pFqPcjJjE2AvuAhS3r7Vg1YrXQSL6Pj,meteoradbc,1790814389,0.00004717,,47170.82,47170.82,0,0,0,24467.86,0,0,0,0,0,0,240,109,,,,1282,0,1,1,1,,,,,,,,,,,
1790886214,aEkwu37NFzqcdCc5ZazYEdv59oFRauvz8z8ysQukaU6,‮XIVRO,3AoQ3ZDBKofEf2BynjsWR8Qo7kJ57soZtzEsHHDiv7f9,meteoradbc,1790815662,0.00005891,,58912.26,58912.26,0,0,0,2512.05,0,0,0,0,0,0,133,26,,,,17.38,0,0,0,1,,,,,,,,,,,
1790886210,7QHUeDpv46GbZM9fX8jV41YbQ9vWFKnNegJt5NqEPnrc,Pongpong,HMF1ao96Q8Fz4nww6xvkq282NEUn9FTjEwawnxu6D94R,meteoradbc,1790815961,0.00003598,,35980.13,35980.13,0,0,0,1358.52,0,0,0,0,0,0,5,0,,,,148,0,0,0,1,,,,,,,,,,,
1790886211,9pc91ipE8n1yyrxbnTp4KofGT3yYp1pMMvEGXRhz7qPA,WFM,122geHZbgjhJrZz6KaDsxsK2JkCUaCo4nSVx6svpkHmv,fluxbeam,1790815975,0.001480,1464819.74,1479837,1479837,0,0,0,10475.48,0,0,0,0,0,0,301,1,,,,904,0,0,0,1,,,,,,,,,,,
1790886212,DHPyQ7GskqjRxJSuxseabJ1P8gGaLrkVLKUQAzZEpump,MEREDINU,B7S6DprWmwUKEmPyBwZASSiFJxuTpnJzknATdtGST7Kq,pumpfun,1790815778,0.00004849,,48492.08,48492.08,0,0,0,10032.33,0,0,0,0,0,0,6,0,,,,434,0,0,0,1,,,,,,,,,,,
1790886214,HMcC3e4yePVNZUQwxNHFacRwBpQaPyo7dB2MzR2dpump,SIWH,6apPq2Jrt1UpQSMkM6DgwspWY9ExKLG4WojYoLLMmeKp,pumpfun,1790815793,0.00004849,,48492.08,48492.08,0,0,0,10032.33,0,0,0,0,0,0,7,0,,,,1368,0,0,0,1,,,,,,,,,,,
1790886209,6qf9kEhwGzHbX14P98C1QAPW8HcnxSPADkSXeyBMpump,.si,5wDkASbrAHrR1aEqZSYBqBmsn6ixixuBqYTJhSmakKhz,pumpswap,1790815890,0.000002796,2799.32,2517,2517,0.23,0.23,7.93,188756.54,0,1,0,1,1,6,1982,2245,-0.43,-0.43,0.09,-94.14,0,0,0,1,,,,,,,,,,,
1790886209,6VjXNN6YZrBGPhoV9Ufp3xhkuuFE4p4aH4xFT6spump,GCAT,DDBnC7x7FmN7ZgDbgwtE67AXDVyXtToYiSPSAFmg4BjW,pumpfun,1790821115,0.00003422,,34223.15,34223.15,0,812.28,1874.27,52677.72,0,0,16,11,74,44,572,303,,-0.37,-1.08,923,0,1,2,1,,,,,,,,,,,
1790886209,5b7xUtsR6SEqwszsSBg5wu9f3o1V6JwUDLkoAxMkpump,SRI,DfwKe9tgR2q7fnz2ME3FYfVUohx4NZFZi2tAX95GrAoY,pumpswap,1790822919,0.000003556,3459.88,3443,3443,0,0,199.94,328818.3,0,0,0,0,5,13,3918,3555,,,0.8,-92.36,0,1,1,1,,,,,,,,,,,
1790886211,AV9TkfXb8LcAgjKuVBpp7qhaL6wHuAdEtBsgsduQpump,Quest,HYU7woAVxao45T4Q5TuGRgowpimG7b3RGT1Ln1e13WwZ,pumpswap,1790822365,0.0001214,32714.96,118327,118327,784.21,10195.75,96420.32,1692643.61,9,4,83,99,828,1027,14510,12077,9.56,28.72,17.64,150,0,1,1,1,,,,,,,,,,,
1790886208,26uqr1EAd5o9czpp3CxWGRPBgzya2733WC7faQX4mqNA,TRUMPTY,3wEUjhLesDjHasbWWQng4rSqLHjAGvMLAcA7REspuWvy,raydium,1790822912,0.00008091,25955.42,80919,80919,99.07,99.07,313.94,48884.31,1,0,1,0,9,3,254,172,1.7,1.7,2.49,62.21,30,1,4,1,CPMM,,,,,,,,,,
1790886211,AQ8MLS1ySnCWPEPXaSqXRDVLdXQcyTozcRjUNkZkzDZf,SIGOV,6PqA8QrL6SR12DzJo5v2Ad5HzKdNmJQeLjtJcvqTJ9R,meteoradbc,1790822751,0.00004591,,45910.85,45910.85,0,0,0,11792.81,0,0,0,0,0,0,241,301,,,,173,0,0,0,1,,,,,,,,,,,
1790886213,Doc1obJgjeuxjFYLfWarQznaypPdnLeBspWP3b2snZwR,human,4Ju2ZsJkkhtLDZHWscExXY7nNVgydhAHUJQaohPkjEvm,meteoradbc,1790822833,0.00007471,,74716.61,74716.61,0,0,0,1729.8,0,0,0,0,0,0,9,0,,,,28.58,0,0,0,1,,,,,,,,,,,
1790886209,4GT8GneqNybavJ6w19tzg1SuPsZCddqJ11YvpyviXshN,GTA 7 VII,GD7PzUTxpYaegPAeuZ2Nwk12HTMXjUGnxAoPVKN4BWf4,pumpswap,1790822885,0.000002261,2272.07,2262,2262,0,0,0,53854.54,0,0,0,0,0,0,4602,5823,,,,-95.39,0,0,0,1,,,,,,,,,,,
1790886214,HERaQHxchKvb6YCcUNineUN16Xgq7xnDaWggH9vFS12n,GIGA,CB68SQjNx3ER5rqJxphQrDPvdtm1BUvbr3rPmLoGra2Q,meteoradbc,1790822859,0.00005804,,58040.65,58040.65,0,0,0,3378.63,0,0,0,0,0,0,60,59,,,,235,0,0,0,1,,,,,,,,,,,
1790886213,Fht8WJMoC66wrmLA5pzhtXc5JxLsWudJK6i3cPfvpump,WOJAKVRAX,EgXwTAdeXWDNfqam7fAp1CrVXeDLNLSzwYcPs1qSMjvv,pumpswap,1790821965,0.000002572,2908.88,2502,2502,0,0.92,0.99,1123655.3,0,0,0,2,0,4,4421,3886,,-0.17,0.4,-94.71,0,0,0,1,,,,,,,,,,,
1790886214,H9qKeikv2EuifXaMCWSFQSUvNHUu2dre9R3Gmz62mvjw,Ajax,EGRWwHLfME2U2rahMu6BMqonMNeG5ND2CdVFPX1CcAE9,pumpswap,1790821407,0.0004085,67167.93,402804,402804,4825.05,79425.48,433046.66,5600479.17,33,68,527,520,3409,3261,39872,32709,-12.65,59.87,-36.46,772,0,1,1,1,,,,,,,,,,,
1790886211,9X8q7MgEE75Z1XQ7ZmSiSoR83sVV3JResZD4X8bZpump,LoL,55MXduMJxSuPMUUa7hie8w3F58oJfKJTPg8V15PWWQJM,pumpswap,1790821202,0.000002139,2171.76,2127,2127,0,1.16,1.16,183883.07,0,0,1,0,1,0,18121,18828,,0.12,0.12,-95.64,0,0,0,1,,,,,,,,,,,
1790886213,EEBNzEpr3132u3QAeWxfVzsDSaMURwFeejwMD1zvpump,human,DiqJa9wy6shELZxeuNYVu5g2Thr9e3saGwQBrV7dang8,pumpswap,1790822770,0.000002381,2391.63,2252,2252,0,0,20.81,135811.02,0,0,0,0,1,8,1442,1617,,,-0.56,-95.01,0,0,0,1,,,,,,,,,,,
1790886213,FLx9UiCZYzQYoWRCL7CGZHDmVF51QHkryXpuoMwVpump,MrBeast,GBap2vE9DfPntv56h6F1cQ9CkWseAnrJV1fENNmV7TSg,pumpswap,1790821725,0.000002108,2137.11,2099,2099,0,0,8.45,154633.45,0,0,0,0,1,2,12206,13392,,,0.4,-95.7,0,0,0,1,,,,,,,,,,,
1790886211,9WktionM1G1Pz6TY8BXn9qcMjpahxQTDbGMMJKAXKray,WHEN,8PnUx3iDxEBYxYtJzN8nkoR4fYVeaYMWCT911WiSN4i3,raydium,1790789636,0.00005142,10983.56,51429,51429,0,277.69,2452.07,9351.74,0,0,5,8,25,18,75,67,,5.22,32.26,10.77,0,1,2,1,CPMM,1790886296,0,0,5,7,21,16,48,50,100.0
1790886211,8vKyvq6ckrFYguLVJiSx1jE4mYZsGf8SfevtAJtZvoAv,dogg,vS2CsVE76VQVEz7ajijWn4N1UgYqtQJTW1otaUfMgtn,meteoradbc,1790837553,0.00004478,,44783.65,44783.65,0,0,0,15957,0,0,0,0,0,0,367,410,,,,173,0,0,0,1,,,,,,,,,,,
1790886211,8xsCXFfb8N2qeFZugNvbYr4iMgMH3hQPKHWZYywPpump,NASA,BYjLs6eHRmwQEo3r4AVgV1LMSNsPXRQJbDt4EkE7D9so,pumpswap,1790837554,0.000002134,2211.5,2124,2124,0,0,0,687132.53,0,0,0,0,0,0,24356,25616,,,,-95.69,0,0,0,1,,,,,,,,,,,
1790886209,5K5VRjS3NgPnoVNVMN9zBDCMLmZ4f2j7vXEbfaSwdiP,dogg,AcpF3gzrKuyUBNTEmbiMAu2JWPvCsf5J17S34bWrJ8kH,meteoradbc,1790837569,0.00009726,,97269.69,97269.69,0,0,0,9671.96,0,0,0,0,0,0,301,326,,,,20.93,0,0,0,1,,,,,,,,,,,
1790886212,BaQkSUYvTZeAc26e5s1f8CMu1GtYCqyEPMD7QWdJpump,SW,73yLfa8wvpBZT3Kq8U618rN4iEGWbTWjytx3pBfVL4CE,pumpswap,1790837287,0.000002118,2140.82,2119,2119,0,0,0,102293.63,0,0,0,0,0,0,4630,6270,,,,-95.72,0,0,0,1,,,,,,,,,,,
1790886212,Bnvuz4dBa1SWxe2yfCSRXXL65GtTNhGC8RuUiNe9pump,Iron Man,8T9U9KwYnm13s886KNoXqLQzepwE9KWUaKecbmzP4bfx,pumpswap,1790837100,0.000002112,2138.01,2113,2113,0,0,0,134002.66,0,0,0,0,0,0,10613,11986,,,,-95.73,0,0,0,1,,,,,,,,,,,
1790886214,GvbK85jmkJ4SYASRXbDLuRXMyz2kcA8tp1RgoX6ZTna5,Joker,EniPG8nNScmatX8uK8sMqg3vvqtapXBet87F577VZLRX,pumpswap,1790837282,0.000002175,2186.38,2176,2176,0,0,0,55888.53,0,0,0,0,0,0,4499,6234,,,,-95.61,0,0,0,1,,,,,,,,,,,
1790886210,7nFsZ2efMcLCTUgMx2DGZeiRC4gULRQ5BVfanfz3pump,NVIDIA AI,G54YfLyLXPwjSq7tN23AKa194trHRBFMpfS8arMiLa4,pumpswap,1790837154,0.000002094,2118.1,2083,2083,0,0,0,122503.59,0,0,0,0,0,0,12178,12755,,,,-95.77,0,0,0,1,,,,,,,,,,,
1790886210,7x3K9f98W3MWBcRRycfb4njHg72gRqUKj8FSPDE55Sf8,FOMO,zGLu1q5kUniMTq7bNDSn9M82pNr3myNRsVwFf7M3Nad,pumpswap,1790837038,0.000003012,3024.22,3013,3013,0,0,0,90409.18,0,0,0,0,0,0,9671,8664,,,,-93.91,0,0,0,1,,,,,,,,,,,
1790886209,5yyEx9GHVsabHfRp8MV4s7yCDs24UHciUkBzT1oCpump,YouTube,4Zz7KiTAFMMZGQBJpX4FN61W9bHDTuTqta5KHFrX3HbD,pumpswap,1790836322,0.000002119,2148.73,2109,2109,0,0,13.49,170344.56,0,0,0,0,1,1,12353,16253,,,-0.63,-95.73,0,0,0,1,,,,,,,,,,,
1790886214,si1u9ctHoUjQvQXVhUeTGdLptDvp2aRxFcD5jWYFuEh,dotsi,7eL5bkbTQGXScQyJ6fqEm4BJAo4T6v52irKUWVAT4NiY,pumpswap,1790842297,0.00001652,9836.17,15759,15759,609.13,6098.75,29127.68,397933.36,2,10,47,57,360,385,5021,3976,-15.36,1.37,21.98,-65.92,0,1,1,1,,1790886296,5,9,42,48,170,225,1670,1676,100.0
1790886213,F458Huat36hKjLPc7dmL4uEixBAgX7fUjxWwnUEkpump,MASHUP,5mfeK1Pygz1rK6sbKXZUrdYdE24NgsMee56N8HKabVZY,pumpswap,1790846727,0.00008441,26093.97,80162,80162,11675.26,191427.04,450408.75,1034422.72,75,44,879,733,2557,2490,7929,6979,-6.23,-1.37,-28.07,73.51,0,1,1,1,,1790886296,61,42,403,394,1144,1196,3005,2790,100.0
1790886209,5uUeCjpZynUamcxM8mjtku4DAd16qDSoCSBhtaEfWma4,SPP,F4j4kSSfGwha52yAd9v1pdnMb739aPpEEoSE47GWGY2U,meteoradbc,1790842841,0.00009694,,96946.57,96946.57,0,0,0,14039.09,0,0,0,0,0,0,377,420,,,,22.47,0,0,0,1,,1790886296,0,0,0,0,0,0,155,132,
1790886211,9L8GLZBxRzx7ns8qviEMQev8XtY1SJTwhUnMcTxTHdCs,YouTube,D79pNNutTSMtJnUhsGVMLCgr6APpccgm5Gu69ssk55jY,pumpswap,1790842990,0.000002076,2093.39,2076,2076,0,0,0,83215.97,0,0,0,0,0,0,7848,7327,,,,-95.74,0,0,0,1,,1790886296,0,0,0,0,0,0,170,1635,100.0
1790886211,9MrXm4THiNo91qe8E65cJiktHEf3Dj7XKhQyJMF2DKz2,Inuween,8yQQGJUVpbGHDgxeKsdjFc9toSFNQxTJF5FKm9tkAnha,meteoradbc,1790843009,0.00005479,,54797.44,54797.44,0,0,0,4604.5,0,0,0,0,0,0,103,127,,,,168,0,0,0,1,,1790886296,0,0,0,0,0,0,88,96,
1790886213,EBedpWZgcVDhzeFDhRpzovd7bf8cbNp7A58UngESG7dJ,Penguin,7pyk9V5nF3oPZQ3b4qkMkHn9tH9deMCPegkGrsxtUUZC,meteoradbc,1790842894,0.00003845,,38458.98,38458.98,0,0,0,19938.29,0,0,0,0,0,0,379,461,,,,151,0,0,0,1,,1790886296,0,0,0,0,0,0,148,138,
1790886211,ArStPxnjmUCKXtBoiwNnH57vw82k99JAQ1KnyaAopump,McDonald's,8AW9At5x9FCixTLvUgRgd9f7RqjJtHHHibk5J5HADKxe,pumpswap,1790841485,0.000002102,2132.01,2092,2092,0,0,0,158565.06,0,0,0,0,0,0,13929,15018,,,,-95.7,0,0,0,1,,1790886296,0,0,0,0,0,0,478,2253,100.0
1790886210,7zaYT9GKAnwx9fs9ax3eh3FM2BtQihcdk5pffj8Npump,ELON,Dp6wdMxewfh9MSFgkGUMkGRCFt3LeHtjfJyPpvUtsYuS,pumpswap,1790842168,0.000002105,2128.84,2096,2096,0.01,0.01,0.61,124844.24,0,1,0,1,0,2,5727,7635,0.83,0.83,13.12,-95.68,0,0,0,1,,1790886296,0,0,0,1,0,2,496,2172,100.0
1790886209,6ChVFgZmVQkezZFjHSY3Yk7bRux6q4SSb1B487Hwpump,BBC,8jEWLCScgzmmEp9RrQ7eReRf7Gh8e6T7eeRAUa19MRki,pumpswap,1790841078,0.000002249,2278.62,2238,2238,0,0,0,173978.83,0,0,0,0,0,0,12273,16164,,,,-95.4,0,0,0,1,,1790886296,0,0,0,0,0,0,2479,2369,100.0
1790886212,DV8WPt5mPkhtH1CC9Qe6NgYMsyw16sMBUTx3YTTogift,SPLURGE,53ptwYPjqaRncHPAQaQXR9jTUh71aZ3w2AeFNc1K6wE2,pumpswap,1790845358,0.000003205,3089.76,2962,2962,0,102.11,608.02,72633.24,0,0,0,3,2,21,978,1069,,-8.48,-34.14,-93.28,0,1,1,1,,1790886296,0,0,0,3,2,19,518,700,100.0
1790886212,CoDrovyDiKJLCBSLzbf4s5fa1JLdiK2TVJExTFtGi8AK,ZI,HT4v5CrDgyTAAYjAQgzSzHaNpMR7RmwskypnRFG2Hxf5,raydium,1790780974,0.00002552,14221.55,25526,25526,1.21,1929.52,6496.52,25571.54,1,0,31,11,75,52,319,225,0.32,21.64,20.19,34.39,10,1,1,1,CPMM,1790886296,0,2,10,18,40,44,128,136,100.0
1790886208,3B1a1H6fJeCtoN63WvoeCjBBEwXjQqKf9JCvWCJQzoih,Penguin,8y7kMCDQznQUWEoBoLsmbTzP4GT4dxfqdRCyPHRdYymh,meteoradbc,1790844455,0.00004557,,45577.67,45577.67,0,0,0,11154.74,0,0,0,0,0,0,285,288,,,,196,0,0,0,1,,1790886296,0,0,0,0,0,0,167,150,
1790886213,Gc11vW51DbvmwQqdUUxdNrbBCGpHih4MN2oa3dybvphG,AJAX,2aB2CDqEfi8GFvcBknBKc56iwy13H8mGFQ6aFvJVLQrK,meteoradbc,1790844557,0.00004243,,42439.59,42439.59,0,0,0,17779.52,0,0,0,0,0,0,679,628,,,,165,0,0,0,1,,1790886296,0,0,0,0,0,0,185,173,
1790886213,EeSLii2CYwTcXX6qWGmsJCrWM8JDujbKi2Zar6d8pump,Google AI,FNzUdaqKhdCvczYqhxJ5zaJJKgRjD9C5gz7yy5bxaBsZ,pumpswap,1790844347,0.000002104,2137.13,2092,2092,0,0,0,186084.18,0,0,0,0,0,0,21514,21606,,,,-95.7,0,0,0,1,,1790886296,0,0,0,0,0,0,1690,2119,100.0
1790886212,BhaQEvju9852hiJiFs9Y2ecGRb37oUfE9dAA8pLSBAGS,SHL0MS,CPtHUREDE6HYt1UfexGFBXw2wFQj34FwdLeyzJKRAjQb,meteora,1790843179,0.000008439,8411.19,8440,8440,61.69,1807.47,17622.22,620349.2,0,6,40,57,377,382,6977,5376,-2.56,-6.4,-71.73,-85.66,0,0,0,1,DYN2,1790886296,0,3,31,38,165,245,1829,1760,100.0
1790886208,3hoQAjDaosQWqKR9jTWu53t5AjWaQuuKdbvmoEzL8u3d,BOB,4qTe4GfpiFHMwyuZnDFEbipfuhhZYcPGdZHTHjHzMEGq,pumpswap,1790850368,0.000003561,3369.43,2763,2763,0,0,12.93,46371.23,0,0,0,0,4,4,510,659,,,-0.21,-92.61,0,0,1,1,,1790886296,0,0,0,0,2,5,277,448,100.0
1790886209,4pZ9PdgmGHJyiJoBrS5sn12YznDGYPbr1vGB6tgkSykb,Leo,Drh7JkbBRvw5DsDaLw3p6x7BKdsCbNFHkSZhpBjdYdcp,raydium,1790849746,0.00001321,10685.94,13211,13211,0,1619.44,38738.23,222948.39,0,0,14,9,279,261,1946,1501,,18.31,-46.08,-72.73,0,0,2,1,CPMM,1790886296,5,0,12,9,156,181,766,760,99.9999999968571
1790886209,43WhJUaUbdVNSZG6H2khBjTWGs4heEEvhgX68kAvpump,BOOBA,Gps9W2toXuBjbsxkjtou3efm9jS8nwNgGvvocxL6rsso,pumpswap,1790849157,0.000004336,3988,4181,4181,0.91,1.3,3013.44,242685.54,0,3,0,4,25,74,3242,3065,0.41,-0.3,-39.81,-91.06,0,1,1,1,,1790886296,0,3,0,4,17,58,1338,1402,100.0
1790886214,GkDxVeeXvcX6CHz7AYrduhaL4tuschcA19JNWRCjpump,STATS,8aRfzYAwVMFtnR15mD3BpS1zux2yEsGZBTRG8bHF1JY9,pumpswap,1790858096,0.000002431,2426.48,2337,2337,0,20.02,101.92,65967.2,0,0,1,4,5,33,680,756,,-1.59,-7.92,-95.01,0,1,1,1,,1790886296,0,0,0,3,2,26,350,428,100.0
1790886214,HFNSKQh7bHzEKzt5m6pe79FmGiZ14PJjJScBshts8Yd8,かのくん,nLeBNhqVgStTozsf5m9jkx8tfgg9zJJTRHbb5QJFyW3,pumpswap,1790850160,0.00001664,9791.54,16014,16014,696.78,4651.82,86716.67,279292.47,4,4,41,40,992,839,3696,2768,10.23,-27.56,-43.54,-65.68,0,0,1,1,,1790886296,5,4,28,30,290,322,1227,1200,100.0
1790886214,J9j2b4oAFUD8NaX8n534Q8mGw4Wuo4psih7icEmhVJmA,MNM,5K7gBXxK1DGBifUeX4iWPP4pgPWNgy4kjmSrs4tazB2r,meteoradbc,1790849935,0.00003696,,36968.35,36968.35,0,0,0,13468.66,0,0,0,0,0,0,683,786,,,,156,0,0,0,1,,1790886296,0,0,0,0,0,0,206,191,
1790886212,DYxR7CNTjg3m3ubHhmrnTf2PpZSDZSdkJJeqg8Vc4ZLn,GTA 6 Coin,BH7cxkSLYieJPA6KuNLdnuTbH91fj7LnNy6T5AHFNi7t,pumpswap,1790848455,0.000002099,2122.15,2099,2099,0,0,0,118371.71,0,0,0,0,0,0,16423,13591,,,,-95.71,0,0,0,1,,1790886296,0,0,0,0,0,0,360,1642,100.0
1790886212,CBVG3vzkAhgJHTZaGAcbydhpHAZtKSqyiVFnLGDvpump,Grokipedia,3BgvRopLTq2cTKiPiFksD3ND9JSZsMWNvyzWWYdW4mLP,pumpswap,1790848412,0.000002124,2147.23,2115,2115,0,1553.23,1553.23,112326.23,0,0,3,2,3,2,8606,10255,,2.11,2.11,-95.66,0,0,0,1,,1790886296,0,0,3,2,3,2,428,2193,100.0
1790886210,8hUmgxht7RUgBCMf4VESPrzGA9QBsTtsnD78kCMWpump,NVIDIA,5TNQ6ps4cnfnwENa2ioz5sbWJoCfHwE92DLmjEagSqrq,pumpswap,1790848302,0.000002119,2152.38,2107,2107,0,0,0,185810.74,0,0,0,0,0,1,22668,23541,,,-0.59,-95.67,0,0,0,1,,1790886296,0,0,0,0,0,1,1040,2068,100.0
1790886211,A3i7rK8LWZHHf8KDWGDzWCTtArCTiTLCmzuPVURetzsD,Grok,7yYk1agXc8orDRwMvHnXVqpfMxyqkN9vRnkgPWvrZPsB,pumpswap,1790848958,0.000002115,2131.94,2116,2116,0,0,0,73029.71,0,0,0,0,0,0,10123,9557,,,,-95.67,0,0,0,1,,1790886296,0,0,0,0,0,0,373,825,100.0
1790886211,9kLnq1AKtsx6WAxTbUyYvQySEpJj4J6pCzQqHHKcpump,MNM,2Cp8EkGJ73zUT9qcw32oTR5jjQL14ph9HT5QPdC7V1k4,pumpfun,1790849558,0.00004822,,48225.01,48225.01,0,0,0,9977.07,0,0,0,0,0,0,8,0,,,,1365,0,0,0,1,,1790886296,0,0,0,0,0,0,8,0,
1790886208,3GAg3vM99jBcpnEuEXyShp2PEmR3rAPL3kkWMkZ1Xrce,Haaland,FBoU8yMUQKJbx2k79bAy74fZT9Vq3KaaR22NR9rztfeH,pumpswap,1790849366,0.000002112,2134.9,2112,2112,0,0,0,113363.43,0,0,0,0,0,0,11264,9379,,,,-95.66,0,0,0,1,,1790886296,0,0,0,0,0,0,193,1256,100.0
1790886211,B3PhEgW4V6qU7z7gGvjtKjSxcJe6oXnveVHu4nbvpump,NASA,HRs6QJ1A9f18snEgpiubBG8dsqHq2Bmg26M4MZJPRyqx,pumpswap,1790848935,0.000002120,2145.11,2120,2120,0,0,0,131933.5,0,0,0,0,0,0,9277,12136,,,,-95.66,0,0,0,1,,1790886296,0,0,0,0,0,0,2455,2344,100.0
1790886209,4usybUBhbewBx5nUx6PZE59d6WhvYsJjKn6zT5MAZpF8,1HOUR,8EuDo3rY7ivSZWFBf1mTRH422VpGdGvdkSUJa3ZEuPT3,meteoradbc,1790856753,0.000006566,,6566,6566,0,0,0,36268.7,0,0,0,0,0,0,268,194,,,,79.05,0,1,1,1,,1790886284,0,0,0,0,0,0,107,88,
1790886209,6PS5TzY27BCuh8HYAYpfsiXHy1Y4CPvtCRSEnPz6pump,WOOBY,26nGZWjSJ5yttAQKs9NEwdRA8ZbhfDW2PdhEPoPPQCqC,pumpswap,1790856751,0.000002288,2306.59,2212,2212,0,0,5.03,32501.55,0,0,0,0,1,1,178,188,,,-0.52,-95.28,0,1,2,1,,1790886284,0,0,0,0,1,2,139,154,100.0
1790886209,6hjaMcRPvB4DEGpHqgHxmgipb2vrGQWMewZBAVSLpump,STATE?,5WBYceMmszMxy2CxLTtcHLGefL3Y3kfvAqMasdTLFNv8,pumpswap,1790605787,0.00004054,16499.8,39090,39090,345.85,5932.27,54282.71,128059.43,13,12,86,70,548,431,1250,1019,-3.35,-22.29,-31.93,210,0,0,2,1,,1790886284,10,5,56,56,245,251,513,470,100.0
1790886210,7mEhH5gsuwPeBC9n9C2XQJdXinWhKGfNhrt4r8db47Cn,Snoopy,5bYtv8P5197JM6oKwAt1hZBo1xJ8m7VTco1NArmqMv6B,pumpswap,1790857169,0.00003230,14982.89,31141,31141,73.83,9875.38,77456.36,612688.87,1,5,113,131,1188,1081,8921,7151,-1.45,79.32,12.34,-31.68,0,0,2,1,,1790886284,1,4,63,69,439,607,3009,2870,100.0
1790886210,82wr8yv9QK44JrjbS2kU8V7TdmdvwkBHLDDtfKdupump,BAGWORK,FYgPCgpTsjNJPRAq4koq6FdMf8mhnVrEhCy5oh9RZCgn,pumpswap,1790856521,0.000003477,3442.85,3375,3375,0,76.05,1940.31,417950.79,0,0,0,6,22,79,4095,3472,,-4.96,-21.73,-92.88,0,1,1,1,,1790886284,0,0,0,6,19,71,1739,1681,100.0
1790886209,6tdakNZRvYskxXorh2wmyKhxRe2G9dQ2m9m8xtQNpump,Bagroom,HW4nRzRRtvzEMcnzbJ6opmhTMWpCjKZnUU6SihxeseRn,pumpswap,1790857893,0.000002267,2271.1,2171,2171,0,0,0.17,38431.46,0,0,0,0,0,2,1409,577,,,-0.59,-95.32,0,0,0,1,,1790886284,0,0,0,0,0,3,969,444,100.0
1790886210,7pC7dSf2Fyju2N6g6y4yTSQicV6UxDQWahN5t1CLRNfE,dogg,gerMUQihJRZzswQpirpzHWKENsmq6feksSMEdVGCTKu,meteoradbc,1790837353,0.00009390,,93908.91,93908.91,0,0,0,2270.75,0,0,0,0,0,0,12,8,,,,16.78,0,0,0,1,,1790886284,0,0,0,0,0,0,10,8,
1790886209,5M9a7uQ4urDdwdFNitssdfjMBLeAqdCVUc2Wd9Bpump,Athletes,8mDv8GxGfemitAyamp6LLCAnnV3uL6YzD7DHzninAawr,pumpswap,1790857641,0.000002519,2770.31,2429,2429,0,0.29,6.12,833007.58,0,0,0,1,1,5,8491,4420,,0.31,0.03,-94.85,0,0,0,1,,1790886284,0,0,0,1,1,5,668,637,100.0
1790886209,42sFLMdiASHsYdTQpwHCnoMntJUYQr5SDseVCbuhcQFc,Mr Beast,FpgDSqDf2kkJ4jMhieTgyL3CNUthwX5c7fz8ZL1kBsGY,pumpswap,1790856237,0.000002102,2126.76,2091,2091,0,0,0,131740.33,0,0,0,0,0,0,15509,13406,,,,-95.71,0,0,0,1,,1790886284,0,0,0,0,0,0,414,2186,100.0
1790886212,C2VXiMgUgHswVups6FUTgbMEARTMe7iXoxJqPa554fBL,FSC,7KxRorDSnqFmTSuDBFzDYoXpnxtLS9tmeFPVNxnM45Vx,meteoradbc,1790856859,0.00004674,,46747.02,46747.02,0,0,0,7253.09,0,0,0,0,0,0,258,258,,,,192,0,0,0,1,,1790886284,0,0,0,0,0,0,152,136,
1790886213,EpnyZZBW5EkZEikbPEMZY51GDmwMQWuYpBXJS1gyVQRL,BAGWORK,DoP4n2KEVMbFqSp1wDperAWMVNsSRFVExVrmjPAoFgqK,meteoradbc,1790857108,0.00007884,,78841.37,78841.37,0,0,0,3684.65,0,0,0,0,0,0,70,78,,,,426,0,0,0,1,,1790886296,0,0,0,0,0,0,65,68,
1790886209,5DasfQV93VnQJ2tC8q9nwknUppWVjL1kDvuFG4rnKXKc,B,A4M3N3XLN1EMS95ZA9p8HxWg1zfpMcKACxn2GQ8FDAND,raydium,1790864093,0.00001900,13180.99,19004,19004,30.34,7827.94,218698.68,345717.61,1,0,100,51,1901,1329,2784,2300,0.92,36.61,-21.6,-60.78,0,0,2,1,CPMM,1790886284,0,1,45,52,666,736,1037,1098,99.9999999005092
1790886209,6H75PU1Z6Yt6gt9ow8aLpqSubJy6nyfW2jtHffVwDnCt,b,AiucNByHhwgjbR6sSPX13L4sDVMS3mtwJCSpaiccBmtX,raydium,1790863417,0.000005839,7509.97,5839,5839,56.17,211.66,24418.92,1162710.93,0,2,12,19,462,580,8743,8308,-2.97,-5.49,-76.35,-87.9,0,0,2,1,CPMM,1790886284,1,0,16,8,485,250,3494,3843,99.9999999007954
1790886211,8ypYfW5cjafrfAZij8TZj5SFHAbPNpiRio96LMzypDkn,BTC,MtD7C3bpRPP2LNim3DUfnoVTuRSQHBuCWhu9fKYKJqh,pumpswap,1790862752,0.00002428,12990.5,23335,23335,68.41,5872.94,516841.97,984927.43,2,4,103,81,5995,4856,12197,9905,-0.24,-12.31,-79.73,-49.04,0,0,1,1,,1790886284,4,5,65,68,2077,2249,4193,3914,
1790886213,GULoSAoTe6VMN89iQy7seGsRwUehtLz9uVVW569tpump,UNITES,3TeP2BWpqW1YyKhoGhVf8KxEoYTCKjH6MPYT4mbrMyYk,pumpswap,1790861889,0.000004024,3940.87,3809,3809,0,22.89,25116.26,168374.84,0,0,0,7,251,301,1532,1275,,-1.27,-82.49,-93.07,0,0,1,1,,1790886284,,,,,,,,,
1790886210,7Y7RiBJ2G2R9p5D6mY7vohC2xJSu3VTkntF3nkZgWEcH,Buc,2Urinp9UnCviLC9dvP6kLqfw1hBap3N5BVdedgJX3BXn,meteoradbc,1790864434,0.00005796,,57967.65,57967.65,0,0,0,8568.05,0,0,0,0,0,0,405,371,,,,222,0,0,0,1,,1790886284,0,0,0,0,190,163,190,163,
1790886211,ACLjA8MJypDUutwSnjPoWy8bG4hj73gDCAebuoqDpump,SEEDLESS,BPTK8C1Z5jcd9KTm5auoaG2UgvXBMpVymTRu9ZS9tc5k,pumpswap,1790864575,0.000003173,3073.99,2929,2929,0,6.38,86721.74,100698.45,0,0,0,1,1336,1124,1513,1241,,-0.67,-92.33,-93.34,0,1,1,1,,1790886284,0,0,0,1,561,678,753,768,100.0
1790886214,H9whZBur5QoGV57Fkz9zPbwUtkoBpFTpxcrts5mhWyYE,GREEKLIFE,BCA2c6rE1nzCzkcGt16UqSgFCHCiuGtgnA156Fw34FKs,meteoradbc,1790864452,0.00004298,,42989.21,42989.21,0,0,0,7060.66,0,0,0,0,0,0,377,443,,,,179,0,0,0,1,,1790886284,0,0,0,0,182,163,182,163,
1790886213,DpGNFJ4pk4dBwDXR5R4sU9S8qUkfH6pS5nVH4gUWpump,SuperPaid,8WdjZ9bLJuyPGjv5nD4NLWWhnqhVkru7oisdiQNnr8pC,pumpfun,1790864242,0.00004831,,48319.51,48319.51,0,0,0,9996.63,0,0,0,0,0,0,8,0,,,,1360,0,0,0,1,,1790886284,0,0,0,0,3,0,3,0,
1790886213,Fn9yPE7piEUxFn78HuBrSL2yk5goD4mu6dtwz6k2pump,Jane,7i3L1qwprTTCsVqj8tdXDFpQbWXqC91g1TfmDFjhWvys,pumpswap,1790863761,0.000002474,2631.01,2390,2390,0,0.27,499470.51,781394.11,0,0,0,1,6266,2247,9444,3441,,-0.44,-99.08,-94.8,0,0,2,1,,1790886284,0,0,0,1,1317,1195,1508,1391,100.0
1790886213,F7bm72v7HqeTcdoKxWQSs2xQnusQhhHBwwLvLaBtpump,ChatGPT-6,Qfso3oHuUzR54rV7ijvz8iRcxpUjdCtPo7jkwh7pyXY,pumpswap,1790862479,0.000002093,2119.59,2081,2081,0,0,66965.82,141830.14,0,0,0,0,3131,4942,17843,18738,,,-99.81,-95.72,0,0,0,1,,1790886284,0,0,0,0,353,2086,1270,2178,100.0
1790886213,FfGSQY26D11rfWaGaz3NaFbmW7kr1FwKiBpVC35WuGRW,LUCY,99ZtvQTNvyAbsGpD31HxNM76FLsLh42uF4GRHgKtvzji,pumpswap,1790865372,0.000007027,5684.7,6809,6809,219.04,927.69,256705.9,256705.9,6,3,17,15,2946,2598,2946,2598,10.4,55.04,-85.58,-85.58,0,0,1,1,,1790886284,4,3,6,15,1212,1214,1212,1214,100.0
1790886208,28eCFQNPGY1WrrDNhWjqpgf9DVZqaJc6pZaCbRmjpump,XENOPHON,5oN4iGRbBegQ5a1U35BpyPxEoLpwm788oUkSPkvKrqUy,pumpswap,1790866307,0.000002440,2431.83,2310,2310,0,0,32885.02,32885.02,0,0,0,0,306,416,306,416,,,-95,-95,0,1,1,1,,1790886284,0,0,0,0,182,292,182,292,100.0
1790886209,5PkDxm26K8De6Ct1fCn6EPz2MJPSfBvAoaFv2fjmpump,Nike,4rxTykJvb5h5VdzjbPuizHYLhNsZBfPev5hNvo7xMcs7,pumpswap,1790866171,0.000002139,2164.42,2102,2102,0,0,43159.44,43159.44,0,0,0,0,537,572,537,572,,,-95.63,-95.63,0,0,0,1,,1790886284,0,0,0,0,509,464,509,464,100.0
1790886208,3sVguz9uzG1HTu14rVccto9wKXDE3Y2kcQVHvvQtBE5v,MU,Cr5nT7nhpLMJjoghVh8iwDTbxb8xoaJzKRHB55XwVNae,fluxbeam,1790866163,0.001469,1453750.92,1468680,1468680,0,0,10413.18,10413.18,0,0,0,0,300,0,300,0,,,898,898,0,0,0,1,,1790886284,0,0,0,0,20,0,20,0,
1790886211,AR5iMfe5BspvxCHuo5om9PSyJRZaTTWWYyr8jLWSpump,unc/acc,4ETjXhRbiJnjwzVquY58yUfzrmzPjNWi2GHhaXPVpwFa,pumpfun,1790866026,0.00004835,,48356.49,48356.49,0,0,10004.28,10004.28,0,0,0,0,9,0,9,0,,,1360,1360,0,0,0,1,,1790886284,0,0,0,0,9,0,9,0,
1790886213,GEc2dfNsWyypzZ1ajjySJkLKiZwRzDQN4iW8qy7sHMfh,Mr Beast,FFMPwgRdstLo8bnNRNFtXhtKa4CKDejsVpL117nNokTG,pumpswap,1790864762,0.000002677,2659.82,2663,2663,0,0,139985.95,139985.95,0,0,0,0,16820,14413,16820,14413,,,-94.53,-94.53,0,0,0,1,,1790886284,0,0,0,0,1033,2572,1033,2572,100.0
1790886208,3qJLoMQcLWVFUQ9YnGTntP3CWSA3pdZ5FzqGVKitpump,hotbox,C8mE1rqjZnERCTyqDL36haPzxj1AwqP2As3KdpLxJMqZ,pumpswap,1790865746,0.000003088,3064.58,2972,2972,0,6.52,249608.82,249608.82,0,0,1,3,2335,2180,2335,2180,,-0.23,-93.76,-93.76,0,0,0,1,,1790886284,0,0,1,3,1095,1055,1095,1055,100.0
1790886212,BgqWABcwUij6paZ5g2YT79HcuMwjD5EX1qNVBsHipump,Gemini,3AkjXJrkvTozudMwvk3AEYfPAxBB4Qis9m7Tp9NfVNzw,pumpswap,1790864761,0.000002102,2144.49,2093,2093,0,0,245392.65,245392.65,0,0,0,0,27775,28065,27775,28065,,,-95.7,-95.7,0,0,0,1,,1790886284,0,0,0,0,503,1780,503,1780,100.0
1790886211,9mHq2j35t9sm4hj3bBQsZE2PNAJVHxgbkXK4r9R8pump,Grok,5FYKA2mhjmeJo7YMFg3Cfo3za94ZV7f8qijZkyVsDxkG,pumpswap,1790865312,0.000002139,2167.14,2131,2131,0,0,141451.25,141451.25,0,0,0,0,13939,15416,13939,15416,,,-95.63,-95.63,0,0,0,1,,1790886284,0,0,0,0,526,2210,526,2210,100.0
1790886208,25sywzFnD8DSJR25Fg6it51MF1Ff7JZNvJoXvpnvpump,가나디,9NDVa2JEPjZmqMNwhnYfwieJNPDWohshohD9JiQEgdeh,pumpswap,1790866025,0.000002258,2298.06,2178,2178,0,0.15,154087.47,154087.47,0,0,0,1,1127,762,1127,762,,0.73,-95.37,-95.37,0,0,0,1,,1790886284,4,1,4,2,415,366,415,366,100.0
1790886210,6vWkRRyPY9sGnCvFgLCwn7mJuCheMbTcuj5nZGox28sK,FDC,iVgjHtLo5DUBvxRx8EHvN1YM1MXoECwkzXBTaHLMfFu,pumpswap,1790866429,0.000006116,5199.53,5925,5925,1.96,391.44,373224.88,373224.88,0,1,6,10,4297,4242,4297,4242,-0.24,-5.4,-87.58,-87.58,0,1,1,1,,1790886271,0,1,5,11,1646,1717,1646,1717,100.0
1790886214,GtV6g1ey2NERrcbvL5bdzrxRJQDfxpMaLU9oLtRipump,CROW,G4yk7zDAiQkCS7ch22vpi9Ey6fhDhkpHFEYyz2gJ6q2t,pumpswap,1790863293,0.0002410,43926.56,236119,236119,358.43,7434.03,256041.52,645941.65,10,5,113,87,2862,1761,5766,4014,-1.75,-9.13,-19.71,398,30,1,2,1,,1790886271,14,4,88,69,1416,1011,2596,1683,100.0
1790886210,7bFSPC7HXV9wxikGRphE55kHTiGnX8bmMiZDeYUnuwN3,VLO,CXwsWHQvnZpfhiRtZhw9VE9MiCKLTrUQrY7rovrrAbdz,meteoradbc,1790865537,0.00009111,,91112.59,91112.59,1.88,40.98,353150.56,353150.56,1,0,4,1,1669,1010,1669,1010,,0.1,10.38,10.38,0,0,0,1,,1790886271,1,0,4,1,879,770,879,770,
1790886211,AcarB6YTw9DFdfQft6Z3NYFwwAh39q9UHN6NMre8Kgag,QRCAT,CFipauhZ2hTZJCgaMR53krjjKFQMicboJPPvmmQERoxA,meteoradbc,1790868052,0.00004688,,46883.76,46883.76,0,0,3461.71,3461.71,0,0,0,0,75,57,75,57,,,189,189,0,0,0,1,,1790886271,0,0,0,0,66,50,66,50,
1790886211,AYRTq6bfnNzWMY5ACWTRUtMCwV8PAhux3wm84q5mpump,lowkjelly,7Gb1hnYFcPEvePn1dskrXijxT5FFntPGSgUAxsLNyiEf,pumpswap,1790867045,0.00002570,13338.32,24871,24871,895.8,17391.09,936931.11,936931.11,14,13,172,190,10430,8197,10430,8197,-1.42,-40.67,-39.87,-39.87,10,0,2,1,,1790886271,8,12,114,141,3942,3641,3942,3641,100.0
1790886209,4rM4QVW8k2SBV8QRFpptxdVvhk4mF91AGzMyHHUWaJZC,QRCAT,EwwfqLjwvadWR51GD7fK6afiiWgTw23iPScXLkwb65Ge,meteoradbc,1790867546,0.00004568,,45684.08,45684.08,0,0,8475.9,8475.9,0,0,0,0,213,226,213,226,,,184,184,0,0,0,1,,1790886271,0,0,0,0,141,154,141,154,100.0
1790886213,EdBGYHVib6iXkBxUdB5uzUKHwXYruKKEkwt69BU6pump,CODE,7PxVThJvYsH1nbsVvRajp2N9aej6iwHCQYA2RKWwVsx4,pumpswap,1790869323,0.000002850,2811.67,2648,2648,2.59,97.03,169801.59,169801.59,0,1,2,7,2399,1930,2399,1930,-0.54,-3.45,-94.21,-94.21,0,1,1,1,,1790886271,0,1,2,6,881,968,881,968,
1790886208,3FcmxeuaDPNX5JsRD1VS769ijvCE1QWRXyqsioMNpump,JANE,3Z2hA6bWTLd8uBATbFPV4QgbvWeBhG9NQFjZznj7eKgw,pumpswap,1790867125,0.000002427,2645.04,2392,2392,5.56,757.77,957792.03,957792.03,1,1,5,4,15804,8877,15804,8877,-6.76,2.47,-97.25,-97.25,30,1,1,1,,1790886271,1,1,4,3,7306,7293,7306,7293,100.0
1790886209,4xuFyji3GZWqyMXexo87fWGtKvnWREEP7cPkMywrpump,MRSOL,2SWniajKaw3Qmx7BRgde6mVjw7zEzmaUkousXgPEk4Xj,pumpswap,1790867917,0.00002340,11883.48,22479,22479,11.51,11.51,10199.87,10199.87,0,1,0,1,74,134,74,134,-0.37,-0.37,-50.83,-50.83,0,0,2,1,,1790886271,0,1,0,1,66,86,66,86,100.0
1790886209,5188hYRf2saZt9PhLD6exKL4MCQquRmw9SGaBak6pump,1,2DpuypEtKm7pFg2gcD3Govw4QLPVsNUkj7K9A4HdcUyj,pumpswap,1790868898,0.00002904,14738.99,27701,27701,23.91,1626.67,113150.27,113150.27,1,0,26,19,1113,704,1113,704,3.86,-2.43,-45.12,-45.12,0,0,0,1,,1790886271,,,,,,,,,
1790886209,4ZjwdUJTNt5Mbjw95cG4TtoaVPZE64xdDaQ9zdyJNMnS,BLAST,CeJarR1mZJcWGRTgSizuNKaMXgWtYPy9QNLTXW7UiMiw,pumpswap,1790868324,0.000004526,4329.62,4093,4093,0,1.34,90804.53,90804.53,0,0,0,2,764,652,764,652,,1.09,-91.88,-91.88,10,1,1,1,,1790886271,,,,,,,,,100.0
1790886210,8UAZ83Nk6tfaMXmMKLpdy3FL4soajwzbpFKJjUZEGc6,OTIS,3ac37zqMkGXBDyvSnXPgq552zLrULMmWzZYuechm5QW2,pumpswap,1790869694,0.0004316,138620.39,431689,431689,0,353864.25,1798488.75,1798488.75,0,0,1041,965,7386,4929,7386,4929,,-7.22,4172,4172,0,0,0,1,,1790886271,0,0,50,50,2062,56,2062,56,0.00000000110662955432026
1790886208,3s7HNAvfm7sHCnrLQczFP8UBbgM8mpPoyKCWHvvRcJFG,NEEGY,EtXMLufEhTSE3z6g9Pj42px61rdsNjX8EvMAwoSoNyH8,raydium,1790869767,0.000003148,5182.31,3148,3148,0,2.46,135095.42,135095.42,0,0,0,2,1513,1495,1513,1495,,-0.59,-93.42,-93.42,0,0,0,1,CPMM,1790886271,0,0,0,2,802,894,802,894,99.9999995460082
1790886210,7bNAdLF4xN7Q8srBsSQ78ZggvbbzMvXtcVQ4woH3pump,$QRCAT,CxRq8VvNsb7FwPvC676ZdM49tKWBfvmfrimyKBPzFZ9s,pumpswap,1790869720,0.000002302,2372.65,2242,2242,0,0,244793.1,244793.1,0,0,0,0,3235,1590,3235,1590,,,-95.24,-95.24,0,0,0,1,,1790886271,0,0,0,0,913,893,913,893,100.0
1790886213,FbGfMBy1MwpQMZfVPrMPcSw3gu5spumtSsisS8M1FSKu,PISSCOIN,65kdjTaqravAgXWXe79NdfZ13Y71z4AFhyc3WU5o7Qey,raydium,1790869671,0.00005409,22497.31,54097,54097,1040.52,53010.31,752503.63,752503.63,14,2,373,286,5633,4880,5633,4880,19.83,-55.23,12.25,12.25,0,0,1,1,CPMM,1790886271,8,2,182,206,2301,2181,2301,2181,99.9999995455666
1790886211,9K4wahMJtsGBgMPYmNBKZeaNrsmJLZhWMYDpgsKcMc8J,POKEMON,CMdhhGb4H2xEyXT99aqfLasYd9pXxQ5AcNdSNa52bS3g,pumpswap,1790868544,0.000002146,2163.4,2136,2136,0,0,82342.5,82342.5,0,0,0,0,9065,8260,9065,8260,,,-95.61,-95.61,0,0,0,1,,1790886271,0,0,0,0,502,1380,502,1380,100.0
1790886212,BWbxfHtvfufeXvZ1DBTR7nhQh3zcJxLwKA99rwT9pump,SOI,7m7SQ7v4JCby9mGepXPiCnjbefynhro1Asp5UAz6TfeU,pumpswap,1790869489,0.000002448,2611.74,2378,2378,0,0.61,536867.44,536867.44,0,0,0,1,2549,2278,2549,2278,,-0.5,-94.95,-94.95,0,0,0,1,,1790886271,0,0,0,1,876,801,876,801,100.0
1790886214,HmMDsu7WFPxJVhXEZdkMFgQHgschqA73DnuSTheYpump,Janes,8ybijrpQm5yG6pkPC2k2DaGkv2m52Zz3VCJMgNTyk99y,pumpswap,1790870670,0.0007195,78843.96,708321,708321,8592.49,185617.25,1123634.25,1123634.25,86,64,1480,828,23825,7063,23825,7063,5.55,11.49,776,776,130,1,1,1,,1790886271,52,28,766,409,12789,2800,12789,2800,100.0
1790886214,HXJJiAwtJuwCgqPveEaf8sDG4myXGopSzrZzCnhtpump,POTS,GATjH5XKTfHNLvCzg7M9M8o2UmPhKyvuF9M6RMWZEJxy,pumpswap,1790871495,0.000005744,4921.45,5402,5402,51,750.51,295164.06,295164.06,0,1,15,23,3304,2784,3304,2784,-1.77,-9.24,-87.93,-87.93,0,1,1,1,,1790886271,0,2,13,24,1282,1247,1282,1247,100.0
1790886211,9matgUN4r3sWb9RcPmBQ2744MS12aD7r9qzWpRS7pump,WOP,DxaqUGf3wvLYq3BW1LVNY1j2qyvPUrq5SSbLKQZQFhNo,pumpswap,1790870776,0.000002885,2828.56,2608,2608,0,0.74,104916.61,104916.61,0,0,0,2,867,902,867,902,,-0.21,-93.34,-93.34,0,1,1,1,,1790886271,0,0,0,2,512,620,512,620,100.0
1790886208,2qizXDtpK92YziSqmt6Kry3Zc6CNuZxjbQodqcEsZXMR,XCAT,GdA9zjFBz6S7ML4MRYjNmxgW87m3Br7qtbdHdvj6wCjy,raydium,1790862404,0.00002999,15689.54,29997,29997,90.83,4614.58,52418.37,122868.68,1,1,57,31,554,412,1153,855,-2.28,21.3,16.98,-25.19,0,0,0,1,CPMM,1790886271,2,1,28,47,247,269,488,524,100.0
1790886212,C7WsYzixPHZSG39ei9W4rdH2TcfWxtDSvBBACNLc3yJN,HARDHAT,4gwtAwmwNMPadM8CEEkdPeXNoajeaEJeyPZnguapyVUr,raydium,1790870499,0.000002897,4971.91,2897,2897,0,4.93,147564.59,147564.59,0,0,0,6,1316,1247,1316,1247,,-1.09,-94.21,-94.21,0,1,1,1,CPMM,1790886271,0,0,5,0,715,643,715,643,
1790886213,Fcr5Ps2Rn6R6QjNSJCScWMhrGWvaU1t23R7UNv1iGDhk,GG,EmUgaiZJDsZqqpf59XActiu6XMvYNGXHzdCic5DMA9AS,raydium,1790869935,0.00002793,15852.94,27935,27935,486.57,10602.85,457553.29,457553.29,7,2,78,77,3577,3198,3577,3198,12.37,-22.83,-38.73,-38.73,0,0,0,1,CPMM,1790886271,9,1,48,58,1544,1416,1544,1416,99.9999995474005
1790886213,F1JSxxu5NjNV7D5j3SuqhtQ7VJJN7brSwwVFp95pump,T5K,GR3seHB11eGJDLk5zDd3yxKTBZfC3CAphz68eCe3Ttmk,pumpswap,1790871617,0.04032,577978.62,40319300,40319300,577.31,8453.71,307353,307353,12,7,169,112,711,468,711,468,0.01,0.92,82505,82505,0,0,0,1,,1790886271,9,7,10,10,35,26,35,26,100.0
1790886210,8ZZ7dW6c27FpcafSaLs1qVgEmdy5cHUyar4gtadUG63N,PAPU,21UmzgzF925tDx6oDYKWuB4so1yNFnKstAYkQcxMX7wB,meteoradbc,1790871630,0.00004185,,41855.11,41855.11,0,0,6750.6,6750.6,0,0,0,0,185,209,185,209,,,159,159,0,0,0,1,,1790886271,0,0,0,0,100,118,100,118,
1790886209,4k6izeEjsmsB2HGem2MMqjMxMMgDg1JZgkC1GaSVpump,SA,8tD5Vd7aP76SCZdgSH1cPcDUcEW6qBgFUnd7k3Em5UM,pumpswap,1790870893,0.000002523,2819.57,2460,2460,0,0.04,986814.68,986814.68,0,0,0,2,4159,3707,4159,3707,,0.13,-94.78,-94.78,0,0,0,1,,1790886271,0,0,0,2,1092,1020,1092,1020,100.0
1790886208,2Vt5vwcSbJySAkbmWaD5DBLRoCq3B4GeAPCtBw6duAjc,Tesla,8j1ydGGySwPfagqfwvRsG41RmzXW9wTF6aXmLUQ2aCQH,pumpswap,1790870327,0.000002127,2165.78,2116,2116,0,0,245857.94,245857.94,0,0,0,0,28656,24504,28656,24504,,,-95.64,-95.64,0,0,0,1,,1790886271,0,0,0,0,419,613,419,613,100.0
1790886212,CRLB1RYRwBdgFDp1ywiGDF7E1DPPJAikPeBoR2BujFcQ,DUEL,7u2y5DzCttwBbasySo3c6xJuks87sCYTL3ugtsQdzQgy,raydium,1790871402,0.00007449,25044.62,74496,74496,727.16,4469.51,262635.63,262635.63,1,5,19,41,799,1122,799,1122,-10.67,-34.29,45.42,45.42,0,1,1,1,CPMM,1790886259,1,3,9,16,392,310,392,310,99.9999999862606
1790886214,Hp5YcxSm7X7Mw3miBGeN4HtSwFAAGbzhPgXVWQf7y95g,KAI,51HcWvXpTYLqQ6wfoc1gfpwuNuLotJoChvaV1PeePtkD,raydium,1790871489,0.0001141,22814.95,114197,114197,0,0,399.11,399.11,0,0,0,0,15,7,15,7,,,1.16,1.16,0,0,0,1,CPMM,1790886259,0,0,0,0,14,7,14,7,
1790886208,3DrmQ144kzEx5ntNWbjGfH3D8NhGw2KeCNUCeUGUHM9C,MOVR,2Vb9CCytb76gdBoqfZBXvLR43hVhbhNEw4SZRFam2b9n,raydium,1790873238,3.20,3200026470.57,3200294295,3200294295,0,0,50159.92,50159.92,0,0,0,0,45,5,45,5,,,,,0,0,0,1,CLMM,1790886259,0,0,0,0,38,5,38,5,0.0
1790886213,FFrRBPP9yWtSqnKjXXM9C77MBdLztfdgSnRE858zpump,MEME,ECN4kZK2V53YfvCk9mgbozRmRUcxrLfMbDVv2hmJ3FL5,pumpswap,1790871366,0.00008065,27370.24,78587,78587,2795.94,90890.91,4192715.23,4192715.23,44,44,978,848,28536,27909,28536,27909,-12.73,-59.92,67.18,67.18,0,0,0,1,,1790886271,45,39,483,589,9115,7640,9115,7640,100.0
1790886209,5GHThMhzDimJADXTps9JRnGEmgQSqNhQkWjdquGbpump,OpenAI,CpMD6SffLwVtieWjXSSPjkQBu9y1uQF3AG1UvjAe4MjM,pumpswap,1790870724,0.000002142,2176.98,2133,2133,0,0,190074.86,190074.86,0,0,0,0,20153,21336,20153,21336,,,-95.61,-95.61,0,0,0,1,,1790886271,0,0,0,0,532,2217,532,2217,100.0
1790886214,HnvbTDkbHXe3mLHMa4oSNZT4PwS7d8RRrC5pYPGKpump,Speed,5PeTMK1ewn6qdxCQML6t3638ddws5x7YZp2azN5TQyYH,pumpswap,1790870359,0.000002090,2121.42,2080,2080,0,0,169533.51,169533.51,0,0,0,0,13012,20111,13012,20111,,,-95.71,-95.71,0,0,0,1,,1790886271,0,0,0,0,481,2361,481,2361,100.0
1790886210,8oMvxgcBJtDGNSc8kogCEEFxSvvi7x6jHRfSWaiWpump,DOMAIN,dH12Ke1gyoxqcujh9oYkNMwJkNNNuGvBszZnBrmVpWh,pumpswap,1790805946,0.0005123,75112,490011,490011,3924.33,137529.26,5804589.66,6028756.61,44,45,878,1013,26100,22474,28238,24456,-2.16,-15.7,5907,948,0,0,0,1,,1790886259,37,42,493,679,7855,6604,8778,7517,100.0
1790886213,DxgJTLsgNVMaZBpgPzKBBBLBSdSAZzxyAeAfboUApump,TRUMP,2cYkH5MLLaUh9K1776DAjQisXo6iAJRdeJJKWqi3A7US,pumpswap,1790874603,0.00005851,20482.82,56187,56187,341.36,7942.26,342121.89,342121.89,73,61,981,877,3639,3339,3639,3339,-2.04,6.92,24.36,24.36,100,1,1,1,,1790886259,68,53,953,798,2532,2126,2532,2126,100.0
1790886210,8V2jTnUbfTDkzznAD2BwhCRR1jJrin3Exj5zPoU2AmJA,FOMO,6tdNjDNFzDdEuKyyvtKtke4Zuarp3MyZwCiERwTsq5Xg,meteoradbc,1790871402,0.003679,,3679623.82,3679623.82,122100.63,1223979.53,4360865.39,4360865.39,578,196,3503,2203,12855,8958,12855,8958,13.55,174,73187,73187,0,1,1,1,,1790886259,1,2,1,5,2,14,2,14,
1790886211,ASN6XAyWyn1psSbGKNQ7D81byp1CRTYd8Q9aA2DW9M3n,pumpfolio,BQ3gvDP8cbMZXPKtqGdzxjAWujBVLDQySJzRDgEr6C2Y,pumpswap,1790874374,0.00003315,15358.28,32268,32268,528.55,19145.92,759869.36,759869.36,8,7,199,195,7253,6556,7253,6556,5.26,-12.98,-26.61,-26.61,0,1,1,1,,1790886259,1,8,101,130,2904,2792,2904,2792,100.0
1790886210,74wf8kZrSXrcXDytmDK4eXaePoKm92fBWtauuJdQpump,SuperCali,5Q7FCGXCbZhTtsLm5aTz5MdFfTHL3UfvQ2gCm5oGWUpr,pumpswap,1790873640,0.000003381,3543.67,3329,3329,0,141.28,1279880.57,1279880.57,0,0,6,861,20717,12402,20717,12402,,-10.19,-96.01,-96.01,50,1,1,1,,1790886259,0,0,6,5593,7806,7633,7806,7633,100.0
1790886209,5p4D7P3qWVbTkuJugAZsVs1F4S6E2BDnuyKP9dtKhLu2,POKEGENTS,FPWtHaFRf2bT99Mt8jfidvxvSYR6wPzwj5eUBixekJ2J,raydium,1790873912,0.000002651,4866.91,2652,2652,0,6.43,97925.73,97925.73,0,0,1,1,568,648,568,648,,8.5,-94.46,-94.46,0,1,1,1,CPMM,1790886259,0,0,1,1,340,377,340,377,
1790886214,HXxJdaQbrYRvwTAM8M8mUPyoRPvmyuUbPFBRkiAAMASS,Ansemmas,6qirp44Q2T8B1CfbGmnqeXCLdQhFqmNCfAFfpKG4N156,pumpswap,1790873795,0.0006745,80292.1,643113,643113,122515.14,1267188.82,2510161.71,2510161.71,831,693,9714,7603,24841,18766,24841,18766,37.56,79.83,1322,1322,0,1,1,1,,1790886259,448,346,3917,3101,8000,6435,8000,6435,
1790886214,H3NJL31MZyELu2NyxtoJA4ej8ESEHtQfxZGDVwdjpump,FLINT,3TC3rRAenGqSStn6mPx3MJGpjYmMUzUxYVuo3nqwkdcd,pumpswap,1790866046,0.000009217,7068.82,8898,8898,31.62,3398.62,789707.33,789707.33,2,4,41,61,7341,5150,7341,5150,-0.91,-32.74,-80.95,-80.95,0,0,1,1,,1790886259,0,4,31,46,2257,2083,2257,2083,100.0
1790886212,DQUAnBuahNy6H2kfpogiQuxXEc5YTcsvU2rhmL5Npump,MICROPEPE,jZ3cAz15XRKtzLNFqRqb74UpVujp4TVYZ8KH26LG2kZ,pumpfun,1790873275,0.00004823,,48237.33,48237.33,0,0,9979.62,9979.62,0,0,0,0,6,0,6,0,,,1360,1360,0,1,1,1,,1790886259,0,0,0,0,5,0,5,0,
1790886213,G8a6tsFWrXKY21xkY58VnjAbQWDJwCbmQ39B9ALApump,Bagroom,FCpE693ZAmcuXrvVa9S9KE1iyJjgjDg5sidD4q3GaFo3,pumpswap,1790875631,0.000002370,2374.18,2276,2276,0,0.54,51878.16,51878.16,0,0,0,1,2223,593,2223,593,,-0.2,-95.13,-95.13,0,0,0,1,,1790886259,0,0,0,1,1248,521,1248,521,100.0
1790886211,9WEp9nddwNjBATBJse4kij9dzB9E7gccc5PfDS6A4PmB,‮orutuF,FtiMVFsWjCUgju2xXUuYgW3kxMxT8pAJEHp3Ng7CKePp,meteoradbc,1790875158,0.00005835,,58351.09,58351.09,0,0,167.63,167.63,0,0,0,0,21,6,21,6,,,16.43,16.43,0,0,0,1,,1790886259,0,0,0,0,4,1,4,1,
1790886212,DESwuRnMHpsUfLWPrF8s6Ph9LTAVyCrMUzwhcN8kSTNK,FUSE,7zBzrNNbdQJo1ShWYtZniRJ3WyRF5YmYr4LVd8HKuXMr,raydium,1790875961,0.00008238,28580.86,82385,82385,1282.97,52250.76,1094270.45,1094270.45,21,11,430,314,7782,5967,7782,5967,-0.21,-33.04,65.88,65.88,0,1,1,1,CPMM,1790886259,9,18,206,204,2573,2941,2573,2941,99.9999999998931
1790886214,JD3d8mxEJ91LHZSuwVLquFAKdo5PbEeLCUevjjDsPdRe,TERRA,8KYv6Ed2Ewxf1u14ggofQXTD4FVsNKFknKBfZAhDFKE6,pumpswap,1790777131,0.00007666,23862,73006,73006,0,3673.73,56709.93,370304.06,0,0,10,12,231,250,2075,1811,,-19.31,-5.79,174,0,1,1,1,,1790886259,0,0,9,12,123,155,828,784,100.0
1790886208,3kaPZWNgvtudaHeZoPEhkL4SX3PBvGnY725ZDRMCmKvW,LUCKY,5pTGCESF6fT53wfuvC3UVcWmdWRRWWtqird4SA37MFDG,raydium,1790869847,0.00001560,11514.24,15604,15604,0,939.7,187574.29,187574.29,0,0,6,17,1221,1428,1221,1428,,-21.42,-67.61,-67.61,0,0,1,1,CPMM,1790886259,0,0,10,1,687,637,687,637,99.9999999913811
1790886208,3eU82VZUstiyBwEy2KpTfNbmShgDxu7iJi38RiWbDhBU,MICRO,CLnLp79HpzcxoBP6p884BVZkvtXpJSoijSz8BWN4bob4,meteoradbc,1790876658,0.00005901,,59010.39,59010.39,0,0,3449.84,3449.84,0,0,0,0,96,94,96,94,,,32.55,32.55,0,0,0,1,,1790886259,0,0,0,0,91,80,91,80,
1790886212,CiAZkforYBuxP6BXFP6HRMt7vfGgkB7kKzu1cSkya91A,Ansemmas,Cnahkgxz2Ar8gSytTxGxceUebiPmzcbmzWWHPzoyGMiV,meteoradbc,1790876693,0.00008117,,81173.53,81173.53,0,0,2677.17,2677.17,0,0,0,0,59,59,59,59,,,436,436,0,0,0,1,,1790886259,0,0,0,0,53,55,53,55,
1790886213,FFivn1EnbiycRD3c4nAQvuD7zPyqjRqocWD8FtHcF2Sw,NYSE,ApoMjfijq5MymiGAiX91TDTzqCnVPopwDoB9YAReYwAU,meteoradbc,1790872879,0.00006837,,68379.77,68379.77,0,0,40236.62,40236.62,0,0,0,0,209,120,209,120,,,1257,1257,0,0,0,1,,1790886259,0,0,0,0,76,47,76,47,
1790886210,7oWugf3UYQ2pCuXo4an6Wa7tB15EdvdvFUtq2wZpRaBw,HOOKED,7Cy2ahMTcyvAsARKKB5HiW3uwvk48GwGMLVaNGMVj2nz,fluxbeam,1790876698,0.001482,1467395.31,1482464,1482464,0,0,10505.18,10505.18,0,0,0,0,300,0,300,0,,,899,899,0,0,0,1,,1790886259,0,0,0,0,20,0,20,0,0.0
1790886211,Azff3fCQMpu1Z6zLRKDfdihnoPgZi5p7w4rJxaXsgxJ1,HOOKER,BpdDtHzg8gsvjjwy4NsFzQfKzTPqt9X8Ui2D2VxavUYg,meteoradbc,1790627097,0.00003996,,39963.03,39963.03,0,0,46078.4,46293.15,0,0,0,0,416,239,419,239,,,622,657,0,0,0,1,,1790886259,0,0,0,0,191,126,194,126,
1790886213,GESJNVvex9Z6vDyeKmCssuUoHFuaStV3ejytTMuepump,MEME,HrNjVeq6XgjVraFyrSSjZvbSZxctPQN5KHC6nPBVgAaS,pumpswap,1790876694,0.000002274,2428.43,2245,2245,0,0,679217.83,679217.83,0,0,0,0,12224,5005,12224,5005,,,-97.52,-97.52,0,1,2,1,,1790886259,0,0,0,0,3983,3974,3983,3974,100.0
1790886214,GzahJ2WwEtyVvUAetrmK2zvvfhD887WtuH8hFFuh5nwn,GRIFFIN,GdwvZhNuEpv2mWARrgXtKFMLCDYZQ2aFVtRUFzXmDBHG,raydium,1790875416,0.0003434,58862.7,343482,343482,10344.97,266136.63,1902294.44,1902294.44,60,35,1256,1123,11915,10461,11915,10461,5.2,131,604,604,0,1,1,1,CPMM,1790886246,42,42,632,649,4816,4152,4816,4152,99.999999989383
1790886211,AaQ6XhjqrTnTWt17VHbTMdJPdWHB9Kx5UCPAZnNNpump,RINSE,97WA9HpK3j4N4y1qz37trWcdLYjH9x2KcSLRKobwkrT4,pumpswap,1790878911,0.000005444,4950.86,5240,5240,56.98,42917.18,792955.36,792955.36,8,4,629,619,7551,6541,7551,6541,-0.58,-60.83,-88.83,-88.83,0,1,1,1,,1790886246,5,4,255,388,2945,2732,2945,2732,100.0
1790886214,bn6RCR2xHdASpU3cHPxs3Vz3ve9qj8PaXiKKz6oTUof,𝕏/ACC,DH9jbFEXPGgaMvUAg9xshjoLnRizYNV8tpUMw3R7c2tU,pumpswap,1790877972,0.00003882,16329.67,36481,36481,465.11,22825.93,449325.6,449325.6,4,14,282,258,6544,4708,6544,4708,-6.37,8.52,-18.82,-18.82,0,0,1,1,,1790886246,3,10,150,165,2337,2227,2337,2227,
1790886213,GTz5rfocFdbD3eWKMu4kzTjRVjkjzZwEaS95uD3Rpump,AMD,GALE4iPEpVfjYgzGTo7BoUhujawWKuCAU6bGkX7huWUu,pumpswap,1790877025,0.000002548,2811.08,2509,2509,0,2677.37,1624658.01,1624658.01,0,0,21,20,19673,11315,19673,11315,,-2.82,-97.04,-97.04,50,1,2,1,,1790886246,0,1,11,16,6309,6237,6309,6237,100.0
1790886212,D9LAwbz4GZT9YhR2HzevcfNbnU2VfjGXQ1iYqYA4pump,SU,4Xri3d5WA2i1RsEvjjFuKunW1HxsiGdnViG4U5fSpwRb,pumpswap,1790876820,0.000002874,3366.82,2765,2765,2.49,24.82,1729218.88,1729218.88,0,2,2,8,5968,5558,5968,5558,-0.12,0.85,-94.16,-94.16,0,1,1,1,,1790886246,0,2,1,8,1836,1801,1836,1801,100.0
1790886209,4htxmiuUJw1CkkwJRAEQNYmLf29T6ZYtxhZsinTSne4W,CABAL,GUbriRjKHEXvPbTXfx7bHQjws9ZL4tjBH4TG5st92YG8,meteoradbc,1790878618,0.00003498,,34986.63,34986.63,0,0,11363.16,11363.16,0,0,0,0,435,435,435,435,,,79.73,79.73,0,0,0,1,,1790886246,0,0,0,0,131,119,131,119,
1790886209,63rMXjBsFQV7MmTXVvZwXLBJp4zb9ncJw3SwigmC7AtE,Nailoong,GQGYZycKhJHrPNNuJpSwg9VQuwV6X5gAgTLTHxXcsYC5,meteoradbc,1790879040,0.00005898,,58981.83,58981.83,0,0,7247.21,7247.21,0,0,0,0,296,282,296,282,,,35.05,35.05,0,0,0,1,,1790886259,0,0,0,0,156,150,156,150,
1790886211,9w9QkrKXV8Mn7HfyyPsG2ms7eeVcbi7ksgkDMueCdkPX,奶龙🔥,EneWxpuJETeZNfPAoJk8toMxXdt7PZUN2NMt8QFhckF1,meteoradbc,1790879137,0.00005322,,53224.88,53224.88,0,0,2253.35,2253.35,0,0,0,0,85,71,85,71,,,5.94,5.94,0,0,0,1,,1790886259,0,0,0,0,77,62,77,62,
1790886209,5GcDVVysp81MhtR4Xfgv6qjoZRPFqgZVM9s22kUApump,Trump.exe,6dgx7cRBDWmDsW5KfJ3XA6vED2UbbPX1PMGn6rC5xsvX,pumpfun,1790879148,0.00004865,,48656.43,48656.43,0,0,10066.33,10066.33,0,0,0,0,8,0,8,0,,,1365,1365,0,0,0,1,,1790886259,0,0,0,0,8,0,8,0,
1790886213,EtYDW9cC3dQ8s2fJ5fzMBEE6c7u1x7fTEACUcdiDCKAc,𝕏/ACC,D2qi8oc96seZ5URLH5pwaBoKdBjVB7NiiX4LexHVNqJ1,meteoradbc,1790879049,0.00005322,,53224.13,53224.13,0,0,8066.62,8066.62,0,0,0,0,261,297,261,297,,,6.59,6.59,0,0,0,1,,1790886259,0,0,0,0,161,148,161,148,
1790886209,5CpQs2YaLY7z3XKLqNRcSLn38q9GQ7S1yteqcpTipump,𝕏/ACC,HjutGtwLCe3j6ZvfWScJRTwgx5tSiT5E1HzimPKwkWJJ,pumpswap,1790878100,0.000002798,3050.06,2723,2723,0,15.31,1190853.14,1190853.14,0,0,2,5,12013,5615,12013,5615,,-0.47,-94.3,-94.3,0,0,0,1,,1790886259,0,0,2,5,1199,993,1199,993,100.0
1790886210,79E2XiCZ6PgDevwrWnRDFQ1VgbHotRwe1Pm2VfeJLMF2,Cap,DdQwcfAjJDM7eBnhMHdceazWGJ9t7rcRrpP3ky6b33qv,pumpswap,1790877901,0.000002112,2144.52,2102,2102,0,0,186057.57,186057.57,0,0,0,0,13402,11107,13402,11107,,,-95.7,-95.7,0,0,0,1,,1790886259,0,0,0,0,245,1317,245,1317,100.0
1790886214,HPZ9A9o2dP4bLNjDp47YLUsR5EysmzuL5ZD9JRVpump,SpaceX,Dhyp2DPdTHgfczGjUKKj4RRudwVSC2bUYtGnaPgqTn1T,pumpswap,1790876859,0.000002103,2128.41,2093,2093,0,0,123428.64,123428.64,0,0,0,0,10999,12693,10999,12693,,,-95.74,-95.74,0,0,0,1,,1790886259,0,0,0,0,471,2251,471,2251,100.0
1790886213,ELEnRRcKCuuPJBJPeTTGCRocjkBCwbd3R3f8nyg8pump,silent,2bzfurGrmWhEXHpLggzGoJmt4hjHu7EQubtByVrdvBYS,pumpswap,1790880054,0.000004679,4405.52,4607,4607,17.42,2031.74,710994.9,710994.9,1,2,49,84,6522,5380,6522,5380,-0.93,-47.8,-90.52,-90.52,0,1,1,1,,1790886246,1,2,26,59,2468,2299,2468,2299,100.0
1790886208,242mDa6NfwdpiZi7cBcHf7Rwn6BQ8LA44fwgEptupump,Ringo,82UwwQvrvKbWQ46TjikbcBkAQXFhq68dcWSdJ5i4EUFK,pumpswap,1790881920,0.000002374,2367.02,2275,2275,0,47.39,14873.28,14873.28,0,0,3,25,181,398,181,398,,-2.27,-95.17,-95.17,0,1,2,1,,1790886246,0,0,4,51,148,331,148,331,100.0
1790886208,3oKUDGkNqbfKKrYNALjCX3kPsvDTjawnsf9v4dkneUC7,SEC,CctYvZM6eZdx6UwDsdMgpun1dRHC6WGutSSMumBRV2Zq,raydium,1790875613,0.0004962,65522.14,496203,496203,26.74,5000.9,266108.88,266108.88,2,1,39,31,833,1016,833,1016,-0.1,-5.8,893,893,0,1,1,1,CPMM,1790886246,0,1,26,25,420,282,420,282,99.9999999913863
1790886209,5EvrB7f6RPGVeKY54Fy4a1jjGKCZ1cWv3tUafcG3pump,ETF,J6y6kSjY43AjTuu2UJXMktybWGuMLbvpkWTHUuKKtReH,pumpswap,1790879160,0.000007814,6015.28,6914,6914,145.77,5555.48,177997.77,177997.77,0,8,121,135,2307,2006,2307,2006,-6.76,-41.59,-84.12,-84.12,30,1,1,1,,1790886246,0,6,37,73,938,944,938,944,100.0
1790886212,BZp8DUm56WwvKriyK8hWWgPaPuuemXH14cRxSYfxz716,RWA,7Mb9Mumsn6NSDJddaeyV5TmeEiVk6G1tow3WGCn7yfqC,meteoradbc,1790880086,0.00005343,,53437.12,53437.12,0,0,3606.35,3606.35,0,0,0,0,187,155,187,155,,,6.19,6.19,0,0,0,1,,1790886246,0,0,0,0,127,134,127,134,
1790886210,7J2uh3PZjbY6JuY8vwDBm4SY5DnLamXdSi8X94Sz1xJ,Conviction,4S4x2r29FY5ounW7hBiZykZgm8zoquVa9CHN31G6WovH,meteoradbc,1790880079,0.00005302,,53025.17,53025.17,0,0,7292.47,7292.47,0,0,0,0,143,176,143,176,,,193,193,0,0,0,1,,1790886246,0,0,0,0,114,116,114,116,
1790886211,AMpvUW2BjYKPedpdbgodn7f2C45u1RS2kmGkM56xpFzw,God,Ee56kS3hVJPUPxqgSHKBzzy6htLQbqvQx1irEUbhFK6D,meteoradbc,1790880068,0.00004238,,42381.99,42381.99,0,0,3349.6,3349.6,0,0,0,0,68,81,68,81,,,160,160,0,0,0,1,,1790886246,0,0,0,0,64,68,64,68,
1790886208,2BNZJAkxJM1Fv1huwity8iGFKcZxa3631H5MkHMpEhPh,TWIN,7EcC5orsv77gpMobwGAqcdRvNhoAV3NfcAjCFCdQ4RRh,meteoradbc,1790880103,0.00004481,,44810.43,44810.43,0,0,5849.2,5849.2,0,0,0,0,141,157,141,157,,,189,189,0,0,0,1,,1790886246,0,0,0,0,106,109,106,109,
1790886212,BnkrBHH1HEryHCw4KWKiL13MyukD6uNPGEoJtDCsphn8,Chatgpt 6,F7q9k7cRpwY83iHq3XwoQvUAjDEKetbpLbrDCnrkySF9,pumpswap,1790880040,0.000002110,2133.63,2110,2110,0,0,125136.43,125136.43,0,0,0,0,12655,11745,12655,11745,,,-95.73,-95.73,0,0,0,1,,1790886246,0,0,0,0,410,959,410,959,100.0
1790886209,6VkCtDrMuqRBWk9dtVoRRn4QrnecaV8hG6V5SfCccCj,Nailoong,8PbRdpQ121Gj24oTspzHySgQmrxrFspU5EaehdYifVEo,pumpswap,1790879666,0.00008723,136143.47,87233,87233,366461.47,5207256.69,9373410.25,9373410.25,449,243,6235,3431,11887,6617,11887,6617,-1.87,-31.63,137,137,0,0,0,1,,1790886246,211,29,2816,30,4352,38,4352,38,0.000000000573985947537534
1790886212,CcJsfMHVZAyBZSWfMjifHUXKTyLkGrWQyrshGU5UVvWd,Jane,CBKfU2ych8y8BoKHpUnSjna2xRdsFEXwj14fu1ab9KF5,pumpswap,1790867665,0.0001837,268511.6,183742,183742,212423.79,2915896.44,16962252.38,16962252.38,190,88,2470,1204,13175,7348,13175,7348,0.4,16.76,188,188,0,0,0,1,,1790886246,120,26,1286,29,5867,46,5867,46,0.000000000436661077960454
1790886211,AFdP6pnJwj2mwfeji6rR2bA9pz1AVV96u1R194dLJwKK,PUMPE,2xf3W6SaPeBhwkT1ShHXkbhGGJohtdWuBDCjdZ6Xva8B,pumpswap,1790882186,0.00006787,21837.97,65600,65600,2127.27,42304.71,73773.04,73773.04,24,17,4243,416,4511,681,4511,681,-7.67,15.12,29.42,29.42,100,1,2,1,,1790886234,17,15,4186,350,4421,530,4421,530,100.0
1790886209,5JnsJCyhFkkTKSajDSbjS1eVjCtzL3DvMq95wu4jpump,BOUNTY,Ge9RaVATxNSggGZJ2n7mGvwGPi4LGHfgbYGNJm5bNvhJ,pumpfun,1790881758,0.000003556,,3556.78,3556.78,0.31,31846.67,56653.11,56653.11,0,1,225,273,511,453,511,453,0.03,-82.53,-0.53,-0.53,0,1,1,1,,1790886234,0,1,119,152,278,263,278,263,100.0
1790886213,ELrh9rMDKTyzEs2wiyriwZr6v1ctXVbMZvtLb5NZpump,ANSEMWEEN,ApCE8T21XxoV9juL92YY4w5AymFzFScKueVYdYoRDNAH,pumpswap,1790884192,0.00002663,12886.31,26631,26631,2074.01,135798.09,135798.09,135798.09,58,30,2230,1635,2230,1635,2230,1635,-19.13,-45.4,-45.4,-45.4,0,0,1,1,,1790886234,39,38,994,830,994,830,994,830,100.0
1790886211,9fSncMMvKNcr8T4VBGsk8rBQrKqkRGCFBNWgTTiCpump,PumpBlox,EqxkDxX7i8t1cadgTLQnRJsMLcPphPvmUKZ36MQuqRWR,pumpswap,1790880911,0.0004872,68051.95,483918,483918,182.92,13332.12,96637.42,96637.42,6,2,106,48,562,413,562,413,4.35,-14.46,717,717,0,1,2,1,,1790886234,,,,,,,,,100.0
1790886208,26XdE2iBEiTnjgKHTcY3afaqnUtWfAj8HHrciQBBpump,Mymo,A7WoBBJTZpb9jE3GYPhP6NcqjQiBGumJCdpgcqTVajg8,pumpswap,1790882446,0.000003005,2951.29,2891,2891,13.88,120943.3,140551.59,140551.59,0,12,1955,1977,2390,2297,2390,2297,-1.28,-95.11,-93.83,-93.83,110,0,3,1,,1790886246,0,10,767,904,1006,1045,1006,1045,100.0
1790886211,8svf3G1X4mnAX3Xm71jFXgiHydbvc5XKQKicbnokRUky,COMMIE,Cmcfrs6r6dsCyXvhooFbwvbvNDqe3vDHeXcKmfWGAzrr,raydium,1790880518,0.0008843,131076.57,884353,884353,16106.18,671396.82,3293299.81,3293299.81,65,62,3409,2706,16814,16626,16814,16626,4.04,-35.63,1577,1577,0,0,0,1,CPMM,1790886246,48,53,1543,1684,6359,4973,6359,4973,99.999999988318
1790886210,8QHCUwkKLSeuBfz9BVxSd4oXCJ3wMCYkRaSNXPnpump,BSI,5h127wbrPtdCJLSqg4BPRYRSXYexBHpdwYquYZ4nuKFc,pumpswap,1790880540,0.000002291,2314.71,2283,2283,0,66223.06,174165.93,174165.93,0,0,476,320,1326,671,1326,671,,-99.55,-95.64,-95.64,0,1,0,1,,1790886246,0,0,443,328,845,481,845,481,100.0
1790886209,4K8V9yH6kKRLS46BTG68Te1QHLkb7an8J5YcWQ3ppump,SACC,7eQjxhGFZcjioSBX2GS72poE4XrqYYsyUBDryb36s6Ed,pumpswap,1790878013,0.0008691,85831.9,861621,861621,20659.25,365011.45,893832.74,893832.74,592,117,8047,1493,15032,2634,15032,2634,22.1,-5.92,738,738,100,1,1,1,,1790886246,332,47,3522,514,6592,949,6592,949,100.0
1790886210,7KEPApdbBMByrmqihz3bht2uMhFQcatjfSFQCKq66kH3,DARK,Cprsvqk2riV3WmTewKK9m6cm62zaAqLDArAbBmN3pe4f,raydium,1790876181,0.0001357,33077.37,135794,135794,1216.61,52767.06,365425.29,365425.29,13,17,283,323,1686,1540,1686,1540,-7.24,-19,195,195,10,2,1,1,CPMM,1790886246,18,8,216,185,567,692,567,692,99.9999999994945
1790886213,GTrkaukkkKMJa9zjf6TApVMAFvZQ2NKCgqdBwLvfpump,pepeween,AiS726Fe1iC1nq3nL7vLhAj8MASfcpqGaqqb8siqKANq,pumpswap,1790882403,0.000002378,2516.73,2378,2378,0,347564.29,481248.27,481248.27,0,0,1085,1278,1702,1732,1702,1732,,-97.48,-95.13,-95.13,0,0,0,1,,1790886246,0,0,807,813,807,813,807,813,100.0
1790886213,GeefJCpSY9csQ2GBccVJzsyS22if6auvH1DAwmk6PuY3,GAIN,DXYcgksPVbwtrL7AeGVTf13iYL3vWmKsx9kT7VxErEoF,meteoradbc,1790882435,0.00003616,,36161.99,36161.99,0,0,6727.28,6727.28,0,0,0,0,238,277,238,277,,,134,134,0,0,0,1,,1790886246,0,0,152,139,152,139,152,139,
1790886212,C5XCvWsbGJsnxVetoPPS1ThQhXNCRgxuB3BfdQrMZ4Mi,Mr Beast,DtwVhBNBauSwNuRQcXVBsHtJVrAb6jd7bWaqLuCFMwMV,pumpswap,1790882428,0.000002125,2135.47,2125,2125,0,29170.08,43726,43726,0,0,2411,4272,4130,5550,4130,5550,,-99.33,-95.68,-95.68,0,0,0,1,,1790886246,0,0,355,900,355,900,355,900,100.0
1790886211,9AcEjJ8bboinTcMcysVmfX7jMxjGq3PjPW5d9H14pump,NASA,7zVfcGCXLNv49457ScoW8LCJgUYSyP5BtiUrujuNnCT2,pumpswap,1790882407,0.000002128,2145.9,2129,2129,0,56054.33,80353.9,80353.9,0,0,2782,6000,3468,6787,3468,6787,,-99.55,-95.68,-95.68,0,0,0,1,,1790886246,0,0,437,2325,437,2325,437,2325,100.0
1790886211,ATnM2Mpb6Suc65m5wz2yi4Ud6Myb5XziF8SwLVwXbc22,Ringo,8Fk5rLfhRmmC5gvkby9PonnsLDSSVQuWPRZ33vTcXVkn,meteoradbc,1790882305,0.00005867,,58679.64,58679.64,0,0,9171.74,9171.74,0,0,0,0,381,353,381,353,,,34.63,34.63,0,0,0,1,,1790886246,0,0,13,13,180,162,180,162,
1790886212,DRkWrabEffLdA5XrFmx4v2ZxGunSZ6XZTQcmzZRrd3L8,CASINO,3v9fDKxJGp5LWU29K1HtkGPxWUaqFKLod8KAb22RCRb8,meteoradbc,1790882318,0.00005825,,58251.44,58251.44,0,0,9374.35,9374.35,0,0,0,0,356,417,356,417,,,223,223,0,0,0,1,,1790886246,0,0,68,81,153,148,153,148,
1790886208,3RwwL3j7pe1B5XciFShnW4T3Biu5Ra8GAgoGvq2bpump,67 Coin,7YLAQATj44JfCYE7KGtZDz1QTV4yUDfBjj7DDHjVb6aj,pumpswap,1790880349,0.000002106,2133.19,2096,2096,0,74177.01,136447.12,136447.12,0,0,3100,4892,13395,14679,13395,14679,,-99.86,-95.73,-95.73,0,0,0,1,,1790886246,0,1,362,2166,473,2246,473,2246,100.0
1790886208,2T17YbR6DTMBCzvpJYWFvTLDTrWGMTbba4GP9punpump,VraxWifHat,Aro55AqHxbH84raTjKYceCWbLWWRBxiuNF7sFuGgyhU2,pumpfun,1790881896,0.00004863,,48631.78,48631.78,0,0,10061.23,10061.23,0,0,0,0,6,0,6,0,,,1360,1360,0,1,1,1,,1790886246,0,0,0,0,6,0,6,0,
1790886212,CE8HkJ6BY8iEuTuUBNQTVSXxZn7KTXc21dnBmbkppump,UPTOBER,6bPEKpBxaLB2DDm8nmLPuFRteT4YmqwXvaiqS6LZCaeA,pumpswap,1790883084,0.00002203,11581.38,21375,21375,134.5,136526.51,136526.51,136526.51,0,4,897,1057,897,1057,897,1057,-4.42,-55.07,-55.07,-55.07,0,0,1,1,,1790886234,0,2,443,425,443,425,443,425,100.0
1790886213,E5BSMSUDeAV4QVNTKaBJsk3dXz5x46usjZCkEC7ZLf7M,UPINU,3rX1dzm4jf6SwK19TPdVahZhpfMuhxjNoEXB5BXZMUHp,pumpfun,1790882664,0.00002756,,27569.71,27569.71,187.86,42421.53,42421.53,42421.53,54,4,340,219,340,219,340,219,-0.93,39.49,39.49,39.49,100,0,2,1,,1790886234,5,5,182,76,197,79,197,79,100.0
1790886209,48QwQmAa6J3iBuUGUwVA9Fy1vkwx4wisSrd2gVSDpump,MUSE,2jC1sHurtsRNpaPaYwjCtN9z8EkK7aD7h6HzF4BtosTm,pumpswap,1790883706,0.000004751,4239.75,4752,4752,0.27,102439.28,102439.28,102439.28,1,2,1225,1208,1225,1208,1225,1208,1.24,-90.18,-90.18,-90.18,0,1,1,1,,1790886234,1,2,671,730,671,730,671,730,100.0
1790886210,8CFG8NK17jJ81VhY4D9WFE1MHKomVb5ao7Eqv6Tg3iiZ,VBUCKS,87hMAezpCey9426J88dp3hazzWoRXwtu9cANxHn3SXCj,raydium,1790871915,0.0001541,35681.58,154105,154105,6.43,8074.12,212095.15,212095.15,1,1,64,43,1364,1098,1364,1098,0.07,-5.75,210,210,0,1,2,1,CPMM,1790886234,1,1,41,33,677,536,677,536,99.9999999929342
1790886208,37t1792p1eFWxmEroYRXe26FStK5UQzWz2zfN77q1Tjv,Sid,F2nS3wgQabjYR5zDYfXUSmkyDcxrCQdfHF1wmLRgb4Tn,pumpswap,1790882893,0.00003021,14557.66,29418,29418,19448.77,737890.59,737890.59,737890.59,283,323,9970,8968,9970,8968,9970,8968,-37.76,-38.82,-38.82,-38.82,0,0,1,1,,1790886234,133,181,3897,3580,3897,3580,3897,3580,100.0
1790886209,6S3G64EU4fXpwWWk1qHNUnWMtrLYtC6FwqXMsJU1pump,GIRLS,Fy546cLFXpyQsWsHGt7YhQfq95xn4r6wKNqVkcnzDVLu,pumpswap,1790883960,0.000002503,2491.38,2503,2503,11.69,58282.88,58282.88,58282.88,1,0,2301,1006,2301,1006,2301,1006,-0.74,-94.83,-94.83,-94.83,0,0,0,1,,1790886234,1,0,2034,819,2034,819,2034,819,
1790886213,DhEQve72pZDvKgfyNmi6Jvntk2QUKeq8qAz4uqS47zVQ,NOMI,6FshwwAf7vq1GPMpXFKga6F3vzKtKbr2YuotZ2xbh4xF,meteoradbc,1790883902,0.00004568,,45688.68,45688.68,0,8165.73,8165.73,8165.73,0,0,266,275,266,275,266,275,,191,191,191,0,0,0,1,,1790886234,0,0,166,161,166,161,166,161,
1790886209,68Yj1FQqGjVB9m2vvjp3WtN4fH7YTBg16ZtL9PXXkPCs,Ansemmas,2dWBZNgBEY6aZR4VvYbg43ipZbTdD2DGwYxkSxA8bZ8v,meteoradbc,1790883963,0.00005309,,53097.72,53097.72,0,8202.44,8202.44,8202.44,0,0,274,331,274,331,274,331,,6.8,6.8,6.8,0,0,0,1,,1790886234,0,0,161,162,161,162,161,162,
1790886214,JCYc15reYbeWocQ5Byqo27fF6YuBbWosqcqngZmz8xj,SpaceX,GFBVExFmyx4HzCtPDRdAXAYGF4NAgTEXyuDRdUieVVG1,pumpswap,1790882652,0.000001749,258654.79,174927,174927,863186.28,9747250.21,9747250.21,9747250.21,804,525,9672,6110,9672,6110,9672,6110,-2.24,123,123,123,0,0,0,1,,1790886234,235,49,2973,56,2983,58,2983,58,0.0000000000396392499872547
1790886212,BZRynxokomCXHEWK3Pvr8p1wqzGzY31NVVMzQvYVpump,MetaMask,7HMp38Z4FZscqBGgiSFBfd7fX3obHNhQNc7iYPDwd2Qi,pumpswap,1790883076,0.000002142,2165.24,2142,2142,0,99362.93,99362.93,99362.93,0,0,9282,10599,9282,10599,9282,10599,,-95.64,-95.64,-95.64,0,0,0,1,,1790886234,0,0,1189,2131,1189,2131,1189,2131,100.0
1790886211,9fJAWKQpkY93hfuZxrHfh5wEh2AV9vjkWNQfzfbziHd2,PUMPE,G7iLGa5Y8CERJaW2asC4bMV5SWjijQ1y2SWU5sBdZxr2,raydium,1790881120,0.0002671,48122.5,267135,267135,6641.59,618332.39,720372.23,720372.23,27,27,1936,2552,2439,3040,2439,3040,2.2,288,435,435,0,0,1,1,CPMM,1790886234,17,14,573,650,715,845,715,845,99.9999999998517
1790886211,ArnSgtCan757bi13uBtaXBVr2DuksN8AZQTULMNQi6q3,CHIPBOY,Arxrgz2vCjDZt45hbF2DJxmGGX7CvDFawCfs3SJ5Tnx8,raydium,1790851723,0.03238,11761.92,32384,32384,8.55,79.6,832.82,4439.73,3,0,4,0,9,3,44,15,0.27,3.83,36.78,175,0,2,1,1,CPMM,1790886234,2,0,4,0,7,2,33,14,
1790886209,5Mv6c7taXXkKn4byivDALNJJZ5NGu3aB9WJVXgSVFt3p,STONKR,Fv4G5XJ3WLF73UNAsPLABnCzFF16DuPMp9oehY6otpte,raydium,1790885460,0.0001188,33003.85,118894,118894,4769.46,71975.77,71975.77,71975.77,42,36,488,247,488,247,488,247,-1.41,124,124,124,0,1,1,1,CPMM,1790886234,25,23,238,143,238,143,238,143,99.9999999998926
1790886214,JAqGStn3hvZxb1wmJRigtD2sEPode3KvuGLcEmP4pump,HUNT,2b4RoajTGM8GLv1qbnbw1L8cU4sYpUxF2Ek36gB7dHii,pumpswap,1790885652,0.00009338,28635.75,93382,93382,19216.91,48215.99,48215.99,48215.99,138,134,365,305,365,305,365,305,16.07,57.84,57.84,57.84,0,1,1,1,,1790886234,,,,,,,,,
1790886210,8HJY9GTiEGgPoUAs3YSRiwLUukZKhKcH1ngqLB8qcBxx,PUNCH,3o2QaESTB6epYfkLzWndPXhhDZYJsrh5LRsv2ETGPDHa,pumpswap,1790883419,0.00002025,11056.63,19674,19674,796.51,183185.71,183185.71,183185.71,7,20,1543,1394,1543,1394,1543,1394,-20.35,-58.61,-58.61,-58.61,0,1,2,1,,1790886234,3,14,749,660,749,660,749,660,100.0
1790886214,icgvvPx9b76BoJ5CscGzYL8zzAHZNXzgY2NpqnUuhdG,PUMPOWEEN,3ETr6iwoCTVF23rs4CgRmHK3qHrLMSejLCCAfcoD6fjD,pumpfun,1790883938,0.00003134,,31347.96,31347.96,2278.01,46962.43,46962.43,46962.43,16,15,361,301,361,301,361,301,10.14,456,456,456,0,1,1,1,,1790886234,,,,,,,,,100.0
1790886214,S8RVrnzKkRpbDffxa8wDBGw9y2Wk8XSC4XFegwkq2Em,QUANT,EYVAAs7X2XFUopPMkhvAGa23LzhXrzhFfgpqZ7inE6iP,meteoradbc,1790873544,0.00004710,,47108.01,47108.01,0,17766.05,18665.05,18665.05,0,0,132,60,138,66,138,66,,1232,1173,1173,0,1,1,1,,1790886234,0,0,89,18,94,23,94,23,
1790886210,7A6pgYtKkN75URKFyrStMBzkBYoceDk4Wo2Es1Ctpump,SJ,39pZ6rFP2FJsQYXQSFMwgQK67vtdmKjF8yRJUSa9whF5,pumpswap,1790883868,0.0001348,33334.91,134804,134804,60570.42,1017363.83,1017363.83,1017363.83,1278,150,13960,1753,13960,1753,13960,1753,2.79,44.58,44.58,44.58,0,1,2,1,,1790886234,261,116,4095,861,4095,861,4095,861,100.0
1790886212,BzhEC3LdcMPbzkWfJs4YJ1TTjM2MZKR7DMJfR3Hbpump,Ghost,B7hjMXYsbc1hrsJMmAWN7SXXT2jVXFUeWR9J7RHVEH6F,pumpfun,1790883893,0.00002471,,24718.34,24718.34,13969,155936.87,155936.87,155936.87,103,85,1733,1059,1733,1059,1733,1059,-27.94,411,411,411,0,0,1,1,,1790886234,,,,,,,,,100.0
1790886211,8qFMqoS7ezkpc5Vs6uNdVqNaPvThpapMFGcJAwu9Weaw,NKE,3r8xHqpAB7ixFVvvuiev3LoSo3t8GXrZspGjnP6PMV8s,meteoradbc,1790885965,0.00004614,,46142.24,46142.24,12202.55,12202.55,12202.55,12202.55,370,405,370,405,370,405,370,405,193,193,193,193,0,0,0,1,,1790886234,145,143,179,156,179,156,179,156,
1790886208,3qaWXzYbTnUhbe5YSsP8KL1vkDRerohiusHgNFjGpump,NTDA,9uFQ65JzgeivQEVAA6rZaydyBYZQpdjts9RqbphaERtT,pumpswap,1790886057,0.02621,465535.48,26210699,26210699,223000.63,223000.63,223000.63,223000.63,32,3,32,3,32,3,32,3,53157,53157,53157,53157,0,0,0,1,,1790886234,37,4,37,4,37,4,37,4,
1790886211,BLdazpLWRVPLWQ733Gkh7UVhTY2yHM7P7px1TppiEFbE,KICK,3mE3f73c8zUqi95RNkq7Pt2psjWrWSGTH87uMsnjUfUf,meteoradbc,1790886074,0.00003539,,35394.79,35394.79,1730.2,1730.2,1730.2,1730.2,76,66,76,66,76,66,76,66,81.76,81.76,81.76,81.76,0,0,0,1,,1790886234,71,54,71,54,71,54,71,54,
1790886210,7eKhYM3c3a6YRWWhn8g6tZosRcnBUFmXbAwijWRY2aQX,KICK,Eh5gsr6UhdRvwozoiuycJ7diACh94g3Ke3cf9SA5jwyX,meteoradbc,1790885996,0.00003507,,35073.98,35073.98,3501.65,3501.65,3501.65,3501.65,81,86,81,86,81,86,81,86,80.22,80.22,80.22,80.22,0,0,0,1,,1790886234,75,77,75,77,75,77,75,77,
1790886209,4FBQY3sAFGLxmpGGadHiPnMoeYwP9xwdp15NqzeWtXK9,Hutter,GFC1fxiPd4T6T21R2V2U9VwZeDFP2AndTvSQqhHbndKr,meteoradbc,1790886039,0.00004933,,49339.5,49339.5,6078.3,6078.3,6078.3,6078.3,133,157,133,157,133,157,133,157,173,173,173,173,0,0,0,1,,1790886234,102,106,102,106,102,106,102,106,
1790886210,8RvkVCzoQ4i1Dc7LKfQV2UopCKtLjxFGhe3vFDzVbTP5,Hutter,FJzw3uikntaw3WZk3YqDi1emoz4973uDTR8bLUJeJY1o,pumpswap,1790885729,0.0001545,35181.44,154547,154547,344074.57,695856.93,695856.93,695856.93,2851,2246,5710,5164,5710,5164,5710,5164,-25.85,214,214,214,0,0,0,1,,1790886234,1255,1103,2535,1867,2535,1867,2535,1867,100.0
1790886210,7FXUnLBeMGonXs6qx4z3Vyba3VHX6hxwnkCLsYwmpump,Pabu,8jP1Kn5gAU7KBJsRvvfpSwRDZxVnjgXmxgaFLpVCexJ1,pumpswap,1790885170,0.00003161,14482.44,31613,31613,11786.89,320945.14,320945.14,320945.14,177,156,3760,3867,3760,3867,3760,3867,109,-32.29,-32.29,-32.29,0,0,0,1,,1790886234,94,75,1669,1585,1669,1585,1669,1585,
