ts,token,sembol,pair,dex,pair_olusma,fiyat,liq,fdv,mcap,vol_m5,vol_h1,vol_h6,vol_h24,al_m5,sat_m5,al_h1,sat_h1,al_h6,sat_h6,al_h24,sat_h24,deg_m5,deg_h1,deg_h6,deg_h24,boost,n_web,n_sosyal,n_pair,etiket,gt_ts,alici_m5,satici_m5,alici_h1,satici_h1,alici_h6,satici_h6,alici_h24,satici_h24,kilitli_liq
1791624746,BzLRJmKYYvDaKW5ewyaJADiMV4eRCFV8scCEENbUpump,VTubePro,2RcvEzx6fbeaQoNBYjqpDvaKs9ovK7qeRHMh91mdXcoD,pumpswap,1791014784,0.000003910,3743.64,3667,3667,0,0,27.25,451.73,0,0,0,0,3,0,12,5,,,2.41,19.65,0,1,1,1,,,,,,,,,,,
1791624748,PFCy4bbBV65EkEbxWyqHjq5Sx6XCGG9AThczD8Dpump,ARMY,5URuhBmWRyW3R58brtuy8tdVXF95dY6ADq84RUstjkba,pumpswap,1790974312,0.000003231,3756.01,3149,3149,0,0,0,7.36,0,0,0,0,0,0,0,3,,,,-0.11,0,2,1,1,,,,,,,,,,,
1791624748,JfyaeBaLuXVRQgjKe7fes5Et44m3ywmpbLnWB86DmWn,STATEMENTS,CFKSruNUTALTLg4bmFj8rFQ2feUG7qNsLbVgaLjD9xT8,pumpswap,1790977254,0.000006149,5261.73,6002,6002,0,0,0,174.09,0,0,0,0,0,0,2,5,,,,5.29,0,1,1,1,,,,,,,,,,,
1791624742,3YJSqXQkN5gXoZkHrHFnAMKwqyGv7B7WmRdyYVFAXnmh,USDC,8vkx9CJBpfqDe8DZiRcyrKQfD9Xsa1PK3M98nbNbwhtd,meteoradbc,1790873342,0.00001558,,15584.29,15584.29,78.48,408.39,408.4,2919.62,1,0,4,0,4,1,17,15,1.25,9.42,8.56,-10.86,0,0,1,1,,,,,,,,,,,
1791624746,Bt4npH7BNNGLBohhbcrybbkUn6RUJJzJbvnd4hznnMYJ,RFX,4UaR4ZewzMFaXbKGD57uxS7hKiKuuATJyJ6XSGGun9So,meteora,1790975392,0.000003106,4998.62,3107,3107,0,0,0,34.3,0,0,0,0,0,0,0,3,,,,-1.19,0,2,1,1,DYN2,,,,,,,,,,
1791624744,7gLU4wTY2gi5C1L4tWMxVSUy3RRhJoZkJxGTdCsxgEWW,PUSS,CQYYfnRziiLdYnHM2x4odFDQRNVserU4AiB3gHZbKsoR,raydium,1790968041,0.00001974,9600.2,19742,19742,0,28.56,480,1613.24,0,0,0,22,13,50,168,110,,6.11,15.09,1.64,0,1,1,1,CPMM,,,,,,,,,,
1791624743,5tV3Lfx8WNE63ZfCUWnBoFBwe8v6idUhuqg9ipDsDJyy,POOPYBOT,7BPpheNFaSfNHaPnXqVuHCMxEyijZ7LmuAhPbkwyjFTB,pumpswap,1790976698,0.000004482,5062.87,4357,4357,0,1.96,251.53,467.41,0,0,0,1,0,8,2,25,,-0.13,-3.41,-5.28,0,0,1,1,,,,,,,,,,,
1791624744,6hTLdzZaaCjmqtn7RtaEMQsCbXT5Pg8q76tRViEGpump,ABU,2qWF4dn1JnqhCpAYJQnKVaKezzuUiG4xdnbnCSK1Pgcw,pumpswap,1790981217,0.0003325,58316.74,321209,321211,35.81,1773.23,22996.1,558108.5,1,2,22,18,243,329,3441,3737,0.04,-5.19,9.72,-26.3,10,1,3,1,,,,,,,,,,,
1791624745,AYuNTGHHYzmH6LgwveNVc9TZFmPVZKUsM4k5tPqEpump,ROOT,Dw3spFXApoDNFpnh9AN4AvbBt4R6BnQKPiocDEcxRwqb,pumpswap,1790988154,0.000003221,3286.53,3164,3164,0,0,0,0.81,0,0,0,0,0,0,0,2,,,,-0.65,0,1,1,1,,,,,,,,,,,
1791624744,6fsiFuTnLN78VX5MVy2KZo3gCt3f8M1iSrmJzje6Jk3k,Don,3tUPUq8ZPqmowz5vx9G1pAuThJ38mGbMYuyBbkLQ7iXV,pumpswap,1790648383,0.000004244,4027.03,4162,4162,0,0,0,79.96,0,0,0,0,0,0,0,2,,,,-2.43,0,3,1,1,,,,,,,,,,,
1791624743,5FKPLjhNrez3iu2oSKfFjy6kNxRVf2jL1jc8dAwCbu9E,STUPIDINU,EvEV7ie5Dwd7r25YR5UyshFqSJdy32nztwT5AZytPRSE,raydium,1790980002,0.000007174,7889.11,7175,7175,0,10.09,356.99,7551.74,0,0,1,2,9,15,92,126,,-0.69,-8.2,-66.55,0,1,1,1,CPMM,,,,,,,,,,
1791624747,GWGUDFY1dDxQoAMsWfg6zfhvYNF1toKPHMVT3DFBwMJq,POOPYBOT,MTvmphUn6T7FUSY743PAct75RSNqVRZYRdf5GM2ieiY,pumpswap,1790985384,0.000004468,4451.02,3559,3559,0,0,0,37.76,0,0,0,0,0,0,2,2,,,,-2.49,0,0,1,1,,,,,,,,,,,
1791624748,JCsosnu7oSHEjo3vHc4XJnyfDAKpzv9qRJtJCMzSJeGk,enu,GPwbbEtjA6dRTDiyMU7AyRAFbYnehQdEnXd3NGJwgnWB,pumpswap,1790993244,0.000002505,2740.09,2433,2433,0,0,0.31,5.68,0,0,0,0,0,1,0,2,,,0.72,0.72,0,0,1,1,,,,,,,,,,,
1791624745,AXC2XcQiVx6UfCgLHjpRBU4nupF4WdsptydKQCvxsRuU,AI,hbXdZafYL5u1KCyXhwgPe3hwU1dJxcP31jwgmTkk4n7,pumpswap,1790995343,0.00005857,22769.35,54048,54048,25.74,166.17,4849.53,62397.17,0,2,7,4,57,57,684,590,-1.54,-5.55,-7.2,-37.7,0,0,1,1,,,,,,,,,,,
1791624742,4MHsG8YKtqUskMruk7o53ETHjrfHkMz6rnRtDW9vpump,LATINU,FVaFW1td8uyBTAyMrTb1Dn8r9FY19aQXMYFJYoSr6fxw,pumpswap,1790993937,0.000008328,6143.21,8084,8084,0,0,0,15.58,0,0,0,0,0,0,1,2,,,,-0.26,0,1,1,1,,,,,,,,,,,
1791624748,cGyrGVj2CUZUXCGh9q9XXVwCMj5uLocbKy6WdMspump,TIPTOE,Di7sEKgCz2q3Zp3Y2U5eGEHzmf1jUP2JQzZRpsDhPR3u,pumpswap,1790992026,0.00003363,15112.17,32181,32181,0,97.4,2025.64,14841.35,0,0,1,0,21,14,203,208,,3.57,-5.24,-17.68,0,1,3,1,,,,,,,,,,,
1791624742,2bQBNJfkGLsCkKEHJUgdFnPoQvDqpW6SYoJ6Zfrtpump,REP,4cftQSYQhW2RcASwQR3hW3J4UVGc4u2YCvY4PmZ4B86j,pumpswap,1790996261,0.000004155,3986.41,3827,3827,0,1.61,11.42,67.46,0,0,3,1,23,15,80,52,,-0.08,0.57,0.65,0,0,1,1,,,,,,,,,,,
1791624747,GK5xmYzh6axzYKRwWH56pbXvaUDVNdJBFJ2pD7Papump,PENIS,5TN2PjsbMQ965W3scNTbkBGEKGxhqwqchhR38jbFxgUf,pumpswap,1790996986,0.00001410,9714.17,13869,13869,0,0,0,579.29,0,0,0,0,0,0,6,5,,,,-14.88,0,0,0,1,,,,,,,,,,,
1791624748,gL9Q3xjXM1BdopmHn1R7Kb3Eim5NAQ1eWGNaTj3pump,TIPTOE,BL7ban83XxQ5uxXUXFqKEti3Qgdx1QCpT7k4tpW9Ag6Z,pumpswap,1790997315,0.0001481,37878.54,143141,143141,121.1,1975.18,35758.37,143997.04,0,9,7,54,299,310,1272,1219,-1.4,-3.99,-9.29,-43.3,0,0,2,1,,,,,,,,,,,
1791624742,4RbsHw9H3EayjgfWXq2KaLvbREFua8wkER3gdLViLK3T,BAG,86uTMS774PnKXVjXdzaJ1qEKjpwkk9vcCFpWEVW8UX3J,raydium,1790983311,0.0001046,33855.49,104620,104620,0,2.23,1402.56,5909.84,0,0,1,0,4,13,22,80,,-0.51,-9.34,-26.29,0,0,0,1,CPMM,,,,,,,,,,
1791624744,9ZfC2qaXFYxwuh1c27K8bce1jHb4oReQgAvrjwWdpump,BOXY,92knjGRwJaehxfdTJxrbqa2Yum9X1EhWnUJ35YG7nevX,pumpswap,1790995161,0.000003704,3919.88,3583,3583,0,11.61,78.2,373.14,0,0,15,14,168,85,532,326,,-0.04,0.11,0.84,0,1,1,1,,,,,,,,,,,
1791624742,26VsYcDJ4Vv8C1TbbCg8K9ZQau8xre6CK1CD2hdEpump,ミズラ,Gko2ceqFsNjPbwdt9vVzNKUBHC5vjjviWAYbHzgsCi81,pumpswap,1790998356,0.000002903,3035.72,2813,2813,0,0,0,0.32,0,0,0,0,0,0,0,2,,,,-0.15,0,0,1,1,,,,,,,,,,,
1791624744,8HQgEcbhR5Xoh735zvndAocCLd7wdAYJfWHV55J8pump,PUDU,95WhUbKGxbWEjj9UgZtcEAMXoBmTSmHRAFiAxPLFf1FJ,pumpswap,1791000628,0.000002750,2933.91,2678,2678,0,0,0,1.22,0,0,0,0,0,0,0,2,,,,-1.19,0,0,1,1,,,,,,,,,,,
1791624743,5ndxUPCiE6UBq8TSiuUT7M2eph7QmhLRbG9HSh3KJnb5,SAND,3KucCcgUJN7jPU4PkZzr71NCgPFWv6zLeQAhV6Uwz79U,raydium,1790956083,0.06231,62045672.48,62314495,62314495,0,0,41439.24,299208.28,0,0,0,0,7,7,37,38,,,,,0,0,0,1,CLMM,,,,,,,,,,
1791624743,6REnZgtxhwdSAHczAp4J5PRsGQYQt7T3x4kEDyfs9U7y,HOLD,FJtWKJjJj18ySYBATorRXJNyM3YHXiob1aifGNyoVP53,pumpswap,1791001585,0.000002747,2900.4,2549,2549,0,0,1.5,20.3,0,0,0,0,0,1,2,3,,,-0.27,0.04,0,1,1,1,,,,,,,,,,,
1791624744,9Xax6YJkh3MqE1BTtJ99K16xMFbeJ45mEeBZYG9Lpump,BREAST,DzNSq5jnNZdP2L7cbptbPsbX4DF2Hobsd8ya3HADp3s3,pumpswap,1791002922,0.000002627,2837.95,2562,2562,0,0,0.21,57.95,0,0,0,0,0,1,2,4,,,0.2,-2.78,0,0,2,1,,,,,,,,,,,
1791624747,FWwnHcbPSrnuhQ5kFQEBu7fWsMemWskvLK9zqX4Fnjh5,🍟,98ybGp4VDhLDLUcAbjnu7QukMWBwzMcj4BEY7SY9Ws7c,raydium,1791006299,0.000003877,6220.6,3877,3877,0,0,0,129.38,0,0,0,0,0,0,3,6,,,,-5.71,0,0,1,1,CPMM,,,,,,,,,,
1791624743,53c62brTyYpWn9v9mWYHRQtBBZY6PHBEcXweEbEmtLtM,Dexter,DWKzC78t5EriXNyxCZXFAHzwM3m7GZnkyWtDYAd8G1gv,pumpswap,1791002228,0.000003628,3431.13,3456,3456,0,0,9.94,132.01,0,0,0,0,0,1,1,5,,,0.38,-6.33,0,0,2,1,,,,,,,,,,,
1791624744,8Y6pHi3cMhxhtHuzgGAsWgAJMyw3zaQLeFFf3qvRpump,PRINTR,BoiL8W7CfhoGfjr3VHFH34GfKdkmGm7y1YyXbweLfcX7,pumpswap,1791005331,0.000007792,6828.86,7138,7138,0,1.32,54.82,639.43,0,0,2,1,17,19,88,68,,-0.03,-1.99,-8.4,0,1,1,1,,,,,,,,,,,
1791624742,2zXY3fGVBqGK6Bqk4p9U1iC3gstsM2riHFik1Gb33HuV,PRINTRCAT,B2ac8k8h1osFXiCUPDjrsN2XrPGJTZDEdjWuVXvVZRR,raydium,1791006103,0.000002177,4226.97,2177,2177,0,0,0,0.89,0,0,0,0,0,0,0,1,,,,,0,1,1,1,CPMM,,,,,,,,,,
1791624747,ETbqN5nKYWSjin1BDqbLYQJNdmcEghAKnjQCiCPSpump,CLTR,5gW3wH27sbdoPyip8qcY6gvH6sDxDAshbm4dErYMt1Dv,pumpswap,1791029285,0.000002501,2553.73,2413,2413,0,0,0,15.05,0,0,0,0,0,0,1,6,,,,-1.14,0,1,1,1,,,,,,,,,,,
1791624743,5dyyu2XWGhWHua52JjfhoNSbDLni654DD5yR6DcYe3zV,PCAT,DuJRqJTcyHNB56xomwF6eqaQdQYp3RJmryEf5vr1ZJyq,pumpswap,1791016951,0.000003007,3144.62,2927,2927,0,0,0,87.7,0,0,0,0,0,0,4,4,,,,-2.17,0,0,1,1,,,,,,,,,,,
1791624743,6FhVPctYg363pQbs4iSvqyHe2cJzfsvFD96gePy6pump,EXFIL,2zPfdGd48k7B2U9yqZ4hJSPAPtoVU9uiEbFQYXEoeXkv,pumpswap,1791018416,0.0002084,42125.32,202664,202664,0,3161.23,11794.91,263797.79,0,0,5,37,162,140,2011,1586,,2.56,3.09,97.7,0,4,1,1,,,,,,,,,,,
1791624747,GFkfaUEJApu9Jf2AmAN2hgk5SteXRXJ19opJoL5bZwKw,JUF,AxsATeRkuWjW9eP8HB6uGu6teumn1hoah8rJHZbz4KUP,meteora,1790712022,0.0003261,56961.64,269439,269439,187.54,2258.43,9442.86,112716.75,4,2,23,30,106,63,828,610,1.21,10.14,16.28,12.94,0,1,1,1,DYN2,,,,,,,,,,
1791624742,2gafU5vS2nVKN4poA9zeQTDM5MXbwWJfcayeJBw5pump,Crawler,3VF1KNPWuQijvKkGHrqfh4kyxM15e5E6MhjfuWcgdEnN,pumpswap,1791065981,0.000007598,6438.19,7118,7118,0,0.92,1518.45,9672.6,0,0,0,1,20,23,143,96,,-1.62,-26.48,27.61,0,0,0,1,,,,,,,,,,,
1791624748,J922v56nTmbxtQ5EHDqfxctBUVZZEWgHmigxWnh3pump,UPTOBER,GZFU2cDWexUzHaKYHCsnH1tfPUtfyW5QAAMDjZJ4q3AX,pumpswap,1791085133,0.000002791,2760.76,2659,2659,0,0.4,9.87,54.71,0,0,1,1,21,18,78,57,,-1.22,0.23,-1.33,0,0,1,1,,,,,,,,,,,
1791624742,3XBKc5N6ecPdxSBxPRSobzZ4wWiEqtVxVMjYqPeNTrDb,SLEUTHY,2DmW3RhBeSyXBQypBcfvyAcySEw8AZh4Vhvu1PWgLLoV,pumpswap,1791079671,0.000009910,7451.82,8735,8735,0,195.89,1920.62,2683.19,0,0,6,3,62,53,153,121,,4.52,19.8,15.81,0,1,1,1,,,,,,,,,,,
1791624745,B32ocrADBEo1XHsGVnxqP81SaK2NiZkQmmAoTnmT8Ybu,BANKROLL,9YaWadPw6k78iLFF78KotaNiGERCi75ySDvvXGt8jWyT,raydium,1791072171,0.003364,171212.27,3364912,3364912,2.76,291.93,1394.89,59027.04,1,0,5,2,57,7,444,87,0.01,0.51,1.36,27.41,0,1,2,1,CPMM,,,,,,,,,,
1791624748,J8fqfTxh6pANxy6ezchns8e3ZeEcF3xCFASetWnpump,PUMPKINGUY,CABFDkXdciZpQNHBpDSsPYVsv4dPET21iVMmy2N8aWFa,pumpswap,1791082298,0.000003685,3559.92,3536,3536,0,0.81,12.3,92.29,0,0,3,2,33,14,94,50,,0.05,0.42,0.08,0,0,1,1,,,,,,,,,,,
1791624744,8zYPhpgPPbS3KbMGoET6VQ8DchDCraQc92cX33icpump,CAIN,4RzTUehsv9JhMWgGFP5NVvXesDhHBrbShSiVXD23YEg1,pumpswap,1791044682,0.00001767,10587.32,17134,17134,0,0,545.43,14889.68,0,0,0,0,1,7,137,47,,,-12.8,-51.66,0,1,2,1,,,,,,,,,,,
1791624744,86PvZw3iGbfbnCnMbJqDBUaci7uEF23qFHo7t6jBGqxQ,STIMMY,BQJmK4nTokCgMHHcjMfSaLpcWdv4YuQ2CpHUspp3RtyS,pumpswap,1791085701,0.000002520,2542.35,2412,2412,0,0,0.11,7.02,0,0,0,0,0,1,0,5,,,-0.24,-1.58,0,0,0,1,,,,,,,,,,,
1791624743,6MnQ921sqsShymdoqPv2RfhL5g2Hk2hoqPvgpDGcpump,APP,3qsLAK2seZi8s25TXDnR8gSdXb9jbMzi8DoyMZsWPiWv,pumpswap,1791195488,0.00008439,23434.12,80549,80549,0,58.93,541.59,12265.17,0,0,1,1,10,2,130,72,,-2.37,11.92,-22.49,0,2,1,1,,,,,,,,,,,
1791624744,72BNB9aZvqv9hokQoXRpkVe8eE48vxQ4wR6Wh3J1pump,trade/up,J9j9M3sGhmCmSJmtESD2KpNBmdTYhkV9uxeXmxY5fSCV,pumpswap,1791150066,0.000002590,2745.8,2525,2525,0,0,1.78,1.78,0,0,0,0,0,1,0,1,,,,,0,1,1,1,,,,,,,,,,,
1791624748,eyfwpQxwtUgC8Vmvk1daRxeLe3RTA9FrpK1HHrFpump,PLAGUE,FqycVQND5KbRMzQ9EgyUySZpoQp15p1oe5iDpTeEpu2y,pumpswap,1791155341,0.000006755,5374.1,6514,6514,0,1.74,17.52,413.89,0,0,3,4,41,23,132,77,,-1.23,-0.57,-11.68,0,1,2,1,,,,,,,,,,,
1791624747,H7wJ1wbbdu4ZCom6yegVaJxWBvdjLQ3NaNZbJsb8vAni,QUOTA,7D6L3Z1Vwz1WMmwc2SA4hDiRWHa2jhPg9FxWVjVRYwLH,meteora,1791141770,0.000003436,5900.1,3373,3373,0,0,0,79.78,0,0,0,0,0,0,2,10,,,,-6.49,0,1,1,1,DYN2,,,,,,,,,,
1791624744,9XKzy4KahcZaGJPJtz1PtqGPB3CiseoBrx7TcQhEpump,GOMO,5a7QurJLARt146JajJYPe5nh6vLyFpN2QrHUSLqbsCZy,pumpswap,1791150590,0.001274,111347.55,1058404,1058405,5289.94,25971.59,80300.26,433482.75,9,11,63,56,229,202,1287,1282,16.66,10.41,29.75,69.32,100,1,1,1,,,,,,,,,,,
1791624743,6bmC8NGLPhUK26neLjmYhdyTh8WQteuNK6rVDx35ncv5,xSI,3T55WGUyZG5zVQMENcQp11jZRfREA5jyW4fo7rMoxgdB,pumpswap,1791152267,0.000006869,6057.84,6022,6022,0,0,0,13.33,0,0,0,0,0,0,2,1,,,,-0.35,0,0,1,1,,,,,,,,,,,
1791624742,4KjbJ4SUWVNXGAoN89s2QLVdZ6PtNvWFykp999Tfpump,Stickman,6Gs6t9J94PKnFp4G2EPEzjXCUiUPxGg8VCMUjLsSNDc4,pumpswap,1791152025,0.000002347,2381.26,2239,2239,0,2.25,2.25,7.4,0,0,0,1,0,1,1,3,,0.94,0.94,-0.12,0,0,1,1,,,,,,,,,,,
1791624742,2rFNkrUaPdTFSCNu5KJoGL2Aiq7YZDE8DYZGZzAJCoKc,king,7GnXYByz4K5DXpvCGSr62TyYhtVHSvqzq5hCsa4W2yCX,pumpswap,1791152563,0.000002835,2758.84,2632,2632,0,3.45,14.57,52.3,0,0,4,2,28,18,86,52,,-1.25,-0.57,0.87,0,1,1,1,,,,,,,,,,,
1791624746,C8ivuAd8xzEyf7aCKDXF4cD4oYsbamtvdNqiC1oNpump,BABYBATON,EdzPCPKCGFpBUbbbv4Tech8wa1pGf2oZpjASqGGZfrbg,pumpswap,1791153042,0.00001665,9398.03,15600,15600,0,311.28,3061.09,32438.85,0,0,2,6,40,32,767,780,,7.6,-7.27,-25.18,0,1,2,1,,,,,,,,,,,
1791624747,GbdUYiGiRxhr146N8d5hemgcscU8YUW8oYbKJhuApump,XFUN,GTVJzZc2PfPKSWWGw5LJPBpqaUDsTXux1Lw9xvXqZqiS,pumpswap,1791152088,0.000003140,3326.3,3092,3092,0,2.26,12.53,79.01,0,0,2,1,21,19,79,66,,0.02,-1.17,-3.45,0,1,1,1,,,,,,,,,,,
1791624747,EDGZJJi7UhkqTNLsSEamNVZBDTVXPKepzEGvwEUCYJGK,Caviar,5CxBjKdtzYsgKMDUdjhiFDQkkCDXvtaGAVFP3br6LjAr,pumpswap,1791149803,0.000007780,5841.52,7504,7504,0,0,1.77,1036.95,0,0,0,0,0,1,7,6,,,1.13,-12.04,0,0,1,1,,,,,,,,,,,
1791624748,WPQCYWEtt34y8LK8DKfnod47WrytYVWDYRfNNbmdYB8,SHIP,J2VvG2BvjdrgpW9BCmBG9UcmFx11pmuYEWgZVJQV9nyY,meteora,1790977091,0.00001158,7390.96,11450,11450,7.06,31.17,1358.28,2751.37,0,1,3,5,22,9,117,50,-0.17,0.52,-9.96,10.77,0,1,1,1,DYN2,,,,,,,,,,
1791624747,EvwGJQ3Xp3h8hgHrSwAhBgSy7QAAzh7XSeah5gjBpump,bracket,DLydQhvexbV93mowsKVWJSxK6jXiPWCeRnTn5uA9H1Sk,pumpswap,1791154140,0.00001407,8753.97,13003,13003,0,293.81,2985.41,18936.27,0,0,0,9,47,36,215,213,,-9.96,-0.22,-41.79,0,1,1,1,,,,,,,,,,,
1791624748,HbPDWSqu8hpVMX6gMjwMDGe5rVgicWo3Qh3Jaojypump,Frank,745ATaSSWxvry5qt1XVv9eXuG884hDvNJfvA2o82dNBi,pumpswap,1791152156,0.0004453,70589.01,423367,423367,1755.21,23130.11,206535.14,1294758.28,28,26,316,378,2998,2971,26563,18267,5.11,17.32,-10.09,-40.49,0,0,3,1,,,,,,,,,,,
1791624744,7HE2WmPoYE7uaA7DKh25N5cUwEcUoiyjwZU9ZeaQpump,pup,TkDnwe4TZETkX4gUzPj6k35dE9ryvuJVeBrhiqECxvn,pumpswap,1791152610,0.000007843,6113.23,7646,7646,0,0,27.59,216.24,0,0,0,0,0,2,3,5,,,-2.22,-9.9,0,1,1,1,,,,,,,,,,,
1791624746,CkYC13iy8CsrWXKz3zqhjoyLvGBH2zFFwQKrcrvApump,CHARLES,7FMstDyWNvDdG78m8mrGWVwc4MWMCuFybAe6nF1sZFpo,pumpswap,1791152177,0.0001249,30433.77,115760,115760,0,316.91,22524.57,123657.78,0,0,4,26,177,435,865,1258,,0.13,-1.1,-26.6,0,0,2,1,,,,,,,,,,,
1791624744,8nKp4JkesNtDgu3PiSjdTdNSrtBt8YCHhW8BU14wpump,BATONROGUE,CGFDdPEpn1SfTJXDnRYb1BWS6aTAuWXBd4gCf1LddVt6,pumpswap,1791149814,0.000003344,4128.66,3310,3310,0,0.52,24.48,145.66,0,0,2,2,54,30,165,92,,,0.82,6,0,1,1,1,,,,,,,,,,,
1791624743,5YQYeEqfMWDY8uCaTTfwMqKQPpJn1jMwf1XU6okqWzRR,SHIBLING,9qnQYmAbJNf7KsGTvTz1yPo83N6VrZkzQJ21cRocDddx,raydium,1791149450,0.0001510,36103.9,151082,151082,0,995.05,1083.75,3409.6,0,0,3,6,31,21,132,69,,-11.16,-11.7,3.65,0,1,2,1,CPMM,,,,,,,,,,
1791624748,mj84V4jxj6dtJMBNUhcxcZDJRZTixwBtsTnKFm3pump,SI,FjDawnHkFvpz53s2hf2arAsXpuTsSZYVACrM3mCkSW2o,pumpswap,1791209344,0.000003935,3960.86,3827,3827,0,0,15.83,152.04,0,0,0,0,2,1,5,4,,,7.25,3.59,0,0,1,1,,,,,,,,,,,
1791624748,bgzZngPG4bZTPRFjsyaVA12LMP64ZgFjdjjzHZ9qQNR,PSTR,JBn3psJ6PCDCp5t7e6NtJtjAYBBFtZoQsXFe7v6Y1JbX,raydium,1791153877,0.00001994,13706.66,19943,19943,0,21.36,1708.53,5118.45,0,0,0,2,9,16,85,77,,-0.58,-14.3,3.74,0,0,1,1,CPMM,,,,,,,,,,
1791624745,AYHHpvAVf27Rv64PBPXHEJKg8MXaJ35vmsn8GV6wFigf,zDOG,A9aYRn45tHVBnXkhASb5AjkPgKxvdrqvreeZUsCm1rDh,raydium,1791155823,0.000003849,6012.06,3850,3850,0.34,0.34,0.54,744.81,0,1,0,1,0,3,4,21,0.07,0.07,0.91,-20.9,0,1,1,1,CPMM,,,,,,,,,,
1791624744,7mv1ijAoQFf8YVCiit55NamECzYoRaGT2kuHSH6gpump,JOEkin,AtZdn4fc9p9X6suMfZn3Q9i4c4arRdh2UMFkUA9H1j1s,pumpswap,1791154715,0.000003709,4942.87,3561,3561,0,0,0,5.71,0,0,0,0,0,0,1,2,,,,-1.01,0,1,1,1,,,,,,,,,,,
1791624744,9BMbyUfW6g4ptTGqyZeLdKRMz9tM4ssSgUEKYK94hook,HOOKER,CpEJX4hDGhce57vfyzbZV3UougyS9GGw5rnNGRxW8Bao,pumpswap,1791154117,0.00001574,10144.39,14754,14754,0,0,348.31,7483.24,0,0,0,0,5,4,98,69,,,2.78,21.44,0,2,1,1,,,,,,,,,,,
1791624743,59dv3aw6NMNKTXskt5BNqZUWnDTs2MkX2KYobBsgpump,AGENTCAST,43EMdiPiMonst54JdBouBYh3NH6GyyZAxDoTuBDak1UF,pumpswap,1791155832,0.000002712,2792.31,2602,2602,0,0,0,9.9,0,0,0,0,0,0,0,1,,,,,0,1,1,1,,,,,,,,,,,
1791624744,6roVXGp6izrreewkZNbuAd5yZrzwLfX4Zmyh1U5nLeEp,HODL,5dsESnstQMQcJCbDWqy4efXRGu9qu2aRATMMH8nKoAYQ,meteora,1790830672,0.00001134,6331.21,11347,11347,0,0,31.72,8340.23,0,0,0,0,3,1,74,54,,,5.35,-34.75,0,2,2,1,DYN2,,,,,,,,,,
1791624747,G7JkKqGb69cCWC2XkDXc8LG8qbifTkCKpsAcr6kApump,BANANA,DfpVbQUq6Z8AAcMwkqWdc329K6nDm9ihEkMBCTdKhQwZ,pumpswap,1791172138,0.000002829,2858.7,2761,2761,0,0,0,134.24,0,0,0,0,0,2,1,9,,,-0.5,-8.89,0,0,0,1,,,,,,,,,,,
1791624743,5w1zctCm4Y5YgWHvaS1sFYkaDQJzGgbQ5jK2nouQEm8U,RSN,2FbjDkz9NTFuC5etJ5TT91LPfesihHYKBcPMYZaymrt7,pumpswap,1791173339,0.000003677,3652.62,3487,3487,0,0,0,748.68,0,0,0,0,0,0,11,14,,,,6.54,0,1,1,1,,,,,,,,,,,
1791624742,3W4fNiCbL1DkAAxV1MQDGL8JKbCMMy5pAkpsXxgm79HJ,si16z,HxAtySJiZf1DzdTXsVYGfg5mmG53GRvZatZ8p8493uKi,raydium,1791173106,0.000004616,6280.37,4617,4617,0,0,172.06,1252.02,0,0,0,2,2,28,28,76,,,-3.37,-14.41,0,0,1,1,CPMM,,,,,,,,,,
1791624744,6hSDjfX8gsuj3NbfPi2QteWa4SUrKo95vvcySx9Fpump,STACK,DBRgkF7Y1xKDqgskej9hCojEnQZzB6MdK7JHB3a21KMq,pumpswap,1791172682,0.000004917,4757.75,4514,4514,0,2.37,15.17,603.36,0,0,3,1,36,19,107,66,,0.08,-2.72,2.38,0,1,1,1,,,,,,,,,,,
1791624744,6iQp3cxTYPKaHHRX3SnmuFisLdrr9DznDU6gKnQtpump,STREET,DwfWc9gmYGvcmHp6sQBW6sug3R5XkF3zQ1DM7DK2pvm3,pumpswap,1791174146,0.000002816,2905.33,2570,2570,0,0,0,8.46,0,0,0,0,0,0,1,2,,,,-0.13,0,1,1,1,,,,,,,,,,,
1791624746,DuFkeKBzCHYuvUZRhBJNm4zX7hmkcG7gtQZJVjXXpump,Gizmo,AARHDvMUm4V3i9bqjkMomexQGbgrzMkDP99FHgimawBZ,pumpswap,1791175126,0.000003930,4131.46,3793,3793,0,11.47,89.76,456.94,0,0,15,13,180,113,655,413,,0.15,-0.26,1.73,0,1,1,1,,,,,,,,,,,
1791624744,8vDuxcypxP1W7QzDs537zUqnLbxPbyD6G1i7q49Vpump,XMAN,CAgJ6EZgBTAgh6NLMgunPkxJ81zWrVoNWfHJi87U8zUQ,pumpswap,1791174166,0.000003972,4205.38,3888,3888,0,13.21,111.12,440.72,0,0,18,12,231,133,691,434,,-1.38,,-1.12,0,1,2,1,,,,,,,,,,,
1791624743,5cyP8YurRNCZeUtwXoaWtBwSH7pUxVDVCUauHGRUpump,Pip,6n63cxeGSEaWAuzNhXJztHwWjfWVSK1p8asUfbKGv8m6,pumpswap,1791174408,0.000002899,2938.3,2761,2761,0,0.14,0.14,54.64,0,0,0,1,0,1,3,5,,0.16,0.16,-1.21,0,1,1,1,,,,,,,,,,,
1791624745,AjwghPUHEtXSuUuwQEFDuSbkFEVD2py9FCyTomS9pump,si16z,44L21jScTbv1D4xWc99mQ5Kg7ZoAo2sTXGWoAbg6XaC5,pumpswap,1791176950,0.000004041,3986.35,3853,3853,0,0,35.64,353.76,0,0,0,0,0,1,2,7,,,-3.85,-26.85,0,0,0,1,,,,,,,,,,,
1791624745,9m4wLakNBU4f2Vi1cMKVdmfY5bWafa9EqugmCGhipump,FO,4CqMmfNRkRzdEZ8ALHdMkxWwLZYLnJpVUzyVz1bCxHwQ,pumpswap,1791194055,0.000002913,2827.32,2751,2751,0,0,104.71,123.39,0,0,0,0,0,1,0,4,,,-4.19,-6.4,0,0,1,1,,,,,,,,,,,
1791624742,3hAjWscgw2hn16piWaAZ6qWxp4S5cqt2LbdbDfg2pump,SI,HjnWwJ2LWqH6aKiB7JFRXhvLD5HGoBs9mfTtwk4QmXG3,pumpswap,1791195133,0.000002794,3152.05,2603,2603,0,0,0,0.9,0,0,0,0,0,0,0,3,,,,-0.85,0,0,1,1,,,,,,,,,,,
1791624746,DFSUu3aM5VT6cGi9xBGkJSxpWdeVMD1kp4o9N1ipump,Spread,8FPv9Go47yQWApFpvBWLvyZZDvfz4LvzfgGvgmBMgsGw,pumpswap,1791194256,0.000003357,3424.36,3236,3236,0,0,0.15,10.06,0,0,0,0,0,1,0,6,,,0.66,-0.9,0,1,1,1,,,,,,,,,,,
1791624744,9KAPRaT35wY9FF1NYhfKyLtt9sq3CgGtB6ChrMgVSTNK,Stompy,9iZxBRz4qMXKDJ3y5ZWwKemxc2CJqvLMQ2PM8QXT5Gh1,raydium,1791195810,0.00001659,12541.92,16597,16597,0,3.1,370.55,1839.94,0,0,2,2,34,27,117,110,,-0.08,-9.07,8.18,0,1,1,1,CPMM,,,,,,,,,,
1791624747,H8oe2SCksJcYzhPeS4TsbteusgZW5k7QaZ4boKyq8C7U,quarantinu,BgYok2svUaAmqczUDEvDucvSwnwq7JnvdL4Q8XqXD95n,pumpswap,1791198556,0.000003028,2973.48,2920,2920,0,0,6.69,64.22,0,0,0,0,1,0,9,3,,,-0.02,1.25,0,0,1,1,,,,,,,,,,,
1791624742,4MTY4PJDCdDEEKWokm1AssHyX2jLxK5s4wtVwVEd4RzK,HUMAN,5YqX7CDNdCUVwXyA4m427d1AAr16ecW6ohfxbdZbpGBG,pumpswap,1791192605,0.000003900,3756.65,3804,3804,0,0,1.18,384.08,0,0,0,0,0,1,3,3,,,-3.81,6.56,0,0,0,1,,,,,,,,,,,
1791624744,9aQwx5QQSpvrntr7EvHqRNbAqKrLUd9WaiqHGZoppump,ANY,9oFLeTXh5DTPxTJDgfP3yTem9wJekJQg5qwzH1XtWsr5,pumpswap,1791199234,0.000002971,3099.63,2704,2704,0,0,13.02,19.27,0,0,0,0,0,4,1,6,,,-0.26,-0.77,0,1,1,1,,,,,,,,,,,
1791624747,FiJ4gnd4dhqNeBKfS4E8wnERMEpjMPdUfJhu8foipump,BRAIN,4HPnRSbQa1jPkxoYi9hKTUnTv5aUj77G2ereaAYdAgmm,pumpswap,1791200226,0.00001580,9679.9,14512,14512,0,1245.67,3163.6,11143.1,0,0,14,9,35,29,125,114,,30.67,-29.93,-60.7,0,1,1,1,,,,,,,,,,,
1791624744,6hRVzQGXDPhtcUwMQ5fiwxsqUzkmj5pWdsQpjFZn1bNc,catbal,4MvK15NkxsdeYFGzRQBEM8XexgmL1FQtv6nCYwfWWLG6,pumpswap,1791235653,0.000003190,3043.04,3018,3018,0,0,0,423.09,0,0,0,0,0,0,8,3,,,,-1.23,0,0,1,1,,,,,,,,,,,
1791624748,ie8FuxvKNFcHwpBxHKCSUpsNCLgacLPDZEYsvubynCQ,PATIENTZERO,C7fX8p9VqNSujLAwGvh4HZCbz4837eHxez5ooGLHe1X8,pumpswap,1791221548,0.000005760,4927.75,5491,5491,0,0,225.79,2561.45,0,0,0,0,1,3,38,37,,,1.37,-18.23,0,1,2,1,,,,,,,,,,,
1791624742,2SiMF9sdDBgZgXxf8e6VVYJ63uoVEWKSgPdBbp9Upump,IPO,CVF983RYm1Hh62XG6aZqPRrBfYPWFf96jJMBKFTk23De,pumpswap,1791217941,0.000002524,2587.38,2352,2352,0,0,0,2.04,0,0,0,0,0,0,0,1,,,,,0,1,1,1,,,,,,,,,,,
1791624742,4HH11MVVquHXrZjKV9q9otg2R4AqS1CLiiWoaHPhRUNE,RUNES,3ruBYRXmRSJu6Nh2oQaBgW1zzPjjufvaTZUvA5UXJUdJ,pumpswap,1791218224,0.000004602,4391.12,4543,4543,0,0,48.89,57.1,0,0,0,0,1,0,5,7,,,1.71,3.96,0,1,1,1,,,,,,,,,,,
1791624742,4unydQjvYdqR31pkuBYGu2nGst8r8j5XMW8KXRXtpump,QINU,Ey4Hdtm1eJF7M1L6qWfEFcPYtGVjX6xGxAsDa3tHrPF3,pumpswap,1791219790,0.000003722,3792.19,3499,3499,0,0,2.09,37.37,0,0,0,0,0,1,0,9,,,-0.31,-2.38,0,1,1,1,,,,,,,,,,,
1791624747,GJTqH5mcP17tX16Xok9VnajoPBfKNHa6nAx1zrtupump,launchpad,J8194aC1cqTNcAJTxCpN8Cm4nnUBdskWUrfHrEsCYCuF,pumpswap,1791220342,0.000002341,2569.8,2271,2271,0,0,0,0.15,0,0,0,0,0,0,0,2,,,,-0.8,0,1,1,1,,,,,,,,,,,
1791624746,CSidjwTzf8rETX6DQ3kkacFcm5csDCrSYZqyKC5XxufM,NEAR,Gh89UeyQD6jNo8CJphVJQU6iymQf4KTFYZtbJJhvXoaY,raydium,1791221406,5.010,1051852753.5,1052187865,1052187865,0.3,13.78,55.14,223.96,1,1,2,2,8,8,32,32,,,,,0,0,0,1,CLMM,,,,,,,,,,
1791624746,DVPvDA3VudJb1dgQ2TFGCo7KX7xY7kkpe7wStL2wChou,Chou,3CDFYXdWggXrR1Yyu8YiAvaYuL2tBHCH4CXm7g2nRHLF,pumpswap,1791221344,0.000003162,3165.89,3073,3073,0,0,0.6,362.46,0,0,0,0,0,1,8,9,,,-0.23,5.72,0,0,0,1,,,,,,,,,,,
1791624748,hAN9GVwNdteB4hTr3k5DmfA7CPjBQTLRxpN1PdTpump,belly,G4Xw5DeL7NTnv8PqCP968MLHHWsTrXsfTZYLyw1tvLHV,pumpswap,1791221339,0.00001025,7308.53,9906,9906,0,0,192.83,1070.48,0,0,0,0,6,2,22,23,,,19.04,25.89,0,0,2,1,,,,,,,,,,,
1791624745,AZ1zu3GSbhBAqnaVxZiHE5akV6BtF1knyrbWULAupump,BALLIN,6F4tYCVSyvfB1KAGGXazTVpQ9WVb9Jn9HMoLmNwwCQ3w,pumpswap,1791134083,0.000003427,3261.97,3294,3294,0,0,5.34,926.87,0,0,0,0,0,3,20,19,,,-4.37,-8.25,0,1,1,1,,,,,,,,,,,
1791624749,weLLw2Rn1PzFb4UNYjTPZzoBCdVy3mqYb8FMMYteR8H,BUILT,2ybJTFn1zENXZ3Q4C1jNKNoMF5LuhnhmC3oysuhXT1i1,meteora,1791235044,0.000002513,4394.93,2513,2513,0,0,0.12,18.3,0,0,0,0,0,1,1,4,,,-0.15,-1.11,0,1,1,1,DYN2,,,,,,,,,,
1791624746,CJvUiDYipsWkjBqYJGJ5KxpX3muZPz3zU1qYaFM8Y47u,TIT,HjAyMh3gmzQn6JLR4pzApcVLC9n97W1ipcLzTEy4fkza,raydium,1791234541,0.000002875,5031.46,2874,2874,0,0,0,44.46,0,0,0,0,0,0,0,2,,,,0.44,0,1,1,1,CPMM,,,,,,,,,,
1791624743,6HEDwKSR1UpV8dJW7sVjFQoh2UnXKCZZCWi8uZVgpump,Sirius,GTkRge26uP28LKXmJpF7iENhn1BnVxtB8R1bukhuTWj3,pumpswap,1791233140,0.00001293,8671.23,12550,12550,50.83,50.83,1299.72,5494.65,1,1,1,1,25,8,63,44,-3.01,-3.01,0.37,-11.65,0,1,2,1,,,,,,,,,,,
1791624746,BrUimx7KncgRNTggAdZdaX2s5XUqQyR6XMRmEg4mpump,MINTRO,8t34p7n94man8wcmFdHedYkJaWEhA9nKGJMLZyZUzbn,pumpswap,1791225432,0.000003439,3983.1,3415,3415,0,1.69,25.37,85.23,0,0,4,0,31,21,111,79,,0.2,0.95,-0.94,0,1,1,1,,,,,,,,,,,
1791624747,EC7JXhzfSDe9BhU1tnfyzvv1eUUaTQQi4TTnrSHKsaET,BLU,Chysf3VjqUGexsXHyXzzA5htu3KLueAAZzCUSa47AFP8,meteora,1791232006,0.000007355,7600.79,6854,6854,0,9.5,1087.63,32087.2,0,0,3,3,59,59,464,344,,-2.04,-27.08,-86.94,0,1,1,1,DYN2,,,,,,,,,,
1791624747,FKLrrPTKbAaSMwDrJXe8rTc2CrvtuA1RyJNJmB1Vpump,sizeinu,8BC6kqZUR6i1JSUa3q1nf6U7s9mWrNc4sxbsZsbj9MMJ,pumpswap,1791230368,0.00006203,21037.28,60005,60005,0,2023.09,3004.73,53812.19,0,0,10,8,13,21,275,210,,27.61,46.57,532,0,1,2,1,,,,,,,,,,,
1791624743,6VsnbKz6erJRTPiiD34Msq7eWmmgZHDnh4Bxan4MpGjm,SOUVENIR,7th6RZFyWytqVFozBUDPpZgTt7jeYAi8X7XZcLgyVV4p,meteora,1791064118,0.0001361,33773.1,135176,135176,122.53,564.31,23936.72,114316.14,2,0,10,12,266,185,965,780,0.91,1.79,24.72,-27.87,0,1,2,1,DYN2,,,,,,,,,,
1791624746,BuknMeQoreSUzXXZq8Nn973EkqrWhRzKU34KAhyrPpyb,INCOGNITO,9gJHwbyEn3U7eZyf61sTX31mqPNNhwnyDoA9Fn3pMqdq,raydium,1791223040,0.00002506,13930.92,25067,25067,0,139.86,4524.75,8697.38,0,0,7,3,101,51,238,138,,-2.24,-12.15,-28.67,0,1,1,1,CPMM,,,,,,,,,,
1791624742,4LBzGyaRha2yLDVNevW6SYr2xHa4SWH8MZuMEFyr24CB,CLAY,J2jEyN9XVND7AhvxU6qytMgcLdbHbC2MoZYBkTQABDuN,meteora,1791228274,0.00002800,16566.22,26812,26812,0,623.58,3793.38,33799.79,0,0,7,4,68,53,321,226,,8.72,-8.14,-43.55,0,1,1,1,DYN2,,,,,,,,,,
1791624746,BvLqum9qd4TWQ1c9WPmLYMvxxzoXUjsFycVffvjyq16,TRANNIE,AbWW6Bxz86kXD7yxM3EC29tT9YwoENowkFVd1JxgsTmc,pumpswap,1791236529,0.000002667,2619.59,2522,2522,0,0,0,18.47,0,0,0,0,0,1,1,4,,,-0.06,-1.02,0,0,0,1,,,,,,,,,,,
1791624744,6tNogHW8XKFVZNYfdXrDjmZx3HsFtZtKpboh1b3D23oj,ASS,4pDwFmomT3iMfGqsWctH4smsc1v4rPsJuAR6tUTcyH7Y,pumpswap,1791240698,0.000004400,4453.42,4309,4309,0,1.49,23.2,311.16,0,0,0,1,1,1,7,11,,-2.04,-1.66,-2.75,0,1,1,1,,,,,,,,,,,
1791624743,5oHT7xrEzk9PkuD3Uah29RggyEmQvaWo8rNSGTzr9aTb,SINU,EmkAyziEcFGHEA2EdUWcKk3RLGU7UuAvmVDyK1LRtfAz,raydium,1791240112,0.000002980,4515.04,2980,2980,0,0,0,37.44,0,0,0,0,0,0,0,13,,,,-15.78,0,0,1,1,CPMM,,,,,,,,,,
1791624748,HkJgBTK4d3mrrf9Y3TqsiyqLEkbtoEFhzeqMtLnLpump,SPROUT,68xZt5cWDAgWBjxfkpMnBtoZj75uBQZJzzNExKsoetWm,pumpswap,1791239244,0.000003856,4004.27,3833,3833,0,0,57.44,122.79,0,0,0,0,0,2,5,8,,,-6.27,-10.07,0,1,1,1,,,,,,,,,,,
1791624745,9rXa6VHbLpvNJnbfNvJxg81sbVAPyHuFP6DZqH3rTHVF,CLIP,F8MvDdrv3NWqFWqCMvWmUWD8F6wQk7URpMDhxrnC9zjx,pumpswap,1791236606,0.00001590,8759.06,15792,15792,0,0,135.15,553.45,0,0,0,0,2,3,11,15,,,2.37,7.16,0,1,1,1,,,,,,,,,,,
1791624747,FMyuTjciDFwusZm8sHjfL9fNh9Mfn1e4MZcGC81Cpump,ANA2LY,8T5sxJemPR3h4ZG2GxLB4xJJXodJUSgc4jj7x8DKUaFd,pumpswap,1791240423,0.000003259,4204.99,3163,3163,0,0,0,0.19,0,0,0,0,0,0,0,1,,,,,0,1,2,1,,,,,,,,,,,
1791624742,4fzvQ1p5GHHNfSWuAgZs393nW5iRnvTWxgwF86Hhpump,BACTERIA,7mfMS4fRC9riPEiQR1DqkMMpz9pMsjwcpjyRDqACbC1q,pumpswap,1791242271,0.000004222,3903.77,3992,3992,0,14.8,138.61,543.13,0,0,24,7,263,141,859,484,,0.24,1.44,4.82,0,1,1,1,,,,,,,,,,,
1791624742,2Jrkp1PWkz33BAy5s5MUwqUs5odMgYj1fZYaxC8RygpG,SATOSHI,7Q9VVwh6Th9BWDXyU3ojTGVsjWoGxgmWCHe4LUmBtyhg,pumpswap,1791121161,0.000005043,4697.04,4962,4962,0,1.08,9.98,450.65,0,0,1,1,22,19,102,75,,-0.05,1.46,-8.29,0,1,0,1,,,,,,,,,,,
1791624744,7E17FfBVYfQLAdQiSMK3ESNwkiYGdZPTVvB5b5oypump,INK,A9Gb1uQMGPU3hPSwFrvz4H3jeKPhtCkTFCQeh9Dt6kXH,pumpswap,1791241221,0.00001378,8722.78,13207,13207,0.03,280.68,1066.93,16098.35,1,0,6,4,16,22,188,165,,-18.54,-14.88,-59.34,0,1,1,1,,,,,,,,,,,
1791624749,vAu3ZQ6Aon6uEqHhzaKf8QLxVCxT1KKLkLN2qKopump,SARP,2CFTdXFV1PvVbAbiWHosECLGHKpRGdYAeKiLTcUND5Pu,pumpswap,1791243021,0.000002256,2270.64,2256,2256,0,0,0,81.7,0,0,0,0,0,0,0,1,,,,,0,0,0,1,,,,,,,,,,,
1791624744,8cp1WhUDxTbfX8nDe1kAB1ogPUyQvUSKgzFz365LbQyZ,CAESAR,9ebYNt7c7aZtaKQS8UPbCT6gdzyXWAje3x8Ca28ysyGT,pumpswap,1791262262,0.00002764,15164.81,26696,26696,0,323.07,1541.24,12026.6,0,0,4,7,31,26,158,142,,-2.55,1.01,-18.1,0,0,2,1,,,,,,,,,,,
1791624744,7PBEBENwvvaax9PSAAPKZrJr6J2skuNneBkZEMGDS7v9,ROOTS,38Xwr1h6kCTWxJckNc7yHgMJRBUsFi7XmUaPaPCmTW36,meteora,1791261136,0.000003604,5179.97,2829,2829,0,0,85.09,237.05,0,0,0,0,2,2,8,13,,,-4.73,-14.74,0,1,1,1,DYN2,,,,,,,,,,
1791624743,5VnbrKp28Qs9CAH6PyZdxBNvLxZcbeX3YBsozgWnpump,darwin,53W7r4XUxCSnLGoAvj3nPiXnSzyWGZkYHVavYtLpyaXM,pumpswap,1791078359,0.0001693,44577.11,160422,160422,1142.01,4533.75,36542.28,195067.43,32,9,67,80,534,588,1731,1810,-3.08,-8.45,-38.3,-61.96,0,1,1,1,,,,,,,,,,,
1791624747,EtLCJUjYiUmQ1rpEfWeBK1E7ZyWRFPGz5sJc9Ksrpump,hooksocial,9Db6Not1kYREpuJMg1nBje5UwzZ12vmQpWMAMr78SDVW,pumpswap,1791263894,0.000003530,3312.23,3175,3175,0,0,0.57,6.06,0,0,0,0,0,2,0,3,,,-0.89,-0.89,0,0,0,1,,,,,,,,,,,
1791624743,5ajpbjbjhmEvhTPrNqGhqy5A78vu7M6epbijSbe8TFXJ,Fox,HB6mjqob8hb3x5cWngmSQHtGiFwJfwgPkEfKEoJQniin,pumpswap,1791279004,0.000003163,3110.35,3052,3052,0,5.48,9.47,119.2,0,0,0,1,1,2,6,20,,-1.29,-0.29,-7.13,0,0,2,1,,,,,,,,,,,
1791624744,6mzzVeGWiH8zkVyr2Sytp2HzxGAnWVM8mYzqTjnEpump,臺北,E9rcbm53APE4QfbCJUrU24N5K2CYNaQ2i6o5KyAqvAz,pumpswap,1791279449,0.000003517,3402.77,3381,3381,0,0,0,54.4,0,0,0,0,0,0,0,5,,,,-2.97,0,1,1,1,,,,,,,,,,,
1791624747,FiDXDYxJqwBj9vRy5WcZwwAUE8ehvTY4qBuj1NgENX1Z,OUTBREAK,3fZpA4XmuwQrvmw3AvVVT5iCMh1c5oYSBbj8tnXxkoig,pumpswap,1791278545,0.000002428,2461.57,2344,2344,0,0,15.65,152.97,0,0,0,0,0,2,1,4,,,-1.3,-14.53,0,1,1,1,,,,,,,,,,,
1791624747,FDnUbxKwmECu1jVaFcfDsaMRCrSCiCiXcbVvwjSCv3Fg,GemSearch,DWL5iMtcqa1mvmD4bTnJ8hp6WiDpTzCj9XTFgkqnWGaM,pumpswap,1791280548,0.000002497,2509.46,2412,2412,0,0.17,0.17,5.5,0,0,0,1,0,1,0,4,,-4.65,-4.65,-5.59,0,1,1,1,,,,,,,,,,,
1791624744,7369SFFekWNNpbz4sZrgpaykzd7rCJ1ssi5pwTtppump,Bid,AT1QCJ9z8wNAMT4Hwm8nErtiHMP6Kaj1YpCNGXtqyZoP,pumpswap,1791279807,0.000002514,2492.37,2304,2304,0,0,0,1.7,0,0,0,0,0,0,0,2,,,,-1,0,1,1,1,,,,,,,,,,,
1791624748,JDWfTE92XEMDUtxmw27YLJUsW17RenLgC6E8Q6XduPb5,.meowfart,5QfjLF6inpkWqc75pDpd5Q9zNaKXwVAB2ZBDxU8pqnPE,pumpswap,1791281740,0.000002694,2832.66,2601,2601,0,0,90.02,334.76,0,0,0,0,0,3,1,14,,,-5.39,-7.78,0,1,1,1,,,,,,,,,,,
1791624746,C3NukjAkXubpUcKmYCfzQ2qyKtQd9HLQbLqyuL1Npump,.FART,81zGs4ubWmx7cTKUJrkPkupzH3NRgUdv6VtFKQ4twtEC,pumpswap,1791281144,0.000002247,2446.83,2175,2175,0,4.37,22.07,24.76,0,0,0,1,0,3,0,4,,-0.15,-2.04,-2.04,0,0,1,1,,,,,,,,,,,
1791624744,8FffCcpYMCTc3QC6FmafKq4JGmo4UmsvfHtGZxQWNTKv,SGSI,7voWnnVLJHHwzw6uDGbyMPHRMhPrfuoB8W7WFjg6HnPo,raydium,1791142683,0.00001093,10167.81,10940,10940,0,82.92,89.8,1947.75,0,0,0,2,0,4,27,39,,-3.2,-3.43,0.47,0,0,1,1,CPMM,,,,,,,,,,
1791624742,4RoFANLQpQ4o23zfyd1aoQCxVehwVBU2YeyCCQyvpump,swordhood,Gpre8KNPSyUC21NwLR3U3VFRz7T6Zgru79h5uivqwowF,pumpswap,1791284111,0.000002751,3257.8,2707,2707,0,0,0,4.53,0,0,0,0,0,0,0,1,,,,,0,1,1,1,,,,,,,,,,,
1791624746,E4jLbVAq763MavfQE8BFsTznFhVJZQFCpTgbuu8Wphzq,MultiStonks,G1ZrWh1v66zUxZM1q8Nbang6XH4xfuBwDixAkgBdSPvb,raydium,1791283476,0.000002361,3932.75,2361,2361,0,0.4,2.19,149.25,0,0,0,1,0,3,2,17,,-1.67,-5.74,-24.31,0,1,1,1,CPMM,,,,,,,,,,
1791624746,BusD65DExwyuMDA31cB6THeyjFvgYgcGpuUnDRJ1pump,TLT,HPPLtMKGQSqf5XNc2p1Xw4yvDLWpo71CHYTG4JHHvz8f,pumpswap,1791284221,0.000003312,4389.76,3268,3268,0,0,3.55,172.8,0,0,0,0,1,1,4,10,,,0.33,-6.91,0,1,1,1,,,,,,,,,,,
1791624742,3NPQemdkbzR4sG4u5w3wH9xbqxZjuUijTvbwbvD2A8jS,ROCKET,ARsx88y9tFTcxDn4er25u974ZWC7KF4EY9Pb3MKiEj8G,pumpfun,1791059823,0.000004780,,4780.89,4780.89,0,0,52.45,5037.33,0,0,0,0,0,5,61,67,,,-2.36,-9.69,0,0,0,1,,,,,,,,,,,
1791624742,3VLfb4PAgDAXxwMnnCAhJVUut1zgVwYkwpPce25EhjyW,NINU,7A9uEcxPHvp5HSs2JF6qC87NMgB7jqva7VCA4dCbHCez,meteora,1791283009,0.0002247,7120.57,6742,6742,0,0,0,21.47,0,0,0,0,0,0,1,1,,,,-4.13,0,3,2,1,DLMM,,,,,,,,,,
1791624743,61BkPLSPrgzYdJL1n2eVfauWRy92qd3bE7yjUBzc4fiD,KOTH,4F5w63zCY7WGYGcdiQtmVrSfhREWZRus34jyGgz2kyJJ,meteoradbc,1791142608,0.00001001,,10015.39,10015.39,0,0,289.88,2603.33,0,0,0,1,4,11,13,31,,-0.95,-8.02,-28.99,0,1,1,1,,,,,,,,,,,
1791624746,CBfvJTZruJjouy878ggEXAtXsNxpU4vsxFNn2tQQE2nV,TTT,ARX71PegXtepfQ41uMnyk32iPKvWdMFdWLpqhTA16VqU,pumpswap,1791131793,0.000007155,5817.97,6903,6903,0,0,1434.43,7263.66,0,0,0,0,28,32,117,105,,,4.74,2.87,0,1,3,1,,,,,,,,,,,
1791624745,ArenDYANqFNkp8ZqAXt69vT5Dz7WD4zDfSpVw6oPpump,Cartridge,qikS6TVXgNocaDuhRB3B94cyeaUJevP1c7XEyMfYT7Z,pumpswap,1791049197,0.0002007,49025.06,187690,187690,53.68,1677.77,9188.56,125713.7,1,0,11,4,65,59,857,733,1.54,10.52,15.5,2.95,0,1,1,1,,,,,,,,,,,
1791624746,CyJ4cWzi5dUD6gq8SxGW67k5bRMKzPTL5yGE7ARgT2RY,EXTRACTOR,9LE88U9ao6sRr5PAL229mUPELWFWApB7U2qPCsJVoeD6,pumpswap,1791302838,0.000004295,4433.1,4225,4225,0,0,7.05,129.31,0,0,0,0,1,2,7,14,,,0.15,0.41,0,1,1,1,,,,,,,,,,,
1791624745,9piNDWBS4gL5SsyXp44PodRpj4ojZpazcjNZTDFSycss,EXTRACTOR,2hM2uZzzMfK2hmAFcGa7j6ijf2Btx249Hta4FTuZBqxK,pumpswap,1791303188,0.00005344,19364.16,52520,52520,0,0,27.78,20531.22,0,0,0,0,0,5,88,87,,,-0.38,50.25,0,1,1,1,,,,,,,,,,,
1791624748,Hpuz6VaVd2M2pz17sCEgovMLHZV51sEtca2Ant4DNPDo,HIROI,2F165xM8soFUUJm7kXDjoNtVaWYjwpWuQEiiFt6xjLoK,pumpswap,1791305471,0.000002580,2562.93,2476,2476,0,0,0,5.48,0,0,0,0,0,0,0,1,,,,,0,0,1,1,,,,,,,,,,,
1791624745,BffwFrxLQ82QxuHwjb1hLQ3MdSs6YVfDkRa2cyiadH5y,CHATON,2QQRqqf4AbvcE4869KwhE13GPibaGbhMBg1DGpKWHvR4,pumpswap,1791045503,0.00004902,18791,42319,42319,0,676.08,5109.08,20311.96,0,0,2,4,29,22,168,154,,-8.82,61.35,7.01,0,2,2,1,,,,,,,,,,,
1791624744,941BtBo8qDbuo33H4kYqK7YvsFEJ4gHhEuHM3JJTkcR8,TARD,EburKyhpqoXP63rDvYTpvHH4B87Vr34ZfLZQ2ERB3net,raydium,1791303908,0.000002360,4574.28,2360,2360,0,0,0,3496.42,0,0,0,0,0,0,10,27,,,,-26.42,0,0,0,1,CPMM,,,,,,,,,,
1791624748,HrK6mamxc2anu1isSPYLzWAbx6UmWqJwhbAtDy6Xu4An,onkey,Fqq451n7TJcp96486sGvnD7FsjMSpSYVbK8551hynKJM,pumpswap,1791306388,0.000004587,4043.78,4374,4374,0,0,0,17.55,0,0,0,0,0,0,3,5,,,,-2.25,0,0,2,1,,,,,,,,,,,
1791624743,5zkj7ptEyk8X5prmZUhzNfENuR8fCZx45grPq7avpump,SUPERCAT,A8yMHEXmtsBtVz3rGMpf5yeTXxQYEryoWuzV8xT52Pwm,pumpswap,1791306015,0.000005708,4809.13,5627,5627,0,11.78,116.71,634.98,0,0,26,11,243,136,819,487,,-0.89,0.53,4.51,0,1,1,1,,,,,,,,,,,
1791624747,FgUggmfF79fWC2gp1gtdD5LaftsmCtDPK2Sm47GFpump,HALLKITTY,ECqH2uc7zEBk7EGw4EAXmBGFXd9YZnWu4ryi6jkkkjnr,pumpswap,1791305327,0.000002465,2890.95,2438,2438,0,0,0,1.56,0,0,0,0,0,0,0,2,,,,-0.65,0,1,1,1,,,,,,,,,,,
1791624745,ASYY2YVsKmhWMSLDQVzVsXb8s5thY3a5YdtgDeLupump,DAO,EyQd3XPWhsuy49JXgaVXxuiUebfeq1XrjL7gKTVbAnZA,pumpswap,1791306525,0.000002384,2455.76,2278,2278,0,0,0.61,74.91,0,0,0,0,0,1,1,4,,,-0.1,-4.36,0,1,1,1,,,,,,,,,,,
1791624746,D9MY25yE86DA3VSgjuoL69KihGWaLXpd1MF8EvXupump,discat,9GHMXBUsGYvYniBhHvWyqGLnmFjrJ36RPeqVGNc1DBN3,pumpswap,1791306358,0.000003786,3684.93,3732,3732,0,15.58,116.33,574.12,0,0,12,15,233,130,862,524,,-1.8,-0.45,1.07,0,1,2,1,,,,,,,,,,,
1791624748,HK1Fhpk6R49xQeCMqN8yMeBh8ygDwhGikyLz4u37NUtZ,eˣ,AGeWVpLd8SdjHTZT26v6VM4eV9nFK3ScX3FPaNuMBRVd,pumpswap,1791307126,0.000002831,2810.25,2720,2720,0,0,0,645.02,0,0,0,0,0,0,5,6,,,,9.17,0,0,1,1,,,,,,,,,,,
1791624748,mGEDDX5FNFxZR4iWKAZzkB7eZHzVNU91be3LYH8Echo,ECHO,Afs5UCJrvEGo48hyJ641zsHbAeQpDwyJF7sbV8Q3cLPh,meteoradbc,1791306319,0.000005892,,5279.06,5279.06,0,0,0,3.91,0,0,0,0,0,1,1,5,,,0.26,-0.12,0,1,1,1,,,,,,,,,,,
1791624746,D8GWC95Nd3XN4wWzMH5aT4CoAPnafoQQ1sPKNZ42R2Lb,ser,9QQ53i6o3tFNfcCrxwhb5tepdwaiBiq5PHc5nzLGGz9u,pumpswap,1791297521,0.000008640,6643.95,8248,8248,0,38.2,618.27,6311.79,0,0,0,1,7,8,78,66,,-2.76,-6.84,-17.08,0,0,1,1,,,,,,,,,,,
1791624744,87xugDPLEmqRPqkK1kFqLRN2VR59rtH2XmerSRqrpump,USDF,298tmGN5tSxaVvFbWhZLfv95sybxhf7f3MjtkvestkDH,pumpswap,1791306469,0.000002128,2152.37,2129,2129,0,0,0,1.2,0,0,0,0,0,0,0,2,,,,-2.34,0,0,0,1,,,,,,,,,,,
1791624748,SadFNaxi3FocLQn8ViKQh5kzy1Km9XqNBrLtrcMeypJ,00,5ghY1j5K4sqj3txAr2yYdXQh6TfN4o9kL1StC5ceMbcj,pumpswap,1790902376,0.00001762,10729.78,17237,17237,0,177.66,2781.04,4375.93,0,0,1,4,31,28,64,37,,-6.44,19.81,72.67,0,0,1,1,,,,,,,,,,,
1791624747,Euz6EjyubNjJmCkahGEfCXmnCwNVLunxc1LZWsmV3wKf,TRADE,JL38KcotuQgVd97gvCZdJcLpCyAapm4ALx48Xgn8Wde,pumpswap,1791321509,0.000003191,3240.78,3137,3137,0,0,0,60.37,0,0,0,0,0,0,2,4,,,,-1.34,0,0,1,1,,,,,,,,,,,
1791624747,GfBwZAaRLdarL7mmUce8wkFc2xALuTSzyrREVKixpump,DONSOM,9DrKrm66SnAASPLfHqHG1mgs6YeGM49UFr8QqiK3KDLH,pumpswap,1791320712,0.000002405,2641.48,2371,2371,0,0.92,12.86,63.46,0,0,4,1,31,15,97,50,,-1.04,0.72,2.2,0,1,1,1,,,,,,,,,,,
1791624744,6zbKnLKRtPSMVLiv2HmYz4JW4jBvsaHrYWa2doJ7pump,WRAITH,4rJs9GUVVek4gjgHXy6YLztfJA26BqxdQrPbdmeWR8JR,pumpswap,1791321919,0.000002265,2325.4,2184,2184,0,0,0,0.77,0,0,0,0,0,0,0,2,,,,-0.52,0,2,1,1,,,,,,,,,,,
1791624747,HCHL2NsA33g5vpFyJLiV89ahcDRbbBKWBLzBuSa9pump,RULR,B1okNzqqDYVZP89nEJY7PWx4BuY8mGfGCZLzwJYKZF3x,pumpswap,1791320159,0.000006869,6269.74,6604,6604,68.85,89.86,507.82,17153.87,1,1,2,2,15,26,359,324,-1.97,-0.64,-9.78,-68.33,0,1,1,1,,,,,,,,,,,
1791624742,41171nKBsLCMhnLGAw3QtHsJqR9pRq7WJMdyRAPHpump,VINI,4C5JFk8QzMXeG2srBuQ3aAFJH3ojjiqVQS3o9gHP9Q1p,pumpfun,1791242198,0.00001149,,11497.3,11497.3,0,0,0,6.93,0,0,0,0,0,0,0,2,,,,-0.47,0,0,1,1,,,,,,,,,,,
1791624742,2BVfJ4AHMvHdKtEZNHaBr48dQzTfZvYkjaaxbM6bpump,swordinu,69fyvgoTXQxBdv7Tazd99m1vycwoS3Pyjkj8RRFFzSzJ,pumpswap,1791311637,0.000006820,6830.25,6774,6774,0,3.72,1117.65,3260.94,0,0,0,1,8,19,39,62,,-0.12,-23.94,-32.02,0,1,1,1,,,,,,,,,,,
1791624743,5sLHWDe5yLwjjGvjpPgyceMgLo5HG1a6JH77XN1Spump,LOOT,XDTrVqPDAn3Hxqf5VMDDSTjkAVhvbunjG57pumLMP5M,pumpswap,1791322499,0.0001326,37698.95,129516,129516,6.06,374.21,3099.56,750253.67,0,1,3,14,69,54,3345,3125,-0.07,-1.58,-8.45,-36.06,0,1,1,1,,,,,,,,,,,
1791624745,A9AwQtRfDZg5yyCeb87fbxk52HJt6B4q7mjnj1ieMket,MARKET,EwQybQyYozMxW4f9qkvXk37emxE3bJkgGvU5NoPmkUob,meteora,1791324221,0.00001186,8992.38,11861,11861,0,954.94,1617.71,5568.54,0,0,6,3,15,7,92,43,,-20.08,-13.85,-27.38,0,2,1,1,DYN2,,,,,,,,,,
1791624745,BgyfZsq6msH7xqv9ns9HoSvtQnGL4c3ed4xtcnrNpump,PLUGGED,FzQbyfMGpoa5KaopaDhJn8tpKqqPimEymUz3ZrYTg4Hn,pumpswap,1791328129,0.000002588,2644.43,2504,2504,0,0.28,0.31,0.55,0,0,0,1,0,2,0,4,,0.13,0.69,0.1,0,1,1,1,,,,,,,,,,,
1791624747,GfTiG9mt3jEqiCriYkxJp9jsVSBf8GNeUAXkWfuGpump,Arcteryx,2eqYw47aaJ9FKwfLA2GZb4PAntXSJ5RjFq5Rd4wFsQYw,pumpswap,1791329292,0.00001998,10662.07,19266,19266,16.12,145.56,1410.6,9159.13,1,0,2,6,23,21,111,111,0.53,0.91,21.59,-6.84,0,0,2,1,,,,,,,,,,,
1791624745,B574RvQ3aj2MCBbV2rta118uLwYYKf33nyLkjUcpump,patryczek,FV8Kwkvp7hNBsyuPzvtgU5quHEcLV8rBN2DwSaeWQ4vM,pumpswap,1791326652,0.000002514,2555.29,2389,2389,0,0,0,224.5,0,0,0,0,0,0,1,7,,,,-16.16,0,0,2,1,,,,,,,,,,,
1791624742,2T6Wg3urxPQHaoGh4gqNHyYL6FAfyWA5BaH6Lo37pump,MINER,8J42or3k3kbGnGuQR2rBZCRWetA7jHrNsCJmscipv8in,pumpswap,1791318043,0.00006724,23227.27,45847,45847,67.71,425.41,9710.65,91030.92,2,1,17,10,201,131,1143,1042,-1.18,0.56,-23.41,-35.9,50,1,1,1,,,,,,,,,,,
1791624748,ondohH8Vssxiqcy5u6Efi4AYN17KZrzQtv2a91dnrgW,ONDO,AASUUrCuG95wUAcXzhGcxEkz8SEoXam13byBfv67y6hT,orca,1790949931,0.4951,142688.36,396101,396101,0,264.15,9044.99,33740.92,0,0,0,9,42,16,145,131,,0.05,2.17,2.2,0,0,0,1,wp,,,,,,,,,,
1791624742,4cF8xUrQNnHe4FN9QAsutwnHLhzzetuHDbpr2hn1Viek,Furrari,D8panJK2hzPTtQK64R3ismfybkfLSGv8yzejJFbfkosF,raydium,1791316929,0.000006291,8126.45,6291,6291,0,0,33.15,1080.59,0,0,0,0,3,3,20,38,,,-1.15,-30.12,0,0,1,1,CPMM,,,,,,,,,,
1791624748,Hp6sG21D3Cpz7f6RCbaEFPMupHQz4bcpF5xUgNBrhSiq,CMO,8VFBSM3Riy1SNTz2rByBdFPU5DuQqqiSQzKSsjrF4TXb,pumpswap,1791328534,0.000003089,3086.39,2996,2996,0,0,25.65,221.54,0,0,0,0,0,1,2,8,,,-0.02,-4.81,0,1,1,1,,,,,,,,,,,
1791624747,FmybF8WBgdCuk1ZYrLQsNdFkauiU23Z8wD8QXoXupump,FullMargin,8LXqhybMxAKUtJTrQ8LCda6Z397NdrrTtYdNLoeakark,pumpswap,1791343844,0.000003537,3923.92,3406,3406,0,0.84,17.86,88.01,0,0,2,3,26,26,103,106,,-0.03,1.47,-2.06,0,1,1,1,,,,,,,,,,,
1791624744,8RKs6L9hXYz3LJqRXP4aP7hGrVDNPjPAMpTrYwW9L5st,MINE,CH6QPr5kZFsw7idJFgwC88fpGk38877je2ZbkS12V6pL,meteora,1791342468,0.0001300,4455.1,2719,2719,0,0,23.05,251.3,0,0,0,0,2,5,8,17,,,-0.55,-13.12,0,1,1,1,DYN2,,,,,,,,,,
1791624746,DJHQJEZcPkyTv3AfVjXs7rNVn4pwNEwcVf6epZXUpump,Unccat,Da8gi1g915sumnAwmwHuCNbCgemTRwNArca3vZjJgEEe,pumpswap,1791342991,0.000003208,3329.95,3089,3089,0,0,3.78,20.95,0,0,0,0,0,3,1,13,,,-5.11,-7.7,0,0,0,1,,,,,,,,,,,
1791624744,87UNUJn5Mu947FLu14nPHjw7gFPHpNsYS6bdzJKeRJ1p,FIX6900,ESP1yPPg7YvxJ6tmBDNijzip61sgLSMw1FwaX4yxcb6q,pumpswap,1791344390,0.000003475,3434.66,3223,3223,0,0,0,240.08,0,0,0,0,0,0,1,6,,,,-15.93,0,1,1,1,,,,,,,,,,,
1791624744,7S9yXATuo8jRNxdiP4csD5QdmZarSLZmGBKZ4s7abwN1,odin,EHeoxRzf2fh1vwyCCWCB4mS2r7e6cwmWErnzED5N4gUK,pumpswap,1791345510,0.000002231,2233.72,2109,2109,0,0,0,22.24,0,0,0,0,0,0,1,4,,,,-1.86,0,1,1,1,,,,,,,,,,,
1791624744,77NRUa6sV87enFNmA1PdMJfaMoD1Nw4Yyh9PYSaFpump,WIKIPAD,akjVRzFkKAVwLHgAoZuUHjN87HRPQpvrpmNpQwmZ86G,pumpswap,1791345655,0.000002517,2497.81,2407,2407,0,0,0,0.55,0,0,0,0,0,0,0,1,,,,,0,1,0,1,,,,,,,,,,,
1791624747,GKboyzRdB93iEpfr6Gjs8A2wXe7Tp4kVD5WwkNfepump,TANG,Fd2JgWzgt5ba9WbnJnRqNuf9NNTTu6eMHWpFpEWwyPfQ,pumpswap,1791225821,0.0004034,61853.58,382481,382481,0,2798.85,24681.04,89706.18,0,0,16,14,187,78,547,260,,4.56,-27.25,-37.5,0,1,1,1,,,,,,,,,,,
1791624744,8X49BHxGXYh1yhfdFHuoraBB2bHwC9sb23mNDhZupump,NIB,9GRQGESGFenL4ECAVprUhqSaJFaw8cuDjmACMHFGE6y1,pumpswap,1791345235,0.000002258,2311.68,2117,2117,0,0,0,12.03,0,0,0,0,0,0,0,2,,,,-1.66,0,0,0,1,,,,,,,,,,,
1791624748,QbWtMY6hwnX5JtiRi1n8CziEmT6dmtL4BLPqGwxAV4j,COW,AYEu3qCKYjZN4PrvcTaEwuXgwHA4heXW8Y5BLH4fzP88,pumpswap,1791347949,0.000002725,2697.81,2562,2562,0,0,12.61,55.52,0,0,0,0,0,4,2,7,,,-6.74,-7.29,0,0,1,1,,,,,,,,,,,
1791624746,DvzmnamYWag5MpZzLEsVPARLHVkxng2jnCGrZuVEpump,FELIX,FgxyjUCWHGnh3pc1erZHHYxUMbxu3VbXZRfkUfDqMMPb,pumpswap,1791345629,0.00001056,7333.78,10017,10017,0,0,261.78,4514.23,0,0,0,0,0,4,35,34,,,-10.7,-33.46,0,1,1,1,,,,,,,,,,,
1791624748,HzReQA8ee2VjfkLGBvBV7EXYFJVUmAaWCFZFRcCUpump,AxeCat,HN2unQzjxybXY8CZ5nuPEZHHo8B8Cgy4wqHDT84QThra,pumpswap,1791347718,0.000005767,5006.31,5529,5529,0,242.25,945.34,10461.16,0,0,2,4,13,19,131,142,,-9.13,-18.47,-58.55,0,1,1,1,,,,,,,,,,,
1791624744,8n2BE3HdAEmLgXsWyVt2q5wBygrGmuzH87Xh46kCpump,Si27,X7aEa787BBwNpfRSWmAKnwdmXszAHXiAGmZWiM576vg,pumpswap,1791366802,0.000002980,2944.56,2881,2881,0,0,8.2,39.64,0,0,0,0,0,1,4,4,,,-0.8,-1.97,0,1,1,1,,,,,,,,,,,
1791624742,2tjcqGFnUjQYFmqa3iC7915VHxmvPjSM5WR1qwDApump,ELONPHIL,9JpVdgHUzJ3yhfxXazofvBJNrhw5ZQiM8yYVfSXAm8aX,pumpswap,1791366790,0.000002759,3053.56,2706,2706,0,0,0.06,56.04,0,0,0,0,0,1,1,6,,,-0.44,-4.56,0,1,1,1,,,,,,,,,,,
1791624743,5jE3vuAV9xcjUsMRaZdk69LULRTkmt1os6sNpBBjU658,Mongo,BffxqaZquanLeu87c2kExbmHEJfLvmTz1tqucL33EfuD,pumpswap,1791367485,0.000003019,2907.45,2849,2849,0,0,113.83,148.51,0,0,0,0,0,1,1,5,,,-4.99,-6.82,0,0,2,1,,,,,,,,,,,
1791624743,5NervA6LyRtqeacVug3wint61ExBJn2paE7xG3iPW9Tv,GACHA,EY9vcdftPaR3V9ezK4XAmGRERkupHtb4pRWC8nRSmSvm,raydium,1791330169,0.00009001,26763.22,90011,90011,0,0,131.86,4186.45,0,0,0,0,2,2,16,19,,,0.83,-24.88,0,1,2,1,CPMM,,,,,,,,,,
1791624742,2VYvcfZNiQmFNFT9DAVtDDyHEZK7D743JYmgSpBPpump,PPAV,2or8ATkUjDL7pTXs8ncW2PVo4oeZMtgWnbDuHgbfaw6p,pumpswap,1791358862,0.000002651,2692.55,2611,2611,0,3.83,175.37,616.49,0,0,6,5,114,75,366,219,,-1.07,-16.23,-0.43,10,1,1,1,,,,,,,,,,,
1791624746,DDGaG24dubWq1h8iULGYkgTbJbYg7rwaQR9NUmiGpump,EIN,AA9bkEEGJSKyZ7nCPj5VgqEHr78XoPsfQ6J1EY1XdZi5,pumpswap,1791372161,0.000003575,3408.8,3406,3406,0,14.28,137.99,577.74,0,0,0,1,1,3,3,16,,-3.23,-3.47,-34.32,0,1,2,1,,,,,,,,,,,
1791624744,75CDpEJgiXHjhFha7yefaDH21svJhq68aiaoQ75TBQyM,RANDY,8xhU7AqPpJPcdPEiuNyX2ELYT3iVewfGje4k4huzXXP6,pumpswap,1791378958,0.00002625,12346.81,25069,25069,0,530.34,1480.72,19870.04,0,0,4,5,15,11,233,229,,-6.51,-0.65,47.92,0,0,2,1,,,,,,,,,,,
1791624747,GivbRJhQfNS3NPq6r9gb3qyhq1fumRs8Zfd25XuvbmgJ,RLC,14N2Qjvter9doKs7DdvVQfWx4yabo64xqsFRCpvgZQCQ,raydium,1791294544,0.8901,889237037.27,890127088,890127088,0,35200,79421.92,218290.7,0,0,1,1,4,4,12,12,,,,,0,0,0,1,CLMM,,,,,,,,,,
1791624748,HhGnytP9WdwTF2iEmVmjXJppbXjSS7q1hquMt4RGpump,BOND,GPZFDYddG4XomjunR76ehKj8y5Jdfb7camGJ6QpoKboz,pumpswap,1791408313,0.000002262,2279.64,2185,2185,0,0,0,12.62,0,0,0,0,0,0,2,3,,,,-6.75,0,2,1,1,,,,,,,,,,,
1791624743,5Qp2CwEHHNgjvuCEcqFsCfPq2C5beGpMSYgNFoBdY3Jx,BEARY,AUKv5bH8eWVSSZhBcHioP92RwL4z4BCLaLdYHbueEh5,raydium,1791406282,0.00002080,13493.87,20807,20807,0,101.97,228.25,1147.69,0,0,3,3,17,12,63,27,,-2.71,-5.34,2.05,0,1,1,1,CPMM,,,,,,,,,,
1791624745,Bn7ga2URqhCaT23HfLRZNHhVBpxxhycVdUSQAVpYpump,DMT ,CDJTjDU7r2DBNxFj1MtNxPHxwQKEGJtGdkbLj7TwTLyb,pumpfun,1791404967,0.00001410,,14101.97,14101.97,0,64.35,1422.75,22065.5,0,0,0,1,14,16,170,172,,-1.92,-10.57,-1.97,0,1,2,1,,,,,,,,,,,
1791624743,6VfJqDpfz1yH14Tisw1cKrzbbKDS2vuNyLwF2RNqpump,doxxed,FUt6Bkuu4adQ6UB8HMyEHeVNSXhbdHK3om1Nm9CodZkb,pumpswap,1791406890,0.000003188,3286.13,3076,3076,0,0,0,38.87,0,0,0,0,0,0,1,11,,,,-3.33,0,1,1,1,,,,,,,,,,,
1791624745,ACLfqG81XNn6hyisGmxXePST9MYbr7ytNvkitr84pump,TRENCHCRAFT,7bb5jt7Du1msvaRN4vRVLxiZvo6V8yT3uUaJT7YDjzGc,pumpswap,1791409763,0.000003555,3312.11,2725,2725,0,0,0,30.18,0,0,0,0,0,0,0,1,,,,,0,1,1,1,,,,,,,,,,,
1791624746,DbjKCe4y56gJyiMxnka76J6HYiQgXc6TaZmUcw1tpump,HUGHOG,5PB8aHdYt3nhD2MVFgqfGg4yPHHPGk8jvGrYzcYz6bMQ,pumpswap,1791404412,0.000002430,2428.6,2324,2324,0,0.41,8.24,52.35,0,0,1,0,19,17,99,54,,1.27,0.45,0.8,0,1,1,1,,,,,,,,,,,
1791624745,BinxXp681bwTymTZEDdewimrkgiQMZiR9hBiFNaqmfXc,KFX,DVZRJDa37XU14u1wKe4mG47i3RXqw4RRUhXo6PsKgPhP,raydium,1791393863,0.0001077,11436.65,107725,107725,0,0,0.1,0.43,0,0,0,0,0,1,0,3,,,-0.01,-0.02,0,0,0,1,CPMM,,,,,,,,,,
1791624748,WLDTE73PPdfFFjhpBz8Yuhvx5N45gvgEgyMXqwa3rFn,WLD,75q2mxtoFGF352jTvsfgE795XKjFewRi3hbdCU4f6Ypc,raydium,1791407815,0.5520,55246.86,497078,497078,0,346.43,21488.49,57200.04,0,0,3,8,195,146,576,437,,-0.23,5.88,11.28,0,0,0,1,CLMM,,,,,,,,,,
1791624742,4TYZirGGN2PkbjV3jeNNGZdsHev3pTfy5vexENMJpump,TREEPAD,EM5RfnvvjngRJn6ZR2cGxsiXo2yuvfzuaQ9zXnnwKsGe,pumpswap,1791409828,0.000002977,2871.55,2787,2787,0,0,0,20.16,0,0,0,0,0,0,1,4,,,,-1.15,0,1,1,1,,,,,,,,,,,
1791624747,F8TgYKeiKqmipbk2X6XchYKQeHHeEkL2EHZaMZ5EiDRE,XP,6GWnXb2B1x1gPdm55sTo56YDqXMyLdvA8V1mL83dkA8j,meteora,1791407490,0.00001475,11549.04,14721,14721,0,22.47,443.08,7482.54,0,0,1,2,9,10,101,101,,-0.13,-5.96,-28.22,0,0,1,1,DYN2,,,,,,,,,,
1791624745,AinufyoVUdPwf3KQCpAtLvZYoA2MTX5WwnFzT62Rpump,QUANT,32bsyVLDyYpnUKywnTALqa9YpUfWKHAySbNXaxoAExWN,pumpswap,1791429562,0.000005549,4680.21,5307,5307,0,0,11.34,2670.58,0,0,0,0,0,1,22,41,,,6.54,-45.33,0,0,1,1,,,,,,,,,,,
1791624747,EbPspFXCYx7QVAPmL1UBD1SZ7E5PjxLvHTGUcheJjkqo,GOMOCAT,FcssnrQRisnSfk9MZFNCz8RyxUbpdqmdZV8d3BQQYwGy,meteora,1791203930,0.00002972,13663.83,29722,29722,0,1155.38,4731.28,17634.28,0,0,12,9,61,36,235,139,,5.15,30.46,83.86,0,1,2,1,DYN2,,,,,,,,,,
1791624748,e39GZrAh4t1XazuQAELFKeGteoPmnxzKZzCB6uQpump,PAYBACK,BZJYVTWgpcT2y7Mk2vbQ3sJoboHtS5xnTpY3hJZ1bEq4,pumpswap,1791431281,0.000002990,3101.3,2780,2780,0,0,4.51,250.42,0,0,0,0,0,2,2,12,,,1.04,-15.89,0,1,1,1,,,,,,,,,,,
1791624742,2WNiZqRefcndEA9c1T6A1bdie31pbBGdFQpyR52h9TWr,BUNKER,3UGeVuMzWAjsXnHfZnqEFBCviZczxXBGEVtDsZCF5aqu,pumpswap,1791453278,0.00002595,12973.76,24664,24664,380.86,2467.66,14027.13,283493.22,6,5,36,43,172,155,2192,1974,-3.08,-21.33,-48.93,-72.19,0,1,1,1,,,,,,,,,,,
1791624748,gwjkLiDxsP9oPmAqHaJZpDBRePYxmxJSv1LwpTQpump,Pumpcord,ER8NYAjbDKBvTgu7kVutqKqjvYD26W5DEqhPAA9kbezu,pumpswap,1791452067,0.000002870,3415.75,2802,2802,0,0.09,0.77,222.01,0,0,0,1,1,1,3,14,,-0.94,0.19,-14.23,0,1,1,1,,,,,,,,,,,
1791624743,5RodQQJ5e3kv4z3E8P8E3wo79fSRZBRr43Ht455hpump,HFAI,AnLe3U6R59HyEfo3oTiZscqJ2Q18JepmUiEQrbvcVnmb,pumpfun,1791139671,0.00001689,,16895.55,16895.55,447.65,860.82,868.82,1687.33,9,3,11,3,11,4,30,19,8.89,22.33,23.66,23.26,0,2,3,1,,,,,,,,,,,
1791624742,4KwgWX883tz4CDQH6BKTD4vZaYFXanvXNvkypNAVpump,ATFS,HCzGiZkg4fncKEtbQorrjke28xFeUFLrEKfLzMJjtn9y,pumpswap,1791421940,0.000001939,1964.98,1940,1940,0,0,0.48,0.48,0,0,0,0,0,1,0,2,,,0.43,0.43,0,0,0,1,,,,,,,,,,,
1791624746,CN2hyxJgVbcnTC7jDhXuoJhZYA8aZ82LYwjM6MbU1Sen,DICK,EodzsjuN6SQFew2aA94eS4gw1scT8WJFkyXRwtV32hcB,pumpswap,1791460714,0.000002704,2725.31,2496,2496,0,0,0,22.41,0,0,0,0,0,0,1,4,,,,-1.26,0,1,1,1,,,,,,,,,,,
1791624746,Cr8kuNqKwiVVuzqLYKcJhmpSHy767837BwLFr9GDYXUf,b,44n9abhJKqpVUXS3rKgNo3YKqiSqu8zdyf9BgUyujRQr,pumpswap,1791459767,0.000008452,6577.97,8214,8214,0,240.46,1976.55,2202.52,0,0,0,6,35,11,50,26,,-9.7,31.08,31.9,0,0,1,1,,,,,,,,,,,
1791624745,9qtTK7WWYSwT26angJUbuhVAe1QggTKhwaYR8H6w1Qx9,NOOCCAR,FvJ9F1Br35m9zBSdGEx7yE2vQoMFPenKrzzqaULR9qLw,raydium,1791401148,0.00002689,13136.44,26899,26899,0,0,85.98,4030,0,0,0,0,3,4,25,39,,,-4.36,-33.57,0,0,1,1,CPMM,,,,,,,,,,
1791624744,9AALmABCJjvKmaKBbSZZLYLeBsshphC69eM3DVJCpump,LUDOR,7dgSzS3qNf9n7Vm6E7eWEDqfsxrrnKaroQDsAaahAt77,pumpswap,1791462284,0.000002343,2332.59,2227,2227,0,0,0,15.97,0,0,0,0,0,0,3,7,,,,-1.84,0,1,1,1,,,,,,,,,,,
1791624742,3cdaNw1CEJqwZyZh3DDUFadeyRUMbfMwWtaxnjerpump,USDF,GJ2gLk6WTKqdg17s8P7hNPxRn6LdBvrMgDdqu4qWu4U6,pumpswap,1791460772,0.000002148,2170.31,2148,2148,0,0,0,222.62,0,0,0,0,0,0,3,2,,,,4.18,0,0,0,1,,,,,,,,,,,
1791624748,JCpw3cNBc2hvkkMJEKCSPN2YakKnNxqNmQ5AE6XJpump,PENGUE,4inC7Dn4ZqPpE2uxK4yRqmpHcUemvriin7kNQVNr4KNF,pumpswap,1791459561,0.000002869,3443.89,2784,2784,0,0,0,40.17,0,0,0,0,0,0,6,11,,,,-3.36,0,0,0,1,,,,,,,,,,,
1791624744,72h5pR8EFDKdRw8s2nfvxWV6HeXBrgELmnYV964VHqDU,GOOSE,FWV6Z3BvjhFC2W4tNBUWGf5rCjuxDKEC8CVuwEVrQJVX,pumpswap,1791459052,0.000003683,3623.33,3573,3573,0,53.18,56.2,3974.56,0,0,1,0,2,5,34,74,,10.39,8.83,-29.35,0,0,0,1,,,,,,,,,,,
1791624742,29Vp6MThvxvSNuwtii3agTwaXcC4NGqqekAoYAX657E4,[cat],4FpNtqL4KqKJzFKvUjtMoSJ7ApmEnS5cK51GiRR3azo7,pumpswap,1791454900,0.000004414,4312.9,4267,4267,0,0.39,455.32,3719.86,0,0,0,1,9,8,67,76,,-3.99,7.75,-44.16,0,0,1,1,,,,,,,,,,,
1791624744,8ZCmwpW3MtC5UpNcZf7U4HMvRNTo71syU11BDiAFpump,Gary,2uZuTQEjcXcR1ESwMdGTpqEwM5PCekEwrSNVRPc1EhS1,pumpswap,1791466106,0.00009846,31072.19,97886,97886,1613.45,22274,127331.89,1779712.11,7,8,122,113,781,545,21371,13153,-3.24,-4.89,2.21,-92.79,0,1,1,1,,,,,,,,,,,
1791624746,DRDEKFoEqf4y5C6z3FEPpsNrmDRSqNajvhPgs8KHKbsz,OMARCHY,DjqmfHfybyooqVJSJAnkqvZMARTLzoaf8Ze44DoFm4Mj,pumpswap,1791464555,0.00001315,9197.79,12884,12884,0,156.59,948.82,18293.62,0,0,0,6,17,24,271,270,,-7.57,-9.83,-30.98,0,1,1,1,,,,,,,,,,,
1791624744,8Wtg9wQCuDVLrQqH8pw2yKyvurmrjEeFcp9ysdDKpump,MINESTOCKS,HTFaPY9rYmFiSfLVUXVjqmTs5KYTtqWjoABHJjxNAtMX,pumpswap,1791473097,0.000003022,2907.93,2538,2538,0,0,0,22.76,0,0,0,0,0,0,1,10,,,,-3.2,0,1,1,1,,,,,,,,,,,
1791624742,2bN9YoTKiejNonS4Q1EjhypvRfndZLEiYJZUHLwYpump,PANDA,89QZ1Y8EAswxM39uMh35UJ1eRJdjNkUnNcWYx5bk7adh,pumpswap,1791472766,0.00006801,22827.79,66890,66890,102.15,614.87,4719.38,89536.23,1,0,13,9,64,71,1405,1226,0.76,-4.54,0.35,51.11,0,0,1,1,,,,,,,,,,,
1791624748,HGWNoTg8GHdyjfRamaaVpKmXoZYhYmB4gHP1iyftpump,ZERO,46eJ5cSpTXxQLPAXvnfWKWFGejyzfCGc7vrsKBiSgzHZ,pumpswap,1791479725,0.000002496,2475.46,2397,2397,0,0,0,380.43,0,0,0,0,0,0,2,19,,,,-26.87,0,1,1,1,,,,,,,,,,,
1791624746,DZQbBPFpTeeyGyvCwXxYQDZFGGHad2bY6sWZuviuX8MN,Altruists,Hpjzjed5Zi6qodv4NgswZYycNe3bxtda3UFU2ZU5AuxY,raydium,1791470923,0.0001367,36055.77,136711,136711,242.05,5900.3,26862.68,306398.86,4,2,58,33,229,221,2600,2135,-0.02,-2.03,-24.94,89.42,0,1,1,1,CPMM,,,,,,,,,,
1791624745,BdXfLfcbDE8YvpbvvmmGTduqcDesaQVUm5xLxgUc2S5t,texcat,CzcFVsc2hQvf1ZwU6ya2vRF7g29aNu4nNrHw7JVVD3Vw,pumpswap,1791471606,0.00008183,24140.29,79469,79469,0,1616.97,3786.81,39544.41,0,0,14,12,58,36,525,402,,6.99,50.87,-15.83,0,1,1,1,,,,,,,,,,,
1791624745,AqmPAcCeriGA6TAq2ZUsowAeWcktZ7VVrYsjAA1zpump,HALLOWIN,GHq75AdCfXJSqfMQJQqaKvEbDS7rkgWqXRaQgx14E2o,pumpswap,1791470239,0.0001411,31224.43,137512,137512,0,0,223.75,15236.54,0,0,0,0,5,5,150,125,,,0.22,-0.95,0,0,1,1,,,,,,,,,,,
1791624742,4QdbyFbAWvRQSz8qrxB5pZiS9BXUqmPKYCSkTu2Fpump,BCAT,AEzNPGyspR9MBHqHpmu2gWejf6rvCAnf2jd1jMgNLKCP,pumpswap,1791479165,0.000002414,2515.23,2381,2381,0,5.34,40.26,149.49,0,0,9,2,79,38,213,101,,0.42,1.92,6.03,0,1,2,1,,,,,,,,,,,
1791624747,EM5oiqCacm6PvakBb2TTGAKeHaqkzUeSfGZGPH4BYv9X,KOTH,BrtyvF8cRZFbtVmYLVNDBT6jVG7djzRb3DuTtgGEomge,pumpswap,1791485042,0.00002475,12216.3,22052,22052,169.22,354.32,939.26,24204.27,0,1,1,2,11,16,248,164,-2.45,0.06,-13.39,-39.49,0,2,1,1,,,,,,,,,,,
1791624745,B4NwYWpvY5LmCvURhZ9bwhcxWCDDhW4ZqihP8quantum,Quantum,SiN1S7Vbg496tQJPZTy2ugnn8c2mrPcgyy5uWRN3yHg,pumpswap,1791487811,0.000002541,2511.03,2367,2367,0,0,0,4.94,0,0,0,0,0,0,1,1,,,,-1.32,0,0,1,1,,,,,,,,,,,
1791624747,FeMg8o2Ek7zKWT33MfdfwXrPoMdgqyXYPjTLWvEr34XF,Instagram,FRnihpALpeD2MMmUThF36X7rWaAxfAg5Dx1N8Fsf1TTC,pumpswap,1791489311,0.000003306,3301.45,3208,3208,0,86.15,550.31,8369.45,0,0,0,2,2,7,111,158,,-4.84,-19.15,-41.26,0,0,1,1,,,,,,,,,,,
1791624742,4FbMtwhidkyyzJLrAVLkCbRcdGdszyp3ygecYZBEpump,TRUCKY,5dEeCX2VC4RtZ8igVEsX61C7RZB9d2oNcLxVemBguZ5S,pumpswap,1791486503,0.000002557,3098.23,2502,2502,0,0,0,23.68,0,0,0,0,0,0,2,5,,,,-2.73,0,1,1,1,,,,,,,,,,,
1791624745,B1EtRYN1CFZA565g8ok5gnNRipgi8gprJRpugBEzpv8C,4CHAN,qF7QVCpFqZunLng25wbTwCfahtRH7KB4axkSgK3HejG,pumpswap,1791486223,0.000002831,2806.96,2707,2707,0.86,0.86,0.86,823.48,0,1,0,1,0,1,11,19,0.76,0.76,0.76,-23.22,0,1,1,1,,,,,,,,,,,
1791624745,B7wApX19fLqadidJzkBDuwpaazjHN6zjT5WxDufMpump,BOYS,ALH47fZernW8B1moexuVZdGrKqrxYDhZxhAKnHiis5gt,pumpswap,1791483552,0.00001627,9290.15,15435,15435,0,165.54,338.81,4970.52,0,0,0,1,0,2,38,54,,-5.92,-8.27,-21.91,0,1,2,1,,,,,,,,,,,
1791624744,9Hcksg9o6oXbJWN7FTAL2HFrvknqTzmmNybBYP4UA6cP,X,4gDGuPFs8DxS9srSEUioiGiKFSgawQhWm1ebygv6aAzq,pumpswap,1791487223,0.000006976,6206.5,6704,6704,0,0,64.99,11860.9,0,0,0,0,0,10,130,167,,,-5.15,-36.71,0,0,1,1,,,,,,,,,,,
1791624742,25UjGzzVKSKnHrtrnZ6xJUSYyv4GTJ1eSSgWmVs6pump,Instagram ,EeGok64zvNaNyAzocRHuYKpYqFhK18PDSmQxqFNQi7cC,pumpswap,1791489427,0.000003767,3507.42,3619,3619,0,0,0,251.92,0,0,0,0,0,0,1,12,,,,-7.8,0,0,1,1,,,,,,,,,,,
1791624745,9oxWMhM4QN1hLGNutaTFcBjMjJce6QxrvVxAcGW6pump,Pack,5boXyCRb4ScZMw9uBj52YVQTR2GzJ1hBNxb3Ys9nph82,pumpswap,1791488386,0.00001208,9731.28,11770,11770,0,104.85,921.04,27237.52,0,0,0,2,22,31,525,723,,-3.55,6.27,-71.31,0,1,1,1,,,,,,,,,,,
1791624747,GQD8RSBqZL1B56d471UZqLGzSpmy6XYESHYSacjpump,GAMBL,FzuE9M9gEqbTSq5wQHzJXuS9cHd7V2DoCcE3JhdcRkXL,pumpswap,1791489186,0.000002641,2738.9,2562,2562,0,0,0,26.24,0,0,0,0,0,0,1,3,,,,-1.94,0,1,1,1,,,,,,,,,,,
1791624743,6JqMeqVN43dyP7Wp88CqPDv6XXAK7QueSbQYkF6npump,ACRE,GfpH2AcA7CTwfDQgx1FgkNtyLVGHjsD7fT54C7v4iWUp,pumpswap,1791488639,0.000002322,2312.79,2208,2208,0,0,0,7.51,0,0,0,0,0,0,1,5,,,,-1.48,0,1,2,1,,,,,,,,,,,
1791624746,BwBU7KVXigH7DKunJynowQCQ3oiEuYv26f4A2F8tABR4,TIKTOK,2MsJJKvDjwDvyVk24381yDXZDFDMtEbJWsHZBsrMcqj4,pumpswap,1791489543,0.000002113,2115.54,2013,2013,0,0,0,542.43,0,0,0,0,0,0,11,5,,,,-5.49,0,1,1,1,,,,,,,,,,,
1791624743,6X2pmNXuzM7DCk1raQh7rChkon5jFmGb6usRECKcpump,PVE,HoP9b9U8TEoUPGbLUgJyAfqwiNvS8aCAeZoMthpUw8Mx,pumpswap,1791494941,0.000003596,3345.04,3493,3493,0,0,83.26,91.38,0,0,0,0,0,1,1,4,,,-2.72,-3.44,0,0,1,1,,,,,,,,,,,
1791624742,4sN5ek6KwNH39pgAusxz29YtcRBqvWH9baCUnP4cpump,Schrodinger,5zhrypzzWDif8QGRxPeioVgf8t9KL5uUbidF3cYa83TS,pumpswap,1791490733,0.000002118,2223.28,2091,2091,0,0,0,597.47,0,0,0,0,0,0,5,8,,,,0.64,0,1,1,1,,,,,,,,,,,
1791624743,5dbFWnPbq8f3n6LyC8n1NL15h2ube9m5TBWcFWRDpump,Dip Slayer,F6nrJiStPYmD9riYd28xmN6fgEg5B2ZU3kMYsZfioSXX,pumpswap,1791493338,0.000002141,2283.01,2104,2104,0,0,0,9.22,0,0,0,0,0,0,2,9,,,,-0.98,0,0,1,1,,,,,,,,,,,
1791624742,33iwq9DawwqZ2GGhKHXfotvGm7fdLQ8Tp77vs6JLpump,AI,AWmJUMXGpzjx6W8cVVjvNCQm72eirRgLEDUM13yvDmPZ,pumpswap,1791493291,0.000001955,1985.09,1947,1947,0,0,0,4.28,0,0,0,0,0,0,0,1,,,,,0,0,0,1,,,,,,,,,,,
1791624743,4yPGUUVNcYBuaQcFnV8uB3yax1ggeJ6EFUjnmGaEaGQN,BBC,BGkFicrtMfeHGsAK1gBeorVofWTNCbPrsGWJU8oJUPFg,pumpswap,1791496295,0.000002389,2377.28,2235,2235,0,0,0,82.74,0,0,0,0,0,0,3,15,,,,-0.53,0,1,1,1,,,,,,,,,,,
1791624748,Y9ccqrALa5Yr3Bxzv8NQe37KP1Yy9uTCSJuap4Cpump,Animal,CtXjkU4MhXomKsQ7ALkfoBS5fwGbQD4magA2UNfMeRmi,pumpswap,1791491570,0.00008763,27654.2,85180,85180,45.13,2096.07,32307.54,406136.62,0,2,14,27,266,282,2826,2630,-1.08,-1.13,-36.39,-27.38,0,0,1,1,,,,,,,,,,,
1791624744,7CWUYu169uBLva1PEjWXG2m12XU5nFe2dR454FmCpump,Alcebíades,DuRPwnbfqetce2RjfnkovG1ukL9jeJUEDdmWSjuhWy4A,pumpswap,1791495943,0.00001424,9124.45,13912,13912,0,317.28,1228.54,24814.34,0,0,4,4,15,17,221,285,,0.64,8.98,-52.8,0,0,1,1,,,,,,,,,,,
1791624746,D5AXU5oeeenZcY2b87h3vwkn3bsQxf4EspbofBMupump,grubber,9n7FrTSzqP1nTbZeahCkHYht3vo6QuZips4ch6nHV1tK,pumpswap,1791504024,0.000002328,2313.93,2167,2167,0,0,0,4.65,0,0,0,0,0,0,0,8,,,,-0.26,0,1,1,1,,,,,,,,,,,
1791624748,HFb7YSnKaFJLyGq5BVsYSTWHbkDRPmP2j34KwHp6uH2o,H2O,GpBtyy3qE7C7KvFMzieXHyuQucT9Tyg8Zxxz2Q9TNTCP,pumpswap,1791503442,0.000004312,3965.28,3686,3686,0,0.51,137.39,1159.6,0,0,0,1,6,5,38,56,,-0.08,1.62,-30.77,0,1,1,1,,,,,,,,,,,
1791624742,1zSCq4P13fAfFZ2fqm1uBKfE9tX3nqHx1Sm1u8Bpump,COCA,CXs1YxnHXNqxKo77mHHaLWmZ3d2MTjnYu8CDoMrty1Fj,pumpfun,1791502564,0.00003237,,32375.49,32375.49,0,0,125.15,2735.89,0,0,0,0,7,2,156,104,,,1.66,4.57,0,1,2,1,,,,,,,,,,,
1791624747,EUDqn3D6PdFdPJoWz7qqohJntquwHnvy63qZjFEX7Nzj,Clanker,8nMbM4gbuMxfkKcFmt7fEuZmzLWuXmdQ27gcC4yNivwk,pumpswap,1791502311,0.000006139,4989.05,5509,5509,0,121.47,123.64,12951.22,0,0,0,2,1,2,124,134,,-16.72,-22.23,-57.35,0,1,1,1,,,,,,,,,,,
1791624745,B3wB91NRRW7XzssWqeMoDpCGCdhNvMNb9ZSWXfKrpump,SC,BwQva2dXcsG5VZ7fixaWidFqpHUhip8FwAzKSkFsENV8,pumpswap,1791502663,0.000002268,2476.77,2233,2233,0,2.13,10.69,79405.32,0,0,2,1,9,6,1635,8922,,0.15,0.74,-99.04,0,1,1,1,,,,,,,,,,,
1791624745,AdYYicVan8uUPv5YMaqoSNKPPSmZvSNphMuBewqHpump,Instagram,DkyLqCVDt2iaAt1gUQjgGsqnaUbLMMb2F4Mcd3URD9m,pumpswap,1791501884,0.000002266,2447.32,2234,2234,0,0,0,19.77,0,0,0,0,0,0,0,6,,,,-2,0,1,1,1,,,,,,,,,,,
1791624742,3n51PDRJaKKJQyFA2zeqHNKvMavTsbd8RyoAJcHPpump,MASHSLOP,H3YPYNeUfdC6V3V9aYJYETgKMMZoNgZDnYyPiZo3YMZ2,pumpswap,1791559044,0.00003150,13722.06,29947,29947,0,47.54,4031.95,113278.63,0,0,1,1,44,59,1138,1021,,0.21,0.93,-30.87,0,1,2,1,,,,,,,,,,,
1791624747,GZw6DzcXJceAysSu2BoCf4vT2T1p4jbhYbzEShabpump,UNHELPFUL,59FVtDkrUQNro4mhEAhMbAaKvVQ5xTpoRf5K1zWc3U55,pumpfun,1791128433,0.00001818,,18183.43,18183.43,0,0,0,14.13,0,0,0,0,0,0,1,2,,,,-1.71,0,1,1,1,,,,,,,,,,,
1791624744,7sgVRpjXhLzUpkah9gAHeb6NLZLTAUAetFSYZUcCpump,Official,58rDnwsSQ8vfqe8AbqcBDqWhmAkh2xqZdHjFnBKx4Q3P,pumpswap,1791497921,0.00001096,7650.23,10751,10751,0,0,199.14,4023.01,0,0,0,0,0,6,40,95,,,-7.62,-24.96,0,0,1,1,,,,,,,,,,,
1791624746,DNtZMNDZ65hAJbJXRiP9NnV98ZTrwLTEJZ78fWKCpump,CatTok,EVt1zLevdLQZKzNpYhw4cxAjArsKnncn8numzwMBgPAg,pumpswap,1791490840,0.000003415,3390.36,3358,3358,0,0,183.44,1824.26,0,0,0,0,3,5,49,32,,,11.29,7.3,0,1,2,1,,,,,,,,,,,
1791624746,DQpmkWRMetuPVaioD4GYxsDsdm9VLWohWuMW85Dqpump,kumo,2GpDg6HaKpHBGFBDPY8ocqktLaPTvNKqwr317wTFAs3f,pumpswap,1791509622,0.000007661,6200.25,7381,7381,0,45.93,1717.72,85468.59,0,0,3,0,19,43,996,978,,-0.46,-44.81,-86.95,0,1,1,1,,,,,,,,,,,
1791624744,9bvuMWQt64eJ5whDPsjwH8q6P1PwaYPnNqj5cihCpump,Attention,FcSeXyN4QRxti3uzkwZ5RKSeY9HZM8bdcBanmXft2j5,pumpswap,1791506099,0.000005976,5289.51,5787,5787,0,0,118.6,22805.69,0,0,0,0,2,4,254,238,,,-3.59,3.93,0,0,1,1,,,,,,,,,,,
1791624742,4BCyeFuXvHMmqfRAEVPX7ZSkngoMeLCKHRq4Aye2yDGn,botpfp,CVesnAT9b8S9tN78VM8WM8iirSTSGLKKRHRyJCEoGmcp,pumpswap,1791511146,0.00002459,12716.57,23775,23775,226.32,1268.92,9346.34,127460.56,0,1,12,12,117,93,1203,1093,-4.13,1.12,-16.08,-65.17,0,1,1,1,,,,,,,,,,,
1791624746,C9hY38YF9iGRkx4haxEAeVnyDpBvFWwNP1wqP9uWpump,SHNICK,AxpbDQASLMmqFkF7EmLzCVG4zYFNwq7CRPFbjPGaj7Jm,pumpswap,1791517771,0.00001151,7509.6,10913,10913,0,0,169.64,5574.15,0,0,0,0,4,5,100,96,,,-2.33,-22.4,0,0,2,1,,,,,,,,,,,
1791624744,8riZ4yKezPVNhjqh9UprgwV9kEnKEdMrnRCzyHQ5pump,Restoria,3UjALbQRo4cw1gdNP2ipGkgZPkqz7zwCWL2VCTTJx4So,pumpswap,1791520608,0.000002337,2324.65,2257,2257,0,0,0,9.65,0,0,0,0,0,0,1,10,,,,-1.14,0,1,1,1,,,,,,,,,,,
1791624745,B4kxjbuNHFj1smvSYJark1ucXiiWVXYPmLqfrZ6zpump,Slime,FusPEfrJiQDXGMyL4ZkXKxVmUFe5HSa7sMvaTjAB7wx2,pumpswap,1791529343,0.000002646,2933.34,2579,2579,0,2.05,61.65,354249.98,0,0,2,2,27,14,1585,1103,,-1.17,-3.94,-98.19,0,1,1,1,,,,,,,,,,,
1791624747,G2jemrBPRMZZEG8XHLv6ejyUhAU1AzXy9pgehbekpump,CLAV,GW5chJtaL6gHswVtcyo1Yf7TyTP9V2xTw2zncf3jbkeq,pumpswap,1791504080,0.00003505,15603.16,33444,33444,0,55.63,55.63,872.13,0,0,0,1,0,1,10,12,,27.04,27.04,15.2,0,1,0,1,,,,,,,,,,,
1791624742,2Dx7XJQp2LGdq14nP98swmtUhfhHz8FVs98bt11Mpump,ALOIS,3N91PMvHgu6mntZjYZPJ1f7U8vToWxkpp8zNYtUWkjgU,pumpswap,1791530668,0.00005940,19752.5,56217,56217,76.23,562.44,32302.15,87892.88,2,0,9,3,290,382,810,853,1.24,-11.22,-21.96,379,0,1,1,1,,,,,,,,,,,
1791624747,GmsAcJAFKEtAXDoRUroaQP5GBdmPcGwA2sRdC9Mbpump,QCAT,5FRvUY7Vy1g5ZjXSP2jRH2gp6FxDC6Kww1hr3tAvWxe,pumpswap,1791528864,0.000005350,4622.49,4963,4963,64.09,147.18,704.03,132394.44,2,0,5,4,10,32,1458,1298,3.63,-1.61,-37.31,-89.1,0,0,1,1,,,,,,,,,,,
1791624745,AxgwZQibQrxaagiWYRfrnsEVP1WLoSZkpMRPrAmQcYRP,DESK,CZ6V3YZFb2inZihwnDNBsW56SH9CqBKxSZ1LDzcxAg46,meteora,1791531146,0.0000000006526,1.07,1,1,0,0,0,0.05,0,0,0,0,0,0,0,2,,,,-10.03,0,0,0,1,DYN2,,,,,,,,,,
1791624744,86wS8ztSdskQgEQstkSez8w6R8t19sANC4fN6NArpump,Hitler,B6cVz8hy3qZ6vVuEogEr4mKeBCsS8gbyM2zLpao518vs,pumpswap,1791533078,0.000005397,4717.38,5126,5126,0,43.77,1475.26,116234.71,0,0,0,3,13,29,1513,1367,,-1.82,-32.07,-73.38,0,0,0,1,,,,,,,,,,,
1791624748,YsYxEXCdnHdHpBEXRT8yXvcG4yLLfJt5Y3TppLTpump,4206066,CYPDBxcjty16BgErKk6xkH4xQu4FafMaJZJxdX7yaX7f,pumpswap,1791524225,0.000002517,2854.72,2433,2433,0,0,0,103469.79,0,0,0,0,0,0,601,1099,,,,-97.66,0,0,2,1,,,,,,,,,,,
1791624746,DJfNX864wSrv7eEhC5jzirpHvj1mT6PvBEWWgNMN7Mrz,MIND,3UqbrBpegpNqFjqAh75xDvQrEFBqUTcVcMCFbpSfyKr1,pumpswap,1791532677,0.000002494,2491.19,2380,2380,0,0,15.86,5032.88,0,0,0,0,0,2,91,151,,,-1.54,-75.2,0,1,1,1,,,,,,,,,,,
1791624747,H45oBydxfugAe7Q3fFWMVUbnyDLi24y6gdHAWAmQpump,NVIDIA,ChxnzpoTnm9T4znXWPpxnENyrdfzPwe6tEvkqG4uiRfw,pumpswap,1791532531,0.000001959,1985.43,1948,1948,0,0,0,7.48,0,0,0,0,0,0,2,1,,,,-1.18,0,0,0,1,,,,,,,,,,,
1791624744,6zfAZzucw3zFbURgw9rvUb7mzEWNxyF2nCQSBPDipump,JEANPHIL,6191uHKN2GCm8iLcMHBtKNVTJyYBWr9AVAh6u9CMpQYE,pumpswap,1791532574,0.003390,161358.78,3389080,3389080,2015.94,27094.52,216806.58,421412.58,74,52,1211,521,7447,3144,29543,3896,0.84,30.65,49.15,-2.56,0,0,0,1,,,,,,,,,,,
1791624748,RYgn9uzm94nnrcgpjptNY8PrdTXTGfA9beNWjXfpump,GTA 6 Coin,WHTa6HzMdMkqQUxQoR5U841k9kGpkaNswHuFcDm3tTe,pumpswap,1791532563,0.000002237,2258.58,2226,2226,0,0,0,235.78,0,0,0,0,0,0,2,0,,,,11.99,0,0,0,1,,,,,,,,,,,
1791624747,FoiYZ8PwHKbtSaFbzL7ky4RcY8RZpwkGBTjKYT7cpump,GOOPER,G54qK88pPJr3t4Vp2Gp3xJ944gfhZtRE9Z3nbdx8DLZq,pumpfun,1791538118,0.00005379,,53790.24,53790.24,0,0,0,127.87,0,0,0,0,0,0,1,2,,,,-1.38,0,0,0,1,,,,,,,,,,,
1791624747,GvmVohN3NwkdaBKeP1W4F1miSSQD7xM4NoPTdq1zpump,Grok Bot,ZoaP8nBbhW9JyqbkMTUYTMoREMxHNCD7rdczTNhbBMq,pumpswap,1791537058,0.000001961,1983.33,1962,1962,0,0,0,52140.53,0,0,0,0,0,0,1627,2842,,,,-99.8,0,0,0,1,,,,,,,,,,,
1791624743,5F7NPbzv4PoPsNf4GKbDogG5RHo9mNeeUNnzjcFupump,FOMO,HrrTfNLtnhpUYrqv6N7LcYWcgAphu2aUMHnkhdEBu8MV,pumpswap,1791537923,0.000001469,1524.97,1463,1463,0,0,0,287121.93,0,0,0,0,0,0,44014,44442,,,,-99.7,0,0,0,1,,,,,,,,,,,
1791624749,psCSVPYKeoDqxbmR1dXwoXNgaT5UEn33BWdXD9vpump,Elonhotdog,4rPHKXqCprFzgAGpzEQ1ev6ec96LadyTNkdSJBRhbiTg,pumpswap,1791536141,0.000001977,2012.41,1969,1969,0,0,0,149587.51,0,0,0,0,0,0,17383,18683,,,,-99.81,0,0,0,1,,,,,,,,,,,
1791624746,CBx1aHehTH6JSV8uqmLiegpwcLMDHrs3JMVLqKL5pump,RIBT,HGNmLM4GyNWthT4er95fkp3WXXFQrjd5eoN2yeXyUeNo,pumpswap,1791536036,0.000002578,2803.53,2364,2364,0,0,0,224736,0,0,0,0,0,1,424,1038,,,0.37,-99.31,0,0,0,1,,,,,,,,,,,
1791624744,7c5gyJmDfDc9exmS8X5iVwDVPRDowivKvsCf6UDzpump,Tesla,85xbNwZzgh3j35vdw9ZBgfKKA5uGGkdbDijyxbhYoTqi,pumpswap,1791538030,0.000001964,1981.33,1956,1956,0,0,0,52101.72,0,0,0,0,0,0,4135,5880,,,,-99.59,0,0,0,1,,,,,,,,,,,
1791624748,WUPDEuGgEvsWQobVN4vMT23Lh2vkY6pMext2iKMkDEe,QWORLD,CgTQCoARMttqyJN8Vb9JBWC9LtpG56aqQTtS1m6Bd5D9,meteoradbc,1791539897,0.00004402,,44023.73,44023.73,0,0,0,31327.04,0,0,0,0,0,0,1096,1212,,,,193,0,0,0,1,,,,,,,,,,,
1791624743,6PmiUDd4LdUMMf75yY6CRm4fG9UrGsSQYV58mc94yLts,PQC,9e8vFHTxejcYpnnsRTTS6QdmQJjp1KCssYJVAmU2ZCfs,meteoradbc,1791539922,0.00007300,,73009.79,73009.79,0,0,0,2001.2,0,0,0,0,0,0,46,39,,,,420,0,0,0,1,,,,,,,,,,,
1791624745,9os9vrvzgu3XfK7Pq3Gdr1S2TfyMW9TjaYkKCZeMpump,stack,6XLYjRnUP5ToJRHhN5eLBaiEUms66YCfJSc2mc9T6BTS,pumpswap,1791540125,0.000003102,2988.55,2573,2573,0,0,20.33,56000.45,0,0,0,0,0,1,715,786,,,-1.1,-93.49,0,1,1,1,,,,,,,,,,,
1791624747,Frq74jPwVjmvRiZwjZT9FcaRTHnugjDDWAte9Gcpump,Google,8KoTaxuoq1gX26XDQSnTfqGpapEqWzDWHoH6niNUQnhY,pumpswap,1791539901,0.000001953,1969.97,1954,1954,0,0,0,47704.44,0,0,0,0,0,0,3744,5271,,,,-95.74,0,0,0,1,,,,,,,,,,,
1791624742,2mU1NrQzQL8HE3EgxydD8CWWp34h15TVUECuqyRRpump,GROKIPEDIA,3tAYSJ3FtPTTqcENjpQHMR34MnLiaAdbkzA7SuAMJUmj,pumpswap,1791539934,0.00001593,9205.51,15234,15234,0.28,675.57,2225.7,87933.71,1,0,16,12,46,46,1345,1072,1.15,6.07,-1.57,-65.24,0,1,1,1,,,,,,,,,,,
1791624742,3ZwW1DmGH9qfLM23c2ZVmtVP1PBPrC1Tgc14v4YRTC91,PQC,HgGBuu2fN4JzGxEiL3EjRARTG6B5eM3eZFQUWQEWw5wJ,pumpswap,1791539262,0.000008545,6251.37,8173,8173,50.33,598.93,6048.16,198985.22,0,2,5,15,92,95,2259,1986,-2.47,-18.41,-33.42,-78.32,0,0,0,1,,,,,,,,,,,
1791624747,GsYyeRX5nqh3KqgoWikjRzheTXYZgenNngrHdYZDpump,ARCADE,9bBNSTjT1oke51PuTebuHmCzjK5ogBkhUfCZNeqLMjYU,pumpswap,1791546329,0.000002430,2577.78,2354,2354,0,0.45,0.45,625078.9,0,0,0,1,0,1,19770,8680,,0.52,0.52,-94.75,0,1,1,1,,,,,,,,,,,
1791624744,7dCkdo2stVFNkXeyvkdQ82UhNJatwyaWFNve56kA28hj,Cl*nker,BDSF6GGGAshcqKizpoyRrtHonfvtSwKDz5gov9BYZ3De,raydium,1791546397,0.00002771,15626.18,27713,27713,0,286.05,14291.56,1188198.95,0,0,4,14,102,123,13083,9380,,-4.27,4.96,-37.01,0,0,1,1,CPMM,,,,,,,,,,
1791624742,4CBJ86svL6cuzA5CvGoVfrFVwRyMvBeGYBsSQqKx1MnV,ALEJO,G58fCy4SMCVjShWgPh4nbfASLsdf4RRph6a72ucq2y8W,pumpswap,1791546907,0.000002676,2625.03,2515,2515,0,0,129.9,84922.37,0,0,0,0,0,5,1447,1288,,,-10.28,-94.09,0,0,0,1,,,,,,,,,,,
1791624743,69LE4GU4znMGhwryU9PNpbGT7TYFjLokJngyJoK5mVWt,‮TACPOOP,6LSFGP8mugP37irVv23BK2MMdpDMEK5H7epXEK6bzDTf,meteoradbc,1791546574,0.0001664,,166454.48,166454.48,0,0,0,1881.52,0,0,0,0,0,0,149,42,,,,16.99,0,0,0,1,,,,,,,,,,,
1791624748,Hn3rh9Num2nkteA1VFDCTBV9pzhb88Z6iNE5bVUUYFUy,SPACEHOOD,A8ENisTs9dehLRg1A1eTkNSUQyEHrp3vJvWUPM6JNh5Y,meteoradbc,1791546927,0.00005487,,54871.03,54871.03,0,0,0,6284.86,0,0,0,0,0,0,242,247,,,,33.95,0,0,0,1,,,,,,,,,,,
1791624748,SscBL4y12kEKJKbiz7CdVsZpMbmLdLeWrwWgNLvpump,Meta,2TPZGbjrJ1efVC1fdTZQGbwTQZLgG6iQKW3Hu6bAuFp7,pumpswap,1791546192,0.000001941,1961.66,1931,1931,0,0,0,94513.25,0,0,0,0,0,0,11729,11115,,,,-95.78,0,0,0,1,,,,,,,,,,,
1791624746,CPN8PxvymFkL9kxVHuCPTzMuFaCmANPD2rPRKE3v482x,Sludge,Du9yD4SRoQAoMjaLKZp82VW4ouzxyaShS9nhzg2M5ZR1,pumpswap,1791560220,0.000002674,2764.89,2564,2564,0,4.41,14.63,386402.93,0,0,0,1,0,11,4054,3455,,-0.42,-9.44,-94.09,0,0,1,1,,1791624829,0,0,1,4,1,17,1965,1949,100.0
1791624744,8dkma1dyJryHznaFKSZzoRu4Dmyy5SJAapQLRatipump,CATCHAN,DxP34nsSko9dkHfKkVDsBarW4fCgd4zNPKgThmCF4yQ4,pumpswap,1791558930,0.000002426,2598.07,2386,2386,0,4.61,72.64,744224.84,0,0,4,2,29,9,16133,9370,,-1.18,6.02,-98.27,0,1,1,1,,,,,,,,,,,
1791624746,DendBuwMu2afwavjNJPaozFoJJ7u9fLyk2LD1oCwjupx,JCAT,FB5p8kyKjRY4miWNk1v4ggcMs74NqrxHwucMASFae1Z6,meteora,1791556568,0.00006275,28385.27,62745,62745,1655.82,18343.99,36544.21,259351.84,30,15,182,126,387,262,3023,1984,7.85,71.42,112,-14.74,0,1,0,1,DYN2,,,,,,,,,,
1791624746,CWoEsVF2Sr4mXSYtAaJE7xwwtYnS8LN7hvXGaxQkpump,PILBO,ASgTTqa9A48HrmgsibNAHE897L2XbhJYpoUmJBxQNGsm,pumpswap,1791560322,0.00002678,12317.77,26045,26045,0,0,200.5,26830.48,0,0,0,0,0,2,2348,2526,,,-4.1,-41.17,0,1,1,1,,,,,,,,,,,
1791624747,FZCKFJtMvqounLLsYSqZo445rwaiRYvyVU7Snx74FdZw,Nidal,9ahdabn9nHLrpiMWJ1MBvVED6pyuu3vsEA7S6QECdriM,pumpswap,1791248634,0.00006880,21517.64,62834,62834,3.55,289.77,3719.37,86727,1,0,2,12,50,53,797,521,1.43,-2.33,-11.35,-0.48,0,0,1,1,,,,,,,,,,,
1791624744,7SsZWPvLHpMizSGD8RByEbjUA8VatHWAts4UpjB4pump,QCOIN,6nnQPX13ZKShe66rRc4PnhKXpCieM4pkrAej5my88uaM,pumpswap,1791559797,0.000002526,2770.39,2502,2502,0,0.96,685.85,1760583.54,0,0,2,0,26,1969,31817,19598,,0.03,-39.24,-99.03,100,1,1,1,,,,,,,,,,,
1791624745,9qDe8Z4fzHwJQ6UbWJqStkstLaXtw9rSVNHpvrEJpump,SUPERCAT,9BqnngAkxUB4v7gnWDKGn8pkyqF3gexA9BcAoQGTSaCp,pumpfun,1791559253,0.00004495,,44950.29,44950.29,0,0,0,8759.33,0,0,0,0,0,0,6,0,,,,1368,0,0,0,1,,,,,,,,,,,
1791624743,5uBbSh5GLwNuSidc3roBVHaeXLTCUGBY97FGuR9CUNW6,QC,2WtqFTqkhhQYPNRNPKAYVp2x6FPcZDhEAcU8gA4fojuz,pumpswap,1791559549,0.000002487,2516.18,2388,2388,0,0.41,0.59,178175.66,0,0,0,1,0,4,2607,2322,,0.12,-6.88,-94.2,0,0,0,1,,,,,,,,,,,
1791624748,cvq1R4UbmgKmiKCGYcNWy2k9Ph6rVJPL6k5QqjTpump,Rolex,94x7BWWg6ckTM51YpDbchiwZ8HQD7xZtUMkcNJdowDy7,pumpswap,1791559554,0.000001934,1948.73,1925,1925,0,0,0,60137.67,0,0,0,0,0,0,6925,7568,,,,-95.75,0,0,0,1,,,,,,,,,,,
1791624746,D529CZVhZmKQriFmZA8Ab2JQRhRm23f2Af6Mo9uapump,ACTQ,FJAoofgQKAhXjJPnNkdb6iX7qyFsViXUEge5gxPdKf3G,pumpfun,1791566324,0.00004479,,44791.53,44791.53,0,0,0,9275.15,0,0,0,0,0,0,5,0,,,,1356,0,1,1,1,,1791624829,0,0,0,0,0,0,2,0,
1791624747,H3qohLn7pJPadsd9GvZvKzCDvbd5SLkfhapUyrLJpump,SIQ,AgxmU8hXcYsUqJWFe9xyuZm2e6nhuBPb1k1rWQmqiPjT,pumpswap,1791566230,0.000003734,3533.71,3578,3578,0.46,429.08,1315.09,220340.44,0,1,3,9,12,34,3241,2701,-1.29,-28.66,-25.63,-91.56,0,1,1,1,,1791624829,0,1,4,6,14,46,1606,1618,100.0
1791624743,5PCoAydvzWVceVYQsgYTXkSydhZ3FbH1bsuKw8mepump,IQ,92dJFNrnQAED8DehX9cTWDk8ZgAJxCpJU8czKfxdJRKs,pumpswap,1791566455,0.000003180,3153.24,3073,3073,0,0,158.36,275370.26,0,0,0,0,0,10,3852,2987,,,-11.63,-93.22,0,1,1,1,,1791624829,0,0,0,1,1,14,2075,1962,100.0
1791624742,2wxVEvLWuQgw29rUD8hriqdB6dFzgtNCWAixoUQHpump,POPPADUMB,mPrmgYuEgUvh8dEkpCv6TWan8728ukEFGMLgJ4t9La3,pumpswap,1791565911,0.00004035,15872.34,38852,38852,0,518.7,2656.21,96824.9,0,0,0,1,25,25,726,739,,-7.43,7.56,-10.8,0,1,2,1,,1791624829,0,2,0,3,20,24,453,461,100.0
1791624749,rtMJ3z4za85jw2ZF8XELydNXXmMTYYaUNmqe6cXwBox,UNBOX,2nzoeMxDNRFtEuFJJbGWP6DyN5TZSGQz97ZHJjoX6svP,pumpswap,1791565962,0.000002688,2666.32,2576,2576,0,0,4.66,112581.13,0,0,0,0,0,3,1389,1185,,,-0.29,-94.17,0,1,1,1,,1791624829,0,0,0,0,1,4,819,839,100.0
1791624747,GxBUBxaY6RdrvHfos2fzoh6b7vhGBMAJLoYmVHabebdR,moin,7Se2socLHx5u1BNaZqQAqFxbz3rChYVYGu8w6uAzHwzw,meteoradbc,1791566915,0.00005448,,54481.8,54481.8,0,0,0,5187.24,0,0,0,0,0,0,191,182,,,,34.75,0,0,0,1,,1791624829,0,0,0,0,0,0,130,100,
1791624747,HEvQdZeFxRoAyKwAm1jmt9aATJdjahA62Ju8UYjimBi7,BABYBATON,C8SKrcTYWB5DnaoBoU1vxXA1eY5yUjNnxmVB7qZGx1q4,meteoradbc,1791566997,0.00005443,,54431.36,54431.36,0,0,0,7057.16,0,0,0,0,0,0,214,209,,,,34.65,0,0,0,1,,1791624829,0,0,0,0,0,0,146,118,
1791624742,4EwKvuqDzm2Pdy2JgHb5F2rG1McMQFyV1J48Y85gpump,PAWS,8wKANS6ik66A7yqZdGCW6BADroQMSFGjE9kg1yUrZ2fQ,pumpswap,1791566987,0.000001908,1927.16,1908,1908,0,0,0,538051.17,0,0,0,0,0,0,11979,2302,,,,-95.8,0,0,0,1,,1791624829,0,0,0,0,0,0,419,785,100.0
1791624744,6fsaymJLg3U8wXFzkK58pp2bKN3dAxwrcgVKzAedpump,Mr Beast,CkBbz3NAKaKp3qUdJHatZ8NxmmKsjZVSuGm4ma65vPk2,pumpswap,1791565962,0.000001938,1952.94,1939,1939,0,0,0,82133.35,0,0,0,0,0,0,12774,13822,,,,-95.74,0,0,0,1,,1791624829,0,0,0,0,0,0,806,2461,100.0
1791624748,Wfyf7rYaX9aYHKgKHsrLaKjMZ9mGcNZ89vmtuNEpump,Amazon,9TQuntyNNC5aPDSVZwbGnHALtAYTYc5kktDUTjiyFHej,pumpswap,1791566762,0.000001976,1988.57,1976,1976,0,0,0,50242.11,0,0,0,0,0,0,3113,4781,,,,-95.65,0,0,0,1,,1791624829,0,0,0,0,0,0,346,883,100.0
1791624747,F5oi7A9r5TDBbW24N3WF2NpvcUBgrVJ8U83wtCHpump,McDonald's,CeZoSiPBncnMMuFkvqLprvou3y51SwJYy5TM9Fmb2f9b,pumpswap,1791566424,0.000001939,1952.88,1939,1939,0,0,0,59564.31,0,0,0,0,0,0,6392,7237,,,,-95.73,0,0,0,1,,1791624829,0,0,0,0,0,0,327,885,100.0
1791624744,9ERy4fcraSD3fpGt5cLiPCwqfbs356wBDwLRhttppump,Gemini,Er9pWYbJPALcAGo1cCrbYMDCC9FXeaAoswe4mY7ecyJg,pumpswap,1791566345,0.000001940,1956.9,1933,1933,0,0,0,77116.94,0,0,0,0,0,0,4077,5623,,,,-95.73,0,0,0,1,,1791624829,0,0,0,0,0,0,409,2122,100.0
1791624747,HDiVMtmJpPYuNfs49CGQ5JxKHXcpXd6RQSmsZR6upump,$GULCH,6eqs6T7bPdRS2K8aku96KejCz7TwxYPvwubYRaxeH87M,pumpswap,1791562660,0.00003050,13817.46,25601,25601,91.81,7205.9,24236.3,331286.57,0,3,100,58,324,211,3610,2431,-4.91,138,-36.85,-29.58,0,1,1,1,,1791624829,0,3,86,45,225,165,1772,1438,100.0
1791624745,BSjTbWDokgTnzwBT3vQpVePxUT4pDx8YevXLrtT6ZpEP,SCAT,9SaEUvFKSNDEQnQE7GJHhLHb6rDGoWRdJU9LsUGesCEw,raydium,1791535487,0.00002078,12941.52,20781,20781,0,960.46,7635.23,121126.23,0,0,13,8,101,81,1579,1087,,5.41,13.9,17.07,0,0,1,1,CPMM,1791624829,0,0,8,5,59,50,524,503,100.0
1791624745,AVfHaN2eC5DoYapE5wrkEfhDtqqWpJqvAfEEoaTtpump,QW,3Cioz3rxwEUR56hsF8GBviBX7GXVuRagvqGj7n5MrdTq,pumpswap,1791563648,0.000002138,2237.79,2109,2109,0,2.28,13.82,490938.37,0,0,2,0,15,2,3646,4347,,0.12,1.41,-98.51,0,1,0,1,,1791624829,0,0,2,0,12,2,2965,2943,100.0
1791624745,Bi5h8p2hpcGFEq6CFsjrUFjXhVJHwAjcw3hVfprW9TeK,QUANTEK,7dwSFhJ4p1YonmFy6ECwYVJmXWDrQzW1pmxLXoKfXK2x,meteoradbc,1791566313,0.00004122,,41225.17,41225.17,0,0,0,51654.49,0,0,0,0,0,0,364,209,,,,1158,0,0,0,1,,1791624829,0,0,0,0,0,0,224,148,
1791624748,aD4PZRFzTLn5tBSLPbF5yATnUcFB76Bcg4sNHmgpump,PADPAD,5igH33z6DCGPDrD7gtjRDRUUqw3dKe86nRntfTqDpBNr,pumpswap,1791567935,0.000002367,2352.92,2235,2235,0,0,0.94,29972.33,0,0,0,0,0,3,332,363,,,-0.06,-94.77,0,1,1,1,,1791624829,0,0,0,0,0,3,294,353,100.0
1791624745,AGacg2MQZVTzCdjJTznM4jAFPZyxhrhePKK3mwVpump,Meta,3W9eoJXy5yAfQwwMGij7MEWUgcoxgtv4QnTvHGJPnC2t,pumpswap,1791568813,0.000001937,1956.99,1928,1928,0,0,0,92207.08,0,0,0,0,0,0,18191,15888,,,,-95.75,0,0,0,1,,1791624829,0,0,0,0,0,0,358,909,100.0
1791624747,GRyr9hcJmtPw1vcBZeoYqfW49VBtXj5PdiqDaesspump,Google,Hn6TVMjFt5ASzR4bs59uSc143pghY3o61rfxwQ84QQ2K,pumpswap,1791568816,0.000001936,1949.8,1936,1936,0,0,0,55616.42,0,0,0,0,0,0,2711,4149,,,,-95.75,0,0,0,1,,1791624829,0,0,0,0,0,0,284,1986,100.0
1791624748,J7ibdT29ic5eaunu7WwKoR75bK4M8U3cv1Ya3fnKL4Xg,PAWS,C6LP2c9qjXWLW5TNP21YVUErxcQeKJMqsX5T5UqPMVpN,meteoradbc,1791568836,0.00004297,,42975.67,42975.67,0,0,0,10357.6,0,0,0,0,0,0,327,383,,,,184,0,0,0,1,,1791624829,0,0,0,0,0,0,176,190,
1791624742,2AYBF8VDwtFVa6fqqfkQfrSa17SLpMnG6zoDs2Qzpump,FOMO,59PjknmhYrjiAgfy8hUawFyXMd4j215tygPurjhR3Gz9,pumpswap,1791568418,0.000001961,1980.44,1951,1951,0,0,0,104072.6,0,0,0,0,0,0,15476,16375,,,,-95.69,0,0,0,1,,1791624829,0,0,0,0,0,0,748,2412,100.0
1791624745,BctFsB2NaoKZcqXxhFFvDAJ4vdgxuunsg1g5m8CSEQDN,TP,9pYGTjbvhkexgfKobJ1QGFcQf1u7MNmr8Dr1x67H9gUG,pumpswap,1791568091,0.00002519,12655.16,24457,24457,278.37,1598.39,8158.68,504712.51,11,6,30,41,173,158,5496,4709,6.26,6.52,21.06,-42.14,0,1,1,1,,1791624829,7,1,16,28,114,120,2720,2557,100.0
1791624743,5Q1Gnj56c6o8LXy8G9UrJuxDZSGznmGC89qeXTR1pump,lol,HN2HyKjGMqDAPGtRwWpwJxCa26FWiEjD5Y75owXxHmMa,pumpswap,1791568482,0.000002073,2101.45,2014,2014,0,0,0,90458.69,0,0,0,0,0,0,4056,1232,,,,-96.36,0,0,0,1,,1791624829,0,0,0,0,0,0,1698,885,100.0
1791624743,5FESHxmz95v9FUJVuSzpDrckPis4TMBUQzFWB8pCpump,LEGO,Cvq57fMqxKSvqniFn3ekJ4oBER7J34JczEAwRApKAxL6,pumpswap,1791567039,0.000001959,1990.82,1950,1950,0,0,0,174411.78,0,0,0,0,0,0,18034,19419,,,,-95.69,0,0,0,1,,1791624829,0,0,0,0,0,0,792,2237,100.0
1791624747,Gf4BKif2ucsJJyt1ag8ZqgdVhcSzT8SYuK3WqVAkpump,pump,9pnb8d2VKQVkeEfepq9FyT9zPwinJYmQfJuXp2pN63V3,pumpswap,1791568508,0.000001953,1979.21,1953,1953,0,0,0,60093.18,0,0,0,0,0,0,3393,3271,,,,-95.71,0,0,0,1,,1791624829,0,0,0,0,0,0,380,373,100.0
1791624748,HnFCUcs1KyfPkdvTtYifbRBitJKMpntmnfUqsrchXTxb,CREATOR,2Yh2DFWkrXerdWDzXSA5qto34C5yAGph9VU3JNriopGX,raydium,1791573161,0.00001352,10264.49,13528,13528,0,14.29,996.52,43736.84,0,0,0,3,6,25,348,343,,-0.55,-20.46,-71.07,0,1,1,1,CPMM,1791624816,0,0,3,0,23,5,204,209,99.9999999908094
1791624747,EHFJLG7CbNnnuPHXHNtdeWfRQ3UFwBfBZRe11hnppump,QPAD,6XJT5T8puMQ6tz8oW3zPFoySnHgGn4mdSTStFZmiY2vr,pumpswap,1791571927,0.000002315,2390.56,2277,2277,0,0,0,327186.4,0,0,0,0,0,0,5186,4798,,,,-97.04,0,1,2,1,,1791624816,0,0,0,0,0,0,4679,4534,100.0
1791624743,5yuiTSNd32qxBM4rkuxqNd6gaSLBqCykJEaKwK4Jpump,SW,ayhExWrXQtPT9ZKJC3ySiELa1kCQUAKGXW6o8uTQFV2,pumpswap,1791571624,0.000002206,2376.69,2179,2179,0,25.97,615.11,1063662.24,0,0,2,1,7,15,13310,15987,,0.4,-31.93,-98.24,0,1,1,1,,1791624816,0,0,1,2,8,17,10709,10570,100.0
1791624742,3Y6kShX2EXjqsCjHLuZboZgMiLq7oikBxm8kkFikpump,OFFICIAL,7a56dD2W78ZMpqzbZ41pqjAJQuaEpD4a4xPtPsXZpxCp,pumpswap,1791572726,0.000002320,2396.82,2284,2284,0,0,10.72,286125.26,0,0,0,0,0,5,1138,1042,,,-0.51,-95.02,0,1,1,1,,1791624816,0,0,0,0,0,6,659,632,100.0
1791624742,2G6ZBcMWFdEh6YSXX3NipKGn5PuZ3kgA98SeH8s2fyea,QCAT,9vMMDNE4Wc3UrgTBQGQoSyxqwvuMTQJFZR9SNSiGzA7e,pumpswap,1791574682,0.000005251,4449.35,4924,4924,0,0.71,601.33,46431.93,0,0,0,1,7,20,617,590,,-1.02,-9.14,-88.29,0,1,1,1,,1791624816,0,0,0,1,7,16,341,382,100.0
1791624742,48HimqX34gdcKQeMJdqgW4etPyDo3xCcdHNXMDnCpump,HI,DsfGm497pwzuVqrTLRzZTRpW8dSS78aJCxouv7Ct9aCh,pumpswap,1791569914,0.00006285,21173.19,61790,61790,63.93,1133.91,11321.71,638707.91,2,3,19,49,174,455,3702,5156,0.93,6.65,-28.08,-19.09,500,1,1,1,,1791624829,4,2,30,25,206,212,2087,1280,100.0
1791624748,WBazxnrGpirxtoPHASegGkmGFANKEhfBKeKo29opump,Robinhood,GQTs8rJoZ7yq9xEWawDaaBRcFGfw8EaeWgtPTAssCEJK,pumpswap,1791573990,0.000001928,1941.96,1919,1919,0,0,0,55096.9,0,0,0,0,0,0,3609,5111,,,,-95.75,0,0,0,1,,1791624829,0,0,0,0,0,0,340,884,100.0
1791624743,651nSc6NJKxEopjo1by954pqhrjZGHVcxXZrSwhtpump,HOOD,TVxU8d5ACnuouFBidfdnAYGg76Nssi71rv2xB6ekggc,pumpswap,1791573944,0.000001960,1978.9,1950,1950,0,0,0,91019.21,0,0,0,0,0,0,12572,13375,,,,-95.68,0,0,0,1,,1791624829,0,0,0,0,0,0,785,2441,100.0
1791624746,DVPLsibHTUeY8ppHD6vtqxkmsQ8BrHqZA9wfmrrFpump,FOMO,2YTMxrEFGXDdXX5p56VVPdu68dTbR63GmQo72eJ92XUd,pumpswap,1791573481,0.000001974,1994.98,1964,1964,0,0,0,99384.35,0,0,0,0,0,0,8020,9849,,,,-95.65,0,0,0,1,,1791624829,0,0,0,0,0,0,755,2202,100.0
1791624747,H4fDoRNBhwEk1TZQBhju1Pn1mBMwTUvDnd69d3yismNe,TRUMPCAT,Cza9oeLWKydBGxrpZiB9YHe6zEFPqwqdRzBR6Go8YA9f,pumpfun,1791579668,0.00002737,,27376.31,27376.31,871.03,7478.11,7781.5,55415.42,10,6,70,60,80,81,707,365,0.01,3.28,1.15,696,100,0,2,1,,1791624816,3,5,35,32,58,60,262,166,100.0
1791624746,DzJ2zo62XcjBkcJaAvgPAnzeZ95SbUSFwEfgFzZuDR7,SATOSHIBA,6GvUYJ68t9JeoJUyCSP4siokuCea37i4nfStMF2cD2Qp,raydium,1791506785,0.00006636,22834.93,66367,66367,4.29,506.36,5808.09,37998.58,0,1,6,7,60,28,511,206,-0.1,6.11,4.05,83.94,0,1,2,1,CPMM,1791624816,0,1,7,2,43,12,140,95,99.9999999979712
1791624747,GfLKLVuhzNcLyQ3zF3fzXWsAU5R5PMCcDRVNmepMpump,emojibutt,EqAzwhLQvqCiwKvrk8g3fodcLSxLuFsvwgYboxqw2hFM,pumpfun,1791579043,0.00004472,,44728.42,44728.42,0,0,0,39723.17,0,0,0,0,0,0,353,83,,,,1218,0,0,1,1,,1791624816,0,0,0,0,0,0,186,59,100.0
1791624749,rPQwhnfNNq8tEpCm72P3iCAadB9tdRCFZCwTrNNpump,Haaland,CNJDhMAL39Yuq5pWQTvZcfXGfSSr4MAAif4rSNJnNNQX,pumpswap,1791580776,0.000001992,2013.41,1981,1981,0,10.69,10.69,140221.01,0,0,3,0,3,0,5138,3749,,2.91,2.91,-95.6,0,0,0,1,,1791624816,0,0,3,0,3,0,3029,1150,100.0
1791624744,7mS3UP5vh4GD5jA3XjCZyT2KVwBhLNanjRn17Wfpump,Q/ACC,qt7hgbwoV9vpcBEMTkaLqKCUFv7jJLa2zxMxruHZcZN,pumpswap,1791580512,0.00002376,12234.04,22482,22482,23.15,589.8,10238.95,618464.53,0,1,7,10,216,188,12443,10591,-0.39,-1.05,-8.76,-47.16,100,1,1,1,,1791624816,0,0,15,12,181,204,7828,7291,100.0
1791624743,53BS7EHSr7sBnrcirETsJE2V7feTcKnF696gbQ97pump,Odyssey,HQdyyDjvi1NEw8YadpbxygDeFief5ZEf7wLhVwJGCewF,pumpswap,1791578922,0.000001931,1958.45,1923,1923,0,0,0,150147.16,0,0,0,0,0,0,23031,23809,,,,-95.73,0,0,0,1,,1791624816,0,0,0,0,0,0,409,1398,100.0
1791624747,H9fcDfXKu1HfirMPsQRkbYDBP2Pi2nmER9edgVvNpump,LMAOJI,FhdqmNJw71F4WdXXHWu4ZXLz5AWpggp9RxXst7S2D44Y,pumpfun,1791581071,0.00004227,,42273.73,42273.73,0,0,0,8910.22,0,0,0,0,0,0,6,0,,,,1282,0,1,1,1,,1791624816,0,0,0,0,0,0,4,0,
1791624746,BxKJN4PKAT2CFhVbsyKzVyCznu5a2n2oVh8Pb2wdDjam,AMBA,DxUB19khkvd3FehY8sovQ1FTTcEktPL4CM6yc49coWQH,meteora,1791580911,0.0002877,46448.37,287730,287730,61.58,4792.73,8553.65,55441.71,0,6,15,13,61,27,248,144,-0.03,-21.39,-9.61,53.6,0,5,3,1,DYN2,1791624816,1,6,12,12,43,21,163,118,100.0
1791624746,DXCmcVuWw6FWbyzx6Z8orvE9hLVNNyMqTdfUViZgEhce,QRL,3p6HwB6xan48BvavSN6uNWGGhkj4he9qua8C8KEpZyTy,meteoradbc,1791582947,0.00003414,,34148.82,34148.82,0,0,0,1891.24,0,0,0,0,0,0,64,58,,,,140,0,0,0,1,,1791624816,0,0,0,0,0,0,38,42,
1791624742,2gUdXsTBs3n8RzoYLZYxkS9a3BcpL5cjU5hM9Laxpump,CHOCOBEAR,8gRoFRku7h1NNVzZRgw3KAfGXUmrsdkezBzieFqQiWxM,pumpswap,1791583039,0.000002225,2243.97,2152,2152,0,0,0,90686.1,0,0,0,0,0,1,921,1399,,,0.2,-95.22,30,0,1,1,,1791624816,0,0,1,0,2,1,438,487,
1791624745,AEPBdj3RViMJKCHM1xiVaM1VNuP7VbZRSN68gu5xpump,PATCH,FsqKUX5e67mgMuEGm35i1kku6asFgUno9Eh4g7hQ5Sqr,pumpswap,1791582999,0.0001797,39125.21,170839,170839,1415.93,28395.09,154513.57,1504230.38,7,18,177,206,937,1048,11233,11677,-6.22,23.85,-14.77,298,0,1,1,1,,1791624816,9,11,167,159,716,743,4530,4084,
1791624744,7ngqQvWaq9bLTi8MAvBR4YugySM3Sksb6GS7Y3uPxiLu,PATCH,224TQythtP6PGjxQLjcEFmmWahmF8oJUjCU1EM6BfuYW,meteoradbc,1791582886,0.00003275,,32754.64,32754.64,0,0,0,21707.88,0,0,0,0,0,0,630,770,,,,53.46,0,0,0,1,,1791624816,0,0,0,0,0,0,199,199,
1791624744,6w7GyqiPQJGFLYkfcCaSRmiC6DPuM6ULWKUQnpwVpump,Aioli,BYNvssF4HGFonnpFnXgei3Hd9XUFBvwAH1ZUapz9VtZV,pumpswap,1791582901,0.000002592,2558.45,2389,2389,0,0.05,9.42,84747.53,0,0,0,1,0,9,1279,1203,,0.04,-2.5,-93.91,0,0,0,1,,1791624816,0,0,0,1,0,10,1028,1193,
1791624748,exdoc1DiPtwggJkYDMsbYV5umY69fz7Rqj8JUAdpump,Grok AI,978kwu6LtXRWkx5qbS54Tzm2emRMsCZhEQja794TyhpB,pumpswap,1791581010,0.000001941,1974.18,1932,1932,0,0,0,180834.92,0,0,0,0,0,0,18271,15676,,,,-95.72,0,0,0,1,,1791624816,0,0,0,0,0,0,359,775,100.0
1791624747,ERuXdxoKfotPdqHV4NH9fQT1j5KxdwQf3mP9rvUmpump,Mr Beast,5rhZzS4sJCgXQ94juzCzzLhvDTpQxv8L8DVVxaBYnqP3,pumpswap,1791580993,0.000001986,2034.82,1975,1975,0,0,0,239661.05,0,0,0,0,0,0,15518,14947,,,,-95.62,0,0,0,1,,1791624816,0,0,0,0,0,0,865,2440,100.0
1791624748,PLaYu3PKhGqtmvuwp7GuyTY1PG6JkwgE7R45Zqystar,PLAY,F3XBLXejAn8YBS3qQao4u4fiijH4eaiHw7F68ovLz5Fq,meteora,1791482181,1.29,46031.7,321294,321294,544.9,55507.96,429866.72,1306041.68,0,5,181,174,1543,978,4217,3111,-3.33,4.73,-67.38,-70.05,0,0,0,1,DYN2,1791624816,3,5,94,107,528,416,1237,1073,0.0
1791624748,VW4sTi4mmVnJTgHnMaP8ojNoRXcs98LaLKM2Agipump,Fomo Coin,E7cfWnBCwj3JDUsA7F27bwtQK3Nv3XA9Rv5fySum2KAS,pumpswap,1791582609,0.000001942,1965.23,1933,1933,0,0,0,119346.81,0,0,0,0,0,0,11942,13470,,,,-95.71,0,0,0,1,,1791624816,0,0,0,0,0,0,406,2198,100.0
1791624742,3JW1e5pMCqp6RcYMsS7YAKcSHMn2AbMfzjdwDAyrpump,Meta,FhXoGyt1ZPksaUqzffuS72gxJfmqBhbvMwN4sUoQnfxm,pumpswap,1791581155,0.000001969,1998.97,1961,1961,0,0,0,185952.78,0,0,0,0,0,0,26661,27518,,,,-95.66,0,0,0,1,,1791624816,0,0,0,0,0,0,431,2131,100.0
1791624743,5ySrg1R3Mgvg5jioqLneg3bd5WEjNCeooQTSgjiopump,COW,HqqtQTqrQK2tJcEqf5e6JGyegoeFAjjC3m9AM1PJ1Nyp,pumpswap,1791494064,0.00001033,7314.22,9692,9692,0,73.76,3807.4,412902.92,0,0,3,2,72,74,2517,2237,,3.07,-54.31,-22.83,0,0,0,1,,1791624816,0,0,5,3,68,91,1329,1182,100.0
1791624743,5sTaCzHjviqEHVanFH6ZPPg5SjXXpCfwvMjDrNPYpump,QJEAN,Ed7uUWkNyM8WxRtZpAmeet9Jtad2iK24nnENh9Li6nX8,pumpswap,1791586749,0.000002116,2255.47,2093,2093,0,10.3,10.5,624719.11,0,0,0,1,0,5,14832,8431,,-0.48,-1.17,-98.58,50,1,2,1,,1791624804,0,0,0,1,1,7,6774,6738,100.0
1791624745,BQAeeSowpwEx8Km8GcporcbuLKq4a7EQceH3F2qZpump,qOMPUTE,7F7Q1oKtpuyg7oYyHXzAUszcnmKHRi18BxBVx7DHazPb,pumpswap,1791587622,0.004459,197198.76,4431437,4431437,8234.86,159540.56,1104796.31,4466369.79,238,151,3665,2940,39538,21572,84498,45251,2.44,-30.18,-29.02,1732,500,1,1,1,,1791624804,32,26,258,229,2965,1524,11175,6742,100.0
1791624742,2HtfecWgG4kJ1aULVUtimknVDf9vpRab2VdvPmkvSTNK,baccoon,FXCY3gx3m7jz2RcuRBHzm6iSAfGhoCrvnkwbawGadSVB,raydium,1791588446,0.00001645,11723.61,16454,16454,46.43,2822.86,29139.25,599346.84,2,0,31,42,404,345,8435,6017,1.63,-25.71,-38.29,-63.71,0,1,1,1,CPMM,1791624804,2,1,26,39,182,242,2525,2466,
1791624746,BunkeRhcyfJ7dXXNA3kDi421tLijrqudb9ARytKrVbFa,BUNKER,6oYBKnM3VxUoKcp1Uh5QEuxgE5Ju9WHryrHKa7z5Uyj5,pumpswap,1791587682,0.0001112,28579.95,105195,105195,593.69,4160.42,91261.79,447677.09,2,9,41,63,633,672,3833,3345,-4.22,-17.76,74.88,145,0,1,1,1,,1791624804,6,4,44,61,562,525,2017,1865,100.0
1791624742,4BaPsG9KwbzAqZCUfrbhW7pmBP9R54e1JBCPGytPJ2iW,QUBITS,DqcsBPkYjYuDFYkhvYyHPqRRk9pz3S9EzjtUnzxq6YWD,pumpfun,1791572708,0.00001218,,12180.21,12180.21,70.79,3314.54,10393.64,150065.41,0,2,36,35,128,134,1531,1245,-2.16,-24.02,-43.39,296,0,1,1,1,,1791624804,0,3,38,42,110,118,834,735,100.0
1791624747,ESzZ5k3GDeeFJZxdsaqHUn9MKD6uMG1HYbBHHhv5pump,Gambling+,F238ceGE3GLJ7M9QHpTYH7MwCreCvgtAChrsi2X8K1XW,pumpswap,1791587536,0.00007459,22422.31,69972,69972,1357.4,125087.93,133903.3,195449.13,2,3,372,385,487,492,1212,1012,23.94,12.79,0.16,63.84,0,1,1,1,,1791624804,1,4,114,111,236,213,722,645,100.0
1791624744,8hbxJVhsDXsQwVm5u5UwvVseHZiUsQLwYqd6R2YTpump,PROOF,6u7tfdqduxw19u5kcbqhKuUmutEt6kKPxSi7MNr5yVoj,pumpswap,1791587761,0.000007054,6013.55,6889,6889,228.5,255.48,3592.64,1119622.38,3,1,3,6,56,88,8394,7226,6.07,4.3,-35.3,-83.56,0,0,0,1,,1791624816,4,4,5,13,54,140,3655,3437,100.0
1791624742,3ni7hzhJWUvffaWZKR6xZGhgLmaH1rsfHz4Ym8W4EjAT,LEGO,J2eV1VfvGUhQGrUEMdfbD5Zo8Hb7j1Uv5ZPD5Nracnhw,pumpswap,1791587525,0.000001983,2002.83,1974,1974,0,0,0,90051.32,0,0,0,0,0,0,9230,5920,,,,-95.62,0,0,0,1,,1791624816,0,0,0,0,0,0,450,974,100.0
1791624745,B1UruZt969UkzY6vAGD8H82pPRkFoHJv4dKMHsv9pump,RWS,9mgfPXpHdQtrff37qK8gLQHAHtdLJNq4n2PvrLCrH5F8,pumpfun,1791587270,0.00004234,,42340.28,42340.28,0,0,0,8919.28,0,0,0,0,0,0,6,0,,,,1284,0,0,0,1,,1791624816,0,0,0,0,0,0,7,0,
1791624744,8c9C4YCForSCZ6VS9u3zPxudxH38GZrjstjGsDvpump,MrBeast,9ge3iuvcj5vChsoL8izCrVBdEF9nSG1RcpUJZjHGVLuj,pumpswap,1791587452,0.000001937,1956.64,1929,1929,0,0,0,96388.78,0,0,0,0,0,0,9547,10904,,,,-95.73,0,0,0,1,,1791624816,0,0,0,0,0,0,394,2078,100.0
1791624747,F5iqWNYGkyHXr15pbD1Xjg59adqEYksWe6bf7aR9pump,FOMO,HCkuq6HqnDLsXS729XQSGvTqjq5sgWsQaBesegGhrkpw,pumpswap,1791587884,0.000001948,1968.8,1939,1939,0,0,0,106533.62,0,0,0,0,0,1,12560,14084,,,0.62,-95.7,0,0,0,1,,1791624816,0,0,0,0,0,1,478,2159,100.0
1791624747,Goz7f1WEQ7enDVpgeFKdYwz5JxHYuyjyRUB2gTmnpump,Elon Coin,FEaAfiSVRm62ifj15A78XjFEJRVERYyAZgiXw89kown1,pumpswap,1791587258,0.000001938,1961.61,1929,1929,0,0,0,132703.01,0,0,0,0,0,0,15397,16852,,,,-95.72,0,0,0,1,,1791624816,0,0,0,0,0,0,428,2213,100.0
1791624744,8A9Eh2jcu84igP9H8g448FxMuKd8JF5iVmrP7ARVpump,BOTS,4cMpCbkDfZjoLXkQ6CZFRb6ws5eNnB5hN3TUkEgnVdab,pumpswap,1791595169,0.00005051,18536.48,48641,48641,2670.91,8812.84,51083.95,388785.08,19,7,74,51,543,470,5235,3766,55.84,-20.26,200,17.08,50,1,1,1,,1791624804,17,5,70,78,406,403,2600,2379,100.0
1791624742,3HKKrXhDvGFWPdkALw3KofESZexsEx9opGtq37n9pump,SIB,HEJfRQiuirFN9QmLUCiLfcDv6FXiTvxGWZamJoqsbEYv,pumpswap,1791593946,0.0004807,72488.05,467577,467577,1517.03,49991.27,1110787.21,3750228.94,18,15,313,363,6925,5888,28573,23766,-2.49,44.12,23.27,3246,0,1,1,1,,1791624804,12,13,275,337,4174,4028,10782,9670,100.0
1791624742,23YW1L2oKTbkSfpAnBeSxixRNFmU3an2csvj7vNS4R6r,BOTS,AjXenSgBiy48Y9npxpnhf6S4pLc7WaHGRQBLjVzAHAZi,meteoradbc,1791595859,0.00005374,,53747.64,53747.64,0,0,0,2900.97,0,0,0,0,0,0,105,76,,,,33.27,0,0,0,1,,1791624804,0,0,0,0,0,0,88,59,
1791624747,GTCTceoyvEWcqziZz6dZ6Vkx5Q3rHZaKQRcX7NE7pump,Gemini AI,3zZtFVVLsUpnUFs9nswqEGKh7jACupWmM8ZDyo9d8rZv,pumpswap,1791593840,0.000001951,1974.23,1944,1944,0,0,0.02,113196.11,0,0,0,0,0,1,11319,12647,,,-1.07,-95.7,0,0,0,1,,1791624804,0,0,0,0,1,1,436,2222,100.0
1791624747,FGbacx147p15CoNJKae3cyk26sxzK9xUHa3mjUVpump,FOMO,Fqsw1ohSjQzRBb5j38TVQqRkPjiqvbJQP44k5YjmWPZ6,pumpswap,1791595725,0.000001937,1950.65,1938,1938,0,0,0,52436.77,0,0,0,0,0,0,4133,5542,,,,-95.74,0,0,0,1,,1791624804,0,0,0,0,0,0,350,901,100.0
1791624744,7yQvmkX6FTGmrkQhZ55vmRFfyk825SrabsBxwr8Kpump,QP,emEVGXTdpegu3aZiHDgPGGoyjivYSmHsogWCrfkA9q2,pumpfun,1791594730,0.00004496,,44966.73,44966.73,0,0,0,9302.98,0,0,0,0,0,0,6,0,,,,1368,0,0,0,1,,1791624804,0,0,0,0,0,0,6,0,
1791624743,5hz8ATWNFTSpmS61U3iy4jvVHx7puooTPCtsztdKpump,SQI,2AzchMbKTiz6uG9dyCzRz79hoK3M3hwY3qaYzYd3CXk9,pumpswap,1791596816,0.000002651,2708.74,2610,2610,0,0,36.42,525321.68,0,0,0,0,7,2,10234,9266,,,1.63,-98.34,100,1,1,1,,1791624804,0,0,0,1,4,4,8108,8079,100.0
1791624747,EETxhTC9aWpggk3KdL1nMJb7F6UBQ9vFh3f9ELdtpump,QUBIT,4r83dnKZDpGRj5XRNcRmCtgAtx2WgmCzypSfaS8ra5Rp,pumpswap,1791597594,0.000002256,2483.97,2203,2203,0,3.76,3.79,744906.66,0,0,0,1,0,2,2939,2783,,-0.5,-0.48,-95.2,0,0,0,1,,1791624804,0,0,0,1,0,4,1002,991,100.0
1791624742,2uM5K75s6EL3oTS4q1LHaZS1iJZaZJxHp9a8wKSnVCZu,ROBIN,GhJkhUn8p1QF7r5ZzqtvnEMptKv74rzexuvve7EJCWEb,meteoradbc,1791597524,0.00005434,,54344.21,54344.21,0,0,0,3136.68,0,0,0,0,0,0,93,90,,,,34.29,0,0,0,1,,1791624804,0,0,0,0,0,0,76,63,
1791624744,9Hfjo7iuQsTS4u89yojeM1dnKeqhmBwrP5s96xK843c9,whitepaper,7i9VEkjce2FBHuTj6eMyPhPQUfVDX563xwQvLXhZ6NMX,meteoradbc,1791597491,0.00004182,,41820.99,41820.99,0,0,0,23171.97,0,0,0,0,0,0,505,604,,,,99.53,0,0,0,1,,1791624804,0,0,0,0,0,0,209,200,
1791624742,3u9NPsimBqNG3SpyZjm1BEhvJaTKwNFc5kEgw5gyCGqC,Tater,FstduEjM14V5Hb3bVdN1C96uij4aC1LqiRqjRBxSUczU,fluxbeam,1791597606,0.001290,1277288.41,1289743,1289743,0,0,0,9074.91,0,0,0,0,0,0,276,0,,,,840,0,0,0,1,,1791624804,0,0,0,0,0,0,20,0,0.0
1791624742,4cJcwZDL9yu5LeyYaV5FNTK11Rzu1qkdFySVfEEepump,whitepaper,GWK7HSqamkis3HqKX1u2kcJqgSddPXEzENKRvfxqF79W,pumpswap,1791598227,0.000003974,3816.74,3840,3840,0,14.32,2874.15,413599.64,0,0,0,4,77,113,6973,5945,,7.75,-38.73,-91.15,0,0,1,1,,1791624804,0,0,2,7,77,150,3403,3419,100.0
1791624745,ATDf99rHsGWpDduCmGiUnNECHFaEkaMGxJk8kKJccbdy,‮TACIQ,C4gZFLXPmZhuyQV6yp281bZc4yGSeWw3iKo3VmYs2g97,meteoradbc,1791597554,0.005153,,5153000.79,5153000.79,0,0,0,1121.28,0,0,0,0,0,0,16,4,,,,10.24,0,0,0,1,,1791624804,0,0,0,0,0,0,7,3,
1791624747,G5H8SqE4HuiVMjkP8kvZP7gPzr8wcv8zivrsoxB7pump,SpaceXAI,AYftCm3tKdmYaZcuSxRKwxzZxRNtDCu1197caobDpcap,pumpswap,1791595871,0.000001935,1967.94,1926,1926,0,0,0,166835.11,0,0,0,0,0,0,17993,19140,,,,-95.74,0,0,0,1,,1791624804,0,0,0,0,0,0,503,2191,100.0
1791624745,AH5Nt1Q3grJbEveQCSxkYAQCsv4VYJBSuTipMiCpump,FOMO,3XUdSdTProsRTKvqKGXpSeLLs5smErEtxAwEDthsfy1f,pumpswap,1791596227,0.000001983,2002.93,1974,1974,0,0,0,103198.34,0,0,0,0,0,0,8753,10180,,,,-95.64,0,0,0,1,,1791624804,0,0,0,1,0,1,467,2155,100.0
1791624744,96o1zHGVPuL5dPyzoxR5M1jueXhbHnv8uTRBHzcGpump,Grok,Gj2KY4degCfZnRbgjijRL1exAnHVmYGwvCna3uBzbHnC,pumpswap,1791597068,0.000001947,1970.52,1939,1939,0,0,0,120895.75,0,0,0,0,0,0,12399,13430,,,,-95.73,0,0,0,1,,1791624804,0,0,0,0,0,0,441,2223,100.0
1791624744,8Ea6ytXK9PCQETXxAwvYGRVjRKqDHEGmJhFi1Dyopump,XTAP,3QPfY6H3EmB5hnK2as4serqorftPnNsuvf6yg9Yc8JkM,pumpswap,1791604679,0.000002591,2574.31,2472,2472,0.78,2.12,96701.45,96701.45,0,1,0,3,1274,1344,1274,1344,0.04,-7.56,-94.16,-94.16,0,1,1,1,,1791624804,0,1,0,5,950,1082,950,1082,100.0
1791624743,59KGqGwnzfdgjp2ouWq1TfftW1hBhaiJ6UVbxNYypump,QC,3yeBL1Jd1BKE1tyVKjpW3TiCWpZTPNhKiAveVG9RZRs2,pumpfun,1791604637,0.00004504,,45040.68,45040.68,0,0,9318.28,9318.28,0,0,0,0,6,0,6,0,,,1365,1365,0,0,0,1,,1791624804,0,0,0,0,6,0,6,0,
1791624746,CB4f3tTUckrtSJxfyCvsURLYhedkdkKPCm1mewbVpump,Samur•ai,GPBdLUEeBWqL7EyQpu8VVaUZwF4thFPJAYma3vPtJVz9,pumpswap,1791604654,0.0001197,30517.08,115910,115910,10772.72,201098.47,1089851.96,1089851.96,59,223,973,3504,11046,18826,11046,18826,6.15,19.32,166,166,100,1,1,1,,1791624804,41,62,573,547,5848,3127,5848,3127,
1791624742,3KoazdovJ15PFfzT9P51DaqeqANsMQ1fq9jkAzHmavvL,QCHAN,2u5N4ja58hfm4nQSDqS6ZJhePVAnZsR2SUimbAH2Ksze,pumpswap,1791604672,0.00001259,8188.2,12190,12190,1.99,1455.83,235792.26,235792.26,0,1,24,20,2525,2351,2525,2351,-1.29,-1.5,-71.47,-71.47,0,1,1,1,,1791624804,0,2,30,30,1779,1709,1779,1709,100.0
1791624745,AgadAuTcUc6iiKaSiFv3wbqAa6h78GTSBsULWRnNhgEX,roflmao,DECUhouqDh2gyvAuk9Z26qwic6QBCWsdr6G9MLFueg3q,meteoradbc,1791604597,0.00005420,,54202.44,54202.44,0,0,3638.72,3638.72,0,0,0,0,123,125,123,125,,,34.21,34.21,0,0,0,1,,1791624804,0,0,0,0,96,80,96,80,100.0
1791624747,Gm5oSaGTdKChFmeDvDZcrGKPcsXw9UfRiqaMSrqMsNj7,QCHAN,Q5dYSW7up5hqDmP7rt6bfSMuPr98g76DdcnaWN97eGb,meteoradbc,1791604622,0.00003083,,30839.17,30839.17,0,0,9463.67,9463.67,0,0,0,0,232,303,232,303,,,81.47,81.47,0,0,0,1,,1791624804,0,0,0,0,156,176,156,176,100.0
1791624745,AXzfZ7m1cnuWAW1K2hTkNymr5YXZ9Dkk3bzwzemspump,FOMO,DpXtqrhytyVcwtFQkVHhR34ctNHuKpSoThvnsYe4ZxV3,pumpswap,1791602765,0.000001947,1969.51,1939,1939,0,0,86557.06,112982.29,0,0,0,0,7904,9678,9085,10644,,,-99.61,-95.73,0,0,0,1,,1791624804,0,0,0,0,384,2198,432,2214,100.0
1791624748,mGzw6zwvig3GitrCM6sGJXdRWeWz81X2vyzVH3Upump,REELS,591v7K7B9P4o6e4viL3YGzmZywogpbE3andVvvJi983z,pumpswap,1791604986,0.0003187,50085.85,307662,307662,385.3,45333.31,732716.46,732716.46,18,17,571,547,5506,7454,5506,7454,-1.3,-44.46,594,594,0,2,1,1,,1791624791,30,15,447,437,3952,3220,3952,3220,
1791624745,BkSgxN7RUsUzpAwyHZ7TDNQ8meYQeyUr7HHtn75m6Amm,PERSUASION,49jihwWB6uusiSQR7ggx8cHLYHEZPQvDG8dXnfCvZPuW,pumpswap,1791606336,0.00002351,12736.16,23068,23068,300.84,4067.28,947317.68,947317.68,10,1,57,68,10337,8764,10337,8764,7.04,-12.36,-48.2,-48.2,0,0,0,1,,1791624791,9,4,56,87,5474,4767,5474,4767,
1791624746,C7cLHYZLAWFnggETnmCDAv8U6EsoPR5i7j1QBrp5pump,Gemini,5wsWifBrqPLgF42DYduJPD8Kj6BLuYsvHenvY3uZAuKN,pumpswap,1791605739,0.000001952,1979.02,1943,1943,0,0,145341.79,145341.79,0,0,0,0,17066,18699,17066,18699,,,-95.72,-95.72,0,0,0,1,,1791624804,0,0,0,0,482,2178,482,2178,100.0
1791624742,2Lv8nbNVEf18oLK1TwNtZrH3BGspUNrUKR21kBHopump,Brooks,CaBCynv8kNC1KLGUeYuJbExvvpCixdiVkZBD5r2mHw4W,pumpswap,1791607867,0.000007250,5666.92,6854,6854,3.98,704.49,190337.07,190337.07,0,1,12,16,2613,2339,2613,2339,-0.36,1.21,-84.83,-84.83,0,0,1,1,,1791624791,0,1,11,18,1744,1718,1744,1718,
1791624742,3H8MzdzMNPjCEEvc5cxKXLHVn75tEYQFoAbCYV88xQYX,‮TYZY,HMi9CqsNg6ZDGHDywL4o7GudbLCgYkP3WGd4wxtN1Att,meteoradbc,1791607988,0.0001645,,164501.3,164501.3,0,0,1615.46,1615.46,0,0,0,0,133,25,133,25,,,17.46,17.46,0,0,0,1,,1791624791,0,0,0,0,6,3,6,3,
1791624746,CUobyGUEfKwLC6ViaYqHVKLWQqDLDCzb67VdiwDNpump,GTA 6 Coin,3oNTyrPJSmqY3mNFQRCSj2pTT4fmFt8hENvpVxdhGCSh,pumpswap,1791607247,0.000001977,2003.92,1968,1968,0,0,140672.6,140672.6,0,0,0,0,14983,15732,14983,15732,,,-95.66,-95.66,0,0,0,1,,1791624791,0,0,0,0,453,2131,453,2131,100.0
1791624747,FxqQN7j9NChkUmJ5FbARMtzY4JhXHp9WbFga2BrFpump,Meta,94nytLwaqEeAqp8cMmT8im1ngHAGDAwEA2uGF8PXistH,pumpswap,1791606247,0.000002003,2049.05,1994,1994,0,0,305043.04,305043.04,0,0,0,0,49208,34168,49208,34168,,,-95.6,-95.6,0,0,0,1,,1791624791,0,0,0,1,2124,1601,2124,1601,100.0
1791624743,5Bxf9suH32qeLLDbRwmTq9cVJCcf2EcvcbAhvY6tpump,YouTube,9eSTffJVF7ESSq66GUMXNHnDL7qkGZa4kGaspMaE5nAU,pumpswap,1791607858,0.000001975,1997.56,1968,1968,0,0,106697.59,106697.59,0,0,0,0,18854,19223,18854,19223,,,-95.67,-95.67,0,0,0,1,,1791624791,0,0,0,0,857,2546,857,2546,100.0
1791624745,Ad2uR5TZKqMrCZt6J6Sr6gnq95eixRYEwjrk1kr6pump,BMW,5XKgx6ibzswoArVX4ScLjiNRy378M5YKUhgHzw8CLoLi,pumpswap,1791605594,0.000001952,1979.35,1944,1944,0,0,153579.5,153579.5,0,0,0,0,11962,13184,11962,13184,,,-95.72,-95.72,0,0,0,1,,1791624791,0,0,0,0,452,2235,452,2235,100.0
1791624744,8vYJgiQPkpDtbWkDy1wyYDcUq3D9fUXVJUtt6aNEpump,SWITCHED,BFWTFa7QR4knm3AwpdicA7uNytnw1wi13LHQT9TCWaKt,pumpswap,1791608576,0.0001530,36317.19,149158,149158,1161.69,29661.14,1543190.6,1543190.6,16,18,362,315,13318,11699,13318,11699,-0.96,-18.98,252,252,0,1,1,1,,1791624791,13,14,298,348,6954,6059,6954,6059,100.0
1791624745,BqDXLs6YSikUJ9t3WKtNUNismTVgTjNJVBpdgXuspump,CHAVA,Cmw6SrxLVWrzTA1Mrs1YiM4VHxYpmLsQVNC8pzy7NruP,pumpswap,1791598983,0.00009256,25368.96,61520,61520,270.53,6434.85,139431.5,312380.49,8,6,124,98,1124,1210,1738,1822,2.38,22.18,-37.52,104,50,0,1,1,,1791624791,5,5,87,83,459,483,773,764,
1791624742,3YKfyFUeLhrWnEKdkqF7tqM4TouZ4rCUCywhHULXpump,ORA,2SKRi4QYwpD6eqP6AeWZd1nnvWHcXY2f9XBtTTw8wpr7,pumpfun,1791607820,0.00002240,,22409.61,22409.61,0,2491.54,53487.24,53487.24,0,0,11,13,620,383,620,383,,-0.66,522,522,0,1,1,1,,1791624791,1,1,31,28,681,589,681,589,100.0
1791624747,FMSTqEaairRAVsgDYoRtwuMUWYnN1p37wQwYxG8Vpump,FUN,4ZG9xu7zJQeSuxqD8qibKDUawFRbdeeHek4XoQgR32tj,pumpfun,1791610122,0.00002903,,29039.11,29039.11,0,0,271.18,271.18,0,0,0,0,30,17,30,17,,,841,841,0,0,0,1,,1791624791,0,0,0,0,6,6,6,6,100.0
1791624742,2XuqKryVBt3rEwdXQzNjHv5rEAVDkyZbgQDsheVDnsZf,.2M РEUGN,9kiiFB5VnLTySJKmQJVAwnZeBhUgfpTc4Ww12HfbKfER,orca,1791610172,0.0003001,1050550.62,3001573,3001573,0,0,2009.89,2009.89,0,0,0,0,4,2,4,2,,,-0.02,-0.02,0,0,0,1,wp,1791624791,0,0,0,1,2,1,2,1,0.0
1791624749,xNmQsSidLSR5o5hoiypx53Ne3zPpGbqPbd6XZvjpump,BARRON,A5P8UE45VzVJiMd6eGvfSkyruJVqJuk9sGyuaNVFMVEd,pumpswap,1791610173,0.000001985,2009.23,1986,1986,0,0,55303.59,55303.59,0,0,0,0,3597,5117,3597,5117,,,-95.65,-95.65,0,0,0,1,,1791624791,0,0,0,0,377,912,377,912,100.0
1791624746,DSJoBwhBFp1Fyemrcdj1uffoQQAegYcvs5ezyxyRpump,Gemini,A6t74fpEfmxsirs3eGYeQw7zh2zUyEXf6pJNbdsk1Mfu,pumpswap,1791609011,0.000001957,1985.19,1949,1949,0,0,153593.69,153593.69,0,0,0,0,18758,20573,18758,20573,,,-95.71,-95.71,0,0,0,1,,1791624791,0,0,0,0,513,2677,513,2677,100.0
1791624747,EKfBSf5etGkBxgEf9ydZCrtRE8KEHvg5sC7tgFS6pump,BENNY,DmsAZnfNY4styDK7iKyWMM2rthcew4EVfkM1MW8VnYJz,pumpswap,1791609148,0.000008463,6380.01,7994,7994,133.29,633.2,236017.22,236017.22,1,2,7,27,2779,2599,2779,2599,-6.5,-19.05,-81.79,-81.79,0,0,0,1,,1791624791,1,1,7,32,2092,2006,2092,2006,100.0
1791624744,9LfDDbQ7g3ZjRjambvPN94JFR3EDjvypw4SoJJbTpump,FOMO,HzHDJgpfZSvADJGQKWm4x7W6pxCZru7uvtMSLMQQYSKM,pumpswap,1791609607,0.000001956,1983.01,1948,1948,0,0,141966.55,141966.55,0,0,0,0,12562,13891,12562,13891,,,-95.72,-95.72,0,0,0,1,,1791624791,0,0,0,0,465,2243,465,2243,100.0
1791624744,9HLC3hvta1zNDqDfbmTq4xgwNRzRnaZST16pLs9pump,GETPRICE,921fQipgRwMB5nW4SCZUktMmFxfmZgsBzrN3SxzTr9gA,pumpswap,1791609884,0.00001515,8997.29,14502,14502,81.33,2108.39,142648.35,142648.35,3,6,75,43,2273,1834,2273,1834,-2.85,30.93,-66.9,-66.9,0,1,1,1,,1791624791,4,2,79,44,1351,1294,1351,1294,100.0
1791624743,5otm2akyW919z97g1B4iTFBr2EJrQHPu6JjkLxKZpump,LUMPY,7FLYjbtyNSd2EFXnv9DqnYim6fsrkFTJbCKvNmFoWYKw,pumpswap,1791611272,0.00005694,20106.15,54530,54530,550.1,26853.41,511898.24,511898.24,21,9,306,233,6843,6269,6843,6269,-0.22,101,34.27,34.27,0,0,2,1,,1791624791,14,8,241,185,3515,3171,3515,3171,100.0
1791624748,hvffADaBvXAMfNuJHnahERWgPzMXAZkggSn7QMrpump,Haaland,CBUrb7sspk11RZs7uYdX86w8oEEPXmB8N3n4WCc1uWg,pumpswap,1791611716,0.000001946,1959.32,1934,1934,0,0,70001.86,70001.86,0,0,0,0,1384,3596,1384,3596,,,-95.75,-95.75,0,0,0,1,,1791624791,0,0,0,0,1031,1131,1031,1131,100.0
1791624748,UT9jBfTmPgZXj9BeLLSQiJ1ZUdBiUJn4aQVUUBqpump,ROLEX,4xNjASgHog2gpKqtaGznPjMouiKHuRnYW6XzSoUet9j6,pumpswap,1791611542,0.000002001,2031.76,2002,2002,0,0,100365.92,100365.92,0,0,0,0,13113,12050,13113,12050,,,-95.63,-95.63,0,0,0,1,,1791624791,0,0,0,0,384,931,384,931,100.0
1791624742,2U53Gbj2PCzPFaNKky9H8qzJ9y5erW9vUHesi8nkKYrH,HALWN,6yi6rxdSqWG3PX1gvmfDnLgmUsFU2XCeJ8FNud4R9EZu,pumpswap,1791609619,0.0002511,136230.44,251123,251123,708541.52,10109304.66,31918203.04,31918203.04,715,421,10170,6016,36077,19090,36077,19090,1.97,70.19,2298,2298,0,0,0,1,,1791624791,183,19,1966,21,2019,32,2019,32,0.00000000109556325877729
1791624743,6KDpQM4BVDdtAkjtyFDiBCkbii8q8BieEyXXm6kNpump,TM,ARcvd2GiVSmz7oR2ozpe3KzVBadsVrEav5DdnVJ8sjhK,pumpswap,1791612436,0.0007738,81109.83,744026,744026,13007.23,198108.37,1082994.33,1082994.33,83,81,1274,1298,7369,7225,7369,7225,0.61,46.97,1688,1688,0,1,1,1,,1791624791,89,84,1370,1149,5720,4543,5720,4543,100.0
1791624742,13EKAJm2WS7KTZM6A51ub9jg29csspQAQZeLiNj5pump,AI,E2QfeemhbcfNFyH7kKcsJZay1DmAwQsoEaF6MczUkM7b,pumpswap,1791613740,0.000002023,2031.53,2006,2006,0,0,47886.21,47886.21,0,0,0,0,1384,3111,1384,3111,,,-95.57,-95.57,0,0,0,1,,1791624791,0,0,0,0,1132,1012,1132,1012,100.0
1791624746,DPFYdhcYASPF5FubJ8qaTVMTyVyHuKBPFYKW1cyA2cbf,Biscuit,2eUaK3uwAinSfVkR4orWEgs6cuwZSb5VFXFgE9WqQtWo,pumpswap,1791613310,0.000001965,1994.43,1956,1956,0,0,140449.58,140449.58,0,0,0,0,14499,7951,14499,7951,,,-95.69,-95.69,0,0,0,1,,1791624791,0,0,0,0,465,972,465,972,100.0
1791624745,BKDLHwtvmg95nL6oM3CPRhQ9YUMideR9ZnkmVDZ8pump,Gemini,BtLFJ4DZ32DUtUKeJEHn5rs4RLSdL82mwyPPHXsDXV8L,pumpswap,1791613302,0.000001966,2008.47,1958,1958,0,0,258661.49,258661.49,0,0,0,0,30249,30985,30249,30985,,,-95.69,-95.69,0,0,0,1,,1791624791,0,0,0,0,497,1574,497,1574,100.0
1791624746,CU8bkj7EjKCd3ZJyMMXN4JyW5RSw3ywiwB9ojCdWRndh,MRBEAST,xb3GuyeKWmt737LCfZiNsm27rxuyQRJcTWSEwXz1gKU,pumpswap,1791611584,0.000006718,0.01,6719,6719,0,173677.9,16919471.98,16919471.98,0,0,436,118,21194,10226,21194,10226,,-94.11,-35.95,-35.95,0,0,0,1,,1791624791,0,0,472,7,2021,35,2021,35,0.00000000109556325877729
1791624748,HvaFdXUXHTF4t3WAbAzWpkXvrRSWLUHxFHpBwX6wpump,FOMO,FTxuQ2mbJHo7Xvd1DYAfxWXZMG2JaXGDxV7kQZMdDjR3,pumpswap,1791613140,0.000001962,1999.53,1954,1954,0,0,199638.19,199638.19,0,0,0,0,20791,21896,20791,21896,,,-95.7,-95.7,0,0,0,1,,1791624791,0,0,0,0,438,2015,438,2015,100.0
1791624748,LbYuQ83cKoRs8ehWJC9HJedgiGvBbYy9mcEpgNEpump,Tesla,C8YjAJh8wtoKKeCwaqjhRJNyYSxrQ1DbSDQCA9SRPqZG,pumpswap,1791612797,0.000001980,2008.72,1970,1970,0,0,157175.04,157175.04,0,0,0,0,43513,34492,43513,34492,,,-95.66,-95.66,0,0,0,1,,1791624791,0,0,0,0,367,433,367,433,100.0
1791624744,9Nd5Eeo72vfRmpj23AdrAt41RdBX4GbE7cMoNbrrpump,SpaceX,3urxTnsXD4XRN2jXWXpXeFCNH2oFqNtWNLZAGGSTPNsk,pumpswap,1791612697,0.000001959,1991.28,1951,1951,0,0,188116.55,188116.55,0,0,0,0,21040,21878,21040,21878,,,-95.71,-95.71,0,0,0,1,,1791624791,0,0,0,0,435,1500,435,1500,100.0
1791624744,82fFHsBtnaye9MUjUDgiAzor1TLnWYjcRa9hiWw6Sfij,‮DERIW,3ufRYH5mDD345BxB7cVY1KHe6MF9wgYGcsNs8WjsvkCM,meteoradbc,1791615607,0.00005095,,50958.64,50958.64,0,0,1098.5,1098.5,0,0,0,0,6,0,6,0,,,9.15,9.15,0,0,0,1,,1791624779,0,0,0,0,5,0,5,0,
1791624747,GCxbxWQb23QFyobzyfrZyunxhiKNGtWnS17d7a37pump,NVIDIA,8defGnHZyRJaciiiSBSbFHTvjRKayzk6cezEfWZwDjZM,pumpswap,1791614043,0.000001987,2020.95,1978,1978,0,0,205955.86,205955.86,0,0,1,0,32462,24843,32462,24843,,1.33,-95.64,-95.64,0,0,0,1,,1791624779,0,0,1,0,2123,1550,2123,1550,100.0
1791624747,EzuCZx5B2gPBnZTZBYbVZ3tB4rG3XaDaviHrkmekpump,Musk,mvPzLdTM6goCQfexBQ4ygNr5yNiypuVTENRUVvbNqm7,pumpswap,1791615985,0.000004254,3962.08,4060,4060,18.65,609.89,272470.16,272470.16,1,2,6,42,3552,2853,3552,2853,2.75,-30.29,-89.97,-89.97,0,1,1,1,,1791624779,1,1,11,48,1945,1835,1945,1835,100.0
1791624742,4FQbjMDzULFC2RRenwu9gnANDP6RM8eEjsewCWRDY6hv,Musk,7U6FfVmiUBMZJQkcXiAs8GcVb6LRQKZEcsys8hpzomQX,meteoradbc,1791617125,0.00004456,,44567.78,44567.78,0,0,2562.07,2562.07,0,0,0,0,116,58,116,58,,,210,210,0,0,0,1,,1791624779,0,0,0,0,80,43,80,43,100.0
1791624749,tizC6rrt3Mamp4q42WN4u652dMFj1WsHtQHsANsWpfr,Musk,2fQFE2uXpzbVvY7mpie4FVWiNhD9rRGATYcMZXf4mfmz,meteoradbc,1791617114,0.00004215,,42154.19,42154.19,0,0,19049.68,19049.68,0,0,0,0,456,533,456,533,,,101,101,0,0,0,1,,1791624779,0,0,0,0,191,200,191,200,
1791624747,ECh87vumf51MtZiZn6KbXftKhqwNBVhBoyWfEBBpKm2W,Musk,221EzGQm7Bk2wWzBiEXVfV83ZNoLwJCEQyUsQQcAfYq4,meteoradbc,1791617093,0.00003830,,38303.17,38303.17,0,0,2184.58,2184.58,0,0,0,0,52,45,52,45,,,167,167,0,0,0,1,,1791624779,0,0,0,0,50,35,50,35,
1791624746,E8D9jUxJAvBA7zNiNnktoiG6JzdBNxkTCWGWKSVX1gVA,Musk,GdXxbM3B3XvMnGizQ1SKjRf1NJFrRvCqJm8iN7Sngzaf,pumpswap,1791616914,0.0001282,207635.32,128219,128219,202620.36,2831197.86,11860167.67,11860167.67,175,90,2569,1255,8780,5871,8780,5871,0.48,18.2,116,116,0,0,0,1,,1791624779,85,23,1306,27,2958,38,2958,38,0.000000000438715964971333
1791624743,64GXmXjTQmVxc3XwZG5aMZdbmq4UrkedCLyqHFzppump,Musk,5Dx8N7K85m3BF6aCrgaWN833h4SZY7JMDMbVsczhjVF8,pumpswap,1791615663,0.00009244,26942.07,90563,90563,1970.93,43812.99,786087.9,786087.9,30,21,506,356,6031,4859,6031,4859,-11.78,-42.27,105,105,0,1,1,1,,1791624779,30,18,468,469,3260,3001,3260,3001,100.0
1791624742,29s7BRSf68TjM8NqBhiuEsJM3E3mtanoEWy62JpDfKun,OPTIMUS,5HrU4Nh3zp9TYrwFUA2186S7BQ5mQ4k7L7GiNZc6u8vC,pumpswap,1791618360,0.000009205,6549.42,8795,8795,244.73,4954.02,132955.22,132955.22,1,5,86,102,2237,1891,2237,1891,-17.37,5.6,-79.62,-79.62,0,0,1,1,,1791624779,1,6,57,87,1335,1395,1335,1395,100.0
1791624746,DhXuGbbzyCmpE4DjbfBnpxq7r3LdtitJmgodojQN2FYC,UTYA,69yw6FZwrVaQr4bUWLmKMQQtfSVpC1t6Q1iibVMkRpRX,meteoradbc,1791619201,0.00003374,,33748.58,33748.58,0,0,1289.75,1289.75,0,0,0,0,21,15,21,15,,,149,149,0,0,0,1,,1791624779,0,0,0,0,17,15,17,15,
1791624746,CZRNXaxgLkvf5udSTxQa2zhHbQBNDQMi2WkESbGppump,Musk,N8ERLBdAySYFF68uheHUrjSKPKCGsYncGRZd7FRePHY,pumpswap,1791619169,0.000003212,3114.49,3075,3075,58.42,1960.07,143591.36,143591.36,0,3,70,63,2041,1772,2041,1772,-5.14,-29.27,-93.19,-93.19,0,1,1,1,,1791624779,0,4,35,65,1339,1399,1339,1399,
1791624747,EcCeCMuEKh3rrpmE1cJrEC1LqSWZsMhB8nJMMBuqPzGN,Musk,6TnUSVmoyptyozzsje4gDMSYqaYU5QGPEik7j5NDfatn,meteoradbc,1791619090,0.00004404,,44044.29,44044.29,0,0,14146.62,14146.62,0,0,0,0,309,347,309,347,,,116,116,0,0,0,1,,1791624779,0,0,0,0,169,159,169,159,
1791624745,BNzVXc6oAzt1S9Cvc6uNdoUFNqdtewAyUSNohsXEpump,MUMBA,7c6MwkRC2mTAMMUbgAay711s7jcdGoMvhDaHHNY2nHs5,pumpfun,1791618808,0.00004511,,45114.64,45114.64,0,0,9333.58,9333.58,0,0,0,0,6,0,6,0,,,1360,1360,0,0,0,1,,1791624779,0,0,0,0,6,0,6,0,
1791624743,6dgcFKeqRzAK93bex5FymQG9sPuGmWbkuSSg921Yfidn,OpenAI,Bnhv7tDoGB8XAc7u6ou7zmyDti7xbArHcbWNxHkcE8XY,pumpswap,1791619000,0.000001993,2025.94,1984,1984,0,59190.86,154623.96,154623.96,0,0,5787,4630,20281,9930,20281,9930,,-97.46,-95.63,-95.63,0,0,0,1,,1791624779,0,0,409,828,461,987,461,987,100.0
1791624744,6sMFZoyG4uYS6DRvxWowNCx6vqtPjDTmBuCurwWqpump,Apple,ALffo9PmBaLJow5kVA7ANDo7qmv8tk3Ht5axW91dYGAW,pumpswap,1791618947,0.000001947,1964.65,1947,1947,0,0,83396.42,83396.42,0,0,0,0,5886,7538,5886,7538,,,-95.73,-95.73,0,0,0,1,,1791624779,0,0,0,0,428,2126,428,2126,100.0
1791624747,GRnu5ACuM4EYBrmwPmZxYwdr21kHBPF8GXehtFMYFLxX,CLAUDIA,Ev1HDnozHuVfbts6ixUk5fxDNJzgKJx8TCdtVWD15hjB,pumpswap,1791618519,0.00002965,0,29651,29651,0,225689.89,1669255.09,1669255.09,0,0,346,372,4590,2838,4590,2838,,34.54,217,217,0,0,0,1,,1791624779,0,0,61,64,2095,90,2095,90,0.00000000109556325877729
1791624743,6WxYXPwPt7XGPmvKX7tb2vxNuo6g8bfdm5oT7ATVvsRe,PSST,AbwvY545CtWZSDrz2LzFakB4DvT9JkFh6wDX4dFhJYaj,meteoradbc,1791618368,0.00004347,,43470.72,43470.72,0,0,22035.15,22035.15,0,0,0,0,696,868,696,868,,,222,222,0,0,0,1,,1791624779,0,0,0,0,226,218,226,218,100.0
1791624748,HZL2ga4kXjZp8377B5TcWBuqvBTtxqK2KZb6mjcnpump,Tesselai,G9hs1HqodLCCXhVbcg5aE6za7abq49P25Qck4txZgDuz,pumpswap,1791620138,0.00002893,13453.95,27624,27624,8744.45,137218.73,312112.94,312112.94,86,74,1724,1498,3621,2858,3621,2858,25.9,-64.8,-44.96,-44.96,0,1,1,1,,1791624766,29,30,1027,1235,2302,2056,2302,2056,100.0
1791624748,JC9JFMbjwL8ZzM6HpcJHUYT1p3MsyLVY8rG2grMZpump,QSPHINX,DeE63m3SzW1969q3PaDtKFcVyDi8J4KKKjYbqCo6v7g6,pumpswap,1791622309,0.00005742,19835.1,54844,54844,8759.85,293520.18,293520.18,293520.18,90,80,2774,2311,2774,2311,2774,2311,-25.02,25.44,25.44,25.44,0,1,1,1,,1791624779,60,56,1806,1567,1806,1567,1806,1567,100.0
1791624745,9f6tX8jpkd2jmK5hpdLzpsFwvpLtnixEhc5u5KfrDZAD,Dolly,79a7jHp7xnxhVQCTsmQhctd1LcQVdGyUnmXTUKB4f92Y,meteoradbc,1791620865,0.00003730,,37308.05,37308.05,0,0,3199.89,3199.89,0,0,0,0,109,125,109,125,,,155,155,0,0,0,1,,1791624779,0,0,0,0,91,90,91,90,
1791624746,Dr68p2F4QHdaPXb9LejR8hDBuTtK7wLve4mZ15Bo4Wyb,glint,2wXK97Yx4ekBLQUuazbAWWKFX6M2ZcdsAKCNx94Xckmv,meteoradbc,1791620913,0.00004309,,43091.28,43091.28,0,0,3949.55,3949.55,0,0,0,0,148,167,148,167,,,219,219,0,0,0,1,,1791624779,0,0,0,0,104,117,104,117,
1791624742,2y5WZiUsdwFMB5DTUnQxkScVbf5SgQaVbRZE2oU3dFRv,Tesselai,3mfVSFyHEKnYs2WZWeFHh2PidLkLxohXwqoJPyityaYj,meteoradbc,1791620997,0.00004500,,45009.54,45009.54,0,0,12445.32,12445.32,0,0,0,0,361,394,361,394,,,115,115,0,0,0,1,,1791624779,0,0,197,214,201,214,201,214,
1791624746,DDKgVXWRtKkPZcp7GZBXyKPQ6XZJN66qH7vv8Kyr17fr,LATTICE,9QzHtH7JWbZDfW7pC5WZqeGe8f2wgBPrCWnA2TDCs9M4,meteoradbc,1791620983,0.00004225,,42254.97,42254.97,0,2025.55,14033.26,14033.26,0,0,88,96,545,628,545,628,,13.99,189,189,0,0,0,1,,1791624779,0,0,161,142,170,143,170,143,
1791624742,2nR5hTFZNPTq4KeXvcRkjzo2WRKQr3jvXMiQKzQexrPM,Google,8VBYZqMsWHE2qsBdFLHny4Ja3eBFVJDULDDz1wcP3Rht,meteora,1791620938,0.00002943,43.94,29431,29431,0,340948.39,400319.16,400319.16,0,0,10283,1641,12219,1969,12219,1969,,59.92,198,198,0,0,0,1,DYN2,1791624779,0,0,1206,207,1217,216,1217,216,0.0
1791624742,3Z6CWzj7uUca8NMqvKxTvPbhsNh5jW9PLDNDuDfJpump,Google,CDpWk79k5TjMvKcJdH3gZMJxYeHp4BntL7uNBTsmMb2V,pumpswap,1791620004,0.000001955,1975.17,1947,1947,0,44584.92,91091.23,91091.23,0,0,2232,3345,9569,8804,9569,8804,,-99.72,-95.72,-95.72,0,0,0,1,,1791624779,0,0,1125,2032,1703,2073,1703,2073,100.0
1791624743,6Yg781spq8EkZSu2UbWxZd5KtAv1V4fTbSv2do5376Ju,QI,DZTTL8kYt4bxj1YR5PRZ7BqCg7HgeGxALhxqswmggbeh,pumpswap,1791619812,0.0001257,205684.89,125750,125750,182436.18,6823324.49,10937583.38,10937583.38,177,80,4868,3483,7623,5690,7623,5690,-0.73,36.49,104,104,0,0,0,1,,1791624779,103,27,1386,29,1993,40,1993,40,0.000000000430665446822985
1791624747,Ex6G49vhgRhGcSHtviQz36yDvnKvRMUGvQnpTT4gdEp,TM,9MPdTMAZuxtpc3NpVH7DhRHaLpon49Qwdx4nKccR1Sxs,pumpswap,1791619347,0.000001237,0,123710,123710,0,6192737.99,9945125.06,9945125.06,0,0,6752,4494,11482,7263,11482,7263,,22.91,155,155,0,0,0,1,,1791624779,0,0,1929,20,2021,32,2021,32,0.0000000000487357752820878
1791624748,iSzq7i8iqeViJ8oV2K8ZHs1QmrUK8yUXAMC4WdJpump,Rolex,56FKzkxdCKpPt2bRoFqSiCHz3SeUQQCKErxJ7rvRStFa,pumpswap,1791618837,0.002266,130818.85,2254872,2254872,3596.36,51349.02,96605.62,96605.62,1923,1414,27282,20047,45465,33454,45465,33454,6.31,156,4867,4867,0,0,0,1,,1791624779,297,271,323,317,363,352,363,352,100.0
1791624744,78Yrrg4STbaAawBd6Q1Rw9Y5ygh7c9AWFLWgxh1mpump,LEGO,HyGaqgcKNJq7FT3R4WftYSZ356BmJX9C3bmgNCEuQaYJ,pumpswap,1791619465,0.000001956,1983.6,1948,1948,0,81391.51,140355.93,140355.93,0,0,5548,7337,12008,13406,12008,13406,,-99.77,-95.71,-95.71,0,0,0,1,,1791624779,0,0,364,2177,420,2212,420,2212,100.0
1791624748,K4M66ywF8zkR664M9ZimCzGWwxrtgvuGqVzojCepump,ELON,FCQbrKRs5aH3abdugYS9qtpPf2o9sjhqga6KD8KZzjwE,pumpswap,1791620259,0.000001957,1976.07,1948,1948,0,53535.6,82539.27,82539.27,0,0,5611,6598,12503,11676,12503,11676,,-99.67,-95.71,-95.71,0,0,0,1,,1791624779,0,0,326,902,384,932,384,932,100.0
1791624745,Bja6YJskrxCB8XW5TE65XwDMQDawnfddzqVZKLzZpump,GTA6 Coin,BBX9wuoDuyZq2ThTcaPM3CPHywcZMfPhBcMbuW4UQ27S,pumpswap,1791620822,0.000001971,1986.43,1972,1972,0,42921.83,69375.63,69375.63,0,0,2399,4177,3884,5565,3884,5565,,-99.59,-95.68,-95.68,0,0,0,1,,1791624779,0,0,373,2106,417,2119,417,2119,100.0
1791624748,HLmmZmcfwPbgZEXNt57XHvJqrZkU1rPFPFQmGgMPpump,POOPPHIL,9pzZ9hXR8dRwPKzPadjqG9ub8BWTmy5avd4pS5Y9DGEM,pumpfun,1791621426,0.00003918,,39189.54,39189.54,0,8474.72,8474.72,8474.72,0,0,5,0,5,0,5,0,,1172,1172,1172,0,1,2,1,,1791624766,0,0,7,0,7,0,7,0,
1791624747,H6j6Sy8Dg4VbQEG4sgFt7rGB2WkHK6cHRwKRpWbEpump,CLAUDPHIL,4QojnJoDVUMa8ihgukNTEVVVghtzKs3f1UGYa4xJNKmn,pumpfun,1791620828,0.00004435,,44356.92,44356.92,0,0,9228.17,9228.17,0,0,0,0,5,0,5,0,,,1335,1335,0,1,0,1,,1791624766,0,0,0,0,6,0,6,0,
1791624746,D4cYhYCPDM7trS62B7sKTTKeWtCDtG5ECjCtMSthpump,SOBDOG,85GXpjwt31qLTUxyRVMjQZdKtBSAkFsdHNmuW41kcvr,pumpswap,1791621444,0.0001556,34269.2,151734,151734,17203.18,434488.71,434488.71,434488.71,200,130,4678,3624,4678,3624,4678,3624,-0.55,252,252,252,0,1,1,1,,1791624766,185,116,3124,2389,3124,2389,3124,2389,
1791624743,5rPE4QrErUHoyQq9JSMMXk9UkP5R4nkkN19yj5cFx9Eh,Yuumi,2SBmyhDtLkWt4UxguVzz74SFJv3CbnyVJ6nTLMZn4rLq,pumpswap,1791622594,0.00003483,0,34834,34834,0,119487.67,119487.67,119487.67,0,0,1767,794,1767,794,1767,794,,66.38,66.38,66.38,0,0,0,1,,1791624766,0,0,1112,102,1112,102,1112,102,0.000000000734666897127815
1791624744,8FJC4gG6DE8T8eRyMsxoAJs8pyrka3KGqFvHmhGT53q2,GIGATENEV,7ddVvb6p27RutW2bmJaHhjhsxgbtnf9etEEDtqYFUr7U,meteoradbc,1791622595,0.00005446,,54464.43,54464.43,0,5156.9,5156.9,5156.9,0,0,148,172,148,172,148,172,,34.55,34.55,34.55,0,0,0,1,,1791624766,0,0,111,99,111,99,111,99,
1791624747,FioZV9trRFFKzrMQ8TVS13ehmxg7oTLaH8ss8JE6Tx6T,QSPHINX,8zquCRUpkX5ErJ8vfqtSTnujHrLf7LXwHf5SPxhXaAE2,meteora,1791622633,0.00001714,3.86,17149,17149,0,165820.47,165820.47,165820.47,0,0,1411,693,1411,693,1411,693,,120,120,120,0,0,0,1,DYN2,1791624766,0,0,1101,50,1101,50,1101,50,0.0
1791624747,Fv3kk9JbM7kGVLcEnXAE2cupWBoeTJn58duspY1Wpump,sleeping,DhhxrJEf6rgE6NQqPtHphyCzDX9ysCvVHoHf1dzWcHh9,pumpfun,1791622616,0.00002387,,23875.16,23875.16,0,1449.97,1449.97,1449.97,0,0,22,9,22,9,22,9,,440,440,440,0,0,0,1,,1791624766,0,0,6,7,6,7,6,7,100.0
1791624742,3vkyPWCFtWM8XfpUAbU395ncTD2Jh5eJtakFRp8CZFey,SOBDOG,HVRs4SaRbzFSzVJzWmWTtPybpa6Q913NEvKXxgjNASYx,meteoradbc,1791622377,0.00003087,,30874.9,30874.9,0,14791.49,14791.49,14791.49,0,0,493,534,493,534,493,534,,81.29,81.29,81.29,0,0,0,1,,1791624766,0,0,194,193,194,193,194,193,100.0
1791624742,3Waj5dn4vRfm7d53Wf1PpayuddGVnkTWoU1DDsrMfm3q,SOBDOG,8xutX8SatyS7nrgKhU6J9HgFATq5Pb2aEeUFi9KH9G28,meteora,1791622118,0.00008125,47.48,81251,81251,0,1622865.46,1622865.46,1622865.46,0,0,5188,2545,5188,2545,5188,2545,,770,770,770,0,0,0,1,DYN2,1791624766,0,0,2114,100,2114,100,2114,100,0.0
1791624746,DZTd38jheQ3xmoQPEQWhwkAfcHYiozQVGxY8ES8W1QiG,POOPPHIL,5mKyQCuL4U5jn3UTkAX6zweHKspM2QWqXtqpfdCQxobk,meteora,1791622272,0.00002774,31.22,27746,27746,0,301166.11,301166.11,301166.11,0,0,8931,1490,8931,1490,8931,1490,,180,180,180,0,0,0,1,DYN2,1791624766,0,0,1190,188,1190,188,1190,188,0.0
1791624742,2JwS1FEupnuXcGpGQdQFEyuhQpBkvsqN6e8Y2uc4kDc4,SOBDOG,4ox5FCPKCVXqGXyJUJGw74fync9vCr3wDJHZ4MXaBqBA,meteoradbc,1791622270,0.00004318,,43188.78,43188.78,0,16466.16,16466.16,16466.16,0,0,654,739,654,739,654,739,,219,219,219,0,0,0,1,,1791624766,0,0,170,149,170,149,170,149,100.0
1791624747,FhQfnAkBEctSGtC4JV8yJhvootS5enETzKdEdZXN9dwc,Tesselai,4F2ChUkh9vjNiHnmpedkx87UWhmkjigtiwPutrmozmjF,meteora,1791621640,0.00002999,48.75,29991,29991,0,402532.71,402532.71,402532.71,0,0,12233,2045,12233,2045,12233,2045,,203,203,203,0,0,0,1,DYN2,1791624766,0,0,1217,216,1217,216,1217,216,0.0
1791624747,GW1LMaDNnrdMTFYpEcSdcQGxNFERQFW7h6i7WiHjT5sZ,SOBDOG,8YVmb5xhiZHoqc6CX73JQRcnTGbrmx31HVBSdVMyReBz,meteora,1791622321,0.00008194,111.14,81943,81943,0,2403889.14,2403889.14,2403889.14,0,0,7461,5193,7461,5193,7461,5193,,777,777,777,0,0,0,1,DYN2,1791624766,0,0,2144,133,2144,133,2144,133,0.0
1791624747,GSJVhYtgzk1Q47KYJ1SCXZ8BYGB2v9uK2RYvEx8a2MdB,SOBDOG,49mS5ta9GXrZwf14yTDGoFpvqt2nv9haZGQqksch5Aqj,pumpswap,1791622208,0.5014,0,501416495,501416495,0,305761.1,305761.1,305761.1,0,0,2775,871,2775,871,2775,871,,6798148,6798148,6798148,0,0,0,1,,1791624766,0,0,2016,53,2016,53,2016,53,0.00000000123400348125623
1791624746,CvxQvqNQVRqq96oeoRnf6H64Memd8Weas9gte2xupump,SEED,Gma1QtoLJHroZhod4bjW5ee9JoeJQ7zJsTadmVfSiBve,pumpswap,1791615660,0.0002614,43144.13,256731,256731,0.79,4484.01,26281.58,26281.58,0,1,18,18,138,154,138,154,-1.35,17.78,471,471,0,1,2,1,,1791624766,3,0,24,18,149,147,149,147,100.0
1791624747,EQviBZNWSWzCsNa8auWy1rQdEJ9q18UqmsLpcsS5pump,SQI,8g4qsMthpfz7uuPU8JFoZXgooc5s3n7pjqQU7dCoS1gr,pumpswap,1791621364,0.00002793,12793.58,26753,26753,751.55,34317.08,34317.08,34317.08,18,21,412,392,412,392,412,392,-22.74,-39.98,-39.98,-39.98,10,0,1,1,,1791624766,7,17,380,332,380,332,380,332,100.0
1791624746,Dkh6ezn7T6ahZH6DwsCsaEPZQ3LMNLhaKifJk49EzftA,NEX Ai,Eci2yfd4GK84wok7AeBcm9rhat6bHdehKe7o6J7vXUaU,pumpswap,1791624574,0.00002357,41883.52,23574,23574,6905.6,6905.6,6905.6,6905.6,245,54,245,54,245,54,245,54,13.71,13.71,13.71,13.71,0,0,0,1,,1791624766,271,34,282,34,282,34,282,34,0.000000000776946063833039
1791624747,Gk4G3YbaEHUUSGdiouWY4XPfHAbSqXB5Kn1KDLvgpYxr,DEARAI,67xa1BeiwrDoKR2MQTSsSgMotBQYr43uNqMsy3hsaHzp,meteora,1791624577,0.00003038,33742.96,30382,30382,81160.82,81160.82,81160.82,81160.82,306,133,306,133,306,133,306,133,225,225,225,225,0,0,0,1,DYN2,1791624766,251,46,274,54,274,54,274,54,0.0
1791624743,6K9jm5vgXUr1bgjeXQ3rxJKf7EyZfjaQVixs4S1PWtwo,FOMO,63Heb9cEYG2XtfCLANVMqdDUxvJueakLTC5LzeRA9WAU,meteora,1791624569,0.00004226,39799.09,42270,42270,22020.89,22020.89,22020.89,22020.89,1124,42,1124,42,1124,42,1124,42,327,327,327,327,0,0,0,1,DYN2,1791624766,1103,77,1115,80,1115,80,1115,80,0.0
1791624744,7crKeV6UxXYRhEH78TppqrPd9JrTXRiVwfmaEs3ZN8qc,Jef,9Gp6Fw8qYj5ThYo7E9PmVrh8XqvKeo4ETQGNehtfcP5i,meteora,1791624566,0.00001708,25301.04,17084,17084,66197.01,66197.01,66197.01,66197.01,487,390,487,390,487,390,487,390,82.59,82.59,82.59,82.59,0,0,0,1,DYN2,1791624766,324,92,368,99,368,99,368,99,0.0
1791624744,74vRhXniWqFjbDR91mEperUbF1tYd3teZDNpzmpRpump,FOMO,GzqcoquDwFEp6D3mPRPtuTfvoiV9aKKKjj5ZX7mh9muv,pumpswap,1791623789,0.0006195,67389.48,619592,619592,6479.4,35540.1,35540.1,35540.1,1620,1618,5740,5626,5740,5626,5740,5626,13.7,1256,1256,1256,0,0,0,1,,1791624766,268,250,467,405,467,405,467,405,100.0
1791624748,do9zyLNtai2i86x5LX9E9eZFEaWh82giuTrSMHAcVci,MRBEAST,ARndAnVJ8StSwjQSneqacJcpvyQ1zixe8Xh5DZnhtPEP,pumpswap,1791623346,0.00004470,49217.92,44707,44707,632192.9,2945561.38,2945561.38,2945561.38,660,361,3387,1743,3387,1743,3387,1743,11.53,327,327,327,0,0,0,1,,1791624766,164,20,1367,30,1367,30,1367,30,0.00000000109556325877729
1791624746,BuWgJPJ6pqyjqtpcuT3BB1u6XXbruQsswP2MfmzmbbXE,QSPHINX,Eo6pQA8Xmig9QABRDod6uYSGYiMqTuoYknWDt4oybLSK,meteoradbc,1791623637,0.00003286,,32865.4,32865.4,0,8515.81,8515.81,8515.81,0,0,294,315,294,315,294,315,,92.64,92.64,92.64,0,0,0,1,,1791624766,0,0,169,165,169,165,169,165,100.0
1791624745,Bmvr25AVqgKASfFZ8BcXSvyWUub3EUG6KeXTNHqfm1M5,QSPHINX,irGLPsWC2BBz1P8DJYDdbE18sAAuHzB4YGFd2KYuHf9,meteora,1791623524,0.00004006,38748.3,40068,40068,58974.61,323121.72,323121.72,323121.72,1950,255,9724,1634,9724,1634,9724,1634,89.21,304,304,304,0,0,0,1,DYN2,1791624766,1124,99,1180,145,1180,145,1180,145,0.0
1791624747,EcfGXYxDeP22y8x4rSXRbZFCNDx4NJPN5cKe24y3LKg,SOBDOG,2qCVE9VZ6mRQV4P18s2Kv1aHC7RUEFH2rqDxDCmevkpA,pumpswap,1791623856,0.0000008790,133999.48,87902,87902,465275.66,1348369.37,1348369.37,1348369.37,618,347,1950,1021,1950,1021,1950,1021,11.89,76.96,76.96,76.96,0,0,0,1,,1791624766,165,20,818,29,818,29,818,29,0.0000000000481787767003094
1791624742,2Fv3xvt3nTGWwKEdUrniTMfqgAfes1vL9aiCWKtspump,GTA6 Coin,GgN77Pkt6C8svMuY1LYLScHwSG2pT4ypP4f5NQViYTRt,pumpswap,1791624406,0.0004655,58137.44,465507,465507,7443.13,25684.92,25684.92,25684.92,1200,1106,1280,1134,1280,1134,1280,1134,16.49,919,919,919,0,0,0,1,,1791624766,281,268,390,326,390,326,390,326,100.0
1791624747,GACR7SqCpKeUKanotdj1KKaiHoRHRbSSWnsjqKNk7Jq8,SOBDOG,9scXo7g6oSb71USJPB8knXHKrDGhQ1egYrdYocc1cJt7,meteora,1791623433,0.00004117,39281.19,41178,41178,57917.26,347038.65,347038.65,347038.65,2028,257,10546,1768,10546,1768,10546,1768,94.31,316,316,316,0,0,0,1,DYN2,1791624766,1140,105,1183,147,1183,147,1183,147,0.0
1791624744,88jUcA4vvbiyXxhhnk6RHyxuGaHhR7NQnfVwd6hBpump,Jef,AeJzg6fNHRds8aTnyTos3cPzZMQrEDY5TKm1YJTvieC,pumpfun,1791623949,0.00003735,,37352.75,37352.75,19772.53,73436.32,73436.32,73436.32,358,254,1094,720,1094,720,1094,720,38.36,794,794,794,0,0,0,1,,1791624766,183,107,1066,736,1066,736,1066,736,100.0
1791624743,6eBZPEeUFEGn6wbqzpCoKH3SRGf57PHLjG2qWjFppump,TikTok,CGVGvWAuEbQqfBnfRQXXxCP1g8wQAhRJzYhEHkpLaHeq,pumpswap,1791624255,0.0005235,61775.46,523587,523587,6797.2,28633.55,28633.55,28633.55,889,895,1377,1183,1377,1183,1377,1183,8.72,1045,1045,1045,0,0,0,1,,1791624766,242,242,393,333,393,333,393,333,100.0
