ts,token,islem_ts,tur,cuzdan,usd,tx
1789120135,3SZMJgBEoJkjD3Q45eK9pDnfc3gkUjNw4wzqqNgyxLdb,2026-09-11T09:44:42Z,al,29hDcch4iGEAwjCUvR9ik9TA22xUW54aHUbggGfgDeCC,4064.12,2Zc7Q1YuuTL7ZNoNqRjj5wLrs6Gx5VMBUzashGdntBsXZmU4jH5WYLk6v6zMKzYxNDP69k9EdGfDTKnLbTN98Dr3
1789120208,8H5yfL1GoDETLDaLYZzrgQuZs37eiKJjdfP21b6ypump,2026-09-10T22:16:58Z,sat,2V4BVVSkcmBycCxUY7QY1CPRFGTDzdAjp7JMUBNJC3G1,5622.91,44cVnqNFNBzkNzqschBNF2qg3WWpyctV8YKi1jaDAxXbAJdgSd4LsUWF3k68JkVpuwmAh71TAK2MkNgkRfXu8kZW
1789120208,8H5yfL1GoDETLDaLYZzrgQuZs37eiKJjdfP21b6ypump,2026-09-10T20:02:56Z,sat,4jswrf2LCGuTfs7JNpsTUgMmcqBiUsuJFq6a6yQme3rR,2989.16,vjCB3WYecQikFgRkeLvJqPW9Bf5RFEdZ2FwoRKCJyKPnJ3NGA7ohyKdnCq8RxrhST4KUSpP26fqW1fFsxcu8WmA
1789120208,8H5yfL1GoDETLDaLYZzrgQuZs37eiKJjdfP21b6ypump,2026-09-10T18:09:01Z,al,8Kz5n9GJSitARKvJVdwciiPdvgByN2Lk1b8pAgRcow4c,2771.1,4Y18NYutvNX3qRSk7wPH18T6UCsrJAvCdy2SZcfxmVunmM72Q37vUUPpfKmVMzYnXwnhtRBpntdF7y1Vc3pchJk
1789120232,9sJJSXjHeM8ZrpczowrBYhqNU3dyHU8nQnvm6CH2pump,2026-09-11T09:22:07Z,al,GWNoTBmmtcz1pnreQaHrscjjKyEPBS7npdt5n2ebyyYn,9038.47,ShBJv91JcYxNtF2KT1idiag8t9bSKnYDEhWMMzWMt44m7pE5YeFg8zLE6Kj6fQbEGba5HRR6cDjAbJyVWXMpJzh
1789120257,AuXiroMNJbGHbsaehHrAS9rEWmCjEREaSywS3Pq2pump,2026-09-11T09:22:43Z,al,9psHKh1iqr1kEDRh5c39zf1uYUwu1cwbo9F9kLK3QBaC,7951.48,4xh9z7DCNb3HPwKy5jUQoDTgCY6QfPH6kEdExJjuW175SWEgJhndXAG5kWWqEQM1Cnh7Zwbve2oK3k9bu9ZoSKWj
1789120305,CiqZrrsxWV9tyz6rL2AfVuibEH45FZq62Z9ZyEdFpump,2026-09-11T09:12:57Z,al,HixUdVsiUjeiCwMfra22K74b3dwwa5Y5RPxnPbmgpiVC,6954.42,4bR5vxoQZeMzcNtK51MRiXhvqN5jsAvzPZafpdHQngcThx1Btdrfi1Hwff75LCFWBfCjDYNveJQJgJFsKW69iBUt
1789120354,qzbAre12HpHo22uxdBNneLNBZhEkM6LcxXabSfcpump,2026-09-11T09:43:46Z,al,EthNpF4WJ5SunAnCsPueRZKuNv7f2WbYPPkitqWB3U4T,19424.95,5zUHMDv4TVZBpkpXaHBRVuWCzgfN9PqSegg3iVgz8xjzhR7ntGa2YMKLyq3PjTJQTR4mJqvyb1jdCMzLwyukKDV4
1789120391,AgMWUmbKycV1Pc3X3whJn71CEdbbarDQx7q2f5AYpump,2026-09-11T06:53:25Z,al,AYV74ygD2g7zPGaLbH9QNXhP9RSzSQhpbk7PMB1pM5xP,72666.52,jmh6p7Lfcr7TKwjJ1yBM6eR7D7BeVSQKVj84GsyqENY26prU4f9E2YXi3rHpcS6bES66UaXoYHXVu8h4yVfFSkr
1789120403,DjNB7mw4uAE5TPRJ5qSojCLeLCFn5u9CyAghmpHKpump,2026-09-11T05:58:54Z,al,J9KWU8QnMkAhGVb5WcQiTKcpbkMdM89jvuEvAywdYabU,49144.05,2coyN4q85TyqGobwX6sH5mjq7j3Gi885VmcLFB7dis4rHmq1WdRg2VMCSYpXFNhbahi5nGySE8PqboWqibceDh6y
1789120415,aJj9bjhNJAM7UQ4Nfa3eka3PgC8XeyQp7tvxKDCpump,2026-09-11T05:04:17Z,al,32g2EWUFtVV1HyKevF9mgzDRp7kqWzsyPXzFZ82ZAVda,78478.13,3hzG5FALJu77ajR5iijAqNjyEmpgx6BkvuM127jjb4BFT8tuJ6HM7jzm1obxzpd6tK56eBkCXi1Q2GZ98TYDUkfF
1789120452,FxwxGnk8CP72An586CwoAAmaEZU7QTa2SDuTZXvNpump,2026-09-11T06:41:58Z,al,EcYnERa8qmNSGwHkWUYLTSNdLc2sFn3JUSgY5C3Le9Z,7943.9,3xic539z5bWmFx1bpmKX2M2wtnGyRLuJisVpSzbjv1mXF9FRiMz9bKjkt5Y3LW8F7acXKoz4sAse899zzj9nd2Zw
1789120464,M8DyYLDiUpvD7YfM4SPttqcHyXVF556LsMujBDwpump,2026-09-11T06:30:56Z,al,FqjKXiNjCJFGsBnyuJevTp9MQHRY1Sp8qsXshL4Tvepv,93628.14,5rSXYtXNuvkLf8JFn2EhLB6usnTCR6CEZkZXUenhmsNPbyYoRTgS4JyodFcuhpW4xeszSLRpPqAnJ8Xdnw1xwD2w
1789120500,2bRoY87nsBq84TTKJKFD5gYxVLPhrTPKK9MaheSLCCLg,2026-09-11T05:31:42Z,sat,5KXDF6QnqhBj72hDtJNkkpFaQVUfbFXNybMsp3DiK6tD,8604.62,5rokHdqjfeXqpFFDpfi3jorBjsHg8S4G5Et3HbfPiWUZBJTMSEK6pm65hUhbE4fDB1aBXDJfAjQ1QpZgpEY1yq79
1789120513,3XQZDtpn5QisVxcvB4sAReoknWnooU7yM4YCQtj45nqp,2026-09-11T04:25:11Z,al,VJSDW6S74YXR4rRR9P4xwhMvLZJQMhrUb8XMFirUsy1,2666.87,6Hg8KXT3NRTL67wHXyKH3CRdrR7a1JNEXrwyMi72ZJ9QYfoWGrZStfnfpYJFGENHNi4ML1ydfBqdppCgRTNUYVH
1789120513,3XQZDtpn5QisVxcvB4sAReoknWnooU7yM4YCQtj45nqp,2026-09-10T17:31:18Z,sat,FHpcNSe6tb2n15bAdq4BkeYWGyZKFD7yLYrH92ng7wCT,4340.14,31m6eVpKrS1wFeTbXPkMCj3D7epm6WLFqY8BnCdYkSxzvAW3gnTobMgUUhRZD68guAmiUaoMzEdGCF6Y2HeVmFbX
1789120513,3XQZDtpn5QisVxcvB4sAReoknWnooU7yM4YCQtj45nqp,2026-09-10T16:13:47Z,sat,AgmLJBMDCqWynYnQiPCuj9ewsNNsBJXyzoUhD9LJzN51,2509.76,3C4rm2vQVTExAJUqJq1CxWTXzzqTh964b6g7LFCs64y2gQjeaYCABhwh5mG6KgopCuqQrYPhAfhzDi4w5cmJxKMN
1789120526,5dvXTZ5qwgafnHtwu3Ls3QrWx1U4LQsFeCuJgkk4QEC6,2026-09-11T09:52:39Z,sat,9VGR2wn1xdM8FECCjAi2DETHKmAcLiWQTMoL2dxT8Muo,2866.3,2sGHb666mKrw3qYEgL77vTJJhpaQUFk9YRfhFnYFmZYCfU2GTzZQtU5UvjeyknjvPzhvsqTs9i77TNr4tLztxfP5
1789120526,5dvXTZ5qwgafnHtwu3Ls3QrWx1U4LQsFeCuJgkk4QEC6,2026-09-11T09:52:13Z,sat,AxCfJeKNiTtogrZDwXr84tJVu9NEfN7RQf4Er6bK2hS9,2513.01,cNJPyi8w4E8j781LmwCmD9yeF4ynaQ2maSZktVmf2yybRz22efUQvBpshiMMcFNissGe1Z55TAACbbafs67q22o
1789120526,5dvXTZ5qwgafnHtwu3Ls3QrWx1U4LQsFeCuJgkk4QEC6,2026-09-11T09:51:59Z,sat,4ZZW5ePCAsHJdnHHUdgozdvLqYNVnkE9CgrW3iyZdskb,3386.05,4P5n2rXRtDHA27wQS1AUB1WbS6W43CuNQyQxgT8crq3y7HDku8x3q1233LiMoN7xT4CYReqcPv3JduM1EYv9sfgn
1789120526,5dvXTZ5qwgafnHtwu3Ls3QrWx1U4LQsFeCuJgkk4QEC6,2026-09-11T09:51:09Z,sat,B1tDuurbPTJjK8FVZFju8tzc2pyZm7JpqEwHp12D8jDU,4282.22,4N2jDKpHZ6vkMix2Hdbfb1RzK859ZXFcwDwWwqpWjsXumi7cpwLJ2JYxSjhFpYFaxVorUURC1ff3KM8txcbMLM39
1789120526,5dvXTZ5qwgafnHtwu3Ls3QrWx1U4LQsFeCuJgkk4QEC6,2026-09-11T09:49:46Z,sat,8xp3FcPxdkMajJxMKaj9UPYnhj5GZyeP5am1LPVvJk1z,2914.92,4EFovqSLKX4GvYYQtqtEoyrpt7YEgsHv9vbCVvFtAKzqGSnTChEjnLpQnQe5ZuCvt46PYNhTFeGaj9YDaGD17bW1
1789120526,5dvXTZ5qwgafnHtwu3Ls3QrWx1U4LQsFeCuJgkk4QEC6,2026-09-11T09:48:01Z,al,FJNjNK2HZsgMPG3n9jtNimFsmWvopRPMNemGK65S7uft,4912.34,4C921c11tSuy8qH5FrvVbTVFKoPGiv1VgfG9cHtFj3Y3aUp2fNNTHS9h3Hac1L6ucRJdbfE3RKFQNqJscj7FeQFq
1789120526,5dvXTZ5qwgafnHtwu3Ls3QrWx1U4LQsFeCuJgkk4QEC6,2026-09-11T09:47:32Z,sat,b619EzHShebQRX7oouwUD5fUo72ai8GgcMLAHkcqfG2,2990.03,8qwZx7v5L5PMEj39T13nFuS66V7fbh892n69aGsF6j6SuNrkEDueGz1J9XwLdkNbwas8igZrYP6qefJk5Zwqudt
1789120526,5dvXTZ5qwgafnHtwu3Ls3QrWx1U4LQsFeCuJgkk4QEC6,2026-09-11T09:47:04Z,al,FMcRLAJiG7ZPJ3HNiuW94UoN9fr8w62x7epaW7n1pS3q,6251.55,4dYdcT4TEZHSMMBckNQobQ1zPsjCt33nefXg3Z8nLPMa7o8EStfctGx9GoCsVbYfcNgCs3hFr5JdJSahbpPrgvkt
1789120526,5dvXTZ5qwgafnHtwu3Ls3QrWx1U4LQsFeCuJgkk4QEC6,2026-09-11T09:46:09Z,al,448MA5G5PAZ3xn1ct28tdpvN98Zf8C7aTdQMCaGJ9edf,4963.55,65zBEgZ6C6SY9nXr1dHA1ugTn4aQ87FAKo5DsNurwuhhJkKBwe5PxRjxq1rxaFKWPF4vgnyXxrtdAES2hhHG9F9M
1789120526,5dvXTZ5qwgafnHtwu3Ls3QrWx1U4LQsFeCuJgkk4QEC6,2026-09-11T09:45:08Z,sat,AgmLJBMDCqWynYnQiPCuj9ewsNNsBJXyzoUhD9LJzN51,4970.73,5F7LETNw5FtagiuBaExCufd582nUS9Ujku4GBJyNcByYNPFPrC54oAteCprkizT6Ae1WfFQGSB2Kx6LHoqCRLZAd
1789120526,5dvXTZ5qwgafnHtwu3Ls3QrWx1U4LQsFeCuJgkk4QEC6,2026-09-11T09:45:01Z,al,A9mk3GKNDtoEtZHdpnV66CoSqibyxHTnYqUduw7gQs4G,3081.46,8sn32nuEVp4stuCcDnwgj3s75bVAGCgYHYpGMQuoqrjwQ4UNd8pw1ZiqR1ygtTyxbpi5boT4Kfwm6mHmV9cUBrT
1789120526,5dvXTZ5qwgafnHtwu3Ls3QrWx1U4LQsFeCuJgkk4QEC6,2026-09-11T09:43:34Z,sat,MriyaNN8TMp6qRWjfr723PK7xgQK7yCt7Kg2v2PQu7X,6445.19,3bCFZ2ZfU9wmqssGEEidBjiHFT87ZEVyYpy7KM4xJrApZ4nqJ6yX8NDLw7W7GYNa69CKuGs9K3EuN29J9jwo9SEk
1789120526,5dvXTZ5qwgafnHtwu3Ls3QrWx1U4LQsFeCuJgkk4QEC6,2026-09-11T09:43:27Z,al,H5y3GAxqz9cs9iXsXVvEsm81bE6E7kKnVUus3dLzBR5q,5581.7,3tJ2yEzCwiqPDRMbDLX1a1jnfcQAEhagR51QA15SFx6ogTGFTNL4hJzVFZa4S7eis2UY97zHtXYxPcdecyapQp4W
1789120526,5dvXTZ5qwgafnHtwu3Ls3QrWx1U4LQsFeCuJgkk4QEC6,2026-09-11T09:43:02Z,al,3vAqA8dQGeQ4AB1MKTfzHwHcE8XZ6ffjN6Q69pJuPHFc,4731.49,3a7CTDJPdwY97UzXBCgm84bfFnRP2PLuhmAwkjEH95JenGzSpyhAnJ9FjsTikW7HmYZRpCimHf8UznSh9tM1xd9
1789120526,5dvXTZ5qwgafnHtwu3Ls3QrWx1U4LQsFeCuJgkk4QEC6,2026-09-11T09:39:23Z,al,H5y3GAxqz9cs9iXsXVvEsm81bE6E7kKnVUus3dLzBR5q,2609.3,53yA6zJgDpLMAUwKhtMGGUrfpLKzazxR5bif1e5NLbsFKkUxBAVVDNYDR2bZGLCeYYfqba3PFdKZmQaSMxKxxpeA
1789120526,5dvXTZ5qwgafnHtwu3Ls3QrWx1U4LQsFeCuJgkk4QEC6,2026-09-11T09:36:01Z,al,H5y3GAxqz9cs9iXsXVvEsm81bE6E7kKnVUus3dLzBR5q,4388.29,2wXepNfo7YDF3JqVLEc4R5BYopxEWYMGK2T8UeVegQGBpdUW9wqLaqSqoLPFr91qBLjnz1MeyCpPTdz2XPXFjZkZ
1789120526,5dvXTZ5qwgafnHtwu3Ls3QrWx1U4LQsFeCuJgkk4QEC6,2026-09-11T09:32:31Z,al,5Yyz7b37bzoL8rdeFxpVL539BURt8AMsxPEzw9HaE7Xr,2650.93,3xLCjStCUM8tH1eP5SbToJwnRARPRBtfWPPWoTJ2aC7fMRfa65wGPkyzeNbubQgecdntNWVQnnk7jgAG2irfq3iy
1789120526,5dvXTZ5qwgafnHtwu3Ls3QrWx1U4LQsFeCuJgkk4QEC6,2026-09-11T09:30:15Z,sat,G4yAJcuNq8623CKnmTDgxt2TtgGb5GdzS9rbeHU5ZM1r,5389.82,9Eaetv24sB6uztjVNAcPrjXdakxpwF1KVZ9LixWVye5Xpej8nBdppr8vEmRtc7sr2wLEerdE8ZUtGJRuteNwcR7
1789120526,5dvXTZ5qwgafnHtwu3Ls3QrWx1U4LQsFeCuJgkk4QEC6,2026-09-11T09:20:54Z,al,5Yyz7b37bzoL8rdeFxpVL539BURt8AMsxPEzw9HaE7Xr,3092.84,2UDQN3QK94mefiHrKbqhof3oDgrhvcxx5geKmrQWBLBb4FZdRJqrcW4JEdxAWiMWKi6bjcQejmvp1QNqoF8TnSXj
1789120526,5dvXTZ5qwgafnHtwu3Ls3QrWx1U4LQsFeCuJgkk4QEC6,2026-09-11T09:20:19Z,sat,Cqu5uKfKh6mSfqasYKGDYghGc7J54FAp9WCus9QnQSsR,3936.84,65eroZmHZzfXgqHZMXiK63tJkHkKZLvGVUnv3uvSsRNG5WRg5SQ3cwmYDj9WoHWe3HgQ2XJwkT1NzvdaFCYVevqA
1789120526,5dvXTZ5qwgafnHtwu3Ls3QrWx1U4LQsFeCuJgkk4QEC6,2026-09-11T09:17:30Z,sat,AW522MygGDQivNS5NQX4YoDcABkcZG43joCoa48YqvFt,3054.02,3MFCkZfmbDQW7iEFmyRJ6r2zjhj3SByHBnL2kQk6Wwto4pd3bojPWjVqLNJQ6jbfLy9kJmWvvjGRSC9ULMwKgauY
1789120526,5dvXTZ5qwgafnHtwu3Ls3QrWx1U4LQsFeCuJgkk4QEC6,2026-09-11T09:14:58Z,al,ApUwcBwDnXN9Ttn8g7m9pnyDucSGpU8jknWfLxvX54J8,2794.69,2DF7g1ToVTmshTWSQm1ALDV84spWH4QmbxKoDWyF2Z8PzAxYthhGKvtNm6U325uU5TQ8knGdPWujGg2bPSzsP7fd
1789120526,5dvXTZ5qwgafnHtwu3Ls3QrWx1U4LQsFeCuJgkk4QEC6,2026-09-11T09:12:29Z,al,ApUwcBwDnXN9Ttn8g7m9pnyDucSGpU8jknWfLxvX54J8,2736.22,3FxWP6UCbcU7hp3ks6pEvDkpH3SE9Um6mDWpZ8Zq2L3bTiPJQguSG7b18PxHpC4rgyuN39AhiBjLadicEryeaFNQ
1789120526,5dvXTZ5qwgafnHtwu3Ls3QrWx1U4LQsFeCuJgkk4QEC6,2026-09-11T09:12:07Z,al,5Yyz7b37bzoL8rdeFxpVL539BURt8AMsxPEzw9HaE7Xr,4051.3,24vdNVAsT9PZZ9ZjuotFYQo6eLBve19nz61TLsHHDNxppwftjsj3vQ3JrHZc5MmBRdkxqVWxsNJdGxfwcm1CJf9A
1789120526,5dvXTZ5qwgafnHtwu3Ls3QrWx1U4LQsFeCuJgkk4QEC6,2026-09-11T09:10:02Z,sat,G3h5YQA4iE7ozj3MvasAxdkpzx7G7sS8zg7yLR44vZJu,5272.62,4LsJ7ngpNjTUYVrgo3czLz5Dp84yid1WXtp8nrM2egfw3t7MiyQhUMpBQEFo5dSFzEYsFyAmmLeAXPVkzhnZZnr2
1789120526,5dvXTZ5qwgafnHtwu3Ls3QrWx1U4LQsFeCuJgkk4QEC6,2026-09-11T09:10:01Z,al,2mYnTfkQGxzRe8v8HcAtnMXFRveyu7tNSgZfwaMeLGzf,16406.24,2cPifSQ9ayXpaQArhPk8z8gU47iXCfNhgLLAwq88s3SJ9ZtxYVdZ7CQmdy9NP5qTExhEE5AyEKsgbh5b55mizUUX
1789120526,5dvXTZ5qwgafnHtwu3Ls3QrWx1U4LQsFeCuJgkk4QEC6,2026-09-11T09:09:43Z,al,ApUwcBwDnXN9Ttn8g7m9pnyDucSGpU8jknWfLxvX54J8,3165.09,3zXgiTD3JB3dgH5hVyvNKgRkRHt51eKPWweaPT4kut8Dv9jnVn6EfNrFoG2RnohBCNLvJwjCDnMyhBVaSumnZ2K8
1789120526,5dvXTZ5qwgafnHtwu3Ls3QrWx1U4LQsFeCuJgkk4QEC6,2026-09-11T09:07:26Z,sat,H6csbyTfsMqsPnPKR9U4heJV9Kcy511ixiskKB5aDV8s,3197.87,5wDjbvuWmZTkvgqVPJjYmPLbgUfuGVBCyyaYD981T6kRsQ1td8YMhUsX1cY4toM6UA1zDvThfqUdTw131gr6AY3b
1789120526,5dvXTZ5qwgafnHtwu3Ls3QrWx1U4LQsFeCuJgkk4QEC6,2026-09-11T09:07:20Z,al,ianCETBFexGgK8TA3gSLeAaNiLMsJPgUN1H44jhxQtB,3952.82,4CXp3wJ6u7W3PsSBYAMREmAJQrkPAyQVD9HfNu6U69x47XT1zdMgxb1XwMArTgXgfjakJfeLfXg3o4mMbvChxjXU
1789120526,5dvXTZ5qwgafnHtwu3Ls3QrWx1U4LQsFeCuJgkk4QEC6,2026-09-11T09:05:46Z,al,3vAqA8dQGeQ4AB1MKTfzHwHcE8XZ6ffjN6Q69pJuPHFc,6118.25,5DxpDLutauBXyEJh2cER6mZsR3QmKEh9vvz5Q1zxNPaiDggqFq2yrePKczboBUqFMFqkgHSeRuVSEW3L1MBVyvuK
1789120526,5dvXTZ5qwgafnHtwu3Ls3QrWx1U4LQsFeCuJgkk4QEC6,2026-09-11T09:05:21Z,al,ianCETBFexGgK8TA3gSLeAaNiLMsJPgUN1H44jhxQtB,4342.8,4U3W4XbXRtof9BLmkQjZiHrfEapoYLrkAhRHMjAtwjJiQYB9u8GqukdTiok7RzX1dnrupmLmaZVwMtnWrNpsuBhk
1789120526,5dvXTZ5qwgafnHtwu3Ls3QrWx1U4LQsFeCuJgkk4QEC6,2026-09-11T09:04:12Z,al,J9gq1ufxqwAd9W49JJ9D8p3LYA7RMYaqm8cYqkMah9ki,3993.3,4NDcTh6jVxUaPHtWrfjGivwf3EAHJd5AffyyvvJ5vt8SAhpmKgvfjD3sMSp5oGrg9qSWgiaemcNzybKUR9EtA9rT
1789120526,5dvXTZ5qwgafnHtwu3Ls3QrWx1U4LQsFeCuJgkk4QEC6,2026-09-11T09:03:35Z,al,5Yyz7b37bzoL8rdeFxpVL539BURt8AMsxPEzw9HaE7Xr,10441.07,5tyFbhCVrqz8isu4o13E3X87uu79qAaGHWU9fZknRu4ycqvTpYLPq5gZSVtQcNGdGAWZEqe6WxEHh2N2sojJUh2f
1789120526,5dvXTZ5qwgafnHtwu3Ls3QrWx1U4LQsFeCuJgkk4QEC6,2026-09-11T08:57:09Z,sat,AgmLJBMDCqWynYnQiPCuj9ewsNNsBJXyzoUhD9LJzN51,3029.22,6yGrKum11a6oozSMC2nhLBzVv4UtmD1MwW8ovGASNXZWTxmFemQndcDSodtsXNQiambytpxVfmHsi95LhvYBe8e
1789120526,5dvXTZ5qwgafnHtwu3Ls3QrWx1U4LQsFeCuJgkk4QEC6,2026-09-11T08:54:22Z,sat,AcUJM6Aq6M2aojWiit7P2Ed48VN6k3XqJG9gT3datSss,2901.18,3zLgZDUYwLFKnDmX9iPXn2qwrRWjsaf1gdHAnwZexYJ34Q1t5nxsPUJLDrfpxyd9jU2aeHX2ZwBTZDw7kfk4e8KT
1789120526,5dvXTZ5qwgafnHtwu3Ls3QrWx1U4LQsFeCuJgkk4QEC6,2026-09-11T08:53:24Z,al,5Yyz7b37bzoL8rdeFxpVL539BURt8AMsxPEzw9HaE7Xr,7019.6,34evjgehitPumhc7qFMgGfcxYUALxVxwxqwUbWtppMySax1dUEAHC3XFZwJMCyL4RafbckH7aT1v4RYhcLMeFodo
1789120526,5dvXTZ5qwgafnHtwu3Ls3QrWx1U4LQsFeCuJgkk4QEC6,2026-09-11T08:53:04Z,sat,F5MYbjEATQFD6rxwdS2zXzEHBGuUhSGvJkUhLFAcr4hv,2512.98,2wsmsAGLVVWrMdJAnJ15vjju7Jf8fntFG7uG1cytqciUXeFr6EcDhwt7iWd8TLSUaDENHwCo7PNaBJioaCxQunGQ
1789120526,5dvXTZ5qwgafnHtwu3Ls3QrWx1U4LQsFeCuJgkk4QEC6,2026-09-11T08:53:03Z,sat,F5MYbjEATQFD6rxwdS2zXzEHBGuUhSGvJkUhLFAcr4hv,2507.15,54DdqP6s3yZXkVX52XsgqiPFvEXSYCPjJzDgZv1Qcr7nTzsvsAp4ZcBPmV9iVi3FGGTkuoTSRFReAmRJGyJxYuwJ
1789120526,5dvXTZ5qwgafnHtwu3Ls3QrWx1U4LQsFeCuJgkk4QEC6,2026-09-11T08:53:01Z,sat,F5MYbjEATQFD6rxwdS2zXzEHBGuUhSGvJkUhLFAcr4hv,2579.1,5PVDP5kFxw7pydqrnH5QzKvzFPHDjDfgxpjkxUv9uTrGBiqk4D2TDdZVnkYtmcydqN4HpX5p7chYpyAUs98mfirK
1789120526,5dvXTZ5qwgafnHtwu3Ls3QrWx1U4LQsFeCuJgkk4QEC6,2026-09-11T08:52:58Z,al,72cCbFbLXhP3Ye4RYNZ1KLumBGvBD1QbKEL4ovC2gSUj,4048.56,4XG2YFFpgQXgobDjpnYwXfH2u1doGtFKe1odUvAFv9vYqPvMN3Aa5X3impNpvQ5W2cRx3DyULz35HsnBHLMzrLbt
1789120526,5dvXTZ5qwgafnHtwu3Ls3QrWx1U4LQsFeCuJgkk4QEC6,2026-09-11T08:51:51Z,sat,DvMi31U1FFRrWFjdGdF6iFTYbL39zTrAJAA6RYFrU72t,3652.32,5LXJnTFsuHZeeKiUtzwYzvEqSMsSJj7xb7cAkgAcyWudxRMDYjFLgy8idqLmiMTgYSE3q32ZMGKQ4BzWjfzTzqH4
1789120526,5dvXTZ5qwgafnHtwu3Ls3QrWx1U4LQsFeCuJgkk4QEC6,2026-09-11T08:51:49Z,al,5Yyz7b37bzoL8rdeFxpVL539BURt8AMsxPEzw9HaE7Xr,14490.18,5idQr5J4gxtQPQb92yLUoNY2dhh28n7teuk3njBr115xZ1W3LgyywEiFUh1J1v7uNbK8PJ2GYpQ4dLxH1J8H78GU
1789120526,5dvXTZ5qwgafnHtwu3Ls3QrWx1U4LQsFeCuJgkk4QEC6,2026-09-11T08:51:43Z,al,GWXFHoxUHuQNkpUg2PJJS9hqTiS1gHHtPayBEJJbsE5o,3286.12,3cKwf2tJNGnwarSdQYEErmsgxysXKTDFoZ4rp67qaRMJw5KvVoVtSgomncnJ924N3JDdg3aJsdEJrZh8fo1yPyCs
1789120526,5dvXTZ5qwgafnHtwu3Ls3QrWx1U4LQsFeCuJgkk4QEC6,2026-09-11T08:51:39Z,sat,DUa45Ei8FTzN1qSVTvCGGDQS3rLmSSx2gycayqNDGgK5,5029.77,2hmLfWRXHzEQt4NkrKX42iozrNi3i7FEu333nnrLKFFgtssye6MyoMYZqBj8YRwn1DbBsVxdEin1NDxyQgfnm4ub
1789120526,5dvXTZ5qwgafnHtwu3Ls3QrWx1U4LQsFeCuJgkk4QEC6,2026-09-11T08:51:38Z,al,AW522MygGDQivNS5NQX4YoDcABkcZG43joCoa48YqvFt,4173.11,5Fa81XsTWkY8j8jnWny78KxufFnnXgG4oSQNYvU5847EFvgQwtvbEz6FHwJSPoUY4R7j2YEjK7bZqvYcu7wtSk8B
1789120526,5dvXTZ5qwgafnHtwu3Ls3QrWx1U4LQsFeCuJgkk4QEC6,2026-09-11T08:51:18Z,al,72cCbFbLXhP3Ye4RYNZ1KLumBGvBD1QbKEL4ovC2gSUj,3434.43,4X3f178YQ2zGpor6XuBZQBoFhYLZC24Wtq7czeDNQTHS9w9ZSeg64R8aosFeeKFNQC5JE7cT5REre5g1dHYKZrRz
1789120526,5dvXTZ5qwgafnHtwu3Ls3QrWx1U4LQsFeCuJgkk4QEC6,2026-09-11T08:50:03Z,al,5Yyz7b37bzoL8rdeFxpVL539BURt8AMsxPEzw9HaE7Xr,5128.4,3GhXQSFJkYmbikL5Si3o4GaqNSWgvfAefGgo5d6iKuciCvobqixjDzNV7tbppyFGj9ahijjxRYCFaZ262YPhSkxP
1789120526,5dvXTZ5qwgafnHtwu3Ls3QrWx1U4LQsFeCuJgkk4QEC6,2026-09-11T08:49:54Z,al,72cCbFbLXhP3Ye4RYNZ1KLumBGvBD1QbKEL4ovC2gSUj,4492.27,5dA2LKNKHEFWi2fJUdZRz4z6gjZtbZJBzBMrVuoEu7NdDdtx6JwsVfPhA8fX4G3ZnK7xvBKye2WJ4D4Fp9QZBazC
1789120526,5dvXTZ5qwgafnHtwu3Ls3QrWx1U4LQsFeCuJgkk4QEC6,2026-09-11T08:49:32Z,al,5Yyz7b37bzoL8rdeFxpVL539BURt8AMsxPEzw9HaE7Xr,7550.2,4ydCLJtsWce4aTUSvgHLprqRKUtLqAVz9nXRYTz38xqs7MztZ7tck6xgK6TfqepS7nTDnNuD3Rckr11Z3qCEHZs5
1789120526,5dvXTZ5qwgafnHtwu3Ls3QrWx1U4LQsFeCuJgkk4QEC6,2026-09-11T08:49:19Z,al,5Yyz7b37bzoL8rdeFxpVL539BURt8AMsxPEzw9HaE7Xr,5536.78,3ZWp7TDLJpU7yinRQXWuDtzAXTAu2i5k1ve7eWSkx4tWSvVk1RNXG4Rb4nGbdkPwx5dzXxHWBcayQjesv5QAsAC1
1789120526,5dvXTZ5qwgafnHtwu3Ls3QrWx1U4LQsFeCuJgkk4QEC6,2026-09-11T08:26:28Z,al,AxCfJeKNiTtogrZDwXr84tJVu9NEfN7RQf4Er6bK2hS9,2870.22,9byDsEHMqNoWV1Dd7cQHwZDXfZoLYWgd6JH3aKwuvXGHxvKcf544wrAQEqimYWVijdYwFh72wk1DaDMEhjiX5Br
1789120526,5dvXTZ5qwgafnHtwu3Ls3QrWx1U4LQsFeCuJgkk4QEC6,2026-09-11T08:25:18Z,al,B1tDuurbPTJjK8FVZFju8tzc2pyZm7JpqEwHp12D8jDU,4431.43,JLrGjb6VpUSv9NSXNxcftrHMmdqQkgqRdzJnRzaXexFrg9jM1TnqgU8UYbMHintDG93kE7LXuw6oAyiTfzktY9H
1789120526,5dvXTZ5qwgafnHtwu3Ls3QrWx1U4LQsFeCuJgkk4QEC6,2026-09-11T08:24:01Z,al,AW522MygGDQivNS5NQX4YoDcABkcZG43joCoa48YqvFt,5068.92,ubs7bE9ms55fWH3qZbcFM4nvhVsQ335Dt1E1cEpPVTenPH7qXf82iyj5xGiFh1XFXVE12Wb9pY3pG3gCBxWRmq3
1789120526,5dvXTZ5qwgafnHtwu3Ls3QrWx1U4LQsFeCuJgkk4QEC6,2026-09-11T08:24:01Z,sat,FtKgrspek4fpUkxX1un8oBPZ5E7XAZZCxsRi9vsB5xwm,3709.64,3j4akvd7GiLjCGpgy4BYiCVQ5i9pm5nc4gQ8311LufWzYXVSeUY4jLsnYNnZsJ8zJWJ7HZDsHCrMfMWcZ6HMrTrZ
1789120526,5dvXTZ5qwgafnHtwu3Ls3QrWx1U4LQsFeCuJgkk4QEC6,2026-09-11T08:23:44Z,al,GWXFHoxUHuQNkpUg2PJJS9hqTiS1gHHtPayBEJJbsE5o,2815.58,5qgGXaeL3Udm1w9QBZxH6zrizZGUHRBgUNN9dRZ4kjkeUL4FabzDyagzXE9pTzLncEKz98HTtdczugzGjEGYeUXQ
1789120526,5dvXTZ5qwgafnHtwu3Ls3QrWx1U4LQsFeCuJgkk4QEC6,2026-09-11T08:23:39Z,sat,6fzKeuPyx95aira7Fti7uEoT13MvMTjGijsEFyFD7k37,2583.27,QMZHeTNLiPwyfbPdtbiTLJiGpaeNdDmf5cDVkGezCJ3eVXHME7aCCLQeoS5BFguxL2P7L32DVV4mDD8KdDD5AXV
1789120526,5dvXTZ5qwgafnHtwu3Ls3QrWx1U4LQsFeCuJgkk4QEC6,2026-09-11T08:22:56Z,al,ATQQzRyhj4Wp75khEAedwYWddzyFeoFmy1WGTvr1jmUh,5170.88,2Fo5q8Ujs1kz1Xjwc5KkNMjLQRNd9Pcq3JmoJesfASWDHeiM225gArStUzXGyEFi1XR6TVJDtN87DR9o4NEvxYT5
1789120526,5dvXTZ5qwgafnHtwu3Ls3QrWx1U4LQsFeCuJgkk4QEC6,2026-09-11T08:21:29Z,al,ATQQzRyhj4Wp75khEAedwYWddzyFeoFmy1WGTvr1jmUh,4725.06,3s87tvTH4EEVuZZ8xb5TzZMX7DWpT3cD4zk2vqgv7H4s3nuqcpymdBJFfPJUQiXgUmjwX7ofygCKytmcAjrhiWsT
1789120526,5dvXTZ5qwgafnHtwu3Ls3QrWx1U4LQsFeCuJgkk4QEC6,2026-09-11T08:20:08Z,al,B1tDuurbPTJjK8FVZFju8tzc2pyZm7JpqEwHp12D8jDU,2751.6,2wyUfVA3uTPCyGpnSrkANGTs8De78pavWqL5FBefNiS5LBW4ZJ68DhbAo9z13LwY1mm5XnkSsV7xAtnsjPb8VNRE
1789120526,5dvXTZ5qwgafnHtwu3Ls3QrWx1U4LQsFeCuJgkk4QEC6,2026-09-11T08:18:47Z,al,B1tDuurbPTJjK8FVZFju8tzc2pyZm7JpqEwHp12D8jDU,2654.54,5VawAreyxhzbhYmXsBcCbFd87L74E7tVohAmi96CZsyJPs1iPUu9CAYqjyiddCGavAgVgMHnuMHyNYCzPnpPbYs3
1789120526,5dvXTZ5qwgafnHtwu3Ls3QrWx1U4LQsFeCuJgkk4QEC6,2026-09-11T08:05:10Z,al,D9U3Dj1kWjAcTsKgdGVdepAjXgFTC1rZWnqYbEVYpdZe,2624.82,3QmbRcXDhZPBcPn7qdSn6Bjw2LBSXfQX4xVzahA4oaz4m7sbtQsfM7VSAwirmNdhk2wxYZCgUrf9ZRSjykrKQXyF
1789120526,5dvXTZ5qwgafnHtwu3Ls3QrWx1U4LQsFeCuJgkk4QEC6,2026-09-11T07:57:14Z,sat,F5MYbjEATQFD6rxwdS2zXzEHBGuUhSGvJkUhLFAcr4hv,2518.9,3JQtRd9eSRb41mNSRh6tBHbZJx79zV2U23T8yq7RyCn8V29TgHGW5QpF4RbKJZkRtXAG9G2dXvM5g57maciGbvVQ
1789120526,5dvXTZ5qwgafnHtwu3Ls3QrWx1U4LQsFeCuJgkk4QEC6,2026-09-11T07:56:03Z,sat,72cCbFbLXhP3Ye4RYNZ1KLumBGvBD1QbKEL4ovC2gSUj,4014.06,2Me362S2ewjuiPe8oaxH8RpdmgW8Bawu3sP7AX6r3fCkkY1vvSqBPRGWQup6MgKBmxXJpMinddsU3X1pyUpyrxJm
1789120526,5dvXTZ5qwgafnHtwu3Ls3QrWx1U4LQsFeCuJgkk4QEC6,2026-09-11T07:55:36Z,sat,F5MYbjEATQFD6rxwdS2zXzEHBGuUhSGvJkUhLFAcr4hv,2522.95,2SxuDJKSHqLdxceyeUiR1xJiB1FPwEDZFAG7f4SutYQ37EFC8rToebhYi55CRe93FJnimhGw1uBhRnGRD4pfXNgK
1789120526,5dvXTZ5qwgafnHtwu3Ls3QrWx1U4LQsFeCuJgkk4QEC6,2026-09-11T07:55:28Z,al,ECU97KrowUyALcM3GuVgS1Pbv5YbmeRYNC13HCpo4VLA,2985.48,4wNL2Htr2SG1XtgTZjRwh256yodq6cRajTgdxfYhhWwydaSjyxuGHHEiAZRJCw22xJKCBPqwqWMBGRE7uU9VDD5M
1789120526,5dvXTZ5qwgafnHtwu3Ls3QrWx1U4LQsFeCuJgkk4QEC6,2026-09-11T07:55:24Z,sat,F5MYbjEATQFD6rxwdS2zXzEHBGuUhSGvJkUhLFAcr4hv,2550.19,5AKSs8CuMuo1XuDkjiWmKaBkX7yHeGGNDRSG1BQ14ufUiXzFpuLYPD8H6MS7mW1VMgVg5jzwpM3Gk6fc5NBRAaTU
1789120526,5dvXTZ5qwgafnHtwu3Ls3QrWx1U4LQsFeCuJgkk4QEC6,2026-09-11T07:55:22Z,sat,F5MYbjEATQFD6rxwdS2zXzEHBGuUhSGvJkUhLFAcr4hv,2541.97,5DDUPGCoyT6s4sGryQXk5shU5kavciHiThCjeTKJi3aYvjcuUdMdePaDnyPdxTD3f4xvWmaymHJ9W9HXt6LpP4oo
1789120526,5dvXTZ5qwgafnHtwu3Ls3QrWx1U4LQsFeCuJgkk4QEC6,2026-09-11T07:55:16Z,sat,F5MYbjEATQFD6rxwdS2zXzEHBGuUhSGvJkUhLFAcr4hv,2584.89,2EQexc8rgEiGU9BvGqvUw2v6gyrTQzYoJpboYEY34rnPtJPfRvp5GKy7rL8gaSQNvqy1ayh63JBxWYcNgd6VoN7f
1789120526,5dvXTZ5qwgafnHtwu3Ls3QrWx1U4LQsFeCuJgkk4QEC6,2026-09-11T07:55:09Z,al,77TjkXbLC5Vyr5XSEVbdNbY2E861g3YXvcRPJ4iSda1F,3017.35,2AEzrBv54WNvhWfH2MeJLaQZCvTTmptP5D6PF6vgw25dekXXHt98ZNQ2f2khe6Yn8YrsYBdN4SVNrUNDvRJfWYGz
1789120526,5dvXTZ5qwgafnHtwu3Ls3QrWx1U4LQsFeCuJgkk4QEC6,2026-09-11T07:54:14Z,sat,DtvmxrTACskMG2W8a6KXgSemUfvyNVeQTgfpJoGvMVKx,2667.42,vaY8GfrDacvumPAqedkTSLH5Q5QnW5frgY1VWCctgAiccjuDVU2VC36CoMhtTXDD5Qs9vZYotnhidBfLJS33P5x
1789120526,5dvXTZ5qwgafnHtwu3Ls3QrWx1U4LQsFeCuJgkk4QEC6,2026-09-11T07:54:01Z,al,Efrg7uY6pS3tMwVy6krAPGNSGwa8s7dZ2Ru3vdDDEir9,3035.7,3AZ9ZxSSSQ1UhUW5yxq6Qop4jVzg6Sk82bhkaekrYQv25BhiakhwFkRGT3YVQgXSU27YevJApki9GrnxrJd3U92K
1789120526,5dvXTZ5qwgafnHtwu3Ls3QrWx1U4LQsFeCuJgkk4QEC6,2026-09-11T07:52:31Z,sat,5Dzty98pjA32dTPWKapKtAcMRKCyDRfz1rwPn1UUQqY7,2508.3,4mVM2P1ZtMSctjwd5RR9rVfn4avnfYETyVa5AypxRhTa4uDoqUCxg8gQa6qJsvAxw4Tz4RMsk9YMZagCx1gZvoe9
1789120550,6CsmCtDAhRcbp3G4KiinKC2JjLJ9BpR7isqcgZefqLym,2026-09-11T09:08:59Z,sat,6JgrgLyW27H9rKvXghFd9PAFYzc2NSY7SNhYwa6VidCf,2990.47,4JP5qCbufLJahWjwU2bCyWHmnqcKbpfCXpcMneWXdqtKrpGkgVZbKbrFPht4Q94dKT7dQiWxpmpuNeGgLTKQ39XU
1789120550,6CsmCtDAhRcbp3G4KiinKC2JjLJ9BpR7isqcgZefqLym,2026-09-11T08:48:27Z,al,cvQRmR5W6sBqabRjfhAKCGxp6XB2otTJ2dfNFaKcQiX,2946.67,4G1epdNxQdvcwaUyH6TocqrRbSK77755AYcTj4W2UZzzoAHNS9fjB1bArTj2bXH4fA86xhPLgz53AKLitrDfpiKu
1789120550,6CsmCtDAhRcbp3G4KiinKC2JjLJ9BpR7isqcgZefqLym,2026-09-11T08:44:22Z,sat,4oK7tTF1uksmQwS1CNwoR7zJwtALaBjiBDCTCHjdrX8m,4743.51,4LRiEQx3whGuv5tkaYvbPNT1tWZmp35YFqYQ29L7qzPjdHaAmY7LxVn46CphqHnWnDdWhzu7Dxun6bk1M2xvccas
1789120550,6CsmCtDAhRcbp3G4KiinKC2JjLJ9BpR7isqcgZefqLym,2026-09-11T08:23:50Z,al,AgmLJBMDCqWynYnQiPCuj9ewsNNsBJXyzoUhD9LJzN51,3804.99,27hTnDhW96vAH1apvofTpraeDAWq2MjHYM9gUPYaxbXULux1EgCMjsgdeKut2duxe59rNUVaZjear6KAx6t94HKN
1789120550,6CsmCtDAhRcbp3G4KiinKC2JjLJ9BpR7isqcgZefqLym,2026-09-11T08:00:44Z,al,6JgrgLyW27H9rKvXghFd9PAFYzc2NSY7SNhYwa6VidCf,2843.16,3tUo43eQc5gAidSKJPAxwT8TwvfNqQMDvUPZfX2Bx4XzxEZVo1T6AUcqswbrq3ekrYwBztwwpB15UPtzwP9swDQK
1789120550,6CsmCtDAhRcbp3G4KiinKC2JjLJ9BpR7isqcgZefqLym,2026-09-11T07:37:42Z,sat,AgmLJBMDCqWynYnQiPCuj9ewsNNsBJXyzoUhD9LJzN51,6704.59,gidfRABvbfagUvxbhJFMMbRcEEDb7VRmeWQVStt4rGWBntgJst8dPc91iUQQVXiqbJ92GMvhs2qdewiYeo1psvb
1789120550,6CsmCtDAhRcbp3G4KiinKC2JjLJ9BpR7isqcgZefqLym,2026-09-11T07:18:08Z,al,63jFKud97xD1WcT8ti9XZzQe5ewqcNfewcb2gH43hyqo,4064.54,WztQax3KGL3J5ZyuaP2piB7PrkjHyA2ggPcd2bic6QmeayzxfRQwzXLReNJ6uVQy1jY9eCV7gBB8jZWj7ZKMzwE
1789120550,6CsmCtDAhRcbp3G4KiinKC2JjLJ9BpR7isqcgZefqLym,2026-09-11T06:43:38Z,al,AgmLJBMDCqWynYnQiPCuj9ewsNNsBJXyzoUhD9LJzN51,4079.94,4aQpZ2MgGVqgWU6Yk6HSdWTStbo38y1xMjedxbSwrnvAZ9uZkn4D3B55v6NzM5tcFryUsLxEntM3n23YU3p3F3PP
1789120550,6CsmCtDAhRcbp3G4KiinKC2JjLJ9BpR7isqcgZefqLym,2026-09-11T06:38:35Z,sat,5KXDF6QnqhBj72hDtJNkkpFaQVUfbFXNybMsp3DiK6tD,3669.75,5RLmoKMndW3VUwVbb9hKFwWj8MXV5suFpLH1DRBPmLcsgsPmdZGXWoJ7qR4Hr7TtErQhAcSKKE7uBZ3mbDKneuJA
1789120550,6CsmCtDAhRcbp3G4KiinKC2JjLJ9BpR7isqcgZefqLym,2026-09-11T06:38:28Z,al,FHpcNSe6tb2n15bAdq4BkeYWGyZKFD7yLYrH92ng7wCT,2855.23,3GytCZkw1wv3ELkJKvxK4Jr7QWv36My8gmYhJsji4s1GAGkdeefvc3umyM1JdjsU5QmQb2sVHrQvrDJANqQ6gjQ
1789120550,6CsmCtDAhRcbp3G4KiinKC2JjLJ9BpR7isqcgZefqLym,2026-09-11T06:36:25Z,sat,D9MtLiHsWywWvqUxaCfrRQe2mkTjy1GxEF3yfeoPm3rn,2591.7,4NfUQCncKc1CDZawawDyZcQtiLru5zYayADWtZhtHXGntanGFRMWr7qoK3qTMVP34bV7RTfCfn3FjCAVxtTmNzVV
1789120550,6CsmCtDAhRcbp3G4KiinKC2JjLJ9BpR7isqcgZefqLym,2026-09-11T06:36:22Z,al,FHpcNSe6tb2n15bAdq4BkeYWGyZKFD7yLYrH92ng7wCT,2849.82,3ntMZXoDwfRDxLh3ZmGRpvTmQHyg3hnRcuy5f2PycCM3DCKHxbpMawaGbcLgJK56CEq7x5mNZwUXBj22Mb1j7HMj
1789120550,6CsmCtDAhRcbp3G4KiinKC2JjLJ9BpR7isqcgZefqLym,2026-09-11T06:35:59Z,al,4CPQqg2GeUiyykB5Vz5VHMSDbGa6ztjk5RcpdMdm3Hu1,4126.13,sKPHFVeMvKsBuPqossaa1mWNSrn4NkwvempDzUCA8JJKjWz2G7ePzt1uzkYS6og4XEBwpdoiwYf6ZQyDjwKNTpE
1789120550,6CsmCtDAhRcbp3G4KiinKC2JjLJ9BpR7isqcgZefqLym,2026-09-11T06:35:42Z,al,63jFKud97xD1WcT8ti9XZzQe5ewqcNfewcb2gH43hyqo,4526.72,4dEYS7mS48NPoCXNdTWXAXYgL4mHVFStEN6rFXgms2mEyqXLbo6wJ2MmC5FCvFykm5dLnwwJQiYamj6vSY3Qzc6U
1789120550,6CsmCtDAhRcbp3G4KiinKC2JjLJ9BpR7isqcgZefqLym,2026-09-11T06:35:33Z,sat,D9MtLiHsWywWvqUxaCfrRQe2mkTjy1GxEF3yfeoPm3rn,2608.5,PmDxJ7sqN2BJZg4gn9yCXg86cCBpNi2pjcjeadWHPmFgwWNxeEMfeicpecFdFapiBu3TF7eHQNxNuPaQUh8FEZU
1789120550,6CsmCtDAhRcbp3G4KiinKC2JjLJ9BpR7isqcgZefqLym,2026-09-11T06:35:26Z,al,4CPQqg2GeUiyykB5Vz5VHMSDbGa6ztjk5RcpdMdm3Hu1,4241.75,4ssztQ1oJkxSG2ck1ZG7o4bjgno5VH5FexkBsrVVpNGNmNXsKheUniP3zYpNGd6mqs4uEPyMjYHrzmDG6EGqqgJS
1789120550,6CsmCtDAhRcbp3G4KiinKC2JjLJ9BpR7isqcgZefqLym,2026-09-11T06:35:13Z,sat,D9MtLiHsWywWvqUxaCfrRQe2mkTjy1GxEF3yfeoPm3rn,2519.76,KbBAadZmG4xATsXtVdWv5c6qJtGpFAigXZkyZ1UDYTKEJwMWLDZ4nMYXp99PJH6npArkPbvr2tLCzHUoi5PGEy7
1789120550,6CsmCtDAhRcbp3G4KiinKC2JjLJ9BpR7isqcgZefqLym,2026-09-11T06:34:55Z,al,4CPQqg2GeUiyykB5Vz5VHMSDbGa6ztjk5RcpdMdm3Hu1,4769.38,33BkB5DU9KVKMQW6veirzDdYuKqGZ2BS7tYuV1LZFb92wNBWJf1bcBz324yDiTG2FzMD1Y7qJf7RQEUcoijTQ6tB
1789120550,6CsmCtDAhRcbp3G4KiinKC2JjLJ9BpR7isqcgZefqLym,2026-09-11T06:32:39Z,al,4CPQqg2GeUiyykB5Vz5VHMSDbGa6ztjk5RcpdMdm3Hu1,4601.64,3ktv4KXPy5GuwiynqnUQS9khQMDJHsmHN18KPjqc6MYu4hUnuqr65qjXeumPsWZ1KfLnZuJWyEdGwmbi4da32NMV
1789120550,6CsmCtDAhRcbp3G4KiinKC2JjLJ9BpR7isqcgZefqLym,2026-09-11T06:32:28Z,sat,D9MtLiHsWywWvqUxaCfrRQe2mkTjy1GxEF3yfeoPm3rn,2634.31,5C7S1cLzGcYd8xewBpw78wki18JJFn2A26haCCTeKZ8ViKC5RWso9i2ZjMdA7GNtdoeK8bureykQe7JHEtqZgL9v
1789120550,6CsmCtDAhRcbp3G4KiinKC2JjLJ9BpR7isqcgZefqLym,2026-09-11T06:32:23Z,al,4CPQqg2GeUiyykB5Vz5VHMSDbGa6ztjk5RcpdMdm3Hu1,4322.24,3ppKPcocqKMKGVikh98VUvZhwof3sUz1DCV4oZdmf5zUhEUjMwzwaSf4zXbHLwQnUw4Wwg6JeCPs8TJYAsEU7Xzc
1789120550,6CsmCtDAhRcbp3G4KiinKC2JjLJ9BpR7isqcgZefqLym,2026-09-11T06:27:56Z,al,69PtGh47jJ7ypzUQwFfbKnVzeUEEH5GP4kvxhMpXGkCe,4117.67,3rGJqDsJbMzabhcMy3BZPAzgCraDrnYFtejrg27raNsJDb6LEe4aodYYCgtEhoRTJaX77Udv7KuwkrLmLtoPs5wH
1789120550,6CsmCtDAhRcbp3G4KiinKC2JjLJ9BpR7isqcgZefqLym,2026-09-11T06:26:01Z,sat,5KXDF6QnqhBj72hDtJNkkpFaQVUfbFXNybMsp3DiK6tD,2593.18,5KbAbfxkAqjPwKqQD4CYTxqheaHdfcuiRpFhiPyrCQpVYvJbc4V58WA7ukfAeoMCpCdzjwjuZTZ8MzdxbgQ5RV5F
1789120550,6CsmCtDAhRcbp3G4KiinKC2JjLJ9BpR7isqcgZefqLym,2026-09-11T06:25:38Z,al,AgmLJBMDCqWynYnQiPCuj9ewsNNsBJXyzoUhD9LJzN51,2704.94,wjDFDYt8H3KQnN8rm5uLAY5q9mYA3Zkvj2kt5RsZBos7ctnBsAWHMJCUxN5X1K56FcCyAqpY2VPBzS82zUNW3Az
1789120550,6CsmCtDAhRcbp3G4KiinKC2JjLJ9BpR7isqcgZefqLym,2026-09-11T06:25:15Z,al,BBjqvoVmibBjWnHyWrBwLGtMtc39dHKp2xPBABVw7Dex,3949.96,2aBB1iPeFemABjQL61Jt5Ei9GrtGr64rjX5piFgENDXpvWyHtQmJfNkWozJ12MTb2rTTa9qVh3vCFqC9tFRZJT8T
1789120550,6CsmCtDAhRcbp3G4KiinKC2JjLJ9BpR7isqcgZefqLym,2026-09-11T06:11:28Z,al,N7Bc4LSZSmNx6gSDJar7xomkW3ByGpS6XFBp9PtN1Eo,3577.21,658kxrPnWiCAV3VejGKYFfibHj3YKCUrngEhgkXEjxUXrmcKGi7WdGiij35FbniGHXLkxEYRjqTF8CTTLq6HJVyT
1789120550,6CsmCtDAhRcbp3G4KiinKC2JjLJ9BpR7isqcgZefqLym,2026-09-11T06:02:51Z,al,46Gsj3nno3rCNi1ZorVupWNu8uUJATDPq6Kmu1KHM36k,4408.98,g2T1rFqxKZFwhcQRDnJEcUNJ2CqsQ6wVwn6DVdf3ttw28HEHXbNVmY9NoaBqe56u3YDb9WFyec4B3zpVrRx64KQ
1789120550,6CsmCtDAhRcbp3G4KiinKC2JjLJ9BpR7isqcgZefqLym,2026-09-11T05:41:12Z,sat,5KXDF6QnqhBj72hDtJNkkpFaQVUfbFXNybMsp3DiK6tD,2934.0,UMzSKUoZCXeeshQi9orP8drEogSHwstCdXaVXedFS382Ko8cwhgSgtTZWrEzLhku2dNWa859rTWZPnCkbXxQBkU
1789120550,6CsmCtDAhRcbp3G4KiinKC2JjLJ9BpR7isqcgZefqLym,2026-09-11T05:36:48Z,al,FQK4vvYifBoB6eUc559TTLKC8G3qQzxCt6nQdMeQawpN,3787.95,3Axns51bTEzNqtkrZGyXRikKXGgMcGeNAoCJ5LiGkVcoHoJLKmJTz4n32VbXK6StPnKhXkT2axz1FVKsyQ2r2yGn
1789120550,6CsmCtDAhRcbp3G4KiinKC2JjLJ9BpR7isqcgZefqLym,2026-09-11T05:36:47Z,sat,2E5rJKXz1n3bxn1ZnJvd77WC2SaeVxgDsa8SC33GYvyK,2826.16,hcyxJihyuVMxrTrn9bXSQJyDpiNsQNjdhEpKXVvaDknKFsbWwzusWbUdwfy8hFu2KxCJpsydaDLNk1uxkBPGyT5
1789120550,6CsmCtDAhRcbp3G4KiinKC2JjLJ9BpR7isqcgZefqLym,2026-09-11T05:36:30Z,sat,2E5rJKXz1n3bxn1ZnJvd77WC2SaeVxgDsa8SC33GYvyK,2574.29,2K85EsFMsuSrMghoKnWm4SQzE6MyYf51LorBZdU7KjVrGAG96HdimYap7DXY5UV7JHaMjax8m3RbbejhbAhT87Q7
1789120550,6CsmCtDAhRcbp3G4KiinKC2JjLJ9BpR7isqcgZefqLym,2026-09-11T05:02:48Z,sat,69ULCBXgaamUL9byfi5ZfqnJRWMU4yXRtnQxwak5xQwS,3087.98,36guGWTHRbJu8XR1EKgDSnNSZ7tdzj9hZvseao6VKRARewC4bwPQ2fcoJtPppDqRBxafa3bjVeUtSoZeg9EqrjXL
1789120550,6CsmCtDAhRcbp3G4KiinKC2JjLJ9BpR7isqcgZefqLym,2026-09-11T05:02:12Z,sat,BWpQHn4at37t9b3jE5A59BQfd2nppFjbkNeCyQrGvw8e,3282.49,4dzXjUq6cLqHmqWsTjpMqYn4m2x7e4wRrC9q3RY958kjrZQbbCZK67zwEjvvj6kSiTkW2a3pzZSzb93vm1onQ3aS
1789120550,6CsmCtDAhRcbp3G4KiinKC2JjLJ9BpR7isqcgZefqLym,2026-09-11T04:38:37Z,al,F7p3dFrjRTbtRp8FRF6qHLomXbKRBzpvBLjtQcfcgmNe,4971.59,3pEfgwCGshz5SYyE8BHVKspy3jWUGWrQg8uWvp3RukthGwaK3YCUazVJ2yax6WivDXBkmdHYbUy6DXPE98Z4uXyD
1789120550,6CsmCtDAhRcbp3G4KiinKC2JjLJ9BpR7isqcgZefqLym,2026-09-11T04:34:40Z,sat,5KXDF6QnqhBj72hDtJNkkpFaQVUfbFXNybMsp3DiK6tD,2533.16,3U8MdBPBHfWsgH56pFScQRXFqwe8dFzEDCYiVrKCECxaPNj5i1DstNoeqMkKY5oNbk77A7EDTrFveCuJz426qb3W
1789120550,6CsmCtDAhRcbp3G4KiinKC2JjLJ9BpR7isqcgZefqLym,2026-09-11T04:32:12Z,al,8ob2wcGhHtMPaR5gkFzpr3JLQ6mt32qPAYeyGAMbfpfA,3295.46,4Fv9xKrfaAjVwmRCXhg72wxCExfPZxPEke2ArqRcX8cpkFQtGK9Wi4scXo4RZLxdh86KLrMMo6iUdjnD29dJFg6p
1789120550,6CsmCtDAhRcbp3G4KiinKC2JjLJ9BpR7isqcgZefqLym,2026-09-11T04:29:55Z,sat,4QeZyxAsNxNZAHTYqGe9bn5inuvBpzrXUp4fcJEtTMbQ,2971.62,3swcaAsZr9Bw2a5ikoKCfmUMK2Du75R5U1v4itiRPmd3KkKkiJQqEsCvtLFtGCes8dZuPJRehrzfX25mTwWrTERB
1789120550,6CsmCtDAhRcbp3G4KiinKC2JjLJ9BpR7isqcgZefqLym,2026-09-11T04:10:47Z,sat,AgmLJBMDCqWynYnQiPCuj9ewsNNsBJXyzoUhD9LJzN51,2845.5,5jvaxPktLw9JEYHkpjoRv6Fx8rMkyWJb6cRVG313tgRRZD7JABJ2YCnDUfKyjcqz5Mg7caPr1vBMisjoEhBxxtmS
1789120550,6CsmCtDAhRcbp3G4KiinKC2JjLJ9BpR7isqcgZefqLym,2026-09-11T04:09:46Z,sat,5KXDF6QnqhBj72hDtJNkkpFaQVUfbFXNybMsp3DiK6tD,2866.87,rF8Q2jSpnWxKN5mg4WbKq51Tvna3WGBAcsZMrNnGnbUgZZ7h9kWP2ZcTyp7wniSnt7CAAWfvk2yXycMFc1ACcJx
1789120550,6CsmCtDAhRcbp3G4KiinKC2JjLJ9BpR7isqcgZefqLym,2026-09-11T04:01:46Z,sat,FHpcNSe6tb2n15bAdq4BkeYWGyZKFD7yLYrH92ng7wCT,3237.06,5K3ENN23CMR4tNJEXT3NVCDPGUptEFTAvHvXh3WsZroD24S29dCsC3CB1Ge3KkGi881bk4QebSnTpv5UaikvkpDG
1789120550,6CsmCtDAhRcbp3G4KiinKC2JjLJ9BpR7isqcgZefqLym,2026-09-11T03:53:31Z,al,F7p3dFrjRTbtRp8FRF6qHLomXbKRBzpvBLjtQcfcgmNe,4961.85,2t5Ad8zHo1w7XoWgqtigHtVMDmHoTnNT6aSyZwGpKnz6xzS4g1h8269vKtEE4mbrVpBamJ1CpmSLf9dTnoyovu3W
1789120550,6CsmCtDAhRcbp3G4KiinKC2JjLJ9BpR7isqcgZefqLym,2026-09-11T03:53:04Z,sat,2UknaPAYpAEP6mbxHRy9mcBgZCHPLWVijQsPBFGJ7Fea,3182.62,5KxSTHrTSofzQRH7QXgyzQjh36tULeJmSsZy89vj8A2katHJ1DLADHGN8yh4g8LUw76jE4AG7JPEBHdyABM9vZw6
1789120550,6CsmCtDAhRcbp3G4KiinKC2JjLJ9BpR7isqcgZefqLym,2026-09-11T03:40:33Z,sat,5KXDF6QnqhBj72hDtJNkkpFaQVUfbFXNybMsp3DiK6tD,6287.59,2rP5prh2EawjLYyapycjqfsB3vLSzLf3CdSBTgKcAWhikCwMLLqwx3SZiRm5RZqncDLybKCadMbfAMfQ3KpccGBV
1789120550,6CsmCtDAhRcbp3G4KiinKC2JjLJ9BpR7isqcgZefqLym,2026-09-11T03:34:21Z,al,EsedvVxkuEbSL8AwcWFBYynE7BxmYDEf3ton6iAv4XJs,2828.74,4b6uEFnJ2DohfYFbYhfZqq1k4W6QRSyzrxSDu6uGtXPedDjuh9beuL7LtMPPMudfCgnpn2NUq1EgTwjrwwRSSrYe
1789120550,6CsmCtDAhRcbp3G4KiinKC2JjLJ9BpR7isqcgZefqLym,2026-09-11T03:30:20Z,sat,AgmLJBMDCqWynYnQiPCuj9ewsNNsBJXyzoUhD9LJzN51,3934.04,3wDRGePHLyHyW4sEB5jqzcfbHjV8RCsbJYya6sh5pd2zqkkpz5SjvPEzow3G2vc1in7dcj4SB1DJTsYbZM7MvPpA
1789120550,6CsmCtDAhRcbp3G4KiinKC2JjLJ9BpR7isqcgZefqLym,2026-09-11T03:29:28Z,sat,GW1MBE93URgkP5GoGHWeB3ssxLkShYc12Bp1khjQhB5s,2624.93,5uFbFQwXLUUr5jWH12CtLFyjvuRqYuZ9bEytPr7pHSV7TZ7NpAXZdQUsYKMgSh5GiYn9Vm3dRuZDLRtdbnZKV16i
1789120550,6CsmCtDAhRcbp3G4KiinKC2JjLJ9BpR7isqcgZefqLym,2026-09-11T03:28:39Z,sat,ArNBMinz1yCFbGFrFoCGuXxhRA3muJPh8VLyWzGKzeTz,7693.57,2NjDgx4NfsYLqXgWUVbRtHjQSvhDsDVi8iJfW23HGgTu6hALWCzkQ9fvf5eS4J8JxUfSEkc2dyCxVicZZ8LdsDH7
1789120550,6CsmCtDAhRcbp3G4KiinKC2JjLJ9BpR7isqcgZefqLym,2026-09-11T03:28:25Z,al,Hn5gVKAApv69t5HX7Q77uX7o5ayhEwArgYx7kukMLVGn,4095.79,QGc8v9xGY3b2HEVnhQhH9pdj5uSWbe26rEeiJTo52Taq33J1oHU9SEbSBvGn7nWMFrxAYRpuUWvCvwsdynKWKpJ
1789120550,6CsmCtDAhRcbp3G4KiinKC2JjLJ9BpR7isqcgZefqLym,2026-09-11T03:25:14Z,sat,FHpcNSe6tb2n15bAdq4BkeYWGyZKFD7yLYrH92ng7wCT,3575.18,2ZY2RxRJ5b7FmWkcPdUpqCyir5uFGWATLvnvdjRWJtQUKmeA55XcTjKZB6hietZDKDGoTfhskmUros8d4MVt3tnh
1789120550,6CsmCtDAhRcbp3G4KiinKC2JjLJ9BpR7isqcgZefqLym,2026-09-11T03:24:55Z,sat,AgmLJBMDCqWynYnQiPCuj9ewsNNsBJXyzoUhD9LJzN51,2503.75,3qDVUZtYxA5fVV4fBRUTaVBRouVzMBnsxUUcpHbRYsB1TC3SoyBNT6MfQd2jkvMs2Uikvk8GahkpL7qW4MskXgVQ
1789120550,6CsmCtDAhRcbp3G4KiinKC2JjLJ9BpR7isqcgZefqLym,2026-09-11T03:22:39Z,sat,5KXDF6QnqhBj72hDtJNkkpFaQVUfbFXNybMsp3DiK6tD,2518.59,5cBSBcMRj68tFz8SEqiyvcL4ayj8NU7658SomZrj8sUiwMpCvCkUbEPuyULcJehaPAm78SsMkW3j7KxfdWJTppsy
1789120550,6CsmCtDAhRcbp3G4KiinKC2JjLJ9BpR7isqcgZefqLym,2026-09-11T03:22:02Z,sat,FHpcNSe6tb2n15bAdq4BkeYWGyZKFD7yLYrH92ng7wCT,3100.16,2jKQTQ2zMcbuegT8RP9ZnDbbbXEzNfJwDfou5HzETKwMYohbwTFUdAvKsYipbUpuYXL3Q6QVa5wRCkHtWfShbbu2
1789120550,6CsmCtDAhRcbp3G4KiinKC2JjLJ9BpR7isqcgZefqLym,2026-09-11T03:18:25Z,sat,DunF36LLL1E18WrstwZyZmAi8pDFZtKwMHqovj71yNLx,5207.02,CwGxyViJLa2SVxw52BekWQHuSLpcYpDk3npGLuqWJoLbFuqja6KKefEirZbF7CKYJXmjMasLx48S9USoHnmGwnE
1789120550,6CsmCtDAhRcbp3G4KiinKC2JjLJ9BpR7isqcgZefqLym,2026-09-11T03:18:05Z,sat,5KXDF6QnqhBj72hDtJNkkpFaQVUfbFXNybMsp3DiK6tD,4191.12,aryudWn218b1GPjZbPVyqFB5uibPj12Kny6dg4NFrqFvHADmnkwVw5ZHqZLX9b7avxgphZx7KXa8nisMrUZ4YmR
1789120550,6CsmCtDAhRcbp3G4KiinKC2JjLJ9BpR7isqcgZefqLym,2026-09-11T03:16:40Z,sat,BUx1rBAVQq4hMMNA7tY7eRSNXuqgtgTZBHps6Q8ukmFC,2507.93,c1RG7aerqq3xAZ3tMAEc7cjatizjwEsUFan3m3wJYQC8ewLYSYRrxmyCChPzdjyxsqzszybLTMZ7v9L8SAuZZyv
1789120550,6CsmCtDAhRcbp3G4KiinKC2JjLJ9BpR7isqcgZefqLym,2026-09-11T03:16:36Z,al,AgmLJBMDCqWynYnQiPCuj9ewsNNsBJXyzoUhD9LJzN51,2598.04,5Egu2x4wyFRYwBbY9XhRkhHFZZwM5cEXLNq1iWCQUTzz6oBrTEAfw3iYJMRtb3yJmKBL5vpYpFX2NgLmVaKz8aKn
1789120550,6CsmCtDAhRcbp3G4KiinKC2JjLJ9BpR7isqcgZefqLym,2026-09-11T03:16:27Z,sat,dV5RU4UZXs32eCwNzYbtzp6amxHYPLsyBW3Rc7HNjGD,2922.34,3g3W2QCJ99yUZQzj9TyrBDu7SiSbmSfmW96vidHPg7AFUApb7NPqxSbfh1j4vquyo3K52qz68XPD2Py84Me3u8vo
1789120550,6CsmCtDAhRcbp3G4KiinKC2JjLJ9BpR7isqcgZefqLym,2026-09-11T03:16:11Z,al,AgmLJBMDCqWynYnQiPCuj9ewsNNsBJXyzoUhD9LJzN51,3113.11,3bT6sZsPgeobNoSG1Lw93oByhNMYPkDd5PvLmAZDE25yH7MEQYcVwUJankB27jnSMiw6P5jrT7cKpCSKxdf93q1v
1789120550,6CsmCtDAhRcbp3G4KiinKC2JjLJ9BpR7isqcgZefqLym,2026-09-11T03:15:17Z,al,4wMWCCoP2cWH8t3tgSopmi1eWFNWSXZKU2P5r7JkmtEN,2992.43,5FFK6uoNukxrSaG2wSg2mTw5rPtd8jNyrUu2WUep2aTkERJUfRLm8eKgFRH3DtvKTqPfF3QwgC3xXPg9m3dVfSg5
1789120550,6CsmCtDAhRcbp3G4KiinKC2JjLJ9BpR7isqcgZefqLym,2026-09-11T03:14:02Z,sat,FHpcNSe6tb2n15bAdq4BkeYWGyZKFD7yLYrH92ng7wCT,6070.08,3wtABLbz3fugHzBnPfQL1i46euRCpptvXCyUueJg6DPoKXdBmdQgvdXRpaL3Khq4X16DaB5bqbtc3b2U5922jHC7
1789120550,6CsmCtDAhRcbp3G4KiinKC2JjLJ9BpR7isqcgZefqLym,2026-09-11T03:12:32Z,al,AgmLJBMDCqWynYnQiPCuj9ewsNNsBJXyzoUhD9LJzN51,3740.65,33mrg4geueinZT9ZDYgtQW3rG88N4UXwJLPJLnrYdjv6FMsqNP9hGPyfJ2BPjHuU3xTe1pKDmi8Po6hacpJtKwRd
1789120550,6CsmCtDAhRcbp3G4KiinKC2JjLJ9BpR7isqcgZefqLym,2026-09-11T03:10:31Z,sat,npxC1yzvJK53csoJif65cD5nBf8seDo6Yu4bVpNszwY,11143.37,3fuKoZGyUKWsgTkYpUGfANVCN5Cq7KER3R7AfgtBYA7ChZNTQv7EXKWWzzqQD51xe61oyZahmQMMnp5h9ruewKE8
1789120550,6CsmCtDAhRcbp3G4KiinKC2JjLJ9BpR7isqcgZefqLym,2026-09-11T03:07:46Z,sat,FHpcNSe6tb2n15bAdq4BkeYWGyZKFD7yLYrH92ng7wCT,3170.24,4RNcT2VBk71AM7ks7eRE5uKwdBDb6BpawKLhrhxx4PytENgn9qNGuzGGMSsAXLFEXsyYkfNeZPvpRerb15SYq3fU
1789120550,6CsmCtDAhRcbp3G4KiinKC2JjLJ9BpR7isqcgZefqLym,2026-09-11T03:04:40Z,al,HaHToYj1EDQf2FzwV9g34wWumk1nsgv55Mu2ou7FFX9Q,4192.26,wYs6mwL98a7tzMfecvizcShgU8XL5ihXKDcVuHpo5iQEFmcYmsN4FLbS1HGZvBZG5vpdCxHM3YwJkeVHnpHSsZt
1789120563,7LxC96Ag4DnBotK6bMMUj4kdneAo1kdV1xHnzVF5s7W2,2026-09-11T09:44:19Z,sat,HiodLiXGuiGFs24pETxHcu8tbBjzh5q4kMPnSJkq28go,2597.41,3ZTcWnKzKRJRbFrttvw3wwhxWsmZ4gG118FXXzfr38rBaZZfJ1CHD6kaZBk87vqfbry3krsdma9xaGQMDbZxDync
1789120563,7LxC96Ag4DnBotK6bMMUj4kdneAo1kdV1xHnzVF5s7W2,2026-09-11T09:40:58Z,sat,GfA5hJJuij5mazw7Sjqp4Zka1uHoy5t77XNuQCYHmFr6,3685.81,5PxjkxkaL99FFAdjvYs7rPHkbkvrj4HASxcFGbwtAxzRTu51tCoX2iq3SYGaDdsK7c3Do7WkhpJVYkJRjVhv8PCC
1789120563,7LxC96Ag4DnBotK6bMMUj4kdneAo1kdV1xHnzVF5s7W2,2026-09-11T09:12:57Z,sat,As4NMUgmKVA4GUixLrjTCnMHaSQfSWuGbDaMJpis3NVp,6716.22,2Xm12p1ZoYPdW93x47FvhXCKgd9JvebZ7BD1JYghTruw2xkk8LBk8Sw9ePqvLwUwGc2AJwEZrJMKmeYoQJhgzNqV
1789120563,7LxC96Ag4DnBotK6bMMUj4kdneAo1kdV1xHnzVF5s7W2,2026-09-11T07:51:10Z,sat,3x7waG976yTgbczv7QN2TvsLMJTVS9cRKpeKJQkd8rhj,2733.91,5xiubpZpZSoag68z3BZd5RLo4BqKnxP9a48Sjx3FJcxqwFax9hD9EN33U4GxTrYUyb6TwnDnpXokENFpPxeg444k
1789120563,7LxC96Ag4DnBotK6bMMUj4kdneAo1kdV1xHnzVF5s7W2,2026-09-11T07:40:22Z,sat,EFdjJrgvgRby3H8yKm5aErzuD52xXRYDU2Yb2KtMvCYW,5163.85,5UG5wzjt3Y9dhYjZqihD1vWb6ng4AuFaxLmXiY3f6UwKbdFzTr8GPBT5TDrreLyjPvqYXkJLvu6taG8bzEzsKcfm
1789120563,7LxC96Ag4DnBotK6bMMUj4kdneAo1kdV1xHnzVF5s7W2,2026-09-11T07:16:29Z,al,BTFoFLhf2hk9tFwQ8Yh768vRcQQsMEWNU3AanDuzKjmA,2992.07,2A9Nybm4SLv3WsNC3Vwahrx5pdfYdnjtLqGDMMnwgii6yaCGAe9vJiHHbHv8qTTLTctkEmFBuJ7X3AKko79nJZaN
1789120563,7LxC96Ag4DnBotK6bMMUj4kdneAo1kdV1xHnzVF5s7W2,2026-09-11T07:07:56Z,sat,66GMtycwwkyihjy7SQsmwQ9kv3PXobnX9WLWKrotpCuK,4517.14,PWUaoKmhXbso1gnAhvjAUZTRBRkJbNGfvtAtYCPBbLZFfxpcqNSPbf6QvSyhSQx2DVJnFQezCLVeZpH3VGhcRi1
1789120563,7LxC96Ag4DnBotK6bMMUj4kdneAo1kdV1xHnzVF5s7W2,2026-09-11T07:04:49Z,al,7nbJQWCTGkU8Uw9SPsunCV1Jj7U3kJQoBaZwaboKtg7v,3234.1,51hmuYPkWogvKonLfvMzoebxt8JTPNhcq3gEQFTSCffpEL3BnMfyftD2MdJEiaD9nFz8Sx9kF8aaGLH2jPjKCnco
1789120563,7LxC96Ag4DnBotK6bMMUj4kdneAo1kdV1xHnzVF5s7W2,2026-09-11T06:39:59Z,sat,FpnE5irkKjVQwrW4ukCPdtp7oY4cN82Je3AvdyuXKsjz,3121.56,kYacknvsK6aiXSpHoK1vjDsmNmWZyR4kh3jRJzJ8yc99UF32YKTfkhTz7gHsvoSUzHFkZw8866V6MvwPnBDXZor
1789120563,7LxC96Ag4DnBotK6bMMUj4kdneAo1kdV1xHnzVF5s7W2,2026-09-11T06:34:54Z,sat,D9MtLiHsWywWvqUxaCfrRQe2mkTjy1GxEF3yfeoPm3rn,3340.15,EXRM4hzUpyKCj5j9gTnvCskkpzffxqWJXrLJktvTpZ3cjcogvfCErR3zDWmLRid7WaZNiWwgXqR4DZGnzWsfk5d
1789120563,7LxC96Ag4DnBotK6bMMUj4kdneAo1kdV1xHnzVF5s7W2,2026-09-11T06:29:13Z,sat,BcRX2DcPXNJhLo4AK1QPZEsnnxGJAT3zJCP4vPYxo2ym,3553.52,38dzbW9garWxdtstvnhakR1GfpJrGX156uWRw2iuj1TP2wGaxEgnUQFpzTMpwsiqGeajPP9gJbk3Q4HSkSarVLoT
1789120563,7LxC96Ag4DnBotK6bMMUj4kdneAo1kdV1xHnzVF5s7W2,2026-09-11T06:06:12Z,al,2qWX5EXoWtPAbwxxNz3txggsjtyjWD68gb9tN6jrMh2u,2800.04,4JbUGGMumbTkUh4dv1NEPjtq8zYE5kGaZsWfiZyLH7CM4uQ73joZAuSRjDnUmw7oqqvt2AxzVrePizj9eyqrf3FJ
1789120563,7LxC96Ag4DnBotK6bMMUj4kdneAo1kdV1xHnzVF5s7W2,2026-09-11T05:47:15Z,sat,HXpJhVrbdGvnaPh2zpex7boUGX1qiRTL5ZNhmV76pBpC,8911.03,3R8VazPSJJfprbgELcvBcorz5Axmjrm59KVVTkHQ9Xv1y391bCPvgqZ8vg93k3as5e8fnLgYvpRHKH5bJrw1rw2A
1789120563,7LxC96Ag4DnBotK6bMMUj4kdneAo1kdV1xHnzVF5s7W2,2026-09-11T05:42:06Z,sat,H8NTfnUuyF2xhqspvXbpYvotKDMDFiY2zVpoNyUcG7uY,5445.63,2twfDwZS5uDkDp6smRNtw77caNiTMLAEzUyLc1HuaaBqtnNRnVuqEv8fBnNC13RRiD9Sabtmsw14NCa37nH87ppn
1789120563,7LxC96Ag4DnBotK6bMMUj4kdneAo1kdV1xHnzVF5s7W2,2026-09-11T05:40:26Z,sat,H8NTfnUuyF2xhqspvXbpYvotKDMDFiY2zVpoNyUcG7uY,5876.87,31npJZSzusdFsBLs5tFaD7DXQuea7rQz2p2VTeZpwogEb1y5jvXN9C12wMzFcyK92JdEKZokbrBuDgiefpNvDhiA
1789120563,7LxC96Ag4DnBotK6bMMUj4kdneAo1kdV1xHnzVF5s7W2,2026-09-11T05:39:51Z,al,BBjqvoVmibBjWnHyWrBwLGtMtc39dHKp2xPBABVw7Dex,2839.76,4HgmCz9Eu6o6mCFEkvvLFnLZXiV6CfSPAsnUf4Nzgj3AfeE9m3WG4GyzPC48S96AFYxMWWqQq59XjWER6RjX8HvK
1789120563,7LxC96Ag4DnBotK6bMMUj4kdneAo1kdV1xHnzVF5s7W2,2026-09-11T05:34:25Z,al,AgmLJBMDCqWynYnQiPCuj9ewsNNsBJXyzoUhD9LJzN51,3349.45,5xrhwYCZmw65juyMnYBxH2Q2xjaMAumuoYa2WEsmp6Rq8gVc88GBNX8RJs3e6smkHzwyX8n6Yavw6LvhvEWMp6g7
1789120563,7LxC96Ag4DnBotK6bMMUj4kdneAo1kdV1xHnzVF5s7W2,2026-09-11T05:27:50Z,al,AnLrhVnVebuaYsVMwPsgKaMQc5954GiFTuTJnCyJBLgt,4008.51,ADW8VrWxdJKseNCaJnCfUt8LYjraTX7EjyJoTi2Vjpokm9axUMQjoqUrGzrJymTXQJyUUnCPtF6J6pd7j6HhT7X
1789120563,7LxC96Ag4DnBotK6bMMUj4kdneAo1kdV1xHnzVF5s7W2,2026-09-11T05:25:49Z,sat,5KXDF6QnqhBj72hDtJNkkpFaQVUfbFXNybMsp3DiK6tD,3447.18,3nXTVnbMNQae8Qjke353q14bBEz4sNEscdA5KQCAecFMhJ5vFczxiK6FKegfsbgW2TbFTdiHxCg5djgAY1VD8BNE
1789120563,7LxC96Ag4DnBotK6bMMUj4kdneAo1kdV1xHnzVF5s7W2,2026-09-11T05:22:47Z,al,2qWX5EXoWtPAbwxxNz3txggsjtyjWD68gb9tN6jrMh2u,9752.52,5Q5rJTRwdKW1xdyea8RAifJentgwxNNZpcTHDaPTrFQXjSP7eJfMEuEwYQpy8acRLrX8yotQK9d912fduqJZsvKM
1789120563,7LxC96Ag4DnBotK6bMMUj4kdneAo1kdV1xHnzVF5s7W2,2026-09-11T05:22:13Z,al,2qWX5EXoWtPAbwxxNz3txggsjtyjWD68gb9tN6jrMh2u,4460.69,2FDC2QgkDyL55LApgi6dcUX2yVXs2pWHykwxNrcjkAtU5mHgu4XGv9naD7uFi1LqW6ixhfxKHn53qRP47CxwPYjy
1789120563,7LxC96Ag4DnBotK6bMMUj4kdneAo1kdV1xHnzVF5s7W2,2026-09-11T05:20:56Z,sat,CjKgEQ3REESLbjM2RQUzHKeCWKcTt2KQCy92y9rh9Axw,2539.29,4TD1exVzs1DxzirXH3haxwYghynwBwWzWpeo3j2z2T4ptzWe4WLD42GBGn63hJb8qu899LXXZTVe4sTgcnnFNrr1
1789120563,7LxC96Ag4DnBotK6bMMUj4kdneAo1kdV1xHnzVF5s7W2,2026-09-11T05:20:55Z,al,AgmLJBMDCqWynYnQiPCuj9ewsNNsBJXyzoUhD9LJzN51,4919.23,byhd2eNDEEXbgLpjpoC7xbAJvShHGyJ5xFa5g7y5pjAqbNJxtzY17r9jBr81m9b3E1v3EiFwjynvQ8b72thskMC
1789120563,7LxC96Ag4DnBotK6bMMUj4kdneAo1kdV1xHnzVF5s7W2,2026-09-11T05:19:52Z,sat,FHpcNSe6tb2n15bAdq4BkeYWGyZKFD7yLYrH92ng7wCT,5129.68,4zVHGoiD6fpKSbAUcN7jcfN3qA8PkNirq4JKN48Wx4mxcsvwcd4YDG77CHnTtvaMeS9tBQY6aFwCcb3KBbVtPznj
1789120563,7LxC96Ag4DnBotK6bMMUj4kdneAo1kdV1xHnzVF5s7W2,2026-09-11T05:17:32Z,al,FHpcNSe6tb2n15bAdq4BkeYWGyZKFD7yLYrH92ng7wCT,2746.83,5Dk5f3yVjuAKZtRFBYnN4nvPDq5FhJeQXk1CZhgXTLJjfGi1N3rskyZuLdPzJHCJxmFNc8AELzCDeYYtKqJ3F5iz
1789120563,7LxC96Ag4DnBotK6bMMUj4kdneAo1kdV1xHnzVF5s7W2,2026-09-11T05:04:47Z,al,F7p3dFrjRTbtRp8FRF6qHLomXbKRBzpvBLjtQcfcgmNe,2763.07,2PZoB1nSjuUBLw8XbA4Lu32pjjnVBG7NkxCZQvwbeq9rtfipJ3Jhu8thp351EDmiYuyxjiU1mcQWKDuoidKEAq6o
1789120563,7LxC96Ag4DnBotK6bMMUj4kdneAo1kdV1xHnzVF5s7W2,2026-09-11T03:41:17Z,sat,EhpLpakhtPhDp4mZ9NrSWP8RKo9bbpbsGyaLWpezQP5X,3307.52,3h4tRVL2wCFTmNTmsmCyC9y8faLzvpGMwiFtHiDgQL9SUxMy5UVYuJS839GPrMzCzGBf8jBqWXGnyEhLhT7Y2FHH
1789120563,7LxC96Ag4DnBotK6bMMUj4kdneAo1kdV1xHnzVF5s7W2,2026-09-11T03:41:02Z,sat,EhpLpakhtPhDp4mZ9NrSWP8RKo9bbpbsGyaLWpezQP5X,2895.2,2UAM81cFiXpR4xuG8LW2kcqQLbQyKsUJNBpo72J6ZwpdSMmX7xJ7osm5psrN29hrzgvpKkyMsNEncNF7KPzVkxMn
1789120563,7LxC96Ag4DnBotK6bMMUj4kdneAo1kdV1xHnzVF5s7W2,2026-09-11T03:40:01Z,sat,EhpLpakhtPhDp4mZ9NrSWP8RKo9bbpbsGyaLWpezQP5X,3770.56,wyKnhhec7vxPrfi6rHmfJteqmkxfBEByAUWFXqZJtHZYY8VAedoxHzQF8Jn2Jsg8LBiahaQcoiWK3J1gpuzG8BX
1789120563,7LxC96Ag4DnBotK6bMMUj4kdneAo1kdV1xHnzVF5s7W2,2026-09-11T03:39:29Z,sat,9VseZ8Q3VsDtVAywLZENoZ1HHpZKbBFWpo29pUHH13tL,7167.85,XYk4ewjfyrKjRrk67sWHDd6SGRRKX1KkfLzR5hJQaYbohqMM8hbHgYecVjZfmtxmVHYcbLag2vZ4pkdgJS5kQLa
1789120563,7LxC96Ag4DnBotK6bMMUj4kdneAo1kdV1xHnzVF5s7W2,2026-09-11T03:38:49Z,sat,f5MWT779kyJXXSon7woRXVVKDDY9tLWHJFyJrP8YddA,2511.58,5Uqqa29pN5VVsv83bGAf7mngncWT1LpczwTiZuM3evdkhMDMaBD9QQPoUx9nXEbDiYt2kX67W6oLGWkgXjDt7LFK
1789120563,7LxC96Ag4DnBotK6bMMUj4kdneAo1kdV1xHnzVF5s7W2,2026-09-11T03:30:27Z,al,H8jBDNyyawG6W2cgBMJLCyCR8X3PuLtbph17uCjkrvSJ,3140.87,2MadUsXBxXgv8ihwmXGCqpBjwa3R6U3BKk5BBGBMYB48mBU8MU4T4vKGrKPaCw7JKUgZghoc8jp2Q1FaWsRLihX6
1789120563,7LxC96Ag4DnBotK6bMMUj4kdneAo1kdV1xHnzVF5s7W2,2026-09-11T03:22:28Z,sat,AgmLJBMDCqWynYnQiPCuj9ewsNNsBJXyzoUhD9LJzN51,4060.0,2u7agrTW2fiyLaMtCYh9AUhMfcZGJ181CNdxXTurjQ8ttrU3oFL3ujJ11Uuzqf9sCz1LDy6LK84AJrQCrACdNThf
1789120563,7LxC96Ag4DnBotK6bMMUj4kdneAo1kdV1xHnzVF5s7W2,2026-09-11T03:21:16Z,sat,AgmLJBMDCqWynYnQiPCuj9ewsNNsBJXyzoUhD9LJzN51,3127.75,2KvpYKPrpESkMLZMtqFwfcfw1iERauX3E4rdLpGCMAGRFzaCdhXvdt2KQKQo3d3K6qiA6FKCwPWj1oZ5NiLFRw6G
1789120563,7LxC96Ag4DnBotK6bMMUj4kdneAo1kdV1xHnzVF5s7W2,2026-09-11T03:01:47Z,sat,AgmLJBMDCqWynYnQiPCuj9ewsNNsBJXyzoUhD9LJzN51,3369.29,3ASSAshLEG7AhhpYCETE4frTx3eYyYewkzUEcdejgyP7vpzvF2AsNXARWyS7aCYQpYb6Xgd3tN6HGfCAcB3k6FwM
1789120563,7LxC96Ag4DnBotK6bMMUj4kdneAo1kdV1xHnzVF5s7W2,2026-09-11T02:51:34Z,al,AgmLJBMDCqWynYnQiPCuj9ewsNNsBJXyzoUhD9LJzN51,4030.76,5nNHZmdYQRJzj68YsLiyt4noSxxcSBYcCHdRyqKCtzJcGgzRiTcbPBNPvJ3rmrXLNeYbPMxtWavvbL9hSPgiDAzA
1789120563,7LxC96Ag4DnBotK6bMMUj4kdneAo1kdV1xHnzVF5s7W2,2026-09-11T02:49:30Z,sat,6prMLCvCKYUcpmuHRrRdz4qbyJD7CiDj4SiS2524WJd9,3026.38,3BtRazxrJeNPsa9DQ3JZQukjmsq6S7ZgokHfCvfFnvcU1cBhW94NdWnejPTsrhUWNRJTe4HThYJzhsQbfmbPGqro
1789120563,7LxC96Ag4DnBotK6bMMUj4kdneAo1kdV1xHnzVF5s7W2,2026-09-11T02:49:25Z,al,5irNFmULULd6SdWpVmw4eNzkZjiuyw4wp31aEVrYXJ3K,3562.72,cW5cnscqwDfn4UEZumtiDAX12WWXf8NqN86kpd7iESuG5t6jJnabTT6XW9sPQzpNAiUt7nsk69V49nqXCKRptXq
1789120563,7LxC96Ag4DnBotK6bMMUj4kdneAo1kdV1xHnzVF5s7W2,2026-09-11T02:47:22Z,al,GdSmhYHGFjb1QRDJ3dtpbA9TYNJaqEJsZHuUxpksEKNN,8155.66,4aq3XP7jV3FnZ96Q4um96eNdCy8T5H1oQpCJTELYqde72tJsPiz64G1oQ3e4UnMjRhx4hBpZKMCruT28pS82GSc9
1789120563,7LxC96Ag4DnBotK6bMMUj4kdneAo1kdV1xHnzVF5s7W2,2026-09-11T02:46:45Z,al,AgmLJBMDCqWynYnQiPCuj9ewsNNsBJXyzoUhD9LJzN51,2987.08,2DwD4k5MbYgxDaKE4MWGBZngHZNXFD1bfLVdgtmg4ssTfVniMvnRaqPCiQ9mstJEzEyTPop7YCLD8WnnZLNjMKuL
1789120563,7LxC96Ag4DnBotK6bMMUj4kdneAo1kdV1xHnzVF5s7W2,2026-09-11T02:25:31Z,sat,DxLX55tUWqZR2UrqbNX7F9gEKWKo4w13BtCp3hD7bAN6,3030.5,3a6fBMCAHBQq454fFxSh3HukUsqvSG1DF9yY9F8tynqAysS6Lus62Cvtph7Rg2mPkkFmm3AzmYFWsSYXzPq7YFpq
1789120563,7LxC96Ag4DnBotK6bMMUj4kdneAo1kdV1xHnzVF5s7W2,2026-09-11T02:24:05Z,sat,AgmLJBMDCqWynYnQiPCuj9ewsNNsBJXyzoUhD9LJzN51,2981.34,5CxivC3AUihNVXe7spvWAV4QFqcxfLRCLRcFqBZZh2brTU42mVJVwNLydaqNKXV4cwVZ7zgQTe4QsU6JVFPsiqsq
1789120563,7LxC96Ag4DnBotK6bMMUj4kdneAo1kdV1xHnzVF5s7W2,2026-09-11T02:20:35Z,al,4mBGZfAgMHY5TbCmBEUjAMqo8F9kY27g2RRpfJmpmKew,2667.83,NaZiNMVMBz8JgbkpmmP7J9csGWuJiPSe93wGMLcojMWitBtMLQ1TWrZJ12jJbjkbYP3bnjYyYR4i28HCgUuKThR
1789120563,7LxC96Ag4DnBotK6bMMUj4kdneAo1kdV1xHnzVF5s7W2,2026-09-11T02:20:19Z,al,4mBGZfAgMHY5TbCmBEUjAMqo8F9kY27g2RRpfJmpmKew,2690.05,2x1NLPDmVakPuyY2yUQfDgUGZK58xctKnhmWRmxYH1tw9WTAT6vXcq1Ucegz1C1tLetTCbxeFU6D6jh9qwdwQ5xJ
1789120563,7LxC96Ag4DnBotK6bMMUj4kdneAo1kdV1xHnzVF5s7W2,2026-09-11T02:10:31Z,al,As4NMUgmKVA4GUixLrjTCnMHaSQfSWuGbDaMJpis3NVp,3132.29,2AvPR1yutPYWQcaj3RJyRFU3ZVXsxWhjc33WbDgUba6G9Da8PB17Cwv1rPoqMugt5z6t4s6yrWFvfVMqx7HvqcFU
1789120563,7LxC96Ag4DnBotK6bMMUj4kdneAo1kdV1xHnzVF5s7W2,2026-09-11T01:39:24Z,sat,FHpcNSe6tb2n15bAdq4BkeYWGyZKFD7yLYrH92ng7wCT,5645.62,4v2wk4QKWFi6eXWVSsxn7UhG2VzkfDDPVjhB3XL7k2ioncsugrPf6hPh9FDF6fpW1apA5RXXc92BZYXRnxvjFRGQ
1789120563,7LxC96Ag4DnBotK6bMMUj4kdneAo1kdV1xHnzVF5s7W2,2026-09-11T01:38:21Z,sat,FHpcNSe6tb2n15bAdq4BkeYWGyZKFD7yLYrH92ng7wCT,2582.5,pZDR8TKP6Wv8DDbkBmQDdUwsoMDxLLmu8bunALnDKReoVC49BKHyuLTCPtkSDHpiT7AwHHUFgBq3BFmESYFTqvo
1789120563,7LxC96Ag4DnBotK6bMMUj4kdneAo1kdV1xHnzVF5s7W2,2026-09-11T01:31:52Z,sat,AgmLJBMDCqWynYnQiPCuj9ewsNNsBJXyzoUhD9LJzN51,2534.87,28gNa51oNQqnZRGqSmfDPgr6YduaXxMZcr7WxQvgMefGSs4sLYfkz3Emmoe99uSvmvkeFn3anSZQPmq36GviLsK5
1789120563,7LxC96Ag4DnBotK6bMMUj4kdneAo1kdV1xHnzVF5s7W2,2026-09-11T01:29:09Z,sat,DxLX55tUWqZR2UrqbNX7F9gEKWKo4w13BtCp3hD7bAN6,2849.87,22ZvgGPimbZsuRBmuEuR7osHzVT326xXj5AhbxnMFpfDsw2sk5e26WSmzfRZ8dYA83nRKZmUvYV2714755PJm73F
1789120563,7LxC96Ag4DnBotK6bMMUj4kdneAo1kdV1xHnzVF5s7W2,2026-09-11T01:25:39Z,sat,7Qr4Hk22cF1cRphQ3zVSZZYDeTX5Pbs7rVH3QVqk8asK,4390.17,4Xg9GQx1BXNbCFz3MnbNa1Pb3TrYw5q7DoNshpXPLiKH9Xs4KURDBan4CHpbJsndsb8Mnqoyu3dgBVQ4b8YBBChc
1789120563,7LxC96Ag4DnBotK6bMMUj4kdneAo1kdV1xHnzVF5s7W2,2026-09-11T01:24:02Z,al,FHpcNSe6tb2n15bAdq4BkeYWGyZKFD7yLYrH92ng7wCT,3996.02,4to1WwNbFbgidKRD8yN9Z2ymsbi92mKtxhQMNKDt8KvRSRRvrhZgJLGpcdCmAUM2Qeq24d4rnAWEi1pS4KbtW3tv
1789120563,7LxC96Ag4DnBotK6bMMUj4kdneAo1kdV1xHnzVF5s7W2,2026-09-11T01:20:36Z,al,AgmLJBMDCqWynYnQiPCuj9ewsNNsBJXyzoUhD9LJzN51,2721.9,3gGSXt75XgHmhkgkCZHqhppb54eNUPa479z4UeCspP9QponePMjekokUYA1kdwGmugDPyYtqkrU5v7Y27RhhgFLj
1789120563,7LxC96Ag4DnBotK6bMMUj4kdneAo1kdV1xHnzVF5s7W2,2026-09-11T01:09:38Z,sat,7NPLMWgrFWEADvHu4BwzgpAKcyD42TWdgJAHWW2iYTJS,5581.4,2EXy1dYrQeBQ88f5yjR8eRtj8ZwQ8B7NTZHXG1NbFSFdswVd2BXMGVVj3tWCoVRDXEMFSA2v1g3De95B6sUTt2VM
1789120563,7LxC96Ag4DnBotK6bMMUj4kdneAo1kdV1xHnzVF5s7W2,2026-09-11T00:57:02Z,sat,7QJuziesY23LqFatfbGuaDqnmm1zSjPPpNNPUJcwofGu,5598.33,3ccgEX1qsK2SXDDm9F7rcyQFTAr11X2QefH8pss8AxAFixb3HLaTzc6Fo7CLR9sqJB7dPRHErT2Lu42fR7Ua9UxW
1789120563,7LxC96Ag4DnBotK6bMMUj4kdneAo1kdV1xHnzVF5s7W2,2026-09-11T00:52:04Z,sat,5KXDF6QnqhBj72hDtJNkkpFaQVUfbFXNybMsp3DiK6tD,3167.59,5fZXXBneichfVMDtsjAEZMzB1yJ2secCwaUhe1iEr2DBuvK4tCLwTAXVtKhXTaQxtrcXv7WpyTSDrnT3gqAMrnp3
1789120563,7LxC96Ag4DnBotK6bMMUj4kdneAo1kdV1xHnzVF5s7W2,2026-09-11T00:50:36Z,sat,8QcfLoVEgrjGA7iHAKxRbryoRRCQwDaUyZDjVwW2UkXz,3218.07,5XMpaLiLk4ZKgSeNeVYMBuiDDB3urW48MdVfn9NEq1QCReQU48KpLFNe2gBhrj4Qowc1GiNxUwh9q7qFbjKDDG7w
1789120563,7LxC96Ag4DnBotK6bMMUj4kdneAo1kdV1xHnzVF5s7W2,2026-09-11T00:50:10Z,al,9rA9gENtPu6wT77YVSMY6hdNzcLxfkfnxPePkooWQy9J,3550.14,Eupv2xZdEXx2AgRzBVWSqnMcik9qkfCJ5WwzBV7vv4FUbaG9AAgrLyiPFdJ9AD2AzgYL4fGXFx2EsXTxVRdWXiz
1789120563,7LxC96Ag4DnBotK6bMMUj4kdneAo1kdV1xHnzVF5s7W2,2026-09-11T00:47:51Z,al,AgmLJBMDCqWynYnQiPCuj9ewsNNsBJXyzoUhD9LJzN51,4305.18,oEZwdK2YTDiRgWJbbXF8XkKfHtRDSnwSqozcHwWgkQBGnnn8eM2QAHCXsB4MMcxURQrjJg1KNSkb6Z7Qr85N26Q
1789120563,7LxC96Ag4DnBotK6bMMUj4kdneAo1kdV1xHnzVF5s7W2,2026-09-11T00:47:45Z,sat,6jGyzNorEZhb3TJMTYhae9kaAHQS1qFWvvvjC8vVedpb,5315.45,9wzy3BjRsn8bvA4numQMt72BHmG66B6Qy3AFxpSnDUrZDUw9pUQFrdEV6Yuh85k9Hb9KRbmJazMuWjt2dyZmf2G
1789120563,7LxC96Ag4DnBotK6bMMUj4kdneAo1kdV1xHnzVF5s7W2,2026-09-11T00:47:25Z,al,AgmLJBMDCqWynYnQiPCuj9ewsNNsBJXyzoUhD9LJzN51,3494.78,3v6o3JDsJimKnqx3SfGTHYcLojTAX4SHAnhWYcmskd2GaHGRJi17pZQ6PCU8wwq36GKkq3zjmB1onhFpURPNEm21
1789120563,7LxC96Ag4DnBotK6bMMUj4kdneAo1kdV1xHnzVF5s7W2,2026-09-11T00:46:02Z,al,6jGyzNorEZhb3TJMTYhae9kaAHQS1qFWvvvjC8vVedpb,2651.24,4vVm6xmACEK3yuT2g8JZ3d7NwHWhHXnmXhEJcyaeBpEt2c8EQuYiw2ho2GjJT8KEYdnCwMqV8USyEDZsrzYCkdBi
1789120563,7LxC96Ag4DnBotK6bMMUj4kdneAo1kdV1xHnzVF5s7W2,2026-09-11T00:41:00Z,sat,9rA9gENtPu6wT77YVSMY6hdNzcLxfkfnxPePkooWQy9J,3735.31,535p6YyXuQdj69SY4RCmkEDxc9w16v5xzeHNdNzBYAhNTVkRoZNQqj4sCfcdgabG4yhA235AXsW3tn79rBpTSH9A
1789120563,7LxC96Ag4DnBotK6bMMUj4kdneAo1kdV1xHnzVF5s7W2,2026-09-11T00:38:40Z,sat,D3zAG2Kb6dAWvfuJtxhMun9dT3VurJcFjRDJvVkApZ3d,4153.76,4QTgHc4TgikFS3Uy2p6mkvd54g8xGmUQURQiJ6sk3yzR6bcZvc5c7Y6MvkZnv1Qy4Lxwb9aAwq9h5hP9ernHhzyt
1789120563,7LxC96Ag4DnBotK6bMMUj4kdneAo1kdV1xHnzVF5s7W2,2026-09-11T00:18:26Z,sat,FWVRZ4tohrubSK7KS7J9tyLmSPUTXnYF7eeqRnCjSyy2,3859.19,52dW7njYnPXuKLFf67kLxxGnou9wMQaNx8ATmsAJBpC9TfxFVoVcc55oQMZq8JGSMS1QpSrdfMTxqxCMJeco9n9c
1789120563,7LxC96Ag4DnBotK6bMMUj4kdneAo1kdV1xHnzVF5s7W2,2026-09-10T23:57:16Z,sat,GigTgpb4AcF8QoQcSQ5TuBWiwcCbUUujmaf12cv77gVW,2691.22,3pqHuLVNSogoPyQrjBWn2yrrT3EowMhxLaT3dxpZokPDSPZRPpMrNRpAET2DHc4TifbdHQytX3LvcVg4zXXm9bRF
1789120563,7LxC96Ag4DnBotK6bMMUj4kdneAo1kdV1xHnzVF5s7W2,2026-09-10T22:57:22Z,sat,GigTgpb4AcF8QoQcSQ5TuBWiwcCbUUujmaf12cv77gVW,3067.6,wc8i3U4mfBauNpewsevAcp17P1ikYQT1QrHEAFnnPJQviYRHYQe2TSmMLmae8jZtTbvQk2EANtRvpjEaLUY2nVe
1789120563,7LxC96Ag4DnBotK6bMMUj4kdneAo1kdV1xHnzVF5s7W2,2026-09-10T22:29:52Z,al,4yMQPYwEVcJKScnqjvmdXJ5JXLxCQcxoMGLk4zPnQjEX,4289.88,rgE9wJif2mjMfXfAAnaJgaFmuST8aMpTL7Q8MQNdzL88MBzWw2pjxzHnmByhkukTTU8eFHz8YcQnYBw3e1DAVfD
1789120563,7LxC96Ag4DnBotK6bMMUj4kdneAo1kdV1xHnzVF5s7W2,2026-09-10T21:23:15Z,al,HXpJhVrbdGvnaPh2zpex7boUGX1qiRTL5ZNhmV76pBpC,4062.78,2hDsBmkYZUisMyiHvSstLoVJunjYJNnVi1FxN76sEcTNtTBiH8iaFDpR4qKuJtPv7PVZdcUvUkCdPJavHHq7nDJH
1789120576,7MCgYMzq3fov6oERdtTMAYbN2U9LZrrSYS1MBhjixZFr,2026-09-11T08:23:42Z,sat,FvLgucDoeapn3bVKBQ7XXKeUvCQqY5TiTRx459YtVLwX,3243.94,XXkrfDZj1QoyjdqRS1sFQdPqkwGcK4mEnuWpCgW1JgzZqiBzKfa4ZPkybwogUFdDZoSmQ64bBTdbUfQaQxV9NeH
1789120576,7MCgYMzq3fov6oERdtTMAYbN2U9LZrrSYS1MBhjixZFr,2026-09-11T06:54:43Z,sat,4DWBuy6EdYXDxqq6YjdAP4AK2Gxj4HNQ4BYf1gvLTkjL,2525.74,pMAXdn2Y6CXySc1RQu9LVDMNtW6yBAvtkzUrmCHoA8FuAdtdeRr82UP1pipXQtoJjditJmAvVkfHTet3GpZBdKr
1789120576,7MCgYMzq3fov6oERdtTMAYbN2U9LZrrSYS1MBhjixZFr,2026-09-11T05:55:01Z,al,4KFjw2xfH4cXJJKjG1jDZRNphctZPMoFz3K6r3bAVtmD,2758.15,rQZGFZoAwdGg1JQ1NWA6iJ9WSBL3KASiDGNbmhMzFqu8JxVe5C6SS4TJeU56EcSxmt3M5PC3Ax4LpnAsfJbQBX3
1789120576,7MCgYMzq3fov6oERdtTMAYbN2U9LZrrSYS1MBhjixZFr,2026-09-11T02:57:32Z,sat,AEZGUsnk1Mejgm4JvTnTL5fFM5uSrGWnjjNeRVtgPXCW,3040.89,3JJGwLDHq7wjDoDmhsp7C9KAGZqtyApyHv7rRkXkxFYC6rhQKdXBi6yD4qEyH5pxdRWjmKW3geHb331jssgiUroA
1789120576,7MCgYMzq3fov6oERdtTMAYbN2U9LZrrSYS1MBhjixZFr,2026-09-11T02:57:04Z,al,FHpcNSe6tb2n15bAdq4BkeYWGyZKFD7yLYrH92ng7wCT,4984.26,5x83tUo9DXpsjR4NqS9XGo6a9Wi5GrkyuattsLjSkBsmdJ2wrxX7ndRVVrDYbhdj8fZAFVAN3YvmUzTXujhFS9W9
1789120576,7MCgYMzq3fov6oERdtTMAYbN2U9LZrrSYS1MBhjixZFr,2026-09-11T02:55:50Z,al,FHpcNSe6tb2n15bAdq4BkeYWGyZKFD7yLYrH92ng7wCT,4534.1,2WTQyA8Yo9Lq8r8RBpazE7pppB8qCqzkqvNCqKnc29jVbdM4XWan9DUJzeYRhAc1UjBRhnbfqEjWFDWYo21xh5M3
1789120576,7MCgYMzq3fov6oERdtTMAYbN2U9LZrrSYS1MBhjixZFr,2026-09-11T02:09:02Z,al,C2JpZaM9xJVaamGtQLN1ginfJJQz3PmeAWzF5nUohjfN,2727.09,zAXu8f9iMojwCv5nJyFsVWfJ9jCKxsotw5ihsWfXtdzQzwEmvSQSXoFWu93o9WW3TGJhf1CjuWfPPLsT1iKNBf4
1789120576,7MCgYMzq3fov6oERdtTMAYbN2U9LZrrSYS1MBhjixZFr,2026-09-11T02:06:23Z,sat,FHpcNSe6tb2n15bAdq4BkeYWGyZKFD7yLYrH92ng7wCT,5114.99,2R9ciA1LhUA8NzmZ5ykieLYSjZ5dhZM3dKJDxzisxgUa1qtU5y7b9tx8nZwtt8ksPzTMMPDxcCdM1bAxRDN5h6Mt
1789120576,7MCgYMzq3fov6oERdtTMAYbN2U9LZrrSYS1MBhjixZFr,2026-09-11T01:45:24Z,sat,eCepC89ZQkcUg2a38sL5aJTohVtXu6riWZGDVkxrmz4,2620.65,5y48uW2ZAf52x4SSXUqbRwaYoaRT5RsizWsimmPXiGqSKDmnSNS1VWiE4oq6WnMZnvdscpN5Zy7jHV7yaXP7RXzD
1789120576,7MCgYMzq3fov6oERdtTMAYbN2U9LZrrSYS1MBhjixZFr,2026-09-11T01:25:13Z,sat,FHpcNSe6tb2n15bAdq4BkeYWGyZKFD7yLYrH92ng7wCT,6507.33,1Lw1AQ2HvUeKcDmjPwUpnncQDTe4437pB4EQYJjX2zBDBG55cN2bDkGoMMdFkhVmWXMjPZh8WGPPrghfm8Djxoi
1789120576,7MCgYMzq3fov6oERdtTMAYbN2U9LZrrSYS1MBhjixZFr,2026-09-11T00:23:05Z,sat,7aH29xUDZYaWJsnEjNy1tU8ZhtT8v3M1QX491tvdj1CD,2541.72,4NiADa5ENsHbUUNX5KUeaRGrpNRE7gmJnpf7dJBiYpj2f7QLKAMvXpzoH32DvK84ou1m1SRFCkfhYgbxPw9c7UxZ
1789120576,7MCgYMzq3fov6oERdtTMAYbN2U9LZrrSYS1MBhjixZFr,2026-09-10T23:45:05Z,sat,CRJCJxcKGD9W3zVQSoPHSPAsecMihTsRp7irPCK8KXmG,4550.95,636maAFsdf7cP4qG6FkTEG5j3RrQkXMttKffjbpF6R5WDtX36Wz9mtTLFAVhbL4gVNnqgtjHmqqCqnkcR3iAySJx
1789120576,7MCgYMzq3fov6oERdtTMAYbN2U9LZrrSYS1MBhjixZFr,2026-09-10T22:36:59Z,sat,rub3JBnjiYW5F9RygAcjtvf6YS3MYSFzQDbWXmSZSiK,3339.21,RUBKMVW2b7h4eT3v7Ce6q5oWvU8TgtTFAw3iL47y4BL6MNbrQ7Xq99ZPJmuT9B6rUCyg18vBiescwFfNFu2kr4k
1789120576,7MCgYMzq3fov6oERdtTMAYbN2U9LZrrSYS1MBhjixZFr,2026-09-10T21:19:05Z,sat,BkzF64ZqP39vsjEqScU44aLE7vf5VXwf13AhMrj7LDD1,6351.47,5wqHwVefAs7rUswHfsEtY2Cz4V5LCaVc7As6dzyVVtvgeeJnT2fZBaQtr8KuVvp9dbthYG4z1Rtxg3fKpXdXVFrz
1789120576,7MCgYMzq3fov6oERdtTMAYbN2U9LZrrSYS1MBhjixZFr,2026-09-10T21:02:23Z,sat,AgmLJBMDCqWynYnQiPCuj9ewsNNsBJXyzoUhD9LJzN51,3553.89,4FnPTVs22wYhAv3K1UyFdfDjtt29eoXee5sSQjkNq25nwUbejJdMYtxHgEiNGERbRbNrBYMZT8QWxuRLyA6Wnykv
1789120576,7MCgYMzq3fov6oERdtTMAYbN2U9LZrrSYS1MBhjixZFr,2026-09-10T21:01:38Z,sat,AgmLJBMDCqWynYnQiPCuj9ewsNNsBJXyzoUhD9LJzN51,2776.69,5pZEATE6frKo7XLRot1tTdVrjt7fiiBnBXWoLKmBBGaGjmaeZCEBcAigfMyrsvRXaFwjCd4wzUcUEGFWcVPvKqgK
1789120576,7MCgYMzq3fov6oERdtTMAYbN2U9LZrrSYS1MBhjixZFr,2026-09-10T21:01:31Z,sat,7KeUejFSL6vxM4n6PYXZcP12Fd6wC6pvuDGgeDSdpRV2,2568.86,prPhVaezBLNvAFHdCPJ7VwaJ4g4m27uXzCa3GYPzSdy1E119RDWARvmpBKEgoanAff1tVcQSvFxgv9eD5wvwPo8
1789120576,7MCgYMzq3fov6oERdtTMAYbN2U9LZrrSYS1MBhjixZFr,2026-09-10T20:56:31Z,sat,3VcfnhGYv4uJScfW9zkezWfXuuhbcnRCi1NAytZXNhPa,4407.11,5MbAVsMksXSiY1Ve1mTRuBN9TtR6Q3hmSD3pUBhPZtQa7iXUqHuFbRtw46qH3bAZyM7KK8bxmxDwmgR9Qvd3nDE5
1789120576,7MCgYMzq3fov6oERdtTMAYbN2U9LZrrSYS1MBhjixZFr,2026-09-10T20:46:46Z,sat,58DKz1ogYsKFRH5ReKbMPDTTFqA46VRVgnZgvxijYwUi,3792.34,4TeV1617tCNtvcnMW9axeqyYUXGcu1dH657pCpuiZGbxQGM32g7apLe9xcr6HxGuQWBz5bcH1dNL27Y4iVhSuRBz
1789120576,7MCgYMzq3fov6oERdtTMAYbN2U9LZrrSYS1MBhjixZFr,2026-09-10T20:33:52Z,al,BLNin6tWNphAQh33G5hhEnyG9F9fKqigzmSjGVW8nac5,2964.51,WjLM2TPQyHE7aPSt8cFuHDDz3XkivcKfkLAQXgFjzRbjWmHZeterRqw4P9LsfNrCPinqSKfVV6vyHqUqt2qHWEh
1789120576,7MCgYMzq3fov6oERdtTMAYbN2U9LZrrSYS1MBhjixZFr,2026-09-10T19:47:19Z,al,5SFWP6nHtvvHzqGfGjrTeG96txigt9UdSbN7BJkEvFJt,2882.87,3TNXRncR14A53G5xuPvi2exkY4ZtF3LLDteG2iyRbPcKMR82XfDt7G6rJktXXozMpojCYMxZCoXQhayhS722ixKg
1789120576,7MCgYMzq3fov6oERdtTMAYbN2U9LZrrSYS1MBhjixZFr,2026-09-10T19:18:54Z,al,9JnvXLjM7QETpreGvdYouVpRNdoRjHjYCiJ6Qj4F1T9V,3206.0,2Bq3TM1o9Fbig2NkBTLfrdUncpgxkEPcqFNUJ97uMefAReLSNSHUAr1ofdnbKRmc2aqSe1fxWREGTNScUBZa73fb
1789120576,7MCgYMzq3fov6oERdtTMAYbN2U9LZrrSYS1MBhjixZFr,2026-09-10T18:45:19Z,sat,9JnvXLjM7QETpreGvdYouVpRNdoRjHjYCiJ6Qj4F1T9V,2532.5,4Rg9qVyRMMQVfifqgAKscZHM26K4eHQBBBdC4r3ifSqtW3UPvkrH7utuv9tr6JksG4XYRGkcLnaqppJGvcN3Zziw
1789120576,7MCgYMzq3fov6oERdtTMAYbN2U9LZrrSYS1MBhjixZFr,2026-09-10T18:41:23Z,sat,2FcqAjx4SjQqqVcB5LsBkC6oEZxvrQDTQWdwQEuB4jhu,2787.28,4u5YF8HiNcGcJqoCEdKnWvtE766ip4aFrdmySu42nWyoB9aCS1iv45N6YACMAhrS7gnEAvftYfrEUNWM9vp2k8H4
1789120576,7MCgYMzq3fov6oERdtTMAYbN2U9LZrrSYS1MBhjixZFr,2026-09-10T18:41:15Z,sat,gasTzr94Pmp4Gf8vknQnqxeYxdgwFjbgdJa4msYRpnB,2829.54,2koBkmbTwA9SNi4DrwV6UvPcatfrdmJuA7byBB93XCY3xi72tsQ5xJGJhqTjwf6KJRNPKdmVe3hVPjE3Gwwk2DbA
1789120576,7MCgYMzq3fov6oERdtTMAYbN2U9LZrrSYS1MBhjixZFr,2026-09-10T18:30:36Z,sat,5KXDF6QnqhBj72hDtJNkkpFaQVUfbFXNybMsp3DiK6tD,2818.93,5WPqVS1s44SmcRi1JYnjNZahva9iWGEzo3VimCn6vu56HGmdk9AsZSGQd9G7P9xR9iq94XpUxCCLztxRXbkfn3Ja
1789120576,7MCgYMzq3fov6oERdtTMAYbN2U9LZrrSYS1MBhjixZFr,2026-09-10T18:25:34Z,sat,C2JpZaM9xJVaamGtQLN1ginfJJQz3PmeAWzF5nUohjfN,3428.03,4NkfKVzSTek39Pk9LvVzy4TurCgzWCPnBL1pp6qF6SnRsvVwpGKVnPivnopaRyJooMtx9gyaNzDRWeDRCaEZQU4S
1789120576,7MCgYMzq3fov6oERdtTMAYbN2U9LZrrSYS1MBhjixZFr,2026-09-10T18:24:18Z,sat,FHpcNSe6tb2n15bAdq4BkeYWGyZKFD7yLYrH92ng7wCT,4190.91,3esv6dBANXqbHrN9xYh7pcRXgBt9sWa7NccocmpAKJNzbPf9dkMenPSu4pwSLqv9KWnxY89r2WzjvZXJXzDLPod2
1789120576,7MCgYMzq3fov6oERdtTMAYbN2U9LZrrSYS1MBhjixZFr,2026-09-10T18:19:51Z,sat,EdxxQuGp4W2T47MyWYFYQMSpRyrqmaVtAxgFuaapbDJv,4202.82,5cBmS59ti8L8hN8h3m8Eaf5FnFDpRgCwwFVeWR4HHLMVrkGvJFRNpLwozqqZGL4fAabEBfCXWbUKeJwjavVdYHBp
1789120576,7MCgYMzq3fov6oERdtTMAYbN2U9LZrrSYS1MBhjixZFr,2026-09-10T18:19:43Z,al,4LKBJcLanzKurJMUabCjJCL6scjzxQkFA6RmdC83d7tP,5654.03,3JfUTG9rqFRdisQxAPxXrnYV6VXT12Ln12fAf4n3tSVgoXn1HCGZdgXazriJW46sRh1isT8rjX6jB8Jnvb7PPTyd
1789120576,7MCgYMzq3fov6oERdtTMAYbN2U9LZrrSYS1MBhjixZFr,2026-09-10T18:14:54Z,sat,FHpcNSe6tb2n15bAdq4BkeYWGyZKFD7yLYrH92ng7wCT,2506.75,2ZBmPB3EuvRpVFiaAXEPauqiQhmmDKrjHWxc7a9qcWwJKGxvqrAaRvTfUW8PNyRpigYUtT5XVi24sCi8hoLPHqcP
1789120576,7MCgYMzq3fov6oERdtTMAYbN2U9LZrrSYS1MBhjixZFr,2026-09-10T18:14:50Z,al,WXTrcawS9yDf78AzJoTG3W78nvj2JQrhP3tEfMBFS6p,4272.12,5wpooGm7dyrPsEcdRuLyhQmT4iHRfjybqCs9rTF8e8cAj49YhDnXbua9TEbMokaPWXU53j9QAqMCFcpGPtqVN2mf
1789120576,7MCgYMzq3fov6oERdtTMAYbN2U9LZrrSYS1MBhjixZFr,2026-09-10T18:14:22Z,al,G5UyAK2BBGX681sL8WdfXQXV2BVDcYUyqPoaM4rS1zkw,7356.95,4G7wrWzuKpEr3W1yMbEeAjyFYn68byi23nEBDW92U4sthVEFxQ8LPGZU9Ye4egdtXzxcjMg7UVhmRDdWnFZSZ5uW
1789120576,7MCgYMzq3fov6oERdtTMAYbN2U9LZrrSYS1MBhjixZFr,2026-09-10T18:12:09Z,al,G5UyAK2BBGX681sL8WdfXQXV2BVDcYUyqPoaM4rS1zkw,7356.7,3vgf3mryA1GCD3hAXjmuZXDfnnQpRJr7YidK5NTmVR3cNbtap5RVwtN5BoT14vVvJ2zFJFM223hiRNQ9vK9wNT4J
1789120576,7MCgYMzq3fov6oERdtTMAYbN2U9LZrrSYS1MBhjixZFr,2026-09-10T17:59:53Z,sat,JCLRmm7Go8jsUQp9XBKBm4qJtyeJQFYGdunQq6HgJdeU,2864.98,3pTmZ8vkWxP7kEPKgaYy34ZCdz553oKhsQgobfaupA8zzJbWyYSh1KWY3tFL3drF7MNp38sw83924TiodjeUjjFS
1789120576,7MCgYMzq3fov6oERdtTMAYbN2U9LZrrSYS1MBhjixZFr,2026-09-10T17:58:00Z,sat,FHpcNSe6tb2n15bAdq4BkeYWGyZKFD7yLYrH92ng7wCT,3498.96,5AG5zizu3DzY1R9MBEFSYmZdiFGyVdeA7wCu6NYq6LiCStUWu7EuLxWpH5JyEy4d8XwYjgLwo7GfBm1ujUbtdxxA
1789120576,7MCgYMzq3fov6oERdtTMAYbN2U9LZrrSYS1MBhjixZFr,2026-09-10T17:54:55Z,al,FHpcNSe6tb2n15bAdq4BkeYWGyZKFD7yLYrH92ng7wCT,4503.22,2ZSwxNndHXdHRuuEexsXZd3BXeSoJjgZ4QiQHgZsXz1bY3XM7R1qKdDcujWUZrUYa9UtLGyHtV4trhMXR11DYswr
1789120576,7MCgYMzq3fov6oERdtTMAYbN2U9LZrrSYS1MBhjixZFr,2026-09-10T17:51:02Z,al,FHpcNSe6tb2n15bAdq4BkeYWGyZKFD7yLYrH92ng7wCT,4973.82,4vgTkA29wGfAF9v94LU6J8rCcubNd1j5jjjVSZVgmJtiPUBovPiYiPL2EaM5MkwqLSqg7cYfrhNaXzxJKtbgiu4o
1789120576,7MCgYMzq3fov6oERdtTMAYbN2U9LZrrSYS1MBhjixZFr,2026-09-10T17:48:10Z,al,CzwWvTVn39dSd4LiVc6W9gZxgu36737M2fcX4EWhquh4,2983.76,2nSfPYqotgt2xgGzcms4TRRP7HKGmvhtLCSQtcncCTX3JDHZDUe3DUJXkvgnWsdEX2iXRbVjSVWw62UUQXbuTbCu
1789120576,7MCgYMzq3fov6oERdtTMAYbN2U9LZrrSYS1MBhjixZFr,2026-09-10T17:46:44Z,al,FHpcNSe6tb2n15bAdq4BkeYWGyZKFD7yLYrH92ng7wCT,3990.48,2L4xqxFMsKKhzqkCeufGB3kBCp92muCGnRi5HPZgwXbk2YDo8bBxMWfqd7YRsbeQX4fkDvrjgWzFQqRqcSJRcX7T
1789120576,7MCgYMzq3fov6oERdtTMAYbN2U9LZrrSYS1MBhjixZFr,2026-09-10T17:32:16Z,sat,69aiAKU3uJMxMLRkUEGFNt6nQ43PiVimE4ZbErJ7VSM1,3365.14,3oqqgASsb3GQpfa5kYBnJm6AgNwXDLtM51hpVS2MC1hrGS4sfYnAaDxqHYfo86JrfsLZ8BKLvk3GJiSSjvprb7rF
1789120576,7MCgYMzq3fov6oERdtTMAYbN2U9LZrrSYS1MBhjixZFr,2026-09-10T17:24:53Z,sat,5KXDF6QnqhBj72hDtJNkkpFaQVUfbFXNybMsp3DiK6tD,3543.93,3wmACWJekRorqD1VTVTDp54eH8qD8PQf7QYMCHZMWUdguQqRTano4EXru1uvZjuw6jYJ9yxeTnRTmeEvLm6A7NJL
1789120576,7MCgYMzq3fov6oERdtTMAYbN2U9LZrrSYS1MBhjixZFr,2026-09-10T17:20:16Z,al,77n6X7LtGy5AZprsvjZu1eaekJpxqLeVRZLPJZdBYyg9,2870.73,2DotPXRsgiuNAiNEGv3zz5WeXWQLLstxBqx93UHGEXXYwgRCR7f9rZDpSJe3Am94cMhFVJ13M1hwui2P1XWaVyma
1789120576,7MCgYMzq3fov6oERdtTMAYbN2U9LZrrSYS1MBhjixZFr,2026-09-10T17:20:13Z,sat,5KXDF6QnqhBj72hDtJNkkpFaQVUfbFXNybMsp3DiK6tD,5042.59,Tww6VjKLYRHmtLyveebSGzBL6CuQCAymfLepvDdm4PJjVaZvPxHoDMHiMMTj42Zs46FeY18YLu41kvNF5Pu6Mx2
1789120576,7MCgYMzq3fov6oERdtTMAYbN2U9LZrrSYS1MBhjixZFr,2026-09-10T17:19:49Z,sat,FHpcNSe6tb2n15bAdq4BkeYWGyZKFD7yLYrH92ng7wCT,3043.04,25VKi9rpfuPqyGNsSz4ndjHwiTwYtpzFfN6vbyzxkuYpziUz5KjndaYCiEx6S8w2v89otrVP2sdPFhmWuqrpWadX
1789120576,7MCgYMzq3fov6oERdtTMAYbN2U9LZrrSYS1MBhjixZFr,2026-09-10T17:19:13Z,al,77n6X7LtGy5AZprsvjZu1eaekJpxqLeVRZLPJZdBYyg9,2574.44,3uoV1oMfDG9UxcsYM9dxy4yxAV4pegTUisxjevh1uGv6GcHakGY6SVEnRw1TziJSBKfYsAzQmqVuNqqVoJZJHuuY
1789120576,7MCgYMzq3fov6oERdtTMAYbN2U9LZrrSYS1MBhjixZFr,2026-09-10T17:17:18Z,al,FHpcNSe6tb2n15bAdq4BkeYWGyZKFD7yLYrH92ng7wCT,4986.97,4bZwxpaPaUKT5zk6JMhhY59ds1eh8gL9TbuzzRuP2ZZjkpkS4YdMso3Xx68cccCLMtf5ZmyVnGY6Fp9i84k4A5yE
1789120588,7Y7V1a4m2nWK7BMgbka5B4vR1pDvCK7yva3Hnrqkraze,2026-09-11T08:49:11Z,sat,66wniJpXzCF3DT4R9nuHWpdwNwLNUeTN1jLJLNkzCFJf,3433.99,xiMZvkeynhc3iBobMD9hXkAq3tTRTumgAywTPJxG8DnoxEfPfi37GRXiZTe8FD6LT5G4nUusLXbemUyziLpGiwW
1789120588,7Y7V1a4m2nWK7BMgbka5B4vR1pDvCK7yva3Hnrqkraze,2026-09-11T07:03:09Z,al,HQS1rtTs3Z61eN4vk7APVuZU522YmftCti4xhHSjhwSS,4331.49,5KvEPqUCjir71HmeAJ9MYnBqS3JCk19RVPaJGAKpVTEgoJb1NoXNxGZtEEjKgeYJFLniBiza4KeJrsx7BkvKzgGy
1789120588,7Y7V1a4m2nWK7BMgbka5B4vR1pDvCK7yva3Hnrqkraze,2026-09-11T06:45:00Z,al,FgEmGdq7DFYUHvXMBRGwanHyCGb4FzoCWwPiyTYYvdud,2666.66,62dSgF22gDFuAEUX6UxQL7GPys6GFPs8vTbdXfjeM9i1BS8R6A98bzejj5WGomnHEFJyUmjT6G4eGFd5UHKVLgvG
1789120588,7Y7V1a4m2nWK7BMgbka5B4vR1pDvCK7yva3Hnrqkraze,2026-09-11T06:16:45Z,sat,BZgDcKUsVSCFP3kGP2uw4orurY1HSJwfzm4co1Agdt35,4120.98,2qhUuorzS1JpywaEzCgRfKF5HRNCv8E6JwYNW6q59HUsBL8KyKybddruHrTFm6T1qmyjuckrXT9cpSwpHUG8p1AT
1789120588,7Y7V1a4m2nWK7BMgbka5B4vR1pDvCK7yva3Hnrqkraze,2026-09-11T06:12:06Z,al,9U7EwZpFAi4ktpS6hz4kcAqxpSJBFrXvZNBVCkgZ6F4c,2949.17,5oQwazDQVCDHZYksNNX6dU9SnbhYHUSt8nybZkNs4no4EP4dMVtJDoMuqCEUk75VfYjuZTKVAD6qXv7s3U9nhVQK
1789120588,7Y7V1a4m2nWK7BMgbka5B4vR1pDvCK7yva3Hnrqkraze,2026-09-11T04:39:18Z,sat,FuN9M9esgiE63xZgS6zJW1S9cGSySoArsLwM94KC5C9L,2512.65,5gJxYKxu4o2JkCHfdUKtmT1AbrgNbexWLJUQtR2MBypQbGLPPTBEPSTyS586GDuxTQfBv3FAkS1FFKqUBqA2fvuq
1789120588,7Y7V1a4m2nWK7BMgbka5B4vR1pDvCK7yva3Hnrqkraze,2026-09-11T04:19:51Z,sat,f91zEH8LgYR4H36DY5wUAqwsimshxpNBQSqYB7xNtCg,3410.46,3GXYoXpiUg7KkKxcrCk2UedSzsHXRYErVAYerdnyDGHHcUQfs75WMCTGdKS4KVzJBxVVa5ookXdpu7Fie6pvTfPt
1789120588,7Y7V1a4m2nWK7BMgbka5B4vR1pDvCK7yva3Hnrqkraze,2026-09-11T03:10:34Z,sat,Cc2WPnkEyVpCqFDRxxaRpJqjDgMXZ5fFvoFv7ouvCieU,2862.23,5TZHhs9p7SV2xb8J7u218Uu5WK4y7oHj6ZJAXyn6YMN9xLT3wGCDQoaNDeyd2U8d3p7geKe6ryPUhWWNkYMNmMa
1789120588,7Y7V1a4m2nWK7BMgbka5B4vR1pDvCK7yva3Hnrqkraze,2026-09-11T01:51:16Z,al,MriyaNN8TMp6qRWjfr723PK7xgQK7yCt7Kg2v2PQu7X,4719.17,4H8f8Ya9giZViGVwB3KG1iKdsVjpEBo8Kn3tsitRAj74Wykf9SCLkg594E2Ew77ZgRWtCUc8KUh38dx7Vn7RVCtK
1789120588,7Y7V1a4m2nWK7BMgbka5B4vR1pDvCK7yva3Hnrqkraze,2026-09-11T01:51:16Z,sat,FHpcNSe6tb2n15bAdq4BkeYWGyZKFD7yLYrH92ng7wCT,10129.34,3wNga4RLrgkDA4n8pgr7B1EJaQ2iy4HWH6Tr6eeKBQP7bPkme61FxJEqYAa4G5wk86yXZhxVspix1fDhFctY84uh
1789120588,7Y7V1a4m2nWK7BMgbka5B4vR1pDvCK7yva3Hnrqkraze,2026-09-11T01:47:47Z,sat,HYFSTz9J1o4qcvTzup7gTi69UYJa5iAoNwnqZgNneFHh,2677.22,4HZYds1oANRp6KmsNv4bZjyBTYzJdmGWtMsu1g7BuLhJkbrpwQAmFP2mMEZUZGN635xuFtbHyeo7UuMTyzA6VzZu
1789120588,7Y7V1a4m2nWK7BMgbka5B4vR1pDvCK7yva3Hnrqkraze,2026-09-11T00:50:38Z,al,2FDFZVGGkXbb9PzLu2PgPrMMN3dHcSJEqv95muKURxJF,3491.75,4F4mi1LDRSzUUuZQwqrdhjTQy2N5uAicZCpXimPqc2k6C1C4xm8VXTD34ezDvj73cUJ2rVMEMQ1SYMdgQ6AkdBT6
1789120588,7Y7V1a4m2nWK7BMgbka5B4vR1pDvCK7yva3Hnrqkraze,2026-09-11T00:39:18Z,sat,LWP6oAEQYcHpYqPf55gFgfo4e6XvXqt5s8miYLHNqCN,4048.19,3c1B6dgdcsp8GC7r7e46KPNdBuiM57cP5vFJFNvCbfEXN85bJaWzaHLFXgZAGbpMgfVT5sfVVRjBoPtbPDgdC9oc
1789120588,7Y7V1a4m2nWK7BMgbka5B4vR1pDvCK7yva3Hnrqkraze,2026-09-11T00:37:38Z,sat,6x7etmcshy7YWkBcEZiAUCzJkGZjPGvCzLK4nEyS3XA1,2524.5,4jB1LZ7h369ek9SW3yu4EfxHvZV89M5BbimcrcKKFKhkj7KcvUwhmgcztEDGXzbaDovJvc9rKvg6Jfn6iF5KZiai
1789120588,7Y7V1a4m2nWK7BMgbka5B4vR1pDvCK7yva3Hnrqkraze,2026-09-11T00:18:41Z,sat,BDw7NYTZPnp7p3rfEpSpttLbtcSwb73hbN5a24NBWT86,4817.0,2ZYhizUFDjh8Q2gnt6ybQUdATc9U3y1KGAZSsb9he8XWqXB6ydFU6aL1HWykWfikizk3Vqrs5yyEgU6GNvFTygxv
1789120588,7Y7V1a4m2nWK7BMgbka5B4vR1pDvCK7yva3Hnrqkraze,2026-09-11T00:09:26Z,sat,82vDRwsebqxJWJPcnT9w6ECny8r2ry5EovP4Dkkt6phB,4707.63,4axYo28dAk3PRuSYYssFkecnnwSDX1efP98j3gUCVNEwGJ2Duw7fucxpSLtWj3Gk6FzfPwgSZhKyTSibQdzDqHwn
1789120588,7Y7V1a4m2nWK7BMgbka5B4vR1pDvCK7yva3Hnrqkraze,2026-09-11T00:07:26Z,al,LWP6oAEQYcHpYqPf55gFgfo4e6XvXqt5s8miYLHNqCN,5062.12,5VAdSBT3KrHUmnBtxwLVYUYmWbTCLkn4rvPCRNZq2wQgaE6pHYYi4ZXNTxiHreiwTEiCxrNN2EZLFRvCGQpBUcxo
1789120588,7Y7V1a4m2nWK7BMgbka5B4vR1pDvCK7yva3Hnrqkraze,2026-09-11T00:00:36Z,sat,HYFSTz9J1o4qcvTzup7gTi69UYJa5iAoNwnqZgNneFHh,2521.34,J6pESfJMTQpMpNexxJaQGV64Z4WKufGqUpY5TArFLSympraqqiAtvNNPv5zoWdbgyuMhqdtpHJNyQDieMsh4Qqs
1789120588,7Y7V1a4m2nWK7BMgbka5B4vR1pDvCK7yva3Hnrqkraze,2026-09-10T23:56:44Z,al,FHJnj9y8yPeRnYMq3QWcgyyptm1Yz1ct3g4we4i6zux6,5910.12,5yarHHXaFN8aPFYjqA8nLxDzncYXboHuWwE8PoDXwwEeF89mvuWRMWEVwKdhy9tjNfMCPnzSLP9Dv4kzs4mhNZeU
1789120588,7Y7V1a4m2nWK7BMgbka5B4vR1pDvCK7yva3Hnrqkraze,2026-09-10T23:43:18Z,al,Em8J3gBWapfVBGVhVipwQnLrqCvnWBnLajw6XFsFECPF,3354.05,UN6rHJikzWLzEjtTMRb6uj1xDY8hMjJQ8KWqSjJ4uVye21oKtXDtS3DBYwqUcHttFXJXzmrMPvmzB2esGY3WNUv
1789120588,7Y7V1a4m2nWK7BMgbka5B4vR1pDvCK7yva3Hnrqkraze,2026-09-10T23:41:25Z,sat,MaXLZxwojAc548heRuNsywwWEpynURwnibyciCSnaXG,7946.01,baNBRsAzYbtDRmMGZYf3rSsyPoGnLy4WXgtboBzjv62X8QBZ7zJjDDaiWeoErBCw7roc62B8PuC2sX1wEtMfrfv
1789120588,7Y7V1a4m2nWK7BMgbka5B4vR1pDvCK7yva3Hnrqkraze,2026-09-10T23:36:56Z,al,C9jNJ41PxQU1Ri9Xk4To17nE8op156auTepvMB1i1JRP,4618.74,59ZcQ9tqvxD5seUmxNkHnyWzEJRzcJKfFNYLnCYfCaHRoBTY67dDft5bTA8VD2wDG4kSMAq625xpCe8naDWFsS1p
1789120588,7Y7V1a4m2nWK7BMgbka5B4vR1pDvCK7yva3Hnrqkraze,2026-09-10T23:35:25Z,sat,C9jNJ41PxQU1Ri9Xk4To17nE8op156auTepvMB1i1JRP,2992.46,dQ3Q3QuPw9KRQeufMpzjNLcRDPzTwurZ1Nx328NUhYDEE1Y291kPiiFRbTrx5B1Zwf5hCVQxpYqy5ZhstZsi5Ab
1789120588,7Y7V1a4m2nWK7BMgbka5B4vR1pDvCK7yva3Hnrqkraze,2026-09-10T23:34:55Z,sat,DfjEFPwb2kWN6hhSMqbvcrygFmCzCjUjAfu3KyfKyBh,2898.7,57MX2kQ3Z7AaSzwX6wjshEv62KuTgGxMZAMtAHE6cirM62aUJWiu3rLKwAQeCQd7mcJ1tjKFz9z4whhsVHaVqPEZ
1789120588,7Y7V1a4m2nWK7BMgbka5B4vR1pDvCK7yva3Hnrqkraze,2026-09-10T23:34:52Z,al,AgmLJBMDCqWynYnQiPCuj9ewsNNsBJXyzoUhD9LJzN51,3368.99,5YnJWaNc6nv2FYuoDUv3n3KicCPAmGSbXctNXwGZxkbAB3Bwwt37rpuDAYaF7nBFuD2h2DfGr6wSfn9uUp4AcJoL
1789120588,7Y7V1a4m2nWK7BMgbka5B4vR1pDvCK7yva3Hnrqkraze,2026-09-10T23:34:42Z,al,GmQbFtQtUrPQpVLQfmSM1WC65R2j2rr5TpXSEFgp9ExH,2630.28,3zZayadJnTSWg6u93idTXDbyoJEUJZCEzHPUGhRQ8gqSnajKmyRGsDQkKN7zkKh1in5CC2vcenaintqoMtky4MRm
1789120588,7Y7V1a4m2nWK7BMgbka5B4vR1pDvCK7yva3Hnrqkraze,2026-09-10T23:34:29Z,sat,DfjEFPwb2kWN6hhSMqbvcrygFmCzCjUjAfu3KyfKyBh,5401.53,5WBa5c5jMoXWJ1irKxDqxfZqNJ32mZ8XPykCubyMUpFgyUzokmoSpLWXydy1JJVv2UJGkUKwLr4RKL5s6y9TcJqs
1789120588,7Y7V1a4m2nWK7BMgbka5B4vR1pDvCK7yva3Hnrqkraze,2026-09-10T23:34:28Z,al,25e2rBhTaV6N9zMtzD6bKD7bqNpnk7cYAdBjWVufAQ7Q,3317.64,3KMoKrUpVXmxWMwDxCnUvwM7S8RwdT2Y2SpgDk9qEaj6Fp6DjRvJFmm749fa14YwgL9KWHio7jEjhQFZFQsm3cv5
1789120588,7Y7V1a4m2nWK7BMgbka5B4vR1pDvCK7yva3Hnrqkraze,2026-09-10T23:31:39Z,al,25e2rBhTaV6N9zMtzD6bKD7bqNpnk7cYAdBjWVufAQ7Q,4324.32,5YyN93Jf4NbdY6Bf5pz5QuGCf52iexoTfaE9ozvURTAESRvWhqRNME7JU6XkWm4XESU51PL9wkGCMimLY4mWYK1U
1789120588,7Y7V1a4m2nWK7BMgbka5B4vR1pDvCK7yva3Hnrqkraze,2026-09-10T23:29:52Z,al,25e2rBhTaV6N9zMtzD6bKD7bqNpnk7cYAdBjWVufAQ7Q,7438.96,5LSHiPFwYUb9DnNSkJKa64UDuoXzZE76Yt8SkvsQfjm6eNzuYonuDcUUuhGCoMwMfHWv7oHCtXX4f3idkENca3Gc
1789120588,7Y7V1a4m2nWK7BMgbka5B4vR1pDvCK7yva3Hnrqkraze,2026-09-10T23:29:23Z,al,f91zEH8LgYR4H36DY5wUAqwsimshxpNBQSqYB7xNtCg,5193.7,mZcnd58ppFqA87eFipw9dQC3r54Vsh2yiDkUTnSqnEc2cgfzm7HsiuBP5patnwtU1qNZR4jADQp18MYMqrBXL7M
1789120588,7Y7V1a4m2nWK7BMgbka5B4vR1pDvCK7yva3Hnrqkraze,2026-09-10T23:15:11Z,al,5MztePcdvyzJr4Dd1Wj15scXEeddst1sMp759aNWf7gm,4847.84,4xkJWN5dRNVFDYvyipKqrsVwCfkJVyJ3KBvmgmmpAu7f3t2ffyiQJWxY41tm9cBfWq4FDetxJy3P74tCk6QDtfg8
1789120588,7Y7V1a4m2nWK7BMgbka5B4vR1pDvCK7yva3Hnrqkraze,2026-09-10T23:13:51Z,sat,Azg7fCyrPTbXbvy3cbFy6HsrivXmaLZbDeJHyJTB1Jry,2885.77,4NzpQssihvKodCPsJvPZkE9QuopCeTfgqWTGfK9yzqQ6C2YfmwG8VMbHEAm5hp3bFztYZz1T5n1uV9ukCyCsD8S9
1789120588,7Y7V1a4m2nWK7BMgbka5B4vR1pDvCK7yva3Hnrqkraze,2026-09-10T23:13:30Z,al,5MztePcdvyzJr4Dd1Wj15scXEeddst1sMp759aNWf7gm,4541.06,281f39gWoyYNp7q3qzVN1ApJiNtkzRrK38eR5RSuQGWUdacjT5qDdAyadaaywszqX1t1D4BcyYbajDKeUA87xd4s
1789120588,7Y7V1a4m2nWK7BMgbka5B4vR1pDvCK7yva3Hnrqkraze,2026-09-10T23:06:29Z,al,HRTrN6ebeR5AoCXuQwcMRDtEczri6QQDUoJ8qj756YJf,2965.72,32N787NuzUxNHPJXU1qYs8R4N3q14TP9aq9B8vMp9xmyMSvHG2FyP4rnnyCBDu9KJqcywvway75SbGdxQtcks5bi
1789120588,7Y7V1a4m2nWK7BMgbka5B4vR1pDvCK7yva3Hnrqkraze,2026-09-10T23:03:43Z,sat,9n66GBiEmdr8upm2gDUFPidDjSKsRN7x82fJwqywt8G2,4194.52,5vWJUyoiTyggFvLvAExv4hsmcrDt4hNx1uJ1h4rSZqGFuLJPWdYAYk86ZwTFYRBziGrZBR6HPnZEBm1YBHWRC1Cs
1789120588,7Y7V1a4m2nWK7BMgbka5B4vR1pDvCK7yva3Hnrqkraze,2026-09-10T22:57:44Z,sat,HvLi4xBRLC6Dz9VTeGCKAEonRzSJHmYLVL3xzmUEuU6n,4723.81,5yq3r58ugm1sK8vN7RWGN1MTzF4mTr6X98y9NBrJZ7aBedv71hhaC3zYTkcsdJWRdwRkL2pV2GzHSqgi6WAUJAgz
1789120588,7Y7V1a4m2nWK7BMgbka5B4vR1pDvCK7yva3Hnrqkraze,2026-09-10T22:57:44Z,al,9n66GBiEmdr8upm2gDUFPidDjSKsRN7x82fJwqywt8G2,4257.65,3cpa7Tr7B6ECcdU3KCyT5RpYVJ48eCovRUupSN8Tvm6w1r4ko4VxZVDuefweMDMRfZqEjZtjGiqGRJeckYdoo6sw
1789120588,7Y7V1a4m2nWK7BMgbka5B4vR1pDvCK7yva3Hnrqkraze,2026-09-10T22:54:32Z,al,HvLi4xBRLC6Dz9VTeGCKAEonRzSJHmYLVL3xzmUEuU6n,3482.23,646mKGyysoq2sj49VySms14RPrtHDUxL2bPb86K3cDACGcgLueJbz4dmj2niZHYhJqmZjV2pRCaBsVsXmg19uZmr
1789120588,7Y7V1a4m2nWK7BMgbka5B4vR1pDvCK7yva3Hnrqkraze,2026-09-10T22:54:32Z,sat,13VK7ZrRrx1uZ4Frm2TjacNsbipun21qqifE8wibPVys,10720.1,5WF8syVvjDDKTSjraHN6cNYjZzSgV6yz4uLFUKT5ShFwCd8aGgEWQaPb5WxwuM9pqN8KvyCHFgzVuRHWz72mtCmt
1789120588,7Y7V1a4m2nWK7BMgbka5B4vR1pDvCK7yva3Hnrqkraze,2026-09-10T22:54:32Z,al,WXTrcawS9yDf78AzJoTG3W78nvj2JQrhP3tEfMBFS6p,4685.51,3Y2CPNezPY2oDchrfarZRiqA9b4hHuoDjyNf53D6fxCdiKdP9QMQ3gRH5HXzwHPeuG81DoMTzicjeFVba1qfEdh3
1789120588,7Y7V1a4m2nWK7BMgbka5B4vR1pDvCK7yva3Hnrqkraze,2026-09-10T22:49:07Z,sat,ATDJSWDQPx9dtGQKgVhQUSYFTi7cYm3dXgCgrYT9Fwwy,2739.45,rKiqXUoj6cFf9dybgqengNQsymjRCPLxWnS8QDvc92VXvRq2jwpr3jBo1dvZwJGNagzmwH4XStiQUQ3vptJAWQe
1789120588,7Y7V1a4m2nWK7BMgbka5B4vR1pDvCK7yva3Hnrqkraze,2026-09-10T22:47:11Z,sat,CWFMy5cJGsyi5R7ZBzUeuYiuZ1gEMoLgG6V8vUftLj7Y,2623.72,5TwEsmCRtqbX1Vpwy6z8bfBJkjgJeDcPEhsJyDykLP3HDBUxeDrEMBLCLuj7nqE9bdF7d5LSK6h7tmaNvoVgJ4Jo
1789120588,7Y7V1a4m2nWK7BMgbka5B4vR1pDvCK7yva3Hnrqkraze,2026-09-10T22:45:10Z,al,13VK7ZrRrx1uZ4Frm2TjacNsbipun21qqifE8wibPVys,7320.96,6jxheSj6YW673DK4KrdBMTqiy6KZYn3oru2wuHHzfbrbR3N7WeafSoRcDmCfdgJyH5LxGMAsJKDn5ET1fTQjwpC
1789120588,7Y7V1a4m2nWK7BMgbka5B4vR1pDvCK7yva3Hnrqkraze,2026-09-10T22:45:10Z,sat,Em8J3gBWapfVBGVhVipwQnLrqCvnWBnLajw6XFsFECPF,24364.36,59yhq8M1E2crbpXBarWo4wx3Law53JxgLEMiA91LVdJcgd5bNSwfBH6ETQjG5nGpegsieNj9e84j5RtnpeRRhKuz
1789120588,7Y7V1a4m2nWK7BMgbka5B4vR1pDvCK7yva3Hnrqkraze,2026-09-10T22:44:10Z,sat,GJV6PRrmmjjzNgTwzESfVke1TMUZdykwHvtMm9H8xH5,6912.79,57yYvQpYPKWsGG6SpbkdAsQ9unaynJuYx8FUpdegCNZ7eexktjRD3ZfrTcT4pnSqwviqv9Jw4NdCUZD47aBEkpiW
1789120588,7Y7V1a4m2nWK7BMgbka5B4vR1pDvCK7yva3Hnrqkraze,2026-09-10T12:33:25Z,sat,FHpcNSe6tb2n15bAdq4BkeYWGyZKFD7yLYrH92ng7wCT,5236.01,4M4KHiKgsuG67B7RnW63FKDUWVvK4Acj7MgMpVRLUwcrafhohSCw3TYpSqkxVCxqHWx2MDDybce7KXyYnNTdk6Fi
1789120588,7Y7V1a4m2nWK7BMgbka5B4vR1pDvCK7yva3Hnrqkraze,2026-09-10T12:27:23Z,sat,4WQukpt6n4eLCCbzcbkhRr5NVhyNgwBy78YWcovcHtM6,4318.63,2QrnVaq9vVKRkmxXRxPKdTC8ShauqwiBCfFyRqsSj7s4aMf7uEJ5ngpLEvaWRggav6o26WvNwCxhLEvK5Gi7ePwh
1789120588,7Y7V1a4m2nWK7BMgbka5B4vR1pDvCK7yva3Hnrqkraze,2026-09-10T12:26:26Z,sat,78qW2q9d8X47jgf3ruoqTXHZZXi8PoN1DseagR3NjoZG,5410.42,3buWxxqMhYhqhLP7jjBxdNiAvA7SmuvPMHmh1BQbvYaYJKjnpLvCHYZ2yTLyPBREzVFXV3qiwQPRBap7F5idVpYc
1789120625,8RVBk8vxLiUHueLUW1f4izFVqN3nWippLhkohKg6EGkS,2026-09-11T09:48:15Z,al,Fkd2RqYeJNcxSKy64jTo7MFarDrZTq2gjciKrBaDJ6Qb,2779.28,3M1Cy7aPqj2eGh8HdDiiEUyxKJD6tCUKScBoScgKchGrsdgADvUjRGSJyQAfw3QY2XDRwLYwHUEHV7CYgpq7LLMz
1789120625,8RVBk8vxLiUHueLUW1f4izFVqN3nWippLhkohKg6EGkS,2026-09-11T09:47:21Z,sat,5KXDF6QnqhBj72hDtJNkkpFaQVUfbFXNybMsp3DiK6tD,24852.46,x6ZjrpchwywC1FuP5UPXZB89MkLRkwPXFD6zRiyenaCMUH2VjQzcCdo5LdjQWthxeoRijfMhQKwKST7NH81DKfb
1789120625,8RVBk8vxLiUHueLUW1f4izFVqN3nWippLhkohKg6EGkS,2026-09-11T09:46:59Z,al,GEjbutiCmMQCZ9ePhe2Y8tCUH7RGDB8Y5N9FaaZZJPwH,4746.38,3x1bUmUW4FUrGZSKgfVDwVPDLZD47ghVwUBfcVBff9txQD5VuPprv6xof3e2eABEqErz38sjiy1xJkKFx6hBSxTT
1789120625,8RVBk8vxLiUHueLUW1f4izFVqN3nWippLhkohKg6EGkS,2026-09-11T09:44:01Z,al,GEjbutiCmMQCZ9ePhe2Y8tCUH7RGDB8Y5N9FaaZZJPwH,6335.58,4Rqu1nDzda6gNWNkrs3a8iPJJXDeX4RHDx6poiCsnnNvzihQfTBQidich9qxLtqAx7zFr5swNV5vFTixUr7oSN4X
1789120625,8RVBk8vxLiUHueLUW1f4izFVqN3nWippLhkohKg6EGkS,2026-09-11T09:42:01Z,al,5hCEQGsY1sGBWgrGwXcMGqbzVf3FS15nDnEuvh145UQa,3096.07,4wS8159rPMcRP8NBittScDmwCEhuJSP6GpLsprjcAyz4HrcFVfHsaD9aKH5y2AGyb87xsgKqzuCP5vqRhCL9M5rR
1789120625,8RVBk8vxLiUHueLUW1f4izFVqN3nWippLhkohKg6EGkS,2026-09-11T09:41:26Z,al,G3rP8ZFLCFrbir9BAw5znKsxCfwzqRDHhhkKC9YVhiHT,4209.24,qGsjLjbhD3RTrJgdkGw2ejVo74FeKrgMqksfJm44PpQgupuhFZXXemyU6Wn9dvoH5HgfVtHStVA5wob8E8TLgkS
1789120625,8RVBk8vxLiUHueLUW1f4izFVqN3nWippLhkohKg6EGkS,2026-09-11T09:40:07Z,al,GEjbutiCmMQCZ9ePhe2Y8tCUH7RGDB8Y5N9FaaZZJPwH,5136.77,2zYnw11uvXzuaxh3BYCzqXSWZUg6CMovLoR5o1EB6WkbnDGu2CrWoUygGpy6SLiRYchiRHnwiocQnjuTDpDUGnZo
1789120625,8RVBk8vxLiUHueLUW1f4izFVqN3nWippLhkohKg6EGkS,2026-09-11T09:37:29Z,al,GEjbutiCmMQCZ9ePhe2Y8tCUH7RGDB8Y5N9FaaZZJPwH,5113.02,4EhE7APbn6vRSpa6CGxp4dtAgnYi1Yn721eewBD14a5fmiAoQ3BzUWTSgngWzZwNcmbh45ixHYVt3pJpX64pey6q
1789120625,8RVBk8vxLiUHueLUW1f4izFVqN3nWippLhkohKg6EGkS,2026-09-11T09:36:39Z,al,GEjbutiCmMQCZ9ePhe2Y8tCUH7RGDB8Y5N9FaaZZJPwH,3507.34,5Pj38AZz5dtZAdoafann1g2HmoDJDUQHM2CASvDGAnB7evk5y6zR62USgXRBvE7fWTxdfUpfhhHBGtBXCWiGQ99o
1789120625,8RVBk8vxLiUHueLUW1f4izFVqN3nWippLhkohKg6EGkS,2026-09-11T09:36:29Z,sat,58jaTY4BWhofvsF5ijTbpbgy4BrTezavL8Zux8X3Bism,5919.99,djCe2sKADUCFtquXgrx9Nix9NUX6t1XpzK3EpAnXvQzSDkP8PaecVMdjwyfTxsm9aNuQkgSz4mvJcGLKjPv7HdW
1789120625,8RVBk8vxLiUHueLUW1f4izFVqN3nWippLhkohKg6EGkS,2026-09-11T09:35:11Z,al,GEjbutiCmMQCZ9ePhe2Y8tCUH7RGDB8Y5N9FaaZZJPwH,4639.75,2783Eoqsr9bNFZszESrssHK9LbbRF32W8yAgBFQAhkvDVWYAasqsnAezxML8wp8Km3XJE9bxGuGCUKsG4obYQdF8
1789120625,8RVBk8vxLiUHueLUW1f4izFVqN3nWippLhkohKg6EGkS,2026-09-11T09:34:19Z,al,GEjbutiCmMQCZ9ePhe2Y8tCUH7RGDB8Y5N9FaaZZJPwH,3667.35,4e5r7i1V1Sy2scdbipf7N9bF9PRsYGkMjtzmPdrpjqYZeb5ktU1YcSfQKZENAKdxH7qpqNrmzLq1cJZrvqSqvG3Q
1789120625,8RVBk8vxLiUHueLUW1f4izFVqN3nWippLhkohKg6EGkS,2026-09-11T09:34:11Z,al,gasTzr94Pmp4Gf8vknQnqxeYxdgwFjbgdJa4msYRpnB,3338.3,5TvMHW49i2acrBDFro7qQ45BnNxw9ED4pgYsUpu5MMyyWEti7doPvLqCjUxCQJzkBvHtfZ5rX8jKcVUoa1T27LMT
1789120625,8RVBk8vxLiUHueLUW1f4izFVqN3nWippLhkohKg6EGkS,2026-09-11T09:27:46Z,al,gasTzr94Pmp4Gf8vknQnqxeYxdgwFjbgdJa4msYRpnB,4632.18,55siibKodf1miUuJRHKWpqzQPqLuhZHQcCh4TmPYKpDj31m9X2nJknCb8Q6jg63DYQhNyVrtVFCQks7hZyRijPbc
1789120625,8RVBk8vxLiUHueLUW1f4izFVqN3nWippLhkohKg6EGkS,2026-09-11T09:27:37Z,sat,7Y6jyzm9fuzf8QPsmMi2hEUfMXeUP3ZWgFEgGKPNFawe,3198.13,L26Hj5SxwG4KdDn1NktRBMVThP4bXpAj9waQuj5MdPuGpnKFgcikpLf7sDb2vTVSiYogF6KpSGMgAsY7Pugu3Pw
1789120625,8RVBk8vxLiUHueLUW1f4izFVqN3nWippLhkohKg6EGkS,2026-09-11T09:21:51Z,al,gasTzr94Pmp4Gf8vknQnqxeYxdgwFjbgdJa4msYRpnB,5735.55,s57yp6JgvaQ8HiTGjZuzJhXUbjkaYWFAyi2xS89x1WE3yMRumBAa78ZaLBTY3TsDDm8BddiAFZEx7kipUWLFsUf
1789120625,8RVBk8vxLiUHueLUW1f4izFVqN3nWippLhkohKg6EGkS,2026-09-11T09:13:24Z,al,5KXDF6QnqhBj72hDtJNkkpFaQVUfbFXNybMsp3DiK6tD,2991.77,3c2y6ZHDmKSMU6FJtJ5foVSTSAHPxRwBvkkQ4DQkZBRRk9khYvFVaA6rEZcABrrFm73kzkyPvnjqyK3Hqb7kiUT3
1789120625,8RVBk8vxLiUHueLUW1f4izFVqN3nWippLhkohKg6EGkS,2026-09-11T09:05:49Z,al,HYiizDz6q6ZQn15Xgae8rg9iiQEnowr5uqYRXTwhkB4t,3161.81,M7oSjK2CpXvGuMoxWk6ECrUfFTA3fCDJd3hznmRZZvw1dCRtuvfJBoSPm4yq43ZRSLJE885YFnUJpFYZXZiE4is
1789120625,8RVBk8vxLiUHueLUW1f4izFVqN3nWippLhkohKg6EGkS,2026-09-11T09:02:46Z,sat,3CsF4NgrjLW39aNybcKtxV4J5wUp7ukTm1j3i6ajiZTd,4957.58,4mUciG9cMDKHwZ6VKFXu3fsqKSjYT7aJ1fG8TBycU7DLmsSKVw9msw7MqphYGdsAegmwSjTjffavY5cqXQ4nLSAP
1789120625,8RVBk8vxLiUHueLUW1f4izFVqN3nWippLhkohKg6EGkS,2026-09-11T08:54:16Z,sat,B4XQLL1AB8uPjMXS3KHi5WnCXPoKgLpfZJ5TZMaVWhQc,3635.63,248iW2T9WVxyaL5QJRvhBm8R4P1rDxZKdvvRU25HHQsUGvTRV2vDHtnGegZVrSF6UiTe4Rc4CVk8kQAsDzVFfaHs
1789120625,8RVBk8vxLiUHueLUW1f4izFVqN3nWippLhkohKg6EGkS,2026-09-11T08:50:42Z,al,3iytvAv32aGQyeRLHhy2ALHPsGAvcp82swAKbNeoencX,12534.19,36zUtBPR2LZ5BshPtw8sXpNzfhEnZJR7nQpEnKeERVvGQzr8sWwouyX1SF3rso8t7MqLSU1XnoPB91W7TXtJaP74
1789120625,8RVBk8vxLiUHueLUW1f4izFVqN3nWippLhkohKg6EGkS,2026-09-11T08:49:15Z,al,JBddSbc89gVNCZTBYphp46tTuLLJdSZtTBDuVSEXLM5,8137.81,4YnUQqCr75S6sZ4moz5EoPxYW5zPZfFjZVb4nhZEGWz2hy4xBAU644htcyWSrTnu5pZbqdPHSLjCp94LrJUri9X6
1789120625,8RVBk8vxLiUHueLUW1f4izFVqN3nWippLhkohKg6EGkS,2026-09-11T08:48:40Z,al,JBddSbc89gVNCZTBYphp46tTuLLJdSZtTBDuVSEXLM5,6705.25,55QNv5sAhHuxYhANijbdAPfZW5iKSMqwAQmnDanHG4k15HGJxwa3xc3dkyV9JqfBwJZJUwryhfXasiA1yjKGPeWb
1789120625,8RVBk8vxLiUHueLUW1f4izFVqN3nWippLhkohKg6EGkS,2026-09-11T08:48:01Z,al,AgmLJBMDCqWynYnQiPCuj9ewsNNsBJXyzoUhD9LJzN51,6303.38,rafSiewo92pDFhWiJQjw8yRGWbj7H4NfFm4YNCsecCoPdbWRQaFQe3yLCCSjcBenjY97o94A2YgCj9cGvQCEdrC
1789120625,8RVBk8vxLiUHueLUW1f4izFVqN3nWippLhkohKg6EGkS,2026-09-11T08:47:34Z,al,AgmLJBMDCqWynYnQiPCuj9ewsNNsBJXyzoUhD9LJzN51,5715.94,4gi94SbWsoxdejUWTB2E9y17ZrHC6X1EqbDAk1rQhjLMAEU6tv4Yi98ztuwBaTw5qzR4iqbxNhndAhXBFBNRC6sh
1789120625,8RVBk8vxLiUHueLUW1f4izFVqN3nWippLhkohKg6EGkS,2026-09-11T08:46:20Z,al,JBddSbc89gVNCZTBYphp46tTuLLJdSZtTBDuVSEXLM5,5951.1,5tSJGNfbsuKWPH2L7kybauwgkmYYX1YQKmVKYq8AbU46ifQ4fc4hRpS9Ajh98k6TKL15RWj9vT69yKjpWkHZqBbn
1789120625,8RVBk8vxLiUHueLUW1f4izFVqN3nWippLhkohKg6EGkS,2026-09-11T08:43:03Z,sat,FLTEaaQQaeZZX1KFWJgKyupcnaYhFcpmKrACJY24VthV,10782.41,2rMpf5QMwPxCT1hunny8y4ToDXarmyDD2We32msbKjSMHaYNCwh45JYpAjCvNyJJ4s6oqGQz9mcjw375EKuqDNpE
1789120625,8RVBk8vxLiUHueLUW1f4izFVqN3nWippLhkohKg6EGkS,2026-09-11T08:42:51Z,sat,2u93w6rRhhBwUX8FeWRUEU5qEHBjkRHDoSAvxqi2vy4k,3788.79,44sEDbxea9rqZk7rXkiQ7aiuQFYf46fjdLmkFKLA3Zp19AiBfJHmZPRY74vLyThMeYTfLfiDPPeCJTXnSQKdJqyq
1789120625,8RVBk8vxLiUHueLUW1f4izFVqN3nWippLhkohKg6EGkS,2026-09-11T08:42:09Z,sat,AgmLJBMDCqWynYnQiPCuj9ewsNNsBJXyzoUhD9LJzN51,5539.77,5zg2NebnqajVnTugTzdj6qAWERSGy9JNKV9evJbQojFdoXAj9Yr5ZYVYyY4PbH3ZrGdpGaJricKVxZ8iX2h2KmWk
1789120625,8RVBk8vxLiUHueLUW1f4izFVqN3nWippLhkohKg6EGkS,2026-09-11T08:33:56Z,sat,8pF4euNraJdGtAniicc6SBuF5Vg8Z9nZ73zceW4c5YHP,7092.84,7TKXsiNfs31YC68u3S9jYsXwsvApF66rS8m9phGE3k13Jh5gfFmphEU8QRWV1twBW8HQCVxSvmLwF5XKmGaRPfW
1789120625,8RVBk8vxLiUHueLUW1f4izFVqN3nWippLhkohKg6EGkS,2026-09-11T08:33:26Z,sat,5kAAi11znRE6KXbosBYuiaE4NZbYNse2zEC946xSq1Re,6209.38,3pCbjn2Ty9F5f1MozPVJyhwwRLZFQbPdiUsdAJFCzhfNi54q9DJ3HcJrtHXwtrajqMHLNpuLWy1r4YpLXs5gAeTS
1789120625,8RVBk8vxLiUHueLUW1f4izFVqN3nWippLhkohKg6EGkS,2026-09-11T08:32:22Z,al,8ciDDD6RkKE1HMVPDzSkf9ajVx9KTKnpADpeneptCL6,5251.46,35JHrwVK3qdAt8CENCcxxde4NDZdbYiQu6L5M9tibX2qRfASXTU2ksE6zxikLriLPtsi7gJ9ANSYYtVgQmAsxhT
1789120625,8RVBk8vxLiUHueLUW1f4izFVqN3nWippLhkohKg6EGkS,2026-09-11T08:10:43Z,al,B42Hexjjq8SJ6QFm86PStQ2Ko52TstMhUgWKZzdiooDj,2873.47,2J8XiC32E7ijLm8dwYMm3m3s5zGCsnZwMRPif8LyttUQGpveRBMnpMZfJU9v9xBkPARnEMBbA7GfXtYRToRRXLWZ
1789120625,8RVBk8vxLiUHueLUW1f4izFVqN3nWippLhkohKg6EGkS,2026-09-11T07:48:45Z,sat,57ap5fbuGDEqaFctpszcYCeYZwWUAcNjWgeq1taSegr5,3685.78,2bWbMcqxDLKCv5N1gknhdaiXiF9ts12bJYuZhmVs5xcTdb4hHXVDK4YA6V6QjpRCmSkk7KPQJEcpaB915CNcqqfb
1789120625,8RVBk8vxLiUHueLUW1f4izFVqN3nWippLhkohKg6EGkS,2026-09-11T07:25:25Z,sat,4DWBuy6EdYXDxqq6YjdAP4AK2Gxj4HNQ4BYf1gvLTkjL,5713.15,3UXEsSvxtiaMPboLwVKdH5pWUv44JSZxL1q6B8HBqMfZmso5V1TsgNsEhZbKZRyaGGRaU2nifmJDmSxBv18un4VV
1789120625,8RVBk8vxLiUHueLUW1f4izFVqN3nWippLhkohKg6EGkS,2026-09-11T07:17:07Z,al,8ciDDD6RkKE1HMVPDzSkf9ajVx9KTKnpADpeneptCL6,8384.16,4MhPkJBwcLMypeREA77GCpAnHgKbBthXkufJaLNEqktEycCtauWo7CFDVwkWm27vKiW9mhgZaGWR7FWZWVqdZWmx
1789120625,8RVBk8vxLiUHueLUW1f4izFVqN3nWippLhkohKg6EGkS,2026-09-11T07:06:04Z,al,8ciDDD6RkKE1HMVPDzSkf9ajVx9KTKnpADpeneptCL6,9422.13,4w3H4zuSnztTdADyxNzSFTaJccX9fK6ztMVBMEZXNg1rcBRKGhjRpCyGNLLSMYSYjnat1X75thi5X3NuS61S37jL
1789120625,8RVBk8vxLiUHueLUW1f4izFVqN3nWippLhkohKg6EGkS,2026-09-11T07:04:06Z,sat,12aV8MEJPqbfbGEf894Top9mBk6tCAm7W4qSPvdmonke,2500.4,2TJ1PsjyfKQvRRQi3jyxDCfProMSuvwyKaceyuudmwpftQ7CiCEYvmmpdPqmUqYdoxWeve6Y9uoaYBhPaENYv9ft
1789120625,8RVBk8vxLiUHueLUW1f4izFVqN3nWippLhkohKg6EGkS,2026-09-11T07:04:02Z,sat,12aV8MEJPqbfbGEf894Top9mBk6tCAm7W4qSPvdmonke,2689.31,oiC7zne6ENu4jvoNFZvgabpXWLAt11qukpmxdpRSbNTfkXEGaHk1X844mArQsVksEh6Dg2wfchwWqQ3Db1BZfxW
1789120625,8RVBk8vxLiUHueLUW1f4izFVqN3nWippLhkohKg6EGkS,2026-09-11T06:55:15Z,al,J6LBbJKbDofXmNp55Zoc16JuoLUSnpQscKfW2gTSqQXr,4042.56,5NnDqtEwv56HmhYDx4ta3ZCR8sSE2Z4rPntty4E8dc9FfhReec31MVfUyRBNNVVGN9df5Zq41fDt2KCXz7zVAvbL
1789120625,8RVBk8vxLiUHueLUW1f4izFVqN3nWippLhkohKg6EGkS,2026-09-11T06:42:40Z,al,8ciDDD6RkKE1HMVPDzSkf9ajVx9KTKnpADpeneptCL6,12374.33,4ryvM4qcuVKv6NvgQGrHxDWp8WBrkE659GAoZApZuS1UHBNb6ZG7A3cNMUzpU2Q1aX46GsvAGG5yF7g3fhK18ZUG
1789120625,8RVBk8vxLiUHueLUW1f4izFVqN3nWippLhkohKg6EGkS,2026-09-11T06:34:41Z,sat,5KXDF6QnqhBj72hDtJNkkpFaQVUfbFXNybMsp3DiK6tD,4971.47,5rCfi7rKeWEov7dpqVhkj5FP7My6cDEnnmitZyJJyfo4FWAqiu1q8tw36LmFq6z6LVQ9xnqo4XuFoPDvvQ2AJDUe
1789120625,8RVBk8vxLiUHueLUW1f4izFVqN3nWippLhkohKg6EGkS,2026-09-11T06:32:00Z,al,8NQ32SyFKD1d5kenq4oM8Da6C6J9TQSMW1uAgFRveEQr,2945.16,2KxtM7id9B1Y4SkCTMAn2VSk3EaVe5H2wipTq6jndwgKnqNHgKraS4UmSVUDSXxchfpE18MzFiXpvZkEGf1ytWLg
1789120625,8RVBk8vxLiUHueLUW1f4izFVqN3nWippLhkohKg6EGkS,2026-09-11T06:31:59Z,sat,6eKtLX2mw3Nhjt7QhDt59LytYTSxHYyLYUGQkFVQDffd,12110.85,5DTfhHSx7goQSdJi6ApSGQ5d7yo5Gai2WENqSUEvYVg3xvhfDRy9id6ANJbrFAz26hKSUxah3WvrRhjLsqisjiNz
1789120625,8RVBk8vxLiUHueLUW1f4izFVqN3nWippLhkohKg6EGkS,2026-09-11T06:31:14Z,sat,6eKtLX2mw3Nhjt7QhDt59LytYTSxHYyLYUGQkFVQDffd,13114.66,2zCHq8G1qahGiDzdLxjfNS736VXcT8TYnsPPg5UC42gve2Ra4cpHzP9k1TVQWps91TjxpggkWELdGWzeNfvh6sCZ
1789120625,8RVBk8vxLiUHueLUW1f4izFVqN3nWippLhkohKg6EGkS,2026-09-11T06:30:37Z,sat,6eKtLX2mw3Nhjt7QhDt59LytYTSxHYyLYUGQkFVQDffd,10262.8,5B4xWi3LihvmyY5KRp9uCKCQoztWwE4LheWgh5xkrRQRVpRDPZtrmTfWxSCGu9vrKALuL7cCRvAcuFfMwVLRhx3t
1789120625,8RVBk8vxLiUHueLUW1f4izFVqN3nWippLhkohKg6EGkS,2026-09-11T06:29:01Z,sat,6eKtLX2mw3Nhjt7QhDt59LytYTSxHYyLYUGQkFVQDffd,13838.02,4PG39iFXbsstMiyjDkBKNed9E9Zyd5JasC4VRMZr2wfaZimMz8HPQXwHHouRaVsnUHsoFMEUxNUgAry8GtKvJUb9
1789120625,8RVBk8vxLiUHueLUW1f4izFVqN3nWippLhkohKg6EGkS,2026-09-11T06:29:01Z,al,9EwQoN74Hzw747EM7wB3WtvgAdRGH1czaPtbqZj1qDj4,7600.93,3mFGQcF1YueLoN6syGBsyJ87qF22uAuu4sG8EEyMsHqoV8SKDvHR5PXXWPRx3HXQtG5pCc6bfSkdahCAFYe8arfJ
1789120625,8RVBk8vxLiUHueLUW1f4izFVqN3nWippLhkohKg6EGkS,2026-09-11T06:27:40Z,sat,6eKtLX2mw3Nhjt7QhDt59LytYTSxHYyLYUGQkFVQDffd,13981.32,eJniyB9UNqP4d9huidNRx2javBgKHAQn7Ba2RQe1yMbL2xjidFWyrpwiby5ZyX9VUSFwdgjcVSHrLfEg16j46tG
1789120625,8RVBk8vxLiUHueLUW1f4izFVqN3nWippLhkohKg6EGkS,2026-09-11T06:23:17Z,sat,DaP7PdN4fXKgz2GoTfhqLFiWN7cYtEh948kZCVRkQT3C,2646.31,GY1zMz8zyqXdjwQwuzKKJ8es57vwdhReUE34jMVzgJ6RpFMUEqd5eECepAxJHXhMhwKWky5wpdcJqQTb8CyTHaa
1789120625,8RVBk8vxLiUHueLUW1f4izFVqN3nWippLhkohKg6EGkS,2026-09-11T06:21:34Z,sat,9JUq4HSLnxCF4ZVhLJ397D4QMU8sW5aWHUaKUQQqF7Fm,2563.89,4UkLVk9A4bPTLgmP8vVHYBj7z5MLQdEBkmwwv4G8LzUdQHErbjyRj4ZgYG6evJP3jYdDSozfUPUfDATU1YfeLRyi
1789120625,8RVBk8vxLiUHueLUW1f4izFVqN3nWippLhkohKg6EGkS,2026-09-11T06:15:43Z,sat,7rtiKSUDLBm59b1SBmD9oajcP8xE64vAGSMbAN5CXy1q,9400.19,21RtBdz5DUKp8poPoRBr1gyRxdVNL7o6ntw3v1hgX55y3p1YJwwSMSWSvYXS1t2DkvT4cDBv8f2TS1RxuZH31go4
1789120625,8RVBk8vxLiUHueLUW1f4izFVqN3nWippLhkohKg6EGkS,2026-09-11T06:11:52Z,al,2J9vq9pN2qhBvvvApeSjrg5qsMJ8we2BhPiRsLQLn3zx,3418.52,2tPmsRULjU3dkuXFNSKmbBMLBMGdJP33iLixWtpPfawFJK4tUf3ULAWbzhyUsS3koyZZxiJ9xf8LXBePa1g72iuH
1789120625,8RVBk8vxLiUHueLUW1f4izFVqN3nWippLhkohKg6EGkS,2026-09-11T06:08:57Z,al,cznNb5rzo5MnzJCXVypzHbdq36fZpa1kgyt9Tea476L,5859.09,5DoGxmb8u6DRoijSWHb6bvyzeaoDDKLqXfNkGovjVsxkuRN5A1khccE8FcTTjWy3wRcaHXTKySLWAiRASQqWZQyG
1789120625,8RVBk8vxLiUHueLUW1f4izFVqN3nWippLhkohKg6EGkS,2026-09-11T06:08:37Z,al,cznNb5rzo5MnzJCXVypzHbdq36fZpa1kgyt9Tea476L,4502.9,6149U61NSETTdLUHjbirhzq91MDfud7rixP4nYgfcZxvtj78DXCM8oh3MWwSn5V1tor5d4dVFfZxQJAjpDzWsHgo
1789120625,8RVBk8vxLiUHueLUW1f4izFVqN3nWippLhkohKg6EGkS,2026-09-11T06:04:46Z,al,2EVaYmGreNpjyhmCeNTAunmpQpYbor7XHvYdv1h1rAfK,4419.54,MW6VLemodGxPAUA3viibNuSzaiywkwjTXe4VSJSse7CFtgk58WjCs5eqqxrNitWrGESSDjFpyB7vWbX1agoiTBv
1789120625,8RVBk8vxLiUHueLUW1f4izFVqN3nWippLhkohKg6EGkS,2026-09-11T06:00:08Z,sat,Fgej4SPuW282TdrQRfizRHAeRasNqCtAWZizL3jDqMdS,3962.51,5s3g7ZHEjdfcs8AnAaPwSpmSevyjSVQfq9xATCTzSvWJsw8qCgCdfxeJtHH36QmEBgWgJQL5pNLhAcUbaDy3qMzn
1789120625,8RVBk8vxLiUHueLUW1f4izFVqN3nWippLhkohKg6EGkS,2026-09-11T05:59:15Z,al,5SFWP6nHtvvHzqGfGjrTeG96txigt9UdSbN7BJkEvFJt,3544.18,5ev3w8NsbApPNxSDLKX6JafU2NbzfdHeH19x2xq8NokfGNWHR6MJTiEDjkhunqVetD7sNTXKRAEpJPsZg54nVdwg
1789120625,8RVBk8vxLiUHueLUW1f4izFVqN3nWippLhkohKg6EGkS,2026-09-11T05:57:41Z,sat,CJT2f73sp6kCGNbcLcSyFLxjnx3QVGELWadNUBDaqB5t,2715.18,66Wv2nYZV6ic7VyqFJfQEiEKNQorPZEQ1coyJQ5mBiXRSr1cNWXjevf1TYsnQCt6E1rBGZM6nnRe1sFeBFRoZus9
1789120625,8RVBk8vxLiUHueLUW1f4izFVqN3nWippLhkohKg6EGkS,2026-09-11T05:50:50Z,al,9JUq4HSLnxCF4ZVhLJ397D4QMU8sW5aWHUaKUQQqF7Fm,3004.13,499oCtxS5FmXiPCfW1dBFDJeSasLDGJFf4ffF9aCJEbpAvBWkRcabHTjioKuoYEDssLQqM7Qfv3xm76B61MwfCAd
1789120625,8RVBk8vxLiUHueLUW1f4izFVqN3nWippLhkohKg6EGkS,2026-09-11T05:48:51Z,al,9JUq4HSLnxCF4ZVhLJ397D4QMU8sW5aWHUaKUQQqF7Fm,4894.91,2A1S3B9jjg793ZoVJu3zvruZiLtzjnooFwEg5PCFsn1H6TaA8LqgkZvF4JJBJ6SWnx41AaC9c5FaQxfedVeCASFY
1789120625,8RVBk8vxLiUHueLUW1f4izFVqN3nWippLhkohKg6EGkS,2026-09-11T05:48:45Z,al,9JUq4HSLnxCF4ZVhLJ397D4QMU8sW5aWHUaKUQQqF7Fm,3281.4,5TARmekK4NCtqMKezP7G9YdioY8y4M1eW1aNjdNqYoxZF4ZmKqSwDu82nhvczFi87UzkqyDQNVJgDLeGSQzgb7j7
1789120625,8RVBk8vxLiUHueLUW1f4izFVqN3nWippLhkohKg6EGkS,2026-09-11T05:46:43Z,al,6eyhAPMP4RSp3fWqEPEt5DGv3cuR2sxAZxMqhJTRLBLM,5006.75,2Qr71McMSSz8Ryff6jWWKP1oSeLd1Pz7YBpigJu4xZQmCeue9ntCSzxyegR3wLzvRLYd1n1fqBSLcJJnPywEzfUR
1789120625,8RVBk8vxLiUHueLUW1f4izFVqN3nWippLhkohKg6EGkS,2026-09-11T05:46:05Z,sat,CJT2f73sp6kCGNbcLcSyFLxjnx3QVGELWadNUBDaqB5t,3327.46,SN75fZ6uWrfZVemwy7PZStrgXg8XnoAwU4CCAX11bzypfpoPCR55XhPdym4vgBUAk48Riwpi19S8fjJZSNKXcuX
1789120625,8RVBk8vxLiUHueLUW1f4izFVqN3nWippLhkohKg6EGkS,2026-09-11T05:45:39Z,sat,9JUq4HSLnxCF4ZVhLJ397D4QMU8sW5aWHUaKUQQqF7Fm,2584.92,2gL938JGGNMTTTZvyPain3z5zCeNVAB5RSh5droh9tkS1ZififJWwYQoooRyu2LhEzef2FZNtJ73axkDQxUo1pwp
1789120625,8RVBk8vxLiUHueLUW1f4izFVqN3nWippLhkohKg6EGkS,2026-09-11T05:40:11Z,al,AS8o55SvGADM3fX2sF5WfJqHpCwgvWKqh5zcYdqJbz15,4319.27,5XFAj5bqXUaY5jVY4w4upQCLgkn44Gomb45MNyimHf2EsjetEU2hRtzrojvppB7gSChkdpMocMWFtwEDwY1WZFx5
1789120625,8RVBk8vxLiUHueLUW1f4izFVqN3nWippLhkohKg6EGkS,2026-09-11T05:38:13Z,sat,CdhH3vcpW5Y6coxLPWQfK4zfuNEQmE6bKRprq1whnwkg,5880.04,2kRxv1oVbm1zBW33WAGhjT8icoNodgky88daLuxpsD2rUzsEykAB1qqQUHD9S92R2kWpUuo1cXwbNmeWk7ZHFTmq
1789120625,8RVBk8vxLiUHueLUW1f4izFVqN3nWippLhkohKg6EGkS,2026-09-11T05:35:47Z,al,2h7Ns9w2grSeQ9mE9WggJZvxMKKLNADJrKTSLucrbmzB,3401.44,25kQdATLiqG3iAyjBM1oEQfq1RfYR51FC2W7pbjqnVgiMZrZiVxm4gz55ii1aXgX627aU7ZAsM5cREbaWqL1HVKb
1789120625,8RVBk8vxLiUHueLUW1f4izFVqN3nWippLhkohKg6EGkS,2026-09-11T05:35:36Z,al,2h7Ns9w2grSeQ9mE9WggJZvxMKKLNADJrKTSLucrbmzB,4100.95,62DtpJuAnY5qQvBBQVJMEWFrGC8gbgE6fvkvd3oNmPmpsDLPDRWwV1sZhmN8yBqYBSKH3LbYgS3CTfqZhtEaohZE
1789120625,8RVBk8vxLiUHueLUW1f4izFVqN3nWippLhkohKg6EGkS,2026-09-11T05:30:44Z,sat,Gp35dvd7S6jJAc9meutX4x6JmMFKggf5ShxAejG9DAUy,5976.36,5boLbMrvg3CWF64x2Ho99czmwhAU1wWTVRzNDpk3aPzBDnRVL3Na1FGErDfX52XKAzsg3VGTMeRCBMHX6rssdix9
1789120625,8RVBk8vxLiUHueLUW1f4izFVqN3nWippLhkohKg6EGkS,2026-09-11T05:29:25Z,al,Ei6sYNH9h53eGkwUtFr4Zu5odeSH8w9Z4S6J2E5wcmMs,19397.5,5YaxSpFWiPFMSbQsGMcdrFQ6saQRbKJrKvuNkSCgHQKFL2SSEXhdq3GJ8aLN9fwyKyvLJqP4pdn8Fwc6os5nZGEm
1789120625,8RVBk8vxLiUHueLUW1f4izFVqN3nWippLhkohKg6EGkS,2026-09-11T05:28:28Z,sat,DaP7PdN4fXKgz2GoTfhqLFiWN7cYtEh948kZCVRkQT3C,3031.5,4YKcWKihakzaBxfeedRVi4m3pKusY4My28z9UmgCXCu2HqUgUha93MFj54WhKrWLYHu6S1zRdNvuZri2APANDmmD
1789120625,8RVBk8vxLiUHueLUW1f4izFVqN3nWippLhkohKg6EGkS,2026-09-11T05:27:02Z,al,AS8o55SvGADM3fX2sF5WfJqHpCwgvWKqh5zcYdqJbz15,4498.46,45HKFoHK5Jm5zGBNAEWpX4Q6tQGHdk82URDM4hKPxWzaJ9ee7USadEuM3TqtXDq2V8gLL4EEgnMpFn974WJmqcVW
1789120625,8RVBk8vxLiUHueLUW1f4izFVqN3nWippLhkohKg6EGkS,2026-09-11T05:26:47Z,al,5KXDF6QnqhBj72hDtJNkkpFaQVUfbFXNybMsp3DiK6tD,7471.9,2rQNP1AgJBFmwthJZytpEFENbJtQt2zCqJxGB4c9eEF7NuDvBssoPLHdbSHx25HmaEmJsrEJjLRmMpXvXRXf1Yj1
1789120625,8RVBk8vxLiUHueLUW1f4izFVqN3nWippLhkohKg6EGkS,2026-09-11T05:25:58Z,sat,DaP7PdN4fXKgz2GoTfhqLFiWN7cYtEh948kZCVRkQT3C,3004.98,3FcCAe4mtJmvzqqRAijESRYQ7fssd7zq3a5tB3UGAtRjFo3UrR6EEStoYvXXqTFAE8i7x9W37DoUbBrK1mA2PWNK
1789120625,8RVBk8vxLiUHueLUW1f4izFVqN3nWippLhkohKg6EGkS,2026-09-11T05:25:48Z,sat,DaP7PdN4fXKgz2GoTfhqLFiWN7cYtEh948kZCVRkQT3C,3604.3,4oWv6CnYiiKWQxkwX1rjiTczN5KxTns9BgAzvzFLaTg5yqyh6tEwuiRsEZNackstWKrNthMzZCFBZyiZ8Ckug8tE
1789120625,8RVBk8vxLiUHueLUW1f4izFVqN3nWippLhkohKg6EGkS,2026-09-11T05:19:59Z,al,9JUq4HSLnxCF4ZVhLJ397D4QMU8sW5aWHUaKUQQqF7Fm,3750.83,4wuHyoboiRB27xeEtDs8upKTD2WTncvAitXCT8ALDswvfECPKNx2eq3eVE7UhvWFur47pw23WFCNH3N71QxvwPTq
1789120625,8RVBk8vxLiUHueLUW1f4izFVqN3nWippLhkohKg6EGkS,2026-09-11T05:19:55Z,al,AgmLJBMDCqWynYnQiPCuj9ewsNNsBJXyzoUhD9LJzN51,2734.38,32YaPy9cNBELLWh2ieti1kXkeeNJgZvXA91UGsag4Ne3SiFkAk74g3L5Fujf5NyLj8Gp2SvS2FAv5mSmpMbTVQJy
1789120625,8RVBk8vxLiUHueLUW1f4izFVqN3nWippLhkohKg6EGkS,2026-09-11T05:17:51Z,sat,5eVwdPVkyKVB9f4AHrsdHXJvRcWscv8QxAi75mcF5XJP,4854.35,3JB6BDi8VfXNVDbxqXC7MgzdsvQ2sXDtTuLhbRGtis3Zr4mkCvBzvDnCvjxrZQUvkq4ajHXLWkvQLvDcAuXg3SM2
1789120625,8RVBk8vxLiUHueLUW1f4izFVqN3nWippLhkohKg6EGkS,2026-09-11T05:17:26Z,al,5KXDF6QnqhBj72hDtJNkkpFaQVUfbFXNybMsp3DiK6tD,6216.56,23P87qFyUbRgfyEZqcPdiSFZHXvy3v8EugvHwxY2U7N4JugQkJDnbArZZqbv62mSzWLTn3PaMug1tZWRiUUJ8aYR
1789120625,8RVBk8vxLiUHueLUW1f4izFVqN3nWippLhkohKg6EGkS,2026-09-11T05:15:35Z,al,HzaAVskPbB6KqZSJzVdEwrErziRQcbJTdZzzrtDUBkVw,3463.93,4GkxmFoMNN3e3Z6Est2a8e9ADpHjRwJSHJHpsGX2og5bZ61CNkUaPbpZ1eeT1XgFAnyuDwitBd1YgAZoU9yPBEWp
1789120625,8RVBk8vxLiUHueLUW1f4izFVqN3nWippLhkohKg6EGkS,2026-09-11T05:11:58Z,al,BiGCoQxN7HAXrRouVKKohDJH75MTJEhDc1UN3ZvWP74W,3363.71,5rsEFsHEGwyeZUD4mMvHowAXhxD5nRb4nPVByh1ioFZHPsmapTzSnLrP9j9ymsH5cpNuCpqFPWGFWE8FtTASikZg
1789120625,8RVBk8vxLiUHueLUW1f4izFVqN3nWippLhkohKg6EGkS,2026-09-11T05:11:54Z,al,3nC3Sck5EoBD7BZRvNk4m7eV6vsGjmNhorEugsURJ8t3,4169.22,5skMq4NKNeVPT6BCNGbMaPg93iK6m5GJTnPKcuRJzW9mwiTQMVRe6wNbseC587Ke6JvsnC9FwyzLd9MW2xXvTYUh
1789120625,8RVBk8vxLiUHueLUW1f4izFVqN3nWippLhkohKg6EGkS,2026-09-11T05:10:49Z,sat,5KXDF6QnqhBj72hDtJNkkpFaQVUfbFXNybMsp3DiK6tD,19911.94,5dkrNCEjpxmwDUC4Z1dvaAMEaChwYDrPgZuZQsFbko2tMGsDYg5XD6d2jV8Ybt6p8XVaZm7wFLvbXy1ewiQc32He
1789120625,8RVBk8vxLiUHueLUW1f4izFVqN3nWippLhkohKg6EGkS,2026-09-11T05:10:22Z,sat,CJT2f73sp6kCGNbcLcSyFLxjnx3QVGELWadNUBDaqB5t,6253.73,3oEuYdrAXysLjgLm53kM8RJDr51EMQQhoJu7XHMLw8X61hBKJtSXNwVPmzbW5hH9ceE38yaszeKR26FVtqQXcSQS
1789120625,8RVBk8vxLiUHueLUW1f4izFVqN3nWippLhkohKg6EGkS,2026-09-11T05:09:31Z,al,F5Des1B3zSUagFf7o5a7JmfbTPnQEkyvskvfUmynxacN,13064.62,2HT9fpjJXhVLquJay16jv4zFpzKkH33edvFh3bYKAMDZS3sNtAxrb5ZGgNn2Cb5NTCqXA2Ays8iumHPHy1owWrGQ
1789120625,8RVBk8vxLiUHueLUW1f4izFVqN3nWippLhkohKg6EGkS,2026-09-11T05:05:57Z,al,HMoUEnhf932ZHo1i7PLb2P2aj54jXUzwnbCKp42gTnzk,5572.7,3UET6hSv6LcXoXxPCGKtn8bknqtWHovEbJMpvvssH5tMrZtdzAUPhzoAb7XejTLcJ43TKMa3i7SgzDTpRSYEMpJ1
1789120625,8RVBk8vxLiUHueLUW1f4izFVqN3nWippLhkohKg6EGkS,2026-09-11T05:00:48Z,al,HQ3Ee6ZrvNiNxr2ZHJiFQKo6s9p229aWsJGH8ijvjhTJ,3332.06,5KQAz7TyqDcNRVZYVCNgWNrwmtoiJayKhjHjjDD6ujWh46BHLF4cihWuNqPLAB7DkyvKTRfCHeHPafABiokpDmKQ
1789120625,8RVBk8vxLiUHueLUW1f4izFVqN3nWippLhkohKg6EGkS,2026-09-11T04:59:50Z,sat,AgmLJBMDCqWynYnQiPCuj9ewsNNsBJXyzoUhD9LJzN51,13848.59,KXru5y2XXxsVu1fPDraFnsWM79YLnjyvcsWcBy3F8gEUrzhxgGkkrErjnx2xPoW9ieCDPegs2SDEdiaaFuNou4C
1789120625,8RVBk8vxLiUHueLUW1f4izFVqN3nWippLhkohKg6EGkS,2026-09-11T04:59:07Z,al,5KXDF6QnqhBj72hDtJNkkpFaQVUfbFXNybMsp3DiK6tD,5269.27,5Ko5AMGjYH7nW8WcVFbw14dYfar7TwnyAXeRhGTiAWAe9eKRZXVMesRofTxV6ifmiCfmeDeFBogdUDSMStyjXVGh
1789120625,8RVBk8vxLiUHueLUW1f4izFVqN3nWippLhkohKg6EGkS,2026-09-11T04:58:31Z,sat,3vAqA8dQGeQ4AB1MKTfzHwHcE8XZ6ffjN6Q69pJuPHFc,24127.75,2UdeCbLZPReLzr4yXqCZVoR1147fczehmqprWXVpfm4UdmytwDDcpg8SWuqLt9id2BtiUWMLNwDBmU4vQhXZ63y4
1789120625,8RVBk8vxLiUHueLUW1f4izFVqN3nWippLhkohKg6EGkS,2026-09-11T04:58:02Z,sat,CJT2f73sp6kCGNbcLcSyFLxjnx3QVGELWadNUBDaqB5t,2629.05,4NAMpNmy6QMsXZAHanCubDww5C94Bt4DYwrLwTtQfiWiVQW3QQ2uAx4nDoAuoCKDjZP767hPiYPU1v7rzyvsFrmv
1789120625,8RVBk8vxLiUHueLUW1f4izFVqN3nWippLhkohKg6EGkS,2026-09-11T04:56:16Z,al,Eq9dFGxU8BUAsFQ4itVzuWFTAd8ae9VDHXhWTHnBRrEy,2943.04,5LcyoKQqH7T2AGAVhrRHNPwd7LNze9gEkSjVmvbyyuTHtRvRAtAd6hTusYwL4bkBm55wzaqRmufwov28yd9WqRi9
1789120625,8RVBk8vxLiUHueLUW1f4izFVqN3nWippLhkohKg6EGkS,2026-09-11T04:54:48Z,al,HwJVbhDQxG1qpQzk6h4MQ5pbpVfnjfXCatUsu72kvKfK,4897.87,3tQZ4ubb7cr2239Q1KmK7X3yHTmAukBzpDu6VZ9KZKg4AhrCeP4kn2UTKNH4fy84vrkPGiT1h4D9AdJyLFZ179zE
1789120625,8RVBk8vxLiUHueLUW1f4izFVqN3nWippLhkohKg6EGkS,2026-09-11T04:54:20Z,al,HwJVbhDQxG1qpQzk6h4MQ5pbpVfnjfXCatUsu72kvKfK,4923.89,5JkAdXJq39jWCWDLvM9NWgLBntgKbmn9dr8Pu2fXunBTCLjoyaqyzmvhRCxHFcKUwGL8RLNZoGzrQpR6qoCXspiH
1789120625,8RVBk8vxLiUHueLUW1f4izFVqN3nWippLhkohKg6EGkS,2026-09-11T04:44:39Z,al,5KXDF6QnqhBj72hDtJNkkpFaQVUfbFXNybMsp3DiK6tD,4215.38,2U3uLu5BaZF8rAmZYxpYHCiKhc7gsPQhs6Gz3PeSwcEjfoPhPu8FSbsf3QsDCm7UCtKBCLNV7jkgi2D12SsxNJz3
1789120625,8RVBk8vxLiUHueLUW1f4izFVqN3nWippLhkohKg6EGkS,2026-09-11T04:39:54Z,al,7iJps8WHirzspdmSQgejuupeJqFybpibeuZgD6j2KXsq,2542.88,3VgudyTmLqnCp42hJsDr7RmE7bJQva1K7yJyAQ4GrkQnAVXJLQxov9jXXzhpYgyqBsRwZwhbo1GhKqYq2sUV9gje
1789120625,8RVBk8vxLiUHueLUW1f4izFVqN3nWippLhkohKg6EGkS,2026-09-11T04:38:28Z,sat,9CNyLECt2j8tnDhqxtjYk5HUhZ2b8Nwnyb7sfYN7vND2,5152.33,2QbwbDB6cUAgqi4x6W3krWK8pv9UGvccW4gKHH8So3tsX4p3GmVDPGFL4NAhNkPWmzyAcdKof2iKgMsryFhvEQ5F
1789120625,8RVBk8vxLiUHueLUW1f4izFVqN3nWippLhkohKg6EGkS,2026-09-11T04:36:15Z,sat,9CNyLECt2j8tnDhqxtjYk5HUhZ2b8Nwnyb7sfYN7vND2,5248.14,3Rc7RSq7afGp1dqBADtBCf9MW4bPrWG63yw8NmcsvpFzkBmErZ31cTUg3R7zBeAt9y8CPco6bNzz65a2hhDMWTr1
1789120625,8RVBk8vxLiUHueLUW1f4izFVqN3nWippLhkohKg6EGkS,2026-09-11T04:30:00Z,al,3vAqA8dQGeQ4AB1MKTfzHwHcE8XZ6ffjN6Q69pJuPHFc,31237.54,SCq14duJtVVAjX4ihXeyKJMTqHMZH5EzdPAGNfrUtFufAscLhCpHnQcGgiA7LgLJ6tJRQC6AHn33qDZYouPxnFQ
1789120625,8RVBk8vxLiUHueLUW1f4izFVqN3nWippLhkohKg6EGkS,2026-09-11T04:27:16Z,sat,AgmLJBMDCqWynYnQiPCuj9ewsNNsBJXyzoUhD9LJzN51,2538.22,2phqAS6FJbpCyp8QTYWzmaHQ8dANsYEPoE4h6kVTvxhASwL8Z76voNv9PP2aVNJH5g4ZaTmo4NcC7XD2xQB6PoQU
1789120625,8RVBk8vxLiUHueLUW1f4izFVqN3nWippLhkohKg6EGkS,2026-09-11T04:26:36Z,al,GHxwKtFkZ8XyYxX1LWLyURZ39MvCUJo5qRLfL2Z4yhf7,9328.78,3NaT7vpqUE9rE3Do8jsdUvA4SSzWs3PLmt78SqfacuCN9LD8kKjbJTDZCNjLxcVap6MtB5jQ7Ud6dK9mDcUUCQpS
1789120625,8RVBk8vxLiUHueLUW1f4izFVqN3nWippLhkohKg6EGkS,2026-09-11T04:22:16Z,al,3vAqA8dQGeQ4AB1MKTfzHwHcE8XZ6ffjN6Q69pJuPHFc,10021.02,41hyj196rBMQ7jGbjXkA3KcMsqW4RSo2enoz8JLoPAQHVpcQetrhzznSFnN4kmmPeKvxvARiicBLtJf8YXAR9KEv
1789120625,8RVBk8vxLiUHueLUW1f4izFVqN3nWippLhkohKg6EGkS,2026-09-11T04:21:41Z,al,8qTuqd6v287Hjz19zKBVkWHL5QgyHCruYb4gB8bTHzgE,4033.16,2cD9beVnC9SHYzruFzkMThNTYZ5WoUR4mM5E65NbigcjLvZPjnvPdMUxpM9SC67Uau9cwXyFJkQ3eaCTpHgzPpek
1789120625,8RVBk8vxLiUHueLUW1f4izFVqN3nWippLhkohKg6EGkS,2026-09-11T04:20:23Z,sat,5KXDF6QnqhBj72hDtJNkkpFaQVUfbFXNybMsp3DiK6tD,7695.46,3ab8X7Wnyze3njriGuNqpeJw5VGYYSwcUXmpEG3Brf2sJTvbf1R43L5PREThV3t57WYB2RtghdHMFokf9z1m9NHt
1789120625,8RVBk8vxLiUHueLUW1f4izFVqN3nWippLhkohKg6EGkS,2026-09-11T04:19:59Z,al,BjS5dz8BPpSn42fk1VkcFuWCATRPGwUbXvwYJvujsJ2A,4845.35,4HhcFzwdKWdkhUgkuTRTLzf4sQLcRZBypxEvmajrqR5bUgqYxcQzmEkwUWAmAXyizDj61iuitWAwK9PraH8JqNtR
1789120625,8RVBk8vxLiUHueLUW1f4izFVqN3nWippLhkohKg6EGkS,2026-09-11T04:19:37Z,al,BjS5dz8BPpSn42fk1VkcFuWCATRPGwUbXvwYJvujsJ2A,3364.94,5FXWkJMzGQWRUDdntoKoSrUesDsTu4ayDy7R3bo1RuFmDWgpLtDss8pEdVopnhxR4m6V23tVFdmXPqYiqCZWZbji
1789120625,8RVBk8vxLiUHueLUW1f4izFVqN3nWippLhkohKg6EGkS,2026-09-11T04:19:11Z,al,2A3KgUNFnbTvXseMpKMwYcGS5CQszXpoEvinTUrrvECZ,10331.85,5SvX1jPL3iRup6ZbetiBpGyJ6d1muNWWJYgVBMfq9qkAdnL2MDVYmPTrNKc2PMUjjH9ot2MzTYMf8UAXWWmPSgJo
1789120625,8RVBk8vxLiUHueLUW1f4izFVqN3nWippLhkohKg6EGkS,2026-09-11T04:18:49Z,sat,iqFGZaiLE2nZfMprBeH9smJ4S5swR2fQGiVFd994aGL,3923.69,3BouWp9negFReQsrYLntVGnmFZLJRsnUjTXiZMCkqEV8fana5HLYfxeQikbmeT9tNvjSCvCics6StgfExkwSyCPp
1789120625,8RVBk8vxLiUHueLUW1f4izFVqN3nWippLhkohKg6EGkS,2026-09-11T04:18:43Z,al,BjS5dz8BPpSn42fk1VkcFuWCATRPGwUbXvwYJvujsJ2A,5041.54,57VpduSHiFBUgmDYHtiUCoUGXJeCtdHZADWF3RTZmfXbETVR2uEXrbw2buFD9eAEprnhCvBRFR5K6CCPcQMDUvXH
1789120625,8RVBk8vxLiUHueLUW1f4izFVqN3nWippLhkohKg6EGkS,2026-09-11T04:18:18Z,al,AgmLJBMDCqWynYnQiPCuj9ewsNNsBJXyzoUhD9LJzN51,6223.07,4ktbJxoXqSMX2rq7i5w8MzsFxq3494foBW6CjjiLLwmSysEix1a3tPFQNF3674Fq73h1JeRPNBSrech3G8tLpFQq
1789120625,8RVBk8vxLiUHueLUW1f4izFVqN3nWippLhkohKg6EGkS,2026-09-11T04:17:16Z,al,GaeC2EcnoNvwyYmbPBpTMSPXZBcGVVA2tmUzCE7K6yoC,2579.42,cw1MGm5zqGxAMvRkLRZr193da2Vyjy3svmq2wPsfZHmDXHh4LdQJVduni4xLTrxXGuu1MGHaoG4RP2SNkD2Qhv2
1789120625,8RVBk8vxLiUHueLUW1f4izFVqN3nWippLhkohKg6EGkS,2026-09-11T04:15:44Z,al,3vAqA8dQGeQ4AB1MKTfzHwHcE8XZ6ffjN6Q69pJuPHFc,7910.04,67kjZyiiF8mf6EwguodYMFoWmWgD7G1nXVbpBYvd7VUiCGcgmEpPfG9caj2dF29AvTBGDBDcMibzyvJLhsasKSG7
1789120625,8RVBk8vxLiUHueLUW1f4izFVqN3nWippLhkohKg6EGkS,2026-09-11T04:15:05Z,sat,9JUq4HSLnxCF4ZVhLJ397D4QMU8sW5aWHUaKUQQqF7Fm,5596.66,3HJPa4j4VqQq2GhZSXB7HAtLCtM1gcmZDWtBUdP5YGtgJcwPW31Uvx7uHYAoHduKm76ZAkN3tp8PugRzyDLbe2YU
1789120625,8RVBk8vxLiUHueLUW1f4izFVqN3nWippLhkohKg6EGkS,2026-09-11T04:15:02Z,al,29LNo5cSPV9phXZ59xRNZHqjLWYgZySZ8YmhNpTesGWu,4078.05,Mn9gQcMBM8gydXr5wWL2CHKEf97YYtGge2zkjuXzYNRyW1fFzTkYSiAFPCVhvdUuhuyDLstYxPUEo7kWW73FBND
1789120625,8RVBk8vxLiUHueLUW1f4izFVqN3nWippLhkohKg6EGkS,2026-09-11T04:14:55Z,sat,5KXDF6QnqhBj72hDtJNkkpFaQVUfbFXNybMsp3DiK6tD,20879.4,4oJHDJLPmQdMYFWTmVCaTNYngqn1nFJpSG4vU72244uPJqmzMdYYi56KniKHDYJXowci2u256AHqFxh5Bix1d3C3
1789120625,8RVBk8vxLiUHueLUW1f4izFVqN3nWippLhkohKg6EGkS,2026-09-11T04:14:53Z,sat,AgmLJBMDCqWynYnQiPCuj9ewsNNsBJXyzoUhD9LJzN51,3719.3,bebbjnonhwBUXroBRzobgE3j8vb1Bni9y7yCj3kLirWWdFe4YHBS4MY4guyUCv6dXfNX59P1586u52TZPrumfeM
1789120625,8RVBk8vxLiUHueLUW1f4izFVqN3nWippLhkohKg6EGkS,2026-09-11T04:14:46Z,sat,AgmLJBMDCqWynYnQiPCuj9ewsNNsBJXyzoUhD9LJzN51,3808.17,3rBrAtNkC5AYC1oPrBdSGFCFttaV8YquvND8N5ZNagsZ27HCeiE94XZcNamhigDdnEKBqzsieb6AVYS5tC6J6E5T
1789120625,8RVBk8vxLiUHueLUW1f4izFVqN3nWippLhkohKg6EGkS,2026-09-11T04:09:59Z,sat,CmmDsVR4hsGeGCP2GCCPtpVP9adWnVohXEPWEnT8K3Hs,9467.38,3xgbsZgzKfZJcUXQcyEAmXsE2yV9UUkLueyNxx32h61AX5gudoGixTmMfqG4edKQLHdeH4ib3YzDZioqsQkhGYFD
1789120625,8RVBk8vxLiUHueLUW1f4izFVqN3nWippLhkohKg6EGkS,2026-09-11T04:07:06Z,sat,CmmDsVR4hsGeGCP2GCCPtpVP9adWnVohXEPWEnT8K3Hs,3002.92,5zaEVBKsMpUW1nGn38mmw2cK8pUDWoYme9jZcSJaEt5T5SNUyLeMvUtzSpW2TsPEXThp1aVomxRYXytPbQQnWnFG
1789120625,8RVBk8vxLiUHueLUW1f4izFVqN3nWippLhkohKg6EGkS,2026-09-11T04:05:28Z,al,UwTYmQqVcZGShUz2SLbopp1R8RPxuZNDJz94ioBozTV,3414.41,488VrAWUNWbj4DBTEqaqZ1U5MQirNnDzF1aGrs1bBNZKjZxi7YVYjCkSPFr8cfNF3ESvTuAqi8J9jcSTQCmF7PV3
1789120625,8RVBk8vxLiUHueLUW1f4izFVqN3nWippLhkohKg6EGkS,2026-09-11T04:05:06Z,sat,CmmDsVR4hsGeGCP2GCCPtpVP9adWnVohXEPWEnT8K3Hs,4191.14,4aXiKRUMaJqRzEG3Zu2pVGf72iDP4HqQXVfhjcFzSkYQeGTuDCCPrrxbq762FEpWr5SteKMuQJj15pDHNsmCX2cP
1789120625,8RVBk8vxLiUHueLUW1f4izFVqN3nWippLhkohKg6EGkS,2026-09-11T04:03:57Z,sat,CmmDsVR4hsGeGCP2GCCPtpVP9adWnVohXEPWEnT8K3Hs,5752.75,34Ej8SeNLceU1Rv8U9jLYXm8ABLvpycnkuLcYFBeyRbTbriNs2RUgjGS42U2samsAMGzFawx5VqGviqEuqbhuEL1
1789120625,8RVBk8vxLiUHueLUW1f4izFVqN3nWippLhkohKg6EGkS,2026-09-11T04:02:34Z,sat,CmmDsVR4hsGeGCP2GCCPtpVP9adWnVohXEPWEnT8K3Hs,5091.76,5pfxeMVSJzfiwuQS2ztYQ9Lnam8Yu83VagTzp2sfoCr9KZ4LUQwEScTf5b1zBhNQ2jHgJaboLojqEQtDRBg5i1RN
1789120625,8RVBk8vxLiUHueLUW1f4izFVqN3nWippLhkohKg6EGkS,2026-09-11T04:00:17Z,sat,13ZmojMnq82pis9EMgk4mRGzxq6DhE8DN7SNd2kH3A5w,4714.45,66LzwVmx4XvYmNZ6EAoChGMnRDWtGFKg1tnJ8d7agxKhSM2cm6NP3DCGYcxVHMh7gbEoHWM4wvN4w3TFh1p3fksz
1789120625,8RVBk8vxLiUHueLUW1f4izFVqN3nWippLhkohKg6EGkS,2026-09-11T04:00:02Z,al,8qTuqd6v287Hjz19zKBVkWHL5QgyHCruYb4gB8bTHzgE,2965.23,4K7FQzxGJrqU6Go8o8dCwnkwjhyRVj682noJsnYBoP79UPbvKX7DUDSDGiZZonhoeLuA4nRnmRNvJ2Gy4AbCKTuQ
1789120625,8RVBk8vxLiUHueLUW1f4izFVqN3nWippLhkohKg6EGkS,2026-09-11T03:59:24Z,al,7d779dsR1873AxqZwPJrfUs2ftuSwvSkVFTUK9gFM52C,15200.73,3no88SfWxa8Wy2c16wdfASgNQvz6Sfnzxa3SG2wQFEmNjvkPR3L9pHBiEahzib3qAc2CK8t4jHhrT2bmrdkqrS7V
1789120625,8RVBk8vxLiUHueLUW1f4izFVqN3nWippLhkohKg6EGkS,2026-09-11T03:56:50Z,sat,458aGtmE9UzRhA94hz743NyRv8p7zxNbjcgxV1m8Ukre,3616.08,5pQtJ5EDSdYzxxrBXUDj41iAHgDaGPs3VAJzqiFXoHoWxVKEPBkQHubh3q55SCmyyUfie8NNoiM1YUjk1GDccAHu
1789120625,8RVBk8vxLiUHueLUW1f4izFVqN3nWippLhkohKg6EGkS,2026-09-11T03:55:11Z,sat,7YeKJJHmFXn2bpHBWy8MLNGG1vwzuX4mt4ALGJbrXKq5,3004.66,4fwnYFFhwc5aBWmNoP1bYUi4aSSHCvor9yGvbKnsVUN1L3VNkfRNJCH367noFg97nvxkgr3e3hXuZih5iungtyPj
1789120625,8RVBk8vxLiUHueLUW1f4izFVqN3nWippLhkohKg6EGkS,2026-09-11T03:47:24Z,sat,FHpcNSe6tb2n15bAdq4BkeYWGyZKFD7yLYrH92ng7wCT,3291.25,1Zy4oF2JnHGRGrk6xK4WKQTinkqTegc6pHoDmyLdpyF3NWchwTnMoueJzowdwBVwYeouayV95Z6yhJzJwp96fJo
1789120625,8RVBk8vxLiUHueLUW1f4izFVqN3nWippLhkohKg6EGkS,2026-09-11T03:46:31Z,al,8qTuqd6v287Hjz19zKBVkWHL5QgyHCruYb4gB8bTHzgE,2698.01,71oqPnef5qeRZxAUAHuJiMqScJDroj2KwbSMAMaR69tu9pF6ep1vqRUDYFPqm64Y2DJcwZ7zbXNyXQT18vjP53H
1789120625,8RVBk8vxLiUHueLUW1f4izFVqN3nWippLhkohKg6EGkS,2026-09-11T03:45:11Z,al,9ne4W1566CuXxr1ZTdcqbhQAKYxueA2u5Cnt58Bi92vY,6968.58,3ZcapjbuAFFjaJgQRZojqTfousg1xsw5f3FF84auopGmtUf7JvBBVtK4XbXqcrV5Lo5R2Z6cr9WXXNi97L4GWZsX
1789120625,8RVBk8vxLiUHueLUW1f4izFVqN3nWippLhkohKg6EGkS,2026-09-11T03:43:26Z,sat,2E5rJKXz1n3bxn1ZnJvd77WC2SaeVxgDsa8SC33GYvyK,4507.81,2TQ84jK2uHGdx6N8zfyLadAZ9Nob6snh44Wr1vCgsEvjKU1pXLqTzr7RA2SnaGczTxpquFEQrDUD7xkQjWfBy4Ue
1789120625,8RVBk8vxLiUHueLUW1f4izFVqN3nWippLhkohKg6EGkS,2026-09-11T03:43:18Z,al,5hsCwSegE79r8N3b7MgU6oP4xt26D4f24mWyWR9MfE1H,12015.18,5Mv4NjhnqDKJbYkiEEgtGEUkzKQNA3BGCgXNnFTpiRJi3QPUbpkCo4gJ12y2MfCZohwkt33fPoHyhYowRbEuhk9E
1789120625,8RVBk8vxLiUHueLUW1f4izFVqN3nWippLhkohKg6EGkS,2026-09-11T03:42:42Z,al,5hsCwSegE79r8N3b7MgU6oP4xt26D4f24mWyWR9MfE1H,4589.65,53KEbZh746MHLkJWXsnx13QpxPCEs1sbDjsgNX5pM3Af4PcFpJoynX1QbAt6xfcgH58gjSQURmcoWwuSVkdZJQuP
1789120625,8RVBk8vxLiUHueLUW1f4izFVqN3nWippLhkohKg6EGkS,2026-09-11T03:40:59Z,al,5hsCwSegE79r8N3b7MgU6oP4xt26D4f24mWyWR9MfE1H,7917.75,2djBEHw2bNUoQ8xi8FpRsaZXKHFdw4JuC9kA1Gic2DHDDqQ8kJyvyvJ9JSn9VPqmtHT9Lp6kwDPs1W1WZnUnAH7H
1789120625,8RVBk8vxLiUHueLUW1f4izFVqN3nWippLhkohKg6EGkS,2026-09-11T03:37:34Z,al,EXMVQ8dqDx5K1XBXECqa6Yqe7uMzsGreihPs3RZNWfz9,4443.4,Gd1bGFQxKd9mbcLFJE44QssF9iVaTQPPUu5ciL98puQRmZGbvg7TgpASdPMWRiPT27mSzZ324xrxjTmJmv1znF4
1789120625,8RVBk8vxLiUHueLUW1f4izFVqN3nWippLhkohKg6EGkS,2026-09-11T03:34:53Z,sat,8dGKHQJvyeMdU3unKb6qS8vD5GkKAgkp6C2MVioDkr1p,4407.3,3Ly6M8RgDtqgEkKmL5XxpMtDvHns6cGeawN6sYyVeJWD4emYSxh95vUW4bhS3PQkfEtMhyV13mFtYs1nHxRmFyin
1789120625,8RVBk8vxLiUHueLUW1f4izFVqN3nWippLhkohKg6EGkS,2026-09-11T03:33:19Z,sat,5KXDF6QnqhBj72hDtJNkkpFaQVUfbFXNybMsp3DiK6tD,31087.24,5oxnLZXFS2N4nw9JZccZBBkFftgTnw8dXuRr58cAVdL7hMWTpqcYLUDsrSTCjWN5PvqJig58DFkunxjjKxNz8S9e
1789120625,8RVBk8vxLiUHueLUW1f4izFVqN3nWippLhkohKg6EGkS,2026-09-11T03:31:21Z,sat,5t8FA8z7SFiEpjau2nTBYKN8jd5CGo8Ttcgt1m73C7d,3111.88,3kowpVEUeQYzpQkbhAywUrVL6DAtU6zAx1nm7tWEtjsCVT26UAsD5a6Y41vUu6NqeajWDwAw5KPvK47g1VPvWcei
1789120625,8RVBk8vxLiUHueLUW1f4izFVqN3nWippLhkohKg6EGkS,2026-09-11T03:31:13Z,sat,AgmLJBMDCqWynYnQiPCuj9ewsNNsBJXyzoUhD9LJzN51,3850.03,3SWKuKg78zm45PrRy2khJvDJKcpC7xE8VqQQEEZ1EBwkvZsWVbi73skSGYsmRrjJ9uUr4BiSaFT3Qhw5wp3YZErr
1789120625,8RVBk8vxLiUHueLUW1f4izFVqN3nWippLhkohKg6EGkS,2026-09-11T03:31:02Z,sat,5t8FA8z7SFiEpjau2nTBYKN8jd5CGo8Ttcgt1m73C7d,3206.66,4B12pMp7283fvcacueKzA6PkZGJ7sHoQXVGoRzkmCcJfEWRrRq1QivwMmVThw3GME9JBxbbv4UR1UzBKFQo1QRen
1789120674,AGi2s9zPRPHs3zEDPhPTroumTEXK5ufymYSfEFndCSSW,2026-09-11T09:50:34Z,sat,5KXDF6QnqhBj72hDtJNkkpFaQVUfbFXNybMsp3DiK6tD,3424.51,51gAiZZgUJDWR6HEaau35GHYbQ7QTr8gpsQiyufdZ48im1YdJ6Tmimdcb24hPstMoSRNbaZSofVbNrHBxjq9nDkB
1789120674,AGi2s9zPRPHs3zEDPhPTroumTEXK5ufymYSfEFndCSSW,2026-09-11T09:38:05Z,sat,7j4eYGYHdJXTsBJSNuwDKXECCfdWSB2er5yFCAQU4Z5N,4934.29,2m7p5V4GUCzPZpkcPmJfDsAEYfdtYUNBwKYBTdvWaAGfJP583k8ZF9hRiHKeAcAqZAYMSvkfR5buwwGt4xpysR8W
1789120674,AGi2s9zPRPHs3zEDPhPTroumTEXK5ufymYSfEFndCSSW,2026-09-11T08:59:43Z,sat,G3tVaeeeFagPtEHcAA2iGm9bg1AscXnHZmkQjEkqcxuT,2775.09,fU936qifUSDJLU8jMCkJJNo2RFkAtGjFZvwztn1DRoR9bUfWedLo8tid3ZuJ7VY9AnaAMnuSbqhWba4M5SSn3RJ
1789120674,AGi2s9zPRPHs3zEDPhPTroumTEXK5ufymYSfEFndCSSW,2026-09-11T08:59:06Z,sat,G3tVaeeeFagPtEHcAA2iGm9bg1AscXnHZmkQjEkqcxuT,3410.49,3vm2g5XgHPmqWdfXa1NBwtbzGb1VtYPsjsq3ZfTqh5rir2AbpeK296xpF6wfui3A5AKtpy1oszecLe52zowkFAYZ
1789120674,AGi2s9zPRPHs3zEDPhPTroumTEXK5ufymYSfEFndCSSW,2026-09-11T08:54:14Z,sat,AgmLJBMDCqWynYnQiPCuj9ewsNNsBJXyzoUhD9LJzN51,6049.36,5pd16yaUeRxWxmi7NyN3ZWJQpXcjGaZEre1uu4fJUa8LGK96qcrTVAqbB5nYfsPHV6hGiWaQyXsYKtRo2Q95ry5X
1789120674,AGi2s9zPRPHs3zEDPhPTroumTEXK5ufymYSfEFndCSSW,2026-09-11T08:37:53Z,sat,J4yZoJ7RKip6FVjj5BYvE9AfvHi39wzXdPhq5PZi8BKS,4241.04,nd6QGgdkHnT5193rMwbjJjEQyV8K8SYaa4wT9mQXxuvNWZbBZH7PKHUTygPTHCPk5394rji1hBZr7Bzd4CGA3yQ
1789120674,AGi2s9zPRPHs3zEDPhPTroumTEXK5ufymYSfEFndCSSW,2026-09-11T07:24:59Z,sat,BVFTQzEas8kMPkcugksaTTuLnQJ8ESxtLryk4ngdyvjU,2530.02,Zt1aZtcjeHkhqD114eXFMLFeXbYFKwTYt7f6BGnNRa13b6kc4cZfJpcuTLfysK5oRLYCTaCQkDzZssNUejd5VKj
1789120674,AGi2s9zPRPHs3zEDPhPTroumTEXK5ufymYSfEFndCSSW,2026-09-11T07:24:38Z,al,2m8FtU8QQFHuTN1o7qzVdApDjUaZ3u34NEpgWFGrxmfz,4032.34,2ZtmvmW1jSmszR5TZ2us9pqknLrtnWxFqqyqoYaJqPBrBzjV569y6wbHD5Y8L5CNHE6zshj2ah1mmVzGnr2vhDLL
1789120674,AGi2s9zPRPHs3zEDPhPTroumTEXK5ufymYSfEFndCSSW,2026-09-11T07:12:38Z,sat,HpztE4DygrV2s7jbo18GyS5WoEGtdpocvjdHDnTUTmXA,3087.99,4Am6iqy9u2QffDg2vYvTBM6VH29Cqy9Lfan6nQxphpHYEsLjRAyyrQkjTtz3UQQ5r8biWvbukYBixucHhCtrFYu9
1789120674,AGi2s9zPRPHs3zEDPhPTroumTEXK5ufymYSfEFndCSSW,2026-09-11T06:51:44Z,sat,5KXDF6QnqhBj72hDtJNkkpFaQVUfbFXNybMsp3DiK6tD,4263.74,5xx1v1mHHFMcQZFVrMDj7pniCEULJpkKQ19AnbjJfAfprBuDBEcp7TRSo4itqpaAGfUmrnvLYJkPnBKpnS9VM7Re
1789120674,AGi2s9zPRPHs3zEDPhPTroumTEXK5ufymYSfEFndCSSW,2026-09-11T06:41:53Z,al,CMQgBRmmWBRitNDCCpj8ZTTwYMnhyRk5gTBfAHqW5Q9,3536.61,5qc4zE7to7A7Pw7yRAbwnNYcja1h3ShYu6W1ksfnApFKfK9nGJ98gwjhruMNy9ttjrE45h5NDja1AL5ce9a6T5qJ
1789120674,AGi2s9zPRPHs3zEDPhPTroumTEXK5ufymYSfEFndCSSW,2026-09-11T06:33:05Z,al,9RMzo2VUqBzbmgWoaesVbiyb1LmdjbUV3cAnxbTEM7Z4,2855.09,xwgcXBKrFGGkL8kdFsq9PSDiB2xmoBnFmCqdhMgSHMGMUGJpTcKXzHHPDVFdFfhfFgva9JRDuM3tFeus6P6PaMN
1789120674,AGi2s9zPRPHs3zEDPhPTroumTEXK5ufymYSfEFndCSSW,2026-09-11T06:23:36Z,al,9RMzo2VUqBzbmgWoaesVbiyb1LmdjbUV3cAnxbTEM7Z4,3618.56,5DXwUhuf5Pm92BaSoNiWszLQPJ57VN4YmHS2ydtz3JVmL25vy9MjXsvfnaZTFAuMkG1XPq6BgLNvqUCdGn3ddeDw
1789120674,AGi2s9zPRPHs3zEDPhPTroumTEXK5ufymYSfEFndCSSW,2026-09-11T06:20:49Z,al,FHpcNSe6tb2n15bAdq4BkeYWGyZKFD7yLYrH92ng7wCT,5472.25,2VLq2pkzibGezvBaCUU53EVSverhUN52TBprA71B49Lc84uhcx2uSncFoquFUrXwHd1UEGr9Xyrme8dW8c8DAAJa
1789120674,AGi2s9zPRPHs3zEDPhPTroumTEXK5ufymYSfEFndCSSW,2026-09-11T06:12:48Z,al,9RMzo2VUqBzbmgWoaesVbiyb1LmdjbUV3cAnxbTEM7Z4,2506.52,2xeewtkvLVWULfP4mSSyQjHgPanwEbTg1CZxbiF3w9uwh5VsrB7JKrxvZ1rC7ZSyYisHgCUFhBD7H33SA591MNVY
1789120674,AGi2s9zPRPHs3zEDPhPTroumTEXK5ufymYSfEFndCSSW,2026-09-11T06:06:12Z,al,46cLwmSYR2acfKkFHGEqy1gRxC3kkKaNcfaGk5jLxB5b,4672.69,3gwns5caGBbNJUq836TrAn3diLK7YcACdWQzSYoYoV64d5bpeWkxoeh6zZURNoiv6W3Q2fkBsj4Gw1HowMQ91XqB
1789120674,AGi2s9zPRPHs3zEDPhPTroumTEXK5ufymYSfEFndCSSW,2026-09-11T05:50:41Z,al,BVFTQzEas8kMPkcugksaTTuLnQJ8ESxtLryk4ngdyvjU,2857.46,4DkUamBqXzzMYjMbmsDBkKMFiz4ydhBX2UzDz8tk3DW7WvuPzBCEGj7yCLPh26dAYDL8Px5cGtZFcR1SyQZaf2AV
1789120674,AGi2s9zPRPHs3zEDPhPTroumTEXK5ufymYSfEFndCSSW,2026-09-11T04:36:09Z,al,C4DKn6oqmJE8cZgPDU3X8N2S9MPFSjFSnUjv7WJCGxHh,7331.72,5mbDDPC6Libibc5SH1y9KMWysH2FNwUsdxMnCWo2pUu678pFM8aMkZ2LwQHwQoZQAy7t9yoGp72oCXBQKzpcGT6Q
1789120674,AGi2s9zPRPHs3zEDPhPTroumTEXK5ufymYSfEFndCSSW,2026-09-11T04:34:41Z,al,HaVGz5dMueopyTy4LZEdd8uRiVCsSCpSStyeSzkxkbSC,3487.7,6XyDZptKxBzBmniBpyDmCQbNDjyTx5YzUqPG52WKCKNa8UWdR1owuEBApvK59XuuVWK9SgzdnNwqSmjymPfUBKn
1789120674,AGi2s9zPRPHs3zEDPhPTroumTEXK5ufymYSfEFndCSSW,2026-09-11T04:34:34Z,sat,2QmqCe1sX4cxJv1yZP8FxNJjmo2jQVJePLdYXxkBhpgA,8733.89,n6ySp7WC7nQfjAQ4huNrJAjLsd7FVAz84Fo8VdyNfoNZPjuXLRuCLw9dHXBJ3t8wYasBC8rjyJRNRoSsr7EvQfN
1789120674,AGi2s9zPRPHs3zEDPhPTroumTEXK5ufymYSfEFndCSSW,2026-09-11T04:29:39Z,sat,5KXDF6QnqhBj72hDtJNkkpFaQVUfbFXNybMsp3DiK6tD,3716.08,4fS6RTky5ZN5BVoZMTe9HiRpL3kWzeM1zSCckWScJ1dUHVktUJTcV8mywp8ASMfCUtSfuMwhv9HonLcC79PoGXX7
1789120674,AGi2s9zPRPHs3zEDPhPTroumTEXK5ufymYSfEFndCSSW,2026-09-11T04:04:47Z,sat,GvmMDireHnhaJ5QJX3pHpmstmKMLSmdpobd72nx2VDej,4359.49,4qDPA3a6j2mUya33vNccgaQRwfAHek55dyNrnwXKDnayDQxpEQRYyqWzaScc1DUtKwH6ddALVKVeG97ZU4xUUyxc
1789120674,AGi2s9zPRPHs3zEDPhPTroumTEXK5ufymYSfEFndCSSW,2026-09-11T03:57:34Z,sat,2QmqCe1sX4cxJv1yZP8FxNJjmo2jQVJePLdYXxkBhpgA,5701.22,4iSZpJDXSp6HxkdujYMCoPKzVSzh1RPACTfVg9JiRHNcYwwaEiJK6Pcd1zMe7cQJa7ReeN53iRrzct4GvsKJ55Vn
1789120674,AGi2s9zPRPHs3zEDPhPTroumTEXK5ufymYSfEFndCSSW,2026-09-11T03:57:28Z,sat,2QmqCe1sX4cxJv1yZP8FxNJjmo2jQVJePLdYXxkBhpgA,5932.88,5EMUxYy1LU7UQYfT86woRc7nhtHwv2KePsriCvsAcbMhhA3aprXuEi8V4bJ6k6kawXkFtr3DDH6NgUQkofYs93oF
1789120674,AGi2s9zPRPHs3zEDPhPTroumTEXK5ufymYSfEFndCSSW,2026-09-11T03:53:35Z,al,GL8gf7VZjLYvX7k7AuR1YTtvTxsCGqZTYJqxaUauA7JV,5127.28,4aWsYRv9S6FJ3oKee3i44oUGxFWgywmtGc2UFfE8EkpfK7L94A4jeRWUvfqNzEobtyqdemdukHDPVbWaCUeuQBiR
1789120674,AGi2s9zPRPHs3zEDPhPTroumTEXK5ufymYSfEFndCSSW,2026-09-11T03:51:42Z,sat,7eNRALuXYUJkUWTvRj5tcB7tcT43kmT5SNdkfy9fKTto,8121.2,4MsD3j7svhHg451CidYA19w5DTMDaYd2L7WmzcDt748rRjDgQznFnvzxhAjKtCfTnyro8DFds2VqJ5Lju7RjSebJ
1789120674,AGi2s9zPRPHs3zEDPhPTroumTEXK5ufymYSfEFndCSSW,2026-09-11T03:49:22Z,sat,Cj3MuL7CHcF84bQGD4NpVhmBzAt3bACociYCqQXfBhK4,8694.27,Y619gFsFGjQ8aM5YPmAwS7DNYN49psFfrDaSSaf6ssbrULEvQ3w55YoHGGNtsmoWhaHndSENYVfjmZmdM6G549S
1789120674,AGi2s9zPRPHs3zEDPhPTroumTEXK5ufymYSfEFndCSSW,2026-09-11T03:46:21Z,sat,FHpcNSe6tb2n15bAdq4BkeYWGyZKFD7yLYrH92ng7wCT,3768.69,Y1EeJELp93R2nfe6WfKcKs9MAzoxb5oXiJQS3CmacVkr5VPMmvPsXxw46HXnejZafnRNFupTxsGQZTmpUDfZdbc
1789120674,AGi2s9zPRPHs3zEDPhPTroumTEXK5ufymYSfEFndCSSW,2026-09-11T03:40:17Z,sat,fRCgkW6gPQadkHxZrNxmR4obQ3eC2zMgyEPqFVzPyV8,2891.19,3cKdkBYabdid44bJgytgzAPgZvnKWnCRU35HYgPkrLAcv6dh7Ep8Pk8PHffZXtM4thLhgg6VQijgAoCkmbVh8jVk
1789120674,AGi2s9zPRPHs3zEDPhPTroumTEXK5ufymYSfEFndCSSW,2026-09-11T03:31:00Z,al,Cj3MuL7CHcF84bQGD4NpVhmBzAt3bACociYCqQXfBhK4,2950.4,41G9PUU3CdonuJ8vxQEDGnqYgNjrA1eWWuWtYrBizwtWXSjWgSck8BqVUQAKBRi4Z1nE2SKWvfXFi7MpQrp4zn3D
1789120674,AGi2s9zPRPHs3zEDPhPTroumTEXK5ufymYSfEFndCSSW,2026-09-11T03:29:38Z,al,FHpcNSe6tb2n15bAdq4BkeYWGyZKFD7yLYrH92ng7wCT,3983.89,5iZmPar41PqsCtznbMPVZym1ZU2CoHbdjy2QgUSxwtcWhiUxcmYBym6cPVcQhh5PziDhnBn5WsGbcDRVQRwWjTWg
1789120674,AGi2s9zPRPHs3zEDPhPTroumTEXK5ufymYSfEFndCSSW,2026-09-11T03:28:22Z,sat,5KXDF6QnqhBj72hDtJNkkpFaQVUfbFXNybMsp3DiK6tD,3729.5,2hHkbNYqvSQnrMxfGPGgBUR1SjTGD4oeMg81ST3MJM9rh1PWLVxKYPguHyRpLKfjDG4QThzRSebku4UYaHUE8esq
1789120674,AGi2s9zPRPHs3zEDPhPTroumTEXK5ufymYSfEFndCSSW,2026-09-11T03:27:48Z,sat,FjdRnztscTtamqMksbCjRMNgPEEXiMKRxn8zxsWPudWp,4993.3,5btWHf3JpEVXRAwJuJjoA2r7m5gruvs7eZKAi4B7VaeM7g9LpqYEDJGt1NbsN95pSR7C6jsMbVvtSfr1EEpui86V
1789120674,AGi2s9zPRPHs3zEDPhPTroumTEXK5ufymYSfEFndCSSW,2026-09-11T03:27:45Z,sat,FjdRnztscTtamqMksbCjRMNgPEEXiMKRxn8zxsWPudWp,4973.75,3t5o6CDNbYdu1hLAeZWacFt4emTLNJLTyC7BR1vtLXmQBJLCU2SuonTBGbdDdnTJe6bUkZ53UF5GfJGLLqxArNXk
1789120674,AGi2s9zPRPHs3zEDPhPTroumTEXK5ufymYSfEFndCSSW,2026-09-11T03:25:48Z,sat,BUBCNM8E1W6BdCj4YqK4VH96vK27h6jmQsyAaViMX9xT,2969.91,3yp5fhhdAm4pEuR5HfneFTB97nE3P6USxjYoRuvj9G8SyTzdqLvo3umqJFb5fsUX6rKr5Z2vfBWFTseiifybyXkj
1789120674,AGi2s9zPRPHs3zEDPhPTroumTEXK5ufymYSfEFndCSSW,2026-09-11T03:25:38Z,sat,fRCgkW6gPQadkHxZrNxmR4obQ3eC2zMgyEPqFVzPyV8,3038.97,3KVwgpNQwKEhXSAVTjZ6zYAJrAZiVrAzg2EbBBGGyDSpugBmNwYugGMgi4kwAuCpF4DG3biZEQjVPz2UeTXvbRrj
1789120674,AGi2s9zPRPHs3zEDPhPTroumTEXK5ufymYSfEFndCSSW,2026-09-11T03:10:09Z,al,FjdRnztscTtamqMksbCjRMNgPEEXiMKRxn8zxsWPudWp,2620.94,5tYp5gR8oXsHdGVVx6i6YYFyDk9h518rayD5emoit8WMgQdFw8KfMvgP3FRteKBpTDLkPoky1uyXKkfbhYGTgfXK
1789120674,AGi2s9zPRPHs3zEDPhPTroumTEXK5ufymYSfEFndCSSW,2026-09-11T03:02:50Z,al,B5WW9kLNEppTt1TEY2TjZEj4uuQBW7HceU3TfdF6v1Ji,6495.02,31mUqR2h7JnLdSANTZp1MxgDxnGVHQKha5HeU8oPqi3Y3uhthyAFYmpuEAcSLpJWWrST33nTsETBLe6zr98mv81h
1789120674,AGi2s9zPRPHs3zEDPhPTroumTEXK5ufymYSfEFndCSSW,2026-09-11T03:02:27Z,sat,AgmLJBMDCqWynYnQiPCuj9ewsNNsBJXyzoUhD9LJzN51,4869.71,2obzSGvChwUVoFD8Nc6ohepfCCsYnH57RmjF9CPDrmaWNzbnrkD3nrDCRivExD8uU5UpkZMuifmxMHKYNiN7nZZ5
1789120674,AGi2s9zPRPHs3zEDPhPTroumTEXK5ufymYSfEFndCSSW,2026-09-11T02:43:43Z,al,AjmmrnMkd4FHe7HZULcof2WZaR7x2ivdvNJwGcLJz2YS,3314.98,3V9ysLnWcLomshzoJTS3UbSjnbRKubSFhFzZmGEJMXD2Vt8KLeZ5buy6K5d7GB4yJwRAx98D17FR7GTPhv33VSoS
1789120674,AGi2s9zPRPHs3zEDPhPTroumTEXK5ufymYSfEFndCSSW,2026-09-11T02:42:28Z,sat,5KXDF6QnqhBj72hDtJNkkpFaQVUfbFXNybMsp3DiK6tD,5214.71,46SERtvKykLSBENR2PusRPRYVBidHCtYv1KSk9FnrtKssoc2nRCmA23Dv1zGeiqDyb4MKsvyCGLbHrSKtG9ghYWm
1789120674,AGi2s9zPRPHs3zEDPhPTroumTEXK5ufymYSfEFndCSSW,2026-09-11T01:40:05Z,sat,8uac8T6Wwm7fVSPm6mNwZPU7hxRXHuqy8uHGraLp8TgV,3512.75,3kzpmg9wzDTQhQfwHa8WiK8wdGN99QbAVrmya47ZYGMRboKK31ryL4Ut6gWFgmHKZVZmrLJG7AixkHJm7jRoCv3F
1789120674,AGi2s9zPRPHs3zEDPhPTroumTEXK5ufymYSfEFndCSSW,2026-09-11T01:32:24Z,sat,5KXDF6QnqhBj72hDtJNkkpFaQVUfbFXNybMsp3DiK6tD,3287.35,cbMTHdkFy98uZRjZT2Y1bZWdeWCYqYGkEinuSRsyQDRxPcum7kZd3eseKd1sz6aKK9GTSrr1MHZBAcFcwCrxxSQ
1789120674,AGi2s9zPRPHs3zEDPhPTroumTEXK5ufymYSfEFndCSSW,2026-09-11T01:27:36Z,al,2pvWEyGWz7MRM87gyoSQKpgDfrHxo52etZpoNzpp25Uh,3683.24,4WT22kePFgEzJwAy3a2AwswXorFX96XJYaqt5Mw2kno2WXx5aLSWsarRbLfYvv5Nv8sByKFuowex7pWJeiacPBtS
1789120674,AGi2s9zPRPHs3zEDPhPTroumTEXK5ufymYSfEFndCSSW,2026-09-11T00:50:56Z,sat,EXzsTXFF6SL2TVDL4w1VRWVXhorb83hbhLNrnGcjmgr2,3068.22,3b11TtqrsUYUiKRwYE6wRsHVdXwXahWuUnGMK2EEdyc2bHwyrsjLmixKY5iw89xVNGTwKuYEMUCwDFfx23eTkM8h
1789120674,AGi2s9zPRPHs3zEDPhPTroumTEXK5ufymYSfEFndCSSW,2026-09-11T00:48:35Z,sat,Ak6gsstZwaRDYKnzdyNg2HvCXDFvv21afjVix9VGRMQv,4623.18,3e2Yc29HZ7PsBqc2hxkNsCyqBe1bC4F2GMqYwPeBWaqbyEj8AqwS69edVHcRLRxmUDc85ffY3FactCiXtL5gqiod
1789120674,AGi2s9zPRPHs3zEDPhPTroumTEXK5ufymYSfEFndCSSW,2026-09-11T00:38:02Z,sat,CdhH3vcpW5Y6coxLPWQfK4zfuNEQmE6bKRprq1whnwkg,3135.73,yo3DpRCEzDt5XB6mgQgpeBTNSBr9iLrL1vsCUqLSqsjHDHuesnjYbXtLjMt2vP7kCzxvSDGcvYFcb9co8Yg4Ts5
1789120674,AGi2s9zPRPHs3zEDPhPTroumTEXK5ufymYSfEFndCSSW,2026-09-11T00:27:58Z,al,7PCPjVkV1ZDNqjtYBMNLKymEXXF4ebwznWth4qrbY75g,3379.17,vCWm6rNKD4BfU2cjV3kyJtJgfDF6Zx5zQGfjNp4uqxsHbYAcErAmbCzdDimtzWbvyAM2VPViJCtWSSFY1PWPdeF
1789120674,AGi2s9zPRPHs3zEDPhPTroumTEXK5ufymYSfEFndCSSW,2026-09-11T00:05:36Z,sat,Gu1w2tgGUHsv5BLm6veLRtMyXcpkTsUj6UnonQD54mxB,3160.22,2Q4BqyXbgjR538pU5Gh4LG6FYcypPt9XSPaHDAehacUXQRk4PWz8V7QpFPVkJjgDPRBEiq3heat3s6RxrGT7k3zz
1789120674,AGi2s9zPRPHs3zEDPhPTroumTEXK5ufymYSfEFndCSSW,2026-09-10T23:44:32Z,al,fRCgkW6gPQadkHxZrNxmR4obQ3eC2zMgyEPqFVzPyV8,3800.55,9RTYrFwJ3Bts2ZEDKMRcQvJMzo67PT6UUo8G8rewpJwUNzAPZhcHLtSmKdiGnqye1FN2mqtuwsKavgdznpPwN1Z
1789120674,AGi2s9zPRPHs3zEDPhPTroumTEXK5ufymYSfEFndCSSW,2026-09-10T23:42:28Z,al,3GEpTQDTM7qxexNKuCPhQCMbf1uPtifRNaLXstQ1Q928,3336.5,3mH3JPn5JRbzPM2aEJL5rRYMhGcVUuhWdJ2RJGzdkSLKrLLShq2e4Mrz9EGZJ1NRUKLrrBjkhg5VfP69ikrLqo5J
1789120674,AGi2s9zPRPHs3zEDPhPTroumTEXK5ufymYSfEFndCSSW,2026-09-10T23:37:00Z,al,AgmLJBMDCqWynYnQiPCuj9ewsNNsBJXyzoUhD9LJzN51,3240.26,tM5Cp1ePt2nYaYbJQ9MUivi7SYCEbN3CrrXVmwm79sn3JHSN4g86Ri9sxcKjHZRWqdGDqRNoBky2WWd6svJ9vr3
1789120674,AGi2s9zPRPHs3zEDPhPTroumTEXK5ufymYSfEFndCSSW,2026-09-10T23:28:11Z,sat,62xDKVBMSqmitE4M7KuqEyr9gLz6CUbKxkXEovcJRRdr,2805.08,5PKTsLABUmsHxw4XhTVZwGftwPX1UMyLeDjrCFRS6njuNWM55o4nJRxiEzWD7sKwzxLZbv6Xf46jHH99eBr9WWZ5
1789120674,AGi2s9zPRPHs3zEDPhPTroumTEXK5ufymYSfEFndCSSW,2026-09-10T23:18:11Z,al,Gu1w2tgGUHsv5BLm6veLRtMyXcpkTsUj6UnonQD54mxB,2842.01,2JWjkhvdtAhsCUg7XfJCungur9PFEK3H9gXNWDmKUTnShijeNaonPEM1ZocY63Z6eL2eF1zENzWDmEiLBw149gtN
1789120674,AGi2s9zPRPHs3zEDPhPTroumTEXK5ufymYSfEFndCSSW,2026-09-10T23:03:21Z,sat,6vKZ7P8mFZoyZnZkTp4gmfDFzA9gbXLHRq2AqFSK1Tzc,3796.66,YrV8gHNKRedhEU3hPerea3kBDCrnqRHvQ7o4aG5VdYZ4hUGuUee8MYJSvQqmRpsqTJNpjYjecgpj4qSmhTTLuDo
1789120674,AGi2s9zPRPHs3zEDPhPTroumTEXK5ufymYSfEFndCSSW,2026-09-10T22:45:49Z,sat,GfA5hJJuij5mazw7Sjqp4Zka1uHoy5t77XNuQCYHmFr6,2529.7,4nCf2jpkhwEKCUAZ99H7iuXER5WqYYRqH7JhtTT1Br3EV8m6VVshU8EFenCzJEr97FC2QbCsHvf1hMjCKXt61aMg
1789120674,AGi2s9zPRPHs3zEDPhPTroumTEXK5ufymYSfEFndCSSW,2026-09-10T22:31:21Z,sat,MriyaNN8TMp6qRWjfr723PK7xgQK7yCt7Kg2v2PQu7X,5950.31,2ohTaxaR2LLo6f642Sv9XpkJjAL1SUuWXH2QGi24uyBMU1a9DcT5SdxiDBM73hRDT38h7Q7RX2z68u4faofYBQm
1789120674,AGi2s9zPRPHs3zEDPhPTroumTEXK5ufymYSfEFndCSSW,2026-09-10T22:24:21Z,sat,5KXDF6QnqhBj72hDtJNkkpFaQVUfbFXNybMsp3DiK6tD,2619.01,4UFL4Lwxsnc3X1na9Ttw4dCcq7jFS6CF9vTVS7LLao9nSmJHhmgwMUEWWoLohnNxCxrunHRTSzSmzhd7bkbFHMg1
1789120674,AGi2s9zPRPHs3zEDPhPTroumTEXK5ufymYSfEFndCSSW,2026-09-10T22:23:31Z,al,46cLwmSYR2acfKkFHGEqy1gRxC3kkKaNcfaGk5jLxB5b,2596.6,4asT79CxkWBDpLynB2MvySG8PGnFpCFnc9QdRyKfrzJmR8WHMqegL26nxyupNnhQ5V7w8yTSJRpfLLdrrBvCGzq4
1789120674,AGi2s9zPRPHs3zEDPhPTroumTEXK5ufymYSfEFndCSSW,2026-09-10T22:21:18Z,al,DbKT3Y1LJqizYj44zo7Gowe3ziTKLY9Tk2Sf2CCuFRgK,2639.45,3MxfJfyn8w5P6j7RykNDGkViusr2HUDJ2ySZNhiw791zyKdWrQgxQiA6b9SccW4B4mVEysRj4Z2pwyyQi4J4stv2
1789120674,AGi2s9zPRPHs3zEDPhPTroumTEXK5ufymYSfEFndCSSW,2026-09-10T22:18:46Z,al,AV3iUs32AJnia6twy6vcPbKrzGpqsETc1nRRwkUQWgJq,2843.41,L8YpLCEVJYsfF8jMoJAKUURx4EmSmAGA69yUXBVdQA8QnXADSfwiXCfgy98x9AKiuMPMwjHRcezusmS2b1sQQAF
1789120674,AGi2s9zPRPHs3zEDPhPTroumTEXK5ufymYSfEFndCSSW,2026-09-10T22:14:07Z,al,B1cknPhfJx1GPTtRTEC5vD89xVZxWfdSZM5QqsDTzamm,4146.39,3MCWNmyFhS4HocGeZgMUe9PLabYiDsMANkwmRXXdqgL7DVvmVdEHxEdvahzQZRUqoQzsev2jf2aDJQ9ah2J2JTk8
1789120674,AGi2s9zPRPHs3zEDPhPTroumTEXK5ufymYSfEFndCSSW,2026-09-10T21:20:29Z,sat,7eNRALuXYUJkUWTvRj5tcB7tcT43kmT5SNdkfy9fKTto,3747.82,5s8tUPMABJT1n7zHxYY7DneDdHT2hUoXfk9sJpa3dZuZvyEkurRVbQ8sYpx8JY81Nu6u4xzcvXkhiSda7bFXsPcN
1789120674,AGi2s9zPRPHs3zEDPhPTroumTEXK5ufymYSfEFndCSSW,2026-09-10T21:02:11Z,sat,9bV6iCKENQZtZMdQkEeHmPBLXxgVPJHhvTESm7DzsbxX,4793.02,4GxDGVw4tTjHcjpr9Bx6X4237EsNJ57f6ZwpoM2MJogFUmXNEUSS2CkYgAEHfAeU1VQAEQw1EHpRSXcKzWRVN9vW
1789120674,AGi2s9zPRPHs3zEDPhPTroumTEXK5ufymYSfEFndCSSW,2026-09-10T20:53:15Z,al,TyGoi1ZcfupVVz7XjTPNSf7SPtcWfE72TxmEbdEdcQB,2574.65,iXAMETikrLMTrpLsgxguUPwMGJGrVJF77BPqDWVHoVSr5MGV17N1AYDa4Krek9rLWvAUNBZ8e5zxm1SZcNTHBWJ
1789120674,AGi2s9zPRPHs3zEDPhPTroumTEXK5ufymYSfEFndCSSW,2026-09-10T20:46:47Z,sat,7eNRALuXYUJkUWTvRj5tcB7tcT43kmT5SNdkfy9fKTto,7325.29,3bS8GV7UTJkigY3F19odGjBg4vkd454K6WhXjURJjvwgHhJjr4oeN3o6nxjAtbX54VZUdJRUS7XppwLcboTGm1U
1789120674,AGi2s9zPRPHs3zEDPhPTroumTEXK5ufymYSfEFndCSSW,2026-09-10T20:40:24Z,al,4umULacCKXzGxUdf7aiWjP47Rav9VrdBg4z7HzxmYTcq,2918.88,4Z97gRxMm8gnDkGuRCDsW9u7iRuaeJEjWxPvRxi86WqQHSwJ12fpEUWPqYKiNCtym8gwyzCHiQW8964y1cog6XPM
1789120674,AGi2s9zPRPHs3zEDPhPTroumTEXK5ufymYSfEFndCSSW,2026-09-10T20:39:25Z,sat,AgmLJBMDCqWynYnQiPCuj9ewsNNsBJXyzoUhD9LJzN51,4541.44,5nBravBr6CZfpejsUwDu8Mzb6JrZ8Z5AFVQffbunYZscGtPcp2Zmu415MxUALTRpEv46wRY8GomQJixRgNFTQZba
1789120674,AGi2s9zPRPHs3zEDPhPTroumTEXK5ufymYSfEFndCSSW,2026-09-10T20:39:01Z,sat,7eNRALuXYUJkUWTvRj5tcB7tcT43kmT5SNdkfy9fKTto,7241.25,36ZiGdxuX2Jn6FEzAeHt3LKaQHEqysSQ78QkjvEeUnMFG23fSPpbwEL417d1MwvxmxuYxwt1enassGDVQnLRzPXW
1789120674,AGi2s9zPRPHs3zEDPhPTroumTEXK5ufymYSfEFndCSSW,2026-09-10T20:32:52Z,al,6qptRm4j4AkTofAtX9qi3EyD4t869SPdCbG5rSh8m6Qk,2989.64,sdFr19xEsUxuXu2mE7ujSvkRAAqE8E6beroh7oYfDt97zY1gixFBZVvnkfo57QFgfbV1w4LCnKCrk3hUWfS9yNM
1789120674,AGi2s9zPRPHs3zEDPhPTroumTEXK5ufymYSfEFndCSSW,2026-09-10T20:29:35Z,sat,EzJqQxx2nhdi2An8Snn3SUh7RjtgRgC4FNoKPdA4Lryy,3734.08,2Yg7y3SYJFNTbgpKF1zXSVzotZkQJk3QWPi7dVDd9XNUWd1kzwCjt6RvDTDfTprBPmaMyuhKo5f1XJmL6uaMDmGs
1789120674,AGi2s9zPRPHs3zEDPhPTroumTEXK5ufymYSfEFndCSSW,2026-09-10T20:29:20Z,sat,7PCPjVkV1ZDNqjtYBMNLKymEXXF4ebwznWth4qrbY75g,9081.63,3iLx9NeVQ1WfW8N63kYRYGxV8Pu2j5aomKbzajTY3uiSBgxubGMNV5xANW9widtCt3aFGR1mUNc9p8xD14bTzsZu
1789120674,AGi2s9zPRPHs3zEDPhPTroumTEXK5ufymYSfEFndCSSW,2026-09-10T20:23:32Z,sat,2N25eafTF93t2KsK743q2oBPbdpjdSbaRYPQbd6opnkJ,3433.36,5hnnAmsQwWs1NKvtd8M58T87Uc5KFX1YiZMDnK9z5pULQrgWHB1mhXCLJ8nJkmC9RrREEPiA3aF4J5MHJKDf6Jqc
1789120674,AGi2s9zPRPHs3zEDPhPTroumTEXK5ufymYSfEFndCSSW,2026-09-10T20:22:07Z,al,woQZigHfLGHje85cjhXr5Y6uUiau2Q8p65N58EQj328,3360.5,3tXEvBaLsjdzLvxkHwpAHWHjEQ91Aj6sjziv4uzk7Wqi4yuV1sLz2eLCBeHCv8yTy9fC5CStneHQVE83h8Q32rD7
1789120674,AGi2s9zPRPHs3zEDPhPTroumTEXK5ufymYSfEFndCSSW,2026-09-10T20:19:10Z,sat,4aekHNeRtBVnmzHZK7CA13HZQUc3Vt3Zk7AtiSyBASJS,5341.0,8HXsbmhieixU1ePseBQrjTLk52bVcAoRmKR2AmJoKmk3fcNLFnGGkm6Pu56N8vTD4yxKeT9MtsU7ZAm8GzgrHkC
1789120674,AGi2s9zPRPHs3zEDPhPTroumTEXK5ufymYSfEFndCSSW,2026-09-10T20:01:40Z,sat,5KXDF6QnqhBj72hDtJNkkpFaQVUfbFXNybMsp3DiK6tD,3963.37,2SakoZMHukHVerHf4PEeHeLwhEkEgpLiJuFSpkiLgFvWDAh1yPnDdQcLA4c1uWsgNsAoanM7VP5ViZbRweky3EZ4
1789120674,AGi2s9zPRPHs3zEDPhPTroumTEXK5ufymYSfEFndCSSW,2026-09-10T19:56:18Z,sat,DdL6Kgb7aktrRN7vXJBhLU1jQJArPsTnnki45YqHii1M,6052.6,3ScekJBA1d3GQgELLR6iJKx6qwvY68Ksao45959tU9Cv89Z8VbHAvLayAqWFTag3Fz9YkM4ZXBgqj9Zvpum3koCt
1789120674,AGi2s9zPRPHs3zEDPhPTroumTEXK5ufymYSfEFndCSSW,2026-09-10T19:56:09Z,sat,DdL6Kgb7aktrRN7vXJBhLU1jQJArPsTnnki45YqHii1M,3239.3,48h5YVPCdTMzxGo8tSMUAAKJNJn4w4G2MDWdhg26S5NSiLhKhtou512na46nMY89vKaWeKnaEtK7wNza9HBU6Rks
1789120674,AGi2s9zPRPHs3zEDPhPTroumTEXK5ufymYSfEFndCSSW,2026-09-10T19:55:46Z,sat,2E1g7f7AYSJkUkzMbkwP3QkuawHWDqWbU6Lx39agKsPs,6691.87,366GQxcmCBuLt4gzCi3B2pVEepq9wU5bWwDV2Gm62R69E7R2yKvnxxuwPJMLu64e7NiotXxTLfoHNVmg6G5AEDm5
1789120674,AGi2s9zPRPHs3zEDPhPTroumTEXK5ufymYSfEFndCSSW,2026-09-10T19:53:59Z,al,x2cHXq8iF5kcMWXnQuyXFQhFGm617NpX4JitxXpF9jF,5922.81,jrzF3Feo9wjghLYJrpprrAaDrn9RkkaEakaAA69onyoBF4goqXmXYtZmuXWsS7uYGdZamrdx6VkHKZpFRpsVtcN
1789120674,AGi2s9zPRPHs3zEDPhPTroumTEXK5ufymYSfEFndCSSW,2026-09-10T19:44:47Z,al,woQZigHfLGHje85cjhXr5Y6uUiau2Q8p65N58EQj328,5487.61,28smXTknHKdLS3a7wRGk62Ceyfdqp6BenQR3KiijbmjGSv51nHTumLtPWZ3TWnEMzorc8LxeNEsYsgxvq7QWdRnY
1789120674,AGi2s9zPRPHs3zEDPhPTroumTEXK5ufymYSfEFndCSSW,2026-09-10T19:41:57Z,al,HXpJhVrbdGvnaPh2zpex7boUGX1qiRTL5ZNhmV76pBpC,3956.02,229YW27SRnXnikVnr3WaoxD74wraTooFijquF3DoP31P14BhPF441VBiyG2kqS5nWQFLojf7cpg6g6Xszdf4P1Eo
1789120674,AGi2s9zPRPHs3zEDPhPTroumTEXK5ufymYSfEFndCSSW,2026-09-10T19:31:24Z,al,QV5NgsbMhsy5BbdhFH3jGkkieCrV82KYber8JAPWRir,2818.53,128fxuk572ULwjNzBAeNjW3rCSQ356t3FgnvHQYh3B5eVFX5NpCjCmQhAqGRDHJYF1vv5HVppzDUcfppDk4Rtfet
1789120674,AGi2s9zPRPHs3zEDPhPTroumTEXK5ufymYSfEFndCSSW,2026-09-10T19:27:34Z,sat,3m26rC9aSqMd5Li1mMLogMcuUYVQDMq4wwAxRpfLeGwe,2648.04,2kbqJUCTybKQwNMCDxmjg4mwyjeSxKLDVZkmASrW9sqyKKjKKfxqk2aQkPD35tz5879dhHUrYnyzn76KoqnU9sui
1789120674,AGi2s9zPRPHs3zEDPhPTroumTEXK5ufymYSfEFndCSSW,2026-09-10T19:24:46Z,sat,9H7nQxF1vmrr9fjcE55Y9RoTb1uhKtE7934y8Ww8oijr,2514.15,28EN3nMmVnmSRY2uuHw7PH9RUcMuBkcyi7HPCjzzj6dTFyH3BZMzFwDT52iLceQAu2LtzMNiMCsMfWEha7EUowig
1789120674,AGi2s9zPRPHs3zEDPhPTroumTEXK5ufymYSfEFndCSSW,2026-09-10T19:20:06Z,sat,5KXDF6QnqhBj72hDtJNkkpFaQVUfbFXNybMsp3DiK6tD,2663.45,3sAS7GLhDowuggrsVqboKJSQBv3yMZbo8c7obr6BuzJpzD8YgYa3EX1kQj1jpBsJaEsKwrp6hT34Jn27hLDtXEqt
1789120674,AGi2s9zPRPHs3zEDPhPTroumTEXK5ufymYSfEFndCSSW,2026-09-10T19:16:34Z,al,HXpJhVrbdGvnaPh2zpex7boUGX1qiRTL5ZNhmV76pBpC,3472.79,2wkjfGQyBXQVvkXiuiWsa84tnX5EZgBe88dpNsZuKv1Shk6wbkdSiGEHrL1kS5qXj9H4PCpAHwPXwQC7CQjrVu4Q
1789120674,AGi2s9zPRPHs3zEDPhPTroumTEXK5ufymYSfEFndCSSW,2026-09-10T19:12:10Z,sat,8aAUEJWFUcwrUm9BRPnGLjXxS3QTwbWVgYiPK3a6bkhU,3810.17,3HjhhHD2DaR6X9JufGpruZXiAqEvycZYyr55XvYEzpqn114h7cuBWUGmcKzaMPE8hNRPKyaVn8i3x3PqM1QNoANT
1789120674,AGi2s9zPRPHs3zEDPhPTroumTEXK5ufymYSfEFndCSSW,2026-09-10T19:02:40Z,sat,3putP2pu4LfYXXPqujxuxfFo6qzdyeqYK7NkagdfRyr2,2851.47,7nBjKiUv9pFZNuNpmKGu3D5s63dArq2BrESi5T8QqGpgLM6geBJTcW8KzK1NcyNbBVf8JRQxPfZPdKKxCf8PtcJ
1789120674,AGi2s9zPRPHs3zEDPhPTroumTEXK5ufymYSfEFndCSSW,2026-09-10T19:01:39Z,sat,FwVwZA7hDckiXJ1ahLS9SToX6GQoWnMNFKYr2nV2CzuN,3657.82,2BfKs8D9q7vdvMrW18ba9HGvgnrcQFZMzy4qpoBXyYn8QMStqBmkPG9AunSCUr8jLHAdyBjfY5rkDTHiBDneZ6q5
1789120674,AGi2s9zPRPHs3zEDPhPTroumTEXK5ufymYSfEFndCSSW,2026-09-10T18:57:33Z,al,7KPhAsKH9d2BEoHAfkAqurPfk5Db2Uf82H4NeppSnwu8,2997.96,M3QJJDe1P4tpWcfSf2XouLSdgonuA99TnPYRJ8FvujwdchJQZKGHXKiUJM8jQLkpW9AkWe2AvtfHJDMfgCWSTTb
1789120674,AGi2s9zPRPHs3zEDPhPTroumTEXK5ufymYSfEFndCSSW,2026-09-10T18:56:28Z,sat,CR8C7EkkYrxCSfAWV43pq82iMFyc7J794pyGN66qAjgb,5354.79,jRNywZUwQQkJoABsgQT8B8vextR69EymeTArJe55aCGi6VGhxr7EDSTYM1WKSSkzgQwsZ9Xrpyds2fG2KhLGfhM
1789120674,AGi2s9zPRPHs3zEDPhPTroumTEXK5ufymYSfEFndCSSW,2026-09-10T18:54:13Z,al,2EGcqkFurLAtATX5it9CkMdrU1vocwTEjGuLEq5syGiU,2565.0,5F7G7mn6DgBS6qTYZCbz5xAeTTUFTZkQXhemCAUkmZW6DcCqrWFWuyqQnEhV9uYVX7iVzPQiFrh4CTzsWncgEGDT
1789120674,AGi2s9zPRPHs3zEDPhPTroumTEXK5ufymYSfEFndCSSW,2026-09-10T18:54:02Z,al,2EGcqkFurLAtATX5it9CkMdrU1vocwTEjGuLEq5syGiU,5038.13,2YcxHCt2vfWDadpavizqqELXaUJ4R9qzhBGv8H5uQS3H6xEn2qpg6L51A1YegfRCmeoBELCSEFrPjyJQ5h1v84n2
1789120674,AGi2s9zPRPHs3zEDPhPTroumTEXK5ufymYSfEFndCSSW,2026-09-10T18:48:48Z,al,J6Qv8nyWPV2vReXeSUTMyaaLn2KuGWSpktYV5GJEwWsi,3251.26,3WPUra7mqpqzpVTbKrmgU3XV3WDdaAzS3fW2cnAvmVrTSBGZXKZPYj5LQA7d3U5KW2Wr4USQd84uJG2gpy8ZLUQo
1789120674,AGi2s9zPRPHs3zEDPhPTroumTEXK5ufymYSfEFndCSSW,2026-09-10T18:48:24Z,al,FHpcNSe6tb2n15bAdq4BkeYWGyZKFD7yLYrH92ng7wCT,4996.31,2R4DvMuE9CoEJEKftVhrPHjbQnaDF3GyumrVkeXKqYaU5Aw8XPPtiYVqXHMNdirnDZmaCLDGnPwVwRMpWSKBZ1LM
1789120674,AGi2s9zPRPHs3zEDPhPTroumTEXK5ufymYSfEFndCSSW,2026-09-10T18:47:13Z,sat,2EGcqkFurLAtATX5it9CkMdrU1vocwTEjGuLEq5syGiU,8571.64,5wowWDJwc62GivL7pt1TYe8xhPid6773Bd2241QMQMVquuFwW3dV7v3x1CMgvgfHqqrrorNKdprWs5iiXTpXZSSY
1789120674,AGi2s9zPRPHs3zEDPhPTroumTEXK5ufymYSfEFndCSSW,2026-09-10T18:29:17Z,al,2QmqCe1sX4cxJv1yZP8FxNJjmo2jQVJePLdYXxkBhpgA,3511.48,2q8Jumxj1v6c7LFqd7dbsAEz9xxRxeGtw8SBECR53sSzDYn96Uk4FykrkJeCEykTxnv46UXGtrSEU7y5krYJY9XG
1789120674,AGi2s9zPRPHs3zEDPhPTroumTEXK5ufymYSfEFndCSSW,2026-09-10T18:29:05Z,al,2QmqCe1sX4cxJv1yZP8FxNJjmo2jQVJePLdYXxkBhpgA,3130.8,5SNpaBVqRxctwXLzV3KEFrtsPhysxA88dLKxciKNKvoCTTBwyDTHk84MhYsMi3ePvzdxriDCmBS2766bALrNSrPJ
1789120674,AGi2s9zPRPHs3zEDPhPTroumTEXK5ufymYSfEFndCSSW,2026-09-10T17:58:50Z,al,A1hQek1fwRttDUWqR8BtCo8GL9qk84DMVU3E6xMu7gUf,2991.75,ddXhRARTBuUaVSr3x9p5rJqZZu8jL2nvC9n1qXYJ4NfUMLNUfW8mds1EiQZLzK3wzLARM1w4JYaFjPAP1b9VFkz
1789120674,AGi2s9zPRPHs3zEDPhPTroumTEXK5ufymYSfEFndCSSW,2026-09-10T17:56:52Z,al,FHpcNSe6tb2n15bAdq4BkeYWGyZKFD7yLYrH92ng7wCT,2673.88,4D4tq1PyaddXRzJMgssmRwC3jWgVHNqvAK3ACnaDLwfDFzcuWCEMctUdoeizavBPFtUSHaAGex1gync11JVKZPPH
1789120674,AGi2s9zPRPHs3zEDPhPTroumTEXK5ufymYSfEFndCSSW,2026-09-10T17:37:06Z,sat,92iXASct5oKvoJ6Az8vxq6YsFzzv3CPdfNRKXvDbinS,2792.46,3KPMwJLo4MQFuBLvfNs2f58sqv9ZQ8h9L7ZZZwg3tWDJrWY9M2K3N4Q4K5eX8EABHvdvHJtHMYcB5SfipytHXirL
1789120674,AGi2s9zPRPHs3zEDPhPTroumTEXK5ufymYSfEFndCSSW,2026-09-10T17:35:32Z,sat,FjdRnztscTtamqMksbCjRMNgPEEXiMKRxn8zxsWPudWp,5325.13,44vYcJf7HxX3YZA5JDossnU3qLXvRmCJU8o7pHnW52hw5Qm5vB8dqbkrjT56jZRvUi7WtA4Mif9BZ3SUrNnB3jwT
1789120674,AGi2s9zPRPHs3zEDPhPTroumTEXK5ufymYSfEFndCSSW,2026-09-10T17:18:00Z,sat,EfaSUnv84nforXCpKGkUVVKC3wy39BAoKegVe7upnqze,3699.37,5W9tc9W5iDf8hWZocXbMG2mzJ1JEhGU2E29e7RedYL8r5SmmRvnrwGJdmk26cmBfvWfob5LbtnMA1UePrrymJWpb
1789120687,AaEhFTX4naHSWSXz9TVe5QgLbtSLT8ZqYJGZzDDcoroh,2026-09-11T08:47:12Z,sat,4aTQyZkYY1hLHAUjvLGQJRHsSGLTQb8orcUNCjW1VTd8,5727.3,5QfiUV13YLQhSFbSXuwURA4GkQbWWUxdf2kM3ggRNKkEEZGdW2fmDsNU1HYVJeKyoeF6Zuec1FNVqv7ZaR8Pn9ai
1789120687,AaEhFTX4naHSWSXz9TVe5QgLbtSLT8ZqYJGZzDDcoroh,2026-09-11T06:58:17Z,sat,GdSmhYHGFjb1QRDJ3dtpbA9TYNJaqEJsZHuUxpksEKNN,2926.31,42LbKvAeo417i6i4fH99crZi9EEkEQyJdEwYopPg52ScPtAxQX3EcgJRkfyqEGXrw86NiEsuE9GkXGnB4zaiFjmD
1789120687,AaEhFTX4naHSWSXz9TVe5QgLbtSLT8ZqYJGZzDDcoroh,2026-09-11T06:37:12Z,sat,7cpnNacfNBP8m95PsXFRsVCz9unQsrVEBHbeZNvtCTCv,3856.4,5LqpjKKhdKUqKcSQnn37qDsN2YB5Mgvg8pimmQdPRKWsyRj3PxXvycpub1dSWX9xsPUtsgeAz9fJ1QJ1Cf4QRSLX
1789120687,AaEhFTX4naHSWSXz9TVe5QgLbtSLT8ZqYJGZzDDcoroh,2026-09-11T06:36:27Z,al,69PtGh47jJ7ypzUQwFfbKnVzeUEEH5GP4kvxhMpXGkCe,5867.85,8u3A1UtFZPY6VvQ4CWvd35EWrxtQHnPL5EQ3gWuo9QUaCr8UBd9EecQhkUUvKQBn8PitCCDuJcKmsMcF3yvS2d1
1789120687,AaEhFTX4naHSWSXz9TVe5QgLbtSLT8ZqYJGZzDDcoroh,2026-09-11T06:29:46Z,sat,AgmLJBMDCqWynYnQiPCuj9ewsNNsBJXyzoUhD9LJzN51,2795.37,2UHTkdb2DtLt8ZTMuQS17u2tYXYf49SoqayycdiUHLL8UKfxsHxK35SBXpgmBTmocMw16kj5N5jVE9tCkfsxf2Z6
1789120687,AaEhFTX4naHSWSXz9TVe5QgLbtSLT8ZqYJGZzDDcoroh,2026-09-11T05:27:38Z,sat,H6PEtpaDddtPEQjvGwEq5y7nF7WpNsTNy73m5h97oTye,2655.4,o8r5BmWS26SbW5Jyj9rFtjCWbFkXfRrizFG9WZdFJshincz2z6E8rdXu7JELQx8SMRNzaY4oufQejMYm48TWDmR
1789120687,AaEhFTX4naHSWSXz9TVe5QgLbtSLT8ZqYJGZzDDcoroh,2026-09-11T05:27:27Z,sat,AnLrhVnVebuaYsVMwPsgKaMQc5954GiFTuTJnCyJBLgt,4028.96,64vMzoigeq5QfqXe6Se983rF35mKfHmgxinvGHc7vp557CLRpQebdcG1GT5oefZRf1BejKfcPp1GQBbYMGGTqcpq
1789120687,AaEhFTX4naHSWSXz9TVe5QgLbtSLT8ZqYJGZzDDcoroh,2026-09-11T05:19:32Z,al,6wXNvFND3VnHdG1ePtcuZjiipSraHAL1Wdeyx6SKKcXi,2984.22,29gh1vVRqKwwG5JnR15ZwSbTTqkdPRdKEMgWeqbLXPrVGSSbixUv4aZtHvAKDVAq2tyHQSLb2xQVQqeaYb57iQaJ
1789120687,AaEhFTX4naHSWSXz9TVe5QgLbtSLT8ZqYJGZzDDcoroh,2026-09-11T04:58:44Z,al,2snHHreXbpJ7UwZxPe37gnUNf7Wx7wv6UKDSR2JckKuS,4278.27,2zvA3U8Fk2RHjYo4y3NC6xzmrCP9SpdZy5i6mAXgdq8gF8d6ufaJK4mQ3e5ADUHuHkzDHPaEcoLncs7VNp78wmc4
1789120687,AaEhFTX4naHSWSXz9TVe5QgLbtSLT8ZqYJGZzDDcoroh,2026-09-11T04:55:58Z,sat,Eq9dFGxU8BUAsFQ4itVzuWFTAd8ae9VDHXhWTHnBRrEy,3135.67,4XcsgdVkFeWiAJQqLmrC6q9cnDkfmu5hWeYoAoWoeCHQG8KZpvzgm5fZ5HhjmJWmptLymTcFALLGWdQdRR4NPRzW
1789120687,AaEhFTX4naHSWSXz9TVe5QgLbtSLT8ZqYJGZzDDcoroh,2026-09-11T04:38:54Z,sat,FHpcNSe6tb2n15bAdq4BkeYWGyZKFD7yLYrH92ng7wCT,4166.13,4ergWyxjGQ3ifpNgCADyZEQrJdeTsksmP6BQRPKa2efvGgKLT3155K8sxcpZD916icrasmLBkPhGiRDA2QY3cPpS
1789120687,AaEhFTX4naHSWSXz9TVe5QgLbtSLT8ZqYJGZzDDcoroh,2026-09-11T04:34:10Z,sat,2QmqCe1sX4cxJv1yZP8FxNJjmo2jQVJePLdYXxkBhpgA,5923.86,2w7VcGcFVgiS9nnZ62tXLXyLrDWk5gP4oj3LWrwndKhr57yovTcizFApXd7wJLeSBsKXvkqFHcZsgSxmW6PyvHGQ
1789120687,AaEhFTX4naHSWSXz9TVe5QgLbtSLT8ZqYJGZzDDcoroh,2026-09-11T04:01:57Z,sat,AJAF9b8Ei2fJPVAnuAiypyAJPRLCsxSosqzrVEbMAYBd,6094.53,3vkbaibWuqbff2K5tY8sQZAhN6aHUsUoYvkqqMG7hLqksBZRZi9YkaXuyzS3H8zhG5EfZnvGSWusYb7imzuimaYn
1789120687,AaEhFTX4naHSWSXz9TVe5QgLbtSLT8ZqYJGZzDDcoroh,2026-09-11T03:57:34Z,al,2QmqCe1sX4cxJv1yZP8FxNJjmo2jQVJePLdYXxkBhpgA,5694.95,4iSZpJDXSp6HxkdujYMCoPKzVSzh1RPACTfVg9JiRHNcYwwaEiJK6Pcd1zMe7cQJa7ReeN53iRrzct4GvsKJ55Vn
1789120687,AaEhFTX4naHSWSXz9TVe5QgLbtSLT8ZqYJGZzDDcoroh,2026-09-11T03:57:28Z,al,2QmqCe1sX4cxJv1yZP8FxNJjmo2jQVJePLdYXxkBhpgA,5925.74,5EMUxYy1LU7UQYfT86woRc7nhtHwv2KePsriCvsAcbMhhA3aprXuEi8V4bJ6k6kawXkFtr3DDH6NgUQkofYs93oF
1789120687,AaEhFTX4naHSWSXz9TVe5QgLbtSLT8ZqYJGZzDDcoroh,2026-09-11T03:56:22Z,sat,5KXDF6QnqhBj72hDtJNkkpFaQVUfbFXNybMsp3DiK6tD,2784.62,3PUayjPWXRKkbbSuW6U89QJEwmyfUU6WUAvbPdfuBvcuoF2mjHh9GJbwAxCwB6RYkCdtbeg9sqTxiM7LAbgYD4e5
1789120687,AaEhFTX4naHSWSXz9TVe5QgLbtSLT8ZqYJGZzDDcoroh,2026-09-11T03:54:18Z,al,FHpcNSe6tb2n15bAdq4BkeYWGyZKFD7yLYrH92ng7wCT,3982.06,3Z3aDrEJ6fq9ABZbhPtRdHUBGdwkRC4YJYg38tFBnBHp5tAghPvQAgKuKNhj4caSCpHSkegApsM3T2y8UrWNGbjx
1789120687,AaEhFTX4naHSWSXz9TVe5QgLbtSLT8ZqYJGZzDDcoroh,2026-09-11T03:53:23Z,sat,GL8gf7VZjLYvX7k7AuR1YTtvTxsCGqZTYJqxaUauA7JV,5374.09,32i3nwis7UQbNAkUwtA4QpEJCdfBBjYQV7ARyEzi5MNYzJnd15aPVDBEVuT3Ps13oqCgG1cmWqM5d2A9SkgcDngm
1789120687,AaEhFTX4naHSWSXz9TVe5QgLbtSLT8ZqYJGZzDDcoroh,2026-09-11T03:53:10Z,al,FHpcNSe6tb2n15bAdq4BkeYWGyZKFD7yLYrH92ng7wCT,4983.63,5vWhrRTQLkF2g7fo8gF7bHuYBRFAbhS8Y7WR4QKoNGrfKDCGxnRvkRDFeCQ8N136CGGt3LV8NmrYss4ofGnv2KvY
1789120687,AaEhFTX4naHSWSXz9TVe5QgLbtSLT8ZqYJGZzDDcoroh,2026-09-11T03:53:00Z,al,8deJ9xeUvXSJwicYptA9mHsU2rN2pDx37KWzkDkEXhU6,4947.72,5NSzmRgfWwA6WnekBHq22KTrvdLckTv1mD5JyuydeVf6HTu6hGuu2tzmsJS65GFJD43M5MmxHZScig5pmmRi7s3H
1789120687,AaEhFTX4naHSWSXz9TVe5QgLbtSLT8ZqYJGZzDDcoroh,2026-09-11T03:52:56Z,al,8deJ9xeUvXSJwicYptA9mHsU2rN2pDx37KWzkDkEXhU6,4983.9,4cSV7JmRDZyNSiKQztQni4gyVy4Nm6yb7f1XKSebUuTmuabrsL4muqukKuVECxBmCNR7E6S8EAFWNyUWKuKtxtHy
1789120687,AaEhFTX4naHSWSXz9TVe5QgLbtSLT8ZqYJGZzDDcoroh,2026-09-11T03:52:03Z,al,8deJ9xeUvXSJwicYptA9mHsU2rN2pDx37KWzkDkEXhU6,6954.61,78pnmZAws3bnncyLvfEF9qoB2nRce55yPiNRTXBXLVeGV8bCuRQskYaEpVspgCdwrpKgcqY5xeXziRrWPzqFbeL
1789120687,AaEhFTX4naHSWSXz9TVe5QgLbtSLT8ZqYJGZzDDcoroh,2026-09-11T03:31:33Z,sat,AgmLJBMDCqWynYnQiPCuj9ewsNNsBJXyzoUhD9LJzN51,3515.93,3Ttzvio3zZ3VumVmThxVQvDGsS34sz84HLdbqFTsecGkfn7zrkdDCE7EDu8bwrE1Gg23XxgFH65eDqXs7FByr6R1
1789120687,AaEhFTX4naHSWSXz9TVe5QgLbtSLT8ZqYJGZzDDcoroh,2026-09-11T03:31:05Z,al,9kGPGogkW5TbjVtRNBY6XbBNRguH93sjnvmURZR6qGiL,4219.73,3Lj4nJAAVkM4gNtYnaydyjdAEkYwyU8Mq4PwRRPJnCFgSo1kcoa6WfYVmbitBrJZkqEUh323siMRBxHKfHejzFZd
1789120687,AaEhFTX4naHSWSXz9TVe5QgLbtSLT8ZqYJGZzDDcoroh,2026-09-11T03:30:13Z,al,9kGPGogkW5TbjVtRNBY6XbBNRguH93sjnvmURZR6qGiL,2880.57,3Jz99G6yP9sAUAeJunR2FGLLZbfoMgcNrhaLvuSYJRb9xAEcHNVh7JmewFDRTkHFZM4vFqCxuHLjwvHN6jBDPXV2
1789120687,AaEhFTX4naHSWSXz9TVe5QgLbtSLT8ZqYJGZzDDcoroh,2026-09-11T03:28:53Z,al,9kGPGogkW5TbjVtRNBY6XbBNRguH93sjnvmURZR6qGiL,4242.6,5FEXQeENNXdqJrKd9Eqo4MfM2ZfN9XxTj9bsrE1iW2EnUzWviM4Mi1UNBwWrQsS475PDhMXMFGwtqGiCXg865XSG
1789120687,AaEhFTX4naHSWSXz9TVe5QgLbtSLT8ZqYJGZzDDcoroh,2026-09-11T03:25:29Z,sat,HsB8RvSRfjBwibevxzm4VtTRTg69rFVaaDx9R5KB9Ag2,2809.36,3DAFuEyYDt3Qz9JV4pYvrPxnGKbSBCaxDgFK4mpoCgLXu8vsKq5WKdL5TJntoNekWGgppa9hcJhzocTnaENRFJqy
1789120687,AaEhFTX4naHSWSXz9TVe5QgLbtSLT8ZqYJGZzDDcoroh,2026-09-11T03:25:29Z,al,9kGPGogkW5TbjVtRNBY6XbBNRguH93sjnvmURZR6qGiL,4228.91,5YMaq3X7XneLA4CcUcNiyRuxtyGEqBMCwTkN6TrWwLcDA9zt5izfu5YotkGQNBnMr1eiRrpKGe91iK7ebeSSoDyA
1789120687,AaEhFTX4naHSWSXz9TVe5QgLbtSLT8ZqYJGZzDDcoroh,2026-09-11T02:50:33Z,sat,HzfxNuiqakFvsmfLueVtgwXaJKJcoHNexA7T8NPBBhXw,3177.42,2wmSwJXUezvdgQTfMhhcuVDE2SjNtcMunkfkZQAujTStT5XXHsgpaAnr31dszxpKWnKzwaK9DyZc5N5GZwsPqGro
1789120687,AaEhFTX4naHSWSXz9TVe5QgLbtSLT8ZqYJGZzDDcoroh,2026-09-11T02:21:56Z,sat,GL8gf7VZjLYvX7k7AuR1YTtvTxsCGqZTYJqxaUauA7JV,5738.17,386795edz7FMb4HPPry7Cx3YSwppyDAzU6mifbVTUHDXgTHS39c1xLeCw6HqBngBD79DYYm9NCZ46euL5kxrxA5L
1789120687,AaEhFTX4naHSWSXz9TVe5QgLbtSLT8ZqYJGZzDDcoroh,2026-09-11T02:07:41Z,al,BLNin6tWNphAQh33G5hhEnyG9F9fKqigzmSjGVW8nac5,4448.05,4NR1JThKtJ1MdLw8LPeLWsjtUaxSdvF3KpwUNd1mzEo9ARnKuiy6o7Nb8x1cH9Se96dPCfbzxrtcxKW7Bzx526ZK
1789120687,AaEhFTX4naHSWSXz9TVe5QgLbtSLT8ZqYJGZzDDcoroh,2026-09-11T01:59:19Z,sat,8HH3M6SfUCC9yGM3ytaFQWnDc19tSBYCNJBnqeWaQ8Xb,3916.77,5pmc7HbMzegURo3qT3LhrJ9LReiSBLCRL9WUwue5Sy4dyoVsWZgGbR4gDAUBJT3KcR3AT9hoN4GHGWNQcCAv9HZS
1789120687,AaEhFTX4naHSWSXz9TVe5QgLbtSLT8ZqYJGZzDDcoroh,2026-09-11T01:58:43Z,sat,8HH3M6SfUCC9yGM3ytaFQWnDc19tSBYCNJBnqeWaQ8Xb,4866.37,357vVxxkrsCYDhusar7ov3B69g4b96NejMKji3K1j2H6p19iVDcEbfKJECYp6CJVsDpz1qHA9UacAxDSeDPg7YPP
1789120687,AaEhFTX4naHSWSXz9TVe5QgLbtSLT8ZqYJGZzDDcoroh,2026-09-11T01:50:43Z,sat,EXzsTXFF6SL2TVDL4w1VRWVXhorb83hbhLNrnGcjmgr2,4853.47,3tqSJgR6pQo8QCbiAT65Zsynbe1J41h17wt5iUPtg3i6YJxrsmhBviDpANyepq2122fntQ9U8Ce6jAqU23tmvkzj
1789120687,AaEhFTX4naHSWSXz9TVe5QgLbtSLT8ZqYJGZzDDcoroh,2026-09-11T01:23:36Z,sat,FFmkno7AYb9vGr4wgQ7J1pymnQvZqtTzWSYSSweLTVvi,2703.84,2ZPghQNiyxyrRobSFzm23F3Z1mg9wNmiyts1Tz8WYrDJGvdPWXVAt4RvZP7t8JUk9GA8BrsVFwKcjDMmqgEFchPv
1789120687,AaEhFTX4naHSWSXz9TVe5QgLbtSLT8ZqYJGZzDDcoroh,2026-09-11T01:21:03Z,al,8HH3M6SfUCC9yGM3ytaFQWnDc19tSBYCNJBnqeWaQ8Xb,4076.06,2MK3Cz4FsuzCBubY4ZdQQUp9Q2Zbqysqkp2L5mcrugZPYWuqYc6GqLoxdsGBKrwwcE98bgtcUgBFVdTih48aSfW2
1789120687,AaEhFTX4naHSWSXz9TVe5QgLbtSLT8ZqYJGZzDDcoroh,2026-09-11T01:18:42Z,al,8HH3M6SfUCC9yGM3ytaFQWnDc19tSBYCNJBnqeWaQ8Xb,3248.66,ELv5JeWdMw5DeX2xvD5oiA8JYNuF4qsFncGrwvq6Fn16wCzowH1MsNmsKEav2VrFEvauj2rsx5LF6MtpETsva9j
1789120687,AaEhFTX4naHSWSXz9TVe5QgLbtSLT8ZqYJGZzDDcoroh,2026-09-11T01:17:31Z,al,8HH3M6SfUCC9yGM3ytaFQWnDc19tSBYCNJBnqeWaQ8Xb,4348.5,DPR95h2cT9C9KBGFSDCNuZMdw6xDjE81gN6GikzB3Kq5gEuihqWqPjN9RjjLaE2r4yRmoWRdeUNJDKYA5DcQPAY
1789120687,AaEhFTX4naHSWSXz9TVe5QgLbtSLT8ZqYJGZzDDcoroh,2026-09-11T01:13:03Z,sat,AgmLJBMDCqWynYnQiPCuj9ewsNNsBJXyzoUhD9LJzN51,3109.27,5KBw8RRr3sf3cPdr2LeycMgPyHxkeL2Qp5zfyeD59UyfULbQUuVieNjMJmdYM9YKwA7o4jxsFTAqtyLNsDLByqcY
1789120687,AaEhFTX4naHSWSXz9TVe5QgLbtSLT8ZqYJGZzDDcoroh,2026-09-11T01:01:12Z,sat,AJAF9b8Ei2fJPVAnuAiypyAJPRLCsxSosqzrVEbMAYBd,3984.99,5Qeijxz5v5RnrhYxMMHDkgb46WGYxR5HypADaHiKywhDQCm7cJhH6LciYosbjzAVECsq6zafyPqapqhBhjDWo8YC
1789120687,AaEhFTX4naHSWSXz9TVe5QgLbtSLT8ZqYJGZzDDcoroh,2026-09-11T00:59:34Z,al,24Qo1hPD7pn6QDiWDbV3fsfbD6zVzSm1b5uoy5CKH5qV,2993.37,2vNuAbfBS3hnN8dVdyG3d3b88vwy5Yt5CcazbH1vtegtQJgTDyg9tUdVwo3Zmedo2p3BzhJuKJum6vAh64ZzttvN
1789120687,AaEhFTX4naHSWSXz9TVe5QgLbtSLT8ZqYJGZzDDcoroh,2026-09-11T00:54:54Z,sat,BX9nDQCtrPLFfjUDtDX1jt3zYCztypwonsX6VuxFAumD,2736.51,dF7yc7NULDB7HEevLgHomUawptGdB13ti9rEKzefFsdU6t2KrERgsWbUdNK2Ab7LHh5jkSYRpkpMsYt35SXAHNS
1789120687,AaEhFTX4naHSWSXz9TVe5QgLbtSLT8ZqYJGZzDDcoroh,2026-09-10T23:42:23Z,sat,FUQgD7xiFVhfD9s5f9nfPk5Q3fni8tzEX45TJyKzSq1,3001.98,2WJqsF8jeGnJQm19FaRzDxvjYRuQB4CaGkjm2N86Bb8bnxw1HXtmPULLKHdnyDdwYwfgj7CBjhQ5emCqoiHh82mH
1789120687,AaEhFTX4naHSWSXz9TVe5QgLbtSLT8ZqYJGZzDDcoroh,2026-09-10T23:35:45Z,al,77n6X7LtGy5AZprsvjZu1eaekJpxqLeVRZLPJZdBYyg9,3336.79,aecYUV75itcYTMuiC9pEKjuAywNrD9ssGZTXDiErHabsq2L669ueBLH99XqpE6D1U93Ri79shhmpZaR1LBe9ud3
1789120687,AaEhFTX4naHSWSXz9TVe5QgLbtSLT8ZqYJGZzDDcoroh,2026-09-10T23:29:15Z,al,77n6X7LtGy5AZprsvjZu1eaekJpxqLeVRZLPJZdBYyg9,2969.87,XCUtTcJ2kqDzg8xafE9MHoaWnjPE9KZBDJyP6nbVvcataNNjmrLmPQ6DFg1AKAHB2EmfEN9J3XrVfphSpuUePHH
1789120687,AaEhFTX4naHSWSXz9TVe5QgLbtSLT8ZqYJGZzDDcoroh,2026-09-10T23:27:16Z,al,77n6X7LtGy5AZprsvjZu1eaekJpxqLeVRZLPJZdBYyg9,2949.71,2uZCMxtjvMf9r9NjZhB36n8x9jwvNVunXugqqVCiYtV786gqaVNYtE2cTGbRwCBRJhLi3c84HdU7rrDJceo7rDHx
1789120687,AaEhFTX4naHSWSXz9TVe5QgLbtSLT8ZqYJGZzDDcoroh,2026-09-10T23:04:21Z,al,82MdtK8qdPhq6YbWJMwevW1jTmvK6M9X4GoX6xoaRkpX,8367.45,j4mPRtbuZqQXFhBXW947rvJXZhP3RF7Jhjsj2omth43nzq3vrC7DWT7AYUyk7hksoFZJ1uRxhp7f4r2a5X912Ey
1789120687,AaEhFTX4naHSWSXz9TVe5QgLbtSLT8ZqYJGZzDDcoroh,2026-09-10T20:55:38Z,al,4yMQPYwEVcJKScnqjvmdXJ5JXLxCQcxoMGLk4zPnQjEX,2972.85,4oD2THKZmcn8k3NbbfLPTJXx85d25sog8QgM8hXy98udiGKmih6Rs9zvPPkQNfWcbPWxHRPe3XF8JUP42XbgKAw8
1789120687,AaEhFTX4naHSWSXz9TVe5QgLbtSLT8ZqYJGZzDDcoroh,2026-09-10T18:43:08Z,sat,3AqkdRW4dRokWzJFSvomgDNUGqL86Uva3EHUVE2aJXTB,2842.59,S5wmXuA4bnyzZrcZpS1a82H6j4BWLvKP2qyuHRKEQCuM3QpcrXBdqLeVVScWpdJB8tSrFMUxMHBtYc1iUkMc6VY
1789120687,AaEhFTX4naHSWSXz9TVe5QgLbtSLT8ZqYJGZzDDcoroh,2026-09-10T12:18:04Z,sat,AgmLJBMDCqWynYnQiPCuj9ewsNNsBJXyzoUhD9LJzN51,3341.15,DcDPjUMEPMJjFiGeiW4HCmAQgrEbJ2265Xv24GK57HndVtePEbpPwU5tBkCSS1AaCj4HQzVnnEsD5KYpJb7RuW1
1789120712,GYHPVwni3ucwizy9BM4TzTMw3PtSgxm5RRYvL8Ecpump,2026-09-10T21:33:03Z,al,FyENsCNBCeEptTN5aGHKjm2ub7FxhknbdXnsAjYAv6gw,5616.66,3rtSMrhNFTAJciheh39HEr2H9ohc3FuTRiS8KomeV93ntSaQHrYnqePyb3mU6CEFbCZBP7VEgTEHXBXsaZoLuBcX
1789120712,GYHPVwni3ucwizy9BM4TzTMw3PtSgxm5RRYvL8Ecpump,2026-09-10T17:33:48Z,sat,2r3Mnyfz3zNHTQy7MTtjRxFvnaqTbWb4ygEgvtMPygxs,2501.25,3iTjDnXAZSUVDMfRA3Pse4LAnXLHy3kM9rziMGtTvX1cZtDyv5QwCCDmCVZPZ1q7QQmtBmdWeMue21MhpTAcNjcV
1789120712,GYHPVwni3ucwizy9BM4TzTMw3PtSgxm5RRYvL8Ecpump,2026-09-10T17:32:29Z,sat,93fw1gW8Jx9bRPYSzu6qWEWdjnBdSvfoX7F69ndjS8Wn,2664.6,5z7YnZ1rnayWmMhCCSXfMzujmEaWMNR48hbJEPJdnHTRsnzNjSgwMEtMRCcUu7aBQgAbbUeVXnKZVaW6QDx1h1x
1789120712,GYHPVwni3ucwizy9BM4TzTMw3PtSgxm5RRYvL8Ecpump,2026-09-10T17:31:14Z,sat,DnjMvvyVKnbh9XmMYq9wBFqxY4thcUwHotgFTHLoC3uL,2500.41,4HmaNe3fW1WenGEM9FvSE7yLKa1YXfYNDvF2uUV5kWvLJF5Jw8T2cqhACYmQdk1AZjzVW9e9Wm5N1TgJ1SjpQh78
1789120712,GYHPVwni3ucwizy9BM4TzTMw3PtSgxm5RRYvL8Ecpump,2026-09-10T17:25:07Z,sat,3sdsePNwXE7qz89CtP2AHaM9bWQkR3SfUhbV47K5LAqE,2632.82,3ZYpQgtWfJezHfoVV4ufGx2HgER2L3bpTEU99EjWm8VX4T2yt1dk8sRFUtTYyvMFu4xSMLGCrisnx8G6MP988KVg
1789120712,GYHPVwni3ucwizy9BM4TzTMw3PtSgxm5RRYvL8Ecpump,2026-09-10T17:24:28Z,sat,3JgWgjgZ2bcbuzPVCVdERBGBeao7sMw9WPBic1nUZ496,2922.88,5DA3Wp9fgJpP5Yn5sZAddsMMgCQs6mBPVWxDa46mwH7XAxMGYbskQ5TLia72HwovSvSATESyX7WwaBEiJnrGe1ui
1789120712,GYHPVwni3ucwizy9BM4TzTMw3PtSgxm5RRYvL8Ecpump,2026-09-10T17:24:08Z,sat,GXW4ekpjG76Mq9uM1SwsuqDjhB8zkrP8EYj6irzvDeLT,3247.88,3friCC3Wujjp5UX8CqAeyg4fPYCwwx17MYtvHd3K3UaVGW4qkBKtwL2aKnobCKQsoeadPGb9q7b3byNCssKNGq9Q
1789120712,GYHPVwni3ucwizy9BM4TzTMw3PtSgxm5RRYvL8Ecpump,2026-09-10T17:23:56Z,sat,6tbuHkP3X3b8ZHuKdfrZJsekLsiVz9KtdTjvp3H46Tr6,3271.4,3LYtdCE8dfw33ViK4btCfSxc91Z4d88mN7vmAdHN2zSEDYWecjaDNFnNo6Jtjc6JvfpsVFK6GyRHK1hvReqkai64
1789120712,GYHPVwni3ucwizy9BM4TzTMw3PtSgxm5RRYvL8Ecpump,2026-09-10T17:23:38Z,sat,C3F8VCTUJcWfGhNPyt9CNnSZXoadK46WzaKUKWvGBztC,3546.23,2uWi9GwUXoerGWFk3HrM27oFJvuSbvwDtmKiiU5MfZptngdhRChcJZp1GUhgAYgJ7yQfCoEDbHadSieF6hEpJivE
1789120712,GYHPVwni3ucwizy9BM4TzTMw3PtSgxm5RRYvL8Ecpump,2026-09-10T17:23:09Z,sat,3K4Sw47c6rCYxDrudZSAebZJr97X3HfFdWe8G951yRqC,3433.96,5kKP7SKEAqzfmPgvDdmfyJGYoS2zPtWwY48LgWWyJfLSJat71ahde1ZMfQy4c7KvNdx74CPKBWRg6ZbGFb4CXHzb
1789120712,GYHPVwni3ucwizy9BM4TzTMw3PtSgxm5RRYvL8Ecpump,2026-09-10T17:22:52Z,sat,J5Tn2RSnja7uuLQc9rMLNXpxBSNVyaexiwjA3tmm3KRi,3473.29,5TL7YNPUjeiUaNxQRz6TCHZRzexc7hQvGWbQnY1mpnJoP1nGco1J3Dyhfz71aL4pdjNuCTq4PtGpunnaJ6x9J8yG
1789120712,GYHPVwni3ucwizy9BM4TzTMw3PtSgxm5RRYvL8Ecpump,2026-09-10T17:22:47Z,sat,7TGBTURSAxZp9JK73LXTVCoKue5PbZd312xoWfWb2DXY,4001.05,26aWyAGEcJRN7YgjrTipqJeAF3zmpq5UDSSbvPxWMfUbBX2PyGXuT4HwDiZZfFEDBQ1dbfPjhUA2PkcZaPZhJs9E
1789120712,GYHPVwni3ucwizy9BM4TzTMw3PtSgxm5RRYvL8Ecpump,2026-09-10T17:22:11Z,sat,GhcFiADQakRuWuRTvBRbYz32RMyyiP5i5s9CtkJz6rZV,2960.13,qSMb1Ebws5xt4iFuJpXMHC7igJQTKkNULA459SZDmH2HptvubeXWWmUGDCwRfoKnoSxzXvUyAwEUZyNF6rcjPL2
1789120712,GYHPVwni3ucwizy9BM4TzTMw3PtSgxm5RRYvL8Ecpump,2026-09-10T17:21:48Z,sat,7a9TcbDiMPtewYD95SmXRLgMQVZKvs2cuu8LwDDQxQvr,2972.44,4CHB6kUbe2hs1PeECvFm8VYB3Z8we8VJSy7oHvCXsArbaMFGT6QnqKRUDE6Xv2QqvjasNQdUrc8QMFUA8X7BbwbK
1789120712,GYHPVwni3ucwizy9BM4TzTMw3PtSgxm5RRYvL8Ecpump,2026-09-10T17:21:36Z,sat,9SES8kUmeFJWD9KRxH4au2NyjpAYQRA17XeopQ66srSo,2934.97,5PstBVPYBpty3Gup9piuBeQekbuLCh4YgzoxXH7ZwRgsnrTQUmfj2xkZTzjo3yukNMQBSr8iXP46ficr33XGBWAj
1789120712,GYHPVwni3ucwizy9BM4TzTMw3PtSgxm5RRYvL8Ecpump,2026-09-10T17:21:00Z,sat,2NXjajdZXFhQt8cjdi4KyKawM9NsTr8HMNbJYurgQ2TM,2999.44,2HAwDj5gxjjUQmEZdgRK3QgKohRgAWpsH8XMHTVksXX56TJc8GcLiRKZ5Q1yrLeEg5gSsbYcEVXtXbWusntebxRU
1789120712,GYHPVwni3ucwizy9BM4TzTMw3PtSgxm5RRYvL8Ecpump,2026-09-10T17:20:48Z,sat,wLtiY4EjuYXsUEKGSSpqL3VZLMT5CcdcgE2Lu1f4MVU,2933.14,21qqyqzCrGzwXEtYYWhpeUsQmFthNy3ELFjZ4eZ9nMRJP9BmbAQ5JeEHM8USLTkHXRg9W5T5Wf2APDpHwwetYJgk
1789120712,GYHPVwni3ucwizy9BM4TzTMw3PtSgxm5RRYvL8Ecpump,2026-09-10T17:18:41Z,sat,5jkfDhTXTPXDPpiRMGh9kEGwjKkFoAgPXxFXvypDbL6B,2966.02,4p2U26ZiPozzAcBykFtTikbBhLBHDiWCNb8g6k2YQXaexmcUPrrGVpvvNd7dHPJM78C6NDGYEoXhRs2LpMgXToHf
1789120712,GYHPVwni3ucwizy9BM4TzTMw3PtSgxm5RRYvL8Ecpump,2026-09-10T17:17:45Z,sat,AFUenqCGa4dkESibrFZ3o4356eiN7yAF1AZNn79FsoNy,2978.0,4a6CD8sJ8XkamY3fhnTqJzgTUCC3oWKfdn786iKn6UkVsaYRYLvyPEHVqMrwGbfPH4qCX5BgqM4wE7VpkNQnNPb2
1789120712,GYHPVwni3ucwizy9BM4TzTMw3PtSgxm5RRYvL8Ecpump,2026-09-10T16:18:17Z,sat,8EdGYYPTHG8vMh3rotMWgvdde4VFTfS5M4Yoxj97rE7j,2611.91,oBm216RriUG9aSbwUDJr3wZdWo7cCeeZtyjFUh22HYsAJuYh6Xxirbfa4rsF6fz7rvC8ztRkp4pYyPJyYCk8Vjf
1789120712,GYHPVwni3ucwizy9BM4TzTMw3PtSgxm5RRYvL8Ecpump,2026-09-10T16:18:04Z,sat,E9HV7PQUVXmgNSPdSgTx7e1QXymCC5CYhdH8QrZwr2gY,2813.32,2Uq25mT7BtrZRowAAsm8ttNnszxA4fbCQi6TMTbE9tXSxGwhQnkfnpC6RMmDpiDHYxPxf7oiHtDins9zyshhryBv
1789120712,GYHPVwni3ucwizy9BM4TzTMw3PtSgxm5RRYvL8Ecpump,2026-09-10T16:17:02Z,sat,5KWvj3ixfjjStMLmTNFFWAWQEaSH7VmSZxWRTgkNTwtW,2954.31,4fGtYY9fADaBk4R9AztZCoSvwvcpSZKSri1QU9ard1ReTjpwk8AJkpZdZjtEYCzT6nD3qoZLsC9n7AXk6ZubNZAR
1789120712,GYHPVwni3ucwizy9BM4TzTMw3PtSgxm5RRYvL8Ecpump,2026-09-10T16:16:44Z,sat,879g7LvFd8u5FBuEwuY7eh1fwRCM5PPzSmubhzsP3Ve3,2952.38,62zHkES427UkgvuNUKug2EFWQEJzYZACxdrLdRxiDEevPowHDX29seRSqhaR73NDEyTP8eJPh3Nm41GN1wS8rXeo
1789120712,GYHPVwni3ucwizy9BM4TzTMw3PtSgxm5RRYvL8Ecpump,2026-09-10T16:16:23Z,sat,HKFdmx1F3cwHMJSjQNHPskBAr3T5moKLNH1jouzPCmG2,2956.91,4qtUE2KPyRNu1MV39Jbfq6z4MaorFNxyjG9UCehEWAj12uTAysmadws483DGZDq4X2HFEExWNqz4mfrksczKZJYQ
1789120712,GYHPVwni3ucwizy9BM4TzTMw3PtSgxm5RRYvL8Ecpump,2026-09-10T16:15:59Z,sat,7VKtm7dMbrUWauSw7iB325EdUvCNJNDvWrVZfUzkB3sy,2963.71,2duFK1MUCsb1ShTBg3f5KF542oFph2njZK6wa31d4oExmoEkff5xs79tyMZAd95ojhPok3PJvXNRhCmD6VNZXpmf
1789120712,GYHPVwni3ucwizy9BM4TzTMw3PtSgxm5RRYvL8Ecpump,2026-09-10T16:15:25Z,sat,9F7Ey21kAAbff6pwNZybc9VnAvG8YUdJztnqhHyoRSJg,2971.21,5QVmB1gFGgXWBV7XSTMNzxJcTxPiZXjEXZNsXbM842n46SFaKRemk2whPdg8UPDqhTeLBVjFpHkBS9QhjcZcV2MJ
1789120712,GYHPVwni3ucwizy9BM4TzTMw3PtSgxm5RRYvL8Ecpump,2026-09-10T16:14:50Z,sat,EdGMsJDuvgtjQQE6msdDDF1ECw679uzXhZY3R525NykE,2957.63,5jWetdEnMvNXt1c744jPPoc1ViJuQhhNRUCgMZnHjqdJEDvnQTFghEqQcLxGTbCwTzCytT27GXuAd8SXcHb6cQdZ
1789120712,GYHPVwni3ucwizy9BM4TzTMw3PtSgxm5RRYvL8Ecpump,2026-09-10T16:14:39Z,sat,AXTQ8fRRXqxjvsbTTb72cnN7HLLswZBBqkXkvuUVPZJw,2957.72,48i9q6bCeYkY5ZfBn33anK6maEzSeL5zH9ARZktcFfAryw4V65Ahns7JM41bzELJhcDrHHFjVC3nVpL5muf5niw8
1789120712,GYHPVwni3ucwizy9BM4TzTMw3PtSgxm5RRYvL8Ecpump,2026-09-10T16:14:19Z,sat,5ZB98FG5q7Rop1TzGCz6CKgqNPpYfbd38n2dJUNp18ED,2956.96,53hooTHkZjuimFQUDBmCvRvTrBdh8CTwLSjDC1PBt2WxumWUSEnXQJUFsGgL2q45yDykxWfsCwtnoiQjD5Z8TxyM
1789120712,GYHPVwni3ucwizy9BM4TzTMw3PtSgxm5RRYvL8Ecpump,2026-09-10T16:13:50Z,sat,9M5y4EwrhgsYuRZqutsNSNuqqQdHFGb1rxRKEH5Q56zm,2957.56,5ZJwuV23ro1tSq1u8za7ZTqwzuxKtYMarXmzyyQQyipMbFFU4V9Qw8PcL4EJnUatBhDTeVDqAaXKEMKRaELST7E1
1789120712,GYHPVwni3ucwizy9BM4TzTMw3PtSgxm5RRYvL8Ecpump,2026-09-10T16:13:27Z,sat,JB1sJz5NRA6ep7UMkf8JVeYaP6fqr693SagY6vzUn8hS,2954.28,2aKuKsSEYJoJgzZfTVM7d5opDGeaZpwBMy1oGxEHyq6CbPFNzq6T9rLct3VdAWFYFBRSfrSnJLjkdLRWfGQcZZrW
1789120712,GYHPVwni3ucwizy9BM4TzTMw3PtSgxm5RRYvL8Ecpump,2026-09-10T16:13:12Z,sat,C9R7eQYDPzQsGKXoTuNGh7UBdxJk1UJMJuAsjttCbCJL,2948.33,4BoM3n49QdN1gj9JtdVAHqgTXcyTmdS3E2mJqMHspyyDjAit7du37EeLdf8k48AasZ2tZVrXJNEfCcWBYHnYp1AT
1789120712,GYHPVwni3ucwizy9BM4TzTMw3PtSgxm5RRYvL8Ecpump,2026-09-10T16:12:40Z,sat,B78kfwGhf8kytaCBNiW9wGUCzAMaovvTsMbCpJJ1EngF,2967.96,626JGpEkKddhexqgfkVMYxT5xBqUTDidK3w7keazDrm8PpiyqzNdBGi8xuJf2mjGt49xszYahnuhEYHm88b1aH1c
1789120712,GYHPVwni3ucwizy9BM4TzTMw3PtSgxm5RRYvL8Ecpump,2026-09-10T15:44:33Z,sat,D6rcEVmBXihzPqhUjkUzaqN2eVYV5YkRFXQ7RhypggyC,2968.37,5jZaupYQ8hoEVQXaKje8z5ntktBvqsTqb1UGC7usKbytqFfAvCUnZ3CjZePcSU6aooKrib9MmuZbBxniVo35foH8
1789120712,GYHPVwni3ucwizy9BM4TzTMw3PtSgxm5RRYvL8Ecpump,2026-09-10T11:53:17Z,sat,BwcPJmnrEmeUJ182jGKU5sexC6FgQxm4ya7jMcc6v9fo,3916.04,41UqPJASdqLje91WVEdsnJBzNDGRr1yjwFg1PaGKubU9N97X7LgBaruLeEN6scjSaHR3gEzh5GbC3uVq9Ko7HuGj
1789120712,GYHPVwni3ucwizy9BM4TzTMw3PtSgxm5RRYvL8Ecpump,2026-09-10T11:11:58Z,al,DeV87vgukn4BmioZgHbFmiWKML4HQAA92bijvtS96mFd,15596.66,2PsTCDpBiCagGVQoJmUEAWCF2nXfUVUoSwVFGGFJDzYyEshsFoM3uGBNPMbSxSQY61wpzjriGJFzwXm8MiK5oXDj
1789120728,H1kXUqEPkQNNeNjGNN5tuHf3nsQK2vB1jUA9c4RggpUf,2026-09-11T08:59:52Z,al,GgZoQqg2RJywaQ37Wi1BuXis83kq48xPQ4RokEnS9PXc,3384.19,276rYBTsQ7V34QTHhCJKfDq74vJnmoQQ7U7LKxZ96ZQ8XiGKV7gh7sx5r6YihPcxxiaBcvmMCmQD8fMdi4bZk2H7
1789120728,H1kXUqEPkQNNeNjGNN5tuHf3nsQK2vB1jUA9c4RggpUf,2026-09-11T07:58:50Z,al,GgZoQqg2RJywaQ37Wi1BuXis83kq48xPQ4RokEnS9PXc,2992.73,2p3XwAKo24N6d3EHNbeNk5ZJc6ShAoX3pgWNbzdmGmsWahksSJzjSyPE4PiHTxAp3xCmk8BdHK4BqjAC9cCsEjwS
1789120728,H1kXUqEPkQNNeNjGNN5tuHf3nsQK2vB1jUA9c4RggpUf,2026-09-11T06:57:27Z,al,GgZoQqg2RJywaQ37Wi1BuXis83kq48xPQ4RokEnS9PXc,2991.69,3UCNYv7Ftwzna63s2rcDti8AaX9MDXgtUzBD1vcu21qRCPVjBxTodRJh5SC7XMLM9y4RKB6Qa8ofMjEGHmwSgquH
1789120728,H1kXUqEPkQNNeNjGNN5tuHf3nsQK2vB1jUA9c4RggpUf,2026-09-11T06:01:17Z,sat,4D2wLfASejjYtvUzMJhdwaY533imBkrGeEPjWjXwauAK,3277.18,UN9rxyP8mEPXQTpBb1iJQwew7vmA3NBmocCRH1brvk1F6g45BeJoKvoda5e68anmuPsz6qT2be5EDAVThRGURir
1789120728,H1kXUqEPkQNNeNjGNN5tuHf3nsQK2vB1jUA9c4RggpUf,2026-09-11T05:56:04Z,al,GgZoQqg2RJywaQ37Wi1BuXis83kq48xPQ4RokEnS9PXc,2995.92,5ieX1mtTXcwqmzyB1o8D5HuR1Mg99WznbfXy2he6wAiMABqsuLMvK1HWgq3GbPmLynoLabcmqZKxLKimNa6scfKa
1789120728,H1kXUqEPkQNNeNjGNN5tuHf3nsQK2vB1jUA9c4RggpUf,2026-09-11T05:34:38Z,sat,AgmLJBMDCqWynYnQiPCuj9ewsNNsBJXyzoUhD9LJzN51,8608.33,UWTTEeH1HVpNfWkNjTWZ4aasa6zs3zJ8c8AmpgnpSZMqGB1BYLqZSPay8yStDxJh2JfKzXP6Gs8vipdWTkgSwQ2
1789120728,H1kXUqEPkQNNeNjGNN5tuHf3nsQK2vB1jUA9c4RggpUf,2026-09-11T05:06:44Z,sat,9MbNBfr5RucwXWXjMLV5hh38xSdjcCkYV1LhytSu7JGV,3419.95,3oWWBht2pKmJXrXvDmcLPNeXWQ8LphXeCWhHEhwkfJDaDThqgx4zTBQKX5thiDuYGu41LHAttfQLbXRKtRay8FsB
1789120728,H1kXUqEPkQNNeNjGNN5tuHf3nsQK2vB1jUA9c4RggpUf,2026-09-11T04:55:02Z,al,GgZoQqg2RJywaQ37Wi1BuXis83kq48xPQ4RokEnS9PXc,3588.6,2dVcLQFpyneaMbx6bSUY4AXCStaSRZbVfSSCvWrcLoibquvQnkgEsdcePufgPgi7fuGJd83GzE5uB53j2SqUKQM5
1789120728,H1kXUqEPkQNNeNjGNN5tuHf3nsQK2vB1jUA9c4RggpUf,2026-09-11T03:59:04Z,al,AgmLJBMDCqWynYnQiPCuj9ewsNNsBJXyzoUhD9LJzN51,10325.41,TfY4XjCgjTj2abjsYcnp6AxhCseU6wdaFxrkDBbfsrJtENwNwDzzq4k6deKLewZuAJBqHqwU7qnEZvREUFzGu4U
1789120728,H1kXUqEPkQNNeNjGNN5tuHf3nsQK2vB1jUA9c4RggpUf,2026-09-11T03:40:05Z,sat,9dQXYq1KSjUvzvj1bRPDcsFApUXjxLwac8aLpFbvELcA,3133.99,2x6wSWyFWUoymjKXUi9x8a9JaD8uSvkhjFrJTMyN1TAUFcPZo3oixecFETSZ15nfe3mWLrZecFGtLX2xCsykmCXe
1789120728,H1kXUqEPkQNNeNjGNN5tuHf3nsQK2vB1jUA9c4RggpUf,2026-09-11T03:37:11Z,al,DZZVfvX7qyW468KgLa1mS5bdDunAoMq2JXPqHi2HjAvR,4683.79,2d81nnJStaYbZQf1CKAqbyF3ZmeroDhpLp7xje5ZB4Hqb5WgaScEWaJGbK4fnZg8oK7YnrqNw8JAYDbhbuLiv2UK
1789120728,H1kXUqEPkQNNeNjGNN5tuHf3nsQK2vB1jUA9c4RggpUf,2026-09-11T03:36:17Z,sat,8cdNoYV2tnVvA2oyW6SSaSqRWa16CcsG2NKKr9GBvmEY,3243.52,487HDkz3MUpoT7KZiVvfcAFvMQBz531gJQfcHKYe9FEffSXzyFGUpP9wzwY51RurNDXcLjfHfbUWzafMQnQjcgs2
1789120728,H1kXUqEPkQNNeNjGNN5tuHf3nsQK2vB1jUA9c4RggpUf,2026-09-11T03:29:03Z,al,3pCdgi5jbuTLs3CG43uqX58yLxzbBmFHZjjQnX3JT2KX,3723.3,3VpqrN5NvwZBC525StHuU7cZQFXfjeNWmQvTH4wYdoCZu3tum7WyfnNfkhbTtmmjZpapD8yYRYRzAx9jGBGWtiPS
1789120728,H1kXUqEPkQNNeNjGNN5tuHf3nsQK2vB1jUA9c4RggpUf,2026-09-11T03:28:07Z,sat,69agoVmiW1BKrDHPqfRxYVMvA6pRaWcUnnRgxveEFLRB,8513.73,26hJN5qtqBWds5QgEJs2ncbSsS7TP34y5WTLfVt1yZNrVZHFLWb5GycFFEqPiauP95pqMiYN2iinmkNUpAUpCj4n
1789120728,H1kXUqEPkQNNeNjGNN5tuHf3nsQK2vB1jUA9c4RggpUf,2026-09-11T03:26:27Z,al,DZZVfvX7qyW468KgLa1mS5bdDunAoMq2JXPqHi2HjAvR,4391.73,3uRFpio3tXPgDhdBRfaD3Hq52qc4MuWQDozeScmNPr7DiSGc59hefYiKLCthhB5uBYzAjzQDRNSNcUAU42uEiMWp
1789120728,H1kXUqEPkQNNeNjGNN5tuHf3nsQK2vB1jUA9c4RggpUf,2026-09-11T03:14:26Z,al,DZZVfvX7qyW468KgLa1mS5bdDunAoMq2JXPqHi2HjAvR,4309.04,25ueDtdZtoxHMtYgUyLgnhLuVrmRjRmKEMzBK843bGYkRziqttjGiKGryTqWx5JVCgVnEo99cdyZL82QHDtkWxhd
1789120728,H1kXUqEPkQNNeNjGNN5tuHf3nsQK2vB1jUA9c4RggpUf,2026-09-11T02:55:01Z,al,8cdNoYV2tnVvA2oyW6SSaSqRWa16CcsG2NKKr9GBvmEY,2735.89,4g3gV5yeHLMTadZ68c7EvZpCu895jWvBEvokngaqW6nBJHLoDzPXLodijBY1ec8oCxZcuHkQkk3MnSDm6dHaWmb7
1789120728,H1kXUqEPkQNNeNjGNN5tuHf3nsQK2vB1jUA9c4RggpUf,2026-09-11T02:54:49Z,al,7bdimZCyY2zhPzMUWN6HSVxdu5R2mEEfufdxAGXr6VbA,4696.41,Ci3w2RszLDWyPaoqS1P5FfRYchGSFyK1kQYsPPa7oxBYQ6nWtiSUicEVt1S9sx1txCNGF9RHA5kooMwnec6PQZd
1789120728,H1kXUqEPkQNNeNjGNN5tuHf3nsQK2vB1jUA9c4RggpUf,2026-09-11T02:54:13Z,al,9dQXYq1KSjUvzvj1bRPDcsFApUXjxLwac8aLpFbvELcA,5189.93,55KP3ySveKHybTknGRyCEojBSochruxJidCgzE99hzD7QYmU7JgztJ4Ay9V6y7B7obspP9AsfeDp1FWPu1VgV2ej
1789120728,H1kXUqEPkQNNeNjGNN5tuHf3nsQK2vB1jUA9c4RggpUf,2026-09-11T02:54:03Z,al,GgZoQqg2RJywaQ37Wi1BuXis83kq48xPQ4RokEnS9PXc,2994.07,4XdR5wCovBLDRj9MdafecMXVCw8qPYBkDxNfoXUMLa4MKEzYuYxvM8iUptgbTJoohmff7R8buWgB4dcZo1d6R6Wv
1789120728,H1kXUqEPkQNNeNjGNN5tuHf3nsQK2vB1jUA9c4RggpUf,2026-09-11T01:52:48Z,al,GgZoQqg2RJywaQ37Wi1BuXis83kq48xPQ4RokEnS9PXc,2980.09,rjQ8gTjpikuXXKPz1XXAAMrWrYYTLWWfeXactC2F3x7oAkyQqg4gunPKHnsBz9DFZ4LdUmfhSLnYDZSqwpqpsfo
1789120728,H1kXUqEPkQNNeNjGNN5tuHf3nsQK2vB1jUA9c4RggpUf,2026-09-11T00:51:39Z,al,GgZoQqg2RJywaQ37Wi1BuXis83kq48xPQ4RokEnS9PXc,2967.27,2Ef4CviqkRYfo13DasnyNnGYG8BNLhii7u11y3Vh5w5ZLvrfTfVVs3oyK8GXbwgfKjvh8VjF2KaETTGhVFkJ22i7
1789120728,H1kXUqEPkQNNeNjGNN5tuHf3nsQK2vB1jUA9c4RggpUf,2026-09-10T23:51:15Z,al,GgZoQqg2RJywaQ37Wi1BuXis83kq48xPQ4RokEnS9PXc,2969.34,4D8KGvn6Q7dkUo7mSNLyzx5u6EkVVTnuHQygAdn5b6KbkugH35CRoHQ5vbxmXxaMZDVz3ZHotpF7i1nY1ukKiYZB
1789120728,H1kXUqEPkQNNeNjGNN5tuHf3nsQK2vB1jUA9c4RggpUf,2026-09-10T22:50:38Z,al,GgZoQqg2RJywaQ37Wi1BuXis83kq48xPQ4RokEnS9PXc,2985.73,3TDJJWniarABiknhEyA5ufQdq4zmnz3d8Jm2dhp2zb8KV5wKkffZm6bcrhL1nxHnu5pVz7LXc3BW6mndADGw5a7f
1789120728,H1kXUqEPkQNNeNjGNN5tuHf3nsQK2vB1jUA9c4RggpUf,2026-09-10T21:09:48Z,sat,7bdimZCyY2zhPzMUWN6HSVxdu5R2mEEfufdxAGXr6VbA,7503.68,32WivDyGtkrKozTCwFrVi7FyzSews2SzSq5PTyMeyFzAKzuTJChSVyUnSMEEpvNUf7nEEA5effCMhbzMWWSunWi5
1789120728,H1kXUqEPkQNNeNjGNN5tuHf3nsQK2vB1jUA9c4RggpUf,2026-09-10T21:09:22Z,sat,AgmLJBMDCqWynYnQiPCuj9ewsNNsBJXyzoUhD9LJzN51,2658.19,4Ad7uMqaSBuKRqqxGY8EEXCcfvs3dSfkBVSqbeEiCCAEGxUPnR4Pz3vbzqy1sKotqW2Yp3zM9wApAZwPnJNWDJh4
1789120728,H1kXUqEPkQNNeNjGNN5tuHf3nsQK2vB1jUA9c4RggpUf,2026-09-10T20:39:05Z,sat,4D2wLfASejjYtvUzMJhdwaY533imBkrGeEPjWjXwauAK,5619.71,4zZNunDdKToibQvBPVDuRf6eS7EjT6CdF9YxYVLiNVCGzj1YVn5PrstZb54wpYq8GJX3Za4hRi5uJpeBouzS2fQe
1789120728,H1kXUqEPkQNNeNjGNN5tuHf3nsQK2vB1jUA9c4RggpUf,2026-09-10T20:33:03Z,al,2EGcqkFurLAtATX5it9CkMdrU1vocwTEjGuLEq5syGiU,4533.3,3N2hwHWhvebKaJMGUTsyvmNvZWWjPLuZr6UXzjfHpH2om1GAULNKeRNudmxUKUL2FjBu618GY5rQAqMbPcHZ1qRT
1789120728,H1kXUqEPkQNNeNjGNN5tuHf3nsQK2vB1jUA9c4RggpUf,2026-09-10T20:32:58Z,al,2EGcqkFurLAtATX5it9CkMdrU1vocwTEjGuLEq5syGiU,4725.92,5qEQVcCAaLpMqBh2CBdrToHdEUNKsZ8pukKLoiK8CxoTPpdMLCZkx7KEZwxUc5jkFnjLVYhAq4ZLkjjH1SUB9rzw
1789120728,H1kXUqEPkQNNeNjGNN5tuHf3nsQK2vB1jUA9c4RggpUf,2026-09-10T20:08:02Z,sat,9JBH3sbdU3zcRaPnKPJBfqHWt6ZBKUrvrfgEicRh13ma,3818.2,26hpZCeo7YDgniTDCtk17tZsGnJ3t6oSzXTdCXpS3QrPPDw9JRjYraDQ2NBVNMMiyTza7uV1bJ7BJMEjmWpm2ScE
1789120728,H1kXUqEPkQNNeNjGNN5tuHf3nsQK2vB1jUA9c4RggpUf,2026-09-10T20:07:55Z,sat,9JBH3sbdU3zcRaPnKPJBfqHWt6ZBKUrvrfgEicRh13ma,3948.79,4Zb4gTmBHMd2HG7uusTBqmQf14sH1K1x4ccKFJd4WoPqkmh2EVp1wz3fmWBD4Gm1Sn6FLYyA8ZBU5Evju85aKpBE
1789120728,H1kXUqEPkQNNeNjGNN5tuHf3nsQK2vB1jUA9c4RggpUf,2026-09-10T20:04:49Z,sat,FHpcNSe6tb2n15bAdq4BkeYWGyZKFD7yLYrH92ng7wCT,15001.81,axX5WwGtkHNsiQgriQ25YAeTaGF5t13EjYXgSifQgg5tDHBoH5xRd7GqD1URkFgv59mv5Hq6DP8M1dULgCze7SG
1789120728,H1kXUqEPkQNNeNjGNN5tuHf3nsQK2vB1jUA9c4RggpUf,2026-09-10T18:48:27Z,al,GgZoQqg2RJywaQ37Wi1BuXis83kq48xPQ4RokEnS9PXc,2586.64,BbwGYB9tGL23cVvH4dnsv7eDjkmQmdEPZ8F7xwvjHKHcGZmLthUYekUexfumTmexPoSWzSWjUzBA3L6LiFDxUe3
1789120728,H1kXUqEPkQNNeNjGNN5tuHf3nsQK2vB1jUA9c4RggpUf,2026-09-10T18:44:15Z,sat,AgmLJBMDCqWynYnQiPCuj9ewsNNsBJXyzoUhD9LJzN51,2886.5,3smzhWFkDqURp9HNgY37FxMRZQrKmhwqKwC1HyZuRPQ5FaFN5jtxW949pNW8o7A2KpiRYaZEH38uE7N8wucFHk8j
1789120728,H1kXUqEPkQNNeNjGNN5tuHf3nsQK2vB1jUA9c4RggpUf,2026-09-10T18:36:39Z,sat,DyBKpVqM5GTXzd9w4V2xgHan5uurKbHzbUGduz2cxAha,3462.6,8FkxLjQve26Td7D9mvxA8pgF8rUHGpD3x5aAqMkFSWLFZbti97qVWu2rdaYQHkS79t5ahVA6YducugaFhZHhqEL
1789120728,H1kXUqEPkQNNeNjGNN5tuHf3nsQK2vB1jUA9c4RggpUf,2026-09-10T17:42:25Z,al,DyBKpVqM5GTXzd9w4V2xgHan5uurKbHzbUGduz2cxAha,6656.12,dBR5Hkb7h1uvdNMJXX58uhjd15JBSF3qU8Vit9wpnVoQ1i5egjrNesq2MYMrvn3imBS4xsRGjeVB58ATXPHk71v
1789120728,H1kXUqEPkQNNeNjGNN5tuHf3nsQK2vB1jUA9c4RggpUf,2026-09-10T16:53:20Z,sat,AgmLJBMDCqWynYnQiPCuj9ewsNNsBJXyzoUhD9LJzN51,11383.99,vZDXjecYDAJ9Dqf8iGgcnmJZPepLrPJastwcnZNoeGxUhhBujm68x5mx6waHoQhfKv2xJG79AvKRVrJoCaPQxcE
1789120728,H1kXUqEPkQNNeNjGNN5tuHf3nsQK2vB1jUA9c4RggpUf,2026-09-10T15:57:07Z,sat,D8gJXCVb7AoP9t2SHVtVwDLroRVPw64j5MiE75zfWuEF,3778.76,h1DAcYs63CuBDyNGhcBesa6BPCMSutnWP6SLfLTxPbavazq7KA4ZZneJ9Lzg5iA1ioHbTC7pHpmMWtkFcrUJrny
1789120728,H1kXUqEPkQNNeNjGNN5tuHf3nsQK2vB1jUA9c4RggpUf,2026-09-10T15:56:58Z,sat,D8gJXCVb7AoP9t2SHVtVwDLroRVPw64j5MiE75zfWuEF,4201.0,28EWke6FVKLSvSqCm4ZRZ6QVbR2qYbQkb3kyHRGTBVmq9vXcsN3msiuGmh1BvuFdE29HmmC6PaddN95ND84BEWMZ
1789120728,H1kXUqEPkQNNeNjGNN5tuHf3nsQK2vB1jUA9c4RggpUf,2026-09-10T15:37:33Z,sat,2WwzZ3eLgkSgsFHJbQMqmE4qqZyiUdUEVz5w9DVyH6h9,5328.81,2x9yTW9SUeAaauR4d8SA1n2vRfZyrsFQZ2Cydjzp1keDpNaVV8kPCNcMYzWpuVm9GJj6k1x8QHjRo1QpLtxprHCB
1789120728,H1kXUqEPkQNNeNjGNN5tuHf3nsQK2vB1jUA9c4RggpUf,2026-09-10T12:45:05Z,sat,2zj2WiHKpzdJf9tQhEmU8tGfECpxoW36KpXgyP1j35RN,4548.48,5urjGd76bsKYmt131ynaYHZXZX5r9CU97NfFvtwGMWk5buJt1JyBrC4CQLRxRREwkGyQRi7UdSb5JnmRhVgsovDs
1789120728,H1kXUqEPkQNNeNjGNN5tuHf3nsQK2vB1jUA9c4RggpUf,2026-09-10T12:42:58Z,sat,Ge3Cxi9yH48bHiqmseRQLwPojGTCY374Mi1v4a8JmXnC,4346.03,2GaewsVr7fWYfvLW5t9yVXHHGLvrQSKYqBPAQRVmxKXrCZEHQCEAX75vg8sSaA934TZJvLALXwA41Q1CXMyNCn44
1789120728,H1kXUqEPkQNNeNjGNN5tuHf3nsQK2vB1jUA9c4RggpUf,2026-09-10T12:30:46Z,sat,6KK8cqHtMaH2Jd6aPV1dEb5owoAY3BQcT2QuB1X7V1Z6,4071.98,k9RPVxiEYuMZEjRAknLjQH8c5KjR9emi3qGytk74SifipDTZF8azHANgKhXHt68JUuXiEyL7LW6HX7VGRHJVXpt
1789120728,H1kXUqEPkQNNeNjGNN5tuHf3nsQK2vB1jUA9c4RggpUf,2026-09-10T12:26:45Z,al,2WwzZ3eLgkSgsFHJbQMqmE4qqZyiUdUEVz5w9DVyH6h9,7635.89,5fGtvKPjeDxWnPUoifshKHPkHqanNsrxF6peJnoK7iaAfYb5Ah1QA6G5HQaQD3wHTAob7aSaqbgqeUfhEqTxyeub
1789120728,H1kXUqEPkQNNeNjGNN5tuHf3nsQK2vB1jUA9c4RggpUf,2026-09-10T12:18:56Z,sat,AgmLJBMDCqWynYnQiPCuj9ewsNNsBJXyzoUhD9LJzN51,2637.66,Qr5xaamt2QqKiBtXSTHsStEEbBG39aEJuGkNFCVg1XeTL2vkh9wPtbCLSaBSSEnhWFNmSoJMepCEDjboxhm6s4J
1789120728,H1kXUqEPkQNNeNjGNN5tuHf3nsQK2vB1jUA9c4RggpUf,2026-09-10T12:16:30Z,al,2G9RE9pYeUY6EsGNcMTS8jJRu38skZeUvMxc5n3rcWgd,7373.79,3XYwah21Pryk5afSY3zrsHttZGogXRSxE84gkb4rrgY1DrNitP5G4somf6xDmhcBtDGTdov9VNT4h2TSLqrpYdA8
1789120728,H1kXUqEPkQNNeNjGNN5tuHf3nsQK2vB1jUA9c4RggpUf,2026-09-10T12:08:40Z,al,GH4NtrMtTrxRDMbQacT6bgyWVwDkoujLnCYwUY9pa5Cu,4614.36,xQg8Hxd5WavCxWbHBzvyyPf2mGyMAyx1MVRhbhnREjUfERyZBxgRDoqjaZ6ckc8BKXZTnHsDVC3zhNwBedjaQQC
1789120728,H1kXUqEPkQNNeNjGNN5tuHf3nsQK2vB1jUA9c4RggpUf,2026-09-10T11:54:16Z,al,FZ8ofuKKQbZ6QKRGYb75hD2Un56MKJzF6zErpcLn3Cma,4750.13,3HhjFJHVpg5i42v6Yj3YPUKkDWjwZWfNtQUmu1Ka6HMR3RpSRSB2YPoAkG4ZhS1ZdkgrRKcAtJDTVmvGTPcKrwo
1789120728,H1kXUqEPkQNNeNjGNN5tuHf3nsQK2vB1jUA9c4RggpUf,2026-09-10T10:24:56Z,sat,G15bKHgJHv8Z4qg6Q5sy2uz9DXqG93sZoRPxALPCmdrq,2605.25,3BDVbke82WT6c7kdHSSQfQZLKf1c7gALpnyDJVwSSxyq7dWCYfxkjTfn3t4HKSdLbZTmfrMMHDjQF3jy9MiCKjmA
1789120728,H1kXUqEPkQNNeNjGNN5tuHf3nsQK2vB1jUA9c4RggpUf,2026-09-10T10:14:21Z,al,9JBH3sbdU3zcRaPnKPJBfqHWt6ZBKUrvrfgEicRh13ma,3335.72,3faMvVh856B94vnr4pUcvkyjAbd3HMLAoxPucuzAQ2vS7RgWJ8FmFhBt7hA6rqFWnEd7FHJuJCf8upeJeXNLnjts
