ts,token,islem_ts,tur,cuzdan,usd,tx
1789148817,8SqYfYNm3g7TQJmm7EaxYJcDV9f5G3Y7t92DzbUQKFws,2026-09-11T17:35:43Z,al,7M9A6LcqA6gEkjq1UXm3McfZbj6U9TBnr4tTzPLkyZQY,3920.89,34jPRn7rF16LkgMSDvU2K8yXkA9xRCjqY8q3U2xdwnrJapuV5FaLHf8GsM2SEJzYSddcnWnoBX77psU6EBb4W71y
1789148817,8SqYfYNm3g7TQJmm7EaxYJcDV9f5G3Y7t92DzbUQKFws,2026-09-11T17:29:27Z,al,7dm9am6Qx7cH64RB99Mzf7ZsLbEfmXM7ihXXCvMiT2X1,3938.6,3EAKRaMo4S8zh2HH5RXsokCpHehwaesNBnbaXdupJSwU93w6W7cxDvBvfb5YYY5iBSnhQnSmS4RLd38VZjSTnCMd
1789148817,8SqYfYNm3g7TQJmm7EaxYJcDV9f5G3Y7t92DzbUQKFws,2026-09-11T17:29:23Z,sat,9Za4f5sTCpkVbcg1du4WWYr9mimethehzHDyykWJhDr3,2560.48,6LCtKb1ysv98vF8XQBrxi9gUT1ZdifFtBZhm928atieEmSiMBpoH9Fx1SkCmMdkoAeBGmYaUgGUFMiiQRmLXydc
1789148817,8SqYfYNm3g7TQJmm7EaxYJcDV9f5G3Y7t92DzbUQKFws,2026-09-11T17:25:06Z,al,Ak6gsstZwaRDYKnzdyNg2HvCXDFvv21afjVix9VGRMQv,2687.57,5cZPS6GRebHV3aZ9bFRcpVi2wFroXxixuqyuMqS7yy2rX2EiUVeUvkQfvJUbMPYKz1mp3kdWWsqkE1R8GxqszyJ5
1789148817,8SqYfYNm3g7TQJmm7EaxYJcDV9f5G3Y7t92DzbUQKFws,2026-09-11T17:17:04Z,sat,5KXDF6QnqhBj72hDtJNkkpFaQVUfbFXNybMsp3DiK6tD,2596.67,3mjA5hGaVDCXijRWCBY3BHvjy7Fv4SNpSEkwK3cQ4Y5MtLgjMANLNPh6RzUw1nbMUsXYfVvPck6wPkZKG2st2kxt
1789148817,8SqYfYNm3g7TQJmm7EaxYJcDV9f5G3Y7t92DzbUQKFws,2026-09-11T16:06:21Z,sat,5KXDF6QnqhBj72hDtJNkkpFaQVUfbFXNybMsp3DiK6tD,6569.13,2digzhj55JNe7eFXJDb8skLeYUakcuQiFeAqFpYMX2phhTH21nPiswqXQFkTnovycjArdmuorkVEmBgnpipfE2sE
1789148817,8SqYfYNm3g7TQJmm7EaxYJcDV9f5G3Y7t92DzbUQKFws,2026-09-11T15:24:13Z,sat,5KXDF6QnqhBj72hDtJNkkpFaQVUfbFXNybMsp3DiK6tD,3971.18,2APoD8HDNcSHjQZMQoAKsWTkMPsEW1XecaMYUULspa42hJ86RC6ss58xHPgBYJyQjwxkF55qdMvonD3wzM6PtFi
1789148817,8SqYfYNm3g7TQJmm7EaxYJcDV9f5G3Y7t92DzbUQKFws,2026-09-11T15:06:43Z,sat,5KXDF6QnqhBj72hDtJNkkpFaQVUfbFXNybMsp3DiK6tD,9842.98,4mxmScAHtkwhYKsKZfkmR3wRFWG8e7BrTWHzA4cn5bu4cWwFGJD6nYjbJE9BNrzXmeTUTXkL8V8YN7rf7RUQ1rHz
1789148817,8SqYfYNm3g7TQJmm7EaxYJcDV9f5G3Y7t92DzbUQKFws,2026-09-11T15:06:22Z,al,EpTEt8zmLVuqed5AEQMWbi6eaycQht4z8UDYrAws71cq,2560.64,5UHZ9JY4LghTSeoG7QVB9wVorWte1uj4PsAf2VqPx6Sr46LreTtqxe4fHqVL6eUb9dF9uZjfk6SUv7gUPU72WtbG
1789148964,xGLGorJ4Xc3nFqkRbEnvRndyptFVEyQdtN1xTPipump,2026-09-11T17:26:35Z,al,EZ45AsR8XUXebVA8679Eu6kMXsmHFT7fXiQvSiMbWFMy,8670.83,2sUumcVoot8VWqpCEsVBBwuj37H6nRpuisYBScWrAWyMZj8Rm5ZxtXRLAAQNmT2zTBUt5oBFFhvtwVPChtXpBR8M
1789148976,5VAM7MJK7exsQR6WdftgxPTdjdgu8amsUtDMem76pump,2026-09-11T14:36:30Z,al,3AszaSWh3kGHy4KGCrbxhRY3uER4yuGxvus1X2KXwdPm,40592.54,5sbFVL9bJ5AbpvLbVNPe4s6tHVRdKJKUcNbfQAuWPE9Wkox2jEyqXP6DzC85omxFGh8dbPzoRNdmUDR1EJSZETc3
1789149001,8zP8DhqoTGNGXHXdQfHPPWrAijWt7FkgyporQ4FHpump,2026-09-11T15:05:39Z,sat,46qyseudbDdBWqKM3rHXDMKFjqGzvFF6G1inqBHgv1hU,5097.98,2hM8U8QZ5HeJBYLsx38XPVKEA85rCvaSAYxamQmqSoQnRAN6RQQFXBEtAMfsant5xyb2pP2uiirbrssAH1ACPbea
1789149001,8zP8DhqoTGNGXHXdQfHPPWrAijWt7FkgyporQ4FHpump,2026-09-11T14:02:45Z,al,HLUsKRZAWWAJ9EkVfiUmtfisP5A617DUwVwh2SSiHF8m,8926.44,3hPGGKvZ7WDpuujgrEQkX4vLq8oMbwibfbZuHRcHFU3M6eJ3ZWxc1gkPUs3EDCfHqMB1yVkdGtXyd9T3wcynFS4Q
1789149025,AaCBdbi8DiBvWiSjTG2xkkqeshDCSifsvYqZrkpDpump,2026-09-11T13:57:36Z,al,EXMxpihfBKhnRWV16CEBhWze51TLwsxoH2ThynpaKdWq,5155.44,2413iuUi6qyrNBANnLBxFxroPi3VS32Qewhkf8zYF5zRNptQ6yQng1G2tVNTT3xJef3RMYGCePzS4q1EFD8HNUGh
1789149025,AaCBdbi8DiBvWiSjTG2xkkqeshDCSifsvYqZrkpDpump,2026-09-11T13:57:36Z,al,EXMxpihfBKhnRWV16CEBhWze51TLwsxoH2ThynpaKdWq,3086.02,2413iuUi6qyrNBANnLBxFxroPi3VS32Qewhkf8zYF5zRNptQ6yQng1G2tVNTT3xJef3RMYGCePzS4q1EFD8HNUGh
1789149052,FjTfaSH861nVcbAxdFAHTvhoSL4kyR6wgTWynuJkapht,2026-09-11T17:33:02Z,sat,D3zAG2Kb6dAWvfuJtxhMun9dT3VurJcFjRDJvVkApZ3d,3074.32,2rvJAHzD7gphA8akwbnehFJUbitdCEwfpzuH8c3z8ocxMFCnnAAVq3g94t7tY9pHr5qfMCme9CqmhUEjr9XxQMkk
1789149052,FjTfaSH861nVcbAxdFAHTvhoSL4kyR6wgTWynuJkapht,2026-09-11T17:30:11Z,al,4yMQPYwEVcJKScnqjvmdXJ5JXLxCQcxoMGLk4zPnQjEX,18092.03,2m6Sg3F6oHTpxboLzB6U5HdwUfuZbtxnrMEGuNbHEqDnatkR1ho4HjDRWkJoDv2EzNYrksQAo1sc3gFoKXwnHDN9
1789149052,FjTfaSH861nVcbAxdFAHTvhoSL4kyR6wgTWynuJkapht,2026-09-11T17:24:48Z,sat,EpTEt8zmLVuqed5AEQMWbi6eaycQht4z8UDYrAws71cq,2755.85,SCYL8JRzeBcXBvBL7Bph34mJwDSaC6C1QA723AGLjXmz9kxAFNmR2EEpeiUHW99RQKenaRRFyzKS7qjwomF7SS3
1789149052,FjTfaSH861nVcbAxdFAHTvhoSL4kyR6wgTWynuJkapht,2026-09-11T17:24:32Z,al,BhjybbwaWshncs1JXT8PKotBnTLRAXGiNHLB9dMpWffm,5346.01,3ULNJjZWzkjtLNwNbEbxbtvx22Ro14fmCytk1bJqdtJURv7YRPxZf8jxCdHukWBZSBvAJfDJVnvrYxVoRF9jxaMg
1789149052,FjTfaSH861nVcbAxdFAHTvhoSL4kyR6wgTWynuJkapht,2026-09-11T17:22:06Z,al,BhjybbwaWshncs1JXT8PKotBnTLRAXGiNHLB9dMpWffm,8128.5,43t3w9c9Z2EN3L647Y5kevkKbUCGDFaZR668eQTFtQDUjwPSKz7rHX6tZqpFW3kdCEeDnQSBwcACvuQEnhe4jbq8
1789149052,FjTfaSH861nVcbAxdFAHTvhoSL4kyR6wgTWynuJkapht,2026-09-11T17:21:44Z,al,BhjybbwaWshncs1JXT8PKotBnTLRAXGiNHLB9dMpWffm,13752.58,3qKfV6yE2aZVGtpNfFTMpDBsWMeB2CoSHGCUegvQy6K6KbaNME6Q4BqUr3ugqV4VEYLy6XkzRczobPfQq7eW5Mmm
1789149052,FjTfaSH861nVcbAxdFAHTvhoSL4kyR6wgTWynuJkapht,2026-09-11T17:18:46Z,al,BhjybbwaWshncs1JXT8PKotBnTLRAXGiNHLB9dMpWffm,11273.38,4HpHn54vAsbGM9atRGwVeeMn6vpXxYczWpywVz9UQXwwdhzUJWUp5sQBSY7HT2HXmubrNXBJ8CEp8kQM2hyihdCb
1789149052,FjTfaSH861nVcbAxdFAHTvhoSL4kyR6wgTWynuJkapht,2026-09-11T17:17:41Z,al,EpTEt8zmLVuqed5AEQMWbi6eaycQht4z8UDYrAws71cq,2531.29,5K1An5yvo6bGysQDAQFPXvonoYoDERNAGL2m8HBkCBtpYVSuSbooAiUWDwsSJQytgYD4fxiPZ1xwqDcQAGasseuu
1789149052,FjTfaSH861nVcbAxdFAHTvhoSL4kyR6wgTWynuJkapht,2026-09-11T17:14:59Z,sat,DqYvDJApZntxRjygwrGgqfPt3oRM6bCJ4E431iu2iWeY,3662.66,32Tgr7sd8KVVzyddf72wV1kTa3QfoZCmpuTmUCPdmdSBA8wsxj5whgkQYfpwKUfzqai5mvm5Bnw1dEmgC9yzatWR
1789149052,FjTfaSH861nVcbAxdFAHTvhoSL4kyR6wgTWynuJkapht,2026-09-11T17:13:38Z,sat,AomWrraZzuUjEhGYz7Layekz3nhLPr87Wc7xn2YmEaj2,2681.58,2poBn1BjtiX3qf8bYZ5FQvzioXaCRW8DSXLoeAs6fxwa9sKW1vuJ1gQ2wqoMZY9PEzNvo2jbDBh4Cnf1feGqx9y6
1789149052,FjTfaSH861nVcbAxdFAHTvhoSL4kyR6wgTWynuJkapht,2026-09-11T17:10:49Z,sat,5KXDF6QnqhBj72hDtJNkkpFaQVUfbFXNybMsp3DiK6tD,5603.21,4WnReBsu49Td8Rd7RuwM5L8pm3kJprChEgJSJgze1ohb7sWXHXNt8g1sxZvzzCTzT12MtWgYkmhcsRHmYKAfczRQ
1789149052,FjTfaSH861nVcbAxdFAHTvhoSL4kyR6wgTWynuJkapht,2026-09-11T17:05:22Z,sat,sAdNbe1cKNMDqDsa4npB3TfL62T14uAo2MsUQfLvzLT,3406.01,uC3KGkjHEBkpueaJuLGGxURno1YRQj9nw8HjpM9gdT1j127vAXkykhFganZ2y2C84yr6PU6753vTZob4rKq5tvy
1789149052,FjTfaSH861nVcbAxdFAHTvhoSL4kyR6wgTWynuJkapht,2026-09-11T17:05:21Z,sat,a16ZRRPYzkCgED9ECcFd9vdrFzW775Z2DqmAEsSZDGE,4159.17,dmfQxeU6ZfDGbEwDKdkNc29iZbMSTZyjeVDrrYgJrZTjdEsJVz7i7rkemNRLvE1odD4rjZaF4EABMYG5eTxzEZQ
1789149052,FjTfaSH861nVcbAxdFAHTvhoSL4kyR6wgTWynuJkapht,2026-09-11T17:05:05Z,al,BqgBKAatTpGuBvEDdaqvyhPsYFSzc1HA4KAHxMHJ8CYs,4274.57,36uyKL2ZLQSYvBzNvFoR8ihPcz7WfedpdSR4JMiSoz53tDn1ZE5AyGvnvBnwwSNYGgGshSmaCfMtJA9bPmzoLYvq
1789149052,FjTfaSH861nVcbAxdFAHTvhoSL4kyR6wgTWynuJkapht,2026-09-11T17:03:54Z,sat,GTtGDVMMZaHCVSN9uhv3x9LRSmV9wky67N184Vunuu2J,33958.57,4Ufw5KsS49Lmne2hYt6jw56a65w7pQhuM92e6Z2egTonQFrj5ZzYFjtAvx9qSozANKHMg7FVt95vXBH9nc6c9WPj
1789149052,FjTfaSH861nVcbAxdFAHTvhoSL4kyR6wgTWynuJkapht,2026-09-11T16:58:14Z,al,BqgBKAatTpGuBvEDdaqvyhPsYFSzc1HA4KAHxMHJ8CYs,4799.85,4GBBmR6B752bNVpjXpMcUxr3KGv1k9xTEL7upQRMJJ8b3Gau6NqtvWfNvAEKnDSoqFvQNL7k1hPyaMfmeABsXtER
1789149052,FjTfaSH861nVcbAxdFAHTvhoSL4kyR6wgTWynuJkapht,2026-09-11T16:56:42Z,al,BqgBKAatTpGuBvEDdaqvyhPsYFSzc1HA4KAHxMHJ8CYs,7111.31,3tmNuP5kfqw1Z8YJvHrjE3WeEoX3VYyW3ECvmeTgdiRpggP4WVw4SFDbXsnrjVKk3FmHqZYxJMbayZZAqCYzdue7
1789149052,FjTfaSH861nVcbAxdFAHTvhoSL4kyR6wgTWynuJkapht,2026-09-11T16:48:06Z,al,BqgBKAatTpGuBvEDdaqvyhPsYFSzc1HA4KAHxMHJ8CYs,5785.33,5zYy5izzhAJdioHsEiAcHghWbD3rTqKCHxHQpyzNrWDbDqmbgqof2SMb8kWWYftZQSZNAQCmK5X88ZPEAVrWRNsA
1789149052,FjTfaSH861nVcbAxdFAHTvhoSL4kyR6wgTWynuJkapht,2026-09-11T16:44:44Z,al,BqgBKAatTpGuBvEDdaqvyhPsYFSzc1HA4KAHxMHJ8CYs,2530.58,37vDFqbhAKJTEJTK1mEcyf8FoE6DShCdiv1C8zyogqYruhSdGQDfGCDJg7PExSTNGMgWxMhfa4hxYLUfojwbkjvA
1789149052,FjTfaSH861nVcbAxdFAHTvhoSL4kyR6wgTWynuJkapht,2026-09-11T16:43:12Z,al,BqgBKAatTpGuBvEDdaqvyhPsYFSzc1HA4KAHxMHJ8CYs,2519.66,3hMRNxL1UYaiALPC5aAfpVQXFM1mJhLsyf6fVXP8aHYzT3YYyZxWZAJVD8KT65bMQkauCxkxSQoV3mVUF9oX2pf3
1789149052,FjTfaSH861nVcbAxdFAHTvhoSL4kyR6wgTWynuJkapht,2026-09-11T16:39:38Z,al,BqgBKAatTpGuBvEDdaqvyhPsYFSzc1HA4KAHxMHJ8CYs,7099.01,2XZWfbNGxbpApsP5pa5YcMXgGkiQyxJuJgMvMBpZCoMtFyhwWPAECBghYyLMkmws778GPcwifGr8NQWkkeE994zG
1789149052,FjTfaSH861nVcbAxdFAHTvhoSL4kyR6wgTWynuJkapht,2026-09-11T16:35:13Z,al,BqgBKAatTpGuBvEDdaqvyhPsYFSzc1HA4KAHxMHJ8CYs,7612.63,4p84n3mXAeKKR8msuBTDHzMnCV5SpWunXQF5vDDASBGyKdam3xvMNRBAXf5eNncGgjDa8WvUBSogMeRmNmtrVw85
1789149052,FjTfaSH861nVcbAxdFAHTvhoSL4kyR6wgTWynuJkapht,2026-09-11T16:35:01Z,sat,H3WottZ3263rZXjgR3ZPSiEryZdiohbDHLXGcyz3yBEN,2758.69,2F1kYuuik8FuqLUPDr7Ki8raZfE7sCJRFfNayQwGr8mjRrRWKpvzttMCsDosw4pVWPiSQuCYQuaGheqgemumysx8
1789149052,FjTfaSH861nVcbAxdFAHTvhoSL4kyR6wgTWynuJkapht,2026-09-11T16:28:34Z,al,DqYvDJApZntxRjygwrGgqfPt3oRM6bCJ4E431iu2iWeY,3237.61,5wQnCzUPDVwLdhMJzGd45w9AkpwHoBcZtDA9tcF3GiGdLMPe6L64SV9RDNYUEc1hX5KyAPHWFvZ3GXkAwCer41tS
1789149052,FjTfaSH861nVcbAxdFAHTvhoSL4kyR6wgTWynuJkapht,2026-09-11T16:25:05Z,al,BqgBKAatTpGuBvEDdaqvyhPsYFSzc1HA4KAHxMHJ8CYs,6554.51,36AF927AETAFC9otLdGGhT9KjWdjmQEnhxUs6b5yAfj8yPwGAyKpPZXsBhyTLvBek5gp4hteFwG5ghHbMVez3rYd
1789149052,FjTfaSH861nVcbAxdFAHTvhoSL4kyR6wgTWynuJkapht,2026-09-11T16:15:41Z,al,Fgy7SYFK8gvYc42PgCtiWwLakfcE2K9HxBqZsmNJRt4K,2928.03,3aT4Rv1AeYTfCS4HyxpNz3r9MyfcFJXNFoBzsR3pVcC5PYeVzaFWdts5afdDGy7djQLXGSEQk8tT3Uyw6vFEic8
1789149052,FjTfaSH861nVcbAxdFAHTvhoSL4kyR6wgTWynuJkapht,2026-09-11T16:15:19Z,sat,5KXDF6QnqhBj72hDtJNkkpFaQVUfbFXNybMsp3DiK6tD,6160.15,3MMataf4AaR1pdZ1a8q4bvmv2VnYMPCFvUQPQoVBffA1G1Ks4WQU5nMTqoUhAoZY1iQjJroJQqU1NGeahH6uhYEL
1789149052,FjTfaSH861nVcbAxdFAHTvhoSL4kyR6wgTWynuJkapht,2026-09-11T16:13:14Z,al,Fgy7SYFK8gvYc42PgCtiWwLakfcE2K9HxBqZsmNJRt4K,2543.69,2xMRS3VtiMi9W2jk6v2vT1yxYj9xRRGkr5DUxHjc882gdzWTKxDuvQfQCdPw5tY5hUXk4Fkj5bLajWXg6REAqF77
1789149052,FjTfaSH861nVcbAxdFAHTvhoSL4kyR6wgTWynuJkapht,2026-09-11T16:12:39Z,al,Fgy7SYFK8gvYc42PgCtiWwLakfcE2K9HxBqZsmNJRt4K,2542.58,51YYJQcacwkFJLgL1ETxktznZrq9p2fjZc4Wdiyn7rx7ggDmegBj5AgH17gDAeMfNzRQSyHELVyWnhCNqQ9KQfAn
1789149052,FjTfaSH861nVcbAxdFAHTvhoSL4kyR6wgTWynuJkapht,2026-09-11T16:12:29Z,al,Fgy7SYFK8gvYc42PgCtiWwLakfcE2K9HxBqZsmNJRt4K,2525.36,2kv4AQiSEBwFLHoX1h8pN4CJPQymdy5XH4JNxGGGzvyZyFD1XHxJdmFdo3SVoYosbofdACbSdE47HsqEkxD7z2uR
1789149052,FjTfaSH861nVcbAxdFAHTvhoSL4kyR6wgTWynuJkapht,2026-09-11T16:11:04Z,sat,ArcDyHCxmTkLA6d1nKmJ5pDxW65Zp6dbtL2DN466WTMT,2850.56,3iiP2Ema2uAzkQr85U5vj4YfJsArpuZ8NsWSNagnuFyNut1hXf5S3oLbKZVA9orz1J7MPJYizTJ3vZjHhiSoebpE
1789149052,FjTfaSH861nVcbAxdFAHTvhoSL4kyR6wgTWynuJkapht,2026-09-11T16:04:09Z,al,a16ZRRPYzkCgED9ECcFd9vdrFzW775Z2DqmAEsSZDGE,2752.91,3z6PfSgc1QZxtUawHT9x1UenTo9FcozppcXzhgvPHmj7VFKLEVDTYybH6ugNxVsecKuFsrMkCJp7NQLiN2f6w65t
1789149052,FjTfaSH861nVcbAxdFAHTvhoSL4kyR6wgTWynuJkapht,2026-09-11T16:03:42Z,al,Fgy7SYFK8gvYc42PgCtiWwLakfcE2K9HxBqZsmNJRt4K,2535.73,3fYZizjvbaBdMcyD4n5aGKX1kK9RCr6LnMAw4cp51JdQvZfkkrMstQhuGmB6RNYkMF8HXy4A9Qu1MZS98DCHy3Ce
1789149052,FjTfaSH861nVcbAxdFAHTvhoSL4kyR6wgTWynuJkapht,2026-09-11T16:02:46Z,al,Fgy7SYFK8gvYc42PgCtiWwLakfcE2K9HxBqZsmNJRt4K,2541.96,4zZRvZ5afJFuq9yE4eYBuw5zam59KANRiEY7deVnJrDwTnwuRvkk3XYwnEmmdXzXCTF47uk53AwP5fBBZdRfq4Wo
1789149052,FjTfaSH861nVcbAxdFAHTvhoSL4kyR6wgTWynuJkapht,2026-09-11T16:02:25Z,sat,5mBfEzB7KHND8PhYNQCvmHy4RLDcitgTCFKNxsXGLwMw,5046.94,5mQwsRFiULm5aDNxXFDV4J4e17KnwaGMgWne3MYiN6jYUe47qdMecUtjHWzmPNomtGSb4evScL6R4iL9fUKd6fWV
1789149052,FjTfaSH861nVcbAxdFAHTvhoSL4kyR6wgTWynuJkapht,2026-09-11T16:00:29Z,sat,sAdNbe1cKNMDqDsa4npB3TfL62T14uAo2MsUQfLvzLT,12794.87,4qWGq2XyK8rBdMFZGhNAhgMuZmEz9Z5VXDoB1QCwnXXzwixg4BAawXwaEoE7ZVF4HTjqrC8mqFwiZhFnMiZ6hRfw
1789149052,FjTfaSH861nVcbAxdFAHTvhoSL4kyR6wgTWynuJkapht,2026-09-11T16:00:27Z,al,AomWrraZzuUjEhGYz7Layekz3nhLPr87Wc7xn2YmEaj2,5099.5,2htCHg4YrCdNT41sSBcU7DnESoR7oBqzxzuUT7gytF52y7Z93MDXpSt147Qwm8CArjMXQfJaudqkgaPVaVwpY24o
1789149052,FjTfaSH861nVcbAxdFAHTvhoSL4kyR6wgTWynuJkapht,2026-09-11T15:54:05Z,al,8omxC22s8T42oJ7gB56i3kFUzT1651uf6QopE2scKTWG,4998.98,63H7oC8RmFxU2fQS6jE1fyxjcWSrZuGkNBRg9GQpSdHcVhb5cHZE3EKjrwTmBgLireVuGXqMPDLWmPjc1Ts2CJ5p
1789149052,FjTfaSH861nVcbAxdFAHTvhoSL4kyR6wgTWynuJkapht,2026-09-11T15:54:00Z,sat,4s8GDHAGdHvv4f7yEGkUZkL82BAWdPo9ebFntKZ8WAjj,3802.32,3FGSX8XPvBj2MCHUeHQKZc6DnWwNZh5Bhfn11kdCwSoJ53yxKsPqnbyFr69nS1db6BXwf2oTkXtZM4fzrmWwAn6h
1789149052,FjTfaSH861nVcbAxdFAHTvhoSL4kyR6wgTWynuJkapht,2026-09-11T15:52:10Z,sat,4s8GDHAGdHvv4f7yEGkUZkL82BAWdPo9ebFntKZ8WAjj,2649.49,5tmCFLCy3GGfBT4RUd8DpecR7QenMje92v31jjqeCcVxqvLSoqmsomEiRsstsecLy7ZXp18nTkhS88mzPebr2vpr
1789149052,FjTfaSH861nVcbAxdFAHTvhoSL4kyR6wgTWynuJkapht,2026-09-11T15:51:58Z,al,EpTEt8zmLVuqed5AEQMWbi6eaycQht4z8UDYrAws71cq,2559.43,3DRwaH2a8C4eB4vQy7mgxnAQ3SzDtSTrfNzGyz5AmkDotahqPGDKW7V3G4Zb38Yja9bj3bXTNDyfvZuPee62PLJd
1789149052,FjTfaSH861nVcbAxdFAHTvhoSL4kyR6wgTWynuJkapht,2026-09-11T15:50:19Z,sat,5KXDF6QnqhBj72hDtJNkkpFaQVUfbFXNybMsp3DiK6tD,7166.62,5eU45PspRzjWWGKGhBPiVPwnNmDKSSFxzy7JgQQ95rA6Lmck5QcgjX2yDU3dRamvXE5cqxNdxkeQuuXprwvqDLwR
1789149052,FjTfaSH861nVcbAxdFAHTvhoSL4kyR6wgTWynuJkapht,2026-09-11T15:50:08Z,al,EpTEt8zmLVuqed5AEQMWbi6eaycQht4z8UDYrAws71cq,2561.14,5y6LznZTJnpyUfBFngTibQxE6mEKvj48t8jPtwJafmZG1ArJhZnNDeSfgzfD3sdpz538TvXHVervbHWuFBJ6tZTy
1789149052,FjTfaSH861nVcbAxdFAHTvhoSL4kyR6wgTWynuJkapht,2026-09-11T15:48:53Z,al,H3WottZ3263rZXjgR3ZPSiEryZdiohbDHLXGcyz3yBEN,4964.46,5UYDuRNLLXQE3MLRvjrDcVc49XbN721584GVbprCk48NiZGxG19oYrhVpHkY7A1iUmNQSL5UeafBU1XVDw1cygh6
1789149052,FjTfaSH861nVcbAxdFAHTvhoSL4kyR6wgTWynuJkapht,2026-09-11T15:45:51Z,sat,sAdNbe1cKNMDqDsa4npB3TfL62T14uAo2MsUQfLvzLT,2629.58,29LoKyrnX4h9VVyu23X43qKyUPH6UhnR1uegWPzoiYc9zX8bhegR45hhxdnNRVFGu5EXtL7qpBJEbg5ibNmnDhkv
1789149052,FjTfaSH861nVcbAxdFAHTvhoSL4kyR6wgTWynuJkapht,2026-09-11T15:45:40Z,sat,sAdNbe1cKNMDqDsa4npB3TfL62T14uAo2MsUQfLvzLT,5260.09,3PZE6W1eLPaZM1z7giZRcXuUtUhmvUXCSbKANwhDdDCHfrFXJrFJUJBHGgQPYfisRbb9JAep2W88rGSMfWgGUtmc
1789149052,FjTfaSH861nVcbAxdFAHTvhoSL4kyR6wgTWynuJkapht,2026-09-11T15:13:08Z,al,6w1gKkRjZhkvnY8rwAHFKj9B7iRGY9QZZ6RAmu6nNZbh,5564.33,kKQdXKkrSZEXtnQRP6j8cuWQ1Va3DVsrHNpFtcBGzZ3EDheaojn7DArnHiK94ECiGCj2YLB6m1RJnmQAfzxRhjL
1789149052,FjTfaSH861nVcbAxdFAHTvhoSL4kyR6wgTWynuJkapht,2026-09-11T14:33:07Z,sat,5KXDF6QnqhBj72hDtJNkkpFaQVUfbFXNybMsp3DiK6tD,4810.62,4Mo2d5G4cdUzN4R8R66q3NLYtTWFQT4Z5BgjnetCfH4AurABpS2vPrNDFCdNiAgW89eU17s6UCNLaxJEXY7jUUyo
1789149052,FjTfaSH861nVcbAxdFAHTvhoSL4kyR6wgTWynuJkapht,2026-09-11T14:28:22Z,sat,sAdNbe1cKNMDqDsa4npB3TfL62T14uAo2MsUQfLvzLT,3986.48,3VpxXSMdkJ4TfwCYRyXpquBjHgB9mnuYBnjxjCKPWayTGonYNrV3aYSWhNEwRxdCzFHk4PukczxGvFkZWYoPc7BS
1789149052,FjTfaSH861nVcbAxdFAHTvhoSL4kyR6wgTWynuJkapht,2026-09-11T14:25:01Z,sat,B1wDBm7HHNb7abESQjNKb14pBgejbUqZkbhg79rruzy7,3066.34,9VvsrmVQ1ECXW3kEyFDc45rAR9TF2jTf9YFoLjrhX81oteDJnv5yCT2yWGNkwPB1s3M3AX4Lr7r9eaaYmTgmSLf
1789149052,FjTfaSH861nVcbAxdFAHTvhoSL4kyR6wgTWynuJkapht,2026-09-11T14:12:22Z,al,FmSTs74YXhKVmfsYR89Zc1RU2rSpocZUm9a2JuivEygB,10017.01,2PkpcSXjParzqgPmL9eZNcuiS1qBVR89Lf2JQMRRdXemJpcwY8N4YTe43noPY5MaYv9SmfzkEvi45tgJNLaFBoAv
1789149052,FjTfaSH861nVcbAxdFAHTvhoSL4kyR6wgTWynuJkapht,2026-09-11T14:02:58Z,sat,ApFW8JRwaTnPqrgxtGujQH5Jey7XfdUj1wTv8mnKodzh,3860.98,2kNHuY6wu5SSX4Z8dkXsDe3VMrGPzBsNgmYQQEMWBMZzo5tJyEEHcXKnxmBxjnXdSmeUsvUyS6YTdxe7bfS7zLzB
1789149052,FjTfaSH861nVcbAxdFAHTvhoSL4kyR6wgTWynuJkapht,2026-09-11T14:02:54Z,al,GTtGDVMMZaHCVSN9uhv3x9LRSmV9wky67N184Vunuu2J,10471.63,6Era261mXb151M4jMARmWsT3tUnBFEEhG8KS5BSViaYUf2UyP7SYbd3fVxKMbrQLGweGCbJMd8NTZhYF2wYfVFC
1789149052,FjTfaSH861nVcbAxdFAHTvhoSL4kyR6wgTWynuJkapht,2026-09-11T14:02:42Z,al,GTtGDVMMZaHCVSN9uhv3x9LRSmV9wky67N184Vunuu2J,10530.53,3sRUxaJeBzSUqAyoH6BsS2cXubt3pbYh9ZrKLJ23uBMywmEG8i1S7NBUF2wGc3NBcJi8qtKzYnmvzR5ijHFnRPCg
1789149052,FjTfaSH861nVcbAxdFAHTvhoSL4kyR6wgTWynuJkapht,2026-09-11T14:02:28Z,sat,5KXDF6QnqhBj72hDtJNkkpFaQVUfbFXNybMsp3DiK6tD,6753.05,3MAPJq4r2siRGgq2CdHnrk5HEBvZ9gdg9AqsfPDYU2k53HiHnJSMSzPWEYc9C7uAGpR9W9NxvDrUXMRgXjLAwpJq
1789149052,FjTfaSH861nVcbAxdFAHTvhoSL4kyR6wgTWynuJkapht,2026-09-11T14:02:10Z,al,ApFW8JRwaTnPqrgxtGujQH5Jey7XfdUj1wTv8mnKodzh,2994.36,ZHVEhBmNtc6MNrfTubNTgqwgNrbDCBZLNTrxYFLzakK9kL3EHBijUAWcTgMu2MqAuAezNELiB4gSZ2v2HxhYfeF
1789149052,FjTfaSH861nVcbAxdFAHTvhoSL4kyR6wgTWynuJkapht,2026-09-11T14:01:32Z,sat,3uz65G8e463MA5FxcSu1rTUyWRtrRLRZYskKtEHHj7qn,2799.59,2dpVxo48fqBNjUzeg1urUnBbmWdR8mz1ZTf6PKfRjiXUpXhd1RUAMhTp4gdt2stYTnXr9ry6HNytXuFsacuyoi4f
1789149052,FjTfaSH861nVcbAxdFAHTvhoSL4kyR6wgTWynuJkapht,2026-09-11T13:58:56Z,al,EpTEt8zmLVuqed5AEQMWbi6eaycQht4z8UDYrAws71cq,2612.99,3DFVAbDyb6cuwmiAZz47PxJbGWMdnW5mcSfjGZp7eeRaXbHt5J74ojqGEKdbuVCtc1SVvhh2h7ycsk9J5dHc7SsM
1789149052,FjTfaSH861nVcbAxdFAHTvhoSL4kyR6wgTWynuJkapht,2026-09-11T13:58:40Z,sat,a16ZRRPYzkCgED9ECcFd9vdrFzW775Z2DqmAEsSZDGE,2955.59,QEQAKt5MVrhuVTPFDwu9b9u5XbkdR2V9oFt2qAdRft6KyEwj2YnEXMukMVuecYUPprEMtiMwYiXKCnhwPdc5crw
1789149052,FjTfaSH861nVcbAxdFAHTvhoSL4kyR6wgTWynuJkapht,2026-09-11T13:57:13Z,al,4voCwosyCkLsdg6LuEpfXF4Xt2CBB3LthVbMhTB5mwHt,4116.92,3huhZ4fATopezSBir5Tmvvk1Sk4nFw7XxdcN9m3qYoimx2oqhYC1hTmPNr14Z7FRgfjYAacSUiyKnMWwiMyfWmBt
1789149052,FjTfaSH861nVcbAxdFAHTvhoSL4kyR6wgTWynuJkapht,2026-09-11T13:56:44Z,al,EC2f5DnHzuNRit1ExqghSifDbp1wgrzktsRRZCtU92MJ,9971.46,2JhcvxrNeS45c3UVTsJukJgLAR9tHVJVKwDqte6qdNU2HutuiRhoeRTXsujMuridXihmqPgMFdm92tnPZENFBEnn
1789149052,FjTfaSH861nVcbAxdFAHTvhoSL4kyR6wgTWynuJkapht,2026-09-11T13:55:41Z,sat,5KXDF6QnqhBj72hDtJNkkpFaQVUfbFXNybMsp3DiK6tD,12235.81,zFHBccZ3ZteMTat6rJz2c2wg9HB7pAqG53qeyitxuiUip6eQZqtSzz5nkbNNmU135tHynXip63NodmLdEvuVjTz
1789149052,FjTfaSH861nVcbAxdFAHTvhoSL4kyR6wgTWynuJkapht,2026-09-11T13:54:03Z,al,EC2f5DnHzuNRit1ExqghSifDbp1wgrzktsRRZCtU92MJ,4969.27,3FEfeq2nrRzTR9R4bKkFN4mFMqduBKuKXZ5TeBZ9kJfR8uQkYFmsZG2cyHF1wmbGyGG6i6Mx98BVLChM5EkonQfo
1789149052,FjTfaSH861nVcbAxdFAHTvhoSL4kyR6wgTWynuJkapht,2026-09-11T13:53:15Z,al,EC2f5DnHzuNRit1ExqghSifDbp1wgrzktsRRZCtU92MJ,9946.58,UUmFaXXgkCggMy1GnyhawS87eaD23ECUeQK4bTaMRcwMdHxKKpNCmV34CXHaihNSQUDkyTeMMLqrqp6hqdFMKEN
1789149052,FjTfaSH861nVcbAxdFAHTvhoSL4kyR6wgTWynuJkapht,2026-09-11T13:52:32Z,al,EC2f5DnHzuNRit1ExqghSifDbp1wgrzktsRRZCtU92MJ,4361.98,hEB4JxawQoQv2ocz9PqdfYSN6NJnQaxF4pNrYaaRqmwLPXWAojiu57Y7rwRoaK3fDEKqcKpMjYMStNEYanGzPUL
1789149052,FjTfaSH861nVcbAxdFAHTvhoSL4kyR6wgTWynuJkapht,2026-09-11T13:51:05Z,al,7YpvTvSt7QDBU3aYDV6PGgsh4JGyHFfwtwngWCjz8NLx,3543.19,nzG3fufzwKm6qxrfofBmDry79EM5GdRVkwH7UsmwsJ4rCMaNrN71JVuhdqE51uMW7bB1dtgaCPDdJDhJjGqyWHq
1789149052,FjTfaSH861nVcbAxdFAHTvhoSL4kyR6wgTWynuJkapht,2026-09-11T13:46:35Z,al,5J42nP48mhhQ3iBvBYsmqEUyifiHqv7H64PcdAt5rbPX,4099.67,2aznK8LBu21ozVw5YBJKNhf8hExcrnnpppWiMKr3LpZwjdRLC3GzVJRz4n64AxR53NoLRDmTdMsVroC6nRCPE6aL
1789149052,FjTfaSH861nVcbAxdFAHTvhoSL4kyR6wgTWynuJkapht,2026-09-11T13:45:11Z,al,4KfaucHjADoQDkCfPTfBKmaUjuYfwYTevMvfSysMYaRk,5066.83,3GKS437AJL7wdaBSyi8LgS1HxqGkqXHwxTiUnJKeHJA44yE11VJbzmJFy6WxUq8LxbCy947EaJ1Pg2ZGRh8QeLfZ
1789149052,FjTfaSH861nVcbAxdFAHTvhoSL4kyR6wgTWynuJkapht,2026-09-11T13:43:11Z,al,DssgvdoxVejpkg9oBCNyXNgyLLuvJwoUx48LLrbNVtam,6625.48,3DErDanHeboWbPvMvxTuMesg35V41Q7Vx3d2pk9WVU4uGLUAR4FjXguF1Xac4TCNsqbwFGY3Tg2AHue2X2HZqdhd
1789149052,FjTfaSH861nVcbAxdFAHTvhoSL4kyR6wgTWynuJkapht,2026-09-11T13:42:32Z,al,Fgy7SYFK8gvYc42PgCtiWwLakfcE2K9HxBqZsmNJRt4K,4563.72,33uD9EnC1nRVueY9X82Tvjp2ytFKxVg7as9Rc3JzZWYLhiuWmCdPPBVKvmfCpq6FUarJUthqaj2qnPcLBSKxhdHh
1789149064,WENAZ2WyPbmgvUcKfQ8hyMDfBQP9bZ65hsZ5KTFrRGZ,2026-09-11T17:31:54Z,al,26i2DFar4KbCZ71t8QKbRYPkJmLBeaf97yEGzq12QWXp,3957.25,3iMRMWRQyTSw2puRnffnA3HZBQnRTsEJ9W44su9VUPmE358VZTrkDbqhannPyNLrtCrG1FKB4zTBgaAy1oou7rCz
1789149064,WENAZ2WyPbmgvUcKfQ8hyMDfBQP9bZ65hsZ5KTFrRGZ,2026-09-11T17:31:27Z,al,EdsdsfTxpN64YcDBFf3HDwGwoVDfKyMZux38GhXnqTUA,3073.77,2ZPqZaJaNzWAFXFwgBioXZyypcvVDPYVCwhWQipt9dBFyt8srKxTNhvH7xziacgdo7NVV1NtEFBwMLWFgeW5cWV7
1789149064,WENAZ2WyPbmgvUcKfQ8hyMDfBQP9bZ65hsZ5KTFrRGZ,2026-09-11T17:11:25Z,al,GmmqTuupcaspt2nLMYdhewsyuXMs6zcJHn9ssb89NAd3,3443.85,25nKqtUMZoxxAFNu6vrKD6RcL8fgcnw62eBzSdxxrM5yhYxtRD4tqB1p7rncdTmPQ9osjarGyDa7XEv5KUNHJoTc
1789149064,WENAZ2WyPbmgvUcKfQ8hyMDfBQP9bZ65hsZ5KTFrRGZ,2026-09-11T17:09:26Z,al,GmmqTuupcaspt2nLMYdhewsyuXMs6zcJHn9ssb89NAd3,3285.05,4J2pm8fPq3RYwcp8mUDiAxynxjJC9WAbghmRLKZ1pUYGkaU3GnvjUhaq6ps5U2G9DSwarV2JtVn6wvsb4JqYs2iZ
1789149064,WENAZ2WyPbmgvUcKfQ8hyMDfBQP9bZ65hsZ5KTFrRGZ,2026-09-11T17:08:45Z,al,GmmqTuupcaspt2nLMYdhewsyuXMs6zcJHn9ssb89NAd3,4078.71,G6YGChmY7K1NpxseQUMasUfokbb56HGHLSzcfdt8FYLbMgKA697aqsP5B1BE26kS7xuMfRxyyDTRPcnYZL6v5RG
1789149064,WENAZ2WyPbmgvUcKfQ8hyMDfBQP9bZ65hsZ5KTFrRGZ,2026-09-11T17:07:05Z,al,GmmqTuupcaspt2nLMYdhewsyuXMs6zcJHn9ssb89NAd3,3209.07,2Xda6AVQ8rJ24uB2X1mpQAf52RDMFgsrGG1mdvXNnLf88LM5VErswbdSQPbMPXV3GZJu17uZJN3rkss6rKixzXpm
1789149064,WENAZ2WyPbmgvUcKfQ8hyMDfBQP9bZ65hsZ5KTFrRGZ,2026-09-11T16:43:06Z,al,DebdpQFjPWJhFQvTgnEZBzVGdzZ1qcTmwqB27t3447X6,2516.39,2dxTDeVfHWqkWtGFt8e5cE7fMbtm954atCErWoxMGTzjGEaBy9MrLxmhRVsGU15jehfon4Vbq9xZSxL9bUU8yZWk
1789149064,WENAZ2WyPbmgvUcKfQ8hyMDfBQP9bZ65hsZ5KTFrRGZ,2026-09-11T16:39:16Z,sat,ABnR6wG9UgCRtH6qtwJKwbW1BPQrkQPKt9ti3VAfc4GT,4138.65,3W8ix7RHAR7BMGVjEXyjNgfyNsxMo4TbqU1AKSxcy4kiK8Q4m2A51DU5CdYdFejwNFWcGZCpETWci2GrVChUMZc7
1789149064,WENAZ2WyPbmgvUcKfQ8hyMDfBQP9bZ65hsZ5KTFrRGZ,2026-09-11T16:25:30Z,al,ReNT8Cke7PygAogBEid1z44aFqhunaQPX7X5mfmj4aY,3722.27,5n62bLMUdz6jp66mExLV6kF89X8LH9WF2u3VgFWgsv9vFCRkpqLjx3vfUGHjhjAmMswZcYmBn4YLF8oaDk7c84pf
1789149064,WENAZ2WyPbmgvUcKfQ8hyMDfBQP9bZ65hsZ5KTFrRGZ,2026-09-11T16:23:05Z,sat,GKELxnW2LL2aHXe61pCoCFyko2UjZKKwRgHg8kCyGNzv,3425.99,3ZHpWA7G6HwkDsc8yAc7fFVYobdwGPGbmDUm8ARJ1satwvdXcgj9pdUpGy3NbFnSdyj4jQgHZPUoXo96YcyVuEh5
1789149064,WENAZ2WyPbmgvUcKfQ8hyMDfBQP9bZ65hsZ5KTFrRGZ,2026-09-11T16:04:13Z,al,Beqv6dzTcjV2eodo8RRXCiCcnSYrS1vkQKhfqwHXqeit,3583.62,4vrxuSXsxast5TWsmEZZMHm85UxT9LbmM3hoYKJVk3SmBiCm3ZTR4ubBejs9xYMMtnET25CR2DNoxL6MvDyJtM8Z
1789149064,WENAZ2WyPbmgvUcKfQ8hyMDfBQP9bZ65hsZ5KTFrRGZ,2026-09-11T16:03:44Z,sat,CMFkL6PvHB8kmU8GgGSfojCo3s3bt7suQ99popyeQj2D,5574.41,31p3UUTN32AQ44Yb1rwDjMaMbCRtbnSLPi3U53iGAHZ65UVvaDEywmCzT76ahw4T3vG3YGGWWtyVFiEaLYk8ZiHG
1789149064,WENAZ2WyPbmgvUcKfQ8hyMDfBQP9bZ65hsZ5KTFrRGZ,2026-09-11T16:00:26Z,al,JBatiNWAaNfXY28PRcbWWJCmYe1KLgcrmpf6vjeki2HQ,3057.75,5ywG2PfXSwFgs8zL8T8PFnWtW3QNsX2hz5SX8H8MRQ6wTPCNEa9ZJbZsNQRDZfqXXDrNjsZ7VHpeZYEYHkjnNbd4
1789149064,WENAZ2WyPbmgvUcKfQ8hyMDfBQP9bZ65hsZ5KTFrRGZ,2026-09-11T15:57:23Z,al,HvKuXcJ1Muk59b7ecbeuCrwy8tyBFy8ZyfF8sDYNpKtQ,5000.0,5Y99ghxSpJMUnWjvtEg4M8FRmsoTgYkyHHGn9d7bh9WjsdzG98YKV8XYkMJTt5L1CsHhzT9FVKmUSRfx37mhr7Tk
1789149064,WENAZ2WyPbmgvUcKfQ8hyMDfBQP9bZ65hsZ5KTFrRGZ,2026-09-11T15:52:33Z,sat,8GPPFaiQd3TowCETc1e9KjwuWDYbCCzAuYJKUwcnar3K,3038.18,5E5CoZnwJAYkn9aDieCS2db5Ns8gioGAYwXqHStXNVvCTTkpA9mCZk4KPXjFMsxEEzUK2rEZVYRfkNtkqq73CgDx
1789149064,WENAZ2WyPbmgvUcKfQ8hyMDfBQP9bZ65hsZ5KTFrRGZ,2026-09-11T15:45:10Z,sat,AhcqLTMajobhe2dX4YGm6Uxdyn21Z7Lz31mNKnt8eF1t,6146.36,5DZeFrdpNCPQDPqVBwcZhD7ybwsVrRChYjHTncfeYu2TKp5MYmGPnAEjaSC2kTnJ5Wf8QWT4ZauoFxu5FJcdoSqN
1789149064,WENAZ2WyPbmgvUcKfQ8hyMDfBQP9bZ65hsZ5KTFrRGZ,2026-09-11T15:40:10Z,al,6hmWKofbVkxKD5ZKeS9o7cfv2uhPC6DXoPzMadRfBHjm,3269.51,4d55VzJzp24ViqhxPZTv5yiBVeUviKfoUQizW47KciyZRzKZMHxRJF5UtMFHocBp2TnrVxY75weSHWZiJ96Rstbt
1789149064,WENAZ2WyPbmgvUcKfQ8hyMDfBQP9bZ65hsZ5KTFrRGZ,2026-09-11T15:37:48Z,al,AhcqLTMajobhe2dX4YGm6Uxdyn21Z7Lz31mNKnt8eF1t,5000.0,3Pc7m8HiYTrNGWzFw5ggJzjS8hDvyBTWRRSjQ1LMnWU5gP2SjuN6xsZbnW7GKrcDznVTGt34x9FojjLpzHWWDxcK
1789149064,WENAZ2WyPbmgvUcKfQ8hyMDfBQP9bZ65hsZ5KTFrRGZ,2026-09-11T15:34:04Z,al,6iMhjt4k1qPfCPKD997T5dvasgvdPfAKQ9jrNja39kZn,4995.0,3QZ75iMk3oFwCuLCLvybrK51q1FoXWvG6T8C42NLcA8y3qbxDm57nS9q9BFcS8JoHtsUuJPzyqrmfYUyBq1DpAjc
1789149064,WENAZ2WyPbmgvUcKfQ8hyMDfBQP9bZ65hsZ5KTFrRGZ,2026-09-11T15:29:01Z,al,BtTCqA8XwG6swdb3tRrBBDxcBstmCEKQWbjHQza9tWBz,2918.0,5jAtaDfuU92RwSAGCwu1X9gALWLR8dMCdkwwigQigbV6eeumAsNox5wP89zx9LQP9bzLs5wd4gXadPoWNcvDPPV7
1789149064,WENAZ2WyPbmgvUcKfQ8hyMDfBQP9bZ65hsZ5KTFrRGZ,2026-09-11T15:26:30Z,sat,2DxoMGxskZtQwtuJB4RnbSMm4V8WmKzGP8HmK2uCRM64,4603.31,3zMdTLzmbuCwoEsXhvN7CWttMaVFGkzx2fUC94MbN2qrKbEh899THJ2nNcSYHTGA8r2FWyFZoow9yKiJJJFWG8LK
1789149064,WENAZ2WyPbmgvUcKfQ8hyMDfBQP9bZ65hsZ5KTFrRGZ,2026-09-11T15:25:12Z,al,HvKuXcJ1Muk59b7ecbeuCrwy8tyBFy8ZyfF8sDYNpKtQ,4999.76,65CdrnfWnAZSGXguZeEtuwAuG8qn1KVXx63MXEvcTwrnMcJLnJvcSup2GksZqcx78txmgwmtpMfY9HjpoUjnPWfQ
1789149064,WENAZ2WyPbmgvUcKfQ8hyMDfBQP9bZ65hsZ5KTFrRGZ,2026-09-11T15:20:26Z,sat,4Mr4P68z8AKx2kHwSRxFqcCFXP7YKNeqL83wrKvrAun1,2560.26,58C6DZBTMcCSN71ciyKMZAfvW4dzZE1tWvTZbekdN9cdrjit6j9BcmJ2seA9swULohxugoCocXDCGrtSByt4aTAX
1789149064,WENAZ2WyPbmgvUcKfQ8hyMDfBQP9bZ65hsZ5KTFrRGZ,2026-09-11T15:14:26Z,sat,G9sabMUhq67zu3zvu5efUwGBb9QuVfHRW47Gd53L43Pt,4008.89,31MkYW95eietZGjj52Rh8pfAvg1z5soMHVU6n5QW9jwsQ2GjhBBgsXkwJH8ChCFYsfTM4ZGsmwfHMAbWKyP7Tiqp
1789149064,WENAZ2WyPbmgvUcKfQ8hyMDfBQP9bZ65hsZ5KTFrRGZ,2026-09-11T15:12:26Z,sat,J2SgzeaRSb2Gr6ggR1QG66yNDSFoCfYsJJF2xQE2CcdR,2558.03,3ZYrptERuQdkBBGKxkar4hwU4ZQmyrLJTgNC88uxaBnoVAj39zXpffcJfZA3SynGPz3qs4gMb9hmHNdcuofogzyQ
1789149064,WENAZ2WyPbmgvUcKfQ8hyMDfBQP9bZ65hsZ5KTFrRGZ,2026-09-11T15:10:42Z,sat,pauLRYZMG2D3ZnXxs7Jf6PrEnR6iqSYHjEK5byavqMR,14440.93,2gcUqUDsJPzVBE7BwQSKWFsiznyjvcXaDNfohZ4h35H1wthXyEULJGp7SyyJ66jhn4WZXgYE2hs4Ys7qkLmsoXD6
1789149064,WENAZ2WyPbmgvUcKfQ8hyMDfBQP9bZ65hsZ5KTFrRGZ,2026-09-11T15:10:32Z,sat,AhcqLTMajobhe2dX4YGm6Uxdyn21Z7Lz31mNKnt8eF1t,11661.86,5GH2qawwKGyoxPpAbufEBCYhq2jPZ6h3bxhebSuVKT971demn7WpLguAuyR4yUYftdX8r7mHYKuKAGUe7EKRF4VE
1789149064,WENAZ2WyPbmgvUcKfQ8hyMDfBQP9bZ65hsZ5KTFrRGZ,2026-09-11T15:08:53Z,sat,2zGEUBGC6r2UmgCasnk83mdx27KLxQeD5zniiWiC8n5S,6451.48,2oifbzacA2tuMarVDt6GjPrBENZtMQjofodpNzi7PrsdCJvzDUxW68XB35LUd1Cf5uCG9nCS163JoBkpRgkvHo1T
1789149064,WENAZ2WyPbmgvUcKfQ8hyMDfBQP9bZ65hsZ5KTFrRGZ,2026-09-11T15:06:38Z,al,AhcqLTMajobhe2dX4YGm6Uxdyn21Z7Lz31mNKnt8eF1t,5000.0,4ujdo42fxG3nj265uBqNQXMDwzZREQ2D1zcqBvZwMCQBqPbWZB6mmn3zvcxp6hMiA1NZpneQD1P1w5pV1rn3HoM6
1789149064,WENAZ2WyPbmgvUcKfQ8hyMDfBQP9bZ65hsZ5KTFrRGZ,2026-09-11T15:04:47Z,al,AhcqLTMajobhe2dX4YGm6Uxdyn21Z7Lz31mNKnt8eF1t,5000.0,63jzFRB7HU2oyHAt6XRjbhYbyZnp5yGtQ8wvJ5TgoZjjK1Cafniibd5BxmcqsW6EjwAkfMDJwdyFgWAuSx44Aaoy
1789149064,WENAZ2WyPbmgvUcKfQ8hyMDfBQP9bZ65hsZ5KTFrRGZ,2026-09-11T15:04:25Z,sat,9p6Jm42gnkYAgGA1Yx1CYpcsvwityq2cQf29uoWvwX4C,11536.04,5bJfP8d7o1HVXtRd7RBHkFiYPPN1LXAGks8GwFCv4E8g3jR7JJoETk9J9Lt6RMnYTs9KWxTHU6PFdfex8uc9VkfR
1789149064,WENAZ2WyPbmgvUcKfQ8hyMDfBQP9bZ65hsZ5KTFrRGZ,2026-09-11T15:03:51Z,al,GKELxnW2LL2aHXe61pCoCFyko2UjZKKwRgHg8kCyGNzv,3095.93,5cz8MwjDvzo7VLW1DxRv4rAbqCgtUEdmCBDbkfqPdTgi9e3Paz1c6HshkbPY6VTrRkcVRwMBM5b52VyNusp2GhPe
1789149064,WENAZ2WyPbmgvUcKfQ8hyMDfBQP9bZ65hsZ5KTFrRGZ,2026-09-11T15:03:49Z,sat,E27C5KJeCE2YTV2SJVKe14KD3grw2Ji38K8aKATLaNY8,3021.34,4CL6sZrWTMiaU8et2GJpqSxfZ61aNYo5moDoLjcFmNj2Fteid9oYTdwG7gkb5aL3Ff5dJ9s1WrMebxBx1SQcuHkS
1789149064,WENAZ2WyPbmgvUcKfQ8hyMDfBQP9bZ65hsZ5KTFrRGZ,2026-09-11T15:03:45Z,al,AhcqLTMajobhe2dX4YGm6Uxdyn21Z7Lz31mNKnt8eF1t,5000.0,399Ny4Pr8UFYmdHpBkpUW389BgNeNxHccfGcKHiTzUQjqUbDf6iAVYnQ3FZ4WFYwp2kwhYzAB2GNtbRDBPofNtqP
1789149064,WENAZ2WyPbmgvUcKfQ8hyMDfBQP9bZ65hsZ5KTFrRGZ,2026-09-11T15:03:13Z,sat,J2SgzeaRSb2Gr6ggR1QG66yNDSFoCfYsJJF2xQE2CcdR,2612.37,3Vr5KKrx3ZS1GZVQABQV2jYL58rToVnDvRvunfqQUWqZ3GJVDYcfE9DUGzGnQhtJQi4wwAaruhrxoShN1cqh1M5C
1789149064,WENAZ2WyPbmgvUcKfQ8hyMDfBQP9bZ65hsZ5KTFrRGZ,2026-09-11T15:02:52Z,sat,HFYPcGxHa5eGrfDsaqKKJHh8pCxdmnJR7eu4dEZU41xs,7731.91,2e3SJJ4QAA1dvQ4kFwkBxWxCjYMwBnTuPjYmYVvcKGu2Nkr4w4jDSAcicFFYoaSj82UWZcNeaMtDaCrtNgckMZtH
1789149064,WENAZ2WyPbmgvUcKfQ8hyMDfBQP9bZ65hsZ5KTFrRGZ,2026-09-11T15:02:25Z,sat,DPpFsExcqt7uA8tJkA8wifWxVu2LRub2riB2mugQRunC,4949.92,5uq6gFR8jokpVPxDZAhtXfNPkHaPVyYRW62YVxodS4sckHfNUGjJpMf6UUQyLH2fgeg5GxQZswdU92xqqB8Er8S6
1789149064,WENAZ2WyPbmgvUcKfQ8hyMDfBQP9bZ65hsZ5KTFrRGZ,2026-09-11T15:01:07Z,sat,Axhr8Hjq4bNGFdFouncbbiSMxQyhFQN7cveEXUwK72ML,3136.39,64qdDnaRDxYaYMDrWRpZvJmQwYfS9F4wqEzFkuY8CPPyMy8HdxY59q1Px9RhHbvDAKDUd6DaRWNJAr9W8EQ1Tvno
1789149064,WENAZ2WyPbmgvUcKfQ8hyMDfBQP9bZ65hsZ5KTFrRGZ,2026-09-11T15:00:58Z,sat,7j2ASgXPpEs4jgW4i8gHAqtb2yUHvAFa1P9DjVCZQKSn,4843.85,628VG8jC5ivBeMQeZaPc1q33hkmvvb1FV9wF4b6nFWakg7zmWDuRuyEBSqbZco88Pgm4wpNQAVmhpc6rq5iAnjq9
1789149064,WENAZ2WyPbmgvUcKfQ8hyMDfBQP9bZ65hsZ5KTFrRGZ,2026-09-11T15:00:13Z,sat,8Es2jAFjfFxujwDo1uQrzzVJTeTAYhQhKzYKGtGbUjPE,2507.0,5EhzVuSD5ivDt2rcGrMTydfbvpWEboesL8cQ2NLz6t7Y6up99YTwZDs4oYGQdLscFjRG3hfYu51yA2swYaMZknbC
1789149064,WENAZ2WyPbmgvUcKfQ8hyMDfBQP9bZ65hsZ5KTFrRGZ,2026-09-11T14:59:39Z,sat,7j2ASgXPpEs4jgW4i8gHAqtb2yUHvAFa1P9DjVCZQKSn,11245.54,3Ptt5GCqQMqe7LDe2s4ZuHhnsvZuAynHsCV96VTbNkZosXsAjmAwswSKsUuQmoDRnkcMTNXMrciWCe1e4y5smE1w
1789149064,WENAZ2WyPbmgvUcKfQ8hyMDfBQP9bZ65hsZ5KTFrRGZ,2026-09-11T14:59:18Z,sat,5Ujy9ZGaycuF6rGdgjjvZiQBbJXQTrXUpLVeKTfRRkmk,6198.56,4c91uNfodjTxMtjngDcKWWpgGR3ZECZsPdpTnChx4K75DKZrqQHYLMgu8WxWgvY7FzYxPyGY1Z77JigDW3JSHv52
1789149064,WENAZ2WyPbmgvUcKfQ8hyMDfBQP9bZ65hsZ5KTFrRGZ,2026-09-11T14:58:41Z,sat,Axhr8Hjq4bNGFdFouncbbiSMxQyhFQN7cveEXUwK72ML,3831.56,qQSri1D3nJqnFpGgH75gKKcMayRCRoduDramLkpw7zP1REjoC7ULaoxegb6Dh5PWqNPZTg44ZhzTeDLApuv1Y3d
1789149064,WENAZ2WyPbmgvUcKfQ8hyMDfBQP9bZ65hsZ5KTFrRGZ,2026-09-11T14:58:36Z,sat,Axhr8Hjq4bNGFdFouncbbiSMxQyhFQN7cveEXUwK72ML,3816.98,2jbpwhjqZUoJV93umCrCY18sHcttU2oZ3qKUKb6myv1CmW9aRGsbMnfoHmz5ryUbGqAsrAqF9mTVLT9am4JrmRwX
1789149064,WENAZ2WyPbmgvUcKfQ8hyMDfBQP9bZ65hsZ5KTFrRGZ,2026-09-11T14:58:25Z,sat,Axhr8Hjq4bNGFdFouncbbiSMxQyhFQN7cveEXUwK72ML,3822.25,5LrQ81k9ifFg3HozLrgu2k2fSMvxY7zBSHUcw3DfXqFHLx6iDGZGSsM9fxekUp5MCymQUpbAspHjrEr3gTWwa5kF
1789149064,WENAZ2WyPbmgvUcKfQ8hyMDfBQP9bZ65hsZ5KTFrRGZ,2026-09-11T14:58:08Z,sat,Axhr8Hjq4bNGFdFouncbbiSMxQyhFQN7cveEXUwK72ML,3820.16,3XEgSUwWABu9EhXstnYFGFAnw9ynzdtJf1KBkLXgu1AgHqv75agmf9qxPRt5ajoTjpPaWNsssRFN6h5j1fgdrvSf
1789149064,WENAZ2WyPbmgvUcKfQ8hyMDfBQP9bZ65hsZ5KTFrRGZ,2026-09-11T14:58:00Z,sat,8ATCN6mkk4Mamrbw6TbBtUrg4KJCD6ebUZivkpcDasxk,2874.7,4CAh23yN2rkAx5U1LGkf6zDUD2qDjBAMxoS6VUa1uVvrBMfdeQF3TjsvYpDm5ZtgLJzECQkugjnCAQ1v7dzEpGKL
1789149064,WENAZ2WyPbmgvUcKfQ8hyMDfBQP9bZ65hsZ5KTFrRGZ,2026-09-11T14:57:50Z,sat,Axhr8Hjq4bNGFdFouncbbiSMxQyhFQN7cveEXUwK72ML,3816.93,2nHmQiX18F3YwqYgAZVyvo8aMc4apBq4A6fi1xyrfLTjUGsqHy1Ryj5bd2dBcsa3m5VZPbT4WjndYR4mx8GFPkJj
1789149064,WENAZ2WyPbmgvUcKfQ8hyMDfBQP9bZ65hsZ5KTFrRGZ,2026-09-11T14:56:59Z,sat,458aGtmE9UzRhA94hz743NyRv8p7zxNbjcgxV1m8Ukre,2540.42,5iLe81zmxerPafCC4jqDmcXbBc4qyFvWhKrrAQa1RXzXF1nvQpbSjBqJ79zjdMAQRgjg8wG1QTvCdAqpQhLfo57o
1789149064,WENAZ2WyPbmgvUcKfQ8hyMDfBQP9bZ65hsZ5KTFrRGZ,2026-09-11T14:56:16Z,sat,Axhr8Hjq4bNGFdFouncbbiSMxQyhFQN7cveEXUwK72ML,3841.19,94VqpWyr3dx68y6XdZnZrnDmf7DJyuQ8TGCpJZc1WFd832uJvbHmADhs2pa9Ps1mkepKE1cPurANgSEHm8n1eH3
1789149064,WENAZ2WyPbmgvUcKfQ8hyMDfBQP9bZ65hsZ5KTFrRGZ,2026-09-11T14:56:00Z,sat,Axhr8Hjq4bNGFdFouncbbiSMxQyhFQN7cveEXUwK72ML,3817.53,2wn67qagYrCmQ66tWRzDuYeYDBzP4TJbrjuYUTJnZ2ogB4Fi85BqqzQgrEyusWyUyykMAwXdprEA1DncLTbWRBDK
1789149064,WENAZ2WyPbmgvUcKfQ8hyMDfBQP9bZ65hsZ5KTFrRGZ,2026-09-11T14:55:28Z,sat,Axhr8Hjq4bNGFdFouncbbiSMxQyhFQN7cveEXUwK72ML,3806.85,41LeEGNwxaKuntMv2xoPeCx5MZHSb4NR5M1LWMgzVxjickGVp8mMWFQmF5qNpg2UXioB4B66v5DU4UrGrCSnUWEV
1789149064,WENAZ2WyPbmgvUcKfQ8hyMDfBQP9bZ65hsZ5KTFrRGZ,2026-09-11T14:55:08Z,sat,Hp7sb1L3XGtkb7PuptnoL4EGr56c1QwiYCcuPP7rHVDc,4655.61,4rohMLr98ByTfCRiPWTo5ro6xE2oDpWyxVEZGvooACczTVps2vrxcauXdsnaTpagV8SaZ2ucY41KFKsdM5v4rkgj
1789149064,WENAZ2WyPbmgvUcKfQ8hyMDfBQP9bZ65hsZ5KTFrRGZ,2026-09-11T14:54:16Z,sat,Axhr8Hjq4bNGFdFouncbbiSMxQyhFQN7cveEXUwK72ML,3384.48,GLXCFZP8VhDqTMvJTF3ocdBBLkuK93JAewEiVFVP7nMZaW9FyAyr9H4StR77bsAz82W3YjchAcnzNp4hY5KHyB8
1789149064,WENAZ2WyPbmgvUcKfQ8hyMDfBQP9bZ65hsZ5KTFrRGZ,2026-09-11T14:53:18Z,sat,79CZ8r7yruB4aLBFZJCdkAzFkySq1hfvXDkj6jUXoeeC,3750.72,3jJ1Nbt62HGnVmTzvWtSexVGEWhBPLtrmthCNhGpiRcbThizn8Z9qRvqebdCtP4ceRpEuJZW5WCzM4GQ9xaKCDqy
1789149064,WENAZ2WyPbmgvUcKfQ8hyMDfBQP9bZ65hsZ5KTFrRGZ,2026-09-11T14:53:17Z,sat,2zGEUBGC6r2UmgCasnk83mdx27KLxQeD5zniiWiC8n5S,2566.67,4hBe6WdHK5dEPWZttqTYDaKF5FjQyAFq2GtjGgxpGDF5ZGpJLd3rh3srPdQhoYsjGxSNrUtRgwUxwkivdqZEq93X
1789149064,WENAZ2WyPbmgvUcKfQ8hyMDfBQP9bZ65hsZ5KTFrRGZ,2026-09-11T14:53:16Z,sat,B8NQuwPrUFWRQcWJA5oJkqJPEDjPEtCBnJvfmLxvyoUg,7763.23,4rKJWqtzSkwcXQjbyUbwDxjcuXbLpsXvQK6xAhVuq9K2qotzq1TpUsexCkhLJRktW5rKMQP8k379o3TQYx8UEtef
1789149064,WENAZ2WyPbmgvUcKfQ8hyMDfBQP9bZ65hsZ5KTFrRGZ,2026-09-11T14:51:18Z,al,8ATCN6mkk4Mamrbw6TbBtUrg4KJCD6ebUZivkpcDasxk,2988.62,2xvCbFnXAoUwFBNtxaJAqzbqEVSEn1uisYP7vyTgzkq33rVnkJ7DjmwFpxUwcQkqKhajqv87zEbvaXiCsT9xh5c
1789149064,WENAZ2WyPbmgvUcKfQ8hyMDfBQP9bZ65hsZ5KTFrRGZ,2026-09-11T14:51:13Z,sat,A71csa7SPFRLuoKi2w1h3KaGHcVKKZVvWns2rNRbEADX,2670.41,5rtM9p4rWmGWBWp42ki4P8QJ7hQQGqDUGXFoPczZnpfHbjYhBZRGGbeJ54Rcu2MZLwXcdbRgMt6LCaqF9DJPKbif
1789149064,WENAZ2WyPbmgvUcKfQ8hyMDfBQP9bZ65hsZ5KTFrRGZ,2026-09-11T14:46:35Z,al,7j2ASgXPpEs4jgW4i8gHAqtb2yUHvAFa1P9DjVCZQKSn,2997.0,3vaLeFoHLERSqP4ScWuJA6U6gW5EZkZunJY2sBbZ2fx6qVNZhsTaZW8De49yaDdU3uHQxPjYkPAJSno9M1JULjym
1789149064,WENAZ2WyPbmgvUcKfQ8hyMDfBQP9bZ65hsZ5KTFrRGZ,2026-09-11T14:46:12Z,sat,3phVzSe8CLdTmbm4yzTRZ97kQdRobdXknHrLteBzunXm,4525.86,2fhotgSPgWxWVbMaCrZLyziXsLjyTDmhLfJfjhc7pySaKTKeJ3G5NvoyMuEdN3o9QebscKVTuuhi51vxAX4sjde9
1789149064,WENAZ2WyPbmgvUcKfQ8hyMDfBQP9bZ65hsZ5KTFrRGZ,2026-09-11T14:44:05Z,al,7dGrdJRYtsNR8UYxZ3TnifXGjGc9eRYLq9sELwYpuuUu,6791.09,4UufewvuGtuMHiN4RuJBAHAsS6yhc76vfqD8nDjupNQufezicy36yshZHgVmSKwzwFQKqXFU8ipC5A3MZKMaZDhq
1789149064,WENAZ2WyPbmgvUcKfQ8hyMDfBQP9bZ65hsZ5KTFrRGZ,2026-09-11T14:44:05Z,al,7dGrdJRYtsNR8UYxZ3TnifXGjGc9eRYLq9sELwYpuuUu,3212.71,3qEkmQKddU9tgB9EVP7kUEqAJ4G3hZgnTXFgNJz5GMpCDshVLbXiA8nqLiSs9YW8RhgBrCW5AEM5bwRfJSuPPzks
1789149077,ma4HmEUqkCGTPAJtiXXRvMJus8CVnNSvrMfESMkpump,2026-09-11T14:29:00Z,al,97JZ7SbZi3SsQwPNt2NVfRawhBQ274v2obipP4RQCbxL,176668.34,4TE4HEAAZLnJT3bFuiE2Se6ERHZU6mdo2usPFvTy3nAuKFNCPG4BDZC1Zcm7ZW4dfEeFmuP9f1xmXxY8HYUe9Mgm
1789149199,WWiznJqavpJQLAW4mwiuZWYTPvvseawyeyBqTnDpump,2026-09-11T11:03:41Z,sat,9x2nHSdkwkT9yJ2MPQh2R8mv8uNk4LFjTv9pWv8vYsUe,28419.89,3NKVWMrv76L1BnMaMJbFcimwS6Mw1CMbqHex3FhuBb3NpjKPXGage71sgLzqrbTSSP1eDPXYB1jkBD9Fs6hHA3vN
1789149199,WWiznJqavpJQLAW4mwiuZWYTPvvseawyeyBqTnDpump,2026-09-11T08:00:56Z,al,2bqS5YK67g2NncRQZyjsAwAgyhcUnsEjqTEDqEJAw7Hz,217201.15,3kvcSzhd6cpLVvkvHossMLPBDkXTHTjdR6BKC5t6WJ4APWpCp77vo62XLodZcfEm7oECcb7FkKfxZN1T6RSnx4Ee
1789149235,2bRoY87nsBq84TTKJKFD5gYxVLPhrTPKK9MaheSLCCLg,2026-09-11T05:31:42Z,sat,5KXDF6QnqhBj72hDtJNkkpFaQVUfbFXNybMsp3DiK6tD,8604.62,5rokHdqjfeXqpFFDpfi3jorBjsHg8S4G5Et3HbfPiWUZBJTMSEK6pm65hUhbE4fDB1aBXDJfAjQ1QpZgpEY1yq79
1789149248,3XQZDtpn5QisVxcvB4sAReoknWnooU7yM4YCQtj45nqp,2026-09-11T10:57:14Z,al,AgmLJBMDCqWynYnQiPCuj9ewsNNsBJXyzoUhD9LJzN51,4958.26,2UP6St77AteokyCwF5tYDQVYqpfp798EJrfjeECCH9gUphF2bDjshZNg4hZRJJrPcpA1qKRk9QAKxXnU7nKqHv3U
1789149248,3XQZDtpn5QisVxcvB4sAReoknWnooU7yM4YCQtj45nqp,2026-09-11T04:25:11Z,al,VJSDW6S74YXR4rRR9P4xwhMvLZJQMhrUb8XMFirUsy1,2666.87,6Hg8KXT3NRTL67wHXyKH3CRdrR7a1JNEXrwyMi72ZJ9QYfoWGrZStfnfpYJFGENHNi4ML1ydfBqdppCgRTNUYVH
1789149261,5dvXTZ5qwgafnHtwu3Ls3QrWx1U4LQsFeCuJgkk4QEC6,2026-09-11T16:54:28Z,sat,3SfGDAKvXDSCsZ6eVpmjiQx7H7A3AQG19KbVMTPwPxau,6752.63,4SQ6vmacCdVqDmFAC2xQUe9ZzXcv4ddV3WgH9fCkoojRZAofM4eEH9ekswdVj92BAAihspmgQHc6MK75zyP7z5Nf
1789149261,5dvXTZ5qwgafnHtwu3Ls3QrWx1U4LQsFeCuJgkk4QEC6,2026-09-11T16:54:28Z,al,MriyaNN8TMp6qRWjfr723PK7xgQK7yCt7Kg2v2PQu7X,4471.14,4i1bYZP6RSq1M1RjziTNmzGPCbfYW5sj5s9z1Hba9QgFCtPLPWPUm7C8fQLkehS24LvjCupV3H5fgHafnWPCCotX
1789149261,5dvXTZ5qwgafnHtwu3Ls3QrWx1U4LQsFeCuJgkk4QEC6,2026-09-11T16:54:26Z,al,theo9SfM3dKgKFbq4kFVmEXwSQ1pdr61wDqEWXKJpYs,4138.2,24UHjddQ7zB4Qk9iUU5BeCUhkoeP1dPNWGiwe8ZQVg4kZFp5gohRqNhGoPbVV9EChJ2Nvyghu5tFPDXwcqgL2Ro7
1789149261,5dvXTZ5qwgafnHtwu3Ls3QrWx1U4LQsFeCuJgkk4QEC6,2026-09-11T16:54:26Z,sat,3SfGDAKvXDSCsZ6eVpmjiQx7H7A3AQG19KbVMTPwPxau,6788.86,4H6PGpQ7RhRZ8ht7NdsSW1FCYcaSmXcNq6Gj9MMAe3M9Qo3TCgoJGfCP8X9TsTxDsbpJnUoBbDhoRjWp6YgF1qX2
1789149261,5dvXTZ5qwgafnHtwu3Ls3QrWx1U4LQsFeCuJgkk4QEC6,2026-09-11T16:54:23Z,al,7dGrdJRYtsNR8UYxZ3TnifXGjGc9eRYLq9sELwYpuuUu,3408.09,618dVQysUVK9JREHfMosk4B2VA81NiqxxMoEUjXthD8vQsrjofKVHs1B76nk7WYZW77ovRTDaQHbnBQNQf7VAS3e
1789149261,5dvXTZ5qwgafnHtwu3Ls3QrWx1U4LQsFeCuJgkk4QEC6,2026-09-11T16:54:23Z,sat,3SfGDAKvXDSCsZ6eVpmjiQx7H7A3AQG19KbVMTPwPxau,4539.79,4vTMotCViWTgVfa3ynEVpwTUBeh1moQvj8g8tMfcpnNS7p79Gw87LtsKhcokSa99zDTfEdtkEpLgDhN6T1qu8jbM
1789149261,5dvXTZ5qwgafnHtwu3Ls3QrWx1U4LQsFeCuJgkk4QEC6,2026-09-11T16:54:20Z,sat,3SfGDAKvXDSCsZ6eVpmjiQx7H7A3AQG19KbVMTPwPxau,6094.39,3Z4tFL75U8ZsaoZQbTY5uNC72vtRoq1hqYriUYn8FGGMHKK6GUXrvPXc6uALovtqzYgdnoQWM9DTYuJQvLFxVZb3
1789149261,5dvXTZ5qwgafnHtwu3Ls3QrWx1U4LQsFeCuJgkk4QEC6,2026-09-11T16:54:16Z,al,gtagyESa99t49VmUqnnfsuowYnigSNKuYXdXWyXWNdd,5256.52,3uUkxfYMUFic1sQRC6RwswJPZtuc2gQzAmw2woNFxLhhT91eLszRLkYt4QucYz3odrjM1TnCtQw7RgTfXkQSnUoH
1789149261,5dvXTZ5qwgafnHtwu3Ls3QrWx1U4LQsFeCuJgkk4QEC6,2026-09-11T16:54:16Z,sat,3SfGDAKvXDSCsZ6eVpmjiQx7H7A3AQG19KbVMTPwPxau,8450.04,37LwtvjqMJcJeUJmhKs9mDdkLyx43BWMo962kNTB2P6pHv4gn823uDXq997Sy6vYCr3ngSb8wEfYBYz6Bc5A2C3K
1789149261,5dvXTZ5qwgafnHtwu3Ls3QrWx1U4LQsFeCuJgkk4QEC6,2026-09-11T16:54:13Z,al,MriyaNN8TMp6qRWjfr723PK7xgQK7yCt7Kg2v2PQu7X,5703.01,5yW8Z9fXr6MJNjL9AbC3jYCYyPTQDTPLP4gJ4K7VEuuyjwMx3hfSDzsL5HQbzhEyHnvzmiw1iFnJfNZmZMuasuBF
1789149261,5dvXTZ5qwgafnHtwu3Ls3QrWx1U4LQsFeCuJgkk4QEC6,2026-09-11T16:54:13Z,sat,3SfGDAKvXDSCsZ6eVpmjiQx7H7A3AQG19KbVMTPwPxau,11268.73,379TVx7CnRjNC1CynVdHJHmcbsZ5MWjLLZZqMWCocH75dGAAMaKqSXtiQQzmCUJaLTrMbcomqSaxcAu8ajW3UesB
1789149261,5dvXTZ5qwgafnHtwu3Ls3QrWx1U4LQsFeCuJgkk4QEC6,2026-09-11T16:52:08Z,sat,BJwLgugzPiYRHteokm5n735Ks65XMhDiSShHCmNLbeDJ,5484.78,UUGDfrgUJRKKy5HWDKEcvLsRQjQ7pEBPmqFzYCoDrm6CpK1DKbRD7H6GgQsEEmoLTgbeb3FPPhdFiZo8cPX7RDd
1789149261,5dvXTZ5qwgafnHtwu3Ls3QrWx1U4LQsFeCuJgkk4QEC6,2026-09-11T16:48:25Z,al,9WR2eCvLdrjviumwZrKfJiptTDa27aK1h9ch72xm8LAm,2789.28,2pfdVV3pPGKjBFj8APCu1f25DLBjjBp1q65RcvwmtGFw1vJjERpou1SzG5tBDPV1NRCC4pULo7e7MypyZgExkqFS
1789149261,5dvXTZ5qwgafnHtwu3Ls3QrWx1U4LQsFeCuJgkk4QEC6,2026-09-11T16:15:11Z,sat,26BbfD2jZjF5PJpguQ6ZRXKktyaYdKbojK3tdfeKbKaA,4482.27,3u1ys7rNhyRXLCeZhqw641pFcG3zakwrV6R9GWEQ7nPu3AVCUBpJqKfi9jPufdHtiaUKEn7xges98JYDV3ytxFtv
1789149261,5dvXTZ5qwgafnHtwu3Ls3QrWx1U4LQsFeCuJgkk4QEC6,2026-09-11T16:07:24Z,sat,GL1NNcZNNyvoDfUdtBpwGfAU4oAMCK1voNmDJe3jEGhi,5473.93,c7wyYBmLGh5xhmrGhiFqeCXJGfCtfVUuAWdWKvtVB3yQwQSNgQJgPXgArDiEJ6FSHxYqWwHZYYKeFxj3DB9wAM9
1789149261,5dvXTZ5qwgafnHtwu3Ls3QrWx1U4LQsFeCuJgkk4QEC6,2026-09-11T16:04:42Z,al,DtvmxrTACskMG2W8a6KXgSemUfvyNVeQTgfpJoGvMVKx,2717.91,gs6ihy9JPcoJHR6dDvnUHoR14wu4trAEUbHJa66DXJ5NG3hzvLyP99zH7aJtQjThpScqzwiqvp43C1m7Z6dsz9A
1789149261,5dvXTZ5qwgafnHtwu3Ls3QrWx1U4LQsFeCuJgkk4QEC6,2026-09-11T16:04:42Z,sat,954N3uUm4nC8V5XSABRr5NKTBuBPLknPJ1jdVmPNfaje,3367.09,2EBPfJ9Tz1QgKV1DFAvst9yr4ijT7fSEpbjEcUVxHj8UDqY9XswXvcoQAYY2yeNwwGmUPVxzaBLvs3zhUQgsrf27
1789149261,5dvXTZ5qwgafnHtwu3Ls3QrWx1U4LQsFeCuJgkk4QEC6,2026-09-11T16:04:41Z,sat,954N3uUm4nC8V5XSABRr5NKTBuBPLknPJ1jdVmPNfaje,3422.79,64VKMW3cYBSFS9DT2C9HHqtsgjXevXnNKk6HTMmdi4i5fAvc8ViwTDALshQrWUst999wbsdoDPpr8ESwUyBgqTWb
1789149261,5dvXTZ5qwgafnHtwu3Ls3QrWx1U4LQsFeCuJgkk4QEC6,2026-09-11T15:58:43Z,al,AQ3MK4mf4i4r3G9rkbAvfoxGP6eZ7yscuiy5Syyuq27U,2949.4,46XTKSVKDHCGJq3YLieyeEzt9EXgSCAVdydVrHieUDK6akeHC5WekL2dUftPBLYnEcbWzdMqPHyjR8pQLWJAXA5x
1789149261,5dvXTZ5qwgafnHtwu3Ls3QrWx1U4LQsFeCuJgkk4QEC6,2026-09-11T15:58:43Z,sat,9hGt7syRLjpkvaYcMSZipJjRGz75b4hFpupq1KNy5PBj,4433.38,3EUhu5EUadcGsL6Jps3KWREQ8kZBqPq3uZcxiX5BNKjKNayjq472qfqCGwzDD94doNPPvW8m3GHqhDJajHi86RyR
1789149261,5dvXTZ5qwgafnHtwu3Ls3QrWx1U4LQsFeCuJgkk4QEC6,2026-09-11T15:58:31Z,sat,9hGt7syRLjpkvaYcMSZipJjRGz75b4hFpupq1KNy5PBj,4471.33,RrPJwuENjT6iah9Guu4YoqxF1MRLxvDaz747pcUawZfKuB6oL5y7JkmMaE4Ug8Jrq336x41ot1Q885hPFNCQmub
1789149261,5dvXTZ5qwgafnHtwu3Ls3QrWx1U4LQsFeCuJgkk4QEC6,2026-09-11T15:58:31Z,al,gtagyESa99t49VmUqnnfsuowYnigSNKuYXdXWyXWNdd,3462.41,BmMc8FZeEgRgB3f4Ek3qaPJEnny8L33zbY3ENCz5vfvxQeTdktf8DJmXz8JuQPx3q5vUSvnJBrZkLkbUznsSdh3
1789149261,5dvXTZ5qwgafnHtwu3Ls3QrWx1U4LQsFeCuJgkk4QEC6,2026-09-11T15:58:30Z,sat,9hGt7syRLjpkvaYcMSZipJjRGz75b4hFpupq1KNy5PBj,2980.13,3v7ePWEkpd5hANq5sYT3fLGyGfDL7ok8KSrMRZSxiMKgRa43PP87nUES9PdZ4E7eLmo5x5xXcxXs7XboTjZDTf72
1789149261,5dvXTZ5qwgafnHtwu3Ls3QrWx1U4LQsFeCuJgkk4QEC6,2026-09-11T15:19:06Z,al,4XZvHYfLmo2Rt6HMw39XECH7e3vavCnZpGDmPBtSATCe,5311.67,4iRTMFfNLr4384VoNdgdX3iTSpsMmoEJnLScPCckJuPNChCizvLGZLSu5WUWKmuU5ZFzDzEnXN6QcKe34YuZ6KXg
1789149261,5dvXTZ5qwgafnHtwu3Ls3QrWx1U4LQsFeCuJgkk4QEC6,2026-09-11T15:18:09Z,sat,F5MYbjEATQFD6rxwdS2zXzEHBGuUhSGvJkUhLFAcr4hv,10030.23,5WfFm1va56eJFEL9NtesZkE8X1zMNFuZCB92x7SMvxAMYbGzyNqTs1k6k35QzQnj9NxHcBRbnVRvQT2DYrEnNP9i
1789149261,5dvXTZ5qwgafnHtwu3Ls3QrWx1U4LQsFeCuJgkk4QEC6,2026-09-11T15:18:09Z,al,AjkDC1KdkgPaFRtrCbeSh6B6dhVX2JM4o2XhPSs2qu4b,4695.97,2kyQXbzzVXT4SHijW2B2QvTTRdEg3zpEJkbwkzzr2L4TjV8CGDPffwHiii6TRsknf2miF7szvCPhjd7xKT8Keaae
1789149261,5dvXTZ5qwgafnHtwu3Ls3QrWx1U4LQsFeCuJgkk4QEC6,2026-09-11T15:18:04Z,sat,F5MYbjEATQFD6rxwdS2zXzEHBGuUhSGvJkUhLFAcr4hv,10268.62,yFPxar2zEXmLCSt3CmPuceReqVMfL7G4U3zrCwiF1csi6amahWCroo73UTqKmD4NsDm3jDFiJcVQT78P8DSWsH7
1789149261,5dvXTZ5qwgafnHtwu3Ls3QrWx1U4LQsFeCuJgkk4QEC6,2026-09-11T15:18:04Z,al,B7XwXUuZn9zkRSV17mcn35J77hv91GJpK5jMH3Y7kk5R,8288.98,k591JAbfwYUHGEbKyuskF1MZeqPsPBtmpMD2y3Cy7apKZh5RYovBtjdvX4FUuVRCx2e4VYVfwSiYuVSkhppgmud
1789149261,5dvXTZ5qwgafnHtwu3Ls3QrWx1U4LQsFeCuJgkk4QEC6,2026-09-11T15:18:01Z,sat,F5MYbjEATQFD6rxwdS2zXzEHBGuUhSGvJkUhLFAcr4hv,10247.26,5BuJjJQjy5mQT8csaitUYArDdVu3vEMtnmdiLmRyLszaHKmzrF1s9uDEm8XX3G22xyCJ5wuDJK8CpsFF8CbqQcEF
1789149261,5dvXTZ5qwgafnHtwu3Ls3QrWx1U4LQsFeCuJgkk4QEC6,2026-09-11T15:18:01Z,al,AQ3MK4mf4i4r3G9rkbAvfoxGP6eZ7yscuiy5Syyuq27U,8634.16,4YfoohqQ5VYf2UnMvqowbkyyhrXJjqLVAq6JHJT9DSAHXANcj1V98UnLoe5F2uVKYhqAReM7u2jjaPHZA6YaDNcN
1789149261,5dvXTZ5qwgafnHtwu3Ls3QrWx1U4LQsFeCuJgkk4QEC6,2026-09-11T15:17:59Z,sat,F5MYbjEATQFD6rxwdS2zXzEHBGuUhSGvJkUhLFAcr4hv,9835.56,3U9H3A5c2H27QLxTBVGJmyzW3w3dbe8eheET2orSqoNAzn85xsA3atrVK1K1zcxqZXbuZVVmrmtMNay4Q3J8TKiM
1789149261,5dvXTZ5qwgafnHtwu3Ls3QrWx1U4LQsFeCuJgkk4QEC6,2026-09-11T15:17:59Z,al,MriyaNN8TMp6qRWjfr723PK7xgQK7yCt7Kg2v2PQu7X,3314.44,2nWtZGnXg2jVoUY5oerFcGj17bqKK73MvobcuK47NUsv2hPwfZZShPjZpySnM3TwYnH4C2AMjZfcJvBnmHva6Z3a
1789149261,5dvXTZ5qwgafnHtwu3Ls3QrWx1U4LQsFeCuJgkk4QEC6,2026-09-11T15:11:45Z,sat,EM1ZyNA3g4rr9MBzSEA36QqWd7t7cp54zDidm3YskyeU,21420.16,45WnhLmgV8drzsXudZdkcYsj83tuXZarNLZpvNBhQDpypLhhRmwhu1cD84RbMYYK8Xq6cW4GXFxduimoTaWDaChV
1789149261,5dvXTZ5qwgafnHtwu3Ls3QrWx1U4LQsFeCuJgkk4QEC6,2026-09-11T15:11:45Z,al,7dGrdJRYtsNR8UYxZ3TnifXGjGc9eRYLq9sELwYpuuUu,16246.86,23419hZTcezXKc4Aju2FWtVZgLbb5earxaweVWefwvq78bxiuW2PzkSUFoLZy4Y7AhG8anaqCsGeBd2dTfuuchjo
1789149261,5dvXTZ5qwgafnHtwu3Ls3QrWx1U4LQsFeCuJgkk4QEC6,2026-09-11T15:07:24Z,sat,AgmLJBMDCqWynYnQiPCuj9ewsNNsBJXyzoUhD9LJzN51,2738.58,48HYD8zeKNmsaUumwGeUx5JuG3Qo5Vrx1F6WhDunTyxpYycnkckTPtuxb3h5aNFFFGuDtzRxX5QGweJSNd7mxxpB
1789149261,5dvXTZ5qwgafnHtwu3Ls3QrWx1U4LQsFeCuJgkk4QEC6,2026-09-11T15:07:18Z,al,5FbiJqcDtQqDMMCMSnFa5TeufHeNhHQcKu6eFodqqTd3,3540.99,575zEJH46bTVUzUZcxKqQKq6DfLSHpb4nSF9FstBXhMSvHtkNoSmRgJwn2GthtDYcywNtbRcKFt8K5jFQQLdWb71
1789149261,5dvXTZ5qwgafnHtwu3Ls3QrWx1U4LQsFeCuJgkk4QEC6,2026-09-11T15:07:03Z,al,5qzntPFzJ7sdKqrYQeAbyPm4CDpr3gxFDyiscMQpd96Z,2573.86,66grB5kownibVERHdQW1M3a4aUMfmqyznr5RJpEoBbruPc1qrHXNafbQbVLxfFesZ6v63dns8UBJfPBKZi85eK4k
1789149261,5dvXTZ5qwgafnHtwu3Ls3QrWx1U4LQsFeCuJgkk4QEC6,2026-09-11T15:05:55Z,al,9C3pzMxY8pNDJCPzMpLfyuP54igBJg16gsP6Em4fXPwn,2739.27,5C1BwaSJ4skcQHjrfzTgPo4kcBEgnZ6bPuvxDJmeDfGirJKjgJZqy6wr8VVfw3Ekvgb6YwgWtqv4XF2KcBngzSzc
1789149261,5dvXTZ5qwgafnHtwu3Ls3QrWx1U4LQsFeCuJgkk4QEC6,2026-09-11T15:04:42Z,al,EpTEt8zmLVuqed5AEQMWbi6eaycQht4z8UDYrAws71cq,2577.85,35Mn1HMXKKtbaN5N8obJh7dVqcQfrnp6npfKDijZvgwzou8pT3jHTrn5bFqX74d8L5zBBtBBnASzWPrLCPm1ASWF
1789149261,5dvXTZ5qwgafnHtwu3Ls3QrWx1U4LQsFeCuJgkk4QEC6,2026-09-11T14:59:07Z,al,GZjYfGyUNQfDChcQ66Gc3ZMcQqPEisyRYe1nPyQhP9bp,4263.42,qxQrexGMdiCn2XpG1dLhahafEZTFiPygLkgiCYrNdYaGgvMpQyRhYmAe4uhMSJddrJCFnLNFCZoNEBSqJx95Pn3
1789149261,5dvXTZ5qwgafnHtwu3Ls3QrWx1U4LQsFeCuJgkk4QEC6,2026-09-11T14:57:34Z,al,65BhvQTprsdYo7wvfdthA8VxbujjU2jci5SHz8MaiC9p,3131.22,2jyFQ2cprqEMEmt6GdA8vTXbRFMftZikBQt8oYDkKp123oaeJLypUbdELY8KX2wkDNtxeuWC8uUkvVjVFsggrLG5
1789149261,5dvXTZ5qwgafnHtwu3Ls3QrWx1U4LQsFeCuJgkk4QEC6,2026-09-11T14:52:05Z,al,GZjYfGyUNQfDChcQ66Gc3ZMcQqPEisyRYe1nPyQhP9bp,3366.75,2zhZ1FCicw8giL1VSGa5rfF1KBKH6beJSqmhej7ufiMrvsMeqZEEwDkY8AMubvszvGeZtyxubJKDsw3sjYPVGnqv
1789149261,5dvXTZ5qwgafnHtwu3Ls3QrWx1U4LQsFeCuJgkk4QEC6,2026-09-11T14:48:12Z,al,ByiAbN9MJhfQKGK5WJrfgko6XS88qqERQVRLWZTsvyTf,2903.82,1rtAVDRUTz7pCMXjLf1nyFUngLVti2SXE9ocg33fkbL8EgEyak78jb7u3DMnAic7w5kMgQneNfKu2MzBX4RUtSa
1789149261,5dvXTZ5qwgafnHtwu3Ls3QrWx1U4LQsFeCuJgkk4QEC6,2026-09-11T14:45:19Z,sat,6t3EBNhKeei1zFc8yqrGvG94yxxyNo6msQDs3CjUAKQw,3612.31,4BsuDeGt9aqo5j1HA1agFAoi9W7aaDV9DpLgHXeyvsKFM1qV57B6EhaVJNBEZd7rkFNgoKceKgdPVc5r2epKyXNK
1789149261,5dvXTZ5qwgafnHtwu3Ls3QrWx1U4LQsFeCuJgkk4QEC6,2026-09-11T14:39:44Z,sat,25SDQpxpaAoRv5ZgJcXX66KspuMgRdtNBW9rYLV7ct38,2610.99,5i1gzjUekUoBqfHSCPCfdmny8tq2EQxUm6a7V8uzfhg7C2PGYSJyi4p864j5XLWVNn3Bw8bRX3hKdQXBybJgv1i
1789149261,5dvXTZ5qwgafnHtwu3Ls3QrWx1U4LQsFeCuJgkk4QEC6,2026-09-11T14:33:19Z,al,EpTEt8zmLVuqed5AEQMWbi6eaycQht4z8UDYrAws71cq,2696.2,62Lf81wUwooH7ktqFhs3wLeCZxENW3CV2GWy6BAYnxmSgh3B9RyMPPYhiXsEVkoYjgcZ59kt3T3mpbt9au855tr6
1789149261,5dvXTZ5qwgafnHtwu3Ls3QrWx1U4LQsFeCuJgkk4QEC6,2026-09-11T14:28:24Z,al,5qzntPFzJ7sdKqrYQeAbyPm4CDpr3gxFDyiscMQpd96Z,2580.75,3eABnsewxZjQgxh4mMBsThoxXoP4o5f7gbKNuHbrd9uwi3R7sx5rHDQKZ6431XpcsgxZFYMVGuXdEkoVvQSbfszi
1789149261,5dvXTZ5qwgafnHtwu3Ls3QrWx1U4LQsFeCuJgkk4QEC6,2026-09-11T14:25:55Z,sat,5tHRrrmu9Y9pzARLDVPHn8soSqNBYCrTJ4ei8eD5wZuQ,2631.5,3bqTaiJ4fqoDciT8dXfvhL9zU3kA7p4fCHbGb9db6zgpzsnckyJmayDWzgS4RFeiGArMmHb2dmeGfuM2YwFQYa2U
1789149261,5dvXTZ5qwgafnHtwu3Ls3QrWx1U4LQsFeCuJgkk4QEC6,2026-09-11T14:25:07Z,sat,7nS31xjW694gjug9jBpM6HR4iJsQzDy5HabejLY4Ug8p,2792.44,4oYgp8RHUVjfYn6dRxCM5vov4UfLD9W5GBGpzzrK369PKz3xJA2gRk9XoMsgjae1LMQAomWr5feVxRWPjUKqYZCv
1789149261,5dvXTZ5qwgafnHtwu3Ls3QrWx1U4LQsFeCuJgkk4QEC6,2026-09-11T14:25:05Z,sat,GKkQjbTUo34nHSzxh6s51PVqDqxUcbrJyRZ4Epxabguc,2841.26,5x3XcNSbGZKnXiTEJd3dXwz3uQM9sykPa9moJUwKhQBZqopUT7EwAQgkApAbfaSaiXKPQKB3ZN6WcR7tgTY4H9kY
1789149261,5dvXTZ5qwgafnHtwu3Ls3QrWx1U4LQsFeCuJgkk4QEC6,2026-09-11T14:24:50Z,sat,7wVTE2oNbdsC9gtt3sQ8qapM5uVobvnx2hYTLUDPE4Vp,3686.74,3tJvS3QnchLXUmYoJLkFtYQkgkwiWaPgbwLEn61PdS3CFrRji7pj7K4f3oNyzuBCi5jbfAbet684aqgRSevrTb1y
1789149261,5dvXTZ5qwgafnHtwu3Ls3QrWx1U4LQsFeCuJgkk4QEC6,2026-09-11T14:23:44Z,sat,9q8h41TYvtrt36iv4PSP1hSVCwVx4Y2QAfJ4fbL9zZrc,5179.26,3vU5oLdy2ZqYe6ZJpUc3u4SzTigJMfYauvcd8ak4trkgxcA4f9kE82FPf87YjfWLecB8Re8v5WJjeGaJ2T33Ksfn
1789149261,5dvXTZ5qwgafnHtwu3Ls3QrWx1U4LQsFeCuJgkk4QEC6,2026-09-11T14:23:42Z,al,BJwLgugzPiYRHteokm5n735Ks65XMhDiSShHCmNLbeDJ,5061.78,5zHMTHjQ4R7S6pRvKLYfAM1owUBXXNoTCLshdtjZQQzGwUJZtHTen73dPLocADJRSqX5KHummnB5vy1JqBgQPL7z
1789149261,5dvXTZ5qwgafnHtwu3Ls3QrWx1U4LQsFeCuJgkk4QEC6,2026-09-11T14:22:41Z,sat,cHXoxtoBWKRDDS4BCmCApu8Z2p5DmS5ggux4L6hTu62,4362.01,2G1TNvcpYvW3MDubPdKjvKKPDFJKdrFcRcXjgyesUMQqGNvszNpTytppNmwh3b2ZGgTkJJLLZZNcsL7qCnVfxCFN
1789149261,5dvXTZ5qwgafnHtwu3Ls3QrWx1U4LQsFeCuJgkk4QEC6,2026-09-11T14:21:43Z,sat,5qzntPFzJ7sdKqrYQeAbyPm4CDpr3gxFDyiscMQpd96Z,8792.68,31e93GZ7KwMz85RXWfgjzzLJbNfAsTN5tYzQaGjuQmjQFbDeS72fx5tFUnk5fysvKDJ3yPT5wQY5Z9YCARnKyTXQ
1789149261,5dvXTZ5qwgafnHtwu3Ls3QrWx1U4LQsFeCuJgkk4QEC6,2026-09-11T14:21:42Z,sat,UUAhspPgUdGuXUnokmxERH1VvNGNh1ouN3mfcbfV8yd,2566.92,2fMsWcvDvMQgUSMstjctkPsamfxADKSu8efFP7sgYwP2634pwpvbEYkSnVoMgoVG1k7QoqvQUXG1ULUwpS2PnTGj
1789149261,5dvXTZ5qwgafnHtwu3Ls3QrWx1U4LQsFeCuJgkk4QEC6,2026-09-11T14:21:15Z,sat,BqhxhGUwCgGdsoYK3j8qN4UmgrLxiQT69rUCPbCeUjhX,2671.62,64npD977pnqHfpSbCir7HsXSePVDBUiYhHU9ExDpn8rYy151LWEhnoKuJbNX7EPd4Pz6bEVUGHB54shAn6kveKbF
1789149261,5dvXTZ5qwgafnHtwu3Ls3QrWx1U4LQsFeCuJgkk4QEC6,2026-09-11T14:09:28Z,sat,GQFocHx1SBuf3vgJQkx29VMFzeAjv4DJU367oZQBmEDD,3983.64,3DVSKtQ72gNovLGsPkcYvxtLYhGBCi5AB2kf7QDJbU2vxNK4eHp5nkB4uapQFcerQqo3HFFkuL4WJzTMCahwhAVB
1789149261,5dvXTZ5qwgafnHtwu3Ls3QrWx1U4LQsFeCuJgkk4QEC6,2026-09-11T14:06:21Z,sat,7xGcrUeDw5tbGaA4AT3pVjtBuigwFHbMEvny5yoDKVCq,2789.37,3d1N2n5WhAWXx6Ci9ApRHcCnpoKBm9jafVaGNSfHvLStgV3F3RTWiAyvHYBWXEqjXmwq1hL2Tfk6sKUjJzDhscss
1789149261,5dvXTZ5qwgafnHtwu3Ls3QrWx1U4LQsFeCuJgkk4QEC6,2026-09-11T13:57:42Z,al,7aAxWjUhGeceJYx5WhwpTjSWtGRLpmBNqbcn46QLwwEg,3019.02,3vW9Bm8SP3htmRE5ZQ64N7nvXghNbWoDWbLoNpiSuCavAa1nvjfP9mmcpdz1SFGmoV2iaJaNbWuxw9nnfGZFuDet
1789149261,5dvXTZ5qwgafnHtwu3Ls3QrWx1U4LQsFeCuJgkk4QEC6,2026-09-11T13:55:11Z,al,7xGcrUeDw5tbGaA4AT3pVjtBuigwFHbMEvny5yoDKVCq,2743.38,4XwKZHoG4QaMpXdiRChsVDT1zsksnE8acKyuprpzxPDiDy1UoxGa5uiG9pzijPkHMP9xpWB3e5kVrkiSQw5tbgCB
1789149261,5dvXTZ5qwgafnHtwu3Ls3QrWx1U4LQsFeCuJgkk4QEC6,2026-09-11T13:53:54Z,al,AS8o55SvGADM3fX2sF5WfJqHpCwgvWKqh5zcYdqJbz15,5050.69,44dEqehewPsaGNmwYQsLGncLHetjtJZmieEdjHDx1CLXAdruM3PnroCQP2tymNbnjaDujroaBEdybVuqeQoUUE2R
1789149261,5dvXTZ5qwgafnHtwu3Ls3QrWx1U4LQsFeCuJgkk4QEC6,2026-09-11T13:53:19Z,sat,FYtdv53N4ecDEwwgs9nPmxmUNiTvZtsNAZorUZGvNrEK,3458.86,3d2YA1yN3xSqkFnwXA4pCnTutBpGzqSVuBGpdHRNJBqkYBPrrsfieVGLeVjMt57NNGzUFGBX6TbYuoZJJnURPBh5
1789149261,5dvXTZ5qwgafnHtwu3Ls3QrWx1U4LQsFeCuJgkk4QEC6,2026-09-11T13:53:13Z,al,5qzntPFzJ7sdKqrYQeAbyPm4CDpr3gxFDyiscMQpd96Z,2589.68,5rxgwTt4PWiUVSvugsubfd32f38kbTwQtHtWnXhXAkP9hDFqND9zyxNKQPaiktR2XuRcUmBbkDPp8anJG1jqNQSM
1789149261,5dvXTZ5qwgafnHtwu3Ls3QrWx1U4LQsFeCuJgkk4QEC6,2026-09-11T13:52:50Z,al,3yBsTBbPGeitdLCnJekGKXYZptcswEA6RugHxi2EgVMm,3849.44,3rHaRfRLw9nAm7rC92tFkax83DjSLpEkQG3kMY8p8rZLWEZsmnDm5Fj6CwgRujSS8eWt4XuzJEmSbA6A4pogmG88
1789149261,5dvXTZ5qwgafnHtwu3Ls3QrWx1U4LQsFeCuJgkk4QEC6,2026-09-11T13:47:44Z,sat,BNXL1R1acnUK24Xoz4i4h6KKN3Z8XjU8853VLE4yjyWk,3249.22,2kNnf1AYHhvhNSxfc813CB6mazjpxEyzgPyf4GuzweagRQSndShWJT2zYv1qbemVdfsWEswjvQiEddygiHnDwqR3
1789149261,5dvXTZ5qwgafnHtwu3Ls3QrWx1U4LQsFeCuJgkk4QEC6,2026-09-11T13:43:31Z,al,38cwiGN9df24e7gAsmWiiPrYjNjxwzQwYjQCiZmybqH9,2729.54,Bn9kTitDHh2GSkgddm2kqNn3D6XWoNA4R8F88X6kYypucBHbpvJbYDaBUQJvYW9av8wrEzZfDLQ6cvnmkzvLjit
1789149261,5dvXTZ5qwgafnHtwu3Ls3QrWx1U4LQsFeCuJgkk4QEC6,2026-09-11T13:43:31Z,sat,CatyeC3LgBxub7HcpW2n7cZZZ66CUKdcZ8DzHucHrSiP,3235.16,2STP3eV8aGCAk2iSQ3kzd46tYq5BifDC5Gpf47yivXmDJeg9vk16r8m8VLrDQmRrc6fWL4GVVwaqszgYqYPLyiNR
1789149261,5dvXTZ5qwgafnHtwu3Ls3QrWx1U4LQsFeCuJgkk4QEC6,2026-09-11T13:32:47Z,sat,2aPnFbwMj2oGCDzS9MjCWvJiQdSNaF9o3zs3CVR6ZJ49,3124.51,5iYTiyQJpUg1bqmA5Kb4ca99Wc39pPNPgdjtbQr4jiMWff2SdSP9PJK7hCGwaADZLmsrXW199QhthVma3UwsFPhA
1789149261,5dvXTZ5qwgafnHtwu3Ls3QrWx1U4LQsFeCuJgkk4QEC6,2026-09-11T13:28:56Z,al,72cCbFbLXhP3Ye4RYNZ1KLumBGvBD1QbKEL4ovC2gSUj,3549.42,4s7UY9vB8ug8vMzfSuCLUZk9biSoKGAau2iwhnwQJxmn5pMu8fSdpRZk5UPVMEFc7hUBBL27NgGimvA2gNBVQctr
1789149261,5dvXTZ5qwgafnHtwu3Ls3QrWx1U4LQsFeCuJgkk4QEC6,2026-09-11T13:28:46Z,sat,2aPnFbwMj2oGCDzS9MjCWvJiQdSNaF9o3zs3CVR6ZJ49,3081.78,3bKmmtkcJvoWNtEL9Az3jUNea37efzv9cwHXc41bWjAYajiGknmZGsdxqR4zGWtY7SAoQF4owsSx7bPsDrVDgY1F
1789149261,5dvXTZ5qwgafnHtwu3Ls3QrWx1U4LQsFeCuJgkk4QEC6,2026-09-11T13:27:01Z,al,5weybC6zuJDEsbHM1q62dy7LW5F2j2nVvYTyFYRc8zz4,2969.94,3dztnTmY1FB3Jni4KmjpsctDzWsjVQbBGNAU1jmuEXcrKaPLJFwgp3UonQvk2rr4gW3noSnduLMnunEfUzdiqpAJ
1789149261,5dvXTZ5qwgafnHtwu3Ls3QrWx1U4LQsFeCuJgkk4QEC6,2026-09-11T13:26:21Z,sat,77TjkXbLC5Vyr5XSEVbdNbY2E861g3YXvcRPJ4iSda1F,3140.1,5Nc3jyrQxukrcn6tov8NJ1CjXVbPKHX1NT8a53GayitY5fK9JnEsPNcp9zYre3JQmqxmpLWWpekBCPtxkzA9xVWF
1789149261,5dvXTZ5qwgafnHtwu3Ls3QrWx1U4LQsFeCuJgkk4QEC6,2026-09-11T13:25:58Z,sat,ECU97KrowUyALcM3GuVgS1Pbv5YbmeRYNC13HCpo4VLA,2596.18,zfHL3AAoJEFHpZuHGPTzBa8nYu88baiCLcRrFz7pGsVUJWWKsrm83W8D9a3WCKFQ7YASv5SmKTG76NFkTj4q9m3
1789149286,6CsmCtDAhRcbp3G4KiinKC2JjLJ9BpR7isqcgZefqLym,2026-09-11T17:38:13Z,al,N7Bc4LSZSmNx6gSDJar7xomkW3ByGpS6XFBp9PtN1Eo,3826.58,4J9rZ6hpRfPcaARhg1KHzrcf33b6D8hKNAzo3na1Ga4SQBK1y3hhfHv5wXZyhpDH3atwoc7CNedB3QcywqwUgScA
1789149286,6CsmCtDAhRcbp3G4KiinKC2JjLJ9BpR7isqcgZefqLym,2026-09-11T17:35:49Z,sat,Dgc1nJa1P1RGoM5yAMaYjVxdiKfu4TJPyejbX3LGcKxw,3580.97,LmPAzaQpP8mbzDwNHi7rG4iEhYgTHWCRm9KTetk16uYUrpQzQRfDTzqpizhe96gm49qKaM4BDAKhvLqLrjTD78U
1789149286,6CsmCtDAhRcbp3G4KiinKC2JjLJ9BpR7isqcgZefqLym,2026-09-11T17:35:37Z,al,Fgej4SPuW282TdrQRfizRHAeRasNqCtAWZizL3jDqMdS,2580.36,4VR6Yopc5hvLZ8dcWdvLXUgoLZeFhg2Jz7buKDTRFWs82KjgLSxxtCcgAZVug9v77Xy9yrV8kD97P3o8icYTS1Sp
1789149286,6CsmCtDAhRcbp3G4KiinKC2JjLJ9BpR7isqcgZefqLym,2026-09-11T17:33:38Z,sat,Dgc1nJa1P1RGoM5yAMaYjVxdiKfu4TJPyejbX3LGcKxw,5201.78,2zSfkfH33HgbGohm7LFieh5cxaHKbvGYuPexgp3cPuDp1S5ofag9uNj5d1n5YDDx3ywXLfYz6REGjFP9dGSJYEyu
1789149286,6CsmCtDAhRcbp3G4KiinKC2JjLJ9BpR7isqcgZefqLym,2026-09-11T16:56:08Z,sat,79JB8qtthPoy79MM8NCj7EwryMiPprfWLiiKt8vUJSU1,9355.38,5oepU4Lf9utRQ6rZHKG84aS61SHrMV1T9tJzRP1QdytD3LPEiywh2FfaHcL3nXF1aXsve7nC5qXYjUnqpyKsXK53
1789149286,6CsmCtDAhRcbp3G4KiinKC2JjLJ9BpR7isqcgZefqLym,2026-09-11T16:24:05Z,sat,63jFKud97xD1WcT8ti9XZzQe5ewqcNfewcb2gH43hyqo,3835.11,CgDpBoR2THUqrTJe8N1fUXPzE6ZzrXSYuXL4TRHa7AE1K3yjkwsuo2iiBixGVhEuD9kCyhWZ77NEX2BQUuHRjac
1789149286,6CsmCtDAhRcbp3G4KiinKC2JjLJ9BpR7isqcgZefqLym,2026-09-11T15:38:05Z,sat,AgmLJBMDCqWynYnQiPCuj9ewsNNsBJXyzoUhD9LJzN51,2726.51,3GpqFNiNMVXka8STpegJTrS681xs2cuCFSX5CnTFAQD9hVciXq48YbKcfPG98et8omgBuLwBGv87t8VJ9sUcmNH5
1789149286,6CsmCtDAhRcbp3G4KiinKC2JjLJ9BpR7isqcgZefqLym,2026-09-11T15:37:05Z,sat,AgmLJBMDCqWynYnQiPCuj9ewsNNsBJXyzoUhD9LJzN51,3095.1,3JNs76j798a9v9WTtdYE6GLosLgKjsQ6BfsCVRGHyG8dHiz9Jhq7nwRn6jNnihuxQhLkCR5AXbtfGhTWbzSff8yt
1789149286,6CsmCtDAhRcbp3G4KiinKC2JjLJ9BpR7isqcgZefqLym,2026-09-11T15:27:27Z,sat,N7Bc4LSZSmNx6gSDJar7xomkW3ByGpS6XFBp9PtN1Eo,4587.06,zF5AZC7D97Vd3hiYAUpLVpuYrR5EfEQKCUQ6dmYsnMSJPqPBWigKzq4QaKPZX7HBj5tpYaAyjrPY5jt4KAVhCg1
1789149286,6CsmCtDAhRcbp3G4KiinKC2JjLJ9BpR7isqcgZefqLym,2026-09-11T15:16:06Z,sat,AgmLJBMDCqWynYnQiPCuj9ewsNNsBJXyzoUhD9LJzN51,4746.85,4mKWoHD8f8SLPhVHxPjxGfzeyfMNGQatvkzHtMqW1tns8HikaUQcbCa1C3SGB2HD49zsQstHtXWRtXf567Du8e5J
1789149286,6CsmCtDAhRcbp3G4KiinKC2JjLJ9BpR7isqcgZefqLym,2026-09-11T15:13:11Z,sat,5KXDF6QnqhBj72hDtJNkkpFaQVUfbFXNybMsp3DiK6tD,3375.26,k3Fhkym5MD5yCj3gUz34aqSALDeBuF8fTceGXER8qs4SoBUpaHBpKRfT7RXi6AdS8tF6yA9pkyLEWejKAiH2JMN
1789149286,6CsmCtDAhRcbp3G4KiinKC2JjLJ9BpR7isqcgZefqLym,2026-09-11T15:04:17Z,sat,3VqegaVTLGcNmRMfaf8JMEaVmUzQaEZV7rEs72ntjEsy,5041.41,2p45yZX8j8WgniSV9zd8aNKwsLuvafDoh1wXkqdxrWEjBDpPW1jEBa4ftPUVEWPKbeQp2kWs3Bkd7m2MmYvAw8dB
1789149286,6CsmCtDAhRcbp3G4KiinKC2JjLJ9BpR7isqcgZefqLym,2026-09-11T15:03:21Z,sat,2KC73o6BNHoYCTFszJvbveAvvZRRZeSZZA7nEhFUrRog,3593.01,2H681wM3AxjrgTcix25YBNrDnijVSAgawCvkcP7tswiMKBwU39PMSXT725ywrikALekvSdMayvZkmJfjrKnDXmnN
1789149286,6CsmCtDAhRcbp3G4KiinKC2JjLJ9BpR7isqcgZefqLym,2026-09-11T14:49:05Z,sat,FZ7gyqSgDikUU8ZVqKfECyweRqZe2rvZBYf4CzezRmLX,7222.52,34iCBZXZHYge5s8APrq21fNZEorUcG6JBsH8JQKJBo2RYgZWQ4ikYs3ZY73vhhKURbD38kLv8E4ehTZgEUQkYZG2
1789149286,6CsmCtDAhRcbp3G4KiinKC2JjLJ9BpR7isqcgZefqLym,2026-09-11T14:46:29Z,sat,5KXDF6QnqhBj72hDtJNkkpFaQVUfbFXNybMsp3DiK6tD,3870.7,2DZSTH2hB7NtLuQ3JRBjBnCYpUfFnvE2izDKcMgMeA4rJoCedz5SoXMyTaBnYJVN7XXHmSVfRaNej1rC2Unx7BuR
1789149286,6CsmCtDAhRcbp3G4KiinKC2JjLJ9BpR7isqcgZefqLym,2026-09-11T14:41:15Z,al,4qLXrjbjgYE22BMnRcFbEt2Dx5CzoqwFbrpmZyg7RuGY,2591.87,S2Yieko5XppjdC961KTR7CYkWs6HRS1GvbaKuoAU2CvoPL3cTERQsZtLkpbQ3bS78q2pQ9tiVGmEAPoS3A4oHWp
1789149286,6CsmCtDAhRcbp3G4KiinKC2JjLJ9BpR7isqcgZefqLym,2026-09-11T14:38:16Z,sat,5JeVQan13XhwKJ8rsw9NSG7kSZc6SaJuhYtKo77ZiJvh,2679.02,4GagXcNZcyPzdF2AfinHbtdA1TZwbrdihTQq831xCPbpMwMFhPnAt5CHiNiWTU73ezFSM6C7PHyuoK26giDPbao6
1789149286,6CsmCtDAhRcbp3G4KiinKC2JjLJ9BpR7isqcgZefqLym,2026-09-11T14:36:49Z,sat,DmMNr7cZkHUSs5LVMSAisEq7aqw11bGSGqutExvHrMmJ,5521.15,38QSdS7fPEqMQnzKnFFj2knE3ijaKN9WRaPgCPNhVXhz3fFiscZkp3tgf4cswHSduxyyJFDdrZrdhit3LrNaahQV
1789149286,6CsmCtDAhRcbp3G4KiinKC2JjLJ9BpR7isqcgZefqLym,2026-09-11T14:33:10Z,sat,2KC73o6BNHoYCTFszJvbveAvvZRRZeSZZA7nEhFUrRog,2753.99,3CUejJTwR8hoS4MvmgqnUknEnTeLn7mGrdsw3dbV6B5TDtgCMP2zLTJ219NBHHGqbWiBBkJ8X5eeZwiN2SDF9VSE
1789149286,6CsmCtDAhRcbp3G4KiinKC2JjLJ9BpR7isqcgZefqLym,2026-09-11T14:31:24Z,sat,BBjqvoVmibBjWnHyWrBwLGtMtc39dHKp2xPBABVw7Dex,4872.43,CvP2datX9wGdUq8mLNb4T9CrLVmtxKvp89TZ55wrsDMzqKAE3p2G3GGWdgZ7Xh9E3XUJPAJAhPjjdhDye5PsPqW
1789149286,6CsmCtDAhRcbp3G4KiinKC2JjLJ9BpR7isqcgZefqLym,2026-09-11T14:21:08Z,sat,J7aYFojHsFeyD1Z2eEcmMfZu1mjt8PNHcz2iNogtppmC,3898.05,2z8fjahNCfTBgAxLrRJcwPsZR3bKFJBUXqYDAdYmUyiWQ69rUEbWgxMGFbzgA86FQhybQJm5bkMyXerStgvSDY9E
1789149286,6CsmCtDAhRcbp3G4KiinKC2JjLJ9BpR7isqcgZefqLym,2026-09-11T14:09:24Z,sat,5KXDF6QnqhBj72hDtJNkkpFaQVUfbFXNybMsp3DiK6tD,3699.97,HgQvn4yPMgSV7fkR6zHZm3oDi5p9HLaL5hJXS78mExDWmtyW7BmevWx4zBP1rZT5ncGWkVMjEdAP9V4n7ye73eY
1789149286,6CsmCtDAhRcbp3G4KiinKC2JjLJ9BpR7isqcgZefqLym,2026-09-11T14:08:52Z,al,2KC73o6BNHoYCTFszJvbveAvvZRRZeSZZA7nEhFUrRog,3152.16,5G1vZD7GdBfTLTH8bqU5ypF4RQpmGHFLUYwtDBVR5uyTNCTKgbhSSonmPf11S1gZuhkBNmuj3UNT6XdaqpQGaFyb
1789149286,6CsmCtDAhRcbp3G4KiinKC2JjLJ9BpR7isqcgZefqLym,2026-09-11T14:05:59Z,al,AGc3Dk8wKkFAkoX48jFXK9ViHHqfHKHbifZ4iSMv7Yge,2812.66,4gPMDyinsJtRKZNmevJFCMTZbT2D9eQVvFtqWHcvWae6xPei7panBwRk9ezGMBMnqemm2XhdaN7Z9uxwASUiZuj9
1789149286,6CsmCtDAhRcbp3G4KiinKC2JjLJ9BpR7isqcgZefqLym,2026-09-11T13:52:08Z,sat,GWMu7a6dam9AUczHD1wJshDUXfRSegU5C2iSh4qhRvcn,4018.11,5759eKMA4LoPpGbkdBpFz4ocfLJqTfeLdJTToHMQXdhpC3d2SBgJho1eNhWhWE14F3RfeL8WFwnd5aCUNeJbDvra
1789149286,6CsmCtDAhRcbp3G4KiinKC2JjLJ9BpR7isqcgZefqLym,2026-09-11T13:33:33Z,sat,Gb2NJQDiveCNxL6mX6YJZ3q2j2H6cNjDNNR8A1rwtFiM,2927.5,55YZKcduvP5Su4XmciDArBP52MPgJXTYXk4gi9JgUVGGVVT3eSewQKVbwXeLJbNLWLFSTDMpFxiVQMmW1MJqPgiy
1789149286,6CsmCtDAhRcbp3G4KiinKC2JjLJ9BpR7isqcgZefqLym,2026-09-11T13:30:34Z,sat,5KXDF6QnqhBj72hDtJNkkpFaQVUfbFXNybMsp3DiK6tD,3203.11,2Vm7VcAjjyEhunXxMo4cc1asnLBeKiBg96rzjKmcLVa7qfYDsWiCD4fdtZJdnxTuGZZtndyVWVacaJvRGAbny6Wy
1789149286,6CsmCtDAhRcbp3G4KiinKC2JjLJ9BpR7isqcgZefqLym,2026-09-11T13:27:30Z,sat,FHpcNSe6tb2n15bAdq4BkeYWGyZKFD7yLYrH92ng7wCT,3368.79,x41yctAFnmk2pxu58PN7sjtAQgd1YSuSbxTSyFfafeDqtYnLFJQLCmhkeQ94RcNoMkZuYYDQU3vymD4cqZuf5tz
1789149286,6CsmCtDAhRcbp3G4KiinKC2JjLJ9BpR7isqcgZefqLym,2026-09-11T13:08:56Z,al,2KC73o6BNHoYCTFszJvbveAvvZRRZeSZZA7nEhFUrRog,3767.94,tqi5aZuoP3GEJ9SCMHyiUM9SZjcant3R6nKS6xmrgYM8JkqnCwcRbmEurbCDdRFevcB8a74uFpUxEd3qx9bczMg
1789149286,6CsmCtDAhRcbp3G4KiinKC2JjLJ9BpR7isqcgZefqLym,2026-09-11T13:08:13Z,sat,Gchh6bG7gqr14mjbKqUUA1qPSEdtHwYhUEwKrnSVeem6,3290.95,359B8YFq8bo7evcszunVmcr5j92zX9zDLVWEQkiEAMJAXnw7cWUaGYQUQN1poid7iTeEuQ6n4Tjq3huueiJV2wmm
1789149286,6CsmCtDAhRcbp3G4KiinKC2JjLJ9BpR7isqcgZefqLym,2026-09-11T13:06:26Z,al,2KC73o6BNHoYCTFszJvbveAvvZRRZeSZZA7nEhFUrRog,2642.38,2uSDKvaaCsu7MHpkJSp2o4dbKyE5QyVjfrLh76hox2eMBSAip7qm91ThC5bBtkzAuzm75h7D9LjYjZdeEcig3ak8
1789149286,6CsmCtDAhRcbp3G4KiinKC2JjLJ9BpR7isqcgZefqLym,2026-09-11T12:54:15Z,sat,cvQRmR5W6sBqabRjfhAKCGxp6XB2otTJ2dfNFaKcQiX,2761.43,bo3nuNpZ3QgDJQDHsBf6g1VoqUJ3WxMJ2nV5tkSCVx5rM7ptEJoAQtAt1j31JaeeYfiq1DK3x3WhngjadAyTCtw
1789149286,6CsmCtDAhRcbp3G4KiinKC2JjLJ9BpR7isqcgZefqLym,2026-09-11T12:36:14Z,sat,5KXDF6QnqhBj72hDtJNkkpFaQVUfbFXNybMsp3DiK6tD,2581.14,a4x6aoBSsTXw3rc8WECaKsHsX3eDkmDf8r8gabAqCjjB9ACxojqtWSbPQJC4G5yEZZyu2GaEmkn3B82XGFrvrKq
1789149286,6CsmCtDAhRcbp3G4KiinKC2JjLJ9BpR7isqcgZefqLym,2026-09-11T10:52:31Z,sat,FHpcNSe6tb2n15bAdq4BkeYWGyZKFD7yLYrH92ng7wCT,3815.61,DQmxrTEfi2kQ3cNdH4NvbyCCiqJNgsTeKum6zQ2wx8hXPCZ1WN2unjpwwYDbXGh9VEMgPfAG1jHTRAQ7T29GXXF
1789149286,6CsmCtDAhRcbp3G4KiinKC2JjLJ9BpR7isqcgZefqLym,2026-09-11T09:08:59Z,sat,6JgrgLyW27H9rKvXghFd9PAFYzc2NSY7SNhYwa6VidCf,2990.47,4JP5qCbufLJahWjwU2bCyWHmnqcKbpfCXpcMneWXdqtKrpGkgVZbKbrFPht4Q94dKT7dQiWxpmpuNeGgLTKQ39XU
1789149286,6CsmCtDAhRcbp3G4KiinKC2JjLJ9BpR7isqcgZefqLym,2026-09-11T08:48:27Z,al,cvQRmR5W6sBqabRjfhAKCGxp6XB2otTJ2dfNFaKcQiX,2946.67,4G1epdNxQdvcwaUyH6TocqrRbSK77755AYcTj4W2UZzzoAHNS9fjB1bArTj2bXH4fA86xhPLgz53AKLitrDfpiKu
1789149286,6CsmCtDAhRcbp3G4KiinKC2JjLJ9BpR7isqcgZefqLym,2026-09-11T08:44:22Z,sat,4oK7tTF1uksmQwS1CNwoR7zJwtALaBjiBDCTCHjdrX8m,4743.51,4LRiEQx3whGuv5tkaYvbPNT1tWZmp35YFqYQ29L7qzPjdHaAmY7LxVn46CphqHnWnDdWhzu7Dxun6bk1M2xvccas
1789149286,6CsmCtDAhRcbp3G4KiinKC2JjLJ9BpR7isqcgZefqLym,2026-09-11T08:23:50Z,al,AgmLJBMDCqWynYnQiPCuj9ewsNNsBJXyzoUhD9LJzN51,3804.99,27hTnDhW96vAH1apvofTpraeDAWq2MjHYM9gUPYaxbXULux1EgCMjsgdeKut2duxe59rNUVaZjear6KAx6t94HKN
1789149286,6CsmCtDAhRcbp3G4KiinKC2JjLJ9BpR7isqcgZefqLym,2026-09-11T08:00:44Z,al,6JgrgLyW27H9rKvXghFd9PAFYzc2NSY7SNhYwa6VidCf,2843.16,3tUo43eQc5gAidSKJPAxwT8TwvfNqQMDvUPZfX2Bx4XzxEZVo1T6AUcqswbrq3ekrYwBztwwpB15UPtzwP9swDQK
1789149286,6CsmCtDAhRcbp3G4KiinKC2JjLJ9BpR7isqcgZefqLym,2026-09-11T07:37:42Z,sat,AgmLJBMDCqWynYnQiPCuj9ewsNNsBJXyzoUhD9LJzN51,6704.59,gidfRABvbfagUvxbhJFMMbRcEEDb7VRmeWQVStt4rGWBntgJst8dPc91iUQQVXiqbJ92GMvhs2qdewiYeo1psvb
1789149286,6CsmCtDAhRcbp3G4KiinKC2JjLJ9BpR7isqcgZefqLym,2026-09-11T07:18:08Z,al,63jFKud97xD1WcT8ti9XZzQe5ewqcNfewcb2gH43hyqo,4064.54,WztQax3KGL3J5ZyuaP2piB7PrkjHyA2ggPcd2bic6QmeayzxfRQwzXLReNJ6uVQy1jY9eCV7gBB8jZWj7ZKMzwE
1789149286,6CsmCtDAhRcbp3G4KiinKC2JjLJ9BpR7isqcgZefqLym,2026-09-11T06:43:38Z,al,AgmLJBMDCqWynYnQiPCuj9ewsNNsBJXyzoUhD9LJzN51,4079.94,4aQpZ2MgGVqgWU6Yk6HSdWTStbo38y1xMjedxbSwrnvAZ9uZkn4D3B55v6NzM5tcFryUsLxEntM3n23YU3p3F3PP
1789149286,6CsmCtDAhRcbp3G4KiinKC2JjLJ9BpR7isqcgZefqLym,2026-09-11T06:38:35Z,sat,5KXDF6QnqhBj72hDtJNkkpFaQVUfbFXNybMsp3DiK6tD,3669.75,5RLmoKMndW3VUwVbb9hKFwWj8MXV5suFpLH1DRBPmLcsgsPmdZGXWoJ7qR4Hr7TtErQhAcSKKE7uBZ3mbDKneuJA
1789149286,6CsmCtDAhRcbp3G4KiinKC2JjLJ9BpR7isqcgZefqLym,2026-09-11T06:38:28Z,al,FHpcNSe6tb2n15bAdq4BkeYWGyZKFD7yLYrH92ng7wCT,2855.23,3GytCZkw1wv3ELkJKvxK4Jr7QWv36My8gmYhJsji4s1GAGkdeefvc3umyM1JdjsU5QmQb2sVHrQvrDJANqQ6gjQ
1789149286,6CsmCtDAhRcbp3G4KiinKC2JjLJ9BpR7isqcgZefqLym,2026-09-11T06:36:25Z,sat,D9MtLiHsWywWvqUxaCfrRQe2mkTjy1GxEF3yfeoPm3rn,2591.7,4NfUQCncKc1CDZawawDyZcQtiLru5zYayADWtZhtHXGntanGFRMWr7qoK3qTMVP34bV7RTfCfn3FjCAVxtTmNzVV
1789149286,6CsmCtDAhRcbp3G4KiinKC2JjLJ9BpR7isqcgZefqLym,2026-09-11T06:36:22Z,al,FHpcNSe6tb2n15bAdq4BkeYWGyZKFD7yLYrH92ng7wCT,2849.82,3ntMZXoDwfRDxLh3ZmGRpvTmQHyg3hnRcuy5f2PycCM3DCKHxbpMawaGbcLgJK56CEq7x5mNZwUXBj22Mb1j7HMj
1789149286,6CsmCtDAhRcbp3G4KiinKC2JjLJ9BpR7isqcgZefqLym,2026-09-11T06:35:59Z,al,4CPQqg2GeUiyykB5Vz5VHMSDbGa6ztjk5RcpdMdm3Hu1,4126.13,sKPHFVeMvKsBuPqossaa1mWNSrn4NkwvempDzUCA8JJKjWz2G7ePzt1uzkYS6og4XEBwpdoiwYf6ZQyDjwKNTpE
1789149286,6CsmCtDAhRcbp3G4KiinKC2JjLJ9BpR7isqcgZefqLym,2026-09-11T06:35:42Z,al,63jFKud97xD1WcT8ti9XZzQe5ewqcNfewcb2gH43hyqo,4526.72,4dEYS7mS48NPoCXNdTWXAXYgL4mHVFStEN6rFXgms2mEyqXLbo6wJ2MmC5FCvFykm5dLnwwJQiYamj6vSY3Qzc6U
1789149286,6CsmCtDAhRcbp3G4KiinKC2JjLJ9BpR7isqcgZefqLym,2026-09-11T06:35:33Z,sat,D9MtLiHsWywWvqUxaCfrRQe2mkTjy1GxEF3yfeoPm3rn,2608.5,PmDxJ7sqN2BJZg4gn9yCXg86cCBpNi2pjcjeadWHPmFgwWNxeEMfeicpecFdFapiBu3TF7eHQNxNuPaQUh8FEZU
1789149286,6CsmCtDAhRcbp3G4KiinKC2JjLJ9BpR7isqcgZefqLym,2026-09-11T06:35:26Z,al,4CPQqg2GeUiyykB5Vz5VHMSDbGa6ztjk5RcpdMdm3Hu1,4241.75,4ssztQ1oJkxSG2ck1ZG7o4bjgno5VH5FexkBsrVVpNGNmNXsKheUniP3zYpNGd6mqs4uEPyMjYHrzmDG6EGqqgJS
1789149286,6CsmCtDAhRcbp3G4KiinKC2JjLJ9BpR7isqcgZefqLym,2026-09-11T06:35:13Z,sat,D9MtLiHsWywWvqUxaCfrRQe2mkTjy1GxEF3yfeoPm3rn,2519.76,KbBAadZmG4xATsXtVdWv5c6qJtGpFAigXZkyZ1UDYTKEJwMWLDZ4nMYXp99PJH6npArkPbvr2tLCzHUoi5PGEy7
1789149286,6CsmCtDAhRcbp3G4KiinKC2JjLJ9BpR7isqcgZefqLym,2026-09-11T06:34:55Z,al,4CPQqg2GeUiyykB5Vz5VHMSDbGa6ztjk5RcpdMdm3Hu1,4769.38,33BkB5DU9KVKMQW6veirzDdYuKqGZ2BS7tYuV1LZFb92wNBWJf1bcBz324yDiTG2FzMD1Y7qJf7RQEUcoijTQ6tB
1789149286,6CsmCtDAhRcbp3G4KiinKC2JjLJ9BpR7isqcgZefqLym,2026-09-11T06:32:39Z,al,4CPQqg2GeUiyykB5Vz5VHMSDbGa6ztjk5RcpdMdm3Hu1,4601.64,3ktv4KXPy5GuwiynqnUQS9khQMDJHsmHN18KPjqc6MYu4hUnuqr65qjXeumPsWZ1KfLnZuJWyEdGwmbi4da32NMV
1789149286,6CsmCtDAhRcbp3G4KiinKC2JjLJ9BpR7isqcgZefqLym,2026-09-11T06:32:28Z,sat,D9MtLiHsWywWvqUxaCfrRQe2mkTjy1GxEF3yfeoPm3rn,2634.31,5C7S1cLzGcYd8xewBpw78wki18JJFn2A26haCCTeKZ8ViKC5RWso9i2ZjMdA7GNtdoeK8bureykQe7JHEtqZgL9v
1789149286,6CsmCtDAhRcbp3G4KiinKC2JjLJ9BpR7isqcgZefqLym,2026-09-11T06:32:23Z,al,4CPQqg2GeUiyykB5Vz5VHMSDbGa6ztjk5RcpdMdm3Hu1,4322.24,3ppKPcocqKMKGVikh98VUvZhwof3sUz1DCV4oZdmf5zUhEUjMwzwaSf4zXbHLwQnUw4Wwg6JeCPs8TJYAsEU7Xzc
1789149286,6CsmCtDAhRcbp3G4KiinKC2JjLJ9BpR7isqcgZefqLym,2026-09-11T06:27:56Z,al,69PtGh47jJ7ypzUQwFfbKnVzeUEEH5GP4kvxhMpXGkCe,4117.67,3rGJqDsJbMzabhcMy3BZPAzgCraDrnYFtejrg27raNsJDb6LEe4aodYYCgtEhoRTJaX77Udv7KuwkrLmLtoPs5wH
1789149286,6CsmCtDAhRcbp3G4KiinKC2JjLJ9BpR7isqcgZefqLym,2026-09-11T06:26:01Z,sat,5KXDF6QnqhBj72hDtJNkkpFaQVUfbFXNybMsp3DiK6tD,2593.18,5KbAbfxkAqjPwKqQD4CYTxqheaHdfcuiRpFhiPyrCQpVYvJbc4V58WA7ukfAeoMCpCdzjwjuZTZ8MzdxbgQ5RV5F
1789149286,6CsmCtDAhRcbp3G4KiinKC2JjLJ9BpR7isqcgZefqLym,2026-09-11T06:25:38Z,al,AgmLJBMDCqWynYnQiPCuj9ewsNNsBJXyzoUhD9LJzN51,2704.94,wjDFDYt8H3KQnN8rm5uLAY5q9mYA3Zkvj2kt5RsZBos7ctnBsAWHMJCUxN5X1K56FcCyAqpY2VPBzS82zUNW3Az
1789149286,6CsmCtDAhRcbp3G4KiinKC2JjLJ9BpR7isqcgZefqLym,2026-09-11T06:25:15Z,al,BBjqvoVmibBjWnHyWrBwLGtMtc39dHKp2xPBABVw7Dex,3949.96,2aBB1iPeFemABjQL61Jt5Ei9GrtGr64rjX5piFgENDXpvWyHtQmJfNkWozJ12MTb2rTTa9qVh3vCFqC9tFRZJT8T
1789149286,6CsmCtDAhRcbp3G4KiinKC2JjLJ9BpR7isqcgZefqLym,2026-09-11T06:11:28Z,al,N7Bc4LSZSmNx6gSDJar7xomkW3ByGpS6XFBp9PtN1Eo,3577.21,658kxrPnWiCAV3VejGKYFfibHj3YKCUrngEhgkXEjxUXrmcKGi7WdGiij35FbniGHXLkxEYRjqTF8CTTLq6HJVyT
1789149286,6CsmCtDAhRcbp3G4KiinKC2JjLJ9BpR7isqcgZefqLym,2026-09-11T06:02:51Z,al,46Gsj3nno3rCNi1ZorVupWNu8uUJATDPq6Kmu1KHM36k,4408.98,g2T1rFqxKZFwhcQRDnJEcUNJ2CqsQ6wVwn6DVdf3ttw28HEHXbNVmY9NoaBqe56u3YDb9WFyec4B3zpVrRx64KQ
1789149286,6CsmCtDAhRcbp3G4KiinKC2JjLJ9BpR7isqcgZefqLym,2026-09-11T05:41:12Z,sat,5KXDF6QnqhBj72hDtJNkkpFaQVUfbFXNybMsp3DiK6tD,2934.0,UMzSKUoZCXeeshQi9orP8drEogSHwstCdXaVXedFS382Ko8cwhgSgtTZWrEzLhku2dNWa859rTWZPnCkbXxQBkU
1789149286,6CsmCtDAhRcbp3G4KiinKC2JjLJ9BpR7isqcgZefqLym,2026-09-11T05:36:48Z,al,FQK4vvYifBoB6eUc559TTLKC8G3qQzxCt6nQdMeQawpN,3787.95,3Axns51bTEzNqtkrZGyXRikKXGgMcGeNAoCJ5LiGkVcoHoJLKmJTz4n32VbXK6StPnKhXkT2axz1FVKsyQ2r2yGn
1789149286,6CsmCtDAhRcbp3G4KiinKC2JjLJ9BpR7isqcgZefqLym,2026-09-11T05:36:47Z,sat,2E5rJKXz1n3bxn1ZnJvd77WC2SaeVxgDsa8SC33GYvyK,2826.16,hcyxJihyuVMxrTrn9bXSQJyDpiNsQNjdhEpKXVvaDknKFsbWwzusWbUdwfy8hFu2KxCJpsydaDLNk1uxkBPGyT5
1789149286,6CsmCtDAhRcbp3G4KiinKC2JjLJ9BpR7isqcgZefqLym,2026-09-11T05:36:30Z,sat,2E5rJKXz1n3bxn1ZnJvd77WC2SaeVxgDsa8SC33GYvyK,2574.29,2K85EsFMsuSrMghoKnWm4SQzE6MyYf51LorBZdU7KjVrGAG96HdimYap7DXY5UV7JHaMjax8m3RbbejhbAhT87Q7
1789149286,6CsmCtDAhRcbp3G4KiinKC2JjLJ9BpR7isqcgZefqLym,2026-09-11T05:02:48Z,sat,69ULCBXgaamUL9byfi5ZfqnJRWMU4yXRtnQxwak5xQwS,3087.98,36guGWTHRbJu8XR1EKgDSnNSZ7tdzj9hZvseao6VKRARewC4bwPQ2fcoJtPppDqRBxafa3bjVeUtSoZeg9EqrjXL
1789149286,6CsmCtDAhRcbp3G4KiinKC2JjLJ9BpR7isqcgZefqLym,2026-09-11T05:02:12Z,sat,BWpQHn4at37t9b3jE5A59BQfd2nppFjbkNeCyQrGvw8e,3282.49,4dzXjUq6cLqHmqWsTjpMqYn4m2x7e4wRrC9q3RY958kjrZQbbCZK67zwEjvvj6kSiTkW2a3pzZSzb93vm1onQ3aS
1789149286,6CsmCtDAhRcbp3G4KiinKC2JjLJ9BpR7isqcgZefqLym,2026-09-11T04:38:37Z,al,F7p3dFrjRTbtRp8FRF6qHLomXbKRBzpvBLjtQcfcgmNe,4971.59,3pEfgwCGshz5SYyE8BHVKspy3jWUGWrQg8uWvp3RukthGwaK3YCUazVJ2yax6WivDXBkmdHYbUy6DXPE98Z4uXyD
1789149300,7LxC96Ag4DnBotK6bMMUj4kdneAo1kdV1xHnzVF5s7W2,2026-09-11T17:35:56Z,sat,5KXDF6QnqhBj72hDtJNkkpFaQVUfbFXNybMsp3DiK6tD,3220.63,YxNsdqaFscYz4jfqXYLiMzHBdCuNY2zd6PY2E5qD8AEnEauy2YnDZFAV9xhGCLv1VGfYEeS1WLFnU3LvpWR9TKi
1789149300,7LxC96Ag4DnBotK6bMMUj4kdneAo1kdV1xHnzVF5s7W2,2026-09-11T17:32:46Z,al,7VQ2PrZEztaNxGbB9HwWZdPiNRESYbxteJ9gFNvU36cH,5116.03,5JD34aRz3wg2hTXoidHGWCNQGtaawXk1BngAkA6u9juCFTDZFTmpN7e7wZ94VDRJQxmjChWTAxkdoggqmxSg18dG
1789149300,7LxC96Ag4DnBotK6bMMUj4kdneAo1kdV1xHnzVF5s7W2,2026-09-11T17:32:45Z,sat,Aw4mqCCzte1mEsutsd2XEp7uP7hPCdM4qqJykRTUi8HJ,27098.15,3ZibcGsG6fFHRyvTmkS7A97xkJSeifFsGAS351JH3JX7tV49ECwuJaMKjiVhiAq9nKDEjG6VHc37aV7DUQSADqcA
1789149300,7LxC96Ag4DnBotK6bMMUj4kdneAo1kdV1xHnzVF5s7W2,2026-09-11T17:29:34Z,sat,GWMu7a6dam9AUczHD1wJshDUXfRSegU5C2iSh4qhRvcn,2714.51,44NwiTaj92kn2z4zmeczzJ4bw3SXcury6DCSRoN8yjUf8KGZLDsgs6rKRERUFkqxQwgC2Lu9jRrUNfSAbnD6ZkT6
1789149300,7LxC96Ag4DnBotK6bMMUj4kdneAo1kdV1xHnzVF5s7W2,2026-09-11T17:10:24Z,sat,6bQSN4d6anoTwnE6XDPGLA9RV8cqZPeNJro4iQUsWmso,3151.74,CE6N5HApnntumRLAdQQvPzUmso1V9jxpvrokJs4UN19q6PncbcPjASpGKAMb6c4uBLTwWmtZGVp7sWVkjiAuj4d
1789149300,7LxC96Ag4DnBotK6bMMUj4kdneAo1kdV1xHnzVF5s7W2,2026-09-11T16:58:57Z,sat,3XU9nBS9ASpdREXhmy7MMUyKMXCHxda9VzyLkgb599Mz,2544.98,NDPRmMkLQWNh8FeToE8a6N1ySUzEnrdM832fTDbacLWkHStbnHuA3Ttdh497Fp1HRJjokyR39MwzwTcizgYzYHD
1789149300,7LxC96Ag4DnBotK6bMMUj4kdneAo1kdV1xHnzVF5s7W2,2026-09-11T16:51:23Z,sat,5KXDF6QnqhBj72hDtJNkkpFaQVUfbFXNybMsp3DiK6tD,3387.81,4uYJhb2Rriv6FcAJobdTWJdPtixM5dqJ8RcXfQdZ9nPjy6C9dxmfa1BofXW3yxyvdPYRfzAy2EtbWZ3qj5Pz13wu
1789149300,7LxC96Ag4DnBotK6bMMUj4kdneAo1kdV1xHnzVF5s7W2,2026-09-11T16:47:31Z,al,H6PEtpaDddtPEQjvGwEq5y7nF7WpNsTNy73m5h97oTye,3939.0,5YJ5qXU6PFcN7V6X2UGEG56T6LKQNi5MdEbbHjVGyVDk6oEmMwthD6KgtE9HgSXK5NZDfKgqLxJmArTmwrvEtEgs
1789149300,7LxC96Ag4DnBotK6bMMUj4kdneAo1kdV1xHnzVF5s7W2,2026-09-11T16:17:58Z,sat,AgmLJBMDCqWynYnQiPCuj9ewsNNsBJXyzoUhD9LJzN51,2535.31,2DFsN31hEv16h8HoA5CYtMS5HmE5GrQNWtoYVFGidYRr9nrwgEQjzUv8zceweJGmUrEcEYrj1kP9gz4pJRVVDA1W
1789149300,7LxC96Ag4DnBotK6bMMUj4kdneAo1kdV1xHnzVF5s7W2,2026-09-11T16:15:52Z,al,C3A6oEixj1KhLeD89BDfxT7GU55P3aY3CXHVYAfjvk2p,2512.65,2uZgigtg4irPQkrhumiUTGL2BAKEoUm2tKA6tuiGr7ydwTsts5WZ8WeaM2w8iRBcgYD2ATU7R3PPX2saaczo8uJ8
1789149300,7LxC96Ag4DnBotK6bMMUj4kdneAo1kdV1xHnzVF5s7W2,2026-09-11T16:08:20Z,sat,9dQXYq1KSjUvzvj1bRPDcsFApUXjxLwac8aLpFbvELcA,6986.55,n5wzUCQPMyBzETKFZM1VuKS9TRNcgq75s2F3jxt9t7gCexsA5nLDvAknmP9ergGrkFpKtgbXEk9bvtP1VhtTneS
1789149300,7LxC96Ag4DnBotK6bMMUj4kdneAo1kdV1xHnzVF5s7W2,2026-09-11T16:05:55Z,al,C3A6oEixj1KhLeD89BDfxT7GU55P3aY3CXHVYAfjvk2p,3066.3,3Ts89DqXftJs8uWPuCMrgua9VdRxE1LKiZhDQD27XXCk1GMx2pM7LYozTuedaXMkrNqhfEsCYs8yvjZsEDztR3fE
1789149300,7LxC96Ag4DnBotK6bMMUj4kdneAo1kdV1xHnzVF5s7W2,2026-09-11T16:05:52Z,sat,JBEc5KDpuHtEXRyn9S9oZzwAYNTbtU84sV9iWVVLwcmH,3278.42,3S53ZTxCxMVABcmqE8LPrrtatbtDdKcmriBZ6GT8RCgDTR8qg13Xiu9QZPNpv9aKdh4fiwEpq2UZnMj7nbJTdWJy
1789149300,7LxC96Ag4DnBotK6bMMUj4kdneAo1kdV1xHnzVF5s7W2,2026-09-11T16:05:39Z,sat,AgmLJBMDCqWynYnQiPCuj9ewsNNsBJXyzoUhD9LJzN51,4015.28,3bbF3aGDk6NMUpjSzNFHnmvxTFEtPjSLoA8rfMmP6jm4eVpjYmftGZchAXS9N9Q3XGqopug4pdgEQQF9ioJ3hvaP
1789149300,7LxC96Ag4DnBotK6bMMUj4kdneAo1kdV1xHnzVF5s7W2,2026-09-11T15:56:46Z,sat,4yMQPYwEVcJKScnqjvmdXJ5JXLxCQcxoMGLk4zPnQjEX,3391.02,4oejXL2BW78RhpJyaw4TMfq7QqkMvUQKNppAABqdNncFM7b4UgAkmjHhmgpgG7jPL42m1q2XHKVYJKidL98PvwgR
1789149300,7LxC96Ag4DnBotK6bMMUj4kdneAo1kdV1xHnzVF5s7W2,2026-09-11T15:56:10Z,sat,5KXDF6QnqhBj72hDtJNkkpFaQVUfbFXNybMsp3DiK6tD,4211.17,5GSxP33UqoWofLfyRMJHQMaiBa8bFPnCsAoCXDsQZu4anPHCLv8YKF4xroULQYiYDXQLABoJpByBDXHz4XhVMdAE
1789149300,7LxC96Ag4DnBotK6bMMUj4kdneAo1kdV1xHnzVF5s7W2,2026-09-11T15:55:28Z,al,7hK3DfhmVBUw4SRz1cu9AE11jC9EkskQQXtuTzFSGxc2,2537.59,4ugDmDM3NveYBnBH2r6cH7Z3nkeiHCe8Wajbz1VL7UmAe7HVY2uLuL172yuxhEinRgq9j4x7U4NQRJ8E8FstQbvw
1789149300,7LxC96Ag4DnBotK6bMMUj4kdneAo1kdV1xHnzVF5s7W2,2026-09-11T15:50:26Z,al,6k2Ak6G1sTKTJifz6qwKtoBYJMQY7kbtrd572Qu8rktJ,3416.53,3tKs8jLzZeii7bWJU3Ako1CRMH5jrwZzmpXUCyNXgSCPcTzHS51B7ruGFeRf2P8ED7nWtN9dgsQtdVRsJoGbxdDo
1789149300,7LxC96Ag4DnBotK6bMMUj4kdneAo1kdV1xHnzVF5s7W2,2026-09-11T15:46:23Z,al,6k2Ak6G1sTKTJifz6qwKtoBYJMQY7kbtrd572Qu8rktJ,4277.3,5FyXnL3DeJ3xzv2UUqdF94FJMym1n5m3si6yWtZJU34SBHfbrn4uYvKqzEW5Jd3nk9rK6RJGvuujNBKWq8j3A3F7
1789149300,7LxC96Ag4DnBotK6bMMUj4kdneAo1kdV1xHnzVF5s7W2,2026-09-11T15:07:32Z,sat,AgmLJBMDCqWynYnQiPCuj9ewsNNsBJXyzoUhD9LJzN51,2765.21,CziHSu1XU24yxw2fmrcBpyRgSiDPRsev3Z3ajfcN5AWF5Zr3dK7a9oj9Y1Gx1D51yoTSzUm4MWhfk9ABtyobC7q
1789149300,7LxC96Ag4DnBotK6bMMUj4kdneAo1kdV1xHnzVF5s7W2,2026-09-11T15:06:03Z,sat,B2GFtzdAYKWTXrn61o3nbERYkvzyrBKSt4SKhQew3mV4,2714.83,QNyjKeBvoiLkufFZzxMi7vZxt3mRAJys1zEppoDmcVGihuurFyRDqeV36ECjxjTDPfnH3Q1rdjqkjSAYnyzxW5b
1789149300,7LxC96Ag4DnBotK6bMMUj4kdneAo1kdV1xHnzVF5s7W2,2026-09-11T15:03:59Z,al,4HK1W4r9JVXeTBxv9YWpvrYTtLieyozZvEdNfvakkdSg,3367.54,4goqxR9rhHvWQ5gCN187qAKudov5w1noQPJkx43Y9C55JqGAXRKshjMDtr4vaoKgfpkksVEs1TDB9td9ERqcriJJ
1789149300,7LxC96Ag4DnBotK6bMMUj4kdneAo1kdV1xHnzVF5s7W2,2026-09-11T15:02:12Z,sat,3VqegaVTLGcNmRMfaf8JMEaVmUzQaEZV7rEs72ntjEsy,2860.19,325WUuU4DZVapeVSWiR18UwhmGkNeoPfdnTzDKMVrTZjF8heZHgHKnYDqx4PfcnTx4bgkDsQuh97poGm7e6PfEj1
1789149300,7LxC96Ag4DnBotK6bMMUj4kdneAo1kdV1xHnzVF5s7W2,2026-09-11T14:43:59Z,sat,AnHZ1zjbr3EURxYg3SFW33jbxGLDw7Y9ZLktmhTgQfW,2867.71,UCQ2xp7MNoTiQUaixPunamWLJD8hHGqrrgLyWG2hwBoJTSRe3tZ4R7myKpKn33JN7Z4WQMdKtXLbCwgH8b31NzG
1789149300,7LxC96Ag4DnBotK6bMMUj4kdneAo1kdV1xHnzVF5s7W2,2026-09-11T14:35:08Z,sat,3x7waG976yTgbczv7QN2TvsLMJTVS9cRKpeKJQkd8rhj,2553.61,2D3BqU78eUuQ6E2D71HPAA9qiojvxRRoLt9ukJZB931AFN9qnMeVyWj6Q9xb6xNnNP8MGyc9PeuuJp5UR6L7D23G
1789149300,7LxC96Ag4DnBotK6bMMUj4kdneAo1kdV1xHnzVF5s7W2,2026-09-11T14:34:02Z,al,BLNin6tWNphAQh33G5hhEnyG9F9fKqigzmSjGVW8nac5,3565.96,4DiVqaFChqkHirySPQsD5E9UrmwVjtrNEFkNEyohUHUU5t1thnLd6LExJ8zHh9fgYuoaqLsVAmvS4yZgeSqCzMgC
1789149300,7LxC96Ag4DnBotK6bMMUj4kdneAo1kdV1xHnzVF5s7W2,2026-09-11T14:27:12Z,sat,5KXDF6QnqhBj72hDtJNkkpFaQVUfbFXNybMsp3DiK6tD,3811.85,2BoroZXsdw261bKH4TCzs7c1eFPW3E4jAjqnr4Zg3DS9iC8VXYQjKN3R1tZgy9KHiEZ6YgAAqyJ5V3865gsFnFhL
1789149300,7LxC96Ag4DnBotK6bMMUj4kdneAo1kdV1xHnzVF5s7W2,2026-09-11T14:25:05Z,sat,6rUSejxA69oxZMjKcPCV3nyYHzKmMZS2uXR8Sx1FVUTG,2817.42,sKMgaKaJ91uHDtXs2d2HFaV3Tzg5fTNizYtKkhif49UL3H2QXhTeeKd33pkJaGAgiTyLAfWcEWKzAgezeUebWjr
1789149300,7LxC96Ag4DnBotK6bMMUj4kdneAo1kdV1xHnzVF5s7W2,2026-09-11T14:23:41Z,al,AgmLJBMDCqWynYnQiPCuj9ewsNNsBJXyzoUhD9LJzN51,5625.0,3qXZxwW9NqAJZoQsrMfGy5M5mK8G4tKaX5yTUW6Pb73TmierkyE8iJcXG6rhvRZDhrFgHctagkek6CkxqDd54T61
1789149300,7LxC96Ag4DnBotK6bMMUj4kdneAo1kdV1xHnzVF5s7W2,2026-09-11T14:23:21Z,al,BndrDf7SDU8SVrK4xr9z5xNmLCZ2nUYRdpdbbdYhq8Qr,4282.52,22gRcQGKZrK7EXZVWH7R54Uu4cTusPPfu9dmNqox4ptrpy3ETRLfzmSdogb5wSPB3BSgFPmrGWxYibfNQHfc5BaW
1789149300,7LxC96Ag4DnBotK6bMMUj4kdneAo1kdV1xHnzVF5s7W2,2026-09-11T14:22:07Z,sat,BYvKJHNydQCd7JsjA9p88C7DLhLmRne2Lw3gfGdRb1SX,8651.46,4toDjPEtrKCC7a6n9aamW2KNChgRXifUHL5LdB9uWFVpvHd5zBXf81nxR2MagrFks6XezJnmRfN82ULjj9sDNu7P
1789149300,7LxC96Ag4DnBotK6bMMUj4kdneAo1kdV1xHnzVF5s7W2,2026-09-11T14:21:37Z,sat,Hk6H4PA8EZLNcPQCMgE7NLby9fPEdcPiDaMGugqMCr7y,2563.85,2Kk96mq7KCF6UfSL9V5o6rxArDYGZZMo6emw9XFAe5g2pKTpE4BviwSvhwFJWtFMgDFyF3XEwF8YMoUjhM7VWy1R
1789149300,7LxC96Ag4DnBotK6bMMUj4kdneAo1kdV1xHnzVF5s7W2,2026-09-11T14:21:36Z,al,AgmLJBMDCqWynYnQiPCuj9ewsNNsBJXyzoUhD9LJzN51,7331.01,5jPPxBPv9drQZ1zjcBX1T1L95xFU2eANfLsrRCNKCo9fYTaD11Nf6JEAeKBsLY6Gejni4kwqy492g2uw3KdERytD
1789149300,7LxC96Ag4DnBotK6bMMUj4kdneAo1kdV1xHnzVF5s7W2,2026-09-11T14:19:35Z,al,AgmLJBMDCqWynYnQiPCuj9ewsNNsBJXyzoUhD9LJzN51,3656.95,57dj5BVuymh6G52EfE9rzx2DXAwh98EHhnDdMXZib35QXcAKUMim1VzpMU4pDqKUKb3bLh83MvunHyCQSea185Xx
1789149300,7LxC96Ag4DnBotK6bMMUj4kdneAo1kdV1xHnzVF5s7W2,2026-09-11T14:05:14Z,sat,4mBGZfAgMHY5TbCmBEUjAMqo8F9kY27g2RRpfJmpmKew,4472.11,293LqoUEGxpmPMK3hbR14pLtGcXwvvyoevdrQPekcX1kYjo8t4SoiPJRa4epQDyKkHE5idpFSEyvjeDB5kPyj9nm
1789149300,7LxC96Ag4DnBotK6bMMUj4kdneAo1kdV1xHnzVF5s7W2,2026-09-11T14:02:13Z,sat,5KXDF6QnqhBj72hDtJNkkpFaQVUfbFXNybMsp3DiK6tD,3912.06,VHbKXYyauFgTXTU7TBCkHs4EkMbseSpGnL53vAsGE94Sj4AEo9oShMxUwKBSG8AKffqRWVfR38gmLbnXAuorPtW
1789149300,7LxC96Ag4DnBotK6bMMUj4kdneAo1kdV1xHnzVF5s7W2,2026-09-11T13:58:34Z,al,GWMu7a6dam9AUczHD1wJshDUXfRSegU5C2iSh4qhRvcn,3428.83,5DKeCfYk14wrzg1edrZiP4Bowp6hqeemx9vkQSEFF8dYW676jnkFr4SP2xkSnCqTckK446Hp6U7UGPXZ4A5ZZSdb
1789149300,7LxC96Ag4DnBotK6bMMUj4kdneAo1kdV1xHnzVF5s7W2,2026-09-11T13:58:13Z,al,4oK7tTF1uksmQwS1CNwoR7zJwtALaBjiBDCTCHjdrX8m,4530.45,2NyYKbTC1ZphDi66YcPSNCCFFGTM9WBECUCA89Y7z4YAArz4D7C3xS2jAopVGgWW1nRJ8kbwZqa7tXAFS2V1ZQoa
1789149300,7LxC96Ag4DnBotK6bMMUj4kdneAo1kdV1xHnzVF5s7W2,2026-09-11T13:55:59Z,al,Aw4mqCCzte1mEsutsd2XEp7uP7hPCdM4qqJykRTUi8HJ,13400.48,25xyXnQRcdneLvavtCoHQBgTQRySAapPq7rpF6T4PCPdgtKLJLDWAKbhuqDHC44Zdox6KBxZWezmT1NsiTUYU1m6
1789149300,7LxC96Ag4DnBotK6bMMUj4kdneAo1kdV1xHnzVF5s7W2,2026-09-11T13:55:43Z,al,Aw4mqCCzte1mEsutsd2XEp7uP7hPCdM4qqJykRTUi8HJ,7639.28,5bSMeHicFp18RZ1mTWvKCynVXZZv7vcq6689mohUV92i7xd4dbDysUbgnAVHdBZtbNzVrzpHsceY9jLz91VBEBwz
1789149300,7LxC96Ag4DnBotK6bMMUj4kdneAo1kdV1xHnzVF5s7W2,2026-09-11T13:55:37Z,sat,AgmLJBMDCqWynYnQiPCuj9ewsNNsBJXyzoUhD9LJzN51,4030.38,4wpPaGV5BjqYdEn6LFQd1Nw3shhbbAgwyCcAY2YToNQFpQk5kgVXstn8CLAK24VSRoxmhpEAaPigRuUSLLudRTxh
1789149300,7LxC96Ag4DnBotK6bMMUj4kdneAo1kdV1xHnzVF5s7W2,2026-09-11T13:53:14Z,al,HJZHH1W96DDRu7NQoUXcVgUdMqGrxYt51fDL4gg6yKjL,3612.52,23o2zyoHB3fZL7uRkSipCC3sb2QBi7APz48YuCnWUh51Z257tVFReAqXzXkhJQCosJg38VknYp9XbkT2aCXo3vG3
1789149300,7LxC96Ag4DnBotK6bMMUj4kdneAo1kdV1xHnzVF5s7W2,2026-09-11T13:35:32Z,sat,8qq4bA5UjRusvVB6E6huNLxwTZiMyHWQUoJQtHriKAyN,2666.09,2LRcrQxtcPeybs8Cw5uUvm75zuRNnJ2Da3UMHPL3HZpaz3kzgDCwqRDSBCG64QAq7roAgBkwssMEe3DYuj8c61F1
1789149300,7LxC96Ag4DnBotK6bMMUj4kdneAo1kdV1xHnzVF5s7W2,2026-09-11T13:30:51Z,sat,FHpcNSe6tb2n15bAdq4BkeYWGyZKFD7yLYrH92ng7wCT,2642.66,5nKWcpWuYpstm9QVPRrQ62HbTjR7rVWMYv8MXYquAyNm464MTwTGuUjkjKJVSzZh2D5AAeR9aGJHo1UZwBnyE7TZ
1789149300,7LxC96Ag4DnBotK6bMMUj4kdneAo1kdV1xHnzVF5s7W2,2026-09-11T13:30:14Z,al,AgmLJBMDCqWynYnQiPCuj9ewsNNsBJXyzoUhD9LJzN51,2508.08,38GgVuWocWxWUqbUoXwrjfnRPJgXJ8fmU1wSTnMXQS2BJan7AbB3uLkK78Xi6ibixqCTVdoTnbb8vgjPDzS7xB4U
1789149300,7LxC96Ag4DnBotK6bMMUj4kdneAo1kdV1xHnzVF5s7W2,2026-09-11T13:29:41Z,sat,Cc1ThUAzcSppdNrveio9YB4k523XwqLpBknHjKZtmPvD,3270.53,61jMgGNxxKbcKEBeB17X16ufA7CeHkdfezYSkS68ho4gaDwJN7N8Svj7mMmg1nMNRr5ZmjLnUvLZRoLRoKMSb8d9
1789149300,7LxC96Ag4DnBotK6bMMUj4kdneAo1kdV1xHnzVF5s7W2,2026-09-11T13:25:10Z,sat,5KXDF6QnqhBj72hDtJNkkpFaQVUfbFXNybMsp3DiK6tD,2505.12,51S8dwwzvW1xiA24nSUHkMTszT1W6DdmGkiyo4AV9bWrvCwrWom2hbRdLn8QXPvHSiBrDAB1jkWEoYYVNW59X8f8
1789149300,7LxC96Ag4DnBotK6bMMUj4kdneAo1kdV1xHnzVF5s7W2,2026-09-11T13:18:46Z,sat,FHpcNSe6tb2n15bAdq4BkeYWGyZKFD7yLYrH92ng7wCT,3134.08,2XqnNMVK7CNLuZns9BorHEaKX9kFeMjXowBLGjivMAJCbiXNenXKSUiZoB7QyeTKMNfbXPSag5UU1Yi95y6LYTn5
1789149300,7LxC96Ag4DnBotK6bMMUj4kdneAo1kdV1xHnzVF5s7W2,2026-09-11T13:18:26Z,al,EzdiWGYG7Pobgp5xBBPExPhBHTNcn4nwt6cNyuSmGeoP,3485.24,3ixktEC3dtqiCdyCmgcuxHDpbdnAtCkQ2FCfJYs2RDU1XJ2P9QN4AiVX8NTS5EF9uUGJ9FhgBzA76Bhb8SVCjvJx
1789149300,7LxC96Ag4DnBotK6bMMUj4kdneAo1kdV1xHnzVF5s7W2,2026-09-11T13:09:09Z,al,AgmLJBMDCqWynYnQiPCuj9ewsNNsBJXyzoUhD9LJzN51,3725.3,21agKkWTfwQhtVYnkKk6VQQSsENBkfSC8wRJCwRGsrE15jvbwQspjrbA3LyBcdHEGxvaz151JtqQNGyQFZV6Esvd
1789149300,7LxC96Ag4DnBotK6bMMUj4kdneAo1kdV1xHnzVF5s7W2,2026-09-11T13:04:53Z,sat,FHpcNSe6tb2n15bAdq4BkeYWGyZKFD7yLYrH92ng7wCT,2844.99,5MyNexZwGsDk5PQ4cRimmw2MCxmDJTbQoes7Wjbk7DvjtSuMkjeFaYPG3gWNC9oFndEnWhs7ctDGRVrUJ9TWPekG
1789149300,7LxC96Ag4DnBotK6bMMUj4kdneAo1kdV1xHnzVF5s7W2,2026-09-11T13:04:29Z,al,AgmLJBMDCqWynYnQiPCuj9ewsNNsBJXyzoUhD9LJzN51,3526.31,QJpkvmJUAHvajgsyEDjm4vWw3d7wn523Sjc7knFozRdP7YoE14bYbBZdArZffbWgjutP4tzayb7zWKrpb5bBrc9
1789149300,7LxC96Ag4DnBotK6bMMUj4kdneAo1kdV1xHnzVF5s7W2,2026-09-11T13:04:00Z,sat,9VseZ8Q3VsDtVAywLZENoZ1HHpZKbBFWpo29pUHH13tL,4083.71,4XM26XH6EvkYZAJ4nyBpLJM2nnzqbw7PqVuZdW3k9G2AyDNaHTZLDhAxAT68yVfWhP7jatfF1e1HLKCkcQ9c3fz6
1789149300,7LxC96Ag4DnBotK6bMMUj4kdneAo1kdV1xHnzVF5s7W2,2026-09-11T13:03:33Z,al,Aw4mqCCzte1mEsutsd2XEp7uP7hPCdM4qqJykRTUi8HJ,6269.92,2LPPkYoZA1nRZNiSGWwFLTw215ZCA58hG8mD1sbmSPLEy85ku4ApJM54DBAvwXoVEpv1Ak6JZuUQ1nUnzdXgD7tH
1789149300,7LxC96Ag4DnBotK6bMMUj4kdneAo1kdV1xHnzVF5s7W2,2026-09-11T12:56:45Z,al,Aw4mqCCzte1mEsutsd2XEp7uP7hPCdM4qqJykRTUi8HJ,3043.89,KDxgTB3WKnrw9CUNhqtcsubJmAXFZt24aG915TuhGH24LaqsiQXrqSRvWEjm3DzBfMd6DYHBj2SaQqvR56nfkTr
1789149300,7LxC96Ag4DnBotK6bMMUj4kdneAo1kdV1xHnzVF5s7W2,2026-09-11T12:49:24Z,sat,9VseZ8Q3VsDtVAywLZENoZ1HHpZKbBFWpo29pUHH13tL,3288.73,iHdRYt1oYpED7cNLCAwytZuJvrCyJ7BRnbaRJeTXgAqSg8ucexdUN3o6jJGoeWtRBJzyQfPpqskLf9LQ1CJQpV5
1789149300,7LxC96Ag4DnBotK6bMMUj4kdneAo1kdV1xHnzVF5s7W2,2026-09-11T12:47:18Z,al,HeT55SxJDJD8MkdajkRQAEzETPyn5rJ6oqUDoSjGsXJL,3447.47,5urxSk5PJMvMAiugyQ9YESFfQ5GzhCX1m2AeArrvM7ocaLvmo9hGGB5G4GLFaEpxsrWKEjxayqCjDJrY3Redeuer
1789149300,7LxC96Ag4DnBotK6bMMUj4kdneAo1kdV1xHnzVF5s7W2,2026-09-11T12:41:39Z,al,9dQXYq1KSjUvzvj1bRPDcsFApUXjxLwac8aLpFbvELcA,3267.56,3F6bmpjBcmcNZZu9r1MNqscTfy51SNLZiWWrZ8rEarC2AE7mvLBZhkF6EG3WG1MrkL5dg4r8HReV1o8k9ZscKaAU
1789149300,7LxC96Ag4DnBotK6bMMUj4kdneAo1kdV1xHnzVF5s7W2,2026-09-11T12:41:22Z,al,AgmLJBMDCqWynYnQiPCuj9ewsNNsBJXyzoUhD9LJzN51,4358.63,3z3tLbsntS5ZMoAscRa4KzUz6zwr5wCYUrmNvjPKckMkrXATuWm7nsZiCa79oskgZrXBPnzvrnikZQDV2JbwAyiU
1789149300,7LxC96Ag4DnBotK6bMMUj4kdneAo1kdV1xHnzVF5s7W2,2026-09-11T12:30:15Z,sat,8sfbKCYFvKuzG6vE5dAyHrSVxEgRWgMrcjUEvfhYr4ng,4787.34,3PG8DCA39ewFEZJSiMomcHenEZjGkATqMwmDVY9tpzEPC5oN7B2FznP225x7wHxWVwXisjaq13bRswbzbM1qSMUk
1789149300,7LxC96Ag4DnBotK6bMMUj4kdneAo1kdV1xHnzVF5s7W2,2026-09-11T12:21:00Z,sat,jSHCPhqZ1NyBbDsPrZwZh7Lk5sASZoxWJ9rYFfUduK6,2722.72,kr1VcWFqZZy3B7ycSWdrk6ZgbYkqNswY2aS58MRdvBcmtxa98WjiFHg84QpYwNxbaCLj9T4upQwVnz2qQ8vqwxJ
1789149300,7LxC96Ag4DnBotK6bMMUj4kdneAo1kdV1xHnzVF5s7W2,2026-09-11T12:19:51Z,sat,jSHCPhqZ1NyBbDsPrZwZh7Lk5sASZoxWJ9rYFfUduK6,2723.84,2yJS7YwTVYVEXUkfFuk59qi26bn6Jj71pUu2LTwDRHQc8nee3anEGqQQgDhqvARFuhUY5wixzzpZUVFpA4jeckfH
1789149300,7LxC96Ag4DnBotK6bMMUj4kdneAo1kdV1xHnzVF5s7W2,2026-09-11T12:10:13Z,sat,Hr6LdphsbEsSxrZbuC1NKBALLaAZ9Drs8CtHnupgp51a,3066.19,5tkUGcc6AYKfG4RNjBUKUqvQryKAJgSExaL44j65rLY8jxbq8rScceb6awDC2MmqjjF8ERnwZr5hh9t389VgVwez
1789149300,7LxC96Ag4DnBotK6bMMUj4kdneAo1kdV1xHnzVF5s7W2,2026-09-11T11:53:33Z,sat,38osicfyLvjbfcHnKae8c9eUCakAx92nZn3ZavLuVLNf,2935.48,5hBcLMJ6NTCdkcJvdzrmxKmYfYr6ZPAW48SXyGc476yHRkXL52C4uKLDDmnVdAhk1pGcJx7XXBtdLqfnrUbxfgMe
1789149300,7LxC96Ag4DnBotK6bMMUj4kdneAo1kdV1xHnzVF5s7W2,2026-09-11T11:53:26Z,sat,AgmLJBMDCqWynYnQiPCuj9ewsNNsBJXyzoUhD9LJzN51,2645.76,3694XUTQbZUz479SW5ziqudiwU2SxwsjbMbczU4Jy5jHExvqt3Ro22tGdjixy8DwHG6mdcDUvXBCTLzeaQuL3oL3
1789149300,7LxC96Ag4DnBotK6bMMUj4kdneAo1kdV1xHnzVF5s7W2,2026-09-11T11:31:03Z,sat,DACh3tXD2kKk4yrSdDbK2dGQbxH4oYgY9gSFnZEEFqBY,4389.48,caeABcTuboh6mfRRyxVW1LaTAyncoryBK9Mq2NdZyrFvT2tFnwGPNYF1YCRMPtWAkHTLgsB97dgnxH6ADcNuuJH
1789149300,7LxC96Ag4DnBotK6bMMUj4kdneAo1kdV1xHnzVF5s7W2,2026-09-11T11:30:08Z,sat,DACh3tXD2kKk4yrSdDbK2dGQbxH4oYgY9gSFnZEEFqBY,4285.22,4zs8dUgD8LVMQD8pewTr3KmykVwF1ucg9gJHHvPo53AWJd5VYZZ8HiyZnCqrDDKrGM1xSydf6JVZ1UVAiQuX1YJp
1789149300,7LxC96Ag4DnBotK6bMMUj4kdneAo1kdV1xHnzVF5s7W2,2026-09-11T10:17:12Z,sat,AgmLJBMDCqWynYnQiPCuj9ewsNNsBJXyzoUhD9LJzN51,4419.57,5t649qxyXSN52jHALJuVQUbXFfqBdFrN27VaSDUdFNzFqq1tQrEUK9wi86TWGHKeyeNahENEiknQtunghgpKr4fV
1789149300,7LxC96Ag4DnBotK6bMMUj4kdneAo1kdV1xHnzVF5s7W2,2026-09-11T09:44:19Z,sat,HiodLiXGuiGFs24pETxHcu8tbBjzh5q4kMPnSJkq28go,2597.41,3ZTcWnKzKRJRbFrttvw3wwhxWsmZ4gG118FXXzfr38rBaZZfJ1CHD6kaZBk87vqfbry3krsdma9xaGQMDbZxDync
1789149300,7LxC96Ag4DnBotK6bMMUj4kdneAo1kdV1xHnzVF5s7W2,2026-09-11T09:40:58Z,sat,GfA5hJJuij5mazw7Sjqp4Zka1uHoy5t77XNuQCYHmFr6,3685.81,5PxjkxkaL99FFAdjvYs7rPHkbkvrj4HASxcFGbwtAxzRTu51tCoX2iq3SYGaDdsK7c3Do7WkhpJVYkJRjVhv8PCC
1789149300,7LxC96Ag4DnBotK6bMMUj4kdneAo1kdV1xHnzVF5s7W2,2026-09-11T09:12:57Z,sat,As4NMUgmKVA4GUixLrjTCnMHaSQfSWuGbDaMJpis3NVp,6716.22,2Xm12p1ZoYPdW93x47FvhXCKgd9JvebZ7BD1JYghTruw2xkk8LBk8Sw9ePqvLwUwGc2AJwEZrJMKmeYoQJhgzNqV
1789149312,7MCgYMzq3fov6oERdtTMAYbN2U9LZrrSYS1MBhjixZFr,2026-09-11T17:13:03Z,sat,GAzVe4viqrgo64oecjnzxNaK28pUy8SAqVYYp7k2f7nH,3066.23,6WFPJwvLWgBQrShANQuFqg6XQiSEdGaLkukXFTY9mjDTQFv1e6Cb5xaXTjsMJESu12qtzUfPPPtVxko89SQTjse
1789149312,7MCgYMzq3fov6oERdtTMAYbN2U9LZrrSYS1MBhjixZFr,2026-09-11T16:49:47Z,al,4KFjw2xfH4cXJJKjG1jDZRNphctZPMoFz3K6r3bAVtmD,3122.55,mb7Fhdfth76P1V7M3sF3dkzYH9Xp6VeWHCjxYEoUnkALUopcuQE9DBcxUfGQ3ydzZXR3bYnfRdnGXwFxrnvbWoG
1789149312,7MCgYMzq3fov6oERdtTMAYbN2U9LZrrSYS1MBhjixZFr,2026-09-11T16:06:51Z,al,7hHzXt65yKiL9EmEFBeUqFnzadeRDSvERFQK2vGW1NE6,2553.35,3K5DWKmL16yKmjRh4Yki6F1M6S47gsuShuXcYAXPT5NKc3gUL7T9ovU4tqkF3dVZCLj8u63Lzd1PguNgkr1ZDwuC
1789149312,7MCgYMzq3fov6oERdtTMAYbN2U9LZrrSYS1MBhjixZFr,2026-09-11T15:16:02Z,sat,9sJWNNWhdgDYkY2did293PuccVNVdd9WSdHcTXL6L2oE,2791.3,4P74AiCrg4g6hKVDuiQYLx8wLiVUgNndAh81GarabjAbd5JYh2hRAuJgqujSGqB28phah5MbSDmu7q9J1fZAz4oq
1789149312,7MCgYMzq3fov6oERdtTMAYbN2U9LZrrSYS1MBhjixZFr,2026-09-11T15:07:31Z,al,6c1YQLhcDGLEAvHb3yYwEiDwH23T2i4AiPC2JVKUaA5h,3140.84,5isRTcijbYU6v8szYwhysTBUVpJhaBp8mYA87svKbHWTjFfzgvKDjywvXHMu1C5SgbMutGMT9QtdJ2zjcCrowJR4
1789149312,7MCgYMzq3fov6oERdtTMAYbN2U9LZrrSYS1MBhjixZFr,2026-09-11T11:23:13Z,sat,GAzVe4viqrgo64oecjnzxNaK28pUy8SAqVYYp7k2f7nH,3695.09,4uuisefuurP1UJHAG2Jj8GReUuDV2tYphkNyV8Ukcn7zWfezzsrafDa9Dnt3sFYetDJcqT5XVPMametjhj8LTUAH
1789149312,7MCgYMzq3fov6oERdtTMAYbN2U9LZrrSYS1MBhjixZFr,2026-09-11T10:29:16Z,sat,8MeqStemxKEy4v73XyY8bim6uvim39QCp7MHGSTSrxtY,2506.16,55Fhh5Naw3fGwvXcQosipKYSFfj6bR5vfCeFUzBkHNwXzxqFhQZrHLQqbLWvMMhm5i5PPN6BV4zyXyqVio3ZP9Yq
1789149312,7MCgYMzq3fov6oERdtTMAYbN2U9LZrrSYS1MBhjixZFr,2026-09-11T08:23:42Z,sat,FvLgucDoeapn3bVKBQ7XXKeUvCQqY5TiTRx459YtVLwX,3243.94,XXkrfDZj1QoyjdqRS1sFQdPqkwGcK4mEnuWpCgW1JgzZqiBzKfa4ZPkybwogUFdDZoSmQ64bBTdbUfQaQxV9NeH
1789149312,7MCgYMzq3fov6oERdtTMAYbN2U9LZrrSYS1MBhjixZFr,2026-09-11T06:54:43Z,sat,4DWBuy6EdYXDxqq6YjdAP4AK2Gxj4HNQ4BYf1gvLTkjL,2525.74,pMAXdn2Y6CXySc1RQu9LVDMNtW6yBAvtkzUrmCHoA8FuAdtdeRr82UP1pipXQtoJjditJmAvVkfHTet3GpZBdKr
1789149312,7MCgYMzq3fov6oERdtTMAYbN2U9LZrrSYS1MBhjixZFr,2026-09-11T05:55:01Z,al,4KFjw2xfH4cXJJKjG1jDZRNphctZPMoFz3K6r3bAVtmD,2758.15,rQZGFZoAwdGg1JQ1NWA6iJ9WSBL3KASiDGNbmhMzFqu8JxVe5C6SS4TJeU56EcSxmt3M5PC3Ax4LpnAsfJbQBX3
1789149312,7MCgYMzq3fov6oERdtTMAYbN2U9LZrrSYS1MBhjixZFr,2026-09-11T02:57:32Z,sat,AEZGUsnk1Mejgm4JvTnTL5fFM5uSrGWnjjNeRVtgPXCW,3040.89,3JJGwLDHq7wjDoDmhsp7C9KAGZqtyApyHv7rRkXkxFYC6rhQKdXBi6yD4qEyH5pxdRWjmKW3geHb331jssgiUroA
1789149312,7MCgYMzq3fov6oERdtTMAYbN2U9LZrrSYS1MBhjixZFr,2026-09-11T02:57:04Z,al,FHpcNSe6tb2n15bAdq4BkeYWGyZKFD7yLYrH92ng7wCT,4984.26,5x83tUo9DXpsjR4NqS9XGo6a9Wi5GrkyuattsLjSkBsmdJ2wrxX7ndRVVrDYbhdj8fZAFVAN3YvmUzTXujhFS9W9
1789149312,7MCgYMzq3fov6oERdtTMAYbN2U9LZrrSYS1MBhjixZFr,2026-09-11T02:55:50Z,al,FHpcNSe6tb2n15bAdq4BkeYWGyZKFD7yLYrH92ng7wCT,4534.1,2WTQyA8Yo9Lq8r8RBpazE7pppB8qCqzkqvNCqKnc29jVbdM4XWan9DUJzeYRhAc1UjBRhnbfqEjWFDWYo21xh5M3
1789149312,7MCgYMzq3fov6oERdtTMAYbN2U9LZrrSYS1MBhjixZFr,2026-09-11T02:09:02Z,al,C2JpZaM9xJVaamGtQLN1ginfJJQz3PmeAWzF5nUohjfN,2727.09,zAXu8f9iMojwCv5nJyFsVWfJ9jCKxsotw5ihsWfXtdzQzwEmvSQSXoFWu93o9WW3TGJhf1CjuWfPPLsT1iKNBf4
1789149312,7MCgYMzq3fov6oERdtTMAYbN2U9LZrrSYS1MBhjixZFr,2026-09-11T02:06:23Z,sat,FHpcNSe6tb2n15bAdq4BkeYWGyZKFD7yLYrH92ng7wCT,5114.99,2R9ciA1LhUA8NzmZ5ykieLYSjZ5dhZM3dKJDxzisxgUa1qtU5y7b9tx8nZwtt8ksPzTMMPDxcCdM1bAxRDN5h6Mt
1789149312,7MCgYMzq3fov6oERdtTMAYbN2U9LZrrSYS1MBhjixZFr,2026-09-11T01:45:24Z,sat,eCepC89ZQkcUg2a38sL5aJTohVtXu6riWZGDVkxrmz4,2620.65,5y48uW2ZAf52x4SSXUqbRwaYoaRT5RsizWsimmPXiGqSKDmnSNS1VWiE4oq6WnMZnvdscpN5Zy7jHV7yaXP7RXzD
1789149312,7MCgYMzq3fov6oERdtTMAYbN2U9LZrrSYS1MBhjixZFr,2026-09-11T01:25:13Z,sat,FHpcNSe6tb2n15bAdq4BkeYWGyZKFD7yLYrH92ng7wCT,6507.33,1Lw1AQ2HvUeKcDmjPwUpnncQDTe4437pB4EQYJjX2zBDBG55cN2bDkGoMMdFkhVmWXMjPZh8WGPPrghfm8Djxoi
1789149312,7MCgYMzq3fov6oERdtTMAYbN2U9LZrrSYS1MBhjixZFr,2026-09-11T00:23:05Z,sat,7aH29xUDZYaWJsnEjNy1tU8ZhtT8v3M1QX491tvdj1CD,2541.72,4NiADa5ENsHbUUNX5KUeaRGrpNRE7gmJnpf7dJBiYpj2f7QLKAMvXpzoH32DvK84ou1m1SRFCkfhYgbxPw9c7UxZ
1789149312,7MCgYMzq3fov6oERdtTMAYbN2U9LZrrSYS1MBhjixZFr,2026-09-10T23:45:05Z,sat,CRJCJxcKGD9W3zVQSoPHSPAsecMihTsRp7irPCK8KXmG,4550.95,636maAFsdf7cP4qG6FkTEG5j3RrQkXMttKffjbpF6R5WDtX36Wz9mtTLFAVhbL4gVNnqgtjHmqqCqnkcR3iAySJx
1789149312,7MCgYMzq3fov6oERdtTMAYbN2U9LZrrSYS1MBhjixZFr,2026-09-10T22:36:59Z,sat,rub3JBnjiYW5F9RygAcjtvf6YS3MYSFzQDbWXmSZSiK,3339.21,RUBKMVW2b7h4eT3v7Ce6q5oWvU8TgtTFAw3iL47y4BL6MNbrQ7Xq99ZPJmuT9B6rUCyg18vBiescwFfNFu2kr4k
1789149312,7MCgYMzq3fov6oERdtTMAYbN2U9LZrrSYS1MBhjixZFr,2026-09-10T21:19:05Z,sat,BkzF64ZqP39vsjEqScU44aLE7vf5VXwf13AhMrj7LDD1,6351.47,5wqHwVefAs7rUswHfsEtY2Cz4V5LCaVc7As6dzyVVtvgeeJnT2fZBaQtr8KuVvp9dbthYG4z1Rtxg3fKpXdXVFrz
1789149312,7MCgYMzq3fov6oERdtTMAYbN2U9LZrrSYS1MBhjixZFr,2026-09-10T21:02:23Z,sat,AgmLJBMDCqWynYnQiPCuj9ewsNNsBJXyzoUhD9LJzN51,3553.89,4FnPTVs22wYhAv3K1UyFdfDjtt29eoXee5sSQjkNq25nwUbejJdMYtxHgEiNGERbRbNrBYMZT8QWxuRLyA6Wnykv
1789149312,7MCgYMzq3fov6oERdtTMAYbN2U9LZrrSYS1MBhjixZFr,2026-09-10T21:01:38Z,sat,AgmLJBMDCqWynYnQiPCuj9ewsNNsBJXyzoUhD9LJzN51,2776.69,5pZEATE6frKo7XLRot1tTdVrjt7fiiBnBXWoLKmBBGaGjmaeZCEBcAigfMyrsvRXaFwjCd4wzUcUEGFWcVPvKqgK
1789149312,7MCgYMzq3fov6oERdtTMAYbN2U9LZrrSYS1MBhjixZFr,2026-09-10T21:01:31Z,sat,7KeUejFSL6vxM4n6PYXZcP12Fd6wC6pvuDGgeDSdpRV2,2568.86,prPhVaezBLNvAFHdCPJ7VwaJ4g4m27uXzCa3GYPzSdy1E119RDWARvmpBKEgoanAff1tVcQSvFxgv9eD5wvwPo8
1789149312,7MCgYMzq3fov6oERdtTMAYbN2U9LZrrSYS1MBhjixZFr,2026-09-10T20:56:31Z,sat,3VcfnhGYv4uJScfW9zkezWfXuuhbcnRCi1NAytZXNhPa,4407.11,5MbAVsMksXSiY1Ve1mTRuBN9TtR6Q3hmSD3pUBhPZtQa7iXUqHuFbRtw46qH3bAZyM7KK8bxmxDwmgR9Qvd3nDE5
1789149312,7MCgYMzq3fov6oERdtTMAYbN2U9LZrrSYS1MBhjixZFr,2026-09-10T20:46:46Z,sat,58DKz1ogYsKFRH5ReKbMPDTTFqA46VRVgnZgvxijYwUi,3792.34,4TeV1617tCNtvcnMW9axeqyYUXGcu1dH657pCpuiZGbxQGM32g7apLe9xcr6HxGuQWBz5bcH1dNL27Y4iVhSuRBz
1789149312,7MCgYMzq3fov6oERdtTMAYbN2U9LZrrSYS1MBhjixZFr,2026-09-10T20:33:52Z,al,BLNin6tWNphAQh33G5hhEnyG9F9fKqigzmSjGVW8nac5,2964.51,WjLM2TPQyHE7aPSt8cFuHDDz3XkivcKfkLAQXgFjzRbjWmHZeterRqw4P9LsfNrCPinqSKfVV6vyHqUqt2qHWEh
1789149312,7MCgYMzq3fov6oERdtTMAYbN2U9LZrrSYS1MBhjixZFr,2026-09-10T19:47:19Z,al,5SFWP6nHtvvHzqGfGjrTeG96txigt9UdSbN7BJkEvFJt,2882.87,3TNXRncR14A53G5xuPvi2exkY4ZtF3LLDteG2iyRbPcKMR82XfDt7G6rJktXXozMpojCYMxZCoXQhayhS722ixKg
1789149312,7MCgYMzq3fov6oERdtTMAYbN2U9LZrrSYS1MBhjixZFr,2026-09-10T19:18:54Z,al,9JnvXLjM7QETpreGvdYouVpRNdoRjHjYCiJ6Qj4F1T9V,3206.0,2Bq3TM1o9Fbig2NkBTLfrdUncpgxkEPcqFNUJ97uMefAReLSNSHUAr1ofdnbKRmc2aqSe1fxWREGTNScUBZa73fb
1789149312,7MCgYMzq3fov6oERdtTMAYbN2U9LZrrSYS1MBhjixZFr,2026-09-10T18:45:19Z,sat,9JnvXLjM7QETpreGvdYouVpRNdoRjHjYCiJ6Qj4F1T9V,2532.5,4Rg9qVyRMMQVfifqgAKscZHM26K4eHQBBBdC4r3ifSqtW3UPvkrH7utuv9tr6JksG4XYRGkcLnaqppJGvcN3Zziw
1789149312,7MCgYMzq3fov6oERdtTMAYbN2U9LZrrSYS1MBhjixZFr,2026-09-10T18:41:23Z,sat,2FcqAjx4SjQqqVcB5LsBkC6oEZxvrQDTQWdwQEuB4jhu,2787.28,4u5YF8HiNcGcJqoCEdKnWvtE766ip4aFrdmySu42nWyoB9aCS1iv45N6YACMAhrS7gnEAvftYfrEUNWM9vp2k8H4
1789149312,7MCgYMzq3fov6oERdtTMAYbN2U9LZrrSYS1MBhjixZFr,2026-09-10T18:41:15Z,sat,gasTzr94Pmp4Gf8vknQnqxeYxdgwFjbgdJa4msYRpnB,2829.54,2koBkmbTwA9SNi4DrwV6UvPcatfrdmJuA7byBB93XCY3xi72tsQ5xJGJhqTjwf6KJRNPKdmVe3hVPjE3Gwwk2DbA
1789149312,7MCgYMzq3fov6oERdtTMAYbN2U9LZrrSYS1MBhjixZFr,2026-09-10T18:30:36Z,sat,5KXDF6QnqhBj72hDtJNkkpFaQVUfbFXNybMsp3DiK6tD,2818.93,5WPqVS1s44SmcRi1JYnjNZahva9iWGEzo3VimCn6vu56HGmdk9AsZSGQd9G7P9xR9iq94XpUxCCLztxRXbkfn3Ja
1789149312,7MCgYMzq3fov6oERdtTMAYbN2U9LZrrSYS1MBhjixZFr,2026-09-10T18:25:34Z,sat,C2JpZaM9xJVaamGtQLN1ginfJJQz3PmeAWzF5nUohjfN,3428.03,4NkfKVzSTek39Pk9LvVzy4TurCgzWCPnBL1pp6qF6SnRsvVwpGKVnPivnopaRyJooMtx9gyaNzDRWeDRCaEZQU4S
1789149312,7MCgYMzq3fov6oERdtTMAYbN2U9LZrrSYS1MBhjixZFr,2026-09-10T18:24:18Z,sat,FHpcNSe6tb2n15bAdq4BkeYWGyZKFD7yLYrH92ng7wCT,4190.91,3esv6dBANXqbHrN9xYh7pcRXgBt9sWa7NccocmpAKJNzbPf9dkMenPSu4pwSLqv9KWnxY89r2WzjvZXJXzDLPod2
1789149312,7MCgYMzq3fov6oERdtTMAYbN2U9LZrrSYS1MBhjixZFr,2026-09-10T18:19:51Z,sat,EdxxQuGp4W2T47MyWYFYQMSpRyrqmaVtAxgFuaapbDJv,4202.82,5cBmS59ti8L8hN8h3m8Eaf5FnFDpRgCwwFVeWR4HHLMVrkGvJFRNpLwozqqZGL4fAabEBfCXWbUKeJwjavVdYHBp
1789149312,7MCgYMzq3fov6oERdtTMAYbN2U9LZrrSYS1MBhjixZFr,2026-09-10T18:19:43Z,al,4LKBJcLanzKurJMUabCjJCL6scjzxQkFA6RmdC83d7tP,5654.03,3JfUTG9rqFRdisQxAPxXrnYV6VXT12Ln12fAf4n3tSVgoXn1HCGZdgXazriJW46sRh1isT8rjX6jB8Jnvb7PPTyd
1789149312,7MCgYMzq3fov6oERdtTMAYbN2U9LZrrSYS1MBhjixZFr,2026-09-10T18:14:54Z,sat,FHpcNSe6tb2n15bAdq4BkeYWGyZKFD7yLYrH92ng7wCT,2506.75,2ZBmPB3EuvRpVFiaAXEPauqiQhmmDKrjHWxc7a9qcWwJKGxvqrAaRvTfUW8PNyRpigYUtT5XVi24sCi8hoLPHqcP
1789149312,7MCgYMzq3fov6oERdtTMAYbN2U9LZrrSYS1MBhjixZFr,2026-09-10T18:14:50Z,al,WXTrcawS9yDf78AzJoTG3W78nvj2JQrhP3tEfMBFS6p,4272.12,5wpooGm7dyrPsEcdRuLyhQmT4iHRfjybqCs9rTF8e8cAj49YhDnXbua9TEbMokaPWXU53j9QAqMCFcpGPtqVN2mf
1789149312,7MCgYMzq3fov6oERdtTMAYbN2U9LZrrSYS1MBhjixZFr,2026-09-10T18:14:22Z,al,G5UyAK2BBGX681sL8WdfXQXV2BVDcYUyqPoaM4rS1zkw,7356.95,4G7wrWzuKpEr3W1yMbEeAjyFYn68byi23nEBDW92U4sthVEFxQ8LPGZU9Ye4egdtXzxcjMg7UVhmRDdWnFZSZ5uW
1789149312,7MCgYMzq3fov6oERdtTMAYbN2U9LZrrSYS1MBhjixZFr,2026-09-10T18:12:09Z,al,G5UyAK2BBGX681sL8WdfXQXV2BVDcYUyqPoaM4rS1zkw,7356.7,3vgf3mryA1GCD3hAXjmuZXDfnnQpRJr7YidK5NTmVR3cNbtap5RVwtN5BoT14vVvJ2zFJFM223hiRNQ9vK9wNT4J
1789149312,7MCgYMzq3fov6oERdtTMAYbN2U9LZrrSYS1MBhjixZFr,2026-09-10T17:59:53Z,sat,JCLRmm7Go8jsUQp9XBKBm4qJtyeJQFYGdunQq6HgJdeU,2864.98,3pTmZ8vkWxP7kEPKgaYy34ZCdz553oKhsQgobfaupA8zzJbWyYSh1KWY3tFL3drF7MNp38sw83924TiodjeUjjFS
1789149312,7MCgYMzq3fov6oERdtTMAYbN2U9LZrrSYS1MBhjixZFr,2026-09-10T17:58:00Z,sat,FHpcNSe6tb2n15bAdq4BkeYWGyZKFD7yLYrH92ng7wCT,3498.96,5AG5zizu3DzY1R9MBEFSYmZdiFGyVdeA7wCu6NYq6LiCStUWu7EuLxWpH5JyEy4d8XwYjgLwo7GfBm1ujUbtdxxA
1789149325,7Y7V1a4m2nWK7BMgbka5B4vR1pDvCK7yva3Hnrqkraze,2026-09-11T17:36:57Z,sat,EqmqmYYgqqT8BWLEwgcsa7EqKmYXYZ5pvYo8Q9M8Y5Sh,2781.41,bPTen5QdsNSb2nSdJgTRqyRVBK17c7t96mvZ68KWfoupcaRZoSg5kZZ69wuZkjiYY4TKKQQxPmNyWa4akWFQyFh
1789149325,7Y7V1a4m2nWK7BMgbka5B4vR1pDvCK7yva3Hnrqkraze,2026-09-11T15:45:51Z,sat,3yjgtXi2bemtzKDCdk6aKQbjZefPGMQP1ucWNJ4gxEpr,3228.03,2kEK4H1q158S7vSdWj2Z4qq5ws7mDwXSfKZVnxsTD6tSaAmxw69BnxsnmyCGngGxGwS7rzAQeQBqUBfSe6YjATPw
1789149325,7Y7V1a4m2nWK7BMgbka5B4vR1pDvCK7yva3Hnrqkraze,2026-09-11T15:29:53Z,sat,FBF1bqNcXvo8jopMGeePydbbB1M4AS6no4pyXzvbwnPz,4884.53,2RV9tsXZKU5qyBXGvM1SaAAhPhA8QNFCqtTa4DPbJbWnCDbjZ6GAB3XjQ2EGWV1Li1fKEwunWQ8L9nqsC7w8h27N
1789149325,7Y7V1a4m2nWK7BMgbka5B4vR1pDvCK7yva3Hnrqkraze,2026-09-11T15:18:58Z,sat,BzcpPBm7v6VjGVCRnZaBAtSFHuM7EQfv6Ct4fFZxm2GF,3712.41,PfYhLSJ2VsUPwuVjysBoJy5grVfdeddXGjYQKmuBkNRC7MXeTxZEyBtMNbgvKE4439ydfqtktytXDmh2JY84D6s
1789149325,7Y7V1a4m2nWK7BMgbka5B4vR1pDvCK7yva3Hnrqkraze,2026-09-11T15:09:20Z,sat,C7wQtXTA7s7Vm1dqsFHhRWjZpw5BeXgQPMbi6omTxdDw,3273.37,WcKSMyQxDWQ1WtfXCTKVtESRoY6uJS1JtU9s82MQmwbuG1pFWFETqEnm8yvxiLsicTYnnpbPPaSDs3ffD1jx4dz
1789149325,7Y7V1a4m2nWK7BMgbka5B4vR1pDvCK7yva3Hnrqkraze,2026-09-11T14:47:16Z,al,C7wQtXTA7s7Vm1dqsFHhRWjZpw5BeXgQPMbi6omTxdDw,2569.69,3ELKvetDqY95Tiwr333AoPQbttHkNLB3LyCabFwis73eUDDWhRxqoSSd6udAzGbUMkevTMDCZy73eGjpvwH1hv2S
1789149325,7Y7V1a4m2nWK7BMgbka5B4vR1pDvCK7yva3Hnrqkraze,2026-09-11T14:15:32Z,al,FBF1bqNcXvo8jopMGeePydbbB1M4AS6no4pyXzvbwnPz,7141.32,4PmsueBVAgpUcCCNiz8jyDKxm4Pk8B87RWc9Rjxryb8JB5tpW6SnJVs8jNondXFo3a5VrEGo96wzjnJQg7eAuuuS
1789149325,7Y7V1a4m2nWK7BMgbka5B4vR1pDvCK7yva3Hnrqkraze,2026-09-11T14:12:55Z,sat,HvLi4xBRLC6Dz9VTeGCKAEonRzSJHmYLVL3xzmUEuU6n,3722.15,56SHXpGteYefhBHVyDY4XX5fyVeK7zZeondycQsDVceJ7AtCWbEswkpLHACECo7SqTUjWddzqe6oDGBsVGzPgEBW
1789149325,7Y7V1a4m2nWK7BMgbka5B4vR1pDvCK7yva3Hnrqkraze,2026-09-11T14:12:55Z,al,EqmqmYYgqqT8BWLEwgcsa7EqKmYXYZ5pvYo8Q9M8Y5Sh,3279.9,DmhZE1D5vqtGYzzry6WiYDrdDopq3ZR5ZDgAWqigJ4dzgtqXvKHawVKj4oUjpM5ur6x77ShXDEBPUA4yRrtevJc
1789149325,7Y7V1a4m2nWK7BMgbka5B4vR1pDvCK7yva3Hnrqkraze,2026-09-11T13:59:58Z,al,HvLi4xBRLC6Dz9VTeGCKAEonRzSJHmYLVL3xzmUEuU6n,3147.06,5AtSkp7PB27wNRiDSanBQSdfwpHtW9Gd8Z3MCK6sEqMk8rBukrA2JD8z9JorrSe82pBBmgdVPtzv2no1NQy1rCeq
1789149325,7Y7V1a4m2nWK7BMgbka5B4vR1pDvCK7yva3Hnrqkraze,2026-09-11T13:59:58Z,sat,Em8J3gBWapfVBGVhVipwQnLrqCvnWBnLajw6XFsFECPF,10473.6,3iKLhToQo75npRWrG6gLYFCv93n9E8E7i8oRH12C7b34femosd2ipqRaTX8bTrFgytoQ8LKRL58eLoWKEWVfvEi5
1789149325,7Y7V1a4m2nWK7BMgbka5B4vR1pDvCK7yva3Hnrqkraze,2026-09-11T13:54:25Z,al,7o6Hh5KcirnYXBd8arCXCcUVw628tDT4CKeHk1cKuz1W,2639.22,2r3DGFeUvwqbVqriNUJg9hSrjvBdfcnvSkWEXfSYGR9FyhR5Cf9zVceitmQhqLnjJospTmqneMmdFCB6eJAYWqZx
1789149325,7Y7V1a4m2nWK7BMgbka5B4vR1pDvCK7yva3Hnrqkraze,2026-09-11T13:54:05Z,sat,7JCe3GHwkEr3feHgtLXnmuJ1yB3A7coSeyynxTBgdG8k,2582.12,3nE1tbVBXRg2V3rCEuQs2Hik7nme5VDbQYmQj25fNQLY1XqVEXZXGiSdCFnKaUnsks4W2cNFowbi3UymEXhk1ba
1789149325,7Y7V1a4m2nWK7BMgbka5B4vR1pDvCK7yva3Hnrqkraze,2026-09-11T13:54:04Z,al,7o6Hh5KcirnYXBd8arCXCcUVw628tDT4CKeHk1cKuz1W,3361.59,UepMazsAyQdbQqYrsbxXYEzuyYok8mFPd6St1yAtVwyGYwNFKoj9dGWmpPGy5qN47Va9LUHmLpmNrrgJMDu79b3
1789149325,7Y7V1a4m2nWK7BMgbka5B4vR1pDvCK7yva3Hnrqkraze,2026-09-11T13:54:01Z,al,7o6Hh5KcirnYXBd8arCXCcUVw628tDT4CKeHk1cKuz1W,4387.8,33REnWGYBjpVXfssdiJQcPQLBEuDrDxiXUiQvEgzkbFuSAojAXfBsG6McwYfCUxkrrvuMgTsFxcJ2cpWp84avHdh
1789149325,7Y7V1a4m2nWK7BMgbka5B4vR1pDvCK7yva3Hnrqkraze,2026-09-11T13:53:55Z,al,7o6Hh5KcirnYXBd8arCXCcUVw628tDT4CKeHk1cKuz1W,5450.05,5BZiuEutBcCHzd1X379sm6vrTV9rtKbNmYQJcFXDx2yifdsVmVMJGeUiSXwEoe95tbPi1RaqfUvjJatk8FP4vE9j
1789149325,7Y7V1a4m2nWK7BMgbka5B4vR1pDvCK7yva3Hnrqkraze,2026-09-11T13:05:00Z,al,7gQrnrWnLnFoDwdvWZp2p5diiSZfz7xcR96MMprfZSxE,3520.17,4cdsqmWMun3bciyzT4L7QNvydaSkbVmGJKXBV6wVr3GJkn2SxSvY9RZ4jmFoPUEbgUeaH7NyVKYeEWLBLkyxEkrd
1789149325,7Y7V1a4m2nWK7BMgbka5B4vR1pDvCK7yva3Hnrqkraze,2026-09-11T12:32:49Z,sat,3YfXCHqsJxa77XVKnhrJD8jXyH9grzUz8zuwhFVwaLeB,3756.33,2oWoYnijC64qMt9cuhKx8gHZwJTTiYKnjfNHf4D8RPUPhsjQStajymnBAh3XLpZ9MeXxkco5qvUi1opvXWw1Pk7x
1789149325,7Y7V1a4m2nWK7BMgbka5B4vR1pDvCK7yva3Hnrqkraze,2026-09-11T12:32:00Z,sat,3YfXCHqsJxa77XVKnhrJD8jXyH9grzUz8zuwhFVwaLeB,3837.75,66ikddMhT8zPpKd4nqgq3ZLT2isAvfLra2ar51zAefJo4LFf1b37xm6SVLwWw8i2vU2JYzsNkpwGYgsQZdGg2gjQ
1789149325,7Y7V1a4m2nWK7BMgbka5B4vR1pDvCK7yva3Hnrqkraze,2026-09-11T11:47:45Z,sat,HvLi4xBRLC6Dz9VTeGCKAEonRzSJHmYLVL3xzmUEuU6n,3635.6,2F9etpZFBzmajBkt1jQNSjXkWfQKpTG2QtefXUoxTGuEFxbZcDefeLaBtXYmqKZ7sURVaWRGQ2pebthgv8CKMXws
1789149325,7Y7V1a4m2nWK7BMgbka5B4vR1pDvCK7yva3Hnrqkraze,2026-09-11T11:41:50Z,al,HvLi4xBRLC6Dz9VTeGCKAEonRzSJHmYLVL3xzmUEuU6n,3604.7,5UuxF9TNtPPgHBqHSQJ7eGJSLXWTT5jrTcuWs7raaC4kitdbnGZVKCF5rj2EB4LCBLoxeTsDXE1ET3oTcPFZZwjf
1789149325,7Y7V1a4m2nWK7BMgbka5B4vR1pDvCK7yva3Hnrqkraze,2026-09-11T11:41:49Z,sat,Ay8gH6ShepcY6b4vPTAaW6Ptt81WovrY7BBghwbbBgmo,11996.91,4NBt6DaFaYNRiEn3YSXQZ8NqGihNvSBymtK6E4pQL5UZwnGmWPvwPf2D1AzeJieu15Xan5eJPPSiGtZi7cfbnbtG
1789149325,7Y7V1a4m2nWK7BMgbka5B4vR1pDvCK7yva3Hnrqkraze,2026-09-11T11:35:48Z,al,7gQrnrWnLnFoDwdvWZp2p5diiSZfz7xcR96MMprfZSxE,3394.27,Uxi5MAWCeZDVcyMb73RNQr4HrrfFQp2DbhSWvuuk8Foe2tEz1f8e74yYiEBLic4FGFitFsLc8htiwewEh9XgctK
1789149325,7Y7V1a4m2nWK7BMgbka5B4vR1pDvCK7yva3Hnrqkraze,2026-09-11T10:47:32Z,al,GAzVe4viqrgo64oecjnzxNaK28pUy8SAqVYYp7k2f7nH,2624.97,5DQyE8s5SdmLwAaM2wzs3zjAZutrj985uvCNNZVtC66fMeyrodFVoGnwMAD95D2xUfMfSYPeScmd66L7BBgwUhkj
1789149325,7Y7V1a4m2nWK7BMgbka5B4vR1pDvCK7yva3Hnrqkraze,2026-09-11T10:41:07Z,sat,GAzVe4viqrgo64oecjnzxNaK28pUy8SAqVYYp7k2f7nH,2676.54,35DGxvUFmjkLmFgV72TGUuT8MXEELNBhGvyZkRRyZbfaWwGJx2SRYCW6W8tFo4sQxG6SrqQiGMnakkcC4Hrmrx8r
1789149325,7Y7V1a4m2nWK7BMgbka5B4vR1pDvCK7yva3Hnrqkraze,2026-09-11T08:49:11Z,sat,66wniJpXzCF3DT4R9nuHWpdwNwLNUeTN1jLJLNkzCFJf,3433.99,xiMZvkeynhc3iBobMD9hXkAq3tTRTumgAywTPJxG8DnoxEfPfi37GRXiZTe8FD6LT5G4nUusLXbemUyziLpGiwW
1789149325,7Y7V1a4m2nWK7BMgbka5B4vR1pDvCK7yva3Hnrqkraze,2026-09-11T07:03:09Z,al,HQS1rtTs3Z61eN4vk7APVuZU522YmftCti4xhHSjhwSS,4331.49,5KvEPqUCjir71HmeAJ9MYnBqS3JCk19RVPaJGAKpVTEgoJb1NoXNxGZtEEjKgeYJFLniBiza4KeJrsx7BkvKzgGy
1789149325,7Y7V1a4m2nWK7BMgbka5B4vR1pDvCK7yva3Hnrqkraze,2026-09-11T06:45:00Z,al,FgEmGdq7DFYUHvXMBRGwanHyCGb4FzoCWwPiyTYYvdud,2666.66,62dSgF22gDFuAEUX6UxQL7GPys6GFPs8vTbdXfjeM9i1BS8R6A98bzejj5WGomnHEFJyUmjT6G4eGFd5UHKVLgvG
1789149325,7Y7V1a4m2nWK7BMgbka5B4vR1pDvCK7yva3Hnrqkraze,2026-09-11T06:16:45Z,sat,BZgDcKUsVSCFP3kGP2uw4orurY1HSJwfzm4co1Agdt35,4120.98,2qhUuorzS1JpywaEzCgRfKF5HRNCv8E6JwYNW6q59HUsBL8KyKybddruHrTFm6T1qmyjuckrXT9cpSwpHUG8p1AT
1789149325,7Y7V1a4m2nWK7BMgbka5B4vR1pDvCK7yva3Hnrqkraze,2026-09-11T06:12:06Z,al,9U7EwZpFAi4ktpS6hz4kcAqxpSJBFrXvZNBVCkgZ6F4c,2949.17,5oQwazDQVCDHZYksNNX6dU9SnbhYHUSt8nybZkNs4no4EP4dMVtJDoMuqCEUk75VfYjuZTKVAD6qXv7s3U9nhVQK
1789149325,7Y7V1a4m2nWK7BMgbka5B4vR1pDvCK7yva3Hnrqkraze,2026-09-11T04:39:18Z,sat,FuN9M9esgiE63xZgS6zJW1S9cGSySoArsLwM94KC5C9L,2512.65,5gJxYKxu4o2JkCHfdUKtmT1AbrgNbexWLJUQtR2MBypQbGLPPTBEPSTyS586GDuxTQfBv3FAkS1FFKqUBqA2fvuq
1789149325,7Y7V1a4m2nWK7BMgbka5B4vR1pDvCK7yva3Hnrqkraze,2026-09-11T04:19:51Z,sat,f91zEH8LgYR4H36DY5wUAqwsimshxpNBQSqYB7xNtCg,3410.46,3GXYoXpiUg7KkKxcrCk2UedSzsHXRYErVAYerdnyDGHHcUQfs75WMCTGdKS4KVzJBxVVa5ookXdpu7Fie6pvTfPt
1789149325,7Y7V1a4m2nWK7BMgbka5B4vR1pDvCK7yva3Hnrqkraze,2026-09-11T03:10:34Z,sat,Cc2WPnkEyVpCqFDRxxaRpJqjDgMXZ5fFvoFv7ouvCieU,2862.23,5TZHhs9p7SV2xb8J7u218Uu5WK4y7oHj6ZJAXyn6YMN9xLT3wGCDQoaNDeyd2U8d3p7geKe6ryPUhWWNkYMNmMa
1789149325,7Y7V1a4m2nWK7BMgbka5B4vR1pDvCK7yva3Hnrqkraze,2026-09-11T01:51:16Z,al,MriyaNN8TMp6qRWjfr723PK7xgQK7yCt7Kg2v2PQu7X,4719.17,4H8f8Ya9giZViGVwB3KG1iKdsVjpEBo8Kn3tsitRAj74Wykf9SCLkg594E2Ew77ZgRWtCUc8KUh38dx7Vn7RVCtK
1789149325,7Y7V1a4m2nWK7BMgbka5B4vR1pDvCK7yva3Hnrqkraze,2026-09-11T01:51:16Z,sat,FHpcNSe6tb2n15bAdq4BkeYWGyZKFD7yLYrH92ng7wCT,10129.34,3wNga4RLrgkDA4n8pgr7B1EJaQ2iy4HWH6Tr6eeKBQP7bPkme61FxJEqYAa4G5wk86yXZhxVspix1fDhFctY84uh
1789149325,7Y7V1a4m2nWK7BMgbka5B4vR1pDvCK7yva3Hnrqkraze,2026-09-11T01:47:47Z,sat,HYFSTz9J1o4qcvTzup7gTi69UYJa5iAoNwnqZgNneFHh,2677.22,4HZYds1oANRp6KmsNv4bZjyBTYzJdmGWtMsu1g7BuLhJkbrpwQAmFP2mMEZUZGN635xuFtbHyeo7UuMTyzA6VzZu
1789149325,7Y7V1a4m2nWK7BMgbka5B4vR1pDvCK7yva3Hnrqkraze,2026-09-11T00:50:38Z,al,2FDFZVGGkXbb9PzLu2PgPrMMN3dHcSJEqv95muKURxJF,3491.75,4F4mi1LDRSzUUuZQwqrdhjTQy2N5uAicZCpXimPqc2k6C1C4xm8VXTD34ezDvj73cUJ2rVMEMQ1SYMdgQ6AkdBT6
1789149325,7Y7V1a4m2nWK7BMgbka5B4vR1pDvCK7yva3Hnrqkraze,2026-09-11T00:39:18Z,sat,LWP6oAEQYcHpYqPf55gFgfo4e6XvXqt5s8miYLHNqCN,4048.19,3c1B6dgdcsp8GC7r7e46KPNdBuiM57cP5vFJFNvCbfEXN85bJaWzaHLFXgZAGbpMgfVT5sfVVRjBoPtbPDgdC9oc
1789149325,7Y7V1a4m2nWK7BMgbka5B4vR1pDvCK7yva3Hnrqkraze,2026-09-11T00:37:38Z,sat,6x7etmcshy7YWkBcEZiAUCzJkGZjPGvCzLK4nEyS3XA1,2524.5,4jB1LZ7h369ek9SW3yu4EfxHvZV89M5BbimcrcKKFKhkj7KcvUwhmgcztEDGXzbaDovJvc9rKvg6Jfn6iF5KZiai
1789149325,7Y7V1a4m2nWK7BMgbka5B4vR1pDvCK7yva3Hnrqkraze,2026-09-11T00:18:41Z,sat,BDw7NYTZPnp7p3rfEpSpttLbtcSwb73hbN5a24NBWT86,4817.0,2ZYhizUFDjh8Q2gnt6ybQUdATc9U3y1KGAZSsb9he8XWqXB6ydFU6aL1HWykWfikizk3Vqrs5yyEgU6GNvFTygxv
1789149325,7Y7V1a4m2nWK7BMgbka5B4vR1pDvCK7yva3Hnrqkraze,2026-09-11T00:09:26Z,sat,82vDRwsebqxJWJPcnT9w6ECny8r2ry5EovP4Dkkt6phB,4707.63,4axYo28dAk3PRuSYYssFkecnnwSDX1efP98j3gUCVNEwGJ2Duw7fucxpSLtWj3Gk6FzfPwgSZhKyTSibQdzDqHwn
1789149325,7Y7V1a4m2nWK7BMgbka5B4vR1pDvCK7yva3Hnrqkraze,2026-09-11T00:07:26Z,al,LWP6oAEQYcHpYqPf55gFgfo4e6XvXqt5s8miYLHNqCN,5062.12,5VAdSBT3KrHUmnBtxwLVYUYmWbTCLkn4rvPCRNZq2wQgaE6pHYYi4ZXNTxiHreiwTEiCxrNN2EZLFRvCGQpBUcxo
1789149325,7Y7V1a4m2nWK7BMgbka5B4vR1pDvCK7yva3Hnrqkraze,2026-09-11T00:00:36Z,sat,HYFSTz9J1o4qcvTzup7gTi69UYJa5iAoNwnqZgNneFHh,2521.34,J6pESfJMTQpMpNexxJaQGV64Z4WKufGqUpY5TArFLSympraqqiAtvNNPv5zoWdbgyuMhqdtpHJNyQDieMsh4Qqs
1789149325,7Y7V1a4m2nWK7BMgbka5B4vR1pDvCK7yva3Hnrqkraze,2026-09-10T23:56:44Z,al,FHJnj9y8yPeRnYMq3QWcgyyptm1Yz1ct3g4we4i6zux6,5910.12,5yarHHXaFN8aPFYjqA8nLxDzncYXboHuWwE8PoDXwwEeF89mvuWRMWEVwKdhy9tjNfMCPnzSLP9Dv4kzs4mhNZeU
1789149325,7Y7V1a4m2nWK7BMgbka5B4vR1pDvCK7yva3Hnrqkraze,2026-09-10T23:43:18Z,al,Em8J3gBWapfVBGVhVipwQnLrqCvnWBnLajw6XFsFECPF,3354.05,UN6rHJikzWLzEjtTMRb6uj1xDY8hMjJQ8KWqSjJ4uVye21oKtXDtS3DBYwqUcHttFXJXzmrMPvmzB2esGY3WNUv
1789149325,7Y7V1a4m2nWK7BMgbka5B4vR1pDvCK7yva3Hnrqkraze,2026-09-10T23:41:25Z,sat,MaXLZxwojAc548heRuNsywwWEpynURwnibyciCSnaXG,7946.01,baNBRsAzYbtDRmMGZYf3rSsyPoGnLy4WXgtboBzjv62X8QBZ7zJjDDaiWeoErBCw7roc62B8PuC2sX1wEtMfrfv
1789149325,7Y7V1a4m2nWK7BMgbka5B4vR1pDvCK7yva3Hnrqkraze,2026-09-10T23:36:56Z,al,C9jNJ41PxQU1Ri9Xk4To17nE8op156auTepvMB1i1JRP,4618.74,59ZcQ9tqvxD5seUmxNkHnyWzEJRzcJKfFNYLnCYfCaHRoBTY67dDft5bTA8VD2wDG4kSMAq625xpCe8naDWFsS1p
1789149325,7Y7V1a4m2nWK7BMgbka5B4vR1pDvCK7yva3Hnrqkraze,2026-09-10T23:35:25Z,sat,C9jNJ41PxQU1Ri9Xk4To17nE8op156auTepvMB1i1JRP,2992.46,dQ3Q3QuPw9KRQeufMpzjNLcRDPzTwurZ1Nx328NUhYDEE1Y291kPiiFRbTrx5B1Zwf5hCVQxpYqy5ZhstZsi5Ab
1789149325,7Y7V1a4m2nWK7BMgbka5B4vR1pDvCK7yva3Hnrqkraze,2026-09-10T23:34:55Z,sat,DfjEFPwb2kWN6hhSMqbvcrygFmCzCjUjAfu3KyfKyBh,2898.7,57MX2kQ3Z7AaSzwX6wjshEv62KuTgGxMZAMtAHE6cirM62aUJWiu3rLKwAQeCQd7mcJ1tjKFz9z4whhsVHaVqPEZ
1789149325,7Y7V1a4m2nWK7BMgbka5B4vR1pDvCK7yva3Hnrqkraze,2026-09-10T23:34:52Z,al,AgmLJBMDCqWynYnQiPCuj9ewsNNsBJXyzoUhD9LJzN51,3368.99,5YnJWaNc6nv2FYuoDUv3n3KicCPAmGSbXctNXwGZxkbAB3Bwwt37rpuDAYaF7nBFuD2h2DfGr6wSfn9uUp4AcJoL
1789149325,7Y7V1a4m2nWK7BMgbka5B4vR1pDvCK7yva3Hnrqkraze,2026-09-10T23:34:42Z,al,GmQbFtQtUrPQpVLQfmSM1WC65R2j2rr5TpXSEFgp9ExH,2630.28,3zZayadJnTSWg6u93idTXDbyoJEUJZCEzHPUGhRQ8gqSnajKmyRGsDQkKN7zkKh1in5CC2vcenaintqoMtky4MRm
1789149325,7Y7V1a4m2nWK7BMgbka5B4vR1pDvCK7yva3Hnrqkraze,2026-09-10T23:34:29Z,sat,DfjEFPwb2kWN6hhSMqbvcrygFmCzCjUjAfu3KyfKyBh,5401.53,5WBa5c5jMoXWJ1irKxDqxfZqNJ32mZ8XPykCubyMUpFgyUzokmoSpLWXydy1JJVv2UJGkUKwLr4RKL5s6y9TcJqs
1789149325,7Y7V1a4m2nWK7BMgbka5B4vR1pDvCK7yva3Hnrqkraze,2026-09-10T23:34:28Z,al,25e2rBhTaV6N9zMtzD6bKD7bqNpnk7cYAdBjWVufAQ7Q,3317.64,3KMoKrUpVXmxWMwDxCnUvwM7S8RwdT2Y2SpgDk9qEaj6Fp6DjRvJFmm749fa14YwgL9KWHio7jEjhQFZFQsm3cv5
