ts,token,sembol,pair,dex,pair_olusma,fiyat,liq,fdv,mcap,vol_m5,vol_h1,vol_h6,vol_h24,al_m5,sat_m5,al_h1,sat_h1,al_h6,sat_h6,al_h24,sat_h24,deg_m5,deg_h1,deg_h6,deg_h24,boost,n_web,n_sosyal,n_pair,etiket,gt_ts,alici_m5,satici_m5,alici_h1,satici_h1,alici_h6,satici_h6,alici_h24,satici_h24,kilitli_liq
1790805013,5NpqLcNaKSHMvmdo23pukuRAhKrQzqqBuXvrSt2yjsMZ,STONK,BZDqUoSdwbW4v2NoPYbqwFUYrgpGVafbaNwYt13hz3gQ,raydium,1789163584,0.000004268,6809.35,4269,4269,0,0,15.04,27.93,0,0,0,1,0,2,0,4,,-1.12,-5.02,-5.3,0,1,2,1,CPMM,,,,,,,,,,
1790805017,Dqdshp9irA9fhXkBpi5GaMUk3HEf3aTevVim94S3Hj2m,GODFATHER,Gnr7umvnRD8Df1v86skMcuFgauuAWob45skD4akQ1tuV,raydium,1789159588,0.00003537,16218.93,34344,34344,0,0,350.51,400.03,0,0,0,0,8,4,8,7,,,-2.55,-3.54,0,1,2,1,CPMM,,,,,,,,,,
1790805018,FgJReZeYfmKZeWrCaGYL8gLnUixwBhjdHuRknC6ypump,Doggo,DBqbqUehE6kr9c4oGvoESs9JJWJJRoVLgCcSPEePD5qT,pumpswap,1788799323,0.00001196,10551.23,11583,11583,0,1255.26,1871.95,7556.67,0,0,17,17,23,27,92,86,,,-8.79,-21.81,0,1,3,1,,,,,,,,,,,
1790805018,Gt9brNVXP7gdGtUqZLcJAhbZTjLEcKrA53F18fRSEeAp,ㅤ,H2KJ699rzrbiH8D8E1gQ6J86wLZTTVkrpB9RhXaWnZ54,raydium,1789169582,0.0001567,48122.98,156764,156764,0,1002.79,9308.63,32685.5,0,0,9,2,51,48,223,163,,-4.47,4.65,-1.98,0,1,0,1,CPMM,,,,,,,,,,
1790805017,CdixZU5dNFGXZ2jojQjree5EyynrsJ4GjDdXvZEVSLyX,POLYFLY,FJ1zwfRxSHXp6HJN9AJ4U6V64Gzs3Zfs2pwkyLX5gFyQ,raydium,1789166107,0.000004376,6276.73,4376,4376,0,0,63.74,66.12,0,0,0,0,0,2,0,4,,,-3.97,-4.07,0,1,1,1,CPMM,,,,,,,,,,
1790805012,3URpNcV9wAPjwMAyuBsPjwwkGN9wFJuwcRs3RMbdpair,PAIRZ,8XXnvNEMU3UoMRPWY2KJBW5z1T2KKj6vH9WYJfcGDqYQ,pumpswap,1788582799,0.000004180,4181.05,4023,4023,0.07,0.54,15.06,27.89,1,0,2,0,12,7,22,16,-0.06,1.26,0.36,-0.76,0,1,1,1,,,,,,,,,,,
1790805018,GAVNZKxbEt1sL5YHnR5gX9v1rNswJVTHH4ycYuoXpump,PUMPCHAN,7hx3FcNkUaBoG5VDxhFuzmeefrYPuyhUBbwRF7ASozgN,pumpswap,1789250905,0.000005106,5211.27,4899,4899,0,0,25.14,52.83,0,0,0,0,0,1,0,4,,,1,-0.96,0,0,1,1,,,,,,,,,,,
1790805012,3uEVodfTeqLsBssjQ5VPEwwdsTwWCJGCd3FVyx7RUNVB,ISG,5NVx3SjDrTHaGD3XPFWTtkLFvmVBwW8nFv3Ut1cHBqpo,raydium,1789092123,0.00006956,24605.25,69565,69565,0,19.82,2862.89,8212.87,0,0,1,0,43,16,134,38,,0.24,-11.09,-11.76,0,1,2,1,CPMM,,,,,,,,,,
1790805015,9eciHjJopku15zkke5GGdpPdfsDTqsfhQA9EibrApump,ZFBRAIN,Fw3eBy9DmEhtTt9X3pg7T5P3zoi5Dogo3bhRRDgzqP6T,pumpswap,1789254671,0.000003687,3743.74,3488,3488,0,0,7.72,11.69,0,0,0,0,0,2,0,3,,,-2.99,-2.99,0,1,1,1,,,,,,,,,,,
1790805015,93oiJqw78EUpL4JAxKSb1rdnsZw69HQjgQQ9DVpPpump,PUMPDOG,7xNGzt2v3W9qBC6xBdQHqmgmEhFf6B8VMS5D3VReUrPN,pumpswap,1789254047,0.000002710,2792.96,2642,2642,0.4,7.84,34.15,39.89,1,0,7,4,29,15,38,20,0.01,0.06,1,0.11,0,1,2,1,,,,,,,,,,,
1790805013,4uFipPwF5cjUe2RxH71UwHA9YodLzR2ULX4cTBpTpump,JEWCAT,6a5o8uTN8Q4AmhtcQjAX6RJwVrLaFxd7PBtQKs7pE4sQ,pumpswap,1789256277,0.000005254,5525.37,4989,4989,0,0,0.37,14.61,0,0,0,0,0,1,1,5,,,2.55,-1.26,0,0,1,1,,,,,,,,,,,
1790805017,CeMP2cLUhQWEXioy33vWk9nCsXv1qvgrZ87PtDaypump,THUNKER,4bhYg9N3CDYacfT8WwBPFkgJxDvMGHHABixpY2BzAb4d,pumpswap,1789250164,0.00001815,12866.55,17622,17622,0,24.58,2052.7,5672.48,0,0,0,1,5,11,48,33,,-2.07,-31.16,-11.33,0,0,1,1,,,,,,,,,,,
1790805019,HHDuCwdk67cfJJKmohQ5ziw4JML9xFmB5u8r3kLXSAke,STONKBULL,EoZcwMsopX7nU8qmMZN4dhGpSqsPLDV6RtWXCRHjyAMt,raydium,1789254474,0.000002640,4079.11,2641,2641,0,0,0,0.37,0,0,0,1,0,1,0,3,,-6.82,-6.82,-10.46,0,1,1,1,CPMM,,,,,,,,,,
1790805013,6ssGtD5KUhzrENtn5BiEdTt4tcb6sfn7wPHRJyBYsp7N,PVE,Gs2SpB6kbpbB9s3MEJKn8TaDfjKiK3bnX4Z9cn67xr6C,pumpswap,1789335665,0.000004330,5019.51,4234,4234,0,0,4.36,74.77,0,0,0,0,0,2,2,4,,,-2.94,-2.96,0,1,0,1,,,,,,,,,,,
1790805017,E9nmbyzLqnBQbAJL7dMta9aR3HYy5W1ewPRf221zpump,AdamSandr,6iUjPerRaSssvFBAzxeJhNCj3YzgPeF9UZfKG6HizZ61,pumpswap,1789348836,0.000007729,6665.38,7179,7179,0,11.55,15.8,50.13,0,0,1,0,2,1,3,8,,0.52,0.75,-0.48,0,0,2,1,,,,,,,,,,,
1790805015,9LuwgFQemAoV9rgVBBtwbRSxBmamcRRbysEK8yL2pump,BRAIN,5biT6a2sP9BFKXQCuwACAtAAaR6WMQqz8zPJdM2TUarj,pumpswap,1789422803,0.00001054,10311.11,10330,10330,0,0.05,232.31,642.29,0,0,0,1,2,7,4,16,,-0.78,-8.63,-19.08,0,1,2,1,,,,,,,,,,,
1790805016,BdTBErXYiiBVfkjsFSNeHiNRRCdxXW5aGygsW8NrXHnP,RUSHBULL,7QfZQDPWvNSu9KZLt8TBefVgLEy2CoVLaHGcUaCV9PQy,raydium,1789411103,0.000006280,6533.97,6281,6281,0,21.09,114.72,525.73,0,0,0,1,3,4,10,12,,-1.26,-4.06,-14.8,0,2,2,1,CPMM,,,,,,,,,,
1790805011,2s9ycNwMgVCB4SWtXmTu14w1ospd88MVYZdHLVEHLdVC,SKYNET,FVGTd1d9B14Pru6siQvPaHtAp1qmDKjthZgK6aBoU5r9,raydium,1788967719,0.00005957,24890.61,59571,59571,41.07,41.07,802.31,10026.62,2,0,2,0,9,7,51,47,6.42,6.42,-0.96,-34.03,0,1,1,1,CPMM,,,,,,,,,,
1790805015,933HLc6SPfxkFwiPXwCksmcSHvVBDzeC4A1SafRVpaid,BOT,HTaCLiSzmgpQXcAPEQcFrMJtqxQa2gWdYJRwg731SaDp,pumpswap,1789510639,0.000004621,4451.72,4502,4502,0,0,0.92,445.84,0,0,0,0,0,1,7,20,,,0.57,-11.17,0,0,1,1,,,,,,,,,,,
1790805019,Hk8Uiq8CeNdmZzu1aPaT7MhvujtJifFS9kKhfpXmpaid,BOAR,Bu2w4qTu9nYKJYodaUf2kXnAznUxp9k8GWSDAaw46HPz,pumpswap,1789507758,0.00003527,21929.67,33201,33201,0,1355.33,5484.16,20708.85,0,0,8,3,27,20,119,103,,-2.36,-2.98,-3.16,0,1,1,1,,,,,,,,,,,
1790805017,DDCimetG22tCrpsPHxoUFuzewU9EvtDp8RMAyCCoBTgj,SPACEBALLS,9WM4YD2sznFTdAfZe5mvFpBN3if2FFgrh2cbkW2cgn14,raydium,1789596068,0.000003609,5297.5,3609,3609,0,0,4.91,18.49,0,0,0,0,1,1,2,4,,,1.67,1.8,0,1,1,1,CPMM,,,,,,,,,,
1790805013,51mZoUpp9sZ5vHTW5SzvpLLNr3QfpTtk7D3vgWDuzxY1,ROOM,FUXbQY31jLjCyn9QCEUXsjqMDa9g4Zrh7xZujn1go2zJ,raydium,1789595525,0.000007064,8141.54,7065,7065,0,4.8,294.59,1630.55,0,0,1,0,5,12,11,39,,-0.2,-6.58,-8.65,0,0,1,1,CPMM,,,,,,,,,,
1790805018,FstQsxUszLcr6VDsq4e8msQ5t6HFU68RNGwRsJ8a7R1g,XMONKEY,62whWGpKKEvQunyoWWsujbyNdzjxM64nVMod428ACcFa,pumpswap,1789616010,0.000003637,3624.7,3538,3538,0,0,0,7.76,0,0,0,0,0,0,0,1,,,,,0,1,1,1,,,,,,,,,,,
1790805011,2TFioVNNgnWiPmBVK83h3NSdffQVdJb3P97poyTgpump,LAIKA,5vMcE32XqP9N53D4x7v3LLaYCZ7BfkFXbbMZk5krk68x,pumpswap,1789598935,0.000002692,2741.22,2636,2636,0.12,9.19,88.87,143.2,1,0,6,5,73,46,114,71,-0.07,0.75,1.25,1.43,0,1,1,1,,,,,,,,,,,
1790805016,BLGM7XgLpm5uUGJXHTGGQvNYk5jeKSr9kfCdqyq3GR8c,ZMINER,CE68Ef6GNbepdEssHCLEVkZsWDFugnwsaUhX2gVGqhnM,raydium,1789024598,0.000009186,9169.12,9187,9187,0,0,17.6,222.87,0,0,0,0,4,2,8,6,,,-2.3,-2.72,0,0,1,1,CPMM,,,,,,,,,,
1790805015,8x28YZjDp6FFZvboPygnjsiSZgubUUUqCKZFeMZEu6j7,PIZZA,9Gq3ZP9YeyzKBc6H8aEDj3UJmZqFFWvgZNp1nGs4g7Nz,pumpswap,1789616551,0.000002615,2611.2,2475,2475,0,0,0,0.38,0,0,0,0,0,0,0,1,,,,,0,0,0,1,,,,,,,,,,,
1790805018,FkZL1HP8EqZStvyx5myGw7SW2SiCyWbWQVhMNrhjAh8E,ROMANSTORM,2r3KqkhiRjAxWYiiM2ToaDv32fBNThPtXQUM2PpqhL6Z,pumpswap,1789681197,0.000003030,3148.75,2856,2856,0,0,0,124.03,0,0,0,0,0,0,0,6,,,,-7.99,0,0,1,1,,,,,,,,,,,
1790805018,F6StsGd3TaUdsLSvuKmAsK9fX4CgtPGegvrZPBfapump,SOLYA,H817A1D2hStachnUBDftsz8X9GtXw5wdsbkMUoJE3uzf,pumpswap,1789681344,0.000003033,3472.73,2996,2996,0.67,24.19,137.44,217.24,2,0,21,17,135,70,189,114,1.3,-0.54,3.25,3.92,0,1,2,1,,,,,,,,,,,
1790805019,SkA82maVyUBgt4HUvMTLRDGyXX1yJpAsMNPhxEeSTNK,SHOEDOG,Cki4EosmaLdYDW2nrHaKz47LbK3ohw9dNHVBP9VgTYJG,raydium,1789566922,0.00006131,23673.91,61313,61313,29.97,2250.54,45873.45,62185.18,1,0,14,7,239,201,362,301,0.51,5.3,70.44,219,0,1,1,1,CPMM,,,,,,,,,,
1790805012,3W3K5i4T2vARM1UzJHh48dw4uNhjtg3Wk8GS2inmNUZV,TRENDS,HBHCoPE5qM7JjVppXsdRejZtqg8YDw1PMZRypiQgJkY7,meteora,1789681602,0.0002340,44628.02,233687,233687,0,1138.23,27445.8,587725.37,0,0,4,9,155,104,2211,1549,,4.89,-26.46,26.26,0,1,1,1,DYN2,,,,,,,,,,
1790805013,6BkJT2Dq8FwqwZmwzSLnADoaKaFKjBad25795nGBpump,niggacat,2smWBvdQhevyeYBG2A9uabGSgG5TVPsZKKAtfmTdZ8ec,pumpswap,1789681444,0.000004208,4021.53,4109,4109,0,3.14,19.99,29.55,0,0,3,1,25,14,31,20,,-0.36,0.74,-0.66,0,1,2,1,,,,,,,,,,,
1790805017,DuUbpUi4yJuam1a8LhG3qDxnfRDppeMRTayZyEdQpump,PIMSY,7yobpLCP2w1n7gbYMWgqBboeoscH5eKRucmoiRYvMkYe,pumpswap,1789674836,0.000003341,3587.03,3018,3018,2.25,2.56,22.3,25.71,1,0,2,2,17,13,18,14,1.52,0.12,0.4,1.19,0,1,1,1,,,,,,,,,,,
1790805019,HhRCWrgTZnTtHqop5wRLyD2ps1UNgKhnG8WhVQNMSTNK,XCAT,6Bd8n8bWtqYtEGQdHCL5hgqGpF2xTQSR6DsGTkv9hmQM,raydium,1789670166,0.000007450,8501.88,7450,7450,0,0,438.51,1529.7,0,0,0,0,3,10,8,27,,,-5.42,-31.34,0,0,1,1,CPMM,,,,,,,,,,
1790805019,HgcxVs6kJhPAaGqnPNGaa7zYgNT49hJrLufiqcNMuYZT,FEELSGOOD,8V79sJMPkRuX2EmzBS8uKmfDrCLAbszboC4eJ5Kowvc5,raydium,1789767410,0.001520,133784.9,1520956,1520956,116.49,2542.93,28737.32,152736.67,1,2,14,10,92,111,357,558,-0.3,1.93,-12.73,17.08,0,1,1,1,CPMM,,,,,,,,,,
1790805012,4rkGWJNSUPBcMicXMRAzohEyeJLFG8gUjwiWaz7Pddr3,CRACKER,71JH7ZFZdSkYP9oyXtCnk2U4dGD8S6fg8tGMowsaPWs8,raydium,1789653761,0.0003807,58924.69,247458,247458,0,147.63,1110.31,26594.44,0,0,0,15,8,54,130,297,,13.33,-8.23,-8.65,0,1,0,1,CPMM,,,,,,,,,,
1790805018,GyrdGn9yrZDeAwXfaGqe3QRuFAd3duYQ5jAdHrPvpump,Internet,7T5cgVfW4JXsaeVtMgENeSnrcJywSj73asJu21E7WfcS,pumpswap,1789769840,0.000002931,3164.56,2891,2891,2.46,2.46,35.79,90.84,0,1,0,1,20,15,34,27,-1.32,-1.32,-2.45,1.94,0,1,1,1,,,,,,,,,,,
1790805014,6wrGbTGsnG5WL9RDRgPRpaSnWpy63FR8tJL8fjPvv6DR,KITTY,Ek4LYGqMNypNaRpLhadsZ4VsK7NcLHmREAFgaotFbGgx,raydium,1789845015,0.000003274,5234.55,3274,3274,0,0,43.41,555.05,0,0,0,0,3,2,14,17,,,5.69,-3.07,0,1,2,1,CPMM,,,,,,,,,,
1790805018,F1BQXs8RTr3pugsCddw3dGVWhfTAPhyLJpuWYpzgRZtU,Bogdanoff,8d3fXyUxozZR7jjwmCUZ3axA6yMp7Rs5Hfu9MC4FbB7h,pumpswap,1789851868,0.000008923,8302.82,8608,8608,0,31.63,1151.16,1275.86,0,0,0,1,2,8,4,11,,0.17,-25.83,-28.6,0,0,1,1,,,,,,,,,,,
1790805020,wrRVeGUAh9GHVPQFAFHueL8SAXLbtvS46pFmjJsqRwY,RATE,AZnkLMDHMV2xLLeV4Xu1mYnX6yaP8hKLnSNck3S6bbYY,raydium,1789941704,0.00003429,13552.36,34298,34298,0,0,357.27,5061.2,0,0,0,0,4,13,48,52,,,5.54,52.29,0,1,2,1,CPMM,,,,,,,,,,
1790805013,5X7o39wuSuwqtLPWCbsjgvzYP8Fu5BqgLEcPeq4upump,PSYXPHIL,BwS2jqqQ5sz25jFPYGb7NKTFktdeZZYWqjfjS19CcqvR,pumpswap,1789941533,0.000002646,3009.61,2580,2580,0,0,0,4.23,0,0,0,0,0,0,1,3,,,,2.84,0,1,1,1,,,,,,,,,,,
1790805012,3NZRsipTAuusbz9PdTEHX6faw8Lzr9D9jzFEoYsXJ1j1,BURP,2uZeWgA2ypYE3k9XTfxGigvhBxTxgMEcCz4ZdKNHbQvy,raydium,1789940637,0.000004263,5901.44,4263,4263,0,0,0,315.79,0,0,0,0,0,3,0,23,,,0.02,-18.23,0,0,1,1,CPMM,,,,,,,,,,
1790805015,9VBh7iBb4XsMtFt6A5MmC13WpAf9qRwtVR82v9pUpump,$Tapout,G6U3DjbgbVXAV7bh7CJeoUeh95iRHE577KNpsBSjKijo,pumpswap,1789939803,0.000003790,3554.02,3599,3599,0.37,3.01,81.3,179.64,0,1,3,6,63,36,90,52,-0.05,-1.44,0.38,-2.1,0,3,4,1,,,,,,,,,,,
1790805016,BZRfWNggvbRk5DvUjTyucuqT1BjnUAgY2EE8Tj1cpump,WASABI,Fa2JJurYKa81fy5qvNsufX7ihb66scRQPU2yXThAo28z,pumpswap,1789941613,0.000002586,2857.25,2547,2547,0,0,0.02,0.02,0,0,0,0,0,2,0,10,,,1.11,0.97,0,1,2,1,,,,,,,,,,,
1790805016,BJ9mPPkCqnMisMiv7JQW7MJ2fgDyjm9udmwHZuJ2YcTf,DOGE,CKdWdZ7bAWw84h5WKEpKkQmFFoqXQgn5YCP56vPhTiXq,pumpswap,1789939159,0.000004074,4248.46,3989,3989,299.05,299.05,303.51,911.06,4,0,4,0,6,1,7,11,22.24,22.24,18.27,-17.41,0,1,1,1,,,,,,,,,,,
1790805012,3Vx7yJSMWwBzYZtPtiBtfjAS6TxYttvLBCNzLRaJqGyW,SCAT,FPpjNRw94TZZ5MkisGHnwt5v53ozjJMSiWTXyievfFR3,pumpswap,1789939128,0.000004103,4227.88,3880,3880,0,0,198.6,381.91,0,0,0,0,1,4,3,5,,,-5.65,-3.86,0,0,1,1,,,,,,,,,,,
1790805012,36jkatzXHNjJGaE8qCbygu22Vatkf7L34bPvwf1txuv4,DIABLO,2FE4H49WPjkxYrma4obZR5FepHj3uxPbq7F782U9Ebm2,raydium,1789939860,0.00002599,14468.07,25991,25991,0,202.43,1309.81,4917.78,0,0,0,6,9,23,38,76,,-5.33,-18.6,29.24,0,1,1,1,CPMM,,,,,,,,,,
1790805018,EqFG72Z35r8cAV8mKu3UK2L8NUTR1ZNyMr88E4BnwN8Q,ZEBRA,8WormohZAE1UHyEX65Y5njDzwgEiCPXskr5QhJRdk68d,pumpswap,1789939278,0.00001871,13514.88,18119,18119,3.44,144.27,500.83,4486.75,0,1,3,2,14,10,62,54,-1.38,-3.63,-2.91,-20.6,0,1,1,1,,,,,,,,,,,
1790805017,DkrUw74m1nC7QWXcHC81QpZSYBiUgWwde9LzPFGBQmv3,ALLIANCE,5WvxJ7B9dR4GXAv4VbE6By4pfnygQGzrfm6ubEDSai44,raydium,1789856511,0.00001214,4962.67,12144,12144,0,10.92,297.48,3091.65,0,0,1,0,10,3,21,14,,-4.13,-27.13,6.8,0,1,0,1,CPMM,,,,,,,,,,
1790805019,ihc6LRGHSD6ZK724zLpPcRbW5crQ1a9d9hvUpKbpump,JINU,6UDVvyeuzaBGqm2UQVHsoM9kpyxSdkjLbMPyBGP9bLG1,pumpswap,1789961984,0.000002430,2638.38,2354,2354,0,0,0,0,0,0,0,0,0,0,0,2,,,,-0.13,0,0,0,1,,,,,,,,,,,
1790805012,3T4ZBX6amaLpSWe8MpVpgUhaniVq93ATNXcPeNzVTxJV,PONTES,J71hFW2JPHa4Zh8xVaxhnqEjTHQUyR3kB6DtKsmKxJdD,raydium,1789972941,0.000009260,9085.98,9260,9260,0.41,153.64,175.38,880.17,1,0,3,1,6,1,27,8,-0.1,6.34,7.17,-12.49,0,1,1,1,CPMM,,,,,,,,,,
1790805014,7y99REwtyMRGwP2vpfNZ1RC1ygkRsggM38Cyx4R4uA2m,COQ,FS7QQNuofziVGmMR4tkTsDo3GYFf1rrRFacf4WfexoDR,raydium,1789954325,0.000003502,4182.29,3503,3503,0,0,0,36.78,0,0,0,0,0,0,0,4,,,,-3.84,0,0,0,1,CPMM,,,,,,,,,,
1790805019,HzaCANKGkhNcQGb1VWL8f4tHJYrCmaXrPWk9eHR7GYYX,SATOSHINU,9MRKwU9aqc8UZxEwW18xBdkJH2sX75Y5VNnCPgiGEMD7,raydium,1790028055,0.0001695,42941.71,169577,169577,20.08,1914.7,13069.38,57346.95,1,0,10,13,97,67,414,261,0.07,4.62,-12.88,-30.81,0,0,1,1,CPMM,,,,,,,,,,
1790805016,BtisfPT2fYPVpUuPkVwNCBdUbSX6jcm4ML8D4bRNXWqf,CUMMIES,5rZWwdX1gg641JCDwD75E8PX4i6ZBnHzn2QGByVP8TtE,raydium,1790028187,0.000003012,5247.3,3012,3012,0,0,0,5.07,0,0,0,0,0,0,1,2,,,,-0.03,0,1,1,1,CPMM,,,,,,,,,,
1790805018,FgU8hVMmCss3biVXvmsgBiDNdYLaDHtEcXXMcCSVpump,$,2devq3jXzJ4zfWeNgV6W78r9Na86ZQfwSUJWzn3WRLKs,pumpswap,1790027827,0.000002573,2658.5,2442,2442,0,0,2.19,7.32,0,0,0,0,0,1,0,3,,,-3.16,-0.75,0,0,1,1,,,,,,,,,,,
1790805019,HsryXB2BdWJuRXAY29hDcw2g4BPH57Q5nL1qu8kQpump,TRUTHS,Gja6S5zY1rywKXNRWsVWjDDT1wD4ECdXNEhUhqzfR631,pumpswap,1790028940,0.000005985,5408.17,5650,5650,0,0,0,101.01,0,0,0,0,0,0,0,5,,,,0.67,0,1,1,1,,,,,,,,,,,
1790805016,BLSuVTxKYDL4vm4XmG3oEJfsSGfJZF3cgy98ri68pump,CATEWALK,HdiUXnAwQkLBwdFpSh3gUKM1cM5QAC1G39nM1RGVwGrn,pumpswap,1790046050,0.000003742,4440.32,3720,3720,0.29,1.27,310.11,338.09,1,0,2,2,39,19,48,32,,1.27,-15.35,-14.5,0,1,1,1,,,,,,,,,,,
1790805017,DrK9ci66pPJxi9ig327XcVRs8cDzs7frXXoHWwwKvsN5,Chiiba,HSHCtiHwuL7qGQA9AFdU2Vp3GTvYMsMcvJy4teWdiWb2,pumpswap,1790050246,0.000003598,3760.84,3477,3477,0,61.64,189.99,263.71,0,0,0,1,0,3,2,5,,-4.67,-11.95,-13.3,0,0,1,1,,,,,,,,,,,
1790805017,Cxj4U5ofSx7xjYExKf4LwwsgYA9LQtBgqFJdbXPZpump,Pygoscelis ,AngoNacNjhMqVhCLJ5oHyipZj3gkyopfnczyAW5cyJQq,pumpswap,1790055694,0.000006196,5275.58,5844,5844,0,0,50.07,12607.62,0,0,0,0,1,4,118,128,,,-2.54,-51.59,0,1,1,1,,,,,,,,,,,
1790805012,3J1MYQPC2VFPfwzshXLiKYwyUF5xo9xxzH1dNjpd62kF,KEK,B6UWTbQjWXQCHK7wWmMSoK3tLPap42RYUNY4pSo3R2Ce,raydium,1790054730,0.0001991,37453.03,199141,199141,2.5,712.59,4043.59,52501.62,0,1,3,16,18,52,83,427,0.04,-3.03,-0.2,28.96,0,1,1,1,CPMM,,,,,,,,,,
1790805013,6iQNZnEKzKHnVfFczHhD39EjGN3uH7zDtKumErpq8qFJ,GPU,9CKMrqwYhgvsajXXQ5STmLRgdoSdVu9yPUrRHqYe5Eyw,raydium,1789582199,0.000007089,7847.8,7090,7090,0,2.1,2.1,604.61,0,0,0,1,0,1,11,19,,-0.11,-0.11,-9.65,0,0,1,1,CPMM,,,,,,,,,,
1790805017,DupFBba8HP6DpYX9XpLn6uhdYnnEXXUUiAhWitGQc8qN,BM,814NBFxcmVjcP1vjfFm2EnmAPaT5H8j5GUbcp6TdjF8c,raydium,1790053037,0.00003094,14011.19,30942,30942,0,140.07,1187.19,9650.08,0,0,4,1,45,13,129,88,,15.22,4.88,-13.72,0,1,1,1,CPMM,,,,,,,,,,
1790805014,89VdwqRkPoNJRuoAT5q6wCLtyGxAHSaZdk3r1wHhpump,Ponk,GFnWFvSpJ9eKMJpmTThg6qaNmAgGDXMNyLeND2E75qSe,pumpswap,1790055784,0.000004194,4372.74,4050,4050,0,18.15,27.31,29.84,0,0,1,1,1,3,1,6,,0.14,-3.9,-2.17,0,1,2,1,,,,,,,,,,,
1790805019,h6pRaLfBZ81c3khUjM3Rvtg9WR937vA7rpUetNrpump,Nuts,4X9MJ1NgmNvSKuCbf9LC5QgDdYuyQTQcA1tz6JNv4ryR,pumpswap,1790055289,0.000002629,2652.9,2510,2510,0,0,0,1.83,0,0,0,0,0,0,0,1,,,,,0,0,0,1,,,,,,,,,,,
1790805017,D1zD9GjCNocsCxJZJKEbWFhZ71QXqppuyoTUynoMpump,kakacoin,CzTHGiCdRYMXfdd14zMf5FiLg5E1xDqrtNgAvJonjeE8,pumpswap,1790086072,0.000003410,3455.83,3242,3242,0,0,0,6.53,0,0,0,0,0,0,1,2,,,,5.81,0,1,1,1,,,,,,,,,,,
1790805017,DbnHu8ZY1S7ymymbAvo3zpN3s5QRNNDXWqfNwHzNpump,AFKINU,6HnN4KetUpj2EcuvWwuDADJ8pdtcABLHjdiDwzHC5mny,pumpswap,1790119099,0.000002882,2856.67,2760,2760,0,0,7.69,18.69,0,0,0,0,0,1,0,5,,,-0.6,-1.93,0,1,0,1,,,,,,,,,,,
1790805015,AjnPeDYEXH3FHR43ygN9Z5aNNMQVqkXpyQVAX6Ppump,ZKSVM,E32cduFzjLGsKitP6NpkKPU5EFnxcKPYpWzMeMxrvDzs,pumpswap,1790099147,0.000002495,2571.55,2398,2398,0,0,0,2.28,0,0,0,0,0,0,0,2,,,,-0.62,0,1,1,1,,,,,,,,,,,
1790805016,Be7ZBWaawENTSh6S2Nz3Dj76LptXW6AMBNQyZJ1upump,PUMPBACK,FAmgCbui3RsHCVsEy9qtJnx63TzwwqKzpALvyHunVetn,pumpswap,1790101913,0.000007110,6615.51,6832,6832,0,0,68.21,566.93,0,0,0,0,0,2,6,10,,,-0.38,-9.1,0,1,2,1,,,,,,,,,,,
1790805013,527PdUTGwcFxVEMXt8tyRJA1nYbVedgSiSfh4s2LWTWz,BOP,2Sra9Xw28W25LecbFhHzV4nP2BoWx7G1mqyMJPnJHFF5,raydium,1790054892,0.0004844,73892.91,484474,484474,296.58,8333.96,71401015.61,86636711.72,4,3,37,26,407,326,935,792,,-22.25,-0.4,4.28,0,1,1,1,CPMM,,,,,,,,,,
1790805016,C1MHyoTJpRTeS9AQCyspNVu2EWAYCZwmJ1jNkEArFP1f,APE,88v4aoey74npmh3yJS9PWfzWFnuxAyZRkeTLveY7VJrn,raydium,1790097516,0.1488,77234.98,178656,178656,308.88,4622.44,17973.3,36230.32,3,0,7,4,40,85,124,201,0.04,-0.34,-1.36,-0.3,0,1,2,1,CLMM,,,,,,,,,,
1790805012,3B72iCu6FXMqN1fk5EKrkDxT4Er6cDomoo6Ym23Ypump,BFC,BChHmBF3PwxecJddjk2DQcTc1eM8phUr324ntfyb9UnD,pumpswap,1790113096,0.00003642,15788,35897,35897,0,0,0,806.49,0,0,0,0,0,0,2,3,,,,-14.79,0,1,1,1,,,,,,,,,,,
1790805017,EG4dCBXrQVcWQStLtkXbr5cecoPjqaLAeCBNG1ybfEXT,BADGER,EC7t9MuzhzA3Z4aFhVqHud9K4QvEB5srsjTr6DvLEtMP,raydium,1790050130,0.000004778,6466.49,4776,4776,0,703.39,708.39,731.78,0,0,3,5,4,5,4,6,,9.67,9.25,9.25,0,0,1,1,CPMM,,,,,,,,,,
1790805013,5xxnT772vG9jMGJp7XNXkKzdErUFBnzGdszGL5mVpump,GOUR,5XSP6ffQypEHLGPr5zWtjDEw2EVxQ8oLrXLtMZmjPX6n,pumpswap,1790156899,0.000003895,4067.28,3693,3693,0,0,3.09,82.65,0,0,0,0,1,2,1,6,,,-3.98,-5.7,0,1,1,1,,,,,,,,,,,
1790805019,HdNtXFrxa4brPCZneezgQjKVFXMEirtuHCrLPBUcpump,CAGRIPPA,HxKhjAZjXujvGLrZwShSToYfQYqYLj2a6gqKpsSgVbB8,pumpswap,1790157916,0.000002589,2847.93,2509,2509,0,0,0,0.69,0,0,0,0,0,0,0,1,,,,,0,0,0,1,,,,,,,,,,,
1790805011,2M84VE4DWD4GkrURatcWJXy4r1pZDLJS7EDto2q8vW3B,TENDIES,GrPygTjRJtrk7c4XEAKe4mAzNxxDTsdS9dGaY4QG6Jnk,raydium,1790093742,0.00007356,24542.72,73568,73568,0,0,0,585.98,0,0,0,0,0,0,5,5,,,,3.91,0,2,1,1,CPMM,,,,,,,,,,
1790805019,QrevJp2pxTYFe39SiZfGJ3koUffLtuSNdxLf2ymV8Y5,metball,uYRqVTrLUkFF9tJ4egirDrraQSunAbYfcU4Xsj41QUe,meteora,1790163241,0.000009885,9276.67,7182,7182,0,9.41,22.08,581.97,0,0,1,0,1,3,16,24,,0.6,-1.33,-18.4,0,1,1,1,DYN2,,,,,,,,,,
1790805012,4EXKnYf7at8s5msWqZbjWd7DMvgV222L1dYsttCFpump,LOOONGUY,6XGHRaVxWX9fki46p6DUyMUeiUXpLcZ58Pgp8n1KAodu,pumpswap,1790162901,0.000002556,2854.39,2465,2465,0,0,12.7,15.17,0,0,0,0,2,3,3,9,,,-1.38,-0.67,0,0,0,1,,,,,,,,,,,
1790805013,6tXfZXND9VtrbPUqCrqNM5aUxnofebm3Mp2fhG4ctJXu,FOMOCAT,5mmSjJY22QWHXe5ZnrjjbPht4uNw64cj9kvW7msCSSci,pumpswap,1790259649,0.000003096,3004.25,2803,2803,0,0,0.67,16.13,0,0,0,0,0,1,3,4,,,0.65,-1.2,0,0,2,1,,,,,,,,,,,
1790805019,J6pQQ3FAcJQeWPPGppWRb4nM8jU3wLyYbRrLh7feMfvd,2Z,5Guq7ooZFtNju48kVNRzCVJmE9erW4DPcTQyrAk3z4UE,raydium,1776967399,0.05843,951389.85,584356417,298757070,3334.62,14616.23,184416.52,637881.55,22,24,163,149,1581,1690,6722,6415,-0.53,-0.91,-8.38,-10.48,0,1,2,1,CLMM,,,,,,,,,,
1790805017,DhZVrg8FzKsed6DYVYpHFZ8fNAhnwsYD7e1GtqWTRpkc,PAPU,C3pTiNkkexcws24hE59rz5QeU7eC55EM3pso7HtAL1if,pumpswap,1790185262,0.00001236,9868.16,11882,11882,0,35.99,252.01,1206.92,0,0,4,0,4,2,22,15,,0.39,-0.52,4.65,0,1,1,1,,,,,,,,,,,
1790805012,3JJU6j1X6gU7aDMo8DX3zDue1wDV2kjvoTRhmcFWSVvA,BURNT,9wE65t4zH59FsJAJ8ocUh1CJbTyTvi3xSSurpw61kM9V,raydium,1790184572,0.000004181,3465.16,4097,4097,0,0,80.55,577.97,0,0,0,0,1,5,7,30,,,-18.31,-21.67,0,1,1,1,CPMM,,,,,,,,,,
1790805019,MadVLQYW7VUzfMdMDHuS3UVgJSNUQGwvobYgYZxpqp6,MADVULT,Csz1UvDq9YkEcsJJQhMLwkMVyos3MZHmdPYhsrvcixka,pumpswap,1790183971,0.000002965,3623.13,2929,2929,0,0,0.04,7.52,0,0,0,0,0,1,2,4,,,1.58,1.45,0,1,2,1,,,,,,,,,,,
1790805019,HhXe2PbtXQHzZ5Ch46MBXf7rEbMgnYsCGaEhktyKGZNT,SCHLONG,4RgV4wZLiv64QZjrtLswS5Abr44p6E4m3mrC5sfjtt3P,raydium,1790184649,0.000004102,6010.53,4102,4102,0,0,279.29,395.73,0,0,0,0,8,10,12,16,,,2.36,-0.98,0,1,1,1,CPMM,,,,,,,,,,
1790805016,Bf6NdK15im7f3o4zd6uWu6YRLrZyEnJ8Fq2uo2dbpump,meme,HdFiTE4oaZT4zF134QRricXfUp9BdveUiEBEsCNCRWbR,pumpswap,1790201875,0.000002657,2658.53,2423,2423,0,0,0,2.56,0,0,0,0,0,0,0,2,,,,1,0,1,1,1,,,,,,,,,,,
1790805018,G8TTWtBR6AqxzMC8nSwdVt7NCUDGvqjUEWRr5SXdpump,SCANNY,HDtqwX8psdRRcDiD6aGv9GCbJ4bUucFjFunCKvMbrSQC,pumpswap,1790201643,0.000003286,3456.38,3196,3196,0,0,5.07,41.8,0,0,0,0,1,1,1,6,,,-0.28,-2.24,0,1,1,1,,,,,,,,,,,
1790805011,27XVtvjVVwBgZKDfBQfQ3L8TvWvBWCDYL7vBnFtjbdLc,PURRP,25PvsPm2Tm9DrgE9FqJn3yZT9RtYCrPYBsKaCsDPy2RA,raydium,1790196712,0.0005168,67642.71,516804,516804,454.83,1710.55,52522.28,138094.27,2,4,5,14,136,136,350,348,-0.47,-1.39,30.39,25.7,0,0,1,1,CPMM,,,,,,,,,,
1790805012,4mS5JinFf5f1GCr5K2MRLgQiu95ifd4X763Uhj2Ypump,UDR,E3fvyZyvr3pbhvgHTNXxbnu7Uvr9KG3wUY9TWijSv1kN,pumpswap,1790194019,0.006412,232520.61,6399732,6399732,3140.92,63721.59,414467.53,1268102.57,23,17,398,252,3175,1937,9675,5541,-1.35,-8.14,-19.48,52.78,0,0,0,1,,,,,,,,,,,
1790805019,HSUMi4rMgjrx7zRUabw3ogGu1pa5hmF2eVcXj9Apump,goon,9PYormkWiWYAALGWkNNBjSEqKk79HPoRaLgQhMfY4fuv,pumpswap,1790202863,0.0001110,39226.96,108480,108480,297.01,2033.14,31168.88,123605,1,1,10,16,213,171,907,688,2.33,10.17,-29.62,-9.97,0,1,2,1,,,,,,,,,,,
1790805015,A2rzoxEZpjRWeXsQUSsCqoQ3VhD52947HVFUdMWvUSfW,Abu,BVpf21otVkxfwUEZwsERwGZXcaRcW8J4fVEV1Ln1ECpN,pumpswap,1790221565,0.000003125,3052.26,2987,2987,0,0,0,36.54,0,0,0,0,0,0,1,3,,,,-1.35,0,1,1,1,,,,,,,,,,,
1790805013,6TcFqnzyxFE6bZPqNL7MimUsvggheDQrjwKUhGUKJFXY,Rufo,Bzun9z1nwRr4pcDA51MGkA3YqzhB5TDonprxRBG7ALpe,pumpswap,1790218653,0.00001079,8571.48,10015,10015,0,216.3,667.58,3906.98,0,0,7,1,10,7,38,46,,7.89,-4.94,-19.69,0,0,0,1,,,,,,,,,,,
1790805011,1gWWhs7qrd9sBHwppQdMU2h2fTnnyoCYCSuVjFBpump,DOGY,9jAaCVm6wcnGmqFNhmYEdzL9YCsJB6psK1iFNT68xziq,pumpswap,1790273862,0.000003529,3446.7,3373,3373,0,0,137.75,409.88,0,0,0,0,2,5,4,12,,,-12.73,-19.99,0,0,2,1,,,,,,,,,,,
1790805018,G59zeXWwXMw2bb6UJD1ceELXRhNkLXHkYrtBYBV5agnt,.agent,Ac9V1XvCdyF7oreiHhQjZDwT1zy8kGKnhAcwk2U3kAvC,pumpswap,1790244859,0.000004570,4617.9,4342,4342,0,0,62.31,159.95,0,0,0,0,0,4,3,16,,,-5.52,-9.03,0,1,1,1,,,,,,,,,,,
1790805015,AB6GPhv1N39418hYjCqAqnffT7Je4mrXRDjBXtu6pump,BOARDCAT,3TzFDYQXukxhyQbCHHTr74SRpGSNXa22B6bTV9J4FpET,pumpswap,1790263398,0.000002970,3321.6,2928,2928,2.62,20.26,141.24,281.31,4,0,21,6,135,69,235,146,0.18,1.97,4.69,5.03,0,1,1,1,,,,,,,,,,,
1790805014,7vj29b4sM8EGX9VDuY95NjgskWC8FML2zu5np2bR9xB6,HTTPS,Dj4kD5dd51Y6qvFCkRwRUVxALMCG3mFoRpy6WjGN581f,raydium,1790262623,0.000002205,3814.24,2206,2206,0,0,3.98,24.73,0,0,0,0,1,1,2,1,,,2.11,2.11,0,1,1,1,CPMM,,,,,,,,,,
1790805017,D3EZngMsHrHY6aUZyoRW7feeAFHKhLHc5SVYq47hQbga,OHMINU,GzEWPTFCYwpDEYyXD3Ziv7uLYXt42279Wmy4hh78nASN,pumpswap,1790350499,0.000002774,2726.32,2641,2641,0.09,5.22,52.8,99.22,1,0,5,5,32,24,56,44,1.32,0.94,-2.25,0.67,0,0,2,1,,,,,,,,,,,
1790805013,6YqakuvZZ26Svz5SGtCV4yWymwyp1NM4M1DgBX7svRpC,MACCA,7xzqbtmk6HK1yAsjemfo7PyvfEqXsUn5wwXemr2G984f,raydium,1790262334,0.00009284,31199.82,92841,92841,0,132.86,5809.89,29663.94,0,0,0,2,31,83,125,199,,-1.68,-19.78,36.88,0,1,1,1,CPMM,,,,,,,,,,
1790805019,HiiRvVQmdETji3hRJArjJr6QxLKryYHKkREXrDEwNa4E,LIQUINU,4urS7v33AaAcxWJuc5JcPkkc1NzHPg9FDQxEmZvDrgTe,raydium,1790271305,0.0001482,33776.26,148286,148286,71.03,764.4,7583.41,14383.34,0,1,3,8,27,30,67,63,0.16,1.86,-0.05,5.68,0,1,1,1,CPMM,,,,,,,,,,
1790805019,hGq6x3FwjMcNYX9WitsSRph2nnaoA6KuN7HPk9FMpad,fomo,7ScKdre83kTjKRtxBk7PSs7VC32JTJtKFgf1hDrh6ycp,meteora,1790288454,0.000002558,4903.22,2555,2555,0,0,0,1.25,0,0,0,0,0,0,1,3,,,,0.32,0,1,1,1,DYN2,,,,,,,,,,
1790805012,4dtNo5GHzbQTU39fykpy55NuLaWyVSpB3HQ8UdUbCwxn,UI,F6DMJtuSqWP6nx8NA4Xat8obzPTFFYyBwuE6CF4PFZLA,raydium,1790286040,0.00004404,18386.24,44041,44041,0,0,246.39,864.54,0,0,0,0,1,9,7,16,,,-6.05,-19.42,0,1,1,1,CPMM,,,,,,,,,,
1790805016,B2JBQ98ZARAABHvDmhjrkviz1XzoQrXr75G7RTFQpump,LASTDITCH,CagyRzTfkTkZ2VQ6fNqKdbWqk5Cj6fEfpSgraKNf8ayT,pumpswap,1790288303,0.000004022,3721.03,3785,3785,0,0,0,241.28,0,0,0,0,0,0,1,2,,,,-3.08,0,0,2,1,,,,,,,,,,,
1790805014,7c67PJmH6xVEQtnPRBhD4qVkzdKqn6j1xPfgokchjpo7,Xi,5cUdDWFPB2xLQg4nbW2sZsvJ4VBujeeuMPRsBQbVh6oR,pumpswap,1790287611,0.000002662,2791.33,2584,2584,0,0,0.97,0.97,0,0,0,0,0,1,0,1,,,,,0,0,0,1,,,,,,,,,,,
1790805013,5RUrbAftnTBptroKfpiJKyGF5v7aGsX9zYzNjSXjpump,Ecat,9mCj2UKnVdZ5XQS2ggxaSQKRBquVhC1Gbd45FEUz1qzB,pumpswap,1790352592,0.000002500,2495.85,2406,2406,0,0,0,42.46,0,0,0,0,0,0,0,2,,,,-3.01,0,1,1,1,,,,,,,,,,,
1790805014,7Da5hXJsQgmPsmFyRRmXrVKJUyNh5i79sqDFLUak6v8n,Income,8kGyw2YvPe1MTKBzT86pAyfsQ2WdA92qDPsAT85GQxse,pumpswap,1790350616,0.000007301,6561.49,6942,6942,0,0,3.47,477.86,0,0,0,0,1,0,12,10,,,2.31,16.71,0,0,1,1,,,,,,,,,,,
1790805015,Aamxs1dJieNfP45XubXLVpijQma1nZBj7h33yNb6eon,EON,8J2rxEkMLWs3ydMK4iLytBBopx346ZegMab49K2W5bQV,raydium,1790372272,0.000009336,10854.95,9337,9337,0,0,24.39,52.33,0,0,0,0,0,4,0,8,,,-0.45,-1.43,0,2,2,1,CPMM,,,,,,,,,,
1790805017,EFv1JzU84iHk8j6EkdBmd9ACgoV77GUhh2xJqNdFpump,MEMECARDS,3kSeomZ3FTSnqNEgWyMpzFHWcVMR4Y6n8nSh5vKc6cV1,pumpswap,1790404649,0.000004287,4296.45,4134,4134,0,1.69,28.22,108.92,0,0,4,4,27,19,38,41,,3.74,9.1,1.63,0,1,1,1,,,,,,,,,,,
1790805012,3Ugvzc5xPZsFjgyQHKh7Pj5MMvUnPG2gpYdvQTk8pump,MUSKPEPE,2fA1X6w8sApfHCSnCdg6BsZ1VBaT8rVSZqUppsbDs7iW,pumpswap,1790401266,0.000002575,2907.92,2493,2493,0,0,0,4.74,0,0,0,0,0,0,1,5,,,,-0.39,0,1,1,1,,,,,,,,,,,
1790805018,H6bdwt34zKNGmhUNa8xkEQWMVR4nj5Ncw13RCbH7moNr,ANTIFUND,ECUqb3RgHWhEaBe3UeUgVRw8vRnWdNnvbVimTpE5aQ1u,pumpswap,1790390123,0.000003927,4053.32,3820,3820,0,0,0,377.9,0,0,0,0,0,0,2,7,,,,-17.24,0,0,0,1,,,,,,,,,,,
1790805012,3pVv9iav75CfaVb2YFLtX1ijYDXSEPLmweWxUYp8q8nG,STEVEWILLDOIT,6VjSkPCGpTE5RYXgJv5Hs5FD9c2Lk9B9QHSaVjw8kqbE,pumpswap,1790389345,0.00001683,11963.48,16497,16497,0,34.42,1476.18,11692.07,0,0,4,2,21,22,154,155,,-5.53,-14.09,-43.79,0,1,1,1,,,,,,,,,,,
1790805014,8JoJT3v6DftAyPyNvcQMAaDBQnbU3NxbRkatihBXpump,Jeanjak,AiyzqgEN2z7mZbVdW4a5RUBgQegjjXs2HshkG87LoV5w,pumpswap,1790417168,0.000002540,2805.34,2482,2482,0,0,0.05,0.05,0,0,0,0,0,1,0,2,,,0.57,0.57,0,1,1,1,,,,,,,,,,,
1790805018,GKaWJkSUgraALkF5GaCNpomH9ed3Vz6xnKR62WFkpump,T/ACC,iZCdZPhN6bxeZ5JuMTyzXa5me6ZEkCmZgStnYhcFpm8,pumpswap,1790431766,0.000004712,4188.31,4502,4502,0,119.18,268.57,853.89,0,0,4,0,10,1,17,7,,8.93,18.97,27.07,0,1,1,1,,,,,,,,,,,
1790805016,BmP71ELowgA534tLn6EWfivamA4f4mcv85LPmEGPNPAY,PAY,7HvEziZejHNGPDx4AMMyxDdEQUa4mWDwKDFCDDG7aGkJ,pumpswap,1790417225,0.000002716,2885.67,2664,2664,0,0,1.69,26.85,0,0,0,0,0,3,2,15,,,-0.87,-2.55,0,1,1,1,,,,,,,,,,,
1790805011,2nJpGnrkX6pDPstr4JELcWnGsjiN57vajfR89iZkpump,MUNKIEAI,ENCjfNPwv94kmzc483qmA6GQwMDrQrCbhpSknGgWD9Zt,pumpswap,1790414827,0.0003177,54419.44,314490,314490,0,6.94,153.59,3310.57,0,0,3,1,11,10,24,27,,-1.09,-0.33,-2.26,0,1,0,1,,,,,,,,,,,
1790805016,CQ1v3S8nCbEqHtamChaF7gjExawo5TwgHXDL4rkgpump,fomoapple,3zDD16VLaPj38oQYJkPifzV2GjiGAhwkBKruQCX4bY3E,pumpswap,1790417899,0.000003065,3002.42,2539,2539,0,0,0.37,2.64,0,0,0,0,0,1,0,3,,,1.1,11.74,0,0,0,1,,,,,,,,,,,
1790805017,EcwFm5TJ3zuBXnsT6DngXMAMfsfELhwGc9JFgeVWpump,woj/acc,DdJqRCiWKL7E7LjbAXTicxoWsEufZ6tyzjSK26QbetYm,pumpswap,1790417252,0.000003082,3689.08,2973,2973,0,0,0.53,2.37,0,0,0,1,0,4,1,25,,-0.87,-1.1,-1.01,0,0,0,1,,,,,,,,,,,
1790805019,HvTe8XR5riVcZnfwMRpxtVBTXBKMdy6tkSeJqhPapump,CASH/ACC,9LisFKMsoMoW9p29DKo2rVUMLGQ6c36k3u3QV6Hny9Lt,pumpswap,1790444404,0.000002458,2494.05,2274,2274,0,0,0,1.46,0,0,0,0,0,0,0,4,,,,-1.41,0,0,0,1,,,,,,,,,,,
1790805017,DHzjVpsQPzcZP7ugHTD4N9yNHRvSB6NGVQinawRwpump,Mr Beast,679n7pNezPawzgQbNrYLiqjqWUa9oksYWX4VSAQKwuqu,pumpswap,1790443995,0.000002673,2662.29,2662,2662,0,0,0,223.07,0,0,0,0,0,0,0,1,,,,,0,0,0,1,,,,,,,,,,,
1790805014,7amYuaF1XF2mMvRrsnGrbanQgUT2wJxSgrBuTmt1pump,CopiumCat,8iFiCyv6stFFKMeXJnZdSf9QMaz48PwPZu3tmU7Wge7U,pumpswap,1790460165,0.00001884,10538.07,18350,18350,0,305.87,7106.55,12623.31,0,0,9,10,206,88,399,211,,-5.77,0.81,23.72,0,1,1,1,,,,,,,,,,,
1790805017,EbTid14ggLpp6C7kjCmh6hmE9m7yMDTfVuSLC77Bpump,COMPUTE,45jzscfQhA6ykbSgkAvfocSy2vzfSU5uJJLmyQaQebZC,pumpswap,1790460485,0.000002650,2646.59,2498,2498,0,0,0,4.32,0,0,0,0,0,0,0,1,,,,,0,1,1,1,,,,,,,,,,,
1790805018,G6vNKu5xhB2RN7tK6HXRPTG5pYgy5nc6CEnWqPuG2edn,WOOLLY,8DY32U41qDx6rGj1zDkPzwL2FZi34j6wQANc27N75mKb,pumpswap,1790459555,0.000003621,3636.18,3451,3451,0,86.73,233.45,337.04,0,0,0,2,0,5,1,21,,-9.73,-15.07,-20.14,0,1,1,1,,,,,,,,,,,
1790805015,99WxCfiVSpFKpALnFhhT7uh1YKjjsQztLkRvGrDUPeng,PCAT,CdzePwJzsrKEShtVeDq8xMvfUK6j1Gsw35WjDp2XNhFX,pumpswap,1790531862,0.000003370,3217.26,3193,3193,0,21.01,139.77,311.14,0,0,20,15,156,89,221,140,,-0.8,0.96,6.18,0,0,2,1,,,,,,,,,,,
1790805011,14kH2osUyEJnqBZ7yFK4pLKJGuPZU4pr1enhi2ZLEmRw,DRU,4X3wyYcGk6GzVR8nmsfXeZcGniAehAE7yPiTALoUfRAy,pumpswap,1790455242,0.000006857,5626.82,6700,6700,0,53.58,989.62,1284.96,0,0,0,1,8,11,19,25,,-1.51,1.41,-4.48,0,1,1,1,,,,,,,,,,,
1790805013,6dJiJzkJ8XMYH7c1xh1SyPS1Njy4w9Ek9F6UcmnFpump,alon/acc,EJdS7cxmMyPW65JbfCSrky9ouJxgf9Xuab9aA1byJdCR,pumpswap,1790460939,0.000002652,2668.13,2379,2379,0,0,0,1.04,0,0,0,0,0,0,0,3,,,,17.04,0,0,0,1,,,,,,,,,,,
1790805012,4ecSqqdPi5DZ5wpajg5kVUGDU13rjr19weBHLz2Kpump,RELOAD,AZvuEGCYsqAmezK9MxryDME5oVVu28Zqa6PUkLdt42P8,pumpswap,1790459710,0.000003207,3428.27,2991,2991,0,0,11.96,32.98,0,0,0,0,1,1,1,18,,,0.13,-1.29,0,0,0,1,,,,,,,,,,,
1790805014,87pa2UbBB2dhD4b7CHDPHzzKjrdrUtEcBHueXnVz6CJp,JIZZCOIN,BZq5dv5SD9R8UyFHFXtJLt6q3qHjAVVMHh4VFAQf1qa1,raydium,1790116937,0.000008307,8837.24,8307,8307,0,242.68,805.14,7763.77,0,0,0,1,2,11,42,62,,-10.37,-24.29,-51.88,0,1,1,1,CPMM,,,,,,,,,,
1790805015,Ab6CVmhqD3x1bvMZBnjJBJqeTLMm7tAapcZwSU6apump,MPAID,5DKFn27xzpiWQBoauSkWsw115SyMFFkbDNVHDGSXNHJ5,pumpswap,1790486873,0.000004794,6870.86,4685,4685,0,0,2.58,100.82,0,0,0,1,0,4,1,24,,-0.59,-0.97,-3.96,0,1,1,1,,,,,,,,,,,
1790805019,XZCXQ7R97MTA5VSqDsfjpRS3JMtE7VpbgbAZEyZpaid,REPLIGATE,2yddqh43Qu3dK38JC5pHdDu6o5UUbrPmKG2u8WbjwyWc,pumpswap,1790503765,0.000003016,3039.99,2899,2899,0,0,1.35,11.93,0,0,0,0,0,2,1,5,,,-2.93,-2.35,0,1,1,1,,,,,,,,,,,
1790805013,637zoF2cB4QpQUoCsxyiK9AZcRYAaZz1w2pthgjycb4,AQUAMAN,HMmL9wCmAFRs2C5Sa5nggMbnSdNHsuKjiWjbv3iSHw6Q,orca,1790237405,0.000006481,5635.38,6481,6481,0,0,296.55,1098.02,0,0,0,0,2,6,20,31,,,22.29,38.03,0,0,1,1,wp,,,,,,,,,,
1790805016,BJp2yEbtkc8BDXTS6nMwgy7FSS2U4oJdc5Jb23Hypump,eff/dash,5WMfDqSSVKD8xKXtd26pZgutXip5DzCMpuZtNckdK49K,pumpswap,1790508648,0.000002743,3208.04,2676,2676,0,0,0,0.01,0,0,0,0,0,0,0,2,,,,2.33,0,0,0,1,,,,,,,,,,,
1790805012,4Sbqpaa1pvn7RibuKc6caNJ77tjcQC9WuxHRnzdSpump,BOARD,EXiFdYnwHEZ38rRZ68X8T81BVgFHc9kuYc7cd5eq4JEQ,pumpswap,1790530995,0.000003912,3892.93,3803,3803,0,0,0.36,9620.25,0,0,0,0,1,1,219,143,,,52.52,-93.3,0,1,2,1,,,,,,,,,,,
1790805016,B2kipu1WYBPBDQrCX5yv9p7dhjhG1FwwnxBjUDhSkbdG,RAMP,GN5bbAjNeQUpQQiebWmuMwxFarg11UaajHHNc4eoQqXH,pumpswap,1790529919,0.00001586,10807.9,15463,15463,0,82.82,1918.8,8167.78,0,0,4,6,25,27,90,100,,-0.71,9.61,69.5,0,1,1,1,,,,,,,,,,,
1790805017,Dxz3LSztqekB38wLNZSJuASLDXouphBnUkZnrrj6t7it,TITCOIN,Ai7VCpXLCSuQPiNuaPhSqjwSzELKH1G8b1GbrwsRAeve,pumpswap,1790531859,0.000003098,3010.23,2904,2904,0,0,2222.1,2228.05,0,0,0,0,24,15,24,19,,,21.24,20.48,0,1,1,1,,,,,,,,,,,
1790805014,76R3Mbb3w66VQg7u7tQHoCMqq6QofD59bncoZKnpump,NTDA,3rEMJwD6wgpgQyubwhGDj5sBhLBzeJRbCsjBbczwM4Aq,pumpswap,1790526052,0.01541,357712.58,15404681,15404681,792.09,9796.25,57263.46,217661.44,14,10,168,115,1027,692,4159,2755,-0.47,1.55,-0.8,10.52,0,0,0,1,,,,,,,,,,,
1790805019,HTKyJy9CVRkexzedUwUHVU8G2r5PN2qRWPVd9WmGpump,:),FDVHKvcgkhwGYTmVvREuZ8Rb48JMJjnoWMLhhbm1WLqP,pumpswap,1790547466,0.000002517,2515.38,2367,2367,0,0,1.36,12.46,0,0,0,0,0,1,0,2,,,-0.81,-0.81,0,0,1,1,,,,,,,,,,,
1790805013,6KqbfB3zL5SockYzfNAFHrTQ9429RZaRPPmQif68U2Hq,VBUCKS,ChvAn5p472Ugr9Bnq3158SX68zaikXcXPE8VmpfqkfJR,pumpswap,1790546490,0.000004285,4309.58,4223,4223,0,0,0,248.63,0,0,0,0,0,0,7,17,,,,7.22,0,1,1,1,,,,,,,,,,,
1790805018,FJGWEmtCEtvyviC8w86twWNiTcXwn7YiAoHmJgxWpump,wiffomo,EWgX3RebidhrzcMattsrNuqnMqzynTr6J3jxshU1YUgu,pumpswap,1790546183,0.000003388,4355.36,3270,3270,0,0,8.07,18.46,0,0,0,0,0,4,1,11,,,-1.95,-0.71,0,1,1,1,,,,,,,,,,,
1790805012,3RNy7erxjwGRRYvM6KzVKVtuFnNSpkQFwwiHhUH26xoa,PKMN50,8X65G996GZAiUeuH6A9hJxJWaSzoAcez5aX98wD1NqFT,pumpswap,1790544931,0.00001491,9681.24,14550,14550,0,580.28,4477.1,28330.33,0,0,6,7,59,49,299,296,,-7.58,-37.17,-52.45,0,1,1,1,,,,,,,,,,,
1790805017,CyovMnzMaKGApYsnm55d8rNWhEkskPSidKswnhgzMkGm,BYTE,EaBZLEBQXbbzUyPxpE4Uev7sh6xQTz2NdmJdQ4NqaXx3,raydium,1790568510,0.000007046,8673.77,7046,7046,0,294.7,579.1,8515.94,0,0,3,1,25,15,83,86,,4.27,-3.48,-54.34,0,1,1,1,CPMM,,,,,,,,,,
1790805014,7SFUQhwC9qpPXtxN3vwHkPwMUCd99BvCYtmWCsemqAsp,BYTE,6Cv1PwZQWGUHm65Dafm7bf9QERDtzte9A3qz75gtgCKC,raydium,1790568813,0.000002341,4531.95,2341,2341,0,0,0,9.97,0,0,0,0,0,0,0,3,,,,-0.83,0,1,1,1,CPMM,,,,,,,,,,
1790805016,CGfVJX4D35wE8kviKKE1XyKU9EHRXe4Zsw3R55ABpump,hippo/acc,GCCQkq5YiqxqBrdQaBi83rrHSHEEex5YAaTF3rsCp6xE,pumpswap,1790566804,0.000006454,7829.62,6213,6213,0,0,4.67,46.85,0,0,0,0,0,2,3,9,,,-2.03,-3.17,0,1,1,1,,,,,,,,,,,
1790805016,AjxqTiS6TnK75xG6pWAMJgNQuhkip3LzN36uy2wBbwmH,CLAUDECHAN,7ckTVPGFmFW7kmV814GLcVDZj5wVwnnGfb6tEBvgLgDz,raydium,1790549647,0.00001395,11959.99,13959,13959,3.94,191.77,1179.41,36332.83,0,1,5,5,15,30,271,264,-0.21,6.97,-12.52,-28.87,0,0,1,1,CPMM,,,,,,,,,,
1790805019,XrR9rqzFCBEcYoeyKrHV2uYFmEkwPCh6cxB3KuPCGd5,KOKOS,7RngyNPVmrZjCm34HksS5t7v2Uuq1APm5ELxNAJPQbng,pumpswap,1790554764,0.000004317,4113.32,4193,4193,0,12.95,75.07,1079.12,0,0,1,1,1,6,8,27,,-0.07,-5.68,-40.83,0,1,2,1,,,,,,,,,,,
1790805018,Fr4a6ZvEh6En6enWPjhDNeittzeN7J94HDpTdja2pump,SP,H1PRqDadyz1L1i26oHCDUDipb6tmX1a7YpAZv3LZJ9Qa,pumpswap,1790619892,0.000004723,4634.23,4340,4340,0,11.77,216.96,388.55,0,0,7,6,104,57,164,98,,1.38,15.03,10.52,0,0,1,1,,,,,,,,,,,
1790805015,9hvub8ZabGxr2AiJprc65tP92fe2cx6mhwyUemrYpump,PSYCHO,DturxZvx5BYJBNYWzmeUUzDgmDs3NvL54BcpAR17y2cJ,pumpswap,1790617328,0.000002665,2646.76,2530,2530,0,0,0.14,9.72,0,0,0,1,0,2,1,8,,-1.65,-0.83,-1.45,0,1,1,1,,,,,,,,,,,
1790805013,5HpB4gU9M7xtHC2fLK1FXP7UuDQUvJTRD6guwPKPJUGi,BLUB,3x7tLbTjGFakK6MiTEeyUiRhqLejsDJoaUz1kYvrnj45,raydium,1790448559,0.00004019,19395.21,40198,40198,62.39,2035.43,81258.42,92557.49,0,1,11,9,442,374,553,500,-1.29,-12.12,71.34,57.07,0,1,1,1,CPMM,,,,,,,,,,
1790805017,E81zpDGE1e2RhmLqGXfZL5TMje1nm6Sd9r5KGrsepump,DSWAMP,GBxzcecgtW5S4Qb95DTDYCUbZ5EqW2SCWPLm4PFj6Bx3,pumpswap,1790616387,0.000002712,3073.53,2639,2639,0,0,0,28.78,0,0,0,0,0,0,2,9,,,,-0.26,0,1,1,1,,,,,,,,,,,
1790805016,CCU9jkaWPRjdsKuTRJa7gJZ22Qf1gXSZQiDV69JNG5W3,STUPIDINU,FtjiLNx6fzXPDWaQ1sreHsqcKqU2eadmpaNv7at2ZTas,raydium,1790616279,0.00001504,17817.22,15042,15042,0,293.09,11224.21,37573.82,0,0,6,13,108,98,419,365,,-6.09,-8.41,-22.03,0,0,0,1,CPMM,,,,,,,,,,
1790805016,BgdmnYfBc5xj8akTewzX28DPNfBqgkkKSaAE6KxqfTYu,CANARY,6jsP1zXvBMKAux5aceJ635S1BwctHvTFDSaG9NcutCvV,raydium,1790615230,0.000004948,6440.85,4948,4948,0,4.89,400.52,1530.03,0,0,1,0,1,8,14,22,,0.3,-22.89,-31.31,0,0,1,1,CPMM,,,,,,,,,,
1790805017,CqUZ8nFCzqrfNmU7GK9BZroCFWnhRpygdUoiYJxmrpad,xmrpad,6BHjuEAwRfHZvrkhdjRapZa6HzyNHWQu6yysfq9LTvXt,pumpswap,1790635445,0.000003326,3272.45,3194,3194,0,0,19.9,59.49,0,0,0,0,1,2,3,12,,,-2.53,-3.65,0,1,1,1,,,,,,,,,,,
1790805014,7dbey6My9ksrNqcRbfwEkMBT98L1PYqke3FhQcv9pump,Coinlator,H2nyraVU5zwYnRVv6jnkLu5UXtDeugUUanU6iSqpezLs,pumpswap,1790633126,0.000003244,3453.1,3172,3172,0,0,11.64,62.25,0,0,0,0,2,4,3,17,,,-1.33,-1.9,0,0,0,1,,,,,,,,,,,
1790805012,4JUv66RqP9ed78ajpNpuTbC1rGGgQwBwei4agQtGanTb,Loomer,EfYLFXSxuWQHidNBYvVR6thkgYENeDpRy8P9JGYHfBPX,pumpswap,1790632327,0.000007255,6520.02,6976,6976,0,2.15,883.93,18070.55,0,0,1,1,18,23,249,252,,-0.02,36.8,-57.9,0,0,1,1,,,,,,,,,,,
1790805012,3RWZTDUyhdksQdtCB4wpZH9Qj2rStinhABJUpheopump,FOGLARE,4JpaBLo4V7nDXhq9W4DEcWimAnF4QcpFWYYunRYK4cVD,pumpswap,1790633801,0.000002396,2463.22,2250,2250,0,0,0,0,0,0,0,0,0,3,0,6,,,-0.57,-1.24,0,0,0,1,,,,,,,,,,,
1790805018,F3Zby78AF4Src89xa35JXNyGDbW6w5gL2sqHdi1Apump,RUNE,EC3Hrg7TnTLAbcKzueLsFontzTeckNrcCihMrfR3uUZh,pumpswap,1790646319,0.000002558,2558.76,2465,2465,0,0,0,37.89,0,0,0,0,0,0,0,2,,,,-1.7,0,1,1,1,,,,,,,,,,,
1790805012,367vwbRPVi2vgEZqdEwEoMYNo5ESdypuznPT3isdpump,CASHED,6huJftiwUiC9xubhBWEFEdjrs5TcWqsA7Tvcjuke2tow,pumpswap,1790648206,0.000004128,3985.23,3730,3730,0,79.91,9708.02,13717.15,0,0,0,3,63,66,97,151,,-5.54,-16.87,-50.2,0,1,1,1,,,,,,,,,,,
1790805013,5yivTC18j3ZTzFZF4RHRWBzqgPPMN5vuEkv77GPEXgqg,7,V3wjFWp7UFyER8R8KrYhBCjmj68iLN6FQfw6cGtZEX4,pumpfun,1790648189,0.000008398,,8398.35,8398.35,219.98,1050.66,6358.63,60901.69,5,0,14,9,69,78,608,510,8.19,-4.76,-45.65,-45.82,0,0,0,1,,,,,,,,,,,
1790805011,2n3bPZcfbcUNgaP6Ktw8E1wYoycAhuR1sSHa7uB6pump,INKCHAN,GBUcs66x8VfE6iKLXEs1hmh8a19g1dGQ6kLutQfZm9aA,pumpswap,1790647211,0.000002304,2506.91,2275,2275,0,0,0.89,1.22,0,0,0,0,0,2,0,4,,,-1.26,-0.86,0,1,1,1,,,,,,,,,,,
1790805017,CvjqxqXRVzbMNjzc3HEG9pwYM6SYqmP8Ht3Lvgi1Cdwv,ZSOL,A1VrdeyVDRJo6saWx6YfAF1m96pvhkagPMMgeuTgNQpR,pumpswap,1790655544,0.000002481,2526.47,2408,2408,0,0,2.29,25.19,0,0,0,0,0,2,0,8,,,-0.95,-3.52,0,1,1,1,,,,,,,,,,,
1790805016,Bn8CNWDZK62RHx17Zi9iH2ivAuRpTeTbyRGt1Z9Rpump,PAIDLATER,E9UBQz9zzmncjzBf9Pb9nLpJhhVnMyobF3A5yFHN7DSq,pumpswap,1790661112,0.000002899,3003.96,2723,2723,0,325.27,358.82,1002.21,0,0,0,1,0,2,4,9,,-13.13,-18.26,8.8,0,1,1,1,,,,,,,,,,,
1790805014,7KRkpz1dWtvofPY6m9hbHNdb1mP7tPoNb2NnYYzGYcAL,MI,81Fqik7YgRXnw5YLGB64KLhAMMuqBRZYyCQEapNA2TWX,raydium,1790658732,0.00001333,19683.86,13333,13333,0,24.3,332.85,7216.78,0,0,0,5,1,22,29,102,,-0.1,-4.83,-45.72,0,1,1,1,CPMM,,,,,,,,,,
1790805018,FeTi15LB5PCLhjioeBcJR8p4Xj6izdMztfw3J8nfEZUD,SNEK,GDPx8n8A4vUVDdfYuiN8mFhFTvugJxFqENxfeM59wvwe,raydium,1790662391,0.000002784,4895.53,2784,2784,0,0,0.07,1192.19,0,0,0,0,0,1,7,33,,,0.29,-21.71,0,0,1,1,CPMM,,,,,,,,,,
1790805016,CcAYnECixzDgGegpAqcziUUycTDM8EHGwt8YE1GNpump,bul,8qStRPrGUytMRn4n7TvEMqDo1cTKEaS5Vt5RnkJGnbAc,pumpswap,1790663142,0.000002465,2470.24,2368,2368,0,2.41,88.96,260.96,0,0,0,1,0,4,5,19,,-2.45,-8.5,-13.91,0,0,1,1,,,,,,,,,,,
1790805016,Bn1syAiK8CMiymxCwxearxCYbJQBhmD3JqWKFX6ppump,CURVEJAK,4EHMCYVGyohpsWN3P1CiwYzVDdjF4i65RDUtBog94f5x,pumpswap,1790662734,0.000002389,2541.53,2306,2306,0,0,0,0.19,0,0,0,0,0,2,0,8,,,0.64,-1.2,0,0,0,1,,,,,,,,,,,
1790805013,5SxXkvoY2J4aRLHWpV6VP1gUSVmXrbUE7MYvWaucpump,O,C1GEXb4yfL62w3noSE6xrMZfLiViuGoTvJX15RLB6W7F,pumpswap,1790677207,0.000002616,2695.74,2532,2532,0,0,6.89,39.69,0,0,0,0,1,3,3,15,,,-1.12,-3.16,0,1,1,1,,,,,,,,,,,
1790805013,5BzMG8pmZyjPBFkaPSYZK2qRgTsViMqMWV9SmyDQpump,HODL,7PJu9ddamChGtHAczUqUvmrvUkLqKBEvom2aWEbw5UyP,pumpswap,1790673946,0.000002534,2683.55,2399,2399,0,0,0,5.1,0,0,0,0,0,0,1,5,,,,-0.18,0,1,1,1,,,,,,,,,,,
1790805015,8ggKQ4J1CZCEieP6pKTx6MosipWK8c5qkRQQx5DFpump,STRAIGHT,61uf9wDvk45yqFhW9dud2pm4a5iTrYPmqYn3bFfxX9qi,pumpswap,1790675641,0.000002998,3594.98,2897,2897,0,0.24,4.88,102.27,0,0,0,1,0,7,0,26,,0.36,-2.89,-7.21,0,0,0,1,,,,,,,,,,,
1790805014,84D3VopU3g5qo7jUwzQK4P4BnVPQWr2MzeaRCFkHpump,POND,9Laz2p55TfBxoiDRWZQNU8SKzr9534ZKHW9hmZPDXZ7E,pumpswap,1790676981,0.00008898,29584.66,87762,87762,463.45,6809.29,93908.22,344834.72,2,13,173,122,1109,709,3814,2995,-5.87,-2.06,-38.32,-7.15,0,1,1,1,,,,,,,,,,,
1790805016,ArV7g2VBDHTUvfJTwCPYzzPJRozHbdS94QigVPuFpump,SBC,H5Ltoe8coVa9h4pSutERe8N7QS9qiSa7rg5zJDgF8fMx,pumpswap,1790644726,0.00003658,15613.2,35005,35005,6.86,3638.21,10592.4,57107.55,2,0,27,22,98,74,504,431,0.53,-35.53,-18.4,-11.87,0,1,1,1,,,,,,,,,,,
1790805017,EasZMcawMGdDhAHVhNr5fC8gtMSiFf1tTWrazLMzpump,HONG,Gv8P6HB9FqHkCaqVrLRKrHgKKisjYz1sg4ZjAGuR8S4X,pumpswap,1790689772,0.000002664,2638.98,2449,2449,0,0,0,8.63,0,0,0,0,0,0,1,4,,,,1.05,0,1,1,1,,,,,,,,,,,
1790805014,6zkvGacejiBiF3tzY1kjdQCoMBo4WvH6MeavQq8hqTQq,PAIR,5JGehMTG9crxqF7eTeZFTHTzWcP6zVwnghvjmqVR1vFv,meteora,1790657724,0.004190,117523.25,4190170,4190170,0,0,17.69,42.63,0,0,0,0,2,1,4,3,,,-1.56,-0.47,0,1,0,1,DYN2,,,,,,,,,,
1790805018,H4KUxsEgCp2yDpFvyDuGM5k6XevSKKrrKUxZ3Zr6nyJc,COCKROACH,5d1MwACzebHE96bX8ZN3jQGjwPuBjQF7vcbmmhr5Gskb,pumpswap,1790689191,0.0003583,71958.69,352016,352016,887.61,19417.21,273134.19,1097224.34,9,3,146,101,1308,1026,5777,4810,-3.63,-5.28,-36.08,137,0,0,0,1,,,,,,,,,,,
1790805019,WDUv4yF8QAdb2hFHKPzhswnts5kviUQhqHoTQP3pump,SBI,93eq9TrYKSpQmYwBHdzWwVLEAaiAxFt2ftKr7VDt4RTh,pumpswap,1790699686,0.000003026,2986.78,2903,2903,0,3.06,172.48,3945.24,0,0,1,0,2,10,29,125,,1.73,-13.91,-69.37,0,0,1,1,,,,,,,,,,,
1790805017,DR9923tzvCfKMpa7XxVPaUps9Fx8YfpcVHQHMfgDpump,STUPID,DVkTbWua4ukz1rRxq44NA4xhKX6j7Ero9w1doWySK89K,pumpswap,1790696267,0.000003074,3056.53,3002,3002,0.99,10.99,113.22,490.49,0,1,16,8,97,51,15002,13833,-1.33,-1.2,4.39,3.75,0,0,1,1,,,,,,,,,,,
1790805016,BoPs4t7zX6pSiJBRgovVGgR92RaN2oA7EVMckz3dJzo2,TSUKI,MNpaNs7osLgDhGLk18CHd8MQvYW9ZewwGJLiQxy3AQy,pumpswap,1790696963,0.000002384,2412.71,2267,2267,0,0,0.39,105.5,0,0,0,0,0,1,1,12,,,-2.99,-7.84,0,1,1,1,,,,,,,,,,,
1790805012,4JYBzbPL9ACRhdhesGfqkodKCuLkx3rm3Pg97Kdppump,FOOT,6AsngN7q8AmDBdGcmWvPDdGQzwULhKxrNvRUTwXCXxjH,pumpswap,1790696407,0.000002537,2571.35,2450,2450,0,0,15.06,359.1,0,0,0,0,1,8,4,34,,,-5.6,-8.88,0,0,0,1,,,,,,,,,,,
1790805019,HDHj1e23LPU4uXJHSYC26So5VkG6yGEEho3kfHZVpump,LOADPAD,DFoRjfEdmJk43ZhSqjW1kjpiHCD5gFASWCaKijMFdhk9,pumpswap,1790696718,0.000002306,2313.27,2199,2199,0,0,0,2.58,0,0,0,0,0,0,0,1,,,,,0,0,0,1,,,,,,,,,,,
1790805012,4ioYUvNC89Ygp5gd2xu3WYbwPhczFQKwz8bjtwTXpons,BETA,GNzAZtCK44MKk3Z6cFRyPRTjEP8Y8e2BVcQMipz37EpS,pumpswap,1790690948,0.000008891,6797.95,8422,8422,0,2377.43,13184.08,47371.26,0,0,30,22,134,108,539,531,,1.15,-17.83,16.48,0,1,1,1,,,,,,,,,,,
1790805011,26QftJYy746GCx6wnV8vMkJRErCtyhChM8hBxY6Hpump,NYAN,79KbbTrCHft9rm81J6fQa53q7GwkiJ3rCk7rsz4oXnHF,pumpswap,1790783455,0.000003274,3141.78,2977,2977,1.05,11.11,16914.77,16914.77,0,1,0,2,179,240,179,240,-0.49,-2.08,-93.31,-93.31,0,0,2,1,,,,,,,,,,,
1790805015,8QVmHnAHZThC4qQxqVabLEXQyLf24Rj4PXi65aqXpump,CHILLINK,4qNKKzCaCuY7MHQhpSm26qMoK2Eenq9ivwB5goRhK1Ma,pumpswap,1790704049,0.000002512,2512.33,2288,2288,0,0,0,0.23,0,0,0,0,0,1,0,16,,,1.42,0.8,0,0,0,1,,,,,,,,,,,
1790805012,4NDRfDPk8pUsY4BATSi7RkCv9D6s3oecF6zyz24Upump,Float,EkAMz5J2LxjYRQjku32fpJheP61EtbdSBGw8zZPV9m72,pumpswap,1790703830,0.000003162,3252.57,3072,3072,0,0,15.19,263.87,0,0,0,0,2,7,13,62,,,-0.42,-9.38,0,0,0,1,,,,,,,,,,,
1790805011,2PH3K1ogeechCn27EtjENJsvfTrMpr8mDCQ3NJX7pump,STONKPILE,CWm27HdksRVkFEHFg2LxNWA59Qt2rVGFyak526oXejHe,pumpswap,1790703720,0.000002303,2308.6,2201,2201,0,0,10.96,12.97,0,0,0,0,2,3,2,6,,,-1.28,-1.22,0,0,0,1,,,,,,,,,,,
1790805017,E9C1BsH3MfGydEsZKQ7E8nAVdt9zpfhVMbS9Gaktpump,TikTok,9PDRBfBL5v96YPov2Pn5WT6mcE49LTa4SfwaXom1DUbv,pumpswap,1790703902,0.000002147,2174.29,2136,2136,0,0,2.08,2.08,0,0,0,0,1,1,1,1,,,1.42,1.42,0,0,0,1,,,,,,,,,,,
1790805012,3ZSai4T7MGJYdSgAA3ro1bGnVLQGbtdjBu9o23zCojvu,HUMAN,FZE2M3irUmELtWBCi694S1XCX5HGcEZjXELMWmp4XsFv,pumpswap,1790706107,0.000003873,3766.98,3767,3767,0,0,251.41,19568.87,0,0,0,0,3,11,172,246,,,-6.89,-86.77,0,0,1,1,,,,,,,,,,,
1790805017,EUKCWTog5EVazeyiTFFC5n5RcvvVmcznjRUrwHbxDri6,HOLDUP,9hNS5pBk1FcrMuy3KiMV3thRGiz4BPaMaTgPZjZceHhv,pumpswap,1790698217,0.000003038,2972.86,2882,2882,0,0,0,21.3,0,0,0,0,0,0,0,4,,,,-0.21,0,1,1,1,,,,,,,,,,,
1790805012,32jwCBFDWivWkr4vWNRBRDt9PwMBidzAwvatCzqLpump,RSI,4LKe4JE8B1Kkwva4gPGtz1Y7VF7snd9ifb5A66J5TnNK,pumpswap,1790705253,0.000004076,4077.62,3973,3973,0,51.76,108.21,469.22,0,0,0,2,2,17,16,57,,-2.45,-5.17,1.73,0,1,1,1,,,,,,,,,,,
1790805018,Fum18VwshM78gQAhJWxr822PBGFdkJaEGivwr59Z1FiL,BELIEVE,9RHHKcNR34mFf6eXNMF4NPHAU3HfW5ynjg5sqYBLgrR9,pumpswap,1790705613,0.000003162,3147.19,3034,3034,0,67.56,1296.81,11005.34,0,0,0,4,6,24,174,188,,-5.07,-20.82,-25.01,0,0,2,1,,,,,,,,,,,
1790805017,ERv3fy6BgLG9MootmyQKg39fXraqYw6F3UucKgDLpump,PUMPTOBER,BEiJ2bdt99d4Pa9LkmLUhHTLDhpVzUf1VGf6dg5Tzw6f,pumpswap,1790703517,0.00009787,28092.57,94190,94190,1149.7,22763.21,159884.05,571597.55,4,6,107,98,2613,853,13479,3114,2.82,0.47,3.27,-4.11,0,1,2,1,,,,,,,,,,,
1790805017,ESEdbgAw2mgkVTPhCz1pbBbKdAmFAFgqu9i1gpsNpump,NPC,GaKQ4tPVxvZqTVnuApwnK4exggB3e3dJHGnw4b9bM8ft,pumpswap,1790703637,0.000002873,3015.17,2823,2823,3.23,4.49,135.89,3596.68,0,1,0,3,16,22,12670,105,-0.17,-0.32,-99.21,-96.73,0,1,1,1,,,,,,,,,,,
1790805017,DfavQ5RVhgiH9zrwafQyBp86v2wsxxc9VCcb1SXQpump,PUMO,4n5D3JEViAwdqUkE9DFTnKbmtz7UzRsqJthopbNvfAgm,pumpswap,1790705890,0.000002239,2251.02,2163,2163,0,0.03,0.03,2.9,0,0,0,1,0,1,1,1,,-1.35,-1.35,-1.35,0,0,0,1,,,,,,,,,,,
1790805017,DQX3Bgyq34rAyYfgxjuJSqCJXa1KncXim56L81aZpump,PEPEINK,2Vt5CPNhKz2AUTMyJNrvH1zxT61emPSgPSHUqyTL6iC6,pumpswap,1790705300,0.000002438,2653.71,2366,2366,0,0.03,0.03,192.55,0,0,0,1,0,1,2,7,,-1.89,-1.89,-15.98,0,0,0,1,,,,,,,,,,,
1790805011,2KfbhUBYFMUoJgocJ8Wh2SEuuizuw1Bi7SK4Q5FER47H,SI,GzZaRugVALE4Ue6cqV9fs9XqNYPaN13qpu67dBWWkoxP,raydium,1790718702,0.00008062,30180.74,80630,80630,1829.42,29355.49,222099.47,2865730.04,15,8,250,131,1392,1021,19595,14831,-1,-41.08,-61.76,60.63,0,0,1,1,CPMM,,,,,,,,,,
1790805014,7Wh6rxVWUBFCNCWCz7nLaV7z3SDr2M6rFTjjWP6aE8p1,SI,DyVrHutNGpuGFgJzDxZVfpAUbUjo1XJdaN9aDLrfRj6P,pumpswap,1790718791,0.00002236,14614.45,21221,21221,75.04,2712.11,58864.48,7095402.46,3,1,44,75,567,770,50244,41461,0.66,-10.77,-33.02,-54.68,0,1,1,1,,,,,,,,,,,
1790805014,7JJ38hcaopfvQtKet5EwKG9pZTnfHLJCHiNRsPjuAPFZ,ABUNDANCE,gqrUGGGWKYwVYMBSrD2UhVhCMmfX9t2gCGAMitXiA9K,pumpswap,1790719617,0.000003748,3726.25,3367,3367,0,23.69,64.63,97191.53,0,0,2,0,6,3,757,742,,3.85,3.7,-93.7,0,1,1,1,,,,,,,,,,,
1790805013,69LUE1aKyP9DeKkRjZbmefXmj2VBJiorLGSw9oL83WCp,SI,4ovnzJLjNDch8YRzzbfzGWAxNEQbaLYEVLG3jnx46ctZ,pumpswap,1790719423,0.000004418,4510.65,4155,4155,0,22.28,317.02,865193.38,0,0,1,2,5,12,5676,4703,,0.77,15.4,-92.58,0,1,1,1,,,,,,,,,,,
1790805018,H8biQnEVHDM1foz22p8jAyRh4CDpytq22DurHCHvpump,ASI,Fw1kE2XPEVVGYmFkzocwbfgW95rR9TA8F8QKXEn6gvou,pumpswap,1790717308,0.000002291,2420.77,2261,2261,0,0,16.67,331565.14,0,0,0,0,0,1,6601,8880,,,-1.63,-98.33,0,1,2,1,,,,,,,,,,,
1790805019,HR6WkPx4XLRSq2dBAMdLzqhsEHW5RMgRymsYywZVupbq,SUPER,6VFYVj1pJGhsYcYp3mbxhrvPCqyPU6EWVfsDS5Z6p7n4,meteoradbc,1790720365,0.00004022,,40224.14,40224.14,0,0,0,1662.68,0,0,0,0,0,0,28,29,,,,154,0,0,0,1,,,,,,,,,,,
1790805013,5g8nL1JNuZdPWR9a5WyBjT4Xpt1KM1xbzd51tXUfZH3L,TIDE,DR2EnmMFeDbN5B5UpiYaMzwXb4CGK1MEoRSzvxxmRg9j,meteoradbc,1790720357,0.00004751,,47516.77,47516.77,0,0,0,19661.79,0,0,0,0,0,0,485,70,,,,1222,0,0,0,1,,,,,,,,,,,
1790805019,VyNjBTdgEf4x8SBTseTCapFKYsyAVo4Vdc427hEdmKo,P(DOOM),4CM3T3bpZ9a2AxZgiNzZBQcne3ztFxwDKydB4PGmyE7P,meteoradbc,1790720378,0.00005659,,56591.01,56591.01,0,0,0,12480.45,0,0,0,0,0,0,376,427,,,,26.86,0,0,0,1,,,,,,,,,,,
1790805013,52KK9TGWqpSfanxb4rnBHWKtt9PTQ9MPncDkwgkP98Fr,P(DOOM),9KvmPGorUTovT7MxqusXYd6g2ChMz78ksEEUUJbMKbVa,pumpswap,1790719370,0.00003250,15023.8,30531,30531,63.12,4623.92,38921.17,879524.22,2,0,41,29,331,223,5381,5273,1.42,0.69,361,-34.23,0,1,0,1,,,,,,,,,,,
1790805015,AQFqaXB2XsqbnMWpNfrke2gRpFyy4JWdaP7aeuF6pump,YouTube,3CQBpJcTPboMGjDcWZFywBRwR9LFUJAmm2sqD4SsNcvh,pumpswap,1790719195,0.000002122,2151.25,2113,2113,0,0,0,148153.28,0,0,0,0,0,0,7861,8939,,,,-95.7,0,0,0,1,,,,,,,,,,,
1790805014,7PnnmFGcWzwWs5tLaRfTjLSw1s4AJGdXbu3kyUkApump,LionDad,6KrMGwFTAnKvMwZBQFNwcn2Z6W3CdqHT9ewSZGLNodrp,pumpswap,1790736623,0.000003057,3009.06,2946,2946,0.22,4.04,45.86,117514.5,2,1,10,5,51,27,1138,1139,1.2,1.36,2.55,-93.77,100,0,3,1,,,,,,,,,,,
1790805013,57XZX3u43SjtafaaRHAGrD7aiurija6t29h7WMBsHrdW,ARTHUR,2vGZTKhi1wDcLEff2wPngoCjJsp6QHrE1bCbRA2a3mSP,meteoradbc,1790734657,0.00005907,,59077.66,59077.66,0,0,0,7304.32,0,0,0,0,0,0,279,255,,,,34.24,0,0,0,1,,,,,,,,,,,
1790805015,9F4uxF1TLvbw89X3J2CqrFV1KsrkEkUneHQtx6LYepwy,UDR,4WVtJG2zDDXfZX8k4fgrmbKjAFytpRYizvSnMqTLDeLT,meteoradbc,1790734763,0.00005789,,57896.28,57896.28,0,0,0,6411.57,0,0,0,0,0,0,115,151,,,,217,0,0,0,1,,,,,,,,,,,
1790805014,7TkZ6vVQXWD5imm91TUeRvbq73aScomQUyrKjvpEhout,PeaqX,5uAeMMkV5EhUE7cCBP3hn15dZ3gh4ytQjbgoA5dqhiD2,fluxbeam,1790734770,0.001499,1484140.89,1499382,1499382,0,0,0,10600.95,0,0,0,0,0,0,300,0,,,,902,0,0,0,1,,,,,,,,,,,
1790805011,2jHd6HLuqhMVXcL58ZanAQS2vUWBjjxHb1hZkDxhpump,roon,HeBWV9sqhT4MiY9ifHEN4hjaMmrK9ua88CrbKhQaeeR5,pumpswap,1790733831,0.000002162,2183.18,2146,2146,0,0,0,95728.34,0,0,0,0,0,0,7981,9710,,,,-95.64,0,0,0,1,,,,,,,,,,,
1790805019,UgmBQd9KArVb6q1uwhB8TT5t8Jgx5xVpxHZjU6jLUCK,LUCK,4X8M8T6FbTiCfd9yyX67ESV9RBfeCno3RJsfym4Y8F7F,pumpswap,1790733762,0.00002490,12646.81,24304,24304,0,1031.77,3065.91,517379.52,0,0,1,4,7,32,2930,2792,,-22.78,-45.61,-48.14,0,0,0,1,,,,,,,,,,,
1790805012,391jPsKvn2bWj83v8PohWkhuB1m6EP32P2T4CRkMpump,Discord,2ZXeHvVv3xYvExrXUaQNrgHmmiTeR7o5cBSDM3WYgZ2G,pumpswap,1790734448,0.000002156,2178.95,2146,2146,0,0,0,115444.02,0,0,0,0,0,0,10312,10973,,,,-95.67,0,0,0,1,,,,,,,,,,,
1790805015,AdFYwmgMEYfD3ut11oYjiFCyHSj5G7SK8X2kWqZ6pump,discat,Ce4BukqNKZcDy3zPzvwWXjQHASf6K5cyMFpkMgABDtPK,pumpswap,1790734506,0.000002420,2646.17,2382,2382,0,0,0.02,1079377.08,0,0,0,1,0,3,17690,9768,,-0.19,-0.5,-97.11,0,1,2,1,,,,,,,,,,,
1790805015,ADh5bGPJ3vEL7Vds69sec8CzyxUPWguMfhmuH9Rmpump,Chudlon,6VZgPjmxyMmceMM33dwNEf9kV5Avv2ByJQGk6HDnFvvi,pumpswap,1790734285,0.000005520,4945.62,5228,5228,0,126.22,1888.03,774248.59,0,0,0,6,17,48,9169,7771,,-6.96,-16.72,-88.85,0,0,0,1,,,,,,,,,,,
1790805013,6f2RHqHu2bAcbEtMYtH3ZMcVfSaZPJsiPigrd4yRshyb,ETHFI,EdUXP9wMp2gjArnRAFEC54A9dbpwntUM5wwL7mZZZQc1,raydium,1790742034,0.7703,770055578.09,770368000,770368000,0,0.31,50661.91,230746.24,0,0,1,1,8,8,60,24,,,,,0,0,0,1,CLMM,,,,,,,,,,
1790805016,B8M1pF1k7XjgUNFAVRYqgGohHfZ1hEy1vXtYPDSxCzQ9,LUCK,FrZVSbJh2zMDpPA2WnCqkuEoWFQLPHfDznNrQXqvjgZJ,meteoradbc,1790742061,0.00003257,,32571.36,32571.36,0,0,0,14610.73,0,0,0,0,0,0,497,556,,,,79.48,0,0,0,1,,,,,,,,,,,
1790805013,5sgPygwopoQtKjtUG49Eypvd7WRrfvYiwBY1Z46hpump,AMOEBA,Bi1TEhQAwShtcN87aqDMzU5tcbU7jMvzN4hEfqrt4Ktv,pumpswap,1790742161,0.000002349,2368.9,2261,2261,0,0,0,72815.02,0,0,0,0,0,0,420,479,,,,-95.23,0,0,0,1,,,,,,,,,,,
1790805017,CkEhC9Knh61GTBMi7KMFa5Na4Na86VnZVi82qZyopump,KAEDE,7MQHHN3iv7S41WYk44frReNsjM7sRnFXXxPkqdmq89kH,pumpswap,1790741842,0.000002607,2666.03,2512,2512,18.51,817.43,1244.74,339856.88,0,1,4,6,7,29,4724,4142,-3.02,-35.45,-50.24,-94.74,0,0,0,1,,,,,,,,,,,
1790805015,Ajb7XZ3B2m8ynA8Fo6EnjarkfbizuijxtPHsyBz2pump,McDonald's,5mGKqGBqAgXvkrngYmkitt8Zn52ndwUBwkoP5kgYpkig,pumpswap,1790741690,0.000002110,2131.29,2099,2099,0,0,0,109387.53,0,0,0,0,0,0,9329,11775,,,,-95.74,0,0,0,1,,,,,,,,,,,
1790805013,6VbdSMouZy6VpWxJtDxMWPuNZJoiP97Q2Qv42azKBSJs,SIUUU,BzU1zKyaMbtHAXac3JwFeFTQ8cTfjeFubv7wgwfQ5wzv,pumpswap,1790741408,0.000003180,3194.16,3181,3181,0,0,0,98381.29,0,0,0,0,0,0,13192,9355,,,,-93.6,0,0,0,1,,,,,,,,,,,
1790805012,4g7iaTJtwNzFGyLn2SK859QrjFaGwR26GeUgzkFbVeAj,ASDASDASDAS,DP6jdrYGU4gX1tUGW6rh6sJkPrMTjJTTDLKP1Xq54f2t,meteoradbc,1790741721,0.00005800,,58000.05,58000.05,0,0,0,6748.93,0,0,0,0,0,0,121,140,,,,218,0,0,0,1,,,,,,,,,,,
1790805019,aqA8fpwobSBQvTxUBqpKm23PKmc7Q6zBCdAnDQ7pump,Coinbase,pbX5nGrr6Xa7EhWSe35zhp3adRMBhQJoxaqAsQwPKRE,pumpswap,1790741340,0.000002103,2132.05,2093,2093,0,0,0,152143.26,0,0,0,0,0,1,15083,15410,,,-1.02,-95.77,0,0,0,1,,,,,,,,,,,
1790805019,HEJPsfJQftLkVEdAWZfW2w1wAwerpsps8FqDb72spump,BROS,59r7Tbdedg2SDdNHRxZdGdgwmTy4DMyXwf53EUvbX4n3,pumpfun,1790748661,0.00004883,,48837.22,48837.22,0,0,0,10103.73,0,0,0,0,0,0,7,0,,,,456,0,1,1,1,,,,,,,,,,,
1790805019,HdV17YZbXy8isu3VyvrPWdoUwB8MXDkDHrrr3SfHpump,pen,HYZeqDaHdeaxEMfRLXBpMTExQTKCJCnB4jep56pvF9SY,pumpswap,1790751054,0.000002515,2533.1,2424,2424,0,0,41.9,127780.99,0,0,0,0,1,6,1320,1328,,,-1.71,-94.85,0,1,1,1,,,,,,,,,,,
1790805017,Ein19aTGwSGbivEfwBLPFM9rzDC12RmBhrM3d3yHVSRv,FDB1073,6Kk6qjbi3sZvs2qiLVdzq9H5gUV7SvuamTzwTDo5MTct,meteoradbc,1790749406,0.00005139,,51399.94,51399.94,0,0,0,5231.83,0,0,0,0,0,0,111,153,,,,149,0,0,0,1,,,,,,,,,,,
1790805015,AYxtTyhoFFz81Crg65URNn5qZ248y6pPh4RZAqDSrtQj,MEMELESS,E4BCJbxLBrdah5mwkr45B9YuDmfNsqm4qj5UH3nEKndt,meteoradbc,1790749428,0.00005543,,55432.09,55432.09,0,0,0,13182.5,0,0,0,0,0,0,346,398,,,,288,0,0,0,1,,,,,,,,,,,
1790805014,7Hv5Vd4QbsUByPP2iSpV3vqkVaakqHBaiH2Baqrkaq2f,OpenAI,J25E4a8uuqS9KbrXnQdLotQ4HW8hXk6p81Ntf6uNYQ6y,meteoradbc,1790749450,0.00004754,,47541.66,47541.66,0,0,0,14488.47,0,0,0,0,0,0,337,352,,,,207,0,0,0,1,,,,,,,,,,,
1790805019,HyUxdsQHEQNtKpvWtzm5XCvx6479L1dkkGaV5rRv83jN,HERMES,84v2FutG9UZ6UohGeXon28amBZ9h8FgLm8vL4G3h5TU9,pumpswap,1790749447,0.000002082,2095.02,2072,2072,0,0,0.07,82532.98,0,0,0,0,0,1,6670,7421,,,-0.79,-95.77,0,0,0,1,,,,,,,,,,,
1790805014,7tBaEPen3FXpt4DEkXrnEbPKeDZRK8f5fHSBWYqqpump,FZ1073,CSQ4yvMpgdL9n5HBNFac45Qk6tkFMdPPCyYhL1MpDPCn,pumpswap,1790749171,0.000005961,5593,5738,5738,96.21,862.1,11436.19,1800770.91,1,4,7,25,176,184,17793,14135,0.95,-27.7,-54.55,-87.58,0,1,1,1,,,,,,,,,,,
1790805017,EUs4ZCfAwqthEaBxV9aM1ecyLPFYkqgf58MHDQWFpump,BMW,GuzAX3q8diu7B9xxG2CPQm7nsyFFwy5BrZ5dML99Kk4s,pumpswap,1790749124,0.000002124,2149.09,2114,2114,0,0,0,124522.77,0,0,0,0,0,0,11103,10680,,,,-95.69,0,0,0,1,,,,,,,,,,,
1790805018,F2xEKTkpc7ACpzttugRRBJWCYSqdFvp7ioixXXzqpump,SE,bgpqzf38J4f372ShdFGZ2Vffzrhw6dWzTeVBYCvjuxx,pumpswap,1790749111,0.000002202,2281.43,2166,2166,0,0,29.75,309656.37,0,0,0,0,1,4,4969,3890,,,-3.55,-97.35,0,1,1,1,,,,,,,,,,,
1790805011,2D52MeZqNnhqxzyFGPBoGpufLqZeFMPyDxmeu7Pwpump,OpenAI,3AcXMZHyFig6ux8HMVRa1yPYwv5Tqt6wH2gMPj2VjR2j,pumpswap,1790749394,0.000002180,2207.74,2149,2149,0,0,0,49994.8,0,0,0,0,0,0,2016,372,,,,-95.57,0,0,0,1,,,,,,,,,,,
1790805013,6FFXxMtSdRZNgebXEr3Sq1hSUUNeR3SHaXrAvwW6KBs1,Watermelinu,7ArZ6HTrbGZcFpBetP76qTMVRTj3bzBkkPTLGEEkCR4M,meteoradbc,1790754274,0.00003926,,39268.52,39268.52,0,0,0,28278.35,0,0,0,0,0,0,632,732,,,,149,0,0,0,1,,,,,,,,,,,
1790805017,DSRnrw4usLdMAGiaP6r8n2yQSUTtw3zEAo9A2Pqgpump,STOCK,8hSNQt1dmgBBvWbeHKRpmMrTGH5y2zChN8mBorBJdm6a,pumpswap,1790754264,0.000002137,2154.65,2128,2128,0,0,0,91505.12,0,0,0,0,0,0,4652,6199,,,,-95.67,0,0,0,1,,,,,,,,,,,
1790805015,8t9TFTCKBF2DGbbB7uMWs1H8FJkTrJK1DBtV6jZQh6cZ,FI,9fo2jft2zhc67srvui4DMmmd3FdaZK8xayqN8Wc7BWx6,meteoradbc,1790754074,0.00005565,,55651.86,55651.86,0,0,0,16468.15,0,0,0,0,0,0,399,474,,,,289,0,0,0,1,,,,,,,,,,,
1790805015,AUuxCXbUTnh5TeVHsr1PotpUuLaABHPxts6AuEHb7idz,HERMES,DWioHzzASPVFn297YX81T3s2G3T3Xspc9vnzxJgrTEbj,pumpswap,1790753508,0.000002096,2119.46,2086,2086,0,0.01,0.01,115203.87,0,0,0,1,0,1,9286,9049,,-2.9,-2.9,-95.74,0,0,0,1,,,,,,,,,,,
1790805016,Av6wmbqNiowHpmHx7J2j9mnuUcoey4fdkTkFwgVzpump,swarmdots,8azt6UrS4Pxb9ow4EZYQJSGxC1SU895vPGxLkcaqdaQf,pumpswap,1790751856,0.00002040,11710.27,19577,19577,153.32,5513.86,163248.89,1054423.51,1,6,73,90,1090,1014,9079,7778,-3.29,-32.09,-54.58,-58.02,0,1,1,1,,,,,,,,,,,
1790805020,vhY21ie8kRdD1BuhgjU3SKsx6wY5FUVKiyZ2Bykpump,AMAZON,EzG1SPwWxC3PkRDXSXDjNbTrTpHUqpNuG7FoUFSrpjTP,pumpswap,1790753414,0.000002130,2144.12,2111,2111,0,0,0,67849.73,0,0,0,0,0,0,6962,9597,,,,-95.68,0,0,0,1,,,,,,,,,,,
1790805012,4p4bAN4P6pdPW4o5BcdDWWRuJGyvEWDY8uSsHX23czv7,APE,TMerfsWqurc2DoZJaE24Mkc46eYBSZVszKaWzX9NRw9,raydium,1790755415,0.00001290,11111.54,12908,12908,260.4,1270.29,24367.71,690000.14,5,2,15,19,245,267,7532,5222,9.06,-9.36,-49.14,-73.39,0,1,1,1,CPMM,1790805097,5,2,12,18,137,218,2611,2427,99.9899999999747
1790805013,5FQZRyHR2jcn7Z1HZd9F8iyBWFPFKi6pxicXoHRNpump,Inufication,CojwEcmhd4c5p99ZkGispiZ9755EBv66MpuME2vmSeP2,pumpswap,1790756094,0.000004076,3751.41,3510,3510,0,2048.51,2533.22,78977.16,0,0,20,20,24,36,1341,1491,,14.06,-0.94,-91.48,0,1,1,1,,1790805097,0,0,17,15,19,29,608,794,100.0
1790805017,E7Eb6WreLwessrefQ4ooXcqgwKQredJq3KBHbt8bYpYH,Watermelinu,8PkSCGCEgzPNqYFiXSo48ZQu4Ykcqgt4PY9uQSD8T6q8,raydium,1790753962,0.00002074,14333.75,20745,20745,322.96,6690.89,135763.51,1480710.29,8,5,60,41,791,681,11258,9517,4.86,-42.01,-50.08,-57.73,0,1,1,1,CPMM,1790805097,8,5,50,38,396,480,3813,3597,100.0
1790805017,EYqn1KG3ErzPqSDDzZXJEHUzizn4vZG21ULhVY4xbc1J,Grail,DokM6PpFkjVYUknzkuyEoSC6fk3NRG46zSbbtD3mF5vh,meteoradbc,1790756614,0.00005504,,55044.87,55044.87,0,0,0,4259.59,0,0,0,0,0,0,83,106,,,,168,0,0,0,1,,1790805097,0,0,0,0,0,0,75,72,
1790805019,HG1Sdy9bdgbJrQYywB11RACwttmsPKZh11Wmde86wjhb,Grail,BKetnyLKAv7PwCcTL7sqWXpZ69fUTYfAMgCi37Za25C9,meteoradbc,1790756616,0.00005560,,55603.32,55603.32,0,0,0,12099.59,0,0,0,0,0,0,227,296,,,,290,0,0,0,1,,,,,,,,,,,
1790805018,Fd4RBdCemcZo74Bu2d25AsHa6ZmLLU5GxAue6rk1pump,GROK,A1XcvV5x64wxUe3WNj8otXyVuuacb3BsPabQaUcmxrFN,pumpswap,1790756603,0.000001957,1980.83,1958,1958,0,0,0,123499.61,0,0,0,0,0,0,1784,3195,,,,-96.01,0,0,0,1,,,,,,,,,,,
1790805014,7KRfAmB2F5T2diNPNXQAt83bVtVtVE1ocBBbjUSGpump,e/man,48zS2syi5Efw3VmzBqJ67VgwVRzWW3RjndzioHVs3QpL,pumpfun,1790756041,0.00004850,,48508.51,48508.51,0,0,0,10035.73,0,0,0,0,0,0,7,0,,,,1368,0,0,0,1,,,,,,,,,,,
1790805018,FAp2KjVCAXM5gWp2CGqTnYDa2MjP2HcxTt4UbntYZVkJ,Speed,4WtvxDzyz8XDuDfbWM87oA75vQ6JR9XKBHCjBukRjb8S,pumpswap,1790756012,0.000002195,2207.36,2185,2185,0,0,19.36,77854.42,0,0,0,0,1,0,6916,7542,,,3.31,-95.52,0,0,0,1,,,,,,,,,,,
1790805015,9K1CWXiGHZkJp5r4qRJjHJ3PFm6t5MNgL46PDEhqpump,FOMO,9MPWzcfRDYExFRBJt9HdJxiEnjtpFHfMfuhCUkFyFsq9,pumpswap,1790754441,0.000002099,2125.53,2088,2088,0,0,0,148665.29,0,0,0,0,0,0,14828,14704,,,,-95.75,0,0,0,1,,,,,,,,,,,
1790805016,Ak8Q4n56yuJJ6gfXbkHTWhnTZLa3QaM6oaR8fkFHpump,STARBUCKS,6g1NvZBEYgdir3BH9QyiQnJndxsEdG4KDHBPXPoaZZks,pumpswap,1790755627,0.000002119,2141.64,2120,2120,0,0,0,113654.38,0,0,0,0,0,0,9922,10137,,,,-95.69,0,0,0,1,,,,,,,,,,,
1790805013,5itbDWvkNdw1GrqZj6We7H2rVyAMJQM9vUqhJXKpump,BMW,5tpr48FzuYh4NSe1i29XrMoJgNtGQXTiwrFMotG125pB,pumpswap,1790755545,0.000002139,2162.95,2110,2110,0,0.07,154.44,136381.63,0,0,0,1,1,2,20235,22051,,-4.69,-3.88,-95.65,0,0,0,1,,,,,,,,,,,
1790805011,2mmdUJEdSyC4PUAvnHZA2G6vKtJ2x5J7AMXxcDcppump,enu,Fwh2ME95TL3avBfXTzdKzhCWCPpJjtSvmnhY6Xu5zx78,pumpswap,1790764078,0.000004171,3816.42,3691,3691,0,26.72,2157.15,56596.41,0,0,0,1,17,25,893,947,,-1.1,-7.56,-91.4,0,0,1,1,,1790805097,0,0,0,1,15,24,439,602,100.0
1790805017,EbJJKtnawGPhfgthRrwsyDgrCc1smGUUYbK5WNAK5E1N,Gingitsune,EvXgqzUT6sGd4iz7mE8nYH32WZK1aDEr9hWXhoGkXfmZ,pumpswap,1790762968,0.00003557,15750.92,34092,34092,2078.96,15830.08,130801.92,645933.46,18,9,166,128,1110,891,7027,5247,0.32,-30.5,-26.5,-27.85,0,1,1,1,,1790805097,18,9,109,95,427,441,2208,2078,100.0
1790805011,28A9yL6RB6QKPy3hLonSbGKt2gWHucgCHbEByPp1Mf95,TI,3utUuvoyebJEoiJET7ydJ8ohwQ5MFZ1fA4Hh3bZvTyDM,pumpswap,1790762527,0.000002683,2741.14,2594,2594,1.49,86.94,354.37,382257.6,0,1,1,4,3,31,5064,4065,-3.43,-6.13,-21.34,-94.59,0,1,1,1,,1790805097,0,0,0,4,3,29,1942,1911,
1790805019,aD2P7HNY4F5Pqp6QcBWEDAkEgcT1QqPUsafajS1AAea,QRCAT,4X16MYgMBAf9uW6X4isJzTumBXhmF7WSuRJf5S7M1viA,pumpswap,1790763094,0.000003673,3677.72,3450,3450,0,23.13,775.74,816412.35,0,0,0,10,19,61,9372,7412,,-1.92,-14.94,-92.59,0,0,1,1,,1790805097,0,0,0,10,16,53,3015,2801,100.0
1790805018,GEB6pmNFPkZzeCxD3ExSxmX3QyZENmUzNUCA1mi69yZQ,QRCAT,3KH13C496RjJk8BQhTCgJfXoRiJTJGpmjeXw1NXujvRV,meteoradbc,1790763691,0.00003801,,38019.4,38019.4,0,0,0,9387.43,0,0,0,0,0,0,208,234,,,,123,0,0,0,1,,1790805097,0,0,0,0,0,0,134,176,
1790805012,3hib5jf5NdWcKBMqxnMcdgchikuXb652c8U4q6PLxi19,UNKNOWN,9RPFLvqFxkNj5jq2wPVpxsv6EaYy6sxsV34uXA38yL5N,meteora,1790763676,0.00002984,27688.45,29840,29840,0,0,2133.26,8057.43,0,0,0,0,21,0,102,23,,,38.39,333,0,0,0,1,DYN2,1790805097,0,0,0,0,25,0,102,23,0.0
1790805013,5NgAdfjVzGTFvP68PS6Fd9qcKufuK9YQgwVXcpwG7pcK,dottok,6LvejLHRj9zv7WCFbkCcesDD6wk87m3H3zdegZgufhzP,meteoradbc,1790763690,0.00008258,,82587.56,82587.56,0,0,0,6579.4,0,0,0,0,0,0,146,175,,,,442,0,0,0,1,,1790805097,0,0,0,0,0,0,127,128,
1790805015,9riX2UsnsEzNNE7T2RS3r6gcbn7vjgtWVjsodoEvSa5q,DotPaid,BaDQygr6oq93yNtLTLaC2zcniZtEnip61gjLpF9uVTPE,meteoradbc,1790763353,0.00003571,,35718.72,35718.72,0,0,0,22099.12,0,0,0,0,0,0,877,966,,,,125,0,0,0,1,,1790805097,0,0,0,0,0,0,198,187,
1790805013,5HkoRu7c1E6Sx4CyMyeaA33kotjzkEgZuQHHR5g6uSUC,enu,C3jjs2Fpja8SjmxDqm4KszxBL4HZeUghYPfUFZxGdAq3,meteoradbc,1790763691,0.00004682,,46821.63,46821.63,0,0,0,1312.87,0,0,0,0,0,0,1,0,,,,,0,0,0,1,,1790805097,0,0,0,0,0,0,1,0,
1790805012,32ALTSeAxGQwLGYMS4wFpM1A7hzUL2NaKfGunz8fpump,SDOGWIFHAT,BPo4yhXKuRM3yzVTnferXx2YD912c5XLJPYuJ8TeWsdZ,pumpswap,1790762593,0.000002691,3110.26,2591,2591,0,0.82,2.46,2114766.02,0,0,0,2,0,10,5065,5093,,13.19,13.55,-94.57,0,0,0,1,,1790805097,0,0,0,1,0,9,1605,1636,
1790805017,D4ibsRgTDFssxjoZPNmDxWhmeTvCFawqdqaAK7tH3jwj,SpongeBob,8E2BnTLWGFRkr1y8XKtvqcXZyEKfJKz6EhbZ7Y2vxJe4,pumpswap,1790762379,0.000002135,2167.5,2125,2125,0,0,0,187924.7,0,0,0,0,0,0,18372,15753,,,,-95.69,0,0,0,1,,1790805097,0,0,0,0,0,0,372,2559,100.0
1790805012,3XwY9miZqE7GiK3FcFU81wfaBEWmNvDJz2Fy6d9Vpump,TikTok,3FB8ipZ3wRuuQFrYnWQ3o5N8GdQSDEWPxMV7iEw6ee7e,pumpswap,1790762312,0.000002137,2177.21,2127,2127,0,0,0,240492.45,0,0,0,0,0,0,19996,19483,,,,-95.69,0,0,0,1,,1790805097,0,0,0,0,0,0,2354,1859,100.0
1790805011,2A6PrTE992j73LUjjJ4hZYvQRrFwjkbdY3dzZUiBfbw8,QRCAT,EkLVYfjqTza9698f41SyUqdxmG5byrWcSEQLH6nwhB2e,meteoradbc,1790763378,0.00005072,,50723.65,50723.65,0,0,0,1430.4,0,0,0,0,0,0,1,0,,,,,0,0,0,1,,1790805097,0,0,0,0,0,0,1,0,
1790805016,AxJBMPLfjNe76KQJr6DAfLo4WkQ5cubQMX3fx5fJtw17,Robinhood,4mvRmN93BKu9JnxxefuS2mmUNWgE1CaMu8f9sKRbW4Fx,pumpswap,1790762753,0.000002101,2115.42,2102,2102,0,0,0,93904.44,0,0,0,0,0,0,10929,10485,,,,-95.76,0,0,0,1,,1790805097,0,0,0,0,0,0,382,2548,100.0
1790805013,5WWseWrGmbjHMs4GhkMMM9vdmSKUknLniA22j48WWDoh,DotPaid,5SYNDzg2F2V2XG3zVCdD4yXFabMxDTZxJZUEMyRC45yT,meteoradbc,1790763275,0.00004679,,46790.49,46790.49,0,0,0,17291.87,0,0,0,0,0,0,376,414,,,,200,0,0,0,1,,1790805097,0,0,0,0,0,0,166,153,
1790805016,B7rrpKUnHyyT5MZqPxMhgd1TKAiHGaDuP9STom7Upump,Apple,2tgmuqQ5QaratVQSsb5a5grvKYpDTpZxQ2Vcv2x46QQ3,pumpswap,1790762379,0.000002125,2146.62,2114,2114,0,0,0,112091.94,0,0,0,0,0,0,9712,9686,,,,-95.72,0,0,0,1,,1790805097,0,0,0,0,0,0,2398,2258,100.0
1790805018,H3vfXFZfFQnba2NV2seTMBdY92yLK2VJHsppUzYv6ua,GENNYWEALTH,HnFFnT64a5YYSUgNYt4Kr6qvVFr4FxbYLMngTU7kjWLH,pumpswap,1790767464,0.00009097,25831.66,88757,88757,1025.94,16136.79,99824.56,208999.95,13,8,267,151,6125,791,11778,1955,-2.12,-1.09,16,59.76,100,1,2,1,,1790805097,17,9,261,154,6057,723,11449,1683,100.0
1790805015,9EPCWPC4eqhYXKeL8qgAUgSzrkvvk1D4ygayeVnw1vsS,fudcoin,DJeDBGYfPwu12BPHyjQoayt1o5Eh27dkvLRdxVaWB8eX,raydium,1790768590,0.000004536,6208.56,4537,4537,11.76,58.42,6570.31,106150.93,1,0,4,3,77,124,959,813,1.65,0.81,-68.77,-91.07,0,0,1,1,CPMM,1790805097,1,0,4,2,52,99,433,438,99.9999999966098
1790805016,BcUHhjtsyrgq7GyQKpakenDmDAVuCKjwya9Tbiafh3Nu,BELL,Fwfpj1dFh4sZRrfuTepGZ1CedSMNicLXc6UoEZpGAxBx,meteoradbc,1790768824,0.00005947,,59478.54,59478.54,0,0,0,6640.21,0,0,0,0,0,0,131,168,,,,226,0,0,0,1,,1790805097,0,0,0,0,0,0,93,105,
1790805019,j7ZvXpLuNdMdcny7BjdNUicuwd2PF5toABAgEgfpump,CocaCola,5i866sdeUv6ocNamk5ef8yLHHhHVJcqPv3CrWP4WzeRq,pumpswap,1790768910,0.000002786,2749.03,2425,2425,0,0,0,26131.86,0,0,0,0,0,0,1040,3973,,,,-94.4,0,0,0,1,,1790805097,0,0,0,0,0,0,989,3090,100.0
1790805019,ttcD38v7ouUGrvpsAR8ZHj5HmJCjiJVinhb3UQpyDW1,Octopus,6TK33Q2cqCdNN6mPCWUoq71kfXZ6CJHrwWsRKrARWJZ4,meteoradbc,1790768890,0.0001292,,129231.79,129231.79,0,0,0,3913.47,0,0,0,0,0,0,50,78,,,,1039,0,0,0,1,,1790805097,0,0,0,0,0,0,49,62,
1790805013,5Sg1vv51KGCSDF2gBHgbNATCEXFjYtVhWgztNUwtgJYD,HERZOGIAN,HvZwXKakSprc6EA3qiDqjy89DPYNuuXFPFZQ6GE8mBoy,pumpswap,1790776412,0.000003976,3721.25,3840,3840,0,100.31,4485.89,161386.76,0,0,0,8,45,78,2555,2310,,-6.11,-4.56,-92.02,0,0,1,1,,1790805084,0,0,6,8,36,66,1125,1277,100.0
1790805015,8XJgoo3yrkEBh84sx1dtysmznWG4V9Q5PBVVbs2tT18J,PIKAPOT,Bxw4HBQZbVBLgFV4FXwFqjU3ggosFkVD1LAxj5tLM3Tk,meteoradbc,1790772580,0.00003997,,39978.1,39978.1,0,0,0,73877.88,0,0,0,0,0,0,547,308,,,,669,0,1,1,1,,1790805084,0,0,0,0,0,0,277,164,
1790805016,Cb2pMbsRRvaeZoxpRqnTP6k6hLziSUf5pnqW9Jx5T3Wz,SGI,H2zaAYAEcyCK2h2NdyrzzToo8yhEjYJLdNo4A9Vz2RkJ,raydium,1790775436,0.00004631,21664.3,46317,46317,1041.02,20097.4,323407.44,1179606.31,8,16,226,179,3034,3321,12489,10085,-12.74,-36.81,-59.72,-9.26,10,1,1,1,CPMM,1790805084,8,14,142,150,1210,1338,4402,3937,99.9999999896072
1790805018,G9Q51Jf7SYer6xv83UCa1myUCTcivMqAEVvUhA8ppump,BAG,6Epj2rWCAfqzhMKWHJE5RQjJ6gKrjUZF3kVVPfqWqRxH,pumpswap,1790793837,0.000004806,4248.31,4406,4406,2.13,64.93,62520.49,62520.49,0,1,1,13,652,745,652,745,-0.32,-1.12,-89.97,-89.97,0,1,1,1,,1790805084,0,2,1,15,289,369,289,369,100.0
1790805018,Gn3dnAX64jn7ftjG9FshEwb5BAy15CKsK2CEpt3Dpump,Kimi,AR9iJE4ZD83spKbx35sSU7NksoMvDxKaQ7M4XhihuNSf,pumpswap,1790777217,0.000002744,2702.33,2425,2425,0,0,4.98,33392.2,0,0,0,0,0,8,327,652,,,-1.53,-94.09,0,1,1,1,,1790805084,0,0,0,0,1,9,231,378,100.0
1790805019,RuDKzjxqfv3Tq3X6dqSX1JrphXxXV3xntwPNdFrdDvE,HERO,642EHMvBRtryZZs11kC2RkbR6nF7BrYEm5EuszsGy3Go,pumpswap,1790775144,0.00002100,11192.23,19827,19827,541.28,2965.01,114235.09,246010.45,10,6,50,47,1233,871,2924,2179,4.14,14.43,-58.01,-58.36,0,0,2,1,,1790805084,9,7,31,36,399,370,1035,998,100.0
1790805018,FSCgxyQNdw3KfZpN2nLNzoWepDqU6GrFLGVQBmYNpump,NEWPR,BYZfHs4M6grXDSfi5bxXay8Mj7LTnA3XsPSRkWws5Z2b,pumpfun,1790721053,0.00002470,,24701.57,24701.57,0,0,606.83,20724.44,0,0,0,0,7,12,401,319,,,-3.06,561,10,0,0,1,,1790805084,0,0,0,0,7,8,199,190,100.0
1790805012,3npiytepzL4n9cym5QLY8qMaCVGm3rCfJMWNH6rzZ6qL,SGI,2Ah17A9TmdTiepS1n3F4fmQ9QMAZBPbuf8KH6ashyDGJ,meteoradbc,1790776129,0.00004748,,47483.95,47483.95,0,0,0,6963.01,0,0,0,0,0,0,217,237,,,,218,0,0,0,1,,1790805084,0,0,0,0,0,0,148,158,
1790805011,2pCMoeUdZFr5rZPYE7ETgrDuLNBZupv7iv2G1hZuNyeu,SI,FyS2KFxThdY8ePL7c8cdrf2b8dUiv3boAmsozWhGdtc2,meteoradbc,1790776029,0.00004809,,48095.83,48095.83,0,0,0,6654.94,0,0,0,0,0,0,234,225,,,,170,0,0,0,1,,1790805084,0,0,0,0,0,0,129,121,
1790805019,Hs2iJa6xxSK4byrdo62CahHQaudyy7qXumYNFNVnegwC,backpack,8HaVL62X1sypF67RnLdWtzha3gepr7TVHKLN3wkZKsvs,meteoradbc,1790776033,0.00005439,,54393.62,54393.62,0,0,0,6964.63,0,0,0,0,0,0,240,270,,,,6.15,0,0,0,1,,1790805097,0,0,0,0,0,0,139,147,
1790805013,61GNjm26NDKcYHacdZaYTMtifstBsj6bVf2SZ9fb5YDo,Myrtille,E2CTugPnRaqk61Q5KPgHaxxX9WyszHNM8YpTD79zAVxN,meteoradbc,1790776129,0.00004392,,43925.34,43925.34,0,0,0,9106.89,0,0,0,0,0,0,266,343,,,,201,0,0,0,1,,1790805097,0,0,0,0,0,0,156,165,
1790805018,GzHLPsCHJefEEp3YwtWQvjEZCuDeEVXidypyA2W9nFTb,SGI,9mehEeeqSKEQvrxTeFLWCn8NsEnaEHcL2WEAppPABRzc,meteoradbc,1790776086,0.00007916,,79163.35,79163.35,0,0,0,2817.16,0,0,0,0,0,0,53,73,,,,413,0,0,0,1,,1790805097,0,0,0,0,0,0,48,59,
1790805017,DsQvbv44cqxAaanXPcA4PzyssQjRVq8iGG9j3AgNpump,SITRUMP,71trRvpoWQy3YEtFcFrni9fgZXAQxNLsC4hnk4BY8XF7,pumpswap,1790775659,0.000002161,2214.43,2148,2148,0,19.04,185.97,283848.87,0,0,0,1,3,3,4283,6705,,-0.38,0.25,-95.74,0,0,0,1,,1790805097,0,0,0,1,3,3,2864,3163,100.0
1790805019,HxhDdpS5MBVZNiYd87na6EWFPkwcXGnGZM2KtELnpump,e/NPC,7kkTQYsxo6vwEhWb1mr6ix6SdRQQ3ytqSynuN7Dzey8b,pumpswap,1790775652,0.000002362,2534.66,2292,2292,0,0,4.47,572430.53,0,0,0,1,0,16,2427,2303,,-0.91,-0.35,-95.34,0,0,0,1,,1790805097,0,0,0,0,0,15,882,913,100.0
1790805012,4BZ8LdoevaanYBxEZivsSiHv9Jx1zjABijKPzwDWupLA,JADOODOO,Gc8C4nst9kmY5CncCBq89TLE6PuuXDVAMibeF9hjb2rg,pumpswap,1790782975,0.000009274,6777.98,8713,8713,209.78,1224.36,227262.97,353456.53,5,0,13,34,2702,2561,4377,3917,11.01,-26.48,-65.96,-81.04,0,1,1,1,,1790805084,4,0,11,30,1134,1213,1799,1870,
1790805015,8zWcEgUZvQKcHgtUoYTnaC6AHX7FmtWVV9WeM4kPuXMR,COVERT,HqAcDG5dGaWX7PRLobb8zRMVnAE2KH5Co2Tg62jBirr7,raydium,1790719987,0.00009130,27525.48,91307,91307,983.21,18691.25,156708.95,224498.06,8,3,123,89,965,795,1532,1226,11.43,65.13,80.88,121,0,1,1,1,CPMM,1790805084,3,9,57,79,381,450,570,693,100.0
1790805020,wTv7FZouuPtAab3i5sYH8xwaZrvxahG6zrirwW8dare,DARECAT,6Mm1b4gwWQKAG31b3zwcfM4anr8eJp7ABVk4qRTQJL1A,raydium,1790779952,0.00002849,17551.01,28497,28497,24.74,1581.51,99839.13,242491.07,2,2,10,17,614,521,1495,1252,0.03,-21.45,-65.18,-52.82,0,1,0,1,CPMM,1790805084,2,2,9,13,317,301,693,642,90.0000000006778
1790805013,5FhoCZNBpTqSv6QaD13vgYjZa5NZGJoJCUiBE3Vkpump,MrBeast,A8AEHtnU2ycZ99svyz25qb2tesxt4BgGP7ReBEu81v1Q,pumpswap,1790783427,0.000002178,2188.85,2179,2179,0,0,49361.47,49361.47,0,0,0,0,387,2308,387,2308,,,-95.59,-95.59,0,0,0,1,,1790805084,0,0,0,0,289,2174,289,2174,100.0
1790805019,Hz1EqXmUqZRZ8xyuzkecBmBqWZHpUCKaF2rhE1W5Px52,Robinhood,GrK5UzFonBkxCbwaj3hpX7mDBbWsEUjaEGbDnWVkMgBp,pumpswap,1790783402,0.000002133,2146.96,2133,2133,0,0,40536.03,62864.81,0,0,0,0,3302,4146,3553,4261,,,-99.2,-95.69,0,0,0,1,,1790805084,0,0,0,0,376,2551,376,2551,100.0
1790805012,3NMBcPjXwkLmwddN7y2krBE6diEmJt9bnevFTgpDLe4z,Arthur,AGXdBVzJEXyWeayevsqqMNAtNpyMizqLBxG7eEwud1S3,meteoradbc,1790783369,0.00005945,,59459.67,59459.67,0,0,5861.83,7030.47,0,0,0,0,237,251,245,251,,,41.1,239,0,0,0,1,,1790805084,0,0,0,0,112,112,112,112,
1790805012,2tEvFoLVPYrGR1ojhUVtseWoPXo7DPVPvtkEbqBjE8Vi,BI,5raGK4j9uBDijDAMWYcBFqeyJqkcBZL4WXu3Ma1DZg6J,meteoradbc,1790783354,0.00005371,,53716.61,53716.61,0,0,1465.69,5504.59,0,0,0,0,62,68,208,224,,,2.28,6.33,0,0,0,1,,1790805084,0,0,0,0,133,125,133,125,
1790805018,FdSN93wCqp6rTuUpyAiCwXXuV2FjMCJTibBT8JLUpump,$GOVOS,Q3qw6H4hPv8xDsX6k5afuPaZi1MUtncCHGWdcAn3L1h,pumpswap,1790783364,0.000002411,2553.46,2335,2335,2.28,2.37,442352,532066.23,0,1,0,2,4778,2312,5342,2499,0.04,-0.38,-95.94,-95.12,0,1,1,1,,1790805084,0,1,0,2,1076,1064,1105,1080,100.0
1790805016,AxdsX3GrZLe7US1k27Xcr8W1CqoUobcPEwuYtGRa4cfc,Meta,AzcFGxG8WA6yhJYdvosNXHjpuuYc3ueQuytMuAg9HXas,meteoradbc,1790783062,0.00004741,,47410.13,47410.13,0,0,0,16178.66,0,0,0,0,0,0,1234,1272,,,,199,0,0,0,1,,1790805084,0,0,0,0,212,208,212,208,
1790805017,DaBi5ZdRJSgZPu3qKe36zFRhpsnFexgKbL6CWx4gpump,SI,CEvLLoU54KuP115xWWXqesvayxTXVX899TXTXEtqhqJY,pumpswap,1790782937,0.000002317,2475.18,2274,2274,0,0,525387.68,695073.93,0,0,0,0,15977,10801,18637,11090,,,-97.23,-97.31,30,1,1,1,,1790805084,0,0,0,0,7314,7295,7314,7295,100.0
1790805011,2m3p4qftbHzzPKngG1497FYtEupujYPzxu9QyPEbpump,SI,HXSXPgNiNHc613JzgRtDqX67shVTdnviWSs1G1GpgmKS,pumpswap,1790783097,0.000002143,2182.47,2143,2143,0,0,201803.62,247641.58,0,0,0,0,4535,7811,6065,9027,,,-99.53,-95.67,0,0,0,1,,1790805084,0,0,0,0,3767,4298,3767,4298,100.0
1790805011,2WbDSGEXZjv7EBoDK5dy6vnGZGmasmwiMYfFdSb8pump,SpaceX,GdrnXDJw3GAaxozNVtN5RbN61Vcnivnx72frNY8UtP3r,pumpswap,1790782076,0.000002125,2150.44,2115,2115,0,0,75408.47,123757.92,0,0,0,0,2644,4403,8520,9858,,,-99.81,-95.67,0,0,0,1,,1790805084,0,0,0,0,411,2213,483,2257,100.0
1790805019,dnt9SMdPdbgBxnau3NzHCHnKx1iEJHur8mzGfbzpump,e/acc,ASgyTLqemT8CqtpbP2JxE1GKVXybaREs5f67PNCWe5hZ,pumpswap,1790781365,0.000002173,2199.42,2154,2154,0,0,68867.85,146531.76,0,0,0,0,5959,4340,17084,7547,,,-99.24,-95.6,0,0,0,1,,1790805084,0,0,0,0,287,2292,2372,2358,100.0
1790805016,AnDrZSSzsFHJVGM3p32Jn5KXoqiXbbiA365WGfuxpump,FLARE,nxxeXqz1VPzW9GVrrbytX6Nv4yuFVobxHrp4DNQRhto,pumpswap,1790783472,0.000004130,3875.94,3980,3980,0,77.47,273278.58,273278.58,0,0,0,1,545,830,545,830,,-3.16,-93.08,-93.08,0,1,1,1,,1790805071,0,0,0,1,365,305,365,305,100.0
1790805016,BSEbDPjYB5XPVTDhSmL5qyYkfyw1Rz4cwpZYYJKPpump,INFERRR,2dfkviFwYzJamdWoC1u27dHGQyvspiXiwDJ1aMKaZSEU,pumpswap,1790784647,0.000003291,3167.73,3040,3040,0,4.67,73322.52,73322.52,0,0,0,1,592,673,592,673,,-0.2,-93.37,-93.37,0,1,1,1,,1790805071,0,0,0,2,345,404,345,404,100.0
1790805013,6BLbav5mMbuETvk4dBdm4BE7NL7yZeZdbd2krNmtpump,GLOBE,B8y9pzCC9hBAzoPaj9EDh3TtZk3Dy8AMLqB3PBtw1jEk,pumpswap,1790785614,0.000003154,3049.34,2726,2726,0,187.78,48704.37,48704.37,0,0,0,3,527,623,527,623,,-10.24,-93.62,-93.62,0,1,1,1,,1790805084,0,0,0,3,305,456,305,456,100.0
1790805018,Gu2bpydt5bHVHtko5vvsWH5KQUT3Wxvt6hzYvKdND6ur,si16z,Vptu7kbcUHWNHKSCw1Qn1MhgP9fqKmQnTAzTqETCAs5,pumpswap,1790784420,0.000006990,5923.56,6786,6786,9.33,343.07,880893.84,880893.84,0,1,3,14,9403,8724,9403,8724,-0.27,-13.62,-85.85,-85.85,0,1,1,1,,1790805084,0,1,3,13,3211,2952,3211,2952,100.0
1790805012,3oARogngXJLFnSMSooDq3V3DLgthusQWeNXD7RE2pump,GrokSaw,ASCNoNrXxdr2xNVa47CG5BsMbkhRDN3hUf2gDwtPdttn,pumpswap,1790783933,0.000002625,2610.34,2496,2496,29.8,94.37,227924.29,227924.29,0,1,3,5,3524,3064,3524,3064,-1.53,-3.55,-94.55,-94.55,0,1,1,1,,1790805084,0,1,2,5,1586,1690,1586,1690,
1790805015,A8f6L4hMAe6EADayA91e7ZhAZrT76AsVvK5dXRRnpump,SGI,6BEszw9ysBSRyefUkEF5vpJdfyUTrV7iYoA8NfmzC1gP,pumpswap,1790783339,0.000002386,2544.3,2319,2319,0,0,509791.34,511961.36,0,0,0,0,3325,3716,3364,3726,,,-96.12,-95.17,0,0,1,1,,1790805084,0,0,0,0,1644,1727,1644,1727,100.0
1790805016,CJS2EN7zGiZhVAYXsHqdXQJvNk8niiH2ZR9oWcrNpump,Arthur,9MPbUqaHVN3QMEkDQS5PgsuKcbsUkygq4cVkE1jM7zjQ,pumpswap,1790783228,0.0001002,28278.15,98284,98284,3946.38,27431.13,785259.74,871465.39,77,147,662,677,6174,5260,6938,5852,4.89,52.42,5.06,103,0,1,1,1,,1790805084,81,178,546,465,2323,2139,2711,2394,100.0
1790805012,4JYXrbd8RyAQ9Jsh7ksphHvrkkCDPKimtcMYh3uhdzPc,si16z,CenAqn62Q9WjiAjDnLMzZsCvTWhoW8iL9x6mMF9HPq9b,meteoradbc,1790785416,0.00005390,,53903.52,53903.52,0,0,1971.21,1971.21,0,0,0,0,37,18,37,18,,,5.58,5.58,0,0,0,1,,1790805084,0,0,0,0,33,17,33,17,
1790805015,9vGNPwgqjpAJuu9654YejnctwJsV6Pe68aPXaT2Vpump,swordpepe,4bbSo5RpCn3NKXnMLMSJvoqyDL1ySsNioD3x3KGNz3BV,pumpfun,1790785441,0.00004917,,49178.25,49178.25,0,0,10174.29,10174.29,0,0,0,0,6,0,6,0,,,1360,1360,0,1,1,1,,1790805084,0,0,0,0,6,0,6,0,
1790805012,3udscgoKmgJofxiUYPtnXBsgxxBP8brB4jtG6sBni5sc,DAN,7itXShSXCByHf4LV379tVNTHLvZASs2T6sP6Psfb9Mig,meteoradbc,1790785431,0.00005611,,56110.76,56110.76,0,0,2978.99,2978.99,0,0,0,0,82,72,82,72,,,219,219,0,0,0,1,,1790805084,0,0,0,0,61,54,61,54,
1790805011,2Q8GA37vB3LfTJ4KwLFbPDCvJWTSohsQz6XLKSTSDyhg,SLPY,8ri7XZPaKZjwE5SwVM74ycUszNi8kizLqa9oSkkyZjTx,raydium,1790786119,0.000004183,5944.33,4184,4184,0,93.42,173794.21,173794.21,0,0,1,2,1289,1870,1289,1870,,5.65,-91.7,-91.7,0,1,1,1,CPMM,1790805071,0,0,1,3,594,609,594,609,
1790805019,mXrsF4j1M4SoLvUzq9MiPN2xpGE21kDR2bTSdZipump,BSI,AQcFvbNB8b3hBtxdz6sM7FPPswPwrm25rFLDF1zetpkE,pumpswap,1790786591,0.0002776,126219.7,254967,254967,11.5,1607.39,188915.66,188915.66,71,1,689,49,3616,2316,3616,2316,-0.03,2437,464,464,500,0,1,1,,1790805071,5,1,22,24,1159,1137,1159,1137,100.0
1790805016,CdDrjtJTC9JELJPZNdzo68r1ixGZfndMo1r9hFZFPdEn,LONG,CncNKe4cvaFFX2AX1hRcqiExNekr9RzQn71kahM53S2Q,pumpswap,1790785458,0.000003984,4175.72,3898,3898,0,68.08,830978.79,830978.79,0,0,1,8,7759,7201,7759,7201,,-2.84,-93.06,-93.06,0,0,1,1,,1790805071,,,,,,,,,100.0
1790805017,DtNL8UUfTHsgzLV1mH171p8hH6mgzq7W66eXMYCekHZG,SI,732i71A4H76vpajPaJm6VvfCufBCBXoSDovrrwDhfRij,raydium,1790785167,0.000005871,6996.24,5871,5871,0.01,159.44,129855.1,129855.1,0,1,1,2,877,880,877,880,-0.08,-3.75,-85.47,-85.47,0,0,0,1,CPMM,1790805071,0,1,1,2,418,409,418,409,99.9999999975788
1790805017,E2ujjsdFjh5yiM8jbVc1HeXEeuaQ7q4prNM6RGVppump,USA,FjTA49U1mt6dgNfqFZDYbYk1wMWug8zCGceRrGACH4aW,pumpswap,1790783913,0.000002429,2702.34,2386,2386,0.66,1.93,1265055.29,1265055.29,0,1,2,2,16682,9540,16682,9540,-1.07,0.03,-97.31,-97.31,30,1,1,1,,1790805071,0,1,2,2,7701,7658,7701,7658,100.0
1790805016,Bd9thw3PAeyHeBGSi4R1ARBuptpG5rM4fhB8BRWJkq1e,glungus,7brshHG5ijCodns6PUiA4qWMjqDLowtQE7x1ghwrDZag,pumpswap,1790671701,0.00004623,17690.14,44028,44028,208.25,62920.33,87152.26,122241.11,6,6,558,416,807,607,1281,1010,-0.94,61.36,203,227,0,3,4,1,,1790805071,3,7,286,258,370,337,499,483,100.0
1790805011,2NFEd9AtGc2nguAfYjNjTrMhSaN9DddXK4tJ2iLmY6Bx,POTUS,BmdaT36AHLih19ojHFoEppdjmQaxhKGYY3DK4Ard9eYD,meteoradbc,1790786831,0.00005409,,54097.77,54097.77,0,0,9337.94,9337.94,0,0,0,0,358,381,358,381,,,6.44,6.44,0,0,0,1,,1790805071,0,0,0,0,160,145,160,145,
1790805015,8yb4J6F77qUHEKAycoyEdTzbp9EEYYsDfUSdS61NX55,GMECHAIN,CHWktxjmrNqwvVUhApE3TmqGDvSaaP4demjL4tyYDwZJ,raydium,1790786900,0.000002637,4809.49,2638,2638,0,0,167476.07,167476.07,0,0,0,2,1223,1240,1223,1240,,-0.12,-94.06,-94.06,0,0,0,1,CPMM,1790805071,0,0,0,7,623,616,623,616,99.9999999965682
1790805015,8qGQFYFMBKsKC1ZeLyFSE2X4LL8WUeKd5FYe93H8rwL,Saw,DGQHUTXY8AUEM7QwEDsVGzFdg3E7Uz83fdbLANDENdCo,meteoradbc,1790786896,0.00005403,,54038.49,54038.49,0,0,4814.49,4814.49,0,0,0,0,161,194,161,194,,,5.49,5.49,0,0,0,1,,1790805071,0,0,0,0,101,105,101,105,
1790805013,6bJ2TmjfHQsgYMDT42DtVYwFZEksqWjofSPL8MEtpump,LONG,CxYcxVH7G5Zj54t7qY4EFjscAYKNY4hNSjuY175PKsdF,pumpswap,1790786459,0.000002103,2117.21,2103,2103,0,0,75644.78,75644.78,0,0,0,0,13011,10158,13011,10158,,,-95.77,-95.77,0,0,0,1,,1790805071,0,0,0,0,2456,4446,2456,4446,100.0
1790805013,67pyUBgbBKjMumTz4ZnQp9GaX3ag1JNVAMoLeyMipump,SIC,Eg3QubsCgMz6nCAqSn1YSGns2b9eeveg2jiuWb9RfWcB,pumpswap,1790786732,0.000002448,2611.61,2409,2409,0,1.51,795772.58,795772.58,0,0,0,1,12020,7112,12020,7112,,-0.07,-97.18,-97.18,50,1,2,1,,1790805071,0,0,0,1,5043,4996,5043,4996,100.0
1790805016,BTQSYR7KVFtSw73VBn2MvDb9dbfQu4mPW3EyoRVpump,LEGO,6ZnJoCh2qAapvwmfLjaKXJmBM2wrS4TRz68WCLtMujJX,pumpswap,1790786782,0.000002159,2180.69,2149,2149,0,0,94389.1,94389.1,0,0,0,0,8278,8928,8278,8928,,,-95.67,-95.67,0,0,0,1,,1790805071,0,0,0,0,1568,2093,1568,2093,100.0
1790805013,6m514P7xVYSLgJSydjei7cP6d4WjFHRcCoKcdTuJpump,X,8VqLSy69qyQS4UCaK2rkVC6cwveTkBHYiAohEgkmjSH2,pumpswap,1790786705,0.000002122,2152.89,2112,2112,0,0,162168.82,162168.82,0,0,0,0,11109,17488,11109,17488,,,-95.74,-95.74,0,0,0,1,,1790805071,0,0,0,0,493,2382,493,2382,100.0
1790805011,12AjaFcA1HAMR6SDctsooijm4ixTasYwvoWiKRptd33p,D33P,9yw8FFcJrHxdWe1RPe2mGKkEj2K6DZCgiH163J5d2XNV,meteoradbc,1790787977,0.00004927,,49271.89,49271.89,0,0,27531.01,27531.01,0,0,0,0,228,94,228,94,,,859,859,0,1,1,1,,1790805071,0,0,0,0,174,56,174,56,
1790805012,4JqE6KecmNzSSYfHiWQ5g1rGqCACqYDsxHtcaqMfpump,SB,BcPkC9aaxPVZ21GLN33WiuuzuiPSzJ3iPja1BEMS7KZD,pumpswap,1790788857,0.000002372,2397.05,2289,2289,0,10.51,95998.55,95998.55,0,0,0,2,659,817,659,817,,-0.66,-95.25,-95.25,0,0,1,1,,1790805071,0,0,0,2,268,354,268,354,100.0
1790805018,GJ2QtEsTb2PPhG9KHbA91iheeriY8QyquBn5yL5ScXFC,Solilo,6zXq7vsES39xcguaMcvXAAKKnspyMbDRDDTkfhXDqnry,pumpfun,1790780825,0.000006749,,6749.17,6749.17,2.21,668.38,147149.59,275830.86,0,1,9,8,1472,1170,3230,2627,-0.16,13.88,-47.43,96.44,0,0,1,1,,1790805071,0,1,7,8,595,615,1371,1287,100.0
1790805017,EH9vKKVJJoxULovwZZ5seSot3ofdpeMTxWjE9tCSpump,ZI,8e56Qs85AJMfSmQGwTnfxC4V4swV54rmzSRUndqSGYps,pumpswap,1790791766,0.000002787,2738.89,2657,2657,0,173.35,31587.39,31587.39,0,0,4,6,339,409,339,409,,2.02,-94.31,-94.31,10,0,3,1,,1790805071,0,0,3,6,206,287,206,287,100.0
1790805018,FWQf2kYPxWbggMj5w84H42gSdPcbgDwjt9uwUyYnpump,BI,3Qniv1KQjeredfait1yrbNwxn5hDYAYThMzhqoPYNZuB,pumpswap,1790785740,0.000006700,5614.44,6476,6476,25.1,6445.62,403451.69,403451.69,1,2,50,178,2328,2569,2328,2569,0.04,-80.73,-88.68,-88.68,50,1,1,1,,1790805071,1,5,37,97,1258,844,1258,844,100.0
1790805019,HbEtq8LyYkXNuFU66z7BJi8zbFZWRwiCM2pWGZE6nVCq,BI,F8KMgKUME19EH2D7euFjrxuwV1UYxJLyrWc3gJCh5s8Y,meteoradbc,1790788825,0.00004713,,47138.21,47138.21,0,0,5807.61,5807.61,0,0,0,0,272,314,272,314,,,196,196,0,0,0,1,,1790805071,0,0,0,0,162,140,162,140,
1790805019,J4JnMBaNwE6zM3k23ywmwVBt2uLCB5C8LFTYJzHAHWEM,PEPONS,CT2odbQ5j31GDx89faB3RPTuojjydmSBsucbnkbWbcgP,meteoradbc,1790788691,0.00005979,,59792.53,59792.53,0,0,7992.01,7992.01,0,0,0,0,310,298,310,298,,,35.5,35.5,0,0,0,1,,1790805071,0,0,0,0,166,160,166,160,
1790805015,8kziQWh3mdb3W7YCxYfceJmmYBQZoZm3XMLkeNuWBzzr,SI,2BHySCqE7et1HJ2PLZQ7hAFcpaBshWiWkVRJdEM73ySF,meteoradbc,1790788830,0.00005416,,54164.71,54164.71,0,0,4610.66,4610.66,0,0,0,0,138,159,138,159,,,276,276,0,0,0,1,,1790805071,0,0,0,0,95,112,95,112,
1790805017,EfsyGS6ZUtpQPtaJARMVoF33MxasTTBPUiNZ1dtfpump,Discord,7AVPCkiq3vfSaxUh5YoRkgW67zLVQDURL72YqTGgHzPa,pumpswap,1790788851,0.000002156,2180.29,2156,2156,0,0,109240.67,109240.67,0,0,0,0,9150,9810,9150,9810,,,-95.68,-95.68,0,0,0,1,,1790805071,0,0,0,0,1342,2128,1342,2128,100.0
1790805015,AKAEzc8yF5GVDF9bBUEkvgoQ1Kkxoig3XmT1n1woiLoq,POTUS,ETioaJiQ8pzxKXmKwuaTKX1zA7MfbKMce2Et4nADpb6t,meteoradbc,1790788770,0.00003589,,35897.92,35897.92,0,0,2488.57,2488.57,0,0,0,0,61,54,61,54,,,82.43,82.43,0,0,0,1,,1790805071,0,0,0,0,57,48,57,48,
1790805015,ALdiS7dN9HaRVbFmFaQw4a1evUxUD3r3M8vTc1HngW2u,BI,4WdgSAnovHp7fiZXNAbZXhzZMVxBkp4bVZWRMGwdABkE,pumpswap,1790788427,0.00002162,12680.76,21254,21254,693.39,16728.42,1810728.65,1810728.65,16,10,212,189,16225,15059,16225,15059,4.62,-39.33,-57.71,-57.71,0,0,0,1,,1790805071,19,12,106,131,4784,4284,4784,4284,100.0
1790805013,6ZEaWsvHJ5qeXgaDodZGvPZj3Nxs9ErCt2NkYYt1LFPv,PeaqX,C2qfTYrZ8C8wtQkACigdoEpuzbBwWU1xzEbVbrYkDYTo,raydium,1790734558,0.0001041,29231.92,100923,100923,0,3332.11,13473.91,54001.91,0,0,28,18,129,100,273,321,,-6.04,8.15,108,30,1,2,1,CPMM,1790805059,0,0,13,21,45,80,107,148,99.9899999999999
1790805018,H4r1pbLaDK7bsJLinP32fYqFBBP6CKJPDdEN9kWJk2MV,Private,92yWnKKTzE2Ku8e3ehnSo5Lu6aufXE7dpHpicEWNToyy,pumpswap,1790790931,0.00005786,22557.23,54321,54321,9.46,16911.9,481401.96,481401.96,2,0,136,124,3850,2957,3850,2957,0.75,5.32,-5.34,-5.34,0,0,2,1,,1790805059,,,,,,,,,100.0
1790805011,2RgFFwoaoV7hnvaVXAHDPiBPG7KvJJsff5wNDH2opump,FN,CacSVyT5o2j3WKZvFJ4977vzbUDKq8wf6Sh86wvC8yJu,pumpswap,1790790368,0.000002702,2665.91,2420,2420,0,0,43939.25,43939.25,0,0,0,0,432,476,432,476,,,-94.47,-94.47,0,1,1,1,,1790805059,0,0,1,0,273,319,273,319,100.0
1790805018,FACvJMFBWQ1GYm9dgZ7XHvs85V1EcK2SqHf534kspump,ZYROX,DA5uVLo9YU7wrS8ehuu61ujQkRzGGXSQ2oGdZRn861yg,pumpswap,1790788686,0.000007390,6038.18,7295,7295,51.22,705.78,573714,573714,1,3,26,19,4896,2773,4896,2773,-0.4,13.42,-86.98,-86.98,30,0,2,1,,1790805059,3,3,18,17,2273,1332,2273,1332,100.0
1790805017,EbHLDHnVB8cUTitL6X6eRVZM2E2kYAz6Wy7qRHu4pump,SC,BcPbSPsoqodDzX5B1aTPyCoC6zEzqCWH6fwFAR4srGjj,pumpfun,1790787862,0.00002818,,28181.8,28181.8,3.39,1770.3,57859.43,57859.43,1,1,45,22,738,372,738,372,-0.02,7.03,691,691,100,0,2,1,,1790805059,2,0,37,19,314,173,314,173,100.0
1790805016,Ca5RnSFTTCrJ4khNnPAWVvozytYhHUg8PXnzdsnxoP95,zilli,EUqKY6xx9EFexL8mpZEQbxXCnFd6D8mXhgkMhvukwvKm,raydium,1790770303,0.000009882,9338.7,9883,9883,0,518.5,26942.31,216853.42,0,0,9,11,289,245,2364,1963,,-5.16,3.78,-80.16,0,1,1,1,CPMM,1790805059,1,0,9,5,152,138,1006,1048,99.999999973865
1790805016,BrLhG5DpphFZHE5hhhjY2iZ4HFAfu7e2dXB2h1Czuvba,gs,81vrem5VTEKFDKrYFS9Z54EBXjJvQbgAibz6RZigohWi,pumpswap,1790789368,0.00001536,9840.98,15050,15050,723.33,7261.88,850768.9,850768.9,9,7,91,95,8666,7576,8666,7576,-4.64,7.23,-68.29,-68.29,0,0,1,1,,1790805059,5,9,53,75,3147,3017,3147,3017,100.0
1790805015,9AZutGadmUuXzA3tzqtjxG8ZdtxoaiSZR4MRy3V8qbJF,ELON,C4EA3DSQ55M6WZTg4dYRagxzdgywF8qZJJM1Eo7yBp1M,meteoradbc,1790790159,0.00003531,,35311.18,35311.18,0,0,4917.49,4917.49,0,0,0,0,169,166,169,166,,,80.36,80.36,0,0,0,1,,1790805059,0,0,0,0,132,126,132,126,
1790805015,AgmaGi2HpZ98NmoTiGevAAuGtGe2RGZhLkuNsLkupump,INSIDER,9xtUCLym9k6Sp3NHE93g1G7rT5YDeyuoZL9FQsqDPBaj,pumpswap,1790790368,0.000002229,2245.8,2152,2152,0,0,62977.25,62977.25,0,0,0,0,2499,757,2499,757,,,-95.48,-95.48,0,0,0,1,,1790805071,0,0,0,0,1309,613,1309,613,
1790805019,j1mSfVb9tYLFVyaBuxqW7R5Ebf8symsJ3TfwNsrpump,SW,BUj9pYabjRoa62sVTUC7F4nXJNt5RjPZCHmabVvobE3J,pumpswap,1790790291,0.000002150,2166.6,2151,2151,0,0,76357.04,76357.04,0,0,0,0,1803,3854,1803,3854,,,-95.65,-95.65,0,0,0,1,,1790805071,0,0,0,0,1151,2450,1151,2450,100.0
1790805018,EuMKayGYQfiPL9cY6e6Vu6mKQ9pQJ7zvAqP244gZpump,BI,2MyRUcLLoxnFUscB9hr8cxLYKsQur6wjxSWygJVE3oey,pumpswap,1790790267,0.000002307,2332.35,2298,2298,0,0,176857.39,176857.39,0,0,0,0,16045,11315,16045,11315,,,-95.34,-95.34,0,0,0,1,,1790805071,0,0,0,0,2503,2254,2503,2254,100.0
1790805016,Apma1bWvphKjXtF1ukupVc1kUYsA8jwAsAar26DGcbfo,PEPONS,A72CoagEcqBNfioFDCQNvMtPQkaXfTkVvaBaTWoJUFjx,meteoradbc,1790790170,0.00005900,,59002.64,59002.64,0,0,8333.23,8333.23,0,0,0,0,325,312,325,312,,,34.56,34.56,0,0,0,1,,1790805071,0,0,0,0,161,155,161,155,
1790805016,C5LjFTBeszZEZsQfgwawF4rzdupygG48ATcaj5zcvom7,UI,DzfnubcByqUwVQmVdxeZtdVwN6PNcacoKZVbyobUmRpg,pumpswap,1790792596,0.000003782,3538.56,3342,3342,1.78,75.45,70855.15,70855.15,0,1,4,12,1045,1182,1045,1182,-0.17,-5.19,-92.26,-92.26,0,1,1,1,,1790805059,0,2,3,12,572,679,572,679,100.0
1790805013,5TBCibHHUqAgwsYNACGKrjAH2FQxEzFCiXyBaWpHpump,fam,AWKJYHcS5xTCq871s8YKmea4tDswkMSRzGcXpNQGXc37,pumpswap,1790792487,0.000002555,2566.48,2430,2430,0,8.4,129022.85,129022.85,0,0,1,1,1393,1240,1393,1240,,0.48,-94.69,-94.69,10,1,1,1,,1790805059,0,0,1,1,662,696,662,696,
1790805016,BHFHzyjNrkf3brSktJSv5nqfS3CLVTueZSqGf8mbpump,CA,FqegzzBsTiUr93vSD5BdoJGuSmrR469FWuKzS8ftjcPT,pumpswap,1790791994,0.000008183,6680.72,8006,8006,4,1469.64,1057846.2,1057846.2,0,1,29,50,10294,8561,10294,8561,-0.38,-9.68,-84.25,-84.25,0,1,1,1,,1790805059,0,2,18,46,3559,3278,3559,3278,100.0
1790805019,VSoFduVq3HP7iYZ9H1EruWpdwfGpTcURPwgGwyCS48f,VSOF,ASw2apjb4EvS7zxq1BGtX9wXBBMYqUr5PHEfooq4EfcE,meteora,1790781290,0.007095,140962.4,7095522,7095522,0,1762.72,7473.18,76773.18,0,0,20,6,104,29,105,29,,-0.06,10036,10036,0,1,1,1,DYN2,1790805059,1,0,7,3,12,4,13,4,68.4346876977898
1790805013,6XNdGz7yPugz4ZcWyBssFMkBZ91KmyDeqtjapUJ2pump,art,DUBqksNtrzKiyAQ3rH5MnMkAFz6n9rxFZSt663QMZ9U6,pumpswap,1790790523,0.000006762,5422.61,6401,6401,5.77,453.61,34505.64,34505.64,1,0,9,15,355,429,355,429,1.37,2.8,-86.24,-86.24,0,2,1,1,,1790805059,1,0,8,12,180,211,180,211,100.0
1790805018,EsT61WMFMja6vJYPnXJHv4s9SeEic3bUABrbADPGMRUN,UHI,DEh1SgW6UZoZQXSDxxkSFeSyJqZBdE6EuGwFpPX6xYiU,pumpswap,1790790533,0.00009262,27210.63,90069,90069,458.39,121192.12,885262.66,885262.66,8,11,833,548,7468,13522,7468,13522,-1.41,27.7,91.99,91.99,0,1,1,1,,1790805059,18,26,396,338,2854,2597,2854,2597,100.0
1790805012,39L7idC9SzhzqyACeWBUpCHPXw3PTZ453tfD6pv2pump,ZERO,8Jp29ACdnxEVvtu31GhhXaiFzY9uh5LtYYyBGMq2hzBr,pumpswap,1790791080,0.000003436,3424.99,3357,3357,4.56,9.79,117326.71,117326.71,1,1,2,3,1203,1041,1203,1041,0.03,-0.35,-94.37,-94.37,0,1,1,1,,1790805059,,,,,,,,,
1790805017,DREWigSAqGZ8m8firMRmfU5scjEY5PpjZpwg5eGJpump,POCKET,8YC5hke16CTkaPSob4dVvbF6rQGNVV4SvFm6Wb4SmLu9,pumpswap,1790788593,0.00002005,10840.85,19186,19186,35.04,2862.59,40260.39,40260.39,0,1,22,20,314,359,314,359,-1.76,-32.87,-59.63,-59.63,0,1,1,1,,1790805059,0,1,20,20,203,214,203,214,100.0
1790805012,3sqEKZN4YnkpyRrr3Jrs12ubxGAATARu6rsXJdqKBMLa,CA,D1M8M5crncXcALkiKDXC5Tsk3QvBx2a4rQWaKcakMo6f,meteoradbc,1790792471,0.00005344,,53448.21,53448.21,0,0,5537.35,5537.35,0,0,0,0,296,277,296,277,,,5.97,5.97,0,0,0,1,,1790805059,0,0,0,0,162,173,162,173,
1790805015,AcFUJafmvXUtGXahDiQr4WH1Qoi3q8ER8GBefEhZpump,SI,39YL773oibKssSfv6SCVHU2Fg9yggTJEg8fFTsWY2Q3k,pumpswap,1790792994,0.000003010,2947.71,2549,2549,0,0,65565.51,65565.51,0,0,0,0,443,629,443,629,,,-93.89,-93.89,0,1,1,1,,1790805059,0,0,0,0,273,386,273,386,100.0
1790805013,5Hro5WPCMxcZ3ZHztx5zHoqB1iSMUzetNCHJTqK8pump,SAI,6hcBimKv5H5jv1nQhGj1o5PQG8hSox2sS8sqGcpDLbJ2,pumpswap,1790792313,0.000002125,2144.52,2125,2125,0,0,92123.49,92123.49,0,0,0,0,4494,6044,4494,6044,,,-95.7,-95.7,0,0,0,1,,1790805059,0,0,0,0,1826,2449,1826,2449,100.0
1790805013,6LZ4RXi7N6tRxrYrDZw8HxAvDQVgPmh9LWAP7ettpump,SUPERFONE,BVLDDschEmYXjrEx1YVo4zSwdQCC8LcxFGV6ZYmEu6wF,pumpswap,1790791697,0.000002833,3101.6,2736,2736,0,2.77,911152.77,911152.77,0,0,0,2,3717,3587,3717,3587,,-0.29,-94.26,-94.26,0,0,0,1,,1790805059,0,0,0,2,1218,1214,1218,1214,
1790805015,9JqyeFKSS4YzzASaZ3wRVe9WMNxDJXF2QEWySeDipump,SUPERVRAX,9uT3fnhCgm1GQ4v3iiUGM5i5MgzSNspfz9risYj3TsSp,pumpfun,1790792038,0.00004885,,48853.65,48853.65,0,0,10107.13,10107.13,0,0,0,0,6,0,6,0,,,1360,1360,0,0,0,1,,1790805059,0,0,0,0,4,0,4,0,
1790805016,BizeLNXEQjrTjmtQbNA6Qi22h5HKQe9Gjwys3ZkT1Nc9,ELON,Bq6qtrFcr1GdVhmZYCNKBBi9oeN1MTvET26J66zf9giT,pumpswap,1790789710,0.0003953,65344.28,381135,381135,8602.72,267480.1,1676375.66,1676375.66,58,70,1668,1236,12481,9291,12481,9291,20.73,-27.02,561,561,0,0,0,1,,1790805059,56,67,792,755,2042,1671,2042,1671,100.0
1790805019,JCX5nDG99k1CWB9AttJ3U57NmjSgnCoagFaZhqfEf7Ah,BANDIT,6L2q7ZrUQCzUBm7RHV2w336ZCVVrVGqA6z5oNmQmUidP,pumpswap,1790793667,0.0007871,96012.21,783066,783066,10723.32,439798.68,8900260.28,8900260.28,92,69,2619,2331,51099,42041,51099,42041,-0.33,21.05,1500,1500,0,1,1,1,,1790805059,108,90,1376,1317,14017,11541,14017,11541,100.0
1790805013,4wkmgCy5HLjShuK2W5RUbhgGFzbHN9qopEGM3FUGpump,SIT,HXkyMC9TxgMdWFJWqoim1GWUP4nfLYRAT8oaEoqYASUa,pumpswap,1790791529,0.000002296,2424.17,2258,2258,0,0.25,556596.38,556596.38,0,0,1,0,9012,5740,9012,5740,,1.18,-97.34,-97.34,50,1,2,1,,1790805059,0,0,1,0,4528,4503,4528,4503,100.0
1790805015,AXQuLhRSrZ2vvBQjvt1VZUNrRMp1YvxfpyWd9Zwpump,TIMECUBE,9Bp8feahCwuGWRwASH9PFAjMb7vqqykid1GYTytDMaHD,pumpfun,1790791265,0.000007582,,7582.16,7582.16,29.58,994.25,119400.64,119400.64,1,1,24,11,1173,974,1173,974,-0.76,17.59,91.19,91.19,0,2,2,1,,1790805059,1,1,18,9,615,551,615,551,100.0
1790805018,FgjwkSqMK67Ypxikxvm4PHzyHiSXAcDfuXWqZLey3ieN,AI,8CABThxZMhWLjh4usvcUbNNh6X9HVnydNaWR793s9Kzk,meteoradbc,1790794181,0.00005826,,58263.47,58263.47,0,0,5671.34,5671.34,0,0,0,0,210,202,210,202,,,33.79,33.79,0,0,0,1,,1790805059,0,0,0,0,137,130,137,130,
1790805013,6a7pzJRWEsdnFU7U5mq8wuqvkuRmxX4pSVmueZj9D83T,BANDIT,vQDtKTKwAB7wThoVa9eyXQgmMGMdiWPhUqcsMeUhfKL,meteoradbc,1790794265,0.00005329,,53293.77,53293.77,0,0,5713.73,5713.73,0,0,0,0,306,293,306,293,,,6.11,6.11,0,0,0,1,,1790805059,0,0,0,0,155,175,155,175,
1790805018,G98CWNR7hScbVHM3pmtjDw4mtrZpdT7DxkytvB6hWTA1,PEPONS,6ZUCfxqT4UASSvTpRdMoCEwsP1T6uxDhXagEyscyPM8q,meteoradbc,1790794178,0.00005789,,57899.83,57899.83,0,0,7657.37,7657.37,0,0,0,0,298,308,298,308,,,32.95,32.95,0,0,0,1,,1790805059,0,0,0,0,153,143,153,143,
1790805015,AZXVHqb17yLHv6AMdJsAa4NEpseGYBP8a8reSCZbpump,Grok,5DuQ6qp3Zfn47qmL5QyNDM9E24R7qvrhhFjUcvNiXGbC,pumpswap,1790794287,0.000002188,2198.22,2136,2136,0,0,46867.26,46867.26,0,0,0,0,178,1871,178,1871,,,-95.55,-95.55,0,0,0,1,,1790805059,0,0,0,0,145,1836,145,1836,100.0
1790805012,3FZxe3fSQTzG7NCvnMaAHQ1KJeyAYboxcbsS1ZjfvVYj,SCAPE,Ee43y3rg86jFPZVBedNJVbSn6qnrPhr81qF6VyCNyk88,raydium,1790794868,0.00004277,19628.47,42776,42776,0,46.42,50299.11,50299.11,0,0,1,6,323,366,323,366,,13.81,-15.56,-15.56,0,1,1,1,CPMM,1790805046,0,1,1,5,175,201,175,201,99.9999999994106
1790805016,BLekeyrGWfyBk1YSuwvoSULeh5wVS1EEUfgg2aNbSTNK,AI,7kcbMGRyt8SnGVqFx93JzckV3MPXT1MhJAYJgpzW5w8h,raydium,1790793309,0.00002588,15896.83,25888,25888,182.37,7207.6,1607270.39,1607270.39,2,4,99,99,10162,9571,10162,9571,-4.24,-32.51,-47.11,-47.11,0,0,1,1,CPMM,1790805046,2,5,67,84,3186,2909,3186,2909,99.9999999806673
1790805015,9xnAvqWcuUdwA9Kdff2AGZhnqHazt94ECYCX6hHAnWiK,‮DLROW,FiTrWmzzGKpGStYNUupvr3kB2Wz3Z6s2fKt4WEHBFL71,meteoradbc,1790795988,0.0005553,,555353.86,555353.86,0,0,1767.84,1767.84,0,0,0,0,10,1,10,1,,,10.99,10.99,0,0,0,1,,1790805046,0,0,0,0,9,1,9,1,
1790805011,2cDSVMVX8ad2sbKQejbeqpskkUZyz6fEGBojgxUpks4M,SI,HxstbLKUPcXCPpLxPaSoddQFpy5egoPgCSQxnL9ozGvc,meteoradbc,1790795913,0.00004641,,46418.56,46418.56,0,0,6394.95,6394.95,0,0,0,0,197,238,197,238,,,177,177,0,0,0,1,,1790805046,0,0,0,0,94,102,94,102,
1790805018,FEYNnky1Jp7xfrTnR5U93qBM79RxYkQibzTaR31fdxqS,FEYN,DP7hdCfAt6Ny94b96RjNYSgUSRdfrT9wiDCtVjn6T3bP,pumpswap,1790792629,0.0001066,29212.12,103883,103883,2019.33,26748.69,986949.63,986949.63,12,14,288,181,6449,5360,6449,5360,-13.79,-5.18,118,118,30,2,2,1,,1790805046,12,16,164,144,2773,2339,2773,2339,100.0
1790805017,DCcv8bpGMPjnhkQmmeSmvuEyCnG3yVZ2ZYVhDdeMpump,LV,HiWnSka53xFc1YyWAjXFoWQgRF1f57fA1Aj8VAv5htjP,pumpswap,1790795638,0.000002102,2127.5,2102,2102,0,0,114721.77,114721.77,0,0,0,0,10198,11922,10198,11922,,,-95.72,-95.72,0,0,0,1,,1790805046,0,0,0,0,1121,2368,1121,2368,100.0
1790805015,9rJsqPD1UqeXo1dgPybwTKm7Luga8bXVQ5A3EiYFhfeA,SI,7ecRqpsoJ3A7YsQEyp4HgnjXA4g8AzESfi9rhBNGiWcW,pumpswap,1790795908,0.0002729,52105.99,264386,264386,25250.81,667670.69,3396133.94,3396133.94,207,143,5762,4575,30728,24401,30728,24401,-5.68,-53.36,472,472,0,1,1,1,,1790805046,143,118,2230,2479,9221,7712,9221,7712,
1790805013,68T1FYp5iTudTRue6dUxnxdrm98DmXe5AiCXM5jDpump,SB,HNQ7D1rgCyAjNUJx67iAV4nDoCUbwnxWZUniswFzKjpd,pumpswap,1790795508,0.000002379,2540.54,2332,2332,0,3.63,680910.15,680910.15,0,0,3,0,9832,5038,9832,5038,,0.21,-97.22,-97.22,30,1,1,1,,1790805059,0,0,4,0,3621,3569,3621,3569,100.0
1790805012,3MPnePgPguPF2cNjtGdHeNofSkg9Kn7Pn2vt6kr6pump,LAB,D9U53oJwBRpVEe5aFLp47wKPvsYYCKjwsE8K4ENzszMJ,pumpswap,1790796855,0.00001480,10109.02,14176,14176,881.74,35393.29,392261.32,392261.32,6,9,284,288,3133,2681,3133,2681,-22.45,-79.88,-73.86,-73.86,0,1,1,1,,1790805046,,,,,,,,,100.0
1790805018,F2uBk88FYE1qn9dGT2TfWMjRXPdB7zjkyRRcMFXFpump,BANDIT,DhM4FAxSUMSGJQaYyvSq5QkptNsbzKhPR2yDBxfhcpTM,pumpswap,1790796803,0.000002852,3117.04,2760,2760,1.76,270481.87,1864691.44,1864691.44,0,1,3039,1705,19388,5875,19388,5875,-1.25,-99.45,-94.11,-94.11,0,1,1,1,,1790805046,0,1,943,1336,1907,1920,1907,1920,100.0
1790805013,6YifLyqFUBeGbfscoUpFCabELFuRBejHXFMobKRppump,PAYOUTS,EmZd2ZYunPQ3W9Mtu1iCR7uKKJUhjfbZRGqCU92tSZCE,pumpswap,1790796692,0.00001929,10861.39,18634,18634,0,4415.36,378159.69,378159.69,0,0,102,96,2083,2482,2083,2482,,18.92,-60.57,-60.57,0,1,1,1,,1790805046,2,4,79,93,1022,934,1022,934,100.0
1790805014,7JLkfQV1Fp5ZAMqxJj2jBR61fsMXeHYh2CmE2c9apump,SI,4pZ1pAx5dDCbj1gm9N271ELXek49cYp9qUVLZaB7iPGV,pumpswap,1790796613,0.000003173,3191.48,3041,3041,0,4227.14,98384.7,98384.7,0,0,42,73,517,589,517,589,,-79.64,-94.8,-94.8,0,1,1,1,,1790805046,,,,,,,,,100.0
1790805019,qntUzPUsJ51abNP7VYNxkmsQ4RnvEZAhavUxsCxpxH4,QNT,9WyXYtMDZPVFDNFsPRPA1qgxq64JqFCYg31SMan8Pvaz,raydium,1790797058,288.33,106523.2,554509,554509,23482.02,1114154.04,7220651.33,7220651.33,86,117,5748,4342,36131,34960,36131,34960,-1.18,2.11,-1.52,-1.52,0,0,0,1,CLMM,1790805046,58,100,1914,1603,8893,7554,8893,7554,0.0
1790805018,FVpQvbnA4femQFupLVZfHqLJUDK2jegnu6eJ6YU1pump,BBC News,Ftrc4SJqHnRCD7cbqq2hyAxNzhboNnziYx8XyXjATNg6,pumpswap,1790796608,0.000002078,2098.6,2079,2079,0,0,93189.31,93189.31,0,0,0,0,6588,8128,6588,8128,,,-95.75,-95.75,0,0,0,1,,1790805046,0,0,0,0,477,2170,477,2170,100.0
1790805019,KRUpDHcfn6VkLFPyNAWDyAYn4UAKWzzuGjTc4aw4Vpe,BANDIT,BHaysztSUcB3B1yHN2dgE3jAjNRZYcfWPMfjdonpyuKB,pumpswap,1790794996,0.0001995,0,199512,199512,0,4524692.41,20120690.71,20120690.71,0,0,4161,2784,18718,12450,18718,12450,,61.65,424,424,0,0,0,1,,1790805046,0,0,1594,29,4803,38,4803,38,0.000000000583473961346702
1790805016,CE9u77YGea7MsWK2cXMEcSE8Gpp3dbkWWd8iG4eMpump,inuvestor,EEENNP8xw1W29tfJB2YCjXW1ZS2pjTdqfM7KccixK4Jt,pumpswap,1790799607,0.000002749,2756.27,2640,2640,22.19,136.88,157667.16,157667.16,0,2,4,15,4899,3878,4899,3878,-1.87,3.52,-94.37,-94.37,0,0,1,1,,1790805046,0,2,1,15,4220,3309,4220,3309,100.0
1790805018,FTa2QkKrc1oSkLciZCMS1o6zpRB1L8TZVkiPy56VQX4u,TEXTR,57sTxsma1pbg85XfjZiqpUrbnVbiBoRBsSMrybSpsc4u,pumpswap,1790799059,0.000003268,3178.66,3126,3126,24.65,1114.56,177271.49,177271.49,0,1,18,28,2390,1757,2390,1757,-1.02,-12.37,-92.96,-92.96,0,1,1,1,,1790805046,0,1,9,31,1020,1012,1020,1012,100.0
1790805014,6weQ1xmYGVDnCe2R3CdRDX5BvXPDg4G2TJhABa8Vpump,DRUG,9ZDCPk4UifwASL8siGtXPmRhhCih8PrF1brDpttnLv3n,pumpswap,1790798383,0.00002453,12312.19,22955,22955,1808.63,94407,203765.77,203765.77,26,27,1096,841,2165,3018,2165,3018,22.5,-48.68,-48.29,-48.29,0,1,1,1,,1790805046,19,19,464,421,879,809,879,809,100.0
1790805012,4Xfph5jWxEj3zzPTsDNPJtJbf24LizaqPQGohodJZ1PV,Quamfy,He5LqnjT4HMgdj4gxMCbCJAhfUZkU2zf9aPkKWgjTb3g,raydium,1790797811,0.0001467,36281.68,146762,146762,2979.68,116288.6,1411105.25,1411105.25,33,18,754,594,8393,7730,8393,7730,8.55,-14.47,194,194,0,0,0,1,CPMM,1790805046,20,32,352,337,2861,3289,2861,3289,
1790805016,C2HoCAu1nDhV4Zi3ySpez9HXzG9PwMnVLLRTrNzr4NdC,SI,3BF2Au4L4zv7QhRkkXMas6Xs48mYHqMDqytC7UAWjRW9,raydium,1790794984,0.00003267,16419.56,32679,32679,5059.89,23254.04,90777.37,90777.37,9,8,53,58,535,576,535,576,0.92,-2.01,-35.01,-35.01,30,1,0,1,CPMM,1790805046,11,9,42,33,222,186,222,186,99.999999989323
1790805012,3rG2YyNY9py43BKgASfshThdLCjwrT69e9UN9dFGtRgc,NOKO,BZSU7tHnJbvycFvhuZ7rQXQjW3LoUHxYAv4TTR1j2Yrv,meteoradbc,1790799597,0.00005291,,52915.69,52915.69,0,0,3475.54,3475.54,0,0,0,0,165,148,165,148,,,6.11,6.11,0,0,0,1,,1790805046,0,0,0,0,118,129,118,129,
1790805011,14qyPSHXMYBvhF95yZmyQFBbwsFcvLwaCvCDUZD77pRj,BANDIT,GnwXBstRbyUtcxejjqmw2pcuQnzHghPyLCKPoq4ftUxE,pumpswap,1790796499,0.000002041,0,204103,204103,0,3711738.19,17796874.58,17796874.58,0,0,3255,2263,17185,11053,17185,11053,,5.87,159,159,0,0,0,1,,1790805046,0,0,1059,51,5017,68,5017,68,0.0000000000393378064490832
1790805018,GjrhXcr8YzUZBbu5rifdqM5CPBS4LFJveq3ZiY2u3g5G,Meridian,6xLfdSfHgxHSLgFt58BTv9z35qsGbmpqLdMU2FwsG2Tf,pumpswap,1790799213,0.0002543,45695.25,244729,244729,16838,227585.33,649997.5,649997.5,115,107,1821,1292,5672,4245,5672,4245,3.47,324,426,426,0,0,0,1,,1790805046,88,78,736,625,2019,1653,2019,1653,100.0
1790805018,EtnVZjvrZwcU5AL5p2y5dHR845U3fWs2DjQbmDG4pump,MIT,9WCasM6maveiCYqqjn9bmjZpBLwTCmnqwV9eRVm4ZjES,pumpswap,1790799140,0.000002088,2105.18,2088,2088,0,0,80550.31,80550.31,0,0,0,0,4175,7867,4175,7867,,,-95.72,-95.72,0,0,0,1,,1790805046,0,0,0,0,408,2270,408,2270,100.0
1790805012,2y4vg5Top1BYYQ2xiEc472xQ2Q6Bte31Cya8LyHCpump,RIVAL,8Z6MCjzD62SaJhpMejMZCNDzEFcRE5XXHCKmGQhy5g6C,pumpswap,1790800289,0.00002825,13255.23,26651,26651,612.94,12931.54,81660.87,81660.87,3,8,59,87,363,384,363,384,-8.26,6.45,-42.3,-42.3,0,1,1,1,,1790805034,3,6,43,55,257,234,257,234,100.0
1790805012,39eBixffUCh2GqF8sEE9fZ1rqoeP2HxNsstN5X5ppump,AHOY,6X2DJ4sAq6fYkUwz2Q5PWEJ4KfSUqzcUD5WRhmTV9zD4,pumpswap,1790799673,0.00003653,16994.81,34623,34623,234.19,5713.58,93338.52,93338.52,6,2,88,56,933,707,933,707,1.12,21.75,-34.24,-34.24,0,1,2,1,,1790805034,7,2,50,39,50,39,50,39,100.0
1790805015,8nSQRjqWKuLYfLgdvYaYm63hBoiKSZvGqN7yVaHMfc8q,Qubit,4pw33MzUncQx9EejM7veokeXayx5RNb7nzBE71FUnMyQ,raydium,1790800727,0.00001799,12392.47,17994,17994,2055.69,72177.64,267002.17,267002.17,30,16,601,574,2078,1877,2078,1877,31.5,-53.48,-58.62,-58.62,0,1,1,1,CPMM,1790805034,15,18,344,314,941,1003,941,1003,99.999999987984
1790805013,5HEe8hq8KcU8rvKv7U5YQ7qZndZkijUcgJzCjMVS2Unb,DEADGUY,CLn6Vf2zbgWdx4j7e6s414E2RfnTG66Z4GbV8jeHz8v4,pumpswap,1790802520,0.000002403,2401.87,2403,2403,2.65,39144.96,39144.96,39144.96,0,1,394,1716,394,1716,394,1716,-0.47,-95.05,-95.05,-95.05,0,0,1,1,,1790805034,0,1,299,368,299,368,299,368,100.0
1790805016,BMV3814kSvciwuCmrq3Za5u6Hiwqp6RVAvbbKvZEpump,saru,6GEipaHyLmHKjpEdNKsJHe88fT9tVLgzcHhV19M9z5WY,pumpfun,1790800082,0.000007251,,7251.01,7251.01,1788.69,89826.88,190620.66,190620.66,10,30,825,728,1910,1540,1910,1540,-35.31,-76.09,88.96,88.96,0,0,1,1,,1790805034,14,33,397,417,914,812,914,812,100.0
1790805016,B7yfFFkX4NtxtQwGdegi2DuaVssitc3FGpqF2pxUH1zM,PUMPKINU,5YzMhNDv7X6NCyxoF2HvRGw55cs7x2cjNoRpoHFn9S5o,pumpswap,1790798075,0.0002394,44439.1,236094,236094,6689.75,69409.86,693421.28,693421.28,50,61,968,1222,1305,1646,1305,1646,6.99,55.55,140,140,50,1,1,1,,1790805034,45,37,673,262,914,439,914,439,100.0
1790805012,3Gaoc2AAgtSa4w6FQqVLmz8o1MD25t7Vfm5wcw2nmono,HOTSHIBA,CTKuberULrqDGopPtJFTuT73DEFGE49wX5HzS588u7uj,meteoradbc,1790801156,0.00004077,,40779.64,40779.64,0,0,2643.4,2643.4,0,0,0,0,89,105,89,105,,,164,164,0,0,0,1,,1790805034,0,0,76,77,76,77,76,77,
1790805012,4S4FnznaJ1kCn2VLFxx7dfh24HAy8FkaPNZHjcCZ5tku,SI,7cSj6nvYjFnB5vuVQoVHGPp1qD81oC1HVeKWfAXcLKhH,pumpswap,1790801203,0.00001911,0,19112,19112,0,190597.86,243599.67,243599.67,0,0,811,455,1107,585,1107,585,,-8.75,40.3,40.3,0,0,0,1,,1790805046,0,0,529,110,529,110,529,110,100.0
1790805011,21JktygSUu1km1Uos6yBkE6pizKBmCUnmDhaKBZbgqw3,Nike,F3AX1mKDUH8t2D5rnpmw1mA9yJBxpZi1C16J3dUPFhzr,meteoradbc,1790801195,0.00004713,,47131.09,47131.09,0,0,7818.86,7818.86,0,0,0,0,422,460,422,460,,,200,200,0,0,0,1,,1790805046,0,0,193,180,193,180,193,180,
1790805013,5u4PumfL9ceeNXHByNjBmzoAdvmarR4J4MdzUSKiAUR5,SI,DjnBDzuPhKdhEEx3ZFGjrR6PScpVtzgtsEhBQ2yMuirx,meteoradbc,1790801182,0.00005306,,53069.08,53069.08,0,0,4653.73,4653.73,0,0,0,0,238,221,238,221,,,5.94,5.94,0,0,0,1,,1790805046,0,0,145,152,145,152,145,152,
1790805012,3v4FdwQVLWKGepzX7MstykeJZkCfMaS6W6ASRjiKpump,HOTSHIBA,FhMsRGE5i734whpdCV5JmeDJET8CFCXDboPpRRujPvoi,pumpfun,1790800867,0.00004847,,48475.64,48475.64,0,0,10028.93,10028.93,0,0,0,0,6,0,6,0,,,456,456,0,1,1,1,,1790805046,0,0,0,0,5,0,5,0,
1790805011,2dTGg7tybAVYi81qg1ETfbGXKKGA77of3d8rBjKcE4N2,SI,z6yuzgMZNEAdjkG3zyDNPNm7BzXAkTRzXH5pT8PkuN7,pumpswap,1790801106,0.00005299,19225.72,52168,52168,723.3,105748.93,269882.44,269882.44,0,10,770,635,1805,1568,1805,1568,-12.78,-54.04,5.6,5.6,0,0,1,1,,1790805046,0,11,429,439,967,842,967,842,100.0
1790805016,BSgjBS4TuxsUNYjyqo7mLNxPrh12zTDZt2re2CLECUue,GTA 7 VII,D13ta2xWMHHhG25WHi3smUtqQygVs71wg3u1nrmQmjcQ,pumpswap,1790800721,0.000002087,2102.75,2088,2088,0,64367.25,111609.02,111609.02,0,0,2915,4595,8270,8530,8270,8530,,-99.74,-95.74,-95.74,0,0,0,1,,1790805046,0,0,335,2538,400,2577,400,2577,100.0
1790805018,Eq8yd78WXjHKRksRpqzXUSDDdzwcV9mdjCBqThkqyY3q,INUINUINUINUINUINUINUINUINUINUINUINUINUI,6XP93srUjoeR3fyubi6ehRkNBoLDVUdnj2n1uNfFkgsG,raydium,1790800152,0.00004019,19178.37,40197,40197,3564.41,460309.43,711189.52,711189.52,30,31,2734,2416,4613,3960,4613,3960,21.98,-76.12,-17.63,-17.63,0,0,0,1,CPMM,1790805046,28,31,1238,1183,1944,1728,1944,1728,99.9999999976034
1790805011,253ru1evxbU7zfKZwGAh458Np3ADtNMuWDqPhvwY8Cj8,Rocket,bKcJn28u6QvBC6MpzJqdj7bCQYMAZMU26ueNb4tWZcS,pumpswap,1790802175,0.00001140,8454.45,11219,11219,1687.11,1513303.12,1513303.12,1513303.12,54,56,14189,12378,14189,12378,14189,12378,1.53,-76.14,-76.14,-76.14,0,1,1,1,,1790805034,41,50,4660,4226,4660,4226,4660,4226,100.0
1790805012,3cy7hHiJK5AzzhAp9bTNppUDMLRV5SzGnbTA7agSwr8x,Inuween,89yZQ49MzCBP2u3Lr7aA54qD8Gwhne9MPA4XVRjmtyv2,pumpswap,1790803925,0.000003534,3348.76,3534,3534,129.52,27435.51,27435.51,27435.51,0,10,241,455,241,455,241,455,-9.85,-92.72,-92.72,-92.72,0,0,1,1,,1790805034,0,7,165,261,165,261,165,261,100.0
1790805013,59PXVfJ28HLYpdYLz8rt8ziE9EWbK4mS8xvq38NUQ1Be,REPOING,FHw49kTEEjzBhRuMff9F1Xw1bLcBpwvsaSboaAWpAcaT,meteora,1790628834,0.0001566,36915.62,156653,156653,169.55,1384.47,12188.75,110153.32,2,1,17,10,123,111,780,722,-1.81,-9.54,-12.27,47.97,10,2,1,1,DYN2,1790805034,2,1,14,10,82,83,330,313,37.1441931883803
1790805013,5CqkawbaZazdhVRgkzDnpKB8o89wWuB6wnmCYKKZpump,SI,5DjeVRWNj2m6eWMBg4r3zFs5daGnH3Y4szeBLdyf5DbE,pumpswap,1790803172,0.0001914,38324.07,191407,191407,10804.59,193426.33,193426.33,193426.33,366,203,2830,1245,2830,1245,2830,1245,20,291,291,291,0,0,0,1,,1790805034,215,104,1812,469,1812,469,1812,469,100.0
1790805017,Epr2pWiHAMejNew1F73AzLoXzmc5gU22LZJSzykbJjdf,Quant,8QFyE9NDq2iLoBcMQxMQGfVtD1QnvpBZfMFGmvmtcrFs,meteoradbc,1790803139,0.00003603,,36034.9,36034.9,0,1359.72,1359.72,1359.72,0,0,5,0,5,0,5,0,,148,148,148,0,0,0,1,,1790805034,0,0,5,0,5,0,5,0,
1790805012,38BjCQtiu5N8EpdnVzpGWwDUpWzjdT1nuew4NjUtsu9G,UHI,8ZA9EeP1Wtc2Roduzz9igoEKeEAyXgc9P7AtDgo9kdm6,meteoradbc,1790803044,0.00005901,,59012.69,59012.69,0,5896.56,5896.56,5896.56,0,0,225,198,225,198,225,198,,35.76,35.76,35.76,0,0,0,1,,1790805034,0,0,145,122,145,122,145,122,
1790805017,E3JxR7yuQU7PoWuPfrQjRY38RDBH3EirhcXJrt2Qr9j6,Chungus,5QQ56vwqYFpb1gsr4f5VVMLKGe9yTef61av1mDtNS1tU,meteoradbc,1790803184,0.00004610,,46105.64,46105.64,0,4906.87,4906.87,4906.87,0,0,215,263,215,263,215,263,,198,198,198,0,0,0,1,,1790805034,0,0,136,126,136,126,136,126,
1790805015,AgwKsgtTAML6dkJvnjoStx6Gk7FpCuqLrg3pMr9HvdnY,Yuri,2SakVDQw1HW3iZB5phnb34XR3gaaPnF1VMcMy57bdmH4,pumpswap,1790802521,0.000007006,5794.47,7006,7006,2462.31,610343.73,610343.73,610343.73,28,47,6917,6872,6917,6872,6917,6872,-25.92,-85.37,-85.37,-85.37,0,0,0,1,,1790805034,23,42,2764,2634,2764,2634,2764,2634,100.0
1790805014,6wD6k5oVL67m463945fBGnaExFkRmfgTFtFDed1fpump,Nike,HDVYRRwQh47h8r5iEHj19cFFFcKLT1je4t93RHx7xDPn,pumpswap,1790802656,0.000002106,2133.98,2107,2107,7.5,130701.43,130701.43,130701.43,2,1,13199,14635,13199,14635,13199,14635,-1.07,-95.71,-95.71,-95.71,0,0,0,1,,1790805034,1,1,1057,2379,1057,2379,1057,2379,100.0
1790805019,HmYAF9xYtZUMCnbAdL6pu2ZS6qsXVUGEvLETut5Zpump,S/ACC,HQs8pHkvvdDq83dHbwxVMbk9Jf9gymQxorGVQABctWop,pumpfun,1790802950,0.00004848,,48487.97,48487.97,0,10031.48,10031.48,10031.48,0,0,8,0,8,0,8,0,,1368,1368,1368,0,0,0,1,,1790805034,0,0,8,0,8,0,8,0,
1790805018,GQo6fhPdC2iAJH56H6k1hbbALsH4Y7ZxDQu2hZK1pump,SSC,36YnyWbiMXJAkk7rtTjbBDFiurRQcq1k6U23RyevoHTX,pumpswap,1790802316,0.000002333,2467.52,2332,2332,19.71,650663.22,650663.22,650663.22,1,0,8271,5668,8271,5668,8271,5668,2.14,-97.27,-97.27,-97.27,30,1,2,1,,1790805034,1,0,4307,4290,4307,4290,4307,4290,100.0
1790805013,6kwpB2izefjsJw6vaaEzzfVuMonsxPQrvj1UFnzypump,Anthropic,B8PMUK49mYdirjzbKfnnhKStFKA1cJWZvAh2Eh3htQ2,pumpswap,1790801681,0.000002124,2150.53,2124,2124,0,142647.01,142647.01,142647.01,0,0,13747,15022,13747,15022,13747,15022,,-95.67,-95.67,-95.67,0,0,0,1,,1790805034,0,0,507,2191,507,2191,507,2191,100.0
1790805018,Fw5eCzAH1zgNtWpjPK8JEs4KvMG5PLUjK9m6YYfLpump,JACKPOT,BYuTwzHSfG2HYegNhT3XBccZZMGGZk9aCaxxtD5K3584,pumpfun,1790804421,0.00002088,,20885.74,20885.74,19699.71,69193.89,69193.89,69193.89,259,242,883,619,883,619,883,619,-21.29,474,474,474,0,1,1,1,,1790805034,132,146,539,407,539,407,539,407,100.0
1790805018,GVeQ82oyUZzHhULUWtE73wwGdiiypyDVpMspxBFVpump,SI,7Vnsr9gVMfTYKKgfDC3g2dWkFuHeFBDFswUrvQfqbKjH,pumpswap,1790803920,0.0002596,45349.43,259679,259679,98367.62,375034.31,375034.31,375034.31,1204,315,4844,1109,4844,1109,4844,1109,48.25,204,204,204,30,1,1,1,,1790805034,999,246,3201,709,3201,709,3201,709,100.0
1790805017,EAEDRr9Cagu1RtkU91k7bq2SusF4ZWuuhMFXeH5Mpump,Pochita,HUFGLWVv3z7niDDnpbP5svFjMEq8CLeGVYkxa6BaMCqs,pumpfun,1790803726,0.00004012,,40128.15,40128.15,15540.39,89883.44,89883.44,89883.44,218,173,926,706,926,706,926,706,27.42,1084,1084,1084,10,0,2,1,,1790805034,204,93,653,394,653,394,653,394,100.0
1790805012,4bfjHq4LQCm9F4ukNGAce63aScgMftdoERRdFRmJ5UNg,POM,3qiwY9nsRYFXymjvjj1nLbo6AavyiTanoMc3uwTz3o7D,pumpfun,1790801996,0.00002305,,23054.93,23054.93,1122.99,89581.29,89581.29,89581.29,11,7,819,556,819,556,819,556,-0.73,75.85,75.85,75.85,0,1,1,1,,1790805034,,,,,,,,,100.0
1790805019,HpyRH91gxwDKmjcN7UjPpSFLBXA86yGodgaJYrRK3HT,QUANT,EXe7eEuHnKTiR5rC4XdnZt1bVuMVgVx9TaC5j3WPxb7f,raydium,1790803122,0.00003814,17938.39,38145,38145,7399.66,228684.92,228684.92,228684.92,87,41,1332,992,1332,992,1332,992,17.98,-18.12,-18.12,-18.12,0,0,1,1,CPMM,1790805034,56,75,571,482,571,482,571,482,99.9999999880149
1790805012,2v7NRcqbnUHtfKW7czFn9SjDCoAcobWW66PkVKCYRLTM,DIGINU,mKsfYFwc1RNNQCtQozdiUtVHnGBEZuzxMgduojVdUqQ,pumpswap,1790801436,0.00006056,20981.47,59181,59181,50.67,369761.78,369761.78,369761.78,1,1,407,308,407,308,407,308,-0.41,-9.51,-9.51,-9.51,10,0,1,1,,1790805034,1,2,345,205,345,205,345,205,100.0
1790805019,J1mQHsCGiFhoMmzMj59rYnXtkdoCW59HBNV2Jzt4r4S9,PEDRO,2qChtcq4nokZC1q3tfrnArxc9KnnhZQvi2dEroyyvJJm,pumpswap,1790803417,0.00007270,23364.25,72705,72705,14178.19,505257.98,505257.98,505257.98,165,157,6103,5112,6103,5112,6103,5112,-2.49,52.4,52.4,52.4,0,0,2,1,,1790805034,169,166,2552,2113,2552,2113,2552,2113,100.0
1790805017,D49Nz26JAA2RNvenmpsPsqu4ykqwAAL3CwbmUzX3Rvtv,SI,4YQLiZoXEZ9eJvYx1za89H7dhjDdP8GnwzuCib8XxbaK,meteoradbc,1790804862,0.00007955,,79551.29,79551.29,3115.11,3115.11,3115.11,3115.11,73,90,73,90,73,90,73,90,429,429,429,429,0,0,0,1,,1790805034,66,67,66,67,66,67,66,67,
1790805016,Ccj3t7fMVcgMVikyerWKKWwMvfKKzxhfXt98HpzWmPKr,INUFLATION,9gmKMHZ6Zzh8cb9ciZpjYpQefmptjZfvDHYitaLMhv6F,meteoradbc,1790804870,0.00003516,,35162.42,35162.42,6882.83,6882.83,6882.83,6882.83,186,219,186,219,186,219,186,219,81.21,81.21,81.21,81.21,0,0,0,1,,1790805034,130,120,130,120,130,120,130,120,
1790805012,3sEzW2nJw2qpBCfQtTeWMCy2ssZAD5FGe9vFGfeVwGuD,boobs,4rb4dMAjB7y9XNx7htrkFVzRqN7KQC2oHMpLa7jJxECB,meteoradbc,1790804864,0.00003596,,35968.08,35968.08,1358.52,1358.52,1358.52,1358.52,4,0,4,0,4,0,4,0,148,148,148,148,0,0,0,1,,1790805034,4,0,4,0,4,0,4,0,
1790805018,GXLPgdSKCxRwiD2xALcCjmfwaVsq4wi3ENx5tB9Bpump,boobs,2KdEpT3Wo2k2kpEDBFCvZrugnMZeXJN1wV1XA5ZrtPAK,pumpswap,1790804804,0.00007624,23311.88,76240,76240,133375.61,133375.61,133375.61,133375.61,1677,1404,1677,1404,1677,1404,1677,1404,55.45,55.45,55.45,55.45,0,0,1,1,,1790805034,1165,852,1165,852,1165,852,1165,852,100.0
